source_region_id,source_region_name,parent_region_id,parent_region_name,hemisphere,biological_base_name,granularity_level,species_taxon_id,canonical_candidate,circuit_discovery_eligible,normalized_name_en,normalized_name_zh,name_en_status,name_zh_status,identity_note
JULICH_BRAIN_CYTOARCHITECTONIC_ATLAS_V3_1_VP_VENTRAL_PALLIDUM_RIGHT,VP (Ventral Pallidum) right,JULICH_BRAIN_CYTOARCHITECTONIC_ATLAS_V3_1_VP_VENTRAL_PALLIDUM,VP (Ventral Pallidum),right,VP (Ventral Pallidum),G4_MICROSTRUCTURAL_FINE,9606,true,true,VP (Ventral Pallidum) right,,source,MISSING,Julich-Brain v3.1 leaf; hemisphere-specific G4 candidate
JULICH_BRAIN_CYTOARCHITECTONIC_ATLAS_V3_1_VP_VENTRAL_PALLIDUM_LEFT,VP (Ventral Pallidum) left,JULICH_BRAIN_CYTOARCHITECTONIC_ATLAS_V3_1_VP_VENTRAL_PALLIDUM,VP (Ventral Pallidum),left,VP (Ventral Pallidum),G4_MICROSTRUCTURAL_FINE,9606,true,true,VP (Ventral Pallidum) left,,source,MISSING,Julich-Brain v3.1 leaf; hemisphere-specific G4 candidate
JULICH_BRAIN_CYTOARCHITECTONIC_ATLAS_V3_1_FUCD_VENTRAL_STRIATUM_FUNDUS_OF_CAUDATE_NUCLEUS_RIGHT,"FuCd (Ventral Striatum, Fundus of Caudate Nucleus) right",JULICH_BRAIN_CYTOARCHITECTONIC_ATLAS_V3_1_FUCD_VENTRAL_STRIATUM_FUNDUS_OF_CAUDATE_NUCLEUS,"FuCd (Ventral Striatum, Fundus of Caudate Nucleus)",right,"FuCd (Ventral Striatum, Fundus of Caudate Nucleus)",G4_MICROSTRUCTURAL_FINE,9606,true,true,"FuCd (Ventral Striatum, Fundus of Caudate Nucleus) right",,source,MISSING,Julich-Brain v3.1 leaf; hemisphere-specific G4 candidate
JULICH_BRAIN_CYTOARCHITECTONIC_ATLAS_V3_1_FUCD_VENTRAL_STRIATUM_FUNDUS_OF_CAUDATE_NUCLEUS_LEFT,"FuCd (Ventral Striatum, Fundus of Caudate Nucleus) left",JULICH_BRAIN_CYTOARCHITECTONIC_ATLAS_V3_1_FUCD_VENTRAL_STRIATUM_FUNDUS_OF_CAUDATE_NUCLEUS,"FuCd (Ventral Striatum, Fundus of Caudate Nucleus)",left,"FuCd (Ventral Striatum, Fundus of Caudate Nucleus)",G4_MICROSTRUCTURAL_FINE,9606,true,true,"FuCd (Ventral Striatum, Fundus of Caudate Nucleus) left",,source,MISSING,Julich-Brain v3.1 leaf; hemisphere-specific G4 candidate
JULICH_BRAIN_CYTOARCHITECTONIC_ATLAS_V3_1_ACBM_VENTRAL_STRIATUM_MEDIAL_ACCUMBENS_RIGHT,"AcbM (Ventral Striatum, Medial Accumbens) right",JULICH_BRAIN_CYTOARCHITECTONIC_ATLAS_V3_1_ACBM_VENTRAL_STRIATUM_MEDIAL_ACCUMBENS,"AcbM (Ventral Striatum, Medial Accumbens)",right,"AcbM (Ventral Striatum, Medial Accumbens)",G4_MICROSTRUCTURAL_FINE,9606,true,true,"AcbM (Ventral Striatum, Medial Accumbens) right",,source,MISSING,Julich-Brain v3.1 leaf; hemisphere-specific G4 candidate
JULICH_BRAIN_CYTOARCHITECTONIC_ATLAS_V3_1_ACBM_VENTRAL_STRIATUM_MEDIAL_ACCUMBENS_LEFT,"AcbM (Ventral Striatum, Medial Accumbens) left",JULICH_BRAIN_CYTOARCHITECTONIC_ATLAS_V3_1_ACBM_VENTRAL_STRIATUM_MEDIAL_ACCUMBENS,"AcbM (Ventral Striatum, Medial Accumbens)",left,"AcbM (Ventral Striatum, Medial Accumbens)",G4_MICROSTRUCTURAL_FINE,9606,true,true,"AcbM (Ventral Striatum, Medial Accumbens) left",,source,MISSING,Julich-Brain v3.1 leaf; hemisphere-specific G4 candidate
JULICH_BRAIN_CYTOARCHITECTONIC_ATLAS_V3_1_ACBL_VENTRAL_STRIATUM_LATERAL_ACCUMBENS_RIGHT,"AcbL (Ventral Striatum, Lateral Accumbens) right",JULICH_BRAIN_CYTOARCHITECTONIC_ATLAS_V3_1_ACBL_VENTRAL_STRIATUM_LATERAL_ACCUMBENS,"AcbL (Ventral Striatum, Lateral Accumbens)",right,"AcbL (Ventral Striatum, Lateral Accumbens)",G4_MICROSTRUCTURAL_FINE,9606,true,true,"AcbL (Ventral Striatum, Lateral Accumbens) right",,source,MISSING,Julich-Brain v3.1 leaf; hemisphere-specific G4 candidate
JULICH_BRAIN_CYTOARCHITECTONIC_ATLAS_V3_1_ACBL_VENTRAL_STRIATUM_LATERAL_ACCUMBENS_LEFT,"AcbL (Ventral Striatum, Lateral Accumbens) left",JULICH_BRAIN_CYTOARCHITECTONIC_ATLAS_V3_1_ACBL_VENTRAL_STRIATUM_LATERAL_ACCUMBENS,"AcbL (Ventral Striatum, Lateral Accumbens)",left,"AcbL (Ventral Striatum, Lateral Accumbens)",G4_MICROSTRUCTURAL_FINE,9606,true,true,"AcbL (Ventral Striatum, Lateral Accumbens) left",,source,MISSING,Julich-Brain v3.1 leaf; hemisphere-specific G4 candidate
JULICH_BRAIN_CYTOARCHITECTONIC_ATLAS_V3_1_FUP_VENTRAL_STRIATUM_FUNDUS_OF_PUTAMEN_RIGHT,"FuP (Ventral Striatum, Fundus of Putamen) right",JULICH_BRAIN_CYTOARCHITECTONIC_ATLAS_V3_1_FUP_VENTRAL_STRIATUM_FUNDUS_OF_PUTAMEN,"FuP (Ventral Striatum, Fundus of Putamen)",right,"FuP (Ventral Striatum, Fundus of Putamen)",G4_MICROSTRUCTURAL_FINE,9606,true,true,"FuP (Ventral Striatum, Fundus of Putamen) right",,source,MISSING,Julich-Brain v3.1 leaf; hemisphere-specific G4 candidate
JULICH_BRAIN_CYTOARCHITECTONIC_ATLAS_V3_1_FUP_VENTRAL_STRIATUM_FUNDUS_OF_PUTAMEN_LEFT,"FuP (Ventral Striatum, Fundus of Putamen) left",JULICH_BRAIN_CYTOARCHITECTONIC_ATLAS_V3_1_FUP_VENTRAL_STRIATUM_FUNDUS_OF_PUTAMEN,"FuP (Ventral Striatum, Fundus of Putamen)",left,"FuP (Ventral Striatum, Fundus of Putamen)",G4_MICROSTRUCTURAL_FINE,9606,true,true,"FuP (Ventral Striatum, Fundus of Putamen) left",,source,MISSING,Julich-Brain v3.1 leaf; hemisphere-specific G4 candidate
JULICH_BRAIN_CYTOARCHITECTONIC_ATLAS_V3_1_CH_4_BASAL_FOREBRAIN_RIGHT,Ch 4 (Basal Forebrain) right,JULICH_BRAIN_CYTOARCHITECTONIC_ATLAS_V3_1_CH_4_BASAL_FOREBRAIN,Ch 4 (Basal Forebrain),right,Ch 4 (Basal Forebrain),G4_MICROSTRUCTURAL_FINE,9606,true,true,Ch 4 (Basal Forebrain) right,,source,MISSING,Julich-Brain v3.1 leaf; hemisphere-specific G4 candidate
JULICH_BRAIN_CYTOARCHITECTONIC_ATLAS_V3_1_CH_4_BASAL_FOREBRAIN_LEFT,Ch 4 (Basal Forebrain) left,JULICH_BRAIN_CYTOARCHITECTONIC_ATLAS_V3_1_CH_4_BASAL_FOREBRAIN,Ch 4 (Basal Forebrain),left,Ch 4 (Basal Forebrain),G4_MICROSTRUCTURAL_FINE,9606,true,true,Ch 4 (Basal Forebrain) left,,source,MISSING,Julich-Brain v3.1 leaf; hemisphere-specific G4 candidate
JULICH_BRAIN_CYTOARCHITECTONIC_ATLAS_V3_1_BST_BASAL_FOREBRAIN_BED_NUCLEUS_RIGHT,"BST (Basal Forebrain, Bed Nucleus) right",JULICH_BRAIN_CYTOARCHITECTONIC_ATLAS_V3_1_BST_BASAL_FOREBRAIN_BED_NUCLEUS,"BST (Basal Forebrain, Bed Nucleus)",right,"BST (Basal Forebrain, Bed Nucleus)",G4_MICROSTRUCTURAL_FINE,9606,true,true,"BST (Basal Forebrain, Bed Nucleus) right",,source,MISSING,Julich-Brain v3.1 leaf; hemisphere-specific G4 candidate
JULICH_BRAIN_CYTOARCHITECTONIC_ATLAS_V3_1_BST_BASAL_FOREBRAIN_BED_NUCLEUS_LEFT,"BST (Basal Forebrain, Bed Nucleus) left",JULICH_BRAIN_CYTOARCHITECTONIC_ATLAS_V3_1_BST_BASAL_FOREBRAIN_BED_NUCLEUS,"BST (Basal Forebrain, Bed Nucleus)",left,"BST (Basal Forebrain, Bed Nucleus)",G4_MICROSTRUCTURAL_FINE,9606,true,true,"BST (Basal Forebrain, Bed Nucleus) left",,source,MISSING,Julich-Brain v3.1 leaf; hemisphere-specific G4 candidate
JULICH_BRAIN_CYTOARCHITECTONIC_ATLAS_V3_1_CH_123_BASAL_FOREBRAIN_RIGHT,Ch 123 (Basal Forebrain) right,JULICH_BRAIN_CYTOARCHITECTONIC_ATLAS_V3_1_CH_123_BASAL_FOREBRAIN,Ch 123 (Basal Forebrain),right,Ch 123 (Basal Forebrain),G4_MICROSTRUCTURAL_FINE,9606,true,true,Ch 123 (Basal Forebrain) right,,source,MISSING,Julich-Brain v3.1 leaf; hemisphere-specific G4 candidate
JULICH_BRAIN_CYTOARCHITECTONIC_ATLAS_V3_1_CH_123_BASAL_FOREBRAIN_LEFT,Ch 123 (Basal Forebrain) left,JULICH_BRAIN_CYTOARCHITECTONIC_ATLAS_V3_1_CH_123_BASAL_FOREBRAIN,Ch 123 (Basal Forebrain),left,Ch 123 (Basal Forebrain),G4_MICROSTRUCTURAL_FINE,9606,true,true,Ch 123 (Basal Forebrain) left,,source,MISSING,Julich-Brain v3.1 leaf; hemisphere-specific G4 candidate
JULICH_BRAIN_CYTOARCHITECTONIC_ATLAS_V3_1_CM_AAA_AMYGDALA_RIGHT,CM.AAA (Amygdala) right,JULICH_BRAIN_CYTOARCHITECTONIC_ATLAS_V3_1_CM_AMYGDALA_RIGHT,CM (Amygdala) right,right,CM.AAA (Amygdala),G4_MICROSTRUCTURAL_FINE,9606,true,true,CM.AAA (Amygdala) right,,source,MISSING,Julich-Brain v3.1 leaf; hemisphere-specific G4 candidate
JULICH_BRAIN_CYTOARCHITECTONIC_ATLAS_V3_1_CM_CE_AMYGDALA_RIGHT,CM.Ce (Amygdala) right,JULICH_BRAIN_CYTOARCHITECTONIC_ATLAS_V3_1_CM_AMYGDALA_RIGHT,CM (Amygdala) right,right,CM.Ce (Amygdala),G4_MICROSTRUCTURAL_FINE,9606,true,true,CM.Ce (Amygdala) right,,source,MISSING,Julich-Brain v3.1 leaf; hemisphere-specific G4 candidate
JULICH_BRAIN_CYTOARCHITECTONIC_ATLAS_V3_1_CM_ME_AMYGDALA_RIGHT,CM.Me (Amygdala) right,JULICH_BRAIN_CYTOARCHITECTONIC_ATLAS_V3_1_CM_AMYGDALA_RIGHT,CM (Amygdala) right,right,CM.Me (Amygdala),G4_MICROSTRUCTURAL_FINE,9606,true,true,CM.Me (Amygdala) right,,source,MISSING,Julich-Brain v3.1 leaf; hemisphere-specific G4 candidate
JULICH_BRAIN_CYTOARCHITECTONIC_ATLAS_V3_1_CM_AAA_AMYGDALA_LEFT,CM.AAA (Amygdala) left,JULICH_BRAIN_CYTOARCHITECTONIC_ATLAS_V3_1_CM_AMYGDALA_LEFT,CM (Amygdala) left,left,CM.AAA (Amygdala),G4_MICROSTRUCTURAL_FINE,9606,true,true,CM.AAA (Amygdala) left,,source,MISSING,Julich-Brain v3.1 leaf; hemisphere-specific G4 candidate
JULICH_BRAIN_CYTOARCHITECTONIC_ATLAS_V3_1_CM_CE_AMYGDALA_LEFT,CM.Ce (Amygdala) left,JULICH_BRAIN_CYTOARCHITECTONIC_ATLAS_V3_1_CM_AMYGDALA_LEFT,CM (Amygdala) left,left,CM.Ce (Amygdala),G4_MICROSTRUCTURAL_FINE,9606,true,true,CM.Ce (Amygdala) left,,source,MISSING,Julich-Brain v3.1 leaf; hemisphere-specific G4 candidate
JULICH_BRAIN_CYTOARCHITECTONIC_ATLAS_V3_1_CM_ME_AMYGDALA_LEFT,CM.Me (Amygdala) left,JULICH_BRAIN_CYTOARCHITECTONIC_ATLAS_V3_1_CM_AMYGDALA_LEFT,CM (Amygdala) left,left,CM.Me (Amygdala),G4_MICROSTRUCTURAL_FINE,9606,true,true,CM.Me (Amygdala) left,,source,MISSING,Julich-Brain v3.1 leaf; hemisphere-specific G4 candidate
JULICH_BRAIN_CYTOARCHITECTONIC_ATLAS_V3_1_LB_BL_AMYGDALA_RIGHT,LB.Bl (Amygdala) right,JULICH_BRAIN_CYTOARCHITECTONIC_ATLAS_V3_1_LB_AMYGDALA_RIGHT,LB (Amygdala) right,right,LB.Bl (Amygdala),G4_MICROSTRUCTURAL_FINE,9606,true,true,LB.Bl (Amygdala) right,,source,MISSING,Julich-Brain v3.1 leaf; hemisphere-specific G4 candidate
JULICH_BRAIN_CYTOARCHITECTONIC_ATLAS_V3_1_LB_BM_AMYGDALA_RIGHT,LB.Bm (Amygdala) right,JULICH_BRAIN_CYTOARCHITECTONIC_ATLAS_V3_1_LB_AMYGDALA_RIGHT,LB (Amygdala) right,right,LB.Bm (Amygdala),G4_MICROSTRUCTURAL_FINE,9606,true,true,LB.Bm (Amygdala) right,,source,MISSING,Julich-Brain v3.1 leaf; hemisphere-specific G4 candidate
JULICH_BRAIN_CYTOARCHITECTONIC_ATLAS_V3_1_LB_PL_AMYGDALA_RIGHT,LB.Pl (Amygdala) right,JULICH_BRAIN_CYTOARCHITECTONIC_ATLAS_V3_1_LB_AMYGDALA_RIGHT,LB (Amygdala) right,right,LB.Pl (Amygdala),G4_MICROSTRUCTURAL_FINE,9606,true,true,LB.Pl (Amygdala) right,,source,MISSING,Julich-Brain v3.1 leaf; hemisphere-specific G4 candidate
JULICH_BRAIN_CYTOARCHITECTONIC_ATLAS_V3_1_LB_LA_AMYGDALA_RIGHT,LB.La (Amygdala) right,JULICH_BRAIN_CYTOARCHITECTONIC_ATLAS_V3_1_LB_AMYGDALA_RIGHT,LB (Amygdala) right,right,LB.La (Amygdala),G4_MICROSTRUCTURAL_FINE,9606,true,true,LB.La (Amygdala) right,,source,MISSING,Julich-Brain v3.1 leaf; hemisphere-specific G4 candidate
JULICH_BRAIN_CYTOARCHITECTONIC_ATLAS_V3_1_LB_BL_AMYGDALA_LEFT,LB.Bl (Amygdala) left,JULICH_BRAIN_CYTOARCHITECTONIC_ATLAS_V3_1_LB_AMYGDALA_LEFT,LB (Amygdala) left,left,LB.Bl (Amygdala),G4_MICROSTRUCTURAL_FINE,9606,true,true,LB.Bl (Amygdala) left,,source,MISSING,Julich-Brain v3.1 leaf; hemisphere-specific G4 candidate
JULICH_BRAIN_CYTOARCHITECTONIC_ATLAS_V3_1_LB_BM_AMYGDALA_LEFT,LB.Bm (Amygdala) left,JULICH_BRAIN_CYTOARCHITECTONIC_ATLAS_V3_1_LB_AMYGDALA_LEFT,LB (Amygdala) left,left,LB.Bm (Amygdala),G4_MICROSTRUCTURAL_FINE,9606,true,true,LB.Bm (Amygdala) left,,source,MISSING,Julich-Brain v3.1 leaf; hemisphere-specific G4 candidate
JULICH_BRAIN_CYTOARCHITECTONIC_ATLAS_V3_1_LB_PL_AMYGDALA_LEFT,LB.Pl (Amygdala) left,JULICH_BRAIN_CYTOARCHITECTONIC_ATLAS_V3_1_LB_AMYGDALA_LEFT,LB (Amygdala) left,left,LB.Pl (Amygdala),G4_MICROSTRUCTURAL_FINE,9606,true,true,LB.Pl (Amygdala) left,,source,MISSING,Julich-Brain v3.1 leaf; hemisphere-specific G4 candidate
JULICH_BRAIN_CYTOARCHITECTONIC_ATLAS_V3_1_LB_LA_AMYGDALA_LEFT,LB.La (Amygdala) left,JULICH_BRAIN_CYTOARCHITECTONIC_ATLAS_V3_1_LB_AMYGDALA_LEFT,LB (Amygdala) left,left,LB.La (Amygdala),G4_MICROSTRUCTURAL_FINE,9606,true,true,LB.La (Amygdala) left,,source,MISSING,Julich-Brain v3.1 leaf; hemisphere-specific G4 candidate
JULICH_BRAIN_CYTOARCHITECTONIC_ATLAS_V3_1_SF_AHI_AMYGDALA_RIGHT,SF.AHi (Amygdala) right,JULICH_BRAIN_CYTOARCHITECTONIC_ATLAS_V3_1_SF_AMYGDALA_RIGHT,SF (Amygdala) right,right,SF.AHi (Amygdala),G4_MICROSTRUCTURAL_FINE,9606,true,true,SF.AHi (Amygdala) right,,source,MISSING,Julich-Brain v3.1 leaf; hemisphere-specific G4 candidate
JULICH_BRAIN_CYTOARCHITECTONIC_ATLAS_V3_1_SF_APIR_AMYGDALA_RIGHT,SF.APir (Amygdala) right,JULICH_BRAIN_CYTOARCHITECTONIC_ATLAS_V3_1_SF_AMYGDALA_RIGHT,SF (Amygdala) right,right,SF.APir (Amygdala),G4_MICROSTRUCTURAL_FINE,9606,true,true,SF.APir (Amygdala) right,,source,MISSING,Julich-Brain v3.1 leaf; hemisphere-specific G4 candidate
JULICH_BRAIN_CYTOARCHITECTONIC_ATLAS_V3_1_SF_VCO_AMYGDALA_RIGHT,SF.VCo (Amygdala) right,JULICH_BRAIN_CYTOARCHITECTONIC_ATLAS_V3_1_SF_AMYGDALA_RIGHT,SF (Amygdala) right,right,SF.VCo (Amygdala),G4_MICROSTRUCTURAL_FINE,9606,true,true,SF.VCo (Amygdala) right,,source,MISSING,Julich-Brain v3.1 leaf; hemisphere-specific G4 candidate
JULICH_BRAIN_CYTOARCHITECTONIC_ATLAS_V3_1_SF_AHI_AMYGDALA_LEFT,SF.AHi (Amygdala) left,JULICH_BRAIN_CYTOARCHITECTONIC_ATLAS_V3_1_SF_AMYGDALA_LEFT,SF (Amygdala) left,left,SF.AHi (Amygdala),G4_MICROSTRUCTURAL_FINE,9606,true,true,SF.AHi (Amygdala) left,,source,MISSING,Julich-Brain v3.1 leaf; hemisphere-specific G4 candidate
JULICH_BRAIN_CYTOARCHITECTONIC_ATLAS_V3_1_SF_APIR_AMYGDALA_LEFT,SF.APir (Amygdala) left,JULICH_BRAIN_CYTOARCHITECTONIC_ATLAS_V3_1_SF_AMYGDALA_LEFT,SF (Amygdala) left,left,SF.APir (Amygdala),G4_MICROSTRUCTURAL_FINE,9606,true,true,SF.APir (Amygdala) left,,source,MISSING,Julich-Brain v3.1 leaf; hemisphere-specific G4 candidate
JULICH_BRAIN_CYTOARCHITECTONIC_ATLAS_V3_1_SF_VCO_AMYGDALA_LEFT,SF.VCo (Amygdala) left,JULICH_BRAIN_CYTOARCHITECTONIC_ATLAS_V3_1_SF_AMYGDALA_LEFT,SF (Amygdala) left,left,SF.VCo (Amygdala),G4_MICROSTRUCTURAL_FINE,9606,true,true,SF.VCo (Amygdala) left,,source,MISSING,Julich-Brain v3.1 leaf; hemisphere-specific G4 candidate
JULICH_BRAIN_CYTOARCHITECTONIC_ATLAS_V3_1_ASTR_AMYGDALA_RIGHT,Astr (Amygdala) right,JULICH_BRAIN_CYTOARCHITECTONIC_ATLAS_V3_1_ASTR_AMYGDALA,Astr (Amygdala),right,Astr (Amygdala),G4_MICROSTRUCTURAL_FINE,9606,true,true,Astr (Amygdala) right,,source,MISSING,Julich-Brain v3.1 leaf; hemisphere-specific G4 candidate
JULICH_BRAIN_CYTOARCHITECTONIC_ATLAS_V3_1_ASTR_AMYGDALA_LEFT,Astr (Amygdala) left,JULICH_BRAIN_CYTOARCHITECTONIC_ATLAS_V3_1_ASTR_AMYGDALA,Astr (Amygdala),left,Astr (Amygdala),G4_MICROSTRUCTURAL_FINE,9606,true,true,Astr (Amygdala) left,,source,MISSING,Julich-Brain v3.1 leaf; hemisphere-specific G4 candidate
JULICH_BRAIN_CYTOARCHITECTONIC_ATLAS_V3_1_VTM_AMYGDALA_RIGHT,VTM (Amygdala) right,JULICH_BRAIN_CYTOARCHITECTONIC_ATLAS_V3_1_VTM_AMYGDALA,VTM (Amygdala),right,VTM (Amygdala),G4_MICROSTRUCTURAL_FINE,9606,true,true,VTM (Amygdala) right,,source,MISSING,Julich-Brain v3.1 leaf; hemisphere-specific G4 candidate
JULICH_BRAIN_CYTOARCHITECTONIC_ATLAS_V3_1_VTM_AMYGDALA_LEFT,VTM (Amygdala) left,JULICH_BRAIN_CYTOARCHITECTONIC_ATLAS_V3_1_VTM_AMYGDALA,VTM (Amygdala),left,VTM (Amygdala),G4_MICROSTRUCTURAL_FINE,9606,true,true,VTM (Amygdala) left,,source,MISSING,Julich-Brain v3.1 leaf; hemisphere-specific G4 candidate
JULICH_BRAIN_CYTOARCHITECTONIC_ATLAS_V3_1_IF_ICE_AMYGDALA_RIGHT,IF.ice (Amygdala) right,JULICH_BRAIN_CYTOARCHITECTONIC_ATLAS_V3_1_IF_AMYGDALA_RIGHT,IF (Amygdala) right,right,IF.ice (Amygdala),G4_MICROSTRUCTURAL_FINE,9606,true,true,IF.ice (Amygdala) right,,source,MISSING,Julich-Brain v3.1 leaf; hemisphere-specific G4 candidate
JULICH_BRAIN_CYTOARCHITECTONIC_ATLAS_V3_1_IF_IOL_AMYGDALA_RIGHT,IF.iol (Amygdala) right,JULICH_BRAIN_CYTOARCHITECTONIC_ATLAS_V3_1_IF_AMYGDALA_RIGHT,IF (Amygdala) right,right,IF.iol (Amygdala),G4_MICROSTRUCTURAL_FINE,9606,true,true,IF.iol (Amygdala) right,,source,MISSING,Julich-Brain v3.1 leaf; hemisphere-specific G4 candidate
JULICH_BRAIN_CYTOARCHITECTONIC_ATLAS_V3_1_IF_LD_AMYGDALA_RIGHT,IF.ld (Amygdala) right,JULICH_BRAIN_CYTOARCHITECTONIC_ATLAS_V3_1_IF_AMYGDALA_RIGHT,IF (Amygdala) right,right,IF.ld (Amygdala),G4_MICROSTRUCTURAL_FINE,9606,true,true,IF.ld (Amygdala) right,,source,MISSING,Julich-Brain v3.1 leaf; hemisphere-specific G4 candidate
JULICH_BRAIN_CYTOARCHITECTONIC_ATLAS_V3_1_IF_ICE_AMYGDALA_LEFT,IF.ice (Amygdala) left,JULICH_BRAIN_CYTOARCHITECTONIC_ATLAS_V3_1_IF_AMYGDALA_LEFT,IF (Amygdala) left,left,IF.ice (Amygdala),G4_MICROSTRUCTURAL_FINE,9606,true,true,IF.ice (Amygdala) left,,source,MISSING,Julich-Brain v3.1 leaf; hemisphere-specific G4 candidate
JULICH_BRAIN_CYTOARCHITECTONIC_ATLAS_V3_1_IF_IOL_AMYGDALA_LEFT,IF.iol (Amygdala) left,JULICH_BRAIN_CYTOARCHITECTONIC_ATLAS_V3_1_IF_AMYGDALA_LEFT,IF (Amygdala) left,left,IF.iol (Amygdala),G4_MICROSTRUCTURAL_FINE,9606,true,true,IF.iol (Amygdala) left,,source,MISSING,Julich-Brain v3.1 leaf; hemisphere-specific G4 candidate
JULICH_BRAIN_CYTOARCHITECTONIC_ATLAS_V3_1_IF_LD_AMYGDALA_LEFT,IF.ld (Amygdala) left,JULICH_BRAIN_CYTOARCHITECTONIC_ATLAS_V3_1_IF_AMYGDALA_LEFT,IF (Amygdala) left,left,IF.ld (Amygdala),G4_MICROSTRUCTURAL_FINE,9606,true,true,IF.ld (Amygdala) left,,source,MISSING,Julich-Brain v3.1 leaf; hemisphere-specific G4 candidate
JULICH_BRAIN_CYTOARCHITECTONIC_ATLAS_V3_1_MF_ICM_AMYGDALA_RIGHT,MF.icm (Amygdala) right,JULICH_BRAIN_CYTOARCHITECTONIC_ATLAS_V3_1_MF_AMYGDALA_RIGHT,MF (Amygdala) right,right,MF.icm (Amygdala),G4_MICROSTRUCTURAL_FINE,9606,true,true,MF.icm (Amygdala) right,,source,MISSING,Julich-Brain v3.1 leaf; hemisphere-specific G4 candidate
JULICH_BRAIN_CYTOARCHITECTONIC_ATLAS_V3_1_MF_LM_AMYGDALA_RIGHT,MF.lm (Amygdala) right,JULICH_BRAIN_CYTOARCHITECTONIC_ATLAS_V3_1_MF_AMYGDALA_RIGHT,MF (Amygdala) right,right,MF.lm (Amygdala),G4_MICROSTRUCTURAL_FINE,9606,true,true,MF.lm (Amygdala) right,,source,MISSING,Julich-Brain v3.1 leaf; hemisphere-specific G4 candidate
JULICH_BRAIN_CYTOARCHITECTONIC_ATLAS_V3_1_MF_ICM_AMYGDALA_LEFT,MF.icm (Amygdala) left,JULICH_BRAIN_CYTOARCHITECTONIC_ATLAS_V3_1_MF_AMYGDALA_LEFT,MF (Amygdala) left,left,MF.icm (Amygdala),G4_MICROSTRUCTURAL_FINE,9606,true,true,MF.icm (Amygdala) left,,source,MISSING,Julich-Brain v3.1 leaf; hemisphere-specific G4 candidate
JULICH_BRAIN_CYTOARCHITECTONIC_ATLAS_V3_1_MF_LM_AMYGDALA_LEFT,MF.lm (Amygdala) left,JULICH_BRAIN_CYTOARCHITECTONIC_ATLAS_V3_1_MF_AMYGDALA_LEFT,MF (Amygdala) left,left,MF.lm (Amygdala),G4_MICROSTRUCTURAL_FINE,9606,true,true,MF.lm (Amygdala) left,,source,MISSING,Julich-Brain v3.1 leaf; hemisphere-specific G4 candidate
JULICH_BRAIN_CYTOARCHITECTONIC_ATLAS_V3_1_AREA_5L_SPL_RIGHT,Area 5L (SPL) right,JULICH_BRAIN_CYTOARCHITECTONIC_ATLAS_V3_1_AREA_5L_SPL,Area 5L (SPL),right,Area 5L (SPL),G4_MICROSTRUCTURAL_FINE,9606,true,true,Area 5L (SPL) right,,source,MISSING,Julich-Brain v3.1 leaf; hemisphere-specific G4 candidate
JULICH_BRAIN_CYTOARCHITECTONIC_ATLAS_V3_1_AREA_5L_SPL_LEFT,Area 5L (SPL) left,JULICH_BRAIN_CYTOARCHITECTONIC_ATLAS_V3_1_AREA_5L_SPL,Area 5L (SPL),left,Area 5L (SPL),G4_MICROSTRUCTURAL_FINE,9606,true,true,Area 5L (SPL) left,,source,MISSING,Julich-Brain v3.1 leaf; hemisphere-specific G4 candidate
JULICH_BRAIN_CYTOARCHITECTONIC_ATLAS_V3_1_AREA_7M_SPL_RIGHT,Area 7M (SPL) right,JULICH_BRAIN_CYTOARCHITECTONIC_ATLAS_V3_1_AREA_7M_SPL,Area 7M (SPL),right,Area 7M (SPL),G4_MICROSTRUCTURAL_FINE,9606,true,true,Area 7M (SPL) right,,source,MISSING,Julich-Brain v3.1 leaf; hemisphere-specific G4 candidate
JULICH_BRAIN_CYTOARCHITECTONIC_ATLAS_V3_1_AREA_7M_SPL_LEFT,Area 7M (SPL) left,JULICH_BRAIN_CYTOARCHITECTONIC_ATLAS_V3_1_AREA_7M_SPL,Area 7M (SPL),left,Area 7M (SPL),G4_MICROSTRUCTURAL_FINE,9606,true,true,Area 7M (SPL) left,,source,MISSING,Julich-Brain v3.1 leaf; hemisphere-specific G4 candidate
JULICH_BRAIN_CYTOARCHITECTONIC_ATLAS_V3_1_AREA_7PC_SPL_RIGHT,Area 7PC (SPL) right,JULICH_BRAIN_CYTOARCHITECTONIC_ATLAS_V3_1_AREA_7PC_SPL,Area 7PC (SPL),right,Area 7PC (SPL),G4_MICROSTRUCTURAL_FINE,9606,true,true,Area 7PC (SPL) right,,source,MISSING,Julich-Brain v3.1 leaf; hemisphere-specific G4 candidate
JULICH_BRAIN_CYTOARCHITECTONIC_ATLAS_V3_1_AREA_7PC_SPL_LEFT,Area 7PC (SPL) left,JULICH_BRAIN_CYTOARCHITECTONIC_ATLAS_V3_1_AREA_7PC_SPL,Area 7PC (SPL),left,Area 7PC (SPL),G4_MICROSTRUCTURAL_FINE,9606,true,true,Area 7PC (SPL) left,,source,MISSING,Julich-Brain v3.1 leaf; hemisphere-specific G4 candidate
JULICH_BRAIN_CYTOARCHITECTONIC_ATLAS_V3_1_AREA_5M_SPL_RIGHT,Area 5M (SPL) right,JULICH_BRAIN_CYTOARCHITECTONIC_ATLAS_V3_1_AREA_5M_SPL,Area 5M (SPL),right,Area 5M (SPL),G4_MICROSTRUCTURAL_FINE,9606,true,true,Area 5M (SPL) right,,source,MISSING,Julich-Brain v3.1 leaf; hemisphere-specific G4 candidate
JULICH_BRAIN_CYTOARCHITECTONIC_ATLAS_V3_1_AREA_5M_SPL_LEFT,Area 5M (SPL) left,JULICH_BRAIN_CYTOARCHITECTONIC_ATLAS_V3_1_AREA_5M_SPL,Area 5M (SPL),left,Area 5M (SPL),G4_MICROSTRUCTURAL_FINE,9606,true,true,Area 5M (SPL) left,,source,MISSING,Julich-Brain v3.1 leaf; hemisphere-specific G4 candidate
JULICH_BRAIN_CYTOARCHITECTONIC_ATLAS_V3_1_AREA_7P_SPL_RIGHT,Area 7P (SPL) right,JULICH_BRAIN_CYTOARCHITECTONIC_ATLAS_V3_1_AREA_7P_SPL,Area 7P (SPL),right,Area 7P (SPL),G4_MICROSTRUCTURAL_FINE,9606,true,true,Area 7P (SPL) right,,source,MISSING,Julich-Brain v3.1 leaf; hemisphere-specific G4 candidate
JULICH_BRAIN_CYTOARCHITECTONIC_ATLAS_V3_1_AREA_7P_SPL_LEFT,Area 7P (SPL) left,JULICH_BRAIN_CYTOARCHITECTONIC_ATLAS_V3_1_AREA_7P_SPL,Area 7P (SPL),left,Area 7P (SPL),G4_MICROSTRUCTURAL_FINE,9606,true,true,Area 7P (SPL) left,,source,MISSING,Julich-Brain v3.1 leaf; hemisphere-specific G4 candidate
JULICH_BRAIN_CYTOARCHITECTONIC_ATLAS_V3_1_AREA_5CI_SPL_RIGHT,Area 5Ci (SPL) right,JULICH_BRAIN_CYTOARCHITECTONIC_ATLAS_V3_1_AREA_5CI_SPL,Area 5Ci (SPL),right,Area 5Ci (SPL),G4_MICROSTRUCTURAL_FINE,9606,true,true,Area 5Ci (SPL) right,,source,MISSING,Julich-Brain v3.1 leaf; hemisphere-specific G4 candidate
JULICH_BRAIN_CYTOARCHITECTONIC_ATLAS_V3_1_AREA_5CI_SPL_LEFT,Area 5Ci (SPL) left,JULICH_BRAIN_CYTOARCHITECTONIC_ATLAS_V3_1_AREA_5CI_SPL,Area 5Ci (SPL),left,Area 5Ci (SPL),G4_MICROSTRUCTURAL_FINE,9606,true,true,Area 5Ci (SPL) left,,source,MISSING,Julich-Brain v3.1 leaf; hemisphere-specific G4 candidate
JULICH_BRAIN_CYTOARCHITECTONIC_ATLAS_V3_1_AREA_7A_SPL_RIGHT,Area 7A (SPL) right,JULICH_BRAIN_CYTOARCHITECTONIC_ATLAS_V3_1_AREA_7A_SPL,Area 7A (SPL),right,Area 7A (SPL),G4_MICROSTRUCTURAL_FINE,9606,true,true,Area 7A (SPL) right,,source,MISSING,Julich-Brain v3.1 leaf; hemisphere-specific G4 candidate
JULICH_BRAIN_CYTOARCHITECTONIC_ATLAS_V3_1_AREA_7A_SPL_LEFT,Area 7A (SPL) left,JULICH_BRAIN_CYTOARCHITECTONIC_ATLAS_V3_1_AREA_7A_SPL,Area 7A (SPL),left,Area 7A (SPL),G4_MICROSTRUCTURAL_FINE,9606,true,true,Area 7A (SPL) left,,source,MISSING,Julich-Brain v3.1 leaf; hemisphere-specific G4 candidate
JULICH_BRAIN_CYTOARCHITECTONIC_ATLAS_V3_1_AREA_3B_POSTCG_RIGHT,Area 3b (PostCG) right,JULICH_BRAIN_CYTOARCHITECTONIC_ATLAS_V3_1_AREA_3B_POSTCG,Area 3b (PostCG),right,Area 3b (PostCG),G4_MICROSTRUCTURAL_FINE,9606,true,true,Area 3b (PostCG) right,,source,MISSING,Julich-Brain v3.1 leaf; hemisphere-specific G4 candidate
JULICH_BRAIN_CYTOARCHITECTONIC_ATLAS_V3_1_AREA_3B_POSTCG_LEFT,Area 3b (PostCG) left,JULICH_BRAIN_CYTOARCHITECTONIC_ATLAS_V3_1_AREA_3B_POSTCG,Area 3b (PostCG),left,Area 3b (PostCG),G4_MICROSTRUCTURAL_FINE,9606,true,true,Area 3b (PostCG) left,,source,MISSING,Julich-Brain v3.1 leaf; hemisphere-specific G4 candidate
JULICH_BRAIN_CYTOARCHITECTONIC_ATLAS_V3_1_AREA_1_POSTCG_RIGHT,Area 1 (PostCG) right,JULICH_BRAIN_CYTOARCHITECTONIC_ATLAS_V3_1_AREA_1_POSTCG,Area 1 (PostCG),right,Area 1 (PostCG),G4_MICROSTRUCTURAL_FINE,9606,true,true,Area 1 (PostCG) right,,source,MISSING,Julich-Brain v3.1 leaf; hemisphere-specific G4 candidate
JULICH_BRAIN_CYTOARCHITECTONIC_ATLAS_V3_1_AREA_1_POSTCG_LEFT,Area 1 (PostCG) left,JULICH_BRAIN_CYTOARCHITECTONIC_ATLAS_V3_1_AREA_1_POSTCG,Area 1 (PostCG),left,Area 1 (PostCG),G4_MICROSTRUCTURAL_FINE,9606,true,true,Area 1 (PostCG) left,,source,MISSING,Julich-Brain v3.1 leaf; hemisphere-specific G4 candidate
JULICH_BRAIN_CYTOARCHITECTONIC_ATLAS_V3_1_AREA_2_POSTCS_RIGHT,Area 2 (PostCS) right,JULICH_BRAIN_CYTOARCHITECTONIC_ATLAS_V3_1_AREA_2_POSTCS,Area 2 (PostCS),right,Area 2 (PostCS),G4_MICROSTRUCTURAL_FINE,9606,true,true,Area 2 (PostCS) right,,source,MISSING,Julich-Brain v3.1 leaf; hemisphere-specific G4 candidate
JULICH_BRAIN_CYTOARCHITECTONIC_ATLAS_V3_1_AREA_2_POSTCS_LEFT,Area 2 (PostCS) left,JULICH_BRAIN_CYTOARCHITECTONIC_ATLAS_V3_1_AREA_2_POSTCS,Area 2 (PostCS),left,Area 2 (PostCS),G4_MICROSTRUCTURAL_FINE,9606,true,true,Area 2 (PostCS) left,,source,MISSING,Julich-Brain v3.1 leaf; hemisphere-specific G4 candidate
JULICH_BRAIN_CYTOARCHITECTONIC_ATLAS_V3_1_AREA_3A_POSTCG_RIGHT,Area 3a (PostCG) right,JULICH_BRAIN_CYTOARCHITECTONIC_ATLAS_V3_1_AREA_3A_POSTCG,Area 3a (PostCG),right,Area 3a (PostCG),G4_MICROSTRUCTURAL_FINE,9606,true,true,Area 3a (PostCG) right,,source,MISSING,Julich-Brain v3.1 leaf; hemisphere-specific G4 candidate
JULICH_BRAIN_CYTOARCHITECTONIC_ATLAS_V3_1_AREA_3A_POSTCG_LEFT,Area 3a (PostCG) left,JULICH_BRAIN_CYTOARCHITECTONIC_ATLAS_V3_1_AREA_3A_POSTCG,Area 3a (PostCG),left,Area 3a (PostCG),G4_MICROSTRUCTURAL_FINE,9606,true,true,Area 3a (PostCG) left,,source,MISSING,Julich-Brain v3.1 leaf; hemisphere-specific G4 candidate
JULICH_BRAIN_CYTOARCHITECTONIC_ATLAS_V3_1_AREA_OP1_POPERC_RIGHT,Area Op1 (POperc) right,JULICH_BRAIN_CYTOARCHITECTONIC_ATLAS_V3_1_AREA_OP1_POPERC,Area Op1 (POperc),right,Area Op1 (POperc),G4_MICROSTRUCTURAL_FINE,9606,true,true,Area Op1 (POperc) right,,source,MISSING,Julich-Brain v3.1 leaf; hemisphere-specific G4 candidate
JULICH_BRAIN_CYTOARCHITECTONIC_ATLAS_V3_1_AREA_OP1_POPERC_LEFT,Area Op1 (POperc) left,JULICH_BRAIN_CYTOARCHITECTONIC_ATLAS_V3_1_AREA_OP1_POPERC,Area Op1 (POperc),left,Area Op1 (POperc),G4_MICROSTRUCTURAL_FINE,9606,true,true,Area Op1 (POperc) left,,source,MISSING,Julich-Brain v3.1 leaf; hemisphere-specific G4 candidate
JULICH_BRAIN_CYTOARCHITECTONIC_ATLAS_V3_1_AREA_OP2_POPERC_RIGHT,Area Op2 (POperc) right,JULICH_BRAIN_CYTOARCHITECTONIC_ATLAS_V3_1_AREA_OP2_POPERC,Area Op2 (POperc),right,Area Op2 (POperc),G4_MICROSTRUCTURAL_FINE,9606,true,true,Area Op2 (POperc) right,,source,MISSING,Julich-Brain v3.1 leaf; hemisphere-specific G4 candidate
JULICH_BRAIN_CYTOARCHITECTONIC_ATLAS_V3_1_AREA_OP2_POPERC_LEFT,Area Op2 (POperc) left,JULICH_BRAIN_CYTOARCHITECTONIC_ATLAS_V3_1_AREA_OP2_POPERC,Area Op2 (POperc),left,Area Op2 (POperc),G4_MICROSTRUCTURAL_FINE,9606,true,true,Area Op2 (POperc) left,,source,MISSING,Julich-Brain v3.1 leaf; hemisphere-specific G4 candidate
JULICH_BRAIN_CYTOARCHITECTONIC_ATLAS_V3_1_AREA_OP3_POPERC_RIGHT,Area Op3 (POperc) right,JULICH_BRAIN_CYTOARCHITECTONIC_ATLAS_V3_1_AREA_OP3_POPERC,Area Op3 (POperc),right,Area Op3 (POperc),G4_MICROSTRUCTURAL_FINE,9606,true,true,Area Op3 (POperc) right,,source,MISSING,Julich-Brain v3.1 leaf; hemisphere-specific G4 candidate
JULICH_BRAIN_CYTOARCHITECTONIC_ATLAS_V3_1_AREA_OP3_POPERC_LEFT,Area Op3 (POperc) left,JULICH_BRAIN_CYTOARCHITECTONIC_ATLAS_V3_1_AREA_OP3_POPERC,Area Op3 (POperc),left,Area Op3 (POperc),G4_MICROSTRUCTURAL_FINE,9606,true,true,Area Op3 (POperc) left,,source,MISSING,Julich-Brain v3.1 leaf; hemisphere-specific G4 candidate
JULICH_BRAIN_CYTOARCHITECTONIC_ATLAS_V3_1_AREA_OP4_POPERC_RIGHT,Area Op4 (POperc) right,JULICH_BRAIN_CYTOARCHITECTONIC_ATLAS_V3_1_AREA_OP4_POPERC,Area Op4 (POperc),right,Area Op4 (POperc),G4_MICROSTRUCTURAL_FINE,9606,true,true,Area Op4 (POperc) right,,source,MISSING,Julich-Brain v3.1 leaf; hemisphere-specific G4 candidate
JULICH_BRAIN_CYTOARCHITECTONIC_ATLAS_V3_1_AREA_OP4_POPERC_LEFT,Area Op4 (POperc) left,JULICH_BRAIN_CYTOARCHITECTONIC_ATLAS_V3_1_AREA_OP4_POPERC,Area Op4 (POperc),left,Area Op4 (POperc),G4_MICROSTRUCTURAL_FINE,9606,true,true,Area Op4 (POperc) left,,source,MISSING,Julich-Brain v3.1 leaf; hemisphere-specific G4 candidate
JULICH_BRAIN_CYTOARCHITECTONIC_ATLAS_V3_1_AREA_PF_IPL_RIGHT,Area PF (IPL) right,JULICH_BRAIN_CYTOARCHITECTONIC_ATLAS_V3_1_AREA_PF_IPL,Area PF (IPL),right,Area PF (IPL),G4_MICROSTRUCTURAL_FINE,9606,true,true,Area PF (IPL) right,,source,MISSING,Julich-Brain v3.1 leaf; hemisphere-specific G4 candidate
JULICH_BRAIN_CYTOARCHITECTONIC_ATLAS_V3_1_AREA_PF_IPL_LEFT,Area PF (IPL) left,JULICH_BRAIN_CYTOARCHITECTONIC_ATLAS_V3_1_AREA_PF_IPL,Area PF (IPL),left,Area PF (IPL),G4_MICROSTRUCTURAL_FINE,9606,true,true,Area PF (IPL) left,,source,MISSING,Julich-Brain v3.1 leaf; hemisphere-specific G4 candidate
JULICH_BRAIN_CYTOARCHITECTONIC_ATLAS_V3_1_AREA_PFCM_IPL_RIGHT,Area PFcm (IPL) right,JULICH_BRAIN_CYTOARCHITECTONIC_ATLAS_V3_1_AREA_PFCM_IPL,Area PFcm (IPL),right,Area PFcm (IPL),G4_MICROSTRUCTURAL_FINE,9606,true,true,Area PFcm (IPL) right,,source,MISSING,Julich-Brain v3.1 leaf; hemisphere-specific G4 candidate
JULICH_BRAIN_CYTOARCHITECTONIC_ATLAS_V3_1_AREA_PFCM_IPL_LEFT,Area PFcm (IPL) left,JULICH_BRAIN_CYTOARCHITECTONIC_ATLAS_V3_1_AREA_PFCM_IPL,Area PFcm (IPL),left,Area PFcm (IPL),G4_MICROSTRUCTURAL_FINE,9606,true,true,Area PFcm (IPL) left,,source,MISSING,Julich-Brain v3.1 leaf; hemisphere-specific G4 candidate
JULICH_BRAIN_CYTOARCHITECTONIC_ATLAS_V3_1_AREA_PGA_IPL_RIGHT,Area PGa (IPL) right,JULICH_BRAIN_CYTOARCHITECTONIC_ATLAS_V3_1_AREA_PGA_IPL,Area PGa (IPL),right,Area PGa (IPL),G4_MICROSTRUCTURAL_FINE,9606,true,true,Area PGa (IPL) right,,source,MISSING,Julich-Brain v3.1 leaf; hemisphere-specific G4 candidate
JULICH_BRAIN_CYTOARCHITECTONIC_ATLAS_V3_1_AREA_PGA_IPL_LEFT,Area PGa (IPL) left,JULICH_BRAIN_CYTOARCHITECTONIC_ATLAS_V3_1_AREA_PGA_IPL,Area PGa (IPL),left,Area PGa (IPL),G4_MICROSTRUCTURAL_FINE,9606,true,true,Area PGa (IPL) left,,source,MISSING,Julich-Brain v3.1 leaf; hemisphere-specific G4 candidate
JULICH_BRAIN_CYTOARCHITECTONIC_ATLAS_V3_1_AREA_PFT_IPL_RIGHT,Area PFt (IPL) right,JULICH_BRAIN_CYTOARCHITECTONIC_ATLAS_V3_1_AREA_PFT_IPL,Area PFt (IPL),right,Area PFt (IPL),G4_MICROSTRUCTURAL_FINE,9606,true,true,Area PFt (IPL) right,,source,MISSING,Julich-Brain v3.1 leaf; hemisphere-specific G4 candidate
JULICH_BRAIN_CYTOARCHITECTONIC_ATLAS_V3_1_AREA_PFT_IPL_LEFT,Area PFt (IPL) left,JULICH_BRAIN_CYTOARCHITECTONIC_ATLAS_V3_1_AREA_PFT_IPL,Area PFt (IPL),left,Area PFt (IPL),G4_MICROSTRUCTURAL_FINE,9606,true,true,Area PFt (IPL) left,,source,MISSING,Julich-Brain v3.1 leaf; hemisphere-specific G4 candidate
JULICH_BRAIN_CYTOARCHITECTONIC_ATLAS_V3_1_AREA_PFM_IPL_RIGHT,Area PFm (IPL) right,JULICH_BRAIN_CYTOARCHITECTONIC_ATLAS_V3_1_AREA_PFM_IPL,Area PFm (IPL),right,Area PFm (IPL),G4_MICROSTRUCTURAL_FINE,9606,true,true,Area PFm (IPL) right,,source,MISSING,Julich-Brain v3.1 leaf; hemisphere-specific G4 candidate
JULICH_BRAIN_CYTOARCHITECTONIC_ATLAS_V3_1_AREA_PFM_IPL_LEFT,Area PFm (IPL) left,JULICH_BRAIN_CYTOARCHITECTONIC_ATLAS_V3_1_AREA_PFM_IPL,Area PFm (IPL),left,Area PFm (IPL),G4_MICROSTRUCTURAL_FINE,9606,true,true,Area PFm (IPL) left,,source,MISSING,Julich-Brain v3.1 leaf; hemisphere-specific G4 candidate
JULICH_BRAIN_CYTOARCHITECTONIC_ATLAS_V3_1_AREA_PGP_IPL_RIGHT,Area PGp (IPL) right,JULICH_BRAIN_CYTOARCHITECTONIC_ATLAS_V3_1_AREA_PGP_IPL,Area PGp (IPL),right,Area PGp (IPL),G4_MICROSTRUCTURAL_FINE,9606,true,true,Area PGp (IPL) right,,source,MISSING,Julich-Brain v3.1 leaf; hemisphere-specific G4 candidate
JULICH_BRAIN_CYTOARCHITECTONIC_ATLAS_V3_1_AREA_PGP_IPL_LEFT,Area PGp (IPL) left,JULICH_BRAIN_CYTOARCHITECTONIC_ATLAS_V3_1_AREA_PGP_IPL,Area PGp (IPL),left,Area PGp (IPL),G4_MICROSTRUCTURAL_FINE,9606,true,true,Area PGp (IPL) left,,source,MISSING,Julich-Brain v3.1 leaf; hemisphere-specific G4 candidate
JULICH_BRAIN_CYTOARCHITECTONIC_ATLAS_V3_1_AREA_PFOP_IPL_RIGHT,Area PFop (IPL) right,JULICH_BRAIN_CYTOARCHITECTONIC_ATLAS_V3_1_AREA_PFOP_IPL,Area PFop (IPL),right,Area PFop (IPL),G4_MICROSTRUCTURAL_FINE,9606,true,true,Area PFop (IPL) right,,source,MISSING,Julich-Brain v3.1 leaf; hemisphere-specific G4 candidate
JULICH_BRAIN_CYTOARCHITECTONIC_ATLAS_V3_1_AREA_PFOP_IPL_LEFT,Area PFop (IPL) left,JULICH_BRAIN_CYTOARCHITECTONIC_ATLAS_V3_1_AREA_PFOP_IPL,Area PFop (IPL),left,Area PFop (IPL),G4_MICROSTRUCTURAL_FINE,9606,true,true,Area PFop (IPL) left,,source,MISSING,Julich-Brain v3.1 leaf; hemisphere-specific G4 candidate
JULICH_BRAIN_CYTOARCHITECTONIC_ATLAS_V3_1_AREA_HPO1_POS_RIGHT,Area hPO1 (POS) right,JULICH_BRAIN_CYTOARCHITECTONIC_ATLAS_V3_1_AREA_HPO1_POS,Area hPO1 (POS),right,Area hPO1 (POS),G4_MICROSTRUCTURAL_FINE,9606,true,true,Area hPO1 (POS) right,,source,MISSING,Julich-Brain v3.1 leaf; hemisphere-specific G4 candidate
JULICH_BRAIN_CYTOARCHITECTONIC_ATLAS_V3_1_AREA_HPO1_POS_LEFT,Area hPO1 (POS) left,JULICH_BRAIN_CYTOARCHITECTONIC_ATLAS_V3_1_AREA_HPO1_POS,Area hPO1 (POS),left,Area hPO1 (POS),G4_MICROSTRUCTURAL_FINE,9606,true,true,Area hPO1 (POS) left,,source,MISSING,Julich-Brain v3.1 leaf; hemisphere-specific G4 candidate
JULICH_BRAIN_CYTOARCHITECTONIC_ATLAS_V3_1_AREA_HIP1_IPS_RIGHT,Area hIP1 (IPS) right,JULICH_BRAIN_CYTOARCHITECTONIC_ATLAS_V3_1_AREA_HIP1_IPS,Area hIP1 (IPS),right,Area hIP1 (IPS),G4_MICROSTRUCTURAL_FINE,9606,true,true,Area hIP1 (IPS) right,,source,MISSING,Julich-Brain v3.1 leaf; hemisphere-specific G4 candidate
JULICH_BRAIN_CYTOARCHITECTONIC_ATLAS_V3_1_AREA_HIP1_IPS_LEFT,Area hIP1 (IPS) left,JULICH_BRAIN_CYTOARCHITECTONIC_ATLAS_V3_1_AREA_HIP1_IPS,Area hIP1 (IPS),left,Area hIP1 (IPS),G4_MICROSTRUCTURAL_FINE,9606,true,true,Area hIP1 (IPS) left,,source,MISSING,Julich-Brain v3.1 leaf; hemisphere-specific G4 candidate
JULICH_BRAIN_CYTOARCHITECTONIC_ATLAS_V3_1_AREA_HIP7_IPS_RIGHT,Area hIP7 (IPS) right,JULICH_BRAIN_CYTOARCHITECTONIC_ATLAS_V3_1_AREA_HIP7_IPS,Area hIP7 (IPS),right,Area hIP7 (IPS),G4_MICROSTRUCTURAL_FINE,9606,true,true,Area hIP7 (IPS) right,,source,MISSING,Julich-Brain v3.1 leaf; hemisphere-specific G4 candidate
JULICH_BRAIN_CYTOARCHITECTONIC_ATLAS_V3_1_AREA_HIP7_IPS_LEFT,Area hIP7 (IPS) left,JULICH_BRAIN_CYTOARCHITECTONIC_ATLAS_V3_1_AREA_HIP7_IPS,Area hIP7 (IPS),left,Area hIP7 (IPS),G4_MICROSTRUCTURAL_FINE,9606,true,true,Area hIP7 (IPS) left,,source,MISSING,Julich-Brain v3.1 leaf; hemisphere-specific G4 candidate
JULICH_BRAIN_CYTOARCHITECTONIC_ATLAS_V3_1_AREA_HIP3_IPS_RIGHT,Area hIP3 (IPS) right,JULICH_BRAIN_CYTOARCHITECTONIC_ATLAS_V3_1_AREA_HIP3_IPS,Area hIP3 (IPS),right,Area hIP3 (IPS),G4_MICROSTRUCTURAL_FINE,9606,true,true,Area hIP3 (IPS) right,,source,MISSING,Julich-Brain v3.1 leaf; hemisphere-specific G4 candidate
JULICH_BRAIN_CYTOARCHITECTONIC_ATLAS_V3_1_AREA_HIP3_IPS_LEFT,Area hIP3 (IPS) left,JULICH_BRAIN_CYTOARCHITECTONIC_ATLAS_V3_1_AREA_HIP3_IPS,Area hIP3 (IPS),left,Area hIP3 (IPS),G4_MICROSTRUCTURAL_FINE,9606,true,true,Area hIP3 (IPS) left,,source,MISSING,Julich-Brain v3.1 leaf; hemisphere-specific G4 candidate
JULICH_BRAIN_CYTOARCHITECTONIC_ATLAS_V3_1_AREA_HIP2_IPS_RIGHT,Area hIP2 (IPS) right,JULICH_BRAIN_CYTOARCHITECTONIC_ATLAS_V3_1_AREA_HIP2_IPS,Area hIP2 (IPS),right,Area hIP2 (IPS),G4_MICROSTRUCTURAL_FINE,9606,true,true,Area hIP2 (IPS) right,,source,MISSING,Julich-Brain v3.1 leaf; hemisphere-specific G4 candidate
JULICH_BRAIN_CYTOARCHITECTONIC_ATLAS_V3_1_AREA_HIP2_IPS_LEFT,Area hIP2 (IPS) left,JULICH_BRAIN_CYTOARCHITECTONIC_ATLAS_V3_1_AREA_HIP2_IPS,Area hIP2 (IPS),left,Area hIP2 (IPS),G4_MICROSTRUCTURAL_FINE,9606,true,true,Area hIP2 (IPS) left,,source,MISSING,Julich-Brain v3.1 leaf; hemisphere-specific G4 candidate
JULICH_BRAIN_CYTOARCHITECTONIC_ATLAS_V3_1_AREA_HIP4_IPS_RIGHT,Area hIP4 (IPS) right,JULICH_BRAIN_CYTOARCHITECTONIC_ATLAS_V3_1_AREA_HIP4_IPS,Area hIP4 (IPS),right,Area hIP4 (IPS),G4_MICROSTRUCTURAL_FINE,9606,true,true,Area hIP4 (IPS) right,,source,MISSING,Julich-Brain v3.1 leaf; hemisphere-specific G4 candidate
JULICH_BRAIN_CYTOARCHITECTONIC_ATLAS_V3_1_AREA_HIP4_IPS_LEFT,Area hIP4 (IPS) left,JULICH_BRAIN_CYTOARCHITECTONIC_ATLAS_V3_1_AREA_HIP4_IPS,Area hIP4 (IPS),left,Area hIP4 (IPS),G4_MICROSTRUCTURAL_FINE,9606,true,true,Area hIP4 (IPS) left,,source,MISSING,Julich-Brain v3.1 leaf; hemisphere-specific G4 candidate
JULICH_BRAIN_CYTOARCHITECTONIC_ATLAS_V3_1_AREA_HIP5_IPS_RIGHT,Area hIP5 (IPS) right,JULICH_BRAIN_CYTOARCHITECTONIC_ATLAS_V3_1_AREA_HIP5_IPS,Area hIP5 (IPS),right,Area hIP5 (IPS),G4_MICROSTRUCTURAL_FINE,9606,true,true,Area hIP5 (IPS) right,,source,MISSING,Julich-Brain v3.1 leaf; hemisphere-specific G4 candidate
JULICH_BRAIN_CYTOARCHITECTONIC_ATLAS_V3_1_AREA_HIP5_IPS_LEFT,Area hIP5 (IPS) left,JULICH_BRAIN_CYTOARCHITECTONIC_ATLAS_V3_1_AREA_HIP5_IPS,Area hIP5 (IPS),left,Area hIP5 (IPS),G4_MICROSTRUCTURAL_FINE,9606,true,true,Area hIP5 (IPS) left,,source,MISSING,Julich-Brain v3.1 leaf; hemisphere-specific G4 candidate
JULICH_BRAIN_CYTOARCHITECTONIC_ATLAS_V3_1_AREA_HIP6_IPS_RIGHT,Area hIP6 (IPS) right,JULICH_BRAIN_CYTOARCHITECTONIC_ATLAS_V3_1_AREA_HIP6_IPS,Area hIP6 (IPS),right,Area hIP6 (IPS),G4_MICROSTRUCTURAL_FINE,9606,true,true,Area hIP6 (IPS) right,,source,MISSING,Julich-Brain v3.1 leaf; hemisphere-specific G4 candidate
JULICH_BRAIN_CYTOARCHITECTONIC_ATLAS_V3_1_AREA_HIP6_IPS_LEFT,Area hIP6 (IPS) left,JULICH_BRAIN_CYTOARCHITECTONIC_ATLAS_V3_1_AREA_HIP6_IPS,Area hIP6 (IPS),left,Area hIP6 (IPS),G4_MICROSTRUCTURAL_FINE,9606,true,true,Area hIP6 (IPS) left,,source,MISSING,Julich-Brain v3.1 leaf; hemisphere-specific G4 candidate
JULICH_BRAIN_CYTOARCHITECTONIC_ATLAS_V3_1_AREA_HIP8_IPS_RIGHT,Area hIP8 (IPS) right,JULICH_BRAIN_CYTOARCHITECTONIC_ATLAS_V3_1_AREA_HIP8_IPS,Area hIP8 (IPS),right,Area hIP8 (IPS),G4_MICROSTRUCTURAL_FINE,9606,true,true,Area hIP8 (IPS) right,,source,MISSING,Julich-Brain v3.1 leaf; hemisphere-specific G4 candidate
JULICH_BRAIN_CYTOARCHITECTONIC_ATLAS_V3_1_AREA_HIP8_IPS_LEFT,Area hIP8 (IPS) left,JULICH_BRAIN_CYTOARCHITECTONIC_ATLAS_V3_1_AREA_HIP8_IPS,Area hIP8 (IPS),left,Area hIP8 (IPS),G4_MICROSTRUCTURAL_FINE,9606,true,true,Area hIP8 (IPS) left,,source,MISSING,Julich-Brain v3.1 leaf; hemisphere-specific G4 candidate
JULICH_BRAIN_CYTOARCHITECTONIC_ATLAS_V3_1_FRONTAL_TO_OCCIPITAL_GAPMAP_RIGHT,Frontal-to-Occipital (GapMap) right,JULICH_BRAIN_CYTOARCHITECTONIC_ATLAS_V3_1_FRONTAL_TO_OCCIPITAL_GAPMAP,Frontal-to-Occipital (GapMap),right,Frontal-to-Occipital (GapMap),G4_MICROSTRUCTURAL_FINE,9606,false,false,Frontal-to-Occipital (GapMap) right,,source,MISSING,JULICH_GAPMAP_SUPPORT_LABEL
JULICH_BRAIN_CYTOARCHITECTONIC_ATLAS_V3_1_FRONTAL_TO_OCCIPITAL_GAPMAP_LEFT,Frontal-to-Occipital (GapMap) left,JULICH_BRAIN_CYTOARCHITECTONIC_ATLAS_V3_1_FRONTAL_TO_OCCIPITAL_GAPMAP,Frontal-to-Occipital (GapMap),left,Frontal-to-Occipital (GapMap),G4_MICROSTRUCTURAL_FINE,9606,false,false,Frontal-to-Occipital (GapMap) left,,source,MISSING,JULICH_GAPMAP_SUPPORT_LABEL
JULICH_BRAIN_CYTOARCHITECTONIC_ATLAS_V3_1_TEMPORAL_TO_PARIETAL_GAPMAP_RIGHT,Temporal-to-Parietal (GapMap) right,JULICH_BRAIN_CYTOARCHITECTONIC_ATLAS_V3_1_TEMPORAL_TO_PARIETAL_GAPMAP,Temporal-to-Parietal (GapMap),right,Temporal-to-Parietal (GapMap),G4_MICROSTRUCTURAL_FINE,9606,false,false,Temporal-to-Parietal (GapMap) right,,source,MISSING,JULICH_GAPMAP_SUPPORT_LABEL
JULICH_BRAIN_CYTOARCHITECTONIC_ATLAS_V3_1_TEMPORAL_TO_PARIETAL_GAPMAP_LEFT,Temporal-to-Parietal (GapMap) left,JULICH_BRAIN_CYTOARCHITECTONIC_ATLAS_V3_1_TEMPORAL_TO_PARIETAL_GAPMAP,Temporal-to-Parietal (GapMap),left,Temporal-to-Parietal (GapMap),G4_MICROSTRUCTURAL_FINE,9606,false,false,Temporal-to-Parietal (GapMap) left,,source,MISSING,JULICH_GAPMAP_SUPPORT_LABEL
JULICH_BRAIN_CYTOARCHITECTONIC_ATLAS_V3_1_FRONTAL_I_2_GAPMAP_RIGHT,Frontal-I.2 (GapMap) right,JULICH_BRAIN_CYTOARCHITECTONIC_ATLAS_V3_1_FRONTAL_I_2_GAPMAP,Frontal-I.2 (GapMap),right,Frontal-I.2 (GapMap),G4_MICROSTRUCTURAL_FINE,9606,false,false,Frontal-I.2 (GapMap) right,,source,MISSING,JULICH_GAPMAP_SUPPORT_LABEL
JULICH_BRAIN_CYTOARCHITECTONIC_ATLAS_V3_1_FRONTAL_I_2_GAPMAP_LEFT,Frontal-I.2 (GapMap) left,JULICH_BRAIN_CYTOARCHITECTONIC_ATLAS_V3_1_FRONTAL_I_2_GAPMAP,Frontal-I.2 (GapMap),left,Frontal-I.2 (GapMap),G4_MICROSTRUCTURAL_FINE,9606,false,false,Frontal-I.2 (GapMap) left,,source,MISSING,JULICH_GAPMAP_SUPPORT_LABEL
JULICH_BRAIN_CYTOARCHITECTONIC_ATLAS_V3_1_FRONTAL_TO_TEMPORAL_II_GAPMAP_RIGHT,Frontal-to-Temporal-II (GapMap) right,JULICH_BRAIN_CYTOARCHITECTONIC_ATLAS_V3_1_FRONTAL_TO_TEMPORAL_II_GAPMAP,Frontal-to-Temporal-II (GapMap),right,Frontal-to-Temporal-II (GapMap),G4_MICROSTRUCTURAL_FINE,9606,false,false,Frontal-to-Temporal-II (GapMap) right,,source,MISSING,JULICH_GAPMAP_SUPPORT_LABEL
JULICH_BRAIN_CYTOARCHITECTONIC_ATLAS_V3_1_FRONTAL_TO_TEMPORAL_II_GAPMAP_LEFT,Frontal-to-Temporal-II (GapMap) left,JULICH_BRAIN_CYTOARCHITECTONIC_ATLAS_V3_1_FRONTAL_TO_TEMPORAL_II_GAPMAP,Frontal-to-Temporal-II (GapMap),left,Frontal-to-Temporal-II (GapMap),G4_MICROSTRUCTURAL_FINE,9606,false,false,Frontal-to-Temporal-II (GapMap) left,,source,MISSING,JULICH_GAPMAP_SUPPORT_LABEL
JULICH_BRAIN_CYTOARCHITECTONIC_ATLAS_V3_1_FRONTAL_I_1_GAPMAP_RIGHT,Frontal-I.1 (GapMap) right,JULICH_BRAIN_CYTOARCHITECTONIC_ATLAS_V3_1_FRONTAL_I_1_GAPMAP,Frontal-I.1 (GapMap),right,Frontal-I.1 (GapMap),G4_MICROSTRUCTURAL_FINE,9606,false,false,Frontal-I.1 (GapMap) right,,source,MISSING,JULICH_GAPMAP_SUPPORT_LABEL
JULICH_BRAIN_CYTOARCHITECTONIC_ATLAS_V3_1_FRONTAL_I_1_GAPMAP_LEFT,Frontal-I.1 (GapMap) left,JULICH_BRAIN_CYTOARCHITECTONIC_ATLAS_V3_1_FRONTAL_I_1_GAPMAP,Frontal-I.1 (GapMap),left,Frontal-I.1 (GapMap),G4_MICROSTRUCTURAL_FINE,9606,false,false,Frontal-I.1 (GapMap) left,,source,MISSING,JULICH_GAPMAP_SUPPORT_LABEL
JULICH_BRAIN_CYTOARCHITECTONIC_ATLAS_V3_1_FRONTAL_TO_TEMPORAL_I_GAPMAP_RIGHT,Frontal-to-Temporal-I (GapMap) right,JULICH_BRAIN_CYTOARCHITECTONIC_ATLAS_V3_1_FRONTAL_TO_TEMPORAL_I_GAPMAP,Frontal-to-Temporal-I (GapMap),right,Frontal-to-Temporal-I (GapMap),G4_MICROSTRUCTURAL_FINE,9606,false,false,Frontal-to-Temporal-I (GapMap) right,,source,MISSING,JULICH_GAPMAP_SUPPORT_LABEL
JULICH_BRAIN_CYTOARCHITECTONIC_ATLAS_V3_1_FRONTAL_TO_TEMPORAL_I_GAPMAP_LEFT,Frontal-to-Temporal-I (GapMap) left,JULICH_BRAIN_CYTOARCHITECTONIC_ATLAS_V3_1_FRONTAL_TO_TEMPORAL_I_GAPMAP,Frontal-to-Temporal-I (GapMap),left,Frontal-to-Temporal-I (GapMap),G4_MICROSTRUCTURAL_FINE,9606,false,false,Frontal-to-Temporal-I (GapMap) left,,source,MISSING,JULICH_GAPMAP_SUPPORT_LABEL
JULICH_BRAIN_CYTOARCHITECTONIC_ATLAS_V3_1_FRONTAL_II_GAPMAP_RIGHT,Frontal-II (GapMap) right,JULICH_BRAIN_CYTOARCHITECTONIC_ATLAS_V3_1_FRONTAL_II_GAPMAP,Frontal-II (GapMap),right,Frontal-II (GapMap),G4_MICROSTRUCTURAL_FINE,9606,false,false,Frontal-II (GapMap) right,,source,MISSING,JULICH_GAPMAP_SUPPORT_LABEL
JULICH_BRAIN_CYTOARCHITECTONIC_ATLAS_V3_1_FRONTAL_II_GAPMAP_LEFT,Frontal-II (GapMap) left,JULICH_BRAIN_CYTOARCHITECTONIC_ATLAS_V3_1_FRONTAL_II_GAPMAP,Frontal-II (GapMap),left,Frontal-II (GapMap),G4_MICROSTRUCTURAL_FINE,9606,false,false,Frontal-II (GapMap) left,,source,MISSING,JULICH_GAPMAP_SUPPORT_LABEL
JULICH_BRAIN_CYTOARCHITECTONIC_ATLAS_V3_1_AREA_6V3_PRECG_RIGHT,Area 6v3 (PreCG) right,JULICH_BRAIN_CYTOARCHITECTONIC_ATLAS_V3_1_AREA_6V3_PRECG,Area 6v3 (PreCG),right,Area 6v3 (PreCG),G4_MICROSTRUCTURAL_FINE,9606,true,true,Area 6v3 (PreCG) right,,source,MISSING,Julich-Brain v3.1 leaf; hemisphere-specific G4 candidate
JULICH_BRAIN_CYTOARCHITECTONIC_ATLAS_V3_1_AREA_6V3_PRECG_LEFT,Area 6v3 (PreCG) left,JULICH_BRAIN_CYTOARCHITECTONIC_ATLAS_V3_1_AREA_6V3_PRECG,Area 6v3 (PreCG),left,Area 6v3 (PreCG),G4_MICROSTRUCTURAL_FINE,9606,true,true,Area 6v3 (PreCG) left,,source,MISSING,Julich-Brain v3.1 leaf; hemisphere-specific G4 candidate
JULICH_BRAIN_CYTOARCHITECTONIC_ATLAS_V3_1_AREA_6V2_PRECG_RIGHT,Area 6v2 (PreCG) right,JULICH_BRAIN_CYTOARCHITECTONIC_ATLAS_V3_1_AREA_6V2_PRECG,Area 6v2 (PreCG),right,Area 6v2 (PreCG),G4_MICROSTRUCTURAL_FINE,9606,true,true,Area 6v2 (PreCG) right,,source,MISSING,Julich-Brain v3.1 leaf; hemisphere-specific G4 candidate
JULICH_BRAIN_CYTOARCHITECTONIC_ATLAS_V3_1_AREA_6V2_PRECG_LEFT,Area 6v2 (PreCG) left,JULICH_BRAIN_CYTOARCHITECTONIC_ATLAS_V3_1_AREA_6V2_PRECG,Area 6v2 (PreCG),left,Area 6v2 (PreCG),G4_MICROSTRUCTURAL_FINE,9606,true,true,Area 6v2 (PreCG) left,,source,MISSING,Julich-Brain v3.1 leaf; hemisphere-specific G4 candidate
JULICH_BRAIN_CYTOARCHITECTONIC_ATLAS_V3_1_AREA_6R1_PRECG_RIGHT,Area 6r1 (PreCG) right,JULICH_BRAIN_CYTOARCHITECTONIC_ATLAS_V3_1_AREA_6R1_PRECG,Area 6r1 (PreCG),right,Area 6r1 (PreCG),G4_MICROSTRUCTURAL_FINE,9606,true,true,Area 6r1 (PreCG) right,,source,MISSING,Julich-Brain v3.1 leaf; hemisphere-specific G4 candidate
JULICH_BRAIN_CYTOARCHITECTONIC_ATLAS_V3_1_AREA_6R1_PRECG_LEFT,Area 6r1 (PreCG) left,JULICH_BRAIN_CYTOARCHITECTONIC_ATLAS_V3_1_AREA_6R1_PRECG,Area 6r1 (PreCG),left,Area 6r1 (PreCG),G4_MICROSTRUCTURAL_FINE,9606,true,true,Area 6r1 (PreCG) left,,source,MISSING,Julich-Brain v3.1 leaf; hemisphere-specific G4 candidate
JULICH_BRAIN_CYTOARCHITECTONIC_ATLAS_V3_1_AREA_6V1_PRECG_RIGHT,Area 6v1 (PreCG) right,JULICH_BRAIN_CYTOARCHITECTONIC_ATLAS_V3_1_AREA_6V1_PRECG,Area 6v1 (PreCG),right,Area 6v1 (PreCG),G4_MICROSTRUCTURAL_FINE,9606,true,true,Area 6v1 (PreCG) right,,source,MISSING,Julich-Brain v3.1 leaf; hemisphere-specific G4 candidate
JULICH_BRAIN_CYTOARCHITECTONIC_ATLAS_V3_1_AREA_6V1_PRECG_LEFT,Area 6v1 (PreCG) left,JULICH_BRAIN_CYTOARCHITECTONIC_ATLAS_V3_1_AREA_6V1_PRECG,Area 6v1 (PreCG),left,Area 6v1 (PreCG),G4_MICROSTRUCTURAL_FINE,9606,true,true,Area 6v1 (PreCG) left,,source,MISSING,Julich-Brain v3.1 leaf; hemisphere-specific G4 candidate
JULICH_BRAIN_CYTOARCHITECTONIC_ATLAS_V3_1_AREA_6D2_PRECG_RIGHT,Area 6d2 (PreCG) right,JULICH_BRAIN_CYTOARCHITECTONIC_ATLAS_V3_1_AREA_6D2_PRECG,Area 6d2 (PreCG),right,Area 6d2 (PreCG),G4_MICROSTRUCTURAL_FINE,9606,true,true,Area 6d2 (PreCG) right,,source,MISSING,Julich-Brain v3.1 leaf; hemisphere-specific G4 candidate
JULICH_BRAIN_CYTOARCHITECTONIC_ATLAS_V3_1_AREA_6D2_PRECG_LEFT,Area 6d2 (PreCG) left,JULICH_BRAIN_CYTOARCHITECTONIC_ATLAS_V3_1_AREA_6D2_PRECG,Area 6d2 (PreCG),left,Area 6d2 (PreCG),G4_MICROSTRUCTURAL_FINE,9606,true,true,Area 6d2 (PreCG) left,,source,MISSING,Julich-Brain v3.1 leaf; hemisphere-specific G4 candidate
JULICH_BRAIN_CYTOARCHITECTONIC_ATLAS_V3_1_AREA_6D1_PRECG_RIGHT,Area 6d1 (PreCG) right,JULICH_BRAIN_CYTOARCHITECTONIC_ATLAS_V3_1_AREA_6D1_PRECG,Area 6d1 (PreCG),right,Area 6d1 (PreCG),G4_MICROSTRUCTURAL_FINE,9606,true,true,Area 6d1 (PreCG) right,,source,MISSING,Julich-Brain v3.1 leaf; hemisphere-specific G4 candidate
JULICH_BRAIN_CYTOARCHITECTONIC_ATLAS_V3_1_AREA_6D1_PRECG_LEFT,Area 6d1 (PreCG) left,JULICH_BRAIN_CYTOARCHITECTONIC_ATLAS_V3_1_AREA_6D1_PRECG,Area 6d1 (PreCG),left,Area 6d1 (PreCG),G4_MICROSTRUCTURAL_FINE,9606,true,true,Area 6d1 (PreCG) left,,source,MISSING,Julich-Brain v3.1 leaf; hemisphere-specific G4 candidate
JULICH_BRAIN_CYTOARCHITECTONIC_ATLAS_V3_1_AREA_6MA_PRESMA_MESIAL_SFG_RIGHT,"Area 6ma (preSMA, mesial SFG) right",JULICH_BRAIN_CYTOARCHITECTONIC_ATLAS_V3_1_AREA_6MA_PRESMA_MESIAL_SFG,"Area 6ma (preSMA, mesial SFG)",right,"Area 6ma (preSMA, mesial SFG)",G4_MICROSTRUCTURAL_FINE,9606,true,true,"Area 6ma (preSMA, mesial SFG) right",,source,MISSING,Julich-Brain v3.1 leaf; hemisphere-specific G4 candidate
JULICH_BRAIN_CYTOARCHITECTONIC_ATLAS_V3_1_AREA_6MA_PRESMA_MESIAL_SFG_LEFT,"Area 6ma (preSMA, mesial SFG) left",JULICH_BRAIN_CYTOARCHITECTONIC_ATLAS_V3_1_AREA_6MA_PRESMA_MESIAL_SFG,"Area 6ma (preSMA, mesial SFG)",left,"Area 6ma (preSMA, mesial SFG)",G4_MICROSTRUCTURAL_FINE,9606,true,true,"Area 6ma (preSMA, mesial SFG) left",,source,MISSING,Julich-Brain v3.1 leaf; hemisphere-specific G4 candidate
JULICH_BRAIN_CYTOARCHITECTONIC_ATLAS_V3_1_AREA_FP1_FPOLE_RIGHT,Area Fp1 (FPole) right,JULICH_BRAIN_CYTOARCHITECTONIC_ATLAS_V3_1_AREA_FP1_FPOLE,Area Fp1 (FPole),right,Area Fp1 (FPole),G4_MICROSTRUCTURAL_FINE,9606,true,true,Area Fp1 (FPole) right,,source,MISSING,Julich-Brain v3.1 leaf; hemisphere-specific G4 candidate
JULICH_BRAIN_CYTOARCHITECTONIC_ATLAS_V3_1_AREA_FP1_FPOLE_LEFT,Area Fp1 (FPole) left,JULICH_BRAIN_CYTOARCHITECTONIC_ATLAS_V3_1_AREA_FP1_FPOLE,Area Fp1 (FPole),left,Area Fp1 (FPole),G4_MICROSTRUCTURAL_FINE,9606,true,true,Area Fp1 (FPole) left,,source,MISSING,Julich-Brain v3.1 leaf; hemisphere-specific G4 candidate
JULICH_BRAIN_CYTOARCHITECTONIC_ATLAS_V3_1_AREA_FP2_FPOLE_RIGHT,Area Fp2 (FPole) right,JULICH_BRAIN_CYTOARCHITECTONIC_ATLAS_V3_1_AREA_FP2_FPOLE,Area Fp2 (FPole),right,Area Fp2 (FPole),G4_MICROSTRUCTURAL_FINE,9606,true,true,Area Fp2 (FPole) right,,source,MISSING,Julich-Brain v3.1 leaf; hemisphere-specific G4 candidate
JULICH_BRAIN_CYTOARCHITECTONIC_ATLAS_V3_1_AREA_FP2_FPOLE_LEFT,Area Fp2 (FPole) left,JULICH_BRAIN_CYTOARCHITECTONIC_ATLAS_V3_1_AREA_FP2_FPOLE,Area Fp2 (FPole),left,Area Fp2 (FPole),G4_MICROSTRUCTURAL_FINE,9606,true,true,Area Fp2 (FPole) left,,source,MISSING,Julich-Brain v3.1 leaf; hemisphere-specific G4 candidate
JULICH_BRAIN_CYTOARCHITECTONIC_ATLAS_V3_1_AREA_6MP_SMA_MESIAL_SFG_RIGHT,"Area 6mp (SMA, mesial SFG) right",JULICH_BRAIN_CYTOARCHITECTONIC_ATLAS_V3_1_AREA_6MP_SMA_MESIAL_SFG,"Area 6mp (SMA, mesial SFG)",right,"Area 6mp (SMA, mesial SFG)",G4_MICROSTRUCTURAL_FINE,9606,true,true,"Area 6mp (SMA, mesial SFG) right",,source,MISSING,Julich-Brain v3.1 leaf; hemisphere-specific G4 candidate
JULICH_BRAIN_CYTOARCHITECTONIC_ATLAS_V3_1_AREA_6MP_SMA_MESIAL_SFG_LEFT,"Area 6mp (SMA, mesial SFG) left",JULICH_BRAIN_CYTOARCHITECTONIC_ATLAS_V3_1_AREA_6MP_SMA_MESIAL_SFG,"Area 6mp (SMA, mesial SFG)",left,"Area 6mp (SMA, mesial SFG)",G4_MICROSTRUCTURAL_FINE,9606,true,true,"Area 6mp (SMA, mesial SFG) left",,source,MISSING,Julich-Brain v3.1 leaf; hemisphere-specific G4 candidate
JULICH_BRAIN_CYTOARCHITECTONIC_ATLAS_V3_1_AREA_FO1_OFC_RIGHT,Area Fo1 (OFC) right,JULICH_BRAIN_CYTOARCHITECTONIC_ATLAS_V3_1_AREA_FO1_OFC,Area Fo1 (OFC),right,Area Fo1 (OFC),G4_MICROSTRUCTURAL_FINE,9606,true,true,Area Fo1 (OFC) right,,source,MISSING,Julich-Brain v3.1 leaf; hemisphere-specific G4 candidate
JULICH_BRAIN_CYTOARCHITECTONIC_ATLAS_V3_1_AREA_FO1_OFC_LEFT,Area Fo1 (OFC) left,JULICH_BRAIN_CYTOARCHITECTONIC_ATLAS_V3_1_AREA_FO1_OFC,Area Fo1 (OFC),left,Area Fo1 (OFC),G4_MICROSTRUCTURAL_FINE,9606,true,true,Area Fo1 (OFC) left,,source,MISSING,Julich-Brain v3.1 leaf; hemisphere-specific G4 candidate
JULICH_BRAIN_CYTOARCHITECTONIC_ATLAS_V3_1_AREA_FO3_OFC_RIGHT,Area Fo3 (OFC) right,JULICH_BRAIN_CYTOARCHITECTONIC_ATLAS_V3_1_AREA_FO3_OFC,Area Fo3 (OFC),right,Area Fo3 (OFC),G4_MICROSTRUCTURAL_FINE,9606,true,true,Area Fo3 (OFC) right,,source,MISSING,Julich-Brain v3.1 leaf; hemisphere-specific G4 candidate
JULICH_BRAIN_CYTOARCHITECTONIC_ATLAS_V3_1_AREA_FO3_OFC_LEFT,Area Fo3 (OFC) left,JULICH_BRAIN_CYTOARCHITECTONIC_ATLAS_V3_1_AREA_FO3_OFC,Area Fo3 (OFC),left,Area Fo3 (OFC),G4_MICROSTRUCTURAL_FINE,9606,true,true,Area Fo3 (OFC) left,,source,MISSING,Julich-Brain v3.1 leaf; hemisphere-specific G4 candidate
JULICH_BRAIN_CYTOARCHITECTONIC_ATLAS_V3_1_AREA_FO2_OFC_RIGHT,Area Fo2 (OFC) right,JULICH_BRAIN_CYTOARCHITECTONIC_ATLAS_V3_1_AREA_FO2_OFC,Area Fo2 (OFC),right,Area Fo2 (OFC),G4_MICROSTRUCTURAL_FINE,9606,true,true,Area Fo2 (OFC) right,,source,MISSING,Julich-Brain v3.1 leaf; hemisphere-specific G4 candidate
JULICH_BRAIN_CYTOARCHITECTONIC_ATLAS_V3_1_AREA_FO2_OFC_LEFT,Area Fo2 (OFC) left,JULICH_BRAIN_CYTOARCHITECTONIC_ATLAS_V3_1_AREA_FO2_OFC,Area Fo2 (OFC),left,Area Fo2 (OFC),G4_MICROSTRUCTURAL_FINE,9606,true,true,Area Fo2 (OFC) left,,source,MISSING,Julich-Brain v3.1 leaf; hemisphere-specific G4 candidate
JULICH_BRAIN_CYTOARCHITECTONIC_ATLAS_V3_1_AREA_4P_PRECG_RIGHT,Area 4p (PreCG) right,JULICH_BRAIN_CYTOARCHITECTONIC_ATLAS_V3_1_AREA_4P_PRECG,Area 4p (PreCG),right,Area 4p (PreCG),G4_MICROSTRUCTURAL_FINE,9606,true,true,Area 4p (PreCG) right,,source,MISSING,Julich-Brain v3.1 leaf; hemisphere-specific G4 candidate
JULICH_BRAIN_CYTOARCHITECTONIC_ATLAS_V3_1_AREA_4P_PRECG_LEFT,Area 4p (PreCG) left,JULICH_BRAIN_CYTOARCHITECTONIC_ATLAS_V3_1_AREA_4P_PRECG,Area 4p (PreCG),left,Area 4p (PreCG),G4_MICROSTRUCTURAL_FINE,9606,true,true,Area 4p (PreCG) left,,source,MISSING,Julich-Brain v3.1 leaf; hemisphere-specific G4 candidate
JULICH_BRAIN_CYTOARCHITECTONIC_ATLAS_V3_1_AREA_4A_PRECG_RIGHT,Area 4a (PreCG) right,JULICH_BRAIN_CYTOARCHITECTONIC_ATLAS_V3_1_AREA_4A_PRECG,Area 4a (PreCG),right,Area 4a (PreCG),G4_MICROSTRUCTURAL_FINE,9606,true,true,Area 4a (PreCG) right,,source,MISSING,Julich-Brain v3.1 leaf; hemisphere-specific G4 candidate
JULICH_BRAIN_CYTOARCHITECTONIC_ATLAS_V3_1_AREA_4A_PRECG_LEFT,Area 4a (PreCG) left,JULICH_BRAIN_CYTOARCHITECTONIC_ATLAS_V3_1_AREA_4A_PRECG,Area 4a (PreCG),left,Area 4a (PreCG),G4_MICROSTRUCTURAL_FINE,9606,true,true,Area 4a (PreCG) left,,source,MISSING,Julich-Brain v3.1 leaf; hemisphere-specific G4 candidate
JULICH_BRAIN_CYTOARCHITECTONIC_ATLAS_V3_1_AREA_OP10_FRONTAL_OPERCULUM_RIGHT,Area Op10 (Frontal Operculum) right,JULICH_BRAIN_CYTOARCHITECTONIC_ATLAS_V3_1_AREA_OP10_FRONTAL_OPERCULUM,Area Op10 (Frontal Operculum),right,Area Op10 (Frontal Operculum),G4_MICROSTRUCTURAL_FINE,9606,true,true,Area Op10 (Frontal Operculum) right,,source,MISSING,Julich-Brain v3.1 leaf; hemisphere-specific G4 candidate
JULICH_BRAIN_CYTOARCHITECTONIC_ATLAS_V3_1_AREA_OP10_FRONTAL_OPERCULUM_LEFT,Area Op10 (Frontal Operculum) left,JULICH_BRAIN_CYTOARCHITECTONIC_ATLAS_V3_1_AREA_OP10_FRONTAL_OPERCULUM,Area Op10 (Frontal Operculum),left,Area Op10 (Frontal Operculum),G4_MICROSTRUCTURAL_FINE,9606,true,true,Area Op10 (Frontal Operculum) left,,source,MISSING,Julich-Brain v3.1 leaf; hemisphere-specific G4 candidate
JULICH_BRAIN_CYTOARCHITECTONIC_ATLAS_V3_1_AREA_OP6_FRONTAL_OPERCULUM_RIGHT,Area Op6 (Frontal Operculum) right,JULICH_BRAIN_CYTOARCHITECTONIC_ATLAS_V3_1_AREA_OP6_FRONTAL_OPERCULUM,Area Op6 (Frontal Operculum),right,Area Op6 (Frontal Operculum),G4_MICROSTRUCTURAL_FINE,9606,true,true,Area Op6 (Frontal Operculum) right,,source,MISSING,Julich-Brain v3.1 leaf; hemisphere-specific G4 candidate
JULICH_BRAIN_CYTOARCHITECTONIC_ATLAS_V3_1_AREA_OP6_FRONTAL_OPERCULUM_LEFT,Area Op6 (Frontal Operculum) left,JULICH_BRAIN_CYTOARCHITECTONIC_ATLAS_V3_1_AREA_OP6_FRONTAL_OPERCULUM,Area Op6 (Frontal Operculum),left,Area Op6 (Frontal Operculum),G4_MICROSTRUCTURAL_FINE,9606,true,true,Area Op6 (Frontal Operculum) left,,source,MISSING,Julich-Brain v3.1 leaf; hemisphere-specific G4 candidate
JULICH_BRAIN_CYTOARCHITECTONIC_ATLAS_V3_1_AREA_OP5_FRONTAL_OPERCULUM_RIGHT,Area Op5 (Frontal Operculum) right,JULICH_BRAIN_CYTOARCHITECTONIC_ATLAS_V3_1_AREA_OP5_FRONTAL_OPERCULUM,Area Op5 (Frontal Operculum),right,Area Op5 (Frontal Operculum),G4_MICROSTRUCTURAL_FINE,9606,true,true,Area Op5 (Frontal Operculum) right,,source,MISSING,Julich-Brain v3.1 leaf; hemisphere-specific G4 candidate
JULICH_BRAIN_CYTOARCHITECTONIC_ATLAS_V3_1_AREA_OP5_FRONTAL_OPERCULUM_LEFT,Area Op5 (Frontal Operculum) left,JULICH_BRAIN_CYTOARCHITECTONIC_ATLAS_V3_1_AREA_OP5_FRONTAL_OPERCULUM,Area Op5 (Frontal Operculum),left,Area Op5 (Frontal Operculum),G4_MICROSTRUCTURAL_FINE,9606,true,true,Area Op5 (Frontal Operculum) left,,source,MISSING,Julich-Brain v3.1 leaf; hemisphere-specific G4 candidate
JULICH_BRAIN_CYTOARCHITECTONIC_ATLAS_V3_1_AREA_OP7_FRONTAL_OPERCULUM_RIGHT,Area Op7 (Frontal Operculum) right,JULICH_BRAIN_CYTOARCHITECTONIC_ATLAS_V3_1_AREA_OP7_FRONTAL_OPERCULUM,Area Op7 (Frontal Operculum),right,Area Op7 (Frontal Operculum),G4_MICROSTRUCTURAL_FINE,9606,true,true,Area Op7 (Frontal Operculum) right,,source,MISSING,Julich-Brain v3.1 leaf; hemisphere-specific G4 candidate
JULICH_BRAIN_CYTOARCHITECTONIC_ATLAS_V3_1_AREA_OP7_FRONTAL_OPERCULUM_LEFT,Area Op7 (Frontal Operculum) left,JULICH_BRAIN_CYTOARCHITECTONIC_ATLAS_V3_1_AREA_OP7_FRONTAL_OPERCULUM,Area Op7 (Frontal Operculum),left,Area Op7 (Frontal Operculum),G4_MICROSTRUCTURAL_FINE,9606,true,true,Area Op7 (Frontal Operculum) left,,source,MISSING,Julich-Brain v3.1 leaf; hemisphere-specific G4 candidate
JULICH_BRAIN_CYTOARCHITECTONIC_ATLAS_V3_1_AREA_OP9_FRONTAL_OPERCULUM_RIGHT,Area Op9 (Frontal Operculum) right,JULICH_BRAIN_CYTOARCHITECTONIC_ATLAS_V3_1_AREA_OP9_FRONTAL_OPERCULUM,Area Op9 (Frontal Operculum),right,Area Op9 (Frontal Operculum),G4_MICROSTRUCTURAL_FINE,9606,true,true,Area Op9 (Frontal Operculum) right,,source,MISSING,Julich-Brain v3.1 leaf; hemisphere-specific G4 candidate
JULICH_BRAIN_CYTOARCHITECTONIC_ATLAS_V3_1_AREA_OP9_FRONTAL_OPERCULUM_LEFT,Area Op9 (Frontal Operculum) left,JULICH_BRAIN_CYTOARCHITECTONIC_ATLAS_V3_1_AREA_OP9_FRONTAL_OPERCULUM,Area Op9 (Frontal Operculum),left,Area Op9 (Frontal Operculum),G4_MICROSTRUCTURAL_FINE,9606,true,true,Area Op9 (Frontal Operculum) left,,source,MISSING,Julich-Brain v3.1 leaf; hemisphere-specific G4 candidate
JULICH_BRAIN_CYTOARCHITECTONIC_ATLAS_V3_1_AREA_OP8_FRONTAL_OPERCULUM_RIGHT,Area Op8 (Frontal Operculum) right,JULICH_BRAIN_CYTOARCHITECTONIC_ATLAS_V3_1_AREA_OP8_FRONTAL_OPERCULUM,Area Op8 (Frontal Operculum),right,Area Op8 (Frontal Operculum),G4_MICROSTRUCTURAL_FINE,9606,true,true,Area Op8 (Frontal Operculum) right,,source,MISSING,Julich-Brain v3.1 leaf; hemisphere-specific G4 candidate
JULICH_BRAIN_CYTOARCHITECTONIC_ATLAS_V3_1_AREA_OP8_FRONTAL_OPERCULUM_LEFT,Area Op8 (Frontal Operculum) left,JULICH_BRAIN_CYTOARCHITECTONIC_ATLAS_V3_1_AREA_OP8_FRONTAL_OPERCULUM,Area Op8 (Frontal Operculum),left,Area Op8 (Frontal Operculum),G4_MICROSTRUCTURAL_FINE,9606,true,true,Area Op8 (Frontal Operculum) left,,source,MISSING,Julich-Brain v3.1 leaf; hemisphere-specific G4 candidate
JULICH_BRAIN_CYTOARCHITECTONIC_ATLAS_V3_1_AREA_IFS4_IFS_RIGHT,Area IFS4 (IFS) right,JULICH_BRAIN_CYTOARCHITECTONIC_ATLAS_V3_1_AREA_IFS4_IFS,Area IFS4 (IFS),right,Area IFS4 (IFS),G4_MICROSTRUCTURAL_FINE,9606,true,true,Area IFS4 (IFS) right,,source,MISSING,Julich-Brain v3.1 leaf; hemisphere-specific G4 candidate
JULICH_BRAIN_CYTOARCHITECTONIC_ATLAS_V3_1_AREA_IFS4_IFS_LEFT,Area IFS4 (IFS) left,JULICH_BRAIN_CYTOARCHITECTONIC_ATLAS_V3_1_AREA_IFS4_IFS,Area IFS4 (IFS),left,Area IFS4 (IFS),G4_MICROSTRUCTURAL_FINE,9606,true,true,Area IFS4 (IFS) left,,source,MISSING,Julich-Brain v3.1 leaf; hemisphere-specific G4 candidate
JULICH_BRAIN_CYTOARCHITECTONIC_ATLAS_V3_1_AREA_IFS2_IFS_RIGHT,Area IFS2 (IFS) right,JULICH_BRAIN_CYTOARCHITECTONIC_ATLAS_V3_1_AREA_IFS2_IFS,Area IFS2 (IFS),right,Area IFS2 (IFS),G4_MICROSTRUCTURAL_FINE,9606,true,true,Area IFS2 (IFS) right,,source,MISSING,Julich-Brain v3.1 leaf; hemisphere-specific G4 candidate
JULICH_BRAIN_CYTOARCHITECTONIC_ATLAS_V3_1_AREA_IFS2_IFS_LEFT,Area IFS2 (IFS) left,JULICH_BRAIN_CYTOARCHITECTONIC_ATLAS_V3_1_AREA_IFS2_IFS,Area IFS2 (IFS),left,Area IFS2 (IFS),G4_MICROSTRUCTURAL_FINE,9606,true,true,Area IFS2 (IFS) left,,source,MISSING,Julich-Brain v3.1 leaf; hemisphere-specific G4 candidate
JULICH_BRAIN_CYTOARCHITECTONIC_ATLAS_V3_1_AREA_IFS1_IFS_RIGHT,Area IFS1 (IFS) right,JULICH_BRAIN_CYTOARCHITECTONIC_ATLAS_V3_1_AREA_IFS1_IFS,Area IFS1 (IFS),right,Area IFS1 (IFS),G4_MICROSTRUCTURAL_FINE,9606,true,true,Area IFS1 (IFS) right,,source,MISSING,Julich-Brain v3.1 leaf; hemisphere-specific G4 candidate
JULICH_BRAIN_CYTOARCHITECTONIC_ATLAS_V3_1_AREA_IFS1_IFS_LEFT,Area IFS1 (IFS) left,JULICH_BRAIN_CYTOARCHITECTONIC_ATLAS_V3_1_AREA_IFS1_IFS,Area IFS1 (IFS),left,Area IFS1 (IFS),G4_MICROSTRUCTURAL_FINE,9606,true,true,Area IFS1 (IFS) left,,source,MISSING,Julich-Brain v3.1 leaf; hemisphere-specific G4 candidate
JULICH_BRAIN_CYTOARCHITECTONIC_ATLAS_V3_1_AREA_IFJ2_IFS_PRECS_RIGHT,"Area IFJ2 (IFS, PreCS) right",JULICH_BRAIN_CYTOARCHITECTONIC_ATLAS_V3_1_AREA_IFJ2_IFS_PRECS,"Area IFJ2 (IFS, PreCS)",right,"Area IFJ2 (IFS, PreCS)",G4_MICROSTRUCTURAL_FINE,9606,true,true,"Area IFJ2 (IFS, PreCS) right",,source,MISSING,Julich-Brain v3.1 leaf; hemisphere-specific G4 candidate
JULICH_BRAIN_CYTOARCHITECTONIC_ATLAS_V3_1_AREA_IFJ2_IFS_PRECS_LEFT,"Area IFJ2 (IFS, PreCS) left",JULICH_BRAIN_CYTOARCHITECTONIC_ATLAS_V3_1_AREA_IFJ2_IFS_PRECS,"Area IFJ2 (IFS, PreCS)",left,"Area IFJ2 (IFS, PreCS)",G4_MICROSTRUCTURAL_FINE,9606,true,true,"Area IFJ2 (IFS, PreCS) left",,source,MISSING,Julich-Brain v3.1 leaf; hemisphere-specific G4 candidate
JULICH_BRAIN_CYTOARCHITECTONIC_ATLAS_V3_1_AREA_IFS3_IFS_RIGHT,Area IFS3 (IFS) right,JULICH_BRAIN_CYTOARCHITECTONIC_ATLAS_V3_1_AREA_IFS3_IFS,Area IFS3 (IFS),right,Area IFS3 (IFS),G4_MICROSTRUCTURAL_FINE,9606,true,true,Area IFS3 (IFS) right,,source,MISSING,Julich-Brain v3.1 leaf; hemisphere-specific G4 candidate
JULICH_BRAIN_CYTOARCHITECTONIC_ATLAS_V3_1_AREA_IFS3_IFS_LEFT,Area IFS3 (IFS) left,JULICH_BRAIN_CYTOARCHITECTONIC_ATLAS_V3_1_AREA_IFS3_IFS,Area IFS3 (IFS),left,Area IFS3 (IFS),G4_MICROSTRUCTURAL_FINE,9606,true,true,Area IFS3 (IFS) left,,source,MISSING,Julich-Brain v3.1 leaf; hemisphere-specific G4 candidate
JULICH_BRAIN_CYTOARCHITECTONIC_ATLAS_V3_1_AREA_IFJ1_IFS_PRECS_RIGHT,"Area IFJ1 (IFS, PreCS) right",JULICH_BRAIN_CYTOARCHITECTONIC_ATLAS_V3_1_AREA_IFJ1_IFS_PRECS,"Area IFJ1 (IFS, PreCS)",right,"Area IFJ1 (IFS, PreCS)",G4_MICROSTRUCTURAL_FINE,9606,true,true,"Area IFJ1 (IFS, PreCS) right",,source,MISSING,Julich-Brain v3.1 leaf; hemisphere-specific G4 candidate
JULICH_BRAIN_CYTOARCHITECTONIC_ATLAS_V3_1_AREA_IFJ1_IFS_PRECS_LEFT,"Area IFJ1 (IFS, PreCS) left",JULICH_BRAIN_CYTOARCHITECTONIC_ATLAS_V3_1_AREA_IFJ1_IFS_PRECS,"Area IFJ1 (IFS, PreCS)",left,"Area IFJ1 (IFS, PreCS)",G4_MICROSTRUCTURAL_FINE,9606,true,true,"Area IFJ1 (IFS, PreCS) left",,source,MISSING,Julich-Brain v3.1 leaf; hemisphere-specific G4 candidate
JULICH_BRAIN_CYTOARCHITECTONIC_ATLAS_V3_1_AREA_MFG2_MFG_RIGHT,Area MFG2 (MFG) right,JULICH_BRAIN_CYTOARCHITECTONIC_ATLAS_V3_1_AREA_MFG2_MFG,Area MFG2 (MFG),right,Area MFG2 (MFG),G4_MICROSTRUCTURAL_FINE,9606,true,true,Area MFG2 (MFG) right,,source,MISSING,Julich-Brain v3.1 leaf; hemisphere-specific G4 candidate
JULICH_BRAIN_CYTOARCHITECTONIC_ATLAS_V3_1_AREA_MFG2_MFG_LEFT,Area MFG2 (MFG) left,JULICH_BRAIN_CYTOARCHITECTONIC_ATLAS_V3_1_AREA_MFG2_MFG,Area MFG2 (MFG),left,Area MFG2 (MFG),G4_MICROSTRUCTURAL_FINE,9606,true,true,Area MFG2 (MFG) left,,source,MISSING,Julich-Brain v3.1 leaf; hemisphere-specific G4 candidate
JULICH_BRAIN_CYTOARCHITECTONIC_ATLAS_V3_1_AREA_44_IFG_RIGHT,Area 44 (IFG) right,JULICH_BRAIN_CYTOARCHITECTONIC_ATLAS_V3_1_AREA_44_IFG,Area 44 (IFG),right,Area 44 (IFG),G4_MICROSTRUCTURAL_FINE,9606,true,true,Area 44 (IFG) right,,source,MISSING,Julich-Brain v3.1 leaf; hemisphere-specific G4 candidate
JULICH_BRAIN_CYTOARCHITECTONIC_ATLAS_V3_1_AREA_44_IFG_LEFT,Area 44 (IFG) left,JULICH_BRAIN_CYTOARCHITECTONIC_ATLAS_V3_1_AREA_44_IFG,Area 44 (IFG),left,Area 44 (IFG),G4_MICROSTRUCTURAL_FINE,9606,true,true,Area 44 (IFG) left,,source,MISSING,Julich-Brain v3.1 leaf; hemisphere-specific G4 candidate
JULICH_BRAIN_CYTOARCHITECTONIC_ATLAS_V3_1_AREA_45_IFG_RIGHT,Area 45 (IFG) right,JULICH_BRAIN_CYTOARCHITECTONIC_ATLAS_V3_1_AREA_45_IFG,Area 45 (IFG),right,Area 45 (IFG),G4_MICROSTRUCTURAL_FINE,9606,true,true,Area 45 (IFG) right,,source,MISSING,Julich-Brain v3.1 leaf; hemisphere-specific G4 candidate
JULICH_BRAIN_CYTOARCHITECTONIC_ATLAS_V3_1_AREA_45_IFG_LEFT,Area 45 (IFG) left,JULICH_BRAIN_CYTOARCHITECTONIC_ATLAS_V3_1_AREA_45_IFG,Area 45 (IFG),left,Area 45 (IFG),G4_MICROSTRUCTURAL_FINE,9606,true,true,Area 45 (IFG) left,,source,MISSING,Julich-Brain v3.1 leaf; hemisphere-specific G4 candidate
JULICH_BRAIN_CYTOARCHITECTONIC_ATLAS_V3_1_AREA_8V2_MFG_RIGHT,Area 8v2 (MFG) right,JULICH_BRAIN_CYTOARCHITECTONIC_ATLAS_V3_1_AREA_8V2_MFG,Area 8v2 (MFG),right,Area 8v2 (MFG),G4_MICROSTRUCTURAL_FINE,9606,true,true,Area 8v2 (MFG) right,,source,MISSING,Julich-Brain v3.1 leaf; hemisphere-specific G4 candidate
JULICH_BRAIN_CYTOARCHITECTONIC_ATLAS_V3_1_AREA_8V2_MFG_LEFT,Area 8v2 (MFG) left,JULICH_BRAIN_CYTOARCHITECTONIC_ATLAS_V3_1_AREA_8V2_MFG,Area 8v2 (MFG),left,Area 8v2 (MFG),G4_MICROSTRUCTURAL_FINE,9606,true,true,Area 8v2 (MFG) left,,source,MISSING,Julich-Brain v3.1 leaf; hemisphere-specific G4 candidate
JULICH_BRAIN_CYTOARCHITECTONIC_ATLAS_V3_1_AREA_8V1_MFG_RIGHT,Area 8v1 (MFG) right,JULICH_BRAIN_CYTOARCHITECTONIC_ATLAS_V3_1_AREA_8V1_MFG,Area 8v1 (MFG),right,Area 8v1 (MFG),G4_MICROSTRUCTURAL_FINE,9606,true,true,Area 8v1 (MFG) right,,source,MISSING,Julich-Brain v3.1 leaf; hemisphere-specific G4 candidate
JULICH_BRAIN_CYTOARCHITECTONIC_ATLAS_V3_1_AREA_8V1_MFG_LEFT,Area 8v1 (MFG) left,JULICH_BRAIN_CYTOARCHITECTONIC_ATLAS_V3_1_AREA_8V1_MFG,Area 8v1 (MFG),left,Area 8v1 (MFG),G4_MICROSTRUCTURAL_FINE,9606,true,true,Area 8v1 (MFG) left,,source,MISSING,Julich-Brain v3.1 leaf; hemisphere-specific G4 candidate
JULICH_BRAIN_CYTOARCHITECTONIC_ATLAS_V3_1_AREA_MFG4_MFG_RIGHT,Area MFG4 (MFG) right,JULICH_BRAIN_CYTOARCHITECTONIC_ATLAS_V3_1_AREA_MFG4_MFG,Area MFG4 (MFG),right,Area MFG4 (MFG),G4_MICROSTRUCTURAL_FINE,9606,true,true,Area MFG4 (MFG) right,,source,MISSING,Julich-Brain v3.1 leaf; hemisphere-specific G4 candidate
JULICH_BRAIN_CYTOARCHITECTONIC_ATLAS_V3_1_AREA_MFG4_MFG_LEFT,Area MFG4 (MFG) left,JULICH_BRAIN_CYTOARCHITECTONIC_ATLAS_V3_1_AREA_MFG4_MFG,Area MFG4 (MFG),left,Area MFG4 (MFG),G4_MICROSTRUCTURAL_FINE,9606,true,true,Area MFG4 (MFG) left,,source,MISSING,Julich-Brain v3.1 leaf; hemisphere-specific G4 candidate
JULICH_BRAIN_CYTOARCHITECTONIC_ATLAS_V3_1_AREA_MFG1_MFG_RIGHT,Area MFG1 (MFG) right,JULICH_BRAIN_CYTOARCHITECTONIC_ATLAS_V3_1_AREA_MFG1_MFG,Area MFG1 (MFG),right,Area MFG1 (MFG),G4_MICROSTRUCTURAL_FINE,9606,true,true,Area MFG1 (MFG) right,,source,MISSING,Julich-Brain v3.1 leaf; hemisphere-specific G4 candidate
JULICH_BRAIN_CYTOARCHITECTONIC_ATLAS_V3_1_AREA_MFG1_MFG_LEFT,Area MFG1 (MFG) left,JULICH_BRAIN_CYTOARCHITECTONIC_ATLAS_V3_1_AREA_MFG1_MFG,Area MFG1 (MFG),left,Area MFG1 (MFG),G4_MICROSTRUCTURAL_FINE,9606,true,true,Area MFG1 (MFG) left,,source,MISSING,Julich-Brain v3.1 leaf; hemisphere-specific G4 candidate
JULICH_BRAIN_CYTOARCHITECTONIC_ATLAS_V3_1_AREA_SFS2_SFS_RIGHT,Area SFS2 (SFS) right,JULICH_BRAIN_CYTOARCHITECTONIC_ATLAS_V3_1_AREA_SFS2_SFS,Area SFS2 (SFS),right,Area SFS2 (SFS),G4_MICROSTRUCTURAL_FINE,9606,true,true,Area SFS2 (SFS) right,,source,MISSING,Julich-Brain v3.1 leaf; hemisphere-specific G4 candidate
JULICH_BRAIN_CYTOARCHITECTONIC_ATLAS_V3_1_AREA_SFS2_SFS_LEFT,Area SFS2 (SFS) left,JULICH_BRAIN_CYTOARCHITECTONIC_ATLAS_V3_1_AREA_SFS2_SFS,Area SFS2 (SFS),left,Area SFS2 (SFS),G4_MICROSTRUCTURAL_FINE,9606,true,true,Area SFS2 (SFS) left,,source,MISSING,Julich-Brain v3.1 leaf; hemisphere-specific G4 candidate
JULICH_BRAIN_CYTOARCHITECTONIC_ATLAS_V3_1_AREA_6D3_SFS_RIGHT,Area 6d3 (SFS) right,JULICH_BRAIN_CYTOARCHITECTONIC_ATLAS_V3_1_AREA_6D3_SFS,Area 6d3 (SFS),right,Area 6d3 (SFS),G4_MICROSTRUCTURAL_FINE,9606,true,true,Area 6d3 (SFS) right,,source,MISSING,Julich-Brain v3.1 leaf; hemisphere-specific G4 candidate
JULICH_BRAIN_CYTOARCHITECTONIC_ATLAS_V3_1_AREA_6D3_SFS_LEFT,Area 6d3 (SFS) left,JULICH_BRAIN_CYTOARCHITECTONIC_ATLAS_V3_1_AREA_6D3_SFS,Area 6d3 (SFS),left,Area 6d3 (SFS),G4_MICROSTRUCTURAL_FINE,9606,true,true,Area 6d3 (SFS) left,,source,MISSING,Julich-Brain v3.1 leaf; hemisphere-specific G4 candidate
JULICH_BRAIN_CYTOARCHITECTONIC_ATLAS_V3_1_AREA_SFS1_SFS_RIGHT,Area SFS1 (SFS) right,JULICH_BRAIN_CYTOARCHITECTONIC_ATLAS_V3_1_AREA_SFS1_SFS,Area SFS1 (SFS),right,Area SFS1 (SFS),G4_MICROSTRUCTURAL_FINE,9606,true,true,Area SFS1 (SFS) right,,source,MISSING,Julich-Brain v3.1 leaf; hemisphere-specific G4 candidate
JULICH_BRAIN_CYTOARCHITECTONIC_ATLAS_V3_1_AREA_SFS1_SFS_LEFT,Area SFS1 (SFS) left,JULICH_BRAIN_CYTOARCHITECTONIC_ATLAS_V3_1_AREA_SFS1_SFS,Area SFS1 (SFS),left,Area SFS1 (SFS),G4_MICROSTRUCTURAL_FINE,9606,true,true,Area SFS1 (SFS) left,,source,MISSING,Julich-Brain v3.1 leaf; hemisphere-specific G4 candidate
JULICH_BRAIN_CYTOARCHITECTONIC_ATLAS_V3_1_AREA_SFG3_SFG_RIGHT,Area SFG3 (SFG) right,JULICH_BRAIN_CYTOARCHITECTONIC_ATLAS_V3_1_AREA_SFG3_SFG,Area SFG3 (SFG),right,Area SFG3 (SFG),G4_MICROSTRUCTURAL_FINE,9606,true,true,Area SFG3 (SFG) right,,source,MISSING,Julich-Brain v3.1 leaf; hemisphere-specific G4 candidate
JULICH_BRAIN_CYTOARCHITECTONIC_ATLAS_V3_1_AREA_SFG3_SFG_LEFT,Area SFG3 (SFG) left,JULICH_BRAIN_CYTOARCHITECTONIC_ATLAS_V3_1_AREA_SFG3_SFG,Area SFG3 (SFG),left,Area SFG3 (SFG),G4_MICROSTRUCTURAL_FINE,9606,true,true,Area SFG3 (SFG) left,,source,MISSING,Julich-Brain v3.1 leaf; hemisphere-specific G4 candidate
JULICH_BRAIN_CYTOARCHITECTONIC_ATLAS_V3_1_AREA_MFG5_MFG_IFG_RIGHT,"Area MFG5 (MFG, IFG) right",JULICH_BRAIN_CYTOARCHITECTONIC_ATLAS_V3_1_AREA_MFG5_MFG_IFG,"Area MFG5 (MFG, IFG)",right,"Area MFG5 (MFG, IFG)",G4_MICROSTRUCTURAL_FINE,9606,true,true,"Area MFG5 (MFG, IFG) right",,source,MISSING,Julich-Brain v3.1 leaf; hemisphere-specific G4 candidate
JULICH_BRAIN_CYTOARCHITECTONIC_ATLAS_V3_1_AREA_MFG5_MFG_IFG_LEFT,"Area MFG5 (MFG, IFG) left",JULICH_BRAIN_CYTOARCHITECTONIC_ATLAS_V3_1_AREA_MFG5_MFG_IFG,"Area MFG5 (MFG, IFG)",left,"Area MFG5 (MFG, IFG)",G4_MICROSTRUCTURAL_FINE,9606,true,true,"Area MFG5 (MFG, IFG) left",,source,MISSING,Julich-Brain v3.1 leaf; hemisphere-specific G4 candidate
JULICH_BRAIN_CYTOARCHITECTONIC_ATLAS_V3_1_AREA_SFG2_SFG_RIGHT,Area SFG2 (SFG) right,JULICH_BRAIN_CYTOARCHITECTONIC_ATLAS_V3_1_AREA_SFG2_SFG,Area SFG2 (SFG),right,Area SFG2 (SFG),G4_MICROSTRUCTURAL_FINE,9606,true,true,Area SFG2 (SFG) right,,source,MISSING,Julich-Brain v3.1 leaf; hemisphere-specific G4 candidate
JULICH_BRAIN_CYTOARCHITECTONIC_ATLAS_V3_1_AREA_SFG2_SFG_LEFT,Area SFG2 (SFG) left,JULICH_BRAIN_CYTOARCHITECTONIC_ATLAS_V3_1_AREA_SFG2_SFG,Area SFG2 (SFG),left,Area SFG2 (SFG),G4_MICROSTRUCTURAL_FINE,9606,true,true,Area SFG2 (SFG) left,,source,MISSING,Julich-Brain v3.1 leaf; hemisphere-specific G4 candidate
JULICH_BRAIN_CYTOARCHITECTONIC_ATLAS_V3_1_AREA_8D2_SFG_RIGHT,Area 8d2 (SFG) right,JULICH_BRAIN_CYTOARCHITECTONIC_ATLAS_V3_1_AREA_8D2_SFG,Area 8d2 (SFG),right,Area 8d2 (SFG),G4_MICROSTRUCTURAL_FINE,9606,true,true,Area 8d2 (SFG) right,,source,MISSING,Julich-Brain v3.1 leaf; hemisphere-specific G4 candidate
JULICH_BRAIN_CYTOARCHITECTONIC_ATLAS_V3_1_AREA_8D2_SFG_LEFT,Area 8d2 (SFG) left,JULICH_BRAIN_CYTOARCHITECTONIC_ATLAS_V3_1_AREA_8D2_SFG,Area 8d2 (SFG),left,Area 8d2 (SFG),G4_MICROSTRUCTURAL_FINE,9606,true,true,Area 8d2 (SFG) left,,source,MISSING,Julich-Brain v3.1 leaf; hemisphere-specific G4 candidate
JULICH_BRAIN_CYTOARCHITECTONIC_ATLAS_V3_1_AREA_8D1_SFG_RIGHT,Area 8d1 (SFG) right,JULICH_BRAIN_CYTOARCHITECTONIC_ATLAS_V3_1_AREA_8D1_SFG,Area 8d1 (SFG),right,Area 8d1 (SFG),G4_MICROSTRUCTURAL_FINE,9606,true,true,Area 8d1 (SFG) right,,source,MISSING,Julich-Brain v3.1 leaf; hemisphere-specific G4 candidate
JULICH_BRAIN_CYTOARCHITECTONIC_ATLAS_V3_1_AREA_8D1_SFG_LEFT,Area 8d1 (SFG) left,JULICH_BRAIN_CYTOARCHITECTONIC_ATLAS_V3_1_AREA_8D1_SFG,Area 8d1 (SFG),left,Area 8d1 (SFG),G4_MICROSTRUCTURAL_FINE,9606,true,true,Area 8d1 (SFG) left,,source,MISSING,Julich-Brain v3.1 leaf; hemisphere-specific G4 candidate
JULICH_BRAIN_CYTOARCHITECTONIC_ATLAS_V3_1_AREA_SFG4_SFG_RIGHT,Area SFG4 (SFG) right,JULICH_BRAIN_CYTOARCHITECTONIC_ATLAS_V3_1_AREA_SFG4_SFG,Area SFG4 (SFG),right,Area SFG4 (SFG),G4_MICROSTRUCTURAL_FINE,9606,true,true,Area SFG4 (SFG) right,,source,MISSING,Julich-Brain v3.1 leaf; hemisphere-specific G4 candidate
JULICH_BRAIN_CYTOARCHITECTONIC_ATLAS_V3_1_AREA_SFG4_SFG_LEFT,Area SFG4 (SFG) left,JULICH_BRAIN_CYTOARCHITECTONIC_ATLAS_V3_1_AREA_SFG4_SFG,Area SFG4 (SFG),left,Area SFG4 (SFG),G4_MICROSTRUCTURAL_FINE,9606,true,true,Area SFG4 (SFG) left,,source,MISSING,Julich-Brain v3.1 leaf; hemisphere-specific G4 candidate
JULICH_BRAIN_CYTOARCHITECTONIC_ATLAS_V3_1_AREA_FO6_OFC_RIGHT,Area Fo6 (OFC) right,JULICH_BRAIN_CYTOARCHITECTONIC_ATLAS_V3_1_AREA_FO6_OFC,Area Fo6 (OFC),right,Area Fo6 (OFC),G4_MICROSTRUCTURAL_FINE,9606,true,true,Area Fo6 (OFC) right,,source,MISSING,Julich-Brain v3.1 leaf; hemisphere-specific G4 candidate
JULICH_BRAIN_CYTOARCHITECTONIC_ATLAS_V3_1_AREA_FO6_OFC_LEFT,Area Fo6 (OFC) left,JULICH_BRAIN_CYTOARCHITECTONIC_ATLAS_V3_1_AREA_FO6_OFC,Area Fo6 (OFC),left,Area Fo6 (OFC),G4_MICROSTRUCTURAL_FINE,9606,true,true,Area Fo6 (OFC) left,,source,MISSING,Julich-Brain v3.1 leaf; hemisphere-specific G4 candidate
JULICH_BRAIN_CYTOARCHITECTONIC_ATLAS_V3_1_AREA_FO5_OFC_RIGHT,Area Fo5 (OFC) right,JULICH_BRAIN_CYTOARCHITECTONIC_ATLAS_V3_1_AREA_FO5_OFC,Area Fo5 (OFC),right,Area Fo5 (OFC),G4_MICROSTRUCTURAL_FINE,9606,true,true,Area Fo5 (OFC) right,,source,MISSING,Julich-Brain v3.1 leaf; hemisphere-specific G4 candidate
JULICH_BRAIN_CYTOARCHITECTONIC_ATLAS_V3_1_AREA_FO5_OFC_LEFT,Area Fo5 (OFC) left,JULICH_BRAIN_CYTOARCHITECTONIC_ATLAS_V3_1_AREA_FO5_OFC,Area Fo5 (OFC),left,Area Fo5 (OFC),G4_MICROSTRUCTURAL_FINE,9606,true,true,Area Fo5 (OFC) left,,source,MISSING,Julich-Brain v3.1 leaf; hemisphere-specific G4 candidate
JULICH_BRAIN_CYTOARCHITECTONIC_ATLAS_V3_1_AREA_FO7_OFC_RIGHT,Area Fo7 (OFC) right,JULICH_BRAIN_CYTOARCHITECTONIC_ATLAS_V3_1_AREA_FO7_OFC,Area Fo7 (OFC),right,Area Fo7 (OFC),G4_MICROSTRUCTURAL_FINE,9606,true,true,Area Fo7 (OFC) right,,source,MISSING,Julich-Brain v3.1 leaf; hemisphere-specific G4 candidate
JULICH_BRAIN_CYTOARCHITECTONIC_ATLAS_V3_1_AREA_FO7_OFC_LEFT,Area Fo7 (OFC) left,JULICH_BRAIN_CYTOARCHITECTONIC_ATLAS_V3_1_AREA_FO7_OFC,Area Fo7 (OFC),left,Area Fo7 (OFC),G4_MICROSTRUCTURAL_FINE,9606,true,true,Area Fo7 (OFC) left,,source,MISSING,Julich-Brain v3.1 leaf; hemisphere-specific G4 candidate
JULICH_BRAIN_CYTOARCHITECTONIC_ATLAS_V3_1_AREA_FO4_OFC_RIGHT,Area Fo4 (OFC) right,JULICH_BRAIN_CYTOARCHITECTONIC_ATLAS_V3_1_AREA_FO4_OFC,Area Fo4 (OFC),right,Area Fo4 (OFC),G4_MICROSTRUCTURAL_FINE,9606,true,true,Area Fo4 (OFC) right,,source,MISSING,Julich-Brain v3.1 leaf; hemisphere-specific G4 candidate
JULICH_BRAIN_CYTOARCHITECTONIC_ATLAS_V3_1_AREA_FO4_OFC_LEFT,Area Fo4 (OFC) left,JULICH_BRAIN_CYTOARCHITECTONIC_ATLAS_V3_1_AREA_FO4_OFC,Area Fo4 (OFC),left,Area Fo4 (OFC),G4_MICROSTRUCTURAL_FINE,9606,true,true,Area Fo4 (OFC) left,,source,MISSING,Julich-Brain v3.1 leaf; hemisphere-specific G4 candidate
JULICH_BRAIN_CYTOARCHITECTONIC_ATLAS_V3_1_AREA_IG3_INSULA_RIGHT,Area Ig3 (Insula) right,JULICH_BRAIN_CYTOARCHITECTONIC_ATLAS_V3_1_AREA_IG3_INSULA,Area Ig3 (Insula),right,Area Ig3 (Insula),G4_MICROSTRUCTURAL_FINE,9606,true,true,Area Ig3 (Insula) right,,source,MISSING,Julich-Brain v3.1 leaf; hemisphere-specific G4 candidate
JULICH_BRAIN_CYTOARCHITECTONIC_ATLAS_V3_1_AREA_IG3_INSULA_LEFT,Area Ig3 (Insula) left,JULICH_BRAIN_CYTOARCHITECTONIC_ATLAS_V3_1_AREA_IG3_INSULA,Area Ig3 (Insula),left,Area Ig3 (Insula),G4_MICROSTRUCTURAL_FINE,9606,true,true,Area Ig3 (Insula) left,,source,MISSING,Julich-Brain v3.1 leaf; hemisphere-specific G4 candidate
JULICH_BRAIN_CYTOARCHITECTONIC_ATLAS_V3_1_AREA_IG1_INSULA_RIGHT,Area Ig1 (Insula) right,JULICH_BRAIN_CYTOARCHITECTONIC_ATLAS_V3_1_AREA_IG1_INSULA,Area Ig1 (Insula),right,Area Ig1 (Insula),G4_MICROSTRUCTURAL_FINE,9606,true,true,Area Ig1 (Insula) right,,source,MISSING,Julich-Brain v3.1 leaf; hemisphere-specific G4 candidate
JULICH_BRAIN_CYTOARCHITECTONIC_ATLAS_V3_1_AREA_IG1_INSULA_LEFT,Area Ig1 (Insula) left,JULICH_BRAIN_CYTOARCHITECTONIC_ATLAS_V3_1_AREA_IG1_INSULA,Area Ig1 (Insula),left,Area Ig1 (Insula),G4_MICROSTRUCTURAL_FINE,9606,true,true,Area Ig1 (Insula) left,,source,MISSING,Julich-Brain v3.1 leaf; hemisphere-specific G4 candidate
JULICH_BRAIN_CYTOARCHITECTONIC_ATLAS_V3_1_AREA_IG2_INSULA_RIGHT,Area Ig2 (Insula) right,JULICH_BRAIN_CYTOARCHITECTONIC_ATLAS_V3_1_AREA_IG2_INSULA,Area Ig2 (Insula),right,Area Ig2 (Insula),G4_MICROSTRUCTURAL_FINE,9606,true,true,Area Ig2 (Insula) right,,source,MISSING,Julich-Brain v3.1 leaf; hemisphere-specific G4 candidate
JULICH_BRAIN_CYTOARCHITECTONIC_ATLAS_V3_1_AREA_IG2_INSULA_LEFT,Area Ig2 (Insula) left,JULICH_BRAIN_CYTOARCHITECTONIC_ATLAS_V3_1_AREA_IG2_INSULA,Area Ig2 (Insula),left,Area Ig2 (Insula),G4_MICROSTRUCTURAL_FINE,9606,true,true,Area Ig2 (Insula) left,,source,MISSING,Julich-Brain v3.1 leaf; hemisphere-specific G4 candidate
JULICH_BRAIN_CYTOARCHITECTONIC_ATLAS_V3_1_AREA_IA2_INSULA_RIGHT,Area Ia2 (Insula) right,JULICH_BRAIN_CYTOARCHITECTONIC_ATLAS_V3_1_AREA_IA2_INSULA,Area Ia2 (Insula),right,Area Ia2 (Insula),G4_MICROSTRUCTURAL_FINE,9606,true,true,Area Ia2 (Insula) right,,source,MISSING,Julich-Brain v3.1 leaf; hemisphere-specific G4 candidate
JULICH_BRAIN_CYTOARCHITECTONIC_ATLAS_V3_1_AREA_IA2_INSULA_LEFT,Area Ia2 (Insula) left,JULICH_BRAIN_CYTOARCHITECTONIC_ATLAS_V3_1_AREA_IA2_INSULA,Area Ia2 (Insula),left,Area Ia2 (Insula),G4_MICROSTRUCTURAL_FINE,9606,true,true,Area Ia2 (Insula) left,,source,MISSING,Julich-Brain v3.1 leaf; hemisphere-specific G4 candidate
JULICH_BRAIN_CYTOARCHITECTONIC_ATLAS_V3_1_AREA_IA1_INSULA_RIGHT,Area Ia1 (Insula) right,JULICH_BRAIN_CYTOARCHITECTONIC_ATLAS_V3_1_AREA_IA1_INSULA,Area Ia1 (Insula),right,Area Ia1 (Insula),G4_MICROSTRUCTURAL_FINE,9606,true,true,Area Ia1 (Insula) right,,source,MISSING,Julich-Brain v3.1 leaf; hemisphere-specific G4 candidate
JULICH_BRAIN_CYTOARCHITECTONIC_ATLAS_V3_1_AREA_IA1_INSULA_LEFT,Area Ia1 (Insula) left,JULICH_BRAIN_CYTOARCHITECTONIC_ATLAS_V3_1_AREA_IA1_INSULA,Area Ia1 (Insula),left,Area Ia1 (Insula),G4_MICROSTRUCTURAL_FINE,9606,true,true,Area Ia1 (Insula) left,,source,MISSING,Julich-Brain v3.1 leaf; hemisphere-specific G4 candidate
JULICH_BRAIN_CYTOARCHITECTONIC_ATLAS_V3_1_AREA_IA3_INSULA_RIGHT,Area Ia3 (Insula) right,JULICH_BRAIN_CYTOARCHITECTONIC_ATLAS_V3_1_AREA_IA3_INSULA,Area Ia3 (Insula),right,Area Ia3 (Insula),G4_MICROSTRUCTURAL_FINE,9606,true,true,Area Ia3 (Insula) right,,source,MISSING,Julich-Brain v3.1 leaf; hemisphere-specific G4 candidate
JULICH_BRAIN_CYTOARCHITECTONIC_ATLAS_V3_1_AREA_IA3_INSULA_LEFT,Area Ia3 (Insula) left,JULICH_BRAIN_CYTOARCHITECTONIC_ATLAS_V3_1_AREA_IA3_INSULA,Area Ia3 (Insula),left,Area Ia3 (Insula),G4_MICROSTRUCTURAL_FINE,9606,true,true,Area Ia3 (Insula) left,,source,MISSING,Julich-Brain v3.1 leaf; hemisphere-specific G4 candidate
JULICH_BRAIN_CYTOARCHITECTONIC_ATLAS_V3_1_AREA_ID2_INSULA_RIGHT,Area Id2 (Insula) right,JULICH_BRAIN_CYTOARCHITECTONIC_ATLAS_V3_1_AREA_ID2_INSULA,Area Id2 (Insula),right,Area Id2 (Insula),G4_MICROSTRUCTURAL_FINE,9606,true,true,Area Id2 (Insula) right,,source,MISSING,Julich-Brain v3.1 leaf; hemisphere-specific G4 candidate
JULICH_BRAIN_CYTOARCHITECTONIC_ATLAS_V3_1_AREA_ID2_INSULA_LEFT,Area Id2 (Insula) left,JULICH_BRAIN_CYTOARCHITECTONIC_ATLAS_V3_1_AREA_ID2_INSULA,Area Id2 (Insula),left,Area Id2 (Insula),G4_MICROSTRUCTURAL_FINE,9606,true,true,Area Id2 (Insula) left,,source,MISSING,Julich-Brain v3.1 leaf; hemisphere-specific G4 candidate
JULICH_BRAIN_CYTOARCHITECTONIC_ATLAS_V3_1_AREA_ID8_INSULA_RIGHT,Area Id8 (Insula) right,JULICH_BRAIN_CYTOARCHITECTONIC_ATLAS_V3_1_AREA_ID8_INSULA,Area Id8 (Insula),right,Area Id8 (Insula),G4_MICROSTRUCTURAL_FINE,9606,true,true,Area Id8 (Insula) right,,source,MISSING,Julich-Brain v3.1 leaf; hemisphere-specific G4 candidate
JULICH_BRAIN_CYTOARCHITECTONIC_ATLAS_V3_1_AREA_ID8_INSULA_LEFT,Area Id8 (Insula) left,JULICH_BRAIN_CYTOARCHITECTONIC_ATLAS_V3_1_AREA_ID8_INSULA,Area Id8 (Insula),left,Area Id8 (Insula),G4_MICROSTRUCTURAL_FINE,9606,true,true,Area Id8 (Insula) left,,source,MISSING,Julich-Brain v3.1 leaf; hemisphere-specific G4 candidate
JULICH_BRAIN_CYTOARCHITECTONIC_ATLAS_V3_1_AREA_ID1_INSULA_RIGHT,Area Id1 (Insula) right,JULICH_BRAIN_CYTOARCHITECTONIC_ATLAS_V3_1_AREA_ID1_INSULA,Area Id1 (Insula),right,Area Id1 (Insula),G4_MICROSTRUCTURAL_FINE,9606,true,true,Area Id1 (Insula) right,,source,MISSING,Julich-Brain v3.1 leaf; hemisphere-specific G4 candidate
JULICH_BRAIN_CYTOARCHITECTONIC_ATLAS_V3_1_AREA_ID1_INSULA_LEFT,Area Id1 (Insula) left,JULICH_BRAIN_CYTOARCHITECTONIC_ATLAS_V3_1_AREA_ID1_INSULA,Area Id1 (Insula),left,Area Id1 (Insula),G4_MICROSTRUCTURAL_FINE,9606,true,true,Area Id1 (Insula) left,,source,MISSING,Julich-Brain v3.1 leaf; hemisphere-specific G4 candidate
JULICH_BRAIN_CYTOARCHITECTONIC_ATLAS_V3_1_AREA_ID9_INSULA_RIGHT,Area Id9 (Insula) right,JULICH_BRAIN_CYTOARCHITECTONIC_ATLAS_V3_1_AREA_ID9_INSULA,Area Id9 (Insula),right,Area Id9 (Insula),G4_MICROSTRUCTURAL_FINE,9606,true,true,Area Id9 (Insula) right,,source,MISSING,Julich-Brain v3.1 leaf; hemisphere-specific G4 candidate
JULICH_BRAIN_CYTOARCHITECTONIC_ATLAS_V3_1_AREA_ID9_INSULA_LEFT,Area Id9 (Insula) left,JULICH_BRAIN_CYTOARCHITECTONIC_ATLAS_V3_1_AREA_ID9_INSULA,Area Id9 (Insula),left,Area Id9 (Insula),G4_MICROSTRUCTURAL_FINE,9606,true,true,Area Id9 (Insula) left,,source,MISSING,Julich-Brain v3.1 leaf; hemisphere-specific G4 candidate
JULICH_BRAIN_CYTOARCHITECTONIC_ATLAS_V3_1_AREA_ID7_INSULA_RIGHT,Area Id7 (Insula) right,JULICH_BRAIN_CYTOARCHITECTONIC_ATLAS_V3_1_AREA_ID7_INSULA,Area Id7 (Insula),right,Area Id7 (Insula),G4_MICROSTRUCTURAL_FINE,9606,true,true,Area Id7 (Insula) right,,source,MISSING,Julich-Brain v3.1 leaf; hemisphere-specific G4 candidate
JULICH_BRAIN_CYTOARCHITECTONIC_ATLAS_V3_1_AREA_ID7_INSULA_LEFT,Area Id7 (Insula) left,JULICH_BRAIN_CYTOARCHITECTONIC_ATLAS_V3_1_AREA_ID7_INSULA,Area Id7 (Insula),left,Area Id7 (Insula),G4_MICROSTRUCTURAL_FINE,9606,true,true,Area Id7 (Insula) left,,source,MISSING,Julich-Brain v3.1 leaf; hemisphere-specific G4 candidate
JULICH_BRAIN_CYTOARCHITECTONIC_ATLAS_V3_1_AREA_ID5_INSULA_RIGHT,Area Id5 (Insula) right,JULICH_BRAIN_CYTOARCHITECTONIC_ATLAS_V3_1_AREA_ID5_INSULA,Area Id5 (Insula),right,Area Id5 (Insula),G4_MICROSTRUCTURAL_FINE,9606,true,true,Area Id5 (Insula) right,,source,MISSING,Julich-Brain v3.1 leaf; hemisphere-specific G4 candidate
JULICH_BRAIN_CYTOARCHITECTONIC_ATLAS_V3_1_AREA_ID5_INSULA_LEFT,Area Id5 (Insula) left,JULICH_BRAIN_CYTOARCHITECTONIC_ATLAS_V3_1_AREA_ID5_INSULA,Area Id5 (Insula),left,Area Id5 (Insula),G4_MICROSTRUCTURAL_FINE,9606,true,true,Area Id5 (Insula) left,,source,MISSING,Julich-Brain v3.1 leaf; hemisphere-specific G4 candidate
JULICH_BRAIN_CYTOARCHITECTONIC_ATLAS_V3_1_AREA_ID6_INSULA_RIGHT,Area Id6 (Insula) right,JULICH_BRAIN_CYTOARCHITECTONIC_ATLAS_V3_1_AREA_ID6_INSULA,Area Id6 (Insula),right,Area Id6 (Insula),G4_MICROSTRUCTURAL_FINE,9606,true,true,Area Id6 (Insula) right,,source,MISSING,Julich-Brain v3.1 leaf; hemisphere-specific G4 candidate
JULICH_BRAIN_CYTOARCHITECTONIC_ATLAS_V3_1_AREA_ID6_INSULA_LEFT,Area Id6 (Insula) left,JULICH_BRAIN_CYTOARCHITECTONIC_ATLAS_V3_1_AREA_ID6_INSULA,Area Id6 (Insula),left,Area Id6 (Insula),G4_MICROSTRUCTURAL_FINE,9606,true,true,Area Id6 (Insula) left,,source,MISSING,Julich-Brain v3.1 leaf; hemisphere-specific G4 candidate
JULICH_BRAIN_CYTOARCHITECTONIC_ATLAS_V3_1_AREA_ID10_INSULA_RIGHT,Area Id10 (Insula) right,JULICH_BRAIN_CYTOARCHITECTONIC_ATLAS_V3_1_AREA_ID10_INSULA,Area Id10 (Insula),right,Area Id10 (Insula),G4_MICROSTRUCTURAL_FINE,9606,true,true,Area Id10 (Insula) right,,source,MISSING,Julich-Brain v3.1 leaf; hemisphere-specific G4 candidate
JULICH_BRAIN_CYTOARCHITECTONIC_ATLAS_V3_1_AREA_ID10_INSULA_LEFT,Area Id10 (Insula) left,JULICH_BRAIN_CYTOARCHITECTONIC_ATLAS_V3_1_AREA_ID10_INSULA,Area Id10 (Insula),left,Area Id10 (Insula),G4_MICROSTRUCTURAL_FINE,9606,true,true,Area Id10 (Insula) left,,source,MISSING,Julich-Brain v3.1 leaf; hemisphere-specific G4 candidate
JULICH_BRAIN_CYTOARCHITECTONIC_ATLAS_V3_1_AREA_ID4_INSULA_RIGHT,Area Id4 (Insula) right,JULICH_BRAIN_CYTOARCHITECTONIC_ATLAS_V3_1_AREA_ID4_INSULA,Area Id4 (Insula),right,Area Id4 (Insula),G4_MICROSTRUCTURAL_FINE,9606,true,true,Area Id4 (Insula) right,,source,MISSING,Julich-Brain v3.1 leaf; hemisphere-specific G4 candidate
JULICH_BRAIN_CYTOARCHITECTONIC_ATLAS_V3_1_AREA_ID4_INSULA_LEFT,Area Id4 (Insula) left,JULICH_BRAIN_CYTOARCHITECTONIC_ATLAS_V3_1_AREA_ID4_INSULA,Area Id4 (Insula),left,Area Id4 (Insula),G4_MICROSTRUCTURAL_FINE,9606,true,true,Area Id4 (Insula) left,,source,MISSING,Julich-Brain v3.1 leaf; hemisphere-specific G4 candidate
JULICH_BRAIN_CYTOARCHITECTONIC_ATLAS_V3_1_AREA_ID3_INSULA_RIGHT,Area Id3 (Insula) right,JULICH_BRAIN_CYTOARCHITECTONIC_ATLAS_V3_1_AREA_ID3_INSULA,Area Id3 (Insula),right,Area Id3 (Insula),G4_MICROSTRUCTURAL_FINE,9606,true,true,Area Id3 (Insula) right,,source,MISSING,Julich-Brain v3.1 leaf; hemisphere-specific G4 candidate
JULICH_BRAIN_CYTOARCHITECTONIC_ATLAS_V3_1_AREA_ID3_INSULA_LEFT,Area Id3 (Insula) left,JULICH_BRAIN_CYTOARCHITECTONIC_ATLAS_V3_1_AREA_ID3_INSULA,Area Id3 (Insula),left,Area Id3 (Insula),G4_MICROSTRUCTURAL_FINE,9606,true,true,Area Id3 (Insula) left,,source,MISSING,Julich-Brain v3.1 leaf; hemisphere-specific G4 candidate
JULICH_BRAIN_CYTOARCHITECTONIC_ATLAS_V3_1_AREA_STS2_STS_RIGHT,Area STS2 (STS) right,JULICH_BRAIN_CYTOARCHITECTONIC_ATLAS_V3_1_AREA_STS2_STS,Area STS2 (STS),right,Area STS2 (STS),G4_MICROSTRUCTURAL_FINE,9606,true,true,Area STS2 (STS) right,,source,MISSING,Julich-Brain v3.1 leaf; hemisphere-specific G4 candidate
JULICH_BRAIN_CYTOARCHITECTONIC_ATLAS_V3_1_AREA_STS2_STS_LEFT,Area STS2 (STS) left,JULICH_BRAIN_CYTOARCHITECTONIC_ATLAS_V3_1_AREA_STS2_STS,Area STS2 (STS),left,Area STS2 (STS),G4_MICROSTRUCTURAL_FINE,9606,true,true,Area STS2 (STS) left,,source,MISSING,Julich-Brain v3.1 leaf; hemisphere-specific G4 candidate
JULICH_BRAIN_CYTOARCHITECTONIC_ATLAS_V3_1_AREA_STS1_STS_RIGHT,Area STS1 (STS) right,JULICH_BRAIN_CYTOARCHITECTONIC_ATLAS_V3_1_AREA_STS1_STS,Area STS1 (STS),right,Area STS1 (STS),G4_MICROSTRUCTURAL_FINE,9606,true,true,Area STS1 (STS) right,,source,MISSING,Julich-Brain v3.1 leaf; hemisphere-specific G4 candidate
JULICH_BRAIN_CYTOARCHITECTONIC_ATLAS_V3_1_AREA_STS1_STS_LEFT,Area STS1 (STS) left,JULICH_BRAIN_CYTOARCHITECTONIC_ATLAS_V3_1_AREA_STS1_STS,Area STS1 (STS),left,Area STS1 (STS),G4_MICROSTRUCTURAL_FINE,9606,true,true,Area STS1 (STS) left,,source,MISSING,Julich-Brain v3.1 leaf; hemisphere-specific G4 candidate
JULICH_BRAIN_CYTOARCHITECTONIC_ATLAS_V3_1_AREA_OTS1_OTS_RIGHT,Area OTS1 (OTS) right,JULICH_BRAIN_CYTOARCHITECTONIC_ATLAS_V3_1_AREA_OTS1_OTS,Area OTS1 (OTS),right,Area OTS1 (OTS),G4_MICROSTRUCTURAL_FINE,9606,true,true,Area OTS1 (OTS) right,,source,MISSING,Julich-Brain v3.1 leaf; hemisphere-specific G4 candidate
JULICH_BRAIN_CYTOARCHITECTONIC_ATLAS_V3_1_AREA_OTS1_OTS_LEFT,Area OTS1 (OTS) left,JULICH_BRAIN_CYTOARCHITECTONIC_ATLAS_V3_1_AREA_OTS1_OTS,Area OTS1 (OTS),left,Area OTS1 (OTS),G4_MICROSTRUCTURAL_FINE,9606,true,true,Area OTS1 (OTS) left,,source,MISSING,Julich-Brain v3.1 leaf; hemisphere-specific G4 candidate
JULICH_BRAIN_CYTOARCHITECTONIC_ATLAS_V3_1_AREA_TE_3_STG_RIGHT,Area Te 3 (STG) right,JULICH_BRAIN_CYTOARCHITECTONIC_ATLAS_V3_1_AREA_TE_3_STG,Area Te 3 (STG),right,Area Te 3 (STG),G4_MICROSTRUCTURAL_FINE,9606,true,true,Area Te 3 (STG) right,,source,MISSING,Julich-Brain v3.1 leaf; hemisphere-specific G4 candidate
JULICH_BRAIN_CYTOARCHITECTONIC_ATLAS_V3_1_AREA_TE_3_STG_LEFT,Area Te 3 (STG) left,JULICH_BRAIN_CYTOARCHITECTONIC_ATLAS_V3_1_AREA_TE_3_STG,Area Te 3 (STG),left,Area Te 3 (STG),G4_MICROSTRUCTURAL_FINE,9606,true,true,Area Te 3 (STG) left,,source,MISSING,Julich-Brain v3.1 leaf; hemisphere-specific G4 candidate
JULICH_BRAIN_CYTOARCHITECTONIC_ATLAS_V3_1_AREA_TE_2_2_STG_RIGHT,Area Te 2.2 (STG) right,JULICH_BRAIN_CYTOARCHITECTONIC_ATLAS_V3_1_AREA_TE_2_2_STG,Area Te 2.2 (STG),right,Area Te 2.2 (STG),G4_MICROSTRUCTURAL_FINE,9606,true,true,Area Te 2.2 (STG) right,,source,MISSING,Julich-Brain v3.1 leaf; hemisphere-specific G4 candidate
JULICH_BRAIN_CYTOARCHITECTONIC_ATLAS_V3_1_AREA_TE_2_2_STG_LEFT,Area Te 2.2 (STG) left,JULICH_BRAIN_CYTOARCHITECTONIC_ATLAS_V3_1_AREA_TE_2_2_STG,Area Te 2.2 (STG),left,Area Te 2.2 (STG),G4_MICROSTRUCTURAL_FINE,9606,true,true,Area Te 2.2 (STG) left,,source,MISSING,Julich-Brain v3.1 leaf; hemisphere-specific G4 candidate
JULICH_BRAIN_CYTOARCHITECTONIC_ATLAS_V3_1_AREA_TE_2_1_STG_RIGHT,Area Te 2.1 (STG) right,JULICH_BRAIN_CYTOARCHITECTONIC_ATLAS_V3_1_AREA_TE_2_1_STG,Area Te 2.1 (STG),right,Area Te 2.1 (STG),G4_MICROSTRUCTURAL_FINE,9606,true,true,Area Te 2.1 (STG) right,,source,MISSING,Julich-Brain v3.1 leaf; hemisphere-specific G4 candidate
JULICH_BRAIN_CYTOARCHITECTONIC_ATLAS_V3_1_AREA_TE_2_1_STG_LEFT,Area Te 2.1 (STG) left,JULICH_BRAIN_CYTOARCHITECTONIC_ATLAS_V3_1_AREA_TE_2_1_STG,Area Te 2.1 (STG),left,Area Te 2.1 (STG),G4_MICROSTRUCTURAL_FINE,9606,true,true,Area Te 2.1 (STG) left,,source,MISSING,Julich-Brain v3.1 leaf; hemisphere-specific G4 candidate
JULICH_BRAIN_CYTOARCHITECTONIC_ATLAS_V3_1_AREA_TE_1_1_HESCHL_RIGHT,Area Te 1.1 (HESCHL) right,JULICH_BRAIN_CYTOARCHITECTONIC_ATLAS_V3_1_AREA_TE_1_1_HESCHL,Area Te 1.1 (HESCHL),right,Area Te 1.1 (HESCHL),G4_MICROSTRUCTURAL_FINE,9606,true,true,Area Te 1.1 (HESCHL) right,,source,MISSING,Julich-Brain v3.1 leaf; hemisphere-specific G4 candidate
JULICH_BRAIN_CYTOARCHITECTONIC_ATLAS_V3_1_AREA_TE_1_1_HESCHL_LEFT,Area Te 1.1 (HESCHL) left,JULICH_BRAIN_CYTOARCHITECTONIC_ATLAS_V3_1_AREA_TE_1_1_HESCHL,Area Te 1.1 (HESCHL),left,Area Te 1.1 (HESCHL),G4_MICROSTRUCTURAL_FINE,9606,true,true,Area Te 1.1 (HESCHL) left,,source,MISSING,Julich-Brain v3.1 leaf; hemisphere-specific G4 candidate
JULICH_BRAIN_CYTOARCHITECTONIC_ATLAS_V3_1_AREA_TE_1_2_HESCHL_RIGHT,Area Te 1.2 (HESCHL) right,JULICH_BRAIN_CYTOARCHITECTONIC_ATLAS_V3_1_AREA_TE_1_2_HESCHL,Area Te 1.2 (HESCHL),right,Area Te 1.2 (HESCHL),G4_MICROSTRUCTURAL_FINE,9606,true,true,Area Te 1.2 (HESCHL) right,,source,MISSING,Julich-Brain v3.1 leaf; hemisphere-specific G4 candidate
JULICH_BRAIN_CYTOARCHITECTONIC_ATLAS_V3_1_AREA_TE_1_2_HESCHL_LEFT,Area Te 1.2 (HESCHL) left,JULICH_BRAIN_CYTOARCHITECTONIC_ATLAS_V3_1_AREA_TE_1_2_HESCHL,Area Te 1.2 (HESCHL),left,Area Te 1.2 (HESCHL),G4_MICROSTRUCTURAL_FINE,9606,true,true,Area Te 1.2 (HESCHL) left,,source,MISSING,Julich-Brain v3.1 leaf; hemisphere-specific G4 candidate
JULICH_BRAIN_CYTOARCHITECTONIC_ATLAS_V3_1_AREA_TE_1_0_HESCHL_RIGHT,Area Te 1.0 (HESCHL) right,JULICH_BRAIN_CYTOARCHITECTONIC_ATLAS_V3_1_AREA_TE_1_0_HESCHL,Area Te 1.0 (HESCHL),right,Area Te 1.0 (HESCHL),G4_MICROSTRUCTURAL_FINE,9606,true,true,Area Te 1.0 (HESCHL) right,,source,MISSING,Julich-Brain v3.1 leaf; hemisphere-specific G4 candidate
JULICH_BRAIN_CYTOARCHITECTONIC_ATLAS_V3_1_AREA_TE_1_0_HESCHL_LEFT,Area Te 1.0 (HESCHL) left,JULICH_BRAIN_CYTOARCHITECTONIC_ATLAS_V3_1_AREA_TE_1_0_HESCHL,Area Te 1.0 (HESCHL),left,Area Te 1.0 (HESCHL),G4_MICROSTRUCTURAL_FINE,9606,true,true,Area Te 1.0 (HESCHL) left,,source,MISSING,Julich-Brain v3.1 leaf; hemisphere-specific G4 candidate
JULICH_BRAIN_CYTOARCHITECTONIC_ATLAS_V3_1_AREA_PH1_PHG_RIGHT,Area Ph1 (PhG) right,JULICH_BRAIN_CYTOARCHITECTONIC_ATLAS_V3_1_AREA_PH1_PHG,Area Ph1 (PhG),right,Area Ph1 (PhG),G4_MICROSTRUCTURAL_FINE,9606,true,true,Area Ph1 (PhG) right,,source,MISSING,Julich-Brain v3.1 leaf; hemisphere-specific G4 candidate
JULICH_BRAIN_CYTOARCHITECTONIC_ATLAS_V3_1_AREA_PH1_PHG_LEFT,Area Ph1 (PhG) left,JULICH_BRAIN_CYTOARCHITECTONIC_ATLAS_V3_1_AREA_PH1_PHG,Area Ph1 (PhG),left,Area Ph1 (PhG),G4_MICROSTRUCTURAL_FINE,9606,true,true,Area Ph1 (PhG) left,,source,MISSING,Julich-Brain v3.1 leaf; hemisphere-specific G4 candidate
JULICH_BRAIN_CYTOARCHITECTONIC_ATLAS_V3_1_AREA_PH2_PHG_RIGHT,Area Ph2 (PhG) right,JULICH_BRAIN_CYTOARCHITECTONIC_ATLAS_V3_1_AREA_PH2_PHG,Area Ph2 (PhG),right,Area Ph2 (PhG),G4_MICROSTRUCTURAL_FINE,9606,true,true,Area Ph2 (PhG) right,,source,MISSING,Julich-Brain v3.1 leaf; hemisphere-specific G4 candidate
JULICH_BRAIN_CYTOARCHITECTONIC_ATLAS_V3_1_AREA_PH2_PHG_LEFT,Area Ph2 (PhG) left,JULICH_BRAIN_CYTOARCHITECTONIC_ATLAS_V3_1_AREA_PH2_PHG,Area Ph2 (PhG),left,Area Ph2 (PhG),G4_MICROSTRUCTURAL_FINE,9606,true,true,Area Ph2 (PhG) left,,source,MISSING,Julich-Brain v3.1 leaf; hemisphere-specific G4 candidate
JULICH_BRAIN_CYTOARCHITECTONIC_ATLAS_V3_1_AREA_PH3_PHG_RIGHT,Area Ph3 (PhG) right,JULICH_BRAIN_CYTOARCHITECTONIC_ATLAS_V3_1_AREA_PH3_PHG,Area Ph3 (PhG),right,Area Ph3 (PhG),G4_MICROSTRUCTURAL_FINE,9606,true,true,Area Ph3 (PhG) right,,source,MISSING,Julich-Brain v3.1 leaf; hemisphere-specific G4 candidate
JULICH_BRAIN_CYTOARCHITECTONIC_ATLAS_V3_1_AREA_PH3_PHG_LEFT,Area Ph3 (PhG) left,JULICH_BRAIN_CYTOARCHITECTONIC_ATLAS_V3_1_AREA_PH3_PHG,Area Ph3 (PhG),left,Area Ph3 (PhG),G4_MICROSTRUCTURAL_FINE,9606,true,true,Area Ph3 (PhG) left,,source,MISSING,Julich-Brain v3.1 leaf; hemisphere-specific G4 candidate
JULICH_BRAIN_CYTOARCHITECTONIC_ATLAS_V3_1_AREA_COS1_COS_RIGHT,Area CoS1 (CoS) right,JULICH_BRAIN_CYTOARCHITECTONIC_ATLAS_V3_1_AREA_COS1_COS,Area CoS1 (CoS),right,Area CoS1 (CoS),G4_MICROSTRUCTURAL_FINE,9606,true,true,Area CoS1 (CoS) right,,source,MISSING,Julich-Brain v3.1 leaf; hemisphere-specific G4 candidate
JULICH_BRAIN_CYTOARCHITECTONIC_ATLAS_V3_1_AREA_COS1_COS_LEFT,Area CoS1 (CoS) left,JULICH_BRAIN_CYTOARCHITECTONIC_ATLAS_V3_1_AREA_COS1_COS,Area CoS1 (CoS),left,Area CoS1 (CoS),G4_MICROSTRUCTURAL_FINE,9606,true,true,Area CoS1 (CoS) left,,source,MISSING,Julich-Brain v3.1 leaf; hemisphere-specific G4 candidate
JULICH_BRAIN_CYTOARCHITECTONIC_ATLAS_V3_1_AREA_TI_STG_RIGHT,Area TI (STG) right,JULICH_BRAIN_CYTOARCHITECTONIC_ATLAS_V3_1_AREA_TI_STG,Area TI (STG),right,Area TI (STG),G4_MICROSTRUCTURAL_FINE,9606,true,true,Area TI (STG) right,,source,MISSING,Julich-Brain v3.1 leaf; hemisphere-specific G4 candidate
JULICH_BRAIN_CYTOARCHITECTONIC_ATLAS_V3_1_AREA_TI_STG_LEFT,Area TI (STG) left,JULICH_BRAIN_CYTOARCHITECTONIC_ATLAS_V3_1_AREA_TI_STG,Area TI (STG),left,Area TI (STG),G4_MICROSTRUCTURAL_FINE,9606,true,true,Area TI (STG) left,,source,MISSING,Julich-Brain v3.1 leaf; hemisphere-specific G4 candidate
JULICH_BRAIN_CYTOARCHITECTONIC_ATLAS_V3_1_AREA_TEI_STG_RIGHT,Area TeI (STG) right,JULICH_BRAIN_CYTOARCHITECTONIC_ATLAS_V3_1_AREA_TEI_STG,Area TeI (STG),right,Area TeI (STG),G4_MICROSTRUCTURAL_FINE,9606,true,true,Area TeI (STG) right,,source,MISSING,Julich-Brain v3.1 leaf; hemisphere-specific G4 candidate
JULICH_BRAIN_CYTOARCHITECTONIC_ATLAS_V3_1_AREA_TEI_STG_LEFT,Area TeI (STG) left,JULICH_BRAIN_CYTOARCHITECTONIC_ATLAS_V3_1_AREA_TEI_STG,Area TeI (STG),left,Area TeI (STG),G4_MICROSTRUCTURAL_FINE,9606,true,true,Area TeI (STG) left,,source,MISSING,Julich-Brain v3.1 leaf; hemisphere-specific G4 candidate
JULICH_BRAIN_CYTOARCHITECTONIC_ATLAS_V3_1_AREA_FG5_FUSG_RIGHT,Area FG5 (FusG) right,JULICH_BRAIN_CYTOARCHITECTONIC_ATLAS_V3_1_AREA_FG5_FUSG,Area FG5 (FusG),right,Area FG5 (FusG),G4_MICROSTRUCTURAL_FINE,9606,true,true,Area FG5 (FusG) right,,source,MISSING,Julich-Brain v3.1 leaf; hemisphere-specific G4 candidate
JULICH_BRAIN_CYTOARCHITECTONIC_ATLAS_V3_1_AREA_FG5_FUSG_LEFT,Area FG5 (FusG) left,JULICH_BRAIN_CYTOARCHITECTONIC_ATLAS_V3_1_AREA_FG5_FUSG,Area FG5 (FusG),left,Area FG5 (FusG),G4_MICROSTRUCTURAL_FINE,9606,true,true,Area FG5 (FusG) left,,source,MISSING,Julich-Brain v3.1 leaf; hemisphere-specific G4 candidate
JULICH_BRAIN_CYTOARCHITECTONIC_ATLAS_V3_1_AREA_FG2_FUSG_RIGHT,Area FG2 (FusG) right,JULICH_BRAIN_CYTOARCHITECTONIC_ATLAS_V3_1_AREA_FG2_FUSG,Area FG2 (FusG),right,Area FG2 (FusG),G4_MICROSTRUCTURAL_FINE,9606,true,true,Area FG2 (FusG) right,,source,MISSING,Julich-Brain v3.1 leaf; hemisphere-specific G4 candidate
JULICH_BRAIN_CYTOARCHITECTONIC_ATLAS_V3_1_AREA_FG2_FUSG_LEFT,Area FG2 (FusG) left,JULICH_BRAIN_CYTOARCHITECTONIC_ATLAS_V3_1_AREA_FG2_FUSG,Area FG2 (FusG),left,Area FG2 (FusG),G4_MICROSTRUCTURAL_FINE,9606,true,true,Area FG2 (FusG) left,,source,MISSING,Julich-Brain v3.1 leaf; hemisphere-specific G4 candidate
JULICH_BRAIN_CYTOARCHITECTONIC_ATLAS_V3_1_AREA_FG3_FUSG_RIGHT,Area FG3 (FusG) right,JULICH_BRAIN_CYTOARCHITECTONIC_ATLAS_V3_1_AREA_FG3_FUSG,Area FG3 (FusG),right,Area FG3 (FusG),G4_MICROSTRUCTURAL_FINE,9606,true,true,Area FG3 (FusG) right,,source,MISSING,Julich-Brain v3.1 leaf; hemisphere-specific G4 candidate
JULICH_BRAIN_CYTOARCHITECTONIC_ATLAS_V3_1_AREA_FG3_FUSG_LEFT,Area FG3 (FusG) left,JULICH_BRAIN_CYTOARCHITECTONIC_ATLAS_V3_1_AREA_FG3_FUSG,Area FG3 (FusG),left,Area FG3 (FusG),G4_MICROSTRUCTURAL_FINE,9606,true,true,Area FG3 (FusG) left,,source,MISSING,Julich-Brain v3.1 leaf; hemisphere-specific G4 candidate
JULICH_BRAIN_CYTOARCHITECTONIC_ATLAS_V3_1_AREA_FG1_FUSG_RIGHT,Area FG1 (FusG) right,JULICH_BRAIN_CYTOARCHITECTONIC_ATLAS_V3_1_AREA_FG1_FUSG,Area FG1 (FusG),right,Area FG1 (FusG),G4_MICROSTRUCTURAL_FINE,9606,true,true,Area FG1 (FusG) right,,source,MISSING,Julich-Brain v3.1 leaf; hemisphere-specific G4 candidate
JULICH_BRAIN_CYTOARCHITECTONIC_ATLAS_V3_1_AREA_FG1_FUSG_LEFT,Area FG1 (FusG) left,JULICH_BRAIN_CYTOARCHITECTONIC_ATLAS_V3_1_AREA_FG1_FUSG,Area FG1 (FusG),left,Area FG1 (FusG),G4_MICROSTRUCTURAL_FINE,9606,true,true,Area FG1 (FusG) left,,source,MISSING,Julich-Brain v3.1 leaf; hemisphere-specific G4 candidate
JULICH_BRAIN_CYTOARCHITECTONIC_ATLAS_V3_1_AREA_FG4_FUSG_RIGHT,Area FG4 (FusG) right,JULICH_BRAIN_CYTOARCHITECTONIC_ATLAS_V3_1_AREA_FG4_FUSG,Area FG4 (FusG),right,Area FG4 (FusG),G4_MICROSTRUCTURAL_FINE,9606,true,true,Area FG4 (FusG) right,,source,MISSING,Julich-Brain v3.1 leaf; hemisphere-specific G4 candidate
JULICH_BRAIN_CYTOARCHITECTONIC_ATLAS_V3_1_AREA_FG4_FUSG_LEFT,Area FG4 (FusG) left,JULICH_BRAIN_CYTOARCHITECTONIC_ATLAS_V3_1_AREA_FG4_FUSG,Area FG4 (FusG),left,Area FG4 (FusG),G4_MICROSTRUCTURAL_FINE,9606,true,true,Area FG4 (FusG) left,,source,MISSING,Julich-Brain v3.1 leaf; hemisphere-specific G4 candidate
JULICH_BRAIN_CYTOARCHITECTONIC_ATLAS_V3_1_AREA_TPJ_STG_SMG_RIGHT,"Area TPJ (STG, SMG) right",JULICH_BRAIN_CYTOARCHITECTONIC_ATLAS_V3_1_AREA_TPJ_STG_SMG,"Area TPJ (STG, SMG)",right,"Area TPJ (STG, SMG)",G4_MICROSTRUCTURAL_FINE,9606,true,true,"Area TPJ (STG, SMG) right",,source,MISSING,Julich-Brain v3.1 leaf; hemisphere-specific G4 candidate
JULICH_BRAIN_CYTOARCHITECTONIC_ATLAS_V3_1_AREA_TPJ_STG_SMG_LEFT,"Area TPJ (STG, SMG) left",JULICH_BRAIN_CYTOARCHITECTONIC_ATLAS_V3_1_AREA_TPJ_STG_SMG,"Area TPJ (STG, SMG)",left,"Area TPJ (STG, SMG)",G4_MICROSTRUCTURAL_FINE,9606,true,true,"Area TPJ (STG, SMG) left",,source,MISSING,Julich-Brain v3.1 leaf; hemisphere-specific G4 candidate
JULICH_BRAIN_CYTOARCHITECTONIC_ATLAS_V3_1_AREA_HOC2_V2_18_RIGHT,"Area hOc2 (V2, 18) right",JULICH_BRAIN_CYTOARCHITECTONIC_ATLAS_V3_1_AREA_HOC2_V2_18,"Area hOc2 (V2, 18)",right,"Area hOc2 (V2, 18)",G4_MICROSTRUCTURAL_FINE,9606,true,true,"Area hOc2 (V2, 18) right",,source,MISSING,Julich-Brain v3.1 leaf; hemisphere-specific G4 candidate
JULICH_BRAIN_CYTOARCHITECTONIC_ATLAS_V3_1_AREA_HOC2_V2_18_LEFT,"Area hOc2 (V2, 18) left",JULICH_BRAIN_CYTOARCHITECTONIC_ATLAS_V3_1_AREA_HOC2_V2_18,"Area hOc2 (V2, 18)",left,"Area hOc2 (V2, 18)",G4_MICROSTRUCTURAL_FINE,9606,true,true,"Area hOc2 (V2, 18) left",,source,MISSING,Julich-Brain v3.1 leaf; hemisphere-specific G4 candidate
JULICH_BRAIN_CYTOARCHITECTONIC_ATLAS_V3_1_AREA_HOC1_V1_17_CALCS_RIGHT,"Area hOc1 (V1, 17, CalcS) right",JULICH_BRAIN_CYTOARCHITECTONIC_ATLAS_V3_1_AREA_HOC1_V1_17_CALCS,"Area hOc1 (V1, 17, CalcS)",right,"Area hOc1 (V1, 17, CalcS)",G4_MICROSTRUCTURAL_FINE,9606,true,true,"Area hOc1 (V1, 17, CalcS) right",,source,MISSING,Julich-Brain v3.1 leaf; hemisphere-specific G4 candidate
JULICH_BRAIN_CYTOARCHITECTONIC_ATLAS_V3_1_AREA_HOC1_V1_17_CALCS_LEFT,"Area hOc1 (V1, 17, CalcS) left",JULICH_BRAIN_CYTOARCHITECTONIC_ATLAS_V3_1_AREA_HOC1_V1_17_CALCS,"Area hOc1 (V1, 17, CalcS)",left,"Area hOc1 (V1, 17, CalcS)",G4_MICROSTRUCTURAL_FINE,9606,true,true,"Area hOc1 (V1, 17, CalcS) left",,source,MISSING,Julich-Brain v3.1 leaf; hemisphere-specific G4 candidate
JULICH_BRAIN_CYTOARCHITECTONIC_ATLAS_V3_1_AREA_HOC6_POS_RIGHT,Area hOc6 (POS) right,JULICH_BRAIN_CYTOARCHITECTONIC_ATLAS_V3_1_AREA_HOC6_POS,Area hOc6 (POS),right,Area hOc6 (POS),G4_MICROSTRUCTURAL_FINE,9606,true,true,Area hOc6 (POS) right,,source,MISSING,Julich-Brain v3.1 leaf; hemisphere-specific G4 candidate
JULICH_BRAIN_CYTOARCHITECTONIC_ATLAS_V3_1_AREA_HOC6_POS_LEFT,Area hOc6 (POS) left,JULICH_BRAIN_CYTOARCHITECTONIC_ATLAS_V3_1_AREA_HOC6_POS,Area hOc6 (POS),left,Area hOc6 (POS),G4_MICROSTRUCTURAL_FINE,9606,true,true,Area hOc6 (POS) left,,source,MISSING,Julich-Brain v3.1 leaf; hemisphere-specific G4 candidate
JULICH_BRAIN_CYTOARCHITECTONIC_ATLAS_V3_1_AREA_HOC4D_CUNEUS_RIGHT,Area hOc4d (Cuneus) right,JULICH_BRAIN_CYTOARCHITECTONIC_ATLAS_V3_1_AREA_HOC4D_CUNEUS,Area hOc4d (Cuneus),right,Area hOc4d (Cuneus),G4_MICROSTRUCTURAL_FINE,9606,true,true,Area hOc4d (Cuneus) right,,source,MISSING,Julich-Brain v3.1 leaf; hemisphere-specific G4 candidate
JULICH_BRAIN_CYTOARCHITECTONIC_ATLAS_V3_1_AREA_HOC4D_CUNEUS_LEFT,Area hOc4d (Cuneus) left,JULICH_BRAIN_CYTOARCHITECTONIC_ATLAS_V3_1_AREA_HOC4D_CUNEUS,Area hOc4d (Cuneus),left,Area hOc4d (Cuneus),G4_MICROSTRUCTURAL_FINE,9606,true,true,Area hOc4d (Cuneus) left,,source,MISSING,Julich-Brain v3.1 leaf; hemisphere-specific G4 candidate
JULICH_BRAIN_CYTOARCHITECTONIC_ATLAS_V3_1_AREA_HOC3D_CUNEUS_RIGHT,Area hOc3d (Cuneus) right,JULICH_BRAIN_CYTOARCHITECTONIC_ATLAS_V3_1_AREA_HOC3D_CUNEUS,Area hOc3d (Cuneus),right,Area hOc3d (Cuneus),G4_MICROSTRUCTURAL_FINE,9606,true,true,Area hOc3d (Cuneus) right,,source,MISSING,Julich-Brain v3.1 leaf; hemisphere-specific G4 candidate
JULICH_BRAIN_CYTOARCHITECTONIC_ATLAS_V3_1_AREA_HOC3D_CUNEUS_LEFT,Area hOc3d (Cuneus) left,JULICH_BRAIN_CYTOARCHITECTONIC_ATLAS_V3_1_AREA_HOC3D_CUNEUS,Area hOc3d (Cuneus),left,Area hOc3d (Cuneus),G4_MICROSTRUCTURAL_FINE,9606,true,true,Area hOc3d (Cuneus) left,,source,MISSING,Julich-Brain v3.1 leaf; hemisphere-specific G4 candidate
JULICH_BRAIN_CYTOARCHITECTONIC_ATLAS_V3_1_AREA_HOC3V_LINGG_RIGHT,Area hOc3v (LingG) right,JULICH_BRAIN_CYTOARCHITECTONIC_ATLAS_V3_1_AREA_HOC3V_LINGG,Area hOc3v (LingG),right,Area hOc3v (LingG),G4_MICROSTRUCTURAL_FINE,9606,true,true,Area hOc3v (LingG) right,,source,MISSING,Julich-Brain v3.1 leaf; hemisphere-specific G4 candidate
JULICH_BRAIN_CYTOARCHITECTONIC_ATLAS_V3_1_AREA_HOC3V_LINGG_LEFT,Area hOc3v (LingG) left,JULICH_BRAIN_CYTOARCHITECTONIC_ATLAS_V3_1_AREA_HOC3V_LINGG,Area hOc3v (LingG),left,Area hOc3v (LingG),G4_MICROSTRUCTURAL_FINE,9606,true,true,Area hOc3v (LingG) left,,source,MISSING,Julich-Brain v3.1 leaf; hemisphere-specific G4 candidate
JULICH_BRAIN_CYTOARCHITECTONIC_ATLAS_V3_1_AREA_HOC4V_LINGG_RIGHT,Area hOc4v (LingG) right,JULICH_BRAIN_CYTOARCHITECTONIC_ATLAS_V3_1_AREA_HOC4V_LINGG,Area hOc4v (LingG),right,Area hOc4v (LingG),G4_MICROSTRUCTURAL_FINE,9606,true,true,Area hOc4v (LingG) right,,source,MISSING,Julich-Brain v3.1 leaf; hemisphere-specific G4 candidate
JULICH_BRAIN_CYTOARCHITECTONIC_ATLAS_V3_1_AREA_HOC4V_LINGG_LEFT,Area hOc4v (LingG) left,JULICH_BRAIN_CYTOARCHITECTONIC_ATLAS_V3_1_AREA_HOC4V_LINGG,Area hOc4v (LingG),left,Area hOc4v (LingG),G4_MICROSTRUCTURAL_FINE,9606,true,true,Area hOc4v (LingG) left,,source,MISSING,Julich-Brain v3.1 leaf; hemisphere-specific G4 candidate
JULICH_BRAIN_CYTOARCHITECTONIC_ATLAS_V3_1_AREA_HOC4LP_LOC_RIGHT,Area hOc4lp (LOC) right,JULICH_BRAIN_CYTOARCHITECTONIC_ATLAS_V3_1_AREA_HOC4LP_LOC,Area hOc4lp (LOC),right,Area hOc4lp (LOC),G4_MICROSTRUCTURAL_FINE,9606,true,true,Area hOc4lp (LOC) right,,source,MISSING,Julich-Brain v3.1 leaf; hemisphere-specific G4 candidate
JULICH_BRAIN_CYTOARCHITECTONIC_ATLAS_V3_1_AREA_HOC4LP_LOC_LEFT,Area hOc4lp (LOC) left,JULICH_BRAIN_CYTOARCHITECTONIC_ATLAS_V3_1_AREA_HOC4LP_LOC,Area hOc4lp (LOC),left,Area hOc4lp (LOC),G4_MICROSTRUCTURAL_FINE,9606,true,true,Area hOc4lp (LOC) left,,source,MISSING,Julich-Brain v3.1 leaf; hemisphere-specific G4 candidate
JULICH_BRAIN_CYTOARCHITECTONIC_ATLAS_V3_1_AREA_HOC5_LOC_RIGHT,Area hOc5 (LOC) right,JULICH_BRAIN_CYTOARCHITECTONIC_ATLAS_V3_1_AREA_HOC5_LOC,Area hOc5 (LOC),right,Area hOc5 (LOC),G4_MICROSTRUCTURAL_FINE,9606,true,true,Area hOc5 (LOC) right,,source,MISSING,Julich-Brain v3.1 leaf; hemisphere-specific G4 candidate
JULICH_BRAIN_CYTOARCHITECTONIC_ATLAS_V3_1_AREA_HOC5_LOC_LEFT,Area hOc5 (LOC) left,JULICH_BRAIN_CYTOARCHITECTONIC_ATLAS_V3_1_AREA_HOC5_LOC,Area hOc5 (LOC),left,Area hOc5 (LOC),G4_MICROSTRUCTURAL_FINE,9606,true,true,Area hOc5 (LOC) left,,source,MISSING,Julich-Brain v3.1 leaf; hemisphere-specific G4 candidate
JULICH_BRAIN_CYTOARCHITECTONIC_ATLAS_V3_1_AREA_HOC4LA_LOC_RIGHT,Area hOc4la (LOC) right,JULICH_BRAIN_CYTOARCHITECTONIC_ATLAS_V3_1_AREA_HOC4LA_LOC,Area hOc4la (LOC),right,Area hOc4la (LOC),G4_MICROSTRUCTURAL_FINE,9606,true,true,Area hOc4la (LOC) right,,source,MISSING,Julich-Brain v3.1 leaf; hemisphere-specific G4 candidate
JULICH_BRAIN_CYTOARCHITECTONIC_ATLAS_V3_1_AREA_HOC4LA_LOC_LEFT,Area hOc4la (LOC) left,JULICH_BRAIN_CYTOARCHITECTONIC_ATLAS_V3_1_AREA_HOC4LA_LOC,Area hOc4la (LOC),left,Area hOc4la (LOC),G4_MICROSTRUCTURAL_FINE,9606,true,true,Area hOc4la (LOC) left,,source,MISSING,Julich-Brain v3.1 leaf; hemisphere-specific G4 candidate
JULICH_BRAIN_CYTOARCHITECTONIC_ATLAS_V3_1_AREA_P24C_PD24CD_PACC_RIGHT,Area p24c.pd24cd (pACC) right,JULICH_BRAIN_CYTOARCHITECTONIC_ATLAS_V3_1_AREA_P24C_PACC_RIGHT,Area p24c (pACC) right,right,Area p24c.pd24cd (pACC),G4_MICROSTRUCTURAL_FINE,9606,true,true,Area p24c.pd24cd (pACC) right,,source,MISSING,Julich-Brain v3.1 leaf; hemisphere-specific G4 candidate
JULICH_BRAIN_CYTOARCHITECTONIC_ATLAS_V3_1_AREA_P24C_PD24CV_PACC_RIGHT,Area p24c.pd24cv (pACC) right,JULICH_BRAIN_CYTOARCHITECTONIC_ATLAS_V3_1_AREA_P24C_PACC_RIGHT,Area p24c (pACC) right,right,Area p24c.pd24cv (pACC),G4_MICROSTRUCTURAL_FINE,9606,true,true,Area p24c.pd24cv (pACC) right,,source,MISSING,Julich-Brain v3.1 leaf; hemisphere-specific G4 candidate
JULICH_BRAIN_CYTOARCHITECTONIC_ATLAS_V3_1_AREA_P24C_PV24C_PACC_RIGHT,Area p24c.pv24c (pACC) right,JULICH_BRAIN_CYTOARCHITECTONIC_ATLAS_V3_1_AREA_P24C_PACC_RIGHT,Area p24c (pACC) right,right,Area p24c.pv24c (pACC),G4_MICROSTRUCTURAL_FINE,9606,true,true,Area p24c.pv24c (pACC) right,,source,MISSING,Julich-Brain v3.1 leaf; hemisphere-specific G4 candidate
JULICH_BRAIN_CYTOARCHITECTONIC_ATLAS_V3_1_AREA_P24C_PD24CD_PACC_LEFT,Area p24c.pd24cd (pACC) left,JULICH_BRAIN_CYTOARCHITECTONIC_ATLAS_V3_1_AREA_P24C_PACC_LEFT,Area p24c (pACC) left,left,Area p24c.pd24cd (pACC),G4_MICROSTRUCTURAL_FINE,9606,true,true,Area p24c.pd24cd (pACC) left,,source,MISSING,Julich-Brain v3.1 leaf; hemisphere-specific G4 candidate
JULICH_BRAIN_CYTOARCHITECTONIC_ATLAS_V3_1_AREA_P24C_PD24CV_PACC_LEFT,Area p24c.pd24cv (pACC) left,JULICH_BRAIN_CYTOARCHITECTONIC_ATLAS_V3_1_AREA_P24C_PACC_LEFT,Area p24c (pACC) left,left,Area p24c.pd24cv (pACC),G4_MICROSTRUCTURAL_FINE,9606,true,true,Area p24c.pd24cv (pACC) left,,source,MISSING,Julich-Brain v3.1 leaf; hemisphere-specific G4 candidate
JULICH_BRAIN_CYTOARCHITECTONIC_ATLAS_V3_1_AREA_P24C_PV24C_PACC_LEFT,Area p24c.pv24c (pACC) left,JULICH_BRAIN_CYTOARCHITECTONIC_ATLAS_V3_1_AREA_P24C_PACC_LEFT,Area p24c (pACC) left,left,Area p24c.pv24c (pACC),G4_MICROSTRUCTURAL_FINE,9606,true,true,Area p24c.pv24c (pACC) left,,source,MISSING,Julich-Brain v3.1 leaf; hemisphere-specific G4 candidate
JULICH_BRAIN_CYTOARCHITECTONIC_ATLAS_V3_1_AREA_25_25A_SACC_RIGHT,Area 25.25a (sACC) right,JULICH_BRAIN_CYTOARCHITECTONIC_ATLAS_V3_1_AREA_25_SACC_RIGHT,Area 25 (sACC) right,right,Area 25.25a (sACC),G4_MICROSTRUCTURAL_FINE,9606,true,true,Area 25.25a (sACC) right,,source,MISSING,Julich-Brain v3.1 leaf; hemisphere-specific G4 candidate
JULICH_BRAIN_CYTOARCHITECTONIC_ATLAS_V3_1_AREA_25_25P_SACC_RIGHT,Area 25.25p (sACC) right,JULICH_BRAIN_CYTOARCHITECTONIC_ATLAS_V3_1_AREA_25_SACC_RIGHT,Area 25 (sACC) right,right,Area 25.25p (sACC),G4_MICROSTRUCTURAL_FINE,9606,true,true,Area 25.25p (sACC) right,,source,MISSING,Julich-Brain v3.1 leaf; hemisphere-specific G4 candidate
JULICH_BRAIN_CYTOARCHITECTONIC_ATLAS_V3_1_AREA_25_25A_SACC_LEFT,Area 25.25a (sACC) left,JULICH_BRAIN_CYTOARCHITECTONIC_ATLAS_V3_1_AREA_25_SACC_LEFT,Area 25 (sACC) left,left,Area 25.25a (sACC),G4_MICROSTRUCTURAL_FINE,9606,true,true,Area 25.25a (sACC) left,,source,MISSING,Julich-Brain v3.1 leaf; hemisphere-specific G4 candidate
JULICH_BRAIN_CYTOARCHITECTONIC_ATLAS_V3_1_AREA_25_25P_SACC_LEFT,Area 25.25p (sACC) left,JULICH_BRAIN_CYTOARCHITECTONIC_ATLAS_V3_1_AREA_25_SACC_LEFT,Area 25 (sACC) left,left,Area 25.25p (sACC),G4_MICROSTRUCTURAL_FINE,9606,true,true,Area 25.25p (sACC) left,,source,MISSING,Julich-Brain v3.1 leaf; hemisphere-specific G4 candidate
JULICH_BRAIN_CYTOARCHITECTONIC_ATLAS_V3_1_AREA_P24AB_P24A_PACC_RIGHT,Area p24ab.p24a (pACC) right,JULICH_BRAIN_CYTOARCHITECTONIC_ATLAS_V3_1_AREA_P24AB_PACC_RIGHT,Area p24ab (pACC) right,right,Area p24ab.p24a (pACC),G4_MICROSTRUCTURAL_FINE,9606,true,true,Area p24ab.p24a (pACC) right,,source,MISSING,Julich-Brain v3.1 leaf; hemisphere-specific G4 candidate
JULICH_BRAIN_CYTOARCHITECTONIC_ATLAS_V3_1_AREA_P24AB_P24B_PACC_RIGHT,Area p24ab.p24b (pACC) right,JULICH_BRAIN_CYTOARCHITECTONIC_ATLAS_V3_1_AREA_P24AB_PACC_RIGHT,Area p24ab (pACC) right,right,Area p24ab.p24b (pACC),G4_MICROSTRUCTURAL_FINE,9606,true,true,Area p24ab.p24b (pACC) right,,source,MISSING,Julich-Brain v3.1 leaf; hemisphere-specific G4 candidate
JULICH_BRAIN_CYTOARCHITECTONIC_ATLAS_V3_1_AREA_P24AB_P24A_PACC_LEFT,Area p24ab.p24a (pACC) left,JULICH_BRAIN_CYTOARCHITECTONIC_ATLAS_V3_1_AREA_P24AB_PACC_LEFT,Area p24ab (pACC) left,left,Area p24ab.p24a (pACC),G4_MICROSTRUCTURAL_FINE,9606,true,true,Area p24ab.p24a (pACC) left,,source,MISSING,Julich-Brain v3.1 leaf; hemisphere-specific G4 candidate
JULICH_BRAIN_CYTOARCHITECTONIC_ATLAS_V3_1_AREA_P24AB_P24B_PACC_LEFT,Area p24ab.p24b (pACC) left,JULICH_BRAIN_CYTOARCHITECTONIC_ATLAS_V3_1_AREA_P24AB_PACC_LEFT,Area p24ab (pACC) left,left,Area p24ab.p24b (pACC),G4_MICROSTRUCTURAL_FINE,9606,true,true,Area p24ab.p24b (pACC) left,,source,MISSING,Julich-Brain v3.1 leaf; hemisphere-specific G4 candidate
JULICH_BRAIN_CYTOARCHITECTONIC_ATLAS_V3_1_AREA_S32_SACC_RIGHT,Area s32 (sACC) right,JULICH_BRAIN_CYTOARCHITECTONIC_ATLAS_V3_1_AREA_S32_SACC,Area s32 (sACC),right,Area s32 (sACC),G4_MICROSTRUCTURAL_FINE,9606,true,true,Area s32 (sACC) right,,source,MISSING,Julich-Brain v3.1 leaf; hemisphere-specific G4 candidate
JULICH_BRAIN_CYTOARCHITECTONIC_ATLAS_V3_1_AREA_S32_SACC_LEFT,Area s32 (sACC) left,JULICH_BRAIN_CYTOARCHITECTONIC_ATLAS_V3_1_AREA_S32_SACC,Area s32 (sACC),left,Area s32 (sACC),G4_MICROSTRUCTURAL_FINE,9606,true,true,Area s32 (sACC) left,,source,MISSING,Julich-Brain v3.1 leaf; hemisphere-specific G4 candidate
JULICH_BRAIN_CYTOARCHITECTONIC_ATLAS_V3_1_AREA_33_ACC_RIGHT,Area 33 (ACC) right,JULICH_BRAIN_CYTOARCHITECTONIC_ATLAS_V3_1_AREA_33_ACC,Area 33 (ACC),right,Area 33 (ACC),G4_MICROSTRUCTURAL_FINE,9606,true,true,Area 33 (ACC) right,,source,MISSING,Julich-Brain v3.1 leaf; hemisphere-specific G4 candidate
JULICH_BRAIN_CYTOARCHITECTONIC_ATLAS_V3_1_AREA_33_ACC_LEFT,Area 33 (ACC) left,JULICH_BRAIN_CYTOARCHITECTONIC_ATLAS_V3_1_AREA_33_ACC,Area 33 (ACC),left,Area 33 (ACC),G4_MICROSTRUCTURAL_FINE,9606,true,true,Area 33 (ACC) left,,source,MISSING,Julich-Brain v3.1 leaf; hemisphere-specific G4 candidate
JULICH_BRAIN_CYTOARCHITECTONIC_ATLAS_V3_1_AREA_P32_PACC_RIGHT,Area p32 (pACC) right,JULICH_BRAIN_CYTOARCHITECTONIC_ATLAS_V3_1_AREA_P32_PACC,Area p32 (pACC),right,Area p32 (pACC),G4_MICROSTRUCTURAL_FINE,9606,true,true,Area p32 (pACC) right,,source,MISSING,Julich-Brain v3.1 leaf; hemisphere-specific G4 candidate
JULICH_BRAIN_CYTOARCHITECTONIC_ATLAS_V3_1_AREA_P32_PACC_LEFT,Area p32 (pACC) left,JULICH_BRAIN_CYTOARCHITECTONIC_ATLAS_V3_1_AREA_P32_PACC,Area p32 (pACC),left,Area p32 (pACC),G4_MICROSTRUCTURAL_FINE,9606,true,true,Area p32 (pACC) left,,source,MISSING,Julich-Brain v3.1 leaf; hemisphere-specific G4 candidate
JULICH_BRAIN_CYTOARCHITECTONIC_ATLAS_V3_1_AREA_S24_S24A_SACC_RIGHT,Area s24.s24a (sACC) right,JULICH_BRAIN_CYTOARCHITECTONIC_ATLAS_V3_1_AREA_S24_SACC_RIGHT,Area s24 (sACC) right,right,Area s24.s24a (sACC),G4_MICROSTRUCTURAL_FINE,9606,true,true,Area s24.s24a (sACC) right,,source,MISSING,Julich-Brain v3.1 leaf; hemisphere-specific G4 candidate
JULICH_BRAIN_CYTOARCHITECTONIC_ATLAS_V3_1_AREA_S24_S24B_SACC_RIGHT,Area s24.s24b (sACC) right,JULICH_BRAIN_CYTOARCHITECTONIC_ATLAS_V3_1_AREA_S24_SACC_RIGHT,Area s24 (sACC) right,right,Area s24.s24b (sACC),G4_MICROSTRUCTURAL_FINE,9606,true,true,Area s24.s24b (sACC) right,,source,MISSING,Julich-Brain v3.1 leaf; hemisphere-specific G4 candidate
JULICH_BRAIN_CYTOARCHITECTONIC_ATLAS_V3_1_AREA_S24_S24A_SACC_LEFT,Area s24.s24a (sACC) left,JULICH_BRAIN_CYTOARCHITECTONIC_ATLAS_V3_1_AREA_S24_SACC_LEFT,Area s24 (sACC) left,left,Area s24.s24a (sACC),G4_MICROSTRUCTURAL_FINE,9606,true,true,Area s24.s24a (sACC) left,,source,MISSING,Julich-Brain v3.1 leaf; hemisphere-specific G4 candidate
JULICH_BRAIN_CYTOARCHITECTONIC_ATLAS_V3_1_AREA_S24_S24B_SACC_LEFT,Area s24.s24b (sACC) left,JULICH_BRAIN_CYTOARCHITECTONIC_ATLAS_V3_1_AREA_S24_SACC_LEFT,Area s24 (sACC) left,left,Area s24.s24b (sACC),G4_MICROSTRUCTURAL_FINE,9606,true,true,Area s24.s24b (sACC) left,,source,MISSING,Julich-Brain v3.1 leaf; hemisphere-specific G4 candidate
JULICH_BRAIN_CYTOARCHITECTONIC_ATLAS_V3_1_AREA_PIRT_TIT_PIRIFORMCORTEXMESIAL_PIRIFORM_TEMPORAL_AREA_INCISURA_TEMPORALIS_RIGHT,"Area PirT.Tit (PiriformCortexMesial, Piriform temporal Area, Incisura temporalis) right",JULICH_BRAIN_CYTOARCHITECTONIC_ATLAS_V3_1_AREA_PIRT_PIRIFORMCORTEXMESIAL_TEMPORAL_RIGHT,"Area PirT (PiriformCortexMesial, temporal) right",right,"Area PirT.Tit (PiriformCortexMesial, Piriform temporal Area, Incisura temporalis)",G4_MICROSTRUCTURAL_FINE,9606,true,true,"Area PirT.Tit (PiriformCortexMesial, Piriform temporal Area, Incisura temporalis) right",,source,MISSING,Julich-Brain v3.1 leaf; hemisphere-specific G4 candidate
JULICH_BRAIN_CYTOARCHITECTONIC_ATLAS_V3_1_AREA_PIRT_TU_PIRIFORMCORTEXMESIAL_PIRIFORM_TEMPORAL_AREA_UNCUS_RIGHT,"Area PirT.Tu (PiriformCortexMesial, Piriform temporal Area, Uncus) right",JULICH_BRAIN_CYTOARCHITECTONIC_ATLAS_V3_1_AREA_PIRT_PIRIFORMCORTEXMESIAL_TEMPORAL_RIGHT,"Area PirT (PiriformCortexMesial, temporal) right",right,"Area PirT.Tu (PiriformCortexMesial, Piriform temporal Area, Uncus)",G4_MICROSTRUCTURAL_FINE,9606,true,true,"Area PirT.Tu (PiriformCortexMesial, Piriform temporal Area, Uncus) right",,source,MISSING,Julich-Brain v3.1 leaf; hemisphere-specific G4 candidate
JULICH_BRAIN_CYTOARCHITECTONIC_ATLAS_V3_1_AREA_PIRT_TIT_PIRIFORMCORTEXMESIAL_PIRIFORM_TEMPORAL_AREA_INCISURA_TEMPORALIS_LEFT,"Area PirT.Tit (PiriformCortexMesial, Piriform temporal Area, Incisura temporalis) left",JULICH_BRAIN_CYTOARCHITECTONIC_ATLAS_V3_1_AREA_PIRT_PIRIFORMCORTEXMESIAL_TEMPORAL_LEFT,"Area PirT (PiriformCortexMesial, temporal) left",left,"Area PirT.Tit (PiriformCortexMesial, Piriform temporal Area, Incisura temporalis)",G4_MICROSTRUCTURAL_FINE,9606,true,true,"Area PirT.Tit (PiriformCortexMesial, Piriform temporal Area, Incisura temporalis) left",,source,MISSING,Julich-Brain v3.1 leaf; hemisphere-specific G4 candidate
JULICH_BRAIN_CYTOARCHITECTONIC_ATLAS_V3_1_AREA_PIRT_TU_PIRIFORMCORTEXMESIAL_PIRIFORM_TEMPORAL_AREA_UNCUS_LEFT,"Area PirT.Tu (PiriformCortexMesial, Piriform temporal Area, Uncus) left",JULICH_BRAIN_CYTOARCHITECTONIC_ATLAS_V3_1_AREA_PIRT_PIRIFORMCORTEXMESIAL_TEMPORAL_LEFT,"Area PirT (PiriformCortexMesial, temporal) left",left,"Area PirT.Tu (PiriformCortexMesial, Piriform temporal Area, Uncus)",G4_MICROSTRUCTURAL_FINE,9606,true,true,"Area PirT.Tu (PiriformCortexMesial, Piriform temporal Area, Uncus) left",,source,MISSING,Julich-Brain v3.1 leaf; hemisphere-specific G4 candidate
JULICH_BRAIN_CYTOARCHITECTONIC_ATLAS_V3_1_AREA_PIRTB_TBD_PIRIFORMCORTEXMESIAL_PIRIFORM_TEMPOROBASAL_AREA_DORSAL_PART_RIGHT,"Area PirTB.TBd (PiriformCortexMesial, Piriform temporobasal Area, dorsal part) right",JULICH_BRAIN_CYTOARCHITECTONIC_ATLAS_V3_1_AREA_PIRTB_PIRIFORMCORTEXMESIAL_TEMPOROBASAL_RIGHT,"Area PirTB (PiriformCortexMesial, temporobasal) right",right,"Area PirTB.TBd (PiriformCortexMesial, Piriform temporobasal Area, dorsal part)",G4_MICROSTRUCTURAL_FINE,9606,true,true,"Area PirTB.TBd (PiriformCortexMesial, Piriform temporobasal Area, dorsal part) right",,source,MISSING,Julich-Brain v3.1 leaf; hemisphere-specific G4 candidate
JULICH_BRAIN_CYTOARCHITECTONIC_ATLAS_V3_1_AREA_PIRTB_TBV_PIRIFORMCORTEXMESIAL_PIRIFORM_TEMPOROBASAL_AREA_VENTRAL_PART_RIGHT,"Area PirTB.TBv (PiriformCortexMesial, Piriform temporobasal Area, ventral part) right",JULICH_BRAIN_CYTOARCHITECTONIC_ATLAS_V3_1_AREA_PIRTB_PIRIFORMCORTEXMESIAL_TEMPOROBASAL_RIGHT,"Area PirTB (PiriformCortexMesial, temporobasal) right",right,"Area PirTB.TBv (PiriformCortexMesial, Piriform temporobasal Area, ventral part)",G4_MICROSTRUCTURAL_FINE,9606,true,true,"Area PirTB.TBv (PiriformCortexMesial, Piriform temporobasal Area, ventral part) right",,source,MISSING,Julich-Brain v3.1 leaf; hemisphere-specific G4 candidate
JULICH_BRAIN_CYTOARCHITECTONIC_ATLAS_V3_1_AREA_PIRTB_TBD_PIRIFORMCORTEXMESIAL_PIRIFORM_TEMPOROBASAL_AREA_DORSAL_PART_LEFT,"Area PirTB.TBd (PiriformCortexMesial, Piriform temporobasal Area, dorsal part) left",JULICH_BRAIN_CYTOARCHITECTONIC_ATLAS_V3_1_AREA_PIRTB_PIRIFORMCORTEXMESIAL_TEMPOROBASAL_LEFT,"Area PirTB (PiriformCortexMesial, temporobasal) left",left,"Area PirTB.TBd (PiriformCortexMesial, Piriform temporobasal Area, dorsal part)",G4_MICROSTRUCTURAL_FINE,9606,true,true,"Area PirTB.TBd (PiriformCortexMesial, Piriform temporobasal Area, dorsal part) left",,source,MISSING,Julich-Brain v3.1 leaf; hemisphere-specific G4 candidate
JULICH_BRAIN_CYTOARCHITECTONIC_ATLAS_V3_1_AREA_PIRTB_TBV_PIRIFORMCORTEXMESIAL_PIRIFORM_TEMPOROBASAL_AREA_VENTRAL_PART_LEFT,"Area PirTB.TBv (PiriformCortexMesial, Piriform temporobasal Area, ventral part) left",JULICH_BRAIN_CYTOARCHITECTONIC_ATLAS_V3_1_AREA_PIRTB_PIRIFORMCORTEXMESIAL_TEMPOROBASAL_LEFT,"Area PirTB (PiriformCortexMesial, temporobasal) left",left,"Area PirTB.TBv (PiriformCortexMesial, Piriform temporobasal Area, ventral part)",G4_MICROSTRUCTURAL_FINE,9606,true,true,"Area PirTB.TBv (PiriformCortexMesial, Piriform temporobasal Area, ventral part) left",,source,MISSING,Julich-Brain v3.1 leaf; hemisphere-specific G4 candidate
JULICH_BRAIN_CYTOARCHITECTONIC_ATLAS_V3_1_HATA_HIPPOCAMPUS_RIGHT,HATA (Hippocampus) right,JULICH_BRAIN_CYTOARCHITECTONIC_ATLAS_V3_1_HATA_HIPPOCAMPUS,HATA (Hippocampus),right,HATA (Hippocampus),G4_MICROSTRUCTURAL_FINE,9606,true,true,HATA (Hippocampus) right,,source,MISSING,Julich-Brain v3.1 leaf; hemisphere-specific G4 candidate
JULICH_BRAIN_CYTOARCHITECTONIC_ATLAS_V3_1_HATA_HIPPOCAMPUS_LEFT,HATA (Hippocampus) left,JULICH_BRAIN_CYTOARCHITECTONIC_ATLAS_V3_1_HATA_HIPPOCAMPUS,HATA (Hippocampus),left,HATA (Hippocampus),G4_MICROSTRUCTURAL_FINE,9606,true,true,HATA (Hippocampus) left,,source,MISSING,Julich-Brain v3.1 leaf; hemisphere-specific G4 candidate
JULICH_BRAIN_CYTOARCHITECTONIC_ATLAS_V3_1_CA3_HIPPOCAMPUS_RIGHT,CA3 (Hippocampus) right,JULICH_BRAIN_CYTOARCHITECTONIC_ATLAS_V3_1_CA3_HIPPOCAMPUS,CA3 (Hippocampus),right,CA3 (Hippocampus),G4_MICROSTRUCTURAL_FINE,9606,true,true,CA3 (Hippocampus) right,,source,MISSING,Julich-Brain v3.1 leaf; hemisphere-specific G4 candidate
JULICH_BRAIN_CYTOARCHITECTONIC_ATLAS_V3_1_CA3_HIPPOCAMPUS_LEFT,CA3 (Hippocampus) left,JULICH_BRAIN_CYTOARCHITECTONIC_ATLAS_V3_1_CA3_HIPPOCAMPUS,CA3 (Hippocampus),left,CA3 (Hippocampus),G4_MICROSTRUCTURAL_FINE,9606,true,true,CA3 (Hippocampus) left,,source,MISSING,Julich-Brain v3.1 leaf; hemisphere-specific G4 candidate
JULICH_BRAIN_CYTOARCHITECTONIC_ATLAS_V3_1_TRS_HIPPOCAMPUS_TRANSSUBICULUM_RIGHT,"TrS (Hippocampus, Transsubiculum) right",JULICH_BRAIN_CYTOARCHITECTONIC_ATLAS_V3_1_TRS_HIPPOCAMPUS_TRANSSUBICULUM,"TrS (Hippocampus, Transsubiculum)",right,"TrS (Hippocampus, Transsubiculum)",G4_MICROSTRUCTURAL_FINE,9606,true,true,"TrS (Hippocampus, Transsubiculum) right",,source,MISSING,Julich-Brain v3.1 leaf; hemisphere-specific G4 candidate
JULICH_BRAIN_CYTOARCHITECTONIC_ATLAS_V3_1_TRS_HIPPOCAMPUS_TRANSSUBICULUM_LEFT,"TrS (Hippocampus, Transsubiculum) left",JULICH_BRAIN_CYTOARCHITECTONIC_ATLAS_V3_1_TRS_HIPPOCAMPUS_TRANSSUBICULUM,"TrS (Hippocampus, Transsubiculum)",left,"TrS (Hippocampus, Transsubiculum)",G4_MICROSTRUCTURAL_FINE,9606,true,true,"TrS (Hippocampus, Transsubiculum) left",,source,MISSING,Julich-Brain v3.1 leaf; hemisphere-specific G4 candidate
JULICH_BRAIN_CYTOARCHITECTONIC_ATLAS_V3_1_SUBC_PAS_HIPPOCAMPUS_PARASUBICULUM_RIGHT,"Subc.PaS (Hippocampus, Parasubiculum) right",JULICH_BRAIN_CYTOARCHITECTONIC_ATLAS_V3_1_SUBC_HIPPOCAMPUS_SUBICULAR_COMPLEX_RIGHT,"Subc (Hippocampus, Subicular complex) right",right,"Subc.PaS (Hippocampus, Parasubiculum)",G4_MICROSTRUCTURAL_FINE,9606,true,true,"Subc.PaS (Hippocampus, Parasubiculum) right",,source,MISSING,Julich-Brain v3.1 leaf; hemisphere-specific G4 candidate
JULICH_BRAIN_CYTOARCHITECTONIC_ATLAS_V3_1_SUBC_PRES_HIPPOCAMPUS_PRESUBICULUM_RIGHT,"Subc.PreS (Hippocampus, Presubiculum) right",JULICH_BRAIN_CYTOARCHITECTONIC_ATLAS_V3_1_SUBC_HIPPOCAMPUS_SUBICULAR_COMPLEX_RIGHT,"Subc (Hippocampus, Subicular complex) right",right,"Subc.PreS (Hippocampus, Presubiculum)",G4_MICROSTRUCTURAL_FINE,9606,true,true,"Subc.PreS (Hippocampus, Presubiculum) right",,source,MISSING,Julich-Brain v3.1 leaf; hemisphere-specific G4 candidate
JULICH_BRAIN_CYTOARCHITECTONIC_ATLAS_V3_1_SUBC_PROS_HIPPOCAMPUS_PROSUBICULUM_RIGHT,"Subc.ProS (Hippocampus, Prosubiculum) right",JULICH_BRAIN_CYTOARCHITECTONIC_ATLAS_V3_1_SUBC_HIPPOCAMPUS_SUBICULAR_COMPLEX_RIGHT,"Subc (Hippocampus, Subicular complex) right",right,"Subc.ProS (Hippocampus, Prosubiculum)",G4_MICROSTRUCTURAL_FINE,9606,true,true,"Subc.ProS (Hippocampus, Prosubiculum) right",,source,MISSING,Julich-Brain v3.1 leaf; hemisphere-specific G4 candidate
JULICH_BRAIN_CYTOARCHITECTONIC_ATLAS_V3_1_SUBC_SUB_HIPPOCAMPUS_SUBICULUM_RIGHT,"Subc.Sub (Hippocampus, Subiculum) right",JULICH_BRAIN_CYTOARCHITECTONIC_ATLAS_V3_1_SUBC_HIPPOCAMPUS_SUBICULAR_COMPLEX_RIGHT,"Subc (Hippocampus, Subicular complex) right",right,"Subc.Sub (Hippocampus, Subiculum)",G4_MICROSTRUCTURAL_FINE,9606,true,true,"Subc.Sub (Hippocampus, Subiculum) right",,source,MISSING,Julich-Brain v3.1 leaf; hemisphere-specific G4 candidate
JULICH_BRAIN_CYTOARCHITECTONIC_ATLAS_V3_1_SUBC_PAS_HIPPOCAMPUS_PARASUBICULUM_LEFT,"Subc.PaS (Hippocampus, Parasubiculum) left",JULICH_BRAIN_CYTOARCHITECTONIC_ATLAS_V3_1_SUBC_HIPPOCAMPUS_SUBICULAR_COMPLEX_LEFT,"Subc (Hippocampus, Subicular complex) left",left,"Subc.PaS (Hippocampus, Parasubiculum)",G4_MICROSTRUCTURAL_FINE,9606,true,true,"Subc.PaS (Hippocampus, Parasubiculum) left",,source,MISSING,Julich-Brain v3.1 leaf; hemisphere-specific G4 candidate
JULICH_BRAIN_CYTOARCHITECTONIC_ATLAS_V3_1_SUBC_PRES_HIPPOCAMPUS_PRESUBICULUM_LEFT,"Subc.PreS (Hippocampus, Presubiculum) left",JULICH_BRAIN_CYTOARCHITECTONIC_ATLAS_V3_1_SUBC_HIPPOCAMPUS_SUBICULAR_COMPLEX_LEFT,"Subc (Hippocampus, Subicular complex) left",left,"Subc.PreS (Hippocampus, Presubiculum)",G4_MICROSTRUCTURAL_FINE,9606,true,true,"Subc.PreS (Hippocampus, Presubiculum) left",,source,MISSING,Julich-Brain v3.1 leaf; hemisphere-specific G4 candidate
JULICH_BRAIN_CYTOARCHITECTONIC_ATLAS_V3_1_SUBC_PROS_HIPPOCAMPUS_PROSUBICULUM_LEFT,"Subc.ProS (Hippocampus, Prosubiculum) left",JULICH_BRAIN_CYTOARCHITECTONIC_ATLAS_V3_1_SUBC_HIPPOCAMPUS_SUBICULAR_COMPLEX_LEFT,"Subc (Hippocampus, Subicular complex) left",left,"Subc.ProS (Hippocampus, Prosubiculum)",G4_MICROSTRUCTURAL_FINE,9606,true,true,"Subc.ProS (Hippocampus, Prosubiculum) left",,source,MISSING,Julich-Brain v3.1 leaf; hemisphere-specific G4 candidate
JULICH_BRAIN_CYTOARCHITECTONIC_ATLAS_V3_1_SUBC_SUB_HIPPOCAMPUS_SUBICULUM_LEFT,"Subc.Sub (Hippocampus, Subiculum) left",JULICH_BRAIN_CYTOARCHITECTONIC_ATLAS_V3_1_SUBC_HIPPOCAMPUS_SUBICULAR_COMPLEX_LEFT,"Subc (Hippocampus, Subicular complex) left",left,"Subc.Sub (Hippocampus, Subiculum)",G4_MICROSTRUCTURAL_FINE,9606,true,true,"Subc.Sub (Hippocampus, Subiculum) left",,source,MISSING,Julich-Brain v3.1 leaf; hemisphere-specific G4 candidate
JULICH_BRAIN_CYTOARCHITECTONIC_ATLAS_V3_1_DG_HIPPOCAMPUS_RIGHT,DG (Hippocampus) right,JULICH_BRAIN_CYTOARCHITECTONIC_ATLAS_V3_1_DG_HIPPOCAMPUS,DG (Hippocampus),right,DG (Hippocampus),G4_MICROSTRUCTURAL_FINE,9606,true,true,DG (Hippocampus) right,,source,MISSING,Julich-Brain v3.1 leaf; hemisphere-specific G4 candidate
JULICH_BRAIN_CYTOARCHITECTONIC_ATLAS_V3_1_DG_HIPPOCAMPUS_LEFT,DG (Hippocampus) left,JULICH_BRAIN_CYTOARCHITECTONIC_ATLAS_V3_1_DG_HIPPOCAMPUS,DG (Hippocampus),left,DG (Hippocampus),G4_MICROSTRUCTURAL_FINE,9606,true,true,DG (Hippocampus) left,,source,MISSING,Julich-Brain v3.1 leaf; hemisphere-specific G4 candidate
JULICH_BRAIN_CYTOARCHITECTONIC_ATLAS_V3_1_CA2_HIPPOCAMPUS_RIGHT,CA2 (Hippocampus) right,JULICH_BRAIN_CYTOARCHITECTONIC_ATLAS_V3_1_CA2_HIPPOCAMPUS,CA2 (Hippocampus),right,CA2 (Hippocampus),G4_MICROSTRUCTURAL_FINE,9606,true,true,CA2 (Hippocampus) right,,source,MISSING,Julich-Brain v3.1 leaf; hemisphere-specific G4 candidate
JULICH_BRAIN_CYTOARCHITECTONIC_ATLAS_V3_1_CA2_HIPPOCAMPUS_LEFT,CA2 (Hippocampus) left,JULICH_BRAIN_CYTOARCHITECTONIC_ATLAS_V3_1_CA2_HIPPOCAMPUS,CA2 (Hippocampus),left,CA2 (Hippocampus),G4_MICROSTRUCTURAL_FINE,9606,true,true,CA2 (Hippocampus) left,,source,MISSING,Julich-Brain v3.1 leaf; hemisphere-specific G4 candidate
JULICH_BRAIN_CYTOARCHITECTONIC_ATLAS_V3_1_AREA_EC_HIPPOCAMPAL_REGION_ENTORHINAL_CORTEX_RIGHT,"Area EC (Hippocampal Region, Entorhinal Cortex) right",JULICH_BRAIN_CYTOARCHITECTONIC_ATLAS_V3_1_AREA_EC_HIPPOCAMPAL_REGION_ENTORHINAL_CORTEX,"Area EC (Hippocampal Region, Entorhinal Cortex)",right,"Area EC (Hippocampal Region, Entorhinal Cortex)",G4_MICROSTRUCTURAL_FINE,9606,true,true,"Area EC (Hippocampal Region, Entorhinal Cortex) right",,source,MISSING,Julich-Brain v3.1 leaf; hemisphere-specific G4 candidate
JULICH_BRAIN_CYTOARCHITECTONIC_ATLAS_V3_1_AREA_EC_HIPPOCAMPAL_REGION_ENTORHINAL_CORTEX_LEFT,"Area EC (Hippocampal Region, Entorhinal Cortex) left",JULICH_BRAIN_CYTOARCHITECTONIC_ATLAS_V3_1_AREA_EC_HIPPOCAMPAL_REGION_ENTORHINAL_CORTEX,"Area EC (Hippocampal Region, Entorhinal Cortex)",left,"Area EC (Hippocampal Region, Entorhinal Cortex)",G4_MICROSTRUCTURAL_FINE,9606,true,true,"Area EC (Hippocampal Region, Entorhinal Cortex) left",,source,MISSING,Julich-Brain v3.1 leaf; hemisphere-specific G4 candidate
JULICH_BRAIN_CYTOARCHITECTONIC_ATLAS_V3_1_CA1_HIPPOCAMPUS_RIGHT,CA1 (Hippocampus) right,JULICH_BRAIN_CYTOARCHITECTONIC_ATLAS_V3_1_CA1_HIPPOCAMPUS,CA1 (Hippocampus),right,CA1 (Hippocampus),G4_MICROSTRUCTURAL_FINE,9606,true,true,CA1 (Hippocampus) right,,source,MISSING,Julich-Brain v3.1 leaf; hemisphere-specific G4 candidate
JULICH_BRAIN_CYTOARCHITECTONIC_ATLAS_V3_1_CA1_HIPPOCAMPUS_LEFT,CA1 (Hippocampus) left,JULICH_BRAIN_CYTOARCHITECTONIC_ATLAS_V3_1_CA1_HIPPOCAMPUS,CA1 (Hippocampus),left,CA1 (Hippocampus),G4_MICROSTRUCTURAL_FINE,9606,true,true,CA1 (Hippocampus) left,,source,MISSING,Julich-Brain v3.1 leaf; hemisphere-specific G4 candidate
JULICH_BRAIN_CYTOARCHITECTONIC_ATLAS_V3_1_TUTI_BASAL_FOREBRAIN_TERMINAL_ISLANDS_RIGHT,"TuTi (Basal Forebrain, Terminal islands) right",JULICH_BRAIN_CYTOARCHITECTONIC_ATLAS_V3_1_TUTI_BASAL_FOREBRAIN_TERMINAL_ISLANDS,"TuTi (Basal Forebrain, Terminal islands)",right,"TuTi (Basal Forebrain, Terminal islands)",G4_MICROSTRUCTURAL_FINE,9606,true,true,"TuTi (Basal Forebrain, Terminal islands) right",,source,MISSING,Julich-Brain v3.1 leaf; hemisphere-specific G4 candidate
JULICH_BRAIN_CYTOARCHITECTONIC_ATLAS_V3_1_TUTI_BASAL_FOREBRAIN_TERMINAL_ISLANDS_LEFT,"TuTi (Basal Forebrain, Terminal islands) left",JULICH_BRAIN_CYTOARCHITECTONIC_ATLAS_V3_1_TUTI_BASAL_FOREBRAIN_TERMINAL_ISLANDS,"TuTi (Basal Forebrain, Terminal islands)",left,"TuTi (Basal Forebrain, Terminal islands)",G4_MICROSTRUCTURAL_FINE,9606,true,true,"TuTi (Basal Forebrain, Terminal islands) left",,source,MISSING,Julich-Brain v3.1 leaf; hemisphere-specific G4 candidate
JULICH_BRAIN_CYTOARCHITECTONIC_ATLAS_V3_1_TU_BASAL_FOREBRAIN_TUBERCULUM_RIGHT,"Tu (Basal Forebrain, Tuberculum) right",JULICH_BRAIN_CYTOARCHITECTONIC_ATLAS_V3_1_TU_BASAL_FOREBRAIN_TUBERCULUM,"Tu (Basal Forebrain, Tuberculum)",right,"Tu (Basal Forebrain, Tuberculum)",G4_MICROSTRUCTURAL_FINE,9606,true,true,"Tu (Basal Forebrain, Tuberculum) right",,source,MISSING,Julich-Brain v3.1 leaf; hemisphere-specific G4 candidate
JULICH_BRAIN_CYTOARCHITECTONIC_ATLAS_V3_1_TU_BASAL_FOREBRAIN_TUBERCULUM_LEFT,"Tu (Basal Forebrain, Tuberculum) left",JULICH_BRAIN_CYTOARCHITECTONIC_ATLAS_V3_1_TU_BASAL_FOREBRAIN_TUBERCULUM,"Tu (Basal Forebrain, Tuberculum)",left,"Tu (Basal Forebrain, Tuberculum)",G4_MICROSTRUCTURAL_FINE,9606,true,true,"Tu (Basal Forebrain, Tuberculum) left",,source,MISSING,Julich-Brain v3.1 leaf; hemisphere-specific G4 candidate
JULICH_BRAIN_CYTOARCHITECTONIC_ATLAS_V3_1_SNC_MIDBRAIN_SUBSTANTIA_NIGRA_PARS_COMPACTA_RIGHT,"SNC (Midbrain, Substantia Nigra pars compacta) right",JULICH_BRAIN_CYTOARCHITECTONIC_ATLAS_V3_1_SNC_MIDBRAIN_SUBSTANTIA_NIGRA_PARS_COMPACTA,"SNC (Midbrain, Substantia Nigra pars compacta)",right,"SNC (Midbrain, Substantia Nigra pars compacta)",G4_MICROSTRUCTURAL_FINE,9606,true,true,"SNC (Midbrain, Substantia Nigra pars compacta) right",,source,MISSING,Julich-Brain v3.1 leaf; hemisphere-specific G4 candidate
JULICH_BRAIN_CYTOARCHITECTONIC_ATLAS_V3_1_SNC_MIDBRAIN_SUBSTANTIA_NIGRA_PARS_COMPACTA_LEFT,"SNC (Midbrain, Substantia Nigra pars compacta) left",JULICH_BRAIN_CYTOARCHITECTONIC_ATLAS_V3_1_SNC_MIDBRAIN_SUBSTANTIA_NIGRA_PARS_COMPACTA,"SNC (Midbrain, Substantia Nigra pars compacta)",left,"SNC (Midbrain, Substantia Nigra pars compacta)",G4_MICROSTRUCTURAL_FINE,9606,true,true,"SNC (Midbrain, Substantia Nigra pars compacta) left",,source,MISSING,Julich-Brain v3.1 leaf; hemisphere-specific G4 candidate
JULICH_BRAIN_CYTOARCHITECTONIC_ATLAS_V3_1_SNR_MIDBRAIN_SUBSTANTIA_NIGRA_PARS_RETICULATA_RIGHT,"SNR (Midbrain, Substantia Nigra pars reticulata) right",JULICH_BRAIN_CYTOARCHITECTONIC_ATLAS_V3_1_SNR_MIDBRAIN_SUBSTANTIA_NIGRA_PARS_RETICULATA,"SNR (Midbrain, Substantia Nigra pars reticulata)",right,"SNR (Midbrain, Substantia Nigra pars reticulata)",G4_MICROSTRUCTURAL_FINE,9606,true,true,"SNR (Midbrain, Substantia Nigra pars reticulata) right",,source,MISSING,Julich-Brain v3.1 leaf; hemisphere-specific G4 candidate
JULICH_BRAIN_CYTOARCHITECTONIC_ATLAS_V3_1_SNR_MIDBRAIN_SUBSTANTIA_NIGRA_PARS_RETICULATA_LEFT,"SNR (Midbrain, Substantia Nigra pars reticulata) left",JULICH_BRAIN_CYTOARCHITECTONIC_ATLAS_V3_1_SNR_MIDBRAIN_SUBSTANTIA_NIGRA_PARS_RETICULATA,"SNR (Midbrain, Substantia Nigra pars reticulata)",left,"SNR (Midbrain, Substantia Nigra pars reticulata)",G4_MICROSTRUCTURAL_FINE,9606,true,true,"SNR (Midbrain, Substantia Nigra pars reticulata) left",,source,MISSING,Julich-Brain v3.1 leaf; hemisphere-specific G4 candidate
JULICH_BRAIN_CYTOARCHITECTONIC_ATLAS_V3_1_NRP_MIDBRAIN_NUCLEUS_RUBER_PARVOCELLULAR_PART_RIGHT,"NRp (Midbrain, Nucleus Ruber, parvocellular part) right",JULICH_BRAIN_CYTOARCHITECTONIC_ATLAS_V3_1_NRP_MIDBRAIN_NUCLEUS_RUBER_PARVOCELLULAR_PART,"NRp (Midbrain, Nucleus Ruber, parvocellular part)",right,"NRp (Midbrain, Nucleus Ruber, parvocellular part)",G4_MICROSTRUCTURAL_FINE,9606,true,true,"NRp (Midbrain, Nucleus Ruber, parvocellular part) right",,source,MISSING,Julich-Brain v3.1 leaf; hemisphere-specific G4 candidate
JULICH_BRAIN_CYTOARCHITECTONIC_ATLAS_V3_1_NRP_MIDBRAIN_NUCLEUS_RUBER_PARVOCELLULAR_PART_LEFT,"NRp (Midbrain, Nucleus Ruber, parvocellular part) left",JULICH_BRAIN_CYTOARCHITECTONIC_ATLAS_V3_1_NRP_MIDBRAIN_NUCLEUS_RUBER_PARVOCELLULAR_PART,"NRp (Midbrain, Nucleus Ruber, parvocellular part)",left,"NRp (Midbrain, Nucleus Ruber, parvocellular part)",G4_MICROSTRUCTURAL_FINE,9606,true,true,"NRp (Midbrain, Nucleus Ruber, parvocellular part) left",,source,MISSING,Julich-Brain v3.1 leaf; hemisphere-specific G4 candidate
JULICH_BRAIN_CYTOARCHITECTONIC_ATLAS_V3_1_NRM_MIDBRAIN_NUCLEUS_RUBER_MAGNOCELLULAR_PART_RIGHT,"NRm (Midbrain, Nucleus Ruber, magnocellular part) right",JULICH_BRAIN_CYTOARCHITECTONIC_ATLAS_V3_1_NRM_MIDBRAIN_NUCLEUS_RUBER_MAGNOCELLULAR_PART,"NRm (Midbrain, Nucleus Ruber, magnocellular part)",right,"NRm (Midbrain, Nucleus Ruber, magnocellular part)",G4_MICROSTRUCTURAL_FINE,9606,true,true,"NRm (Midbrain, Nucleus Ruber, magnocellular part) right",,source,MISSING,Julich-Brain v3.1 leaf; hemisphere-specific G4 candidate
JULICH_BRAIN_CYTOARCHITECTONIC_ATLAS_V3_1_NRM_MIDBRAIN_NUCLEUS_RUBER_MAGNOCELLULAR_PART_LEFT,"NRm (Midbrain, Nucleus Ruber, magnocellular part) left",JULICH_BRAIN_CYTOARCHITECTONIC_ATLAS_V3_1_NRM_MIDBRAIN_NUCLEUS_RUBER_MAGNOCELLULAR_PART,"NRm (Midbrain, Nucleus Ruber, magnocellular part)",left,"NRm (Midbrain, Nucleus Ruber, magnocellular part)",G4_MICROSTRUCTURAL_FINE,9606,true,true,"NRm (Midbrain, Nucleus Ruber, magnocellular part) left",,source,MISSING,Julich-Brain v3.1 leaf; hemisphere-specific G4 candidate
JULICH_BRAIN_CYTOARCHITECTONIC_ATLAS_V3_1_NINTERP_CEREBELLUM_INTERPOSED_NUCLEUS_RIGHT,"Ninterp (Cerebellum, Interposed Nucleus) right",JULICH_BRAIN_CYTOARCHITECTONIC_ATLAS_V3_1_NINTERP_CEREBELLUM_INTERPOSED_NUCLEUS,"Ninterp (Cerebellum, Interposed Nucleus)",right,"Ninterp (Cerebellum, Interposed Nucleus)",G4_MICROSTRUCTURAL_FINE,9606,true,true,"Ninterp (Cerebellum, Interposed Nucleus) right",,source,MISSING,Julich-Brain v3.1 leaf; hemisphere-specific G4 candidate
JULICH_BRAIN_CYTOARCHITECTONIC_ATLAS_V3_1_NINTERP_CEREBELLUM_INTERPOSED_NUCLEUS_LEFT,"Ninterp (Cerebellum, Interposed Nucleus) left",JULICH_BRAIN_CYTOARCHITECTONIC_ATLAS_V3_1_NINTERP_CEREBELLUM_INTERPOSED_NUCLEUS,"Ninterp (Cerebellum, Interposed Nucleus)",left,"Ninterp (Cerebellum, Interposed Nucleus)",G4_MICROSTRUCTURAL_FINE,9606,true,true,"Ninterp (Cerebellum, Interposed Nucleus) left",,source,MISSING,Julich-Brain v3.1 leaf; hemisphere-specific G4 candidate
JULICH_BRAIN_CYTOARCHITECTONIC_ATLAS_V3_1_NDENTV_CEREBELLUM_VENTRAL_DENTATE_NUCLEUS_RIGHT,"Ndentv (Cerebellum, Ventral Dentate Nucleus) right",JULICH_BRAIN_CYTOARCHITECTONIC_ATLAS_V3_1_NDENTV_CEREBELLUM_VENTRAL_DENTATE_NUCLEUS,"Ndentv (Cerebellum, Ventral Dentate Nucleus)",right,"Ndentv (Cerebellum, Ventral Dentate Nucleus)",G4_MICROSTRUCTURAL_FINE,9606,true,true,"Ndentv (Cerebellum, Ventral Dentate Nucleus) right",,source,MISSING,Julich-Brain v3.1 leaf; hemisphere-specific G4 candidate
JULICH_BRAIN_CYTOARCHITECTONIC_ATLAS_V3_1_NDENTV_CEREBELLUM_VENTRAL_DENTATE_NUCLEUS_LEFT,"Ndentv (Cerebellum, Ventral Dentate Nucleus) left",JULICH_BRAIN_CYTOARCHITECTONIC_ATLAS_V3_1_NDENTV_CEREBELLUM_VENTRAL_DENTATE_NUCLEUS,"Ndentv (Cerebellum, Ventral Dentate Nucleus)",left,"Ndentv (Cerebellum, Ventral Dentate Nucleus)",G4_MICROSTRUCTURAL_FINE,9606,true,true,"Ndentv (Cerebellum, Ventral Dentate Nucleus) left",,source,MISSING,Julich-Brain v3.1 leaf; hemisphere-specific G4 candidate
JULICH_BRAIN_CYTOARCHITECTONIC_ATLAS_V3_1_NDENTD_CEREBELLUM_DORSAL_DENTATE_NUCLEUS_RIGHT,"Ndentd (Cerebellum, Dorsal Dentate Nucleus) right",JULICH_BRAIN_CYTOARCHITECTONIC_ATLAS_V3_1_NDENTD_CEREBELLUM_DORSAL_DENTATE_NUCLEUS,"Ndentd (Cerebellum, Dorsal Dentate Nucleus)",right,"Ndentd (Cerebellum, Dorsal Dentate Nucleus)",G4_MICROSTRUCTURAL_FINE,9606,true,true,"Ndentd (Cerebellum, Dorsal Dentate Nucleus) right",,source,MISSING,Julich-Brain v3.1 leaf; hemisphere-specific G4 candidate
JULICH_BRAIN_CYTOARCHITECTONIC_ATLAS_V3_1_NDENTD_CEREBELLUM_DORSAL_DENTATE_NUCLEUS_LEFT,"Ndentd (Cerebellum, Dorsal Dentate Nucleus) left",JULICH_BRAIN_CYTOARCHITECTONIC_ATLAS_V3_1_NDENTD_CEREBELLUM_DORSAL_DENTATE_NUCLEUS,"Ndentd (Cerebellum, Dorsal Dentate Nucleus)",left,"Ndentd (Cerebellum, Dorsal Dentate Nucleus)",G4_MICROSTRUCTURAL_FINE,9606,true,true,"Ndentd (Cerebellum, Dorsal Dentate Nucleus) left",,source,MISSING,Julich-Brain v3.1 leaf; hemisphere-specific G4 candidate
JULICH_BRAIN_CYTOARCHITECTONIC_ATLAS_V3_1_NFAST_CEREBELLUM_FASTIGIAL_NUCLEUS_RIGHT,"Nfast (Cerebellum, Fastigial Nucleus) right",JULICH_BRAIN_CYTOARCHITECTONIC_ATLAS_V3_1_NFAST_CEREBELLUM_FASTIGIAL_NUCLEUS,"Nfast (Cerebellum, Fastigial Nucleus)",right,"Nfast (Cerebellum, Fastigial Nucleus)",G4_MICROSTRUCTURAL_FINE,9606,true,true,"Nfast (Cerebellum, Fastigial Nucleus) right",,source,MISSING,Julich-Brain v3.1 leaf; hemisphere-specific G4 candidate
JULICH_BRAIN_CYTOARCHITECTONIC_ATLAS_V3_1_NFAST_CEREBELLUM_FASTIGIAL_NUCLEUS_LEFT,"Nfast (Cerebellum, Fastigial Nucleus) left",JULICH_BRAIN_CYTOARCHITECTONIC_ATLAS_V3_1_NFAST_CEREBELLUM_FASTIGIAL_NUCLEUS,"Nfast (Cerebellum, Fastigial Nucleus)",left,"Nfast (Cerebellum, Fastigial Nucleus)",G4_MICROSTRUCTURAL_FINE,9606,true,true,"Nfast (Cerebellum, Fastigial Nucleus) left",,source,MISSING,Julich-Brain v3.1 leaf; hemisphere-specific G4 candidate
JULICH_BRAIN_CYTOARCHITECTONIC_ATLAS_V3_1_STN_SUBTHALAMUS_RIGHT,STN (Subthalamus) right,JULICH_BRAIN_CYTOARCHITECTONIC_ATLAS_V3_1_STN_SUBTHALAMUS,STN (Subthalamus),right,STN (Subthalamus),G4_MICROSTRUCTURAL_FINE,9606,true,true,STN (Subthalamus) right,,source,MISSING,Julich-Brain v3.1 leaf; hemisphere-specific G4 candidate
JULICH_BRAIN_CYTOARCHITECTONIC_ATLAS_V3_1_STN_SUBTHALAMUS_LEFT,STN (Subthalamus) left,JULICH_BRAIN_CYTOARCHITECTONIC_ATLAS_V3_1_STN_SUBTHALAMUS,STN (Subthalamus),left,STN (Subthalamus),G4_MICROSTRUCTURAL_FINE,9606,true,true,STN (Subthalamus) left,,source,MISSING,Julich-Brain v3.1 leaf; hemisphere-specific G4 candidate
JULICH_BRAIN_CYTOARCHITECTONIC_ATLAS_V3_1_RT_THALAMUS_RETICULAR_NUCLEUS_RIGHT,"Rt (Thalamus, reticular Nucleus) right",JULICH_BRAIN_CYTOARCHITECTONIC_ATLAS_V3_1_RT_THALAMUS_RETICULAR_NUCLEUS,"Rt (Thalamus, reticular Nucleus)",right,"Rt (Thalamus, reticular Nucleus)",G4_MICROSTRUCTURAL_FINE,9606,true,true,"Rt (Thalamus, reticular Nucleus) right",,source,MISSING,Julich-Brain v3.1 leaf; hemisphere-specific G4 candidate
JULICH_BRAIN_CYTOARCHITECTONIC_ATLAS_V3_1_RT_THALAMUS_RETICULAR_NUCLEUS_LEFT,"Rt (Thalamus, reticular Nucleus) left",JULICH_BRAIN_CYTOARCHITECTONIC_ATLAS_V3_1_RT_THALAMUS_RETICULAR_NUCLEUS,"Rt (Thalamus, reticular Nucleus)",left,"Rt (Thalamus, reticular Nucleus)",G4_MICROSTRUCTURAL_FINE,9606,true,true,"Rt (Thalamus, reticular Nucleus) left",,source,MISSING,Julich-Brain v3.1 leaf; hemisphere-specific G4 candidate
JULICH_BRAIN_CYTOARCHITECTONIC_ATLAS_V3_1_ZI_THALAMUS_ZONA_INCERTA_RIGHT,"ZI (Thalamus, zona incerta) right",JULICH_BRAIN_CYTOARCHITECTONIC_ATLAS_V3_1_ZI_THALAMUS_ZONA_INCERTA,"ZI (Thalamus, zona incerta)",right,"ZI (Thalamus, zona incerta)",G4_MICROSTRUCTURAL_FINE,9606,true,true,"ZI (Thalamus, zona incerta) right",,source,MISSING,Julich-Brain v3.1 leaf; hemisphere-specific G4 candidate
JULICH_BRAIN_CYTOARCHITECTONIC_ATLAS_V3_1_ZI_THALAMUS_ZONA_INCERTA_LEFT,"ZI (Thalamus, zona incerta) left",JULICH_BRAIN_CYTOARCHITECTONIC_ATLAS_V3_1_ZI_THALAMUS_ZONA_INCERTA,"ZI (Thalamus, zona incerta)",left,"ZI (Thalamus, zona incerta)",G4_MICROSTRUCTURAL_FINE,9606,true,true,"ZI (Thalamus, zona incerta) left",,source,MISSING,Julich-Brain v3.1 leaf; hemisphere-specific G4 candidate
JULICH_BRAIN_CYTOARCHITECTONIC_ATLAS_V3_1_CGM_METATHALAMUS_RIGHT,CGM (Metathalamus) right,JULICH_BRAIN_CYTOARCHITECTONIC_ATLAS_V3_1_CGM_METATHALAMUS,CGM (Metathalamus),right,CGM (Metathalamus),G4_MICROSTRUCTURAL_FINE,9606,true,true,CGM (Metathalamus) right,,source,MISSING,Julich-Brain v3.1 leaf; hemisphere-specific G4 candidate
JULICH_BRAIN_CYTOARCHITECTONIC_ATLAS_V3_1_CGM_METATHALAMUS_LEFT,CGM (Metathalamus) left,JULICH_BRAIN_CYTOARCHITECTONIC_ATLAS_V3_1_CGM_METATHALAMUS,CGM (Metathalamus),left,CGM (Metathalamus),G4_MICROSTRUCTURAL_FINE,9606,true,true,CGM (Metathalamus) left,,source,MISSING,Julich-Brain v3.1 leaf; hemisphere-specific G4 candidate
JULICH_BRAIN_CYTOARCHITECTONIC_ATLAS_V3_1_CGL_METATHALAMUS_RIGHT,CGL (Metathalamus) right,JULICH_BRAIN_CYTOARCHITECTONIC_ATLAS_V3_1_CGL_METATHALAMUS,CGL (Metathalamus),right,CGL (Metathalamus),G4_MICROSTRUCTURAL_FINE,9606,true,true,CGL (Metathalamus) right,,source,MISSING,Julich-Brain v3.1 leaf; hemisphere-specific G4 candidate
JULICH_BRAIN_CYTOARCHITECTONIC_ATLAS_V3_1_CGL_METATHALAMUS_LEFT,CGL (Metathalamus) left,JULICH_BRAIN_CYTOARCHITECTONIC_ATLAS_V3_1_CGL_METATHALAMUS,CGL (Metathalamus),left,CGL (Metathalamus),G4_MICROSTRUCTURAL_FINE,9606,true,true,CGL (Metathalamus) left,,source,MISSING,Julich-Brain v3.1 leaf; hemisphere-specific G4 candidate
JULICH_BRAIN_CYTOARCHITECTONIC_ATLAS_V3_1_MV_THALAMUS_MEDIOVENTRAL_NUCLEUS_RIGHT,"MV (Thalamus, medioventral Nucleus) right",JULICH_BRAIN_CYTOARCHITECTONIC_ATLAS_V3_1_MV_THALAMUS_MEDIOVENTRAL_NUCLEUS,"MV (Thalamus, medioventral Nucleus)",right,"MV (Thalamus, medioventral Nucleus)",G4_MICROSTRUCTURAL_FINE,9606,true,true,"MV (Thalamus, medioventral Nucleus) right",,source,MISSING,Julich-Brain v3.1 leaf; hemisphere-specific G4 candidate
JULICH_BRAIN_CYTOARCHITECTONIC_ATLAS_V3_1_MV_THALAMUS_MEDIOVENTRAL_NUCLEUS_LEFT,"MV (Thalamus, medioventral Nucleus) left",JULICH_BRAIN_CYTOARCHITECTONIC_ATLAS_V3_1_MV_THALAMUS_MEDIOVENTRAL_NUCLEUS,"MV (Thalamus, medioventral Nucleus)",left,"MV (Thalamus, medioventral Nucleus)",G4_MICROSTRUCTURAL_FINE,9606,true,true,"MV (Thalamus, medioventral Nucleus) left",,source,MISSING,Julich-Brain v3.1 leaf; hemisphere-specific G4 candidate
JULICH_BRAIN_CYTOARCHITECTONIC_ATLAS_V3_1_MD_THALAMUS_MEDIODORSAL_NUCLEUS_RIGHT,"MD (Thalamus, mediodorsal Nucleus) right",JULICH_BRAIN_CYTOARCHITECTONIC_ATLAS_V3_1_MD_THALAMUS_MEDIODORSAL_NUCLEUS,"MD (Thalamus, mediodorsal Nucleus)",right,"MD (Thalamus, mediodorsal Nucleus)",G4_MICROSTRUCTURAL_FINE,9606,true,true,"MD (Thalamus, mediodorsal Nucleus) right",,source,MISSING,Julich-Brain v3.1 leaf; hemisphere-specific G4 candidate
JULICH_BRAIN_CYTOARCHITECTONIC_ATLAS_V3_1_MD_THALAMUS_MEDIODORSAL_NUCLEUS_LEFT,"MD (Thalamus, mediodorsal Nucleus) left",JULICH_BRAIN_CYTOARCHITECTONIC_ATLAS_V3_1_MD_THALAMUS_MEDIODORSAL_NUCLEUS,"MD (Thalamus, mediodorsal Nucleus)",left,"MD (Thalamus, mediodorsal Nucleus)",G4_MICROSTRUCTURAL_FINE,9606,true,true,"MD (Thalamus, mediodorsal Nucleus) left",,source,MISSING,Julich-Brain v3.1 leaf; hemisphere-specific G4 candidate
JULICH_BRAIN_CYTOARCHITECTONIC_ATLAS_V3_1_PV_THALAMUS_PARAVENTRICULAR_NUCLEUS_RIGHT,"Pv (Thalamus, paraventricular Nucleus) right",JULICH_BRAIN_CYTOARCHITECTONIC_ATLAS_V3_1_PV_THALAMUS_PARAVENTRICULAR_NUCLEUS,"Pv (Thalamus, paraventricular Nucleus)",right,"Pv (Thalamus, paraventricular Nucleus)",G4_MICROSTRUCTURAL_FINE,9606,true,true,"Pv (Thalamus, paraventricular Nucleus) right",,source,MISSING,Julich-Brain v3.1 leaf; hemisphere-specific G4 candidate
JULICH_BRAIN_CYTOARCHITECTONIC_ATLAS_V3_1_PV_THALAMUS_PARAVENTRICULAR_NUCLEUS_LEFT,"Pv (Thalamus, paraventricular Nucleus) left",JULICH_BRAIN_CYTOARCHITECTONIC_ATLAS_V3_1_PV_THALAMUS_PARAVENTRICULAR_NUCLEUS,"Pv (Thalamus, paraventricular Nucleus)",left,"Pv (Thalamus, paraventricular Nucleus)",G4_MICROSTRUCTURAL_FINE,9606,true,true,"Pv (Thalamus, paraventricular Nucleus) left",,source,MISSING,Julich-Brain v3.1 leaf; hemisphere-specific G4 candidate
JULICH_BRAIN_CYTOARCHITECTONIC_ATLAS_V3_1_PO_THALAMUS_POSTERIOR_NUCLEUS_RIGHT,"Po (Thalamus, posterior Nucleus) right",JULICH_BRAIN_CYTOARCHITECTONIC_ATLAS_V3_1_PO_THALAMUS_POSTERIOR_NUCLEUS,"Po (Thalamus, posterior Nucleus)",right,"Po (Thalamus, posterior Nucleus)",G4_MICROSTRUCTURAL_FINE,9606,true,true,"Po (Thalamus, posterior Nucleus) right",,source,MISSING,Julich-Brain v3.1 leaf; hemisphere-specific G4 candidate
JULICH_BRAIN_CYTOARCHITECTONIC_ATLAS_V3_1_PO_THALAMUS_POSTERIOR_NUCLEUS_LEFT,"Po (Thalamus, posterior Nucleus) left",JULICH_BRAIN_CYTOARCHITECTONIC_ATLAS_V3_1_PO_THALAMUS_POSTERIOR_NUCLEUS,"Po (Thalamus, posterior Nucleus)",left,"Po (Thalamus, posterior Nucleus)",G4_MICROSTRUCTURAL_FINE,9606,true,true,"Po (Thalamus, posterior Nucleus) left",,source,MISSING,Julich-Brain v3.1 leaf; hemisphere-specific G4 candidate
JULICH_BRAIN_CYTOARCHITECTONIC_ATLAS_V3_1_PUM_THALAMUS_MEDIAL_PULVINAR_RIGHT,"PUm (Thalamus, medial pulvinar) right",JULICH_BRAIN_CYTOARCHITECTONIC_ATLAS_V3_1_PUM_THALAMUS_MEDIAL_PULVINAR,"PUm (Thalamus, medial pulvinar)",right,"PUm (Thalamus, medial pulvinar)",G4_MICROSTRUCTURAL_FINE,9606,true,true,"PUm (Thalamus, medial pulvinar) right",,source,MISSING,Julich-Brain v3.1 leaf; hemisphere-specific G4 candidate
JULICH_BRAIN_CYTOARCHITECTONIC_ATLAS_V3_1_PUM_THALAMUS_MEDIAL_PULVINAR_LEFT,"PUm (Thalamus, medial pulvinar) left",JULICH_BRAIN_CYTOARCHITECTONIC_ATLAS_V3_1_PUM_THALAMUS_MEDIAL_PULVINAR,"PUm (Thalamus, medial pulvinar)",left,"PUm (Thalamus, medial pulvinar)",G4_MICROSTRUCTURAL_FINE,9606,true,true,"PUm (Thalamus, medial pulvinar) left",,source,MISSING,Julich-Brain v3.1 leaf; hemisphere-specific G4 candidate
JULICH_BRAIN_CYTOARCHITECTONIC_ATLAS_V3_1_PUL_THALAMUS_LATERAL_PULVINAR_RIGHT,"PUl (Thalamus, lateral pulvinar) right",JULICH_BRAIN_CYTOARCHITECTONIC_ATLAS_V3_1_PUL_THALAMUS_LATERAL_PULVINAR,"PUl (Thalamus, lateral pulvinar)",right,"PUl (Thalamus, lateral pulvinar)",G4_MICROSTRUCTURAL_FINE,9606,true,true,"PUl (Thalamus, lateral pulvinar) right",,source,MISSING,Julich-Brain v3.1 leaf; hemisphere-specific G4 candidate
JULICH_BRAIN_CYTOARCHITECTONIC_ATLAS_V3_1_PUL_THALAMUS_LATERAL_PULVINAR_LEFT,"PUl (Thalamus, lateral pulvinar) left",JULICH_BRAIN_CYTOARCHITECTONIC_ATLAS_V3_1_PUL_THALAMUS_LATERAL_PULVINAR,"PUl (Thalamus, lateral pulvinar)",left,"PUl (Thalamus, lateral pulvinar)",G4_MICROSTRUCTURAL_FINE,9606,true,true,"PUl (Thalamus, lateral pulvinar) left",,source,MISSING,Julich-Brain v3.1 leaf; hemisphere-specific G4 candidate
JULICH_BRAIN_CYTOARCHITECTONIC_ATLAS_V3_1_LI_THALAMUS_LIMITANS_NUCLEUS_RIGHT,"Li (Thalamus, limitans Nucleus) right",JULICH_BRAIN_CYTOARCHITECTONIC_ATLAS_V3_1_LI_THALAMUS_LIMITANS_NUCLEUS,"Li (Thalamus, limitans Nucleus)",right,"Li (Thalamus, limitans Nucleus)",G4_MICROSTRUCTURAL_FINE,9606,true,true,"Li (Thalamus, limitans Nucleus) right",,source,MISSING,Julich-Brain v3.1 leaf; hemisphere-specific G4 candidate
JULICH_BRAIN_CYTOARCHITECTONIC_ATLAS_V3_1_LI_THALAMUS_LIMITANS_NUCLEUS_LEFT,"Li (Thalamus, limitans Nucleus) left",JULICH_BRAIN_CYTOARCHITECTONIC_ATLAS_V3_1_LI_THALAMUS_LIMITANS_NUCLEUS,"Li (Thalamus, limitans Nucleus)",left,"Li (Thalamus, limitans Nucleus)",G4_MICROSTRUCTURAL_FINE,9606,true,true,"Li (Thalamus, limitans Nucleus) left",,source,MISSING,Julich-Brain v3.1 leaf; hemisphere-specific G4 candidate
JULICH_BRAIN_CYTOARCHITECTONIC_ATLAS_V3_1_SG_THALAMUS_SUPRAGENICULATE_NUCLEUS_RIGHT,"Sg (Thalamus, suprageniculate Nucleus) right",JULICH_BRAIN_CYTOARCHITECTONIC_ATLAS_V3_1_SG_THALAMUS_SUPRAGENICULATE_NUCLEUS,"Sg (Thalamus, suprageniculate Nucleus)",right,"Sg (Thalamus, suprageniculate Nucleus)",G4_MICROSTRUCTURAL_FINE,9606,true,true,"Sg (Thalamus, suprageniculate Nucleus) right",,source,MISSING,Julich-Brain v3.1 leaf; hemisphere-specific G4 candidate
JULICH_BRAIN_CYTOARCHITECTONIC_ATLAS_V3_1_SG_THALAMUS_SUPRAGENICULATE_NUCLEUS_LEFT,"Sg (Thalamus, suprageniculate Nucleus) left",JULICH_BRAIN_CYTOARCHITECTONIC_ATLAS_V3_1_SG_THALAMUS_SUPRAGENICULATE_NUCLEUS,"Sg (Thalamus, suprageniculate Nucleus)",left,"Sg (Thalamus, suprageniculate Nucleus)",G4_MICROSTRUCTURAL_FINE,9606,true,true,"Sg (Thalamus, suprageniculate Nucleus) left",,source,MISSING,Julich-Brain v3.1 leaf; hemisphere-specific G4 candidate
JULICH_BRAIN_CYTOARCHITECTONIC_ATLAS_V3_1_LP_THALAMUS_LATERAL_POSTERIOR_NUCLEUS_RIGHT,"LP (Thalamus, lateral posterior Nucleus) right",JULICH_BRAIN_CYTOARCHITECTONIC_ATLAS_V3_1_LP_THALAMUS_LATERAL_POSTERIOR_NUCLEUS,"LP (Thalamus, lateral posterior Nucleus)",right,"LP (Thalamus, lateral posterior Nucleus)",G4_MICROSTRUCTURAL_FINE,9606,true,true,"LP (Thalamus, lateral posterior Nucleus) right",,source,MISSING,Julich-Brain v3.1 leaf; hemisphere-specific G4 candidate
JULICH_BRAIN_CYTOARCHITECTONIC_ATLAS_V3_1_LP_THALAMUS_LATERAL_POSTERIOR_NUCLEUS_LEFT,"LP (Thalamus, lateral posterior Nucleus) left",JULICH_BRAIN_CYTOARCHITECTONIC_ATLAS_V3_1_LP_THALAMUS_LATERAL_POSTERIOR_NUCLEUS,"LP (Thalamus, lateral posterior Nucleus)",left,"LP (Thalamus, lateral posterior Nucleus)",G4_MICROSTRUCTURAL_FINE,9606,true,true,"LP (Thalamus, lateral posterior Nucleus) left",,source,MISSING,Julich-Brain v3.1 leaf; hemisphere-specific G4 candidate
JULICH_BRAIN_CYTOARCHITECTONIC_ATLAS_V3_1_PUI_THALAMUS_INFERIOR_PULVINAR_RIGHT,"PUi (Thalamus, inferior pulvinar) right",JULICH_BRAIN_CYTOARCHITECTONIC_ATLAS_V3_1_PUI_THALAMUS_INFERIOR_PULVINAR,"PUi (Thalamus, inferior pulvinar)",right,"PUi (Thalamus, inferior pulvinar)",G4_MICROSTRUCTURAL_FINE,9606,true,true,"PUi (Thalamus, inferior pulvinar) right",,source,MISSING,Julich-Brain v3.1 leaf; hemisphere-specific G4 candidate
JULICH_BRAIN_CYTOARCHITECTONIC_ATLAS_V3_1_PUI_THALAMUS_INFERIOR_PULVINAR_LEFT,"PUi (Thalamus, inferior pulvinar) left",JULICH_BRAIN_CYTOARCHITECTONIC_ATLAS_V3_1_PUI_THALAMUS_INFERIOR_PULVINAR,"PUi (Thalamus, inferior pulvinar)",left,"PUi (Thalamus, inferior pulvinar)",G4_MICROSTRUCTURAL_FINE,9606,true,true,"PUi (Thalamus, inferior pulvinar) left",,source,MISSING,Julich-Brain v3.1 leaf; hemisphere-specific G4 candidate
JULICH_BRAIN_CYTOARCHITECTONIC_ATLAS_V3_1_PUA_THALAMUS_ANTERIOR_PULVINAR_RIGHT,"PUa (Thalamus, anterior pulvinar) right",JULICH_BRAIN_CYTOARCHITECTONIC_ATLAS_V3_1_PUA_THALAMUS_ANTERIOR_PULVINAR,"PUa (Thalamus, anterior pulvinar)",right,"PUa (Thalamus, anterior pulvinar)",G4_MICROSTRUCTURAL_FINE,9606,true,true,"PUa (Thalamus, anterior pulvinar) right",,source,MISSING,Julich-Brain v3.1 leaf; hemisphere-specific G4 candidate
JULICH_BRAIN_CYTOARCHITECTONIC_ATLAS_V3_1_PUA_THALAMUS_ANTERIOR_PULVINAR_LEFT,"PUa (Thalamus, anterior pulvinar) left",JULICH_BRAIN_CYTOARCHITECTONIC_ATLAS_V3_1_PUA_THALAMUS_ANTERIOR_PULVINAR,"PUa (Thalamus, anterior pulvinar)",left,"PUa (Thalamus, anterior pulvinar)",G4_MICROSTRUCTURAL_FINE,9606,true,true,"PUa (Thalamus, anterior pulvinar) left",,source,MISSING,Julich-Brain v3.1 leaf; hemisphere-specific G4 candidate
JULICH_BRAIN_CYTOARCHITECTONIC_ATLAS_V3_1_LD_THALAMUS_LATERAL_DORSAL_NUCLEUS_RIGHT,"LD (Thalamus, lateral dorsal Nucleus) right",JULICH_BRAIN_CYTOARCHITECTONIC_ATLAS_V3_1_LD_THALAMUS_LATERAL_DORSAL_NUCLEUS,"LD (Thalamus, lateral dorsal Nucleus)",right,"LD (Thalamus, lateral dorsal Nucleus)",G4_MICROSTRUCTURAL_FINE,9606,true,true,"LD (Thalamus, lateral dorsal Nucleus) right",,source,MISSING,Julich-Brain v3.1 leaf; hemisphere-specific G4 candidate
JULICH_BRAIN_CYTOARCHITECTONIC_ATLAS_V3_1_LD_THALAMUS_LATERAL_DORSAL_NUCLEUS_LEFT,"LD (Thalamus, lateral dorsal Nucleus) left",JULICH_BRAIN_CYTOARCHITECTONIC_ATLAS_V3_1_LD_THALAMUS_LATERAL_DORSAL_NUCLEUS,"LD (Thalamus, lateral dorsal Nucleus)",left,"LD (Thalamus, lateral dorsal Nucleus)",G4_MICROSTRUCTURAL_FINE,9606,true,true,"LD (Thalamus, lateral dorsal Nucleus) left",,source,MISSING,Julich-Brain v3.1 leaf; hemisphere-specific G4 candidate
JULICH_BRAIN_CYTOARCHITECTONIC_ATLAS_V3_1_AV_THALAMUS_ANTEROVENTRAL_NUCLEUS_RIGHT,"AV (Thalamus, anteroventral Nucleus) right",JULICH_BRAIN_CYTOARCHITECTONIC_ATLAS_V3_1_AV_THALAMUS_ANTEROVENTRAL_NUCLEUS,"AV (Thalamus, anteroventral Nucleus)",right,"AV (Thalamus, anteroventral Nucleus)",G4_MICROSTRUCTURAL_FINE,9606,true,true,"AV (Thalamus, anteroventral Nucleus) right",,source,MISSING,Julich-Brain v3.1 leaf; hemisphere-specific G4 candidate
JULICH_BRAIN_CYTOARCHITECTONIC_ATLAS_V3_1_AV_THALAMUS_ANTEROVENTRAL_NUCLEUS_LEFT,"AV (Thalamus, anteroventral Nucleus) left",JULICH_BRAIN_CYTOARCHITECTONIC_ATLAS_V3_1_AV_THALAMUS_ANTEROVENTRAL_NUCLEUS,"AV (Thalamus, anteroventral Nucleus)",left,"AV (Thalamus, anteroventral Nucleus)",G4_MICROSTRUCTURAL_FINE,9606,true,true,"AV (Thalamus, anteroventral Nucleus) left",,source,MISSING,Julich-Brain v3.1 leaf; hemisphere-specific G4 candidate
JULICH_BRAIN_CYTOARCHITECTONIC_ATLAS_V3_1_AM_THALAMUS_ANTEROMEDIAL_NUCLEUS_RIGHT,"AM (Thalamus, anteromedial Nucleus) right",JULICH_BRAIN_CYTOARCHITECTONIC_ATLAS_V3_1_AM_THALAMUS_ANTEROMEDIAL_NUCLEUS,"AM (Thalamus, anteromedial Nucleus)",right,"AM (Thalamus, anteromedial Nucleus)",G4_MICROSTRUCTURAL_FINE,9606,true,true,"AM (Thalamus, anteromedial Nucleus) right",,source,MISSING,Julich-Brain v3.1 leaf; hemisphere-specific G4 candidate
JULICH_BRAIN_CYTOARCHITECTONIC_ATLAS_V3_1_AM_THALAMUS_ANTEROMEDIAL_NUCLEUS_LEFT,"AM (Thalamus, anteromedial Nucleus) left",JULICH_BRAIN_CYTOARCHITECTONIC_ATLAS_V3_1_AM_THALAMUS_ANTEROMEDIAL_NUCLEUS,"AM (Thalamus, anteromedial Nucleus)",left,"AM (Thalamus, anteromedial Nucleus)",G4_MICROSTRUCTURAL_FINE,9606,true,true,"AM (Thalamus, anteromedial Nucleus) left",,source,MISSING,Julich-Brain v3.1 leaf; hemisphere-specific G4 candidate
JULICH_BRAIN_CYTOARCHITECTONIC_ATLAS_V3_1_VPMPC_THALAMUS_VENTRAL_POSTERIOR_MEDIAL_NUCLEUS_PARVOCELLULAR_PART_RIGHT,"VPMpc (Thalamus, ventral posterior medial Nucleus, parvocellular part) right",JULICH_BRAIN_CYTOARCHITECTONIC_ATLAS_V3_1_VPMPC_THALAMUS_VENTRAL_POSTERIOR_MEDIAL_NUCLEUS_PARVOCELLULAR_PART,"VPMpc (Thalamus, ventral posterior medial Nucleus, parvocellular part)",right,"VPMpc (Thalamus, ventral posterior medial Nucleus, parvocellular part)",G4_MICROSTRUCTURAL_FINE,9606,true,true,"VPMpc (Thalamus, ventral posterior medial Nucleus, parvocellular part) right",,source,MISSING,Julich-Brain v3.1 leaf; hemisphere-specific G4 candidate
JULICH_BRAIN_CYTOARCHITECTONIC_ATLAS_V3_1_VPMPC_THALAMUS_VENTRAL_POSTERIOR_MEDIAL_NUCLEUS_PARVOCELLULAR_PART_LEFT,"VPMpc (Thalamus, ventral posterior medial Nucleus, parvocellular part) left",JULICH_BRAIN_CYTOARCHITECTONIC_ATLAS_V3_1_VPMPC_THALAMUS_VENTRAL_POSTERIOR_MEDIAL_NUCLEUS_PARVOCELLULAR_PART,"VPMpc (Thalamus, ventral posterior medial Nucleus, parvocellular part)",left,"VPMpc (Thalamus, ventral posterior medial Nucleus, parvocellular part)",G4_MICROSTRUCTURAL_FINE,9606,true,true,"VPMpc (Thalamus, ventral posterior medial Nucleus, parvocellular part) left",,source,MISSING,Julich-Brain v3.1 leaf; hemisphere-specific G4 candidate
JULICH_BRAIN_CYTOARCHITECTONIC_ATLAS_V3_1_VPI_THALAMUS_VENTROPOSTERIOR_INFERIOR_NUCLEUS_RIGHT,"VPi (Thalamus, ventroposterior inferior Nucleus) right",JULICH_BRAIN_CYTOARCHITECTONIC_ATLAS_V3_1_VPI_THALAMUS_VENTROPOSTERIOR_INFERIOR_NUCLEUS,"VPi (Thalamus, ventroposterior inferior Nucleus)",right,"VPi (Thalamus, ventroposterior inferior Nucleus)",G4_MICROSTRUCTURAL_FINE,9606,true,true,"VPi (Thalamus, ventroposterior inferior Nucleus) right",,source,MISSING,Julich-Brain v3.1 leaf; hemisphere-specific G4 candidate
JULICH_BRAIN_CYTOARCHITECTONIC_ATLAS_V3_1_VPI_THALAMUS_VENTROPOSTERIOR_INFERIOR_NUCLEUS_LEFT,"VPi (Thalamus, ventroposterior inferior Nucleus) left",JULICH_BRAIN_CYTOARCHITECTONIC_ATLAS_V3_1_VPI_THALAMUS_VENTROPOSTERIOR_INFERIOR_NUCLEUS,"VPi (Thalamus, ventroposterior inferior Nucleus)",left,"VPi (Thalamus, ventroposterior inferior Nucleus)",G4_MICROSTRUCTURAL_FINE,9606,true,true,"VPi (Thalamus, ventroposterior inferior Nucleus) left",,source,MISSING,Julich-Brain v3.1 leaf; hemisphere-specific G4 candidate
JULICH_BRAIN_CYTOARCHITECTONIC_ATLAS_V3_1_VPL_THALAMUS_VENTRAL_POSTERIOR_LATERAL_NUCLEUS_RIGHT,"VPL (Thalamus, ventral posterior lateral Nucleus) right",JULICH_BRAIN_CYTOARCHITECTONIC_ATLAS_V3_1_VPL_THALAMUS_VENTRAL_POSTERIOR_LATERAL_NUCLEUS,"VPL (Thalamus, ventral posterior lateral Nucleus)",right,"VPL (Thalamus, ventral posterior lateral Nucleus)",G4_MICROSTRUCTURAL_FINE,9606,true,true,"VPL (Thalamus, ventral posterior lateral Nucleus) right",,source,MISSING,Julich-Brain v3.1 leaf; hemisphere-specific G4 candidate
JULICH_BRAIN_CYTOARCHITECTONIC_ATLAS_V3_1_VPL_THALAMUS_VENTRAL_POSTERIOR_LATERAL_NUCLEUS_LEFT,"VPL (Thalamus, ventral posterior lateral Nucleus) left",JULICH_BRAIN_CYTOARCHITECTONIC_ATLAS_V3_1_VPL_THALAMUS_VENTRAL_POSTERIOR_LATERAL_NUCLEUS,"VPL (Thalamus, ventral posterior lateral Nucleus)",left,"VPL (Thalamus, ventral posterior lateral Nucleus)",G4_MICROSTRUCTURAL_FINE,9606,true,true,"VPL (Thalamus, ventral posterior lateral Nucleus) left",,source,MISSING,Julich-Brain v3.1 leaf; hemisphere-specific G4 candidate
JULICH_BRAIN_CYTOARCHITECTONIC_ATLAS_V3_1_VLP_THALAMUS_VENTRAL_LATERAL_POSTERIOR_NUCLEUS_RIGHT,"VLP (Thalamus, ventral lateral posterior Nucleus) right",JULICH_BRAIN_CYTOARCHITECTONIC_ATLAS_V3_1_VLP_THALAMUS_VENTRAL_LATERAL_POSTERIOR_NUCLEUS,"VLP (Thalamus, ventral lateral posterior Nucleus)",right,"VLP (Thalamus, ventral lateral posterior Nucleus)",G4_MICROSTRUCTURAL_FINE,9606,true,true,"VLP (Thalamus, ventral lateral posterior Nucleus) right",,source,MISSING,Julich-Brain v3.1 leaf; hemisphere-specific G4 candidate
JULICH_BRAIN_CYTOARCHITECTONIC_ATLAS_V3_1_VLP_THALAMUS_VENTRAL_LATERAL_POSTERIOR_NUCLEUS_LEFT,"VLP (Thalamus, ventral lateral posterior Nucleus) left",JULICH_BRAIN_CYTOARCHITECTONIC_ATLAS_V3_1_VLP_THALAMUS_VENTRAL_LATERAL_POSTERIOR_NUCLEUS,"VLP (Thalamus, ventral lateral posterior Nucleus)",left,"VLP (Thalamus, ventral lateral posterior Nucleus)",G4_MICROSTRUCTURAL_FINE,9606,true,true,"VLP (Thalamus, ventral lateral posterior Nucleus) left",,source,MISSING,Julich-Brain v3.1 leaf; hemisphere-specific G4 candidate
JULICH_BRAIN_CYTOARCHITECTONIC_ATLAS_V3_1_VIM_THALAMUS_VENTRAL_INTERMEDIATE_NUCLEUS_RIGHT,"VIM (Thalamus, ventral intermediate Nucleus) right",JULICH_BRAIN_CYTOARCHITECTONIC_ATLAS_V3_1_VIM_THALAMUS_VENTRAL_INTERMEDIATE_NUCLEUS,"VIM (Thalamus, ventral intermediate Nucleus)",right,"VIM (Thalamus, ventral intermediate Nucleus)",G4_MICROSTRUCTURAL_FINE,9606,true,true,"VIM (Thalamus, ventral intermediate Nucleus) right",,source,MISSING,Julich-Brain v3.1 leaf; hemisphere-specific G4 candidate
JULICH_BRAIN_CYTOARCHITECTONIC_ATLAS_V3_1_VIM_THALAMUS_VENTRAL_INTERMEDIATE_NUCLEUS_LEFT,"VIM (Thalamus, ventral intermediate Nucleus) left",JULICH_BRAIN_CYTOARCHITECTONIC_ATLAS_V3_1_VIM_THALAMUS_VENTRAL_INTERMEDIATE_NUCLEUS,"VIM (Thalamus, ventral intermediate Nucleus)",left,"VIM (Thalamus, ventral intermediate Nucleus)",G4_MICROSTRUCTURAL_FINE,9606,true,true,"VIM (Thalamus, ventral intermediate Nucleus) left",,source,MISSING,Julich-Brain v3.1 leaf; hemisphere-specific G4 candidate
JULICH_BRAIN_CYTOARCHITECTONIC_ATLAS_V3_1_VM_THALAMUS_VENTRAL_MEDIAL_NUCLEUS_RIGHT,"VM (Thalamus, ventral medial Nucleus) right",JULICH_BRAIN_CYTOARCHITECTONIC_ATLAS_V3_1_VM_THALAMUS_VENTRAL_MEDIAL_NUCLEUS,"VM (Thalamus, ventral medial Nucleus)",right,"VM (Thalamus, ventral medial Nucleus)",G4_MICROSTRUCTURAL_FINE,9606,true,true,"VM (Thalamus, ventral medial Nucleus) right",,source,MISSING,Julich-Brain v3.1 leaf; hemisphere-specific G4 candidate
JULICH_BRAIN_CYTOARCHITECTONIC_ATLAS_V3_1_VM_THALAMUS_VENTRAL_MEDIAL_NUCLEUS_LEFT,"VM (Thalamus, ventral medial Nucleus) left",JULICH_BRAIN_CYTOARCHITECTONIC_ATLAS_V3_1_VM_THALAMUS_VENTRAL_MEDIAL_NUCLEUS,"VM (Thalamus, ventral medial Nucleus)",left,"VM (Thalamus, ventral medial Nucleus)",G4_MICROSTRUCTURAL_FINE,9606,true,true,"VM (Thalamus, ventral medial Nucleus) left",,source,MISSING,Julich-Brain v3.1 leaf; hemisphere-specific G4 candidate
JULICH_BRAIN_CYTOARCHITECTONIC_ATLAS_V3_1_VA_THALAMUS_VENTRAL_ANTERIOR_NUCLEUS_VENTRAL_RIGHT,"VA (Thalamus, ventral anterior Nucleus (ventral)) right",JULICH_BRAIN_CYTOARCHITECTONIC_ATLAS_V3_1_VA_THALAMUS_VENTRAL_ANTERIOR_NUCLEUS_VENTRAL,"VA (Thalamus, ventral anterior Nucleus (ventral))",right,"VA (Thalamus, ventral anterior Nucleus (ventral))",G4_MICROSTRUCTURAL_FINE,9606,true,true,"VA (Thalamus, ventral anterior Nucleus (ventral)) right",,source,MISSING,Julich-Brain v3.1 leaf; hemisphere-specific G4 candidate
JULICH_BRAIN_CYTOARCHITECTONIC_ATLAS_V3_1_VA_THALAMUS_VENTRAL_ANTERIOR_NUCLEUS_VENTRAL_LEFT,"VA (Thalamus, ventral anterior Nucleus (ventral)) left",JULICH_BRAIN_CYTOARCHITECTONIC_ATLAS_V3_1_VA_THALAMUS_VENTRAL_ANTERIOR_NUCLEUS_VENTRAL,"VA (Thalamus, ventral anterior Nucleus (ventral))",left,"VA (Thalamus, ventral anterior Nucleus (ventral))",G4_MICROSTRUCTURAL_FINE,9606,true,true,"VA (Thalamus, ventral anterior Nucleus (ventral)) left",,source,MISSING,Julich-Brain v3.1 leaf; hemisphere-specific G4 candidate
JULICH_BRAIN_CYTOARCHITECTONIC_ATLAS_V3_1_VLA_THALAMUS_VENTRAL_LATERAL_ANTERIOR_NUCLEUS_RIGHT,"VLA (Thalamus, ventral lateral anterior Nucleus) right",JULICH_BRAIN_CYTOARCHITECTONIC_ATLAS_V3_1_VLA_THALAMUS_VENTRAL_LATERAL_ANTERIOR_NUCLEUS,"VLA (Thalamus, ventral lateral anterior Nucleus)",right,"VLA (Thalamus, ventral lateral anterior Nucleus)",G4_MICROSTRUCTURAL_FINE,9606,true,true,"VLA (Thalamus, ventral lateral anterior Nucleus) right",,source,MISSING,Julich-Brain v3.1 leaf; hemisphere-specific G4 candidate
JULICH_BRAIN_CYTOARCHITECTONIC_ATLAS_V3_1_VLA_THALAMUS_VENTRAL_LATERAL_ANTERIOR_NUCLEUS_LEFT,"VLA (Thalamus, ventral lateral anterior Nucleus) left",JULICH_BRAIN_CYTOARCHITECTONIC_ATLAS_V3_1_VLA_THALAMUS_VENTRAL_LATERAL_ANTERIOR_NUCLEUS,"VLA (Thalamus, ventral lateral anterior Nucleus)",left,"VLA (Thalamus, ventral lateral anterior Nucleus)",G4_MICROSTRUCTURAL_FINE,9606,true,true,"VLA (Thalamus, ventral lateral anterior Nucleus) left",,source,MISSING,Julich-Brain v3.1 leaf; hemisphere-specific G4 candidate
JULICH_BRAIN_CYTOARCHITECTONIC_ATLAS_V3_1_VAMC_THALAMUS_VENTRAL_ANTERIOR_NUCLEUS_MAGNOCELLULAR_PART_RIGHT,"VAmc (Thalamus, ventral anterior Nucleus, magnocellular part) right",JULICH_BRAIN_CYTOARCHITECTONIC_ATLAS_V3_1_VAMC_THALAMUS_VENTRAL_ANTERIOR_NUCLEUS_MAGNOCELLULAR_PART,"VAmc (Thalamus, ventral anterior Nucleus, magnocellular part)",right,"VAmc (Thalamus, ventral anterior Nucleus, magnocellular part)",G4_MICROSTRUCTURAL_FINE,9606,true,true,"VAmc (Thalamus, ventral anterior Nucleus, magnocellular part) right",,source,MISSING,Julich-Brain v3.1 leaf; hemisphere-specific G4 candidate
JULICH_BRAIN_CYTOARCHITECTONIC_ATLAS_V3_1_VAMC_THALAMUS_VENTRAL_ANTERIOR_NUCLEUS_MAGNOCELLULAR_PART_LEFT,"VAmc (Thalamus, ventral anterior Nucleus, magnocellular part) left",JULICH_BRAIN_CYTOARCHITECTONIC_ATLAS_V3_1_VAMC_THALAMUS_VENTRAL_ANTERIOR_NUCLEUS_MAGNOCELLULAR_PART,"VAmc (Thalamus, ventral anterior Nucleus, magnocellular part)",left,"VAmc (Thalamus, ventral anterior Nucleus, magnocellular part)",G4_MICROSTRUCTURAL_FINE,9606,true,true,"VAmc (Thalamus, ventral anterior Nucleus, magnocellular part) left",,source,MISSING,Julich-Brain v3.1 leaf; hemisphere-specific G4 candidate
JULICH_BRAIN_CYTOARCHITECTONIC_ATLAS_V3_1_VPM_THALAMUS_VENTRAL_POSTERIOR_MEDIAL_NUCLEUS_RIGHT,"VPM (Thalamus, ventral posterior medial Nucleus) right",JULICH_BRAIN_CYTOARCHITECTONIC_ATLAS_V3_1_VPM_THALAMUS_VENTRAL_POSTERIOR_MEDIAL_NUCLEUS,"VPM (Thalamus, ventral posterior medial Nucleus)",right,"VPM (Thalamus, ventral posterior medial Nucleus)",G4_MICROSTRUCTURAL_FINE,9606,true,true,"VPM (Thalamus, ventral posterior medial Nucleus) right",,source,MISSING,Julich-Brain v3.1 leaf; hemisphere-specific G4 candidate
JULICH_BRAIN_CYTOARCHITECTONIC_ATLAS_V3_1_VPM_THALAMUS_VENTRAL_POSTERIOR_MEDIAL_NUCLEUS_LEFT,"VPM (Thalamus, ventral posterior medial Nucleus) left",JULICH_BRAIN_CYTOARCHITECTONIC_ATLAS_V3_1_VPM_THALAMUS_VENTRAL_POSTERIOR_MEDIAL_NUCLEUS,"VPM (Thalamus, ventral posterior medial Nucleus)",left,"VPM (Thalamus, ventral posterior medial Nucleus)",G4_MICROSTRUCTURAL_FINE,9606,true,true,"VPM (Thalamus, ventral posterior medial Nucleus) left",,source,MISSING,Julich-Brain v3.1 leaf; hemisphere-specific G4 candidate
JULICH_BRAIN_CYTOARCHITECTONIC_ATLAS_V3_1_SPF_THALAMUS_SUBPARAFASCICULAR_NUCLEUS_RIGHT,"sPf (Thalamus, subparafascicular Nucleus) right",JULICH_BRAIN_CYTOARCHITECTONIC_ATLAS_V3_1_SPF_THALAMUS_SUBPARAFASCICULAR_NUCLEUS,"sPf (Thalamus, subparafascicular Nucleus)",right,"sPf (Thalamus, subparafascicular Nucleus)",G4_MICROSTRUCTURAL_FINE,9606,true,true,"sPf (Thalamus, subparafascicular Nucleus) right",,source,MISSING,Julich-Brain v3.1 leaf; hemisphere-specific G4 candidate
JULICH_BRAIN_CYTOARCHITECTONIC_ATLAS_V3_1_SPF_THALAMUS_SUBPARAFASCICULAR_NUCLEUS_LEFT,"sPf (Thalamus, subparafascicular Nucleus) left",JULICH_BRAIN_CYTOARCHITECTONIC_ATLAS_V3_1_SPF_THALAMUS_SUBPARAFASCICULAR_NUCLEUS,"sPf (Thalamus, subparafascicular Nucleus)",left,"sPf (Thalamus, subparafascicular Nucleus)",G4_MICROSTRUCTURAL_FINE,9606,true,true,"sPf (Thalamus, subparafascicular Nucleus) left",,source,MISSING,Julich-Brain v3.1 leaf; hemisphere-specific G4 candidate
JULICH_BRAIN_CYTOARCHITECTONIC_ATLAS_V3_1_PF_THALAMUS_PARAFASCICULAR_NUCLEUS_RIGHT,"Pf (Thalamus, parafascicular Nucleus) right",JULICH_BRAIN_CYTOARCHITECTONIC_ATLAS_V3_1_PF_THALAMUS_PARAFASCICULAR_NUCLEUS,"Pf (Thalamus, parafascicular Nucleus)",right,"Pf (Thalamus, parafascicular Nucleus)",G4_MICROSTRUCTURAL_FINE,9606,true,true,"Pf (Thalamus, parafascicular Nucleus) right",,source,MISSING,Julich-Brain v3.1 leaf; hemisphere-specific G4 candidate
JULICH_BRAIN_CYTOARCHITECTONIC_ATLAS_V3_1_PF_THALAMUS_PARAFASCICULAR_NUCLEUS_LEFT,"Pf (Thalamus, parafascicular Nucleus) left",JULICH_BRAIN_CYTOARCHITECTONIC_ATLAS_V3_1_PF_THALAMUS_PARAFASCICULAR_NUCLEUS,"Pf (Thalamus, parafascicular Nucleus)",left,"Pf (Thalamus, parafascicular Nucleus)",G4_MICROSTRUCTURAL_FINE,9606,true,true,"Pf (Thalamus, parafascicular Nucleus) left",,source,MISSING,Julich-Brain v3.1 leaf; hemisphere-specific G4 candidate
JULICH_BRAIN_CYTOARCHITECTONIC_ATLAS_V3_1_CM_THALAMUS_CENTROMEDIAN_NUCLEUS_RIGHT,"CM (Thalamus, centromedian Nucleus) right",JULICH_BRAIN_CYTOARCHITECTONIC_ATLAS_V3_1_CM_THALAMUS_CENTROMEDIAN_NUCLEUS,"CM (Thalamus, centromedian Nucleus)",right,"CM (Thalamus, centromedian Nucleus)",G4_MICROSTRUCTURAL_FINE,9606,true,true,"CM (Thalamus, centromedian Nucleus) right",,source,MISSING,Julich-Brain v3.1 leaf; hemisphere-specific G4 candidate
JULICH_BRAIN_CYTOARCHITECTONIC_ATLAS_V3_1_CM_THALAMUS_CENTROMEDIAN_NUCLEUS_LEFT,"CM (Thalamus, centromedian Nucleus) left",JULICH_BRAIN_CYTOARCHITECTONIC_ATLAS_V3_1_CM_THALAMUS_CENTROMEDIAN_NUCLEUS,"CM (Thalamus, centromedian Nucleus)",left,"CM (Thalamus, centromedian Nucleus)",G4_MICROSTRUCTURAL_FINE,9606,true,true,"CM (Thalamus, centromedian Nucleus) left",,source,MISSING,Julich-Brain v3.1 leaf; hemisphere-specific G4 candidate
JULICH_BRAIN_CYTOARCHITECTONIC_ATLAS_V3_1_CL_THALAMUS_ANTERIOR_INTRALAMINAR_NUCLEI_RIGHT,"CL (Thalamus, anterior intralaminar nuclei) right",JULICH_BRAIN_CYTOARCHITECTONIC_ATLAS_V3_1_CL_THALAMUS_ANTERIOR_INTRALAMINAR_NUCLEI,"CL (Thalamus, anterior intralaminar nuclei)",right,"CL (Thalamus, anterior intralaminar nuclei)",G4_MICROSTRUCTURAL_FINE,9606,true,true,"CL (Thalamus, anterior intralaminar nuclei) right",,source,MISSING,Julich-Brain v3.1 leaf; hemisphere-specific G4 candidate
JULICH_BRAIN_CYTOARCHITECTONIC_ATLAS_V3_1_CL_THALAMUS_ANTERIOR_INTRALAMINAR_NUCLEI_LEFT,"CL (Thalamus, anterior intralaminar nuclei) left",JULICH_BRAIN_CYTOARCHITECTONIC_ATLAS_V3_1_CL_THALAMUS_ANTERIOR_INTRALAMINAR_NUCLEI,"CL (Thalamus, anterior intralaminar nuclei)",left,"CL (Thalamus, anterior intralaminar nuclei)",G4_MICROSTRUCTURAL_FINE,9606,true,true,"CL (Thalamus, anterior intralaminar nuclei) left",,source,MISSING,Julich-Brain v3.1 leaf; hemisphere-specific G4 candidate
