region_id,region_name,parent_region_id,parent_region_name,depth,is_leaf,child_count,shortname,species,rgb
minds/core/parcellationatlas/v1.0.0/94c1125b-b87e-45e4-901c-00daee7f2579-310,Julich-Brain Cytoarchitectonic Atlas (v3.1),,,0,False,4,Julich-Brain v3.1,Homo sapiens,
JULICH_BRAIN_CYTOARCHITECTONIC_ATLAS_V3_1_TELENCEPHALON,telencephalon,minds/core/parcellationatlas/v1.0.0/94c1125b-b87e-45e4-901c-00daee7f2579-310,Julich-Brain Cytoarchitectonic Atlas (v3.1),1,False,2,,Homo sapiens,
JULICH_BRAIN_CYTOARCHITECTONIC_ATLAS_V3_1_CEREBRAL_NUCLEI,cerebral nuclei,JULICH_BRAIN_CYTOARCHITECTONIC_ATLAS_V3_1_TELENCEPHALON,telencephalon,2,False,3,,Homo sapiens,
JULICH_BRAIN_CYTOARCHITECTONIC_ATLAS_V3_1_BASAL_GANGLIA,basal ganglia,JULICH_BRAIN_CYTOARCHITECTONIC_ATLAS_V3_1_CEREBRAL_NUCLEI,cerebral nuclei,3,False,2,,Homo sapiens,
JULICH_BRAIN_CYTOARCHITECTONIC_ATLAS_V3_1_VENTRAL_PALLIDUM,ventral pallidum,JULICH_BRAIN_CYTOARCHITECTONIC_ATLAS_V3_1_BASAL_GANGLIA,basal ganglia,4,False,1,,Homo sapiens,
JULICH_BRAIN_CYTOARCHITECTONIC_ATLAS_V3_1_VP_VENTRAL_PALLIDUM,VP (Ventral Pallidum),JULICH_BRAIN_CYTOARCHITECTONIC_ATLAS_V3_1_VENTRAL_PALLIDUM,ventral pallidum,5,False,2,,Homo sapiens,
JULICH_BRAIN_CYTOARCHITECTONIC_ATLAS_V3_1_VP_VENTRAL_PALLIDUM_RIGHT,VP (Ventral Pallidum) right,JULICH_BRAIN_CYTOARCHITECTONIC_ATLAS_V3_1_VP_VENTRAL_PALLIDUM,VP (Ventral Pallidum),6,True,0,,Homo sapiens,
JULICH_BRAIN_CYTOARCHITECTONIC_ATLAS_V3_1_VP_VENTRAL_PALLIDUM_LEFT,VP (Ventral Pallidum) left,JULICH_BRAIN_CYTOARCHITECTONIC_ATLAS_V3_1_VP_VENTRAL_PALLIDUM,VP (Ventral Pallidum),6,True,0,,Homo sapiens,
JULICH_BRAIN_CYTOARCHITECTONIC_ATLAS_V3_1_VENTRAL_STRIATUM,ventral striatum,JULICH_BRAIN_CYTOARCHITECTONIC_ATLAS_V3_1_BASAL_GANGLIA,basal ganglia,4,False,4,,Homo sapiens,
JULICH_BRAIN_CYTOARCHITECTONIC_ATLAS_V3_1_FUCD_VENTRAL_STRIATUM_FUNDUS_OF_CAUDATE_NUCLEUS,"FuCd (Ventral Striatum, Fundus of Caudate Nucleus)",JULICH_BRAIN_CYTOARCHITECTONIC_ATLAS_V3_1_VENTRAL_STRIATUM,ventral striatum,5,False,2,,Homo sapiens,
JULICH_BRAIN_CYTOARCHITECTONIC_ATLAS_V3_1_FUCD_VENTRAL_STRIATUM_FUNDUS_OF_CAUDATE_NUCLEUS_RIGHT,"FuCd (Ventral Striatum, Fundus of Caudate Nucleus) right",JULICH_BRAIN_CYTOARCHITECTONIC_ATLAS_V3_1_FUCD_VENTRAL_STRIATUM_FUNDUS_OF_CAUDATE_NUCLEUS,"FuCd (Ventral Striatum, Fundus of Caudate Nucleus)",6,True,0,,Homo sapiens,
JULICH_BRAIN_CYTOARCHITECTONIC_ATLAS_V3_1_FUCD_VENTRAL_STRIATUM_FUNDUS_OF_CAUDATE_NUCLEUS_LEFT,"FuCd (Ventral Striatum, Fundus of Caudate Nucleus) left",JULICH_BRAIN_CYTOARCHITECTONIC_ATLAS_V3_1_FUCD_VENTRAL_STRIATUM_FUNDUS_OF_CAUDATE_NUCLEUS,"FuCd (Ventral Striatum, Fundus of Caudate Nucleus)",6,True,0,,Homo sapiens,
JULICH_BRAIN_CYTOARCHITECTONIC_ATLAS_V3_1_ACBM_VENTRAL_STRIATUM_MEDIAL_ACCUMBENS,"AcbM (Ventral Striatum, Medial Accumbens)",JULICH_BRAIN_CYTOARCHITECTONIC_ATLAS_V3_1_VENTRAL_STRIATUM,ventral striatum,5,False,2,,Homo sapiens,
JULICH_BRAIN_CYTOARCHITECTONIC_ATLAS_V3_1_ACBM_VENTRAL_STRIATUM_MEDIAL_ACCUMBENS_RIGHT,"AcbM (Ventral Striatum, Medial Accumbens) right",JULICH_BRAIN_CYTOARCHITECTONIC_ATLAS_V3_1_ACBM_VENTRAL_STRIATUM_MEDIAL_ACCUMBENS,"AcbM (Ventral Striatum, Medial Accumbens)",6,True,0,,Homo sapiens,
JULICH_BRAIN_CYTOARCHITECTONIC_ATLAS_V3_1_ACBM_VENTRAL_STRIATUM_MEDIAL_ACCUMBENS_LEFT,"AcbM (Ventral Striatum, Medial Accumbens) left",JULICH_BRAIN_CYTOARCHITECTONIC_ATLAS_V3_1_ACBM_VENTRAL_STRIATUM_MEDIAL_ACCUMBENS,"AcbM (Ventral Striatum, Medial Accumbens)",6,True,0,,Homo sapiens,
JULICH_BRAIN_CYTOARCHITECTONIC_ATLAS_V3_1_ACBL_VENTRAL_STRIATUM_LATERAL_ACCUMBENS,"AcbL (Ventral Striatum, Lateral Accumbens)",JULICH_BRAIN_CYTOARCHITECTONIC_ATLAS_V3_1_VENTRAL_STRIATUM,ventral striatum,5,False,2,,Homo sapiens,
JULICH_BRAIN_CYTOARCHITECTONIC_ATLAS_V3_1_ACBL_VENTRAL_STRIATUM_LATERAL_ACCUMBENS_RIGHT,"AcbL (Ventral Striatum, Lateral Accumbens) right",JULICH_BRAIN_CYTOARCHITECTONIC_ATLAS_V3_1_ACBL_VENTRAL_STRIATUM_LATERAL_ACCUMBENS,"AcbL (Ventral Striatum, Lateral Accumbens)",6,True,0,,Homo sapiens,
JULICH_BRAIN_CYTOARCHITECTONIC_ATLAS_V3_1_ACBL_VENTRAL_STRIATUM_LATERAL_ACCUMBENS_LEFT,"AcbL (Ventral Striatum, Lateral Accumbens) left",JULICH_BRAIN_CYTOARCHITECTONIC_ATLAS_V3_1_ACBL_VENTRAL_STRIATUM_LATERAL_ACCUMBENS,"AcbL (Ventral Striatum, Lateral Accumbens)",6,True,0,,Homo sapiens,
JULICH_BRAIN_CYTOARCHITECTONIC_ATLAS_V3_1_FUP_VENTRAL_STRIATUM_FUNDUS_OF_PUTAMEN,"FuP (Ventral Striatum, Fundus of Putamen)",JULICH_BRAIN_CYTOARCHITECTONIC_ATLAS_V3_1_VENTRAL_STRIATUM,ventral striatum,5,False,2,,Homo sapiens,
JULICH_BRAIN_CYTOARCHITECTONIC_ATLAS_V3_1_FUP_VENTRAL_STRIATUM_FUNDUS_OF_PUTAMEN_RIGHT,"FuP (Ventral Striatum, Fundus of Putamen) right",JULICH_BRAIN_CYTOARCHITECTONIC_ATLAS_V3_1_FUP_VENTRAL_STRIATUM_FUNDUS_OF_PUTAMEN,"FuP (Ventral Striatum, Fundus of Putamen)",6,True,0,,Homo sapiens,
JULICH_BRAIN_CYTOARCHITECTONIC_ATLAS_V3_1_FUP_VENTRAL_STRIATUM_FUNDUS_OF_PUTAMEN_LEFT,"FuP (Ventral Striatum, Fundus of Putamen) left",JULICH_BRAIN_CYTOARCHITECTONIC_ATLAS_V3_1_FUP_VENTRAL_STRIATUM_FUNDUS_OF_PUTAMEN,"FuP (Ventral Striatum, Fundus of Putamen)",6,True,0,,Homo sapiens,
JULICH_BRAIN_CYTOARCHITECTONIC_ATLAS_V3_1_BASAL_FOREBRAIN,basal forebrain,JULICH_BRAIN_CYTOARCHITECTONIC_ATLAS_V3_1_CEREBRAL_NUCLEI,cerebral nuclei,3,False,3,,Homo sapiens,
JULICH_BRAIN_CYTOARCHITECTONIC_ATLAS_V3_1_SUBLENTICULAR_BASAL_FOREBRAIN,sublenticular basal forebrain,JULICH_BRAIN_CYTOARCHITECTONIC_ATLAS_V3_1_BASAL_FOREBRAIN,basal forebrain,4,False,1,,Homo sapiens,
JULICH_BRAIN_CYTOARCHITECTONIC_ATLAS_V3_1_CH_4_BASAL_FOREBRAIN,Ch 4 (Basal Forebrain),JULICH_BRAIN_CYTOARCHITECTONIC_ATLAS_V3_1_SUBLENTICULAR_BASAL_FOREBRAIN,sublenticular basal forebrain,5,False,2,,Homo sapiens,
JULICH_BRAIN_CYTOARCHITECTONIC_ATLAS_V3_1_CH_4_BASAL_FOREBRAIN_RIGHT,Ch 4 (Basal Forebrain) right,JULICH_BRAIN_CYTOARCHITECTONIC_ATLAS_V3_1_CH_4_BASAL_FOREBRAIN,Ch 4 (Basal Forebrain),6,True,0,,Homo sapiens,
JULICH_BRAIN_CYTOARCHITECTONIC_ATLAS_V3_1_CH_4_BASAL_FOREBRAIN_LEFT,Ch 4 (Basal Forebrain) left,JULICH_BRAIN_CYTOARCHITECTONIC_ATLAS_V3_1_CH_4_BASAL_FOREBRAIN,Ch 4 (Basal Forebrain),6,True,0,,Homo sapiens,
JULICH_BRAIN_CYTOARCHITECTONIC_ATLAS_V3_1_BED_NUCLEUS,bed nucleus,JULICH_BRAIN_CYTOARCHITECTONIC_ATLAS_V3_1_BASAL_FOREBRAIN,basal forebrain,4,False,1,,Homo sapiens,
JULICH_BRAIN_CYTOARCHITECTONIC_ATLAS_V3_1_BST_BASAL_FOREBRAIN_BED_NUCLEUS,"BST (Basal Forebrain, Bed Nucleus)",JULICH_BRAIN_CYTOARCHITECTONIC_ATLAS_V3_1_BED_NUCLEUS,bed nucleus,5,False,2,,Homo sapiens,
JULICH_BRAIN_CYTOARCHITECTONIC_ATLAS_V3_1_BST_BASAL_FOREBRAIN_BED_NUCLEUS_RIGHT,"BST (Basal Forebrain, Bed Nucleus) right",JULICH_BRAIN_CYTOARCHITECTONIC_ATLAS_V3_1_BST_BASAL_FOREBRAIN_BED_NUCLEUS,"BST (Basal Forebrain, Bed Nucleus)",6,True,0,,Homo sapiens,
JULICH_BRAIN_CYTOARCHITECTONIC_ATLAS_V3_1_BST_BASAL_FOREBRAIN_BED_NUCLEUS_LEFT,"BST (Basal Forebrain, Bed Nucleus) left",JULICH_BRAIN_CYTOARCHITECTONIC_ATLAS_V3_1_BST_BASAL_FOREBRAIN_BED_NUCLEUS,"BST (Basal Forebrain, Bed Nucleus)",6,True,0,,Homo sapiens,
JULICH_BRAIN_CYTOARCHITECTONIC_ATLAS_V3_1_MAGNOCELLULAR_GROUP,magnocellular group,JULICH_BRAIN_CYTOARCHITECTONIC_ATLAS_V3_1_BASAL_FOREBRAIN,basal forebrain,4,False,1,,Homo sapiens,
JULICH_BRAIN_CYTOARCHITECTONIC_ATLAS_V3_1_CH_123_BASAL_FOREBRAIN,Ch 123 (Basal Forebrain),JULICH_BRAIN_CYTOARCHITECTONIC_ATLAS_V3_1_MAGNOCELLULAR_GROUP,magnocellular group,5,False,2,,Homo sapiens,
JULICH_BRAIN_CYTOARCHITECTONIC_ATLAS_V3_1_CH_123_BASAL_FOREBRAIN_RIGHT,Ch 123 (Basal Forebrain) right,JULICH_BRAIN_CYTOARCHITECTONIC_ATLAS_V3_1_CH_123_BASAL_FOREBRAIN,Ch 123 (Basal Forebrain),6,True,0,,Homo sapiens,
JULICH_BRAIN_CYTOARCHITECTONIC_ATLAS_V3_1_CH_123_BASAL_FOREBRAIN_LEFT,Ch 123 (Basal Forebrain) left,JULICH_BRAIN_CYTOARCHITECTONIC_ATLAS_V3_1_CH_123_BASAL_FOREBRAIN,Ch 123 (Basal Forebrain),6,True,0,,Homo sapiens,
JULICH_BRAIN_CYTOARCHITECTONIC_ATLAS_V3_1_AMYGDALA,amygdala,JULICH_BRAIN_CYTOARCHITECTONIC_ATLAS_V3_1_CEREBRAL_NUCLEI,cerebral nuclei,3,False,3,,Homo sapiens,
JULICH_BRAIN_CYTOARCHITECTONIC_ATLAS_V3_1_AMYGDALOID_GROUPS,amygdaloid groups,JULICH_BRAIN_CYTOARCHITECTONIC_ATLAS_V3_1_AMYGDALA,amygdala,4,False,3,,Homo sapiens,
JULICH_BRAIN_CYTOARCHITECTONIC_ATLAS_V3_1_CM_AMYGDALA,CM (Amygdala),JULICH_BRAIN_CYTOARCHITECTONIC_ATLAS_V3_1_AMYGDALOID_GROUPS,amygdaloid groups,5,False,2,,Homo sapiens,
JULICH_BRAIN_CYTOARCHITECTONIC_ATLAS_V3_1_CM_AMYGDALA_RIGHT,CM (Amygdala) right,JULICH_BRAIN_CYTOARCHITECTONIC_ATLAS_V3_1_CM_AMYGDALA,CM (Amygdala),6,False,3,,Homo sapiens,
JULICH_BRAIN_CYTOARCHITECTONIC_ATLAS_V3_1_CM_AAA_AMYGDALA_RIGHT,CM.AAA (Amygdala) right,JULICH_BRAIN_CYTOARCHITECTONIC_ATLAS_V3_1_CM_AMYGDALA_RIGHT,CM (Amygdala) right,7,True,0,,Homo sapiens,
JULICH_BRAIN_CYTOARCHITECTONIC_ATLAS_V3_1_CM_CE_AMYGDALA_RIGHT,CM.Ce (Amygdala) right,JULICH_BRAIN_CYTOARCHITECTONIC_ATLAS_V3_1_CM_AMYGDALA_RIGHT,CM (Amygdala) right,7,True,0,,Homo sapiens,
JULICH_BRAIN_CYTOARCHITECTONIC_ATLAS_V3_1_CM_ME_AMYGDALA_RIGHT,CM.Me (Amygdala) right,JULICH_BRAIN_CYTOARCHITECTONIC_ATLAS_V3_1_CM_AMYGDALA_RIGHT,CM (Amygdala) right,7,True,0,,Homo sapiens,
JULICH_BRAIN_CYTOARCHITECTONIC_ATLAS_V3_1_CM_AMYGDALA_LEFT,CM (Amygdala) left,JULICH_BRAIN_CYTOARCHITECTONIC_ATLAS_V3_1_CM_AMYGDALA,CM (Amygdala),6,False,3,,Homo sapiens,
JULICH_BRAIN_CYTOARCHITECTONIC_ATLAS_V3_1_CM_AAA_AMYGDALA_LEFT,CM.AAA (Amygdala) left,JULICH_BRAIN_CYTOARCHITECTONIC_ATLAS_V3_1_CM_AMYGDALA_LEFT,CM (Amygdala) left,7,True,0,,Homo sapiens,
JULICH_BRAIN_CYTOARCHITECTONIC_ATLAS_V3_1_CM_CE_AMYGDALA_LEFT,CM.Ce (Amygdala) left,JULICH_BRAIN_CYTOARCHITECTONIC_ATLAS_V3_1_CM_AMYGDALA_LEFT,CM (Amygdala) left,7,True,0,,Homo sapiens,
JULICH_BRAIN_CYTOARCHITECTONIC_ATLAS_V3_1_CM_ME_AMYGDALA_LEFT,CM.Me (Amygdala) left,JULICH_BRAIN_CYTOARCHITECTONIC_ATLAS_V3_1_CM_AMYGDALA_LEFT,CM (Amygdala) left,7,True,0,,Homo sapiens,
JULICH_BRAIN_CYTOARCHITECTONIC_ATLAS_V3_1_LB_AMYGDALA,LB (Amygdala),JULICH_BRAIN_CYTOARCHITECTONIC_ATLAS_V3_1_AMYGDALOID_GROUPS,amygdaloid groups,5,False,2,,Homo sapiens,
JULICH_BRAIN_CYTOARCHITECTONIC_ATLAS_V3_1_LB_AMYGDALA_RIGHT,LB (Amygdala) right,JULICH_BRAIN_CYTOARCHITECTONIC_ATLAS_V3_1_LB_AMYGDALA,LB (Amygdala),6,False,4,,Homo sapiens,
JULICH_BRAIN_CYTOARCHITECTONIC_ATLAS_V3_1_LB_BL_AMYGDALA_RIGHT,LB.Bl (Amygdala) right,JULICH_BRAIN_CYTOARCHITECTONIC_ATLAS_V3_1_LB_AMYGDALA_RIGHT,LB (Amygdala) right,7,True,0,,Homo sapiens,
JULICH_BRAIN_CYTOARCHITECTONIC_ATLAS_V3_1_LB_BM_AMYGDALA_RIGHT,LB.Bm (Amygdala) right,JULICH_BRAIN_CYTOARCHITECTONIC_ATLAS_V3_1_LB_AMYGDALA_RIGHT,LB (Amygdala) right,7,True,0,,Homo sapiens,
JULICH_BRAIN_CYTOARCHITECTONIC_ATLAS_V3_1_LB_PL_AMYGDALA_RIGHT,LB.Pl (Amygdala) right,JULICH_BRAIN_CYTOARCHITECTONIC_ATLAS_V3_1_LB_AMYGDALA_RIGHT,LB (Amygdala) right,7,True,0,,Homo sapiens,
JULICH_BRAIN_CYTOARCHITECTONIC_ATLAS_V3_1_LB_LA_AMYGDALA_RIGHT,LB.La (Amygdala) right,JULICH_BRAIN_CYTOARCHITECTONIC_ATLAS_V3_1_LB_AMYGDALA_RIGHT,LB (Amygdala) right,7,True,0,,Homo sapiens,
JULICH_BRAIN_CYTOARCHITECTONIC_ATLAS_V3_1_LB_AMYGDALA_LEFT,LB (Amygdala) left,JULICH_BRAIN_CYTOARCHITECTONIC_ATLAS_V3_1_LB_AMYGDALA,LB (Amygdala),6,False,4,,Homo sapiens,
JULICH_BRAIN_CYTOARCHITECTONIC_ATLAS_V3_1_LB_BL_AMYGDALA_LEFT,LB.Bl (Amygdala) left,JULICH_BRAIN_CYTOARCHITECTONIC_ATLAS_V3_1_LB_AMYGDALA_LEFT,LB (Amygdala) left,7,True,0,,Homo sapiens,
JULICH_BRAIN_CYTOARCHITECTONIC_ATLAS_V3_1_LB_BM_AMYGDALA_LEFT,LB.Bm (Amygdala) left,JULICH_BRAIN_CYTOARCHITECTONIC_ATLAS_V3_1_LB_AMYGDALA_LEFT,LB (Amygdala) left,7,True,0,,Homo sapiens,
JULICH_BRAIN_CYTOARCHITECTONIC_ATLAS_V3_1_LB_PL_AMYGDALA_LEFT,LB.Pl (Amygdala) left,JULICH_BRAIN_CYTOARCHITECTONIC_ATLAS_V3_1_LB_AMYGDALA_LEFT,LB (Amygdala) left,7,True,0,,Homo sapiens,
JULICH_BRAIN_CYTOARCHITECTONIC_ATLAS_V3_1_LB_LA_AMYGDALA_LEFT,LB.La (Amygdala) left,JULICH_BRAIN_CYTOARCHITECTONIC_ATLAS_V3_1_LB_AMYGDALA_LEFT,LB (Amygdala) left,7,True,0,,Homo sapiens,
JULICH_BRAIN_CYTOARCHITECTONIC_ATLAS_V3_1_SF_AMYGDALA,SF (Amygdala),JULICH_BRAIN_CYTOARCHITECTONIC_ATLAS_V3_1_AMYGDALOID_GROUPS,amygdaloid groups,5,False,2,,Homo sapiens,
JULICH_BRAIN_CYTOARCHITECTONIC_ATLAS_V3_1_SF_AMYGDALA_RIGHT,SF (Amygdala) right,JULICH_BRAIN_CYTOARCHITECTONIC_ATLAS_V3_1_SF_AMYGDALA,SF (Amygdala),6,False,3,,Homo sapiens,
JULICH_BRAIN_CYTOARCHITECTONIC_ATLAS_V3_1_SF_AHI_AMYGDALA_RIGHT,SF.AHi (Amygdala) right,JULICH_BRAIN_CYTOARCHITECTONIC_ATLAS_V3_1_SF_AMYGDALA_RIGHT,SF (Amygdala) right,7,True,0,,Homo sapiens,
JULICH_BRAIN_CYTOARCHITECTONIC_ATLAS_V3_1_SF_APIR_AMYGDALA_RIGHT,SF.APir (Amygdala) right,JULICH_BRAIN_CYTOARCHITECTONIC_ATLAS_V3_1_SF_AMYGDALA_RIGHT,SF (Amygdala) right,7,True,0,,Homo sapiens,
JULICH_BRAIN_CYTOARCHITECTONIC_ATLAS_V3_1_SF_VCO_AMYGDALA_RIGHT,SF.VCo (Amygdala) right,JULICH_BRAIN_CYTOARCHITECTONIC_ATLAS_V3_1_SF_AMYGDALA_RIGHT,SF (Amygdala) right,7,True,0,,Homo sapiens,
JULICH_BRAIN_CYTOARCHITECTONIC_ATLAS_V3_1_SF_AMYGDALA_LEFT,SF (Amygdala) left,JULICH_BRAIN_CYTOARCHITECTONIC_ATLAS_V3_1_SF_AMYGDALA,SF (Amygdala),6,False,3,,Homo sapiens,
JULICH_BRAIN_CYTOARCHITECTONIC_ATLAS_V3_1_SF_AHI_AMYGDALA_LEFT,SF.AHi (Amygdala) left,JULICH_BRAIN_CYTOARCHITECTONIC_ATLAS_V3_1_SF_AMYGDALA_LEFT,SF (Amygdala) left,7,True,0,,Homo sapiens,
JULICH_BRAIN_CYTOARCHITECTONIC_ATLAS_V3_1_SF_APIR_AMYGDALA_LEFT,SF.APir (Amygdala) left,JULICH_BRAIN_CYTOARCHITECTONIC_ATLAS_V3_1_SF_AMYGDALA_LEFT,SF (Amygdala) left,7,True,0,,Homo sapiens,
JULICH_BRAIN_CYTOARCHITECTONIC_ATLAS_V3_1_SF_VCO_AMYGDALA_LEFT,SF.VCo (Amygdala) left,JULICH_BRAIN_CYTOARCHITECTONIC_ATLAS_V3_1_SF_AMYGDALA_LEFT,SF (Amygdala) left,7,True,0,,Homo sapiens,
JULICH_BRAIN_CYTOARCHITECTONIC_ATLAS_V3_1_AMYGDALOSTRIATAL_TRANSITION_ZONE,amygdalostriatal transition zone,JULICH_BRAIN_CYTOARCHITECTONIC_ATLAS_V3_1_AMYGDALA,amygdala,4,False,1,,Homo sapiens,
JULICH_BRAIN_CYTOARCHITECTONIC_ATLAS_V3_1_ASTR_AMYGDALA,Astr (Amygdala),JULICH_BRAIN_CYTOARCHITECTONIC_ATLAS_V3_1_AMYGDALOSTRIATAL_TRANSITION_ZONE,amygdalostriatal transition zone,5,False,2,,Homo sapiens,
JULICH_BRAIN_CYTOARCHITECTONIC_ATLAS_V3_1_ASTR_AMYGDALA_RIGHT,Astr (Amygdala) right,JULICH_BRAIN_CYTOARCHITECTONIC_ATLAS_V3_1_ASTR_AMYGDALA,Astr (Amygdala),6,True,0,,Homo sapiens,
JULICH_BRAIN_CYTOARCHITECTONIC_ATLAS_V3_1_ASTR_AMYGDALA_LEFT,Astr (Amygdala) left,JULICH_BRAIN_CYTOARCHITECTONIC_ATLAS_V3_1_ASTR_AMYGDALA,Astr (Amygdala),6,True,0,,Homo sapiens,
JULICH_BRAIN_CYTOARCHITECTONIC_ATLAS_V3_1_FIBER_MASSES,fiber masses,JULICH_BRAIN_CYTOARCHITECTONIC_ATLAS_V3_1_AMYGDALA,amygdala,4,False,3,,Homo sapiens,
JULICH_BRAIN_CYTOARCHITECTONIC_ATLAS_V3_1_VTM_AMYGDALA,VTM (Amygdala),JULICH_BRAIN_CYTOARCHITECTONIC_ATLAS_V3_1_FIBER_MASSES,fiber masses,5,False,2,,Homo sapiens,
JULICH_BRAIN_CYTOARCHITECTONIC_ATLAS_V3_1_VTM_AMYGDALA_RIGHT,VTM (Amygdala) right,JULICH_BRAIN_CYTOARCHITECTONIC_ATLAS_V3_1_VTM_AMYGDALA,VTM (Amygdala),6,True,0,,Homo sapiens,
JULICH_BRAIN_CYTOARCHITECTONIC_ATLAS_V3_1_VTM_AMYGDALA_LEFT,VTM (Amygdala) left,JULICH_BRAIN_CYTOARCHITECTONIC_ATLAS_V3_1_VTM_AMYGDALA,VTM (Amygdala),6,True,0,,Homo sapiens,
JULICH_BRAIN_CYTOARCHITECTONIC_ATLAS_V3_1_IF_AMYGDALA,IF (Amygdala),JULICH_BRAIN_CYTOARCHITECTONIC_ATLAS_V3_1_FIBER_MASSES,fiber masses,5,False,2,,Homo sapiens,
JULICH_BRAIN_CYTOARCHITECTONIC_ATLAS_V3_1_IF_AMYGDALA_RIGHT,IF (Amygdala) right,JULICH_BRAIN_CYTOARCHITECTONIC_ATLAS_V3_1_IF_AMYGDALA,IF (Amygdala),6,False,3,,Homo sapiens,
JULICH_BRAIN_CYTOARCHITECTONIC_ATLAS_V3_1_IF_ICE_AMYGDALA_RIGHT,IF.ice (Amygdala) right,JULICH_BRAIN_CYTOARCHITECTONIC_ATLAS_V3_1_IF_AMYGDALA_RIGHT,IF (Amygdala) right,7,True,0,,Homo sapiens,
JULICH_BRAIN_CYTOARCHITECTONIC_ATLAS_V3_1_IF_IOL_AMYGDALA_RIGHT,IF.iol (Amygdala) right,JULICH_BRAIN_CYTOARCHITECTONIC_ATLAS_V3_1_IF_AMYGDALA_RIGHT,IF (Amygdala) right,7,True,0,,Homo sapiens,
JULICH_BRAIN_CYTOARCHITECTONIC_ATLAS_V3_1_IF_LD_AMYGDALA_RIGHT,IF.ld (Amygdala) right,JULICH_BRAIN_CYTOARCHITECTONIC_ATLAS_V3_1_IF_AMYGDALA_RIGHT,IF (Amygdala) right,7,True,0,,Homo sapiens,
JULICH_BRAIN_CYTOARCHITECTONIC_ATLAS_V3_1_IF_AMYGDALA_LEFT,IF (Amygdala) left,JULICH_BRAIN_CYTOARCHITECTONIC_ATLAS_V3_1_IF_AMYGDALA,IF (Amygdala),6,False,3,,Homo sapiens,
JULICH_BRAIN_CYTOARCHITECTONIC_ATLAS_V3_1_IF_ICE_AMYGDALA_LEFT,IF.ice (Amygdala) left,JULICH_BRAIN_CYTOARCHITECTONIC_ATLAS_V3_1_IF_AMYGDALA_LEFT,IF (Amygdala) left,7,True,0,,Homo sapiens,
JULICH_BRAIN_CYTOARCHITECTONIC_ATLAS_V3_1_IF_IOL_AMYGDALA_LEFT,IF.iol (Amygdala) left,JULICH_BRAIN_CYTOARCHITECTONIC_ATLAS_V3_1_IF_AMYGDALA_LEFT,IF (Amygdala) left,7,True,0,,Homo sapiens,
JULICH_BRAIN_CYTOARCHITECTONIC_ATLAS_V3_1_IF_LD_AMYGDALA_LEFT,IF.ld (Amygdala) left,JULICH_BRAIN_CYTOARCHITECTONIC_ATLAS_V3_1_IF_AMYGDALA_LEFT,IF (Amygdala) left,7,True,0,,Homo sapiens,
JULICH_BRAIN_CYTOARCHITECTONIC_ATLAS_V3_1_MF_AMYGDALA,MF (Amygdala),JULICH_BRAIN_CYTOARCHITECTONIC_ATLAS_V3_1_FIBER_MASSES,fiber masses,5,False,2,,Homo sapiens,
JULICH_BRAIN_CYTOARCHITECTONIC_ATLAS_V3_1_MF_AMYGDALA_RIGHT,MF (Amygdala) right,JULICH_BRAIN_CYTOARCHITECTONIC_ATLAS_V3_1_MF_AMYGDALA,MF (Amygdala),6,False,2,,Homo sapiens,
JULICH_BRAIN_CYTOARCHITECTONIC_ATLAS_V3_1_MF_ICM_AMYGDALA_RIGHT,MF.icm (Amygdala) right,JULICH_BRAIN_CYTOARCHITECTONIC_ATLAS_V3_1_MF_AMYGDALA_RIGHT,MF (Amygdala) right,7,True,0,,Homo sapiens,
JULICH_BRAIN_CYTOARCHITECTONIC_ATLAS_V3_1_MF_LM_AMYGDALA_RIGHT,MF.lm (Amygdala) right,JULICH_BRAIN_CYTOARCHITECTONIC_ATLAS_V3_1_MF_AMYGDALA_RIGHT,MF (Amygdala) right,7,True,0,,Homo sapiens,
JULICH_BRAIN_CYTOARCHITECTONIC_ATLAS_V3_1_MF_AMYGDALA_LEFT,MF (Amygdala) left,JULICH_BRAIN_CYTOARCHITECTONIC_ATLAS_V3_1_MF_AMYGDALA,MF (Amygdala),6,False,2,,Homo sapiens,
JULICH_BRAIN_CYTOARCHITECTONIC_ATLAS_V3_1_MF_ICM_AMYGDALA_LEFT,MF.icm (Amygdala) left,JULICH_BRAIN_CYTOARCHITECTONIC_ATLAS_V3_1_MF_AMYGDALA_LEFT,MF (Amygdala) left,7,True,0,,Homo sapiens,
JULICH_BRAIN_CYTOARCHITECTONIC_ATLAS_V3_1_MF_LM_AMYGDALA_LEFT,MF.lm (Amygdala) left,JULICH_BRAIN_CYTOARCHITECTONIC_ATLAS_V3_1_MF_AMYGDALA_LEFT,MF (Amygdala) left,7,True,0,,Homo sapiens,
JULICH_BRAIN_CYTOARCHITECTONIC_ATLAS_V3_1_CEREBRAL_CORTEX,cerebral cortex,JULICH_BRAIN_CYTOARCHITECTONIC_ATLAS_V3_1_TELENCEPHALON,telencephalon,2,False,13,,Homo sapiens,
JULICH_BRAIN_CYTOARCHITECTONIC_ATLAS_V3_1_PARIETAL_LOBE,parietal lobe,JULICH_BRAIN_CYTOARCHITECTONIC_ATLAS_V3_1_CEREBRAL_CORTEX,cerebral cortex,3,False,6,,Homo sapiens,
JULICH_BRAIN_CYTOARCHITECTONIC_ATLAS_V3_1_SUPERIOR_PARIETAL_LOBULE,superior parietal lobule,JULICH_BRAIN_CYTOARCHITECTONIC_ATLAS_V3_1_PARIETAL_LOBE,parietal lobe,4,False,7,,Homo sapiens,
JULICH_BRAIN_CYTOARCHITECTONIC_ATLAS_V3_1_AREA_5L_SPL,Area 5L (SPL),JULICH_BRAIN_CYTOARCHITECTONIC_ATLAS_V3_1_SUPERIOR_PARIETAL_LOBULE,superior parietal lobule,5,False,2,,Homo sapiens,
JULICH_BRAIN_CYTOARCHITECTONIC_ATLAS_V3_1_AREA_5L_SPL_RIGHT,Area 5L (SPL) right,JULICH_BRAIN_CYTOARCHITECTONIC_ATLAS_V3_1_AREA_5L_SPL,Area 5L (SPL),6,True,0,,Homo sapiens,"(184, 184, 57)"
JULICH_BRAIN_CYTOARCHITECTONIC_ATLAS_V3_1_AREA_5L_SPL_LEFT,Area 5L (SPL) left,JULICH_BRAIN_CYTOARCHITECTONIC_ATLAS_V3_1_AREA_5L_SPL,Area 5L (SPL),6,True,0,,Homo sapiens,"(184, 184, 57)"
JULICH_BRAIN_CYTOARCHITECTONIC_ATLAS_V3_1_AREA_7M_SPL,Area 7M (SPL),JULICH_BRAIN_CYTOARCHITECTONIC_ATLAS_V3_1_SUPERIOR_PARIETAL_LOBULE,superior parietal lobule,5,False,2,,Homo sapiens,
JULICH_BRAIN_CYTOARCHITECTONIC_ATLAS_V3_1_AREA_7M_SPL_RIGHT,Area 7M (SPL) right,JULICH_BRAIN_CYTOARCHITECTONIC_ATLAS_V3_1_AREA_7M_SPL,Area 7M (SPL),6,True,0,,Homo sapiens,"(205, 60, 235)"
JULICH_BRAIN_CYTOARCHITECTONIC_ATLAS_V3_1_AREA_7M_SPL_LEFT,Area 7M (SPL) left,JULICH_BRAIN_CYTOARCHITECTONIC_ATLAS_V3_1_AREA_7M_SPL,Area 7M (SPL),6,True,0,,Homo sapiens,"(205, 60, 235)"
JULICH_BRAIN_CYTOARCHITECTONIC_ATLAS_V3_1_AREA_7PC_SPL,Area 7PC (SPL),JULICH_BRAIN_CYTOARCHITECTONIC_ATLAS_V3_1_SUPERIOR_PARIETAL_LOBULE,superior parietal lobule,5,False,2,,Homo sapiens,
JULICH_BRAIN_CYTOARCHITECTONIC_ATLAS_V3_1_AREA_7PC_SPL_RIGHT,Area 7PC (SPL) right,JULICH_BRAIN_CYTOARCHITECTONIC_ATLAS_V3_1_AREA_7PC_SPL,Area 7PC (SPL),6,True,0,,Homo sapiens,"(251, 88, 28)"
JULICH_BRAIN_CYTOARCHITECTONIC_ATLAS_V3_1_AREA_7PC_SPL_LEFT,Area 7PC (SPL) left,JULICH_BRAIN_CYTOARCHITECTONIC_ATLAS_V3_1_AREA_7PC_SPL,Area 7PC (SPL),6,True,0,,Homo sapiens,"(251, 88, 28)"
JULICH_BRAIN_CYTOARCHITECTONIC_ATLAS_V3_1_AREA_5M_SPL,Area 5M (SPL),JULICH_BRAIN_CYTOARCHITECTONIC_ATLAS_V3_1_SUPERIOR_PARIETAL_LOBULE,superior parietal lobule,5,False,2,,Homo sapiens,
JULICH_BRAIN_CYTOARCHITECTONIC_ATLAS_V3_1_AREA_5M_SPL_RIGHT,Area 5M (SPL) right,JULICH_BRAIN_CYTOARCHITECTONIC_ATLAS_V3_1_AREA_5M_SPL,Area 5M (SPL),6,True,0,,Homo sapiens,"(224, 245, 75)"
JULICH_BRAIN_CYTOARCHITECTONIC_ATLAS_V3_1_AREA_5M_SPL_LEFT,Area 5M (SPL) left,JULICH_BRAIN_CYTOARCHITECTONIC_ATLAS_V3_1_AREA_5M_SPL,Area 5M (SPL),6,True,0,,Homo sapiens,"(224, 245, 75)"
JULICH_BRAIN_CYTOARCHITECTONIC_ATLAS_V3_1_AREA_7P_SPL,Area 7P (SPL),JULICH_BRAIN_CYTOARCHITECTONIC_ATLAS_V3_1_SUPERIOR_PARIETAL_LOBULE,superior parietal lobule,5,False,2,,Homo sapiens,
JULICH_BRAIN_CYTOARCHITECTONIC_ATLAS_V3_1_AREA_7P_SPL_RIGHT,Area 7P (SPL) right,JULICH_BRAIN_CYTOARCHITECTONIC_ATLAS_V3_1_AREA_7P_SPL,Area 7P (SPL),6,True,0,,Homo sapiens,"(52, 19, 106)"
JULICH_BRAIN_CYTOARCHITECTONIC_ATLAS_V3_1_AREA_7P_SPL_LEFT,Area 7P (SPL) left,JULICH_BRAIN_CYTOARCHITECTONIC_ATLAS_V3_1_AREA_7P_SPL,Area 7P (SPL),6,True,0,,Homo sapiens,"(52, 19, 106)"
JULICH_BRAIN_CYTOARCHITECTONIC_ATLAS_V3_1_AREA_5CI_SPL,Area 5Ci (SPL),JULICH_BRAIN_CYTOARCHITECTONIC_ATLAS_V3_1_SUPERIOR_PARIETAL_LOBULE,superior parietal lobule,5,False,2,,Homo sapiens,
JULICH_BRAIN_CYTOARCHITECTONIC_ATLAS_V3_1_AREA_5CI_SPL_RIGHT,Area 5Ci (SPL) right,JULICH_BRAIN_CYTOARCHITECTONIC_ATLAS_V3_1_AREA_5CI_SPL,Area 5Ci (SPL),6,True,0,,Homo sapiens,"(79, 241, 146)"
JULICH_BRAIN_CYTOARCHITECTONIC_ATLAS_V3_1_AREA_5CI_SPL_LEFT,Area 5Ci (SPL) left,JULICH_BRAIN_CYTOARCHITECTONIC_ATLAS_V3_1_AREA_5CI_SPL,Area 5Ci (SPL),6,True,0,,Homo sapiens,"(79, 241, 146)"
JULICH_BRAIN_CYTOARCHITECTONIC_ATLAS_V3_1_AREA_7A_SPL,Area 7A (SPL),JULICH_BRAIN_CYTOARCHITECTONIC_ATLAS_V3_1_SUPERIOR_PARIETAL_LOBULE,superior parietal lobule,5,False,2,,Homo sapiens,
JULICH_BRAIN_CYTOARCHITECTONIC_ATLAS_V3_1_AREA_7A_SPL_RIGHT,Area 7A (SPL) right,JULICH_BRAIN_CYTOARCHITECTONIC_ATLAS_V3_1_AREA_7A_SPL,Area 7A (SPL),6,True,0,,Homo sapiens,"(0, 204, 201)"
JULICH_BRAIN_CYTOARCHITECTONIC_ATLAS_V3_1_AREA_7A_SPL_LEFT,Area 7A (SPL) left,JULICH_BRAIN_CYTOARCHITECTONIC_ATLAS_V3_1_AREA_7A_SPL,Area 7A (SPL),6,True,0,,Homo sapiens,"(0, 204, 201)"
JULICH_BRAIN_CYTOARCHITECTONIC_ATLAS_V3_1_POSTCENTRAL_GYRUS,postcentral gyrus,JULICH_BRAIN_CYTOARCHITECTONIC_ATLAS_V3_1_PARIETAL_LOBE,parietal lobe,4,False,4,,Homo sapiens,
JULICH_BRAIN_CYTOARCHITECTONIC_ATLAS_V3_1_AREA_3B_POSTCG,Area 3b (PostCG),JULICH_BRAIN_CYTOARCHITECTONIC_ATLAS_V3_1_POSTCENTRAL_GYRUS,postcentral gyrus,5,False,2,,Homo sapiens,
JULICH_BRAIN_CYTOARCHITECTONIC_ATLAS_V3_1_AREA_3B_POSTCG_RIGHT,Area 3b (PostCG) right,JULICH_BRAIN_CYTOARCHITECTONIC_ATLAS_V3_1_AREA_3B_POSTCG,Area 3b (PostCG),6,True,0,,Homo sapiens,"(246, 62, 0)"
JULICH_BRAIN_CYTOARCHITECTONIC_ATLAS_V3_1_AREA_3B_POSTCG_LEFT,Area 3b (PostCG) left,JULICH_BRAIN_CYTOARCHITECTONIC_ATLAS_V3_1_AREA_3B_POSTCG,Area 3b (PostCG),6,True,0,,Homo sapiens,"(246, 62, 0)"
JULICH_BRAIN_CYTOARCHITECTONIC_ATLAS_V3_1_AREA_1_POSTCG,Area 1 (PostCG),JULICH_BRAIN_CYTOARCHITECTONIC_ATLAS_V3_1_POSTCENTRAL_GYRUS,postcentral gyrus,5,False,2,,Homo sapiens,
JULICH_BRAIN_CYTOARCHITECTONIC_ATLAS_V3_1_AREA_1_POSTCG_RIGHT,Area 1 (PostCG) right,JULICH_BRAIN_CYTOARCHITECTONIC_ATLAS_V3_1_AREA_1_POSTCG,Area 1 (PostCG),6,True,0,,Homo sapiens,"(232, 184, 249)"
JULICH_BRAIN_CYTOARCHITECTONIC_ATLAS_V3_1_AREA_1_POSTCG_LEFT,Area 1 (PostCG) left,JULICH_BRAIN_CYTOARCHITECTONIC_ATLAS_V3_1_AREA_1_POSTCG,Area 1 (PostCG),6,True,0,,Homo sapiens,"(232, 184, 249)"
JULICH_BRAIN_CYTOARCHITECTONIC_ATLAS_V3_1_AREA_2_POSTCS,Area 2 (PostCS),JULICH_BRAIN_CYTOARCHITECTONIC_ATLAS_V3_1_POSTCENTRAL_GYRUS,postcentral gyrus,5,False,2,,Homo sapiens,
JULICH_BRAIN_CYTOARCHITECTONIC_ATLAS_V3_1_AREA_2_POSTCS_RIGHT,Area 2 (PostCS) right,JULICH_BRAIN_CYTOARCHITECTONIC_ATLAS_V3_1_AREA_2_POSTCS,Area 2 (PostCS),6,True,0,,Homo sapiens,"(122, 112, 34)"
JULICH_BRAIN_CYTOARCHITECTONIC_ATLAS_V3_1_AREA_2_POSTCS_LEFT,Area 2 (PostCS) left,JULICH_BRAIN_CYTOARCHITECTONIC_ATLAS_V3_1_AREA_2_POSTCS,Area 2 (PostCS),6,True,0,,Homo sapiens,"(122, 112, 34)"
JULICH_BRAIN_CYTOARCHITECTONIC_ATLAS_V3_1_AREA_3A_POSTCG,Area 3a (PostCG),JULICH_BRAIN_CYTOARCHITECTONIC_ATLAS_V3_1_POSTCENTRAL_GYRUS,postcentral gyrus,5,False,2,,Homo sapiens,
JULICH_BRAIN_CYTOARCHITECTONIC_ATLAS_V3_1_AREA_3A_POSTCG_RIGHT,Area 3a (PostCG) right,JULICH_BRAIN_CYTOARCHITECTONIC_ATLAS_V3_1_AREA_3A_POSTCG,Area 3a (PostCG),6,True,0,,Homo sapiens,"(186, 133, 49)"
JULICH_BRAIN_CYTOARCHITECTONIC_ATLAS_V3_1_AREA_3A_POSTCG_LEFT,Area 3a (PostCG) left,JULICH_BRAIN_CYTOARCHITECTONIC_ATLAS_V3_1_AREA_3A_POSTCG,Area 3a (PostCG),6,True,0,,Homo sapiens,"(186, 133, 49)"
JULICH_BRAIN_CYTOARCHITECTONIC_ATLAS_V3_1_PARIETAL_OPERCULUM,parietal operculum,JULICH_BRAIN_CYTOARCHITECTONIC_ATLAS_V3_1_PARIETAL_LOBE,parietal lobe,4,False,4,,Homo sapiens,
JULICH_BRAIN_CYTOARCHITECTONIC_ATLAS_V3_1_AREA_OP1_POPERC,Area Op1 (POperc),JULICH_BRAIN_CYTOARCHITECTONIC_ATLAS_V3_1_PARIETAL_OPERCULUM,parietal operculum,5,False,2,,Homo sapiens,
JULICH_BRAIN_CYTOARCHITECTONIC_ATLAS_V3_1_AREA_OP1_POPERC_RIGHT,Area Op1 (POperc) right,JULICH_BRAIN_CYTOARCHITECTONIC_ATLAS_V3_1_AREA_OP1_POPERC,Area Op1 (POperc),6,True,0,,Homo sapiens,"(249, 182, 33)"
JULICH_BRAIN_CYTOARCHITECTONIC_ATLAS_V3_1_AREA_OP1_POPERC_LEFT,Area Op1 (POperc) left,JULICH_BRAIN_CYTOARCHITECTONIC_ATLAS_V3_1_AREA_OP1_POPERC,Area Op1 (POperc),6,True,0,,Homo sapiens,"(249, 182, 33)"
JULICH_BRAIN_CYTOARCHITECTONIC_ATLAS_V3_1_AREA_OP2_POPERC,Area Op2 (POperc),JULICH_BRAIN_CYTOARCHITECTONIC_ATLAS_V3_1_PARIETAL_OPERCULUM,parietal operculum,5,False,2,,Homo sapiens,
JULICH_BRAIN_CYTOARCHITECTONIC_ATLAS_V3_1_AREA_OP2_POPERC_RIGHT,Area Op2 (POperc) right,JULICH_BRAIN_CYTOARCHITECTONIC_ATLAS_V3_1_AREA_OP2_POPERC,Area Op2 (POperc),6,True,0,,Homo sapiens,"(35, 46, 221)"
JULICH_BRAIN_CYTOARCHITECTONIC_ATLAS_V3_1_AREA_OP2_POPERC_LEFT,Area Op2 (POperc) left,JULICH_BRAIN_CYTOARCHITECTONIC_ATLAS_V3_1_AREA_OP2_POPERC,Area Op2 (POperc),6,True,0,,Homo sapiens,"(35, 46, 221)"
JULICH_BRAIN_CYTOARCHITECTONIC_ATLAS_V3_1_AREA_OP3_POPERC,Area Op3 (POperc),JULICH_BRAIN_CYTOARCHITECTONIC_ATLAS_V3_1_PARIETAL_OPERCULUM,parietal operculum,5,False,2,,Homo sapiens,
JULICH_BRAIN_CYTOARCHITECTONIC_ATLAS_V3_1_AREA_OP3_POPERC_RIGHT,Area Op3 (POperc) right,JULICH_BRAIN_CYTOARCHITECTONIC_ATLAS_V3_1_AREA_OP3_POPERC,Area Op3 (POperc),6,True,0,,Homo sapiens,"(57, 121, 80)"
JULICH_BRAIN_CYTOARCHITECTONIC_ATLAS_V3_1_AREA_OP3_POPERC_LEFT,Area Op3 (POperc) left,JULICH_BRAIN_CYTOARCHITECTONIC_ATLAS_V3_1_AREA_OP3_POPERC,Area Op3 (POperc),6,True,0,,Homo sapiens,"(57, 121, 80)"
JULICH_BRAIN_CYTOARCHITECTONIC_ATLAS_V3_1_AREA_OP4_POPERC,Area Op4 (POperc),JULICH_BRAIN_CYTOARCHITECTONIC_ATLAS_V3_1_PARIETAL_OPERCULUM,parietal operculum,5,False,2,,Homo sapiens,
JULICH_BRAIN_CYTOARCHITECTONIC_ATLAS_V3_1_AREA_OP4_POPERC_RIGHT,Area Op4 (POperc) right,JULICH_BRAIN_CYTOARCHITECTONIC_ATLAS_V3_1_AREA_OP4_POPERC,Area Op4 (POperc),6,True,0,,Homo sapiens,"(88, 80, 132)"
JULICH_BRAIN_CYTOARCHITECTONIC_ATLAS_V3_1_AREA_OP4_POPERC_LEFT,Area Op4 (POperc) left,JULICH_BRAIN_CYTOARCHITECTONIC_ATLAS_V3_1_AREA_OP4_POPERC,Area Op4 (POperc),6,True,0,,Homo sapiens,"(88, 80, 132)"
JULICH_BRAIN_CYTOARCHITECTONIC_ATLAS_V3_1_INFERIOR_PARIETAL_LOBULE,inferior parietal lobule,JULICH_BRAIN_CYTOARCHITECTONIC_ATLAS_V3_1_PARIETAL_LOBE,parietal lobe,4,False,7,,Homo sapiens,
JULICH_BRAIN_CYTOARCHITECTONIC_ATLAS_V3_1_AREA_PF_IPL,Area PF (IPL),JULICH_BRAIN_CYTOARCHITECTONIC_ATLAS_V3_1_INFERIOR_PARIETAL_LOBULE,inferior parietal lobule,5,False,2,,Homo sapiens,
JULICH_BRAIN_CYTOARCHITECTONIC_ATLAS_V3_1_AREA_PF_IPL_RIGHT,Area PF (IPL) right,JULICH_BRAIN_CYTOARCHITECTONIC_ATLAS_V3_1_AREA_PF_IPL,Area PF (IPL),6,True,0,,Homo sapiens,"(225, 210, 60)"
JULICH_BRAIN_CYTOARCHITECTONIC_ATLAS_V3_1_AREA_PF_IPL_LEFT,Area PF (IPL) left,JULICH_BRAIN_CYTOARCHITECTONIC_ATLAS_V3_1_AREA_PF_IPL,Area PF (IPL),6,True,0,,Homo sapiens,"(225, 210, 60)"
JULICH_BRAIN_CYTOARCHITECTONIC_ATLAS_V3_1_AREA_PFCM_IPL,Area PFcm (IPL),JULICH_BRAIN_CYTOARCHITECTONIC_ATLAS_V3_1_INFERIOR_PARIETAL_LOBULE,inferior parietal lobule,5,False,2,,Homo sapiens,
JULICH_BRAIN_CYTOARCHITECTONIC_ATLAS_V3_1_AREA_PFCM_IPL_RIGHT,Area PFcm (IPL) right,JULICH_BRAIN_CYTOARCHITECTONIC_ATLAS_V3_1_AREA_PFCM_IPL,Area PFcm (IPL),6,True,0,,Homo sapiens,"(97, 128, 120)"
JULICH_BRAIN_CYTOARCHITECTONIC_ATLAS_V3_1_AREA_PFCM_IPL_LEFT,Area PFcm (IPL) left,JULICH_BRAIN_CYTOARCHITECTONIC_ATLAS_V3_1_AREA_PFCM_IPL,Area PFcm (IPL),6,True,0,,Homo sapiens,"(97, 128, 120)"
JULICH_BRAIN_CYTOARCHITECTONIC_ATLAS_V3_1_AREA_PGA_IPL,Area PGa (IPL),JULICH_BRAIN_CYTOARCHITECTONIC_ATLAS_V3_1_INFERIOR_PARIETAL_LOBULE,inferior parietal lobule,5,False,2,,Homo sapiens,
JULICH_BRAIN_CYTOARCHITECTONIC_ATLAS_V3_1_AREA_PGA_IPL_RIGHT,Area PGa (IPL) right,JULICH_BRAIN_CYTOARCHITECTONIC_ATLAS_V3_1_AREA_PGA_IPL,Area PGa (IPL),6,True,0,,Homo sapiens,"(42, 235, 131)"
JULICH_BRAIN_CYTOARCHITECTONIC_ATLAS_V3_1_AREA_PGA_IPL_LEFT,Area PGa (IPL) left,JULICH_BRAIN_CYTOARCHITECTONIC_ATLAS_V3_1_AREA_PGA_IPL,Area PGa (IPL),6,True,0,,Homo sapiens,"(42, 235, 131)"
JULICH_BRAIN_CYTOARCHITECTONIC_ATLAS_V3_1_AREA_PFT_IPL,Area PFt (IPL),JULICH_BRAIN_CYTOARCHITECTONIC_ATLAS_V3_1_INFERIOR_PARIETAL_LOBULE,inferior parietal lobule,5,False,2,,Homo sapiens,
JULICH_BRAIN_CYTOARCHITECTONIC_ATLAS_V3_1_AREA_PFT_IPL_RIGHT,Area PFt (IPL) right,JULICH_BRAIN_CYTOARCHITECTONIC_ATLAS_V3_1_AREA_PFT_IPL,Area PFt (IPL),6,True,0,,Homo sapiens,"(120, 134, 232)"
JULICH_BRAIN_CYTOARCHITECTONIC_ATLAS_V3_1_AREA_PFT_IPL_LEFT,Area PFt (IPL) left,JULICH_BRAIN_CYTOARCHITECTONIC_ATLAS_V3_1_AREA_PFT_IPL,Area PFt (IPL),6,True,0,,Homo sapiens,"(120, 134, 232)"
JULICH_BRAIN_CYTOARCHITECTONIC_ATLAS_V3_1_AREA_PFM_IPL,Area PFm (IPL),JULICH_BRAIN_CYTOARCHITECTONIC_ATLAS_V3_1_INFERIOR_PARIETAL_LOBULE,inferior parietal lobule,5,False,2,,Homo sapiens,
JULICH_BRAIN_CYTOARCHITECTONIC_ATLAS_V3_1_AREA_PFM_IPL_RIGHT,Area PFm (IPL) right,JULICH_BRAIN_CYTOARCHITECTONIC_ATLAS_V3_1_AREA_PFM_IPL,Area PFm (IPL),6,True,0,,Homo sapiens,"(7, 144, 183)"
JULICH_BRAIN_CYTOARCHITECTONIC_ATLAS_V3_1_AREA_PFM_IPL_LEFT,Area PFm (IPL) left,JULICH_BRAIN_CYTOARCHITECTONIC_ATLAS_V3_1_AREA_PFM_IPL,Area PFm (IPL),6,True,0,,Homo sapiens,"(7, 144, 183)"
JULICH_BRAIN_CYTOARCHITECTONIC_ATLAS_V3_1_AREA_PGP_IPL,Area PGp (IPL),JULICH_BRAIN_CYTOARCHITECTONIC_ATLAS_V3_1_INFERIOR_PARIETAL_LOBULE,inferior parietal lobule,5,False,2,,Homo sapiens,
JULICH_BRAIN_CYTOARCHITECTONIC_ATLAS_V3_1_AREA_PGP_IPL_RIGHT,Area PGp (IPL) right,JULICH_BRAIN_CYTOARCHITECTONIC_ATLAS_V3_1_AREA_PGP_IPL,Area PGp (IPL),6,True,0,,Homo sapiens,"(92, 116, 82)"
JULICH_BRAIN_CYTOARCHITECTONIC_ATLAS_V3_1_AREA_PGP_IPL_LEFT,Area PGp (IPL) left,JULICH_BRAIN_CYTOARCHITECTONIC_ATLAS_V3_1_AREA_PGP_IPL,Area PGp (IPL),6,True,0,,Homo sapiens,"(92, 116, 82)"
JULICH_BRAIN_CYTOARCHITECTONIC_ATLAS_V3_1_AREA_PFOP_IPL,Area PFop (IPL),JULICH_BRAIN_CYTOARCHITECTONIC_ATLAS_V3_1_INFERIOR_PARIETAL_LOBULE,inferior parietal lobule,5,False,2,,Homo sapiens,
JULICH_BRAIN_CYTOARCHITECTONIC_ATLAS_V3_1_AREA_PFOP_IPL_RIGHT,Area PFop (IPL) right,JULICH_BRAIN_CYTOARCHITECTONIC_ATLAS_V3_1_AREA_PFOP_IPL,Area PFop (IPL),6,True,0,,Homo sapiens,"(146, 153, 176)"
JULICH_BRAIN_CYTOARCHITECTONIC_ATLAS_V3_1_AREA_PFOP_IPL_LEFT,Area PFop (IPL) left,JULICH_BRAIN_CYTOARCHITECTONIC_ATLAS_V3_1_AREA_PFOP_IPL,Area PFop (IPL),6,True,0,,Homo sapiens,"(146, 153, 176)"
JULICH_BRAIN_CYTOARCHITECTONIC_ATLAS_V3_1_PARIETO_OCCIPITAL_SULCUS,parieto-occipital sulcus,JULICH_BRAIN_CYTOARCHITECTONIC_ATLAS_V3_1_PARIETAL_LOBE,parietal lobe,4,False,1,,Homo sapiens,
JULICH_BRAIN_CYTOARCHITECTONIC_ATLAS_V3_1_AREA_HPO1_POS,Area hPO1 (POS),JULICH_BRAIN_CYTOARCHITECTONIC_ATLAS_V3_1_PARIETO_OCCIPITAL_SULCUS,parieto-occipital sulcus,5,False,2,,Homo sapiens,
JULICH_BRAIN_CYTOARCHITECTONIC_ATLAS_V3_1_AREA_HPO1_POS_RIGHT,Area hPO1 (POS) right,JULICH_BRAIN_CYTOARCHITECTONIC_ATLAS_V3_1_AREA_HPO1_POS,Area hPO1 (POS),6,True,0,,Homo sapiens,"(153, 232, 235)"
JULICH_BRAIN_CYTOARCHITECTONIC_ATLAS_V3_1_AREA_HPO1_POS_LEFT,Area hPO1 (POS) left,JULICH_BRAIN_CYTOARCHITECTONIC_ATLAS_V3_1_AREA_HPO1_POS,Area hPO1 (POS),6,True,0,,Homo sapiens,"(153, 232, 235)"
JULICH_BRAIN_CYTOARCHITECTONIC_ATLAS_V3_1_INTRAPARIETAL_SULCUS,intraparietal sulcus,JULICH_BRAIN_CYTOARCHITECTONIC_ATLAS_V3_1_PARIETAL_LOBE,parietal lobe,4,False,8,,Homo sapiens,
JULICH_BRAIN_CYTOARCHITECTONIC_ATLAS_V3_1_AREA_HIP1_IPS,Area hIP1 (IPS),JULICH_BRAIN_CYTOARCHITECTONIC_ATLAS_V3_1_INTRAPARIETAL_SULCUS,intraparietal sulcus,5,False,2,,Homo sapiens,
JULICH_BRAIN_CYTOARCHITECTONIC_ATLAS_V3_1_AREA_HIP1_IPS_RIGHT,Area hIP1 (IPS) right,JULICH_BRAIN_CYTOARCHITECTONIC_ATLAS_V3_1_AREA_HIP1_IPS,Area hIP1 (IPS),6,True,0,,Homo sapiens,"(66, 148, 82)"
JULICH_BRAIN_CYTOARCHITECTONIC_ATLAS_V3_1_AREA_HIP1_IPS_LEFT,Area hIP1 (IPS) left,JULICH_BRAIN_CYTOARCHITECTONIC_ATLAS_V3_1_AREA_HIP1_IPS,Area hIP1 (IPS),6,True,0,,Homo sapiens,"(66, 148, 82)"
JULICH_BRAIN_CYTOARCHITECTONIC_ATLAS_V3_1_AREA_HIP7_IPS,Area hIP7 (IPS),JULICH_BRAIN_CYTOARCHITECTONIC_ATLAS_V3_1_INTRAPARIETAL_SULCUS,intraparietal sulcus,5,False,2,,Homo sapiens,
JULICH_BRAIN_CYTOARCHITECTONIC_ATLAS_V3_1_AREA_HIP7_IPS_RIGHT,Area hIP7 (IPS) right,JULICH_BRAIN_CYTOARCHITECTONIC_ATLAS_V3_1_AREA_HIP7_IPS,Area hIP7 (IPS),6,True,0,,Homo sapiens,"(70, 196, 218)"
JULICH_BRAIN_CYTOARCHITECTONIC_ATLAS_V3_1_AREA_HIP7_IPS_LEFT,Area hIP7 (IPS) left,JULICH_BRAIN_CYTOARCHITECTONIC_ATLAS_V3_1_AREA_HIP7_IPS,Area hIP7 (IPS),6,True,0,,Homo sapiens,"(70, 196, 218)"
JULICH_BRAIN_CYTOARCHITECTONIC_ATLAS_V3_1_AREA_HIP3_IPS,Area hIP3 (IPS),JULICH_BRAIN_CYTOARCHITECTONIC_ATLAS_V3_1_INTRAPARIETAL_SULCUS,intraparietal sulcus,5,False,2,,Homo sapiens,
JULICH_BRAIN_CYTOARCHITECTONIC_ATLAS_V3_1_AREA_HIP3_IPS_RIGHT,Area hIP3 (IPS) right,JULICH_BRAIN_CYTOARCHITECTONIC_ATLAS_V3_1_AREA_HIP3_IPS,Area hIP3 (IPS),6,True,0,,Homo sapiens,"(112, 172, 228)"
JULICH_BRAIN_CYTOARCHITECTONIC_ATLAS_V3_1_AREA_HIP3_IPS_LEFT,Area hIP3 (IPS) left,JULICH_BRAIN_CYTOARCHITECTONIC_ATLAS_V3_1_AREA_HIP3_IPS,Area hIP3 (IPS),6,True,0,,Homo sapiens,"(112, 172, 228)"
JULICH_BRAIN_CYTOARCHITECTONIC_ATLAS_V3_1_AREA_HIP2_IPS,Area hIP2 (IPS),JULICH_BRAIN_CYTOARCHITECTONIC_ATLAS_V3_1_INTRAPARIETAL_SULCUS,intraparietal sulcus,5,False,2,,Homo sapiens,
JULICH_BRAIN_CYTOARCHITECTONIC_ATLAS_V3_1_AREA_HIP2_IPS_RIGHT,Area hIP2 (IPS) right,JULICH_BRAIN_CYTOARCHITECTONIC_ATLAS_V3_1_AREA_HIP2_IPS,Area hIP2 (IPS),6,True,0,,Homo sapiens,"(245, 148, 148)"
JULICH_BRAIN_CYTOARCHITECTONIC_ATLAS_V3_1_AREA_HIP2_IPS_LEFT,Area hIP2 (IPS) left,JULICH_BRAIN_CYTOARCHITECTONIC_ATLAS_V3_1_AREA_HIP2_IPS,Area hIP2 (IPS),6,True,0,,Homo sapiens,"(245, 148, 148)"
JULICH_BRAIN_CYTOARCHITECTONIC_ATLAS_V3_1_AREA_HIP4_IPS,Area hIP4 (IPS),JULICH_BRAIN_CYTOARCHITECTONIC_ATLAS_V3_1_INTRAPARIETAL_SULCUS,intraparietal sulcus,5,False,2,,Homo sapiens,
JULICH_BRAIN_CYTOARCHITECTONIC_ATLAS_V3_1_AREA_HIP4_IPS_RIGHT,Area hIP4 (IPS) right,JULICH_BRAIN_CYTOARCHITECTONIC_ATLAS_V3_1_AREA_HIP4_IPS,Area hIP4 (IPS),6,True,0,,Homo sapiens,"(253, 52, 184)"
JULICH_BRAIN_CYTOARCHITECTONIC_ATLAS_V3_1_AREA_HIP4_IPS_LEFT,Area hIP4 (IPS) left,JULICH_BRAIN_CYTOARCHITECTONIC_ATLAS_V3_1_AREA_HIP4_IPS,Area hIP4 (IPS),6,True,0,,Homo sapiens,"(253, 52, 184)"
JULICH_BRAIN_CYTOARCHITECTONIC_ATLAS_V3_1_AREA_HIP5_IPS,Area hIP5 (IPS),JULICH_BRAIN_CYTOARCHITECTONIC_ATLAS_V3_1_INTRAPARIETAL_SULCUS,intraparietal sulcus,5,False,2,,Homo sapiens,
JULICH_BRAIN_CYTOARCHITECTONIC_ATLAS_V3_1_AREA_HIP5_IPS_RIGHT,Area hIP5 (IPS) right,JULICH_BRAIN_CYTOARCHITECTONIC_ATLAS_V3_1_AREA_HIP5_IPS,Area hIP5 (IPS),6,True,0,,Homo sapiens,"(217, 86, 210)"
JULICH_BRAIN_CYTOARCHITECTONIC_ATLAS_V3_1_AREA_HIP5_IPS_LEFT,Area hIP5 (IPS) left,JULICH_BRAIN_CYTOARCHITECTONIC_ATLAS_V3_1_AREA_HIP5_IPS,Area hIP5 (IPS),6,True,0,,Homo sapiens,"(217, 86, 210)"
JULICH_BRAIN_CYTOARCHITECTONIC_ATLAS_V3_1_AREA_HIP6_IPS,Area hIP6 (IPS),JULICH_BRAIN_CYTOARCHITECTONIC_ATLAS_V3_1_INTRAPARIETAL_SULCUS,intraparietal sulcus,5,False,2,,Homo sapiens,
JULICH_BRAIN_CYTOARCHITECTONIC_ATLAS_V3_1_AREA_HIP6_IPS_RIGHT,Area hIP6 (IPS) right,JULICH_BRAIN_CYTOARCHITECTONIC_ATLAS_V3_1_AREA_HIP6_IPS,Area hIP6 (IPS),6,True,0,,Homo sapiens,"(236, 233, 36)"
JULICH_BRAIN_CYTOARCHITECTONIC_ATLAS_V3_1_AREA_HIP6_IPS_LEFT,Area hIP6 (IPS) left,JULICH_BRAIN_CYTOARCHITECTONIC_ATLAS_V3_1_AREA_HIP6_IPS,Area hIP6 (IPS),6,True,0,,Homo sapiens,"(236, 233, 36)"
JULICH_BRAIN_CYTOARCHITECTONIC_ATLAS_V3_1_AREA_HIP8_IPS,Area hIP8 (IPS),JULICH_BRAIN_CYTOARCHITECTONIC_ATLAS_V3_1_INTRAPARIETAL_SULCUS,intraparietal sulcus,5,False,2,,Homo sapiens,
JULICH_BRAIN_CYTOARCHITECTONIC_ATLAS_V3_1_AREA_HIP8_IPS_RIGHT,Area hIP8 (IPS) right,JULICH_BRAIN_CYTOARCHITECTONIC_ATLAS_V3_1_AREA_HIP8_IPS,Area hIP8 (IPS),6,True,0,,Homo sapiens,"(223, 108, 3)"
JULICH_BRAIN_CYTOARCHITECTONIC_ATLAS_V3_1_AREA_HIP8_IPS_LEFT,Area hIP8 (IPS) left,JULICH_BRAIN_CYTOARCHITECTONIC_ATLAS_V3_1_AREA_HIP8_IPS,Area hIP8 (IPS),6,True,0,,Homo sapiens,"(223, 108, 3)"
JULICH_BRAIN_CYTOARCHITECTONIC_ATLAS_V3_1_FRONTAL_TO_OCCIPITAL_GAPMAP,Frontal-to-Occipital (GapMap),JULICH_BRAIN_CYTOARCHITECTONIC_ATLAS_V3_1_CEREBRAL_CORTEX,cerebral cortex,3,False,2,,Homo sapiens,
JULICH_BRAIN_CYTOARCHITECTONIC_ATLAS_V3_1_FRONTAL_TO_OCCIPITAL_GAPMAP_RIGHT,Frontal-to-Occipital (GapMap) right,JULICH_BRAIN_CYTOARCHITECTONIC_ATLAS_V3_1_FRONTAL_TO_OCCIPITAL_GAPMAP,Frontal-to-Occipital (GapMap),4,True,0,,Homo sapiens,"(104, 160, 93)"
JULICH_BRAIN_CYTOARCHITECTONIC_ATLAS_V3_1_FRONTAL_TO_OCCIPITAL_GAPMAP_LEFT,Frontal-to-Occipital (GapMap) left,JULICH_BRAIN_CYTOARCHITECTONIC_ATLAS_V3_1_FRONTAL_TO_OCCIPITAL_GAPMAP,Frontal-to-Occipital (GapMap),4,True,0,,Homo sapiens,"(104, 160, 93)"
JULICH_BRAIN_CYTOARCHITECTONIC_ATLAS_V3_1_TEMPORAL_TO_PARIETAL_GAPMAP,Temporal-to-Parietal (GapMap),JULICH_BRAIN_CYTOARCHITECTONIC_ATLAS_V3_1_CEREBRAL_CORTEX,cerebral cortex,3,False,2,,Homo sapiens,
JULICH_BRAIN_CYTOARCHITECTONIC_ATLAS_V3_1_TEMPORAL_TO_PARIETAL_GAPMAP_RIGHT,Temporal-to-Parietal (GapMap) right,JULICH_BRAIN_CYTOARCHITECTONIC_ATLAS_V3_1_TEMPORAL_TO_PARIETAL_GAPMAP,Temporal-to-Parietal (GapMap),4,True,0,,Homo sapiens,"(75, 90, 160)"
JULICH_BRAIN_CYTOARCHITECTONIC_ATLAS_V3_1_TEMPORAL_TO_PARIETAL_GAPMAP_LEFT,Temporal-to-Parietal (GapMap) left,JULICH_BRAIN_CYTOARCHITECTONIC_ATLAS_V3_1_TEMPORAL_TO_PARIETAL_GAPMAP,Temporal-to-Parietal (GapMap),4,True,0,,Homo sapiens,"(75, 90, 160)"
JULICH_BRAIN_CYTOARCHITECTONIC_ATLAS_V3_1_FRONTAL_I_2_GAPMAP,Frontal-I.2 (GapMap),JULICH_BRAIN_CYTOARCHITECTONIC_ATLAS_V3_1_CEREBRAL_CORTEX,cerebral cortex,3,False,2,,Homo sapiens,
JULICH_BRAIN_CYTOARCHITECTONIC_ATLAS_V3_1_FRONTAL_I_2_GAPMAP_RIGHT,Frontal-I.2 (GapMap) right,JULICH_BRAIN_CYTOARCHITECTONIC_ATLAS_V3_1_FRONTAL_I_2_GAPMAP,Frontal-I.2 (GapMap),4,True,0,,Homo sapiens,"(185, 255, 24)"
JULICH_BRAIN_CYTOARCHITECTONIC_ATLAS_V3_1_FRONTAL_I_2_GAPMAP_LEFT,Frontal-I.2 (GapMap) left,JULICH_BRAIN_CYTOARCHITECTONIC_ATLAS_V3_1_FRONTAL_I_2_GAPMAP,Frontal-I.2 (GapMap),4,True,0,,Homo sapiens,"(185, 255, 24)"
JULICH_BRAIN_CYTOARCHITECTONIC_ATLAS_V3_1_FRONTAL_TO_TEMPORAL_II_GAPMAP,Frontal-to-Temporal-II (GapMap),JULICH_BRAIN_CYTOARCHITECTONIC_ATLAS_V3_1_CEREBRAL_CORTEX,cerebral cortex,3,False,2,,Homo sapiens,
JULICH_BRAIN_CYTOARCHITECTONIC_ATLAS_V3_1_FRONTAL_TO_TEMPORAL_II_GAPMAP_RIGHT,Frontal-to-Temporal-II (GapMap) right,JULICH_BRAIN_CYTOARCHITECTONIC_ATLAS_V3_1_FRONTAL_TO_TEMPORAL_II_GAPMAP,Frontal-to-Temporal-II (GapMap),4,True,0,,Homo sapiens,"(160, 23, 73)"
JULICH_BRAIN_CYTOARCHITECTONIC_ATLAS_V3_1_FRONTAL_TO_TEMPORAL_II_GAPMAP_LEFT,Frontal-to-Temporal-II (GapMap) left,JULICH_BRAIN_CYTOARCHITECTONIC_ATLAS_V3_1_FRONTAL_TO_TEMPORAL_II_GAPMAP,Frontal-to-Temporal-II (GapMap),4,True,0,,Homo sapiens,"(160, 23, 73)"
JULICH_BRAIN_CYTOARCHITECTONIC_ATLAS_V3_1_FRONTAL_I_1_GAPMAP,Frontal-I.1 (GapMap),JULICH_BRAIN_CYTOARCHITECTONIC_ATLAS_V3_1_CEREBRAL_CORTEX,cerebral cortex,3,False,2,,Homo sapiens,
JULICH_BRAIN_CYTOARCHITECTONIC_ATLAS_V3_1_FRONTAL_I_1_GAPMAP_RIGHT,Frontal-I.1 (GapMap) right,JULICH_BRAIN_CYTOARCHITECTONIC_ATLAS_V3_1_FRONTAL_I_1_GAPMAP,Frontal-I.1 (GapMap),4,True,0,,Homo sapiens,"(205, 99, 128)"
JULICH_BRAIN_CYTOARCHITECTONIC_ATLAS_V3_1_FRONTAL_I_1_GAPMAP_LEFT,Frontal-I.1 (GapMap) left,JULICH_BRAIN_CYTOARCHITECTONIC_ATLAS_V3_1_FRONTAL_I_1_GAPMAP,Frontal-I.1 (GapMap),4,True,0,,Homo sapiens,"(205, 99, 128)"
JULICH_BRAIN_CYTOARCHITECTONIC_ATLAS_V3_1_FRONTAL_TO_TEMPORAL_I_GAPMAP,Frontal-to-Temporal-I (GapMap),JULICH_BRAIN_CYTOARCHITECTONIC_ATLAS_V3_1_CEREBRAL_CORTEX,cerebral cortex,3,False,2,,Homo sapiens,
JULICH_BRAIN_CYTOARCHITECTONIC_ATLAS_V3_1_FRONTAL_TO_TEMPORAL_I_GAPMAP_RIGHT,Frontal-to-Temporal-I (GapMap) right,JULICH_BRAIN_CYTOARCHITECTONIC_ATLAS_V3_1_FRONTAL_TO_TEMPORAL_I_GAPMAP,Frontal-to-Temporal-I (GapMap),4,True,0,,Homo sapiens,"(64, 125, 99)"
JULICH_BRAIN_CYTOARCHITECTONIC_ATLAS_V3_1_FRONTAL_TO_TEMPORAL_I_GAPMAP_LEFT,Frontal-to-Temporal-I (GapMap) left,JULICH_BRAIN_CYTOARCHITECTONIC_ATLAS_V3_1_FRONTAL_TO_TEMPORAL_I_GAPMAP,Frontal-to-Temporal-I (GapMap),4,True,0,,Homo sapiens,"(64, 125, 99)"
JULICH_BRAIN_CYTOARCHITECTONIC_ATLAS_V3_1_FRONTAL_II_GAPMAP,Frontal-II (GapMap),JULICH_BRAIN_CYTOARCHITECTONIC_ATLAS_V3_1_CEREBRAL_CORTEX,cerebral cortex,3,False,2,,Homo sapiens,
JULICH_BRAIN_CYTOARCHITECTONIC_ATLAS_V3_1_FRONTAL_II_GAPMAP_RIGHT,Frontal-II (GapMap) right,JULICH_BRAIN_CYTOARCHITECTONIC_ATLAS_V3_1_FRONTAL_II_GAPMAP,Frontal-II (GapMap),4,True,0,,Homo sapiens,"(255, 134, 15)"
JULICH_BRAIN_CYTOARCHITECTONIC_ATLAS_V3_1_FRONTAL_II_GAPMAP_LEFT,Frontal-II (GapMap) left,JULICH_BRAIN_CYTOARCHITECTONIC_ATLAS_V3_1_FRONTAL_II_GAPMAP,Frontal-II (GapMap),4,True,0,,Homo sapiens,"(255, 134, 15)"
JULICH_BRAIN_CYTOARCHITECTONIC_ATLAS_V3_1_FRONTAL_LOBE,frontal lobe,JULICH_BRAIN_CYTOARCHITECTONIC_ATLAS_V3_1_CEREBRAL_CORTEX,cerebral cortex,3,False,16,,Homo sapiens,
JULICH_BRAIN_CYTOARCHITECTONIC_ATLAS_V3_1_VENTRAL_PRECENTRAL_GYRUS,ventral precentral gyrus,JULICH_BRAIN_CYTOARCHITECTONIC_ATLAS_V3_1_FRONTAL_LOBE,frontal lobe,4,False,4,,Homo sapiens,
JULICH_BRAIN_CYTOARCHITECTONIC_ATLAS_V3_1_AREA_6V3_PRECG,Area 6v3 (PreCG),JULICH_BRAIN_CYTOARCHITECTONIC_ATLAS_V3_1_VENTRAL_PRECENTRAL_GYRUS,ventral precentral gyrus,5,False,2,,Homo sapiens,
JULICH_BRAIN_CYTOARCHITECTONIC_ATLAS_V3_1_AREA_6V3_PRECG_RIGHT,Area 6v3 (PreCG) right,JULICH_BRAIN_CYTOARCHITECTONIC_ATLAS_V3_1_AREA_6V3_PRECG,Area 6v3 (PreCG),6,True,0,,Homo sapiens,"(199, 171, 47)"
JULICH_BRAIN_CYTOARCHITECTONIC_ATLAS_V3_1_AREA_6V3_PRECG_LEFT,Area 6v3 (PreCG) left,JULICH_BRAIN_CYTOARCHITECTONIC_ATLAS_V3_1_AREA_6V3_PRECG,Area 6v3 (PreCG),6,True,0,,Homo sapiens,"(199, 171, 47)"
JULICH_BRAIN_CYTOARCHITECTONIC_ATLAS_V3_1_AREA_6V2_PRECG,Area 6v2 (PreCG),JULICH_BRAIN_CYTOARCHITECTONIC_ATLAS_V3_1_VENTRAL_PRECENTRAL_GYRUS,ventral precentral gyrus,5,False,2,,Homo sapiens,
JULICH_BRAIN_CYTOARCHITECTONIC_ATLAS_V3_1_AREA_6V2_PRECG_RIGHT,Area 6v2 (PreCG) right,JULICH_BRAIN_CYTOARCHITECTONIC_ATLAS_V3_1_AREA_6V2_PRECG,Area 6v2 (PreCG),6,True,0,,Homo sapiens,"(206, 0, 208)"
JULICH_BRAIN_CYTOARCHITECTONIC_ATLAS_V3_1_AREA_6V2_PRECG_LEFT,Area 6v2 (PreCG) left,JULICH_BRAIN_CYTOARCHITECTONIC_ATLAS_V3_1_AREA_6V2_PRECG,Area 6v2 (PreCG),6,True,0,,Homo sapiens,"(206, 0, 208)"
JULICH_BRAIN_CYTOARCHITECTONIC_ATLAS_V3_1_AREA_6R1_PRECG,Area 6r1 (PreCG),JULICH_BRAIN_CYTOARCHITECTONIC_ATLAS_V3_1_VENTRAL_PRECENTRAL_GYRUS,ventral precentral gyrus,5,False,2,,Homo sapiens,
JULICH_BRAIN_CYTOARCHITECTONIC_ATLAS_V3_1_AREA_6R1_PRECG_RIGHT,Area 6r1 (PreCG) right,JULICH_BRAIN_CYTOARCHITECTONIC_ATLAS_V3_1_AREA_6R1_PRECG,Area 6r1 (PreCG),6,True,0,,Homo sapiens,"(3, 196, 144)"
JULICH_BRAIN_CYTOARCHITECTONIC_ATLAS_V3_1_AREA_6R1_PRECG_LEFT,Area 6r1 (PreCG) left,JULICH_BRAIN_CYTOARCHITECTONIC_ATLAS_V3_1_AREA_6R1_PRECG,Area 6r1 (PreCG),6,True,0,,Homo sapiens,"(3, 196, 144)"
JULICH_BRAIN_CYTOARCHITECTONIC_ATLAS_V3_1_AREA_6V1_PRECG,Area 6v1 (PreCG),JULICH_BRAIN_CYTOARCHITECTONIC_ATLAS_V3_1_VENTRAL_PRECENTRAL_GYRUS,ventral precentral gyrus,5,False,2,,Homo sapiens,
JULICH_BRAIN_CYTOARCHITECTONIC_ATLAS_V3_1_AREA_6V1_PRECG_RIGHT,Area 6v1 (PreCG) right,JULICH_BRAIN_CYTOARCHITECTONIC_ATLAS_V3_1_AREA_6V1_PRECG,Area 6v1 (PreCG),6,True,0,,Homo sapiens,"(6, 205, 241)"
JULICH_BRAIN_CYTOARCHITECTONIC_ATLAS_V3_1_AREA_6V1_PRECG_LEFT,Area 6v1 (PreCG) left,JULICH_BRAIN_CYTOARCHITECTONIC_ATLAS_V3_1_AREA_6V1_PRECG,Area 6v1 (PreCG),6,True,0,,Homo sapiens,"(6, 205, 241)"
JULICH_BRAIN_CYTOARCHITECTONIC_ATLAS_V3_1_DORSAL_PRECENTRAL_GYRUS,dorsal precentral gyrus,JULICH_BRAIN_CYTOARCHITECTONIC_ATLAS_V3_1_FRONTAL_LOBE,frontal lobe,4,False,2,,Homo sapiens,
JULICH_BRAIN_CYTOARCHITECTONIC_ATLAS_V3_1_AREA_6D2_PRECG,Area 6d2 (PreCG),JULICH_BRAIN_CYTOARCHITECTONIC_ATLAS_V3_1_DORSAL_PRECENTRAL_GYRUS,dorsal precentral gyrus,5,False,2,,Homo sapiens,
JULICH_BRAIN_CYTOARCHITECTONIC_ATLAS_V3_1_AREA_6D2_PRECG_RIGHT,Area 6d2 (PreCG) right,JULICH_BRAIN_CYTOARCHITECTONIC_ATLAS_V3_1_AREA_6D2_PRECG,Area 6d2 (PreCG),6,True,0,,Homo sapiens,"(170, 150, 180)"
JULICH_BRAIN_CYTOARCHITECTONIC_ATLAS_V3_1_AREA_6D2_PRECG_LEFT,Area 6d2 (PreCG) left,JULICH_BRAIN_CYTOARCHITECTONIC_ATLAS_V3_1_AREA_6D2_PRECG,Area 6d2 (PreCG),6,True,0,,Homo sapiens,"(170, 150, 180)"
JULICH_BRAIN_CYTOARCHITECTONIC_ATLAS_V3_1_AREA_6D1_PRECG,Area 6d1 (PreCG),JULICH_BRAIN_CYTOARCHITECTONIC_ATLAS_V3_1_DORSAL_PRECENTRAL_GYRUS,dorsal precentral gyrus,5,False,2,,Homo sapiens,
JULICH_BRAIN_CYTOARCHITECTONIC_ATLAS_V3_1_AREA_6D1_PRECG_RIGHT,Area 6d1 (PreCG) right,JULICH_BRAIN_CYTOARCHITECTONIC_ATLAS_V3_1_AREA_6D1_PRECG,Area 6d1 (PreCG),6,True,0,,Homo sapiens,"(233, 113, 0)"
JULICH_BRAIN_CYTOARCHITECTONIC_ATLAS_V3_1_AREA_6D1_PRECG_LEFT,Area 6d1 (PreCG) left,JULICH_BRAIN_CYTOARCHITECTONIC_ATLAS_V3_1_AREA_6D1_PRECG,Area 6d1 (PreCG),6,True,0,,Homo sapiens,"(233, 113, 0)"
JULICH_BRAIN_CYTOARCHITECTONIC_ATLAS_V3_1_POSTERIOR_MEDIAL_SUPERIOR_FRONTAL_GYRUS,posterior medial superior frontal gyrus,JULICH_BRAIN_CYTOARCHITECTONIC_ATLAS_V3_1_FRONTAL_LOBE,frontal lobe,4,False,1,,Homo sapiens,
JULICH_BRAIN_CYTOARCHITECTONIC_ATLAS_V3_1_AREA_6MA_PRESMA_MESIAL_SFG,"Area 6ma (preSMA, mesial SFG)",JULICH_BRAIN_CYTOARCHITECTONIC_ATLAS_V3_1_POSTERIOR_MEDIAL_SUPERIOR_FRONTAL_GYRUS,posterior medial superior frontal gyrus,5,False,2,,Homo sapiens,
JULICH_BRAIN_CYTOARCHITECTONIC_ATLAS_V3_1_AREA_6MA_PRESMA_MESIAL_SFG_RIGHT,"Area 6ma (preSMA, mesial SFG) right",JULICH_BRAIN_CYTOARCHITECTONIC_ATLAS_V3_1_AREA_6MA_PRESMA_MESIAL_SFG,"Area 6ma (preSMA, mesial SFG)",6,True,0,,Homo sapiens,"(204, 108, 222)"
JULICH_BRAIN_CYTOARCHITECTONIC_ATLAS_V3_1_AREA_6MA_PRESMA_MESIAL_SFG_LEFT,"Area 6ma (preSMA, mesial SFG) left",JULICH_BRAIN_CYTOARCHITECTONIC_ATLAS_V3_1_AREA_6MA_PRESMA_MESIAL_SFG,"Area 6ma (preSMA, mesial SFG)",6,True,0,,Homo sapiens,"(204, 108, 222)"
JULICH_BRAIN_CYTOARCHITECTONIC_ATLAS_V3_1_FRONTAL_POLE,frontal pole,JULICH_BRAIN_CYTOARCHITECTONIC_ATLAS_V3_1_FRONTAL_LOBE,frontal lobe,4,False,2,,Homo sapiens,
JULICH_BRAIN_CYTOARCHITECTONIC_ATLAS_V3_1_AREA_FP1_FPOLE,Area Fp1 (FPole),JULICH_BRAIN_CYTOARCHITECTONIC_ATLAS_V3_1_FRONTAL_POLE,frontal pole,5,False,2,,Homo sapiens,
JULICH_BRAIN_CYTOARCHITECTONIC_ATLAS_V3_1_AREA_FP1_FPOLE_RIGHT,Area Fp1 (FPole) right,JULICH_BRAIN_CYTOARCHITECTONIC_ATLAS_V3_1_AREA_FP1_FPOLE,Area Fp1 (FPole),6,True,0,,Homo sapiens,"(225, 14, 199)"
JULICH_BRAIN_CYTOARCHITECTONIC_ATLAS_V3_1_AREA_FP1_FPOLE_LEFT,Area Fp1 (FPole) left,JULICH_BRAIN_CYTOARCHITECTONIC_ATLAS_V3_1_AREA_FP1_FPOLE,Area Fp1 (FPole),6,True,0,,Homo sapiens,"(225, 14, 199)"
JULICH_BRAIN_CYTOARCHITECTONIC_ATLAS_V3_1_AREA_FP2_FPOLE,Area Fp2 (FPole),JULICH_BRAIN_CYTOARCHITECTONIC_ATLAS_V3_1_FRONTAL_POLE,frontal pole,5,False,2,,Homo sapiens,
JULICH_BRAIN_CYTOARCHITECTONIC_ATLAS_V3_1_AREA_FP2_FPOLE_RIGHT,Area Fp2 (FPole) right,JULICH_BRAIN_CYTOARCHITECTONIC_ATLAS_V3_1_AREA_FP2_FPOLE,Area Fp2 (FPole),6,True,0,,Homo sapiens,"(238, 136, 210)"
JULICH_BRAIN_CYTOARCHITECTONIC_ATLAS_V3_1_AREA_FP2_FPOLE_LEFT,Area Fp2 (FPole) left,JULICH_BRAIN_CYTOARCHITECTONIC_ATLAS_V3_1_AREA_FP2_FPOLE,Area Fp2 (FPole),6,True,0,,Homo sapiens,"(238, 136, 210)"
JULICH_BRAIN_CYTOARCHITECTONIC_ATLAS_V3_1_MESIAL_PRECENTRAL_GYRUS,mesial precentral gyrus,JULICH_BRAIN_CYTOARCHITECTONIC_ATLAS_V3_1_FRONTAL_LOBE,frontal lobe,4,False,1,,Homo sapiens,
JULICH_BRAIN_CYTOARCHITECTONIC_ATLAS_V3_1_AREA_6MP_SMA_MESIAL_SFG,"Area 6mp (SMA, mesial SFG)",JULICH_BRAIN_CYTOARCHITECTONIC_ATLAS_V3_1_MESIAL_PRECENTRAL_GYRUS,mesial precentral gyrus,5,False,2,,Homo sapiens,
JULICH_BRAIN_CYTOARCHITECTONIC_ATLAS_V3_1_AREA_6MP_SMA_MESIAL_SFG_RIGHT,"Area 6mp (SMA, mesial SFG) right",JULICH_BRAIN_CYTOARCHITECTONIC_ATLAS_V3_1_AREA_6MP_SMA_MESIAL_SFG,"Area 6mp (SMA, mesial SFG)",6,True,0,,Homo sapiens,"(74, 95, 86)"
JULICH_BRAIN_CYTOARCHITECTONIC_ATLAS_V3_1_AREA_6MP_SMA_MESIAL_SFG_LEFT,"Area 6mp (SMA, mesial SFG) left",JULICH_BRAIN_CYTOARCHITECTONIC_ATLAS_V3_1_AREA_6MP_SMA_MESIAL_SFG,"Area 6mp (SMA, mesial SFG)",6,True,0,,Homo sapiens,"(74, 95, 86)"
JULICH_BRAIN_CYTOARCHITECTONIC_ATLAS_V3_1_MEDIAL_ORBITOFRONTAL_CORTEX,medial orbitofrontal cortex,JULICH_BRAIN_CYTOARCHITECTONIC_ATLAS_V3_1_FRONTAL_LOBE,frontal lobe,4,False,3,,Homo sapiens,
JULICH_BRAIN_CYTOARCHITECTONIC_ATLAS_V3_1_AREA_FO1_OFC,Area Fo1 (OFC),JULICH_BRAIN_CYTOARCHITECTONIC_ATLAS_V3_1_MEDIAL_ORBITOFRONTAL_CORTEX,medial orbitofrontal cortex,5,False,2,,Homo sapiens,
JULICH_BRAIN_CYTOARCHITECTONIC_ATLAS_V3_1_AREA_FO1_OFC_RIGHT,Area Fo1 (OFC) right,JULICH_BRAIN_CYTOARCHITECTONIC_ATLAS_V3_1_AREA_FO1_OFC,Area Fo1 (OFC),6,True,0,,Homo sapiens,"(6, 255, 179)"
JULICH_BRAIN_CYTOARCHITECTONIC_ATLAS_V3_1_AREA_FO1_OFC_LEFT,Area Fo1 (OFC) left,JULICH_BRAIN_CYTOARCHITECTONIC_ATLAS_V3_1_AREA_FO1_OFC,Area Fo1 (OFC),6,True,0,,Homo sapiens,"(6, 255, 179)"
JULICH_BRAIN_CYTOARCHITECTONIC_ATLAS_V3_1_AREA_FO3_OFC,Area Fo3 (OFC),JULICH_BRAIN_CYTOARCHITECTONIC_ATLAS_V3_1_MEDIAL_ORBITOFRONTAL_CORTEX,medial orbitofrontal cortex,5,False,2,,Homo sapiens,
JULICH_BRAIN_CYTOARCHITECTONIC_ATLAS_V3_1_AREA_FO3_OFC_RIGHT,Area Fo3 (OFC) right,JULICH_BRAIN_CYTOARCHITECTONIC_ATLAS_V3_1_AREA_FO3_OFC,Area Fo3 (OFC),6,True,0,,Homo sapiens,"(182, 188, 249)"
JULICH_BRAIN_CYTOARCHITECTONIC_ATLAS_V3_1_AREA_FO3_OFC_LEFT,Area Fo3 (OFC) left,JULICH_BRAIN_CYTOARCHITECTONIC_ATLAS_V3_1_AREA_FO3_OFC,Area Fo3 (OFC),6,True,0,,Homo sapiens,"(182, 188, 249)"
JULICH_BRAIN_CYTOARCHITECTONIC_ATLAS_V3_1_AREA_FO2_OFC,Area Fo2 (OFC),JULICH_BRAIN_CYTOARCHITECTONIC_ATLAS_V3_1_MEDIAL_ORBITOFRONTAL_CORTEX,medial orbitofrontal cortex,5,False,2,,Homo sapiens,
JULICH_BRAIN_CYTOARCHITECTONIC_ATLAS_V3_1_AREA_FO2_OFC_RIGHT,Area Fo2 (OFC) right,JULICH_BRAIN_CYTOARCHITECTONIC_ATLAS_V3_1_AREA_FO2_OFC,Area Fo2 (OFC),6,True,0,,Homo sapiens,"(0, 255, 0)"
JULICH_BRAIN_CYTOARCHITECTONIC_ATLAS_V3_1_AREA_FO2_OFC_LEFT,Area Fo2 (OFC) left,JULICH_BRAIN_CYTOARCHITECTONIC_ATLAS_V3_1_AREA_FO2_OFC,Area Fo2 (OFC),6,True,0,,Homo sapiens,"(0, 255, 0)"
JULICH_BRAIN_CYTOARCHITECTONIC_ATLAS_V3_1_PRECENTRAL_GYRUS,precentral gyrus,JULICH_BRAIN_CYTOARCHITECTONIC_ATLAS_V3_1_FRONTAL_LOBE,frontal lobe,4,False,2,,Homo sapiens,
JULICH_BRAIN_CYTOARCHITECTONIC_ATLAS_V3_1_AREA_4P_PRECG,Area 4p (PreCG),JULICH_BRAIN_CYTOARCHITECTONIC_ATLAS_V3_1_PRECENTRAL_GYRUS,precentral gyrus,5,False,2,,Homo sapiens,
JULICH_BRAIN_CYTOARCHITECTONIC_ATLAS_V3_1_AREA_4P_PRECG_RIGHT,Area 4p (PreCG) right,JULICH_BRAIN_CYTOARCHITECTONIC_ATLAS_V3_1_AREA_4P_PRECG,Area 4p (PreCG),6,True,0,,Homo sapiens,"(116, 92, 123)"
JULICH_BRAIN_CYTOARCHITECTONIC_ATLAS_V3_1_AREA_4P_PRECG_LEFT,Area 4p (PreCG) left,JULICH_BRAIN_CYTOARCHITECTONIC_ATLAS_V3_1_AREA_4P_PRECG,Area 4p (PreCG),6,True,0,,Homo sapiens,"(116, 92, 123)"
JULICH_BRAIN_CYTOARCHITECTONIC_ATLAS_V3_1_AREA_4A_PRECG,Area 4a (PreCG),JULICH_BRAIN_CYTOARCHITECTONIC_ATLAS_V3_1_PRECENTRAL_GYRUS,precentral gyrus,5,False,2,,Homo sapiens,
JULICH_BRAIN_CYTOARCHITECTONIC_ATLAS_V3_1_AREA_4A_PRECG_RIGHT,Area 4a (PreCG) right,JULICH_BRAIN_CYTOARCHITECTONIC_ATLAS_V3_1_AREA_4A_PRECG,Area 4a (PreCG),6,True,0,,Homo sapiens,"(118, 238, 183)"
JULICH_BRAIN_CYTOARCHITECTONIC_ATLAS_V3_1_AREA_4A_PRECG_LEFT,Area 4a (PreCG) left,JULICH_BRAIN_CYTOARCHITECTONIC_ATLAS_V3_1_AREA_4A_PRECG,Area 4a (PreCG),6,True,0,,Homo sapiens,"(118, 238, 183)"
JULICH_BRAIN_CYTOARCHITECTONIC_ATLAS_V3_1_FRONTAL_OPERCULUM,frontal operculum,JULICH_BRAIN_CYTOARCHITECTONIC_ATLAS_V3_1_FRONTAL_LOBE,frontal lobe,4,False,6,,Homo sapiens,
JULICH_BRAIN_CYTOARCHITECTONIC_ATLAS_V3_1_AREA_OP10_FRONTAL_OPERCULUM,Area Op10 (Frontal Operculum),JULICH_BRAIN_CYTOARCHITECTONIC_ATLAS_V3_1_FRONTAL_OPERCULUM,frontal operculum,5,False,2,,Homo sapiens,
JULICH_BRAIN_CYTOARCHITECTONIC_ATLAS_V3_1_AREA_OP10_FRONTAL_OPERCULUM_RIGHT,Area Op10 (Frontal Operculum) right,JULICH_BRAIN_CYTOARCHITECTONIC_ATLAS_V3_1_AREA_OP10_FRONTAL_OPERCULUM,Area Op10 (Frontal Operculum),6,True,0,,Homo sapiens,"(189, 90, 6)"
JULICH_BRAIN_CYTOARCHITECTONIC_ATLAS_V3_1_AREA_OP10_FRONTAL_OPERCULUM_LEFT,Area Op10 (Frontal Operculum) left,JULICH_BRAIN_CYTOARCHITECTONIC_ATLAS_V3_1_AREA_OP10_FRONTAL_OPERCULUM,Area Op10 (Frontal Operculum),6,True,0,,Homo sapiens,"(189, 90, 6)"
JULICH_BRAIN_CYTOARCHITECTONIC_ATLAS_V3_1_AREA_OP6_FRONTAL_OPERCULUM,Area Op6 (Frontal Operculum),JULICH_BRAIN_CYTOARCHITECTONIC_ATLAS_V3_1_FRONTAL_OPERCULUM,frontal operculum,5,False,2,,Homo sapiens,
JULICH_BRAIN_CYTOARCHITECTONIC_ATLAS_V3_1_AREA_OP6_FRONTAL_OPERCULUM_RIGHT,Area Op6 (Frontal Operculum) right,JULICH_BRAIN_CYTOARCHITECTONIC_ATLAS_V3_1_AREA_OP6_FRONTAL_OPERCULUM,Area Op6 (Frontal Operculum),6,True,0,,Homo sapiens,"(137, 62, 99)"
JULICH_BRAIN_CYTOARCHITECTONIC_ATLAS_V3_1_AREA_OP6_FRONTAL_OPERCULUM_LEFT,Area Op6 (Frontal Operculum) left,JULICH_BRAIN_CYTOARCHITECTONIC_ATLAS_V3_1_AREA_OP6_FRONTAL_OPERCULUM,Area Op6 (Frontal Operculum),6,True,0,,Homo sapiens,"(137, 62, 99)"
JULICH_BRAIN_CYTOARCHITECTONIC_ATLAS_V3_1_AREA_OP5_FRONTAL_OPERCULUM,Area Op5 (Frontal Operculum),JULICH_BRAIN_CYTOARCHITECTONIC_ATLAS_V3_1_FRONTAL_OPERCULUM,frontal operculum,5,False,2,,Homo sapiens,
JULICH_BRAIN_CYTOARCHITECTONIC_ATLAS_V3_1_AREA_OP5_FRONTAL_OPERCULUM_RIGHT,Area Op5 (Frontal Operculum) right,JULICH_BRAIN_CYTOARCHITECTONIC_ATLAS_V3_1_AREA_OP5_FRONTAL_OPERCULUM,Area Op5 (Frontal Operculum),6,True,0,,Homo sapiens,"(222, 78, 252)"
JULICH_BRAIN_CYTOARCHITECTONIC_ATLAS_V3_1_AREA_OP5_FRONTAL_OPERCULUM_LEFT,Area Op5 (Frontal Operculum) left,JULICH_BRAIN_CYTOARCHITECTONIC_ATLAS_V3_1_AREA_OP5_FRONTAL_OPERCULUM,Area Op5 (Frontal Operculum),6,True,0,,Homo sapiens,"(222, 78, 252)"
JULICH_BRAIN_CYTOARCHITECTONIC_ATLAS_V3_1_AREA_OP7_FRONTAL_OPERCULUM,Area Op7 (Frontal Operculum),JULICH_BRAIN_CYTOARCHITECTONIC_ATLAS_V3_1_FRONTAL_OPERCULUM,frontal operculum,5,False,2,,Homo sapiens,
JULICH_BRAIN_CYTOARCHITECTONIC_ATLAS_V3_1_AREA_OP7_FRONTAL_OPERCULUM_RIGHT,Area Op7 (Frontal Operculum) right,JULICH_BRAIN_CYTOARCHITECTONIC_ATLAS_V3_1_AREA_OP7_FRONTAL_OPERCULUM,Area Op7 (Frontal Operculum),6,True,0,,Homo sapiens,"(133, 116, 192)"
JULICH_BRAIN_CYTOARCHITECTONIC_ATLAS_V3_1_AREA_OP7_FRONTAL_OPERCULUM_LEFT,Area Op7 (Frontal Operculum) left,JULICH_BRAIN_CYTOARCHITECTONIC_ATLAS_V3_1_AREA_OP7_FRONTAL_OPERCULUM,Area Op7 (Frontal Operculum),6,True,0,,Homo sapiens,"(133, 116, 192)"
JULICH_BRAIN_CYTOARCHITECTONIC_ATLAS_V3_1_AREA_OP9_FRONTAL_OPERCULUM,Area Op9 (Frontal Operculum),JULICH_BRAIN_CYTOARCHITECTONIC_ATLAS_V3_1_FRONTAL_OPERCULUM,frontal operculum,5,False,2,,Homo sapiens,
JULICH_BRAIN_CYTOARCHITECTONIC_ATLAS_V3_1_AREA_OP9_FRONTAL_OPERCULUM_RIGHT,Area Op9 (Frontal Operculum) right,JULICH_BRAIN_CYTOARCHITECTONIC_ATLAS_V3_1_AREA_OP9_FRONTAL_OPERCULUM,Area Op9 (Frontal Operculum),6,True,0,,Homo sapiens,"(174, 122, 33)"
JULICH_BRAIN_CYTOARCHITECTONIC_ATLAS_V3_1_AREA_OP9_FRONTAL_OPERCULUM_LEFT,Area Op9 (Frontal Operculum) left,JULICH_BRAIN_CYTOARCHITECTONIC_ATLAS_V3_1_AREA_OP9_FRONTAL_OPERCULUM,Area Op9 (Frontal Operculum),6,True,0,,Homo sapiens,"(174, 122, 33)"
JULICH_BRAIN_CYTOARCHITECTONIC_ATLAS_V3_1_AREA_OP8_FRONTAL_OPERCULUM,Area Op8 (Frontal Operculum),JULICH_BRAIN_CYTOARCHITECTONIC_ATLAS_V3_1_FRONTAL_OPERCULUM,frontal operculum,5,False,2,,Homo sapiens,
JULICH_BRAIN_CYTOARCHITECTONIC_ATLAS_V3_1_AREA_OP8_FRONTAL_OPERCULUM_RIGHT,Area Op8 (Frontal Operculum) right,JULICH_BRAIN_CYTOARCHITECTONIC_ATLAS_V3_1_AREA_OP8_FRONTAL_OPERCULUM,Area Op8 (Frontal Operculum),6,True,0,,Homo sapiens,"(29, 75, 168)"
JULICH_BRAIN_CYTOARCHITECTONIC_ATLAS_V3_1_AREA_OP8_FRONTAL_OPERCULUM_LEFT,Area Op8 (Frontal Operculum) left,JULICH_BRAIN_CYTOARCHITECTONIC_ATLAS_V3_1_AREA_OP8_FRONTAL_OPERCULUM,Area Op8 (Frontal Operculum),6,True,0,,Homo sapiens,"(29, 75, 168)"
JULICH_BRAIN_CYTOARCHITECTONIC_ATLAS_V3_1_INFERIOR_FRONTAL_SULCUS,inferior frontal sulcus,JULICH_BRAIN_CYTOARCHITECTONIC_ATLAS_V3_1_FRONTAL_LOBE,frontal lobe,4,False,6,,Homo sapiens,
JULICH_BRAIN_CYTOARCHITECTONIC_ATLAS_V3_1_AREA_IFS4_IFS,Area IFS4 (IFS),JULICH_BRAIN_CYTOARCHITECTONIC_ATLAS_V3_1_INFERIOR_FRONTAL_SULCUS,inferior frontal sulcus,5,False,2,,Homo sapiens,
JULICH_BRAIN_CYTOARCHITECTONIC_ATLAS_V3_1_AREA_IFS4_IFS_RIGHT,Area IFS4 (IFS) right,JULICH_BRAIN_CYTOARCHITECTONIC_ATLAS_V3_1_AREA_IFS4_IFS,Area IFS4 (IFS),6,True,0,,Homo sapiens,"(31, 72, 124)"
JULICH_BRAIN_CYTOARCHITECTONIC_ATLAS_V3_1_AREA_IFS4_IFS_LEFT,Area IFS4 (IFS) left,JULICH_BRAIN_CYTOARCHITECTONIC_ATLAS_V3_1_AREA_IFS4_IFS,Area IFS4 (IFS),6,True,0,,Homo sapiens,"(31, 72, 124)"
JULICH_BRAIN_CYTOARCHITECTONIC_ATLAS_V3_1_AREA_IFS2_IFS,Area IFS2 (IFS),JULICH_BRAIN_CYTOARCHITECTONIC_ATLAS_V3_1_INFERIOR_FRONTAL_SULCUS,inferior frontal sulcus,5,False,2,,Homo sapiens,
JULICH_BRAIN_CYTOARCHITECTONIC_ATLAS_V3_1_AREA_IFS2_IFS_RIGHT,Area IFS2 (IFS) right,JULICH_BRAIN_CYTOARCHITECTONIC_ATLAS_V3_1_AREA_IFS2_IFS,Area IFS2 (IFS),6,True,0,,Homo sapiens,"(255, 0, 0)"
JULICH_BRAIN_CYTOARCHITECTONIC_ATLAS_V3_1_AREA_IFS2_IFS_LEFT,Area IFS2 (IFS) left,JULICH_BRAIN_CYTOARCHITECTONIC_ATLAS_V3_1_AREA_IFS2_IFS,Area IFS2 (IFS),6,True,0,,Homo sapiens,"(255, 0, 0)"
JULICH_BRAIN_CYTOARCHITECTONIC_ATLAS_V3_1_AREA_IFS1_IFS,Area IFS1 (IFS),JULICH_BRAIN_CYTOARCHITECTONIC_ATLAS_V3_1_INFERIOR_FRONTAL_SULCUS,inferior frontal sulcus,5,False,2,,Homo sapiens,
JULICH_BRAIN_CYTOARCHITECTONIC_ATLAS_V3_1_AREA_IFS1_IFS_RIGHT,Area IFS1 (IFS) right,JULICH_BRAIN_CYTOARCHITECTONIC_ATLAS_V3_1_AREA_IFS1_IFS,Area IFS1 (IFS),6,True,0,,Homo sapiens,"(111, 47, 159)"
JULICH_BRAIN_CYTOARCHITECTONIC_ATLAS_V3_1_AREA_IFS1_IFS_LEFT,Area IFS1 (IFS) left,JULICH_BRAIN_CYTOARCHITECTONIC_ATLAS_V3_1_AREA_IFS1_IFS,Area IFS1 (IFS),6,True,0,,Homo sapiens,"(111, 47, 159)"
JULICH_BRAIN_CYTOARCHITECTONIC_ATLAS_V3_1_AREA_IFJ2_IFS_PRECS,"Area IFJ2 (IFS, PreCS)",JULICH_BRAIN_CYTOARCHITECTONIC_ATLAS_V3_1_INFERIOR_FRONTAL_SULCUS,inferior frontal sulcus,5,False,2,,Homo sapiens,
JULICH_BRAIN_CYTOARCHITECTONIC_ATLAS_V3_1_AREA_IFJ2_IFS_PRECS_RIGHT,"Area IFJ2 (IFS, PreCS) right",JULICH_BRAIN_CYTOARCHITECTONIC_ATLAS_V3_1_AREA_IFJ2_IFS_PRECS,"Area IFJ2 (IFS, PreCS)",6,True,0,,Homo sapiens,"(223, 106, 21)"
JULICH_BRAIN_CYTOARCHITECTONIC_ATLAS_V3_1_AREA_IFJ2_IFS_PRECS_LEFT,"Area IFJ2 (IFS, PreCS) left",JULICH_BRAIN_CYTOARCHITECTONIC_ATLAS_V3_1_AREA_IFJ2_IFS_PRECS,"Area IFJ2 (IFS, PreCS)",6,True,0,,Homo sapiens,"(223, 106, 21)"
JULICH_BRAIN_CYTOARCHITECTONIC_ATLAS_V3_1_AREA_IFS3_IFS,Area IFS3 (IFS),JULICH_BRAIN_CYTOARCHITECTONIC_ATLAS_V3_1_INFERIOR_FRONTAL_SULCUS,inferior frontal sulcus,5,False,2,,Homo sapiens,
JULICH_BRAIN_CYTOARCHITECTONIC_ATLAS_V3_1_AREA_IFS3_IFS_RIGHT,Area IFS3 (IFS) right,JULICH_BRAIN_CYTOARCHITECTONIC_ATLAS_V3_1_AREA_IFS3_IFS,Area IFS3 (IFS),6,True,0,,Homo sapiens,"(2, 128, 49)"
JULICH_BRAIN_CYTOARCHITECTONIC_ATLAS_V3_1_AREA_IFS3_IFS_LEFT,Area IFS3 (IFS) left,JULICH_BRAIN_CYTOARCHITECTONIC_ATLAS_V3_1_AREA_IFS3_IFS,Area IFS3 (IFS),6,True,0,,Homo sapiens,"(2, 128, 49)"
JULICH_BRAIN_CYTOARCHITECTONIC_ATLAS_V3_1_AREA_IFJ1_IFS_PRECS,"Area IFJ1 (IFS, PreCS)",JULICH_BRAIN_CYTOARCHITECTONIC_ATLAS_V3_1_INFERIOR_FRONTAL_SULCUS,inferior frontal sulcus,5,False,2,,Homo sapiens,
JULICH_BRAIN_CYTOARCHITECTONIC_ATLAS_V3_1_AREA_IFJ1_IFS_PRECS_RIGHT,"Area IFJ1 (IFS, PreCS) right",JULICH_BRAIN_CYTOARCHITECTONIC_ATLAS_V3_1_AREA_IFJ1_IFS_PRECS,"Area IFJ1 (IFS, PreCS)",6,True,0,,Homo sapiens,"(228, 0, 159)"
JULICH_BRAIN_CYTOARCHITECTONIC_ATLAS_V3_1_AREA_IFJ1_IFS_PRECS_LEFT,"Area IFJ1 (IFS, PreCS) left",JULICH_BRAIN_CYTOARCHITECTONIC_ATLAS_V3_1_AREA_IFJ1_IFS_PRECS,"Area IFJ1 (IFS, PreCS)",6,True,0,,Homo sapiens,"(228, 0, 159)"
JULICH_BRAIN_CYTOARCHITECTONIC_ATLAS_V3_1_FRONTO_MARGINAL_SULCUS,fronto-marginal sulcus,JULICH_BRAIN_CYTOARCHITECTONIC_ATLAS_V3_1_FRONTAL_LOBE,frontal lobe,4,False,1,,Homo sapiens,
JULICH_BRAIN_CYTOARCHITECTONIC_ATLAS_V3_1_AREA_MFG2_MFG,Area MFG2 (MFG),JULICH_BRAIN_CYTOARCHITECTONIC_ATLAS_V3_1_FRONTO_MARGINAL_SULCUS,fronto-marginal sulcus,5,False,2,,Homo sapiens,
JULICH_BRAIN_CYTOARCHITECTONIC_ATLAS_V3_1_AREA_MFG2_MFG_RIGHT,Area MFG2 (MFG) right,JULICH_BRAIN_CYTOARCHITECTONIC_ATLAS_V3_1_AREA_MFG2_MFG,Area MFG2 (MFG),6,True,0,,Homo sapiens,"(255, 235, 0)"
JULICH_BRAIN_CYTOARCHITECTONIC_ATLAS_V3_1_AREA_MFG2_MFG_LEFT,Area MFG2 (MFG) left,JULICH_BRAIN_CYTOARCHITECTONIC_ATLAS_V3_1_AREA_MFG2_MFG,Area MFG2 (MFG),6,True,0,,Homo sapiens,"(255, 235, 0)"
JULICH_BRAIN_CYTOARCHITECTONIC_ATLAS_V3_1_INFERIOR_FRONTAL_GYRUS,inferior frontal gyrus,JULICH_BRAIN_CYTOARCHITECTONIC_ATLAS_V3_1_FRONTAL_LOBE,frontal lobe,4,False,2,,Homo sapiens,
JULICH_BRAIN_CYTOARCHITECTONIC_ATLAS_V3_1_AREA_44_IFG,Area 44 (IFG),JULICH_BRAIN_CYTOARCHITECTONIC_ATLAS_V3_1_INFERIOR_FRONTAL_GYRUS,inferior frontal gyrus,5,False,2,,Homo sapiens,
JULICH_BRAIN_CYTOARCHITECTONIC_ATLAS_V3_1_AREA_44_IFG_RIGHT,Area 44 (IFG) right,JULICH_BRAIN_CYTOARCHITECTONIC_ATLAS_V3_1_AREA_44_IFG,Area 44 (IFG),6,True,0,,Homo sapiens,"(54, 73, 74)"
JULICH_BRAIN_CYTOARCHITECTONIC_ATLAS_V3_1_AREA_44_IFG_LEFT,Area 44 (IFG) left,JULICH_BRAIN_CYTOARCHITECTONIC_ATLAS_V3_1_AREA_44_IFG,Area 44 (IFG),6,True,0,,Homo sapiens,"(54, 73, 74)"
JULICH_BRAIN_CYTOARCHITECTONIC_ATLAS_V3_1_AREA_45_IFG,Area 45 (IFG),JULICH_BRAIN_CYTOARCHITECTONIC_ATLAS_V3_1_INFERIOR_FRONTAL_GYRUS,inferior frontal gyrus,5,False,2,,Homo sapiens,
JULICH_BRAIN_CYTOARCHITECTONIC_ATLAS_V3_1_AREA_45_IFG_RIGHT,Area 45 (IFG) right,JULICH_BRAIN_CYTOARCHITECTONIC_ATLAS_V3_1_AREA_45_IFG,Area 45 (IFG),6,True,0,,Homo sapiens,"(167, 103, 146)"
JULICH_BRAIN_CYTOARCHITECTONIC_ATLAS_V3_1_AREA_45_IFG_LEFT,Area 45 (IFG) left,JULICH_BRAIN_CYTOARCHITECTONIC_ATLAS_V3_1_AREA_45_IFG,Area 45 (IFG),6,True,0,,Homo sapiens,"(167, 103, 146)"
JULICH_BRAIN_CYTOARCHITECTONIC_ATLAS_V3_1_MIDDLE_FRONTAL_GYRUS,middle frontal gyrus,JULICH_BRAIN_CYTOARCHITECTONIC_ATLAS_V3_1_FRONTAL_LOBE,frontal lobe,4,False,4,,Homo sapiens,
JULICH_BRAIN_CYTOARCHITECTONIC_ATLAS_V3_1_AREA_8V2_MFG,Area 8v2 (MFG),JULICH_BRAIN_CYTOARCHITECTONIC_ATLAS_V3_1_MIDDLE_FRONTAL_GYRUS,middle frontal gyrus,5,False,2,,Homo sapiens,
JULICH_BRAIN_CYTOARCHITECTONIC_ATLAS_V3_1_AREA_8V2_MFG_RIGHT,Area 8v2 (MFG) right,JULICH_BRAIN_CYTOARCHITECTONIC_ATLAS_V3_1_AREA_8V2_MFG,Area 8v2 (MFG),6,True,0,,Homo sapiens,"(228, 172, 15)"
JULICH_BRAIN_CYTOARCHITECTONIC_ATLAS_V3_1_AREA_8V2_MFG_LEFT,Area 8v2 (MFG) left,JULICH_BRAIN_CYTOARCHITECTONIC_ATLAS_V3_1_AREA_8V2_MFG,Area 8v2 (MFG),6,True,0,,Homo sapiens,"(228, 172, 15)"
JULICH_BRAIN_CYTOARCHITECTONIC_ATLAS_V3_1_AREA_8V1_MFG,Area 8v1 (MFG),JULICH_BRAIN_CYTOARCHITECTONIC_ATLAS_V3_1_MIDDLE_FRONTAL_GYRUS,middle frontal gyrus,5,False,2,,Homo sapiens,
JULICH_BRAIN_CYTOARCHITECTONIC_ATLAS_V3_1_AREA_8V1_MFG_RIGHT,Area 8v1 (MFG) right,JULICH_BRAIN_CYTOARCHITECTONIC_ATLAS_V3_1_AREA_8V1_MFG,Area 8v1 (MFG),6,True,0,,Homo sapiens,"(123, 49, 95)"
JULICH_BRAIN_CYTOARCHITECTONIC_ATLAS_V3_1_AREA_8V1_MFG_LEFT,Area 8v1 (MFG) left,JULICH_BRAIN_CYTOARCHITECTONIC_ATLAS_V3_1_AREA_8V1_MFG,Area 8v1 (MFG),6,True,0,,Homo sapiens,"(123, 49, 95)"
JULICH_BRAIN_CYTOARCHITECTONIC_ATLAS_V3_1_AREA_MFG4_MFG,Area MFG4 (MFG),JULICH_BRAIN_CYTOARCHITECTONIC_ATLAS_V3_1_MIDDLE_FRONTAL_GYRUS,middle frontal gyrus,5,False,2,,Homo sapiens,
JULICH_BRAIN_CYTOARCHITECTONIC_ATLAS_V3_1_AREA_MFG4_MFG_RIGHT,Area MFG4 (MFG) right,JULICH_BRAIN_CYTOARCHITECTONIC_ATLAS_V3_1_AREA_MFG4_MFG,Area MFG4 (MFG),6,True,0,,Homo sapiens,"(128, 120, 0)"
JULICH_BRAIN_CYTOARCHITECTONIC_ATLAS_V3_1_AREA_MFG4_MFG_LEFT,Area MFG4 (MFG) left,JULICH_BRAIN_CYTOARCHITECTONIC_ATLAS_V3_1_AREA_MFG4_MFG,Area MFG4 (MFG),6,True,0,,Homo sapiens,"(128, 120, 0)"
JULICH_BRAIN_CYTOARCHITECTONIC_ATLAS_V3_1_AREA_MFG1_MFG,Area MFG1 (MFG),JULICH_BRAIN_CYTOARCHITECTONIC_ATLAS_V3_1_MIDDLE_FRONTAL_GYRUS,middle frontal gyrus,5,False,2,,Homo sapiens,
JULICH_BRAIN_CYTOARCHITECTONIC_ATLAS_V3_1_AREA_MFG1_MFG_RIGHT,Area MFG1 (MFG) right,JULICH_BRAIN_CYTOARCHITECTONIC_ATLAS_V3_1_AREA_MFG1_MFG,Area MFG1 (MFG),6,True,0,,Homo sapiens,"(97, 32, 129)"
JULICH_BRAIN_CYTOARCHITECTONIC_ATLAS_V3_1_AREA_MFG1_MFG_LEFT,Area MFG1 (MFG) left,JULICH_BRAIN_CYTOARCHITECTONIC_ATLAS_V3_1_AREA_MFG1_MFG,Area MFG1 (MFG),6,True,0,,Homo sapiens,"(97, 32, 129)"
JULICH_BRAIN_CYTOARCHITECTONIC_ATLAS_V3_1_SUPERIOR_FRONTAL_SULCUS,superior frontal sulcus,JULICH_BRAIN_CYTOARCHITECTONIC_ATLAS_V3_1_FRONTAL_LOBE,frontal lobe,4,False,4,,Homo sapiens,
JULICH_BRAIN_CYTOARCHITECTONIC_ATLAS_V3_1_AREA_SFS2_SFS,Area SFS2 (SFS),JULICH_BRAIN_CYTOARCHITECTONIC_ATLAS_V3_1_SUPERIOR_FRONTAL_SULCUS,superior frontal sulcus,5,False,2,,Homo sapiens,
JULICH_BRAIN_CYTOARCHITECTONIC_ATLAS_V3_1_AREA_SFS2_SFS_RIGHT,Area SFS2 (SFS) right,JULICH_BRAIN_CYTOARCHITECTONIC_ATLAS_V3_1_AREA_SFS2_SFS,Area SFS2 (SFS),6,True,0,,Homo sapiens,"(241, 147, 0)"
JULICH_BRAIN_CYTOARCHITECTONIC_ATLAS_V3_1_AREA_SFS2_SFS_LEFT,Area SFS2 (SFS) left,JULICH_BRAIN_CYTOARCHITECTONIC_ATLAS_V3_1_AREA_SFS2_SFS,Area SFS2 (SFS),6,True,0,,Homo sapiens,"(241, 147, 0)"
JULICH_BRAIN_CYTOARCHITECTONIC_ATLAS_V3_1_AREA_6D3_SFS,Area 6d3 (SFS),JULICH_BRAIN_CYTOARCHITECTONIC_ATLAS_V3_1_SUPERIOR_FRONTAL_SULCUS,superior frontal sulcus,5,False,2,,Homo sapiens,
JULICH_BRAIN_CYTOARCHITECTONIC_ATLAS_V3_1_AREA_6D3_SFS_RIGHT,Area 6d3 (SFS) right,JULICH_BRAIN_CYTOARCHITECTONIC_ATLAS_V3_1_AREA_6D3_SFS,Area 6d3 (SFS),6,True,0,,Homo sapiens,"(238, 236, 27)"
JULICH_BRAIN_CYTOARCHITECTONIC_ATLAS_V3_1_AREA_6D3_SFS_LEFT,Area 6d3 (SFS) left,JULICH_BRAIN_CYTOARCHITECTONIC_ATLAS_V3_1_AREA_6D3_SFS,Area 6d3 (SFS),6,True,0,,Homo sapiens,"(238, 236, 27)"
JULICH_BRAIN_CYTOARCHITECTONIC_ATLAS_V3_1_AREA_SFS1_SFS,Area SFS1 (SFS),JULICH_BRAIN_CYTOARCHITECTONIC_ATLAS_V3_1_SUPERIOR_FRONTAL_SULCUS,superior frontal sulcus,5,False,2,,Homo sapiens,
JULICH_BRAIN_CYTOARCHITECTONIC_ATLAS_V3_1_AREA_SFS1_SFS_RIGHT,Area SFS1 (SFS) right,JULICH_BRAIN_CYTOARCHITECTONIC_ATLAS_V3_1_AREA_SFS1_SFS,Area SFS1 (SFS),6,True,0,,Homo sapiens,"(0, 164, 225)"
JULICH_BRAIN_CYTOARCHITECTONIC_ATLAS_V3_1_AREA_SFS1_SFS_LEFT,Area SFS1 (SFS) left,JULICH_BRAIN_CYTOARCHITECTONIC_ATLAS_V3_1_AREA_SFS1_SFS,Area SFS1 (SFS),6,True,0,,Homo sapiens,"(0, 164, 225)"
JULICH_BRAIN_CYTOARCHITECTONIC_ATLAS_V3_1_AREA_SFG3_SFG,Area SFG3 (SFG),JULICH_BRAIN_CYTOARCHITECTONIC_ATLAS_V3_1_SUPERIOR_FRONTAL_SULCUS,superior frontal sulcus,5,False,2,,Homo sapiens,
JULICH_BRAIN_CYTOARCHITECTONIC_ATLAS_V3_1_AREA_SFG3_SFG_RIGHT,Area SFG3 (SFG) right,JULICH_BRAIN_CYTOARCHITECTONIC_ATLAS_V3_1_AREA_SFG3_SFG,Area SFG3 (SFG),6,True,0,,Homo sapiens,"(118, 0, 128)"
JULICH_BRAIN_CYTOARCHITECTONIC_ATLAS_V3_1_AREA_SFG3_SFG_LEFT,Area SFG3 (SFG) left,JULICH_BRAIN_CYTOARCHITECTONIC_ATLAS_V3_1_AREA_SFG3_SFG,Area SFG3 (SFG),6,True,0,,Homo sapiens,"(118, 0, 128)"
JULICH_BRAIN_CYTOARCHITECTONIC_ATLAS_V3_1_MIDDLE_FRONTAL_GYRUS_INFERIOR_FRONTAL_SULCUS,"middle frontal gyrus, inferior frontal sulcus",JULICH_BRAIN_CYTOARCHITECTONIC_ATLAS_V3_1_FRONTAL_LOBE,frontal lobe,4,False,1,,Homo sapiens,
JULICH_BRAIN_CYTOARCHITECTONIC_ATLAS_V3_1_AREA_MFG5_MFG_IFG,"Area MFG5 (MFG, IFG)",JULICH_BRAIN_CYTOARCHITECTONIC_ATLAS_V3_1_MIDDLE_FRONTAL_GYRUS_INFERIOR_FRONTAL_SULCUS,"middle frontal gyrus, inferior frontal sulcus",5,False,2,,Homo sapiens,
JULICH_BRAIN_CYTOARCHITECTONIC_ATLAS_V3_1_AREA_MFG5_MFG_IFG_RIGHT,"Area MFG5 (MFG, IFG) right",JULICH_BRAIN_CYTOARCHITECTONIC_ATLAS_V3_1_AREA_MFG5_MFG_IFG,"Area MFG5 (MFG, IFG)",6,True,0,,Homo sapiens,"(0, 118, 0)"
JULICH_BRAIN_CYTOARCHITECTONIC_ATLAS_V3_1_AREA_MFG5_MFG_IFG_LEFT,"Area MFG5 (MFG, IFG) left",JULICH_BRAIN_CYTOARCHITECTONIC_ATLAS_V3_1_AREA_MFG5_MFG_IFG,"Area MFG5 (MFG, IFG)",6,True,0,,Homo sapiens,"(0, 118, 0)"
JULICH_BRAIN_CYTOARCHITECTONIC_ATLAS_V3_1_SUPERIOR_FRONTAL_GYRUS,superior frontal gyrus,JULICH_BRAIN_CYTOARCHITECTONIC_ATLAS_V3_1_FRONTAL_LOBE,frontal lobe,4,False,4,,Homo sapiens,
JULICH_BRAIN_CYTOARCHITECTONIC_ATLAS_V3_1_AREA_SFG2_SFG,Area SFG2 (SFG),JULICH_BRAIN_CYTOARCHITECTONIC_ATLAS_V3_1_SUPERIOR_FRONTAL_GYRUS,superior frontal gyrus,5,False,2,,Homo sapiens,
JULICH_BRAIN_CYTOARCHITECTONIC_ATLAS_V3_1_AREA_SFG2_SFG_RIGHT,Area SFG2 (SFG) right,JULICH_BRAIN_CYTOARCHITECTONIC_ATLAS_V3_1_AREA_SFG2_SFG,Area SFG2 (SFG),6,True,0,,Homo sapiens,"(0, 0, 128)"
JULICH_BRAIN_CYTOARCHITECTONIC_ATLAS_V3_1_AREA_SFG2_SFG_LEFT,Area SFG2 (SFG) left,JULICH_BRAIN_CYTOARCHITECTONIC_ATLAS_V3_1_AREA_SFG2_SFG,Area SFG2 (SFG),6,True,0,,Homo sapiens,"(0, 0, 128)"
JULICH_BRAIN_CYTOARCHITECTONIC_ATLAS_V3_1_AREA_8D2_SFG,Area 8d2 (SFG),JULICH_BRAIN_CYTOARCHITECTONIC_ATLAS_V3_1_SUPERIOR_FRONTAL_GYRUS,superior frontal gyrus,5,False,2,,Homo sapiens,
JULICH_BRAIN_CYTOARCHITECTONIC_ATLAS_V3_1_AREA_8D2_SFG_RIGHT,Area 8d2 (SFG) right,JULICH_BRAIN_CYTOARCHITECTONIC_ATLAS_V3_1_AREA_8D2_SFG,Area 8d2 (SFG),6,True,0,,Homo sapiens,"(235, 44, 197)"
JULICH_BRAIN_CYTOARCHITECTONIC_ATLAS_V3_1_AREA_8D2_SFG_LEFT,Area 8d2 (SFG) left,JULICH_BRAIN_CYTOARCHITECTONIC_ATLAS_V3_1_AREA_8D2_SFG,Area 8d2 (SFG),6,True,0,,Homo sapiens,"(235, 44, 197)"
JULICH_BRAIN_CYTOARCHITECTONIC_ATLAS_V3_1_AREA_8D1_SFG,Area 8d1 (SFG),JULICH_BRAIN_CYTOARCHITECTONIC_ATLAS_V3_1_SUPERIOR_FRONTAL_GYRUS,superior frontal gyrus,5,False,2,,Homo sapiens,
JULICH_BRAIN_CYTOARCHITECTONIC_ATLAS_V3_1_AREA_8D1_SFG_RIGHT,Area 8d1 (SFG) right,JULICH_BRAIN_CYTOARCHITECTONIC_ATLAS_V3_1_AREA_8D1_SFG,Area 8d1 (SFG),6,True,0,,Homo sapiens,"(94, 138, 130)"
JULICH_BRAIN_CYTOARCHITECTONIC_ATLAS_V3_1_AREA_8D1_SFG_LEFT,Area 8d1 (SFG) left,JULICH_BRAIN_CYTOARCHITECTONIC_ATLAS_V3_1_AREA_8D1_SFG,Area 8d1 (SFG),6,True,0,,Homo sapiens,"(94, 138, 130)"
JULICH_BRAIN_CYTOARCHITECTONIC_ATLAS_V3_1_AREA_SFG4_SFG,Area SFG4 (SFG),JULICH_BRAIN_CYTOARCHITECTONIC_ATLAS_V3_1_SUPERIOR_FRONTAL_GYRUS,superior frontal gyrus,5,False,2,,Homo sapiens,
JULICH_BRAIN_CYTOARCHITECTONIC_ATLAS_V3_1_AREA_SFG4_SFG_RIGHT,Area SFG4 (SFG) right,JULICH_BRAIN_CYTOARCHITECTONIC_ATLAS_V3_1_AREA_SFG4_SFG,Area SFG4 (SFG),6,True,0,,Homo sapiens,"(128, 40, 0)"
JULICH_BRAIN_CYTOARCHITECTONIC_ATLAS_V3_1_AREA_SFG4_SFG_LEFT,Area SFG4 (SFG) left,JULICH_BRAIN_CYTOARCHITECTONIC_ATLAS_V3_1_AREA_SFG4_SFG,Area SFG4 (SFG),6,True,0,,Homo sapiens,"(128, 40, 0)"
JULICH_BRAIN_CYTOARCHITECTONIC_ATLAS_V3_1_LATERAL_ORBITOFRONTAL_CORTEX,lateral orbitofrontal cortex,JULICH_BRAIN_CYTOARCHITECTONIC_ATLAS_V3_1_FRONTAL_LOBE,frontal lobe,4,False,4,,Homo sapiens,
JULICH_BRAIN_CYTOARCHITECTONIC_ATLAS_V3_1_AREA_FO6_OFC,Area Fo6 (OFC),JULICH_BRAIN_CYTOARCHITECTONIC_ATLAS_V3_1_LATERAL_ORBITOFRONTAL_CORTEX,lateral orbitofrontal cortex,5,False,2,,Homo sapiens,
JULICH_BRAIN_CYTOARCHITECTONIC_ATLAS_V3_1_AREA_FO6_OFC_RIGHT,Area Fo6 (OFC) right,JULICH_BRAIN_CYTOARCHITECTONIC_ATLAS_V3_1_AREA_FO6_OFC,Area Fo6 (OFC),6,True,0,,Homo sapiens,"(198, 156, 186)"
JULICH_BRAIN_CYTOARCHITECTONIC_ATLAS_V3_1_AREA_FO6_OFC_LEFT,Area Fo6 (OFC) left,JULICH_BRAIN_CYTOARCHITECTONIC_ATLAS_V3_1_AREA_FO6_OFC,Area Fo6 (OFC),6,True,0,,Homo sapiens,"(198, 156, 186)"
JULICH_BRAIN_CYTOARCHITECTONIC_ATLAS_V3_1_AREA_FO5_OFC,Area Fo5 (OFC),JULICH_BRAIN_CYTOARCHITECTONIC_ATLAS_V3_1_LATERAL_ORBITOFRONTAL_CORTEX,lateral orbitofrontal cortex,5,False,2,,Homo sapiens,
JULICH_BRAIN_CYTOARCHITECTONIC_ATLAS_V3_1_AREA_FO5_OFC_RIGHT,Area Fo5 (OFC) right,JULICH_BRAIN_CYTOARCHITECTONIC_ATLAS_V3_1_AREA_FO5_OFC,Area Fo5 (OFC),6,True,0,,Homo sapiens,"(219, 10, 91)"
JULICH_BRAIN_CYTOARCHITECTONIC_ATLAS_V3_1_AREA_FO5_OFC_LEFT,Area Fo5 (OFC) left,JULICH_BRAIN_CYTOARCHITECTONIC_ATLAS_V3_1_AREA_FO5_OFC,Area Fo5 (OFC),6,True,0,,Homo sapiens,"(219, 10, 91)"
JULICH_BRAIN_CYTOARCHITECTONIC_ATLAS_V3_1_AREA_FO7_OFC,Area Fo7 (OFC),JULICH_BRAIN_CYTOARCHITECTONIC_ATLAS_V3_1_LATERAL_ORBITOFRONTAL_CORTEX,lateral orbitofrontal cortex,5,False,2,,Homo sapiens,
JULICH_BRAIN_CYTOARCHITECTONIC_ATLAS_V3_1_AREA_FO7_OFC_RIGHT,Area Fo7 (OFC) right,JULICH_BRAIN_CYTOARCHITECTONIC_ATLAS_V3_1_AREA_FO7_OFC,Area Fo7 (OFC),6,True,0,,Homo sapiens,"(64, 210, 185)"
JULICH_BRAIN_CYTOARCHITECTONIC_ATLAS_V3_1_AREA_FO7_OFC_LEFT,Area Fo7 (OFC) left,JULICH_BRAIN_CYTOARCHITECTONIC_ATLAS_V3_1_AREA_FO7_OFC,Area Fo7 (OFC),6,True,0,,Homo sapiens,"(64, 210, 185)"
JULICH_BRAIN_CYTOARCHITECTONIC_ATLAS_V3_1_AREA_FO4_OFC,Area Fo4 (OFC),JULICH_BRAIN_CYTOARCHITECTONIC_ATLAS_V3_1_LATERAL_ORBITOFRONTAL_CORTEX,lateral orbitofrontal cortex,5,False,2,,Homo sapiens,
JULICH_BRAIN_CYTOARCHITECTONIC_ATLAS_V3_1_AREA_FO4_OFC_RIGHT,Area Fo4 (OFC) right,JULICH_BRAIN_CYTOARCHITECTONIC_ATLAS_V3_1_AREA_FO4_OFC,Area Fo4 (OFC),6,True,0,,Homo sapiens,"(162, 204, 53)"
JULICH_BRAIN_CYTOARCHITECTONIC_ATLAS_V3_1_AREA_FO4_OFC_LEFT,Area Fo4 (OFC) left,JULICH_BRAIN_CYTOARCHITECTONIC_ATLAS_V3_1_AREA_FO4_OFC,Area Fo4 (OFC),6,True,0,,Homo sapiens,"(162, 204, 53)"
JULICH_BRAIN_CYTOARCHITECTONIC_ATLAS_V3_1_INSULA,insula,JULICH_BRAIN_CYTOARCHITECTONIC_ATLAS_V3_1_CEREBRAL_CORTEX,cerebral cortex,3,False,3,,Homo sapiens,
JULICH_BRAIN_CYTOARCHITECTONIC_ATLAS_V3_1_GRANULAR_INSULA,granular insula,JULICH_BRAIN_CYTOARCHITECTONIC_ATLAS_V3_1_INSULA,insula,4,False,3,,Homo sapiens,
JULICH_BRAIN_CYTOARCHITECTONIC_ATLAS_V3_1_AREA_IG3_INSULA,Area Ig3 (Insula),JULICH_BRAIN_CYTOARCHITECTONIC_ATLAS_V3_1_GRANULAR_INSULA,granular insula,5,False,2,,Homo sapiens,
JULICH_BRAIN_CYTOARCHITECTONIC_ATLAS_V3_1_AREA_IG3_INSULA_RIGHT,Area Ig3 (Insula) right,JULICH_BRAIN_CYTOARCHITECTONIC_ATLAS_V3_1_AREA_IG3_INSULA,Area Ig3 (Insula),6,True,0,,Homo sapiens,"(105, 252, 197)"
JULICH_BRAIN_CYTOARCHITECTONIC_ATLAS_V3_1_AREA_IG3_INSULA_LEFT,Area Ig3 (Insula) left,JULICH_BRAIN_CYTOARCHITECTONIC_ATLAS_V3_1_AREA_IG3_INSULA,Area Ig3 (Insula),6,True,0,,Homo sapiens,"(105, 252, 197)"
JULICH_BRAIN_CYTOARCHITECTONIC_ATLAS_V3_1_AREA_IG1_INSULA,Area Ig1 (Insula),JULICH_BRAIN_CYTOARCHITECTONIC_ATLAS_V3_1_GRANULAR_INSULA,granular insula,5,False,2,,Homo sapiens,
JULICH_BRAIN_CYTOARCHITECTONIC_ATLAS_V3_1_AREA_IG1_INSULA_RIGHT,Area Ig1 (Insula) right,JULICH_BRAIN_CYTOARCHITECTONIC_ATLAS_V3_1_AREA_IG1_INSULA,Area Ig1 (Insula),6,True,0,,Homo sapiens,"(18, 110, 40)"
JULICH_BRAIN_CYTOARCHITECTONIC_ATLAS_V3_1_AREA_IG1_INSULA_LEFT,Area Ig1 (Insula) left,JULICH_BRAIN_CYTOARCHITECTONIC_ATLAS_V3_1_AREA_IG1_INSULA,Area Ig1 (Insula),6,True,0,,Homo sapiens,"(18, 110, 40)"
JULICH_BRAIN_CYTOARCHITECTONIC_ATLAS_V3_1_AREA_IG2_INSULA,Area Ig2 (Insula),JULICH_BRAIN_CYTOARCHITECTONIC_ATLAS_V3_1_GRANULAR_INSULA,granular insula,5,False,2,,Homo sapiens,
JULICH_BRAIN_CYTOARCHITECTONIC_ATLAS_V3_1_AREA_IG2_INSULA_RIGHT,Area Ig2 (Insula) right,JULICH_BRAIN_CYTOARCHITECTONIC_ATLAS_V3_1_AREA_IG2_INSULA,Area Ig2 (Insula),6,True,0,,Homo sapiens,"(105, 60, 82)"
JULICH_BRAIN_CYTOARCHITECTONIC_ATLAS_V3_1_AREA_IG2_INSULA_LEFT,Area Ig2 (Insula) left,JULICH_BRAIN_CYTOARCHITECTONIC_ATLAS_V3_1_AREA_IG2_INSULA,Area Ig2 (Insula),6,True,0,,Homo sapiens,"(105, 60, 82)"
JULICH_BRAIN_CYTOARCHITECTONIC_ATLAS_V3_1_AGRANULAR_INSULA,agranular insula,JULICH_BRAIN_CYTOARCHITECTONIC_ATLAS_V3_1_INSULA,insula,4,False,3,,Homo sapiens,
JULICH_BRAIN_CYTOARCHITECTONIC_ATLAS_V3_1_AREA_IA2_INSULA,Area Ia2 (Insula),JULICH_BRAIN_CYTOARCHITECTONIC_ATLAS_V3_1_AGRANULAR_INSULA,agranular insula,5,False,2,,Homo sapiens,
JULICH_BRAIN_CYTOARCHITECTONIC_ATLAS_V3_1_AREA_IA2_INSULA_RIGHT,Area Ia2 (Insula) right,JULICH_BRAIN_CYTOARCHITECTONIC_ATLAS_V3_1_AREA_IA2_INSULA,Area Ia2 (Insula),6,True,0,,Homo sapiens,"(116, 23, 2)"
JULICH_BRAIN_CYTOARCHITECTONIC_ATLAS_V3_1_AREA_IA2_INSULA_LEFT,Area Ia2 (Insula) left,JULICH_BRAIN_CYTOARCHITECTONIC_ATLAS_V3_1_AREA_IA2_INSULA,Area Ia2 (Insula),6,True,0,,Homo sapiens,"(116, 23, 2)"
JULICH_BRAIN_CYTOARCHITECTONIC_ATLAS_V3_1_AREA_IA1_INSULA,Area Ia1 (Insula),JULICH_BRAIN_CYTOARCHITECTONIC_ATLAS_V3_1_AGRANULAR_INSULA,agranular insula,5,False,2,,Homo sapiens,
JULICH_BRAIN_CYTOARCHITECTONIC_ATLAS_V3_1_AREA_IA1_INSULA_RIGHT,Area Ia1 (Insula) right,JULICH_BRAIN_CYTOARCHITECTONIC_ATLAS_V3_1_AREA_IA1_INSULA,Area Ia1 (Insula),6,True,0,,Homo sapiens,"(70, 217, 61)"
JULICH_BRAIN_CYTOARCHITECTONIC_ATLAS_V3_1_AREA_IA1_INSULA_LEFT,Area Ia1 (Insula) left,JULICH_BRAIN_CYTOARCHITECTONIC_ATLAS_V3_1_AREA_IA1_INSULA,Area Ia1 (Insula),6,True,0,,Homo sapiens,"(70, 217, 61)"
JULICH_BRAIN_CYTOARCHITECTONIC_ATLAS_V3_1_AREA_IA3_INSULA,Area Ia3 (Insula),JULICH_BRAIN_CYTOARCHITECTONIC_ATLAS_V3_1_AGRANULAR_INSULA,agranular insula,5,False,2,,Homo sapiens,
JULICH_BRAIN_CYTOARCHITECTONIC_ATLAS_V3_1_AREA_IA3_INSULA_RIGHT,Area Ia3 (Insula) right,JULICH_BRAIN_CYTOARCHITECTONIC_ATLAS_V3_1_AREA_IA3_INSULA,Area Ia3 (Insula),6,True,0,,Homo sapiens,"(48, 247, 90)"
JULICH_BRAIN_CYTOARCHITECTONIC_ATLAS_V3_1_AREA_IA3_INSULA_LEFT,Area Ia3 (Insula) left,JULICH_BRAIN_CYTOARCHITECTONIC_ATLAS_V3_1_AREA_IA3_INSULA,Area Ia3 (Insula),6,True,0,,Homo sapiens,"(48, 247, 90)"
JULICH_BRAIN_CYTOARCHITECTONIC_ATLAS_V3_1_DYSGRANULAR_INSULA,dysgranular insula,JULICH_BRAIN_CYTOARCHITECTONIC_ATLAS_V3_1_INSULA,insula,4,False,10,,Homo sapiens,
JULICH_BRAIN_CYTOARCHITECTONIC_ATLAS_V3_1_AREA_ID2_INSULA,Area Id2 (Insula),JULICH_BRAIN_CYTOARCHITECTONIC_ATLAS_V3_1_DYSGRANULAR_INSULA,dysgranular insula,5,False,2,,Homo sapiens,
JULICH_BRAIN_CYTOARCHITECTONIC_ATLAS_V3_1_AREA_ID2_INSULA_RIGHT,Area Id2 (Insula) right,JULICH_BRAIN_CYTOARCHITECTONIC_ATLAS_V3_1_AREA_ID2_INSULA,Area Id2 (Insula),6,True,0,,Homo sapiens,"(224, 125, 72)"
JULICH_BRAIN_CYTOARCHITECTONIC_ATLAS_V3_1_AREA_ID2_INSULA_LEFT,Area Id2 (Insula) left,JULICH_BRAIN_CYTOARCHITECTONIC_ATLAS_V3_1_AREA_ID2_INSULA,Area Id2 (Insula),6,True,0,,Homo sapiens,"(224, 125, 72)"
JULICH_BRAIN_CYTOARCHITECTONIC_ATLAS_V3_1_AREA_ID8_INSULA,Area Id8 (Insula),JULICH_BRAIN_CYTOARCHITECTONIC_ATLAS_V3_1_DYSGRANULAR_INSULA,dysgranular insula,5,False,2,,Homo sapiens,
JULICH_BRAIN_CYTOARCHITECTONIC_ATLAS_V3_1_AREA_ID8_INSULA_RIGHT,Area Id8 (Insula) right,JULICH_BRAIN_CYTOARCHITECTONIC_ATLAS_V3_1_AREA_ID8_INSULA,Area Id8 (Insula),6,True,0,,Homo sapiens,"(79, 186, 42)"
JULICH_BRAIN_CYTOARCHITECTONIC_ATLAS_V3_1_AREA_ID8_INSULA_LEFT,Area Id8 (Insula) left,JULICH_BRAIN_CYTOARCHITECTONIC_ATLAS_V3_1_AREA_ID8_INSULA,Area Id8 (Insula),6,True,0,,Homo sapiens,"(79, 186, 42)"
JULICH_BRAIN_CYTOARCHITECTONIC_ATLAS_V3_1_AREA_ID1_INSULA,Area Id1 (Insula),JULICH_BRAIN_CYTOARCHITECTONIC_ATLAS_V3_1_DYSGRANULAR_INSULA,dysgranular insula,5,False,2,,Homo sapiens,
JULICH_BRAIN_CYTOARCHITECTONIC_ATLAS_V3_1_AREA_ID1_INSULA_RIGHT,Area Id1 (Insula) right,JULICH_BRAIN_CYTOARCHITECTONIC_ATLAS_V3_1_AREA_ID1_INSULA,Area Id1 (Insula),6,True,0,,Homo sapiens,"(141, 111, 215)"
JULICH_BRAIN_CYTOARCHITECTONIC_ATLAS_V3_1_AREA_ID1_INSULA_LEFT,Area Id1 (Insula) left,JULICH_BRAIN_CYTOARCHITECTONIC_ATLAS_V3_1_AREA_ID1_INSULA,Area Id1 (Insula),6,True,0,,Homo sapiens,"(141, 111, 215)"
JULICH_BRAIN_CYTOARCHITECTONIC_ATLAS_V3_1_AREA_ID9_INSULA,Area Id9 (Insula),JULICH_BRAIN_CYTOARCHITECTONIC_ATLAS_V3_1_DYSGRANULAR_INSULA,dysgranular insula,5,False,2,,Homo sapiens,
JULICH_BRAIN_CYTOARCHITECTONIC_ATLAS_V3_1_AREA_ID9_INSULA_RIGHT,Area Id9 (Insula) right,JULICH_BRAIN_CYTOARCHITECTONIC_ATLAS_V3_1_AREA_ID9_INSULA,Area Id9 (Insula),6,True,0,,Homo sapiens,"(22, 54, 170)"
JULICH_BRAIN_CYTOARCHITECTONIC_ATLAS_V3_1_AREA_ID9_INSULA_LEFT,Area Id9 (Insula) left,JULICH_BRAIN_CYTOARCHITECTONIC_ATLAS_V3_1_AREA_ID9_INSULA,Area Id9 (Insula),6,True,0,,Homo sapiens,"(22, 54, 170)"
JULICH_BRAIN_CYTOARCHITECTONIC_ATLAS_V3_1_AREA_ID7_INSULA,Area Id7 (Insula),JULICH_BRAIN_CYTOARCHITECTONIC_ATLAS_V3_1_DYSGRANULAR_INSULA,dysgranular insula,5,False,2,,Homo sapiens,
JULICH_BRAIN_CYTOARCHITECTONIC_ATLAS_V3_1_AREA_ID7_INSULA_RIGHT,Area Id7 (Insula) right,JULICH_BRAIN_CYTOARCHITECTONIC_ATLAS_V3_1_AREA_ID7_INSULA,Area Id7 (Insula),6,True,0,,Homo sapiens,"(187, 249, 215)"
JULICH_BRAIN_CYTOARCHITECTONIC_ATLAS_V3_1_AREA_ID7_INSULA_LEFT,Area Id7 (Insula) left,JULICH_BRAIN_CYTOARCHITECTONIC_ATLAS_V3_1_AREA_ID7_INSULA,Area Id7 (Insula),6,True,0,,Homo sapiens,"(187, 249, 215)"
JULICH_BRAIN_CYTOARCHITECTONIC_ATLAS_V3_1_AREA_ID5_INSULA,Area Id5 (Insula),JULICH_BRAIN_CYTOARCHITECTONIC_ATLAS_V3_1_DYSGRANULAR_INSULA,dysgranular insula,5,False,2,,Homo sapiens,
JULICH_BRAIN_CYTOARCHITECTONIC_ATLAS_V3_1_AREA_ID5_INSULA_RIGHT,Area Id5 (Insula) right,JULICH_BRAIN_CYTOARCHITECTONIC_ATLAS_V3_1_AREA_ID5_INSULA,Area Id5 (Insula),6,True,0,,Homo sapiens,"(111, 6, 49)"
JULICH_BRAIN_CYTOARCHITECTONIC_ATLAS_V3_1_AREA_ID5_INSULA_LEFT,Area Id5 (Insula) left,JULICH_BRAIN_CYTOARCHITECTONIC_ATLAS_V3_1_AREA_ID5_INSULA,Area Id5 (Insula),6,True,0,,Homo sapiens,"(111, 6, 49)"
JULICH_BRAIN_CYTOARCHITECTONIC_ATLAS_V3_1_AREA_ID6_INSULA,Area Id6 (Insula),JULICH_BRAIN_CYTOARCHITECTONIC_ATLAS_V3_1_DYSGRANULAR_INSULA,dysgranular insula,5,False,2,,Homo sapiens,
JULICH_BRAIN_CYTOARCHITECTONIC_ATLAS_V3_1_AREA_ID6_INSULA_RIGHT,Area Id6 (Insula) right,JULICH_BRAIN_CYTOARCHITECTONIC_ATLAS_V3_1_AREA_ID6_INSULA,Area Id6 (Insula),6,True,0,,Homo sapiens,"(137, 126, 119)"
JULICH_BRAIN_CYTOARCHITECTONIC_ATLAS_V3_1_AREA_ID6_INSULA_LEFT,Area Id6 (Insula) left,JULICH_BRAIN_CYTOARCHITECTONIC_ATLAS_V3_1_AREA_ID6_INSULA,Area Id6 (Insula),6,True,0,,Homo sapiens,"(137, 126, 119)"
JULICH_BRAIN_CYTOARCHITECTONIC_ATLAS_V3_1_AREA_ID10_INSULA,Area Id10 (Insula),JULICH_BRAIN_CYTOARCHITECTONIC_ATLAS_V3_1_DYSGRANULAR_INSULA,dysgranular insula,5,False,2,,Homo sapiens,
JULICH_BRAIN_CYTOARCHITECTONIC_ATLAS_V3_1_AREA_ID10_INSULA_RIGHT,Area Id10 (Insula) right,JULICH_BRAIN_CYTOARCHITECTONIC_ATLAS_V3_1_AREA_ID10_INSULA,Area Id10 (Insula),6,True,0,,Homo sapiens,"(179, 100, 192)"
JULICH_BRAIN_CYTOARCHITECTONIC_ATLAS_V3_1_AREA_ID10_INSULA_LEFT,Area Id10 (Insula) left,JULICH_BRAIN_CYTOARCHITECTONIC_ATLAS_V3_1_AREA_ID10_INSULA,Area Id10 (Insula),6,True,0,,Homo sapiens,"(179, 100, 192)"
JULICH_BRAIN_CYTOARCHITECTONIC_ATLAS_V3_1_AREA_ID4_INSULA,Area Id4 (Insula),JULICH_BRAIN_CYTOARCHITECTONIC_ATLAS_V3_1_DYSGRANULAR_INSULA,dysgranular insula,5,False,2,,Homo sapiens,
JULICH_BRAIN_CYTOARCHITECTONIC_ATLAS_V3_1_AREA_ID4_INSULA_RIGHT,Area Id4 (Insula) right,JULICH_BRAIN_CYTOARCHITECTONIC_ATLAS_V3_1_AREA_ID4_INSULA,Area Id4 (Insula),6,True,0,,Homo sapiens,"(37, 173, 112)"
JULICH_BRAIN_CYTOARCHITECTONIC_ATLAS_V3_1_AREA_ID4_INSULA_LEFT,Area Id4 (Insula) left,JULICH_BRAIN_CYTOARCHITECTONIC_ATLAS_V3_1_AREA_ID4_INSULA,Area Id4 (Insula),6,True,0,,Homo sapiens,"(37, 173, 112)"
JULICH_BRAIN_CYTOARCHITECTONIC_ATLAS_V3_1_AREA_ID3_INSULA,Area Id3 (Insula),JULICH_BRAIN_CYTOARCHITECTONIC_ATLAS_V3_1_DYSGRANULAR_INSULA,dysgranular insula,5,False,2,,Homo sapiens,
JULICH_BRAIN_CYTOARCHITECTONIC_ATLAS_V3_1_AREA_ID3_INSULA_RIGHT,Area Id3 (Insula) right,JULICH_BRAIN_CYTOARCHITECTONIC_ATLAS_V3_1_AREA_ID3_INSULA,Area Id3 (Insula),6,True,0,,Homo sapiens,"(31, 31, 57)"
JULICH_BRAIN_CYTOARCHITECTONIC_ATLAS_V3_1_AREA_ID3_INSULA_LEFT,Area Id3 (Insula) left,JULICH_BRAIN_CYTOARCHITECTONIC_ATLAS_V3_1_AREA_ID3_INSULA,Area Id3 (Insula),6,True,0,,Homo sapiens,"(31, 31, 57)"
JULICH_BRAIN_CYTOARCHITECTONIC_ATLAS_V3_1_TEMPORAL_LOBE,temporal lobe,JULICH_BRAIN_CYTOARCHITECTONIC_ATLAS_V3_1_CEREBRAL_CORTEX,cerebral cortex,3,False,9,,Homo sapiens,
JULICH_BRAIN_CYTOARCHITECTONIC_ATLAS_V3_1_SUPERIOR_TEMPORAL_SULCUS,superior temporal sulcus,JULICH_BRAIN_CYTOARCHITECTONIC_ATLAS_V3_1_TEMPORAL_LOBE,temporal lobe,4,False,2,,Homo sapiens,
JULICH_BRAIN_CYTOARCHITECTONIC_ATLAS_V3_1_AREA_STS2_STS,Area STS2 (STS),JULICH_BRAIN_CYTOARCHITECTONIC_ATLAS_V3_1_SUPERIOR_TEMPORAL_SULCUS,superior temporal sulcus,5,False,2,,Homo sapiens,
JULICH_BRAIN_CYTOARCHITECTONIC_ATLAS_V3_1_AREA_STS2_STS_RIGHT,Area STS2 (STS) right,JULICH_BRAIN_CYTOARCHITECTONIC_ATLAS_V3_1_AREA_STS2_STS,Area STS2 (STS),6,True,0,,Homo sapiens,"(18, 174, 189)"
JULICH_BRAIN_CYTOARCHITECTONIC_ATLAS_V3_1_AREA_STS2_STS_LEFT,Area STS2 (STS) left,JULICH_BRAIN_CYTOARCHITECTONIC_ATLAS_V3_1_AREA_STS2_STS,Area STS2 (STS),6,True,0,,Homo sapiens,"(18, 174, 189)"
JULICH_BRAIN_CYTOARCHITECTONIC_ATLAS_V3_1_AREA_STS1_STS,Area STS1 (STS),JULICH_BRAIN_CYTOARCHITECTONIC_ATLAS_V3_1_SUPERIOR_TEMPORAL_SULCUS,superior temporal sulcus,5,False,2,,Homo sapiens,
JULICH_BRAIN_CYTOARCHITECTONIC_ATLAS_V3_1_AREA_STS1_STS_RIGHT,Area STS1 (STS) right,JULICH_BRAIN_CYTOARCHITECTONIC_ATLAS_V3_1_AREA_STS1_STS,Area STS1 (STS),6,True,0,,Homo sapiens,"(205, 227, 4)"
JULICH_BRAIN_CYTOARCHITECTONIC_ATLAS_V3_1_AREA_STS1_STS_LEFT,Area STS1 (STS) left,JULICH_BRAIN_CYTOARCHITECTONIC_ATLAS_V3_1_AREA_STS1_STS,Area STS1 (STS),6,True,0,,Homo sapiens,"(205, 227, 4)"
JULICH_BRAIN_CYTOARCHITECTONIC_ATLAS_V3_1_OCCIPITO_TEMPORAL_SULCUS,occipito-temporal sulcus,JULICH_BRAIN_CYTOARCHITECTONIC_ATLAS_V3_1_TEMPORAL_LOBE,temporal lobe,4,False,1,,Homo sapiens,
JULICH_BRAIN_CYTOARCHITECTONIC_ATLAS_V3_1_AREA_OTS1_OTS,Area OTS1 (OTS),JULICH_BRAIN_CYTOARCHITECTONIC_ATLAS_V3_1_OCCIPITO_TEMPORAL_SULCUS,occipito-temporal sulcus,5,False,2,,Homo sapiens,
JULICH_BRAIN_CYTOARCHITECTONIC_ATLAS_V3_1_AREA_OTS1_OTS_RIGHT,Area OTS1 (OTS) right,JULICH_BRAIN_CYTOARCHITECTONIC_ATLAS_V3_1_AREA_OTS1_OTS,Area OTS1 (OTS),6,True,0,,Homo sapiens,"(102, 0, 52)"
JULICH_BRAIN_CYTOARCHITECTONIC_ATLAS_V3_1_AREA_OTS1_OTS_LEFT,Area OTS1 (OTS) left,JULICH_BRAIN_CYTOARCHITECTONIC_ATLAS_V3_1_AREA_OTS1_OTS,Area OTS1 (OTS),6,True,0,,Homo sapiens,"(102, 0, 52)"
JULICH_BRAIN_CYTOARCHITECTONIC_ATLAS_V3_1_SUPERIOR_TEMPORAL_GYRUS,superior temporal gyrus,JULICH_BRAIN_CYTOARCHITECTONIC_ATLAS_V3_1_TEMPORAL_LOBE,temporal lobe,4,False,3,,Homo sapiens,
JULICH_BRAIN_CYTOARCHITECTONIC_ATLAS_V3_1_AREA_TE_3_STG,Area Te 3 (STG),JULICH_BRAIN_CYTOARCHITECTONIC_ATLAS_V3_1_SUPERIOR_TEMPORAL_GYRUS,superior temporal gyrus,5,False,2,,Homo sapiens,
JULICH_BRAIN_CYTOARCHITECTONIC_ATLAS_V3_1_AREA_TE_3_STG_RIGHT,Area Te 3 (STG) right,JULICH_BRAIN_CYTOARCHITECTONIC_ATLAS_V3_1_AREA_TE_3_STG,Area Te 3 (STG),6,True,0,,Homo sapiens,"(159, 104, 108)"
JULICH_BRAIN_CYTOARCHITECTONIC_ATLAS_V3_1_AREA_TE_3_STG_LEFT,Area Te 3 (STG) left,JULICH_BRAIN_CYTOARCHITECTONIC_ATLAS_V3_1_AREA_TE_3_STG,Area Te 3 (STG),6,True,0,,Homo sapiens,"(159, 104, 108)"
JULICH_BRAIN_CYTOARCHITECTONIC_ATLAS_V3_1_AREA_TE_2_2_STG,Area Te 2.2 (STG),JULICH_BRAIN_CYTOARCHITECTONIC_ATLAS_V3_1_SUPERIOR_TEMPORAL_GYRUS,superior temporal gyrus,5,False,2,,Homo sapiens,
JULICH_BRAIN_CYTOARCHITECTONIC_ATLAS_V3_1_AREA_TE_2_2_STG_RIGHT,Area Te 2.2 (STG) right,JULICH_BRAIN_CYTOARCHITECTONIC_ATLAS_V3_1_AREA_TE_2_2_STG,Area Te 2.2 (STG),6,True,0,,Homo sapiens,"(138, 62, 192)"
JULICH_BRAIN_CYTOARCHITECTONIC_ATLAS_V3_1_AREA_TE_2_2_STG_LEFT,Area Te 2.2 (STG) left,JULICH_BRAIN_CYTOARCHITECTONIC_ATLAS_V3_1_AREA_TE_2_2_STG,Area Te 2.2 (STG),6,True,0,,Homo sapiens,"(138, 62, 192)"
JULICH_BRAIN_CYTOARCHITECTONIC_ATLAS_V3_1_AREA_TE_2_1_STG,Area Te 2.1 (STG),JULICH_BRAIN_CYTOARCHITECTONIC_ATLAS_V3_1_SUPERIOR_TEMPORAL_GYRUS,superior temporal gyrus,5,False,2,,Homo sapiens,
JULICH_BRAIN_CYTOARCHITECTONIC_ATLAS_V3_1_AREA_TE_2_1_STG_RIGHT,Area Te 2.1 (STG) right,JULICH_BRAIN_CYTOARCHITECTONIC_ATLAS_V3_1_AREA_TE_2_1_STG,Area Te 2.1 (STG),6,True,0,,Homo sapiens,"(67, 253, 44)"
JULICH_BRAIN_CYTOARCHITECTONIC_ATLAS_V3_1_AREA_TE_2_1_STG_LEFT,Area Te 2.1 (STG) left,JULICH_BRAIN_CYTOARCHITECTONIC_ATLAS_V3_1_AREA_TE_2_1_STG,Area Te 2.1 (STG),6,True,0,,Homo sapiens,"(67, 253, 44)"
JULICH_BRAIN_CYTOARCHITECTONIC_ATLAS_V3_1_HESCHL_S_GYRUS,Heschl's gyrus,JULICH_BRAIN_CYTOARCHITECTONIC_ATLAS_V3_1_TEMPORAL_LOBE,temporal lobe,4,False,3,,Homo sapiens,
JULICH_BRAIN_CYTOARCHITECTONIC_ATLAS_V3_1_AREA_TE_1_1_HESCHL,Area Te 1.1 (HESCHL),JULICH_BRAIN_CYTOARCHITECTONIC_ATLAS_V3_1_HESCHL_S_GYRUS,Heschl's gyrus,5,False,2,,Homo sapiens,
JULICH_BRAIN_CYTOARCHITECTONIC_ATLAS_V3_1_AREA_TE_1_1_HESCHL_RIGHT,Area Te 1.1 (HESCHL) right,JULICH_BRAIN_CYTOARCHITECTONIC_ATLAS_V3_1_AREA_TE_1_1_HESCHL,Area Te 1.1 (HESCHL),6,True,0,,Homo sapiens,"(7, 112, 68)"
JULICH_BRAIN_CYTOARCHITECTONIC_ATLAS_V3_1_AREA_TE_1_1_HESCHL_LEFT,Area Te 1.1 (HESCHL) left,JULICH_BRAIN_CYTOARCHITECTONIC_ATLAS_V3_1_AREA_TE_1_1_HESCHL,Area Te 1.1 (HESCHL),6,True,0,,Homo sapiens,"(7, 112, 68)"
JULICH_BRAIN_CYTOARCHITECTONIC_ATLAS_V3_1_AREA_TE_1_2_HESCHL,Area Te 1.2 (HESCHL),JULICH_BRAIN_CYTOARCHITECTONIC_ATLAS_V3_1_HESCHL_S_GYRUS,Heschl's gyrus,5,False,2,,Homo sapiens,
JULICH_BRAIN_CYTOARCHITECTONIC_ATLAS_V3_1_AREA_TE_1_2_HESCHL_RIGHT,Area Te 1.2 (HESCHL) right,JULICH_BRAIN_CYTOARCHITECTONIC_ATLAS_V3_1_AREA_TE_1_2_HESCHL,Area Te 1.2 (HESCHL),6,True,0,,Homo sapiens,"(201, 250, 192)"
JULICH_BRAIN_CYTOARCHITECTONIC_ATLAS_V3_1_AREA_TE_1_2_HESCHL_LEFT,Area Te 1.2 (HESCHL) left,JULICH_BRAIN_CYTOARCHITECTONIC_ATLAS_V3_1_AREA_TE_1_2_HESCHL,Area Te 1.2 (HESCHL),6,True,0,,Homo sapiens,"(201, 250, 192)"
JULICH_BRAIN_CYTOARCHITECTONIC_ATLAS_V3_1_AREA_TE_1_0_HESCHL,Area Te 1.0 (HESCHL),JULICH_BRAIN_CYTOARCHITECTONIC_ATLAS_V3_1_HESCHL_S_GYRUS,Heschl's gyrus,5,False,2,,Homo sapiens,
JULICH_BRAIN_CYTOARCHITECTONIC_ATLAS_V3_1_AREA_TE_1_0_HESCHL_RIGHT,Area Te 1.0 (HESCHL) right,JULICH_BRAIN_CYTOARCHITECTONIC_ATLAS_V3_1_AREA_TE_1_0_HESCHL,Area Te 1.0 (HESCHL),6,True,0,,Homo sapiens,"(251, 83, 222)"
JULICH_BRAIN_CYTOARCHITECTONIC_ATLAS_V3_1_AREA_TE_1_0_HESCHL_LEFT,Area Te 1.0 (HESCHL) left,JULICH_BRAIN_CYTOARCHITECTONIC_ATLAS_V3_1_AREA_TE_1_0_HESCHL,Area Te 1.0 (HESCHL),6,True,0,,Homo sapiens,"(251, 83, 222)"
JULICH_BRAIN_CYTOARCHITECTONIC_ATLAS_V3_1_PARAHIPPOCAMPAL_GYRUS,parahippocampal gyrus,JULICH_BRAIN_CYTOARCHITECTONIC_ATLAS_V3_1_TEMPORAL_LOBE,temporal lobe,4,False,3,,Homo sapiens,
JULICH_BRAIN_CYTOARCHITECTONIC_ATLAS_V3_1_AREA_PH1_PHG,Area Ph1 (PhG),JULICH_BRAIN_CYTOARCHITECTONIC_ATLAS_V3_1_PARAHIPPOCAMPAL_GYRUS,parahippocampal gyrus,5,False,2,,Homo sapiens,
JULICH_BRAIN_CYTOARCHITECTONIC_ATLAS_V3_1_AREA_PH1_PHG_RIGHT,Area Ph1 (PhG) right,JULICH_BRAIN_CYTOARCHITECTONIC_ATLAS_V3_1_AREA_PH1_PHG,Area Ph1 (PhG),6,True,0,,Homo sapiens,"(0, 128, 0)"
JULICH_BRAIN_CYTOARCHITECTONIC_ATLAS_V3_1_AREA_PH1_PHG_LEFT,Area Ph1 (PhG) left,JULICH_BRAIN_CYTOARCHITECTONIC_ATLAS_V3_1_AREA_PH1_PHG,Area Ph1 (PhG),6,True,0,,Homo sapiens,"(0, 128, 0)"
JULICH_BRAIN_CYTOARCHITECTONIC_ATLAS_V3_1_AREA_PH2_PHG,Area Ph2 (PhG),JULICH_BRAIN_CYTOARCHITECTONIC_ATLAS_V3_1_PARAHIPPOCAMPAL_GYRUS,parahippocampal gyrus,5,False,2,,Homo sapiens,
JULICH_BRAIN_CYTOARCHITECTONIC_ATLAS_V3_1_AREA_PH2_PHG_RIGHT,Area Ph2 (PhG) right,JULICH_BRAIN_CYTOARCHITECTONIC_ATLAS_V3_1_AREA_PH2_PHG,Area Ph2 (PhG),6,True,0,,Homo sapiens,"(128, 128, 0)"
JULICH_BRAIN_CYTOARCHITECTONIC_ATLAS_V3_1_AREA_PH2_PHG_LEFT,Area Ph2 (PhG) left,JULICH_BRAIN_CYTOARCHITECTONIC_ATLAS_V3_1_AREA_PH2_PHG,Area Ph2 (PhG),6,True,0,,Homo sapiens,"(128, 128, 0)"
JULICH_BRAIN_CYTOARCHITECTONIC_ATLAS_V3_1_AREA_PH3_PHG,Area Ph3 (PhG),JULICH_BRAIN_CYTOARCHITECTONIC_ATLAS_V3_1_PARAHIPPOCAMPAL_GYRUS,parahippocampal gyrus,5,False,2,,Homo sapiens,
JULICH_BRAIN_CYTOARCHITECTONIC_ATLAS_V3_1_AREA_PH3_PHG_RIGHT,Area Ph3 (PhG) right,JULICH_BRAIN_CYTOARCHITECTONIC_ATLAS_V3_1_AREA_PH3_PHG,Area Ph3 (PhG),6,True,0,,Homo sapiens,"(128, 0, 0)"
JULICH_BRAIN_CYTOARCHITECTONIC_ATLAS_V3_1_AREA_PH3_PHG_LEFT,Area Ph3 (PhG) left,JULICH_BRAIN_CYTOARCHITECTONIC_ATLAS_V3_1_AREA_PH3_PHG,Area Ph3 (PhG),6,True,0,,Homo sapiens,"(128, 0, 0)"
JULICH_BRAIN_CYTOARCHITECTONIC_ATLAS_V3_1_COLLATERAL_SULCUS,collateral sulcus,JULICH_BRAIN_CYTOARCHITECTONIC_ATLAS_V3_1_TEMPORAL_LOBE,temporal lobe,4,False,1,,Homo sapiens,
JULICH_BRAIN_CYTOARCHITECTONIC_ATLAS_V3_1_AREA_COS1_COS,Area CoS1 (CoS),JULICH_BRAIN_CYTOARCHITECTONIC_ATLAS_V3_1_COLLATERAL_SULCUS,collateral sulcus,5,False,2,,Homo sapiens,
JULICH_BRAIN_CYTOARCHITECTONIC_ATLAS_V3_1_AREA_COS1_COS_RIGHT,Area CoS1 (CoS) right,JULICH_BRAIN_CYTOARCHITECTONIC_ATLAS_V3_1_AREA_COS1_COS,Area CoS1 (CoS),6,True,0,,Homo sapiens,"(0, 120, 128)"
JULICH_BRAIN_CYTOARCHITECTONIC_ATLAS_V3_1_AREA_COS1_COS_LEFT,Area CoS1 (CoS) left,JULICH_BRAIN_CYTOARCHITECTONIC_ATLAS_V3_1_AREA_COS1_COS,Area CoS1 (CoS),6,True,0,,Homo sapiens,"(0, 120, 128)"
JULICH_BRAIN_CYTOARCHITECTONIC_ATLAS_V3_1_TEMPORAL_INSULA,temporal insula,JULICH_BRAIN_CYTOARCHITECTONIC_ATLAS_V3_1_TEMPORAL_LOBE,temporal lobe,4,False,2,,Homo sapiens,
JULICH_BRAIN_CYTOARCHITECTONIC_ATLAS_V3_1_AREA_TI_STG,Area TI (STG),JULICH_BRAIN_CYTOARCHITECTONIC_ATLAS_V3_1_TEMPORAL_INSULA,temporal insula,5,False,2,,Homo sapiens,
JULICH_BRAIN_CYTOARCHITECTONIC_ATLAS_V3_1_AREA_TI_STG_RIGHT,Area TI (STG) right,JULICH_BRAIN_CYTOARCHITECTONIC_ATLAS_V3_1_AREA_TI_STG,Area TI (STG),6,True,0,,Homo sapiens,"(85, 100, 21)"
JULICH_BRAIN_CYTOARCHITECTONIC_ATLAS_V3_1_AREA_TI_STG_LEFT,Area TI (STG) left,JULICH_BRAIN_CYTOARCHITECTONIC_ATLAS_V3_1_AREA_TI_STG,Area TI (STG),6,True,0,,Homo sapiens,"(85, 100, 21)"
JULICH_BRAIN_CYTOARCHITECTONIC_ATLAS_V3_1_AREA_TEI_STG,Area TeI (STG),JULICH_BRAIN_CYTOARCHITECTONIC_ATLAS_V3_1_TEMPORAL_INSULA,temporal insula,5,False,2,,Homo sapiens,
JULICH_BRAIN_CYTOARCHITECTONIC_ATLAS_V3_1_AREA_TEI_STG_RIGHT,Area TeI (STG) right,JULICH_BRAIN_CYTOARCHITECTONIC_ATLAS_V3_1_AREA_TEI_STG,Area TeI (STG),6,True,0,,Homo sapiens,"(22, 78, 92)"
JULICH_BRAIN_CYTOARCHITECTONIC_ATLAS_V3_1_AREA_TEI_STG_LEFT,Area TeI (STG) left,JULICH_BRAIN_CYTOARCHITECTONIC_ATLAS_V3_1_AREA_TEI_STG,Area TeI (STG),6,True,0,,Homo sapiens,"(22, 78, 92)"
JULICH_BRAIN_CYTOARCHITECTONIC_ATLAS_V3_1_FUSIFORM_GYRUS,fusiform gyrus,JULICH_BRAIN_CYTOARCHITECTONIC_ATLAS_V3_1_TEMPORAL_LOBE,temporal lobe,4,False,5,,Homo sapiens,
JULICH_BRAIN_CYTOARCHITECTONIC_ATLAS_V3_1_AREA_FG5_FUSG,Area FG5 (FusG),JULICH_BRAIN_CYTOARCHITECTONIC_ATLAS_V3_1_FUSIFORM_GYRUS,fusiform gyrus,5,False,2,,Homo sapiens,
JULICH_BRAIN_CYTOARCHITECTONIC_ATLAS_V3_1_AREA_FG5_FUSG_RIGHT,Area FG5 (FusG) right,JULICH_BRAIN_CYTOARCHITECTONIC_ATLAS_V3_1_AREA_FG5_FUSG,Area FG5 (FusG),6,True,0,,Homo sapiens,"(30, 244, 75)"
JULICH_BRAIN_CYTOARCHITECTONIC_ATLAS_V3_1_AREA_FG5_FUSG_LEFT,Area FG5 (FusG) left,JULICH_BRAIN_CYTOARCHITECTONIC_ATLAS_V3_1_AREA_FG5_FUSG,Area FG5 (FusG),6,True,0,,Homo sapiens,"(30, 244, 75)"
JULICH_BRAIN_CYTOARCHITECTONIC_ATLAS_V3_1_AREA_FG2_FUSG,Area FG2 (FusG),JULICH_BRAIN_CYTOARCHITECTONIC_ATLAS_V3_1_FUSIFORM_GYRUS,fusiform gyrus,5,False,2,,Homo sapiens,
JULICH_BRAIN_CYTOARCHITECTONIC_ATLAS_V3_1_AREA_FG2_FUSG_RIGHT,Area FG2 (FusG) right,JULICH_BRAIN_CYTOARCHITECTONIC_ATLAS_V3_1_AREA_FG2_FUSG,Area FG2 (FusG),6,True,0,,Homo sapiens,"(167, 94, 148)"
JULICH_BRAIN_CYTOARCHITECTONIC_ATLAS_V3_1_AREA_FG2_FUSG_LEFT,Area FG2 (FusG) left,JULICH_BRAIN_CYTOARCHITECTONIC_ATLAS_V3_1_AREA_FG2_FUSG,Area FG2 (FusG),6,True,0,,Homo sapiens,"(167, 94, 148)"
JULICH_BRAIN_CYTOARCHITECTONIC_ATLAS_V3_1_AREA_FG3_FUSG,Area FG3 (FusG),JULICH_BRAIN_CYTOARCHITECTONIC_ATLAS_V3_1_FUSIFORM_GYRUS,fusiform gyrus,5,False,2,,Homo sapiens,
JULICH_BRAIN_CYTOARCHITECTONIC_ATLAS_V3_1_AREA_FG3_FUSG_RIGHT,Area FG3 (FusG) right,JULICH_BRAIN_CYTOARCHITECTONIC_ATLAS_V3_1_AREA_FG3_FUSG,Area FG3 (FusG),6,True,0,,Homo sapiens,"(120, 146, 36)"
JULICH_BRAIN_CYTOARCHITECTONIC_ATLAS_V3_1_AREA_FG3_FUSG_LEFT,Area FG3 (FusG) left,JULICH_BRAIN_CYTOARCHITECTONIC_ATLAS_V3_1_AREA_FG3_FUSG,Area FG3 (FusG),6,True,0,,Homo sapiens,"(120, 146, 36)"
JULICH_BRAIN_CYTOARCHITECTONIC_ATLAS_V3_1_AREA_FG1_FUSG,Area FG1 (FusG),JULICH_BRAIN_CYTOARCHITECTONIC_ATLAS_V3_1_FUSIFORM_GYRUS,fusiform gyrus,5,False,2,,Homo sapiens,
JULICH_BRAIN_CYTOARCHITECTONIC_ATLAS_V3_1_AREA_FG1_FUSG_RIGHT,Area FG1 (FusG) right,JULICH_BRAIN_CYTOARCHITECTONIC_ATLAS_V3_1_AREA_FG1_FUSG,Area FG1 (FusG),6,True,0,,Homo sapiens,"(131, 183, 57)"
JULICH_BRAIN_CYTOARCHITECTONIC_ATLAS_V3_1_AREA_FG1_FUSG_LEFT,Area FG1 (FusG) left,JULICH_BRAIN_CYTOARCHITECTONIC_ATLAS_V3_1_AREA_FG1_FUSG,Area FG1 (FusG),6,True,0,,Homo sapiens,"(131, 183, 57)"
JULICH_BRAIN_CYTOARCHITECTONIC_ATLAS_V3_1_AREA_FG4_FUSG,Area FG4 (FusG),JULICH_BRAIN_CYTOARCHITECTONIC_ATLAS_V3_1_FUSIFORM_GYRUS,fusiform gyrus,5,False,2,,Homo sapiens,
JULICH_BRAIN_CYTOARCHITECTONIC_ATLAS_V3_1_AREA_FG4_FUSG_RIGHT,Area FG4 (FusG) right,JULICH_BRAIN_CYTOARCHITECTONIC_ATLAS_V3_1_AREA_FG4_FUSG,Area FG4 (FusG),6,True,0,,Homo sapiens,"(170, 220, 174)"
JULICH_BRAIN_CYTOARCHITECTONIC_ATLAS_V3_1_AREA_FG4_FUSG_LEFT,Area FG4 (FusG) left,JULICH_BRAIN_CYTOARCHITECTONIC_ATLAS_V3_1_AREA_FG4_FUSG,Area FG4 (FusG),6,True,0,,Homo sapiens,"(170, 220, 174)"
JULICH_BRAIN_CYTOARCHITECTONIC_ATLAS_V3_1_TEMPORO_PARIETAL_JUNCTION,temporo-parietal junction,JULICH_BRAIN_CYTOARCHITECTONIC_ATLAS_V3_1_TEMPORAL_LOBE,temporal lobe,4,False,1,,Homo sapiens,
JULICH_BRAIN_CYTOARCHITECTONIC_ATLAS_V3_1_AREA_TPJ_STG_SMG,"Area TPJ (STG, SMG)",JULICH_BRAIN_CYTOARCHITECTONIC_ATLAS_V3_1_TEMPORO_PARIETAL_JUNCTION,temporo-parietal junction,5,False,2,,Homo sapiens,
JULICH_BRAIN_CYTOARCHITECTONIC_ATLAS_V3_1_AREA_TPJ_STG_SMG_RIGHT,"Area TPJ (STG, SMG) right",JULICH_BRAIN_CYTOARCHITECTONIC_ATLAS_V3_1_AREA_TPJ_STG_SMG,"Area TPJ (STG, SMG)",6,True,0,,Homo sapiens,"(95, 195, 49)"
JULICH_BRAIN_CYTOARCHITECTONIC_ATLAS_V3_1_AREA_TPJ_STG_SMG_LEFT,"Area TPJ (STG, SMG) left",JULICH_BRAIN_CYTOARCHITECTONIC_ATLAS_V3_1_AREA_TPJ_STG_SMG,"Area TPJ (STG, SMG)",6,True,0,,Homo sapiens,"(95, 195, 49)"
JULICH_BRAIN_CYTOARCHITECTONIC_ATLAS_V3_1_OCCIPITAL_LOBE,occipital lobe,JULICH_BRAIN_CYTOARCHITECTONIC_ATLAS_V3_1_CEREBRAL_CORTEX,cerebral cortex,3,False,4,,Homo sapiens,
JULICH_BRAIN_CYTOARCHITECTONIC_ATLAS_V3_1_OCCIPITAL_CORTEX,occipital cortex,JULICH_BRAIN_CYTOARCHITECTONIC_ATLAS_V3_1_OCCIPITAL_LOBE,occipital lobe,4,False,2,,Homo sapiens,
JULICH_BRAIN_CYTOARCHITECTONIC_ATLAS_V3_1_AREA_HOC2_V2_18,"Area hOc2 (V2, 18)",JULICH_BRAIN_CYTOARCHITECTONIC_ATLAS_V3_1_OCCIPITAL_CORTEX,occipital cortex,5,False,2,,Homo sapiens,
JULICH_BRAIN_CYTOARCHITECTONIC_ATLAS_V3_1_AREA_HOC2_V2_18_RIGHT,"Area hOc2 (V2, 18) right",JULICH_BRAIN_CYTOARCHITECTONIC_ATLAS_V3_1_AREA_HOC2_V2_18,"Area hOc2 (V2, 18)",6,True,0,,Homo sapiens,"(83, 109, 21)"
JULICH_BRAIN_CYTOARCHITECTONIC_ATLAS_V3_1_AREA_HOC2_V2_18_LEFT,"Area hOc2 (V2, 18) left",JULICH_BRAIN_CYTOARCHITECTONIC_ATLAS_V3_1_AREA_HOC2_V2_18,"Area hOc2 (V2, 18)",6,True,0,,Homo sapiens,"(83, 109, 21)"
JULICH_BRAIN_CYTOARCHITECTONIC_ATLAS_V3_1_AREA_HOC1_V1_17_CALCS,"Area hOc1 (V1, 17, CalcS)",JULICH_BRAIN_CYTOARCHITECTONIC_ATLAS_V3_1_OCCIPITAL_CORTEX,occipital cortex,5,False,2,,Homo sapiens,
JULICH_BRAIN_CYTOARCHITECTONIC_ATLAS_V3_1_AREA_HOC1_V1_17_CALCS_RIGHT,"Area hOc1 (V1, 17, CalcS) right",JULICH_BRAIN_CYTOARCHITECTONIC_ATLAS_V3_1_AREA_HOC1_V1_17_CALCS,"Area hOc1 (V1, 17, CalcS)",6,True,0,,Homo sapiens,"(189, 132, 146)"
JULICH_BRAIN_CYTOARCHITECTONIC_ATLAS_V3_1_AREA_HOC1_V1_17_CALCS_LEFT,"Area hOc1 (V1, 17, CalcS) left",JULICH_BRAIN_CYTOARCHITECTONIC_ATLAS_V3_1_AREA_HOC1_V1_17_CALCS,"Area hOc1 (V1, 17, CalcS)",6,True,0,,Homo sapiens,"(189, 132, 146)"
JULICH_BRAIN_CYTOARCHITECTONIC_ATLAS_V3_1_DORSAL_OCCIPITAL_CORTEX,dorsal occipital cortex,JULICH_BRAIN_CYTOARCHITECTONIC_ATLAS_V3_1_OCCIPITAL_LOBE,occipital lobe,4,False,3,,Homo sapiens,
JULICH_BRAIN_CYTOARCHITECTONIC_ATLAS_V3_1_AREA_HOC6_POS,Area hOc6 (POS),JULICH_BRAIN_CYTOARCHITECTONIC_ATLAS_V3_1_DORSAL_OCCIPITAL_CORTEX,dorsal occipital cortex,5,False,2,,Homo sapiens,
JULICH_BRAIN_CYTOARCHITECTONIC_ATLAS_V3_1_AREA_HOC6_POS_RIGHT,Area hOc6 (POS) right,JULICH_BRAIN_CYTOARCHITECTONIC_ATLAS_V3_1_AREA_HOC6_POS,Area hOc6 (POS),6,True,0,,Homo sapiens,"(238, 66, 26)"
JULICH_BRAIN_CYTOARCHITECTONIC_ATLAS_V3_1_AREA_HOC6_POS_LEFT,Area hOc6 (POS) left,JULICH_BRAIN_CYTOARCHITECTONIC_ATLAS_V3_1_AREA_HOC6_POS,Area hOc6 (POS),6,True,0,,Homo sapiens,"(238, 66, 26)"
JULICH_BRAIN_CYTOARCHITECTONIC_ATLAS_V3_1_AREA_HOC4D_CUNEUS,Area hOc4d (Cuneus),JULICH_BRAIN_CYTOARCHITECTONIC_ATLAS_V3_1_DORSAL_OCCIPITAL_CORTEX,dorsal occipital cortex,5,False,2,,Homo sapiens,
JULICH_BRAIN_CYTOARCHITECTONIC_ATLAS_V3_1_AREA_HOC4D_CUNEUS_RIGHT,Area hOc4d (Cuneus) right,JULICH_BRAIN_CYTOARCHITECTONIC_ATLAS_V3_1_AREA_HOC4D_CUNEUS,Area hOc4d (Cuneus),6,True,0,,Homo sapiens,"(170, 62, 218)"
JULICH_BRAIN_CYTOARCHITECTONIC_ATLAS_V3_1_AREA_HOC4D_CUNEUS_LEFT,Area hOc4d (Cuneus) left,JULICH_BRAIN_CYTOARCHITECTONIC_ATLAS_V3_1_AREA_HOC4D_CUNEUS,Area hOc4d (Cuneus),6,True,0,,Homo sapiens,"(170, 62, 218)"
JULICH_BRAIN_CYTOARCHITECTONIC_ATLAS_V3_1_AREA_HOC3D_CUNEUS,Area hOc3d (Cuneus),JULICH_BRAIN_CYTOARCHITECTONIC_ATLAS_V3_1_DORSAL_OCCIPITAL_CORTEX,dorsal occipital cortex,5,False,2,,Homo sapiens,
JULICH_BRAIN_CYTOARCHITECTONIC_ATLAS_V3_1_AREA_HOC3D_CUNEUS_RIGHT,Area hOc3d (Cuneus) right,JULICH_BRAIN_CYTOARCHITECTONIC_ATLAS_V3_1_AREA_HOC3D_CUNEUS,Area hOc3d (Cuneus),6,True,0,,Homo sapiens,"(105, 190, 47)"
JULICH_BRAIN_CYTOARCHITECTONIC_ATLAS_V3_1_AREA_HOC3D_CUNEUS_LEFT,Area hOc3d (Cuneus) left,JULICH_BRAIN_CYTOARCHITECTONIC_ATLAS_V3_1_AREA_HOC3D_CUNEUS,Area hOc3d (Cuneus),6,True,0,,Homo sapiens,"(105, 190, 47)"
JULICH_BRAIN_CYTOARCHITECTONIC_ATLAS_V3_1_VENTRAL_OCCIPITAL_CORTEX,ventral occipital cortex,JULICH_BRAIN_CYTOARCHITECTONIC_ATLAS_V3_1_OCCIPITAL_LOBE,occipital lobe,4,False,2,,Homo sapiens,
JULICH_BRAIN_CYTOARCHITECTONIC_ATLAS_V3_1_AREA_HOC3V_LINGG,Area hOc3v (LingG),JULICH_BRAIN_CYTOARCHITECTONIC_ATLAS_V3_1_VENTRAL_OCCIPITAL_CORTEX,ventral occipital cortex,5,False,2,,Homo sapiens,
JULICH_BRAIN_CYTOARCHITECTONIC_ATLAS_V3_1_AREA_HOC3V_LINGG_RIGHT,Area hOc3v (LingG) right,JULICH_BRAIN_CYTOARCHITECTONIC_ATLAS_V3_1_AREA_HOC3V_LINGG,Area hOc3v (LingG),6,True,0,,Homo sapiens,"(82, 179, 155)"
JULICH_BRAIN_CYTOARCHITECTONIC_ATLAS_V3_1_AREA_HOC3V_LINGG_LEFT,Area hOc3v (LingG) left,JULICH_BRAIN_CYTOARCHITECTONIC_ATLAS_V3_1_AREA_HOC3V_LINGG,Area hOc3v (LingG),6,True,0,,Homo sapiens,"(82, 179, 155)"
JULICH_BRAIN_CYTOARCHITECTONIC_ATLAS_V3_1_AREA_HOC4V_LINGG,Area hOc4v (LingG),JULICH_BRAIN_CYTOARCHITECTONIC_ATLAS_V3_1_VENTRAL_OCCIPITAL_CORTEX,ventral occipital cortex,5,False,2,,Homo sapiens,
JULICH_BRAIN_CYTOARCHITECTONIC_ATLAS_V3_1_AREA_HOC4V_LINGG_RIGHT,Area hOc4v (LingG) right,JULICH_BRAIN_CYTOARCHITECTONIC_ATLAS_V3_1_AREA_HOC4V_LINGG,Area hOc4v (LingG),6,True,0,,Homo sapiens,"(222, 77, 155)"
JULICH_BRAIN_CYTOARCHITECTONIC_ATLAS_V3_1_AREA_HOC4V_LINGG_LEFT,Area hOc4v (LingG) left,JULICH_BRAIN_CYTOARCHITECTONIC_ATLAS_V3_1_AREA_HOC4V_LINGG,Area hOc4v (LingG),6,True,0,,Homo sapiens,"(222, 77, 155)"
JULICH_BRAIN_CYTOARCHITECTONIC_ATLAS_V3_1_LATERAL_OCCIPITAL_CORTEX,lateral occipital cortex,JULICH_BRAIN_CYTOARCHITECTONIC_ATLAS_V3_1_OCCIPITAL_LOBE,occipital lobe,4,False,3,,Homo sapiens,
JULICH_BRAIN_CYTOARCHITECTONIC_ATLAS_V3_1_AREA_HOC4LP_LOC,Area hOc4lp (LOC),JULICH_BRAIN_CYTOARCHITECTONIC_ATLAS_V3_1_LATERAL_OCCIPITAL_CORTEX,lateral occipital cortex,5,False,2,,Homo sapiens,
JULICH_BRAIN_CYTOARCHITECTONIC_ATLAS_V3_1_AREA_HOC4LP_LOC_RIGHT,Area hOc4lp (LOC) right,JULICH_BRAIN_CYTOARCHITECTONIC_ATLAS_V3_1_AREA_HOC4LP_LOC,Area hOc4lp (LOC),6,True,0,,Homo sapiens,"(95, 112, 252)"
JULICH_BRAIN_CYTOARCHITECTONIC_ATLAS_V3_1_AREA_HOC4LP_LOC_LEFT,Area hOc4lp (LOC) left,JULICH_BRAIN_CYTOARCHITECTONIC_ATLAS_V3_1_AREA_HOC4LP_LOC,Area hOc4lp (LOC),6,True,0,,Homo sapiens,"(95, 112, 252)"
JULICH_BRAIN_CYTOARCHITECTONIC_ATLAS_V3_1_AREA_HOC5_LOC,Area hOc5 (LOC),JULICH_BRAIN_CYTOARCHITECTONIC_ATLAS_V3_1_LATERAL_OCCIPITAL_CORTEX,lateral occipital cortex,5,False,2,,Homo sapiens,
JULICH_BRAIN_CYTOARCHITECTONIC_ATLAS_V3_1_AREA_HOC5_LOC_RIGHT,Area hOc5 (LOC) right,JULICH_BRAIN_CYTOARCHITECTONIC_ATLAS_V3_1_AREA_HOC5_LOC,Area hOc5 (LOC),6,True,0,,Homo sapiens,"(255, 98, 24)"
JULICH_BRAIN_CYTOARCHITECTONIC_ATLAS_V3_1_AREA_HOC5_LOC_LEFT,Area hOc5 (LOC) left,JULICH_BRAIN_CYTOARCHITECTONIC_ATLAS_V3_1_AREA_HOC5_LOC,Area hOc5 (LOC),6,True,0,,Homo sapiens,"(255, 98, 24)"
JULICH_BRAIN_CYTOARCHITECTONIC_ATLAS_V3_1_AREA_HOC4LA_LOC,Area hOc4la (LOC),JULICH_BRAIN_CYTOARCHITECTONIC_ATLAS_V3_1_LATERAL_OCCIPITAL_CORTEX,lateral occipital cortex,5,False,2,,Homo sapiens,
JULICH_BRAIN_CYTOARCHITECTONIC_ATLAS_V3_1_AREA_HOC4LA_LOC_RIGHT,Area hOc4la (LOC) right,JULICH_BRAIN_CYTOARCHITECTONIC_ATLAS_V3_1_AREA_HOC4LA_LOC,Area hOc4la (LOC),6,True,0,,Homo sapiens,"(233, 168, 188)"
JULICH_BRAIN_CYTOARCHITECTONIC_ATLAS_V3_1_AREA_HOC4LA_LOC_LEFT,Area hOc4la (LOC) left,JULICH_BRAIN_CYTOARCHITECTONIC_ATLAS_V3_1_AREA_HOC4LA_LOC,Area hOc4la (LOC),6,True,0,,Homo sapiens,"(233, 168, 188)"
JULICH_BRAIN_CYTOARCHITECTONIC_ATLAS_V3_1_LIMBIC_LOBE,limbic lobe,JULICH_BRAIN_CYTOARCHITECTONIC_ATLAS_V3_1_CEREBRAL_CORTEX,cerebral cortex,3,False,4,,Homo sapiens,
JULICH_BRAIN_CYTOARCHITECTONIC_ATLAS_V3_1_FRONTAL_CINGULATE_GYRUS,frontal cingulate gyrus,JULICH_BRAIN_CYTOARCHITECTONIC_ATLAS_V3_1_LIMBIC_LOBE,limbic lobe,4,False,7,,Homo sapiens,
JULICH_BRAIN_CYTOARCHITECTONIC_ATLAS_V3_1_AREA_P24C_PACC,Area p24c (pACC),JULICH_BRAIN_CYTOARCHITECTONIC_ATLAS_V3_1_FRONTAL_CINGULATE_GYRUS,frontal cingulate gyrus,5,False,2,,Homo sapiens,
JULICH_BRAIN_CYTOARCHITECTONIC_ATLAS_V3_1_AREA_P24C_PACC_RIGHT,Area p24c (pACC) right,JULICH_BRAIN_CYTOARCHITECTONIC_ATLAS_V3_1_AREA_P24C_PACC,Area p24c (pACC),6,False,3,,Homo sapiens,"(240, 163, 195)"
JULICH_BRAIN_CYTOARCHITECTONIC_ATLAS_V3_1_AREA_P24C_PD24CD_PACC_RIGHT,Area p24c.pd24cd (pACC) right,JULICH_BRAIN_CYTOARCHITECTONIC_ATLAS_V3_1_AREA_P24C_PACC_RIGHT,Area p24c (pACC) right,7,True,0,,Homo sapiens,
JULICH_BRAIN_CYTOARCHITECTONIC_ATLAS_V3_1_AREA_P24C_PD24CV_PACC_RIGHT,Area p24c.pd24cv (pACC) right,JULICH_BRAIN_CYTOARCHITECTONIC_ATLAS_V3_1_AREA_P24C_PACC_RIGHT,Area p24c (pACC) right,7,True,0,,Homo sapiens,
JULICH_BRAIN_CYTOARCHITECTONIC_ATLAS_V3_1_AREA_P24C_PV24C_PACC_RIGHT,Area p24c.pv24c (pACC) right,JULICH_BRAIN_CYTOARCHITECTONIC_ATLAS_V3_1_AREA_P24C_PACC_RIGHT,Area p24c (pACC) right,7,True,0,,Homo sapiens,
JULICH_BRAIN_CYTOARCHITECTONIC_ATLAS_V3_1_AREA_P24C_PACC_LEFT,Area p24c (pACC) left,JULICH_BRAIN_CYTOARCHITECTONIC_ATLAS_V3_1_AREA_P24C_PACC,Area p24c (pACC),6,False,3,,Homo sapiens,"(240, 163, 195)"
JULICH_BRAIN_CYTOARCHITECTONIC_ATLAS_V3_1_AREA_P24C_PD24CD_PACC_LEFT,Area p24c.pd24cd (pACC) left,JULICH_BRAIN_CYTOARCHITECTONIC_ATLAS_V3_1_AREA_P24C_PACC_LEFT,Area p24c (pACC) left,7,True,0,,Homo sapiens,
JULICH_BRAIN_CYTOARCHITECTONIC_ATLAS_V3_1_AREA_P24C_PD24CV_PACC_LEFT,Area p24c.pd24cv (pACC) left,JULICH_BRAIN_CYTOARCHITECTONIC_ATLAS_V3_1_AREA_P24C_PACC_LEFT,Area p24c (pACC) left,7,True,0,,Homo sapiens,
JULICH_BRAIN_CYTOARCHITECTONIC_ATLAS_V3_1_AREA_P24C_PV24C_PACC_LEFT,Area p24c.pv24c (pACC) left,JULICH_BRAIN_CYTOARCHITECTONIC_ATLAS_V3_1_AREA_P24C_PACC_LEFT,Area p24c (pACC) left,7,True,0,,Homo sapiens,
JULICH_BRAIN_CYTOARCHITECTONIC_ATLAS_V3_1_AREA_25_SACC,Area 25 (sACC),JULICH_BRAIN_CYTOARCHITECTONIC_ATLAS_V3_1_FRONTAL_CINGULATE_GYRUS,frontal cingulate gyrus,5,False,2,,Homo sapiens,
JULICH_BRAIN_CYTOARCHITECTONIC_ATLAS_V3_1_AREA_25_SACC_RIGHT,Area 25 (sACC) right,JULICH_BRAIN_CYTOARCHITECTONIC_ATLAS_V3_1_AREA_25_SACC,Area 25 (sACC),6,False,2,,Homo sapiens,"(170, 68, 220)"
JULICH_BRAIN_CYTOARCHITECTONIC_ATLAS_V3_1_AREA_25_25A_SACC_RIGHT,Area 25.25a (sACC) right,JULICH_BRAIN_CYTOARCHITECTONIC_ATLAS_V3_1_AREA_25_SACC_RIGHT,Area 25 (sACC) right,7,True,0,,Homo sapiens,
JULICH_BRAIN_CYTOARCHITECTONIC_ATLAS_V3_1_AREA_25_25P_SACC_RIGHT,Area 25.25p (sACC) right,JULICH_BRAIN_CYTOARCHITECTONIC_ATLAS_V3_1_AREA_25_SACC_RIGHT,Area 25 (sACC) right,7,True,0,,Homo sapiens,
JULICH_BRAIN_CYTOARCHITECTONIC_ATLAS_V3_1_AREA_25_SACC_LEFT,Area 25 (sACC) left,JULICH_BRAIN_CYTOARCHITECTONIC_ATLAS_V3_1_AREA_25_SACC,Area 25 (sACC),6,False,2,,Homo sapiens,"(170, 68, 220)"
JULICH_BRAIN_CYTOARCHITECTONIC_ATLAS_V3_1_AREA_25_25A_SACC_LEFT,Area 25.25a (sACC) left,JULICH_BRAIN_CYTOARCHITECTONIC_ATLAS_V3_1_AREA_25_SACC_LEFT,Area 25 (sACC) left,7,True,0,,Homo sapiens,
JULICH_BRAIN_CYTOARCHITECTONIC_ATLAS_V3_1_AREA_25_25P_SACC_LEFT,Area 25.25p (sACC) left,JULICH_BRAIN_CYTOARCHITECTONIC_ATLAS_V3_1_AREA_25_SACC_LEFT,Area 25 (sACC) left,7,True,0,,Homo sapiens,
JULICH_BRAIN_CYTOARCHITECTONIC_ATLAS_V3_1_AREA_P24AB_PACC,Area p24ab (pACC),JULICH_BRAIN_CYTOARCHITECTONIC_ATLAS_V3_1_FRONTAL_CINGULATE_GYRUS,frontal cingulate gyrus,5,False,2,,Homo sapiens,
JULICH_BRAIN_CYTOARCHITECTONIC_ATLAS_V3_1_AREA_P24AB_PACC_RIGHT,Area p24ab (pACC) right,JULICH_BRAIN_CYTOARCHITECTONIC_ATLAS_V3_1_AREA_P24AB_PACC,Area p24ab (pACC),6,False,2,,Homo sapiens,"(153, 195, 228)"
JULICH_BRAIN_CYTOARCHITECTONIC_ATLAS_V3_1_AREA_P24AB_P24A_PACC_RIGHT,Area p24ab.p24a (pACC) right,JULICH_BRAIN_CYTOARCHITECTONIC_ATLAS_V3_1_AREA_P24AB_PACC_RIGHT,Area p24ab (pACC) right,7,True,0,,Homo sapiens,
JULICH_BRAIN_CYTOARCHITECTONIC_ATLAS_V3_1_AREA_P24AB_P24B_PACC_RIGHT,Area p24ab.p24b (pACC) right,JULICH_BRAIN_CYTOARCHITECTONIC_ATLAS_V3_1_AREA_P24AB_PACC_RIGHT,Area p24ab (pACC) right,7,True,0,,Homo sapiens,
JULICH_BRAIN_CYTOARCHITECTONIC_ATLAS_V3_1_AREA_P24AB_PACC_LEFT,Area p24ab (pACC) left,JULICH_BRAIN_CYTOARCHITECTONIC_ATLAS_V3_1_AREA_P24AB_PACC,Area p24ab (pACC),6,False,2,,Homo sapiens,"(153, 195, 228)"
JULICH_BRAIN_CYTOARCHITECTONIC_ATLAS_V3_1_AREA_P24AB_P24A_PACC_LEFT,Area p24ab.p24a (pACC) left,JULICH_BRAIN_CYTOARCHITECTONIC_ATLAS_V3_1_AREA_P24AB_PACC_LEFT,Area p24ab (pACC) left,7,True,0,,Homo sapiens,
JULICH_BRAIN_CYTOARCHITECTONIC_ATLAS_V3_1_AREA_P24AB_P24B_PACC_LEFT,Area p24ab.p24b (pACC) left,JULICH_BRAIN_CYTOARCHITECTONIC_ATLAS_V3_1_AREA_P24AB_PACC_LEFT,Area p24ab (pACC) left,7,True,0,,Homo sapiens,
JULICH_BRAIN_CYTOARCHITECTONIC_ATLAS_V3_1_AREA_S32_SACC,Area s32 (sACC),JULICH_BRAIN_CYTOARCHITECTONIC_ATLAS_V3_1_FRONTAL_CINGULATE_GYRUS,frontal cingulate gyrus,5,False,2,,Homo sapiens,
JULICH_BRAIN_CYTOARCHITECTONIC_ATLAS_V3_1_AREA_S32_SACC_RIGHT,Area s32 (sACC) right,JULICH_BRAIN_CYTOARCHITECTONIC_ATLAS_V3_1_AREA_S32_SACC,Area s32 (sACC),6,True,0,,Homo sapiens,"(193, 94, 249)"
JULICH_BRAIN_CYTOARCHITECTONIC_ATLAS_V3_1_AREA_S32_SACC_LEFT,Area s32 (sACC) left,JULICH_BRAIN_CYTOARCHITECTONIC_ATLAS_V3_1_AREA_S32_SACC,Area s32 (sACC),6,True,0,,Homo sapiens,"(193, 94, 249)"
JULICH_BRAIN_CYTOARCHITECTONIC_ATLAS_V3_1_AREA_33_ACC,Area 33 (ACC),JULICH_BRAIN_CYTOARCHITECTONIC_ATLAS_V3_1_FRONTAL_CINGULATE_GYRUS,frontal cingulate gyrus,5,False,2,,Homo sapiens,
JULICH_BRAIN_CYTOARCHITECTONIC_ATLAS_V3_1_AREA_33_ACC_RIGHT,Area 33 (ACC) right,JULICH_BRAIN_CYTOARCHITECTONIC_ATLAS_V3_1_AREA_33_ACC,Area 33 (ACC),6,True,0,,Homo sapiens,"(51, 57, 245)"
JULICH_BRAIN_CYTOARCHITECTONIC_ATLAS_V3_1_AREA_33_ACC_LEFT,Area 33 (ACC) left,JULICH_BRAIN_CYTOARCHITECTONIC_ATLAS_V3_1_AREA_33_ACC,Area 33 (ACC),6,True,0,,Homo sapiens,"(51, 57, 245)"
JULICH_BRAIN_CYTOARCHITECTONIC_ATLAS_V3_1_AREA_P32_PACC,Area p32 (pACC),JULICH_BRAIN_CYTOARCHITECTONIC_ATLAS_V3_1_FRONTAL_CINGULATE_GYRUS,frontal cingulate gyrus,5,False,2,,Homo sapiens,
JULICH_BRAIN_CYTOARCHITECTONIC_ATLAS_V3_1_AREA_P32_PACC_RIGHT,Area p32 (pACC) right,JULICH_BRAIN_CYTOARCHITECTONIC_ATLAS_V3_1_AREA_P32_PACC,Area p32 (pACC),6,True,0,,Homo sapiens,"(86, 134, 14)"
JULICH_BRAIN_CYTOARCHITECTONIC_ATLAS_V3_1_AREA_P32_PACC_LEFT,Area p32 (pACC) left,JULICH_BRAIN_CYTOARCHITECTONIC_ATLAS_V3_1_AREA_P32_PACC,Area p32 (pACC),6,True,0,,Homo sapiens,"(86, 134, 14)"
JULICH_BRAIN_CYTOARCHITECTONIC_ATLAS_V3_1_AREA_S24_SACC,Area s24 (sACC),JULICH_BRAIN_CYTOARCHITECTONIC_ATLAS_V3_1_FRONTAL_CINGULATE_GYRUS,frontal cingulate gyrus,5,False,2,,Homo sapiens,
JULICH_BRAIN_CYTOARCHITECTONIC_ATLAS_V3_1_AREA_S24_SACC_RIGHT,Area s24 (sACC) right,JULICH_BRAIN_CYTOARCHITECTONIC_ATLAS_V3_1_AREA_S24_SACC,Area s24 (sACC),6,False,2,,Homo sapiens,"(133, 33, 200)"
JULICH_BRAIN_CYTOARCHITECTONIC_ATLAS_V3_1_AREA_S24_S24A_SACC_RIGHT,Area s24.s24a (sACC) right,JULICH_BRAIN_CYTOARCHITECTONIC_ATLAS_V3_1_AREA_S24_SACC_RIGHT,Area s24 (sACC) right,7,True,0,,Homo sapiens,
JULICH_BRAIN_CYTOARCHITECTONIC_ATLAS_V3_1_AREA_S24_S24B_SACC_RIGHT,Area s24.s24b (sACC) right,JULICH_BRAIN_CYTOARCHITECTONIC_ATLAS_V3_1_AREA_S24_SACC_RIGHT,Area s24 (sACC) right,7,True,0,,Homo sapiens,
JULICH_BRAIN_CYTOARCHITECTONIC_ATLAS_V3_1_AREA_S24_SACC_LEFT,Area s24 (sACC) left,JULICH_BRAIN_CYTOARCHITECTONIC_ATLAS_V3_1_AREA_S24_SACC,Area s24 (sACC),6,False,2,,Homo sapiens,"(133, 33, 200)"
JULICH_BRAIN_CYTOARCHITECTONIC_ATLAS_V3_1_AREA_S24_S24A_SACC_LEFT,Area s24.s24a (sACC) left,JULICH_BRAIN_CYTOARCHITECTONIC_ATLAS_V3_1_AREA_S24_SACC_LEFT,Area s24 (sACC) left,7,True,0,,Homo sapiens,
JULICH_BRAIN_CYTOARCHITECTONIC_ATLAS_V3_1_AREA_S24_S24B_SACC_LEFT,Area s24.s24b (sACC) left,JULICH_BRAIN_CYTOARCHITECTONIC_ATLAS_V3_1_AREA_S24_SACC_LEFT,Area s24 (sACC) left,7,True,0,,Homo sapiens,
JULICH_BRAIN_CYTOARCHITECTONIC_ATLAS_V3_1_PIRIFORM_CORTEX,piriform cortex,JULICH_BRAIN_CYTOARCHITECTONIC_ATLAS_V3_1_LIMBIC_LOBE,limbic lobe,4,False,2,,Homo sapiens,
JULICH_BRAIN_CYTOARCHITECTONIC_ATLAS_V3_1_AREA_PIRT_PIRIFORMCORTEXMESIAL_TEMPORAL,"Area PirT (PiriformCortexMesial, temporal)",JULICH_BRAIN_CYTOARCHITECTONIC_ATLAS_V3_1_PIRIFORM_CORTEX,piriform cortex,5,False,2,,Homo sapiens,
JULICH_BRAIN_CYTOARCHITECTONIC_ATLAS_V3_1_AREA_PIRT_PIRIFORMCORTEXMESIAL_TEMPORAL_RIGHT,"Area PirT (PiriformCortexMesial, temporal) right",JULICH_BRAIN_CYTOARCHITECTONIC_ATLAS_V3_1_AREA_PIRT_PIRIFORMCORTEXMESIAL_TEMPORAL,"Area PirT (PiriformCortexMesial, temporal)",6,False,2,,Homo sapiens,
JULICH_BRAIN_CYTOARCHITECTONIC_ATLAS_V3_1_AREA_PIRT_TIT_PIRIFORMCORTEXMESIAL_PIRIFORM_TEMPORAL_AREA_INCISURA_TEMPORALIS_RIGHT,"Area PirT.Tit (PiriformCortexMesial, Piriform temporal Area, Incisura temporalis) right",JULICH_BRAIN_CYTOARCHITECTONIC_ATLAS_V3_1_AREA_PIRT_PIRIFORMCORTEXMESIAL_TEMPORAL_RIGHT,"Area PirT (PiriformCortexMesial, temporal) right",7,True,0,,Homo sapiens,
JULICH_BRAIN_CYTOARCHITECTONIC_ATLAS_V3_1_AREA_PIRT_TU_PIRIFORMCORTEXMESIAL_PIRIFORM_TEMPORAL_AREA_UNCUS_RIGHT,"Area PirT.Tu (PiriformCortexMesial, Piriform temporal Area, Uncus) right",JULICH_BRAIN_CYTOARCHITECTONIC_ATLAS_V3_1_AREA_PIRT_PIRIFORMCORTEXMESIAL_TEMPORAL_RIGHT,"Area PirT (PiriformCortexMesial, temporal) right",7,True,0,,Homo sapiens,
JULICH_BRAIN_CYTOARCHITECTONIC_ATLAS_V3_1_AREA_PIRT_PIRIFORMCORTEXMESIAL_TEMPORAL_LEFT,"Area PirT (PiriformCortexMesial, temporal) left",JULICH_BRAIN_CYTOARCHITECTONIC_ATLAS_V3_1_AREA_PIRT_PIRIFORMCORTEXMESIAL_TEMPORAL,"Area PirT (PiriformCortexMesial, temporal)",6,False,2,,Homo sapiens,
JULICH_BRAIN_CYTOARCHITECTONIC_ATLAS_V3_1_AREA_PIRT_TIT_PIRIFORMCORTEXMESIAL_PIRIFORM_TEMPORAL_AREA_INCISURA_TEMPORALIS_LEFT,"Area PirT.Tit (PiriformCortexMesial, Piriform temporal Area, Incisura temporalis) left",JULICH_BRAIN_CYTOARCHITECTONIC_ATLAS_V3_1_AREA_PIRT_PIRIFORMCORTEXMESIAL_TEMPORAL_LEFT,"Area PirT (PiriformCortexMesial, temporal) left",7,True,0,,Homo sapiens,
JULICH_BRAIN_CYTOARCHITECTONIC_ATLAS_V3_1_AREA_PIRT_TU_PIRIFORMCORTEXMESIAL_PIRIFORM_TEMPORAL_AREA_UNCUS_LEFT,"Area PirT.Tu (PiriformCortexMesial, Piriform temporal Area, Uncus) left",JULICH_BRAIN_CYTOARCHITECTONIC_ATLAS_V3_1_AREA_PIRT_PIRIFORMCORTEXMESIAL_TEMPORAL_LEFT,"Area PirT (PiriformCortexMesial, temporal) left",7,True,0,,Homo sapiens,
JULICH_BRAIN_CYTOARCHITECTONIC_ATLAS_V3_1_AREA_PIRTB_PIRIFORMCORTEXMESIAL_TEMPOROBASAL,"Area PirTB (PiriformCortexMesial, temporobasal)",JULICH_BRAIN_CYTOARCHITECTONIC_ATLAS_V3_1_PIRIFORM_CORTEX,piriform cortex,5,False,2,,Homo sapiens,
JULICH_BRAIN_CYTOARCHITECTONIC_ATLAS_V3_1_AREA_PIRTB_PIRIFORMCORTEXMESIAL_TEMPOROBASAL_RIGHT,"Area PirTB (PiriformCortexMesial, temporobasal) right",JULICH_BRAIN_CYTOARCHITECTONIC_ATLAS_V3_1_AREA_PIRTB_PIRIFORMCORTEXMESIAL_TEMPOROBASAL,"Area PirTB (PiriformCortexMesial, temporobasal)",6,False,2,,Homo sapiens,
JULICH_BRAIN_CYTOARCHITECTONIC_ATLAS_V3_1_AREA_PIRTB_TBD_PIRIFORMCORTEXMESIAL_PIRIFORM_TEMPOROBASAL_AREA_DORSAL_PART_RIGHT,"Area PirTB.TBd (PiriformCortexMesial, Piriform temporobasal Area, dorsal part) right",JULICH_BRAIN_CYTOARCHITECTONIC_ATLAS_V3_1_AREA_PIRTB_PIRIFORMCORTEXMESIAL_TEMPOROBASAL_RIGHT,"Area PirTB (PiriformCortexMesial, temporobasal) right",7,True,0,,Homo sapiens,
JULICH_BRAIN_CYTOARCHITECTONIC_ATLAS_V3_1_AREA_PIRTB_TBV_PIRIFORMCORTEXMESIAL_PIRIFORM_TEMPOROBASAL_AREA_VENTRAL_PART_RIGHT,"Area PirTB.TBv (PiriformCortexMesial, Piriform temporobasal Area, ventral part) right",JULICH_BRAIN_CYTOARCHITECTONIC_ATLAS_V3_1_AREA_PIRTB_PIRIFORMCORTEXMESIAL_TEMPOROBASAL_RIGHT,"Area PirTB (PiriformCortexMesial, temporobasal) right",7,True,0,,Homo sapiens,
JULICH_BRAIN_CYTOARCHITECTONIC_ATLAS_V3_1_AREA_PIRTB_PIRIFORMCORTEXMESIAL_TEMPOROBASAL_LEFT,"Area PirTB (PiriformCortexMesial, temporobasal) left",JULICH_BRAIN_CYTOARCHITECTONIC_ATLAS_V3_1_AREA_PIRTB_PIRIFORMCORTEXMESIAL_TEMPOROBASAL,"Area PirTB (PiriformCortexMesial, temporobasal)",6,False,2,,Homo sapiens,
JULICH_BRAIN_CYTOARCHITECTONIC_ATLAS_V3_1_AREA_PIRTB_TBD_PIRIFORMCORTEXMESIAL_PIRIFORM_TEMPOROBASAL_AREA_DORSAL_PART_LEFT,"Area PirTB.TBd (PiriformCortexMesial, Piriform temporobasal Area, dorsal part) left",JULICH_BRAIN_CYTOARCHITECTONIC_ATLAS_V3_1_AREA_PIRTB_PIRIFORMCORTEXMESIAL_TEMPOROBASAL_LEFT,"Area PirTB (PiriformCortexMesial, temporobasal) left",7,True,0,,Homo sapiens,
JULICH_BRAIN_CYTOARCHITECTONIC_ATLAS_V3_1_AREA_PIRTB_TBV_PIRIFORMCORTEXMESIAL_PIRIFORM_TEMPOROBASAL_AREA_VENTRAL_PART_LEFT,"Area PirTB.TBv (PiriformCortexMesial, Piriform temporobasal Area, ventral part) left",JULICH_BRAIN_CYTOARCHITECTONIC_ATLAS_V3_1_AREA_PIRTB_PIRIFORMCORTEXMESIAL_TEMPOROBASAL_LEFT,"Area PirTB (PiriformCortexMesial, temporobasal) left",7,True,0,,Homo sapiens,
JULICH_BRAIN_CYTOARCHITECTONIC_ATLAS_V3_1_HIPPOCAMPAL_FORMATION,hippocampal formation,JULICH_BRAIN_CYTOARCHITECTONIC_ATLAS_V3_1_LIMBIC_LOBE,limbic lobe,4,False,8,,Homo sapiens,
JULICH_BRAIN_CYTOARCHITECTONIC_ATLAS_V3_1_HATA_HIPPOCAMPUS,HATA (Hippocampus),JULICH_BRAIN_CYTOARCHITECTONIC_ATLAS_V3_1_HIPPOCAMPAL_FORMATION,hippocampal formation,5,False,2,,Homo sapiens,
JULICH_BRAIN_CYTOARCHITECTONIC_ATLAS_V3_1_HATA_HIPPOCAMPUS_RIGHT,HATA (Hippocampus) right,JULICH_BRAIN_CYTOARCHITECTONIC_ATLAS_V3_1_HATA_HIPPOCAMPUS,HATA (Hippocampus),6,True,0,,Homo sapiens,
JULICH_BRAIN_CYTOARCHITECTONIC_ATLAS_V3_1_HATA_HIPPOCAMPUS_LEFT,HATA (Hippocampus) left,JULICH_BRAIN_CYTOARCHITECTONIC_ATLAS_V3_1_HATA_HIPPOCAMPUS,HATA (Hippocampus),6,True,0,,Homo sapiens,
JULICH_BRAIN_CYTOARCHITECTONIC_ATLAS_V3_1_CA3_HIPPOCAMPUS,CA3 (Hippocampus),JULICH_BRAIN_CYTOARCHITECTONIC_ATLAS_V3_1_HIPPOCAMPAL_FORMATION,hippocampal formation,5,False,2,,Homo sapiens,
JULICH_BRAIN_CYTOARCHITECTONIC_ATLAS_V3_1_CA3_HIPPOCAMPUS_RIGHT,CA3 (Hippocampus) right,JULICH_BRAIN_CYTOARCHITECTONIC_ATLAS_V3_1_CA3_HIPPOCAMPUS,CA3 (Hippocampus),6,True,0,,Homo sapiens,"(233, 210, 221)"
JULICH_BRAIN_CYTOARCHITECTONIC_ATLAS_V3_1_CA3_HIPPOCAMPUS_LEFT,CA3 (Hippocampus) left,JULICH_BRAIN_CYTOARCHITECTONIC_ATLAS_V3_1_CA3_HIPPOCAMPUS,CA3 (Hippocampus),6,True,0,,Homo sapiens,"(233, 210, 221)"
JULICH_BRAIN_CYTOARCHITECTONIC_ATLAS_V3_1_TRS_HIPPOCAMPUS_TRANSSUBICULUM,"TrS (Hippocampus, Transsubiculum)",JULICH_BRAIN_CYTOARCHITECTONIC_ATLAS_V3_1_HIPPOCAMPAL_FORMATION,hippocampal formation,5,False,2,,Homo sapiens,
JULICH_BRAIN_CYTOARCHITECTONIC_ATLAS_V3_1_TRS_HIPPOCAMPUS_TRANSSUBICULUM_RIGHT,"TrS (Hippocampus, Transsubiculum) right",JULICH_BRAIN_CYTOARCHITECTONIC_ATLAS_V3_1_TRS_HIPPOCAMPUS_TRANSSUBICULUM,"TrS (Hippocampus, Transsubiculum)",6,True,0,,Homo sapiens,"(108, 250, 211)"
JULICH_BRAIN_CYTOARCHITECTONIC_ATLAS_V3_1_TRS_HIPPOCAMPUS_TRANSSUBICULUM_LEFT,"TrS (Hippocampus, Transsubiculum) left",JULICH_BRAIN_CYTOARCHITECTONIC_ATLAS_V3_1_TRS_HIPPOCAMPUS_TRANSSUBICULUM,"TrS (Hippocampus, Transsubiculum)",6,True,0,,Homo sapiens,"(108, 250, 211)"
JULICH_BRAIN_CYTOARCHITECTONIC_ATLAS_V3_1_SUBC_HIPPOCAMPUS_SUBICULAR_COMPLEX,"Subc (Hippocampus, Subicular complex)",JULICH_BRAIN_CYTOARCHITECTONIC_ATLAS_V3_1_HIPPOCAMPAL_FORMATION,hippocampal formation,5,False,2,,Homo sapiens,
JULICH_BRAIN_CYTOARCHITECTONIC_ATLAS_V3_1_SUBC_HIPPOCAMPUS_SUBICULAR_COMPLEX_RIGHT,"Subc (Hippocampus, Subicular complex) right",JULICH_BRAIN_CYTOARCHITECTONIC_ATLAS_V3_1_SUBC_HIPPOCAMPUS_SUBICULAR_COMPLEX,"Subc (Hippocampus, Subicular complex)",6,False,4,,Homo sapiens,"(0, 0, 255)"
JULICH_BRAIN_CYTOARCHITECTONIC_ATLAS_V3_1_SUBC_PAS_HIPPOCAMPUS_PARASUBICULUM_RIGHT,"Subc.PaS (Hippocampus, Parasubiculum) right",JULICH_BRAIN_CYTOARCHITECTONIC_ATLAS_V3_1_SUBC_HIPPOCAMPUS_SUBICULAR_COMPLEX_RIGHT,"Subc (Hippocampus, Subicular complex) right",7,True,0,,Homo sapiens,
JULICH_BRAIN_CYTOARCHITECTONIC_ATLAS_V3_1_SUBC_PRES_HIPPOCAMPUS_PRESUBICULUM_RIGHT,"Subc.PreS (Hippocampus, Presubiculum) right",JULICH_BRAIN_CYTOARCHITECTONIC_ATLAS_V3_1_SUBC_HIPPOCAMPUS_SUBICULAR_COMPLEX_RIGHT,"Subc (Hippocampus, Subicular complex) right",7,True,0,,Homo sapiens,
JULICH_BRAIN_CYTOARCHITECTONIC_ATLAS_V3_1_SUBC_PROS_HIPPOCAMPUS_PROSUBICULUM_RIGHT,"Subc.ProS (Hippocampus, Prosubiculum) right",JULICH_BRAIN_CYTOARCHITECTONIC_ATLAS_V3_1_SUBC_HIPPOCAMPUS_SUBICULAR_COMPLEX_RIGHT,"Subc (Hippocampus, Subicular complex) right",7,True,0,,Homo sapiens,
JULICH_BRAIN_CYTOARCHITECTONIC_ATLAS_V3_1_SUBC_SUB_HIPPOCAMPUS_SUBICULUM_RIGHT,"Subc.Sub (Hippocampus, Subiculum) right",JULICH_BRAIN_CYTOARCHITECTONIC_ATLAS_V3_1_SUBC_HIPPOCAMPUS_SUBICULAR_COMPLEX_RIGHT,"Subc (Hippocampus, Subicular complex) right",7,True,0,,Homo sapiens,
JULICH_BRAIN_CYTOARCHITECTONIC_ATLAS_V3_1_SUBC_HIPPOCAMPUS_SUBICULAR_COMPLEX_LEFT,"Subc (Hippocampus, Subicular complex) left",JULICH_BRAIN_CYTOARCHITECTONIC_ATLAS_V3_1_SUBC_HIPPOCAMPUS_SUBICULAR_COMPLEX,"Subc (Hippocampus, Subicular complex)",6,False,4,,Homo sapiens,"(0, 0, 255)"
JULICH_BRAIN_CYTOARCHITECTONIC_ATLAS_V3_1_SUBC_PAS_HIPPOCAMPUS_PARASUBICULUM_LEFT,"Subc.PaS (Hippocampus, Parasubiculum) left",JULICH_BRAIN_CYTOARCHITECTONIC_ATLAS_V3_1_SUBC_HIPPOCAMPUS_SUBICULAR_COMPLEX_LEFT,"Subc (Hippocampus, Subicular complex) left",7,True,0,,Homo sapiens,
JULICH_BRAIN_CYTOARCHITECTONIC_ATLAS_V3_1_SUBC_PRES_HIPPOCAMPUS_PRESUBICULUM_LEFT,"Subc.PreS (Hippocampus, Presubiculum) left",JULICH_BRAIN_CYTOARCHITECTONIC_ATLAS_V3_1_SUBC_HIPPOCAMPUS_SUBICULAR_COMPLEX_LEFT,"Subc (Hippocampus, Subicular complex) left",7,True,0,,Homo sapiens,
JULICH_BRAIN_CYTOARCHITECTONIC_ATLAS_V3_1_SUBC_PROS_HIPPOCAMPUS_PROSUBICULUM_LEFT,"Subc.ProS (Hippocampus, Prosubiculum) left",JULICH_BRAIN_CYTOARCHITECTONIC_ATLAS_V3_1_SUBC_HIPPOCAMPUS_SUBICULAR_COMPLEX_LEFT,"Subc (Hippocampus, Subicular complex) left",7,True,0,,Homo sapiens,
JULICH_BRAIN_CYTOARCHITECTONIC_ATLAS_V3_1_SUBC_SUB_HIPPOCAMPUS_SUBICULUM_LEFT,"Subc.Sub (Hippocampus, Subiculum) left",JULICH_BRAIN_CYTOARCHITECTONIC_ATLAS_V3_1_SUBC_HIPPOCAMPUS_SUBICULAR_COMPLEX_LEFT,"Subc (Hippocampus, Subicular complex) left",7,True,0,,Homo sapiens,
JULICH_BRAIN_CYTOARCHITECTONIC_ATLAS_V3_1_DG_HIPPOCAMPUS,DG (Hippocampus),JULICH_BRAIN_CYTOARCHITECTONIC_ATLAS_V3_1_HIPPOCAMPAL_FORMATION,hippocampal formation,5,False,2,,Homo sapiens,
JULICH_BRAIN_CYTOARCHITECTONIC_ATLAS_V3_1_DG_HIPPOCAMPUS_RIGHT,DG (Hippocampus) right,JULICH_BRAIN_CYTOARCHITECTONIC_ATLAS_V3_1_DG_HIPPOCAMPUS,DG (Hippocampus),6,True,0,,Homo sapiens,"(148, 55, 120)"
JULICH_BRAIN_CYTOARCHITECTONIC_ATLAS_V3_1_DG_HIPPOCAMPUS_LEFT,DG (Hippocampus) left,JULICH_BRAIN_CYTOARCHITECTONIC_ATLAS_V3_1_DG_HIPPOCAMPUS,DG (Hippocampus),6,True,0,,Homo sapiens,"(148, 55, 120)"
JULICH_BRAIN_CYTOARCHITECTONIC_ATLAS_V3_1_CA2_HIPPOCAMPUS,CA2 (Hippocampus),JULICH_BRAIN_CYTOARCHITECTONIC_ATLAS_V3_1_HIPPOCAMPAL_FORMATION,hippocampal formation,5,False,2,,Homo sapiens,
JULICH_BRAIN_CYTOARCHITECTONIC_ATLAS_V3_1_CA2_HIPPOCAMPUS_RIGHT,CA2 (Hippocampus) right,JULICH_BRAIN_CYTOARCHITECTONIC_ATLAS_V3_1_CA2_HIPPOCAMPUS,CA2 (Hippocampus),6,True,0,,Homo sapiens,"(145, 67, 100)"
JULICH_BRAIN_CYTOARCHITECTONIC_ATLAS_V3_1_CA2_HIPPOCAMPUS_LEFT,CA2 (Hippocampus) left,JULICH_BRAIN_CYTOARCHITECTONIC_ATLAS_V3_1_CA2_HIPPOCAMPUS,CA2 (Hippocampus),6,True,0,,Homo sapiens,"(145, 67, 100)"
JULICH_BRAIN_CYTOARCHITECTONIC_ATLAS_V3_1_AREA_EC_HIPPOCAMPAL_REGION_ENTORHINAL_CORTEX,"Area EC (Hippocampal Region, Entorhinal Cortex)",JULICH_BRAIN_CYTOARCHITECTONIC_ATLAS_V3_1_HIPPOCAMPAL_FORMATION,hippocampal formation,5,False,2,,Homo sapiens,
JULICH_BRAIN_CYTOARCHITECTONIC_ATLAS_V3_1_AREA_EC_HIPPOCAMPAL_REGION_ENTORHINAL_CORTEX_RIGHT,"Area EC (Hippocampal Region, Entorhinal Cortex) right",JULICH_BRAIN_CYTOARCHITECTONIC_ATLAS_V3_1_AREA_EC_HIPPOCAMPAL_REGION_ENTORHINAL_CORTEX,"Area EC (Hippocampal Region, Entorhinal Cortex)",6,True,0,,Homo sapiens,"(34, 159, 213)"
JULICH_BRAIN_CYTOARCHITECTONIC_ATLAS_V3_1_AREA_EC_HIPPOCAMPAL_REGION_ENTORHINAL_CORTEX_LEFT,"Area EC (Hippocampal Region, Entorhinal Cortex) left",JULICH_BRAIN_CYTOARCHITECTONIC_ATLAS_V3_1_AREA_EC_HIPPOCAMPAL_REGION_ENTORHINAL_CORTEX,"Area EC (Hippocampal Region, Entorhinal Cortex)",6,True,0,,Homo sapiens,"(34, 159, 213)"
JULICH_BRAIN_CYTOARCHITECTONIC_ATLAS_V3_1_CA1_HIPPOCAMPUS,CA1 (Hippocampus),JULICH_BRAIN_CYTOARCHITECTONIC_ATLAS_V3_1_HIPPOCAMPAL_FORMATION,hippocampal formation,5,False,2,,Homo sapiens,
JULICH_BRAIN_CYTOARCHITECTONIC_ATLAS_V3_1_CA1_HIPPOCAMPUS_RIGHT,CA1 (Hippocampus) right,JULICH_BRAIN_CYTOARCHITECTONIC_ATLAS_V3_1_CA1_HIPPOCAMPUS,CA1 (Hippocampus),6,True,0,,Homo sapiens,"(124, 8, 167)"
JULICH_BRAIN_CYTOARCHITECTONIC_ATLAS_V3_1_CA1_HIPPOCAMPUS_LEFT,CA1 (Hippocampus) left,JULICH_BRAIN_CYTOARCHITECTONIC_ATLAS_V3_1_CA1_HIPPOCAMPUS,CA1 (Hippocampus),6,True,0,,Homo sapiens,"(124, 8, 167)"
JULICH_BRAIN_CYTOARCHITECTONIC_ATLAS_V3_1_OLFACTORY_CORTEX,olfactory cortex,JULICH_BRAIN_CYTOARCHITECTONIC_ATLAS_V3_1_LIMBIC_LOBE,limbic lobe,4,False,2,,Homo sapiens,
JULICH_BRAIN_CYTOARCHITECTONIC_ATLAS_V3_1_TUTI_BASAL_FOREBRAIN_TERMINAL_ISLANDS,"TuTi (Basal Forebrain, Terminal islands)",JULICH_BRAIN_CYTOARCHITECTONIC_ATLAS_V3_1_OLFACTORY_CORTEX,olfactory cortex,5,False,2,,Homo sapiens,
JULICH_BRAIN_CYTOARCHITECTONIC_ATLAS_V3_1_TUTI_BASAL_FOREBRAIN_TERMINAL_ISLANDS_RIGHT,"TuTi (Basal Forebrain, Terminal islands) right",JULICH_BRAIN_CYTOARCHITECTONIC_ATLAS_V3_1_TUTI_BASAL_FOREBRAIN_TERMINAL_ISLANDS,"TuTi (Basal Forebrain, Terminal islands)",6,True,0,,Homo sapiens,
JULICH_BRAIN_CYTOARCHITECTONIC_ATLAS_V3_1_TUTI_BASAL_FOREBRAIN_TERMINAL_ISLANDS_LEFT,"TuTi (Basal Forebrain, Terminal islands) left",JULICH_BRAIN_CYTOARCHITECTONIC_ATLAS_V3_1_TUTI_BASAL_FOREBRAIN_TERMINAL_ISLANDS,"TuTi (Basal Forebrain, Terminal islands)",6,True,0,,Homo sapiens,
JULICH_BRAIN_CYTOARCHITECTONIC_ATLAS_V3_1_TU_BASAL_FOREBRAIN_TUBERCULUM,"Tu (Basal Forebrain, Tuberculum)",JULICH_BRAIN_CYTOARCHITECTONIC_ATLAS_V3_1_OLFACTORY_CORTEX,olfactory cortex,5,False,2,,Homo sapiens,
JULICH_BRAIN_CYTOARCHITECTONIC_ATLAS_V3_1_TU_BASAL_FOREBRAIN_TUBERCULUM_RIGHT,"Tu (Basal Forebrain, Tuberculum) right",JULICH_BRAIN_CYTOARCHITECTONIC_ATLAS_V3_1_TU_BASAL_FOREBRAIN_TUBERCULUM,"Tu (Basal Forebrain, Tuberculum)",6,True,0,,Homo sapiens,
JULICH_BRAIN_CYTOARCHITECTONIC_ATLAS_V3_1_TU_BASAL_FOREBRAIN_TUBERCULUM_LEFT,"Tu (Basal Forebrain, Tuberculum) left",JULICH_BRAIN_CYTOARCHITECTONIC_ATLAS_V3_1_TU_BASAL_FOREBRAIN_TUBERCULUM,"Tu (Basal Forebrain, Tuberculum)",6,True,0,,Homo sapiens,
JULICH_BRAIN_CYTOARCHITECTONIC_ATLAS_V3_1_MESENCEPHALON,mesencephalon,minds/core/parcellationatlas/v1.0.0/94c1125b-b87e-45e4-901c-00daee7f2579-310,Julich-Brain Cytoarchitectonic Atlas (v3.1),1,False,1,,Homo sapiens,
JULICH_BRAIN_CYTOARCHITECTONIC_ATLAS_V3_1_MIDBRAIN_TEGMENTUM,midbrain tegmentum,JULICH_BRAIN_CYTOARCHITECTONIC_ATLAS_V3_1_MESENCEPHALON,mesencephalon,2,False,1,,Homo sapiens,
JULICH_BRAIN_CYTOARCHITECTONIC_ATLAS_V3_1_MIDBRAIN,midbrain,JULICH_BRAIN_CYTOARCHITECTONIC_ATLAS_V3_1_MIDBRAIN_TEGMENTUM,midbrain tegmentum,3,False,3,,Homo sapiens,
JULICH_BRAIN_CYTOARCHITECTONIC_ATLAS_V3_1_SUBSTANTIA_NIGRA,substantia nigra,JULICH_BRAIN_CYTOARCHITECTONIC_ATLAS_V3_1_MIDBRAIN,midbrain,4,False,2,,Homo sapiens,
JULICH_BRAIN_CYTOARCHITECTONIC_ATLAS_V3_1_SNC_MIDBRAIN_SUBSTANTIA_NIGRA_PARS_COMPACTA,"SNC (Midbrain, Substantia Nigra pars compacta)",JULICH_BRAIN_CYTOARCHITECTONIC_ATLAS_V3_1_SUBSTANTIA_NIGRA,substantia nigra,5,False,2,,Homo sapiens,
JULICH_BRAIN_CYTOARCHITECTONIC_ATLAS_V3_1_SNC_MIDBRAIN_SUBSTANTIA_NIGRA_PARS_COMPACTA_RIGHT,"SNC (Midbrain, Substantia Nigra pars compacta) right",JULICH_BRAIN_CYTOARCHITECTONIC_ATLAS_V3_1_SNC_MIDBRAIN_SUBSTANTIA_NIGRA_PARS_COMPACTA,"SNC (Midbrain, Substantia Nigra pars compacta)",6,True,0,,Homo sapiens,
JULICH_BRAIN_CYTOARCHITECTONIC_ATLAS_V3_1_SNC_MIDBRAIN_SUBSTANTIA_NIGRA_PARS_COMPACTA_LEFT,"SNC (Midbrain, Substantia Nigra pars compacta) left",JULICH_BRAIN_CYTOARCHITECTONIC_ATLAS_V3_1_SNC_MIDBRAIN_SUBSTANTIA_NIGRA_PARS_COMPACTA,"SNC (Midbrain, Substantia Nigra pars compacta)",6,True,0,,Homo sapiens,
JULICH_BRAIN_CYTOARCHITECTONIC_ATLAS_V3_1_SNR_MIDBRAIN_SUBSTANTIA_NIGRA_PARS_RETICULATA,"SNR (Midbrain, Substantia Nigra pars reticulata)",JULICH_BRAIN_CYTOARCHITECTONIC_ATLAS_V3_1_SUBSTANTIA_NIGRA,substantia nigra,5,False,2,,Homo sapiens,
JULICH_BRAIN_CYTOARCHITECTONIC_ATLAS_V3_1_SNR_MIDBRAIN_SUBSTANTIA_NIGRA_PARS_RETICULATA_RIGHT,"SNR (Midbrain, Substantia Nigra pars reticulata) right",JULICH_BRAIN_CYTOARCHITECTONIC_ATLAS_V3_1_SNR_MIDBRAIN_SUBSTANTIA_NIGRA_PARS_RETICULATA,"SNR (Midbrain, Substantia Nigra pars reticulata)",6,True,0,,Homo sapiens,
JULICH_BRAIN_CYTOARCHITECTONIC_ATLAS_V3_1_SNR_MIDBRAIN_SUBSTANTIA_NIGRA_PARS_RETICULATA_LEFT,"SNR (Midbrain, Substantia Nigra pars reticulata) left",JULICH_BRAIN_CYTOARCHITECTONIC_ATLAS_V3_1_SNR_MIDBRAIN_SUBSTANTIA_NIGRA_PARS_RETICULATA,"SNR (Midbrain, Substantia Nigra pars reticulata)",6,True,0,,Homo sapiens,
JULICH_BRAIN_CYTOARCHITECTONIC_ATLAS_V3_1_NUCLEUS_RUBER_PARVOCELLULAR_PART,nucleus ruber (parvocellular part),JULICH_BRAIN_CYTOARCHITECTONIC_ATLAS_V3_1_MIDBRAIN,midbrain,4,False,1,,Homo sapiens,
JULICH_BRAIN_CYTOARCHITECTONIC_ATLAS_V3_1_NRP_MIDBRAIN_NUCLEUS_RUBER_PARVOCELLULAR_PART,"NRp (Midbrain, Nucleus Ruber, parvocellular part)",JULICH_BRAIN_CYTOARCHITECTONIC_ATLAS_V3_1_NUCLEUS_RUBER_PARVOCELLULAR_PART,nucleus ruber (parvocellular part),5,False,2,,Homo sapiens,
JULICH_BRAIN_CYTOARCHITECTONIC_ATLAS_V3_1_NRP_MIDBRAIN_NUCLEUS_RUBER_PARVOCELLULAR_PART_RIGHT,"NRp (Midbrain, Nucleus Ruber, parvocellular part) right",JULICH_BRAIN_CYTOARCHITECTONIC_ATLAS_V3_1_NRP_MIDBRAIN_NUCLEUS_RUBER_PARVOCELLULAR_PART,"NRp (Midbrain, Nucleus Ruber, parvocellular part)",6,True,0,,Homo sapiens,
JULICH_BRAIN_CYTOARCHITECTONIC_ATLAS_V3_1_NRP_MIDBRAIN_NUCLEUS_RUBER_PARVOCELLULAR_PART_LEFT,"NRp (Midbrain, Nucleus Ruber, parvocellular part) left",JULICH_BRAIN_CYTOARCHITECTONIC_ATLAS_V3_1_NRP_MIDBRAIN_NUCLEUS_RUBER_PARVOCELLULAR_PART,"NRp (Midbrain, Nucleus Ruber, parvocellular part)",6,True,0,,Homo sapiens,
JULICH_BRAIN_CYTOARCHITECTONIC_ATLAS_V3_1_NUCLEUS_RUBER_MAGNOCELLULAR_PART,nucleus ruber (magnocellular part),JULICH_BRAIN_CYTOARCHITECTONIC_ATLAS_V3_1_MIDBRAIN,midbrain,4,False,1,,Homo sapiens,
JULICH_BRAIN_CYTOARCHITECTONIC_ATLAS_V3_1_NRM_MIDBRAIN_NUCLEUS_RUBER_MAGNOCELLULAR_PART,"NRm (Midbrain, Nucleus Ruber, magnocellular part)",JULICH_BRAIN_CYTOARCHITECTONIC_ATLAS_V3_1_NUCLEUS_RUBER_MAGNOCELLULAR_PART,nucleus ruber (magnocellular part),5,False,2,,Homo sapiens,
JULICH_BRAIN_CYTOARCHITECTONIC_ATLAS_V3_1_NRM_MIDBRAIN_NUCLEUS_RUBER_MAGNOCELLULAR_PART_RIGHT,"NRm (Midbrain, Nucleus Ruber, magnocellular part) right",JULICH_BRAIN_CYTOARCHITECTONIC_ATLAS_V3_1_NRM_MIDBRAIN_NUCLEUS_RUBER_MAGNOCELLULAR_PART,"NRm (Midbrain, Nucleus Ruber, magnocellular part)",6,True,0,,Homo sapiens,
JULICH_BRAIN_CYTOARCHITECTONIC_ATLAS_V3_1_NRM_MIDBRAIN_NUCLEUS_RUBER_MAGNOCELLULAR_PART_LEFT,"NRm (Midbrain, Nucleus Ruber, magnocellular part) left",JULICH_BRAIN_CYTOARCHITECTONIC_ATLAS_V3_1_NRM_MIDBRAIN_NUCLEUS_RUBER_MAGNOCELLULAR_PART,"NRm (Midbrain, Nucleus Ruber, magnocellular part)",6,True,0,,Homo sapiens,
JULICH_BRAIN_CYTOARCHITECTONIC_ATLAS_V3_1_METENCEPHALON,metencephalon,minds/core/parcellationatlas/v1.0.0/94c1125b-b87e-45e4-901c-00daee7f2579-310,Julich-Brain Cytoarchitectonic Atlas (v3.1),1,False,1,,Homo sapiens,
JULICH_BRAIN_CYTOARCHITECTONIC_ATLAS_V3_1_CEREBELLUM,cerebellum,JULICH_BRAIN_CYTOARCHITECTONIC_ATLAS_V3_1_METENCEPHALON,metencephalon,2,False,1,,Homo sapiens,
JULICH_BRAIN_CYTOARCHITECTONIC_ATLAS_V3_1_CEREBELLAR_NUCLEI,cerebellar nuclei,JULICH_BRAIN_CYTOARCHITECTONIC_ATLAS_V3_1_CEREBELLUM,cerebellum,3,False,3,,Homo sapiens,
JULICH_BRAIN_CYTOARCHITECTONIC_ATLAS_V3_1_NINTERP_CEREBELLUM_INTERPOSED_NUCLEUS,"Ninterp (Cerebellum, Interposed Nucleus)",JULICH_BRAIN_CYTOARCHITECTONIC_ATLAS_V3_1_CEREBELLAR_NUCLEI,cerebellar nuclei,4,False,2,,Homo sapiens,
JULICH_BRAIN_CYTOARCHITECTONIC_ATLAS_V3_1_NINTERP_CEREBELLUM_INTERPOSED_NUCLEUS_RIGHT,"Ninterp (Cerebellum, Interposed Nucleus) right",JULICH_BRAIN_CYTOARCHITECTONIC_ATLAS_V3_1_NINTERP_CEREBELLUM_INTERPOSED_NUCLEUS,"Ninterp (Cerebellum, Interposed Nucleus)",5,True,0,,Homo sapiens,
JULICH_BRAIN_CYTOARCHITECTONIC_ATLAS_V3_1_NINTERP_CEREBELLUM_INTERPOSED_NUCLEUS_LEFT,"Ninterp (Cerebellum, Interposed Nucleus) left",JULICH_BRAIN_CYTOARCHITECTONIC_ATLAS_V3_1_NINTERP_CEREBELLUM_INTERPOSED_NUCLEUS,"Ninterp (Cerebellum, Interposed Nucleus)",5,True,0,,Homo sapiens,
JULICH_BRAIN_CYTOARCHITECTONIC_ATLAS_V3_1_DENTATE_NUCLEUS,dentate nucleus,JULICH_BRAIN_CYTOARCHITECTONIC_ATLAS_V3_1_CEREBELLAR_NUCLEI,cerebellar nuclei,4,False,2,,Homo sapiens,
JULICH_BRAIN_CYTOARCHITECTONIC_ATLAS_V3_1_NDENTV_CEREBELLUM_VENTRAL_DENTATE_NUCLEUS,"Ndentv (Cerebellum, Ventral Dentate Nucleus)",JULICH_BRAIN_CYTOARCHITECTONIC_ATLAS_V3_1_DENTATE_NUCLEUS,dentate nucleus,5,False,2,,Homo sapiens,
JULICH_BRAIN_CYTOARCHITECTONIC_ATLAS_V3_1_NDENTV_CEREBELLUM_VENTRAL_DENTATE_NUCLEUS_RIGHT,"Ndentv (Cerebellum, Ventral Dentate Nucleus) right",JULICH_BRAIN_CYTOARCHITECTONIC_ATLAS_V3_1_NDENTV_CEREBELLUM_VENTRAL_DENTATE_NUCLEUS,"Ndentv (Cerebellum, Ventral Dentate Nucleus)",6,True,0,,Homo sapiens,
JULICH_BRAIN_CYTOARCHITECTONIC_ATLAS_V3_1_NDENTV_CEREBELLUM_VENTRAL_DENTATE_NUCLEUS_LEFT,"Ndentv (Cerebellum, Ventral Dentate Nucleus) left",JULICH_BRAIN_CYTOARCHITECTONIC_ATLAS_V3_1_NDENTV_CEREBELLUM_VENTRAL_DENTATE_NUCLEUS,"Ndentv (Cerebellum, Ventral Dentate Nucleus)",6,True,0,,Homo sapiens,
JULICH_BRAIN_CYTOARCHITECTONIC_ATLAS_V3_1_NDENTD_CEREBELLUM_DORSAL_DENTATE_NUCLEUS,"Ndentd (Cerebellum, Dorsal Dentate Nucleus)",JULICH_BRAIN_CYTOARCHITECTONIC_ATLAS_V3_1_DENTATE_NUCLEUS,dentate nucleus,5,False,2,,Homo sapiens,
JULICH_BRAIN_CYTOARCHITECTONIC_ATLAS_V3_1_NDENTD_CEREBELLUM_DORSAL_DENTATE_NUCLEUS_RIGHT,"Ndentd (Cerebellum, Dorsal Dentate Nucleus) right",JULICH_BRAIN_CYTOARCHITECTONIC_ATLAS_V3_1_NDENTD_CEREBELLUM_DORSAL_DENTATE_NUCLEUS,"Ndentd (Cerebellum, Dorsal Dentate Nucleus)",6,True,0,,Homo sapiens,
JULICH_BRAIN_CYTOARCHITECTONIC_ATLAS_V3_1_NDENTD_CEREBELLUM_DORSAL_DENTATE_NUCLEUS_LEFT,"Ndentd (Cerebellum, Dorsal Dentate Nucleus) left",JULICH_BRAIN_CYTOARCHITECTONIC_ATLAS_V3_1_NDENTD_CEREBELLUM_DORSAL_DENTATE_NUCLEUS,"Ndentd (Cerebellum, Dorsal Dentate Nucleus)",6,True,0,,Homo sapiens,
JULICH_BRAIN_CYTOARCHITECTONIC_ATLAS_V3_1_FASTIGIAL_NUCLEUS,fastigial nucleus,JULICH_BRAIN_CYTOARCHITECTONIC_ATLAS_V3_1_CEREBELLAR_NUCLEI,cerebellar nuclei,4,False,1,,Homo sapiens,
JULICH_BRAIN_CYTOARCHITECTONIC_ATLAS_V3_1_NFAST_CEREBELLUM_FASTIGIAL_NUCLEUS,"Nfast (Cerebellum, Fastigial Nucleus)",JULICH_BRAIN_CYTOARCHITECTONIC_ATLAS_V3_1_FASTIGIAL_NUCLEUS,fastigial nucleus,5,False,2,,Homo sapiens,
JULICH_BRAIN_CYTOARCHITECTONIC_ATLAS_V3_1_NFAST_CEREBELLUM_FASTIGIAL_NUCLEUS_RIGHT,"Nfast (Cerebellum, Fastigial Nucleus) right",JULICH_BRAIN_CYTOARCHITECTONIC_ATLAS_V3_1_NFAST_CEREBELLUM_FASTIGIAL_NUCLEUS,"Nfast (Cerebellum, Fastigial Nucleus)",6,True,0,,Homo sapiens,
JULICH_BRAIN_CYTOARCHITECTONIC_ATLAS_V3_1_NFAST_CEREBELLUM_FASTIGIAL_NUCLEUS_LEFT,"Nfast (Cerebellum, Fastigial Nucleus) left",JULICH_BRAIN_CYTOARCHITECTONIC_ATLAS_V3_1_NFAST_CEREBELLUM_FASTIGIAL_NUCLEUS,"Nfast (Cerebellum, Fastigial Nucleus)",6,True,0,,Homo sapiens,
JULICH_BRAIN_CYTOARCHITECTONIC_ATLAS_V3_1_DIENCEPHALON,diencephalon,minds/core/parcellationatlas/v1.0.0/94c1125b-b87e-45e4-901c-00daee7f2579-310,Julich-Brain Cytoarchitectonic Atlas (v3.1),1,False,2,,Homo sapiens,
JULICH_BRAIN_CYTOARCHITECTONIC_ATLAS_V3_1_SUBTHALAMUS,subthalamus,JULICH_BRAIN_CYTOARCHITECTONIC_ATLAS_V3_1_DIENCEPHALON,diencephalon,2,False,1,,Homo sapiens,
JULICH_BRAIN_CYTOARCHITECTONIC_ATLAS_V3_1_STN_SUBTHALAMUS,STN (Subthalamus),JULICH_BRAIN_CYTOARCHITECTONIC_ATLAS_V3_1_SUBTHALAMUS,subthalamus,3,False,2,,Homo sapiens,
JULICH_BRAIN_CYTOARCHITECTONIC_ATLAS_V3_1_STN_SUBTHALAMUS_RIGHT,STN (Subthalamus) right,JULICH_BRAIN_CYTOARCHITECTONIC_ATLAS_V3_1_STN_SUBTHALAMUS,STN (Subthalamus),4,True,0,,Homo sapiens,
JULICH_BRAIN_CYTOARCHITECTONIC_ATLAS_V3_1_STN_SUBTHALAMUS_LEFT,STN (Subthalamus) left,JULICH_BRAIN_CYTOARCHITECTONIC_ATLAS_V3_1_STN_SUBTHALAMUS,STN (Subthalamus),4,True,0,,Homo sapiens,
JULICH_BRAIN_CYTOARCHITECTONIC_ATLAS_V3_1_THALAMUS,thalamus,JULICH_BRAIN_CYTOARCHITECTONIC_ATLAS_V3_1_DIENCEPHALON,diencephalon,2,False,3,,Homo sapiens,
JULICH_BRAIN_CYTOARCHITECTONIC_ATLAS_V3_1_VENTRAL_THALAMUS,ventral thalamus,JULICH_BRAIN_CYTOARCHITECTONIC_ATLAS_V3_1_THALAMUS,thalamus,3,False,2,,Homo sapiens,
JULICH_BRAIN_CYTOARCHITECTONIC_ATLAS_V3_1_RT_THALAMUS_RETICULAR_NUCLEUS,"Rt (Thalamus, reticular Nucleus)",JULICH_BRAIN_CYTOARCHITECTONIC_ATLAS_V3_1_VENTRAL_THALAMUS,ventral thalamus,4,False,2,,Homo sapiens,
JULICH_BRAIN_CYTOARCHITECTONIC_ATLAS_V3_1_RT_THALAMUS_RETICULAR_NUCLEUS_RIGHT,"Rt (Thalamus, reticular Nucleus) right",JULICH_BRAIN_CYTOARCHITECTONIC_ATLAS_V3_1_RT_THALAMUS_RETICULAR_NUCLEUS,"Rt (Thalamus, reticular Nucleus)",5,True,0,,Homo sapiens,
JULICH_BRAIN_CYTOARCHITECTONIC_ATLAS_V3_1_RT_THALAMUS_RETICULAR_NUCLEUS_LEFT,"Rt (Thalamus, reticular Nucleus) left",JULICH_BRAIN_CYTOARCHITECTONIC_ATLAS_V3_1_RT_THALAMUS_RETICULAR_NUCLEUS,"Rt (Thalamus, reticular Nucleus)",5,True,0,,Homo sapiens,
JULICH_BRAIN_CYTOARCHITECTONIC_ATLAS_V3_1_ZI_THALAMUS_ZONA_INCERTA,"ZI (Thalamus, zona incerta)",JULICH_BRAIN_CYTOARCHITECTONIC_ATLAS_V3_1_VENTRAL_THALAMUS,ventral thalamus,4,False,2,,Homo sapiens,
JULICH_BRAIN_CYTOARCHITECTONIC_ATLAS_V3_1_ZI_THALAMUS_ZONA_INCERTA_RIGHT,"ZI (Thalamus, zona incerta) right",JULICH_BRAIN_CYTOARCHITECTONIC_ATLAS_V3_1_ZI_THALAMUS_ZONA_INCERTA,"ZI (Thalamus, zona incerta)",5,True,0,,Homo sapiens,
JULICH_BRAIN_CYTOARCHITECTONIC_ATLAS_V3_1_ZI_THALAMUS_ZONA_INCERTA_LEFT,"ZI (Thalamus, zona incerta) left",JULICH_BRAIN_CYTOARCHITECTONIC_ATLAS_V3_1_ZI_THALAMUS_ZONA_INCERTA,"ZI (Thalamus, zona incerta)",5,True,0,,Homo sapiens,
JULICH_BRAIN_CYTOARCHITECTONIC_ATLAS_V3_1_METATHALAMUS,metathalamus,JULICH_BRAIN_CYTOARCHITECTONIC_ATLAS_V3_1_THALAMUS,thalamus,3,False,2,,Homo sapiens,
JULICH_BRAIN_CYTOARCHITECTONIC_ATLAS_V3_1_MEDIAL_GENICULATE_BODY,medial geniculate body,JULICH_BRAIN_CYTOARCHITECTONIC_ATLAS_V3_1_METATHALAMUS,metathalamus,4,False,1,,Homo sapiens,
JULICH_BRAIN_CYTOARCHITECTONIC_ATLAS_V3_1_CGM_METATHALAMUS,CGM (Metathalamus),JULICH_BRAIN_CYTOARCHITECTONIC_ATLAS_V3_1_MEDIAL_GENICULATE_BODY,medial geniculate body,5,False,2,,Homo sapiens,
JULICH_BRAIN_CYTOARCHITECTONIC_ATLAS_V3_1_CGM_METATHALAMUS_RIGHT,CGM (Metathalamus) right,JULICH_BRAIN_CYTOARCHITECTONIC_ATLAS_V3_1_CGM_METATHALAMUS,CGM (Metathalamus),6,True,0,,Homo sapiens,
JULICH_BRAIN_CYTOARCHITECTONIC_ATLAS_V3_1_CGM_METATHALAMUS_LEFT,CGM (Metathalamus) left,JULICH_BRAIN_CYTOARCHITECTONIC_ATLAS_V3_1_CGM_METATHALAMUS,CGM (Metathalamus),6,True,0,,Homo sapiens,
JULICH_BRAIN_CYTOARCHITECTONIC_ATLAS_V3_1_LATERAL_GENICULATE_BODY,lateral geniculate body,JULICH_BRAIN_CYTOARCHITECTONIC_ATLAS_V3_1_METATHALAMUS,metathalamus,4,False,1,,Homo sapiens,
JULICH_BRAIN_CYTOARCHITECTONIC_ATLAS_V3_1_CGL_METATHALAMUS,CGL (Metathalamus),JULICH_BRAIN_CYTOARCHITECTONIC_ATLAS_V3_1_LATERAL_GENICULATE_BODY,lateral geniculate body,5,False,2,,Homo sapiens,
JULICH_BRAIN_CYTOARCHITECTONIC_ATLAS_V3_1_CGL_METATHALAMUS_RIGHT,CGL (Metathalamus) right,JULICH_BRAIN_CYTOARCHITECTONIC_ATLAS_V3_1_CGL_METATHALAMUS,CGL (Metathalamus),6,True,0,,Homo sapiens,
JULICH_BRAIN_CYTOARCHITECTONIC_ATLAS_V3_1_CGL_METATHALAMUS_LEFT,CGL (Metathalamus) left,JULICH_BRAIN_CYTOARCHITECTONIC_ATLAS_V3_1_CGL_METATHALAMUS,CGL (Metathalamus),6,True,0,,Homo sapiens,
JULICH_BRAIN_CYTOARCHITECTONIC_ATLAS_V3_1_DORSAL_THALAMUS,dorsal thalamus,JULICH_BRAIN_CYTOARCHITECTONIC_ATLAS_V3_1_THALAMUS,thalamus,3,False,5,,Homo sapiens,
JULICH_BRAIN_CYTOARCHITECTONIC_ATLAS_V3_1_MEDIAL_GROUP,medial group,JULICH_BRAIN_CYTOARCHITECTONIC_ATLAS_V3_1_DORSAL_THALAMUS,dorsal thalamus,4,False,3,,Homo sapiens,
JULICH_BRAIN_CYTOARCHITECTONIC_ATLAS_V3_1_MV_THALAMUS_MEDIOVENTRAL_NUCLEUS,"MV (Thalamus, medioventral Nucleus)",JULICH_BRAIN_CYTOARCHITECTONIC_ATLAS_V3_1_MEDIAL_GROUP,medial group,5,False,2,,Homo sapiens,
JULICH_BRAIN_CYTOARCHITECTONIC_ATLAS_V3_1_MV_THALAMUS_MEDIOVENTRAL_NUCLEUS_RIGHT,"MV (Thalamus, medioventral Nucleus) right",JULICH_BRAIN_CYTOARCHITECTONIC_ATLAS_V3_1_MV_THALAMUS_MEDIOVENTRAL_NUCLEUS,"MV (Thalamus, medioventral Nucleus)",6,True,0,,Homo sapiens,
JULICH_BRAIN_CYTOARCHITECTONIC_ATLAS_V3_1_MV_THALAMUS_MEDIOVENTRAL_NUCLEUS_LEFT,"MV (Thalamus, medioventral Nucleus) left",JULICH_BRAIN_CYTOARCHITECTONIC_ATLAS_V3_1_MV_THALAMUS_MEDIOVENTRAL_NUCLEUS,"MV (Thalamus, medioventral Nucleus)",6,True,0,,Homo sapiens,
JULICH_BRAIN_CYTOARCHITECTONIC_ATLAS_V3_1_MD_THALAMUS_MEDIODORSAL_NUCLEUS,"MD (Thalamus, mediodorsal Nucleus)",JULICH_BRAIN_CYTOARCHITECTONIC_ATLAS_V3_1_MEDIAL_GROUP,medial group,5,False,2,,Homo sapiens,
JULICH_BRAIN_CYTOARCHITECTONIC_ATLAS_V3_1_MD_THALAMUS_MEDIODORSAL_NUCLEUS_RIGHT,"MD (Thalamus, mediodorsal Nucleus) right",JULICH_BRAIN_CYTOARCHITECTONIC_ATLAS_V3_1_MD_THALAMUS_MEDIODORSAL_NUCLEUS,"MD (Thalamus, mediodorsal Nucleus)",6,True,0,,Homo sapiens,
JULICH_BRAIN_CYTOARCHITECTONIC_ATLAS_V3_1_MD_THALAMUS_MEDIODORSAL_NUCLEUS_LEFT,"MD (Thalamus, mediodorsal Nucleus) left",JULICH_BRAIN_CYTOARCHITECTONIC_ATLAS_V3_1_MD_THALAMUS_MEDIODORSAL_NUCLEUS,"MD (Thalamus, mediodorsal Nucleus)",6,True,0,,Homo sapiens,
JULICH_BRAIN_CYTOARCHITECTONIC_ATLAS_V3_1_PV_THALAMUS_PARAVENTRICULAR_NUCLEUS,"Pv (Thalamus, paraventricular Nucleus)",JULICH_BRAIN_CYTOARCHITECTONIC_ATLAS_V3_1_MEDIAL_GROUP,medial group,5,False,2,,Homo sapiens,
JULICH_BRAIN_CYTOARCHITECTONIC_ATLAS_V3_1_PV_THALAMUS_PARAVENTRICULAR_NUCLEUS_RIGHT,"Pv (Thalamus, paraventricular Nucleus) right",JULICH_BRAIN_CYTOARCHITECTONIC_ATLAS_V3_1_PV_THALAMUS_PARAVENTRICULAR_NUCLEUS,"Pv (Thalamus, paraventricular Nucleus)",6,True,0,,Homo sapiens,
JULICH_BRAIN_CYTOARCHITECTONIC_ATLAS_V3_1_PV_THALAMUS_PARAVENTRICULAR_NUCLEUS_LEFT,"Pv (Thalamus, paraventricular Nucleus) left",JULICH_BRAIN_CYTOARCHITECTONIC_ATLAS_V3_1_PV_THALAMUS_PARAVENTRICULAR_NUCLEUS,"Pv (Thalamus, paraventricular Nucleus)",6,True,0,,Homo sapiens,
JULICH_BRAIN_CYTOARCHITECTONIC_ATLAS_V3_1_POSTERIOR_GROUP,posterior group,JULICH_BRAIN_CYTOARCHITECTONIC_ATLAS_V3_1_DORSAL_THALAMUS,dorsal thalamus,4,False,8,,Homo sapiens,
JULICH_BRAIN_CYTOARCHITECTONIC_ATLAS_V3_1_PO_THALAMUS_POSTERIOR_NUCLEUS,"Po (Thalamus, posterior Nucleus)",JULICH_BRAIN_CYTOARCHITECTONIC_ATLAS_V3_1_POSTERIOR_GROUP,posterior group,5,False,2,,Homo sapiens,
JULICH_BRAIN_CYTOARCHITECTONIC_ATLAS_V3_1_PO_THALAMUS_POSTERIOR_NUCLEUS_RIGHT,"Po (Thalamus, posterior Nucleus) right",JULICH_BRAIN_CYTOARCHITECTONIC_ATLAS_V3_1_PO_THALAMUS_POSTERIOR_NUCLEUS,"Po (Thalamus, posterior Nucleus)",6,True,0,,Homo sapiens,
JULICH_BRAIN_CYTOARCHITECTONIC_ATLAS_V3_1_PO_THALAMUS_POSTERIOR_NUCLEUS_LEFT,"Po (Thalamus, posterior Nucleus) left",JULICH_BRAIN_CYTOARCHITECTONIC_ATLAS_V3_1_PO_THALAMUS_POSTERIOR_NUCLEUS,"Po (Thalamus, posterior Nucleus)",6,True,0,,Homo sapiens,
JULICH_BRAIN_CYTOARCHITECTONIC_ATLAS_V3_1_PUM_THALAMUS_MEDIAL_PULVINAR,"PUm (Thalamus, medial pulvinar)",JULICH_BRAIN_CYTOARCHITECTONIC_ATLAS_V3_1_POSTERIOR_GROUP,posterior group,5,False,2,,Homo sapiens,
JULICH_BRAIN_CYTOARCHITECTONIC_ATLAS_V3_1_PUM_THALAMUS_MEDIAL_PULVINAR_RIGHT,"PUm (Thalamus, medial pulvinar) right",JULICH_BRAIN_CYTOARCHITECTONIC_ATLAS_V3_1_PUM_THALAMUS_MEDIAL_PULVINAR,"PUm (Thalamus, medial pulvinar)",6,True,0,,Homo sapiens,
JULICH_BRAIN_CYTOARCHITECTONIC_ATLAS_V3_1_PUM_THALAMUS_MEDIAL_PULVINAR_LEFT,"PUm (Thalamus, medial pulvinar) left",JULICH_BRAIN_CYTOARCHITECTONIC_ATLAS_V3_1_PUM_THALAMUS_MEDIAL_PULVINAR,"PUm (Thalamus, medial pulvinar)",6,True,0,,Homo sapiens,
JULICH_BRAIN_CYTOARCHITECTONIC_ATLAS_V3_1_PUL_THALAMUS_LATERAL_PULVINAR,"PUl (Thalamus, lateral pulvinar)",JULICH_BRAIN_CYTOARCHITECTONIC_ATLAS_V3_1_POSTERIOR_GROUP,posterior group,5,False,2,,Homo sapiens,
JULICH_BRAIN_CYTOARCHITECTONIC_ATLAS_V3_1_PUL_THALAMUS_LATERAL_PULVINAR_RIGHT,"PUl (Thalamus, lateral pulvinar) right",JULICH_BRAIN_CYTOARCHITECTONIC_ATLAS_V3_1_PUL_THALAMUS_LATERAL_PULVINAR,"PUl (Thalamus, lateral pulvinar)",6,True,0,,Homo sapiens,
JULICH_BRAIN_CYTOARCHITECTONIC_ATLAS_V3_1_PUL_THALAMUS_LATERAL_PULVINAR_LEFT,"PUl (Thalamus, lateral pulvinar) left",JULICH_BRAIN_CYTOARCHITECTONIC_ATLAS_V3_1_PUL_THALAMUS_LATERAL_PULVINAR,"PUl (Thalamus, lateral pulvinar)",6,True,0,,Homo sapiens,
JULICH_BRAIN_CYTOARCHITECTONIC_ATLAS_V3_1_LI_THALAMUS_LIMITANS_NUCLEUS,"Li (Thalamus, limitans Nucleus)",JULICH_BRAIN_CYTOARCHITECTONIC_ATLAS_V3_1_POSTERIOR_GROUP,posterior group,5,False,2,,Homo sapiens,
JULICH_BRAIN_CYTOARCHITECTONIC_ATLAS_V3_1_LI_THALAMUS_LIMITANS_NUCLEUS_RIGHT,"Li (Thalamus, limitans Nucleus) right",JULICH_BRAIN_CYTOARCHITECTONIC_ATLAS_V3_1_LI_THALAMUS_LIMITANS_NUCLEUS,"Li (Thalamus, limitans Nucleus)",6,True,0,,Homo sapiens,
JULICH_BRAIN_CYTOARCHITECTONIC_ATLAS_V3_1_LI_THALAMUS_LIMITANS_NUCLEUS_LEFT,"Li (Thalamus, limitans Nucleus) left",JULICH_BRAIN_CYTOARCHITECTONIC_ATLAS_V3_1_LI_THALAMUS_LIMITANS_NUCLEUS,"Li (Thalamus, limitans Nucleus)",6,True,0,,Homo sapiens,
JULICH_BRAIN_CYTOARCHITECTONIC_ATLAS_V3_1_SG_THALAMUS_SUPRAGENICULATE_NUCLEUS,"Sg (Thalamus, suprageniculate Nucleus)",JULICH_BRAIN_CYTOARCHITECTONIC_ATLAS_V3_1_POSTERIOR_GROUP,posterior group,5,False,2,,Homo sapiens,
JULICH_BRAIN_CYTOARCHITECTONIC_ATLAS_V3_1_SG_THALAMUS_SUPRAGENICULATE_NUCLEUS_RIGHT,"Sg (Thalamus, suprageniculate Nucleus) right",JULICH_BRAIN_CYTOARCHITECTONIC_ATLAS_V3_1_SG_THALAMUS_SUPRAGENICULATE_NUCLEUS,"Sg (Thalamus, suprageniculate Nucleus)",6,True,0,,Homo sapiens,
JULICH_BRAIN_CYTOARCHITECTONIC_ATLAS_V3_1_SG_THALAMUS_SUPRAGENICULATE_NUCLEUS_LEFT,"Sg (Thalamus, suprageniculate Nucleus) left",JULICH_BRAIN_CYTOARCHITECTONIC_ATLAS_V3_1_SG_THALAMUS_SUPRAGENICULATE_NUCLEUS,"Sg (Thalamus, suprageniculate Nucleus)",6,True,0,,Homo sapiens,
JULICH_BRAIN_CYTOARCHITECTONIC_ATLAS_V3_1_LP_THALAMUS_LATERAL_POSTERIOR_NUCLEUS,"LP (Thalamus, lateral posterior Nucleus)",JULICH_BRAIN_CYTOARCHITECTONIC_ATLAS_V3_1_POSTERIOR_GROUP,posterior group,5,False,2,,Homo sapiens,
JULICH_BRAIN_CYTOARCHITECTONIC_ATLAS_V3_1_LP_THALAMUS_LATERAL_POSTERIOR_NUCLEUS_RIGHT,"LP (Thalamus, lateral posterior Nucleus) right",JULICH_BRAIN_CYTOARCHITECTONIC_ATLAS_V3_1_LP_THALAMUS_LATERAL_POSTERIOR_NUCLEUS,"LP (Thalamus, lateral posterior Nucleus)",6,True,0,,Homo sapiens,
JULICH_BRAIN_CYTOARCHITECTONIC_ATLAS_V3_1_LP_THALAMUS_LATERAL_POSTERIOR_NUCLEUS_LEFT,"LP (Thalamus, lateral posterior Nucleus) left",JULICH_BRAIN_CYTOARCHITECTONIC_ATLAS_V3_1_LP_THALAMUS_LATERAL_POSTERIOR_NUCLEUS,"LP (Thalamus, lateral posterior Nucleus)",6,True,0,,Homo sapiens,
JULICH_BRAIN_CYTOARCHITECTONIC_ATLAS_V3_1_PUI_THALAMUS_INFERIOR_PULVINAR,"PUi (Thalamus, inferior pulvinar)",JULICH_BRAIN_CYTOARCHITECTONIC_ATLAS_V3_1_POSTERIOR_GROUP,posterior group,5,False,2,,Homo sapiens,
JULICH_BRAIN_CYTOARCHITECTONIC_ATLAS_V3_1_PUI_THALAMUS_INFERIOR_PULVINAR_RIGHT,"PUi (Thalamus, inferior pulvinar) right",JULICH_BRAIN_CYTOARCHITECTONIC_ATLAS_V3_1_PUI_THALAMUS_INFERIOR_PULVINAR,"PUi (Thalamus, inferior pulvinar)",6,True,0,,Homo sapiens,
JULICH_BRAIN_CYTOARCHITECTONIC_ATLAS_V3_1_PUI_THALAMUS_INFERIOR_PULVINAR_LEFT,"PUi (Thalamus, inferior pulvinar) left",JULICH_BRAIN_CYTOARCHITECTONIC_ATLAS_V3_1_PUI_THALAMUS_INFERIOR_PULVINAR,"PUi (Thalamus, inferior pulvinar)",6,True,0,,Homo sapiens,
JULICH_BRAIN_CYTOARCHITECTONIC_ATLAS_V3_1_PUA_THALAMUS_ANTERIOR_PULVINAR,"PUa (Thalamus, anterior pulvinar)",JULICH_BRAIN_CYTOARCHITECTONIC_ATLAS_V3_1_POSTERIOR_GROUP,posterior group,5,False,2,,Homo sapiens,
JULICH_BRAIN_CYTOARCHITECTONIC_ATLAS_V3_1_PUA_THALAMUS_ANTERIOR_PULVINAR_RIGHT,"PUa (Thalamus, anterior pulvinar) right",JULICH_BRAIN_CYTOARCHITECTONIC_ATLAS_V3_1_PUA_THALAMUS_ANTERIOR_PULVINAR,"PUa (Thalamus, anterior pulvinar)",6,True,0,,Homo sapiens,
JULICH_BRAIN_CYTOARCHITECTONIC_ATLAS_V3_1_PUA_THALAMUS_ANTERIOR_PULVINAR_LEFT,"PUa (Thalamus, anterior pulvinar) left",JULICH_BRAIN_CYTOARCHITECTONIC_ATLAS_V3_1_PUA_THALAMUS_ANTERIOR_PULVINAR,"PUa (Thalamus, anterior pulvinar)",6,True,0,,Homo sapiens,
JULICH_BRAIN_CYTOARCHITECTONIC_ATLAS_V3_1_ANTERIOR_GROUP,anterior group,JULICH_BRAIN_CYTOARCHITECTONIC_ATLAS_V3_1_DORSAL_THALAMUS,dorsal thalamus,4,False,3,,Homo sapiens,
JULICH_BRAIN_CYTOARCHITECTONIC_ATLAS_V3_1_LD_THALAMUS_LATERAL_DORSAL_NUCLEUS,"LD (Thalamus, lateral dorsal Nucleus)",JULICH_BRAIN_CYTOARCHITECTONIC_ATLAS_V3_1_ANTERIOR_GROUP,anterior group,5,False,2,,Homo sapiens,
JULICH_BRAIN_CYTOARCHITECTONIC_ATLAS_V3_1_LD_THALAMUS_LATERAL_DORSAL_NUCLEUS_RIGHT,"LD (Thalamus, lateral dorsal Nucleus) right",JULICH_BRAIN_CYTOARCHITECTONIC_ATLAS_V3_1_LD_THALAMUS_LATERAL_DORSAL_NUCLEUS,"LD (Thalamus, lateral dorsal Nucleus)",6,True,0,,Homo sapiens,
JULICH_BRAIN_CYTOARCHITECTONIC_ATLAS_V3_1_LD_THALAMUS_LATERAL_DORSAL_NUCLEUS_LEFT,"LD (Thalamus, lateral dorsal Nucleus) left",JULICH_BRAIN_CYTOARCHITECTONIC_ATLAS_V3_1_LD_THALAMUS_LATERAL_DORSAL_NUCLEUS,"LD (Thalamus, lateral dorsal Nucleus)",6,True,0,,Homo sapiens,
JULICH_BRAIN_CYTOARCHITECTONIC_ATLAS_V3_1_AV_THALAMUS_ANTEROVENTRAL_NUCLEUS,"AV (Thalamus, anteroventral Nucleus)",JULICH_BRAIN_CYTOARCHITECTONIC_ATLAS_V3_1_ANTERIOR_GROUP,anterior group,5,False,2,,Homo sapiens,
JULICH_BRAIN_CYTOARCHITECTONIC_ATLAS_V3_1_AV_THALAMUS_ANTEROVENTRAL_NUCLEUS_RIGHT,"AV (Thalamus, anteroventral Nucleus) right",JULICH_BRAIN_CYTOARCHITECTONIC_ATLAS_V3_1_AV_THALAMUS_ANTEROVENTRAL_NUCLEUS,"AV (Thalamus, anteroventral Nucleus)",6,True,0,,Homo sapiens,
JULICH_BRAIN_CYTOARCHITECTONIC_ATLAS_V3_1_AV_THALAMUS_ANTEROVENTRAL_NUCLEUS_LEFT,"AV (Thalamus, anteroventral Nucleus) left",JULICH_BRAIN_CYTOARCHITECTONIC_ATLAS_V3_1_AV_THALAMUS_ANTEROVENTRAL_NUCLEUS,"AV (Thalamus, anteroventral Nucleus)",6,True,0,,Homo sapiens,
JULICH_BRAIN_CYTOARCHITECTONIC_ATLAS_V3_1_AM_THALAMUS_ANTEROMEDIAL_NUCLEUS,"AM (Thalamus, anteromedial Nucleus)",JULICH_BRAIN_CYTOARCHITECTONIC_ATLAS_V3_1_ANTERIOR_GROUP,anterior group,5,False,2,,Homo sapiens,
JULICH_BRAIN_CYTOARCHITECTONIC_ATLAS_V3_1_AM_THALAMUS_ANTEROMEDIAL_NUCLEUS_RIGHT,"AM (Thalamus, anteromedial Nucleus) right",JULICH_BRAIN_CYTOARCHITECTONIC_ATLAS_V3_1_AM_THALAMUS_ANTEROMEDIAL_NUCLEUS,"AM (Thalamus, anteromedial Nucleus)",6,True,0,,Homo sapiens,
JULICH_BRAIN_CYTOARCHITECTONIC_ATLAS_V3_1_AM_THALAMUS_ANTEROMEDIAL_NUCLEUS_LEFT,"AM (Thalamus, anteromedial Nucleus) left",JULICH_BRAIN_CYTOARCHITECTONIC_ATLAS_V3_1_AM_THALAMUS_ANTEROMEDIAL_NUCLEUS,"AM (Thalamus, anteromedial Nucleus)",6,True,0,,Homo sapiens,
JULICH_BRAIN_CYTOARCHITECTONIC_ATLAS_V3_1_VENTRAL_GROUP,ventral group,JULICH_BRAIN_CYTOARCHITECTONIC_ATLAS_V3_1_DORSAL_THALAMUS,dorsal thalamus,4,False,10,,Homo sapiens,
JULICH_BRAIN_CYTOARCHITECTONIC_ATLAS_V3_1_VPMPC_THALAMUS_VENTRAL_POSTERIOR_MEDIAL_NUCLEUS_PARVOCELLULAR_PART,"VPMpc (Thalamus, ventral posterior medial Nucleus, parvocellular part)",JULICH_BRAIN_CYTOARCHITECTONIC_ATLAS_V3_1_VENTRAL_GROUP,ventral group,5,False,2,,Homo sapiens,
JULICH_BRAIN_CYTOARCHITECTONIC_ATLAS_V3_1_VPMPC_THALAMUS_VENTRAL_POSTERIOR_MEDIAL_NUCLEUS_PARVOCELLULAR_PART_RIGHT,"VPMpc (Thalamus, ventral posterior medial Nucleus, parvocellular part) right",JULICH_BRAIN_CYTOARCHITECTONIC_ATLAS_V3_1_VPMPC_THALAMUS_VENTRAL_POSTERIOR_MEDIAL_NUCLEUS_PARVOCELLULAR_PART,"VPMpc (Thalamus, ventral posterior medial Nucleus, parvocellular part)",6,True,0,,Homo sapiens,
JULICH_BRAIN_CYTOARCHITECTONIC_ATLAS_V3_1_VPMPC_THALAMUS_VENTRAL_POSTERIOR_MEDIAL_NUCLEUS_PARVOCELLULAR_PART_LEFT,"VPMpc (Thalamus, ventral posterior medial Nucleus, parvocellular part) left",JULICH_BRAIN_CYTOARCHITECTONIC_ATLAS_V3_1_VPMPC_THALAMUS_VENTRAL_POSTERIOR_MEDIAL_NUCLEUS_PARVOCELLULAR_PART,"VPMpc (Thalamus, ventral posterior medial Nucleus, parvocellular part)",6,True,0,,Homo sapiens,
JULICH_BRAIN_CYTOARCHITECTONIC_ATLAS_V3_1_VPI_THALAMUS_VENTROPOSTERIOR_INFERIOR_NUCLEUS,"VPi (Thalamus, ventroposterior inferior Nucleus)",JULICH_BRAIN_CYTOARCHITECTONIC_ATLAS_V3_1_VENTRAL_GROUP,ventral group,5,False,2,,Homo sapiens,
JULICH_BRAIN_CYTOARCHITECTONIC_ATLAS_V3_1_VPI_THALAMUS_VENTROPOSTERIOR_INFERIOR_NUCLEUS_RIGHT,"VPi (Thalamus, ventroposterior inferior Nucleus) right",JULICH_BRAIN_CYTOARCHITECTONIC_ATLAS_V3_1_VPI_THALAMUS_VENTROPOSTERIOR_INFERIOR_NUCLEUS,"VPi (Thalamus, ventroposterior inferior Nucleus)",6,True,0,,Homo sapiens,
JULICH_BRAIN_CYTOARCHITECTONIC_ATLAS_V3_1_VPI_THALAMUS_VENTROPOSTERIOR_INFERIOR_NUCLEUS_LEFT,"VPi (Thalamus, ventroposterior inferior Nucleus) left",JULICH_BRAIN_CYTOARCHITECTONIC_ATLAS_V3_1_VPI_THALAMUS_VENTROPOSTERIOR_INFERIOR_NUCLEUS,"VPi (Thalamus, ventroposterior inferior Nucleus)",6,True,0,,Homo sapiens,
JULICH_BRAIN_CYTOARCHITECTONIC_ATLAS_V3_1_VPL_THALAMUS_VENTRAL_POSTERIOR_LATERAL_NUCLEUS,"VPL (Thalamus, ventral posterior lateral Nucleus)",JULICH_BRAIN_CYTOARCHITECTONIC_ATLAS_V3_1_VENTRAL_GROUP,ventral group,5,False,2,,Homo sapiens,
JULICH_BRAIN_CYTOARCHITECTONIC_ATLAS_V3_1_VPL_THALAMUS_VENTRAL_POSTERIOR_LATERAL_NUCLEUS_RIGHT,"VPL (Thalamus, ventral posterior lateral Nucleus) right",JULICH_BRAIN_CYTOARCHITECTONIC_ATLAS_V3_1_VPL_THALAMUS_VENTRAL_POSTERIOR_LATERAL_NUCLEUS,"VPL (Thalamus, ventral posterior lateral Nucleus)",6,True,0,,Homo sapiens,
JULICH_BRAIN_CYTOARCHITECTONIC_ATLAS_V3_1_VPL_THALAMUS_VENTRAL_POSTERIOR_LATERAL_NUCLEUS_LEFT,"VPL (Thalamus, ventral posterior lateral Nucleus) left",JULICH_BRAIN_CYTOARCHITECTONIC_ATLAS_V3_1_VPL_THALAMUS_VENTRAL_POSTERIOR_LATERAL_NUCLEUS,"VPL (Thalamus, ventral posterior lateral Nucleus)",6,True,0,,Homo sapiens,
JULICH_BRAIN_CYTOARCHITECTONIC_ATLAS_V3_1_VLP_THALAMUS_VENTRAL_LATERAL_POSTERIOR_NUCLEUS,"VLP (Thalamus, ventral lateral posterior Nucleus)",JULICH_BRAIN_CYTOARCHITECTONIC_ATLAS_V3_1_VENTRAL_GROUP,ventral group,5,False,2,,Homo sapiens,
JULICH_BRAIN_CYTOARCHITECTONIC_ATLAS_V3_1_VLP_THALAMUS_VENTRAL_LATERAL_POSTERIOR_NUCLEUS_RIGHT,"VLP (Thalamus, ventral lateral posterior Nucleus) right",JULICH_BRAIN_CYTOARCHITECTONIC_ATLAS_V3_1_VLP_THALAMUS_VENTRAL_LATERAL_POSTERIOR_NUCLEUS,"VLP (Thalamus, ventral lateral posterior Nucleus)",6,True,0,,Homo sapiens,
JULICH_BRAIN_CYTOARCHITECTONIC_ATLAS_V3_1_VLP_THALAMUS_VENTRAL_LATERAL_POSTERIOR_NUCLEUS_LEFT,"VLP (Thalamus, ventral lateral posterior Nucleus) left",JULICH_BRAIN_CYTOARCHITECTONIC_ATLAS_V3_1_VLP_THALAMUS_VENTRAL_LATERAL_POSTERIOR_NUCLEUS,"VLP (Thalamus, ventral lateral posterior Nucleus)",6,True,0,,Homo sapiens,
JULICH_BRAIN_CYTOARCHITECTONIC_ATLAS_V3_1_VIM_THALAMUS_VENTRAL_INTERMEDIATE_NUCLEUS,"VIM (Thalamus, ventral intermediate Nucleus)",JULICH_BRAIN_CYTOARCHITECTONIC_ATLAS_V3_1_VENTRAL_GROUP,ventral group,5,False,2,,Homo sapiens,
JULICH_BRAIN_CYTOARCHITECTONIC_ATLAS_V3_1_VIM_THALAMUS_VENTRAL_INTERMEDIATE_NUCLEUS_RIGHT,"VIM (Thalamus, ventral intermediate Nucleus) right",JULICH_BRAIN_CYTOARCHITECTONIC_ATLAS_V3_1_VIM_THALAMUS_VENTRAL_INTERMEDIATE_NUCLEUS,"VIM (Thalamus, ventral intermediate Nucleus)",6,True,0,,Homo sapiens,
JULICH_BRAIN_CYTOARCHITECTONIC_ATLAS_V3_1_VIM_THALAMUS_VENTRAL_INTERMEDIATE_NUCLEUS_LEFT,"VIM (Thalamus, ventral intermediate Nucleus) left",JULICH_BRAIN_CYTOARCHITECTONIC_ATLAS_V3_1_VIM_THALAMUS_VENTRAL_INTERMEDIATE_NUCLEUS,"VIM (Thalamus, ventral intermediate Nucleus)",6,True,0,,Homo sapiens,
JULICH_BRAIN_CYTOARCHITECTONIC_ATLAS_V3_1_VM_THALAMUS_VENTRAL_MEDIAL_NUCLEUS,"VM (Thalamus, ventral medial Nucleus)",JULICH_BRAIN_CYTOARCHITECTONIC_ATLAS_V3_1_VENTRAL_GROUP,ventral group,5,False,2,,Homo sapiens,
JULICH_BRAIN_CYTOARCHITECTONIC_ATLAS_V3_1_VM_THALAMUS_VENTRAL_MEDIAL_NUCLEUS_RIGHT,"VM (Thalamus, ventral medial Nucleus) right",JULICH_BRAIN_CYTOARCHITECTONIC_ATLAS_V3_1_VM_THALAMUS_VENTRAL_MEDIAL_NUCLEUS,"VM (Thalamus, ventral medial Nucleus)",6,True,0,,Homo sapiens,
JULICH_BRAIN_CYTOARCHITECTONIC_ATLAS_V3_1_VM_THALAMUS_VENTRAL_MEDIAL_NUCLEUS_LEFT,"VM (Thalamus, ventral medial Nucleus) left",JULICH_BRAIN_CYTOARCHITECTONIC_ATLAS_V3_1_VM_THALAMUS_VENTRAL_MEDIAL_NUCLEUS,"VM (Thalamus, ventral medial Nucleus)",6,True,0,,Homo sapiens,
JULICH_BRAIN_CYTOARCHITECTONIC_ATLAS_V3_1_VA_THALAMUS_VENTRAL_ANTERIOR_NUCLEUS_VENTRAL,"VA (Thalamus, ventral anterior Nucleus (ventral))",JULICH_BRAIN_CYTOARCHITECTONIC_ATLAS_V3_1_VENTRAL_GROUP,ventral group,5,False,2,,Homo sapiens,
JULICH_BRAIN_CYTOARCHITECTONIC_ATLAS_V3_1_VA_THALAMUS_VENTRAL_ANTERIOR_NUCLEUS_VENTRAL_RIGHT,"VA (Thalamus, ventral anterior Nucleus (ventral)) right",JULICH_BRAIN_CYTOARCHITECTONIC_ATLAS_V3_1_VA_THALAMUS_VENTRAL_ANTERIOR_NUCLEUS_VENTRAL,"VA (Thalamus, ventral anterior Nucleus (ventral))",6,True,0,,Homo sapiens,
JULICH_BRAIN_CYTOARCHITECTONIC_ATLAS_V3_1_VA_THALAMUS_VENTRAL_ANTERIOR_NUCLEUS_VENTRAL_LEFT,"VA (Thalamus, ventral anterior Nucleus (ventral)) left",JULICH_BRAIN_CYTOARCHITECTONIC_ATLAS_V3_1_VA_THALAMUS_VENTRAL_ANTERIOR_NUCLEUS_VENTRAL,"VA (Thalamus, ventral anterior Nucleus (ventral))",6,True,0,,Homo sapiens,
JULICH_BRAIN_CYTOARCHITECTONIC_ATLAS_V3_1_VLA_THALAMUS_VENTRAL_LATERAL_ANTERIOR_NUCLEUS,"VLA (Thalamus, ventral lateral anterior Nucleus)",JULICH_BRAIN_CYTOARCHITECTONIC_ATLAS_V3_1_VENTRAL_GROUP,ventral group,5,False,2,,Homo sapiens,
JULICH_BRAIN_CYTOARCHITECTONIC_ATLAS_V3_1_VLA_THALAMUS_VENTRAL_LATERAL_ANTERIOR_NUCLEUS_RIGHT,"VLA (Thalamus, ventral lateral anterior Nucleus) right",JULICH_BRAIN_CYTOARCHITECTONIC_ATLAS_V3_1_VLA_THALAMUS_VENTRAL_LATERAL_ANTERIOR_NUCLEUS,"VLA (Thalamus, ventral lateral anterior Nucleus)",6,True,0,,Homo sapiens,
JULICH_BRAIN_CYTOARCHITECTONIC_ATLAS_V3_1_VLA_THALAMUS_VENTRAL_LATERAL_ANTERIOR_NUCLEUS_LEFT,"VLA (Thalamus, ventral lateral anterior Nucleus) left",JULICH_BRAIN_CYTOARCHITECTONIC_ATLAS_V3_1_VLA_THALAMUS_VENTRAL_LATERAL_ANTERIOR_NUCLEUS,"VLA (Thalamus, ventral lateral anterior Nucleus)",6,True,0,,Homo sapiens,
JULICH_BRAIN_CYTOARCHITECTONIC_ATLAS_V3_1_VAMC_THALAMUS_VENTRAL_ANTERIOR_NUCLEUS_MAGNOCELLULAR_PART,"VAmc (Thalamus, ventral anterior Nucleus, magnocellular part)",JULICH_BRAIN_CYTOARCHITECTONIC_ATLAS_V3_1_VENTRAL_GROUP,ventral group,5,False,2,,Homo sapiens,
JULICH_BRAIN_CYTOARCHITECTONIC_ATLAS_V3_1_VAMC_THALAMUS_VENTRAL_ANTERIOR_NUCLEUS_MAGNOCELLULAR_PART_RIGHT,"VAmc (Thalamus, ventral anterior Nucleus, magnocellular part) right",JULICH_BRAIN_CYTOARCHITECTONIC_ATLAS_V3_1_VAMC_THALAMUS_VENTRAL_ANTERIOR_NUCLEUS_MAGNOCELLULAR_PART,"VAmc (Thalamus, ventral anterior Nucleus, magnocellular part)",6,True,0,,Homo sapiens,
JULICH_BRAIN_CYTOARCHITECTONIC_ATLAS_V3_1_VAMC_THALAMUS_VENTRAL_ANTERIOR_NUCLEUS_MAGNOCELLULAR_PART_LEFT,"VAmc (Thalamus, ventral anterior Nucleus, magnocellular part) left",JULICH_BRAIN_CYTOARCHITECTONIC_ATLAS_V3_1_VAMC_THALAMUS_VENTRAL_ANTERIOR_NUCLEUS_MAGNOCELLULAR_PART,"VAmc (Thalamus, ventral anterior Nucleus, magnocellular part)",6,True,0,,Homo sapiens,
JULICH_BRAIN_CYTOARCHITECTONIC_ATLAS_V3_1_VPM_THALAMUS_VENTRAL_POSTERIOR_MEDIAL_NUCLEUS,"VPM (Thalamus, ventral posterior medial Nucleus)",JULICH_BRAIN_CYTOARCHITECTONIC_ATLAS_V3_1_VENTRAL_GROUP,ventral group,5,False,2,,Homo sapiens,
JULICH_BRAIN_CYTOARCHITECTONIC_ATLAS_V3_1_VPM_THALAMUS_VENTRAL_POSTERIOR_MEDIAL_NUCLEUS_RIGHT,"VPM (Thalamus, ventral posterior medial Nucleus) right",JULICH_BRAIN_CYTOARCHITECTONIC_ATLAS_V3_1_VPM_THALAMUS_VENTRAL_POSTERIOR_MEDIAL_NUCLEUS,"VPM (Thalamus, ventral posterior medial Nucleus)",6,True,0,,Homo sapiens,
JULICH_BRAIN_CYTOARCHITECTONIC_ATLAS_V3_1_VPM_THALAMUS_VENTRAL_POSTERIOR_MEDIAL_NUCLEUS_LEFT,"VPM (Thalamus, ventral posterior medial Nucleus) left",JULICH_BRAIN_CYTOARCHITECTONIC_ATLAS_V3_1_VPM_THALAMUS_VENTRAL_POSTERIOR_MEDIAL_NUCLEUS,"VPM (Thalamus, ventral posterior medial Nucleus)",6,True,0,,Homo sapiens,
JULICH_BRAIN_CYTOARCHITECTONIC_ATLAS_V3_1_INTRALAMINAR_GROUP,intralaminar group,JULICH_BRAIN_CYTOARCHITECTONIC_ATLAS_V3_1_DORSAL_THALAMUS,dorsal thalamus,4,False,4,,Homo sapiens,
JULICH_BRAIN_CYTOARCHITECTONIC_ATLAS_V3_1_SPF_THALAMUS_SUBPARAFASCICULAR_NUCLEUS,"sPf (Thalamus, subparafascicular Nucleus)",JULICH_BRAIN_CYTOARCHITECTONIC_ATLAS_V3_1_INTRALAMINAR_GROUP,intralaminar group,5,False,2,,Homo sapiens,
JULICH_BRAIN_CYTOARCHITECTONIC_ATLAS_V3_1_SPF_THALAMUS_SUBPARAFASCICULAR_NUCLEUS_RIGHT,"sPf (Thalamus, subparafascicular Nucleus) right",JULICH_BRAIN_CYTOARCHITECTONIC_ATLAS_V3_1_SPF_THALAMUS_SUBPARAFASCICULAR_NUCLEUS,"sPf (Thalamus, subparafascicular Nucleus)",6,True,0,,Homo sapiens,
JULICH_BRAIN_CYTOARCHITECTONIC_ATLAS_V3_1_SPF_THALAMUS_SUBPARAFASCICULAR_NUCLEUS_LEFT,"sPf (Thalamus, subparafascicular Nucleus) left",JULICH_BRAIN_CYTOARCHITECTONIC_ATLAS_V3_1_SPF_THALAMUS_SUBPARAFASCICULAR_NUCLEUS,"sPf (Thalamus, subparafascicular Nucleus)",6,True,0,,Homo sapiens,
JULICH_BRAIN_CYTOARCHITECTONIC_ATLAS_V3_1_PF_THALAMUS_PARAFASCICULAR_NUCLEUS,"Pf (Thalamus, parafascicular Nucleus)",JULICH_BRAIN_CYTOARCHITECTONIC_ATLAS_V3_1_INTRALAMINAR_GROUP,intralaminar group,5,False,2,,Homo sapiens,
JULICH_BRAIN_CYTOARCHITECTONIC_ATLAS_V3_1_PF_THALAMUS_PARAFASCICULAR_NUCLEUS_RIGHT,"Pf (Thalamus, parafascicular Nucleus) right",JULICH_BRAIN_CYTOARCHITECTONIC_ATLAS_V3_1_PF_THALAMUS_PARAFASCICULAR_NUCLEUS,"Pf (Thalamus, parafascicular Nucleus)",6,True,0,,Homo sapiens,
JULICH_BRAIN_CYTOARCHITECTONIC_ATLAS_V3_1_PF_THALAMUS_PARAFASCICULAR_NUCLEUS_LEFT,"Pf (Thalamus, parafascicular Nucleus) left",JULICH_BRAIN_CYTOARCHITECTONIC_ATLAS_V3_1_PF_THALAMUS_PARAFASCICULAR_NUCLEUS,"Pf (Thalamus, parafascicular Nucleus)",6,True,0,,Homo sapiens,
JULICH_BRAIN_CYTOARCHITECTONIC_ATLAS_V3_1_CM_THALAMUS_CENTROMEDIAN_NUCLEUS,"CM (Thalamus, centromedian Nucleus)",JULICH_BRAIN_CYTOARCHITECTONIC_ATLAS_V3_1_INTRALAMINAR_GROUP,intralaminar group,5,False,2,,Homo sapiens,
JULICH_BRAIN_CYTOARCHITECTONIC_ATLAS_V3_1_CM_THALAMUS_CENTROMEDIAN_NUCLEUS_RIGHT,"CM (Thalamus, centromedian Nucleus) right",JULICH_BRAIN_CYTOARCHITECTONIC_ATLAS_V3_1_CM_THALAMUS_CENTROMEDIAN_NUCLEUS,"CM (Thalamus, centromedian Nucleus)",6,True,0,,Homo sapiens,
JULICH_BRAIN_CYTOARCHITECTONIC_ATLAS_V3_1_CM_THALAMUS_CENTROMEDIAN_NUCLEUS_LEFT,"CM (Thalamus, centromedian Nucleus) left",JULICH_BRAIN_CYTOARCHITECTONIC_ATLAS_V3_1_CM_THALAMUS_CENTROMEDIAN_NUCLEUS,"CM (Thalamus, centromedian Nucleus)",6,True,0,,Homo sapiens,
JULICH_BRAIN_CYTOARCHITECTONIC_ATLAS_V3_1_CL_THALAMUS_ANTERIOR_INTRALAMINAR_NUCLEI,"CL (Thalamus, anterior intralaminar nuclei)",JULICH_BRAIN_CYTOARCHITECTONIC_ATLAS_V3_1_INTRALAMINAR_GROUP,intralaminar group,5,False,2,,Homo sapiens,
JULICH_BRAIN_CYTOARCHITECTONIC_ATLAS_V3_1_CL_THALAMUS_ANTERIOR_INTRALAMINAR_NUCLEI_RIGHT,"CL (Thalamus, anterior intralaminar nuclei) right",JULICH_BRAIN_CYTOARCHITECTONIC_ATLAS_V3_1_CL_THALAMUS_ANTERIOR_INTRALAMINAR_NUCLEI,"CL (Thalamus, anterior intralaminar nuclei)",6,True,0,,Homo sapiens,
JULICH_BRAIN_CYTOARCHITECTONIC_ATLAS_V3_1_CL_THALAMUS_ANTERIOR_INTRALAMINAR_NUCLEI_LEFT,"CL (Thalamus, anterior intralaminar nuclei) left",JULICH_BRAIN_CYTOARCHITECTONIC_ATLAS_V3_1_CL_THALAMUS_ANTERIOR_INTRALAMINAR_NUCLEI,"CL (Thalamus, anterior intralaminar nuclei)",6,True,0,,Homo sapiens,
