parcel_id,atlas,version,geometry_source,raw_sha256,transform_sha256,derived_sha256,native_space,current_space,discrete,probabilistic,grid_ready,provenance_complete,voxel_count,hemisphere
1,Brainnetome,BN 246 (v1.0),D:/Tool/Coding/IDE/PyCharm/NeuroGraphIQ_KG_marco/backend/data/atlases/brainnetome/bna246/transformed_label_to_julich2009c/BN_Atlas_246_1mm_NLin6to2009c_labels.nii.gz,0d90d084952bdbddf417abb457f4eec016cbb95dfd53a4801713806da5646ba3,2e3869a07b96aec406e0419ca2e434afc54882d37cc212b933b139d1b63a4dfe,9c0185c7c0b9a2bf03a9e72d296d4fc8caed0e1318a59723a52ada8f06f1e19f,MNI152NLin6Asym 1mm,MNI152NLin2009cAsym 1mm,True,False,True,True,6905,left
2,Brainnetome,BN 246 (v1.0),D:/Tool/Coding/IDE/PyCharm/NeuroGraphIQ_KG_marco/backend/data/atlases/brainnetome/bna246/transformed_label_to_julich2009c/BN_Atlas_246_1mm_NLin6to2009c_labels.nii.gz,0d90d084952bdbddf417abb457f4eec016cbb95dfd53a4801713806da5646ba3,2e3869a07b96aec406e0419ca2e434afc54882d37cc212b933b139d1b63a4dfe,9c0185c7c0b9a2bf03a9e72d296d4fc8caed0e1318a59723a52ada8f06f1e19f,MNI152NLin6Asym 1mm,MNI152NLin2009cAsym 1mm,True,False,True,True,7520,right
3,Brainnetome,BN 246 (v1.0),D:/Tool/Coding/IDE/PyCharm/NeuroGraphIQ_KG_marco/backend/data/atlases/brainnetome/bna246/transformed_label_to_julich2009c/BN_Atlas_246_1mm_NLin6to2009c_labels.nii.gz,0d90d084952bdbddf417abb457f4eec016cbb95dfd53a4801713806da5646ba3,2e3869a07b96aec406e0419ca2e434afc54882d37cc212b933b139d1b63a4dfe,9c0185c7c0b9a2bf03a9e72d296d4fc8caed0e1318a59723a52ada8f06f1e19f,MNI152NLin6Asym 1mm,MNI152NLin2009cAsym 1mm,True,False,True,True,8849,left
4,Brainnetome,BN 246 (v1.0),D:/Tool/Coding/IDE/PyCharm/NeuroGraphIQ_KG_marco/backend/data/atlases/brainnetome/bna246/transformed_label_to_julich2009c/BN_Atlas_246_1mm_NLin6to2009c_labels.nii.gz,0d90d084952bdbddf417abb457f4eec016cbb95dfd53a4801713806da5646ba3,2e3869a07b96aec406e0419ca2e434afc54882d37cc212b933b139d1b63a4dfe,9c0185c7c0b9a2bf03a9e72d296d4fc8caed0e1318a59723a52ada8f06f1e19f,MNI152NLin6Asym 1mm,MNI152NLin2009cAsym 1mm,True,False,True,True,6521,right
5,Brainnetome,BN 246 (v1.0),D:/Tool/Coding/IDE/PyCharm/NeuroGraphIQ_KG_marco/backend/data/atlases/brainnetome/bna246/transformed_label_to_julich2009c/BN_Atlas_246_1mm_NLin6to2009c_labels.nii.gz,0d90d084952bdbddf417abb457f4eec016cbb95dfd53a4801713806da5646ba3,2e3869a07b96aec406e0419ca2e434afc54882d37cc212b933b139d1b63a4dfe,9c0185c7c0b9a2bf03a9e72d296d4fc8caed0e1318a59723a52ada8f06f1e19f,MNI152NLin6Asym 1mm,MNI152NLin2009cAsym 1mm,True,False,True,True,6454,left
6,Brainnetome,BN 246 (v1.0),D:/Tool/Coding/IDE/PyCharm/NeuroGraphIQ_KG_marco/backend/data/atlases/brainnetome/bna246/transformed_label_to_julich2009c/BN_Atlas_246_1mm_NLin6to2009c_labels.nii.gz,0d90d084952bdbddf417abb457f4eec016cbb95dfd53a4801713806da5646ba3,2e3869a07b96aec406e0419ca2e434afc54882d37cc212b933b139d1b63a4dfe,9c0185c7c0b9a2bf03a9e72d296d4fc8caed0e1318a59723a52ada8f06f1e19f,MNI152NLin6Asym 1mm,MNI152NLin2009cAsym 1mm,True,False,True,True,7326,right
7,Brainnetome,BN 246 (v1.0),D:/Tool/Coding/IDE/PyCharm/NeuroGraphIQ_KG_marco/backend/data/atlases/brainnetome/bna246/transformed_label_to_julich2009c/BN_Atlas_246_1mm_NLin6to2009c_labels.nii.gz,0d90d084952bdbddf417abb457f4eec016cbb95dfd53a4801713806da5646ba3,2e3869a07b96aec406e0419ca2e434afc54882d37cc212b933b139d1b63a4dfe,9c0185c7c0b9a2bf03a9e72d296d4fc8caed0e1318a59723a52ada8f06f1e19f,MNI152NLin6Asym 1mm,MNI152NLin2009cAsym 1mm,True,False,True,True,5559,left
8,Brainnetome,BN 246 (v1.0),D:/Tool/Coding/IDE/PyCharm/NeuroGraphIQ_KG_marco/backend/data/atlases/brainnetome/bna246/transformed_label_to_julich2009c/BN_Atlas_246_1mm_NLin6to2009c_labels.nii.gz,0d90d084952bdbddf417abb457f4eec016cbb95dfd53a4801713806da5646ba3,2e3869a07b96aec406e0419ca2e434afc54882d37cc212b933b139d1b63a4dfe,9c0185c7c0b9a2bf03a9e72d296d4fc8caed0e1318a59723a52ada8f06f1e19f,MNI152NLin6Asym 1mm,MNI152NLin2009cAsym 1mm,True,False,True,True,5415,right
9,Brainnetome,BN 246 (v1.0),D:/Tool/Coding/IDE/PyCharm/NeuroGraphIQ_KG_marco/backend/data/atlases/brainnetome/bna246/transformed_label_to_julich2009c/BN_Atlas_246_1mm_NLin6to2009c_labels.nii.gz,0d90d084952bdbddf417abb457f4eec016cbb95dfd53a4801713806da5646ba3,2e3869a07b96aec406e0419ca2e434afc54882d37cc212b933b139d1b63a4dfe,9c0185c7c0b9a2bf03a9e72d296d4fc8caed0e1318a59723a52ada8f06f1e19f,MNI152NLin6Asym 1mm,MNI152NLin2009cAsym 1mm,True,False,True,True,6799,left
10,Brainnetome,BN 246 (v1.0),D:/Tool/Coding/IDE/PyCharm/NeuroGraphIQ_KG_marco/backend/data/atlases/brainnetome/bna246/transformed_label_to_julich2009c/BN_Atlas_246_1mm_NLin6to2009c_labels.nii.gz,0d90d084952bdbddf417abb457f4eec016cbb95dfd53a4801713806da5646ba3,2e3869a07b96aec406e0419ca2e434afc54882d37cc212b933b139d1b63a4dfe,9c0185c7c0b9a2bf03a9e72d296d4fc8caed0e1318a59723a52ada8f06f1e19f,MNI152NLin6Asym 1mm,MNI152NLin2009cAsym 1mm,True,False,True,True,6392,right
11,Brainnetome,BN 246 (v1.0),D:/Tool/Coding/IDE/PyCharm/NeuroGraphIQ_KG_marco/backend/data/atlases/brainnetome/bna246/transformed_label_to_julich2009c/BN_Atlas_246_1mm_NLin6to2009c_labels.nii.gz,0d90d084952bdbddf417abb457f4eec016cbb95dfd53a4801713806da5646ba3,2e3869a07b96aec406e0419ca2e434afc54882d37cc212b933b139d1b63a4dfe,9c0185c7c0b9a2bf03a9e72d296d4fc8caed0e1318a59723a52ada8f06f1e19f,MNI152NLin6Asym 1mm,MNI152NLin2009cAsym 1mm,True,False,True,True,5921,left
12,Brainnetome,BN 246 (v1.0),D:/Tool/Coding/IDE/PyCharm/NeuroGraphIQ_KG_marco/backend/data/atlases/brainnetome/bna246/transformed_label_to_julich2009c/BN_Atlas_246_1mm_NLin6to2009c_labels.nii.gz,0d90d084952bdbddf417abb457f4eec016cbb95dfd53a4801713806da5646ba3,2e3869a07b96aec406e0419ca2e434afc54882d37cc212b933b139d1b63a4dfe,9c0185c7c0b9a2bf03a9e72d296d4fc8caed0e1318a59723a52ada8f06f1e19f,MNI152NLin6Asym 1mm,MNI152NLin2009cAsym 1mm,True,False,True,True,7818,right
13,Brainnetome,BN 246 (v1.0),D:/Tool/Coding/IDE/PyCharm/NeuroGraphIQ_KG_marco/backend/data/atlases/brainnetome/bna246/transformed_label_to_julich2009c/BN_Atlas_246_1mm_NLin6to2009c_labels.nii.gz,0d90d084952bdbddf417abb457f4eec016cbb95dfd53a4801713806da5646ba3,2e3869a07b96aec406e0419ca2e434afc54882d37cc212b933b139d1b63a4dfe,9c0185c7c0b9a2bf03a9e72d296d4fc8caed0e1318a59723a52ada8f06f1e19f,MNI152NLin6Asym 1mm,MNI152NLin2009cAsym 1mm,True,False,True,True,9381,left
14,Brainnetome,BN 246 (v1.0),D:/Tool/Coding/IDE/PyCharm/NeuroGraphIQ_KG_marco/backend/data/atlases/brainnetome/bna246/transformed_label_to_julich2009c/BN_Atlas_246_1mm_NLin6to2009c_labels.nii.gz,0d90d084952bdbddf417abb457f4eec016cbb95dfd53a4801713806da5646ba3,2e3869a07b96aec406e0419ca2e434afc54882d37cc212b933b139d1b63a4dfe,9c0185c7c0b9a2bf03a9e72d296d4fc8caed0e1318a59723a52ada8f06f1e19f,MNI152NLin6Asym 1mm,MNI152NLin2009cAsym 1mm,True,False,True,True,8267,right
15,Brainnetome,BN 246 (v1.0),D:/Tool/Coding/IDE/PyCharm/NeuroGraphIQ_KG_marco/backend/data/atlases/brainnetome/bna246/transformed_label_to_julich2009c/BN_Atlas_246_1mm_NLin6to2009c_labels.nii.gz,0d90d084952bdbddf417abb457f4eec016cbb95dfd53a4801713806da5646ba3,2e3869a07b96aec406e0419ca2e434afc54882d37cc212b933b139d1b63a4dfe,9c0185c7c0b9a2bf03a9e72d296d4fc8caed0e1318a59723a52ada8f06f1e19f,MNI152NLin6Asym 1mm,MNI152NLin2009cAsym 1mm,True,False,True,True,8598,left
16,Brainnetome,BN 246 (v1.0),D:/Tool/Coding/IDE/PyCharm/NeuroGraphIQ_KG_marco/backend/data/atlases/brainnetome/bna246/transformed_label_to_julich2009c/BN_Atlas_246_1mm_NLin6to2009c_labels.nii.gz,0d90d084952bdbddf417abb457f4eec016cbb95dfd53a4801713806da5646ba3,2e3869a07b96aec406e0419ca2e434afc54882d37cc212b933b139d1b63a4dfe,9c0185c7c0b9a2bf03a9e72d296d4fc8caed0e1318a59723a52ada8f06f1e19f,MNI152NLin6Asym 1mm,MNI152NLin2009cAsym 1mm,True,False,True,True,9074,right
17,Brainnetome,BN 246 (v1.0),D:/Tool/Coding/IDE/PyCharm/NeuroGraphIQ_KG_marco/backend/data/atlases/brainnetome/bna246/transformed_label_to_julich2009c/BN_Atlas_246_1mm_NLin6to2009c_labels.nii.gz,0d90d084952bdbddf417abb457f4eec016cbb95dfd53a4801713806da5646ba3,2e3869a07b96aec406e0419ca2e434afc54882d37cc212b933b139d1b63a4dfe,9c0185c7c0b9a2bf03a9e72d296d4fc8caed0e1318a59723a52ada8f06f1e19f,MNI152NLin6Asym 1mm,MNI152NLin2009cAsym 1mm,True,False,True,True,6783,left
18,Brainnetome,BN 246 (v1.0),D:/Tool/Coding/IDE/PyCharm/NeuroGraphIQ_KG_marco/backend/data/atlases/brainnetome/bna246/transformed_label_to_julich2009c/BN_Atlas_246_1mm_NLin6to2009c_labels.nii.gz,0d90d084952bdbddf417abb457f4eec016cbb95dfd53a4801713806da5646ba3,2e3869a07b96aec406e0419ca2e434afc54882d37cc212b933b139d1b63a4dfe,9c0185c7c0b9a2bf03a9e72d296d4fc8caed0e1318a59723a52ada8f06f1e19f,MNI152NLin6Asym 1mm,MNI152NLin2009cAsym 1mm,True,False,True,True,5257,right
19,Brainnetome,BN 246 (v1.0),D:/Tool/Coding/IDE/PyCharm/NeuroGraphIQ_KG_marco/backend/data/atlases/brainnetome/bna246/transformed_label_to_julich2009c/BN_Atlas_246_1mm_NLin6to2009c_labels.nii.gz,0d90d084952bdbddf417abb457f4eec016cbb95dfd53a4801713806da5646ba3,2e3869a07b96aec406e0419ca2e434afc54882d37cc212b933b139d1b63a4dfe,9c0185c7c0b9a2bf03a9e72d296d4fc8caed0e1318a59723a52ada8f06f1e19f,MNI152NLin6Asym 1mm,MNI152NLin2009cAsym 1mm,True,False,True,True,7535,left
20,Brainnetome,BN 246 (v1.0),D:/Tool/Coding/IDE/PyCharm/NeuroGraphIQ_KG_marco/backend/data/atlases/brainnetome/bna246/transformed_label_to_julich2009c/BN_Atlas_246_1mm_NLin6to2009c_labels.nii.gz,0d90d084952bdbddf417abb457f4eec016cbb95dfd53a4801713806da5646ba3,2e3869a07b96aec406e0419ca2e434afc54882d37cc212b933b139d1b63a4dfe,9c0185c7c0b9a2bf03a9e72d296d4fc8caed0e1318a59723a52ada8f06f1e19f,MNI152NLin6Asym 1mm,MNI152NLin2009cAsym 1mm,True,False,True,True,8918,right
21,Brainnetome,BN 246 (v1.0),D:/Tool/Coding/IDE/PyCharm/NeuroGraphIQ_KG_marco/backend/data/atlases/brainnetome/bna246/transformed_label_to_julich2009c/BN_Atlas_246_1mm_NLin6to2009c_labels.nii.gz,0d90d084952bdbddf417abb457f4eec016cbb95dfd53a4801713806da5646ba3,2e3869a07b96aec406e0419ca2e434afc54882d37cc212b933b139d1b63a4dfe,9c0185c7c0b9a2bf03a9e72d296d4fc8caed0e1318a59723a52ada8f06f1e19f,MNI152NLin6Asym 1mm,MNI152NLin2009cAsym 1mm,True,False,True,True,8924,left
22,Brainnetome,BN 246 (v1.0),D:/Tool/Coding/IDE/PyCharm/NeuroGraphIQ_KG_marco/backend/data/atlases/brainnetome/bna246/transformed_label_to_julich2009c/BN_Atlas_246_1mm_NLin6to2009c_labels.nii.gz,0d90d084952bdbddf417abb457f4eec016cbb95dfd53a4801713806da5646ba3,2e3869a07b96aec406e0419ca2e434afc54882d37cc212b933b139d1b63a4dfe,9c0185c7c0b9a2bf03a9e72d296d4fc8caed0e1318a59723a52ada8f06f1e19f,MNI152NLin6Asym 1mm,MNI152NLin2009cAsym 1mm,True,False,True,True,8742,right
23,Brainnetome,BN 246 (v1.0),D:/Tool/Coding/IDE/PyCharm/NeuroGraphIQ_KG_marco/backend/data/atlases/brainnetome/bna246/transformed_label_to_julich2009c/BN_Atlas_246_1mm_NLin6to2009c_labels.nii.gz,0d90d084952bdbddf417abb457f4eec016cbb95dfd53a4801713806da5646ba3,2e3869a07b96aec406e0419ca2e434afc54882d37cc212b933b139d1b63a4dfe,9c0185c7c0b9a2bf03a9e72d296d4fc8caed0e1318a59723a52ada8f06f1e19f,MNI152NLin6Asym 1mm,MNI152NLin2009cAsym 1mm,True,False,True,True,7612,left
24,Brainnetome,BN 246 (v1.0),D:/Tool/Coding/IDE/PyCharm/NeuroGraphIQ_KG_marco/backend/data/atlases/brainnetome/bna246/transformed_label_to_julich2009c/BN_Atlas_246_1mm_NLin6to2009c_labels.nii.gz,0d90d084952bdbddf417abb457f4eec016cbb95dfd53a4801713806da5646ba3,2e3869a07b96aec406e0419ca2e434afc54882d37cc212b933b139d1b63a4dfe,9c0185c7c0b9a2bf03a9e72d296d4fc8caed0e1318a59723a52ada8f06f1e19f,MNI152NLin6Asym 1mm,MNI152NLin2009cAsym 1mm,True,False,True,True,7330,right
25,Brainnetome,BN 246 (v1.0),D:/Tool/Coding/IDE/PyCharm/NeuroGraphIQ_KG_marco/backend/data/atlases/brainnetome/bna246/transformed_label_to_julich2009c/BN_Atlas_246_1mm_NLin6to2009c_labels.nii.gz,0d90d084952bdbddf417abb457f4eec016cbb95dfd53a4801713806da5646ba3,2e3869a07b96aec406e0419ca2e434afc54882d37cc212b933b139d1b63a4dfe,9c0185c7c0b9a2bf03a9e72d296d4fc8caed0e1318a59723a52ada8f06f1e19f,MNI152NLin6Asym 1mm,MNI152NLin2009cAsym 1mm,True,False,True,True,5281,left
26,Brainnetome,BN 246 (v1.0),D:/Tool/Coding/IDE/PyCharm/NeuroGraphIQ_KG_marco/backend/data/atlases/brainnetome/bna246/transformed_label_to_julich2009c/BN_Atlas_246_1mm_NLin6to2009c_labels.nii.gz,0d90d084952bdbddf417abb457f4eec016cbb95dfd53a4801713806da5646ba3,2e3869a07b96aec406e0419ca2e434afc54882d37cc212b933b139d1b63a4dfe,9c0185c7c0b9a2bf03a9e72d296d4fc8caed0e1318a59723a52ada8f06f1e19f,MNI152NLin6Asym 1mm,MNI152NLin2009cAsym 1mm,True,False,True,True,5041,right
27,Brainnetome,BN 246 (v1.0),D:/Tool/Coding/IDE/PyCharm/NeuroGraphIQ_KG_marco/backend/data/atlases/brainnetome/bna246/transformed_label_to_julich2009c/BN_Atlas_246_1mm_NLin6to2009c_labels.nii.gz,0d90d084952bdbddf417abb457f4eec016cbb95dfd53a4801713806da5646ba3,2e3869a07b96aec406e0419ca2e434afc54882d37cc212b933b139d1b63a4dfe,9c0185c7c0b9a2bf03a9e72d296d4fc8caed0e1318a59723a52ada8f06f1e19f,MNI152NLin6Asym 1mm,MNI152NLin2009cAsym 1mm,True,False,True,True,7388,left
28,Brainnetome,BN 246 (v1.0),D:/Tool/Coding/IDE/PyCharm/NeuroGraphIQ_KG_marco/backend/data/atlases/brainnetome/bna246/transformed_label_to_julich2009c/BN_Atlas_246_1mm_NLin6to2009c_labels.nii.gz,0d90d084952bdbddf417abb457f4eec016cbb95dfd53a4801713806da5646ba3,2e3869a07b96aec406e0419ca2e434afc54882d37cc212b933b139d1b63a4dfe,9c0185c7c0b9a2bf03a9e72d296d4fc8caed0e1318a59723a52ada8f06f1e19f,MNI152NLin6Asym 1mm,MNI152NLin2009cAsym 1mm,True,False,True,True,9023,right
29,Brainnetome,BN 246 (v1.0),D:/Tool/Coding/IDE/PyCharm/NeuroGraphIQ_KG_marco/backend/data/atlases/brainnetome/bna246/transformed_label_to_julich2009c/BN_Atlas_246_1mm_NLin6to2009c_labels.nii.gz,0d90d084952bdbddf417abb457f4eec016cbb95dfd53a4801713806da5646ba3,2e3869a07b96aec406e0419ca2e434afc54882d37cc212b933b139d1b63a4dfe,9c0185c7c0b9a2bf03a9e72d296d4fc8caed0e1318a59723a52ada8f06f1e19f,MNI152NLin6Asym 1mm,MNI152NLin2009cAsym 1mm,True,False,True,True,2710,left
30,Brainnetome,BN 246 (v1.0),D:/Tool/Coding/IDE/PyCharm/NeuroGraphIQ_KG_marco/backend/data/atlases/brainnetome/bna246/transformed_label_to_julich2009c/BN_Atlas_246_1mm_NLin6to2009c_labels.nii.gz,0d90d084952bdbddf417abb457f4eec016cbb95dfd53a4801713806da5646ba3,2e3869a07b96aec406e0419ca2e434afc54882d37cc212b933b139d1b63a4dfe,9c0185c7c0b9a2bf03a9e72d296d4fc8caed0e1318a59723a52ada8f06f1e19f,MNI152NLin6Asym 1mm,MNI152NLin2009cAsym 1mm,True,False,True,True,2841,right
31,Brainnetome,BN 246 (v1.0),D:/Tool/Coding/IDE/PyCharm/NeuroGraphIQ_KG_marco/backend/data/atlases/brainnetome/bna246/transformed_label_to_julich2009c/BN_Atlas_246_1mm_NLin6to2009c_labels.nii.gz,0d90d084952bdbddf417abb457f4eec016cbb95dfd53a4801713806da5646ba3,2e3869a07b96aec406e0419ca2e434afc54882d37cc212b933b139d1b63a4dfe,9c0185c7c0b9a2bf03a9e72d296d4fc8caed0e1318a59723a52ada8f06f1e19f,MNI152NLin6Asym 1mm,MNI152NLin2009cAsym 1mm,True,False,True,True,3354,left
32,Brainnetome,BN 246 (v1.0),D:/Tool/Coding/IDE/PyCharm/NeuroGraphIQ_KG_marco/backend/data/atlases/brainnetome/bna246/transformed_label_to_julich2009c/BN_Atlas_246_1mm_NLin6to2009c_labels.nii.gz,0d90d084952bdbddf417abb457f4eec016cbb95dfd53a4801713806da5646ba3,2e3869a07b96aec406e0419ca2e434afc54882d37cc212b933b139d1b63a4dfe,9c0185c7c0b9a2bf03a9e72d296d4fc8caed0e1318a59723a52ada8f06f1e19f,MNI152NLin6Asym 1mm,MNI152NLin2009cAsym 1mm,True,False,True,True,3221,right
33,Brainnetome,BN 246 (v1.0),D:/Tool/Coding/IDE/PyCharm/NeuroGraphIQ_KG_marco/backend/data/atlases/brainnetome/bna246/transformed_label_to_julich2009c/BN_Atlas_246_1mm_NLin6to2009c_labels.nii.gz,0d90d084952bdbddf417abb457f4eec016cbb95dfd53a4801713806da5646ba3,2e3869a07b96aec406e0419ca2e434afc54882d37cc212b933b139d1b63a4dfe,9c0185c7c0b9a2bf03a9e72d296d4fc8caed0e1318a59723a52ada8f06f1e19f,MNI152NLin6Asym 1mm,MNI152NLin2009cAsym 1mm,True,False,True,True,2615,left
34,Brainnetome,BN 246 (v1.0),D:/Tool/Coding/IDE/PyCharm/NeuroGraphIQ_KG_marco/backend/data/atlases/brainnetome/bna246/transformed_label_to_julich2009c/BN_Atlas_246_1mm_NLin6to2009c_labels.nii.gz,0d90d084952bdbddf417abb457f4eec016cbb95dfd53a4801713806da5646ba3,2e3869a07b96aec406e0419ca2e434afc54882d37cc212b933b139d1b63a4dfe,9c0185c7c0b9a2bf03a9e72d296d4fc8caed0e1318a59723a52ada8f06f1e19f,MNI152NLin6Asym 1mm,MNI152NLin2009cAsym 1mm,True,False,True,True,3392,right
35,Brainnetome,BN 246 (v1.0),D:/Tool/Coding/IDE/PyCharm/NeuroGraphIQ_KG_marco/backend/data/atlases/brainnetome/bna246/transformed_label_to_julich2009c/BN_Atlas_246_1mm_NLin6to2009c_labels.nii.gz,0d90d084952bdbddf417abb457f4eec016cbb95dfd53a4801713806da5646ba3,2e3869a07b96aec406e0419ca2e434afc54882d37cc212b933b139d1b63a4dfe,9c0185c7c0b9a2bf03a9e72d296d4fc8caed0e1318a59723a52ada8f06f1e19f,MNI152NLin6Asym 1mm,MNI152NLin2009cAsym 1mm,True,False,True,True,3103,left
36,Brainnetome,BN 246 (v1.0),D:/Tool/Coding/IDE/PyCharm/NeuroGraphIQ_KG_marco/backend/data/atlases/brainnetome/bna246/transformed_label_to_julich2009c/BN_Atlas_246_1mm_NLin6to2009c_labels.nii.gz,0d90d084952bdbddf417abb457f4eec016cbb95dfd53a4801713806da5646ba3,2e3869a07b96aec406e0419ca2e434afc54882d37cc212b933b139d1b63a4dfe,9c0185c7c0b9a2bf03a9e72d296d4fc8caed0e1318a59723a52ada8f06f1e19f,MNI152NLin6Asym 1mm,MNI152NLin2009cAsym 1mm,True,False,True,True,3577,right
37,Brainnetome,BN 246 (v1.0),D:/Tool/Coding/IDE/PyCharm/NeuroGraphIQ_KG_marco/backend/data/atlases/brainnetome/bna246/transformed_label_to_julich2009c/BN_Atlas_246_1mm_NLin6to2009c_labels.nii.gz,0d90d084952bdbddf417abb457f4eec016cbb95dfd53a4801713806da5646ba3,2e3869a07b96aec406e0419ca2e434afc54882d37cc212b933b139d1b63a4dfe,9c0185c7c0b9a2bf03a9e72d296d4fc8caed0e1318a59723a52ada8f06f1e19f,MNI152NLin6Asym 1mm,MNI152NLin2009cAsym 1mm,True,False,True,True,4237,left
38,Brainnetome,BN 246 (v1.0),D:/Tool/Coding/IDE/PyCharm/NeuroGraphIQ_KG_marco/backend/data/atlases/brainnetome/bna246/transformed_label_to_julich2009c/BN_Atlas_246_1mm_NLin6to2009c_labels.nii.gz,0d90d084952bdbddf417abb457f4eec016cbb95dfd53a4801713806da5646ba3,2e3869a07b96aec406e0419ca2e434afc54882d37cc212b933b139d1b63a4dfe,9c0185c7c0b9a2bf03a9e72d296d4fc8caed0e1318a59723a52ada8f06f1e19f,MNI152NLin6Asym 1mm,MNI152NLin2009cAsym 1mm,True,False,True,True,4948,right
39,Brainnetome,BN 246 (v1.0),D:/Tool/Coding/IDE/PyCharm/NeuroGraphIQ_KG_marco/backend/data/atlases/brainnetome/bna246/transformed_label_to_julich2009c/BN_Atlas_246_1mm_NLin6to2009c_labels.nii.gz,0d90d084952bdbddf417abb457f4eec016cbb95dfd53a4801713806da5646ba3,2e3869a07b96aec406e0419ca2e434afc54882d37cc212b933b139d1b63a4dfe,9c0185c7c0b9a2bf03a9e72d296d4fc8caed0e1318a59723a52ada8f06f1e19f,MNI152NLin6Asym 1mm,MNI152NLin2009cAsym 1mm,True,False,True,True,2380,left
40,Brainnetome,BN 246 (v1.0),D:/Tool/Coding/IDE/PyCharm/NeuroGraphIQ_KG_marco/backend/data/atlases/brainnetome/bna246/transformed_label_to_julich2009c/BN_Atlas_246_1mm_NLin6to2009c_labels.nii.gz,0d90d084952bdbddf417abb457f4eec016cbb95dfd53a4801713806da5646ba3,2e3869a07b96aec406e0419ca2e434afc54882d37cc212b933b139d1b63a4dfe,9c0185c7c0b9a2bf03a9e72d296d4fc8caed0e1318a59723a52ada8f06f1e19f,MNI152NLin6Asym 1mm,MNI152NLin2009cAsym 1mm,True,False,True,True,2244,right
41,Brainnetome,BN 246 (v1.0),D:/Tool/Coding/IDE/PyCharm/NeuroGraphIQ_KG_marco/backend/data/atlases/brainnetome/bna246/transformed_label_to_julich2009c/BN_Atlas_246_1mm_NLin6to2009c_labels.nii.gz,0d90d084952bdbddf417abb457f4eec016cbb95dfd53a4801713806da5646ba3,2e3869a07b96aec406e0419ca2e434afc54882d37cc212b933b139d1b63a4dfe,9c0185c7c0b9a2bf03a9e72d296d4fc8caed0e1318a59723a52ada8f06f1e19f,MNI152NLin6Asym 1mm,MNI152NLin2009cAsym 1mm,True,False,True,True,4496,left
42,Brainnetome,BN 246 (v1.0),D:/Tool/Coding/IDE/PyCharm/NeuroGraphIQ_KG_marco/backend/data/atlases/brainnetome/bna246/transformed_label_to_julich2009c/BN_Atlas_246_1mm_NLin6to2009c_labels.nii.gz,0d90d084952bdbddf417abb457f4eec016cbb95dfd53a4801713806da5646ba3,2e3869a07b96aec406e0419ca2e434afc54882d37cc212b933b139d1b63a4dfe,9c0185c7c0b9a2bf03a9e72d296d4fc8caed0e1318a59723a52ada8f06f1e19f,MNI152NLin6Asym 1mm,MNI152NLin2009cAsym 1mm,True,False,True,True,6049,right
43,Brainnetome,BN 246 (v1.0),D:/Tool/Coding/IDE/PyCharm/NeuroGraphIQ_KG_marco/backend/data/atlases/brainnetome/bna246/transformed_label_to_julich2009c/BN_Atlas_246_1mm_NLin6to2009c_labels.nii.gz,0d90d084952bdbddf417abb457f4eec016cbb95dfd53a4801713806da5646ba3,2e3869a07b96aec406e0419ca2e434afc54882d37cc212b933b139d1b63a4dfe,9c0185c7c0b9a2bf03a9e72d296d4fc8caed0e1318a59723a52ada8f06f1e19f,MNI152NLin6Asym 1mm,MNI152NLin2009cAsym 1mm,True,False,True,True,4685,left
44,Brainnetome,BN 246 (v1.0),D:/Tool/Coding/IDE/PyCharm/NeuroGraphIQ_KG_marco/backend/data/atlases/brainnetome/bna246/transformed_label_to_julich2009c/BN_Atlas_246_1mm_NLin6to2009c_labels.nii.gz,0d90d084952bdbddf417abb457f4eec016cbb95dfd53a4801713806da5646ba3,2e3869a07b96aec406e0419ca2e434afc54882d37cc212b933b139d1b63a4dfe,9c0185c7c0b9a2bf03a9e72d296d4fc8caed0e1318a59723a52ada8f06f1e19f,MNI152NLin6Asym 1mm,MNI152NLin2009cAsym 1mm,True,False,True,True,4282,right
45,Brainnetome,BN 246 (v1.0),D:/Tool/Coding/IDE/PyCharm/NeuroGraphIQ_KG_marco/backend/data/atlases/brainnetome/bna246/transformed_label_to_julich2009c/BN_Atlas_246_1mm_NLin6to2009c_labels.nii.gz,0d90d084952bdbddf417abb457f4eec016cbb95dfd53a4801713806da5646ba3,2e3869a07b96aec406e0419ca2e434afc54882d37cc212b933b139d1b63a4dfe,9c0185c7c0b9a2bf03a9e72d296d4fc8caed0e1318a59723a52ada8f06f1e19f,MNI152NLin6Asym 1mm,MNI152NLin2009cAsym 1mm,True,False,True,True,8242,left
46,Brainnetome,BN 246 (v1.0),D:/Tool/Coding/IDE/PyCharm/NeuroGraphIQ_KG_marco/backend/data/atlases/brainnetome/bna246/transformed_label_to_julich2009c/BN_Atlas_246_1mm_NLin6to2009c_labels.nii.gz,0d90d084952bdbddf417abb457f4eec016cbb95dfd53a4801713806da5646ba3,2e3869a07b96aec406e0419ca2e434afc54882d37cc212b933b139d1b63a4dfe,9c0185c7c0b9a2bf03a9e72d296d4fc8caed0e1318a59723a52ada8f06f1e19f,MNI152NLin6Asym 1mm,MNI152NLin2009cAsym 1mm,True,False,True,True,10404,right
47,Brainnetome,BN 246 (v1.0),D:/Tool/Coding/IDE/PyCharm/NeuroGraphIQ_KG_marco/backend/data/atlases/brainnetome/bna246/transformed_label_to_julich2009c/BN_Atlas_246_1mm_NLin6to2009c_labels.nii.gz,0d90d084952bdbddf417abb457f4eec016cbb95dfd53a4801713806da5646ba3,2e3869a07b96aec406e0419ca2e434afc54882d37cc212b933b139d1b63a4dfe,9c0185c7c0b9a2bf03a9e72d296d4fc8caed0e1318a59723a52ada8f06f1e19f,MNI152NLin6Asym 1mm,MNI152NLin2009cAsym 1mm,True,False,True,True,5438,left
48,Brainnetome,BN 246 (v1.0),D:/Tool/Coding/IDE/PyCharm/NeuroGraphIQ_KG_marco/backend/data/atlases/brainnetome/bna246/transformed_label_to_julich2009c/BN_Atlas_246_1mm_NLin6to2009c_labels.nii.gz,0d90d084952bdbddf417abb457f4eec016cbb95dfd53a4801713806da5646ba3,2e3869a07b96aec406e0419ca2e434afc54882d37cc212b933b139d1b63a4dfe,9c0185c7c0b9a2bf03a9e72d296d4fc8caed0e1318a59723a52ada8f06f1e19f,MNI152NLin6Asym 1mm,MNI152NLin2009cAsym 1mm,True,False,True,True,6601,right
49,Brainnetome,BN 246 (v1.0),D:/Tool/Coding/IDE/PyCharm/NeuroGraphIQ_KG_marco/backend/data/atlases/brainnetome/bna246/transformed_label_to_julich2009c/BN_Atlas_246_1mm_NLin6to2009c_labels.nii.gz,0d90d084952bdbddf417abb457f4eec016cbb95dfd53a4801713806da5646ba3,2e3869a07b96aec406e0419ca2e434afc54882d37cc212b933b139d1b63a4dfe,9c0185c7c0b9a2bf03a9e72d296d4fc8caed0e1318a59723a52ada8f06f1e19f,MNI152NLin6Asym 1mm,MNI152NLin2009cAsym 1mm,True,False,True,True,7531,left
50,Brainnetome,BN 246 (v1.0),D:/Tool/Coding/IDE/PyCharm/NeuroGraphIQ_KG_marco/backend/data/atlases/brainnetome/bna246/transformed_label_to_julich2009c/BN_Atlas_246_1mm_NLin6to2009c_labels.nii.gz,0d90d084952bdbddf417abb457f4eec016cbb95dfd53a4801713806da5646ba3,2e3869a07b96aec406e0419ca2e434afc54882d37cc212b933b139d1b63a4dfe,9c0185c7c0b9a2bf03a9e72d296d4fc8caed0e1318a59723a52ada8f06f1e19f,MNI152NLin6Asym 1mm,MNI152NLin2009cAsym 1mm,True,False,True,True,6601,right
51,Brainnetome,BN 246 (v1.0),D:/Tool/Coding/IDE/PyCharm/NeuroGraphIQ_KG_marco/backend/data/atlases/brainnetome/bna246/transformed_label_to_julich2009c/BN_Atlas_246_1mm_NLin6to2009c_labels.nii.gz,0d90d084952bdbddf417abb457f4eec016cbb95dfd53a4801713806da5646ba3,2e3869a07b96aec406e0419ca2e434afc54882d37cc212b933b139d1b63a4dfe,9c0185c7c0b9a2bf03a9e72d296d4fc8caed0e1318a59723a52ada8f06f1e19f,MNI152NLin6Asym 1mm,MNI152NLin2009cAsym 1mm,True,False,True,True,4727,left
52,Brainnetome,BN 246 (v1.0),D:/Tool/Coding/IDE/PyCharm/NeuroGraphIQ_KG_marco/backend/data/atlases/brainnetome/bna246/transformed_label_to_julich2009c/BN_Atlas_246_1mm_NLin6to2009c_labels.nii.gz,0d90d084952bdbddf417abb457f4eec016cbb95dfd53a4801713806da5646ba3,2e3869a07b96aec406e0419ca2e434afc54882d37cc212b933b139d1b63a4dfe,9c0185c7c0b9a2bf03a9e72d296d4fc8caed0e1318a59723a52ada8f06f1e19f,MNI152NLin6Asym 1mm,MNI152NLin2009cAsym 1mm,True,False,True,True,3973,right
53,Brainnetome,BN 246 (v1.0),D:/Tool/Coding/IDE/PyCharm/NeuroGraphIQ_KG_marco/backend/data/atlases/brainnetome/bna246/transformed_label_to_julich2009c/BN_Atlas_246_1mm_NLin6to2009c_labels.nii.gz,0d90d084952bdbddf417abb457f4eec016cbb95dfd53a4801713806da5646ba3,2e3869a07b96aec406e0419ca2e434afc54882d37cc212b933b139d1b63a4dfe,9c0185c7c0b9a2bf03a9e72d296d4fc8caed0e1318a59723a52ada8f06f1e19f,MNI152NLin6Asym 1mm,MNI152NLin2009cAsym 1mm,True,False,True,True,7823,left
54,Brainnetome,BN 246 (v1.0),D:/Tool/Coding/IDE/PyCharm/NeuroGraphIQ_KG_marco/backend/data/atlases/brainnetome/bna246/transformed_label_to_julich2009c/BN_Atlas_246_1mm_NLin6to2009c_labels.nii.gz,0d90d084952bdbddf417abb457f4eec016cbb95dfd53a4801713806da5646ba3,2e3869a07b96aec406e0419ca2e434afc54882d37cc212b933b139d1b63a4dfe,9c0185c7c0b9a2bf03a9e72d296d4fc8caed0e1318a59723a52ada8f06f1e19f,MNI152NLin6Asym 1mm,MNI152NLin2009cAsym 1mm,True,False,True,True,4587,right
55,Brainnetome,BN 246 (v1.0),D:/Tool/Coding/IDE/PyCharm/NeuroGraphIQ_KG_marco/backend/data/atlases/brainnetome/bna246/transformed_label_to_julich2009c/BN_Atlas_246_1mm_NLin6to2009c_labels.nii.gz,0d90d084952bdbddf417abb457f4eec016cbb95dfd53a4801713806da5646ba3,2e3869a07b96aec406e0419ca2e434afc54882d37cc212b933b139d1b63a4dfe,9c0185c7c0b9a2bf03a9e72d296d4fc8caed0e1318a59723a52ada8f06f1e19f,MNI152NLin6Asym 1mm,MNI152NLin2009cAsym 1mm,True,False,True,True,6486,left
56,Brainnetome,BN 246 (v1.0),D:/Tool/Coding/IDE/PyCharm/NeuroGraphIQ_KG_marco/backend/data/atlases/brainnetome/bna246/transformed_label_to_julich2009c/BN_Atlas_246_1mm_NLin6to2009c_labels.nii.gz,0d90d084952bdbddf417abb457f4eec016cbb95dfd53a4801713806da5646ba3,2e3869a07b96aec406e0419ca2e434afc54882d37cc212b933b139d1b63a4dfe,9c0185c7c0b9a2bf03a9e72d296d4fc8caed0e1318a59723a52ada8f06f1e19f,MNI152NLin6Asym 1mm,MNI152NLin2009cAsym 1mm,True,False,True,True,6955,right
57,Brainnetome,BN 246 (v1.0),D:/Tool/Coding/IDE/PyCharm/NeuroGraphIQ_KG_marco/backend/data/atlases/brainnetome/bna246/transformed_label_to_julich2009c/BN_Atlas_246_1mm_NLin6to2009c_labels.nii.gz,0d90d084952bdbddf417abb457f4eec016cbb95dfd53a4801713806da5646ba3,2e3869a07b96aec406e0419ca2e434afc54882d37cc212b933b139d1b63a4dfe,9c0185c7c0b9a2bf03a9e72d296d4fc8caed0e1318a59723a52ada8f06f1e19f,MNI152NLin6Asym 1mm,MNI152NLin2009cAsym 1mm,True,False,True,True,4887,left
58,Brainnetome,BN 246 (v1.0),D:/Tool/Coding/IDE/PyCharm/NeuroGraphIQ_KG_marco/backend/data/atlases/brainnetome/bna246/transformed_label_to_julich2009c/BN_Atlas_246_1mm_NLin6to2009c_labels.nii.gz,0d90d084952bdbddf417abb457f4eec016cbb95dfd53a4801713806da5646ba3,2e3869a07b96aec406e0419ca2e434afc54882d37cc212b933b139d1b63a4dfe,9c0185c7c0b9a2bf03a9e72d296d4fc8caed0e1318a59723a52ada8f06f1e19f,MNI152NLin6Asym 1mm,MNI152NLin2009cAsym 1mm,True,False,True,True,5465,right
59,Brainnetome,BN 246 (v1.0),D:/Tool/Coding/IDE/PyCharm/NeuroGraphIQ_KG_marco/backend/data/atlases/brainnetome/bna246/transformed_label_to_julich2009c/BN_Atlas_246_1mm_NLin6to2009c_labels.nii.gz,0d90d084952bdbddf417abb457f4eec016cbb95dfd53a4801713806da5646ba3,2e3869a07b96aec406e0419ca2e434afc54882d37cc212b933b139d1b63a4dfe,9c0185c7c0b9a2bf03a9e72d296d4fc8caed0e1318a59723a52ada8f06f1e19f,MNI152NLin6Asym 1mm,MNI152NLin2009cAsym 1mm,True,False,True,True,2256,left
60,Brainnetome,BN 246 (v1.0),D:/Tool/Coding/IDE/PyCharm/NeuroGraphIQ_KG_marco/backend/data/atlases/brainnetome/bna246/transformed_label_to_julich2009c/BN_Atlas_246_1mm_NLin6to2009c_labels.nii.gz,0d90d084952bdbddf417abb457f4eec016cbb95dfd53a4801713806da5646ba3,2e3869a07b96aec406e0419ca2e434afc54882d37cc212b933b139d1b63a4dfe,9c0185c7c0b9a2bf03a9e72d296d4fc8caed0e1318a59723a52ada8f06f1e19f,MNI152NLin6Asym 1mm,MNI152NLin2009cAsym 1mm,True,False,True,True,3206,right
61,Brainnetome,BN 246 (v1.0),D:/Tool/Coding/IDE/PyCharm/NeuroGraphIQ_KG_marco/backend/data/atlases/brainnetome/bna246/transformed_label_to_julich2009c/BN_Atlas_246_1mm_NLin6to2009c_labels.nii.gz,0d90d084952bdbddf417abb457f4eec016cbb95dfd53a4801713806da5646ba3,2e3869a07b96aec406e0419ca2e434afc54882d37cc212b933b139d1b63a4dfe,9c0185c7c0b9a2bf03a9e72d296d4fc8caed0e1318a59723a52ada8f06f1e19f,MNI152NLin6Asym 1mm,MNI152NLin2009cAsym 1mm,True,False,True,True,3661,left
62,Brainnetome,BN 246 (v1.0),D:/Tool/Coding/IDE/PyCharm/NeuroGraphIQ_KG_marco/backend/data/atlases/brainnetome/bna246/transformed_label_to_julich2009c/BN_Atlas_246_1mm_NLin6to2009c_labels.nii.gz,0d90d084952bdbddf417abb457f4eec016cbb95dfd53a4801713806da5646ba3,2e3869a07b96aec406e0419ca2e434afc54882d37cc212b933b139d1b63a4dfe,9c0185c7c0b9a2bf03a9e72d296d4fc8caed0e1318a59723a52ada8f06f1e19f,MNI152NLin6Asym 1mm,MNI152NLin2009cAsym 1mm,True,False,True,True,3459,right
63,Brainnetome,BN 246 (v1.0),D:/Tool/Coding/IDE/PyCharm/NeuroGraphIQ_KG_marco/backend/data/atlases/brainnetome/bna246/transformed_label_to_julich2009c/BN_Atlas_246_1mm_NLin6to2009c_labels.nii.gz,0d90d084952bdbddf417abb457f4eec016cbb95dfd53a4801713806da5646ba3,2e3869a07b96aec406e0419ca2e434afc54882d37cc212b933b139d1b63a4dfe,9c0185c7c0b9a2bf03a9e72d296d4fc8caed0e1318a59723a52ada8f06f1e19f,MNI152NLin6Asym 1mm,MNI152NLin2009cAsym 1mm,True,False,True,True,6358,left
64,Brainnetome,BN 246 (v1.0),D:/Tool/Coding/IDE/PyCharm/NeuroGraphIQ_KG_marco/backend/data/atlases/brainnetome/bna246/transformed_label_to_julich2009c/BN_Atlas_246_1mm_NLin6to2009c_labels.nii.gz,0d90d084952bdbddf417abb457f4eec016cbb95dfd53a4801713806da5646ba3,2e3869a07b96aec406e0419ca2e434afc54882d37cc212b933b139d1b63a4dfe,9c0185c7c0b9a2bf03a9e72d296d4fc8caed0e1318a59723a52ada8f06f1e19f,MNI152NLin6Asym 1mm,MNI152NLin2009cAsym 1mm,True,False,True,True,5696,right
65,Brainnetome,BN 246 (v1.0),D:/Tool/Coding/IDE/PyCharm/NeuroGraphIQ_KG_marco/backend/data/atlases/brainnetome/bna246/transformed_label_to_julich2009c/BN_Atlas_246_1mm_NLin6to2009c_labels.nii.gz,0d90d084952bdbddf417abb457f4eec016cbb95dfd53a4801713806da5646ba3,2e3869a07b96aec406e0419ca2e434afc54882d37cc212b933b139d1b63a4dfe,9c0185c7c0b9a2bf03a9e72d296d4fc8caed0e1318a59723a52ada8f06f1e19f,MNI152NLin6Asym 1mm,MNI152NLin2009cAsym 1mm,True,False,True,True,3213,left
66,Brainnetome,BN 246 (v1.0),D:/Tool/Coding/IDE/PyCharm/NeuroGraphIQ_KG_marco/backend/data/atlases/brainnetome/bna246/transformed_label_to_julich2009c/BN_Atlas_246_1mm_NLin6to2009c_labels.nii.gz,0d90d084952bdbddf417abb457f4eec016cbb95dfd53a4801713806da5646ba3,2e3869a07b96aec406e0419ca2e434afc54882d37cc212b933b139d1b63a4dfe,9c0185c7c0b9a2bf03a9e72d296d4fc8caed0e1318a59723a52ada8f06f1e19f,MNI152NLin6Asym 1mm,MNI152NLin2009cAsym 1mm,True,False,True,True,3875,right
67,Brainnetome,BN 246 (v1.0),D:/Tool/Coding/IDE/PyCharm/NeuroGraphIQ_KG_marco/backend/data/atlases/brainnetome/bna246/transformed_label_to_julich2009c/BN_Atlas_246_1mm_NLin6to2009c_labels.nii.gz,0d90d084952bdbddf417abb457f4eec016cbb95dfd53a4801713806da5646ba3,2e3869a07b96aec406e0419ca2e434afc54882d37cc212b933b139d1b63a4dfe,9c0185c7c0b9a2bf03a9e72d296d4fc8caed0e1318a59723a52ada8f06f1e19f,MNI152NLin6Asym 1mm,MNI152NLin2009cAsym 1mm,True,False,True,True,4247,left
68,Brainnetome,BN 246 (v1.0),D:/Tool/Coding/IDE/PyCharm/NeuroGraphIQ_KG_marco/backend/data/atlases/brainnetome/bna246/transformed_label_to_julich2009c/BN_Atlas_246_1mm_NLin6to2009c_labels.nii.gz,0d90d084952bdbddf417abb457f4eec016cbb95dfd53a4801713806da5646ba3,2e3869a07b96aec406e0419ca2e434afc54882d37cc212b933b139d1b63a4dfe,9c0185c7c0b9a2bf03a9e72d296d4fc8caed0e1318a59723a52ada8f06f1e19f,MNI152NLin6Asym 1mm,MNI152NLin2009cAsym 1mm,True,False,True,True,4749,right
69,Brainnetome,BN 246 (v1.0),D:/Tool/Coding/IDE/PyCharm/NeuroGraphIQ_KG_marco/backend/data/atlases/brainnetome/bna246/transformed_label_to_julich2009c/BN_Atlas_246_1mm_NLin6to2009c_labels.nii.gz,0d90d084952bdbddf417abb457f4eec016cbb95dfd53a4801713806da5646ba3,2e3869a07b96aec406e0419ca2e434afc54882d37cc212b933b139d1b63a4dfe,9c0185c7c0b9a2bf03a9e72d296d4fc8caed0e1318a59723a52ada8f06f1e19f,MNI152NLin6Asym 1mm,MNI152NLin2009cAsym 1mm,True,False,True,True,6121,left
70,Brainnetome,BN 246 (v1.0),D:/Tool/Coding/IDE/PyCharm/NeuroGraphIQ_KG_marco/backend/data/atlases/brainnetome/bna246/transformed_label_to_julich2009c/BN_Atlas_246_1mm_NLin6to2009c_labels.nii.gz,0d90d084952bdbddf417abb457f4eec016cbb95dfd53a4801713806da5646ba3,2e3869a07b96aec406e0419ca2e434afc54882d37cc212b933b139d1b63a4dfe,9c0185c7c0b9a2bf03a9e72d296d4fc8caed0e1318a59723a52ada8f06f1e19f,MNI152NLin6Asym 1mm,MNI152NLin2009cAsym 1mm,True,False,True,True,5497,right
71,Brainnetome,BN 246 (v1.0),D:/Tool/Coding/IDE/PyCharm/NeuroGraphIQ_KG_marco/backend/data/atlases/brainnetome/bna246/transformed_label_to_julich2009c/BN_Atlas_246_1mm_NLin6to2009c_labels.nii.gz,0d90d084952bdbddf417abb457f4eec016cbb95dfd53a4801713806da5646ba3,2e3869a07b96aec406e0419ca2e434afc54882d37cc212b933b139d1b63a4dfe,9c0185c7c0b9a2bf03a9e72d296d4fc8caed0e1318a59723a52ada8f06f1e19f,MNI152NLin6Asym 1mm,MNI152NLin2009cAsym 1mm,True,False,True,True,4015,left
72,Brainnetome,BN 246 (v1.0),D:/Tool/Coding/IDE/PyCharm/NeuroGraphIQ_KG_marco/backend/data/atlases/brainnetome/bna246/transformed_label_to_julich2009c/BN_Atlas_246_1mm_NLin6to2009c_labels.nii.gz,0d90d084952bdbddf417abb457f4eec016cbb95dfd53a4801713806da5646ba3,2e3869a07b96aec406e0419ca2e434afc54882d37cc212b933b139d1b63a4dfe,9c0185c7c0b9a2bf03a9e72d296d4fc8caed0e1318a59723a52ada8f06f1e19f,MNI152NLin6Asym 1mm,MNI152NLin2009cAsym 1mm,True,False,True,True,3260,right
73,Brainnetome,BN 246 (v1.0),D:/Tool/Coding/IDE/PyCharm/NeuroGraphIQ_KG_marco/backend/data/atlases/brainnetome/bna246/transformed_label_to_julich2009c/BN_Atlas_246_1mm_NLin6to2009c_labels.nii.gz,0d90d084952bdbddf417abb457f4eec016cbb95dfd53a4801713806da5646ba3,2e3869a07b96aec406e0419ca2e434afc54882d37cc212b933b139d1b63a4dfe,9c0185c7c0b9a2bf03a9e72d296d4fc8caed0e1318a59723a52ada8f06f1e19f,MNI152NLin6Asym 1mm,MNI152NLin2009cAsym 1mm,True,False,True,True,7024,left
74,Brainnetome,BN 246 (v1.0),D:/Tool/Coding/IDE/PyCharm/NeuroGraphIQ_KG_marco/backend/data/atlases/brainnetome/bna246/transformed_label_to_julich2009c/BN_Atlas_246_1mm_NLin6to2009c_labels.nii.gz,0d90d084952bdbddf417abb457f4eec016cbb95dfd53a4801713806da5646ba3,2e3869a07b96aec406e0419ca2e434afc54882d37cc212b933b139d1b63a4dfe,9c0185c7c0b9a2bf03a9e72d296d4fc8caed0e1318a59723a52ada8f06f1e19f,MNI152NLin6Asym 1mm,MNI152NLin2009cAsym 1mm,True,False,True,True,6184,right
75,Brainnetome,BN 246 (v1.0),D:/Tool/Coding/IDE/PyCharm/NeuroGraphIQ_KG_marco/backend/data/atlases/brainnetome/bna246/transformed_label_to_julich2009c/BN_Atlas_246_1mm_NLin6to2009c_labels.nii.gz,0d90d084952bdbddf417abb457f4eec016cbb95dfd53a4801713806da5646ba3,2e3869a07b96aec406e0419ca2e434afc54882d37cc212b933b139d1b63a4dfe,9c0185c7c0b9a2bf03a9e72d296d4fc8caed0e1318a59723a52ada8f06f1e19f,MNI152NLin6Asym 1mm,MNI152NLin2009cAsym 1mm,True,False,True,True,5237,left
76,Brainnetome,BN 246 (v1.0),D:/Tool/Coding/IDE/PyCharm/NeuroGraphIQ_KG_marco/backend/data/atlases/brainnetome/bna246/transformed_label_to_julich2009c/BN_Atlas_246_1mm_NLin6to2009c_labels.nii.gz,0d90d084952bdbddf417abb457f4eec016cbb95dfd53a4801713806da5646ba3,2e3869a07b96aec406e0419ca2e434afc54882d37cc212b933b139d1b63a4dfe,9c0185c7c0b9a2bf03a9e72d296d4fc8caed0e1318a59723a52ada8f06f1e19f,MNI152NLin6Asym 1mm,MNI152NLin2009cAsym 1mm,True,False,True,True,4741,right
77,Brainnetome,BN 246 (v1.0),D:/Tool/Coding/IDE/PyCharm/NeuroGraphIQ_KG_marco/backend/data/atlases/brainnetome/bna246/transformed_label_to_julich2009c/BN_Atlas_246_1mm_NLin6to2009c_labels.nii.gz,0d90d084952bdbddf417abb457f4eec016cbb95dfd53a4801713806da5646ba3,2e3869a07b96aec406e0419ca2e434afc54882d37cc212b933b139d1b63a4dfe,9c0185c7c0b9a2bf03a9e72d296d4fc8caed0e1318a59723a52ada8f06f1e19f,MNI152NLin6Asym 1mm,MNI152NLin2009cAsym 1mm,True,False,True,True,4395,left
78,Brainnetome,BN 246 (v1.0),D:/Tool/Coding/IDE/PyCharm/NeuroGraphIQ_KG_marco/backend/data/atlases/brainnetome/bna246/transformed_label_to_julich2009c/BN_Atlas_246_1mm_NLin6to2009c_labels.nii.gz,0d90d084952bdbddf417abb457f4eec016cbb95dfd53a4801713806da5646ba3,2e3869a07b96aec406e0419ca2e434afc54882d37cc212b933b139d1b63a4dfe,9c0185c7c0b9a2bf03a9e72d296d4fc8caed0e1318a59723a52ada8f06f1e19f,MNI152NLin6Asym 1mm,MNI152NLin2009cAsym 1mm,True,False,True,True,5755,right
79,Brainnetome,BN 246 (v1.0),D:/Tool/Coding/IDE/PyCharm/NeuroGraphIQ_KG_marco/backend/data/atlases/brainnetome/bna246/transformed_label_to_julich2009c/BN_Atlas_246_1mm_NLin6to2009c_labels.nii.gz,0d90d084952bdbddf417abb457f4eec016cbb95dfd53a4801713806da5646ba3,2e3869a07b96aec406e0419ca2e434afc54882d37cc212b933b139d1b63a4dfe,9c0185c7c0b9a2bf03a9e72d296d4fc8caed0e1318a59723a52ada8f06f1e19f,MNI152NLin6Asym 1mm,MNI152NLin2009cAsym 1mm,True,False,True,True,5877,left
80,Brainnetome,BN 246 (v1.0),D:/Tool/Coding/IDE/PyCharm/NeuroGraphIQ_KG_marco/backend/data/atlases/brainnetome/bna246/transformed_label_to_julich2009c/BN_Atlas_246_1mm_NLin6to2009c_labels.nii.gz,0d90d084952bdbddf417abb457f4eec016cbb95dfd53a4801713806da5646ba3,2e3869a07b96aec406e0419ca2e434afc54882d37cc212b933b139d1b63a4dfe,9c0185c7c0b9a2bf03a9e72d296d4fc8caed0e1318a59723a52ada8f06f1e19f,MNI152NLin6Asym 1mm,MNI152NLin2009cAsym 1mm,True,False,True,True,3062,right
81,Brainnetome,BN 246 (v1.0),D:/Tool/Coding/IDE/PyCharm/NeuroGraphIQ_KG_marco/backend/data/atlases/brainnetome/bna246/transformed_label_to_julich2009c/BN_Atlas_246_1mm_NLin6to2009c_labels.nii.gz,0d90d084952bdbddf417abb457f4eec016cbb95dfd53a4801713806da5646ba3,2e3869a07b96aec406e0419ca2e434afc54882d37cc212b933b139d1b63a4dfe,9c0185c7c0b9a2bf03a9e72d296d4fc8caed0e1318a59723a52ada8f06f1e19f,MNI152NLin6Asym 1mm,MNI152NLin2009cAsym 1mm,True,False,True,True,4873,left
82,Brainnetome,BN 246 (v1.0),D:/Tool/Coding/IDE/PyCharm/NeuroGraphIQ_KG_marco/backend/data/atlases/brainnetome/bna246/transformed_label_to_julich2009c/BN_Atlas_246_1mm_NLin6to2009c_labels.nii.gz,0d90d084952bdbddf417abb457f4eec016cbb95dfd53a4801713806da5646ba3,2e3869a07b96aec406e0419ca2e434afc54882d37cc212b933b139d1b63a4dfe,9c0185c7c0b9a2bf03a9e72d296d4fc8caed0e1318a59723a52ada8f06f1e19f,MNI152NLin6Asym 1mm,MNI152NLin2009cAsym 1mm,True,False,True,True,6159,right
83,Brainnetome,BN 246 (v1.0),D:/Tool/Coding/IDE/PyCharm/NeuroGraphIQ_KG_marco/backend/data/atlases/brainnetome/bna246/transformed_label_to_julich2009c/BN_Atlas_246_1mm_NLin6to2009c_labels.nii.gz,0d90d084952bdbddf417abb457f4eec016cbb95dfd53a4801713806da5646ba3,2e3869a07b96aec406e0419ca2e434afc54882d37cc212b933b139d1b63a4dfe,9c0185c7c0b9a2bf03a9e72d296d4fc8caed0e1318a59723a52ada8f06f1e19f,MNI152NLin6Asym 1mm,MNI152NLin2009cAsym 1mm,True,False,True,True,7180,left
84,Brainnetome,BN 246 (v1.0),D:/Tool/Coding/IDE/PyCharm/NeuroGraphIQ_KG_marco/backend/data/atlases/brainnetome/bna246/transformed_label_to_julich2009c/BN_Atlas_246_1mm_NLin6to2009c_labels.nii.gz,0d90d084952bdbddf417abb457f4eec016cbb95dfd53a4801713806da5646ba3,2e3869a07b96aec406e0419ca2e434afc54882d37cc212b933b139d1b63a4dfe,9c0185c7c0b9a2bf03a9e72d296d4fc8caed0e1318a59723a52ada8f06f1e19f,MNI152NLin6Asym 1mm,MNI152NLin2009cAsym 1mm,True,False,True,True,8744,right
85,Brainnetome,BN 246 (v1.0),D:/Tool/Coding/IDE/PyCharm/NeuroGraphIQ_KG_marco/backend/data/atlases/brainnetome/bna246/transformed_label_to_julich2009c/BN_Atlas_246_1mm_NLin6to2009c_labels.nii.gz,0d90d084952bdbddf417abb457f4eec016cbb95dfd53a4801713806da5646ba3,2e3869a07b96aec406e0419ca2e434afc54882d37cc212b933b139d1b63a4dfe,9c0185c7c0b9a2bf03a9e72d296d4fc8caed0e1318a59723a52ada8f06f1e19f,MNI152NLin6Asym 1mm,MNI152NLin2009cAsym 1mm,True,False,True,True,5064,left
86,Brainnetome,BN 246 (v1.0),D:/Tool/Coding/IDE/PyCharm/NeuroGraphIQ_KG_marco/backend/data/atlases/brainnetome/bna246/transformed_label_to_julich2009c/BN_Atlas_246_1mm_NLin6to2009c_labels.nii.gz,0d90d084952bdbddf417abb457f4eec016cbb95dfd53a4801713806da5646ba3,2e3869a07b96aec406e0419ca2e434afc54882d37cc212b933b139d1b63a4dfe,9c0185c7c0b9a2bf03a9e72d296d4fc8caed0e1318a59723a52ada8f06f1e19f,MNI152NLin6Asym 1mm,MNI152NLin2009cAsym 1mm,True,False,True,True,6337,right
87,Brainnetome,BN 246 (v1.0),D:/Tool/Coding/IDE/PyCharm/NeuroGraphIQ_KG_marco/backend/data/atlases/brainnetome/bna246/transformed_label_to_julich2009c/BN_Atlas_246_1mm_NLin6to2009c_labels.nii.gz,0d90d084952bdbddf417abb457f4eec016cbb95dfd53a4801713806da5646ba3,2e3869a07b96aec406e0419ca2e434afc54882d37cc212b933b139d1b63a4dfe,9c0185c7c0b9a2bf03a9e72d296d4fc8caed0e1318a59723a52ada8f06f1e19f,MNI152NLin6Asym 1mm,MNI152NLin2009cAsym 1mm,True,False,True,True,7114,left
88,Brainnetome,BN 246 (v1.0),D:/Tool/Coding/IDE/PyCharm/NeuroGraphIQ_KG_marco/backend/data/atlases/brainnetome/bna246/transformed_label_to_julich2009c/BN_Atlas_246_1mm_NLin6to2009c_labels.nii.gz,0d90d084952bdbddf417abb457f4eec016cbb95dfd53a4801713806da5646ba3,2e3869a07b96aec406e0419ca2e434afc54882d37cc212b933b139d1b63a4dfe,9c0185c7c0b9a2bf03a9e72d296d4fc8caed0e1318a59723a52ada8f06f1e19f,MNI152NLin6Asym 1mm,MNI152NLin2009cAsym 1mm,True,False,True,True,10235,right
89,Brainnetome,BN 246 (v1.0),D:/Tool/Coding/IDE/PyCharm/NeuroGraphIQ_KG_marco/backend/data/atlases/brainnetome/bna246/transformed_label_to_julich2009c/BN_Atlas_246_1mm_NLin6to2009c_labels.nii.gz,0d90d084952bdbddf417abb457f4eec016cbb95dfd53a4801713806da5646ba3,2e3869a07b96aec406e0419ca2e434afc54882d37cc212b933b139d1b63a4dfe,9c0185c7c0b9a2bf03a9e72d296d4fc8caed0e1318a59723a52ada8f06f1e19f,MNI152NLin6Asym 1mm,MNI152NLin2009cAsym 1mm,True,False,True,True,2454,left
90,Brainnetome,BN 246 (v1.0),D:/Tool/Coding/IDE/PyCharm/NeuroGraphIQ_KG_marco/backend/data/atlases/brainnetome/bna246/transformed_label_to_julich2009c/BN_Atlas_246_1mm_NLin6to2009c_labels.nii.gz,0d90d084952bdbddf417abb457f4eec016cbb95dfd53a4801713806da5646ba3,2e3869a07b96aec406e0419ca2e434afc54882d37cc212b933b139d1b63a4dfe,9c0185c7c0b9a2bf03a9e72d296d4fc8caed0e1318a59723a52ada8f06f1e19f,MNI152NLin6Asym 1mm,MNI152NLin2009cAsym 1mm,True,False,True,True,1643,right
91,Brainnetome,BN 246 (v1.0),D:/Tool/Coding/IDE/PyCharm/NeuroGraphIQ_KG_marco/backend/data/atlases/brainnetome/bna246/transformed_label_to_julich2009c/BN_Atlas_246_1mm_NLin6to2009c_labels.nii.gz,0d90d084952bdbddf417abb457f4eec016cbb95dfd53a4801713806da5646ba3,2e3869a07b96aec406e0419ca2e434afc54882d37cc212b933b139d1b63a4dfe,9c0185c7c0b9a2bf03a9e72d296d4fc8caed0e1318a59723a52ada8f06f1e19f,MNI152NLin6Asym 1mm,MNI152NLin2009cAsym 1mm,True,False,True,True,2679,left
92,Brainnetome,BN 246 (v1.0),D:/Tool/Coding/IDE/PyCharm/NeuroGraphIQ_KG_marco/backend/data/atlases/brainnetome/bna246/transformed_label_to_julich2009c/BN_Atlas_246_1mm_NLin6to2009c_labels.nii.gz,0d90d084952bdbddf417abb457f4eec016cbb95dfd53a4801713806da5646ba3,2e3869a07b96aec406e0419ca2e434afc54882d37cc212b933b139d1b63a4dfe,9c0185c7c0b9a2bf03a9e72d296d4fc8caed0e1318a59723a52ada8f06f1e19f,MNI152NLin6Asym 1mm,MNI152NLin2009cAsym 1mm,True,False,True,True,1895,right
93,Brainnetome,BN 246 (v1.0),D:/Tool/Coding/IDE/PyCharm/NeuroGraphIQ_KG_marco/backend/data/atlases/brainnetome/bna246/transformed_label_to_julich2009c/BN_Atlas_246_1mm_NLin6to2009c_labels.nii.gz,0d90d084952bdbddf417abb457f4eec016cbb95dfd53a4801713806da5646ba3,2e3869a07b96aec406e0419ca2e434afc54882d37cc212b933b139d1b63a4dfe,9c0185c7c0b9a2bf03a9e72d296d4fc8caed0e1318a59723a52ada8f06f1e19f,MNI152NLin6Asym 1mm,MNI152NLin2009cAsym 1mm,True,False,True,True,4363,left
94,Brainnetome,BN 246 (v1.0),D:/Tool/Coding/IDE/PyCharm/NeuroGraphIQ_KG_marco/backend/data/atlases/brainnetome/bna246/transformed_label_to_julich2009c/BN_Atlas_246_1mm_NLin6to2009c_labels.nii.gz,0d90d084952bdbddf417abb457f4eec016cbb95dfd53a4801713806da5646ba3,2e3869a07b96aec406e0419ca2e434afc54882d37cc212b933b139d1b63a4dfe,9c0185c7c0b9a2bf03a9e72d296d4fc8caed0e1318a59723a52ada8f06f1e19f,MNI152NLin6Asym 1mm,MNI152NLin2009cAsym 1mm,True,False,True,True,3478,right
95,Brainnetome,BN 246 (v1.0),D:/Tool/Coding/IDE/PyCharm/NeuroGraphIQ_KG_marco/backend/data/atlases/brainnetome/bna246/transformed_label_to_julich2009c/BN_Atlas_246_1mm_NLin6to2009c_labels.nii.gz,0d90d084952bdbddf417abb457f4eec016cbb95dfd53a4801713806da5646ba3,2e3869a07b96aec406e0419ca2e434afc54882d37cc212b933b139d1b63a4dfe,9c0185c7c0b9a2bf03a9e72d296d4fc8caed0e1318a59723a52ada8f06f1e19f,MNI152NLin6Asym 1mm,MNI152NLin2009cAsym 1mm,True,False,True,True,3693,left
96,Brainnetome,BN 246 (v1.0),D:/Tool/Coding/IDE/PyCharm/NeuroGraphIQ_KG_marco/backend/data/atlases/brainnetome/bna246/transformed_label_to_julich2009c/BN_Atlas_246_1mm_NLin6to2009c_labels.nii.gz,0d90d084952bdbddf417abb457f4eec016cbb95dfd53a4801713806da5646ba3,2e3869a07b96aec406e0419ca2e434afc54882d37cc212b933b139d1b63a4dfe,9c0185c7c0b9a2bf03a9e72d296d4fc8caed0e1318a59723a52ada8f06f1e19f,MNI152NLin6Asym 1mm,MNI152NLin2009cAsym 1mm,True,False,True,True,3804,right
97,Brainnetome,BN 246 (v1.0),D:/Tool/Coding/IDE/PyCharm/NeuroGraphIQ_KG_marco/backend/data/atlases/brainnetome/bna246/transformed_label_to_julich2009c/BN_Atlas_246_1mm_NLin6to2009c_labels.nii.gz,0d90d084952bdbddf417abb457f4eec016cbb95dfd53a4801713806da5646ba3,2e3869a07b96aec406e0419ca2e434afc54882d37cc212b933b139d1b63a4dfe,9c0185c7c0b9a2bf03a9e72d296d4fc8caed0e1318a59723a52ada8f06f1e19f,MNI152NLin6Asym 1mm,MNI152NLin2009cAsym 1mm,True,False,True,True,3523,left
98,Brainnetome,BN 246 (v1.0),D:/Tool/Coding/IDE/PyCharm/NeuroGraphIQ_KG_marco/backend/data/atlases/brainnetome/bna246/transformed_label_to_julich2009c/BN_Atlas_246_1mm_NLin6to2009c_labels.nii.gz,0d90d084952bdbddf417abb457f4eec016cbb95dfd53a4801713806da5646ba3,2e3869a07b96aec406e0419ca2e434afc54882d37cc212b933b139d1b63a4dfe,9c0185c7c0b9a2bf03a9e72d296d4fc8caed0e1318a59723a52ada8f06f1e19f,MNI152NLin6Asym 1mm,MNI152NLin2009cAsym 1mm,True,False,True,True,2906,right
99,Brainnetome,BN 246 (v1.0),D:/Tool/Coding/IDE/PyCharm/NeuroGraphIQ_KG_marco/backend/data/atlases/brainnetome/bna246/transformed_label_to_julich2009c/BN_Atlas_246_1mm_NLin6to2009c_labels.nii.gz,0d90d084952bdbddf417abb457f4eec016cbb95dfd53a4801713806da5646ba3,2e3869a07b96aec406e0419ca2e434afc54882d37cc212b933b139d1b63a4dfe,9c0185c7c0b9a2bf03a9e72d296d4fc8caed0e1318a59723a52ada8f06f1e19f,MNI152NLin6Asym 1mm,MNI152NLin2009cAsym 1mm,True,False,True,True,4288,left
100,Brainnetome,BN 246 (v1.0),D:/Tool/Coding/IDE/PyCharm/NeuroGraphIQ_KG_marco/backend/data/atlases/brainnetome/bna246/transformed_label_to_julich2009c/BN_Atlas_246_1mm_NLin6to2009c_labels.nii.gz,0d90d084952bdbddf417abb457f4eec016cbb95dfd53a4801713806da5646ba3,2e3869a07b96aec406e0419ca2e434afc54882d37cc212b933b139d1b63a4dfe,9c0185c7c0b9a2bf03a9e72d296d4fc8caed0e1318a59723a52ada8f06f1e19f,MNI152NLin6Asym 1mm,MNI152NLin2009cAsym 1mm,True,False,True,True,3269,right
101,Brainnetome,BN 246 (v1.0),D:/Tool/Coding/IDE/PyCharm/NeuroGraphIQ_KG_marco/backend/data/atlases/brainnetome/bna246/transformed_label_to_julich2009c/BN_Atlas_246_1mm_NLin6to2009c_labels.nii.gz,0d90d084952bdbddf417abb457f4eec016cbb95dfd53a4801713806da5646ba3,2e3869a07b96aec406e0419ca2e434afc54882d37cc212b933b139d1b63a4dfe,9c0185c7c0b9a2bf03a9e72d296d4fc8caed0e1318a59723a52ada8f06f1e19f,MNI152NLin6Asym 1mm,MNI152NLin2009cAsym 1mm,True,False,True,True,4513,left
102,Brainnetome,BN 246 (v1.0),D:/Tool/Coding/IDE/PyCharm/NeuroGraphIQ_KG_marco/backend/data/atlases/brainnetome/bna246/transformed_label_to_julich2009c/BN_Atlas_246_1mm_NLin6to2009c_labels.nii.gz,0d90d084952bdbddf417abb457f4eec016cbb95dfd53a4801713806da5646ba3,2e3869a07b96aec406e0419ca2e434afc54882d37cc212b933b139d1b63a4dfe,9c0185c7c0b9a2bf03a9e72d296d4fc8caed0e1318a59723a52ada8f06f1e19f,MNI152NLin6Asym 1mm,MNI152NLin2009cAsym 1mm,True,False,True,True,4698,right
103,Brainnetome,BN 246 (v1.0),D:/Tool/Coding/IDE/PyCharm/NeuroGraphIQ_KG_marco/backend/data/atlases/brainnetome/bna246/transformed_label_to_julich2009c/BN_Atlas_246_1mm_NLin6to2009c_labels.nii.gz,0d90d084952bdbddf417abb457f4eec016cbb95dfd53a4801713806da5646ba3,2e3869a07b96aec406e0419ca2e434afc54882d37cc212b933b139d1b63a4dfe,9c0185c7c0b9a2bf03a9e72d296d4fc8caed0e1318a59723a52ada8f06f1e19f,MNI152NLin6Asym 1mm,MNI152NLin2009cAsym 1mm,True,False,True,True,8567,left
104,Brainnetome,BN 246 (v1.0),D:/Tool/Coding/IDE/PyCharm/NeuroGraphIQ_KG_marco/backend/data/atlases/brainnetome/bna246/transformed_label_to_julich2009c/BN_Atlas_246_1mm_NLin6to2009c_labels.nii.gz,0d90d084952bdbddf417abb457f4eec016cbb95dfd53a4801713806da5646ba3,2e3869a07b96aec406e0419ca2e434afc54882d37cc212b933b139d1b63a4dfe,9c0185c7c0b9a2bf03a9e72d296d4fc8caed0e1318a59723a52ada8f06f1e19f,MNI152NLin6Asym 1mm,MNI152NLin2009cAsym 1mm,True,False,True,True,8909,right
105,Brainnetome,BN 246 (v1.0),D:/Tool/Coding/IDE/PyCharm/NeuroGraphIQ_KG_marco/backend/data/atlases/brainnetome/bna246/transformed_label_to_julich2009c/BN_Atlas_246_1mm_NLin6to2009c_labels.nii.gz,0d90d084952bdbddf417abb457f4eec016cbb95dfd53a4801713806da5646ba3,2e3869a07b96aec406e0419ca2e434afc54882d37cc212b933b139d1b63a4dfe,9c0185c7c0b9a2bf03a9e72d296d4fc8caed0e1318a59723a52ada8f06f1e19f,MNI152NLin6Asym 1mm,MNI152NLin2009cAsym 1mm,True,False,True,True,7272,left
106,Brainnetome,BN 246 (v1.0),D:/Tool/Coding/IDE/PyCharm/NeuroGraphIQ_KG_marco/backend/data/atlases/brainnetome/bna246/transformed_label_to_julich2009c/BN_Atlas_246_1mm_NLin6to2009c_labels.nii.gz,0d90d084952bdbddf417abb457f4eec016cbb95dfd53a4801713806da5646ba3,2e3869a07b96aec406e0419ca2e434afc54882d37cc212b933b139d1b63a4dfe,9c0185c7c0b9a2bf03a9e72d296d4fc8caed0e1318a59723a52ada8f06f1e19f,MNI152NLin6Asym 1mm,MNI152NLin2009cAsym 1mm,True,False,True,True,6500,right
107,Brainnetome,BN 246 (v1.0),D:/Tool/Coding/IDE/PyCharm/NeuroGraphIQ_KG_marco/backend/data/atlases/brainnetome/bna246/transformed_label_to_julich2009c/BN_Atlas_246_1mm_NLin6to2009c_labels.nii.gz,0d90d084952bdbddf417abb457f4eec016cbb95dfd53a4801713806da5646ba3,2e3869a07b96aec406e0419ca2e434afc54882d37cc212b933b139d1b63a4dfe,9c0185c7c0b9a2bf03a9e72d296d4fc8caed0e1318a59723a52ada8f06f1e19f,MNI152NLin6Asym 1mm,MNI152NLin2009cAsym 1mm,True,False,True,True,8066,left
108,Brainnetome,BN 246 (v1.0),D:/Tool/Coding/IDE/PyCharm/NeuroGraphIQ_KG_marco/backend/data/atlases/brainnetome/bna246/transformed_label_to_julich2009c/BN_Atlas_246_1mm_NLin6to2009c_labels.nii.gz,0d90d084952bdbddf417abb457f4eec016cbb95dfd53a4801713806da5646ba3,2e3869a07b96aec406e0419ca2e434afc54882d37cc212b933b139d1b63a4dfe,9c0185c7c0b9a2bf03a9e72d296d4fc8caed0e1318a59723a52ada8f06f1e19f,MNI152NLin6Asym 1mm,MNI152NLin2009cAsym 1mm,True,False,True,True,6538,right
109,Brainnetome,BN 246 (v1.0),D:/Tool/Coding/IDE/PyCharm/NeuroGraphIQ_KG_marco/backend/data/atlases/brainnetome/bna246/transformed_label_to_julich2009c/BN_Atlas_246_1mm_NLin6to2009c_labels.nii.gz,0d90d084952bdbddf417abb457f4eec016cbb95dfd53a4801713806da5646ba3,2e3869a07b96aec406e0419ca2e434afc54882d37cc212b933b139d1b63a4dfe,9c0185c7c0b9a2bf03a9e72d296d4fc8caed0e1318a59723a52ada8f06f1e19f,MNI152NLin6Asym 1mm,MNI152NLin2009cAsym 1mm,True,False,True,True,1407,left
110,Brainnetome,BN 246 (v1.0),D:/Tool/Coding/IDE/PyCharm/NeuroGraphIQ_KG_marco/backend/data/atlases/brainnetome/bna246/transformed_label_to_julich2009c/BN_Atlas_246_1mm_NLin6to2009c_labels.nii.gz,0d90d084952bdbddf417abb457f4eec016cbb95dfd53a4801713806da5646ba3,2e3869a07b96aec406e0419ca2e434afc54882d37cc212b933b139d1b63a4dfe,9c0185c7c0b9a2bf03a9e72d296d4fc8caed0e1318a59723a52ada8f06f1e19f,MNI152NLin6Asym 1mm,MNI152NLin2009cAsym 1mm,True,False,True,True,1185,right
111,Brainnetome,BN 246 (v1.0),D:/Tool/Coding/IDE/PyCharm/NeuroGraphIQ_KG_marco/backend/data/atlases/brainnetome/bna246/transformed_label_to_julich2009c/BN_Atlas_246_1mm_NLin6to2009c_labels.nii.gz,0d90d084952bdbddf417abb457f4eec016cbb95dfd53a4801713806da5646ba3,2e3869a07b96aec406e0419ca2e434afc54882d37cc212b933b139d1b63a4dfe,9c0185c7c0b9a2bf03a9e72d296d4fc8caed0e1318a59723a52ada8f06f1e19f,MNI152NLin6Asym 1mm,MNI152NLin2009cAsym 1mm,True,False,True,True,1254,left
112,Brainnetome,BN 246 (v1.0),D:/Tool/Coding/IDE/PyCharm/NeuroGraphIQ_KG_marco/backend/data/atlases/brainnetome/bna246/transformed_label_to_julich2009c/BN_Atlas_246_1mm_NLin6to2009c_labels.nii.gz,0d90d084952bdbddf417abb457f4eec016cbb95dfd53a4801713806da5646ba3,2e3869a07b96aec406e0419ca2e434afc54882d37cc212b933b139d1b63a4dfe,9c0185c7c0b9a2bf03a9e72d296d4fc8caed0e1318a59723a52ada8f06f1e19f,MNI152NLin6Asym 1mm,MNI152NLin2009cAsym 1mm,True,False,True,True,1421,right
113,Brainnetome,BN 246 (v1.0),D:/Tool/Coding/IDE/PyCharm/NeuroGraphIQ_KG_marco/backend/data/atlases/brainnetome/bna246/transformed_label_to_julich2009c/BN_Atlas_246_1mm_NLin6to2009c_labels.nii.gz,0d90d084952bdbddf417abb457f4eec016cbb95dfd53a4801713806da5646ba3,2e3869a07b96aec406e0419ca2e434afc54882d37cc212b933b139d1b63a4dfe,9c0185c7c0b9a2bf03a9e72d296d4fc8caed0e1318a59723a52ada8f06f1e19f,MNI152NLin6Asym 1mm,MNI152NLin2009cAsym 1mm,True,False,True,True,1344,left
114,Brainnetome,BN 246 (v1.0),D:/Tool/Coding/IDE/PyCharm/NeuroGraphIQ_KG_marco/backend/data/atlases/brainnetome/bna246/transformed_label_to_julich2009c/BN_Atlas_246_1mm_NLin6to2009c_labels.nii.gz,0d90d084952bdbddf417abb457f4eec016cbb95dfd53a4801713806da5646ba3,2e3869a07b96aec406e0419ca2e434afc54882d37cc212b933b139d1b63a4dfe,9c0185c7c0b9a2bf03a9e72d296d4fc8caed0e1318a59723a52ada8f06f1e19f,MNI152NLin6Asym 1mm,MNI152NLin2009cAsym 1mm,True,False,True,True,1217,right
115,Brainnetome,BN 246 (v1.0),D:/Tool/Coding/IDE/PyCharm/NeuroGraphIQ_KG_marco/backend/data/atlases/brainnetome/bna246/transformed_label_to_julich2009c/BN_Atlas_246_1mm_NLin6to2009c_labels.nii.gz,0d90d084952bdbddf417abb457f4eec016cbb95dfd53a4801713806da5646ba3,2e3869a07b96aec406e0419ca2e434afc54882d37cc212b933b139d1b63a4dfe,9c0185c7c0b9a2bf03a9e72d296d4fc8caed0e1318a59723a52ada8f06f1e19f,MNI152NLin6Asym 1mm,MNI152NLin2009cAsym 1mm,True,False,True,True,1540,left
116,Brainnetome,BN 246 (v1.0),D:/Tool/Coding/IDE/PyCharm/NeuroGraphIQ_KG_marco/backend/data/atlases/brainnetome/bna246/transformed_label_to_julich2009c/BN_Atlas_246_1mm_NLin6to2009c_labels.nii.gz,0d90d084952bdbddf417abb457f4eec016cbb95dfd53a4801713806da5646ba3,2e3869a07b96aec406e0419ca2e434afc54882d37cc212b933b139d1b63a4dfe,9c0185c7c0b9a2bf03a9e72d296d4fc8caed0e1318a59723a52ada8f06f1e19f,MNI152NLin6Asym 1mm,MNI152NLin2009cAsym 1mm,True,False,True,True,1182,right
117,Brainnetome,BN 246 (v1.0),D:/Tool/Coding/IDE/PyCharm/NeuroGraphIQ_KG_marco/backend/data/atlases/brainnetome/bna246/transformed_label_to_julich2009c/BN_Atlas_246_1mm_NLin6to2009c_labels.nii.gz,0d90d084952bdbddf417abb457f4eec016cbb95dfd53a4801713806da5646ba3,2e3869a07b96aec406e0419ca2e434afc54882d37cc212b933b139d1b63a4dfe,9c0185c7c0b9a2bf03a9e72d296d4fc8caed0e1318a59723a52ada8f06f1e19f,MNI152NLin6Asym 1mm,MNI152NLin2009cAsym 1mm,True,False,True,True,771,left
118,Brainnetome,BN 246 (v1.0),D:/Tool/Coding/IDE/PyCharm/NeuroGraphIQ_KG_marco/backend/data/atlases/brainnetome/bna246/transformed_label_to_julich2009c/BN_Atlas_246_1mm_NLin6to2009c_labels.nii.gz,0d90d084952bdbddf417abb457f4eec016cbb95dfd53a4801713806da5646ba3,2e3869a07b96aec406e0419ca2e434afc54882d37cc212b933b139d1b63a4dfe,9c0185c7c0b9a2bf03a9e72d296d4fc8caed0e1318a59723a52ada8f06f1e19f,MNI152NLin6Asym 1mm,MNI152NLin2009cAsym 1mm,True,False,True,True,1029,right
119,Brainnetome,BN 246 (v1.0),D:/Tool/Coding/IDE/PyCharm/NeuroGraphIQ_KG_marco/backend/data/atlases/brainnetome/bna246/transformed_label_to_julich2009c/BN_Atlas_246_1mm_NLin6to2009c_labels.nii.gz,0d90d084952bdbddf417abb457f4eec016cbb95dfd53a4801713806da5646ba3,2e3869a07b96aec406e0419ca2e434afc54882d37cc212b933b139d1b63a4dfe,9c0185c7c0b9a2bf03a9e72d296d4fc8caed0e1318a59723a52ada8f06f1e19f,MNI152NLin6Asym 1mm,MNI152NLin2009cAsym 1mm,True,False,True,True,1104,left
120,Brainnetome,BN 246 (v1.0),D:/Tool/Coding/IDE/PyCharm/NeuroGraphIQ_KG_marco/backend/data/atlases/brainnetome/bna246/transformed_label_to_julich2009c/BN_Atlas_246_1mm_NLin6to2009c_labels.nii.gz,0d90d084952bdbddf417abb457f4eec016cbb95dfd53a4801713806da5646ba3,2e3869a07b96aec406e0419ca2e434afc54882d37cc212b933b139d1b63a4dfe,9c0185c7c0b9a2bf03a9e72d296d4fc8caed0e1318a59723a52ada8f06f1e19f,MNI152NLin6Asym 1mm,MNI152NLin2009cAsym 1mm,True,False,True,True,1308,right
121,Brainnetome,BN 246 (v1.0),D:/Tool/Coding/IDE/PyCharm/NeuroGraphIQ_KG_marco/backend/data/atlases/brainnetome/bna246/transformed_label_to_julich2009c/BN_Atlas_246_1mm_NLin6to2009c_labels.nii.gz,0d90d084952bdbddf417abb457f4eec016cbb95dfd53a4801713806da5646ba3,2e3869a07b96aec406e0419ca2e434afc54882d37cc212b933b139d1b63a4dfe,9c0185c7c0b9a2bf03a9e72d296d4fc8caed0e1318a59723a52ada8f06f1e19f,MNI152NLin6Asym 1mm,MNI152NLin2009cAsym 1mm,True,False,True,True,3091,left
122,Brainnetome,BN 246 (v1.0),D:/Tool/Coding/IDE/PyCharm/NeuroGraphIQ_KG_marco/backend/data/atlases/brainnetome/bna246/transformed_label_to_julich2009c/BN_Atlas_246_1mm_NLin6to2009c_labels.nii.gz,0d90d084952bdbddf417abb457f4eec016cbb95dfd53a4801713806da5646ba3,2e3869a07b96aec406e0419ca2e434afc54882d37cc212b933b139d1b63a4dfe,9c0185c7c0b9a2bf03a9e72d296d4fc8caed0e1318a59723a52ada8f06f1e19f,MNI152NLin6Asym 1mm,MNI152NLin2009cAsym 1mm,True,False,True,True,2999,right
123,Brainnetome,BN 246 (v1.0),D:/Tool/Coding/IDE/PyCharm/NeuroGraphIQ_KG_marco/backend/data/atlases/brainnetome/bna246/transformed_label_to_julich2009c/BN_Atlas_246_1mm_NLin6to2009c_labels.nii.gz,0d90d084952bdbddf417abb457f4eec016cbb95dfd53a4801713806da5646ba3,2e3869a07b96aec406e0419ca2e434afc54882d37cc212b933b139d1b63a4dfe,9c0185c7c0b9a2bf03a9e72d296d4fc8caed0e1318a59723a52ada8f06f1e19f,MNI152NLin6Asym 1mm,MNI152NLin2009cAsym 1mm,True,False,True,True,3132,left
124,Brainnetome,BN 246 (v1.0),D:/Tool/Coding/IDE/PyCharm/NeuroGraphIQ_KG_marco/backend/data/atlases/brainnetome/bna246/transformed_label_to_julich2009c/BN_Atlas_246_1mm_NLin6to2009c_labels.nii.gz,0d90d084952bdbddf417abb457f4eec016cbb95dfd53a4801713806da5646ba3,2e3869a07b96aec406e0419ca2e434afc54882d37cc212b933b139d1b63a4dfe,9c0185c7c0b9a2bf03a9e72d296d4fc8caed0e1318a59723a52ada8f06f1e19f,MNI152NLin6Asym 1mm,MNI152NLin2009cAsym 1mm,True,False,True,True,2374,right
125,Brainnetome,BN 246 (v1.0),D:/Tool/Coding/IDE/PyCharm/NeuroGraphIQ_KG_marco/backend/data/atlases/brainnetome/bna246/transformed_label_to_julich2009c/BN_Atlas_246_1mm_NLin6to2009c_labels.nii.gz,0d90d084952bdbddf417abb457f4eec016cbb95dfd53a4801713806da5646ba3,2e3869a07b96aec406e0419ca2e434afc54882d37cc212b933b139d1b63a4dfe,9c0185c7c0b9a2bf03a9e72d296d4fc8caed0e1318a59723a52ada8f06f1e19f,MNI152NLin6Asym 1mm,MNI152NLin2009cAsym 1mm,True,False,True,True,3657,left
126,Brainnetome,BN 246 (v1.0),D:/Tool/Coding/IDE/PyCharm/NeuroGraphIQ_KG_marco/backend/data/atlases/brainnetome/bna246/transformed_label_to_julich2009c/BN_Atlas_246_1mm_NLin6to2009c_labels.nii.gz,0d90d084952bdbddf417abb457f4eec016cbb95dfd53a4801713806da5646ba3,2e3869a07b96aec406e0419ca2e434afc54882d37cc212b933b139d1b63a4dfe,9c0185c7c0b9a2bf03a9e72d296d4fc8caed0e1318a59723a52ada8f06f1e19f,MNI152NLin6Asym 1mm,MNI152NLin2009cAsym 1mm,True,False,True,True,4842,right
127,Brainnetome,BN 246 (v1.0),D:/Tool/Coding/IDE/PyCharm/NeuroGraphIQ_KG_marco/backend/data/atlases/brainnetome/bna246/transformed_label_to_julich2009c/BN_Atlas_246_1mm_NLin6to2009c_labels.nii.gz,0d90d084952bdbddf417abb457f4eec016cbb95dfd53a4801713806da5646ba3,2e3869a07b96aec406e0419ca2e434afc54882d37cc212b933b139d1b63a4dfe,9c0185c7c0b9a2bf03a9e72d296d4fc8caed0e1318a59723a52ada8f06f1e19f,MNI152NLin6Asym 1mm,MNI152NLin2009cAsym 1mm,True,False,True,True,4580,left
128,Brainnetome,BN 246 (v1.0),D:/Tool/Coding/IDE/PyCharm/NeuroGraphIQ_KG_marco/backend/data/atlases/brainnetome/bna246/transformed_label_to_julich2009c/BN_Atlas_246_1mm_NLin6to2009c_labels.nii.gz,0d90d084952bdbddf417abb457f4eec016cbb95dfd53a4801713806da5646ba3,2e3869a07b96aec406e0419ca2e434afc54882d37cc212b933b139d1b63a4dfe,9c0185c7c0b9a2bf03a9e72d296d4fc8caed0e1318a59723a52ada8f06f1e19f,MNI152NLin6Asym 1mm,MNI152NLin2009cAsym 1mm,True,False,True,True,3931,right
129,Brainnetome,BN 246 (v1.0),D:/Tool/Coding/IDE/PyCharm/NeuroGraphIQ_KG_marco/backend/data/atlases/brainnetome/bna246/transformed_label_to_julich2009c/BN_Atlas_246_1mm_NLin6to2009c_labels.nii.gz,0d90d084952bdbddf417abb457f4eec016cbb95dfd53a4801713806da5646ba3,2e3869a07b96aec406e0419ca2e434afc54882d37cc212b933b139d1b63a4dfe,9c0185c7c0b9a2bf03a9e72d296d4fc8caed0e1318a59723a52ada8f06f1e19f,MNI152NLin6Asym 1mm,MNI152NLin2009cAsym 1mm,True,False,True,True,4713,left
130,Brainnetome,BN 246 (v1.0),D:/Tool/Coding/IDE/PyCharm/NeuroGraphIQ_KG_marco/backend/data/atlases/brainnetome/bna246/transformed_label_to_julich2009c/BN_Atlas_246_1mm_NLin6to2009c_labels.nii.gz,0d90d084952bdbddf417abb457f4eec016cbb95dfd53a4801713806da5646ba3,2e3869a07b96aec406e0419ca2e434afc54882d37cc212b933b139d1b63a4dfe,9c0185c7c0b9a2bf03a9e72d296d4fc8caed0e1318a59723a52ada8f06f1e19f,MNI152NLin6Asym 1mm,MNI152NLin2009cAsym 1mm,True,False,True,True,3763,right
131,Brainnetome,BN 246 (v1.0),D:/Tool/Coding/IDE/PyCharm/NeuroGraphIQ_KG_marco/backend/data/atlases/brainnetome/bna246/transformed_label_to_julich2009c/BN_Atlas_246_1mm_NLin6to2009c_labels.nii.gz,0d90d084952bdbddf417abb457f4eec016cbb95dfd53a4801713806da5646ba3,2e3869a07b96aec406e0419ca2e434afc54882d37cc212b933b139d1b63a4dfe,9c0185c7c0b9a2bf03a9e72d296d4fc8caed0e1318a59723a52ada8f06f1e19f,MNI152NLin6Asym 1mm,MNI152NLin2009cAsym 1mm,True,False,True,True,4600,left
132,Brainnetome,BN 246 (v1.0),D:/Tool/Coding/IDE/PyCharm/NeuroGraphIQ_KG_marco/backend/data/atlases/brainnetome/bna246/transformed_label_to_julich2009c/BN_Atlas_246_1mm_NLin6to2009c_labels.nii.gz,0d90d084952bdbddf417abb457f4eec016cbb95dfd53a4801713806da5646ba3,2e3869a07b96aec406e0419ca2e434afc54882d37cc212b933b139d1b63a4dfe,9c0185c7c0b9a2bf03a9e72d296d4fc8caed0e1318a59723a52ada8f06f1e19f,MNI152NLin6Asym 1mm,MNI152NLin2009cAsym 1mm,True,False,True,True,4629,right
133,Brainnetome,BN 246 (v1.0),D:/Tool/Coding/IDE/PyCharm/NeuroGraphIQ_KG_marco/backend/data/atlases/brainnetome/bna246/transformed_label_to_julich2009c/BN_Atlas_246_1mm_NLin6to2009c_labels.nii.gz,0d90d084952bdbddf417abb457f4eec016cbb95dfd53a4801713806da5646ba3,2e3869a07b96aec406e0419ca2e434afc54882d37cc212b933b139d1b63a4dfe,9c0185c7c0b9a2bf03a9e72d296d4fc8caed0e1318a59723a52ada8f06f1e19f,MNI152NLin6Asym 1mm,MNI152NLin2009cAsym 1mm,True,False,True,True,4267,left
134,Brainnetome,BN 246 (v1.0),D:/Tool/Coding/IDE/PyCharm/NeuroGraphIQ_KG_marco/backend/data/atlases/brainnetome/bna246/transformed_label_to_julich2009c/BN_Atlas_246_1mm_NLin6to2009c_labels.nii.gz,0d90d084952bdbddf417abb457f4eec016cbb95dfd53a4801713806da5646ba3,2e3869a07b96aec406e0419ca2e434afc54882d37cc212b933b139d1b63a4dfe,9c0185c7c0b9a2bf03a9e72d296d4fc8caed0e1318a59723a52ada8f06f1e19f,MNI152NLin6Asym 1mm,MNI152NLin2009cAsym 1mm,True,False,True,True,3400,right
135,Brainnetome,BN 246 (v1.0),D:/Tool/Coding/IDE/PyCharm/NeuroGraphIQ_KG_marco/backend/data/atlases/brainnetome/bna246/transformed_label_to_julich2009c/BN_Atlas_246_1mm_NLin6to2009c_labels.nii.gz,0d90d084952bdbddf417abb457f4eec016cbb95dfd53a4801713806da5646ba3,2e3869a07b96aec406e0419ca2e434afc54882d37cc212b933b139d1b63a4dfe,9c0185c7c0b9a2bf03a9e72d296d4fc8caed0e1318a59723a52ada8f06f1e19f,MNI152NLin6Asym 1mm,MNI152NLin2009cAsym 1mm,True,False,True,True,7639,left
136,Brainnetome,BN 246 (v1.0),D:/Tool/Coding/IDE/PyCharm/NeuroGraphIQ_KG_marco/backend/data/atlases/brainnetome/bna246/transformed_label_to_julich2009c/BN_Atlas_246_1mm_NLin6to2009c_labels.nii.gz,0d90d084952bdbddf417abb457f4eec016cbb95dfd53a4801713806da5646ba3,2e3869a07b96aec406e0419ca2e434afc54882d37cc212b933b139d1b63a4dfe,9c0185c7c0b9a2bf03a9e72d296d4fc8caed0e1318a59723a52ada8f06f1e19f,MNI152NLin6Asym 1mm,MNI152NLin2009cAsym 1mm,True,False,True,True,9858,right
137,Brainnetome,BN 246 (v1.0),D:/Tool/Coding/IDE/PyCharm/NeuroGraphIQ_KG_marco/backend/data/atlases/brainnetome/bna246/transformed_label_to_julich2009c/BN_Atlas_246_1mm_NLin6to2009c_labels.nii.gz,0d90d084952bdbddf417abb457f4eec016cbb95dfd53a4801713806da5646ba3,2e3869a07b96aec406e0419ca2e434afc54882d37cc212b933b139d1b63a4dfe,9c0185c7c0b9a2bf03a9e72d296d4fc8caed0e1318a59723a52ada8f06f1e19f,MNI152NLin6Asym 1mm,MNI152NLin2009cAsym 1mm,True,False,True,True,7842,left
138,Brainnetome,BN 246 (v1.0),D:/Tool/Coding/IDE/PyCharm/NeuroGraphIQ_KG_marco/backend/data/atlases/brainnetome/bna246/transformed_label_to_julich2009c/BN_Atlas_246_1mm_NLin6to2009c_labels.nii.gz,0d90d084952bdbddf417abb457f4eec016cbb95dfd53a4801713806da5646ba3,2e3869a07b96aec406e0419ca2e434afc54882d37cc212b933b139d1b63a4dfe,9c0185c7c0b9a2bf03a9e72d296d4fc8caed0e1318a59723a52ada8f06f1e19f,MNI152NLin6Asym 1mm,MNI152NLin2009cAsym 1mm,True,False,True,True,7665,right
139,Brainnetome,BN 246 (v1.0),D:/Tool/Coding/IDE/PyCharm/NeuroGraphIQ_KG_marco/backend/data/atlases/brainnetome/bna246/transformed_label_to_julich2009c/BN_Atlas_246_1mm_NLin6to2009c_labels.nii.gz,0d90d084952bdbddf417abb457f4eec016cbb95dfd53a4801713806da5646ba3,2e3869a07b96aec406e0419ca2e434afc54882d37cc212b933b139d1b63a4dfe,9c0185c7c0b9a2bf03a9e72d296d4fc8caed0e1318a59723a52ada8f06f1e19f,MNI152NLin6Asym 1mm,MNI152NLin2009cAsym 1mm,True,False,True,True,8402,left
140,Brainnetome,BN 246 (v1.0),D:/Tool/Coding/IDE/PyCharm/NeuroGraphIQ_KG_marco/backend/data/atlases/brainnetome/bna246/transformed_label_to_julich2009c/BN_Atlas_246_1mm_NLin6to2009c_labels.nii.gz,0d90d084952bdbddf417abb457f4eec016cbb95dfd53a4801713806da5646ba3,2e3869a07b96aec406e0419ca2e434afc54882d37cc212b933b139d1b63a4dfe,9c0185c7c0b9a2bf03a9e72d296d4fc8caed0e1318a59723a52ada8f06f1e19f,MNI152NLin6Asym 1mm,MNI152NLin2009cAsym 1mm,True,False,True,True,9665,right
141,Brainnetome,BN 246 (v1.0),D:/Tool/Coding/IDE/PyCharm/NeuroGraphIQ_KG_marco/backend/data/atlases/brainnetome/bna246/transformed_label_to_julich2009c/BN_Atlas_246_1mm_NLin6to2009c_labels.nii.gz,0d90d084952bdbddf417abb457f4eec016cbb95dfd53a4801713806da5646ba3,2e3869a07b96aec406e0419ca2e434afc54882d37cc212b933b139d1b63a4dfe,9c0185c7c0b9a2bf03a9e72d296d4fc8caed0e1318a59723a52ada8f06f1e19f,MNI152NLin6Asym 1mm,MNI152NLin2009cAsym 1mm,True,False,True,True,9503,left
142,Brainnetome,BN 246 (v1.0),D:/Tool/Coding/IDE/PyCharm/NeuroGraphIQ_KG_marco/backend/data/atlases/brainnetome/bna246/transformed_label_to_julich2009c/BN_Atlas_246_1mm_NLin6to2009c_labels.nii.gz,0d90d084952bdbddf417abb457f4eec016cbb95dfd53a4801713806da5646ba3,2e3869a07b96aec406e0419ca2e434afc54882d37cc212b933b139d1b63a4dfe,9c0185c7c0b9a2bf03a9e72d296d4fc8caed0e1318a59723a52ada8f06f1e19f,MNI152NLin6Asym 1mm,MNI152NLin2009cAsym 1mm,True,False,True,True,10166,right
143,Brainnetome,BN 246 (v1.0),D:/Tool/Coding/IDE/PyCharm/NeuroGraphIQ_KG_marco/backend/data/atlases/brainnetome/bna246/transformed_label_to_julich2009c/BN_Atlas_246_1mm_NLin6to2009c_labels.nii.gz,0d90d084952bdbddf417abb457f4eec016cbb95dfd53a4801713806da5646ba3,2e3869a07b96aec406e0419ca2e434afc54882d37cc212b933b139d1b63a4dfe,9c0185c7c0b9a2bf03a9e72d296d4fc8caed0e1318a59723a52ada8f06f1e19f,MNI152NLin6Asym 1mm,MNI152NLin2009cAsym 1mm,True,False,True,True,12884,left
144,Brainnetome,BN 246 (v1.0),D:/Tool/Coding/IDE/PyCharm/NeuroGraphIQ_KG_marco/backend/data/atlases/brainnetome/bna246/transformed_label_to_julich2009c/BN_Atlas_246_1mm_NLin6to2009c_labels.nii.gz,0d90d084952bdbddf417abb457f4eec016cbb95dfd53a4801713806da5646ba3,2e3869a07b96aec406e0419ca2e434afc54882d37cc212b933b139d1b63a4dfe,9c0185c7c0b9a2bf03a9e72d296d4fc8caed0e1318a59723a52ada8f06f1e19f,MNI152NLin6Asym 1mm,MNI152NLin2009cAsym 1mm,True,False,True,True,11421,right
145,Brainnetome,BN 246 (v1.0),D:/Tool/Coding/IDE/PyCharm/NeuroGraphIQ_KG_marco/backend/data/atlases/brainnetome/bna246/transformed_label_to_julich2009c/BN_Atlas_246_1mm_NLin6to2009c_labels.nii.gz,0d90d084952bdbddf417abb457f4eec016cbb95dfd53a4801713806da5646ba3,2e3869a07b96aec406e0419ca2e434afc54882d37cc212b933b139d1b63a4dfe,9c0185c7c0b9a2bf03a9e72d296d4fc8caed0e1318a59723a52ada8f06f1e19f,MNI152NLin6Asym 1mm,MNI152NLin2009cAsym 1mm,True,False,True,True,8918,left
146,Brainnetome,BN 246 (v1.0),D:/Tool/Coding/IDE/PyCharm/NeuroGraphIQ_KG_marco/backend/data/atlases/brainnetome/bna246/transformed_label_to_julich2009c/BN_Atlas_246_1mm_NLin6to2009c_labels.nii.gz,0d90d084952bdbddf417abb457f4eec016cbb95dfd53a4801713806da5646ba3,2e3869a07b96aec406e0419ca2e434afc54882d37cc212b933b139d1b63a4dfe,9c0185c7c0b9a2bf03a9e72d296d4fc8caed0e1318a59723a52ada8f06f1e19f,MNI152NLin6Asym 1mm,MNI152NLin2009cAsym 1mm,True,False,True,True,10549,right
147,Brainnetome,BN 246 (v1.0),D:/Tool/Coding/IDE/PyCharm/NeuroGraphIQ_KG_marco/backend/data/atlases/brainnetome/bna246/transformed_label_to_julich2009c/BN_Atlas_246_1mm_NLin6to2009c_labels.nii.gz,0d90d084952bdbddf417abb457f4eec016cbb95dfd53a4801713806da5646ba3,2e3869a07b96aec406e0419ca2e434afc54882d37cc212b933b139d1b63a4dfe,9c0185c7c0b9a2bf03a9e72d296d4fc8caed0e1318a59723a52ada8f06f1e19f,MNI152NLin6Asym 1mm,MNI152NLin2009cAsym 1mm,True,False,True,True,4401,left
148,Brainnetome,BN 246 (v1.0),D:/Tool/Coding/IDE/PyCharm/NeuroGraphIQ_KG_marco/backend/data/atlases/brainnetome/bna246/transformed_label_to_julich2009c/BN_Atlas_246_1mm_NLin6to2009c_labels.nii.gz,0d90d084952bdbddf417abb457f4eec016cbb95dfd53a4801713806da5646ba3,2e3869a07b96aec406e0419ca2e434afc54882d37cc212b933b139d1b63a4dfe,9c0185c7c0b9a2bf03a9e72d296d4fc8caed0e1318a59723a52ada8f06f1e19f,MNI152NLin6Asym 1mm,MNI152NLin2009cAsym 1mm,True,False,True,True,3681,right
149,Brainnetome,BN 246 (v1.0),D:/Tool/Coding/IDE/PyCharm/NeuroGraphIQ_KG_marco/backend/data/atlases/brainnetome/bna246/transformed_label_to_julich2009c/BN_Atlas_246_1mm_NLin6to2009c_labels.nii.gz,0d90d084952bdbddf417abb457f4eec016cbb95dfd53a4801713806da5646ba3,2e3869a07b96aec406e0419ca2e434afc54882d37cc212b933b139d1b63a4dfe,9c0185c7c0b9a2bf03a9e72d296d4fc8caed0e1318a59723a52ada8f06f1e19f,MNI152NLin6Asym 1mm,MNI152NLin2009cAsym 1mm,True,False,True,True,4770,left
150,Brainnetome,BN 246 (v1.0),D:/Tool/Coding/IDE/PyCharm/NeuroGraphIQ_KG_marco/backend/data/atlases/brainnetome/bna246/transformed_label_to_julich2009c/BN_Atlas_246_1mm_NLin6to2009c_labels.nii.gz,0d90d084952bdbddf417abb457f4eec016cbb95dfd53a4801713806da5646ba3,2e3869a07b96aec406e0419ca2e434afc54882d37cc212b933b139d1b63a4dfe,9c0185c7c0b9a2bf03a9e72d296d4fc8caed0e1318a59723a52ada8f06f1e19f,MNI152NLin6Asym 1mm,MNI152NLin2009cAsym 1mm,True,False,True,True,5467,right
151,Brainnetome,BN 246 (v1.0),D:/Tool/Coding/IDE/PyCharm/NeuroGraphIQ_KG_marco/backend/data/atlases/brainnetome/bna246/transformed_label_to_julich2009c/BN_Atlas_246_1mm_NLin6to2009c_labels.nii.gz,0d90d084952bdbddf417abb457f4eec016cbb95dfd53a4801713806da5646ba3,2e3869a07b96aec406e0419ca2e434afc54882d37cc212b933b139d1b63a4dfe,9c0185c7c0b9a2bf03a9e72d296d4fc8caed0e1318a59723a52ada8f06f1e19f,MNI152NLin6Asym 1mm,MNI152NLin2009cAsym 1mm,True,False,True,True,7419,left
152,Brainnetome,BN 246 (v1.0),D:/Tool/Coding/IDE/PyCharm/NeuroGraphIQ_KG_marco/backend/data/atlases/brainnetome/bna246/transformed_label_to_julich2009c/BN_Atlas_246_1mm_NLin6to2009c_labels.nii.gz,0d90d084952bdbddf417abb457f4eec016cbb95dfd53a4801713806da5646ba3,2e3869a07b96aec406e0419ca2e434afc54882d37cc212b933b139d1b63a4dfe,9c0185c7c0b9a2bf03a9e72d296d4fc8caed0e1318a59723a52ada8f06f1e19f,MNI152NLin6Asym 1mm,MNI152NLin2009cAsym 1mm,True,False,True,True,8869,right
153,Brainnetome,BN 246 (v1.0),D:/Tool/Coding/IDE/PyCharm/NeuroGraphIQ_KG_marco/backend/data/atlases/brainnetome/bna246/transformed_label_to_julich2009c/BN_Atlas_246_1mm_NLin6to2009c_labels.nii.gz,0d90d084952bdbddf417abb457f4eec016cbb95dfd53a4801713806da5646ba3,2e3869a07b96aec406e0419ca2e434afc54882d37cc212b933b139d1b63a4dfe,9c0185c7c0b9a2bf03a9e72d296d4fc8caed0e1318a59723a52ada8f06f1e19f,MNI152NLin6Asym 1mm,MNI152NLin2009cAsym 1mm,True,False,True,True,6905,left
154,Brainnetome,BN 246 (v1.0),D:/Tool/Coding/IDE/PyCharm/NeuroGraphIQ_KG_marco/backend/data/atlases/brainnetome/bna246/transformed_label_to_julich2009c/BN_Atlas_246_1mm_NLin6to2009c_labels.nii.gz,0d90d084952bdbddf417abb457f4eec016cbb95dfd53a4801713806da5646ba3,2e3869a07b96aec406e0419ca2e434afc54882d37cc212b933b139d1b63a4dfe,9c0185c7c0b9a2bf03a9e72d296d4fc8caed0e1318a59723a52ada8f06f1e19f,MNI152NLin6Asym 1mm,MNI152NLin2009cAsym 1mm,True,False,True,True,7477,right
155,Brainnetome,BN 246 (v1.0),D:/Tool/Coding/IDE/PyCharm/NeuroGraphIQ_KG_marco/backend/data/atlases/brainnetome/bna246/transformed_label_to_julich2009c/BN_Atlas_246_1mm_NLin6to2009c_labels.nii.gz,0d90d084952bdbddf417abb457f4eec016cbb95dfd53a4801713806da5646ba3,2e3869a07b96aec406e0419ca2e434afc54882d37cc212b933b139d1b63a4dfe,9c0185c7c0b9a2bf03a9e72d296d4fc8caed0e1318a59723a52ada8f06f1e19f,MNI152NLin6Asym 1mm,MNI152NLin2009cAsym 1mm,True,False,True,True,7897,left
156,Brainnetome,BN 246 (v1.0),D:/Tool/Coding/IDE/PyCharm/NeuroGraphIQ_KG_marco/backend/data/atlases/brainnetome/bna246/transformed_label_to_julich2009c/BN_Atlas_246_1mm_NLin6to2009c_labels.nii.gz,0d90d084952bdbddf417abb457f4eec016cbb95dfd53a4801713806da5646ba3,2e3869a07b96aec406e0419ca2e434afc54882d37cc212b933b139d1b63a4dfe,9c0185c7c0b9a2bf03a9e72d296d4fc8caed0e1318a59723a52ada8f06f1e19f,MNI152NLin6Asym 1mm,MNI152NLin2009cAsym 1mm,True,False,True,True,8220,right
157,Brainnetome,BN 246 (v1.0),D:/Tool/Coding/IDE/PyCharm/NeuroGraphIQ_KG_marco/backend/data/atlases/brainnetome/bna246/transformed_label_to_julich2009c/BN_Atlas_246_1mm_NLin6to2009c_labels.nii.gz,0d90d084952bdbddf417abb457f4eec016cbb95dfd53a4801713806da5646ba3,2e3869a07b96aec406e0419ca2e434afc54882d37cc212b933b139d1b63a4dfe,9c0185c7c0b9a2bf03a9e72d296d4fc8caed0e1318a59723a52ada8f06f1e19f,MNI152NLin6Asym 1mm,MNI152NLin2009cAsym 1mm,True,False,True,True,5568,left
158,Brainnetome,BN 246 (v1.0),D:/Tool/Coding/IDE/PyCharm/NeuroGraphIQ_KG_marco/backend/data/atlases/brainnetome/bna246/transformed_label_to_julich2009c/BN_Atlas_246_1mm_NLin6to2009c_labels.nii.gz,0d90d084952bdbddf417abb457f4eec016cbb95dfd53a4801713806da5646ba3,2e3869a07b96aec406e0419ca2e434afc54882d37cc212b933b139d1b63a4dfe,9c0185c7c0b9a2bf03a9e72d296d4fc8caed0e1318a59723a52ada8f06f1e19f,MNI152NLin6Asym 1mm,MNI152NLin2009cAsym 1mm,True,False,True,True,5584,right
159,Brainnetome,BN 246 (v1.0),D:/Tool/Coding/IDE/PyCharm/NeuroGraphIQ_KG_marco/backend/data/atlases/brainnetome/bna246/transformed_label_to_julich2009c/BN_Atlas_246_1mm_NLin6to2009c_labels.nii.gz,0d90d084952bdbddf417abb457f4eec016cbb95dfd53a4801713806da5646ba3,2e3869a07b96aec406e0419ca2e434afc54882d37cc212b933b139d1b63a4dfe,9c0185c7c0b9a2bf03a9e72d296d4fc8caed0e1318a59723a52ada8f06f1e19f,MNI152NLin6Asym 1mm,MNI152NLin2009cAsym 1mm,True,False,True,True,6715,left
160,Brainnetome,BN 246 (v1.0),D:/Tool/Coding/IDE/PyCharm/NeuroGraphIQ_KG_marco/backend/data/atlases/brainnetome/bna246/transformed_label_to_julich2009c/BN_Atlas_246_1mm_NLin6to2009c_labels.nii.gz,0d90d084952bdbddf417abb457f4eec016cbb95dfd53a4801713806da5646ba3,2e3869a07b96aec406e0419ca2e434afc54882d37cc212b933b139d1b63a4dfe,9c0185c7c0b9a2bf03a9e72d296d4fc8caed0e1318a59723a52ada8f06f1e19f,MNI152NLin6Asym 1mm,MNI152NLin2009cAsym 1mm,True,False,True,True,6908,right
161,Brainnetome,BN 246 (v1.0),D:/Tool/Coding/IDE/PyCharm/NeuroGraphIQ_KG_marco/backend/data/atlases/brainnetome/bna246/transformed_label_to_julich2009c/BN_Atlas_246_1mm_NLin6to2009c_labels.nii.gz,0d90d084952bdbddf417abb457f4eec016cbb95dfd53a4801713806da5646ba3,2e3869a07b96aec406e0419ca2e434afc54882d37cc212b933b139d1b63a4dfe,9c0185c7c0b9a2bf03a9e72d296d4fc8caed0e1318a59723a52ada8f06f1e19f,MNI152NLin6Asym 1mm,MNI152NLin2009cAsym 1mm,True,False,True,True,5064,left
162,Brainnetome,BN 246 (v1.0),D:/Tool/Coding/IDE/PyCharm/NeuroGraphIQ_KG_marco/backend/data/atlases/brainnetome/bna246/transformed_label_to_julich2009c/BN_Atlas_246_1mm_NLin6to2009c_labels.nii.gz,0d90d084952bdbddf417abb457f4eec016cbb95dfd53a4801713806da5646ba3,2e3869a07b96aec406e0419ca2e434afc54882d37cc212b933b139d1b63a4dfe,9c0185c7c0b9a2bf03a9e72d296d4fc8caed0e1318a59723a52ada8f06f1e19f,MNI152NLin6Asym 1mm,MNI152NLin2009cAsym 1mm,True,False,True,True,4641,right
163,Brainnetome,BN 246 (v1.0),D:/Tool/Coding/IDE/PyCharm/NeuroGraphIQ_KG_marco/backend/data/atlases/brainnetome/bna246/transformed_label_to_julich2009c/BN_Atlas_246_1mm_NLin6to2009c_labels.nii.gz,0d90d084952bdbddf417abb457f4eec016cbb95dfd53a4801713806da5646ba3,2e3869a07b96aec406e0419ca2e434afc54882d37cc212b933b139d1b63a4dfe,9c0185c7c0b9a2bf03a9e72d296d4fc8caed0e1318a59723a52ada8f06f1e19f,MNI152NLin6Asym 1mm,MNI152NLin2009cAsym 1mm,True,False,True,True,2753,left
164,Brainnetome,BN 246 (v1.0),D:/Tool/Coding/IDE/PyCharm/NeuroGraphIQ_KG_marco/backend/data/atlases/brainnetome/bna246/transformed_label_to_julich2009c/BN_Atlas_246_1mm_NLin6to2009c_labels.nii.gz,0d90d084952bdbddf417abb457f4eec016cbb95dfd53a4801713806da5646ba3,2e3869a07b96aec406e0419ca2e434afc54882d37cc212b933b139d1b63a4dfe,9c0185c7c0b9a2bf03a9e72d296d4fc8caed0e1318a59723a52ada8f06f1e19f,MNI152NLin6Asym 1mm,MNI152NLin2009cAsym 1mm,True,False,True,True,2265,right
165,Brainnetome,BN 246 (v1.0),D:/Tool/Coding/IDE/PyCharm/NeuroGraphIQ_KG_marco/backend/data/atlases/brainnetome/bna246/transformed_label_to_julich2009c/BN_Atlas_246_1mm_NLin6to2009c_labels.nii.gz,0d90d084952bdbddf417abb457f4eec016cbb95dfd53a4801713806da5646ba3,2e3869a07b96aec406e0419ca2e434afc54882d37cc212b933b139d1b63a4dfe,9c0185c7c0b9a2bf03a9e72d296d4fc8caed0e1318a59723a52ada8f06f1e19f,MNI152NLin6Asym 1mm,MNI152NLin2009cAsym 1mm,True,False,True,True,1859,left
166,Brainnetome,BN 246 (v1.0),D:/Tool/Coding/IDE/PyCharm/NeuroGraphIQ_KG_marco/backend/data/atlases/brainnetome/bna246/transformed_label_to_julich2009c/BN_Atlas_246_1mm_NLin6to2009c_labels.nii.gz,0d90d084952bdbddf417abb457f4eec016cbb95dfd53a4801713806da5646ba3,2e3869a07b96aec406e0419ca2e434afc54882d37cc212b933b139d1b63a4dfe,9c0185c7c0b9a2bf03a9e72d296d4fc8caed0e1318a59723a52ada8f06f1e19f,MNI152NLin6Asym 1mm,MNI152NLin2009cAsym 1mm,True,False,True,True,1781,right
167,Brainnetome,BN 246 (v1.0),D:/Tool/Coding/IDE/PyCharm/NeuroGraphIQ_KG_marco/backend/data/atlases/brainnetome/bna246/transformed_label_to_julich2009c/BN_Atlas_246_1mm_NLin6to2009c_labels.nii.gz,0d90d084952bdbddf417abb457f4eec016cbb95dfd53a4801713806da5646ba3,2e3869a07b96aec406e0419ca2e434afc54882d37cc212b933b139d1b63a4dfe,9c0185c7c0b9a2bf03a9e72d296d4fc8caed0e1318a59723a52ada8f06f1e19f,MNI152NLin6Asym 1mm,MNI152NLin2009cAsym 1mm,True,False,True,True,2208,left
168,Brainnetome,BN 246 (v1.0),D:/Tool/Coding/IDE/PyCharm/NeuroGraphIQ_KG_marco/backend/data/atlases/brainnetome/bna246/transformed_label_to_julich2009c/BN_Atlas_246_1mm_NLin6to2009c_labels.nii.gz,0d90d084952bdbddf417abb457f4eec016cbb95dfd53a4801713806da5646ba3,2e3869a07b96aec406e0419ca2e434afc54882d37cc212b933b139d1b63a4dfe,9c0185c7c0b9a2bf03a9e72d296d4fc8caed0e1318a59723a52ada8f06f1e19f,MNI152NLin6Asym 1mm,MNI152NLin2009cAsym 1mm,True,False,True,True,1862,right
169,Brainnetome,BN 246 (v1.0),D:/Tool/Coding/IDE/PyCharm/NeuroGraphIQ_KG_marco/backend/data/atlases/brainnetome/bna246/transformed_label_to_julich2009c/BN_Atlas_246_1mm_NLin6to2009c_labels.nii.gz,0d90d084952bdbddf417abb457f4eec016cbb95dfd53a4801713806da5646ba3,2e3869a07b96aec406e0419ca2e434afc54882d37cc212b933b139d1b63a4dfe,9c0185c7c0b9a2bf03a9e72d296d4fc8caed0e1318a59723a52ada8f06f1e19f,MNI152NLin6Asym 1mm,MNI152NLin2009cAsym 1mm,True,False,True,True,2234,left
170,Brainnetome,BN 246 (v1.0),D:/Tool/Coding/IDE/PyCharm/NeuroGraphIQ_KG_marco/backend/data/atlases/brainnetome/bna246/transformed_label_to_julich2009c/BN_Atlas_246_1mm_NLin6to2009c_labels.nii.gz,0d90d084952bdbddf417abb457f4eec016cbb95dfd53a4801713806da5646ba3,2e3869a07b96aec406e0419ca2e434afc54882d37cc212b933b139d1b63a4dfe,9c0185c7c0b9a2bf03a9e72d296d4fc8caed0e1318a59723a52ada8f06f1e19f,MNI152NLin6Asym 1mm,MNI152NLin2009cAsym 1mm,True,False,True,True,2391,right
171,Brainnetome,BN 246 (v1.0),D:/Tool/Coding/IDE/PyCharm/NeuroGraphIQ_KG_marco/backend/data/atlases/brainnetome/bna246/transformed_label_to_julich2009c/BN_Atlas_246_1mm_NLin6to2009c_labels.nii.gz,0d90d084952bdbddf417abb457f4eec016cbb95dfd53a4801713806da5646ba3,2e3869a07b96aec406e0419ca2e434afc54882d37cc212b933b139d1b63a4dfe,9c0185c7c0b9a2bf03a9e72d296d4fc8caed0e1318a59723a52ada8f06f1e19f,MNI152NLin6Asym 1mm,MNI152NLin2009cAsym 1mm,True,False,True,True,2429,left
172,Brainnetome,BN 246 (v1.0),D:/Tool/Coding/IDE/PyCharm/NeuroGraphIQ_KG_marco/backend/data/atlases/brainnetome/bna246/transformed_label_to_julich2009c/BN_Atlas_246_1mm_NLin6to2009c_labels.nii.gz,0d90d084952bdbddf417abb457f4eec016cbb95dfd53a4801713806da5646ba3,2e3869a07b96aec406e0419ca2e434afc54882d37cc212b933b139d1b63a4dfe,9c0185c7c0b9a2bf03a9e72d296d4fc8caed0e1318a59723a52ada8f06f1e19f,MNI152NLin6Asym 1mm,MNI152NLin2009cAsym 1mm,True,False,True,True,2261,right
173,Brainnetome,BN 246 (v1.0),D:/Tool/Coding/IDE/PyCharm/NeuroGraphIQ_KG_marco/backend/data/atlases/brainnetome/bna246/transformed_label_to_julich2009c/BN_Atlas_246_1mm_NLin6to2009c_labels.nii.gz,0d90d084952bdbddf417abb457f4eec016cbb95dfd53a4801713806da5646ba3,2e3869a07b96aec406e0419ca2e434afc54882d37cc212b933b139d1b63a4dfe,9c0185c7c0b9a2bf03a9e72d296d4fc8caed0e1318a59723a52ada8f06f1e19f,MNI152NLin6Asym 1mm,MNI152NLin2009cAsym 1mm,True,False,True,True,3289,left
174,Brainnetome,BN 246 (v1.0),D:/Tool/Coding/IDE/PyCharm/NeuroGraphIQ_KG_marco/backend/data/atlases/brainnetome/bna246/transformed_label_to_julich2009c/BN_Atlas_246_1mm_NLin6to2009c_labels.nii.gz,0d90d084952bdbddf417abb457f4eec016cbb95dfd53a4801713806da5646ba3,2e3869a07b96aec406e0419ca2e434afc54882d37cc212b933b139d1b63a4dfe,9c0185c7c0b9a2bf03a9e72d296d4fc8caed0e1318a59723a52ada8f06f1e19f,MNI152NLin6Asym 1mm,MNI152NLin2009cAsym 1mm,True,False,True,True,2575,right
175,Brainnetome,BN 246 (v1.0),D:/Tool/Coding/IDE/PyCharm/NeuroGraphIQ_KG_marco/backend/data/atlases/brainnetome/bna246/transformed_label_to_julich2009c/BN_Atlas_246_1mm_NLin6to2009c_labels.nii.gz,0d90d084952bdbddf417abb457f4eec016cbb95dfd53a4801713806da5646ba3,2e3869a07b96aec406e0419ca2e434afc54882d37cc212b933b139d1b63a4dfe,9c0185c7c0b9a2bf03a9e72d296d4fc8caed0e1318a59723a52ada8f06f1e19f,MNI152NLin6Asym 1mm,MNI152NLin2009cAsym 1mm,True,False,True,True,4179,left
176,Brainnetome,BN 246 (v1.0),D:/Tool/Coding/IDE/PyCharm/NeuroGraphIQ_KG_marco/backend/data/atlases/brainnetome/bna246/transformed_label_to_julich2009c/BN_Atlas_246_1mm_NLin6to2009c_labels.nii.gz,0d90d084952bdbddf417abb457f4eec016cbb95dfd53a4801713806da5646ba3,2e3869a07b96aec406e0419ca2e434afc54882d37cc212b933b139d1b63a4dfe,9c0185c7c0b9a2bf03a9e72d296d4fc8caed0e1318a59723a52ada8f06f1e19f,MNI152NLin6Asym 1mm,MNI152NLin2009cAsym 1mm,True,False,True,True,3592,right
177,Brainnetome,BN 246 (v1.0),D:/Tool/Coding/IDE/PyCharm/NeuroGraphIQ_KG_marco/backend/data/atlases/brainnetome/bna246/transformed_label_to_julich2009c/BN_Atlas_246_1mm_NLin6to2009c_labels.nii.gz,0d90d084952bdbddf417abb457f4eec016cbb95dfd53a4801713806da5646ba3,2e3869a07b96aec406e0419ca2e434afc54882d37cc212b933b139d1b63a4dfe,9c0185c7c0b9a2bf03a9e72d296d4fc8caed0e1318a59723a52ada8f06f1e19f,MNI152NLin6Asym 1mm,MNI152NLin2009cAsym 1mm,True,False,True,True,1563,left
178,Brainnetome,BN 246 (v1.0),D:/Tool/Coding/IDE/PyCharm/NeuroGraphIQ_KG_marco/backend/data/atlases/brainnetome/bna246/transformed_label_to_julich2009c/BN_Atlas_246_1mm_NLin6to2009c_labels.nii.gz,0d90d084952bdbddf417abb457f4eec016cbb95dfd53a4801713806da5646ba3,2e3869a07b96aec406e0419ca2e434afc54882d37cc212b933b139d1b63a4dfe,9c0185c7c0b9a2bf03a9e72d296d4fc8caed0e1318a59723a52ada8f06f1e19f,MNI152NLin6Asym 1mm,MNI152NLin2009cAsym 1mm,True,False,True,True,2686,right
179,Brainnetome,BN 246 (v1.0),D:/Tool/Coding/IDE/PyCharm/NeuroGraphIQ_KG_marco/backend/data/atlases/brainnetome/bna246/transformed_label_to_julich2009c/BN_Atlas_246_1mm_NLin6to2009c_labels.nii.gz,0d90d084952bdbddf417abb457f4eec016cbb95dfd53a4801713806da5646ba3,2e3869a07b96aec406e0419ca2e434afc54882d37cc212b933b139d1b63a4dfe,9c0185c7c0b9a2bf03a9e72d296d4fc8caed0e1318a59723a52ada8f06f1e19f,MNI152NLin6Asym 1mm,MNI152NLin2009cAsym 1mm,True,False,True,True,4103,left
180,Brainnetome,BN 246 (v1.0),D:/Tool/Coding/IDE/PyCharm/NeuroGraphIQ_KG_marco/backend/data/atlases/brainnetome/bna246/transformed_label_to_julich2009c/BN_Atlas_246_1mm_NLin6to2009c_labels.nii.gz,0d90d084952bdbddf417abb457f4eec016cbb95dfd53a4801713806da5646ba3,2e3869a07b96aec406e0419ca2e434afc54882d37cc212b933b139d1b63a4dfe,9c0185c7c0b9a2bf03a9e72d296d4fc8caed0e1318a59723a52ada8f06f1e19f,MNI152NLin6Asym 1mm,MNI152NLin2009cAsym 1mm,True,False,True,True,3107,right
181,Brainnetome,BN 246 (v1.0),D:/Tool/Coding/IDE/PyCharm/NeuroGraphIQ_KG_marco/backend/data/atlases/brainnetome/bna246/transformed_label_to_julich2009c/BN_Atlas_246_1mm_NLin6to2009c_labels.nii.gz,0d90d084952bdbddf417abb457f4eec016cbb95dfd53a4801713806da5646ba3,2e3869a07b96aec406e0419ca2e434afc54882d37cc212b933b139d1b63a4dfe,9c0185c7c0b9a2bf03a9e72d296d4fc8caed0e1318a59723a52ada8f06f1e19f,MNI152NLin6Asym 1mm,MNI152NLin2009cAsym 1mm,True,False,True,True,3064,left
182,Brainnetome,BN 246 (v1.0),D:/Tool/Coding/IDE/PyCharm/NeuroGraphIQ_KG_marco/backend/data/atlases/brainnetome/bna246/transformed_label_to_julich2009c/BN_Atlas_246_1mm_NLin6to2009c_labels.nii.gz,0d90d084952bdbddf417abb457f4eec016cbb95dfd53a4801713806da5646ba3,2e3869a07b96aec406e0419ca2e434afc54882d37cc212b933b139d1b63a4dfe,9c0185c7c0b9a2bf03a9e72d296d4fc8caed0e1318a59723a52ada8f06f1e19f,MNI152NLin6Asym 1mm,MNI152NLin2009cAsym 1mm,True,False,True,True,2837,right
183,Brainnetome,BN 246 (v1.0),D:/Tool/Coding/IDE/PyCharm/NeuroGraphIQ_KG_marco/backend/data/atlases/brainnetome/bna246/transformed_label_to_julich2009c/BN_Atlas_246_1mm_NLin6to2009c_labels.nii.gz,0d90d084952bdbddf417abb457f4eec016cbb95dfd53a4801713806da5646ba3,2e3869a07b96aec406e0419ca2e434afc54882d37cc212b933b139d1b63a4dfe,9c0185c7c0b9a2bf03a9e72d296d4fc8caed0e1318a59723a52ada8f06f1e19f,MNI152NLin6Asym 1mm,MNI152NLin2009cAsym 1mm,True,False,True,True,2928,left
184,Brainnetome,BN 246 (v1.0),D:/Tool/Coding/IDE/PyCharm/NeuroGraphIQ_KG_marco/backend/data/atlases/brainnetome/bna246/transformed_label_to_julich2009c/BN_Atlas_246_1mm_NLin6to2009c_labels.nii.gz,0d90d084952bdbddf417abb457f4eec016cbb95dfd53a4801713806da5646ba3,2e3869a07b96aec406e0419ca2e434afc54882d37cc212b933b139d1b63a4dfe,9c0185c7c0b9a2bf03a9e72d296d4fc8caed0e1318a59723a52ada8f06f1e19f,MNI152NLin6Asym 1mm,MNI152NLin2009cAsym 1mm,True,False,True,True,2233,right
185,Brainnetome,BN 246 (v1.0),D:/Tool/Coding/IDE/PyCharm/NeuroGraphIQ_KG_marco/backend/data/atlases/brainnetome/bna246/transformed_label_to_julich2009c/BN_Atlas_246_1mm_NLin6to2009c_labels.nii.gz,0d90d084952bdbddf417abb457f4eec016cbb95dfd53a4801713806da5646ba3,2e3869a07b96aec406e0419ca2e434afc54882d37cc212b933b139d1b63a4dfe,9c0185c7c0b9a2bf03a9e72d296d4fc8caed0e1318a59723a52ada8f06f1e19f,MNI152NLin6Asym 1mm,MNI152NLin2009cAsym 1mm,True,False,True,True,5219,left
186,Brainnetome,BN 246 (v1.0),D:/Tool/Coding/IDE/PyCharm/NeuroGraphIQ_KG_marco/backend/data/atlases/brainnetome/bna246/transformed_label_to_julich2009c/BN_Atlas_246_1mm_NLin6to2009c_labels.nii.gz,0d90d084952bdbddf417abb457f4eec016cbb95dfd53a4801713806da5646ba3,2e3869a07b96aec406e0419ca2e434afc54882d37cc212b933b139d1b63a4dfe,9c0185c7c0b9a2bf03a9e72d296d4fc8caed0e1318a59723a52ada8f06f1e19f,MNI152NLin6Asym 1mm,MNI152NLin2009cAsym 1mm,True,False,True,True,4582,right
187,Brainnetome,BN 246 (v1.0),D:/Tool/Coding/IDE/PyCharm/NeuroGraphIQ_KG_marco/backend/data/atlases/brainnetome/bna246/transformed_label_to_julich2009c/BN_Atlas_246_1mm_NLin6to2009c_labels.nii.gz,0d90d084952bdbddf417abb457f4eec016cbb95dfd53a4801713806da5646ba3,2e3869a07b96aec406e0419ca2e434afc54882d37cc212b933b139d1b63a4dfe,9c0185c7c0b9a2bf03a9e72d296d4fc8caed0e1318a59723a52ada8f06f1e19f,MNI152NLin6Asym 1mm,MNI152NLin2009cAsym 1mm,True,False,True,True,5172,left
188,Brainnetome,BN 246 (v1.0),D:/Tool/Coding/IDE/PyCharm/NeuroGraphIQ_KG_marco/backend/data/atlases/brainnetome/bna246/transformed_label_to_julich2009c/BN_Atlas_246_1mm_NLin6to2009c_labels.nii.gz,0d90d084952bdbddf417abb457f4eec016cbb95dfd53a4801713806da5646ba3,2e3869a07b96aec406e0419ca2e434afc54882d37cc212b933b139d1b63a4dfe,9c0185c7c0b9a2bf03a9e72d296d4fc8caed0e1318a59723a52ada8f06f1e19f,MNI152NLin6Asym 1mm,MNI152NLin2009cAsym 1mm,True,False,True,True,3401,right
189,Brainnetome,BN 246 (v1.0),D:/Tool/Coding/IDE/PyCharm/NeuroGraphIQ_KG_marco/backend/data/atlases/brainnetome/bna246/transformed_label_to_julich2009c/BN_Atlas_246_1mm_NLin6to2009c_labels.nii.gz,0d90d084952bdbddf417abb457f4eec016cbb95dfd53a4801713806da5646ba3,2e3869a07b96aec406e0419ca2e434afc54882d37cc212b933b139d1b63a4dfe,9c0185c7c0b9a2bf03a9e72d296d4fc8caed0e1318a59723a52ada8f06f1e19f,MNI152NLin6Asym 1mm,MNI152NLin2009cAsym 1mm,True,False,True,True,4335,left
190,Brainnetome,BN 246 (v1.0),D:/Tool/Coding/IDE/PyCharm/NeuroGraphIQ_KG_marco/backend/data/atlases/brainnetome/bna246/transformed_label_to_julich2009c/BN_Atlas_246_1mm_NLin6to2009c_labels.nii.gz,0d90d084952bdbddf417abb457f4eec016cbb95dfd53a4801713806da5646ba3,2e3869a07b96aec406e0419ca2e434afc54882d37cc212b933b139d1b63a4dfe,9c0185c7c0b9a2bf03a9e72d296d4fc8caed0e1318a59723a52ada8f06f1e19f,MNI152NLin6Asym 1mm,MNI152NLin2009cAsym 1mm,True,False,True,True,5165,right
191,Brainnetome,BN 246 (v1.0),D:/Tool/Coding/IDE/PyCharm/NeuroGraphIQ_KG_marco/backend/data/atlases/brainnetome/bna246/transformed_label_to_julich2009c/BN_Atlas_246_1mm_NLin6to2009c_labels.nii.gz,0d90d084952bdbddf417abb457f4eec016cbb95dfd53a4801713806da5646ba3,2e3869a07b96aec406e0419ca2e434afc54882d37cc212b933b139d1b63a4dfe,9c0185c7c0b9a2bf03a9e72d296d4fc8caed0e1318a59723a52ada8f06f1e19f,MNI152NLin6Asym 1mm,MNI152NLin2009cAsym 1mm,True,False,True,True,6810,left
192,Brainnetome,BN 246 (v1.0),D:/Tool/Coding/IDE/PyCharm/NeuroGraphIQ_KG_marco/backend/data/atlases/brainnetome/bna246/transformed_label_to_julich2009c/BN_Atlas_246_1mm_NLin6to2009c_labels.nii.gz,0d90d084952bdbddf417abb457f4eec016cbb95dfd53a4801713806da5646ba3,2e3869a07b96aec406e0419ca2e434afc54882d37cc212b933b139d1b63a4dfe,9c0185c7c0b9a2bf03a9e72d296d4fc8caed0e1318a59723a52ada8f06f1e19f,MNI152NLin6Asym 1mm,MNI152NLin2009cAsym 1mm,True,False,True,True,7064,right
193,Brainnetome,BN 246 (v1.0),D:/Tool/Coding/IDE/PyCharm/NeuroGraphIQ_KG_marco/backend/data/atlases/brainnetome/bna246/transformed_label_to_julich2009c/BN_Atlas_246_1mm_NLin6to2009c_labels.nii.gz,0d90d084952bdbddf417abb457f4eec016cbb95dfd53a4801713806da5646ba3,2e3869a07b96aec406e0419ca2e434afc54882d37cc212b933b139d1b63a4dfe,9c0185c7c0b9a2bf03a9e72d296d4fc8caed0e1318a59723a52ada8f06f1e19f,MNI152NLin6Asym 1mm,MNI152NLin2009cAsym 1mm,True,False,True,True,5149,left
194,Brainnetome,BN 246 (v1.0),D:/Tool/Coding/IDE/PyCharm/NeuroGraphIQ_KG_marco/backend/data/atlases/brainnetome/bna246/transformed_label_to_julich2009c/BN_Atlas_246_1mm_NLin6to2009c_labels.nii.gz,0d90d084952bdbddf417abb457f4eec016cbb95dfd53a4801713806da5646ba3,2e3869a07b96aec406e0419ca2e434afc54882d37cc212b933b139d1b63a4dfe,9c0185c7c0b9a2bf03a9e72d296d4fc8caed0e1318a59723a52ada8f06f1e19f,MNI152NLin6Asym 1mm,MNI152NLin2009cAsym 1mm,True,False,True,True,5100,right
195,Brainnetome,BN 246 (v1.0),D:/Tool/Coding/IDE/PyCharm/NeuroGraphIQ_KG_marco/backend/data/atlases/brainnetome/bna246/transformed_label_to_julich2009c/BN_Atlas_246_1mm_NLin6to2009c_labels.nii.gz,0d90d084952bdbddf417abb457f4eec016cbb95dfd53a4801713806da5646ba3,2e3869a07b96aec406e0419ca2e434afc54882d37cc212b933b139d1b63a4dfe,9c0185c7c0b9a2bf03a9e72d296d4fc8caed0e1318a59723a52ada8f06f1e19f,MNI152NLin6Asym 1mm,MNI152NLin2009cAsym 1mm,True,False,True,True,7124,left
196,Brainnetome,BN 246 (v1.0),D:/Tool/Coding/IDE/PyCharm/NeuroGraphIQ_KG_marco/backend/data/atlases/brainnetome/bna246/transformed_label_to_julich2009c/BN_Atlas_246_1mm_NLin6to2009c_labels.nii.gz,0d90d084952bdbddf417abb457f4eec016cbb95dfd53a4801713806da5646ba3,2e3869a07b96aec406e0419ca2e434afc54882d37cc212b933b139d1b63a4dfe,9c0185c7c0b9a2bf03a9e72d296d4fc8caed0e1318a59723a52ada8f06f1e19f,MNI152NLin6Asym 1mm,MNI152NLin2009cAsym 1mm,True,False,True,True,7428,right
197,Brainnetome,BN 246 (v1.0),D:/Tool/Coding/IDE/PyCharm/NeuroGraphIQ_KG_marco/backend/data/atlases/brainnetome/bna246/transformed_label_to_julich2009c/BN_Atlas_246_1mm_NLin6to2009c_labels.nii.gz,0d90d084952bdbddf417abb457f4eec016cbb95dfd53a4801713806da5646ba3,2e3869a07b96aec406e0419ca2e434afc54882d37cc212b933b139d1b63a4dfe,9c0185c7c0b9a2bf03a9e72d296d4fc8caed0e1318a59723a52ada8f06f1e19f,MNI152NLin6Asym 1mm,MNI152NLin2009cAsym 1mm,True,False,True,True,8364,left
198,Brainnetome,BN 246 (v1.0),D:/Tool/Coding/IDE/PyCharm/NeuroGraphIQ_KG_marco/backend/data/atlases/brainnetome/bna246/transformed_label_to_julich2009c/BN_Atlas_246_1mm_NLin6to2009c_labels.nii.gz,0d90d084952bdbddf417abb457f4eec016cbb95dfd53a4801713806da5646ba3,2e3869a07b96aec406e0419ca2e434afc54882d37cc212b933b139d1b63a4dfe,9c0185c7c0b9a2bf03a9e72d296d4fc8caed0e1318a59723a52ada8f06f1e19f,MNI152NLin6Asym 1mm,MNI152NLin2009cAsym 1mm,True,False,True,True,8510,right
199,Brainnetome,BN 246 (v1.0),D:/Tool/Coding/IDE/PyCharm/NeuroGraphIQ_KG_marco/backend/data/atlases/brainnetome/bna246/transformed_label_to_julich2009c/BN_Atlas_246_1mm_NLin6to2009c_labels.nii.gz,0d90d084952bdbddf417abb457f4eec016cbb95dfd53a4801713806da5646ba3,2e3869a07b96aec406e0419ca2e434afc54882d37cc212b933b139d1b63a4dfe,9c0185c7c0b9a2bf03a9e72d296d4fc8caed0e1318a59723a52ada8f06f1e19f,MNI152NLin6Asym 1mm,MNI152NLin2009cAsym 1mm,True,False,True,True,6351,left
200,Brainnetome,BN 246 (v1.0),D:/Tool/Coding/IDE/PyCharm/NeuroGraphIQ_KG_marco/backend/data/atlases/brainnetome/bna246/transformed_label_to_julich2009c/BN_Atlas_246_1mm_NLin6to2009c_labels.nii.gz,0d90d084952bdbddf417abb457f4eec016cbb95dfd53a4801713806da5646ba3,2e3869a07b96aec406e0419ca2e434afc54882d37cc212b933b139d1b63a4dfe,9c0185c7c0b9a2bf03a9e72d296d4fc8caed0e1318a59723a52ada8f06f1e19f,MNI152NLin6Asym 1mm,MNI152NLin2009cAsym 1mm,True,False,True,True,6955,right
201,Brainnetome,BN 246 (v1.0),D:/Tool/Coding/IDE/PyCharm/NeuroGraphIQ_KG_marco/backend/data/atlases/brainnetome/bna246/transformed_label_to_julich2009c/BN_Atlas_246_1mm_NLin6to2009c_labels.nii.gz,0d90d084952bdbddf417abb457f4eec016cbb95dfd53a4801713806da5646ba3,2e3869a07b96aec406e0419ca2e434afc54882d37cc212b933b139d1b63a4dfe,9c0185c7c0b9a2bf03a9e72d296d4fc8caed0e1318a59723a52ada8f06f1e19f,MNI152NLin6Asym 1mm,MNI152NLin2009cAsym 1mm,True,False,True,True,5982,left
202,Brainnetome,BN 246 (v1.0),D:/Tool/Coding/IDE/PyCharm/NeuroGraphIQ_KG_marco/backend/data/atlases/brainnetome/bna246/transformed_label_to_julich2009c/BN_Atlas_246_1mm_NLin6to2009c_labels.nii.gz,0d90d084952bdbddf417abb457f4eec016cbb95dfd53a4801713806da5646ba3,2e3869a07b96aec406e0419ca2e434afc54882d37cc212b933b139d1b63a4dfe,9c0185c7c0b9a2bf03a9e72d296d4fc8caed0e1318a59723a52ada8f06f1e19f,MNI152NLin6Asym 1mm,MNI152NLin2009cAsym 1mm,True,False,True,True,7172,right
203,Brainnetome,BN 246 (v1.0),D:/Tool/Coding/IDE/PyCharm/NeuroGraphIQ_KG_marco/backend/data/atlases/brainnetome/bna246/transformed_label_to_julich2009c/BN_Atlas_246_1mm_NLin6to2009c_labels.nii.gz,0d90d084952bdbddf417abb457f4eec016cbb95dfd53a4801713806da5646ba3,2e3869a07b96aec406e0419ca2e434afc54882d37cc212b933b139d1b63a4dfe,9c0185c7c0b9a2bf03a9e72d296d4fc8caed0e1318a59723a52ada8f06f1e19f,MNI152NLin6Asym 1mm,MNI152NLin2009cAsym 1mm,True,False,True,True,7993,left
204,Brainnetome,BN 246 (v1.0),D:/Tool/Coding/IDE/PyCharm/NeuroGraphIQ_KG_marco/backend/data/atlases/brainnetome/bna246/transformed_label_to_julich2009c/BN_Atlas_246_1mm_NLin6to2009c_labels.nii.gz,0d90d084952bdbddf417abb457f4eec016cbb95dfd53a4801713806da5646ba3,2e3869a07b96aec406e0419ca2e434afc54882d37cc212b933b139d1b63a4dfe,9c0185c7c0b9a2bf03a9e72d296d4fc8caed0e1318a59723a52ada8f06f1e19f,MNI152NLin6Asym 1mm,MNI152NLin2009cAsym 1mm,True,False,True,True,8173,right
205,Brainnetome,BN 246 (v1.0),D:/Tool/Coding/IDE/PyCharm/NeuroGraphIQ_KG_marco/backend/data/atlases/brainnetome/bna246/transformed_label_to_julich2009c/BN_Atlas_246_1mm_NLin6to2009c_labels.nii.gz,0d90d084952bdbddf417abb457f4eec016cbb95dfd53a4801713806da5646ba3,2e3869a07b96aec406e0419ca2e434afc54882d37cc212b933b139d1b63a4dfe,9c0185c7c0b9a2bf03a9e72d296d4fc8caed0e1318a59723a52ada8f06f1e19f,MNI152NLin6Asym 1mm,MNI152NLin2009cAsym 1mm,True,False,True,True,8708,left
206,Brainnetome,BN 246 (v1.0),D:/Tool/Coding/IDE/PyCharm/NeuroGraphIQ_KG_marco/backend/data/atlases/brainnetome/bna246/transformed_label_to_julich2009c/BN_Atlas_246_1mm_NLin6to2009c_labels.nii.gz,0d90d084952bdbddf417abb457f4eec016cbb95dfd53a4801713806da5646ba3,2e3869a07b96aec406e0419ca2e434afc54882d37cc212b933b139d1b63a4dfe,9c0185c7c0b9a2bf03a9e72d296d4fc8caed0e1318a59723a52ada8f06f1e19f,MNI152NLin6Asym 1mm,MNI152NLin2009cAsym 1mm,True,False,True,True,7760,right
207,Brainnetome,BN 246 (v1.0),D:/Tool/Coding/IDE/PyCharm/NeuroGraphIQ_KG_marco/backend/data/atlases/brainnetome/bna246/transformed_label_to_julich2009c/BN_Atlas_246_1mm_NLin6to2009c_labels.nii.gz,0d90d084952bdbddf417abb457f4eec016cbb95dfd53a4801713806da5646ba3,2e3869a07b96aec406e0419ca2e434afc54882d37cc212b933b139d1b63a4dfe,9c0185c7c0b9a2bf03a9e72d296d4fc8caed0e1318a59723a52ada8f06f1e19f,MNI152NLin6Asym 1mm,MNI152NLin2009cAsym 1mm,True,False,True,True,5054,left
208,Brainnetome,BN 246 (v1.0),D:/Tool/Coding/IDE/PyCharm/NeuroGraphIQ_KG_marco/backend/data/atlases/brainnetome/bna246/transformed_label_to_julich2009c/BN_Atlas_246_1mm_NLin6to2009c_labels.nii.gz,0d90d084952bdbddf417abb457f4eec016cbb95dfd53a4801713806da5646ba3,2e3869a07b96aec406e0419ca2e434afc54882d37cc212b933b139d1b63a4dfe,9c0185c7c0b9a2bf03a9e72d296d4fc8caed0e1318a59723a52ada8f06f1e19f,MNI152NLin6Asym 1mm,MNI152NLin2009cAsym 1mm,True,False,True,True,5103,right
209,Brainnetome,BN 246 (v1.0),D:/Tool/Coding/IDE/PyCharm/NeuroGraphIQ_KG_marco/backend/data/atlases/brainnetome/bna246/transformed_label_to_julich2009c/BN_Atlas_246_1mm_NLin6to2009c_labels.nii.gz,0d90d084952bdbddf417abb457f4eec016cbb95dfd53a4801713806da5646ba3,2e3869a07b96aec406e0419ca2e434afc54882d37cc212b933b139d1b63a4dfe,9c0185c7c0b9a2bf03a9e72d296d4fc8caed0e1318a59723a52ada8f06f1e19f,MNI152NLin6Asym 1mm,MNI152NLin2009cAsym 1mm,True,False,True,True,4937,left
210,Brainnetome,BN 246 (v1.0),D:/Tool/Coding/IDE/PyCharm/NeuroGraphIQ_KG_marco/backend/data/atlases/brainnetome/bna246/transformed_label_to_julich2009c/BN_Atlas_246_1mm_NLin6to2009c_labels.nii.gz,0d90d084952bdbddf417abb457f4eec016cbb95dfd53a4801713806da5646ba3,2e3869a07b96aec406e0419ca2e434afc54882d37cc212b933b139d1b63a4dfe,9c0185c7c0b9a2bf03a9e72d296d4fc8caed0e1318a59723a52ada8f06f1e19f,MNI152NLin6Asym 1mm,MNI152NLin2009cAsym 1mm,True,False,True,True,5488,right
211,Brainnetome,BN 246 (v1.0),D:/Tool/Coding/IDE/PyCharm/NeuroGraphIQ_KG_marco/backend/data/atlases/brainnetome/bna246/transformed_label_to_julich2009c/BN_Atlas_246_1mm_NLin6to2009c_labels.nii.gz,0d90d084952bdbddf417abb457f4eec016cbb95dfd53a4801713806da5646ba3,2e3869a07b96aec406e0419ca2e434afc54882d37cc212b933b139d1b63a4dfe,9c0185c7c0b9a2bf03a9e72d296d4fc8caed0e1318a59723a52ada8f06f1e19f,MNI152NLin6Asym 1mm,MNI152NLin2009cAsym 1mm,True,False,True,True,1216,left
212,Brainnetome,BN 246 (v1.0),D:/Tool/Coding/IDE/PyCharm/NeuroGraphIQ_KG_marco/backend/data/atlases/brainnetome/bna246/transformed_label_to_julich2009c/BN_Atlas_246_1mm_NLin6to2009c_labels.nii.gz,0d90d084952bdbddf417abb457f4eec016cbb95dfd53a4801713806da5646ba3,2e3869a07b96aec406e0419ca2e434afc54882d37cc212b933b139d1b63a4dfe,9c0185c7c0b9a2bf03a9e72d296d4fc8caed0e1318a59723a52ada8f06f1e19f,MNI152NLin6Asym 1mm,MNI152NLin2009cAsym 1mm,True,False,True,True,1760,right
213,Brainnetome,BN 246 (v1.0),D:/Tool/Coding/IDE/PyCharm/NeuroGraphIQ_KG_marco/backend/data/atlases/brainnetome/bna246/transformed_label_to_julich2009c/BN_Atlas_246_1mm_NLin6to2009c_labels.nii.gz,0d90d084952bdbddf417abb457f4eec016cbb95dfd53a4801713806da5646ba3,2e3869a07b96aec406e0419ca2e434afc54882d37cc212b933b139d1b63a4dfe,9c0185c7c0b9a2bf03a9e72d296d4fc8caed0e1318a59723a52ada8f06f1e19f,MNI152NLin6Asym 1mm,MNI152NLin2009cAsym 1mm,True,False,True,True,697,left
214,Brainnetome,BN 246 (v1.0),D:/Tool/Coding/IDE/PyCharm/NeuroGraphIQ_KG_marco/backend/data/atlases/brainnetome/bna246/transformed_label_to_julich2009c/BN_Atlas_246_1mm_NLin6to2009c_labels.nii.gz,0d90d084952bdbddf417abb457f4eec016cbb95dfd53a4801713806da5646ba3,2e3869a07b96aec406e0419ca2e434afc54882d37cc212b933b139d1b63a4dfe,9c0185c7c0b9a2bf03a9e72d296d4fc8caed0e1318a59723a52ada8f06f1e19f,MNI152NLin6Asym 1mm,MNI152NLin2009cAsym 1mm,True,False,True,True,1089,right
215,Brainnetome,BN 246 (v1.0),D:/Tool/Coding/IDE/PyCharm/NeuroGraphIQ_KG_marco/backend/data/atlases/brainnetome/bna246/transformed_label_to_julich2009c/BN_Atlas_246_1mm_NLin6to2009c_labels.nii.gz,0d90d084952bdbddf417abb457f4eec016cbb95dfd53a4801713806da5646ba3,2e3869a07b96aec406e0419ca2e434afc54882d37cc212b933b139d1b63a4dfe,9c0185c7c0b9a2bf03a9e72d296d4fc8caed0e1318a59723a52ada8f06f1e19f,MNI152NLin6Asym 1mm,MNI152NLin2009cAsym 1mm,True,False,True,True,4939,left
216,Brainnetome,BN 246 (v1.0),D:/Tool/Coding/IDE/PyCharm/NeuroGraphIQ_KG_marco/backend/data/atlases/brainnetome/bna246/transformed_label_to_julich2009c/BN_Atlas_246_1mm_NLin6to2009c_labels.nii.gz,0d90d084952bdbddf417abb457f4eec016cbb95dfd53a4801713806da5646ba3,2e3869a07b96aec406e0419ca2e434afc54882d37cc212b933b139d1b63a4dfe,9c0185c7c0b9a2bf03a9e72d296d4fc8caed0e1318a59723a52ada8f06f1e19f,MNI152NLin6Asym 1mm,MNI152NLin2009cAsym 1mm,True,False,True,True,4049,right
217,Brainnetome,BN 246 (v1.0),D:/Tool/Coding/IDE/PyCharm/NeuroGraphIQ_KG_marco/backend/data/atlases/brainnetome/bna246/transformed_label_to_julich2009c/BN_Atlas_246_1mm_NLin6to2009c_labels.nii.gz,0d90d084952bdbddf417abb457f4eec016cbb95dfd53a4801713806da5646ba3,2e3869a07b96aec406e0419ca2e434afc54882d37cc212b933b139d1b63a4dfe,9c0185c7c0b9a2bf03a9e72d296d4fc8caed0e1318a59723a52ada8f06f1e19f,MNI152NLin6Asym 1mm,MNI152NLin2009cAsym 1mm,True,False,True,True,4867,left
218,Brainnetome,BN 246 (v1.0),D:/Tool/Coding/IDE/PyCharm/NeuroGraphIQ_KG_marco/backend/data/atlases/brainnetome/bna246/transformed_label_to_julich2009c/BN_Atlas_246_1mm_NLin6to2009c_labels.nii.gz,0d90d084952bdbddf417abb457f4eec016cbb95dfd53a4801713806da5646ba3,2e3869a07b96aec406e0419ca2e434afc54882d37cc212b933b139d1b63a4dfe,9c0185c7c0b9a2bf03a9e72d296d4fc8caed0e1318a59723a52ada8f06f1e19f,MNI152NLin6Asym 1mm,MNI152NLin2009cAsym 1mm,True,False,True,True,5326,right
219,Brainnetome,BN 246 (v1.0),D:/Tool/Coding/IDE/PyCharm/NeuroGraphIQ_KG_marco/backend/data/atlases/brainnetome/bna246/transformed_label_to_julich2009c/BN_Atlas_246_1mm_NLin6to2009c_labels.nii.gz,0d90d084952bdbddf417abb457f4eec016cbb95dfd53a4801713806da5646ba3,2e3869a07b96aec406e0419ca2e434afc54882d37cc212b933b139d1b63a4dfe,9c0185c7c0b9a2bf03a9e72d296d4fc8caed0e1318a59723a52ada8f06f1e19f,MNI152NLin6Asym 1mm,MNI152NLin2009cAsym 1mm,True,False,True,True,4178,left
220,Brainnetome,BN 246 (v1.0),D:/Tool/Coding/IDE/PyCharm/NeuroGraphIQ_KG_marco/backend/data/atlases/brainnetome/bna246/transformed_label_to_julich2009c/BN_Atlas_246_1mm_NLin6to2009c_labels.nii.gz,0d90d084952bdbddf417abb457f4eec016cbb95dfd53a4801713806da5646ba3,2e3869a07b96aec406e0419ca2e434afc54882d37cc212b933b139d1b63a4dfe,9c0185c7c0b9a2bf03a9e72d296d4fc8caed0e1318a59723a52ada8f06f1e19f,MNI152NLin6Asym 1mm,MNI152NLin2009cAsym 1mm,True,False,True,True,3035,right
221,Brainnetome,BN 246 (v1.0),D:/Tool/Coding/IDE/PyCharm/NeuroGraphIQ_KG_marco/backend/data/atlases/brainnetome/bna246/transformed_label_to_julich2009c/BN_Atlas_246_1mm_NLin6to2009c_labels.nii.gz,0d90d084952bdbddf417abb457f4eec016cbb95dfd53a4801713806da5646ba3,2e3869a07b96aec406e0419ca2e434afc54882d37cc212b933b139d1b63a4dfe,9c0185c7c0b9a2bf03a9e72d296d4fc8caed0e1318a59723a52ada8f06f1e19f,MNI152NLin6Asym 1mm,MNI152NLin2009cAsym 1mm,True,False,True,True,2652,left
222,Brainnetome,BN 246 (v1.0),D:/Tool/Coding/IDE/PyCharm/NeuroGraphIQ_KG_marco/backend/data/atlases/brainnetome/bna246/transformed_label_to_julich2009c/BN_Atlas_246_1mm_NLin6to2009c_labels.nii.gz,0d90d084952bdbddf417abb457f4eec016cbb95dfd53a4801713806da5646ba3,2e3869a07b96aec406e0419ca2e434afc54882d37cc212b933b139d1b63a4dfe,9c0185c7c0b9a2bf03a9e72d296d4fc8caed0e1318a59723a52ada8f06f1e19f,MNI152NLin6Asym 1mm,MNI152NLin2009cAsym 1mm,True,False,True,True,2878,right
223,Brainnetome,BN 246 (v1.0),D:/Tool/Coding/IDE/PyCharm/NeuroGraphIQ_KG_marco/backend/data/atlases/brainnetome/bna246/transformed_label_to_julich2009c/BN_Atlas_246_1mm_NLin6to2009c_labels.nii.gz,0d90d084952bdbddf417abb457f4eec016cbb95dfd53a4801713806da5646ba3,2e3869a07b96aec406e0419ca2e434afc54882d37cc212b933b139d1b63a4dfe,9c0185c7c0b9a2bf03a9e72d296d4fc8caed0e1318a59723a52ada8f06f1e19f,MNI152NLin6Asym 1mm,MNI152NLin2009cAsym 1mm,True,False,True,True,2638,left
224,Brainnetome,BN 246 (v1.0),D:/Tool/Coding/IDE/PyCharm/NeuroGraphIQ_KG_marco/backend/data/atlases/brainnetome/bna246/transformed_label_to_julich2009c/BN_Atlas_246_1mm_NLin6to2009c_labels.nii.gz,0d90d084952bdbddf417abb457f4eec016cbb95dfd53a4801713806da5646ba3,2e3869a07b96aec406e0419ca2e434afc54882d37cc212b933b139d1b63a4dfe,9c0185c7c0b9a2bf03a9e72d296d4fc8caed0e1318a59723a52ada8f06f1e19f,MNI152NLin6Asym 1mm,MNI152NLin2009cAsym 1mm,True,False,True,True,3486,right
225,Brainnetome,BN 246 (v1.0),D:/Tool/Coding/IDE/PyCharm/NeuroGraphIQ_KG_marco/backend/data/atlases/brainnetome/bna246/transformed_label_to_julich2009c/BN_Atlas_246_1mm_NLin6to2009c_labels.nii.gz,0d90d084952bdbddf417abb457f4eec016cbb95dfd53a4801713806da5646ba3,2e3869a07b96aec406e0419ca2e434afc54882d37cc212b933b139d1b63a4dfe,9c0185c7c0b9a2bf03a9e72d296d4fc8caed0e1318a59723a52ada8f06f1e19f,MNI152NLin6Asym 1mm,MNI152NLin2009cAsym 1mm,True,False,True,True,3032,left
226,Brainnetome,BN 246 (v1.0),D:/Tool/Coding/IDE/PyCharm/NeuroGraphIQ_KG_marco/backend/data/atlases/brainnetome/bna246/transformed_label_to_julich2009c/BN_Atlas_246_1mm_NLin6to2009c_labels.nii.gz,0d90d084952bdbddf417abb457f4eec016cbb95dfd53a4801713806da5646ba3,2e3869a07b96aec406e0419ca2e434afc54882d37cc212b933b139d1b63a4dfe,9c0185c7c0b9a2bf03a9e72d296d4fc8caed0e1318a59723a52ada8f06f1e19f,MNI152NLin6Asym 1mm,MNI152NLin2009cAsym 1mm,True,False,True,True,2209,right
227,Brainnetome,BN 246 (v1.0),D:/Tool/Coding/IDE/PyCharm/NeuroGraphIQ_KG_marco/backend/data/atlases/brainnetome/bna246/transformed_label_to_julich2009c/BN_Atlas_246_1mm_NLin6to2009c_labels.nii.gz,0d90d084952bdbddf417abb457f4eec016cbb95dfd53a4801713806da5646ba3,2e3869a07b96aec406e0419ca2e434afc54882d37cc212b933b139d1b63a4dfe,9c0185c7c0b9a2bf03a9e72d296d4fc8caed0e1318a59723a52ada8f06f1e19f,MNI152NLin6Asym 1mm,MNI152NLin2009cAsym 1mm,True,False,True,True,4566,left
228,Brainnetome,BN 246 (v1.0),D:/Tool/Coding/IDE/PyCharm/NeuroGraphIQ_KG_marco/backend/data/atlases/brainnetome/bna246/transformed_label_to_julich2009c/BN_Atlas_246_1mm_NLin6to2009c_labels.nii.gz,0d90d084952bdbddf417abb457f4eec016cbb95dfd53a4801713806da5646ba3,2e3869a07b96aec406e0419ca2e434afc54882d37cc212b933b139d1b63a4dfe,9c0185c7c0b9a2bf03a9e72d296d4fc8caed0e1318a59723a52ada8f06f1e19f,MNI152NLin6Asym 1mm,MNI152NLin2009cAsym 1mm,True,False,True,True,6179,right
229,Brainnetome,BN 246 (v1.0),D:/Tool/Coding/IDE/PyCharm/NeuroGraphIQ_KG_marco/backend/data/atlases/brainnetome/bna246/transformed_label_to_julich2009c/BN_Atlas_246_1mm_NLin6to2009c_labels.nii.gz,0d90d084952bdbddf417abb457f4eec016cbb95dfd53a4801713806da5646ba3,2e3869a07b96aec406e0419ca2e434afc54882d37cc212b933b139d1b63a4dfe,9c0185c7c0b9a2bf03a9e72d296d4fc8caed0e1318a59723a52ada8f06f1e19f,MNI152NLin6Asym 1mm,MNI152NLin2009cAsym 1mm,True,False,True,True,3573,left
230,Brainnetome,BN 246 (v1.0),D:/Tool/Coding/IDE/PyCharm/NeuroGraphIQ_KG_marco/backend/data/atlases/brainnetome/bna246/transformed_label_to_julich2009c/BN_Atlas_246_1mm_NLin6to2009c_labels.nii.gz,0d90d084952bdbddf417abb457f4eec016cbb95dfd53a4801713806da5646ba3,2e3869a07b96aec406e0419ca2e434afc54882d37cc212b933b139d1b63a4dfe,9c0185c7c0b9a2bf03a9e72d296d4fc8caed0e1318a59723a52ada8f06f1e19f,MNI152NLin6Asym 1mm,MNI152NLin2009cAsym 1mm,True,False,True,True,4026,right
231,Brainnetome,BN 246 (v1.0),D:/Tool/Coding/IDE/PyCharm/NeuroGraphIQ_KG_marco/backend/data/atlases/brainnetome/bna246/transformed_label_to_julich2009c/BN_Atlas_246_1mm_NLin6to2009c_labels.nii.gz,0d90d084952bdbddf417abb457f4eec016cbb95dfd53a4801713806da5646ba3,2e3869a07b96aec406e0419ca2e434afc54882d37cc212b933b139d1b63a4dfe,9c0185c7c0b9a2bf03a9e72d296d4fc8caed0e1318a59723a52ada8f06f1e19f,MNI152NLin6Asym 1mm,MNI152NLin2009cAsym 1mm,True,False,True,True,1766,left
232,Brainnetome,BN 246 (v1.0),D:/Tool/Coding/IDE/PyCharm/NeuroGraphIQ_KG_marco/backend/data/atlases/brainnetome/bna246/transformed_label_to_julich2009c/BN_Atlas_246_1mm_NLin6to2009c_labels.nii.gz,0d90d084952bdbddf417abb457f4eec016cbb95dfd53a4801713806da5646ba3,2e3869a07b96aec406e0419ca2e434afc54882d37cc212b933b139d1b63a4dfe,9c0185c7c0b9a2bf03a9e72d296d4fc8caed0e1318a59723a52ada8f06f1e19f,MNI152NLin6Asym 1mm,MNI152NLin2009cAsym 1mm,True,False,True,True,1613,right
233,Brainnetome,BN 246 (v1.0),D:/Tool/Coding/IDE/PyCharm/NeuroGraphIQ_KG_marco/backend/data/atlases/brainnetome/bna246/transformed_label_to_julich2009c/BN_Atlas_246_1mm_NLin6to2009c_labels.nii.gz,0d90d084952bdbddf417abb457f4eec016cbb95dfd53a4801713806da5646ba3,2e3869a07b96aec406e0419ca2e434afc54882d37cc212b933b139d1b63a4dfe,9c0185c7c0b9a2bf03a9e72d296d4fc8caed0e1318a59723a52ada8f06f1e19f,MNI152NLin6Asym 1mm,MNI152NLin2009cAsym 1mm,True,False,True,True,1101,left
234,Brainnetome,BN 246 (v1.0),D:/Tool/Coding/IDE/PyCharm/NeuroGraphIQ_KG_marco/backend/data/atlases/brainnetome/bna246/transformed_label_to_julich2009c/BN_Atlas_246_1mm_NLin6to2009c_labels.nii.gz,0d90d084952bdbddf417abb457f4eec016cbb95dfd53a4801713806da5646ba3,2e3869a07b96aec406e0419ca2e434afc54882d37cc212b933b139d1b63a4dfe,9c0185c7c0b9a2bf03a9e72d296d4fc8caed0e1318a59723a52ada8f06f1e19f,MNI152NLin6Asym 1mm,MNI152NLin2009cAsym 1mm,True,False,True,True,1686,right
235,Brainnetome,BN 246 (v1.0),D:/Tool/Coding/IDE/PyCharm/NeuroGraphIQ_KG_marco/backend/data/atlases/brainnetome/bna246/transformed_label_to_julich2009c/BN_Atlas_246_1mm_NLin6to2009c_labels.nii.gz,0d90d084952bdbddf417abb457f4eec016cbb95dfd53a4801713806da5646ba3,2e3869a07b96aec406e0419ca2e434afc54882d37cc212b933b139d1b63a4dfe,9c0185c7c0b9a2bf03a9e72d296d4fc8caed0e1318a59723a52ada8f06f1e19f,MNI152NLin6Asym 1mm,MNI152NLin2009cAsym 1mm,True,False,True,True,1081,left
236,Brainnetome,BN 246 (v1.0),D:/Tool/Coding/IDE/PyCharm/NeuroGraphIQ_KG_marco/backend/data/atlases/brainnetome/bna246/transformed_label_to_julich2009c/BN_Atlas_246_1mm_NLin6to2009c_labels.nii.gz,0d90d084952bdbddf417abb457f4eec016cbb95dfd53a4801713806da5646ba3,2e3869a07b96aec406e0419ca2e434afc54882d37cc212b933b139d1b63a4dfe,9c0185c7c0b9a2bf03a9e72d296d4fc8caed0e1318a59723a52ada8f06f1e19f,MNI152NLin6Asym 1mm,MNI152NLin2009cAsym 1mm,True,False,True,True,1280,right
237,Brainnetome,BN 246 (v1.0),D:/Tool/Coding/IDE/PyCharm/NeuroGraphIQ_KG_marco/backend/data/atlases/brainnetome/bna246/transformed_label_to_julich2009c/BN_Atlas_246_1mm_NLin6to2009c_labels.nii.gz,0d90d084952bdbddf417abb457f4eec016cbb95dfd53a4801713806da5646ba3,2e3869a07b96aec406e0419ca2e434afc54882d37cc212b933b139d1b63a4dfe,9c0185c7c0b9a2bf03a9e72d296d4fc8caed0e1318a59723a52ada8f06f1e19f,MNI152NLin6Asym 1mm,MNI152NLin2009cAsym 1mm,True,False,True,True,1872,left
238,Brainnetome,BN 246 (v1.0),D:/Tool/Coding/IDE/PyCharm/NeuroGraphIQ_KG_marco/backend/data/atlases/brainnetome/bna246/transformed_label_to_julich2009c/BN_Atlas_246_1mm_NLin6to2009c_labels.nii.gz,0d90d084952bdbddf417abb457f4eec016cbb95dfd53a4801713806da5646ba3,2e3869a07b96aec406e0419ca2e434afc54882d37cc212b933b139d1b63a4dfe,9c0185c7c0b9a2bf03a9e72d296d4fc8caed0e1318a59723a52ada8f06f1e19f,MNI152NLin6Asym 1mm,MNI152NLin2009cAsym 1mm,True,False,True,True,1736,right
239,Brainnetome,BN 246 (v1.0),D:/Tool/Coding/IDE/PyCharm/NeuroGraphIQ_KG_marco/backend/data/atlases/brainnetome/bna246/transformed_label_to_julich2009c/BN_Atlas_246_1mm_NLin6to2009c_labels.nii.gz,0d90d084952bdbddf417abb457f4eec016cbb95dfd53a4801713806da5646ba3,2e3869a07b96aec406e0419ca2e434afc54882d37cc212b933b139d1b63a4dfe,9c0185c7c0b9a2bf03a9e72d296d4fc8caed0e1318a59723a52ada8f06f1e19f,MNI152NLin6Asym 1mm,MNI152NLin2009cAsym 1mm,True,False,True,True,2072,left
240,Brainnetome,BN 246 (v1.0),D:/Tool/Coding/IDE/PyCharm/NeuroGraphIQ_KG_marco/backend/data/atlases/brainnetome/bna246/transformed_label_to_julich2009c/BN_Atlas_246_1mm_NLin6to2009c_labels.nii.gz,0d90d084952bdbddf417abb457f4eec016cbb95dfd53a4801713806da5646ba3,2e3869a07b96aec406e0419ca2e434afc54882d37cc212b933b139d1b63a4dfe,9c0185c7c0b9a2bf03a9e72d296d4fc8caed0e1318a59723a52ada8f06f1e19f,MNI152NLin6Asym 1mm,MNI152NLin2009cAsym 1mm,True,False,True,True,2019,right
241,Brainnetome,BN 246 (v1.0),D:/Tool/Coding/IDE/PyCharm/NeuroGraphIQ_KG_marco/backend/data/atlases/brainnetome/bna246/transformed_label_to_julich2009c/BN_Atlas_246_1mm_NLin6to2009c_labels.nii.gz,0d90d084952bdbddf417abb457f4eec016cbb95dfd53a4801713806da5646ba3,2e3869a07b96aec406e0419ca2e434afc54882d37cc212b933b139d1b63a4dfe,9c0185c7c0b9a2bf03a9e72d296d4fc8caed0e1318a59723a52ada8f06f1e19f,MNI152NLin6Asym 1mm,MNI152NLin2009cAsym 1mm,True,False,True,True,1911,left
242,Brainnetome,BN 246 (v1.0),D:/Tool/Coding/IDE/PyCharm/NeuroGraphIQ_KG_marco/backend/data/atlases/brainnetome/bna246/transformed_label_to_julich2009c/BN_Atlas_246_1mm_NLin6to2009c_labels.nii.gz,0d90d084952bdbddf417abb457f4eec016cbb95dfd53a4801713806da5646ba3,2e3869a07b96aec406e0419ca2e434afc54882d37cc212b933b139d1b63a4dfe,9c0185c7c0b9a2bf03a9e72d296d4fc8caed0e1318a59723a52ada8f06f1e19f,MNI152NLin6Asym 1mm,MNI152NLin2009cAsym 1mm,True,False,True,True,1314,right
243,Brainnetome,BN 246 (v1.0),D:/Tool/Coding/IDE/PyCharm/NeuroGraphIQ_KG_marco/backend/data/atlases/brainnetome/bna246/transformed_label_to_julich2009c/BN_Atlas_246_1mm_NLin6to2009c_labels.nii.gz,0d90d084952bdbddf417abb457f4eec016cbb95dfd53a4801713806da5646ba3,2e3869a07b96aec406e0419ca2e434afc54882d37cc212b933b139d1b63a4dfe,9c0185c7c0b9a2bf03a9e72d296d4fc8caed0e1318a59723a52ada8f06f1e19f,MNI152NLin6Asym 1mm,MNI152NLin2009cAsym 1mm,True,False,True,True,1715,left
244,Brainnetome,BN 246 (v1.0),D:/Tool/Coding/IDE/PyCharm/NeuroGraphIQ_KG_marco/backend/data/atlases/brainnetome/bna246/transformed_label_to_julich2009c/BN_Atlas_246_1mm_NLin6to2009c_labels.nii.gz,0d90d084952bdbddf417abb457f4eec016cbb95dfd53a4801713806da5646ba3,2e3869a07b96aec406e0419ca2e434afc54882d37cc212b933b139d1b63a4dfe,9c0185c7c0b9a2bf03a9e72d296d4fc8caed0e1318a59723a52ada8f06f1e19f,MNI152NLin6Asym 1mm,MNI152NLin2009cAsym 1mm,True,False,True,True,1378,right
245,Brainnetome,BN 246 (v1.0),D:/Tool/Coding/IDE/PyCharm/NeuroGraphIQ_KG_marco/backend/data/atlases/brainnetome/bna246/transformed_label_to_julich2009c/BN_Atlas_246_1mm_NLin6to2009c_labels.nii.gz,0d90d084952bdbddf417abb457f4eec016cbb95dfd53a4801713806da5646ba3,2e3869a07b96aec406e0419ca2e434afc54882d37cc212b933b139d1b63a4dfe,9c0185c7c0b9a2bf03a9e72d296d4fc8caed0e1318a59723a52ada8f06f1e19f,MNI152NLin6Asym 1mm,MNI152NLin2009cAsym 1mm,True,False,True,True,3086,left
246,Brainnetome,BN 246 (v1.0),D:/Tool/Coding/IDE/PyCharm/NeuroGraphIQ_KG_marco/backend/data/atlases/brainnetome/bna246/transformed_label_to_julich2009c/BN_Atlas_246_1mm_NLin6to2009c_labels.nii.gz,0d90d084952bdbddf417abb457f4eec016cbb95dfd53a4801713806da5646ba3,2e3869a07b96aec406e0419ca2e434afc54882d37cc212b933b139d1b63a4dfe,9c0185c7c0b9a2bf03a9e72d296d4fc8caed0e1318a59723a52ada8f06f1e19f,MNI152NLin6Asym 1mm,MNI152NLin2009cAsym 1mm,True,False,True,True,2155,right
