fine_region_id,hemisphere,g1_id,containment,dice,target_covered,intersection,centroid_distance_mm
NGIQ-BR-00000001,left,NGIQ-BR-00000269,0.00029,0.00043,0.00087,2,30.381
NGIQ-BR-00000001,left,NGIQ-BR-00000270,0.0,0.0,0.0,0,31.885
NGIQ-BR-00000001,left,NGIQ-BR-00000271,0.0,0.0,0.0,0,102.396
NGIQ-BR-00000001,left,NGIQ-BR-00000272,0.0,0.0,0.0,0,95.716
NGIQ-BR-00000001,left,NGIQ-BR-00000273,0.0,0.0,0.0,0,101.091
NGIQ-BR-00000001,left,NGIQ-BR-00000274,0.0,0.0,0.0,0,95.763
NGIQ-BR-00000001,left,NGIQ-BR-00000275,0.0,0.0,0.0,0,104.723
NGIQ-BR-00000001,left,NGIQ-BR-00000276,0.0,0.0,0.0,0,70.897
NGIQ-BR-00000001,left,NGIQ-BR-00000277,0.0,0.0,0.0,0,121.676
NGIQ-BR-00000001,left,NGIQ-BR-00000278,0.0,0.0,0.0,0,77.651
NGIQ-BR-00000001,left,NGIQ-BR-00000279,0.0,0.0,0.0,0,103.051
NGIQ-BR-00000001,left,NGIQ-BR-00000280,0.0,0.0,0.0,0,77.095
NGIQ-BR-00000001,left,NGIQ-BR-00000281,0.0,0.0,0.0,0,97.581
NGIQ-BR-00000001,left,NGIQ-BR-00000282,0.0,0.0,0.0,0,89.58
NGIQ-BR-00000001,left,NGIQ-BR-00000283,0.0,0.0,0.0,0,44.17
NGIQ-BR-00000001,left,NGIQ-BR-00000284,0.0,0.0,0.0,0,59.222
NGIQ-BR-00000001,left,NGIQ-BR-00000285,0.0,0.0,0.0,0,82.708
NGIQ-BR-00000001,left,NGIQ-BR-00000286,0.0,0.0,0.0,0,68.608
NGIQ-BR-00000001,left,NGIQ-BR-00000287,0.0,0.0,0.0,0,109.641
NGIQ-BR-00000001,left,NGIQ-BR-00000288,0.0,0.0,0.0,0,56.868
NGIQ-BR-00000001,left,NGIQ-BR-00000289,0.0,0.0,0.0,0,37.689
NGIQ-BR-00000001,left,NGIQ-BR-00000290,0.0,0.0,0.0,0,44.598
NGIQ-BR-00000001,left,NGIQ-BR-00000291,0.0,0.0,0.0,0,75.38
NGIQ-BR-00000001,left,NGIQ-BR-00000292,0.0,0.0,0.0,0,56.495
NGIQ-BR-00000001,left,NGIQ-BR-00000293,0.0,0.0,0.0,0,58.224
NGIQ-BR-00000001,left,NGIQ-BR-00000294,0.40449,0.18315,0.11837,2793,20.725
NGIQ-BR-00000001,left,NGIQ-BR-00000295,0.0,0.0,0.0,0,82.64
NGIQ-BR-00000001,left,NGIQ-BR-00000296,0.0,0.0,0.0,0,81.636
NGIQ-BR-00000001,left,NGIQ-BR-00000297,0.0,0.0,0.0,0,76.273
NGIQ-BR-00000001,left,NGIQ-BR-00000298,0.0,0.0,0.0,0,71.611
NGIQ-BR-00000001,left,NGIQ-BR-00000299,0.0,0.0,0.0,0,64.312
NGIQ-BR-00000002,right,NGIQ-BR-00000300,0.00386,0.00559,0.01014,29,29.271
NGIQ-BR-00000002,right,NGIQ-BR-00000301,0.0,0.0,0.0,0,29.969
NGIQ-BR-00000002,right,NGIQ-BR-00000302,0.0,0.0,0.0,0,100.979
NGIQ-BR-00000002,right,NGIQ-BR-00000303,0.0,0.0,0.0,0,94.975
NGIQ-BR-00000002,right,NGIQ-BR-00000304,0.0,0.0,0.0,0,100.471
NGIQ-BR-00000002,right,NGIQ-BR-00000305,0.0,0.0,0.0,0,91.857
NGIQ-BR-00000002,right,NGIQ-BR-00000306,0.0,0.0,0.0,0,104.456
NGIQ-BR-00000002,right,NGIQ-BR-00000307,0.0,0.0,0.0,0,71.018
NGIQ-BR-00000002,right,NGIQ-BR-00000308,0.0,0.0,0.0,0,119.586
NGIQ-BR-00000002,right,NGIQ-BR-00000309,0.0,0.0,0.0,0,77.121
NGIQ-BR-00000002,right,NGIQ-BR-00000310,0.0,0.0,0.0,0,101.025
NGIQ-BR-00000002,right,NGIQ-BR-00000311,0.0,0.0,0.0,0,76.067
NGIQ-BR-00000002,right,NGIQ-BR-00000312,0.0,0.0,0.0,0,96.075
NGIQ-BR-00000002,right,NGIQ-BR-00000313,0.0,0.0,0.0,0,88.884
NGIQ-BR-00000002,right,NGIQ-BR-00000314,0.0,0.0,0.0,0,42.17
NGIQ-BR-00000002,right,NGIQ-BR-00000315,0.0,0.0,0.0,0,59.522
NGIQ-BR-00000002,right,NGIQ-BR-00000316,0.0,0.0,0.0,0,82.222
NGIQ-BR-00000002,right,NGIQ-BR-00000317,0.0,0.0,0.0,0,67.68
NGIQ-BR-00000002,right,NGIQ-BR-00000318,0.0,0.0,0.0,0,107.284
NGIQ-BR-00000002,right,NGIQ-BR-00000319,0.0,0.0,0.0,0,54.013
NGIQ-BR-00000002,right,NGIQ-BR-00000320,0.00066,0.00084,0.00116,5,38.0
NGIQ-BR-00000002,right,NGIQ-BR-00000321,0.0,0.0,0.0,0,43.677
NGIQ-BR-00000002,right,NGIQ-BR-00000322,0.0,0.0,0.0,0,74.919
NGIQ-BR-00000002,right,NGIQ-BR-00000323,0.0,0.0,0.0,0,54.943
NGIQ-BR-00000002,right,NGIQ-BR-00000324,0.0,0.0,0.0,0,59.09
NGIQ-BR-00000002,right,NGIQ-BR-00000325,0.43989,0.22405,0.1503,3308,21.68
NGIQ-BR-00000002,right,NGIQ-BR-00000326,0.0,0.0,0.0,0,82.454
NGIQ-BR-00000002,right,NGIQ-BR-00000327,0.0,0.0,0.0,0,81.023
NGIQ-BR-00000002,right,NGIQ-BR-00000328,0.0,0.0,0.0,0,71.07
NGIQ-BR-00000002,right,NGIQ-BR-00000329,0.0,0.0,0.0,0,70.403
NGIQ-BR-00000002,right,NGIQ-BR-00000330,0.0,0.0,0.0,0,64.578
NGIQ-BR-00000021,left,NGIQ-BR-00000269,0.0,0.0,0.0,0,31.795
NGIQ-BR-00000021,left,NGIQ-BR-00000270,0.00192,0.00249,0.00352,17,21.093
NGIQ-BR-00000021,left,NGIQ-BR-00000271,0.0,0.0,0.0,0,110.397
NGIQ-BR-00000021,left,NGIQ-BR-00000272,0.0,0.0,0.0,0,94.7
NGIQ-BR-00000021,left,NGIQ-BR-00000273,0.0,0.0,0.0,0,101.739
NGIQ-BR-00000021,left,NGIQ-BR-00000274,0.0,0.0,0.0,0,98.74
NGIQ-BR-00000021,left,NGIQ-BR-00000275,0.0,0.0,0.0,0,102.121
NGIQ-BR-00000021,left,NGIQ-BR-00000276,0.0,0.0,0.0,0,78.044
NGIQ-BR-00000021,left,NGIQ-BR-00000277,0.0,0.0,0.0,0,126.233
NGIQ-BR-00000021,left,NGIQ-BR-00000278,0.0,0.0,0.0,0,72.387
NGIQ-BR-00000021,left,NGIQ-BR-00000279,0.0,0.0,0.0,0,108.991
NGIQ-BR-00000021,left,NGIQ-BR-00000280,0.0,0.0,0.0,0,74.313
NGIQ-BR-00000021,left,NGIQ-BR-00000281,0.0,0.0,0.0,0,93.128
NGIQ-BR-00000021,left,NGIQ-BR-00000282,0.0,0.0,0.0,0,90.902
NGIQ-BR-00000021,left,NGIQ-BR-00000283,0.0,0.0,0.0,0,53.714
NGIQ-BR-00000021,left,NGIQ-BR-00000284,0.0,0.0,0.0,0,49.367
NGIQ-BR-00000021,left,NGIQ-BR-00000285,0.0,0.0,0.0,0,73.303
NGIQ-BR-00000021,left,NGIQ-BR-00000286,0.0,0.0,0.0,0,58.047
NGIQ-BR-00000021,left,NGIQ-BR-00000287,0.0,0.0,0.0,0,116.67
NGIQ-BR-00000021,left,NGIQ-BR-00000288,0.0,0.0,0.0,0,54.033
NGIQ-BR-00000021,left,NGIQ-BR-00000289,0.0,0.0,0.0,0,46.146
NGIQ-BR-00000021,left,NGIQ-BR-00000290,0.0,0.0,0.0,0,40.164
NGIQ-BR-00000021,left,NGIQ-BR-00000291,0.0,0.0,0.0,0,83.506
NGIQ-BR-00000021,left,NGIQ-BR-00000292,0.0,0.0,0.0,0,54.045
NGIQ-BR-00000021,left,NGIQ-BR-00000293,0.0174,0.01377,0.01139,154,47.351
NGIQ-BR-00000021,left,NGIQ-BR-00000294,0.37292,0.20343,0.13986,3300,15.458
NGIQ-BR-00000021,left,NGIQ-BR-00000295,0.0,0.0,0.0,0,89.017
NGIQ-BR-00000021,left,NGIQ-BR-00000296,0.0,0.0,0.0,0,76.047
NGIQ-BR-00000021,left,NGIQ-BR-00000297,0.0,0.0,0.0,0,74.187
NGIQ-BR-00000021,left,NGIQ-BR-00000298,0.0,0.0,0.0,0,69.303
NGIQ-BR-00000021,left,NGIQ-BR-00000299,0.0,0.0,0.0,0,60.144
NGIQ-BR-00000022,right,NGIQ-BR-00000300,0.0,0.0,0.0,0,31.026
NGIQ-BR-00000022,right,NGIQ-BR-00000301,0.00736,0.00835,0.00964,48,19.831
NGIQ-BR-00000022,right,NGIQ-BR-00000302,0.0,0.0,0.0,0,110.283
NGIQ-BR-00000022,right,NGIQ-BR-00000303,0.0,0.0,0.0,0,93.961
NGIQ-BR-00000022,right,NGIQ-BR-00000304,0.0,0.0,0.0,0,101.628
NGIQ-BR-00000022,right,NGIQ-BR-00000305,0.0,0.0,0.0,0,95.553
NGIQ-BR-00000022,right,NGIQ-BR-00000306,0.0,0.0,0.0,0,101.866
NGIQ-BR-00000022,right,NGIQ-BR-00000307,0.0,0.0,0.0,0,79.396
NGIQ-BR-00000022,right,NGIQ-BR-00000308,0.0,0.0,0.0,0,124.982
NGIQ-BR-00000022,right,NGIQ-BR-00000309,0.0,0.0,0.0,0,71.289
NGIQ-BR-00000022,right,NGIQ-BR-00000310,0.0,0.0,0.0,0,108.004
NGIQ-BR-00000022,right,NGIQ-BR-00000311,0.0,0.0,0.0,0,72.567
NGIQ-BR-00000022,right,NGIQ-BR-00000312,0.0,0.0,0.0,0,91.663
NGIQ-BR-00000022,right,NGIQ-BR-00000313,0.0,0.0,0.0,0,90.64
NGIQ-BR-00000022,right,NGIQ-BR-00000314,0.0,0.0,0.0,0,53.856
NGIQ-BR-00000022,right,NGIQ-BR-00000315,0.0,0.0,0.0,0,49.204
NGIQ-BR-00000022,right,NGIQ-BR-00000316,0.0,0.0,0.0,0,71.718
NGIQ-BR-00000022,right,NGIQ-BR-00000317,0.0,0.0,0.0,0,55.911
NGIQ-BR-00000022,right,NGIQ-BR-00000318,0.0,0.0,0.0,0,115.475
NGIQ-BR-00000022,right,NGIQ-BR-00000319,0.0,0.0,0.0,0,52.438
NGIQ-BR-00000022,right,NGIQ-BR-00000320,0.0,0.0,0.0,0,48.091
NGIQ-BR-00000022,right,NGIQ-BR-00000321,0.0,0.0,0.0,0,39.855
NGIQ-BR-00000022,right,NGIQ-BR-00000322,0.0,0.0,0.0,0,84.599
NGIQ-BR-00000022,right,NGIQ-BR-00000323,0.0,0.0,0.0,0,51.761
NGIQ-BR-00000022,right,NGIQ-BR-00000324,0.0023,0.00154,0.00115,15,46.934
NGIQ-BR-00000022,right,NGIQ-BR-00000325,0.33706,0.15408,0.09987,2198,15.667
NGIQ-BR-00000022,right,NGIQ-BR-00000326,0.0,0.0,0.0,0,90.679
NGIQ-BR-00000022,right,NGIQ-BR-00000327,0.0,0.0,0.0,0,74.999
NGIQ-BR-00000022,right,NGIQ-BR-00000328,0.0,0.0,0.0,0,69.339
NGIQ-BR-00000022,right,NGIQ-BR-00000329,0.0,0.0,0.0,0,67.845
NGIQ-BR-00000022,right,NGIQ-BR-00000330,0.0,0.0,0.0,0,60.276
NGIQ-BR-00000023,left,NGIQ-BR-00000269,0.0,0.0,0.0,0,33.491
NGIQ-BR-00000023,left,NGIQ-BR-00000270,0.0,0.0,0.0,0,45.246
NGIQ-BR-00000023,left,NGIQ-BR-00000271,0.0,0.0,0.0,0,131.399
NGIQ-BR-00000023,left,NGIQ-BR-00000272,0.0,0.0,0.0,0,94.75
NGIQ-BR-00000023,left,NGIQ-BR-00000273,0.0,0.0,0.0,0,113.378
NGIQ-BR-00000023,left,NGIQ-BR-00000274,0.0,0.0,0.0,0,123.036
NGIQ-BR-00000023,left,NGIQ-BR-00000275,0.0,0.0,0.0,0,111.927
NGIQ-BR-00000023,left,NGIQ-BR-00000276,0.0,0.0,0.0,0,96.864
NGIQ-BR-00000023,left,NGIQ-BR-00000277,0.0,0.0,0.0,0,146.041
NGIQ-BR-00000023,left,NGIQ-BR-00000278,0.0,0.0,0.0,0,62.238
NGIQ-BR-00000023,left,NGIQ-BR-00000279,0.0,0.0,0.0,0,125.957
NGIQ-BR-00000023,left,NGIQ-BR-00000280,0.0,0.0,0.0,0,58.483
NGIQ-BR-00000023,left,NGIQ-BR-00000281,0.0,0.0,0.0,0,104.161
NGIQ-BR-00000023,left,NGIQ-BR-00000282,0.0,0.0,0.0,0,99.781
NGIQ-BR-00000023,left,NGIQ-BR-00000283,0.0,0.0,0.0,0,79.564
NGIQ-BR-00000023,left,NGIQ-BR-00000284,0.0,0.0,0.0,0,56.066
NGIQ-BR-00000023,left,NGIQ-BR-00000285,0.0,0.0,0.0,0,62.837
NGIQ-BR-00000023,left,NGIQ-BR-00000286,0.0,0.0,0.0,0,54.147
NGIQ-BR-00000023,left,NGIQ-BR-00000287,0.0,0.0,0.0,0,136.121
NGIQ-BR-00000023,left,NGIQ-BR-00000288,0.0,0.0,0.0,0,78.983
NGIQ-BR-00000023,left,NGIQ-BR-00000289,0.0,0.0,0.0,0,66.284
NGIQ-BR-00000023,left,NGIQ-BR-00000290,0.0,0.0,0.0,0,64.984
NGIQ-BR-00000023,left,NGIQ-BR-00000291,0.0,0.0,0.0,0,106.919
NGIQ-BR-00000023,left,NGIQ-BR-00000292,0.0,0.0,0.0,0,40.07
NGIQ-BR-00000023,left,NGIQ-BR-00000293,0.01255,0.00811,0.00599,81,33.028
NGIQ-BR-00000023,left,NGIQ-BR-00000294,0.53393,0.22936,0.14605,3446,17.963
NGIQ-BR-00000023,left,NGIQ-BR-00000295,0.0,0.0,0.0,0,115.026
NGIQ-BR-00000023,left,NGIQ-BR-00000296,0.0,0.0,0.0,0,85.73
NGIQ-BR-00000023,left,NGIQ-BR-00000297,0.0,0.0,0.0,0,97.662
NGIQ-BR-00000023,left,NGIQ-BR-00000298,0.0,0.0,0.0,0,85.19
NGIQ-BR-00000023,left,NGIQ-BR-00000299,0.0,0.0,0.0,0,67.561
NGIQ-BR-00000024,right,NGIQ-BR-00000300,0.0,0.0,0.0,0,32.625
NGIQ-BR-00000024,right,NGIQ-BR-00000301,0.0,0.0,0.0,0,42.898
NGIQ-BR-00000024,right,NGIQ-BR-00000302,0.0,0.0,0.0,0,128.935
NGIQ-BR-00000024,right,NGIQ-BR-00000303,0.0,0.0,0.0,0,94.034
NGIQ-BR-00000024,right,NGIQ-BR-00000304,0.0,0.0,0.0,0,111.836
NGIQ-BR-00000024,right,NGIQ-BR-00000305,0.0,0.0,0.0,0,117.404
NGIQ-BR-00000024,right,NGIQ-BR-00000306,0.0,0.0,0.0,0,110.117
NGIQ-BR-00000024,right,NGIQ-BR-00000307,0.0,0.0,0.0,0,95.831
NGIQ-BR-00000024,right,NGIQ-BR-00000308,0.0,0.0,0.0,0,142.717
NGIQ-BR-00000024,right,NGIQ-BR-00000309,0.0,0.0,0.0,0,62.725
NGIQ-BR-00000024,right,NGIQ-BR-00000310,0.0,0.0,0.0,0,122.955
NGIQ-BR-00000024,right,NGIQ-BR-00000311,0.0,0.0,0.0,0,58.792
NGIQ-BR-00000024,right,NGIQ-BR-00000312,0.0,0.0,0.0,0,101.792
NGIQ-BR-00000024,right,NGIQ-BR-00000313,0.0,0.0,0.0,0,98.731
NGIQ-BR-00000024,right,NGIQ-BR-00000314,0.0,0.0,0.0,0,76.221
NGIQ-BR-00000024,right,NGIQ-BR-00000315,0.0,0.0,0.0,0,55.91
NGIQ-BR-00000024,right,NGIQ-BR-00000316,0.0,0.0,0.0,0,62.861
NGIQ-BR-00000024,right,NGIQ-BR-00000317,0.0,0.0,0.0,0,53.871
NGIQ-BR-00000024,right,NGIQ-BR-00000318,0.0,0.0,0.0,0,132.737
NGIQ-BR-00000024,right,NGIQ-BR-00000319,0.0,0.0,0.0,0,75.548
NGIQ-BR-00000024,right,NGIQ-BR-00000320,0.0,0.0,0.0,0,65.73
NGIQ-BR-00000024,right,NGIQ-BR-00000321,0.0,0.0,0.0,0,62.34
NGIQ-BR-00000024,right,NGIQ-BR-00000322,0.0,0.0,0.0,0,105.018
NGIQ-BR-00000024,right,NGIQ-BR-00000323,0.0,0.0,0.0,0,39.569
NGIQ-BR-00000024,right,NGIQ-BR-00000324,0.00082,0.00059,0.00046,6,34.508
NGIQ-BR-00000024,right,NGIQ-BR-00000325,0.51379,0.25662,0.17102,3764,15.273
NGIQ-BR-00000024,right,NGIQ-BR-00000326,0.0,0.0,0.0,0,113.832
NGIQ-BR-00000024,right,NGIQ-BR-00000327,0.0,0.0,0.0,0,83.296
NGIQ-BR-00000024,right,NGIQ-BR-00000328,0.0,0.0,0.0,0,90.863
NGIQ-BR-00000024,right,NGIQ-BR-00000329,0.0,0.0,0.0,0,82.102
NGIQ-BR-00000024,right,NGIQ-BR-00000330,0.0,0.0,0.0,0,67.129
NGIQ-BR-00000025,left,NGIQ-BR-00000269,0.0,0.0,0.0,0,48.911
NGIQ-BR-00000025,left,NGIQ-BR-00000270,0.00054,0.00058,0.00062,3,28.921
NGIQ-BR-00000025,left,NGIQ-BR-00000271,0.0,0.0,0.0,0,92.807
NGIQ-BR-00000025,left,NGIQ-BR-00000272,0.0,0.0,0.0,0,104.165
NGIQ-BR-00000025,left,NGIQ-BR-00000273,0.0,0.0,0.0,0,99.637
NGIQ-BR-00000025,left,NGIQ-BR-00000274,0.0,0.0,0.0,0,80.383
NGIQ-BR-00000025,left,NGIQ-BR-00000275,0.0,0.0,0.0,0,103.507
NGIQ-BR-00000025,left,NGIQ-BR-00000276,0.0,0.0,0.0,0,65.894
NGIQ-BR-00000025,left,NGIQ-BR-00000277,0.0,0.0,0.0,0,111.76
NGIQ-BR-00000025,left,NGIQ-BR-00000278,0.0,0.0,0.0,0,92.184
NGIQ-BR-00000025,left,NGIQ-BR-00000279,0.0,0.0,0.0,0,97.709
NGIQ-BR-00000025,left,NGIQ-BR-00000280,0.0,0.0,0.0,0,95.877
NGIQ-BR-00000025,left,NGIQ-BR-00000281,0.0,0.0,0.0,0,94.919
NGIQ-BR-00000025,left,NGIQ-BR-00000282,0.0,0.0,0.0,0,91.916
NGIQ-BR-00000025,left,NGIQ-BR-00000283,0.0,0.0,0.0,0,30.076
NGIQ-BR-00000025,left,NGIQ-BR-00000284,0.0,0.0,0.0,0,63.132
NGIQ-BR-00000025,left,NGIQ-BR-00000285,0.0,0.0,0.0,0,94.96
NGIQ-BR-00000025,left,NGIQ-BR-00000286,0.0,0.0,0.0,0,77.824
NGIQ-BR-00000025,left,NGIQ-BR-00000287,0.0,0.0,0.0,0,101.424
NGIQ-BR-00000025,left,NGIQ-BR-00000288,0.0,0.0,0.0,0,42.135
NGIQ-BR-00000025,left,NGIQ-BR-00000289,0.0,0.0,0.0,0,36.708
NGIQ-BR-00000025,left,NGIQ-BR-00000290,0.00216,0.00127,0.0009,12,32.923
NGIQ-BR-00000025,left,NGIQ-BR-00000291,0.0,0.0,0.0,0,63.639
NGIQ-BR-00000025,left,NGIQ-BR-00000292,0.0,0.0,0.0,0,75.97
NGIQ-BR-00000025,left,NGIQ-BR-00000293,0.0,0.0,0.0,0,73.274
NGIQ-BR-00000025,left,NGIQ-BR-00000294,0.33981,0.12959,0.08006,1889,41.384
NGIQ-BR-00000025,left,NGIQ-BR-00000295,0.0,0.0,0.0,0,65.966
NGIQ-BR-00000025,left,NGIQ-BR-00000296,0.0,0.0,0.0,0,81.256
NGIQ-BR-00000025,left,NGIQ-BR-00000297,0.0,0.0,0.0,0,61.7
NGIQ-BR-00000025,left,NGIQ-BR-00000298,0.0,0.0,0.0,0,67.302
NGIQ-BR-00000025,left,NGIQ-BR-00000299,0.0,0.0,0.0,0,68.783
NGIQ-BR-00000026,right,NGIQ-BR-00000300,0.0,0.0,0.0,0,45.117
NGIQ-BR-00000026,right,NGIQ-BR-00000301,0.00609,0.00635,0.00663,33,25.368
NGIQ-BR-00000026,right,NGIQ-BR-00000302,0.0,0.0,0.0,0,94.614
NGIQ-BR-00000026,right,NGIQ-BR-00000303,0.0,0.0,0.0,0,102.965
NGIQ-BR-00000026,right,NGIQ-BR-00000304,0.0,0.0,0.0,0,100.716
NGIQ-BR-00000026,right,NGIQ-BR-00000305,0.0,0.0,0.0,0,80.185
NGIQ-BR-00000026,right,NGIQ-BR-00000306,0.0,0.0,0.0,0,104.862
NGIQ-BR-00000026,right,NGIQ-BR-00000307,0.0,0.0,0.0,0,68.546
NGIQ-BR-00000026,right,NGIQ-BR-00000308,0.0,0.0,0.0,0,112.803
NGIQ-BR-00000026,right,NGIQ-BR-00000309,0.0,0.0,0.0,0,89.28
NGIQ-BR-00000026,right,NGIQ-BR-00000310,0.0,0.0,0.0,0,98.364
NGIQ-BR-00000026,right,NGIQ-BR-00000311,0.0,0.0,0.0,0,91.861
NGIQ-BR-00000026,right,NGIQ-BR-00000312,0.0,0.0,0.0,0,94.518
NGIQ-BR-00000026,right,NGIQ-BR-00000313,0.0,0.0,0.0,0,91.885
NGIQ-BR-00000026,right,NGIQ-BR-00000314,0.0,0.0,0.0,0,32.46
NGIQ-BR-00000026,right,NGIQ-BR-00000315,0.0,0.0,0.0,0,62.011
NGIQ-BR-00000026,right,NGIQ-BR-00000316,0.0,0.0,0.0,0,91.976
NGIQ-BR-00000026,right,NGIQ-BR-00000317,0.0,0.0,0.0,0,74.164
NGIQ-BR-00000026,right,NGIQ-BR-00000318,0.0,0.0,0.0,0,102.148
NGIQ-BR-00000026,right,NGIQ-BR-00000319,0.0,0.0,0.0,0,41.439
NGIQ-BR-00000026,right,NGIQ-BR-00000320,0.0,0.0,0.0,0,38.066
NGIQ-BR-00000026,right,NGIQ-BR-00000321,0.0,0.0,0.0,0,33.788
NGIQ-BR-00000026,right,NGIQ-BR-00000322,0.0,0.0,0.0,0,67.119
NGIQ-BR-00000026,right,NGIQ-BR-00000323,0.0,0.0,0.0,0,71.247
NGIQ-BR-00000026,right,NGIQ-BR-00000324,0.0,0.0,0.0,0,70.702
NGIQ-BR-00000026,right,NGIQ-BR-00000325,0.4,0.15796,0.09841,2166,38.352
NGIQ-BR-00000026,right,NGIQ-BR-00000326,0.0,0.0,0.0,0,69.955
NGIQ-BR-00000026,right,NGIQ-BR-00000327,0.0,0.0,0.0,0,81.488
NGIQ-BR-00000026,right,NGIQ-BR-00000328,0.0,0.0,0.0,0,59.363
NGIQ-BR-00000026,right,NGIQ-BR-00000329,0.0,0.0,0.0,0,67.472
NGIQ-BR-00000026,right,NGIQ-BR-00000330,0.0,0.0,0.0,0,68.51
NGIQ-BR-00000027,left,NGIQ-BR-00000269,0.0,0.0,0.0,0,42.251
NGIQ-BR-00000027,left,NGIQ-BR-00000270,0.0,0.0,0.0,0,36.092
NGIQ-BR-00000027,left,NGIQ-BR-00000271,0.0,0.0,0.0,0,84.746
NGIQ-BR-00000027,left,NGIQ-BR-00000272,0.0,0.0,0.0,0,97.269
NGIQ-BR-00000027,left,NGIQ-BR-00000273,0.0,0.0,0.0,0,93.763
NGIQ-BR-00000027,left,NGIQ-BR-00000274,0.0,0.0,0.0,0,78.473
NGIQ-BR-00000027,left,NGIQ-BR-00000275,0.0,0.0,0.0,0,100.026
NGIQ-BR-00000027,left,NGIQ-BR-00000276,0.0,0.0,0.0,0,56.616
NGIQ-BR-00000027,left,NGIQ-BR-00000277,0.0,0.0,0.0,0,105.962
NGIQ-BR-00000027,left,NGIQ-BR-00000278,0.0,0.0,0.0,0,87.972
NGIQ-BR-00000027,left,NGIQ-BR-00000279,0.0,0.0,0.0,0,89.289
NGIQ-BR-00000027,left,NGIQ-BR-00000280,0.0,0.0,0.0,0,89.825
NGIQ-BR-00000027,left,NGIQ-BR-00000281,0.0,0.0,0.0,0,93.486
NGIQ-BR-00000027,left,NGIQ-BR-00000282,0.0,0.0,0.0,0,84.643
NGIQ-BR-00000027,left,NGIQ-BR-00000283,0.03648,0.04302,0.05243,248,23.117
NGIQ-BR-00000027,left,NGIQ-BR-00000284,0.0,0.0,0.0,0,64.777
NGIQ-BR-00000027,left,NGIQ-BR-00000285,0.0,0.0,0.0,0,94.207
NGIQ-BR-00000027,left,NGIQ-BR-00000286,0.0,0.0,0.0,0,78.591
NGIQ-BR-00000027,left,NGIQ-BR-00000287,0.0,0.0,0.0,0,93.371
NGIQ-BR-00000027,left,NGIQ-BR-00000288,0.0,0.0,0.0,0,46.185
NGIQ-BR-00000027,left,NGIQ-BR-00000289,0.00912,0.01124,0.01465,62,25.65
NGIQ-BR-00000027,left,NGIQ-BR-00000290,0.00162,0.00109,0.00082,11,37.871
NGIQ-BR-00000027,left,NGIQ-BR-00000291,0.0,0.0,0.0,0,56.409
NGIQ-BR-00000027,left,NGIQ-BR-00000292,0.0,0.0,0.0,0,70.262
NGIQ-BR-00000027,left,NGIQ-BR-00000293,0.0,0.0,0.0,0,73.831
NGIQ-BR-00000027,left,NGIQ-BR-00000294,0.33976,0.152,0.0979,2310,40.184
NGIQ-BR-00000027,left,NGIQ-BR-00000295,0.0,0.0,0.0,0,62.6
NGIQ-BR-00000027,left,NGIQ-BR-00000296,0.0,0.0,0.0,0,80.26
NGIQ-BR-00000027,left,NGIQ-BR-00000297,0.0,0.0,0.0,0,63.952
NGIQ-BR-00000027,left,NGIQ-BR-00000298,0.0,0.0,0.0,0,65.19
NGIQ-BR-00000027,left,NGIQ-BR-00000299,0.0,0.0,0.0,0,65.669
NGIQ-BR-00000028,right,NGIQ-BR-00000300,0.0,0.0,0.0,0,43.239
NGIQ-BR-00000028,right,NGIQ-BR-00000301,0.0,0.0,0.0,0,35.67
NGIQ-BR-00000028,right,NGIQ-BR-00000302,0.0,0.0,0.0,0,84.611
NGIQ-BR-00000028,right,NGIQ-BR-00000303,0.0,0.0,0.0,0,99.305
NGIQ-BR-00000028,right,NGIQ-BR-00000304,0.0,0.0,0.0,0,95.978
NGIQ-BR-00000028,right,NGIQ-BR-00000305,0.0,0.0,0.0,0,76.309
NGIQ-BR-00000028,right,NGIQ-BR-00000306,0.0,0.0,0.0,0,103.081
NGIQ-BR-00000028,right,NGIQ-BR-00000307,0.0,0.0,0.0,0,58.839
NGIQ-BR-00000028,right,NGIQ-BR-00000308,0.0,0.0,0.0,0,105.759
NGIQ-BR-00000028,right,NGIQ-BR-00000309,0.0,0.0,0.0,0,89.649
NGIQ-BR-00000028,right,NGIQ-BR-00000310,0.0,0.0,0.0,0,89.404
NGIQ-BR-00000028,right,NGIQ-BR-00000311,0.0,0.0,0.0,0,90.801
NGIQ-BR-00000028,right,NGIQ-BR-00000312,0.0,0.0,0.0,0,94.766
NGIQ-BR-00000028,right,NGIQ-BR-00000313,0.0,0.0,0.0,0,86.549
NGIQ-BR-00000028,right,NGIQ-BR-00000314,0.06164,0.07155,0.08524,394,21.44
NGIQ-BR-00000028,right,NGIQ-BR-00000315,0.0,0.0,0.0,0,67.205
NGIQ-BR-00000028,right,NGIQ-BR-00000316,0.0,0.0,0.0,0,95.974
NGIQ-BR-00000028,right,NGIQ-BR-00000317,0.0,0.0,0.0,0,79.593
NGIQ-BR-00000028,right,NGIQ-BR-00000318,0.0,0.0,0.0,0,92.668
NGIQ-BR-00000028,right,NGIQ-BR-00000319,0.0,0.0,0.0,0,44.625
NGIQ-BR-00000028,right,NGIQ-BR-00000320,0.00516,0.00616,0.00763,33,27.885
NGIQ-BR-00000028,right,NGIQ-BR-00000321,0.0158,0.01056,0.00793,101,39.162
NGIQ-BR-00000028,right,NGIQ-BR-00000322,0.0,0.0,0.0,0,57.292
NGIQ-BR-00000028,right,NGIQ-BR-00000323,0.0,0.0,0.0,0,70.705
NGIQ-BR-00000028,right,NGIQ-BR-00000324,0.0,0.0,0.0,0,76.34
NGIQ-BR-00000028,right,NGIQ-BR-00000325,0.24359,0.10964,0.07074,1557,42.356
NGIQ-BR-00000028,right,NGIQ-BR-00000326,0.0,0.0,0.0,0,62.806
NGIQ-BR-00000028,right,NGIQ-BR-00000327,0.0,0.0,0.0,0,83.025
NGIQ-BR-00000028,right,NGIQ-BR-00000328,0.0,0.0,0.0,0,61.081
NGIQ-BR-00000028,right,NGIQ-BR-00000329,0.0,0.0,0.0,0,67.224
NGIQ-BR-00000028,right,NGIQ-BR-00000330,0.0,0.0,0.0,0,68.629
NGIQ-BR-00000029,left,NGIQ-BR-00000269,0.00253,0.00365,0.0065,15,21.465
NGIQ-BR-00000029,left,NGIQ-BR-00000270,0.0,0.0,0.0,0,40.299
NGIQ-BR-00000029,left,NGIQ-BR-00000271,0.0,0.0,0.0,0,118.151
NGIQ-BR-00000029,left,NGIQ-BR-00000272,0.0,0.0,0.0,0,87.96
NGIQ-BR-00000029,left,NGIQ-BR-00000273,0.0,0.0,0.0,0,103.96
NGIQ-BR-00000029,left,NGIQ-BR-00000274,0.0,0.0,0.0,0,112.187
NGIQ-BR-00000029,left,NGIQ-BR-00000275,0.0,0.0,0.0,0,104.765
NGIQ-BR-00000029,left,NGIQ-BR-00000276,0.0,0.0,0.0,0,83.821
NGIQ-BR-00000029,left,NGIQ-BR-00000277,0.0,0.0,0.0,0,134.246
NGIQ-BR-00000029,left,NGIQ-BR-00000278,0.0,0.0,0.0,0,60.675
NGIQ-BR-00000029,left,NGIQ-BR-00000279,0.0,0.0,0.0,0,113.505
NGIQ-BR-00000029,left,NGIQ-BR-00000280,0.0,0.0,0.0,0,56.934
NGIQ-BR-00000029,left,NGIQ-BR-00000281,0.0,0.0,0.0,0,98.027
NGIQ-BR-00000029,left,NGIQ-BR-00000282,0.0,0.0,0.0,0,90.12
NGIQ-BR-00000029,left,NGIQ-BR-00000283,0.0,0.0,0.0,0,67.2
NGIQ-BR-00000029,left,NGIQ-BR-00000284,0.0,0.0,0.0,0,53.625
NGIQ-BR-00000029,left,NGIQ-BR-00000285,0.0,0.0,0.0,0,65.27
NGIQ-BR-00000029,left,NGIQ-BR-00000286,0.0,0.0,0.0,0,55.252
NGIQ-BR-00000029,left,NGIQ-BR-00000287,0.0,0.0,0.0,0,123.2
NGIQ-BR-00000029,left,NGIQ-BR-00000288,0.0,0.0,0.0,0,70.974
NGIQ-BR-00000029,left,NGIQ-BR-00000289,0.0,0.0,0.0,0,52.937
NGIQ-BR-00000029,left,NGIQ-BR-00000290,0.0,0.0,0.0,0,57.466
NGIQ-BR-00000029,left,NGIQ-BR-00000291,0.0,0.0,0.0,0,93.902
NGIQ-BR-00000029,left,NGIQ-BR-00000292,0.0,0.0,0.0,0,36.582
NGIQ-BR-00000029,left,NGIQ-BR-00000293,0.0,0.0,0.0,0,38.372
NGIQ-BR-00000029,left,NGIQ-BR-00000294,0.43151,0.17313,0.10829,2555,8.492
NGIQ-BR-00000029,left,NGIQ-BR-00000295,0.0,0.0,0.0,0,103.029
NGIQ-BR-00000029,left,NGIQ-BR-00000296,0.0,0.0,0.0,0,80.263
NGIQ-BR-00000029,left,NGIQ-BR-00000297,0.0,0.0,0.0,0,89.377
NGIQ-BR-00000029,left,NGIQ-BR-00000298,0.0,0.0,0.0,0,76.826
NGIQ-BR-00000029,left,NGIQ-BR-00000299,0.0,0.0,0.0,0,60.891
NGIQ-BR-00000030,right,NGIQ-BR-00000300,0.00345,0.00506,0.00944,27,20.16
NGIQ-BR-00000030,right,NGIQ-BR-00000301,0.0,0.0,0.0,0,41.272
NGIQ-BR-00000030,right,NGIQ-BR-00000302,0.0,0.0,0.0,0,117.939
NGIQ-BR-00000030,right,NGIQ-BR-00000303,0.0,0.0,0.0,0,84.581
NGIQ-BR-00000030,right,NGIQ-BR-00000304,0.0,0.0,0.0,0,101.926
NGIQ-BR-00000030,right,NGIQ-BR-00000305,0.0,0.0,0.0,0,109.388
NGIQ-BR-00000030,right,NGIQ-BR-00000306,0.0,0.0,0.0,0,102.108
NGIQ-BR-00000030,right,NGIQ-BR-00000307,0.0,0.0,0.0,0,84.526
NGIQ-BR-00000030,right,NGIQ-BR-00000308,0.0,0.0,0.0,0,132.489
NGIQ-BR-00000030,right,NGIQ-BR-00000309,0.0,0.0,0.0,0,56.854
NGIQ-BR-00000030,right,NGIQ-BR-00000310,0.0,0.0,0.0,0,111.508
NGIQ-BR-00000030,right,NGIQ-BR-00000311,0.0,0.0,0.0,0,52.176
NGIQ-BR-00000030,right,NGIQ-BR-00000312,0.0,0.0,0.0,0,95.128
NGIQ-BR-00000030,right,NGIQ-BR-00000313,0.0,0.0,0.0,0,88.198
NGIQ-BR-00000030,right,NGIQ-BR-00000314,0.0,0.0,0.0,0,68.045
NGIQ-BR-00000030,right,NGIQ-BR-00000315,0.0,0.0,0.0,0,52.865
NGIQ-BR-00000030,right,NGIQ-BR-00000316,0.0,0.0,0.0,0,61.538
NGIQ-BR-00000030,right,NGIQ-BR-00000317,0.0,0.0,0.0,0,52.712
NGIQ-BR-00000030,right,NGIQ-BR-00000318,0.0,0.0,0.0,0,121.52
NGIQ-BR-00000030,right,NGIQ-BR-00000319,0.0,0.0,0.0,0,70.489
NGIQ-BR-00000030,right,NGIQ-BR-00000320,0.0,0.0,0.0,0,55.106
NGIQ-BR-00000030,right,NGIQ-BR-00000321,0.0,0.0,0.0,0,57.9
NGIQ-BR-00000030,right,NGIQ-BR-00000322,0.0,0.0,0.0,0,94.88
NGIQ-BR-00000030,right,NGIQ-BR-00000323,0.00141,0.0022,0.00501,11,31.414
NGIQ-BR-00000030,right,NGIQ-BR-00000324,0.0,0.0,0.0,0,36.334
NGIQ-BR-00000030,right,NGIQ-BR-00000325,0.43988,0.2306,0.15625,3439,10.456
NGIQ-BR-00000030,right,NGIQ-BR-00000326,0.0,0.0,0.0,0,105.314
NGIQ-BR-00000030,right,NGIQ-BR-00000327,0.0,0.0,0.0,0,77.365
NGIQ-BR-00000030,right,NGIQ-BR-00000328,0.0,0.0,0.0,0,85.279
NGIQ-BR-00000030,right,NGIQ-BR-00000329,0.0,0.0,0.0,0,74.722
NGIQ-BR-00000030,right,NGIQ-BR-00000330,0.0,0.0,0.0,0,59.582
NGIQ-BR-00000031,left,NGIQ-BR-00000269,0.00021,0.00034,0.00087,2,38.06
NGIQ-BR-00000031,left,NGIQ-BR-00000270,0.0,0.0,0.0,0,62.316
NGIQ-BR-00000031,left,NGIQ-BR-00000271,0.0,0.0,0.0,0,137.481
NGIQ-BR-00000031,left,NGIQ-BR-00000272,0.0,0.0,0.0,0,81.549
NGIQ-BR-00000031,left,NGIQ-BR-00000273,0.0,0.0,0.0,0,109.265
NGIQ-BR-00000031,left,NGIQ-BR-00000274,0.0,0.0,0.0,0,132.029
NGIQ-BR-00000031,left,NGIQ-BR-00000275,0.0,0.0,0.0,0,106.496
NGIQ-BR-00000031,left,NGIQ-BR-00000276,0.0,0.0,0.0,0,102.098
NGIQ-BR-00000031,left,NGIQ-BR-00000277,0.0,0.0,0.0,0,149.097
NGIQ-BR-00000031,left,NGIQ-BR-00000278,0.0,0.0,0.0,0,44.005
NGIQ-BR-00000031,left,NGIQ-BR-00000279,0.0,0.0,0.0,0,127.172
NGIQ-BR-00000031,left,NGIQ-BR-00000280,0.0,0.0,0.0,0,35.544
NGIQ-BR-00000031,left,NGIQ-BR-00000281,0.0,0.0,0.0,0,100.889
NGIQ-BR-00000031,left,NGIQ-BR-00000282,0.0,0.0,0.0,0,94.071
NGIQ-BR-00000031,left,NGIQ-BR-00000283,0.0,0.0,0.0,0,95.561
NGIQ-BR-00000031,left,NGIQ-BR-00000284,0.0,0.0,0.0,0,56.958
NGIQ-BR-00000031,left,NGIQ-BR-00000285,0.0,0.0,0.0,0,47.253
NGIQ-BR-00000031,left,NGIQ-BR-00000286,0.0,0.0,0.0,0,46.975
NGIQ-BR-00000031,left,NGIQ-BR-00000287,0.0,0.0,0.0,0,139.873
NGIQ-BR-00000031,left,NGIQ-BR-00000288,0.0,0.0,0.0,0,91.481
NGIQ-BR-00000031,left,NGIQ-BR-00000289,0.0,0.0,0.0,0,76.491
NGIQ-BR-00000031,left,NGIQ-BR-00000290,0.0,0.0,0.0,0,78.655
NGIQ-BR-00000031,left,NGIQ-BR-00000291,0.0,0.0,0.0,0,116.989
NGIQ-BR-00000031,left,NGIQ-BR-00000292,0.00043,0.00069,0.00177,4,23.378
NGIQ-BR-00000031,left,NGIQ-BR-00000293,0.00021,0.00017,0.00015,2,25.283
NGIQ-BR-00000031,left,NGIQ-BR-00000294,0.4508,0.25649,0.17923,4229,37.641
NGIQ-BR-00000031,left,NGIQ-BR-00000295,0.0,0.0,0.0,0,127.478
NGIQ-BR-00000031,left,NGIQ-BR-00000296,0.0,0.0,0.0,0,82.97
NGIQ-BR-00000031,left,NGIQ-BR-00000297,0.0,0.0,0.0,0,107.199
NGIQ-BR-00000031,left,NGIQ-BR-00000298,0.0,0.0,0.0,0,87.497
NGIQ-BR-00000031,left,NGIQ-BR-00000299,0.0,0.0,0.0,0,64.445
NGIQ-BR-00000032,right,NGIQ-BR-00000300,0.0,0.0,0.0,0,40.459
NGIQ-BR-00000032,right,NGIQ-BR-00000301,0.0,0.0,0.0,0,64.335
NGIQ-BR-00000032,right,NGIQ-BR-00000302,0.0,0.0,0.0,0,137.898
NGIQ-BR-00000032,right,NGIQ-BR-00000303,0.0,0.0,0.0,0,80.695
NGIQ-BR-00000032,right,NGIQ-BR-00000304,0.0,0.0,0.0,0,108.713
NGIQ-BR-00000032,right,NGIQ-BR-00000305,0.0,0.0,0.0,0,129.613
NGIQ-BR-00000032,right,NGIQ-BR-00000306,0.0,0.0,0.0,0,104.867
NGIQ-BR-00000032,right,NGIQ-BR-00000307,0.0,0.0,0.0,0,103.484
NGIQ-BR-00000032,right,NGIQ-BR-00000308,0.0,0.0,0.0,0,148.158
NGIQ-BR-00000032,right,NGIQ-BR-00000309,0.0,0.0,0.0,0,43.791
NGIQ-BR-00000032,right,NGIQ-BR-00000310,0.0,0.0,0.0,0,126.253
NGIQ-BR-00000032,right,NGIQ-BR-00000311,0.0,0.0,0.0,0,34.318
NGIQ-BR-00000032,right,NGIQ-BR-00000312,0.0,0.0,0.0,0,99.813
NGIQ-BR-00000032,right,NGIQ-BR-00000313,0.0,0.0,0.0,0,94.298
NGIQ-BR-00000032,right,NGIQ-BR-00000314,0.0,0.0,0.0,0,95.946
NGIQ-BR-00000032,right,NGIQ-BR-00000315,0.0,0.0,0.0,0,58.636
NGIQ-BR-00000032,right,NGIQ-BR-00000316,0.0,0.0,0.0,0,46.585
NGIQ-BR-00000032,right,NGIQ-BR-00000317,0.0,0.0,0.0,0,48.656
NGIQ-BR-00000032,right,NGIQ-BR-00000318,0.0,0.0,0.0,0,139.032
NGIQ-BR-00000032,right,NGIQ-BR-00000319,0.0,0.0,0.0,0,92.159
NGIQ-BR-00000032,right,NGIQ-BR-00000320,0.0,0.0,0.0,0,79.156
NGIQ-BR-00000032,right,NGIQ-BR-00000321,0.0,0.0,0.0,0,79.481
NGIQ-BR-00000032,right,NGIQ-BR-00000322,0.0,0.0,0.0,0,117.966
NGIQ-BR-00000032,right,NGIQ-BR-00000323,0.00181,0.00287,0.00684,15,23.738
NGIQ-BR-00000032,right,NGIQ-BR-00000324,0.0,0.0,0.0,0,26.59
NGIQ-BR-00000032,right,NGIQ-BR-00000325,0.41926,0.22896,0.15748,3466,38.975
NGIQ-BR-00000032,right,NGIQ-BR-00000326,0.0,0.0,0.0,0,129.995
NGIQ-BR-00000032,right,NGIQ-BR-00000327,0.0,0.0,0.0,0,81.327
NGIQ-BR-00000032,right,NGIQ-BR-00000328,0.0,0.0,0.0,0,104.12
NGIQ-BR-00000032,right,NGIQ-BR-00000329,0.0,0.0,0.0,0,86.62
NGIQ-BR-00000032,right,NGIQ-BR-00000330,0.0,0.0,0.0,0,65.404
NGIQ-BR-00000033,left,NGIQ-BR-00000269,0.0,0.0,0.0,0,32.798
NGIQ-BR-00000033,left,NGIQ-BR-00000270,0.0,0.0,0.0,0,36.751
NGIQ-BR-00000033,left,NGIQ-BR-00000271,0.0,0.0,0.0,0,126.169
NGIQ-BR-00000033,left,NGIQ-BR-00000272,0.0,0.0,0.0,0,82.775
NGIQ-BR-00000033,left,NGIQ-BR-00000273,0.0,0.0,0.0,0,100.824
NGIQ-BR-00000033,left,NGIQ-BR-00000274,0.0,0.0,0.0,0,113.975
NGIQ-BR-00000033,left,NGIQ-BR-00000275,0.0,0.0,0.0,0,96.594
NGIQ-BR-00000033,left,NGIQ-BR-00000276,0.0,0.0,0.0,0,91.445
NGIQ-BR-00000033,left,NGIQ-BR-00000277,0.0,0.0,0.0,0,136.717
NGIQ-BR-00000033,left,NGIQ-BR-00000278,0.0,0.0,0.0,0,50.08
NGIQ-BR-00000033,left,NGIQ-BR-00000279,0.0,0.0,0.0,0,118.237
NGIQ-BR-00000033,left,NGIQ-BR-00000280,0.0,0.0,0.0,0,52.824
NGIQ-BR-00000033,left,NGIQ-BR-00000281,0.0,0.0,0.0,0,87.605
NGIQ-BR-00000033,left,NGIQ-BR-00000282,0.0,0.0,0.0,0,88.533
NGIQ-BR-00000033,left,NGIQ-BR-00000283,0.0,0.0,0.0,0,79.572
NGIQ-BR-00000033,left,NGIQ-BR-00000284,0.0,0.0,0.0,0,37.673
NGIQ-BR-00000033,left,NGIQ-BR-00000285,0.0,0.0,0.0,0,46.465
NGIQ-BR-00000033,left,NGIQ-BR-00000286,0.0,0.0,0.0,0,35.055
NGIQ-BR-00000033,left,NGIQ-BR-00000287,0.0,0.0,0.0,0,129.502
NGIQ-BR-00000033,left,NGIQ-BR-00000288,0.0,0.0,0.0,0,68.569
NGIQ-BR-00000033,left,NGIQ-BR-00000289,0.0,0.0,0.0,0,64.133
NGIQ-BR-00000033,left,NGIQ-BR-00000290,0.0,0.0,0.0,0,55.159
NGIQ-BR-00000033,left,NGIQ-BR-00000291,0.0,0.0,0.0,0,103.015
NGIQ-BR-00000033,left,NGIQ-BR-00000292,0.0,0.0,0.0,0,36.168
NGIQ-BR-00000033,left,NGIQ-BR-00000293,0.31496,0.24482,0.20024,2708,17.146
NGIQ-BR-00000033,left,NGIQ-BR-00000294,0.00372,0.00199,0.00136,32,24.244
NGIQ-BR-00000033,left,NGIQ-BR-00000295,0.0,0.0,0.0,0,110.179
NGIQ-BR-00000033,left,NGIQ-BR-00000296,0.0,0.0,0.0,0,68.919
NGIQ-BR-00000033,left,NGIQ-BR-00000297,0.0,0.0,0.0,0,85.667
NGIQ-BR-00000033,left,NGIQ-BR-00000298,0.0,0.0,0.0,0,71.569
NGIQ-BR-00000033,left,NGIQ-BR-00000299,0.0,0.0,0.0,0,52.946
NGIQ-BR-00000034,right,NGIQ-BR-00000300,0.0,0.0,0.0,0,31.123
NGIQ-BR-00000034,right,NGIQ-BR-00000301,0.04386,0.05663,0.0799,398,27.306
NGIQ-BR-00000034,right,NGIQ-BR-00000302,0.0,0.0,0.0,0,118.849
NGIQ-BR-00000034,right,NGIQ-BR-00000303,0.0,0.0,0.0,0,83.997
NGIQ-BR-00000034,right,NGIQ-BR-00000304,0.0,0.0,0.0,0,97.737
NGIQ-BR-00000034,right,NGIQ-BR-00000305,0.0,0.0,0.0,0,102.274
NGIQ-BR-00000034,right,NGIQ-BR-00000306,0.0,0.0,0.0,0,93.971
NGIQ-BR-00000034,right,NGIQ-BR-00000307,0.0,0.0,0.0,0,86.154
NGIQ-BR-00000034,right,NGIQ-BR-00000308,0.0,0.0,0.0,0,128.984
NGIQ-BR-00000034,right,NGIQ-BR-00000309,0.0,0.0,0.0,0,55.54
NGIQ-BR-00000034,right,NGIQ-BR-00000310,0.0,0.0,0.0,0,111.797
NGIQ-BR-00000034,right,NGIQ-BR-00000311,0.0,0.0,0.0,0,58.723
NGIQ-BR-00000034,right,NGIQ-BR-00000312,0.0,0.0,0.0,0,83.722
NGIQ-BR-00000034,right,NGIQ-BR-00000313,0.0,0.0,0.0,0,86.443
NGIQ-BR-00000034,right,NGIQ-BR-00000314,0.0,0.0,0.0,0,70.156
NGIQ-BR-00000034,right,NGIQ-BR-00000315,0.0,0.0,0.0,0,36.215
NGIQ-BR-00000034,right,NGIQ-BR-00000316,0.0,0.0,0.0,0,52.109
NGIQ-BR-00000034,right,NGIQ-BR-00000317,0.0,0.0,0.0,0,37.41
NGIQ-BR-00000034,right,NGIQ-BR-00000318,0.0,0.0,0.0,0,121.826
NGIQ-BR-00000034,right,NGIQ-BR-00000319,0.0,0.0,0.0,0,58.934
NGIQ-BR-00000034,right,NGIQ-BR-00000320,0.0,0.0,0.0,0,58.721
NGIQ-BR-00000034,right,NGIQ-BR-00000321,0.0,0.0,0.0,0,45.496
NGIQ-BR-00000034,right,NGIQ-BR-00000322,0.0,0.0,0.0,0,95.541
NGIQ-BR-00000034,right,NGIQ-BR-00000323,0.0,0.0,0.0,0,40.233
NGIQ-BR-00000034,right,NGIQ-BR-00000324,0.21148,0.17388,0.14763,1919,26.504
NGIQ-BR-00000034,right,NGIQ-BR-00000325,0.01356,0.00791,0.00559,123,19.997
NGIQ-BR-00000034,right,NGIQ-BR-00000326,0.0,0.0,0.0,0,102.908
NGIQ-BR-00000034,right,NGIQ-BR-00000327,0.0,0.0,0.0,0,65.197
NGIQ-BR-00000034,right,NGIQ-BR-00000328,0.0,0.0,0.0,0,72.939
NGIQ-BR-00000034,right,NGIQ-BR-00000329,0.0,0.0,0.0,0,64.609
NGIQ-BR-00000034,right,NGIQ-BR-00000330,0.0,0.0,0.0,0,51.511
NGIQ-BR-00000035,left,NGIQ-BR-00000269,0.0,0.0,0.0,0,38.68
NGIQ-BR-00000035,left,NGIQ-BR-00000270,0.17087,0.19959,0.23991,1159,14.013
NGIQ-BR-00000035,left,NGIQ-BR-00000271,0.0,0.0,0.0,0,102.733
NGIQ-BR-00000035,left,NGIQ-BR-00000272,0.0,0.0,0.0,0,77.879
NGIQ-BR-00000035,left,NGIQ-BR-00000273,0.0,0.0,0.0,0,81.707
NGIQ-BR-00000035,left,NGIQ-BR-00000274,0.0,0.0,0.0,0,84.53
NGIQ-BR-00000035,left,NGIQ-BR-00000275,0.0,0.0,0.0,0,77.862
NGIQ-BR-00000035,left,NGIQ-BR-00000276,0.0,0.0,0.0,0,70.718
NGIQ-BR-00000035,left,NGIQ-BR-00000277,0.0,0.0,0.0,0,111.163
NGIQ-BR-00000035,left,NGIQ-BR-00000278,0.0,0.0,0.0,0,60.273
NGIQ-BR-00000035,left,NGIQ-BR-00000279,0.0,0.0,0.0,0,96.78
NGIQ-BR-00000035,left,NGIQ-BR-00000280,0.0,0.0,0.0,0,70.389
NGIQ-BR-00000035,left,NGIQ-BR-00000281,0.0,0.0,0.0,0,66.653
NGIQ-BR-00000035,left,NGIQ-BR-00000282,0.0,0.0,0.0,0,73.637
NGIQ-BR-00000035,left,NGIQ-BR-00000283,0.0,0.0,0.0,0,59.574
NGIQ-BR-00000035,left,NGIQ-BR-00000284,0.00944,0.01083,0.0127,64,23.056
NGIQ-BR-00000035,left,NGIQ-BR-00000285,0.0,0.0,0.0,0,57.035
NGIQ-BR-00000035,left,NGIQ-BR-00000286,0.0,0.0,0.0,0,38.184
NGIQ-BR-00000035,left,NGIQ-BR-00000287,0.0,0.0,0.0,0,106.352
NGIQ-BR-00000035,left,NGIQ-BR-00000288,0.0,0.0,0.0,0,37.111
NGIQ-BR-00000035,left,NGIQ-BR-00000289,0.0,0.0,0.0,0,47.618
NGIQ-BR-00000035,left,NGIQ-BR-00000290,0.00737,0.00497,0.00375,50,24.648
NGIQ-BR-00000035,left,NGIQ-BR-00000291,0.0,0.0,0.0,0,79.2
NGIQ-BR-00000035,left,NGIQ-BR-00000292,0.0,0.0,0.0,0,54.259
NGIQ-BR-00000035,left,NGIQ-BR-00000293,0.04379,0.02925,0.02196,297,41.33
NGIQ-BR-00000035,left,NGIQ-BR-00000294,0.0,0.0,0.0,0,36.336
NGIQ-BR-00000035,left,NGIQ-BR-00000295,0.0,0.0,0.0,0,83.171
NGIQ-BR-00000035,left,NGIQ-BR-00000296,0.0,0.0,0.0,0,49.553
NGIQ-BR-00000035,left,NGIQ-BR-00000297,0.0,0.0,0.0,0,54.166
NGIQ-BR-00000035,left,NGIQ-BR-00000298,0.0,0.0,0.0,0,46.668
NGIQ-BR-00000035,left,NGIQ-BR-00000299,0.0,0.0,0.0,0,38.909
NGIQ-BR-00000036,right,NGIQ-BR-00000300,0.0,0.0,0.0,0,39.126
NGIQ-BR-00000036,right,NGIQ-BR-00000301,0.16302,0.16742,0.17205,857,11.391
NGIQ-BR-00000036,right,NGIQ-BR-00000302,0.0,0.0,0.0,0,97.593
NGIQ-BR-00000036,right,NGIQ-BR-00000303,0.0,0.0,0.0,0,80.059
NGIQ-BR-00000036,right,NGIQ-BR-00000304,0.0,0.0,0.0,0,81.415
NGIQ-BR-00000036,right,NGIQ-BR-00000305,0.0,0.0,0.0,0,75.846
NGIQ-BR-00000036,right,NGIQ-BR-00000306,0.0,0.0,0.0,0,79.025
NGIQ-BR-00000036,right,NGIQ-BR-00000307,0.0,0.0,0.0,0,67.822
NGIQ-BR-00000036,right,NGIQ-BR-00000308,0.0,0.0,0.0,0,105.877
NGIQ-BR-00000036,right,NGIQ-BR-00000309,0.0,0.0,0.0,0,64.47
NGIQ-BR-00000036,right,NGIQ-BR-00000310,0.0,0.0,0.0,0,92.571
NGIQ-BR-00000036,right,NGIQ-BR-00000311,0.0,0.0,0.0,0,73.264
NGIQ-BR-00000036,right,NGIQ-BR-00000312,0.0,0.0,0.0,0,66.543
NGIQ-BR-00000036,right,NGIQ-BR-00000313,0.0,0.0,0.0,0,73.442
NGIQ-BR-00000036,right,NGIQ-BR-00000314,0.0,0.0,0.0,0,53.722
NGIQ-BR-00000036,right,NGIQ-BR-00000315,0.0,0.0,0.0,0,28.156
NGIQ-BR-00000036,right,NGIQ-BR-00000316,0.0,0.0,0.0,0,62.339
NGIQ-BR-00000036,right,NGIQ-BR-00000317,0.0,0.0,0.0,0,42.19
NGIQ-BR-00000036,right,NGIQ-BR-00000318,0.0,0.0,0.0,0,100.856
NGIQ-BR-00000036,right,NGIQ-BR-00000319,0.0,0.0,0.0,0,31.239
NGIQ-BR-00000036,right,NGIQ-BR-00000320,0.0,0.0,0.0,0,44.816
NGIQ-BR-00000036,right,NGIQ-BR-00000321,0.01503,0.00878,0.00621,79,18.164
NGIQ-BR-00000036,right,NGIQ-BR-00000322,0.0,0.0,0.0,0,74.459
NGIQ-BR-00000036,right,NGIQ-BR-00000323,0.0,0.0,0.0,0,56.095
NGIQ-BR-00000036,right,NGIQ-BR-00000324,0.01921,0.01106,0.00777,101,47.253
NGIQ-BR-00000036,right,NGIQ-BR-00000325,0.0,0.0,0.0,0,37.591
NGIQ-BR-00000036,right,NGIQ-BR-00000326,0.0,0.0,0.0,0,79.061
NGIQ-BR-00000036,right,NGIQ-BR-00000327,0.0,0.0,0.0,0,51.031
NGIQ-BR-00000036,right,NGIQ-BR-00000328,0.0,0.0,0.0,0,45.092
NGIQ-BR-00000036,right,NGIQ-BR-00000329,0.0,0.0,0.0,0,43.671
NGIQ-BR-00000036,right,NGIQ-BR-00000330,0.0,0.0,0.0,0,41.329
NGIQ-BR-00000037,left,NGIQ-BR-00000269,0.0,0.0,0.0,0,44.914
NGIQ-BR-00000037,left,NGIQ-BR-00000270,0.0,0.0,0.0,0,57.975
NGIQ-BR-00000037,left,NGIQ-BR-00000271,0.0,0.0,0.0,0,139.033
NGIQ-BR-00000037,left,NGIQ-BR-00000272,0.0,0.0,0.0,0,77.968
NGIQ-BR-00000037,left,NGIQ-BR-00000273,0.0,0.0,0.0,0,104.602
NGIQ-BR-00000037,left,NGIQ-BR-00000274,0.0,0.0,0.0,0,128.58
NGIQ-BR-00000037,left,NGIQ-BR-00000275,0.0,0.0,0.0,0,98.198
NGIQ-BR-00000037,left,NGIQ-BR-00000276,0.0,0.0,0.0,0,103.891
NGIQ-BR-00000037,left,NGIQ-BR-00000277,0.0,0.0,0.0,0,146.837
NGIQ-BR-00000037,left,NGIQ-BR-00000278,0.0,0.0,0.0,0,38.222
NGIQ-BR-00000037,left,NGIQ-BR-00000279,0.0,0.0,0.0,0,127.252
NGIQ-BR-00000037,left,NGIQ-BR-00000280,0.0,0.0,0.0,0,39.324
NGIQ-BR-00000037,left,NGIQ-BR-00000281,0.0,0.0,0.0,0,90.679
NGIQ-BR-00000037,left,NGIQ-BR-00000282,0.0,0.0,0.0,0,91.309
NGIQ-BR-00000037,left,NGIQ-BR-00000283,0.0,0.0,0.0,0,99.116
NGIQ-BR-00000037,left,NGIQ-BR-00000284,0.0,0.0,0.0,0,44.888
NGIQ-BR-00000037,left,NGIQ-BR-00000285,0.0,0.0,0.0,0,32.032
NGIQ-BR-00000037,left,NGIQ-BR-00000286,0.0,0.0,0.0,0,31.149
NGIQ-BR-00000037,left,NGIQ-BR-00000287,0.0,0.0,0.0,0,140.525
NGIQ-BR-00000037,left,NGIQ-BR-00000288,0.0,0.0,0.0,0,85.901
NGIQ-BR-00000037,left,NGIQ-BR-00000289,0.0,0.0,0.0,0,80.261
NGIQ-BR-00000037,left,NGIQ-BR-00000290,0.0,0.0,0.0,0,73.693
NGIQ-BR-00000037,left,NGIQ-BR-00000291,0.0,0.0,0.0,0,118.847
NGIQ-BR-00000037,left,NGIQ-BR-00000292,0.0,0.0,0.0,0,31.011
NGIQ-BR-00000037,left,NGIQ-BR-00000293,0.34028,0.24351,0.18959,2564,9.36
NGIQ-BR-00000037,left,NGIQ-BR-00000294,0.02575,0.01246,0.00822,194,43.613
NGIQ-BR-00000037,left,NGIQ-BR-00000295,0.0,0.0,0.0,0,127.506
NGIQ-BR-00000037,left,NGIQ-BR-00000296,0.0,0.0,0.0,0,72.569
NGIQ-BR-00000037,left,NGIQ-BR-00000297,0.0,0.0,0.0,0,100.402
NGIQ-BR-00000037,left,NGIQ-BR-00000298,0.0,0.0,0.0,0,80.884
NGIQ-BR-00000037,left,NGIQ-BR-00000299,0.0,0.0,0.0,0,57.571
NGIQ-BR-00000038,right,NGIQ-BR-00000300,0.0,0.0,0.0,0,42.398
NGIQ-BR-00000038,right,NGIQ-BR-00000301,0.0,0.0,0.0,0,53.781
NGIQ-BR-00000038,right,NGIQ-BR-00000302,0.0,0.0,0.0,0,135.982
NGIQ-BR-00000038,right,NGIQ-BR-00000303,0.0,0.0,0.0,0,79.598
NGIQ-BR-00000038,right,NGIQ-BR-00000304,0.0,0.0,0.0,0,103.953
NGIQ-BR-00000038,right,NGIQ-BR-00000305,0.0,0.0,0.0,0,121.881
NGIQ-BR-00000038,right,NGIQ-BR-00000306,0.0,0.0,0.0,0,97.153
NGIQ-BR-00000038,right,NGIQ-BR-00000307,0.0,0.0,0.0,0,101.958
NGIQ-BR-00000038,right,NGIQ-BR-00000308,0.0,0.0,0.0,0,143.382
NGIQ-BR-00000038,right,NGIQ-BR-00000309,0.0,0.0,0.0,0,41.972
NGIQ-BR-00000038,right,NGIQ-BR-00000310,0.0,0.0,0.0,0,124.348
NGIQ-BR-00000038,right,NGIQ-BR-00000311,0.0,0.0,0.0,0,42.156
NGIQ-BR-00000038,right,NGIQ-BR-00000312,0.0,0.0,0.0,0,89.393
NGIQ-BR-00000038,right,NGIQ-BR-00000313,0.0,0.0,0.0,0,91.408
NGIQ-BR-00000038,right,NGIQ-BR-00000314,0.0,0.0,0.0,0,93.722
NGIQ-BR-00000038,right,NGIQ-BR-00000315,0.0,0.0,0.0,0,44.149
NGIQ-BR-00000038,right,NGIQ-BR-00000316,0.0,0.0,0.0,0,35.612
NGIQ-BR-00000038,right,NGIQ-BR-00000317,0.0,0.0,0.0,0,32.822
NGIQ-BR-00000038,right,NGIQ-BR-00000318,0.0,0.0,0.0,0,136.924
NGIQ-BR-00000038,right,NGIQ-BR-00000319,0.0,0.0,0.0,0,81.771
NGIQ-BR-00000038,right,NGIQ-BR-00000320,0.0,0.0,0.0,0,78.046
NGIQ-BR-00000038,right,NGIQ-BR-00000321,0.0,0.0,0.0,0,68.895
NGIQ-BR-00000038,right,NGIQ-BR-00000322,0.0,0.0,0.0,0,115.452
NGIQ-BR-00000038,right,NGIQ-BR-00000323,0.0,0.0,0.0,0,30.996
NGIQ-BR-00000038,right,NGIQ-BR-00000324,0.29951,0.24374,0.20548,2671,8.489
NGIQ-BR-00000038,right,NGIQ-BR-00000325,0.0176,0.01015,0.00713,157,37.773
NGIQ-BR-00000038,right,NGIQ-BR-00000326,0.0,0.0,0.0,0,125.256
NGIQ-BR-00000038,right,NGIQ-BR-00000327,0.0,0.0,0.0,0,70.171
NGIQ-BR-00000038,right,NGIQ-BR-00000328,0.0,0.0,0.0,0,93.008
NGIQ-BR-00000038,right,NGIQ-BR-00000329,0.0,0.0,0.0,0,77.121
NGIQ-BR-00000038,right,NGIQ-BR-00000330,0.0,0.0,0.0,0,57.247
NGIQ-BR-00000039,left,NGIQ-BR-00000269,0.0,0.0,0.0,0,42.651
NGIQ-BR-00000039,left,NGIQ-BR-00000270,0.0,0.0,0.0,0,43.841
NGIQ-BR-00000039,left,NGIQ-BR-00000271,0.0,0.0,0.0,0,126.524
NGIQ-BR-00000039,left,NGIQ-BR-00000272,0.0,0.0,0.0,0,71.968
NGIQ-BR-00000039,left,NGIQ-BR-00000273,0.0,0.0,0.0,0,91.723
NGIQ-BR-00000039,left,NGIQ-BR-00000274,0.0,0.0,0.0,0,111.987
NGIQ-BR-00000039,left,NGIQ-BR-00000275,0.0,0.0,0.0,0,84.016
NGIQ-BR-00000039,left,NGIQ-BR-00000276,0.0,0.0,0.0,0,92.389
NGIQ-BR-00000039,left,NGIQ-BR-00000277,0.0,0.0,0.0,0,132.299
NGIQ-BR-00000039,left,NGIQ-BR-00000278,0.0,0.0,0.0,0,39.179
NGIQ-BR-00000039,left,NGIQ-BR-00000279,0.0,0.0,0.0,0,115.154
NGIQ-BR-00000039,left,NGIQ-BR-00000280,0.0,0.0,0.0,0,48.808
NGIQ-BR-00000039,left,NGIQ-BR-00000281,0.0,0.0,0.0,0,74.439
NGIQ-BR-00000039,left,NGIQ-BR-00000282,0.0,0.0,0.0,0,80.688
NGIQ-BR-00000039,left,NGIQ-BR-00000283,0.0,0.0,0.0,0,88.31
NGIQ-BR-00000039,left,NGIQ-BR-00000284,0.0,0.0,0.0,0,25.882
NGIQ-BR-00000039,left,NGIQ-BR-00000285,0.00056,0.00092,0.00259,5,29.389
NGIQ-BR-00000039,left,NGIQ-BR-00000286,0.00695,0.0107,0.02324,62,16.401
NGIQ-BR-00000039,left,NGIQ-BR-00000287,0.0,0.0,0.0,0,127.91
NGIQ-BR-00000039,left,NGIQ-BR-00000288,0.0,0.0,0.0,0,68.345
NGIQ-BR-00000039,left,NGIQ-BR-00000289,0.0,0.0,0.0,0,70.621
NGIQ-BR-00000039,left,NGIQ-BR-00000290,0.0,0.0,0.0,0,57.083
NGIQ-BR-00000039,left,NGIQ-BR-00000291,0.0,0.0,0.0,0,106.197
NGIQ-BR-00000039,left,NGIQ-BR-00000292,0.0,0.0,0.0,0,38.297
NGIQ-BR-00000039,left,NGIQ-BR-00000293,0.31992,0.25437,0.21111,2855,12.63
NGIQ-BR-00000039,left,NGIQ-BR-00000294,0.0,0.0,0.0,0,42.121
NGIQ-BR-00000039,left,NGIQ-BR-00000295,0.0,0.0,0.0,0,113.014
NGIQ-BR-00000039,left,NGIQ-BR-00000296,0.0,0.0,0.0,0,56.049
NGIQ-BR-00000039,left,NGIQ-BR-00000297,0.0,0.0,0.0,0,81.959
NGIQ-BR-00000039,left,NGIQ-BR-00000298,0.0,0.0,0.0,0,64.396
NGIQ-BR-00000039,left,NGIQ-BR-00000299,0.0,0.0,0.0,0,43.765
NGIQ-BR-00000040,right,NGIQ-BR-00000300,0.0,0.0,0.0,0,45.287
NGIQ-BR-00000040,right,NGIQ-BR-00000301,0.0,0.0,0.0,0,48.37
NGIQ-BR-00000040,right,NGIQ-BR-00000302,0.0,0.0,0.0,0,128.38
NGIQ-BR-00000040,right,NGIQ-BR-00000303,0.0,0.0,0.0,0,71.745
NGIQ-BR-00000040,right,NGIQ-BR-00000304,0.0,0.0,0.0,0,92.547
NGIQ-BR-00000040,right,NGIQ-BR-00000305,0.0,0.0,0.0,0,110.693
NGIQ-BR-00000040,right,NGIQ-BR-00000306,0.0,0.0,0.0,0,83.519
NGIQ-BR-00000040,right,NGIQ-BR-00000307,0.0,0.0,0.0,0,95.359
NGIQ-BR-00000040,right,NGIQ-BR-00000308,0.0,0.0,0.0,0,132.442
NGIQ-BR-00000040,right,NGIQ-BR-00000309,0.0,0.0,0.0,0,38.101
NGIQ-BR-00000040,right,NGIQ-BR-00000310,0.0,0.0,0.0,0,115.739
NGIQ-BR-00000040,right,NGIQ-BR-00000311,0.0,0.0,0.0,0,46.517
NGIQ-BR-00000040,right,NGIQ-BR-00000312,0.0,0.0,0.0,0,74.214
NGIQ-BR-00000040,right,NGIQ-BR-00000313,0.0,0.0,0.0,0,81.827
NGIQ-BR-00000040,right,NGIQ-BR-00000314,0.0,0.0,0.0,0,90.856
NGIQ-BR-00000040,right,NGIQ-BR-00000315,0.00206,0.00282,0.00448,18,28.798
NGIQ-BR-00000040,right,NGIQ-BR-00000316,0.00103,0.00167,0.00447,9,26.376
NGIQ-BR-00000040,right,NGIQ-BR-00000317,0.00355,0.0053,0.01049,31,16.101
NGIQ-BR-00000040,right,NGIQ-BR-00000318,0.0,0.0,0.0,0,128.49
NGIQ-BR-00000040,right,NGIQ-BR-00000319,0.0,0.0,0.0,0,71.505
NGIQ-BR-00000040,right,NGIQ-BR-00000320,0.0,0.0,0.0,0,74.823
NGIQ-BR-00000040,right,NGIQ-BR-00000321,0.0,0.0,0.0,0,59.579
NGIQ-BR-00000040,right,NGIQ-BR-00000322,0.0,0.0,0.0,0,108.994
NGIQ-BR-00000040,right,NGIQ-BR-00000323,0.0,0.0,0.0,0,37.209
NGIQ-BR-00000040,right,NGIQ-BR-00000324,0.33596,0.27018,0.22594,2937,10.872
NGIQ-BR-00000040,right,NGIQ-BR-00000325,0.0,0.0,0.0,0,44.05
NGIQ-BR-00000040,right,NGIQ-BR-00000326,0.0,0.0,0.0,0,117.674
NGIQ-BR-00000040,right,NGIQ-BR-00000327,0.0,0.0,0.0,0,55.029
NGIQ-BR-00000040,right,NGIQ-BR-00000328,0.0,0.0,0.0,0,80.466
NGIQ-BR-00000040,right,NGIQ-BR-00000329,0.0,0.0,0.0,0,64.045
NGIQ-BR-00000040,right,NGIQ-BR-00000330,0.0,0.0,0.0,0,45.463
NGIQ-BR-00000043,left,NGIQ-BR-00000269,0.0,0.0,0.0,0,43.692
NGIQ-BR-00000043,left,NGIQ-BR-00000270,0.28233,0.2949,0.30863,1491,11.238
NGIQ-BR-00000043,left,NGIQ-BR-00000271,0.0,0.0,0.0,0,95.364
NGIQ-BR-00000043,left,NGIQ-BR-00000272,0.0,0.0,0.0,0,93.451
NGIQ-BR-00000043,left,NGIQ-BR-00000273,0.0,0.0,0.0,0,90.677
NGIQ-BR-00000043,left,NGIQ-BR-00000274,0.0,0.0,0.0,0,78.275
NGIQ-BR-00000043,left,NGIQ-BR-00000275,0.0,0.0,0.0,0,91.249
NGIQ-BR-00000043,left,NGIQ-BR-00000276,0.0,0.0,0.0,0,66.003
NGIQ-BR-00000043,left,NGIQ-BR-00000277,0.0,0.0,0.0,0,109.343
NGIQ-BR-00000043,left,NGIQ-BR-00000278,0.0,0.0,0.0,0,79.776
NGIQ-BR-00000043,left,NGIQ-BR-00000279,0.0,0.0,0.0,0,95.85
NGIQ-BR-00000043,left,NGIQ-BR-00000280,0.0,0.0,0.0,0,86.526
NGIQ-BR-00000043,left,NGIQ-BR-00000281,0.0,0.0,0.0,0,81.073
NGIQ-BR-00000043,left,NGIQ-BR-00000282,0.0,0.0,0.0,0,83.391
NGIQ-BR-00000043,left,NGIQ-BR-00000283,0.0,0.0,0.0,0,40.935
NGIQ-BR-00000043,left,NGIQ-BR-00000284,0.0,0.0,0.0,0,46.017
NGIQ-BR-00000043,left,NGIQ-BR-00000285,0.0,0.0,0.0,0,79.767
NGIQ-BR-00000043,left,NGIQ-BR-00000286,0.0,0.0,0.0,0,61.58
NGIQ-BR-00000043,left,NGIQ-BR-00000287,0.0,0.0,0.0,0,101.92
NGIQ-BR-00000043,left,NGIQ-BR-00000288,0.0,0.0,0.0,0,32.042
NGIQ-BR-00000043,left,NGIQ-BR-00000289,0.0,0.0,0.0,0,38.747
NGIQ-BR-00000043,left,NGIQ-BR-00000290,0.00019,0.00011,7e-05,1,19.254
NGIQ-BR-00000043,left,NGIQ-BR-00000291,0.0,0.0,0.0,0,67.959
NGIQ-BR-00000043,left,NGIQ-BR-00000292,0.0,0.0,0.0,0,67.699
NGIQ-BR-00000043,left,NGIQ-BR-00000293,0.0,0.0,0.0,0,60.109
NGIQ-BR-00000043,left,NGIQ-BR-00000294,0.00436,0.00159,0.00097,23,37.015
NGIQ-BR-00000043,left,NGIQ-BR-00000295,0.0,0.0,0.0,0,70.1
NGIQ-BR-00000043,left,NGIQ-BR-00000296,0.0,0.0,0.0,0,66.326
NGIQ-BR-00000043,left,NGIQ-BR-00000297,0.0,0.0,0.0,0,52.755
NGIQ-BR-00000043,left,NGIQ-BR-00000298,0.0,0.0,0.0,0,55.547
NGIQ-BR-00000043,left,NGIQ-BR-00000299,0.0,0.0,0.0,0,55.35
NGIQ-BR-00000044,right,NGIQ-BR-00000300,0.0,0.0,0.0,0,42.222
NGIQ-BR-00000044,right,NGIQ-BR-00000301,0.35291,0.35502,0.35716,1779,9.979
NGIQ-BR-00000044,right,NGIQ-BR-00000302,0.0,0.0,0.0,0,95.925
NGIQ-BR-00000044,right,NGIQ-BR-00000303,0.0,0.0,0.0,0,94.235
NGIQ-BR-00000044,right,NGIQ-BR-00000304,0.0,0.0,0.0,0,92.694
NGIQ-BR-00000044,right,NGIQ-BR-00000305,0.0,0.0,0.0,0,76.47
NGIQ-BR-00000044,right,NGIQ-BR-00000306,0.0,0.0,0.0,0,93.864
NGIQ-BR-00000044,right,NGIQ-BR-00000307,0.0,0.0,0.0,0,68.202
NGIQ-BR-00000044,right,NGIQ-BR-00000308,0.0,0.0,0.0,0,109.472
NGIQ-BR-00000044,right,NGIQ-BR-00000309,0.0,0.0,0.0,0,79.495
NGIQ-BR-00000044,right,NGIQ-BR-00000310,0.0,0.0,0.0,0,96.16
NGIQ-BR-00000044,right,NGIQ-BR-00000311,0.0,0.0,0.0,0,84.985
NGIQ-BR-00000044,right,NGIQ-BR-00000312,0.0,0.0,0.0,0,82.116
NGIQ-BR-00000044,right,NGIQ-BR-00000313,0.0,0.0,0.0,0,84.556
NGIQ-BR-00000044,right,NGIQ-BR-00000314,0.0,0.0,0.0,0,41.216
NGIQ-BR-00000044,right,NGIQ-BR-00000315,0.0,0.0,0.0,0,47.359
NGIQ-BR-00000044,right,NGIQ-BR-00000316,0.0,0.0,0.0,0,79.522
NGIQ-BR-00000044,right,NGIQ-BR-00000317,0.0,0.0,0.0,0,60.346
NGIQ-BR-00000044,right,NGIQ-BR-00000318,0.0,0.0,0.0,0,101.716
NGIQ-BR-00000044,right,NGIQ-BR-00000319,0.0,0.0,0.0,0,32.211
NGIQ-BR-00000044,right,NGIQ-BR-00000320,0.0,0.0,0.0,0,40.34
NGIQ-BR-00000044,right,NGIQ-BR-00000321,0.00278,0.00158,0.0011,14,21.349
NGIQ-BR-00000044,right,NGIQ-BR-00000322,0.0,0.0,0.0,0,69.81
NGIQ-BR-00000044,right,NGIQ-BR-00000323,0.0,0.0,0.0,0,65.396
NGIQ-BR-00000044,right,NGIQ-BR-00000324,0.0,0.0,0.0,0,60.158
NGIQ-BR-00000044,right,NGIQ-BR-00000325,0.00694,0.00259,0.00159,35,36.188
NGIQ-BR-00000044,right,NGIQ-BR-00000326,0.0,0.0,0.0,0,72.599
NGIQ-BR-00000044,right,NGIQ-BR-00000327,0.0,0.0,0.0,0,68.246
NGIQ-BR-00000044,right,NGIQ-BR-00000328,0.0,0.0,0.0,0,49.949
NGIQ-BR-00000044,right,NGIQ-BR-00000329,0.0,0.0,0.0,0,56.368
NGIQ-BR-00000044,right,NGIQ-BR-00000330,0.0,0.0,0.0,0,57.073
NGIQ-BR-00000045,left,NGIQ-BR-00000269,0.0,0.0,0.0,0,55.946
NGIQ-BR-00000045,left,NGIQ-BR-00000270,0.0,0.0,0.0,0,74.762
NGIQ-BR-00000045,left,NGIQ-BR-00000271,0.0,0.0,0.0,0,145.674
NGIQ-BR-00000045,left,NGIQ-BR-00000272,0.0,0.0,0.0,0,71.829
NGIQ-BR-00000045,left,NGIQ-BR-00000273,0.0,0.0,0.0,0,104.895
NGIQ-BR-00000045,left,NGIQ-BR-00000274,0.0,0.0,0.0,0,137.624
NGIQ-BR-00000045,left,NGIQ-BR-00000275,0.0,0.0,0.0,0,97.599
NGIQ-BR-00000045,left,NGIQ-BR-00000276,0.0,0.0,0.0,0,110.952
NGIQ-BR-00000045,left,NGIQ-BR-00000277,0.0,0.0,0.0,0,151.284
NGIQ-BR-00000045,left,NGIQ-BR-00000278,0.00704,0.00682,0.00661,52,30.131
NGIQ-BR-00000045,left,NGIQ-BR-00000279,0.0,0.0,0.0,0,130.822
NGIQ-BR-00000045,left,NGIQ-BR-00000280,0.0,0.0,0.0,0,29.083
NGIQ-BR-00000045,left,NGIQ-BR-00000281,0.0,0.0,0.0,0,92.223
NGIQ-BR-00000045,left,NGIQ-BR-00000282,0.0,0.0,0.0,0,91.004
NGIQ-BR-00000045,left,NGIQ-BR-00000283,0.0,0.0,0.0,0,112.658
NGIQ-BR-00000045,left,NGIQ-BR-00000284,0.0,0.0,0.0,0,54.347
NGIQ-BR-00000045,left,NGIQ-BR-00000285,0.00284,0.00451,0.01089,21,25.679
NGIQ-BR-00000045,left,NGIQ-BR-00000286,0.0,0.0,0.0,0,36.385
NGIQ-BR-00000045,left,NGIQ-BR-00000287,0.0,0.0,0.0,0,145.551
NGIQ-BR-00000045,left,NGIQ-BR-00000288,0.0,0.0,0.0,0,98.796
NGIQ-BR-00000045,left,NGIQ-BR-00000289,0.0,0.0,0.0,0,91.251
NGIQ-BR-00000045,left,NGIQ-BR-00000290,0.0,0.0,0.0,0,87.826
NGIQ-BR-00000045,left,NGIQ-BR-00000291,0.0,0.0,0.0,0,128.548
NGIQ-BR-00000045,left,NGIQ-BR-00000292,0.0,0.0,0.0,0,32.736
NGIQ-BR-00000045,left,NGIQ-BR-00000293,0.42258,0.29858,0.23085,3122,26.003
NGIQ-BR-00000045,left,NGIQ-BR-00000294,0.04521,0.02156,0.01416,334,60.098
NGIQ-BR-00000045,left,NGIQ-BR-00000295,0.0,0.0,0.0,0,138.625
NGIQ-BR-00000045,left,NGIQ-BR-00000296,0.0,0.0,0.0,0,75.706
NGIQ-BR-00000045,left,NGIQ-BR-00000297,0.0,0.0,0.0,0,110.897
NGIQ-BR-00000045,left,NGIQ-BR-00000298,0.0,0.0,0.0,0,87.326
NGIQ-BR-00000045,left,NGIQ-BR-00000299,0.0,0.0,0.0,0,61.956
NGIQ-BR-00000046,right,NGIQ-BR-00000300,0.0,0.0,0.0,0,55.328
NGIQ-BR-00000046,right,NGIQ-BR-00000301,0.0,0.0,0.0,0,73.423
NGIQ-BR-00000046,right,NGIQ-BR-00000302,0.0,0.0,0.0,0,144.472
NGIQ-BR-00000046,right,NGIQ-BR-00000303,0.0,0.0,0.0,0,72.6
NGIQ-BR-00000046,right,NGIQ-BR-00000304,0.0,0.0,0.0,0,104.256
NGIQ-BR-00000046,right,NGIQ-BR-00000305,0.0,0.0,0.0,0,132.934
NGIQ-BR-00000046,right,NGIQ-BR-00000306,0.0,0.0,0.0,0,95.716
NGIQ-BR-00000046,right,NGIQ-BR-00000307,0.0,0.0,0.0,0,110.475
NGIQ-BR-00000046,right,NGIQ-BR-00000308,0.0,0.0,0.0,0,149.133
NGIQ-BR-00000046,right,NGIQ-BR-00000309,0.00211,0.0023,0.00252,19,32.125
NGIQ-BR-00000046,right,NGIQ-BR-00000310,0.0,0.0,0.0,0,129.08
NGIQ-BR-00000046,right,NGIQ-BR-00000311,0.0,0.0,0.0,0,30.202
NGIQ-BR-00000046,right,NGIQ-BR-00000312,0.0,0.0,0.0,0,90.93
NGIQ-BR-00000046,right,NGIQ-BR-00000313,0.0,0.0,0.0,0,91.369
NGIQ-BR-00000046,right,NGIQ-BR-00000314,0.0,0.0,0.0,0,109.928
NGIQ-BR-00000046,right,NGIQ-BR-00000315,0.0,0.0,0.0,0,53.878
NGIQ-BR-00000046,right,NGIQ-BR-00000316,0.00521,0.00852,0.02333,47,26.531
NGIQ-BR-00000046,right,NGIQ-BR-00000317,0.0,0.0,0.0,0,37.778
NGIQ-BR-00000046,right,NGIQ-BR-00000318,0.0,0.0,0.0,0,143.51
NGIQ-BR-00000046,right,NGIQ-BR-00000319,0.0,0.0,0.0,0,97.192
NGIQ-BR-00000046,right,NGIQ-BR-00000320,0.0,0.0,0.0,0,91.127
NGIQ-BR-00000046,right,NGIQ-BR-00000321,0.0,0.0,0.0,0,85.311
NGIQ-BR-00000046,right,NGIQ-BR-00000322,0.0,0.0,0.0,0,127.07
NGIQ-BR-00000046,right,NGIQ-BR-00000323,0.0,0.0,0.0,0,32.559
NGIQ-BR-00000046,right,NGIQ-BR-00000324,0.39366,0.32259,0.27325,3552,23.294
NGIQ-BR-00000046,right,NGIQ-BR-00000325,0.0389,0.02262,0.01595,351,57.101
NGIQ-BR-00000046,right,NGIQ-BR-00000326,0.0,0.0,0.0,0,138.803
NGIQ-BR-00000046,right,NGIQ-BR-00000327,0.0,0.0,0.0,0,72.921
NGIQ-BR-00000046,right,NGIQ-BR-00000328,0.0,0.0,0.0,0,105.832
NGIQ-BR-00000046,right,NGIQ-BR-00000329,0.0,0.0,0.0,0,84.594
NGIQ-BR-00000046,right,NGIQ-BR-00000330,0.0,0.0,0.0,0,61.67
NGIQ-BR-00000003,left,NGIQ-BR-00000269,0.0,0.0,0.0,0,41.523
NGIQ-BR-00000003,left,NGIQ-BR-00000270,0.0,0.0,0.0,0,27.073
NGIQ-BR-00000003,left,NGIQ-BR-00000271,0.0,0.0,0.0,0,102.152
NGIQ-BR-00000003,left,NGIQ-BR-00000272,0.0,0.0,0.0,0,67.311
NGIQ-BR-00000003,left,NGIQ-BR-00000273,0.0,0.0,0.0,0,72.968
NGIQ-BR-00000003,left,NGIQ-BR-00000274,0.0,0.0,0.0,0,83.941
NGIQ-BR-00000003,left,NGIQ-BR-00000275,0.0,0.0,0.0,0,66.985
NGIQ-BR-00000003,left,NGIQ-BR-00000276,0.0,0.0,0.0,0,70.08
NGIQ-BR-00000003,left,NGIQ-BR-00000277,0.0,0.0,0.0,0,107.258
NGIQ-BR-00000003,left,NGIQ-BR-00000278,0.0,0.0,0.0,0,51.397
NGIQ-BR-00000003,left,NGIQ-BR-00000279,0.0,0.0,0.0,0,92.876
NGIQ-BR-00000003,left,NGIQ-BR-00000280,0.0,0.0,0.0,0,64.52
NGIQ-BR-00000003,left,NGIQ-BR-00000281,0.0,0.0,0.0,0,55.596
NGIQ-BR-00000003,left,NGIQ-BR-00000282,0.0,0.0,0.0,0,65.135
NGIQ-BR-00000003,left,NGIQ-BR-00000283,0.0,0.0,0.0,0,67.184
NGIQ-BR-00000003,left,NGIQ-BR-00000284,0.4059,0.28391,0.2183,1100,10.163
NGIQ-BR-00000003,left,NGIQ-BR-00000285,0.0,0.0,0.0,0,47.336
NGIQ-BR-00000003,left,NGIQ-BR-00000286,0.0,0.0,0.0,0,28.248
NGIQ-BR-00000003,left,NGIQ-BR-00000287,0.0,0.0,0.0,0,104.047
NGIQ-BR-00000003,left,NGIQ-BR-00000288,0.0,0.0,0.0,0,40.126
NGIQ-BR-00000003,left,NGIQ-BR-00000289,0.0,0.0,0.0,0,51.851
NGIQ-BR-00000003,left,NGIQ-BR-00000290,0.0,0.0,0.0,0,30.803
NGIQ-BR-00000003,left,NGIQ-BR-00000291,0.0,0.0,0.0,0,81.529
NGIQ-BR-00000003,left,NGIQ-BR-00000292,0.0,0.0,0.0,0,51.435
NGIQ-BR-00000003,left,NGIQ-BR-00000293,0.0,0.0,0.0,0,38.877
NGIQ-BR-00000003,left,NGIQ-BR-00000294,0.0,0.0,0.0,0,44.482
NGIQ-BR-00000003,left,NGIQ-BR-00000295,0.0,0.0,0.0,0,86.343
NGIQ-BR-00000003,left,NGIQ-BR-00000296,0.0,0.0,0.0,0,37.8
NGIQ-BR-00000003,left,NGIQ-BR-00000297,0.0,0.0,0.0,0,53.079
NGIQ-BR-00000003,left,NGIQ-BR-00000298,0.0,0.0,0.0,0,39.622
NGIQ-BR-00000003,left,NGIQ-BR-00000299,0.0,0.0,0.0,0,28.71
NGIQ-BR-00000004,right,NGIQ-BR-00000300,0.0,0.0,0.0,0,39.517
NGIQ-BR-00000004,right,NGIQ-BR-00000301,0.00141,0.00102,0.0008,4,26.273
NGIQ-BR-00000004,right,NGIQ-BR-00000302,0.0,0.0,0.0,0,102.39
NGIQ-BR-00000004,right,NGIQ-BR-00000303,0.0,0.0,0.0,0,68.773
NGIQ-BR-00000004,right,NGIQ-BR-00000304,0.0,0.0,0.0,0,75.173
NGIQ-BR-00000004,right,NGIQ-BR-00000305,0.0,0.0,0.0,0,81.181
NGIQ-BR-00000004,right,NGIQ-BR-00000306,0.0,0.0,0.0,0,69.49
NGIQ-BR-00000004,right,NGIQ-BR-00000307,0.0,0.0,0.0,0,71.39
NGIQ-BR-00000004,right,NGIQ-BR-00000308,0.0,0.0,0.0,0,106.99
NGIQ-BR-00000004,right,NGIQ-BR-00000309,0.0,0.0,0.0,0,51.128
NGIQ-BR-00000004,right,NGIQ-BR-00000310,0.0,0.0,0.0,0,92.981
NGIQ-BR-00000004,right,NGIQ-BR-00000311,0.0,0.0,0.0,0,62.517
NGIQ-BR-00000004,right,NGIQ-BR-00000312,0.0,0.0,0.0,0,57.302
NGIQ-BR-00000004,right,NGIQ-BR-00000313,0.0,0.0,0.0,0,66.778
NGIQ-BR-00000004,right,NGIQ-BR-00000314,0.0,0.0,0.0,0,66.151
NGIQ-BR-00000004,right,NGIQ-BR-00000315,0.21155,0.17535,0.14973,601,12.423
NGIQ-BR-00000004,right,NGIQ-BR-00000316,0.0,0.0,0.0,0,47.159
NGIQ-BR-00000004,right,NGIQ-BR-00000317,0.0,0.0,0.0,0,26.623
NGIQ-BR-00000004,right,NGIQ-BR-00000318,0.0,0.0,0.0,0,103.595
NGIQ-BR-00000004,right,NGIQ-BR-00000319,0.0,0.0,0.0,0,40.894
NGIQ-BR-00000004,right,NGIQ-BR-00000320,0.0,0.0,0.0,0,52.448
NGIQ-BR-00000004,right,NGIQ-BR-00000321,0.00282,0.00103,0.00063,8,29.765
NGIQ-BR-00000004,right,NGIQ-BR-00000322,0.0,0.0,0.0,0,82.061
NGIQ-BR-00000004,right,NGIQ-BR-00000323,0.0,0.0,0.0,0,48.445
NGIQ-BR-00000004,right,NGIQ-BR-00000324,0.03133,0.01124,0.00685,89,37.135
NGIQ-BR-00000004,right,NGIQ-BR-00000325,0.0,0.0,0.0,0,41.807
NGIQ-BR-00000004,right,NGIQ-BR-00000326,0.0,0.0,0.0,0,88.567
NGIQ-BR-00000004,right,NGIQ-BR-00000327,0.0,0.0,0.0,0,39.637
NGIQ-BR-00000004,right,NGIQ-BR-00000328,0.0,0.0,0.0,0,50.094
NGIQ-BR-00000004,right,NGIQ-BR-00000329,0.0,0.0,0.0,0,39.313
NGIQ-BR-00000004,right,NGIQ-BR-00000330,0.0,0.0,0.0,0,30.669
NGIQ-BR-00000051,left,NGIQ-BR-00000269,0.0,0.0,0.0,0,55.288
NGIQ-BR-00000051,left,NGIQ-BR-00000270,0.0,0.0,0.0,0,59.49
NGIQ-BR-00000051,left,NGIQ-BR-00000271,0.0,0.0,0.0,0,127.025
NGIQ-BR-00000051,left,NGIQ-BR-00000272,0.0,0.0,0.0,0,58.728
NGIQ-BR-00000051,left,NGIQ-BR-00000273,0.0,0.0,0.0,0,82.068
NGIQ-BR-00000051,left,NGIQ-BR-00000274,0.0,0.0,0.0,0,112.624
NGIQ-BR-00000051,left,NGIQ-BR-00000275,0.0,0.0,0.0,0,71.075
NGIQ-BR-00000051,left,NGIQ-BR-00000276,0.0,0.0,0.0,0,94.346
NGIQ-BR-00000051,left,NGIQ-BR-00000277,0.0,0.0,0.0,0,127.921
NGIQ-BR-00000051,left,NGIQ-BR-00000278,0.0,0.0,0.0,0,29.508
NGIQ-BR-00000051,left,NGIQ-BR-00000279,0.0,0.0,0.0,0,111.591
NGIQ-BR-00000051,left,NGIQ-BR-00000280,0.0,0.0,0.0,0,46.1
NGIQ-BR-00000051,left,NGIQ-BR-00000281,0.0,0.0,0.0,0,62.52
NGIQ-BR-00000051,left,NGIQ-BR-00000282,0.0,0.0,0.0,0,72.14
NGIQ-BR-00000051,left,NGIQ-BR-00000283,0.0,0.0,0.0,0,99.67
NGIQ-BR-00000051,left,NGIQ-BR-00000284,0.0,0.0,0.0,0,27.414
NGIQ-BR-00000051,left,NGIQ-BR-00000285,0.01547,0.01908,0.0249,48,13.346
NGIQ-BR-00000051,left,NGIQ-BR-00000286,0.25201,0.27101,0.2931,782,8.818
NGIQ-BR-00000051,left,NGIQ-BR-00000287,0.0,0.0,0.0,0,126.042
NGIQ-BR-00000051,left,NGIQ-BR-00000288,0.0,0.0,0.0,0,74.813
NGIQ-BR-00000051,left,NGIQ-BR-00000289,0.0,0.0,0.0,0,79.534
NGIQ-BR-00000051,left,NGIQ-BR-00000290,0.0,0.0,0.0,0,66.637
NGIQ-BR-00000051,left,NGIQ-BR-00000291,0.0,0.0,0.0,0,110.938
NGIQ-BR-00000051,left,NGIQ-BR-00000292,0.0,0.0,0.0,0,44.3
NGIQ-BR-00000051,left,NGIQ-BR-00000293,0.00129,0.00048,0.0003,4,28.671
NGIQ-BR-00000051,left,NGIQ-BR-00000294,0.0,0.0,0.0,0,61.207
NGIQ-BR-00000051,left,NGIQ-BR-00000295,0.0,0.0,0.0,0,118.299
NGIQ-BR-00000051,left,NGIQ-BR-00000296,0.0,0.0,0.0,0,46.056
NGIQ-BR-00000051,left,NGIQ-BR-00000297,0.0,0.0,0.0,0,83.544
NGIQ-BR-00000051,left,NGIQ-BR-00000298,0.0,0.0,0.0,0,61.138
NGIQ-BR-00000051,left,NGIQ-BR-00000299,0.0,0.0,0.0,0,39.033
NGIQ-BR-00000052,right,NGIQ-BR-00000300,0.0,0.0,0.0,0,55.323
NGIQ-BR-00000052,right,NGIQ-BR-00000301,0.0,0.0,0.0,0,58.003
NGIQ-BR-00000052,right,NGIQ-BR-00000302,0.0,0.0,0.0,0,124.747
NGIQ-BR-00000052,right,NGIQ-BR-00000303,0.0,0.0,0.0,0,59.854
NGIQ-BR-00000052,right,NGIQ-BR-00000304,0.0,0.0,0.0,0,80.728
NGIQ-BR-00000052,right,NGIQ-BR-00000305,0.0,0.0,0.0,0,106.081
NGIQ-BR-00000052,right,NGIQ-BR-00000306,0.0,0.0,0.0,0,68.439
NGIQ-BR-00000052,right,NGIQ-BR-00000307,0.0,0.0,0.0,0,93.177
NGIQ-BR-00000052,right,NGIQ-BR-00000308,0.0,0.0,0.0,0,124.133
NGIQ-BR-00000052,right,NGIQ-BR-00000309,0.0,0.0,0.0,0,32.261
NGIQ-BR-00000052,right,NGIQ-BR-00000310,0.0,0.0,0.0,0,109.019
NGIQ-BR-00000052,right,NGIQ-BR-00000311,0.0,0.0,0.0,0,47.729
NGIQ-BR-00000052,right,NGIQ-BR-00000312,0.0,0.0,0.0,0,59.613
NGIQ-BR-00000052,right,NGIQ-BR-00000313,0.0,0.0,0.0,0,71.764
NGIQ-BR-00000052,right,NGIQ-BR-00000314,0.0,0.0,0.0,0,97.021
NGIQ-BR-00000052,right,NGIQ-BR-00000315,0.0,0.0,0.0,0,24.52
NGIQ-BR-00000052,right,NGIQ-BR-00000316,0.00084,0.00107,0.00149,3,16.462
NGIQ-BR-00000052,right,NGIQ-BR-00000317,0.2955,0.32359,0.35758,1057,7.757
NGIQ-BR-00000052,right,NGIQ-BR-00000318,0.0,0.0,0.0,0,122.93
NGIQ-BR-00000052,right,NGIQ-BR-00000319,0.0,0.0,0.0,0,72.357
NGIQ-BR-00000052,right,NGIQ-BR-00000320,0.0,0.0,0.0,0,79.092
NGIQ-BR-00000052,right,NGIQ-BR-00000321,0.0,0.0,0.0,0,62.766
NGIQ-BR-00000052,right,NGIQ-BR-00000322,0.0,0.0,0.0,0,108.696
NGIQ-BR-00000052,right,NGIQ-BR-00000323,0.0,0.0,0.0,0,44.922
NGIQ-BR-00000052,right,NGIQ-BR-00000324,0.00168,0.00072,0.00046,6,27.889
NGIQ-BR-00000052,right,NGIQ-BR-00000325,0.0,0.0,0.0,0,59.76
NGIQ-BR-00000052,right,NGIQ-BR-00000326,0.0,0.0,0.0,0,117.642
NGIQ-BR-00000052,right,NGIQ-BR-00000327,0.0,0.0,0.0,0,41.479
NGIQ-BR-00000052,right,NGIQ-BR-00000328,0.0,0.0,0.0,0,76.966
NGIQ-BR-00000052,right,NGIQ-BR-00000329,0.0,0.0,0.0,0,56.257
NGIQ-BR-00000052,right,NGIQ-BR-00000330,0.0,0.0,0.0,0,37.505
NGIQ-BR-00000055,left,NGIQ-BR-00000269,0.0,0.0,0.0,0,51.022
NGIQ-BR-00000055,left,NGIQ-BR-00000270,0.0,0.0,0.0,0,45.556
NGIQ-BR-00000055,left,NGIQ-BR-00000271,0.0,0.0,0.0,0,105.514
NGIQ-BR-00000055,left,NGIQ-BR-00000272,0.0,0.0,0.0,0,55.072
NGIQ-BR-00000055,left,NGIQ-BR-00000273,0.0,0.0,0.0,0,64.801
NGIQ-BR-00000055,left,NGIQ-BR-00000274,0.0,0.0,0.0,0,88.034
NGIQ-BR-00000055,left,NGIQ-BR-00000275,0.0,0.0,0.0,0,54.969
NGIQ-BR-00000055,left,NGIQ-BR-00000276,0.0,0.0,0.0,0,74.46
NGIQ-BR-00000055,left,NGIQ-BR-00000277,0.0,0.0,0.0,0,105.902
NGIQ-BR-00000055,left,NGIQ-BR-00000278,0.0,0.0,0.0,0,42.296
NGIQ-BR-00000055,left,NGIQ-BR-00000279,0.0,0.0,0.0,0,91.792
NGIQ-BR-00000055,left,NGIQ-BR-00000280,0.0,0.0,0.0,0,59.619
NGIQ-BR-00000055,left,NGIQ-BR-00000281,0.0,0.0,0.0,0,43.815
NGIQ-BR-00000055,left,NGIQ-BR-00000282,0.0,0.0,0.0,0,57.559
NGIQ-BR-00000055,left,NGIQ-BR-00000283,0.0,0.0,0.0,0,81.018
NGIQ-BR-00000055,left,NGIQ-BR-00000284,0.44538,0.28575,0.21036,1060,9.704
NGIQ-BR-00000055,left,NGIQ-BR-00000285,0.0,0.0,0.0,0,36.548
NGIQ-BR-00000055,left,NGIQ-BR-00000286,0.0,0.0,0.0,0,20.393
NGIQ-BR-00000055,left,NGIQ-BR-00000287,0.0,0.0,0.0,0,104.986
NGIQ-BR-00000055,left,NGIQ-BR-00000288,0.0,0.0,0.0,0,51.324
NGIQ-BR-00000055,left,NGIQ-BR-00000289,0.0,0.0,0.0,0,62.827
NGIQ-BR-00000055,left,NGIQ-BR-00000290,0.00882,0.00267,0.00157,21,45.639
NGIQ-BR-00000055,left,NGIQ-BR-00000291,0.0,0.0,0.0,0,89.244
NGIQ-BR-00000055,left,NGIQ-BR-00000292,0.0,0.0,0.0,0,52.348
NGIQ-BR-00000055,left,NGIQ-BR-00000293,0.0,0.0,0.0,0,41.508
NGIQ-BR-00000055,left,NGIQ-BR-00000294,0.0,0.0,0.0,0,58.523
NGIQ-BR-00000055,left,NGIQ-BR-00000295,0.0,0.0,0.0,0,95.003
NGIQ-BR-00000055,left,NGIQ-BR-00000296,0.0,0.0,0.0,0,25.762
NGIQ-BR-00000055,left,NGIQ-BR-00000297,0.0,0.0,0.0,0,58.365
NGIQ-BR-00000055,left,NGIQ-BR-00000298,0.0,0.0,0.0,0,37.754
NGIQ-BR-00000055,left,NGIQ-BR-00000299,0.0,0.0,0.0,0,22.211
NGIQ-BR-00000056,right,NGIQ-BR-00000300,0.0,0.0,0.0,0,50.912
NGIQ-BR-00000056,right,NGIQ-BR-00000301,0.0,0.0,0.0,0,42.736
NGIQ-BR-00000056,right,NGIQ-BR-00000302,0.0,0.0,0.0,0,103.21
NGIQ-BR-00000056,right,NGIQ-BR-00000303,0.0,0.0,0.0,0,59.339
NGIQ-BR-00000056,right,NGIQ-BR-00000304,0.0,0.0,0.0,0,66.004
NGIQ-BR-00000056,right,NGIQ-BR-00000305,0.0,0.0,0.0,0,80.969
NGIQ-BR-00000056,right,NGIQ-BR-00000306,0.0,0.0,0.0,0,56.367
NGIQ-BR-00000056,right,NGIQ-BR-00000307,0.0,0.0,0.0,0,73.556
NGIQ-BR-00000056,right,NGIQ-BR-00000308,0.0,0.0,0.0,0,102.66
NGIQ-BR-00000056,right,NGIQ-BR-00000309,0.0,0.0,0.0,0,46.447
NGIQ-BR-00000056,right,NGIQ-BR-00000310,0.0,0.0,0.0,0,90.117
NGIQ-BR-00000056,right,NGIQ-BR-00000311,0.0,0.0,0.0,0,62.116
NGIQ-BR-00000056,right,NGIQ-BR-00000312,0.0,0.0,0.0,0,43.69
NGIQ-BR-00000056,right,NGIQ-BR-00000313,0.0,0.0,0.0,0,59.34
NGIQ-BR-00000056,right,NGIQ-BR-00000314,0.0,0.0,0.0,0,77.539
NGIQ-BR-00000056,right,NGIQ-BR-00000315,0.3984,0.28571,0.22272,894,7.359
NGIQ-BR-00000056,right,NGIQ-BR-00000316,0.0,0.0,0.0,0,40.698
NGIQ-BR-00000056,right,NGIQ-BR-00000317,0.0,0.0,0.0,0,21.796
NGIQ-BR-00000056,right,NGIQ-BR-00000318,0.0,0.0,0.0,0,102.241
NGIQ-BR-00000056,right,NGIQ-BR-00000319,0.0,0.0,0.0,0,47.673
NGIQ-BR-00000056,right,NGIQ-BR-00000320,0.0,0.0,0.0,0,61.772
NGIQ-BR-00000056,right,NGIQ-BR-00000321,0.03298,0.00988,0.00581,74,40.149
NGIQ-BR-00000056,right,NGIQ-BR-00000322,0.0,0.0,0.0,0,86.62
NGIQ-BR-00000056,right,NGIQ-BR-00000323,0.0,0.0,0.0,0,53.374
NGIQ-BR-00000056,right,NGIQ-BR-00000324,0.0,0.0,0.0,0,42.398
NGIQ-BR-00000056,right,NGIQ-BR-00000325,0.0,0.0,0.0,0,57.02
NGIQ-BR-00000056,right,NGIQ-BR-00000326,0.0,0.0,0.0,0,93.571
NGIQ-BR-00000056,right,NGIQ-BR-00000327,0.0,0.0,0.0,0,25.522
NGIQ-BR-00000056,right,NGIQ-BR-00000328,0.0,0.0,0.0,0,50.88
NGIQ-BR-00000056,right,NGIQ-BR-00000329,0.0,0.0,0.0,0,33.438
NGIQ-BR-00000056,right,NGIQ-BR-00000330,0.0,0.0,0.0,0,23.804
NGIQ-BR-00000057,left,NGIQ-BR-00000269,0.0,0.0,0.0,0,47.855
NGIQ-BR-00000057,left,NGIQ-BR-00000270,0.0,0.0,0.0,0,76.506
NGIQ-BR-00000057,left,NGIQ-BR-00000271,0.0,0.0,0.0,0,138.277
NGIQ-BR-00000057,left,NGIQ-BR-00000272,0.0,0.0,0.0,0,67.583
NGIQ-BR-00000057,left,NGIQ-BR-00000273,0.0,0.0,0.0,0,102.064
NGIQ-BR-00000057,left,NGIQ-BR-00000274,0.0,0.0,0.0,0,135.371
NGIQ-BR-00000057,left,NGIQ-BR-00000275,0.0,0.0,0.0,0,98.566
NGIQ-BR-00000057,left,NGIQ-BR-00000276,0.0,0.0,0.0,0,103.592
NGIQ-BR-00000057,left,NGIQ-BR-00000277,0.0,0.0,0.0,0,146.73
NGIQ-BR-00000057,left,NGIQ-BR-00000278,0.0,0.0,0.0,0,29.651
NGIQ-BR-00000057,left,NGIQ-BR-00000279,0.0,0.0,0.0,0,123.96
NGIQ-BR-00000057,left,NGIQ-BR-00000280,0.2976,0.29833,0.29906,1338,15.378
NGIQ-BR-00000057,left,NGIQ-BR-00000281,0.0,0.0,0.0,0,95.48
NGIQ-BR-00000057,left,NGIQ-BR-00000282,0.0,0.0,0.0,0,86.225
NGIQ-BR-00000057,left,NGIQ-BR-00000283,0.0,0.0,0.0,0,106.587
NGIQ-BR-00000057,left,NGIQ-BR-00000284,0.0,0.0,0.0,0,60.447
NGIQ-BR-00000057,left,NGIQ-BR-00000285,0.0,0.0,0.0,0,38.527
NGIQ-BR-00000057,left,NGIQ-BR-00000286,0.0,0.0,0.0,0,46.526
NGIQ-BR-00000057,left,NGIQ-BR-00000287,0.0,0.0,0.0,0,138.496
NGIQ-BR-00000057,left,NGIQ-BR-00000288,0.0,0.0,0.0,0,99.813
NGIQ-BR-00000057,left,NGIQ-BR-00000289,0.0,0.0,0.0,0,84.02
NGIQ-BR-00000057,left,NGIQ-BR-00000290,0.0,0.0,0.0,0,88.785
NGIQ-BR-00000057,left,NGIQ-BR-00000291,0.0,0.0,0.0,0,121.956
NGIQ-BR-00000057,left,NGIQ-BR-00000292,0.00089,0.00119,0.00177,4,20.654
NGIQ-BR-00000057,left,NGIQ-BR-00000293,0.0,0.0,0.0,0,34.386
NGIQ-BR-00000057,left,NGIQ-BR-00000294,0.08452,0.02705,0.01611,380,56.087
NGIQ-BR-00000057,left,NGIQ-BR-00000295,0.0,0.0,0.0,0,134.034
NGIQ-BR-00000057,left,NGIQ-BR-00000296,0.0,0.0,0.0,0,79.375
NGIQ-BR-00000057,left,NGIQ-BR-00000297,0.0,0.0,0.0,0,112.241
NGIQ-BR-00000057,left,NGIQ-BR-00000298,0.0,0.0,0.0,0,87.487
NGIQ-BR-00000057,left,NGIQ-BR-00000299,0.0,0.0,0.0,0,62.137
NGIQ-BR-00000058,right,NGIQ-BR-00000300,0.0,0.0,0.0,0,44.015
NGIQ-BR-00000058,right,NGIQ-BR-00000301,0.0,0.0,0.0,0,73.085
NGIQ-BR-00000058,right,NGIQ-BR-00000302,0.0,0.0,0.0,0,130.644
NGIQ-BR-00000058,right,NGIQ-BR-00000303,0.0,0.0,0.0,0,60.914
NGIQ-BR-00000058,right,NGIQ-BR-00000304,0.0,0.0,0.0,0,94.074
NGIQ-BR-00000058,right,NGIQ-BR-00000305,0.0,0.0,0.0,0,125.279
NGIQ-BR-00000058,right,NGIQ-BR-00000306,0.0,0.0,0.0,0,90.011
NGIQ-BR-00000058,right,NGIQ-BR-00000307,0.0,0.0,0.0,0,96.713
NGIQ-BR-00000058,right,NGIQ-BR-00000308,0.0,0.0,0.0,0,137.857
NGIQ-BR-00000058,right,NGIQ-BR-00000309,0.0,0.0,0.0,0,25.556
NGIQ-BR-00000058,right,NGIQ-BR-00000310,0.0,0.0,0.0,0,115.085
NGIQ-BR-00000058,right,NGIQ-BR-00000311,0.32352,0.34686,0.37383,1957,10.781
NGIQ-BR-00000058,right,NGIQ-BR-00000312,0.0,0.0,0.0,0,88.162
NGIQ-BR-00000058,right,NGIQ-BR-00000313,0.0,0.0,0.0,0,79.278
NGIQ-BR-00000058,right,NGIQ-BR-00000314,0.0,0.0,0.0,0,99.77
NGIQ-BR-00000058,right,NGIQ-BR-00000315,0.0,0.0,0.0,0,56.73
NGIQ-BR-00000058,right,NGIQ-BR-00000316,0.0,0.0,0.0,0,37.318
NGIQ-BR-00000058,right,NGIQ-BR-00000317,0.0,0.0,0.0,0,45.786
NGIQ-BR-00000058,right,NGIQ-BR-00000318,0.0,0.0,0.0,0,129.653
NGIQ-BR-00000058,right,NGIQ-BR-00000319,0.0,0.0,0.0,0,93.978
NGIQ-BR-00000058,right,NGIQ-BR-00000320,0.0,0.0,0.0,0,79.01
NGIQ-BR-00000058,right,NGIQ-BR-00000321,0.0,0.0,0.0,0,82.914
NGIQ-BR-00000058,right,NGIQ-BR-00000322,0.0,0.0,0.0,0,114.652
NGIQ-BR-00000058,right,NGIQ-BR-00000323,0.00711,0.01043,0.0196,43,16.628
NGIQ-BR-00000058,right,NGIQ-BR-00000324,0.0,0.0,0.0,0,33.831
NGIQ-BR-00000058,right,NGIQ-BR-00000325,0.02761,0.0119,0.00759,167,52.911
NGIQ-BR-00000058,right,NGIQ-BR-00000326,0.0,0.0,0.0,0,128.763
NGIQ-BR-00000058,right,NGIQ-BR-00000327,0.0,0.0,0.0,0,71.432
NGIQ-BR-00000058,right,NGIQ-BR-00000328,0.0,0.0,0.0,0,102.675
NGIQ-BR-00000058,right,NGIQ-BR-00000329,0.0,0.0,0.0,0,79.629
NGIQ-BR-00000058,right,NGIQ-BR-00000330,0.0,0.0,0.0,0,56.222
NGIQ-BR-00000061,left,NGIQ-BR-00000269,0.0,0.0,0.0,0,50.797
NGIQ-BR-00000061,left,NGIQ-BR-00000270,0.0,0.0,0.0,0,73.737
NGIQ-BR-00000061,left,NGIQ-BR-00000271,0.0,0.0,0.0,0,126.003
NGIQ-BR-00000061,left,NGIQ-BR-00000272,0.0,0.0,0.0,0,45.468
NGIQ-BR-00000061,left,NGIQ-BR-00000273,0.0,0.0,0.0,0,81.119
NGIQ-BR-00000061,left,NGIQ-BR-00000274,0.0,0.0,0.0,0,120.863
NGIQ-BR-00000061,left,NGIQ-BR-00000275,0.0,0.0,0.0,0,75.02
NGIQ-BR-00000061,left,NGIQ-BR-00000276,0.0,0.0,0.0,0,92.694
NGIQ-BR-00000061,left,NGIQ-BR-00000277,0.0,0.0,0.0,0,129.463
NGIQ-BR-00000061,left,NGIQ-BR-00000278,0.47185,0.48296,0.49459,3889,5.115
NGIQ-BR-00000061,left,NGIQ-BR-00000279,0.0,0.0,0.0,0,108.505
NGIQ-BR-00000061,left,NGIQ-BR-00000280,0.00036,0.00047,0.00067,3,17.293
NGIQ-BR-00000061,left,NGIQ-BR-00000281,0.0,0.0,0.0,0,72.449
NGIQ-BR-00000061,left,NGIQ-BR-00000282,0.0,0.0,0.0,0,66.734
NGIQ-BR-00000061,left,NGIQ-BR-00000283,0.0,0.0,0.0,0,103.681
NGIQ-BR-00000061,left,NGIQ-BR-00000284,0.0,0.0,0.0,0,46.873
NGIQ-BR-00000061,left,NGIQ-BR-00000285,0.00485,0.00787,0.02075,40,21.489
NGIQ-BR-00000061,left,NGIQ-BR-00000286,0.0,0.0,0.0,0,32.497
NGIQ-BR-00000061,left,NGIQ-BR-00000287,0.0,0.0,0.0,0,124.258
NGIQ-BR-00000061,left,NGIQ-BR-00000288,0.0,0.0,0.0,0,89.2
NGIQ-BR-00000061,left,NGIQ-BR-00000289,0.0,0.0,0.0,0,79.625
NGIQ-BR-00000061,left,NGIQ-BR-00000290,0.0,0.0,0.0,0,80.736
NGIQ-BR-00000061,left,NGIQ-BR-00000291,0.0,0.0,0.0,0,112.814
NGIQ-BR-00000061,left,NGIQ-BR-00000292,0.0,0.0,0.0,0,27.724
NGIQ-BR-00000061,left,NGIQ-BR-00000293,0.00595,0.0045,0.00362,49,36.672
NGIQ-BR-00000061,left,NGIQ-BR-00000294,0.0,0.0,0.0,0,63.739
NGIQ-BR-00000061,left,NGIQ-BR-00000295,0.0,0.0,0.0,0,124.276
NGIQ-BR-00000061,left,NGIQ-BR-00000296,0.0,0.0,0.0,0,57.938
NGIQ-BR-00000061,left,NGIQ-BR-00000297,0.0,0.0,0.0,0,97.721
NGIQ-BR-00000061,left,NGIQ-BR-00000298,0.0,0.0,0.0,0,70.059
NGIQ-BR-00000061,left,NGIQ-BR-00000299,0.0,0.0,0.0,0,44.376
NGIQ-BR-00000062,right,NGIQ-BR-00000300,0.0,0.0,0.0,0,51.421
NGIQ-BR-00000062,right,NGIQ-BR-00000301,0.0,0.0,0.0,0,73.615
NGIQ-BR-00000062,right,NGIQ-BR-00000302,0.0,0.0,0.0,0,123.24
NGIQ-BR-00000062,right,NGIQ-BR-00000303,0.0,0.0,0.0,0,42.667
NGIQ-BR-00000062,right,NGIQ-BR-00000304,0.0,0.0,0.0,0,77.201
NGIQ-BR-00000062,right,NGIQ-BR-00000305,0.0,0.0,0.0,0,114.964
NGIQ-BR-00000062,right,NGIQ-BR-00000306,0.0,0.0,0.0,0,69.511
NGIQ-BR-00000062,right,NGIQ-BR-00000307,0.0,0.0,0.0,0,90.627
NGIQ-BR-00000062,right,NGIQ-BR-00000308,0.0,0.0,0.0,0,124.965
NGIQ-BR-00000062,right,NGIQ-BR-00000309,0.4628,0.53691,0.63927,4815,3.664
NGIQ-BR-00000062,right,NGIQ-BR-00000310,0.0,0.0,0.0,0,104.505
NGIQ-BR-00000062,right,NGIQ-BR-00000311,0.00173,0.0023,0.00344,18,17.967
NGIQ-BR-00000062,right,NGIQ-BR-00000312,0.0,0.0,0.0,0,68.263
NGIQ-BR-00000062,right,NGIQ-BR-00000313,0.0,0.0,0.0,0,64.18
NGIQ-BR-00000062,right,NGIQ-BR-00000314,0.0,0.0,0.0,0,101.438
NGIQ-BR-00000062,right,NGIQ-BR-00000315,0.0,0.0,0.0,0,45.627
NGIQ-BR-00000062,right,NGIQ-BR-00000316,0.01778,0.02979,0.09181,185,21.957
NGIQ-BR-00000062,right,NGIQ-BR-00000317,0.0,0.0,0.0,0,34.066
NGIQ-BR-00000062,right,NGIQ-BR-00000318,0.0,0.0,0.0,0,120.279
NGIQ-BR-00000062,right,NGIQ-BR-00000319,0.0,0.0,0.0,0,87.601
NGIQ-BR-00000062,right,NGIQ-BR-00000320,0.0,0.0,0.0,0,79.249
NGIQ-BR-00000062,right,NGIQ-BR-00000321,0.0,0.0,0.0,0,78.301
NGIQ-BR-00000062,right,NGIQ-BR-00000322,0.0,0.0,0.0,0,110.156
NGIQ-BR-00000062,right,NGIQ-BR-00000323,0.0,0.0,0.0,0,28.931
NGIQ-BR-00000062,right,NGIQ-BR-00000324,0.00586,0.00521,0.00469,61,36.823
NGIQ-BR-00000062,right,NGIQ-BR-00000325,0.0,0.0,0.0,0,63.484
NGIQ-BR-00000062,right,NGIQ-BR-00000326,0.0,0.0,0.0,0,123.734
NGIQ-BR-00000062,right,NGIQ-BR-00000327,0.0,0.0,0.0,0,52.771
NGIQ-BR-00000062,right,NGIQ-BR-00000328,0.0,0.0,0.0,0,92.433
NGIQ-BR-00000062,right,NGIQ-BR-00000329,0.0,0.0,0.0,0,65.863
NGIQ-BR-00000062,right,NGIQ-BR-00000330,0.00048,0.00053,0.00058,5,41.953
NGIQ-BR-00000065,left,NGIQ-BR-00000269,0.0,0.0,0.0,0,45.295
NGIQ-BR-00000065,left,NGIQ-BR-00000270,0.0,0.0,0.0,0,73.172
NGIQ-BR-00000065,left,NGIQ-BR-00000271,0.0,0.0,0.0,0,106.353
NGIQ-BR-00000065,left,NGIQ-BR-00000272,0.0,0.0,0.0,0,30.332
NGIQ-BR-00000065,left,NGIQ-BR-00000273,0.0,0.0,0.0,0,64.91
NGIQ-BR-00000065,left,NGIQ-BR-00000274,0.0,0.0,0.0,0,106.467
NGIQ-BR-00000065,left,NGIQ-BR-00000275,0.0,0.0,0.0,0,64.148
NGIQ-BR-00000065,left,NGIQ-BR-00000276,0.0,0.0,0.0,0,74.128
NGIQ-BR-00000065,left,NGIQ-BR-00000277,0.0,0.0,0.0,0,111.229
NGIQ-BR-00000065,left,NGIQ-BR-00000278,0.1122,0.10978,0.10747,845,20.915
NGIQ-BR-00000065,left,NGIQ-BR-00000279,0.0,0.0,0.0,0,88.353
NGIQ-BR-00000065,left,NGIQ-BR-00000280,0.16784,0.21058,0.28252,1264,25.249
NGIQ-BR-00000065,left,NGIQ-BR-00000281,0.0,0.0,0.0,0,64.973
NGIQ-BR-00000065,left,NGIQ-BR-00000282,0.0,0.0,0.0,0,48.482
NGIQ-BR-00000065,left,NGIQ-BR-00000283,0.0,0.0,0.0,0,91.431
NGIQ-BR-00000065,left,NGIQ-BR-00000284,0.0,0.0,0.0,0,50.134
NGIQ-BR-00000065,left,NGIQ-BR-00000285,0.0,0.0,0.0,0,41.528
NGIQ-BR-00000065,left,NGIQ-BR-00000286,0.0,0.0,0.0,0,44.659
NGIQ-BR-00000065,left,NGIQ-BR-00000287,0.0,0.0,0.0,0,104.231
NGIQ-BR-00000065,left,NGIQ-BR-00000288,0.0,0.0,0.0,0,82.142
NGIQ-BR-00000065,left,NGIQ-BR-00000289,0.0,0.0,0.0,0,65.994
NGIQ-BR-00000065,left,NGIQ-BR-00000290,0.0,0.0,0.0,0,75.556
NGIQ-BR-00000065,left,NGIQ-BR-00000291,0.0,0.0,0.0,0,95.826
NGIQ-BR-00000065,left,NGIQ-BR-00000292,0.0,0.0,0.0,0,30.19
NGIQ-BR-00000065,left,NGIQ-BR-00000293,0.0,0.0,0.0,0,50.747
NGIQ-BR-00000065,left,NGIQ-BR-00000294,0.0,0.0,0.0,0,64.308
NGIQ-BR-00000065,left,NGIQ-BR-00000295,0.0,0.0,0.0,0,109.2
NGIQ-BR-00000065,left,NGIQ-BR-00000296,0.0,0.0,0.0,0,52.723
NGIQ-BR-00000065,left,NGIQ-BR-00000297,0.0,0.0,0.0,0,88.747
NGIQ-BR-00000065,left,NGIQ-BR-00000298,0.0,0.0,0.0,0,59.594
NGIQ-BR-00000065,left,NGIQ-BR-00000299,0.00027,0.00025,0.00023,2,36.909
NGIQ-BR-00000066,right,NGIQ-BR-00000300,0.0,0.0,0.0,0,46.724
NGIQ-BR-00000066,right,NGIQ-BR-00000301,0.0,0.0,0.0,0,74.911
NGIQ-BR-00000066,right,NGIQ-BR-00000302,0.0,0.0,0.0,0,107.812
NGIQ-BR-00000066,right,NGIQ-BR-00000303,0.0,0.0,0.0,0,31.295
NGIQ-BR-00000066,right,NGIQ-BR-00000304,0.0,0.0,0.0,0,65.714
NGIQ-BR-00000066,right,NGIQ-BR-00000305,0.0,0.0,0.0,0,105.627
NGIQ-BR-00000066,right,NGIQ-BR-00000306,0.0,0.0,0.0,0,63.861
NGIQ-BR-00000066,right,NGIQ-BR-00000307,0.0,0.0,0.0,0,75.87
NGIQ-BR-00000066,right,NGIQ-BR-00000308,0.0,0.0,0.0,0,111.64
NGIQ-BR-00000066,right,NGIQ-BR-00000309,0.1015,0.09481,0.08895,670,20.012
NGIQ-BR-00000066,right,NGIQ-BR-00000310,0.0,0.0,0.0,0,88.695
NGIQ-BR-00000066,right,NGIQ-BR-00000311,0.22754,0.2538,0.28691,1502,22.099
NGIQ-BR-00000066,right,NGIQ-BR-00000312,0.0,0.0,0.0,0,65.926
NGIQ-BR-00000066,right,NGIQ-BR-00000313,0.0,0.0,0.0,0,50.673
NGIQ-BR-00000066,right,NGIQ-BR-00000314,0.0,0.0,0.0,0,91.939
NGIQ-BR-00000066,right,NGIQ-BR-00000315,0.0,0.0,0.0,0,52.038
NGIQ-BR-00000066,right,NGIQ-BR-00000316,0.0,0.0,0.0,0,42.167
NGIQ-BR-00000066,right,NGIQ-BR-00000317,0.0,0.0,0.0,0,47.542
NGIQ-BR-00000066,right,NGIQ-BR-00000318,0.0,0.0,0.0,0,104.625
NGIQ-BR-00000066,right,NGIQ-BR-00000319,0.0,0.0,0.0,0,84.234
NGIQ-BR-00000066,right,NGIQ-BR-00000320,0.0,0.0,0.0,0,68.305
NGIQ-BR-00000066,right,NGIQ-BR-00000321,0.0,0.0,0.0,0,76.536
NGIQ-BR-00000066,right,NGIQ-BR-00000322,0.0,0.0,0.0,0,96.785
NGIQ-BR-00000066,right,NGIQ-BR-00000323,0.0,0.0,0.0,0,29.795
NGIQ-BR-00000066,right,NGIQ-BR-00000324,0.0,0.0,0.0,0,50.565
NGIQ-BR-00000066,right,NGIQ-BR-00000325,0.0,0.0,0.0,0,64.475
NGIQ-BR-00000066,right,NGIQ-BR-00000326,0.0,0.0,0.0,0,112.46
NGIQ-BR-00000066,right,NGIQ-BR-00000327,0.0,0.0,0.0,0,53.262
NGIQ-BR-00000066,right,NGIQ-BR-00000328,0.0,0.0,0.0,0,88.478
NGIQ-BR-00000066,right,NGIQ-BR-00000329,0.0,0.0,0.0,0,61.093
NGIQ-BR-00000066,right,NGIQ-BR-00000330,0.0,0.0,0.0,0,39.264
NGIQ-BR-00000069,left,NGIQ-BR-00000269,0.0,0.0,0.0,0,54.009
NGIQ-BR-00000069,left,NGIQ-BR-00000270,0.0,0.0,0.0,0,25.218
NGIQ-BR-00000069,left,NGIQ-BR-00000271,0.0,0.0,0.0,0,87.064
NGIQ-BR-00000069,left,NGIQ-BR-00000272,0.0,0.0,0.0,0,81.648
NGIQ-BR-00000069,left,NGIQ-BR-00000273,0.0,0.0,0.0,0,72.871
NGIQ-BR-00000069,left,NGIQ-BR-00000274,0.0,0.0,0.0,0,63.619
NGIQ-BR-00000069,left,NGIQ-BR-00000275,0.0,0.0,0.0,0,70.556
NGIQ-BR-00000069,left,NGIQ-BR-00000276,0.0,0.0,0.0,0,59.691
NGIQ-BR-00000069,left,NGIQ-BR-00000277,0.0,0.0,0.0,0,93.805
NGIQ-BR-00000069,left,NGIQ-BR-00000278,0.0,0.0,0.0,0,75.52
NGIQ-BR-00000069,left,NGIQ-BR-00000279,0.0,0.0,0.0,0,83.661
NGIQ-BR-00000069,left,NGIQ-BR-00000280,0.0,0.0,0.0,0,87.695
NGIQ-BR-00000069,left,NGIQ-BR-00000281,0.0,0.0,0.0,0,58.703
NGIQ-BR-00000069,left,NGIQ-BR-00000282,0.0,0.0,0.0,0,69.253
NGIQ-BR-00000069,left,NGIQ-BR-00000283,0.0,0.0,0.0,0,50.567
NGIQ-BR-00000069,left,NGIQ-BR-00000284,0.0,0.0,0.0,0,35.25
NGIQ-BR-00000069,left,NGIQ-BR-00000285,0.0,0.0,0.0,0,73.695
NGIQ-BR-00000069,left,NGIQ-BR-00000286,0.0,0.0,0.0,0,54.821
NGIQ-BR-00000069,left,NGIQ-BR-00000287,0.0,0.0,0.0,0,91.029
NGIQ-BR-00000069,left,NGIQ-BR-00000288,0.0092,0.00798,0.00705,72,15.253
NGIQ-BR-00000069,left,NGIQ-BR-00000289,0.0,0.0,0.0,0,44.418
NGIQ-BR-00000069,left,NGIQ-BR-00000290,0.46287,0.3423,0.27156,3621,10.178
NGIQ-BR-00000069,left,NGIQ-BR-00000291,0.0,0.0,0.0,0,64.085
NGIQ-BR-00000069,left,NGIQ-BR-00000292,0.0,0.0,0.0,0,72.694
NGIQ-BR-00000069,left,NGIQ-BR-00000293,0.0,0.0,0.0,0,63.727
NGIQ-BR-00000069,left,NGIQ-BR-00000294,0.0,0.0,0.0,0,54.952
NGIQ-BR-00000069,left,NGIQ-BR-00000295,0.0,0.0,0.0,0,64.562
NGIQ-BR-00000069,left,NGIQ-BR-00000296,0.0,0.0,0.0,0,46.158
NGIQ-BR-00000069,left,NGIQ-BR-00000297,0.0,0.0,0.0,0,31.978
NGIQ-BR-00000069,left,NGIQ-BR-00000298,0.0,0.0,0.0,0,35.963
NGIQ-BR-00000069,left,NGIQ-BR-00000299,0.0,0.0,0.0,0,42.812
NGIQ-BR-00000070,right,NGIQ-BR-00000300,0.0,0.0,0.0,0,54.037
NGIQ-BR-00000070,right,NGIQ-BR-00000301,0.0,0.0,0.0,0,28.743
NGIQ-BR-00000070,right,NGIQ-BR-00000302,0.0,0.0,0.0,0,90.446
NGIQ-BR-00000070,right,NGIQ-BR-00000303,0.0,0.0,0.0,0,77.893
NGIQ-BR-00000070,right,NGIQ-BR-00000304,0.0,0.0,0.0,0,71.672
NGIQ-BR-00000070,right,NGIQ-BR-00000305,0.0,0.0,0.0,0,63.257
NGIQ-BR-00000070,right,NGIQ-BR-00000306,0.0,0.0,0.0,0,67.898
NGIQ-BR-00000070,right,NGIQ-BR-00000307,0.0,0.0,0.0,0,64.14
NGIQ-BR-00000070,right,NGIQ-BR-00000308,0.0,0.0,0.0,0,93.825
NGIQ-BR-00000070,right,NGIQ-BR-00000309,0.0,0.0,0.0,0,70.198
NGIQ-BR-00000070,right,NGIQ-BR-00000310,0.0,0.0,0.0,0,84.584
NGIQ-BR-00000070,right,NGIQ-BR-00000311,0.0,0.0,0.0,0,82.717
NGIQ-BR-00000070,right,NGIQ-BR-00000312,0.0,0.0,0.0,0,53.519
NGIQ-BR-00000070,right,NGIQ-BR-00000313,0.0,0.0,0.0,0,67.286
NGIQ-BR-00000070,right,NGIQ-BR-00000314,0.0,0.0,0.0,0,58.291
NGIQ-BR-00000070,right,NGIQ-BR-00000315,0.0,0.0,0.0,0,29.03
NGIQ-BR-00000070,right,NGIQ-BR-00000316,0.0,0.0,0.0,0,67.129
NGIQ-BR-00000070,right,NGIQ-BR-00000317,0.0,0.0,0.0,0,46.613
NGIQ-BR-00000070,right,NGIQ-BR-00000318,0.0,0.0,0.0,0,92.5
NGIQ-BR-00000070,right,NGIQ-BR-00000319,0.01439,0.00958,0.00718,66,22.467
NGIQ-BR-00000070,right,NGIQ-BR-00000320,0.0,0.0,0.0,0,50.173
NGIQ-BR-00000070,right,NGIQ-BR-00000321,0.50142,0.26562,0.18066,2300,16.849
NGIQ-BR-00000070,right,NGIQ-BR-00000322,0.0,0.0,0.0,0,70.192
NGIQ-BR-00000070,right,NGIQ-BR-00000323,0.0,0.0,0.0,0,68.614
NGIQ-BR-00000070,right,NGIQ-BR-00000324,0.0,0.0,0.0,0,59.707
NGIQ-BR-00000070,right,NGIQ-BR-00000325,0.0,0.0,0.0,0,56.492
NGIQ-BR-00000070,right,NGIQ-BR-00000326,0.0,0.0,0.0,0,72.655
NGIQ-BR-00000070,right,NGIQ-BR-00000327,0.0,0.0,0.0,0,41.467
NGIQ-BR-00000070,right,NGIQ-BR-00000328,0.0,0.0,0.0,0,29.854
NGIQ-BR-00000070,right,NGIQ-BR-00000329,0.0,0.0,0.0,0,32.297
NGIQ-BR-00000070,right,NGIQ-BR-00000330,0.0,0.0,0.0,0,39.058
NGIQ-BR-00000071,left,NGIQ-BR-00000269,0.0,0.0,0.0,0,51.994
NGIQ-BR-00000071,left,NGIQ-BR-00000270,0.02667,0.03057,0.03581,173,23.646
NGIQ-BR-00000071,left,NGIQ-BR-00000271,0.0,0.0,0.0,0,85.774
NGIQ-BR-00000071,left,NGIQ-BR-00000272,0.0,0.0,0.0,0,96.894
NGIQ-BR-00000071,left,NGIQ-BR-00000273,0.0,0.0,0.0,0,88.334
NGIQ-BR-00000071,left,NGIQ-BR-00000274,0.0,0.0,0.0,0,67.813
NGIQ-BR-00000071,left,NGIQ-BR-00000275,0.0,0.0,0.0,0,90.743
NGIQ-BR-00000071,left,NGIQ-BR-00000276,0.0,0.0,0.0,0,59.433
NGIQ-BR-00000071,left,NGIQ-BR-00000277,0.0,0.0,0.0,0,100.752
NGIQ-BR-00000071,left,NGIQ-BR-00000278,0.0,0.0,0.0,0,88.495
NGIQ-BR-00000071,left,NGIQ-BR-00000279,0.0,0.0,0.0,0,89.043
NGIQ-BR-00000071,left,NGIQ-BR-00000280,0.0,0.0,0.0,0,95.771
NGIQ-BR-00000071,left,NGIQ-BR-00000281,0.0,0.0,0.0,0,81.082
NGIQ-BR-00000071,left,NGIQ-BR-00000282,0.0,0.0,0.0,0,82.801
NGIQ-BR-00000071,left,NGIQ-BR-00000283,0.0,0.0,0.0,0,31.385
NGIQ-BR-00000071,left,NGIQ-BR-00000284,0.0,0.0,0.0,0,53.991
NGIQ-BR-00000071,left,NGIQ-BR-00000285,0.0,0.0,0.0,0,89.723
NGIQ-BR-00000071,left,NGIQ-BR-00000286,0.0,0.0,0.0,0,71.382
NGIQ-BR-00000071,left,NGIQ-BR-00000287,0.0,0.0,0.0,0,93.242
NGIQ-BR-00000071,left,NGIQ-BR-00000288,0.0,0.0,0.0,0,25.415
NGIQ-BR-00000071,left,NGIQ-BR-00000289,0.0,0.0,0.0,0,35.674
NGIQ-BR-00000071,left,NGIQ-BR-00000290,0.32115,0.21019,0.15622,2083,17.616
NGIQ-BR-00000071,left,NGIQ-BR-00000291,0.0,0.0,0.0,0,57.67
NGIQ-BR-00000071,left,NGIQ-BR-00000292,0.0,0.0,0.0,0,77.332
NGIQ-BR-00000071,left,NGIQ-BR-00000293,0.0,0.0,0.0,0,72.232
NGIQ-BR-00000071,left,NGIQ-BR-00000294,0.0074,0.00319,0.00203,48,48.183
NGIQ-BR-00000071,left,NGIQ-BR-00000295,0.0,0.0,0.0,0,57.978
NGIQ-BR-00000071,left,NGIQ-BR-00000296,0.0,0.0,0.0,0,68.591
NGIQ-BR-00000071,left,NGIQ-BR-00000297,0.0,0.0,0.0,0,45.403
NGIQ-BR-00000071,left,NGIQ-BR-00000298,0.0,0.0,0.0,0,54.143
NGIQ-BR-00000071,left,NGIQ-BR-00000299,0.0,0.0,0.0,0,59.687
NGIQ-BR-00000072,right,NGIQ-BR-00000300,0.0,0.0,0.0,0,50.172
NGIQ-BR-00000072,right,NGIQ-BR-00000301,0.01725,0.02011,0.02409,120,22.959
NGIQ-BR-00000072,right,NGIQ-BR-00000302,0.0,0.0,0.0,0,83.994
NGIQ-BR-00000072,right,NGIQ-BR-00000303,0.0,0.0,0.0,0,96.146
NGIQ-BR-00000072,right,NGIQ-BR-00000304,0.0,0.0,0.0,0,88.398
NGIQ-BR-00000072,right,NGIQ-BR-00000305,0.0,0.0,0.0,0,64.028
NGIQ-BR-00000072,right,NGIQ-BR-00000306,0.0,0.0,0.0,0,91.951
NGIQ-BR-00000072,right,NGIQ-BR-00000307,0.0,0.0,0.0,0,59.358
NGIQ-BR-00000072,right,NGIQ-BR-00000308,0.0,0.0,0.0,0,98.62
NGIQ-BR-00000072,right,NGIQ-BR-00000309,0.0,0.0,0.0,0,87.461
NGIQ-BR-00000072,right,NGIQ-BR-00000310,0.0,0.0,0.0,0,87.1
NGIQ-BR-00000072,right,NGIQ-BR-00000311,0.0,0.0,0.0,0,93.776
NGIQ-BR-00000072,right,NGIQ-BR-00000312,0.0,0.0,0.0,0,80.524
NGIQ-BR-00000072,right,NGIQ-BR-00000313,0.0,0.0,0.0,0,81.882
NGIQ-BR-00000072,right,NGIQ-BR-00000314,0.0,0.0,0.0,0,30.497
NGIQ-BR-00000072,right,NGIQ-BR-00000315,0.0,0.0,0.0,0,54.376
NGIQ-BR-00000072,right,NGIQ-BR-00000316,0.0,0.0,0.0,0,89.217
NGIQ-BR-00000072,right,NGIQ-BR-00000317,0.0,0.0,0.0,0,69.766
NGIQ-BR-00000072,right,NGIQ-BR-00000318,0.0,0.0,0.0,0,90.715
NGIQ-BR-00000072,right,NGIQ-BR-00000319,0.0,0.0,0.0,0,23.202
NGIQ-BR-00000072,right,NGIQ-BR-00000320,0.0,0.0,0.0,0,34.945
NGIQ-BR-00000072,right,NGIQ-BR-00000321,0.29978,0.21183,0.16377,2085,18.367
NGIQ-BR-00000072,right,NGIQ-BR-00000322,0.0,0.0,0.0,0,57.468
NGIQ-BR-00000072,right,NGIQ-BR-00000323,0.0,0.0,0.0,0,74.838
NGIQ-BR-00000072,right,NGIQ-BR-00000324,0.0,0.0,0.0,0,72.626
NGIQ-BR-00000072,right,NGIQ-BR-00000325,0.02315,0.01112,0.00732,161,48.415
NGIQ-BR-00000072,right,NGIQ-BR-00000326,0.0,0.0,0.0,0,58.373
NGIQ-BR-00000072,right,NGIQ-BR-00000327,0.0,0.0,0.0,0,69.536
NGIQ-BR-00000072,right,NGIQ-BR-00000328,0.0,0.0,0.0,0,41.099
NGIQ-BR-00000072,right,NGIQ-BR-00000329,0.0,0.0,0.0,0,53.558
NGIQ-BR-00000072,right,NGIQ-BR-00000330,0.0,0.0,0.0,0,59.909
NGIQ-BR-00000073,left,NGIQ-BR-00000269,0.0,0.0,0.0,0,63.388
NGIQ-BR-00000073,left,NGIQ-BR-00000270,0.0,0.0,0.0,0,41.259
NGIQ-BR-00000073,left,NGIQ-BR-00000271,0.0,0.0,0.0,0,74.053
NGIQ-BR-00000073,left,NGIQ-BR-00000272,0.0,0.0,0.0,0,103.796
NGIQ-BR-00000073,left,NGIQ-BR-00000273,0.0,0.0,0.0,0,89.089
NGIQ-BR-00000073,left,NGIQ-BR-00000274,0.0,0.0,0.0,0,57.716
NGIQ-BR-00000073,left,NGIQ-BR-00000275,0.0,0.0,0.0,0,94.646
NGIQ-BR-00000073,left,NGIQ-BR-00000276,0.0,0.0,0.0,0,53.24
NGIQ-BR-00000073,left,NGIQ-BR-00000277,0.0,0.0,0.0,0,91.947
NGIQ-BR-00000073,left,NGIQ-BR-00000278,0.0,0.0,0.0,0,101.177
NGIQ-BR-00000073,left,NGIQ-BR-00000279,0.0,0.0,0.0,0,82.169
NGIQ-BR-00000073,left,NGIQ-BR-00000280,0.0,0.0,0.0,0,108.005
NGIQ-BR-00000073,left,NGIQ-BR-00000281,0.0,0.0,0.0,0,86.537
NGIQ-BR-00000073,left,NGIQ-BR-00000282,0.0,0.0,0.0,0,85.311
NGIQ-BR-00000073,left,NGIQ-BR-00000283,0.0,0.0,0.0,0,20.031
NGIQ-BR-00000073,left,NGIQ-BR-00000284,0.0,0.0,0.0,0,68.392
NGIQ-BR-00000073,left,NGIQ-BR-00000285,0.0,0.0,0.0,0,104.508
NGIQ-BR-00000073,left,NGIQ-BR-00000286,0.0,0.0,0.0,0,86.579
NGIQ-BR-00000073,left,NGIQ-BR-00000287,0.0,0.0,0.0,0,83.244
NGIQ-BR-00000073,left,NGIQ-BR-00000288,0.03417,0.02211,0.01634,167,29.46
NGIQ-BR-00000073,left,NGIQ-BR-00000289,0.0,0.0,0.0,0,35.88
NGIQ-BR-00000073,left,NGIQ-BR-00000290,0.40291,0.21612,0.14767,1969,29.697
NGIQ-BR-00000073,left,NGIQ-BR-00000291,0.0,0.0,0.0,0,45.029
NGIQ-BR-00000073,left,NGIQ-BR-00000292,0.0,0.0,0.0,0,89.922
NGIQ-BR-00000073,left,NGIQ-BR-00000293,0.0,0.0,0.0,0,88.526
NGIQ-BR-00000073,left,NGIQ-BR-00000294,0.0,0.0,0.0,0,62.195
NGIQ-BR-00000073,left,NGIQ-BR-00000295,0.0,0.0,0.0,0,42.984
NGIQ-BR-00000073,left,NGIQ-BR-00000296,0.0,0.0,0.0,0,76.986
NGIQ-BR-00000073,left,NGIQ-BR-00000297,0.0,0.0,0.0,0,44.152
NGIQ-BR-00000073,left,NGIQ-BR-00000298,0.0,0.0,0.0,0,58.747
NGIQ-BR-00000073,left,NGIQ-BR-00000299,0.0,0.0,0.0,0,69.563
NGIQ-BR-00000074,right,NGIQ-BR-00000300,0.0,0.0,0.0,0,59.055
NGIQ-BR-00000074,right,NGIQ-BR-00000301,0.0,0.0,0.0,0,34.429
NGIQ-BR-00000074,right,NGIQ-BR-00000302,0.0,0.0,0.0,0,75.281
NGIQ-BR-00000074,right,NGIQ-BR-00000303,0.0,0.0,0.0,0,99.132
NGIQ-BR-00000074,right,NGIQ-BR-00000304,0.0,0.0,0.0,0,86.271
NGIQ-BR-00000074,right,NGIQ-BR-00000305,0.0,0.0,0.0,0,54.319
NGIQ-BR-00000074,right,NGIQ-BR-00000306,0.0,0.0,0.0,0,91.544
NGIQ-BR-00000074,right,NGIQ-BR-00000307,0.0,0.0,0.0,0,54.426
NGIQ-BR-00000074,right,NGIQ-BR-00000308,0.0,0.0,0.0,0,90.384
NGIQ-BR-00000074,right,NGIQ-BR-00000309,0.0,0.0,0.0,0,95.016
NGIQ-BR-00000074,right,NGIQ-BR-00000310,0.0,0.0,0.0,0,81.024
NGIQ-BR-00000074,right,NGIQ-BR-00000311,0.0,0.0,0.0,0,102.062
NGIQ-BR-00000074,right,NGIQ-BR-00000312,0.0,0.0,0.0,0,80.467
NGIQ-BR-00000074,right,NGIQ-BR-00000313,0.0,0.0,0.0,0,81.451
NGIQ-BR-00000074,right,NGIQ-BR-00000314,0.0,0.0,0.0,0,26.345
NGIQ-BR-00000074,right,NGIQ-BR-00000315,0.0,0.0,0.0,0,61.556
NGIQ-BR-00000074,right,NGIQ-BR-00000316,0.0,0.0,0.0,0,97.676
NGIQ-BR-00000074,right,NGIQ-BR-00000317,0.0,0.0,0.0,0,78.186
NGIQ-BR-00000074,right,NGIQ-BR-00000318,0.0,0.0,0.0,0,82.748
NGIQ-BR-00000074,right,NGIQ-BR-00000319,0.02287,0.01706,0.0136,125,20.303
NGIQ-BR-00000074,right,NGIQ-BR-00000320,0.0,0.0,0.0,0,35.599
NGIQ-BR-00000074,right,NGIQ-BR-00000321,0.39103,0.23489,0.16786,2137,23.035
NGIQ-BR-00000074,right,NGIQ-BR-00000322,0.0,0.0,0.0,0,48.892
NGIQ-BR-00000074,right,NGIQ-BR-00000323,0.0,0.0,0.0,0,83.874
NGIQ-BR-00000074,right,NGIQ-BR-00000324,0.0,0.0,0.0,0,83.172
NGIQ-BR-00000074,right,NGIQ-BR-00000325,0.0,0.0,0.0,0,59.635
NGIQ-BR-00000074,right,NGIQ-BR-00000326,0.0,0.0,0.0,0,47.282
NGIQ-BR-00000074,right,NGIQ-BR-00000327,0.0,0.0,0.0,0,72.132
NGIQ-BR-00000074,right,NGIQ-BR-00000328,0.0,0.0,0.0,0,35.805
NGIQ-BR-00000074,right,NGIQ-BR-00000329,0.0,0.0,0.0,0,53.593
NGIQ-BR-00000074,right,NGIQ-BR-00000330,0.0,0.0,0.0,0,64.287
NGIQ-BR-00000075,left,NGIQ-BR-00000269,0.0,0.0,0.0,0,66.148
NGIQ-BR-00000075,left,NGIQ-BR-00000270,0.0,0.0,0.0,0,49.247
NGIQ-BR-00000075,left,NGIQ-BR-00000271,0.0,0.0,0.0,0,81.19
NGIQ-BR-00000075,left,NGIQ-BR-00000272,0.0,0.0,0.0,0,114.546
NGIQ-BR-00000075,left,NGIQ-BR-00000273,0.0,0.0,0.0,0,102.602
NGIQ-BR-00000075,left,NGIQ-BR-00000274,0.0,0.0,0.0,0,71.14
NGIQ-BR-00000075,left,NGIQ-BR-00000275,0.0,0.0,0.0,0,109.666
NGIQ-BR-00000075,left,NGIQ-BR-00000276,0.0,0.0,0.0,0,61.67
NGIQ-BR-00000075,left,NGIQ-BR-00000277,0.0,0.0,0.0,0,103.475
NGIQ-BR-00000075,left,NGIQ-BR-00000278,0.0,0.0,0.0,0,109.437
NGIQ-BR-00000075,left,NGIQ-BR-00000279,0.0,0.0,0.0,0,92.087
NGIQ-BR-00000075,left,NGIQ-BR-00000280,0.0,0.0,0.0,0,113.266
NGIQ-BR-00000075,left,NGIQ-BR-00000281,0.0,0.0,0.0,0,102.448
NGIQ-BR-00000075,left,NGIQ-BR-00000282,0.0,0.0,0.0,0,97.139
NGIQ-BR-00000075,left,NGIQ-BR-00000283,0.02039,0.01317,0.00973,46,18.79
NGIQ-BR-00000075,left,NGIQ-BR-00000284,0.0,0.0,0.0,0,80.379
NGIQ-BR-00000075,left,NGIQ-BR-00000285,0.0,0.0,0.0,0,114.071
NGIQ-BR-00000075,left,NGIQ-BR-00000286,0.0,0.0,0.0,0,96.875
NGIQ-BR-00000075,left,NGIQ-BR-00000287,0.0,0.0,0.0,0,91.891
NGIQ-BR-00000075,left,NGIQ-BR-00000288,0.0,0.0,0.0,0,46.876
NGIQ-BR-00000075,left,NGIQ-BR-00000289,0.0,0.0,0.0,0,40.563
NGIQ-BR-00000075,left,NGIQ-BR-00000290,0.38564,0.11161,0.06525,870,44.23
NGIQ-BR-00000075,left,NGIQ-BR-00000291,0.0,0.0,0.0,0,51.674
NGIQ-BR-00000075,left,NGIQ-BR-00000292,0.0,0.0,0.0,0,94.021
NGIQ-BR-00000075,left,NGIQ-BR-00000293,0.0,0.0,0.0,0,94.688
NGIQ-BR-00000075,left,NGIQ-BR-00000294,0.00044,8e-05,4e-05,1,62.473
NGIQ-BR-00000075,left,NGIQ-BR-00000295,0.0,0.0,0.0,0,51.192
NGIQ-BR-00000075,left,NGIQ-BR-00000296,0.0,0.0,0.0,0,91.966
NGIQ-BR-00000075,left,NGIQ-BR-00000297,0.0,0.0,0.0,0,61.823
NGIQ-BR-00000075,left,NGIQ-BR-00000298,0.0,0.0,0.0,0,73.964
NGIQ-BR-00000075,left,NGIQ-BR-00000299,0.0,0.0,0.0,0,81.727
NGIQ-BR-00000076,right,NGIQ-BR-00000300,0.0,0.0,0.0,0,64.296
NGIQ-BR-00000076,right,NGIQ-BR-00000301,0.0,0.0,0.0,0,48.507
NGIQ-BR-00000076,right,NGIQ-BR-00000302,0.0,0.0,0.0,0,76.562
NGIQ-BR-00000076,right,NGIQ-BR-00000303,0.0,0.0,0.0,0,112.002
NGIQ-BR-00000076,right,NGIQ-BR-00000304,0.0,0.0,0.0,0,100.304
NGIQ-BR-00000076,right,NGIQ-BR-00000305,0.0,0.0,0.0,0,66.064
NGIQ-BR-00000076,right,NGIQ-BR-00000306,0.0,0.0,0.0,0,109.005
NGIQ-BR-00000076,right,NGIQ-BR-00000307,0.0,0.0,0.0,0,59.014
NGIQ-BR-00000076,right,NGIQ-BR-00000308,0.0,0.0,0.0,0,98.975
NGIQ-BR-00000076,right,NGIQ-BR-00000309,0.0,0.0,0.0,0,107.624
NGIQ-BR-00000076,right,NGIQ-BR-00000310,0.0,0.0,0.0,0,87.509
NGIQ-BR-00000076,right,NGIQ-BR-00000311,0.0,0.0,0.0,0,110.917
NGIQ-BR-00000076,right,NGIQ-BR-00000312,0.0,0.0,0.0,0,100.033
NGIQ-BR-00000076,right,NGIQ-BR-00000313,0.0,0.0,0.0,0,94.026
NGIQ-BR-00000076,right,NGIQ-BR-00000314,0.01216,0.00996,0.00844,39,15.666
NGIQ-BR-00000076,right,NGIQ-BR-00000315,0.0,0.0,0.0,0,80.077
NGIQ-BR-00000076,right,NGIQ-BR-00000316,0.0,0.0,0.0,0,113.115
NGIQ-BR-00000076,right,NGIQ-BR-00000317,0.0,0.0,0.0,0,95.083
NGIQ-BR-00000076,right,NGIQ-BR-00000318,0.0,0.0,0.0,0,86.653
NGIQ-BR-00000076,right,NGIQ-BR-00000319,0.00624,0.00323,0.00218,20,43.22
NGIQ-BR-00000076,right,NGIQ-BR-00000320,0.0,0.0,0.0,0,37.679
NGIQ-BR-00000076,right,NGIQ-BR-00000321,0.34435,0.13855,0.08672,1104,44.191
NGIQ-BR-00000076,right,NGIQ-BR-00000322,0.0,0.0,0.0,0,48.865
NGIQ-BR-00000076,right,NGIQ-BR-00000323,0.0,0.0,0.0,0,91.532
NGIQ-BR-00000076,right,NGIQ-BR-00000324,0.0,0.0,0.0,0,95.451
NGIQ-BR-00000076,right,NGIQ-BR-00000325,0.0,0.0,0.0,0,63.834
NGIQ-BR-00000076,right,NGIQ-BR-00000326,0.0,0.0,0.0,0,47.799
NGIQ-BR-00000076,right,NGIQ-BR-00000327,0.0,0.0,0.0,0,91.649
NGIQ-BR-00000076,right,NGIQ-BR-00000328,0.0,0.0,0.0,0,57.153
NGIQ-BR-00000076,right,NGIQ-BR-00000329,0.0,0.0,0.0,0,72.491
NGIQ-BR-00000076,right,NGIQ-BR-00000330,0.0,0.0,0.0,0,80.733
NGIQ-BR-00000077,left,NGIQ-BR-00000269,0.0,0.0,0.0,0,53.751
NGIQ-BR-00000077,left,NGIQ-BR-00000270,0.0,0.0,0.0,0,45.627
NGIQ-BR-00000077,left,NGIQ-BR-00000271,0.0,0.0,0.0,0,93.469
NGIQ-BR-00000077,left,NGIQ-BR-00000272,0.0,0.0,0.0,0,53.557
NGIQ-BR-00000077,left,NGIQ-BR-00000273,0.0,0.0,0.0,0,54.511
NGIQ-BR-00000077,left,NGIQ-BR-00000274,0.0,0.0,0.0,0,74.935
NGIQ-BR-00000077,left,NGIQ-BR-00000275,0.0,0.0,0.0,0,45.949
NGIQ-BR-00000077,left,NGIQ-BR-00000276,0.0,0.0,0.0,0,64.03
NGIQ-BR-00000077,left,NGIQ-BR-00000277,0.0,0.0,0.0,0,92.955
NGIQ-BR-00000077,left,NGIQ-BR-00000278,0.0,0.0,0.0,0,50.665
NGIQ-BR-00000077,left,NGIQ-BR-00000279,0.0,0.0,0.0,0,80.102
NGIQ-BR-00000077,left,NGIQ-BR-00000280,0.0,0.0,0.0,0,67.622
NGIQ-BR-00000077,left,NGIQ-BR-00000281,0.0,0.0,0.0,0,34.03
NGIQ-BR-00000077,left,NGIQ-BR-00000282,0.0,0.0,0.0,0,49.353
NGIQ-BR-00000077,left,NGIQ-BR-00000283,0.0,0.0,0.0,0,73.842
NGIQ-BR-00000077,left,NGIQ-BR-00000284,0.0142,0.01195,0.01032,52,17.68
NGIQ-BR-00000077,left,NGIQ-BR-00000285,0.0,0.0,0.0,0,48.585
NGIQ-BR-00000077,left,NGIQ-BR-00000286,0.0,0.0,0.0,0,33.358
NGIQ-BR-00000077,left,NGIQ-BR-00000287,0.0,0.0,0.0,0,92.774
NGIQ-BR-00000077,left,NGIQ-BR-00000288,0.02677,0.01412,0.00959,98,41.887
NGIQ-BR-00000077,left,NGIQ-BR-00000289,0.0,0.0,0.0,0,56.669
NGIQ-BR-00000077,left,NGIQ-BR-00000290,0.43813,0.18876,0.12029,1604,39.35
NGIQ-BR-00000077,left,NGIQ-BR-00000291,0.0,0.0,0.0,0,78.253
NGIQ-BR-00000077,left,NGIQ-BR-00000292,0.0,0.0,0.0,0,59.599
NGIQ-BR-00000077,left,NGIQ-BR-00000293,0.0,0.0,0.0,0,52.913
NGIQ-BR-00000077,left,NGIQ-BR-00000294,0.0,0.0,0.0,0,62.926
NGIQ-BR-00000077,left,NGIQ-BR-00000295,0.0,0.0,0.0,0,83.433
NGIQ-BR-00000077,left,NGIQ-BR-00000296,0.0,0.0,0.0,0,16.403
NGIQ-BR-00000077,left,NGIQ-BR-00000297,0.0,0.0,0.0,0,46.039
NGIQ-BR-00000077,left,NGIQ-BR-00000298,0.0,0.0,0.0,0,24.911
NGIQ-BR-00000077,left,NGIQ-BR-00000299,0.00027,0.00016,0.00012,1,18.428
NGIQ-BR-00000078,right,NGIQ-BR-00000300,0.0,0.0,0.0,0,53.229
NGIQ-BR-00000078,right,NGIQ-BR-00000301,0.0,0.0,0.0,0,44.843
NGIQ-BR-00000078,right,NGIQ-BR-00000302,0.0,0.0,0.0,0,94.373
NGIQ-BR-00000078,right,NGIQ-BR-00000303,0.0,0.0,0.0,0,56.086
NGIQ-BR-00000078,right,NGIQ-BR-00000304,0.0,0.0,0.0,0,57.359
NGIQ-BR-00000078,right,NGIQ-BR-00000305,0.0,0.0,0.0,0,71.849
NGIQ-BR-00000078,right,NGIQ-BR-00000306,0.0,0.0,0.0,0,48.712
NGIQ-BR-00000078,right,NGIQ-BR-00000307,0.0,0.0,0.0,0,65.887
NGIQ-BR-00000078,right,NGIQ-BR-00000308,0.0,0.0,0.0,0,92.756
NGIQ-BR-00000078,right,NGIQ-BR-00000309,0.0,0.0,0.0,0,50.502
NGIQ-BR-00000078,right,NGIQ-BR-00000310,0.0,0.0,0.0,0,81.029
NGIQ-BR-00000078,right,NGIQ-BR-00000311,0.0,0.0,0.0,0,66.452
NGIQ-BR-00000078,right,NGIQ-BR-00000312,0.0,0.0,0.0,0,35.425
NGIQ-BR-00000078,right,NGIQ-BR-00000313,0.0,0.0,0.0,0,51.915
NGIQ-BR-00000078,right,NGIQ-BR-00000314,0.0,0.0,0.0,0,73.668
NGIQ-BR-00000078,right,NGIQ-BR-00000315,0.01648,0.01525,0.0142,57,15.026
NGIQ-BR-00000078,right,NGIQ-BR-00000316,0.0,0.0,0.0,0,47.929
NGIQ-BR-00000078,right,NGIQ-BR-00000317,0.0,0.0,0.0,0,30.679
NGIQ-BR-00000078,right,NGIQ-BR-00000318,0.0,0.0,0.0,0,93.013
NGIQ-BR-00000078,right,NGIQ-BR-00000319,0.00809,0.00443,0.00305,28,42.448
NGIQ-BR-00000078,right,NGIQ-BR-00000320,0.0,0.0,0.0,0,57.825
NGIQ-BR-00000078,right,NGIQ-BR-00000321,0.43452,0.18567,0.11806,1503,37.321
NGIQ-BR-00000078,right,NGIQ-BR-00000322,0.0,0.0,0.0,0,79.052
NGIQ-BR-00000078,right,NGIQ-BR-00000323,0.0,0.0,0.0,0,57.976
NGIQ-BR-00000078,right,NGIQ-BR-00000324,0.0,0.0,0.0,0,51.04
NGIQ-BR-00000078,right,NGIQ-BR-00000325,0.0,0.0,0.0,0,61.624
NGIQ-BR-00000078,right,NGIQ-BR-00000326,0.0,0.0,0.0,0,85.97
NGIQ-BR-00000078,right,NGIQ-BR-00000327,0.0,0.0,0.0,0,18.467
NGIQ-BR-00000078,right,NGIQ-BR-00000328,0.0,0.0,0.0,0,43.092
NGIQ-BR-00000078,right,NGIQ-BR-00000329,0.0,0.0,0.0,0,23.763
NGIQ-BR-00000078,right,NGIQ-BR-00000330,0.0,0.0,0.0,0,19.854
NGIQ-BR-00000079,left,NGIQ-BR-00000269,0.0,0.0,0.0,0,47.03
NGIQ-BR-00000079,left,NGIQ-BR-00000270,0.00566,0.00643,0.00745,36,23.494
NGIQ-BR-00000079,left,NGIQ-BR-00000271,0.0,0.0,0.0,0,96.552
NGIQ-BR-00000079,left,NGIQ-BR-00000272,0.0,0.0,0.0,0,73.552
NGIQ-BR-00000079,left,NGIQ-BR-00000273,0.0,0.0,0.0,0,72.67
NGIQ-BR-00000079,left,NGIQ-BR-00000274,0.0,0.0,0.0,0,75.618
NGIQ-BR-00000079,left,NGIQ-BR-00000275,0.0,0.0,0.0,0,67.687
NGIQ-BR-00000079,left,NGIQ-BR-00000276,0.0,0.0,0.0,0,66.253
NGIQ-BR-00000079,left,NGIQ-BR-00000277,0.0,0.0,0.0,0,101.905
NGIQ-BR-00000079,left,NGIQ-BR-00000278,0.0,0.0,0.0,0,62.089
NGIQ-BR-00000079,left,NGIQ-BR-00000279,0.0,0.0,0.0,0,89.484
NGIQ-BR-00000079,left,NGIQ-BR-00000280,0.0,0.0,0.0,0,75.061
NGIQ-BR-00000079,left,NGIQ-BR-00000281,0.0,0.0,0.0,0,55.516
NGIQ-BR-00000079,left,NGIQ-BR-00000282,0.0,0.0,0.0,0,66.842
NGIQ-BR-00000079,left,NGIQ-BR-00000283,0.0,0.0,0.0,0,60.81
NGIQ-BR-00000079,left,NGIQ-BR-00000284,0.01478,0.0165,0.01865,94,20.346
NGIQ-BR-00000079,left,NGIQ-BR-00000285,0.0,0.0,0.0,0,58.491
NGIQ-BR-00000079,left,NGIQ-BR-00000286,0.0,0.0,0.0,0,39.411
NGIQ-BR-00000079,left,NGIQ-BR-00000287,0.0,0.0,0.0,0,99.201
NGIQ-BR-00000079,left,NGIQ-BR-00000288,0.0,0.0,0.0,0,29.825
NGIQ-BR-00000079,left,NGIQ-BR-00000289,0.0,0.0,0.0,0,49.007
NGIQ-BR-00000079,left,NGIQ-BR-00000290,0.27933,0.18038,0.13319,1776,21.417
NGIQ-BR-00000079,left,NGIQ-BR-00000291,0.0,0.0,0.0,0,74.959
NGIQ-BR-00000079,left,NGIQ-BR-00000292,0.0,0.0,0.0,0,61.125
NGIQ-BR-00000079,left,NGIQ-BR-00000293,0.0,0.0,0.0,0,49.44
NGIQ-BR-00000079,left,NGIQ-BR-00000294,0.0,0.0,0.0,0,48.575
NGIQ-BR-00000079,left,NGIQ-BR-00000295,0.0,0.0,0.0,0,77.877
NGIQ-BR-00000079,left,NGIQ-BR-00000296,0.0,0.0,0.0,0,39.626
NGIQ-BR-00000079,left,NGIQ-BR-00000297,0.0,0.0,0.0,0,43.711
NGIQ-BR-00000079,left,NGIQ-BR-00000298,0.0,0.0,0.0,0,36.675
NGIQ-BR-00000079,left,NGIQ-BR-00000299,0.0,0.0,0.0,0,33.926
NGIQ-BR-00000080,right,NGIQ-BR-00000300,0.0,0.0,0.0,0,47.092
NGIQ-BR-00000080,right,NGIQ-BR-00000301,0.00176,0.00187,0.00201,10,24.353
NGIQ-BR-00000080,right,NGIQ-BR-00000302,0.0,0.0,0.0,0,96.546
NGIQ-BR-00000080,right,NGIQ-BR-00000303,0.0,0.0,0.0,0,74.65
NGIQ-BR-00000080,right,NGIQ-BR-00000304,0.0,0.0,0.0,0,74.125
NGIQ-BR-00000080,right,NGIQ-BR-00000305,0.0,0.0,0.0,0,71.95
NGIQ-BR-00000080,right,NGIQ-BR-00000306,0.0,0.0,0.0,0,69.343
NGIQ-BR-00000080,right,NGIQ-BR-00000307,0.0,0.0,0.0,0,67.849
NGIQ-BR-00000080,right,NGIQ-BR-00000308,0.0,0.0,0.0,0,100.718
NGIQ-BR-00000080,right,NGIQ-BR-00000309,0.0,0.0,0.0,0,62.242
NGIQ-BR-00000080,right,NGIQ-BR-00000310,0.0,0.0,0.0,0,89.257
NGIQ-BR-00000080,right,NGIQ-BR-00000311,0.0,0.0,0.0,0,74.212
NGIQ-BR-00000080,right,NGIQ-BR-00000312,0.0,0.0,0.0,0,55.648
NGIQ-BR-00000080,right,NGIQ-BR-00000313,0.0,0.0,0.0,0,67.843
NGIQ-BR-00000080,right,NGIQ-BR-00000314,0.0,0.0,0.0,0,61.163
NGIQ-BR-00000080,right,NGIQ-BR-00000315,0.0,0.0,0.0,0,20.961
NGIQ-BR-00000080,right,NGIQ-BR-00000316,0.0,0.0,0.0,0,58.415
NGIQ-BR-00000080,right,NGIQ-BR-00000317,0.0,0.0,0.0,0,37.63
NGIQ-BR-00000080,right,NGIQ-BR-00000318,0.0,0.0,0.0,0,98.356
NGIQ-BR-00000080,right,NGIQ-BR-00000319,0.0,0.0,0.0,0,30.374
NGIQ-BR-00000080,right,NGIQ-BR-00000320,0.0,0.0,0.0,0,50.707
NGIQ-BR-00000080,right,NGIQ-BR-00000321,0.28599,0.17681,0.12796,1629,20.726
NGIQ-BR-00000080,right,NGIQ-BR-00000322,0.0,0.0,0.0,0,75.86
NGIQ-BR-00000080,right,NGIQ-BR-00000323,0.0,0.0,0.0,0,59.858
NGIQ-BR-00000080,right,NGIQ-BR-00000324,0.0,0.0,0.0,0,49.422
NGIQ-BR-00000080,right,NGIQ-BR-00000325,0.0,0.0,0.0,0,48.743
NGIQ-BR-00000080,right,NGIQ-BR-00000326,0.0,0.0,0.0,0,80.077
NGIQ-BR-00000080,right,NGIQ-BR-00000327,0.0,0.0,0.0,0,40.612
NGIQ-BR-00000080,right,NGIQ-BR-00000328,0.0,0.0,0.0,0,39.384
NGIQ-BR-00000080,right,NGIQ-BR-00000329,0.0,0.0,0.0,0,35.467
NGIQ-BR-00000080,right,NGIQ-BR-00000330,0.0,0.0,0.0,0,35.289
NGIQ-BR-00000081,left,NGIQ-BR-00000269,0.0,0.0,0.0,0,68.468
NGIQ-BR-00000081,left,NGIQ-BR-00000270,0.0,0.0,0.0,0,59.154
NGIQ-BR-00000081,left,NGIQ-BR-00000271,0.0,0.0,0.0,0,58.124
NGIQ-BR-00000081,left,NGIQ-BR-00000272,0.0,0.0,0.0,0,104.342
NGIQ-BR-00000081,left,NGIQ-BR-00000273,0.0,0.0,0.0,0,87.124
NGIQ-BR-00000081,left,NGIQ-BR-00000274,0.0,0.0,0.0,0,54.093
NGIQ-BR-00000081,left,NGIQ-BR-00000275,0.0,0.0,0.0,0,97.52
NGIQ-BR-00000081,left,NGIQ-BR-00000276,0.0,0.0,0.0,0,41.957
NGIQ-BR-00000081,left,NGIQ-BR-00000277,0.0,0.0,0.0,0,82.436
NGIQ-BR-00000081,left,NGIQ-BR-00000278,0.0,0.0,0.0,0,107.676
NGIQ-BR-00000081,left,NGIQ-BR-00000279,0.0,0.0,0.0,0,70.709
NGIQ-BR-00000081,left,NGIQ-BR-00000280,0.0,0.0,0.0,0,112.239
NGIQ-BR-00000081,left,NGIQ-BR-00000281,0.0,0.0,0.0,0,92.919
NGIQ-BR-00000081,left,NGIQ-BR-00000282,0.0,0.0,0.0,0,82.998
NGIQ-BR-00000081,left,NGIQ-BR-00000283,0.41861,0.33866,0.28436,1345,10.431
NGIQ-BR-00000081,left,NGIQ-BR-00000284,0.0,0.0,0.0,0,81.939
NGIQ-BR-00000081,left,NGIQ-BR-00000285,0.0,0.0,0.0,0,115.295
NGIQ-BR-00000081,left,NGIQ-BR-00000286,0.0,0.0,0.0,0,99.196
NGIQ-BR-00000081,left,NGIQ-BR-00000287,0.0,0.0,0.0,0,69.235
NGIQ-BR-00000081,left,NGIQ-BR-00000288,0.0028,0.00134,0.00088,9,45.359
NGIQ-BR-00000081,left,NGIQ-BR-00000289,0.0,0.0,0.0,0,32.636
NGIQ-BR-00000081,left,NGIQ-BR-00000290,0.0165,0.00641,0.00397,53,47.382
NGIQ-BR-00000081,left,NGIQ-BR-00000291,0.00062,0.00034,0.00024,2,28.93
NGIQ-BR-00000081,left,NGIQ-BR-00000292,0.0,0.0,0.0,0,95.103
NGIQ-BR-00000081,left,NGIQ-BR-00000293,0.0,0.0,0.0,0,100.863
NGIQ-BR-00000081,left,NGIQ-BR-00000294,0.0,0.0,0.0,0,72.111
NGIQ-BR-00000081,left,NGIQ-BR-00000295,0.0,0.0,0.0,0,31.959
NGIQ-BR-00000081,left,NGIQ-BR-00000296,0.0,0.0,0.0,0,85.552
NGIQ-BR-00000081,left,NGIQ-BR-00000297,0.0,0.0,0.0,0,54.059
NGIQ-BR-00000081,left,NGIQ-BR-00000298,0.0,0.0,0.0,0,64.9
NGIQ-BR-00000081,left,NGIQ-BR-00000299,0.0,0.0,0.0,0,76.742
NGIQ-BR-00000082,right,NGIQ-BR-00000300,0.0,0.0,0.0,0,63.039
NGIQ-BR-00000082,right,NGIQ-BR-00000301,0.0,0.0,0.0,0,55.175
NGIQ-BR-00000082,right,NGIQ-BR-00000302,0.0,0.0,0.0,0,55.392
NGIQ-BR-00000082,right,NGIQ-BR-00000303,0.0,0.0,0.0,0,98.516
NGIQ-BR-00000082,right,NGIQ-BR-00000304,0.0,0.0,0.0,0,82.827
NGIQ-BR-00000082,right,NGIQ-BR-00000305,0.0,0.0,0.0,0,50.758
NGIQ-BR-00000082,right,NGIQ-BR-00000306,0.0,0.0,0.0,0,94.518
NGIQ-BR-00000082,right,NGIQ-BR-00000307,0.0,0.0,0.0,0,38.123
NGIQ-BR-00000082,right,NGIQ-BR-00000308,0.0,0.0,0.0,0,78.988
NGIQ-BR-00000082,right,NGIQ-BR-00000309,0.0,0.0,0.0,0,101.557
NGIQ-BR-00000082,right,NGIQ-BR-00000310,0.0,0.0,0.0,0,66.084
NGIQ-BR-00000082,right,NGIQ-BR-00000311,0.0,0.0,0.0,0,105.725
NGIQ-BR-00000082,right,NGIQ-BR-00000312,0.0,0.0,0.0,0,87.936
NGIQ-BR-00000082,right,NGIQ-BR-00000313,0.0,0.0,0.0,0,77.33
NGIQ-BR-00000082,right,NGIQ-BR-00000314,0.39484,0.36013,0.33103,1530,10.335
NGIQ-BR-00000082,right,NGIQ-BR-00000315,0.0,0.0,0.0,0,77.569
NGIQ-BR-00000082,right,NGIQ-BR-00000316,0.0,0.0,0.0,0,110.086
NGIQ-BR-00000082,right,NGIQ-BR-00000317,0.0,0.0,0.0,0,93.4
NGIQ-BR-00000082,right,NGIQ-BR-00000318,0.0,0.0,0.0,0,65.18
NGIQ-BR-00000082,right,NGIQ-BR-00000319,0.0,0.0,0.0,0,40.456
NGIQ-BR-00000082,right,NGIQ-BR-00000320,0.00439,0.00415,0.00393,17,26.512
NGIQ-BR-00000082,right,NGIQ-BR-00000321,0.0,0.0,0.0,0,44.557
NGIQ-BR-00000082,right,NGIQ-BR-00000322,0.02529,0.01588,0.01157,98,27.56
NGIQ-BR-00000082,right,NGIQ-BR-00000323,0.0,0.0,0.0,0,88.664
NGIQ-BR-00000082,right,NGIQ-BR-00000324,0.0,0.0,0.0,0,97.114
NGIQ-BR-00000082,right,NGIQ-BR-00000325,0.0,0.0,0.0,0,69.707
NGIQ-BR-00000082,right,NGIQ-BR-00000326,0.0,0.0,0.0,0,32.14
NGIQ-BR-00000082,right,NGIQ-BR-00000327,0.0,0.0,0.0,0,82.384
NGIQ-BR-00000082,right,NGIQ-BR-00000328,0.0,0.0,0.0,0,49.585
NGIQ-BR-00000082,right,NGIQ-BR-00000329,0.0,0.0,0.0,0,61.486
NGIQ-BR-00000082,right,NGIQ-BR-00000330,0.0,0.0,0.0,0,72.075
NGIQ-BR-00000083,left,NGIQ-BR-00000269,0.0,0.0,0.0,0,57.671
NGIQ-BR-00000083,left,NGIQ-BR-00000270,0.0,0.0,0.0,0,49.858
NGIQ-BR-00000083,left,NGIQ-BR-00000271,0.0,0.0,0.0,0,71.498
NGIQ-BR-00000083,left,NGIQ-BR-00000272,0.0,0.0,0.0,0,103.443
NGIQ-BR-00000083,left,NGIQ-BR-00000273,0.0,0.0,0.0,0,92.619
NGIQ-BR-00000083,left,NGIQ-BR-00000274,0.0,0.0,0.0,0,67.27
NGIQ-BR-00000083,left,NGIQ-BR-00000275,0.0,0.0,0.0,0,101.489
NGIQ-BR-00000083,left,NGIQ-BR-00000276,0.0,0.0,0.0,0,49.367
NGIQ-BR-00000083,left,NGIQ-BR-00000277,0.0,0.0,0.0,0,95.311
NGIQ-BR-00000083,left,NGIQ-BR-00000278,0.0,0.0,0.0,0,100.924
NGIQ-BR-00000083,left,NGIQ-BR-00000279,0.0,0.0,0.0,0,80.891
NGIQ-BR-00000083,left,NGIQ-BR-00000280,0.0,0.0,0.0,0,103.776
NGIQ-BR-00000083,left,NGIQ-BR-00000281,0.0,0.0,0.0,0,96.032
NGIQ-BR-00000083,left,NGIQ-BR-00000282,0.0,0.0,0.0,0,85.887
NGIQ-BR-00000083,left,NGIQ-BR-00000283,0.44526,0.4213,0.39979,1891,7.454
NGIQ-BR-00000083,left,NGIQ-BR-00000284,0.0,0.0,0.0,0,76.46
NGIQ-BR-00000083,left,NGIQ-BR-00000285,0.0,0.0,0.0,0,108.198
NGIQ-BR-00000083,left,NGIQ-BR-00000286,0.0,0.0,0.0,0,92.267
NGIQ-BR-00000083,left,NGIQ-BR-00000287,0.0,0.0,0.0,0,81.786
NGIQ-BR-00000083,left,NGIQ-BR-00000288,0.0,0.0,0.0,0,46.644
NGIQ-BR-00000083,left,NGIQ-BR-00000289,0.0,0.0,0.0,0,27.818
NGIQ-BR-00000083,left,NGIQ-BR-00000290,0.00188,0.00091,0.0006,8,43.809
NGIQ-BR-00000083,left,NGIQ-BR-00000291,0.0,0.0,0.0,0,42.463
NGIQ-BR-00000083,left,NGIQ-BR-00000292,0.0,0.0,0.0,0,85.316
NGIQ-BR-00000083,left,NGIQ-BR-00000293,0.0,0.0,0.0,0,90.558
NGIQ-BR-00000083,left,NGIQ-BR-00000294,0.00047,0.00014,8e-05,2,58.662
NGIQ-BR-00000083,left,NGIQ-BR-00000295,0.0,0.0,0.0,0,47.309
NGIQ-BR-00000083,left,NGIQ-BR-00000296,0.0,0.0,0.0,0,85.793
NGIQ-BR-00000083,left,NGIQ-BR-00000297,0.0,0.0,0.0,0,60.414
NGIQ-BR-00000083,left,NGIQ-BR-00000298,0.0,0.0,0.0,0,67.221
NGIQ-BR-00000083,left,NGIQ-BR-00000299,0.0,0.0,0.0,0,73.932
NGIQ-BR-00000084,right,NGIQ-BR-00000300,0.0,0.0,0.0,0,55.596
NGIQ-BR-00000084,right,NGIQ-BR-00000301,0.0,0.0,0.0,0,48.67
NGIQ-BR-00000084,right,NGIQ-BR-00000302,0.0,0.0,0.0,0,70.76
NGIQ-BR-00000084,right,NGIQ-BR-00000303,0.0,0.0,0.0,0,102.539
NGIQ-BR-00000084,right,NGIQ-BR-00000304,0.0,0.0,0.0,0,92.956
NGIQ-BR-00000084,right,NGIQ-BR-00000305,0.0,0.0,0.0,0,66.021
NGIQ-BR-00000084,right,NGIQ-BR-00000306,0.0,0.0,0.0,0,103.032
NGIQ-BR-00000084,right,NGIQ-BR-00000307,0.0,0.0,0.0,0,49.944
NGIQ-BR-00000084,right,NGIQ-BR-00000308,0.0,0.0,0.0,0,94.626
NGIQ-BR-00000084,right,NGIQ-BR-00000309,0.0,0.0,0.0,0,99.466
NGIQ-BR-00000084,right,NGIQ-BR-00000310,0.0,0.0,0.0,0,79.702
NGIQ-BR-00000084,right,NGIQ-BR-00000311,0.0,0.0,0.0,0,101.476
NGIQ-BR-00000084,right,NGIQ-BR-00000312,0.0,0.0,0.0,0,95.788
NGIQ-BR-00000084,right,NGIQ-BR-00000313,0.0,0.0,0.0,0,85.241
NGIQ-BR-00000084,right,NGIQ-BR-00000314,0.39314,0.39846,0.40394,1867,6.685
NGIQ-BR-00000084,right,NGIQ-BR-00000315,0.0,0.0,0.0,0,76.746
NGIQ-BR-00000084,right,NGIQ-BR-00000316,0.0,0.0,0.0,0,107.438
NGIQ-BR-00000084,right,NGIQ-BR-00000317,0.0,0.0,0.0,0,90.949
NGIQ-BR-00000084,right,NGIQ-BR-00000318,0.0,0.0,0.0,0,80.268
NGIQ-BR-00000084,right,NGIQ-BR-00000319,0.0,0.0,0.0,0,45.133
NGIQ-BR-00000084,right,NGIQ-BR-00000320,0.0,0.0,0.0,0,26.548
NGIQ-BR-00000084,right,NGIQ-BR-00000321,0.00147,0.0008,0.00055,7,44.746
NGIQ-BR-00000084,right,NGIQ-BR-00000322,0.0,0.0,0.0,0,43.271
NGIQ-BR-00000084,right,NGIQ-BR-00000323,0.0,0.0,0.0,0,82.687
NGIQ-BR-00000084,right,NGIQ-BR-00000324,0.0,0.0,0.0,0,90.666
NGIQ-BR-00000084,right,NGIQ-BR-00000325,0.0,0.0,0.0,0,58.747
NGIQ-BR-00000084,right,NGIQ-BR-00000326,0.0,0.0,0.0,0,47.975
NGIQ-BR-00000084,right,NGIQ-BR-00000327,0.0,0.0,0.0,0,87.159
NGIQ-BR-00000084,right,NGIQ-BR-00000328,0.0,0.0,0.0,0,58.593
NGIQ-BR-00000084,right,NGIQ-BR-00000329,0.0,0.0,0.0,0,68.296
NGIQ-BR-00000084,right,NGIQ-BR-00000330,0.0,0.0,0.0,0,74.352
NGIQ-BR-00000085,left,NGIQ-BR-00000269,0.0,0.0,0.0,0,72.067
NGIQ-BR-00000085,left,NGIQ-BR-00000270,0.0,0.0,0.0,0,59.495
NGIQ-BR-00000085,left,NGIQ-BR-00000271,0.0,0.0,0.0,0,68.826
NGIQ-BR-00000085,left,NGIQ-BR-00000272,0.0,0.0,0.0,0,64.495
NGIQ-BR-00000085,left,NGIQ-BR-00000273,0.0,0.0,0.0,0,40.928
NGIQ-BR-00000085,left,NGIQ-BR-00000274,0.0,0.0,0.0,0,45.24
NGIQ-BR-00000085,left,NGIQ-BR-00000275,0.0,0.0,0.0,0,38.627
NGIQ-BR-00000085,left,NGIQ-BR-00000276,0.0,0.0,0.0,0,48.314
NGIQ-BR-00000085,left,NGIQ-BR-00000277,0.0,0.0,0.0,0,64.461
NGIQ-BR-00000085,left,NGIQ-BR-00000278,0.0,0.0,0.0,0,77.654
NGIQ-BR-00000085,left,NGIQ-BR-00000279,0.0,0.0,0.0,0,57.847
NGIQ-BR-00000085,left,NGIQ-BR-00000280,0.0,0.0,0.0,0,93.192
NGIQ-BR-00000085,left,NGIQ-BR-00000281,0.0,0.0,0.0,0,28.759
NGIQ-BR-00000085,left,NGIQ-BR-00000282,0.0,0.0,0.0,0,44.865
NGIQ-BR-00000085,left,NGIQ-BR-00000283,0.0,0.0,0.0,0,66.282
NGIQ-BR-00000085,left,NGIQ-BR-00000284,0.0,0.0,0.0,0,47.804
NGIQ-BR-00000085,left,NGIQ-BR-00000285,0.0,0.0,0.0,0,79.413
NGIQ-BR-00000085,left,NGIQ-BR-00000286,0.0,0.0,0.0,0,65.114
NGIQ-BR-00000085,left,NGIQ-BR-00000287,0.0,0.0,0.0,0,67.624
NGIQ-BR-00000085,left,NGIQ-BR-00000288,0.0,0.0,0.0,0,33.069
NGIQ-BR-00000085,left,NGIQ-BR-00000289,0.0,0.0,0.0,0,55.563
NGIQ-BR-00000085,left,NGIQ-BR-00000290,0.0,0.0,0.0,0,41.485
NGIQ-BR-00000085,left,NGIQ-BR-00000291,0.0,0.0,0.0,0,58.12
NGIQ-BR-00000085,left,NGIQ-BR-00000292,0.0,0.0,0.0,0,84.483
NGIQ-BR-00000085,left,NGIQ-BR-00000293,0.0,0.0,0.0,0,82.848
NGIQ-BR-00000085,left,NGIQ-BR-00000294,0.0,0.0,0.0,0,82.395
NGIQ-BR-00000085,left,NGIQ-BR-00000295,0.0,0.0,0.0,0,60.077
NGIQ-BR-00000085,left,NGIQ-BR-00000296,0.38456,0.2004,0.13551,1544,28.505
NGIQ-BR-00000085,left,NGIQ-BR-00000297,0.00573,0.00361,0.00263,23,21.924
NGIQ-BR-00000085,left,NGIQ-BR-00000298,0.0279,0.04131,0.07955,112,14.755
NGIQ-BR-00000085,left,NGIQ-BR-00000299,0.0,0.0,0.0,0,38.983
NGIQ-BR-00000086,right,NGIQ-BR-00000300,0.0,0.0,0.0,0,66.915
NGIQ-BR-00000086,right,NGIQ-BR-00000301,0.0,0.0,0.0,0,56.255
NGIQ-BR-00000086,right,NGIQ-BR-00000302,0.0,0.0,0.0,0,71.932
NGIQ-BR-00000086,right,NGIQ-BR-00000303,0.0,0.0,0.0,0,61.056
NGIQ-BR-00000086,right,NGIQ-BR-00000304,0.0,0.0,0.0,0,42.508
NGIQ-BR-00000086,right,NGIQ-BR-00000305,0.0,0.0,0.0,0,46.581
NGIQ-BR-00000086,right,NGIQ-BR-00000306,0.0,0.0,0.0,0,40.183
NGIQ-BR-00000086,right,NGIQ-BR-00000307,0.0,0.0,0.0,0,49.821
NGIQ-BR-00000086,right,NGIQ-BR-00000308,0.0,0.0,0.0,0,67.135
NGIQ-BR-00000086,right,NGIQ-BR-00000309,0.0,0.0,0.0,0,70.889
NGIQ-BR-00000086,right,NGIQ-BR-00000310,0.0,0.0,0.0,0,59.948
NGIQ-BR-00000086,right,NGIQ-BR-00000311,0.0,0.0,0.0,0,85.886
NGIQ-BR-00000086,right,NGIQ-BR-00000312,0.0,0.0,0.0,0,27.143
NGIQ-BR-00000086,right,NGIQ-BR-00000313,0.0,0.0,0.0,0,43.187
NGIQ-BR-00000086,right,NGIQ-BR-00000314,0.0,0.0,0.0,0,66.8
NGIQ-BR-00000086,right,NGIQ-BR-00000315,0.0,0.0,0.0,0,41.098
NGIQ-BR-00000086,right,NGIQ-BR-00000316,0.0,0.0,0.0,0,73.046
NGIQ-BR-00000086,right,NGIQ-BR-00000317,0.0,0.0,0.0,0,57.497
NGIQ-BR-00000086,right,NGIQ-BR-00000318,0.0,0.0,0.0,0,69.969
NGIQ-BR-00000086,right,NGIQ-BR-00000319,0.0,0.0,0.0,0,34.527
NGIQ-BR-00000086,right,NGIQ-BR-00000320,0.0,0.0,0.0,0,54.118
NGIQ-BR-00000086,right,NGIQ-BR-00000321,0.0,0.0,0.0,0,38.608
NGIQ-BR-00000086,right,NGIQ-BR-00000322,0.0,0.0,0.0,0,60.623
NGIQ-BR-00000086,right,NGIQ-BR-00000323,0.0,0.0,0.0,0,77.31
NGIQ-BR-00000086,right,NGIQ-BR-00000324,0.0,0.0,0.0,0,76.457
NGIQ-BR-00000086,right,NGIQ-BR-00000325,0.0,0.0,0.0,0,77.983
NGIQ-BR-00000086,right,NGIQ-BR-00000326,0.0,0.0,0.0,0,65.813
NGIQ-BR-00000086,right,NGIQ-BR-00000327,0.3362,0.1534,0.09937,1096,26.247
NGIQ-BR-00000086,right,NGIQ-BR-00000328,0.00123,0.00067,0.00046,4,24.69
NGIQ-BR-00000086,right,NGIQ-BR-00000329,0.07362,0.10909,0.21053,240,10.465
NGIQ-BR-00000086,right,NGIQ-BR-00000330,0.0,0.0,0.0,0,33.1
NGIQ-BR-00000089,left,NGIQ-BR-00000269,0.0,0.0,0.0,0,80.56
NGIQ-BR-00000089,left,NGIQ-BR-00000270,0.0,0.0,0.0,0,67.106
NGIQ-BR-00000089,left,NGIQ-BR-00000271,0.0,0.0,0.0,0,74.556
NGIQ-BR-00000089,left,NGIQ-BR-00000272,0.0,0.0,0.0,0,66.737
NGIQ-BR-00000089,left,NGIQ-BR-00000273,0.0,0.0,0.0,0,41.776
NGIQ-BR-00000089,left,NGIQ-BR-00000274,0.0,0.0,0.0,0,49.257
NGIQ-BR-00000089,left,NGIQ-BR-00000275,0.0,0.0,0.0,0,35.757
NGIQ-BR-00000089,left,NGIQ-BR-00000276,0.0,0.0,0.0,0,57.064
NGIQ-BR-00000089,left,NGIQ-BR-00000277,0.0,0.0,0.0,0,65.847
NGIQ-BR-00000089,left,NGIQ-BR-00000278,0.0,0.0,0.0,0,81.465
NGIQ-BR-00000089,left,NGIQ-BR-00000279,0.0,0.0,0.0,0,62.265
NGIQ-BR-00000089,left,NGIQ-BR-00000280,0.0,0.0,0.0,0,98.255
NGIQ-BR-00000089,left,NGIQ-BR-00000281,0.00095,0.00071,0.00057,5,24.63
NGIQ-BR-00000089,left,NGIQ-BR-00000282,0.0,0.0,0.0,0,48.497
NGIQ-BR-00000089,left,NGIQ-BR-00000283,0.0,0.0,0.0,0,76.11
NGIQ-BR-00000089,left,NGIQ-BR-00000284,0.0,0.0,0.0,0,52.199
NGIQ-BR-00000089,left,NGIQ-BR-00000285,0.0,0.0,0.0,0,81.681
NGIQ-BR-00000089,left,NGIQ-BR-00000286,0.0,0.0,0.0,0,68.286
NGIQ-BR-00000089,left,NGIQ-BR-00000287,0.0,0.0,0.0,0,72.055
NGIQ-BR-00000089,left,NGIQ-BR-00000288,0.0,0.0,0.0,0,41.116
NGIQ-BR-00000089,left,NGIQ-BR-00000289,0.0,0.0,0.0,0,65.795
NGIQ-BR-00000089,left,NGIQ-BR-00000290,0.0,0.0,0.0,0,49.764
NGIQ-BR-00000089,left,NGIQ-BR-00000291,0.0,0.0,0.0,0,66.477
NGIQ-BR-00000089,left,NGIQ-BR-00000292,0.0,0.0,0.0,0,90.995
NGIQ-BR-00000089,left,NGIQ-BR-00000293,0.0,0.0,0.0,0,87.865
NGIQ-BR-00000089,left,NGIQ-BR-00000294,0.0,0.0,0.0,0,90.641
NGIQ-BR-00000089,left,NGIQ-BR-00000295,0.0,0.0,0.0,0,67.218
NGIQ-BR-00000089,left,NGIQ-BR-00000296,0.37922,0.23883,0.1743,1986,29.271
NGIQ-BR-00000089,left,NGIQ-BR-00000297,0.00726,0.00544,0.00435,38,27.765
NGIQ-BR-00000089,left,NGIQ-BR-00000298,0.0,0.0,0.0,0,22.863
NGIQ-BR-00000089,left,NGIQ-BR-00000299,0.0,0.0,0.0,0,44.455
NGIQ-BR-00000090,right,NGIQ-BR-00000300,0.0,0.0,0.0,0,76.282
NGIQ-BR-00000090,right,NGIQ-BR-00000301,0.0,0.0,0.0,0,63.136
NGIQ-BR-00000090,right,NGIQ-BR-00000302,0.0,0.0,0.0,0,82.794
NGIQ-BR-00000090,right,NGIQ-BR-00000303,0.0,0.0,0.0,0,65.117
NGIQ-BR-00000090,right,NGIQ-BR-00000304,0.0,0.0,0.0,0,47.745
NGIQ-BR-00000090,right,NGIQ-BR-00000305,0.0,0.0,0.0,0,54.573
NGIQ-BR-00000090,right,NGIQ-BR-00000306,0.0,0.0,0.0,0,39.526
NGIQ-BR-00000090,right,NGIQ-BR-00000307,0.0,0.0,0.0,0,63.022
NGIQ-BR-00000090,right,NGIQ-BR-00000308,0.0,0.0,0.0,0,73.726
NGIQ-BR-00000090,right,NGIQ-BR-00000309,0.0,0.0,0.0,0,74.094
NGIQ-BR-00000090,right,NGIQ-BR-00000310,0.0,0.0,0.0,0,69.908
NGIQ-BR-00000090,right,NGIQ-BR-00000311,0.0,0.0,0.0,0,90.878
NGIQ-BR-00000090,right,NGIQ-BR-00000312,0.0,0.0,0.0,0,23.588
NGIQ-BR-00000090,right,NGIQ-BR-00000313,0.0,0.0,0.0,0,50.752
NGIQ-BR-00000090,right,NGIQ-BR-00000314,0.0,0.0,0.0,0,79.057
NGIQ-BR-00000090,right,NGIQ-BR-00000315,0.0,0.0,0.0,0,43.146
NGIQ-BR-00000090,right,NGIQ-BR-00000316,0.0,0.0,0.0,0,72.857
NGIQ-BR-00000090,right,NGIQ-BR-00000317,0.0,0.0,0.0,0,57.9
NGIQ-BR-00000090,right,NGIQ-BR-00000318,0.0,0.0,0.0,0,79.879
NGIQ-BR-00000090,right,NGIQ-BR-00000319,0.0,0.0,0.0,0,43.261
NGIQ-BR-00000090,right,NGIQ-BR-00000320,0.0,0.0,0.0,0,67.141
NGIQ-BR-00000090,right,NGIQ-BR-00000321,0.0,0.0,0.0,0,46.879
NGIQ-BR-00000090,right,NGIQ-BR-00000322,0.0,0.0,0.0,0,73.12
NGIQ-BR-00000090,right,NGIQ-BR-00000323,0.0,0.0,0.0,0,83.926
NGIQ-BR-00000090,right,NGIQ-BR-00000324,0.0,0.0,0.0,0,79.292
NGIQ-BR-00000090,right,NGIQ-BR-00000325,0.0,0.0,0.0,0,85.857
NGIQ-BR-00000090,right,NGIQ-BR-00000326,0.0,0.0,0.0,0,76.546
NGIQ-BR-00000090,right,NGIQ-BR-00000327,0.37777,0.22714,0.16239,1791,25.609
NGIQ-BR-00000090,right,NGIQ-BR-00000328,0.00211,0.00149,0.00116,10,32.041
NGIQ-BR-00000090,right,NGIQ-BR-00000329,0.0,0.0,0.0,0,21.86
NGIQ-BR-00000090,right,NGIQ-BR-00000330,0.0,0.0,0.0,0,39.094
NGIQ-BR-00000091,left,NGIQ-BR-00000269,0.0,0.0,0.0,0,60.864
NGIQ-BR-00000091,left,NGIQ-BR-00000270,0.0,0.0,0.0,0,69.482
NGIQ-BR-00000091,left,NGIQ-BR-00000271,0.0,0.0,0.0,0,107.464
NGIQ-BR-00000091,left,NGIQ-BR-00000272,0.0,0.0,0.0,0,31.554
NGIQ-BR-00000091,left,NGIQ-BR-00000273,0.0,0.0,0.0,0,54.345
NGIQ-BR-00000091,left,NGIQ-BR-00000274,0.0,0.0,0.0,0,96.664
NGIQ-BR-00000091,left,NGIQ-BR-00000275,0.0,0.0,0.0,0,43.031
NGIQ-BR-00000091,left,NGIQ-BR-00000276,0.0,0.0,0.0,0,77.954
NGIQ-BR-00000091,left,NGIQ-BR-00000277,0.0,0.0,0.0,0,104.189
NGIQ-BR-00000091,left,NGIQ-BR-00000278,0.0,0.0,0.0,0,30.592
NGIQ-BR-00000091,left,NGIQ-BR-00000279,0.0,0.0,0.0,0,87.976
NGIQ-BR-00000091,left,NGIQ-BR-00000280,0.0,0.0,0.0,0,50.19
NGIQ-BR-00000091,left,NGIQ-BR-00000281,0.0,0.0,0.0,0,38.62
NGIQ-BR-00000091,left,NGIQ-BR-00000282,0.0,0.0,0.0,0,45.319
NGIQ-BR-00000091,left,NGIQ-BR-00000283,0.0,0.0,0.0,0,96.336
NGIQ-BR-00000091,left,NGIQ-BR-00000284,0.0,0.0,0.0,0,34.619
NGIQ-BR-00000091,left,NGIQ-BR-00000285,0.0,0.0,0.0,0,32.511
NGIQ-BR-00000091,left,NGIQ-BR-00000286,0.0,0.0,0.0,0,31.38
NGIQ-BR-00000091,left,NGIQ-BR-00000287,0.0,0.0,0.0,0,103.893
NGIQ-BR-00000091,left,NGIQ-BR-00000288,0.0,0.0,0.0,0,71.263
NGIQ-BR-00000091,left,NGIQ-BR-00000289,0.0,0.0,0.0,0,74.037
NGIQ-BR-00000091,left,NGIQ-BR-00000290,0.0,0.0,0.0,0,67.676
NGIQ-BR-00000091,left,NGIQ-BR-00000291,0.0,0.0,0.0,0,97.579
NGIQ-BR-00000091,left,NGIQ-BR-00000292,0.0,0.0,0.0,0,52.376
NGIQ-BR-00000091,left,NGIQ-BR-00000293,0.0,0.0,0.0,0,52.799
NGIQ-BR-00000091,left,NGIQ-BR-00000294,0.0,0.0,0.0,0,74.839
NGIQ-BR-00000091,left,NGIQ-BR-00000295,0.0,0.0,0.0,0,106.454
NGIQ-BR-00000091,left,NGIQ-BR-00000296,0.46871,0.26094,0.1808,2060,26.539
NGIQ-BR-00000091,left,NGIQ-BR-00000297,0.0,0.0,0.0,0,73.455
NGIQ-BR-00000091,left,NGIQ-BR-00000298,0.0,0.0,0.0,0,44.87
NGIQ-BR-00000091,left,NGIQ-BR-00000299,0.0,0.0,0.0,0,25.6
NGIQ-BR-00000092,right,NGIQ-BR-00000300,0.0,0.0,0.0,0,62.677
NGIQ-BR-00000092,right,NGIQ-BR-00000301,0.0,0.0,0.0,0,70.931
NGIQ-BR-00000092,right,NGIQ-BR-00000302,0.0,0.0,0.0,0,107.639
NGIQ-BR-00000092,right,NGIQ-BR-00000303,0.0,0.0,0.0,0,32.993
NGIQ-BR-00000092,right,NGIQ-BR-00000304,0.0,0.0,0.0,0,53.827
NGIQ-BR-00000092,right,NGIQ-BR-00000305,0.0,0.0,0.0,0,93.204
NGIQ-BR-00000092,right,NGIQ-BR-00000306,0.0,0.0,0.0,0,40.167
NGIQ-BR-00000092,right,NGIQ-BR-00000307,0.0,0.0,0.0,0,78.886
NGIQ-BR-00000092,right,NGIQ-BR-00000308,0.0,0.0,0.0,0,102.304
NGIQ-BR-00000092,right,NGIQ-BR-00000309,0.0,0.0,0.0,0,31.189
NGIQ-BR-00000092,right,NGIQ-BR-00000310,0.0,0.0,0.0,0,87.321
NGIQ-BR-00000092,right,NGIQ-BR-00000311,0.0,0.0,0.0,0,50.313
NGIQ-BR-00000092,right,NGIQ-BR-00000312,0.0,0.0,0.0,0,36.448
NGIQ-BR-00000092,right,NGIQ-BR-00000313,0.0,0.0,0.0,0,46.196
NGIQ-BR-00000092,right,NGIQ-BR-00000314,0.0,0.0,0.0,0,96.873
NGIQ-BR-00000092,right,NGIQ-BR-00000315,0.0,0.0,0.0,0,34.207
NGIQ-BR-00000092,right,NGIQ-BR-00000316,0.0,0.0,0.0,0,32.837
NGIQ-BR-00000092,right,NGIQ-BR-00000317,0.0,0.0,0.0,0,32.159
NGIQ-BR-00000092,right,NGIQ-BR-00000318,0.0,0.0,0.0,0,102.993
NGIQ-BR-00000092,right,NGIQ-BR-00000319,0.0,0.0,0.0,0,72.482
NGIQ-BR-00000092,right,NGIQ-BR-00000320,0.0,0.0,0.0,0,75.984
NGIQ-BR-00000092,right,NGIQ-BR-00000321,0.0,0.0,0.0,0,67.084
NGIQ-BR-00000092,right,NGIQ-BR-00000322,0.0,0.0,0.0,0,97.74
NGIQ-BR-00000092,right,NGIQ-BR-00000323,0.0,0.0,0.0,0,53.199
NGIQ-BR-00000092,right,NGIQ-BR-00000324,0.0,0.0,0.0,0,52.575
NGIQ-BR-00000092,right,NGIQ-BR-00000325,0.0,0.0,0.0,0,75.664
NGIQ-BR-00000092,right,NGIQ-BR-00000326,0.0,0.0,0.0,0,108.791
NGIQ-BR-00000092,right,NGIQ-BR-00000327,0.43371,0.29743,0.22631,2496,23.176
NGIQ-BR-00000092,right,NGIQ-BR-00000328,0.0,0.0,0.0,0,71.259
NGIQ-BR-00000092,right,NGIQ-BR-00000329,0.0,0.0,0.0,0,42.977
NGIQ-BR-00000092,right,NGIQ-BR-00000330,0.00035,0.00028,0.00023,2,25.7
NGIQ-BR-00000093,left,NGIQ-BR-00000269,0.0,0.0,0.0,0,65.553
NGIQ-BR-00000093,left,NGIQ-BR-00000270,0.0,0.0,0.0,0,64.417
NGIQ-BR-00000093,left,NGIQ-BR-00000271,0.0,0.0,0.0,0,96.751
NGIQ-BR-00000093,left,NGIQ-BR-00000272,0.0,0.0,0.0,0,41.357
NGIQ-BR-00000093,left,NGIQ-BR-00000273,0.0,0.0,0.0,0,45.511
NGIQ-BR-00000093,left,NGIQ-BR-00000274,0.0,0.0,0.0,0,80.935
NGIQ-BR-00000093,left,NGIQ-BR-00000275,0.0,0.0,0.0,0,32.087
NGIQ-BR-00000093,left,NGIQ-BR-00000276,0.0,0.0,0.0,0,69.836
NGIQ-BR-00000093,left,NGIQ-BR-00000277,0.0,0.0,0.0,0,91.194
NGIQ-BR-00000093,left,NGIQ-BR-00000278,0.0,0.0,0.0,0,48.272
NGIQ-BR-00000093,left,NGIQ-BR-00000279,0.0,0.0,0.0,0,78.693
NGIQ-BR-00000093,left,NGIQ-BR-00000280,0.0,0.0,0.0,0,67.27
NGIQ-BR-00000093,left,NGIQ-BR-00000281,0.0,0.0,0.0,0,22.099
NGIQ-BR-00000093,left,NGIQ-BR-00000282,0.0,0.0,0.0,0,41.777
NGIQ-BR-00000093,left,NGIQ-BR-00000283,0.0,0.0,0.0,0,88.545
NGIQ-BR-00000093,left,NGIQ-BR-00000284,0.0,0.0,0.0,0,32.215
NGIQ-BR-00000093,left,NGIQ-BR-00000285,0.0,0.0,0.0,0,47.494
NGIQ-BR-00000093,left,NGIQ-BR-00000286,0.0,0.0,0.0,0,39.085
NGIQ-BR-00000093,left,NGIQ-BR-00000287,0.0,0.0,0.0,0,93.316
NGIQ-BR-00000093,left,NGIQ-BR-00000288,0.0,0.0,0.0,0,57.88
NGIQ-BR-00000093,left,NGIQ-BR-00000289,0.0,0.0,0.0,0,69.367
NGIQ-BR-00000093,left,NGIQ-BR-00000290,0.0,0.0,0.0,0,57.469
NGIQ-BR-00000093,left,NGIQ-BR-00000291,0.0,0.0,0.0,0,86.997
NGIQ-BR-00000093,left,NGIQ-BR-00000292,0.0,0.0,0.0,0,64.998
NGIQ-BR-00000093,left,NGIQ-BR-00000293,0.0,0.0,0.0,0,61.985
NGIQ-BR-00000093,left,NGIQ-BR-00000294,0.0,0.0,0.0,0,77.959
NGIQ-BR-00000093,left,NGIQ-BR-00000295,0.0,0.0,0.0,0,93.381
NGIQ-BR-00000093,left,NGIQ-BR-00000296,0.43798,0.29807,0.22591,2574,8.761
NGIQ-BR-00000093,left,NGIQ-BR-00000297,0.0,0.0,0.0,0,56.67
NGIQ-BR-00000093,left,NGIQ-BR-00000298,0.0,0.0,0.0,0,30.673
NGIQ-BR-00000093,left,NGIQ-BR-00000299,0.0,0.0,0.0,0,23.377
NGIQ-BR-00000094,right,NGIQ-BR-00000300,0.0,0.0,0.0,0,67.463
NGIQ-BR-00000094,right,NGIQ-BR-00000301,0.0,0.0,0.0,0,63.615
NGIQ-BR-00000094,right,NGIQ-BR-00000302,0.0,0.0,0.0,0,86.145
NGIQ-BR-00000094,right,NGIQ-BR-00000303,0.0,0.0,0.0,0,46.99
NGIQ-BR-00000094,right,NGIQ-BR-00000304,0.0,0.0,0.0,0,39.372
NGIQ-BR-00000094,right,NGIQ-BR-00000305,0.0,0.0,0.0,0,65.354
NGIQ-BR-00000094,right,NGIQ-BR-00000306,0.0,0.0,0.0,0,28.089
NGIQ-BR-00000094,right,NGIQ-BR-00000307,0.0,0.0,0.0,0,61.842
NGIQ-BR-00000094,right,NGIQ-BR-00000308,0.0,0.0,0.0,0,78.32
NGIQ-BR-00000094,right,NGIQ-BR-00000309,0.0,0.0,0.0,0,57.119
NGIQ-BR-00000094,right,NGIQ-BR-00000310,0.0,0.0,0.0,0,68.755
NGIQ-BR-00000094,right,NGIQ-BR-00000311,0.0,0.0,0.0,0,74.365
NGIQ-BR-00000094,right,NGIQ-BR-00000312,0.00523,0.00236,0.00152,16,13.949
NGIQ-BR-00000094,right,NGIQ-BR-00000313,0.0,0.0,0.0,0,38.396
NGIQ-BR-00000094,right,NGIQ-BR-00000314,0.0,0.0,0.0,0,81.867
NGIQ-BR-00000094,right,NGIQ-BR-00000315,0.0,0.0,0.0,0,35.19
NGIQ-BR-00000094,right,NGIQ-BR-00000316,0.0,0.0,0.0,0,58.312
NGIQ-BR-00000094,right,NGIQ-BR-00000317,0.0,0.0,0.0,0,46.733
NGIQ-BR-00000094,right,NGIQ-BR-00000318,0.0,0.0,0.0,0,81.988
NGIQ-BR-00000094,right,NGIQ-BR-00000319,0.0,0.0,0.0,0,51.36
NGIQ-BR-00000094,right,NGIQ-BR-00000320,0.0,0.0,0.0,0,65.004
NGIQ-BR-00000094,right,NGIQ-BR-00000321,0.0,0.0,0.0,0,51.152
NGIQ-BR-00000094,right,NGIQ-BR-00000322,0.0,0.0,0.0,0,77.062
NGIQ-BR-00000094,right,NGIQ-BR-00000323,0.0,0.0,0.0,0,70.23
NGIQ-BR-00000094,right,NGIQ-BR-00000324,0.0,0.0,0.0,0,68.662
NGIQ-BR-00000094,right,NGIQ-BR-00000325,0.0,0.0,0.0,0,79.848
NGIQ-BR-00000094,right,NGIQ-BR-00000326,0.0,0.0,0.0,0,84.794
NGIQ-BR-00000094,right,NGIQ-BR-00000327,0.52515,0.22823,0.1458,1608,7.839
NGIQ-BR-00000094,right,NGIQ-BR-00000328,0.0,0.0,0.0,0,44.565
NGIQ-BR-00000094,right,NGIQ-BR-00000329,0.0,0.0,0.0,0,18.925
NGIQ-BR-00000094,right,NGIQ-BR-00000330,0.0,0.0,0.0,0,24.8
NGIQ-BR-00000007,left,NGIQ-BR-00000269,0.0,0.0,0.0,0,86.818
NGIQ-BR-00000007,left,NGIQ-BR-00000270,0.0,0.0,0.0,0,79.862
NGIQ-BR-00000007,left,NGIQ-BR-00000271,0.0,0.0,0.0,0,83.971
NGIQ-BR-00000007,left,NGIQ-BR-00000272,0.0,0.0,0.0,0,55.889
NGIQ-BR-00000007,left,NGIQ-BR-00000273,0.0,0.0,0.0,0,34.34
NGIQ-BR-00000007,left,NGIQ-BR-00000274,0.0,0.0,0.0,0,64.393
NGIQ-BR-00000007,left,NGIQ-BR-00000275,0.01211,0.00903,0.0072,59,19.949
NGIQ-BR-00000007,left,NGIQ-BR-00000276,0.0,0.0,0.0,0,66.826
NGIQ-BR-00000007,left,NGIQ-BR-00000277,0.0,0.0,0.0,0,70.507
NGIQ-BR-00000007,left,NGIQ-BR-00000278,0.0,0.0,0.0,0,76.2
NGIQ-BR-00000007,left,NGIQ-BR-00000279,0.0,0.0,0.0,0,65.853
NGIQ-BR-00000007,left,NGIQ-BR-00000280,0.0,0.0,0.0,0,94.271
NGIQ-BR-00000007,left,NGIQ-BR-00000281,0.38108,0.27245,0.21201,1857,9.122
NGIQ-BR-00000007,left,NGIQ-BR-00000282,0.0,0.0,0.0,0,42.73
NGIQ-BR-00000007,left,NGIQ-BR-00000283,0.0,0.0,0.0,0,92.09
NGIQ-BR-00000007,left,NGIQ-BR-00000284,0.0,0.0,0.0,0,56.137
NGIQ-BR-00000007,left,NGIQ-BR-00000285,0.0,0.0,0.0,0,76.679
NGIQ-BR-00000007,left,NGIQ-BR-00000286,0.0,0.0,0.0,0,67.472
NGIQ-BR-00000007,left,NGIQ-BR-00000287,0.0,0.0,0.0,0,78.523
NGIQ-BR-00000007,left,NGIQ-BR-00000288,0.0,0.0,0.0,0,59.206
NGIQ-BR-00000007,left,NGIQ-BR-00000289,0.0,0.0,0.0,0,77.743
NGIQ-BR-00000007,left,NGIQ-BR-00000290,0.0,0.0,0.0,0,65.48
NGIQ-BR-00000007,left,NGIQ-BR-00000291,0.0,0.0,0.0,0,80.563
NGIQ-BR-00000007,left,NGIQ-BR-00000292,0.0,0.0,0.0,0,91.318
NGIQ-BR-00000007,left,NGIQ-BR-00000293,0.0,0.0,0.0,0,89.758
NGIQ-BR-00000007,left,NGIQ-BR-00000294,0.0,0.0,0.0,0,99.363
NGIQ-BR-00000007,left,NGIQ-BR-00000295,0.0,0.0,0.0,0,83.803
NGIQ-BR-00000007,left,NGIQ-BR-00000296,0.0,0.0,0.0,0,25.331
NGIQ-BR-00000007,left,NGIQ-BR-00000297,0.0,0.0,0.0,0,47.658
NGIQ-BR-00000007,left,NGIQ-BR-00000298,0.0,0.0,0.0,0,31.735
NGIQ-BR-00000007,left,NGIQ-BR-00000299,0.0,0.0,0.0,0,45.139
NGIQ-BR-00000008,right,NGIQ-BR-00000300,0.0,0.0,0.0,0,86.823
NGIQ-BR-00000008,right,NGIQ-BR-00000301,0.0,0.0,0.0,0,81.358
NGIQ-BR-00000008,right,NGIQ-BR-00000302,0.0,0.0,0.0,0,82.397
NGIQ-BR-00000008,right,NGIQ-BR-00000303,0.0,0.0,0.0,0,55.743
NGIQ-BR-00000008,right,NGIQ-BR-00000304,0.0,0.0,0.0,0,33.636
NGIQ-BR-00000008,right,NGIQ-BR-00000305,0.0,0.0,0.0,0,60.817
NGIQ-BR-00000008,right,NGIQ-BR-00000306,0.00244,0.00209,0.00183,15,21.306
NGIQ-BR-00000008,right,NGIQ-BR-00000307,0.0,0.0,0.0,0,65.946
NGIQ-BR-00000008,right,NGIQ-BR-00000308,0.0,0.0,0.0,0,66.872
NGIQ-BR-00000008,right,NGIQ-BR-00000309,0.0,0.0,0.0,0,75.452
NGIQ-BR-00000008,right,NGIQ-BR-00000310,0.0,0.0,0.0,0,63.804
NGIQ-BR-00000008,right,NGIQ-BR-00000311,0.0,0.0,0.0,0,92.77
NGIQ-BR-00000008,right,NGIQ-BR-00000312,0.39195,0.28955,0.22958,2414,10.414
NGIQ-BR-00000008,right,NGIQ-BR-00000313,0.0,0.0,0.0,0,41.447
NGIQ-BR-00000008,right,NGIQ-BR-00000314,0.0,0.0,0.0,0,92.519
NGIQ-BR-00000008,right,NGIQ-BR-00000315,0.0,0.0,0.0,0,56.051
NGIQ-BR-00000008,right,NGIQ-BR-00000316,0.0,0.0,0.0,0,77.172
NGIQ-BR-00000008,right,NGIQ-BR-00000317,0.0,0.0,0.0,0,67.278
NGIQ-BR-00000008,right,NGIQ-BR-00000318,0.0,0.0,0.0,0,76.017
NGIQ-BR-00000008,right,NGIQ-BR-00000319,0.0,0.0,0.0,0,61.709
NGIQ-BR-00000008,right,NGIQ-BR-00000320,0.0,0.0,0.0,0,77.795
NGIQ-BR-00000008,right,NGIQ-BR-00000321,0.0,0.0,0.0,0,65.521
NGIQ-BR-00000008,right,NGIQ-BR-00000322,0.0,0.0,0.0,0,79.521
NGIQ-BR-00000008,right,NGIQ-BR-00000323,0.0,0.0,0.0,0,90.256
NGIQ-BR-00000008,right,NGIQ-BR-00000324,0.0,0.0,0.0,0,89.784
NGIQ-BR-00000008,right,NGIQ-BR-00000325,0.0,0.0,0.0,0,99.914
NGIQ-BR-00000008,right,NGIQ-BR-00000326,0.0,0.0,0.0,0,85.475
NGIQ-BR-00000008,right,NGIQ-BR-00000327,0.0,0.0,0.0,0,28.096
NGIQ-BR-00000008,right,NGIQ-BR-00000328,0.0,0.0,0.0,0,49.086
NGIQ-BR-00000008,right,NGIQ-BR-00000329,0.0,0.0,0.0,0,31.378
NGIQ-BR-00000008,right,NGIQ-BR-00000330,0.0,0.0,0.0,0,44.679
NGIQ-BR-00000095,left,NGIQ-BR-00000269,0.0,0.0,0.0,0,75.773
NGIQ-BR-00000095,left,NGIQ-BR-00000270,0.0,0.0,0.0,0,81.936
NGIQ-BR-00000095,left,NGIQ-BR-00000271,0.0,0.0,0.0,0,108.086
NGIQ-BR-00000095,left,NGIQ-BR-00000272,0.0,0.0,0.0,0,31.826
NGIQ-BR-00000095,left,NGIQ-BR-00000273,0.0,0.0,0.0,0,49.027
NGIQ-BR-00000095,left,NGIQ-BR-00000274,0.0,0.0,0.0,0,96.673
NGIQ-BR-00000095,left,NGIQ-BR-00000275,0.00014,0.00013,0.00012,1,33.744
NGIQ-BR-00000095,left,NGIQ-BR-00000276,0.0,0.0,0.0,0,82.351
NGIQ-BR-00000095,left,NGIQ-BR-00000277,0.0,0.0,0.0,0,100.059
NGIQ-BR-00000095,left,NGIQ-BR-00000278,0.0,0.0,0.0,0,44.609
NGIQ-BR-00000095,left,NGIQ-BR-00000279,0.0,0.0,0.0,0,86.493
NGIQ-BR-00000095,left,NGIQ-BR-00000280,0.0,0.0,0.0,0,63.691
NGIQ-BR-00000095,left,NGIQ-BR-00000281,0.31198,0.28107,0.25574,2240,31.576
NGIQ-BR-00000095,left,NGIQ-BR-00000282,0.0,0.0,0.0,0,44.344
NGIQ-BR-00000095,left,NGIQ-BR-00000283,0.0,0.0,0.0,0,105.591
NGIQ-BR-00000095,left,NGIQ-BR-00000284,0.0,0.0,0.0,0,47.214
NGIQ-BR-00000095,left,NGIQ-BR-00000285,0.0,0.0,0.0,0,45.513
NGIQ-BR-00000095,left,NGIQ-BR-00000286,0.0,0.0,0.0,0,45.809
NGIQ-BR-00000095,left,NGIQ-BR-00000287,0.0,0.0,0.0,0,102.714
NGIQ-BR-00000095,left,NGIQ-BR-00000288,0.0,0.0,0.0,0,77.968
NGIQ-BR-00000095,left,NGIQ-BR-00000289,0.0,0.0,0.0,0,84.183
NGIQ-BR-00000095,left,NGIQ-BR-00000290,0.0,0.0,0.0,0,76.999
NGIQ-BR-00000095,left,NGIQ-BR-00000291,0.0,0.0,0.0,0,101.994
NGIQ-BR-00000095,left,NGIQ-BR-00000292,0.0,0.0,0.0,0,67.881
NGIQ-BR-00000095,left,NGIQ-BR-00000293,0.0,0.0,0.0,0,68.367
NGIQ-BR-00000095,left,NGIQ-BR-00000294,0.0,0.0,0.0,0,90.169
NGIQ-BR-00000095,left,NGIQ-BR-00000295,0.0,0.0,0.0,0,110.103
NGIQ-BR-00000095,left,NGIQ-BR-00000296,0.0337,0.02606,0.02124,242,27.9
NGIQ-BR-00000095,left,NGIQ-BR-00000297,0.0,0.0,0.0,0,75.923
NGIQ-BR-00000095,left,NGIQ-BR-00000298,0.0,0.0,0.0,0,48.129
NGIQ-BR-00000095,left,NGIQ-BR-00000299,0.0,0.0,0.0,0,36.533
NGIQ-BR-00000096,right,NGIQ-BR-00000300,0.0,0.0,0.0,0,76.28
NGIQ-BR-00000096,right,NGIQ-BR-00000301,0.0,0.0,0.0,0,84.429
NGIQ-BR-00000096,right,NGIQ-BR-00000302,0.0,0.0,0.0,0,109.299
NGIQ-BR-00000096,right,NGIQ-BR-00000303,0.0,0.0,0.0,0,30.608
NGIQ-BR-00000096,right,NGIQ-BR-00000304,0.0,0.0,0.0,0,49.477
NGIQ-BR-00000096,right,NGIQ-BR-00000305,0.0,0.0,0.0,0,95.894
NGIQ-BR-00000096,right,NGIQ-BR-00000306,0.0215,0.02221,0.02296,188,32.488
NGIQ-BR-00000096,right,NGIQ-BR-00000307,0.0,0.0,0.0,0,83.593
NGIQ-BR-00000096,right,NGIQ-BR-00000308,0.0,0.0,0.0,0,99.841
NGIQ-BR-00000096,right,NGIQ-BR-00000309,0.0,0.0,0.0,0,42.12
NGIQ-BR-00000096,right,NGIQ-BR-00000310,0.0,0.0,0.0,0,86.672
NGIQ-BR-00000096,right,NGIQ-BR-00000311,0.0,0.0,0.0,0,60.453
NGIQ-BR-00000096,right,NGIQ-BR-00000312,0.32285,0.29316,0.26847,2823,33.242
NGIQ-BR-00000096,right,NGIQ-BR-00000313,0.0,0.0,0.0,0,45.061
NGIQ-BR-00000096,right,NGIQ-BR-00000314,0.0,0.0,0.0,0,106.969
NGIQ-BR-00000096,right,NGIQ-BR-00000315,0.0,0.0,0.0,0,47.917
NGIQ-BR-00000096,right,NGIQ-BR-00000316,0.0,0.0,0.0,0,44.53
NGIQ-BR-00000096,right,NGIQ-BR-00000317,0.0,0.0,0.0,0,46.553
NGIQ-BR-00000096,right,NGIQ-BR-00000318,0.0,0.0,0.0,0,102.907
NGIQ-BR-00000096,right,NGIQ-BR-00000319,0.0,0.0,0.0,0,81.73
NGIQ-BR-00000096,right,NGIQ-BR-00000320,0.0,0.0,0.0,0,86.021
NGIQ-BR-00000096,right,NGIQ-BR-00000321,0.0,0.0,0.0,0,78.215
NGIQ-BR-00000096,right,NGIQ-BR-00000322,0.0,0.0,0.0,0,103.086
NGIQ-BR-00000096,right,NGIQ-BR-00000323,0.0,0.0,0.0,0,66.304
NGIQ-BR-00000096,right,NGIQ-BR-00000324,0.0,0.0,0.0,0,67.138
NGIQ-BR-00000096,right,NGIQ-BR-00000325,0.0,0.0,0.0,0,90.338
NGIQ-BR-00000096,right,NGIQ-BR-00000326,0.0,0.0,0.0,0,114.184
NGIQ-BR-00000096,right,NGIQ-BR-00000327,0.0454,0.04016,0.036,397,28.395
NGIQ-BR-00000096,right,NGIQ-BR-00000328,0.0,0.0,0.0,0,77.505
NGIQ-BR-00000096,right,NGIQ-BR-00000329,0.0,0.0,0.0,0,48.837
NGIQ-BR-00000096,right,NGIQ-BR-00000330,0.0,0.0,0.0,0,36.846
NGIQ-BR-00000097,left,NGIQ-BR-00000269,0.0,0.0,0.0,0,97.462
NGIQ-BR-00000097,left,NGIQ-BR-00000270,0.0,0.0,0.0,0,86.366
NGIQ-BR-00000097,left,NGIQ-BR-00000271,0.0,0.0,0.0,0,59.316
NGIQ-BR-00000097,left,NGIQ-BR-00000272,0.0,0.0,0.0,0,77.607
NGIQ-BR-00000097,left,NGIQ-BR-00000273,0.0,0.0,0.0,0,39.772
NGIQ-BR-00000097,left,NGIQ-BR-00000274,0.00415,0.00309,0.00246,21,35.147
NGIQ-BR-00000097,left,NGIQ-BR-00000275,0.0,0.0,0.0,0,42.048
NGIQ-BR-00000097,left,NGIQ-BR-00000276,0.0,0.0,0.0,0,54.669
NGIQ-BR-00000097,left,NGIQ-BR-00000277,0.0,0.0,0.0,0,43.388
NGIQ-BR-00000097,left,NGIQ-BR-00000278,0.0,0.0,0.0,0,100.937
NGIQ-BR-00000097,left,NGIQ-BR-00000279,0.0,0.0,0.0,0,48.263
NGIQ-BR-00000097,left,NGIQ-BR-00000280,0.0,0.0,0.0,0,116.38
NGIQ-BR-00000097,left,NGIQ-BR-00000281,0.27231,0.19952,0.15744,1379,39.434
NGIQ-BR-00000097,left,NGIQ-BR-00000282,0.0,0.0,0.0,0,52.801
NGIQ-BR-00000097,left,NGIQ-BR-00000283,0.0,0.0,0.0,0,81.243
NGIQ-BR-00000097,left,NGIQ-BR-00000284,0.0,0.0,0.0,0,75.85
NGIQ-BR-00000097,left,NGIQ-BR-00000285,0.0,0.0,0.0,0,104.22
NGIQ-BR-00000097,left,NGIQ-BR-00000286,0.0,0.0,0.0,0,91.905
NGIQ-BR-00000097,left,NGIQ-BR-00000287,0.0,0.0,0.0,0,54.705
NGIQ-BR-00000097,left,NGIQ-BR-00000288,0.0,0.0,0.0,0,54.713
NGIQ-BR-00000097,left,NGIQ-BR-00000289,0.0,0.0,0.0,0,74.6
NGIQ-BR-00000097,left,NGIQ-BR-00000290,0.0,0.0,0.0,0,66.362
NGIQ-BR-00000097,left,NGIQ-BR-00000291,0.0,0.0,0.0,0,60.428
NGIQ-BR-00000097,left,NGIQ-BR-00000292,0.0,0.0,0.0,0,109.617
NGIQ-BR-00000097,left,NGIQ-BR-00000293,0.0,0.0,0.0,0,110.708
NGIQ-BR-00000097,left,NGIQ-BR-00000294,0.0,0.0,0.0,0,109.217
NGIQ-BR-00000097,left,NGIQ-BR-00000295,0.0,0.0,0.0,0,59.537
NGIQ-BR-00000097,left,NGIQ-BR-00000296,0.0,0.0,0.0,0,50.551
NGIQ-BR-00000097,left,NGIQ-BR-00000297,0.0,0.0,0.0,0,35.492
NGIQ-BR-00000097,left,NGIQ-BR-00000298,0.0,0.0,0.0,0,39.427
NGIQ-BR-00000097,left,NGIQ-BR-00000299,0.0,0.0,0.0,0,63.883
NGIQ-BR-00000098,right,NGIQ-BR-00000300,0.0,0.0,0.0,0,94.839
NGIQ-BR-00000098,right,NGIQ-BR-00000301,0.0,0.0,0.0,0,85.165
NGIQ-BR-00000098,right,NGIQ-BR-00000302,0.0,0.0,0.0,0,59.53
NGIQ-BR-00000098,right,NGIQ-BR-00000303,0.0,0.0,0.0,0,75.282
NGIQ-BR-00000098,right,NGIQ-BR-00000304,0.0,0.0,0.0,0,39.388
NGIQ-BR-00000098,right,NGIQ-BR-00000305,0.00284,0.00224,0.00186,18,34.428
NGIQ-BR-00000098,right,NGIQ-BR-00000306,0.00679,0.00592,0.00525,43,43.371
NGIQ-BR-00000098,right,NGIQ-BR-00000307,0.0,0.0,0.0,0,53.773
NGIQ-BR-00000098,right,NGIQ-BR-00000308,0.0,0.0,0.0,0,42.372
NGIQ-BR-00000098,right,NGIQ-BR-00000309,0.0,0.0,0.0,0,97.09
NGIQ-BR-00000098,right,NGIQ-BR-00000310,0.0,0.0,0.0,0,47.911
NGIQ-BR-00000098,right,NGIQ-BR-00000311,0.0,0.0,0.0,0,112.0
NGIQ-BR-00000098,right,NGIQ-BR-00000312,0.27221,0.20472,0.16405,1725,37.927
NGIQ-BR-00000098,right,NGIQ-BR-00000313,0.0,0.0,0.0,0,50.19
NGIQ-BR-00000098,right,NGIQ-BR-00000314,0.0,0.0,0.0,0,81.691
NGIQ-BR-00000098,right,NGIQ-BR-00000315,0.0,0.0,0.0,0,72.702
NGIQ-BR-00000098,right,NGIQ-BR-00000316,0.0,0.0,0.0,0,101.269
NGIQ-BR-00000098,right,NGIQ-BR-00000317,0.0,0.0,0.0,0,88.028
NGIQ-BR-00000098,right,NGIQ-BR-00000318,0.0,0.0,0.0,0,54.279
NGIQ-BR-00000098,right,NGIQ-BR-00000319,0.0,0.0,0.0,0,55.679
NGIQ-BR-00000098,right,NGIQ-BR-00000320,0.0,0.0,0.0,0,73.021
NGIQ-BR-00000098,right,NGIQ-BR-00000321,0.0,0.0,0.0,0,64.918
NGIQ-BR-00000098,right,NGIQ-BR-00000322,0.0,0.0,0.0,0,60.366
NGIQ-BR-00000098,right,NGIQ-BR-00000323,0.0,0.0,0.0,0,105.602
NGIQ-BR-00000098,right,NGIQ-BR-00000324,0.0,0.0,0.0,0,107.812
NGIQ-BR-00000098,right,NGIQ-BR-00000325,0.0,0.0,0.0,0,107.594
NGIQ-BR-00000098,right,NGIQ-BR-00000326,0.0,0.0,0.0,0,62.411
NGIQ-BR-00000098,right,NGIQ-BR-00000327,0.0,0.0,0.0,0,50.872
NGIQ-BR-00000098,right,NGIQ-BR-00000328,0.0,0.0,0.0,0,38.921
NGIQ-BR-00000098,right,NGIQ-BR-00000329,0.0,0.0,0.0,0,38.706
NGIQ-BR-00000098,right,NGIQ-BR-00000330,0.0,0.0,0.0,0,60.961
NGIQ-BR-00000099,left,NGIQ-BR-00000269,0.0,0.0,0.0,0,75.113
NGIQ-BR-00000099,left,NGIQ-BR-00000270,0.0,0.0,0.0,0,70.245
NGIQ-BR-00000099,left,NGIQ-BR-00000271,0.0,0.0,0.0,0,85.536
NGIQ-BR-00000099,left,NGIQ-BR-00000272,0.0,0.0,0.0,0,47.794
NGIQ-BR-00000099,left,NGIQ-BR-00000273,0.0,0.0,0.0,0,35.064
NGIQ-BR-00000099,left,NGIQ-BR-00000274,0.0,0.0,0.0,0,67.69
NGIQ-BR-00000099,left,NGIQ-BR-00000275,0.0,0.0,0.0,0,21.301
NGIQ-BR-00000099,left,NGIQ-BR-00000276,0.0,0.0,0.0,0,63.37
NGIQ-BR-00000099,left,NGIQ-BR-00000277,0.0,0.0,0.0,0,76.45
NGIQ-BR-00000099,left,NGIQ-BR-00000278,0.0,0.0,0.0,0,64.04
NGIQ-BR-00000099,left,NGIQ-BR-00000279,0.0,0.0,0.0,0,67.528
NGIQ-BR-00000099,left,NGIQ-BR-00000280,0.0,0.0,0.0,0,82.102
NGIQ-BR-00000099,left,NGIQ-BR-00000281,0.26089,0.23386,0.2119,1856,6.969
NGIQ-BR-00000099,left,NGIQ-BR-00000282,0.0,0.0,0.0,0,37.872
NGIQ-BR-00000099,left,NGIQ-BR-00000283,0.0,0.0,0.0,0,86.322
NGIQ-BR-00000099,left,NGIQ-BR-00000284,0.0,0.0,0.0,0,44.271
NGIQ-BR-00000099,left,NGIQ-BR-00000285,0.0,0.0,0.0,0,64.785
NGIQ-BR-00000099,left,NGIQ-BR-00000286,0.0,0.0,0.0,0,55.227
NGIQ-BR-00000099,left,NGIQ-BR-00000287,0.0,0.0,0.0,0,81.215
NGIQ-BR-00000099,left,NGIQ-BR-00000288,0.0,0.0,0.0,0,54.188
NGIQ-BR-00000099,left,NGIQ-BR-00000289,0.0,0.0,0.0,0,69.843
NGIQ-BR-00000099,left,NGIQ-BR-00000290,0.0,0.0,0.0,0,58.014
NGIQ-BR-00000099,left,NGIQ-BR-00000291,0.0,0.0,0.0,0,78.867
NGIQ-BR-00000099,left,NGIQ-BR-00000292,0.0,0.0,0.0,0,78.761
NGIQ-BR-00000099,left,NGIQ-BR-00000293,0.0,0.0,0.0,0,77.256
NGIQ-BR-00000099,left,NGIQ-BR-00000294,0.0,0.0,0.0,0,87.841
NGIQ-BR-00000099,left,NGIQ-BR-00000295,0.0,0.0,0.0,0,83.714
NGIQ-BR-00000099,left,NGIQ-BR-00000296,0.03374,0.02593,0.02106,240,12.64
NGIQ-BR-00000099,left,NGIQ-BR-00000297,0.0,0.0,0.0,0,46.999
NGIQ-BR-00000099,left,NGIQ-BR-00000298,0.0,0.0,0.0,0,24.55
NGIQ-BR-00000099,left,NGIQ-BR-00000299,0.0,0.0,0.0,0,32.829
NGIQ-BR-00000100,right,NGIQ-BR-00000300,0.0,0.0,0.0,0,73.434
NGIQ-BR-00000100,right,NGIQ-BR-00000301,0.0,0.0,0.0,0,70.071
NGIQ-BR-00000100,right,NGIQ-BR-00000302,0.0,0.0,0.0,0,86.112
NGIQ-BR-00000100,right,NGIQ-BR-00000303,0.0,0.0,0.0,0,46.83
NGIQ-BR-00000100,right,NGIQ-BR-00000304,0.0,0.0,0.0,0,36.166
NGIQ-BR-00000100,right,NGIQ-BR-00000305,0.0,0.0,0.0,0,65.695
NGIQ-BR-00000100,right,NGIQ-BR-00000306,0.0,0.0,0.0,0,22.797
NGIQ-BR-00000100,right,NGIQ-BR-00000307,0.0,0.0,0.0,0,63.738
NGIQ-BR-00000100,right,NGIQ-BR-00000308,0.0,0.0,0.0,0,75.841
NGIQ-BR-00000100,right,NGIQ-BR-00000309,0.0,0.0,0.0,0,60.847
NGIQ-BR-00000100,right,NGIQ-BR-00000310,0.0,0.0,0.0,0,67.596
NGIQ-BR-00000100,right,NGIQ-BR-00000311,0.0,0.0,0.0,0,78.343
NGIQ-BR-00000100,right,NGIQ-BR-00000312,0.28031,0.27653,0.27285,2869,7.444
NGIQ-BR-00000100,right,NGIQ-BR-00000313,0.0,0.0,0.0,0,37.531
NGIQ-BR-00000100,right,NGIQ-BR-00000314,0.0,0.0,0.0,0,86.505
NGIQ-BR-00000100,right,NGIQ-BR-00000315,0.0,0.0,0.0,0,41.548
NGIQ-BR-00000100,right,NGIQ-BR-00000316,0.0,0.0,0.0,0,62.322
NGIQ-BR-00000100,right,NGIQ-BR-00000317,0.0,0.0,0.0,0,52.136
NGIQ-BR-00000100,right,NGIQ-BR-00000318,0.0,0.0,0.0,0,81.026
NGIQ-BR-00000100,right,NGIQ-BR-00000319,0.0,0.0,0.0,0,56.101
NGIQ-BR-00000100,right,NGIQ-BR-00000320,0.0,0.0,0.0,0,69.762
NGIQ-BR-00000100,right,NGIQ-BR-00000321,0.0,0.0,0.0,0,56.9
NGIQ-BR-00000100,right,NGIQ-BR-00000322,0.0,0.0,0.0,0,79.122
NGIQ-BR-00000100,right,NGIQ-BR-00000323,0.0,0.0,0.0,0,75.456
NGIQ-BR-00000100,right,NGIQ-BR-00000324,0.0,0.0,0.0,0,74.454
NGIQ-BR-00000100,right,NGIQ-BR-00000325,0.0,0.0,0.0,0,86.321
NGIQ-BR-00000100,right,NGIQ-BR-00000326,0.0,0.0,0.0,0,86.745
NGIQ-BR-00000100,right,NGIQ-BR-00000327,0.10034,0.0966,0.09312,1027,12.654
NGIQ-BR-00000100,right,NGIQ-BR-00000328,0.0,0.0,0.0,0,47.57
NGIQ-BR-00000100,right,NGIQ-BR-00000329,0.0,0.0,0.0,0,23.071
NGIQ-BR-00000100,right,NGIQ-BR-00000330,0.0,0.0,0.0,0,30.262
NGIQ-BR-00000101,left,NGIQ-BR-00000269,0.0,0.0,0.0,0,80.956
NGIQ-BR-00000101,left,NGIQ-BR-00000270,0.0,0.0,0.0,0,85.897
NGIQ-BR-00000101,left,NGIQ-BR-00000271,0.0,0.0,0.0,0,82.27
NGIQ-BR-00000101,left,NGIQ-BR-00000272,0.0,0.0,0.0,0,33.179
NGIQ-BR-00000101,left,NGIQ-BR-00000273,0.00367,0.00177,0.00116,9,19.974
NGIQ-BR-00000101,left,NGIQ-BR-00000274,0.0,0.0,0.0,0,74.169
NGIQ-BR-00000101,left,NGIQ-BR-00000275,0.35656,0.16438,0.10681,875,7.48
NGIQ-BR-00000101,left,NGIQ-BR-00000276,0.0,0.0,0.0,0,62.703
NGIQ-BR-00000101,left,NGIQ-BR-00000277,0.0,0.0,0.0,0,71.094
NGIQ-BR-00000101,left,NGIQ-BR-00000278,0.0,0.0,0.0,0,64.179
NGIQ-BR-00000101,left,NGIQ-BR-00000279,0.0,0.0,0.0,0,59.016
NGIQ-BR-00000101,left,NGIQ-BR-00000280,0.0,0.0,0.0,0,80.204
NGIQ-BR-00000101,left,NGIQ-BR-00000281,0.0,0.0,0.0,0,18.851
NGIQ-BR-00000101,left,NGIQ-BR-00000282,0.0,0.0,0.0,0,23.359
NGIQ-BR-00000101,left,NGIQ-BR-00000283,0.0,0.0,0.0,0,94.9
NGIQ-BR-00000101,left,NGIQ-BR-00000284,0.0,0.0,0.0,0,59.248
NGIQ-BR-00000101,left,NGIQ-BR-00000285,0.0,0.0,0.0,0,70.747
NGIQ-BR-00000101,left,NGIQ-BR-00000286,0.0,0.0,0.0,0,66.187
NGIQ-BR-00000101,left,NGIQ-BR-00000287,0.0,0.0,0.0,0,75.167
NGIQ-BR-00000101,left,NGIQ-BR-00000288,0.0,0.0,0.0,0,70.654
NGIQ-BR-00000101,left,NGIQ-BR-00000289,0.0,0.0,0.0,0,75.666
NGIQ-BR-00000101,left,NGIQ-BR-00000290,0.0,0.0,0.0,0,74.184
NGIQ-BR-00000101,left,NGIQ-BR-00000291,0.0,0.0,0.0,0,82.032
NGIQ-BR-00000101,left,NGIQ-BR-00000292,0.0,0.0,0.0,0,80.908
NGIQ-BR-00000101,left,NGIQ-BR-00000293,0.0,0.0,0.0,0,86.946
NGIQ-BR-00000101,left,NGIQ-BR-00000294,0.0,0.0,0.0,0,97.749
NGIQ-BR-00000101,left,NGIQ-BR-00000295,0.0,0.0,0.0,0,90.295
NGIQ-BR-00000101,left,NGIQ-BR-00000296,0.0,0.0,0.0,0,28.8
NGIQ-BR-00000101,left,NGIQ-BR-00000297,0.0,0.0,0.0,0,62.669
NGIQ-BR-00000101,left,NGIQ-BR-00000298,0.0,0.0,0.0,0,36.655
NGIQ-BR-00000101,left,NGIQ-BR-00000299,0.0,0.0,0.0,0,40.513
NGIQ-BR-00000102,right,NGIQ-BR-00000300,0.0,0.0,0.0,0,79.919
NGIQ-BR-00000102,right,NGIQ-BR-00000301,0.0,0.0,0.0,0,88.168
NGIQ-BR-00000102,right,NGIQ-BR-00000302,0.0,0.0,0.0,0,92.268
NGIQ-BR-00000102,right,NGIQ-BR-00000303,0.0,0.0,0.0,0,26.325
NGIQ-BR-00000102,right,NGIQ-BR-00000304,0.01461,0.0054,0.00331,24,29.366
NGIQ-BR-00000102,right,NGIQ-BR-00000305,0.0,0.0,0.0,0,82.393
NGIQ-BR-00000102,right,NGIQ-BR-00000306,0.41509,0.13876,0.0833,682,13.993
NGIQ-BR-00000102,right,NGIQ-BR-00000307,0.0,0.0,0.0,0,70.366
NGIQ-BR-00000102,right,NGIQ-BR-00000308,0.0,0.0,0.0,0,80.54
NGIQ-BR-00000102,right,NGIQ-BR-00000309,0.0,0.0,0.0,0,55.037
NGIQ-BR-00000102,right,NGIQ-BR-00000310,0.0,0.0,0.0,0,68.021
NGIQ-BR-00000102,right,NGIQ-BR-00000311,0.0,0.0,0.0,0,71.14
NGIQ-BR-00000102,right,NGIQ-BR-00000312,0.0,0.0,0.0,0,24.028
NGIQ-BR-00000102,right,NGIQ-BR-00000313,0.0,0.0,0.0,0,28.545
NGIQ-BR-00000102,right,NGIQ-BR-00000314,0.0,0.0,0.0,0,100.959
NGIQ-BR-00000102,right,NGIQ-BR-00000315,0.0,0.0,0.0,0,56.646
NGIQ-BR-00000102,right,NGIQ-BR-00000316,0.0,0.0,0.0,0,62.556
NGIQ-BR-00000102,right,NGIQ-BR-00000317,0.0,0.0,0.0,0,60.927
NGIQ-BR-00000102,right,NGIQ-BR-00000318,0.0,0.0,0.0,0,84.488
NGIQ-BR-00000102,right,NGIQ-BR-00000319,0.0,0.0,0.0,0,78.169
NGIQ-BR-00000102,right,NGIQ-BR-00000320,0.0,0.0,0.0,0,80.462
NGIQ-BR-00000102,right,NGIQ-BR-00000321,0.0,0.0,0.0,0,77.641
NGIQ-BR-00000102,right,NGIQ-BR-00000322,0.0,0.0,0.0,0,90.227
NGIQ-BR-00000102,right,NGIQ-BR-00000323,0.0,0.0,0.0,0,74.983
NGIQ-BR-00000102,right,NGIQ-BR-00000324,0.0,0.0,0.0,0,80.934
NGIQ-BR-00000102,right,NGIQ-BR-00000325,0.0,0.0,0.0,0,96.586
NGIQ-BR-00000102,right,NGIQ-BR-00000326,0.0,0.0,0.0,0,101.889
NGIQ-BR-00000102,right,NGIQ-BR-00000327,0.0,0.0,0.0,0,29.684
NGIQ-BR-00000102,right,NGIQ-BR-00000328,0.0,0.0,0.0,0,71.016
NGIQ-BR-00000102,right,NGIQ-BR-00000329,0.0,0.0,0.0,0,42.565
NGIQ-BR-00000102,right,NGIQ-BR-00000330,0.0,0.0,0.0,0,38.833
NGIQ-BR-00000103,left,NGIQ-BR-00000269,0.0,0.0,0.0,0,97.741
NGIQ-BR-00000103,left,NGIQ-BR-00000270,0.0,0.0,0.0,0,94.412
NGIQ-BR-00000103,left,NGIQ-BR-00000271,0.0,0.0,0.0,0,61.048
NGIQ-BR-00000103,left,NGIQ-BR-00000272,0.0,0.0,0.0,0,64.147
NGIQ-BR-00000103,left,NGIQ-BR-00000273,0.00037,0.00019,0.00013,1,23.37
NGIQ-BR-00000103,left,NGIQ-BR-00000274,0.0,0.0,0.0,0,49.16
NGIQ-BR-00000103,left,NGIQ-BR-00000275,0.29787,0.14681,0.09741,798,28.56
NGIQ-BR-00000103,left,NGIQ-BR-00000276,0.0,0.0,0.0,0,55.395
NGIQ-BR-00000103,left,NGIQ-BR-00000277,0.00187,0.00106,0.00074,5,41.732
NGIQ-BR-00000103,left,NGIQ-BR-00000278,0.0,0.0,0.0,0,94.291
NGIQ-BR-00000103,left,NGIQ-BR-00000279,0.0,0.0,0.0,0,41.521
NGIQ-BR-00000103,left,NGIQ-BR-00000280,0.0,0.0,0.0,0,109.316
NGIQ-BR-00000103,left,NGIQ-BR-00000281,0.0,0.0,0.0,0,33.675
NGIQ-BR-00000103,left,NGIQ-BR-00000282,0.0,0.0,0.0,0,39.878
NGIQ-BR-00000103,left,NGIQ-BR-00000283,0.0,0.0,0.0,0,90.058
NGIQ-BR-00000103,left,NGIQ-BR-00000284,0.0,0.0,0.0,0,78.034
NGIQ-BR-00000103,left,NGIQ-BR-00000285,0.0,0.0,0.0,0,100.116
NGIQ-BR-00000103,left,NGIQ-BR-00000286,0.0,0.0,0.0,0,91.058
NGIQ-BR-00000103,left,NGIQ-BR-00000287,0.0,0.0,0.0,0,52.757
NGIQ-BR-00000103,left,NGIQ-BR-00000288,0.0,0.0,0.0,0,67.103
NGIQ-BR-00000103,left,NGIQ-BR-00000289,0.0,0.0,0.0,0,78.494
NGIQ-BR-00000103,left,NGIQ-BR-00000290,0.0,0.0,0.0,0,76.397
NGIQ-BR-00000103,left,NGIQ-BR-00000291,0.0,0.0,0.0,0,67.399
NGIQ-BR-00000103,left,NGIQ-BR-00000292,0.0,0.0,0.0,0,105.779
NGIQ-BR-00000103,left,NGIQ-BR-00000293,0.0,0.0,0.0,0,110.751
NGIQ-BR-00000103,left,NGIQ-BR-00000294,0.0,0.0,0.0,0,112.705
NGIQ-BR-00000103,left,NGIQ-BR-00000295,0.0,0.0,0.0,0,71.305
NGIQ-BR-00000103,left,NGIQ-BR-00000296,0.0,0.0,0.0,0,48.305
NGIQ-BR-00000103,left,NGIQ-BR-00000297,0.0,0.0,0.0,0,51.001
NGIQ-BR-00000103,left,NGIQ-BR-00000298,0.0,0.0,0.0,0,41.751
NGIQ-BR-00000103,left,NGIQ-BR-00000299,0.0,0.0,0.0,0,61.444
NGIQ-BR-00000104,right,NGIQ-BR-00000300,0.0,0.0,0.0,0,97.716
NGIQ-BR-00000104,right,NGIQ-BR-00000301,0.0,0.0,0.0,0,96.201
NGIQ-BR-00000104,right,NGIQ-BR-00000302,0.0,0.0,0.0,0,64.832
NGIQ-BR-00000104,right,NGIQ-BR-00000303,0.0,0.0,0.0,0,61.394
NGIQ-BR-00000104,right,NGIQ-BR-00000304,0.00106,0.00044,0.00028,2,22.812
NGIQ-BR-00000104,right,NGIQ-BR-00000305,0.0,0.0,0.0,0,52.638
NGIQ-BR-00000104,right,NGIQ-BR-00000306,0.30765,0.11565,0.07121,583,28.272
NGIQ-BR-00000104,right,NGIQ-BR-00000307,0.0,0.0,0.0,0,57.796
NGIQ-BR-00000104,right,NGIQ-BR-00000308,0.0,0.0,0.0,0,43.484
NGIQ-BR-00000104,right,NGIQ-BR-00000309,0.0,0.0,0.0,0,90.906
NGIQ-BR-00000104,right,NGIQ-BR-00000310,0.0,0.0,0.0,0,44.043
NGIQ-BR-00000104,right,NGIQ-BR-00000311,0.0,0.0,0.0,0,105.707
NGIQ-BR-00000104,right,NGIQ-BR-00000312,0.0,0.0,0.0,0,32.472
NGIQ-BR-00000104,right,NGIQ-BR-00000313,0.0,0.0,0.0,0,38.044
NGIQ-BR-00000104,right,NGIQ-BR-00000314,0.0,0.0,0.0,0,93.889
NGIQ-BR-00000104,right,NGIQ-BR-00000315,0.0,0.0,0.0,0,76.707
NGIQ-BR-00000104,right,NGIQ-BR-00000316,0.0,0.0,0.0,0,97.747
NGIQ-BR-00000104,right,NGIQ-BR-00000317,0.0,0.0,0.0,0,88.871
NGIQ-BR-00000104,right,NGIQ-BR-00000318,0.0,0.0,0.0,0,55.553
NGIQ-BR-00000104,right,NGIQ-BR-00000319,0.0,0.0,0.0,0,71.495
NGIQ-BR-00000104,right,NGIQ-BR-00000320,0.0,0.0,0.0,0,80.368
NGIQ-BR-00000104,right,NGIQ-BR-00000321,0.0,0.0,0.0,0,78.084
NGIQ-BR-00000104,right,NGIQ-BR-00000322,0.0,0.0,0.0,0,70.712
NGIQ-BR-00000104,right,NGIQ-BR-00000323,0.0,0.0,0.0,0,103.482
NGIQ-BR-00000104,right,NGIQ-BR-00000324,0.0,0.0,0.0,0,109.207
NGIQ-BR-00000104,right,NGIQ-BR-00000325,0.0,0.0,0.0,0,113.542
NGIQ-BR-00000104,right,NGIQ-BR-00000326,0.0,0.0,0.0,0,77.746
NGIQ-BR-00000104,right,NGIQ-BR-00000327,0.0,0.0,0.0,0,49.389
NGIQ-BR-00000104,right,NGIQ-BR-00000328,0.0,0.0,0.0,0,57.201
NGIQ-BR-00000104,right,NGIQ-BR-00000329,0.0,0.0,0.0,0,44.156
NGIQ-BR-00000104,right,NGIQ-BR-00000330,0.0,0.0,0.0,0,60.099
NGIQ-BR-00000105,left,NGIQ-BR-00000269,0.0,0.0,0.0,0,81.342
NGIQ-BR-00000105,left,NGIQ-BR-00000270,0.0,0.0,0.0,0,93.061
NGIQ-BR-00000105,left,NGIQ-BR-00000271,0.0,0.0,0.0,0,107.176
NGIQ-BR-00000105,left,NGIQ-BR-00000272,0.0,0.0,0.0,0,21.929
NGIQ-BR-00000105,left,NGIQ-BR-00000273,0.00115,0.00083,0.00065,5,45.768
NGIQ-BR-00000105,left,NGIQ-BR-00000274,0.0,0.0,0.0,0,101.0
NGIQ-BR-00000105,left,NGIQ-BR-00000275,0.31859,0.22143,0.16968,1390,34.009
NGIQ-BR-00000105,left,NGIQ-BR-00000276,0.0,0.0,0.0,0,83.261
NGIQ-BR-00000105,left,NGIQ-BR-00000277,0.0,0.0,0.0,0,98.389
NGIQ-BR-00000105,left,NGIQ-BR-00000278,0.0,0.0,0.0,0,47.983
NGIQ-BR-00000105,left,NGIQ-BR-00000279,0.0,0.0,0.0,0,83.358
NGIQ-BR-00000105,left,NGIQ-BR-00000280,0.0,0.0,0.0,0,64.262
NGIQ-BR-00000105,left,NGIQ-BR-00000281,0.02911,0.01936,0.0145,127,38.837
NGIQ-BR-00000105,left,NGIQ-BR-00000282,0.0,0.0,0.0,0,40.158
NGIQ-BR-00000105,left,NGIQ-BR-00000283,0.0,0.0,0.0,0,111.436
NGIQ-BR-00000105,left,NGIQ-BR-00000284,0.0,0.0,0.0,0,59.958
NGIQ-BR-00000105,left,NGIQ-BR-00000285,0.0,0.0,0.0,0,54.347
NGIQ-BR-00000105,left,NGIQ-BR-00000286,0.0,0.0,0.0,0,57.694
NGIQ-BR-00000105,left,NGIQ-BR-00000287,0.0,0.0,0.0,0,100.451
NGIQ-BR-00000105,left,NGIQ-BR-00000288,0.0,0.0,0.0,0,88.033
NGIQ-BR-00000105,left,NGIQ-BR-00000289,0.0,0.0,0.0,0,88.808
NGIQ-BR-00000105,left,NGIQ-BR-00000290,0.0,0.0,0.0,0,87.511
NGIQ-BR-00000105,left,NGIQ-BR-00000291,0.0,0.0,0.0,0,104.616
NGIQ-BR-00000105,left,NGIQ-BR-00000292,0.0,0.0,0.0,0,71.518
NGIQ-BR-00000105,left,NGIQ-BR-00000293,0.0,0.0,0.0,0,77.919
NGIQ-BR-00000105,left,NGIQ-BR-00000294,0.0,0.0,0.0,0,98.224
NGIQ-BR-00000105,left,NGIQ-BR-00000295,0.0,0.0,0.0,0,114.479
NGIQ-BR-00000105,left,NGIQ-BR-00000296,0.0,0.0,0.0,0,39.21
NGIQ-BR-00000105,left,NGIQ-BR-00000297,0.0,0.0,0.0,0,84.89
NGIQ-BR-00000105,left,NGIQ-BR-00000298,0.0,0.0,0.0,0,55.641
NGIQ-BR-00000105,left,NGIQ-BR-00000299,0.0,0.0,0.0,0,44.762
NGIQ-BR-00000106,right,NGIQ-BR-00000300,0.0,0.0,0.0,0,81.404
NGIQ-BR-00000106,right,NGIQ-BR-00000301,0.0,0.0,0.0,0,95.064
NGIQ-BR-00000106,right,NGIQ-BR-00000302,0.0,0.0,0.0,0,107.494
NGIQ-BR-00000106,right,NGIQ-BR-00000303,0.0,0.0,0.0,0,19.979
NGIQ-BR-00000106,right,NGIQ-BR-00000304,0.02559,0.01659,0.01228,89,45.474
NGIQ-BR-00000106,right,NGIQ-BR-00000305,0.0,0.0,0.0,0,100.032
NGIQ-BR-00000106,right,NGIQ-BR-00000306,0.32749,0.19529,0.13912,1139,32.662
NGIQ-BR-00000106,right,NGIQ-BR-00000307,0.0,0.0,0.0,0,83.316
NGIQ-BR-00000106,right,NGIQ-BR-00000308,0.0,0.0,0.0,0,97.67
NGIQ-BR-00000106,right,NGIQ-BR-00000309,0.0,0.0,0.0,0,45.99
NGIQ-BR-00000106,right,NGIQ-BR-00000310,0.0,0.0,0.0,0,82.642
NGIQ-BR-00000106,right,NGIQ-BR-00000311,0.0,0.0,0.0,0,61.16
NGIQ-BR-00000106,right,NGIQ-BR-00000312,0.00029,0.00014,0.0001,1,40.971
NGIQ-BR-00000106,right,NGIQ-BR-00000313,0.0,0.0,0.0,0,40.386
NGIQ-BR-00000106,right,NGIQ-BR-00000314,0.0,0.0,0.0,0,111.814
NGIQ-BR-00000106,right,NGIQ-BR-00000315,0.0,0.0,0.0,0,60.932
NGIQ-BR-00000106,right,NGIQ-BR-00000316,0.0,0.0,0.0,0,54.708
NGIQ-BR-00000106,right,NGIQ-BR-00000317,0.0,0.0,0.0,0,59.543
NGIQ-BR-00000106,right,NGIQ-BR-00000318,0.0,0.0,0.0,0,99.823
NGIQ-BR-00000106,right,NGIQ-BR-00000319,0.0,0.0,0.0,0,91.177
NGIQ-BR-00000106,right,NGIQ-BR-00000320,0.0,0.0,0.0,0,89.621
NGIQ-BR-00000106,right,NGIQ-BR-00000321,0.0,0.0,0.0,0,88.302
NGIQ-BR-00000106,right,NGIQ-BR-00000322,0.0,0.0,0.0,0,104.5
NGIQ-BR-00000106,right,NGIQ-BR-00000323,0.0,0.0,0.0,0,70.057
NGIQ-BR-00000106,right,NGIQ-BR-00000324,0.0,0.0,0.0,0,77.154
NGIQ-BR-00000106,right,NGIQ-BR-00000325,0.0,0.0,0.0,0,98.043
NGIQ-BR-00000106,right,NGIQ-BR-00000326,0.0,0.0,0.0,0,117.542
NGIQ-BR-00000106,right,NGIQ-BR-00000327,0.0,0.0,0.0,0,40.348
NGIQ-BR-00000106,right,NGIQ-BR-00000328,0.0,0.0,0.0,0,86.529
NGIQ-BR-00000106,right,NGIQ-BR-00000329,0.0,0.0,0.0,0,56.713
NGIQ-BR-00000106,right,NGIQ-BR-00000330,0.0,0.0,0.0,0,45.093
NGIQ-BR-00000107,left,NGIQ-BR-00000269,0.0,0.0,0.0,0,82.153
NGIQ-BR-00000107,left,NGIQ-BR-00000270,0.0,0.0,0.0,0,84.457
NGIQ-BR-00000107,left,NGIQ-BR-00000271,0.0,0.0,0.0,0,95.248
NGIQ-BR-00000107,left,NGIQ-BR-00000272,0.0,0.0,0.0,0,36.601
NGIQ-BR-00000107,left,NGIQ-BR-00000273,0.0,0.0,0.0,0,34.778
NGIQ-BR-00000107,left,NGIQ-BR-00000274,0.0,0.0,0.0,0,82.805
NGIQ-BR-00000107,left,NGIQ-BR-00000275,0.15651,0.09727,0.07056,578,16.328
NGIQ-BR-00000107,left,NGIQ-BR-00000276,0.0,0.0,0.0,0,73.779
NGIQ-BR-00000107,left,NGIQ-BR-00000277,0.0,0.0,0.0,0,83.801
NGIQ-BR-00000107,left,NGIQ-BR-00000278,0.0,0.0,0.0,0,59.718
NGIQ-BR-00000107,left,NGIQ-BR-00000279,0.0,0.0,0.0,0,73.253
NGIQ-BR-00000107,left,NGIQ-BR-00000280,0.0,0.0,0.0,0,77.939
NGIQ-BR-00000107,left,NGIQ-BR-00000281,0.14622,0.08673,0.06165,540,16.274
NGIQ-BR-00000107,left,NGIQ-BR-00000282,0.0,0.0,0.0,0,36.29
NGIQ-BR-00000107,left,NGIQ-BR-00000283,0.0,0.0,0.0,0,101.201
NGIQ-BR-00000107,left,NGIQ-BR-00000284,0.0,0.0,0.0,0,53.665
NGIQ-BR-00000107,left,NGIQ-BR-00000285,0.0,0.0,0.0,0,62.089
NGIQ-BR-00000107,left,NGIQ-BR-00000286,0.0,0.0,0.0,0,58.393
NGIQ-BR-00000107,left,NGIQ-BR-00000287,0.0,0.0,0.0,0,88.871
NGIQ-BR-00000107,left,NGIQ-BR-00000288,0.0,0.0,0.0,0,72.412
NGIQ-BR-00000107,left,NGIQ-BR-00000289,0.0,0.0,0.0,0,81.893
NGIQ-BR-00000107,left,NGIQ-BR-00000290,0.0,0.0,0.0,0,74.778
NGIQ-BR-00000107,left,NGIQ-BR-00000291,0.0,0.0,0.0,0,92.243
NGIQ-BR-00000107,left,NGIQ-BR-00000292,0.0,0.0,0.0,0,79.595
NGIQ-BR-00000107,left,NGIQ-BR-00000293,0.0,0.0,0.0,0,81.142
NGIQ-BR-00000107,left,NGIQ-BR-00000294,0.0,0.0,0.0,0,97.101
NGIQ-BR-00000107,left,NGIQ-BR-00000295,0.0,0.0,0.0,0,99.2
NGIQ-BR-00000107,left,NGIQ-BR-00000296,0.0,0.0,0.0,0,24.025
NGIQ-BR-00000107,left,NGIQ-BR-00000297,0.0,0.0,0.0,0,65.81
NGIQ-BR-00000107,left,NGIQ-BR-00000298,0.0,0.0,0.0,0,40.247
NGIQ-BR-00000107,left,NGIQ-BR-00000299,0.0,0.0,0.0,0,39.619
NGIQ-BR-00000108,right,NGIQ-BR-00000300,0.0,0.0,0.0,0,83.225
NGIQ-BR-00000108,right,NGIQ-BR-00000301,0.0,0.0,0.0,0,88.215
NGIQ-BR-00000108,right,NGIQ-BR-00000302,0.0,0.0,0.0,0,98.038
NGIQ-BR-00000108,right,NGIQ-BR-00000303,0.0,0.0,0.0,0,34.025
NGIQ-BR-00000108,right,NGIQ-BR-00000304,0.0,0.0,0.0,0,36.076
NGIQ-BR-00000108,right,NGIQ-BR-00000305,0.0,0.0,0.0,0,84.438
NGIQ-BR-00000108,right,NGIQ-BR-00000306,0.29469,0.18697,0.13692,1121,16.031
NGIQ-BR-00000108,right,NGIQ-BR-00000307,0.0,0.0,0.0,0,76.391
NGIQ-BR-00000108,right,NGIQ-BR-00000308,0.0,0.0,0.0,0,84.937
NGIQ-BR-00000108,right,NGIQ-BR-00000309,0.0,0.0,0.0,0,56.752
NGIQ-BR-00000108,right,NGIQ-BR-00000310,0.0,0.0,0.0,0,74.74
NGIQ-BR-00000108,right,NGIQ-BR-00000311,0.0,0.0,0.0,0,74.311
NGIQ-BR-00000108,right,NGIQ-BR-00000312,0.05047,0.02682,0.01826,192,20.73
NGIQ-BR-00000108,right,NGIQ-BR-00000313,0.0,0.0,0.0,0,37.016
NGIQ-BR-00000108,right,NGIQ-BR-00000314,0.0,0.0,0.0,0,104.6
NGIQ-BR-00000108,right,NGIQ-BR-00000315,0.0,0.0,0.0,0,54.782
NGIQ-BR-00000108,right,NGIQ-BR-00000316,0.0,0.0,0.0,0,60.644
NGIQ-BR-00000108,right,NGIQ-BR-00000317,0.0,0.0,0.0,0,58.605
NGIQ-BR-00000108,right,NGIQ-BR-00000318,0.0,0.0,0.0,0,90.522
NGIQ-BR-00000108,right,NGIQ-BR-00000319,0.0,0.0,0.0,0,78.376
NGIQ-BR-00000108,right,NGIQ-BR-00000320,0.0,0.0,0.0,0,84.927
NGIQ-BR-00000108,right,NGIQ-BR-00000321,0.0,0.0,0.0,0,77.792
NGIQ-BR-00000108,right,NGIQ-BR-00000322,0.0,0.0,0.0,0,95.109
NGIQ-BR-00000108,right,NGIQ-BR-00000323,0.0,0.0,0.0,0,77.964
NGIQ-BR-00000108,right,NGIQ-BR-00000324,0.0,0.0,0.0,0,80.276
NGIQ-BR-00000108,right,NGIQ-BR-00000325,0.0,0.0,0.0,0,98.347
NGIQ-BR-00000108,right,NGIQ-BR-00000326,0.0,0.0,0.0,0,105.359
NGIQ-BR-00000108,right,NGIQ-BR-00000327,0.0,0.0,0.0,0,27.083
NGIQ-BR-00000108,right,NGIQ-BR-00000328,0.0,0.0,0.0,0,70.636
NGIQ-BR-00000108,right,NGIQ-BR-00000329,0.0,0.0,0.0,0,43.367
NGIQ-BR-00000108,right,NGIQ-BR-00000330,0.0,0.0,0.0,0,40.368
NGIQ-BR-00000109,left,NGIQ-BR-00000269,0.0,0.0,0.0,0,99.643
NGIQ-BR-00000109,left,NGIQ-BR-00000270,0.0,0.0,0.0,0,92.461
NGIQ-BR-00000109,left,NGIQ-BR-00000271,0.0,0.0,0.0,0,58.993
NGIQ-BR-00000109,left,NGIQ-BR-00000272,0.0,0.0,0.0,0,72.422
NGIQ-BR-00000109,left,NGIQ-BR-00000273,0.0,0.0,0.0,0,32.323
NGIQ-BR-00000109,left,NGIQ-BR-00000274,0.0,0.0,0.0,0,41.533
NGIQ-BR-00000109,left,NGIQ-BR-00000275,0.19472,0.11711,0.08374,686,36.218
NGIQ-BR-00000109,left,NGIQ-BR-00000276,0.0,0.0,0.0,0,55.425
NGIQ-BR-00000109,left,NGIQ-BR-00000277,0.00653,0.00449,0.00342,23,39.65
NGIQ-BR-00000109,left,NGIQ-BR-00000278,0.0,0.0,0.0,0,99.693
NGIQ-BR-00000109,left,NGIQ-BR-00000279,0.0,0.0,0.0,0,43.701
NGIQ-BR-00000109,left,NGIQ-BR-00000280,0.0,0.0,0.0,0,114.95
NGIQ-BR-00000109,left,NGIQ-BR-00000281,0.08175,0.0469,0.03288,288,37.518
NGIQ-BR-00000109,left,NGIQ-BR-00000282,0.0,0.0,0.0,0,47.478
NGIQ-BR-00000109,left,NGIQ-BR-00000283,0.0,0.0,0.0,0,86.854
NGIQ-BR-00000109,left,NGIQ-BR-00000284,0.0,0.0,0.0,0,79.043
NGIQ-BR-00000109,left,NGIQ-BR-00000285,0.0,0.0,0.0,0,104.317
NGIQ-BR-00000109,left,NGIQ-BR-00000286,0.0,0.0,0.0,0,93.653
NGIQ-BR-00000109,left,NGIQ-BR-00000287,0.0,0.0,0.0,0,52.086
NGIQ-BR-00000109,left,NGIQ-BR-00000288,0.0,0.0,0.0,0,62.558
NGIQ-BR-00000109,left,NGIQ-BR-00000289,0.0,0.0,0.0,0,77.993
NGIQ-BR-00000109,left,NGIQ-BR-00000290,0.0,0.0,0.0,0,73.227
NGIQ-BR-00000109,left,NGIQ-BR-00000291,0.0,0.0,0.0,0,64.021
NGIQ-BR-00000109,left,NGIQ-BR-00000292,0.0,0.0,0.0,0,109.849
NGIQ-BR-00000109,left,NGIQ-BR-00000293,0.0,0.0,0.0,0,113.031
NGIQ-BR-00000109,left,NGIQ-BR-00000294,0.0,0.0,0.0,0,113.126
NGIQ-BR-00000109,left,NGIQ-BR-00000295,0.0,0.0,0.0,0,65.433
NGIQ-BR-00000109,left,NGIQ-BR-00000296,0.0,0.0,0.0,0,51.041
NGIQ-BR-00000109,left,NGIQ-BR-00000297,0.0,0.0,0.0,0,44.585
NGIQ-BR-00000109,left,NGIQ-BR-00000298,0.0,0.0,0.0,0,42.017
NGIQ-BR-00000109,left,NGIQ-BR-00000299,0.0,0.0,0.0,0,64.551
NGIQ-BR-00000110,right,NGIQ-BR-00000300,0.0,0.0,0.0,0,97.913
NGIQ-BR-00000110,right,NGIQ-BR-00000301,0.0,0.0,0.0,0,93.173
NGIQ-BR-00000110,right,NGIQ-BR-00000302,0.0,0.0,0.0,0,57.988
NGIQ-BR-00000110,right,NGIQ-BR-00000303,0.0,0.0,0.0,0,69.493
NGIQ-BR-00000110,right,NGIQ-BR-00000304,0.00034,0.0002,0.00014,1,30.242
NGIQ-BR-00000110,right,NGIQ-BR-00000305,0.0,0.0,0.0,0,42.118
NGIQ-BR-00000110,right,NGIQ-BR-00000306,0.26428,0.13847,0.09381,768,37.425
NGIQ-BR-00000110,right,NGIQ-BR-00000307,0.0,0.0,0.0,0,53.773
NGIQ-BR-00000110,right,NGIQ-BR-00000308,0.00103,0.00061,0.00043,3,36.784
NGIQ-BR-00000110,right,NGIQ-BR-00000309,0.0,0.0,0.0,0,96.394
NGIQ-BR-00000110,right,NGIQ-BR-00000310,0.0,0.0,0.0,0,41.271
NGIQ-BR-00000110,right,NGIQ-BR-00000311,0.0,0.0,0.0,0,110.895
NGIQ-BR-00000110,right,NGIQ-BR-00000312,0.00275,0.00119,0.00076,8,37.569
NGIQ-BR-00000110,right,NGIQ-BR-00000313,0.0,0.0,0.0,0,43.793
NGIQ-BR-00000110,right,NGIQ-BR-00000314,0.0,0.0,0.0,0,87.9
NGIQ-BR-00000110,right,NGIQ-BR-00000315,0.0,0.0,0.0,0,77.814
NGIQ-BR-00000110,right,NGIQ-BR-00000316,0.0,0.0,0.0,0,102.672
NGIQ-BR-00000110,right,NGIQ-BR-00000317,0.0,0.0,0.0,0,91.716
NGIQ-BR-00000110,right,NGIQ-BR-00000318,0.0,0.0,0.0,0,49.942
NGIQ-BR-00000110,right,NGIQ-BR-00000319,0.0,0.0,0.0,0,65.566
NGIQ-BR-00000110,right,NGIQ-BR-00000320,0.0,0.0,0.0,0,76.918
NGIQ-BR-00000110,right,NGIQ-BR-00000321,0.0,0.0,0.0,0,73.744
NGIQ-BR-00000110,right,NGIQ-BR-00000322,0.0,0.0,0.0,0,63.492
NGIQ-BR-00000110,right,NGIQ-BR-00000323,0.0,0.0,0.0,0,106.571
NGIQ-BR-00000110,right,NGIQ-BR-00000324,0.0,0.0,0.0,0,111.542
NGIQ-BR-00000110,right,NGIQ-BR-00000325,0.0,0.0,0.0,0,112.718
NGIQ-BR-00000110,right,NGIQ-BR-00000326,0.0,0.0,0.0,0,68.462
NGIQ-BR-00000110,right,NGIQ-BR-00000327,0.0,0.0,0.0,0,52.907
NGIQ-BR-00000110,right,NGIQ-BR-00000328,0.0,0.0,0.0,0,50.152
NGIQ-BR-00000110,right,NGIQ-BR-00000329,0.0,0.0,0.0,0,43.298
NGIQ-BR-00000110,right,NGIQ-BR-00000330,0.0,0.0,0.0,0,62.717
NGIQ-BR-00000111,left,NGIQ-BR-00000269,0.0,0.0,0.0,0,91.952
NGIQ-BR-00000111,left,NGIQ-BR-00000270,0.0,0.0,0.0,0,87.553
NGIQ-BR-00000111,left,NGIQ-BR-00000271,0.0,0.0,0.0,0,75.145
NGIQ-BR-00000111,left,NGIQ-BR-00000272,0.0,0.0,0.0,0,56.46
NGIQ-BR-00000111,left,NGIQ-BR-00000273,0.0,0.0,0.0,0,25.317
NGIQ-BR-00000111,left,NGIQ-BR-00000274,0.0,0.0,0.0,0,59.115
NGIQ-BR-00000111,left,NGIQ-BR-00000275,0.24207,0.16635,0.12671,1038,16.696
NGIQ-BR-00000111,left,NGIQ-BR-00000276,0.0,0.0,0.0,0,62.282
NGIQ-BR-00000111,left,NGIQ-BR-00000277,0.0,0.0,0.0,0,58.881
NGIQ-BR-00000111,left,NGIQ-BR-00000278,0.0,0.0,0.0,0,83.021
NGIQ-BR-00000111,left,NGIQ-BR-00000279,0.0,0.0,0.0,0,55.501
NGIQ-BR-00000111,left,NGIQ-BR-00000280,0.0,0.0,0.0,0,99.871
NGIQ-BR-00000111,left,NGIQ-BR-00000281,0.0688,0.04522,0.03368,295,17.523
NGIQ-BR-00000111,left,NGIQ-BR-00000282,0.0,0.0,0.0,0,38.376
NGIQ-BR-00000111,left,NGIQ-BR-00000283,0.0,0.0,0.0,0,92.734
NGIQ-BR-00000111,left,NGIQ-BR-00000284,0.0,0.0,0.0,0,66.177
NGIQ-BR-00000111,left,NGIQ-BR-00000285,0.0,0.0,0.0,0,86.296
NGIQ-BR-00000111,left,NGIQ-BR-00000286,0.0,0.0,0.0,0,77.789
NGIQ-BR-00000111,left,NGIQ-BR-00000287,0.0,0.0,0.0,0,68.186
NGIQ-BR-00000111,left,NGIQ-BR-00000288,0.0,0.0,0.0,0,63.974
NGIQ-BR-00000111,left,NGIQ-BR-00000289,0.0,0.0,0.0,0,78.871
NGIQ-BR-00000111,left,NGIQ-BR-00000290,0.0,0.0,0.0,0,71.568
NGIQ-BR-00000111,left,NGIQ-BR-00000291,0.0,0.0,0.0,0,76.154
NGIQ-BR-00000111,left,NGIQ-BR-00000292,0.0,0.0,0.0,0,97.302
NGIQ-BR-00000111,left,NGIQ-BR-00000293,0.0,0.0,0.0,0,99.198
NGIQ-BR-00000111,left,NGIQ-BR-00000294,0.0,0.0,0.0,0,106.098
NGIQ-BR-00000111,left,NGIQ-BR-00000295,0.0,0.0,0.0,0,80.047
NGIQ-BR-00000111,left,NGIQ-BR-00000296,0.0,0.0,0.0,0,34.702
NGIQ-BR-00000111,left,NGIQ-BR-00000297,0.0,0.0,0.0,0,50.069
NGIQ-BR-00000111,left,NGIQ-BR-00000298,0.0,0.0,0.0,0,35.453
NGIQ-BR-00000111,left,NGIQ-BR-00000299,0.0,0.0,0.0,0,51.642
NGIQ-BR-00000112,right,NGIQ-BR-00000300,0.0,0.0,0.0,0,92.429
NGIQ-BR-00000112,right,NGIQ-BR-00000301,0.0,0.0,0.0,0,89.143
NGIQ-BR-00000112,right,NGIQ-BR-00000302,0.0,0.0,0.0,0,75.084
NGIQ-BR-00000112,right,NGIQ-BR-00000303,0.0,0.0,0.0,0,56.831
NGIQ-BR-00000112,right,NGIQ-BR-00000304,0.0,0.0,0.0,0,26.252
NGIQ-BR-00000112,right,NGIQ-BR-00000305,0.0,0.0,0.0,0,57.389
NGIQ-BR-00000112,right,NGIQ-BR-00000306,0.2022,0.1154,0.08074,661,20.156
NGIQ-BR-00000112,right,NGIQ-BR-00000307,0.0,0.0,0.0,0,62.6
NGIQ-BR-00000112,right,NGIQ-BR-00000308,0.0,0.0,0.0,0,56.596
NGIQ-BR-00000112,right,NGIQ-BR-00000309,0.0,0.0,0.0,0,82.261
NGIQ-BR-00000112,right,NGIQ-BR-00000310,0.0,0.0,0.0,0,55.083
NGIQ-BR-00000112,right,NGIQ-BR-00000311,0.0,0.0,0.0,0,98.565
NGIQ-BR-00000112,right,NGIQ-BR-00000312,0.0673,0.03192,0.02092,220,19.33
NGIQ-BR-00000112,right,NGIQ-BR-00000313,0.0,0.0,0.0,0,38.262
NGIQ-BR-00000112,right,NGIQ-BR-00000314,0.0,0.0,0.0,0,94.164
NGIQ-BR-00000112,right,NGIQ-BR-00000315,0.0,0.0,0.0,0,66.066
NGIQ-BR-00000112,right,NGIQ-BR-00000316,0.0,0.0,0.0,0,86.552
NGIQ-BR-00000112,right,NGIQ-BR-00000317,0.0,0.0,0.0,0,77.528
NGIQ-BR-00000112,right,NGIQ-BR-00000318,0.0,0.0,0.0,0,67.257
NGIQ-BR-00000112,right,NGIQ-BR-00000319,0.0,0.0,0.0,0,66.943
NGIQ-BR-00000112,right,NGIQ-BR-00000320,0.0,0.0,0.0,0,79.683
NGIQ-BR-00000112,right,NGIQ-BR-00000321,0.0,0.0,0.0,0,72.125
NGIQ-BR-00000112,right,NGIQ-BR-00000322,0.0,0.0,0.0,0,76.261
NGIQ-BR-00000112,right,NGIQ-BR-00000323,0.0,0.0,0.0,0,96.575
NGIQ-BR-00000112,right,NGIQ-BR-00000324,0.0,0.0,0.0,0,99.178
NGIQ-BR-00000112,right,NGIQ-BR-00000325,0.0,0.0,0.0,0,107.033
NGIQ-BR-00000112,right,NGIQ-BR-00000326,0.0,0.0,0.0,0,82.804
NGIQ-BR-00000112,right,NGIQ-BR-00000327,0.0,0.0,0.0,0,37.715
NGIQ-BR-00000112,right,NGIQ-BR-00000328,0.0,0.0,0.0,0,53.165
NGIQ-BR-00000112,right,NGIQ-BR-00000329,0.0,0.0,0.0,0,37.019
NGIQ-BR-00000112,right,NGIQ-BR-00000330,0.0,0.0,0.0,0,51.665
NGIQ-BR-00000113,left,NGIQ-BR-00000269,0.0,0.0,0.0,0,88.426
NGIQ-BR-00000113,left,NGIQ-BR-00000270,0.0,0.0,0.0,0,89.575
NGIQ-BR-00000113,left,NGIQ-BR-00000271,0.0,0.0,0.0,0,84.846
NGIQ-BR-00000113,left,NGIQ-BR-00000272,0.0,0.0,0.0,0,42.597
NGIQ-BR-00000113,left,NGIQ-BR-00000273,0.0,0.0,0.0,0,24.177
NGIQ-BR-00000113,left,NGIQ-BR-00000274,0.0,0.0,0.0,0,73.344
NGIQ-BR-00000113,left,NGIQ-BR-00000275,0.42522,0.30209,0.23425,1919,4.329
NGIQ-BR-00000113,left,NGIQ-BR-00000276,0.0,0.0,0.0,0,67.921
NGIQ-BR-00000113,left,NGIQ-BR-00000277,0.0,0.0,0.0,0,70.45
NGIQ-BR-00000113,left,NGIQ-BR-00000278,0.0,0.0,0.0,0,71.548
NGIQ-BR-00000113,left,NGIQ-BR-00000279,0.0,0.0,0.0,0,62.265
NGIQ-BR-00000113,left,NGIQ-BR-00000280,0.0,0.0,0.0,0,88.594
NGIQ-BR-00000113,left,NGIQ-BR-00000281,0.00089,0.0006,0.00046,4,14.996
NGIQ-BR-00000113,left,NGIQ-BR-00000282,0.0,0.0,0.0,0,32.441
NGIQ-BR-00000113,left,NGIQ-BR-00000283,0.0,0.0,0.0,0,99.33
NGIQ-BR-00000113,left,NGIQ-BR-00000284,0.0,0.0,0.0,0,62.848
NGIQ-BR-00000113,left,NGIQ-BR-00000285,0.0,0.0,0.0,0,75.721
NGIQ-BR-00000113,left,NGIQ-BR-00000286,0.0,0.0,0.0,0,70.527
NGIQ-BR-00000113,left,NGIQ-BR-00000287,0.0,0.0,0.0,0,77.355
NGIQ-BR-00000113,left,NGIQ-BR-00000288,0.0,0.0,0.0,0,71.939
NGIQ-BR-00000113,left,NGIQ-BR-00000289,0.0,0.0,0.0,0,81.768
NGIQ-BR-00000113,left,NGIQ-BR-00000290,0.0,0.0,0.0,0,76.757
NGIQ-BR-00000113,left,NGIQ-BR-00000291,0.0,0.0,0.0,0,85.408
NGIQ-BR-00000113,left,NGIQ-BR-00000292,0.0,0.0,0.0,0,89.051
NGIQ-BR-00000113,left,NGIQ-BR-00000293,0.0,0.0,0.0,0,92.507
NGIQ-BR-00000113,left,NGIQ-BR-00000294,0.0,0.0,0.0,0,104.042
NGIQ-BR-00000113,left,NGIQ-BR-00000295,0.0,0.0,0.0,0,91.854
NGIQ-BR-00000113,left,NGIQ-BR-00000296,0.0,0.0,0.0,0,30.744
NGIQ-BR-00000113,left,NGIQ-BR-00000297,0.0,0.0,0.0,0,61.766
NGIQ-BR-00000113,left,NGIQ-BR-00000298,0.0,0.0,0.0,0,39.344
NGIQ-BR-00000113,left,NGIQ-BR-00000299,0.0,0.0,0.0,0,46.623
NGIQ-BR-00000114,right,NGIQ-BR-00000300,0.0,0.0,0.0,0,87.836
NGIQ-BR-00000114,right,NGIQ-BR-00000301,0.0,0.0,0.0,0,89.684
NGIQ-BR-00000114,right,NGIQ-BR-00000302,0.0,0.0,0.0,0,80.661
NGIQ-BR-00000114,right,NGIQ-BR-00000303,0.0,0.0,0.0,0,43.823
NGIQ-BR-00000114,right,NGIQ-BR-00000304,0.00085,0.00067,0.00055,4,20.829
NGIQ-BR-00000114,right,NGIQ-BR-00000305,0.0,0.0,0.0,0,67.532
NGIQ-BR-00000114,right,NGIQ-BR-00000306,0.43848,0.31975,0.25162,2060,6.207
NGIQ-BR-00000114,right,NGIQ-BR-00000307,0.0,0.0,0.0,0,64.355
NGIQ-BR-00000114,right,NGIQ-BR-00000308,0.0,0.0,0.0,0,64.457
NGIQ-BR-00000114,right,NGIQ-BR-00000309,0.0,0.0,0.0,0,71.921
NGIQ-BR-00000114,right,NGIQ-BR-00000310,0.0,0.0,0.0,0,57.674
NGIQ-BR-00000114,right,NGIQ-BR-00000311,0.0,0.0,0.0,0,88.084
NGIQ-BR-00000114,right,NGIQ-BR-00000312,0.0,0.0,0.0,0,16.225
NGIQ-BR-00000114,right,NGIQ-BR-00000313,0.0,0.0,0.0,0,30.227
NGIQ-BR-00000114,right,NGIQ-BR-00000314,0.0,0.0,0.0,0,97.186
NGIQ-BR-00000114,right,NGIQ-BR-00000315,0.0,0.0,0.0,0,62.741
NGIQ-BR-00000114,right,NGIQ-BR-00000316,0.0,0.0,0.0,0,77.77
NGIQ-BR-00000114,right,NGIQ-BR-00000317,0.0,0.0,0.0,0,71.633
NGIQ-BR-00000114,right,NGIQ-BR-00000318,0.0,0.0,0.0,0,72.321
NGIQ-BR-00000114,right,NGIQ-BR-00000319,0.0,0.0,0.0,0,72.068
NGIQ-BR-00000114,right,NGIQ-BR-00000320,0.0,0.0,0.0,0,79.815
NGIQ-BR-00000114,right,NGIQ-BR-00000321,0.0,0.0,0.0,0,74.979
NGIQ-BR-00000114,right,NGIQ-BR-00000322,0.0,0.0,0.0,0,81.306
NGIQ-BR-00000114,right,NGIQ-BR-00000323,0.0,0.0,0.0,0,88.489
NGIQ-BR-00000114,right,NGIQ-BR-00000324,0.0,0.0,0.0,0,92.897
NGIQ-BR-00000114,right,NGIQ-BR-00000325,0.0,0.0,0.0,0,103.74
NGIQ-BR-00000114,right,NGIQ-BR-00000326,0.0,0.0,0.0,0,90.497
NGIQ-BR-00000114,right,NGIQ-BR-00000327,0.0,0.0,0.0,0,33.039
NGIQ-BR-00000114,right,NGIQ-BR-00000328,0.0,0.0,0.0,0,60.9
NGIQ-BR-00000114,right,NGIQ-BR-00000329,0.0,0.0,0.0,0,38.049
NGIQ-BR-00000114,right,NGIQ-BR-00000330,0.0,0.0,0.0,0,45.982
NGIQ-BR-00000115,left,NGIQ-BR-00000269,0.0,0.0,0.0,0,73.977
NGIQ-BR-00000115,left,NGIQ-BR-00000270,0.0,0.0,0.0,0,86.467
NGIQ-BR-00000115,left,NGIQ-BR-00000271,0.0,0.0,0.0,0,87.295
NGIQ-BR-00000115,left,NGIQ-BR-00000272,0.03222,0.05301,0.14943,276,16.47
NGIQ-BR-00000115,left,NGIQ-BR-00000273,0.32217,0.33871,0.35705,2760,27.904
NGIQ-BR-00000115,left,NGIQ-BR-00000274,0.0,0.0,0.0,0,84.553
NGIQ-BR-00000115,left,NGIQ-BR-00000275,0.01331,0.0136,0.01392,114,24.46
NGIQ-BR-00000115,left,NGIQ-BR-00000276,0.0,0.0,0.0,0,64.254
NGIQ-BR-00000115,left,NGIQ-BR-00000277,0.0,0.0,0.0,0,80.405
NGIQ-BR-00000115,left,NGIQ-BR-00000278,0.0,0.0,0.0,0,52.894
NGIQ-BR-00000115,left,NGIQ-BR-00000279,0.00012,0.00014,0.00018,1,63.396
NGIQ-BR-00000115,left,NGIQ-BR-00000280,0.0,0.0,0.0,0,66.897
NGIQ-BR-00000115,left,NGIQ-BR-00000281,0.0,0.0,0.0,0,33.086
NGIQ-BR-00000115,left,NGIQ-BR-00000282,0.00292,0.00471,0.01219,25,19.854
NGIQ-BR-00000115,left,NGIQ-BR-00000283,0.0,0.0,0.0,0,96.283
NGIQ-BR-00000115,left,NGIQ-BR-00000284,0.0,0.0,0.0,0,58.853
NGIQ-BR-00000115,left,NGIQ-BR-00000285,0.0,0.0,0.0,0,63.472
NGIQ-BR-00000115,left,NGIQ-BR-00000286,0.0,0.0,0.0,0,62.113
NGIQ-BR-00000115,left,NGIQ-BR-00000287,0.0,0.0,0.0,0,80.654
NGIQ-BR-00000115,left,NGIQ-BR-00000288,0.0,0.0,0.0,0,77.078
NGIQ-BR-00000115,left,NGIQ-BR-00000289,0.0,0.0,0.0,0,74.135
NGIQ-BR-00000115,left,NGIQ-BR-00000290,0.0,0.0,0.0,0,77.957
NGIQ-BR-00000115,left,NGIQ-BR-00000291,0.0,0.0,0.0,0,86.125
NGIQ-BR-00000115,left,NGIQ-BR-00000292,0.0,0.0,0.0,0,70.043
NGIQ-BR-00000115,left,NGIQ-BR-00000293,0.0,0.0,0.0,0,80.558
NGIQ-BR-00000115,left,NGIQ-BR-00000294,0.0,0.0,0.0,0,92.605
NGIQ-BR-00000115,left,NGIQ-BR-00000295,0.0,0.0,0.0,0,97.028
NGIQ-BR-00000115,left,NGIQ-BR-00000296,0.0,0.0,0.0,0,34.85
NGIQ-BR-00000115,left,NGIQ-BR-00000297,0.0,0.0,0.0,0,72.865
NGIQ-BR-00000115,left,NGIQ-BR-00000298,0.0,0.0,0.0,0,43.409
NGIQ-BR-00000115,left,NGIQ-BR-00000299,0.0,0.0,0.0,0,38.042
NGIQ-BR-00000116,right,NGIQ-BR-00000300,0.0,0.0,0.0,0,75.426
NGIQ-BR-00000116,right,NGIQ-BR-00000301,0.0,0.0,0.0,0,88.332
NGIQ-BR-00000116,right,NGIQ-BR-00000302,0.0,0.0,0.0,0,88.068
NGIQ-BR-00000116,right,NGIQ-BR-00000303,0.01931,0.03224,0.09762,172,16.902
NGIQ-BR-00000116,right,NGIQ-BR-00000304,0.2942,0.3244,0.36152,2621,26.998
NGIQ-BR-00000116,right,NGIQ-BR-00000305,0.0,0.0,0.0,0,83.142
NGIQ-BR-00000116,right,NGIQ-BR-00000306,0.01459,0.01521,0.01588,130,21.674
NGIQ-BR-00000116,right,NGIQ-BR-00000307,0.0,0.0,0.0,0,65.148
NGIQ-BR-00000116,right,NGIQ-BR-00000308,0.0,0.0,0.0,0,79.225
NGIQ-BR-00000116,right,NGIQ-BR-00000309,0.0,0.0,0.0,0,52.199
NGIQ-BR-00000116,right,NGIQ-BR-00000310,0.0,0.0,0.0,0,63.092
NGIQ-BR-00000116,right,NGIQ-BR-00000311,0.0,0.0,0.0,0,65.918
NGIQ-BR-00000116,right,NGIQ-BR-00000312,0.0,0.0,0.0,0,32.852
NGIQ-BR-00000116,right,NGIQ-BR-00000313,0.00168,0.00271,0.00701,15,21.141
NGIQ-BR-00000116,right,NGIQ-BR-00000314,0.0,0.0,0.0,0,97.524
NGIQ-BR-00000116,right,NGIQ-BR-00000315,0.0,0.0,0.0,0,59.299
NGIQ-BR-00000116,right,NGIQ-BR-00000316,0.0,0.0,0.0,0,63.947
NGIQ-BR-00000116,right,NGIQ-BR-00000317,0.0,0.0,0.0,0,63.312
NGIQ-BR-00000116,right,NGIQ-BR-00000318,0.0,0.0,0.0,0,80.321
NGIQ-BR-00000116,right,NGIQ-BR-00000319,0.0,0.0,0.0,0,79.561
NGIQ-BR-00000116,right,NGIQ-BR-00000320,0.0,0.0,0.0,0,75.897
NGIQ-BR-00000116,right,NGIQ-BR-00000321,0.0,0.0,0.0,0,78.569
NGIQ-BR-00000116,right,NGIQ-BR-00000322,0.0,0.0,0.0,0,86.458
NGIQ-BR-00000116,right,NGIQ-BR-00000323,0.0,0.0,0.0,0,70.251
NGIQ-BR-00000116,right,NGIQ-BR-00000324,0.0,0.0,0.0,0,80.662
NGIQ-BR-00000116,right,NGIQ-BR-00000325,0.0,0.0,0.0,0,93.756
NGIQ-BR-00000116,right,NGIQ-BR-00000326,0.0,0.0,0.0,0,100.012
NGIQ-BR-00000116,right,NGIQ-BR-00000327,0.0,0.0,0.0,0,35.611
NGIQ-BR-00000116,right,NGIQ-BR-00000328,0.0,0.0,0.0,0,73.911
NGIQ-BR-00000116,right,NGIQ-BR-00000329,0.0,0.0,0.0,0,44.729
NGIQ-BR-00000116,right,NGIQ-BR-00000330,0.0,0.0,0.0,0,38.663
NGIQ-BR-00000117,left,NGIQ-BR-00000269,0.0,0.0,0.0,0,96.922
NGIQ-BR-00000117,left,NGIQ-BR-00000270,0.0,0.0,0.0,0,98.975
NGIQ-BR-00000117,left,NGIQ-BR-00000271,0.0,0.0,0.0,0,45.184
NGIQ-BR-00000117,left,NGIQ-BR-00000272,0.0,0.0,0.0,0,65.435
NGIQ-BR-00000117,left,NGIQ-BR-00000273,0.33485,0.32462,0.31501,2435,24.221
NGIQ-BR-00000117,left,NGIQ-BR-00000274,0.0,0.0,0.0,0,47.27
NGIQ-BR-00000117,left,NGIQ-BR-00000275,0.0,0.0,0.0,0,40.969
NGIQ-BR-00000117,left,NGIQ-BR-00000276,0.0,0.0,0.0,0,44.78
NGIQ-BR-00000117,left,NGIQ-BR-00000277,0.00261,0.00271,0.00282,19,28.789
NGIQ-BR-00000117,left,NGIQ-BR-00000278,0.0,0.0,0.0,0,98.398
NGIQ-BR-00000117,left,NGIQ-BR-00000279,0.00564,0.00632,0.00719,41,21.85
NGIQ-BR-00000117,left,NGIQ-BR-00000280,0.0,0.0,0.0,0,110.348
NGIQ-BR-00000117,left,NGIQ-BR-00000281,0.0,0.0,0.0,0,49.149
NGIQ-BR-00000117,left,NGIQ-BR-00000282,0.0,0.0,0.0,0,37.39
NGIQ-BR-00000117,left,NGIQ-BR-00000283,0.0,0.0,0.0,0,85.162
NGIQ-BR-00000117,left,NGIQ-BR-00000284,0.0,0.0,0.0,0,86.605
NGIQ-BR-00000117,left,NGIQ-BR-00000285,0.0,0.0,0.0,0,108.127
NGIQ-BR-00000117,left,NGIQ-BR-00000286,0.0,0.0,0.0,0,99.563
NGIQ-BR-00000117,left,NGIQ-BR-00000287,0.0,0.0,0.0,0,34.913
NGIQ-BR-00000117,left,NGIQ-BR-00000288,0.0,0.0,0.0,0,72.438
NGIQ-BR-00000117,left,NGIQ-BR-00000289,0.0,0.0,0.0,0,73.816
NGIQ-BR-00000117,left,NGIQ-BR-00000290,0.0,0.0,0.0,0,81.112
NGIQ-BR-00000117,left,NGIQ-BR-00000291,0.0,0.0,0.0,0,57.696
NGIQ-BR-00000117,left,NGIQ-BR-00000292,0.0,0.0,0.0,0,106.4
NGIQ-BR-00000117,left,NGIQ-BR-00000293,0.0,0.0,0.0,0,116.46
NGIQ-BR-00000117,left,NGIQ-BR-00000294,0.0,0.0,0.0,0,113.623
NGIQ-BR-00000117,left,NGIQ-BR-00000295,0.0,0.0,0.0,0,65.039
NGIQ-BR-00000117,left,NGIQ-BR-00000296,0.0,0.0,0.0,0,59.916
NGIQ-BR-00000117,left,NGIQ-BR-00000297,0.0,0.0,0.0,0,58.511
NGIQ-BR-00000117,left,NGIQ-BR-00000298,0.0,0.0,0.0,0,48.846
NGIQ-BR-00000117,left,NGIQ-BR-00000299,0.0,0.0,0.0,0,67.016
NGIQ-BR-00000118,right,NGIQ-BR-00000300,0.0,0.0,0.0,0,95.202
NGIQ-BR-00000118,right,NGIQ-BR-00000301,0.0,0.0,0.0,0,98.217
NGIQ-BR-00000118,right,NGIQ-BR-00000302,0.0,0.0,0.0,0,44.2
NGIQ-BR-00000118,right,NGIQ-BR-00000303,0.0,0.0,0.0,0,64.853
NGIQ-BR-00000118,right,NGIQ-BR-00000304,0.33738,0.31898,0.30248,2193,25.157
NGIQ-BR-00000118,right,NGIQ-BR-00000305,0.0,0.0,0.0,0,47.054
NGIQ-BR-00000118,right,NGIQ-BR-00000306,0.0,0.0,0.0,0,44.058
NGIQ-BR-00000118,right,NGIQ-BR-00000307,0.0,0.0,0.0,0,42.557
NGIQ-BR-00000118,right,NGIQ-BR-00000308,0.00354,0.00343,0.00333,23,27.513
NGIQ-BR-00000118,right,NGIQ-BR-00000309,0.0,0.0,0.0,0,96.282
NGIQ-BR-00000118,right,NGIQ-BR-00000310,0.00062,0.00067,0.00073,4,20.375
NGIQ-BR-00000118,right,NGIQ-BR-00000311,0.0,0.0,0.0,0,107.606
NGIQ-BR-00000118,right,NGIQ-BR-00000312,0.0,0.0,0.0,0,50.23
NGIQ-BR-00000118,right,NGIQ-BR-00000313,0.0,0.0,0.0,0,36.18
NGIQ-BR-00000118,right,NGIQ-BR-00000314,0.0,0.0,0.0,0,84.5
NGIQ-BR-00000118,right,NGIQ-BR-00000315,0.0,0.0,0.0,0,85.438
NGIQ-BR-00000118,right,NGIQ-BR-00000316,0.0,0.0,0.0,0,107.442
NGIQ-BR-00000118,right,NGIQ-BR-00000317,0.0,0.0,0.0,0,98.42
NGIQ-BR-00000118,right,NGIQ-BR-00000318,0.0,0.0,0.0,0,33.32
NGIQ-BR-00000118,right,NGIQ-BR-00000319,0.0,0.0,0.0,0,73.094
NGIQ-BR-00000118,right,NGIQ-BR-00000320,0.0,0.0,0.0,0,71.872
NGIQ-BR-00000118,right,NGIQ-BR-00000321,0.0,0.0,0.0,0,80.191
NGIQ-BR-00000118,right,NGIQ-BR-00000322,0.0,0.0,0.0,0,55.564
NGIQ-BR-00000118,right,NGIQ-BR-00000323,0.0,0.0,0.0,0,103.976
NGIQ-BR-00000118,right,NGIQ-BR-00000324,0.0,0.0,0.0,0,115.199
NGIQ-BR-00000118,right,NGIQ-BR-00000325,0.0,0.0,0.0,0,112.703
NGIQ-BR-00000118,right,NGIQ-BR-00000326,0.0,0.0,0.0,0,65.796
NGIQ-BR-00000118,right,NGIQ-BR-00000327,0.0,0.0,0.0,0,62.285
NGIQ-BR-00000118,right,NGIQ-BR-00000328,0.0,0.0,0.0,0,61.418
NGIQ-BR-00000118,right,NGIQ-BR-00000329,0.0,0.0,0.0,0,50.949
NGIQ-BR-00000118,right,NGIQ-BR-00000330,0.0,0.0,0.0,0,66.056
NGIQ-BR-00000119,left,NGIQ-BR-00000269,0.0,0.0,0.0,0,90.203
NGIQ-BR-00000119,left,NGIQ-BR-00000270,0.0,0.0,0.0,0,90.937
NGIQ-BR-00000119,left,NGIQ-BR-00000271,0.0,0.0,0.0,0,59.951
NGIQ-BR-00000119,left,NGIQ-BR-00000272,0.0,0.0,0.0,0,54.09
NGIQ-BR-00000119,left,NGIQ-BR-00000273,0.2813,0.28729,0.29353,2269,12.229
NGIQ-BR-00000119,left,NGIQ-BR-00000274,0.0,0.0,0.0,0,53.056
NGIQ-BR-00000119,left,NGIQ-BR-00000275,0.05257,0.05216,0.05176,424,23.177
NGIQ-BR-00000119,left,NGIQ-BR-00000276,0.0,0.0,0.0,0,50.041
NGIQ-BR-00000119,left,NGIQ-BR-00000277,0.00967,0.01054,0.01159,78,44.786
NGIQ-BR-00000119,left,NGIQ-BR-00000278,0.0,0.0,0.0,0,85.794
NGIQ-BR-00000119,left,NGIQ-BR-00000279,0.0,0.0,0.0,0,37.487
NGIQ-BR-00000119,left,NGIQ-BR-00000280,0.0,0.0,0.0,0,99.952
NGIQ-BR-00000119,left,NGIQ-BR-00000281,0.0,0.0,0.0,0,31.298
NGIQ-BR-00000119,left,NGIQ-BR-00000282,0.0,0.0,0.0,0,28.913
NGIQ-BR-00000119,left,NGIQ-BR-00000283,0.0,0.0,0.0,0,86.922
NGIQ-BR-00000119,left,NGIQ-BR-00000284,0.0,0.0,0.0,0,73.378
NGIQ-BR-00000119,left,NGIQ-BR-00000285,0.0,0.0,0.0,0,93.406
NGIQ-BR-00000119,left,NGIQ-BR-00000286,0.0,0.0,0.0,0,85.327
NGIQ-BR-00000119,left,NGIQ-BR-00000287,0.0,0.0,0.0,0,51.627
NGIQ-BR-00000119,left,NGIQ-BR-00000288,0.0,0.0,0.0,0,66.565
NGIQ-BR-00000119,left,NGIQ-BR-00000289,0.0,0.0,0.0,0,72.795
NGIQ-BR-00000119,left,NGIQ-BR-00000290,0.0,0.0,0.0,0,74.251
NGIQ-BR-00000119,left,NGIQ-BR-00000291,0.0,0.0,0.0,0,65.472
NGIQ-BR-00000119,left,NGIQ-BR-00000292,0.0,0.0,0.0,0,97.068
NGIQ-BR-00000119,left,NGIQ-BR-00000293,0.0,0.0,0.0,0,104.289
NGIQ-BR-00000119,left,NGIQ-BR-00000294,0.0,0.0,0.0,0,106.489
NGIQ-BR-00000119,left,NGIQ-BR-00000295,0.0,0.0,0.0,0,72.129
NGIQ-BR-00000119,left,NGIQ-BR-00000296,0.0,0.0,0.0,0,43.973
NGIQ-BR-00000119,left,NGIQ-BR-00000297,0.0,0.0,0.0,0,53.174
NGIQ-BR-00000119,left,NGIQ-BR-00000298,0.0,0.0,0.0,0,37.813
NGIQ-BR-00000119,left,NGIQ-BR-00000299,0.0,0.0,0.0,0,54.584
NGIQ-BR-00000120,right,NGIQ-BR-00000300,0.0,0.0,0.0,0,90.598
NGIQ-BR-00000120,right,NGIQ-BR-00000301,0.0,0.0,0.0,0,92.669
NGIQ-BR-00000120,right,NGIQ-BR-00000302,0.0,0.0,0.0,0,59.806
NGIQ-BR-00000120,right,NGIQ-BR-00000303,0.0,0.0,0.0,0,53.903
NGIQ-BR-00000120,right,NGIQ-BR-00000304,0.30636,0.29054,0.27628,2003,13.063
NGIQ-BR-00000120,right,NGIQ-BR-00000305,0.0,0.0,0.0,0,52.844
NGIQ-BR-00000120,right,NGIQ-BR-00000306,0.04925,0.04374,0.03933,322,26.6
NGIQ-BR-00000120,right,NGIQ-BR-00000307,0.0,0.0,0.0,0,49.961
NGIQ-BR-00000120,right,NGIQ-BR-00000308,0.00184,0.00179,0.00174,12,42.616
NGIQ-BR-00000120,right,NGIQ-BR-00000309,0.0,0.0,0.0,0,84.854
NGIQ-BR-00000120,right,NGIQ-BR-00000310,0.0,0.0,0.0,0,36.48
NGIQ-BR-00000120,right,NGIQ-BR-00000311,0.0,0.0,0.0,0,98.401
NGIQ-BR-00000120,right,NGIQ-BR-00000312,0.0,0.0,0.0,0,33.328
NGIQ-BR-00000120,right,NGIQ-BR-00000313,0.0,0.0,0.0,0,28.247
NGIQ-BR-00000120,right,NGIQ-BR-00000314,0.0,0.0,0.0,0,88.424
NGIQ-BR-00000120,right,NGIQ-BR-00000315,0.0,0.0,0.0,0,73.877
NGIQ-BR-00000120,right,NGIQ-BR-00000316,0.0,0.0,0.0,0,93.927
NGIQ-BR-00000120,right,NGIQ-BR-00000317,0.0,0.0,0.0,0,85.705
NGIQ-BR-00000120,right,NGIQ-BR-00000318,0.0,0.0,0.0,0,50.397
NGIQ-BR-00000120,right,NGIQ-BR-00000319,0.0,0.0,0.0,0,69.75
NGIQ-BR-00000120,right,NGIQ-BR-00000320,0.0,0.0,0.0,0,73.373
NGIQ-BR-00000120,right,NGIQ-BR-00000321,0.0,0.0,0.0,0,75.412
NGIQ-BR-00000120,right,NGIQ-BR-00000322,0.0,0.0,0.0,0,65.344
NGIQ-BR-00000120,right,NGIQ-BR-00000323,0.0,0.0,0.0,0,96.262
NGIQ-BR-00000120,right,NGIQ-BR-00000324,0.0,0.0,0.0,0,104.609
NGIQ-BR-00000120,right,NGIQ-BR-00000325,0.0,0.0,0.0,0,107.61
NGIQ-BR-00000120,right,NGIQ-BR-00000326,0.0,0.0,0.0,0,74.937
NGIQ-BR-00000120,right,NGIQ-BR-00000327,0.0,0.0,0.0,0,47.577
NGIQ-BR-00000120,right,NGIQ-BR-00000328,0.0,0.0,0.0,0,57.452
NGIQ-BR-00000120,right,NGIQ-BR-00000329,0.0,0.0,0.0,0,41.197
NGIQ-BR-00000120,right,NGIQ-BR-00000330,0.0,0.0,0.0,0,55.048
NGIQ-BR-00000121,left,NGIQ-BR-00000269,0.0,0.0,0.0,0,69.509
NGIQ-BR-00000121,left,NGIQ-BR-00000270,0.0,0.0,0.0,0,86.075
NGIQ-BR-00000121,left,NGIQ-BR-00000271,0.0,0.0,0.0,0,94.038
NGIQ-BR-00000121,left,NGIQ-BR-00000272,0.38024,0.32883,0.28966,535,5.757
NGIQ-BR-00000121,left,NGIQ-BR-00000273,0.00071,0.00022,0.00013,1,37.941
NGIQ-BR-00000121,left,NGIQ-BR-00000274,0.0,0.0,0.0,0,92.723
NGIQ-BR-00000121,left,NGIQ-BR-00000275,0.0,0.0,0.0,0,34.914
NGIQ-BR-00000121,left,NGIQ-BR-00000276,0.0,0.0,0.0,0,68.623
NGIQ-BR-00000121,left,NGIQ-BR-00000277,0.0,0.0,0.0,0,89.661
NGIQ-BR-00000121,left,NGIQ-BR-00000278,0.0,0.0,0.0,0,44.188
NGIQ-BR-00000121,left,NGIQ-BR-00000279,0.0,0.0,0.0,0,70.745
NGIQ-BR-00000121,left,NGIQ-BR-00000280,0.0,0.0,0.0,0,57.096
NGIQ-BR-00000121,left,NGIQ-BR-00000281,0.0,0.0,0.0,0,41.512
NGIQ-BR-00000121,left,NGIQ-BR-00000282,0.00426,0.00347,0.00293,6,26.223
NGIQ-BR-00000121,left,NGIQ-BR-00000283,0.0,0.0,0.0,0,98.362
NGIQ-BR-00000121,left,NGIQ-BR-00000284,0.0,0.0,0.0,0,57.638
NGIQ-BR-00000121,left,NGIQ-BR-00000285,0.0,0.0,0.0,0,56.846
NGIQ-BR-00000121,left,NGIQ-BR-00000286,0.0,0.0,0.0,0,57.884
NGIQ-BR-00000121,left,NGIQ-BR-00000287,0.0,0.0,0.0,0,88.102
NGIQ-BR-00000121,left,NGIQ-BR-00000288,0.0,0.0,0.0,0,81.179
NGIQ-BR-00000121,left,NGIQ-BR-00000289,0.0,0.0,0.0,0,74.763
NGIQ-BR-00000121,left,NGIQ-BR-00000290,0.0,0.0,0.0,0,80.187
NGIQ-BR-00000121,left,NGIQ-BR-00000291,0.0,0.0,0.0,0,91.226
NGIQ-BR-00000121,left,NGIQ-BR-00000292,0.0,0.0,0.0,0,62.187
NGIQ-BR-00000121,left,NGIQ-BR-00000293,0.0,0.0,0.0,0,74.672
NGIQ-BR-00000121,left,NGIQ-BR-00000294,0.0,0.0,0.0,0,88.598
NGIQ-BR-00000121,left,NGIQ-BR-00000295,0.0,0.0,0.0,0,103.105
NGIQ-BR-00000121,left,NGIQ-BR-00000296,0.0,0.0,0.0,0,39.132
NGIQ-BR-00000121,left,NGIQ-BR-00000297,0.0,0.0,0.0,0,79.497
NGIQ-BR-00000121,left,NGIQ-BR-00000298,0.0,0.0,0.0,0,48.94
NGIQ-BR-00000121,left,NGIQ-BR-00000299,0.0,0.0,0.0,0,37.518
NGIQ-BR-00000122,right,NGIQ-BR-00000300,0.0,0.0,0.0,0,70.65
NGIQ-BR-00000122,right,NGIQ-BR-00000301,0.0,0.0,0.0,0,87.087
NGIQ-BR-00000122,right,NGIQ-BR-00000302,0.0,0.0,0.0,0,91.84
NGIQ-BR-00000122,right,NGIQ-BR-00000303,0.34937,0.28096,0.23496,414,7.731
NGIQ-BR-00000122,right,NGIQ-BR-00000304,0.01097,0.00308,0.00179,13,34.216
NGIQ-BR-00000122,right,NGIQ-BR-00000305,0.0,0.0,0.0,0,88.528
NGIQ-BR-00000122,right,NGIQ-BR-00000306,0.0,0.0,0.0,0,30.55
NGIQ-BR-00000122,right,NGIQ-BR-00000307,0.0,0.0,0.0,0,66.796
NGIQ-BR-00000122,right,NGIQ-BR-00000308,0.0,0.0,0.0,0,85.695
NGIQ-BR-00000122,right,NGIQ-BR-00000309,0.0,0.0,0.0,0,45.202
NGIQ-BR-00000122,right,NGIQ-BR-00000310,0.0,0.0,0.0,0,67.344
NGIQ-BR-00000122,right,NGIQ-BR-00000311,0.0,0.0,0.0,0,57.682
NGIQ-BR-00000122,right,NGIQ-BR-00000312,0.0,0.0,0.0,0,39.82
NGIQ-BR-00000122,right,NGIQ-BR-00000313,0.0557,0.03969,0.03083,66,24.434
NGIQ-BR-00000122,right,NGIQ-BR-00000314,0.0,0.0,0.0,0,97.353
NGIQ-BR-00000122,right,NGIQ-BR-00000315,0.0,0.0,0.0,0,58.187
NGIQ-BR-00000122,right,NGIQ-BR-00000316,0.0,0.0,0.0,0,59.164
NGIQ-BR-00000122,right,NGIQ-BR-00000317,0.0,0.0,0.0,0,60.362
NGIQ-BR-00000122,right,NGIQ-BR-00000318,0.0,0.0,0.0,0,84.746
NGIQ-BR-00000122,right,NGIQ-BR-00000319,0.0,0.0,0.0,0,81.683
NGIQ-BR-00000122,right,NGIQ-BR-00000320,0.0,0.0,0.0,0,74.727
NGIQ-BR-00000122,right,NGIQ-BR-00000321,0.0,0.0,0.0,0,79.331
NGIQ-BR-00000122,right,NGIQ-BR-00000322,0.0,0.0,0.0,0,88.799
NGIQ-BR-00000122,right,NGIQ-BR-00000323,0.0,0.0,0.0,0,63.294
NGIQ-BR-00000122,right,NGIQ-BR-00000324,0.0,0.0,0.0,0,75.718
NGIQ-BR-00000122,right,NGIQ-BR-00000325,0.0,0.0,0.0,0,89.409
NGIQ-BR-00000122,right,NGIQ-BR-00000326,0.0,0.0,0.0,0,103.317
NGIQ-BR-00000122,right,NGIQ-BR-00000327,0.0,0.0,0.0,0,38.522
NGIQ-BR-00000122,right,NGIQ-BR-00000328,0.0,0.0,0.0,0,77.974
NGIQ-BR-00000122,right,NGIQ-BR-00000329,0.0,0.0,0.0,0,48.103
NGIQ-BR-00000122,right,NGIQ-BR-00000330,0.0,0.0,0.0,0,37.552
NGIQ-BR-00000123,left,NGIQ-BR-00000269,0.0,0.0,0.0,0,71.403
NGIQ-BR-00000123,left,NGIQ-BR-00000270,0.0,0.0,0.0,0,84.394
NGIQ-BR-00000123,left,NGIQ-BR-00000271,0.0,0.0,0.0,0,74.741
NGIQ-BR-00000123,left,NGIQ-BR-00000272,0.0319,0.0258,0.02166,40,23.673
NGIQ-BR-00000123,left,NGIQ-BR-00000273,0.00638,0.00178,0.00103,8,20.098
NGIQ-BR-00000123,left,NGIQ-BR-00000274,0.0,0.0,0.0,0,75.349
NGIQ-BR-00000123,left,NGIQ-BR-00000275,0.0,0.0,0.0,0,26.958
NGIQ-BR-00000123,left,NGIQ-BR-00000276,0.0,0.0,0.0,0,52.437
NGIQ-BR-00000123,left,NGIQ-BR-00000277,0.0,0.0,0.0,0,69.98
NGIQ-BR-00000123,left,NGIQ-BR-00000278,0.0,0.0,0.0,0,59.202
NGIQ-BR-00000123,left,NGIQ-BR-00000279,0.0,0.0,0.0,0,50.916
NGIQ-BR-00000123,left,NGIQ-BR-00000280,0.0,0.0,0.0,0,71.068
NGIQ-BR-00000123,left,NGIQ-BR-00000281,0.0,0.0,0.0,0,36.325
NGIQ-BR-00000123,left,NGIQ-BR-00000282,0.47687,0.36188,0.29157,598,7.294
NGIQ-BR-00000123,left,NGIQ-BR-00000283,0.0,0.0,0.0,0,87.428
NGIQ-BR-00000123,left,NGIQ-BR-00000284,0.0,0.0,0.0,0,61.72
NGIQ-BR-00000123,left,NGIQ-BR-00000285,0.0,0.0,0.0,0,71.601
NGIQ-BR-00000123,left,NGIQ-BR-00000286,0.0,0.0,0.0,0,67.932
NGIQ-BR-00000123,left,NGIQ-BR-00000287,0.0,0.0,0.0,0,68.283
NGIQ-BR-00000123,left,NGIQ-BR-00000288,0.0,0.0,0.0,0,72.324
NGIQ-BR-00000123,left,NGIQ-BR-00000289,0.0,0.0,0.0,0,65.957
NGIQ-BR-00000123,left,NGIQ-BR-00000290,0.0,0.0,0.0,0,74.123
NGIQ-BR-00000123,left,NGIQ-BR-00000291,0.0,0.0,0.0,0,74.709
NGIQ-BR-00000123,left,NGIQ-BR-00000292,0.0,0.0,0.0,0,71.585
NGIQ-BR-00000123,left,NGIQ-BR-00000293,0.0,0.0,0.0,0,84.478
NGIQ-BR-00000123,left,NGIQ-BR-00000294,0.0,0.0,0.0,0,90.777
NGIQ-BR-00000123,left,NGIQ-BR-00000295,0.0,0.0,0.0,0,86.57
NGIQ-BR-00000123,left,NGIQ-BR-00000296,0.0,0.0,0.0,0,38.375
NGIQ-BR-00000123,left,NGIQ-BR-00000297,0.0,0.0,0.0,0,67.614
NGIQ-BR-00000123,left,NGIQ-BR-00000298,0.0,0.0,0.0,0,39.548
NGIQ-BR-00000123,left,NGIQ-BR-00000299,0.0,0.0,0.0,0,38.967
NGIQ-BR-00000124,right,NGIQ-BR-00000300,0.0,0.0,0.0,0,72.185
NGIQ-BR-00000124,right,NGIQ-BR-00000301,0.0,0.0,0.0,0,85.379
NGIQ-BR-00000124,right,NGIQ-BR-00000302,0.0,0.0,0.0,0,75.811
NGIQ-BR-00000124,right,NGIQ-BR-00000303,0.00633,0.00566,0.00511,9,23.079
NGIQ-BR-00000124,right,NGIQ-BR-00000304,0.01267,0.00415,0.00248,18,18.769
NGIQ-BR-00000124,right,NGIQ-BR-00000305,0.0,0.0,0.0,0,74.081
NGIQ-BR-00000124,right,NGIQ-BR-00000306,0.0,0.0,0.0,0,24.903
NGIQ-BR-00000124,right,NGIQ-BR-00000307,0.0,0.0,0.0,0,53.361
NGIQ-BR-00000124,right,NGIQ-BR-00000308,0.0,0.0,0.0,0,69.094
NGIQ-BR-00000124,right,NGIQ-BR-00000309,0.0,0.0,0.0,0,57.67
NGIQ-BR-00000124,right,NGIQ-BR-00000310,0.0,0.0,0.0,0,50.88
NGIQ-BR-00000124,right,NGIQ-BR-00000311,0.0,0.0,0.0,0,69.468
NGIQ-BR-00000124,right,NGIQ-BR-00000312,0.0,0.0,0.0,0,35.311
NGIQ-BR-00000124,right,NGIQ-BR-00000313,0.46728,0.37282,0.31014,664,8.842
NGIQ-BR-00000124,right,NGIQ-BR-00000314,0.0,0.0,0.0,0,88.497
NGIQ-BR-00000124,right,NGIQ-BR-00000315,0.0,0.0,0.0,0,61.261
NGIQ-BR-00000124,right,NGIQ-BR-00000316,0.0,0.0,0.0,0,71.175
NGIQ-BR-00000124,right,NGIQ-BR-00000317,0.0,0.0,0.0,0,67.997
NGIQ-BR-00000124,right,NGIQ-BR-00000318,0.0,0.0,0.0,0,68.248
NGIQ-BR-00000124,right,NGIQ-BR-00000319,0.0,0.0,0.0,0,74.065
NGIQ-BR-00000124,right,NGIQ-BR-00000320,0.0,0.0,0.0,0,67.307
NGIQ-BR-00000124,right,NGIQ-BR-00000321,0.0,0.0,0.0,0,74.182
NGIQ-BR-00000124,right,NGIQ-BR-00000322,0.0,0.0,0.0,0,75.006
NGIQ-BR-00000124,right,NGIQ-BR-00000323,0.0,0.0,0.0,0,71.044
NGIQ-BR-00000124,right,NGIQ-BR-00000324,0.0,0.0,0.0,0,83.936
NGIQ-BR-00000124,right,NGIQ-BR-00000325,0.0,0.0,0.0,0,91.45
NGIQ-BR-00000124,right,NGIQ-BR-00000326,0.0,0.0,0.0,0,89.386
NGIQ-BR-00000124,right,NGIQ-BR-00000327,0.0,0.0,0.0,0,38.794
NGIQ-BR-00000124,right,NGIQ-BR-00000328,0.0,0.0,0.0,0,68.431
NGIQ-BR-00000124,right,NGIQ-BR-00000329,0.0,0.0,0.0,0,40.927
NGIQ-BR-00000124,right,NGIQ-BR-00000330,0.0,0.0,0.0,0,38.771
NGIQ-BR-00000125,left,NGIQ-BR-00000269,0.0,0.0,0.0,0,71.036
NGIQ-BR-00000125,left,NGIQ-BR-00000270,0.0,0.0,0.0,0,79.742
NGIQ-BR-00000125,left,NGIQ-BR-00000271,0.0,0.0,0.0,0,65.789
NGIQ-BR-00000125,left,NGIQ-BR-00000272,0.0,0.0,0.0,0,33.865
NGIQ-BR-00000125,left,NGIQ-BR-00000273,0.0692,0.0205,0.01203,93,13.005
NGIQ-BR-00000125,left,NGIQ-BR-00000274,0.0,0.0,0.0,0,64.179
NGIQ-BR-00000125,left,NGIQ-BR-00000275,0.0,0.0,0.0,0,24.321
NGIQ-BR-00000125,left,NGIQ-BR-00000276,0.0,0.0,0.0,0,44.169
NGIQ-BR-00000125,left,NGIQ-BR-00000277,0.0,0.0,0.0,0,60.92
NGIQ-BR-00000125,left,NGIQ-BR-00000278,0.0,0.0,0.0,0,65.068
NGIQ-BR-00000125,left,NGIQ-BR-00000279,0.0,0.0,0.0,0,42.933
NGIQ-BR-00000125,left,NGIQ-BR-00000280,0.0,0.0,0.0,0,77.508
NGIQ-BR-00000125,left,NGIQ-BR-00000281,0.0,0.0,0.0,0,31.98
NGIQ-BR-00000125,left,NGIQ-BR-00000282,0.39435,0.31222,0.25841,530,6.0
NGIQ-BR-00000125,left,NGIQ-BR-00000283,0.0,0.0,0.0,0,79.884
NGIQ-BR-00000125,left,NGIQ-BR-00000284,0.0,0.0,0.0,0,60.075
NGIQ-BR-00000125,left,NGIQ-BR-00000285,0.0,0.0,0.0,0,75.936
NGIQ-BR-00000125,left,NGIQ-BR-00000286,0.0,0.0,0.0,0,69.467
NGIQ-BR-00000125,left,NGIQ-BR-00000287,0.0,0.0,0.0,0,59.778
NGIQ-BR-00000125,left,NGIQ-BR-00000288,0.0,0.0,0.0,0,63.774
NGIQ-BR-00000125,left,NGIQ-BR-00000289,0.0,0.0,0.0,0,60.286
NGIQ-BR-00000125,left,NGIQ-BR-00000290,0.0,0.0,0.0,0,67.155
NGIQ-BR-00000125,left,NGIQ-BR-00000291,0.0,0.0,0.0,0,65.352
NGIQ-BR-00000125,left,NGIQ-BR-00000292,0.0,0.0,0.0,0,75.291
NGIQ-BR-00000125,left,NGIQ-BR-00000293,0.0,0.0,0.0,0,86.253
NGIQ-BR-00000125,left,NGIQ-BR-00000294,0.0,0.0,0.0,0,89.384
NGIQ-BR-00000125,left,NGIQ-BR-00000295,0.0,0.0,0.0,0,76.25
NGIQ-BR-00000125,left,NGIQ-BR-00000296,0.0,0.0,0.0,0,35.323
NGIQ-BR-00000125,left,NGIQ-BR-00000297,0.0,0.0,0.0,0,57.496
NGIQ-BR-00000125,left,NGIQ-BR-00000298,0.0,0.0,0.0,0,31.481
NGIQ-BR-00000125,left,NGIQ-BR-00000299,0.0,0.0,0.0,0,37.835
NGIQ-BR-00000126,right,NGIQ-BR-00000300,0.0,0.0,0.0,0,71.294
NGIQ-BR-00000126,right,NGIQ-BR-00000301,0.0,0.0,0.0,0,80.239
NGIQ-BR-00000126,right,NGIQ-BR-00000302,0.0,0.0,0.0,0,66.003
NGIQ-BR-00000126,right,NGIQ-BR-00000303,0.0,0.0,0.0,0,33.932
NGIQ-BR-00000126,right,NGIQ-BR-00000304,0.09942,0.02858,0.01669,121,11.839
NGIQ-BR-00000126,right,NGIQ-BR-00000305,0.0,0.0,0.0,0,62.133
NGIQ-BR-00000126,right,NGIQ-BR-00000306,0.0,0.0,0.0,0,24.093
NGIQ-BR-00000126,right,NGIQ-BR-00000307,0.0,0.0,0.0,0,44.343
NGIQ-BR-00000126,right,NGIQ-BR-00000308,0.0,0.0,0.0,0,59.263
NGIQ-BR-00000126,right,NGIQ-BR-00000309,0.0,0.0,0.0,0,63.815
NGIQ-BR-00000126,right,NGIQ-BR-00000310,0.0,0.0,0.0,0,42.189
NGIQ-BR-00000126,right,NGIQ-BR-00000311,0.0,0.0,0.0,0,76.027
NGIQ-BR-00000126,right,NGIQ-BR-00000312,0.0,0.0,0.0,0,31.158
NGIQ-BR-00000126,right,NGIQ-BR-00000313,0.35086,0.25432,0.19944,427,6.207
NGIQ-BR-00000126,right,NGIQ-BR-00000314,0.0,0.0,0.0,0,80.402
NGIQ-BR-00000126,right,NGIQ-BR-00000315,0.0,0.0,0.0,0,59.446
NGIQ-BR-00000126,right,NGIQ-BR-00000316,0.0,0.0,0.0,0,75.747
NGIQ-BR-00000126,right,NGIQ-BR-00000317,0.0,0.0,0.0,0,69.228
NGIQ-BR-00000126,right,NGIQ-BR-00000318,0.0,0.0,0.0,0,58.912
NGIQ-BR-00000126,right,NGIQ-BR-00000319,0.0,0.0,0.0,0,64.988
NGIQ-BR-00000126,right,NGIQ-BR-00000320,0.0,0.0,0.0,0,60.843
NGIQ-BR-00000126,right,NGIQ-BR-00000321,0.0,0.0,0.0,0,66.757
NGIQ-BR-00000126,right,NGIQ-BR-00000322,0.0,0.0,0.0,0,64.899
NGIQ-BR-00000126,right,NGIQ-BR-00000323,0.0,0.0,0.0,0,74.468
NGIQ-BR-00000126,right,NGIQ-BR-00000324,0.0,0.0,0.0,0,85.801
NGIQ-BR-00000126,right,NGIQ-BR-00000325,0.0,0.0,0.0,0,89.811
NGIQ-BR-00000126,right,NGIQ-BR-00000326,0.0,0.0,0.0,0,78.319
NGIQ-BR-00000126,right,NGIQ-BR-00000327,0.0,0.0,0.0,0,36.52
NGIQ-BR-00000126,right,NGIQ-BR-00000328,0.0,0.0,0.0,0,58.076
NGIQ-BR-00000126,right,NGIQ-BR-00000329,0.0,0.0,0.0,0,32.914
NGIQ-BR-00000126,right,NGIQ-BR-00000330,0.0,0.0,0.0,0,37.511
NGIQ-BR-00000127,left,NGIQ-BR-00000269,0.0,0.0,0.0,0,65.616
NGIQ-BR-00000127,left,NGIQ-BR-00000270,0.0,0.0,0.0,0,84.361
NGIQ-BR-00000127,left,NGIQ-BR-00000271,0.0,0.0,0.0,0,86.091
NGIQ-BR-00000127,left,NGIQ-BR-00000272,0.31234,0.28403,0.26042,481,11.071
NGIQ-BR-00000127,left,NGIQ-BR-00000273,0.0,0.0,0.0,0,35.234
NGIQ-BR-00000127,left,NGIQ-BR-00000274,0.0,0.0,0.0,0,88.066
NGIQ-BR-00000127,left,NGIQ-BR-00000275,0.0,0.0,0.0,0,38.071
NGIQ-BR-00000127,left,NGIQ-BR-00000276,0.0,0.0,0.0,0,60.49
NGIQ-BR-00000127,left,NGIQ-BR-00000277,0.0,0.0,0.0,0,84.256
NGIQ-BR-00000127,left,NGIQ-BR-00000278,0.0,0.0,0.0,0,47.492
NGIQ-BR-00000127,left,NGIQ-BR-00000279,0.0,0.0,0.0,0,63.264
NGIQ-BR-00000127,left,NGIQ-BR-00000280,0.0,0.0,0.0,0,57.725
NGIQ-BR-00000127,left,NGIQ-BR-00000281,0.0,0.0,0.0,0,45.386
NGIQ-BR-00000127,left,NGIQ-BR-00000282,0.2026,0.17377,0.15212,312,20.206
NGIQ-BR-00000127,left,NGIQ-BR-00000283,0.0,0.0,0.0,0,91.731
NGIQ-BR-00000127,left,NGIQ-BR-00000284,0.0,0.0,0.0,0,59.781
NGIQ-BR-00000127,left,NGIQ-BR-00000285,0.0,0.0,0.0,0,62.49
NGIQ-BR-00000127,left,NGIQ-BR-00000286,0.0,0.0,0.0,0,61.938
NGIQ-BR-00000127,left,NGIQ-BR-00000287,0.0,0.0,0.0,0,80.565
NGIQ-BR-00000127,left,NGIQ-BR-00000288,0.0,0.0,0.0,0,78.705
NGIQ-BR-00000127,left,NGIQ-BR-00000289,0.0,0.0,0.0,0,67.995
NGIQ-BR-00000127,left,NGIQ-BR-00000290,0.0,0.0,0.0,0,77.831
NGIQ-BR-00000127,left,NGIQ-BR-00000291,0.0,0.0,0.0,0,83.656
NGIQ-BR-00000127,left,NGIQ-BR-00000292,0.0,0.0,0.0,0,60.901
NGIQ-BR-00000127,left,NGIQ-BR-00000293,0.0,0.0,0.0,0,76.533
NGIQ-BR-00000127,left,NGIQ-BR-00000294,0.0,0.0,0.0,0,85.795
NGIQ-BR-00000127,left,NGIQ-BR-00000295,0.0,0.0,0.0,0,96.682
NGIQ-BR-00000127,left,NGIQ-BR-00000296,0.0,0.0,0.0,0,42.613
NGIQ-BR-00000127,left,NGIQ-BR-00000297,0.0,0.0,0.0,0,77.439
NGIQ-BR-00000127,left,NGIQ-BR-00000298,0.0,0.0,0.0,0,47.417
NGIQ-BR-00000127,left,NGIQ-BR-00000299,0.0,0.0,0.0,0,37.756
NGIQ-BR-00000128,right,NGIQ-BR-00000300,0.0,0.0,0.0,0,65.808
NGIQ-BR-00000128,right,NGIQ-BR-00000301,0.0,0.0,0.0,0,85.003
NGIQ-BR-00000128,right,NGIQ-BR-00000302,0.0,0.0,0.0,0,86.74
NGIQ-BR-00000128,right,NGIQ-BR-00000303,0.30118,0.24185,0.20204,356,10.244
NGIQ-BR-00000128,right,NGIQ-BR-00000304,0.0,0.0,0.0,0,34.672
NGIQ-BR-00000128,right,NGIQ-BR-00000305,0.0,0.0,0.0,0,86.632
NGIQ-BR-00000128,right,NGIQ-BR-00000306,0.0,0.0,0.0,0,36.632
NGIQ-BR-00000128,right,NGIQ-BR-00000307,0.0,0.0,0.0,0,60.813
NGIQ-BR-00000128,right,NGIQ-BR-00000308,0.0,0.0,0.0,0,83.64
NGIQ-BR-00000128,right,NGIQ-BR-00000309,0.0,0.0,0.0,0,45.705
NGIQ-BR-00000128,right,NGIQ-BR-00000310,0.0,0.0,0.0,0,62.84
NGIQ-BR-00000128,right,NGIQ-BR-00000311,0.0,0.0,0.0,0,55.543
NGIQ-BR-00000128,right,NGIQ-BR-00000312,0.0,0.0,0.0,0,45.307
NGIQ-BR-00000128,right,NGIQ-BR-00000313,0.14636,0.10412,0.0808,173,21.473
NGIQ-BR-00000128,right,NGIQ-BR-00000314,0.0,0.0,0.0,0,91.773
NGIQ-BR-00000128,right,NGIQ-BR-00000315,0.0,0.0,0.0,0,59.633
NGIQ-BR-00000128,right,NGIQ-BR-00000316,0.0,0.0,0.0,0,62.254
NGIQ-BR-00000128,right,NGIQ-BR-00000317,0.0,0.0,0.0,0,62.653
NGIQ-BR-00000128,right,NGIQ-BR-00000318,0.0,0.0,0.0,0,80.22
NGIQ-BR-00000128,right,NGIQ-BR-00000319,0.0,0.0,0.0,0,80.084
NGIQ-BR-00000128,right,NGIQ-BR-00000320,0.0,0.0,0.0,0,68.743
NGIQ-BR-00000128,right,NGIQ-BR-00000321,0.0,0.0,0.0,0,77.598
NGIQ-BR-00000128,right,NGIQ-BR-00000322,0.0,0.0,0.0,0,83.361
NGIQ-BR-00000128,right,NGIQ-BR-00000323,0.0,0.0,0.0,0,59.906
NGIQ-BR-00000128,right,NGIQ-BR-00000324,0.0,0.0,0.0,0,75.676
NGIQ-BR-00000128,right,NGIQ-BR-00000325,0.0,0.0,0.0,0,85.64
NGIQ-BR-00000128,right,NGIQ-BR-00000326,0.0,0.0,0.0,0,99.009
NGIQ-BR-00000128,right,NGIQ-BR-00000327,0.0,0.0,0.0,0,42.843
NGIQ-BR-00000128,right,NGIQ-BR-00000328,0.0,0.0,0.0,0,77.589
NGIQ-BR-00000128,right,NGIQ-BR-00000329,0.0,0.0,0.0,0,48.483
NGIQ-BR-00000128,right,NGIQ-BR-00000330,0.0,0.0,0.0,0,37.785
NGIQ-BR-00000129,left,NGIQ-BR-00000269,0.0,0.0,0.0,0,63.105
NGIQ-BR-00000129,left,NGIQ-BR-00000270,0.0,0.0,0.0,0,82.758
NGIQ-BR-00000129,left,NGIQ-BR-00000271,0.0,0.0,0.0,0,99.295
NGIQ-BR-00000129,left,NGIQ-BR-00000272,0.31907,0.18793,0.13319,246,7.03
NGIQ-BR-00000129,left,NGIQ-BR-00000273,0.0,0.0,0.0,0,46.728
NGIQ-BR-00000129,left,NGIQ-BR-00000274,0.0,0.0,0.0,0,98.223
NGIQ-BR-00000129,left,NGIQ-BR-00000275,0.0,0.0,0.0,0,43.754
NGIQ-BR-00000129,left,NGIQ-BR-00000276,0.0,0.0,0.0,0,71.423
NGIQ-BR-00000129,left,NGIQ-BR-00000277,0.0,0.0,0.0,0,97.512
NGIQ-BR-00000129,left,NGIQ-BR-00000278,0.0,0.0,0.0,0,34.829
NGIQ-BR-00000129,left,NGIQ-BR-00000279,0.0,0.0,0.0,0,77.251
NGIQ-BR-00000129,left,NGIQ-BR-00000280,0.0,0.0,0.0,0,46.883
NGIQ-BR-00000129,left,NGIQ-BR-00000281,0.0,0.0,0.0,0,48.087
NGIQ-BR-00000129,left,NGIQ-BR-00000282,0.0,0.0,0.0,0,32.955
NGIQ-BR-00000129,left,NGIQ-BR-00000283,0.0,0.0,0.0,0,97.798
NGIQ-BR-00000129,left,NGIQ-BR-00000284,0.0,0.0,0.0,0,54.287
NGIQ-BR-00000129,left,NGIQ-BR-00000285,0.0,0.0,0.0,0,49.499
NGIQ-BR-00000129,left,NGIQ-BR-00000286,0.0,0.0,0.0,0,52.081
NGIQ-BR-00000129,left,NGIQ-BR-00000287,0.0,0.0,0.0,0,94.393
NGIQ-BR-00000129,left,NGIQ-BR-00000288,0.0,0.0,0.0,0,82.187
NGIQ-BR-00000129,left,NGIQ-BR-00000289,0.0,0.0,0.0,0,73.262
NGIQ-BR-00000129,left,NGIQ-BR-00000290,0.0,0.0,0.0,0,79.413
NGIQ-BR-00000129,left,NGIQ-BR-00000291,0.0,0.0,0.0,0,94.14
NGIQ-BR-00000129,left,NGIQ-BR-00000292,0.0,0.0,0.0,0,53.025
NGIQ-BR-00000129,left,NGIQ-BR-00000293,0.0,0.0,0.0,0,66.909
NGIQ-BR-00000129,left,NGIQ-BR-00000294,0.0,0.0,0.0,0,82.188
NGIQ-BR-00000129,left,NGIQ-BR-00000295,0.0,0.0,0.0,0,106.539
NGIQ-BR-00000129,left,NGIQ-BR-00000296,0.0,0.0,0.0,0,41.874
NGIQ-BR-00000129,left,NGIQ-BR-00000297,0.0,0.0,0.0,0,83.046
NGIQ-BR-00000129,left,NGIQ-BR-00000298,0.0,0.0,0.0,0,52.108
NGIQ-BR-00000129,left,NGIQ-BR-00000299,0.0,0.0,0.0,0,35.683
NGIQ-BR-00000130,right,NGIQ-BR-00000300,0.0,0.0,0.0,0,68.291
NGIQ-BR-00000130,right,NGIQ-BR-00000301,0.0,0.0,0.0,0,88.57
NGIQ-BR-00000130,right,NGIQ-BR-00000302,0.0,0.0,0.0,0,99.768
NGIQ-BR-00000130,right,NGIQ-BR-00000303,0.55491,0.40917,0.32406,571,3.689
NGIQ-BR-00000130,right,NGIQ-BR-00000304,0.0,0.0,0.0,0,44.995
NGIQ-BR-00000130,right,NGIQ-BR-00000305,0.0,0.0,0.0,0,97.663
NGIQ-BR-00000130,right,NGIQ-BR-00000306,0.0,0.0,0.0,0,41.212
NGIQ-BR-00000130,right,NGIQ-BR-00000307,0.0,0.0,0.0,0,73.041
NGIQ-BR-00000130,right,NGIQ-BR-00000308,0.0,0.0,0.0,0,95.737
NGIQ-BR-00000130,right,NGIQ-BR-00000309,0.0,0.0,0.0,0,38.015
NGIQ-BR-00000130,right,NGIQ-BR-00000310,0.0,0.0,0.0,0,75.839
NGIQ-BR-00000130,right,NGIQ-BR-00000311,0.0,0.0,0.0,0,48.738
NGIQ-BR-00000130,right,NGIQ-BR-00000312,0.0,0.0,0.0,0,49.185
NGIQ-BR-00000130,right,NGIQ-BR-00000313,0.0,0.0,0.0,0,33.546
NGIQ-BR-00000130,right,NGIQ-BR-00000314,0.0,0.0,0.0,0,100.96
NGIQ-BR-00000130,right,NGIQ-BR-00000315,0.0,0.0,0.0,0,59.461
NGIQ-BR-00000130,right,NGIQ-BR-00000316,0.0,0.0,0.0,0,54.242
NGIQ-BR-00000130,right,NGIQ-BR-00000317,0.0,0.0,0.0,0,58.644
NGIQ-BR-00000130,right,NGIQ-BR-00000318,0.0,0.0,0.0,0,93.245
NGIQ-BR-00000130,right,NGIQ-BR-00000319,0.0,0.0,0.0,0,87.306
NGIQ-BR-00000130,right,NGIQ-BR-00000320,0.0,0.0,0.0,0,77.531
NGIQ-BR-00000130,right,NGIQ-BR-00000321,0.0,0.0,0.0,0,83.41
NGIQ-BR-00000130,right,NGIQ-BR-00000322,0.0,0.0,0.0,0,95.389
NGIQ-BR-00000130,right,NGIQ-BR-00000323,0.0,0.0,0.0,0,57.122
NGIQ-BR-00000130,right,NGIQ-BR-00000324,0.0,0.0,0.0,0,71.407
NGIQ-BR-00000130,right,NGIQ-BR-00000325,0.0,0.0,0.0,0,87.026
NGIQ-BR-00000130,right,NGIQ-BR-00000326,0.0,0.0,0.0,0,110.635
NGIQ-BR-00000130,right,NGIQ-BR-00000327,0.0,0.0,0.0,0,44.612
NGIQ-BR-00000130,right,NGIQ-BR-00000328,0.0,0.0,0.0,0,85.508
NGIQ-BR-00000130,right,NGIQ-BR-00000329,0.0,0.0,0.0,0,55.386
NGIQ-BR-00000130,right,NGIQ-BR-00000330,0.0,0.0,0.0,0,40.422
NGIQ-BR-00000131,left,NGIQ-BR-00000269,0.0,0.0,0.0,0,69.768
NGIQ-BR-00000131,left,NGIQ-BR-00000270,0.0,0.0,0.0,0,79.894
NGIQ-BR-00000131,left,NGIQ-BR-00000271,0.0,0.0,0.0,0,51.806
NGIQ-BR-00000131,left,NGIQ-BR-00000272,0.0,0.0,0.0,0,45.049
NGIQ-BR-00000131,left,NGIQ-BR-00000273,0.0,0.0,0.0,0,22.392
NGIQ-BR-00000131,left,NGIQ-BR-00000274,0.0,0.0,0.0,0,57.121
NGIQ-BR-00000131,left,NGIQ-BR-00000275,0.0,0.0,0.0,0,39.491
NGIQ-BR-00000131,left,NGIQ-BR-00000276,0.02083,0.01199,0.00842,23,30.36
NGIQ-BR-00000131,left,NGIQ-BR-00000277,0.0,0.0,0.0,0,53.023
NGIQ-BR-00000131,left,NGIQ-BR-00000278,0.0,0.0,0.0,0,73.603
NGIQ-BR-00000131,left,NGIQ-BR-00000279,0.04529,0.01469,0.00877,50,30.336
NGIQ-BR-00000131,left,NGIQ-BR-00000280,0.0,0.0,0.0,0,83.01
NGIQ-BR-00000131,left,NGIQ-BR-00000281,0.0,0.0,0.0,0,45.88
NGIQ-BR-00000131,left,NGIQ-BR-00000282,0.32971,0.23074,0.17747,364,16.73
NGIQ-BR-00000131,left,NGIQ-BR-00000283,0.0,0.0,0.0,0,70.204
NGIQ-BR-00000131,left,NGIQ-BR-00000284,0.0,0.0,0.0,0,67.399
NGIQ-BR-00000131,left,NGIQ-BR-00000285,0.0,0.0,0.0,0,86.39
NGIQ-BR-00000131,left,NGIQ-BR-00000286,0.0,0.0,0.0,0,78.547
NGIQ-BR-00000131,left,NGIQ-BR-00000287,0.0,0.0,0.0,0,46.918
NGIQ-BR-00000131,left,NGIQ-BR-00000288,0.0,0.0,0.0,0,62.402
NGIQ-BR-00000131,left,NGIQ-BR-00000289,0.0,0.0,0.0,0,52.092
NGIQ-BR-00000131,left,NGIQ-BR-00000290,0.0,0.0,0.0,0,66.283
NGIQ-BR-00000131,left,NGIQ-BR-00000291,0.0,0.0,0.0,0,52.42
NGIQ-BR-00000131,left,NGIQ-BR-00000292,0.0,0.0,0.0,0,78.322
NGIQ-BR-00000131,left,NGIQ-BR-00000293,0.0,0.0,0.0,0,92.12
NGIQ-BR-00000131,left,NGIQ-BR-00000294,0.0,0.0,0.0,0,88.384
NGIQ-BR-00000131,left,NGIQ-BR-00000295,0.0,0.0,0.0,0,65.429
NGIQ-BR-00000131,left,NGIQ-BR-00000296,0.0,0.0,0.0,0,47.459
NGIQ-BR-00000131,left,NGIQ-BR-00000297,0.0,0.0,0.0,0,56.881
NGIQ-BR-00000131,left,NGIQ-BR-00000298,0.0,0.0,0.0,0,36.148
NGIQ-BR-00000131,left,NGIQ-BR-00000299,0.0,0.0,0.0,0,45.427
NGIQ-BR-00000132,right,NGIQ-BR-00000300,0.0,0.0,0.0,0,69.11
NGIQ-BR-00000132,right,NGIQ-BR-00000301,0.0,0.0,0.0,0,79.802
NGIQ-BR-00000132,right,NGIQ-BR-00000302,0.0,0.0,0.0,0,54.195
NGIQ-BR-00000132,right,NGIQ-BR-00000303,0.0,0.0,0.0,0,42.478
NGIQ-BR-00000132,right,NGIQ-BR-00000304,0.00306,0.00093,0.00055,4,20.499
NGIQ-BR-00000132,right,NGIQ-BR-00000305,0.0,0.0,0.0,0,57.099
NGIQ-BR-00000132,right,NGIQ-BR-00000306,0.0,0.0,0.0,0,38.384
NGIQ-BR-00000132,right,NGIQ-BR-00000307,0.0,0.0,0.0,0,32.047
NGIQ-BR-00000132,right,NGIQ-BR-00000308,0.0,0.0,0.0,0,53.226
NGIQ-BR-00000132,right,NGIQ-BR-00000309,0.0,0.0,0.0,0,70.339
NGIQ-BR-00000132,right,NGIQ-BR-00000310,0.00229,0.00089,0.00055,3,31.192
NGIQ-BR-00000132,right,NGIQ-BR-00000311,0.0,0.0,0.0,0,79.706
NGIQ-BR-00000132,right,NGIQ-BR-00000312,0.0,0.0,0.0,0,43.925
NGIQ-BR-00000132,right,NGIQ-BR-00000313,0.3792,0.28762,0.23167,496,13.806
NGIQ-BR-00000132,right,NGIQ-BR-00000314,0.0,0.0,0.0,0,71.747
NGIQ-BR-00000132,right,NGIQ-BR-00000315,0.0,0.0,0.0,0,65.667
NGIQ-BR-00000132,right,NGIQ-BR-00000316,0.0,0.0,0.0,0,84.285
NGIQ-BR-00000132,right,NGIQ-BR-00000317,0.0,0.0,0.0,0,76.679
NGIQ-BR-00000132,right,NGIQ-BR-00000318,0.0,0.0,0.0,0,47.987
NGIQ-BR-00000132,right,NGIQ-BR-00000319,0.0,0.0,0.0,0,63.515
NGIQ-BR-00000132,right,NGIQ-BR-00000320,0.0,0.0,0.0,0,52.879
NGIQ-BR-00000132,right,NGIQ-BR-00000321,0.0,0.0,0.0,0,66.026
NGIQ-BR-00000132,right,NGIQ-BR-00000322,0.0,0.0,0.0,0,53.64
NGIQ-BR-00000132,right,NGIQ-BR-00000323,0.0,0.0,0.0,0,75.97
NGIQ-BR-00000132,right,NGIQ-BR-00000324,0.0,0.0,0.0,0,90.431
NGIQ-BR-00000132,right,NGIQ-BR-00000325,0.0,0.0,0.0,0,88.322
NGIQ-BR-00000132,right,NGIQ-BR-00000326,0.0,0.0,0.0,0,69.012
NGIQ-BR-00000132,right,NGIQ-BR-00000327,0.0,0.0,0.0,0,47.387
NGIQ-BR-00000132,right,NGIQ-BR-00000328,0.0,0.0,0.0,0,58.099
NGIQ-BR-00000132,right,NGIQ-BR-00000329,0.0,0.0,0.0,0,37.648
NGIQ-BR-00000132,right,NGIQ-BR-00000330,0.0,0.0,0.0,0,43.805
NGIQ-BR-00000009,left,NGIQ-BR-00000269,0.0,0.0,0.0,0,89.844
NGIQ-BR-00000009,left,NGIQ-BR-00000270,0.0,0.0,0.0,0,76.293
NGIQ-BR-00000009,left,NGIQ-BR-00000271,0.0,0.0,0.0,0,49.921
NGIQ-BR-00000009,left,NGIQ-BR-00000272,0.0,0.0,0.0,0,116.176
NGIQ-BR-00000009,left,NGIQ-BR-00000273,0.0,0.0,0.0,0,90.764
NGIQ-BR-00000009,left,NGIQ-BR-00000274,0.0,0.0,0.0,0,42.572
NGIQ-BR-00000009,left,NGIQ-BR-00000275,0.0,0.0,0.0,0,101.936
NGIQ-BR-00000009,left,NGIQ-BR-00000276,0.0,0.0,0.0,0,48.62
NGIQ-BR-00000009,left,NGIQ-BR-00000277,0.0,0.0,0.0,0,72.81
NGIQ-BR-00000009,left,NGIQ-BR-00000278,0.0,0.0,0.0,0,124.931
NGIQ-BR-00000009,left,NGIQ-BR-00000279,0.0,0.0,0.0,0,68.648
NGIQ-BR-00000009,left,NGIQ-BR-00000280,0.0,0.0,0.0,0,131.554
NGIQ-BR-00000009,left,NGIQ-BR-00000281,0.0,0.0,0.0,0,97.801
NGIQ-BR-00000009,left,NGIQ-BR-00000282,0.0,0.0,0.0,0,91.016
NGIQ-BR-00000009,left,NGIQ-BR-00000283,0.0,0.0,0.0,0,33.226
NGIQ-BR-00000009,left,NGIQ-BR-00000284,0.0,0.0,0.0,0,96.471
NGIQ-BR-00000009,left,NGIQ-BR-00000285,0.0,0.0,0.0,0,131.737
NGIQ-BR-00000009,left,NGIQ-BR-00000286,0.0,0.0,0.0,0,115.159
NGIQ-BR-00000009,left,NGIQ-BR-00000287,0.0,0.0,0.0,0,62.147
NGIQ-BR-00000009,left,NGIQ-BR-00000288,0.0,0.0,0.0,0,53.086
NGIQ-BR-00000009,left,NGIQ-BR-00000289,0.0,0.0,0.0,0,52.604
NGIQ-BR-00000009,left,NGIQ-BR-00000290,0.0,0.0,0.0,0,60.344
NGIQ-BR-00000009,left,NGIQ-BR-00000291,0.04266,0.02566,0.01835,156,26.582
NGIQ-BR-00000009,left,NGIQ-BR-00000292,0.0,0.0,0.0,0,115.528
NGIQ-BR-00000009,left,NGIQ-BR-00000293,0.0,0.0,0.0,0,120.018
NGIQ-BR-00000009,left,NGIQ-BR-00000294,0.0,0.0,0.0,0,93.921
NGIQ-BR-00000009,left,NGIQ-BR-00000295,0.24802,0.13986,0.09739,907,16.674
NGIQ-BR-00000009,left,NGIQ-BR-00000296,0.0,0.0,0.0,0,94.396
NGIQ-BR-00000009,left,NGIQ-BR-00000297,0.0,0.0,0.0,0,54.086
NGIQ-BR-00000009,left,NGIQ-BR-00000298,0.0,0.0,0.0,0,72.601
NGIQ-BR-00000009,left,NGIQ-BR-00000299,0.0,0.0,0.0,0,90.266
NGIQ-BR-00000010,right,NGIQ-BR-00000300,0.0,0.0,0.0,0,90.129
NGIQ-BR-00000010,right,NGIQ-BR-00000301,0.0,0.0,0.0,0,75.962
NGIQ-BR-00000010,right,NGIQ-BR-00000302,0.0,0.0,0.0,0,49.729
NGIQ-BR-00000010,right,NGIQ-BR-00000303,0.0,0.0,0.0,0,117.046
NGIQ-BR-00000010,right,NGIQ-BR-00000304,0.0,0.0,0.0,0,92.39
NGIQ-BR-00000010,right,NGIQ-BR-00000305,0.0,0.0,0.0,0,41.874
NGIQ-BR-00000010,right,NGIQ-BR-00000306,0.0,0.0,0.0,0,105.012
NGIQ-BR-00000010,right,NGIQ-BR-00000307,0.0,0.0,0.0,0,50.608
NGIQ-BR-00000010,right,NGIQ-BR-00000308,0.0,0.0,0.0,0,72.242
NGIQ-BR-00000010,right,NGIQ-BR-00000309,0.0,0.0,0.0,0,125.019
NGIQ-BR-00000010,right,NGIQ-BR-00000310,0.0,0.0,0.0,0,69.069
NGIQ-BR-00000010,right,NGIQ-BR-00000311,0.0,0.0,0.0,0,131.32
NGIQ-BR-00000010,right,NGIQ-BR-00000312,0.0,0.0,0.0,0,98.148
NGIQ-BR-00000010,right,NGIQ-BR-00000313,0.0,0.0,0.0,0,91.571
NGIQ-BR-00000010,right,NGIQ-BR-00000314,0.0,0.0,0.0,0,36.47
NGIQ-BR-00000010,right,NGIQ-BR-00000315,0.0,0.0,0.0,0,96.935
NGIQ-BR-00000010,right,NGIQ-BR-00000316,0.0,0.0,0.0,0,132.171
NGIQ-BR-00000010,right,NGIQ-BR-00000317,0.0,0.0,0.0,0,114.362
NGIQ-BR-00000010,right,NGIQ-BR-00000318,0.0,0.0,0.0,0,61.582
NGIQ-BR-00000010,right,NGIQ-BR-00000319,0.0,0.0,0.0,0,51.886
NGIQ-BR-00000010,right,NGIQ-BR-00000320,0.0,0.0,0.0,0,53.14
NGIQ-BR-00000010,right,NGIQ-BR-00000321,0.0,0.0,0.0,0,61.305
NGIQ-BR-00000010,right,NGIQ-BR-00000322,0.00145,0.00105,0.00083,7,29.327
NGIQ-BR-00000010,right,NGIQ-BR-00000323,0.0,0.0,0.0,0,115.099
NGIQ-BR-00000010,right,NGIQ-BR-00000324,0.0,0.0,0.0,0,121.24
NGIQ-BR-00000010,right,NGIQ-BR-00000325,0.0,0.0,0.0,0,95.824
NGIQ-BR-00000010,right,NGIQ-BR-00000326,0.2974,0.20635,0.15798,1440,15.115
NGIQ-BR-00000010,right,NGIQ-BR-00000327,0.0,0.0,0.0,0,97.092
NGIQ-BR-00000010,right,NGIQ-BR-00000328,0.0,0.0,0.0,0,54.157
NGIQ-BR-00000010,right,NGIQ-BR-00000329,0.0,0.0,0.0,0,74.808
NGIQ-BR-00000010,right,NGIQ-BR-00000330,0.0,0.0,0.0,0,91.46
NGIQ-BR-00000137,left,NGIQ-BR-00000269,0.0,0.0,0.0,0,96.609
NGIQ-BR-00000137,left,NGIQ-BR-00000270,0.0,0.0,0.0,0,86.215
NGIQ-BR-00000137,left,NGIQ-BR-00000271,0.0,0.0,0.0,0,34.982
NGIQ-BR-00000137,left,NGIQ-BR-00000272,0.0,0.0,0.0,0,112.718
NGIQ-BR-00000137,left,NGIQ-BR-00000273,0.0,0.0,0.0,0,82.928
NGIQ-BR-00000137,left,NGIQ-BR-00000274,0.0,0.0,0.0,0,32.698
NGIQ-BR-00000137,left,NGIQ-BR-00000275,0.0,0.0,0.0,0,95.891
NGIQ-BR-00000137,left,NGIQ-BR-00000276,0.0,0.0,0.0,0,43.751
NGIQ-BR-00000137,left,NGIQ-BR-00000277,0.0,0.0,0.0,0,57.638
NGIQ-BR-00000137,left,NGIQ-BR-00000278,0.0,0.0,0.0,0,127.113
NGIQ-BR-00000137,left,NGIQ-BR-00000279,0.0,0.0,0.0,0,56.263
NGIQ-BR-00000137,left,NGIQ-BR-00000280,0.0,0.0,0.0,0,134.554
NGIQ-BR-00000137,left,NGIQ-BR-00000281,0.0,0.0,0.0,0,93.768
NGIQ-BR-00000137,left,NGIQ-BR-00000282,0.0,0.0,0.0,0,85.382
NGIQ-BR-00000137,left,NGIQ-BR-00000283,0.0,0.0,0.0,0,44.865
NGIQ-BR-00000137,left,NGIQ-BR-00000284,0.0,0.0,0.0,0,100.924
NGIQ-BR-00000137,left,NGIQ-BR-00000285,0.0,0.0,0.0,0,135.063
NGIQ-BR-00000137,left,NGIQ-BR-00000286,0.0,0.0,0.0,0,119.484
NGIQ-BR-00000137,left,NGIQ-BR-00000287,0.0,0.0,0.0,0,47.23
NGIQ-BR-00000137,left,NGIQ-BR-00000288,0.0,0.0,0.0,0,58.985
NGIQ-BR-00000137,left,NGIQ-BR-00000289,0.0,0.0,0.0,0,58.36
NGIQ-BR-00000137,left,NGIQ-BR-00000290,0.0,0.0,0.0,0,68.197
NGIQ-BR-00000137,left,NGIQ-BR-00000291,0.0441,0.03088,0.02376,202,20.728
NGIQ-BR-00000137,left,NGIQ-BR-00000292,0.0,0.0,0.0,0,120.376
NGIQ-BR-00000137,left,NGIQ-BR-00000293,0.0,0.0,0.0,0,126.834
NGIQ-BR-00000137,left,NGIQ-BR-00000294,0.0,0.0,0.0,0,103.807
NGIQ-BR-00000137,left,NGIQ-BR-00000295,0.25742,0.16973,0.1266,1179,9.671
NGIQ-BR-00000137,left,NGIQ-BR-00000296,0.0,0.0,0.0,0,93.376
NGIQ-BR-00000137,left,NGIQ-BR-00000297,0.0,0.0,0.0,0,54.441
NGIQ-BR-00000137,left,NGIQ-BR-00000298,0.0,0.0,0.0,0,71.386
NGIQ-BR-00000137,left,NGIQ-BR-00000299,0.0,0.0,0.0,0,91.389
NGIQ-BR-00000138,right,NGIQ-BR-00000300,0.0,0.0,0.0,0,96.486
NGIQ-BR-00000138,right,NGIQ-BR-00000301,0.0,0.0,0.0,0,86.237
NGIQ-BR-00000138,right,NGIQ-BR-00000302,0.0,0.0,0.0,0,34.859
NGIQ-BR-00000138,right,NGIQ-BR-00000303,0.0,0.0,0.0,0,113.817
NGIQ-BR-00000138,right,NGIQ-BR-00000304,0.0,0.0,0.0,0,85.293
NGIQ-BR-00000138,right,NGIQ-BR-00000305,0.0,0.0,0.0,0,35.092
NGIQ-BR-00000138,right,NGIQ-BR-00000306,0.0,0.0,0.0,0,100.072
NGIQ-BR-00000138,right,NGIQ-BR-00000307,0.0,0.0,0.0,0,45.297
NGIQ-BR-00000138,right,NGIQ-BR-00000308,0.0,0.0,0.0,0,58.198
NGIQ-BR-00000138,right,NGIQ-BR-00000309,0.0,0.0,0.0,0,127.164
NGIQ-BR-00000138,right,NGIQ-BR-00000310,0.0,0.0,0.0,0,57.231
NGIQ-BR-00000138,right,NGIQ-BR-00000311,0.0,0.0,0.0,0,134.008
NGIQ-BR-00000138,right,NGIQ-BR-00000312,0.0,0.0,0.0,0,95.355
NGIQ-BR-00000138,right,NGIQ-BR-00000313,0.0,0.0,0.0,0,86.269
NGIQ-BR-00000138,right,NGIQ-BR-00000314,0.0,0.0,0.0,0,46.85
NGIQ-BR-00000138,right,NGIQ-BR-00000315,0.0,0.0,0.0,0,101.83
NGIQ-BR-00000138,right,NGIQ-BR-00000316,0.0,0.0,0.0,0,135.874
NGIQ-BR-00000138,right,NGIQ-BR-00000317,0.0,0.0,0.0,0,119.246
NGIQ-BR-00000138,right,NGIQ-BR-00000318,0.0,0.0,0.0,0,47.096
NGIQ-BR-00000138,right,NGIQ-BR-00000319,0.0,0.0,0.0,0,59.252
NGIQ-BR-00000138,right,NGIQ-BR-00000320,0.0,0.0,0.0,0,58.095
NGIQ-BR-00000138,right,NGIQ-BR-00000321,0.0,0.0,0.0,0,69.614
NGIQ-BR-00000138,right,NGIQ-BR-00000322,0.00865,0.00548,0.00402,34,22.907
NGIQ-BR-00000138,right,NGIQ-BR-00000323,0.0,0.0,0.0,0,119.67
NGIQ-BR-00000138,right,NGIQ-BR-00000324,0.0,0.0,0.0,0,128.019
NGIQ-BR-00000138,right,NGIQ-BR-00000325,0.0,0.0,0.0,0,105.237
NGIQ-BR-00000138,right,NGIQ-BR-00000326,0.28034,0.16894,0.1209,1102,8.49
NGIQ-BR-00000138,right,NGIQ-BR-00000327,0.0,0.0,0.0,0,97.172
NGIQ-BR-00000138,right,NGIQ-BR-00000328,0.0,0.0,0.0,0,57.261
NGIQ-BR-00000138,right,NGIQ-BR-00000329,0.0,0.0,0.0,0,74.881
NGIQ-BR-00000138,right,NGIQ-BR-00000330,0.0,0.0,0.0,0,92.91
NGIQ-BR-00000139,left,NGIQ-BR-00000269,0.0,0.0,0.0,0,77.081
NGIQ-BR-00000139,left,NGIQ-BR-00000270,0.0,0.0,0.0,0,58.755
NGIQ-BR-00000139,left,NGIQ-BR-00000271,0.0,0.0,0.0,0,53.255
NGIQ-BR-00000139,left,NGIQ-BR-00000272,0.0,0.0,0.0,0,98.546
NGIQ-BR-00000139,left,NGIQ-BR-00000273,0.0,0.0,0.0,0,73.584
NGIQ-BR-00000139,left,NGIQ-BR-00000274,0.00488,0.00347,0.0027,23,31.013
NGIQ-BR-00000139,left,NGIQ-BR-00000275,0.0,0.0,0.0,0,81.059
NGIQ-BR-00000139,left,NGIQ-BR-00000276,0.0,0.0,0.0,0,41.009
NGIQ-BR-00000139,left,NGIQ-BR-00000277,0.0,0.0,0.0,0,67.143
NGIQ-BR-00000139,left,NGIQ-BR-00000278,0.0,0.0,0.0,0,106.317
NGIQ-BR-00000139,left,NGIQ-BR-00000279,0.0,0.0,0.0,0,62.38
NGIQ-BR-00000139,left,NGIQ-BR-00000280,0.0,0.0,0.0,0,115.894
NGIQ-BR-00000139,left,NGIQ-BR-00000281,0.0,0.0,0.0,0,74.673
NGIQ-BR-00000139,left,NGIQ-BR-00000282,0.0,0.0,0.0,0,74.569
NGIQ-BR-00000139,left,NGIQ-BR-00000283,0.0,0.0,0.0,0,33.053
NGIQ-BR-00000139,left,NGIQ-BR-00000284,0.0,0.0,0.0,0,74.089
NGIQ-BR-00000139,left,NGIQ-BR-00000285,0.0,0.0,0.0,0,110.725
NGIQ-BR-00000139,left,NGIQ-BR-00000286,0.0,0.0,0.0,0,93.588
NGIQ-BR-00000139,left,NGIQ-BR-00000287,0.0,0.0,0.0,0,61.453
NGIQ-BR-00000139,left,NGIQ-BR-00000288,0.00064,0.0004,0.00029,3,28.778
NGIQ-BR-00000139,left,NGIQ-BR-00000289,0.0,0.0,0.0,0,43.332
NGIQ-BR-00000139,left,NGIQ-BR-00000290,0.0,0.0,0.0,0,39.153
NGIQ-BR-00000139,left,NGIQ-BR-00000291,0.0,0.0,0.0,0,29.02
NGIQ-BR-00000139,left,NGIQ-BR-00000292,0.0,0.0,0.0,0,100.772
NGIQ-BR-00000139,left,NGIQ-BR-00000293,0.0,0.0,0.0,0,101.639
NGIQ-BR-00000139,left,NGIQ-BR-00000294,0.0,0.0,0.0,0,81.816
NGIQ-BR-00000139,left,NGIQ-BR-00000295,0.26119,0.17553,0.13218,1231,21.691
NGIQ-BR-00000139,left,NGIQ-BR-00000296,0.0,0.0,0.0,0,70.826
NGIQ-BR-00000139,left,NGIQ-BR-00000297,0.00891,0.00625,0.00481,42,28.396
NGIQ-BR-00000139,left,NGIQ-BR-00000298,0.0,0.0,0.0,0,49.802
NGIQ-BR-00000139,left,NGIQ-BR-00000299,0.0,0.0,0.0,0,69.288
NGIQ-BR-00000140,right,NGIQ-BR-00000300,0.0,0.0,0.0,0,76.66
NGIQ-BR-00000140,right,NGIQ-BR-00000301,0.0,0.0,0.0,0,58.092
NGIQ-BR-00000140,right,NGIQ-BR-00000302,0.0,0.0,0.0,0,54.394
NGIQ-BR-00000140,right,NGIQ-BR-00000303,0.0,0.0,0.0,0,101.59
NGIQ-BR-00000140,right,NGIQ-BR-00000304,0.0,0.0,0.0,0,78.515
NGIQ-BR-00000140,right,NGIQ-BR-00000305,0.00266,0.00149,0.00103,10,31.742
NGIQ-BR-00000140,right,NGIQ-BR-00000306,0.0,0.0,0.0,0,87.562
NGIQ-BR-00000140,right,NGIQ-BR-00000307,0.0,0.0,0.0,0,44.327
NGIQ-BR-00000140,right,NGIQ-BR-00000308,0.0,0.0,0.0,0,69.113
NGIQ-BR-00000140,right,NGIQ-BR-00000309,0.0,0.0,0.0,0,107.447
NGIQ-BR-00000140,right,NGIQ-BR-00000310,0.0,0.0,0.0,0,64.986
NGIQ-BR-00000140,right,NGIQ-BR-00000311,0.0,0.0,0.0,0,115.953
NGIQ-BR-00000140,right,NGIQ-BR-00000312,0.0,0.0,0.0,0,78.458
NGIQ-BR-00000140,right,NGIQ-BR-00000313,0.0,0.0,0.0,0,77.674
NGIQ-BR-00000140,right,NGIQ-BR-00000314,0.0,0.0,0.0,0,33.124
NGIQ-BR-00000140,right,NGIQ-BR-00000315,0.0,0.0,0.0,0,75.769
NGIQ-BR-00000140,right,NGIQ-BR-00000316,0.0,0.0,0.0,0,112.314
NGIQ-BR-00000140,right,NGIQ-BR-00000317,0.0,0.0,0.0,0,93.728
NGIQ-BR-00000140,right,NGIQ-BR-00000318,0.0,0.0,0.0,0,62.668
NGIQ-BR-00000140,right,NGIQ-BR-00000319,0.00053,0.00031,0.00022,2,29.381
NGIQ-BR-00000140,right,NGIQ-BR-00000320,0.0,0.0,0.0,0,43.306
NGIQ-BR-00000140,right,NGIQ-BR-00000321,0.0,0.0,0.0,0,40.471
NGIQ-BR-00000140,right,NGIQ-BR-00000322,0.0,0.0,0.0,0,31.501
NGIQ-BR-00000140,right,NGIQ-BR-00000323,0.0,0.0,0.0,0,100.133
NGIQ-BR-00000140,right,NGIQ-BR-00000324,0.0,0.0,0.0,0,102.823
NGIQ-BR-00000140,right,NGIQ-BR-00000325,0.0,0.0,0.0,0,82.229
NGIQ-BR-00000140,right,NGIQ-BR-00000326,0.27531,0.16089,0.11366,1036,23.48
NGIQ-BR-00000140,right,NGIQ-BR-00000327,0.0,0.0,0.0,0,76.299
NGIQ-BR-00000140,right,NGIQ-BR-00000328,0.00239,0.00145,0.00104,9,31.373
NGIQ-BR-00000140,right,NGIQ-BR-00000329,0.0,0.0,0.0,0,54.515
NGIQ-BR-00000140,right,NGIQ-BR-00000330,0.0,0.0,0.0,0,72.216
NGIQ-BR-00000141,left,NGIQ-BR-00000269,0.0,0.0,0.0,0,80.703
NGIQ-BR-00000141,left,NGIQ-BR-00000270,0.0,0.0,0.0,0,62.686
NGIQ-BR-00000141,left,NGIQ-BR-00000271,0.0,0.0,0.0,0,60.479
NGIQ-BR-00000141,left,NGIQ-BR-00000272,0.0,0.0,0.0,0,112.596
NGIQ-BR-00000141,left,NGIQ-BR-00000273,0.0,0.0,0.0,0,90.535
NGIQ-BR-00000141,left,NGIQ-BR-00000274,0.0,0.0,0.0,0,46.287
NGIQ-BR-00000141,left,NGIQ-BR-00000275,0.0,0.0,0.0,0,99.183
NGIQ-BR-00000141,left,NGIQ-BR-00000276,0.0,0.0,0.0,0,50.571
NGIQ-BR-00000141,left,NGIQ-BR-00000277,0.0,0.0,0.0,0,80.61
NGIQ-BR-00000141,left,NGIQ-BR-00000278,0.0,0.0,0.0,0,116.889
NGIQ-BR-00000141,left,NGIQ-BR-00000279,0.0,0.0,0.0,0,74.838
NGIQ-BR-00000141,left,NGIQ-BR-00000280,0.0,0.0,0.0,0,123.946
NGIQ-BR-00000141,left,NGIQ-BR-00000281,0.0,0.0,0.0,0,93.035
NGIQ-BR-00000141,left,NGIQ-BR-00000282,0.0,0.0,0.0,0,89.612
NGIQ-BR-00000141,left,NGIQ-BR-00000283,0.00957,0.00943,0.0093,44,25.265
NGIQ-BR-00000141,left,NGIQ-BR-00000284,0.0,0.0,0.0,0,85.647
NGIQ-BR-00000141,left,NGIQ-BR-00000285,0.0,0.0,0.0,0,121.917
NGIQ-BR-00000141,left,NGIQ-BR-00000286,0.0,0.0,0.0,0,104.509
NGIQ-BR-00000141,left,NGIQ-BR-00000287,0.0,0.0,0.0,0,71.44
NGIQ-BR-00000141,left,NGIQ-BR-00000288,0.02413,0.01498,0.01086,111,41.6
NGIQ-BR-00000141,left,NGIQ-BR-00000289,0.0,0.0,0.0,0,46.185
NGIQ-BR-00000141,left,NGIQ-BR-00000290,0.0,0.0,0.0,0,47.619
NGIQ-BR-00000141,left,NGIQ-BR-00000291,0.03043,0.02137,0.01647,140,33.332
NGIQ-BR-00000141,left,NGIQ-BR-00000292,0.0,0.0,0.0,0,106.965
NGIQ-BR-00000141,left,NGIQ-BR-00000293,0.0,0.0,0.0,0,108.532
NGIQ-BR-00000141,left,NGIQ-BR-00000294,0.0,0.0,0.0,0,82.402
NGIQ-BR-00000141,left,NGIQ-BR-00000295,0.22283,0.14734,0.11006,1025,25.367
NGIQ-BR-00000141,left,NGIQ-BR-00000296,0.0,0.0,0.0,0,87.413
NGIQ-BR-00000141,left,NGIQ-BR-00000297,0.0,0.0,0.0,0,47.037
NGIQ-BR-00000141,left,NGIQ-BR-00000298,0.0,0.0,0.0,0,66.578
NGIQ-BR-00000141,left,NGIQ-BR-00000299,0.0,0.0,0.0,0,82.619
NGIQ-BR-00000142,right,NGIQ-BR-00000300,0.0,0.0,0.0,0,79.832
NGIQ-BR-00000142,right,NGIQ-BR-00000301,0.0,0.0,0.0,0,63.028
NGIQ-BR-00000142,right,NGIQ-BR-00000302,0.0,0.0,0.0,0,59.331
NGIQ-BR-00000142,right,NGIQ-BR-00000303,0.0,0.0,0.0,0,113.461
NGIQ-BR-00000142,right,NGIQ-BR-00000304,0.0,0.0,0.0,0,92.854
NGIQ-BR-00000142,right,NGIQ-BR-00000305,0.0,0.0,0.0,0,46.69
NGIQ-BR-00000142,right,NGIQ-BR-00000306,0.0,0.0,0.0,0,103.46
NGIQ-BR-00000142,right,NGIQ-BR-00000307,0.0,0.0,0.0,0,51.567
NGIQ-BR-00000142,right,NGIQ-BR-00000308,0.0,0.0,0.0,0,80.593
NGIQ-BR-00000142,right,NGIQ-BR-00000309,0.0,0.0,0.0,0,116.986
NGIQ-BR-00000142,right,NGIQ-BR-00000310,0.0,0.0,0.0,0,74.661
NGIQ-BR-00000142,right,NGIQ-BR-00000311,0.0,0.0,0.0,0,122.964
NGIQ-BR-00000142,right,NGIQ-BR-00000312,0.0,0.0,0.0,0,95.127
NGIQ-BR-00000142,right,NGIQ-BR-00000313,0.0,0.0,0.0,0,90.328
NGIQ-BR-00000142,right,NGIQ-BR-00000314,0.0,0.0,0.0,0,26.165
NGIQ-BR-00000142,right,NGIQ-BR-00000315,0.0,0.0,0.0,0,87.391
NGIQ-BR-00000142,right,NGIQ-BR-00000316,0.0,0.0,0.0,0,122.922
NGIQ-BR-00000142,right,NGIQ-BR-00000317,0.0,0.0,0.0,0,104.51
NGIQ-BR-00000142,right,NGIQ-BR-00000318,0.0,0.0,0.0,0,70.208
NGIQ-BR-00000142,right,NGIQ-BR-00000319,0.00454,0.00304,0.00228,21,42.376
NGIQ-BR-00000142,right,NGIQ-BR-00000320,0.0,0.0,0.0,0,45.369
NGIQ-BR-00000142,right,NGIQ-BR-00000321,0.0,0.0,0.0,0,50.202
NGIQ-BR-00000142,right,NGIQ-BR-00000322,0.00346,0.00244,0.00189,16,34.364
NGIQ-BR-00000142,right,NGIQ-BR-00000323,0.0,0.0,0.0,0,105.596
NGIQ-BR-00000142,right,NGIQ-BR-00000324,0.0,0.0,0.0,0,109.968
NGIQ-BR-00000142,right,NGIQ-BR-00000325,0.0,0.0,0.0,0,83.424
NGIQ-BR-00000142,right,NGIQ-BR-00000326,0.2696,0.18161,0.13692,1248,25.436
NGIQ-BR-00000142,right,NGIQ-BR-00000327,0.0,0.0,0.0,0,91.453
NGIQ-BR-00000142,right,NGIQ-BR-00000328,0.0,0.0,0.0,0,48.904
NGIQ-BR-00000142,right,NGIQ-BR-00000329,0.0,0.0,0.0,0,69.816
NGIQ-BR-00000142,right,NGIQ-BR-00000330,0.0,0.0,0.0,0,84.547
NGIQ-BR-00000143,left,NGIQ-BR-00000269,0.0,0.0,0.0,0,88.159
NGIQ-BR-00000143,left,NGIQ-BR-00000270,0.0,0.0,0.0,0,72.469
NGIQ-BR-00000143,left,NGIQ-BR-00000271,0.0,0.0,0.0,0,45.755
NGIQ-BR-00000143,left,NGIQ-BR-00000272,0.0,0.0,0.0,0,107.777
NGIQ-BR-00000143,left,NGIQ-BR-00000273,0.0,0.0,0.0,0,79.723
NGIQ-BR-00000143,left,NGIQ-BR-00000274,0.00656,0.00438,0.00328,28,28.671
NGIQ-BR-00000143,left,NGIQ-BR-00000275,0.0,0.0,0.0,0,89.648
NGIQ-BR-00000143,left,NGIQ-BR-00000276,0.0,0.0,0.0,0,43.508
NGIQ-BR-00000143,left,NGIQ-BR-00000277,0.0,0.0,0.0,0,62.996
NGIQ-BR-00000143,left,NGIQ-BR-00000278,0.0,0.0,0.0,0,118.519
NGIQ-BR-00000143,left,NGIQ-BR-00000279,0.0,0.0,0.0,0,60.965
NGIQ-BR-00000143,left,NGIQ-BR-00000280,0.0,0.0,0.0,0,127.239
NGIQ-BR-00000143,left,NGIQ-BR-00000281,0.0,0.0,0.0,0,85.017
NGIQ-BR-00000143,left,NGIQ-BR-00000282,0.0,0.0,0.0,0,81.854
NGIQ-BR-00000143,left,NGIQ-BR-00000283,0.0,0.0,0.0,0,37.628
NGIQ-BR-00000143,left,NGIQ-BR-00000284,0.0,0.0,0.0,0,88.344
NGIQ-BR-00000143,left,NGIQ-BR-00000285,0.0,0.0,0.0,0,124.262
NGIQ-BR-00000143,left,NGIQ-BR-00000286,0.0,0.0,0.0,0,107.604
NGIQ-BR-00000143,left,NGIQ-BR-00000287,0.0,0.0,0.0,0,55.911
NGIQ-BR-00000143,left,NGIQ-BR-00000288,0.0,0.0,0.0,0,43.721
NGIQ-BR-00000143,left,NGIQ-BR-00000289,0.0,0.0,0.0,0,51.647
NGIQ-BR-00000143,left,NGIQ-BR-00000290,0.0,0.0,0.0,0,53.694
NGIQ-BR-00000143,left,NGIQ-BR-00000291,0.0,0.0,0.0,0,24.179
NGIQ-BR-00000143,left,NGIQ-BR-00000292,0.0,0.0,0.0,0,112.304
NGIQ-BR-00000143,left,NGIQ-BR-00000293,0.0,0.0,0.0,0,115.279
NGIQ-BR-00000143,left,NGIQ-BR-00000294,0.0,0.0,0.0,0,93.477
NGIQ-BR-00000143,left,NGIQ-BR-00000295,0.18116,0.11384,0.083,773,9.14
NGIQ-BR-00000143,left,NGIQ-BR-00000296,0.0,0.0,0.0,0,83.08
NGIQ-BR-00000143,left,NGIQ-BR-00000297,0.0,0.0,0.0,0,40.506
NGIQ-BR-00000143,left,NGIQ-BR-00000298,0.0,0.0,0.0,0,61.45
NGIQ-BR-00000143,left,NGIQ-BR-00000299,0.0,0.0,0.0,0,81.727
NGIQ-BR-00000144,right,NGIQ-BR-00000300,0.0,0.0,0.0,0,86.109
NGIQ-BR-00000144,right,NGIQ-BR-00000301,0.0,0.0,0.0,0,70.95
NGIQ-BR-00000144,right,NGIQ-BR-00000302,0.0,0.0,0.0,0,44.234
NGIQ-BR-00000144,right,NGIQ-BR-00000303,0.0,0.0,0.0,0,105.963
NGIQ-BR-00000144,right,NGIQ-BR-00000304,0.0,0.0,0.0,0,79.129
NGIQ-BR-00000144,right,NGIQ-BR-00000305,0.02882,0.01496,0.0101,98,26.583
NGIQ-BR-00000144,right,NGIQ-BR-00000306,0.0,0.0,0.0,0,90.695
NGIQ-BR-00000144,right,NGIQ-BR-00000307,0.0,0.0,0.0,0,42.91
NGIQ-BR-00000144,right,NGIQ-BR-00000308,0.0,0.0,0.0,0,60.994
NGIQ-BR-00000144,right,NGIQ-BR-00000309,0.0,0.0,0.0,0,115.936
NGIQ-BR-00000144,right,NGIQ-BR-00000310,0.0,0.0,0.0,0,59.348
NGIQ-BR-00000144,right,NGIQ-BR-00000311,0.0,0.0,0.0,0,124.198
NGIQ-BR-00000144,right,NGIQ-BR-00000312,0.0,0.0,0.0,0,83.423
NGIQ-BR-00000144,right,NGIQ-BR-00000313,0.0,0.0,0.0,0,79.763
NGIQ-BR-00000144,right,NGIQ-BR-00000314,0.0,0.0,0.0,0,39.417
NGIQ-BR-00000144,right,NGIQ-BR-00000315,0.0,0.0,0.0,0,86.636
NGIQ-BR-00000144,right,NGIQ-BR-00000316,0.0,0.0,0.0,0,122.329
NGIQ-BR-00000144,right,NGIQ-BR-00000317,0.0,0.0,0.0,0,104.549
NGIQ-BR-00000144,right,NGIQ-BR-00000318,0.0,0.0,0.0,0,53.752
NGIQ-BR-00000144,right,NGIQ-BR-00000319,0.0,0.0,0.0,0,41.851
NGIQ-BR-00000144,right,NGIQ-BR-00000320,0.0,0.0,0.0,0,49.902
NGIQ-BR-00000144,right,NGIQ-BR-00000321,0.0,0.0,0.0,0,53.15
NGIQ-BR-00000144,right,NGIQ-BR-00000322,0.0,0.0,0.0,0,25.015
NGIQ-BR-00000144,right,NGIQ-BR-00000323,0.0,0.0,0.0,0,109.252
NGIQ-BR-00000144,right,NGIQ-BR-00000324,0.0,0.0,0.0,0,114.193
NGIQ-BR-00000144,right,NGIQ-BR-00000325,0.0,0.0,0.0,0,93.368
NGIQ-BR-00000144,right,NGIQ-BR-00000326,0.13706,0.07447,0.05112,466,10.731
NGIQ-BR-00000144,right,NGIQ-BR-00000327,0.0,0.0,0.0,0,83.778
NGIQ-BR-00000144,right,NGIQ-BR-00000328,0.0,0.0,0.0,0,40.137
NGIQ-BR-00000144,right,NGIQ-BR-00000329,0.0,0.0,0.0,0,61.515
NGIQ-BR-00000144,right,NGIQ-BR-00000330,0.0,0.0,0.0,0,80.376
NGIQ-BR-00000011,left,NGIQ-BR-00000269,0.0,0.0,0.0,0,106.173
NGIQ-BR-00000011,left,NGIQ-BR-00000270,0.0,0.0,0.0,0,96.122
NGIQ-BR-00000011,left,NGIQ-BR-00000271,0.0,0.0,0.0,0,28.743
NGIQ-BR-00000011,left,NGIQ-BR-00000272,0.0,0.0,0.0,0,102.448
NGIQ-BR-00000011,left,NGIQ-BR-00000273,0.0,0.0,0.0,0,64.481
NGIQ-BR-00000011,left,NGIQ-BR-00000274,0.26548,0.25091,0.23786,2028,14.29
NGIQ-BR-00000011,left,NGIQ-BR-00000275,0.0,0.0,0.0,0,76.793
NGIQ-BR-00000011,left,NGIQ-BR-00000276,0.0,0.0,0.0,0,45.989
NGIQ-BR-00000011,left,NGIQ-BR-00000277,0.0017,0.00181,0.00193,13,29.866
NGIQ-BR-00000011,left,NGIQ-BR-00000278,0.0,0.0,0.0,0,124.835
NGIQ-BR-00000011,left,NGIQ-BR-00000279,0.0,0.0,0.0,0,40.382
NGIQ-BR-00000011,left,NGIQ-BR-00000280,0.0,0.0,0.0,0,135.75
NGIQ-BR-00000011,left,NGIQ-BR-00000281,0.0,0.0,0.0,0,76.655
NGIQ-BR-00000011,left,NGIQ-BR-00000282,0.0,0.0,0.0,0,73.119
NGIQ-BR-00000011,left,NGIQ-BR-00000283,0.0,0.0,0.0,0,67.492
NGIQ-BR-00000011,left,NGIQ-BR-00000284,0.0,0.0,0.0,0,99.778
NGIQ-BR-00000011,left,NGIQ-BR-00000285,0.0,0.0,0.0,0,131.956
NGIQ-BR-00000011,left,NGIQ-BR-00000286,0.0,0.0,0.0,0,117.88
NGIQ-BR-00000011,left,NGIQ-BR-00000287,0.0,0.0,0.0,0,31.811
NGIQ-BR-00000011,left,NGIQ-BR-00000288,0.0,0.0,0.0,0,62.838
NGIQ-BR-00000011,left,NGIQ-BR-00000289,0.0,0.0,0.0,0,71.438
NGIQ-BR-00000011,left,NGIQ-BR-00000290,0.0,0.0,0.0,0,75.155
NGIQ-BR-00000011,left,NGIQ-BR-00000291,0.0,0.0,0.0,0,36.021
NGIQ-BR-00000011,left,NGIQ-BR-00000292,0.0,0.0,0.0,0,125.225
NGIQ-BR-00000011,left,NGIQ-BR-00000293,0.0,0.0,0.0,0,130.945
NGIQ-BR-00000011,left,NGIQ-BR-00000294,0.0,0.0,0.0,0,116.755
NGIQ-BR-00000011,left,NGIQ-BR-00000295,0.00013,0.00012,0.00011,1,30.312
NGIQ-BR-00000011,left,NGIQ-BR-00000296,0.0,0.0,0.0,0,82.478
NGIQ-BR-00000011,left,NGIQ-BR-00000297,0.0,0.0,0.0,0,48.185
NGIQ-BR-00000011,left,NGIQ-BR-00000298,0.0,0.0,0.0,0,63.006
NGIQ-BR-00000011,left,NGIQ-BR-00000299,0.0,0.0,0.0,0,87.189
NGIQ-BR-00000012,right,NGIQ-BR-00000300,0.0,0.0,0.0,0,100.956
NGIQ-BR-00000012,right,NGIQ-BR-00000301,0.0,0.0,0.0,0,90.797
NGIQ-BR-00000012,right,NGIQ-BR-00000302,0.0,0.0,0.0,0,36.205
NGIQ-BR-00000012,right,NGIQ-BR-00000303,0.0,0.0,0.0,0,93.592
NGIQ-BR-00000012,right,NGIQ-BR-00000304,0.0,0.0,0.0,0,56.282
NGIQ-BR-00000012,right,NGIQ-BR-00000305,0.25888,0.26094,0.26304,2552,13.759
NGIQ-BR-00000012,right,NGIQ-BR-00000306,0.0001,0.00011,0.00012,1,68.516
NGIQ-BR-00000012,right,NGIQ-BR-00000307,0.0,0.0,0.0,0,45.269
NGIQ-BR-00000012,right,NGIQ-BR-00000308,0.00061,0.00072,0.00087,6,27.809
NGIQ-BR-00000012,right,NGIQ-BR-00000309,0.0,0.0,0.0,0,115.038
NGIQ-BR-00000012,right,NGIQ-BR-00000310,0.0,0.0,0.0,0,39.411
NGIQ-BR-00000012,right,NGIQ-BR-00000311,0.0,0.0,0.0,0,126.844
NGIQ-BR-00000012,right,NGIQ-BR-00000312,0.00568,0.0055,0.00533,56,64.99
NGIQ-BR-00000012,right,NGIQ-BR-00000313,0.0,0.0,0.0,0,64.41
NGIQ-BR-00000012,right,NGIQ-BR-00000314,0.0,0.0,0.0,0,70.845
NGIQ-BR-00000012,right,NGIQ-BR-00000315,0.0,0.0,0.0,0,90.065
NGIQ-BR-00000012,right,NGIQ-BR-00000316,0.0,0.0,0.0,0,121.94
NGIQ-BR-00000012,right,NGIQ-BR-00000317,0.0,0.0,0.0,0,107.091
NGIQ-BR-00000012,right,NGIQ-BR-00000318,0.0,0.0,0.0,0,35.382
NGIQ-BR-00000012,right,NGIQ-BR-00000319,0.0,0.0,0.0,0,57.942
NGIQ-BR-00000012,right,NGIQ-BR-00000320,0.0,0.0,0.0,0,69.201
NGIQ-BR-00000012,right,NGIQ-BR-00000321,0.0,0.0,0.0,0,69.8
NGIQ-BR-00000012,right,NGIQ-BR-00000322,0.0,0.0,0.0,0,41.179
NGIQ-BR-00000012,right,NGIQ-BR-00000323,0.0,0.0,0.0,0,117.37
NGIQ-BR-00000012,right,NGIQ-BR-00000324,0.0,0.0,0.0,0,123.061
NGIQ-BR-00000012,right,NGIQ-BR-00000325,0.0,0.0,0.0,0,113.192
NGIQ-BR-00000012,right,NGIQ-BR-00000326,0.0,0.0,0.0,0,38.819
NGIQ-BR-00000012,right,NGIQ-BR-00000327,0.0,0.0,0.0,0,74.149
NGIQ-BR-00000012,right,NGIQ-BR-00000328,0.0,0.0,0.0,0,44.163
NGIQ-BR-00000012,right,NGIQ-BR-00000329,0.0,0.0,0.0,0,55.5
NGIQ-BR-00000012,right,NGIQ-BR-00000330,0.0,0.0,0.0,0,78.083
NGIQ-BR-00000145,left,NGIQ-BR-00000269,0.0,0.0,0.0,0,91.117
NGIQ-BR-00000145,left,NGIQ-BR-00000270,0.0,0.0,0.0,0,74.141
NGIQ-BR-00000145,left,NGIQ-BR-00000271,0.0,0.0,0.0,0,45.159
NGIQ-BR-00000145,left,NGIQ-BR-00000272,0.0,0.0,0.0,0,103.042
NGIQ-BR-00000145,left,NGIQ-BR-00000273,0.0,0.0,0.0,0,71.873
NGIQ-BR-00000145,left,NGIQ-BR-00000274,0.22584,0.2164,0.20772,1771,16.956
NGIQ-BR-00000145,left,NGIQ-BR-00000275,0.0,0.0,0.0,0,80.491
NGIQ-BR-00000145,left,NGIQ-BR-00000276,0.0,0.0,0.0,0,44.142
NGIQ-BR-00000145,left,NGIQ-BR-00000277,0.0,0.0,0.0,0,55.074
NGIQ-BR-00000145,left,NGIQ-BR-00000278,0.0,0.0,0.0,0,116.263
NGIQ-BR-00000145,left,NGIQ-BR-00000279,0.0,0.0,0.0,0,56.459
NGIQ-BR-00000145,left,NGIQ-BR-00000280,0.0,0.0,0.0,0,126.903
NGIQ-BR-00000145,left,NGIQ-BR-00000281,0.0,0.0,0.0,0,75.609
NGIQ-BR-00000145,left,NGIQ-BR-00000282,0.0,0.0,0.0,0,76.446
NGIQ-BR-00000145,left,NGIQ-BR-00000283,0.0,0.0,0.0,0,47.456
NGIQ-BR-00000145,left,NGIQ-BR-00000284,0.0,0.0,0.0,0,85.066
NGIQ-BR-00000145,left,NGIQ-BR-00000285,0.0,0.0,0.0,0,120.999
NGIQ-BR-00000145,left,NGIQ-BR-00000286,0.0,0.0,0.0,0,104.552
NGIQ-BR-00000145,left,NGIQ-BR-00000287,0.0,0.0,0.0,0,52.534
NGIQ-BR-00000145,left,NGIQ-BR-00000288,0.0,0.0,0.0,0,41.08
NGIQ-BR-00000145,left,NGIQ-BR-00000289,0.0,0.0,0.0,0,56.514
NGIQ-BR-00000145,left,NGIQ-BR-00000290,0.0,0.0,0.0,0,53.445
NGIQ-BR-00000145,left,NGIQ-BR-00000291,0.0,0.0,0.0,0,29.808
NGIQ-BR-00000145,left,NGIQ-BR-00000292,0.0,0.0,0.0,0,113.316
NGIQ-BR-00000145,left,NGIQ-BR-00000293,0.0,0.0,0.0,0,115.011
NGIQ-BR-00000145,left,NGIQ-BR-00000294,0.0,0.0,0.0,0,97.549
NGIQ-BR-00000145,left,NGIQ-BR-00000295,0.00242,0.00222,0.00204,19,16.885
NGIQ-BR-00000145,left,NGIQ-BR-00000296,0.0,0.0,0.0,0,75.882
NGIQ-BR-00000145,left,NGIQ-BR-00000297,0.02589,0.02449,0.02324,203,31.588
NGIQ-BR-00000145,left,NGIQ-BR-00000298,0.0,0.0,0.0,0,54.989
NGIQ-BR-00000145,left,NGIQ-BR-00000299,0.0,0.0,0.0,0,77.895
NGIQ-BR-00000146,right,NGIQ-BR-00000300,0.0,0.0,0.0,0,95.35
NGIQ-BR-00000146,right,NGIQ-BR-00000301,0.0,0.0,0.0,0,80.741
NGIQ-BR-00000146,right,NGIQ-BR-00000302,0.0,0.0,0.0,0,39.132
NGIQ-BR-00000146,right,NGIQ-BR-00000303,0.0,0.0,0.0,0,104.695
NGIQ-BR-00000146,right,NGIQ-BR-00000304,0.0,0.0,0.0,0,72.859
NGIQ-BR-00000146,right,NGIQ-BR-00000305,0.30581,0.26994,0.2416,2344,13.592
NGIQ-BR-00000146,right,NGIQ-BR-00000306,0.0,0.0,0.0,0,84.539
NGIQ-BR-00000146,right,NGIQ-BR-00000307,0.0,0.0,0.0,0,45.086
NGIQ-BR-00000146,right,NGIQ-BR-00000308,0.0,0.0,0.0,0,48.251
NGIQ-BR-00000146,right,NGIQ-BR-00000309,0.0,0.0,0.0,0,119.243
NGIQ-BR-00000146,right,NGIQ-BR-00000310,0.0,0.0,0.0,0,52.868
NGIQ-BR-00000146,right,NGIQ-BR-00000311,0.0,0.0,0.0,0,129.237
NGIQ-BR-00000146,right,NGIQ-BR-00000312,0.0,0.0,0.0,0,78.129
NGIQ-BR-00000146,right,NGIQ-BR-00000313,0.0,0.0,0.0,0,76.727
NGIQ-BR-00000146,right,NGIQ-BR-00000314,0.0,0.0,0.0,0,54.151
NGIQ-BR-00000146,right,NGIQ-BR-00000315,0.0,0.0,0.0,0,90.256
NGIQ-BR-00000146,right,NGIQ-BR-00000316,0.0,0.0,0.0,0,125.436
NGIQ-BR-00000146,right,NGIQ-BR-00000317,0.0,0.0,0.0,0,108.3
NGIQ-BR-00000146,right,NGIQ-BR-00000318,0.0,0.0,0.0,0,46.109
NGIQ-BR-00000146,right,NGIQ-BR-00000319,0.0,0.0,0.0,0,48.261
NGIQ-BR-00000146,right,NGIQ-BR-00000320,0.0,0.0,0.0,0,60.172
NGIQ-BR-00000146,right,NGIQ-BR-00000321,0.0,0.0,0.0,0,60.849
NGIQ-BR-00000146,right,NGIQ-BR-00000322,0.0,0.0,0.0,0,30.574
NGIQ-BR-00000146,right,NGIQ-BR-00000323,0.0,0.0,0.0,0,116.211
NGIQ-BR-00000146,right,NGIQ-BR-00000324,0.0,0.0,0.0,0,120.866
NGIQ-BR-00000146,right,NGIQ-BR-00000325,0.0,0.0,0.0,0,104.314
NGIQ-BR-00000146,right,NGIQ-BR-00000326,0.00078,0.00072,0.00066,6,18.41
NGIQ-BR-00000146,right,NGIQ-BR-00000327,0.0,0.0,0.0,0,82.158
NGIQ-BR-00000146,right,NGIQ-BR-00000328,0.0,0.0,0.0,0,40.045
NGIQ-BR-00000146,right,NGIQ-BR-00000329,0.0,0.0,0.0,0,60.645
NGIQ-BR-00000146,right,NGIQ-BR-00000330,0.0,0.0,0.0,0,82.162
NGIQ-BR-00000147,left,NGIQ-BR-00000269,0.0,0.0,0.0,0,73.375
NGIQ-BR-00000147,left,NGIQ-BR-00000270,0.0,0.0,0.0,0,49.132
NGIQ-BR-00000147,left,NGIQ-BR-00000271,0.0,0.0,0.0,0,68.641
NGIQ-BR-00000147,left,NGIQ-BR-00000272,0.0,0.0,0.0,0,89.776
NGIQ-BR-00000147,left,NGIQ-BR-00000273,0.0,0.0,0.0,0,67.432
NGIQ-BR-00000147,left,NGIQ-BR-00000274,0.0,0.0,0.0,0,39.055
NGIQ-BR-00000147,left,NGIQ-BR-00000275,0.0,0.0,0.0,0,68.904
NGIQ-BR-00000147,left,NGIQ-BR-00000276,0.0,0.0,0.0,0,50.721
NGIQ-BR-00000147,left,NGIQ-BR-00000277,0.0,0.0,0.0,0,73.633
NGIQ-BR-00000147,left,NGIQ-BR-00000278,0.0,0.0,0.0,0,94.792
NGIQ-BR-00000147,left,NGIQ-BR-00000279,0.0,0.0,0.0,0,69.514
NGIQ-BR-00000147,left,NGIQ-BR-00000280,0.0,0.0,0.0,0,107.475
NGIQ-BR-00000147,left,NGIQ-BR-00000281,0.0,0.0,0.0,0,58.997
NGIQ-BR-00000147,left,NGIQ-BR-00000282,0.0,0.0,0.0,0,69.23
NGIQ-BR-00000147,left,NGIQ-BR-00000283,0.0,0.0,0.0,0,47.836
NGIQ-BR-00000147,left,NGIQ-BR-00000284,0.0,0.0,0.0,0,57.704
NGIQ-BR-00000147,left,NGIQ-BR-00000285,0.0,0.0,0.0,0,95.427
NGIQ-BR-00000147,left,NGIQ-BR-00000286,0.0,0.0,0.0,0,77.681
NGIQ-BR-00000147,left,NGIQ-BR-00000287,0.0,0.0,0.0,0,73.092
NGIQ-BR-00000147,left,NGIQ-BR-00000288,0.02273,0.02052,0.01869,191,13.777
NGIQ-BR-00000147,left,NGIQ-BR-00000289,0.0,0.0,0.0,0,49.233
NGIQ-BR-00000147,left,NGIQ-BR-00000290,0.0,0.0,0.0,0,27.866
NGIQ-BR-00000147,left,NGIQ-BR-00000291,0.0,0.0,0.0,0,48.47
NGIQ-BR-00000147,left,NGIQ-BR-00000292,0.0,0.0,0.0,0,93.609
NGIQ-BR-00000147,left,NGIQ-BR-00000293,0.0,0.0,0.0,0,89.109
NGIQ-BR-00000147,left,NGIQ-BR-00000294,0.0,0.0,0.0,0,77.311
NGIQ-BR-00000147,left,NGIQ-BR-00000295,0.00321,0.00305,0.0029,27,43.764
NGIQ-BR-00000147,left,NGIQ-BR-00000296,0.0,0.0,0.0,0,54.242
NGIQ-BR-00000147,left,NGIQ-BR-00000297,0.24851,0.24368,0.23904,2088,10.579
NGIQ-BR-00000147,left,NGIQ-BR-00000298,0.0,0.0,0.0,0,36.966
NGIQ-BR-00000147,left,NGIQ-BR-00000299,0.0,0.0,0.0,0,56.824
NGIQ-BR-00000148,right,NGIQ-BR-00000300,0.0,0.0,0.0,0,72.331
NGIQ-BR-00000148,right,NGIQ-BR-00000301,0.0,0.0,0.0,0,50.341
NGIQ-BR-00000148,right,NGIQ-BR-00000302,0.0,0.0,0.0,0,62.684
NGIQ-BR-00000148,right,NGIQ-BR-00000303,0.0,0.0,0.0,0,92.624
NGIQ-BR-00000148,right,NGIQ-BR-00000304,0.0,0.0,0.0,0,70.757
NGIQ-BR-00000148,right,NGIQ-BR-00000305,0.02887,0.02881,0.02876,279,32.025
NGIQ-BR-00000148,right,NGIQ-BR-00000306,0.0,0.0,0.0,0,75.916
NGIQ-BR-00000148,right,NGIQ-BR-00000307,0.0,0.0,0.0,0,47.565
NGIQ-BR-00000148,right,NGIQ-BR-00000308,0.0,0.0,0.0,0,70.084
NGIQ-BR-00000148,right,NGIQ-BR-00000309,0.0,0.0,0.0,0,97.214
NGIQ-BR-00000148,right,NGIQ-BR-00000310,0.0,0.0,0.0,0,66.468
NGIQ-BR-00000148,right,NGIQ-BR-00000311,0.0,0.0,0.0,0,107.97
NGIQ-BR-00000148,right,NGIQ-BR-00000312,0.0,0.0,0.0,0,64.669
NGIQ-BR-00000148,right,NGIQ-BR-00000313,0.0,0.0,0.0,0,70.552
NGIQ-BR-00000148,right,NGIQ-BR-00000314,0.0,0.0,0.0,0,42.621
NGIQ-BR-00000148,right,NGIQ-BR-00000315,0.0,0.0,0.0,0,62.24
NGIQ-BR-00000148,right,NGIQ-BR-00000316,0.0,0.0,0.0,0,99.691
NGIQ-BR-00000148,right,NGIQ-BR-00000317,0.0,0.0,0.0,0,80.59
NGIQ-BR-00000148,right,NGIQ-BR-00000318,0.0,0.0,0.0,0,67.808
NGIQ-BR-00000148,right,NGIQ-BR-00000319,0.00683,0.007,0.00718,66,16.511
NGIQ-BR-00000148,right,NGIQ-BR-00000320,0.0,0.0,0.0,0,45.404
NGIQ-BR-00000148,right,NGIQ-BR-00000321,0.0,0.0,0.0,0,29.88
NGIQ-BR-00000148,right,NGIQ-BR-00000322,0.0,0.0,0.0,0,42.575
NGIQ-BR-00000148,right,NGIQ-BR-00000323,0.0,0.0,0.0,0,93.184
NGIQ-BR-00000148,right,NGIQ-BR-00000324,0.0,0.0,0.0,0,92.408
NGIQ-BR-00000148,right,NGIQ-BR-00000325,0.0,0.0,0.0,0,77.784
NGIQ-BR-00000148,right,NGIQ-BR-00000326,0.00103,0.00106,0.0011,10,38.31
NGIQ-BR-00000148,right,NGIQ-BR-00000327,0.0,0.0,0.0,0,62.067
NGIQ-BR-00000148,right,NGIQ-BR-00000328,0.22535,0.23786,0.25185,2178,14.442
NGIQ-BR-00000148,right,NGIQ-BR-00000329,0.0,0.0,0.0,0,41.59
NGIQ-BR-00000148,right,NGIQ-BR-00000330,0.0,0.0,0.0,0,60.661
NGIQ-BR-00000149,left,NGIQ-BR-00000269,0.0,0.0,0.0,0,87.999
NGIQ-BR-00000149,left,NGIQ-BR-00000270,0.0,0.0,0.0,0,66.901
NGIQ-BR-00000149,left,NGIQ-BR-00000271,0.0,0.0,0.0,0,60.249
NGIQ-BR-00000149,left,NGIQ-BR-00000272,0.0,0.0,0.0,0,94.183
NGIQ-BR-00000149,left,NGIQ-BR-00000273,0.0,0.0,0.0,0,64.153
NGIQ-BR-00000149,left,NGIQ-BR-00000274,0.08261,0.08708,0.09207,785,25.146
NGIQ-BR-00000149,left,NGIQ-BR-00000275,0.0,0.0,0.0,0,67.198
NGIQ-BR-00000149,left,NGIQ-BR-00000276,0.0,0.0,0.0,0,51.518
NGIQ-BR-00000149,left,NGIQ-BR-00000277,0.0,0.0,0.0,0,60.345
NGIQ-BR-00000149,left,NGIQ-BR-00000278,0.0,0.0,0.0,0,105.933
NGIQ-BR-00000149,left,NGIQ-BR-00000279,0.0,0.0,0.0,0,62.176
NGIQ-BR-00000149,left,NGIQ-BR-00000280,0.0,0.0,0.0,0,119.406
NGIQ-BR-00000149,left,NGIQ-BR-00000281,0.0,0.0,0.0,0,59.279
NGIQ-BR-00000149,left,NGIQ-BR-00000282,0.0,0.0,0.0,0,70.165
NGIQ-BR-00000149,left,NGIQ-BR-00000283,0.0,0.0,0.0,0,57.76
NGIQ-BR-00000149,left,NGIQ-BR-00000284,0.0,0.0,0.0,0,71.35
NGIQ-BR-00000149,left,NGIQ-BR-00000285,0.0,0.0,0.0,0,107.492
NGIQ-BR-00000149,left,NGIQ-BR-00000286,0.0,0.0,0.0,0,90.877
NGIQ-BR-00000149,left,NGIQ-BR-00000287,0.0,0.0,0.0,0,63.476
NGIQ-BR-00000149,left,NGIQ-BR-00000288,0.0,0.0,0.0,0,31.238
NGIQ-BR-00000149,left,NGIQ-BR-00000289,0.0,0.0,0.0,0,60.365
NGIQ-BR-00000149,left,NGIQ-BR-00000290,0.0,0.0,0.0,0,45.386
NGIQ-BR-00000149,left,NGIQ-BR-00000291,0.0,0.0,0.0,0,46.797
NGIQ-BR-00000149,left,NGIQ-BR-00000292,0.0,0.0,0.0,0,107.146
NGIQ-BR-00000149,left,NGIQ-BR-00000293,0.0,0.0,0.0,0,104.543
NGIQ-BR-00000149,left,NGIQ-BR-00000294,0.0,0.0,0.0,0,94.052
NGIQ-BR-00000149,left,NGIQ-BR-00000295,0.0,0.0,0.0,0,39.009
NGIQ-BR-00000149,left,NGIQ-BR-00000296,0.0021,0.00191,0.00176,20,60.159
NGIQ-BR-00000149,left,NGIQ-BR-00000297,0.25055,0.2611,0.27258,2381,13.591
NGIQ-BR-00000149,left,NGIQ-BR-00000298,0.0,0.0,0.0,0,42.528
NGIQ-BR-00000149,left,NGIQ-BR-00000299,0.0,0.0,0.0,0,66.697
NGIQ-BR-00000150,right,NGIQ-BR-00000300,0.0,0.0,0.0,0,83.734
NGIQ-BR-00000150,right,NGIQ-BR-00000301,0.0,0.0,0.0,0,62.489
NGIQ-BR-00000150,right,NGIQ-BR-00000302,0.0,0.0,0.0,0,61.849
NGIQ-BR-00000150,right,NGIQ-BR-00000303,0.0,0.0,0.0,0,93.719
NGIQ-BR-00000150,right,NGIQ-BR-00000304,0.0,0.0,0.0,0,66.924
NGIQ-BR-00000150,right,NGIQ-BR-00000305,0.08145,0.08335,0.08534,828,24.88
NGIQ-BR-00000150,right,NGIQ-BR-00000306,0.0,0.0,0.0,0,71.165
NGIQ-BR-00000150,right,NGIQ-BR-00000307,0.0,0.0,0.0,0,52.168
NGIQ-BR-00000150,right,NGIQ-BR-00000308,0.0,0.0,0.0,0,62.494
NGIQ-BR-00000150,right,NGIQ-BR-00000309,0.0,0.0,0.0,0,102.527
NGIQ-BR-00000150,right,NGIQ-BR-00000310,0.0,0.0,0.0,0,64.138
NGIQ-BR-00000150,right,NGIQ-BR-00000311,0.0,0.0,0.0,0,115.096
NGIQ-BR-00000150,right,NGIQ-BR-00000312,0.0,0.0,0.0,0,59.9
NGIQ-BR-00000150,right,NGIQ-BR-00000313,0.0,0.0,0.0,0,70.129
NGIQ-BR-00000150,right,NGIQ-BR-00000314,0.0,0.0,0.0,0,56.476
NGIQ-BR-00000150,right,NGIQ-BR-00000315,0.0,0.0,0.0,0,67.567
NGIQ-BR-00000150,right,NGIQ-BR-00000316,0.0,0.0,0.0,0,104.298
NGIQ-BR-00000150,right,NGIQ-BR-00000317,0.0,0.0,0.0,0,85.84
NGIQ-BR-00000150,right,NGIQ-BR-00000318,0.0,0.0,0.0,0,65.0
NGIQ-BR-00000150,right,NGIQ-BR-00000319,0.0,0.0,0.0,0,28.28
NGIQ-BR-00000150,right,NGIQ-BR-00000320,0.0,0.0,0.0,0,57.485
NGIQ-BR-00000150,right,NGIQ-BR-00000321,0.0,0.0,0.0,0,41.371
NGIQ-BR-00000150,right,NGIQ-BR-00000322,0.0,0.0,0.0,0,47.879
NGIQ-BR-00000150,right,NGIQ-BR-00000323,0.0,0.0,0.0,0,102.228
NGIQ-BR-00000150,right,NGIQ-BR-00000324,0.0,0.0,0.0,0,100.71
NGIQ-BR-00000150,right,NGIQ-BR-00000325,0.0,0.0,0.0,0,90.422
NGIQ-BR-00000150,right,NGIQ-BR-00000326,0.0,0.0,0.0,0,41.933
NGIQ-BR-00000150,right,NGIQ-BR-00000327,0.0001,9e-05,9e-05,1,61.491
NGIQ-BR-00000150,right,NGIQ-BR-00000328,0.23628,0.25534,0.27775,2402,14.232
NGIQ-BR-00000150,right,NGIQ-BR-00000329,0.0,0.0,0.0,0,42.227
NGIQ-BR-00000150,right,NGIQ-BR-00000330,0.0,0.0,0.0,0,64.559
NGIQ-BR-00000151,left,NGIQ-BR-00000269,0.0,0.0,0.0,0,95.688
NGIQ-BR-00000151,left,NGIQ-BR-00000270,0.0,0.0,0.0,0,82.374
NGIQ-BR-00000151,left,NGIQ-BR-00000271,0.0,0.0,0.0,0,42.488
NGIQ-BR-00000151,left,NGIQ-BR-00000272,0.0,0.0,0.0,0,91.339
NGIQ-BR-00000151,left,NGIQ-BR-00000273,0.0,0.0,0.0,0,54.699
NGIQ-BR-00000151,left,NGIQ-BR-00000274,0.22516,0.27099,0.34025,2901,9.28
NGIQ-BR-00000151,left,NGIQ-BR-00000275,0.0,0.0,0.0,0,62.896
NGIQ-BR-00000151,left,NGIQ-BR-00000276,0.0,0.0,0.0,0,44.003
NGIQ-BR-00000151,left,NGIQ-BR-00000277,0.0,0.0,0.0,0,38.405
NGIQ-BR-00000151,left,NGIQ-BR-00000278,0.0,0.0,0.0,0,111.107
NGIQ-BR-00000151,left,NGIQ-BR-00000279,0.0,0.0,0.0,0,44.163
NGIQ-BR-00000151,left,NGIQ-BR-00000280,0.0,0.0,0.0,0,123.87
NGIQ-BR-00000151,left,NGIQ-BR-00000281,0.00272,0.00323,0.004,35,59.943
NGIQ-BR-00000151,left,NGIQ-BR-00000282,0.0,0.0,0.0,0,63.603
NGIQ-BR-00000151,left,NGIQ-BR-00000283,0.0,0.0,0.0,0,64.111
NGIQ-BR-00000151,left,NGIQ-BR-00000284,0.0,0.0,0.0,0,83.024
NGIQ-BR-00000151,left,NGIQ-BR-00000285,0.0,0.0,0.0,0,115.976
NGIQ-BR-00000151,left,NGIQ-BR-00000286,0.0,0.0,0.0,0,101.392
NGIQ-BR-00000151,left,NGIQ-BR-00000287,0.0,0.0,0.0,0,43.468
NGIQ-BR-00000151,left,NGIQ-BR-00000288,0.0,0.0,0.0,0,47.738
NGIQ-BR-00000151,left,NGIQ-BR-00000289,0.0,0.0,0.0,0,64.733
NGIQ-BR-00000151,left,NGIQ-BR-00000290,0.0,0.0,0.0,0,60.864
NGIQ-BR-00000151,left,NGIQ-BR-00000291,0.0,0.0,0.0,0,39.966
NGIQ-BR-00000151,left,NGIQ-BR-00000292,0.0,0.0,0.0,0,113.524
NGIQ-BR-00000151,left,NGIQ-BR-00000293,0.0,0.0,0.0,0,116.022
NGIQ-BR-00000151,left,NGIQ-BR-00000294,0.0,0.0,0.0,0,105.575
NGIQ-BR-00000151,left,NGIQ-BR-00000295,0.0,0.0,0.0,0,34.868
NGIQ-BR-00000151,left,NGIQ-BR-00000296,0.0,0.0,0.0,0,65.331
NGIQ-BR-00000151,left,NGIQ-BR-00000297,0.02499,0.02979,0.03686,322,30.056
NGIQ-BR-00000151,left,NGIQ-BR-00000298,0.0,0.0,0.0,0,46.808
NGIQ-BR-00000151,left,NGIQ-BR-00000299,0.0,0.0,0.0,0,72.285
NGIQ-BR-00000152,right,NGIQ-BR-00000300,0.0,0.0,0.0,0,89.341
NGIQ-BR-00000152,right,NGIQ-BR-00000301,0.0,0.0,0.0,0,74.825
NGIQ-BR-00000152,right,NGIQ-BR-00000302,0.0,0.0,0.0,0,49.341
NGIQ-BR-00000152,right,NGIQ-BR-00000303,0.0,0.0,0.0,0,87.729
NGIQ-BR-00000152,right,NGIQ-BR-00000304,0.0,0.0,0.0,0,54.98
NGIQ-BR-00000152,right,NGIQ-BR-00000305,0.21811,0.23586,0.25675,2491,13.165
NGIQ-BR-00000152,right,NGIQ-BR-00000306,0.0,0.0,0.0,0,62.525
NGIQ-BR-00000152,right,NGIQ-BR-00000307,0.0,0.0,0.0,0,45.184
NGIQ-BR-00000152,right,NGIQ-BR-00000308,0.0,0.0,0.0,0,44.662
NGIQ-BR-00000152,right,NGIQ-BR-00000309,0.0,0.0,0.0,0,103.711
NGIQ-BR-00000152,right,NGIQ-BR-00000310,0.0,0.0,0.0,0,49.123
NGIQ-BR-00000152,right,NGIQ-BR-00000311,0.0,0.0,0.0,0,116.492
NGIQ-BR-00000152,right,NGIQ-BR-00000312,0.00193,0.00201,0.00209,22,54.726
NGIQ-BR-00000152,right,NGIQ-BR-00000313,0.0,0.0,0.0,0,61.05
NGIQ-BR-00000152,right,NGIQ-BR-00000314,0.0,0.0,0.0,0,63.294
NGIQ-BR-00000152,right,NGIQ-BR-00000315,0.0,0.0,0.0,0,74.149
NGIQ-BR-00000152,right,NGIQ-BR-00000316,0.0,0.0,0.0,0,108.084
NGIQ-BR-00000152,right,NGIQ-BR-00000317,0.0,0.0,0.0,0,91.751
NGIQ-BR-00000152,right,NGIQ-BR-00000318,0.0,0.0,0.0,0,49.894
NGIQ-BR-00000152,right,NGIQ-BR-00000319,0.0,0.0,0.0,0,41.31
NGIQ-BR-00000152,right,NGIQ-BR-00000320,0.0,0.0,0.0,0,60.944
NGIQ-BR-00000152,right,NGIQ-BR-00000321,0.0,0.0,0.0,0,53.42
NGIQ-BR-00000152,right,NGIQ-BR-00000322,0.0,0.0,0.0,0,43.308
NGIQ-BR-00000152,right,NGIQ-BR-00000323,0.0,0.0,0.0,0,105.907
NGIQ-BR-00000152,right,NGIQ-BR-00000324,0.0,0.0,0.0,0,108.082
NGIQ-BR-00000152,right,NGIQ-BR-00000325,0.0,0.0,0.0,0,99.644
NGIQ-BR-00000152,right,NGIQ-BR-00000326,0.0,0.0,0.0,0,40.478
NGIQ-BR-00000152,right,NGIQ-BR-00000327,0.0,0.0,0.0,0,61.068
NGIQ-BR-00000152,right,NGIQ-BR-00000328,0.00517,0.00588,0.00682,59,25.697
NGIQ-BR-00000152,right,NGIQ-BR-00000329,0.0,0.0,0.0,0,41.868
NGIQ-BR-00000152,right,NGIQ-BR-00000330,0.0,0.0,0.0,0,65.56
NGIQ-BR-00000153,left,NGIQ-BR-00000269,0.0,0.0,0.0,0,70.875
NGIQ-BR-00000153,left,NGIQ-BR-00000270,0.0,0.0,0.0,0,53.664
NGIQ-BR-00000153,left,NGIQ-BR-00000271,0.0,0.0,0.0,0,67.803
NGIQ-BR-00000153,left,NGIQ-BR-00000272,0.0,0.0,0.0,0,73.147
NGIQ-BR-00000153,left,NGIQ-BR-00000273,0.0,0.0,0.0,0,50.259
NGIQ-BR-00000153,left,NGIQ-BR-00000274,0.0,0.0,0.0,0,41.132
NGIQ-BR-00000153,left,NGIQ-BR-00000275,0.0,0.0,0.0,0,49.587
NGIQ-BR-00000153,left,NGIQ-BR-00000276,0.0,0.0,0.0,0,47.439
NGIQ-BR-00000153,left,NGIQ-BR-00000277,0.0,0.0,0.0,0,66.923
NGIQ-BR-00000153,left,NGIQ-BR-00000278,0.0,0.0,0.0,0,82.683
NGIQ-BR-00000153,left,NGIQ-BR-00000279,0.0,0.0,0.0,0,61.14
NGIQ-BR-00000153,left,NGIQ-BR-00000280,0.0,0.0,0.0,0,97.267
NGIQ-BR-00000153,left,NGIQ-BR-00000281,0.0,0.0,0.0,0,39.528
NGIQ-BR-00000153,left,NGIQ-BR-00000282,0.0,0.0,0.0,0,53.136
NGIQ-BR-00000153,left,NGIQ-BR-00000283,0.0,0.0,0.0,0,58.66
NGIQ-BR-00000153,left,NGIQ-BR-00000284,0.0,0.0,0.0,0,49.002
NGIQ-BR-00000153,left,NGIQ-BR-00000285,0.0,0.0,0.0,0,83.864
NGIQ-BR-00000153,left,NGIQ-BR-00000286,0.0,0.0,0.0,0,67.904
NGIQ-BR-00000153,left,NGIQ-BR-00000287,0.0,0.0,0.0,0,68.713
NGIQ-BR-00000153,left,NGIQ-BR-00000288,0.01009,0.00941,0.00881,90,23.333
NGIQ-BR-00000153,left,NGIQ-BR-00000289,0.0,0.0,0.0,0,51.445
NGIQ-BR-00000153,left,NGIQ-BR-00000290,0.0,0.0,0.0,0,33.858
NGIQ-BR-00000153,left,NGIQ-BR-00000291,0.0,0.0,0.0,0,53.356
NGIQ-BR-00000153,left,NGIQ-BR-00000292,0.0,0.0,0.0,0,86.423
NGIQ-BR-00000153,left,NGIQ-BR-00000293,0.0,0.0,0.0,0,83.468
NGIQ-BR-00000153,left,NGIQ-BR-00000294,0.0,0.0,0.0,0,78.986
NGIQ-BR-00000153,left,NGIQ-BR-00000295,0.0,0.0,0.0,0,53.256
NGIQ-BR-00000153,left,NGIQ-BR-00000296,0.00258,0.00226,0.00202,23,36.687
NGIQ-BR-00000153,left,NGIQ-BR-00000297,0.34055,0.34408,0.34768,3037,11.744
NGIQ-BR-00000153,left,NGIQ-BR-00000298,0.00011,0.00019,0.00071,1,20.412
NGIQ-BR-00000153,left,NGIQ-BR-00000299,0.0,0.0,0.0,0,43.608
NGIQ-BR-00000154,right,NGIQ-BR-00000300,0.0,0.0,0.0,0,68.289
NGIQ-BR-00000154,right,NGIQ-BR-00000301,0.0,0.0,0.0,0,50.198
NGIQ-BR-00000154,right,NGIQ-BR-00000302,0.0,0.0,0.0,0,69.576
NGIQ-BR-00000154,right,NGIQ-BR-00000303,0.0,0.0,0.0,0,75.394
NGIQ-BR-00000154,right,NGIQ-BR-00000304,0.0,0.0,0.0,0,55.423
NGIQ-BR-00000154,right,NGIQ-BR-00000305,0.0,0.0,0.0,0,39.093
NGIQ-BR-00000154,right,NGIQ-BR-00000306,0.0,0.0,0.0,0,55.768
NGIQ-BR-00000154,right,NGIQ-BR-00000307,0.0,0.0,0.0,0,49.64
NGIQ-BR-00000154,right,NGIQ-BR-00000308,0.0,0.0,0.0,0,68.799
NGIQ-BR-00000154,right,NGIQ-BR-00000309,0.0,0.0,0.0,0,81.477
NGIQ-BR-00000154,right,NGIQ-BR-00000310,0.0,0.0,0.0,0,63.912
NGIQ-BR-00000154,right,NGIQ-BR-00000311,0.0,0.0,0.0,0,95.068
NGIQ-BR-00000154,right,NGIQ-BR-00000312,0.0,0.0,0.0,0,42.758
NGIQ-BR-00000154,right,NGIQ-BR-00000313,0.0,0.0,0.0,0,55.96
NGIQ-BR-00000154,right,NGIQ-BR-00000314,0.0,0.0,0.0,0,57.538
NGIQ-BR-00000154,right,NGIQ-BR-00000315,0.0,0.0,0.0,0,46.557
NGIQ-BR-00000154,right,NGIQ-BR-00000316,0.0,0.0,0.0,0,82.612
NGIQ-BR-00000154,right,NGIQ-BR-00000317,0.0,0.0,0.0,0,64.602
NGIQ-BR-00000154,right,NGIQ-BR-00000318,0.0,0.0,0.0,0,70.401
NGIQ-BR-00000154,right,NGIQ-BR-00000319,0.00019,0.0002,0.00022,2,21.576
NGIQ-BR-00000154,right,NGIQ-BR-00000320,0.0,0.0,0.0,0,50.364
NGIQ-BR-00000154,right,NGIQ-BR-00000321,0.0,0.0,0.0,0,29.779
NGIQ-BR-00000154,right,NGIQ-BR-00000322,0.0,0.0,0.0,0,54.449
NGIQ-BR-00000154,right,NGIQ-BR-00000323,0.0,0.0,0.0,0,83.409
NGIQ-BR-00000154,right,NGIQ-BR-00000324,0.0,0.0,0.0,0,80.979
NGIQ-BR-00000154,right,NGIQ-BR-00000325,0.0,0.0,0.0,0,76.327
NGIQ-BR-00000154,right,NGIQ-BR-00000326,0.0,0.0,0.0,0,55.779
NGIQ-BR-00000154,right,NGIQ-BR-00000327,0.00664,0.00649,0.00635,70,40.514
NGIQ-BR-00000154,right,NGIQ-BR-00000328,0.31292,0.34391,0.38171,3301,9.071
NGIQ-BR-00000154,right,NGIQ-BR-00000329,0.00474,0.00856,0.04386,50,22.405
NGIQ-BR-00000154,right,NGIQ-BR-00000330,0.00076,0.00084,0.00093,8,43.697
NGIQ-BR-00000155,left,NGIQ-BR-00000269,0.0,0.0,0.0,0,88.533
NGIQ-BR-00000155,left,NGIQ-BR-00000270,0.0,0.0,0.0,0,82.516
NGIQ-BR-00000155,left,NGIQ-BR-00000271,0.0,0.0,0.0,0,35.512
NGIQ-BR-00000155,left,NGIQ-BR-00000272,0.0,0.0,0.0,0,108.738
NGIQ-BR-00000155,left,NGIQ-BR-00000273,0.0,0.0,0.0,0,82.978
NGIQ-BR-00000155,left,NGIQ-BR-00000274,0.0,0.0,0.0,0,41.971
NGIQ-BR-00000155,left,NGIQ-BR-00000275,0.0,0.0,0.0,0,96.981
NGIQ-BR-00000155,left,NGIQ-BR-00000276,0.0,0.0,0.0,0,38.153
NGIQ-BR-00000155,left,NGIQ-BR-00000277,0.0,0.0,0.0,0,63.126
NGIQ-BR-00000155,left,NGIQ-BR-00000278,0.0,0.0,0.0,0,121.605
NGIQ-BR-00000155,left,NGIQ-BR-00000279,0.0,0.0,0.0,0,55.817
NGIQ-BR-00000155,left,NGIQ-BR-00000280,0.0,0.0,0.0,0,127.2
NGIQ-BR-00000155,left,NGIQ-BR-00000281,0.0,0.0,0.0,0,95.473
NGIQ-BR-00000155,left,NGIQ-BR-00000282,0.0,0.0,0.0,0,82.708
NGIQ-BR-00000155,left,NGIQ-BR-00000283,0.0,0.0,0.0,0,36.978
NGIQ-BR-00000155,left,NGIQ-BR-00000284,0.0,0.0,0.0,0,98.433
NGIQ-BR-00000155,left,NGIQ-BR-00000285,0.0,0.0,0.0,0,131.031
NGIQ-BR-00000155,left,NGIQ-BR-00000286,0.0,0.0,0.0,0,116.066
NGIQ-BR-00000155,left,NGIQ-BR-00000287,0.0,0.0,0.0,0,48.568
NGIQ-BR-00000155,left,NGIQ-BR-00000288,0.0,0.0,0.0,0,59.834
NGIQ-BR-00000155,left,NGIQ-BR-00000289,0.0,0.0,0.0,0,50.09
NGIQ-BR-00000155,left,NGIQ-BR-00000290,0.0,0.0,0.0,0,66.606
NGIQ-BR-00000155,left,NGIQ-BR-00000291,0.22813,0.15562,0.11809,1004,15.467
NGIQ-BR-00000155,left,NGIQ-BR-00000292,0.0,0.0,0.0,0,112.665
NGIQ-BR-00000155,left,NGIQ-BR-00000293,0.0,0.0,0.0,0,121.413
NGIQ-BR-00000155,left,NGIQ-BR-00000294,0.0,0.0,0.0,0,96.281
NGIQ-BR-00000155,left,NGIQ-BR-00000295,0.0,0.0,0.0,0,17.856
NGIQ-BR-00000155,left,NGIQ-BR-00000296,0.0,0.0,0.0,0,93.227
NGIQ-BR-00000155,left,NGIQ-BR-00000297,0.0,0.0,0.0,0,59.019
NGIQ-BR-00000155,left,NGIQ-BR-00000298,0.0,0.0,0.0,0,71.228
NGIQ-BR-00000155,left,NGIQ-BR-00000299,0.0,0.0,0.0,0,88.215
NGIQ-BR-00000156,right,NGIQ-BR-00000300,0.0,0.0,0.0,0,90.159
NGIQ-BR-00000156,right,NGIQ-BR-00000301,0.0,0.0,0.0,0,84.44
NGIQ-BR-00000156,right,NGIQ-BR-00000302,0.0,0.0,0.0,0,33.498
NGIQ-BR-00000156,right,NGIQ-BR-00000303,0.0,0.0,0.0,0,110.152
NGIQ-BR-00000156,right,NGIQ-BR-00000304,0.0,0.0,0.0,0,84.851
NGIQ-BR-00000156,right,NGIQ-BR-00000305,0.0,0.0,0.0,0,43.227
NGIQ-BR-00000156,right,NGIQ-BR-00000306,0.0,0.0,0.0,0,100.838
NGIQ-BR-00000156,right,NGIQ-BR-00000307,0.0,0.0,0.0,0,39.973
NGIQ-BR-00000156,right,NGIQ-BR-00000308,0.0,0.0,0.0,0,62.102
NGIQ-BR-00000156,right,NGIQ-BR-00000309,0.0,0.0,0.0,0,122.835
NGIQ-BR-00000156,right,NGIQ-BR-00000310,0.0,0.0,0.0,0,55.395
NGIQ-BR-00000156,right,NGIQ-BR-00000311,0.0,0.0,0.0,0,127.954
NGIQ-BR-00000156,right,NGIQ-BR-00000312,0.0,0.0,0.0,0,97.217
NGIQ-BR-00000156,right,NGIQ-BR-00000313,0.0,0.0,0.0,0,83.695
NGIQ-BR-00000156,right,NGIQ-BR-00000314,0.0,0.0,0.0,0,40.894
NGIQ-BR-00000156,right,NGIQ-BR-00000315,0.0,0.0,0.0,0,100.899
NGIQ-BR-00000156,right,NGIQ-BR-00000316,0.0,0.0,0.0,0,133.195
NGIQ-BR-00000156,right,NGIQ-BR-00000317,0.0,0.0,0.0,0,117.49
NGIQ-BR-00000156,right,NGIQ-BR-00000318,0.0,0.0,0.0,0,46.553
NGIQ-BR-00000156,right,NGIQ-BR-00000319,0.0,0.0,0.0,0,61.305
NGIQ-BR-00000156,right,NGIQ-BR-00000320,0.0,0.0,0.0,0,51.457
NGIQ-BR-00000156,right,NGIQ-BR-00000321,0.0,0.0,0.0,0,69.756
NGIQ-BR-00000156,right,NGIQ-BR-00000322,0.25292,0.15326,0.10994,931,17.692
NGIQ-BR-00000156,right,NGIQ-BR-00000323,0.0,0.0,0.0,0,113.524
NGIQ-BR-00000156,right,NGIQ-BR-00000324,0.0,0.0,0.0,0,124.398
NGIQ-BR-00000156,right,NGIQ-BR-00000325,0.0,0.0,0.0,0,99.764
NGIQ-BR-00000156,right,NGIQ-BR-00000326,0.0163,0.00938,0.00658,60,16.727
NGIQ-BR-00000156,right,NGIQ-BR-00000327,0.0,0.0,0.0,0,97.583
NGIQ-BR-00000156,right,NGIQ-BR-00000328,0.0,0.0,0.0,0,61.935
NGIQ-BR-00000156,right,NGIQ-BR-00000329,0.0,0.0,0.0,0,75.525
NGIQ-BR-00000156,right,NGIQ-BR-00000330,0.0,0.0,0.0,0,90.892
NGIQ-BR-00000157,left,NGIQ-BR-00000269,0.0,0.0,0.0,0,75.513
NGIQ-BR-00000157,left,NGIQ-BR-00000270,0.0,0.0,0.0,0,66.478
NGIQ-BR-00000157,left,NGIQ-BR-00000271,0.0,0.0,0.0,0,50.637
NGIQ-BR-00000157,left,NGIQ-BR-00000272,0.0,0.0,0.0,0,105.975
NGIQ-BR-00000157,left,NGIQ-BR-00000273,0.0,0.0,0.0,0,85.369
NGIQ-BR-00000157,left,NGIQ-BR-00000274,0.0,0.0,0.0,0,48.067
NGIQ-BR-00000157,left,NGIQ-BR-00000275,0.0,0.0,0.0,0,96.834
NGIQ-BR-00000157,left,NGIQ-BR-00000276,0.0,0.0,0.0,0,39.699
NGIQ-BR-00000157,left,NGIQ-BR-00000277,0.0,0.0,0.0,0,75.626
NGIQ-BR-00000157,left,NGIQ-BR-00000278,0.0,0.0,0.0,0,112.58
NGIQ-BR-00000157,left,NGIQ-BR-00000279,0.0,0.0,0.0,0,65.619
NGIQ-BR-00000157,left,NGIQ-BR-00000280,0.0,0.0,0.0,0,117.755
NGIQ-BR-00000157,left,NGIQ-BR-00000281,0.0,0.0,0.0,0,93.018
NGIQ-BR-00000157,left,NGIQ-BR-00000282,0.0,0.0,0.0,0,82.736
NGIQ-BR-00000157,left,NGIQ-BR-00000283,0.02432,0.02442,0.02452,116,19.328
NGIQ-BR-00000157,left,NGIQ-BR-00000284,0.0,0.0,0.0,0,86.994
NGIQ-BR-00000157,left,NGIQ-BR-00000285,0.0,0.0,0.0,0,120.592
NGIQ-BR-00000157,left,NGIQ-BR-00000286,0.0,0.0,0.0,0,104.664
NGIQ-BR-00000157,left,NGIQ-BR-00000287,0.0,0.0,0.0,0,62.363
NGIQ-BR-00000157,left,NGIQ-BR-00000288,0.0,0.0,0.0,0,48.356
NGIQ-BR-00000157,left,NGIQ-BR-00000289,0.0,0.0,0.0,0,38.141
NGIQ-BR-00000157,left,NGIQ-BR-00000290,0.0,0.0,0.0,0,52.648
NGIQ-BR-00000157,left,NGIQ-BR-00000291,0.30566,0.21971,0.17149,1458,22.283
NGIQ-BR-00000157,left,NGIQ-BR-00000292,0.0,0.0,0.0,0,101.424
NGIQ-BR-00000157,left,NGIQ-BR-00000293,0.0,0.0,0.0,0,107.836
NGIQ-BR-00000157,left,NGIQ-BR-00000294,0.0,0.0,0.0,0,80.469
NGIQ-BR-00000157,left,NGIQ-BR-00000295,0.00063,0.00043,0.00032,3,24.067
NGIQ-BR-00000157,left,NGIQ-BR-00000296,0.0,0.0,0.0,0,87.435
NGIQ-BR-00000157,left,NGIQ-BR-00000297,0.0,0.0,0.0,0,53.534
NGIQ-BR-00000157,left,NGIQ-BR-00000298,0.0,0.0,0.0,0,65.992
NGIQ-BR-00000157,left,NGIQ-BR-00000299,0.0,0.0,0.0,0,80.216
NGIQ-BR-00000158,right,NGIQ-BR-00000300,0.0,0.0,0.0,0,76.539
NGIQ-BR-00000158,right,NGIQ-BR-00000301,0.0,0.0,0.0,0,68.496
NGIQ-BR-00000158,right,NGIQ-BR-00000302,0.0,0.0,0.0,0,49.207
NGIQ-BR-00000158,right,NGIQ-BR-00000303,0.0,0.0,0.0,0,107.773
NGIQ-BR-00000158,right,NGIQ-BR-00000304,0.0,0.0,0.0,0,88.052
NGIQ-BR-00000158,right,NGIQ-BR-00000305,0.0,0.0,0.0,0,49.028
NGIQ-BR-00000158,right,NGIQ-BR-00000306,0.0,0.0,0.0,0,101.517
NGIQ-BR-00000158,right,NGIQ-BR-00000307,0.0,0.0,0.0,0,41.569
NGIQ-BR-00000158,right,NGIQ-BR-00000308,0.0,0.0,0.0,0,75.503
NGIQ-BR-00000158,right,NGIQ-BR-00000309,0.0,0.0,0.0,0,114.055
NGIQ-BR-00000158,right,NGIQ-BR-00000310,0.0,0.0,0.0,0,65.453
NGIQ-BR-00000158,right,NGIQ-BR-00000311,0.0,0.0,0.0,0,118.312
NGIQ-BR-00000158,right,NGIQ-BR-00000312,0.0,0.0,0.0,0,95.767
NGIQ-BR-00000158,right,NGIQ-BR-00000313,0.0,0.0,0.0,0,84.293
NGIQ-BR-00000158,right,NGIQ-BR-00000314,0.00091,0.00099,0.00108,5,22.652
NGIQ-BR-00000158,right,NGIQ-BR-00000315,0.0,0.0,0.0,0,90.229
NGIQ-BR-00000158,right,NGIQ-BR-00000316,0.0,0.0,0.0,0,123.102
NGIQ-BR-00000158,right,NGIQ-BR-00000317,0.0,0.0,0.0,0,106.487
NGIQ-BR-00000158,right,NGIQ-BR-00000318,0.0,0.0,0.0,0,60.854
NGIQ-BR-00000158,right,NGIQ-BR-00000319,0.0,0.0,0.0,0,50.273
NGIQ-BR-00000158,right,NGIQ-BR-00000320,0.0,0.0,0.0,0,39.093
NGIQ-BR-00000158,right,NGIQ-BR-00000321,0.0,0.0,0.0,0,56.583
NGIQ-BR-00000158,right,NGIQ-BR-00000322,0.28242,0.2216,0.18233,1544,23.663
NGIQ-BR-00000158,right,NGIQ-BR-00000323,0.0,0.0,0.0,0,101.839
NGIQ-BR-00000158,right,NGIQ-BR-00000324,0.0,0.0,0.0,0,110.972
NGIQ-BR-00000158,right,NGIQ-BR-00000325,0.0,0.0,0.0,0,83.435
NGIQ-BR-00000158,right,NGIQ-BR-00000326,0.01774,0.0133,0.01064,97,23.799
NGIQ-BR-00000158,right,NGIQ-BR-00000327,0.0,0.0,0.0,0,92.461
NGIQ-BR-00000158,right,NGIQ-BR-00000328,0.0,0.0,0.0,0,56.245
NGIQ-BR-00000158,right,NGIQ-BR-00000329,0.0,0.0,0.0,0,70.72
NGIQ-BR-00000158,right,NGIQ-BR-00000330,0.0,0.0,0.0,0,83.552
NGIQ-BR-00000159,left,NGIQ-BR-00000269,0.0,0.0,0.0,0,87.289
NGIQ-BR-00000159,left,NGIQ-BR-00000270,0.0,0.0,0.0,0,85.308
NGIQ-BR-00000159,left,NGIQ-BR-00000271,0.01591,0.024,0.04884,118,15.713
NGIQ-BR-00000159,left,NGIQ-BR-00000272,0.0,0.0,0.0,0,89.938
NGIQ-BR-00000159,left,NGIQ-BR-00000273,0.0,0.0,0.0,0,59.237
NGIQ-BR-00000159,left,NGIQ-BR-00000274,0.0,0.0,0.0,0,29.745
NGIQ-BR-00000159,left,NGIQ-BR-00000275,0.0,0.0,0.0,0,75.055
NGIQ-BR-00000159,left,NGIQ-BR-00000276,0.00162,0.00236,0.00439,12,23.243
NGIQ-BR-00000159,left,NGIQ-BR-00000277,0.0,0.0,0.0,0,39.344
NGIQ-BR-00000159,left,NGIQ-BR-00000278,0.0,0.0,0.0,0,110.38
NGIQ-BR-00000159,left,NGIQ-BR-00000279,0.00081,0.00091,0.00105,6,29.711
NGIQ-BR-00000159,left,NGIQ-BR-00000280,0.0,0.0,0.0,0,118.064
NGIQ-BR-00000159,left,NGIQ-BR-00000281,0.0,0.0,0.0,0,76.287
NGIQ-BR-00000159,left,NGIQ-BR-00000282,0.0,0.0,0.0,0,61.596
NGIQ-BR-00000159,left,NGIQ-BR-00000283,0.0,0.0,0.0,0,50.812
NGIQ-BR-00000159,left,NGIQ-BR-00000284,0.0,0.0,0.0,0,90.859
NGIQ-BR-00000159,left,NGIQ-BR-00000285,0.0,0.0,0.0,0,120.747
NGIQ-BR-00000159,left,NGIQ-BR-00000286,0.0,0.0,0.0,0,107.638
NGIQ-BR-00000159,left,NGIQ-BR-00000287,0.00027,0.00043,0.00109,2,24.857
NGIQ-BR-00000159,left,NGIQ-BR-00000288,0.0,0.0,0.0,0,58.568
NGIQ-BR-00000159,left,NGIQ-BR-00000289,0.0,0.0,0.0,0,51.399
NGIQ-BR-00000159,left,NGIQ-BR-00000290,0.0,0.0,0.0,0,67.111
NGIQ-BR-00000159,left,NGIQ-BR-00000291,0.27861,0.25966,0.24312,2067,15.674
NGIQ-BR-00000159,left,NGIQ-BR-00000292,0.0,0.0,0.0,0,106.943
NGIQ-BR-00000159,left,NGIQ-BR-00000293,0.0,0.0,0.0,0,117.322
NGIQ-BR-00000159,left,NGIQ-BR-00000294,0.0,0.0,0.0,0,99.694
NGIQ-BR-00000159,left,NGIQ-BR-00000295,0.00647,0.00574,0.00515,48,26.018
NGIQ-BR-00000159,left,NGIQ-BR-00000296,0.0,0.0,0.0,0,77.759
NGIQ-BR-00000159,left,NGIQ-BR-00000297,0.0,0.0,0.0,0,51.353
NGIQ-BR-00000159,left,NGIQ-BR-00000298,0.0,0.0,0.0,0,56.825
NGIQ-BR-00000159,left,NGIQ-BR-00000299,0.0,0.0,0.0,0,76.016
NGIQ-BR-00000160,right,NGIQ-BR-00000300,0.0,0.0,0.0,0,85.065
NGIQ-BR-00000160,right,NGIQ-BR-00000301,0.0,0.0,0.0,0,82.971
NGIQ-BR-00000160,right,NGIQ-BR-00000302,0.01657,0.0261,0.0614,147,16.808
NGIQ-BR-00000160,right,NGIQ-BR-00000303,0.0,0.0,0.0,0,87.681
NGIQ-BR-00000160,right,NGIQ-BR-00000304,0.0,0.0,0.0,0,57.786
NGIQ-BR-00000160,right,NGIQ-BR-00000305,0.0,0.0,0.0,0,28.649
NGIQ-BR-00000160,right,NGIQ-BR-00000306,0.0,0.0,0.0,0,75.008
NGIQ-BR-00000160,right,NGIQ-BR-00000307,0.01579,0.02445,0.0542,140,21.819
NGIQ-BR-00000160,right,NGIQ-BR-00000308,0.0,0.0,0.0,0,37.941
NGIQ-BR-00000160,right,NGIQ-BR-00000309,0.0,0.0,0.0,0,107.051
NGIQ-BR-00000160,right,NGIQ-BR-00000310,0.00586,0.00725,0.0095,52,28.48
NGIQ-BR-00000160,right,NGIQ-BR-00000311,0.0,0.0,0.0,0,114.664
NGIQ-BR-00000160,right,NGIQ-BR-00000312,0.0,0.0,0.0,0,73.679
NGIQ-BR-00000160,right,NGIQ-BR-00000313,0.0,0.0,0.0,0,59.023
NGIQ-BR-00000160,right,NGIQ-BR-00000314,0.0,0.0,0.0,0,51.504
NGIQ-BR-00000160,right,NGIQ-BR-00000315,0.0,0.0,0.0,0,88.058
NGIQ-BR-00000160,right,NGIQ-BR-00000316,0.0,0.0,0.0,0,118.11
NGIQ-BR-00000160,right,NGIQ-BR-00000317,0.0,0.0,0.0,0,104.227
NGIQ-BR-00000160,right,NGIQ-BR-00000318,0.00214,0.00346,0.00893,19,23.81
NGIQ-BR-00000160,right,NGIQ-BR-00000319,0.0,0.0,0.0,0,56.284
NGIQ-BR-00000160,right,NGIQ-BR-00000320,0.0,0.0,0.0,0,49.289
NGIQ-BR-00000160,right,NGIQ-BR-00000321,0.0,0.0,0.0,0,65.231
NGIQ-BR-00000160,right,NGIQ-BR-00000322,0.32428,0.33178,0.33963,2876,15.367
NGIQ-BR-00000160,right,NGIQ-BR-00000323,0.0,0.0,0.0,0,103.751
NGIQ-BR-00000160,right,NGIQ-BR-00000324,0.0,0.0,0.0,0,115.28
NGIQ-BR-00000160,right,NGIQ-BR-00000325,0.0,0.0,0.0,0,98.896
NGIQ-BR-00000160,right,NGIQ-BR-00000326,0.00428,0.00423,0.00417,38,26.936
NGIQ-BR-00000160,right,NGIQ-BR-00000327,0.0,0.0,0.0,0,77.476
NGIQ-BR-00000160,right,NGIQ-BR-00000328,0.0,0.0,0.0,0,50.919
NGIQ-BR-00000160,right,NGIQ-BR-00000329,0.0,0.0,0.0,0,56.742
NGIQ-BR-00000160,right,NGIQ-BR-00000330,0.0,0.0,0.0,0,73.743
NGIQ-BR-00000161,left,NGIQ-BR-00000269,0.0,0.0,0.0,0,75.931
NGIQ-BR-00000161,left,NGIQ-BR-00000270,0.0,0.0,0.0,0,74.81
NGIQ-BR-00000161,left,NGIQ-BR-00000271,0.0,0.0,0.0,0,29.168
NGIQ-BR-00000161,left,NGIQ-BR-00000272,0.0,0.0,0.0,0,89.625
NGIQ-BR-00000161,left,NGIQ-BR-00000273,0.0,0.0,0.0,0,65.225
NGIQ-BR-00000161,left,NGIQ-BR-00000274,0.0,0.0,0.0,0,38.232
NGIQ-BR-00000161,left,NGIQ-BR-00000275,0.0,0.0,0.0,0,79.908
NGIQ-BR-00000161,left,NGIQ-BR-00000276,0.00637,0.00913,0.01611,44,18.85
NGIQ-BR-00000161,left,NGIQ-BR-00000277,0.0,0.0,0.0,0,54.651
NGIQ-BR-00000161,left,NGIQ-BR-00000278,0.0,0.0,0.0,0,104.672
NGIQ-BR-00000161,left,NGIQ-BR-00000279,0.0,0.0,0.0,0,40.936
NGIQ-BR-00000161,left,NGIQ-BR-00000280,0.0,0.0,0.0,0,110.719
NGIQ-BR-00000161,left,NGIQ-BR-00000281,0.0,0.0,0.0,0,79.559
NGIQ-BR-00000161,left,NGIQ-BR-00000282,0.0,0.0,0.0,0,63.698
NGIQ-BR-00000161,left,NGIQ-BR-00000283,0.0,0.0,0.0,0,36.386
NGIQ-BR-00000161,left,NGIQ-BR-00000284,0.0,0.0,0.0,0,84.835
NGIQ-BR-00000161,left,NGIQ-BR-00000285,0.0,0.0,0.0,0,115.225
NGIQ-BR-00000161,left,NGIQ-BR-00000286,0.0,0.0,0.0,0,101.506
NGIQ-BR-00000161,left,NGIQ-BR-00000287,0.0,0.0,0.0,0,39.181
NGIQ-BR-00000161,left,NGIQ-BR-00000288,0.0,0.0,0.0,0,52.533
NGIQ-BR-00000161,left,NGIQ-BR-00000289,0.0,0.0,0.0,0,38.48
NGIQ-BR-00000161,left,NGIQ-BR-00000290,0.0,0.0,0.0,0,58.644
NGIQ-BR-00000161,left,NGIQ-BR-00000291,0.32426,0.29065,0.26335,2239,6.536
NGIQ-BR-00000161,left,NGIQ-BR-00000292,0.0,0.0,0.0,0,97.738
NGIQ-BR-00000161,left,NGIQ-BR-00000293,0.0,0.0,0.0,0,108.341
NGIQ-BR-00000161,left,NGIQ-BR-00000294,0.0,0.0,0.0,0,87.107
NGIQ-BR-00000161,left,NGIQ-BR-00000295,0.0,0.0,0.0,0,24.596
NGIQ-BR-00000161,left,NGIQ-BR-00000296,0.0,0.0,0.0,0,77.291
NGIQ-BR-00000161,left,NGIQ-BR-00000297,0.0,0.0,0.0,0,51.108
NGIQ-BR-00000161,left,NGIQ-BR-00000298,0.0,0.0,0.0,0,55.823
NGIQ-BR-00000161,left,NGIQ-BR-00000299,0.0,0.0,0.0,0,71.77
NGIQ-BR-00000162,right,NGIQ-BR-00000300,0.0,0.0,0.0,0,75.616
NGIQ-BR-00000162,right,NGIQ-BR-00000301,0.0,0.0,0.0,0,74.997
NGIQ-BR-00000162,right,NGIQ-BR-00000302,0.0,0.0,0.0,0,28.322
NGIQ-BR-00000162,right,NGIQ-BR-00000303,0.0,0.0,0.0,0,90.459
NGIQ-BR-00000162,right,NGIQ-BR-00000304,0.0,0.0,0.0,0,67.235
NGIQ-BR-00000162,right,NGIQ-BR-00000305,0.0,0.0,0.0,0,39.313
NGIQ-BR-00000162,right,NGIQ-BR-00000306,0.0,0.0,0.0,0,83.638
NGIQ-BR-00000162,right,NGIQ-BR-00000307,0.00695,0.01034,0.02013,52,20.204
NGIQ-BR-00000162,right,NGIQ-BR-00000308,0.0,0.0,0.0,0,54.81
NGIQ-BR-00000162,right,NGIQ-BR-00000309,0.0,0.0,0.0,0,104.547
NGIQ-BR-00000162,right,NGIQ-BR-00000310,0.0,0.0,0.0,0,40.893
NGIQ-BR-00000162,right,NGIQ-BR-00000311,0.0,0.0,0.0,0,109.878
NGIQ-BR-00000162,right,NGIQ-BR-00000312,0.0,0.0,0.0,0,81.211
NGIQ-BR-00000162,right,NGIQ-BR-00000313,0.0,0.0,0.0,0,64.524
NGIQ-BR-00000162,right,NGIQ-BR-00000314,0.0,0.0,0.0,0,37.169
NGIQ-BR-00000162,right,NGIQ-BR-00000315,0.0,0.0,0.0,0,86.041
NGIQ-BR-00000162,right,NGIQ-BR-00000316,0.0,0.0,0.0,0,116.146
NGIQ-BR-00000162,right,NGIQ-BR-00000317,0.0,0.0,0.0,0,101.829
NGIQ-BR-00000162,right,NGIQ-BR-00000318,0.0,0.0,0.0,0,37.979
NGIQ-BR-00000162,right,NGIQ-BR-00000319,0.0,0.0,0.0,0,53.131
NGIQ-BR-00000162,right,NGIQ-BR-00000320,0.00013,0.00017,0.00023,1,37.748
NGIQ-BR-00000162,right,NGIQ-BR-00000321,0.0,0.0,0.0,0,60.078
NGIQ-BR-00000162,right,NGIQ-BR-00000322,0.304,0.28511,0.26842,2273,5.795
NGIQ-BR-00000162,right,NGIQ-BR-00000323,0.0,0.0,0.0,0,96.861
NGIQ-BR-00000162,right,NGIQ-BR-00000324,0.0,0.0,0.0,0,109.484
NGIQ-BR-00000162,right,NGIQ-BR-00000325,0.0,0.0,0.0,0,88.261
NGIQ-BR-00000162,right,NGIQ-BR-00000326,0.0,0.0,0.0,0,25.058
NGIQ-BR-00000162,right,NGIQ-BR-00000327,0.0,0.0,0.0,0,81.07
NGIQ-BR-00000162,right,NGIQ-BR-00000328,0.0,0.0,0.0,0,53.45
NGIQ-BR-00000162,right,NGIQ-BR-00000329,0.0,0.0,0.0,0,59.853
NGIQ-BR-00000162,right,NGIQ-BR-00000330,0.0,0.0,0.0,0,73.475
NGIQ-BR-00000163,left,NGIQ-BR-00000269,0.0,0.0,0.0,0,60.848
NGIQ-BR-00000163,left,NGIQ-BR-00000270,0.0,0.0,0.0,0,32.153
NGIQ-BR-00000163,left,NGIQ-BR-00000271,0.0,0.0,0.0,0,81.467
NGIQ-BR-00000163,left,NGIQ-BR-00000272,0.0,0.0,0.0,0,86.48
NGIQ-BR-00000163,left,NGIQ-BR-00000273,0.0,0.0,0.0,0,72.897
NGIQ-BR-00000163,left,NGIQ-BR-00000274,0.0,0.0,0.0,0,55.936
NGIQ-BR-00000163,left,NGIQ-BR-00000275,0.0,0.0,0.0,0,71.943
NGIQ-BR-00000163,left,NGIQ-BR-00000276,0.0,0.0,0.0,0,56.971
NGIQ-BR-00000163,left,NGIQ-BR-00000277,0.0,0.0,0.0,0,88.347
NGIQ-BR-00000163,left,NGIQ-BR-00000278,0.0,0.0,0.0,0,83.782
NGIQ-BR-00000163,left,NGIQ-BR-00000279,0.0,0.0,0.0,0,80.197
NGIQ-BR-00000163,left,NGIQ-BR-00000280,0.0,0.0,0.0,0,95.917
NGIQ-BR-00000163,left,NGIQ-BR-00000281,0.0,0.0,0.0,0,60.476
NGIQ-BR-00000163,left,NGIQ-BR-00000282,0.0,0.0,0.0,0,71.023
NGIQ-BR-00000163,left,NGIQ-BR-00000283,0.0,0.0,0.0,0,47.189
NGIQ-BR-00000163,left,NGIQ-BR-00000284,0.0,0.0,0.0,0,44.206
NGIQ-BR-00000163,left,NGIQ-BR-00000285,0.0,0.0,0.0,0,82.692
NGIQ-BR-00000163,left,NGIQ-BR-00000286,0.0,0.0,0.0,0,64.012
NGIQ-BR-00000163,left,NGIQ-BR-00000287,0.0,0.0,0.0,0,86.013
NGIQ-BR-00000163,left,NGIQ-BR-00000288,0.3048,0.26575,0.23556,2407,7.865
NGIQ-BR-00000163,left,NGIQ-BR-00000289,0.0,0.0,0.0,0,44.993
NGIQ-BR-00000163,left,NGIQ-BR-00000290,0.01026,0.00763,0.00607,81,12.749
NGIQ-BR-00000163,left,NGIQ-BR-00000291,0.0,0.0,0.0,0,58.402
NGIQ-BR-00000163,left,NGIQ-BR-00000292,0.0,0.0,0.0,0,80.886
NGIQ-BR-00000163,left,NGIQ-BR-00000293,0.0,0.0,0.0,0,73.243
NGIQ-BR-00000163,left,NGIQ-BR-00000294,0.0,0.0,0.0,0,62.066
NGIQ-BR-00000163,left,NGIQ-BR-00000295,0.0,0.0,0.0,0,56.853
NGIQ-BR-00000163,left,NGIQ-BR-00000296,0.0,0.0,0.0,0,50.418
NGIQ-BR-00000163,left,NGIQ-BR-00000297,0.0,0.0,0.0,0,24.938
NGIQ-BR-00000163,left,NGIQ-BR-00000298,0.0,0.0,0.0,0,37.1
NGIQ-BR-00000163,left,NGIQ-BR-00000299,0.0,0.0,0.0,0,49.04
NGIQ-BR-00000164,right,NGIQ-BR-00000300,0.0,0.0,0.0,0,59.093
NGIQ-BR-00000164,right,NGIQ-BR-00000301,0.0,0.0,0.0,0,31.238
NGIQ-BR-00000164,right,NGIQ-BR-00000302,0.0,0.0,0.0,0,79.88
NGIQ-BR-00000164,right,NGIQ-BR-00000303,0.0,0.0,0.0,0,87.829
NGIQ-BR-00000164,right,NGIQ-BR-00000304,0.0,0.0,0.0,0,75.229
NGIQ-BR-00000164,right,NGIQ-BR-00000305,0.0,0.0,0.0,0,51.899
NGIQ-BR-00000164,right,NGIQ-BR-00000306,0.0,0.0,0.0,0,76.0
NGIQ-BR-00000164,right,NGIQ-BR-00000307,0.0,0.0,0.0,0,57.057
NGIQ-BR-00000164,right,NGIQ-BR-00000308,0.0,0.0,0.0,0,86.982
NGIQ-BR-00000164,right,NGIQ-BR-00000309,0.0,0.0,0.0,0,84.032
NGIQ-BR-00000164,right,NGIQ-BR-00000310,0.0,0.0,0.0,0,79.369
NGIQ-BR-00000164,right,NGIQ-BR-00000311,0.0,0.0,0.0,0,94.752
NGIQ-BR-00000164,right,NGIQ-BR-00000312,0.0,0.0,0.0,0,62.727
NGIQ-BR-00000164,right,NGIQ-BR-00000313,0.0,0.0,0.0,0,71.895
NGIQ-BR-00000164,right,NGIQ-BR-00000314,0.0,0.0,0.0,0,45.137
NGIQ-BR-00000164,right,NGIQ-BR-00000315,0.0,0.0,0.0,0,45.609
NGIQ-BR-00000164,right,NGIQ-BR-00000316,0.0,0.0,0.0,0,83.658
NGIQ-BR-00000164,right,NGIQ-BR-00000317,0.0,0.0,0.0,0,63.41
NGIQ-BR-00000164,right,NGIQ-BR-00000318,0.0,0.0,0.0,0,84.121
NGIQ-BR-00000164,right,NGIQ-BR-00000319,0.29964,0.28289,0.26792,2463,7.049
NGIQ-BR-00000164,right,NGIQ-BR-00000320,0.0,0.0,0.0,0,43.628
NGIQ-BR-00000164,right,NGIQ-BR-00000321,0.04148,0.03255,0.02679,341,11.792
NGIQ-BR-00000164,right,NGIQ-BR-00000322,0.0,0.0,0.0,0,57.585
NGIQ-BR-00000164,right,NGIQ-BR-00000323,0.0,0.0,0.0,0,78.915
NGIQ-BR-00000164,right,NGIQ-BR-00000324,0.0,0.0,0.0,0,73.772
NGIQ-BR-00000164,right,NGIQ-BR-00000325,0.0,0.0,0.0,0,61.24
NGIQ-BR-00000164,right,NGIQ-BR-00000326,0.0,0.0,0.0,0,57.099
NGIQ-BR-00000164,right,NGIQ-BR-00000327,0.0,0.0,0.0,0,54.25
NGIQ-BR-00000164,right,NGIQ-BR-00000328,0.0,0.0,0.0,0,21.313
NGIQ-BR-00000164,right,NGIQ-BR-00000329,0.0,0.0,0.0,0,38.186
NGIQ-BR-00000164,right,NGIQ-BR-00000330,0.0,0.0,0.0,0,50.698
NGIQ-BR-00000165,left,NGIQ-BR-00000269,0.0,0.0,0.0,0,61.817
NGIQ-BR-00000165,left,NGIQ-BR-00000270,0.0,0.0,0.0,0,45.919
NGIQ-BR-00000165,left,NGIQ-BR-00000271,0.0,0.0,0.0,0,82.914
NGIQ-BR-00000165,left,NGIQ-BR-00000272,0.0,0.0,0.0,0,64.188
NGIQ-BR-00000165,left,NGIQ-BR-00000273,0.0,0.0,0.0,0,52.582
NGIQ-BR-00000165,left,NGIQ-BR-00000274,0.0,0.0,0.0,0,59.728
NGIQ-BR-00000165,left,NGIQ-BR-00000275,0.0,0.0,0.0,0,46.557
NGIQ-BR-00000165,left,NGIQ-BR-00000276,0.0,0.0,0.0,0,57.069
NGIQ-BR-00000165,left,NGIQ-BR-00000277,0.0,0.0,0.0,0,81.882
NGIQ-BR-00000165,left,NGIQ-BR-00000278,0.0,0.0,0.0,0,67.27
NGIQ-BR-00000165,left,NGIQ-BR-00000279,0.0,0.0,0.0,0,72.611
NGIQ-BR-00000165,left,NGIQ-BR-00000280,0.0,0.0,0.0,0,83.22
NGIQ-BR-00000165,left,NGIQ-BR-00000281,0.0,0.0,0.0,0,33.689
NGIQ-BR-00000165,left,NGIQ-BR-00000282,0.0,0.0,0.0,0,51.669
NGIQ-BR-00000165,left,NGIQ-BR-00000283,0.0,0.0,0.0,0,66.058
NGIQ-BR-00000165,left,NGIQ-BR-00000284,0.0,0.0,0.0,0,31.551
NGIQ-BR-00000165,left,NGIQ-BR-00000285,0.0,0.0,0.0,0,65.974
NGIQ-BR-00000165,left,NGIQ-BR-00000286,0.0,0.0,0.0,0,49.858
NGIQ-BR-00000165,left,NGIQ-BR-00000287,0.0,0.0,0.0,0,83.017
NGIQ-BR-00000165,left,NGIQ-BR-00000288,0.48168,0.33979,0.26248,2682,29.013
NGIQ-BR-00000165,left,NGIQ-BR-00000289,0.0,0.0,0.0,0,53.674
NGIQ-BR-00000165,left,NGIQ-BR-00000290,0.00395,0.00233,0.00165,22,32.039
NGIQ-BR-00000165,left,NGIQ-BR-00000291,0.0,0.0,0.0,0,67.397
NGIQ-BR-00000165,left,NGIQ-BR-00000292,0.0,0.0,0.0,0,73.349
NGIQ-BR-00000165,left,NGIQ-BR-00000293,0.0,0.0,0.0,0,67.191
NGIQ-BR-00000165,left,NGIQ-BR-00000294,0.0,0.0,0.0,0,69.585
NGIQ-BR-00000165,left,NGIQ-BR-00000295,0.0,0.0,0.0,0,69.767
NGIQ-BR-00000165,left,NGIQ-BR-00000296,0.0,0.0,0.0,0,23.407
NGIQ-BR-00000165,left,NGIQ-BR-00000297,0.00377,0.00294,0.0024,21,29.122
NGIQ-BR-00000165,left,NGIQ-BR-00000298,0.00036,0.00057,0.00142,2,18.152
NGIQ-BR-00000165,left,NGIQ-BR-00000299,0.0,0.0,0.0,0,30.422
NGIQ-BR-00000166,right,NGIQ-BR-00000300,0.0,0.0,0.0,0,59.863
NGIQ-BR-00000166,right,NGIQ-BR-00000301,0.0,0.0,0.0,0,45.846
NGIQ-BR-00000166,right,NGIQ-BR-00000302,0.0,0.0,0.0,0,83.246
NGIQ-BR-00000166,right,NGIQ-BR-00000303,0.0,0.0,0.0,0,63.21
NGIQ-BR-00000166,right,NGIQ-BR-00000304,0.0,0.0,0.0,0,53.497
NGIQ-BR-00000166,right,NGIQ-BR-00000305,0.0,0.0,0.0,0,57.231
NGIQ-BR-00000166,right,NGIQ-BR-00000306,0.0,0.0,0.0,0,48.007
NGIQ-BR-00000166,right,NGIQ-BR-00000307,0.0,0.0,0.0,0,57.959
NGIQ-BR-00000166,right,NGIQ-BR-00000308,0.0,0.0,0.0,0,81.049
NGIQ-BR-00000166,right,NGIQ-BR-00000309,0.0,0.0,0.0,0,64.444
NGIQ-BR-00000166,right,NGIQ-BR-00000310,0.0,0.0,0.0,0,72.345
NGIQ-BR-00000166,right,NGIQ-BR-00000311,0.0,0.0,0.0,0,79.592
NGIQ-BR-00000166,right,NGIQ-BR-00000312,0.0,0.0,0.0,0,33.371
NGIQ-BR-00000166,right,NGIQ-BR-00000313,0.0,0.0,0.0,0,51.147
NGIQ-BR-00000166,right,NGIQ-BR-00000314,0.0,0.0,0.0,0,66.688
NGIQ-BR-00000166,right,NGIQ-BR-00000315,0.0,0.0,0.0,0,28.805
NGIQ-BR-00000166,right,NGIQ-BR-00000316,0.0,0.0,0.0,0,63.566
NGIQ-BR-00000166,right,NGIQ-BR-00000317,0.0,0.0,0.0,0,46.01
NGIQ-BR-00000166,right,NGIQ-BR-00000318,0.0,0.0,0.0,0,82.443
NGIQ-BR-00000166,right,NGIQ-BR-00000319,0.38592,0.29167,0.23442,2155,31.557
NGIQ-BR-00000166,right,NGIQ-BR-00000320,0.0,0.0,0.0,0,53.935
NGIQ-BR-00000166,right,NGIQ-BR-00000321,0.01003,0.00612,0.0044,56,31.296
NGIQ-BR-00000166,right,NGIQ-BR-00000322,0.0,0.0,0.0,0,68.317
NGIQ-BR-00000166,right,NGIQ-BR-00000323,0.0,0.0,0.0,0,69.726
NGIQ-BR-00000166,right,NGIQ-BR-00000324,0.0,0.0,0.0,0,64.77
NGIQ-BR-00000166,right,NGIQ-BR-00000325,0.0,0.0,0.0,0,68.276
NGIQ-BR-00000166,right,NGIQ-BR-00000326,0.0,0.0,0.0,0,73.1
NGIQ-BR-00000166,right,NGIQ-BR-00000327,0.0,0.0,0.0,0,24.039
NGIQ-BR-00000166,right,NGIQ-BR-00000328,0.04191,0.03288,0.02706,234,28.087
NGIQ-BR-00000166,right,NGIQ-BR-00000329,0.00054,0.00089,0.00263,3,15.764
NGIQ-BR-00000166,right,NGIQ-BR-00000330,0.00036,0.00028,0.00023,2,28.537
NGIQ-BR-00000167,left,NGIQ-BR-00000269,0.0,0.0,0.0,0,69.913
NGIQ-BR-00000167,left,NGIQ-BR-00000270,0.0,0.0,0.0,0,43.308
NGIQ-BR-00000167,left,NGIQ-BR-00000271,0.0,0.0,0.0,0,71.865
NGIQ-BR-00000167,left,NGIQ-BR-00000272,0.0,0.0,0.0,0,95.409
NGIQ-BR-00000167,left,NGIQ-BR-00000273,0.0,0.0,0.0,0,75.951
NGIQ-BR-00000167,left,NGIQ-BR-00000274,0.0,0.0,0.0,0,45.148
NGIQ-BR-00000167,left,NGIQ-BR-00000275,0.0,0.0,0.0,0,78.289
NGIQ-BR-00000167,left,NGIQ-BR-00000276,0.0,0.0,0.0,0,52.63
NGIQ-BR-00000167,left,NGIQ-BR-00000277,0.0,0.0,0.0,0,81.114
NGIQ-BR-00000167,left,NGIQ-BR-00000278,0.0,0.0,0.0,0,96.842
NGIQ-BR-00000167,left,NGIQ-BR-00000279,0.0,0.0,0.0,0,75.437
NGIQ-BR-00000167,left,NGIQ-BR-00000280,0.0,0.0,0.0,0,107.958
NGIQ-BR-00000167,left,NGIQ-BR-00000281,0.0,0.0,0.0,0,68.455
NGIQ-BR-00000167,left,NGIQ-BR-00000282,0.0,0.0,0.0,0,75.81
NGIQ-BR-00000167,left,NGIQ-BR-00000283,0.0,0.0,0.0,0,39.831
NGIQ-BR-00000167,left,NGIQ-BR-00000284,0.0,0.0,0.0,0,59.39
NGIQ-BR-00000167,left,NGIQ-BR-00000285,0.0,0.0,0.0,0,97.622
NGIQ-BR-00000167,left,NGIQ-BR-00000286,0.0,0.0,0.0,0,79.266
NGIQ-BR-00000167,left,NGIQ-BR-00000287,0.0,0.0,0.0,0,78.084
NGIQ-BR-00000167,left,NGIQ-BR-00000288,0.31035,0.24615,0.20395,2084,12.232
NGIQ-BR-00000167,left,NGIQ-BR-00000289,0.0,0.0,0.0,0,45.171
NGIQ-BR-00000167,left,NGIQ-BR-00000290,0.0,0.0,0.0,0,23.326
NGIQ-BR-00000167,left,NGIQ-BR-00000291,0.0,0.0,0.0,0,47.915
NGIQ-BR-00000167,left,NGIQ-BR-00000292,0.0,0.0,0.0,0,92.41
NGIQ-BR-00000167,left,NGIQ-BR-00000293,0.0,0.0,0.0,0,87.622
NGIQ-BR-00000167,left,NGIQ-BR-00000294,0.0,0.0,0.0,0,71.471
NGIQ-BR-00000167,left,NGIQ-BR-00000295,0.01653,0.01385,0.01192,111,42.929
NGIQ-BR-00000167,left,NGIQ-BR-00000296,0.0,0.0,0.0,0,61.47
NGIQ-BR-00000167,left,NGIQ-BR-00000297,0.0,0.0,0.0,0,21.862
NGIQ-BR-00000167,left,NGIQ-BR-00000298,0.0,0.0,0.0,0,44.08
NGIQ-BR-00000167,left,NGIQ-BR-00000299,0.0,0.0,0.0,0,60.601
NGIQ-BR-00000168,right,NGIQ-BR-00000300,0.0,0.0,0.0,0,65.781
NGIQ-BR-00000168,right,NGIQ-BR-00000301,0.0,0.0,0.0,0,40.282
NGIQ-BR-00000168,right,NGIQ-BR-00000302,0.0,0.0,0.0,0,71.333
NGIQ-BR-00000168,right,NGIQ-BR-00000303,0.0,0.0,0.0,0,93.27
NGIQ-BR-00000168,right,NGIQ-BR-00000304,0.0,0.0,0.0,0,76.057
NGIQ-BR-00000168,right,NGIQ-BR-00000305,0.0,0.0,0.0,0,42.942
NGIQ-BR-00000168,right,NGIQ-BR-00000306,0.0,0.0,0.0,0,79.645
NGIQ-BR-00000168,right,NGIQ-BR-00000307,0.0,0.0,0.0,0,52.416
NGIQ-BR-00000168,right,NGIQ-BR-00000308,0.0,0.0,0.0,0,80.249
NGIQ-BR-00000168,right,NGIQ-BR-00000309,0.0,0.0,0.0,0,93.184
NGIQ-BR-00000168,right,NGIQ-BR-00000310,0.0,0.0,0.0,0,74.372
NGIQ-BR-00000168,right,NGIQ-BR-00000311,0.0,0.0,0.0,0,103.313
NGIQ-BR-00000168,right,NGIQ-BR-00000312,0.0,0.0,0.0,0,67.459
NGIQ-BR-00000168,right,NGIQ-BR-00000313,0.0,0.0,0.0,0,73.945
NGIQ-BR-00000168,right,NGIQ-BR-00000314,0.0,0.0,0.0,0,39.649
NGIQ-BR-00000168,right,NGIQ-BR-00000315,0.0,0.0,0.0,0,56.663
NGIQ-BR-00000168,right,NGIQ-BR-00000316,0.0,0.0,0.0,0,94.51
NGIQ-BR-00000168,right,NGIQ-BR-00000317,0.0,0.0,0.0,0,74.7
NGIQ-BR-00000168,right,NGIQ-BR-00000318,0.0,0.0,0.0,0,76.793
NGIQ-BR-00000168,right,NGIQ-BR-00000319,0.32079,0.27526,0.24105,2216,9.021
NGIQ-BR-00000168,right,NGIQ-BR-00000320,0.0,0.0,0.0,0,42.749
NGIQ-BR-00000168,right,NGIQ-BR-00000321,0.0,0.0,0.0,0,21.008
NGIQ-BR-00000168,right,NGIQ-BR-00000322,0.0,0.0,0.0,0,48.762
NGIQ-BR-00000168,right,NGIQ-BR-00000323,0.0,0.0,0.0,0,87.341
NGIQ-BR-00000168,right,NGIQ-BR-00000324,0.0,0.0,0.0,0,84.774
NGIQ-BR-00000168,right,NGIQ-BR-00000325,0.0,0.0,0.0,0,68.933
NGIQ-BR-00000168,right,NGIQ-BR-00000326,0.00507,0.00437,0.00384,35,45.754
NGIQ-BR-00000168,right,NGIQ-BR-00000327,0.0,0.0,0.0,0,61.715
NGIQ-BR-00000168,right,NGIQ-BR-00000328,0.00304,0.0027,0.00243,21,18.974
NGIQ-BR-00000168,right,NGIQ-BR-00000329,0.0,0.0,0.0,0,42.748
NGIQ-BR-00000168,right,NGIQ-BR-00000330,0.0,0.0,0.0,0,58.448
NGIQ-BR-00000169,left,NGIQ-BR-00000269,0.0,0.0,0.0,0,72.582
NGIQ-BR-00000169,left,NGIQ-BR-00000270,0.0,0.0,0.0,0,53.003
NGIQ-BR-00000169,left,NGIQ-BR-00000271,0.0,0.0,0.0,0,70.139
NGIQ-BR-00000169,left,NGIQ-BR-00000272,0.0,0.0,0.0,0,111.597
NGIQ-BR-00000169,left,NGIQ-BR-00000273,0.0,0.0,0.0,0,94.057
NGIQ-BR-00000169,left,NGIQ-BR-00000274,0.0,0.0,0.0,0,56.117
NGIQ-BR-00000169,left,NGIQ-BR-00000275,0.0,0.0,0.0,0,101.38
NGIQ-BR-00000169,left,NGIQ-BR-00000276,0.0,0.0,0.0,0,54.424
NGIQ-BR-00000169,left,NGIQ-BR-00000277,0.0,0.0,0.0,0,90.384
NGIQ-BR-00000169,left,NGIQ-BR-00000278,0.0,0.0,0.0,0,111.388
NGIQ-BR-00000169,left,NGIQ-BR-00000279,0.0,0.0,0.0,0,82.08
NGIQ-BR-00000169,left,NGIQ-BR-00000280,0.0,0.0,0.0,0,117.602
NGIQ-BR-00000169,left,NGIQ-BR-00000281,0.0,0.0,0.0,0,94.236
NGIQ-BR-00000169,left,NGIQ-BR-00000282,0.0,0.0,0.0,0,91.175
NGIQ-BR-00000169,left,NGIQ-BR-00000283,0.00316,0.00327,0.00338,16,19.269
NGIQ-BR-00000169,left,NGIQ-BR-00000284,0.0,0.0,0.0,0,79.786
NGIQ-BR-00000169,left,NGIQ-BR-00000285,0.0,0.0,0.0,0,115.706
NGIQ-BR-00000169,left,NGIQ-BR-00000286,0.0,0.0,0.0,0,98.034
NGIQ-BR-00000169,left,NGIQ-BR-00000287,0.0,0.0,0.0,0,80.689
NGIQ-BR-00000169,left,NGIQ-BR-00000288,0.29878,0.19801,0.14807,1513,38.75
NGIQ-BR-00000169,left,NGIQ-BR-00000289,0.0,0.0,0.0,0,41.554
NGIQ-BR-00000169,left,NGIQ-BR-00000290,0.00632,0.00348,0.0024,32,41.177
NGIQ-BR-00000169,left,NGIQ-BR-00000291,0.0,0.0,0.0,0,41.251
NGIQ-BR-00000169,left,NGIQ-BR-00000292,0.0,0.0,0.0,0,99.583
NGIQ-BR-00000169,left,NGIQ-BR-00000293,0.0,0.0,0.0,0,99.856
NGIQ-BR-00000169,left,NGIQ-BR-00000294,0.0,0.0,0.0,0,71.89
NGIQ-BR-00000169,left,NGIQ-BR-00000295,0.0,0.0,0.0,0,37.0
NGIQ-BR-00000169,left,NGIQ-BR-00000296,0.0,0.0,0.0,0,86.179
NGIQ-BR-00000169,left,NGIQ-BR-00000297,0.0,0.0,0.0,0,49.661
NGIQ-BR-00000169,left,NGIQ-BR-00000298,0.0,0.0,0.0,0,66.619
NGIQ-BR-00000169,left,NGIQ-BR-00000299,0.0,0.0,0.0,0,79.281
NGIQ-BR-00000170,right,NGIQ-BR-00000300,0.0,0.0,0.0,0,71.644
NGIQ-BR-00000170,right,NGIQ-BR-00000301,0.0,0.0,0.0,0,54.273
NGIQ-BR-00000170,right,NGIQ-BR-00000302,0.0,0.0,0.0,0,68.651
NGIQ-BR-00000170,right,NGIQ-BR-00000303,0.0,0.0,0.0,0,112.68
NGIQ-BR-00000170,right,NGIQ-BR-00000304,0.0,0.0,0.0,0,96.591
NGIQ-BR-00000170,right,NGIQ-BR-00000305,0.0,0.0,0.0,0,56.354
NGIQ-BR-00000170,right,NGIQ-BR-00000306,0.0,0.0,0.0,0,106.001
NGIQ-BR-00000170,right,NGIQ-BR-00000307,0.0,0.0,0.0,0,55.211
NGIQ-BR-00000170,right,NGIQ-BR-00000308,0.0,0.0,0.0,0,90.348
NGIQ-BR-00000170,right,NGIQ-BR-00000309,0.0,0.0,0.0,0,111.959
NGIQ-BR-00000170,right,NGIQ-BR-00000310,0.0,0.0,0.0,0,81.558
NGIQ-BR-00000170,right,NGIQ-BR-00000311,0.0,0.0,0.0,0,116.772
NGIQ-BR-00000170,right,NGIQ-BR-00000312,0.0,0.0,0.0,0,97.058
NGIQ-BR-00000170,right,NGIQ-BR-00000313,0.0,0.0,0.0,0,92.135
NGIQ-BR-00000170,right,NGIQ-BR-00000314,0.00496,0.00497,0.00498,23,18.642
NGIQ-BR-00000170,right,NGIQ-BR-00000315,0.0,0.0,0.0,0,82.69
NGIQ-BR-00000170,right,NGIQ-BR-00000316,0.0,0.0,0.0,0,117.413
NGIQ-BR-00000170,right,NGIQ-BR-00000317,0.0,0.0,0.0,0,98.943
NGIQ-BR-00000170,right,NGIQ-BR-00000318,0.0,0.0,0.0,0,79.108
NGIQ-BR-00000170,right,NGIQ-BR-00000319,0.29563,0.19835,0.14924,1372,40.597
NGIQ-BR-00000170,right,NGIQ-BR-00000320,0.0,0.0,0.0,0,40.629
NGIQ-BR-00000170,right,NGIQ-BR-00000321,0.01616,0.00863,0.00589,75,45.215
NGIQ-BR-00000170,right,NGIQ-BR-00000322,0.00108,0.00076,0.00059,5,41.722
NGIQ-BR-00000170,right,NGIQ-BR-00000323,0.0,0.0,0.0,0,98.274
NGIQ-BR-00000170,right,NGIQ-BR-00000324,0.0,0.0,0.0,0,102.0
NGIQ-BR-00000170,right,NGIQ-BR-00000325,0.0,0.0,0.0,0,73.057
NGIQ-BR-00000170,right,NGIQ-BR-00000326,0.00129,0.00087,0.00066,6,37.187
NGIQ-BR-00000170,right,NGIQ-BR-00000327,0.0,0.0,0.0,0,90.826
NGIQ-BR-00000170,right,NGIQ-BR-00000328,0.0,0.0,0.0,0,51.564
NGIQ-BR-00000170,right,NGIQ-BR-00000329,0.0,0.0,0.0,0,70.305
NGIQ-BR-00000170,right,NGIQ-BR-00000330,0.0,0.0,0.0,0,81.958
NGIQ-BR-00000013,left,NGIQ-BR-00000269,0.0,0.0,0.0,0,52.707
NGIQ-BR-00000013,left,NGIQ-BR-00000270,0.0,0.0,0.0,0,49.912
NGIQ-BR-00000013,left,NGIQ-BR-00000271,0.0,0.0,0.0,0,67.948
NGIQ-BR-00000013,left,NGIQ-BR-00000272,0.0,0.0,0.0,0,51.455
NGIQ-BR-00000013,left,NGIQ-BR-00000273,0.0,0.0,0.0,0,39.053
NGIQ-BR-00000013,left,NGIQ-BR-00000274,0.0,0.0,0.0,0,54.48
NGIQ-BR-00000013,left,NGIQ-BR-00000275,0.0,0.0,0.0,0,40.823
NGIQ-BR-00000013,left,NGIQ-BR-00000276,0.0,0.0,0.0,0,38.378
NGIQ-BR-00000013,left,NGIQ-BR-00000277,0.0,0.0,0.0,0,70.664
NGIQ-BR-00000013,left,NGIQ-BR-00000278,0.0,0.0,0.0,0,61.65
NGIQ-BR-00000013,left,NGIQ-BR-00000279,0.0,0.0,0.0,0,55.575
NGIQ-BR-00000013,left,NGIQ-BR-00000280,0.0,0.0,0.0,0,74.81
NGIQ-BR-00000013,left,NGIQ-BR-00000281,0.0,0.0,0.0,0,34.498
NGIQ-BR-00000013,left,NGIQ-BR-00000282,0.0,0.0,0.0,0,34.074
NGIQ-BR-00000013,left,NGIQ-BR-00000283,0.0,0.0,0.0,0,57.25
NGIQ-BR-00000013,left,NGIQ-BR-00000284,0.0,0.0,0.0,0,37.705
NGIQ-BR-00000013,left,NGIQ-BR-00000285,0.0,0.0,0.0,0,67.48
NGIQ-BR-00000013,left,NGIQ-BR-00000286,0.0,0.0,0.0,0,53.892
NGIQ-BR-00000013,left,NGIQ-BR-00000287,0.0,0.0,0.0,0,67.719
NGIQ-BR-00000013,left,NGIQ-BR-00000288,0.01853,0.00786,0.00499,51,33.804
NGIQ-BR-00000013,left,NGIQ-BR-00000289,0.0,0.0,0.0,0,39.714
NGIQ-BR-00000013,left,NGIQ-BR-00000290,0.0,0.0,0.0,0,35.925
NGIQ-BR-00000013,left,NGIQ-BR-00000291,0.0,0.0,0.0,0,54.167
NGIQ-BR-00000013,left,NGIQ-BR-00000292,0.0,0.0,0.0,0,65.23
NGIQ-BR-00000013,left,NGIQ-BR-00000293,0.0,0.0,0.0,0,68.588
NGIQ-BR-00000013,left,NGIQ-BR-00000294,0.0,0.0,0.0,0,66.162
NGIQ-BR-00000013,left,NGIQ-BR-00000295,0.0,0.0,0.0,0,61.763
NGIQ-BR-00000013,left,NGIQ-BR-00000296,0.00363,0.00141,0.00088,10,25.436
NGIQ-BR-00000013,left,NGIQ-BR-00000297,0.00763,0.00366,0.0024,21,34.107
NGIQ-BR-00000013,left,NGIQ-BR-00000298,0.02724,0.03605,0.05327,75,7.4
NGIQ-BR-00000013,left,NGIQ-BR-00000299,0.42027,0.20534,0.13586,1157,22.782
NGIQ-BR-00000014,right,NGIQ-BR-00000300,0.0,0.0,0.0,0,52.557
NGIQ-BR-00000014,right,NGIQ-BR-00000301,0.0,0.0,0.0,0,51.506
NGIQ-BR-00000014,right,NGIQ-BR-00000302,0.0,0.0,0.0,0,68.852
NGIQ-BR-00000014,right,NGIQ-BR-00000303,0.0,0.0,0.0,0,49.24
NGIQ-BR-00000014,right,NGIQ-BR-00000304,0.0,0.0,0.0,0,38.202
NGIQ-BR-00000014,right,NGIQ-BR-00000305,0.0,0.0,0.0,0,52.749
NGIQ-BR-00000014,right,NGIQ-BR-00000306,0.0,0.0,0.0,0,40.118
NGIQ-BR-00000014,right,NGIQ-BR-00000307,0.0,0.0,0.0,0,40.298
NGIQ-BR-00000014,right,NGIQ-BR-00000308,0.0,0.0,0.0,0,69.442
NGIQ-BR-00000014,right,NGIQ-BR-00000309,0.0,0.0,0.0,0,58.739
NGIQ-BR-00000014,right,NGIQ-BR-00000310,0.0,0.0,0.0,0,54.934
NGIQ-BR-00000014,right,NGIQ-BR-00000311,0.0,0.0,0.0,0,71.595
NGIQ-BR-00000014,right,NGIQ-BR-00000312,0.0,0.0,0.0,0,32.144
NGIQ-BR-00000014,right,NGIQ-BR-00000313,0.0,0.0,0.0,0,32.333
NGIQ-BR-00000014,right,NGIQ-BR-00000314,0.0,0.0,0.0,0,59.771
NGIQ-BR-00000014,right,NGIQ-BR-00000315,0.0,0.0,0.0,0,36.454
NGIQ-BR-00000014,right,NGIQ-BR-00000316,0.0,0.0,0.0,0,65.473
NGIQ-BR-00000014,right,NGIQ-BR-00000317,0.0,0.0,0.0,0,51.599
NGIQ-BR-00000014,right,NGIQ-BR-00000318,0.0,0.0,0.0,0,67.161
NGIQ-BR-00000014,right,NGIQ-BR-00000319,0.0,0.0,0.0,0,37.031
NGIQ-BR-00000014,right,NGIQ-BR-00000320,0.0,0.0,0.0,0,41.995
NGIQ-BR-00000014,right,NGIQ-BR-00000321,0.0,0.0,0.0,0,37.191
NGIQ-BR-00000014,right,NGIQ-BR-00000322,0.0,0.0,0.0,0,55.998
NGIQ-BR-00000014,right,NGIQ-BR-00000323,0.0,0.0,0.0,0,62.749
NGIQ-BR-00000014,right,NGIQ-BR-00000324,0.0,0.0,0.0,0,67.493
NGIQ-BR-00000014,right,NGIQ-BR-00000325,0.0,0.0,0.0,0,66.964
NGIQ-BR-00000014,right,NGIQ-BR-00000326,0.0,0.0,0.0,0,66.04
NGIQ-BR-00000014,right,NGIQ-BR-00000327,0.00177,0.0006,0.00036,4,25.321
NGIQ-BR-00000014,right,NGIQ-BR-00000328,0.01104,0.00458,0.00289,25,34.416
NGIQ-BR-00000014,right,NGIQ-BR-00000329,0.02163,0.02878,0.04298,49,7.926
NGIQ-BR-00000014,right,NGIQ-BR-00000330,0.5064,0.21096,0.13323,1147,21.064
NGIQ-BR-00000171,left,NGIQ-BR-00000269,0.0,0.0,0.0,0,47.708
NGIQ-BR-00000171,left,NGIQ-BR-00000270,0.0,0.0,0.0,0,62.691
NGIQ-BR-00000171,left,NGIQ-BR-00000271,0.0,0.0,0.0,0,103.861
NGIQ-BR-00000171,left,NGIQ-BR-00000272,0.0,0.0,0.0,0,30.417
NGIQ-BR-00000171,left,NGIQ-BR-00000273,0.0,0.0,0.0,0,56.843
NGIQ-BR-00000171,left,NGIQ-BR-00000274,0.0,0.0,0.0,0,96.216
NGIQ-BR-00000171,left,NGIQ-BR-00000275,0.0,0.0,0.0,0,50.422
NGIQ-BR-00000171,left,NGIQ-BR-00000276,0.0,0.0,0.0,0,71.927
NGIQ-BR-00000171,left,NGIQ-BR-00000277,0.0,0.0,0.0,0,104.877
NGIQ-BR-00000171,left,NGIQ-BR-00000278,0.04734,0.0181,0.01119,88,21.181
NGIQ-BR-00000171,left,NGIQ-BR-00000279,0.0,0.0,0.0,0,85.831
NGIQ-BR-00000171,left,NGIQ-BR-00000280,0.0,0.0,0.0,0,38.74
NGIQ-BR-00000171,left,NGIQ-BR-00000281,0.0,0.0,0.0,0,47.056
NGIQ-BR-00000171,left,NGIQ-BR-00000282,0.0,0.0,0.0,0,44.063
NGIQ-BR-00000171,left,NGIQ-BR-00000283,0.0,0.0,0.0,0,88.038
NGIQ-BR-00000171,left,NGIQ-BR-00000284,0.0,0.0,0.0,0,31.795
NGIQ-BR-00000171,left,NGIQ-BR-00000285,0.0,0.0,0.0,0,30.591
NGIQ-BR-00000171,left,NGIQ-BR-00000286,0.0,0.0,0.0,0,28.373
NGIQ-BR-00000171,left,NGIQ-BR-00000287,0.0,0.0,0.0,0,101.521
NGIQ-BR-00000171,left,NGIQ-BR-00000288,0.0,0.0,0.0,0,68.574
NGIQ-BR-00000171,left,NGIQ-BR-00000289,0.0,0.0,0.0,0,64.379
NGIQ-BR-00000171,left,NGIQ-BR-00000290,0.0,0.0,0.0,0,63.057
NGIQ-BR-00000171,left,NGIQ-BR-00000291,0.0,0.0,0.0,0,92.065
NGIQ-BR-00000171,left,NGIQ-BR-00000292,0.0,0.0,0.0,0,38.787
NGIQ-BR-00000171,left,NGIQ-BR-00000293,0.0,0.0,0.0,0,44.667
NGIQ-BR-00000171,left,NGIQ-BR-00000294,0.0,0.0,0.0,0,63.365
NGIQ-BR-00000171,left,NGIQ-BR-00000295,0.0,0.0,0.0,0,102.472
NGIQ-BR-00000171,left,NGIQ-BR-00000296,0.0,0.0,0.0,0,32.522
NGIQ-BR-00000171,left,NGIQ-BR-00000297,0.0,0.0,0.0,0,73.827
NGIQ-BR-00000171,left,NGIQ-BR-00000298,0.0,0.0,0.0,0,44.779
NGIQ-BR-00000171,left,NGIQ-BR-00000299,0.54169,0.19412,0.11825,1007,20.374
NGIQ-BR-00000172,right,NGIQ-BR-00000300,0.0,0.0,0.0,0,48.443
NGIQ-BR-00000172,right,NGIQ-BR-00000301,0.0,0.0,0.0,0,63.227
NGIQ-BR-00000172,right,NGIQ-BR-00000302,0.0,0.0,0.0,0,102.678
NGIQ-BR-00000172,right,NGIQ-BR-00000303,0.0,0.0,0.0,0,30.17
NGIQ-BR-00000172,right,NGIQ-BR-00000304,0.0,0.0,0.0,0,55.148
NGIQ-BR-00000172,right,NGIQ-BR-00000305,0.0,0.0,0.0,0,91.87
NGIQ-BR-00000172,right,NGIQ-BR-00000306,0.0,0.0,0.0,0,47.423
NGIQ-BR-00000172,right,NGIQ-BR-00000307,0.0,0.0,0.0,0,71.378
NGIQ-BR-00000172,right,NGIQ-BR-00000308,0.0,0.0,0.0,0,102.095
NGIQ-BR-00000172,right,NGIQ-BR-00000309,0.03481,0.01331,0.00823,62,21.053
NGIQ-BR-00000172,right,NGIQ-BR-00000310,0.0,0.0,0.0,0,83.684
NGIQ-BR-00000172,right,NGIQ-BR-00000311,0.0,0.0,0.0,0,38.062
NGIQ-BR-00000172,right,NGIQ-BR-00000312,0.0,0.0,0.0,0,44.733
NGIQ-BR-00000172,right,NGIQ-BR-00000313,0.0,0.0,0.0,0,43.463
NGIQ-BR-00000172,right,NGIQ-BR-00000314,0.0,0.0,0.0,0,87.06
NGIQ-BR-00000172,right,NGIQ-BR-00000315,0.0,0.0,0.0,0,31.346
NGIQ-BR-00000172,right,NGIQ-BR-00000316,0.0,0.0,0.0,0,31.282
NGIQ-BR-00000172,right,NGIQ-BR-00000317,0.0,0.0,0.0,0,29.675
NGIQ-BR-00000172,right,NGIQ-BR-00000318,0.0,0.0,0.0,0,99.245
NGIQ-BR-00000172,right,NGIQ-BR-00000319,0.0,0.0,0.0,0,68.525
NGIQ-BR-00000172,right,NGIQ-BR-00000320,0.0,0.0,0.0,0,64.948
NGIQ-BR-00000172,right,NGIQ-BR-00000321,0.0,0.0,0.0,0,61.631
NGIQ-BR-00000172,right,NGIQ-BR-00000322,0.0,0.0,0.0,0,90.811
NGIQ-BR-00000172,right,NGIQ-BR-00000323,0.0,0.0,0.0,0,38.721
NGIQ-BR-00000172,right,NGIQ-BR-00000324,0.0,0.0,0.0,0,44.488
NGIQ-BR-00000172,right,NGIQ-BR-00000325,0.0,0.0,0.0,0,63.357
NGIQ-BR-00000172,right,NGIQ-BR-00000326,0.0,0.0,0.0,0,103.452
NGIQ-BR-00000172,right,NGIQ-BR-00000327,0.0,0.0,0.0,0,29.351
NGIQ-BR-00000172,right,NGIQ-BR-00000328,0.0,0.0,0.0,0,70.458
NGIQ-BR-00000172,right,NGIQ-BR-00000329,0.0,0.0,0.0,0,42.222
NGIQ-BR-00000172,right,NGIQ-BR-00000330,0.63448,0.21752,0.13126,1130,19.327
NGIQ-BR-00000173,left,NGIQ-BR-00000269,0.0,0.0,0.0,0,37.768
NGIQ-BR-00000173,left,NGIQ-BR-00000270,0.0,0.0,0.0,0,48.328
NGIQ-BR-00000173,left,NGIQ-BR-00000271,0.0,0.0,0.0,0,104.612
NGIQ-BR-00000173,left,NGIQ-BR-00000272,0.0,0.0,0.0,0,45.004
NGIQ-BR-00000173,left,NGIQ-BR-00000273,0.0,0.0,0.0,0,64.631
NGIQ-BR-00000173,left,NGIQ-BR-00000274,0.0,0.0,0.0,0,93.967
NGIQ-BR-00000173,left,NGIQ-BR-00000275,0.0,0.0,0.0,0,58.664
NGIQ-BR-00000173,left,NGIQ-BR-00000276,0.0,0.0,0.0,0,71.086
NGIQ-BR-00000173,left,NGIQ-BR-00000277,0.0,0.0,0.0,0,108.31
NGIQ-BR-00000173,left,NGIQ-BR-00000278,0.00498,0.00218,0.0014,11,25.86
NGIQ-BR-00000173,left,NGIQ-BR-00000279,0.0,0.0,0.0,0,89.91
NGIQ-BR-00000173,left,NGIQ-BR-00000280,0.0,0.0,0.0,0,41.156
NGIQ-BR-00000173,left,NGIQ-BR-00000281,0.0,0.0,0.0,0,51.901
NGIQ-BR-00000173,left,NGIQ-BR-00000282,0.0,0.0,0.0,0,52.614
NGIQ-BR-00000173,left,NGIQ-BR-00000283,0.0,0.0,0.0,0,79.462
NGIQ-BR-00000173,left,NGIQ-BR-00000284,0.00136,0.00083,0.0006,3,18.659
NGIQ-BR-00000173,left,NGIQ-BR-00000285,0.0,0.0,0.0,0,29.191
NGIQ-BR-00000173,left,NGIQ-BR-00000286,0.00045,0.00041,0.00037,1,18.165
NGIQ-BR-00000173,left,NGIQ-BR-00000287,0.0,0.0,0.0,0,104.15
NGIQ-BR-00000173,left,NGIQ-BR-00000288,0.0,0.0,0.0,0,59.38
NGIQ-BR-00000173,left,NGIQ-BR-00000289,0.0,0.0,0.0,0,57.33
NGIQ-BR-00000173,left,NGIQ-BR-00000290,0.0,0.0,0.0,0,51.663
NGIQ-BR-00000173,left,NGIQ-BR-00000291,0.0,0.0,0.0,0,88.727
NGIQ-BR-00000173,left,NGIQ-BR-00000292,0.0,0.0,0.0,0,34.019
NGIQ-BR-00000173,left,NGIQ-BR-00000293,0.0,0.0,0.0,0,33.057
NGIQ-BR-00000173,left,NGIQ-BR-00000294,0.0,0.0,0.0,0,50.218
NGIQ-BR-00000173,left,NGIQ-BR-00000295,0.0,0.0,0.0,0,97.851
NGIQ-BR-00000173,left,NGIQ-BR-00000296,0.0,0.0,0.0,0,34.076
NGIQ-BR-00000173,left,NGIQ-BR-00000297,0.0,0.0,0.0,0,68.261
NGIQ-BR-00000173,left,NGIQ-BR-00000298,0.0,0.0,0.0,0,43.023
NGIQ-BR-00000173,left,NGIQ-BR-00000299,0.57111,0.23517,0.14807,1261,17.926
NGIQ-BR-00000174,right,NGIQ-BR-00000300,0.0,0.0,0.0,0,39.985
NGIQ-BR-00000174,right,NGIQ-BR-00000301,0.0,0.0,0.0,0,49.342
NGIQ-BR-00000174,right,NGIQ-BR-00000302,0.0,0.0,0.0,0,103.816
NGIQ-BR-00000174,right,NGIQ-BR-00000303,0.0,0.0,0.0,0,44.899
NGIQ-BR-00000174,right,NGIQ-BR-00000304,0.0,0.0,0.0,0,63.216
NGIQ-BR-00000174,right,NGIQ-BR-00000305,0.0,0.0,0.0,0,89.298
NGIQ-BR-00000174,right,NGIQ-BR-00000306,0.0,0.0,0.0,0,55.874
NGIQ-BR-00000174,right,NGIQ-BR-00000307,0.0,0.0,0.0,0,71.446
NGIQ-BR-00000174,right,NGIQ-BR-00000308,0.0,0.0,0.0,0,105.546
NGIQ-BR-00000174,right,NGIQ-BR-00000309,0.00215,0.00085,0.00053,4,26.383
NGIQ-BR-00000174,right,NGIQ-BR-00000310,0.0,0.0,0.0,0,88.141
NGIQ-BR-00000174,right,NGIQ-BR-00000311,0.0,0.0,0.0,0,41.429
NGIQ-BR-00000174,right,NGIQ-BR-00000312,0.0,0.0,0.0,0,48.78
NGIQ-BR-00000174,right,NGIQ-BR-00000313,0.0,0.0,0.0,0,52.221
NGIQ-BR-00000174,right,NGIQ-BR-00000314,0.0,0.0,0.0,0,79.327
NGIQ-BR-00000174,right,NGIQ-BR-00000315,0.00591,0.00374,0.00274,11,17.53
NGIQ-BR-00000174,right,NGIQ-BR-00000316,0.0,0.0,0.0,0,29.093
NGIQ-BR-00000174,right,NGIQ-BR-00000317,0.00107,0.00083,0.00068,2,18.036
NGIQ-BR-00000174,right,NGIQ-BR-00000318,0.0,0.0,0.0,0,102.168
NGIQ-BR-00000174,right,NGIQ-BR-00000319,0.0,0.0,0.0,0,59.036
NGIQ-BR-00000174,right,NGIQ-BR-00000320,0.0,0.0,0.0,0,59.111
NGIQ-BR-00000174,right,NGIQ-BR-00000321,0.0,0.0,0.0,0,50.292
NGIQ-BR-00000174,right,NGIQ-BR-00000322,0.0,0.0,0.0,0,88.306
NGIQ-BR-00000174,right,NGIQ-BR-00000323,0.0,0.0,0.0,0,34.961
NGIQ-BR-00000174,right,NGIQ-BR-00000324,0.0,0.0,0.0,0,33.576
NGIQ-BR-00000174,right,NGIQ-BR-00000325,0.0,0.0,0.0,0,51.441
NGIQ-BR-00000174,right,NGIQ-BR-00000326,0.0,0.0,0.0,0,99.208
NGIQ-BR-00000174,right,NGIQ-BR-00000327,0.0,0.0,0.0,0,30.1
NGIQ-BR-00000174,right,NGIQ-BR-00000328,0.0,0.0,0.0,0,63.726
NGIQ-BR-00000174,right,NGIQ-BR-00000329,0.0,0.0,0.0,0,39.673
NGIQ-BR-00000174,right,NGIQ-BR-00000330,0.62299,0.22156,0.13474,1160,17.109
NGIQ-BR-00000175,left,NGIQ-BR-00000269,0.0,0.0,0.0,0,53.506
NGIQ-BR-00000175,left,NGIQ-BR-00000270,0.0,0.0,0.0,0,60.37
NGIQ-BR-00000175,left,NGIQ-BR-00000271,0.0,0.0,0.0,0,88.281
NGIQ-BR-00000175,left,NGIQ-BR-00000272,0.0,0.0,0.0,0,31.167
NGIQ-BR-00000175,left,NGIQ-BR-00000273,0.0,0.0,0.0,0,40.37
NGIQ-BR-00000175,left,NGIQ-BR-00000274,0.0,0.0,0.0,0,78.202
NGIQ-BR-00000175,left,NGIQ-BR-00000275,0.0,0.0,0.0,0,34.209
NGIQ-BR-00000175,left,NGIQ-BR-00000276,0.0,0.0,0.0,0,58.621
NGIQ-BR-00000175,left,NGIQ-BR-00000277,0.0,0.0,0.0,0,86.95
NGIQ-BR-00000175,left,NGIQ-BR-00000278,0.0,0.0,0.0,0,40.647
NGIQ-BR-00000175,left,NGIQ-BR-00000279,0.0,0.0,0.0,0,70.129
NGIQ-BR-00000175,left,NGIQ-BR-00000280,0.0,0.0,0.0,0,57.07
NGIQ-BR-00000175,left,NGIQ-BR-00000281,0.0,0.0,0.0,0,29.73
NGIQ-BR-00000175,left,NGIQ-BR-00000282,0.0,0.0,0.0,0,30.774
NGIQ-BR-00000175,left,NGIQ-BR-00000283,0.0,0.0,0.0,0,79.301
NGIQ-BR-00000175,left,NGIQ-BR-00000284,0.0,0.0,0.0,0,31.906
NGIQ-BR-00000175,left,NGIQ-BR-00000285,0.0,0.0,0.0,0,46.958
NGIQ-BR-00000175,left,NGIQ-BR-00000286,0.0,0.0,0.0,0,39.002
NGIQ-BR-00000175,left,NGIQ-BR-00000287,0.0,0.0,0.0,0,85.432
NGIQ-BR-00000175,left,NGIQ-BR-00000288,0.0,0.0,0.0,0,55.942
NGIQ-BR-00000175,left,NGIQ-BR-00000289,0.0,0.0,0.0,0,57.488
NGIQ-BR-00000175,left,NGIQ-BR-00000290,0.0,0.0,0.0,0,54.1
NGIQ-BR-00000175,left,NGIQ-BR-00000291,0.0,0.0,0.0,0,78.093
NGIQ-BR-00000175,left,NGIQ-BR-00000292,0.0,0.0,0.0,0,53.782
NGIQ-BR-00000175,left,NGIQ-BR-00000293,0.0,0.0,0.0,0,57.889
NGIQ-BR-00000175,left,NGIQ-BR-00000294,0.0,0.0,0.0,0,69.184
NGIQ-BR-00000175,left,NGIQ-BR-00000295,0.0,0.0,0.0,0,87.257
NGIQ-BR-00000175,left,NGIQ-BR-00000296,0.05595,0.01834,0.01097,125,16.089
NGIQ-BR-00000175,left,NGIQ-BR-00000297,0.0,0.0,0.0,0,57.162
NGIQ-BR-00000175,left,NGIQ-BR-00000298,0.0,0.0,0.0,0,26.891
NGIQ-BR-00000175,left,NGIQ-BR-00000299,0.5658,0.23516,0.14843,1264,11.776
NGIQ-BR-00000176,right,NGIQ-BR-00000300,0.0,0.0,0.0,0,53.606
NGIQ-BR-00000176,right,NGIQ-BR-00000301,0.0,0.0,0.0,0,60.862
NGIQ-BR-00000176,right,NGIQ-BR-00000302,0.0,0.0,0.0,0,88.542
NGIQ-BR-00000176,right,NGIQ-BR-00000303,0.0,0.0,0.0,0,31.702
NGIQ-BR-00000176,right,NGIQ-BR-00000304,0.0,0.0,0.0,0,40.603
NGIQ-BR-00000176,right,NGIQ-BR-00000305,0.0,0.0,0.0,0,75.242
NGIQ-BR-00000176,right,NGIQ-BR-00000306,0.0,0.0,0.0,0,33.441
NGIQ-BR-00000176,right,NGIQ-BR-00000307,0.0,0.0,0.0,0,59.396
NGIQ-BR-00000176,right,NGIQ-BR-00000308,0.0,0.0,0.0,0,85.637
NGIQ-BR-00000176,right,NGIQ-BR-00000309,0.0,0.0,0.0,0,39.138
NGIQ-BR-00000176,right,NGIQ-BR-00000310,0.0,0.0,0.0,0,69.633
NGIQ-BR-00000176,right,NGIQ-BR-00000311,0.0,0.0,0.0,0,55.159
NGIQ-BR-00000176,right,NGIQ-BR-00000312,0.0,0.0,0.0,0,28.585
NGIQ-BR-00000176,right,NGIQ-BR-00000313,0.0,0.0,0.0,0,31.632
NGIQ-BR-00000176,right,NGIQ-BR-00000314,0.0,0.0,0.0,0,79.415
NGIQ-BR-00000176,right,NGIQ-BR-00000315,0.0,0.0,0.0,0,30.737
NGIQ-BR-00000176,right,NGIQ-BR-00000316,0.0,0.0,0.0,0,46.138
NGIQ-BR-00000176,right,NGIQ-BR-00000317,0.0,0.0,0.0,0,38.123
NGIQ-BR-00000176,right,NGIQ-BR-00000318,0.0,0.0,0.0,0,84.69
NGIQ-BR-00000176,right,NGIQ-BR-00000319,0.0,0.0,0.0,0,57.029
NGIQ-BR-00000176,right,NGIQ-BR-00000320,0.0,0.0,0.0,0,58.578
NGIQ-BR-00000176,right,NGIQ-BR-00000321,0.0,0.0,0.0,0,53.223
NGIQ-BR-00000176,right,NGIQ-BR-00000322,0.0,0.0,0.0,0,78.132
NGIQ-BR-00000176,right,NGIQ-BR-00000323,0.0,0.0,0.0,0,52.389
NGIQ-BR-00000176,right,NGIQ-BR-00000324,0.0,0.0,0.0,0,56.665
NGIQ-BR-00000176,right,NGIQ-BR-00000325,0.0,0.0,0.0,0,68.923
NGIQ-BR-00000176,right,NGIQ-BR-00000326,0.0,0.0,0.0,0,89.611
NGIQ-BR-00000176,right,NGIQ-BR-00000327,0.03471,0.01237,0.00753,83,14.786
NGIQ-BR-00000176,right,NGIQ-BR-00000328,0.0,0.0,0.0,0,55.517
NGIQ-BR-00000176,right,NGIQ-BR-00000329,0.0,0.0,0.0,0,25.717
NGIQ-BR-00000176,right,NGIQ-BR-00000330,0.59933,0.26055,0.16645,1433,10.799
NGIQ-BR-00000177,left,NGIQ-BR-00000269,0.0,0.0,0.0,0,46.169
NGIQ-BR-00000177,left,NGIQ-BR-00000270,0.0,0.0,0.0,0,44.641
NGIQ-BR-00000177,left,NGIQ-BR-00000271,0.0,0.0,0.0,0,80.144
NGIQ-BR-00000177,left,NGIQ-BR-00000272,0.0,0.0,0.0,0,48.051
NGIQ-BR-00000177,left,NGIQ-BR-00000273,0.0,0.0,0.0,0,46.051
NGIQ-BR-00000177,left,NGIQ-BR-00000274,0.0,0.0,0.0,0,66.351
NGIQ-BR-00000177,left,NGIQ-BR-00000275,0.0,0.0,0.0,0,43.612
NGIQ-BR-00000177,left,NGIQ-BR-00000276,0.0,0.0,0.0,0,48.969
NGIQ-BR-00000177,left,NGIQ-BR-00000277,0.0,0.0,0.0,0,82.809
NGIQ-BR-00000177,left,NGIQ-BR-00000278,0.0,0.0,0.0,0,51.022
NGIQ-BR-00000177,left,NGIQ-BR-00000279,0.0,0.0,0.0,0,67.088
NGIQ-BR-00000177,left,NGIQ-BR-00000280,0.0,0.0,0.0,0,65.209
NGIQ-BR-00000177,left,NGIQ-BR-00000281,0.0,0.0,0.0,0,35.537
NGIQ-BR-00000177,left,NGIQ-BR-00000282,0.0,0.0,0.0,0,38.494
NGIQ-BR-00000177,left,NGIQ-BR-00000283,0.0,0.0,0.0,0,62.646
NGIQ-BR-00000177,left,NGIQ-BR-00000284,0.0,0.0,0.0,0,25.733
NGIQ-BR-00000177,left,NGIQ-BR-00000285,0.0,0.0,0.0,0,55.293
NGIQ-BR-00000177,left,NGIQ-BR-00000286,0.0,0.0,0.0,0,41.294
NGIQ-BR-00000177,left,NGIQ-BR-00000287,0.0,0.0,0.0,0,79.912
NGIQ-BR-00000177,left,NGIQ-BR-00000288,0.03129,0.01202,0.00744,76,37.597
NGIQ-BR-00000177,left,NGIQ-BR-00000289,0.0,0.0,0.0,0,43.257
NGIQ-BR-00000177,left,NGIQ-BR-00000290,0.00165,0.00051,0.0003,4,35.595
NGIQ-BR-00000177,left,NGIQ-BR-00000291,0.0,0.0,0.0,0,65.028
NGIQ-BR-00000177,left,NGIQ-BR-00000292,0.0,0.0,0.0,0,55.784
NGIQ-BR-00000177,left,NGIQ-BR-00000293,0.0,0.0,0.0,0,56.762
NGIQ-BR-00000177,left,NGIQ-BR-00000294,0.0,0.0,0.0,0,59.097
NGIQ-BR-00000177,left,NGIQ-BR-00000295,0.0,0.0,0.0,0,72.606
NGIQ-BR-00000177,left,NGIQ-BR-00000296,0.0,0.0,0.0,0,20.362
NGIQ-BR-00000177,left,NGIQ-BR-00000297,0.0,0.0,0.0,0,42.049
NGIQ-BR-00000177,left,NGIQ-BR-00000298,0.0,0.0,0.0,0,15.735
NGIQ-BR-00000177,left,NGIQ-BR-00000299,0.60148,0.26697,0.17156,1461,11.874
NGIQ-BR-00000178,right,NGIQ-BR-00000300,0.0,0.0,0.0,0,46.671
NGIQ-BR-00000178,right,NGIQ-BR-00000301,0.0,0.0,0.0,0,46.412
NGIQ-BR-00000178,right,NGIQ-BR-00000302,0.0,0.0,0.0,0,79.473
NGIQ-BR-00000178,right,NGIQ-BR-00000303,0.0,0.0,0.0,0,47.168
NGIQ-BR-00000178,right,NGIQ-BR-00000304,0.0,0.0,0.0,0,45.206
NGIQ-BR-00000178,right,NGIQ-BR-00000305,0.0,0.0,0.0,0,62.677
NGIQ-BR-00000178,right,NGIQ-BR-00000306,0.0,0.0,0.0,0,42.924
NGIQ-BR-00000178,right,NGIQ-BR-00000307,0.0,0.0,0.0,0,49.424
NGIQ-BR-00000178,right,NGIQ-BR-00000308,0.0,0.0,0.0,0,80.385
NGIQ-BR-00000178,right,NGIQ-BR-00000309,0.0,0.0,0.0,0,49.771
NGIQ-BR-00000178,right,NGIQ-BR-00000310,0.0,0.0,0.0,0,65.372
NGIQ-BR-00000178,right,NGIQ-BR-00000311,0.0,0.0,0.0,0,63.408
NGIQ-BR-00000178,right,NGIQ-BR-00000312,0.0,0.0,0.0,0,33.691
NGIQ-BR-00000178,right,NGIQ-BR-00000313,0.0,0.0,0.0,0,37.465
NGIQ-BR-00000178,right,NGIQ-BR-00000314,0.0,0.0,0.0,0,63.465
NGIQ-BR-00000178,right,NGIQ-BR-00000315,0.0,0.0,0.0,0,25.81
NGIQ-BR-00000178,right,NGIQ-BR-00000316,0.0,0.0,0.0,0,54.912
NGIQ-BR-00000178,right,NGIQ-BR-00000317,0.0,0.0,0.0,0,40.515
NGIQ-BR-00000178,right,NGIQ-BR-00000318,0.0,0.0,0.0,0,78.009
NGIQ-BR-00000178,right,NGIQ-BR-00000319,0.01902,0.00751,0.00468,43,39.36
NGIQ-BR-00000178,right,NGIQ-BR-00000320,0.0,0.0,0.0,0,44.777
NGIQ-BR-00000178,right,NGIQ-BR-00000321,0.0,0.0,0.0,0,35.909
NGIQ-BR-00000178,right,NGIQ-BR-00000322,0.0,0.0,0.0,0,65.064
NGIQ-BR-00000178,right,NGIQ-BR-00000323,0.0,0.0,0.0,0,54.448
NGIQ-BR-00000178,right,NGIQ-BR-00000324,0.0,0.0,0.0,0,56.876
NGIQ-BR-00000178,right,NGIQ-BR-00000325,0.0,0.0,0.0,0,60.163
NGIQ-BR-00000178,right,NGIQ-BR-00000326,0.0,0.0,0.0,0,74.892
NGIQ-BR-00000178,right,NGIQ-BR-00000327,0.0,0.0,0.0,0,20.337
NGIQ-BR-00000178,right,NGIQ-BR-00000328,0.00044,0.00018,0.00012,1,39.845
NGIQ-BR-00000178,right,NGIQ-BR-00000329,0.0,0.0,0.0,0,13.618
NGIQ-BR-00000178,right,NGIQ-BR-00000330,0.59398,0.2471,0.156,1343,11.61
NGIQ-BR-00000179,left,NGIQ-BR-00000269,0.0,0.0,0.0,0,41.19
NGIQ-BR-00000179,left,NGIQ-BR-00000270,0.0,0.0,0.0,0,44.787
NGIQ-BR-00000179,left,NGIQ-BR-00000271,0.0,0.0,0.0,0,92.826
NGIQ-BR-00000179,left,NGIQ-BR-00000272,0.0,0.0,0.0,0,44.635
NGIQ-BR-00000179,left,NGIQ-BR-00000273,0.0,0.0,0.0,0,54.36
NGIQ-BR-00000179,left,NGIQ-BR-00000274,0.0,0.0,0.0,0,80.299
NGIQ-BR-00000179,left,NGIQ-BR-00000275,0.0,0.0,0.0,0,49.201
NGIQ-BR-00000179,left,NGIQ-BR-00000276,0.0,0.0,0.0,0,60.37
NGIQ-BR-00000179,left,NGIQ-BR-00000277,0.0,0.0,0.0,0,95.616
NGIQ-BR-00000179,left,NGIQ-BR-00000278,0.0,0.0,0.0,0,38.239
NGIQ-BR-00000179,left,NGIQ-BR-00000279,0.0,0.0,0.0,0,78.655
NGIQ-BR-00000179,left,NGIQ-BR-00000280,0.0,0.0,0.0,0,53.427
NGIQ-BR-00000179,left,NGIQ-BR-00000281,0.0,0.0,0.0,0,41.33
NGIQ-BR-00000179,left,NGIQ-BR-00000282,0.0,0.0,0.0,0,44.325
NGIQ-BR-00000179,left,NGIQ-BR-00000283,0.0,0.0,0.0,0,71.177
NGIQ-BR-00000179,left,NGIQ-BR-00000284,0.08209,0.06484,0.05358,270,16.888
NGIQ-BR-00000179,left,NGIQ-BR-00000285,0.0,0.0,0.0,0,41.518
NGIQ-BR-00000179,left,NGIQ-BR-00000286,0.0,0.0,0.0,0,28.114
NGIQ-BR-00000179,left,NGIQ-BR-00000287,0.0,0.0,0.0,0,92.353
NGIQ-BR-00000179,left,NGIQ-BR-00000288,0.0,0.0,0.0,0,47.79
NGIQ-BR-00000179,left,NGIQ-BR-00000289,0.0,0.0,0.0,0,50.104
NGIQ-BR-00000179,left,NGIQ-BR-00000290,0.02767,0.01095,0.00682,91,42.387
NGIQ-BR-00000179,left,NGIQ-BR-00000291,0.0,0.0,0.0,0,77.344
NGIQ-BR-00000179,left,NGIQ-BR-00000292,0.0,0.0,0.0,0,45.072
NGIQ-BR-00000179,left,NGIQ-BR-00000293,0.0,0.0,0.0,0,44.5
NGIQ-BR-00000179,left,NGIQ-BR-00000294,0.0,0.0,0.0,0,54.028
NGIQ-BR-00000179,left,NGIQ-BR-00000295,0.0,0.0,0.0,0,85.593
NGIQ-BR-00000179,left,NGIQ-BR-00000296,0.0,0.0,0.0,0,23.266
NGIQ-BR-00000179,left,NGIQ-BR-00000297,0.0,0.0,0.0,0,54.759
NGIQ-BR-00000179,left,NGIQ-BR-00000298,0.0,0.0,0.0,0,29.111
NGIQ-BR-00000179,left,NGIQ-BR-00000299,0.48556,0.27056,0.18753,1597,6.507
NGIQ-BR-00000180,right,NGIQ-BR-00000300,0.0,0.0,0.0,0,41.24
NGIQ-BR-00000180,right,NGIQ-BR-00000301,0.0,0.0,0.0,0,45.126
NGIQ-BR-00000180,right,NGIQ-BR-00000302,0.0,0.0,0.0,0,91.224
NGIQ-BR-00000180,right,NGIQ-BR-00000303,0.0,0.0,0.0,0,45.015
NGIQ-BR-00000180,right,NGIQ-BR-00000304,0.0,0.0,0.0,0,53.612
NGIQ-BR-00000180,right,NGIQ-BR-00000305,0.0,0.0,0.0,0,75.394
NGIQ-BR-00000180,right,NGIQ-BR-00000306,0.0,0.0,0.0,0,48.369
NGIQ-BR-00000180,right,NGIQ-BR-00000307,0.0,0.0,0.0,0,59.738
NGIQ-BR-00000180,right,NGIQ-BR-00000308,0.0,0.0,0.0,0,92.696
NGIQ-BR-00000180,right,NGIQ-BR-00000309,0.0,0.0,0.0,0,38.373
NGIQ-BR-00000180,right,NGIQ-BR-00000310,0.0,0.0,0.0,0,76.437
NGIQ-BR-00000180,right,NGIQ-BR-00000311,0.0,0.0,0.0,0,52.628
NGIQ-BR-00000180,right,NGIQ-BR-00000312,0.0,0.0,0.0,0,39.811
NGIQ-BR-00000180,right,NGIQ-BR-00000313,0.0,0.0,0.0,0,43.904
NGIQ-BR-00000180,right,NGIQ-BR-00000314,0.0,0.0,0.0,0,69.926
NGIQ-BR-00000180,right,NGIQ-BR-00000315,0.00932,0.00728,0.00598,24,16.945
NGIQ-BR-00000180,right,NGIQ-BR-00000316,0.0,0.0,0.0,0,42.387
NGIQ-BR-00000180,right,NGIQ-BR-00000317,0.0,0.0,0.0,0,28.431
NGIQ-BR-00000180,right,NGIQ-BR-00000318,0.0,0.0,0.0,0,89.766
NGIQ-BR-00000180,right,NGIQ-BR-00000319,0.0,0.0,0.0,0,47.395
NGIQ-BR-00000180,right,NGIQ-BR-00000320,0.0,0.0,0.0,0,50.251
NGIQ-BR-00000180,right,NGIQ-BR-00000321,0.01437,0.00483,0.00291,37,40.606
NGIQ-BR-00000180,right,NGIQ-BR-00000322,0.0,0.0,0.0,0,75.946
NGIQ-BR-00000180,right,NGIQ-BR-00000323,0.0,0.0,0.0,0,44.198
NGIQ-BR-00000180,right,NGIQ-BR-00000324,0.0,0.0,0.0,0,44.811
NGIQ-BR-00000180,right,NGIQ-BR-00000325,0.0,0.0,0.0,0,53.998
NGIQ-BR-00000180,right,NGIQ-BR-00000326,0.0,0.0,0.0,0,86.249
NGIQ-BR-00000180,right,NGIQ-BR-00000327,0.0,0.0,0.0,0,21.998
NGIQ-BR-00000180,right,NGIQ-BR-00000328,0.0,0.0,0.0,0,50.58
NGIQ-BR-00000180,right,NGIQ-BR-00000329,0.0,0.0,0.0,0,25.989
NGIQ-BR-00000180,right,NGIQ-BR-00000330,0.54835,0.2525,0.16401,1412,6.461
NGIQ-BR-00000187,left,NGIQ-BR-00000269,0.0,0.0,0.0,0,68.829
NGIQ-BR-00000187,left,NGIQ-BR-00000270,0.0,0.0,0.0,0,75.354
NGIQ-BR-00000187,left,NGIQ-BR-00000271,0.0,0.0,0.0,0,34.786
NGIQ-BR-00000187,left,NGIQ-BR-00000272,0.0,0.0,0.0,0,65.776
NGIQ-BR-00000187,left,NGIQ-BR-00000273,0.0,0.0,0.0,0,42.578
NGIQ-BR-00000187,left,NGIQ-BR-00000274,0.0,0.0,0.0,0,45.238
NGIQ-BR-00000187,left,NGIQ-BR-00000275,0.0,0.0,0.0,0,59.032
NGIQ-BR-00000187,left,NGIQ-BR-00000276,0.40796,0.43141,0.45771,1250,8.668
NGIQ-BR-00000187,left,NGIQ-BR-00000277,0.0,0.0,0.0,0,49.029
NGIQ-BR-00000187,left,NGIQ-BR-00000278,0.0,0.0,0.0,0,86.883
NGIQ-BR-00000187,left,NGIQ-BR-00000279,0.00065,0.00046,0.00035,2,26.169
NGIQ-BR-00000187,left,NGIQ-BR-00000280,0.0,0.0,0.0,0,93.971
NGIQ-BR-00000187,left,NGIQ-BR-00000281,0.0,0.0,0.0,0,61.785
NGIQ-BR-00000187,left,NGIQ-BR-00000282,0.0,0.0,0.0,0,39.242
NGIQ-BR-00000187,left,NGIQ-BR-00000283,0.0,0.0,0.0,0,51.984
NGIQ-BR-00000187,left,NGIQ-BR-00000284,0.0,0.0,0.0,0,74.12
NGIQ-BR-00000187,left,NGIQ-BR-00000285,0.0,0.0,0.0,0,99.278
NGIQ-BR-00000187,left,NGIQ-BR-00000286,0.0,0.0,0.0,0,88.346
NGIQ-BR-00000187,left,NGIQ-BR-00000287,0.0,0.0,0.0,0,35.845
NGIQ-BR-00000187,left,NGIQ-BR-00000288,0.0,0.0,0.0,0,55.343
NGIQ-BR-00000187,left,NGIQ-BR-00000289,0.0248,0.02083,0.01795,76,39.702
NGIQ-BR-00000187,left,NGIQ-BR-00000290,0.0,0.0,0.0,0,60.186
NGIQ-BR-00000187,left,NGIQ-BR-00000291,0.02611,0.01383,0.00941,80,30.326
NGIQ-BR-00000187,left,NGIQ-BR-00000292,0.0,0.0,0.0,0,84.716
NGIQ-BR-00000187,left,NGIQ-BR-00000293,0.0,0.0,0.0,0,98.165
NGIQ-BR-00000187,left,NGIQ-BR-00000294,0.0,0.0,0.0,0,84.937
NGIQ-BR-00000187,left,NGIQ-BR-00000295,0.0,0.0,0.0,0,45.651
NGIQ-BR-00000187,left,NGIQ-BR-00000296,0.0,0.0,0.0,0,60.876
NGIQ-BR-00000187,left,NGIQ-BR-00000297,0.0,0.0,0.0,0,51.753
NGIQ-BR-00000187,left,NGIQ-BR-00000298,0.0,0.0,0.0,0,42.468
NGIQ-BR-00000187,left,NGIQ-BR-00000299,0.0,0.0,0.0,0,55.833
NGIQ-BR-00000188,right,NGIQ-BR-00000300,0.0,0.0,0.0,0,66.349
NGIQ-BR-00000188,right,NGIQ-BR-00000301,0.0,0.0,0.0,0,73.745
NGIQ-BR-00000188,right,NGIQ-BR-00000302,0.0,0.0,0.0,0,35.917
NGIQ-BR-00000188,right,NGIQ-BR-00000303,0.0,0.0,0.0,0,65.141
NGIQ-BR-00000188,right,NGIQ-BR-00000304,0.0,0.0,0.0,0,43.974
NGIQ-BR-00000188,right,NGIQ-BR-00000305,0.0,0.0,0.0,0,45.641
NGIQ-BR-00000188,right,NGIQ-BR-00000306,0.0,0.0,0.0,0,61.541
NGIQ-BR-00000188,right,NGIQ-BR-00000307,0.4184,0.43801,0.45954,1187,7.157
NGIQ-BR-00000188,right,NGIQ-BR-00000308,0.0,0.0,0.0,0,50.189
NGIQ-BR-00000188,right,NGIQ-BR-00000309,0.0,0.0,0.0,0,84.486
NGIQ-BR-00000188,right,NGIQ-BR-00000310,0.00211,0.00144,0.0011,6,26.766
NGIQ-BR-00000188,right,NGIQ-BR-00000311,0.0,0.0,0.0,0,90.841
NGIQ-BR-00000188,right,NGIQ-BR-00000312,0.0,0.0,0.0,0,62.368
NGIQ-BR-00000188,right,NGIQ-BR-00000313,0.00211,0.00241,0.0028,6,39.129
NGIQ-BR-00000188,right,NGIQ-BR-00000314,0.0,0.0,0.0,0,50.95
NGIQ-BR-00000188,right,NGIQ-BR-00000315,0.0,0.0,0.0,0,73.082
NGIQ-BR-00000188,right,NGIQ-BR-00000316,0.0,0.0,0.0,0,98.123
NGIQ-BR-00000188,right,NGIQ-BR-00000317,0.0,0.0,0.0,0,86.876
NGIQ-BR-00000188,right,NGIQ-BR-00000318,0.0,0.0,0.0,0,36.13
NGIQ-BR-00000188,right,NGIQ-BR-00000319,0.0,0.0,0.0,0,54.984
NGIQ-BR-00000188,right,NGIQ-BR-00000320,0.02397,0.01899,0.01572,68,37.162
NGIQ-BR-00000188,right,NGIQ-BR-00000321,0.0,0.0,0.0,0,59.294
NGIQ-BR-00000188,right,NGIQ-BR-00000322,0.01868,0.00938,0.00626,53,29.311
NGIQ-BR-00000188,right,NGIQ-BR-00000323,0.0,0.0,0.0,0,81.627
NGIQ-BR-00000188,right,NGIQ-BR-00000324,0.0,0.0,0.0,0,96.722
NGIQ-BR-00000188,right,NGIQ-BR-00000325,0.0,0.0,0.0,0,83.57
NGIQ-BR-00000188,right,NGIQ-BR-00000326,0.0,0.0,0.0,0,47.247
NGIQ-BR-00000188,right,NGIQ-BR-00000327,0.0,0.0,0.0,0,62.927
NGIQ-BR-00000188,right,NGIQ-BR-00000328,0.0,0.0,0.0,0,52.935
NGIQ-BR-00000188,right,NGIQ-BR-00000329,0.0,0.0,0.0,0,45.202
NGIQ-BR-00000188,right,NGIQ-BR-00000330,0.0,0.0,0.0,0,55.367
NGIQ-BR-00000191,left,NGIQ-BR-00000269,0.0,0.0,0.0,0,46.124
NGIQ-BR-00000191,left,NGIQ-BR-00000270,0.0,0.0,0.0,0,45.38
NGIQ-BR-00000191,left,NGIQ-BR-00000271,0.0,0.0,0.0,0,61.691
NGIQ-BR-00000191,left,NGIQ-BR-00000272,0.0,0.0,0.0,0,82.481
NGIQ-BR-00000191,left,NGIQ-BR-00000273,0.0,0.0,0.0,0,72.453
NGIQ-BR-00000191,left,NGIQ-BR-00000274,0.0,0.0,0.0,0,58.769
NGIQ-BR-00000191,left,NGIQ-BR-00000275,0.0,0.0,0.0,0,81.657
NGIQ-BR-00000191,left,NGIQ-BR-00000276,0.0,0.0,0.0,0,32.092
NGIQ-BR-00000191,left,NGIQ-BR-00000277,0.0,0.0,0.0,0,82.267
NGIQ-BR-00000191,left,NGIQ-BR-00000278,0.0,0.0,0.0,0,83.853
NGIQ-BR-00000191,left,NGIQ-BR-00000279,0.0,0.0,0.0,0,64.765
NGIQ-BR-00000191,left,NGIQ-BR-00000280,0.0,0.0,0.0,0,88.158
NGIQ-BR-00000191,left,NGIQ-BR-00000281,0.0,0.0,0.0,0,77.408
NGIQ-BR-00000191,left,NGIQ-BR-00000282,0.0,0.0,0.0,0,64.728
NGIQ-BR-00000191,left,NGIQ-BR-00000283,0.064,0.06714,0.07061,334,17.857
NGIQ-BR-00000191,left,NGIQ-BR-00000284,0.0,0.0,0.0,0,62.288
NGIQ-BR-00000191,left,NGIQ-BR-00000285,0.0,0.0,0.0,0,92.791
NGIQ-BR-00000191,left,NGIQ-BR-00000286,0.0,0.0,0.0,0,77.939
NGIQ-BR-00000191,left,NGIQ-BR-00000287,0.0,0.0,0.0,0,69.364
NGIQ-BR-00000191,left,NGIQ-BR-00000288,0.0,0.0,0.0,0,38.357
NGIQ-BR-00000191,left,NGIQ-BR-00000289,0.29776,0.32882,0.36712,1554,8.443
NGIQ-BR-00000191,left,NGIQ-BR-00000290,0.0,0.0,0.0,0,36.01
NGIQ-BR-00000191,left,NGIQ-BR-00000291,0.02453,0.01866,0.01506,128,35.168
NGIQ-BR-00000191,left,NGIQ-BR-00000292,0.0,0.0,0.0,0,71.607
NGIQ-BR-00000191,left,NGIQ-BR-00000293,0.0,0.0,0.0,0,79.724
NGIQ-BR-00000191,left,NGIQ-BR-00000294,0.00211,0.00076,0.00047,11,54.27
NGIQ-BR-00000191,left,NGIQ-BR-00000295,0.0,0.0,0.0,0,45.458
NGIQ-BR-00000191,left,NGIQ-BR-00000296,0.0,0.0,0.0,0,67.498
NGIQ-BR-00000191,left,NGIQ-BR-00000297,0.0,0.0,0.0,0,50.004
NGIQ-BR-00000191,left,NGIQ-BR-00000298,0.0,0.0,0.0,0,48.987
NGIQ-BR-00000191,left,NGIQ-BR-00000299,0.0,0.0,0.0,0,55.205
NGIQ-BR-00000192,right,NGIQ-BR-00000300,0.0,0.0,0.0,0,43.787
NGIQ-BR-00000192,right,NGIQ-BR-00000301,0.0,0.0,0.0,0,45.38
NGIQ-BR-00000192,right,NGIQ-BR-00000302,0.0,0.0,0.0,0,61.785
NGIQ-BR-00000192,right,NGIQ-BR-00000303,0.0,0.0,0.0,0,81.855
NGIQ-BR-00000192,right,NGIQ-BR-00000304,0.0,0.0,0.0,0,73.551
NGIQ-BR-00000192,right,NGIQ-BR-00000305,0.0,0.0,0.0,0,58.718
NGIQ-BR-00000192,right,NGIQ-BR-00000306,0.0,0.0,0.0,0,84.007
NGIQ-BR-00000192,right,NGIQ-BR-00000307,0.0,0.0,0.0,0,33.449
NGIQ-BR-00000192,right,NGIQ-BR-00000308,0.0,0.0,0.0,0,82.464
NGIQ-BR-00000192,right,NGIQ-BR-00000309,0.0,0.0,0.0,0,82.336
NGIQ-BR-00000192,right,NGIQ-BR-00000310,0.0,0.0,0.0,0,64.132
NGIQ-BR-00000192,right,NGIQ-BR-00000311,0.0,0.0,0.0,0,85.427
NGIQ-BR-00000192,right,NGIQ-BR-00000312,0.0,0.0,0.0,0,78.345
NGIQ-BR-00000192,right,NGIQ-BR-00000313,0.0,0.0,0.0,0,64.71
NGIQ-BR-00000192,right,NGIQ-BR-00000314,0.00262,0.00261,0.0026,12,18.187
NGIQ-BR-00000192,right,NGIQ-BR-00000315,0.0,0.0,0.0,0,63.362
NGIQ-BR-00000192,right,NGIQ-BR-00000316,0.0,0.0,0.0,0,92.429
NGIQ-BR-00000192,right,NGIQ-BR-00000317,0.0,0.0,0.0,0,77.417
NGIQ-BR-00000192,right,NGIQ-BR-00000318,0.0,0.0,0.0,0,68.508
NGIQ-BR-00000192,right,NGIQ-BR-00000319,0.0,0.0,0.0,0,39.29
NGIQ-BR-00000192,right,NGIQ-BR-00000320,0.34679,0.3568,0.3674,1589,6.329
NGIQ-BR-00000192,right,NGIQ-BR-00000321,0.0,0.0,0.0,0,38.203
NGIQ-BR-00000192,right,NGIQ-BR-00000322,0.01288,0.00904,0.00697,59,36.483
NGIQ-BR-00000192,right,NGIQ-BR-00000323,0.0,0.0,0.0,0,68.637
NGIQ-BR-00000192,right,NGIQ-BR-00000324,0.0,0.0,0.0,0,79.804
NGIQ-BR-00000192,right,NGIQ-BR-00000325,0.0,0.0,0.0,0,54.068
NGIQ-BR-00000192,right,NGIQ-BR-00000326,0.0,0.0,0.0,0,48.052
NGIQ-BR-00000192,right,NGIQ-BR-00000327,0.0,0.0,0.0,0,69.998
NGIQ-BR-00000192,right,NGIQ-BR-00000328,0.0,0.0,0.0,0,50.25
NGIQ-BR-00000192,right,NGIQ-BR-00000329,0.0,0.0,0.0,0,51.721
NGIQ-BR-00000192,right,NGIQ-BR-00000330,0.0,0.0,0.0,0,56.387
NGIQ-BR-00000193,left,NGIQ-BR-00000269,0.0,0.0,0.0,0,34.225
NGIQ-BR-00000193,left,NGIQ-BR-00000270,0.0,0.0,0.0,0,66.236
NGIQ-BR-00000193,left,NGIQ-BR-00000271,0.0,0.0,0.0,0,122.356
NGIQ-BR-00000193,left,NGIQ-BR-00000272,0.0,0.0,0.0,0,58.065
NGIQ-BR-00000193,left,NGIQ-BR-00000273,0.0,0.0,0.0,0,89.239
NGIQ-BR-00000193,left,NGIQ-BR-00000274,0.0,0.0,0.0,0,120.551
NGIQ-BR-00000193,left,NGIQ-BR-00000275,0.0,0.0,0.0,0,87.812
NGIQ-BR-00000193,left,NGIQ-BR-00000276,0.0,0.0,0.0,0,87.655
NGIQ-BR-00000193,left,NGIQ-BR-00000277,0.0,0.0,0.0,0,131.855
NGIQ-BR-00000193,left,NGIQ-BR-00000278,0.0,0.0,0.0,0,25.52
NGIQ-BR-00000193,left,NGIQ-BR-00000279,0.0,0.0,0.0,0,108.736
NGIQ-BR-00000193,left,NGIQ-BR-00000280,0.04002,0.04292,0.04627,207,14.498
NGIQ-BR-00000193,left,NGIQ-BR-00000281,0.0,0.0,0.0,0,85.119
NGIQ-BR-00000193,left,NGIQ-BR-00000282,0.0,0.0,0.0,0,72.998
NGIQ-BR-00000193,left,NGIQ-BR-00000283,0.0,0.0,0.0,0,91.916
NGIQ-BR-00000193,left,NGIQ-BR-00000284,0.0,0.0,0.0,0,51.786
NGIQ-BR-00000193,left,NGIQ-BR-00000285,0.0,0.0,0.0,0,39.738
NGIQ-BR-00000193,left,NGIQ-BR-00000286,0.0,0.0,0.0,0,42.434
NGIQ-BR-00000193,left,NGIQ-BR-00000287,0.0,0.0,0.0,0,122.895
NGIQ-BR-00000193,left,NGIQ-BR-00000288,0.0,0.0,0.0,0,86.926
NGIQ-BR-00000193,left,NGIQ-BR-00000289,0.0,0.0,0.0,0,68.627
NGIQ-BR-00000193,left,NGIQ-BR-00000290,0.0,0.0,0.0,0,76.437
NGIQ-BR-00000193,left,NGIQ-BR-00000291,0.0,0.0,0.0,0,106.101
NGIQ-BR-00000193,left,NGIQ-BR-00000292,0.25503,0.35519,0.58492,1319,6.611
NGIQ-BR-00000193,left,NGIQ-BR-00000293,0.0,0.0,0.0,0,33.554
NGIQ-BR-00000193,left,NGIQ-BR-00000294,0.02049,0.00737,0.00449,106,47.145
NGIQ-BR-00000193,left,NGIQ-BR-00000295,0.0,0.0,0.0,0,118.622
NGIQ-BR-00000193,left,NGIQ-BR-00000296,0.0,0.0,0.0,0,69.049
NGIQ-BR-00000193,left,NGIQ-BR-00000297,0.0,0.0,0.0,0,99.073
NGIQ-BR-00000193,left,NGIQ-BR-00000298,0.0,0.0,0.0,0,74.359
NGIQ-BR-00000193,left,NGIQ-BR-00000299,0.0,0.0,0.0,0,49.987
NGIQ-BR-00000194,right,NGIQ-BR-00000300,0.01588,0.01725,0.01888,54,29.122
NGIQ-BR-00000194,right,NGIQ-BR-00000301,0.0,0.0,0.0,0,60.076
NGIQ-BR-00000194,right,NGIQ-BR-00000302,0.0,0.0,0.0,0,120.984
NGIQ-BR-00000194,right,NGIQ-BR-00000303,0.0,0.0,0.0,0,63.278
NGIQ-BR-00000194,right,NGIQ-BR-00000304,0.0,0.0,0.0,0,90.935
NGIQ-BR-00000194,right,NGIQ-BR-00000305,0.0,0.0,0.0,0,115.317
NGIQ-BR-00000194,right,NGIQ-BR-00000306,0.0,0.0,0.0,0,88.976
NGIQ-BR-00000194,right,NGIQ-BR-00000307,0.0,0.0,0.0,0,86.66
NGIQ-BR-00000194,right,NGIQ-BR-00000308,0.0,0.0,0.0,0,130.75
NGIQ-BR-00000194,right,NGIQ-BR-00000309,0.0,0.0,0.0,0,31.45
NGIQ-BR-00000194,right,NGIQ-BR-00000310,0.0,0.0,0.0,0,107.984
NGIQ-BR-00000194,right,NGIQ-BR-00000311,0.00029,0.00023,0.00019,1,22.202
NGIQ-BR-00000194,right,NGIQ-BR-00000312,0.0,0.0,0.0,0,85.61
NGIQ-BR-00000194,right,NGIQ-BR-00000313,0.0,0.0,0.0,0,75.944
NGIQ-BR-00000194,right,NGIQ-BR-00000314,0.0,0.0,0.0,0,85.452
NGIQ-BR-00000194,right,NGIQ-BR-00000315,0.0,0.0,0.0,0,50.443
NGIQ-BR-00000194,right,NGIQ-BR-00000316,0.0,0.0,0.0,0,42.552
NGIQ-BR-00000194,right,NGIQ-BR-00000317,0.0,0.0,0.0,0,43.583
NGIQ-BR-00000194,right,NGIQ-BR-00000318,0.0,0.0,0.0,0,121.34
NGIQ-BR-00000194,right,NGIQ-BR-00000319,0.0,0.0,0.0,0,82.315
NGIQ-BR-00000194,right,NGIQ-BR-00000320,0.0,0.0,0.0,0,65.721
NGIQ-BR-00000194,right,NGIQ-BR-00000321,0.0,0.0,0.0,0,70.889
NGIQ-BR-00000194,right,NGIQ-BR-00000322,0.0,0.0,0.0,0,102.977
NGIQ-BR-00000194,right,NGIQ-BR-00000323,0.31608,0.38427,0.48997,1075,4.883
NGIQ-BR-00000194,right,NGIQ-BR-00000324,0.0,0.0,0.0,0,29.898
NGIQ-BR-00000194,right,NGIQ-BR-00000325,0.0,0.0,0.0,0,38.38
NGIQ-BR-00000194,right,NGIQ-BR-00000326,0.0,0.0,0.0,0,116.545
NGIQ-BR-00000194,right,NGIQ-BR-00000327,0.0,0.0,0.0,0,68.277
NGIQ-BR-00000194,right,NGIQ-BR-00000328,0.0,0.0,0.0,0,92.676
NGIQ-BR-00000194,right,NGIQ-BR-00000329,0.0,0.0,0.0,0,72.48
NGIQ-BR-00000194,right,NGIQ-BR-00000330,0.0,0.0,0.0,0,50.819
NGIQ-BR-00000015,left,NGIQ-BR-00000269,0.0,0.0,0.0,0,109.434
NGIQ-BR-00000015,left,NGIQ-BR-00000270,0.0,0.0,0.0,0,114.57
NGIQ-BR-00000015,left,NGIQ-BR-00000271,0.0,0.0,0.0,0,30.655
NGIQ-BR-00000015,left,NGIQ-BR-00000272,0.0,0.0,0.0,0,84.74
NGIQ-BR-00000015,left,NGIQ-BR-00000273,0.00092,0.00066,0.00052,4,49.386
NGIQ-BR-00000015,left,NGIQ-BR-00000274,0.0,0.0,0.0,0,53.404
NGIQ-BR-00000015,left,NGIQ-BR-00000275,0.0,0.0,0.0,0,68.296
NGIQ-BR-00000015,left,NGIQ-BR-00000276,0.0,0.0,0.0,0,48.074
NGIQ-BR-00000015,left,NGIQ-BR-00000277,0.00161,0.00127,0.00104,7,22.472
NGIQ-BR-00000015,left,NGIQ-BR-00000278,0.0,0.0,0.0,0,117.801
NGIQ-BR-00000015,left,NGIQ-BR-00000279,0.24152,0.20863,0.18362,1047,16.278
NGIQ-BR-00000015,left,NGIQ-BR-00000280,0.0,0.0,0.0,0,126.349
NGIQ-BR-00000015,left,NGIQ-BR-00000281,0.0,0.0,0.0,0,76.801
NGIQ-BR-00000015,left,NGIQ-BR-00000282,0.0,0.0,0.0,0,57.205
NGIQ-BR-00000015,left,NGIQ-BR-00000283,0.0,0.0,0.0,0,88.448
NGIQ-BR-00000015,left,NGIQ-BR-00000284,0.0,0.0,0.0,0,108.331
NGIQ-BR-00000015,left,NGIQ-BR-00000285,0.0,0.0,0.0,0,130.285
NGIQ-BR-00000015,left,NGIQ-BR-00000286,0.0,0.0,0.0,0,121.67
NGIQ-BR-00000015,left,NGIQ-BR-00000287,0.0,0.0,0.0,0,17.282
NGIQ-BR-00000015,left,NGIQ-BR-00000288,0.0,0.0,0.0,0,88.128
NGIQ-BR-00000015,left,NGIQ-BR-00000289,0.0,0.0,0.0,0,81.171
NGIQ-BR-00000015,left,NGIQ-BR-00000290,0.0,0.0,0.0,0,96.751
NGIQ-BR-00000015,left,NGIQ-BR-00000291,0.0,0.0,0.0,0,55.308
NGIQ-BR-00000015,left,NGIQ-BR-00000292,0.0,0.0,0.0,0,121.408
NGIQ-BR-00000015,left,NGIQ-BR-00000293,0.0,0.0,0.0,0,135.457
NGIQ-BR-00000015,left,NGIQ-BR-00000294,0.0,0.0,0.0,0,126.403
NGIQ-BR-00000015,left,NGIQ-BR-00000295,0.0,0.0,0.0,0,64.04
NGIQ-BR-00000015,left,NGIQ-BR-00000296,0.0,0.0,0.0,0,85.352
NGIQ-BR-00000015,left,NGIQ-BR-00000297,0.0,0.0,0.0,0,75.861
NGIQ-BR-00000015,left,NGIQ-BR-00000298,0.0,0.0,0.0,0,70.987
NGIQ-BR-00000015,left,NGIQ-BR-00000299,0.0,0.0,0.0,0,88.174
NGIQ-BR-00000016,right,NGIQ-BR-00000300,0.0,0.0,0.0,0,112.356
NGIQ-BR-00000016,right,NGIQ-BR-00000301,0.0,0.0,0.0,0,117.532
NGIQ-BR-00000016,right,NGIQ-BR-00000302,0.0,0.0,0.0,0,30.301
NGIQ-BR-00000016,right,NGIQ-BR-00000303,0.0,0.0,0.0,0,89.498
NGIQ-BR-00000016,right,NGIQ-BR-00000304,0.0,0.0,0.0,0,55.037
NGIQ-BR-00000016,right,NGIQ-BR-00000305,0.0,0.0,0.0,0,56.726
NGIQ-BR-00000016,right,NGIQ-BR-00000306,0.0,0.0,0.0,0,75.573
NGIQ-BR-00000016,right,NGIQ-BR-00000307,0.0,0.0,0.0,0,49.732
NGIQ-BR-00000016,right,NGIQ-BR-00000308,0.01413,0.0121,0.01058,73,23.974
NGIQ-BR-00000016,right,NGIQ-BR-00000309,0.0,0.0,0.0,0,121.087
NGIQ-BR-00000016,right,NGIQ-BR-00000310,0.21549,0.20929,0.20344,1113,21.415
NGIQ-BR-00000016,right,NGIQ-BR-00000311,0.0,0.0,0.0,0,129.054
NGIQ-BR-00000016,right,NGIQ-BR-00000312,0.0,0.0,0.0,0,82.174
NGIQ-BR-00000016,right,NGIQ-BR-00000313,0.0,0.0,0.0,0,61.798
NGIQ-BR-00000016,right,NGIQ-BR-00000314,0.0,0.0,0.0,0,90.498
NGIQ-BR-00000016,right,NGIQ-BR-00000315,0.0,0.0,0.0,0,112.146
NGIQ-BR-00000016,right,NGIQ-BR-00000316,0.0,0.0,0.0,0,134.872
NGIQ-BR-00000016,right,NGIQ-BR-00000317,0.0,0.0,0.0,0,125.686
NGIQ-BR-00000016,right,NGIQ-BR-00000318,0.03059,0.04333,0.07425,158,17.617
NGIQ-BR-00000016,right,NGIQ-BR-00000319,0.0,0.0,0.0,0,91.654
NGIQ-BR-00000016,right,NGIQ-BR-00000320,0.0,0.0,0.0,0,82.778
NGIQ-BR-00000016,right,NGIQ-BR-00000321,0.0,0.0,0.0,0,99.832
NGIQ-BR-00000016,right,NGIQ-BR-00000322,0.0,0.0,0.0,0,54.938
NGIQ-BR-00000016,right,NGIQ-BR-00000323,0.0,0.0,0.0,0,124.234
NGIQ-BR-00000016,right,NGIQ-BR-00000324,0.0,0.0,0.0,0,139.414
NGIQ-BR-00000016,right,NGIQ-BR-00000325,0.0,0.0,0.0,0,130.038
NGIQ-BR-00000016,right,NGIQ-BR-00000326,0.0,0.0,0.0,0,64.844
NGIQ-BR-00000016,right,NGIQ-BR-00000327,0.0,0.0,0.0,0,92.504
NGIQ-BR-00000016,right,NGIQ-BR-00000328,0.0,0.0,0.0,0,82.066
NGIQ-BR-00000016,right,NGIQ-BR-00000329,0.0,0.0,0.0,0,78.07
NGIQ-BR-00000016,right,NGIQ-BR-00000330,0.0,0.0,0.0,0,92.61
NGIQ-BR-00000199,left,NGIQ-BR-00000269,0.0,0.0,0.0,0,87.706
NGIQ-BR-00000199,left,NGIQ-BR-00000270,0.0,0.0,0.0,0,93.09
NGIQ-BR-00000199,left,NGIQ-BR-00000271,0.0,0.0,0.0,0,33.687
NGIQ-BR-00000199,left,NGIQ-BR-00000272,0.0,0.0,0.0,0,65.568
NGIQ-BR-00000199,left,NGIQ-BR-00000273,0.00519,0.00498,0.00479,37,31.331
NGIQ-BR-00000199,left,NGIQ-BR-00000274,0.0,0.0,0.0,0,45.726
NGIQ-BR-00000199,left,NGIQ-BR-00000275,0.0,0.0,0.0,0,50.636
NGIQ-BR-00000199,left,NGIQ-BR-00000276,0.0,0.0,0.0,0,30.553
NGIQ-BR-00000199,left,NGIQ-BR-00000277,0.0,0.0,0.0,0,31.984
NGIQ-BR-00000199,left,NGIQ-BR-00000278,0.0,0.0,0.0,0,95.765
NGIQ-BR-00000199,left,NGIQ-BR-00000279,0.34222,0.38017,0.42757,2438,8.589
NGIQ-BR-00000199,left,NGIQ-BR-00000280,0.0,0.0,0.0,0,105.085
NGIQ-BR-00000199,left,NGIQ-BR-00000281,0.0,0.0,0.0,0,57.574
NGIQ-BR-00000199,left,NGIQ-BR-00000282,0.00225,0.00349,0.0078,16,36.51
NGIQ-BR-00000199,left,NGIQ-BR-00000283,0.0,0.0,0.0,0,73.234
NGIQ-BR-00000199,left,NGIQ-BR-00000284,0.0,0.0,0.0,0,85.28
NGIQ-BR-00000199,left,NGIQ-BR-00000285,0.0,0.0,0.0,0,107.69
NGIQ-BR-00000199,left,NGIQ-BR-00000286,0.0,0.0,0.0,0,98.574
NGIQ-BR-00000199,left,NGIQ-BR-00000287,0.0,0.0,0.0,0,25.696
NGIQ-BR-00000199,left,NGIQ-BR-00000288,0.0,0.0,0.0,0,68.849
NGIQ-BR-00000199,left,NGIQ-BR-00000289,0.0,0.0,0.0,0,61.911
NGIQ-BR-00000199,left,NGIQ-BR-00000290,0.0,0.0,0.0,0,76.173
NGIQ-BR-00000199,left,NGIQ-BR-00000291,0.0,0.0,0.0,0,45.268
NGIQ-BR-00000199,left,NGIQ-BR-00000292,0.0,0.0,0.0,0,99.435
NGIQ-BR-00000199,left,NGIQ-BR-00000293,0.0,0.0,0.0,0,112.359
NGIQ-BR-00000199,left,NGIQ-BR-00000294,0.0,0.0,0.0,0,104.817
NGIQ-BR-00000199,left,NGIQ-BR-00000295,0.0,0.0,0.0,0,56.361
NGIQ-BR-00000199,left,NGIQ-BR-00000296,0.0,0.0,0.0,0,63.536
NGIQ-BR-00000199,left,NGIQ-BR-00000297,0.0,0.0,0.0,0,58.658
NGIQ-BR-00000199,left,NGIQ-BR-00000298,0.0,0.0,0.0,0,48.796
NGIQ-BR-00000199,left,NGIQ-BR-00000299,0.0,0.0,0.0,0,65.042
NGIQ-BR-00000200,right,NGIQ-BR-00000300,0.0,0.0,0.0,0,87.801
NGIQ-BR-00000200,right,NGIQ-BR-00000301,0.0,0.0,0.0,0,93.611
NGIQ-BR-00000200,right,NGIQ-BR-00000302,0.0,0.0,0.0,0,34.363
NGIQ-BR-00000200,right,NGIQ-BR-00000303,0.0,0.0,0.0,0,65.328
NGIQ-BR-00000200,right,NGIQ-BR-00000304,0.01239,0.01254,0.01269,92,31.583
NGIQ-BR-00000200,right,NGIQ-BR-00000305,0.0,0.0,0.0,0,46.306
NGIQ-BR-00000200,right,NGIQ-BR-00000306,0.0,0.0,0.0,0,52.509
NGIQ-BR-00000200,right,NGIQ-BR-00000307,0.0,0.0,0.0,0,30.625
NGIQ-BR-00000200,right,NGIQ-BR-00000308,0.00013,0.00014,0.00014,1,30.768
NGIQ-BR-00000200,right,NGIQ-BR-00000309,0.0,0.0,0.0,0,94.599
NGIQ-BR-00000200,right,NGIQ-BR-00000310,0.29725,0.34235,0.40358,2208,7.813
NGIQ-BR-00000200,right,NGIQ-BR-00000311,0.0,0.0,0.0,0,103.63
NGIQ-BR-00000200,right,NGIQ-BR-00000312,0.0,0.0,0.0,0,57.846
NGIQ-BR-00000200,right,NGIQ-BR-00000313,0.00996,0.01547,0.03456,74,36.066
NGIQ-BR-00000200,right,NGIQ-BR-00000314,0.0,0.0,0.0,0,74.571
NGIQ-BR-00000200,right,NGIQ-BR-00000315,0.0,0.0,0.0,0,85.163
NGIQ-BR-00000200,right,NGIQ-BR-00000316,0.0,0.0,0.0,0,107.707
NGIQ-BR-00000200,right,NGIQ-BR-00000317,0.0,0.0,0.0,0,98.354
NGIQ-BR-00000200,right,NGIQ-BR-00000318,0.0,0.0,0.0,0,24.962
NGIQ-BR-00000200,right,NGIQ-BR-00000319,0.0,0.0,0.0,0,70.219
NGIQ-BR-00000200,right,NGIQ-BR-00000320,0.0,0.0,0.0,0,62.023
NGIQ-BR-00000200,right,NGIQ-BR-00000321,0.0,0.0,0.0,0,76.666
NGIQ-BR-00000200,right,NGIQ-BR-00000322,0.0,0.0,0.0,0,45.015
NGIQ-BR-00000200,right,NGIQ-BR-00000323,0.0,0.0,0.0,0,98.548
NGIQ-BR-00000200,right,NGIQ-BR-00000324,0.0,0.0,0.0,0,112.462
NGIQ-BR-00000200,right,NGIQ-BR-00000325,0.0,0.0,0.0,0,105.785
NGIQ-BR-00000200,right,NGIQ-BR-00000326,0.0,0.0,0.0,0,58.397
NGIQ-BR-00000200,right,NGIQ-BR-00000327,0.0,0.0,0.0,0,65.992
NGIQ-BR-00000200,right,NGIQ-BR-00000328,0.0,0.0,0.0,0,61.605
NGIQ-BR-00000200,right,NGIQ-BR-00000329,0.0,0.0,0.0,0,51.945
NGIQ-BR-00000200,right,NGIQ-BR-00000330,0.0,0.0,0.0,0,65.262
NGIQ-BR-00000203,left,NGIQ-BR-00000269,0.0,0.0,0.0,0,114.08
NGIQ-BR-00000203,left,NGIQ-BR-00000270,0.0,0.0,0.0,0,108.871
NGIQ-BR-00000203,left,NGIQ-BR-00000271,0.0,0.0,0.0,0,27.613
NGIQ-BR-00000203,left,NGIQ-BR-00000272,0.0,0.0,0.0,0,99.076
NGIQ-BR-00000203,left,NGIQ-BR-00000273,0.0,0.0,0.0,0,58.671
NGIQ-BR-00000203,left,NGIQ-BR-00000274,0.02346,0.02003,0.01748,149,30.745
NGIQ-BR-00000203,left,NGIQ-BR-00000275,0.0,0.0,0.0,0,73.007
NGIQ-BR-00000203,left,NGIQ-BR-00000276,0.0,0.0,0.0,0,50.974
NGIQ-BR-00000203,left,NGIQ-BR-00000277,0.20107,0.19527,0.1898,1277,11.275
NGIQ-BR-00000203,left,NGIQ-BR-00000278,0.0,0.0,0.0,0,127.175
NGIQ-BR-00000203,left,NGIQ-BR-00000279,0.0,0.0,0.0,0,31.431
NGIQ-BR-00000203,left,NGIQ-BR-00000280,0.0,0.0,0.0,0,138.133
NGIQ-BR-00000203,left,NGIQ-BR-00000281,0.0,0.0,0.0,0,76.529
NGIQ-BR-00000203,left,NGIQ-BR-00000282,0.0,0.0,0.0,0,69.554
NGIQ-BR-00000203,left,NGIQ-BR-00000283,0.0,0.0,0.0,0,81.81
NGIQ-BR-00000203,left,NGIQ-BR-00000284,0.0,0.0,0.0,0,107.292
NGIQ-BR-00000203,left,NGIQ-BR-00000285,0.0,0.0,0.0,0,135.817
NGIQ-BR-00000203,left,NGIQ-BR-00000286,0.0,0.0,0.0,0,123.818
NGIQ-BR-00000203,left,NGIQ-BR-00000287,0.0,0.0,0.0,0,22.077
NGIQ-BR-00000203,left,NGIQ-BR-00000288,0.0,0.0,0.0,0,76.649
NGIQ-BR-00000203,left,NGIQ-BR-00000289,0.0,0.0,0.0,0,81.414
NGIQ-BR-00000203,left,NGIQ-BR-00000290,0.0,0.0,0.0,0,88.328
NGIQ-BR-00000203,left,NGIQ-BR-00000291,0.0,0.0,0.0,0,47.696
NGIQ-BR-00000203,left,NGIQ-BR-00000292,0.0,0.0,0.0,0,130.142
NGIQ-BR-00000203,left,NGIQ-BR-00000293,0.0,0.0,0.0,0,138.424
NGIQ-BR-00000203,left,NGIQ-BR-00000294,0.0,0.0,0.0,0,127.314
NGIQ-BR-00000203,left,NGIQ-BR-00000295,0.00488,0.00396,0.00333,31,47.428
NGIQ-BR-00000203,left,NGIQ-BR-00000296,0.0,0.0,0.0,0,85.491
NGIQ-BR-00000203,left,NGIQ-BR-00000297,0.0,0.0,0.0,0,60.869
NGIQ-BR-00000203,left,NGIQ-BR-00000298,0.0,0.0,0.0,0,68.419
NGIQ-BR-00000203,left,NGIQ-BR-00000299,0.0,0.0,0.0,0,91.52
NGIQ-BR-00000204,right,NGIQ-BR-00000300,0.0,0.0,0.0,0,112.144
NGIQ-BR-00000204,right,NGIQ-BR-00000301,0.0,0.0,0.0,0,107.235
NGIQ-BR-00000204,right,NGIQ-BR-00000302,0.0,0.0,0.0,0,28.017
NGIQ-BR-00000204,right,NGIQ-BR-00000303,0.0,0.0,0.0,0,97.965
NGIQ-BR-00000204,right,NGIQ-BR-00000304,0.0,0.0,0.0,0,58.843
NGIQ-BR-00000204,right,NGIQ-BR-00000305,0.0151,0.01261,0.01082,105,32.484
NGIQ-BR-00000204,right,NGIQ-BR-00000306,0.0,0.0,0.0,0,74.94
NGIQ-BR-00000204,right,NGIQ-BR-00000307,0.0,0.0,0.0,0,49.741
NGIQ-BR-00000204,right,NGIQ-BR-00000308,0.19137,0.19216,0.19295,1331,11.35
NGIQ-BR-00000204,right,NGIQ-BR-00000309,0.0,0.0,0.0,0,124.542
NGIQ-BR-00000204,right,NGIQ-BR-00000310,0.0,0.0,0.0,0,32.149
NGIQ-BR-00000204,right,NGIQ-BR-00000311,0.0,0.0,0.0,0,135.181
NGIQ-BR-00000204,right,NGIQ-BR-00000312,0.0,0.0,0.0,0,75.809
NGIQ-BR-00000204,right,NGIQ-BR-00000313,0.0,0.0,0.0,0,68.057
NGIQ-BR-00000204,right,NGIQ-BR-00000314,0.0,0.0,0.0,0,82.106
NGIQ-BR-00000204,right,NGIQ-BR-00000315,0.0,0.0,0.0,0,105.124
NGIQ-BR-00000204,right,NGIQ-BR-00000316,0.0,0.0,0.0,0,134.059
NGIQ-BR-00000204,right,NGIQ-BR-00000317,0.0,0.0,0.0,0,121.16
NGIQ-BR-00000204,right,NGIQ-BR-00000318,0.0,0.0,0.0,0,22.662
NGIQ-BR-00000204,right,NGIQ-BR-00000319,0.0,0.0,0.0,0,76.016
NGIQ-BR-00000204,right,NGIQ-BR-00000320,0.0,0.0,0.0,0,79.454
NGIQ-BR-00000204,right,NGIQ-BR-00000321,0.0,0.0,0.0,0,87.008
NGIQ-BR-00000204,right,NGIQ-BR-00000322,0.0,0.0,0.0,0,46.736
NGIQ-BR-00000204,right,NGIQ-BR-00000323,0.0,0.0,0.0,0,127.382
NGIQ-BR-00000204,right,NGIQ-BR-00000324,0.0,0.0,0.0,0,136.709
NGIQ-BR-00000204,right,NGIQ-BR-00000325,0.0,0.0,0.0,0,126.5
NGIQ-BR-00000204,right,NGIQ-BR-00000326,0.00978,0.00846,0.00746,68,47.801
NGIQ-BR-00000204,right,NGIQ-BR-00000327,0.0,0.0,0.0,0,86.778
NGIQ-BR-00000204,right,NGIQ-BR-00000328,0.0,0.0,0.0,0,63.494
NGIQ-BR-00000204,right,NGIQ-BR-00000329,0.0,0.0,0.0,0,69.523
NGIQ-BR-00000204,right,NGIQ-BR-00000330,0.0,0.0,0.0,0,89.946
NGIQ-BR-00000205,left,NGIQ-BR-00000269,0.0,0.0,0.0,0,105.303
NGIQ-BR-00000205,left,NGIQ-BR-00000270,0.0,0.0,0.0,0,98.436
NGIQ-BR-00000205,left,NGIQ-BR-00000271,0.0,0.0,0.0,0,43.237
NGIQ-BR-00000205,left,NGIQ-BR-00000272,0.0,0.0,0.0,0,84.148
NGIQ-BR-00000205,left,NGIQ-BR-00000273,0.0,0.0,0.0,0,42.321
NGIQ-BR-00000205,left,NGIQ-BR-00000274,0.02792,0.02302,0.01959,167,30.1
NGIQ-BR-00000205,left,NGIQ-BR-00000275,0.00401,0.00339,0.00293,24,52.652
NGIQ-BR-00000205,left,NGIQ-BR-00000276,0.0,0.0,0.0,0,50.259
NGIQ-BR-00000205,left,NGIQ-BR-00000277,0.19458,0.18316,0.17301,1164,22.201
NGIQ-BR-00000205,left,NGIQ-BR-00000278,0.0,0.0,0.0,0,112.045
NGIQ-BR-00000205,left,NGIQ-BR-00000279,0.0,0.0,0.0,0,33.83
NGIQ-BR-00000205,left,NGIQ-BR-00000280,0.0,0.0,0.0,0,125.38
NGIQ-BR-00000205,left,NGIQ-BR-00000281,0.00067,0.00054,0.00046,4,55.118
NGIQ-BR-00000205,left,NGIQ-BR-00000282,0.0,0.0,0.0,0,55.948
NGIQ-BR-00000205,left,NGIQ-BR-00000283,0.0,0.0,0.0,0,82.472
NGIQ-BR-00000205,left,NGIQ-BR-00000284,0.0,0.0,0.0,0,91.093
NGIQ-BR-00000205,left,NGIQ-BR-00000285,0.0,0.0,0.0,0,118.576
NGIQ-BR-00000205,left,NGIQ-BR-00000286,0.0,0.0,0.0,0,107.006
NGIQ-BR-00000205,left,NGIQ-BR-00000287,0.0,0.0,0.0,0,36.461
NGIQ-BR-00000205,left,NGIQ-BR-00000288,0.0,0.0,0.0,0,66.18
NGIQ-BR-00000205,left,NGIQ-BR-00000289,0.0,0.0,0.0,0,77.606
NGIQ-BR-00000205,left,NGIQ-BR-00000290,0.0,0.0,0.0,0,77.945
NGIQ-BR-00000205,left,NGIQ-BR-00000291,0.0,0.0,0.0,0,53.79
NGIQ-BR-00000205,left,NGIQ-BR-00000292,0.0,0.0,0.0,0,118.692
NGIQ-BR-00000205,left,NGIQ-BR-00000293,0.0,0.0,0.0,0,124.175
NGIQ-BR-00000205,left,NGIQ-BR-00000294,0.0,0.0,0.0,0,118.68
NGIQ-BR-00000205,left,NGIQ-BR-00000295,0.0,0.0,0.0,0,54.092
NGIQ-BR-00000205,left,NGIQ-BR-00000296,0.0,0.0,0.0,0,66.152
NGIQ-BR-00000205,left,NGIQ-BR-00000297,0.0,0.0,0.0,0,48.074
NGIQ-BR-00000205,left,NGIQ-BR-00000298,0.0,0.0,0.0,0,52.093
NGIQ-BR-00000205,left,NGIQ-BR-00000299,0.0,0.0,0.0,0,75.922
NGIQ-BR-00000206,right,NGIQ-BR-00000300,0.0,0.0,0.0,0,103.447
NGIQ-BR-00000206,right,NGIQ-BR-00000301,0.0,0.0,0.0,0,97.852
NGIQ-BR-00000206,right,NGIQ-BR-00000302,0.0,0.0,0.0,0,44.726
NGIQ-BR-00000206,right,NGIQ-BR-00000303,0.0,0.0,0.0,0,81.496
NGIQ-BR-00000206,right,NGIQ-BR-00000304,0.00153,0.00153,0.00152,11,41.031
NGIQ-BR-00000206,right,NGIQ-BR-00000305,0.02091,0.01778,0.01546,150,32.527
NGIQ-BR-00000206,right,NGIQ-BR-00000306,0.01422,0.01328,0.01246,102,53.137
NGIQ-BR-00000206,right,NGIQ-BR-00000307,0.0,0.0,0.0,0,49.82
NGIQ-BR-00000206,right,NGIQ-BR-00000308,0.21319,0.21734,0.22166,1529,21.59
NGIQ-BR-00000206,right,NGIQ-BR-00000309,0.0,0.0,0.0,0,108.352
NGIQ-BR-00000206,right,NGIQ-BR-00000310,0.0,0.0,0.0,0,34.007
NGIQ-BR-00000206,right,NGIQ-BR-00000311,0.0,0.0,0.0,0,121.356
NGIQ-BR-00000206,right,NGIQ-BR-00000312,0.00139,0.00113,0.00095,10,53.35
NGIQ-BR-00000206,right,NGIQ-BR-00000313,0.0,0.0,0.0,0,53.04
NGIQ-BR-00000206,right,NGIQ-BR-00000314,0.0,0.0,0.0,0,84.141
NGIQ-BR-00000206,right,NGIQ-BR-00000315,0.0,0.0,0.0,0,88.556
NGIQ-BR-00000206,right,NGIQ-BR-00000316,0.0,0.0,0.0,0,115.89
NGIQ-BR-00000206,right,NGIQ-BR-00000317,0.0,0.0,0.0,0,103.753
NGIQ-BR-00000206,right,NGIQ-BR-00000318,0.0,0.0,0.0,0,37.1
NGIQ-BR-00000206,right,NGIQ-BR-00000319,0.0,0.0,0.0,0,67.461
NGIQ-BR-00000206,right,NGIQ-BR-00000320,0.0,0.0,0.0,0,76.692
NGIQ-BR-00000206,right,NGIQ-BR-00000321,0.0,0.0,0.0,0,77.443
NGIQ-BR-00000206,right,NGIQ-BR-00000322,0.0,0.0,0.0,0,54.633
NGIQ-BR-00000206,right,NGIQ-BR-00000323,0.0,0.0,0.0,0,115.313
NGIQ-BR-00000206,right,NGIQ-BR-00000324,0.0,0.0,0.0,0,121.918
NGIQ-BR-00000206,right,NGIQ-BR-00000325,0.0,0.0,0.0,0,118.033
NGIQ-BR-00000206,right,NGIQ-BR-00000326,0.0,0.0,0.0,0,57.778
NGIQ-BR-00000206,right,NGIQ-BR-00000327,0.0,0.0,0.0,0,66.633
NGIQ-BR-00000206,right,NGIQ-BR-00000328,0.0,0.0,0.0,0,52.301
NGIQ-BR-00000206,right,NGIQ-BR-00000329,0.0,0.0,0.0,0,52.676
NGIQ-BR-00000206,right,NGIQ-BR-00000330,0.0,0.0,0.0,0,73.537
NGIQ-BR-00000207,left,NGIQ-BR-00000269,0.0,0.0,0.0,0,123.224
NGIQ-BR-00000207,left,NGIQ-BR-00000270,0.0,0.0,0.0,0,122.55
NGIQ-BR-00000207,left,NGIQ-BR-00000271,0.00075,0.00115,0.00248,6,28.714
NGIQ-BR-00000207,left,NGIQ-BR-00000272,0.0,0.0,0.0,0,104.489
NGIQ-BR-00000207,left,NGIQ-BR-00000273,0.0,0.0,0.0,0,65.728
NGIQ-BR-00000207,left,NGIQ-BR-00000274,0.0,0.0,0.0,0,47.985
NGIQ-BR-00000207,left,NGIQ-BR-00000275,0.0,0.0,0.0,0,82.425
NGIQ-BR-00000207,left,NGIQ-BR-00000276,0.0,0.0,0.0,0,58.381
NGIQ-BR-00000207,left,NGIQ-BR-00000277,0.23958,0.26017,0.28463,1915,16.237
NGIQ-BR-00000207,left,NGIQ-BR-00000278,0.0,0.0,0.0,0,135.577
NGIQ-BR-00000207,left,NGIQ-BR-00000279,0.0,0.0,0.0,0,32.618
NGIQ-BR-00000207,left,NGIQ-BR-00000280,0.0,0.0,0.0,0,145.0
NGIQ-BR-00000207,left,NGIQ-BR-00000281,0.0,0.0,0.0,0,88.608
NGIQ-BR-00000207,left,NGIQ-BR-00000282,0.0,0.0,0.0,0,75.685
NGIQ-BR-00000207,left,NGIQ-BR-00000283,0.0,0.0,0.0,0,92.099
NGIQ-BR-00000207,left,NGIQ-BR-00000284,0.0,0.0,0.0,0,120.348
NGIQ-BR-00000207,left,NGIQ-BR-00000285,0.0,0.0,0.0,0,146.318
NGIQ-BR-00000207,left,NGIQ-BR-00000286,0.0,0.0,0.0,0,135.736
NGIQ-BR-00000207,left,NGIQ-BR-00000287,0.00188,0.00305,0.00821,15,19.708
NGIQ-BR-00000207,left,NGIQ-BR-00000288,0.0,0.0,0.0,0,92.248
NGIQ-BR-00000207,left,NGIQ-BR-00000289,0.0,0.0,0.0,0,90.8
NGIQ-BR-00000207,left,NGIQ-BR-00000290,0.0,0.0,0.0,0,102.914
NGIQ-BR-00000207,left,NGIQ-BR-00000291,0.0,0.0,0.0,0,56.509
NGIQ-BR-00000207,left,NGIQ-BR-00000292,0.0,0.0,0.0,0,138.2
NGIQ-BR-00000207,left,NGIQ-BR-00000293,0.0,0.0,0.0,0,149.676
NGIQ-BR-00000207,left,NGIQ-BR-00000294,0.0,0.0,0.0,0,137.967
NGIQ-BR-00000207,left,NGIQ-BR-00000295,0.00038,0.00035,0.00032,3,59.341
NGIQ-BR-00000207,left,NGIQ-BR-00000296,0.0,0.0,0.0,0,97.955
NGIQ-BR-00000207,left,NGIQ-BR-00000297,0.0,0.0,0.0,0,77.873
NGIQ-BR-00000207,left,NGIQ-BR-00000298,0.0,0.0,0.0,0,81.639
NGIQ-BR-00000207,left,NGIQ-BR-00000299,0.0,0.0,0.0,0,102.539
NGIQ-BR-00000208,right,NGIQ-BR-00000300,0.0,0.0,0.0,0,121.707
NGIQ-BR-00000208,right,NGIQ-BR-00000301,0.0,0.0,0.0,0,120.689
NGIQ-BR-00000208,right,NGIQ-BR-00000302,0.00086,0.00132,0.00292,7,28.174
NGIQ-BR-00000208,right,NGIQ-BR-00000303,0.0,0.0,0.0,0,104.735
NGIQ-BR-00000208,right,NGIQ-BR-00000304,0.0,0.0,0.0,0,66.826
NGIQ-BR-00000208,right,NGIQ-BR-00000305,0.0,0.0,0.0,0,48.868
NGIQ-BR-00000208,right,NGIQ-BR-00000306,0.0,0.0,0.0,0,85.179
NGIQ-BR-00000208,right,NGIQ-BR-00000307,0.0,0.0,0.0,0,56.89
NGIQ-BR-00000208,right,NGIQ-BR-00000308,0.23088,0.25041,0.27356,1887,17.495
NGIQ-BR-00000208,right,NGIQ-BR-00000309,0.0,0.0,0.0,0,133.988
NGIQ-BR-00000208,right,NGIQ-BR-00000310,0.0,0.0,0.0,0,34.19
NGIQ-BR-00000208,right,NGIQ-BR-00000311,0.0,0.0,0.0,0,143.182
NGIQ-BR-00000208,right,NGIQ-BR-00000312,0.0,0.0,0.0,0,88.747
NGIQ-BR-00000208,right,NGIQ-BR-00000313,0.0,0.0,0.0,0,75.421
NGIQ-BR-00000208,right,NGIQ-BR-00000314,0.0,0.0,0.0,0,91.444
NGIQ-BR-00000208,right,NGIQ-BR-00000315,0.0,0.0,0.0,0,118.731
NGIQ-BR-00000208,right,NGIQ-BR-00000316,0.0,0.0,0.0,0,145.566
NGIQ-BR-00000208,right,NGIQ-BR-00000317,0.0,0.0,0.0,0,134.018
NGIQ-BR-00000208,right,NGIQ-BR-00000318,0.01126,0.01786,0.04323,92,20.733
NGIQ-BR-00000208,right,NGIQ-BR-00000319,0.0,0.0,0.0,0,91.048
NGIQ-BR-00000208,right,NGIQ-BR-00000320,0.0,0.0,0.0,0,88.599
NGIQ-BR-00000208,right,NGIQ-BR-00000321,0.0,0.0,0.0,0,101.348
NGIQ-BR-00000208,right,NGIQ-BR-00000322,0.0,0.0,0.0,0,54.229
NGIQ-BR-00000208,right,NGIQ-BR-00000323,0.0,0.0,0.0,0,136.358
NGIQ-BR-00000208,right,NGIQ-BR-00000324,0.0,0.0,0.0,0,148.586
NGIQ-BR-00000208,right,NGIQ-BR-00000325,0.0,0.0,0.0,0,137.296
NGIQ-BR-00000208,right,NGIQ-BR-00000326,0.00049,0.00046,0.00044,4,57.541
NGIQ-BR-00000208,right,NGIQ-BR-00000327,0.0,0.0,0.0,0,99.902
NGIQ-BR-00000208,right,NGIQ-BR-00000328,0.0,0.0,0.0,0,79.9
NGIQ-BR-00000208,right,NGIQ-BR-00000329,0.0,0.0,0.0,0,83.36
NGIQ-BR-00000208,right,NGIQ-BR-00000330,0.0,0.0,0.0,0,101.739
NGIQ-BR-00000209,left,NGIQ-BR-00000269,0.0,0.0,0.0,0,117.526
NGIQ-BR-00000209,left,NGIQ-BR-00000270,0.0,0.0,0.0,0,117.35
NGIQ-BR-00000209,left,NGIQ-BR-00000271,0.0,0.0,0.0,0,40.788
NGIQ-BR-00000209,left,NGIQ-BR-00000272,0.0,0.0,0.0,0,88.649
NGIQ-BR-00000209,left,NGIQ-BR-00000273,0.00413,0.00438,0.00466,36,47.867
NGIQ-BR-00000209,left,NGIQ-BR-00000274,0.0,0.0,0.0,0,48.729
NGIQ-BR-00000209,left,NGIQ-BR-00000275,0.0,0.0,0.0,0,62.97
NGIQ-BR-00000209,left,NGIQ-BR-00000276,0.0,0.0,0.0,0,57.705
NGIQ-BR-00000209,left,NGIQ-BR-00000277,0.22003,0.24825,0.28478,1916,11.871
NGIQ-BR-00000209,left,NGIQ-BR-00000278,0.0,0.0,0.0,0,122.319
NGIQ-BR-00000209,left,NGIQ-BR-00000279,0.00322,0.00389,0.00491,28,27.879
NGIQ-BR-00000209,left,NGIQ-BR-00000280,0.0,0.0,0.0,0,133.664
NGIQ-BR-00000209,left,NGIQ-BR-00000281,0.0,0.0,0.0,0,70.622
NGIQ-BR-00000209,left,NGIQ-BR-00000282,0.0,0.0,0.0,0,60.971
NGIQ-BR-00000209,left,NGIQ-BR-00000283,0.0,0.0,0.0,0,95.957
NGIQ-BR-00000209,left,NGIQ-BR-00000284,0.0,0.0,0.0,0,108.793
NGIQ-BR-00000209,left,NGIQ-BR-00000285,0.0,0.0,0.0,0,132.053
NGIQ-BR-00000209,left,NGIQ-BR-00000286,0.0,0.0,0.0,0,122.848
NGIQ-BR-00000209,left,NGIQ-BR-00000287,0.0,0.0,0.0,0,28.296
NGIQ-BR-00000209,left,NGIQ-BR-00000288,0.0,0.0,0.0,0,87.436
NGIQ-BR-00000209,left,NGIQ-BR-00000289,0.0,0.0,0.0,0,89.736
NGIQ-BR-00000209,left,NGIQ-BR-00000290,0.0,0.0,0.0,0,97.923
NGIQ-BR-00000209,left,NGIQ-BR-00000291,0.0,0.0,0.0,0,62.966
NGIQ-BR-00000209,left,NGIQ-BR-00000292,0.0,0.0,0.0,0,129.071
NGIQ-BR-00000209,left,NGIQ-BR-00000293,0.0,0.0,0.0,0,139.338
NGIQ-BR-00000209,left,NGIQ-BR-00000294,0.0,0.0,0.0,0,133.4
NGIQ-BR-00000209,left,NGIQ-BR-00000295,0.0,0.0,0.0,0,67.013
NGIQ-BR-00000209,left,NGIQ-BR-00000296,0.0,0.0,0.0,0,82.576
NGIQ-BR-00000209,left,NGIQ-BR-00000297,0.0,0.0,0.0,0,71.375
NGIQ-BR-00000209,left,NGIQ-BR-00000298,0.0,0.0,0.0,0,69.881
NGIQ-BR-00000209,left,NGIQ-BR-00000299,0.0,0.0,0.0,0,90.2
NGIQ-BR-00000210,right,NGIQ-BR-00000300,0.0,0.0,0.0,0,115.295
NGIQ-BR-00000210,right,NGIQ-BR-00000301,0.0,0.0,0.0,0,115.576
NGIQ-BR-00000210,right,NGIQ-BR-00000302,0.0,0.0,0.0,0,40.412
NGIQ-BR-00000210,right,NGIQ-BR-00000303,0.0,0.0,0.0,0,87.365
NGIQ-BR-00000210,right,NGIQ-BR-00000304,0.00477,0.00493,0.0051,37,47.525
NGIQ-BR-00000210,right,NGIQ-BR-00000305,0.0,0.0,0.0,0,49.308
NGIQ-BR-00000210,right,NGIQ-BR-00000306,0.0,0.0,0.0,0,64.507
NGIQ-BR-00000210,right,NGIQ-BR-00000307,0.0,0.0,0.0,0,55.517
NGIQ-BR-00000210,right,NGIQ-BR-00000308,0.23376,0.24751,0.26297,1814,11.178
NGIQ-BR-00000210,right,NGIQ-BR-00000309,0.0,0.0,0.0,0,119.413
NGIQ-BR-00000210,right,NGIQ-BR-00000310,0.0058,0.0068,0.00823,45,27.888
NGIQ-BR-00000210,right,NGIQ-BR-00000311,0.0,0.0,0.0,0,130.422
NGIQ-BR-00000210,right,NGIQ-BR-00000312,0.0,0.0,0.0,0,70.02
NGIQ-BR-00000210,right,NGIQ-BR-00000313,0.0,0.0,0.0,0,59.173
NGIQ-BR-00000210,right,NGIQ-BR-00000314,0.0,0.0,0.0,0,95.342
NGIQ-BR-00000210,right,NGIQ-BR-00000315,0.0,0.0,0.0,0,106.402
NGIQ-BR-00000210,right,NGIQ-BR-00000316,0.0,0.0,0.0,0,130.246
NGIQ-BR-00000210,right,NGIQ-BR-00000317,0.0,0.0,0.0,0,120.382
NGIQ-BR-00000210,right,NGIQ-BR-00000318,0.00026,0.0004,0.00094,2,28.097
NGIQ-BR-00000210,right,NGIQ-BR-00000319,0.0,0.0,0.0,0,86.9
NGIQ-BR-00000210,right,NGIQ-BR-00000320,0.0,0.0,0.0,0,87.338
NGIQ-BR-00000210,right,NGIQ-BR-00000321,0.0,0.0,0.0,0,96.165
NGIQ-BR-00000210,right,NGIQ-BR-00000322,0.0,0.0,0.0,0,60.912
NGIQ-BR-00000210,right,NGIQ-BR-00000323,0.0,0.0,0.0,0,126.122
NGIQ-BR-00000210,right,NGIQ-BR-00000324,0.0,0.0,0.0,0,137.215
NGIQ-BR-00000210,right,NGIQ-BR-00000325,0.0,0.0,0.0,0,132.023
NGIQ-BR-00000210,right,NGIQ-BR-00000326,0.0,0.0,0.0,0,67.012
NGIQ-BR-00000210,right,NGIQ-BR-00000327,0.0,0.0,0.0,0,83.59
NGIQ-BR-00000210,right,NGIQ-BR-00000328,0.0,0.0,0.0,0,73.774
NGIQ-BR-00000210,right,NGIQ-BR-00000329,0.0,0.0,0.0,0,70.764
NGIQ-BR-00000210,right,NGIQ-BR-00000330,0.0,0.0,0.0,0,88.257
