fine_region_id,hemisphere,g1_id,gm_weighted_score
NGIQ-BR-00000001,left,NGIQ-BR-00000294,0.47805
NGIQ-BR-00000001,left,NGIQ-BR-00000269,0.00039
NGIQ-BR-00000001,left,NGIQ-BR-00000270,0.0
NGIQ-BR-00000001,left,NGIQ-BR-00000271,0.0
NGIQ-BR-00000001,left,NGIQ-BR-00000272,0.0
NGIQ-BR-00000001,left,NGIQ-BR-00000273,0.0
NGIQ-BR-00000001,left,NGIQ-BR-00000274,0.0
NGIQ-BR-00000001,left,NGIQ-BR-00000275,0.0
NGIQ-BR-00000001,left,NGIQ-BR-00000276,0.0
NGIQ-BR-00000001,left,NGIQ-BR-00000277,0.0
NGIQ-BR-00000001,left,NGIQ-BR-00000278,0.0
NGIQ-BR-00000001,left,NGIQ-BR-00000279,0.0
NGIQ-BR-00000001,left,NGIQ-BR-00000280,0.0
NGIQ-BR-00000001,left,NGIQ-BR-00000281,0.0
NGIQ-BR-00000001,left,NGIQ-BR-00000282,0.0
NGIQ-BR-00000001,left,NGIQ-BR-00000283,0.0
NGIQ-BR-00000001,left,NGIQ-BR-00000284,0.0
NGIQ-BR-00000001,left,NGIQ-BR-00000285,0.0
NGIQ-BR-00000001,left,NGIQ-BR-00000286,0.0
NGIQ-BR-00000001,left,NGIQ-BR-00000287,0.0
NGIQ-BR-00000001,left,NGIQ-BR-00000288,0.0
NGIQ-BR-00000001,left,NGIQ-BR-00000289,0.0
NGIQ-BR-00000001,left,NGIQ-BR-00000290,0.0
NGIQ-BR-00000001,left,NGIQ-BR-00000291,0.0
NGIQ-BR-00000001,left,NGIQ-BR-00000292,0.0
NGIQ-BR-00000001,left,NGIQ-BR-00000293,0.0
NGIQ-BR-00000001,left,NGIQ-BR-00000295,0.0
NGIQ-BR-00000001,left,NGIQ-BR-00000296,0.0
NGIQ-BR-00000001,left,NGIQ-BR-00000297,0.0
NGIQ-BR-00000001,left,NGIQ-BR-00000298,0.0
NGIQ-BR-00000001,left,NGIQ-BR-00000299,0.0
NGIQ-BR-00000003,left,NGIQ-BR-00000284,0.4442
NGIQ-BR-00000003,left,NGIQ-BR-00000269,0.0
NGIQ-BR-00000003,left,NGIQ-BR-00000270,0.0
NGIQ-BR-00000003,left,NGIQ-BR-00000271,0.0
NGIQ-BR-00000003,left,NGIQ-BR-00000272,0.0
NGIQ-BR-00000003,left,NGIQ-BR-00000273,0.0
NGIQ-BR-00000003,left,NGIQ-BR-00000274,0.0
NGIQ-BR-00000003,left,NGIQ-BR-00000275,0.0
NGIQ-BR-00000003,left,NGIQ-BR-00000276,0.0
NGIQ-BR-00000003,left,NGIQ-BR-00000277,0.0
NGIQ-BR-00000003,left,NGIQ-BR-00000278,0.0
NGIQ-BR-00000003,left,NGIQ-BR-00000279,0.0
NGIQ-BR-00000003,left,NGIQ-BR-00000280,0.0
NGIQ-BR-00000003,left,NGIQ-BR-00000281,0.0
NGIQ-BR-00000003,left,NGIQ-BR-00000282,0.0
NGIQ-BR-00000003,left,NGIQ-BR-00000283,0.0
NGIQ-BR-00000003,left,NGIQ-BR-00000285,0.0
NGIQ-BR-00000003,left,NGIQ-BR-00000286,0.0
NGIQ-BR-00000003,left,NGIQ-BR-00000287,0.0
NGIQ-BR-00000003,left,NGIQ-BR-00000288,0.0
NGIQ-BR-00000003,left,NGIQ-BR-00000289,0.0
NGIQ-BR-00000003,left,NGIQ-BR-00000290,0.0
NGIQ-BR-00000003,left,NGIQ-BR-00000291,0.0
NGIQ-BR-00000003,left,NGIQ-BR-00000292,0.0
NGIQ-BR-00000003,left,NGIQ-BR-00000293,0.0
NGIQ-BR-00000003,left,NGIQ-BR-00000294,0.0
NGIQ-BR-00000003,left,NGIQ-BR-00000295,0.0
NGIQ-BR-00000003,left,NGIQ-BR-00000296,0.0
NGIQ-BR-00000003,left,NGIQ-BR-00000297,0.0
NGIQ-BR-00000003,left,NGIQ-BR-00000298,0.0
NGIQ-BR-00000003,left,NGIQ-BR-00000299,0.0
NGIQ-BR-00000007,left,NGIQ-BR-00000281,0.47051
NGIQ-BR-00000007,left,NGIQ-BR-00000275,0.01075
NGIQ-BR-00000007,left,NGIQ-BR-00000269,0.0
NGIQ-BR-00000007,left,NGIQ-BR-00000270,0.0
NGIQ-BR-00000007,left,NGIQ-BR-00000271,0.0
NGIQ-BR-00000007,left,NGIQ-BR-00000272,0.0
NGIQ-BR-00000007,left,NGIQ-BR-00000273,0.0
NGIQ-BR-00000007,left,NGIQ-BR-00000274,0.0
NGIQ-BR-00000007,left,NGIQ-BR-00000276,0.0
NGIQ-BR-00000007,left,NGIQ-BR-00000277,0.0
NGIQ-BR-00000007,left,NGIQ-BR-00000278,0.0
NGIQ-BR-00000007,left,NGIQ-BR-00000279,0.0
NGIQ-BR-00000007,left,NGIQ-BR-00000280,0.0
NGIQ-BR-00000007,left,NGIQ-BR-00000282,0.0
NGIQ-BR-00000007,left,NGIQ-BR-00000283,0.0
NGIQ-BR-00000007,left,NGIQ-BR-00000284,0.0
NGIQ-BR-00000007,left,NGIQ-BR-00000285,0.0
NGIQ-BR-00000007,left,NGIQ-BR-00000286,0.0
NGIQ-BR-00000007,left,NGIQ-BR-00000287,0.0
NGIQ-BR-00000007,left,NGIQ-BR-00000288,0.0
NGIQ-BR-00000007,left,NGIQ-BR-00000289,0.0
NGIQ-BR-00000007,left,NGIQ-BR-00000290,0.0
NGIQ-BR-00000007,left,NGIQ-BR-00000291,0.0
NGIQ-BR-00000007,left,NGIQ-BR-00000292,0.0
NGIQ-BR-00000007,left,NGIQ-BR-00000293,0.0
NGIQ-BR-00000007,left,NGIQ-BR-00000294,0.0
NGIQ-BR-00000007,left,NGIQ-BR-00000295,0.0
NGIQ-BR-00000007,left,NGIQ-BR-00000296,0.0
NGIQ-BR-00000007,left,NGIQ-BR-00000297,0.0
NGIQ-BR-00000007,left,NGIQ-BR-00000298,0.0
NGIQ-BR-00000007,left,NGIQ-BR-00000299,0.0
NGIQ-BR-00000009,left,NGIQ-BR-00000295,0.31036
NGIQ-BR-00000009,left,NGIQ-BR-00000291,0.05392
NGIQ-BR-00000009,left,NGIQ-BR-00000269,0.0
NGIQ-BR-00000009,left,NGIQ-BR-00000270,0.0
NGIQ-BR-00000009,left,NGIQ-BR-00000271,0.0
NGIQ-BR-00000009,left,NGIQ-BR-00000272,0.0
NGIQ-BR-00000009,left,NGIQ-BR-00000273,0.0
NGIQ-BR-00000009,left,NGIQ-BR-00000274,0.0
NGIQ-BR-00000009,left,NGIQ-BR-00000275,0.0
NGIQ-BR-00000009,left,NGIQ-BR-00000276,0.0
NGIQ-BR-00000009,left,NGIQ-BR-00000277,0.0
NGIQ-BR-00000009,left,NGIQ-BR-00000278,0.0
NGIQ-BR-00000009,left,NGIQ-BR-00000279,0.0
NGIQ-BR-00000009,left,NGIQ-BR-00000280,0.0
NGIQ-BR-00000009,left,NGIQ-BR-00000281,0.0
NGIQ-BR-00000009,left,NGIQ-BR-00000282,0.0
NGIQ-BR-00000009,left,NGIQ-BR-00000283,0.0
NGIQ-BR-00000009,left,NGIQ-BR-00000284,0.0
NGIQ-BR-00000009,left,NGIQ-BR-00000285,0.0
NGIQ-BR-00000009,left,NGIQ-BR-00000286,0.0
NGIQ-BR-00000009,left,NGIQ-BR-00000287,0.0
NGIQ-BR-00000009,left,NGIQ-BR-00000288,0.0
NGIQ-BR-00000009,left,NGIQ-BR-00000289,0.0
NGIQ-BR-00000009,left,NGIQ-BR-00000290,0.0
NGIQ-BR-00000009,left,NGIQ-BR-00000292,0.0
NGIQ-BR-00000009,left,NGIQ-BR-00000293,0.0
NGIQ-BR-00000009,left,NGIQ-BR-00000294,0.0
NGIQ-BR-00000009,left,NGIQ-BR-00000296,0.0
NGIQ-BR-00000009,left,NGIQ-BR-00000297,0.0
NGIQ-BR-00000009,left,NGIQ-BR-00000298,0.0
NGIQ-BR-00000009,left,NGIQ-BR-00000299,0.0
NGIQ-BR-00000011,left,NGIQ-BR-00000274,0.27989
NGIQ-BR-00000011,left,NGIQ-BR-00000277,0.00093
NGIQ-BR-00000011,left,NGIQ-BR-00000295,8e-05
NGIQ-BR-00000011,left,NGIQ-BR-00000269,0.0
NGIQ-BR-00000011,left,NGIQ-BR-00000270,0.0
NGIQ-BR-00000011,left,NGIQ-BR-00000271,0.0
NGIQ-BR-00000011,left,NGIQ-BR-00000272,0.0
NGIQ-BR-00000011,left,NGIQ-BR-00000273,0.0
NGIQ-BR-00000011,left,NGIQ-BR-00000275,0.0
NGIQ-BR-00000011,left,NGIQ-BR-00000276,0.0
NGIQ-BR-00000011,left,NGIQ-BR-00000278,0.0
NGIQ-BR-00000011,left,NGIQ-BR-00000279,0.0
NGIQ-BR-00000011,left,NGIQ-BR-00000280,0.0
NGIQ-BR-00000011,left,NGIQ-BR-00000281,0.0
NGIQ-BR-00000011,left,NGIQ-BR-00000282,0.0
NGIQ-BR-00000011,left,NGIQ-BR-00000283,0.0
NGIQ-BR-00000011,left,NGIQ-BR-00000284,0.0
NGIQ-BR-00000011,left,NGIQ-BR-00000285,0.0
NGIQ-BR-00000011,left,NGIQ-BR-00000286,0.0
NGIQ-BR-00000011,left,NGIQ-BR-00000287,0.0
NGIQ-BR-00000011,left,NGIQ-BR-00000288,0.0
NGIQ-BR-00000011,left,NGIQ-BR-00000289,0.0
NGIQ-BR-00000011,left,NGIQ-BR-00000290,0.0
NGIQ-BR-00000011,left,NGIQ-BR-00000291,0.0
NGIQ-BR-00000011,left,NGIQ-BR-00000292,0.0
NGIQ-BR-00000011,left,NGIQ-BR-00000293,0.0
NGIQ-BR-00000011,left,NGIQ-BR-00000294,0.0
NGIQ-BR-00000011,left,NGIQ-BR-00000296,0.0
NGIQ-BR-00000011,left,NGIQ-BR-00000297,0.0
NGIQ-BR-00000011,left,NGIQ-BR-00000298,0.0
NGIQ-BR-00000011,left,NGIQ-BR-00000299,0.0
NGIQ-BR-00000013,left,NGIQ-BR-00000299,0.44214
NGIQ-BR-00000013,left,NGIQ-BR-00000298,0.02629
NGIQ-BR-00000013,left,NGIQ-BR-00000288,0.01999
NGIQ-BR-00000013,left,NGIQ-BR-00000297,0.00614
NGIQ-BR-00000013,left,NGIQ-BR-00000296,0.0034
NGIQ-BR-00000013,left,NGIQ-BR-00000269,0.0
NGIQ-BR-00000013,left,NGIQ-BR-00000270,0.0
NGIQ-BR-00000013,left,NGIQ-BR-00000271,0.0
NGIQ-BR-00000013,left,NGIQ-BR-00000272,0.0
NGIQ-BR-00000013,left,NGIQ-BR-00000273,0.0
NGIQ-BR-00000013,left,NGIQ-BR-00000274,0.0
NGIQ-BR-00000013,left,NGIQ-BR-00000275,0.0
NGIQ-BR-00000013,left,NGIQ-BR-00000276,0.0
NGIQ-BR-00000013,left,NGIQ-BR-00000277,0.0
NGIQ-BR-00000013,left,NGIQ-BR-00000278,0.0
NGIQ-BR-00000013,left,NGIQ-BR-00000279,0.0
NGIQ-BR-00000013,left,NGIQ-BR-00000280,0.0
NGIQ-BR-00000013,left,NGIQ-BR-00000281,0.0
NGIQ-BR-00000013,left,NGIQ-BR-00000282,0.0
NGIQ-BR-00000013,left,NGIQ-BR-00000283,0.0
NGIQ-BR-00000013,left,NGIQ-BR-00000284,0.0
NGIQ-BR-00000013,left,NGIQ-BR-00000285,0.0
NGIQ-BR-00000013,left,NGIQ-BR-00000286,0.0
NGIQ-BR-00000013,left,NGIQ-BR-00000287,0.0
NGIQ-BR-00000013,left,NGIQ-BR-00000289,0.0
NGIQ-BR-00000013,left,NGIQ-BR-00000290,0.0
NGIQ-BR-00000013,left,NGIQ-BR-00000291,0.0
NGIQ-BR-00000013,left,NGIQ-BR-00000292,0.0
NGIQ-BR-00000013,left,NGIQ-BR-00000293,0.0
NGIQ-BR-00000013,left,NGIQ-BR-00000294,0.0
NGIQ-BR-00000013,left,NGIQ-BR-00000295,0.0
NGIQ-BR-00000015,left,NGIQ-BR-00000279,0.25132
NGIQ-BR-00000015,left,NGIQ-BR-00000277,0.00187
NGIQ-BR-00000015,left,NGIQ-BR-00000273,0.00136
NGIQ-BR-00000015,left,NGIQ-BR-00000269,0.0
NGIQ-BR-00000015,left,NGIQ-BR-00000270,0.0
NGIQ-BR-00000015,left,NGIQ-BR-00000271,0.0
NGIQ-BR-00000015,left,NGIQ-BR-00000272,0.0
NGIQ-BR-00000015,left,NGIQ-BR-00000274,0.0
NGIQ-BR-00000015,left,NGIQ-BR-00000275,0.0
NGIQ-BR-00000015,left,NGIQ-BR-00000276,0.0
NGIQ-BR-00000015,left,NGIQ-BR-00000278,0.0
NGIQ-BR-00000015,left,NGIQ-BR-00000280,0.0
NGIQ-BR-00000015,left,NGIQ-BR-00000281,0.0
NGIQ-BR-00000015,left,NGIQ-BR-00000282,0.0
NGIQ-BR-00000015,left,NGIQ-BR-00000283,0.0
NGIQ-BR-00000015,left,NGIQ-BR-00000284,0.0
NGIQ-BR-00000015,left,NGIQ-BR-00000285,0.0
NGIQ-BR-00000015,left,NGIQ-BR-00000286,0.0
NGIQ-BR-00000015,left,NGIQ-BR-00000287,0.0
NGIQ-BR-00000015,left,NGIQ-BR-00000288,0.0
NGIQ-BR-00000015,left,NGIQ-BR-00000289,0.0
NGIQ-BR-00000015,left,NGIQ-BR-00000290,0.0
NGIQ-BR-00000015,left,NGIQ-BR-00000291,0.0
NGIQ-BR-00000015,left,NGIQ-BR-00000292,0.0
NGIQ-BR-00000015,left,NGIQ-BR-00000293,0.0
NGIQ-BR-00000015,left,NGIQ-BR-00000294,0.0
NGIQ-BR-00000015,left,NGIQ-BR-00000295,0.0
NGIQ-BR-00000015,left,NGIQ-BR-00000296,0.0
NGIQ-BR-00000015,left,NGIQ-BR-00000297,0.0
NGIQ-BR-00000015,left,NGIQ-BR-00000298,0.0
NGIQ-BR-00000015,left,NGIQ-BR-00000299,0.0
NGIQ-BR-00000021,left,NGIQ-BR-00000294,0.41382
NGIQ-BR-00000021,left,NGIQ-BR-00000293,0.02304
NGIQ-BR-00000021,left,NGIQ-BR-00000270,0.00216
NGIQ-BR-00000021,left,NGIQ-BR-00000269,0.0
NGIQ-BR-00000021,left,NGIQ-BR-00000271,0.0
NGIQ-BR-00000021,left,NGIQ-BR-00000272,0.0
NGIQ-BR-00000021,left,NGIQ-BR-00000273,0.0
NGIQ-BR-00000021,left,NGIQ-BR-00000274,0.0
NGIQ-BR-00000021,left,NGIQ-BR-00000275,0.0
NGIQ-BR-00000021,left,NGIQ-BR-00000276,0.0
NGIQ-BR-00000021,left,NGIQ-BR-00000277,0.0
NGIQ-BR-00000021,left,NGIQ-BR-00000278,0.0
NGIQ-BR-00000021,left,NGIQ-BR-00000279,0.0
NGIQ-BR-00000021,left,NGIQ-BR-00000280,0.0
NGIQ-BR-00000021,left,NGIQ-BR-00000281,0.0
NGIQ-BR-00000021,left,NGIQ-BR-00000282,0.0
NGIQ-BR-00000021,left,NGIQ-BR-00000283,0.0
NGIQ-BR-00000021,left,NGIQ-BR-00000284,0.0
NGIQ-BR-00000021,left,NGIQ-BR-00000285,0.0
NGIQ-BR-00000021,left,NGIQ-BR-00000286,0.0
NGIQ-BR-00000021,left,NGIQ-BR-00000287,0.0
NGIQ-BR-00000021,left,NGIQ-BR-00000288,0.0
NGIQ-BR-00000021,left,NGIQ-BR-00000289,0.0
NGIQ-BR-00000021,left,NGIQ-BR-00000290,0.0
NGIQ-BR-00000021,left,NGIQ-BR-00000291,0.0
NGIQ-BR-00000021,left,NGIQ-BR-00000292,0.0
NGIQ-BR-00000021,left,NGIQ-BR-00000295,0.0
NGIQ-BR-00000021,left,NGIQ-BR-00000296,0.0
NGIQ-BR-00000021,left,NGIQ-BR-00000297,0.0
NGIQ-BR-00000021,left,NGIQ-BR-00000298,0.0
NGIQ-BR-00000021,left,NGIQ-BR-00000299,0.0
NGIQ-BR-00000023,left,NGIQ-BR-00000294,0.61134
NGIQ-BR-00000023,left,NGIQ-BR-00000293,0.01558
NGIQ-BR-00000023,left,NGIQ-BR-00000269,0.0
NGIQ-BR-00000023,left,NGIQ-BR-00000270,0.0
NGIQ-BR-00000023,left,NGIQ-BR-00000271,0.0
NGIQ-BR-00000023,left,NGIQ-BR-00000272,0.0
NGIQ-BR-00000023,left,NGIQ-BR-00000273,0.0
NGIQ-BR-00000023,left,NGIQ-BR-00000274,0.0
NGIQ-BR-00000023,left,NGIQ-BR-00000275,0.0
NGIQ-BR-00000023,left,NGIQ-BR-00000276,0.0
NGIQ-BR-00000023,left,NGIQ-BR-00000277,0.0
NGIQ-BR-00000023,left,NGIQ-BR-00000278,0.0
NGIQ-BR-00000023,left,NGIQ-BR-00000279,0.0
NGIQ-BR-00000023,left,NGIQ-BR-00000280,0.0
NGIQ-BR-00000023,left,NGIQ-BR-00000281,0.0
NGIQ-BR-00000023,left,NGIQ-BR-00000282,0.0
NGIQ-BR-00000023,left,NGIQ-BR-00000283,0.0
NGIQ-BR-00000023,left,NGIQ-BR-00000284,0.0
NGIQ-BR-00000023,left,NGIQ-BR-00000285,0.0
NGIQ-BR-00000023,left,NGIQ-BR-00000286,0.0
NGIQ-BR-00000023,left,NGIQ-BR-00000287,0.0
NGIQ-BR-00000023,left,NGIQ-BR-00000288,0.0
NGIQ-BR-00000023,left,NGIQ-BR-00000289,0.0
NGIQ-BR-00000023,left,NGIQ-BR-00000290,0.0
NGIQ-BR-00000023,left,NGIQ-BR-00000291,0.0
NGIQ-BR-00000023,left,NGIQ-BR-00000292,0.0
NGIQ-BR-00000023,left,NGIQ-BR-00000295,0.0
NGIQ-BR-00000023,left,NGIQ-BR-00000296,0.0
NGIQ-BR-00000023,left,NGIQ-BR-00000297,0.0
NGIQ-BR-00000023,left,NGIQ-BR-00000298,0.0
NGIQ-BR-00000023,left,NGIQ-BR-00000299,0.0
NGIQ-BR-00000025,left,NGIQ-BR-00000294,0.39727
NGIQ-BR-00000025,left,NGIQ-BR-00000290,0.00226
NGIQ-BR-00000025,left,NGIQ-BR-00000270,0.00082
NGIQ-BR-00000025,left,NGIQ-BR-00000269,0.0
NGIQ-BR-00000025,left,NGIQ-BR-00000271,0.0
NGIQ-BR-00000025,left,NGIQ-BR-00000272,0.0
NGIQ-BR-00000025,left,NGIQ-BR-00000273,0.0
NGIQ-BR-00000025,left,NGIQ-BR-00000274,0.0
NGIQ-BR-00000025,left,NGIQ-BR-00000275,0.0
NGIQ-BR-00000025,left,NGIQ-BR-00000276,0.0
NGIQ-BR-00000025,left,NGIQ-BR-00000277,0.0
NGIQ-BR-00000025,left,NGIQ-BR-00000278,0.0
NGIQ-BR-00000025,left,NGIQ-BR-00000279,0.0
NGIQ-BR-00000025,left,NGIQ-BR-00000280,0.0
NGIQ-BR-00000025,left,NGIQ-BR-00000281,0.0
NGIQ-BR-00000025,left,NGIQ-BR-00000282,0.0
NGIQ-BR-00000025,left,NGIQ-BR-00000283,0.0
NGIQ-BR-00000025,left,NGIQ-BR-00000284,0.0
NGIQ-BR-00000025,left,NGIQ-BR-00000285,0.0
NGIQ-BR-00000025,left,NGIQ-BR-00000286,0.0
NGIQ-BR-00000025,left,NGIQ-BR-00000287,0.0
NGIQ-BR-00000025,left,NGIQ-BR-00000288,0.0
NGIQ-BR-00000025,left,NGIQ-BR-00000289,0.0
NGIQ-BR-00000025,left,NGIQ-BR-00000291,0.0
NGIQ-BR-00000025,left,NGIQ-BR-00000292,0.0
NGIQ-BR-00000025,left,NGIQ-BR-00000293,0.0
NGIQ-BR-00000025,left,NGIQ-BR-00000295,0.0
NGIQ-BR-00000025,left,NGIQ-BR-00000296,0.0
NGIQ-BR-00000025,left,NGIQ-BR-00000297,0.0
NGIQ-BR-00000025,left,NGIQ-BR-00000298,0.0
NGIQ-BR-00000025,left,NGIQ-BR-00000299,0.0
NGIQ-BR-00000027,left,NGIQ-BR-00000294,0.37146
NGIQ-BR-00000027,left,NGIQ-BR-00000283,0.03866
NGIQ-BR-00000027,left,NGIQ-BR-00000289,0.01089
NGIQ-BR-00000027,left,NGIQ-BR-00000290,0.00155
NGIQ-BR-00000027,left,NGIQ-BR-00000269,0.0
NGIQ-BR-00000027,left,NGIQ-BR-00000270,0.0
NGIQ-BR-00000027,left,NGIQ-BR-00000271,0.0
NGIQ-BR-00000027,left,NGIQ-BR-00000272,0.0
NGIQ-BR-00000027,left,NGIQ-BR-00000273,0.0
NGIQ-BR-00000027,left,NGIQ-BR-00000274,0.0
NGIQ-BR-00000027,left,NGIQ-BR-00000275,0.0
NGIQ-BR-00000027,left,NGIQ-BR-00000276,0.0
NGIQ-BR-00000027,left,NGIQ-BR-00000277,0.0
NGIQ-BR-00000027,left,NGIQ-BR-00000278,0.0
NGIQ-BR-00000027,left,NGIQ-BR-00000279,0.0
NGIQ-BR-00000027,left,NGIQ-BR-00000280,0.0
NGIQ-BR-00000027,left,NGIQ-BR-00000281,0.0
NGIQ-BR-00000027,left,NGIQ-BR-00000282,0.0
NGIQ-BR-00000027,left,NGIQ-BR-00000284,0.0
NGIQ-BR-00000027,left,NGIQ-BR-00000285,0.0
NGIQ-BR-00000027,left,NGIQ-BR-00000286,0.0
NGIQ-BR-00000027,left,NGIQ-BR-00000287,0.0
NGIQ-BR-00000027,left,NGIQ-BR-00000288,0.0
NGIQ-BR-00000027,left,NGIQ-BR-00000291,0.0
NGIQ-BR-00000027,left,NGIQ-BR-00000292,0.0
NGIQ-BR-00000027,left,NGIQ-BR-00000293,0.0
NGIQ-BR-00000027,left,NGIQ-BR-00000295,0.0
NGIQ-BR-00000027,left,NGIQ-BR-00000296,0.0
NGIQ-BR-00000027,left,NGIQ-BR-00000297,0.0
NGIQ-BR-00000027,left,NGIQ-BR-00000298,0.0
NGIQ-BR-00000027,left,NGIQ-BR-00000299,0.0
NGIQ-BR-00000029,left,NGIQ-BR-00000294,0.49372
NGIQ-BR-00000029,left,NGIQ-BR-00000269,0.00331
NGIQ-BR-00000029,left,NGIQ-BR-00000270,0.0
NGIQ-BR-00000029,left,NGIQ-BR-00000271,0.0
NGIQ-BR-00000029,left,NGIQ-BR-00000272,0.0
NGIQ-BR-00000029,left,NGIQ-BR-00000273,0.0
NGIQ-BR-00000029,left,NGIQ-BR-00000274,0.0
NGIQ-BR-00000029,left,NGIQ-BR-00000275,0.0
NGIQ-BR-00000029,left,NGIQ-BR-00000276,0.0
NGIQ-BR-00000029,left,NGIQ-BR-00000277,0.0
NGIQ-BR-00000029,left,NGIQ-BR-00000278,0.0
NGIQ-BR-00000029,left,NGIQ-BR-00000279,0.0
NGIQ-BR-00000029,left,NGIQ-BR-00000280,0.0
NGIQ-BR-00000029,left,NGIQ-BR-00000281,0.0
NGIQ-BR-00000029,left,NGIQ-BR-00000282,0.0
NGIQ-BR-00000029,left,NGIQ-BR-00000283,0.0
NGIQ-BR-00000029,left,NGIQ-BR-00000284,0.0
NGIQ-BR-00000029,left,NGIQ-BR-00000285,0.0
NGIQ-BR-00000029,left,NGIQ-BR-00000286,0.0
NGIQ-BR-00000029,left,NGIQ-BR-00000287,0.0
NGIQ-BR-00000029,left,NGIQ-BR-00000288,0.0
NGIQ-BR-00000029,left,NGIQ-BR-00000289,0.0
NGIQ-BR-00000029,left,NGIQ-BR-00000290,0.0
NGIQ-BR-00000029,left,NGIQ-BR-00000291,0.0
NGIQ-BR-00000029,left,NGIQ-BR-00000292,0.0
NGIQ-BR-00000029,left,NGIQ-BR-00000293,0.0
NGIQ-BR-00000029,left,NGIQ-BR-00000295,0.0
NGIQ-BR-00000029,left,NGIQ-BR-00000296,0.0
NGIQ-BR-00000029,left,NGIQ-BR-00000297,0.0
NGIQ-BR-00000029,left,NGIQ-BR-00000298,0.0
NGIQ-BR-00000029,left,NGIQ-BR-00000299,0.0
NGIQ-BR-00000031,left,NGIQ-BR-00000294,0.52562
NGIQ-BR-00000031,left,NGIQ-BR-00000292,0.00035
NGIQ-BR-00000031,left,NGIQ-BR-00000293,0.00028
NGIQ-BR-00000031,left,NGIQ-BR-00000269,0.0002
NGIQ-BR-00000031,left,NGIQ-BR-00000270,0.0
NGIQ-BR-00000031,left,NGIQ-BR-00000271,0.0
NGIQ-BR-00000031,left,NGIQ-BR-00000272,0.0
NGIQ-BR-00000031,left,NGIQ-BR-00000273,0.0
NGIQ-BR-00000031,left,NGIQ-BR-00000274,0.0
NGIQ-BR-00000031,left,NGIQ-BR-00000275,0.0
NGIQ-BR-00000031,left,NGIQ-BR-00000276,0.0
NGIQ-BR-00000031,left,NGIQ-BR-00000277,0.0
NGIQ-BR-00000031,left,NGIQ-BR-00000278,0.0
NGIQ-BR-00000031,left,NGIQ-BR-00000279,0.0
NGIQ-BR-00000031,left,NGIQ-BR-00000280,0.0
NGIQ-BR-00000031,left,NGIQ-BR-00000281,0.0
NGIQ-BR-00000031,left,NGIQ-BR-00000282,0.0
NGIQ-BR-00000031,left,NGIQ-BR-00000283,0.0
NGIQ-BR-00000031,left,NGIQ-BR-00000284,0.0
NGIQ-BR-00000031,left,NGIQ-BR-00000285,0.0
NGIQ-BR-00000031,left,NGIQ-BR-00000286,0.0
NGIQ-BR-00000031,left,NGIQ-BR-00000287,0.0
NGIQ-BR-00000031,left,NGIQ-BR-00000288,0.0
NGIQ-BR-00000031,left,NGIQ-BR-00000289,0.0
NGIQ-BR-00000031,left,NGIQ-BR-00000290,0.0
NGIQ-BR-00000031,left,NGIQ-BR-00000291,0.0
NGIQ-BR-00000031,left,NGIQ-BR-00000295,0.0
NGIQ-BR-00000031,left,NGIQ-BR-00000296,0.0
NGIQ-BR-00000031,left,NGIQ-BR-00000297,0.0
NGIQ-BR-00000031,left,NGIQ-BR-00000298,0.0
NGIQ-BR-00000031,left,NGIQ-BR-00000299,0.0
NGIQ-BR-00000033,left,NGIQ-BR-00000293,0.33108
NGIQ-BR-00000033,left,NGIQ-BR-00000294,0.00436
NGIQ-BR-00000033,left,NGIQ-BR-00000269,0.0
NGIQ-BR-00000033,left,NGIQ-BR-00000270,0.0
NGIQ-BR-00000033,left,NGIQ-BR-00000271,0.0
NGIQ-BR-00000033,left,NGIQ-BR-00000272,0.0
NGIQ-BR-00000033,left,NGIQ-BR-00000273,0.0
NGIQ-BR-00000033,left,NGIQ-BR-00000274,0.0
NGIQ-BR-00000033,left,NGIQ-BR-00000275,0.0
NGIQ-BR-00000033,left,NGIQ-BR-00000276,0.0
NGIQ-BR-00000033,left,NGIQ-BR-00000277,0.0
NGIQ-BR-00000033,left,NGIQ-BR-00000278,0.0
NGIQ-BR-00000033,left,NGIQ-BR-00000279,0.0
NGIQ-BR-00000033,left,NGIQ-BR-00000280,0.0
NGIQ-BR-00000033,left,NGIQ-BR-00000281,0.0
NGIQ-BR-00000033,left,NGIQ-BR-00000282,0.0
NGIQ-BR-00000033,left,NGIQ-BR-00000283,0.0
NGIQ-BR-00000033,left,NGIQ-BR-00000284,0.0
NGIQ-BR-00000033,left,NGIQ-BR-00000285,0.0
NGIQ-BR-00000033,left,NGIQ-BR-00000286,0.0
NGIQ-BR-00000033,left,NGIQ-BR-00000287,0.0
NGIQ-BR-00000033,left,NGIQ-BR-00000288,0.0
NGIQ-BR-00000033,left,NGIQ-BR-00000289,0.0
NGIQ-BR-00000033,left,NGIQ-BR-00000290,0.0
NGIQ-BR-00000033,left,NGIQ-BR-00000291,0.0
NGIQ-BR-00000033,left,NGIQ-BR-00000292,0.0
NGIQ-BR-00000033,left,NGIQ-BR-00000295,0.0
NGIQ-BR-00000033,left,NGIQ-BR-00000296,0.0
NGIQ-BR-00000033,left,NGIQ-BR-00000297,0.0
NGIQ-BR-00000033,left,NGIQ-BR-00000298,0.0
NGIQ-BR-00000033,left,NGIQ-BR-00000299,0.0
NGIQ-BR-00000035,left,NGIQ-BR-00000270,0.15045
NGIQ-BR-00000035,left,NGIQ-BR-00000293,0.0324
NGIQ-BR-00000035,left,NGIQ-BR-00000284,0.01147
NGIQ-BR-00000035,left,NGIQ-BR-00000290,0.00892
NGIQ-BR-00000035,left,NGIQ-BR-00000269,0.0
NGIQ-BR-00000035,left,NGIQ-BR-00000271,0.0
NGIQ-BR-00000035,left,NGIQ-BR-00000272,0.0
NGIQ-BR-00000035,left,NGIQ-BR-00000273,0.0
NGIQ-BR-00000035,left,NGIQ-BR-00000274,0.0
NGIQ-BR-00000035,left,NGIQ-BR-00000275,0.0
NGIQ-BR-00000035,left,NGIQ-BR-00000276,0.0
NGIQ-BR-00000035,left,NGIQ-BR-00000277,0.0
NGIQ-BR-00000035,left,NGIQ-BR-00000278,0.0
NGIQ-BR-00000035,left,NGIQ-BR-00000279,0.0
NGIQ-BR-00000035,left,NGIQ-BR-00000280,0.0
NGIQ-BR-00000035,left,NGIQ-BR-00000281,0.0
NGIQ-BR-00000035,left,NGIQ-BR-00000282,0.0
NGIQ-BR-00000035,left,NGIQ-BR-00000283,0.0
NGIQ-BR-00000035,left,NGIQ-BR-00000285,0.0
NGIQ-BR-00000035,left,NGIQ-BR-00000286,0.0
NGIQ-BR-00000035,left,NGIQ-BR-00000287,0.0
NGIQ-BR-00000035,left,NGIQ-BR-00000288,0.0
NGIQ-BR-00000035,left,NGIQ-BR-00000289,0.0
NGIQ-BR-00000035,left,NGIQ-BR-00000291,0.0
NGIQ-BR-00000035,left,NGIQ-BR-00000292,0.0
NGIQ-BR-00000035,left,NGIQ-BR-00000294,0.0
NGIQ-BR-00000035,left,NGIQ-BR-00000295,0.0
NGIQ-BR-00000035,left,NGIQ-BR-00000296,0.0
NGIQ-BR-00000035,left,NGIQ-BR-00000297,0.0
NGIQ-BR-00000035,left,NGIQ-BR-00000298,0.0
NGIQ-BR-00000035,left,NGIQ-BR-00000299,0.0
NGIQ-BR-00000037,left,NGIQ-BR-00000293,0.35808
NGIQ-BR-00000037,left,NGIQ-BR-00000294,0.02937
NGIQ-BR-00000037,left,NGIQ-BR-00000269,0.0
NGIQ-BR-00000037,left,NGIQ-BR-00000270,0.0
NGIQ-BR-00000037,left,NGIQ-BR-00000271,0.0
NGIQ-BR-00000037,left,NGIQ-BR-00000272,0.0
NGIQ-BR-00000037,left,NGIQ-BR-00000273,0.0
NGIQ-BR-00000037,left,NGIQ-BR-00000274,0.0
NGIQ-BR-00000037,left,NGIQ-BR-00000275,0.0
NGIQ-BR-00000037,left,NGIQ-BR-00000276,0.0
NGIQ-BR-00000037,left,NGIQ-BR-00000277,0.0
NGIQ-BR-00000037,left,NGIQ-BR-00000278,0.0
NGIQ-BR-00000037,left,NGIQ-BR-00000279,0.0
NGIQ-BR-00000037,left,NGIQ-BR-00000280,0.0
NGIQ-BR-00000037,left,NGIQ-BR-00000281,0.0
NGIQ-BR-00000037,left,NGIQ-BR-00000282,0.0
NGIQ-BR-00000037,left,NGIQ-BR-00000283,0.0
NGIQ-BR-00000037,left,NGIQ-BR-00000284,0.0
NGIQ-BR-00000037,left,NGIQ-BR-00000285,0.0
NGIQ-BR-00000037,left,NGIQ-BR-00000286,0.0
NGIQ-BR-00000037,left,NGIQ-BR-00000287,0.0
NGIQ-BR-00000037,left,NGIQ-BR-00000288,0.0
NGIQ-BR-00000037,left,NGIQ-BR-00000289,0.0
NGIQ-BR-00000037,left,NGIQ-BR-00000290,0.0
NGIQ-BR-00000037,left,NGIQ-BR-00000291,0.0
NGIQ-BR-00000037,left,NGIQ-BR-00000292,0.0
NGIQ-BR-00000037,left,NGIQ-BR-00000295,0.0
NGIQ-BR-00000037,left,NGIQ-BR-00000296,0.0
NGIQ-BR-00000037,left,NGIQ-BR-00000297,0.0
NGIQ-BR-00000037,left,NGIQ-BR-00000298,0.0
NGIQ-BR-00000037,left,NGIQ-BR-00000299,0.0
NGIQ-BR-00000039,left,NGIQ-BR-00000293,0.33127
NGIQ-BR-00000039,left,NGIQ-BR-00000286,0.00584
NGIQ-BR-00000039,left,NGIQ-BR-00000285,0.00061
NGIQ-BR-00000039,left,NGIQ-BR-00000269,0.0
NGIQ-BR-00000039,left,NGIQ-BR-00000270,0.0
NGIQ-BR-00000039,left,NGIQ-BR-00000271,0.0
NGIQ-BR-00000039,left,NGIQ-BR-00000272,0.0
NGIQ-BR-00000039,left,NGIQ-BR-00000273,0.0
NGIQ-BR-00000039,left,NGIQ-BR-00000274,0.0
NGIQ-BR-00000039,left,NGIQ-BR-00000275,0.0
NGIQ-BR-00000039,left,NGIQ-BR-00000276,0.0
NGIQ-BR-00000039,left,NGIQ-BR-00000277,0.0
NGIQ-BR-00000039,left,NGIQ-BR-00000278,0.0
NGIQ-BR-00000039,left,NGIQ-BR-00000279,0.0
NGIQ-BR-00000039,left,NGIQ-BR-00000280,0.0
NGIQ-BR-00000039,left,NGIQ-BR-00000281,0.0
NGIQ-BR-00000039,left,NGIQ-BR-00000282,0.0
NGIQ-BR-00000039,left,NGIQ-BR-00000283,0.0
NGIQ-BR-00000039,left,NGIQ-BR-00000284,0.0
NGIQ-BR-00000039,left,NGIQ-BR-00000287,0.0
NGIQ-BR-00000039,left,NGIQ-BR-00000288,0.0
NGIQ-BR-00000039,left,NGIQ-BR-00000289,0.0
NGIQ-BR-00000039,left,NGIQ-BR-00000290,0.0
NGIQ-BR-00000039,left,NGIQ-BR-00000291,0.0
NGIQ-BR-00000039,left,NGIQ-BR-00000292,0.0
NGIQ-BR-00000039,left,NGIQ-BR-00000294,0.0
NGIQ-BR-00000039,left,NGIQ-BR-00000295,0.0
NGIQ-BR-00000039,left,NGIQ-BR-00000296,0.0
NGIQ-BR-00000039,left,NGIQ-BR-00000297,0.0
NGIQ-BR-00000039,left,NGIQ-BR-00000298,0.0
NGIQ-BR-00000039,left,NGIQ-BR-00000299,0.0
NGIQ-BR-00000043,left,NGIQ-BR-00000270,0.30775
NGIQ-BR-00000043,left,NGIQ-BR-00000294,0.00504
NGIQ-BR-00000043,left,NGIQ-BR-00000290,0.00026
NGIQ-BR-00000043,left,NGIQ-BR-00000269,0.0
NGIQ-BR-00000043,left,NGIQ-BR-00000271,0.0
NGIQ-BR-00000043,left,NGIQ-BR-00000272,0.0
NGIQ-BR-00000043,left,NGIQ-BR-00000273,0.0
NGIQ-BR-00000043,left,NGIQ-BR-00000274,0.0
NGIQ-BR-00000043,left,NGIQ-BR-00000275,0.0
NGIQ-BR-00000043,left,NGIQ-BR-00000276,0.0
NGIQ-BR-00000043,left,NGIQ-BR-00000277,0.0
NGIQ-BR-00000043,left,NGIQ-BR-00000278,0.0
NGIQ-BR-00000043,left,NGIQ-BR-00000279,0.0
NGIQ-BR-00000043,left,NGIQ-BR-00000280,0.0
NGIQ-BR-00000043,left,NGIQ-BR-00000281,0.0
NGIQ-BR-00000043,left,NGIQ-BR-00000282,0.0
NGIQ-BR-00000043,left,NGIQ-BR-00000283,0.0
NGIQ-BR-00000043,left,NGIQ-BR-00000284,0.0
NGIQ-BR-00000043,left,NGIQ-BR-00000285,0.0
NGIQ-BR-00000043,left,NGIQ-BR-00000286,0.0
NGIQ-BR-00000043,left,NGIQ-BR-00000287,0.0
NGIQ-BR-00000043,left,NGIQ-BR-00000288,0.0
NGIQ-BR-00000043,left,NGIQ-BR-00000289,0.0
NGIQ-BR-00000043,left,NGIQ-BR-00000291,0.0
NGIQ-BR-00000043,left,NGIQ-BR-00000292,0.0
NGIQ-BR-00000043,left,NGIQ-BR-00000293,0.0
NGIQ-BR-00000043,left,NGIQ-BR-00000295,0.0
NGIQ-BR-00000043,left,NGIQ-BR-00000296,0.0
NGIQ-BR-00000043,left,NGIQ-BR-00000297,0.0
NGIQ-BR-00000043,left,NGIQ-BR-00000298,0.0
NGIQ-BR-00000043,left,NGIQ-BR-00000299,0.0
NGIQ-BR-00000045,left,NGIQ-BR-00000293,0.4946
NGIQ-BR-00000045,left,NGIQ-BR-00000294,0.05005
NGIQ-BR-00000045,left,NGIQ-BR-00000278,0.00878
NGIQ-BR-00000045,left,NGIQ-BR-00000285,0.0034
NGIQ-BR-00000045,left,NGIQ-BR-00000269,0.0
NGIQ-BR-00000045,left,NGIQ-BR-00000270,0.0
NGIQ-BR-00000045,left,NGIQ-BR-00000271,0.0
NGIQ-BR-00000045,left,NGIQ-BR-00000272,0.0
NGIQ-BR-00000045,left,NGIQ-BR-00000273,0.0
NGIQ-BR-00000045,left,NGIQ-BR-00000274,0.0
NGIQ-BR-00000045,left,NGIQ-BR-00000275,0.0
NGIQ-BR-00000045,left,NGIQ-BR-00000276,0.0
NGIQ-BR-00000045,left,NGIQ-BR-00000277,0.0
NGIQ-BR-00000045,left,NGIQ-BR-00000279,0.0
NGIQ-BR-00000045,left,NGIQ-BR-00000280,0.0
NGIQ-BR-00000045,left,NGIQ-BR-00000281,0.0
NGIQ-BR-00000045,left,NGIQ-BR-00000282,0.0
NGIQ-BR-00000045,left,NGIQ-BR-00000283,0.0
NGIQ-BR-00000045,left,NGIQ-BR-00000284,0.0
NGIQ-BR-00000045,left,NGIQ-BR-00000286,0.0
NGIQ-BR-00000045,left,NGIQ-BR-00000287,0.0
NGIQ-BR-00000045,left,NGIQ-BR-00000288,0.0
NGIQ-BR-00000045,left,NGIQ-BR-00000289,0.0
NGIQ-BR-00000045,left,NGIQ-BR-00000290,0.0
NGIQ-BR-00000045,left,NGIQ-BR-00000291,0.0
NGIQ-BR-00000045,left,NGIQ-BR-00000292,0.0
NGIQ-BR-00000045,left,NGIQ-BR-00000295,0.0
NGIQ-BR-00000045,left,NGIQ-BR-00000296,0.0
NGIQ-BR-00000045,left,NGIQ-BR-00000297,0.0
NGIQ-BR-00000045,left,NGIQ-BR-00000298,0.0
NGIQ-BR-00000045,left,NGIQ-BR-00000299,0.0
NGIQ-BR-00000051,left,NGIQ-BR-00000286,0.26112
NGIQ-BR-00000051,left,NGIQ-BR-00000285,0.01974
NGIQ-BR-00000051,left,NGIQ-BR-00000293,0.00164
NGIQ-BR-00000051,left,NGIQ-BR-00000269,0.0
NGIQ-BR-00000051,left,NGIQ-BR-00000270,0.0
NGIQ-BR-00000051,left,NGIQ-BR-00000271,0.0
NGIQ-BR-00000051,left,NGIQ-BR-00000272,0.0
NGIQ-BR-00000051,left,NGIQ-BR-00000273,0.0
NGIQ-BR-00000051,left,NGIQ-BR-00000274,0.0
NGIQ-BR-00000051,left,NGIQ-BR-00000275,0.0
NGIQ-BR-00000051,left,NGIQ-BR-00000276,0.0
NGIQ-BR-00000051,left,NGIQ-BR-00000277,0.0
NGIQ-BR-00000051,left,NGIQ-BR-00000278,0.0
NGIQ-BR-00000051,left,NGIQ-BR-00000279,0.0
NGIQ-BR-00000051,left,NGIQ-BR-00000280,0.0
NGIQ-BR-00000051,left,NGIQ-BR-00000281,0.0
NGIQ-BR-00000051,left,NGIQ-BR-00000282,0.0
NGIQ-BR-00000051,left,NGIQ-BR-00000283,0.0
NGIQ-BR-00000051,left,NGIQ-BR-00000284,0.0
NGIQ-BR-00000051,left,NGIQ-BR-00000287,0.0
NGIQ-BR-00000051,left,NGIQ-BR-00000288,0.0
NGIQ-BR-00000051,left,NGIQ-BR-00000289,0.0
NGIQ-BR-00000051,left,NGIQ-BR-00000290,0.0
NGIQ-BR-00000051,left,NGIQ-BR-00000291,0.0
NGIQ-BR-00000051,left,NGIQ-BR-00000292,0.0
NGIQ-BR-00000051,left,NGIQ-BR-00000294,0.0
NGIQ-BR-00000051,left,NGIQ-BR-00000295,0.0
NGIQ-BR-00000051,left,NGIQ-BR-00000296,0.0
NGIQ-BR-00000051,left,NGIQ-BR-00000297,0.0
NGIQ-BR-00000051,left,NGIQ-BR-00000298,0.0
NGIQ-BR-00000051,left,NGIQ-BR-00000299,0.0
NGIQ-BR-00000055,left,NGIQ-BR-00000284,0.54268
NGIQ-BR-00000055,left,NGIQ-BR-00000290,0.01095
NGIQ-BR-00000055,left,NGIQ-BR-00000269,0.0
NGIQ-BR-00000055,left,NGIQ-BR-00000270,0.0
NGIQ-BR-00000055,left,NGIQ-BR-00000271,0.0
NGIQ-BR-00000055,left,NGIQ-BR-00000272,0.0
NGIQ-BR-00000055,left,NGIQ-BR-00000273,0.0
NGIQ-BR-00000055,left,NGIQ-BR-00000274,0.0
NGIQ-BR-00000055,left,NGIQ-BR-00000275,0.0
NGIQ-BR-00000055,left,NGIQ-BR-00000276,0.0
NGIQ-BR-00000055,left,NGIQ-BR-00000277,0.0
NGIQ-BR-00000055,left,NGIQ-BR-00000278,0.0
NGIQ-BR-00000055,left,NGIQ-BR-00000279,0.0
NGIQ-BR-00000055,left,NGIQ-BR-00000280,0.0
NGIQ-BR-00000055,left,NGIQ-BR-00000281,0.0
NGIQ-BR-00000055,left,NGIQ-BR-00000282,0.0
NGIQ-BR-00000055,left,NGIQ-BR-00000283,0.0
NGIQ-BR-00000055,left,NGIQ-BR-00000285,0.0
NGIQ-BR-00000055,left,NGIQ-BR-00000286,0.0
NGIQ-BR-00000055,left,NGIQ-BR-00000287,0.0
NGIQ-BR-00000055,left,NGIQ-BR-00000288,0.0
NGIQ-BR-00000055,left,NGIQ-BR-00000289,0.0
NGIQ-BR-00000055,left,NGIQ-BR-00000291,0.0
NGIQ-BR-00000055,left,NGIQ-BR-00000292,0.0
NGIQ-BR-00000055,left,NGIQ-BR-00000293,0.0
NGIQ-BR-00000055,left,NGIQ-BR-00000294,0.0
NGIQ-BR-00000055,left,NGIQ-BR-00000295,0.0
NGIQ-BR-00000055,left,NGIQ-BR-00000296,0.0
NGIQ-BR-00000055,left,NGIQ-BR-00000297,0.0
NGIQ-BR-00000055,left,NGIQ-BR-00000298,0.0
NGIQ-BR-00000055,left,NGIQ-BR-00000299,0.0
NGIQ-BR-00000057,left,NGIQ-BR-00000280,0.32227
NGIQ-BR-00000057,left,NGIQ-BR-00000294,0.08861
NGIQ-BR-00000057,left,NGIQ-BR-00000292,0.00056
NGIQ-BR-00000057,left,NGIQ-BR-00000269,0.0
NGIQ-BR-00000057,left,NGIQ-BR-00000270,0.0
NGIQ-BR-00000057,left,NGIQ-BR-00000271,0.0
NGIQ-BR-00000057,left,NGIQ-BR-00000272,0.0
NGIQ-BR-00000057,left,NGIQ-BR-00000273,0.0
NGIQ-BR-00000057,left,NGIQ-BR-00000274,0.0
NGIQ-BR-00000057,left,NGIQ-BR-00000275,0.0
NGIQ-BR-00000057,left,NGIQ-BR-00000276,0.0
NGIQ-BR-00000057,left,NGIQ-BR-00000277,0.0
NGIQ-BR-00000057,left,NGIQ-BR-00000278,0.0
NGIQ-BR-00000057,left,NGIQ-BR-00000279,0.0
NGIQ-BR-00000057,left,NGIQ-BR-00000281,0.0
NGIQ-BR-00000057,left,NGIQ-BR-00000282,0.0
NGIQ-BR-00000057,left,NGIQ-BR-00000283,0.0
NGIQ-BR-00000057,left,NGIQ-BR-00000284,0.0
NGIQ-BR-00000057,left,NGIQ-BR-00000285,0.0
NGIQ-BR-00000057,left,NGIQ-BR-00000286,0.0
NGIQ-BR-00000057,left,NGIQ-BR-00000287,0.0
NGIQ-BR-00000057,left,NGIQ-BR-00000288,0.0
NGIQ-BR-00000057,left,NGIQ-BR-00000289,0.0
NGIQ-BR-00000057,left,NGIQ-BR-00000290,0.0
NGIQ-BR-00000057,left,NGIQ-BR-00000291,0.0
NGIQ-BR-00000057,left,NGIQ-BR-00000293,0.0
NGIQ-BR-00000057,left,NGIQ-BR-00000295,0.0
NGIQ-BR-00000057,left,NGIQ-BR-00000296,0.0
NGIQ-BR-00000057,left,NGIQ-BR-00000297,0.0
NGIQ-BR-00000057,left,NGIQ-BR-00000298,0.0
NGIQ-BR-00000057,left,NGIQ-BR-00000299,0.0
NGIQ-BR-00000061,left,NGIQ-BR-00000278,0.52749
NGIQ-BR-00000061,left,NGIQ-BR-00000293,0.00688
NGIQ-BR-00000061,left,NGIQ-BR-00000285,0.00461
NGIQ-BR-00000061,left,NGIQ-BR-00000280,0.00022
NGIQ-BR-00000061,left,NGIQ-BR-00000269,0.0
NGIQ-BR-00000061,left,NGIQ-BR-00000270,0.0
NGIQ-BR-00000061,left,NGIQ-BR-00000271,0.0
NGIQ-BR-00000061,left,NGIQ-BR-00000272,0.0
NGIQ-BR-00000061,left,NGIQ-BR-00000273,0.0
NGIQ-BR-00000061,left,NGIQ-BR-00000274,0.0
NGIQ-BR-00000061,left,NGIQ-BR-00000275,0.0
NGIQ-BR-00000061,left,NGIQ-BR-00000276,0.0
NGIQ-BR-00000061,left,NGIQ-BR-00000277,0.0
NGIQ-BR-00000061,left,NGIQ-BR-00000279,0.0
NGIQ-BR-00000061,left,NGIQ-BR-00000281,0.0
NGIQ-BR-00000061,left,NGIQ-BR-00000282,0.0
NGIQ-BR-00000061,left,NGIQ-BR-00000283,0.0
NGIQ-BR-00000061,left,NGIQ-BR-00000284,0.0
NGIQ-BR-00000061,left,NGIQ-BR-00000286,0.0
NGIQ-BR-00000061,left,NGIQ-BR-00000287,0.0
NGIQ-BR-00000061,left,NGIQ-BR-00000288,0.0
NGIQ-BR-00000061,left,NGIQ-BR-00000289,0.0
NGIQ-BR-00000061,left,NGIQ-BR-00000290,0.0
NGIQ-BR-00000061,left,NGIQ-BR-00000291,0.0
NGIQ-BR-00000061,left,NGIQ-BR-00000292,0.0
NGIQ-BR-00000061,left,NGIQ-BR-00000294,0.0
NGIQ-BR-00000061,left,NGIQ-BR-00000295,0.0
NGIQ-BR-00000061,left,NGIQ-BR-00000296,0.0
NGIQ-BR-00000061,left,NGIQ-BR-00000297,0.0
NGIQ-BR-00000061,left,NGIQ-BR-00000298,0.0
NGIQ-BR-00000061,left,NGIQ-BR-00000299,0.0
NGIQ-BR-00000065,left,NGIQ-BR-00000280,0.18027
NGIQ-BR-00000065,left,NGIQ-BR-00000278,0.11382
NGIQ-BR-00000065,left,NGIQ-BR-00000299,0.00033
NGIQ-BR-00000065,left,NGIQ-BR-00000269,0.0
NGIQ-BR-00000065,left,NGIQ-BR-00000270,0.0
NGIQ-BR-00000065,left,NGIQ-BR-00000271,0.0
NGIQ-BR-00000065,left,NGIQ-BR-00000272,0.0
NGIQ-BR-00000065,left,NGIQ-BR-00000273,0.0
NGIQ-BR-00000065,left,NGIQ-BR-00000274,0.0
NGIQ-BR-00000065,left,NGIQ-BR-00000275,0.0
NGIQ-BR-00000065,left,NGIQ-BR-00000276,0.0
NGIQ-BR-00000065,left,NGIQ-BR-00000277,0.0
NGIQ-BR-00000065,left,NGIQ-BR-00000279,0.0
NGIQ-BR-00000065,left,NGIQ-BR-00000281,0.0
NGIQ-BR-00000065,left,NGIQ-BR-00000282,0.0
NGIQ-BR-00000065,left,NGIQ-BR-00000283,0.0
NGIQ-BR-00000065,left,NGIQ-BR-00000284,0.0
NGIQ-BR-00000065,left,NGIQ-BR-00000285,0.0
NGIQ-BR-00000065,left,NGIQ-BR-00000286,0.0
NGIQ-BR-00000065,left,NGIQ-BR-00000287,0.0
NGIQ-BR-00000065,left,NGIQ-BR-00000288,0.0
NGIQ-BR-00000065,left,NGIQ-BR-00000289,0.0
NGIQ-BR-00000065,left,NGIQ-BR-00000290,0.0
NGIQ-BR-00000065,left,NGIQ-BR-00000291,0.0
NGIQ-BR-00000065,left,NGIQ-BR-00000292,0.0
NGIQ-BR-00000065,left,NGIQ-BR-00000293,0.0
NGIQ-BR-00000065,left,NGIQ-BR-00000294,0.0
NGIQ-BR-00000065,left,NGIQ-BR-00000295,0.0
NGIQ-BR-00000065,left,NGIQ-BR-00000296,0.0
NGIQ-BR-00000065,left,NGIQ-BR-00000297,0.0
NGIQ-BR-00000065,left,NGIQ-BR-00000298,0.0
NGIQ-BR-00000069,left,NGIQ-BR-00000290,0.51794
NGIQ-BR-00000069,left,NGIQ-BR-00000288,0.008
NGIQ-BR-00000069,left,NGIQ-BR-00000269,0.0
NGIQ-BR-00000069,left,NGIQ-BR-00000270,0.0
NGIQ-BR-00000069,left,NGIQ-BR-00000271,0.0
NGIQ-BR-00000069,left,NGIQ-BR-00000272,0.0
NGIQ-BR-00000069,left,NGIQ-BR-00000273,0.0
NGIQ-BR-00000069,left,NGIQ-BR-00000274,0.0
NGIQ-BR-00000069,left,NGIQ-BR-00000275,0.0
NGIQ-BR-00000069,left,NGIQ-BR-00000276,0.0
NGIQ-BR-00000069,left,NGIQ-BR-00000277,0.0
NGIQ-BR-00000069,left,NGIQ-BR-00000278,0.0
NGIQ-BR-00000069,left,NGIQ-BR-00000279,0.0
NGIQ-BR-00000069,left,NGIQ-BR-00000280,0.0
NGIQ-BR-00000069,left,NGIQ-BR-00000281,0.0
NGIQ-BR-00000069,left,NGIQ-BR-00000282,0.0
NGIQ-BR-00000069,left,NGIQ-BR-00000283,0.0
NGIQ-BR-00000069,left,NGIQ-BR-00000284,0.0
NGIQ-BR-00000069,left,NGIQ-BR-00000285,0.0
NGIQ-BR-00000069,left,NGIQ-BR-00000286,0.0
NGIQ-BR-00000069,left,NGIQ-BR-00000287,0.0
NGIQ-BR-00000069,left,NGIQ-BR-00000289,0.0
NGIQ-BR-00000069,left,NGIQ-BR-00000291,0.0
NGIQ-BR-00000069,left,NGIQ-BR-00000292,0.0
NGIQ-BR-00000069,left,NGIQ-BR-00000293,0.0
NGIQ-BR-00000069,left,NGIQ-BR-00000294,0.0
NGIQ-BR-00000069,left,NGIQ-BR-00000295,0.0
NGIQ-BR-00000069,left,NGIQ-BR-00000296,0.0
NGIQ-BR-00000069,left,NGIQ-BR-00000297,0.0
NGIQ-BR-00000069,left,NGIQ-BR-00000298,0.0
NGIQ-BR-00000069,left,NGIQ-BR-00000299,0.0
NGIQ-BR-00000071,left,NGIQ-BR-00000290,0.35076
NGIQ-BR-00000071,left,NGIQ-BR-00000270,0.02009
NGIQ-BR-00000071,left,NGIQ-BR-00000294,0.0077
NGIQ-BR-00000071,left,NGIQ-BR-00000269,0.0
NGIQ-BR-00000071,left,NGIQ-BR-00000271,0.0
NGIQ-BR-00000071,left,NGIQ-BR-00000272,0.0
NGIQ-BR-00000071,left,NGIQ-BR-00000273,0.0
NGIQ-BR-00000071,left,NGIQ-BR-00000274,0.0
NGIQ-BR-00000071,left,NGIQ-BR-00000275,0.0
NGIQ-BR-00000071,left,NGIQ-BR-00000276,0.0
NGIQ-BR-00000071,left,NGIQ-BR-00000277,0.0
NGIQ-BR-00000071,left,NGIQ-BR-00000278,0.0
NGIQ-BR-00000071,left,NGIQ-BR-00000279,0.0
NGIQ-BR-00000071,left,NGIQ-BR-00000280,0.0
NGIQ-BR-00000071,left,NGIQ-BR-00000281,0.0
NGIQ-BR-00000071,left,NGIQ-BR-00000282,0.0
NGIQ-BR-00000071,left,NGIQ-BR-00000283,0.0
NGIQ-BR-00000071,left,NGIQ-BR-00000284,0.0
NGIQ-BR-00000071,left,NGIQ-BR-00000285,0.0
NGIQ-BR-00000071,left,NGIQ-BR-00000286,0.0
NGIQ-BR-00000071,left,NGIQ-BR-00000287,0.0
NGIQ-BR-00000071,left,NGIQ-BR-00000288,0.0
NGIQ-BR-00000071,left,NGIQ-BR-00000289,0.0
NGIQ-BR-00000071,left,NGIQ-BR-00000291,0.0
NGIQ-BR-00000071,left,NGIQ-BR-00000292,0.0
NGIQ-BR-00000071,left,NGIQ-BR-00000293,0.0
NGIQ-BR-00000071,left,NGIQ-BR-00000295,0.0
NGIQ-BR-00000071,left,NGIQ-BR-00000296,0.0
NGIQ-BR-00000071,left,NGIQ-BR-00000297,0.0
NGIQ-BR-00000071,left,NGIQ-BR-00000298,0.0
NGIQ-BR-00000071,left,NGIQ-BR-00000299,0.0
NGIQ-BR-00000073,left,NGIQ-BR-00000290,0.44696
NGIQ-BR-00000073,left,NGIQ-BR-00000288,0.04759
NGIQ-BR-00000073,left,NGIQ-BR-00000269,0.0
NGIQ-BR-00000073,left,NGIQ-BR-00000270,0.0
NGIQ-BR-00000073,left,NGIQ-BR-00000271,0.0
NGIQ-BR-00000073,left,NGIQ-BR-00000272,0.0
NGIQ-BR-00000073,left,NGIQ-BR-00000273,0.0
NGIQ-BR-00000073,left,NGIQ-BR-00000274,0.0
NGIQ-BR-00000073,left,NGIQ-BR-00000275,0.0
NGIQ-BR-00000073,left,NGIQ-BR-00000276,0.0
NGIQ-BR-00000073,left,NGIQ-BR-00000277,0.0
NGIQ-BR-00000073,left,NGIQ-BR-00000278,0.0
NGIQ-BR-00000073,left,NGIQ-BR-00000279,0.0
NGIQ-BR-00000073,left,NGIQ-BR-00000280,0.0
NGIQ-BR-00000073,left,NGIQ-BR-00000281,0.0
NGIQ-BR-00000073,left,NGIQ-BR-00000282,0.0
NGIQ-BR-00000073,left,NGIQ-BR-00000283,0.0
NGIQ-BR-00000073,left,NGIQ-BR-00000284,0.0
NGIQ-BR-00000073,left,NGIQ-BR-00000285,0.0
NGIQ-BR-00000073,left,NGIQ-BR-00000286,0.0
NGIQ-BR-00000073,left,NGIQ-BR-00000287,0.0
NGIQ-BR-00000073,left,NGIQ-BR-00000289,0.0
NGIQ-BR-00000073,left,NGIQ-BR-00000291,0.0
NGIQ-BR-00000073,left,NGIQ-BR-00000292,0.0
NGIQ-BR-00000073,left,NGIQ-BR-00000293,0.0
NGIQ-BR-00000073,left,NGIQ-BR-00000294,0.0
NGIQ-BR-00000073,left,NGIQ-BR-00000295,0.0
NGIQ-BR-00000073,left,NGIQ-BR-00000296,0.0
NGIQ-BR-00000073,left,NGIQ-BR-00000297,0.0
NGIQ-BR-00000073,left,NGIQ-BR-00000298,0.0
NGIQ-BR-00000073,left,NGIQ-BR-00000299,0.0
NGIQ-BR-00000075,left,NGIQ-BR-00000290,0.49835
NGIQ-BR-00000075,left,NGIQ-BR-00000283,0.02876
NGIQ-BR-00000075,left,NGIQ-BR-00000294,0.00046
NGIQ-BR-00000075,left,NGIQ-BR-00000269,0.0
NGIQ-BR-00000075,left,NGIQ-BR-00000270,0.0
NGIQ-BR-00000075,left,NGIQ-BR-00000271,0.0
NGIQ-BR-00000075,left,NGIQ-BR-00000272,0.0
NGIQ-BR-00000075,left,NGIQ-BR-00000273,0.0
NGIQ-BR-00000075,left,NGIQ-BR-00000274,0.0
NGIQ-BR-00000075,left,NGIQ-BR-00000275,0.0
NGIQ-BR-00000075,left,NGIQ-BR-00000276,0.0
NGIQ-BR-00000075,left,NGIQ-BR-00000277,0.0
NGIQ-BR-00000075,left,NGIQ-BR-00000278,0.0
NGIQ-BR-00000075,left,NGIQ-BR-00000279,0.0
NGIQ-BR-00000075,left,NGIQ-BR-00000280,0.0
NGIQ-BR-00000075,left,NGIQ-BR-00000281,0.0
NGIQ-BR-00000075,left,NGIQ-BR-00000282,0.0
NGIQ-BR-00000075,left,NGIQ-BR-00000284,0.0
NGIQ-BR-00000075,left,NGIQ-BR-00000285,0.0
NGIQ-BR-00000075,left,NGIQ-BR-00000286,0.0
NGIQ-BR-00000075,left,NGIQ-BR-00000287,0.0
NGIQ-BR-00000075,left,NGIQ-BR-00000288,0.0
NGIQ-BR-00000075,left,NGIQ-BR-00000289,0.0
NGIQ-BR-00000075,left,NGIQ-BR-00000291,0.0
NGIQ-BR-00000075,left,NGIQ-BR-00000292,0.0
NGIQ-BR-00000075,left,NGIQ-BR-00000293,0.0
NGIQ-BR-00000075,left,NGIQ-BR-00000295,0.0
NGIQ-BR-00000075,left,NGIQ-BR-00000296,0.0
NGIQ-BR-00000075,left,NGIQ-BR-00000297,0.0
NGIQ-BR-00000075,left,NGIQ-BR-00000298,0.0
NGIQ-BR-00000075,left,NGIQ-BR-00000299,0.0
NGIQ-BR-00000077,left,NGIQ-BR-00000290,0.49742
NGIQ-BR-00000077,left,NGIQ-BR-00000288,0.03265
NGIQ-BR-00000077,left,NGIQ-BR-00000284,0.01177
NGIQ-BR-00000077,left,NGIQ-BR-00000299,0.00036
NGIQ-BR-00000077,left,NGIQ-BR-00000269,0.0
NGIQ-BR-00000077,left,NGIQ-BR-00000270,0.0
NGIQ-BR-00000077,left,NGIQ-BR-00000271,0.0
NGIQ-BR-00000077,left,NGIQ-BR-00000272,0.0
NGIQ-BR-00000077,left,NGIQ-BR-00000273,0.0
NGIQ-BR-00000077,left,NGIQ-BR-00000274,0.0
NGIQ-BR-00000077,left,NGIQ-BR-00000275,0.0
NGIQ-BR-00000077,left,NGIQ-BR-00000276,0.0
NGIQ-BR-00000077,left,NGIQ-BR-00000277,0.0
NGIQ-BR-00000077,left,NGIQ-BR-00000278,0.0
NGIQ-BR-00000077,left,NGIQ-BR-00000279,0.0
NGIQ-BR-00000077,left,NGIQ-BR-00000280,0.0
NGIQ-BR-00000077,left,NGIQ-BR-00000281,0.0
NGIQ-BR-00000077,left,NGIQ-BR-00000282,0.0
NGIQ-BR-00000077,left,NGIQ-BR-00000283,0.0
NGIQ-BR-00000077,left,NGIQ-BR-00000285,0.0
NGIQ-BR-00000077,left,NGIQ-BR-00000286,0.0
NGIQ-BR-00000077,left,NGIQ-BR-00000287,0.0
NGIQ-BR-00000077,left,NGIQ-BR-00000289,0.0
NGIQ-BR-00000077,left,NGIQ-BR-00000291,0.0
NGIQ-BR-00000077,left,NGIQ-BR-00000292,0.0
NGIQ-BR-00000077,left,NGIQ-BR-00000293,0.0
NGIQ-BR-00000077,left,NGIQ-BR-00000294,0.0
NGIQ-BR-00000077,left,NGIQ-BR-00000295,0.0
NGIQ-BR-00000077,left,NGIQ-BR-00000296,0.0
NGIQ-BR-00000077,left,NGIQ-BR-00000297,0.0
NGIQ-BR-00000077,left,NGIQ-BR-00000298,0.0
NGIQ-BR-00000079,left,NGIQ-BR-00000290,0.28979
NGIQ-BR-00000079,left,NGIQ-BR-00000284,0.01669
NGIQ-BR-00000079,left,NGIQ-BR-00000270,0.00653
NGIQ-BR-00000079,left,NGIQ-BR-00000269,0.0
NGIQ-BR-00000079,left,NGIQ-BR-00000271,0.0
NGIQ-BR-00000079,left,NGIQ-BR-00000272,0.0
NGIQ-BR-00000079,left,NGIQ-BR-00000273,0.0
NGIQ-BR-00000079,left,NGIQ-BR-00000274,0.0
NGIQ-BR-00000079,left,NGIQ-BR-00000275,0.0
NGIQ-BR-00000079,left,NGIQ-BR-00000276,0.0
NGIQ-BR-00000079,left,NGIQ-BR-00000277,0.0
NGIQ-BR-00000079,left,NGIQ-BR-00000278,0.0
NGIQ-BR-00000079,left,NGIQ-BR-00000279,0.0
NGIQ-BR-00000079,left,NGIQ-BR-00000280,0.0
NGIQ-BR-00000079,left,NGIQ-BR-00000281,0.0
NGIQ-BR-00000079,left,NGIQ-BR-00000282,0.0
NGIQ-BR-00000079,left,NGIQ-BR-00000283,0.0
NGIQ-BR-00000079,left,NGIQ-BR-00000285,0.0
NGIQ-BR-00000079,left,NGIQ-BR-00000286,0.0
NGIQ-BR-00000079,left,NGIQ-BR-00000287,0.0
NGIQ-BR-00000079,left,NGIQ-BR-00000288,0.0
NGIQ-BR-00000079,left,NGIQ-BR-00000289,0.0
NGIQ-BR-00000079,left,NGIQ-BR-00000291,0.0
NGIQ-BR-00000079,left,NGIQ-BR-00000292,0.0
NGIQ-BR-00000079,left,NGIQ-BR-00000293,0.0
NGIQ-BR-00000079,left,NGIQ-BR-00000294,0.0
NGIQ-BR-00000079,left,NGIQ-BR-00000295,0.0
NGIQ-BR-00000079,left,NGIQ-BR-00000296,0.0
NGIQ-BR-00000079,left,NGIQ-BR-00000297,0.0
NGIQ-BR-00000079,left,NGIQ-BR-00000298,0.0
NGIQ-BR-00000079,left,NGIQ-BR-00000299,0.0
NGIQ-BR-00000081,left,NGIQ-BR-00000283,0.49249
NGIQ-BR-00000081,left,NGIQ-BR-00000290,0.01675
NGIQ-BR-00000081,left,NGIQ-BR-00000288,0.00163
NGIQ-BR-00000081,left,NGIQ-BR-00000291,0.00023
NGIQ-BR-00000081,left,NGIQ-BR-00000269,0.0
NGIQ-BR-00000081,left,NGIQ-BR-00000270,0.0
NGIQ-BR-00000081,left,NGIQ-BR-00000271,0.0
NGIQ-BR-00000081,left,NGIQ-BR-00000272,0.0
NGIQ-BR-00000081,left,NGIQ-BR-00000273,0.0
NGIQ-BR-00000081,left,NGIQ-BR-00000274,0.0
NGIQ-BR-00000081,left,NGIQ-BR-00000275,0.0
NGIQ-BR-00000081,left,NGIQ-BR-00000276,0.0
NGIQ-BR-00000081,left,NGIQ-BR-00000277,0.0
NGIQ-BR-00000081,left,NGIQ-BR-00000278,0.0
NGIQ-BR-00000081,left,NGIQ-BR-00000279,0.0
NGIQ-BR-00000081,left,NGIQ-BR-00000280,0.0
NGIQ-BR-00000081,left,NGIQ-BR-00000281,0.0
NGIQ-BR-00000081,left,NGIQ-BR-00000282,0.0
NGIQ-BR-00000081,left,NGIQ-BR-00000284,0.0
NGIQ-BR-00000081,left,NGIQ-BR-00000285,0.0
NGIQ-BR-00000081,left,NGIQ-BR-00000286,0.0
NGIQ-BR-00000081,left,NGIQ-BR-00000287,0.0
NGIQ-BR-00000081,left,NGIQ-BR-00000289,0.0
NGIQ-BR-00000081,left,NGIQ-BR-00000292,0.0
NGIQ-BR-00000081,left,NGIQ-BR-00000293,0.0
NGIQ-BR-00000081,left,NGIQ-BR-00000294,0.0
NGIQ-BR-00000081,left,NGIQ-BR-00000295,0.0
NGIQ-BR-00000081,left,NGIQ-BR-00000296,0.0
NGIQ-BR-00000081,left,NGIQ-BR-00000297,0.0
NGIQ-BR-00000081,left,NGIQ-BR-00000298,0.0
NGIQ-BR-00000081,left,NGIQ-BR-00000299,0.0
NGIQ-BR-00000083,left,NGIQ-BR-00000283,0.50382
NGIQ-BR-00000083,left,NGIQ-BR-00000290,0.00129
NGIQ-BR-00000083,left,NGIQ-BR-00000294,0.00059
NGIQ-BR-00000083,left,NGIQ-BR-00000269,0.0
NGIQ-BR-00000083,left,NGIQ-BR-00000270,0.0
NGIQ-BR-00000083,left,NGIQ-BR-00000271,0.0
NGIQ-BR-00000083,left,NGIQ-BR-00000272,0.0
NGIQ-BR-00000083,left,NGIQ-BR-00000273,0.0
NGIQ-BR-00000083,left,NGIQ-BR-00000274,0.0
NGIQ-BR-00000083,left,NGIQ-BR-00000275,0.0
NGIQ-BR-00000083,left,NGIQ-BR-00000276,0.0
NGIQ-BR-00000083,left,NGIQ-BR-00000277,0.0
NGIQ-BR-00000083,left,NGIQ-BR-00000278,0.0
NGIQ-BR-00000083,left,NGIQ-BR-00000279,0.0
NGIQ-BR-00000083,left,NGIQ-BR-00000280,0.0
NGIQ-BR-00000083,left,NGIQ-BR-00000281,0.0
NGIQ-BR-00000083,left,NGIQ-BR-00000282,0.0
NGIQ-BR-00000083,left,NGIQ-BR-00000284,0.0
NGIQ-BR-00000083,left,NGIQ-BR-00000285,0.0
NGIQ-BR-00000083,left,NGIQ-BR-00000286,0.0
NGIQ-BR-00000083,left,NGIQ-BR-00000287,0.0
NGIQ-BR-00000083,left,NGIQ-BR-00000288,0.0
NGIQ-BR-00000083,left,NGIQ-BR-00000289,0.0
NGIQ-BR-00000083,left,NGIQ-BR-00000291,0.0
NGIQ-BR-00000083,left,NGIQ-BR-00000292,0.0
NGIQ-BR-00000083,left,NGIQ-BR-00000293,0.0
NGIQ-BR-00000083,left,NGIQ-BR-00000295,0.0
NGIQ-BR-00000083,left,NGIQ-BR-00000296,0.0
NGIQ-BR-00000083,left,NGIQ-BR-00000297,0.0
NGIQ-BR-00000083,left,NGIQ-BR-00000298,0.0
NGIQ-BR-00000083,left,NGIQ-BR-00000299,0.0
NGIQ-BR-00000085,left,NGIQ-BR-00000296,0.34272
NGIQ-BR-00000085,left,NGIQ-BR-00000298,0.03344
NGIQ-BR-00000085,left,NGIQ-BR-00000297,0.00435
NGIQ-BR-00000085,left,NGIQ-BR-00000269,0.0
NGIQ-BR-00000085,left,NGIQ-BR-00000270,0.0
NGIQ-BR-00000085,left,NGIQ-BR-00000271,0.0
NGIQ-BR-00000085,left,NGIQ-BR-00000272,0.0
NGIQ-BR-00000085,left,NGIQ-BR-00000273,0.0
NGIQ-BR-00000085,left,NGIQ-BR-00000274,0.0
NGIQ-BR-00000085,left,NGIQ-BR-00000275,0.0
NGIQ-BR-00000085,left,NGIQ-BR-00000276,0.0
NGIQ-BR-00000085,left,NGIQ-BR-00000277,0.0
NGIQ-BR-00000085,left,NGIQ-BR-00000278,0.0
NGIQ-BR-00000085,left,NGIQ-BR-00000279,0.0
NGIQ-BR-00000085,left,NGIQ-BR-00000280,0.0
NGIQ-BR-00000085,left,NGIQ-BR-00000281,0.0
NGIQ-BR-00000085,left,NGIQ-BR-00000282,0.0
NGIQ-BR-00000085,left,NGIQ-BR-00000283,0.0
NGIQ-BR-00000085,left,NGIQ-BR-00000284,0.0
NGIQ-BR-00000085,left,NGIQ-BR-00000285,0.0
NGIQ-BR-00000085,left,NGIQ-BR-00000286,0.0
NGIQ-BR-00000085,left,NGIQ-BR-00000287,0.0
NGIQ-BR-00000085,left,NGIQ-BR-00000288,0.0
NGIQ-BR-00000085,left,NGIQ-BR-00000289,0.0
NGIQ-BR-00000085,left,NGIQ-BR-00000290,0.0
NGIQ-BR-00000085,left,NGIQ-BR-00000291,0.0
NGIQ-BR-00000085,left,NGIQ-BR-00000292,0.0
NGIQ-BR-00000085,left,NGIQ-BR-00000293,0.0
NGIQ-BR-00000085,left,NGIQ-BR-00000294,0.0
NGIQ-BR-00000085,left,NGIQ-BR-00000295,0.0
NGIQ-BR-00000085,left,NGIQ-BR-00000299,0.0
NGIQ-BR-00000089,left,NGIQ-BR-00000296,0.44739
NGIQ-BR-00000089,left,NGIQ-BR-00000297,0.0079
NGIQ-BR-00000089,left,NGIQ-BR-00000281,0.00107
NGIQ-BR-00000089,left,NGIQ-BR-00000269,0.0
NGIQ-BR-00000089,left,NGIQ-BR-00000270,0.0
NGIQ-BR-00000089,left,NGIQ-BR-00000271,0.0
NGIQ-BR-00000089,left,NGIQ-BR-00000272,0.0
NGIQ-BR-00000089,left,NGIQ-BR-00000273,0.0
NGIQ-BR-00000089,left,NGIQ-BR-00000274,0.0
NGIQ-BR-00000089,left,NGIQ-BR-00000275,0.0
NGIQ-BR-00000089,left,NGIQ-BR-00000276,0.0
NGIQ-BR-00000089,left,NGIQ-BR-00000277,0.0
NGIQ-BR-00000089,left,NGIQ-BR-00000278,0.0
NGIQ-BR-00000089,left,NGIQ-BR-00000279,0.0
NGIQ-BR-00000089,left,NGIQ-BR-00000280,0.0
NGIQ-BR-00000089,left,NGIQ-BR-00000282,0.0
NGIQ-BR-00000089,left,NGIQ-BR-00000283,0.0
NGIQ-BR-00000089,left,NGIQ-BR-00000284,0.0
NGIQ-BR-00000089,left,NGIQ-BR-00000285,0.0
NGIQ-BR-00000089,left,NGIQ-BR-00000286,0.0
NGIQ-BR-00000089,left,NGIQ-BR-00000287,0.0
NGIQ-BR-00000089,left,NGIQ-BR-00000288,0.0
NGIQ-BR-00000089,left,NGIQ-BR-00000289,0.0
NGIQ-BR-00000089,left,NGIQ-BR-00000290,0.0
NGIQ-BR-00000089,left,NGIQ-BR-00000291,0.0
NGIQ-BR-00000089,left,NGIQ-BR-00000292,0.0
NGIQ-BR-00000089,left,NGIQ-BR-00000293,0.0
NGIQ-BR-00000089,left,NGIQ-BR-00000294,0.0
NGIQ-BR-00000089,left,NGIQ-BR-00000295,0.0
NGIQ-BR-00000089,left,NGIQ-BR-00000298,0.0
NGIQ-BR-00000089,left,NGIQ-BR-00000299,0.0
NGIQ-BR-00000091,left,NGIQ-BR-00000296,0.62821
NGIQ-BR-00000091,left,NGIQ-BR-00000269,0.0
NGIQ-BR-00000091,left,NGIQ-BR-00000270,0.0
NGIQ-BR-00000091,left,NGIQ-BR-00000271,0.0
NGIQ-BR-00000091,left,NGIQ-BR-00000272,0.0
NGIQ-BR-00000091,left,NGIQ-BR-00000273,0.0
NGIQ-BR-00000091,left,NGIQ-BR-00000274,0.0
NGIQ-BR-00000091,left,NGIQ-BR-00000275,0.0
NGIQ-BR-00000091,left,NGIQ-BR-00000276,0.0
NGIQ-BR-00000091,left,NGIQ-BR-00000277,0.0
NGIQ-BR-00000091,left,NGIQ-BR-00000278,0.0
NGIQ-BR-00000091,left,NGIQ-BR-00000279,0.0
NGIQ-BR-00000091,left,NGIQ-BR-00000280,0.0
NGIQ-BR-00000091,left,NGIQ-BR-00000281,0.0
NGIQ-BR-00000091,left,NGIQ-BR-00000282,0.0
NGIQ-BR-00000091,left,NGIQ-BR-00000283,0.0
NGIQ-BR-00000091,left,NGIQ-BR-00000284,0.0
NGIQ-BR-00000091,left,NGIQ-BR-00000285,0.0
NGIQ-BR-00000091,left,NGIQ-BR-00000286,0.0
NGIQ-BR-00000091,left,NGIQ-BR-00000287,0.0
NGIQ-BR-00000091,left,NGIQ-BR-00000288,0.0
NGIQ-BR-00000091,left,NGIQ-BR-00000289,0.0
NGIQ-BR-00000091,left,NGIQ-BR-00000290,0.0
NGIQ-BR-00000091,left,NGIQ-BR-00000291,0.0
NGIQ-BR-00000091,left,NGIQ-BR-00000292,0.0
NGIQ-BR-00000091,left,NGIQ-BR-00000293,0.0
NGIQ-BR-00000091,left,NGIQ-BR-00000294,0.0
NGIQ-BR-00000091,left,NGIQ-BR-00000295,0.0
NGIQ-BR-00000091,left,NGIQ-BR-00000297,0.0
NGIQ-BR-00000091,left,NGIQ-BR-00000298,0.0
NGIQ-BR-00000091,left,NGIQ-BR-00000299,0.0
NGIQ-BR-00000093,left,NGIQ-BR-00000296,0.54375
NGIQ-BR-00000093,left,NGIQ-BR-00000269,0.0
NGIQ-BR-00000093,left,NGIQ-BR-00000270,0.0
NGIQ-BR-00000093,left,NGIQ-BR-00000271,0.0
NGIQ-BR-00000093,left,NGIQ-BR-00000272,0.0
NGIQ-BR-00000093,left,NGIQ-BR-00000273,0.0
NGIQ-BR-00000093,left,NGIQ-BR-00000274,0.0
NGIQ-BR-00000093,left,NGIQ-BR-00000275,0.0
NGIQ-BR-00000093,left,NGIQ-BR-00000276,0.0
NGIQ-BR-00000093,left,NGIQ-BR-00000277,0.0
NGIQ-BR-00000093,left,NGIQ-BR-00000278,0.0
NGIQ-BR-00000093,left,NGIQ-BR-00000279,0.0
NGIQ-BR-00000093,left,NGIQ-BR-00000280,0.0
NGIQ-BR-00000093,left,NGIQ-BR-00000281,0.0
NGIQ-BR-00000093,left,NGIQ-BR-00000282,0.0
NGIQ-BR-00000093,left,NGIQ-BR-00000283,0.0
NGIQ-BR-00000093,left,NGIQ-BR-00000284,0.0
NGIQ-BR-00000093,left,NGIQ-BR-00000285,0.0
NGIQ-BR-00000093,left,NGIQ-BR-00000286,0.0
NGIQ-BR-00000093,left,NGIQ-BR-00000287,0.0
NGIQ-BR-00000093,left,NGIQ-BR-00000288,0.0
NGIQ-BR-00000093,left,NGIQ-BR-00000289,0.0
NGIQ-BR-00000093,left,NGIQ-BR-00000290,0.0
NGIQ-BR-00000093,left,NGIQ-BR-00000291,0.0
NGIQ-BR-00000093,left,NGIQ-BR-00000292,0.0
NGIQ-BR-00000093,left,NGIQ-BR-00000293,0.0
NGIQ-BR-00000093,left,NGIQ-BR-00000294,0.0
NGIQ-BR-00000093,left,NGIQ-BR-00000295,0.0
NGIQ-BR-00000093,left,NGIQ-BR-00000297,0.0
NGIQ-BR-00000093,left,NGIQ-BR-00000298,0.0
NGIQ-BR-00000093,left,NGIQ-BR-00000299,0.0
NGIQ-BR-00000095,left,NGIQ-BR-00000281,0.3937
NGIQ-BR-00000095,left,NGIQ-BR-00000296,0.04852
NGIQ-BR-00000095,left,NGIQ-BR-00000275,0.00021
NGIQ-BR-00000095,left,NGIQ-BR-00000269,0.0
NGIQ-BR-00000095,left,NGIQ-BR-00000270,0.0
NGIQ-BR-00000095,left,NGIQ-BR-00000271,0.0
NGIQ-BR-00000095,left,NGIQ-BR-00000272,0.0
NGIQ-BR-00000095,left,NGIQ-BR-00000273,0.0
NGIQ-BR-00000095,left,NGIQ-BR-00000274,0.0
NGIQ-BR-00000095,left,NGIQ-BR-00000276,0.0
NGIQ-BR-00000095,left,NGIQ-BR-00000277,0.0
NGIQ-BR-00000095,left,NGIQ-BR-00000278,0.0
NGIQ-BR-00000095,left,NGIQ-BR-00000279,0.0
NGIQ-BR-00000095,left,NGIQ-BR-00000280,0.0
NGIQ-BR-00000095,left,NGIQ-BR-00000282,0.0
NGIQ-BR-00000095,left,NGIQ-BR-00000283,0.0
NGIQ-BR-00000095,left,NGIQ-BR-00000284,0.0
NGIQ-BR-00000095,left,NGIQ-BR-00000285,0.0
NGIQ-BR-00000095,left,NGIQ-BR-00000286,0.0
NGIQ-BR-00000095,left,NGIQ-BR-00000287,0.0
NGIQ-BR-00000095,left,NGIQ-BR-00000288,0.0
NGIQ-BR-00000095,left,NGIQ-BR-00000289,0.0
NGIQ-BR-00000095,left,NGIQ-BR-00000290,0.0
NGIQ-BR-00000095,left,NGIQ-BR-00000291,0.0
NGIQ-BR-00000095,left,NGIQ-BR-00000292,0.0
NGIQ-BR-00000095,left,NGIQ-BR-00000293,0.0
NGIQ-BR-00000095,left,NGIQ-BR-00000294,0.0
NGIQ-BR-00000095,left,NGIQ-BR-00000295,0.0
NGIQ-BR-00000095,left,NGIQ-BR-00000297,0.0
NGIQ-BR-00000095,left,NGIQ-BR-00000298,0.0
NGIQ-BR-00000095,left,NGIQ-BR-00000299,0.0
NGIQ-BR-00000097,left,NGIQ-BR-00000281,0.33059
NGIQ-BR-00000097,left,NGIQ-BR-00000274,0.00481
NGIQ-BR-00000097,left,NGIQ-BR-00000269,0.0
NGIQ-BR-00000097,left,NGIQ-BR-00000270,0.0
NGIQ-BR-00000097,left,NGIQ-BR-00000271,0.0
NGIQ-BR-00000097,left,NGIQ-BR-00000272,0.0
NGIQ-BR-00000097,left,NGIQ-BR-00000273,0.0
NGIQ-BR-00000097,left,NGIQ-BR-00000275,0.0
NGIQ-BR-00000097,left,NGIQ-BR-00000276,0.0
NGIQ-BR-00000097,left,NGIQ-BR-00000277,0.0
NGIQ-BR-00000097,left,NGIQ-BR-00000278,0.0
NGIQ-BR-00000097,left,NGIQ-BR-00000279,0.0
NGIQ-BR-00000097,left,NGIQ-BR-00000280,0.0
NGIQ-BR-00000097,left,NGIQ-BR-00000282,0.0
NGIQ-BR-00000097,left,NGIQ-BR-00000283,0.0
NGIQ-BR-00000097,left,NGIQ-BR-00000284,0.0
NGIQ-BR-00000097,left,NGIQ-BR-00000285,0.0
NGIQ-BR-00000097,left,NGIQ-BR-00000286,0.0
NGIQ-BR-00000097,left,NGIQ-BR-00000287,0.0
NGIQ-BR-00000097,left,NGIQ-BR-00000288,0.0
NGIQ-BR-00000097,left,NGIQ-BR-00000289,0.0
NGIQ-BR-00000097,left,NGIQ-BR-00000290,0.0
NGIQ-BR-00000097,left,NGIQ-BR-00000291,0.0
NGIQ-BR-00000097,left,NGIQ-BR-00000292,0.0
NGIQ-BR-00000097,left,NGIQ-BR-00000293,0.0
NGIQ-BR-00000097,left,NGIQ-BR-00000294,0.0
NGIQ-BR-00000097,left,NGIQ-BR-00000295,0.0
NGIQ-BR-00000097,left,NGIQ-BR-00000296,0.0
NGIQ-BR-00000097,left,NGIQ-BR-00000297,0.0
NGIQ-BR-00000097,left,NGIQ-BR-00000298,0.0
NGIQ-BR-00000097,left,NGIQ-BR-00000299,0.0
NGIQ-BR-00000099,left,NGIQ-BR-00000281,0.25171
NGIQ-BR-00000099,left,NGIQ-BR-00000296,0.04054
NGIQ-BR-00000099,left,NGIQ-BR-00000269,0.0
NGIQ-BR-00000099,left,NGIQ-BR-00000270,0.0
NGIQ-BR-00000099,left,NGIQ-BR-00000271,0.0
NGIQ-BR-00000099,left,NGIQ-BR-00000272,0.0
NGIQ-BR-00000099,left,NGIQ-BR-00000273,0.0
NGIQ-BR-00000099,left,NGIQ-BR-00000274,0.0
NGIQ-BR-00000099,left,NGIQ-BR-00000275,0.0
NGIQ-BR-00000099,left,NGIQ-BR-00000276,0.0
NGIQ-BR-00000099,left,NGIQ-BR-00000277,0.0
NGIQ-BR-00000099,left,NGIQ-BR-00000278,0.0
NGIQ-BR-00000099,left,NGIQ-BR-00000279,0.0
NGIQ-BR-00000099,left,NGIQ-BR-00000280,0.0
NGIQ-BR-00000099,left,NGIQ-BR-00000282,0.0
NGIQ-BR-00000099,left,NGIQ-BR-00000283,0.0
NGIQ-BR-00000099,left,NGIQ-BR-00000284,0.0
NGIQ-BR-00000099,left,NGIQ-BR-00000285,0.0
NGIQ-BR-00000099,left,NGIQ-BR-00000286,0.0
NGIQ-BR-00000099,left,NGIQ-BR-00000287,0.0
NGIQ-BR-00000099,left,NGIQ-BR-00000288,0.0
NGIQ-BR-00000099,left,NGIQ-BR-00000289,0.0
NGIQ-BR-00000099,left,NGIQ-BR-00000290,0.0
NGIQ-BR-00000099,left,NGIQ-BR-00000291,0.0
NGIQ-BR-00000099,left,NGIQ-BR-00000292,0.0
NGIQ-BR-00000099,left,NGIQ-BR-00000293,0.0
NGIQ-BR-00000099,left,NGIQ-BR-00000294,0.0
NGIQ-BR-00000099,left,NGIQ-BR-00000295,0.0
NGIQ-BR-00000099,left,NGIQ-BR-00000297,0.0
NGIQ-BR-00000099,left,NGIQ-BR-00000298,0.0
NGIQ-BR-00000099,left,NGIQ-BR-00000299,0.0
NGIQ-BR-00000101,left,NGIQ-BR-00000275,0.40337
NGIQ-BR-00000101,left,NGIQ-BR-00000273,0.00458
NGIQ-BR-00000101,left,NGIQ-BR-00000269,0.0
NGIQ-BR-00000101,left,NGIQ-BR-00000270,0.0
NGIQ-BR-00000101,left,NGIQ-BR-00000271,0.0
NGIQ-BR-00000101,left,NGIQ-BR-00000272,0.0
NGIQ-BR-00000101,left,NGIQ-BR-00000274,0.0
NGIQ-BR-00000101,left,NGIQ-BR-00000276,0.0
NGIQ-BR-00000101,left,NGIQ-BR-00000277,0.0
NGIQ-BR-00000101,left,NGIQ-BR-00000278,0.0
NGIQ-BR-00000101,left,NGIQ-BR-00000279,0.0
NGIQ-BR-00000101,left,NGIQ-BR-00000280,0.0
NGIQ-BR-00000101,left,NGIQ-BR-00000281,0.0
NGIQ-BR-00000101,left,NGIQ-BR-00000282,0.0
NGIQ-BR-00000101,left,NGIQ-BR-00000283,0.0
NGIQ-BR-00000101,left,NGIQ-BR-00000284,0.0
NGIQ-BR-00000101,left,NGIQ-BR-00000285,0.0
NGIQ-BR-00000101,left,NGIQ-BR-00000286,0.0
NGIQ-BR-00000101,left,NGIQ-BR-00000287,0.0
NGIQ-BR-00000101,left,NGIQ-BR-00000288,0.0
NGIQ-BR-00000101,left,NGIQ-BR-00000289,0.0
NGIQ-BR-00000101,left,NGIQ-BR-00000290,0.0
NGIQ-BR-00000101,left,NGIQ-BR-00000291,0.0
NGIQ-BR-00000101,left,NGIQ-BR-00000292,0.0
NGIQ-BR-00000101,left,NGIQ-BR-00000293,0.0
NGIQ-BR-00000101,left,NGIQ-BR-00000294,0.0
NGIQ-BR-00000101,left,NGIQ-BR-00000295,0.0
NGIQ-BR-00000101,left,NGIQ-BR-00000296,0.0
NGIQ-BR-00000101,left,NGIQ-BR-00000297,0.0
NGIQ-BR-00000101,left,NGIQ-BR-00000298,0.0
NGIQ-BR-00000101,left,NGIQ-BR-00000299,0.0
NGIQ-BR-00000103,left,NGIQ-BR-00000275,0.29027
NGIQ-BR-00000103,left,NGIQ-BR-00000277,0.00251
NGIQ-BR-00000103,left,NGIQ-BR-00000273,0.00023
NGIQ-BR-00000103,left,NGIQ-BR-00000269,0.0
NGIQ-BR-00000103,left,NGIQ-BR-00000270,0.0
NGIQ-BR-00000103,left,NGIQ-BR-00000271,0.0
NGIQ-BR-00000103,left,NGIQ-BR-00000272,0.0
NGIQ-BR-00000103,left,NGIQ-BR-00000274,0.0
NGIQ-BR-00000103,left,NGIQ-BR-00000276,0.0
NGIQ-BR-00000103,left,NGIQ-BR-00000278,0.0
NGIQ-BR-00000103,left,NGIQ-BR-00000279,0.0
NGIQ-BR-00000103,left,NGIQ-BR-00000280,0.0
NGIQ-BR-00000103,left,NGIQ-BR-00000281,0.0
NGIQ-BR-00000103,left,NGIQ-BR-00000282,0.0
NGIQ-BR-00000103,left,NGIQ-BR-00000283,0.0
NGIQ-BR-00000103,left,NGIQ-BR-00000284,0.0
NGIQ-BR-00000103,left,NGIQ-BR-00000285,0.0
NGIQ-BR-00000103,left,NGIQ-BR-00000286,0.0
NGIQ-BR-00000103,left,NGIQ-BR-00000287,0.0
NGIQ-BR-00000103,left,NGIQ-BR-00000288,0.0
NGIQ-BR-00000103,left,NGIQ-BR-00000289,0.0
NGIQ-BR-00000103,left,NGIQ-BR-00000290,0.0
NGIQ-BR-00000103,left,NGIQ-BR-00000291,0.0
NGIQ-BR-00000103,left,NGIQ-BR-00000292,0.0
NGIQ-BR-00000103,left,NGIQ-BR-00000293,0.0
NGIQ-BR-00000103,left,NGIQ-BR-00000294,0.0
NGIQ-BR-00000103,left,NGIQ-BR-00000295,0.0
NGIQ-BR-00000103,left,NGIQ-BR-00000296,0.0
NGIQ-BR-00000103,left,NGIQ-BR-00000297,0.0
NGIQ-BR-00000103,left,NGIQ-BR-00000298,0.0
NGIQ-BR-00000103,left,NGIQ-BR-00000299,0.0
NGIQ-BR-00000105,left,NGIQ-BR-00000275,0.41753
NGIQ-BR-00000105,left,NGIQ-BR-00000281,0.02873
NGIQ-BR-00000105,left,NGIQ-BR-00000273,0.00153
NGIQ-BR-00000105,left,NGIQ-BR-00000269,0.0
NGIQ-BR-00000105,left,NGIQ-BR-00000270,0.0
NGIQ-BR-00000105,left,NGIQ-BR-00000271,0.0
NGIQ-BR-00000105,left,NGIQ-BR-00000272,0.0
NGIQ-BR-00000105,left,NGIQ-BR-00000274,0.0
NGIQ-BR-00000105,left,NGIQ-BR-00000276,0.0
NGIQ-BR-00000105,left,NGIQ-BR-00000277,0.0
NGIQ-BR-00000105,left,NGIQ-BR-00000278,0.0
NGIQ-BR-00000105,left,NGIQ-BR-00000279,0.0
NGIQ-BR-00000105,left,NGIQ-BR-00000280,0.0
NGIQ-BR-00000105,left,NGIQ-BR-00000282,0.0
NGIQ-BR-00000105,left,NGIQ-BR-00000283,0.0
NGIQ-BR-00000105,left,NGIQ-BR-00000284,0.0
NGIQ-BR-00000105,left,NGIQ-BR-00000285,0.0
NGIQ-BR-00000105,left,NGIQ-BR-00000286,0.0
NGIQ-BR-00000105,left,NGIQ-BR-00000287,0.0
NGIQ-BR-00000105,left,NGIQ-BR-00000288,0.0
NGIQ-BR-00000105,left,NGIQ-BR-00000289,0.0
NGIQ-BR-00000105,left,NGIQ-BR-00000290,0.0
NGIQ-BR-00000105,left,NGIQ-BR-00000291,0.0
NGIQ-BR-00000105,left,NGIQ-BR-00000292,0.0
NGIQ-BR-00000105,left,NGIQ-BR-00000293,0.0
NGIQ-BR-00000105,left,NGIQ-BR-00000294,0.0
NGIQ-BR-00000105,left,NGIQ-BR-00000295,0.0
NGIQ-BR-00000105,left,NGIQ-BR-00000296,0.0
NGIQ-BR-00000105,left,NGIQ-BR-00000297,0.0
NGIQ-BR-00000105,left,NGIQ-BR-00000298,0.0
NGIQ-BR-00000105,left,NGIQ-BR-00000299,0.0
NGIQ-BR-00000107,left,NGIQ-BR-00000275,0.18914
NGIQ-BR-00000107,left,NGIQ-BR-00000281,0.17898
NGIQ-BR-00000107,left,NGIQ-BR-00000269,0.0
NGIQ-BR-00000107,left,NGIQ-BR-00000270,0.0
NGIQ-BR-00000107,left,NGIQ-BR-00000271,0.0
NGIQ-BR-00000107,left,NGIQ-BR-00000272,0.0
NGIQ-BR-00000107,left,NGIQ-BR-00000273,0.0
NGIQ-BR-00000107,left,NGIQ-BR-00000274,0.0
NGIQ-BR-00000107,left,NGIQ-BR-00000276,0.0
NGIQ-BR-00000107,left,NGIQ-BR-00000277,0.0
NGIQ-BR-00000107,left,NGIQ-BR-00000278,0.0
NGIQ-BR-00000107,left,NGIQ-BR-00000279,0.0
NGIQ-BR-00000107,left,NGIQ-BR-00000280,0.0
NGIQ-BR-00000107,left,NGIQ-BR-00000282,0.0
NGIQ-BR-00000107,left,NGIQ-BR-00000283,0.0
NGIQ-BR-00000107,left,NGIQ-BR-00000284,0.0
NGIQ-BR-00000107,left,NGIQ-BR-00000285,0.0
NGIQ-BR-00000107,left,NGIQ-BR-00000286,0.0
NGIQ-BR-00000107,left,NGIQ-BR-00000287,0.0
NGIQ-BR-00000107,left,NGIQ-BR-00000288,0.0
NGIQ-BR-00000107,left,NGIQ-BR-00000289,0.0
NGIQ-BR-00000107,left,NGIQ-BR-00000290,0.0
NGIQ-BR-00000107,left,NGIQ-BR-00000291,0.0
NGIQ-BR-00000107,left,NGIQ-BR-00000292,0.0
NGIQ-BR-00000107,left,NGIQ-BR-00000293,0.0
NGIQ-BR-00000107,left,NGIQ-BR-00000294,0.0
NGIQ-BR-00000107,left,NGIQ-BR-00000295,0.0
NGIQ-BR-00000107,left,NGIQ-BR-00000296,0.0
NGIQ-BR-00000107,left,NGIQ-BR-00000297,0.0
NGIQ-BR-00000107,left,NGIQ-BR-00000298,0.0
NGIQ-BR-00000107,left,NGIQ-BR-00000299,0.0
NGIQ-BR-00000109,left,NGIQ-BR-00000275,0.20629
NGIQ-BR-00000109,left,NGIQ-BR-00000281,0.08572
NGIQ-BR-00000109,left,NGIQ-BR-00000277,0.00828
NGIQ-BR-00000109,left,NGIQ-BR-00000269,0.0
NGIQ-BR-00000109,left,NGIQ-BR-00000270,0.0
NGIQ-BR-00000109,left,NGIQ-BR-00000271,0.0
NGIQ-BR-00000109,left,NGIQ-BR-00000272,0.0
NGIQ-BR-00000109,left,NGIQ-BR-00000273,0.0
NGIQ-BR-00000109,left,NGIQ-BR-00000274,0.0
NGIQ-BR-00000109,left,NGIQ-BR-00000276,0.0
NGIQ-BR-00000109,left,NGIQ-BR-00000278,0.0
NGIQ-BR-00000109,left,NGIQ-BR-00000279,0.0
NGIQ-BR-00000109,left,NGIQ-BR-00000280,0.0
NGIQ-BR-00000109,left,NGIQ-BR-00000282,0.0
NGIQ-BR-00000109,left,NGIQ-BR-00000283,0.0
NGIQ-BR-00000109,left,NGIQ-BR-00000284,0.0
NGIQ-BR-00000109,left,NGIQ-BR-00000285,0.0
NGIQ-BR-00000109,left,NGIQ-BR-00000286,0.0
NGIQ-BR-00000109,left,NGIQ-BR-00000287,0.0
NGIQ-BR-00000109,left,NGIQ-BR-00000288,0.0
NGIQ-BR-00000109,left,NGIQ-BR-00000289,0.0
NGIQ-BR-00000109,left,NGIQ-BR-00000290,0.0
NGIQ-BR-00000109,left,NGIQ-BR-00000291,0.0
NGIQ-BR-00000109,left,NGIQ-BR-00000292,0.0
NGIQ-BR-00000109,left,NGIQ-BR-00000293,0.0
NGIQ-BR-00000109,left,NGIQ-BR-00000294,0.0
NGIQ-BR-00000109,left,NGIQ-BR-00000295,0.0
NGIQ-BR-00000109,left,NGIQ-BR-00000296,0.0
NGIQ-BR-00000109,left,NGIQ-BR-00000297,0.0
NGIQ-BR-00000109,left,NGIQ-BR-00000298,0.0
NGIQ-BR-00000109,left,NGIQ-BR-00000299,0.0
NGIQ-BR-00000111,left,NGIQ-BR-00000275,0.27288
NGIQ-BR-00000111,left,NGIQ-BR-00000281,0.07839
NGIQ-BR-00000111,left,NGIQ-BR-00000269,0.0
NGIQ-BR-00000111,left,NGIQ-BR-00000270,0.0
NGIQ-BR-00000111,left,NGIQ-BR-00000271,0.0
NGIQ-BR-00000111,left,NGIQ-BR-00000272,0.0
NGIQ-BR-00000111,left,NGIQ-BR-00000273,0.0
NGIQ-BR-00000111,left,NGIQ-BR-00000274,0.0
NGIQ-BR-00000111,left,NGIQ-BR-00000276,0.0
NGIQ-BR-00000111,left,NGIQ-BR-00000277,0.0
NGIQ-BR-00000111,left,NGIQ-BR-00000278,0.0
NGIQ-BR-00000111,left,NGIQ-BR-00000279,0.0
NGIQ-BR-00000111,left,NGIQ-BR-00000280,0.0
NGIQ-BR-00000111,left,NGIQ-BR-00000282,0.0
NGIQ-BR-00000111,left,NGIQ-BR-00000283,0.0
NGIQ-BR-00000111,left,NGIQ-BR-00000284,0.0
NGIQ-BR-00000111,left,NGIQ-BR-00000285,0.0
NGIQ-BR-00000111,left,NGIQ-BR-00000286,0.0
NGIQ-BR-00000111,left,NGIQ-BR-00000287,0.0
NGIQ-BR-00000111,left,NGIQ-BR-00000288,0.0
NGIQ-BR-00000111,left,NGIQ-BR-00000289,0.0
NGIQ-BR-00000111,left,NGIQ-BR-00000290,0.0
NGIQ-BR-00000111,left,NGIQ-BR-00000291,0.0
NGIQ-BR-00000111,left,NGIQ-BR-00000292,0.0
NGIQ-BR-00000111,left,NGIQ-BR-00000293,0.0
NGIQ-BR-00000111,left,NGIQ-BR-00000294,0.0
NGIQ-BR-00000111,left,NGIQ-BR-00000295,0.0
NGIQ-BR-00000111,left,NGIQ-BR-00000296,0.0
NGIQ-BR-00000111,left,NGIQ-BR-00000297,0.0
NGIQ-BR-00000111,left,NGIQ-BR-00000298,0.0
NGIQ-BR-00000111,left,NGIQ-BR-00000299,0.0
NGIQ-BR-00000113,left,NGIQ-BR-00000275,0.48111
NGIQ-BR-00000113,left,NGIQ-BR-00000281,0.0008
NGIQ-BR-00000113,left,NGIQ-BR-00000269,0.0
NGIQ-BR-00000113,left,NGIQ-BR-00000270,0.0
NGIQ-BR-00000113,left,NGIQ-BR-00000271,0.0
NGIQ-BR-00000113,left,NGIQ-BR-00000272,0.0
NGIQ-BR-00000113,left,NGIQ-BR-00000273,0.0
NGIQ-BR-00000113,left,NGIQ-BR-00000274,0.0
NGIQ-BR-00000113,left,NGIQ-BR-00000276,0.0
NGIQ-BR-00000113,left,NGIQ-BR-00000277,0.0
NGIQ-BR-00000113,left,NGIQ-BR-00000278,0.0
NGIQ-BR-00000113,left,NGIQ-BR-00000279,0.0
NGIQ-BR-00000113,left,NGIQ-BR-00000280,0.0
NGIQ-BR-00000113,left,NGIQ-BR-00000282,0.0
NGIQ-BR-00000113,left,NGIQ-BR-00000283,0.0
NGIQ-BR-00000113,left,NGIQ-BR-00000284,0.0
NGIQ-BR-00000113,left,NGIQ-BR-00000285,0.0
NGIQ-BR-00000113,left,NGIQ-BR-00000286,0.0
NGIQ-BR-00000113,left,NGIQ-BR-00000287,0.0
NGIQ-BR-00000113,left,NGIQ-BR-00000288,0.0
NGIQ-BR-00000113,left,NGIQ-BR-00000289,0.0
NGIQ-BR-00000113,left,NGIQ-BR-00000290,0.0
NGIQ-BR-00000113,left,NGIQ-BR-00000291,0.0
NGIQ-BR-00000113,left,NGIQ-BR-00000292,0.0
NGIQ-BR-00000113,left,NGIQ-BR-00000293,0.0
NGIQ-BR-00000113,left,NGIQ-BR-00000294,0.0
NGIQ-BR-00000113,left,NGIQ-BR-00000295,0.0
NGIQ-BR-00000113,left,NGIQ-BR-00000296,0.0
NGIQ-BR-00000113,left,NGIQ-BR-00000297,0.0
NGIQ-BR-00000113,left,NGIQ-BR-00000298,0.0
NGIQ-BR-00000113,left,NGIQ-BR-00000299,0.0
NGIQ-BR-00000115,left,NGIQ-BR-00000273,0.38709
NGIQ-BR-00000115,left,NGIQ-BR-00000272,0.04444
NGIQ-BR-00000115,left,NGIQ-BR-00000275,0.0166
NGIQ-BR-00000115,left,NGIQ-BR-00000282,0.0039
NGIQ-BR-00000115,left,NGIQ-BR-00000279,0.00018
NGIQ-BR-00000115,left,NGIQ-BR-00000269,0.0
NGIQ-BR-00000115,left,NGIQ-BR-00000270,0.0
NGIQ-BR-00000115,left,NGIQ-BR-00000271,0.0
NGIQ-BR-00000115,left,NGIQ-BR-00000274,0.0
NGIQ-BR-00000115,left,NGIQ-BR-00000276,0.0
NGIQ-BR-00000115,left,NGIQ-BR-00000277,0.0
NGIQ-BR-00000115,left,NGIQ-BR-00000278,0.0
NGIQ-BR-00000115,left,NGIQ-BR-00000280,0.0
NGIQ-BR-00000115,left,NGIQ-BR-00000281,0.0
NGIQ-BR-00000115,left,NGIQ-BR-00000283,0.0
NGIQ-BR-00000115,left,NGIQ-BR-00000284,0.0
NGIQ-BR-00000115,left,NGIQ-BR-00000285,0.0
NGIQ-BR-00000115,left,NGIQ-BR-00000286,0.0
NGIQ-BR-00000115,left,NGIQ-BR-00000287,0.0
NGIQ-BR-00000115,left,NGIQ-BR-00000288,0.0
NGIQ-BR-00000115,left,NGIQ-BR-00000289,0.0
NGIQ-BR-00000115,left,NGIQ-BR-00000290,0.0
NGIQ-BR-00000115,left,NGIQ-BR-00000291,0.0
NGIQ-BR-00000115,left,NGIQ-BR-00000292,0.0
NGIQ-BR-00000115,left,NGIQ-BR-00000293,0.0
NGIQ-BR-00000115,left,NGIQ-BR-00000294,0.0
NGIQ-BR-00000115,left,NGIQ-BR-00000295,0.0
NGIQ-BR-00000115,left,NGIQ-BR-00000296,0.0
NGIQ-BR-00000115,left,NGIQ-BR-00000297,0.0
NGIQ-BR-00000115,left,NGIQ-BR-00000298,0.0
NGIQ-BR-00000115,left,NGIQ-BR-00000299,0.0
NGIQ-BR-00000117,left,NGIQ-BR-00000273,0.3741
NGIQ-BR-00000117,left,NGIQ-BR-00000279,0.00546
NGIQ-BR-00000117,left,NGIQ-BR-00000277,0.00275
NGIQ-BR-00000117,left,NGIQ-BR-00000269,0.0
NGIQ-BR-00000117,left,NGIQ-BR-00000270,0.0
NGIQ-BR-00000117,left,NGIQ-BR-00000271,0.0
NGIQ-BR-00000117,left,NGIQ-BR-00000272,0.0
NGIQ-BR-00000117,left,NGIQ-BR-00000274,0.0
NGIQ-BR-00000117,left,NGIQ-BR-00000275,0.0
NGIQ-BR-00000117,left,NGIQ-BR-00000276,0.0
NGIQ-BR-00000117,left,NGIQ-BR-00000278,0.0
NGIQ-BR-00000117,left,NGIQ-BR-00000280,0.0
NGIQ-BR-00000117,left,NGIQ-BR-00000281,0.0
NGIQ-BR-00000117,left,NGIQ-BR-00000282,0.0
NGIQ-BR-00000117,left,NGIQ-BR-00000283,0.0
NGIQ-BR-00000117,left,NGIQ-BR-00000284,0.0
NGIQ-BR-00000117,left,NGIQ-BR-00000285,0.0
NGIQ-BR-00000117,left,NGIQ-BR-00000286,0.0
NGIQ-BR-00000117,left,NGIQ-BR-00000287,0.0
NGIQ-BR-00000117,left,NGIQ-BR-00000288,0.0
NGIQ-BR-00000117,left,NGIQ-BR-00000289,0.0
NGIQ-BR-00000117,left,NGIQ-BR-00000290,0.0
NGIQ-BR-00000117,left,NGIQ-BR-00000291,0.0
NGIQ-BR-00000117,left,NGIQ-BR-00000292,0.0
NGIQ-BR-00000117,left,NGIQ-BR-00000293,0.0
NGIQ-BR-00000117,left,NGIQ-BR-00000294,0.0
NGIQ-BR-00000117,left,NGIQ-BR-00000295,0.0
NGIQ-BR-00000117,left,NGIQ-BR-00000296,0.0
NGIQ-BR-00000117,left,NGIQ-BR-00000297,0.0
NGIQ-BR-00000117,left,NGIQ-BR-00000298,0.0
NGIQ-BR-00000117,left,NGIQ-BR-00000299,0.0
NGIQ-BR-00000119,left,NGIQ-BR-00000273,0.31643
NGIQ-BR-00000119,left,NGIQ-BR-00000275,0.05915
NGIQ-BR-00000119,left,NGIQ-BR-00000277,0.00937
NGIQ-BR-00000119,left,NGIQ-BR-00000269,0.0
NGIQ-BR-00000119,left,NGIQ-BR-00000270,0.0
NGIQ-BR-00000119,left,NGIQ-BR-00000271,0.0
NGIQ-BR-00000119,left,NGIQ-BR-00000272,0.0
NGIQ-BR-00000119,left,NGIQ-BR-00000274,0.0
NGIQ-BR-00000119,left,NGIQ-BR-00000276,0.0
NGIQ-BR-00000119,left,NGIQ-BR-00000278,0.0
NGIQ-BR-00000119,left,NGIQ-BR-00000279,0.0
NGIQ-BR-00000119,left,NGIQ-BR-00000280,0.0
NGIQ-BR-00000119,left,NGIQ-BR-00000281,0.0
NGIQ-BR-00000119,left,NGIQ-BR-00000282,0.0
NGIQ-BR-00000119,left,NGIQ-BR-00000283,0.0
NGIQ-BR-00000119,left,NGIQ-BR-00000284,0.0
NGIQ-BR-00000119,left,NGIQ-BR-00000285,0.0
NGIQ-BR-00000119,left,NGIQ-BR-00000286,0.0
NGIQ-BR-00000119,left,NGIQ-BR-00000287,0.0
NGIQ-BR-00000119,left,NGIQ-BR-00000288,0.0
NGIQ-BR-00000119,left,NGIQ-BR-00000289,0.0
NGIQ-BR-00000119,left,NGIQ-BR-00000290,0.0
NGIQ-BR-00000119,left,NGIQ-BR-00000291,0.0
NGIQ-BR-00000119,left,NGIQ-BR-00000292,0.0
NGIQ-BR-00000119,left,NGIQ-BR-00000293,0.0
NGIQ-BR-00000119,left,NGIQ-BR-00000294,0.0
NGIQ-BR-00000119,left,NGIQ-BR-00000295,0.0
NGIQ-BR-00000119,left,NGIQ-BR-00000296,0.0
NGIQ-BR-00000119,left,NGIQ-BR-00000297,0.0
NGIQ-BR-00000119,left,NGIQ-BR-00000298,0.0
NGIQ-BR-00000119,left,NGIQ-BR-00000299,0.0
NGIQ-BR-00000121,left,NGIQ-BR-00000272,0.44478
NGIQ-BR-00000121,left,NGIQ-BR-00000282,0.00437
NGIQ-BR-00000121,left,NGIQ-BR-00000273,0.00091
NGIQ-BR-00000121,left,NGIQ-BR-00000269,0.0
NGIQ-BR-00000121,left,NGIQ-BR-00000270,0.0
NGIQ-BR-00000121,left,NGIQ-BR-00000271,0.0
NGIQ-BR-00000121,left,NGIQ-BR-00000274,0.0
NGIQ-BR-00000121,left,NGIQ-BR-00000275,0.0
NGIQ-BR-00000121,left,NGIQ-BR-00000276,0.0
NGIQ-BR-00000121,left,NGIQ-BR-00000277,0.0
NGIQ-BR-00000121,left,NGIQ-BR-00000278,0.0
NGIQ-BR-00000121,left,NGIQ-BR-00000279,0.0
NGIQ-BR-00000121,left,NGIQ-BR-00000280,0.0
NGIQ-BR-00000121,left,NGIQ-BR-00000281,0.0
NGIQ-BR-00000121,left,NGIQ-BR-00000283,0.0
NGIQ-BR-00000121,left,NGIQ-BR-00000284,0.0
NGIQ-BR-00000121,left,NGIQ-BR-00000285,0.0
NGIQ-BR-00000121,left,NGIQ-BR-00000286,0.0
NGIQ-BR-00000121,left,NGIQ-BR-00000287,0.0
NGIQ-BR-00000121,left,NGIQ-BR-00000288,0.0
NGIQ-BR-00000121,left,NGIQ-BR-00000289,0.0
NGIQ-BR-00000121,left,NGIQ-BR-00000290,0.0
NGIQ-BR-00000121,left,NGIQ-BR-00000291,0.0
NGIQ-BR-00000121,left,NGIQ-BR-00000292,0.0
NGIQ-BR-00000121,left,NGIQ-BR-00000293,0.0
NGIQ-BR-00000121,left,NGIQ-BR-00000294,0.0
NGIQ-BR-00000121,left,NGIQ-BR-00000295,0.0
NGIQ-BR-00000121,left,NGIQ-BR-00000296,0.0
NGIQ-BR-00000121,left,NGIQ-BR-00000297,0.0
NGIQ-BR-00000121,left,NGIQ-BR-00000298,0.0
NGIQ-BR-00000121,left,NGIQ-BR-00000299,0.0
NGIQ-BR-00000123,left,NGIQ-BR-00000282,0.50954
NGIQ-BR-00000123,left,NGIQ-BR-00000272,0.03519
NGIQ-BR-00000123,left,NGIQ-BR-00000273,0.00717
NGIQ-BR-00000123,left,NGIQ-BR-00000269,0.0
NGIQ-BR-00000123,left,NGIQ-BR-00000270,0.0
NGIQ-BR-00000123,left,NGIQ-BR-00000271,0.0
NGIQ-BR-00000123,left,NGIQ-BR-00000274,0.0
NGIQ-BR-00000123,left,NGIQ-BR-00000275,0.0
NGIQ-BR-00000123,left,NGIQ-BR-00000276,0.0
NGIQ-BR-00000123,left,NGIQ-BR-00000277,0.0
NGIQ-BR-00000123,left,NGIQ-BR-00000278,0.0
NGIQ-BR-00000123,left,NGIQ-BR-00000279,0.0
NGIQ-BR-00000123,left,NGIQ-BR-00000280,0.0
NGIQ-BR-00000123,left,NGIQ-BR-00000281,0.0
NGIQ-BR-00000123,left,NGIQ-BR-00000283,0.0
NGIQ-BR-00000123,left,NGIQ-BR-00000284,0.0
NGIQ-BR-00000123,left,NGIQ-BR-00000285,0.0
NGIQ-BR-00000123,left,NGIQ-BR-00000286,0.0
NGIQ-BR-00000123,left,NGIQ-BR-00000287,0.0
NGIQ-BR-00000123,left,NGIQ-BR-00000288,0.0
NGIQ-BR-00000123,left,NGIQ-BR-00000289,0.0
NGIQ-BR-00000123,left,NGIQ-BR-00000290,0.0
NGIQ-BR-00000123,left,NGIQ-BR-00000291,0.0
NGIQ-BR-00000123,left,NGIQ-BR-00000292,0.0
NGIQ-BR-00000123,left,NGIQ-BR-00000293,0.0
NGIQ-BR-00000123,left,NGIQ-BR-00000294,0.0
NGIQ-BR-00000123,left,NGIQ-BR-00000295,0.0
NGIQ-BR-00000123,left,NGIQ-BR-00000296,0.0
NGIQ-BR-00000123,left,NGIQ-BR-00000297,0.0
NGIQ-BR-00000123,left,NGIQ-BR-00000298,0.0
NGIQ-BR-00000123,left,NGIQ-BR-00000299,0.0
NGIQ-BR-00000125,left,NGIQ-BR-00000282,0.39827
NGIQ-BR-00000125,left,NGIQ-BR-00000273,0.07553
NGIQ-BR-00000125,left,NGIQ-BR-00000269,0.0
NGIQ-BR-00000125,left,NGIQ-BR-00000270,0.0
NGIQ-BR-00000125,left,NGIQ-BR-00000271,0.0
NGIQ-BR-00000125,left,NGIQ-BR-00000272,0.0
NGIQ-BR-00000125,left,NGIQ-BR-00000274,0.0
NGIQ-BR-00000125,left,NGIQ-BR-00000275,0.0
NGIQ-BR-00000125,left,NGIQ-BR-00000276,0.0
NGIQ-BR-00000125,left,NGIQ-BR-00000277,0.0
NGIQ-BR-00000125,left,NGIQ-BR-00000278,0.0
NGIQ-BR-00000125,left,NGIQ-BR-00000279,0.0
NGIQ-BR-00000125,left,NGIQ-BR-00000280,0.0
NGIQ-BR-00000125,left,NGIQ-BR-00000281,0.0
NGIQ-BR-00000125,left,NGIQ-BR-00000283,0.0
NGIQ-BR-00000125,left,NGIQ-BR-00000284,0.0
NGIQ-BR-00000125,left,NGIQ-BR-00000285,0.0
NGIQ-BR-00000125,left,NGIQ-BR-00000286,0.0
NGIQ-BR-00000125,left,NGIQ-BR-00000287,0.0
NGIQ-BR-00000125,left,NGIQ-BR-00000288,0.0
NGIQ-BR-00000125,left,NGIQ-BR-00000289,0.0
NGIQ-BR-00000125,left,NGIQ-BR-00000290,0.0
NGIQ-BR-00000125,left,NGIQ-BR-00000291,0.0
NGIQ-BR-00000125,left,NGIQ-BR-00000292,0.0
NGIQ-BR-00000125,left,NGIQ-BR-00000293,0.0
NGIQ-BR-00000125,left,NGIQ-BR-00000294,0.0
NGIQ-BR-00000125,left,NGIQ-BR-00000295,0.0
NGIQ-BR-00000125,left,NGIQ-BR-00000296,0.0
NGIQ-BR-00000125,left,NGIQ-BR-00000297,0.0
NGIQ-BR-00000125,left,NGIQ-BR-00000298,0.0
NGIQ-BR-00000125,left,NGIQ-BR-00000299,0.0
NGIQ-BR-00000127,left,NGIQ-BR-00000272,0.42354
NGIQ-BR-00000127,left,NGIQ-BR-00000282,0.23813
NGIQ-BR-00000127,left,NGIQ-BR-00000269,0.0
NGIQ-BR-00000127,left,NGIQ-BR-00000270,0.0
NGIQ-BR-00000127,left,NGIQ-BR-00000271,0.0
NGIQ-BR-00000127,left,NGIQ-BR-00000273,0.0
NGIQ-BR-00000127,left,NGIQ-BR-00000274,0.0
NGIQ-BR-00000127,left,NGIQ-BR-00000275,0.0
NGIQ-BR-00000127,left,NGIQ-BR-00000276,0.0
NGIQ-BR-00000127,left,NGIQ-BR-00000277,0.0
NGIQ-BR-00000127,left,NGIQ-BR-00000278,0.0
NGIQ-BR-00000127,left,NGIQ-BR-00000279,0.0
NGIQ-BR-00000127,left,NGIQ-BR-00000280,0.0
NGIQ-BR-00000127,left,NGIQ-BR-00000281,0.0
NGIQ-BR-00000127,left,NGIQ-BR-00000283,0.0
NGIQ-BR-00000127,left,NGIQ-BR-00000284,0.0
NGIQ-BR-00000127,left,NGIQ-BR-00000285,0.0
NGIQ-BR-00000127,left,NGIQ-BR-00000286,0.0
NGIQ-BR-00000127,left,NGIQ-BR-00000287,0.0
NGIQ-BR-00000127,left,NGIQ-BR-00000288,0.0
NGIQ-BR-00000127,left,NGIQ-BR-00000289,0.0
NGIQ-BR-00000127,left,NGIQ-BR-00000290,0.0
NGIQ-BR-00000127,left,NGIQ-BR-00000291,0.0
NGIQ-BR-00000127,left,NGIQ-BR-00000292,0.0
NGIQ-BR-00000127,left,NGIQ-BR-00000293,0.0
NGIQ-BR-00000127,left,NGIQ-BR-00000294,0.0
NGIQ-BR-00000127,left,NGIQ-BR-00000295,0.0
NGIQ-BR-00000127,left,NGIQ-BR-00000296,0.0
NGIQ-BR-00000127,left,NGIQ-BR-00000297,0.0
NGIQ-BR-00000127,left,NGIQ-BR-00000298,0.0
NGIQ-BR-00000127,left,NGIQ-BR-00000299,0.0
NGIQ-BR-00000129,left,NGIQ-BR-00000272,0.37556
NGIQ-BR-00000129,left,NGIQ-BR-00000269,0.0
NGIQ-BR-00000129,left,NGIQ-BR-00000270,0.0
NGIQ-BR-00000129,left,NGIQ-BR-00000271,0.0
NGIQ-BR-00000129,left,NGIQ-BR-00000273,0.0
NGIQ-BR-00000129,left,NGIQ-BR-00000274,0.0
NGIQ-BR-00000129,left,NGIQ-BR-00000275,0.0
NGIQ-BR-00000129,left,NGIQ-BR-00000276,0.0
NGIQ-BR-00000129,left,NGIQ-BR-00000277,0.0
NGIQ-BR-00000129,left,NGIQ-BR-00000278,0.0
NGIQ-BR-00000129,left,NGIQ-BR-00000279,0.0
NGIQ-BR-00000129,left,NGIQ-BR-00000280,0.0
NGIQ-BR-00000129,left,NGIQ-BR-00000281,0.0
NGIQ-BR-00000129,left,NGIQ-BR-00000282,0.0
NGIQ-BR-00000129,left,NGIQ-BR-00000283,0.0
NGIQ-BR-00000129,left,NGIQ-BR-00000284,0.0
NGIQ-BR-00000129,left,NGIQ-BR-00000285,0.0
NGIQ-BR-00000129,left,NGIQ-BR-00000286,0.0
NGIQ-BR-00000129,left,NGIQ-BR-00000287,0.0
NGIQ-BR-00000129,left,NGIQ-BR-00000288,0.0
NGIQ-BR-00000129,left,NGIQ-BR-00000289,0.0
NGIQ-BR-00000129,left,NGIQ-BR-00000290,0.0
NGIQ-BR-00000129,left,NGIQ-BR-00000291,0.0
NGIQ-BR-00000129,left,NGIQ-BR-00000292,0.0
NGIQ-BR-00000129,left,NGIQ-BR-00000293,0.0
NGIQ-BR-00000129,left,NGIQ-BR-00000294,0.0
NGIQ-BR-00000129,left,NGIQ-BR-00000295,0.0
NGIQ-BR-00000129,left,NGIQ-BR-00000296,0.0
NGIQ-BR-00000129,left,NGIQ-BR-00000297,0.0
NGIQ-BR-00000129,left,NGIQ-BR-00000298,0.0
NGIQ-BR-00000129,left,NGIQ-BR-00000299,0.0
NGIQ-BR-00000131,left,NGIQ-BR-00000282,0.34937
NGIQ-BR-00000131,left,NGIQ-BR-00000279,0.04871
NGIQ-BR-00000131,left,NGIQ-BR-00000276,0.02261
NGIQ-BR-00000131,left,NGIQ-BR-00000269,0.0
NGIQ-BR-00000131,left,NGIQ-BR-00000270,0.0
NGIQ-BR-00000131,left,NGIQ-BR-00000271,0.0
NGIQ-BR-00000131,left,NGIQ-BR-00000272,0.0
NGIQ-BR-00000131,left,NGIQ-BR-00000273,0.0
NGIQ-BR-00000131,left,NGIQ-BR-00000274,0.0
NGIQ-BR-00000131,left,NGIQ-BR-00000275,0.0
NGIQ-BR-00000131,left,NGIQ-BR-00000277,0.0
NGIQ-BR-00000131,left,NGIQ-BR-00000278,0.0
NGIQ-BR-00000131,left,NGIQ-BR-00000280,0.0
NGIQ-BR-00000131,left,NGIQ-BR-00000281,0.0
NGIQ-BR-00000131,left,NGIQ-BR-00000283,0.0
NGIQ-BR-00000131,left,NGIQ-BR-00000284,0.0
NGIQ-BR-00000131,left,NGIQ-BR-00000285,0.0
NGIQ-BR-00000131,left,NGIQ-BR-00000286,0.0
NGIQ-BR-00000131,left,NGIQ-BR-00000287,0.0
NGIQ-BR-00000131,left,NGIQ-BR-00000288,0.0
NGIQ-BR-00000131,left,NGIQ-BR-00000289,0.0
NGIQ-BR-00000131,left,NGIQ-BR-00000290,0.0
NGIQ-BR-00000131,left,NGIQ-BR-00000291,0.0
NGIQ-BR-00000131,left,NGIQ-BR-00000292,0.0
NGIQ-BR-00000131,left,NGIQ-BR-00000293,0.0
NGIQ-BR-00000131,left,NGIQ-BR-00000294,0.0
NGIQ-BR-00000131,left,NGIQ-BR-00000295,0.0
NGIQ-BR-00000131,left,NGIQ-BR-00000296,0.0
NGIQ-BR-00000131,left,NGIQ-BR-00000297,0.0
NGIQ-BR-00000131,left,NGIQ-BR-00000298,0.0
NGIQ-BR-00000131,left,NGIQ-BR-00000299,0.0
NGIQ-BR-00000137,left,NGIQ-BR-00000295,0.26607
NGIQ-BR-00000137,left,NGIQ-BR-00000291,0.05188
NGIQ-BR-00000137,left,NGIQ-BR-00000269,0.0
NGIQ-BR-00000137,left,NGIQ-BR-00000270,0.0
NGIQ-BR-00000137,left,NGIQ-BR-00000271,0.0
NGIQ-BR-00000137,left,NGIQ-BR-00000272,0.0
NGIQ-BR-00000137,left,NGIQ-BR-00000273,0.0
NGIQ-BR-00000137,left,NGIQ-BR-00000274,0.0
NGIQ-BR-00000137,left,NGIQ-BR-00000275,0.0
NGIQ-BR-00000137,left,NGIQ-BR-00000276,0.0
NGIQ-BR-00000137,left,NGIQ-BR-00000277,0.0
NGIQ-BR-00000137,left,NGIQ-BR-00000278,0.0
NGIQ-BR-00000137,left,NGIQ-BR-00000279,0.0
NGIQ-BR-00000137,left,NGIQ-BR-00000280,0.0
NGIQ-BR-00000137,left,NGIQ-BR-00000281,0.0
NGIQ-BR-00000137,left,NGIQ-BR-00000282,0.0
NGIQ-BR-00000137,left,NGIQ-BR-00000283,0.0
NGIQ-BR-00000137,left,NGIQ-BR-00000284,0.0
NGIQ-BR-00000137,left,NGIQ-BR-00000285,0.0
NGIQ-BR-00000137,left,NGIQ-BR-00000286,0.0
NGIQ-BR-00000137,left,NGIQ-BR-00000287,0.0
NGIQ-BR-00000137,left,NGIQ-BR-00000288,0.0
NGIQ-BR-00000137,left,NGIQ-BR-00000289,0.0
NGIQ-BR-00000137,left,NGIQ-BR-00000290,0.0
NGIQ-BR-00000137,left,NGIQ-BR-00000292,0.0
NGIQ-BR-00000137,left,NGIQ-BR-00000293,0.0
NGIQ-BR-00000137,left,NGIQ-BR-00000294,0.0
NGIQ-BR-00000137,left,NGIQ-BR-00000296,0.0
NGIQ-BR-00000137,left,NGIQ-BR-00000297,0.0
NGIQ-BR-00000137,left,NGIQ-BR-00000298,0.0
NGIQ-BR-00000137,left,NGIQ-BR-00000299,0.0
NGIQ-BR-00000139,left,NGIQ-BR-00000295,0.29287
NGIQ-BR-00000139,left,NGIQ-BR-00000297,0.00969
NGIQ-BR-00000139,left,NGIQ-BR-00000274,0.0037
NGIQ-BR-00000139,left,NGIQ-BR-00000288,0.00101
NGIQ-BR-00000139,left,NGIQ-BR-00000269,0.0
NGIQ-BR-00000139,left,NGIQ-BR-00000270,0.0
NGIQ-BR-00000139,left,NGIQ-BR-00000271,0.0
NGIQ-BR-00000139,left,NGIQ-BR-00000272,0.0
NGIQ-BR-00000139,left,NGIQ-BR-00000273,0.0
NGIQ-BR-00000139,left,NGIQ-BR-00000275,0.0
NGIQ-BR-00000139,left,NGIQ-BR-00000276,0.0
NGIQ-BR-00000139,left,NGIQ-BR-00000277,0.0
NGIQ-BR-00000139,left,NGIQ-BR-00000278,0.0
NGIQ-BR-00000139,left,NGIQ-BR-00000279,0.0
NGIQ-BR-00000139,left,NGIQ-BR-00000280,0.0
NGIQ-BR-00000139,left,NGIQ-BR-00000281,0.0
NGIQ-BR-00000139,left,NGIQ-BR-00000282,0.0
NGIQ-BR-00000139,left,NGIQ-BR-00000283,0.0
NGIQ-BR-00000139,left,NGIQ-BR-00000284,0.0
NGIQ-BR-00000139,left,NGIQ-BR-00000285,0.0
NGIQ-BR-00000139,left,NGIQ-BR-00000286,0.0
NGIQ-BR-00000139,left,NGIQ-BR-00000287,0.0
NGIQ-BR-00000139,left,NGIQ-BR-00000289,0.0
NGIQ-BR-00000139,left,NGIQ-BR-00000290,0.0
NGIQ-BR-00000139,left,NGIQ-BR-00000291,0.0
NGIQ-BR-00000139,left,NGIQ-BR-00000292,0.0
NGIQ-BR-00000139,left,NGIQ-BR-00000293,0.0
NGIQ-BR-00000139,left,NGIQ-BR-00000294,0.0
NGIQ-BR-00000139,left,NGIQ-BR-00000296,0.0
NGIQ-BR-00000139,left,NGIQ-BR-00000298,0.0
NGIQ-BR-00000139,left,NGIQ-BR-00000299,0.0
NGIQ-BR-00000141,left,NGIQ-BR-00000295,0.27042
NGIQ-BR-00000141,left,NGIQ-BR-00000288,0.03072
NGIQ-BR-00000141,left,NGIQ-BR-00000291,0.02298
NGIQ-BR-00000141,left,NGIQ-BR-00000283,0.00953
NGIQ-BR-00000141,left,NGIQ-BR-00000269,0.0
NGIQ-BR-00000141,left,NGIQ-BR-00000270,0.0
NGIQ-BR-00000141,left,NGIQ-BR-00000271,0.0
NGIQ-BR-00000141,left,NGIQ-BR-00000272,0.0
NGIQ-BR-00000141,left,NGIQ-BR-00000273,0.0
NGIQ-BR-00000141,left,NGIQ-BR-00000274,0.0
NGIQ-BR-00000141,left,NGIQ-BR-00000275,0.0
NGIQ-BR-00000141,left,NGIQ-BR-00000276,0.0
NGIQ-BR-00000141,left,NGIQ-BR-00000277,0.0
NGIQ-BR-00000141,left,NGIQ-BR-00000278,0.0
NGIQ-BR-00000141,left,NGIQ-BR-00000279,0.0
NGIQ-BR-00000141,left,NGIQ-BR-00000280,0.0
NGIQ-BR-00000141,left,NGIQ-BR-00000281,0.0
NGIQ-BR-00000141,left,NGIQ-BR-00000282,0.0
NGIQ-BR-00000141,left,NGIQ-BR-00000284,0.0
NGIQ-BR-00000141,left,NGIQ-BR-00000285,0.0
NGIQ-BR-00000141,left,NGIQ-BR-00000286,0.0
NGIQ-BR-00000141,left,NGIQ-BR-00000287,0.0
NGIQ-BR-00000141,left,NGIQ-BR-00000289,0.0
NGIQ-BR-00000141,left,NGIQ-BR-00000290,0.0
NGIQ-BR-00000141,left,NGIQ-BR-00000292,0.0
NGIQ-BR-00000141,left,NGIQ-BR-00000293,0.0
NGIQ-BR-00000141,left,NGIQ-BR-00000294,0.0
NGIQ-BR-00000141,left,NGIQ-BR-00000296,0.0
NGIQ-BR-00000141,left,NGIQ-BR-00000297,0.0
NGIQ-BR-00000141,left,NGIQ-BR-00000298,0.0
NGIQ-BR-00000141,left,NGIQ-BR-00000299,0.0
NGIQ-BR-00000143,left,NGIQ-BR-00000295,0.16726
NGIQ-BR-00000143,left,NGIQ-BR-00000274,0.0088
NGIQ-BR-00000143,left,NGIQ-BR-00000269,0.0
NGIQ-BR-00000143,left,NGIQ-BR-00000270,0.0
NGIQ-BR-00000143,left,NGIQ-BR-00000271,0.0
NGIQ-BR-00000143,left,NGIQ-BR-00000272,0.0
NGIQ-BR-00000143,left,NGIQ-BR-00000273,0.0
NGIQ-BR-00000143,left,NGIQ-BR-00000275,0.0
NGIQ-BR-00000143,left,NGIQ-BR-00000276,0.0
NGIQ-BR-00000143,left,NGIQ-BR-00000277,0.0
NGIQ-BR-00000143,left,NGIQ-BR-00000278,0.0
NGIQ-BR-00000143,left,NGIQ-BR-00000279,0.0
NGIQ-BR-00000143,left,NGIQ-BR-00000280,0.0
NGIQ-BR-00000143,left,NGIQ-BR-00000281,0.0
NGIQ-BR-00000143,left,NGIQ-BR-00000282,0.0
NGIQ-BR-00000143,left,NGIQ-BR-00000283,0.0
NGIQ-BR-00000143,left,NGIQ-BR-00000284,0.0
NGIQ-BR-00000143,left,NGIQ-BR-00000285,0.0
NGIQ-BR-00000143,left,NGIQ-BR-00000286,0.0
NGIQ-BR-00000143,left,NGIQ-BR-00000287,0.0
NGIQ-BR-00000143,left,NGIQ-BR-00000288,0.0
NGIQ-BR-00000143,left,NGIQ-BR-00000289,0.0
NGIQ-BR-00000143,left,NGIQ-BR-00000290,0.0
NGIQ-BR-00000143,left,NGIQ-BR-00000291,0.0
NGIQ-BR-00000143,left,NGIQ-BR-00000292,0.0
NGIQ-BR-00000143,left,NGIQ-BR-00000293,0.0
NGIQ-BR-00000143,left,NGIQ-BR-00000294,0.0
NGIQ-BR-00000143,left,NGIQ-BR-00000296,0.0
NGIQ-BR-00000143,left,NGIQ-BR-00000297,0.0
NGIQ-BR-00000143,left,NGIQ-BR-00000298,0.0
NGIQ-BR-00000143,left,NGIQ-BR-00000299,0.0
NGIQ-BR-00000145,left,NGIQ-BR-00000274,0.23822
NGIQ-BR-00000145,left,NGIQ-BR-00000297,0.02324
NGIQ-BR-00000145,left,NGIQ-BR-00000295,0.00247
NGIQ-BR-00000145,left,NGIQ-BR-00000269,0.0
NGIQ-BR-00000145,left,NGIQ-BR-00000270,0.0
NGIQ-BR-00000145,left,NGIQ-BR-00000271,0.0
NGIQ-BR-00000145,left,NGIQ-BR-00000272,0.0
NGIQ-BR-00000145,left,NGIQ-BR-00000273,0.0
NGIQ-BR-00000145,left,NGIQ-BR-00000275,0.0
NGIQ-BR-00000145,left,NGIQ-BR-00000276,0.0
NGIQ-BR-00000145,left,NGIQ-BR-00000277,0.0
NGIQ-BR-00000145,left,NGIQ-BR-00000278,0.0
NGIQ-BR-00000145,left,NGIQ-BR-00000279,0.0
NGIQ-BR-00000145,left,NGIQ-BR-00000280,0.0
NGIQ-BR-00000145,left,NGIQ-BR-00000281,0.0
NGIQ-BR-00000145,left,NGIQ-BR-00000282,0.0
NGIQ-BR-00000145,left,NGIQ-BR-00000283,0.0
NGIQ-BR-00000145,left,NGIQ-BR-00000284,0.0
NGIQ-BR-00000145,left,NGIQ-BR-00000285,0.0
NGIQ-BR-00000145,left,NGIQ-BR-00000286,0.0
NGIQ-BR-00000145,left,NGIQ-BR-00000287,0.0
NGIQ-BR-00000145,left,NGIQ-BR-00000288,0.0
NGIQ-BR-00000145,left,NGIQ-BR-00000289,0.0
NGIQ-BR-00000145,left,NGIQ-BR-00000290,0.0
NGIQ-BR-00000145,left,NGIQ-BR-00000291,0.0
NGIQ-BR-00000145,left,NGIQ-BR-00000292,0.0
NGIQ-BR-00000145,left,NGIQ-BR-00000293,0.0
NGIQ-BR-00000145,left,NGIQ-BR-00000294,0.0
NGIQ-BR-00000145,left,NGIQ-BR-00000296,0.0
NGIQ-BR-00000145,left,NGIQ-BR-00000298,0.0
NGIQ-BR-00000145,left,NGIQ-BR-00000299,0.0
NGIQ-BR-00000147,left,NGIQ-BR-00000297,0.25223
NGIQ-BR-00000147,left,NGIQ-BR-00000288,0.02694
NGIQ-BR-00000147,left,NGIQ-BR-00000295,0.00288
NGIQ-BR-00000147,left,NGIQ-BR-00000269,0.0
NGIQ-BR-00000147,left,NGIQ-BR-00000270,0.0
NGIQ-BR-00000147,left,NGIQ-BR-00000271,0.0
NGIQ-BR-00000147,left,NGIQ-BR-00000272,0.0
NGIQ-BR-00000147,left,NGIQ-BR-00000273,0.0
NGIQ-BR-00000147,left,NGIQ-BR-00000274,0.0
NGIQ-BR-00000147,left,NGIQ-BR-00000275,0.0
NGIQ-BR-00000147,left,NGIQ-BR-00000276,0.0
NGIQ-BR-00000147,left,NGIQ-BR-00000277,0.0
NGIQ-BR-00000147,left,NGIQ-BR-00000278,0.0
NGIQ-BR-00000147,left,NGIQ-BR-00000279,0.0
NGIQ-BR-00000147,left,NGIQ-BR-00000280,0.0
NGIQ-BR-00000147,left,NGIQ-BR-00000281,0.0
NGIQ-BR-00000147,left,NGIQ-BR-00000282,0.0
NGIQ-BR-00000147,left,NGIQ-BR-00000283,0.0
NGIQ-BR-00000147,left,NGIQ-BR-00000284,0.0
NGIQ-BR-00000147,left,NGIQ-BR-00000285,0.0
NGIQ-BR-00000147,left,NGIQ-BR-00000286,0.0
NGIQ-BR-00000147,left,NGIQ-BR-00000287,0.0
NGIQ-BR-00000147,left,NGIQ-BR-00000289,0.0
NGIQ-BR-00000147,left,NGIQ-BR-00000290,0.0
NGIQ-BR-00000147,left,NGIQ-BR-00000291,0.0
NGIQ-BR-00000147,left,NGIQ-BR-00000292,0.0
NGIQ-BR-00000147,left,NGIQ-BR-00000293,0.0
NGIQ-BR-00000147,left,NGIQ-BR-00000294,0.0
NGIQ-BR-00000147,left,NGIQ-BR-00000296,0.0
NGIQ-BR-00000147,left,NGIQ-BR-00000298,0.0
NGIQ-BR-00000147,left,NGIQ-BR-00000299,0.0
NGIQ-BR-00000149,left,NGIQ-BR-00000297,0.27538
NGIQ-BR-00000149,left,NGIQ-BR-00000274,0.09702
NGIQ-BR-00000149,left,NGIQ-BR-00000296,0.00251
NGIQ-BR-00000149,left,NGIQ-BR-00000269,0.0
NGIQ-BR-00000149,left,NGIQ-BR-00000270,0.0
NGIQ-BR-00000149,left,NGIQ-BR-00000271,0.0
NGIQ-BR-00000149,left,NGIQ-BR-00000272,0.0
NGIQ-BR-00000149,left,NGIQ-BR-00000273,0.0
NGIQ-BR-00000149,left,NGIQ-BR-00000275,0.0
NGIQ-BR-00000149,left,NGIQ-BR-00000276,0.0
NGIQ-BR-00000149,left,NGIQ-BR-00000277,0.0
NGIQ-BR-00000149,left,NGIQ-BR-00000278,0.0
NGIQ-BR-00000149,left,NGIQ-BR-00000279,0.0
NGIQ-BR-00000149,left,NGIQ-BR-00000280,0.0
NGIQ-BR-00000149,left,NGIQ-BR-00000281,0.0
NGIQ-BR-00000149,left,NGIQ-BR-00000282,0.0
NGIQ-BR-00000149,left,NGIQ-BR-00000283,0.0
NGIQ-BR-00000149,left,NGIQ-BR-00000284,0.0
NGIQ-BR-00000149,left,NGIQ-BR-00000285,0.0
NGIQ-BR-00000149,left,NGIQ-BR-00000286,0.0
NGIQ-BR-00000149,left,NGIQ-BR-00000287,0.0
NGIQ-BR-00000149,left,NGIQ-BR-00000288,0.0
NGIQ-BR-00000149,left,NGIQ-BR-00000289,0.0
NGIQ-BR-00000149,left,NGIQ-BR-00000290,0.0
NGIQ-BR-00000149,left,NGIQ-BR-00000291,0.0
NGIQ-BR-00000149,left,NGIQ-BR-00000292,0.0
NGIQ-BR-00000149,left,NGIQ-BR-00000293,0.0
NGIQ-BR-00000149,left,NGIQ-BR-00000294,0.0
NGIQ-BR-00000149,left,NGIQ-BR-00000295,0.0
NGIQ-BR-00000149,left,NGIQ-BR-00000298,0.0
NGIQ-BR-00000149,left,NGIQ-BR-00000299,0.0
NGIQ-BR-00000151,left,NGIQ-BR-00000274,0.21824
NGIQ-BR-00000151,left,NGIQ-BR-00000297,0.02037
NGIQ-BR-00000151,left,NGIQ-BR-00000281,0.00241
NGIQ-BR-00000151,left,NGIQ-BR-00000269,0.0
NGIQ-BR-00000151,left,NGIQ-BR-00000270,0.0
NGIQ-BR-00000151,left,NGIQ-BR-00000271,0.0
NGIQ-BR-00000151,left,NGIQ-BR-00000272,0.0
NGIQ-BR-00000151,left,NGIQ-BR-00000273,0.0
NGIQ-BR-00000151,left,NGIQ-BR-00000275,0.0
NGIQ-BR-00000151,left,NGIQ-BR-00000276,0.0
NGIQ-BR-00000151,left,NGIQ-BR-00000277,0.0
NGIQ-BR-00000151,left,NGIQ-BR-00000278,0.0
NGIQ-BR-00000151,left,NGIQ-BR-00000279,0.0
NGIQ-BR-00000151,left,NGIQ-BR-00000280,0.0
NGIQ-BR-00000151,left,NGIQ-BR-00000282,0.0
NGIQ-BR-00000151,left,NGIQ-BR-00000283,0.0
NGIQ-BR-00000151,left,NGIQ-BR-00000284,0.0
NGIQ-BR-00000151,left,NGIQ-BR-00000285,0.0
NGIQ-BR-00000151,left,NGIQ-BR-00000286,0.0
NGIQ-BR-00000151,left,NGIQ-BR-00000287,0.0
NGIQ-BR-00000151,left,NGIQ-BR-00000288,0.0
NGIQ-BR-00000151,left,NGIQ-BR-00000289,0.0
NGIQ-BR-00000151,left,NGIQ-BR-00000290,0.0
NGIQ-BR-00000151,left,NGIQ-BR-00000291,0.0
NGIQ-BR-00000151,left,NGIQ-BR-00000292,0.0
NGIQ-BR-00000151,left,NGIQ-BR-00000293,0.0
NGIQ-BR-00000151,left,NGIQ-BR-00000294,0.0
NGIQ-BR-00000151,left,NGIQ-BR-00000295,0.0
NGIQ-BR-00000151,left,NGIQ-BR-00000296,0.0
NGIQ-BR-00000151,left,NGIQ-BR-00000298,0.0
NGIQ-BR-00000151,left,NGIQ-BR-00000299,0.0
NGIQ-BR-00000153,left,NGIQ-BR-00000297,0.36947
NGIQ-BR-00000153,left,NGIQ-BR-00000288,0.01018
NGIQ-BR-00000153,left,NGIQ-BR-00000296,0.00264
NGIQ-BR-00000153,left,NGIQ-BR-00000298,0.00015
NGIQ-BR-00000153,left,NGIQ-BR-00000269,0.0
NGIQ-BR-00000153,left,NGIQ-BR-00000270,0.0
NGIQ-BR-00000153,left,NGIQ-BR-00000271,0.0
NGIQ-BR-00000153,left,NGIQ-BR-00000272,0.0
NGIQ-BR-00000153,left,NGIQ-BR-00000273,0.0
NGIQ-BR-00000153,left,NGIQ-BR-00000274,0.0
NGIQ-BR-00000153,left,NGIQ-BR-00000275,0.0
NGIQ-BR-00000153,left,NGIQ-BR-00000276,0.0
NGIQ-BR-00000153,left,NGIQ-BR-00000277,0.0
NGIQ-BR-00000153,left,NGIQ-BR-00000278,0.0
NGIQ-BR-00000153,left,NGIQ-BR-00000279,0.0
NGIQ-BR-00000153,left,NGIQ-BR-00000280,0.0
NGIQ-BR-00000153,left,NGIQ-BR-00000281,0.0
NGIQ-BR-00000153,left,NGIQ-BR-00000282,0.0
NGIQ-BR-00000153,left,NGIQ-BR-00000283,0.0
NGIQ-BR-00000153,left,NGIQ-BR-00000284,0.0
NGIQ-BR-00000153,left,NGIQ-BR-00000285,0.0
NGIQ-BR-00000153,left,NGIQ-BR-00000286,0.0
NGIQ-BR-00000153,left,NGIQ-BR-00000287,0.0
NGIQ-BR-00000153,left,NGIQ-BR-00000289,0.0
NGIQ-BR-00000153,left,NGIQ-BR-00000290,0.0
NGIQ-BR-00000153,left,NGIQ-BR-00000291,0.0
NGIQ-BR-00000153,left,NGIQ-BR-00000292,0.0
NGIQ-BR-00000153,left,NGIQ-BR-00000293,0.0
NGIQ-BR-00000153,left,NGIQ-BR-00000294,0.0
NGIQ-BR-00000153,left,NGIQ-BR-00000295,0.0
NGIQ-BR-00000153,left,NGIQ-BR-00000299,0.0
NGIQ-BR-00000155,left,NGIQ-BR-00000291,0.22244
NGIQ-BR-00000155,left,NGIQ-BR-00000269,0.0
NGIQ-BR-00000155,left,NGIQ-BR-00000270,0.0
NGIQ-BR-00000155,left,NGIQ-BR-00000271,0.0
NGIQ-BR-00000155,left,NGIQ-BR-00000272,0.0
NGIQ-BR-00000155,left,NGIQ-BR-00000273,0.0
NGIQ-BR-00000155,left,NGIQ-BR-00000274,0.0
NGIQ-BR-00000155,left,NGIQ-BR-00000275,0.0
NGIQ-BR-00000155,left,NGIQ-BR-00000276,0.0
NGIQ-BR-00000155,left,NGIQ-BR-00000277,0.0
NGIQ-BR-00000155,left,NGIQ-BR-00000278,0.0
NGIQ-BR-00000155,left,NGIQ-BR-00000279,0.0
NGIQ-BR-00000155,left,NGIQ-BR-00000280,0.0
NGIQ-BR-00000155,left,NGIQ-BR-00000281,0.0
NGIQ-BR-00000155,left,NGIQ-BR-00000282,0.0
NGIQ-BR-00000155,left,NGIQ-BR-00000283,0.0
NGIQ-BR-00000155,left,NGIQ-BR-00000284,0.0
NGIQ-BR-00000155,left,NGIQ-BR-00000285,0.0
NGIQ-BR-00000155,left,NGIQ-BR-00000286,0.0
NGIQ-BR-00000155,left,NGIQ-BR-00000287,0.0
NGIQ-BR-00000155,left,NGIQ-BR-00000288,0.0
NGIQ-BR-00000155,left,NGIQ-BR-00000289,0.0
NGIQ-BR-00000155,left,NGIQ-BR-00000290,0.0
NGIQ-BR-00000155,left,NGIQ-BR-00000292,0.0
NGIQ-BR-00000155,left,NGIQ-BR-00000293,0.0
NGIQ-BR-00000155,left,NGIQ-BR-00000294,0.0
NGIQ-BR-00000155,left,NGIQ-BR-00000295,0.0
NGIQ-BR-00000155,left,NGIQ-BR-00000296,0.0
NGIQ-BR-00000155,left,NGIQ-BR-00000297,0.0
NGIQ-BR-00000155,left,NGIQ-BR-00000298,0.0
NGIQ-BR-00000155,left,NGIQ-BR-00000299,0.0
NGIQ-BR-00000157,left,NGIQ-BR-00000291,0.33281
NGIQ-BR-00000157,left,NGIQ-BR-00000283,0.02282
NGIQ-BR-00000157,left,NGIQ-BR-00000295,0.00074
NGIQ-BR-00000157,left,NGIQ-BR-00000269,0.0
NGIQ-BR-00000157,left,NGIQ-BR-00000270,0.0
NGIQ-BR-00000157,left,NGIQ-BR-00000271,0.0
NGIQ-BR-00000157,left,NGIQ-BR-00000272,0.0
NGIQ-BR-00000157,left,NGIQ-BR-00000273,0.0
NGIQ-BR-00000157,left,NGIQ-BR-00000274,0.0
NGIQ-BR-00000157,left,NGIQ-BR-00000275,0.0
NGIQ-BR-00000157,left,NGIQ-BR-00000276,0.0
NGIQ-BR-00000157,left,NGIQ-BR-00000277,0.0
NGIQ-BR-00000157,left,NGIQ-BR-00000278,0.0
NGIQ-BR-00000157,left,NGIQ-BR-00000279,0.0
NGIQ-BR-00000157,left,NGIQ-BR-00000280,0.0
NGIQ-BR-00000157,left,NGIQ-BR-00000281,0.0
NGIQ-BR-00000157,left,NGIQ-BR-00000282,0.0
NGIQ-BR-00000157,left,NGIQ-BR-00000284,0.0
NGIQ-BR-00000157,left,NGIQ-BR-00000285,0.0
NGIQ-BR-00000157,left,NGIQ-BR-00000286,0.0
NGIQ-BR-00000157,left,NGIQ-BR-00000287,0.0
NGIQ-BR-00000157,left,NGIQ-BR-00000288,0.0
NGIQ-BR-00000157,left,NGIQ-BR-00000289,0.0
NGIQ-BR-00000157,left,NGIQ-BR-00000290,0.0
NGIQ-BR-00000157,left,NGIQ-BR-00000292,0.0
NGIQ-BR-00000157,left,NGIQ-BR-00000293,0.0
NGIQ-BR-00000157,left,NGIQ-BR-00000294,0.0
NGIQ-BR-00000157,left,NGIQ-BR-00000296,0.0
NGIQ-BR-00000157,left,NGIQ-BR-00000297,0.0
NGIQ-BR-00000157,left,NGIQ-BR-00000298,0.0
NGIQ-BR-00000157,left,NGIQ-BR-00000299,0.0
NGIQ-BR-00000159,left,NGIQ-BR-00000291,0.25588
NGIQ-BR-00000159,left,NGIQ-BR-00000271,0.01118
NGIQ-BR-00000159,left,NGIQ-BR-00000295,0.00264
NGIQ-BR-00000159,left,NGIQ-BR-00000276,0.00161
NGIQ-BR-00000159,left,NGIQ-BR-00000279,0.00097
NGIQ-BR-00000159,left,NGIQ-BR-00000287,0.00023
NGIQ-BR-00000159,left,NGIQ-BR-00000269,0.0
NGIQ-BR-00000159,left,NGIQ-BR-00000270,0.0
NGIQ-BR-00000159,left,NGIQ-BR-00000272,0.0
NGIQ-BR-00000159,left,NGIQ-BR-00000273,0.0
NGIQ-BR-00000159,left,NGIQ-BR-00000274,0.0
NGIQ-BR-00000159,left,NGIQ-BR-00000275,0.0
NGIQ-BR-00000159,left,NGIQ-BR-00000277,0.0
NGIQ-BR-00000159,left,NGIQ-BR-00000278,0.0
NGIQ-BR-00000159,left,NGIQ-BR-00000280,0.0
NGIQ-BR-00000159,left,NGIQ-BR-00000281,0.0
NGIQ-BR-00000159,left,NGIQ-BR-00000282,0.0
NGIQ-BR-00000159,left,NGIQ-BR-00000283,0.0
NGIQ-BR-00000159,left,NGIQ-BR-00000284,0.0
NGIQ-BR-00000159,left,NGIQ-BR-00000285,0.0
NGIQ-BR-00000159,left,NGIQ-BR-00000286,0.0
NGIQ-BR-00000159,left,NGIQ-BR-00000288,0.0
NGIQ-BR-00000159,left,NGIQ-BR-00000289,0.0
NGIQ-BR-00000159,left,NGIQ-BR-00000290,0.0
NGIQ-BR-00000159,left,NGIQ-BR-00000292,0.0
NGIQ-BR-00000159,left,NGIQ-BR-00000293,0.0
NGIQ-BR-00000159,left,NGIQ-BR-00000294,0.0
NGIQ-BR-00000159,left,NGIQ-BR-00000296,0.0
NGIQ-BR-00000159,left,NGIQ-BR-00000297,0.0
NGIQ-BR-00000159,left,NGIQ-BR-00000298,0.0
NGIQ-BR-00000159,left,NGIQ-BR-00000299,0.0
NGIQ-BR-00000161,left,NGIQ-BR-00000291,0.30074
NGIQ-BR-00000161,left,NGIQ-BR-00000276,0.0049
NGIQ-BR-00000161,left,NGIQ-BR-00000269,0.0
NGIQ-BR-00000161,left,NGIQ-BR-00000270,0.0
NGIQ-BR-00000161,left,NGIQ-BR-00000271,0.0
NGIQ-BR-00000161,left,NGIQ-BR-00000272,0.0
NGIQ-BR-00000161,left,NGIQ-BR-00000273,0.0
NGIQ-BR-00000161,left,NGIQ-BR-00000274,0.0
NGIQ-BR-00000161,left,NGIQ-BR-00000275,0.0
NGIQ-BR-00000161,left,NGIQ-BR-00000277,0.0
NGIQ-BR-00000161,left,NGIQ-BR-00000278,0.0
NGIQ-BR-00000161,left,NGIQ-BR-00000279,0.0
NGIQ-BR-00000161,left,NGIQ-BR-00000280,0.0
NGIQ-BR-00000161,left,NGIQ-BR-00000281,0.0
NGIQ-BR-00000161,left,NGIQ-BR-00000282,0.0
NGIQ-BR-00000161,left,NGIQ-BR-00000283,0.0
NGIQ-BR-00000161,left,NGIQ-BR-00000284,0.0
NGIQ-BR-00000161,left,NGIQ-BR-00000285,0.0
NGIQ-BR-00000161,left,NGIQ-BR-00000286,0.0
NGIQ-BR-00000161,left,NGIQ-BR-00000287,0.0
NGIQ-BR-00000161,left,NGIQ-BR-00000288,0.0
NGIQ-BR-00000161,left,NGIQ-BR-00000289,0.0
NGIQ-BR-00000161,left,NGIQ-BR-00000290,0.0
NGIQ-BR-00000161,left,NGIQ-BR-00000292,0.0
NGIQ-BR-00000161,left,NGIQ-BR-00000293,0.0
NGIQ-BR-00000161,left,NGIQ-BR-00000294,0.0
NGIQ-BR-00000161,left,NGIQ-BR-00000295,0.0
NGIQ-BR-00000161,left,NGIQ-BR-00000296,0.0
NGIQ-BR-00000161,left,NGIQ-BR-00000297,0.0
NGIQ-BR-00000161,left,NGIQ-BR-00000298,0.0
NGIQ-BR-00000161,left,NGIQ-BR-00000299,0.0
NGIQ-BR-00000163,left,NGIQ-BR-00000288,0.32867
NGIQ-BR-00000163,left,NGIQ-BR-00000290,0.01423
NGIQ-BR-00000163,left,NGIQ-BR-00000269,0.0
NGIQ-BR-00000163,left,NGIQ-BR-00000270,0.0
NGIQ-BR-00000163,left,NGIQ-BR-00000271,0.0
NGIQ-BR-00000163,left,NGIQ-BR-00000272,0.0
NGIQ-BR-00000163,left,NGIQ-BR-00000273,0.0
NGIQ-BR-00000163,left,NGIQ-BR-00000274,0.0
NGIQ-BR-00000163,left,NGIQ-BR-00000275,0.0
NGIQ-BR-00000163,left,NGIQ-BR-00000276,0.0
NGIQ-BR-00000163,left,NGIQ-BR-00000277,0.0
NGIQ-BR-00000163,left,NGIQ-BR-00000278,0.0
NGIQ-BR-00000163,left,NGIQ-BR-00000279,0.0
NGIQ-BR-00000163,left,NGIQ-BR-00000280,0.0
NGIQ-BR-00000163,left,NGIQ-BR-00000281,0.0
NGIQ-BR-00000163,left,NGIQ-BR-00000282,0.0
NGIQ-BR-00000163,left,NGIQ-BR-00000283,0.0
NGIQ-BR-00000163,left,NGIQ-BR-00000284,0.0
NGIQ-BR-00000163,left,NGIQ-BR-00000285,0.0
NGIQ-BR-00000163,left,NGIQ-BR-00000286,0.0
NGIQ-BR-00000163,left,NGIQ-BR-00000287,0.0
NGIQ-BR-00000163,left,NGIQ-BR-00000289,0.0
NGIQ-BR-00000163,left,NGIQ-BR-00000291,0.0
NGIQ-BR-00000163,left,NGIQ-BR-00000292,0.0
NGIQ-BR-00000163,left,NGIQ-BR-00000293,0.0
NGIQ-BR-00000163,left,NGIQ-BR-00000294,0.0
NGIQ-BR-00000163,left,NGIQ-BR-00000295,0.0
NGIQ-BR-00000163,left,NGIQ-BR-00000296,0.0
NGIQ-BR-00000163,left,NGIQ-BR-00000297,0.0
NGIQ-BR-00000163,left,NGIQ-BR-00000298,0.0
NGIQ-BR-00000163,left,NGIQ-BR-00000299,0.0
NGIQ-BR-00000165,left,NGIQ-BR-00000288,0.55377
NGIQ-BR-00000165,left,NGIQ-BR-00000290,0.00497
NGIQ-BR-00000165,left,NGIQ-BR-00000297,0.00426
NGIQ-BR-00000165,left,NGIQ-BR-00000298,0.00048
NGIQ-BR-00000165,left,NGIQ-BR-00000269,0.0
NGIQ-BR-00000165,left,NGIQ-BR-00000270,0.0
NGIQ-BR-00000165,left,NGIQ-BR-00000271,0.0
NGIQ-BR-00000165,left,NGIQ-BR-00000272,0.0
NGIQ-BR-00000165,left,NGIQ-BR-00000273,0.0
NGIQ-BR-00000165,left,NGIQ-BR-00000274,0.0
NGIQ-BR-00000165,left,NGIQ-BR-00000275,0.0
NGIQ-BR-00000165,left,NGIQ-BR-00000276,0.0
NGIQ-BR-00000165,left,NGIQ-BR-00000277,0.0
NGIQ-BR-00000165,left,NGIQ-BR-00000278,0.0
NGIQ-BR-00000165,left,NGIQ-BR-00000279,0.0
NGIQ-BR-00000165,left,NGIQ-BR-00000280,0.0
NGIQ-BR-00000165,left,NGIQ-BR-00000281,0.0
NGIQ-BR-00000165,left,NGIQ-BR-00000282,0.0
NGIQ-BR-00000165,left,NGIQ-BR-00000283,0.0
NGIQ-BR-00000165,left,NGIQ-BR-00000284,0.0
NGIQ-BR-00000165,left,NGIQ-BR-00000285,0.0
NGIQ-BR-00000165,left,NGIQ-BR-00000286,0.0
NGIQ-BR-00000165,left,NGIQ-BR-00000287,0.0
NGIQ-BR-00000165,left,NGIQ-BR-00000289,0.0
NGIQ-BR-00000165,left,NGIQ-BR-00000291,0.0
NGIQ-BR-00000165,left,NGIQ-BR-00000292,0.0
NGIQ-BR-00000165,left,NGIQ-BR-00000293,0.0
NGIQ-BR-00000165,left,NGIQ-BR-00000294,0.0
NGIQ-BR-00000165,left,NGIQ-BR-00000295,0.0
NGIQ-BR-00000165,left,NGIQ-BR-00000296,0.0
NGIQ-BR-00000165,left,NGIQ-BR-00000299,0.0
NGIQ-BR-00000167,left,NGIQ-BR-00000288,0.34986
NGIQ-BR-00000167,left,NGIQ-BR-00000295,0.01855
NGIQ-BR-00000167,left,NGIQ-BR-00000269,0.0
NGIQ-BR-00000167,left,NGIQ-BR-00000270,0.0
NGIQ-BR-00000167,left,NGIQ-BR-00000271,0.0
NGIQ-BR-00000167,left,NGIQ-BR-00000272,0.0
NGIQ-BR-00000167,left,NGIQ-BR-00000273,0.0
NGIQ-BR-00000167,left,NGIQ-BR-00000274,0.0
NGIQ-BR-00000167,left,NGIQ-BR-00000275,0.0
NGIQ-BR-00000167,left,NGIQ-BR-00000276,0.0
NGIQ-BR-00000167,left,NGIQ-BR-00000277,0.0
NGIQ-BR-00000167,left,NGIQ-BR-00000278,0.0
NGIQ-BR-00000167,left,NGIQ-BR-00000279,0.0
NGIQ-BR-00000167,left,NGIQ-BR-00000280,0.0
NGIQ-BR-00000167,left,NGIQ-BR-00000281,0.0
NGIQ-BR-00000167,left,NGIQ-BR-00000282,0.0
NGIQ-BR-00000167,left,NGIQ-BR-00000283,0.0
NGIQ-BR-00000167,left,NGIQ-BR-00000284,0.0
NGIQ-BR-00000167,left,NGIQ-BR-00000285,0.0
NGIQ-BR-00000167,left,NGIQ-BR-00000286,0.0
NGIQ-BR-00000167,left,NGIQ-BR-00000287,0.0
NGIQ-BR-00000167,left,NGIQ-BR-00000289,0.0
NGIQ-BR-00000167,left,NGIQ-BR-00000290,0.0
NGIQ-BR-00000167,left,NGIQ-BR-00000291,0.0
NGIQ-BR-00000167,left,NGIQ-BR-00000292,0.0
NGIQ-BR-00000167,left,NGIQ-BR-00000293,0.0
NGIQ-BR-00000167,left,NGIQ-BR-00000294,0.0
NGIQ-BR-00000167,left,NGIQ-BR-00000296,0.0
NGIQ-BR-00000167,left,NGIQ-BR-00000297,0.0
NGIQ-BR-00000167,left,NGIQ-BR-00000298,0.0
NGIQ-BR-00000167,left,NGIQ-BR-00000299,0.0
NGIQ-BR-00000169,left,NGIQ-BR-00000288,0.35589
NGIQ-BR-00000169,left,NGIQ-BR-00000290,0.01016
NGIQ-BR-00000169,left,NGIQ-BR-00000283,0.00381
NGIQ-BR-00000169,left,NGIQ-BR-00000269,0.0
NGIQ-BR-00000169,left,NGIQ-BR-00000270,0.0
NGIQ-BR-00000169,left,NGIQ-BR-00000271,0.0
NGIQ-BR-00000169,left,NGIQ-BR-00000272,0.0
NGIQ-BR-00000169,left,NGIQ-BR-00000273,0.0
NGIQ-BR-00000169,left,NGIQ-BR-00000274,0.0
NGIQ-BR-00000169,left,NGIQ-BR-00000275,0.0
NGIQ-BR-00000169,left,NGIQ-BR-00000276,0.0
NGIQ-BR-00000169,left,NGIQ-BR-00000277,0.0
NGIQ-BR-00000169,left,NGIQ-BR-00000278,0.0
NGIQ-BR-00000169,left,NGIQ-BR-00000279,0.0
NGIQ-BR-00000169,left,NGIQ-BR-00000280,0.0
NGIQ-BR-00000169,left,NGIQ-BR-00000281,0.0
NGIQ-BR-00000169,left,NGIQ-BR-00000282,0.0
NGIQ-BR-00000169,left,NGIQ-BR-00000284,0.0
NGIQ-BR-00000169,left,NGIQ-BR-00000285,0.0
NGIQ-BR-00000169,left,NGIQ-BR-00000286,0.0
NGIQ-BR-00000169,left,NGIQ-BR-00000287,0.0
NGIQ-BR-00000169,left,NGIQ-BR-00000289,0.0
NGIQ-BR-00000169,left,NGIQ-BR-00000291,0.0
NGIQ-BR-00000169,left,NGIQ-BR-00000292,0.0
NGIQ-BR-00000169,left,NGIQ-BR-00000293,0.0
NGIQ-BR-00000169,left,NGIQ-BR-00000294,0.0
NGIQ-BR-00000169,left,NGIQ-BR-00000295,0.0
NGIQ-BR-00000169,left,NGIQ-BR-00000296,0.0
NGIQ-BR-00000169,left,NGIQ-BR-00000297,0.0
NGIQ-BR-00000169,left,NGIQ-BR-00000298,0.0
NGIQ-BR-00000169,left,NGIQ-BR-00000299,0.0
NGIQ-BR-00000171,left,NGIQ-BR-00000299,0.63441
NGIQ-BR-00000171,left,NGIQ-BR-00000278,0.05518
NGIQ-BR-00000171,left,NGIQ-BR-00000269,0.0
NGIQ-BR-00000171,left,NGIQ-BR-00000270,0.0
NGIQ-BR-00000171,left,NGIQ-BR-00000271,0.0
NGIQ-BR-00000171,left,NGIQ-BR-00000272,0.0
NGIQ-BR-00000171,left,NGIQ-BR-00000273,0.0
NGIQ-BR-00000171,left,NGIQ-BR-00000274,0.0
NGIQ-BR-00000171,left,NGIQ-BR-00000275,0.0
NGIQ-BR-00000171,left,NGIQ-BR-00000276,0.0
NGIQ-BR-00000171,left,NGIQ-BR-00000277,0.0
NGIQ-BR-00000171,left,NGIQ-BR-00000279,0.0
NGIQ-BR-00000171,left,NGIQ-BR-00000280,0.0
NGIQ-BR-00000171,left,NGIQ-BR-00000281,0.0
NGIQ-BR-00000171,left,NGIQ-BR-00000282,0.0
NGIQ-BR-00000171,left,NGIQ-BR-00000283,0.0
NGIQ-BR-00000171,left,NGIQ-BR-00000284,0.0
NGIQ-BR-00000171,left,NGIQ-BR-00000285,0.0
NGIQ-BR-00000171,left,NGIQ-BR-00000286,0.0
NGIQ-BR-00000171,left,NGIQ-BR-00000287,0.0
NGIQ-BR-00000171,left,NGIQ-BR-00000288,0.0
NGIQ-BR-00000171,left,NGIQ-BR-00000289,0.0
NGIQ-BR-00000171,left,NGIQ-BR-00000290,0.0
NGIQ-BR-00000171,left,NGIQ-BR-00000291,0.0
NGIQ-BR-00000171,left,NGIQ-BR-00000292,0.0
NGIQ-BR-00000171,left,NGIQ-BR-00000293,0.0
NGIQ-BR-00000171,left,NGIQ-BR-00000294,0.0
NGIQ-BR-00000171,left,NGIQ-BR-00000295,0.0
NGIQ-BR-00000171,left,NGIQ-BR-00000296,0.0
NGIQ-BR-00000171,left,NGIQ-BR-00000297,0.0
NGIQ-BR-00000171,left,NGIQ-BR-00000298,0.0
NGIQ-BR-00000173,left,NGIQ-BR-00000299,0.61209
NGIQ-BR-00000173,left,NGIQ-BR-00000278,0.0057
NGIQ-BR-00000173,left,NGIQ-BR-00000284,0.00134
NGIQ-BR-00000173,left,NGIQ-BR-00000286,0.00024
NGIQ-BR-00000173,left,NGIQ-BR-00000269,0.0
NGIQ-BR-00000173,left,NGIQ-BR-00000270,0.0
NGIQ-BR-00000173,left,NGIQ-BR-00000271,0.0
NGIQ-BR-00000173,left,NGIQ-BR-00000272,0.0
NGIQ-BR-00000173,left,NGIQ-BR-00000273,0.0
NGIQ-BR-00000173,left,NGIQ-BR-00000274,0.0
NGIQ-BR-00000173,left,NGIQ-BR-00000275,0.0
NGIQ-BR-00000173,left,NGIQ-BR-00000276,0.0
NGIQ-BR-00000173,left,NGIQ-BR-00000277,0.0
NGIQ-BR-00000173,left,NGIQ-BR-00000279,0.0
NGIQ-BR-00000173,left,NGIQ-BR-00000280,0.0
NGIQ-BR-00000173,left,NGIQ-BR-00000281,0.0
NGIQ-BR-00000173,left,NGIQ-BR-00000282,0.0
NGIQ-BR-00000173,left,NGIQ-BR-00000283,0.0
NGIQ-BR-00000173,left,NGIQ-BR-00000285,0.0
NGIQ-BR-00000173,left,NGIQ-BR-00000287,0.0
NGIQ-BR-00000173,left,NGIQ-BR-00000288,0.0
NGIQ-BR-00000173,left,NGIQ-BR-00000289,0.0
NGIQ-BR-00000173,left,NGIQ-BR-00000290,0.0
NGIQ-BR-00000173,left,NGIQ-BR-00000291,0.0
NGIQ-BR-00000173,left,NGIQ-BR-00000292,0.0
NGIQ-BR-00000173,left,NGIQ-BR-00000293,0.0
NGIQ-BR-00000173,left,NGIQ-BR-00000294,0.0
NGIQ-BR-00000173,left,NGIQ-BR-00000295,0.0
NGIQ-BR-00000173,left,NGIQ-BR-00000296,0.0
NGIQ-BR-00000173,left,NGIQ-BR-00000297,0.0
NGIQ-BR-00000173,left,NGIQ-BR-00000298,0.0
NGIQ-BR-00000175,left,NGIQ-BR-00000299,0.63564
NGIQ-BR-00000175,left,NGIQ-BR-00000296,0.06379
NGIQ-BR-00000175,left,NGIQ-BR-00000269,0.0
NGIQ-BR-00000175,left,NGIQ-BR-00000270,0.0
NGIQ-BR-00000175,left,NGIQ-BR-00000271,0.0
NGIQ-BR-00000175,left,NGIQ-BR-00000272,0.0
NGIQ-BR-00000175,left,NGIQ-BR-00000273,0.0
NGIQ-BR-00000175,left,NGIQ-BR-00000274,0.0
NGIQ-BR-00000175,left,NGIQ-BR-00000275,0.0
NGIQ-BR-00000175,left,NGIQ-BR-00000276,0.0
NGIQ-BR-00000175,left,NGIQ-BR-00000277,0.0
NGIQ-BR-00000175,left,NGIQ-BR-00000278,0.0
NGIQ-BR-00000175,left,NGIQ-BR-00000279,0.0
NGIQ-BR-00000175,left,NGIQ-BR-00000280,0.0
NGIQ-BR-00000175,left,NGIQ-BR-00000281,0.0
NGIQ-BR-00000175,left,NGIQ-BR-00000282,0.0
NGIQ-BR-00000175,left,NGIQ-BR-00000283,0.0
NGIQ-BR-00000175,left,NGIQ-BR-00000284,0.0
NGIQ-BR-00000175,left,NGIQ-BR-00000285,0.0
NGIQ-BR-00000175,left,NGIQ-BR-00000286,0.0
NGIQ-BR-00000175,left,NGIQ-BR-00000287,0.0
NGIQ-BR-00000175,left,NGIQ-BR-00000288,0.0
NGIQ-BR-00000175,left,NGIQ-BR-00000289,0.0
NGIQ-BR-00000175,left,NGIQ-BR-00000290,0.0
NGIQ-BR-00000175,left,NGIQ-BR-00000291,0.0
NGIQ-BR-00000175,left,NGIQ-BR-00000292,0.0
NGIQ-BR-00000175,left,NGIQ-BR-00000293,0.0
NGIQ-BR-00000175,left,NGIQ-BR-00000294,0.0
NGIQ-BR-00000175,left,NGIQ-BR-00000295,0.0
NGIQ-BR-00000175,left,NGIQ-BR-00000297,0.0
NGIQ-BR-00000175,left,NGIQ-BR-00000298,0.0
NGIQ-BR-00000177,left,NGIQ-BR-00000299,0.65155
NGIQ-BR-00000177,left,NGIQ-BR-00000288,0.03101
NGIQ-BR-00000177,left,NGIQ-BR-00000290,0.00196
NGIQ-BR-00000177,left,NGIQ-BR-00000269,0.0
NGIQ-BR-00000177,left,NGIQ-BR-00000270,0.0
NGIQ-BR-00000177,left,NGIQ-BR-00000271,0.0
NGIQ-BR-00000177,left,NGIQ-BR-00000272,0.0
NGIQ-BR-00000177,left,NGIQ-BR-00000273,0.0
NGIQ-BR-00000177,left,NGIQ-BR-00000274,0.0
NGIQ-BR-00000177,left,NGIQ-BR-00000275,0.0
NGIQ-BR-00000177,left,NGIQ-BR-00000276,0.0
NGIQ-BR-00000177,left,NGIQ-BR-00000277,0.0
NGIQ-BR-00000177,left,NGIQ-BR-00000278,0.0
NGIQ-BR-00000177,left,NGIQ-BR-00000279,0.0
NGIQ-BR-00000177,left,NGIQ-BR-00000280,0.0
NGIQ-BR-00000177,left,NGIQ-BR-00000281,0.0
NGIQ-BR-00000177,left,NGIQ-BR-00000282,0.0
NGIQ-BR-00000177,left,NGIQ-BR-00000283,0.0
NGIQ-BR-00000177,left,NGIQ-BR-00000284,0.0
NGIQ-BR-00000177,left,NGIQ-BR-00000285,0.0
NGIQ-BR-00000177,left,NGIQ-BR-00000286,0.0
NGIQ-BR-00000177,left,NGIQ-BR-00000287,0.0
NGIQ-BR-00000177,left,NGIQ-BR-00000289,0.0
NGIQ-BR-00000177,left,NGIQ-BR-00000291,0.0
NGIQ-BR-00000177,left,NGIQ-BR-00000292,0.0
NGIQ-BR-00000177,left,NGIQ-BR-00000293,0.0
NGIQ-BR-00000177,left,NGIQ-BR-00000294,0.0
NGIQ-BR-00000177,left,NGIQ-BR-00000295,0.0
NGIQ-BR-00000177,left,NGIQ-BR-00000296,0.0
NGIQ-BR-00000177,left,NGIQ-BR-00000297,0.0
NGIQ-BR-00000177,left,NGIQ-BR-00000298,0.0
NGIQ-BR-00000179,left,NGIQ-BR-00000299,0.51836
NGIQ-BR-00000179,left,NGIQ-BR-00000284,0.08646
NGIQ-BR-00000179,left,NGIQ-BR-00000290,0.02636
NGIQ-BR-00000179,left,NGIQ-BR-00000269,0.0
NGIQ-BR-00000179,left,NGIQ-BR-00000270,0.0
NGIQ-BR-00000179,left,NGIQ-BR-00000271,0.0
NGIQ-BR-00000179,left,NGIQ-BR-00000272,0.0
NGIQ-BR-00000179,left,NGIQ-BR-00000273,0.0
NGIQ-BR-00000179,left,NGIQ-BR-00000274,0.0
NGIQ-BR-00000179,left,NGIQ-BR-00000275,0.0
NGIQ-BR-00000179,left,NGIQ-BR-00000276,0.0
NGIQ-BR-00000179,left,NGIQ-BR-00000277,0.0
NGIQ-BR-00000179,left,NGIQ-BR-00000278,0.0
NGIQ-BR-00000179,left,NGIQ-BR-00000279,0.0
NGIQ-BR-00000179,left,NGIQ-BR-00000280,0.0
NGIQ-BR-00000179,left,NGIQ-BR-00000281,0.0
NGIQ-BR-00000179,left,NGIQ-BR-00000282,0.0
NGIQ-BR-00000179,left,NGIQ-BR-00000283,0.0
NGIQ-BR-00000179,left,NGIQ-BR-00000285,0.0
NGIQ-BR-00000179,left,NGIQ-BR-00000286,0.0
NGIQ-BR-00000179,left,NGIQ-BR-00000287,0.0
NGIQ-BR-00000179,left,NGIQ-BR-00000288,0.0
NGIQ-BR-00000179,left,NGIQ-BR-00000289,0.0
NGIQ-BR-00000179,left,NGIQ-BR-00000291,0.0
NGIQ-BR-00000179,left,NGIQ-BR-00000292,0.0
NGIQ-BR-00000179,left,NGIQ-BR-00000293,0.0
NGIQ-BR-00000179,left,NGIQ-BR-00000294,0.0
NGIQ-BR-00000179,left,NGIQ-BR-00000295,0.0
NGIQ-BR-00000179,left,NGIQ-BR-00000296,0.0
NGIQ-BR-00000179,left,NGIQ-BR-00000297,0.0
NGIQ-BR-00000179,left,NGIQ-BR-00000298,0.0
NGIQ-BR-00000187,left,NGIQ-BR-00000276,0.42117
NGIQ-BR-00000187,left,NGIQ-BR-00000289,0.0254
NGIQ-BR-00000187,left,NGIQ-BR-00000291,0.0243
NGIQ-BR-00000187,left,NGIQ-BR-00000279,0.0008
NGIQ-BR-00000187,left,NGIQ-BR-00000269,0.0
NGIQ-BR-00000187,left,NGIQ-BR-00000270,0.0
NGIQ-BR-00000187,left,NGIQ-BR-00000271,0.0
NGIQ-BR-00000187,left,NGIQ-BR-00000272,0.0
NGIQ-BR-00000187,left,NGIQ-BR-00000273,0.0
NGIQ-BR-00000187,left,NGIQ-BR-00000274,0.0
NGIQ-BR-00000187,left,NGIQ-BR-00000275,0.0
NGIQ-BR-00000187,left,NGIQ-BR-00000277,0.0
NGIQ-BR-00000187,left,NGIQ-BR-00000278,0.0
NGIQ-BR-00000187,left,NGIQ-BR-00000280,0.0
NGIQ-BR-00000187,left,NGIQ-BR-00000281,0.0
NGIQ-BR-00000187,left,NGIQ-BR-00000282,0.0
NGIQ-BR-00000187,left,NGIQ-BR-00000283,0.0
NGIQ-BR-00000187,left,NGIQ-BR-00000284,0.0
NGIQ-BR-00000187,left,NGIQ-BR-00000285,0.0
NGIQ-BR-00000187,left,NGIQ-BR-00000286,0.0
NGIQ-BR-00000187,left,NGIQ-BR-00000287,0.0
NGIQ-BR-00000187,left,NGIQ-BR-00000288,0.0
NGIQ-BR-00000187,left,NGIQ-BR-00000290,0.0
NGIQ-BR-00000187,left,NGIQ-BR-00000292,0.0
NGIQ-BR-00000187,left,NGIQ-BR-00000293,0.0
NGIQ-BR-00000187,left,NGIQ-BR-00000294,0.0
NGIQ-BR-00000187,left,NGIQ-BR-00000295,0.0
NGIQ-BR-00000187,left,NGIQ-BR-00000296,0.0
NGIQ-BR-00000187,left,NGIQ-BR-00000297,0.0
NGIQ-BR-00000187,left,NGIQ-BR-00000298,0.0
NGIQ-BR-00000187,left,NGIQ-BR-00000299,0.0
NGIQ-BR-00000191,left,NGIQ-BR-00000289,0.28987
NGIQ-BR-00000191,left,NGIQ-BR-00000283,0.06554
NGIQ-BR-00000191,left,NGIQ-BR-00000291,0.01816
NGIQ-BR-00000191,left,NGIQ-BR-00000294,0.00101
NGIQ-BR-00000191,left,NGIQ-BR-00000269,0.0
NGIQ-BR-00000191,left,NGIQ-BR-00000270,0.0
NGIQ-BR-00000191,left,NGIQ-BR-00000271,0.0
NGIQ-BR-00000191,left,NGIQ-BR-00000272,0.0
NGIQ-BR-00000191,left,NGIQ-BR-00000273,0.0
NGIQ-BR-00000191,left,NGIQ-BR-00000274,0.0
NGIQ-BR-00000191,left,NGIQ-BR-00000275,0.0
NGIQ-BR-00000191,left,NGIQ-BR-00000276,0.0
NGIQ-BR-00000191,left,NGIQ-BR-00000277,0.0
NGIQ-BR-00000191,left,NGIQ-BR-00000278,0.0
NGIQ-BR-00000191,left,NGIQ-BR-00000279,0.0
NGIQ-BR-00000191,left,NGIQ-BR-00000280,0.0
NGIQ-BR-00000191,left,NGIQ-BR-00000281,0.0
NGIQ-BR-00000191,left,NGIQ-BR-00000282,0.0
NGIQ-BR-00000191,left,NGIQ-BR-00000284,0.0
NGIQ-BR-00000191,left,NGIQ-BR-00000285,0.0
NGIQ-BR-00000191,left,NGIQ-BR-00000286,0.0
NGIQ-BR-00000191,left,NGIQ-BR-00000287,0.0
NGIQ-BR-00000191,left,NGIQ-BR-00000288,0.0
NGIQ-BR-00000191,left,NGIQ-BR-00000290,0.0
NGIQ-BR-00000191,left,NGIQ-BR-00000292,0.0
NGIQ-BR-00000191,left,NGIQ-BR-00000293,0.0
NGIQ-BR-00000191,left,NGIQ-BR-00000295,0.0
NGIQ-BR-00000191,left,NGIQ-BR-00000296,0.0
NGIQ-BR-00000191,left,NGIQ-BR-00000297,0.0
NGIQ-BR-00000191,left,NGIQ-BR-00000298,0.0
NGIQ-BR-00000191,left,NGIQ-BR-00000299,0.0
NGIQ-BR-00000193,left,NGIQ-BR-00000292,0.25829
NGIQ-BR-00000193,left,NGIQ-BR-00000280,0.03002
NGIQ-BR-00000193,left,NGIQ-BR-00000294,0.0194
NGIQ-BR-00000193,left,NGIQ-BR-00000269,0.0
NGIQ-BR-00000193,left,NGIQ-BR-00000270,0.0
NGIQ-BR-00000193,left,NGIQ-BR-00000271,0.0
NGIQ-BR-00000193,left,NGIQ-BR-00000272,0.0
NGIQ-BR-00000193,left,NGIQ-BR-00000273,0.0
NGIQ-BR-00000193,left,NGIQ-BR-00000274,0.0
NGIQ-BR-00000193,left,NGIQ-BR-00000275,0.0
NGIQ-BR-00000193,left,NGIQ-BR-00000276,0.0
NGIQ-BR-00000193,left,NGIQ-BR-00000277,0.0
NGIQ-BR-00000193,left,NGIQ-BR-00000278,0.0
NGIQ-BR-00000193,left,NGIQ-BR-00000279,0.0
NGIQ-BR-00000193,left,NGIQ-BR-00000281,0.0
NGIQ-BR-00000193,left,NGIQ-BR-00000282,0.0
NGIQ-BR-00000193,left,NGIQ-BR-00000283,0.0
NGIQ-BR-00000193,left,NGIQ-BR-00000284,0.0
NGIQ-BR-00000193,left,NGIQ-BR-00000285,0.0
NGIQ-BR-00000193,left,NGIQ-BR-00000286,0.0
NGIQ-BR-00000193,left,NGIQ-BR-00000287,0.0
NGIQ-BR-00000193,left,NGIQ-BR-00000288,0.0
NGIQ-BR-00000193,left,NGIQ-BR-00000289,0.0
NGIQ-BR-00000193,left,NGIQ-BR-00000290,0.0
NGIQ-BR-00000193,left,NGIQ-BR-00000291,0.0
NGIQ-BR-00000193,left,NGIQ-BR-00000293,0.0
NGIQ-BR-00000193,left,NGIQ-BR-00000295,0.0
NGIQ-BR-00000193,left,NGIQ-BR-00000296,0.0
NGIQ-BR-00000193,left,NGIQ-BR-00000297,0.0
NGIQ-BR-00000193,left,NGIQ-BR-00000298,0.0
NGIQ-BR-00000193,left,NGIQ-BR-00000299,0.0
NGIQ-BR-00000199,left,NGIQ-BR-00000279,0.34142
NGIQ-BR-00000199,left,NGIQ-BR-00000273,0.00626
NGIQ-BR-00000199,left,NGIQ-BR-00000282,0.00265
NGIQ-BR-00000199,left,NGIQ-BR-00000269,0.0
NGIQ-BR-00000199,left,NGIQ-BR-00000270,0.0
NGIQ-BR-00000199,left,NGIQ-BR-00000271,0.0
NGIQ-BR-00000199,left,NGIQ-BR-00000272,0.0
NGIQ-BR-00000199,left,NGIQ-BR-00000274,0.0
NGIQ-BR-00000199,left,NGIQ-BR-00000275,0.0
NGIQ-BR-00000199,left,NGIQ-BR-00000276,0.0
NGIQ-BR-00000199,left,NGIQ-BR-00000277,0.0
NGIQ-BR-00000199,left,NGIQ-BR-00000278,0.0
NGIQ-BR-00000199,left,NGIQ-BR-00000280,0.0
NGIQ-BR-00000199,left,NGIQ-BR-00000281,0.0
NGIQ-BR-00000199,left,NGIQ-BR-00000283,0.0
NGIQ-BR-00000199,left,NGIQ-BR-00000284,0.0
NGIQ-BR-00000199,left,NGIQ-BR-00000285,0.0
NGIQ-BR-00000199,left,NGIQ-BR-00000286,0.0
NGIQ-BR-00000199,left,NGIQ-BR-00000287,0.0
NGIQ-BR-00000199,left,NGIQ-BR-00000288,0.0
NGIQ-BR-00000199,left,NGIQ-BR-00000289,0.0
NGIQ-BR-00000199,left,NGIQ-BR-00000290,0.0
NGIQ-BR-00000199,left,NGIQ-BR-00000291,0.0
NGIQ-BR-00000199,left,NGIQ-BR-00000292,0.0
NGIQ-BR-00000199,left,NGIQ-BR-00000293,0.0
NGIQ-BR-00000199,left,NGIQ-BR-00000294,0.0
NGIQ-BR-00000199,left,NGIQ-BR-00000295,0.0
NGIQ-BR-00000199,left,NGIQ-BR-00000296,0.0
NGIQ-BR-00000199,left,NGIQ-BR-00000297,0.0
NGIQ-BR-00000199,left,NGIQ-BR-00000298,0.0
NGIQ-BR-00000199,left,NGIQ-BR-00000299,0.0
NGIQ-BR-00000203,left,NGIQ-BR-00000277,0.19602
NGIQ-BR-00000203,left,NGIQ-BR-00000274,0.02673
NGIQ-BR-00000203,left,NGIQ-BR-00000295,0.00518
NGIQ-BR-00000203,left,NGIQ-BR-00000269,0.0
NGIQ-BR-00000203,left,NGIQ-BR-00000270,0.0
NGIQ-BR-00000203,left,NGIQ-BR-00000271,0.0
NGIQ-BR-00000203,left,NGIQ-BR-00000272,0.0
NGIQ-BR-00000203,left,NGIQ-BR-00000273,0.0
NGIQ-BR-00000203,left,NGIQ-BR-00000275,0.0
NGIQ-BR-00000203,left,NGIQ-BR-00000276,0.0
NGIQ-BR-00000203,left,NGIQ-BR-00000278,0.0
NGIQ-BR-00000203,left,NGIQ-BR-00000279,0.0
NGIQ-BR-00000203,left,NGIQ-BR-00000280,0.0
NGIQ-BR-00000203,left,NGIQ-BR-00000281,0.0
NGIQ-BR-00000203,left,NGIQ-BR-00000282,0.0
NGIQ-BR-00000203,left,NGIQ-BR-00000283,0.0
NGIQ-BR-00000203,left,NGIQ-BR-00000284,0.0
NGIQ-BR-00000203,left,NGIQ-BR-00000285,0.0
NGIQ-BR-00000203,left,NGIQ-BR-00000286,0.0
NGIQ-BR-00000203,left,NGIQ-BR-00000287,0.0
NGIQ-BR-00000203,left,NGIQ-BR-00000288,0.0
NGIQ-BR-00000203,left,NGIQ-BR-00000289,0.0
NGIQ-BR-00000203,left,NGIQ-BR-00000290,0.0
NGIQ-BR-00000203,left,NGIQ-BR-00000291,0.0
NGIQ-BR-00000203,left,NGIQ-BR-00000292,0.0
NGIQ-BR-00000203,left,NGIQ-BR-00000293,0.0
NGIQ-BR-00000203,left,NGIQ-BR-00000294,0.0
NGIQ-BR-00000203,left,NGIQ-BR-00000296,0.0
NGIQ-BR-00000203,left,NGIQ-BR-00000297,0.0
NGIQ-BR-00000203,left,NGIQ-BR-00000298,0.0
NGIQ-BR-00000203,left,NGIQ-BR-00000299,0.0
NGIQ-BR-00000205,left,NGIQ-BR-00000277,0.22085
NGIQ-BR-00000205,left,NGIQ-BR-00000274,0.03025
NGIQ-BR-00000205,left,NGIQ-BR-00000275,0.00549
NGIQ-BR-00000205,left,NGIQ-BR-00000281,0.00029
NGIQ-BR-00000205,left,NGIQ-BR-00000269,0.0
NGIQ-BR-00000205,left,NGIQ-BR-00000270,0.0
NGIQ-BR-00000205,left,NGIQ-BR-00000271,0.0
NGIQ-BR-00000205,left,NGIQ-BR-00000272,0.0
NGIQ-BR-00000205,left,NGIQ-BR-00000273,0.0
NGIQ-BR-00000205,left,NGIQ-BR-00000276,0.0
NGIQ-BR-00000205,left,NGIQ-BR-00000278,0.0
NGIQ-BR-00000205,left,NGIQ-BR-00000279,0.0
NGIQ-BR-00000205,left,NGIQ-BR-00000280,0.0
NGIQ-BR-00000205,left,NGIQ-BR-00000282,0.0
NGIQ-BR-00000205,left,NGIQ-BR-00000283,0.0
NGIQ-BR-00000205,left,NGIQ-BR-00000284,0.0
NGIQ-BR-00000205,left,NGIQ-BR-00000285,0.0
NGIQ-BR-00000205,left,NGIQ-BR-00000286,0.0
NGIQ-BR-00000205,left,NGIQ-BR-00000287,0.0
NGIQ-BR-00000205,left,NGIQ-BR-00000288,0.0
NGIQ-BR-00000205,left,NGIQ-BR-00000289,0.0
NGIQ-BR-00000205,left,NGIQ-BR-00000290,0.0
NGIQ-BR-00000205,left,NGIQ-BR-00000291,0.0
NGIQ-BR-00000205,left,NGIQ-BR-00000292,0.0
NGIQ-BR-00000205,left,NGIQ-BR-00000293,0.0
NGIQ-BR-00000205,left,NGIQ-BR-00000294,0.0
NGIQ-BR-00000205,left,NGIQ-BR-00000295,0.0
NGIQ-BR-00000205,left,NGIQ-BR-00000296,0.0
NGIQ-BR-00000205,left,NGIQ-BR-00000297,0.0
NGIQ-BR-00000205,left,NGIQ-BR-00000298,0.0
NGIQ-BR-00000205,left,NGIQ-BR-00000299,0.0
NGIQ-BR-00000207,left,NGIQ-BR-00000277,0.28415
NGIQ-BR-00000207,left,NGIQ-BR-00000287,0.0029
NGIQ-BR-00000207,left,NGIQ-BR-00000271,0.00139
NGIQ-BR-00000207,left,NGIQ-BR-00000295,0.00063
NGIQ-BR-00000207,left,NGIQ-BR-00000269,0.0
NGIQ-BR-00000207,left,NGIQ-BR-00000270,0.0
NGIQ-BR-00000207,left,NGIQ-BR-00000272,0.0
NGIQ-BR-00000207,left,NGIQ-BR-00000273,0.0
NGIQ-BR-00000207,left,NGIQ-BR-00000274,0.0
NGIQ-BR-00000207,left,NGIQ-BR-00000275,0.0
NGIQ-BR-00000207,left,NGIQ-BR-00000276,0.0
NGIQ-BR-00000207,left,NGIQ-BR-00000278,0.0
NGIQ-BR-00000207,left,NGIQ-BR-00000279,0.0
NGIQ-BR-00000207,left,NGIQ-BR-00000280,0.0
NGIQ-BR-00000207,left,NGIQ-BR-00000281,0.0
NGIQ-BR-00000207,left,NGIQ-BR-00000282,0.0
NGIQ-BR-00000207,left,NGIQ-BR-00000283,0.0
NGIQ-BR-00000207,left,NGIQ-BR-00000284,0.0
NGIQ-BR-00000207,left,NGIQ-BR-00000285,0.0
NGIQ-BR-00000207,left,NGIQ-BR-00000286,0.0
NGIQ-BR-00000207,left,NGIQ-BR-00000288,0.0
NGIQ-BR-00000207,left,NGIQ-BR-00000289,0.0
NGIQ-BR-00000207,left,NGIQ-BR-00000290,0.0
NGIQ-BR-00000207,left,NGIQ-BR-00000291,0.0
NGIQ-BR-00000207,left,NGIQ-BR-00000292,0.0
NGIQ-BR-00000207,left,NGIQ-BR-00000293,0.0
NGIQ-BR-00000207,left,NGIQ-BR-00000294,0.0
NGIQ-BR-00000207,left,NGIQ-BR-00000296,0.0
NGIQ-BR-00000207,left,NGIQ-BR-00000297,0.0
NGIQ-BR-00000207,left,NGIQ-BR-00000298,0.0
NGIQ-BR-00000207,left,NGIQ-BR-00000299,0.0
NGIQ-BR-00000209,left,NGIQ-BR-00000277,0.26879
NGIQ-BR-00000209,left,NGIQ-BR-00000273,0.00564
NGIQ-BR-00000209,left,NGIQ-BR-00000279,0.00415
NGIQ-BR-00000209,left,NGIQ-BR-00000269,0.0
NGIQ-BR-00000209,left,NGIQ-BR-00000270,0.0
NGIQ-BR-00000209,left,NGIQ-BR-00000271,0.0
NGIQ-BR-00000209,left,NGIQ-BR-00000272,0.0
NGIQ-BR-00000209,left,NGIQ-BR-00000274,0.0
NGIQ-BR-00000209,left,NGIQ-BR-00000275,0.0
NGIQ-BR-00000209,left,NGIQ-BR-00000276,0.0
NGIQ-BR-00000209,left,NGIQ-BR-00000278,0.0
NGIQ-BR-00000209,left,NGIQ-BR-00000280,0.0
NGIQ-BR-00000209,left,NGIQ-BR-00000281,0.0
NGIQ-BR-00000209,left,NGIQ-BR-00000282,0.0
NGIQ-BR-00000209,left,NGIQ-BR-00000283,0.0
NGIQ-BR-00000209,left,NGIQ-BR-00000284,0.0
NGIQ-BR-00000209,left,NGIQ-BR-00000285,0.0
NGIQ-BR-00000209,left,NGIQ-BR-00000286,0.0
NGIQ-BR-00000209,left,NGIQ-BR-00000287,0.0
NGIQ-BR-00000209,left,NGIQ-BR-00000288,0.0
NGIQ-BR-00000209,left,NGIQ-BR-00000289,0.0
NGIQ-BR-00000209,left,NGIQ-BR-00000290,0.0
NGIQ-BR-00000209,left,NGIQ-BR-00000291,0.0
NGIQ-BR-00000209,left,NGIQ-BR-00000292,0.0
NGIQ-BR-00000209,left,NGIQ-BR-00000293,0.0
NGIQ-BR-00000209,left,NGIQ-BR-00000294,0.0
NGIQ-BR-00000209,left,NGIQ-BR-00000295,0.0
NGIQ-BR-00000209,left,NGIQ-BR-00000296,0.0
NGIQ-BR-00000209,left,NGIQ-BR-00000297,0.0
NGIQ-BR-00000209,left,NGIQ-BR-00000298,0.0
NGIQ-BR-00000209,left,NGIQ-BR-00000299,0.0
NGIQ-BR-00000002,right,NGIQ-BR-00000325,0.49232
NGIQ-BR-00000002,right,NGIQ-BR-00000300,0.00511
NGIQ-BR-00000002,right,NGIQ-BR-00000320,0.00096
NGIQ-BR-00000002,right,NGIQ-BR-00000301,0.0
NGIQ-BR-00000002,right,NGIQ-BR-00000302,0.0
NGIQ-BR-00000002,right,NGIQ-BR-00000303,0.0
NGIQ-BR-00000002,right,NGIQ-BR-00000304,0.0
NGIQ-BR-00000002,right,NGIQ-BR-00000305,0.0
NGIQ-BR-00000002,right,NGIQ-BR-00000306,0.0
NGIQ-BR-00000002,right,NGIQ-BR-00000307,0.0
NGIQ-BR-00000002,right,NGIQ-BR-00000308,0.0
NGIQ-BR-00000002,right,NGIQ-BR-00000309,0.0
NGIQ-BR-00000002,right,NGIQ-BR-00000310,0.0
NGIQ-BR-00000002,right,NGIQ-BR-00000311,0.0
NGIQ-BR-00000002,right,NGIQ-BR-00000312,0.0
NGIQ-BR-00000002,right,NGIQ-BR-00000313,0.0
NGIQ-BR-00000002,right,NGIQ-BR-00000314,0.0
NGIQ-BR-00000002,right,NGIQ-BR-00000315,0.0
NGIQ-BR-00000002,right,NGIQ-BR-00000316,0.0
NGIQ-BR-00000002,right,NGIQ-BR-00000317,0.0
NGIQ-BR-00000002,right,NGIQ-BR-00000318,0.0
NGIQ-BR-00000002,right,NGIQ-BR-00000319,0.0
NGIQ-BR-00000002,right,NGIQ-BR-00000321,0.0
NGIQ-BR-00000002,right,NGIQ-BR-00000322,0.0
NGIQ-BR-00000002,right,NGIQ-BR-00000323,0.0
NGIQ-BR-00000002,right,NGIQ-BR-00000324,0.0
NGIQ-BR-00000002,right,NGIQ-BR-00000326,0.0
NGIQ-BR-00000002,right,NGIQ-BR-00000327,0.0
NGIQ-BR-00000002,right,NGIQ-BR-00000328,0.0
NGIQ-BR-00000002,right,NGIQ-BR-00000329,0.0
NGIQ-BR-00000002,right,NGIQ-BR-00000330,0.0
NGIQ-BR-00000004,right,NGIQ-BR-00000315,0.17877
NGIQ-BR-00000004,right,NGIQ-BR-00000324,0.02739
NGIQ-BR-00000004,right,NGIQ-BR-00000321,0.00288
NGIQ-BR-00000004,right,NGIQ-BR-00000301,0.00121
NGIQ-BR-00000004,right,NGIQ-BR-00000300,0.0
NGIQ-BR-00000004,right,NGIQ-BR-00000302,0.0
NGIQ-BR-00000004,right,NGIQ-BR-00000303,0.0
NGIQ-BR-00000004,right,NGIQ-BR-00000304,0.0
NGIQ-BR-00000004,right,NGIQ-BR-00000305,0.0
NGIQ-BR-00000004,right,NGIQ-BR-00000306,0.0
NGIQ-BR-00000004,right,NGIQ-BR-00000307,0.0
NGIQ-BR-00000004,right,NGIQ-BR-00000308,0.0
NGIQ-BR-00000004,right,NGIQ-BR-00000309,0.0
NGIQ-BR-00000004,right,NGIQ-BR-00000310,0.0
NGIQ-BR-00000004,right,NGIQ-BR-00000311,0.0
NGIQ-BR-00000004,right,NGIQ-BR-00000312,0.0
NGIQ-BR-00000004,right,NGIQ-BR-00000313,0.0
NGIQ-BR-00000004,right,NGIQ-BR-00000314,0.0
NGIQ-BR-00000004,right,NGIQ-BR-00000316,0.0
NGIQ-BR-00000004,right,NGIQ-BR-00000317,0.0
NGIQ-BR-00000004,right,NGIQ-BR-00000318,0.0
NGIQ-BR-00000004,right,NGIQ-BR-00000319,0.0
NGIQ-BR-00000004,right,NGIQ-BR-00000320,0.0
NGIQ-BR-00000004,right,NGIQ-BR-00000322,0.0
NGIQ-BR-00000004,right,NGIQ-BR-00000323,0.0
NGIQ-BR-00000004,right,NGIQ-BR-00000325,0.0
NGIQ-BR-00000004,right,NGIQ-BR-00000326,0.0
NGIQ-BR-00000004,right,NGIQ-BR-00000327,0.0
NGIQ-BR-00000004,right,NGIQ-BR-00000328,0.0
NGIQ-BR-00000004,right,NGIQ-BR-00000329,0.0
NGIQ-BR-00000004,right,NGIQ-BR-00000330,0.0
NGIQ-BR-00000008,right,NGIQ-BR-00000312,0.48975
NGIQ-BR-00000008,right,NGIQ-BR-00000306,0.0032
NGIQ-BR-00000008,right,NGIQ-BR-00000300,0.0
NGIQ-BR-00000008,right,NGIQ-BR-00000301,0.0
NGIQ-BR-00000008,right,NGIQ-BR-00000302,0.0
NGIQ-BR-00000008,right,NGIQ-BR-00000303,0.0
NGIQ-BR-00000008,right,NGIQ-BR-00000304,0.0
NGIQ-BR-00000008,right,NGIQ-BR-00000305,0.0
NGIQ-BR-00000008,right,NGIQ-BR-00000307,0.0
NGIQ-BR-00000008,right,NGIQ-BR-00000308,0.0
NGIQ-BR-00000008,right,NGIQ-BR-00000309,0.0
NGIQ-BR-00000008,right,NGIQ-BR-00000310,0.0
NGIQ-BR-00000008,right,NGIQ-BR-00000311,0.0
NGIQ-BR-00000008,right,NGIQ-BR-00000313,0.0
NGIQ-BR-00000008,right,NGIQ-BR-00000314,0.0
NGIQ-BR-00000008,right,NGIQ-BR-00000315,0.0
NGIQ-BR-00000008,right,NGIQ-BR-00000316,0.0
NGIQ-BR-00000008,right,NGIQ-BR-00000317,0.0
NGIQ-BR-00000008,right,NGIQ-BR-00000318,0.0
NGIQ-BR-00000008,right,NGIQ-BR-00000319,0.0
NGIQ-BR-00000008,right,NGIQ-BR-00000320,0.0
NGIQ-BR-00000008,right,NGIQ-BR-00000321,0.0
NGIQ-BR-00000008,right,NGIQ-BR-00000322,0.0
NGIQ-BR-00000008,right,NGIQ-BR-00000323,0.0
NGIQ-BR-00000008,right,NGIQ-BR-00000324,0.0
NGIQ-BR-00000008,right,NGIQ-BR-00000325,0.0
NGIQ-BR-00000008,right,NGIQ-BR-00000326,0.0
NGIQ-BR-00000008,right,NGIQ-BR-00000327,0.0
NGIQ-BR-00000008,right,NGIQ-BR-00000328,0.0
NGIQ-BR-00000008,right,NGIQ-BR-00000329,0.0
NGIQ-BR-00000008,right,NGIQ-BR-00000330,0.0
NGIQ-BR-00000010,right,NGIQ-BR-00000326,0.30555
NGIQ-BR-00000010,right,NGIQ-BR-00000322,0.0021
NGIQ-BR-00000010,right,NGIQ-BR-00000300,0.0
NGIQ-BR-00000010,right,NGIQ-BR-00000301,0.0
NGIQ-BR-00000010,right,NGIQ-BR-00000302,0.0
NGIQ-BR-00000010,right,NGIQ-BR-00000303,0.0
NGIQ-BR-00000010,right,NGIQ-BR-00000304,0.0
NGIQ-BR-00000010,right,NGIQ-BR-00000305,0.0
NGIQ-BR-00000010,right,NGIQ-BR-00000306,0.0
NGIQ-BR-00000010,right,NGIQ-BR-00000307,0.0
NGIQ-BR-00000010,right,NGIQ-BR-00000308,0.0
NGIQ-BR-00000010,right,NGIQ-BR-00000309,0.0
NGIQ-BR-00000010,right,NGIQ-BR-00000310,0.0
NGIQ-BR-00000010,right,NGIQ-BR-00000311,0.0
NGIQ-BR-00000010,right,NGIQ-BR-00000312,0.0
NGIQ-BR-00000010,right,NGIQ-BR-00000313,0.0
NGIQ-BR-00000010,right,NGIQ-BR-00000314,0.0
NGIQ-BR-00000010,right,NGIQ-BR-00000315,0.0
NGIQ-BR-00000010,right,NGIQ-BR-00000316,0.0
NGIQ-BR-00000010,right,NGIQ-BR-00000317,0.0
NGIQ-BR-00000010,right,NGIQ-BR-00000318,0.0
NGIQ-BR-00000010,right,NGIQ-BR-00000319,0.0
NGIQ-BR-00000010,right,NGIQ-BR-00000320,0.0
NGIQ-BR-00000010,right,NGIQ-BR-00000321,0.0
NGIQ-BR-00000010,right,NGIQ-BR-00000323,0.0
NGIQ-BR-00000010,right,NGIQ-BR-00000324,0.0
NGIQ-BR-00000010,right,NGIQ-BR-00000325,0.0
NGIQ-BR-00000010,right,NGIQ-BR-00000327,0.0
NGIQ-BR-00000010,right,NGIQ-BR-00000328,0.0
NGIQ-BR-00000010,right,NGIQ-BR-00000329,0.0
NGIQ-BR-00000010,right,NGIQ-BR-00000330,0.0
NGIQ-BR-00000012,right,NGIQ-BR-00000305,0.28303
NGIQ-BR-00000012,right,NGIQ-BR-00000312,0.0044
NGIQ-BR-00000012,right,NGIQ-BR-00000308,0.00072
NGIQ-BR-00000012,right,NGIQ-BR-00000306,8e-05
NGIQ-BR-00000012,right,NGIQ-BR-00000300,0.0
NGIQ-BR-00000012,right,NGIQ-BR-00000301,0.0
NGIQ-BR-00000012,right,NGIQ-BR-00000302,0.0
NGIQ-BR-00000012,right,NGIQ-BR-00000303,0.0
NGIQ-BR-00000012,right,NGIQ-BR-00000304,0.0
NGIQ-BR-00000012,right,NGIQ-BR-00000307,0.0
NGIQ-BR-00000012,right,NGIQ-BR-00000309,0.0
NGIQ-BR-00000012,right,NGIQ-BR-00000310,0.0
NGIQ-BR-00000012,right,NGIQ-BR-00000311,0.0
NGIQ-BR-00000012,right,NGIQ-BR-00000313,0.0
NGIQ-BR-00000012,right,NGIQ-BR-00000314,0.0
NGIQ-BR-00000012,right,NGIQ-BR-00000315,0.0
NGIQ-BR-00000012,right,NGIQ-BR-00000316,0.0
NGIQ-BR-00000012,right,NGIQ-BR-00000317,0.0
NGIQ-BR-00000012,right,NGIQ-BR-00000318,0.0
NGIQ-BR-00000012,right,NGIQ-BR-00000319,0.0
NGIQ-BR-00000012,right,NGIQ-BR-00000320,0.0
NGIQ-BR-00000012,right,NGIQ-BR-00000321,0.0
NGIQ-BR-00000012,right,NGIQ-BR-00000322,0.0
NGIQ-BR-00000012,right,NGIQ-BR-00000323,0.0
NGIQ-BR-00000012,right,NGIQ-BR-00000324,0.0
NGIQ-BR-00000012,right,NGIQ-BR-00000325,0.0
NGIQ-BR-00000012,right,NGIQ-BR-00000326,0.0
NGIQ-BR-00000012,right,NGIQ-BR-00000327,0.0
NGIQ-BR-00000012,right,NGIQ-BR-00000328,0.0
NGIQ-BR-00000012,right,NGIQ-BR-00000329,0.0
NGIQ-BR-00000012,right,NGIQ-BR-00000330,0.0
NGIQ-BR-00000014,right,NGIQ-BR-00000330,0.55426
NGIQ-BR-00000014,right,NGIQ-BR-00000329,0.01959
NGIQ-BR-00000014,right,NGIQ-BR-00000328,0.01204
NGIQ-BR-00000014,right,NGIQ-BR-00000327,0.00199
NGIQ-BR-00000014,right,NGIQ-BR-00000300,0.0
NGIQ-BR-00000014,right,NGIQ-BR-00000301,0.0
NGIQ-BR-00000014,right,NGIQ-BR-00000302,0.0
NGIQ-BR-00000014,right,NGIQ-BR-00000303,0.0
NGIQ-BR-00000014,right,NGIQ-BR-00000304,0.0
NGIQ-BR-00000014,right,NGIQ-BR-00000305,0.0
NGIQ-BR-00000014,right,NGIQ-BR-00000306,0.0
NGIQ-BR-00000014,right,NGIQ-BR-00000307,0.0
NGIQ-BR-00000014,right,NGIQ-BR-00000308,0.0
NGIQ-BR-00000014,right,NGIQ-BR-00000309,0.0
NGIQ-BR-00000014,right,NGIQ-BR-00000310,0.0
NGIQ-BR-00000014,right,NGIQ-BR-00000311,0.0
NGIQ-BR-00000014,right,NGIQ-BR-00000312,0.0
NGIQ-BR-00000014,right,NGIQ-BR-00000313,0.0
NGIQ-BR-00000014,right,NGIQ-BR-00000314,0.0
NGIQ-BR-00000014,right,NGIQ-BR-00000315,0.0
NGIQ-BR-00000014,right,NGIQ-BR-00000316,0.0
NGIQ-BR-00000014,right,NGIQ-BR-00000317,0.0
NGIQ-BR-00000014,right,NGIQ-BR-00000318,0.0
NGIQ-BR-00000014,right,NGIQ-BR-00000319,0.0
NGIQ-BR-00000014,right,NGIQ-BR-00000320,0.0
NGIQ-BR-00000014,right,NGIQ-BR-00000321,0.0
NGIQ-BR-00000014,right,NGIQ-BR-00000322,0.0
NGIQ-BR-00000014,right,NGIQ-BR-00000323,0.0
NGIQ-BR-00000014,right,NGIQ-BR-00000324,0.0
NGIQ-BR-00000014,right,NGIQ-BR-00000325,0.0
NGIQ-BR-00000014,right,NGIQ-BR-00000326,0.0
NGIQ-BR-00000016,right,NGIQ-BR-00000310,0.23109
NGIQ-BR-00000016,right,NGIQ-BR-00000318,0.03558
NGIQ-BR-00000016,right,NGIQ-BR-00000308,0.01456
NGIQ-BR-00000016,right,NGIQ-BR-00000300,0.0
NGIQ-BR-00000016,right,NGIQ-BR-00000301,0.0
NGIQ-BR-00000016,right,NGIQ-BR-00000302,0.0
NGIQ-BR-00000016,right,NGIQ-BR-00000303,0.0
NGIQ-BR-00000016,right,NGIQ-BR-00000304,0.0
NGIQ-BR-00000016,right,NGIQ-BR-00000305,0.0
NGIQ-BR-00000016,right,NGIQ-BR-00000306,0.0
NGIQ-BR-00000016,right,NGIQ-BR-00000307,0.0
NGIQ-BR-00000016,right,NGIQ-BR-00000309,0.0
NGIQ-BR-00000016,right,NGIQ-BR-00000311,0.0
NGIQ-BR-00000016,right,NGIQ-BR-00000312,0.0
NGIQ-BR-00000016,right,NGIQ-BR-00000313,0.0
NGIQ-BR-00000016,right,NGIQ-BR-00000314,0.0
NGIQ-BR-00000016,right,NGIQ-BR-00000315,0.0
NGIQ-BR-00000016,right,NGIQ-BR-00000316,0.0
NGIQ-BR-00000016,right,NGIQ-BR-00000317,0.0
NGIQ-BR-00000016,right,NGIQ-BR-00000319,0.0
NGIQ-BR-00000016,right,NGIQ-BR-00000320,0.0
NGIQ-BR-00000016,right,NGIQ-BR-00000321,0.0
NGIQ-BR-00000016,right,NGIQ-BR-00000322,0.0
NGIQ-BR-00000016,right,NGIQ-BR-00000323,0.0
NGIQ-BR-00000016,right,NGIQ-BR-00000324,0.0
NGIQ-BR-00000016,right,NGIQ-BR-00000325,0.0
NGIQ-BR-00000016,right,NGIQ-BR-00000326,0.0
NGIQ-BR-00000016,right,NGIQ-BR-00000327,0.0
NGIQ-BR-00000016,right,NGIQ-BR-00000328,0.0
NGIQ-BR-00000016,right,NGIQ-BR-00000329,0.0
NGIQ-BR-00000016,right,NGIQ-BR-00000330,0.0
NGIQ-BR-00000022,right,NGIQ-BR-00000325,0.40011
NGIQ-BR-00000022,right,NGIQ-BR-00000301,0.00914
NGIQ-BR-00000022,right,NGIQ-BR-00000324,0.00346
NGIQ-BR-00000022,right,NGIQ-BR-00000300,0.0
NGIQ-BR-00000022,right,NGIQ-BR-00000302,0.0
NGIQ-BR-00000022,right,NGIQ-BR-00000303,0.0
NGIQ-BR-00000022,right,NGIQ-BR-00000304,0.0
NGIQ-BR-00000022,right,NGIQ-BR-00000305,0.0
NGIQ-BR-00000022,right,NGIQ-BR-00000306,0.0
NGIQ-BR-00000022,right,NGIQ-BR-00000307,0.0
NGIQ-BR-00000022,right,NGIQ-BR-00000308,0.0
NGIQ-BR-00000022,right,NGIQ-BR-00000309,0.0
NGIQ-BR-00000022,right,NGIQ-BR-00000310,0.0
NGIQ-BR-00000022,right,NGIQ-BR-00000311,0.0
NGIQ-BR-00000022,right,NGIQ-BR-00000312,0.0
NGIQ-BR-00000022,right,NGIQ-BR-00000313,0.0
NGIQ-BR-00000022,right,NGIQ-BR-00000314,0.0
NGIQ-BR-00000022,right,NGIQ-BR-00000315,0.0
NGIQ-BR-00000022,right,NGIQ-BR-00000316,0.0
NGIQ-BR-00000022,right,NGIQ-BR-00000317,0.0
NGIQ-BR-00000022,right,NGIQ-BR-00000318,0.0
NGIQ-BR-00000022,right,NGIQ-BR-00000319,0.0
NGIQ-BR-00000022,right,NGIQ-BR-00000320,0.0
NGIQ-BR-00000022,right,NGIQ-BR-00000321,0.0
NGIQ-BR-00000022,right,NGIQ-BR-00000322,0.0
NGIQ-BR-00000022,right,NGIQ-BR-00000323,0.0
NGIQ-BR-00000022,right,NGIQ-BR-00000326,0.0
NGIQ-BR-00000022,right,NGIQ-BR-00000327,0.0
NGIQ-BR-00000022,right,NGIQ-BR-00000328,0.0
NGIQ-BR-00000022,right,NGIQ-BR-00000329,0.0
NGIQ-BR-00000022,right,NGIQ-BR-00000330,0.0
NGIQ-BR-00000024,right,NGIQ-BR-00000325,0.61358
NGIQ-BR-00000024,right,NGIQ-BR-00000324,0.00123
NGIQ-BR-00000024,right,NGIQ-BR-00000300,0.0
NGIQ-BR-00000024,right,NGIQ-BR-00000301,0.0
NGIQ-BR-00000024,right,NGIQ-BR-00000302,0.0
NGIQ-BR-00000024,right,NGIQ-BR-00000303,0.0
NGIQ-BR-00000024,right,NGIQ-BR-00000304,0.0
NGIQ-BR-00000024,right,NGIQ-BR-00000305,0.0
NGIQ-BR-00000024,right,NGIQ-BR-00000306,0.0
NGIQ-BR-00000024,right,NGIQ-BR-00000307,0.0
NGIQ-BR-00000024,right,NGIQ-BR-00000308,0.0
NGIQ-BR-00000024,right,NGIQ-BR-00000309,0.0
NGIQ-BR-00000024,right,NGIQ-BR-00000310,0.0
NGIQ-BR-00000024,right,NGIQ-BR-00000311,0.0
NGIQ-BR-00000024,right,NGIQ-BR-00000312,0.0
NGIQ-BR-00000024,right,NGIQ-BR-00000313,0.0
NGIQ-BR-00000024,right,NGIQ-BR-00000314,0.0
NGIQ-BR-00000024,right,NGIQ-BR-00000315,0.0
NGIQ-BR-00000024,right,NGIQ-BR-00000316,0.0
NGIQ-BR-00000024,right,NGIQ-BR-00000317,0.0
NGIQ-BR-00000024,right,NGIQ-BR-00000318,0.0
NGIQ-BR-00000024,right,NGIQ-BR-00000319,0.0
NGIQ-BR-00000024,right,NGIQ-BR-00000320,0.0
NGIQ-BR-00000024,right,NGIQ-BR-00000321,0.0
NGIQ-BR-00000024,right,NGIQ-BR-00000322,0.0
NGIQ-BR-00000024,right,NGIQ-BR-00000323,0.0
NGIQ-BR-00000024,right,NGIQ-BR-00000326,0.0
NGIQ-BR-00000024,right,NGIQ-BR-00000327,0.0
NGIQ-BR-00000024,right,NGIQ-BR-00000328,0.0
NGIQ-BR-00000024,right,NGIQ-BR-00000329,0.0
NGIQ-BR-00000024,right,NGIQ-BR-00000330,0.0
NGIQ-BR-00000026,right,NGIQ-BR-00000325,0.47726
NGIQ-BR-00000026,right,NGIQ-BR-00000301,0.00876
NGIQ-BR-00000026,right,NGIQ-BR-00000300,0.0
NGIQ-BR-00000026,right,NGIQ-BR-00000302,0.0
NGIQ-BR-00000026,right,NGIQ-BR-00000303,0.0
NGIQ-BR-00000026,right,NGIQ-BR-00000304,0.0
NGIQ-BR-00000026,right,NGIQ-BR-00000305,0.0
NGIQ-BR-00000026,right,NGIQ-BR-00000306,0.0
NGIQ-BR-00000026,right,NGIQ-BR-00000307,0.0
NGIQ-BR-00000026,right,NGIQ-BR-00000308,0.0
NGIQ-BR-00000026,right,NGIQ-BR-00000309,0.0
NGIQ-BR-00000026,right,NGIQ-BR-00000310,0.0
NGIQ-BR-00000026,right,NGIQ-BR-00000311,0.0
NGIQ-BR-00000026,right,NGIQ-BR-00000312,0.0
NGIQ-BR-00000026,right,NGIQ-BR-00000313,0.0
NGIQ-BR-00000026,right,NGIQ-BR-00000314,0.0
NGIQ-BR-00000026,right,NGIQ-BR-00000315,0.0
NGIQ-BR-00000026,right,NGIQ-BR-00000316,0.0
NGIQ-BR-00000026,right,NGIQ-BR-00000317,0.0
NGIQ-BR-00000026,right,NGIQ-BR-00000318,0.0
NGIQ-BR-00000026,right,NGIQ-BR-00000319,0.0
NGIQ-BR-00000026,right,NGIQ-BR-00000320,0.0
NGIQ-BR-00000026,right,NGIQ-BR-00000321,0.0
NGIQ-BR-00000026,right,NGIQ-BR-00000322,0.0
NGIQ-BR-00000026,right,NGIQ-BR-00000323,0.0
NGIQ-BR-00000026,right,NGIQ-BR-00000324,0.0
NGIQ-BR-00000026,right,NGIQ-BR-00000326,0.0
NGIQ-BR-00000026,right,NGIQ-BR-00000327,0.0
NGIQ-BR-00000026,right,NGIQ-BR-00000328,0.0
NGIQ-BR-00000026,right,NGIQ-BR-00000329,0.0
NGIQ-BR-00000026,right,NGIQ-BR-00000330,0.0
NGIQ-BR-00000028,right,NGIQ-BR-00000325,0.25885
NGIQ-BR-00000028,right,NGIQ-BR-00000314,0.06667
NGIQ-BR-00000028,right,NGIQ-BR-00000321,0.01242
NGIQ-BR-00000028,right,NGIQ-BR-00000320,0.0065
NGIQ-BR-00000028,right,NGIQ-BR-00000300,0.0
NGIQ-BR-00000028,right,NGIQ-BR-00000301,0.0
NGIQ-BR-00000028,right,NGIQ-BR-00000302,0.0
NGIQ-BR-00000028,right,NGIQ-BR-00000303,0.0
NGIQ-BR-00000028,right,NGIQ-BR-00000304,0.0
NGIQ-BR-00000028,right,NGIQ-BR-00000305,0.0
NGIQ-BR-00000028,right,NGIQ-BR-00000306,0.0
NGIQ-BR-00000028,right,NGIQ-BR-00000307,0.0
NGIQ-BR-00000028,right,NGIQ-BR-00000308,0.0
NGIQ-BR-00000028,right,NGIQ-BR-00000309,0.0
NGIQ-BR-00000028,right,NGIQ-BR-00000310,0.0
NGIQ-BR-00000028,right,NGIQ-BR-00000311,0.0
NGIQ-BR-00000028,right,NGIQ-BR-00000312,0.0
NGIQ-BR-00000028,right,NGIQ-BR-00000313,0.0
NGIQ-BR-00000028,right,NGIQ-BR-00000315,0.0
NGIQ-BR-00000028,right,NGIQ-BR-00000316,0.0
NGIQ-BR-00000028,right,NGIQ-BR-00000317,0.0
NGIQ-BR-00000028,right,NGIQ-BR-00000318,0.0
NGIQ-BR-00000028,right,NGIQ-BR-00000319,0.0
NGIQ-BR-00000028,right,NGIQ-BR-00000322,0.0
NGIQ-BR-00000028,right,NGIQ-BR-00000323,0.0
NGIQ-BR-00000028,right,NGIQ-BR-00000324,0.0
NGIQ-BR-00000028,right,NGIQ-BR-00000326,0.0
NGIQ-BR-00000028,right,NGIQ-BR-00000327,0.0
NGIQ-BR-00000028,right,NGIQ-BR-00000328,0.0
NGIQ-BR-00000028,right,NGIQ-BR-00000329,0.0
NGIQ-BR-00000028,right,NGIQ-BR-00000330,0.0
NGIQ-BR-00000030,right,NGIQ-BR-00000325,0.50152
NGIQ-BR-00000030,right,NGIQ-BR-00000300,0.00413
NGIQ-BR-00000030,right,NGIQ-BR-00000323,0.0018
NGIQ-BR-00000030,right,NGIQ-BR-00000301,0.0
NGIQ-BR-00000030,right,NGIQ-BR-00000302,0.0
NGIQ-BR-00000030,right,NGIQ-BR-00000303,0.0
NGIQ-BR-00000030,right,NGIQ-BR-00000304,0.0
NGIQ-BR-00000030,right,NGIQ-BR-00000305,0.0
NGIQ-BR-00000030,right,NGIQ-BR-00000306,0.0
NGIQ-BR-00000030,right,NGIQ-BR-00000307,0.0
NGIQ-BR-00000030,right,NGIQ-BR-00000308,0.0
NGIQ-BR-00000030,right,NGIQ-BR-00000309,0.0
NGIQ-BR-00000030,right,NGIQ-BR-00000310,0.0
NGIQ-BR-00000030,right,NGIQ-BR-00000311,0.0
NGIQ-BR-00000030,right,NGIQ-BR-00000312,0.0
NGIQ-BR-00000030,right,NGIQ-BR-00000313,0.0
NGIQ-BR-00000030,right,NGIQ-BR-00000314,0.0
NGIQ-BR-00000030,right,NGIQ-BR-00000315,0.0
NGIQ-BR-00000030,right,NGIQ-BR-00000316,0.0
NGIQ-BR-00000030,right,NGIQ-BR-00000317,0.0
NGIQ-BR-00000030,right,NGIQ-BR-00000318,0.0
NGIQ-BR-00000030,right,NGIQ-BR-00000319,0.0
NGIQ-BR-00000030,right,NGIQ-BR-00000320,0.0
NGIQ-BR-00000030,right,NGIQ-BR-00000321,0.0
NGIQ-BR-00000030,right,NGIQ-BR-00000322,0.0
NGIQ-BR-00000030,right,NGIQ-BR-00000324,0.0
NGIQ-BR-00000030,right,NGIQ-BR-00000326,0.0
NGIQ-BR-00000030,right,NGIQ-BR-00000327,0.0
NGIQ-BR-00000030,right,NGIQ-BR-00000328,0.0
NGIQ-BR-00000030,right,NGIQ-BR-00000329,0.0
NGIQ-BR-00000030,right,NGIQ-BR-00000330,0.0
NGIQ-BR-00000032,right,NGIQ-BR-00000325,0.46382
NGIQ-BR-00000032,right,NGIQ-BR-00000323,0.00229
NGIQ-BR-00000032,right,NGIQ-BR-00000300,0.0
NGIQ-BR-00000032,right,NGIQ-BR-00000301,0.0
NGIQ-BR-00000032,right,NGIQ-BR-00000302,0.0
NGIQ-BR-00000032,right,NGIQ-BR-00000303,0.0
NGIQ-BR-00000032,right,NGIQ-BR-00000304,0.0
NGIQ-BR-00000032,right,NGIQ-BR-00000305,0.0
NGIQ-BR-00000032,right,NGIQ-BR-00000306,0.0
NGIQ-BR-00000032,right,NGIQ-BR-00000307,0.0
NGIQ-BR-00000032,right,NGIQ-BR-00000308,0.0
NGIQ-BR-00000032,right,NGIQ-BR-00000309,0.0
NGIQ-BR-00000032,right,NGIQ-BR-00000310,0.0
NGIQ-BR-00000032,right,NGIQ-BR-00000311,0.0
NGIQ-BR-00000032,right,NGIQ-BR-00000312,0.0
NGIQ-BR-00000032,right,NGIQ-BR-00000313,0.0
NGIQ-BR-00000032,right,NGIQ-BR-00000314,0.0
NGIQ-BR-00000032,right,NGIQ-BR-00000315,0.0
NGIQ-BR-00000032,right,NGIQ-BR-00000316,0.0
NGIQ-BR-00000032,right,NGIQ-BR-00000317,0.0
NGIQ-BR-00000032,right,NGIQ-BR-00000318,0.0
NGIQ-BR-00000032,right,NGIQ-BR-00000319,0.0
NGIQ-BR-00000032,right,NGIQ-BR-00000320,0.0
NGIQ-BR-00000032,right,NGIQ-BR-00000321,0.0
NGIQ-BR-00000032,right,NGIQ-BR-00000322,0.0
NGIQ-BR-00000032,right,NGIQ-BR-00000324,0.0
NGIQ-BR-00000032,right,NGIQ-BR-00000326,0.0
NGIQ-BR-00000032,right,NGIQ-BR-00000327,0.0
NGIQ-BR-00000032,right,NGIQ-BR-00000328,0.0
NGIQ-BR-00000032,right,NGIQ-BR-00000329,0.0
NGIQ-BR-00000032,right,NGIQ-BR-00000330,0.0
NGIQ-BR-00000034,right,NGIQ-BR-00000324,0.22533
NGIQ-BR-00000034,right,NGIQ-BR-00000301,0.04505
NGIQ-BR-00000034,right,NGIQ-BR-00000325,0.01399
NGIQ-BR-00000034,right,NGIQ-BR-00000300,0.0
NGIQ-BR-00000034,right,NGIQ-BR-00000302,0.0
NGIQ-BR-00000034,right,NGIQ-BR-00000303,0.0
NGIQ-BR-00000034,right,NGIQ-BR-00000304,0.0
NGIQ-BR-00000034,right,NGIQ-BR-00000305,0.0
NGIQ-BR-00000034,right,NGIQ-BR-00000306,0.0
NGIQ-BR-00000034,right,NGIQ-BR-00000307,0.0
NGIQ-BR-00000034,right,NGIQ-BR-00000308,0.0
NGIQ-BR-00000034,right,NGIQ-BR-00000309,0.0
NGIQ-BR-00000034,right,NGIQ-BR-00000310,0.0
NGIQ-BR-00000034,right,NGIQ-BR-00000311,0.0
NGIQ-BR-00000034,right,NGIQ-BR-00000312,0.0
NGIQ-BR-00000034,right,NGIQ-BR-00000313,0.0
NGIQ-BR-00000034,right,NGIQ-BR-00000314,0.0
NGIQ-BR-00000034,right,NGIQ-BR-00000315,0.0
NGIQ-BR-00000034,right,NGIQ-BR-00000316,0.0
NGIQ-BR-00000034,right,NGIQ-BR-00000317,0.0
NGIQ-BR-00000034,right,NGIQ-BR-00000318,0.0
NGIQ-BR-00000034,right,NGIQ-BR-00000319,0.0
NGIQ-BR-00000034,right,NGIQ-BR-00000320,0.0
NGIQ-BR-00000034,right,NGIQ-BR-00000321,0.0
NGIQ-BR-00000034,right,NGIQ-BR-00000322,0.0
NGIQ-BR-00000034,right,NGIQ-BR-00000323,0.0
NGIQ-BR-00000034,right,NGIQ-BR-00000326,0.0
NGIQ-BR-00000034,right,NGIQ-BR-00000327,0.0
NGIQ-BR-00000034,right,NGIQ-BR-00000328,0.0
NGIQ-BR-00000034,right,NGIQ-BR-00000329,0.0
NGIQ-BR-00000034,right,NGIQ-BR-00000330,0.0
NGIQ-BR-00000036,right,NGIQ-BR-00000301,0.14941
NGIQ-BR-00000036,right,NGIQ-BR-00000321,0.01558
NGIQ-BR-00000036,right,NGIQ-BR-00000324,0.0123
NGIQ-BR-00000036,right,NGIQ-BR-00000300,0.0
NGIQ-BR-00000036,right,NGIQ-BR-00000302,0.0
NGIQ-BR-00000036,right,NGIQ-BR-00000303,0.0
NGIQ-BR-00000036,right,NGIQ-BR-00000304,0.0
NGIQ-BR-00000036,right,NGIQ-BR-00000305,0.0
NGIQ-BR-00000036,right,NGIQ-BR-00000306,0.0
NGIQ-BR-00000036,right,NGIQ-BR-00000307,0.0
NGIQ-BR-00000036,right,NGIQ-BR-00000308,0.0
NGIQ-BR-00000036,right,NGIQ-BR-00000309,0.0
NGIQ-BR-00000036,right,NGIQ-BR-00000310,0.0
NGIQ-BR-00000036,right,NGIQ-BR-00000311,0.0
NGIQ-BR-00000036,right,NGIQ-BR-00000312,0.0
NGIQ-BR-00000036,right,NGIQ-BR-00000313,0.0
NGIQ-BR-00000036,right,NGIQ-BR-00000314,0.0
NGIQ-BR-00000036,right,NGIQ-BR-00000315,0.0
NGIQ-BR-00000036,right,NGIQ-BR-00000316,0.0
NGIQ-BR-00000036,right,NGIQ-BR-00000317,0.0
NGIQ-BR-00000036,right,NGIQ-BR-00000318,0.0
NGIQ-BR-00000036,right,NGIQ-BR-00000319,0.0
NGIQ-BR-00000036,right,NGIQ-BR-00000320,0.0
NGIQ-BR-00000036,right,NGIQ-BR-00000322,0.0
NGIQ-BR-00000036,right,NGIQ-BR-00000323,0.0
NGIQ-BR-00000036,right,NGIQ-BR-00000325,0.0
NGIQ-BR-00000036,right,NGIQ-BR-00000326,0.0
NGIQ-BR-00000036,right,NGIQ-BR-00000327,0.0
NGIQ-BR-00000036,right,NGIQ-BR-00000328,0.0
NGIQ-BR-00000036,right,NGIQ-BR-00000329,0.0
NGIQ-BR-00000036,right,NGIQ-BR-00000330,0.0
NGIQ-BR-00000038,right,NGIQ-BR-00000324,0.3165
NGIQ-BR-00000038,right,NGIQ-BR-00000325,0.01957
NGIQ-BR-00000038,right,NGIQ-BR-00000300,0.0
NGIQ-BR-00000038,right,NGIQ-BR-00000301,0.0
NGIQ-BR-00000038,right,NGIQ-BR-00000302,0.0
NGIQ-BR-00000038,right,NGIQ-BR-00000303,0.0
NGIQ-BR-00000038,right,NGIQ-BR-00000304,0.0
NGIQ-BR-00000038,right,NGIQ-BR-00000305,0.0
NGIQ-BR-00000038,right,NGIQ-BR-00000306,0.0
NGIQ-BR-00000038,right,NGIQ-BR-00000307,0.0
NGIQ-BR-00000038,right,NGIQ-BR-00000308,0.0
NGIQ-BR-00000038,right,NGIQ-BR-00000309,0.0
NGIQ-BR-00000038,right,NGIQ-BR-00000310,0.0
NGIQ-BR-00000038,right,NGIQ-BR-00000311,0.0
NGIQ-BR-00000038,right,NGIQ-BR-00000312,0.0
NGIQ-BR-00000038,right,NGIQ-BR-00000313,0.0
NGIQ-BR-00000038,right,NGIQ-BR-00000314,0.0
NGIQ-BR-00000038,right,NGIQ-BR-00000315,0.0
NGIQ-BR-00000038,right,NGIQ-BR-00000316,0.0
NGIQ-BR-00000038,right,NGIQ-BR-00000317,0.0
NGIQ-BR-00000038,right,NGIQ-BR-00000318,0.0
NGIQ-BR-00000038,right,NGIQ-BR-00000319,0.0
NGIQ-BR-00000038,right,NGIQ-BR-00000320,0.0
NGIQ-BR-00000038,right,NGIQ-BR-00000321,0.0
NGIQ-BR-00000038,right,NGIQ-BR-00000322,0.0
NGIQ-BR-00000038,right,NGIQ-BR-00000323,0.0
NGIQ-BR-00000038,right,NGIQ-BR-00000326,0.0
NGIQ-BR-00000038,right,NGIQ-BR-00000327,0.0
NGIQ-BR-00000038,right,NGIQ-BR-00000328,0.0
NGIQ-BR-00000038,right,NGIQ-BR-00000329,0.0
NGIQ-BR-00000038,right,NGIQ-BR-00000330,0.0
NGIQ-BR-00000040,right,NGIQ-BR-00000324,0.3647
NGIQ-BR-00000040,right,NGIQ-BR-00000315,0.00268
NGIQ-BR-00000040,right,NGIQ-BR-00000317,0.00201
NGIQ-BR-00000040,right,NGIQ-BR-00000316,0.00055
NGIQ-BR-00000040,right,NGIQ-BR-00000300,0.0
NGIQ-BR-00000040,right,NGIQ-BR-00000301,0.0
NGIQ-BR-00000040,right,NGIQ-BR-00000302,0.0
NGIQ-BR-00000040,right,NGIQ-BR-00000303,0.0
NGIQ-BR-00000040,right,NGIQ-BR-00000304,0.0
NGIQ-BR-00000040,right,NGIQ-BR-00000305,0.0
NGIQ-BR-00000040,right,NGIQ-BR-00000306,0.0
NGIQ-BR-00000040,right,NGIQ-BR-00000307,0.0
NGIQ-BR-00000040,right,NGIQ-BR-00000308,0.0
NGIQ-BR-00000040,right,NGIQ-BR-00000309,0.0
NGIQ-BR-00000040,right,NGIQ-BR-00000310,0.0
NGIQ-BR-00000040,right,NGIQ-BR-00000311,0.0
NGIQ-BR-00000040,right,NGIQ-BR-00000312,0.0
NGIQ-BR-00000040,right,NGIQ-BR-00000313,0.0
NGIQ-BR-00000040,right,NGIQ-BR-00000314,0.0
NGIQ-BR-00000040,right,NGIQ-BR-00000318,0.0
NGIQ-BR-00000040,right,NGIQ-BR-00000319,0.0
NGIQ-BR-00000040,right,NGIQ-BR-00000320,0.0
NGIQ-BR-00000040,right,NGIQ-BR-00000321,0.0
NGIQ-BR-00000040,right,NGIQ-BR-00000322,0.0
NGIQ-BR-00000040,right,NGIQ-BR-00000323,0.0
NGIQ-BR-00000040,right,NGIQ-BR-00000325,0.0
NGIQ-BR-00000040,right,NGIQ-BR-00000326,0.0
NGIQ-BR-00000040,right,NGIQ-BR-00000327,0.0
NGIQ-BR-00000040,right,NGIQ-BR-00000328,0.0
NGIQ-BR-00000040,right,NGIQ-BR-00000329,0.0
NGIQ-BR-00000040,right,NGIQ-BR-00000330,0.0
NGIQ-BR-00000044,right,NGIQ-BR-00000301,0.40301
NGIQ-BR-00000044,right,NGIQ-BR-00000325,0.00869
NGIQ-BR-00000044,right,NGIQ-BR-00000321,0.00292
NGIQ-BR-00000044,right,NGIQ-BR-00000300,0.0
NGIQ-BR-00000044,right,NGIQ-BR-00000302,0.0
NGIQ-BR-00000044,right,NGIQ-BR-00000303,0.0
NGIQ-BR-00000044,right,NGIQ-BR-00000304,0.0
NGIQ-BR-00000044,right,NGIQ-BR-00000305,0.0
NGIQ-BR-00000044,right,NGIQ-BR-00000306,0.0
NGIQ-BR-00000044,right,NGIQ-BR-00000307,0.0
NGIQ-BR-00000044,right,NGIQ-BR-00000308,0.0
NGIQ-BR-00000044,right,NGIQ-BR-00000309,0.0
NGIQ-BR-00000044,right,NGIQ-BR-00000310,0.0
NGIQ-BR-00000044,right,NGIQ-BR-00000311,0.0
NGIQ-BR-00000044,right,NGIQ-BR-00000312,0.0
NGIQ-BR-00000044,right,NGIQ-BR-00000313,0.0
NGIQ-BR-00000044,right,NGIQ-BR-00000314,0.0
NGIQ-BR-00000044,right,NGIQ-BR-00000315,0.0
NGIQ-BR-00000044,right,NGIQ-BR-00000316,0.0
NGIQ-BR-00000044,right,NGIQ-BR-00000317,0.0
NGIQ-BR-00000044,right,NGIQ-BR-00000318,0.0
NGIQ-BR-00000044,right,NGIQ-BR-00000319,0.0
NGIQ-BR-00000044,right,NGIQ-BR-00000320,0.0
NGIQ-BR-00000044,right,NGIQ-BR-00000322,0.0
NGIQ-BR-00000044,right,NGIQ-BR-00000323,0.0
NGIQ-BR-00000044,right,NGIQ-BR-00000324,0.0
NGIQ-BR-00000044,right,NGIQ-BR-00000326,0.0
NGIQ-BR-00000044,right,NGIQ-BR-00000327,0.0
NGIQ-BR-00000044,right,NGIQ-BR-00000328,0.0
NGIQ-BR-00000044,right,NGIQ-BR-00000329,0.0
NGIQ-BR-00000044,right,NGIQ-BR-00000330,0.0
NGIQ-BR-00000046,right,NGIQ-BR-00000324,0.44409
NGIQ-BR-00000046,right,NGIQ-BR-00000325,0.04123
NGIQ-BR-00000046,right,NGIQ-BR-00000316,0.00701
NGIQ-BR-00000046,right,NGIQ-BR-00000309,0.00293
NGIQ-BR-00000046,right,NGIQ-BR-00000300,0.0
NGIQ-BR-00000046,right,NGIQ-BR-00000301,0.0
NGIQ-BR-00000046,right,NGIQ-BR-00000302,0.0
NGIQ-BR-00000046,right,NGIQ-BR-00000303,0.0
NGIQ-BR-00000046,right,NGIQ-BR-00000304,0.0
NGIQ-BR-00000046,right,NGIQ-BR-00000305,0.0
NGIQ-BR-00000046,right,NGIQ-BR-00000306,0.0
NGIQ-BR-00000046,right,NGIQ-BR-00000307,0.0
NGIQ-BR-00000046,right,NGIQ-BR-00000308,0.0
NGIQ-BR-00000046,right,NGIQ-BR-00000310,0.0
NGIQ-BR-00000046,right,NGIQ-BR-00000311,0.0
NGIQ-BR-00000046,right,NGIQ-BR-00000312,0.0
NGIQ-BR-00000046,right,NGIQ-BR-00000313,0.0
NGIQ-BR-00000046,right,NGIQ-BR-00000314,0.0
NGIQ-BR-00000046,right,NGIQ-BR-00000315,0.0
NGIQ-BR-00000046,right,NGIQ-BR-00000317,0.0
NGIQ-BR-00000046,right,NGIQ-BR-00000318,0.0
NGIQ-BR-00000046,right,NGIQ-BR-00000319,0.0
NGIQ-BR-00000046,right,NGIQ-BR-00000320,0.0
NGIQ-BR-00000046,right,NGIQ-BR-00000321,0.0
NGIQ-BR-00000046,right,NGIQ-BR-00000322,0.0
NGIQ-BR-00000046,right,NGIQ-BR-00000323,0.0
NGIQ-BR-00000046,right,NGIQ-BR-00000326,0.0
NGIQ-BR-00000046,right,NGIQ-BR-00000327,0.0
NGIQ-BR-00000046,right,NGIQ-BR-00000328,0.0
NGIQ-BR-00000046,right,NGIQ-BR-00000329,0.0
NGIQ-BR-00000046,right,NGIQ-BR-00000330,0.0
NGIQ-BR-00000052,right,NGIQ-BR-00000317,0.32923
NGIQ-BR-00000052,right,NGIQ-BR-00000324,0.00183
NGIQ-BR-00000052,right,NGIQ-BR-00000316,0.00084
NGIQ-BR-00000052,right,NGIQ-BR-00000300,0.0
NGIQ-BR-00000052,right,NGIQ-BR-00000301,0.0
NGIQ-BR-00000052,right,NGIQ-BR-00000302,0.0
NGIQ-BR-00000052,right,NGIQ-BR-00000303,0.0
NGIQ-BR-00000052,right,NGIQ-BR-00000304,0.0
NGIQ-BR-00000052,right,NGIQ-BR-00000305,0.0
NGIQ-BR-00000052,right,NGIQ-BR-00000306,0.0
NGIQ-BR-00000052,right,NGIQ-BR-00000307,0.0
NGIQ-BR-00000052,right,NGIQ-BR-00000308,0.0
NGIQ-BR-00000052,right,NGIQ-BR-00000309,0.0
NGIQ-BR-00000052,right,NGIQ-BR-00000310,0.0
NGIQ-BR-00000052,right,NGIQ-BR-00000311,0.0
NGIQ-BR-00000052,right,NGIQ-BR-00000312,0.0
NGIQ-BR-00000052,right,NGIQ-BR-00000313,0.0
NGIQ-BR-00000052,right,NGIQ-BR-00000314,0.0
NGIQ-BR-00000052,right,NGIQ-BR-00000315,0.0
NGIQ-BR-00000052,right,NGIQ-BR-00000318,0.0
NGIQ-BR-00000052,right,NGIQ-BR-00000319,0.0
NGIQ-BR-00000052,right,NGIQ-BR-00000320,0.0
NGIQ-BR-00000052,right,NGIQ-BR-00000321,0.0
NGIQ-BR-00000052,right,NGIQ-BR-00000322,0.0
NGIQ-BR-00000052,right,NGIQ-BR-00000323,0.0
NGIQ-BR-00000052,right,NGIQ-BR-00000325,0.0
NGIQ-BR-00000052,right,NGIQ-BR-00000326,0.0
NGIQ-BR-00000052,right,NGIQ-BR-00000327,0.0
NGIQ-BR-00000052,right,NGIQ-BR-00000328,0.0
NGIQ-BR-00000052,right,NGIQ-BR-00000329,0.0
NGIQ-BR-00000052,right,NGIQ-BR-00000330,0.0
NGIQ-BR-00000056,right,NGIQ-BR-00000315,0.47626
NGIQ-BR-00000056,right,NGIQ-BR-00000321,0.04101
NGIQ-BR-00000056,right,NGIQ-BR-00000300,0.0
NGIQ-BR-00000056,right,NGIQ-BR-00000301,0.0
NGIQ-BR-00000056,right,NGIQ-BR-00000302,0.0
NGIQ-BR-00000056,right,NGIQ-BR-00000303,0.0
NGIQ-BR-00000056,right,NGIQ-BR-00000304,0.0
NGIQ-BR-00000056,right,NGIQ-BR-00000305,0.0
NGIQ-BR-00000056,right,NGIQ-BR-00000306,0.0
NGIQ-BR-00000056,right,NGIQ-BR-00000307,0.0
NGIQ-BR-00000056,right,NGIQ-BR-00000308,0.0
NGIQ-BR-00000056,right,NGIQ-BR-00000309,0.0
NGIQ-BR-00000056,right,NGIQ-BR-00000310,0.0
NGIQ-BR-00000056,right,NGIQ-BR-00000311,0.0
NGIQ-BR-00000056,right,NGIQ-BR-00000312,0.0
NGIQ-BR-00000056,right,NGIQ-BR-00000313,0.0
NGIQ-BR-00000056,right,NGIQ-BR-00000314,0.0
NGIQ-BR-00000056,right,NGIQ-BR-00000316,0.0
NGIQ-BR-00000056,right,NGIQ-BR-00000317,0.0
NGIQ-BR-00000056,right,NGIQ-BR-00000318,0.0
NGIQ-BR-00000056,right,NGIQ-BR-00000319,0.0
NGIQ-BR-00000056,right,NGIQ-BR-00000320,0.0
NGIQ-BR-00000056,right,NGIQ-BR-00000322,0.0
NGIQ-BR-00000056,right,NGIQ-BR-00000323,0.0
NGIQ-BR-00000056,right,NGIQ-BR-00000324,0.0
NGIQ-BR-00000056,right,NGIQ-BR-00000325,0.0
NGIQ-BR-00000056,right,NGIQ-BR-00000326,0.0
NGIQ-BR-00000056,right,NGIQ-BR-00000327,0.0
NGIQ-BR-00000056,right,NGIQ-BR-00000328,0.0
NGIQ-BR-00000056,right,NGIQ-BR-00000329,0.0
NGIQ-BR-00000056,right,NGIQ-BR-00000330,0.0
NGIQ-BR-00000058,right,NGIQ-BR-00000311,0.33256
NGIQ-BR-00000058,right,NGIQ-BR-00000325,0.02676
NGIQ-BR-00000058,right,NGIQ-BR-00000323,0.00741
NGIQ-BR-00000058,right,NGIQ-BR-00000300,0.0
NGIQ-BR-00000058,right,NGIQ-BR-00000301,0.0
NGIQ-BR-00000058,right,NGIQ-BR-00000302,0.0
NGIQ-BR-00000058,right,NGIQ-BR-00000303,0.0
NGIQ-BR-00000058,right,NGIQ-BR-00000304,0.0
NGIQ-BR-00000058,right,NGIQ-BR-00000305,0.0
NGIQ-BR-00000058,right,NGIQ-BR-00000306,0.0
NGIQ-BR-00000058,right,NGIQ-BR-00000307,0.0
NGIQ-BR-00000058,right,NGIQ-BR-00000308,0.0
NGIQ-BR-00000058,right,NGIQ-BR-00000309,0.0
NGIQ-BR-00000058,right,NGIQ-BR-00000310,0.0
NGIQ-BR-00000058,right,NGIQ-BR-00000312,0.0
NGIQ-BR-00000058,right,NGIQ-BR-00000313,0.0
NGIQ-BR-00000058,right,NGIQ-BR-00000314,0.0
NGIQ-BR-00000058,right,NGIQ-BR-00000315,0.0
NGIQ-BR-00000058,right,NGIQ-BR-00000316,0.0
NGIQ-BR-00000058,right,NGIQ-BR-00000317,0.0
NGIQ-BR-00000058,right,NGIQ-BR-00000318,0.0
NGIQ-BR-00000058,right,NGIQ-BR-00000319,0.0
NGIQ-BR-00000058,right,NGIQ-BR-00000320,0.0
NGIQ-BR-00000058,right,NGIQ-BR-00000321,0.0
NGIQ-BR-00000058,right,NGIQ-BR-00000322,0.0
NGIQ-BR-00000058,right,NGIQ-BR-00000324,0.0
NGIQ-BR-00000058,right,NGIQ-BR-00000326,0.0
NGIQ-BR-00000058,right,NGIQ-BR-00000327,0.0
NGIQ-BR-00000058,right,NGIQ-BR-00000328,0.0
NGIQ-BR-00000058,right,NGIQ-BR-00000329,0.0
NGIQ-BR-00000058,right,NGIQ-BR-00000330,0.0
NGIQ-BR-00000062,right,NGIQ-BR-00000309,0.50927
NGIQ-BR-00000062,right,NGIQ-BR-00000316,0.02061
NGIQ-BR-00000062,right,NGIQ-BR-00000324,0.00538
NGIQ-BR-00000062,right,NGIQ-BR-00000311,0.00207
NGIQ-BR-00000062,right,NGIQ-BR-00000330,0.0006
NGIQ-BR-00000062,right,NGIQ-BR-00000300,0.0
NGIQ-BR-00000062,right,NGIQ-BR-00000301,0.0
NGIQ-BR-00000062,right,NGIQ-BR-00000302,0.0
NGIQ-BR-00000062,right,NGIQ-BR-00000303,0.0
NGIQ-BR-00000062,right,NGIQ-BR-00000304,0.0
NGIQ-BR-00000062,right,NGIQ-BR-00000305,0.0
NGIQ-BR-00000062,right,NGIQ-BR-00000306,0.0
NGIQ-BR-00000062,right,NGIQ-BR-00000307,0.0
NGIQ-BR-00000062,right,NGIQ-BR-00000308,0.0
NGIQ-BR-00000062,right,NGIQ-BR-00000310,0.0
NGIQ-BR-00000062,right,NGIQ-BR-00000312,0.0
NGIQ-BR-00000062,right,NGIQ-BR-00000313,0.0
NGIQ-BR-00000062,right,NGIQ-BR-00000314,0.0
NGIQ-BR-00000062,right,NGIQ-BR-00000315,0.0
NGIQ-BR-00000062,right,NGIQ-BR-00000317,0.0
NGIQ-BR-00000062,right,NGIQ-BR-00000318,0.0
NGIQ-BR-00000062,right,NGIQ-BR-00000319,0.0
NGIQ-BR-00000062,right,NGIQ-BR-00000320,0.0
NGIQ-BR-00000062,right,NGIQ-BR-00000321,0.0
NGIQ-BR-00000062,right,NGIQ-BR-00000322,0.0
NGIQ-BR-00000062,right,NGIQ-BR-00000323,0.0
NGIQ-BR-00000062,right,NGIQ-BR-00000325,0.0
NGIQ-BR-00000062,right,NGIQ-BR-00000326,0.0
NGIQ-BR-00000062,right,NGIQ-BR-00000327,0.0
NGIQ-BR-00000062,right,NGIQ-BR-00000328,0.0
NGIQ-BR-00000062,right,NGIQ-BR-00000329,0.0
NGIQ-BR-00000066,right,NGIQ-BR-00000311,0.24117
NGIQ-BR-00000066,right,NGIQ-BR-00000309,0.11295
NGIQ-BR-00000066,right,NGIQ-BR-00000300,0.0
NGIQ-BR-00000066,right,NGIQ-BR-00000301,0.0
NGIQ-BR-00000066,right,NGIQ-BR-00000302,0.0
NGIQ-BR-00000066,right,NGIQ-BR-00000303,0.0
NGIQ-BR-00000066,right,NGIQ-BR-00000304,0.0
NGIQ-BR-00000066,right,NGIQ-BR-00000305,0.0
NGIQ-BR-00000066,right,NGIQ-BR-00000306,0.0
NGIQ-BR-00000066,right,NGIQ-BR-00000307,0.0
NGIQ-BR-00000066,right,NGIQ-BR-00000308,0.0
NGIQ-BR-00000066,right,NGIQ-BR-00000310,0.0
NGIQ-BR-00000066,right,NGIQ-BR-00000312,0.0
NGIQ-BR-00000066,right,NGIQ-BR-00000313,0.0
NGIQ-BR-00000066,right,NGIQ-BR-00000314,0.0
NGIQ-BR-00000066,right,NGIQ-BR-00000315,0.0
NGIQ-BR-00000066,right,NGIQ-BR-00000316,0.0
NGIQ-BR-00000066,right,NGIQ-BR-00000317,0.0
NGIQ-BR-00000066,right,NGIQ-BR-00000318,0.0
NGIQ-BR-00000066,right,NGIQ-BR-00000319,0.0
NGIQ-BR-00000066,right,NGIQ-BR-00000320,0.0
NGIQ-BR-00000066,right,NGIQ-BR-00000321,0.0
NGIQ-BR-00000066,right,NGIQ-BR-00000322,0.0
NGIQ-BR-00000066,right,NGIQ-BR-00000323,0.0
NGIQ-BR-00000066,right,NGIQ-BR-00000324,0.0
NGIQ-BR-00000066,right,NGIQ-BR-00000325,0.0
NGIQ-BR-00000066,right,NGIQ-BR-00000326,0.0
NGIQ-BR-00000066,right,NGIQ-BR-00000327,0.0
NGIQ-BR-00000066,right,NGIQ-BR-00000328,0.0
NGIQ-BR-00000066,right,NGIQ-BR-00000329,0.0
NGIQ-BR-00000066,right,NGIQ-BR-00000330,0.0
NGIQ-BR-00000070,right,NGIQ-BR-00000321,0.58644
NGIQ-BR-00000070,right,NGIQ-BR-00000319,0.01396
NGIQ-BR-00000070,right,NGIQ-BR-00000300,0.0
NGIQ-BR-00000070,right,NGIQ-BR-00000301,0.0
NGIQ-BR-00000070,right,NGIQ-BR-00000302,0.0
NGIQ-BR-00000070,right,NGIQ-BR-00000303,0.0
NGIQ-BR-00000070,right,NGIQ-BR-00000304,0.0
NGIQ-BR-00000070,right,NGIQ-BR-00000305,0.0
NGIQ-BR-00000070,right,NGIQ-BR-00000306,0.0
NGIQ-BR-00000070,right,NGIQ-BR-00000307,0.0
NGIQ-BR-00000070,right,NGIQ-BR-00000308,0.0
NGIQ-BR-00000070,right,NGIQ-BR-00000309,0.0
NGIQ-BR-00000070,right,NGIQ-BR-00000310,0.0
NGIQ-BR-00000070,right,NGIQ-BR-00000311,0.0
NGIQ-BR-00000070,right,NGIQ-BR-00000312,0.0
NGIQ-BR-00000070,right,NGIQ-BR-00000313,0.0
NGIQ-BR-00000070,right,NGIQ-BR-00000314,0.0
NGIQ-BR-00000070,right,NGIQ-BR-00000315,0.0
NGIQ-BR-00000070,right,NGIQ-BR-00000316,0.0
NGIQ-BR-00000070,right,NGIQ-BR-00000317,0.0
NGIQ-BR-00000070,right,NGIQ-BR-00000318,0.0
NGIQ-BR-00000070,right,NGIQ-BR-00000320,0.0
NGIQ-BR-00000070,right,NGIQ-BR-00000322,0.0
NGIQ-BR-00000070,right,NGIQ-BR-00000323,0.0
NGIQ-BR-00000070,right,NGIQ-BR-00000324,0.0
NGIQ-BR-00000070,right,NGIQ-BR-00000325,0.0
NGIQ-BR-00000070,right,NGIQ-BR-00000326,0.0
NGIQ-BR-00000070,right,NGIQ-BR-00000327,0.0
NGIQ-BR-00000070,right,NGIQ-BR-00000328,0.0
NGIQ-BR-00000070,right,NGIQ-BR-00000329,0.0
NGIQ-BR-00000070,right,NGIQ-BR-00000330,0.0
NGIQ-BR-00000072,right,NGIQ-BR-00000321,0.30763
NGIQ-BR-00000072,right,NGIQ-BR-00000325,0.01937
NGIQ-BR-00000072,right,NGIQ-BR-00000301,0.01729
NGIQ-BR-00000072,right,NGIQ-BR-00000300,0.0
NGIQ-BR-00000072,right,NGIQ-BR-00000302,0.0
NGIQ-BR-00000072,right,NGIQ-BR-00000303,0.0
NGIQ-BR-00000072,right,NGIQ-BR-00000304,0.0
NGIQ-BR-00000072,right,NGIQ-BR-00000305,0.0
NGIQ-BR-00000072,right,NGIQ-BR-00000306,0.0
NGIQ-BR-00000072,right,NGIQ-BR-00000307,0.0
NGIQ-BR-00000072,right,NGIQ-BR-00000308,0.0
NGIQ-BR-00000072,right,NGIQ-BR-00000309,0.0
NGIQ-BR-00000072,right,NGIQ-BR-00000310,0.0
NGIQ-BR-00000072,right,NGIQ-BR-00000311,0.0
NGIQ-BR-00000072,right,NGIQ-BR-00000312,0.0
NGIQ-BR-00000072,right,NGIQ-BR-00000313,0.0
NGIQ-BR-00000072,right,NGIQ-BR-00000314,0.0
NGIQ-BR-00000072,right,NGIQ-BR-00000315,0.0
NGIQ-BR-00000072,right,NGIQ-BR-00000316,0.0
NGIQ-BR-00000072,right,NGIQ-BR-00000317,0.0
NGIQ-BR-00000072,right,NGIQ-BR-00000318,0.0
NGIQ-BR-00000072,right,NGIQ-BR-00000319,0.0
NGIQ-BR-00000072,right,NGIQ-BR-00000320,0.0
NGIQ-BR-00000072,right,NGIQ-BR-00000322,0.0
NGIQ-BR-00000072,right,NGIQ-BR-00000323,0.0
NGIQ-BR-00000072,right,NGIQ-BR-00000324,0.0
NGIQ-BR-00000072,right,NGIQ-BR-00000326,0.0
NGIQ-BR-00000072,right,NGIQ-BR-00000327,0.0
NGIQ-BR-00000072,right,NGIQ-BR-00000328,0.0
NGIQ-BR-00000072,right,NGIQ-BR-00000329,0.0
NGIQ-BR-00000072,right,NGIQ-BR-00000330,0.0
NGIQ-BR-00000074,right,NGIQ-BR-00000321,0.4213
NGIQ-BR-00000074,right,NGIQ-BR-00000319,0.03298
NGIQ-BR-00000074,right,NGIQ-BR-00000300,0.0
NGIQ-BR-00000074,right,NGIQ-BR-00000301,0.0
NGIQ-BR-00000074,right,NGIQ-BR-00000302,0.0
NGIQ-BR-00000074,right,NGIQ-BR-00000303,0.0
NGIQ-BR-00000074,right,NGIQ-BR-00000304,0.0
NGIQ-BR-00000074,right,NGIQ-BR-00000305,0.0
NGIQ-BR-00000074,right,NGIQ-BR-00000306,0.0
NGIQ-BR-00000074,right,NGIQ-BR-00000307,0.0
NGIQ-BR-00000074,right,NGIQ-BR-00000308,0.0
NGIQ-BR-00000074,right,NGIQ-BR-00000309,0.0
NGIQ-BR-00000074,right,NGIQ-BR-00000310,0.0
NGIQ-BR-00000074,right,NGIQ-BR-00000311,0.0
NGIQ-BR-00000074,right,NGIQ-BR-00000312,0.0
NGIQ-BR-00000074,right,NGIQ-BR-00000313,0.0
NGIQ-BR-00000074,right,NGIQ-BR-00000314,0.0
NGIQ-BR-00000074,right,NGIQ-BR-00000315,0.0
NGIQ-BR-00000074,right,NGIQ-BR-00000316,0.0
NGIQ-BR-00000074,right,NGIQ-BR-00000317,0.0
NGIQ-BR-00000074,right,NGIQ-BR-00000318,0.0
NGIQ-BR-00000074,right,NGIQ-BR-00000320,0.0
NGIQ-BR-00000074,right,NGIQ-BR-00000322,0.0
NGIQ-BR-00000074,right,NGIQ-BR-00000323,0.0
NGIQ-BR-00000074,right,NGIQ-BR-00000324,0.0
NGIQ-BR-00000074,right,NGIQ-BR-00000325,0.0
NGIQ-BR-00000074,right,NGIQ-BR-00000326,0.0
NGIQ-BR-00000074,right,NGIQ-BR-00000327,0.0
NGIQ-BR-00000074,right,NGIQ-BR-00000328,0.0
NGIQ-BR-00000074,right,NGIQ-BR-00000329,0.0
NGIQ-BR-00000074,right,NGIQ-BR-00000330,0.0
NGIQ-BR-00000076,right,NGIQ-BR-00000321,0.47065
NGIQ-BR-00000076,right,NGIQ-BR-00000314,0.0166
NGIQ-BR-00000076,right,NGIQ-BR-00000319,0.0106
NGIQ-BR-00000076,right,NGIQ-BR-00000300,0.0
NGIQ-BR-00000076,right,NGIQ-BR-00000301,0.0
NGIQ-BR-00000076,right,NGIQ-BR-00000302,0.0
NGIQ-BR-00000076,right,NGIQ-BR-00000303,0.0
NGIQ-BR-00000076,right,NGIQ-BR-00000304,0.0
NGIQ-BR-00000076,right,NGIQ-BR-00000305,0.0
NGIQ-BR-00000076,right,NGIQ-BR-00000306,0.0
NGIQ-BR-00000076,right,NGIQ-BR-00000307,0.0
NGIQ-BR-00000076,right,NGIQ-BR-00000308,0.0
NGIQ-BR-00000076,right,NGIQ-BR-00000309,0.0
NGIQ-BR-00000076,right,NGIQ-BR-00000310,0.0
NGIQ-BR-00000076,right,NGIQ-BR-00000311,0.0
NGIQ-BR-00000076,right,NGIQ-BR-00000312,0.0
NGIQ-BR-00000076,right,NGIQ-BR-00000313,0.0
NGIQ-BR-00000076,right,NGIQ-BR-00000315,0.0
NGIQ-BR-00000076,right,NGIQ-BR-00000316,0.0
NGIQ-BR-00000076,right,NGIQ-BR-00000317,0.0
NGIQ-BR-00000076,right,NGIQ-BR-00000318,0.0
NGIQ-BR-00000076,right,NGIQ-BR-00000320,0.0
NGIQ-BR-00000076,right,NGIQ-BR-00000322,0.0
NGIQ-BR-00000076,right,NGIQ-BR-00000323,0.0
NGIQ-BR-00000076,right,NGIQ-BR-00000324,0.0
NGIQ-BR-00000076,right,NGIQ-BR-00000325,0.0
NGIQ-BR-00000076,right,NGIQ-BR-00000326,0.0
NGIQ-BR-00000076,right,NGIQ-BR-00000327,0.0
NGIQ-BR-00000076,right,NGIQ-BR-00000328,0.0
NGIQ-BR-00000076,right,NGIQ-BR-00000329,0.0
NGIQ-BR-00000076,right,NGIQ-BR-00000330,0.0
NGIQ-BR-00000078,right,NGIQ-BR-00000321,0.52496
NGIQ-BR-00000078,right,NGIQ-BR-00000315,0.01697
NGIQ-BR-00000078,right,NGIQ-BR-00000319,0.00915
NGIQ-BR-00000078,right,NGIQ-BR-00000300,0.0
NGIQ-BR-00000078,right,NGIQ-BR-00000301,0.0
NGIQ-BR-00000078,right,NGIQ-BR-00000302,0.0
NGIQ-BR-00000078,right,NGIQ-BR-00000303,0.0
NGIQ-BR-00000078,right,NGIQ-BR-00000304,0.0
NGIQ-BR-00000078,right,NGIQ-BR-00000305,0.0
NGIQ-BR-00000078,right,NGIQ-BR-00000306,0.0
NGIQ-BR-00000078,right,NGIQ-BR-00000307,0.0
NGIQ-BR-00000078,right,NGIQ-BR-00000308,0.0
NGIQ-BR-00000078,right,NGIQ-BR-00000309,0.0
NGIQ-BR-00000078,right,NGIQ-BR-00000310,0.0
NGIQ-BR-00000078,right,NGIQ-BR-00000311,0.0
NGIQ-BR-00000078,right,NGIQ-BR-00000312,0.0
NGIQ-BR-00000078,right,NGIQ-BR-00000313,0.0
NGIQ-BR-00000078,right,NGIQ-BR-00000314,0.0
NGIQ-BR-00000078,right,NGIQ-BR-00000316,0.0
NGIQ-BR-00000078,right,NGIQ-BR-00000317,0.0
NGIQ-BR-00000078,right,NGIQ-BR-00000318,0.0
NGIQ-BR-00000078,right,NGIQ-BR-00000320,0.0
NGIQ-BR-00000078,right,NGIQ-BR-00000322,0.0
NGIQ-BR-00000078,right,NGIQ-BR-00000323,0.0
NGIQ-BR-00000078,right,NGIQ-BR-00000324,0.0
NGIQ-BR-00000078,right,NGIQ-BR-00000325,0.0
NGIQ-BR-00000078,right,NGIQ-BR-00000326,0.0
NGIQ-BR-00000078,right,NGIQ-BR-00000327,0.0
NGIQ-BR-00000078,right,NGIQ-BR-00000328,0.0
NGIQ-BR-00000078,right,NGIQ-BR-00000329,0.0
NGIQ-BR-00000078,right,NGIQ-BR-00000330,0.0
NGIQ-BR-00000080,right,NGIQ-BR-00000321,0.31207
NGIQ-BR-00000080,right,NGIQ-BR-00000301,0.00164
NGIQ-BR-00000080,right,NGIQ-BR-00000300,0.0
NGIQ-BR-00000080,right,NGIQ-BR-00000302,0.0
NGIQ-BR-00000080,right,NGIQ-BR-00000303,0.0
NGIQ-BR-00000080,right,NGIQ-BR-00000304,0.0
NGIQ-BR-00000080,right,NGIQ-BR-00000305,0.0
NGIQ-BR-00000080,right,NGIQ-BR-00000306,0.0
NGIQ-BR-00000080,right,NGIQ-BR-00000307,0.0
NGIQ-BR-00000080,right,NGIQ-BR-00000308,0.0
NGIQ-BR-00000080,right,NGIQ-BR-00000309,0.0
NGIQ-BR-00000080,right,NGIQ-BR-00000310,0.0
NGIQ-BR-00000080,right,NGIQ-BR-00000311,0.0
NGIQ-BR-00000080,right,NGIQ-BR-00000312,0.0
NGIQ-BR-00000080,right,NGIQ-BR-00000313,0.0
NGIQ-BR-00000080,right,NGIQ-BR-00000314,0.0
NGIQ-BR-00000080,right,NGIQ-BR-00000315,0.0
NGIQ-BR-00000080,right,NGIQ-BR-00000316,0.0
NGIQ-BR-00000080,right,NGIQ-BR-00000317,0.0
NGIQ-BR-00000080,right,NGIQ-BR-00000318,0.0
NGIQ-BR-00000080,right,NGIQ-BR-00000319,0.0
NGIQ-BR-00000080,right,NGIQ-BR-00000320,0.0
NGIQ-BR-00000080,right,NGIQ-BR-00000322,0.0
NGIQ-BR-00000080,right,NGIQ-BR-00000323,0.0
NGIQ-BR-00000080,right,NGIQ-BR-00000324,0.0
NGIQ-BR-00000080,right,NGIQ-BR-00000325,0.0
NGIQ-BR-00000080,right,NGIQ-BR-00000326,0.0
NGIQ-BR-00000080,right,NGIQ-BR-00000327,0.0
NGIQ-BR-00000080,right,NGIQ-BR-00000328,0.0
NGIQ-BR-00000080,right,NGIQ-BR-00000329,0.0
NGIQ-BR-00000080,right,NGIQ-BR-00000330,0.0
NGIQ-BR-00000082,right,NGIQ-BR-00000314,0.414
NGIQ-BR-00000082,right,NGIQ-BR-00000322,0.02523
NGIQ-BR-00000082,right,NGIQ-BR-00000320,0.00439
NGIQ-BR-00000082,right,NGIQ-BR-00000300,0.0
NGIQ-BR-00000082,right,NGIQ-BR-00000301,0.0
NGIQ-BR-00000082,right,NGIQ-BR-00000302,0.0
NGIQ-BR-00000082,right,NGIQ-BR-00000303,0.0
NGIQ-BR-00000082,right,NGIQ-BR-00000304,0.0
NGIQ-BR-00000082,right,NGIQ-BR-00000305,0.0
NGIQ-BR-00000082,right,NGIQ-BR-00000306,0.0
NGIQ-BR-00000082,right,NGIQ-BR-00000307,0.0
NGIQ-BR-00000082,right,NGIQ-BR-00000308,0.0
NGIQ-BR-00000082,right,NGIQ-BR-00000309,0.0
NGIQ-BR-00000082,right,NGIQ-BR-00000310,0.0
NGIQ-BR-00000082,right,NGIQ-BR-00000311,0.0
NGIQ-BR-00000082,right,NGIQ-BR-00000312,0.0
NGIQ-BR-00000082,right,NGIQ-BR-00000313,0.0
NGIQ-BR-00000082,right,NGIQ-BR-00000315,0.0
NGIQ-BR-00000082,right,NGIQ-BR-00000316,0.0
NGIQ-BR-00000082,right,NGIQ-BR-00000317,0.0
NGIQ-BR-00000082,right,NGIQ-BR-00000318,0.0
NGIQ-BR-00000082,right,NGIQ-BR-00000319,0.0
NGIQ-BR-00000082,right,NGIQ-BR-00000321,0.0
NGIQ-BR-00000082,right,NGIQ-BR-00000323,0.0
NGIQ-BR-00000082,right,NGIQ-BR-00000324,0.0
NGIQ-BR-00000082,right,NGIQ-BR-00000325,0.0
NGIQ-BR-00000082,right,NGIQ-BR-00000326,0.0
NGIQ-BR-00000082,right,NGIQ-BR-00000327,0.0
NGIQ-BR-00000082,right,NGIQ-BR-00000328,0.0
NGIQ-BR-00000082,right,NGIQ-BR-00000329,0.0
NGIQ-BR-00000082,right,NGIQ-BR-00000330,0.0
NGIQ-BR-00000084,right,NGIQ-BR-00000314,0.42582
NGIQ-BR-00000084,right,NGIQ-BR-00000321,0.00144
NGIQ-BR-00000084,right,NGIQ-BR-00000300,0.0
NGIQ-BR-00000084,right,NGIQ-BR-00000301,0.0
NGIQ-BR-00000084,right,NGIQ-BR-00000302,0.0
NGIQ-BR-00000084,right,NGIQ-BR-00000303,0.0
NGIQ-BR-00000084,right,NGIQ-BR-00000304,0.0
NGIQ-BR-00000084,right,NGIQ-BR-00000305,0.0
NGIQ-BR-00000084,right,NGIQ-BR-00000306,0.0
NGIQ-BR-00000084,right,NGIQ-BR-00000307,0.0
NGIQ-BR-00000084,right,NGIQ-BR-00000308,0.0
NGIQ-BR-00000084,right,NGIQ-BR-00000309,0.0
NGIQ-BR-00000084,right,NGIQ-BR-00000310,0.0
NGIQ-BR-00000084,right,NGIQ-BR-00000311,0.0
NGIQ-BR-00000084,right,NGIQ-BR-00000312,0.0
NGIQ-BR-00000084,right,NGIQ-BR-00000313,0.0
NGIQ-BR-00000084,right,NGIQ-BR-00000315,0.0
NGIQ-BR-00000084,right,NGIQ-BR-00000316,0.0
NGIQ-BR-00000084,right,NGIQ-BR-00000317,0.0
NGIQ-BR-00000084,right,NGIQ-BR-00000318,0.0
NGIQ-BR-00000084,right,NGIQ-BR-00000319,0.0
NGIQ-BR-00000084,right,NGIQ-BR-00000320,0.0
NGIQ-BR-00000084,right,NGIQ-BR-00000322,0.0
NGIQ-BR-00000084,right,NGIQ-BR-00000323,0.0
NGIQ-BR-00000084,right,NGIQ-BR-00000324,0.0
NGIQ-BR-00000084,right,NGIQ-BR-00000325,0.0
NGIQ-BR-00000084,right,NGIQ-BR-00000326,0.0
NGIQ-BR-00000084,right,NGIQ-BR-00000327,0.0
NGIQ-BR-00000084,right,NGIQ-BR-00000328,0.0
NGIQ-BR-00000084,right,NGIQ-BR-00000329,0.0
NGIQ-BR-00000084,right,NGIQ-BR-00000330,0.0
NGIQ-BR-00000086,right,NGIQ-BR-00000327,0.31532
NGIQ-BR-00000086,right,NGIQ-BR-00000329,0.08563
NGIQ-BR-00000086,right,NGIQ-BR-00000328,0.00099
NGIQ-BR-00000086,right,NGIQ-BR-00000300,0.0
NGIQ-BR-00000086,right,NGIQ-BR-00000301,0.0
NGIQ-BR-00000086,right,NGIQ-BR-00000302,0.0
NGIQ-BR-00000086,right,NGIQ-BR-00000303,0.0
NGIQ-BR-00000086,right,NGIQ-BR-00000304,0.0
NGIQ-BR-00000086,right,NGIQ-BR-00000305,0.0
NGIQ-BR-00000086,right,NGIQ-BR-00000306,0.0
NGIQ-BR-00000086,right,NGIQ-BR-00000307,0.0
NGIQ-BR-00000086,right,NGIQ-BR-00000308,0.0
NGIQ-BR-00000086,right,NGIQ-BR-00000309,0.0
NGIQ-BR-00000086,right,NGIQ-BR-00000310,0.0
NGIQ-BR-00000086,right,NGIQ-BR-00000311,0.0
NGIQ-BR-00000086,right,NGIQ-BR-00000312,0.0
NGIQ-BR-00000086,right,NGIQ-BR-00000313,0.0
NGIQ-BR-00000086,right,NGIQ-BR-00000314,0.0
NGIQ-BR-00000086,right,NGIQ-BR-00000315,0.0
NGIQ-BR-00000086,right,NGIQ-BR-00000316,0.0
NGIQ-BR-00000086,right,NGIQ-BR-00000317,0.0
NGIQ-BR-00000086,right,NGIQ-BR-00000318,0.0
NGIQ-BR-00000086,right,NGIQ-BR-00000319,0.0
NGIQ-BR-00000086,right,NGIQ-BR-00000320,0.0
NGIQ-BR-00000086,right,NGIQ-BR-00000321,0.0
NGIQ-BR-00000086,right,NGIQ-BR-00000322,0.0
NGIQ-BR-00000086,right,NGIQ-BR-00000323,0.0
NGIQ-BR-00000086,right,NGIQ-BR-00000324,0.0
NGIQ-BR-00000086,right,NGIQ-BR-00000325,0.0
NGIQ-BR-00000086,right,NGIQ-BR-00000326,0.0
NGIQ-BR-00000086,right,NGIQ-BR-00000330,0.0
NGIQ-BR-00000090,right,NGIQ-BR-00000327,0.46503
NGIQ-BR-00000090,right,NGIQ-BR-00000328,0.00292
NGIQ-BR-00000090,right,NGIQ-BR-00000300,0.0
NGIQ-BR-00000090,right,NGIQ-BR-00000301,0.0
NGIQ-BR-00000090,right,NGIQ-BR-00000302,0.0
NGIQ-BR-00000090,right,NGIQ-BR-00000303,0.0
NGIQ-BR-00000090,right,NGIQ-BR-00000304,0.0
NGIQ-BR-00000090,right,NGIQ-BR-00000305,0.0
NGIQ-BR-00000090,right,NGIQ-BR-00000306,0.0
NGIQ-BR-00000090,right,NGIQ-BR-00000307,0.0
NGIQ-BR-00000090,right,NGIQ-BR-00000308,0.0
NGIQ-BR-00000090,right,NGIQ-BR-00000309,0.0
NGIQ-BR-00000090,right,NGIQ-BR-00000310,0.0
NGIQ-BR-00000090,right,NGIQ-BR-00000311,0.0
NGIQ-BR-00000090,right,NGIQ-BR-00000312,0.0
NGIQ-BR-00000090,right,NGIQ-BR-00000313,0.0
NGIQ-BR-00000090,right,NGIQ-BR-00000314,0.0
NGIQ-BR-00000090,right,NGIQ-BR-00000315,0.0
NGIQ-BR-00000090,right,NGIQ-BR-00000316,0.0
NGIQ-BR-00000090,right,NGIQ-BR-00000317,0.0
NGIQ-BR-00000090,right,NGIQ-BR-00000318,0.0
NGIQ-BR-00000090,right,NGIQ-BR-00000319,0.0
NGIQ-BR-00000090,right,NGIQ-BR-00000320,0.0
NGIQ-BR-00000090,right,NGIQ-BR-00000321,0.0
NGIQ-BR-00000090,right,NGIQ-BR-00000322,0.0
NGIQ-BR-00000090,right,NGIQ-BR-00000323,0.0
NGIQ-BR-00000090,right,NGIQ-BR-00000324,0.0
NGIQ-BR-00000090,right,NGIQ-BR-00000325,0.0
NGIQ-BR-00000090,right,NGIQ-BR-00000326,0.0
NGIQ-BR-00000090,right,NGIQ-BR-00000329,0.0
NGIQ-BR-00000090,right,NGIQ-BR-00000330,0.0
NGIQ-BR-00000092,right,NGIQ-BR-00000327,0.58517
NGIQ-BR-00000092,right,NGIQ-BR-00000330,0.00048
NGIQ-BR-00000092,right,NGIQ-BR-00000300,0.0
NGIQ-BR-00000092,right,NGIQ-BR-00000301,0.0
NGIQ-BR-00000092,right,NGIQ-BR-00000302,0.0
NGIQ-BR-00000092,right,NGIQ-BR-00000303,0.0
NGIQ-BR-00000092,right,NGIQ-BR-00000304,0.0
NGIQ-BR-00000092,right,NGIQ-BR-00000305,0.0
NGIQ-BR-00000092,right,NGIQ-BR-00000306,0.0
NGIQ-BR-00000092,right,NGIQ-BR-00000307,0.0
NGIQ-BR-00000092,right,NGIQ-BR-00000308,0.0
NGIQ-BR-00000092,right,NGIQ-BR-00000309,0.0
NGIQ-BR-00000092,right,NGIQ-BR-00000310,0.0
NGIQ-BR-00000092,right,NGIQ-BR-00000311,0.0
NGIQ-BR-00000092,right,NGIQ-BR-00000312,0.0
NGIQ-BR-00000092,right,NGIQ-BR-00000313,0.0
NGIQ-BR-00000092,right,NGIQ-BR-00000314,0.0
NGIQ-BR-00000092,right,NGIQ-BR-00000315,0.0
NGIQ-BR-00000092,right,NGIQ-BR-00000316,0.0
NGIQ-BR-00000092,right,NGIQ-BR-00000317,0.0
NGIQ-BR-00000092,right,NGIQ-BR-00000318,0.0
NGIQ-BR-00000092,right,NGIQ-BR-00000319,0.0
NGIQ-BR-00000092,right,NGIQ-BR-00000320,0.0
NGIQ-BR-00000092,right,NGIQ-BR-00000321,0.0
NGIQ-BR-00000092,right,NGIQ-BR-00000322,0.0
NGIQ-BR-00000092,right,NGIQ-BR-00000323,0.0
NGIQ-BR-00000092,right,NGIQ-BR-00000324,0.0
NGIQ-BR-00000092,right,NGIQ-BR-00000325,0.0
NGIQ-BR-00000092,right,NGIQ-BR-00000326,0.0
NGIQ-BR-00000092,right,NGIQ-BR-00000328,0.0
NGIQ-BR-00000092,right,NGIQ-BR-00000329,0.0
NGIQ-BR-00000094,right,NGIQ-BR-00000327,0.61367
NGIQ-BR-00000094,right,NGIQ-BR-00000312,0.00511
NGIQ-BR-00000094,right,NGIQ-BR-00000300,0.0
NGIQ-BR-00000094,right,NGIQ-BR-00000301,0.0
NGIQ-BR-00000094,right,NGIQ-BR-00000302,0.0
NGIQ-BR-00000094,right,NGIQ-BR-00000303,0.0
NGIQ-BR-00000094,right,NGIQ-BR-00000304,0.0
NGIQ-BR-00000094,right,NGIQ-BR-00000305,0.0
NGIQ-BR-00000094,right,NGIQ-BR-00000306,0.0
NGIQ-BR-00000094,right,NGIQ-BR-00000307,0.0
NGIQ-BR-00000094,right,NGIQ-BR-00000308,0.0
NGIQ-BR-00000094,right,NGIQ-BR-00000309,0.0
NGIQ-BR-00000094,right,NGIQ-BR-00000310,0.0
NGIQ-BR-00000094,right,NGIQ-BR-00000311,0.0
NGIQ-BR-00000094,right,NGIQ-BR-00000313,0.0
NGIQ-BR-00000094,right,NGIQ-BR-00000314,0.0
NGIQ-BR-00000094,right,NGIQ-BR-00000315,0.0
NGIQ-BR-00000094,right,NGIQ-BR-00000316,0.0
NGIQ-BR-00000094,right,NGIQ-BR-00000317,0.0
NGIQ-BR-00000094,right,NGIQ-BR-00000318,0.0
NGIQ-BR-00000094,right,NGIQ-BR-00000319,0.0
NGIQ-BR-00000094,right,NGIQ-BR-00000320,0.0
NGIQ-BR-00000094,right,NGIQ-BR-00000321,0.0
NGIQ-BR-00000094,right,NGIQ-BR-00000322,0.0
NGIQ-BR-00000094,right,NGIQ-BR-00000323,0.0
NGIQ-BR-00000094,right,NGIQ-BR-00000324,0.0
NGIQ-BR-00000094,right,NGIQ-BR-00000325,0.0
NGIQ-BR-00000094,right,NGIQ-BR-00000326,0.0
NGIQ-BR-00000094,right,NGIQ-BR-00000328,0.0
NGIQ-BR-00000094,right,NGIQ-BR-00000329,0.0
NGIQ-BR-00000094,right,NGIQ-BR-00000330,0.0
NGIQ-BR-00000096,right,NGIQ-BR-00000312,0.40997
NGIQ-BR-00000096,right,NGIQ-BR-00000327,0.06333
NGIQ-BR-00000096,right,NGIQ-BR-00000306,0.02651
NGIQ-BR-00000096,right,NGIQ-BR-00000300,0.0
NGIQ-BR-00000096,right,NGIQ-BR-00000301,0.0
NGIQ-BR-00000096,right,NGIQ-BR-00000302,0.0
NGIQ-BR-00000096,right,NGIQ-BR-00000303,0.0
NGIQ-BR-00000096,right,NGIQ-BR-00000304,0.0
NGIQ-BR-00000096,right,NGIQ-BR-00000305,0.0
NGIQ-BR-00000096,right,NGIQ-BR-00000307,0.0
NGIQ-BR-00000096,right,NGIQ-BR-00000308,0.0
NGIQ-BR-00000096,right,NGIQ-BR-00000309,0.0
NGIQ-BR-00000096,right,NGIQ-BR-00000310,0.0
NGIQ-BR-00000096,right,NGIQ-BR-00000311,0.0
NGIQ-BR-00000096,right,NGIQ-BR-00000313,0.0
NGIQ-BR-00000096,right,NGIQ-BR-00000314,0.0
NGIQ-BR-00000096,right,NGIQ-BR-00000315,0.0
NGIQ-BR-00000096,right,NGIQ-BR-00000316,0.0
NGIQ-BR-00000096,right,NGIQ-BR-00000317,0.0
NGIQ-BR-00000096,right,NGIQ-BR-00000318,0.0
NGIQ-BR-00000096,right,NGIQ-BR-00000319,0.0
NGIQ-BR-00000096,right,NGIQ-BR-00000320,0.0
NGIQ-BR-00000096,right,NGIQ-BR-00000321,0.0
NGIQ-BR-00000096,right,NGIQ-BR-00000322,0.0
NGIQ-BR-00000096,right,NGIQ-BR-00000323,0.0
NGIQ-BR-00000096,right,NGIQ-BR-00000324,0.0
NGIQ-BR-00000096,right,NGIQ-BR-00000325,0.0
NGIQ-BR-00000096,right,NGIQ-BR-00000326,0.0
NGIQ-BR-00000096,right,NGIQ-BR-00000328,0.0
NGIQ-BR-00000096,right,NGIQ-BR-00000329,0.0
NGIQ-BR-00000096,right,NGIQ-BR-00000330,0.0
NGIQ-BR-00000098,right,NGIQ-BR-00000312,0.30713
NGIQ-BR-00000098,right,NGIQ-BR-00000306,0.00578
NGIQ-BR-00000098,right,NGIQ-BR-00000305,0.00283
NGIQ-BR-00000098,right,NGIQ-BR-00000300,0.0
NGIQ-BR-00000098,right,NGIQ-BR-00000301,0.0
NGIQ-BR-00000098,right,NGIQ-BR-00000302,0.0
NGIQ-BR-00000098,right,NGIQ-BR-00000303,0.0
NGIQ-BR-00000098,right,NGIQ-BR-00000304,0.0
NGIQ-BR-00000098,right,NGIQ-BR-00000307,0.0
NGIQ-BR-00000098,right,NGIQ-BR-00000308,0.0
NGIQ-BR-00000098,right,NGIQ-BR-00000309,0.0
NGIQ-BR-00000098,right,NGIQ-BR-00000310,0.0
NGIQ-BR-00000098,right,NGIQ-BR-00000311,0.0
NGIQ-BR-00000098,right,NGIQ-BR-00000313,0.0
NGIQ-BR-00000098,right,NGIQ-BR-00000314,0.0
NGIQ-BR-00000098,right,NGIQ-BR-00000315,0.0
NGIQ-BR-00000098,right,NGIQ-BR-00000316,0.0
NGIQ-BR-00000098,right,NGIQ-BR-00000317,0.0
NGIQ-BR-00000098,right,NGIQ-BR-00000318,0.0
NGIQ-BR-00000098,right,NGIQ-BR-00000319,0.0
NGIQ-BR-00000098,right,NGIQ-BR-00000320,0.0
NGIQ-BR-00000098,right,NGIQ-BR-00000321,0.0
NGIQ-BR-00000098,right,NGIQ-BR-00000322,0.0
NGIQ-BR-00000098,right,NGIQ-BR-00000323,0.0
NGIQ-BR-00000098,right,NGIQ-BR-00000324,0.0
NGIQ-BR-00000098,right,NGIQ-BR-00000325,0.0
NGIQ-BR-00000098,right,NGIQ-BR-00000326,0.0
NGIQ-BR-00000098,right,NGIQ-BR-00000327,0.0
NGIQ-BR-00000098,right,NGIQ-BR-00000328,0.0
NGIQ-BR-00000098,right,NGIQ-BR-00000329,0.0
NGIQ-BR-00000098,right,NGIQ-BR-00000330,0.0
NGIQ-BR-00000100,right,NGIQ-BR-00000312,0.31217
NGIQ-BR-00000100,right,NGIQ-BR-00000327,0.11206
NGIQ-BR-00000100,right,NGIQ-BR-00000300,0.0
NGIQ-BR-00000100,right,NGIQ-BR-00000301,0.0
NGIQ-BR-00000100,right,NGIQ-BR-00000302,0.0
NGIQ-BR-00000100,right,NGIQ-BR-00000303,0.0
NGIQ-BR-00000100,right,NGIQ-BR-00000304,0.0
NGIQ-BR-00000100,right,NGIQ-BR-00000305,0.0
NGIQ-BR-00000100,right,NGIQ-BR-00000306,0.0
NGIQ-BR-00000100,right,NGIQ-BR-00000307,0.0
NGIQ-BR-00000100,right,NGIQ-BR-00000308,0.0
NGIQ-BR-00000100,right,NGIQ-BR-00000309,0.0
NGIQ-BR-00000100,right,NGIQ-BR-00000310,0.0
NGIQ-BR-00000100,right,NGIQ-BR-00000311,0.0
NGIQ-BR-00000100,right,NGIQ-BR-00000313,0.0
NGIQ-BR-00000100,right,NGIQ-BR-00000314,0.0
NGIQ-BR-00000100,right,NGIQ-BR-00000315,0.0
NGIQ-BR-00000100,right,NGIQ-BR-00000316,0.0
NGIQ-BR-00000100,right,NGIQ-BR-00000317,0.0
NGIQ-BR-00000100,right,NGIQ-BR-00000318,0.0
NGIQ-BR-00000100,right,NGIQ-BR-00000319,0.0
NGIQ-BR-00000100,right,NGIQ-BR-00000320,0.0
NGIQ-BR-00000100,right,NGIQ-BR-00000321,0.0
NGIQ-BR-00000100,right,NGIQ-BR-00000322,0.0
NGIQ-BR-00000100,right,NGIQ-BR-00000323,0.0
NGIQ-BR-00000100,right,NGIQ-BR-00000324,0.0
NGIQ-BR-00000100,right,NGIQ-BR-00000325,0.0
NGIQ-BR-00000100,right,NGIQ-BR-00000326,0.0
NGIQ-BR-00000100,right,NGIQ-BR-00000328,0.0
NGIQ-BR-00000100,right,NGIQ-BR-00000329,0.0
NGIQ-BR-00000100,right,NGIQ-BR-00000330,0.0
NGIQ-BR-00000102,right,NGIQ-BR-00000306,0.51912
NGIQ-BR-00000102,right,NGIQ-BR-00000304,0.0205
NGIQ-BR-00000102,right,NGIQ-BR-00000300,0.0
NGIQ-BR-00000102,right,NGIQ-BR-00000301,0.0
NGIQ-BR-00000102,right,NGIQ-BR-00000302,0.0
NGIQ-BR-00000102,right,NGIQ-BR-00000303,0.0
NGIQ-BR-00000102,right,NGIQ-BR-00000305,0.0
NGIQ-BR-00000102,right,NGIQ-BR-00000307,0.0
NGIQ-BR-00000102,right,NGIQ-BR-00000308,0.0
NGIQ-BR-00000102,right,NGIQ-BR-00000309,0.0
NGIQ-BR-00000102,right,NGIQ-BR-00000310,0.0
NGIQ-BR-00000102,right,NGIQ-BR-00000311,0.0
NGIQ-BR-00000102,right,NGIQ-BR-00000312,0.0
NGIQ-BR-00000102,right,NGIQ-BR-00000313,0.0
NGIQ-BR-00000102,right,NGIQ-BR-00000314,0.0
NGIQ-BR-00000102,right,NGIQ-BR-00000315,0.0
NGIQ-BR-00000102,right,NGIQ-BR-00000316,0.0
NGIQ-BR-00000102,right,NGIQ-BR-00000317,0.0
NGIQ-BR-00000102,right,NGIQ-BR-00000318,0.0
NGIQ-BR-00000102,right,NGIQ-BR-00000319,0.0
NGIQ-BR-00000102,right,NGIQ-BR-00000320,0.0
NGIQ-BR-00000102,right,NGIQ-BR-00000321,0.0
NGIQ-BR-00000102,right,NGIQ-BR-00000322,0.0
NGIQ-BR-00000102,right,NGIQ-BR-00000323,0.0
NGIQ-BR-00000102,right,NGIQ-BR-00000324,0.0
NGIQ-BR-00000102,right,NGIQ-BR-00000325,0.0
NGIQ-BR-00000102,right,NGIQ-BR-00000326,0.0
NGIQ-BR-00000102,right,NGIQ-BR-00000327,0.0
NGIQ-BR-00000102,right,NGIQ-BR-00000328,0.0
NGIQ-BR-00000102,right,NGIQ-BR-00000329,0.0
NGIQ-BR-00000102,right,NGIQ-BR-00000330,0.0
NGIQ-BR-00000104,right,NGIQ-BR-00000306,0.36331
NGIQ-BR-00000104,right,NGIQ-BR-00000304,0.00144
NGIQ-BR-00000104,right,NGIQ-BR-00000300,0.0
NGIQ-BR-00000104,right,NGIQ-BR-00000301,0.0
NGIQ-BR-00000104,right,NGIQ-BR-00000302,0.0
NGIQ-BR-00000104,right,NGIQ-BR-00000303,0.0
NGIQ-BR-00000104,right,NGIQ-BR-00000305,0.0
NGIQ-BR-00000104,right,NGIQ-BR-00000307,0.0
NGIQ-BR-00000104,right,NGIQ-BR-00000308,0.0
NGIQ-BR-00000104,right,NGIQ-BR-00000309,0.0
NGIQ-BR-00000104,right,NGIQ-BR-00000310,0.0
NGIQ-BR-00000104,right,NGIQ-BR-00000311,0.0
NGIQ-BR-00000104,right,NGIQ-BR-00000312,0.0
NGIQ-BR-00000104,right,NGIQ-BR-00000313,0.0
NGIQ-BR-00000104,right,NGIQ-BR-00000314,0.0
NGIQ-BR-00000104,right,NGIQ-BR-00000315,0.0
NGIQ-BR-00000104,right,NGIQ-BR-00000316,0.0
NGIQ-BR-00000104,right,NGIQ-BR-00000317,0.0
NGIQ-BR-00000104,right,NGIQ-BR-00000318,0.0
NGIQ-BR-00000104,right,NGIQ-BR-00000319,0.0
NGIQ-BR-00000104,right,NGIQ-BR-00000320,0.0
NGIQ-BR-00000104,right,NGIQ-BR-00000321,0.0
NGIQ-BR-00000104,right,NGIQ-BR-00000322,0.0
NGIQ-BR-00000104,right,NGIQ-BR-00000323,0.0
NGIQ-BR-00000104,right,NGIQ-BR-00000324,0.0
NGIQ-BR-00000104,right,NGIQ-BR-00000325,0.0
NGIQ-BR-00000104,right,NGIQ-BR-00000326,0.0
NGIQ-BR-00000104,right,NGIQ-BR-00000327,0.0
NGIQ-BR-00000104,right,NGIQ-BR-00000328,0.0
NGIQ-BR-00000104,right,NGIQ-BR-00000329,0.0
NGIQ-BR-00000104,right,NGIQ-BR-00000330,0.0
NGIQ-BR-00000106,right,NGIQ-BR-00000306,0.41879
NGIQ-BR-00000106,right,NGIQ-BR-00000304,0.03086
NGIQ-BR-00000106,right,NGIQ-BR-00000312,0.00045
NGIQ-BR-00000106,right,NGIQ-BR-00000300,0.0
NGIQ-BR-00000106,right,NGIQ-BR-00000301,0.0
NGIQ-BR-00000106,right,NGIQ-BR-00000302,0.0
NGIQ-BR-00000106,right,NGIQ-BR-00000303,0.0
NGIQ-BR-00000106,right,NGIQ-BR-00000305,0.0
NGIQ-BR-00000106,right,NGIQ-BR-00000307,0.0
NGIQ-BR-00000106,right,NGIQ-BR-00000308,0.0
NGIQ-BR-00000106,right,NGIQ-BR-00000309,0.0
NGIQ-BR-00000106,right,NGIQ-BR-00000310,0.0
NGIQ-BR-00000106,right,NGIQ-BR-00000311,0.0
NGIQ-BR-00000106,right,NGIQ-BR-00000313,0.0
NGIQ-BR-00000106,right,NGIQ-BR-00000314,0.0
NGIQ-BR-00000106,right,NGIQ-BR-00000315,0.0
NGIQ-BR-00000106,right,NGIQ-BR-00000316,0.0
NGIQ-BR-00000106,right,NGIQ-BR-00000317,0.0
NGIQ-BR-00000106,right,NGIQ-BR-00000318,0.0
NGIQ-BR-00000106,right,NGIQ-BR-00000319,0.0
NGIQ-BR-00000106,right,NGIQ-BR-00000320,0.0
NGIQ-BR-00000106,right,NGIQ-BR-00000321,0.0
NGIQ-BR-00000106,right,NGIQ-BR-00000322,0.0
NGIQ-BR-00000106,right,NGIQ-BR-00000323,0.0
NGIQ-BR-00000106,right,NGIQ-BR-00000324,0.0
NGIQ-BR-00000106,right,NGIQ-BR-00000325,0.0
NGIQ-BR-00000106,right,NGIQ-BR-00000326,0.0
NGIQ-BR-00000106,right,NGIQ-BR-00000327,0.0
NGIQ-BR-00000106,right,NGIQ-BR-00000328,0.0
NGIQ-BR-00000106,right,NGIQ-BR-00000329,0.0
NGIQ-BR-00000106,right,NGIQ-BR-00000330,0.0
NGIQ-BR-00000108,right,NGIQ-BR-00000306,0.35195
NGIQ-BR-00000108,right,NGIQ-BR-00000312,0.06925
NGIQ-BR-00000108,right,NGIQ-BR-00000300,0.0
NGIQ-BR-00000108,right,NGIQ-BR-00000301,0.0
NGIQ-BR-00000108,right,NGIQ-BR-00000302,0.0
NGIQ-BR-00000108,right,NGIQ-BR-00000303,0.0
NGIQ-BR-00000108,right,NGIQ-BR-00000304,0.0
NGIQ-BR-00000108,right,NGIQ-BR-00000305,0.0
NGIQ-BR-00000108,right,NGIQ-BR-00000307,0.0
NGIQ-BR-00000108,right,NGIQ-BR-00000308,0.0
NGIQ-BR-00000108,right,NGIQ-BR-00000309,0.0
NGIQ-BR-00000108,right,NGIQ-BR-00000310,0.0
NGIQ-BR-00000108,right,NGIQ-BR-00000311,0.0
NGIQ-BR-00000108,right,NGIQ-BR-00000313,0.0
NGIQ-BR-00000108,right,NGIQ-BR-00000314,0.0
NGIQ-BR-00000108,right,NGIQ-BR-00000315,0.0
NGIQ-BR-00000108,right,NGIQ-BR-00000316,0.0
NGIQ-BR-00000108,right,NGIQ-BR-00000317,0.0
NGIQ-BR-00000108,right,NGIQ-BR-00000318,0.0
NGIQ-BR-00000108,right,NGIQ-BR-00000319,0.0
NGIQ-BR-00000108,right,NGIQ-BR-00000320,0.0
NGIQ-BR-00000108,right,NGIQ-BR-00000321,0.0
NGIQ-BR-00000108,right,NGIQ-BR-00000322,0.0
NGIQ-BR-00000108,right,NGIQ-BR-00000323,0.0
NGIQ-BR-00000108,right,NGIQ-BR-00000324,0.0
NGIQ-BR-00000108,right,NGIQ-BR-00000325,0.0
NGIQ-BR-00000108,right,NGIQ-BR-00000326,0.0
NGIQ-BR-00000108,right,NGIQ-BR-00000327,0.0
NGIQ-BR-00000108,right,NGIQ-BR-00000328,0.0
NGIQ-BR-00000108,right,NGIQ-BR-00000329,0.0
NGIQ-BR-00000108,right,NGIQ-BR-00000330,0.0
NGIQ-BR-00000110,right,NGIQ-BR-00000306,0.3006
NGIQ-BR-00000110,right,NGIQ-BR-00000312,0.00212
NGIQ-BR-00000110,right,NGIQ-BR-00000308,0.00148
NGIQ-BR-00000110,right,NGIQ-BR-00000304,0.00049
NGIQ-BR-00000110,right,NGIQ-BR-00000300,0.0
NGIQ-BR-00000110,right,NGIQ-BR-00000301,0.0
NGIQ-BR-00000110,right,NGIQ-BR-00000302,0.0
NGIQ-BR-00000110,right,NGIQ-BR-00000303,0.0
NGIQ-BR-00000110,right,NGIQ-BR-00000305,0.0
NGIQ-BR-00000110,right,NGIQ-BR-00000307,0.0
NGIQ-BR-00000110,right,NGIQ-BR-00000309,0.0
NGIQ-BR-00000110,right,NGIQ-BR-00000310,0.0
NGIQ-BR-00000110,right,NGIQ-BR-00000311,0.0
NGIQ-BR-00000110,right,NGIQ-BR-00000313,0.0
NGIQ-BR-00000110,right,NGIQ-BR-00000314,0.0
NGIQ-BR-00000110,right,NGIQ-BR-00000315,0.0
NGIQ-BR-00000110,right,NGIQ-BR-00000316,0.0
NGIQ-BR-00000110,right,NGIQ-BR-00000317,0.0
NGIQ-BR-00000110,right,NGIQ-BR-00000318,0.0
NGIQ-BR-00000110,right,NGIQ-BR-00000319,0.0
NGIQ-BR-00000110,right,NGIQ-BR-00000320,0.0
NGIQ-BR-00000110,right,NGIQ-BR-00000321,0.0
NGIQ-BR-00000110,right,NGIQ-BR-00000322,0.0
NGIQ-BR-00000110,right,NGIQ-BR-00000323,0.0
NGIQ-BR-00000110,right,NGIQ-BR-00000324,0.0
NGIQ-BR-00000110,right,NGIQ-BR-00000325,0.0
NGIQ-BR-00000110,right,NGIQ-BR-00000326,0.0
NGIQ-BR-00000110,right,NGIQ-BR-00000327,0.0
NGIQ-BR-00000110,right,NGIQ-BR-00000328,0.0
NGIQ-BR-00000110,right,NGIQ-BR-00000329,0.0
NGIQ-BR-00000110,right,NGIQ-BR-00000330,0.0
NGIQ-BR-00000112,right,NGIQ-BR-00000306,0.22715
NGIQ-BR-00000112,right,NGIQ-BR-00000312,0.07759
NGIQ-BR-00000112,right,NGIQ-BR-00000300,0.0
NGIQ-BR-00000112,right,NGIQ-BR-00000301,0.0
NGIQ-BR-00000112,right,NGIQ-BR-00000302,0.0
NGIQ-BR-00000112,right,NGIQ-BR-00000303,0.0
NGIQ-BR-00000112,right,NGIQ-BR-00000304,0.0
NGIQ-BR-00000112,right,NGIQ-BR-00000305,0.0
NGIQ-BR-00000112,right,NGIQ-BR-00000307,0.0
NGIQ-BR-00000112,right,NGIQ-BR-00000308,0.0
NGIQ-BR-00000112,right,NGIQ-BR-00000309,0.0
NGIQ-BR-00000112,right,NGIQ-BR-00000310,0.0
NGIQ-BR-00000112,right,NGIQ-BR-00000311,0.0
NGIQ-BR-00000112,right,NGIQ-BR-00000313,0.0
NGIQ-BR-00000112,right,NGIQ-BR-00000314,0.0
NGIQ-BR-00000112,right,NGIQ-BR-00000315,0.0
NGIQ-BR-00000112,right,NGIQ-BR-00000316,0.0
NGIQ-BR-00000112,right,NGIQ-BR-00000317,0.0
NGIQ-BR-00000112,right,NGIQ-BR-00000318,0.0
NGIQ-BR-00000112,right,NGIQ-BR-00000319,0.0
NGIQ-BR-00000112,right,NGIQ-BR-00000320,0.0
NGIQ-BR-00000112,right,NGIQ-BR-00000321,0.0
NGIQ-BR-00000112,right,NGIQ-BR-00000322,0.0
NGIQ-BR-00000112,right,NGIQ-BR-00000323,0.0
NGIQ-BR-00000112,right,NGIQ-BR-00000324,0.0
NGIQ-BR-00000112,right,NGIQ-BR-00000325,0.0
NGIQ-BR-00000112,right,NGIQ-BR-00000326,0.0
NGIQ-BR-00000112,right,NGIQ-BR-00000327,0.0
NGIQ-BR-00000112,right,NGIQ-BR-00000328,0.0
NGIQ-BR-00000112,right,NGIQ-BR-00000329,0.0
NGIQ-BR-00000112,right,NGIQ-BR-00000330,0.0
NGIQ-BR-00000114,right,NGIQ-BR-00000306,0.49206
NGIQ-BR-00000114,right,NGIQ-BR-00000304,0.00122
NGIQ-BR-00000114,right,NGIQ-BR-00000300,0.0
NGIQ-BR-00000114,right,NGIQ-BR-00000301,0.0
NGIQ-BR-00000114,right,NGIQ-BR-00000302,0.0
NGIQ-BR-00000114,right,NGIQ-BR-00000303,0.0
NGIQ-BR-00000114,right,NGIQ-BR-00000305,0.0
NGIQ-BR-00000114,right,NGIQ-BR-00000307,0.0
NGIQ-BR-00000114,right,NGIQ-BR-00000308,0.0
NGIQ-BR-00000114,right,NGIQ-BR-00000309,0.0
NGIQ-BR-00000114,right,NGIQ-BR-00000310,0.0
NGIQ-BR-00000114,right,NGIQ-BR-00000311,0.0
NGIQ-BR-00000114,right,NGIQ-BR-00000312,0.0
NGIQ-BR-00000114,right,NGIQ-BR-00000313,0.0
NGIQ-BR-00000114,right,NGIQ-BR-00000314,0.0
NGIQ-BR-00000114,right,NGIQ-BR-00000315,0.0
NGIQ-BR-00000114,right,NGIQ-BR-00000316,0.0
NGIQ-BR-00000114,right,NGIQ-BR-00000317,0.0
NGIQ-BR-00000114,right,NGIQ-BR-00000318,0.0
NGIQ-BR-00000114,right,NGIQ-BR-00000319,0.0
NGIQ-BR-00000114,right,NGIQ-BR-00000320,0.0
NGIQ-BR-00000114,right,NGIQ-BR-00000321,0.0
NGIQ-BR-00000114,right,NGIQ-BR-00000322,0.0
NGIQ-BR-00000114,right,NGIQ-BR-00000323,0.0
NGIQ-BR-00000114,right,NGIQ-BR-00000324,0.0
NGIQ-BR-00000114,right,NGIQ-BR-00000325,0.0
NGIQ-BR-00000114,right,NGIQ-BR-00000326,0.0
NGIQ-BR-00000114,right,NGIQ-BR-00000327,0.0
NGIQ-BR-00000114,right,NGIQ-BR-00000328,0.0
NGIQ-BR-00000114,right,NGIQ-BR-00000329,0.0
NGIQ-BR-00000114,right,NGIQ-BR-00000330,0.0
NGIQ-BR-00000116,right,NGIQ-BR-00000304,0.37645
NGIQ-BR-00000116,right,NGIQ-BR-00000303,0.02611
NGIQ-BR-00000116,right,NGIQ-BR-00000306,0.01972
NGIQ-BR-00000116,right,NGIQ-BR-00000313,0.00241
NGIQ-BR-00000116,right,NGIQ-BR-00000300,0.0
NGIQ-BR-00000116,right,NGIQ-BR-00000301,0.0
NGIQ-BR-00000116,right,NGIQ-BR-00000302,0.0
NGIQ-BR-00000116,right,NGIQ-BR-00000305,0.0
NGIQ-BR-00000116,right,NGIQ-BR-00000307,0.0
NGIQ-BR-00000116,right,NGIQ-BR-00000308,0.0
NGIQ-BR-00000116,right,NGIQ-BR-00000309,0.0
NGIQ-BR-00000116,right,NGIQ-BR-00000310,0.0
NGIQ-BR-00000116,right,NGIQ-BR-00000311,0.0
NGIQ-BR-00000116,right,NGIQ-BR-00000312,0.0
NGIQ-BR-00000116,right,NGIQ-BR-00000314,0.0
NGIQ-BR-00000116,right,NGIQ-BR-00000315,0.0
NGIQ-BR-00000116,right,NGIQ-BR-00000316,0.0
NGIQ-BR-00000116,right,NGIQ-BR-00000317,0.0
NGIQ-BR-00000116,right,NGIQ-BR-00000318,0.0
NGIQ-BR-00000116,right,NGIQ-BR-00000319,0.0
NGIQ-BR-00000116,right,NGIQ-BR-00000320,0.0
NGIQ-BR-00000116,right,NGIQ-BR-00000321,0.0
NGIQ-BR-00000116,right,NGIQ-BR-00000322,0.0
NGIQ-BR-00000116,right,NGIQ-BR-00000323,0.0
NGIQ-BR-00000116,right,NGIQ-BR-00000324,0.0
NGIQ-BR-00000116,right,NGIQ-BR-00000325,0.0
NGIQ-BR-00000116,right,NGIQ-BR-00000326,0.0
NGIQ-BR-00000116,right,NGIQ-BR-00000327,0.0
NGIQ-BR-00000116,right,NGIQ-BR-00000328,0.0
NGIQ-BR-00000116,right,NGIQ-BR-00000329,0.0
NGIQ-BR-00000116,right,NGIQ-BR-00000330,0.0
NGIQ-BR-00000118,right,NGIQ-BR-00000304,0.391
NGIQ-BR-00000118,right,NGIQ-BR-00000308,0.00377
NGIQ-BR-00000118,right,NGIQ-BR-00000310,0.00039
NGIQ-BR-00000118,right,NGIQ-BR-00000300,0.0
NGIQ-BR-00000118,right,NGIQ-BR-00000301,0.0
NGIQ-BR-00000118,right,NGIQ-BR-00000302,0.0
NGIQ-BR-00000118,right,NGIQ-BR-00000303,0.0
NGIQ-BR-00000118,right,NGIQ-BR-00000305,0.0
NGIQ-BR-00000118,right,NGIQ-BR-00000306,0.0
NGIQ-BR-00000118,right,NGIQ-BR-00000307,0.0
NGIQ-BR-00000118,right,NGIQ-BR-00000309,0.0
NGIQ-BR-00000118,right,NGIQ-BR-00000311,0.0
NGIQ-BR-00000118,right,NGIQ-BR-00000312,0.0
NGIQ-BR-00000118,right,NGIQ-BR-00000313,0.0
NGIQ-BR-00000118,right,NGIQ-BR-00000314,0.0
NGIQ-BR-00000118,right,NGIQ-BR-00000315,0.0
NGIQ-BR-00000118,right,NGIQ-BR-00000316,0.0
NGIQ-BR-00000118,right,NGIQ-BR-00000317,0.0
NGIQ-BR-00000118,right,NGIQ-BR-00000318,0.0
NGIQ-BR-00000118,right,NGIQ-BR-00000319,0.0
NGIQ-BR-00000118,right,NGIQ-BR-00000320,0.0
NGIQ-BR-00000118,right,NGIQ-BR-00000321,0.0
NGIQ-BR-00000118,right,NGIQ-BR-00000322,0.0
NGIQ-BR-00000118,right,NGIQ-BR-00000323,0.0
NGIQ-BR-00000118,right,NGIQ-BR-00000324,0.0
NGIQ-BR-00000118,right,NGIQ-BR-00000325,0.0
NGIQ-BR-00000118,right,NGIQ-BR-00000326,0.0
NGIQ-BR-00000118,right,NGIQ-BR-00000327,0.0
NGIQ-BR-00000118,right,NGIQ-BR-00000328,0.0
NGIQ-BR-00000118,right,NGIQ-BR-00000329,0.0
NGIQ-BR-00000118,right,NGIQ-BR-00000330,0.0
NGIQ-BR-00000120,right,NGIQ-BR-00000304,0.35171
NGIQ-BR-00000120,right,NGIQ-BR-00000306,0.05826
NGIQ-BR-00000120,right,NGIQ-BR-00000308,0.00206
NGIQ-BR-00000120,right,NGIQ-BR-00000300,0.0
NGIQ-BR-00000120,right,NGIQ-BR-00000301,0.0
NGIQ-BR-00000120,right,NGIQ-BR-00000302,0.0
NGIQ-BR-00000120,right,NGIQ-BR-00000303,0.0
NGIQ-BR-00000120,right,NGIQ-BR-00000305,0.0
NGIQ-BR-00000120,right,NGIQ-BR-00000307,0.0
NGIQ-BR-00000120,right,NGIQ-BR-00000309,0.0
NGIQ-BR-00000120,right,NGIQ-BR-00000310,0.0
NGIQ-BR-00000120,right,NGIQ-BR-00000311,0.0
NGIQ-BR-00000120,right,NGIQ-BR-00000312,0.0
NGIQ-BR-00000120,right,NGIQ-BR-00000313,0.0
NGIQ-BR-00000120,right,NGIQ-BR-00000314,0.0
NGIQ-BR-00000120,right,NGIQ-BR-00000315,0.0
NGIQ-BR-00000120,right,NGIQ-BR-00000316,0.0
NGIQ-BR-00000120,right,NGIQ-BR-00000317,0.0
NGIQ-BR-00000120,right,NGIQ-BR-00000318,0.0
NGIQ-BR-00000120,right,NGIQ-BR-00000319,0.0
NGIQ-BR-00000120,right,NGIQ-BR-00000320,0.0
NGIQ-BR-00000120,right,NGIQ-BR-00000321,0.0
NGIQ-BR-00000120,right,NGIQ-BR-00000322,0.0
NGIQ-BR-00000120,right,NGIQ-BR-00000323,0.0
NGIQ-BR-00000120,right,NGIQ-BR-00000324,0.0
NGIQ-BR-00000120,right,NGIQ-BR-00000325,0.0
NGIQ-BR-00000120,right,NGIQ-BR-00000326,0.0
NGIQ-BR-00000120,right,NGIQ-BR-00000327,0.0
NGIQ-BR-00000120,right,NGIQ-BR-00000328,0.0
NGIQ-BR-00000120,right,NGIQ-BR-00000329,0.0
NGIQ-BR-00000120,right,NGIQ-BR-00000330,0.0
NGIQ-BR-00000122,right,NGIQ-BR-00000303,0.40389
NGIQ-BR-00000122,right,NGIQ-BR-00000313,0.05773
NGIQ-BR-00000122,right,NGIQ-BR-00000304,0.01337
NGIQ-BR-00000122,right,NGIQ-BR-00000300,0.0
NGIQ-BR-00000122,right,NGIQ-BR-00000301,0.0
NGIQ-BR-00000122,right,NGIQ-BR-00000302,0.0
NGIQ-BR-00000122,right,NGIQ-BR-00000305,0.0
NGIQ-BR-00000122,right,NGIQ-BR-00000306,0.0
NGIQ-BR-00000122,right,NGIQ-BR-00000307,0.0
NGIQ-BR-00000122,right,NGIQ-BR-00000308,0.0
NGIQ-BR-00000122,right,NGIQ-BR-00000309,0.0
NGIQ-BR-00000122,right,NGIQ-BR-00000310,0.0
NGIQ-BR-00000122,right,NGIQ-BR-00000311,0.0
NGIQ-BR-00000122,right,NGIQ-BR-00000312,0.0
NGIQ-BR-00000122,right,NGIQ-BR-00000314,0.0
NGIQ-BR-00000122,right,NGIQ-BR-00000315,0.0
NGIQ-BR-00000122,right,NGIQ-BR-00000316,0.0
NGIQ-BR-00000122,right,NGIQ-BR-00000317,0.0
NGIQ-BR-00000122,right,NGIQ-BR-00000318,0.0
NGIQ-BR-00000122,right,NGIQ-BR-00000319,0.0
NGIQ-BR-00000122,right,NGIQ-BR-00000320,0.0
NGIQ-BR-00000122,right,NGIQ-BR-00000321,0.0
NGIQ-BR-00000122,right,NGIQ-BR-00000322,0.0
NGIQ-BR-00000122,right,NGIQ-BR-00000323,0.0
NGIQ-BR-00000122,right,NGIQ-BR-00000324,0.0
NGIQ-BR-00000122,right,NGIQ-BR-00000325,0.0
NGIQ-BR-00000122,right,NGIQ-BR-00000326,0.0
NGIQ-BR-00000122,right,NGIQ-BR-00000327,0.0
NGIQ-BR-00000122,right,NGIQ-BR-00000328,0.0
NGIQ-BR-00000122,right,NGIQ-BR-00000329,0.0
NGIQ-BR-00000122,right,NGIQ-BR-00000330,0.0
NGIQ-BR-00000124,right,NGIQ-BR-00000313,0.50904
NGIQ-BR-00000124,right,NGIQ-BR-00000304,0.0152
NGIQ-BR-00000124,right,NGIQ-BR-00000303,0.00745
NGIQ-BR-00000124,right,NGIQ-BR-00000300,0.0
NGIQ-BR-00000124,right,NGIQ-BR-00000301,0.0
NGIQ-BR-00000124,right,NGIQ-BR-00000302,0.0
NGIQ-BR-00000124,right,NGIQ-BR-00000305,0.0
NGIQ-BR-00000124,right,NGIQ-BR-00000306,0.0
NGIQ-BR-00000124,right,NGIQ-BR-00000307,0.0
NGIQ-BR-00000124,right,NGIQ-BR-00000308,0.0
NGIQ-BR-00000124,right,NGIQ-BR-00000309,0.0
NGIQ-BR-00000124,right,NGIQ-BR-00000310,0.0
NGIQ-BR-00000124,right,NGIQ-BR-00000311,0.0
NGIQ-BR-00000124,right,NGIQ-BR-00000312,0.0
NGIQ-BR-00000124,right,NGIQ-BR-00000314,0.0
NGIQ-BR-00000124,right,NGIQ-BR-00000315,0.0
NGIQ-BR-00000124,right,NGIQ-BR-00000316,0.0
NGIQ-BR-00000124,right,NGIQ-BR-00000317,0.0
NGIQ-BR-00000124,right,NGIQ-BR-00000318,0.0
NGIQ-BR-00000124,right,NGIQ-BR-00000319,0.0
NGIQ-BR-00000124,right,NGIQ-BR-00000320,0.0
NGIQ-BR-00000124,right,NGIQ-BR-00000321,0.0
NGIQ-BR-00000124,right,NGIQ-BR-00000322,0.0
NGIQ-BR-00000124,right,NGIQ-BR-00000323,0.0
NGIQ-BR-00000124,right,NGIQ-BR-00000324,0.0
NGIQ-BR-00000124,right,NGIQ-BR-00000325,0.0
NGIQ-BR-00000124,right,NGIQ-BR-00000326,0.0
NGIQ-BR-00000124,right,NGIQ-BR-00000327,0.0
NGIQ-BR-00000124,right,NGIQ-BR-00000328,0.0
NGIQ-BR-00000124,right,NGIQ-BR-00000329,0.0
NGIQ-BR-00000124,right,NGIQ-BR-00000330,0.0
NGIQ-BR-00000126,right,NGIQ-BR-00000313,0.33943
NGIQ-BR-00000126,right,NGIQ-BR-00000304,0.11371
NGIQ-BR-00000126,right,NGIQ-BR-00000300,0.0
NGIQ-BR-00000126,right,NGIQ-BR-00000301,0.0
NGIQ-BR-00000126,right,NGIQ-BR-00000302,0.0
NGIQ-BR-00000126,right,NGIQ-BR-00000303,0.0
NGIQ-BR-00000126,right,NGIQ-BR-00000305,0.0
NGIQ-BR-00000126,right,NGIQ-BR-00000306,0.0
NGIQ-BR-00000126,right,NGIQ-BR-00000307,0.0
NGIQ-BR-00000126,right,NGIQ-BR-00000308,0.0
NGIQ-BR-00000126,right,NGIQ-BR-00000309,0.0
NGIQ-BR-00000126,right,NGIQ-BR-00000310,0.0
NGIQ-BR-00000126,right,NGIQ-BR-00000311,0.0
NGIQ-BR-00000126,right,NGIQ-BR-00000312,0.0
NGIQ-BR-00000126,right,NGIQ-BR-00000314,0.0
NGIQ-BR-00000126,right,NGIQ-BR-00000315,0.0
NGIQ-BR-00000126,right,NGIQ-BR-00000316,0.0
NGIQ-BR-00000126,right,NGIQ-BR-00000317,0.0
NGIQ-BR-00000126,right,NGIQ-BR-00000318,0.0
NGIQ-BR-00000126,right,NGIQ-BR-00000319,0.0
NGIQ-BR-00000126,right,NGIQ-BR-00000320,0.0
NGIQ-BR-00000126,right,NGIQ-BR-00000321,0.0
NGIQ-BR-00000126,right,NGIQ-BR-00000322,0.0
NGIQ-BR-00000126,right,NGIQ-BR-00000323,0.0
NGIQ-BR-00000126,right,NGIQ-BR-00000324,0.0
NGIQ-BR-00000126,right,NGIQ-BR-00000325,0.0
NGIQ-BR-00000126,right,NGIQ-BR-00000326,0.0
NGIQ-BR-00000126,right,NGIQ-BR-00000327,0.0
NGIQ-BR-00000126,right,NGIQ-BR-00000328,0.0
NGIQ-BR-00000126,right,NGIQ-BR-00000329,0.0
NGIQ-BR-00000126,right,NGIQ-BR-00000330,0.0
NGIQ-BR-00000128,right,NGIQ-BR-00000303,0.41885
NGIQ-BR-00000128,right,NGIQ-BR-00000313,0.18376
NGIQ-BR-00000128,right,NGIQ-BR-00000300,0.0
NGIQ-BR-00000128,right,NGIQ-BR-00000301,0.0
NGIQ-BR-00000128,right,NGIQ-BR-00000302,0.0
NGIQ-BR-00000128,right,NGIQ-BR-00000304,0.0
NGIQ-BR-00000128,right,NGIQ-BR-00000305,0.0
NGIQ-BR-00000128,right,NGIQ-BR-00000306,0.0
NGIQ-BR-00000128,right,NGIQ-BR-00000307,0.0
NGIQ-BR-00000128,right,NGIQ-BR-00000308,0.0
NGIQ-BR-00000128,right,NGIQ-BR-00000309,0.0
NGIQ-BR-00000128,right,NGIQ-BR-00000310,0.0
NGIQ-BR-00000128,right,NGIQ-BR-00000311,0.0
NGIQ-BR-00000128,right,NGIQ-BR-00000312,0.0
NGIQ-BR-00000128,right,NGIQ-BR-00000314,0.0
NGIQ-BR-00000128,right,NGIQ-BR-00000315,0.0
NGIQ-BR-00000128,right,NGIQ-BR-00000316,0.0
NGIQ-BR-00000128,right,NGIQ-BR-00000317,0.0
NGIQ-BR-00000128,right,NGIQ-BR-00000318,0.0
NGIQ-BR-00000128,right,NGIQ-BR-00000319,0.0
NGIQ-BR-00000128,right,NGIQ-BR-00000320,0.0
NGIQ-BR-00000128,right,NGIQ-BR-00000321,0.0
NGIQ-BR-00000128,right,NGIQ-BR-00000322,0.0
NGIQ-BR-00000128,right,NGIQ-BR-00000323,0.0
NGIQ-BR-00000128,right,NGIQ-BR-00000324,0.0
NGIQ-BR-00000128,right,NGIQ-BR-00000325,0.0
NGIQ-BR-00000128,right,NGIQ-BR-00000326,0.0
NGIQ-BR-00000128,right,NGIQ-BR-00000327,0.0
NGIQ-BR-00000128,right,NGIQ-BR-00000328,0.0
NGIQ-BR-00000128,right,NGIQ-BR-00000329,0.0
NGIQ-BR-00000128,right,NGIQ-BR-00000330,0.0
NGIQ-BR-00000130,right,NGIQ-BR-00000303,0.67612
NGIQ-BR-00000130,right,NGIQ-BR-00000300,0.0
NGIQ-BR-00000130,right,NGIQ-BR-00000301,0.0
NGIQ-BR-00000130,right,NGIQ-BR-00000302,0.0
NGIQ-BR-00000130,right,NGIQ-BR-00000304,0.0
NGIQ-BR-00000130,right,NGIQ-BR-00000305,0.0
NGIQ-BR-00000130,right,NGIQ-BR-00000306,0.0
NGIQ-BR-00000130,right,NGIQ-BR-00000307,0.0
NGIQ-BR-00000130,right,NGIQ-BR-00000308,0.0
NGIQ-BR-00000130,right,NGIQ-BR-00000309,0.0
NGIQ-BR-00000130,right,NGIQ-BR-00000310,0.0
NGIQ-BR-00000130,right,NGIQ-BR-00000311,0.0
NGIQ-BR-00000130,right,NGIQ-BR-00000312,0.0
NGIQ-BR-00000130,right,NGIQ-BR-00000313,0.0
NGIQ-BR-00000130,right,NGIQ-BR-00000314,0.0
NGIQ-BR-00000130,right,NGIQ-BR-00000315,0.0
NGIQ-BR-00000130,right,NGIQ-BR-00000316,0.0
NGIQ-BR-00000130,right,NGIQ-BR-00000317,0.0
NGIQ-BR-00000130,right,NGIQ-BR-00000318,0.0
NGIQ-BR-00000130,right,NGIQ-BR-00000319,0.0
NGIQ-BR-00000130,right,NGIQ-BR-00000320,0.0
NGIQ-BR-00000130,right,NGIQ-BR-00000321,0.0
NGIQ-BR-00000130,right,NGIQ-BR-00000322,0.0
NGIQ-BR-00000130,right,NGIQ-BR-00000323,0.0
NGIQ-BR-00000130,right,NGIQ-BR-00000324,0.0
NGIQ-BR-00000130,right,NGIQ-BR-00000325,0.0
NGIQ-BR-00000130,right,NGIQ-BR-00000326,0.0
NGIQ-BR-00000130,right,NGIQ-BR-00000327,0.0
NGIQ-BR-00000130,right,NGIQ-BR-00000328,0.0
NGIQ-BR-00000130,right,NGIQ-BR-00000329,0.0
NGIQ-BR-00000130,right,NGIQ-BR-00000330,0.0
NGIQ-BR-00000132,right,NGIQ-BR-00000313,0.43841
NGIQ-BR-00000132,right,NGIQ-BR-00000304,0.00403
NGIQ-BR-00000132,right,NGIQ-BR-00000310,0.00252
NGIQ-BR-00000132,right,NGIQ-BR-00000300,0.0
NGIQ-BR-00000132,right,NGIQ-BR-00000301,0.0
NGIQ-BR-00000132,right,NGIQ-BR-00000302,0.0
NGIQ-BR-00000132,right,NGIQ-BR-00000303,0.0
NGIQ-BR-00000132,right,NGIQ-BR-00000305,0.0
NGIQ-BR-00000132,right,NGIQ-BR-00000306,0.0
NGIQ-BR-00000132,right,NGIQ-BR-00000307,0.0
NGIQ-BR-00000132,right,NGIQ-BR-00000308,0.0
NGIQ-BR-00000132,right,NGIQ-BR-00000309,0.0
NGIQ-BR-00000132,right,NGIQ-BR-00000311,0.0
NGIQ-BR-00000132,right,NGIQ-BR-00000312,0.0
NGIQ-BR-00000132,right,NGIQ-BR-00000314,0.0
NGIQ-BR-00000132,right,NGIQ-BR-00000315,0.0
NGIQ-BR-00000132,right,NGIQ-BR-00000316,0.0
NGIQ-BR-00000132,right,NGIQ-BR-00000317,0.0
NGIQ-BR-00000132,right,NGIQ-BR-00000318,0.0
NGIQ-BR-00000132,right,NGIQ-BR-00000319,0.0
NGIQ-BR-00000132,right,NGIQ-BR-00000320,0.0
NGIQ-BR-00000132,right,NGIQ-BR-00000321,0.0
NGIQ-BR-00000132,right,NGIQ-BR-00000322,0.0
NGIQ-BR-00000132,right,NGIQ-BR-00000323,0.0
NGIQ-BR-00000132,right,NGIQ-BR-00000324,0.0
NGIQ-BR-00000132,right,NGIQ-BR-00000325,0.0
NGIQ-BR-00000132,right,NGIQ-BR-00000326,0.0
NGIQ-BR-00000132,right,NGIQ-BR-00000327,0.0
NGIQ-BR-00000132,right,NGIQ-BR-00000328,0.0
NGIQ-BR-00000132,right,NGIQ-BR-00000329,0.0
NGIQ-BR-00000132,right,NGIQ-BR-00000330,0.0
NGIQ-BR-00000138,right,NGIQ-BR-00000326,0.29844
NGIQ-BR-00000138,right,NGIQ-BR-00000322,0.01075
NGIQ-BR-00000138,right,NGIQ-BR-00000300,0.0
NGIQ-BR-00000138,right,NGIQ-BR-00000301,0.0
NGIQ-BR-00000138,right,NGIQ-BR-00000302,0.0
NGIQ-BR-00000138,right,NGIQ-BR-00000303,0.0
NGIQ-BR-00000138,right,NGIQ-BR-00000304,0.0
NGIQ-BR-00000138,right,NGIQ-BR-00000305,0.0
NGIQ-BR-00000138,right,NGIQ-BR-00000306,0.0
NGIQ-BR-00000138,right,NGIQ-BR-00000307,0.0
NGIQ-BR-00000138,right,NGIQ-BR-00000308,0.0
NGIQ-BR-00000138,right,NGIQ-BR-00000309,0.0
NGIQ-BR-00000138,right,NGIQ-BR-00000310,0.0
NGIQ-BR-00000138,right,NGIQ-BR-00000311,0.0
NGIQ-BR-00000138,right,NGIQ-BR-00000312,0.0
NGIQ-BR-00000138,right,NGIQ-BR-00000313,0.0
NGIQ-BR-00000138,right,NGIQ-BR-00000314,0.0
NGIQ-BR-00000138,right,NGIQ-BR-00000315,0.0
NGIQ-BR-00000138,right,NGIQ-BR-00000316,0.0
NGIQ-BR-00000138,right,NGIQ-BR-00000317,0.0
NGIQ-BR-00000138,right,NGIQ-BR-00000318,0.0
NGIQ-BR-00000138,right,NGIQ-BR-00000319,0.0
NGIQ-BR-00000138,right,NGIQ-BR-00000320,0.0
NGIQ-BR-00000138,right,NGIQ-BR-00000321,0.0
NGIQ-BR-00000138,right,NGIQ-BR-00000323,0.0
NGIQ-BR-00000138,right,NGIQ-BR-00000324,0.0
NGIQ-BR-00000138,right,NGIQ-BR-00000325,0.0
NGIQ-BR-00000138,right,NGIQ-BR-00000327,0.0
NGIQ-BR-00000138,right,NGIQ-BR-00000328,0.0
NGIQ-BR-00000138,right,NGIQ-BR-00000329,0.0
NGIQ-BR-00000138,right,NGIQ-BR-00000330,0.0
NGIQ-BR-00000140,right,NGIQ-BR-00000326,0.28496
NGIQ-BR-00000140,right,NGIQ-BR-00000305,0.00361
NGIQ-BR-00000140,right,NGIQ-BR-00000328,0.00297
NGIQ-BR-00000140,right,NGIQ-BR-00000319,0.00096
NGIQ-BR-00000140,right,NGIQ-BR-00000300,0.0
NGIQ-BR-00000140,right,NGIQ-BR-00000301,0.0
NGIQ-BR-00000140,right,NGIQ-BR-00000302,0.0
NGIQ-BR-00000140,right,NGIQ-BR-00000303,0.0
NGIQ-BR-00000140,right,NGIQ-BR-00000304,0.0
NGIQ-BR-00000140,right,NGIQ-BR-00000306,0.0
NGIQ-BR-00000140,right,NGIQ-BR-00000307,0.0
NGIQ-BR-00000140,right,NGIQ-BR-00000308,0.0
NGIQ-BR-00000140,right,NGIQ-BR-00000309,0.0
NGIQ-BR-00000140,right,NGIQ-BR-00000310,0.0
NGIQ-BR-00000140,right,NGIQ-BR-00000311,0.0
NGIQ-BR-00000140,right,NGIQ-BR-00000312,0.0
NGIQ-BR-00000140,right,NGIQ-BR-00000313,0.0
NGIQ-BR-00000140,right,NGIQ-BR-00000314,0.0
NGIQ-BR-00000140,right,NGIQ-BR-00000315,0.0
NGIQ-BR-00000140,right,NGIQ-BR-00000316,0.0
NGIQ-BR-00000140,right,NGIQ-BR-00000317,0.0
NGIQ-BR-00000140,right,NGIQ-BR-00000318,0.0
NGIQ-BR-00000140,right,NGIQ-BR-00000320,0.0
NGIQ-BR-00000140,right,NGIQ-BR-00000321,0.0
NGIQ-BR-00000140,right,NGIQ-BR-00000322,0.0
NGIQ-BR-00000140,right,NGIQ-BR-00000323,0.0
NGIQ-BR-00000140,right,NGIQ-BR-00000324,0.0
NGIQ-BR-00000140,right,NGIQ-BR-00000325,0.0
NGIQ-BR-00000140,right,NGIQ-BR-00000327,0.0
NGIQ-BR-00000140,right,NGIQ-BR-00000329,0.0
NGIQ-BR-00000140,right,NGIQ-BR-00000330,0.0
NGIQ-BR-00000142,right,NGIQ-BR-00000326,0.32135
NGIQ-BR-00000142,right,NGIQ-BR-00000319,0.00738
NGIQ-BR-00000142,right,NGIQ-BR-00000322,0.00395
NGIQ-BR-00000142,right,NGIQ-BR-00000300,0.0
NGIQ-BR-00000142,right,NGIQ-BR-00000301,0.0
NGIQ-BR-00000142,right,NGIQ-BR-00000302,0.0
NGIQ-BR-00000142,right,NGIQ-BR-00000303,0.0
NGIQ-BR-00000142,right,NGIQ-BR-00000304,0.0
NGIQ-BR-00000142,right,NGIQ-BR-00000305,0.0
NGIQ-BR-00000142,right,NGIQ-BR-00000306,0.0
NGIQ-BR-00000142,right,NGIQ-BR-00000307,0.0
NGIQ-BR-00000142,right,NGIQ-BR-00000308,0.0
NGIQ-BR-00000142,right,NGIQ-BR-00000309,0.0
NGIQ-BR-00000142,right,NGIQ-BR-00000310,0.0
NGIQ-BR-00000142,right,NGIQ-BR-00000311,0.0
NGIQ-BR-00000142,right,NGIQ-BR-00000312,0.0
NGIQ-BR-00000142,right,NGIQ-BR-00000313,0.0
NGIQ-BR-00000142,right,NGIQ-BR-00000314,0.0
NGIQ-BR-00000142,right,NGIQ-BR-00000315,0.0
NGIQ-BR-00000142,right,NGIQ-BR-00000316,0.0
NGIQ-BR-00000142,right,NGIQ-BR-00000317,0.0
NGIQ-BR-00000142,right,NGIQ-BR-00000318,0.0
NGIQ-BR-00000142,right,NGIQ-BR-00000320,0.0
NGIQ-BR-00000142,right,NGIQ-BR-00000321,0.0
NGIQ-BR-00000142,right,NGIQ-BR-00000323,0.0
NGIQ-BR-00000142,right,NGIQ-BR-00000324,0.0
NGIQ-BR-00000142,right,NGIQ-BR-00000325,0.0
NGIQ-BR-00000142,right,NGIQ-BR-00000327,0.0
NGIQ-BR-00000142,right,NGIQ-BR-00000328,0.0
NGIQ-BR-00000142,right,NGIQ-BR-00000329,0.0
NGIQ-BR-00000142,right,NGIQ-BR-00000330,0.0
NGIQ-BR-00000144,right,NGIQ-BR-00000326,0.13796
NGIQ-BR-00000144,right,NGIQ-BR-00000305,0.02272
NGIQ-BR-00000144,right,NGIQ-BR-00000300,0.0
NGIQ-BR-00000144,right,NGIQ-BR-00000301,0.0
NGIQ-BR-00000144,right,NGIQ-BR-00000302,0.0
NGIQ-BR-00000144,right,NGIQ-BR-00000303,0.0
NGIQ-BR-00000144,right,NGIQ-BR-00000304,0.0
NGIQ-BR-00000144,right,NGIQ-BR-00000306,0.0
NGIQ-BR-00000144,right,NGIQ-BR-00000307,0.0
NGIQ-BR-00000144,right,NGIQ-BR-00000308,0.0
NGIQ-BR-00000144,right,NGIQ-BR-00000309,0.0
NGIQ-BR-00000144,right,NGIQ-BR-00000310,0.0
NGIQ-BR-00000144,right,NGIQ-BR-00000311,0.0
NGIQ-BR-00000144,right,NGIQ-BR-00000312,0.0
NGIQ-BR-00000144,right,NGIQ-BR-00000313,0.0
NGIQ-BR-00000144,right,NGIQ-BR-00000314,0.0
NGIQ-BR-00000144,right,NGIQ-BR-00000315,0.0
NGIQ-BR-00000144,right,NGIQ-BR-00000316,0.0
NGIQ-BR-00000144,right,NGIQ-BR-00000317,0.0
NGIQ-BR-00000144,right,NGIQ-BR-00000318,0.0
NGIQ-BR-00000144,right,NGIQ-BR-00000319,0.0
NGIQ-BR-00000144,right,NGIQ-BR-00000320,0.0
NGIQ-BR-00000144,right,NGIQ-BR-00000321,0.0
NGIQ-BR-00000144,right,NGIQ-BR-00000322,0.0
NGIQ-BR-00000144,right,NGIQ-BR-00000323,0.0
NGIQ-BR-00000144,right,NGIQ-BR-00000324,0.0
NGIQ-BR-00000144,right,NGIQ-BR-00000325,0.0
NGIQ-BR-00000144,right,NGIQ-BR-00000327,0.0
NGIQ-BR-00000144,right,NGIQ-BR-00000328,0.0
NGIQ-BR-00000144,right,NGIQ-BR-00000329,0.0
NGIQ-BR-00000144,right,NGIQ-BR-00000330,0.0
NGIQ-BR-00000146,right,NGIQ-BR-00000305,0.32614
NGIQ-BR-00000146,right,NGIQ-BR-00000326,0.00077
NGIQ-BR-00000146,right,NGIQ-BR-00000300,0.0
NGIQ-BR-00000146,right,NGIQ-BR-00000301,0.0
NGIQ-BR-00000146,right,NGIQ-BR-00000302,0.0
NGIQ-BR-00000146,right,NGIQ-BR-00000303,0.0
NGIQ-BR-00000146,right,NGIQ-BR-00000304,0.0
NGIQ-BR-00000146,right,NGIQ-BR-00000306,0.0
NGIQ-BR-00000146,right,NGIQ-BR-00000307,0.0
NGIQ-BR-00000146,right,NGIQ-BR-00000308,0.0
NGIQ-BR-00000146,right,NGIQ-BR-00000309,0.0
NGIQ-BR-00000146,right,NGIQ-BR-00000310,0.0
NGIQ-BR-00000146,right,NGIQ-BR-00000311,0.0
NGIQ-BR-00000146,right,NGIQ-BR-00000312,0.0
NGIQ-BR-00000146,right,NGIQ-BR-00000313,0.0
NGIQ-BR-00000146,right,NGIQ-BR-00000314,0.0
NGIQ-BR-00000146,right,NGIQ-BR-00000315,0.0
NGIQ-BR-00000146,right,NGIQ-BR-00000316,0.0
NGIQ-BR-00000146,right,NGIQ-BR-00000317,0.0
NGIQ-BR-00000146,right,NGIQ-BR-00000318,0.0
NGIQ-BR-00000146,right,NGIQ-BR-00000319,0.0
NGIQ-BR-00000146,right,NGIQ-BR-00000320,0.0
NGIQ-BR-00000146,right,NGIQ-BR-00000321,0.0
NGIQ-BR-00000146,right,NGIQ-BR-00000322,0.0
NGIQ-BR-00000146,right,NGIQ-BR-00000323,0.0
NGIQ-BR-00000146,right,NGIQ-BR-00000324,0.0
NGIQ-BR-00000146,right,NGIQ-BR-00000325,0.0
NGIQ-BR-00000146,right,NGIQ-BR-00000327,0.0
NGIQ-BR-00000146,right,NGIQ-BR-00000328,0.0
NGIQ-BR-00000146,right,NGIQ-BR-00000329,0.0
NGIQ-BR-00000146,right,NGIQ-BR-00000330,0.0
NGIQ-BR-00000148,right,NGIQ-BR-00000328,0.23557
NGIQ-BR-00000148,right,NGIQ-BR-00000305,0.02533
NGIQ-BR-00000148,right,NGIQ-BR-00000319,0.0088
NGIQ-BR-00000148,right,NGIQ-BR-00000326,0.001
NGIQ-BR-00000148,right,NGIQ-BR-00000300,0.0
NGIQ-BR-00000148,right,NGIQ-BR-00000301,0.0
NGIQ-BR-00000148,right,NGIQ-BR-00000302,0.0
NGIQ-BR-00000148,right,NGIQ-BR-00000303,0.0
NGIQ-BR-00000148,right,NGIQ-BR-00000304,0.0
NGIQ-BR-00000148,right,NGIQ-BR-00000306,0.0
NGIQ-BR-00000148,right,NGIQ-BR-00000307,0.0
NGIQ-BR-00000148,right,NGIQ-BR-00000308,0.0
NGIQ-BR-00000148,right,NGIQ-BR-00000309,0.0
NGIQ-BR-00000148,right,NGIQ-BR-00000310,0.0
NGIQ-BR-00000148,right,NGIQ-BR-00000311,0.0
NGIQ-BR-00000148,right,NGIQ-BR-00000312,0.0
NGIQ-BR-00000148,right,NGIQ-BR-00000313,0.0
NGIQ-BR-00000148,right,NGIQ-BR-00000314,0.0
NGIQ-BR-00000148,right,NGIQ-BR-00000315,0.0
NGIQ-BR-00000148,right,NGIQ-BR-00000316,0.0
NGIQ-BR-00000148,right,NGIQ-BR-00000317,0.0
NGIQ-BR-00000148,right,NGIQ-BR-00000318,0.0
NGIQ-BR-00000148,right,NGIQ-BR-00000320,0.0
NGIQ-BR-00000148,right,NGIQ-BR-00000321,0.0
NGIQ-BR-00000148,right,NGIQ-BR-00000322,0.0
NGIQ-BR-00000148,right,NGIQ-BR-00000323,0.0
NGIQ-BR-00000148,right,NGIQ-BR-00000324,0.0
NGIQ-BR-00000148,right,NGIQ-BR-00000325,0.0
NGIQ-BR-00000148,right,NGIQ-BR-00000327,0.0
NGIQ-BR-00000148,right,NGIQ-BR-00000329,0.0
NGIQ-BR-00000148,right,NGIQ-BR-00000330,0.0
NGIQ-BR-00000150,right,NGIQ-BR-00000328,0.27368
NGIQ-BR-00000150,right,NGIQ-BR-00000305,0.07544
NGIQ-BR-00000150,right,NGIQ-BR-00000327,0.00014
NGIQ-BR-00000150,right,NGIQ-BR-00000300,0.0
NGIQ-BR-00000150,right,NGIQ-BR-00000301,0.0
NGIQ-BR-00000150,right,NGIQ-BR-00000302,0.0
NGIQ-BR-00000150,right,NGIQ-BR-00000303,0.0
NGIQ-BR-00000150,right,NGIQ-BR-00000304,0.0
NGIQ-BR-00000150,right,NGIQ-BR-00000306,0.0
NGIQ-BR-00000150,right,NGIQ-BR-00000307,0.0
NGIQ-BR-00000150,right,NGIQ-BR-00000308,0.0
NGIQ-BR-00000150,right,NGIQ-BR-00000309,0.0
NGIQ-BR-00000150,right,NGIQ-BR-00000310,0.0
NGIQ-BR-00000150,right,NGIQ-BR-00000311,0.0
NGIQ-BR-00000150,right,NGIQ-BR-00000312,0.0
NGIQ-BR-00000150,right,NGIQ-BR-00000313,0.0
NGIQ-BR-00000150,right,NGIQ-BR-00000314,0.0
NGIQ-BR-00000150,right,NGIQ-BR-00000315,0.0
NGIQ-BR-00000150,right,NGIQ-BR-00000316,0.0
NGIQ-BR-00000150,right,NGIQ-BR-00000317,0.0
NGIQ-BR-00000150,right,NGIQ-BR-00000318,0.0
NGIQ-BR-00000150,right,NGIQ-BR-00000319,0.0
NGIQ-BR-00000150,right,NGIQ-BR-00000320,0.0
NGIQ-BR-00000150,right,NGIQ-BR-00000321,0.0
NGIQ-BR-00000150,right,NGIQ-BR-00000322,0.0
NGIQ-BR-00000150,right,NGIQ-BR-00000323,0.0
NGIQ-BR-00000150,right,NGIQ-BR-00000324,0.0
NGIQ-BR-00000150,right,NGIQ-BR-00000325,0.0
NGIQ-BR-00000150,right,NGIQ-BR-00000326,0.0
NGIQ-BR-00000150,right,NGIQ-BR-00000329,0.0
NGIQ-BR-00000150,right,NGIQ-BR-00000330,0.0
NGIQ-BR-00000152,right,NGIQ-BR-00000305,0.21364
NGIQ-BR-00000152,right,NGIQ-BR-00000328,0.00309
NGIQ-BR-00000152,right,NGIQ-BR-00000312,0.00172
NGIQ-BR-00000152,right,NGIQ-BR-00000300,0.0
NGIQ-BR-00000152,right,NGIQ-BR-00000301,0.0
NGIQ-BR-00000152,right,NGIQ-BR-00000302,0.0
NGIQ-BR-00000152,right,NGIQ-BR-00000303,0.0
NGIQ-BR-00000152,right,NGIQ-BR-00000304,0.0
NGIQ-BR-00000152,right,NGIQ-BR-00000306,0.0
NGIQ-BR-00000152,right,NGIQ-BR-00000307,0.0
NGIQ-BR-00000152,right,NGIQ-BR-00000308,0.0
NGIQ-BR-00000152,right,NGIQ-BR-00000309,0.0
NGIQ-BR-00000152,right,NGIQ-BR-00000310,0.0
NGIQ-BR-00000152,right,NGIQ-BR-00000311,0.0
NGIQ-BR-00000152,right,NGIQ-BR-00000313,0.0
NGIQ-BR-00000152,right,NGIQ-BR-00000314,0.0
NGIQ-BR-00000152,right,NGIQ-BR-00000315,0.0
NGIQ-BR-00000152,right,NGIQ-BR-00000316,0.0
NGIQ-BR-00000152,right,NGIQ-BR-00000317,0.0
NGIQ-BR-00000152,right,NGIQ-BR-00000318,0.0
NGIQ-BR-00000152,right,NGIQ-BR-00000319,0.0
NGIQ-BR-00000152,right,NGIQ-BR-00000320,0.0
NGIQ-BR-00000152,right,NGIQ-BR-00000321,0.0
NGIQ-BR-00000152,right,NGIQ-BR-00000322,0.0
NGIQ-BR-00000152,right,NGIQ-BR-00000323,0.0
NGIQ-BR-00000152,right,NGIQ-BR-00000324,0.0
NGIQ-BR-00000152,right,NGIQ-BR-00000325,0.0
NGIQ-BR-00000152,right,NGIQ-BR-00000326,0.0
NGIQ-BR-00000152,right,NGIQ-BR-00000327,0.0
NGIQ-BR-00000152,right,NGIQ-BR-00000329,0.0
NGIQ-BR-00000152,right,NGIQ-BR-00000330,0.0
NGIQ-BR-00000154,right,NGIQ-BR-00000328,0.30173
NGIQ-BR-00000154,right,NGIQ-BR-00000327,0.00603
NGIQ-BR-00000154,right,NGIQ-BR-00000329,0.00509
NGIQ-BR-00000154,right,NGIQ-BR-00000330,0.00063
NGIQ-BR-00000154,right,NGIQ-BR-00000319,0.00019
NGIQ-BR-00000154,right,NGIQ-BR-00000300,0.0
NGIQ-BR-00000154,right,NGIQ-BR-00000301,0.0
NGIQ-BR-00000154,right,NGIQ-BR-00000302,0.0
NGIQ-BR-00000154,right,NGIQ-BR-00000303,0.0
NGIQ-BR-00000154,right,NGIQ-BR-00000304,0.0
NGIQ-BR-00000154,right,NGIQ-BR-00000305,0.0
NGIQ-BR-00000154,right,NGIQ-BR-00000306,0.0
NGIQ-BR-00000154,right,NGIQ-BR-00000307,0.0
NGIQ-BR-00000154,right,NGIQ-BR-00000308,0.0
NGIQ-BR-00000154,right,NGIQ-BR-00000309,0.0
NGIQ-BR-00000154,right,NGIQ-BR-00000310,0.0
NGIQ-BR-00000154,right,NGIQ-BR-00000311,0.0
NGIQ-BR-00000154,right,NGIQ-BR-00000312,0.0
NGIQ-BR-00000154,right,NGIQ-BR-00000313,0.0
NGIQ-BR-00000154,right,NGIQ-BR-00000314,0.0
NGIQ-BR-00000154,right,NGIQ-BR-00000315,0.0
NGIQ-BR-00000154,right,NGIQ-BR-00000316,0.0
NGIQ-BR-00000154,right,NGIQ-BR-00000317,0.0
NGIQ-BR-00000154,right,NGIQ-BR-00000318,0.0
NGIQ-BR-00000154,right,NGIQ-BR-00000320,0.0
NGIQ-BR-00000154,right,NGIQ-BR-00000321,0.0
NGIQ-BR-00000154,right,NGIQ-BR-00000322,0.0
NGIQ-BR-00000154,right,NGIQ-BR-00000323,0.0
NGIQ-BR-00000154,right,NGIQ-BR-00000324,0.0
NGIQ-BR-00000154,right,NGIQ-BR-00000325,0.0
NGIQ-BR-00000154,right,NGIQ-BR-00000326,0.0
NGIQ-BR-00000156,right,NGIQ-BR-00000322,0.24509
NGIQ-BR-00000156,right,NGIQ-BR-00000326,0.01766
NGIQ-BR-00000156,right,NGIQ-BR-00000300,0.0
NGIQ-BR-00000156,right,NGIQ-BR-00000301,0.0
NGIQ-BR-00000156,right,NGIQ-BR-00000302,0.0
NGIQ-BR-00000156,right,NGIQ-BR-00000303,0.0
NGIQ-BR-00000156,right,NGIQ-BR-00000304,0.0
NGIQ-BR-00000156,right,NGIQ-BR-00000305,0.0
NGIQ-BR-00000156,right,NGIQ-BR-00000306,0.0
NGIQ-BR-00000156,right,NGIQ-BR-00000307,0.0
NGIQ-BR-00000156,right,NGIQ-BR-00000308,0.0
NGIQ-BR-00000156,right,NGIQ-BR-00000309,0.0
NGIQ-BR-00000156,right,NGIQ-BR-00000310,0.0
NGIQ-BR-00000156,right,NGIQ-BR-00000311,0.0
NGIQ-BR-00000156,right,NGIQ-BR-00000312,0.0
NGIQ-BR-00000156,right,NGIQ-BR-00000313,0.0
NGIQ-BR-00000156,right,NGIQ-BR-00000314,0.0
NGIQ-BR-00000156,right,NGIQ-BR-00000315,0.0
NGIQ-BR-00000156,right,NGIQ-BR-00000316,0.0
NGIQ-BR-00000156,right,NGIQ-BR-00000317,0.0
NGIQ-BR-00000156,right,NGIQ-BR-00000318,0.0
NGIQ-BR-00000156,right,NGIQ-BR-00000319,0.0
NGIQ-BR-00000156,right,NGIQ-BR-00000320,0.0
NGIQ-BR-00000156,right,NGIQ-BR-00000321,0.0
NGIQ-BR-00000156,right,NGIQ-BR-00000323,0.0
NGIQ-BR-00000156,right,NGIQ-BR-00000324,0.0
NGIQ-BR-00000156,right,NGIQ-BR-00000325,0.0
NGIQ-BR-00000156,right,NGIQ-BR-00000327,0.0
NGIQ-BR-00000156,right,NGIQ-BR-00000328,0.0
NGIQ-BR-00000156,right,NGIQ-BR-00000329,0.0
NGIQ-BR-00000156,right,NGIQ-BR-00000330,0.0
NGIQ-BR-00000158,right,NGIQ-BR-00000322,0.31341
NGIQ-BR-00000158,right,NGIQ-BR-00000326,0.01615
NGIQ-BR-00000158,right,NGIQ-BR-00000314,0.00081
NGIQ-BR-00000158,right,NGIQ-BR-00000300,0.0
NGIQ-BR-00000158,right,NGIQ-BR-00000301,0.0
NGIQ-BR-00000158,right,NGIQ-BR-00000302,0.0
NGIQ-BR-00000158,right,NGIQ-BR-00000303,0.0
NGIQ-BR-00000158,right,NGIQ-BR-00000304,0.0
NGIQ-BR-00000158,right,NGIQ-BR-00000305,0.0
NGIQ-BR-00000158,right,NGIQ-BR-00000306,0.0
NGIQ-BR-00000158,right,NGIQ-BR-00000307,0.0
NGIQ-BR-00000158,right,NGIQ-BR-00000308,0.0
NGIQ-BR-00000158,right,NGIQ-BR-00000309,0.0
NGIQ-BR-00000158,right,NGIQ-BR-00000310,0.0
NGIQ-BR-00000158,right,NGIQ-BR-00000311,0.0
NGIQ-BR-00000158,right,NGIQ-BR-00000312,0.0
NGIQ-BR-00000158,right,NGIQ-BR-00000313,0.0
NGIQ-BR-00000158,right,NGIQ-BR-00000315,0.0
NGIQ-BR-00000158,right,NGIQ-BR-00000316,0.0
NGIQ-BR-00000158,right,NGIQ-BR-00000317,0.0
NGIQ-BR-00000158,right,NGIQ-BR-00000318,0.0
NGIQ-BR-00000158,right,NGIQ-BR-00000319,0.0
NGIQ-BR-00000158,right,NGIQ-BR-00000320,0.0
NGIQ-BR-00000158,right,NGIQ-BR-00000321,0.0
NGIQ-BR-00000158,right,NGIQ-BR-00000323,0.0
NGIQ-BR-00000158,right,NGIQ-BR-00000324,0.0
NGIQ-BR-00000158,right,NGIQ-BR-00000325,0.0
NGIQ-BR-00000158,right,NGIQ-BR-00000327,0.0
NGIQ-BR-00000158,right,NGIQ-BR-00000328,0.0
NGIQ-BR-00000158,right,NGIQ-BR-00000329,0.0
NGIQ-BR-00000158,right,NGIQ-BR-00000330,0.0
NGIQ-BR-00000160,right,NGIQ-BR-00000322,0.30823
NGIQ-BR-00000160,right,NGIQ-BR-00000307,0.01724
NGIQ-BR-00000160,right,NGIQ-BR-00000302,0.01411
NGIQ-BR-00000160,right,NGIQ-BR-00000310,0.00649
NGIQ-BR-00000160,right,NGIQ-BR-00000326,0.00344
NGIQ-BR-00000160,right,NGIQ-BR-00000318,0.00192
NGIQ-BR-00000160,right,NGIQ-BR-00000300,0.0
NGIQ-BR-00000160,right,NGIQ-BR-00000301,0.0
NGIQ-BR-00000160,right,NGIQ-BR-00000303,0.0
NGIQ-BR-00000160,right,NGIQ-BR-00000304,0.0
NGIQ-BR-00000160,right,NGIQ-BR-00000305,0.0
NGIQ-BR-00000160,right,NGIQ-BR-00000306,0.0
NGIQ-BR-00000160,right,NGIQ-BR-00000308,0.0
NGIQ-BR-00000160,right,NGIQ-BR-00000309,0.0
NGIQ-BR-00000160,right,NGIQ-BR-00000311,0.0
NGIQ-BR-00000160,right,NGIQ-BR-00000312,0.0
NGIQ-BR-00000160,right,NGIQ-BR-00000313,0.0
NGIQ-BR-00000160,right,NGIQ-BR-00000314,0.0
NGIQ-BR-00000160,right,NGIQ-BR-00000315,0.0
NGIQ-BR-00000160,right,NGIQ-BR-00000316,0.0
NGIQ-BR-00000160,right,NGIQ-BR-00000317,0.0
NGIQ-BR-00000160,right,NGIQ-BR-00000319,0.0
NGIQ-BR-00000160,right,NGIQ-BR-00000320,0.0
NGIQ-BR-00000160,right,NGIQ-BR-00000321,0.0
NGIQ-BR-00000160,right,NGIQ-BR-00000323,0.0
NGIQ-BR-00000160,right,NGIQ-BR-00000324,0.0
NGIQ-BR-00000160,right,NGIQ-BR-00000325,0.0
NGIQ-BR-00000160,right,NGIQ-BR-00000327,0.0
NGIQ-BR-00000160,right,NGIQ-BR-00000328,0.0
NGIQ-BR-00000160,right,NGIQ-BR-00000329,0.0
NGIQ-BR-00000160,right,NGIQ-BR-00000330,0.0
NGIQ-BR-00000162,right,NGIQ-BR-00000322,0.28725
NGIQ-BR-00000162,right,NGIQ-BR-00000307,0.00603
NGIQ-BR-00000162,right,NGIQ-BR-00000320,0.00016
NGIQ-BR-00000162,right,NGIQ-BR-00000300,0.0
NGIQ-BR-00000162,right,NGIQ-BR-00000301,0.0
NGIQ-BR-00000162,right,NGIQ-BR-00000302,0.0
NGIQ-BR-00000162,right,NGIQ-BR-00000303,0.0
NGIQ-BR-00000162,right,NGIQ-BR-00000304,0.0
NGIQ-BR-00000162,right,NGIQ-BR-00000305,0.0
NGIQ-BR-00000162,right,NGIQ-BR-00000306,0.0
NGIQ-BR-00000162,right,NGIQ-BR-00000308,0.0
NGIQ-BR-00000162,right,NGIQ-BR-00000309,0.0
NGIQ-BR-00000162,right,NGIQ-BR-00000310,0.0
NGIQ-BR-00000162,right,NGIQ-BR-00000311,0.0
NGIQ-BR-00000162,right,NGIQ-BR-00000312,0.0
NGIQ-BR-00000162,right,NGIQ-BR-00000313,0.0
NGIQ-BR-00000162,right,NGIQ-BR-00000314,0.0
NGIQ-BR-00000162,right,NGIQ-BR-00000315,0.0
NGIQ-BR-00000162,right,NGIQ-BR-00000316,0.0
NGIQ-BR-00000162,right,NGIQ-BR-00000317,0.0
NGIQ-BR-00000162,right,NGIQ-BR-00000318,0.0
NGIQ-BR-00000162,right,NGIQ-BR-00000319,0.0
NGIQ-BR-00000162,right,NGIQ-BR-00000321,0.0
NGIQ-BR-00000162,right,NGIQ-BR-00000323,0.0
NGIQ-BR-00000162,right,NGIQ-BR-00000324,0.0
NGIQ-BR-00000162,right,NGIQ-BR-00000325,0.0
NGIQ-BR-00000162,right,NGIQ-BR-00000326,0.0
NGIQ-BR-00000162,right,NGIQ-BR-00000327,0.0
NGIQ-BR-00000162,right,NGIQ-BR-00000328,0.0
NGIQ-BR-00000162,right,NGIQ-BR-00000329,0.0
NGIQ-BR-00000162,right,NGIQ-BR-00000330,0.0
NGIQ-BR-00000164,right,NGIQ-BR-00000319,0.32887
NGIQ-BR-00000164,right,NGIQ-BR-00000321,0.04585
NGIQ-BR-00000164,right,NGIQ-BR-00000300,0.0
NGIQ-BR-00000164,right,NGIQ-BR-00000301,0.0
NGIQ-BR-00000164,right,NGIQ-BR-00000302,0.0
NGIQ-BR-00000164,right,NGIQ-BR-00000303,0.0
NGIQ-BR-00000164,right,NGIQ-BR-00000304,0.0
NGIQ-BR-00000164,right,NGIQ-BR-00000305,0.0
NGIQ-BR-00000164,right,NGIQ-BR-00000306,0.0
NGIQ-BR-00000164,right,NGIQ-BR-00000307,0.0
NGIQ-BR-00000164,right,NGIQ-BR-00000308,0.0
NGIQ-BR-00000164,right,NGIQ-BR-00000309,0.0
NGIQ-BR-00000164,right,NGIQ-BR-00000310,0.0
NGIQ-BR-00000164,right,NGIQ-BR-00000311,0.0
NGIQ-BR-00000164,right,NGIQ-BR-00000312,0.0
NGIQ-BR-00000164,right,NGIQ-BR-00000313,0.0
NGIQ-BR-00000164,right,NGIQ-BR-00000314,0.0
NGIQ-BR-00000164,right,NGIQ-BR-00000315,0.0
NGIQ-BR-00000164,right,NGIQ-BR-00000316,0.0
NGIQ-BR-00000164,right,NGIQ-BR-00000317,0.0
NGIQ-BR-00000164,right,NGIQ-BR-00000318,0.0
NGIQ-BR-00000164,right,NGIQ-BR-00000320,0.0
NGIQ-BR-00000164,right,NGIQ-BR-00000322,0.0
NGIQ-BR-00000164,right,NGIQ-BR-00000323,0.0
NGIQ-BR-00000164,right,NGIQ-BR-00000324,0.0
NGIQ-BR-00000164,right,NGIQ-BR-00000325,0.0
NGIQ-BR-00000164,right,NGIQ-BR-00000326,0.0
NGIQ-BR-00000164,right,NGIQ-BR-00000327,0.0
NGIQ-BR-00000164,right,NGIQ-BR-00000328,0.0
NGIQ-BR-00000164,right,NGIQ-BR-00000329,0.0
NGIQ-BR-00000164,right,NGIQ-BR-00000330,0.0
NGIQ-BR-00000166,right,NGIQ-BR-00000319,0.45002
NGIQ-BR-00000166,right,NGIQ-BR-00000328,0.04245
NGIQ-BR-00000166,right,NGIQ-BR-00000321,0.01258
NGIQ-BR-00000166,right,NGIQ-BR-00000329,0.00065
NGIQ-BR-00000166,right,NGIQ-BR-00000330,0.00051
NGIQ-BR-00000166,right,NGIQ-BR-00000300,0.0
NGIQ-BR-00000166,right,NGIQ-BR-00000301,0.0
NGIQ-BR-00000166,right,NGIQ-BR-00000302,0.0
NGIQ-BR-00000166,right,NGIQ-BR-00000303,0.0
NGIQ-BR-00000166,right,NGIQ-BR-00000304,0.0
NGIQ-BR-00000166,right,NGIQ-BR-00000305,0.0
NGIQ-BR-00000166,right,NGIQ-BR-00000306,0.0
NGIQ-BR-00000166,right,NGIQ-BR-00000307,0.0
NGIQ-BR-00000166,right,NGIQ-BR-00000308,0.0
NGIQ-BR-00000166,right,NGIQ-BR-00000309,0.0
NGIQ-BR-00000166,right,NGIQ-BR-00000310,0.0
NGIQ-BR-00000166,right,NGIQ-BR-00000311,0.0
NGIQ-BR-00000166,right,NGIQ-BR-00000312,0.0
NGIQ-BR-00000166,right,NGIQ-BR-00000313,0.0
NGIQ-BR-00000166,right,NGIQ-BR-00000314,0.0
NGIQ-BR-00000166,right,NGIQ-BR-00000315,0.0
NGIQ-BR-00000166,right,NGIQ-BR-00000316,0.0
NGIQ-BR-00000166,right,NGIQ-BR-00000317,0.0
NGIQ-BR-00000166,right,NGIQ-BR-00000318,0.0
NGIQ-BR-00000166,right,NGIQ-BR-00000320,0.0
NGIQ-BR-00000166,right,NGIQ-BR-00000322,0.0
NGIQ-BR-00000166,right,NGIQ-BR-00000323,0.0
NGIQ-BR-00000166,right,NGIQ-BR-00000324,0.0
NGIQ-BR-00000166,right,NGIQ-BR-00000325,0.0
NGIQ-BR-00000166,right,NGIQ-BR-00000326,0.0
NGIQ-BR-00000166,right,NGIQ-BR-00000327,0.0
NGIQ-BR-00000168,right,NGIQ-BR-00000319,0.35665
NGIQ-BR-00000168,right,NGIQ-BR-00000326,0.00626
NGIQ-BR-00000168,right,NGIQ-BR-00000328,0.00379
NGIQ-BR-00000168,right,NGIQ-BR-00000300,0.0
NGIQ-BR-00000168,right,NGIQ-BR-00000301,0.0
NGIQ-BR-00000168,right,NGIQ-BR-00000302,0.0
NGIQ-BR-00000168,right,NGIQ-BR-00000303,0.0
NGIQ-BR-00000168,right,NGIQ-BR-00000304,0.0
NGIQ-BR-00000168,right,NGIQ-BR-00000305,0.0
NGIQ-BR-00000168,right,NGIQ-BR-00000306,0.0
NGIQ-BR-00000168,right,NGIQ-BR-00000307,0.0
NGIQ-BR-00000168,right,NGIQ-BR-00000308,0.0
NGIQ-BR-00000168,right,NGIQ-BR-00000309,0.0
NGIQ-BR-00000168,right,NGIQ-BR-00000310,0.0
NGIQ-BR-00000168,right,NGIQ-BR-00000311,0.0
NGIQ-BR-00000168,right,NGIQ-BR-00000312,0.0
NGIQ-BR-00000168,right,NGIQ-BR-00000313,0.0
NGIQ-BR-00000168,right,NGIQ-BR-00000314,0.0
NGIQ-BR-00000168,right,NGIQ-BR-00000315,0.0
NGIQ-BR-00000168,right,NGIQ-BR-00000316,0.0
NGIQ-BR-00000168,right,NGIQ-BR-00000317,0.0
NGIQ-BR-00000168,right,NGIQ-BR-00000318,0.0
NGIQ-BR-00000168,right,NGIQ-BR-00000320,0.0
NGIQ-BR-00000168,right,NGIQ-BR-00000321,0.0
NGIQ-BR-00000168,right,NGIQ-BR-00000322,0.0
NGIQ-BR-00000168,right,NGIQ-BR-00000323,0.0
NGIQ-BR-00000168,right,NGIQ-BR-00000324,0.0
NGIQ-BR-00000168,right,NGIQ-BR-00000325,0.0
NGIQ-BR-00000168,right,NGIQ-BR-00000327,0.0
NGIQ-BR-00000168,right,NGIQ-BR-00000329,0.0
NGIQ-BR-00000168,right,NGIQ-BR-00000330,0.0
NGIQ-BR-00000170,right,NGIQ-BR-00000319,0.37466
NGIQ-BR-00000170,right,NGIQ-BR-00000321,0.02648
NGIQ-BR-00000170,right,NGIQ-BR-00000314,0.0071
NGIQ-BR-00000170,right,NGIQ-BR-00000326,0.00159
NGIQ-BR-00000170,right,NGIQ-BR-00000322,0.0015
NGIQ-BR-00000170,right,NGIQ-BR-00000300,0.0
NGIQ-BR-00000170,right,NGIQ-BR-00000301,0.0
NGIQ-BR-00000170,right,NGIQ-BR-00000302,0.0
NGIQ-BR-00000170,right,NGIQ-BR-00000303,0.0
NGIQ-BR-00000170,right,NGIQ-BR-00000304,0.0
NGIQ-BR-00000170,right,NGIQ-BR-00000305,0.0
NGIQ-BR-00000170,right,NGIQ-BR-00000306,0.0
NGIQ-BR-00000170,right,NGIQ-BR-00000307,0.0
NGIQ-BR-00000170,right,NGIQ-BR-00000308,0.0
NGIQ-BR-00000170,right,NGIQ-BR-00000309,0.0
NGIQ-BR-00000170,right,NGIQ-BR-00000310,0.0
NGIQ-BR-00000170,right,NGIQ-BR-00000311,0.0
NGIQ-BR-00000170,right,NGIQ-BR-00000312,0.0
NGIQ-BR-00000170,right,NGIQ-BR-00000313,0.0
NGIQ-BR-00000170,right,NGIQ-BR-00000315,0.0
NGIQ-BR-00000170,right,NGIQ-BR-00000316,0.0
NGIQ-BR-00000170,right,NGIQ-BR-00000317,0.0
NGIQ-BR-00000170,right,NGIQ-BR-00000318,0.0
NGIQ-BR-00000170,right,NGIQ-BR-00000320,0.0
NGIQ-BR-00000170,right,NGIQ-BR-00000323,0.0
NGIQ-BR-00000170,right,NGIQ-BR-00000324,0.0
NGIQ-BR-00000170,right,NGIQ-BR-00000325,0.0
NGIQ-BR-00000170,right,NGIQ-BR-00000327,0.0
NGIQ-BR-00000170,right,NGIQ-BR-00000328,0.0
NGIQ-BR-00000170,right,NGIQ-BR-00000329,0.0
NGIQ-BR-00000170,right,NGIQ-BR-00000330,0.0
NGIQ-BR-00000172,right,NGIQ-BR-00000330,0.72631
NGIQ-BR-00000172,right,NGIQ-BR-00000309,0.04147
NGIQ-BR-00000172,right,NGIQ-BR-00000300,0.0
NGIQ-BR-00000172,right,NGIQ-BR-00000301,0.0
NGIQ-BR-00000172,right,NGIQ-BR-00000302,0.0
NGIQ-BR-00000172,right,NGIQ-BR-00000303,0.0
NGIQ-BR-00000172,right,NGIQ-BR-00000304,0.0
NGIQ-BR-00000172,right,NGIQ-BR-00000305,0.0
NGIQ-BR-00000172,right,NGIQ-BR-00000306,0.0
NGIQ-BR-00000172,right,NGIQ-BR-00000307,0.0
NGIQ-BR-00000172,right,NGIQ-BR-00000308,0.0
NGIQ-BR-00000172,right,NGIQ-BR-00000310,0.0
NGIQ-BR-00000172,right,NGIQ-BR-00000311,0.0
NGIQ-BR-00000172,right,NGIQ-BR-00000312,0.0
NGIQ-BR-00000172,right,NGIQ-BR-00000313,0.0
NGIQ-BR-00000172,right,NGIQ-BR-00000314,0.0
NGIQ-BR-00000172,right,NGIQ-BR-00000315,0.0
NGIQ-BR-00000172,right,NGIQ-BR-00000316,0.0
NGIQ-BR-00000172,right,NGIQ-BR-00000317,0.0
NGIQ-BR-00000172,right,NGIQ-BR-00000318,0.0
NGIQ-BR-00000172,right,NGIQ-BR-00000319,0.0
NGIQ-BR-00000172,right,NGIQ-BR-00000320,0.0
NGIQ-BR-00000172,right,NGIQ-BR-00000321,0.0
NGIQ-BR-00000172,right,NGIQ-BR-00000322,0.0
NGIQ-BR-00000172,right,NGIQ-BR-00000323,0.0
NGIQ-BR-00000172,right,NGIQ-BR-00000324,0.0
NGIQ-BR-00000172,right,NGIQ-BR-00000325,0.0
NGIQ-BR-00000172,right,NGIQ-BR-00000326,0.0
NGIQ-BR-00000172,right,NGIQ-BR-00000327,0.0
NGIQ-BR-00000172,right,NGIQ-BR-00000328,0.0
NGIQ-BR-00000172,right,NGIQ-BR-00000329,0.0
NGIQ-BR-00000174,right,NGIQ-BR-00000330,0.67393
NGIQ-BR-00000174,right,NGIQ-BR-00000315,0.00423
NGIQ-BR-00000174,right,NGIQ-BR-00000309,0.0024
NGIQ-BR-00000174,right,NGIQ-BR-00000317,0.00106
NGIQ-BR-00000174,right,NGIQ-BR-00000300,0.0
NGIQ-BR-00000174,right,NGIQ-BR-00000301,0.0
NGIQ-BR-00000174,right,NGIQ-BR-00000302,0.0
NGIQ-BR-00000174,right,NGIQ-BR-00000303,0.0
NGIQ-BR-00000174,right,NGIQ-BR-00000304,0.0
NGIQ-BR-00000174,right,NGIQ-BR-00000305,0.0
NGIQ-BR-00000174,right,NGIQ-BR-00000306,0.0
NGIQ-BR-00000174,right,NGIQ-BR-00000307,0.0
NGIQ-BR-00000174,right,NGIQ-BR-00000308,0.0
NGIQ-BR-00000174,right,NGIQ-BR-00000310,0.0
NGIQ-BR-00000174,right,NGIQ-BR-00000311,0.0
NGIQ-BR-00000174,right,NGIQ-BR-00000312,0.0
NGIQ-BR-00000174,right,NGIQ-BR-00000313,0.0
NGIQ-BR-00000174,right,NGIQ-BR-00000314,0.0
NGIQ-BR-00000174,right,NGIQ-BR-00000316,0.0
NGIQ-BR-00000174,right,NGIQ-BR-00000318,0.0
NGIQ-BR-00000174,right,NGIQ-BR-00000319,0.0
NGIQ-BR-00000174,right,NGIQ-BR-00000320,0.0
NGIQ-BR-00000174,right,NGIQ-BR-00000321,0.0
NGIQ-BR-00000174,right,NGIQ-BR-00000322,0.0
NGIQ-BR-00000174,right,NGIQ-BR-00000323,0.0
NGIQ-BR-00000174,right,NGIQ-BR-00000324,0.0
NGIQ-BR-00000174,right,NGIQ-BR-00000325,0.0
NGIQ-BR-00000174,right,NGIQ-BR-00000326,0.0
NGIQ-BR-00000174,right,NGIQ-BR-00000327,0.0
NGIQ-BR-00000174,right,NGIQ-BR-00000328,0.0
NGIQ-BR-00000174,right,NGIQ-BR-00000329,0.0
NGIQ-BR-00000176,right,NGIQ-BR-00000330,0.68669
NGIQ-BR-00000176,right,NGIQ-BR-00000327,0.03849
NGIQ-BR-00000176,right,NGIQ-BR-00000300,0.0
NGIQ-BR-00000176,right,NGIQ-BR-00000301,0.0
NGIQ-BR-00000176,right,NGIQ-BR-00000302,0.0
NGIQ-BR-00000176,right,NGIQ-BR-00000303,0.0
NGIQ-BR-00000176,right,NGIQ-BR-00000304,0.0
NGIQ-BR-00000176,right,NGIQ-BR-00000305,0.0
NGIQ-BR-00000176,right,NGIQ-BR-00000306,0.0
NGIQ-BR-00000176,right,NGIQ-BR-00000307,0.0
NGIQ-BR-00000176,right,NGIQ-BR-00000308,0.0
NGIQ-BR-00000176,right,NGIQ-BR-00000309,0.0
NGIQ-BR-00000176,right,NGIQ-BR-00000310,0.0
NGIQ-BR-00000176,right,NGIQ-BR-00000311,0.0
NGIQ-BR-00000176,right,NGIQ-BR-00000312,0.0
NGIQ-BR-00000176,right,NGIQ-BR-00000313,0.0
NGIQ-BR-00000176,right,NGIQ-BR-00000314,0.0
NGIQ-BR-00000176,right,NGIQ-BR-00000315,0.0
NGIQ-BR-00000176,right,NGIQ-BR-00000316,0.0
NGIQ-BR-00000176,right,NGIQ-BR-00000317,0.0
NGIQ-BR-00000176,right,NGIQ-BR-00000318,0.0
NGIQ-BR-00000176,right,NGIQ-BR-00000319,0.0
NGIQ-BR-00000176,right,NGIQ-BR-00000320,0.0
NGIQ-BR-00000176,right,NGIQ-BR-00000321,0.0
NGIQ-BR-00000176,right,NGIQ-BR-00000322,0.0
NGIQ-BR-00000176,right,NGIQ-BR-00000323,0.0
NGIQ-BR-00000176,right,NGIQ-BR-00000324,0.0
NGIQ-BR-00000176,right,NGIQ-BR-00000325,0.0
NGIQ-BR-00000176,right,NGIQ-BR-00000326,0.0
NGIQ-BR-00000176,right,NGIQ-BR-00000328,0.0
NGIQ-BR-00000176,right,NGIQ-BR-00000329,0.0
NGIQ-BR-00000178,right,NGIQ-BR-00000330,0.64052
NGIQ-BR-00000178,right,NGIQ-BR-00000319,0.01929
NGIQ-BR-00000178,right,NGIQ-BR-00000328,0.00049
NGIQ-BR-00000178,right,NGIQ-BR-00000300,0.0
NGIQ-BR-00000178,right,NGIQ-BR-00000301,0.0
NGIQ-BR-00000178,right,NGIQ-BR-00000302,0.0
NGIQ-BR-00000178,right,NGIQ-BR-00000303,0.0
NGIQ-BR-00000178,right,NGIQ-BR-00000304,0.0
NGIQ-BR-00000178,right,NGIQ-BR-00000305,0.0
NGIQ-BR-00000178,right,NGIQ-BR-00000306,0.0
NGIQ-BR-00000178,right,NGIQ-BR-00000307,0.0
NGIQ-BR-00000178,right,NGIQ-BR-00000308,0.0
NGIQ-BR-00000178,right,NGIQ-BR-00000309,0.0
NGIQ-BR-00000178,right,NGIQ-BR-00000310,0.0
NGIQ-BR-00000178,right,NGIQ-BR-00000311,0.0
NGIQ-BR-00000178,right,NGIQ-BR-00000312,0.0
NGIQ-BR-00000178,right,NGIQ-BR-00000313,0.0
NGIQ-BR-00000178,right,NGIQ-BR-00000314,0.0
NGIQ-BR-00000178,right,NGIQ-BR-00000315,0.0
NGIQ-BR-00000178,right,NGIQ-BR-00000316,0.0
NGIQ-BR-00000178,right,NGIQ-BR-00000317,0.0
NGIQ-BR-00000178,right,NGIQ-BR-00000318,0.0
NGIQ-BR-00000178,right,NGIQ-BR-00000320,0.0
NGIQ-BR-00000178,right,NGIQ-BR-00000321,0.0
NGIQ-BR-00000178,right,NGIQ-BR-00000322,0.0
NGIQ-BR-00000178,right,NGIQ-BR-00000323,0.0
NGIQ-BR-00000178,right,NGIQ-BR-00000324,0.0
NGIQ-BR-00000178,right,NGIQ-BR-00000325,0.0
NGIQ-BR-00000178,right,NGIQ-BR-00000326,0.0
NGIQ-BR-00000178,right,NGIQ-BR-00000327,0.0
NGIQ-BR-00000178,right,NGIQ-BR-00000329,0.0
NGIQ-BR-00000180,right,NGIQ-BR-00000330,0.57713
NGIQ-BR-00000180,right,NGIQ-BR-00000321,0.01323
NGIQ-BR-00000180,right,NGIQ-BR-00000315,0.01002
NGIQ-BR-00000180,right,NGIQ-BR-00000300,0.0
NGIQ-BR-00000180,right,NGIQ-BR-00000301,0.0
NGIQ-BR-00000180,right,NGIQ-BR-00000302,0.0
NGIQ-BR-00000180,right,NGIQ-BR-00000303,0.0
NGIQ-BR-00000180,right,NGIQ-BR-00000304,0.0
NGIQ-BR-00000180,right,NGIQ-BR-00000305,0.0
NGIQ-BR-00000180,right,NGIQ-BR-00000306,0.0
NGIQ-BR-00000180,right,NGIQ-BR-00000307,0.0
NGIQ-BR-00000180,right,NGIQ-BR-00000308,0.0
NGIQ-BR-00000180,right,NGIQ-BR-00000309,0.0
NGIQ-BR-00000180,right,NGIQ-BR-00000310,0.0
NGIQ-BR-00000180,right,NGIQ-BR-00000311,0.0
NGIQ-BR-00000180,right,NGIQ-BR-00000312,0.0
NGIQ-BR-00000180,right,NGIQ-BR-00000313,0.0
NGIQ-BR-00000180,right,NGIQ-BR-00000314,0.0
NGIQ-BR-00000180,right,NGIQ-BR-00000316,0.0
NGIQ-BR-00000180,right,NGIQ-BR-00000317,0.0
NGIQ-BR-00000180,right,NGIQ-BR-00000318,0.0
NGIQ-BR-00000180,right,NGIQ-BR-00000319,0.0
NGIQ-BR-00000180,right,NGIQ-BR-00000320,0.0
NGIQ-BR-00000180,right,NGIQ-BR-00000322,0.0
NGIQ-BR-00000180,right,NGIQ-BR-00000323,0.0
NGIQ-BR-00000180,right,NGIQ-BR-00000324,0.0
NGIQ-BR-00000180,right,NGIQ-BR-00000325,0.0
NGIQ-BR-00000180,right,NGIQ-BR-00000326,0.0
NGIQ-BR-00000180,right,NGIQ-BR-00000327,0.0
NGIQ-BR-00000180,right,NGIQ-BR-00000328,0.0
NGIQ-BR-00000180,right,NGIQ-BR-00000329,0.0
NGIQ-BR-00000188,right,NGIQ-BR-00000307,0.46246
NGIQ-BR-00000188,right,NGIQ-BR-00000320,0.02676
NGIQ-BR-00000188,right,NGIQ-BR-00000322,0.01825
NGIQ-BR-00000188,right,NGIQ-BR-00000313,0.00281
NGIQ-BR-00000188,right,NGIQ-BR-00000310,0.00246
NGIQ-BR-00000188,right,NGIQ-BR-00000300,0.0
NGIQ-BR-00000188,right,NGIQ-BR-00000301,0.0
NGIQ-BR-00000188,right,NGIQ-BR-00000302,0.0
NGIQ-BR-00000188,right,NGIQ-BR-00000303,0.0
NGIQ-BR-00000188,right,NGIQ-BR-00000304,0.0
NGIQ-BR-00000188,right,NGIQ-BR-00000305,0.0
NGIQ-BR-00000188,right,NGIQ-BR-00000306,0.0
NGIQ-BR-00000188,right,NGIQ-BR-00000308,0.0
NGIQ-BR-00000188,right,NGIQ-BR-00000309,0.0
NGIQ-BR-00000188,right,NGIQ-BR-00000311,0.0
NGIQ-BR-00000188,right,NGIQ-BR-00000312,0.0
NGIQ-BR-00000188,right,NGIQ-BR-00000314,0.0
NGIQ-BR-00000188,right,NGIQ-BR-00000315,0.0
NGIQ-BR-00000188,right,NGIQ-BR-00000316,0.0
NGIQ-BR-00000188,right,NGIQ-BR-00000317,0.0
NGIQ-BR-00000188,right,NGIQ-BR-00000318,0.0
NGIQ-BR-00000188,right,NGIQ-BR-00000319,0.0
NGIQ-BR-00000188,right,NGIQ-BR-00000321,0.0
NGIQ-BR-00000188,right,NGIQ-BR-00000323,0.0
NGIQ-BR-00000188,right,NGIQ-BR-00000324,0.0
NGIQ-BR-00000188,right,NGIQ-BR-00000325,0.0
NGIQ-BR-00000188,right,NGIQ-BR-00000326,0.0
NGIQ-BR-00000188,right,NGIQ-BR-00000327,0.0
NGIQ-BR-00000188,right,NGIQ-BR-00000328,0.0
NGIQ-BR-00000188,right,NGIQ-BR-00000329,0.0
NGIQ-BR-00000188,right,NGIQ-BR-00000330,0.0
NGIQ-BR-00000192,right,NGIQ-BR-00000320,0.34943
NGIQ-BR-00000192,right,NGIQ-BR-00000322,0.00898
NGIQ-BR-00000192,right,NGIQ-BR-00000314,0.0021
NGIQ-BR-00000192,right,NGIQ-BR-00000300,0.0
NGIQ-BR-00000192,right,NGIQ-BR-00000301,0.0
NGIQ-BR-00000192,right,NGIQ-BR-00000302,0.0
NGIQ-BR-00000192,right,NGIQ-BR-00000303,0.0
NGIQ-BR-00000192,right,NGIQ-BR-00000304,0.0
NGIQ-BR-00000192,right,NGIQ-BR-00000305,0.0
NGIQ-BR-00000192,right,NGIQ-BR-00000306,0.0
NGIQ-BR-00000192,right,NGIQ-BR-00000307,0.0
NGIQ-BR-00000192,right,NGIQ-BR-00000308,0.0
NGIQ-BR-00000192,right,NGIQ-BR-00000309,0.0
NGIQ-BR-00000192,right,NGIQ-BR-00000310,0.0
NGIQ-BR-00000192,right,NGIQ-BR-00000311,0.0
NGIQ-BR-00000192,right,NGIQ-BR-00000312,0.0
NGIQ-BR-00000192,right,NGIQ-BR-00000313,0.0
NGIQ-BR-00000192,right,NGIQ-BR-00000315,0.0
NGIQ-BR-00000192,right,NGIQ-BR-00000316,0.0
NGIQ-BR-00000192,right,NGIQ-BR-00000317,0.0
NGIQ-BR-00000192,right,NGIQ-BR-00000318,0.0
NGIQ-BR-00000192,right,NGIQ-BR-00000319,0.0
NGIQ-BR-00000192,right,NGIQ-BR-00000321,0.0
NGIQ-BR-00000192,right,NGIQ-BR-00000323,0.0
NGIQ-BR-00000192,right,NGIQ-BR-00000324,0.0
NGIQ-BR-00000192,right,NGIQ-BR-00000325,0.0
NGIQ-BR-00000192,right,NGIQ-BR-00000326,0.0
NGIQ-BR-00000192,right,NGIQ-BR-00000327,0.0
NGIQ-BR-00000192,right,NGIQ-BR-00000328,0.0
NGIQ-BR-00000192,right,NGIQ-BR-00000329,0.0
NGIQ-BR-00000192,right,NGIQ-BR-00000330,0.0
NGIQ-BR-00000194,right,NGIQ-BR-00000323,0.3463
NGIQ-BR-00000194,right,NGIQ-BR-00000300,0.01899
NGIQ-BR-00000194,right,NGIQ-BR-00000311,0.00028
NGIQ-BR-00000194,right,NGIQ-BR-00000301,0.0
NGIQ-BR-00000194,right,NGIQ-BR-00000302,0.0
NGIQ-BR-00000194,right,NGIQ-BR-00000303,0.0
NGIQ-BR-00000194,right,NGIQ-BR-00000304,0.0
NGIQ-BR-00000194,right,NGIQ-BR-00000305,0.0
NGIQ-BR-00000194,right,NGIQ-BR-00000306,0.0
NGIQ-BR-00000194,right,NGIQ-BR-00000307,0.0
NGIQ-BR-00000194,right,NGIQ-BR-00000308,0.0
NGIQ-BR-00000194,right,NGIQ-BR-00000309,0.0
NGIQ-BR-00000194,right,NGIQ-BR-00000310,0.0
NGIQ-BR-00000194,right,NGIQ-BR-00000312,0.0
NGIQ-BR-00000194,right,NGIQ-BR-00000313,0.0
NGIQ-BR-00000194,right,NGIQ-BR-00000314,0.0
NGIQ-BR-00000194,right,NGIQ-BR-00000315,0.0
NGIQ-BR-00000194,right,NGIQ-BR-00000316,0.0
NGIQ-BR-00000194,right,NGIQ-BR-00000317,0.0
NGIQ-BR-00000194,right,NGIQ-BR-00000318,0.0
NGIQ-BR-00000194,right,NGIQ-BR-00000319,0.0
NGIQ-BR-00000194,right,NGIQ-BR-00000320,0.0
NGIQ-BR-00000194,right,NGIQ-BR-00000321,0.0
NGIQ-BR-00000194,right,NGIQ-BR-00000322,0.0
NGIQ-BR-00000194,right,NGIQ-BR-00000324,0.0
NGIQ-BR-00000194,right,NGIQ-BR-00000325,0.0
NGIQ-BR-00000194,right,NGIQ-BR-00000326,0.0
NGIQ-BR-00000194,right,NGIQ-BR-00000327,0.0
NGIQ-BR-00000194,right,NGIQ-BR-00000328,0.0
NGIQ-BR-00000194,right,NGIQ-BR-00000329,0.0
NGIQ-BR-00000194,right,NGIQ-BR-00000330,0.0
NGIQ-BR-00000200,right,NGIQ-BR-00000310,0.29728
NGIQ-BR-00000200,right,NGIQ-BR-00000304,0.01469
NGIQ-BR-00000200,right,NGIQ-BR-00000313,0.01072
NGIQ-BR-00000200,right,NGIQ-BR-00000308,0.00017
NGIQ-BR-00000200,right,NGIQ-BR-00000300,0.0
NGIQ-BR-00000200,right,NGIQ-BR-00000301,0.0
NGIQ-BR-00000200,right,NGIQ-BR-00000302,0.0
NGIQ-BR-00000200,right,NGIQ-BR-00000303,0.0
NGIQ-BR-00000200,right,NGIQ-BR-00000305,0.0
NGIQ-BR-00000200,right,NGIQ-BR-00000306,0.0
NGIQ-BR-00000200,right,NGIQ-BR-00000307,0.0
NGIQ-BR-00000200,right,NGIQ-BR-00000309,0.0
NGIQ-BR-00000200,right,NGIQ-BR-00000311,0.0
NGIQ-BR-00000200,right,NGIQ-BR-00000312,0.0
NGIQ-BR-00000200,right,NGIQ-BR-00000314,0.0
NGIQ-BR-00000200,right,NGIQ-BR-00000315,0.0
NGIQ-BR-00000200,right,NGIQ-BR-00000316,0.0
NGIQ-BR-00000200,right,NGIQ-BR-00000317,0.0
NGIQ-BR-00000200,right,NGIQ-BR-00000318,0.0
NGIQ-BR-00000200,right,NGIQ-BR-00000319,0.0
NGIQ-BR-00000200,right,NGIQ-BR-00000320,0.0
NGIQ-BR-00000200,right,NGIQ-BR-00000321,0.0
NGIQ-BR-00000200,right,NGIQ-BR-00000322,0.0
NGIQ-BR-00000200,right,NGIQ-BR-00000323,0.0
NGIQ-BR-00000200,right,NGIQ-BR-00000324,0.0
NGIQ-BR-00000200,right,NGIQ-BR-00000325,0.0
NGIQ-BR-00000200,right,NGIQ-BR-00000326,0.0
NGIQ-BR-00000200,right,NGIQ-BR-00000327,0.0
NGIQ-BR-00000200,right,NGIQ-BR-00000328,0.0
NGIQ-BR-00000200,right,NGIQ-BR-00000329,0.0
NGIQ-BR-00000200,right,NGIQ-BR-00000330,0.0
NGIQ-BR-00000204,right,NGIQ-BR-00000308,0.17682
NGIQ-BR-00000204,right,NGIQ-BR-00000305,0.02036
NGIQ-BR-00000204,right,NGIQ-BR-00000326,0.01313
NGIQ-BR-00000204,right,NGIQ-BR-00000300,0.0
NGIQ-BR-00000204,right,NGIQ-BR-00000301,0.0
NGIQ-BR-00000204,right,NGIQ-BR-00000302,0.0
NGIQ-BR-00000204,right,NGIQ-BR-00000303,0.0
NGIQ-BR-00000204,right,NGIQ-BR-00000304,0.0
NGIQ-BR-00000204,right,NGIQ-BR-00000306,0.0
NGIQ-BR-00000204,right,NGIQ-BR-00000307,0.0
NGIQ-BR-00000204,right,NGIQ-BR-00000309,0.0
NGIQ-BR-00000204,right,NGIQ-BR-00000310,0.0
NGIQ-BR-00000204,right,NGIQ-BR-00000311,0.0
NGIQ-BR-00000204,right,NGIQ-BR-00000312,0.0
NGIQ-BR-00000204,right,NGIQ-BR-00000313,0.0
NGIQ-BR-00000204,right,NGIQ-BR-00000314,0.0
NGIQ-BR-00000204,right,NGIQ-BR-00000315,0.0
NGIQ-BR-00000204,right,NGIQ-BR-00000316,0.0
NGIQ-BR-00000204,right,NGIQ-BR-00000317,0.0
NGIQ-BR-00000204,right,NGIQ-BR-00000318,0.0
NGIQ-BR-00000204,right,NGIQ-BR-00000319,0.0
NGIQ-BR-00000204,right,NGIQ-BR-00000320,0.0
NGIQ-BR-00000204,right,NGIQ-BR-00000321,0.0
NGIQ-BR-00000204,right,NGIQ-BR-00000322,0.0
NGIQ-BR-00000204,right,NGIQ-BR-00000323,0.0
NGIQ-BR-00000204,right,NGIQ-BR-00000324,0.0
NGIQ-BR-00000204,right,NGIQ-BR-00000325,0.0
NGIQ-BR-00000204,right,NGIQ-BR-00000327,0.0
NGIQ-BR-00000204,right,NGIQ-BR-00000328,0.0
NGIQ-BR-00000204,right,NGIQ-BR-00000329,0.0
NGIQ-BR-00000204,right,NGIQ-BR-00000330,0.0
NGIQ-BR-00000206,right,NGIQ-BR-00000308,0.24391
NGIQ-BR-00000206,right,NGIQ-BR-00000305,0.02071
NGIQ-BR-00000206,right,NGIQ-BR-00000306,0.01324
NGIQ-BR-00000206,right,NGIQ-BR-00000312,0.00152
NGIQ-BR-00000206,right,NGIQ-BR-00000304,0.00129
NGIQ-BR-00000206,right,NGIQ-BR-00000300,0.0
NGIQ-BR-00000206,right,NGIQ-BR-00000301,0.0
NGIQ-BR-00000206,right,NGIQ-BR-00000302,0.0
NGIQ-BR-00000206,right,NGIQ-BR-00000303,0.0
NGIQ-BR-00000206,right,NGIQ-BR-00000307,0.0
NGIQ-BR-00000206,right,NGIQ-BR-00000309,0.0
NGIQ-BR-00000206,right,NGIQ-BR-00000310,0.0
NGIQ-BR-00000206,right,NGIQ-BR-00000311,0.0
NGIQ-BR-00000206,right,NGIQ-BR-00000313,0.0
NGIQ-BR-00000206,right,NGIQ-BR-00000314,0.0
NGIQ-BR-00000206,right,NGIQ-BR-00000315,0.0
NGIQ-BR-00000206,right,NGIQ-BR-00000316,0.0
NGIQ-BR-00000206,right,NGIQ-BR-00000317,0.0
NGIQ-BR-00000206,right,NGIQ-BR-00000318,0.0
NGIQ-BR-00000206,right,NGIQ-BR-00000319,0.0
NGIQ-BR-00000206,right,NGIQ-BR-00000320,0.0
NGIQ-BR-00000206,right,NGIQ-BR-00000321,0.0
NGIQ-BR-00000206,right,NGIQ-BR-00000322,0.0
NGIQ-BR-00000206,right,NGIQ-BR-00000323,0.0
NGIQ-BR-00000206,right,NGIQ-BR-00000324,0.0
NGIQ-BR-00000206,right,NGIQ-BR-00000325,0.0
NGIQ-BR-00000206,right,NGIQ-BR-00000326,0.0
NGIQ-BR-00000206,right,NGIQ-BR-00000327,0.0
NGIQ-BR-00000206,right,NGIQ-BR-00000328,0.0
NGIQ-BR-00000206,right,NGIQ-BR-00000329,0.0
NGIQ-BR-00000206,right,NGIQ-BR-00000330,0.0
NGIQ-BR-00000208,right,NGIQ-BR-00000308,0.25765
NGIQ-BR-00000208,right,NGIQ-BR-00000318,0.01462
NGIQ-BR-00000208,right,NGIQ-BR-00000302,0.00133
NGIQ-BR-00000208,right,NGIQ-BR-00000326,0.00053
NGIQ-BR-00000208,right,NGIQ-BR-00000300,0.0
NGIQ-BR-00000208,right,NGIQ-BR-00000301,0.0
NGIQ-BR-00000208,right,NGIQ-BR-00000303,0.0
NGIQ-BR-00000208,right,NGIQ-BR-00000304,0.0
NGIQ-BR-00000208,right,NGIQ-BR-00000305,0.0
NGIQ-BR-00000208,right,NGIQ-BR-00000306,0.0
NGIQ-BR-00000208,right,NGIQ-BR-00000307,0.0
NGIQ-BR-00000208,right,NGIQ-BR-00000309,0.0
NGIQ-BR-00000208,right,NGIQ-BR-00000310,0.0
NGIQ-BR-00000208,right,NGIQ-BR-00000311,0.0
NGIQ-BR-00000208,right,NGIQ-BR-00000312,0.0
NGIQ-BR-00000208,right,NGIQ-BR-00000313,0.0
NGIQ-BR-00000208,right,NGIQ-BR-00000314,0.0
NGIQ-BR-00000208,right,NGIQ-BR-00000315,0.0
NGIQ-BR-00000208,right,NGIQ-BR-00000316,0.0
NGIQ-BR-00000208,right,NGIQ-BR-00000317,0.0
NGIQ-BR-00000208,right,NGIQ-BR-00000319,0.0
NGIQ-BR-00000208,right,NGIQ-BR-00000320,0.0
NGIQ-BR-00000208,right,NGIQ-BR-00000321,0.0
NGIQ-BR-00000208,right,NGIQ-BR-00000322,0.0
NGIQ-BR-00000208,right,NGIQ-BR-00000323,0.0
NGIQ-BR-00000208,right,NGIQ-BR-00000324,0.0
NGIQ-BR-00000208,right,NGIQ-BR-00000325,0.0
NGIQ-BR-00000208,right,NGIQ-BR-00000327,0.0
NGIQ-BR-00000208,right,NGIQ-BR-00000328,0.0
NGIQ-BR-00000208,right,NGIQ-BR-00000329,0.0
NGIQ-BR-00000208,right,NGIQ-BR-00000330,0.0
NGIQ-BR-00000210,right,NGIQ-BR-00000308,0.28279
NGIQ-BR-00000210,right,NGIQ-BR-00000304,0.00664
NGIQ-BR-00000210,right,NGIQ-BR-00000310,0.00618
NGIQ-BR-00000210,right,NGIQ-BR-00000318,0.00036
NGIQ-BR-00000210,right,NGIQ-BR-00000300,0.0
NGIQ-BR-00000210,right,NGIQ-BR-00000301,0.0
NGIQ-BR-00000210,right,NGIQ-BR-00000302,0.0
NGIQ-BR-00000210,right,NGIQ-BR-00000303,0.0
NGIQ-BR-00000210,right,NGIQ-BR-00000305,0.0
NGIQ-BR-00000210,right,NGIQ-BR-00000306,0.0
NGIQ-BR-00000210,right,NGIQ-BR-00000307,0.0
NGIQ-BR-00000210,right,NGIQ-BR-00000309,0.0
NGIQ-BR-00000210,right,NGIQ-BR-00000311,0.0
NGIQ-BR-00000210,right,NGIQ-BR-00000312,0.0
NGIQ-BR-00000210,right,NGIQ-BR-00000313,0.0
NGIQ-BR-00000210,right,NGIQ-BR-00000314,0.0
NGIQ-BR-00000210,right,NGIQ-BR-00000315,0.0
NGIQ-BR-00000210,right,NGIQ-BR-00000316,0.0
NGIQ-BR-00000210,right,NGIQ-BR-00000317,0.0
NGIQ-BR-00000210,right,NGIQ-BR-00000319,0.0
NGIQ-BR-00000210,right,NGIQ-BR-00000320,0.0
NGIQ-BR-00000210,right,NGIQ-BR-00000321,0.0
NGIQ-BR-00000210,right,NGIQ-BR-00000322,0.0
NGIQ-BR-00000210,right,NGIQ-BR-00000323,0.0
NGIQ-BR-00000210,right,NGIQ-BR-00000324,0.0
NGIQ-BR-00000210,right,NGIQ-BR-00000325,0.0
NGIQ-BR-00000210,right,NGIQ-BR-00000326,0.0
NGIQ-BR-00000210,right,NGIQ-BR-00000327,0.0
NGIQ-BR-00000210,right,NGIQ-BR-00000328,0.0
NGIQ-BR-00000210,right,NGIQ-BR-00000329,0.0
NGIQ-BR-00000210,right,NGIQ-BR-00000330,0.0
