spatial_status,source_entity_id,source_name_en,source_name_zh,source_granularity,source_atlas,hemisphere,candidate_g1_entity_id,candidate_g1_name_en,candidate_g1_name_zh,phase16_classification,phase17_classification,anatomical_family,anatomical_reason,atlas_definition_basis,literature_basis,evidence_title,evidence_author,evidence_year,doi_or_official_reference,active_spatial_relation,historical_spatial_relation,historical_conflict_status,contralateral_entity,contralateral_phase17_status,scientific_confidence,review_note,frozen_decision,frozen_applicability,frozen_rollup_eligible,frozen_rollup_explicit,v3_classification,gate,gate_reason
HISTORICAL_CONFLICT,NGIQ-BR-00000005,"Left Superior temporal gyrus, Brainnetome 6_1",左侧颞上回（Brainnetome 6-1）,G3_MESO_FINE,Brainnetome,left,NGIQ-BR-00000296,Left Superior Temporal Gyrus,左颞上回,DIRECT_CONTAINED_HIGH_CONFIDENCE,VERIFIED_DIRECT_CONTAINED,颞上回,Brainnetome 官方图谱将每个 parcel 定义为所属 gyrus 的细分（Fan 2016 层级标注），目标 G1 名称与该 gyrus 一致，半球一致。,Brainnetome official hierarchy (Fan 2016),The Human Brainnetome Atlas: a new brain atlas based on connectional architecture,The Human Brainnetome Atlas: a new brain atlas based on connectional architecture,"Fan L, Li H, Zhuo J, Zhang Y, ... Jiang T",2016,10.1093/cercor/bhw157,NONE,HISTORICAL_CONFLICT,HISTORICAL_CONFLICT,NGIQ-BR-00000006,VERIFIED_DIRECT_CONTAINED,高,Brainnetome 官方图谱将每个 parcel 定义为所属 gyrus 的细分（Fan 2016 层级标注），目标 G1 名称与该 gyrus 一致，半球一致。,NO_G1_ROLLUP,EXPLICIT_G1_ROLLUP_BLOCK,FALSE,TRUE,FROZEN_DECISION_PREVAILS,FROZEN_DECISION_GATE,G3→G1 frozen：decision=NO_G1_ROLLUP，rollup_eligible=FALSE（manifest 显式字段 scientific_rollup_eligible），target==candidate G1 → 禁止提升为 contained_in。
HISTORICAL_CONFLICT,NGIQ-BR-00000006,"Right Superior temporal gyrus, Brainnetome 6_1",右侧颞上回（Brainnetome 6-1）,G3_MESO_FINE,Brainnetome,right,NGIQ-BR-00000327,Right Superior Temporal Gyrus,右颞上回,DIRECT_CONTAINED_HIGH_CONFIDENCE,VERIFIED_DIRECT_CONTAINED,颞上回,Brainnetome 官方图谱将每个 parcel 定义为所属 gyrus 的细分（Fan 2016 层级标注），目标 G1 名称与该 gyrus 一致，半球一致。,Brainnetome official hierarchy (Fan 2016),The Human Brainnetome Atlas: a new brain atlas based on connectional architecture,The Human Brainnetome Atlas: a new brain atlas based on connectional architecture,"Fan L, Li H, Zhuo J, Zhang Y, ... Jiang T",2016,10.1093/cercor/bhw157,NONE,HISTORICAL_CONFLICT,HISTORICAL_CONFLICT,NGIQ-BR-00000005,VERIFIED_DIRECT_CONTAINED,高,Brainnetome 官方图谱将每个 parcel 定义为所属 gyrus 的细分（Fan 2016 层级标注），目标 G1 名称与该 gyrus 一致，半球一致。,NO_G1_ROLLUP,EXPLICIT_G1_ROLLUP_BLOCK,FALSE,TRUE,FROZEN_DECISION_PREVAILS,FROZEN_DECISION_GATE,G3→G1 frozen：decision=NO_G1_ROLLUP，rollup_eligible=FALSE（manifest 显式字段 scientific_rollup_eligible），target==candidate G1 → 禁止提升为 contained_in。
SPATIAL_COMPATIBLE,NGIQ-BR-00000085,"Left Superior temporal gyrus, Brainnetome 6_2",左侧颞上回（Brainnetome 6-2）,G3_MESO_FINE,Brainnetome,left,NGIQ-BR-00000296,Left Superior Temporal Gyrus,左颞上回,DIRECT_CONTAINED_HIGH_CONFIDENCE,VERIFIED_DIRECT_CONTAINED,颞上回,Brainnetome 官方图谱将每个 parcel 定义为所属 gyrus 的细分（Fan 2016 层级标注），目标 G1 名称与该 gyrus 一致，半球一致。,Brainnetome official hierarchy (Fan 2016),The Human Brainnetome Atlas: a new brain atlas based on connectional architecture,The Human Brainnetome Atlas: a new brain atlas based on connectional architecture,"Fan L, Li H, Zhuo J, Zhang Y, ... Jiang T",2016,10.1093/cercor/bhw157,dominant_overlap->Left Superior Temporal Gyrus,NO_HISTORICAL_CONFLICT,NO_HISTORICAL_CONFLICT,NGIQ-BR-00000086,VERIFIED_DIRECT_CONTAINED,高,Brainnetome 官方图谱将每个 parcel 定义为所属 gyrus 的细分（Fan 2016 层级标注），目标 G1 名称与该 gyrus 一致，半球一致。,APPROVE_DOMINANT_OVERLAP,DIRECT_G1_PAIR,FALSE,TRUE,FROZEN_DECISION_PREVAILS,FROZEN_DECISION_GATE,G3→G1 frozen：decision=APPROVE_DOMINANT_OVERLAP，rollup_eligible=FALSE（manifest 显式字段 scientific_rollup_eligible），target==candidate G1 → 禁止提升为 contained_in。
SPATIAL_COMPATIBLE,NGIQ-BR-00000086,"Right Superior temporal gyrus, Brainnetome 6_2",右侧颞上回（Brainnetome 6-2）,G3_MESO_FINE,Brainnetome,right,NGIQ-BR-00000327,Right Superior Temporal Gyrus,右颞上回,DIRECT_CONTAINED_HIGH_CONFIDENCE,VERIFIED_DIRECT_CONTAINED,颞上回,Brainnetome 官方图谱将每个 parcel 定义为所属 gyrus 的细分（Fan 2016 层级标注），目标 G1 名称与该 gyrus 一致，半球一致。,Brainnetome official hierarchy (Fan 2016),The Human Brainnetome Atlas: a new brain atlas based on connectional architecture,The Human Brainnetome Atlas: a new brain atlas based on connectional architecture,"Fan L, Li H, Zhuo J, Zhang Y, ... Jiang T",2016,10.1093/cercor/bhw157,dominant_overlap->Right Superior Temporal Gyrus,NO_HISTORICAL_CONFLICT,NO_HISTORICAL_CONFLICT,NGIQ-BR-00000085,VERIFIED_DIRECT_CONTAINED,高,Brainnetome 官方图谱将每个 parcel 定义为所属 gyrus 的细分（Fan 2016 层级标注），目标 G1 名称与该 gyrus 一致，半球一致。,APPROVE_DOMINANT_OVERLAP,DIRECT_G1_PAIR,FALSE,TRUE,FROZEN_DECISION_PREVAILS,FROZEN_DECISION_GATE,G3→G1 frozen：decision=APPROVE_DOMINANT_OVERLAP，rollup_eligible=FALSE（manifest 显式字段 scientific_rollup_eligible），target==candidate G1 → 禁止提升为 contained_in。
SPATIAL_COMPATIBLE,NGIQ-BR-00000125,"Left Parahippocampal gyrus, Brainnetome 6_3",左侧海马旁回（Brainnetome 6-3）,G3_MESO_FINE,Brainnetome,left,NGIQ-BR-00000282,Left Parahippocampal Gyrus,左海马旁回,DIRECT_CONTAINED_HIGH_CONFIDENCE,VERIFIED_DIRECT_CONTAINED,海马旁回,Brainnetome 官方图谱将每个 parcel 定义为所属 gyrus 的细分（Fan 2016 层级标注），目标 G1 名称与该 gyrus 一致，半球一致。,Brainnetome official hierarchy (Fan 2016),The Human Brainnetome Atlas: a new brain atlas based on connectional architecture,The Human Brainnetome Atlas: a new brain atlas based on connectional architecture,"Fan L, Li H, Zhuo J, Zhang Y, ... Jiang T",2016,10.1093/cercor/bhw157,dominant_overlap->Left Parahippocampal Gyrus,NO_HISTORICAL_CONFLICT,NO_HISTORICAL_CONFLICT,NGIQ-BR-00000126,VERIFIED_DIRECT_CONTAINED,高,Brainnetome 官方图谱将每个 parcel 定义为所属 gyrus 的细分（Fan 2016 层级标注），目标 G1 名称与该 gyrus 一致，半球一致。,APPROVE_DOMINANT_OVERLAP,DIRECT_G1_PAIR,FALSE,TRUE,FROZEN_DECISION_PREVAILS,FROZEN_DECISION_GATE,G3→G1 frozen：decision=APPROVE_DOMINANT_OVERLAP，rollup_eligible=FALSE（manifest 显式字段 scientific_rollup_eligible），target==candidate G1 → 禁止提升为 contained_in。
SPATIAL_COMPATIBLE,NGIQ-BR-00000126,"Right Parahippocampal gyrus, Brainnetome 6_3",右侧海马旁回（Brainnetome 6-3）,G3_MESO_FINE,Brainnetome,right,NGIQ-BR-00000313,Right Parahippocampal Gyrus,右海马旁回,DIRECT_CONTAINED_HIGH_CONFIDENCE,VERIFIED_DIRECT_CONTAINED,海马旁回,Brainnetome 官方图谱将每个 parcel 定义为所属 gyrus 的细分（Fan 2016 层级标注），目标 G1 名称与该 gyrus 一致，半球一致。,Brainnetome official hierarchy (Fan 2016),The Human Brainnetome Atlas: a new brain atlas based on connectional architecture,The Human Brainnetome Atlas: a new brain atlas based on connectional architecture,"Fan L, Li H, Zhuo J, Zhang Y, ... Jiang T",2016,10.1093/cercor/bhw157,dominant_overlap->Right Parahippocampal Gyrus,NO_HISTORICAL_CONFLICT,NO_HISTORICAL_CONFLICT,NGIQ-BR-00000125,VERIFIED_DIRECT_CONTAINED,高,Brainnetome 官方图谱将每个 parcel 定义为所属 gyrus 的细分（Fan 2016 层级标注），目标 G1 名称与该 gyrus 一致，半球一致。,APPROVE_DOMINANT_OVERLAP,DIRECT_G1_PAIR,FALSE,TRUE,FROZEN_DECISION_PREVAILS,FROZEN_DECISION_GATE,G3→G1 frozen：decision=APPROVE_DOMINANT_OVERLAP，rollup_eligible=FALSE（manifest 显式字段 scientific_rollup_eligible），target==candidate G1 → 禁止提升为 contained_in。
SPATIAL_COMPATIBLE,NGIQ-BR-00000131,"Left Parahippocampal gyrus, Brainnetome 6_6",左侧海马旁回（Brainnetome 6-6）,G3_MESO_FINE,Brainnetome,left,NGIQ-BR-00000282,Left Parahippocampal Gyrus,左海马旁回,DIRECT_CONTAINED_HIGH_CONFIDENCE,VERIFIED_DIRECT_CONTAINED,海马旁回,Brainnetome 官方图谱将每个 parcel 定义为所属 gyrus 的细分（Fan 2016 层级标注），目标 G1 名称与该 gyrus 一致，半球一致。,Brainnetome official hierarchy (Fan 2016),The Human Brainnetome Atlas: a new brain atlas based on connectional architecture,The Human Brainnetome Atlas: a new brain atlas based on connectional architecture,"Fan L, Li H, Zhuo J, Zhang Y, ... Jiang T",2016,10.1093/cercor/bhw157,dominant_overlap->Left Parahippocampal Gyrus,NO_HISTORICAL_CONFLICT,NO_HISTORICAL_CONFLICT,NGIQ-BR-00000132,VERIFIED_DIRECT_CONTAINED,高,Brainnetome 官方图谱将每个 parcel 定义为所属 gyrus 的细分（Fan 2016 层级标注），目标 G1 名称与该 gyrus 一致，半球一致。,APPROVE_DOMINANT_OVERLAP,DIRECT_G1_PAIR,FALSE,TRUE,FROZEN_DECISION_PREVAILS,FROZEN_DECISION_GATE,G3→G1 frozen：decision=APPROVE_DOMINANT_OVERLAP，rollup_eligible=FALSE（manifest 显式字段 scientific_rollup_eligible），target==candidate G1 → 禁止提升为 contained_in。
SPATIAL_COMPATIBLE,NGIQ-BR-00000132,"Right Parahippocampal gyrus, Brainnetome 6_6",右侧海马旁回（Brainnetome 6-6）,G3_MESO_FINE,Brainnetome,right,NGIQ-BR-00000313,Right Parahippocampal Gyrus,右海马旁回,DIRECT_CONTAINED_HIGH_CONFIDENCE,VERIFIED_DIRECT_CONTAINED,海马旁回,Brainnetome 官方图谱将每个 parcel 定义为所属 gyrus 的细分（Fan 2016 层级标注），目标 G1 名称与该 gyrus 一致，半球一致。,Brainnetome official hierarchy (Fan 2016),The Human Brainnetome Atlas: a new brain atlas based on connectional architecture,The Human Brainnetome Atlas: a new brain atlas based on connectional architecture,"Fan L, Li H, Zhuo J, Zhang Y, ... Jiang T",2016,10.1093/cercor/bhw157,dominant_overlap->Right Parahippocampal Gyrus,NO_HISTORICAL_CONFLICT,NO_HISTORICAL_CONFLICT,NGIQ-BR-00000131,VERIFIED_DIRECT_CONTAINED,高,Brainnetome 官方图谱将每个 parcel 定义为所属 gyrus 的细分（Fan 2016 层级标注），目标 G1 名称与该 gyrus 一致，半球一致。,APPROVE_DOMINANT_OVERLAP,DIRECT_G1_PAIR,FALSE,TRUE,FROZEN_DECISION_PREVAILS,FROZEN_DECISION_GATE,G3→G1 frozen：decision=APPROVE_DOMINANT_OVERLAP，rollup_eligible=FALSE（manifest 显式字段 scientific_rollup_eligible），target==candidate G1 → 禁止提升为 contained_in。
SPATIAL_COMPATIBLE,NGIQ-BR-00000145,"Left Inferior parietal lobule, Brainnetome 6_2",左侧顶下小叶（Brainnetome 6-2）,G3_MESO_FINE,Brainnetome,left,NGIQ-BR-00000274,Left Inferior Parietal Lobule,左侧顶下小叶,DIRECT_CONTAINED_HIGH_CONFIDENCE,VERIFIED_DIRECT_CONTAINED,顶下小叶,Brainnetome 官方图谱将每个 parcel 定义为所属 gyrus 的细分（Fan 2016 层级标注），目标 G1 名称与该 gyrus 一致，半球一致。,Brainnetome official hierarchy (Fan 2016),The Human Brainnetome Atlas: a new brain atlas based on connectional architecture,The Human Brainnetome Atlas: a new brain atlas based on connectional architecture,"Fan L, Li H, Zhuo J, Zhang Y, ... Jiang T",2016,10.1093/cercor/bhw157,dominant_overlap->Left Inferior Parietal Lobule,NO_HISTORICAL_CONFLICT,NO_HISTORICAL_CONFLICT,NGIQ-BR-00000146,VERIFIED_DIRECT_CONTAINED,高,Brainnetome 官方图谱将每个 parcel 定义为所属 gyrus 的细分（Fan 2016 层级标注），目标 G1 名称与该 gyrus 一致，半球一致。,APPROVE_DOMINANT_OVERLAP,DIRECT_G1_PAIR,FALSE,TRUE,FROZEN_DECISION_PREVAILS,FROZEN_DECISION_GATE,G3→G1 frozen：decision=APPROVE_DOMINANT_OVERLAP，rollup_eligible=FALSE（manifest 显式字段 scientific_rollup_eligible），target==candidate G1 → 禁止提升为 contained_in。
SPATIAL_COMPATIBLE,NGIQ-BR-00000146,"Right Inferior parietal lobule, Brainnetome 6_2",右侧顶下小叶（Brainnetome 6-2）,G3_MESO_FINE,Brainnetome,right,NGIQ-BR-00000305,Right Inferior Parietal Lobule,右侧顶下小叶,DIRECT_CONTAINED_HIGH_CONFIDENCE,VERIFIED_DIRECT_CONTAINED,顶下小叶,Brainnetome 官方图谱将每个 parcel 定义为所属 gyrus 的细分（Fan 2016 层级标注），目标 G1 名称与该 gyrus 一致，半球一致。,Brainnetome official hierarchy (Fan 2016),The Human Brainnetome Atlas: a new brain atlas based on connectional architecture,The Human Brainnetome Atlas: a new brain atlas based on connectional architecture,"Fan L, Li H, Zhuo J, Zhang Y, ... Jiang T",2016,10.1093/cercor/bhw157,dominant_overlap->Right Inferior Parietal Lobule,NO_HISTORICAL_CONFLICT,NO_HISTORICAL_CONFLICT,NGIQ-BR-00000145,VERIFIED_DIRECT_CONTAINED,高,Brainnetome 官方图谱将每个 parcel 定义为所属 gyrus 的细分（Fan 2016 层级标注），目标 G1 名称与该 gyrus 一致，半球一致。,APPROVE_DOMINANT_OVERLAP,DIRECT_G1_PAIR,FALSE,TRUE,FROZEN_DECISION_PREVAILS,FROZEN_DECISION_GATE,G3→G1 frozen：decision=APPROVE_DOMINANT_OVERLAP，rollup_eligible=FALSE（manifest 显式字段 scientific_rollup_eligible），target==candidate G1 → 禁止提升为 contained_in。
HISTORICAL_CONFLICT,NGIQ-BR-00000211,"Left Superior lateral occipital cortex, Brainnetome 2_1",左侧上外侧枕叶皮层（Brainnetome 2-1）,G3_MESO_FINE,Brainnetome,left,NGIQ-BR-00000277,Left Lateral Occipital Cortex,左外侧枕叶皮质,DIRECT_CONTAINED_HIGH_CONFIDENCE,VERIFIED_DIRECT_CONTAINED,外侧枕叶皮质,Brainnetome 官方图谱将每个 parcel 定义为所属 gyrus 的细分（Fan 2016 层级标注），目标 G1 名称与该 gyrus 一致，半球一致。,Brainnetome official hierarchy (Fan 2016),The Human Brainnetome Atlas: a new brain atlas based on connectional architecture,The Human Brainnetome Atlas: a new brain atlas based on connectional architecture,"Fan L, Li H, Zhuo J, Zhang Y, ... Jiang T",2016,10.1093/cercor/bhw157,NONE,HISTORICAL_CONFLICT,HISTORICAL_CONFLICT,NGIQ-BR-00000212,VERIFIED_DIRECT_CONTAINED,高,Brainnetome 官方图谱将每个 parcel 定义为所属 gyrus 的细分（Fan 2016 层级标注），目标 G1 名称与该 gyrus 一致，半球一致。,CONFLICT_REVIEW,EXPLICIT_G1_ROLLUP_BLOCK,FALSE,TRUE,FROZEN_DECISION_PREVAILS,FROZEN_DECISION_GATE,G3→G1 frozen：decision=CONFLICT_REVIEW，rollup_eligible=FALSE（manifest 显式字段 scientific_rollup_eligible），target==candidate G1 → 禁止提升为 contained_in。
HISTORICAL_CONFLICT,NGIQ-BR-00000212,"Right Superior lateral occipital cortex, Brainnetome 2_1",右侧上外侧枕叶皮层（Brainnetome 2-1）,G3_MESO_FINE,Brainnetome,right,NGIQ-BR-00000308,Right Lateral Occipital Cortex,右外侧枕叶皮质,DIRECT_CONTAINED_HIGH_CONFIDENCE,VERIFIED_DIRECT_CONTAINED,外侧枕叶皮质,Brainnetome 官方图谱将每个 parcel 定义为所属 gyrus 的细分（Fan 2016 层级标注），目标 G1 名称与该 gyrus 一致，半球一致。,Brainnetome official hierarchy (Fan 2016),The Human Brainnetome Atlas: a new brain atlas based on connectional architecture,The Human Brainnetome Atlas: a new brain atlas based on connectional architecture,"Fan L, Li H, Zhuo J, Zhang Y, ... Jiang T",2016,10.1093/cercor/bhw157,NONE,HISTORICAL_CONFLICT,HISTORICAL_CONFLICT,NGIQ-BR-00000211,VERIFIED_DIRECT_CONTAINED,高,Brainnetome 官方图谱将每个 parcel 定义为所属 gyrus 的细分（Fan 2016 层级标注），目标 G1 名称与该 gyrus 一致，半球一致。,CONFLICT_REVIEW,EXPLICIT_G1_ROLLUP_BLOCK,FALSE,TRUE,FROZEN_DECISION_PREVAILS,FROZEN_DECISION_GATE,G3→G1 frozen：decision=CONFLICT_REVIEW，rollup_eligible=FALSE（manifest 显式字段 scientific_rollup_eligible），target==candidate G1 → 禁止提升为 contained_in。
HISTORICAL_CONFLICT,NGIQ-BR-00000213,"Left Superior lateral occipital cortex, Brainnetome 2_2",左侧上外侧枕叶皮层（Brainnetome 2-2）,G3_MESO_FINE,Brainnetome,left,NGIQ-BR-00000277,Left Lateral Occipital Cortex,左外侧枕叶皮质,DIRECT_CONTAINED_HIGH_CONFIDENCE,VERIFIED_DIRECT_CONTAINED,外侧枕叶皮质,Brainnetome 官方图谱将每个 parcel 定义为所属 gyrus 的细分（Fan 2016 层级标注），目标 G1 名称与该 gyrus 一致，半球一致。,Brainnetome official hierarchy (Fan 2016),The Human Brainnetome Atlas: a new brain atlas based on connectional architecture,The Human Brainnetome Atlas: a new brain atlas based on connectional architecture,"Fan L, Li H, Zhuo J, Zhang Y, ... Jiang T",2016,10.1093/cercor/bhw157,NONE,HISTORICAL_CONFLICT,HISTORICAL_CONFLICT,NGIQ-BR-00000214,VERIFIED_DIRECT_CONTAINED,高,Brainnetome 官方图谱将每个 parcel 定义为所属 gyrus 的细分（Fan 2016 层级标注），目标 G1 名称与该 gyrus 一致，半球一致。,CONFLICT_REVIEW,EXPLICIT_G1_ROLLUP_BLOCK,FALSE,TRUE,FROZEN_DECISION_PREVAILS,FROZEN_DECISION_GATE,G3→G1 frozen：decision=CONFLICT_REVIEW，rollup_eligible=FALSE（manifest 显式字段 scientific_rollup_eligible），target==candidate G1 → 禁止提升为 contained_in。
HISTORICAL_CONFLICT,NGIQ-BR-00000214,"Right Superior lateral occipital cortex, Brainnetome 2_2",右侧上外侧枕叶皮层（Brainnetome 2-2）,G3_MESO_FINE,Brainnetome,right,NGIQ-BR-00000308,Right Lateral Occipital Cortex,右外侧枕叶皮质,DIRECT_CONTAINED_HIGH_CONFIDENCE,VERIFIED_DIRECT_CONTAINED,外侧枕叶皮质,Brainnetome 官方图谱将每个 parcel 定义为所属 gyrus 的细分（Fan 2016 层级标注），目标 G1 名称与该 gyrus 一致，半球一致。,Brainnetome official hierarchy (Fan 2016),The Human Brainnetome Atlas: a new brain atlas based on connectional architecture,The Human Brainnetome Atlas: a new brain atlas based on connectional architecture,"Fan L, Li H, Zhuo J, Zhang Y, ... Jiang T",2016,10.1093/cercor/bhw157,NONE,HISTORICAL_CONFLICT,HISTORICAL_CONFLICT,NGIQ-BR-00000213,VERIFIED_DIRECT_CONTAINED,高,Brainnetome 官方图谱将每个 parcel 定义为所属 gyrus 的细分（Fan 2016 层级标注），目标 G1 名称与该 gyrus 一致，半球一致。,CONFLICT_REVIEW,EXPLICIT_G1_ROLLUP_BLOCK,FALSE,TRUE,FROZEN_DECISION_PREVAILS,FROZEN_DECISION_GATE,G3→G1 frozen：decision=CONFLICT_REVIEW，rollup_eligible=FALSE（manifest 显式字段 scientific_rollup_eligible），target==candidate G1 → 禁止提升为 contained_in。
HISTORICAL_CONFLICT,NGIQ-BR-00000361,SF.AHi (Amygdala) right,右侧SF.AHi（杏仁核）,G4_MICROSTRUCTURAL_FINE,Julich-Brain,right,NGIQ-BR-00000261,Right Amygdala,右杏仁核,DIRECT_CONTAINED_HIGH_CONFIDENCE,VERIFIED_DIRECT_CONTAINED,杏仁核,该杏仁核内亚区/核团整体位于 G1 'Amygdala' macro 之内（FS aseg 全杏仁核），无跨结构冲突。,Julich-Brain cytoarchitectonic atlas (Amunts 2020),Whole brain segmentation: automated labeling of neuroanatomical structures in the human brain (FreeSurfer aseg),Whole brain segmentation: automated labeling of neuroanatomical structures in the human brain (FreeSurfer aseg),"Fischl B, Salat DH, Busa E, et al.",2002,10.1016/S0896-6273(02)00569-X,NONE,HISTORICAL_CONFLICT,HISTORICAL_CONFLICT,NGIQ-BR-00000364,VERIFIED_DIRECT_CONTAINED,高,该杏仁核内亚区/核团整体位于 G1 'Amygdala' macro 之内（FS aseg 全杏仁核），无跨结构冲突。,SHARED_SPATIAL_EVIDENCE_ONLY,SOURCE_LEVEL_SPATIAL_ONLY,F,NO,VERIFIED_DIRECT_CONTAINED,NONE,
HISTORICAL_CONFLICT,NGIQ-BR-00000362,SF.APir (Amygdala) right,右侧SF.APir（杏仁核）,G4_MICROSTRUCTURAL_FINE,Julich-Brain,right,NGIQ-BR-00000261,Right Amygdala,右杏仁核,DIRECT_CONTAINED_HIGH_CONFIDENCE,VERIFIED_DIRECT_CONTAINED,杏仁核,该杏仁核内亚区/核团整体位于 G1 'Amygdala' macro 之内（FS aseg 全杏仁核），无跨结构冲突。,Julich-Brain cytoarchitectonic atlas (Amunts 2020),Whole brain segmentation: automated labeling of neuroanatomical structures in the human brain (FreeSurfer aseg),Whole brain segmentation: automated labeling of neuroanatomical structures in the human brain (FreeSurfer aseg),"Fischl B, Salat DH, Busa E, et al.",2002,10.1016/S0896-6273(02)00569-X,NONE,HISTORICAL_CONFLICT,HISTORICAL_CONFLICT,NGIQ-BR-00000365,VERIFIED_DIRECT_CONTAINED,高,该杏仁核内亚区/核团整体位于 G1 'Amygdala' macro 之内（FS aseg 全杏仁核），无跨结构冲突。,SHARED_SPATIAL_EVIDENCE_ONLY,SOURCE_LEVEL_SPATIAL_ONLY,F,NO,VERIFIED_DIRECT_CONTAINED,NONE,
HISTORICAL_CONFLICT,NGIQ-BR-00000363,SF.VCo (Amygdala) right,右侧SF.VCo（杏仁核）,G4_MICROSTRUCTURAL_FINE,Julich-Brain,right,NGIQ-BR-00000261,Right Amygdala,右杏仁核,DIRECT_CONTAINED_HIGH_CONFIDENCE,VERIFIED_DIRECT_CONTAINED,杏仁核,该杏仁核内亚区/核团整体位于 G1 'Amygdala' macro 之内（FS aseg 全杏仁核），无跨结构冲突。,Julich-Brain cytoarchitectonic atlas (Amunts 2020),Whole brain segmentation: automated labeling of neuroanatomical structures in the human brain (FreeSurfer aseg),Whole brain segmentation: automated labeling of neuroanatomical structures in the human brain (FreeSurfer aseg),"Fischl B, Salat DH, Busa E, et al.",2002,10.1016/S0896-6273(02)00569-X,NONE,HISTORICAL_CONFLICT,HISTORICAL_CONFLICT,NGIQ-BR-00000366,VERIFIED_DIRECT_CONTAINED,高,该杏仁核内亚区/核团整体位于 G1 'Amygdala' macro 之内（FS aseg 全杏仁核），无跨结构冲突。,SHARED_SPATIAL_EVIDENCE_ONLY,SOURCE_LEVEL_SPATIAL_ONLY,F,NO,VERIFIED_DIRECT_CONTAINED,NONE,
HISTORICAL_CONFLICT,NGIQ-BR-00000364,SF.AHi (Amygdala) left,左侧SF.AHi（杏仁核）,G4_MICROSTRUCTURAL_FINE,Julich-Brain,left,NGIQ-BR-00000253,Left Amygdala,左杏仁核,DIRECT_CONTAINED_HIGH_CONFIDENCE,VERIFIED_DIRECT_CONTAINED,杏仁核,该杏仁核内亚区/核团整体位于 G1 'Amygdala' macro 之内（FS aseg 全杏仁核），无跨结构冲突。,Julich-Brain cytoarchitectonic atlas (Amunts 2020),Whole brain segmentation: automated labeling of neuroanatomical structures in the human brain (FreeSurfer aseg),Whole brain segmentation: automated labeling of neuroanatomical structures in the human brain (FreeSurfer aseg),"Fischl B, Salat DH, Busa E, et al.",2002,10.1016/S0896-6273(02)00569-X,NONE,HISTORICAL_CONFLICT,HISTORICAL_CONFLICT,NGIQ-BR-00000361,VERIFIED_DIRECT_CONTAINED,高,该杏仁核内亚区/核团整体位于 G1 'Amygdala' macro 之内（FS aseg 全杏仁核），无跨结构冲突。,SHARED_SPATIAL_EVIDENCE_ONLY,SOURCE_LEVEL_SPATIAL_ONLY,F,NO,VERIFIED_DIRECT_CONTAINED,NONE,
HISTORICAL_CONFLICT,NGIQ-BR-00000365,SF.APir (Amygdala) left,左侧SF.APir（杏仁核）,G4_MICROSTRUCTURAL_FINE,Julich-Brain,left,NGIQ-BR-00000253,Left Amygdala,左杏仁核,DIRECT_CONTAINED_HIGH_CONFIDENCE,VERIFIED_DIRECT_CONTAINED,杏仁核,该杏仁核内亚区/核团整体位于 G1 'Amygdala' macro 之内（FS aseg 全杏仁核），无跨结构冲突。,Julich-Brain cytoarchitectonic atlas (Amunts 2020),Whole brain segmentation: automated labeling of neuroanatomical structures in the human brain (FreeSurfer aseg),Whole brain segmentation: automated labeling of neuroanatomical structures in the human brain (FreeSurfer aseg),"Fischl B, Salat DH, Busa E, et al.",2002,10.1016/S0896-6273(02)00569-X,NONE,HISTORICAL_CONFLICT,HISTORICAL_CONFLICT,NGIQ-BR-00000362,VERIFIED_DIRECT_CONTAINED,高,该杏仁核内亚区/核团整体位于 G1 'Amygdala' macro 之内（FS aseg 全杏仁核），无跨结构冲突。,SHARED_SPATIAL_EVIDENCE_ONLY,SOURCE_LEVEL_SPATIAL_ONLY,F,NO,VERIFIED_DIRECT_CONTAINED,NONE,
HISTORICAL_CONFLICT,NGIQ-BR-00000366,SF.VCo (Amygdala) left,左侧SF.VCo（杏仁核）,G4_MICROSTRUCTURAL_FINE,Julich-Brain,left,NGIQ-BR-00000253,Left Amygdala,左杏仁核,DIRECT_CONTAINED_HIGH_CONFIDENCE,VERIFIED_DIRECT_CONTAINED,杏仁核,该杏仁核内亚区/核团整体位于 G1 'Amygdala' macro 之内（FS aseg 全杏仁核），无跨结构冲突。,Julich-Brain cytoarchitectonic atlas (Amunts 2020),Whole brain segmentation: automated labeling of neuroanatomical structures in the human brain (FreeSurfer aseg),Whole brain segmentation: automated labeling of neuroanatomical structures in the human brain (FreeSurfer aseg),"Fischl B, Salat DH, Busa E, et al.",2002,10.1016/S0896-6273(02)00569-X,NONE,HISTORICAL_CONFLICT,HISTORICAL_CONFLICT,NGIQ-BR-00000363,VERIFIED_DIRECT_CONTAINED,高,该杏仁核内亚区/核团整体位于 G1 'Amygdala' macro 之内（FS aseg 全杏仁核），无跨结构冲突。,SHARED_SPATIAL_EVIDENCE_ONLY,SOURCE_LEVEL_SPATIAL_ONLY,F,NO,VERIFIED_DIRECT_CONTAINED,NONE,
HISTORICAL_CONFLICT,NGIQ-BR-00000367,Astr (Amygdala) right,右侧Astr（杏仁核）,G4_MICROSTRUCTURAL_FINE,Julich-Brain,right,NGIQ-BR-00000261,Right Amygdala,右杏仁核,DIRECT_CONTAINED_HIGH_CONFIDENCE,VERIFIED_DIRECT_CONTAINED,杏仁核,该杏仁核内亚区/核团整体位于 G1 'Amygdala' macro 之内（FS aseg 全杏仁核），无跨结构冲突。,Julich-Brain cytoarchitectonic atlas (Amunts 2020),Whole brain segmentation: automated labeling of neuroanatomical structures in the human brain (FreeSurfer aseg),Whole brain segmentation: automated labeling of neuroanatomical structures in the human brain (FreeSurfer aseg),"Fischl B, Salat DH, Busa E, et al.",2002,10.1016/S0896-6273(02)00569-X,NONE,HISTORICAL_CONFLICT,HISTORICAL_CONFLICT,NGIQ-BR-00000368,VERIFIED_DIRECT_CONTAINED,高,该杏仁核内亚区/核团整体位于 G1 'Amygdala' macro 之内（FS aseg 全杏仁核），无跨结构冲突。,CONFLICT_REVIEW,SOURCE_LEVEL_SPATIAL_ONLY,F,NO,VERIFIED_DIRECT_CONTAINED,NONE,
SPATIAL_REVIEW_REQUIRED,NGIQ-BR-00000336,"AcbM (Ventral Striatum, Medial Accumbens) left",左侧AcbM（腹侧纹状体，内侧伏隔核）,G4_MICROSTRUCTURAL_FINE,Julich-Brain,left,NGIQ-BR-00000254,Left Nucleus Accumbens,左伏隔核,DIRECT_CONTAINED_HIGH_CONFIDENCE,LIKELY_CONTAINED_NEEDS_SPATIAL_REVIEW,伏隔核,Julich cyto 边界不一定等于宏观脑回边界；仅凭 family 标签不能证明整区含于对应 G1 gyrus，需概率/硬标签空间复核后方可晋升。,Julich-Brain cytoarchitectonic atlas (Amunts 2020),Julich-Brain: a 3D probabilistic atlas of the human brain's cytoarchitecture,Julich-Brain: a 3D probabilistic atlas of the human brain's cytoarchitecture,"Amunts K, Mohlberg H, Bludau S, Zilles K",2020,10.1126/science.abb4588,"dominant_overlap->Left Striatum (basal ganglia), Brainnetome 6_3",NO_HISTORICAL_CONFLICT,NO_HISTORICAL_CONFLICT,NGIQ-BR-00000335,NOT_IN_218_(already has path or review),中,Julich cyto 边界不一定等于宏观脑回边界；仅凭 family 标签不能证明整区含于对应 G1 gyrus，需概率/硬标签空间复核后方可晋升。,APPROVE_DOMINANT_OVERLAP,LOWER_GRANULARITY_ONLY,F,NO,LIKELY_CONTAINED_NEEDS_SPATIAL_REVIEW,NONE,
HISTORICAL_CONFLICT,NGIQ-BR-00000341,Ch 4 (Basal Forebrain) right,右侧Ch 4（基底前脑）,G4_MICROSTRUCTURAL_FINE,Julich-Brain,right,NGIQ-BR-00000265,Right Basal Forebrain,右侧基底前脑,DIRECT_CONTAINED_HIGH_CONFIDENCE,LIKELY_CONTAINED_NEEDS_SPATIAL_REVIEW,基底前脑,Julich cyto 边界不一定等于宏观脑回边界；仅凭 family 标签不能证明整区含于对应 G1 gyrus，需概率/硬标签空间复核后方可晋升。,Julich-Brain cytoarchitectonic atlas (Amunts 2020),Julich-Brain: a 3D probabilistic atlas of the human brain's cytoarchitecture,Julich-Brain: a 3D probabilistic atlas of the human brain's cytoarchitecture,"Amunts K, Mohlberg H, Bludau S, Zilles K",2020,10.1126/science.abb4588,NONE,HISTORICAL_CONFLICT,HISTORICAL_CONFLICT,NGIQ-BR-00000342,LIKELY_CONTAINED_NEEDS_SPATIAL_REVIEW,中,Julich cyto 边界不一定等于宏观脑回边界；仅凭 family 标签不能证明整区含于对应 G1 gyrus，需概率/硬标签空间复核后方可晋升。,CONFLICT_REVIEW,SOURCE_LEVEL_SPATIAL_ONLY,F,NO,LIKELY_CONTAINED_NEEDS_SPATIAL_REVIEW,NONE,
HISTORICAL_CONFLICT,NGIQ-BR-00000342,Ch 4 (Basal Forebrain) left,左侧Ch 4（基底前脑）,G4_MICROSTRUCTURAL_FINE,Julich-Brain,left,NGIQ-BR-00000264,Left Basal Forebrain,左侧基底前脑,DIRECT_CONTAINED_HIGH_CONFIDENCE,LIKELY_CONTAINED_NEEDS_SPATIAL_REVIEW,基底前脑,Julich cyto 边界不一定等于宏观脑回边界；仅凭 family 标签不能证明整区含于对应 G1 gyrus，需概率/硬标签空间复核后方可晋升。,Julich-Brain cytoarchitectonic atlas (Amunts 2020),Julich-Brain: a 3D probabilistic atlas of the human brain's cytoarchitecture,Julich-Brain: a 3D probabilistic atlas of the human brain's cytoarchitecture,"Amunts K, Mohlberg H, Bludau S, Zilles K",2020,10.1126/science.abb4588,NONE,HISTORICAL_CONFLICT,HISTORICAL_CONFLICT,NGIQ-BR-00000341,LIKELY_CONTAINED_NEEDS_SPATIAL_REVIEW,中,Julich cyto 边界不一定等于宏观脑回边界；仅凭 family 标签不能证明整区含于对应 G1 gyrus，需概率/硬标签空间复核后方可晋升。,CONFLICT_REVIEW,SOURCE_LEVEL_SPATIAL_ONLY,F,NO,LIKELY_CONTAINED_NEEDS_SPATIAL_REVIEW,NONE,
HISTORICAL_CONFLICT,NGIQ-BR-00000343,"BST (Basal Forebrain, Bed Nucleus) right",右侧BST（基底前脑，终纹床核）,G4_MICROSTRUCTURAL_FINE,Julich-Brain,right,NGIQ-BR-00000265,Right Basal Forebrain,右侧基底前脑,DIRECT_CONTAINED_HIGH_CONFIDENCE,LIKELY_CONTAINED_NEEDS_SPATIAL_REVIEW,基底前脑,Julich cyto 边界不一定等于宏观脑回边界；仅凭 family 标签不能证明整区含于对应 G1 gyrus，需概率/硬标签空间复核后方可晋升。,Julich-Brain cytoarchitectonic atlas (Amunts 2020),Julich-Brain: a 3D probabilistic atlas of the human brain's cytoarchitecture,Julich-Brain: a 3D probabilistic atlas of the human brain's cytoarchitecture,"Amunts K, Mohlberg H, Bludau S, Zilles K",2020,10.1126/science.abb4588,NONE,HISTORICAL_CONFLICT,HISTORICAL_CONFLICT,NGIQ-BR-00000344,LIKELY_CONTAINED_NEEDS_SPATIAL_REVIEW,中,Julich cyto 边界不一定等于宏观脑回边界；仅凭 family 标签不能证明整区含于对应 G1 gyrus，需概率/硬标签空间复核后方可晋升。,CONFLICT_REVIEW,SOURCE_LEVEL_SPATIAL_ONLY,F,NO,LIKELY_CONTAINED_NEEDS_SPATIAL_REVIEW,NONE,
HISTORICAL_CONFLICT,NGIQ-BR-00000344,"BST (Basal Forebrain, Bed Nucleus) left",左侧BST（基底前脑，终纹床核）,G4_MICROSTRUCTURAL_FINE,Julich-Brain,left,NGIQ-BR-00000264,Left Basal Forebrain,左侧基底前脑,DIRECT_CONTAINED_HIGH_CONFIDENCE,LIKELY_CONTAINED_NEEDS_SPATIAL_REVIEW,基底前脑,Julich cyto 边界不一定等于宏观脑回边界；仅凭 family 标签不能证明整区含于对应 G1 gyrus，需概率/硬标签空间复核后方可晋升。,Julich-Brain cytoarchitectonic atlas (Amunts 2020),Julich-Brain: a 3D probabilistic atlas of the human brain's cytoarchitecture,Julich-Brain: a 3D probabilistic atlas of the human brain's cytoarchitecture,"Amunts K, Mohlberg H, Bludau S, Zilles K",2020,10.1126/science.abb4588,NONE,HISTORICAL_CONFLICT,HISTORICAL_CONFLICT,NGIQ-BR-00000343,LIKELY_CONTAINED_NEEDS_SPATIAL_REVIEW,中,Julich cyto 边界不一定等于宏观脑回边界；仅凭 family 标签不能证明整区含于对应 G1 gyrus，需概率/硬标签空间复核后方可晋升。,CONFLICT_REVIEW,SOURCE_LEVEL_SPATIAL_ONLY,F,NO,LIKELY_CONTAINED_NEEDS_SPATIAL_REVIEW,NONE,
HISTORICAL_CONFLICT,NGIQ-BR-00000345,Ch 123 (Basal Forebrain) right,右侧Ch 123（基底前脑）,G4_MICROSTRUCTURAL_FINE,Julich-Brain,right,NGIQ-BR-00000265,Right Basal Forebrain,右侧基底前脑,DIRECT_CONTAINED_HIGH_CONFIDENCE,LIKELY_CONTAINED_NEEDS_SPATIAL_REVIEW,基底前脑,Julich cyto 边界不一定等于宏观脑回边界；仅凭 family 标签不能证明整区含于对应 G1 gyrus，需概率/硬标签空间复核后方可晋升。,Julich-Brain cytoarchitectonic atlas (Amunts 2020),Julich-Brain: a 3D probabilistic atlas of the human brain's cytoarchitecture,Julich-Brain: a 3D probabilistic atlas of the human brain's cytoarchitecture,"Amunts K, Mohlberg H, Bludau S, Zilles K",2020,10.1126/science.abb4588,NONE,HISTORICAL_CONFLICT,HISTORICAL_CONFLICT,NGIQ-BR-00000346,LIKELY_CONTAINED_NEEDS_SPATIAL_REVIEW,中,Julich cyto 边界不一定等于宏观脑回边界；仅凭 family 标签不能证明整区含于对应 G1 gyrus，需概率/硬标签空间复核后方可晋升。,CONFLICT_REVIEW,SOURCE_LEVEL_SPATIAL_ONLY,F,NO,LIKELY_CONTAINED_NEEDS_SPATIAL_REVIEW,NONE,
HISTORICAL_CONFLICT,NGIQ-BR-00000346,Ch 123 (Basal Forebrain) left,左侧Ch 123（基底前脑）,G4_MICROSTRUCTURAL_FINE,Julich-Brain,left,NGIQ-BR-00000264,Left Basal Forebrain,左侧基底前脑,DIRECT_CONTAINED_HIGH_CONFIDENCE,LIKELY_CONTAINED_NEEDS_SPATIAL_REVIEW,基底前脑,Julich cyto 边界不一定等于宏观脑回边界；仅凭 family 标签不能证明整区含于对应 G1 gyrus，需概率/硬标签空间复核后方可晋升。,Julich-Brain cytoarchitectonic atlas (Amunts 2020),Julich-Brain: a 3D probabilistic atlas of the human brain's cytoarchitecture,Julich-Brain: a 3D probabilistic atlas of the human brain's cytoarchitecture,"Amunts K, Mohlberg H, Bludau S, Zilles K",2020,10.1126/science.abb4588,NONE,HISTORICAL_CONFLICT,HISTORICAL_CONFLICT,NGIQ-BR-00000345,LIKELY_CONTAINED_NEEDS_SPATIAL_REVIEW,中,Julich cyto 边界不一定等于宏观脑回边界；仅凭 family 标签不能证明整区含于对应 G1 gyrus，需概率/硬标签空间复核后方可晋升。,CONFLICT_REVIEW,SOURCE_LEVEL_SPATIAL_ONLY,F,NO,LIKELY_CONTAINED_NEEDS_SPATIAL_REVIEW,NONE,
HISTORICAL_CONFLICT,NGIQ-BR-00000347,CM.AAA (Amygdala) right,右侧CM.AAA（杏仁核）,G4_MICROSTRUCTURAL_FINE,Julich-Brain,right,NGIQ-BR-00000261,Right Amygdala,右杏仁核,DIRECT_CONTAINED_HIGH_CONFIDENCE,VERIFIED_DIRECT_CONTAINED,杏仁核,该杏仁核内亚区/核团整体位于 G1 'Amygdala' macro 之内（FS aseg 全杏仁核），无跨结构冲突。,Julich-Brain cytoarchitectonic atlas (Amunts 2020),Whole brain segmentation: automated labeling of neuroanatomical structures in the human brain (FreeSurfer aseg),Whole brain segmentation: automated labeling of neuroanatomical structures in the human brain (FreeSurfer aseg),"Fischl B, Salat DH, Busa E, et al.",2002,10.1016/S0896-6273(02)00569-X,NONE,HISTORICAL_CONFLICT,HISTORICAL_CONFLICT,NGIQ-BR-00000350,VERIFIED_DIRECT_CONTAINED,高,该杏仁核内亚区/核团整体位于 G1 'Amygdala' macro 之内（FS aseg 全杏仁核），无跨结构冲突。,SHARED_SPATIAL_EVIDENCE_ONLY,SOURCE_LEVEL_SPATIAL_ONLY,F,NO,VERIFIED_DIRECT_CONTAINED,NONE,
HISTORICAL_CONFLICT,NGIQ-BR-00000348,CM.Ce (Amygdala) right,右侧CM.Ce（杏仁核）,G4_MICROSTRUCTURAL_FINE,Julich-Brain,right,NGIQ-BR-00000261,Right Amygdala,右杏仁核,DIRECT_CONTAINED_HIGH_CONFIDENCE,VERIFIED_DIRECT_CONTAINED,杏仁核,该杏仁核内亚区/核团整体位于 G1 'Amygdala' macro 之内（FS aseg 全杏仁核），无跨结构冲突。,Julich-Brain cytoarchitectonic atlas (Amunts 2020),Whole brain segmentation: automated labeling of neuroanatomical structures in the human brain (FreeSurfer aseg),Whole brain segmentation: automated labeling of neuroanatomical structures in the human brain (FreeSurfer aseg),"Fischl B, Salat DH, Busa E, et al.",2002,10.1016/S0896-6273(02)00569-X,NONE,HISTORICAL_CONFLICT,HISTORICAL_CONFLICT,NGIQ-BR-00000351,VERIFIED_DIRECT_CONTAINED,高,该杏仁核内亚区/核团整体位于 G1 'Amygdala' macro 之内（FS aseg 全杏仁核），无跨结构冲突。,SHARED_SPATIAL_EVIDENCE_ONLY,SOURCE_LEVEL_SPATIAL_ONLY,F,NO,VERIFIED_DIRECT_CONTAINED,NONE,
HISTORICAL_CONFLICT,NGIQ-BR-00000349,CM.Me (Amygdala) right,右侧CM.Me（杏仁核）,G4_MICROSTRUCTURAL_FINE,Julich-Brain,right,NGIQ-BR-00000261,Right Amygdala,右杏仁核,DIRECT_CONTAINED_HIGH_CONFIDENCE,VERIFIED_DIRECT_CONTAINED,杏仁核,该杏仁核内亚区/核团整体位于 G1 'Amygdala' macro 之内（FS aseg 全杏仁核），无跨结构冲突。,Julich-Brain cytoarchitectonic atlas (Amunts 2020),Whole brain segmentation: automated labeling of neuroanatomical structures in the human brain (FreeSurfer aseg),Whole brain segmentation: automated labeling of neuroanatomical structures in the human brain (FreeSurfer aseg),"Fischl B, Salat DH, Busa E, et al.",2002,10.1016/S0896-6273(02)00569-X,NONE,HISTORICAL_CONFLICT,HISTORICAL_CONFLICT,NGIQ-BR-00000352,VERIFIED_DIRECT_CONTAINED,高,该杏仁核内亚区/核团整体位于 G1 'Amygdala' macro 之内（FS aseg 全杏仁核），无跨结构冲突。,SHARED_SPATIAL_EVIDENCE_ONLY,SOURCE_LEVEL_SPATIAL_ONLY,F,NO,VERIFIED_DIRECT_CONTAINED,NONE,
SPATIAL_COMPATIBLE,NGIQ-BR-00000736,"PUa (Thalamus, anterior pulvinar) left",左侧PUa（丘脑，前枕核）,G4_MICROSTRUCTURAL_FINE,Julich-Brain,left,NGIQ-BR-00000247,Left Thalamus,左丘脑,DIRECT_CONTAINED_HIGH_CONFIDENCE,VERIFIED_DIRECT_CONTAINED,丘脑,该背侧丘脑核团为 G1 'Thalamus'(dorsal Thalamus-Proper) 内部核团；ZI/TRN 等非背侧丘脑结构已在专项中排除。,Julich-Brain cytoarchitectonic atlas (Amunts 2020),"The Thalamus (2nd ed., Cambridge Univ. Press)","The Thalamus (2nd ed., Cambridge Univ. Press)",Jones EG,2007,monograph (no DOI),"partial_overlap->Left Thalamus, Brainnetome 8_5; partial_overlap->Left Thalamus, Brainnetome 8_3; partial_overlap->Left Thalamus, Brainnetome 8_6",NO_HISTORICAL_CONFLICT,NO_HISTORICAL_CONFLICT,NGIQ-BR-00000735,VERIFIED_DIRECT_CONTAINED,高,该背侧丘脑核团为 G1 'Thalamus'(dorsal Thalamus-Proper) 内部核团；ZI/TRN 等非背侧丘脑结构已在专项中排除。,PARTIAL_OVERLAP,LOWER_GRANULARITY_ONLY,F,NO,VERIFIED_DIRECT_CONTAINED,NONE,
HISTORICAL_CONFLICT,NGIQ-BR-00000350,CM.AAA (Amygdala) left,左侧CM.AAA（杏仁核）,G4_MICROSTRUCTURAL_FINE,Julich-Brain,left,NGIQ-BR-00000253,Left Amygdala,左杏仁核,DIRECT_CONTAINED_HIGH_CONFIDENCE,VERIFIED_DIRECT_CONTAINED,杏仁核,该杏仁核内亚区/核团整体位于 G1 'Amygdala' macro 之内（FS aseg 全杏仁核），无跨结构冲突。,Julich-Brain cytoarchitectonic atlas (Amunts 2020),Whole brain segmentation: automated labeling of neuroanatomical structures in the human brain (FreeSurfer aseg),Whole brain segmentation: automated labeling of neuroanatomical structures in the human brain (FreeSurfer aseg),"Fischl B, Salat DH, Busa E, et al.",2002,10.1016/S0896-6273(02)00569-X,NONE,HISTORICAL_CONFLICT,HISTORICAL_CONFLICT,NGIQ-BR-00000347,VERIFIED_DIRECT_CONTAINED,高,该杏仁核内亚区/核团整体位于 G1 'Amygdala' macro 之内（FS aseg 全杏仁核），无跨结构冲突。,SHARED_SPATIAL_EVIDENCE_ONLY,SOURCE_LEVEL_SPATIAL_ONLY,F,NO,VERIFIED_DIRECT_CONTAINED,NONE,
HISTORICAL_CONFLICT,NGIQ-BR-00000351,CM.Ce (Amygdala) left,左侧CM.Ce（杏仁核）,G4_MICROSTRUCTURAL_FINE,Julich-Brain,left,NGIQ-BR-00000253,Left Amygdala,左杏仁核,DIRECT_CONTAINED_HIGH_CONFIDENCE,VERIFIED_DIRECT_CONTAINED,杏仁核,该杏仁核内亚区/核团整体位于 G1 'Amygdala' macro 之内（FS aseg 全杏仁核），无跨结构冲突。,Julich-Brain cytoarchitectonic atlas (Amunts 2020),Whole brain segmentation: automated labeling of neuroanatomical structures in the human brain (FreeSurfer aseg),Whole brain segmentation: automated labeling of neuroanatomical structures in the human brain (FreeSurfer aseg),"Fischl B, Salat DH, Busa E, et al.",2002,10.1016/S0896-6273(02)00569-X,NONE,HISTORICAL_CONFLICT,HISTORICAL_CONFLICT,NGIQ-BR-00000348,VERIFIED_DIRECT_CONTAINED,高,该杏仁核内亚区/核团整体位于 G1 'Amygdala' macro 之内（FS aseg 全杏仁核），无跨结构冲突。,SHARED_SPATIAL_EVIDENCE_ONLY,SOURCE_LEVEL_SPATIAL_ONLY,F,NO,VERIFIED_DIRECT_CONTAINED,NONE,
HISTORICAL_CONFLICT,NGIQ-BR-00000352,CM.Me (Amygdala) left,左侧CM.Me（杏仁核）,G4_MICROSTRUCTURAL_FINE,Julich-Brain,left,NGIQ-BR-00000253,Left Amygdala,左杏仁核,DIRECT_CONTAINED_HIGH_CONFIDENCE,VERIFIED_DIRECT_CONTAINED,杏仁核,该杏仁核内亚区/核团整体位于 G1 'Amygdala' macro 之内（FS aseg 全杏仁核），无跨结构冲突。,Julich-Brain cytoarchitectonic atlas (Amunts 2020),Whole brain segmentation: automated labeling of neuroanatomical structures in the human brain (FreeSurfer aseg),Whole brain segmentation: automated labeling of neuroanatomical structures in the human brain (FreeSurfer aseg),"Fischl B, Salat DH, Busa E, et al.",2002,10.1016/S0896-6273(02)00569-X,NONE,HISTORICAL_CONFLICT,HISTORICAL_CONFLICT,NGIQ-BR-00000349,VERIFIED_DIRECT_CONTAINED,高,该杏仁核内亚区/核团整体位于 G1 'Amygdala' macro 之内（FS aseg 全杏仁核），无跨结构冲突。,SHARED_SPATIAL_EVIDENCE_ONLY,SOURCE_LEVEL_SPATIAL_ONLY,F,NO,VERIFIED_DIRECT_CONTAINED,NONE,
HISTORICAL_CONFLICT,NGIQ-BR-00000353,LB.Bl (Amygdala) right,右侧LB.Bl（杏仁核）,G4_MICROSTRUCTURAL_FINE,Julich-Brain,right,NGIQ-BR-00000261,Right Amygdala,右杏仁核,DIRECT_CONTAINED_HIGH_CONFIDENCE,VERIFIED_DIRECT_CONTAINED,杏仁核,该杏仁核内亚区/核团整体位于 G1 'Amygdala' macro 之内（FS aseg 全杏仁核），无跨结构冲突。,Julich-Brain cytoarchitectonic atlas (Amunts 2020),Whole brain segmentation: automated labeling of neuroanatomical structures in the human brain (FreeSurfer aseg),Whole brain segmentation: automated labeling of neuroanatomical structures in the human brain (FreeSurfer aseg),"Fischl B, Salat DH, Busa E, et al.",2002,10.1016/S0896-6273(02)00569-X,NONE,HISTORICAL_CONFLICT,HISTORICAL_CONFLICT,NGIQ-BR-00000357,VERIFIED_DIRECT_CONTAINED,高,该杏仁核内亚区/核团整体位于 G1 'Amygdala' macro 之内（FS aseg 全杏仁核），无跨结构冲突。,SHARED_SPATIAL_EVIDENCE_ONLY,SOURCE_LEVEL_SPATIAL_ONLY,F,NO,VERIFIED_DIRECT_CONTAINED,NONE,
HISTORICAL_CONFLICT,NGIQ-BR-00000354,LB.Bm (Amygdala) right,右侧LB.Bm（杏仁核）,G4_MICROSTRUCTURAL_FINE,Julich-Brain,right,NGIQ-BR-00000261,Right Amygdala,右杏仁核,DIRECT_CONTAINED_HIGH_CONFIDENCE,VERIFIED_DIRECT_CONTAINED,杏仁核,该杏仁核内亚区/核团整体位于 G1 'Amygdala' macro 之内（FS aseg 全杏仁核），无跨结构冲突。,Julich-Brain cytoarchitectonic atlas (Amunts 2020),Whole brain segmentation: automated labeling of neuroanatomical structures in the human brain (FreeSurfer aseg),Whole brain segmentation: automated labeling of neuroanatomical structures in the human brain (FreeSurfer aseg),"Fischl B, Salat DH, Busa E, et al.",2002,10.1016/S0896-6273(02)00569-X,NONE,HISTORICAL_CONFLICT,HISTORICAL_CONFLICT,NGIQ-BR-00000358,VERIFIED_DIRECT_CONTAINED,高,该杏仁核内亚区/核团整体位于 G1 'Amygdala' macro 之内（FS aseg 全杏仁核），无跨结构冲突。,SHARED_SPATIAL_EVIDENCE_ONLY,SOURCE_LEVEL_SPATIAL_ONLY,F,NO,VERIFIED_DIRECT_CONTAINED,NONE,
HISTORICAL_CONFLICT,NGIQ-BR-00000355,LB.Pl (Amygdala) right,右侧LB.Pl（杏仁核）,G4_MICROSTRUCTURAL_FINE,Julich-Brain,right,NGIQ-BR-00000261,Right Amygdala,右杏仁核,DIRECT_CONTAINED_HIGH_CONFIDENCE,VERIFIED_DIRECT_CONTAINED,杏仁核,该杏仁核内亚区/核团整体位于 G1 'Amygdala' macro 之内（FS aseg 全杏仁核），无跨结构冲突。,Julich-Brain cytoarchitectonic atlas (Amunts 2020),Whole brain segmentation: automated labeling of neuroanatomical structures in the human brain (FreeSurfer aseg),Whole brain segmentation: automated labeling of neuroanatomical structures in the human brain (FreeSurfer aseg),"Fischl B, Salat DH, Busa E, et al.",2002,10.1016/S0896-6273(02)00569-X,NONE,HISTORICAL_CONFLICT,HISTORICAL_CONFLICT,NGIQ-BR-00000359,VERIFIED_DIRECT_CONTAINED,高,该杏仁核内亚区/核团整体位于 G1 'Amygdala' macro 之内（FS aseg 全杏仁核），无跨结构冲突。,SHARED_SPATIAL_EVIDENCE_ONLY,SOURCE_LEVEL_SPATIAL_ONLY,F,NO,VERIFIED_DIRECT_CONTAINED,NONE,
HISTORICAL_CONFLICT,NGIQ-BR-00000356,LB.La (Amygdala) right,右侧LB.La（杏仁核）,G4_MICROSTRUCTURAL_FINE,Julich-Brain,right,NGIQ-BR-00000261,Right Amygdala,右杏仁核,DIRECT_CONTAINED_HIGH_CONFIDENCE,VERIFIED_DIRECT_CONTAINED,杏仁核,该杏仁核内亚区/核团整体位于 G1 'Amygdala' macro 之内（FS aseg 全杏仁核），无跨结构冲突。,Julich-Brain cytoarchitectonic atlas (Amunts 2020),Whole brain segmentation: automated labeling of neuroanatomical structures in the human brain (FreeSurfer aseg),Whole brain segmentation: automated labeling of neuroanatomical structures in the human brain (FreeSurfer aseg),"Fischl B, Salat DH, Busa E, et al.",2002,10.1016/S0896-6273(02)00569-X,NONE,HISTORICAL_CONFLICT,HISTORICAL_CONFLICT,NGIQ-BR-00000360,VERIFIED_DIRECT_CONTAINED,高,该杏仁核内亚区/核团整体位于 G1 'Amygdala' macro 之内（FS aseg 全杏仁核），无跨结构冲突。,SHARED_SPATIAL_EVIDENCE_ONLY,SOURCE_LEVEL_SPATIAL_ONLY,F,NO,VERIFIED_DIRECT_CONTAINED,NONE,
HISTORICAL_CONFLICT,NGIQ-BR-00000357,LB.Bl (Amygdala) left,左侧LB.Bl（杏仁核）,G4_MICROSTRUCTURAL_FINE,Julich-Brain,left,NGIQ-BR-00000253,Left Amygdala,左杏仁核,DIRECT_CONTAINED_HIGH_CONFIDENCE,VERIFIED_DIRECT_CONTAINED,杏仁核,该杏仁核内亚区/核团整体位于 G1 'Amygdala' macro 之内（FS aseg 全杏仁核），无跨结构冲突。,Julich-Brain cytoarchitectonic atlas (Amunts 2020),Whole brain segmentation: automated labeling of neuroanatomical structures in the human brain (FreeSurfer aseg),Whole brain segmentation: automated labeling of neuroanatomical structures in the human brain (FreeSurfer aseg),"Fischl B, Salat DH, Busa E, et al.",2002,10.1016/S0896-6273(02)00569-X,NONE,HISTORICAL_CONFLICT,HISTORICAL_CONFLICT,NGIQ-BR-00000353,VERIFIED_DIRECT_CONTAINED,高,该杏仁核内亚区/核团整体位于 G1 'Amygdala' macro 之内（FS aseg 全杏仁核），无跨结构冲突。,SHARED_SPATIAL_EVIDENCE_ONLY,SOURCE_LEVEL_SPATIAL_ONLY,F,NO,VERIFIED_DIRECT_CONTAINED,NONE,
HISTORICAL_CONFLICT,NGIQ-BR-00000358,LB.Bm (Amygdala) left,左侧LB.Bm（杏仁核）,G4_MICROSTRUCTURAL_FINE,Julich-Brain,left,NGIQ-BR-00000253,Left Amygdala,左杏仁核,DIRECT_CONTAINED_HIGH_CONFIDENCE,VERIFIED_DIRECT_CONTAINED,杏仁核,该杏仁核内亚区/核团整体位于 G1 'Amygdala' macro 之内（FS aseg 全杏仁核），无跨结构冲突。,Julich-Brain cytoarchitectonic atlas (Amunts 2020),Whole brain segmentation: automated labeling of neuroanatomical structures in the human brain (FreeSurfer aseg),Whole brain segmentation: automated labeling of neuroanatomical structures in the human brain (FreeSurfer aseg),"Fischl B, Salat DH, Busa E, et al.",2002,10.1016/S0896-6273(02)00569-X,NONE,HISTORICAL_CONFLICT,HISTORICAL_CONFLICT,NGIQ-BR-00000354,VERIFIED_DIRECT_CONTAINED,高,该杏仁核内亚区/核团整体位于 G1 'Amygdala' macro 之内（FS aseg 全杏仁核），无跨结构冲突。,SHARED_SPATIAL_EVIDENCE_ONLY,SOURCE_LEVEL_SPATIAL_ONLY,F,NO,VERIFIED_DIRECT_CONTAINED,NONE,
HISTORICAL_CONFLICT,NGIQ-BR-00000359,LB.Pl (Amygdala) left,左侧LB.Pl（杏仁核）,G4_MICROSTRUCTURAL_FINE,Julich-Brain,left,NGIQ-BR-00000253,Left Amygdala,左杏仁核,DIRECT_CONTAINED_HIGH_CONFIDENCE,VERIFIED_DIRECT_CONTAINED,杏仁核,该杏仁核内亚区/核团整体位于 G1 'Amygdala' macro 之内（FS aseg 全杏仁核），无跨结构冲突。,Julich-Brain cytoarchitectonic atlas (Amunts 2020),Whole brain segmentation: automated labeling of neuroanatomical structures in the human brain (FreeSurfer aseg),Whole brain segmentation: automated labeling of neuroanatomical structures in the human brain (FreeSurfer aseg),"Fischl B, Salat DH, Busa E, et al.",2002,10.1016/S0896-6273(02)00569-X,NONE,HISTORICAL_CONFLICT,HISTORICAL_CONFLICT,NGIQ-BR-00000355,VERIFIED_DIRECT_CONTAINED,高,该杏仁核内亚区/核团整体位于 G1 'Amygdala' macro 之内（FS aseg 全杏仁核），无跨结构冲突。,SHARED_SPATIAL_EVIDENCE_ONLY,SOURCE_LEVEL_SPATIAL_ONLY,F,NO,VERIFIED_DIRECT_CONTAINED,NONE,
HISTORICAL_CONFLICT,NGIQ-BR-00000360,LB.La (Amygdala) left,左侧LB.La（杏仁核）,G4_MICROSTRUCTURAL_FINE,Julich-Brain,left,NGIQ-BR-00000253,Left Amygdala,左杏仁核,DIRECT_CONTAINED_HIGH_CONFIDENCE,VERIFIED_DIRECT_CONTAINED,杏仁核,该杏仁核内亚区/核团整体位于 G1 'Amygdala' macro 之内（FS aseg 全杏仁核），无跨结构冲突。,Julich-Brain cytoarchitectonic atlas (Amunts 2020),Whole brain segmentation: automated labeling of neuroanatomical structures in the human brain (FreeSurfer aseg),Whole brain segmentation: automated labeling of neuroanatomical structures in the human brain (FreeSurfer aseg),"Fischl B, Salat DH, Busa E, et al.",2002,10.1016/S0896-6273(02)00569-X,NONE,HISTORICAL_CONFLICT,HISTORICAL_CONFLICT,NGIQ-BR-00000356,VERIFIED_DIRECT_CONTAINED,高,该杏仁核内亚区/核团整体位于 G1 'Amygdala' macro 之内（FS aseg 全杏仁核），无跨结构冲突。,SHARED_SPATIAL_EVIDENCE_ONLY,SOURCE_LEVEL_SPATIAL_ONLY,F,NO,VERIFIED_DIRECT_CONTAINED,NONE,
HISTORICAL_CONFLICT,NGIQ-BR-00000368,Astr (Amygdala) left,左侧Astr（杏仁核）,G4_MICROSTRUCTURAL_FINE,Julich-Brain,left,NGIQ-BR-00000253,Left Amygdala,左杏仁核,DIRECT_CONTAINED_HIGH_CONFIDENCE,VERIFIED_DIRECT_CONTAINED,杏仁核,该杏仁核内亚区/核团整体位于 G1 'Amygdala' macro 之内（FS aseg 全杏仁核），无跨结构冲突。,Julich-Brain cytoarchitectonic atlas (Amunts 2020),Whole brain segmentation: automated labeling of neuroanatomical structures in the human brain (FreeSurfer aseg),Whole brain segmentation: automated labeling of neuroanatomical structures in the human brain (FreeSurfer aseg),"Fischl B, Salat DH, Busa E, et al.",2002,10.1016/S0896-6273(02)00569-X,NONE,HISTORICAL_CONFLICT,HISTORICAL_CONFLICT,NGIQ-BR-00000367,VERIFIED_DIRECT_CONTAINED,高,该杏仁核内亚区/核团整体位于 G1 'Amygdala' macro 之内（FS aseg 全杏仁核），无跨结构冲突。,CONFLICT_REVIEW,SOURCE_LEVEL_SPATIAL_ONLY,F,NO,VERIFIED_DIRECT_CONTAINED,NONE,
HISTORICAL_CONFLICT,NGIQ-BR-00000370,VTM (Amygdala) left,左侧VTM（杏仁核）,G4_MICROSTRUCTURAL_FINE,Julich-Brain,left,NGIQ-BR-00000253,Left Amygdala,左杏仁核,DIRECT_CONTAINED_HIGH_CONFIDENCE,LIKELY_CONTAINED_NEEDS_SPATIAL_REVIEW,杏仁核,VTM 属杏仁核核团、目标 Amygdala 语义成立，但其右/左侧与海马存在空间 dominant/异常重叠，须完成空间复核后才能激活；不进入 VERIFIED。,Julich-Brain cytoarchitectonic atlas (Amunts 2020),Julich-Brain: a 3D probabilistic atlas of the human brain's cytoarchitecture,Julich-Brain: a 3D probabilistic atlas of the human brain's cytoarchitecture,"Amunts K, Mohlberg H, Bludau S, Zilles K",2020,10.1126/science.abb4588,NONE,HISTORICAL_CONFLICT,HISTORICAL_CONFLICT,NGIQ-BR-00000369,NOT_IN_218_(already has path or review),中,VTM 属杏仁核核团、目标 Amygdala 语义成立，但其右/左侧与海马存在空间 dominant/异常重叠，须完成空间复核后才能激活；不进入 VERIFIED。,CONFLICT_REVIEW,SOURCE_LEVEL_SPATIAL_ONLY,F,NO,LIKELY_CONTAINED_NEEDS_SPATIAL_REVIEW,NONE,
HISTORICAL_CONFLICT,NGIQ-BR-00000371,IF.ice (Amygdala) right,右侧IF.ice（杏仁核）,G4_MICROSTRUCTURAL_FINE,Julich-Brain,right,NGIQ-BR-00000261,Right Amygdala,右杏仁核,DIRECT_CONTAINED_HIGH_CONFIDENCE,VERIFIED_DIRECT_CONTAINED,杏仁核,该杏仁核内亚区/核团整体位于 G1 'Amygdala' macro 之内（FS aseg 全杏仁核），无跨结构冲突。,Julich-Brain cytoarchitectonic atlas (Amunts 2020),Whole brain segmentation: automated labeling of neuroanatomical structures in the human brain (FreeSurfer aseg),Whole brain segmentation: automated labeling of neuroanatomical structures in the human brain (FreeSurfer aseg),"Fischl B, Salat DH, Busa E, et al.",2002,10.1016/S0896-6273(02)00569-X,NONE,HISTORICAL_CONFLICT,HISTORICAL_CONFLICT,NGIQ-BR-00000374,VERIFIED_DIRECT_CONTAINED,高,该杏仁核内亚区/核团整体位于 G1 'Amygdala' macro 之内（FS aseg 全杏仁核），无跨结构冲突。,SHARED_SPATIAL_EVIDENCE_ONLY,ENTITY_TYPE_GATE,F,NO,ONTOLOGY_ENTITY_TYPE_REVIEW,ENTITY_TYPE_GATE,IF.*/MF.*（或 fiber/white-matter 类 token）实体类型未冻结，禁止作为 BrainRegion contained_in 进入 VERIFIED。
HISTORICAL_CONFLICT,NGIQ-BR-00000372,IF.iol (Amygdala) right,右侧IF.iol（杏仁核）,G4_MICROSTRUCTURAL_FINE,Julich-Brain,right,NGIQ-BR-00000261,Right Amygdala,右杏仁核,DIRECT_CONTAINED_HIGH_CONFIDENCE,VERIFIED_DIRECT_CONTAINED,杏仁核,该杏仁核内亚区/核团整体位于 G1 'Amygdala' macro 之内（FS aseg 全杏仁核），无跨结构冲突。,Julich-Brain cytoarchitectonic atlas (Amunts 2020),Whole brain segmentation: automated labeling of neuroanatomical structures in the human brain (FreeSurfer aseg),Whole brain segmentation: automated labeling of neuroanatomical structures in the human brain (FreeSurfer aseg),"Fischl B, Salat DH, Busa E, et al.",2002,10.1016/S0896-6273(02)00569-X,NONE,HISTORICAL_CONFLICT,HISTORICAL_CONFLICT,NGIQ-BR-00000375,VERIFIED_DIRECT_CONTAINED,高,该杏仁核内亚区/核团整体位于 G1 'Amygdala' macro 之内（FS aseg 全杏仁核），无跨结构冲突。,SHARED_SPATIAL_EVIDENCE_ONLY,ENTITY_TYPE_GATE,F,NO,ONTOLOGY_ENTITY_TYPE_REVIEW,ENTITY_TYPE_GATE,IF.*/MF.*（或 fiber/white-matter 类 token）实体类型未冻结，禁止作为 BrainRegion contained_in 进入 VERIFIED。
HISTORICAL_CONFLICT,NGIQ-BR-00000373,IF.ld (Amygdala) right,右侧IF.ld（杏仁核）,G4_MICROSTRUCTURAL_FINE,Julich-Brain,right,NGIQ-BR-00000261,Right Amygdala,右杏仁核,DIRECT_CONTAINED_HIGH_CONFIDENCE,VERIFIED_DIRECT_CONTAINED,杏仁核,该杏仁核内亚区/核团整体位于 G1 'Amygdala' macro 之内（FS aseg 全杏仁核），无跨结构冲突。,Julich-Brain cytoarchitectonic atlas (Amunts 2020),Whole brain segmentation: automated labeling of neuroanatomical structures in the human brain (FreeSurfer aseg),Whole brain segmentation: automated labeling of neuroanatomical structures in the human brain (FreeSurfer aseg),"Fischl B, Salat DH, Busa E, et al.",2002,10.1016/S0896-6273(02)00569-X,NONE,HISTORICAL_CONFLICT,HISTORICAL_CONFLICT,NGIQ-BR-00000376,VERIFIED_DIRECT_CONTAINED,高,该杏仁核内亚区/核团整体位于 G1 'Amygdala' macro 之内（FS aseg 全杏仁核），无跨结构冲突。,SHARED_SPATIAL_EVIDENCE_ONLY,ENTITY_TYPE_GATE,F,NO,ONTOLOGY_ENTITY_TYPE_REVIEW,ENTITY_TYPE_GATE,IF.*/MF.*（或 fiber/white-matter 类 token）实体类型未冻结，禁止作为 BrainRegion contained_in 进入 VERIFIED。
HISTORICAL_CONFLICT,NGIQ-BR-00000374,IF.ice (Amygdala) left,左侧IF.ice（杏仁核）,G4_MICROSTRUCTURAL_FINE,Julich-Brain,left,NGIQ-BR-00000253,Left Amygdala,左杏仁核,DIRECT_CONTAINED_HIGH_CONFIDENCE,VERIFIED_DIRECT_CONTAINED,杏仁核,该杏仁核内亚区/核团整体位于 G1 'Amygdala' macro 之内（FS aseg 全杏仁核），无跨结构冲突。,Julich-Brain cytoarchitectonic atlas (Amunts 2020),Whole brain segmentation: automated labeling of neuroanatomical structures in the human brain (FreeSurfer aseg),Whole brain segmentation: automated labeling of neuroanatomical structures in the human brain (FreeSurfer aseg),"Fischl B, Salat DH, Busa E, et al.",2002,10.1016/S0896-6273(02)00569-X,NONE,HISTORICAL_CONFLICT,HISTORICAL_CONFLICT,NGIQ-BR-00000371,VERIFIED_DIRECT_CONTAINED,高,该杏仁核内亚区/核团整体位于 G1 'Amygdala' macro 之内（FS aseg 全杏仁核），无跨结构冲突。,SHARED_SPATIAL_EVIDENCE_ONLY,ENTITY_TYPE_GATE,F,NO,ONTOLOGY_ENTITY_TYPE_REVIEW,ENTITY_TYPE_GATE,IF.*/MF.*（或 fiber/white-matter 类 token）实体类型未冻结，禁止作为 BrainRegion contained_in 进入 VERIFIED。
HISTORICAL_CONFLICT,NGIQ-BR-00000375,IF.iol (Amygdala) left,左侧IF.iol（杏仁核）,G4_MICROSTRUCTURAL_FINE,Julich-Brain,left,NGIQ-BR-00000253,Left Amygdala,左杏仁核,DIRECT_CONTAINED_HIGH_CONFIDENCE,VERIFIED_DIRECT_CONTAINED,杏仁核,该杏仁核内亚区/核团整体位于 G1 'Amygdala' macro 之内（FS aseg 全杏仁核），无跨结构冲突。,Julich-Brain cytoarchitectonic atlas (Amunts 2020),Whole brain segmentation: automated labeling of neuroanatomical structures in the human brain (FreeSurfer aseg),Whole brain segmentation: automated labeling of neuroanatomical structures in the human brain (FreeSurfer aseg),"Fischl B, Salat DH, Busa E, et al.",2002,10.1016/S0896-6273(02)00569-X,NONE,HISTORICAL_CONFLICT,HISTORICAL_CONFLICT,NGIQ-BR-00000372,VERIFIED_DIRECT_CONTAINED,高,该杏仁核内亚区/核团整体位于 G1 'Amygdala' macro 之内（FS aseg 全杏仁核），无跨结构冲突。,SHARED_SPATIAL_EVIDENCE_ONLY,ENTITY_TYPE_GATE,F,NO,ONTOLOGY_ENTITY_TYPE_REVIEW,ENTITY_TYPE_GATE,IF.*/MF.*（或 fiber/white-matter 类 token）实体类型未冻结，禁止作为 BrainRegion contained_in 进入 VERIFIED。
HISTORICAL_CONFLICT,NGIQ-BR-00000376,IF.ld (Amygdala) left,左侧IF.ld（杏仁核）,G4_MICROSTRUCTURAL_FINE,Julich-Brain,left,NGIQ-BR-00000253,Left Amygdala,左杏仁核,DIRECT_CONTAINED_HIGH_CONFIDENCE,VERIFIED_DIRECT_CONTAINED,杏仁核,该杏仁核内亚区/核团整体位于 G1 'Amygdala' macro 之内（FS aseg 全杏仁核），无跨结构冲突。,Julich-Brain cytoarchitectonic atlas (Amunts 2020),Whole brain segmentation: automated labeling of neuroanatomical structures in the human brain (FreeSurfer aseg),Whole brain segmentation: automated labeling of neuroanatomical structures in the human brain (FreeSurfer aseg),"Fischl B, Salat DH, Busa E, et al.",2002,10.1016/S0896-6273(02)00569-X,NONE,HISTORICAL_CONFLICT,HISTORICAL_CONFLICT,NGIQ-BR-00000373,VERIFIED_DIRECT_CONTAINED,高,该杏仁核内亚区/核团整体位于 G1 'Amygdala' macro 之内（FS aseg 全杏仁核），无跨结构冲突。,SHARED_SPATIAL_EVIDENCE_ONLY,ENTITY_TYPE_GATE,F,NO,ONTOLOGY_ENTITY_TYPE_REVIEW,ENTITY_TYPE_GATE,IF.*/MF.*（或 fiber/white-matter 类 token）实体类型未冻结，禁止作为 BrainRegion contained_in 进入 VERIFIED。
HISTORICAL_CONFLICT,NGIQ-BR-00000377,MF.icm (Amygdala) right,右侧MF.icm（杏仁核）,G4_MICROSTRUCTURAL_FINE,Julich-Brain,right,NGIQ-BR-00000261,Right Amygdala,右杏仁核,DIRECT_CONTAINED_HIGH_CONFIDENCE,VERIFIED_DIRECT_CONTAINED,杏仁核,该杏仁核内亚区/核团整体位于 G1 'Amygdala' macro 之内（FS aseg 全杏仁核），无跨结构冲突。,Julich-Brain cytoarchitectonic atlas (Amunts 2020),Whole brain segmentation: automated labeling of neuroanatomical structures in the human brain (FreeSurfer aseg),Whole brain segmentation: automated labeling of neuroanatomical structures in the human brain (FreeSurfer aseg),"Fischl B, Salat DH, Busa E, et al.",2002,10.1016/S0896-6273(02)00569-X,NONE,HISTORICAL_CONFLICT,HISTORICAL_CONFLICT,NGIQ-BR-00000379,VERIFIED_DIRECT_CONTAINED,高,该杏仁核内亚区/核团整体位于 G1 'Amygdala' macro 之内（FS aseg 全杏仁核），无跨结构冲突。,SHARED_SPATIAL_EVIDENCE_ONLY,ENTITY_TYPE_GATE,F,NO,ONTOLOGY_ENTITY_TYPE_REVIEW,ENTITY_TYPE_GATE,IF.*/MF.*（或 fiber/white-matter 类 token）实体类型未冻结，禁止作为 BrainRegion contained_in 进入 VERIFIED。
HISTORICAL_CONFLICT,NGIQ-BR-00000378,MF.lm (Amygdala) right,右侧MF.lm（杏仁核）,G4_MICROSTRUCTURAL_FINE,Julich-Brain,right,NGIQ-BR-00000261,Right Amygdala,右杏仁核,DIRECT_CONTAINED_HIGH_CONFIDENCE,VERIFIED_DIRECT_CONTAINED,杏仁核,该杏仁核内亚区/核团整体位于 G1 'Amygdala' macro 之内（FS aseg 全杏仁核），无跨结构冲突。,Julich-Brain cytoarchitectonic atlas (Amunts 2020),Whole brain segmentation: automated labeling of neuroanatomical structures in the human brain (FreeSurfer aseg),Whole brain segmentation: automated labeling of neuroanatomical structures in the human brain (FreeSurfer aseg),"Fischl B, Salat DH, Busa E, et al.",2002,10.1016/S0896-6273(02)00569-X,NONE,HISTORICAL_CONFLICT,HISTORICAL_CONFLICT,NGIQ-BR-00000380,VERIFIED_DIRECT_CONTAINED,高,该杏仁核内亚区/核团整体位于 G1 'Amygdala' macro 之内（FS aseg 全杏仁核），无跨结构冲突。,SHARED_SPATIAL_EVIDENCE_ONLY,ENTITY_TYPE_GATE,F,NO,ONTOLOGY_ENTITY_TYPE_REVIEW,ENTITY_TYPE_GATE,IF.*/MF.*（或 fiber/white-matter 类 token）实体类型未冻结，禁止作为 BrainRegion contained_in 进入 VERIFIED。
HISTORICAL_CONFLICT,NGIQ-BR-00000379,MF.icm (Amygdala) left,左侧MF.icm（杏仁核）,G4_MICROSTRUCTURAL_FINE,Julich-Brain,left,NGIQ-BR-00000253,Left Amygdala,左杏仁核,DIRECT_CONTAINED_HIGH_CONFIDENCE,VERIFIED_DIRECT_CONTAINED,杏仁核,该杏仁核内亚区/核团整体位于 G1 'Amygdala' macro 之内（FS aseg 全杏仁核），无跨结构冲突。,Julich-Brain cytoarchitectonic atlas (Amunts 2020),Whole brain segmentation: automated labeling of neuroanatomical structures in the human brain (FreeSurfer aseg),Whole brain segmentation: automated labeling of neuroanatomical structures in the human brain (FreeSurfer aseg),"Fischl B, Salat DH, Busa E, et al.",2002,10.1016/S0896-6273(02)00569-X,NONE,HISTORICAL_CONFLICT,HISTORICAL_CONFLICT,NGIQ-BR-00000377,VERIFIED_DIRECT_CONTAINED,高,该杏仁核内亚区/核团整体位于 G1 'Amygdala' macro 之内（FS aseg 全杏仁核），无跨结构冲突。,SHARED_SPATIAL_EVIDENCE_ONLY,ENTITY_TYPE_GATE,F,NO,ONTOLOGY_ENTITY_TYPE_REVIEW,ENTITY_TYPE_GATE,IF.*/MF.*（或 fiber/white-matter 类 token）实体类型未冻结，禁止作为 BrainRegion contained_in 进入 VERIFIED。
HISTORICAL_CONFLICT,NGIQ-BR-00000380,MF.lm (Amygdala) left,左侧MF.lm（杏仁核）,G4_MICROSTRUCTURAL_FINE,Julich-Brain,left,NGIQ-BR-00000253,Left Amygdala,左杏仁核,DIRECT_CONTAINED_HIGH_CONFIDENCE,VERIFIED_DIRECT_CONTAINED,杏仁核,该杏仁核内亚区/核团整体位于 G1 'Amygdala' macro 之内（FS aseg 全杏仁核），无跨结构冲突。,Julich-Brain cytoarchitectonic atlas (Amunts 2020),Whole brain segmentation: automated labeling of neuroanatomical structures in the human brain (FreeSurfer aseg),Whole brain segmentation: automated labeling of neuroanatomical structures in the human brain (FreeSurfer aseg),"Fischl B, Salat DH, Busa E, et al.",2002,10.1016/S0896-6273(02)00569-X,NONE,HISTORICAL_CONFLICT,HISTORICAL_CONFLICT,NGIQ-BR-00000378,VERIFIED_DIRECT_CONTAINED,高,该杏仁核内亚区/核团整体位于 G1 'Amygdala' macro 之内（FS aseg 全杏仁核），无跨结构冲突。,SHARED_SPATIAL_EVIDENCE_ONLY,ENTITY_TYPE_GATE,F,NO,ONTOLOGY_ENTITY_TYPE_REVIEW,ENTITY_TYPE_GATE,IF.*/MF.*（或 fiber/white-matter 类 token）实体类型未冻结，禁止作为 BrainRegion contained_in 进入 VERIFIED。
HISTORICAL_CONFLICT,NGIQ-BR-00000382,Area 5L (SPL) left,左侧5L区（顶上小叶）,G4_MICROSTRUCTURAL_FINE,Julich-Brain,left,NGIQ-BR-00000295,Left Superior Parietal Lobule,左顶上小叶,DIRECT_CONTAINED_HIGH_CONFIDENCE,LIKELY_CONTAINED_NEEDS_SPATIAL_REVIEW,顶上小叶,Julich cyto 边界不一定等于宏观脑回边界；仅凭 family 标签不能证明整区含于对应 G1 gyrus，需概率/硬标签空间复核后方可晋升。,Julich-Brain cytoarchitectonic atlas (Amunts 2020),Julich-Brain: a 3D probabilistic atlas of the human brain's cytoarchitecture,Julich-Brain: a 3D probabilistic atlas of the human brain's cytoarchitecture,"Amunts K, Mohlberg H, Bludau S, Zilles K",2020,10.1126/science.abb4588,NONE,HISTORICAL_CONFLICT,HISTORICAL_CONFLICT,NGIQ-BR-00000381,NOT_IN_218_(already has path or review),中,Julich cyto 边界不一定等于宏观脑回边界；仅凭 family 标签不能证明整区含于对应 G1 gyrus，需概率/硬标签空间复核后方可晋升。,CONFLICT_REVIEW,SOURCE_LEVEL_SPATIAL_ONLY,F,NO,LIKELY_CONTAINED_NEEDS_SPATIAL_REVIEW,NONE,
HISTORICAL_CONFLICT,NGIQ-BR-00000383,Area 7M (SPL) right,右侧7M区（顶上小叶）,G4_MICROSTRUCTURAL_FINE,Julich-Brain,right,NGIQ-BR-00000326,Right Superior Parietal Lobule,右顶上小叶,DIRECT_CONTAINED_HIGH_CONFIDENCE,LIKELY_CONTAINED_NEEDS_SPATIAL_REVIEW,顶上小叶,Area 7M 位于 superior parietal 内侧壁/邻近 precuneus，目标若选 SPL 需确认未跨入 G1 'Precuneus'；当前不能唯一 VERIFIED。,Julich-Brain cytoarchitectonic atlas (Amunts 2020),Julich-Brain: a 3D probabilistic atlas of the human brain's cytoarchitecture,Julich-Brain: a 3D probabilistic atlas of the human brain's cytoarchitecture,"Amunts K, Mohlberg H, Bludau S, Zilles K",2020,10.1126/science.abb4588,NONE,HISTORICAL_CONFLICT,HISTORICAL_CONFLICT,NGIQ-BR-00000384,NOT_IN_218_(already has path or review),中,Area 7M 位于 superior parietal 内侧壁/邻近 precuneus，目标若选 SPL 需确认未跨入 G1 'Precuneus'；当前不能唯一 VERIFIED。,CONFLICT_REVIEW,SOURCE_LEVEL_SPATIAL_ONLY,F,NO,LIKELY_CONTAINED_NEEDS_SPATIAL_REVIEW,NONE,
SPATIAL_REVIEW_REQUIRED,NGIQ-BR-00000385,Area 7PC (SPL) right,右侧7PC区（顶上小叶）,G4_MICROSTRUCTURAL_FINE,Julich-Brain,right,NGIQ-BR-00000326,Right Superior Parietal Lobule,右顶上小叶,DIRECT_CONTAINED_HIGH_CONFIDENCE,LIKELY_CONTAINED_NEEDS_SPATIAL_REVIEW,顶上小叶,Julich cyto 边界不一定等于宏观脑回边界；仅凭 family 标签不能证明整区含于对应 G1 gyrus，需概率/硬标签空间复核后方可晋升。,Julich-Brain cytoarchitectonic atlas (Amunts 2020),Julich-Brain: a 3D probabilistic atlas of the human brain's cytoarchitecture,Julich-Brain: a 3D probabilistic atlas of the human brain's cytoarchitecture,"Amunts K, Mohlberg H, Bludau S, Zilles K",2020,10.1126/science.abb4588,"partial_overlap->Right Superior parietal lobule, Brainnetome 5_4; partial_overlap->Right Superior parietal lobule, Brainnetome 5_3",NO_HISTORICAL_CONFLICT,NO_HISTORICAL_CONFLICT,NGIQ-BR-00000386,LIKELY_CONTAINED_NEEDS_SPATIAL_REVIEW,中,Julich cyto 边界不一定等于宏观脑回边界；仅凭 family 标签不能证明整区含于对应 G1 gyrus，需概率/硬标签空间复核后方可晋升。,PARTIAL_OVERLAP,LOWER_GRANULARITY_ONLY,F,NO,LIKELY_CONTAINED_NEEDS_SPATIAL_REVIEW,NONE,
SPATIAL_REVIEW_REQUIRED,NGIQ-BR-00000386,Area 7PC (SPL) left,左侧7PC区（顶上小叶）,G4_MICROSTRUCTURAL_FINE,Julich-Brain,left,NGIQ-BR-00000295,Left Superior Parietal Lobule,左顶上小叶,DIRECT_CONTAINED_HIGH_CONFIDENCE,LIKELY_CONTAINED_NEEDS_SPATIAL_REVIEW,顶上小叶,Julich cyto 边界不一定等于宏观脑回边界；仅凭 family 标签不能证明整区含于对应 G1 gyrus，需概率/硬标签空间复核后方可晋升。,Julich-Brain cytoarchitectonic atlas (Amunts 2020),Julich-Brain: a 3D probabilistic atlas of the human brain's cytoarchitecture,Julich-Brain: a 3D probabilistic atlas of the human brain's cytoarchitecture,"Amunts K, Mohlberg H, Bludau S, Zilles K",2020,10.1126/science.abb4588,"partial_overlap->Left Superior parietal lobule, Brainnetome 5_3; partial_overlap->Left Superior parietal lobule, Brainnetome 5_4",NO_HISTORICAL_CONFLICT,NO_HISTORICAL_CONFLICT,NGIQ-BR-00000385,LIKELY_CONTAINED_NEEDS_SPATIAL_REVIEW,中,Julich cyto 边界不一定等于宏观脑回边界；仅凭 family 标签不能证明整区含于对应 G1 gyrus，需概率/硬标签空间复核后方可晋升。,PARTIAL_OVERLAP,LOWER_GRANULARITY_ONLY,F,NO,LIKELY_CONTAINED_NEEDS_SPATIAL_REVIEW,NONE,
SPATIAL_REVIEW_REQUIRED,NGIQ-BR-00000389,Area 7P (SPL) right,右侧7P区（顶上小叶）,G4_MICROSTRUCTURAL_FINE,Julich-Brain,right,NGIQ-BR-00000326,Right Superior Parietal Lobule,右顶上小叶,DIRECT_CONTAINED_HIGH_CONFIDENCE,LIKELY_CONTAINED_NEEDS_SPATIAL_REVIEW,顶上小叶,Julich cyto 边界不一定等于宏观脑回边界；仅凭 family 标签不能证明整区含于对应 G1 gyrus，需概率/硬标签空间复核后方可晋升。,Julich-Brain cytoarchitectonic atlas (Amunts 2020),Julich-Brain: a 3D probabilistic atlas of the human brain's cytoarchitecture,Julich-Brain: a 3D probabilistic atlas of the human brain's cytoarchitecture,"Amunts K, Mohlberg H, Bludau S, Zilles K",2020,10.1126/science.abb4588,"dominant_overlap->Right Superior parietal lobule, Brainnetome 5_2",NO_HISTORICAL_CONFLICT,NO_HISTORICAL_CONFLICT,NGIQ-BR-00000390,NOT_IN_218_(already has path or review),中,Julich cyto 边界不一定等于宏观脑回边界；仅凭 family 标签不能证明整区含于对应 G1 gyrus，需概率/硬标签空间复核后方可晋升。,APPROVE_DOMINANT_OVERLAP,LOWER_GRANULARITY_ONLY,F,NO,LIKELY_CONTAINED_NEEDS_SPATIAL_REVIEW,NONE,
HISTORICAL_CONFLICT,NGIQ-BR-00000393,Area 7A (SPL) right,右侧7A区（顶上小叶）,G4_MICROSTRUCTURAL_FINE,Julich-Brain,right,NGIQ-BR-00000326,Right Superior Parietal Lobule,右顶上小叶,DIRECT_CONTAINED_HIGH_CONFIDENCE,LIKELY_CONTAINED_NEEDS_SPATIAL_REVIEW,顶上小叶,Julich cyto 边界不一定等于宏观脑回边界；仅凭 family 标签不能证明整区含于对应 G1 gyrus，需概率/硬标签空间复核后方可晋升。,Julich-Brain cytoarchitectonic atlas (Amunts 2020),Julich-Brain: a 3D probabilistic atlas of the human brain's cytoarchitecture,Julich-Brain: a 3D probabilistic atlas of the human brain's cytoarchitecture,"Amunts K, Mohlberg H, Bludau S, Zilles K",2020,10.1126/science.abb4588,NONE,HISTORICAL_CONFLICT,HISTORICAL_CONFLICT,NGIQ-BR-00000394,LIKELY_CONTAINED_NEEDS_SPATIAL_REVIEW,中,Julich cyto 边界不一定等于宏观脑回边界；仅凭 family 标签不能证明整区含于对应 G1 gyrus，需概率/硬标签空间复核后方可晋升。,CONFLICT_REVIEW,SOURCE_LEVEL_SPATIAL_ONLY,F,NO,LIKELY_CONTAINED_NEEDS_SPATIAL_REVIEW,NONE,
HISTORICAL_CONFLICT,NGIQ-BR-00000394,Area 7A (SPL) left,左侧7A区（顶上小叶）,G4_MICROSTRUCTURAL_FINE,Julich-Brain,left,NGIQ-BR-00000295,Left Superior Parietal Lobule,左顶上小叶,DIRECT_CONTAINED_HIGH_CONFIDENCE,LIKELY_CONTAINED_NEEDS_SPATIAL_REVIEW,顶上小叶,Julich cyto 边界不一定等于宏观脑回边界；仅凭 family 标签不能证明整区含于对应 G1 gyrus，需概率/硬标签空间复核后方可晋升。,Julich-Brain cytoarchitectonic atlas (Amunts 2020),Julich-Brain: a 3D probabilistic atlas of the human brain's cytoarchitecture,Julich-Brain: a 3D probabilistic atlas of the human brain's cytoarchitecture,"Amunts K, Mohlberg H, Bludau S, Zilles K",2020,10.1126/science.abb4588,NONE,HISTORICAL_CONFLICT,HISTORICAL_CONFLICT,NGIQ-BR-00000393,LIKELY_CONTAINED_NEEDS_SPATIAL_REVIEW,中,Julich cyto 边界不一定等于宏观脑回边界；仅凭 family 标签不能证明整区含于对应 G1 gyrus，需概率/硬标签空间复核后方可晋升。,CONFLICT_REVIEW,SOURCE_LEVEL_SPATIAL_ONLY,F,NO,LIKELY_CONTAINED_NEEDS_SPATIAL_REVIEW,NONE,
HISTORICAL_CONFLICT,NGIQ-BR-00000395,Area 3b (PostCG) right,右侧3b区（中央后回）,G4_MICROSTRUCTURAL_FINE,Julich-Brain,right,NGIQ-BR-00000319,Right Postcentral Gyrus,右中央后回,DIRECT_CONTAINED_HIGH_CONFIDENCE,LIKELY_CONTAINED_NEEDS_SPATIAL_REVIEW,中央后回,Julich cyto 边界不一定等于宏观脑回边界；仅凭 family 标签不能证明整区含于对应 G1 gyrus，需概率/硬标签空间复核后方可晋升。,Julich-Brain cytoarchitectonic atlas (Amunts 2020),Julich-Brain: a 3D probabilistic atlas of the human brain's cytoarchitecture,Julich-Brain: a 3D probabilistic atlas of the human brain's cytoarchitecture,"Amunts K, Mohlberg H, Bludau S, Zilles K",2020,10.1126/science.abb4588,NONE,HISTORICAL_CONFLICT,HISTORICAL_CONFLICT,NGIQ-BR-00000396,LIKELY_CONTAINED_NEEDS_SPATIAL_REVIEW,中,Julich cyto 边界不一定等于宏观脑回边界；仅凭 family 标签不能证明整区含于对应 G1 gyrus，需概率/硬标签空间复核后方可晋升。,CONFLICT_REVIEW,SOURCE_LEVEL_SPATIAL_ONLY,F,NO,LIKELY_CONTAINED_NEEDS_SPATIAL_REVIEW,NONE,
HISTORICAL_CONFLICT,NGIQ-BR-00000396,Area 3b (PostCG) left,左侧3b区（中央后回）,G4_MICROSTRUCTURAL_FINE,Julich-Brain,left,NGIQ-BR-00000288,Left Postcentral Gyrus,左中央后回,DIRECT_CONTAINED_HIGH_CONFIDENCE,LIKELY_CONTAINED_NEEDS_SPATIAL_REVIEW,中央后回,Julich cyto 边界不一定等于宏观脑回边界；仅凭 family 标签不能证明整区含于对应 G1 gyrus，需概率/硬标签空间复核后方可晋升。,Julich-Brain cytoarchitectonic atlas (Amunts 2020),Julich-Brain: a 3D probabilistic atlas of the human brain's cytoarchitecture,Julich-Brain: a 3D probabilistic atlas of the human brain's cytoarchitecture,"Amunts K, Mohlberg H, Bludau S, Zilles K",2020,10.1126/science.abb4588,NONE,HISTORICAL_CONFLICT,HISTORICAL_CONFLICT,NGIQ-BR-00000395,LIKELY_CONTAINED_NEEDS_SPATIAL_REVIEW,中,Julich cyto 边界不一定等于宏观脑回边界；仅凭 family 标签不能证明整区含于对应 G1 gyrus，需概率/硬标签空间复核后方可晋升。,CONFLICT_REVIEW,SOURCE_LEVEL_SPATIAL_ONLY,F,NO,LIKELY_CONTAINED_NEEDS_SPATIAL_REVIEW,NONE,
SPATIAL_REVIEW_REQUIRED,NGIQ-BR-00000397,Area 1 (PostCG) right,右侧1区（中央后回）,G4_MICROSTRUCTURAL_FINE,Julich-Brain,right,NGIQ-BR-00000319,Right Postcentral Gyrus,右中央后回,DIRECT_CONTAINED_HIGH_CONFIDENCE,LIKELY_CONTAINED_NEEDS_SPATIAL_REVIEW,中央后回,Julich cyto 边界不一定等于宏观脑回边界；仅凭 family 标签不能证明整区含于对应 G1 gyrus，需概率/硬标签空间复核后方可晋升。,Julich-Brain cytoarchitectonic atlas (Amunts 2020),Julich-Brain: a 3D probabilistic atlas of the human brain's cytoarchitecture,Julich-Brain: a 3D probabilistic atlas of the human brain's cytoarchitecture,"Amunts K, Mohlberg H, Bludau S, Zilles K",2020,10.1126/science.abb4588,"partial_overlap->Right Postcentral gyrus, Brainnetome 4_1; partial_overlap->Right Postcentral gyrus, Brainnetome 4_3",NO_HISTORICAL_CONFLICT,NO_HISTORICAL_CONFLICT,NGIQ-BR-00000398,LIKELY_CONTAINED_NEEDS_SPATIAL_REVIEW,中,Julich cyto 边界不一定等于宏观脑回边界；仅凭 family 标签不能证明整区含于对应 G1 gyrus，需概率/硬标签空间复核后方可晋升。,PARTIAL_OVERLAP,LOWER_GRANULARITY_ONLY,F,NO,LIKELY_CONTAINED_NEEDS_SPATIAL_REVIEW,NONE,
SPATIAL_REVIEW_REQUIRED,NGIQ-BR-00000398,Area 1 (PostCG) left,左侧1区（中央后回）,G4_MICROSTRUCTURAL_FINE,Julich-Brain,left,NGIQ-BR-00000288,Left Postcentral Gyrus,左中央后回,DIRECT_CONTAINED_HIGH_CONFIDENCE,LIKELY_CONTAINED_NEEDS_SPATIAL_REVIEW,中央后回,Julich cyto 边界不一定等于宏观脑回边界；仅凭 family 标签不能证明整区含于对应 G1 gyrus，需概率/硬标签空间复核后方可晋升。,Julich-Brain cytoarchitectonic atlas (Amunts 2020),Julich-Brain: a 3D probabilistic atlas of the human brain's cytoarchitecture,Julich-Brain: a 3D probabilistic atlas of the human brain's cytoarchitecture,"Amunts K, Mohlberg H, Bludau S, Zilles K",2020,10.1126/science.abb4588,"partial_overlap->Left Postcentral gyrus, Brainnetome 4_1; partial_overlap->Left Postcentral gyrus, Brainnetome 4_3; partial_overlap->Left Postcentral gyrus, Brainnetome 4_4",NO_HISTORICAL_CONFLICT,NO_HISTORICAL_CONFLICT,NGIQ-BR-00000397,LIKELY_CONTAINED_NEEDS_SPATIAL_REVIEW,中,Julich cyto 边界不一定等于宏观脑回边界；仅凭 family 标签不能证明整区含于对应 G1 gyrus，需概率/硬标签空间复核后方可晋升。,PARTIAL_OVERLAP,LOWER_GRANULARITY_ONLY,F,NO,LIKELY_CONTAINED_NEEDS_SPATIAL_REVIEW,NONE,
HISTORICAL_CONFLICT,NGIQ-BR-00000401,Area 3a (PostCG) right,右侧3a区（中央后回）,G4_MICROSTRUCTURAL_FINE,Julich-Brain,right,NGIQ-BR-00000319,Right Postcentral Gyrus,右中央后回,DIRECT_CONTAINED_HIGH_CONFIDENCE,LIKELY_CONTAINED_NEEDS_SPATIAL_REVIEW,中央后回,Julich cyto 边界不一定等于宏观脑回边界；仅凭 family 标签不能证明整区含于对应 G1 gyrus，需概率/硬标签空间复核后方可晋升。,Julich-Brain cytoarchitectonic atlas (Amunts 2020),Julich-Brain: a 3D probabilistic atlas of the human brain's cytoarchitecture,Julich-Brain: a 3D probabilistic atlas of the human brain's cytoarchitecture,"Amunts K, Mohlberg H, Bludau S, Zilles K",2020,10.1126/science.abb4588,NONE,HISTORICAL_CONFLICT,HISTORICAL_CONFLICT,NGIQ-BR-00000402,LIKELY_CONTAINED_NEEDS_SPATIAL_REVIEW,中,Julich cyto 边界不一定等于宏观脑回边界；仅凭 family 标签不能证明整区含于对应 G1 gyrus，需概率/硬标签空间复核后方可晋升。,CONFLICT_REVIEW,SOURCE_LEVEL_SPATIAL_ONLY,F,NO,LIKELY_CONTAINED_NEEDS_SPATIAL_REVIEW,NONE,
HISTORICAL_CONFLICT,NGIQ-BR-00000402,Area 3a (PostCG) left,左侧3a区（中央后回）,G4_MICROSTRUCTURAL_FINE,Julich-Brain,left,NGIQ-BR-00000288,Left Postcentral Gyrus,左中央后回,DIRECT_CONTAINED_HIGH_CONFIDENCE,LIKELY_CONTAINED_NEEDS_SPATIAL_REVIEW,中央后回,Julich cyto 边界不一定等于宏观脑回边界；仅凭 family 标签不能证明整区含于对应 G1 gyrus，需概率/硬标签空间复核后方可晋升。,Julich-Brain cytoarchitectonic atlas (Amunts 2020),Julich-Brain: a 3D probabilistic atlas of the human brain's cytoarchitecture,Julich-Brain: a 3D probabilistic atlas of the human brain's cytoarchitecture,"Amunts K, Mohlberg H, Bludau S, Zilles K",2020,10.1126/science.abb4588,NONE,HISTORICAL_CONFLICT,HISTORICAL_CONFLICT,NGIQ-BR-00000401,LIKELY_CONTAINED_NEEDS_SPATIAL_REVIEW,中,Julich cyto 边界不一定等于宏观脑回边界；仅凭 family 标签不能证明整区含于对应 G1 gyrus，需概率/硬标签空间复核后方可晋升。,CONFLICT_REVIEW,SOURCE_LEVEL_SPATIAL_ONLY,F,NO,LIKELY_CONTAINED_NEEDS_SPATIAL_REVIEW,NONE,
SPATIAL_REVIEW_REQUIRED,NGIQ-BR-00000411,Area PF (IPL) right,右侧PF区（顶下小叶）,G4_MICROSTRUCTURAL_FINE,Julich-Brain,right,NGIQ-BR-00000305,Right Inferior Parietal Lobule,右侧顶下小叶,DIRECT_CONTAINED_HIGH_CONFIDENCE,LIKELY_CONTAINED_NEEDS_SPATIAL_REVIEW,顶下小叶,Julich cyto 边界不一定等于宏观脑回边界；仅凭 family 标签不能证明整区含于对应 G1 gyrus，需概率/硬标签空间复核后方可晋升。,Julich-Brain cytoarchitectonic atlas (Amunts 2020),Julich-Brain: a 3D probabilistic atlas of the human brain's cytoarchitecture,Julich-Brain: a 3D probabilistic atlas of the human brain's cytoarchitecture,"Amunts K, Mohlberg H, Bludau S, Zilles K",2020,10.1126/science.abb4588,"dominant_overlap->Right Inferior parietal lobule, Brainnetome 6_6",NO_HISTORICAL_CONFLICT,NO_HISTORICAL_CONFLICT,NGIQ-BR-00000412,LIKELY_CONTAINED_NEEDS_SPATIAL_REVIEW,中,Julich cyto 边界不一定等于宏观脑回边界；仅凭 family 标签不能证明整区含于对应 G1 gyrus，需概率/硬标签空间复核后方可晋升。,APPROVE_DOMINANT_OVERLAP,LOWER_GRANULARITY_ONLY,F,NO,LIKELY_CONTAINED_NEEDS_SPATIAL_REVIEW,NONE,
SPATIAL_REVIEW_REQUIRED,NGIQ-BR-00000412,Area PF (IPL) left,左侧PF区（顶下小叶）,G4_MICROSTRUCTURAL_FINE,Julich-Brain,left,NGIQ-BR-00000274,Left Inferior Parietal Lobule,左侧顶下小叶,DIRECT_CONTAINED_HIGH_CONFIDENCE,LIKELY_CONTAINED_NEEDS_SPATIAL_REVIEW,顶下小叶,Julich cyto 边界不一定等于宏观脑回边界；仅凭 family 标签不能证明整区含于对应 G1 gyrus，需概率/硬标签空间复核后方可晋升。,Julich-Brain cytoarchitectonic atlas (Amunts 2020),Julich-Brain: a 3D probabilistic atlas of the human brain's cytoarchitecture,Julich-Brain: a 3D probabilistic atlas of the human brain's cytoarchitecture,"Amunts K, Mohlberg H, Bludau S, Zilles K",2020,10.1126/science.abb4588,"partial_overlap->Left Inferior parietal lobule, Brainnetome 6_4; partial_overlap->Left Inferior parietal lobule, Brainnetome 6_6; partial_overlap->Left Inferior parietal lobule, Brainnetome 6_3",NO_HISTORICAL_CONFLICT,NO_HISTORICAL_CONFLICT,NGIQ-BR-00000411,LIKELY_CONTAINED_NEEDS_SPATIAL_REVIEW,中,Julich cyto 边界不一定等于宏观脑回边界；仅凭 family 标签不能证明整区含于对应 G1 gyrus，需概率/硬标签空间复核后方可晋升。,PARTIAL_OVERLAP,LOWER_GRANULARITY_ONLY,F,NO,LIKELY_CONTAINED_NEEDS_SPATIAL_REVIEW,NONE,
SPATIAL_REVIEW_REQUIRED,NGIQ-BR-00000414,Area PFcm (IPL) left,左侧PFcm区（顶下小叶）,G4_MICROSTRUCTURAL_FINE,Julich-Brain,left,NGIQ-BR-00000274,Left Inferior Parietal Lobule,左侧顶下小叶,DIRECT_CONTAINED_HIGH_CONFIDENCE,LIKELY_CONTAINED_NEEDS_SPATIAL_REVIEW,顶下小叶,Julich cyto 边界不一定等于宏观脑回边界；仅凭 family 标签不能证明整区含于对应 G1 gyrus，需概率/硬标签空间复核后方可晋升。,Julich-Brain cytoarchitectonic atlas (Amunts 2020),Julich-Brain: a 3D probabilistic atlas of the human brain's cytoarchitecture,Julich-Brain: a 3D probabilistic atlas of the human brain's cytoarchitecture,"Amunts K, Mohlberg H, Bludau S, Zilles K",2020,10.1126/science.abb4588,"dominant_overlap->Left Inferior parietal lobule, Brainnetome 6_6",NO_HISTORICAL_CONFLICT,NO_HISTORICAL_CONFLICT,NGIQ-BR-00000413,NOT_IN_218_(already has path or review),中,Julich cyto 边界不一定等于宏观脑回边界；仅凭 family 标签不能证明整区含于对应 G1 gyrus，需概率/硬标签空间复核后方可晋升。,APPROVE_DOMINANT_OVERLAP,LOWER_GRANULARITY_ONLY,F,NO,LIKELY_CONTAINED_NEEDS_SPATIAL_REVIEW,NONE,
SPATIAL_REVIEW_REQUIRED,NGIQ-BR-00000415,Area PGa (IPL) right,右侧PGa区（顶下小叶）,G4_MICROSTRUCTURAL_FINE,Julich-Brain,right,NGIQ-BR-00000305,Right Inferior Parietal Lobule,右侧顶下小叶,DIRECT_CONTAINED_HIGH_CONFIDENCE,LIKELY_CONTAINED_NEEDS_SPATIAL_REVIEW,顶下小叶,Julich cyto 边界不一定等于宏观脑回边界；仅凭 family 标签不能证明整区含于对应 G1 gyrus，需概率/硬标签空间复核后方可晋升。,Julich-Brain cytoarchitectonic atlas (Amunts 2020),Julich-Brain: a 3D probabilistic atlas of the human brain's cytoarchitecture,Julich-Brain: a 3D probabilistic atlas of the human brain's cytoarchitecture,"Amunts K, Mohlberg H, Bludau S, Zilles K",2020,10.1126/science.abb4588,"dominant_overlap->Right Inferior parietal lobule, Brainnetome 6_5",NO_HISTORICAL_CONFLICT,NO_HISTORICAL_CONFLICT,NGIQ-BR-00000416,LIKELY_CONTAINED_NEEDS_SPATIAL_REVIEW,中,Julich cyto 边界不一定等于宏观脑回边界；仅凭 family 标签不能证明整区含于对应 G1 gyrus，需概率/硬标签空间复核后方可晋升。,APPROVE_DOMINANT_OVERLAP,LOWER_GRANULARITY_ONLY,F,NO,LIKELY_CONTAINED_NEEDS_SPATIAL_REVIEW,NONE,
SPATIAL_REVIEW_REQUIRED,NGIQ-BR-00000416,Area PGa (IPL) left,左侧PGa区（顶下小叶）,G4_MICROSTRUCTURAL_FINE,Julich-Brain,left,NGIQ-BR-00000274,Left Inferior Parietal Lobule,左侧顶下小叶,DIRECT_CONTAINED_HIGH_CONFIDENCE,LIKELY_CONTAINED_NEEDS_SPATIAL_REVIEW,顶下小叶,Julich cyto 边界不一定等于宏观脑回边界；仅凭 family 标签不能证明整区含于对应 G1 gyrus，需概率/硬标签空间复核后方可晋升。,Julich-Brain cytoarchitectonic atlas (Amunts 2020),Julich-Brain: a 3D probabilistic atlas of the human brain's cytoarchitecture,Julich-Brain: a 3D probabilistic atlas of the human brain's cytoarchitecture,"Amunts K, Mohlberg H, Bludau S, Zilles K",2020,10.1126/science.abb4588,"partial_overlap->Left Inferior parietal lobule, Brainnetome 6_4; partial_overlap->Left Inferior parietal lobule, Brainnetome 6_5; partial_overlap->Left Inferior parietal lobule, Brainnetome 6_2",NO_HISTORICAL_CONFLICT,NO_HISTORICAL_CONFLICT,NGIQ-BR-00000415,LIKELY_CONTAINED_NEEDS_SPATIAL_REVIEW,中,Julich cyto 边界不一定等于宏观脑回边界；仅凭 family 标签不能证明整区含于对应 G1 gyrus，需概率/硬标签空间复核后方可晋升。,PARTIAL_OVERLAP,LOWER_GRANULARITY_ONLY,F,NO,LIKELY_CONTAINED_NEEDS_SPATIAL_REVIEW,NONE,
SPATIAL_REVIEW_REQUIRED,NGIQ-BR-00000418,Area PFt (IPL) left,左侧PFt区（顶下小叶）,G4_MICROSTRUCTURAL_FINE,Julich-Brain,left,NGIQ-BR-00000274,Left Inferior Parietal Lobule,左侧顶下小叶,DIRECT_CONTAINED_HIGH_CONFIDENCE,LIKELY_CONTAINED_NEEDS_SPATIAL_REVIEW,顶下小叶,Julich cyto 边界不一定等于宏观脑回边界；仅凭 family 标签不能证明整区含于对应 G1 gyrus，需概率/硬标签空间复核后方可晋升。,Julich-Brain cytoarchitectonic atlas (Amunts 2020),Julich-Brain: a 3D probabilistic atlas of the human brain's cytoarchitecture,Julich-Brain: a 3D probabilistic atlas of the human brain's cytoarchitecture,"Amunts K, Mohlberg H, Bludau S, Zilles K",2020,10.1126/science.abb4588,"dominant_overlap->Left Inferior parietal lobule, Brainnetome 6_3",NO_HISTORICAL_CONFLICT,NO_HISTORICAL_CONFLICT,NGIQ-BR-00000417,NOT_IN_218_(already has path or review),中,Julich cyto 边界不一定等于宏观脑回边界；仅凭 family 标签不能证明整区含于对应 G1 gyrus，需概率/硬标签空间复核后方可晋升。,APPROVE_DOMINANT_OVERLAP,LOWER_GRANULARITY_ONLY,F,NO,LIKELY_CONTAINED_NEEDS_SPATIAL_REVIEW,NONE,
SPATIAL_REVIEW_REQUIRED,NGIQ-BR-00000419,Area PFm (IPL) right,右侧PFm区（顶下小叶）,G4_MICROSTRUCTURAL_FINE,Julich-Brain,right,NGIQ-BR-00000305,Right Inferior Parietal Lobule,右侧顶下小叶,DIRECT_CONTAINED_HIGH_CONFIDENCE,LIKELY_CONTAINED_NEEDS_SPATIAL_REVIEW,顶下小叶,Julich cyto 边界不一定等于宏观脑回边界；仅凭 family 标签不能证明整区含于对应 G1 gyrus，需概率/硬标签空间复核后方可晋升。,Julich-Brain cytoarchitectonic atlas (Amunts 2020),Julich-Brain: a 3D probabilistic atlas of the human brain's cytoarchitecture,Julich-Brain: a 3D probabilistic atlas of the human brain's cytoarchitecture,"Amunts K, Mohlberg H, Bludau S, Zilles K",2020,10.1126/science.abb4588,"dominant_overlap->Right Inferior parietal lobule, Brainnetome 6_4",NO_HISTORICAL_CONFLICT,NO_HISTORICAL_CONFLICT,NGIQ-BR-00000420,LIKELY_CONTAINED_NEEDS_SPATIAL_REVIEW,中,Julich cyto 边界不一定等于宏观脑回边界；仅凭 family 标签不能证明整区含于对应 G1 gyrus，需概率/硬标签空间复核后方可晋升。,APPROVE_DOMINANT_OVERLAP,LOWER_GRANULARITY_ONLY,F,NO,LIKELY_CONTAINED_NEEDS_SPATIAL_REVIEW,NONE,
SPATIAL_REVIEW_REQUIRED,NGIQ-BR-00000420,Area PFm (IPL) left,左侧PFm区（顶下小叶）,G4_MICROSTRUCTURAL_FINE,Julich-Brain,left,NGIQ-BR-00000274,Left Inferior Parietal Lobule,左侧顶下小叶,DIRECT_CONTAINED_HIGH_CONFIDENCE,LIKELY_CONTAINED_NEEDS_SPATIAL_REVIEW,顶下小叶,Julich cyto 边界不一定等于宏观脑回边界；仅凭 family 标签不能证明整区含于对应 G1 gyrus，需概率/硬标签空间复核后方可晋升。,Julich-Brain cytoarchitectonic atlas (Amunts 2020),Julich-Brain: a 3D probabilistic atlas of the human brain's cytoarchitecture,Julich-Brain: a 3D probabilistic atlas of the human brain's cytoarchitecture,"Amunts K, Mohlberg H, Bludau S, Zilles K",2020,10.1126/science.abb4588,"dominant_overlap->Left Inferior parietal lobule, Brainnetome 6_4",NO_HISTORICAL_CONFLICT,NO_HISTORICAL_CONFLICT,NGIQ-BR-00000419,LIKELY_CONTAINED_NEEDS_SPATIAL_REVIEW,中,Julich cyto 边界不一定等于宏观脑回边界；仅凭 family 标签不能证明整区含于对应 G1 gyrus，需概率/硬标签空间复核后方可晋升。,APPROVE_DOMINANT_OVERLAP,LOWER_GRANULARITY_ONLY,F,NO,LIKELY_CONTAINED_NEEDS_SPATIAL_REVIEW,NONE,
SPATIAL_REVIEW_REQUIRED,NGIQ-BR-00000421,Area PGp (IPL) right,右侧PGp区（顶下小叶）,G4_MICROSTRUCTURAL_FINE,Julich-Brain,right,NGIQ-BR-00000305,Right Inferior Parietal Lobule,右侧顶下小叶,DIRECT_CONTAINED_HIGH_CONFIDENCE,LIKELY_CONTAINED_NEEDS_SPATIAL_REVIEW,顶下小叶,Julich cyto 边界不一定等于宏观脑回边界；仅凭 family 标签不能证明整区含于对应 G1 gyrus，需概率/硬标签空间复核后方可晋升。,Julich-Brain cytoarchitectonic atlas (Amunts 2020),Julich-Brain: a 3D probabilistic atlas of the human brain's cytoarchitecture,Julich-Brain: a 3D probabilistic atlas of the human brain's cytoarchitecture,"Amunts K, Mohlberg H, Bludau S, Zilles K",2020,10.1126/science.abb4588,"partial_overlap->Right Inferior parietal lobule, Brainnetome 6_5; partial_overlap->Right Inferior parietal lobule, Brainnetome 6_1; partial_overlap->Right Inferior parietal lobule, Brainnetome 6_2",NO_HISTORICAL_CONFLICT,NO_HISTORICAL_CONFLICT,NGIQ-BR-00000422,LIKELY_CONTAINED_NEEDS_SPATIAL_REVIEW,中,Julich cyto 边界不一定等于宏观脑回边界；仅凭 family 标签不能证明整区含于对应 G1 gyrus，需概率/硬标签空间复核后方可晋升。,PARTIAL_OVERLAP,LOWER_GRANULARITY_ONLY,F,NO,LIKELY_CONTAINED_NEEDS_SPATIAL_REVIEW,NONE,
SPATIAL_REVIEW_REQUIRED,NGIQ-BR-00000422,Area PGp (IPL) left,左侧PGp区（顶下小叶）,G4_MICROSTRUCTURAL_FINE,Julich-Brain,left,NGIQ-BR-00000274,Left Inferior Parietal Lobule,左侧顶下小叶,DIRECT_CONTAINED_HIGH_CONFIDENCE,LIKELY_CONTAINED_NEEDS_SPATIAL_REVIEW,顶下小叶,Julich cyto 边界不一定等于宏观脑回边界；仅凭 family 标签不能证明整区含于对应 G1 gyrus，需概率/硬标签空间复核后方可晋升。,Julich-Brain cytoarchitectonic atlas (Amunts 2020),Julich-Brain: a 3D probabilistic atlas of the human brain's cytoarchitecture,Julich-Brain: a 3D probabilistic atlas of the human brain's cytoarchitecture,"Amunts K, Mohlberg H, Bludau S, Zilles K",2020,10.1126/science.abb4588,"dominant_overlap->Left Inferior parietal lobule, Brainnetome 6_5",NO_HISTORICAL_CONFLICT,NO_HISTORICAL_CONFLICT,NGIQ-BR-00000421,LIKELY_CONTAINED_NEEDS_SPATIAL_REVIEW,中,Julich cyto 边界不一定等于宏观脑回边界；仅凭 family 标签不能证明整区含于对应 G1 gyrus，需概率/硬标签空间复核后方可晋升。,APPROVE_DOMINANT_OVERLAP,LOWER_GRANULARITY_ONLY,F,NO,LIKELY_CONTAINED_NEEDS_SPATIAL_REVIEW,NONE,
SPATIAL_REVIEW_REQUIRED,NGIQ-BR-00000424,Area PFop (IPL) left,左侧PFop区（顶下小叶）,G4_MICROSTRUCTURAL_FINE,Julich-Brain,left,NGIQ-BR-00000274,Left Inferior Parietal Lobule,左侧顶下小叶,DIRECT_CONTAINED_HIGH_CONFIDENCE,LIKELY_CONTAINED_NEEDS_SPATIAL_REVIEW,顶下小叶,Julich cyto 边界不一定等于宏观脑回边界；仅凭 family 标签不能证明整区含于对应 G1 gyrus，需概率/硬标签空间复核后方可晋升。,Julich-Brain cytoarchitectonic atlas (Amunts 2020),Julich-Brain: a 3D probabilistic atlas of the human brain's cytoarchitecture,Julich-Brain: a 3D probabilistic atlas of the human brain's cytoarchitecture,"Amunts K, Mohlberg H, Bludau S, Zilles K",2020,10.1126/science.abb4588,"dominant_overlap->Left Inferior parietal lobule, Brainnetome 6_6",NO_HISTORICAL_CONFLICT,NO_HISTORICAL_CONFLICT,NGIQ-BR-00000423,NOT_IN_218_(already has path or review),中,Julich cyto 边界不一定等于宏观脑回边界；仅凭 family 标签不能证明整区含于对应 G1 gyrus，需概率/硬标签空间复核后方可晋升。,APPROVE_DOMINANT_OVERLAP,LOWER_GRANULARITY_ONLY,F,NO,LIKELY_CONTAINED_NEEDS_SPATIAL_REVIEW,NONE,
SPATIAL_REVIEW_REQUIRED,NGIQ-BR-00000443,Area 6v3 (PreCG) right,右侧6v3区（中央前回）,G4_MICROSTRUCTURAL_FINE,Julich-Brain,right,NGIQ-BR-00000321,Right Precentral Gyrus,右中央前回,DIRECT_CONTAINED_HIGH_CONFIDENCE,LIKELY_CONTAINED_NEEDS_SPATIAL_REVIEW,中央前回,Julich cyto 边界不一定等于宏观脑回边界；仅凭 family 标签不能证明整区含于对应 G1 gyrus，需概率/硬标签空间复核后方可晋升。,Julich-Brain cytoarchitectonic atlas (Amunts 2020),Julich-Brain: a 3D probabilistic atlas of the human brain's cytoarchitecture,Julich-Brain: a 3D probabilistic atlas of the human brain's cytoarchitecture,"Amunts K, Mohlberg H, Bludau S, Zilles K",2020,10.1126/science.abb4588,"partial_overlap->Right Precentral gyrus, Brainnetome 6_6; partial_overlap->Right Precentral gyrus, Brainnetome 6_1",NO_HISTORICAL_CONFLICT,NO_HISTORICAL_CONFLICT,NGIQ-BR-00000444,LIKELY_CONTAINED_NEEDS_SPATIAL_REVIEW,中,Julich cyto 边界不一定等于宏观脑回边界；仅凭 family 标签不能证明整区含于对应 G1 gyrus，需概率/硬标签空间复核后方可晋升。,PARTIAL_OVERLAP,LOWER_GRANULARITY_ONLY,F,NO,LIKELY_CONTAINED_NEEDS_SPATIAL_REVIEW,NONE,
SPATIAL_REVIEW_REQUIRED,NGIQ-BR-00000444,Area 6v3 (PreCG) left,左侧6v3区（中央前回）,G4_MICROSTRUCTURAL_FINE,Julich-Brain,left,NGIQ-BR-00000290,Left Precentral Gyrus,左中央前回,DIRECT_CONTAINED_HIGH_CONFIDENCE,LIKELY_CONTAINED_NEEDS_SPATIAL_REVIEW,中央前回,Julich cyto 边界不一定等于宏观脑回边界；仅凭 family 标签不能证明整区含于对应 G1 gyrus，需概率/硬标签空间复核后方可晋升。,Julich-Brain cytoarchitectonic atlas (Amunts 2020),Julich-Brain: a 3D probabilistic atlas of the human brain's cytoarchitecture,Julich-Brain: a 3D probabilistic atlas of the human brain's cytoarchitecture,"Amunts K, Mohlberg H, Bludau S, Zilles K",2020,10.1126/science.abb4588,"dominant_overlap->Left Precentral gyrus, Brainnetome 6_6",NO_HISTORICAL_CONFLICT,NO_HISTORICAL_CONFLICT,NGIQ-BR-00000443,LIKELY_CONTAINED_NEEDS_SPATIAL_REVIEW,中,Julich cyto 边界不一定等于宏观脑回边界；仅凭 family 标签不能证明整区含于对应 G1 gyrus，需概率/硬标签空间复核后方可晋升。,APPROVE_DOMINANT_OVERLAP,LOWER_GRANULARITY_ONLY,F,NO,LIKELY_CONTAINED_NEEDS_SPATIAL_REVIEW,NONE,
HISTORICAL_CONFLICT,NGIQ-BR-00000452,Area 6d2 (PreCG) left,左侧6d2区（中央前回）,G4_MICROSTRUCTURAL_FINE,Julich-Brain,left,NGIQ-BR-00000290,Left Precentral Gyrus,左中央前回,DIRECT_CONTAINED_HIGH_CONFIDENCE,LIKELY_CONTAINED_NEEDS_SPATIAL_REVIEW,中央前回,Area 6d1/6d2 属 premotor(BA6)，其 cyto 范围可越过中央前沟伸向额叶凸面，不能仅凭 (PreCG) 标签判定整区都含于 G1 'Precentral Gyrus'；需空间复核。,Julich-Brain cytoarchitectonic atlas (Amunts 2020),Julich-Brain: a 3D probabilistic atlas of the human brain's cytoarchitecture,Julich-Brain: a 3D probabilistic atlas of the human brain's cytoarchitecture,"Amunts K, Mohlberg H, Bludau S, Zilles K",2020,10.1126/science.abb4588,NONE,HISTORICAL_CONFLICT,HISTORICAL_CONFLICT,NGIQ-BR-00000451,NOT_IN_218_(already has path or review),中,Area 6d1/6d2 属 premotor(BA6)，其 cyto 范围可越过中央前沟伸向额叶凸面，不能仅凭 (PreCG) 标签判定整区都含于 G1 'Precentral Gyrus'；需空间复核。,CONFLICT_REVIEW,SOURCE_LEVEL_SPATIAL_ONLY,F,NO,LIKELY_CONTAINED_NEEDS_SPATIAL_REVIEW,NONE,
HISTORICAL_CONFLICT,NGIQ-BR-00000454,Area 6d1 (PreCG) left,左侧6d1区（中央前回）,G4_MICROSTRUCTURAL_FINE,Julich-Brain,left,NGIQ-BR-00000290,Left Precentral Gyrus,左中央前回,DIRECT_CONTAINED_HIGH_CONFIDENCE,LIKELY_CONTAINED_NEEDS_SPATIAL_REVIEW,中央前回,Area 6d1/6d2 属 premotor(BA6)，其 cyto 范围可越过中央前沟伸向额叶凸面，不能仅凭 (PreCG) 标签判定整区都含于 G1 'Precentral Gyrus'；需空间复核。,Julich-Brain cytoarchitectonic atlas (Amunts 2020),Julich-Brain: a 3D probabilistic atlas of the human brain's cytoarchitecture,Julich-Brain: a 3D probabilistic atlas of the human brain's cytoarchitecture,"Amunts K, Mohlberg H, Bludau S, Zilles K",2020,10.1126/science.abb4588,NONE,HISTORICAL_CONFLICT,HISTORICAL_CONFLICT,NGIQ-BR-00000453,NOT_IN_218_(already has path or review),中,Area 6d1/6d2 属 premotor(BA6)，其 cyto 范围可越过中央前沟伸向额叶凸面，不能仅凭 (PreCG) 标签判定整区都含于 G1 'Precentral Gyrus'；需空间复核。,CONFLICT_REVIEW,SOURCE_LEVEL_SPATIAL_ONLY,F,NO,LIKELY_CONTAINED_NEEDS_SPATIAL_REVIEW,NONE,
HISTORICAL_CONFLICT,NGIQ-BR-00000471,Area 4a (PreCG) right,右侧4a区（中央前回）,G4_MICROSTRUCTURAL_FINE,Julich-Brain,right,NGIQ-BR-00000321,Right Precentral Gyrus,右中央前回,DIRECT_CONTAINED_HIGH_CONFIDENCE,LIKELY_CONTAINED_NEEDS_SPATIAL_REVIEW,中央前回,Julich cyto 边界不一定等于宏观脑回边界；仅凭 family 标签不能证明整区含于对应 G1 gyrus，需概率/硬标签空间复核后方可晋升。,Julich-Brain cytoarchitectonic atlas (Amunts 2020),Julich-Brain: a 3D probabilistic atlas of the human brain's cytoarchitecture,Julich-Brain: a 3D probabilistic atlas of the human brain's cytoarchitecture,"Amunts K, Mohlberg H, Bludau S, Zilles K",2020,10.1126/science.abb4588,NONE,HISTORICAL_CONFLICT,HISTORICAL_CONFLICT,NGIQ-BR-00000472,LIKELY_CONTAINED_NEEDS_SPATIAL_REVIEW,中,Julich cyto 边界不一定等于宏观脑回边界；仅凭 family 标签不能证明整区含于对应 G1 gyrus，需概率/硬标签空间复核后方可晋升。,CONFLICT_REVIEW,SOURCE_LEVEL_SPATIAL_ONLY,F,NO,LIKELY_CONTAINED_NEEDS_SPATIAL_REVIEW,NONE,
HISTORICAL_CONFLICT,NGIQ-BR-00000472,Area 4a (PreCG) left,左侧4a区（中央前回）,G4_MICROSTRUCTURAL_FINE,Julich-Brain,left,NGIQ-BR-00000290,Left Precentral Gyrus,左中央前回,DIRECT_CONTAINED_HIGH_CONFIDENCE,LIKELY_CONTAINED_NEEDS_SPATIAL_REVIEW,中央前回,Julich cyto 边界不一定等于宏观脑回边界；仅凭 family 标签不能证明整区含于对应 G1 gyrus，需概率/硬标签空间复核后方可晋升。,Julich-Brain cytoarchitectonic atlas (Amunts 2020),Julich-Brain: a 3D probabilistic atlas of the human brain's cytoarchitecture,Julich-Brain: a 3D probabilistic atlas of the human brain's cytoarchitecture,"Amunts K, Mohlberg H, Bludau S, Zilles K",2020,10.1126/science.abb4588,NONE,HISTORICAL_CONFLICT,HISTORICAL_CONFLICT,NGIQ-BR-00000471,LIKELY_CONTAINED_NEEDS_SPATIAL_REVIEW,中,Julich cyto 边界不一定等于宏观脑回边界；仅凭 family 标签不能证明整区含于对应 G1 gyrus，需概率/硬标签空间复核后方可晋升。,CONFLICT_REVIEW,SOURCE_LEVEL_SPATIAL_ONLY,F,NO,LIKELY_CONTAINED_NEEDS_SPATIAL_REVIEW,NONE,
SPATIAL_REVIEW_REQUIRED,NGIQ-BR-00000499,Area 44 (IFG) right,右侧44区（额下回）,G4_MICROSTRUCTURAL_FINE,Julich-Brain,right,NGIQ-BR-00000315,"Right Inferior Frontal Gyrus, Pars Opercularis",右侧额下回盖部,DIRECT_CONTAINED_HIGH_CONFIDENCE,LIKELY_CONTAINED_NEEDS_SPATIAL_REVIEW,额下回盖部,BA44/45 与 pars opercularis/triangularis 高度对应（Broca 区），但 cyto↔macro 是否严格完整包含仍需空间/逐例确认，按保守标准不直接 VERIFIED。,Julich-Brain cytoarchitectonic atlas (Amunts 2020),Broca's region revisited: cytoarchitecture and intersubject variability,Broca's region revisited: cytoarchitecture and intersubject variability,"Amunts K, Schleicher A, Bürgel U, et al.",1999,10.1006/nimg.1999.0487,"partial_overlap->Right Inferior frontal gyrus, Brainnetome 6_6; partial_overlap->Right Inferior frontal gyrus, Brainnetome 6_3",NO_HISTORICAL_CONFLICT,NO_HISTORICAL_CONFLICT,NGIQ-BR-00000500,LIKELY_CONTAINED_NEEDS_SPATIAL_REVIEW,中,BA44/45 与 pars opercularis/triangularis 高度对应（Broca 区），但 cyto↔macro 是否严格完整包含仍需空间/逐例确认，按保守标准不直接 VERIFIED。,PARTIAL_OVERLAP,LOWER_GRANULARITY_ONLY,F,NO,LIKELY_CONTAINED_NEEDS_SPATIAL_REVIEW,NONE,
HISTORICAL_CONFLICT,NGIQ-BR-00000500,Area 44 (IFG) left,左侧44区（额下回）,G4_MICROSTRUCTURAL_FINE,Julich-Brain,left,NGIQ-BR-00000284,"Left Inferior Frontal Gyrus, Pars Opercularis",左侧额下回盖部,DIRECT_CONTAINED_HIGH_CONFIDENCE,LIKELY_CONTAINED_NEEDS_SPATIAL_REVIEW,额下回盖部,BA44/45 与 pars opercularis/triangularis 高度对应（Broca 区），但 cyto↔macro 是否严格完整包含仍需空间/逐例确认，按保守标准不直接 VERIFIED。,Julich-Brain cytoarchitectonic atlas (Amunts 2020),Broca's region revisited: cytoarchitecture and intersubject variability,Broca's region revisited: cytoarchitecture and intersubject variability,"Amunts K, Schleicher A, Bürgel U, et al.",1999,10.1006/nimg.1999.0487,NONE,HISTORICAL_CONFLICT,HISTORICAL_CONFLICT,NGIQ-BR-00000499,LIKELY_CONTAINED_NEEDS_SPATIAL_REVIEW,中,BA44/45 与 pars opercularis/triangularis 高度对应（Broca 区），但 cyto↔macro 是否严格完整包含仍需空间/逐例确认，按保守标准不直接 VERIFIED。,CONFLICT_REVIEW,SOURCE_LEVEL_SPATIAL_ONLY,F,NO,LIKELY_CONTAINED_NEEDS_SPATIAL_REVIEW,NONE,
HISTORICAL_CONFLICT,NGIQ-BR-00000501,Area 45 (IFG) right,右侧45区（额下回）,G4_MICROSTRUCTURAL_FINE,Julich-Brain,right,NGIQ-BR-00000317,"Right Inferior Frontal Gyrus, Pars Triangularis",右侧额下回三角部,DIRECT_CONTAINED_HIGH_CONFIDENCE,LIKELY_CONTAINED_NEEDS_SPATIAL_REVIEW,额下回三角部,BA44/45 与 pars opercularis/triangularis 高度对应（Broca 区），但 cyto↔macro 是否严格完整包含仍需空间/逐例确认，按保守标准不直接 VERIFIED。,Julich-Brain cytoarchitectonic atlas (Amunts 2020),Broca's region revisited: cytoarchitecture and intersubject variability,Broca's region revisited: cytoarchitecture and intersubject variability,"Amunts K, Schleicher A, Bürgel U, et al.",1999,10.1006/nimg.1999.0487,NONE,HISTORICAL_CONFLICT,HISTORICAL_CONFLICT,NGIQ-BR-00000502,LIKELY_CONTAINED_NEEDS_SPATIAL_REVIEW,中,BA44/45 与 pars opercularis/triangularis 高度对应（Broca 区），但 cyto↔macro 是否严格完整包含仍需空间/逐例确认，按保守标准不直接 VERIFIED。,CONFLICT_REVIEW,SOURCE_LEVEL_SPATIAL_ONLY,F,NO,LIKELY_CONTAINED_NEEDS_SPATIAL_REVIEW,NONE,
HISTORICAL_CONFLICT,NGIQ-BR-00000502,Area 45 (IFG) left,左侧45区（额下回）,G4_MICROSTRUCTURAL_FINE,Julich-Brain,left,NGIQ-BR-00000286,"Left Inferior Frontal Gyrus, Pars Triangularis",左侧额下回三角部,DIRECT_CONTAINED_HIGH_CONFIDENCE,LIKELY_CONTAINED_NEEDS_SPATIAL_REVIEW,额下回三角部,BA44/45 与 pars opercularis/triangularis 高度对应（Broca 区），但 cyto↔macro 是否严格完整包含仍需空间/逐例确认，按保守标准不直接 VERIFIED。,Julich-Brain cytoarchitectonic atlas (Amunts 2020),Broca's region revisited: cytoarchitecture and intersubject variability,Broca's region revisited: cytoarchitecture and intersubject variability,"Amunts K, Schleicher A, Bürgel U, et al.",1999,10.1006/nimg.1999.0487,"partial_overlap->Left Inferior frontal gyrus, Brainnetome 6_2; partial_overlap->Left Inferior frontal gyrus, Brainnetome 6_3; partial_overlap->Left Middle frontal gyrus, Brainnetome 7_4",HISTORICAL_CONFLICT,HISTORICAL_CONFLICT,NGIQ-BR-00000501,LIKELY_CONTAINED_NEEDS_SPATIAL_REVIEW,中,BA44/45 与 pars opercularis/triangularis 高度对应（Broca 区），但 cyto↔macro 是否严格完整包含仍需空间/逐例确认，按保守标准不直接 VERIFIED。,PARTIAL_OVERLAP,LOWER_GRANULARITY_ONLY,F,NO,LIKELY_CONTAINED_NEEDS_SPATIAL_REVIEW,NONE,
SPATIAL_REVIEW_REQUIRED,NGIQ-BR-00000523,Area 8d2 (SFG) right,右侧8d2区（额上回）,G4_MICROSTRUCTURAL_FINE,Julich-Brain,right,NGIQ-BR-00000325,Right Superior Frontal Gyrus,右额上回,DIRECT_CONTAINED_HIGH_CONFIDENCE,LIKELY_CONTAINED_NEEDS_SPATIAL_REVIEW,额上回,Julich cyto 边界不一定等于宏观脑回边界；仅凭 family 标签不能证明整区含于对应 G1 gyrus，需概率/硬标签空间复核后方可晋升。,Julich-Brain cytoarchitectonic atlas (Amunts 2020),Julich-Brain: a 3D probabilistic atlas of the human brain's cytoarchitecture,Julich-Brain: a 3D probabilistic atlas of the human brain's cytoarchitecture,"Amunts K, Mohlberg H, Bludau S, Zilles K",2020,10.1126/science.abb4588,"dominant_overlap->Right Superior frontal gyrus, Brainnetome 7_2",NO_HISTORICAL_CONFLICT,NO_HISTORICAL_CONFLICT,NGIQ-BR-00000524,LIKELY_CONTAINED_NEEDS_SPATIAL_REVIEW,中,Julich cyto 边界不一定等于宏观脑回边界；仅凭 family 标签不能证明整区含于对应 G1 gyrus，需概率/硬标签空间复核后方可晋升。,APPROVE_DOMINANT_OVERLAP,LOWER_GRANULARITY_ONLY,F,NO,LIKELY_CONTAINED_NEEDS_SPATIAL_REVIEW,NONE,
SPATIAL_REVIEW_REQUIRED,NGIQ-BR-00000524,Area 8d2 (SFG) left,左侧8d2区（额上回）,G4_MICROSTRUCTURAL_FINE,Julich-Brain,left,NGIQ-BR-00000294,Left Superior Frontal Gyrus,左额上回,DIRECT_CONTAINED_HIGH_CONFIDENCE,LIKELY_CONTAINED_NEEDS_SPATIAL_REVIEW,额上回,Julich cyto 边界不一定等于宏观脑回边界；仅凭 family 标签不能证明整区含于对应 G1 gyrus，需概率/硬标签空间复核后方可晋升。,Julich-Brain cytoarchitectonic atlas (Amunts 2020),Julich-Brain: a 3D probabilistic atlas of the human brain's cytoarchitecture,Julich-Brain: a 3D probabilistic atlas of the human brain's cytoarchitecture,"Amunts K, Mohlberg H, Bludau S, Zilles K",2020,10.1126/science.abb4588,"dominant_overlap->Left Superior frontal gyrus, Brainnetome 7_2",NO_HISTORICAL_CONFLICT,NO_HISTORICAL_CONFLICT,NGIQ-BR-00000523,LIKELY_CONTAINED_NEEDS_SPATIAL_REVIEW,中,Julich cyto 边界不一定等于宏观脑回边界；仅凭 family 标签不能证明整区含于对应 G1 gyrus，需概率/硬标签空间复核后方可晋升。,APPROVE_DOMINANT_OVERLAP,LOWER_GRANULARITY_ONLY,F,NO,LIKELY_CONTAINED_NEEDS_SPATIAL_REVIEW,NONE,
SPATIAL_REVIEW_REQUIRED,NGIQ-BR-00000525,Area 8d1 (SFG) right,右侧8d1区（额上回）,G4_MICROSTRUCTURAL_FINE,Julich-Brain,right,NGIQ-BR-00000325,Right Superior Frontal Gyrus,右额上回,DIRECT_CONTAINED_HIGH_CONFIDENCE,LIKELY_CONTAINED_NEEDS_SPATIAL_REVIEW,额上回,Julich cyto 边界不一定等于宏观脑回边界；仅凭 family 标签不能证明整区含于对应 G1 gyrus，需概率/硬标签空间复核后方可晋升。,Julich-Brain cytoarchitectonic atlas (Amunts 2020),Julich-Brain: a 3D probabilistic atlas of the human brain's cytoarchitecture,Julich-Brain: a 3D probabilistic atlas of the human brain's cytoarchitecture,"Amunts K, Mohlberg H, Bludau S, Zilles K",2020,10.1126/science.abb4588,"partial_overlap->Right Superior frontal gyrus, Brainnetome 7_2; partial_overlap->Right Superior frontal gyrus, Brainnetome 7_3; partial_overlap->Right Superior frontal gyrus, Brainnetome 7_1",NO_HISTORICAL_CONFLICT,NO_HISTORICAL_CONFLICT,NGIQ-BR-00000526,LIKELY_CONTAINED_NEEDS_SPATIAL_REVIEW,中,Julich cyto 边界不一定等于宏观脑回边界；仅凭 family 标签不能证明整区含于对应 G1 gyrus，需概率/硬标签空间复核后方可晋升。,PARTIAL_OVERLAP,LOWER_GRANULARITY_ONLY,F,NO,LIKELY_CONTAINED_NEEDS_SPATIAL_REVIEW,NONE,
SPATIAL_REVIEW_REQUIRED,NGIQ-BR-00000526,Area 8d1 (SFG) left,左侧8d1区（额上回）,G4_MICROSTRUCTURAL_FINE,Julich-Brain,left,NGIQ-BR-00000294,Left Superior Frontal Gyrus,左额上回,DIRECT_CONTAINED_HIGH_CONFIDENCE,LIKELY_CONTAINED_NEEDS_SPATIAL_REVIEW,额上回,Julich cyto 边界不一定等于宏观脑回边界；仅凭 family 标签不能证明整区含于对应 G1 gyrus，需概率/硬标签空间复核后方可晋升。,Julich-Brain cytoarchitectonic atlas (Amunts 2020),Julich-Brain: a 3D probabilistic atlas of the human brain's cytoarchitecture,Julich-Brain: a 3D probabilistic atlas of the human brain's cytoarchitecture,"Amunts K, Mohlberg H, Bludau S, Zilles K",2020,10.1126/science.abb4588,"dominant_overlap->Left Superior frontal gyrus, Brainnetome 7_2",NO_HISTORICAL_CONFLICT,NO_HISTORICAL_CONFLICT,NGIQ-BR-00000525,LIKELY_CONTAINED_NEEDS_SPATIAL_REVIEW,中,Julich cyto 边界不一定等于宏观脑回边界；仅凭 family 标签不能证明整区含于对应 G1 gyrus，需概率/硬标签空间复核后方可晋升。,APPROVE_DOMINANT_OVERLAP,LOWER_GRANULARITY_ONLY,F,NO,LIKELY_CONTAINED_NEEDS_SPATIAL_REVIEW,NONE,
SPATIAL_REVIEW_REQUIRED,NGIQ-BR-00000537,Area Ig3 (Insula) right,右侧Ig3区（岛叶）,G4_MICROSTRUCTURAL_FINE,Julich-Brain,right,NGIQ-BR-00000330,Right Insula,右岛叶,DIRECT_CONTAINED_HIGH_CONFIDENCE,LIKELY_CONTAINED_NEEDS_SPATIAL_REVIEW,岛叶,Julich cyto 边界不一定等于宏观脑回边界；仅凭 family 标签不能证明整区含于对应 G1 gyrus，需概率/硬标签空间复核后方可晋升。,Julich-Brain cytoarchitectonic atlas (Amunts 2020),Julich-Brain: a 3D probabilistic atlas of the human brain's cytoarchitecture,Julich-Brain: a 3D probabilistic atlas of the human brain's cytoarchitecture,"Amunts K, Mohlberg H, Bludau S, Zilles K",2020,10.1126/science.abb4588,"dominant_overlap->Right Insular gyrus, Brainnetome 6_5",NO_HISTORICAL_CONFLICT,NO_HISTORICAL_CONFLICT,NGIQ-BR-00000538,LIKELY_CONTAINED_NEEDS_SPATIAL_REVIEW,中,Julich cyto 边界不一定等于宏观脑回边界；仅凭 family 标签不能证明整区含于对应 G1 gyrus，需概率/硬标签空间复核后方可晋升。,APPROVE_DOMINANT_OVERLAP,LOWER_GRANULARITY_ONLY,F,NO,LIKELY_CONTAINED_NEEDS_SPATIAL_REVIEW,NONE,
SPATIAL_REVIEW_REQUIRED,NGIQ-BR-00000538,Area Ig3 (Insula) left,左侧Ig3区（岛叶）,G4_MICROSTRUCTURAL_FINE,Julich-Brain,left,NGIQ-BR-00000299,Left Insula,左岛叶,DIRECT_CONTAINED_HIGH_CONFIDENCE,LIKELY_CONTAINED_NEEDS_SPATIAL_REVIEW,岛叶,Julich cyto 边界不一定等于宏观脑回边界；仅凭 family 标签不能证明整区含于对应 G1 gyrus，需概率/硬标签空间复核后方可晋升。,Julich-Brain cytoarchitectonic atlas (Amunts 2020),Julich-Brain: a 3D probabilistic atlas of the human brain's cytoarchitecture,Julich-Brain: a 3D probabilistic atlas of the human brain's cytoarchitecture,"Amunts K, Mohlberg H, Bludau S, Zilles K",2020,10.1126/science.abb4588,"dominant_overlap->Left Insular gyrus, Brainnetome 6_5",NO_HISTORICAL_CONFLICT,NO_HISTORICAL_CONFLICT,NGIQ-BR-00000537,LIKELY_CONTAINED_NEEDS_SPATIAL_REVIEW,中,Julich cyto 边界不一定等于宏观脑回边界；仅凭 family 标签不能证明整区含于对应 G1 gyrus，需概率/硬标签空间复核后方可晋升。,APPROVE_DOMINANT_OVERLAP,LOWER_GRANULARITY_ONLY,F,NO,LIKELY_CONTAINED_NEEDS_SPATIAL_REVIEW,NONE,
SPATIAL_REVIEW_REQUIRED,NGIQ-BR-00000539,Area Ig1 (Insula) right,右侧Ig1区（岛叶）,G4_MICROSTRUCTURAL_FINE,Julich-Brain,right,NGIQ-BR-00000330,Right Insula,右岛叶,DIRECT_CONTAINED_HIGH_CONFIDENCE,LIKELY_CONTAINED_NEEDS_SPATIAL_REVIEW,岛叶,Julich cyto 边界不一定等于宏观脑回边界；仅凭 family 标签不能证明整区含于对应 G1 gyrus，需概率/硬标签空间复核后方可晋升。,Julich-Brain cytoarchitectonic atlas (Amunts 2020),Julich-Brain: a 3D probabilistic atlas of the human brain's cytoarchitecture,Julich-Brain: a 3D probabilistic atlas of the human brain's cytoarchitecture,"Amunts K, Mohlberg H, Bludau S, Zilles K",2020,10.1126/science.abb4588,"dominant_overlap->Right Insular gyrus, Brainnetome 6_1",NO_HISTORICAL_CONFLICT,NO_HISTORICAL_CONFLICT,NGIQ-BR-00000540,LIKELY_CONTAINED_NEEDS_SPATIAL_REVIEW,中,Julich cyto 边界不一定等于宏观脑回边界；仅凭 family 标签不能证明整区含于对应 G1 gyrus，需概率/硬标签空间复核后方可晋升。,APPROVE_DOMINANT_OVERLAP,LOWER_GRANULARITY_ONLY,F,NO,LIKELY_CONTAINED_NEEDS_SPATIAL_REVIEW,NONE,
SPATIAL_REVIEW_REQUIRED,NGIQ-BR-00000540,Area Ig1 (Insula) left,左侧Ig1区（岛叶）,G4_MICROSTRUCTURAL_FINE,Julich-Brain,left,NGIQ-BR-00000299,Left Insula,左岛叶,DIRECT_CONTAINED_HIGH_CONFIDENCE,LIKELY_CONTAINED_NEEDS_SPATIAL_REVIEW,岛叶,Julich cyto 边界不一定等于宏观脑回边界；仅凭 family 标签不能证明整区含于对应 G1 gyrus，需概率/硬标签空间复核后方可晋升。,Julich-Brain cytoarchitectonic atlas (Amunts 2020),Julich-Brain: a 3D probabilistic atlas of the human brain's cytoarchitecture,Julich-Brain: a 3D probabilistic atlas of the human brain's cytoarchitecture,"Amunts K, Mohlberg H, Bludau S, Zilles K",2020,10.1126/science.abb4588,"dominant_overlap->Left Insular gyrus, Brainnetome 6_1",NO_HISTORICAL_CONFLICT,NO_HISTORICAL_CONFLICT,NGIQ-BR-00000539,LIKELY_CONTAINED_NEEDS_SPATIAL_REVIEW,中,Julich cyto 边界不一定等于宏观脑回边界；仅凭 family 标签不能证明整区含于对应 G1 gyrus，需概率/硬标签空间复核后方可晋升。,APPROVE_DOMINANT_OVERLAP,LOWER_GRANULARITY_ONLY,F,NO,LIKELY_CONTAINED_NEEDS_SPATIAL_REVIEW,NONE,
SPATIAL_REVIEW_REQUIRED,NGIQ-BR-00000541,Area Ig2 (Insula) right,右侧Ig2区（岛叶）,G4_MICROSTRUCTURAL_FINE,Julich-Brain,right,NGIQ-BR-00000330,Right Insula,右岛叶,DIRECT_CONTAINED_HIGH_CONFIDENCE,LIKELY_CONTAINED_NEEDS_SPATIAL_REVIEW,岛叶,Julich cyto 边界不一定等于宏观脑回边界；仅凭 family 标签不能证明整区含于对应 G1 gyrus，需概率/硬标签空间复核后方可晋升。,Julich-Brain cytoarchitectonic atlas (Amunts 2020),Julich-Brain: a 3D probabilistic atlas of the human brain's cytoarchitecture,Julich-Brain: a 3D probabilistic atlas of the human brain's cytoarchitecture,"Amunts K, Mohlberg H, Bludau S, Zilles K",2020,10.1126/science.abb4588,"dominant_overlap->Right Insular gyrus, Brainnetome 6_1",NO_HISTORICAL_CONFLICT,NO_HISTORICAL_CONFLICT,NGIQ-BR-00000542,LIKELY_CONTAINED_NEEDS_SPATIAL_REVIEW,中,Julich cyto 边界不一定等于宏观脑回边界；仅凭 family 标签不能证明整区含于对应 G1 gyrus，需概率/硬标签空间复核后方可晋升。,APPROVE_DOMINANT_OVERLAP,LOWER_GRANULARITY_ONLY,F,NO,LIKELY_CONTAINED_NEEDS_SPATIAL_REVIEW,NONE,
SPATIAL_REVIEW_REQUIRED,NGIQ-BR-00000542,Area Ig2 (Insula) left,左侧Ig2区（岛叶）,G4_MICROSTRUCTURAL_FINE,Julich-Brain,left,NGIQ-BR-00000299,Left Insula,左岛叶,DIRECT_CONTAINED_HIGH_CONFIDENCE,LIKELY_CONTAINED_NEEDS_SPATIAL_REVIEW,岛叶,Julich cyto 边界不一定等于宏观脑回边界；仅凭 family 标签不能证明整区含于对应 G1 gyrus，需概率/硬标签空间复核后方可晋升。,Julich-Brain cytoarchitectonic atlas (Amunts 2020),Julich-Brain: a 3D probabilistic atlas of the human brain's cytoarchitecture,Julich-Brain: a 3D probabilistic atlas of the human brain's cytoarchitecture,"Amunts K, Mohlberg H, Bludau S, Zilles K",2020,10.1126/science.abb4588,"dominant_overlap->Left Insular gyrus, Brainnetome 6_1",NO_HISTORICAL_CONFLICT,NO_HISTORICAL_CONFLICT,NGIQ-BR-00000541,LIKELY_CONTAINED_NEEDS_SPATIAL_REVIEW,中,Julich cyto 边界不一定等于宏观脑回边界；仅凭 family 标签不能证明整区含于对应 G1 gyrus，需概率/硬标签空间复核后方可晋升。,APPROVE_DOMINANT_OVERLAP,LOWER_GRANULARITY_ONLY,F,NO,LIKELY_CONTAINED_NEEDS_SPATIAL_REVIEW,NONE,
SPATIAL_REVIEW_REQUIRED,NGIQ-BR-00000545,Area Ia1 (Insula) right,右侧Ia1区（岛叶）,G4_MICROSTRUCTURAL_FINE,Julich-Brain,right,NGIQ-BR-00000330,Right Insula,右岛叶,DIRECT_CONTAINED_HIGH_CONFIDENCE,LIKELY_CONTAINED_NEEDS_SPATIAL_REVIEW,岛叶,Julich cyto 边界不一定等于宏观脑回边界；仅凭 family 标签不能证明整区含于对应 G1 gyrus，需概率/硬标签空间复核后方可晋升。,Julich-Brain cytoarchitectonic atlas (Amunts 2020),Julich-Brain: a 3D probabilistic atlas of the human brain's cytoarchitecture,Julich-Brain: a 3D probabilistic atlas of the human brain's cytoarchitecture,"Amunts K, Mohlberg H, Bludau S, Zilles K",2020,10.1126/science.abb4588,"dominant_overlap->Right Insular gyrus, Brainnetome 6_4",NO_HISTORICAL_CONFLICT,NO_HISTORICAL_CONFLICT,NGIQ-BR-00000546,LIKELY_CONTAINED_NEEDS_SPATIAL_REVIEW,中,Julich cyto 边界不一定等于宏观脑回边界；仅凭 family 标签不能证明整区含于对应 G1 gyrus，需概率/硬标签空间复核后方可晋升。,APPROVE_DOMINANT_OVERLAP,LOWER_GRANULARITY_ONLY,F,NO,LIKELY_CONTAINED_NEEDS_SPATIAL_REVIEW,NONE,
SPATIAL_REVIEW_REQUIRED,NGIQ-BR-00000546,Area Ia1 (Insula) left,左侧Ia1区（岛叶）,G4_MICROSTRUCTURAL_FINE,Julich-Brain,left,NGIQ-BR-00000299,Left Insula,左岛叶,DIRECT_CONTAINED_HIGH_CONFIDENCE,LIKELY_CONTAINED_NEEDS_SPATIAL_REVIEW,岛叶,Julich cyto 边界不一定等于宏观脑回边界；仅凭 family 标签不能证明整区含于对应 G1 gyrus，需概率/硬标签空间复核后方可晋升。,Julich-Brain cytoarchitectonic atlas (Amunts 2020),Julich-Brain: a 3D probabilistic atlas of the human brain's cytoarchitecture,Julich-Brain: a 3D probabilistic atlas of the human brain's cytoarchitecture,"Amunts K, Mohlberg H, Bludau S, Zilles K",2020,10.1126/science.abb4588,"dominant_overlap->Left Insular gyrus, Brainnetome 6_4",NO_HISTORICAL_CONFLICT,NO_HISTORICAL_CONFLICT,NGIQ-BR-00000545,LIKELY_CONTAINED_NEEDS_SPATIAL_REVIEW,中,Julich cyto 边界不一定等于宏观脑回边界；仅凭 family 标签不能证明整区含于对应 G1 gyrus，需概率/硬标签空间复核后方可晋升。,APPROVE_DOMINANT_OVERLAP,LOWER_GRANULARITY_ONLY,F,NO,LIKELY_CONTAINED_NEEDS_SPATIAL_REVIEW,NONE,
HISTORICAL_CONFLICT,NGIQ-BR-00000549,Area Id2 (Insula) right,右侧Id2区（岛叶）,G4_MICROSTRUCTURAL_FINE,Julich-Brain,right,NGIQ-BR-00000330,Right Insula,右岛叶,DIRECT_CONTAINED_HIGH_CONFIDENCE,LIKELY_CONTAINED_NEEDS_SPATIAL_REVIEW,岛叶,Julich cyto 边界不一定等于宏观脑回边界；仅凭 family 标签不能证明整区含于对应 G1 gyrus，需概率/硬标签空间复核后方可晋升。,Julich-Brain cytoarchitectonic atlas (Amunts 2020),Julich-Brain: a 3D probabilistic atlas of the human brain's cytoarchitecture,Julich-Brain: a 3D probabilistic atlas of the human brain's cytoarchitecture,"Amunts K, Mohlberg H, Bludau S, Zilles K",2020,10.1126/science.abb4588,"partial_overlap->Right Insular gyrus, Brainnetome 6_5; partial_overlap->Right Insular gyrus, Brainnetome 6_1",HISTORICAL_CONFLICT,HISTORICAL_CONFLICT,NGIQ-BR-00000550,LIKELY_CONTAINED_NEEDS_SPATIAL_REVIEW,中,Julich cyto 边界不一定等于宏观脑回边界；仅凭 family 标签不能证明整区含于对应 G1 gyrus，需概率/硬标签空间复核后方可晋升。,PARTIAL_OVERLAP,LOWER_GRANULARITY_ONLY,F,NO,LIKELY_CONTAINED_NEEDS_SPATIAL_REVIEW,NONE,
SPATIAL_REVIEW_REQUIRED,NGIQ-BR-00000550,Area Id2 (Insula) left,左侧Id2区（岛叶）,G4_MICROSTRUCTURAL_FINE,Julich-Brain,left,NGIQ-BR-00000299,Left Insula,左岛叶,DIRECT_CONTAINED_HIGH_CONFIDENCE,LIKELY_CONTAINED_NEEDS_SPATIAL_REVIEW,岛叶,Julich cyto 边界不一定等于宏观脑回边界；仅凭 family 标签不能证明整区含于对应 G1 gyrus，需概率/硬标签空间复核后方可晋升。,Julich-Brain cytoarchitectonic atlas (Amunts 2020),Julich-Brain: a 3D probabilistic atlas of the human brain's cytoarchitecture,Julich-Brain: a 3D probabilistic atlas of the human brain's cytoarchitecture,"Amunts K, Mohlberg H, Bludau S, Zilles K",2020,10.1126/science.abb4588,"partial_overlap->Left Insular gyrus, Brainnetome 6_1; partial_overlap->Left Insular gyrus, Brainnetome 6_5",NO_HISTORICAL_CONFLICT,NO_HISTORICAL_CONFLICT,NGIQ-BR-00000549,LIKELY_CONTAINED_NEEDS_SPATIAL_REVIEW,中,Julich cyto 边界不一定等于宏观脑回边界；仅凭 family 标签不能证明整区含于对应 G1 gyrus，需概率/硬标签空间复核后方可晋升。,PARTIAL_OVERLAP,LOWER_GRANULARITY_ONLY,F,NO,LIKELY_CONTAINED_NEEDS_SPATIAL_REVIEW,NONE,
HISTORICAL_CONFLICT,NGIQ-BR-00000555,Area Id9 (Insula) right,右侧Id9区（岛叶）,G4_MICROSTRUCTURAL_FINE,Julich-Brain,right,NGIQ-BR-00000330,Right Insula,右岛叶,DIRECT_CONTAINED_HIGH_CONFIDENCE,LIKELY_CONTAINED_NEEDS_SPATIAL_REVIEW,岛叶,Julich cyto 边界不一定等于宏观脑回边界；仅凭 family 标签不能证明整区含于对应 G1 gyrus，需概率/硬标签空间复核后方可晋升。,Julich-Brain cytoarchitectonic atlas (Amunts 2020),Julich-Brain: a 3D probabilistic atlas of the human brain's cytoarchitecture,Julich-Brain: a 3D probabilistic atlas of the human brain's cytoarchitecture,"Amunts K, Mohlberg H, Bludau S, Zilles K",2020,10.1126/science.abb4588,"partial_overlap->Right Insular gyrus, Brainnetome 6_4; partial_overlap->Right Insular gyrus, Brainnetome 6_6; partial_overlap->Right Insular gyrus, Brainnetome 6_2; partial_overlap->Right Insular gyrus, Brainnetome 6_3",HISTORICAL_CONFLICT,HISTORICAL_CONFLICT,NGIQ-BR-00000556,LIKELY_CONTAINED_NEEDS_SPATIAL_REVIEW,中,Julich cyto 边界不一定等于宏观脑回边界；仅凭 family 标签不能证明整区含于对应 G1 gyrus，需概率/硬标签空间复核后方可晋升。,PARTIAL_OVERLAP,LOWER_GRANULARITY_ONLY,F,NO,LIKELY_CONTAINED_NEEDS_SPATIAL_REVIEW,NONE,
SPATIAL_REVIEW_REQUIRED,NGIQ-BR-00000556,Area Id9 (Insula) left,左侧Id9区（岛叶）,G4_MICROSTRUCTURAL_FINE,Julich-Brain,left,NGIQ-BR-00000299,Left Insula,左岛叶,DIRECT_CONTAINED_HIGH_CONFIDENCE,LIKELY_CONTAINED_NEEDS_SPATIAL_REVIEW,岛叶,Julich cyto 边界不一定等于宏观脑回边界；仅凭 family 标签不能证明整区含于对应 G1 gyrus，需概率/硬标签空间复核后方可晋升。,Julich-Brain cytoarchitectonic atlas (Amunts 2020),Julich-Brain: a 3D probabilistic atlas of the human brain's cytoarchitecture,Julich-Brain: a 3D probabilistic atlas of the human brain's cytoarchitecture,"Amunts K, Mohlberg H, Bludau S, Zilles K",2020,10.1126/science.abb4588,"partial_overlap->Left Insular gyrus, Brainnetome 6_6; partial_overlap->Left Insular gyrus, Brainnetome 6_4",NO_HISTORICAL_CONFLICT,NO_HISTORICAL_CONFLICT,NGIQ-BR-00000555,LIKELY_CONTAINED_NEEDS_SPATIAL_REVIEW,中,Julich cyto 边界不一定等于宏观脑回边界；仅凭 family 标签不能证明整区含于对应 G1 gyrus，需概率/硬标签空间复核后方可晋升。,PARTIAL_OVERLAP,LOWER_GRANULARITY_ONLY,F,NO,LIKELY_CONTAINED_NEEDS_SPATIAL_REVIEW,NONE,
SPATIAL_REVIEW_REQUIRED,NGIQ-BR-00000559,Area Id5 (Insula) right,右侧Id5区（岛叶）,G4_MICROSTRUCTURAL_FINE,Julich-Brain,right,NGIQ-BR-00000330,Right Insula,右岛叶,DIRECT_CONTAINED_HIGH_CONFIDENCE,LIKELY_CONTAINED_NEEDS_SPATIAL_REVIEW,岛叶,Julich cyto 边界不一定等于宏观脑回边界；仅凭 family 标签不能证明整区含于对应 G1 gyrus，需概率/硬标签空间复核后方可晋升。,Julich-Brain cytoarchitectonic atlas (Amunts 2020),Julich-Brain: a 3D probabilistic atlas of the human brain's cytoarchitecture,Julich-Brain: a 3D probabilistic atlas of the human brain's cytoarchitecture,"Amunts K, Mohlberg H, Bludau S, Zilles K",2020,10.1126/science.abb4588,"dominant_overlap->Right Insular gyrus, Brainnetome 6_5",NO_HISTORICAL_CONFLICT,NO_HISTORICAL_CONFLICT,NGIQ-BR-00000560,LIKELY_CONTAINED_NEEDS_SPATIAL_REVIEW,中,Julich cyto 边界不一定等于宏观脑回边界；仅凭 family 标签不能证明整区含于对应 G1 gyrus，需概率/硬标签空间复核后方可晋升。,APPROVE_DOMINANT_OVERLAP,LOWER_GRANULARITY_ONLY,F,NO,LIKELY_CONTAINED_NEEDS_SPATIAL_REVIEW,NONE,
SPATIAL_REVIEW_REQUIRED,NGIQ-BR-00000560,Area Id5 (Insula) left,左侧Id5区（岛叶）,G4_MICROSTRUCTURAL_FINE,Julich-Brain,left,NGIQ-BR-00000299,Left Insula,左岛叶,DIRECT_CONTAINED_HIGH_CONFIDENCE,LIKELY_CONTAINED_NEEDS_SPATIAL_REVIEW,岛叶,Julich cyto 边界不一定等于宏观脑回边界；仅凭 family 标签不能证明整区含于对应 G1 gyrus，需概率/硬标签空间复核后方可晋升。,Julich-Brain cytoarchitectonic atlas (Amunts 2020),Julich-Brain: a 3D probabilistic atlas of the human brain's cytoarchitecture,Julich-Brain: a 3D probabilistic atlas of the human brain's cytoarchitecture,"Amunts K, Mohlberg H, Bludau S, Zilles K",2020,10.1126/science.abb4588,"dominant_overlap->Left Insular gyrus, Brainnetome 6_5",NO_HISTORICAL_CONFLICT,NO_HISTORICAL_CONFLICT,NGIQ-BR-00000559,LIKELY_CONTAINED_NEEDS_SPATIAL_REVIEW,中,Julich cyto 边界不一定等于宏观脑回边界；仅凭 family 标签不能证明整区含于对应 G1 gyrus，需概率/硬标签空间复核后方可晋升。,APPROVE_DOMINANT_OVERLAP,LOWER_GRANULARITY_ONLY,F,NO,LIKELY_CONTAINED_NEEDS_SPATIAL_REVIEW,NONE,
SPATIAL_REVIEW_REQUIRED,NGIQ-BR-00000561,Area Id6 (Insula) right,右侧Id6区（岛叶）,G4_MICROSTRUCTURAL_FINE,Julich-Brain,right,NGIQ-BR-00000330,Right Insula,右岛叶,DIRECT_CONTAINED_HIGH_CONFIDENCE,LIKELY_CONTAINED_NEEDS_SPATIAL_REVIEW,岛叶,Julich cyto 边界不一定等于宏观脑回边界；仅凭 family 标签不能证明整区含于对应 G1 gyrus，需概率/硬标签空间复核后方可晋升。,Julich-Brain cytoarchitectonic atlas (Amunts 2020),Julich-Brain: a 3D probabilistic atlas of the human brain's cytoarchitecture,Julich-Brain: a 3D probabilistic atlas of the human brain's cytoarchitecture,"Amunts K, Mohlberg H, Bludau S, Zilles K",2020,10.1126/science.abb4588,"dominant_overlap->Right Insular gyrus, Brainnetome 6_6",NO_HISTORICAL_CONFLICT,NO_HISTORICAL_CONFLICT,NGIQ-BR-00000562,LIKELY_CONTAINED_NEEDS_SPATIAL_REVIEW,中,Julich cyto 边界不一定等于宏观脑回边界；仅凭 family 标签不能证明整区含于对应 G1 gyrus，需概率/硬标签空间复核后方可晋升。,APPROVE_DOMINANT_OVERLAP,LOWER_GRANULARITY_ONLY,F,NO,LIKELY_CONTAINED_NEEDS_SPATIAL_REVIEW,NONE,
SPATIAL_REVIEW_REQUIRED,NGIQ-BR-00000562,Area Id6 (Insula) left,左侧Id6区（岛叶）,G4_MICROSTRUCTURAL_FINE,Julich-Brain,left,NGIQ-BR-00000299,Left Insula,左岛叶,DIRECT_CONTAINED_HIGH_CONFIDENCE,LIKELY_CONTAINED_NEEDS_SPATIAL_REVIEW,岛叶,Julich cyto 边界不一定等于宏观脑回边界；仅凭 family 标签不能证明整区含于对应 G1 gyrus，需概率/硬标签空间复核后方可晋升。,Julich-Brain cytoarchitectonic atlas (Amunts 2020),Julich-Brain: a 3D probabilistic atlas of the human brain's cytoarchitecture,Julich-Brain: a 3D probabilistic atlas of the human brain's cytoarchitecture,"Amunts K, Mohlberg H, Bludau S, Zilles K",2020,10.1126/science.abb4588,"partial_overlap->Left Insular gyrus, Brainnetome 6_6; partial_overlap->Left Insular gyrus, Brainnetome 6_3",NO_HISTORICAL_CONFLICT,NO_HISTORICAL_CONFLICT,NGIQ-BR-00000561,LIKELY_CONTAINED_NEEDS_SPATIAL_REVIEW,中,Julich cyto 边界不一定等于宏观脑回边界；仅凭 family 标签不能证明整区含于对应 G1 gyrus，需概率/硬标签空间复核后方可晋升。,PARTIAL_OVERLAP,LOWER_GRANULARITY_ONLY,F,NO,LIKELY_CONTAINED_NEEDS_SPATIAL_REVIEW,NONE,
HISTORICAL_CONFLICT,NGIQ-BR-00000563,Area Id10 (Insula) right,右侧Id10区（岛叶）,G4_MICROSTRUCTURAL_FINE,Julich-Brain,right,NGIQ-BR-00000330,Right Insula,右岛叶,DIRECT_CONTAINED_HIGH_CONFIDENCE,LIKELY_CONTAINED_NEEDS_SPATIAL_REVIEW,岛叶,Julich cyto 边界不一定等于宏观脑回边界；仅凭 family 标签不能证明整区含于对应 G1 gyrus，需概率/硬标签空间复核后方可晋升。,Julich-Brain cytoarchitectonic atlas (Amunts 2020),Julich-Brain: a 3D probabilistic atlas of the human brain's cytoarchitecture,Julich-Brain: a 3D probabilistic atlas of the human brain's cytoarchitecture,"Amunts K, Mohlberg H, Bludau S, Zilles K",2020,10.1126/science.abb4588,NONE,HISTORICAL_CONFLICT,HISTORICAL_CONFLICT,NGIQ-BR-00000564,NOT_IN_218_(already has path or review),中,Julich cyto 边界不一定等于宏观脑回边界；仅凭 family 标签不能证明整区含于对应 G1 gyrus，需概率/硬标签空间复核后方可晋升。,CONFLICT_REVIEW,SOURCE_LEVEL_SPATIAL_ONLY,F,NO,LIKELY_CONTAINED_NEEDS_SPATIAL_REVIEW,NONE,
HISTORICAL_CONFLICT,NGIQ-BR-00000565,Area Id4 (Insula) right,右侧Id4区（岛叶）,G4_MICROSTRUCTURAL_FINE,Julich-Brain,right,NGIQ-BR-00000330,Right Insula,右岛叶,DIRECT_CONTAINED_HIGH_CONFIDENCE,LIKELY_CONTAINED_NEEDS_SPATIAL_REVIEW,岛叶,Julich cyto 边界不一定等于宏观脑回边界；仅凭 family 标签不能证明整区含于对应 G1 gyrus，需概率/硬标签空间复核后方可晋升。,Julich-Brain cytoarchitectonic atlas (Amunts 2020),Julich-Brain: a 3D probabilistic atlas of the human brain's cytoarchitecture,Julich-Brain: a 3D probabilistic atlas of the human brain's cytoarchitecture,"Amunts K, Mohlberg H, Bludau S, Zilles K",2020,10.1126/science.abb4588,"partial_overlap->Right Insular gyrus, Brainnetome 6_6; partial_overlap->Right Insular gyrus, Brainnetome 6_5",HISTORICAL_CONFLICT,HISTORICAL_CONFLICT,NGIQ-BR-00000566,LIKELY_CONTAINED_NEEDS_SPATIAL_REVIEW,中,Julich cyto 边界不一定等于宏观脑回边界；仅凭 family 标签不能证明整区含于对应 G1 gyrus，需概率/硬标签空间复核后方可晋升。,PARTIAL_OVERLAP,LOWER_GRANULARITY_ONLY,F,NO,LIKELY_CONTAINED_NEEDS_SPATIAL_REVIEW,NONE,
SPATIAL_REVIEW_REQUIRED,NGIQ-BR-00000566,Area Id4 (Insula) left,左侧Id4区（岛叶）,G4_MICROSTRUCTURAL_FINE,Julich-Brain,left,NGIQ-BR-00000299,Left Insula,左岛叶,DIRECT_CONTAINED_HIGH_CONFIDENCE,LIKELY_CONTAINED_NEEDS_SPATIAL_REVIEW,岛叶,Julich cyto 边界不一定等于宏观脑回边界；仅凭 family 标签不能证明整区含于对应 G1 gyrus，需概率/硬标签空间复核后方可晋升。,Julich-Brain cytoarchitectonic atlas (Amunts 2020),Julich-Brain: a 3D probabilistic atlas of the human brain's cytoarchitecture,Julich-Brain: a 3D probabilistic atlas of the human brain's cytoarchitecture,"Amunts K, Mohlberg H, Bludau S, Zilles K",2020,10.1126/science.abb4588,"partial_overlap->Left Insular gyrus, Brainnetome 6_5; partial_overlap->Left Insular gyrus, Brainnetome 6_6",NO_HISTORICAL_CONFLICT,NO_HISTORICAL_CONFLICT,NGIQ-BR-00000565,LIKELY_CONTAINED_NEEDS_SPATIAL_REVIEW,中,Julich cyto 边界不一定等于宏观脑回边界；仅凭 family 标签不能证明整区含于对应 G1 gyrus，需概率/硬标签空间复核后方可晋升。,PARTIAL_OVERLAP,LOWER_GRANULARITY_ONLY,F,NO,LIKELY_CONTAINED_NEEDS_SPATIAL_REVIEW,NONE,
SPATIAL_REVIEW_REQUIRED,NGIQ-BR-00000567,Area Id3 (Insula) right,右侧Id3区（岛叶）,G4_MICROSTRUCTURAL_FINE,Julich-Brain,right,NGIQ-BR-00000330,Right Insula,右岛叶,DIRECT_CONTAINED_HIGH_CONFIDENCE,LIKELY_CONTAINED_NEEDS_SPATIAL_REVIEW,岛叶,Julich cyto 边界不一定等于宏观脑回边界；仅凭 family 标签不能证明整区含于对应 G1 gyrus，需概率/硬标签空间复核后方可晋升。,Julich-Brain cytoarchitectonic atlas (Amunts 2020),Julich-Brain: a 3D probabilistic atlas of the human brain's cytoarchitecture,Julich-Brain: a 3D probabilistic atlas of the human brain's cytoarchitecture,"Amunts K, Mohlberg H, Bludau S, Zilles K",2020,10.1126/science.abb4588,"dominant_overlap->Right Insular gyrus, Brainnetome 6_4",NO_HISTORICAL_CONFLICT,NO_HISTORICAL_CONFLICT,NGIQ-BR-00000568,LIKELY_CONTAINED_NEEDS_SPATIAL_REVIEW,中,Julich cyto 边界不一定等于宏观脑回边界；仅凭 family 标签不能证明整区含于对应 G1 gyrus，需概率/硬标签空间复核后方可晋升。,APPROVE_DOMINANT_OVERLAP,LOWER_GRANULARITY_ONLY,F,NO,LIKELY_CONTAINED_NEEDS_SPATIAL_REVIEW,NONE,
SPATIAL_REVIEW_REQUIRED,NGIQ-BR-00000568,Area Id3 (Insula) left,左侧Id3区（岛叶）,G4_MICROSTRUCTURAL_FINE,Julich-Brain,left,NGIQ-BR-00000299,Left Insula,左岛叶,DIRECT_CONTAINED_HIGH_CONFIDENCE,LIKELY_CONTAINED_NEEDS_SPATIAL_REVIEW,岛叶,Julich cyto 边界不一定等于宏观脑回边界；仅凭 family 标签不能证明整区含于对应 G1 gyrus，需概率/硬标签空间复核后方可晋升。,Julich-Brain cytoarchitectonic atlas (Amunts 2020),Julich-Brain: a 3D probabilistic atlas of the human brain's cytoarchitecture,Julich-Brain: a 3D probabilistic atlas of the human brain's cytoarchitecture,"Amunts K, Mohlberg H, Bludau S, Zilles K",2020,10.1126/science.abb4588,"dominant_overlap->Left Insular gyrus, Brainnetome 6_4",NO_HISTORICAL_CONFLICT,NO_HISTORICAL_CONFLICT,NGIQ-BR-00000567,LIKELY_CONTAINED_NEEDS_SPATIAL_REVIEW,中,Julich cyto 边界不一定等于宏观脑回边界；仅凭 family 标签不能证明整区含于对应 G1 gyrus，需概率/硬标签空间复核后方可晋升。,APPROVE_DOMINANT_OVERLAP,LOWER_GRANULARITY_ONLY,F,NO,LIKELY_CONTAINED_NEEDS_SPATIAL_REVIEW,NONE,
SPATIAL_REVIEW_REQUIRED,NGIQ-BR-00000575,Area Te 3 (STG) right,右侧Te 3区（颞上回）,G4_MICROSTRUCTURAL_FINE,Julich-Brain,right,NGIQ-BR-00000327,Right Superior Temporal Gyrus,右颞上回,DIRECT_CONTAINED_HIGH_CONFIDENCE,LIKELY_CONTAINED_NEEDS_SPATIAL_REVIEW,颞上回,Julich cyto 边界不一定等于宏观脑回边界；仅凭 family 标签不能证明整区含于对应 G1 gyrus，需概率/硬标签空间复核后方可晋升。,Julich-Brain cytoarchitectonic atlas (Amunts 2020),Julich-Brain: a 3D probabilistic atlas of the human brain's cytoarchitecture,Julich-Brain: a 3D probabilistic atlas of the human brain's cytoarchitecture,"Amunts K, Mohlberg H, Bludau S, Zilles K",2020,10.1126/science.abb4588,"partial_overlap->Right Superior temporal gyrus, Brainnetome 6_4; partial_overlap->Right Superior temporal gyrus, Brainnetome 6_3; partial_overlap->Right Superior temporal gyrus, Brainnetome 6_6",NO_HISTORICAL_CONFLICT,NO_HISTORICAL_CONFLICT,NGIQ-BR-00000576,LIKELY_CONTAINED_NEEDS_SPATIAL_REVIEW,中,Julich cyto 边界不一定等于宏观脑回边界；仅凭 family 标签不能证明整区含于对应 G1 gyrus，需概率/硬标签空间复核后方可晋升。,PARTIAL_OVERLAP,LOWER_GRANULARITY_ONLY,F,NO,LIKELY_CONTAINED_NEEDS_SPATIAL_REVIEW,NONE,
HISTORICAL_CONFLICT,NGIQ-BR-00000576,Area Te 3 (STG) left,左侧Te 3区（颞上回）,G4_MICROSTRUCTURAL_FINE,Julich-Brain,left,NGIQ-BR-00000296,Left Superior Temporal Gyrus,左颞上回,DIRECT_CONTAINED_HIGH_CONFIDENCE,LIKELY_CONTAINED_NEEDS_SPATIAL_REVIEW,颞上回,Julich cyto 边界不一定等于宏观脑回边界；仅凭 family 标签不能证明整区含于对应 G1 gyrus，需概率/硬标签空间复核后方可晋升。,Julich-Brain cytoarchitectonic atlas (Amunts 2020),Julich-Brain: a 3D probabilistic atlas of the human brain's cytoarchitecture,Julich-Brain: a 3D probabilistic atlas of the human brain's cytoarchitecture,"Amunts K, Mohlberg H, Bludau S, Zilles K",2020,10.1126/science.abb4588,NONE,HISTORICAL_CONFLICT,HISTORICAL_CONFLICT,NGIQ-BR-00000575,LIKELY_CONTAINED_NEEDS_SPATIAL_REVIEW,中,Julich cyto 边界不一定等于宏观脑回边界；仅凭 family 标签不能证明整区含于对应 G1 gyrus，需概率/硬标签空间复核后方可晋升。,CONFLICT_REVIEW,SOURCE_LEVEL_SPATIAL_ONLY,F,NO,LIKELY_CONTAINED_NEEDS_SPATIAL_REVIEW,NONE,
SPATIAL_REVIEW_REQUIRED,NGIQ-BR-00000577,Area Te 2.2 (STG) right,右侧Te 2.2区（颞上回）,G4_MICROSTRUCTURAL_FINE,Julich-Brain,right,NGIQ-BR-00000327,Right Superior Temporal Gyrus,右颞上回,DIRECT_CONTAINED_HIGH_CONFIDENCE,LIKELY_CONTAINED_NEEDS_SPATIAL_REVIEW,颞上回,Julich cyto 边界不一定等于宏观脑回边界；仅凭 family 标签不能证明整区含于对应 G1 gyrus，需概率/硬标签空间复核后方可晋升。,Julich-Brain cytoarchitectonic atlas (Amunts 2020),Julich-Brain: a 3D probabilistic atlas of the human brain's cytoarchitecture,Julich-Brain: a 3D probabilistic atlas of the human brain's cytoarchitecture,"Amunts K, Mohlberg H, Bludau S, Zilles K",2020,10.1126/science.abb4588,"dominant_overlap->Right Superior temporal gyrus, Brainnetome 6_2",NO_HISTORICAL_CONFLICT,NO_HISTORICAL_CONFLICT,NGIQ-BR-00000578,LIKELY_CONTAINED_NEEDS_SPATIAL_REVIEW,中,Julich cyto 边界不一定等于宏观脑回边界；仅凭 family 标签不能证明整区含于对应 G1 gyrus，需概率/硬标签空间复核后方可晋升。,APPROVE_DOMINANT_OVERLAP,LOWER_GRANULARITY_ONLY,F,NO,LIKELY_CONTAINED_NEEDS_SPATIAL_REVIEW,NONE,
HISTORICAL_CONFLICT,NGIQ-BR-00000578,Area Te 2.2 (STG) left,左侧Te 2.2区（颞上回）,G4_MICROSTRUCTURAL_FINE,Julich-Brain,left,NGIQ-BR-00000296,Left Superior Temporal Gyrus,左颞上回,DIRECT_CONTAINED_HIGH_CONFIDENCE,LIKELY_CONTAINED_NEEDS_SPATIAL_REVIEW,颞上回,Julich cyto 边界不一定等于宏观脑回边界；仅凭 family 标签不能证明整区含于对应 G1 gyrus，需概率/硬标签空间复核后方可晋升。,Julich-Brain cytoarchitectonic atlas (Amunts 2020),Julich-Brain: a 3D probabilistic atlas of the human brain's cytoarchitecture,Julich-Brain: a 3D probabilistic atlas of the human brain's cytoarchitecture,"Amunts K, Mohlberg H, Bludau S, Zilles K",2020,10.1126/science.abb4588,NONE,HISTORICAL_CONFLICT,HISTORICAL_CONFLICT,NGIQ-BR-00000577,LIKELY_CONTAINED_NEEDS_SPATIAL_REVIEW,中,Julich cyto 边界不一定等于宏观脑回边界；仅凭 family 标签不能证明整区含于对应 G1 gyrus，需概率/硬标签空间复核后方可晋升。,CONFLICT_REVIEW,SOURCE_LEVEL_SPATIAL_ONLY,F,NO,LIKELY_CONTAINED_NEEDS_SPATIAL_REVIEW,NONE,
SPATIAL_REVIEW_REQUIRED,NGIQ-BR-00000579,Area Te 2.1 (STG) right,右侧Te 2.1区（颞上回）,G4_MICROSTRUCTURAL_FINE,Julich-Brain,right,NGIQ-BR-00000327,Right Superior Temporal Gyrus,右颞上回,DIRECT_CONTAINED_HIGH_CONFIDENCE,LIKELY_CONTAINED_NEEDS_SPATIAL_REVIEW,颞上回,Julich cyto 边界不一定等于宏观脑回边界；仅凭 family 标签不能证明整区含于对应 G1 gyrus，需概率/硬标签空间复核后方可晋升。,Julich-Brain cytoarchitectonic atlas (Amunts 2020),Julich-Brain: a 3D probabilistic atlas of the human brain's cytoarchitecture,Julich-Brain: a 3D probabilistic atlas of the human brain's cytoarchitecture,"Amunts K, Mohlberg H, Bludau S, Zilles K",2020,10.1126/science.abb4588,"partial_overlap->Right Superior temporal gyrus, Brainnetome 6_3; partial_overlap->Right Superior temporal gyrus, Brainnetome 6_2",NO_HISTORICAL_CONFLICT,NO_HISTORICAL_CONFLICT,NGIQ-BR-00000580,LIKELY_CONTAINED_NEEDS_SPATIAL_REVIEW,中,Julich cyto 边界不一定等于宏观脑回边界；仅凭 family 标签不能证明整区含于对应 G1 gyrus，需概率/硬标签空间复核后方可晋升。,PARTIAL_OVERLAP,LOWER_GRANULARITY_ONLY,F,NO,LIKELY_CONTAINED_NEEDS_SPATIAL_REVIEW,NONE,
SPATIAL_REVIEW_REQUIRED,NGIQ-BR-00000580,Area Te 2.1 (STG) left,左侧Te 2.1区（颞上回）,G4_MICROSTRUCTURAL_FINE,Julich-Brain,left,NGIQ-BR-00000296,Left Superior Temporal Gyrus,左颞上回,DIRECT_CONTAINED_HIGH_CONFIDENCE,LIKELY_CONTAINED_NEEDS_SPATIAL_REVIEW,颞上回,Julich cyto 边界不一定等于宏观脑回边界；仅凭 family 标签不能证明整区含于对应 G1 gyrus，需概率/硬标签空间复核后方可晋升。,Julich-Brain cytoarchitectonic atlas (Amunts 2020),Julich-Brain: a 3D probabilistic atlas of the human brain's cytoarchitecture,Julich-Brain: a 3D probabilistic atlas of the human brain's cytoarchitecture,"Amunts K, Mohlberg H, Bludau S, Zilles K",2020,10.1126/science.abb4588,"dominant_overlap->Left Superior temporal gyrus, Brainnetome 6_3",NO_HISTORICAL_CONFLICT,NO_HISTORICAL_CONFLICT,NGIQ-BR-00000579,LIKELY_CONTAINED_NEEDS_SPATIAL_REVIEW,中,Julich cyto 边界不一定等于宏观脑回边界；仅凭 family 标签不能证明整区含于对应 G1 gyrus，需概率/硬标签空间复核后方可晋升。,APPROVE_DOMINANT_OVERLAP,LOWER_GRANULARITY_ONLY,F,NO,LIKELY_CONTAINED_NEEDS_SPATIAL_REVIEW,NONE,
SPATIAL_REVIEW_REQUIRED,NGIQ-BR-00000583,Area Te 1.2 (HESCHL) right,右侧Te 1.2区（颞横回）,G4_MICROSTRUCTURAL_FINE,Julich-Brain,right,NGIQ-BR-00000329,Right Transverse Temporal Gyrus,右颞横回,DIRECT_CONTAINED_HIGH_CONFIDENCE,LIKELY_CONTAINED_NEEDS_SPATIAL_REVIEW,颞横回,Julich cyto 边界不一定等于宏观脑回边界；仅凭 family 标签不能证明整区含于对应 G1 gyrus，需概率/硬标签空间复核后方可晋升。,Julich-Brain cytoarchitectonic atlas (Amunts 2020),Julich-Brain: a 3D probabilistic atlas of the human brain's cytoarchitecture,Julich-Brain: a 3D probabilistic atlas of the human brain's cytoarchitecture,"Amunts K, Mohlberg H, Bludau S, Zilles K",2020,10.1126/science.abb4588,"contained_in->Right Superior temporal gyrus, Brainnetome 6_3",NO_HISTORICAL_CONFLICT,NO_HISTORICAL_CONFLICT,NGIQ-BR-00000584,NOT_IN_218_(already has path or review),中,Julich cyto 边界不一定等于宏观脑回边界；仅凭 family 标签不能证明整区含于对应 G1 gyrus，需概率/硬标签空间复核后方可晋升。,APPROVE_CONTAINED_IN,LOWER_GRANULARITY_ONLY,T,NO,LIKELY_CONTAINED_NEEDS_SPATIAL_REVIEW,NONE,
HISTORICAL_CONFLICT,NGIQ-BR-00000589,Area Ph2 (PhG) right,右侧Ph2区（海马旁回）,G4_MICROSTRUCTURAL_FINE,Julich-Brain,right,NGIQ-BR-00000313,Right Parahippocampal Gyrus,右海马旁回,DIRECT_CONTAINED_HIGH_CONFIDENCE,LIKELY_CONTAINED_NEEDS_SPATIAL_REVIEW,海马旁回,Julich cyto 边界不一定等于宏观脑回边界；仅凭 family 标签不能证明整区含于对应 G1 gyrus，需概率/硬标签空间复核后方可晋升。,Julich-Brain cytoarchitectonic atlas (Amunts 2020),Julich-Brain: a 3D probabilistic atlas of the human brain's cytoarchitecture,Julich-Brain: a 3D probabilistic atlas of the human brain's cytoarchitecture,"Amunts K, Mohlberg H, Bludau S, Zilles K",2020,10.1126/science.abb4588,NONE,HISTORICAL_CONFLICT,HISTORICAL_CONFLICT,NGIQ-BR-00000590,LIKELY_CONTAINED_NEEDS_SPATIAL_REVIEW,中,Julich cyto 边界不一定等于宏观脑回边界；仅凭 family 标签不能证明整区含于对应 G1 gyrus，需概率/硬标签空间复核后方可晋升。,CONFLICT_REVIEW,SOURCE_LEVEL_SPATIAL_ONLY,F,NO,LIKELY_CONTAINED_NEEDS_SPATIAL_REVIEW,NONE,
HISTORICAL_CONFLICT,NGIQ-BR-00000590,Area Ph2 (PhG) left,左侧Ph2区（海马旁回）,G4_MICROSTRUCTURAL_FINE,Julich-Brain,left,NGIQ-BR-00000282,Left Parahippocampal Gyrus,左海马旁回,DIRECT_CONTAINED_HIGH_CONFIDENCE,LIKELY_CONTAINED_NEEDS_SPATIAL_REVIEW,海马旁回,Julich cyto 边界不一定等于宏观脑回边界；仅凭 family 标签不能证明整区含于对应 G1 gyrus，需概率/硬标签空间复核后方可晋升。,Julich-Brain cytoarchitectonic atlas (Amunts 2020),Julich-Brain: a 3D probabilistic atlas of the human brain's cytoarchitecture,Julich-Brain: a 3D probabilistic atlas of the human brain's cytoarchitecture,"Amunts K, Mohlberg H, Bludau S, Zilles K",2020,10.1126/science.abb4588,NONE,HISTORICAL_CONFLICT,HISTORICAL_CONFLICT,NGIQ-BR-00000589,LIKELY_CONTAINED_NEEDS_SPATIAL_REVIEW,中,Julich cyto 边界不一定等于宏观脑回边界；仅凭 family 标签不能证明整区含于对应 G1 gyrus，需概率/硬标签空间复核后方可晋升。,CONFLICT_REVIEW,SOURCE_LEVEL_SPATIAL_ONLY,F,NO,LIKELY_CONTAINED_NEEDS_SPATIAL_REVIEW,NONE,
SPATIAL_REVIEW_REQUIRED,NGIQ-BR-00000595,Area TI (STG) right,右侧TI区（颞上回）,G4_MICROSTRUCTURAL_FINE,Julich-Brain,right,NGIQ-BR-00000327,Right Superior Temporal Gyrus,右颞上回,DIRECT_CONTAINED_HIGH_CONFIDENCE,LIKELY_CONTAINED_NEEDS_SPATIAL_REVIEW,颞上回,Julich cyto 边界不一定等于宏观脑回边界；仅凭 family 标签不能证明整区含于对应 G1 gyrus，需概率/硬标签空间复核后方可晋升。,Julich-Brain cytoarchitectonic atlas (Amunts 2020),Julich-Brain: a 3D probabilistic atlas of the human brain's cytoarchitecture,Julich-Brain: a 3D probabilistic atlas of the human brain's cytoarchitecture,"Amunts K, Mohlberg H, Bludau S, Zilles K",2020,10.1126/science.abb4588,"partial_overlap->Right Superior temporal gyrus, Brainnetome 6_3; partial_overlap->Right Superior temporal gyrus, Brainnetome 6_5",NO_HISTORICAL_CONFLICT,NO_HISTORICAL_CONFLICT,NGIQ-BR-00000596,LIKELY_CONTAINED_NEEDS_SPATIAL_REVIEW,中,Julich cyto 边界不一定等于宏观脑回边界；仅凭 family 标签不能证明整区含于对应 G1 gyrus，需概率/硬标签空间复核后方可晋升。,PARTIAL_OVERLAP,LOWER_GRANULARITY_ONLY,F,NO,LIKELY_CONTAINED_NEEDS_SPATIAL_REVIEW,NONE,
SPATIAL_REVIEW_REQUIRED,NGIQ-BR-00000596,Area TI (STG) left,左侧TI区（颞上回）,G4_MICROSTRUCTURAL_FINE,Julich-Brain,left,NGIQ-BR-00000296,Left Superior Temporal Gyrus,左颞上回,DIRECT_CONTAINED_HIGH_CONFIDENCE,LIKELY_CONTAINED_NEEDS_SPATIAL_REVIEW,颞上回,Julich cyto 边界不一定等于宏观脑回边界；仅凭 family 标签不能证明整区含于对应 G1 gyrus，需概率/硬标签空间复核后方可晋升。,Julich-Brain cytoarchitectonic atlas (Amunts 2020),Julich-Brain: a 3D probabilistic atlas of the human brain's cytoarchitecture,Julich-Brain: a 3D probabilistic atlas of the human brain's cytoarchitecture,"Amunts K, Mohlberg H, Bludau S, Zilles K",2020,10.1126/science.abb4588,"partial_overlap->Left Superior temporal gyrus, Brainnetome 6_3; partial_overlap->Left Superior temporal gyrus, Brainnetome 6_5",NO_HISTORICAL_CONFLICT,NO_HISTORICAL_CONFLICT,NGIQ-BR-00000595,LIKELY_CONTAINED_NEEDS_SPATIAL_REVIEW,中,Julich cyto 边界不一定等于宏观脑回边界；仅凭 family 标签不能证明整区含于对应 G1 gyrus，需概率/硬标签空间复核后方可晋升。,PARTIAL_OVERLAP,LOWER_GRANULARITY_ONLY,F,NO,LIKELY_CONTAINED_NEEDS_SPATIAL_REVIEW,NONE,
SPATIAL_REVIEW_REQUIRED,NGIQ-BR-00000597,Area TeI (STG) right,右侧TeI区（颞上回）,G4_MICROSTRUCTURAL_FINE,Julich-Brain,right,NGIQ-BR-00000327,Right Superior Temporal Gyrus,右颞上回,DIRECT_CONTAINED_HIGH_CONFIDENCE,LIKELY_CONTAINED_NEEDS_SPATIAL_REVIEW,颞上回,Julich cyto 边界不一定等于宏观脑回边界；仅凭 family 标签不能证明整区含于对应 G1 gyrus，需概率/硬标签空间复核后方可晋升。,Julich-Brain cytoarchitectonic atlas (Amunts 2020),Julich-Brain: a 3D probabilistic atlas of the human brain's cytoarchitecture,Julich-Brain: a 3D probabilistic atlas of the human brain's cytoarchitecture,"Amunts K, Mohlberg H, Bludau S, Zilles K",2020,10.1126/science.abb4588,"contained_in->Right Superior temporal gyrus, Brainnetome 6_3",NO_HISTORICAL_CONFLICT,NO_HISTORICAL_CONFLICT,NGIQ-BR-00000598,LIKELY_CONTAINED_NEEDS_SPATIAL_REVIEW,中,Julich cyto 边界不一定等于宏观脑回边界；仅凭 family 标签不能证明整区含于对应 G1 gyrus，需概率/硬标签空间复核后方可晋升。,APPROVE_CONTAINED_IN,LOWER_GRANULARITY_ONLY,T,NO,LIKELY_CONTAINED_NEEDS_SPATIAL_REVIEW,NONE,
SPATIAL_REVIEW_REQUIRED,NGIQ-BR-00000598,Area TeI (STG) left,左侧TeI区（颞上回）,G4_MICROSTRUCTURAL_FINE,Julich-Brain,left,NGIQ-BR-00000296,Left Superior Temporal Gyrus,左颞上回,DIRECT_CONTAINED_HIGH_CONFIDENCE,LIKELY_CONTAINED_NEEDS_SPATIAL_REVIEW,颞上回,Julich cyto 边界不一定等于宏观脑回边界；仅凭 family 标签不能证明整区含于对应 G1 gyrus，需概率/硬标签空间复核后方可晋升。,Julich-Brain cytoarchitectonic atlas (Amunts 2020),Julich-Brain: a 3D probabilistic atlas of the human brain's cytoarchitecture,Julich-Brain: a 3D probabilistic atlas of the human brain's cytoarchitecture,"Amunts K, Mohlberg H, Bludau S, Zilles K",2020,10.1126/science.abb4588,"dominant_overlap->Left Superior temporal gyrus, Brainnetome 6_3",NO_HISTORICAL_CONFLICT,NO_HISTORICAL_CONFLICT,NGIQ-BR-00000597,LIKELY_CONTAINED_NEEDS_SPATIAL_REVIEW,中,Julich cyto 边界不一定等于宏观脑回边界；仅凭 family 标签不能证明整区含于对应 G1 gyrus，需概率/硬标签空间复核后方可晋升。,APPROVE_DOMINANT_OVERLAP,LOWER_GRANULARITY_ONLY,F,NO,LIKELY_CONTAINED_NEEDS_SPATIAL_REVIEW,NONE,
SPATIAL_REVIEW_REQUIRED,NGIQ-BR-00000602,Area FG2 (FusG) left,左侧FG2区（梭状回）,G4_MICROSTRUCTURAL_FINE,Julich-Brain,left,NGIQ-BR-00000273,Left Fusiform Gyrus,左梭状回,DIRECT_CONTAINED_HIGH_CONFIDENCE,LIKELY_CONTAINED_NEEDS_SPATIAL_REVIEW,梭状回,Julich cyto 边界不一定等于宏观脑回边界；仅凭 family 标签不能证明整区含于对应 G1 gyrus，需概率/硬标签空间复核后方可晋升。,Julich-Brain cytoarchitectonic atlas (Amunts 2020),Julich-Brain: a 3D probabilistic atlas of the human brain's cytoarchitecture,Julich-Brain: a 3D probabilistic atlas of the human brain's cytoarchitecture,"Amunts K, Mohlberg H, Bludau S, Zilles K",2020,10.1126/science.abb4588,"partial_overlap->Left Fusiform gyrus, Brainnetome 3_3; partial_overlap->Left Fusiform gyrus, Brainnetome 3_2",NO_HISTORICAL_CONFLICT,NO_HISTORICAL_CONFLICT,NGIQ-BR-00000601,NOT_IN_218_(already has path or review),中,Julich cyto 边界不一定等于宏观脑回边界；仅凭 family 标签不能证明整区含于对应 G1 gyrus，需概率/硬标签空间复核后方可晋升。,PARTIAL_OVERLAP,LOWER_GRANULARITY_ONLY,F,NO,LIKELY_CONTAINED_NEEDS_SPATIAL_REVIEW,NONE,
SPATIAL_REVIEW_REQUIRED,NGIQ-BR-00000603,Area FG3 (FusG) right,右侧FG3区（梭状回）,G4_MICROSTRUCTURAL_FINE,Julich-Brain,right,NGIQ-BR-00000304,Right Fusiform Gyrus,右梭状回,DIRECT_CONTAINED_HIGH_CONFIDENCE,LIKELY_CONTAINED_NEEDS_SPATIAL_REVIEW,梭状回,Julich cyto 边界不一定等于宏观脑回边界；仅凭 family 标签不能证明整区含于对应 G1 gyrus，需概率/硬标签空间复核后方可晋升。,Julich-Brain cytoarchitectonic atlas (Amunts 2020),Julich-Brain: a 3D probabilistic atlas of the human brain's cytoarchitecture,Julich-Brain: a 3D probabilistic atlas of the human brain's cytoarchitecture,"Amunts K, Mohlberg H, Bludau S, Zilles K",2020,10.1126/science.abb4588,"partial_overlap->Right Fusiform gyrus, Brainnetome 3_2; partial_overlap->Right Fusiform gyrus, Brainnetome 3_1",NO_HISTORICAL_CONFLICT,NO_HISTORICAL_CONFLICT,NGIQ-BR-00000604,LIKELY_CONTAINED_NEEDS_SPATIAL_REVIEW,中,Julich cyto 边界不一定等于宏观脑回边界；仅凭 family 标签不能证明整区含于对应 G1 gyrus，需概率/硬标签空间复核后方可晋升。,PARTIAL_OVERLAP,LOWER_GRANULARITY_ONLY,F,NO,LIKELY_CONTAINED_NEEDS_SPATIAL_REVIEW,NONE,
HISTORICAL_CONFLICT,NGIQ-BR-00000604,Area FG3 (FusG) left,左侧FG3区（梭状回）,G4_MICROSTRUCTURAL_FINE,Julich-Brain,left,NGIQ-BR-00000273,Left Fusiform Gyrus,左梭状回,DIRECT_CONTAINED_HIGH_CONFIDENCE,LIKELY_CONTAINED_NEEDS_SPATIAL_REVIEW,梭状回,Julich cyto 边界不一定等于宏观脑回边界；仅凭 family 标签不能证明整区含于对应 G1 gyrus，需概率/硬标签空间复核后方可晋升。,Julich-Brain cytoarchitectonic atlas (Amunts 2020),Julich-Brain: a 3D probabilistic atlas of the human brain's cytoarchitecture,Julich-Brain: a 3D probabilistic atlas of the human brain's cytoarchitecture,"Amunts K, Mohlberg H, Bludau S, Zilles K",2020,10.1126/science.abb4588,"partial_overlap->Left Fusiform gyrus, Brainnetome 3_2; partial_overlap->Left Fusiform gyrus, Brainnetome 3_1; partial_overlap->Left Fusiform gyrus, Brainnetome 3_3",HISTORICAL_CONFLICT,HISTORICAL_CONFLICT,NGIQ-BR-00000603,LIKELY_CONTAINED_NEEDS_SPATIAL_REVIEW,中,Julich cyto 边界不一定等于宏观脑回边界；仅凭 family 标签不能证明整区含于对应 G1 gyrus，需概率/硬标签空间复核后方可晋升。,PARTIAL_OVERLAP,LOWER_GRANULARITY_ONLY,F,NO,LIKELY_CONTAINED_NEEDS_SPATIAL_REVIEW,NONE,
SPATIAL_REVIEW_REQUIRED,NGIQ-BR-00000605,Area FG1 (FusG) right,右侧FG1区（梭状回）,G4_MICROSTRUCTURAL_FINE,Julich-Brain,right,NGIQ-BR-00000304,Right Fusiform Gyrus,右梭状回,DIRECT_CONTAINED_HIGH_CONFIDENCE,LIKELY_CONTAINED_NEEDS_SPATIAL_REVIEW,梭状回,Julich cyto 边界不一定等于宏观脑回边界；仅凭 family 标签不能证明整区含于对应 G1 gyrus，需概率/硬标签空间复核后方可晋升。,Julich-Brain cytoarchitectonic atlas (Amunts 2020),Julich-Brain: a 3D probabilistic atlas of the human brain's cytoarchitecture,Julich-Brain: a 3D probabilistic atlas of the human brain's cytoarchitecture,"Amunts K, Mohlberg H, Bludau S, Zilles K",2020,10.1126/science.abb4588,"dominant_overlap->Right Fusiform gyrus, Brainnetome 3_2",NO_HISTORICAL_CONFLICT,NO_HISTORICAL_CONFLICT,NGIQ-BR-00000606,LIKELY_CONTAINED_NEEDS_SPATIAL_REVIEW,中,Julich cyto 边界不一定等于宏观脑回边界；仅凭 family 标签不能证明整区含于对应 G1 gyrus，需概率/硬标签空间复核后方可晋升。,APPROVE_DOMINANT_OVERLAP,LOWER_GRANULARITY_ONLY,F,NO,LIKELY_CONTAINED_NEEDS_SPATIAL_REVIEW,NONE,
SPATIAL_REVIEW_REQUIRED,NGIQ-BR-00000606,Area FG1 (FusG) left,左侧FG1区（梭状回）,G4_MICROSTRUCTURAL_FINE,Julich-Brain,left,NGIQ-BR-00000273,Left Fusiform Gyrus,左梭状回,DIRECT_CONTAINED_HIGH_CONFIDENCE,LIKELY_CONTAINED_NEEDS_SPATIAL_REVIEW,梭状回,Julich cyto 边界不一定等于宏观脑回边界；仅凭 family 标签不能证明整区含于对应 G1 gyrus，需概率/硬标签空间复核后方可晋升。,Julich-Brain cytoarchitectonic atlas (Amunts 2020),Julich-Brain: a 3D probabilistic atlas of the human brain's cytoarchitecture,Julich-Brain: a 3D probabilistic atlas of the human brain's cytoarchitecture,"Amunts K, Mohlberg H, Bludau S, Zilles K",2020,10.1126/science.abb4588,"dominant_overlap->Left Fusiform gyrus, Brainnetome 3_2",NO_HISTORICAL_CONFLICT,NO_HISTORICAL_CONFLICT,NGIQ-BR-00000605,LIKELY_CONTAINED_NEEDS_SPATIAL_REVIEW,中,Julich cyto 边界不一定等于宏观脑回边界；仅凭 family 标签不能证明整区含于对应 G1 gyrus，需概率/硬标签空间复核后方可晋升。,APPROVE_DOMINANT_OVERLAP,LOWER_GRANULARITY_ONLY,F,NO,LIKELY_CONTAINED_NEEDS_SPATIAL_REVIEW,NONE,
SPATIAL_REVIEW_REQUIRED,NGIQ-BR-00000607,Area FG4 (FusG) right,右侧FG4区（梭状回）,G4_MICROSTRUCTURAL_FINE,Julich-Brain,right,NGIQ-BR-00000304,Right Fusiform Gyrus,右梭状回,DIRECT_CONTAINED_HIGH_CONFIDENCE,LIKELY_CONTAINED_NEEDS_SPATIAL_REVIEW,梭状回,Julich cyto 边界不一定等于宏观脑回边界；仅凭 family 标签不能证明整区含于对应 G1 gyrus，需概率/硬标签空间复核后方可晋升。,Julich-Brain cytoarchitectonic atlas (Amunts 2020),Julich-Brain: a 3D probabilistic atlas of the human brain's cytoarchitecture,Julich-Brain: a 3D probabilistic atlas of the human brain's cytoarchitecture,"Amunts K, Mohlberg H, Bludau S, Zilles K",2020,10.1126/science.abb4588,"dominant_overlap->Right Fusiform gyrus, Brainnetome 3_3",NO_HISTORICAL_CONFLICT,NO_HISTORICAL_CONFLICT,NGIQ-BR-00000608,LIKELY_CONTAINED_NEEDS_SPATIAL_REVIEW,中,Julich cyto 边界不一定等于宏观脑回边界；仅凭 family 标签不能证明整区含于对应 G1 gyrus，需概率/硬标签空间复核后方可晋升。,APPROVE_DOMINANT_OVERLAP,LOWER_GRANULARITY_ONLY,F,NO,LIKELY_CONTAINED_NEEDS_SPATIAL_REVIEW,NONE,
SPATIAL_REVIEW_REQUIRED,NGIQ-BR-00000608,Area FG4 (FusG) left,左侧FG4区（梭状回）,G4_MICROSTRUCTURAL_FINE,Julich-Brain,left,NGIQ-BR-00000273,Left Fusiform Gyrus,左梭状回,DIRECT_CONTAINED_HIGH_CONFIDENCE,LIKELY_CONTAINED_NEEDS_SPATIAL_REVIEW,梭状回,Julich cyto 边界不一定等于宏观脑回边界；仅凭 family 标签不能证明整区含于对应 G1 gyrus，需概率/硬标签空间复核后方可晋升。,Julich-Brain cytoarchitectonic atlas (Amunts 2020),Julich-Brain: a 3D probabilistic atlas of the human brain's cytoarchitecture,Julich-Brain: a 3D probabilistic atlas of the human brain's cytoarchitecture,"Amunts K, Mohlberg H, Bludau S, Zilles K",2020,10.1126/science.abb4588,"dominant_overlap->Left Fusiform gyrus, Brainnetome 3_3",NO_HISTORICAL_CONFLICT,NO_HISTORICAL_CONFLICT,NGIQ-BR-00000607,LIKELY_CONTAINED_NEEDS_SPATIAL_REVIEW,中,Julich cyto 边界不一定等于宏观脑回边界；仅凭 family 标签不能证明整区含于对应 G1 gyrus，需概率/硬标签空间复核后方可晋升。,APPROVE_DOMINANT_OVERLAP,LOWER_GRANULARITY_ONLY,F,NO,LIKELY_CONTAINED_NEEDS_SPATIAL_REVIEW,NONE,
HISTORICAL_CONFLICT,NGIQ-BR-00000619,Area hOc3d (Cuneus) right,右侧hOc3d区（楔叶）,G4_MICROSTRUCTURAL_FINE,Julich-Brain,right,NGIQ-BR-00000302,Right Cuneus,右楔叶,DIRECT_CONTAINED_HIGH_CONFIDENCE,LIKELY_CONTAINED_NEEDS_SPATIAL_REVIEW,楔叶,hOc3d(V3d) 位于枕叶，是否整区含于 G1 'Cuneus' 或伸入 lateral occipital 需空间确认。,Julich-Brain cytoarchitectonic atlas (Amunts 2020),Julich-Brain: a 3D probabilistic atlas of the human brain's cytoarchitecture,Julich-Brain: a 3D probabilistic atlas of the human brain's cytoarchitecture,"Amunts K, Mohlberg H, Bludau S, Zilles K",2020,10.1126/science.abb4588,NONE,HISTORICAL_CONFLICT,HISTORICAL_CONFLICT,NGIQ-BR-00000620,NOT_IN_218_(already has path or review),中,hOc3d(V3d) 位于枕叶，是否整区含于 G1 'Cuneus' 或伸入 lateral occipital 需空间确认。,CONFLICT_REVIEW,SOURCE_LEVEL_SPATIAL_ONLY,F,NO,LIKELY_CONTAINED_NEEDS_SPATIAL_REVIEW,NONE,
SPATIAL_REVIEW_REQUIRED,NGIQ-BR-00000625,Area hOc4lp (LOC) right,右侧hOc4lp区（外侧枕叶皮质）,G4_MICROSTRUCTURAL_FINE,Julich-Brain,right,NGIQ-BR-00000308,Right Lateral Occipital Cortex,右外侧枕叶皮质,DIRECT_CONTAINED_HIGH_CONFIDENCE,LIKELY_CONTAINED_NEEDS_SPATIAL_REVIEW,外侧枕叶皮质,Julich cyto 边界不一定等于宏观脑回边界；仅凭 family 标签不能证明整区含于对应 G1 gyrus，需概率/硬标签空间复核后方可晋升。,Julich-Brain cytoarchitectonic atlas (Amunts 2020),Julich-Brain: a 3D probabilistic atlas of the human brain's cytoarchitecture,Julich-Brain: a 3D probabilistic atlas of the human brain's cytoarchitecture,"Amunts K, Mohlberg H, Bludau S, Zilles K",2020,10.1126/science.abb4588,"dominant_overlap->Right Lateral occipital cortex, Brainnetome 4_1",NO_HISTORICAL_CONFLICT,NO_HISTORICAL_CONFLICT,NGIQ-BR-00000626,LIKELY_CONTAINED_NEEDS_SPATIAL_REVIEW,中,Julich cyto 边界不一定等于宏观脑回边界；仅凭 family 标签不能证明整区含于对应 G1 gyrus，需概率/硬标签空间复核后方可晋升。,APPROVE_DOMINANT_OVERLAP,LOWER_GRANULARITY_ONLY,F,NO,LIKELY_CONTAINED_NEEDS_SPATIAL_REVIEW,NONE,
SPATIAL_REVIEW_REQUIRED,NGIQ-BR-00000626,Area hOc4lp (LOC) left,左侧hOc4lp区（外侧枕叶皮质）,G4_MICROSTRUCTURAL_FINE,Julich-Brain,left,NGIQ-BR-00000277,Left Lateral Occipital Cortex,左外侧枕叶皮质,DIRECT_CONTAINED_HIGH_CONFIDENCE,LIKELY_CONTAINED_NEEDS_SPATIAL_REVIEW,外侧枕叶皮质,Julich cyto 边界不一定等于宏观脑回边界；仅凭 family 标签不能证明整区含于对应 G1 gyrus，需概率/硬标签空间复核后方可晋升。,Julich-Brain cytoarchitectonic atlas (Amunts 2020),Julich-Brain: a 3D probabilistic atlas of the human brain's cytoarchitecture,Julich-Brain: a 3D probabilistic atlas of the human brain's cytoarchitecture,"Amunts K, Mohlberg H, Bludau S, Zilles K",2020,10.1126/science.abb4588,"dominant_overlap->Left Lateral occipital cortex, Brainnetome 4_1",NO_HISTORICAL_CONFLICT,NO_HISTORICAL_CONFLICT,NGIQ-BR-00000625,LIKELY_CONTAINED_NEEDS_SPATIAL_REVIEW,中,Julich cyto 边界不一定等于宏观脑回边界；仅凭 family 标签不能证明整区含于对应 G1 gyrus，需概率/硬标签空间复核后方可晋升。,APPROVE_DOMINANT_OVERLAP,LOWER_GRANULARITY_ONLY,F,NO,LIKELY_CONTAINED_NEEDS_SPATIAL_REVIEW,NONE,
SPATIAL_REVIEW_REQUIRED,NGIQ-BR-00000627,Area hOc5 (LOC) right,右侧hOc5区（外侧枕叶皮质）,G4_MICROSTRUCTURAL_FINE,Julich-Brain,right,NGIQ-BR-00000308,Right Lateral Occipital Cortex,右外侧枕叶皮质,DIRECT_CONTAINED_HIGH_CONFIDENCE,LIKELY_CONTAINED_NEEDS_SPATIAL_REVIEW,外侧枕叶皮质,Julich cyto 边界不一定等于宏观脑回边界；仅凭 family 标签不能证明整区含于对应 G1 gyrus，需概率/硬标签空间复核后方可晋升。,Julich-Brain cytoarchitectonic atlas (Amunts 2020),Julich-Brain: a 3D probabilistic atlas of the human brain's cytoarchitecture,Julich-Brain: a 3D probabilistic atlas of the human brain's cytoarchitecture,"Amunts K, Mohlberg H, Bludau S, Zilles K",2020,10.1126/science.abb4588,"dominant_overlap->Right Lateral occipital cortex, Brainnetome 4_2",NO_HISTORICAL_CONFLICT,NO_HISTORICAL_CONFLICT,NGIQ-BR-00000628,NOT_IN_218_(already has path or review),中,Julich cyto 边界不一定等于宏观脑回边界；仅凭 family 标签不能证明整区含于对应 G1 gyrus，需概率/硬标签空间复核后方可晋升。,APPROVE_DOMINANT_OVERLAP,LOWER_GRANULARITY_ONLY,F,NO,LIKELY_CONTAINED_NEEDS_SPATIAL_REVIEW,NONE,
SPATIAL_REVIEW_REQUIRED,NGIQ-BR-00000629,Area hOc4la (LOC) right,右侧hOc4la区（外侧枕叶皮质）,G4_MICROSTRUCTURAL_FINE,Julich-Brain,right,NGIQ-BR-00000308,Right Lateral Occipital Cortex,右外侧枕叶皮质,DIRECT_CONTAINED_HIGH_CONFIDENCE,LIKELY_CONTAINED_NEEDS_SPATIAL_REVIEW,外侧枕叶皮质,Julich cyto 边界不一定等于宏观脑回边界；仅凭 family 标签不能证明整区含于对应 G1 gyrus，需概率/硬标签空间复核后方可晋升。,Julich-Brain cytoarchitectonic atlas (Amunts 2020),Julich-Brain: a 3D probabilistic atlas of the human brain's cytoarchitecture,Julich-Brain: a 3D probabilistic atlas of the human brain's cytoarchitecture,"Amunts K, Mohlberg H, Bludau S, Zilles K",2020,10.1126/science.abb4588,"dominant_overlap->Right Lateral occipital cortex, Brainnetome 4_2",NO_HISTORICAL_CONFLICT,NO_HISTORICAL_CONFLICT,NGIQ-BR-00000630,LIKELY_CONTAINED_NEEDS_SPATIAL_REVIEW,中,Julich cyto 边界不一定等于宏观脑回边界；仅凭 family 标签不能证明整区含于对应 G1 gyrus，需概率/硬标签空间复核后方可晋升。,APPROVE_DOMINANT_OVERLAP,LOWER_GRANULARITY_ONLY,F,NO,LIKELY_CONTAINED_NEEDS_SPATIAL_REVIEW,NONE,
SPATIAL_REVIEW_REQUIRED,NGIQ-BR-00000630,Area hOc4la (LOC) left,左侧hOc4la区（外侧枕叶皮质）,G4_MICROSTRUCTURAL_FINE,Julich-Brain,left,NGIQ-BR-00000277,Left Lateral Occipital Cortex,左外侧枕叶皮质,DIRECT_CONTAINED_HIGH_CONFIDENCE,LIKELY_CONTAINED_NEEDS_SPATIAL_REVIEW,外侧枕叶皮质,Julich cyto 边界不一定等于宏观脑回边界；仅凭 family 标签不能证明整区含于对应 G1 gyrus，需概率/硬标签空间复核后方可晋升。,Julich-Brain cytoarchitectonic atlas (Amunts 2020),Julich-Brain: a 3D probabilistic atlas of the human brain's cytoarchitecture,Julich-Brain: a 3D probabilistic atlas of the human brain's cytoarchitecture,"Amunts K, Mohlberg H, Bludau S, Zilles K",2020,10.1126/science.abb4588,"partial_overlap->Left Lateral occipital cortex, Brainnetome 4_2; partial_overlap->Left Lateral occipital cortex, Brainnetome 4_4",NO_HISTORICAL_CONFLICT,NO_HISTORICAL_CONFLICT,NGIQ-BR-00000629,LIKELY_CONTAINED_NEEDS_SPATIAL_REVIEW,中,Julich cyto 边界不一定等于宏观脑回边界；仅凭 family 标签不能证明整区含于对应 G1 gyrus，需概率/硬标签空间复核后方可晋升。,PARTIAL_OVERLAP,LOWER_GRANULARITY_ONLY,F,NO,LIKELY_CONTAINED_NEEDS_SPATIAL_REVIEW,NONE,
SPATIAL_REVIEW_REQUIRED,NGIQ-BR-00000663,HATA (Hippocampus) right,右侧HATA（海马）,G4_MICROSTRUCTURAL_FINE,Julich-Brain,right,NGIQ-BR-00000260,Right Hippocampus,右海马,DIRECT_CONTAINED_HIGH_CONFIDENCE,ONTOLOGY_DEFINITION_DEPENDENT,海马,HATA 为海马-杏仁核过渡区；是否含于 G1 'Hippocampus' 取决于 G1 定义（hippocampus proper vs FreeSurfer broader formation），标注为定义依赖。,Julich-Brain cytoarchitectonic atlas (Amunts 2020),The Hippocampus Book - Hippocampal neuroanatomy (Amaral & Lavenex),The Hippocampus Book - Hippocampal neuroanatomy (Amaral & Lavenex),"Andersen P, Morris R, Amaral D, Bliss T, O'Keefe J (eds)",2007,10.1093/acprof:oso/9780195100273.003.0003,"dominant_overlap->Right Hippocampus, Brainnetome 2_1",NO_HISTORICAL_CONFLICT,NO_HISTORICAL_CONFLICT,NGIQ-BR-00000664,NOT_IN_218_(already has path or review),低,HATA 为海马-杏仁核过渡区；是否含于 G1 'Hippocampus' 取决于 G1 定义（hippocampus proper vs FreeSurfer broader formation），标注为定义依赖。,APPROVE_DOMINANT_OVERLAP,LOWER_GRANULARITY_ONLY,F,NO,ONTOLOGY_DEFINITION_DEPENDENT,NONE,
HISTORICAL_CONFLICT,NGIQ-BR-00000665,CA3 (Hippocampus) right,右侧CA3（海马）,G4_MICROSTRUCTURAL_FINE,Julich-Brain,right,NGIQ-BR-00000260,Right Hippocampus,右海马,DIRECT_CONTAINED_HIGH_CONFIDENCE,VERIFIED_DIRECT_CONTAINED,海马,CA/DG 为 hippocampus proper 内部亚区，含于 G1 'Hippocampus'（FS 定义含海马体+齿状回）。,Julich-Brain cytoarchitectonic atlas (Amunts 2020),Whole brain segmentation: automated labeling of neuroanatomical structures in the human brain (FreeSurfer aseg),Whole brain segmentation: automated labeling of neuroanatomical structures in the human brain (FreeSurfer aseg),"Fischl B, Salat DH, Busa E, et al.",2002,10.1016/S0896-6273(02)00569-X,"partial_overlap->Right Hippocampus, Brainnetome 2_2; partial_overlap->Right Hippocampus, Brainnetome 2_1",HISTORICAL_CONFLICT,HISTORICAL_CONFLICT,NGIQ-BR-00000666,VERIFIED_DIRECT_CONTAINED,高,CA/DG 为 hippocampus proper 内部亚区，含于 G1 'Hippocampus'（FS 定义含海马体+齿状回）。,PARTIAL_OVERLAP,LOWER_GRANULARITY_ONLY,F,NO,VERIFIED_DIRECT_CONTAINED,NONE,
HISTORICAL_CONFLICT,NGIQ-BR-00000666,CA3 (Hippocampus) left,左侧CA3（海马）,G4_MICROSTRUCTURAL_FINE,Julich-Brain,left,NGIQ-BR-00000252,Left Hippocampus,左海马,DIRECT_CONTAINED_HIGH_CONFIDENCE,VERIFIED_DIRECT_CONTAINED,海马,CA/DG 为 hippocampus proper 内部亚区，含于 G1 'Hippocampus'（FS 定义含海马体+齿状回）。,Julich-Brain cytoarchitectonic atlas (Amunts 2020),Whole brain segmentation: automated labeling of neuroanatomical structures in the human brain (FreeSurfer aseg),Whole brain segmentation: automated labeling of neuroanatomical structures in the human brain (FreeSurfer aseg),"Fischl B, Salat DH, Busa E, et al.",2002,10.1016/S0896-6273(02)00569-X,"partial_overlap->Left Hippocampus, Brainnetome 2_2; partial_overlap->Left Hippocampus, Brainnetome 2_1",HISTORICAL_CONFLICT,HISTORICAL_CONFLICT,NGIQ-BR-00000665,VERIFIED_DIRECT_CONTAINED,高,CA/DG 为 hippocampus proper 内部亚区，含于 G1 'Hippocampus'（FS 定义含海马体+齿状回）。,PARTIAL_OVERLAP,LOWER_GRANULARITY_ONLY,F,NO,VERIFIED_DIRECT_CONTAINED,NONE,
HISTORICAL_CONFLICT,NGIQ-BR-00000667,"TrS (Hippocampus, Transsubiculum) right",右侧TrS（海马，下托过渡区）,G4_MICROSTRUCTURAL_FINE,Julich-Brain,right,NGIQ-BR-00000260,Right Hippocampus,右海马,DIRECT_CONTAINED_HIGH_CONFIDENCE,ONTOLOGY_DEFINITION_DEPENDENT,海马,subicular 系是否可作为 G1 'Hippocampus' 的 child 取决于其 ontologoical 定义（FS aseg hippocampus 覆盖范围），定义依赖。,Julich-Brain cytoarchitectonic atlas (Amunts 2020),The Hippocampus Book - Hippocampal neuroanatomy (Amaral & Lavenex),The Hippocampus Book - Hippocampal neuroanatomy (Amaral & Lavenex),"Andersen P, Morris R, Amaral D, Bliss T, O'Keefe J (eds)",2007,10.1093/acprof:oso/9780195100273.003.0003,NONE,HISTORICAL_CONFLICT,HISTORICAL_CONFLICT,NGIQ-BR-00000668,ONTOLOGY_DEFINITION_DEPENDENT,低,subicular 系是否可作为 G1 'Hippocampus' 的 child 取决于其 ontologoical 定义（FS aseg hippocampus 覆盖范围），定义依赖。,CONFLICT_REVIEW,SOURCE_LEVEL_SPATIAL_ONLY,F,NO,ONTOLOGY_DEFINITION_DEPENDENT,NONE,
HISTORICAL_CONFLICT,NGIQ-BR-00000668,"TrS (Hippocampus, Transsubiculum) left",左侧TrS（海马，下托过渡区）,G4_MICROSTRUCTURAL_FINE,Julich-Brain,left,NGIQ-BR-00000252,Left Hippocampus,左海马,DIRECT_CONTAINED_HIGH_CONFIDENCE,ONTOLOGY_DEFINITION_DEPENDENT,海马,subicular 系是否可作为 G1 'Hippocampus' 的 child 取决于其 ontologoical 定义（FS aseg hippocampus 覆盖范围），定义依赖。,Julich-Brain cytoarchitectonic atlas (Amunts 2020),The Hippocampus Book - Hippocampal neuroanatomy (Amaral & Lavenex),The Hippocampus Book - Hippocampal neuroanatomy (Amaral & Lavenex),"Andersen P, Morris R, Amaral D, Bliss T, O'Keefe J (eds)",2007,10.1093/acprof:oso/9780195100273.003.0003,NONE,HISTORICAL_CONFLICT,HISTORICAL_CONFLICT,NGIQ-BR-00000667,ONTOLOGY_DEFINITION_DEPENDENT,低,subicular 系是否可作为 G1 'Hippocampus' 的 child 取决于其 ontologoical 定义（FS aseg hippocampus 覆盖范围），定义依赖。,CONFLICT_REVIEW,SOURCE_LEVEL_SPATIAL_ONLY,F,NO,ONTOLOGY_DEFINITION_DEPENDENT,NONE,
HISTORICAL_CONFLICT,NGIQ-BR-00000669,"Subc.PaS (Hippocampus, Parasubiculum) right",右侧Subc.PaS（海马，旁下托）,G4_MICROSTRUCTURAL_FINE,Julich-Brain,right,NGIQ-BR-00000260,Right Hippocampus,右海马,DIRECT_CONTAINED_HIGH_CONFIDENCE,ONTOLOGY_DEFINITION_DEPENDENT,海马,subicular 系是否可作为 G1 'Hippocampus' 的 child 取决于其 ontologoical 定义（FS aseg hippocampus 覆盖范围），定义依赖。,Julich-Brain cytoarchitectonic atlas (Amunts 2020),The Hippocampus Book - Hippocampal neuroanatomy (Amaral & Lavenex),The Hippocampus Book - Hippocampal neuroanatomy (Amaral & Lavenex),"Andersen P, Morris R, Amaral D, Bliss T, O'Keefe J (eds)",2007,10.1093/acprof:oso/9780195100273.003.0003,NONE,HISTORICAL_CONFLICT,HISTORICAL_CONFLICT,NGIQ-BR-00000673,ONTOLOGY_DEFINITION_DEPENDENT,低,subicular 系是否可作为 G1 'Hippocampus' 的 child 取决于其 ontologoical 定义（FS aseg hippocampus 覆盖范围），定义依赖。,SHARED_SPATIAL_EVIDENCE_ONLY,SOURCE_LEVEL_SPATIAL_ONLY,F,NO,ONTOLOGY_DEFINITION_DEPENDENT,NONE,
HISTORICAL_CONFLICT,NGIQ-BR-00000670,"Subc.PreS (Hippocampus, Presubiculum) right",右侧Subc.PreS（海马，前下托）,G4_MICROSTRUCTURAL_FINE,Julich-Brain,right,NGIQ-BR-00000260,Right Hippocampus,右海马,DIRECT_CONTAINED_HIGH_CONFIDENCE,ONTOLOGY_DEFINITION_DEPENDENT,海马,subicular 系是否可作为 G1 'Hippocampus' 的 child 取决于其 ontologoical 定义（FS aseg hippocampus 覆盖范围），定义依赖。,Julich-Brain cytoarchitectonic atlas (Amunts 2020),The Hippocampus Book - Hippocampal neuroanatomy (Amaral & Lavenex),The Hippocampus Book - Hippocampal neuroanatomy (Amaral & Lavenex),"Andersen P, Morris R, Amaral D, Bliss T, O'Keefe J (eds)",2007,10.1093/acprof:oso/9780195100273.003.0003,NONE,HISTORICAL_CONFLICT,HISTORICAL_CONFLICT,NGIQ-BR-00000674,ONTOLOGY_DEFINITION_DEPENDENT,低,subicular 系是否可作为 G1 'Hippocampus' 的 child 取决于其 ontologoical 定义（FS aseg hippocampus 覆盖范围），定义依赖。,SHARED_SPATIAL_EVIDENCE_ONLY,SOURCE_LEVEL_SPATIAL_ONLY,F,NO,ONTOLOGY_DEFINITION_DEPENDENT,NONE,
HISTORICAL_CONFLICT,NGIQ-BR-00000671,"Subc.ProS (Hippocampus, Prosubiculum) right",右侧Subc.ProS（海马，原下托）,G4_MICROSTRUCTURAL_FINE,Julich-Brain,right,NGIQ-BR-00000260,Right Hippocampus,右海马,DIRECT_CONTAINED_HIGH_CONFIDENCE,ONTOLOGY_DEFINITION_DEPENDENT,海马,subicular 系是否可作为 G1 'Hippocampus' 的 child 取决于其 ontologoical 定义（FS aseg hippocampus 覆盖范围），定义依赖。,Julich-Brain cytoarchitectonic atlas (Amunts 2020),The Hippocampus Book - Hippocampal neuroanatomy (Amaral & Lavenex),The Hippocampus Book - Hippocampal neuroanatomy (Amaral & Lavenex),"Andersen P, Morris R, Amaral D, Bliss T, O'Keefe J (eds)",2007,10.1093/acprof:oso/9780195100273.003.0003,NONE,HISTORICAL_CONFLICT,HISTORICAL_CONFLICT,NGIQ-BR-00000675,ONTOLOGY_DEFINITION_DEPENDENT,低,subicular 系是否可作为 G1 'Hippocampus' 的 child 取决于其 ontologoical 定义（FS aseg hippocampus 覆盖范围），定义依赖。,SHARED_SPATIAL_EVIDENCE_ONLY,SOURCE_LEVEL_SPATIAL_ONLY,F,NO,ONTOLOGY_DEFINITION_DEPENDENT,NONE,
HISTORICAL_CONFLICT,NGIQ-BR-00000672,"Subc.Sub (Hippocampus, Subiculum) right",右侧Subc.Sub（海马，下托）,G4_MICROSTRUCTURAL_FINE,Julich-Brain,right,NGIQ-BR-00000260,Right Hippocampus,右海马,DIRECT_CONTAINED_HIGH_CONFIDENCE,ONTOLOGY_DEFINITION_DEPENDENT,海马,subicular 系是否可作为 G1 'Hippocampus' 的 child 取决于其 ontologoical 定义（FS aseg hippocampus 覆盖范围），定义依赖。,Julich-Brain cytoarchitectonic atlas (Amunts 2020),The Hippocampus Book - Hippocampal neuroanatomy (Amaral & Lavenex),The Hippocampus Book - Hippocampal neuroanatomy (Amaral & Lavenex),"Andersen P, Morris R, Amaral D, Bliss T, O'Keefe J (eds)",2007,10.1093/acprof:oso/9780195100273.003.0003,NONE,HISTORICAL_CONFLICT,HISTORICAL_CONFLICT,NGIQ-BR-00000676,ONTOLOGY_DEFINITION_DEPENDENT,低,subicular 系是否可作为 G1 'Hippocampus' 的 child 取决于其 ontologoical 定义（FS aseg hippocampus 覆盖范围），定义依赖。,SHARED_SPATIAL_EVIDENCE_ONLY,SOURCE_LEVEL_SPATIAL_ONLY,F,NO,ONTOLOGY_DEFINITION_DEPENDENT,NONE,
HISTORICAL_CONFLICT,NGIQ-BR-00000673,"Subc.PaS (Hippocampus, Parasubiculum) left",左侧Subc.PaS（海马，旁下托）,G4_MICROSTRUCTURAL_FINE,Julich-Brain,left,NGIQ-BR-00000252,Left Hippocampus,左海马,DIRECT_CONTAINED_HIGH_CONFIDENCE,ONTOLOGY_DEFINITION_DEPENDENT,海马,subicular 系是否可作为 G1 'Hippocampus' 的 child 取决于其 ontologoical 定义（FS aseg hippocampus 覆盖范围），定义依赖。,Julich-Brain cytoarchitectonic atlas (Amunts 2020),The Hippocampus Book - Hippocampal neuroanatomy (Amaral & Lavenex),The Hippocampus Book - Hippocampal neuroanatomy (Amaral & Lavenex),"Andersen P, Morris R, Amaral D, Bliss T, O'Keefe J (eds)",2007,10.1093/acprof:oso/9780195100273.003.0003,NONE,HISTORICAL_CONFLICT,HISTORICAL_CONFLICT,NGIQ-BR-00000669,ONTOLOGY_DEFINITION_DEPENDENT,低,subicular 系是否可作为 G1 'Hippocampus' 的 child 取决于其 ontologoical 定义（FS aseg hippocampus 覆盖范围），定义依赖。,SHARED_SPATIAL_EVIDENCE_ONLY,SOURCE_LEVEL_SPATIAL_ONLY,F,NO,ONTOLOGY_DEFINITION_DEPENDENT,NONE,
HISTORICAL_CONFLICT,NGIQ-BR-00000674,"Subc.PreS (Hippocampus, Presubiculum) left",左侧Subc.PreS（海马，前下托）,G4_MICROSTRUCTURAL_FINE,Julich-Brain,left,NGIQ-BR-00000252,Left Hippocampus,左海马,DIRECT_CONTAINED_HIGH_CONFIDENCE,ONTOLOGY_DEFINITION_DEPENDENT,海马,subicular 系是否可作为 G1 'Hippocampus' 的 child 取决于其 ontologoical 定义（FS aseg hippocampus 覆盖范围），定义依赖。,Julich-Brain cytoarchitectonic atlas (Amunts 2020),The Hippocampus Book - Hippocampal neuroanatomy (Amaral & Lavenex),The Hippocampus Book - Hippocampal neuroanatomy (Amaral & Lavenex),"Andersen P, Morris R, Amaral D, Bliss T, O'Keefe J (eds)",2007,10.1093/acprof:oso/9780195100273.003.0003,NONE,HISTORICAL_CONFLICT,HISTORICAL_CONFLICT,NGIQ-BR-00000670,ONTOLOGY_DEFINITION_DEPENDENT,低,subicular 系是否可作为 G1 'Hippocampus' 的 child 取决于其 ontologoical 定义（FS aseg hippocampus 覆盖范围），定义依赖。,SHARED_SPATIAL_EVIDENCE_ONLY,SOURCE_LEVEL_SPATIAL_ONLY,F,NO,ONTOLOGY_DEFINITION_DEPENDENT,NONE,
HISTORICAL_CONFLICT,NGIQ-BR-00000675,"Subc.ProS (Hippocampus, Prosubiculum) left",左侧Subc.ProS（海马，原下托）,G4_MICROSTRUCTURAL_FINE,Julich-Brain,left,NGIQ-BR-00000252,Left Hippocampus,左海马,DIRECT_CONTAINED_HIGH_CONFIDENCE,ONTOLOGY_DEFINITION_DEPENDENT,海马,subicular 系是否可作为 G1 'Hippocampus' 的 child 取决于其 ontologoical 定义（FS aseg hippocampus 覆盖范围），定义依赖。,Julich-Brain cytoarchitectonic atlas (Amunts 2020),The Hippocampus Book - Hippocampal neuroanatomy (Amaral & Lavenex),The Hippocampus Book - Hippocampal neuroanatomy (Amaral & Lavenex),"Andersen P, Morris R, Amaral D, Bliss T, O'Keefe J (eds)",2007,10.1093/acprof:oso/9780195100273.003.0003,NONE,HISTORICAL_CONFLICT,HISTORICAL_CONFLICT,NGIQ-BR-00000671,ONTOLOGY_DEFINITION_DEPENDENT,低,subicular 系是否可作为 G1 'Hippocampus' 的 child 取决于其 ontologoical 定义（FS aseg hippocampus 覆盖范围），定义依赖。,SHARED_SPATIAL_EVIDENCE_ONLY,SOURCE_LEVEL_SPATIAL_ONLY,F,NO,ONTOLOGY_DEFINITION_DEPENDENT,NONE,
HISTORICAL_CONFLICT,NGIQ-BR-00000676,"Subc.Sub (Hippocampus, Subiculum) left",左侧Subc.Sub（海马，下托）,G4_MICROSTRUCTURAL_FINE,Julich-Brain,left,NGIQ-BR-00000252,Left Hippocampus,左海马,DIRECT_CONTAINED_HIGH_CONFIDENCE,ONTOLOGY_DEFINITION_DEPENDENT,海马,subicular 系是否可作为 G1 'Hippocampus' 的 child 取决于其 ontologoical 定义（FS aseg hippocampus 覆盖范围），定义依赖。,Julich-Brain cytoarchitectonic atlas (Amunts 2020),The Hippocampus Book - Hippocampal neuroanatomy (Amaral & Lavenex),The Hippocampus Book - Hippocampal neuroanatomy (Amaral & Lavenex),"Andersen P, Morris R, Amaral D, Bliss T, O'Keefe J (eds)",2007,10.1093/acprof:oso/9780195100273.003.0003,NONE,HISTORICAL_CONFLICT,HISTORICAL_CONFLICT,NGIQ-BR-00000672,ONTOLOGY_DEFINITION_DEPENDENT,低,subicular 系是否可作为 G1 'Hippocampus' 的 child 取决于其 ontologoical 定义（FS aseg hippocampus 覆盖范围），定义依赖。,SHARED_SPATIAL_EVIDENCE_ONLY,SOURCE_LEVEL_SPATIAL_ONLY,F,NO,ONTOLOGY_DEFINITION_DEPENDENT,NONE,
SPATIAL_COMPATIBLE,NGIQ-BR-00000677,DG (Hippocampus) right,右侧DG（海马）,G4_MICROSTRUCTURAL_FINE,Julich-Brain,right,NGIQ-BR-00000260,Right Hippocampus,右海马,DIRECT_CONTAINED_HIGH_CONFIDENCE,VERIFIED_DIRECT_CONTAINED,海马,CA/DG 为 hippocampus proper 内部亚区，含于 G1 'Hippocampus'（FS 定义含海马体+齿状回）。,Julich-Brain cytoarchitectonic atlas (Amunts 2020),Whole brain segmentation: automated labeling of neuroanatomical structures in the human brain (FreeSurfer aseg),Whole brain segmentation: automated labeling of neuroanatomical structures in the human brain (FreeSurfer aseg),"Fischl B, Salat DH, Busa E, et al.",2002,10.1016/S0896-6273(02)00569-X,"dominant_overlap->Right Hippocampus, Brainnetome 2_2",NO_HISTORICAL_CONFLICT,NO_HISTORICAL_CONFLICT,NGIQ-BR-00000678,VERIFIED_DIRECT_CONTAINED,高,CA/DG 为 hippocampus proper 内部亚区，含于 G1 'Hippocampus'（FS 定义含海马体+齿状回）。,APPROVE_DOMINANT_OVERLAP,LOWER_GRANULARITY_ONLY,F,NO,VERIFIED_DIRECT_CONTAINED,NONE,
SPATIAL_COMPATIBLE,NGIQ-BR-00000678,DG (Hippocampus) left,左侧DG（海马）,G4_MICROSTRUCTURAL_FINE,Julich-Brain,left,NGIQ-BR-00000252,Left Hippocampus,左海马,DIRECT_CONTAINED_HIGH_CONFIDENCE,VERIFIED_DIRECT_CONTAINED,海马,CA/DG 为 hippocampus proper 内部亚区，含于 G1 'Hippocampus'（FS 定义含海马体+齿状回）。,Julich-Brain cytoarchitectonic atlas (Amunts 2020),Whole brain segmentation: automated labeling of neuroanatomical structures in the human brain (FreeSurfer aseg),Whole brain segmentation: automated labeling of neuroanatomical structures in the human brain (FreeSurfer aseg),"Fischl B, Salat DH, Busa E, et al.",2002,10.1016/S0896-6273(02)00569-X,"dominant_overlap->Left Hippocampus, Brainnetome 2_2",NO_HISTORICAL_CONFLICT,NO_HISTORICAL_CONFLICT,NGIQ-BR-00000677,VERIFIED_DIRECT_CONTAINED,高,CA/DG 为 hippocampus proper 内部亚区，含于 G1 'Hippocampus'（FS 定义含海马体+齿状回）。,APPROVE_DOMINANT_OVERLAP,LOWER_GRANULARITY_ONLY,F,NO,VERIFIED_DIRECT_CONTAINED,NONE,
HISTORICAL_CONFLICT,NGIQ-BR-00000679,CA2 (Hippocampus) right,右侧CA2（海马）,G4_MICROSTRUCTURAL_FINE,Julich-Brain,right,NGIQ-BR-00000260,Right Hippocampus,右海马,DIRECT_CONTAINED_HIGH_CONFIDENCE,VERIFIED_DIRECT_CONTAINED,海马,CA/DG 为 hippocampus proper 内部亚区，含于 G1 'Hippocampus'（FS 定义含海马体+齿状回）。,Julich-Brain cytoarchitectonic atlas (Amunts 2020),Whole brain segmentation: automated labeling of neuroanatomical structures in the human brain (FreeSurfer aseg),Whole brain segmentation: automated labeling of neuroanatomical structures in the human brain (FreeSurfer aseg),"Fischl B, Salat DH, Busa E, et al.",2002,10.1016/S0896-6273(02)00569-X,"partial_overlap->Right Hippocampus, Brainnetome 2_2; partial_overlap->Right Hippocampus, Brainnetome 2_1",HISTORICAL_CONFLICT,HISTORICAL_CONFLICT,NGIQ-BR-00000680,VERIFIED_DIRECT_CONTAINED,高,CA/DG 为 hippocampus proper 内部亚区，含于 G1 'Hippocampus'（FS 定义含海马体+齿状回）。,PARTIAL_OVERLAP,LOWER_GRANULARITY_ONLY,F,NO,VERIFIED_DIRECT_CONTAINED,NONE,
SPATIAL_COMPATIBLE,NGIQ-BR-00000680,CA2 (Hippocampus) left,左侧CA2（海马）,G4_MICROSTRUCTURAL_FINE,Julich-Brain,left,NGIQ-BR-00000252,Left Hippocampus,左海马,DIRECT_CONTAINED_HIGH_CONFIDENCE,VERIFIED_DIRECT_CONTAINED,海马,CA/DG 为 hippocampus proper 内部亚区，含于 G1 'Hippocampus'（FS 定义含海马体+齿状回）。,Julich-Brain cytoarchitectonic atlas (Amunts 2020),Whole brain segmentation: automated labeling of neuroanatomical structures in the human brain (FreeSurfer aseg),Whole brain segmentation: automated labeling of neuroanatomical structures in the human brain (FreeSurfer aseg),"Fischl B, Salat DH, Busa E, et al.",2002,10.1016/S0896-6273(02)00569-X,"partial_overlap->Left Hippocampus, Brainnetome 2_1; partial_overlap->Left Hippocampus, Brainnetome 2_2",NO_HISTORICAL_CONFLICT,NO_HISTORICAL_CONFLICT,NGIQ-BR-00000679,VERIFIED_DIRECT_CONTAINED,高,CA/DG 为 hippocampus proper 内部亚区，含于 G1 'Hippocampus'（FS 定义含海马体+齿状回）。,PARTIAL_OVERLAP,LOWER_GRANULARITY_ONLY,F,NO,VERIFIED_DIRECT_CONTAINED,NONE,
SPATIAL_COMPATIBLE,NGIQ-BR-00000683,CA1 (Hippocampus) right,右侧CA1（海马）,G4_MICROSTRUCTURAL_FINE,Julich-Brain,right,NGIQ-BR-00000260,Right Hippocampus,右海马,DIRECT_CONTAINED_HIGH_CONFIDENCE,VERIFIED_DIRECT_CONTAINED,海马,CA/DG 为 hippocampus proper 内部亚区，含于 G1 'Hippocampus'（FS 定义含海马体+齿状回）。,Julich-Brain cytoarchitectonic atlas (Amunts 2020),Whole brain segmentation: automated labeling of neuroanatomical structures in the human brain (FreeSurfer aseg),Whole brain segmentation: automated labeling of neuroanatomical structures in the human brain (FreeSurfer aseg),"Fischl B, Salat DH, Busa E, et al.",2002,10.1016/S0896-6273(02)00569-X,"dominant_overlap->Right Hippocampus, Brainnetome 2_2",NO_HISTORICAL_CONFLICT,NO_HISTORICAL_CONFLICT,NGIQ-BR-00000684,VERIFIED_DIRECT_CONTAINED,高,CA/DG 为 hippocampus proper 内部亚区，含于 G1 'Hippocampus'（FS 定义含海马体+齿状回）。,APPROVE_DOMINANT_OVERLAP,LOWER_GRANULARITY_ONLY,F,NO,VERIFIED_DIRECT_CONTAINED,NONE,
SPATIAL_COMPATIBLE,NGIQ-BR-00000684,CA1 (Hippocampus) left,左侧CA1（海马）,G4_MICROSTRUCTURAL_FINE,Julich-Brain,left,NGIQ-BR-00000252,Left Hippocampus,左海马,DIRECT_CONTAINED_HIGH_CONFIDENCE,VERIFIED_DIRECT_CONTAINED,海马,CA/DG 为 hippocampus proper 内部亚区，含于 G1 'Hippocampus'（FS 定义含海马体+齿状回）。,Julich-Brain cytoarchitectonic atlas (Amunts 2020),Whole brain segmentation: automated labeling of neuroanatomical structures in the human brain (FreeSurfer aseg),Whole brain segmentation: automated labeling of neuroanatomical structures in the human brain (FreeSurfer aseg),"Fischl B, Salat DH, Busa E, et al.",2002,10.1016/S0896-6273(02)00569-X,"dominant_overlap->Left Hippocampus, Brainnetome 2_2",NO_HISTORICAL_CONFLICT,NO_HISTORICAL_CONFLICT,NGIQ-BR-00000683,VERIFIED_DIRECT_CONTAINED,高,CA/DG 为 hippocampus proper 内部亚区，含于 G1 'Hippocampus'（FS 定义含海马体+齿状回）。,APPROVE_DOMINANT_OVERLAP,LOWER_GRANULARITY_ONLY,F,NO,VERIFIED_DIRECT_CONTAINED,NONE,
HISTORICAL_CONFLICT,NGIQ-BR-00000707,"Rt (Thalamus, reticular Nucleus) right",右侧Rt（丘脑，网状核）,G4_MICROSTRUCTURAL_FINE,Julich-Brain,right,NGIQ-BR-00000256,Right Thalamus,右丘脑,DIRECT_CONTAINED_HIGH_CONFIDENCE,ANATOMICAL_CONFLICT,丘脑,Thalamic reticular nucleus 位于 dorsal thalamus 外侧的 ventral/prethalamic 区，FreeSurfer 'Thalamus-Proper' 不含 TRN，contained_in Thalamus 不成立。,Julich-Brain cytoarchitectonic atlas (Amunts 2020),"The Thalamus (2nd ed., Cambridge Univ. Press)","The Thalamus (2nd ed., Cambridge Univ. Press)",Jones EG,2007,monograph (no DOI),NONE,HISTORICAL_CONFLICT,HISTORICAL_CONFLICT,NGIQ-BR-00000708,ANATOMICAL_CONFLICT,低,Thalamic reticular nucleus 位于 dorsal thalamus 外侧的 ventral/prethalamic 区，FreeSurfer 'Thalamus-Proper' 不含 TRN，contained_in Thalamus 不成立。,CONFLICT_REVIEW,SOURCE_LEVEL_SPATIAL_ONLY,F,NO,ANATOMICAL_CONFLICT,NONE,
HISTORICAL_CONFLICT,NGIQ-BR-00000708,"Rt (Thalamus, reticular Nucleus) left",左侧Rt（丘脑，网状核）,G4_MICROSTRUCTURAL_FINE,Julich-Brain,left,NGIQ-BR-00000247,Left Thalamus,左丘脑,DIRECT_CONTAINED_HIGH_CONFIDENCE,ANATOMICAL_CONFLICT,丘脑,Thalamic reticular nucleus 位于 dorsal thalamus 外侧的 ventral/prethalamic 区，FreeSurfer 'Thalamus-Proper' 不含 TRN，contained_in Thalamus 不成立。,Julich-Brain cytoarchitectonic atlas (Amunts 2020),"The Thalamus (2nd ed., Cambridge Univ. Press)","The Thalamus (2nd ed., Cambridge Univ. Press)",Jones EG,2007,monograph (no DOI),NONE,HISTORICAL_CONFLICT,HISTORICAL_CONFLICT,NGIQ-BR-00000707,ANATOMICAL_CONFLICT,低,Thalamic reticular nucleus 位于 dorsal thalamus 外侧的 ventral/prethalamic 区，FreeSurfer 'Thalamus-Proper' 不含 TRN，contained_in Thalamus 不成立。,CONFLICT_REVIEW,SOURCE_LEVEL_SPATIAL_ONLY,F,NO,ANATOMICAL_CONFLICT,NONE,
HISTORICAL_CONFLICT,NGIQ-BR-00000709,"ZI (Thalamus, zona incerta) right",右侧ZI（丘脑，未定带）,G4_MICROSTRUCTURAL_FINE,Julich-Brain,right,NGIQ-BR-00000256,Right Thalamus,右丘脑,DIRECT_CONTAINED_HIGH_CONFIDENCE,ANATOMICAL_CONFLICT,丘脑,Zona incerta 属 subthalamus/prethalamus（ventral diencephalon），不属于 G1 'Thalamus'(dorsal Thalamus-Proper) 定义范围，不成立。,Julich-Brain cytoarchitectonic atlas (Amunts 2020),"The Thalamus (2nd ed., Cambridge Univ. Press)","The Thalamus (2nd ed., Cambridge Univ. Press)",Jones EG,2007,monograph (no DOI),NONE,HISTORICAL_CONFLICT,HISTORICAL_CONFLICT,NGIQ-BR-00000710,ANATOMICAL_CONFLICT,低,Zona incerta 属 subthalamus/prethalamus（ventral diencephalon），不属于 G1 'Thalamus'(dorsal Thalamus-Proper) 定义范围，不成立。,CONFLICT_REVIEW,SOURCE_LEVEL_SPATIAL_ONLY,F,NO,ANATOMICAL_CONFLICT,NONE,
HISTORICAL_CONFLICT,NGIQ-BR-00000710,"ZI (Thalamus, zona incerta) left",左侧ZI（丘脑，未定带）,G4_MICROSTRUCTURAL_FINE,Julich-Brain,left,NGIQ-BR-00000247,Left Thalamus,左丘脑,DIRECT_CONTAINED_HIGH_CONFIDENCE,ANATOMICAL_CONFLICT,丘脑,Zona incerta 属 subthalamus/prethalamus（ventral diencephalon），不属于 G1 'Thalamus'(dorsal Thalamus-Proper) 定义范围，不成立。,Julich-Brain cytoarchitectonic atlas (Amunts 2020),"The Thalamus (2nd ed., Cambridge Univ. Press)","The Thalamus (2nd ed., Cambridge Univ. Press)",Jones EG,2007,monograph (no DOI),NONE,HISTORICAL_CONFLICT,HISTORICAL_CONFLICT,NGIQ-BR-00000709,ANATOMICAL_CONFLICT,低,Zona incerta 属 subthalamus/prethalamus（ventral diencephalon），不属于 G1 'Thalamus'(dorsal Thalamus-Proper) 定义范围，不成立。,CONFLICT_REVIEW,SOURCE_LEVEL_SPATIAL_ONLY,F,NO,ANATOMICAL_CONFLICT,NONE,
HISTORICAL_CONFLICT,NGIQ-BR-00000715,"MV (Thalamus, medioventral Nucleus) right",右侧MV（丘脑，内侧腹核）,G4_MICROSTRUCTURAL_FINE,Julich-Brain,right,NGIQ-BR-00000256,Right Thalamus,右丘脑,DIRECT_CONTAINED_HIGH_CONFIDENCE,VERIFIED_DIRECT_CONTAINED,丘脑,该背侧丘脑核团为 G1 'Thalamus'(dorsal Thalamus-Proper) 内部核团；ZI/TRN 等非背侧丘脑结构已在专项中排除。,Julich-Brain cytoarchitectonic atlas (Amunts 2020),"The Thalamus (2nd ed., Cambridge Univ. Press)","The Thalamus (2nd ed., Cambridge Univ. Press)",Jones EG,2007,monograph (no DOI),NONE,HISTORICAL_CONFLICT,HISTORICAL_CONFLICT,NGIQ-BR-00000716,VERIFIED_DIRECT_CONTAINED,高,该背侧丘脑核团为 G1 'Thalamus'(dorsal Thalamus-Proper) 内部核团；ZI/TRN 等非背侧丘脑结构已在专项中排除。,CONFLICT_REVIEW,SOURCE_LEVEL_SPATIAL_ONLY,F,NO,VERIFIED_DIRECT_CONTAINED,NONE,
SPATIAL_COMPATIBLE,NGIQ-BR-00000716,"MV (Thalamus, medioventral Nucleus) left",左侧MV（丘脑，内侧腹核）,G4_MICROSTRUCTURAL_FINE,Julich-Brain,left,NGIQ-BR-00000247,Left Thalamus,左丘脑,DIRECT_CONTAINED_HIGH_CONFIDENCE,VERIFIED_DIRECT_CONTAINED,丘脑,该背侧丘脑核团为 G1 'Thalamus'(dorsal Thalamus-Proper) 内部核团；ZI/TRN 等非背侧丘脑结构已在专项中排除。,Julich-Brain cytoarchitectonic atlas (Amunts 2020),"The Thalamus (2nd ed., Cambridge Univ. Press)","The Thalamus (2nd ed., Cambridge Univ. Press)",Jones EG,2007,monograph (no DOI),"partial_overlap->Left Thalamus, Brainnetome 8_4; partial_overlap->Left Thalamus, Brainnetome 8_8; partial_overlap->Left Thalamus, Brainnetome 8_1",NO_HISTORICAL_CONFLICT,NO_HISTORICAL_CONFLICT,NGIQ-BR-00000715,VERIFIED_DIRECT_CONTAINED,高,该背侧丘脑核团为 G1 'Thalamus'(dorsal Thalamus-Proper) 内部核团；ZI/TRN 等非背侧丘脑结构已在专项中排除。,PARTIAL_OVERLAP,LOWER_GRANULARITY_ONLY,F,NO,VERIFIED_DIRECT_CONTAINED,NONE,
SPATIAL_COMPATIBLE,NGIQ-BR-00000717,"MD (Thalamus, mediodorsal Nucleus) right",右侧MD（丘脑，背内侧核）,G4_MICROSTRUCTURAL_FINE,Julich-Brain,right,NGIQ-BR-00000256,Right Thalamus,右丘脑,DIRECT_CONTAINED_HIGH_CONFIDENCE,VERIFIED_DIRECT_CONTAINED,丘脑,该背侧丘脑核团为 G1 'Thalamus'(dorsal Thalamus-Proper) 内部核团；ZI/TRN 等非背侧丘脑结构已在专项中排除。,Julich-Brain cytoarchitectonic atlas (Amunts 2020),"The Thalamus (2nd ed., Cambridge Univ. Press)","The Thalamus (2nd ed., Cambridge Univ. Press)",Jones EG,2007,monograph (no DOI),"dominant_overlap->Right Thalamus, Brainnetome 8_1",NO_HISTORICAL_CONFLICT,NO_HISTORICAL_CONFLICT,NGIQ-BR-00000718,VERIFIED_DIRECT_CONTAINED,高,该背侧丘脑核团为 G1 'Thalamus'(dorsal Thalamus-Proper) 内部核团；ZI/TRN 等非背侧丘脑结构已在专项中排除。,APPROVE_DOMINANT_OVERLAP,LOWER_GRANULARITY_ONLY,F,NO,VERIFIED_DIRECT_CONTAINED,NONE,
SPATIAL_COMPATIBLE,NGIQ-BR-00000718,"MD (Thalamus, mediodorsal Nucleus) left",左侧MD（丘脑，背内侧核）,G4_MICROSTRUCTURAL_FINE,Julich-Brain,left,NGIQ-BR-00000247,Left Thalamus,左丘脑,DIRECT_CONTAINED_HIGH_CONFIDENCE,VERIFIED_DIRECT_CONTAINED,丘脑,该背侧丘脑核团为 G1 'Thalamus'(dorsal Thalamus-Proper) 内部核团；ZI/TRN 等非背侧丘脑结构已在专项中排除。,Julich-Brain cytoarchitectonic atlas (Amunts 2020),"The Thalamus (2nd ed., Cambridge Univ. Press)","The Thalamus (2nd ed., Cambridge Univ. Press)",Jones EG,2007,monograph (no DOI),"dominant_overlap->Left Thalamus, Brainnetome 8_1",NO_HISTORICAL_CONFLICT,NO_HISTORICAL_CONFLICT,NGIQ-BR-00000717,VERIFIED_DIRECT_CONTAINED,高,该背侧丘脑核团为 G1 'Thalamus'(dorsal Thalamus-Proper) 内部核团；ZI/TRN 等非背侧丘脑结构已在专项中排除。,APPROVE_DOMINANT_OVERLAP,LOWER_GRANULARITY_ONLY,F,NO,VERIFIED_DIRECT_CONTAINED,NONE,
SPATIAL_COMPATIBLE,NGIQ-BR-00000719,"Pv (Thalamus, paraventricular Nucleus) right",右侧Pv（丘脑，室旁核）,G4_MICROSTRUCTURAL_FINE,Julich-Brain,right,NGIQ-BR-00000256,Right Thalamus,右丘脑,DIRECT_CONTAINED_HIGH_CONFIDENCE,VERIFIED_DIRECT_CONTAINED,丘脑,该背侧丘脑核团为 G1 'Thalamus'(dorsal Thalamus-Proper) 内部核团；ZI/TRN 等非背侧丘脑结构已在专项中排除。,Julich-Brain cytoarchitectonic atlas (Amunts 2020),"The Thalamus (2nd ed., Cambridge Univ. Press)","The Thalamus (2nd ed., Cambridge Univ. Press)",Jones EG,2007,monograph (no DOI),"dominant_overlap->Right Thalamus, Brainnetome 8_4",NO_HISTORICAL_CONFLICT,NO_HISTORICAL_CONFLICT,NGIQ-BR-00000720,VERIFIED_DIRECT_CONTAINED,高,该背侧丘脑核团为 G1 'Thalamus'(dorsal Thalamus-Proper) 内部核团；ZI/TRN 等非背侧丘脑结构已在专项中排除。,APPROVE_DOMINANT_OVERLAP,LOWER_GRANULARITY_ONLY,F,NO,VERIFIED_DIRECT_CONTAINED,NONE,
SPATIAL_COMPATIBLE,NGIQ-BR-00000720,"Pv (Thalamus, paraventricular Nucleus) left",左侧Pv（丘脑，室旁核）,G4_MICROSTRUCTURAL_FINE,Julich-Brain,left,NGIQ-BR-00000247,Left Thalamus,左丘脑,DIRECT_CONTAINED_HIGH_CONFIDENCE,VERIFIED_DIRECT_CONTAINED,丘脑,该背侧丘脑核团为 G1 'Thalamus'(dorsal Thalamus-Proper) 内部核团；ZI/TRN 等非背侧丘脑结构已在专项中排除。,Julich-Brain cytoarchitectonic atlas (Amunts 2020),"The Thalamus (2nd ed., Cambridge Univ. Press)","The Thalamus (2nd ed., Cambridge Univ. Press)",Jones EG,2007,monograph (no DOI),"partial_overlap->Left Thalamus, Brainnetome 8_4; partial_overlap->Right Thalamus, Brainnetome 8_4; partial_overlap->Left Thalamus, Brainnetome 8_1",NO_HISTORICAL_CONFLICT,NO_HISTORICAL_CONFLICT,NGIQ-BR-00000719,VERIFIED_DIRECT_CONTAINED,高,该背侧丘脑核团为 G1 'Thalamus'(dorsal Thalamus-Proper) 内部核团；ZI/TRN 等非背侧丘脑结构已在专项中排除。,PARTIAL_OVERLAP,LOWER_GRANULARITY_ONLY,F,NO,VERIFIED_DIRECT_CONTAINED,NONE,
HISTORICAL_CONFLICT,NGIQ-BR-00000721,"Po (Thalamus, posterior Nucleus) right",右侧Po（丘脑，后核）,G4_MICROSTRUCTURAL_FINE,Julich-Brain,right,NGIQ-BR-00000256,Right Thalamus,右丘脑,DIRECT_CONTAINED_HIGH_CONFIDENCE,VERIFIED_DIRECT_CONTAINED,丘脑,该背侧丘脑核团为 G1 'Thalamus'(dorsal Thalamus-Proper) 内部核团；ZI/TRN 等非背侧丘脑结构已在专项中排除。,Julich-Brain cytoarchitectonic atlas (Amunts 2020),"The Thalamus (2nd ed., Cambridge Univ. Press)","The Thalamus (2nd ed., Cambridge Univ. Press)",Jones EG,2007,monograph (no DOI),NONE,HISTORICAL_CONFLICT,HISTORICAL_CONFLICT,NGIQ-BR-00000722,VERIFIED_DIRECT_CONTAINED,高,该背侧丘脑核团为 G1 'Thalamus'(dorsal Thalamus-Proper) 内部核团；ZI/TRN 等非背侧丘脑结构已在专项中排除。,CONFLICT_REVIEW,SOURCE_LEVEL_SPATIAL_ONLY,F,NO,VERIFIED_DIRECT_CONTAINED,NONE,
HISTORICAL_CONFLICT,NGIQ-BR-00000722,"Po (Thalamus, posterior Nucleus) left",左侧Po（丘脑，后核）,G4_MICROSTRUCTURAL_FINE,Julich-Brain,left,NGIQ-BR-00000247,Left Thalamus,左丘脑,DIRECT_CONTAINED_HIGH_CONFIDENCE,VERIFIED_DIRECT_CONTAINED,丘脑,该背侧丘脑核团为 G1 'Thalamus'(dorsal Thalamus-Proper) 内部核团；ZI/TRN 等非背侧丘脑结构已在专项中排除。,Julich-Brain cytoarchitectonic atlas (Amunts 2020),"The Thalamus (2nd ed., Cambridge Univ. Press)","The Thalamus (2nd ed., Cambridge Univ. Press)",Jones EG,2007,monograph (no DOI),"partial_overlap->Left Thalamus, Brainnetome 8_5; partial_overlap->Left Thalamus, Brainnetome 8_6; partial_overlap->Left Thalamus, Brainnetome 8_3",HISTORICAL_CONFLICT,HISTORICAL_CONFLICT,NGIQ-BR-00000721,VERIFIED_DIRECT_CONTAINED,高,该背侧丘脑核团为 G1 'Thalamus'(dorsal Thalamus-Proper) 内部核团；ZI/TRN 等非背侧丘脑结构已在专项中排除。,PARTIAL_OVERLAP,LOWER_GRANULARITY_ONLY,F,NO,VERIFIED_DIRECT_CONTAINED,NONE,
HISTORICAL_CONFLICT,NGIQ-BR-00000723,"PUm (Thalamus, medial pulvinar) right",右侧PUm（丘脑，内侧枕核）,G4_MICROSTRUCTURAL_FINE,Julich-Brain,right,NGIQ-BR-00000256,Right Thalamus,右丘脑,DIRECT_CONTAINED_HIGH_CONFIDENCE,VERIFIED_DIRECT_CONTAINED,丘脑,该背侧丘脑核团为 G1 'Thalamus'(dorsal Thalamus-Proper) 内部核团；ZI/TRN 等非背侧丘脑结构已在专项中排除。,Julich-Brain cytoarchitectonic atlas (Amunts 2020),"The Thalamus (2nd ed., Cambridge Univ. Press)","The Thalamus (2nd ed., Cambridge Univ. Press)",Jones EG,2007,monograph (no DOI),"partial_overlap->Right Thalamus, Brainnetome 8_6; partial_overlap->Right Thalamus, Brainnetome 8_5",HISTORICAL_CONFLICT,HISTORICAL_CONFLICT,NGIQ-BR-00000724,VERIFIED_DIRECT_CONTAINED,高,该背侧丘脑核团为 G1 'Thalamus'(dorsal Thalamus-Proper) 内部核团；ZI/TRN 等非背侧丘脑结构已在专项中排除。,PARTIAL_OVERLAP,LOWER_GRANULARITY_ONLY,F,NO,VERIFIED_DIRECT_CONTAINED,NONE,
SPATIAL_COMPATIBLE,NGIQ-BR-00000724,"PUm (Thalamus, medial pulvinar) left",左侧PUm（丘脑，内侧枕核）,G4_MICROSTRUCTURAL_FINE,Julich-Brain,left,NGIQ-BR-00000247,Left Thalamus,左丘脑,DIRECT_CONTAINED_HIGH_CONFIDENCE,VERIFIED_DIRECT_CONTAINED,丘脑,该背侧丘脑核团为 G1 'Thalamus'(dorsal Thalamus-Proper) 内部核团；ZI/TRN 等非背侧丘脑结构已在专项中排除。,Julich-Brain cytoarchitectonic atlas (Amunts 2020),"The Thalamus (2nd ed., Cambridge Univ. Press)","The Thalamus (2nd ed., Cambridge Univ. Press)",Jones EG,2007,monograph (no DOI),"partial_overlap->Left Thalamus, Brainnetome 8_6; partial_overlap->Left Thalamus, Brainnetome 8_7",NO_HISTORICAL_CONFLICT,NO_HISTORICAL_CONFLICT,NGIQ-BR-00000723,VERIFIED_DIRECT_CONTAINED,高,该背侧丘脑核团为 G1 'Thalamus'(dorsal Thalamus-Proper) 内部核团；ZI/TRN 等非背侧丘脑结构已在专项中排除。,PARTIAL_OVERLAP,LOWER_GRANULARITY_ONLY,F,NO,VERIFIED_DIRECT_CONTAINED,NONE,
SPATIAL_COMPATIBLE,NGIQ-BR-00000725,"PUl (Thalamus, lateral pulvinar) right",右侧PUl（丘脑，外侧枕核）,G4_MICROSTRUCTURAL_FINE,Julich-Brain,right,NGIQ-BR-00000256,Right Thalamus,右丘脑,DIRECT_CONTAINED_HIGH_CONFIDENCE,VERIFIED_DIRECT_CONTAINED,丘脑,该背侧丘脑核团为 G1 'Thalamus'(dorsal Thalamus-Proper) 内部核团；ZI/TRN 等非背侧丘脑结构已在专项中排除。,Julich-Brain cytoarchitectonic atlas (Amunts 2020),"The Thalamus (2nd ed., Cambridge Univ. Press)","The Thalamus (2nd ed., Cambridge Univ. Press)",Jones EG,2007,monograph (no DOI),"partial_overlap->Right Thalamus, Brainnetome 8_5; partial_overlap->Right Thalamus, Brainnetome 8_6",NO_HISTORICAL_CONFLICT,NO_HISTORICAL_CONFLICT,NGIQ-BR-00000726,VERIFIED_DIRECT_CONTAINED,高,该背侧丘脑核团为 G1 'Thalamus'(dorsal Thalamus-Proper) 内部核团；ZI/TRN 等非背侧丘脑结构已在专项中排除。,PARTIAL_OVERLAP,LOWER_GRANULARITY_ONLY,F,NO,VERIFIED_DIRECT_CONTAINED,NONE,
SPATIAL_COMPATIBLE,NGIQ-BR-00000726,"PUl (Thalamus, lateral pulvinar) left",左侧PUl（丘脑，外侧枕核）,G4_MICROSTRUCTURAL_FINE,Julich-Brain,left,NGIQ-BR-00000247,Left Thalamus,左丘脑,DIRECT_CONTAINED_HIGH_CONFIDENCE,VERIFIED_DIRECT_CONTAINED,丘脑,该背侧丘脑核团为 G1 'Thalamus'(dorsal Thalamus-Proper) 内部核团；ZI/TRN 等非背侧丘脑结构已在专项中排除。,Julich-Brain cytoarchitectonic atlas (Amunts 2020),"The Thalamus (2nd ed., Cambridge Univ. Press)","The Thalamus (2nd ed., Cambridge Univ. Press)",Jones EG,2007,monograph (no DOI),"dominant_overlap->Left Thalamus, Brainnetome 8_6",NO_HISTORICAL_CONFLICT,NO_HISTORICAL_CONFLICT,NGIQ-BR-00000725,VERIFIED_DIRECT_CONTAINED,高,该背侧丘脑核团为 G1 'Thalamus'(dorsal Thalamus-Proper) 内部核团；ZI/TRN 等非背侧丘脑结构已在专项中排除。,APPROVE_DOMINANT_OVERLAP,LOWER_GRANULARITY_ONLY,F,NO,VERIFIED_DIRECT_CONTAINED,NONE,
HISTORICAL_CONFLICT,NGIQ-BR-00000727,"Li (Thalamus, limitans Nucleus) right",右侧Li（丘脑，界核）,G4_MICROSTRUCTURAL_FINE,Julich-Brain,right,NGIQ-BR-00000256,Right Thalamus,右丘脑,DIRECT_CONTAINED_HIGH_CONFIDENCE,VERIFIED_DIRECT_CONTAINED,丘脑,该背侧丘脑核团为 G1 'Thalamus'(dorsal Thalamus-Proper) 内部核团；ZI/TRN 等非背侧丘脑结构已在专项中排除。,Julich-Brain cytoarchitectonic atlas (Amunts 2020),"The Thalamus (2nd ed., Cambridge Univ. Press)","The Thalamus (2nd ed., Cambridge Univ. Press)",Jones EG,2007,monograph (no DOI),NONE,HISTORICAL_CONFLICT,HISTORICAL_CONFLICT,NGIQ-BR-00000728,VERIFIED_DIRECT_CONTAINED,高,该背侧丘脑核团为 G1 'Thalamus'(dorsal Thalamus-Proper) 内部核团；ZI/TRN 等非背侧丘脑结构已在专项中排除。,CONFLICT_REVIEW,SOURCE_LEVEL_SPATIAL_ONLY,F,NO,VERIFIED_DIRECT_CONTAINED,NONE,
HISTORICAL_CONFLICT,NGIQ-BR-00000728,"Li (Thalamus, limitans Nucleus) left",左侧Li（丘脑，界核）,G4_MICROSTRUCTURAL_FINE,Julich-Brain,left,NGIQ-BR-00000247,Left Thalamus,左丘脑,DIRECT_CONTAINED_HIGH_CONFIDENCE,VERIFIED_DIRECT_CONTAINED,丘脑,该背侧丘脑核团为 G1 'Thalamus'(dorsal Thalamus-Proper) 内部核团；ZI/TRN 等非背侧丘脑结构已在专项中排除。,Julich-Brain cytoarchitectonic atlas (Amunts 2020),"The Thalamus (2nd ed., Cambridge Univ. Press)","The Thalamus (2nd ed., Cambridge Univ. Press)",Jones EG,2007,monograph (no DOI),NONE,HISTORICAL_CONFLICT,HISTORICAL_CONFLICT,NGIQ-BR-00000727,VERIFIED_DIRECT_CONTAINED,高,该背侧丘脑核团为 G1 'Thalamus'(dorsal Thalamus-Proper) 内部核团；ZI/TRN 等非背侧丘脑结构已在专项中排除。,CONFLICT_REVIEW,SOURCE_LEVEL_SPATIAL_ONLY,F,NO,VERIFIED_DIRECT_CONTAINED,NONE,
HISTORICAL_CONFLICT,NGIQ-BR-00000729,"Sg (Thalamus, suprageniculate Nucleus) right",右侧Sg（丘脑，膝上核）,G4_MICROSTRUCTURAL_FINE,Julich-Brain,right,NGIQ-BR-00000256,Right Thalamus,右丘脑,DIRECT_CONTAINED_HIGH_CONFIDENCE,VERIFIED_DIRECT_CONTAINED,丘脑,该背侧丘脑核团为 G1 'Thalamus'(dorsal Thalamus-Proper) 内部核团；ZI/TRN 等非背侧丘脑结构已在专项中排除。,Julich-Brain cytoarchitectonic atlas (Amunts 2020),"The Thalamus (2nd ed., Cambridge Univ. Press)","The Thalamus (2nd ed., Cambridge Univ. Press)",Jones EG,2007,monograph (no DOI),NONE,HISTORICAL_CONFLICT,HISTORICAL_CONFLICT,NGIQ-BR-00000730,VERIFIED_DIRECT_CONTAINED,高,该背侧丘脑核团为 G1 'Thalamus'(dorsal Thalamus-Proper) 内部核团；ZI/TRN 等非背侧丘脑结构已在专项中排除。,CONFLICT_REVIEW,SOURCE_LEVEL_SPATIAL_ONLY,F,NO,VERIFIED_DIRECT_CONTAINED,NONE,
HISTORICAL_CONFLICT,NGIQ-BR-00000730,"Sg (Thalamus, suprageniculate Nucleus) left",左侧Sg（丘脑，膝上核）,G4_MICROSTRUCTURAL_FINE,Julich-Brain,left,NGIQ-BR-00000247,Left Thalamus,左丘脑,DIRECT_CONTAINED_HIGH_CONFIDENCE,VERIFIED_DIRECT_CONTAINED,丘脑,该背侧丘脑核团为 G1 'Thalamus'(dorsal Thalamus-Proper) 内部核团；ZI/TRN 等非背侧丘脑结构已在专项中排除。,Julich-Brain cytoarchitectonic atlas (Amunts 2020),"The Thalamus (2nd ed., Cambridge Univ. Press)","The Thalamus (2nd ed., Cambridge Univ. Press)",Jones EG,2007,monograph (no DOI),NONE,HISTORICAL_CONFLICT,HISTORICAL_CONFLICT,NGIQ-BR-00000729,VERIFIED_DIRECT_CONTAINED,高,该背侧丘脑核团为 G1 'Thalamus'(dorsal Thalamus-Proper) 内部核团；ZI/TRN 等非背侧丘脑结构已在专项中排除。,CONFLICT_REVIEW,SOURCE_LEVEL_SPATIAL_ONLY,F,NO,VERIFIED_DIRECT_CONTAINED,NONE,
HISTORICAL_CONFLICT,NGIQ-BR-00000731,"LP (Thalamus, lateral posterior Nucleus) right",右侧LP（丘脑，外侧后核）,G4_MICROSTRUCTURAL_FINE,Julich-Brain,right,NGIQ-BR-00000256,Right Thalamus,右丘脑,DIRECT_CONTAINED_HIGH_CONFIDENCE,VERIFIED_DIRECT_CONTAINED,丘脑,该背侧丘脑核团为 G1 'Thalamus'(dorsal Thalamus-Proper) 内部核团；ZI/TRN 等非背侧丘脑结构已在专项中排除。,Julich-Brain cytoarchitectonic atlas (Amunts 2020),"The Thalamus (2nd ed., Cambridge Univ. Press)","The Thalamus (2nd ed., Cambridge Univ. Press)",Jones EG,2007,monograph (no DOI),NONE,HISTORICAL_CONFLICT,HISTORICAL_CONFLICT,NGIQ-BR-00000732,VERIFIED_DIRECT_CONTAINED,高,该背侧丘脑核团为 G1 'Thalamus'(dorsal Thalamus-Proper) 内部核团；ZI/TRN 等非背侧丘脑结构已在专项中排除。,CONFLICT_REVIEW,SOURCE_LEVEL_SPATIAL_ONLY,F,NO,VERIFIED_DIRECT_CONTAINED,NONE,
HISTORICAL_CONFLICT,NGIQ-BR-00000732,"LP (Thalamus, lateral posterior Nucleus) left",左侧LP（丘脑，外侧后核）,G4_MICROSTRUCTURAL_FINE,Julich-Brain,left,NGIQ-BR-00000247,Left Thalamus,左丘脑,DIRECT_CONTAINED_HIGH_CONFIDENCE,VERIFIED_DIRECT_CONTAINED,丘脑,该背侧丘脑核团为 G1 'Thalamus'(dorsal Thalamus-Proper) 内部核团；ZI/TRN 等非背侧丘脑结构已在专项中排除。,Julich-Brain cytoarchitectonic atlas (Amunts 2020),"The Thalamus (2nd ed., Cambridge Univ. Press)","The Thalamus (2nd ed., Cambridge Univ. Press)",Jones EG,2007,monograph (no DOI),NONE,HISTORICAL_CONFLICT,HISTORICAL_CONFLICT,NGIQ-BR-00000731,VERIFIED_DIRECT_CONTAINED,高,该背侧丘脑核团为 G1 'Thalamus'(dorsal Thalamus-Proper) 内部核团；ZI/TRN 等非背侧丘脑结构已在专项中排除。,CONFLICT_REVIEW,SOURCE_LEVEL_SPATIAL_ONLY,F,NO,VERIFIED_DIRECT_CONTAINED,NONE,
HISTORICAL_CONFLICT,NGIQ-BR-00000733,"PUi (Thalamus, inferior pulvinar) right",右侧PUi（丘脑，下枕核）,G4_MICROSTRUCTURAL_FINE,Julich-Brain,right,NGIQ-BR-00000256,Right Thalamus,右丘脑,DIRECT_CONTAINED_HIGH_CONFIDENCE,VERIFIED_DIRECT_CONTAINED,丘脑,该背侧丘脑核团为 G1 'Thalamus'(dorsal Thalamus-Proper) 内部核团；ZI/TRN 等非背侧丘脑结构已在专项中排除。,Julich-Brain cytoarchitectonic atlas (Amunts 2020),"The Thalamus (2nd ed., Cambridge Univ. Press)","The Thalamus (2nd ed., Cambridge Univ. Press)",Jones EG,2007,monograph (no DOI),NONE,HISTORICAL_CONFLICT,HISTORICAL_CONFLICT,NGIQ-BR-00000734,VERIFIED_DIRECT_CONTAINED,高,该背侧丘脑核团为 G1 'Thalamus'(dorsal Thalamus-Proper) 内部核团；ZI/TRN 等非背侧丘脑结构已在专项中排除。,CONFLICT_REVIEW,SOURCE_LEVEL_SPATIAL_ONLY,F,NO,VERIFIED_DIRECT_CONTAINED,NONE,
HISTORICAL_CONFLICT,NGIQ-BR-00000734,"PUi (Thalamus, inferior pulvinar) left",左侧PUi（丘脑，下枕核）,G4_MICROSTRUCTURAL_FINE,Julich-Brain,left,NGIQ-BR-00000247,Left Thalamus,左丘脑,DIRECT_CONTAINED_HIGH_CONFIDENCE,VERIFIED_DIRECT_CONTAINED,丘脑,该背侧丘脑核团为 G1 'Thalamus'(dorsal Thalamus-Proper) 内部核团；ZI/TRN 等非背侧丘脑结构已在专项中排除。,Julich-Brain cytoarchitectonic atlas (Amunts 2020),"The Thalamus (2nd ed., Cambridge Univ. Press)","The Thalamus (2nd ed., Cambridge Univ. Press)",Jones EG,2007,monograph (no DOI),NONE,HISTORICAL_CONFLICT,HISTORICAL_CONFLICT,NGIQ-BR-00000733,VERIFIED_DIRECT_CONTAINED,高,该背侧丘脑核团为 G1 'Thalamus'(dorsal Thalamus-Proper) 内部核团；ZI/TRN 等非背侧丘脑结构已在专项中排除。,CONFLICT_REVIEW,SOURCE_LEVEL_SPATIAL_ONLY,F,NO,VERIFIED_DIRECT_CONTAINED,NONE,
SPATIAL_COMPATIBLE,NGIQ-BR-00000735,"PUa (Thalamus, anterior pulvinar) right",右侧PUa（丘脑，前枕核）,G4_MICROSTRUCTURAL_FINE,Julich-Brain,right,NGIQ-BR-00000256,Right Thalamus,右丘脑,DIRECT_CONTAINED_HIGH_CONFIDENCE,VERIFIED_DIRECT_CONTAINED,丘脑,该背侧丘脑核团为 G1 'Thalamus'(dorsal Thalamus-Proper) 内部核团；ZI/TRN 等非背侧丘脑结构已在专项中排除。,Julich-Brain cytoarchitectonic atlas (Amunts 2020),"The Thalamus (2nd ed., Cambridge Univ. Press)","The Thalamus (2nd ed., Cambridge Univ. Press)",Jones EG,2007,monograph (no DOI),"partial_overlap->Right Thalamus, Brainnetome 8_5; partial_overlap->Right Thalamus, Brainnetome 8_3; partial_overlap->Right Thalamus, Brainnetome 8_8",NO_HISTORICAL_CONFLICT,NO_HISTORICAL_CONFLICT,NGIQ-BR-00000736,VERIFIED_DIRECT_CONTAINED,高,该背侧丘脑核团为 G1 'Thalamus'(dorsal Thalamus-Proper) 内部核团；ZI/TRN 等非背侧丘脑结构已在专项中排除。,PARTIAL_OVERLAP,LOWER_GRANULARITY_ONLY,F,NO,VERIFIED_DIRECT_CONTAINED,NONE,
SPATIAL_COMPATIBLE,NGIQ-BR-00000737,"LD (Thalamus, lateral dorsal Nucleus) right",右侧LD（丘脑，外侧背核）,G4_MICROSTRUCTURAL_FINE,Julich-Brain,right,NGIQ-BR-00000256,Right Thalamus,右丘脑,DIRECT_CONTAINED_HIGH_CONFIDENCE,VERIFIED_DIRECT_CONTAINED,丘脑,该背侧丘脑核团为 G1 'Thalamus'(dorsal Thalamus-Proper) 内部核团；ZI/TRN 等非背侧丘脑结构已在专项中排除。,Julich-Brain cytoarchitectonic atlas (Amunts 2020),"The Thalamus (2nd ed., Cambridge Univ. Press)","The Thalamus (2nd ed., Cambridge Univ. Press)",Jones EG,2007,monograph (no DOI),"dominant_overlap->Right Thalamus, Brainnetome 8_7",NO_HISTORICAL_CONFLICT,NO_HISTORICAL_CONFLICT,NGIQ-BR-00000738,VERIFIED_DIRECT_CONTAINED,高,该背侧丘脑核团为 G1 'Thalamus'(dorsal Thalamus-Proper) 内部核团；ZI/TRN 等非背侧丘脑结构已在专项中排除。,APPROVE_DOMINANT_OVERLAP,LOWER_GRANULARITY_ONLY,F,NO,VERIFIED_DIRECT_CONTAINED,NONE,
SPATIAL_COMPATIBLE,NGIQ-BR-00000738,"LD (Thalamus, lateral dorsal Nucleus) left",左侧LD（丘脑，外侧背核）,G4_MICROSTRUCTURAL_FINE,Julich-Brain,left,NGIQ-BR-00000247,Left Thalamus,左丘脑,DIRECT_CONTAINED_HIGH_CONFIDENCE,VERIFIED_DIRECT_CONTAINED,丘脑,该背侧丘脑核团为 G1 'Thalamus'(dorsal Thalamus-Proper) 内部核团；ZI/TRN 等非背侧丘脑结构已在专项中排除。,Julich-Brain cytoarchitectonic atlas (Amunts 2020),"The Thalamus (2nd ed., Cambridge Univ. Press)","The Thalamus (2nd ed., Cambridge Univ. Press)",Jones EG,2007,monograph (no DOI),"dominant_overlap->Left Thalamus, Brainnetome 8_7",NO_HISTORICAL_CONFLICT,NO_HISTORICAL_CONFLICT,NGIQ-BR-00000737,VERIFIED_DIRECT_CONTAINED,高,该背侧丘脑核团为 G1 'Thalamus'(dorsal Thalamus-Proper) 内部核团；ZI/TRN 等非背侧丘脑结构已在专项中排除。,APPROVE_DOMINANT_OVERLAP,LOWER_GRANULARITY_ONLY,F,NO,VERIFIED_DIRECT_CONTAINED,NONE,
SPATIAL_COMPATIBLE,NGIQ-BR-00000739,"AV (Thalamus, anteroventral Nucleus) right",右侧AV（丘脑，前腹侧核）,G4_MICROSTRUCTURAL_FINE,Julich-Brain,right,NGIQ-BR-00000256,Right Thalamus,右丘脑,DIRECT_CONTAINED_HIGH_CONFIDENCE,VERIFIED_DIRECT_CONTAINED,丘脑,该背侧丘脑核团为 G1 'Thalamus'(dorsal Thalamus-Proper) 内部核团；ZI/TRN 等非背侧丘脑结构已在专项中排除。,Julich-Brain cytoarchitectonic atlas (Amunts 2020),"The Thalamus (2nd ed., Cambridge Univ. Press)","The Thalamus (2nd ed., Cambridge Univ. Press)",Jones EG,2007,monograph (no DOI),"partial_overlap->Right Thalamus, Brainnetome 8_7; partial_overlap->Right Thalamus, Brainnetome 8_4",NO_HISTORICAL_CONFLICT,NO_HISTORICAL_CONFLICT,NGIQ-BR-00000740,VERIFIED_DIRECT_CONTAINED,高,该背侧丘脑核团为 G1 'Thalamus'(dorsal Thalamus-Proper) 内部核团；ZI/TRN 等非背侧丘脑结构已在专项中排除。,PARTIAL_OVERLAP,LOWER_GRANULARITY_ONLY,F,NO,VERIFIED_DIRECT_CONTAINED,NONE,
SPATIAL_COMPATIBLE,NGIQ-BR-00000740,"AV (Thalamus, anteroventral Nucleus) left",左侧AV（丘脑，前腹侧核）,G4_MICROSTRUCTURAL_FINE,Julich-Brain,left,NGIQ-BR-00000247,Left Thalamus,左丘脑,DIRECT_CONTAINED_HIGH_CONFIDENCE,VERIFIED_DIRECT_CONTAINED,丘脑,该背侧丘脑核团为 G1 'Thalamus'(dorsal Thalamus-Proper) 内部核团；ZI/TRN 等非背侧丘脑结构已在专项中排除。,Julich-Brain cytoarchitectonic atlas (Amunts 2020),"The Thalamus (2nd ed., Cambridge Univ. Press)","The Thalamus (2nd ed., Cambridge Univ. Press)",Jones EG,2007,monograph (no DOI),"partial_overlap->Left Thalamus, Brainnetome 8_4; partial_overlap->Left Thalamus, Brainnetome 8_7",NO_HISTORICAL_CONFLICT,NO_HISTORICAL_CONFLICT,NGIQ-BR-00000739,VERIFIED_DIRECT_CONTAINED,高,该背侧丘脑核团为 G1 'Thalamus'(dorsal Thalamus-Proper) 内部核团；ZI/TRN 等非背侧丘脑结构已在专项中排除。,PARTIAL_OVERLAP,LOWER_GRANULARITY_ONLY,F,NO,VERIFIED_DIRECT_CONTAINED,NONE,
SPATIAL_COMPATIBLE,NGIQ-BR-00000741,"AM (Thalamus, anteromedial Nucleus) right",右侧AM（丘脑，前内侧核）,G4_MICROSTRUCTURAL_FINE,Julich-Brain,right,NGIQ-BR-00000256,Right Thalamus,右丘脑,DIRECT_CONTAINED_HIGH_CONFIDENCE,VERIFIED_DIRECT_CONTAINED,丘脑,该背侧丘脑核团为 G1 'Thalamus'(dorsal Thalamus-Proper) 内部核团；ZI/TRN 等非背侧丘脑结构已在专项中排除。,Julich-Brain cytoarchitectonic atlas (Amunts 2020),"The Thalamus (2nd ed., Cambridge Univ. Press)","The Thalamus (2nd ed., Cambridge Univ. Press)",Jones EG,2007,monograph (no DOI),"partial_overlap->Right Thalamus, Brainnetome 8_4; partial_overlap->Right Thalamus, Brainnetome 8_7",NO_HISTORICAL_CONFLICT,NO_HISTORICAL_CONFLICT,NGIQ-BR-00000742,VERIFIED_DIRECT_CONTAINED,高,该背侧丘脑核团为 G1 'Thalamus'(dorsal Thalamus-Proper) 内部核团；ZI/TRN 等非背侧丘脑结构已在专项中排除。,PARTIAL_OVERLAP,LOWER_GRANULARITY_ONLY,F,NO,VERIFIED_DIRECT_CONTAINED,NONE,
SPATIAL_COMPATIBLE,NGIQ-BR-00000742,"AM (Thalamus, anteromedial Nucleus) left",左侧AM（丘脑，前内侧核）,G4_MICROSTRUCTURAL_FINE,Julich-Brain,left,NGIQ-BR-00000247,Left Thalamus,左丘脑,DIRECT_CONTAINED_HIGH_CONFIDENCE,VERIFIED_DIRECT_CONTAINED,丘脑,该背侧丘脑核团为 G1 'Thalamus'(dorsal Thalamus-Proper) 内部核团；ZI/TRN 等非背侧丘脑结构已在专项中排除。,Julich-Brain cytoarchitectonic atlas (Amunts 2020),"The Thalamus (2nd ed., Cambridge Univ. Press)","The Thalamus (2nd ed., Cambridge Univ. Press)",Jones EG,2007,monograph (no DOI),"dominant_overlap->Left Thalamus, Brainnetome 8_4",NO_HISTORICAL_CONFLICT,NO_HISTORICAL_CONFLICT,NGIQ-BR-00000741,VERIFIED_DIRECT_CONTAINED,高,该背侧丘脑核团为 G1 'Thalamus'(dorsal Thalamus-Proper) 内部核团；ZI/TRN 等非背侧丘脑结构已在专项中排除。,APPROVE_DOMINANT_OVERLAP,LOWER_GRANULARITY_ONLY,F,NO,VERIFIED_DIRECT_CONTAINED,NONE,
HISTORICAL_CONFLICT,NGIQ-BR-00000743,"VPMpc (Thalamus, ventral posterior medial Nucleus, parvocellular part) right",右侧VPMpc（丘脑，腹后内侧核，小细胞部）,G4_MICROSTRUCTURAL_FINE,Julich-Brain,right,NGIQ-BR-00000256,Right Thalamus,右丘脑,DIRECT_CONTAINED_HIGH_CONFIDENCE,VERIFIED_DIRECT_CONTAINED,丘脑,该背侧丘脑核团为 G1 'Thalamus'(dorsal Thalamus-Proper) 内部核团；ZI/TRN 等非背侧丘脑结构已在专项中排除。,Julich-Brain cytoarchitectonic atlas (Amunts 2020),"The Thalamus (2nd ed., Cambridge Univ. Press)","The Thalamus (2nd ed., Cambridge Univ. Press)",Jones EG,2007,monograph (no DOI),NONE,HISTORICAL_CONFLICT,HISTORICAL_CONFLICT,NGIQ-BR-00000744,VERIFIED_DIRECT_CONTAINED,高,该背侧丘脑核团为 G1 'Thalamus'(dorsal Thalamus-Proper) 内部核团；ZI/TRN 等非背侧丘脑结构已在专项中排除。,CONFLICT_REVIEW,SOURCE_LEVEL_SPATIAL_ONLY,F,NO,VERIFIED_DIRECT_CONTAINED,NONE,
HISTORICAL_CONFLICT,NGIQ-BR-00000744,"VPMpc (Thalamus, ventral posterior medial Nucleus, parvocellular part) left",左侧VPMpc（丘脑，腹后内侧核，小细胞部）,G4_MICROSTRUCTURAL_FINE,Julich-Brain,left,NGIQ-BR-00000247,Left Thalamus,左丘脑,DIRECT_CONTAINED_HIGH_CONFIDENCE,VERIFIED_DIRECT_CONTAINED,丘脑,该背侧丘脑核团为 G1 'Thalamus'(dorsal Thalamus-Proper) 内部核团；ZI/TRN 等非背侧丘脑结构已在专项中排除。,Julich-Brain cytoarchitectonic atlas (Amunts 2020),"The Thalamus (2nd ed., Cambridge Univ. Press)","The Thalamus (2nd ed., Cambridge Univ. Press)",Jones EG,2007,monograph (no DOI),NONE,HISTORICAL_CONFLICT,HISTORICAL_CONFLICT,NGIQ-BR-00000743,VERIFIED_DIRECT_CONTAINED,高,该背侧丘脑核团为 G1 'Thalamus'(dorsal Thalamus-Proper) 内部核团；ZI/TRN 等非背侧丘脑结构已在专项中排除。,CONFLICT_REVIEW,SOURCE_LEVEL_SPATIAL_ONLY,F,NO,VERIFIED_DIRECT_CONTAINED,NONE,
HISTORICAL_CONFLICT,NGIQ-BR-00000745,"VPi (Thalamus, ventroposterior inferior Nucleus) right",右侧VPi（丘脑，腹后下核）,G4_MICROSTRUCTURAL_FINE,Julich-Brain,right,NGIQ-BR-00000256,Right Thalamus,右丘脑,DIRECT_CONTAINED_HIGH_CONFIDENCE,VERIFIED_DIRECT_CONTAINED,丘脑,该背侧丘脑核团为 G1 'Thalamus'(dorsal Thalamus-Proper) 内部核团；ZI/TRN 等非背侧丘脑结构已在专项中排除。,Julich-Brain cytoarchitectonic atlas (Amunts 2020),"The Thalamus (2nd ed., Cambridge Univ. Press)","The Thalamus (2nd ed., Cambridge Univ. Press)",Jones EG,2007,monograph (no DOI),NONE,HISTORICAL_CONFLICT,HISTORICAL_CONFLICT,NGIQ-BR-00000746,VERIFIED_DIRECT_CONTAINED,高,该背侧丘脑核团为 G1 'Thalamus'(dorsal Thalamus-Proper) 内部核团；ZI/TRN 等非背侧丘脑结构已在专项中排除。,CONFLICT_REVIEW,SOURCE_LEVEL_SPATIAL_ONLY,F,NO,VERIFIED_DIRECT_CONTAINED,NONE,
HISTORICAL_CONFLICT,NGIQ-BR-00000746,"VPi (Thalamus, ventroposterior inferior Nucleus) left",左侧VPi（丘脑，腹后下核）,G4_MICROSTRUCTURAL_FINE,Julich-Brain,left,NGIQ-BR-00000247,Left Thalamus,左丘脑,DIRECT_CONTAINED_HIGH_CONFIDENCE,VERIFIED_DIRECT_CONTAINED,丘脑,该背侧丘脑核团为 G1 'Thalamus'(dorsal Thalamus-Proper) 内部核团；ZI/TRN 等非背侧丘脑结构已在专项中排除。,Julich-Brain cytoarchitectonic atlas (Amunts 2020),"The Thalamus (2nd ed., Cambridge Univ. Press)","The Thalamus (2nd ed., Cambridge Univ. Press)",Jones EG,2007,monograph (no DOI),NONE,HISTORICAL_CONFLICT,HISTORICAL_CONFLICT,NGIQ-BR-00000745,VERIFIED_DIRECT_CONTAINED,高,该背侧丘脑核团为 G1 'Thalamus'(dorsal Thalamus-Proper) 内部核团；ZI/TRN 等非背侧丘脑结构已在专项中排除。,CONFLICT_REVIEW,SOURCE_LEVEL_SPATIAL_ONLY,F,NO,VERIFIED_DIRECT_CONTAINED,NONE,
SPATIAL_COMPATIBLE,NGIQ-BR-00000747,"VPL (Thalamus, ventral posterior lateral Nucleus) right",右侧VPL（丘脑，腹后外侧核）,G4_MICROSTRUCTURAL_FINE,Julich-Brain,right,NGIQ-BR-00000256,Right Thalamus,右丘脑,DIRECT_CONTAINED_HIGH_CONFIDENCE,VERIFIED_DIRECT_CONTAINED,丘脑,该背侧丘脑核团为 G1 'Thalamus'(dorsal Thalamus-Proper) 内部核团；ZI/TRN 等非背侧丘脑结构已在专项中排除。,Julich-Brain cytoarchitectonic atlas (Amunts 2020),"The Thalamus (2nd ed., Cambridge Univ. Press)","The Thalamus (2nd ed., Cambridge Univ. Press)",Jones EG,2007,monograph (no DOI),"partial_overlap->Right Thalamus, Brainnetome 8_3; partial_overlap->Right Thalamus, Brainnetome 8_5; partial_overlap->Right Thalamus, Brainnetome 8_8",NO_HISTORICAL_CONFLICT,NO_HISTORICAL_CONFLICT,NGIQ-BR-00000748,VERIFIED_DIRECT_CONTAINED,高,该背侧丘脑核团为 G1 'Thalamus'(dorsal Thalamus-Proper) 内部核团；ZI/TRN 等非背侧丘脑结构已在专项中排除。,PARTIAL_OVERLAP,LOWER_GRANULARITY_ONLY,F,NO,VERIFIED_DIRECT_CONTAINED,NONE,
SPATIAL_COMPATIBLE,NGIQ-BR-00000748,"VPL (Thalamus, ventral posterior lateral Nucleus) left",左侧VPL（丘脑，腹后外侧核）,G4_MICROSTRUCTURAL_FINE,Julich-Brain,left,NGIQ-BR-00000247,Left Thalamus,左丘脑,DIRECT_CONTAINED_HIGH_CONFIDENCE,VERIFIED_DIRECT_CONTAINED,丘脑,该背侧丘脑核团为 G1 'Thalamus'(dorsal Thalamus-Proper) 内部核团；ZI/TRN 等非背侧丘脑结构已在专项中排除。,Julich-Brain cytoarchitectonic atlas (Amunts 2020),"The Thalamus (2nd ed., Cambridge Univ. Press)","The Thalamus (2nd ed., Cambridge Univ. Press)",Jones EG,2007,monograph (no DOI),"partial_overlap->Left Thalamus, Brainnetome 8_5; partial_overlap->Left Thalamus, Brainnetome 8_3",NO_HISTORICAL_CONFLICT,NO_HISTORICAL_CONFLICT,NGIQ-BR-00000747,VERIFIED_DIRECT_CONTAINED,高,该背侧丘脑核团为 G1 'Thalamus'(dorsal Thalamus-Proper) 内部核团；ZI/TRN 等非背侧丘脑结构已在专项中排除。,PARTIAL_OVERLAP,LOWER_GRANULARITY_ONLY,F,NO,VERIFIED_DIRECT_CONTAINED,NONE,
HISTORICAL_CONFLICT,NGIQ-BR-00000749,"VLP (Thalamus, ventral lateral posterior Nucleus) right",右侧VLP（丘脑，腹外侧后核）,G4_MICROSTRUCTURAL_FINE,Julich-Brain,right,NGIQ-BR-00000256,Right Thalamus,右丘脑,DIRECT_CONTAINED_HIGH_CONFIDENCE,VERIFIED_DIRECT_CONTAINED,丘脑,该背侧丘脑核团为 G1 'Thalamus'(dorsal Thalamus-Proper) 内部核团；ZI/TRN 等非背侧丘脑结构已在专项中排除。,Julich-Brain cytoarchitectonic atlas (Amunts 2020),"The Thalamus (2nd ed., Cambridge Univ. Press)","The Thalamus (2nd ed., Cambridge Univ. Press)",Jones EG,2007,monograph (no DOI),"partial_overlap->Right Thalamus, Brainnetome 8_8; partial_overlap->Right Thalamus, Brainnetome 8_2; partial_overlap->Right Thalamus, Brainnetome 8_3",HISTORICAL_CONFLICT,HISTORICAL_CONFLICT,NGIQ-BR-00000750,VERIFIED_DIRECT_CONTAINED,高,该背侧丘脑核团为 G1 'Thalamus'(dorsal Thalamus-Proper) 内部核团；ZI/TRN 等非背侧丘脑结构已在专项中排除。,PARTIAL_OVERLAP,LOWER_GRANULARITY_ONLY,F,NO,VERIFIED_DIRECT_CONTAINED,NONE,
HISTORICAL_CONFLICT,NGIQ-BR-00000750,"VLP (Thalamus, ventral lateral posterior Nucleus) left",左侧VLP（丘脑，腹外侧后核）,G4_MICROSTRUCTURAL_FINE,Julich-Brain,left,NGIQ-BR-00000247,Left Thalamus,左丘脑,DIRECT_CONTAINED_HIGH_CONFIDENCE,VERIFIED_DIRECT_CONTAINED,丘脑,该背侧丘脑核团为 G1 'Thalamus'(dorsal Thalamus-Proper) 内部核团；ZI/TRN 等非背侧丘脑结构已在专项中排除。,Julich-Brain cytoarchitectonic atlas (Amunts 2020),"The Thalamus (2nd ed., Cambridge Univ. Press)","The Thalamus (2nd ed., Cambridge Univ. Press)",Jones EG,2007,monograph (no DOI),NONE,HISTORICAL_CONFLICT,HISTORICAL_CONFLICT,NGIQ-BR-00000749,VERIFIED_DIRECT_CONTAINED,高,该背侧丘脑核团为 G1 'Thalamus'(dorsal Thalamus-Proper) 内部核团；ZI/TRN 等非背侧丘脑结构已在专项中排除。,CONFLICT_REVIEW,SOURCE_LEVEL_SPATIAL_ONLY,F,NO,VERIFIED_DIRECT_CONTAINED,NONE,
SPATIAL_COMPATIBLE,NGIQ-BR-00000751,"VIM (Thalamus, ventral intermediate Nucleus) right",右侧VIM（丘脑，腹中间核）,G4_MICROSTRUCTURAL_FINE,Julich-Brain,right,NGIQ-BR-00000256,Right Thalamus,右丘脑,DIRECT_CONTAINED_HIGH_CONFIDENCE,VERIFIED_DIRECT_CONTAINED,丘脑,该背侧丘脑核团为 G1 'Thalamus'(dorsal Thalamus-Proper) 内部核团；ZI/TRN 等非背侧丘脑结构已在专项中排除。,Julich-Brain cytoarchitectonic atlas (Amunts 2020),"The Thalamus (2nd ed., Cambridge Univ. Press)","The Thalamus (2nd ed., Cambridge Univ. Press)",Jones EG,2007,monograph (no DOI),"partial_overlap->Right Thalamus, Brainnetome 8_2; partial_overlap->Right Thalamus, Brainnetome 8_3; partial_overlap->Right Thalamus, Brainnetome 8_8",NO_HISTORICAL_CONFLICT,NO_HISTORICAL_CONFLICT,NGIQ-BR-00000752,VERIFIED_DIRECT_CONTAINED,高,该背侧丘脑核团为 G1 'Thalamus'(dorsal Thalamus-Proper) 内部核团；ZI/TRN 等非背侧丘脑结构已在专项中排除。,PARTIAL_OVERLAP,LOWER_GRANULARITY_ONLY,F,NO,VERIFIED_DIRECT_CONTAINED,NONE,
SPATIAL_COMPATIBLE,NGIQ-BR-00000752,"VIM (Thalamus, ventral intermediate Nucleus) left",左侧VIM（丘脑，腹中间核）,G4_MICROSTRUCTURAL_FINE,Julich-Brain,left,NGIQ-BR-00000247,Left Thalamus,左丘脑,DIRECT_CONTAINED_HIGH_CONFIDENCE,VERIFIED_DIRECT_CONTAINED,丘脑,该背侧丘脑核团为 G1 'Thalamus'(dorsal Thalamus-Proper) 内部核团；ZI/TRN 等非背侧丘脑结构已在专项中排除。,Julich-Brain cytoarchitectonic atlas (Amunts 2020),"The Thalamus (2nd ed., Cambridge Univ. Press)","The Thalamus (2nd ed., Cambridge Univ. Press)",Jones EG,2007,monograph (no DOI),"dominant_overlap->Left Thalamus, Brainnetome 8_8",NO_HISTORICAL_CONFLICT,NO_HISTORICAL_CONFLICT,NGIQ-BR-00000751,VERIFIED_DIRECT_CONTAINED,高,该背侧丘脑核团为 G1 'Thalamus'(dorsal Thalamus-Proper) 内部核团；ZI/TRN 等非背侧丘脑结构已在专项中排除。,APPROVE_DOMINANT_OVERLAP,LOWER_GRANULARITY_ONLY,F,NO,VERIFIED_DIRECT_CONTAINED,NONE,
HISTORICAL_CONFLICT,NGIQ-BR-00000753,"VM (Thalamus, ventral medial Nucleus) right",右侧VM（丘脑，腹内侧核）,G4_MICROSTRUCTURAL_FINE,Julich-Brain,right,NGIQ-BR-00000256,Right Thalamus,右丘脑,DIRECT_CONTAINED_HIGH_CONFIDENCE,VERIFIED_DIRECT_CONTAINED,丘脑,该背侧丘脑核团为 G1 'Thalamus'(dorsal Thalamus-Proper) 内部核团；ZI/TRN 等非背侧丘脑结构已在专项中排除。,Julich-Brain cytoarchitectonic atlas (Amunts 2020),"The Thalamus (2nd ed., Cambridge Univ. Press)","The Thalamus (2nd ed., Cambridge Univ. Press)",Jones EG,2007,monograph (no DOI),NONE,HISTORICAL_CONFLICT,HISTORICAL_CONFLICT,NGIQ-BR-00000754,VERIFIED_DIRECT_CONTAINED,高,该背侧丘脑核团为 G1 'Thalamus'(dorsal Thalamus-Proper) 内部核团；ZI/TRN 等非背侧丘脑结构已在专项中排除。,CONFLICT_REVIEW,SOURCE_LEVEL_SPATIAL_ONLY,F,NO,VERIFIED_DIRECT_CONTAINED,NONE,
SPATIAL_COMPATIBLE,NGIQ-BR-00000754,"VM (Thalamus, ventral medial Nucleus) left",左侧VM（丘脑，腹内侧核）,G4_MICROSTRUCTURAL_FINE,Julich-Brain,left,NGIQ-BR-00000247,Left Thalamus,左丘脑,DIRECT_CONTAINED_HIGH_CONFIDENCE,VERIFIED_DIRECT_CONTAINED,丘脑,该背侧丘脑核团为 G1 'Thalamus'(dorsal Thalamus-Proper) 内部核团；ZI/TRN 等非背侧丘脑结构已在专项中排除。,Julich-Brain cytoarchitectonic atlas (Amunts 2020),"The Thalamus (2nd ed., Cambridge Univ. Press)","The Thalamus (2nd ed., Cambridge Univ. Press)",Jones EG,2007,monograph (no DOI),"dominant_overlap->Left Thalamus, Brainnetome 8_8",NO_HISTORICAL_CONFLICT,NO_HISTORICAL_CONFLICT,NGIQ-BR-00000753,VERIFIED_DIRECT_CONTAINED,高,该背侧丘脑核团为 G1 'Thalamus'(dorsal Thalamus-Proper) 内部核团；ZI/TRN 等非背侧丘脑结构已在专项中排除。,APPROVE_DOMINANT_OVERLAP,LOWER_GRANULARITY_ONLY,F,NO,VERIFIED_DIRECT_CONTAINED,NONE,
HISTORICAL_CONFLICT,NGIQ-BR-00000755,"VA (Thalamus, ventral anterior Nucleus (ventral)) right",右侧VA（丘脑，腹前核（腹侧部））,G4_MICROSTRUCTURAL_FINE,Julich-Brain,right,NGIQ-BR-00000256,Right Thalamus,右丘脑,DIRECT_CONTAINED_HIGH_CONFIDENCE,VERIFIED_DIRECT_CONTAINED,丘脑,该背侧丘脑核团为 G1 'Thalamus'(dorsal Thalamus-Proper) 内部核团；ZI/TRN 等非背侧丘脑结构已在专项中排除。,Julich-Brain cytoarchitectonic atlas (Amunts 2020),"The Thalamus (2nd ed., Cambridge Univ. Press)","The Thalamus (2nd ed., Cambridge Univ. Press)",Jones EG,2007,monograph (no DOI),"partial_overlap->Right Thalamus, Brainnetome 8_1; partial_overlap->Right Thalamus, Brainnetome 8_8; partial_overlap->Right Thalamus, Brainnetome 8_2",HISTORICAL_CONFLICT,HISTORICAL_CONFLICT,NGIQ-BR-00000756,VERIFIED_DIRECT_CONTAINED,高,该背侧丘脑核团为 G1 'Thalamus'(dorsal Thalamus-Proper) 内部核团；ZI/TRN 等非背侧丘脑结构已在专项中排除。,PARTIAL_OVERLAP,LOWER_GRANULARITY_ONLY,F,NO,VERIFIED_DIRECT_CONTAINED,NONE,
HISTORICAL_CONFLICT,NGIQ-BR-00000756,"VA (Thalamus, ventral anterior Nucleus (ventral)) left",左侧VA（丘脑，腹前核（腹侧部））,G4_MICROSTRUCTURAL_FINE,Julich-Brain,left,NGIQ-BR-00000247,Left Thalamus,左丘脑,DIRECT_CONTAINED_HIGH_CONFIDENCE,VERIFIED_DIRECT_CONTAINED,丘脑,该背侧丘脑核团为 G1 'Thalamus'(dorsal Thalamus-Proper) 内部核团；ZI/TRN 等非背侧丘脑结构已在专项中排除。,Julich-Brain cytoarchitectonic atlas (Amunts 2020),"The Thalamus (2nd ed., Cambridge Univ. Press)","The Thalamus (2nd ed., Cambridge Univ. Press)",Jones EG,2007,monograph (no DOI),NONE,HISTORICAL_CONFLICT,HISTORICAL_CONFLICT,NGIQ-BR-00000755,VERIFIED_DIRECT_CONTAINED,高,该背侧丘脑核团为 G1 'Thalamus'(dorsal Thalamus-Proper) 内部核团；ZI/TRN 等非背侧丘脑结构已在专项中排除。,CONFLICT_REVIEW,SOURCE_LEVEL_SPATIAL_ONLY,F,NO,VERIFIED_DIRECT_CONTAINED,NONE,
SPATIAL_COMPATIBLE,NGIQ-BR-00000757,"VLA (Thalamus, ventral lateral anterior Nucleus) right",右侧VLA（丘脑，腹外侧前核）,G4_MICROSTRUCTURAL_FINE,Julich-Brain,right,NGIQ-BR-00000256,Right Thalamus,右丘脑,DIRECT_CONTAINED_HIGH_CONFIDENCE,VERIFIED_DIRECT_CONTAINED,丘脑,该背侧丘脑核团为 G1 'Thalamus'(dorsal Thalamus-Proper) 内部核团；ZI/TRN 等非背侧丘脑结构已在专项中排除。,Julich-Brain cytoarchitectonic atlas (Amunts 2020),"The Thalamus (2nd ed., Cambridge Univ. Press)","The Thalamus (2nd ed., Cambridge Univ. Press)",Jones EG,2007,monograph (no DOI),"dominant_overlap->Right Thalamus, Brainnetome 8_2",NO_HISTORICAL_CONFLICT,NO_HISTORICAL_CONFLICT,NGIQ-BR-00000758,VERIFIED_DIRECT_CONTAINED,高,该背侧丘脑核团为 G1 'Thalamus'(dorsal Thalamus-Proper) 内部核团；ZI/TRN 等非背侧丘脑结构已在专项中排除。,APPROVE_DOMINANT_OVERLAP,LOWER_GRANULARITY_ONLY,F,NO,VERIFIED_DIRECT_CONTAINED,NONE,
SPATIAL_COMPATIBLE,NGIQ-BR-00000758,"VLA (Thalamus, ventral lateral anterior Nucleus) left",左侧VLA（丘脑，腹外侧前核）,G4_MICROSTRUCTURAL_FINE,Julich-Brain,left,NGIQ-BR-00000247,Left Thalamus,左丘脑,DIRECT_CONTAINED_HIGH_CONFIDENCE,VERIFIED_DIRECT_CONTAINED,丘脑,该背侧丘脑核团为 G1 'Thalamus'(dorsal Thalamus-Proper) 内部核团；ZI/TRN 等非背侧丘脑结构已在专项中排除。,Julich-Brain cytoarchitectonic atlas (Amunts 2020),"The Thalamus (2nd ed., Cambridge Univ. Press)","The Thalamus (2nd ed., Cambridge Univ. Press)",Jones EG,2007,monograph (no DOI),"dominant_overlap->Left Thalamus, Brainnetome 8_8",NO_HISTORICAL_CONFLICT,NO_HISTORICAL_CONFLICT,NGIQ-BR-00000757,VERIFIED_DIRECT_CONTAINED,高,该背侧丘脑核团为 G1 'Thalamus'(dorsal Thalamus-Proper) 内部核团；ZI/TRN 等非背侧丘脑结构已在专项中排除。,APPROVE_DOMINANT_OVERLAP,LOWER_GRANULARITY_ONLY,F,NO,VERIFIED_DIRECT_CONTAINED,NONE,
SPATIAL_COMPATIBLE,NGIQ-BR-00000759,"VAmc (Thalamus, ventral anterior Nucleus, magnocellular part) right",右侧VAmc（丘脑，腹前核，大细胞部）,G4_MICROSTRUCTURAL_FINE,Julich-Brain,right,NGIQ-BR-00000256,Right Thalamus,右丘脑,DIRECT_CONTAINED_HIGH_CONFIDENCE,VERIFIED_DIRECT_CONTAINED,丘脑,该背侧丘脑核团为 G1 'Thalamus'(dorsal Thalamus-Proper) 内部核团；ZI/TRN 等非背侧丘脑结构已在专项中排除。,Julich-Brain cytoarchitectonic atlas (Amunts 2020),"The Thalamus (2nd ed., Cambridge Univ. Press)","The Thalamus (2nd ed., Cambridge Univ. Press)",Jones EG,2007,monograph (no DOI),"partial_overlap->Right Thalamus, Brainnetome 8_1; partial_overlap->Right Thalamus, Brainnetome 8_8",NO_HISTORICAL_CONFLICT,NO_HISTORICAL_CONFLICT,NGIQ-BR-00000760,VERIFIED_DIRECT_CONTAINED,高,该背侧丘脑核团为 G1 'Thalamus'(dorsal Thalamus-Proper) 内部核团；ZI/TRN 等非背侧丘脑结构已在专项中排除。,PARTIAL_OVERLAP,LOWER_GRANULARITY_ONLY,F,NO,VERIFIED_DIRECT_CONTAINED,NONE,
HISTORICAL_CONFLICT,NGIQ-BR-00000760,"VAmc (Thalamus, ventral anterior Nucleus, magnocellular part) left",左侧VAmc（丘脑，腹前核，大细胞部）,G4_MICROSTRUCTURAL_FINE,Julich-Brain,left,NGIQ-BR-00000247,Left Thalamus,左丘脑,DIRECT_CONTAINED_HIGH_CONFIDENCE,VERIFIED_DIRECT_CONTAINED,丘脑,该背侧丘脑核团为 G1 'Thalamus'(dorsal Thalamus-Proper) 内部核团；ZI/TRN 等非背侧丘脑结构已在专项中排除。,Julich-Brain cytoarchitectonic atlas (Amunts 2020),"The Thalamus (2nd ed., Cambridge Univ. Press)","The Thalamus (2nd ed., Cambridge Univ. Press)",Jones EG,2007,monograph (no DOI),NONE,HISTORICAL_CONFLICT,HISTORICAL_CONFLICT,NGIQ-BR-00000759,VERIFIED_DIRECT_CONTAINED,高,该背侧丘脑核团为 G1 'Thalamus'(dorsal Thalamus-Proper) 内部核团；ZI/TRN 等非背侧丘脑结构已在专项中排除。,CONFLICT_REVIEW,SOURCE_LEVEL_SPATIAL_ONLY,F,NO,VERIFIED_DIRECT_CONTAINED,NONE,
SPATIAL_COMPATIBLE,NGIQ-BR-00000761,"VPM (Thalamus, ventral posterior medial Nucleus) right",右侧VPM（丘脑，腹后内侧核）,G4_MICROSTRUCTURAL_FINE,Julich-Brain,right,NGIQ-BR-00000256,Right Thalamus,右丘脑,DIRECT_CONTAINED_HIGH_CONFIDENCE,VERIFIED_DIRECT_CONTAINED,丘脑,该背侧丘脑核团为 G1 'Thalamus'(dorsal Thalamus-Proper) 内部核团；ZI/TRN 等非背侧丘脑结构已在专项中排除。,Julich-Brain cytoarchitectonic atlas (Amunts 2020),"The Thalamus (2nd ed., Cambridge Univ. Press)","The Thalamus (2nd ed., Cambridge Univ. Press)",Jones EG,2007,monograph (no DOI),"partial_overlap->Right Thalamus, Brainnetome 8_2; partial_overlap->Right Thalamus, Brainnetome 8_3",NO_HISTORICAL_CONFLICT,NO_HISTORICAL_CONFLICT,NGIQ-BR-00000762,VERIFIED_DIRECT_CONTAINED,高,该背侧丘脑核团为 G1 'Thalamus'(dorsal Thalamus-Proper) 内部核团；ZI/TRN 等非背侧丘脑结构已在专项中排除。,PARTIAL_OVERLAP,LOWER_GRANULARITY_ONLY,F,NO,VERIFIED_DIRECT_CONTAINED,NONE,
HISTORICAL_CONFLICT,NGIQ-BR-00000762,"VPM (Thalamus, ventral posterior medial Nucleus) left",左侧VPM（丘脑，腹后内侧核）,G4_MICROSTRUCTURAL_FINE,Julich-Brain,left,NGIQ-BR-00000247,Left Thalamus,左丘脑,DIRECT_CONTAINED_HIGH_CONFIDENCE,VERIFIED_DIRECT_CONTAINED,丘脑,该背侧丘脑核团为 G1 'Thalamus'(dorsal Thalamus-Proper) 内部核团；ZI/TRN 等非背侧丘脑结构已在专项中排除。,Julich-Brain cytoarchitectonic atlas (Amunts 2020),"The Thalamus (2nd ed., Cambridge Univ. Press)","The Thalamus (2nd ed., Cambridge Univ. Press)",Jones EG,2007,monograph (no DOI),"partial_overlap->Left Thalamus, Brainnetome 8_8; partial_overlap->Left Thalamus, Brainnetome 8_3",HISTORICAL_CONFLICT,HISTORICAL_CONFLICT,NGIQ-BR-00000761,VERIFIED_DIRECT_CONTAINED,高,该背侧丘脑核团为 G1 'Thalamus'(dorsal Thalamus-Proper) 内部核团；ZI/TRN 等非背侧丘脑结构已在专项中排除。,PARTIAL_OVERLAP,LOWER_GRANULARITY_ONLY,F,NO,VERIFIED_DIRECT_CONTAINED,NONE,
HISTORICAL_CONFLICT,NGIQ-BR-00000763,"sPf (Thalamus, subparafascicular Nucleus) right",右侧sPf（丘脑，束旁下核）,G4_MICROSTRUCTURAL_FINE,Julich-Brain,right,NGIQ-BR-00000256,Right Thalamus,右丘脑,DIRECT_CONTAINED_HIGH_CONFIDENCE,VERIFIED_DIRECT_CONTAINED,丘脑,该背侧丘脑核团为 G1 'Thalamus'(dorsal Thalamus-Proper) 内部核团；ZI/TRN 等非背侧丘脑结构已在专项中排除。,Julich-Brain cytoarchitectonic atlas (Amunts 2020),"The Thalamus (2nd ed., Cambridge Univ. Press)","The Thalamus (2nd ed., Cambridge Univ. Press)",Jones EG,2007,monograph (no DOI),NONE,HISTORICAL_CONFLICT,HISTORICAL_CONFLICT,NGIQ-BR-00000764,VERIFIED_DIRECT_CONTAINED,高,该背侧丘脑核团为 G1 'Thalamus'(dorsal Thalamus-Proper) 内部核团；ZI/TRN 等非背侧丘脑结构已在专项中排除。,CONFLICT_REVIEW,SOURCE_LEVEL_SPATIAL_ONLY,F,NO,VERIFIED_DIRECT_CONTAINED,NONE,
HISTORICAL_CONFLICT,NGIQ-BR-00000764,"sPf (Thalamus, subparafascicular Nucleus) left",左侧sPf（丘脑，束旁下核）,G4_MICROSTRUCTURAL_FINE,Julich-Brain,left,NGIQ-BR-00000247,Left Thalamus,左丘脑,DIRECT_CONTAINED_HIGH_CONFIDENCE,VERIFIED_DIRECT_CONTAINED,丘脑,该背侧丘脑核团为 G1 'Thalamus'(dorsal Thalamus-Proper) 内部核团；ZI/TRN 等非背侧丘脑结构已在专项中排除。,Julich-Brain cytoarchitectonic atlas (Amunts 2020),"The Thalamus (2nd ed., Cambridge Univ. Press)","The Thalamus (2nd ed., Cambridge Univ. Press)",Jones EG,2007,monograph (no DOI),NONE,HISTORICAL_CONFLICT,HISTORICAL_CONFLICT,NGIQ-BR-00000763,VERIFIED_DIRECT_CONTAINED,高,该背侧丘脑核团为 G1 'Thalamus'(dorsal Thalamus-Proper) 内部核团；ZI/TRN 等非背侧丘脑结构已在专项中排除。,CONFLICT_REVIEW,SOURCE_LEVEL_SPATIAL_ONLY,F,NO,VERIFIED_DIRECT_CONTAINED,NONE,
HISTORICAL_CONFLICT,NGIQ-BR-00000765,"Pf (Thalamus, parafascicular Nucleus) right",右侧Pf（丘脑，束旁核）,G4_MICROSTRUCTURAL_FINE,Julich-Brain,right,NGIQ-BR-00000256,Right Thalamus,右丘脑,DIRECT_CONTAINED_HIGH_CONFIDENCE,VERIFIED_DIRECT_CONTAINED,丘脑,该背侧丘脑核团为 G1 'Thalamus'(dorsal Thalamus-Proper) 内部核团；ZI/TRN 等非背侧丘脑结构已在专项中排除。,Julich-Brain cytoarchitectonic atlas (Amunts 2020),"The Thalamus (2nd ed., Cambridge Univ. Press)","The Thalamus (2nd ed., Cambridge Univ. Press)",Jones EG,2007,monograph (no DOI),NONE,HISTORICAL_CONFLICT,HISTORICAL_CONFLICT,NGIQ-BR-00000766,VERIFIED_DIRECT_CONTAINED,高,该背侧丘脑核团为 G1 'Thalamus'(dorsal Thalamus-Proper) 内部核团；ZI/TRN 等非背侧丘脑结构已在专项中排除。,CONFLICT_REVIEW,SOURCE_LEVEL_SPATIAL_ONLY,F,NO,VERIFIED_DIRECT_CONTAINED,NONE,
SPATIAL_COMPATIBLE,NGIQ-BR-00000766,"Pf (Thalamus, parafascicular Nucleus) left",左侧Pf（丘脑，束旁核）,G4_MICROSTRUCTURAL_FINE,Julich-Brain,left,NGIQ-BR-00000247,Left Thalamus,左丘脑,DIRECT_CONTAINED_HIGH_CONFIDENCE,VERIFIED_DIRECT_CONTAINED,丘脑,该背侧丘脑核团为 G1 'Thalamus'(dorsal Thalamus-Proper) 内部核团；ZI/TRN 等非背侧丘脑结构已在专项中排除。,Julich-Brain cytoarchitectonic atlas (Amunts 2020),"The Thalamus (2nd ed., Cambridge Univ. Press)","The Thalamus (2nd ed., Cambridge Univ. Press)",Jones EG,2007,monograph (no DOI),"dominant_overlap->Left Thalamus, Brainnetome 8_8",NO_HISTORICAL_CONFLICT,NO_HISTORICAL_CONFLICT,NGIQ-BR-00000765,VERIFIED_DIRECT_CONTAINED,高,该背侧丘脑核团为 G1 'Thalamus'(dorsal Thalamus-Proper) 内部核团；ZI/TRN 等非背侧丘脑结构已在专项中排除。,APPROVE_DOMINANT_OVERLAP,LOWER_GRANULARITY_ONLY,F,NO,VERIFIED_DIRECT_CONTAINED,NONE,
SPATIAL_COMPATIBLE,NGIQ-BR-00000767,"CM (Thalamus, centromedian Nucleus) right",右侧CM（丘脑，中央中核）,G4_MICROSTRUCTURAL_FINE,Julich-Brain,right,NGIQ-BR-00000256,Right Thalamus,右丘脑,DIRECT_CONTAINED_HIGH_CONFIDENCE,VERIFIED_DIRECT_CONTAINED,丘脑,该背侧丘脑核团为 G1 'Thalamus'(dorsal Thalamus-Proper) 内部核团；ZI/TRN 等非背侧丘脑结构已在专项中排除。,Julich-Brain cytoarchitectonic atlas (Amunts 2020),"The Thalamus (2nd ed., Cambridge Univ. Press)","The Thalamus (2nd ed., Cambridge Univ. Press)",Jones EG,2007,monograph (no DOI),"partial_overlap->Right Thalamus, Brainnetome 8_2; partial_overlap->Right Thalamus, Brainnetome 8_8; partial_overlap->Right Thalamus, Brainnetome 8_3",NO_HISTORICAL_CONFLICT,NO_HISTORICAL_CONFLICT,NGIQ-BR-00000768,VERIFIED_DIRECT_CONTAINED,高,该背侧丘脑核团为 G1 'Thalamus'(dorsal Thalamus-Proper) 内部核团；ZI/TRN 等非背侧丘脑结构已在专项中排除。,PARTIAL_OVERLAP,LOWER_GRANULARITY_ONLY,F,NO,VERIFIED_DIRECT_CONTAINED,NONE,
SPATIAL_COMPATIBLE,NGIQ-BR-00000768,"CM (Thalamus, centromedian Nucleus) left",左侧CM（丘脑，中央中核）,G4_MICROSTRUCTURAL_FINE,Julich-Brain,left,NGIQ-BR-00000247,Left Thalamus,左丘脑,DIRECT_CONTAINED_HIGH_CONFIDENCE,VERIFIED_DIRECT_CONTAINED,丘脑,该背侧丘脑核团为 G1 'Thalamus'(dorsal Thalamus-Proper) 内部核团；ZI/TRN 等非背侧丘脑结构已在专项中排除。,Julich-Brain cytoarchitectonic atlas (Amunts 2020),"The Thalamus (2nd ed., Cambridge Univ. Press)","The Thalamus (2nd ed., Cambridge Univ. Press)",Jones EG,2007,monograph (no DOI),"dominant_overlap->Left Thalamus, Brainnetome 8_8",NO_HISTORICAL_CONFLICT,NO_HISTORICAL_CONFLICT,NGIQ-BR-00000767,VERIFIED_DIRECT_CONTAINED,高,该背侧丘脑核团为 G1 'Thalamus'(dorsal Thalamus-Proper) 内部核团；ZI/TRN 等非背侧丘脑结构已在专项中排除。,APPROVE_DOMINANT_OVERLAP,LOWER_GRANULARITY_ONLY,F,NO,VERIFIED_DIRECT_CONTAINED,NONE,
HISTORICAL_CONFLICT,NGIQ-BR-00000769,"CL (Thalamus, anterior intralaminar nuclei) right",右侧CL（丘脑，前部板内核群）,G4_MICROSTRUCTURAL_FINE,Julich-Brain,right,NGIQ-BR-00000256,Right Thalamus,右丘脑,DIRECT_CONTAINED_HIGH_CONFIDENCE,VERIFIED_DIRECT_CONTAINED,丘脑,该背侧丘脑核团为 G1 'Thalamus'(dorsal Thalamus-Proper) 内部核团；ZI/TRN 等非背侧丘脑结构已在专项中排除。,Julich-Brain cytoarchitectonic atlas (Amunts 2020),"The Thalamus (2nd ed., Cambridge Univ. Press)","The Thalamus (2nd ed., Cambridge Univ. Press)",Jones EG,2007,monograph (no DOI),NONE,HISTORICAL_CONFLICT,HISTORICAL_CONFLICT,NGIQ-BR-00000770,VERIFIED_DIRECT_CONTAINED,高,该背侧丘脑核团为 G1 'Thalamus'(dorsal Thalamus-Proper) 内部核团；ZI/TRN 等非背侧丘脑结构已在专项中排除。,CONFLICT_REVIEW,SOURCE_LEVEL_SPATIAL_ONLY,F,NO,VERIFIED_DIRECT_CONTAINED,NONE,
HISTORICAL_CONFLICT,NGIQ-BR-00000770,"CL (Thalamus, anterior intralaminar nuclei) left",左侧CL（丘脑，前部板内核群）,G4_MICROSTRUCTURAL_FINE,Julich-Brain,left,NGIQ-BR-00000247,Left Thalamus,左丘脑,DIRECT_CONTAINED_HIGH_CONFIDENCE,VERIFIED_DIRECT_CONTAINED,丘脑,该背侧丘脑核团为 G1 'Thalamus'(dorsal Thalamus-Proper) 内部核团；ZI/TRN 等非背侧丘脑结构已在专项中排除。,Julich-Brain cytoarchitectonic atlas (Amunts 2020),"The Thalamus (2nd ed., Cambridge Univ. Press)","The Thalamus (2nd ed., Cambridge Univ. Press)",Jones EG,2007,monograph (no DOI),NONE,HISTORICAL_CONFLICT,HISTORICAL_CONFLICT,NGIQ-BR-00000769,VERIFIED_DIRECT_CONTAINED,高,该背侧丘脑核团为 G1 'Thalamus'(dorsal Thalamus-Proper) 内部核团；ZI/TRN 等非背侧丘脑结构已在专项中排除。,CONFLICT_REVIEW,SOURCE_LEVEL_SPATIAL_ONLY,F,NO,VERIFIED_DIRECT_CONTAINED,NONE,
