component_index,parcel_id,official_name,official_code,canonical_g3_id,hemisphere,lut_name,lobe,macro_gyrus_name,source_asset,source_sha256,output_asset,output_sha256,source_space,target_space,transform_sha256,tool,tool_version,interpolation,source_scale,output_scale,source_nonzero_voxels,target_nonzero_voxels,source_probability_sum,target_probability_sum,probability_sum_ratio,support_volume_ratio,target_grid_match,hemisphere_check,finite_check,range_check,nonempty_check,cross_check,boundary_touch_fraction,correct_side_mass_fraction,transform_status
1,1,Superior frontal gyrus,SFG_L_7_1,NGIQ-BR-00000001,left,A8m_L,Frontal lobe,Superior frontal gyrus,data/atlases/brainnetome/bna246/volume_raw/BNA_PM_4D.nii.gz,b1318517f61d08f714c25e55ee580eb8a487c0b7ab1ddbcc7eac852e4e97f020,data/atlases/brainnetome/bna246/transformed_to_julich2009c/probability_maps/BNA_PM_comp001_SFG_L_7_1_prob_2009c.nii.gz,2fc78e671baba7109115927826967d59c14e361659cb0e1ad15c19078b73d9ad,MNI152NLin6Asym (HCP40 1.25mm grid),MNI152NLin2009cAsym 1mm,2e3869a07b96aec406e0419ca2e434afc54882d37cc212b933b139d1b63a4dfe,SimpleITK,2.5.6,Linear,percent_0_100,normalized_0_1,18688,55869,385387.0186,8259.6966,0.021432,2.989565,True,True,True,True,True,True,0.0,0.96724,PASS
2,2,Superior frontal gyrus,SFG_R_7_1,NGIQ-BR-00000002,right,A8m_R,Frontal lobe,Superior frontal gyrus,data/atlases/brainnetome/bna246/volume_raw/BNA_PM_4D.nii.gz,b1318517f61d08f714c25e55ee580eb8a487c0b7ab1ddbcc7eac852e4e97f020,data/atlases/brainnetome/bna246/transformed_to_julich2009c/probability_maps/BNA_PM_comp002_SFG_R_7_1_prob_2009c.nii.gz,52f9dfe92405ac4b201d64acedf37ed25d370d03d84e2257577b3fcf1c454faf,MNI152NLin6Asym (HCP40 1.25mm grid),MNI152NLin2009cAsym 1mm,2e3869a07b96aec406e0419ca2e434afc54882d37cc212b933b139d1b63a4dfe,SimpleITK,2.5.6,Linear,percent_0_100,normalized_0_1,17173,50436,389565.9534,8018.9721,0.020584,2.936936,True,True,True,True,True,True,0.0,0.9739,PASS
3,3,Superior frontal gyrus,SFG_L_7_2,NGIQ-BR-00000021,left,A8dl_L,Frontal lobe,Superior frontal gyrus,data/atlases/brainnetome/bna246/volume_raw/BNA_PM_4D.nii.gz,b1318517f61d08f714c25e55ee580eb8a487c0b7ab1ddbcc7eac852e4e97f020,data/atlases/brainnetome/bna246/transformed_to_julich2009c/probability_maps/BNA_PM_comp003_SFG_L_7_2_prob_2009c.nii.gz,4553bcb316fbae6147ea447972a717c7057c63445e63241a5586005da0f4d703,MNI152NLin6Asym (HCP40 1.25mm grid),MNI152NLin2009cAsym 1mm,2e3869a07b96aec406e0419ca2e434afc54882d37cc212b933b139d1b63a4dfe,SimpleITK,2.5.6,Linear,percent_0_100,normalized_0_1,10334,32770,338340.0022,7737.2371,0.022868,3.171086,True,True,True,True,True,True,0.0,0.999808,PASS
4,4,Superior frontal gyrus,SFG_R_7_2,NGIQ-BR-00000022,right,A8dl_R,Frontal lobe,Superior frontal gyrus,data/atlases/brainnetome/bna246/volume_raw/BNA_PM_4D.nii.gz,b1318517f61d08f714c25e55ee580eb8a487c0b7ab1ddbcc7eac852e4e97f020,data/atlases/brainnetome/bna246/transformed_to_julich2009c/probability_maps/BNA_PM_comp004_SFG_R_7_2_prob_2009c.nii.gz,4359a035ed6dbc11bff666d26f65d2a0d0494d4de979e678ec64a4c5acc95171,MNI152NLin6Asym (HCP40 1.25mm grid),MNI152NLin2009cAsym 1mm,2e3869a07b96aec406e0419ca2e434afc54882d37cc212b933b139d1b63a4dfe,SimpleITK,2.5.6,Linear,percent_0_100,normalized_0_1,11448,34218,339396.5908,7141.0004,0.02104,2.988994,True,True,True,True,True,True,0.0,0.999501,PASS
5,5,Superior frontal gyrus,SFG_L_7_3,NGIQ-BR-00000023,left,A9l_L,Frontal lobe,Superior frontal gyrus,data/atlases/brainnetome/bna246/volume_raw/BNA_PM_4D.nii.gz,b1318517f61d08f714c25e55ee580eb8a487c0b7ab1ddbcc7eac852e4e97f020,data/atlases/brainnetome/bna246/transformed_to_julich2009c/probability_maps/BNA_PM_comp005_SFG_L_7_3_prob_2009c.nii.gz,1a8142b4f890e1106e118bb5dc2275c6a1f3451b6c624bdb20ebf9bfdff288dd,MNI152NLin6Asym (HCP40 1.25mm grid),MNI152NLin2009cAsym 1mm,2e3869a07b96aec406e0419ca2e434afc54882d37cc212b933b139d1b63a4dfe,SimpleITK,2.5.6,Linear,percent_0_100,normalized_0_1,18588,55439,394480.6186,8508.7867,0.02157,2.982516,True,True,True,True,True,True,0.0,0.993271,PASS
6,6,Superior frontal gyrus,SFG_R_7_3,NGIQ-BR-00000024,right,A9l_R,Frontal lobe,Superior frontal gyrus,data/atlases/brainnetome/bna246/volume_raw/BNA_PM_4D.nii.gz,b1318517f61d08f714c25e55ee580eb8a487c0b7ab1ddbcc7eac852e4e97f020,data/atlases/brainnetome/bna246/transformed_to_julich2009c/probability_maps/BNA_PM_comp006_SFG_R_7_3_prob_2009c.nii.gz,6666db4e906d7ad77dc8c44f8fbaf1e39761234c32d38988f428f986d480c42e,MNI152NLin6Asym (HCP40 1.25mm grid),MNI152NLin2009cAsym 1mm,2e3869a07b96aec406e0419ca2e434afc54882d37cc212b933b139d1b63a4dfe,SimpleITK,2.5.6,Linear,percent_0_100,normalized_0_1,17266,50170,412625.4911,8339.2676,0.02021,2.905711,True,True,True,True,True,True,0.0,0.989822,PASS
7,7,Superior frontal gyrus,SFG_L_7_4,NGIQ-BR-00000025,left,A6dl_L,Frontal lobe,Superior frontal gyrus,data/atlases/brainnetome/bna246/volume_raw/BNA_PM_4D.nii.gz,b1318517f61d08f714c25e55ee580eb8a487c0b7ab1ddbcc7eac852e4e97f020,data/atlases/brainnetome/bna246/transformed_to_julich2009c/probability_maps/BNA_PM_comp007_SFG_L_7_4_prob_2009c.nii.gz,5a2272ba52a3577295996e14fd16f6a07e04168eac1900146880f8f2f107ac44,MNI152NLin6Asym (HCP40 1.25mm grid),MNI152NLin2009cAsym 1mm,2e3869a07b96aec406e0419ca2e434afc54882d37cc212b933b139d1b63a4dfe,SimpleITK,2.5.6,Linear,percent_0_100,normalized_0_1,10599,33939,272485.6929,5765.3206,0.021158,3.202095,True,True,True,True,True,True,0.0,0.998352,PASS
8,8,Superior frontal gyrus,SFG_R_7_4,NGIQ-BR-00000026,right,A6dl_R,Frontal lobe,Superior frontal gyrus,data/atlases/brainnetome/bna246/volume_raw/BNA_PM_4D.nii.gz,b1318517f61d08f714c25e55ee580eb8a487c0b7ab1ddbcc7eac852e4e97f020,data/atlases/brainnetome/bna246/transformed_to_julich2009c/probability_maps/BNA_PM_comp008_SFG_R_7_4_prob_2009c.nii.gz,840e75773d8c0bfe0029e66c478d6ace91a1eeb0f10aa574201bb6538c6e9021,MNI152NLin6Asym (HCP40 1.25mm grid),MNI152NLin2009cAsym 1mm,2e3869a07b96aec406e0419ca2e434afc54882d37cc212b933b139d1b63a4dfe,SimpleITK,2.5.6,Linear,percent_0_100,normalized_0_1,11764,35031,295084.6964,6028.9589,0.020431,2.977814,True,True,True,True,True,True,0.0,0.997247,PASS
9,9,Superior frontal gyrus,SFG_L_7_5,NGIQ-BR-00000027,left,A6m_L,Frontal lobe,Superior frontal gyrus,data/atlases/brainnetome/bna246/volume_raw/BNA_PM_4D.nii.gz,b1318517f61d08f714c25e55ee580eb8a487c0b7ab1ddbcc7eac852e4e97f020,data/atlases/brainnetome/bna246/transformed_to_julich2009c/probability_maps/BNA_PM_comp009_SFG_L_7_5_prob_2009c.nii.gz,2b47e6703eace7028b6a49fad43d81300eb5f23fc60d82a9d8184edcad3c93e3,MNI152NLin6Asym (HCP40 1.25mm grid),MNI152NLin2009cAsym 1mm,2e3869a07b96aec406e0419ca2e434afc54882d37cc212b933b139d1b63a4dfe,SimpleITK,2.5.6,Linear,percent_0_100,normalized_0_1,7943,23806,331320.8104,7075.9952,0.021357,2.997104,True,True,True,True,True,True,0.0,0.961589,PASS
10,10,Superior frontal gyrus,SFG_R_7_5,NGIQ-BR-00000028,right,A6m_R,Frontal lobe,Superior frontal gyrus,data/atlases/brainnetome/bna246/volume_raw/BNA_PM_4D.nii.gz,b1318517f61d08f714c25e55ee580eb8a487c0b7ab1ddbcc7eac852e4e97f020,data/atlases/brainnetome/bna246/transformed_to_julich2009c/probability_maps/BNA_PM_comp010_SFG_R_7_5_prob_2009c.nii.gz,c2baaa63a095f7864d47458581b536228e0f3ef107ec0d4b1010d7a9072c8153,MNI152NLin6Asym (HCP40 1.25mm grid),MNI152NLin2009cAsym 1mm,2e3869a07b96aec406e0419ca2e434afc54882d37cc212b933b139d1b63a4dfe,SimpleITK,2.5.6,Linear,percent_0_100,normalized_0_1,7974,24160,313323.3674,6822.3767,0.021774,3.029847,True,True,True,True,True,True,0.0,0.955652,PASS
11,11,Superior frontal gyrus,SFG_L_7_6,NGIQ-BR-00000029,left,A9m_L,Frontal lobe,Superior frontal gyrus,data/atlases/brainnetome/bna246/volume_raw/BNA_PM_4D.nii.gz,b1318517f61d08f714c25e55ee580eb8a487c0b7ab1ddbcc7eac852e4e97f020,data/atlases/brainnetome/bna246/transformed_to_julich2009c/probability_maps/BNA_PM_comp011_SFG_L_7_6_prob_2009c.nii.gz,6a53a376eca59e8dbfe99182c2a78b87897566ad623ebe2ba2d9f9ee0be84087,MNI152NLin6Asym (HCP40 1.25mm grid),MNI152NLin2009cAsym 1mm,2e3869a07b96aec406e0419ca2e434afc54882d37cc212b933b139d1b63a4dfe,SimpleITK,2.5.6,Linear,percent_0_100,normalized_0_1,20098,59106,371656.0688,7968.3666,0.02144,2.94089,True,True,True,True,True,True,0.0,0.967982,PASS
12,12,Superior frontal gyrus,SFG_R_7_6,NGIQ-BR-00000030,right,A9m_R,Frontal lobe,Superior frontal gyrus,data/atlases/brainnetome/bna246/volume_raw/BNA_PM_4D.nii.gz,b1318517f61d08f714c25e55ee580eb8a487c0b7ab1ddbcc7eac852e4e97f020,data/atlases/brainnetome/bna246/transformed_to_julich2009c/probability_maps/BNA_PM_comp012_SFG_R_7_6_prob_2009c.nii.gz,045ac333a1c75d673b4e0d95c003164d86f885dda837036dcab1e03cafa4119e,MNI152NLin6Asym (HCP40 1.25mm grid),MNI152NLin2009cAsym 1mm,2e3869a07b96aec406e0419ca2e434afc54882d37cc212b933b139d1b63a4dfe,SimpleITK,2.5.6,Linear,percent_0_100,normalized_0_1,17966,53381,407431.2108,8508.6154,0.020884,2.971223,True,True,True,True,True,True,0.0,0.940658,PASS
13,13,Superior frontal gyrus,SFG_L_7_7,NGIQ-BR-00000031,left,A10m_L,Frontal lobe,Superior frontal gyrus,data/atlases/brainnetome/bna246/volume_raw/BNA_PM_4D.nii.gz,b1318517f61d08f714c25e55ee580eb8a487c0b7ab1ddbcc7eac852e4e97f020,data/atlases/brainnetome/bna246/transformed_to_julich2009c/probability_maps/BNA_PM_comp013_SFG_L_7_7_prob_2009c.nii.gz,8082247b7ddf83d7b6fdd9021423d5d53dc6e25543a753a66c9f9580ed467b7f,MNI152NLin6Asym (HCP40 1.25mm grid),MNI152NLin2009cAsym 1mm,2e3869a07b96aec406e0419ca2e434afc54882d37cc212b933b139d1b63a4dfe,SimpleITK,2.5.6,Linear,percent_0_100,normalized_0_1,10310,31926,431829.7859,9444.0973,0.02187,3.096605,True,True,True,True,True,True,0.0,0.985088,PASS
14,14,Superior frontal gyrus,SFG_R_7_7,NGIQ-BR-00000032,right,A10m_R,Frontal lobe,Superior frontal gyrus,data/atlases/brainnetome/bna246/volume_raw/BNA_PM_4D.nii.gz,b1318517f61d08f714c25e55ee580eb8a487c0b7ab1ddbcc7eac852e4e97f020,data/atlases/brainnetome/bna246/transformed_to_julich2009c/probability_maps/BNA_PM_comp014_SFG_R_7_7_prob_2009c.nii.gz,e46ec675b6d9f6d9d78934160fb607a68c875ff0c5df8ef3007ef154aa311903,MNI152NLin6Asym (HCP40 1.25mm grid),MNI152NLin2009cAsym 1mm,2e3869a07b96aec406e0419ca2e434afc54882d37cc212b933b139d1b63a4dfe,SimpleITK,2.5.6,Linear,percent_0_100,normalized_0_1,13644,41236,411272.6866,8669.9365,0.021081,3.022281,True,True,True,True,True,True,0.0,0.952648,PASS
15,15,Middle frontal gyrus,MFG_L_7_1,NGIQ-BR-00000033,left,A9/46d_L,Frontal lobe,Middle frontal gyrus,data/atlases/brainnetome/bna246/volume_raw/BNA_PM_4D.nii.gz,b1318517f61d08f714c25e55ee580eb8a487c0b7ab1ddbcc7eac852e4e97f020,data/atlases/brainnetome/bna246/transformed_to_julich2009c/probability_maps/BNA_PM_comp015_MFG_L_7_1_prob_2009c.nii.gz,5b489de07003a6e63c80efde66c5ff52138c7839f5bff0cc3ea66292f80e43b3,MNI152NLin6Asym (HCP40 1.25mm grid),MNI152NLin2009cAsym 1mm,2e3869a07b96aec406e0419ca2e434afc54882d37cc212b933b139d1b63a4dfe,SimpleITK,2.5.6,Linear,percent_0_100,normalized_0_1,18079,49647,421770.9402,8354.67,0.019809,2.746114,True,True,True,True,True,True,0.0,1.0,PASS
16,16,Middle frontal gyrus,MFG_R_7_1,NGIQ-BR-00000034,right,A9/46d_R,Frontal lobe,Middle frontal gyrus,data/atlases/brainnetome/bna246/volume_raw/BNA_PM_4D.nii.gz,b1318517f61d08f714c25e55ee580eb8a487c0b7ab1ddbcc7eac852e4e97f020,data/atlases/brainnetome/bna246/transformed_to_julich2009c/probability_maps/BNA_PM_comp016_MFG_R_7_1_prob_2009c.nii.gz,ba32d5b2081b7702bad4addbba4de122675b10b62b9bf6676e237a83fdc2cbac,MNI152NLin6Asym (HCP40 1.25mm grid),MNI152NLin2009cAsym 1mm,2e3869a07b96aec406e0419ca2e434afc54882d37cc212b933b139d1b63a4dfe,SimpleITK,2.5.6,Linear,percent_0_100,normalized_0_1,18328,53108,424444.2992,9224.1281,0.021732,2.897643,True,True,True,True,True,True,0.0,1.0,PASS
17,17,Middle frontal gyrus,MFG_L_7_2,NGIQ-BR-00000035,left,IFJ_L,Frontal lobe,Middle frontal gyrus,data/atlases/brainnetome/bna246/volume_raw/BNA_PM_4D.nii.gz,b1318517f61d08f714c25e55ee580eb8a487c0b7ab1ddbcc7eac852e4e97f020,data/atlases/brainnetome/bna246/transformed_to_julich2009c/probability_maps/BNA_PM_comp017_MFG_L_7_2_prob_2009c.nii.gz,ae3b15e16ba0dd51a937bf15a559ac2dd6cff4bbb85081060fcc03af4ee3fc02,MNI152NLin6Asym (HCP40 1.25mm grid),MNI152NLin2009cAsym 1mm,2e3869a07b96aec406e0419ca2e434afc54882d37cc212b933b139d1b63a4dfe,SimpleITK,2.5.6,Linear,percent_0_100,normalized_0_1,13125,36979,337034.3306,6807.7977,0.020199,2.817448,True,True,True,True,True,True,0.0,1.0,PASS
18,18,Middle frontal gyrus,MFG_R_7_2,NGIQ-BR-00000036,right,IFJ_R,Frontal lobe,Middle frontal gyrus,data/atlases/brainnetome/bna246/volume_raw/BNA_PM_4D.nii.gz,b1318517f61d08f714c25e55ee580eb8a487c0b7ab1ddbcc7eac852e4e97f020,data/atlases/brainnetome/bna246/transformed_to_julich2009c/probability_maps/BNA_PM_comp018_MFG_R_7_2_prob_2009c.nii.gz,bda674655d2aa1013d5ffd67f7cc6382bf8febd4431d52e1602bcb21b700d07a,MNI152NLin6Asym (HCP40 1.25mm grid),MNI152NLin2009cAsym 1mm,2e3869a07b96aec406e0419ca2e434afc54882d37cc212b933b139d1b63a4dfe,SimpleITK,2.5.6,Linear,percent_0_100,normalized_0_1,11893,37819,316283.9099,6654.2952,0.021039,3.179938,True,True,True,True,True,True,0.0,1.0,PASS
19,19,Middle frontal gyrus,MFG_L_7_3,NGIQ-BR-00000037,left,A46_L,Frontal lobe,Middle frontal gyrus,data/atlases/brainnetome/bna246/volume_raw/BNA_PM_4D.nii.gz,b1318517f61d08f714c25e55ee580eb8a487c0b7ab1ddbcc7eac852e4e97f020,data/atlases/brainnetome/bna246/transformed_to_julich2009c/probability_maps/BNA_PM_comp019_MFG_L_7_3_prob_2009c.nii.gz,c3dfe314e4c1f9d24387502dd5549f0f135584906ba3d3347b56dfbbcc1c84b5,MNI152NLin6Asym (HCP40 1.25mm grid),MNI152NLin2009cAsym 1mm,2e3869a07b96aec406e0419ca2e434afc54882d37cc212b933b139d1b63a4dfe,SimpleITK,2.5.6,Linear,percent_0_100,normalized_0_1,22684,61981,413896.2497,8936.6802,0.021592,2.732366,True,True,True,True,True,True,0.0,1.0,PASS
20,20,Middle frontal gyrus,MFG_R_7_3,NGIQ-BR-00000038,right,A46_R,Frontal lobe,Middle frontal gyrus,data/atlases/brainnetome/bna246/volume_raw/BNA_PM_4D.nii.gz,b1318517f61d08f714c25e55ee580eb8a487c0b7ab1ddbcc7eac852e4e97f020,data/atlases/brainnetome/bna246/transformed_to_julich2009c/probability_maps/BNA_PM_comp020_MFG_R_7_3_prob_2009c.nii.gz,2b3f558ab18d4cb3fc047edb94fce917adbefe9c98fea715aa1e2e3523f44097,MNI152NLin6Asym (HCP40 1.25mm grid),MNI152NLin2009cAsym 1mm,2e3869a07b96aec406e0419ca2e434afc54882d37cc212b933b139d1b63a4dfe,SimpleITK,2.5.6,Linear,percent_0_100,normalized_0_1,16493,48579,442546.2009,9447.7885,0.021349,2.945431,True,True,True,True,True,True,0.0,1.0,PASS
21,21,Middle frontal gyrus,MFG_L_7_4,NGIQ-BR-00000039,left,A9/46v_L,Frontal lobe,Middle frontal gyrus,data/atlases/brainnetome/bna246/volume_raw/BNA_PM_4D.nii.gz,b1318517f61d08f714c25e55ee580eb8a487c0b7ab1ddbcc7eac852e4e97f020,data/atlases/brainnetome/bna246/transformed_to_julich2009c/probability_maps/BNA_PM_comp021_MFG_L_7_4_prob_2009c.nii.gz,de8537838b3b17b1da796f768eabcb9fcb1cf7dd7b0ef749618957c4dea7ba13,MNI152NLin6Asym (HCP40 1.25mm grid),MNI152NLin2009cAsym 1mm,2e3869a07b96aec406e0419ca2e434afc54882d37cc212b933b139d1b63a4dfe,SimpleITK,2.5.6,Linear,percent_0_100,normalized_0_1,18409,51950,430724.3475,9208.4338,0.021379,2.821989,True,True,True,True,True,True,0.0,1.0,PASS
22,22,Middle frontal gyrus,MFG_R_7_4,NGIQ-BR-00000040,right,A9/46v_R,Frontal lobe,Middle frontal gyrus,data/atlases/brainnetome/bna246/volume_raw/BNA_PM_4D.nii.gz,b1318517f61d08f714c25e55ee580eb8a487c0b7ab1ddbcc7eac852e4e97f020,data/atlases/brainnetome/bna246/transformed_to_julich2009c/probability_maps/BNA_PM_comp022_MFG_R_7_4_prob_2009c.nii.gz,de34f676ac3645dbd81423e6d1cf60fc7d1bc4b8ed9d7fe5a50fb4b8e72d7741,MNI152NLin6Asym (HCP40 1.25mm grid),MNI152NLin2009cAsym 1mm,2e3869a07b96aec406e0419ca2e434afc54882d37cc212b933b139d1b63a4dfe,SimpleITK,2.5.6,Linear,percent_0_100,normalized_0_1,18408,54577,384281.0661,8508.2198,0.022141,2.964852,True,True,True,True,True,True,0.0,1.0,PASS
23,23,Middle frontal gyrus,MFG_L_7_5,NGIQ-BR-00000041,left,A8vl_L,Frontal lobe,Middle frontal gyrus,data/atlases/brainnetome/bna246/volume_raw/BNA_PM_4D.nii.gz,b1318517f61d08f714c25e55ee580eb8a487c0b7ab1ddbcc7eac852e4e97f020,data/atlases/brainnetome/bna246/transformed_to_julich2009c/probability_maps/BNA_PM_comp023_MFG_L_7_5_prob_2009c.nii.gz,c9587c778df14517b4c8702c5baab110092a9480da264402648d7a513ea35249,MNI152NLin6Asym (HCP40 1.25mm grid),MNI152NLin2009cAsym 1mm,2e3869a07b96aec406e0419ca2e434afc54882d37cc212b933b139d1b63a4dfe,SimpleITK,2.5.6,Linear,percent_0_100,normalized_0_1,15829,44969,361790.971,7070.8826,0.019544,2.840925,True,True,True,True,True,True,0.0,1.0,PASS
24,24,Middle frontal gyrus,MFG_R_7_5,NGIQ-BR-00000042,right,A8vl_R,Frontal lobe,Middle frontal gyrus,data/atlases/brainnetome/bna246/volume_raw/BNA_PM_4D.nii.gz,b1318517f61d08f714c25e55ee580eb8a487c0b7ab1ddbcc7eac852e4e97f020,data/atlases/brainnetome/bna246/transformed_to_julich2009c/probability_maps/BNA_PM_comp024_MFG_R_7_5_prob_2009c.nii.gz,464e3f10639d4c2aeb8491ddbd2f801ac01f079682b13b125097cddcd3fc0d31,MNI152NLin6Asym (HCP40 1.25mm grid),MNI152NLin2009cAsym 1mm,2e3869a07b96aec406e0419ca2e434afc54882d37cc212b933b139d1b63a4dfe,SimpleITK,2.5.6,Linear,percent_0_100,normalized_0_1,19549,56772,360385.7005,7858.0562,0.021805,2.904087,True,True,True,True,True,True,0.0,1.0,PASS
25,25,Middle frontal gyrus,MFG_L_7_6,NGIQ-BR-00000043,left,A6vl_L,Frontal lobe,Middle frontal gyrus,data/atlases/brainnetome/bna246/volume_raw/BNA_PM_4D.nii.gz,b1318517f61d08f714c25e55ee580eb8a487c0b7ab1ddbcc7eac852e4e97f020,data/atlases/brainnetome/bna246/transformed_to_julich2009c/probability_maps/BNA_PM_comp025_MFG_L_7_6_prob_2009c.nii.gz,878d1d977f03b026a1aee470fa4fb04343e417cebd7a532cdc0bf567e8e5ff46,MNI152NLin6Asym (HCP40 1.25mm grid),MNI152NLin2009cAsym 1mm,2e3869a07b96aec406e0419ca2e434afc54882d37cc212b933b139d1b63a4dfe,SimpleITK,2.5.6,Linear,percent_0_100,normalized_0_1,15651,47649,303606.9435,6198.5965,0.020417,3.04447,True,True,True,True,True,True,0.0,1.0,PASS
26,26,Middle frontal gyrus,MFG_R_7_6,NGIQ-BR-00000044,right,A6vl_R,Frontal lobe,Middle frontal gyrus,data/atlases/brainnetome/bna246/volume_raw/BNA_PM_4D.nii.gz,b1318517f61d08f714c25e55ee580eb8a487c0b7ab1ddbcc7eac852e4e97f020,data/atlases/brainnetome/bna246/transformed_to_julich2009c/probability_maps/BNA_PM_comp026_MFG_R_7_6_prob_2009c.nii.gz,cf1e7dc454518cd77ee7e43c96db0331d49463a45e77f00997a47d99b42bf966,MNI152NLin6Asym (HCP40 1.25mm grid),MNI152NLin2009cAsym 1mm,2e3869a07b96aec406e0419ca2e434afc54882d37cc212b933b139d1b63a4dfe,SimpleITK,2.5.6,Linear,percent_0_100,normalized_0_1,11272,35516,286085.7629,5921.8189,0.020699,3.150816,True,True,True,True,True,True,0.0,1.0,PASS
27,27,Middle frontal gyrus,MFG_L_7_7,NGIQ-BR-00000045,left,A10l_L,Frontal lobe,Middle frontal gyrus,data/atlases/brainnetome/bna246/volume_raw/BNA_PM_4D.nii.gz,b1318517f61d08f714c25e55ee580eb8a487c0b7ab1ddbcc7eac852e4e97f020,data/atlases/brainnetome/bna246/transformed_to_julich2009c/probability_maps/BNA_PM_comp027_MFG_L_7_7_prob_2009c.nii.gz,f7c69a88643541426918f4625e32b4290f37f2fbb6effb4f60786ed84cff414e,MNI152NLin6Asym (HCP40 1.25mm grid),MNI152NLin2009cAsym 1mm,2e3869a07b96aec406e0419ca2e434afc54882d37cc212b933b139d1b63a4dfe,SimpleITK,2.5.6,Linear,percent_0_100,normalized_0_1,15565,48739,368976.2143,8121.9261,0.022012,3.13132,True,True,True,True,True,True,0.0,1.0,PASS
28,28,Middle frontal gyrus,MFG_R_7_7,NGIQ-BR-00000046,right,A10l_R,Frontal lobe,Middle frontal gyrus,data/atlases/brainnetome/bna246/volume_raw/BNA_PM_4D.nii.gz,b1318517f61d08f714c25e55ee580eb8a487c0b7ab1ddbcc7eac852e4e97f020,data/atlases/brainnetome/bna246/transformed_to_julich2009c/probability_maps/BNA_PM_comp028_MFG_R_7_7_prob_2009c.nii.gz,140752231da46cc22c37f584646b394571ca6344338584192385925854c00728,MNI152NLin6Asym (HCP40 1.25mm grid),MNI152NLin2009cAsym 1mm,2e3869a07b96aec406e0419ca2e434afc54882d37cc212b933b139d1b63a4dfe,SimpleITK,2.5.6,Linear,percent_0_100,normalized_0_1,12836,41046,426973.0578,9165.514,0.021466,3.197725,True,True,True,True,True,True,0.0,1.0,PASS
29,29,Inferior frontal gyrus,IFG_L_6_1,NGIQ-BR-00000003,left,A44d_L,Frontal lobe,Inferior frontal gyrus,data/atlases/brainnetome/bna246/volume_raw/BNA_PM_4D.nii.gz,b1318517f61d08f714c25e55ee580eb8a487c0b7ab1ddbcc7eac852e4e97f020,data/atlases/brainnetome/bna246/transformed_to_julich2009c/probability_maps/BNA_PM_comp029_IFG_L_6_1_prob_2009c.nii.gz,71514708f434e61818e191331f044c6760cce406ae054fc5321b49d180b2323e,MNI152NLin6Asym (HCP40 1.25mm grid),MNI152NLin2009cAsym 1mm,2e3869a07b96aec406e0419ca2e434afc54882d37cc212b933b139d1b63a4dfe,SimpleITK,2.5.6,Linear,percent_0_100,normalized_0_1,4581,15242,140668.0781,2835.7747,0.020159,3.327221,True,True,True,True,True,True,0.0,1.0,PASS
30,30,Inferior frontal gyrus,IFG_R_6_1,NGIQ-BR-00000004,right,A44d_R,Frontal lobe,Inferior frontal gyrus,data/atlases/brainnetome/bna246/volume_raw/BNA_PM_4D.nii.gz,b1318517f61d08f714c25e55ee580eb8a487c0b7ab1ddbcc7eac852e4e97f020,data/atlases/brainnetome/bna246/transformed_to_julich2009c/probability_maps/BNA_PM_comp030_IFG_R_6_1_prob_2009c.nii.gz,014df24f52a75b2c4f123dd8c2186a5a5c81110d7d0b5fd25787cafeac4138c6,MNI152NLin6Asym (HCP40 1.25mm grid),MNI152NLin2009cAsym 1mm,2e3869a07b96aec406e0419ca2e434afc54882d37cc212b933b139d1b63a4dfe,SimpleITK,2.5.6,Linear,percent_0_100,normalized_0_1,4816,15541,148063.1604,2911.8796,0.019666,3.226952,True,True,True,True,True,True,0.0,1.0,PASS
31,31,Inferior frontal gyrus,IFG_L_6_2,NGIQ-BR-00000047,left,IFS_L,Frontal lobe,Inferior frontal gyrus,data/atlases/brainnetome/bna246/volume_raw/BNA_PM_4D.nii.gz,b1318517f61d08f714c25e55ee580eb8a487c0b7ab1ddbcc7eac852e4e97f020,data/atlases/brainnetome/bna246/transformed_to_julich2009c/probability_maps/BNA_PM_comp031_IFG_L_6_2_prob_2009c.nii.gz,8c6149905e857392f2254cbc4a6a4e59bb84d02c9340700194588f304281fe2d,MNI152NLin6Asym (HCP40 1.25mm grid),MNI152NLin2009cAsym 1mm,2e3869a07b96aec406e0419ca2e434afc54882d37cc212b933b139d1b63a4dfe,SimpleITK,2.5.6,Linear,percent_0_100,normalized_0_1,6279,19168,177105.9676,3641.0612,0.020559,3.052715,True,True,True,True,True,True,0.0,1.0,PASS
32,32,Inferior frontal gyrus,IFG_R_6_2,NGIQ-BR-00000048,right,IFS_R,Frontal lobe,Inferior frontal gyrus,data/atlases/brainnetome/bna246/volume_raw/BNA_PM_4D.nii.gz,b1318517f61d08f714c25e55ee580eb8a487c0b7ab1ddbcc7eac852e4e97f020,data/atlases/brainnetome/bna246/transformed_to_julich2009c/probability_maps/BNA_PM_comp032_IFG_R_6_2_prob_2009c.nii.gz,f42401a06d695672cb9f7da65fa46585bc21dd8b636fa57cb44fcfa1956faeee,MNI152NLin6Asym (HCP40 1.25mm grid),MNI152NLin2009cAsym 1mm,2e3869a07b96aec406e0419ca2e434afc54882d37cc212b933b139d1b63a4dfe,SimpleITK,2.5.6,Linear,percent_0_100,normalized_0_1,6124,19909,158133.5013,3662.2772,0.023159,3.25098,True,True,True,True,True,True,0.0,1.0,PASS
33,33,Inferior frontal gyrus,IFG_L_6_3,NGIQ-BR-00000049,left,A45c_L,Frontal lobe,Inferior frontal gyrus,data/atlases/brainnetome/bna246/volume_raw/BNA_PM_4D.nii.gz,b1318517f61d08f714c25e55ee580eb8a487c0b7ab1ddbcc7eac852e4e97f020,data/atlases/brainnetome/bna246/transformed_to_julich2009c/probability_maps/BNA_PM_comp033_IFG_L_6_3_prob_2009c.nii.gz,ddb15cb9595bd7a765c97fe29044f93a0151836023c9ddbca695910dfdfc60f2,MNI152NLin6Asym (HCP40 1.25mm grid),MNI152NLin2009cAsym 1mm,2e3869a07b96aec406e0419ca2e434afc54882d37cc212b933b139d1b63a4dfe,SimpleITK,2.5.6,Linear,percent_0_100,normalized_0_1,7405,22429,149069.6501,3090.0347,0.020729,3.028899,True,True,True,True,True,True,0.0,1.0,PASS
34,34,Inferior frontal gyrus,IFG_R_6_3,NGIQ-BR-00000050,right,A45c_R,Frontal lobe,Inferior frontal gyrus,data/atlases/brainnetome/bna246/volume_raw/BNA_PM_4D.nii.gz,b1318517f61d08f714c25e55ee580eb8a487c0b7ab1ddbcc7eac852e4e97f020,data/atlases/brainnetome/bna246/transformed_to_julich2009c/probability_maps/BNA_PM_comp034_IFG_R_6_3_prob_2009c.nii.gz,213a4255cb2f7e0c630a10f5f9b6ff22f3b8e31667ae54a7e1f32a4559d2812a,MNI152NLin6Asym (HCP40 1.25mm grid),MNI152NLin2009cAsym 1mm,2e3869a07b96aec406e0419ca2e434afc54882d37cc212b933b139d1b63a4dfe,SimpleITK,2.5.6,Linear,percent_0_100,normalized_0_1,7032,21886,153439.1907,3309.3199,0.021568,3.112344,True,True,True,True,True,True,0.0,1.0,PASS
35,35,Inferior frontal gyrus,IFG_L_6_4,NGIQ-BR-00000051,left,A45r_L,Frontal lobe,Inferior frontal gyrus,data/atlases/brainnetome/bna246/volume_raw/BNA_PM_4D.nii.gz,b1318517f61d08f714c25e55ee580eb8a487c0b7ab1ddbcc7eac852e4e97f020,data/atlases/brainnetome/bna246/transformed_to_julich2009c/probability_maps/BNA_PM_comp035_IFG_L_6_4_prob_2009c.nii.gz,e492dda469b2ba01fe04dceb41c582af000c7b00f311fcdaba8d66d1c3cfa04d,MNI152NLin6Asym (HCP40 1.25mm grid),MNI152NLin2009cAsym 1mm,2e3869a07b96aec406e0419ca2e434afc54882d37cc212b933b139d1b63a4dfe,SimpleITK,2.5.6,Linear,percent_0_100,normalized_0_1,6785,21005,165038.5307,3326.8993,0.020158,3.0958,True,True,True,True,True,True,0.0,1.0,PASS
36,36,Inferior frontal gyrus,IFG_R_6_4,NGIQ-BR-00000052,right,A45r_R,Frontal lobe,Inferior frontal gyrus,data/atlases/brainnetome/bna246/volume_raw/BNA_PM_4D.nii.gz,b1318517f61d08f714c25e55ee580eb8a487c0b7ab1ddbcc7eac852e4e97f020,data/atlases/brainnetome/bna246/transformed_to_julich2009c/probability_maps/BNA_PM_comp036_IFG_R_6_4_prob_2009c.nii.gz,c92d8540e965da66883c742f25dd7d53962c3e6cd08f2a36ecfc40d2f1c25102,MNI152NLin6Asym (HCP40 1.25mm grid),MNI152NLin2009cAsym 1mm,2e3869a07b96aec406e0419ca2e434afc54882d37cc212b933b139d1b63a4dfe,SimpleITK,2.5.6,Linear,percent_0_100,normalized_0_1,7690,23408,166275.4629,3715.9571,0.022348,3.043953,True,True,True,True,True,True,0.0,1.0,PASS
37,37,Inferior frontal gyrus,IFG_L_6_5,NGIQ-BR-00000053,left,A44op_L,Frontal lobe,Inferior frontal gyrus,data/atlases/brainnetome/bna246/volume_raw/BNA_PM_4D.nii.gz,b1318517f61d08f714c25e55ee580eb8a487c0b7ab1ddbcc7eac852e4e97f020,data/atlases/brainnetome/bna246/transformed_to_julich2009c/probability_maps/BNA_PM_comp037_IFG_L_6_5_prob_2009c.nii.gz,8ac91949cf4cf549a37c998ba0bf96eeee23d82c19ff7efc392e05cda5a32dea,MNI152NLin6Asym (HCP40 1.25mm grid),MNI152NLin2009cAsym 1mm,2e3869a07b96aec406e0419ca2e434afc54882d37cc212b933b139d1b63a4dfe,SimpleITK,2.5.6,Linear,percent_0_100,normalized_0_1,5857,17150,224473.6152,4724.2863,0.021046,2.92812,True,True,True,True,True,True,0.0,1.0,PASS
38,38,Inferior frontal gyrus,IFG_R_6_5,NGIQ-BR-00000054,right,A44op_R,Frontal lobe,Inferior frontal gyrus,data/atlases/brainnetome/bna246/volume_raw/BNA_PM_4D.nii.gz,b1318517f61d08f714c25e55ee580eb8a487c0b7ab1ddbcc7eac852e4e97f020,data/atlases/brainnetome/bna246/transformed_to_julich2009c/probability_maps/BNA_PM_comp038_IFG_R_6_5_prob_2009c.nii.gz,69d067a79cf1777e529918d3cd3059df5b7dcf187f5c04d9d55f5d4cf40fb66d,MNI152NLin6Asym (HCP40 1.25mm grid),MNI152NLin2009cAsym 1mm,2e3869a07b96aec406e0419ca2e434afc54882d37cc212b933b139d1b63a4dfe,SimpleITK,2.5.6,Linear,percent_0_100,normalized_0_1,5396,16468,245586.6556,5339.2492,0.021741,3.05189,True,True,True,True,True,True,0.0,1.0,PASS
39,39,Inferior frontal gyrus,IFG_L_6_6,NGIQ-BR-00000055,left,A44v_L,Frontal lobe,Inferior frontal gyrus,data/atlases/brainnetome/bna246/volume_raw/BNA_PM_4D.nii.gz,b1318517f61d08f714c25e55ee580eb8a487c0b7ab1ddbcc7eac852e4e97f020,data/atlases/brainnetome/bna246/transformed_to_julich2009c/probability_maps/BNA_PM_comp039_IFG_L_6_6_prob_2009c.nii.gz,a532186f0fa0a220708efcae150edb0c75e22a7edd45aa94d907927183a5e036,MNI152NLin6Asym (HCP40 1.25mm grid),MNI152NLin2009cAsym 1mm,2e3869a07b96aec406e0419ca2e434afc54882d37cc212b933b139d1b63a4dfe,SimpleITK,2.5.6,Linear,percent_0_100,normalized_0_1,6555,20381,143444.157,2905.3542,0.020254,3.10923,True,True,True,True,True,True,0.0,1.0,PASS
40,40,Inferior frontal gyrus,IFG_R_6_6,NGIQ-BR-00000056,right,A44v_R,Frontal lobe,Inferior frontal gyrus,data/atlases/brainnetome/bna246/volume_raw/BNA_PM_4D.nii.gz,b1318517f61d08f714c25e55ee580eb8a487c0b7ab1ddbcc7eac852e4e97f020,data/atlases/brainnetome/bna246/transformed_to_julich2009c/probability_maps/BNA_PM_comp040_IFG_R_6_6_prob_2009c.nii.gz,8d6d5acb106a9092382de53e22e33092fd6a369494bba4a936bb2465c0f99682,MNI152NLin6Asym (HCP40 1.25mm grid),MNI152NLin2009cAsym 1mm,2e3869a07b96aec406e0419ca2e434afc54882d37cc212b933b139d1b63a4dfe,SimpleITK,2.5.6,Linear,percent_0_100,normalized_0_1,6183,19684,130902.028,2569.3373,0.019628,3.183568,True,True,True,True,True,True,0.0,1.0,PASS
41,41,Orbital gyrus,OrG_L_6_1,NGIQ-BR-00000057,left,A14m_L,Frontal lobe,Orbital gyrus,data/atlases/brainnetome/bna246/volume_raw/BNA_PM_4D.nii.gz,b1318517f61d08f714c25e55ee580eb8a487c0b7ab1ddbcc7eac852e4e97f020,data/atlases/brainnetome/bna246/transformed_to_julich2009c/probability_maps/BNA_PM_comp041_OrG_L_6_1_prob_2009c.nii.gz,589ff1fbd9970e22b6126160c79a8b084831f671f8f7f484924f3151cfeba31d,MNI152NLin6Asym (HCP40 1.25mm grid),MNI152NLin2009cAsym 1mm,2e3869a07b96aec406e0419ca2e434afc54882d37cc212b933b139d1b63a4dfe,SimpleITK,2.5.6,Linear,percent_0_100,normalized_0_1,9826,32401,254170.9923,5532.6683,0.021768,3.297476,True,True,True,True,True,True,0.0,0.985907,PASS
42,42,Orbital gyrus,OrG_R_6_1,NGIQ-BR-00000058,right,A14m_R,Frontal lobe,Orbital gyrus,data/atlases/brainnetome/bna246/volume_raw/BNA_PM_4D.nii.gz,b1318517f61d08f714c25e55ee580eb8a487c0b7ab1ddbcc7eac852e4e97f020,data/atlases/brainnetome/bna246/transformed_to_julich2009c/probability_maps/BNA_PM_comp042_OrG_R_6_1_prob_2009c.nii.gz,18c006779d080c975d2211b1f7f767d99d0b6aaeb0b64a790baddd05aaeca9b6,MNI152NLin6Asym (HCP40 1.25mm grid),MNI152NLin2009cAsym 1mm,2e3869a07b96aec406e0419ca2e434afc54882d37cc212b933b139d1b63a4dfe,SimpleITK,2.5.6,Linear,percent_0_100,normalized_0_1,7404,22672,280136.5289,6086.4937,0.021727,3.062129,True,True,True,True,True,True,0.0,0.890014,PASS
43,43,Orbital gyrus,OrG_L_6_2,NGIQ-BR-00000059,left,A12/47o_L,Frontal lobe,Orbital gyrus,data/atlases/brainnetome/bna246/volume_raw/BNA_PM_4D.nii.gz,b1318517f61d08f714c25e55ee580eb8a487c0b7ab1ddbcc7eac852e4e97f020,data/atlases/brainnetome/bna246/transformed_to_julich2009c/probability_maps/BNA_PM_comp043_OrG_L_6_2_prob_2009c.nii.gz,c691749cf4cefe67148aa45c7e501e8145bee0ec24c6fdb68aa14f4dbf0a3ee6,MNI152NLin6Asym (HCP40 1.25mm grid),MNI152NLin2009cAsym 1mm,2e3869a07b96aec406e0419ca2e434afc54882d37cc212b933b139d1b63a4dfe,SimpleITK,2.5.6,Linear,percent_0_100,normalized_0_1,12050,35123,289340.1769,6075.6012,0.020998,2.914772,True,True,True,True,True,True,0.0,1.0,PASS
44,44,Orbital gyrus,OrG_R_6_2,NGIQ-BR-00000060,right,A12/47o_R,Frontal lobe,Orbital gyrus,data/atlases/brainnetome/bna246/volume_raw/BNA_PM_4D.nii.gz,b1318517f61d08f714c25e55ee580eb8a487c0b7ab1ddbcc7eac852e4e97f020,data/atlases/brainnetome/bna246/transformed_to_julich2009c/probability_maps/BNA_PM_comp044_OrG_R_6_2_prob_2009c.nii.gz,0d784189de666ef0aa65d68e5d13b8476874bb61af2e00389ea53808edad1f60,MNI152NLin6Asym (HCP40 1.25mm grid),MNI152NLin2009cAsym 1mm,2e3869a07b96aec406e0419ca2e434afc54882d37cc212b933b139d1b63a4dfe,SimpleITK,2.5.6,Linear,percent_0_100,normalized_0_1,11563,33636,270083.8814,5621.1108,0.020812,2.908934,True,True,True,True,True,True,0.0,0.999545,PASS
45,45,Orbital gyrus,OrG_L_6_3,NGIQ-BR-00000061,left,A11l_L,Frontal lobe,Orbital gyrus,data/atlases/brainnetome/bna246/volume_raw/BNA_PM_4D.nii.gz,b1318517f61d08f714c25e55ee580eb8a487c0b7ab1ddbcc7eac852e4e97f020,data/atlases/brainnetome/bna246/transformed_to_julich2009c/probability_maps/BNA_PM_comp045_OrG_L_6_3_prob_2009c.nii.gz,b6c8447d27397c320d7fcac2b679faaab752cae03b400b94f9545ce3ea81fe94,MNI152NLin6Asym (HCP40 1.25mm grid),MNI152NLin2009cAsym 1mm,2e3869a07b96aec406e0419ca2e434afc54882d37cc212b933b139d1b63a4dfe,SimpleITK,2.5.6,Linear,percent_0_100,normalized_0_1,11753,35907,357200.7092,7512.0908,0.02103,3.055135,True,True,True,True,True,True,0.0,0.99988,PASS
46,46,Orbital gyrus,OrG_R_6_3,NGIQ-BR-00000062,right,A11l_R,Frontal lobe,Orbital gyrus,data/atlases/brainnetome/bna246/volume_raw/BNA_PM_4D.nii.gz,b1318517f61d08f714c25e55ee580eb8a487c0b7ab1ddbcc7eac852e4e97f020,data/atlases/brainnetome/bna246/transformed_to_julich2009c/probability_maps/BNA_PM_comp046_OrG_R_6_3_prob_2009c.nii.gz,a9ae9ca1d121dc52f527a0859fcc9c01efe30da8bb7a0d973c7c69f759c83243,MNI152NLin6Asym (HCP40 1.25mm grid),MNI152NLin2009cAsym 1mm,2e3869a07b96aec406e0419ca2e434afc54882d37cc212b933b139d1b63a4dfe,SimpleITK,2.5.6,Linear,percent_0_100,normalized_0_1,11258,31538,441688.6282,9145.4723,0.020706,2.801386,True,True,True,True,True,True,0.0,0.999725,PASS
47,47,Orbital gyrus,OrG_L_6_4,NGIQ-BR-00000063,left,A11m_L,Frontal lobe,Orbital gyrus,data/atlases/brainnetome/bna246/volume_raw/BNA_PM_4D.nii.gz,b1318517f61d08f714c25e55ee580eb8a487c0b7ab1ddbcc7eac852e4e97f020,data/atlases/brainnetome/bna246/transformed_to_julich2009c/probability_maps/BNA_PM_comp047_OrG_L_6_4_prob_2009c.nii.gz,84e39517f152e97baf003097658dcdbfc41f85dff1e32304d4c0b214904dc056,MNI152NLin6Asym (HCP40 1.25mm grid),MNI152NLin2009cAsym 1mm,2e3869a07b96aec406e0419ca2e434afc54882d37cc212b933b139d1b63a4dfe,SimpleITK,2.5.6,Linear,percent_0_100,normalized_0_1,13538,42579,288860.0314,6168.299,0.021354,3.145147,True,True,True,True,True,True,0.0,0.987653,PASS
48,48,Orbital gyrus,OrG_R_6_4,NGIQ-BR-00000064,right,A11m_R,Frontal lobe,Orbital gyrus,data/atlases/brainnetome/bna246/volume_raw/BNA_PM_4D.nii.gz,b1318517f61d08f714c25e55ee580eb8a487c0b7ab1ddbcc7eac852e4e97f020,data/atlases/brainnetome/bna246/transformed_to_julich2009c/probability_maps/BNA_PM_comp048_OrG_R_6_4_prob_2009c.nii.gz,88d5d53d8709bd23c2a4ea869e70497dbd734d8c85cee680580020185f73769e,MNI152NLin6Asym (HCP40 1.25mm grid),MNI152NLin2009cAsym 1mm,2e3869a07b96aec406e0419ca2e434afc54882d37cc212b933b139d1b63a4dfe,SimpleITK,2.5.6,Linear,percent_0_100,normalized_0_1,13019,40278,299264.9901,6516.5487,0.021775,3.093786,True,True,True,True,True,True,0.0,0.938664,PASS
49,49,Orbital gyrus,OrG_L_6_5,NGIQ-BR-00000065,left,A13_L,Frontal lobe,Orbital gyrus,data/atlases/brainnetome/bna246/volume_raw/BNA_PM_4D.nii.gz,b1318517f61d08f714c25e55ee580eb8a487c0b7ab1ddbcc7eac852e4e97f020,data/atlases/brainnetome/bna246/transformed_to_julich2009c/probability_maps/BNA_PM_comp049_OrG_L_6_5_prob_2009c.nii.gz,b8bf1abe96c500faac4349947dd6ddaae6a8f83678147c7752f5c288b8892e6d,MNI152NLin6Asym (HCP40 1.25mm grid),MNI152NLin2009cAsym 1mm,2e3869a07b96aec406e0419ca2e434afc54882d37cc212b933b139d1b63a4dfe,SimpleITK,2.5.6,Linear,percent_0_100,normalized_0_1,12360,36512,387674.1303,7879.9289,0.020326,2.954045,True,True,True,True,True,True,0.0,0.992832,PASS
50,50,Orbital gyrus,OrG_R_6_5,NGIQ-BR-00000066,right,A13_R,Frontal lobe,Orbital gyrus,data/atlases/brainnetome/bna246/volume_raw/BNA_PM_4D.nii.gz,b1318517f61d08f714c25e55ee580eb8a487c0b7ab1ddbcc7eac852e4e97f020,data/atlases/brainnetome/bna246/transformed_to_julich2009c/probability_maps/BNA_PM_comp050_OrG_R_6_5_prob_2009c.nii.gz,f3cd5d5dde92b62b166ef4c5e69f25458c080d0133c27549281ff82c2510002c,MNI152NLin6Asym (HCP40 1.25mm grid),MNI152NLin2009cAsym 1mm,2e3869a07b96aec406e0419ca2e434afc54882d37cc212b933b139d1b63a4dfe,SimpleITK,2.5.6,Linear,percent_0_100,normalized_0_1,15459,44266,382086.9673,7833.7593,0.020503,2.863445,True,True,True,True,True,True,0.0,0.956061,PASS
51,51,Orbital gyrus,OrG_L_6_6,NGIQ-BR-00000067,left,A12/47l_L,Frontal lobe,Orbital gyrus,data/atlases/brainnetome/bna246/volume_raw/BNA_PM_4D.nii.gz,b1318517f61d08f714c25e55ee580eb8a487c0b7ab1ddbcc7eac852e4e97f020,data/atlases/brainnetome/bna246/transformed_to_julich2009c/probability_maps/BNA_PM_comp051_OrG_L_6_6_prob_2009c.nii.gz,c805eb4d930c783760392be94a52f2bba30dc583dc963d651112b801a89ecc41,MNI152NLin6Asym (HCP40 1.25mm grid),MNI152NLin2009cAsym 1mm,2e3869a07b96aec406e0419ca2e434afc54882d37cc212b933b139d1b63a4dfe,SimpleITK,2.5.6,Linear,percent_0_100,normalized_0_1,6615,22134,219253.9574,4535.0103,0.020684,3.346032,True,True,True,True,True,True,0.0,1.0,PASS
52,52,Orbital gyrus,OrG_R_6_6,NGIQ-BR-00000068,right,A12/47l_R,Frontal lobe,Orbital gyrus,data/atlases/brainnetome/bna246/volume_raw/BNA_PM_4D.nii.gz,b1318517f61d08f714c25e55ee580eb8a487c0b7ab1ddbcc7eac852e4e97f020,data/atlases/brainnetome/bna246/transformed_to_julich2009c/probability_maps/BNA_PM_comp052_OrG_R_6_6_prob_2009c.nii.gz,3fd4fc31902ed7d0e495631bf37e9a555f8f568d3762a14713a394957383cd58,MNI152NLin6Asym (HCP40 1.25mm grid),MNI152NLin2009cAsym 1mm,2e3869a07b96aec406e0419ca2e434afc54882d37cc212b933b139d1b63a4dfe,SimpleITK,2.5.6,Linear,percent_0_100,normalized_0_1,6269,19811,201039.0025,4065.5483,0.020223,3.160153,True,True,True,True,True,True,0.0,1.0,PASS
53,53,Precentral gyrus,PrG_L_6_1,NGIQ-BR-00000069,left,A4hf_L,Frontal lobe,Precentral gyrus,data/atlases/brainnetome/bna246/volume_raw/BNA_PM_4D.nii.gz,b1318517f61d08f714c25e55ee580eb8a487c0b7ab1ddbcc7eac852e4e97f020,data/atlases/brainnetome/bna246/transformed_to_julich2009c/probability_maps/BNA_PM_comp053_PrG_L_6_1_prob_2009c.nii.gz,5f94b273e535e36c8605d9cae98139406c5e4ec67deba1b1858af77452fac671,MNI152NLin6Asym (HCP40 1.25mm grid),MNI152NLin2009cAsym 1mm,2e3869a07b96aec406e0419ca2e434afc54882d37cc212b933b139d1b63a4dfe,SimpleITK,2.5.6,Linear,percent_0_100,normalized_0_1,10947,34661,366109.5259,7815.9239,0.021349,3.166256,True,True,True,True,True,True,0.0,1.0,PASS
54,54,Precentral gyrus,PrG_R_6_1,NGIQ-BR-00000070,right,A4hf_R,Frontal lobe,Precentral gyrus,data/atlases/brainnetome/bna246/volume_raw/BNA_PM_4D.nii.gz,b1318517f61d08f714c25e55ee580eb8a487c0b7ab1ddbcc7eac852e4e97f020,data/atlases/brainnetome/bna246/transformed_to_julich2009c/probability_maps/BNA_PM_comp054_PrG_R_6_1_prob_2009c.nii.gz,ec15ef44d60936155976a2cf8cec64e205cff6228680e0a33f3c54d37275abb1,MNI152NLin6Asym (HCP40 1.25mm grid),MNI152NLin2009cAsym 1mm,2e3869a07b96aec406e0419ca2e434afc54882d37cc212b933b139d1b63a4dfe,SimpleITK,2.5.6,Linear,percent_0_100,normalized_0_1,13432,37825,294591.6829,6111.0823,0.020744,2.816036,True,True,True,True,True,True,0.0,1.0,PASS
55,55,Precentral gyrus,PrG_L_6_2,NGIQ-BR-00000071,left,A6cdl_L,Frontal lobe,Precentral gyrus,data/atlases/brainnetome/bna246/volume_raw/BNA_PM_4D.nii.gz,b1318517f61d08f714c25e55ee580eb8a487c0b7ab1ddbcc7eac852e4e97f020,data/atlases/brainnetome/bna246/transformed_to_julich2009c/probability_maps/BNA_PM_comp055_PrG_L_6_2_prob_2009c.nii.gz,f52d6f67303413ee600c267f608d97e1a6f2c142b9684bddf00850be3599bfb5,MNI152NLin6Asym (HCP40 1.25mm grid),MNI152NLin2009cAsym 1mm,2e3869a07b96aec406e0419ca2e434afc54882d37cc212b933b139d1b63a4dfe,SimpleITK,2.5.6,Linear,percent_0_100,normalized_0_1,9889,32171,290820.1212,6365.1812,0.021887,3.253211,True,True,True,True,True,True,0.0,1.0,PASS
56,56,Precentral gyrus,PrG_R_6_2,NGIQ-BR-00000072,right,A6cdl_R,Frontal lobe,Precentral gyrus,data/atlases/brainnetome/bna246/volume_raw/BNA_PM_4D.nii.gz,b1318517f61d08f714c25e55ee580eb8a487c0b7ab1ddbcc7eac852e4e97f020,data/atlases/brainnetome/bna246/transformed_to_julich2009c/probability_maps/BNA_PM_comp056_PrG_R_6_2_prob_2009c.nii.gz,597d70a6c482b3e0d6bf4be125c6856b15d4676ffbde1d39f9caab6a3a00edb9,MNI152NLin6Asym (HCP40 1.25mm grid),MNI152NLin2009cAsym 1mm,2e3869a07b96aec406e0419ca2e434afc54882d37cc212b933b139d1b63a4dfe,SimpleITK,2.5.6,Linear,percent_0_100,normalized_0_1,9920,29260,292860.2623,5621.396,0.019195,2.949597,True,True,True,True,True,True,0.0,1.0,PASS
57,57,Precentral gyrus,PrG_L_6_3,NGIQ-BR-00000073,left,A4ul_L,Frontal lobe,Precentral gyrus,data/atlases/brainnetome/bna246/volume_raw/BNA_PM_4D.nii.gz,b1318517f61d08f714c25e55ee580eb8a487c0b7ab1ddbcc7eac852e4e97f020,data/atlases/brainnetome/bna246/transformed_to_julich2009c/probability_maps/BNA_PM_comp057_PrG_L_6_3_prob_2009c.nii.gz,bdeaea5d6eb3ea65e7a0ba9f012df398037ff6fdc2c258319f22b6e7937a07c2,MNI152NLin6Asym (HCP40 1.25mm grid),MNI152NLin2009cAsym 1mm,2e3869a07b96aec406e0419ca2e434afc54882d37cc212b933b139d1b63a4dfe,SimpleITK,2.5.6,Linear,percent_0_100,normalized_0_1,11472,35395,279815.2771,5425.6768,0.01939,3.085338,True,True,True,True,True,True,0.0,1.0,PASS
58,58,Precentral gyrus,PrG_R_6_3,NGIQ-BR-00000074,right,A4ul_R,Frontal lobe,Precentral gyrus,data/atlases/brainnetome/bna246/volume_raw/BNA_PM_4D.nii.gz,b1318517f61d08f714c25e55ee580eb8a487c0b7ab1ddbcc7eac852e4e97f020,data/atlases/brainnetome/bna246/transformed_to_julich2009c/probability_maps/BNA_PM_comp058_PrG_R_6_3_prob_2009c.nii.gz,334d9e650ecaf28ab4f369914558dcd83d4ee02873be54c30b3f0e9799ab4f3f,MNI152NLin6Asym (HCP40 1.25mm grid),MNI152NLin2009cAsym 1mm,2e3869a07b96aec406e0419ca2e434afc54882d37cc212b933b139d1b63a4dfe,SimpleITK,2.5.6,Linear,percent_0_100,normalized_0_1,11913,33816,316847.2195,6522.1902,0.020585,2.83858,True,True,True,True,True,True,0.0,1.0,PASS
59,59,Precentral gyrus,PrG_L_6_4,NGIQ-BR-00000075,left,A4t_L,Frontal lobe,Precentral gyrus,data/atlases/brainnetome/bna246/volume_raw/BNA_PM_4D.nii.gz,b1318517f61d08f714c25e55ee580eb8a487c0b7ab1ddbcc7eac852e4e97f020,data/atlases/brainnetome/bna246/transformed_to_julich2009c/probability_maps/BNA_PM_comp059_PrG_L_6_4_prob_2009c.nii.gz,3cb4a2922e03e277413e2ad2b0c4c57dbfb62465292975447bae7d0bf7fcfcb6,MNI152NLin6Asym (HCP40 1.25mm grid),MNI152NLin2009cAsym 1mm,2e3869a07b96aec406e0419ca2e434afc54882d37cc212b933b139d1b63a4dfe,SimpleITK,2.5.6,Linear,percent_0_100,normalized_0_1,13154,38876,217431.6937,4454.0204,0.020485,2.955451,True,True,True,True,True,True,0.0,1.0,PASS
60,60,Precentral gyrus,PrG_R_6_4,NGIQ-BR-00000076,right,A4t_R,Frontal lobe,Precentral gyrus,data/atlases/brainnetome/bna246/volume_raw/BNA_PM_4D.nii.gz,b1318517f61d08f714c25e55ee580eb8a487c0b7ab1ddbcc7eac852e4e97f020,data/atlases/brainnetome/bna246/transformed_to_julich2009c/probability_maps/BNA_PM_comp060_PrG_R_6_4_prob_2009c.nii.gz,7cd6ed80833a54dff51cbe94b45c7e857a43e7705c31c30f3f8a3f3f5a6fde58,MNI152NLin6Asym (HCP40 1.25mm grid),MNI152NLin2009cAsym 1mm,2e3869a07b96aec406e0419ca2e434afc54882d37cc212b933b139d1b63a4dfe,SimpleITK,2.5.6,Linear,percent_0_100,normalized_0_1,11040,33486,211862.8095,3998.3636,0.018872,3.033152,True,True,True,True,True,True,0.0,1.0,PASS
61,61,Precentral gyrus,PrG_L_6_5,NGIQ-BR-00000077,left,A4tl_L,Frontal lobe,Precentral gyrus,data/atlases/brainnetome/bna246/volume_raw/BNA_PM_4D.nii.gz,b1318517f61d08f714c25e55ee580eb8a487c0b7ab1ddbcc7eac852e4e97f020,data/atlases/brainnetome/bna246/transformed_to_julich2009c/probability_maps/BNA_PM_comp061_PrG_L_6_5_prob_2009c.nii.gz,767a9170292c9794356a74e61803b6213cc0de136af3fdf703d0ee4cfbe18f87,MNI152NLin6Asym (HCP40 1.25mm grid),MNI152NLin2009cAsym 1mm,2e3869a07b96aec406e0419ca2e434afc54882d37cc212b933b139d1b63a4dfe,SimpleITK,2.5.6,Linear,percent_0_100,normalized_0_1,5567,18827,197562.6522,4007.2247,0.020283,3.381893,True,True,True,True,True,True,0.0,1.0,PASS
62,62,Precentral gyrus,PrG_R_6_5,NGIQ-BR-00000078,right,A4tl_R,Frontal lobe,Precentral gyrus,data/atlases/brainnetome/bna246/volume_raw/BNA_PM_4D.nii.gz,b1318517f61d08f714c25e55ee580eb8a487c0b7ab1ddbcc7eac852e4e97f020,data/atlases/brainnetome/bna246/transformed_to_julich2009c/probability_maps/BNA_PM_comp062_PrG_R_6_5_prob_2009c.nii.gz,db1bf791c89b7fa0d7a26638bdb8fd1313fe040e5de0cc4d2b25a8823e17acdf,MNI152NLin6Asym (HCP40 1.25mm grid),MNI152NLin2009cAsym 1mm,2e3869a07b96aec406e0419ca2e434afc54882d37cc212b933b139d1b63a4dfe,SimpleITK,2.5.6,Linear,percent_0_100,normalized_0_1,8516,28778,214906.0671,4517.1852,0.021019,3.379286,True,True,True,True,True,True,0.0,1.0,PASS
63,63,Precentral gyrus,PrG_L_6_6,NGIQ-BR-00000079,left,A6cvl_L,Frontal lobe,Precentral gyrus,data/atlases/brainnetome/bna246/volume_raw/BNA_PM_4D.nii.gz,b1318517f61d08f714c25e55ee580eb8a487c0b7ab1ddbcc7eac852e4e97f020,data/atlases/brainnetome/bna246/transformed_to_julich2009c/probability_maps/BNA_PM_comp063_PrG_L_6_6_prob_2009c.nii.gz,7ea5a4e5566610b153b8640508c603cd505103f02109327baaaf79076dbcff8a,MNI152NLin6Asym (HCP40 1.25mm grid),MNI152NLin2009cAsym 1mm,2e3869a07b96aec406e0419ca2e434afc54882d37cc212b933b139d1b63a4dfe,SimpleITK,2.5.6,Linear,percent_0_100,normalized_0_1,7436,24554,271760.7277,5623.223,0.020692,3.302044,True,True,True,True,True,True,0.0,1.0,PASS
64,64,Precentral gyrus,PrG_R_6_6,NGIQ-BR-00000080,right,A6cvl_R,Frontal lobe,Precentral gyrus,data/atlases/brainnetome/bna246/volume_raw/BNA_PM_4D.nii.gz,b1318517f61d08f714c25e55ee580eb8a487c0b7ab1ddbcc7eac852e4e97f020,data/atlases/brainnetome/bna246/transformed_to_julich2009c/probability_maps/BNA_PM_comp064_PrG_R_6_6_prob_2009c.nii.gz,c62ce8a1908dfc30065c6bc95aabfbd86fd0a889f37727e8c523d5de90d95aab,MNI152NLin6Asym (HCP40 1.25mm grid),MNI152NLin2009cAsym 1mm,2e3869a07b96aec406e0419ca2e434afc54882d37cc212b933b139d1b63a4dfe,SimpleITK,2.5.6,Linear,percent_0_100,normalized_0_1,8596,27082,240431.9557,4935.6218,0.020528,3.150535,True,True,True,True,True,True,0.0,1.0,PASS
65,65,Paracentral lobule,PCL_L_2_1,NGIQ-BR-00000081,left,A1/2/3ll_L,Frontal lobe,Paracentral lobule,data/atlases/brainnetome/bna246/volume_raw/BNA_PM_4D.nii.gz,b1318517f61d08f714c25e55ee580eb8a487c0b7ab1ddbcc7eac852e4e97f020,data/atlases/brainnetome/bna246/transformed_to_julich2009c/probability_maps/BNA_PM_comp065_PCL_L_2_1_prob_2009c.nii.gz,29a1c03035c9dbe507e61506a1fd9814868dddd358bf9f74282d15a24bf4f70c,MNI152NLin6Asym (HCP40 1.25mm grid),MNI152NLin2009cAsym 1mm,2e3869a07b96aec406e0419ca2e434afc54882d37cc212b933b139d1b63a4dfe,SimpleITK,2.5.6,Linear,percent_0_100,normalized_0_1,4241,12434,220122.8068,4470.9893,0.020311,2.931856,True,True,True,True,True,True,0.0,0.984349,PASS
66,66,Paracentral lobule,PCL_R_2_1,NGIQ-BR-00000082,right,A1/2/3ll_R,Frontal lobe,Paracentral lobule,data/atlases/brainnetome/bna246/volume_raw/BNA_PM_4D.nii.gz,b1318517f61d08f714c25e55ee580eb8a487c0b7ab1ddbcc7eac852e4e97f020,data/atlases/brainnetome/bna246/transformed_to_julich2009c/probability_maps/BNA_PM_comp066_PCL_R_2_1_prob_2009c.nii.gz,822a33cc0378f91146ff560e3092e486fb251a88db2cf634dfda4734dec10943,MNI152NLin6Asym (HCP40 1.25mm grid),MNI152NLin2009cAsym 1mm,2e3869a07b96aec406e0419ca2e434afc54882d37cc212b933b139d1b63a4dfe,SimpleITK,2.5.6,Linear,percent_0_100,normalized_0_1,4156,12683,231200.1709,4784.0313,0.020692,3.051732,True,True,True,True,True,True,0.0,0.972344,PASS
67,67,Paracentral lobule,PCL_L_2_2,NGIQ-BR-00000083,left,A4ll_L,Frontal lobe,Paracentral lobule,data/atlases/brainnetome/bna246/volume_raw/BNA_PM_4D.nii.gz,b1318517f61d08f714c25e55ee580eb8a487c0b7ab1ddbcc7eac852e4e97f020,data/atlases/brainnetome/bna246/transformed_to_julich2009c/probability_maps/BNA_PM_comp067_PCL_L_2_2_prob_2009c.nii.gz,a9fbd77b880e5ab4cad7e845cd81386552d3f20cb8b44b0f3a4d2d9ec0126d7b,MNI152NLin6Asym (HCP40 1.25mm grid),MNI152NLin2009cAsym 1mm,2e3869a07b96aec406e0419ca2e434afc54882d37cc212b933b139d1b63a4dfe,SimpleITK,2.5.6,Linear,percent_0_100,normalized_0_1,4187,12292,226377.1927,4649.0015,0.020537,2.935754,True,True,True,True,True,True,0.0,0.955634,PASS
68,68,Paracentral lobule,PCL_R_2_2,NGIQ-BR-00000084,right,A4ll_R,Frontal lobe,Paracentral lobule,data/atlases/brainnetome/bna246/volume_raw/BNA_PM_4D.nii.gz,b1318517f61d08f714c25e55ee580eb8a487c0b7ab1ddbcc7eac852e4e97f020,data/atlases/brainnetome/bna246/transformed_to_julich2009c/probability_maps/BNA_PM_comp068_PCL_R_2_2_prob_2009c.nii.gz,42794d896f274e9817866b080073388c5c05dc61a6a8a78202f301d17591e9c2,MNI152NLin6Asym (HCP40 1.25mm grid),MNI152NLin2009cAsym 1mm,2e3869a07b96aec406e0419ca2e434afc54882d37cc212b933b139d1b63a4dfe,SimpleITK,2.5.6,Linear,percent_0_100,normalized_0_1,4704,13825,262199.8285,5292.9975,0.020187,2.938988,True,True,True,True,True,True,0.0,0.915383,PASS
69,69,Superior temporal gyrus,STG_L_6_1,NGIQ-BR-00000005,left,A38m_L,Temporal lobe,Superior temporal gyrus,data/atlases/brainnetome/bna246/volume_raw/BNA_PM_4D.nii.gz,b1318517f61d08f714c25e55ee580eb8a487c0b7ab1ddbcc7eac852e4e97f020,data/atlases/brainnetome/bna246/transformed_to_julich2009c/probability_maps/BNA_PM_comp069_STG_L_6_1_prob_2009c.nii.gz,02385be513457c6f5253d2597d15f40e7256680c901954e642c4bec178dad7a4,MNI152NLin6Asym (HCP40 1.25mm grid),MNI152NLin2009cAsym 1mm,2e3869a07b96aec406e0419ca2e434afc54882d37cc212b933b139d1b63a4dfe,SimpleITK,2.5.6,Linear,percent_0_100,normalized_0_1,7003,21465,290310.0701,5892.537,0.020297,3.065115,True,True,True,True,True,True,0.0,1.0,PASS
70,70,Superior temporal gyrus,STG_R_6_1,NGIQ-BR-00000006,right,A38m_R,Temporal lobe,Superior temporal gyrus,data/atlases/brainnetome/bna246/volume_raw/BNA_PM_4D.nii.gz,b1318517f61d08f714c25e55ee580eb8a487c0b7ab1ddbcc7eac852e4e97f020,data/atlases/brainnetome/bna246/transformed_to_julich2009c/probability_maps/BNA_PM_comp070_STG_R_6_1_prob_2009c.nii.gz,a2d149a9e918bf3d39581351c31b75a14c0d1e5e0dd2609fcf30eb7a01c0c8bb,MNI152NLin6Asym (HCP40 1.25mm grid),MNI152NLin2009cAsym 1mm,2e3869a07b96aec406e0419ca2e434afc54882d37cc212b933b139d1b63a4dfe,SimpleITK,2.5.6,Linear,percent_0_100,normalized_0_1,4904,13902,290159.293,5718.5018,0.019708,2.834829,True,True,True,True,True,True,0.0,1.0,PASS
71,71,Superior temporal gyrus,STG_L_6_2,NGIQ-BR-00000085,left,A41/42_L,Temporal lobe,Superior temporal gyrus,data/atlases/brainnetome/bna246/volume_raw/BNA_PM_4D.nii.gz,b1318517f61d08f714c25e55ee580eb8a487c0b7ab1ddbcc7eac852e4e97f020,data/atlases/brainnetome/bna246/transformed_to_julich2009c/probability_maps/BNA_PM_comp071_STG_L_6_2_prob_2009c.nii.gz,cdb73c93b84b89d26679d312b4bbad365a205eadaff4c6ccb8bc492e91c21d24,MNI152NLin6Asym (HCP40 1.25mm grid),MNI152NLin2009cAsym 1mm,2e3869a07b96aec406e0419ca2e434afc54882d37cc212b933b139d1b63a4dfe,SimpleITK,2.5.6,Linear,percent_0_100,normalized_0_1,12743,38938,261594.9929,5311.2182,0.020303,3.055638,True,True,True,True,True,True,0.0,1.0,PASS
72,72,Superior temporal gyrus,STG_R_6_2,NGIQ-BR-00000086,right,A41/42_R,Temporal lobe,Superior temporal gyrus,data/atlases/brainnetome/bna246/volume_raw/BNA_PM_4D.nii.gz,b1318517f61d08f714c25e55ee580eb8a487c0b7ab1ddbcc7eac852e4e97f020,data/atlases/brainnetome/bna246/transformed_to_julich2009c/probability_maps/BNA_PM_comp072_STG_R_6_2_prob_2009c.nii.gz,68c3b8d654ffce09ddad5ff510951d5c9cb5b52f435dec8f0647afba2e9a07c8,MNI152NLin6Asym (HCP40 1.25mm grid),MNI152NLin2009cAsym 1mm,2e3869a07b96aec406e0419ca2e434afc54882d37cc212b933b139d1b63a4dfe,SimpleITK,2.5.6,Linear,percent_0_100,normalized_0_1,9698,30086,237546.9199,5068.3578,0.021336,3.102289,True,True,True,True,True,True,0.0,1.0,PASS
73,73,Superior temporal gyrus,STG_L_6_3,NGIQ-BR-00000087,left,TE1.0/TE1.2_L,Temporal lobe,Superior temporal gyrus,data/atlases/brainnetome/bna246/volume_raw/BNA_PM_4D.nii.gz,b1318517f61d08f714c25e55ee580eb8a487c0b7ab1ddbcc7eac852e4e97f020,data/atlases/brainnetome/bna246/transformed_to_julich2009c/probability_maps/BNA_PM_comp073_STG_L_6_3_prob_2009c.nii.gz,5bee2f765a785343b242108bba9c3069988db816b7ceda7aea91df0c48c3cd42,MNI152NLin6Asym (HCP40 1.25mm grid),MNI152NLin2009cAsym 1mm,2e3869a07b96aec406e0419ca2e434afc54882d37cc212b933b139d1b63a4dfe,SimpleITK,2.5.6,Linear,percent_0_100,normalized_0_1,11819,34601,366509.3123,7725.7232,0.021079,2.927574,True,True,True,True,True,True,0.0,1.0,PASS
74,74,Superior temporal gyrus,STG_R_6_3,NGIQ-BR-00000088,right,TE1.0/TE1.2_R,Temporal lobe,Superior temporal gyrus,data/atlases/brainnetome/bna246/volume_raw/BNA_PM_4D.nii.gz,b1318517f61d08f714c25e55ee580eb8a487c0b7ab1ddbcc7eac852e4e97f020,data/atlases/brainnetome/bna246/transformed_to_julich2009c/probability_maps/BNA_PM_comp074_STG_R_6_3_prob_2009c.nii.gz,351a273d66c05612b018a316fee169ec96a7167d359f67ca002113ff7ba29bc7,MNI152NLin6Asym (HCP40 1.25mm grid),MNI152NLin2009cAsym 1mm,2e3869a07b96aec406e0419ca2e434afc54882d37cc212b933b139d1b63a4dfe,SimpleITK,2.5.6,Linear,percent_0_100,normalized_0_1,9870,30734,313405.5574,6591.3713,0.021031,3.11388,True,True,True,True,True,True,0.0,1.0,PASS
75,75,Superior temporal gyrus,STG_L_6_4,NGIQ-BR-00000089,left,A22c_L,Temporal lobe,Superior temporal gyrus,data/atlases/brainnetome/bna246/volume_raw/BNA_PM_4D.nii.gz,b1318517f61d08f714c25e55ee580eb8a487c0b7ab1ddbcc7eac852e4e97f020,data/atlases/brainnetome/bna246/transformed_to_julich2009c/probability_maps/BNA_PM_comp075_STG_L_6_4_prob_2009c.nii.gz,dade7b1a722d507cbb53f70a8ac3a4ade83a57338e21527efe2a8a68f227835e,MNI152NLin6Asym (HCP40 1.25mm grid),MNI152NLin2009cAsym 1mm,2e3869a07b96aec406e0419ca2e434afc54882d37cc212b933b139d1b63a4dfe,SimpleITK,2.5.6,Linear,percent_0_100,normalized_0_1,9147,28490,255781.5838,5311.1373,0.020764,3.114682,True,True,True,True,True,True,0.0,1.0,PASS
76,76,Superior temporal gyrus,STG_R_6_4,NGIQ-BR-00000090,right,A22c_R,Temporal lobe,Superior temporal gyrus,data/atlases/brainnetome/bna246/volume_raw/BNA_PM_4D.nii.gz,b1318517f61d08f714c25e55ee580eb8a487c0b7ab1ddbcc7eac852e4e97f020,data/atlases/brainnetome/bna246/transformed_to_julich2009c/probability_maps/BNA_PM_comp076_STG_R_6_4_prob_2009c.nii.gz,76c6d1c75ebe55b7354833340b249ec6c4da7bfacd42d16506c8d159ead220db,MNI152NLin6Asym (HCP40 1.25mm grid),MNI152NLin2009cAsym 1mm,2e3869a07b96aec406e0419ca2e434afc54882d37cc212b933b139d1b63a4dfe,SimpleITK,2.5.6,Linear,percent_0_100,normalized_0_1,9489,29826,228298.9818,4861.6997,0.021295,3.143218,True,True,True,True,True,True,0.0,1.0,PASS
77,77,Superior temporal gyrus,STG_L_6_5,NGIQ-BR-00000091,left,A38l_L,Temporal lobe,Superior temporal gyrus,data/atlases/brainnetome/bna246/volume_raw/BNA_PM_4D.nii.gz,b1318517f61d08f714c25e55ee580eb8a487c0b7ab1ddbcc7eac852e4e97f020,data/atlases/brainnetome/bna246/transformed_to_julich2009c/probability_maps/BNA_PM_comp077_STG_L_6_5_prob_2009c.nii.gz,b1b3dae6749568116bac13b7c34415cde1edb9e98bcceeecf5eeca316598d6c6,MNI152NLin6Asym (HCP40 1.25mm grid),MNI152NLin2009cAsym 1mm,2e3869a07b96aec406e0419ca2e434afc54882d37cc212b933b139d1b63a4dfe,SimpleITK,2.5.6,Linear,percent_0_100,normalized_0_1,15501,44983,289387.5657,6098.2051,0.021073,2.901942,True,True,True,True,True,True,0.0,1.0,PASS
78,78,Superior temporal gyrus,STG_R_6_5,NGIQ-BR-00000092,right,A38l_R,Temporal lobe,Superior temporal gyrus,data/atlases/brainnetome/bna246/volume_raw/BNA_PM_4D.nii.gz,b1318517f61d08f714c25e55ee580eb8a487c0b7ab1ddbcc7eac852e4e97f020,data/atlases/brainnetome/bna246/transformed_to_julich2009c/probability_maps/BNA_PM_comp078_STG_R_6_5_prob_2009c.nii.gz,c3cbda2f520ab1cb6eff33242515309f66aa46dfd609a7f88d22426e56540a66,MNI152NLin6Asym (HCP40 1.25mm grid),MNI152NLin2009cAsym 1mm,2e3869a07b96aec406e0419ca2e434afc54882d37cc212b933b139d1b63a4dfe,SimpleITK,2.5.6,Linear,percent_0_100,normalized_0_1,11072,34418,291944.2421,6251.8009,0.021414,3.108562,True,True,True,True,True,True,0.0,1.0,PASS
79,79,Superior temporal gyrus,STG_L_6_6,NGIQ-BR-00000093,left,A22r_L,Temporal lobe,Superior temporal gyrus,data/atlases/brainnetome/bna246/volume_raw/BNA_PM_4D.nii.gz,b1318517f61d08f714c25e55ee580eb8a487c0b7ab1ddbcc7eac852e4e97f020,data/atlases/brainnetome/bna246/transformed_to_julich2009c/probability_maps/BNA_PM_comp079_STG_L_6_6_prob_2009c.nii.gz,033e50615d53618d44657bf04edc9ae9e7d520d530ef2e91921ec2bfcc9ba72f,MNI152NLin6Asym (HCP40 1.25mm grid),MNI152NLin2009cAsym 1mm,2e3869a07b96aec406e0419ca2e434afc54882d37cc212b933b139d1b63a4dfe,SimpleITK,2.5.6,Linear,percent_0_100,normalized_0_1,10322,32401,269316.4731,5727.0048,0.021265,3.139023,True,True,True,True,True,True,0.0,1.0,PASS
80,80,Superior temporal gyrus,STG_R_6_6,NGIQ-BR-00000094,right,A22r_R,Temporal lobe,Superior temporal gyrus,data/atlases/brainnetome/bna246/volume_raw/BNA_PM_4D.nii.gz,b1318517f61d08f714c25e55ee580eb8a487c0b7ab1ddbcc7eac852e4e97f020,data/atlases/brainnetome/bna246/transformed_to_julich2009c/probability_maps/BNA_PM_comp080_STG_R_6_6_prob_2009c.nii.gz,b8b9cc281b9683a1e8ce811e0979863e14889b90a35a672c772f36ec0e335674,MNI152NLin6Asym (HCP40 1.25mm grid),MNI152NLin2009cAsym 1mm,2e3869a07b96aec406e0419ca2e434afc54882d37cc212b933b139d1b63a4dfe,SimpleITK,2.5.6,Linear,percent_0_100,normalized_0_1,8263,25869,259545.0041,5545.9837,0.021368,3.130703,True,True,True,True,True,True,0.0,1.0,PASS
81,81,Middle temporal gyrus,MTG_L_4_1,NGIQ-BR-00000007,left,A21c_L,Temporal lobe,Middle temporal gyrus,data/atlases/brainnetome/bna246/volume_raw/BNA_PM_4D.nii.gz,b1318517f61d08f714c25e55ee580eb8a487c0b7ab1ddbcc7eac852e4e97f020,data/atlases/brainnetome/bna246/transformed_to_julich2009c/probability_maps/BNA_PM_comp081_MTG_L_4_1_prob_2009c.nii.gz,f99c55ba8e8c0fcd43e1f1500abfd7092f7083447455f9e05b2e6d0538a0b7e5,MNI152NLin6Asym (HCP40 1.25mm grid),MNI152NLin2009cAsym 1mm,2e3869a07b96aec406e0419ca2e434afc54882d37cc212b933b139d1b63a4dfe,SimpleITK,2.5.6,Linear,percent_0_100,normalized_0_1,12154,34948,349887.6833,7417.3028,0.021199,2.875432,True,True,True,True,True,True,0.0,1.0,PASS
82,82,Middle temporal gyrus,MTG_R_4_1,NGIQ-BR-00000008,right,A21c_R,Temporal lobe,Middle temporal gyrus,data/atlases/brainnetome/bna246/volume_raw/BNA_PM_4D.nii.gz,b1318517f61d08f714c25e55ee580eb8a487c0b7ab1ddbcc7eac852e4e97f020,data/atlases/brainnetome/bna246/transformed_to_julich2009c/probability_maps/BNA_PM_comp082_MTG_R_4_1_prob_2009c.nii.gz,e19dd826a0b0e4fa956cda7f07755d3494478fe51709c9d0e8412f8ef238dc86,MNI152NLin6Asym (HCP40 1.25mm grid),MNI152NLin2009cAsym 1mm,2e3869a07b96aec406e0419ca2e434afc54882d37cc212b933b139d1b63a4dfe,SimpleITK,2.5.6,Linear,percent_0_100,normalized_0_1,12397,36582,356312.6182,7678.0151,0.021549,2.950875,True,True,True,True,True,True,0.0,1.0,PASS
83,83,Middle temporal gyrus,MTG_L_4_2,NGIQ-BR-00000095,left,A21r_L,Temporal lobe,Middle temporal gyrus,data/atlases/brainnetome/bna246/volume_raw/BNA_PM_4D.nii.gz,b1318517f61d08f714c25e55ee580eb8a487c0b7ab1ddbcc7eac852e4e97f020,data/atlases/brainnetome/bna246/transformed_to_julich2009c/probability_maps/BNA_PM_comp083_MTG_L_4_2_prob_2009c.nii.gz,3431697fc74ebc19b007edf9f3a7ae4f8b21e3f6c8379a13ad6f0c67160c5e91,MNI152NLin6Asym (HCP40 1.25mm grid),MNI152NLin2009cAsym 1mm,2e3869a07b96aec406e0419ca2e434afc54882d37cc212b933b139d1b63a4dfe,SimpleITK,2.5.6,Linear,percent_0_100,normalized_0_1,9823,30563,365965.7517,7918.7522,0.021638,3.111371,True,True,True,True,True,True,0.0,1.0,PASS
84,84,Middle temporal gyrus,MTG_R_4_2,NGIQ-BR-00000096,right,A21r_R,Temporal lobe,Middle temporal gyrus,data/atlases/brainnetome/bna246/volume_raw/BNA_PM_4D.nii.gz,b1318517f61d08f714c25e55ee580eb8a487c0b7ab1ddbcc7eac852e4e97f020,data/atlases/brainnetome/bna246/transformed_to_julich2009c/probability_maps/BNA_PM_comp084_MTG_R_4_2_prob_2009c.nii.gz,4e677b912ded90be5d7727b5d818af6c250dd19c88ed18bf2781455aa098760b,MNI152NLin6Asym (HCP40 1.25mm grid),MNI152NLin2009cAsym 1mm,2e3869a07b96aec406e0419ca2e434afc54882d37cc212b933b139d1b63a4dfe,SimpleITK,2.5.6,Linear,percent_0_100,normalized_0_1,10263,31910,395007.1702,8735.0151,0.022114,3.109227,True,True,True,True,True,True,0.0,1.0,PASS
85,85,Middle temporal gyrus,MTG_L_4_3,NGIQ-BR-00000097,left,A37dl_L,Temporal lobe,Middle temporal gyrus,data/atlases/brainnetome/bna246/volume_raw/BNA_PM_4D.nii.gz,b1318517f61d08f714c25e55ee580eb8a487c0b7ab1ddbcc7eac852e4e97f020,data/atlases/brainnetome/bna246/transformed_to_julich2009c/probability_maps/BNA_PM_comp085_MTG_L_4_3_prob_2009c.nii.gz,acd089821aeda3e0457cb6b92636dfb29d84fcf918cdbf165287abbdbf33e50f,MNI152NLin6Asym (HCP40 1.25mm grid),MNI152NLin2009cAsym 1mm,2e3869a07b96aec406e0419ca2e434afc54882d37cc212b933b139d1b63a4dfe,SimpleITK,2.5.6,Linear,percent_0_100,normalized_0_1,9967,31236,298793.4167,6119.5273,0.020481,3.133942,True,True,True,True,True,True,0.0,1.0,PASS
86,86,Middle temporal gyrus,MTG_R_4_3,NGIQ-BR-00000098,right,A37dl_R,Temporal lobe,Middle temporal gyrus,data/atlases/brainnetome/bna246/volume_raw/BNA_PM_4D.nii.gz,b1318517f61d08f714c25e55ee580eb8a487c0b7ab1ddbcc7eac852e4e97f020,data/atlases/brainnetome/bna246/transformed_to_julich2009c/probability_maps/BNA_PM_comp086_MTG_R_4_3_prob_2009c.nii.gz,f7b75f0165ab98ccf142acdcf09cd8fb20751ce3616c68ba56af66a05fb9e100,MNI152NLin6Asym (HCP40 1.25mm grid),MNI152NLin2009cAsym 1mm,2e3869a07b96aec406e0419ca2e434afc54882d37cc212b933b139d1b63a4dfe,SimpleITK,2.5.6,Linear,percent_0_100,normalized_0_1,9956,30838,291185.4856,6306.441,0.021658,3.097429,True,True,True,True,True,True,0.0,1.0,PASS
87,87,Middle temporal gyrus,MTG_L_4_4,NGIQ-BR-00000099,left,aSTS_L,Temporal lobe,Middle temporal gyrus,data/atlases/brainnetome/bna246/volume_raw/BNA_PM_4D.nii.gz,b1318517f61d08f714c25e55ee580eb8a487c0b7ab1ddbcc7eac852e4e97f020,data/atlases/brainnetome/bna246/transformed_to_julich2009c/probability_maps/BNA_PM_comp087_MTG_L_4_4_prob_2009c.nii.gz,56c57638019f40b4fff57e43ca5c863fff7253b2bc1ac2af57285ff153205462,MNI152NLin6Asym (HCP40 1.25mm grid),MNI152NLin2009cAsym 1mm,2e3869a07b96aec406e0419ca2e434afc54882d37cc212b933b139d1b63a4dfe,SimpleITK,2.5.6,Linear,percent_0_100,normalized_0_1,10558,31390,323353.1466,6785.6369,0.020985,2.973101,True,True,True,True,True,True,0.0,1.0,PASS
88,88,Middle temporal gyrus,MTG_R_4_4,NGIQ-BR-00000100,right,aSTS_R,Temporal lobe,Middle temporal gyrus,data/atlases/brainnetome/bna246/volume_raw/BNA_PM_4D.nii.gz,b1318517f61d08f714c25e55ee580eb8a487c0b7ab1ddbcc7eac852e4e97f020,data/atlases/brainnetome/bna246/transformed_to_julich2009c/probability_maps/BNA_PM_comp088_MTG_R_4_4_prob_2009c.nii.gz,1bf9111843148cec0bc6fd8b611153f9f21104b8adc555954e24964a47b50468,MNI152NLin6Asym (HCP40 1.25mm grid),MNI152NLin2009cAsym 1mm,2e3869a07b96aec406e0419ca2e434afc54882d37cc212b933b139d1b63a4dfe,SimpleITK,2.5.6,Linear,percent_0_100,normalized_0_1,10513,32085,393594.7249,8375.0857,0.021278,3.051936,True,True,True,True,True,True,0.0,1.0,PASS
89,89,Inferior temporal gyrus,ITG_L_7_1,NGIQ-BR-00000101,left,A20iv_L,Temporal lobe,Inferior temporal gyrus,data/atlases/brainnetome/bna246/volume_raw/BNA_PM_4D.nii.gz,b1318517f61d08f714c25e55ee580eb8a487c0b7ab1ddbcc7eac852e4e97f020,data/atlases/brainnetome/bna246/transformed_to_julich2009c/probability_maps/BNA_PM_comp089_ITG_L_7_1_prob_2009c.nii.gz,6eb520bd07630876c60877db665ea7f55d9da7312694b730652de0f38a4c9b0f,MNI152NLin6Asym (HCP40 1.25mm grid),MNI152NLin2009cAsym 1mm,2e3869a07b96aec406e0419ca2e434afc54882d37cc212b933b139d1b63a4dfe,SimpleITK,2.5.6,Linear,percent_0_100,normalized_0_1,10439,30170,206505.3503,4161.1804,0.02015,2.890124,True,True,True,True,True,True,0.0,1.0,PASS
90,90,Inferior temporal gyrus,ITG_R_7_1,NGIQ-BR-00000102,right,A20iv_R,Temporal lobe,Inferior temporal gyrus,data/atlases/brainnetome/bna246/volume_raw/BNA_PM_4D.nii.gz,b1318517f61d08f714c25e55ee580eb8a487c0b7ab1ddbcc7eac852e4e97f020,data/atlases/brainnetome/bna246/transformed_to_julich2009c/probability_maps/BNA_PM_comp090_ITG_R_7_1_prob_2009c.nii.gz,c56b96984e9d8f755a38f4b679b213cfb70e4b91e19d94e27d892765d2804f00,MNI152NLin6Asym (HCP40 1.25mm grid),MNI152NLin2009cAsym 1mm,2e3869a07b96aec406e0419ca2e434afc54882d37cc212b933b139d1b63a4dfe,SimpleITK,2.5.6,Linear,percent_0_100,normalized_0_1,10702,30946,177973.3511,3667.8737,0.020609,2.891609,True,True,True,True,True,True,0.0,1.0,PASS
91,91,Inferior temporal gyrus,ITG_L_7_2,NGIQ-BR-00000103,left,A37elv_L,Temporal lobe,Inferior temporal gyrus,data/atlases/brainnetome/bna246/volume_raw/BNA_PM_4D.nii.gz,b1318517f61d08f714c25e55ee580eb8a487c0b7ab1ddbcc7eac852e4e97f020,data/atlases/brainnetome/bna246/transformed_to_julich2009c/probability_maps/BNA_PM_comp091_ITG_L_7_2_prob_2009c.nii.gz,d76bebf1185e614f9c781695bf6986ef3ee05ba48d636e80f9d4b77bdf41a2b5,MNI152NLin6Asym (HCP40 1.25mm grid),MNI152NLin2009cAsym 1mm,2e3869a07b96aec406e0419ca2e434afc54882d37cc212b933b139d1b63a4dfe,SimpleITK,2.5.6,Linear,percent_0_100,normalized_0_1,7412,22942,163776.044,3352.6215,0.020471,3.095251,True,True,True,True,True,True,0.0,1.0,PASS
92,92,Inferior temporal gyrus,ITG_R_7_2,NGIQ-BR-00000104,right,A37elv_R,Temporal lobe,Inferior temporal gyrus,data/atlases/brainnetome/bna246/volume_raw/BNA_PM_4D.nii.gz,b1318517f61d08f714c25e55ee580eb8a487c0b7ab1ddbcc7eac852e4e97f020,data/atlases/brainnetome/bna246/transformed_to_julich2009c/probability_maps/BNA_PM_comp092_ITG_R_7_2_prob_2009c.nii.gz,a4c112ed50e4f6869ea55cfcc1d59b4a783670bc95aa6ae04efa6ee319d2a636,MNI152NLin6Asym (HCP40 1.25mm grid),MNI152NLin2009cAsym 1mm,2e3869a07b96aec406e0419ca2e434afc54882d37cc212b933b139d1b63a4dfe,SimpleITK,2.5.6,Linear,percent_0_100,normalized_0_1,7945,24501,141389.4558,2828.6162,0.020006,3.083826,True,True,True,True,True,True,0.0,1.0,PASS
93,93,Inferior temporal gyrus,ITG_L_7_3,NGIQ-BR-00000105,left,A20r_L,Temporal lobe,Inferior temporal gyrus,data/atlases/brainnetome/bna246/volume_raw/BNA_PM_4D.nii.gz,b1318517f61d08f714c25e55ee580eb8a487c0b7ab1ddbcc7eac852e4e97f020,data/atlases/brainnetome/bna246/transformed_to_julich2009c/probability_maps/BNA_PM_comp093_ITG_L_7_3_prob_2009c.nii.gz,7991951902ed0d772ced149942a6308141ea3ff68035449f1f477dd8e759a17f,MNI152NLin6Asym (HCP40 1.25mm grid),MNI152NLin2009cAsym 1mm,2e3869a07b96aec406e0419ca2e434afc54882d37cc212b933b139d1b63a4dfe,SimpleITK,2.5.6,Linear,percent_0_100,normalized_0_1,9706,29648,210571.3222,4492.8803,0.021337,3.054605,True,True,True,True,True,True,0.0,1.0,PASS
94,94,Inferior temporal gyrus,ITG_R_7_3,NGIQ-BR-00000106,right,A20r_R,Temporal lobe,Inferior temporal gyrus,data/atlases/brainnetome/bna246/volume_raw/BNA_PM_4D.nii.gz,b1318517f61d08f714c25e55ee580eb8a487c0b7ab1ddbcc7eac852e4e97f020,data/atlases/brainnetome/bna246/transformed_to_julich2009c/probability_maps/BNA_PM_comp094_ITG_R_7_3_prob_2009c.nii.gz,285a82752c9ecd9f2567ab2adb9c4c146ee83025e2ee1a31b12ab3eeb360ef47,MNI152NLin6Asym (HCP40 1.25mm grid),MNI152NLin2009cAsym 1mm,2e3869a07b96aec406e0419ca2e434afc54882d37cc212b933b139d1b63a4dfe,SimpleITK,2.5.6,Linear,percent_0_100,normalized_0_1,6615,22617,189291.9069,3829.0289,0.020228,3.419048,True,True,True,True,True,True,0.0,1.0,PASS
95,95,Inferior temporal gyrus,ITG_L_7_4,NGIQ-BR-00000107,left,A20il_L,Temporal lobe,Inferior temporal gyrus,data/atlases/brainnetome/bna246/volume_raw/BNA_PM_4D.nii.gz,b1318517f61d08f714c25e55ee580eb8a487c0b7ab1ddbcc7eac852e4e97f020,data/atlases/brainnetome/bna246/transformed_to_julich2009c/probability_maps/BNA_PM_comp095_ITG_L_7_4_prob_2009c.nii.gz,e734ad10ed4f183f6c0795bfba5f1d3ee317e933569968fc8f44f4202259a1c1,MNI152NLin6Asym (HCP40 1.25mm grid),MNI152NLin2009cAsym 1mm,2e3869a07b96aec406e0419ca2e434afc54882d37cc212b933b139d1b63a4dfe,SimpleITK,2.5.6,Linear,percent_0_100,normalized_0_1,9705,28940,198390.3989,4092.9214,0.020631,2.981968,True,True,True,True,True,True,0.0,1.0,PASS
96,96,Inferior temporal gyrus,ITG_R_7_4,NGIQ-BR-00000108,right,A20il_R,Temporal lobe,Inferior temporal gyrus,data/atlases/brainnetome/bna246/volume_raw/BNA_PM_4D.nii.gz,b1318517f61d08f714c25e55ee580eb8a487c0b7ab1ddbcc7eac852e4e97f020,data/atlases/brainnetome/bna246/transformed_to_julich2009c/probability_maps/BNA_PM_comp096_ITG_R_7_4_prob_2009c.nii.gz,fe312a48c1ebd96d8a1e91fd742dc6064c63a65749a9109c38b505a58f947ab5,MNI152NLin6Asym (HCP40 1.25mm grid),MNI152NLin2009cAsym 1mm,2e3869a07b96aec406e0419ca2e434afc54882d37cc212b933b139d1b63a4dfe,SimpleITK,2.5.6,Linear,percent_0_100,normalized_0_1,8795,28065,189798.2358,3997.5056,0.021062,3.191018,True,True,True,True,True,True,0.0,1.0,PASS
97,97,Inferior temporal gyrus,ITG_L_7_5,NGIQ-BR-00000109,left,A37vl_L,Temporal lobe,Inferior temporal gyrus,data/atlases/brainnetome/bna246/volume_raw/BNA_PM_4D.nii.gz,b1318517f61d08f714c25e55ee580eb8a487c0b7ab1ddbcc7eac852e4e97f020,data/atlases/brainnetome/bna246/transformed_to_julich2009c/probability_maps/BNA_PM_comp097_ITG_L_7_5_prob_2009c.nii.gz,e9912437a81fec0022599db9b95b2ce6079ee0b7b878bb832257e3a4da4e3dd6,MNI152NLin6Asym (HCP40 1.25mm grid),MNI152NLin2009cAsym 1mm,2e3869a07b96aec406e0419ca2e434afc54882d37cc212b933b139d1b63a4dfe,SimpleITK,2.5.6,Linear,percent_0_100,normalized_0_1,6429,22340,151392.2235,3095.9115,0.02045,3.474879,True,True,True,True,True,True,0.0,1.0,PASS
98,98,Inferior temporal gyrus,ITG_R_7_5,NGIQ-BR-00000110,right,A37vl_R,Temporal lobe,Inferior temporal gyrus,data/atlases/brainnetome/bna246/volume_raw/BNA_PM_4D.nii.gz,b1318517f61d08f714c25e55ee580eb8a487c0b7ab1ddbcc7eac852e4e97f020,data/atlases/brainnetome/bna246/transformed_to_julich2009c/probability_maps/BNA_PM_comp098_ITG_R_7_5_prob_2009c.nii.gz,706d9a382b30a95366f18bc66b2573753ce2345ef6a1abd436089395670c5b7b,MNI152NLin6Asym (HCP40 1.25mm grid),MNI152NLin2009cAsym 1mm,2e3869a07b96aec406e0419ca2e434afc54882d37cc212b933b139d1b63a4dfe,SimpleITK,2.5.6,Linear,percent_0_100,normalized_0_1,5093,17276,137842.5842,2891.5574,0.020977,3.392107,True,True,True,True,True,True,0.0,1.0,PASS
99,99,Inferior temporal gyrus,ITG_L_7_6,NGIQ-BR-00000111,left,A20cl_L,Temporal lobe,Inferior temporal gyrus,data/atlases/brainnetome/bna246/volume_raw/BNA_PM_4D.nii.gz,b1318517f61d08f714c25e55ee580eb8a487c0b7ab1ddbcc7eac852e4e97f020,data/atlases/brainnetome/bna246/transformed_to_julich2009c/probability_maps/BNA_PM_comp099_ITG_L_7_6_prob_2009c.nii.gz,3253b1c45a06a28b1fff01ca439fff38ae12e06e262a565907484f3359f2a45c,MNI152NLin6Asym (HCP40 1.25mm grid),MNI152NLin2009cAsym 1mm,2e3869a07b96aec406e0419ca2e434afc54882d37cc212b933b139d1b63a4dfe,SimpleITK,2.5.6,Linear,percent_0_100,normalized_0_1,8799,25924,175764.6899,3539.4234,0.020137,2.946244,True,True,True,True,True,True,0.0,1.0,PASS
100,100,Inferior temporal gyrus,ITG_R_7_6,NGIQ-BR-00000112,right,A20cl_R,Temporal lobe,Inferior temporal gyrus,data/atlases/brainnetome/bna246/volume_raw/BNA_PM_4D.nii.gz,b1318517f61d08f714c25e55ee580eb8a487c0b7ab1ddbcc7eac852e4e97f020,data/atlases/brainnetome/bna246/transformed_to_julich2009c/probability_maps/BNA_PM_comp100_ITG_R_7_6_prob_2009c.nii.gz,cc72a30e0b8d3a6d6b49070f0e68452ebca0a4ebef54786953b6141470dd9f4c,MNI152NLin6Asym (HCP40 1.25mm grid),MNI152NLin2009cAsym 1mm,2e3869a07b96aec406e0419ca2e434afc54882d37cc212b933b139d1b63a4dfe,SimpleITK,2.5.6,Linear,percent_0_100,normalized_0_1,7132,22609,157265.5784,3285.8671,0.020894,3.170079,True,True,True,True,True,True,0.0,1.0,PASS
101,101,Inferior temporal gyrus,ITG_L_7_7,NGIQ-BR-00000113,left,A20cv_L,Temporal lobe,Inferior temporal gyrus,data/atlases/brainnetome/bna246/volume_raw/BNA_PM_4D.nii.gz,b1318517f61d08f714c25e55ee580eb8a487c0b7ab1ddbcc7eac852e4e97f020,data/atlases/brainnetome/bna246/transformed_to_julich2009c/probability_maps/BNA_PM_comp101_ITG_L_7_7_prob_2009c.nii.gz,4c0f5690dc09103abd44b1ebfa79a201e7591b4aca7f482795a4d185452bed0d,MNI152NLin6Asym (HCP40 1.25mm grid),MNI152NLin2009cAsym 1mm,2e3869a07b96aec406e0419ca2e434afc54882d37cc212b933b139d1b63a4dfe,SimpleITK,2.5.6,Linear,percent_0_100,normalized_0_1,11143,31379,212299.9697,4235.0363,0.019948,2.816028,True,True,True,True,True,True,0.0,1.0,PASS
102,102,Inferior temporal gyrus,ITG_R_7_7,NGIQ-BR-00000114,right,A20cv_R,Temporal lobe,Inferior temporal gyrus,data/atlases/brainnetome/bna246/volume_raw/BNA_PM_4D.nii.gz,b1318517f61d08f714c25e55ee580eb8a487c0b7ab1ddbcc7eac852e4e97f020,data/atlases/brainnetome/bna246/transformed_to_julich2009c/probability_maps/BNA_PM_comp102_ITG_R_7_7_prob_2009c.nii.gz,f624fd7d1193bcb10400b5bdf7c3309359e12dc1b873b837cb6725b391324107,MNI152NLin6Asym (HCP40 1.25mm grid),MNI152NLin2009cAsym 1mm,2e3869a07b96aec406e0419ca2e434afc54882d37cc212b933b139d1b63a4dfe,SimpleITK,2.5.6,Linear,percent_0_100,normalized_0_1,9180,26595,213038.8861,4331.0024,0.02033,2.897059,True,True,True,True,True,True,0.0,1.0,PASS
103,103,Fusiform gyrus,FuG_L_3_1,NGIQ-BR-00000115,left,A20rv_L,Temporal lobe,Fusiform gyrus,data/atlases/brainnetome/bna246/volume_raw/BNA_PM_4D.nii.gz,b1318517f61d08f714c25e55ee580eb8a487c0b7ab1ddbcc7eac852e4e97f020,data/atlases/brainnetome/bna246/transformed_to_julich2009c/probability_maps/BNA_PM_comp103_FuG_L_3_1_prob_2009c.nii.gz,5332e44c4227686186cb40356e7ca6a18abb2646adef918dbbbf275e9d16db43,MNI152NLin6Asym (HCP40 1.25mm grid),MNI152NLin2009cAsym 1mm,2e3869a07b96aec406e0419ca2e434afc54882d37cc212b933b139d1b63a4dfe,SimpleITK,2.5.6,Linear,percent_0_100,normalized_0_1,11032,30879,453196.1749,9217.8943,0.02034,2.799039,True,True,True,True,True,True,0.0,1.0,PASS
104,104,Fusiform gyrus,FuG_R_3_1,NGIQ-BR-00000116,right,A20rv_R,Temporal lobe,Fusiform gyrus,data/atlases/brainnetome/bna246/volume_raw/BNA_PM_4D.nii.gz,b1318517f61d08f714c25e55ee580eb8a487c0b7ab1ddbcc7eac852e4e97f020,data/atlases/brainnetome/bna246/transformed_to_julich2009c/probability_maps/BNA_PM_comp104_FuG_R_3_1_prob_2009c.nii.gz,d5116b8ca001e8e2596ad7df82bac4fbaf8043b0c3d7b90dab9e85f21b0bb080,MNI152NLin6Asym (HCP40 1.25mm grid),MNI152NLin2009cAsym 1mm,2e3869a07b96aec406e0419ca2e434afc54882d37cc212b933b139d1b63a4dfe,SimpleITK,2.5.6,Linear,percent_0_100,normalized_0_1,10768,29596,441546.1818,8734.0968,0.019781,2.748514,True,True,True,True,True,True,0.0,1.0,PASS
105,105,Fusiform gyrus,FuG_L_3_2,NGIQ-BR-00000117,left,A37mv_L,Temporal lobe,Fusiform gyrus,data/atlases/brainnetome/bna246/volume_raw/BNA_PM_4D.nii.gz,b1318517f61d08f714c25e55ee580eb8a487c0b7ab1ddbcc7eac852e4e97f020,data/atlases/brainnetome/bna246/transformed_to_julich2009c/probability_maps/BNA_PM_comp105_FuG_L_3_2_prob_2009c.nii.gz,8a483ed67b85684944260e0585e00ce787553fc1f7370a5deb2a57a48d7a6bba,MNI152NLin6Asym (HCP40 1.25mm grid),MNI152NLin2009cAsym 1mm,2e3869a07b96aec406e0419ca2e434afc54882d37cc212b933b139d1b63a4dfe,SimpleITK,2.5.6,Linear,percent_0_100,normalized_0_1,10806,30217,383708.6315,7652.8271,0.019944,2.796317,True,True,True,True,True,True,0.0,1.0,PASS
106,106,Fusiform gyrus,FuG_R_3_2,NGIQ-BR-00000118,right,A37mv_R,Temporal lobe,Fusiform gyrus,data/atlases/brainnetome/bna246/volume_raw/BNA_PM_4D.nii.gz,b1318517f61d08f714c25e55ee580eb8a487c0b7ab1ddbcc7eac852e4e97f020,data/atlases/brainnetome/bna246/transformed_to_julich2009c/probability_maps/BNA_PM_comp106_FuG_R_3_2_prob_2009c.nii.gz,9c31cdfec42cc758176495fd86043a2148b855012b5f16d3fab310812e2df71e,MNI152NLin6Asym (HCP40 1.25mm grid),MNI152NLin2009cAsym 1mm,2e3869a07b96aec406e0419ca2e434afc54882d37cc212b933b139d1b63a4dfe,SimpleITK,2.5.6,Linear,percent_0_100,normalized_0_1,10661,29548,362217.7957,7319.0291,0.020206,2.771597,True,True,True,True,True,True,0.0,1.0,PASS
107,107,Fusiform gyrus,FuG_L_3_3,NGIQ-BR-00000119,left,A37lv_L,Temporal lobe,Fusiform gyrus,data/atlases/brainnetome/bna246/volume_raw/BNA_PM_4D.nii.gz,b1318517f61d08f714c25e55ee580eb8a487c0b7ab1ddbcc7eac852e4e97f020,data/atlases/brainnetome/bna246/transformed_to_julich2009c/probability_maps/BNA_PM_comp107_FuG_L_3_3_prob_2009c.nii.gz,3077ca689a1bf4e9b065c71bba9c56dea0ca5b079eacbc0b76e98e37442fee4e,MNI152NLin6Asym (HCP40 1.25mm grid),MNI152NLin2009cAsym 1mm,2e3869a07b96aec406e0419ca2e434afc54882d37cc212b933b139d1b63a4dfe,SimpleITK,2.5.6,Linear,percent_0_100,normalized_0_1,10382,29039,347595.1926,7001.5677,0.020143,2.797053,True,True,True,True,True,True,0.0,1.0,PASS
108,108,Fusiform gyrus,FuG_R_3_3,NGIQ-BR-00000120,right,A37lv_R,Temporal lobe,Fusiform gyrus,data/atlases/brainnetome/bna246/volume_raw/BNA_PM_4D.nii.gz,b1318517f61d08f714c25e55ee580eb8a487c0b7ab1ddbcc7eac852e4e97f020,data/atlases/brainnetome/bna246/transformed_to_julich2009c/probability_maps/BNA_PM_comp108_FuG_R_3_3_prob_2009c.nii.gz,ac58d0badfaf10820768a6d7bf2c21308edee18e0b20ba6431b8d52b6da47a4d,MNI152NLin6Asym (HCP40 1.25mm grid),MNI152NLin2009cAsym 1mm,2e3869a07b96aec406e0419ca2e434afc54882d37cc212b933b139d1b63a4dfe,SimpleITK,2.5.6,Linear,percent_0_100,normalized_0_1,10155,28244,357036.021,6960.531,0.019495,2.78129,True,True,True,True,True,True,0.0,1.0,PASS
109,109,Parahippocampal gyrus,PhG_L_6_1,NGIQ-BR-00000121,left,A35/36r_L,Temporal lobe,Parahippocampal gyrus,data/atlases/brainnetome/bna246/volume_raw/BNA_PM_4D.nii.gz,b1318517f61d08f714c25e55ee580eb8a487c0b7ab1ddbcc7eac852e4e97f020,data/atlases/brainnetome/bna246/transformed_to_julich2009c/probability_maps/BNA_PM_comp109_PhG_L_6_1_prob_2009c.nii.gz,96c14f99cdf4eaeb5d375475ec797932088cad4c4e6b4c2c2e89b099888d8142,MNI152NLin6Asym (HCP40 1.25mm grid),MNI152NLin2009cAsym 1mm,2e3869a07b96aec406e0419ca2e434afc54882d37cc212b933b139d1b63a4dfe,SimpleITK,2.5.6,Linear,percent_0_100,normalized_0_1,3529,11988,70339.1164,1453.8025,0.020668,3.396996,True,True,True,True,True,True,0.0,1.0,PASS
110,110,Parahippocampal gyrus,PhG_R_6_1,NGIQ-BR-00000122,right,A35/36r_R,Temporal lobe,Parahippocampal gyrus,data/atlases/brainnetome/bna246/volume_raw/BNA_PM_4D.nii.gz,b1318517f61d08f714c25e55ee580eb8a487c0b7ab1ddbcc7eac852e4e97f020,data/atlases/brainnetome/bna246/transformed_to_julich2009c/probability_maps/BNA_PM_comp110_PhG_R_6_1_prob_2009c.nii.gz,f6f73ae017d2155e6c20571a48c55ee2963afdeb3c111cfabc407a11f0688ecd,MNI152NLin6Asym (HCP40 1.25mm grid),MNI152NLin2009cAsym 1mm,2e3869a07b96aec406e0419ca2e434afc54882d37cc212b933b139d1b63a4dfe,SimpleITK,2.5.6,Linear,percent_0_100,normalized_0_1,2925,9670,65663.7067,1295.1269,0.019724,3.305983,True,True,True,True,True,True,0.0,1.0,PASS
111,111,Parahippocampal gyrus,PhG_L_6_2,NGIQ-BR-00000123,left,A35/36c_L,Temporal lobe,Parahippocampal gyrus,data/atlases/brainnetome/bna246/volume_raw/BNA_PM_4D.nii.gz,b1318517f61d08f714c25e55ee580eb8a487c0b7ab1ddbcc7eac852e4e97f020,data/atlases/brainnetome/bna246/transformed_to_julich2009c/probability_maps/BNA_PM_comp111_PhG_L_6_2_prob_2009c.nii.gz,de8574737b463fbfd701712baf2638d52829845bfd722ed6b777c24431c3bfe2,MNI152NLin6Asym (HCP40 1.25mm grid),MNI152NLin2009cAsym 1mm,2e3869a07b96aec406e0419ca2e434afc54882d37cc212b933b139d1b63a4dfe,SimpleITK,2.5.6,Linear,percent_0_100,normalized_0_1,3438,11572,70747.1348,1492.9538,0.021103,3.36591,True,True,True,True,True,True,0.0,1.0,PASS
112,112,Parahippocampal gyrus,PhG_R_6_2,NGIQ-BR-00000124,right,A35/36c_R,Temporal lobe,Parahippocampal gyrus,data/atlases/brainnetome/bna246/volume_raw/BNA_PM_4D.nii.gz,b1318517f61d08f714c25e55ee580eb8a487c0b7ab1ddbcc7eac852e4e97f020,data/atlases/brainnetome/bna246/transformed_to_julich2009c/probability_maps/BNA_PM_comp112_PhG_R_6_2_prob_2009c.nii.gz,75435debadce84d64584c5ad5327283db45240267a9487dfce3f519cf51548c7,MNI152NLin6Asym (HCP40 1.25mm grid),MNI152NLin2009cAsym 1mm,2e3869a07b96aec406e0419ca2e434afc54882d37cc212b933b139d1b63a4dfe,SimpleITK,2.5.6,Linear,percent_0_100,normalized_0_1,3045,9867,68936.3273,1400.0242,0.020309,3.240394,True,True,True,True,True,True,0.0,1.0,PASS
113,113,Parahippocampal gyrus,PhG_L_6_3,NGIQ-BR-00000125,left,TL_L,Temporal lobe,Parahippocampal gyrus,data/atlases/brainnetome/bna246/volume_raw/BNA_PM_4D.nii.gz,b1318517f61d08f714c25e55ee580eb8a487c0b7ab1ddbcc7eac852e4e97f020,data/atlases/brainnetome/bna246/transformed_to_julich2009c/probability_maps/BNA_PM_comp113_PhG_L_6_3_prob_2009c.nii.gz,e21dcd92c4bb7cf83bd6e1c566e83fe2921898d8ddd90d0ecb4b70709ca31ed2,MNI152NLin6Asym (HCP40 1.25mm grid),MNI152NLin2009cAsym 1mm,2e3869a07b96aec406e0419ca2e434afc54882d37cc212b933b139d1b63a4dfe,SimpleITK,2.5.6,Linear,percent_0_100,normalized_0_1,3052,10269,81452.6587,1716.8497,0.021078,3.364679,True,True,True,True,True,True,0.0,1.0,PASS
114,114,Parahippocampal gyrus,PhG_R_6_3,NGIQ-BR-00000126,right,TL_R,Temporal lobe,Parahippocampal gyrus,data/atlases/brainnetome/bna246/volume_raw/BNA_PM_4D.nii.gz,b1318517f61d08f714c25e55ee580eb8a487c0b7ab1ddbcc7eac852e4e97f020,data/atlases/brainnetome/bna246/transformed_to_julich2009c/probability_maps/BNA_PM_comp114_PhG_R_6_3_prob_2009c.nii.gz,c95b3866447e9e4c89c3925f2cde62b8616446d3617e2d353831ed4e13f3ef9b,MNI152NLin6Asym (HCP40 1.25mm grid),MNI152NLin2009cAsym 1mm,2e3869a07b96aec406e0419ca2e434afc54882d37cc212b933b139d1b63a4dfe,SimpleITK,2.5.6,Linear,percent_0_100,normalized_0_1,2938,10158,71214.1425,1462.7048,0.02054,3.457454,True,True,True,True,True,True,0.0,1.0,PASS
115,115,Parahippocampal gyrus,PhG_L_6_4,NGIQ-BR-00000127,left,A28/34_L,Temporal lobe,Parahippocampal gyrus,data/atlases/brainnetome/bna246/volume_raw/BNA_PM_4D.nii.gz,b1318517f61d08f714c25e55ee580eb8a487c0b7ab1ddbcc7eac852e4e97f020,data/atlases/brainnetome/bna246/transformed_to_julich2009c/probability_maps/BNA_PM_comp115_PhG_L_6_4_prob_2009c.nii.gz,3679485881034d740daaa0b7bcc951568333997aca626e9a0262918f8941ac4e,MNI152NLin6Asym (HCP40 1.25mm grid),MNI152NLin2009cAsym 1mm,2e3869a07b96aec406e0419ca2e434afc54882d37cc212b933b139d1b63a4dfe,SimpleITK,2.5.6,Linear,percent_0_100,normalized_0_1,2911,10319,74629.7005,1528.1298,0.020476,3.54483,True,True,True,True,True,True,0.0,1.0,PASS
116,116,Parahippocampal gyrus,PhG_R_6_4,NGIQ-BR-00000128,right,A28/34_R,Temporal lobe,Parahippocampal gyrus,data/atlases/brainnetome/bna246/volume_raw/BNA_PM_4D.nii.gz,b1318517f61d08f714c25e55ee580eb8a487c0b7ab1ddbcc7eac852e4e97f020,data/atlases/brainnetome/bna246/transformed_to_julich2009c/probability_maps/BNA_PM_comp116_PhG_R_6_4_prob_2009c.nii.gz,ff35e82bd3b60c6efe4b487ea0344958109f2477c74b6be4bc41cc69f2d2ab86,MNI152NLin6Asym (HCP40 1.25mm grid),MNI152NLin2009cAsym 1mm,2e3869a07b96aec406e0419ca2e434afc54882d37cc212b933b139d1b63a4dfe,SimpleITK,2.5.6,Linear,percent_0_100,normalized_0_1,3101,10603,70468.6555,1414.2064,0.020069,3.41922,True,True,True,True,True,True,0.0,1.0,PASS
117,117,Parahippocampal gyrus,PhG_L_6_5,NGIQ-BR-00000129,left,TI_L,Temporal lobe,Parahippocampal gyrus,data/atlases/brainnetome/bna246/volume_raw/BNA_PM_4D.nii.gz,b1318517f61d08f714c25e55ee580eb8a487c0b7ab1ddbcc7eac852e4e97f020,data/atlases/brainnetome/bna246/transformed_to_julich2009c/probability_maps/BNA_PM_comp117_PhG_L_6_5_prob_2009c.nii.gz,cbd16210754632a2548f177f03ae5cc4d7342bc2370c2492c7f3764cf2a4e146,MNI152NLin6Asym (HCP40 1.25mm grid),MNI152NLin2009cAsym 1mm,2e3869a07b96aec406e0419ca2e434afc54882d37cc212b933b139d1b63a4dfe,SimpleITK,2.5.6,Linear,percent_0_100,normalized_0_1,3380,11921,71399.031,1448.84,0.020292,3.526923,True,True,True,True,True,True,0.0,1.0,PASS
118,118,Parahippocampal gyrus,PhG_R_6_5,NGIQ-BR-00000130,right,TI_R,Temporal lobe,Parahippocampal gyrus,data/atlases/brainnetome/bna246/volume_raw/BNA_PM_4D.nii.gz,b1318517f61d08f714c25e55ee580eb8a487c0b7ab1ddbcc7eac852e4e97f020,data/atlases/brainnetome/bna246/transformed_to_julich2009c/probability_maps/BNA_PM_comp118_PhG_R_6_5_prob_2009c.nii.gz,baa0ee969d3e5f99c88b510606a897b2e3bd1f7a7b98e3df317ceaf6f0c85d23,MNI152NLin6Asym (HCP40 1.25mm grid),MNI152NLin2009cAsym 1mm,2e3869a07b96aec406e0419ca2e434afc54882d37cc212b933b139d1b63a4dfe,SimpleITK,2.5.6,Linear,percent_0_100,normalized_0_1,3256,10880,71520.1158,1387.5245,0.0194,3.341523,True,True,True,True,True,True,0.0,1.0,PASS
119,119,Parahippocampal gyrus,PhG_L_6_6,NGIQ-BR-00000131,left,TH_L,Temporal lobe,Parahippocampal gyrus,data/atlases/brainnetome/bna246/volume_raw/BNA_PM_4D.nii.gz,b1318517f61d08f714c25e55ee580eb8a487c0b7ab1ddbcc7eac852e4e97f020,data/atlases/brainnetome/bna246/transformed_to_julich2009c/probability_maps/BNA_PM_comp119_PhG_L_6_6_prob_2009c.nii.gz,80a145ce143cf28dfa36434209510d7329f2daac53b64b45f4178404b329c5f1,MNI152NLin6Asym (HCP40 1.25mm grid),MNI152NLin2009cAsym 1mm,2e3869a07b96aec406e0419ca2e434afc54882d37cc212b933b139d1b63a4dfe,SimpleITK,2.5.6,Linear,percent_0_100,normalized_0_1,3407,11778,67232.3577,1405.0328,0.020898,3.457,True,True,True,True,True,True,0.0,1.0,PASS
120,120,Parahippocampal gyrus,PhG_R_6_6,NGIQ-BR-00000132,right,TH_R,Temporal lobe,Parahippocampal gyrus,data/atlases/brainnetome/bna246/volume_raw/BNA_PM_4D.nii.gz,b1318517f61d08f714c25e55ee580eb8a487c0b7ab1ddbcc7eac852e4e97f020,data/atlases/brainnetome/bna246/transformed_to_julich2009c/probability_maps/BNA_PM_comp120_PhG_R_6_6_prob_2009c.nii.gz,616d3b68f726c0a2d31e228dde2bb30fd90f844b44b0282d36284d996d9178f4,MNI152NLin6Asym (HCP40 1.25mm grid),MNI152NLin2009cAsym 1mm,2e3869a07b96aec406e0419ca2e434afc54882d37cc212b933b139d1b63a4dfe,SimpleITK,2.5.6,Linear,percent_0_100,normalized_0_1,3267,10955,70097.0514,1439.1941,0.020531,3.353229,True,True,True,True,True,True,0.0,1.0,PASS
121,121,Posterior superior temporal sulcus,pSTS_L_2_1,NGIQ-BR-00000133,left,rpSTS_L,Temporal lobe,Posterior superior temporal sulcus,data/atlases/brainnetome/bna246/volume_raw/BNA_PM_4D.nii.gz,b1318517f61d08f714c25e55ee580eb8a487c0b7ab1ddbcc7eac852e4e97f020,data/atlases/brainnetome/bna246/transformed_to_julich2009c/probability_maps/BNA_PM_comp121_pSTS_L_2_1_prob_2009c.nii.gz,5e10109e26bb69e69093075a0c1810d5f6f14ad21f52949146752e252069afd1,MNI152NLin6Asym (HCP40 1.25mm grid),MNI152NLin2009cAsym 1mm,2e3869a07b96aec406e0419ca2e434afc54882d37cc212b933b139d1b63a4dfe,SimpleITK,2.5.6,Linear,percent_0_100,normalized_0_1,2967,8875,135680.3411,2903.2957,0.021398,2.991237,True,True,True,True,True,True,0.0,1.0,PASS
122,122,Posterior superior temporal sulcus,pSTS_R_2_1,NGIQ-BR-00000134,right,rpSTS_R,Temporal lobe,Posterior superior temporal sulcus,data/atlases/brainnetome/bna246/volume_raw/BNA_PM_4D.nii.gz,b1318517f61d08f714c25e55ee580eb8a487c0b7ab1ddbcc7eac852e4e97f020,data/atlases/brainnetome/bna246/transformed_to_julich2009c/probability_maps/BNA_PM_comp122_pSTS_R_2_1_prob_2009c.nii.gz,5ba1ff45b868da820447331bea5a66984fbbb013a885b97919224140906e9a4f,MNI152NLin6Asym (HCP40 1.25mm grid),MNI152NLin2009cAsym 1mm,2e3869a07b96aec406e0419ca2e434afc54882d37cc212b933b139d1b63a4dfe,SimpleITK,2.5.6,Linear,percent_0_100,normalized_0_1,2689,7818,149365.5825,3150.1401,0.02109,2.907401,True,True,True,True,True,True,0.0,1.0,PASS
123,123,Posterior superior temporal sulcus,pSTS_L_2_2,NGIQ-BR-00000135,left,cpSTS_L,Temporal lobe,Posterior superior temporal sulcus,data/atlases/brainnetome/bna246/volume_raw/BNA_PM_4D.nii.gz,b1318517f61d08f714c25e55ee580eb8a487c0b7ab1ddbcc7eac852e4e97f020,data/atlases/brainnetome/bna246/transformed_to_julich2009c/probability_maps/BNA_PM_comp123_pSTS_L_2_2_prob_2009c.nii.gz,26e180c376ecd30dfa254146bd9cdcca83038afd70c27446e8c16f64a110d014,MNI152NLin6Asym (HCP40 1.25mm grid),MNI152NLin2009cAsym 1mm,2e3869a07b96aec406e0419ca2e434afc54882d37cc212b933b139d1b63a4dfe,SimpleITK,2.5.6,Linear,percent_0_100,normalized_0_1,2997,8937,165419.6586,3556.2525,0.021498,2.981982,True,True,True,True,True,True,0.0,1.0,PASS
124,124,Posterior superior temporal sulcus,pSTS_R_2_2,NGIQ-BR-00000136,right,cpSTS_R,Temporal lobe,Posterior superior temporal sulcus,data/atlases/brainnetome/bna246/volume_raw/BNA_PM_4D.nii.gz,b1318517f61d08f714c25e55ee580eb8a487c0b7ab1ddbcc7eac852e4e97f020,data/atlases/brainnetome/bna246/transformed_to_julich2009c/probability_maps/BNA_PM_comp124_pSTS_R_2_2_prob_2009c.nii.gz,d81b1f59fbbc6a8ea1f83da1ba4786cbd7150996aa5d34eedcece0b1125a854c,MNI152NLin6Asym (HCP40 1.25mm grid),MNI152NLin2009cAsym 1mm,2e3869a07b96aec406e0419ca2e434afc54882d37cc212b933b139d1b63a4dfe,SimpleITK,2.5.6,Linear,percent_0_100,normalized_0_1,2642,7804,119834.4173,2521.6387,0.021043,2.953823,True,True,True,True,True,True,0.0,1.0,PASS
125,125,Superior parietal lobule,SPL_L_5_1,NGIQ-BR-00000009,left,A7r_L,Parietal lobe,Superior parietal lobule,data/atlases/brainnetome/bna246/volume_raw/BNA_PM_4D.nii.gz,b1318517f61d08f714c25e55ee580eb8a487c0b7ab1ddbcc7eac852e4e97f020,data/atlases/brainnetome/bna246/transformed_to_julich2009c/probability_maps/BNA_PM_comp125_SPL_L_5_1_prob_2009c.nii.gz,2e0745d7b904960740eecd7cbe98d4f64c3c15281bd4f96d06e14656cad7b3f6,MNI152NLin6Asym (HCP40 1.25mm grid),MNI152NLin2009cAsym 1mm,2e3869a07b96aec406e0419ca2e434afc54882d37cc212b933b139d1b63a4dfe,SimpleITK,2.5.6,Linear,percent_0_100,normalized_0_1,7902,26992,193685.2151,4434.0431,0.022893,3.415844,True,True,True,True,True,True,0.0,0.999957,PASS
126,126,Superior parietal lobule,SPL_R_5_1,NGIQ-BR-00000010,right,A7r_R,Parietal lobe,Superior parietal lobule,data/atlases/brainnetome/bna246/volume_raw/BNA_PM_4D.nii.gz,b1318517f61d08f714c25e55ee580eb8a487c0b7ab1ddbcc7eac852e4e97f020,data/atlases/brainnetome/bna246/transformed_to_julich2009c/probability_maps/BNA_PM_comp126_SPL_R_5_1_prob_2009c.nii.gz,da87e31cc6d352318d45d851becbaf1bc2c8d45c597a3c702da114968bce122c,MNI152NLin6Asym (HCP40 1.25mm grid),MNI152NLin2009cAsym 1mm,2e3869a07b96aec406e0419ca2e434afc54882d37cc212b933b139d1b63a4dfe,SimpleITK,2.5.6,Linear,percent_0_100,normalized_0_1,9244,27924,240785.8928,5111.7173,0.021229,3.02077,True,True,True,True,True,True,0.0,1.0,PASS
127,127,Superior parietal lobule,SPL_L_5_2,NGIQ-BR-00000137,left,A7c_L,Parietal lobe,Superior parietal lobule,data/atlases/brainnetome/bna246/volume_raw/BNA_PM_4D.nii.gz,b1318517f61d08f714c25e55ee580eb8a487c0b7ab1ddbcc7eac852e4e97f020,data/atlases/brainnetome/bna246/transformed_to_julich2009c/probability_maps/BNA_PM_comp127_SPL_L_5_2_prob_2009c.nii.gz,527ca0ab3133a3d57ea9ff688a6fe28b3dfd10a8a174ab16e7c80b3ee719636f,MNI152NLin6Asym (HCP40 1.25mm grid),MNI152NLin2009cAsym 1mm,2e3869a07b96aec406e0419ca2e434afc54882d37cc212b933b139d1b63a4dfe,SimpleITK,2.5.6,Linear,percent_0_100,normalized_0_1,11713,37833,238637.0745,5400.9276,0.022632,3.230001,True,True,True,True,True,True,0.0,0.99934,PASS
128,128,Superior parietal lobule,SPL_R_5_2,NGIQ-BR-00000138,right,A7c_R,Parietal lobe,Superior parietal lobule,data/atlases/brainnetome/bna246/volume_raw/BNA_PM_4D.nii.gz,b1318517f61d08f714c25e55ee580eb8a487c0b7ab1ddbcc7eac852e4e97f020,data/atlases/brainnetome/bna246/transformed_to_julich2009c/probability_maps/BNA_PM_comp128_SPL_R_5_2_prob_2009c.nii.gz,299d2b67cad6c41dd1e7626bb5fc0cad4a723ccc17922c6179adea7944007e02,MNI152NLin6Asym (HCP40 1.25mm grid),MNI152NLin2009cAsym 1mm,2e3869a07b96aec406e0419ca2e434afc54882d37cc212b933b139d1b63a4dfe,SimpleITK,2.5.6,Linear,percent_0_100,normalized_0_1,12110,33271,247541.8355,4574.4816,0.01848,2.747399,True,True,True,True,True,True,0.0,1.0,PASS
129,129,Superior parietal lobule,SPL_L_5_3,NGIQ-BR-00000139,left,A5l_L,Parietal lobe,Superior parietal lobule,data/atlases/brainnetome/bna246/volume_raw/BNA_PM_4D.nii.gz,b1318517f61d08f714c25e55ee580eb8a487c0b7ab1ddbcc7eac852e4e97f020,data/atlases/brainnetome/bna246/transformed_to_julich2009c/probability_maps/BNA_PM_comp129_SPL_L_5_3_prob_2009c.nii.gz,a151252bc8a362a275a9512e2cef2b1b28ef22266e984738cfaabc0bc2b61a78,MNI152NLin6Asym (HCP40 1.25mm grid),MNI152NLin2009cAsym 1mm,2e3869a07b96aec406e0419ca2e434afc54882d37cc212b933b139d1b63a4dfe,SimpleITK,2.5.6,Linear,percent_0_100,normalized_0_1,6665,21981,230508.4967,5512.1243,0.023913,3.297974,True,True,True,True,True,True,0.0,1.0,PASS
130,130,Superior parietal lobule,SPL_R_5_3,NGIQ-BR-00000140,right,A5l_R,Parietal lobe,Superior parietal lobule,data/atlases/brainnetome/bna246/volume_raw/BNA_PM_4D.nii.gz,b1318517f61d08f714c25e55ee580eb8a487c0b7ab1ddbcc7eac852e4e97f020,data/atlases/brainnetome/bna246/transformed_to_julich2009c/probability_maps/BNA_PM_comp130_SPL_R_5_3_prob_2009c.nii.gz,e2943629fd23a7ebfe6f3303f4215d9513f5b5ec7e62bd5551d00fccbd1ae55c,MNI152NLin6Asym (HCP40 1.25mm grid),MNI152NLin2009cAsym 1mm,2e3869a07b96aec406e0419ca2e434afc54882d37cc212b933b139d1b63a4dfe,SimpleITK,2.5.6,Linear,percent_0_100,normalized_0_1,10089,30816,253335.6675,5628.7875,0.022219,3.054416,True,True,True,True,True,True,0.0,1.0,PASS
131,131,Superior parietal lobule,SPL_L_5_4,NGIQ-BR-00000141,left,A7pc_L,Parietal lobe,Superior parietal lobule,data/atlases/brainnetome/bna246/volume_raw/BNA_PM_4D.nii.gz,b1318517f61d08f714c25e55ee580eb8a487c0b7ab1ddbcc7eac852e4e97f020,data/atlases/brainnetome/bna246/transformed_to_julich2009c/probability_maps/BNA_PM_comp131_SPL_L_5_4_prob_2009c.nii.gz,6ee9b61c21cf89eab8d0a835255bc36a02de7e784de83280b2db2e22a771d6e2,MNI152NLin6Asym (HCP40 1.25mm grid),MNI152NLin2009cAsym 1mm,2e3869a07b96aec406e0419ca2e434afc54882d37cc212b933b139d1b63a4dfe,SimpleITK,2.5.6,Linear,percent_0_100,normalized_0_1,6011,21083,177574.0921,4107.6649,0.023132,3.507403,True,True,True,True,True,True,0.0,1.0,PASS
132,132,Superior parietal lobule,SPL_R_5_4,NGIQ-BR-00000142,right,A7pc_R,Parietal lobe,Superior parietal lobule,data/atlases/brainnetome/bna246/volume_raw/BNA_PM_4D.nii.gz,b1318517f61d08f714c25e55ee580eb8a487c0b7ab1ddbcc7eac852e4e97f020,data/atlases/brainnetome/bna246/transformed_to_julich2009c/probability_maps/BNA_PM_comp132_SPL_R_5_4_prob_2009c.nii.gz,07297e5178d37b810ee0d7f0780fe2dcf0cdb0b7a3f42de9ac6dda835af13ac6,MNI152NLin6Asym (HCP40 1.25mm grid),MNI152NLin2009cAsym 1mm,2e3869a07b96aec406e0419ca2e434afc54882d37cc212b933b139d1b63a4dfe,SimpleITK,2.5.6,Linear,percent_0_100,normalized_0_1,6314,21526,198996.2354,4666.8029,0.023452,3.409249,True,True,True,True,True,True,0.0,1.0,PASS
133,133,Superior parietal lobule,SPL_L_5_5,NGIQ-BR-00000143,left,A7ip_L,Parietal lobe,Superior parietal lobule,data/atlases/brainnetome/bna246/volume_raw/BNA_PM_4D.nii.gz,b1318517f61d08f714c25e55ee580eb8a487c0b7ab1ddbcc7eac852e4e97f020,data/atlases/brainnetome/bna246/transformed_to_julich2009c/probability_maps/BNA_PM_comp133_SPL_L_5_5_prob_2009c.nii.gz,20105a034af580186b93e2e6106ee7dbc08f54d43826a2ac01219d3d8ddf3e82,MNI152NLin6Asym (HCP40 1.25mm grid),MNI152NLin2009cAsym 1mm,2e3869a07b96aec406e0419ca2e434afc54882d37cc212b933b139d1b63a4dfe,SimpleITK,2.5.6,Linear,percent_0_100,normalized_0_1,12026,38322,215307.3287,5254.558,0.024405,3.186596,True,True,True,True,True,True,0.0,0.999729,PASS
134,134,Superior parietal lobule,SPL_R_5_5,NGIQ-BR-00000144,right,A7ip_R,Parietal lobe,Superior parietal lobule,data/atlases/brainnetome/bna246/volume_raw/BNA_PM_4D.nii.gz,b1318517f61d08f714c25e55ee580eb8a487c0b7ab1ddbcc7eac852e4e97f020,data/atlases/brainnetome/bna246/transformed_to_julich2009c/probability_maps/BNA_PM_comp134_SPL_R_5_5_prob_2009c.nii.gz,49763e4d3f184548e17b8a4f3ee7743f799661afe77228cbc21fa175dcef453e,MNI152NLin6Asym (HCP40 1.25mm grid),MNI152NLin2009cAsym 1mm,2e3869a07b96aec406e0419ca2e434afc54882d37cc212b933b139d1b63a4dfe,SimpleITK,2.5.6,Linear,percent_0_100,normalized_0_1,13728,38817,240389.6777,4617.3948,0.019208,2.827579,True,True,True,True,True,True,0.0,1.0,PASS
135,135,Inferior parietal lobule,IPL_L_6_1,NGIQ-BR-00000011,left,A39c_L,Parietal lobe,Inferior parietal lobule,data/atlases/brainnetome/bna246/volume_raw/BNA_PM_4D.nii.gz,b1318517f61d08f714c25e55ee580eb8a487c0b7ab1ddbcc7eac852e4e97f020,data/atlases/brainnetome/bna246/transformed_to_julich2009c/probability_maps/BNA_PM_comp135_IPL_L_6_1_prob_2009c.nii.gz,98fbe99fa7c8ddcd934250ee396de90817856fd6f74411891c649a49c21cb0e3,MNI152NLin6Asym (HCP40 1.25mm grid),MNI152NLin2009cAsym 1mm,2e3869a07b96aec406e0419ca2e434afc54882d37cc212b933b139d1b63a4dfe,SimpleITK,2.5.6,Linear,percent_0_100,normalized_0_1,10774,29775,457200.0213,8511.952,0.018618,2.763598,True,True,True,True,True,True,0.0,1.0,PASS
136,136,Inferior parietal lobule,IPL_R_6_1,NGIQ-BR-00000012,right,A39c_R,Parietal lobe,Inferior parietal lobule,data/atlases/brainnetome/bna246/volume_raw/BNA_PM_4D.nii.gz,b1318517f61d08f714c25e55ee580eb8a487c0b7ab1ddbcc7eac852e4e97f020,data/atlases/brainnetome/bna246/transformed_to_julich2009c/probability_maps/BNA_PM_comp136_IPL_R_6_1_prob_2009c.nii.gz,4492f3feea74c00fad4ec127adb7569d2005fbf217020d5fd205ea1a8bb95ac5,MNI152NLin6Asym (HCP40 1.25mm grid),MNI152NLin2009cAsym 1mm,2e3869a07b96aec406e0419ca2e434afc54882d37cc212b933b139d1b63a4dfe,SimpleITK,2.5.6,Linear,percent_0_100,normalized_0_1,15854,45638,502062.6514,10164.4796,0.020245,2.878643,True,True,True,True,True,True,0.0,1.0,PASS
137,137,Inferior parietal lobule,IPL_L_6_2,NGIQ-BR-00000145,left,A39rd_L,Parietal lobe,Inferior parietal lobule,data/atlases/brainnetome/bna246/volume_raw/BNA_PM_4D.nii.gz,b1318517f61d08f714c25e55ee580eb8a487c0b7ab1ddbcc7eac852e4e97f020,data/atlases/brainnetome/bna246/transformed_to_julich2009c/probability_maps/BNA_PM_comp137_IPL_L_6_2_prob_2009c.nii.gz,c184aeb9d0b244b9851be68c48e49c679c487460f7e4611271ec2b4e5f02e7cc,MNI152NLin6Asym (HCP40 1.25mm grid),MNI152NLin2009cAsym 1mm,2e3869a07b96aec406e0419ca2e434afc54882d37cc212b933b139d1b63a4dfe,SimpleITK,2.5.6,Linear,percent_0_100,normalized_0_1,19285,53337,391686.8586,8589.3312,0.021929,2.765725,True,True,True,True,True,True,0.0,1.0,PASS
138,138,Inferior parietal lobule,IPL_R_6_2,NGIQ-BR-00000146,right,A39rd_R,Parietal lobe,Inferior parietal lobule,data/atlases/brainnetome/bna246/volume_raw/BNA_PM_4D.nii.gz,b1318517f61d08f714c25e55ee580eb8a487c0b7ab1ddbcc7eac852e4e97f020,data/atlases/brainnetome/bna246/transformed_to_julich2009c/probability_maps/BNA_PM_comp138_IPL_R_6_2_prob_2009c.nii.gz,8e740119775b2438c0a9a4ee0a37edab869ff4e3f2f25005ee6c170de877fd7c,MNI152NLin6Asym (HCP40 1.25mm grid),MNI152NLin2009cAsym 1mm,2e3869a07b96aec406e0419ca2e434afc54882d37cc212b933b139d1b63a4dfe,SimpleITK,2.5.6,Linear,percent_0_100,normalized_0_1,18859,52914,439576.9035,8719.5228,0.019836,2.805769,True,True,True,True,True,True,0.0,1.0,PASS
139,139,Inferior parietal lobule,IPL_L_6_3,NGIQ-BR-00000147,left,A40rd_L,Parietal lobe,Inferior parietal lobule,data/atlases/brainnetome/bna246/volume_raw/BNA_PM_4D.nii.gz,b1318517f61d08f714c25e55ee580eb8a487c0b7ab1ddbcc7eac852e4e97f020,data/atlases/brainnetome/bna246/transformed_to_julich2009c/probability_maps/BNA_PM_comp139_IPL_L_6_3_prob_2009c.nii.gz,0e7152053e2300c88812d6c8ea7013e61ca1070054553a183caebf1ce9b68a69,MNI152NLin6Asym (HCP40 1.25mm grid),MNI152NLin2009cAsym 1mm,2e3869a07b96aec406e0419ca2e434afc54882d37cc212b933b139d1b63a4dfe,SimpleITK,2.5.6,Linear,percent_0_100,normalized_0_1,17850,50768,442420.8166,9127.0277,0.02063,2.844146,True,True,True,True,True,True,0.0,1.0,PASS
140,140,Inferior parietal lobule,IPL_R_6_3,NGIQ-BR-00000148,right,A40rd_R,Parietal lobe,Inferior parietal lobule,data/atlases/brainnetome/bna246/volume_raw/BNA_PM_4D.nii.gz,b1318517f61d08f714c25e55ee580eb8a487c0b7ab1ddbcc7eac852e4e97f020,data/atlases/brainnetome/bna246/transformed_to_julich2009c/probability_maps/BNA_PM_comp140_IPL_R_6_3_prob_2009c.nii.gz,4f58248abc28bab85cad1350e89f9d9576c5dbb907d2e0f433b57aff267fd6a0,MNI152NLin6Asym (HCP40 1.25mm grid),MNI152NLin2009cAsym 1mm,2e3869a07b96aec406e0419ca2e434afc54882d37cc212b933b139d1b63a4dfe,SimpleITK,2.5.6,Linear,percent_0_100,normalized_0_1,12402,36965,439927.6875,9708.3034,0.022068,2.980568,True,True,True,True,True,True,0.0,1.0,PASS
141,141,Inferior parietal lobule,IPL_L_6_4,NGIQ-BR-00000149,left,A40c_L,Parietal lobe,Inferior parietal lobule,data/atlases/brainnetome/bna246/volume_raw/BNA_PM_4D.nii.gz,b1318517f61d08f714c25e55ee580eb8a487c0b7ab1ddbcc7eac852e4e97f020,data/atlases/brainnetome/bna246/transformed_to_julich2009c/probability_maps/BNA_PM_comp141_IPL_L_6_4_prob_2009c.nii.gz,54b059b419bcc9509a0699727711c6082b1d1917c76539327c1f18c8a6ce60b6,MNI152NLin6Asym (HCP40 1.25mm grid),MNI152NLin2009cAsym 1mm,2e3869a07b96aec406e0419ca2e434afc54882d37cc212b933b139d1b63a4dfe,SimpleITK,2.5.6,Linear,percent_0_100,normalized_0_1,23548,63426,508689.5729,10758.5479,0.02115,2.693477,True,True,True,True,True,True,0.0,1.0,PASS
142,142,Inferior parietal lobule,IPL_R_6_4,NGIQ-BR-00000150,right,A40c_R,Parietal lobe,Inferior parietal lobule,data/atlases/brainnetome/bna246/volume_raw/BNA_PM_4D.nii.gz,b1318517f61d08f714c25e55ee580eb8a487c0b7ab1ddbcc7eac852e4e97f020,data/atlases/brainnetome/bna246/transformed_to_julich2009c/probability_maps/BNA_PM_comp142_IPL_R_6_4_prob_2009c.nii.gz,0d18074a59f36026bf62a1dfb6ab9600106096ae2b2b13c34c4e4b741f0d4d34,MNI152NLin6Asym (HCP40 1.25mm grid),MNI152NLin2009cAsym 1mm,2e3869a07b96aec406e0419ca2e434afc54882d37cc212b933b139d1b63a4dfe,SimpleITK,2.5.6,Linear,percent_0_100,normalized_0_1,21090,58409,508747.8331,10639.5093,0.020913,2.769512,True,True,True,True,True,True,0.0,1.0,PASS
143,143,Inferior parietal lobule,IPL_L_6_5,NGIQ-BR-00000151,left,A39rv_L,Parietal lobe,Inferior parietal lobule,data/atlases/brainnetome/bna246/volume_raw/BNA_PM_4D.nii.gz,b1318517f61d08f714c25e55ee580eb8a487c0b7ab1ddbcc7eac852e4e97f020,data/atlases/brainnetome/bna246/transformed_to_julich2009c/probability_maps/BNA_PM_comp143_IPL_L_6_5_prob_2009c.nii.gz,d45ed2a8a4fd946eccbcfbd11ddd06fbe1ae411b2b51f481849f995b2bd8a26f,MNI152NLin6Asym (HCP40 1.25mm grid),MNI152NLin2009cAsym 1mm,2e3869a07b96aec406e0419ca2e434afc54882d37cc212b933b139d1b63a4dfe,SimpleITK,2.5.6,Linear,percent_0_100,normalized_0_1,16786,46383,525391.9393,10574.8934,0.020128,2.763196,True,True,True,True,True,True,0.0,1.0,PASS
144,144,Inferior parietal lobule,IPL_R_6_5,NGIQ-BR-00000152,right,A39rv_R,Parietal lobe,Inferior parietal lobule,data/atlases/brainnetome/bna246/volume_raw/BNA_PM_4D.nii.gz,b1318517f61d08f714c25e55ee580eb8a487c0b7ab1ddbcc7eac852e4e97f020,data/atlases/brainnetome/bna246/transformed_to_julich2009c/probability_maps/BNA_PM_comp144_IPL_R_6_5_prob_2009c.nii.gz,c64d0400cbbd9034e53872a045642c1db7b5deb355df6d35238563fad0a186ec,MNI152NLin6Asym (HCP40 1.25mm grid),MNI152NLin2009cAsym 1mm,2e3869a07b96aec406e0419ca2e434afc54882d37cc212b933b139d1b63a4dfe,SimpleITK,2.5.6,Linear,percent_0_100,normalized_0_1,18260,51016,533000.0504,11104.0735,0.020833,2.793866,True,True,True,True,True,True,0.0,1.0,PASS
145,145,Inferior parietal lobule,IPL_L_6_6,NGIQ-BR-00000153,left,A40rv_L,Parietal lobe,Inferior parietal lobule,data/atlases/brainnetome/bna246/volume_raw/BNA_PM_4D.nii.gz,b1318517f61d08f714c25e55ee580eb8a487c0b7ab1ddbcc7eac852e4e97f020,data/atlases/brainnetome/bna246/transformed_to_julich2009c/probability_maps/BNA_PM_comp145_IPL_L_6_6_prob_2009c.nii.gz,6d6460bd71fc2dbd54bbc84d5d2215c64cd087fb7605b0d8469f2c496649cd4d,MNI152NLin6Asym (HCP40 1.25mm grid),MNI152NLin2009cAsym 1mm,2e3869a07b96aec406e0419ca2e434afc54882d37cc212b933b139d1b63a4dfe,SimpleITK,2.5.6,Linear,percent_0_100,normalized_0_1,18215,51706,486910.7889,9942.9247,0.02042,2.838649,True,True,True,True,True,True,0.0,1.0,PASS
146,146,Inferior parietal lobule,IPL_R_6_6,NGIQ-BR-00000154,right,A40rv_R,Parietal lobe,Inferior parietal lobule,data/atlases/brainnetome/bna246/volume_raw/BNA_PM_4D.nii.gz,b1318517f61d08f714c25e55ee580eb8a487c0b7ab1ddbcc7eac852e4e97f020,data/atlases/brainnetome/bna246/transformed_to_julich2009c/probability_maps/BNA_PM_comp146_IPL_R_6_6_prob_2009c.nii.gz,388543b0c021526334e2f198f283098159bd68273350fd11b8a3a64a727ac5c6,MNI152NLin6Asym (HCP40 1.25mm grid),MNI152NLin2009cAsym 1mm,2e3869a07b96aec406e0419ca2e434afc54882d37cc212b933b139d1b63a4dfe,SimpleITK,2.5.6,Linear,percent_0_100,normalized_0_1,11207,32884,514784.8719,10621.2809,0.020632,2.934238,True,True,True,True,True,True,0.0,1.0,PASS
147,147,Precuneus,PCun_L_4_1,NGIQ-BR-00000155,left,A7m_L,Parietal lobe,Precuneus,data/atlases/brainnetome/bna246/volume_raw/BNA_PM_4D.nii.gz,b1318517f61d08f714c25e55ee580eb8a487c0b7ab1ddbcc7eac852e4e97f020,data/atlases/brainnetome/bna246/transformed_to_julich2009c/probability_maps/BNA_PM_comp147_PCun_L_4_1_prob_2009c.nii.gz,e05a3d41de205839c8a48027a0cc5786bce2d1e85117aed91df0b174f3fc8e8f,MNI152NLin6Asym (HCP40 1.25mm grid),MNI152NLin2009cAsym 1mm,2e3869a07b96aec406e0419ca2e434afc54882d37cc212b933b139d1b63a4dfe,SimpleITK,2.5.6,Linear,percent_0_100,normalized_0_1,8745,25278,243598.5338,4941.2693,0.020284,2.890566,True,True,True,True,True,True,0.0,0.917526,PASS
148,148,Precuneus,PCun_R_4_1,NGIQ-BR-00000156,right,A7m_R,Parietal lobe,Precuneus,data/atlases/brainnetome/bna246/volume_raw/BNA_PM_4D.nii.gz,b1318517f61d08f714c25e55ee580eb8a487c0b7ab1ddbcc7eac852e4e97f020,data/atlases/brainnetome/bna246/transformed_to_julich2009c/probability_maps/BNA_PM_comp148_PCun_R_4_1_prob_2009c.nii.gz,d049dabb6c54d985235d7b95008657e3eb5dc9fa4de80dafa227aec4edd59d52,MNI152NLin6Asym (HCP40 1.25mm grid),MNI152NLin2009cAsym 1mm,2e3869a07b96aec406e0419ca2e434afc54882d37cc212b933b139d1b63a4dfe,SimpleITK,2.5.6,Linear,percent_0_100,normalized_0_1,10674,30118,250397.5144,4995.1074,0.019949,2.821623,True,True,True,True,True,True,0.0,0.965832,PASS
149,149,Precuneus,PCun_L_4_2,NGIQ-BR-00000157,left,A5m_L,Parietal lobe,Precuneus,data/atlases/brainnetome/bna246/volume_raw/BNA_PM_4D.nii.gz,b1318517f61d08f714c25e55ee580eb8a487c0b7ab1ddbcc7eac852e4e97f020,data/atlases/brainnetome/bna246/transformed_to_julich2009c/probability_maps/BNA_PM_comp149_PCun_L_4_2_prob_2009c.nii.gz,c858ae89fb5c30db109b01c8d04e32fe022f648d6c6ba6456e7dd3c4ac177f47,MNI152NLin6Asym (HCP40 1.25mm grid),MNI152NLin2009cAsym 1mm,2e3869a07b96aec406e0419ca2e434afc54882d37cc212b933b139d1b63a4dfe,SimpleITK,2.5.6,Linear,percent_0_100,normalized_0_1,6610,21150,245421.3844,4951.4916,0.020175,3.199697,True,True,True,True,True,True,0.0,0.974006,PASS
150,150,Precuneus,PCun_R_4_2,NGIQ-BR-00000158,right,A5m_R,Parietal lobe,Precuneus,data/atlases/brainnetome/bna246/volume_raw/BNA_PM_4D.nii.gz,b1318517f61d08f714c25e55ee580eb8a487c0b7ab1ddbcc7eac852e4e97f020,data/atlases/brainnetome/bna246/transformed_to_julich2009c/probability_maps/BNA_PM_comp150_PCun_R_4_2_prob_2009c.nii.gz,1b180c41d8c281245367b1b1ac3a7d708698f937ef73e59e7bf8cf6b1485eacd,MNI152NLin6Asym (HCP40 1.25mm grid),MNI152NLin2009cAsym 1mm,2e3869a07b96aec406e0419ca2e434afc54882d37cc212b933b139d1b63a4dfe,SimpleITK,2.5.6,Linear,percent_0_100,normalized_0_1,6093,18594,256523.5333,5320.6137,0.020741,3.051699,True,True,True,True,True,True,0.0,0.953769,PASS
151,151,Precuneus,PCun_L_4_3,NGIQ-BR-00000159,left,dmPOS_L,Parietal lobe,Precuneus,data/atlases/brainnetome/bna246/volume_raw/BNA_PM_4D.nii.gz,b1318517f61d08f714c25e55ee580eb8a487c0b7ab1ddbcc7eac852e4e97f020,data/atlases/brainnetome/bna246/transformed_to_julich2009c/probability_maps/BNA_PM_comp151_PCun_L_4_3_prob_2009c.nii.gz,0755f884170063e5f2b0e3f46b1c3c11a827282d8cd69f72ac0b3209223ed723,MNI152NLin6Asym (HCP40 1.25mm grid),MNI152NLin2009cAsym 1mm,2e3869a07b96aec406e0419ca2e434afc54882d37cc212b933b139d1b63a4dfe,SimpleITK,2.5.6,Linear,percent_0_100,normalized_0_1,8092,22838,415872.2279,8517.2109,0.02048,2.822294,True,True,True,True,True,True,0.0,0.987403,PASS
152,152,Precuneus,PCun_R_4_3,NGIQ-BR-00000160,right,dmPOS_R,Parietal lobe,Precuneus,data/atlases/brainnetome/bna246/volume_raw/BNA_PM_4D.nii.gz,b1318517f61d08f714c25e55ee580eb8a487c0b7ab1ddbcc7eac852e4e97f020,data/atlases/brainnetome/bna246/transformed_to_julich2009c/probability_maps/BNA_PM_comp152_PCun_R_4_3_prob_2009c.nii.gz,5dd8acbe852038750364d7bf313fd59e0b6923bc78b176386aba2f83ec50dcbf,MNI152NLin6Asym (HCP40 1.25mm grid),MNI152NLin2009cAsym 1mm,2e3869a07b96aec406e0419ca2e434afc54882d37cc212b933b139d1b63a4dfe,SimpleITK,2.5.6,Linear,percent_0_100,normalized_0_1,7424,20736,467717.985,9499.2234,0.02031,2.793103,True,True,True,True,True,True,0.0,0.998505,PASS
153,153,Precuneus,PCun_L_4_4,NGIQ-BR-00000161,left,A31_L,Parietal lobe,Precuneus,data/atlases/brainnetome/bna246/volume_raw/BNA_PM_4D.nii.gz,b1318517f61d08f714c25e55ee580eb8a487c0b7ab1ddbcc7eac852e4e97f020,data/atlases/brainnetome/bna246/transformed_to_julich2009c/probability_maps/BNA_PM_comp153_PCun_L_4_4_prob_2009c.nii.gz,fe8d4e8361aba024b9f91e609693582a2d17d6383afc5e742e17ea914f6d6513,MNI152NLin6Asym (HCP40 1.25mm grid),MNI152NLin2009cAsym 1mm,2e3869a07b96aec406e0419ca2e434afc54882d37cc212b933b139d1b63a4dfe,SimpleITK,2.5.6,Linear,percent_0_100,normalized_0_1,8874,24265,342907.8531,7009.6662,0.020442,2.734393,True,True,True,True,True,True,0.0,0.93027,PASS
154,154,Precuneus,PCun_R_4_4,NGIQ-BR-00000162,right,A31_R,Parietal lobe,Precuneus,data/atlases/brainnetome/bna246/volume_raw/BNA_PM_4D.nii.gz,b1318517f61d08f714c25e55ee580eb8a487c0b7ab1ddbcc7eac852e4e97f020,data/atlases/brainnetome/bna246/transformed_to_julich2009c/probability_maps/BNA_PM_comp154_PCun_R_4_4_prob_2009c.nii.gz,e3c229b083df3aabbdf99d66e20f6dc5b387cd55580d1f72b77ec69bf8a71427,MNI152NLin6Asym (HCP40 1.25mm grid),MNI152NLin2009cAsym 1mm,2e3869a07b96aec406e0419ca2e434afc54882d37cc212b933b139d1b63a4dfe,SimpleITK,2.5.6,Linear,percent_0_100,normalized_0_1,9360,25844,379160.9662,7634.1739,0.020134,2.761111,True,True,True,True,True,True,0.0,0.930435,PASS
155,155,Postcentral gyrus,PoG_L_4_1,NGIQ-BR-00000163,left,A1/2/3ulhf_L,Parietal lobe,Postcentral gyrus,data/atlases/brainnetome/bna246/volume_raw/BNA_PM_4D.nii.gz,b1318517f61d08f714c25e55ee580eb8a487c0b7ab1ddbcc7eac852e4e97f020,data/atlases/brainnetome/bna246/transformed_to_julich2009c/probability_maps/BNA_PM_comp155_PoG_L_4_1_prob_2009c.nii.gz,b8a6895397562610ddb0093dbcdd5a330ea5aff7ef84ac49ca01d9b893988e1d,MNI152NLin6Asym (HCP40 1.25mm grid),MNI152NLin2009cAsym 1mm,2e3869a07b96aec406e0419ca2e434afc54882d37cc212b933b139d1b63a4dfe,SimpleITK,2.5.6,Linear,percent_0_100,normalized_0_1,9327,28306,378933.4779,7830.8655,0.020666,3.034845,True,True,True,True,True,True,0.0,1.0,PASS
156,156,Postcentral gyrus,PoG_R_4_1,NGIQ-BR-00000164,right,A1/2/3ulhf_R,Parietal lobe,Postcentral gyrus,data/atlases/brainnetome/bna246/volume_raw/BNA_PM_4D.nii.gz,b1318517f61d08f714c25e55ee580eb8a487c0b7ab1ddbcc7eac852e4e97f020,data/atlases/brainnetome/bna246/transformed_to_julich2009c/probability_maps/BNA_PM_comp156_PoG_R_4_1_prob_2009c.nii.gz,52efa5c253eaf9af3a6d63814cc40200fb4b1da914123d6a84080cb7bbbf7848,MNI152NLin6Asym (HCP40 1.25mm grid),MNI152NLin2009cAsym 1mm,2e3869a07b96aec406e0419ca2e434afc54882d37cc212b933b139d1b63a4dfe,SimpleITK,2.5.6,Linear,percent_0_100,normalized_0_1,9683,31607,326238.5029,7189.2441,0.022037,3.264174,True,True,True,True,True,True,0.0,1.0,PASS
157,157,Postcentral gyrus,PoG_L_4_2,NGIQ-BR-00000165,left,A1/2/3tonIa_L,Parietal lobe,Postcentral gyrus,data/atlases/brainnetome/bna246/volume_raw/BNA_PM_4D.nii.gz,b1318517f61d08f714c25e55ee580eb8a487c0b7ab1ddbcc7eac852e4e97f020,data/atlases/brainnetome/bna246/transformed_to_julich2009c/probability_maps/BNA_PM_comp157_PoG_L_4_2_prob_2009c.nii.gz,e879c5a897544a3905669de9b17ce2d8c5b3a88fe75509383800090e438b92b1,MNI152NLin6Asym (HCP40 1.25mm grid),MNI152NLin2009cAsym 1mm,2e3869a07b96aec406e0419ca2e434afc54882d37cc212b933b139d1b63a4dfe,SimpleITK,2.5.6,Linear,percent_0_100,normalized_0_1,6819,21717,249578.7253,5321.0702,0.02132,3.184778,True,True,True,True,True,True,0.0,1.0,PASS
158,158,Postcentral gyrus,PoG_R_4_2,NGIQ-BR-00000166,right,A1/2/3tonIa_R,Parietal lobe,Postcentral gyrus,data/atlases/brainnetome/bna246/volume_raw/BNA_PM_4D.nii.gz,b1318517f61d08f714c25e55ee580eb8a487c0b7ab1ddbcc7eac852e4e97f020,data/atlases/brainnetome/bna246/transformed_to_julich2009c/probability_maps/BNA_PM_comp158_PoG_R_4_2_prob_2009c.nii.gz,bf437767617e841de7257248f151a4f439021cf32198025ab0e88b59a2b9bdc3,MNI152NLin6Asym (HCP40 1.25mm grid),MNI152NLin2009cAsym 1mm,2e3869a07b96aec406e0419ca2e434afc54882d37cc212b933b139d1b63a4dfe,SimpleITK,2.5.6,Linear,percent_0_100,normalized_0_1,7911,27097,262990.0191,5690.8167,0.021639,3.425231,True,True,True,True,True,True,0.0,1.0,PASS
159,159,Postcentral gyrus,PoG_L_4_3,NGIQ-BR-00000167,left,A2_L,Parietal lobe,Postcentral gyrus,data/atlases/brainnetome/bna246/volume_raw/BNA_PM_4D.nii.gz,b1318517f61d08f714c25e55ee580eb8a487c0b7ab1ddbcc7eac852e4e97f020,data/atlases/brainnetome/bna246/transformed_to_julich2009c/probability_maps/BNA_PM_comp159_PoG_L_4_3_prob_2009c.nii.gz,084ce6eff674e588d10447644f3d522ed3dd6de2c8311578fc86d8d4a6ac8744,MNI152NLin6Asym (HCP40 1.25mm grid),MNI152NLin2009cAsym 1mm,2e3869a07b96aec406e0419ca2e434afc54882d37cc212b933b139d1b63a4dfe,SimpleITK,2.5.6,Linear,percent_0_100,normalized_0_1,9601,28989,331175.9992,7172.9675,0.021659,3.019373,True,True,True,True,True,True,0.0,1.0,PASS
160,160,Postcentral gyrus,PoG_R_4_3,NGIQ-BR-00000168,right,A2_R,Parietal lobe,Postcentral gyrus,data/atlases/brainnetome/bna246/volume_raw/BNA_PM_4D.nii.gz,b1318517f61d08f714c25e55ee580eb8a487c0b7ab1ddbcc7eac852e4e97f020,data/atlases/brainnetome/bna246/transformed_to_julich2009c/probability_maps/BNA_PM_comp160_PoG_R_4_3_prob_2009c.nii.gz,fe1a16d93e20432bc45988bf07ec4781dd66a02c976abc87567d03a6d6a5efb1,MNI152NLin6Asym (HCP40 1.25mm grid),MNI152NLin2009cAsym 1mm,2e3869a07b96aec406e0419ca2e434afc54882d37cc212b933b139d1b63a4dfe,SimpleITK,2.5.6,Linear,percent_0_100,normalized_0_1,8787,29297,301811.3828,6972.9618,0.023104,3.33413,True,True,True,True,True,True,0.0,1.0,PASS
161,161,Postcentral gyrus,PoG_L_4_4,NGIQ-BR-00000169,left,A1/2/3tru_L,Parietal lobe,Postcentral gyrus,data/atlases/brainnetome/bna246/volume_raw/BNA_PM_4D.nii.gz,b1318517f61d08f714c25e55ee580eb8a487c0b7ab1ddbcc7eac852e4e97f020,data/atlases/brainnetome/bna246/transformed_to_julich2009c/probability_maps/BNA_PM_comp161_PoG_L_4_4_prob_2009c.nii.gz,77dcdd64035d53560a0ef3cfa4fba4ae63a85c4c9d2682130ba7c3e37612f098,MNI152NLin6Asym (HCP40 1.25mm grid),MNI152NLin2009cAsym 1mm,2e3869a07b96aec406e0419ca2e434afc54882d37cc212b933b139d1b63a4dfe,SimpleITK,2.5.6,Linear,percent_0_100,normalized_0_1,9280,29183,270511.7965,5114.8534,0.018908,3.14472,True,True,True,True,True,True,0.0,1.0,PASS
162,162,Postcentral gyrus,PoG_R_4_4,NGIQ-BR-00000170,right,A1/2/3tru_R,Parietal lobe,Postcentral gyrus,data/atlases/brainnetome/bna246/volume_raw/BNA_PM_4D.nii.gz,b1318517f61d08f714c25e55ee580eb8a487c0b7ab1ddbcc7eac852e4e97f020,data/atlases/brainnetome/bna246/transformed_to_julich2009c/probability_maps/BNA_PM_comp162_PoG_R_4_4_prob_2009c.nii.gz,9dc4e8cae0f2348ed8cd6aae6df7575e86d2b49b1c061368b6086f4bfe3ca405,MNI152NLin6Asym (HCP40 1.25mm grid),MNI152NLin2009cAsym 1mm,2e3869a07b96aec406e0419ca2e434afc54882d37cc212b933b139d1b63a4dfe,SimpleITK,2.5.6,Linear,percent_0_100,normalized_0_1,6896,24626,206060.0937,4542.2744,0.022043,3.571056,True,True,True,True,True,True,0.0,1.0,PASS
163,163,Insular gyrus,INS_L_6_1,NGIQ-BR-00000013,left,G_L,Insular lobe,Insular gyrus,data/atlases/brainnetome/bna246/volume_raw/BNA_PM_4D.nii.gz,b1318517f61d08f714c25e55ee580eb8a487c0b7ab1ddbcc7eac852e4e97f020,data/atlases/brainnetome/bna246/transformed_to_julich2009c/probability_maps/BNA_PM_comp163_INS_L_6_1_prob_2009c.nii.gz,d627af997f149b443e6e1d3fda42e0c646b6c51604f1e5dbd4094fa25a1fa932,MNI152NLin6Asym (HCP40 1.25mm grid),MNI152NLin2009cAsym 1mm,2e3869a07b96aec406e0419ca2e434afc54882d37cc212b933b139d1b63a4dfe,SimpleITK,2.5.6,Linear,percent_0_100,normalized_0_1,3265,10076,138273.0,2848.708,0.020602,3.086064,True,True,True,True,True,True,0.0,1.0,PASS
164,164,Insular gyrus,INS_R_6_1,NGIQ-BR-00000014,right,G_R,Insular lobe,Insular gyrus,data/atlases/brainnetome/bna246/volume_raw/BNA_PM_4D.nii.gz,b1318517f61d08f714c25e55ee580eb8a487c0b7ab1ddbcc7eac852e4e97f020,data/atlases/brainnetome/bna246/transformed_to_julich2009c/probability_maps/BNA_PM_comp164_INS_R_6_1_prob_2009c.nii.gz,f79d3c6ab0246c4d4bc2f600732419de12f28becdd4d567913a1dfa42f28200a,MNI152NLin6Asym (HCP40 1.25mm grid),MNI152NLin2009cAsym 1mm,2e3869a07b96aec406e0419ca2e434afc54882d37cc212b933b139d1b63a4dfe,SimpleITK,2.5.6,Linear,percent_0_100,normalized_0_1,4090,12883,122663.0,2493.4206,0.020327,3.149878,True,True,True,True,True,True,0.0,1.0,PASS
165,165,Insular gyrus,INS_L_6_2,NGIQ-BR-00000171,left,vIa_L,Insular lobe,Insular gyrus,data/atlases/brainnetome/bna246/volume_raw/BNA_PM_4D.nii.gz,b1318517f61d08f714c25e55ee580eb8a487c0b7ab1ddbcc7eac852e4e97f020,data/atlases/brainnetome/bna246/transformed_to_julich2009c/probability_maps/BNA_PM_comp165_INS_L_6_2_prob_2009c.nii.gz,e003e272019b89d2db254e709be37be9f1b56cca3fdf03106848431caef75225,MNI152NLin6Asym (HCP40 1.25mm grid),MNI152NLin2009cAsym 1mm,2e3869a07b96aec406e0419ca2e434afc54882d37cc212b933b139d1b63a4dfe,SimpleITK,2.5.6,Linear,percent_0_100,normalized_0_1,2433,8706,91866.0,1857.1894,0.020216,3.578298,True,True,True,True,True,True,0.0,1.0,PASS
166,166,Insular gyrus,INS_R_6_2,NGIQ-BR-00000172,right,vIa_R,Insular lobe,Insular gyrus,data/atlases/brainnetome/bna246/volume_raw/BNA_PM_4D.nii.gz,b1318517f61d08f714c25e55ee580eb8a487c0b7ab1ddbcc7eac852e4e97f020,data/atlases/brainnetome/bna246/transformed_to_julich2009c/probability_maps/BNA_PM_comp166_INS_R_6_2_prob_2009c.nii.gz,fc231a89328d33c7807cb1fd7e14070297a4976c3af74ae2a9cba9741d39b198,MNI152NLin6Asym (HCP40 1.25mm grid),MNI152NLin2009cAsym 1mm,2e3869a07b96aec406e0419ca2e434afc54882d37cc212b933b139d1b63a4dfe,SimpleITK,2.5.6,Linear,percent_0_100,normalized_0_1,2365,8418,83724.0,1718.6553,0.020528,3.559408,True,True,True,True,True,True,0.0,1.0,PASS
167,167,Insular gyrus,INS_L_6_3,NGIQ-BR-00000173,left,dIa_L,Insular lobe,Insular gyrus,data/atlases/brainnetome/bna246/volume_raw/BNA_PM_4D.nii.gz,b1318517f61d08f714c25e55ee580eb8a487c0b7ab1ddbcc7eac852e4e97f020,data/atlases/brainnetome/bna246/transformed_to_julich2009c/probability_maps/BNA_PM_comp167_INS_L_6_3_prob_2009c.nii.gz,5513c682ad1c9877810ab8d479253dfed2ba98f06ccaf4a61aa20568aaa0fa63,MNI152NLin6Asym (HCP40 1.25mm grid),MNI152NLin2009cAsym 1mm,2e3869a07b96aec406e0419ca2e434afc54882d37cc212b933b139d1b63a4dfe,SimpleITK,2.5.6,Linear,percent_0_100,normalized_0_1,2869,9975,107981.0,2310.6175,0.021398,3.476821,True,True,True,True,True,True,0.0,1.0,PASS
168,168,Insular gyrus,INS_R_6_3,NGIQ-BR-00000174,right,dIa_R,Insular lobe,Insular gyrus,data/atlases/brainnetome/bna246/volume_raw/BNA_PM_4D.nii.gz,b1318517f61d08f714c25e55ee580eb8a487c0b7ab1ddbcc7eac852e4e97f020,data/atlases/brainnetome/bna246/transformed_to_julich2009c/probability_maps/BNA_PM_comp168_INS_R_6_3_prob_2009c.nii.gz,6f5bedc6eff8aa7dce1b3d61d222f25a920d40bcc46e31d19646cc9fd68e787d,MNI152NLin6Asym (HCP40 1.25mm grid),MNI152NLin2009cAsym 1mm,2e3869a07b96aec406e0419ca2e434afc54882d37cc212b933b139d1b63a4dfe,SimpleITK,2.5.6,Linear,percent_0_100,normalized_0_1,2978,10001,107607.0,2239.119,0.020808,3.358294,True,True,True,True,True,True,0.0,1.0,PASS
169,169,Insular gyrus,INS_L_6_4,NGIQ-BR-00000175,left,vId/vIg_L,Insular lobe,Insular gyrus,data/atlases/brainnetome/bna246/volume_raw/BNA_PM_4D.nii.gz,b1318517f61d08f714c25e55ee580eb8a487c0b7ab1ddbcc7eac852e4e97f020,data/atlases/brainnetome/bna246/transformed_to_julich2009c/probability_maps/BNA_PM_comp169_INS_L_6_4_prob_2009c.nii.gz,dbdc33f03c0c5e8bc349733dc1d72ca3abb1aa123d9f6b689f169169de9e11f6,MNI152NLin6Asym (HCP40 1.25mm grid),MNI152NLin2009cAsym 1mm,2e3869a07b96aec406e0419ca2e434afc54882d37cc212b933b139d1b63a4dfe,SimpleITK,2.5.6,Linear,percent_0_100,normalized_0_1,4125,14010,112722.0,2349.1954,0.020841,3.396364,True,True,True,True,True,True,0.0,1.0,PASS
170,170,Insular gyrus,INS_R_6_4,NGIQ-BR-00000176,right,vId/vIg_R,Insular lobe,Insular gyrus,data/atlases/brainnetome/bna246/volume_raw/BNA_PM_4D.nii.gz,b1318517f61d08f714c25e55ee580eb8a487c0b7ab1ddbcc7eac852e4e97f020,data/atlases/brainnetome/bna246/transformed_to_julich2009c/probability_maps/BNA_PM_comp170_INS_R_6_4_prob_2009c.nii.gz,5b85149b4fd3cb17d75973e0aa0a7e08ad2e124f4d60ede38fe911c0b1fbd445,MNI152NLin6Asym (HCP40 1.25mm grid),MNI152NLin2009cAsym 1mm,2e3869a07b96aec406e0419ca2e434afc54882d37cc212b933b139d1b63a4dfe,SimpleITK,2.5.6,Linear,percent_0_100,normalized_0_1,3431,11896,104004.0,2162.3877,0.020791,3.467211,True,True,True,True,True,True,0.0,1.0,PASS
171,171,Insular gyrus,INS_L_6_5,NGIQ-BR-00000177,left,dIg_L,Insular lobe,Insular gyrus,data/atlases/brainnetome/bna246/volume_raw/BNA_PM_4D.nii.gz,b1318517f61d08f714c25e55ee580eb8a487c0b7ab1ddbcc7eac852e4e97f020,data/atlases/brainnetome/bna246/transformed_to_julich2009c/probability_maps/BNA_PM_comp171_INS_L_6_5_prob_2009c.nii.gz,0b19905812d5fd56b6784c0490e77318e920fe4a6c27b2ec61ca5bd233eb900e,MNI152NLin6Asym (HCP40 1.25mm grid),MNI152NLin2009cAsym 1mm,2e3869a07b96aec406e0419ca2e434afc54882d37cc212b933b139d1b63a4dfe,SimpleITK,2.5.6,Linear,percent_0_100,normalized_0_1,4196,13213,127349.0,2676.1428,0.021014,3.148951,True,True,True,True,True,True,0.0,1.0,PASS
172,172,Insular gyrus,INS_R_6_5,NGIQ-BR-00000178,right,dIg_R,Insular lobe,Insular gyrus,data/atlases/brainnetome/bna246/volume_raw/BNA_PM_4D.nii.gz,b1318517f61d08f714c25e55ee580eb8a487c0b7ab1ddbcc7eac852e4e97f020,data/atlases/brainnetome/bna246/transformed_to_julich2009c/probability_maps/BNA_PM_comp172_INS_R_6_5_prob_2009c.nii.gz,84169f13120a36f88da4e105a8e83fc3c642a81cdb1f22b84389553b431c525f,MNI152NLin6Asym (HCP40 1.25mm grid),MNI152NLin2009cAsym 1mm,2e3869a07b96aec406e0419ca2e434afc54882d37cc212b933b139d1b63a4dfe,SimpleITK,2.5.6,Linear,percent_0_100,normalized_0_1,4323,14036,117400.0,2484.4571,0.021162,3.246819,True,True,True,True,True,True,0.0,1.0,PASS
173,173,Insular gyrus,INS_L_6_6,NGIQ-BR-00000179,left,dId_L,Insular lobe,Insular gyrus,data/atlases/brainnetome/bna246/volume_raw/BNA_PM_4D.nii.gz,b1318517f61d08f714c25e55ee580eb8a487c0b7ab1ddbcc7eac852e4e97f020,data/atlases/brainnetome/bna246/transformed_to_julich2009c/probability_maps/BNA_PM_comp173_INS_L_6_6_prob_2009c.nii.gz,57556d3ba0dc12611f41798854e9ea7bef191f28f14460e3bdcc7f2cef86ae83,MNI152NLin6Asym (HCP40 1.25mm grid),MNI152NLin2009cAsym 1mm,2e3869a07b96aec406e0419ca2e434afc54882d37cc212b933b139d1b63a4dfe,SimpleITK,2.5.6,Linear,percent_0_100,normalized_0_1,4686,15192,121277.0,2593.2323,0.021383,3.241997,True,True,True,True,True,True,0.0,1.0,PASS
174,174,Insular gyrus,INS_R_6_6,NGIQ-BR-00000180,right,dId_R,Insular lobe,Insular gyrus,data/atlases/brainnetome/bna246/volume_raw/BNA_PM_4D.nii.gz,b1318517f61d08f714c25e55ee580eb8a487c0b7ab1ddbcc7eac852e4e97f020,data/atlases/brainnetome/bna246/transformed_to_julich2009c/probability_maps/BNA_PM_comp174_INS_R_6_6_prob_2009c.nii.gz,f4a99b14125fc5ed97cfa2f03a2a94a9a9f228b48264ec90c696e4e7decacf5b,MNI152NLin6Asym (HCP40 1.25mm grid),MNI152NLin2009cAsym 1mm,2e3869a07b96aec406e0419ca2e434afc54882d37cc212b933b139d1b63a4dfe,SimpleITK,2.5.6,Linear,percent_0_100,normalized_0_1,4648,14651,128301.0,2749.3296,0.021429,3.152108,True,True,True,True,True,True,0.0,1.0,PASS
175,175,Cingulate gyrus,CG_L_7_1,NGIQ-BR-00000181,left,A23d_L,Limbic lobe,Cingulate gyrus,data/atlases/brainnetome/bna246/volume_raw/BNA_PM_4D.nii.gz,b1318517f61d08f714c25e55ee580eb8a487c0b7ab1ddbcc7eac852e4e97f020,data/atlases/brainnetome/bna246/transformed_to_julich2009c/probability_maps/BNA_PM_comp175_CG_L_7_1_prob_2009c.nii.gz,eb745be3cd3dd9f3f71cf3ceb7906b6c4388714668e1e78c60743fad36b42322,MNI152NLin6Asym (HCP40 1.25mm grid),MNI152NLin2009cAsym 1mm,2e3869a07b96aec406e0419ca2e434afc54882d37cc212b933b139d1b63a4dfe,SimpleITK,2.5.6,Linear,percent_0_100,normalized_0_1,7983,27499,199947.0883,4269.5824,0.021354,3.444695,True,True,True,True,True,True,0.0,0.922151,PASS
176,176,Cingulate gyrus,CG_R_7_1,NGIQ-BR-00000182,right,A23d_R,Limbic lobe,Cingulate gyrus,data/atlases/brainnetome/bna246/volume_raw/BNA_PM_4D.nii.gz,b1318517f61d08f714c25e55ee580eb8a487c0b7ab1ddbcc7eac852e4e97f020,data/atlases/brainnetome/bna246/transformed_to_julich2009c/probability_maps/BNA_PM_comp176_CG_R_7_1_prob_2009c.nii.gz,9ee20e52e039202574ea6218b1f74c6353a39d6db100feddcc7f7f503ab1c477,MNI152NLin6Asym (HCP40 1.25mm grid),MNI152NLin2009cAsym 1mm,2e3869a07b96aec406e0419ca2e434afc54882d37cc212b933b139d1b63a4dfe,SimpleITK,2.5.6,Linear,percent_0_100,normalized_0_1,8167,25938,197107.7141,4101.9475,0.020811,3.175952,True,True,True,True,True,True,0.0,0.899915,PASS
177,177,Cingulate gyrus,CG_L_7_2,NGIQ-BR-00000183,left,A24rv_L,Limbic lobe,Cingulate gyrus,data/atlases/brainnetome/bna246/volume_raw/BNA_PM_4D.nii.gz,b1318517f61d08f714c25e55ee580eb8a487c0b7ab1ddbcc7eac852e4e97f020,data/atlases/brainnetome/bna246/transformed_to_julich2009c/probability_maps/BNA_PM_comp177_CG_L_7_2_prob_2009c.nii.gz,8382e3dfd2c6409c0324971e9be730e4597a555a646b5f097e2d29b07d37f16c,MNI152NLin6Asym (HCP40 1.25mm grid),MNI152NLin2009cAsym 1mm,2e3869a07b96aec406e0419ca2e434afc54882d37cc212b933b139d1b63a4dfe,SimpleITK,2.5.6,Linear,percent_0_100,normalized_0_1,7548,24532,108160.858,2286.0406,0.021136,3.250132,True,True,True,True,True,True,0.0,0.949619,PASS
178,178,Cingulate gyrus,CG_R_7_2,NGIQ-BR-00000184,right,A24rv_R,Limbic lobe,Cingulate gyrus,data/atlases/brainnetome/bna246/volume_raw/BNA_PM_4D.nii.gz,b1318517f61d08f714c25e55ee580eb8a487c0b7ab1ddbcc7eac852e4e97f020,data/atlases/brainnetome/bna246/transformed_to_julich2009c/probability_maps/BNA_PM_comp178_CG_R_7_2_prob_2009c.nii.gz,f28e6a0edb7cd8cb858d3909db33a3b38fcb8514b32c38ddbb037fa726d617a8,MNI152NLin6Asym (HCP40 1.25mm grid),MNI152NLin2009cAsym 1mm,2e3869a07b96aec406e0419ca2e434afc54882d37cc212b933b139d1b63a4dfe,SimpleITK,2.5.6,Linear,percent_0_100,normalized_0_1,6562,21492,119944.0411,2497.3952,0.020821,3.275221,True,True,True,True,True,True,0.0,0.905547,PASS
179,179,Cingulate gyrus,CG_L_7_3,NGIQ-BR-00000185,left,A32p_L,Limbic lobe,Cingulate gyrus,data/atlases/brainnetome/bna246/volume_raw/BNA_PM_4D.nii.gz,b1318517f61d08f714c25e55ee580eb8a487c0b7ab1ddbcc7eac852e4e97f020,data/atlases/brainnetome/bna246/transformed_to_julich2009c/probability_maps/BNA_PM_comp179_CG_L_7_3_prob_2009c.nii.gz,f8dc94313fd989860470c5925f2b715dabf102dd426f58dc931d3e9cd808dc92,MNI152NLin6Asym (HCP40 1.25mm grid),MNI152NLin2009cAsym 1mm,2e3869a07b96aec406e0419ca2e434afc54882d37cc212b933b139d1b63a4dfe,SimpleITK,2.5.6,Linear,percent_0_100,normalized_0_1,8421,27873,188001.4988,3878.756,0.020632,3.309939,True,True,True,True,True,True,0.0,0.956398,PASS
180,180,Cingulate gyrus,CG_R_7_3,NGIQ-BR-00000186,right,A32p_R,Limbic lobe,Cingulate gyrus,data/atlases/brainnetome/bna246/volume_raw/BNA_PM_4D.nii.gz,b1318517f61d08f714c25e55ee580eb8a487c0b7ab1ddbcc7eac852e4e97f020,data/atlases/brainnetome/bna246/transformed_to_julich2009c/probability_maps/BNA_PM_comp180_CG_R_7_3_prob_2009c.nii.gz,15dfac791838a7d9bf6a4063efa91a538755fe197133efe8e1bd621f9fd4d34e,MNI152NLin6Asym (HCP40 1.25mm grid),MNI152NLin2009cAsym 1mm,2e3869a07b96aec406e0419ca2e434afc54882d37cc212b933b139d1b63a4dfe,SimpleITK,2.5.6,Linear,percent_0_100,normalized_0_1,8640,27713,181332.6291,3617.3154,0.019949,3.207523,True,True,True,True,True,True,0.0,0.875744,PASS
181,181,Cingulate gyrus,CG_L_7_4,NGIQ-BR-00000187,left,A23v_L,Limbic lobe,Cingulate gyrus,data/atlases/brainnetome/bna246/volume_raw/BNA_PM_4D.nii.gz,b1318517f61d08f714c25e55ee580eb8a487c0b7ab1ddbcc7eac852e4e97f020,data/atlases/brainnetome/bna246/transformed_to_julich2009c/probability_maps/BNA_PM_comp181_CG_L_7_4_prob_2009c.nii.gz,f6eaf3ae751c5ae26243ddd7a4f0d040afcf9d4c22f3a589c701aa923d8a0a30,MNI152NLin6Asym (HCP40 1.25mm grid),MNI152NLin2009cAsym 1mm,2e3869a07b96aec406e0419ca2e434afc54882d37cc212b933b139d1b63a4dfe,SimpleITK,2.5.6,Linear,percent_0_100,normalized_0_1,6433,23360,161897.1327,3352.9969,0.020711,3.631276,True,True,True,True,True,True,0.0,0.989601,PASS
182,182,Cingulate gyrus,CG_R_7_4,NGIQ-BR-00000188,right,A23v_R,Limbic lobe,Cingulate gyrus,data/atlases/brainnetome/bna246/volume_raw/BNA_PM_4D.nii.gz,b1318517f61d08f714c25e55ee580eb8a487c0b7ab1ddbcc7eac852e4e97f020,data/atlases/brainnetome/bna246/transformed_to_julich2009c/probability_maps/BNA_PM_comp182_CG_R_7_4_prob_2009c.nii.gz,c4fcb8fdd45ddce15dead05ff0eee9ca430b18b7c05bd7e765a1852d970fee6e,MNI152NLin6Asym (HCP40 1.25mm grid),MNI152NLin2009cAsym 1mm,2e3869a07b96aec406e0419ca2e434afc54882d37cc212b933b139d1b63a4dfe,SimpleITK,2.5.6,Linear,percent_0_100,normalized_0_1,5560,19931,153884.1983,3125.154,0.020308,3.584712,True,True,True,True,True,True,0.0,0.985176,PASS
183,183,Cingulate gyrus,CG_L_7_5,NGIQ-BR-00000189,left,A24cd_L,Limbic lobe,Cingulate gyrus,data/atlases/brainnetome/bna246/volume_raw/BNA_PM_4D.nii.gz,b1318517f61d08f714c25e55ee580eb8a487c0b7ab1ddbcc7eac852e4e97f020,data/atlases/brainnetome/bna246/transformed_to_julich2009c/probability_maps/BNA_PM_comp183_CG_L_7_5_prob_2009c.nii.gz,e6b9a185594cbbe0256f796f73186d3eb6c98450d2700264ff71f2d7065a9b14,MNI152NLin6Asym (HCP40 1.25mm grid),MNI152NLin2009cAsym 1mm,2e3869a07b96aec406e0419ca2e434afc54882d37cc212b933b139d1b63a4dfe,SimpleITK,2.5.6,Linear,percent_0_100,normalized_0_1,8145,26615,171634.3195,3485.0211,0.020305,3.267649,True,True,True,True,True,True,0.0,0.930679,PASS
184,184,Cingulate gyrus,CG_R_7_5,NGIQ-BR-00000190,right,A24cd_R,Limbic lobe,Cingulate gyrus,data/atlases/brainnetome/bna246/volume_raw/BNA_PM_4D.nii.gz,b1318517f61d08f714c25e55ee580eb8a487c0b7ab1ddbcc7eac852e4e97f020,data/atlases/brainnetome/bna246/transformed_to_julich2009c/probability_maps/BNA_PM_comp184_CG_R_7_5_prob_2009c.nii.gz,707c2ff4388628b277995b90ad5dc8b0af9c35eeb90b6e8e0814b624a0df7c28,MNI152NLin6Asym (HCP40 1.25mm grid),MNI152NLin2009cAsym 1mm,2e3869a07b96aec406e0419ca2e434afc54882d37cc212b933b139d1b63a4dfe,SimpleITK,2.5.6,Linear,percent_0_100,normalized_0_1,8940,28371,142854.8881,2921.4072,0.02045,3.17349,True,True,True,True,True,True,0.0,0.906701,PASS
185,185,Cingulate gyrus,CG_L_7_6,NGIQ-BR-00000191,left,A23c_L,Limbic lobe,Cingulate gyrus,data/atlases/brainnetome/bna246/volume_raw/BNA_PM_4D.nii.gz,b1318517f61d08f714c25e55ee580eb8a487c0b7ab1ddbcc7eac852e4e97f020,data/atlases/brainnetome/bna246/transformed_to_julich2009c/probability_maps/BNA_PM_comp185_CG_L_7_6_prob_2009c.nii.gz,b5f04ab78f7dfccb44d3d14cb76c98bbef7f675502b5908027e0b312ed1926c6,MNI152NLin6Asym (HCP40 1.25mm grid),MNI152NLin2009cAsym 1mm,2e3869a07b96aec406e0419ca2e434afc54882d37cc212b933b139d1b63a4dfe,SimpleITK,2.5.6,Linear,percent_0_100,normalized_0_1,6585,21740,187222.2444,3905.6783,0.020861,3.301443,True,True,True,True,True,True,0.0,0.949521,PASS
186,186,Cingulate gyrus,CG_R_7_6,NGIQ-BR-00000192,right,A23c_R,Limbic lobe,Cingulate gyrus,data/atlases/brainnetome/bna246/volume_raw/BNA_PM_4D.nii.gz,b1318517f61d08f714c25e55ee580eb8a487c0b7ab1ddbcc7eac852e4e97f020,data/atlases/brainnetome/bna246/transformed_to_julich2009c/probability_maps/BNA_PM_comp186_CG_R_7_6_prob_2009c.nii.gz,b2b95ec96ddea4ba1f443f0b2fc324fb555239bab092a13b92990c6d8c4acc0e,MNI152NLin6Asym (HCP40 1.25mm grid),MNI152NLin2009cAsym 1mm,2e3869a07b96aec406e0419ca2e434afc54882d37cc212b933b139d1b63a4dfe,SimpleITK,2.5.6,Linear,percent_0_100,normalized_0_1,6689,22498,204172.1726,4254.2493,0.020837,3.363433,True,True,True,True,True,True,0.0,0.935837,PASS
187,187,Cingulate gyrus,CG_L_7_7,NGIQ-BR-00000193,left,A32sg_L,Limbic lobe,Cingulate gyrus,data/atlases/brainnetome/bna246/volume_raw/BNA_PM_4D.nii.gz,b1318517f61d08f714c25e55ee580eb8a487c0b7ab1ddbcc7eac852e4e97f020,data/atlases/brainnetome/bna246/transformed_to_julich2009c/probability_maps/BNA_PM_comp187_CG_L_7_7_prob_2009c.nii.gz,9bd14c2eaa5b9015ecc503f5a6d8abb931ebc1b8880231294b9945899b96ef3a,MNI152NLin6Asym (HCP40 1.25mm grid),MNI152NLin2009cAsym 1mm,2e3869a07b96aec406e0419ca2e434afc54882d37cc212b933b139d1b63a4dfe,SimpleITK,2.5.6,Linear,percent_0_100,normalized_0_1,7047,24377,233436.8563,4934.8812,0.02114,3.459202,True,True,True,True,True,True,0.0,0.944402,PASS
188,188,Cingulate gyrus,CG_R_7_7,NGIQ-BR-00000194,right,A32sg_R,Limbic lobe,Cingulate gyrus,data/atlases/brainnetome/bna246/volume_raw/BNA_PM_4D.nii.gz,b1318517f61d08f714c25e55ee580eb8a487c0b7ab1ddbcc7eac852e4e97f020,data/atlases/brainnetome/bna246/transformed_to_julich2009c/probability_maps/BNA_PM_comp188_CG_R_7_7_prob_2009c.nii.gz,8ea04f537ddcff74af0ba409a27929c1e6d314145e6f97751e8da492d66d1ac6,MNI152NLin6Asym (HCP40 1.25mm grid),MNI152NLin2009cAsym 1mm,2e3869a07b96aec406e0419ca2e434afc54882d37cc212b933b139d1b63a4dfe,SimpleITK,2.5.6,Linear,percent_0_100,normalized_0_1,7088,24245,182504.3548,3669.1789,0.020105,3.42057,True,True,True,True,True,True,0.0,0.86006,PASS
189,189,MedioVentral occipital cortex,MVOcC_L_5_1,NGIQ-BR-00000015,left,cLinG_L,Occipital lobe,MedioVentral occipital cortex,data/atlases/brainnetome/bna246/volume_raw/BNA_PM_4D.nii.gz,b1318517f61d08f714c25e55ee580eb8a487c0b7ab1ddbcc7eac852e4e97f020,data/atlases/brainnetome/bna246/transformed_to_julich2009c/probability_maps/BNA_PM_comp189_MVOcC_L_5_1_prob_2009c.nii.gz,ea8e3ce18527bd90976e498717af85316c0043dcd80f8f14545ef35c87e719c0,MNI152NLin6Asym (HCP40 1.25mm grid),MNI152NLin2009cAsym 1mm,2e3869a07b96aec406e0419ca2e434afc54882d37cc212b933b139d1b63a4dfe,SimpleITK,2.5.6,Linear,percent_0_100,normalized_0_1,12387,36053,267739.7301,5596.4738,0.020903,2.910551,True,True,True,True,True,True,0.0,0.951874,PASS
190,190,MedioVentral occipital cortex,MVOcC_R_5_1,NGIQ-BR-00000016,right,cLinG_R,Occipital lobe,MedioVentral occipital cortex,data/atlases/brainnetome/bna246/volume_raw/BNA_PM_4D.nii.gz,b1318517f61d08f714c25e55ee580eb8a487c0b7ab1ddbcc7eac852e4e97f020,data/atlases/brainnetome/bna246/transformed_to_julich2009c/probability_maps/BNA_PM_comp190_MVOcC_R_5_1_prob_2009c.nii.gz,89fd8671a4b2bfe11ec2851b3be22946af066f24dbb543ca438c02dc001d0d62,MNI152NLin6Asym (HCP40 1.25mm grid),MNI152NLin2009cAsym 1mm,2e3869a07b96aec406e0419ca2e434afc54882d37cc212b933b139d1b63a4dfe,SimpleITK,2.5.6,Linear,percent_0_100,normalized_0_1,10318,31736,286479.0479,5904.8633,0.020612,3.07579,True,True,True,True,True,True,0.0,0.993956,PASS
191,191,MedioVentral occipital cortex,MVOcC_L_5_2,NGIQ-BR-00000195,left,rCunG_L,Occipital lobe,MedioVentral occipital cortex,data/atlases/brainnetome/bna246/volume_raw/BNA_PM_4D.nii.gz,b1318517f61d08f714c25e55ee580eb8a487c0b7ab1ddbcc7eac852e4e97f020,data/atlases/brainnetome/bna246/transformed_to_julich2009c/probability_maps/BNA_PM_comp191_MVOcC_L_5_2_prob_2009c.nii.gz,c6b203c9ebe4e4fa079a798b3881dc403df9a55d3aa3cdbf690c8df06ea3c529,MNI152NLin6Asym (HCP40 1.25mm grid),MNI152NLin2009cAsym 1mm,2e3869a07b96aec406e0419ca2e434afc54882d37cc212b933b139d1b63a4dfe,SimpleITK,2.5.6,Linear,percent_0_100,normalized_0_1,12978,37468,350076.7549,7336.594,0.020957,2.88704,True,True,True,True,True,True,0.0,0.877362,PASS
192,192,MedioVentral occipital cortex,MVOcC_R_5_2,NGIQ-BR-00000196,right,rCunG_R,Occipital lobe,MedioVentral occipital cortex,data/atlases/brainnetome/bna246/volume_raw/BNA_PM_4D.nii.gz,b1318517f61d08f714c25e55ee580eb8a487c0b7ab1ddbcc7eac852e4e97f020,data/atlases/brainnetome/bna246/transformed_to_julich2009c/probability_maps/BNA_PM_comp192_MVOcC_R_5_2_prob_2009c.nii.gz,d621bea647b78af7e10871bda67a7cdcad96cf6bfb4228b6ac4744b3f14deda7,MNI152NLin6Asym (HCP40 1.25mm grid),MNI152NLin2009cAsym 1mm,2e3869a07b96aec406e0419ca2e434afc54882d37cc212b933b139d1b63a4dfe,SimpleITK,2.5.6,Linear,percent_0_100,normalized_0_1,13406,37543,358049.9409,7480.5025,0.020892,2.800462,True,True,True,True,True,True,0.0,0.975639,PASS
193,193,MedioVentral occipital cortex,MVOcC_L_5_3,NGIQ-BR-00000197,left,cCunG_L,Occipital lobe,MedioVentral occipital cortex,data/atlases/brainnetome/bna246/volume_raw/BNA_PM_4D.nii.gz,b1318517f61d08f714c25e55ee580eb8a487c0b7ab1ddbcc7eac852e4e97f020,data/atlases/brainnetome/bna246/transformed_to_julich2009c/probability_maps/BNA_PM_comp193_MVOcC_L_5_3_prob_2009c.nii.gz,51680e1884ad943aff13a2a025cc4768aa3d8db8e70a02603fa46839332022cb,MNI152NLin6Asym (HCP40 1.25mm grid),MNI152NLin2009cAsym 1mm,2e3869a07b96aec406e0419ca2e434afc54882d37cc212b933b139d1b63a4dfe,SimpleITK,2.5.6,Linear,percent_0_100,normalized_0_1,9369,29039,287045.9676,5904.6486,0.02057,3.099477,True,True,True,True,True,True,0.0,0.916823,PASS
194,194,MedioVentral occipital cortex,MVOcC_R_5_3,NGIQ-BR-00000198,right,cCunG_R,Occipital lobe,MedioVentral occipital cortex,data/atlases/brainnetome/bna246/volume_raw/BNA_PM_4D.nii.gz,b1318517f61d08f714c25e55ee580eb8a487c0b7ab1ddbcc7eac852e4e97f020,data/atlases/brainnetome/bna246/transformed_to_julich2009c/probability_maps/BNA_PM_comp194_MVOcC_R_5_3_prob_2009c.nii.gz,56af3240a60e851f80031bc115f1fe3cd91cb224779c6bd57661c342298c57b0,MNI152NLin6Asym (HCP40 1.25mm grid),MNI152NLin2009cAsym 1mm,2e3869a07b96aec406e0419ca2e434afc54882d37cc212b933b139d1b63a4dfe,SimpleITK,2.5.6,Linear,percent_0_100,normalized_0_1,11355,33379,320240.015,6453.231,0.020151,2.939586,True,True,True,True,True,True,0.0,0.989044,PASS
195,195,MedioVentral occipital cortex,MVOcC_L_5_4,NGIQ-BR-00000199,left,rLinG_L,Occipital lobe,MedioVentral occipital cortex,data/atlases/brainnetome/bna246/volume_raw/BNA_PM_4D.nii.gz,b1318517f61d08f714c25e55ee580eb8a487c0b7ab1ddbcc7eac852e4e97f020,data/atlases/brainnetome/bna246/transformed_to_julich2009c/probability_maps/BNA_PM_comp195_MVOcC_L_5_4_prob_2009c.nii.gz,c97ae76f14db145e9cdcc4f3b6eeac1476602ea1a5a8c8087857ff86d400dbda,MNI152NLin6Asym (HCP40 1.25mm grid),MNI152NLin2009cAsym 1mm,2e3869a07b96aec406e0419ca2e434afc54882d37cc212b933b139d1b63a4dfe,SimpleITK,2.5.6,Linear,percent_0_100,normalized_0_1,12009,35409,326896.31,7183.3647,0.021974,2.948539,True,True,True,True,True,True,0.0,0.993729,PASS
196,196,MedioVentral occipital cortex,MVOcC_R_5_4,NGIQ-BR-00000200,right,rLinG_R,Occipital lobe,MedioVentral occipital cortex,data/atlases/brainnetome/bna246/volume_raw/BNA_PM_4D.nii.gz,b1318517f61d08f714c25e55ee580eb8a487c0b7ab1ddbcc7eac852e4e97f020,data/atlases/brainnetome/bna246/transformed_to_julich2009c/probability_maps/BNA_PM_comp196_MVOcC_R_5_4_prob_2009c.nii.gz,44fe79a6dce19c1d2eb1a191f6b3605dcc3212a351590f0df95d59de76c6174e,MNI152NLin6Asym (HCP40 1.25mm grid),MNI152NLin2009cAsym 1mm,2e3869a07b96aec406e0419ca2e434afc54882d37cc212b933b139d1b63a4dfe,SimpleITK,2.5.6,Linear,percent_0_100,normalized_0_1,10750,32680,344560.3775,7184.0161,0.02085,3.04,True,True,True,True,True,True,0.0,0.99894,PASS
197,197,MedioVentral occipital cortex,MVOcC_L_5_5,NGIQ-BR-00000201,left,vmPOS_L,Occipital lobe,MedioVentral occipital cortex,data/atlases/brainnetome/bna246/volume_raw/BNA_PM_4D.nii.gz,b1318517f61d08f714c25e55ee580eb8a487c0b7ab1ddbcc7eac852e4e97f020,data/atlases/brainnetome/bna246/transformed_to_julich2009c/probability_maps/BNA_PM_comp197_MVOcC_L_5_5_prob_2009c.nii.gz,d5913b674d945ab3c3b70ced9ae31c981cff2b6b16393c10c787accfbba260f5,MNI152NLin6Asym (HCP40 1.25mm grid),MNI152NLin2009cAsym 1mm,2e3869a07b96aec406e0419ca2e434afc54882d37cc212b933b139d1b63a4dfe,SimpleITK,2.5.6,Linear,percent_0_100,normalized_0_1,9066,27932,349441.2355,7425.1508,0.021249,3.080962,True,True,True,True,True,True,0.0,0.981466,PASS
198,198,MedioVentral occipital cortex,MVOcC_R_5_5,NGIQ-BR-00000202,right,vmPOS_R,Occipital lobe,MedioVentral occipital cortex,data/atlases/brainnetome/bna246/volume_raw/BNA_PM_4D.nii.gz,b1318517f61d08f714c25e55ee580eb8a487c0b7ab1ddbcc7eac852e4e97f020,data/atlases/brainnetome/bna246/transformed_to_julich2009c/probability_maps/BNA_PM_comp198_MVOcC_R_5_5_prob_2009c.nii.gz,ec60c6fe0ac4ee0da1597772504c603c5f84b3dbeaf0065d05bdc27f15ed6a2c,MNI152NLin6Asym (HCP40 1.25mm grid),MNI152NLin2009cAsym 1mm,2e3869a07b96aec406e0419ca2e434afc54882d37cc212b933b139d1b63a4dfe,SimpleITK,2.5.6,Linear,percent_0_100,normalized_0_1,7402,22930,371370.6173,7681.9003,0.020685,3.097811,True,True,True,True,True,True,0.0,0.997962,PASS
199,199,Lateral occipital cortex,LOcC_L_4_1,NGIQ-BR-00000203,left,mOccG_L,Occipital lobe,Lateral occipital cortex,data/atlases/brainnetome/bna246/volume_raw/BNA_PM_4D.nii.gz,b1318517f61d08f714c25e55ee580eb8a487c0b7ab1ddbcc7eac852e4e97f020,data/atlases/brainnetome/bna246/transformed_to_julich2009c/probability_maps/BNA_PM_comp199_LOcC_L_4_1_prob_2009c.nii.gz,f73df8af665fa96f911fd97aeea23b5c56ae1e1d35764c860b7c73332487fa38,MNI152NLin6Asym (HCP40 1.25mm grid),MNI152NLin2009cAsym 1mm,2e3869a07b96aec406e0419ca2e434afc54882d37cc212b933b139d1b63a4dfe,SimpleITK,2.5.6,Linear,percent_0_100,normalized_0_1,14296,36714,392935.8716,7563.7861,0.019249,2.568131,True,True,True,True,True,True,0.0,0.999991,PASS
200,200,Lateral occipital cortex,LOcC_R_4_1,NGIQ-BR-00000204,right,mOccG_R,Occipital lobe,Lateral occipital cortex,data/atlases/brainnetome/bna246/volume_raw/BNA_PM_4D.nii.gz,b1318517f61d08f714c25e55ee580eb8a487c0b7ab1ddbcc7eac852e4e97f020,data/atlases/brainnetome/bna246/transformed_to_julich2009c/probability_maps/BNA_PM_comp200_LOcC_R_4_1_prob_2009c.nii.gz,146408877a1a2ab1c5124f260205c746c50c440bdbb449e0d77af68c9b32adb7,MNI152NLin6Asym (HCP40 1.25mm grid),MNI152NLin2009cAsym 1mm,2e3869a07b96aec406e0419ca2e434afc54882d37cc212b933b139d1b63a4dfe,SimpleITK,2.5.6,Linear,percent_0_100,normalized_0_1,12082,33937,358572.3863,7255.0297,0.020233,2.808889,True,True,True,True,True,True,0.0,1.0,PASS
201,201,Lateral occipital cortex,LOcC_L_4_2,NGIQ-BR-00000205,left,V5/MT+_L,Occipital lobe,Lateral occipital cortex,data/atlases/brainnetome/bna246/volume_raw/BNA_PM_4D.nii.gz,b1318517f61d08f714c25e55ee580eb8a487c0b7ab1ddbcc7eac852e4e97f020,data/atlases/brainnetome/bna246/transformed_to_julich2009c/probability_maps/BNA_PM_comp201_LOcC_L_4_2_prob_2009c.nii.gz,b34c05c98e8897390df58020e1cbefea38f1aed846229db4d944a92d97003e34,MNI152NLin6Asym (HCP40 1.25mm grid),MNI152NLin2009cAsym 1mm,2e3869a07b96aec406e0419ca2e434afc54882d37cc212b933b139d1b63a4dfe,SimpleITK,2.5.6,Linear,percent_0_100,normalized_0_1,7701,23996,282446.6332,5442.0468,0.019268,3.115959,True,True,True,True,True,True,0.0,1.0,PASS
202,202,Lateral occipital cortex,LOcC_R_4_2,NGIQ-BR-00000206,right,V5/MT+_R,Occipital lobe,Lateral occipital cortex,data/atlases/brainnetome/bna246/volume_raw/BNA_PM_4D.nii.gz,b1318517f61d08f714c25e55ee580eb8a487c0b7ab1ddbcc7eac852e4e97f020,data/atlases/brainnetome/bna246/transformed_to_julich2009c/probability_maps/BNA_PM_comp202_LOcC_R_4_2_prob_2009c.nii.gz,4cf439748fbd72515bc32af3db4eb9f67f5db4d61aa320469a5c54066d62c65e,MNI152NLin6Asym (HCP40 1.25mm grid),MNI152NLin2009cAsym 1mm,2e3869a07b96aec406e0419ca2e434afc54882d37cc212b933b139d1b63a4dfe,SimpleITK,2.5.6,Linear,percent_0_100,normalized_0_1,8062,23783,306831.0905,6752.111,0.022006,2.950012,True,True,True,True,True,True,0.0,1.0,PASS
203,203,Lateral occipital cortex,LOcC_L_4_3,NGIQ-BR-00000207,left,OPC_L,Occipital lobe,Lateral occipital cortex,data/atlases/brainnetome/bna246/volume_raw/BNA_PM_4D.nii.gz,b1318517f61d08f714c25e55ee580eb8a487c0b7ab1ddbcc7eac852e4e97f020,data/atlases/brainnetome/bna246/transformed_to_julich2009c/probability_maps/BNA_PM_comp203_LOcC_L_4_3_prob_2009c.nii.gz,a5cc35155f5a2a1ab7a94c22747578037386f2e7370a1eed9bff2fb360b58be9,MNI152NLin6Asym (HCP40 1.25mm grid),MNI152NLin2009cAsym 1mm,2e3869a07b96aec406e0419ca2e434afc54882d37cc212b933b139d1b63a4dfe,SimpleITK,2.5.6,Linear,percent_0_100,normalized_0_1,13440,34734,440695.6483,8839.8903,0.020059,2.584375,True,True,True,True,True,True,0.0,0.999945,PASS
204,204,Lateral occipital cortex,LOcC_R_4_3,NGIQ-BR-00000208,right,OPC_R,Occipital lobe,Lateral occipital cortex,data/atlases/brainnetome/bna246/volume_raw/BNA_PM_4D.nii.gz,b1318517f61d08f714c25e55ee580eb8a487c0b7ab1ddbcc7eac852e4e97f020,data/atlases/brainnetome/bna246/transformed_to_julich2009c/probability_maps/BNA_PM_comp204_LOcC_R_4_3_prob_2009c.nii.gz,0fa557844ab53e41db8df18f7f02bee180745dff4392b939219916256b9d4326,MNI152NLin6Asym (HCP40 1.25mm grid),MNI152NLin2009cAsym 1mm,2e3869a07b96aec406e0419ca2e434afc54882d37cc212b933b139d1b63a4dfe,SimpleITK,2.5.6,Linear,percent_0_100,normalized_0_1,12632,34224,426699.6182,8640.1414,0.020249,2.70931,True,True,True,True,True,True,0.0,1.0,PASS
205,205,Lateral occipital cortex,LOcC_L_4_4,NGIQ-BR-00000209,left,iOccG_L,Occipital lobe,Lateral occipital cortex,data/atlases/brainnetome/bna246/volume_raw/BNA_PM_4D.nii.gz,b1318517f61d08f714c25e55ee580eb8a487c0b7ab1ddbcc7eac852e4e97f020,data/atlases/brainnetome/bna246/transformed_to_julich2009c/probability_maps/BNA_PM_comp205_LOcC_L_4_4_prob_2009c.nii.gz,d4da58d0fd758e8befc54a389c76b9fba8edf72832051ed9cc759b98b3c227e2,MNI152NLin6Asym (HCP40 1.25mm grid),MNI152NLin2009cAsym 1mm,2e3869a07b96aec406e0419ca2e434afc54882d37cc212b933b139d1b63a4dfe,SimpleITK,2.5.6,Linear,percent_0_100,normalized_0_1,13424,35409,383721.8451,7738.1868,0.020166,2.637738,True,True,True,True,True,True,0.0,0.999973,PASS
206,206,Lateral occipital cortex,LOcC_R_4_4,NGIQ-BR-00000210,right,iOccG_R,Occipital lobe,Lateral occipital cortex,data/atlases/brainnetome/bna246/volume_raw/BNA_PM_4D.nii.gz,b1318517f61d08f714c25e55ee580eb8a487c0b7ab1ddbcc7eac852e4e97f020,data/atlases/brainnetome/bna246/transformed_to_julich2009c/probability_maps/BNA_PM_comp206_LOcC_R_4_4_prob_2009c.nii.gz,1cbc076ad472ea471b927b04adc1a825062f7d64be03896115a81340f25d2269,MNI152NLin6Asym (HCP40 1.25mm grid),MNI152NLin2009cAsym 1mm,2e3869a07b96aec406e0419ca2e434afc54882d37cc212b933b139d1b63a4dfe,SimpleITK,2.5.6,Linear,percent_0_100,normalized_0_1,13226,35906,390596.9038,7887.0137,0.020192,2.714804,True,True,True,True,True,True,0.0,1.0,PASS
207,207,Lateral occipital cortex,LOcC_L_2_1,NGIQ-BR-00000211,left,msOccG_L,Occipital lobe,Lateral occipital cortex,data/atlases/brainnetome/bna246/volume_raw/BNA_PM_4D.nii.gz,b1318517f61d08f714c25e55ee580eb8a487c0b7ab1ddbcc7eac852e4e97f020,data/atlases/brainnetome/bna246/transformed_to_julich2009c/probability_maps/BNA_PM_comp207_LOcC_L_2_1_prob_2009c.nii.gz,4993cc4cc0cd884167fbe35d0ae26df2e9721d70ae255d7fe7016f28fdfe6ef5,MNI152NLin6Asym (HCP40 1.25mm grid),MNI152NLin2009cAsym 1mm,2e3869a07b96aec406e0419ca2e434afc54882d37cc212b933b139d1b63a4dfe,SimpleITK,2.5.6,Linear,percent_0_100,normalized_0_1,5572,17020,249312.8013,5153.1691,0.020669,3.054559,True,True,True,True,True,True,0.0,0.992829,PASS
208,208,Lateral occipital cortex,LOcC_R_2_1,NGIQ-BR-00000212,right,msOccG_R,Occipital lobe,Lateral occipital cortex,data/atlases/brainnetome/bna246/volume_raw/BNA_PM_4D.nii.gz,b1318517f61d08f714c25e55ee580eb8a487c0b7ab1ddbcc7eac852e4e97f020,data/atlases/brainnetome/bna246/transformed_to_julich2009c/probability_maps/BNA_PM_comp208_LOcC_R_2_1_prob_2009c.nii.gz,fdb8a2a189c2fcf20f09820832c21921dc8c9210f56d395087ee35c899ab816d,MNI152NLin6Asym (HCP40 1.25mm grid),MNI152NLin2009cAsym 1mm,2e3869a07b96aec406e0419ca2e434afc54882d37cc212b933b139d1b63a4dfe,SimpleITK,2.5.6,Linear,percent_0_100,normalized_0_1,6188,18000,256297.9817,4886.8788,0.019067,2.908856,True,True,True,True,True,True,0.0,1.0,PASS
209,209,Lateral occipital cortex,LOcC_L_2_2,NGIQ-BR-00000213,left,lsOccG_L,Occipital lobe,Lateral occipital cortex,data/atlases/brainnetome/bna246/volume_raw/BNA_PM_4D.nii.gz,b1318517f61d08f714c25e55ee580eb8a487c0b7ab1ddbcc7eac852e4e97f020,data/atlases/brainnetome/bna246/transformed_to_julich2009c/probability_maps/BNA_PM_comp209_LOcC_L_2_2_prob_2009c.nii.gz,8d2569d1a4693627407cfbb93d54cab7ea9544ac0e1dfd2d0e53d613e0822e2b,MNI152NLin6Asym (HCP40 1.25mm grid),MNI152NLin2009cAsym 1mm,2e3869a07b96aec406e0419ca2e434afc54882d37cc212b933b139d1b63a4dfe,SimpleITK,2.5.6,Linear,percent_0_100,normalized_0_1,9671,32233,254974.9893,5254.9897,0.02061,3.332954,True,True,True,True,True,True,0.0,0.999854,PASS
210,210,Lateral occipital cortex,LOcC_R_2_2,NGIQ-BR-00000214,right,lsOccG_R,Occipital lobe,Lateral occipital cortex,data/atlases/brainnetome/bna246/volume_raw/BNA_PM_4D.nii.gz,b1318517f61d08f714c25e55ee580eb8a487c0b7ab1ddbcc7eac852e4e97f020,data/atlases/brainnetome/bna246/transformed_to_julich2009c/probability_maps/BNA_PM_comp210_LOcC_R_2_2_prob_2009c.nii.gz,21bfcdbfa2356bc667cd3f661fc8ce930afe289ef8d3ae4caa1ad313ea8fdb55,MNI152NLin6Asym (HCP40 1.25mm grid),MNI152NLin2009cAsym 1mm,2e3869a07b96aec406e0419ca2e434afc54882d37cc212b933b139d1b63a4dfe,SimpleITK,2.5.6,Linear,percent_0_100,normalized_0_1,9891,26692,303852.707,5477.0904,0.018025,2.698615,True,True,True,True,True,True,0.0,1.0,PASS
211,211,Amygdala,Amyg_L_2_1,NGIQ-BR-00000215,left,mAmyg_L,Subcortical nuclei,Amygdala,data/atlases/brainnetome/bna246/volume_raw/BNA_PM_4D.nii.gz,b1318517f61d08f714c25e55ee580eb8a487c0b7ab1ddbcc7eac852e4e97f020,data/atlases/brainnetome/bna246/transformed_to_julich2009c/probability_maps/BNA_PM_comp211_Amyg_L_2_1_prob_2009c.nii.gz,b14fd996f0ae4d5470b64aa8973b4f774dc6d7ace733cb9064be840672a3966d,MNI152NLin6Asym (HCP40 1.25mm grid),MNI152NLin2009cAsym 1mm,2e3869a07b96aec406e0419ca2e434afc54882d37cc212b933b139d1b63a4dfe,SimpleITK,2.5.6,Linear,percent_0_100,normalized_0_1,1431,4245,87253.941,1789.468,0.020509,2.966457,True,True,True,True,True,True,0.0,1.0,PASS
212,212,Amygdala,Amyg_R_2_1,NGIQ-BR-00000216,right,mAmyg_R,Subcortical nuclei,Amygdala,data/atlases/brainnetome/bna246/volume_raw/BNA_PM_4D.nii.gz,b1318517f61d08f714c25e55ee580eb8a487c0b7ab1ddbcc7eac852e4e97f020,data/atlases/brainnetome/bna246/transformed_to_julich2009c/probability_maps/BNA_PM_comp212_Amyg_R_2_1_prob_2009c.nii.gz,58ea2d1718d3f9480da63b7d08dcd9ca044a5990e1874011f7602ff9573a5f34,MNI152NLin6Asym (HCP40 1.25mm grid),MNI152NLin2009cAsym 1mm,2e3869a07b96aec406e0419ca2e434afc54882d37cc212b933b139d1b63a4dfe,SimpleITK,2.5.6,Linear,percent_0_100,normalized_0_1,1572,4582,99389.279,2047.7526,0.020603,2.914758,True,True,True,True,True,True,0.0,1.0,PASS
213,213,Amygdala,Amyg_L_2_2,NGIQ-BR-00000217,left,lAmyg_L,Subcortical nuclei,Amygdala,data/atlases/brainnetome/bna246/volume_raw/BNA_PM_4D.nii.gz,b1318517f61d08f714c25e55ee580eb8a487c0b7ab1ddbcc7eac852e4e97f020,data/atlases/brainnetome/bna246/transformed_to_julich2009c/probability_maps/BNA_PM_comp213_Amyg_L_2_2_prob_2009c.nii.gz,9d4266d8b33076e5e4b91328631d1465b58c93e60a24363f57deb75cacea1d06,MNI152NLin6Asym (HCP40 1.25mm grid),MNI152NLin2009cAsym 1mm,2e3869a07b96aec406e0419ca2e434afc54882d37cc212b933b139d1b63a4dfe,SimpleITK,2.5.6,Linear,percent_0_100,normalized_0_1,1424,4252,56746.0589,1181.2156,0.020816,2.985955,True,True,True,True,True,True,0.0,1.0,PASS
214,214,Amygdala,Amyg_R_2_2,NGIQ-BR-00000218,right,lAmyg_R,Subcortical nuclei,Amygdala,data/atlases/brainnetome/bna246/volume_raw/BNA_PM_4D.nii.gz,b1318517f61d08f714c25e55ee580eb8a487c0b7ab1ddbcc7eac852e4e97f020,data/atlases/brainnetome/bna246/transformed_to_julich2009c/probability_maps/BNA_PM_comp214_Amyg_R_2_2_prob_2009c.nii.gz,61e18e299a97f0bd3ad3f7724084f66bdb8b33ad80d5f51fe529027191b8eb4d,MNI152NLin6Asym (HCP40 1.25mm grid),MNI152NLin2009cAsym 1mm,2e3869a07b96aec406e0419ca2e434afc54882d37cc212b933b139d1b63a4dfe,SimpleITK,2.5.6,Linear,percent_0_100,normalized_0_1,1468,4485,60810.7209,1244.1263,0.020459,3.055177,True,True,True,True,True,True,0.0,1.0,PASS
215,215,Hippocampus,Hipp_L_2_1,NGIQ-BR-00000017,left,rHipp_L,Subcortical nuclei,Hippocampus,data/atlases/brainnetome/bna246/volume_raw/BNA_PM_4D.nii.gz,b1318517f61d08f714c25e55ee580eb8a487c0b7ab1ddbcc7eac852e4e97f020,data/atlases/brainnetome/bna246/transformed_to_julich2009c/probability_maps/BNA_PM_comp215_Hipp_L_2_1_prob_2009c.nii.gz,e4cf7fed4cb3adb7c0cc2deda17b669aaf43e0ea4a0499def258ef4ac64716a1,MNI152NLin6Asym (HCP40 1.25mm grid),MNI152NLin2009cAsym 1mm,2e3869a07b96aec406e0419ca2e434afc54882d37cc212b933b139d1b63a4dfe,SimpleITK,2.5.6,Linear,percent_0_100,normalized_0_1,4447,12473,237775.3373,4897.6279,0.020598,2.804812,True,True,True,True,True,True,0.0,1.0,PASS
216,216,Hippocampus,Hipp_R_2_1,NGIQ-BR-00000018,right,rHipp_R,Subcortical nuclei,Hippocampus,data/atlases/brainnetome/bna246/volume_raw/BNA_PM_4D.nii.gz,b1318517f61d08f714c25e55ee580eb8a487c0b7ab1ddbcc7eac852e4e97f020,data/atlases/brainnetome/bna246/transformed_to_julich2009c/probability_maps/BNA_PM_comp216_Hipp_R_2_1_prob_2009c.nii.gz,709af8a033747d58a3582ae10c12ca92cf0bdbbe3cc6e262a32cdb4ba8ba1c8d,MNI152NLin6Asym (HCP40 1.25mm grid),MNI152NLin2009cAsym 1mm,2e3869a07b96aec406e0419ca2e434afc54882d37cc212b933b139d1b63a4dfe,SimpleITK,2.5.6,Linear,percent_0_100,normalized_0_1,4507,12644,258828.4067,5292.3988,0.020448,2.805414,True,True,True,True,True,True,0.0,1.0,PASS
217,217,Hippocampus,Hipp_L_2_2,NGIQ-BR-00000219,left,cHipp_L,Subcortical nuclei,Hippocampus,data/atlases/brainnetome/bna246/volume_raw/BNA_PM_4D.nii.gz,b1318517f61d08f714c25e55ee580eb8a487c0b7ab1ddbcc7eac852e4e97f020,data/atlases/brainnetome/bna246/transformed_to_julich2009c/probability_maps/BNA_PM_comp217_Hipp_L_2_2_prob_2009c.nii.gz,0fcf189901513bdc9824e4efb7a2751ff9aa941acc77cc0597dea0e9a32bdbe3,MNI152NLin6Asym (HCP40 1.25mm grid),MNI152NLin2009cAsym 1mm,2e3869a07b96aec406e0419ca2e434afc54882d37cc212b933b139d1b63a4dfe,SimpleITK,2.5.6,Linear,percent_0_100,normalized_0_1,4049,11865,210424.6623,4364.0555,0.020739,2.930353,True,True,True,True,True,True,0.0,1.0,PASS
218,218,Hippocampus,Hipp_R_2_2,NGIQ-BR-00000220,right,cHipp_R,Subcortical nuclei,Hippocampus,data/atlases/brainnetome/bna246/volume_raw/BNA_PM_4D.nii.gz,b1318517f61d08f714c25e55ee580eb8a487c0b7ab1ddbcc7eac852e4e97f020,data/atlases/brainnetome/bna246/transformed_to_julich2009c/probability_maps/BNA_PM_comp218_Hipp_R_2_2_prob_2009c.nii.gz,8fd5130b39c08da98321a5c74a2efecdeb095d6760d5de02460ee6ae964605bd,MNI152NLin6Asym (HCP40 1.25mm grid),MNI152NLin2009cAsym 1mm,2e3869a07b96aec406e0419ca2e434afc54882d37cc212b933b139d1b63a4dfe,SimpleITK,2.5.6,Linear,percent_0_100,normalized_0_1,4109,12141,194471.5929,4008.9097,0.020614,2.954734,True,True,True,True,True,True,0.0,1.0,PASS
219,219,Basal ganglia,BG_L_6_1,NGIQ-BR-00000019,left,vCa_L,Subcortical nuclei,Basal ganglia,data/atlases/brainnetome/bna246/volume_raw/BNA_PM_4D.nii.gz,b1318517f61d08f714c25e55ee580eb8a487c0b7ab1ddbcc7eac852e4e97f020,data/atlases/brainnetome/bna246/transformed_to_julich2009c/probability_maps/BNA_PM_comp219_BG_L_6_1_prob_2009c.nii.gz,9676d202cea4bdfd12179ed3e877bf97fef90a14eae0e142064608e1017ddede,MNI152NLin6Asym (HCP40 1.25mm grid),MNI152NLin2009cAsym 1mm,2e3869a07b96aec406e0419ca2e434afc54882d37cc212b933b139d1b63a4dfe,SimpleITK,2.5.6,Linear,percent_0_100,normalized_0_1,6156,18608,194787.6482,4128.6834,0.021196,3.022742,True,True,True,True,True,True,0.0,1.0,PASS
220,220,Basal ganglia,BG_R_6_1,NGIQ-BR-00000221,right,vCa_R,Subcortical nuclei,Basal ganglia,data/atlases/brainnetome/bna246/volume_raw/BNA_PM_4D.nii.gz,b1318517f61d08f714c25e55ee580eb8a487c0b7ab1ddbcc7eac852e4e97f020,data/atlases/brainnetome/bna246/transformed_to_julich2009c/probability_maps/BNA_PM_comp220_BG_R_6_1_prob_2009c.nii.gz,85eb49ea81077a9672da47d087550cdd0766c8667842cf626a0524d5fb7bec13,MNI152NLin6Asym (HCP40 1.25mm grid),MNI152NLin2009cAsym 1mm,2e3869a07b96aec406e0419ca2e434afc54882d37cc212b933b139d1b63a4dfe,SimpleITK,2.5.6,Linear,percent_0_100,normalized_0_1,8662,25253,166279.2908,3459.9376,0.020808,2.915378,True,True,True,True,True,True,0.0,1.0,PASS
221,221,Basal ganglia,BG_L_6_2,NGIQ-BR-00000222,left,GP_L,Subcortical nuclei,Basal ganglia,data/atlases/brainnetome/bna246/volume_raw/BNA_PM_4D.nii.gz,b1318517f61d08f714c25e55ee580eb8a487c0b7ab1ddbcc7eac852e4e97f020,data/atlases/brainnetome/bna246/transformed_to_julich2009c/probability_maps/BNA_PM_comp221_BG_L_6_2_prob_2009c.nii.gz,ef405c4253f06bed4ff818cc9083301802c09d398bed98cbf827c2875defe17a,MNI152NLin6Asym (HCP40 1.25mm grid),MNI152NLin2009cAsym 1mm,2e3869a07b96aec406e0419ca2e434afc54882d37cc212b933b139d1b63a4dfe,SimpleITK,2.5.6,Linear,percent_0_100,normalized_0_1,7743,22873,175538.578,3704.6926,0.021105,2.954023,True,True,True,True,True,True,0.0,1.0,PASS
222,222,Basal ganglia,BG_R_6_2,NGIQ-BR-00000223,right,GP_R,Subcortical nuclei,Basal ganglia,data/atlases/brainnetome/bna246/volume_raw/BNA_PM_4D.nii.gz,b1318517f61d08f714c25e55ee580eb8a487c0b7ab1ddbcc7eac852e4e97f020,data/atlases/brainnetome/bna246/transformed_to_julich2009c/probability_maps/BNA_PM_comp222_BG_R_6_2_prob_2009c.nii.gz,581c5da5cf47b6b5cce9d539f9fe26d05c4e4a7a2522d413f44b2fca906d2c4d,MNI152NLin6Asym (HCP40 1.25mm grid),MNI152NLin2009cAsym 1mm,2e3869a07b96aec406e0419ca2e434afc54882d37cc212b933b139d1b63a4dfe,SimpleITK,2.5.6,Linear,percent_0_100,normalized_0_1,6863,20456,154874.7161,3241.5525,0.02093,2.980621,True,True,True,True,True,True,0.0,1.0,PASS
223,223,Basal ganglia,BG_L_6_3,NGIQ-BR-00000224,left,NAC_L,Subcortical nuclei,Basal ganglia,data/atlases/brainnetome/bna246/volume_raw/BNA_PM_4D.nii.gz,b1318517f61d08f714c25e55ee580eb8a487c0b7ab1ddbcc7eac852e4e97f020,data/atlases/brainnetome/bna246/transformed_to_julich2009c/probability_maps/BNA_PM_comp223_BG_L_6_3_prob_2009c.nii.gz,ee891813fe53cd844b15dde3e883b31c52eaf6f6d6b2f6f7972e126808ab340c,MNI152NLin6Asym (HCP40 1.25mm grid),MNI152NLin2009cAsym 1mm,2e3869a07b96aec406e0419ca2e434afc54882d37cc212b933b139d1b63a4dfe,SimpleITK,2.5.6,Linear,percent_0_100,normalized_0_1,5698,19381,121042.7625,2450.6337,0.020246,3.401369,True,True,True,True,True,True,0.0,1.0,PASS
224,224,Basal ganglia,BG_R_6_3,NGIQ-BR-00000225,right,NAC_R,Subcortical nuclei,Basal ganglia,data/atlases/brainnetome/bna246/volume_raw/BNA_PM_4D.nii.gz,b1318517f61d08f714c25e55ee580eb8a487c0b7ab1ddbcc7eac852e4e97f020,data/atlases/brainnetome/bna246/transformed_to_julich2009c/probability_maps/BNA_PM_comp224_BG_R_6_3_prob_2009c.nii.gz,5a8fa85de07cc061d870a8acdb8324e3acc42cce47d8e4ae30aabb8f7b71f375,MNI152NLin6Asym (HCP40 1.25mm grid),MNI152NLin2009cAsym 1mm,2e3869a07b96aec406e0419ca2e434afc54882d37cc212b933b139d1b63a4dfe,SimpleITK,2.5.6,Linear,percent_0_100,normalized_0_1,4510,15206,145965.2393,2914.2905,0.019966,3.371619,True,True,True,True,True,True,0.0,1.0,PASS
225,225,Basal ganglia,BG_L_6_4,NGIQ-BR-00000226,left,vmPu_L,Subcortical nuclei,Basal ganglia,data/atlases/brainnetome/bna246/volume_raw/BNA_PM_4D.nii.gz,b1318517f61d08f714c25e55ee580eb8a487c0b7ab1ddbcc7eac852e4e97f020,data/atlases/brainnetome/bna246/transformed_to_julich2009c/probability_maps/BNA_PM_comp225_BG_L_6_4_prob_2009c.nii.gz,77fbaa5c97a242d33ac7979d2867b8bbd7b4b35685a86ee3407b3d9a6c298e38,MNI152NLin6Asym (HCP40 1.25mm grid),MNI152NLin2009cAsym 1mm,2e3869a07b96aec406e0419ca2e434afc54882d37cc212b933b139d1b63a4dfe,SimpleITK,2.5.6,Linear,percent_0_100,normalized_0_1,7980,23760,149061.6348,3173.0013,0.021287,2.977444,True,True,True,True,True,True,0.0,1.0,PASS
226,226,Basal ganglia,BG_R_6_4,NGIQ-BR-00000227,right,vmPu_R,Subcortical nuclei,Basal ganglia,data/atlases/brainnetome/bna246/volume_raw/BNA_PM_4D.nii.gz,b1318517f61d08f714c25e55ee580eb8a487c0b7ab1ddbcc7eac852e4e97f020,data/atlases/brainnetome/bna246/transformed_to_julich2009c/probability_maps/BNA_PM_comp226_BG_R_6_4_prob_2009c.nii.gz,119d1a77a10687cdecda0d154d09da4ea7c96f899c725e9d00b08ca936d97811,MNI152NLin6Asym (HCP40 1.25mm grid),MNI152NLin2009cAsym 1mm,2e3869a07b96aec406e0419ca2e434afc54882d37cc212b933b139d1b63a4dfe,SimpleITK,2.5.6,Linear,percent_0_100,normalized_0_1,8051,23053,136459.2864,2822.6449,0.020685,2.863371,True,True,True,True,True,True,0.0,1.0,PASS
227,227,Basal ganglia,BG_L_6_5,NGIQ-BR-00000228,left,dCa_L,Subcortical nuclei,Basal ganglia,data/atlases/brainnetome/bna246/volume_raw/BNA_PM_4D.nii.gz,b1318517f61d08f714c25e55ee580eb8a487c0b7ab1ddbcc7eac852e4e97f020,data/atlases/brainnetome/bna246/transformed_to_julich2009c/probability_maps/BNA_PM_comp227_BG_L_6_5_prob_2009c.nii.gz,f698e27f3a554803c5cecfde29ba062a59b66afdca95d87d5dd35b89e1a05d45,MNI152NLin6Asym (HCP40 1.25mm grid),MNI152NLin2009cAsym 1mm,2e3869a07b96aec406e0419ca2e434afc54882d37cc212b933b139d1b63a4dfe,SimpleITK,2.5.6,Linear,percent_0_100,normalized_0_1,9402,27094,196878.0028,4098.3167,0.020817,2.881727,True,True,True,True,True,True,0.0,1.0,PASS
228,228,Basal ganglia,BG_R_6_5,NGIQ-BR-00000229,right,dCa_R,Subcortical nuclei,Basal ganglia,data/atlases/brainnetome/bna246/volume_raw/BNA_PM_4D.nii.gz,b1318517f61d08f714c25e55ee580eb8a487c0b7ab1ddbcc7eac852e4e97f020,data/atlases/brainnetome/bna246/transformed_to_julich2009c/probability_maps/BNA_PM_comp228_BG_R_6_5_prob_2009c.nii.gz,efa6014d28a44b68bcdc094d1b4094b71cec3306476150704605e09b614c4c79,MNI152NLin6Asym (HCP40 1.25mm grid),MNI152NLin2009cAsym 1mm,2e3869a07b96aec406e0419ca2e434afc54882d37cc212b933b139d1b63a4dfe,SimpleITK,2.5.6,Linear,percent_0_100,normalized_0_1,6221,19625,243101.1115,5068.7423,0.02085,3.154638,True,True,True,True,True,True,0.0,1.0,PASS
229,229,Basal ganglia,BG_L_6_6,NGIQ-BR-00000230,left,dlPu_L,Subcortical nuclei,Basal ganglia,data/atlases/brainnetome/bna246/volume_raw/BNA_PM_4D.nii.gz,b1318517f61d08f714c25e55ee580eb8a487c0b7ab1ddbcc7eac852e4e97f020,data/atlases/brainnetome/bna246/transformed_to_julich2009c/probability_maps/BNA_PM_comp229_BG_L_6_6_prob_2009c.nii.gz,11e3d90b213bba8ed9589f5a8bf72fd5f85999fbe6effa7e94fc114852a14571,MNI152NLin6Asym (HCP40 1.25mm grid),MNI152NLin2009cAsym 1mm,2e3869a07b96aec406e0419ca2e434afc54882d37cc212b933b139d1b63a4dfe,SimpleITK,2.5.6,Linear,percent_0_100,normalized_0_1,6923,21180,145208.5485,3004.7514,0.020693,3.059367,True,True,True,True,True,True,0.0,1.0,PASS
230,230,Basal ganglia,BG_R_6_6,NGIQ-BR-00000231,right,dlPu_R,Subcortical nuclei,Basal ganglia,data/atlases/brainnetome/bna246/volume_raw/BNA_PM_4D.nii.gz,b1318517f61d08f714c25e55ee580eb8a487c0b7ab1ddbcc7eac852e4e97f020,data/atlases/brainnetome/bna246/transformed_to_julich2009c/probability_maps/BNA_PM_comp230_BG_R_6_6_prob_2009c.nii.gz,f142f93bd80c488684ff32d85a4bc3dc2f3123f19f9ee1b9f79f13e34b2eb11a,MNI152NLin6Asym (HCP40 1.25mm grid),MNI152NLin2009cAsym 1mm,2e3869a07b96aec406e0419ca2e434afc54882d37cc212b933b139d1b63a4dfe,SimpleITK,2.5.6,Linear,percent_0_100,normalized_0_1,7106,21557,144969.8069,3022.1122,0.020846,3.033634,True,True,True,True,True,True,0.0,1.0,PASS
231,231,Thalamus,Tha_L_8_1,NGIQ-BR-00000020,left,mPFtha_L,Subcortical nuclei,Thalamus,data/atlases/brainnetome/bna246/volume_raw/BNA_PM_4D.nii.gz,b1318517f61d08f714c25e55ee580eb8a487c0b7ab1ddbcc7eac852e4e97f020,data/atlases/brainnetome/bna246/transformed_to_julich2009c/probability_maps/BNA_PM_comp231_Tha_L_8_1_prob_2009c.nii.gz,f5e9e6210e4708fb58e2041d6645862510002d447d14d00e61e550e7c508a2e4,MNI152NLin6Asym (HCP40 1.25mm grid),MNI152NLin2009cAsym 1mm,2e3869a07b96aec406e0419ca2e434afc54882d37cc212b933b139d1b63a4dfe,SimpleITK,2.5.6,Linear,percent_0_100,normalized_0_1,5131,15252,93141.273,1990.9854,0.021376,2.97252,True,True,True,True,True,True,0.0,0.999731,PASS
232,232,Thalamus,Tha_R_8_1,NGIQ-BR-00000232,right,mPFtha_R,Subcortical nuclei,Thalamus,data/atlases/brainnetome/bna246/volume_raw/BNA_PM_4D.nii.gz,b1318517f61d08f714c25e55ee580eb8a487c0b7ab1ddbcc7eac852e4e97f020,data/atlases/brainnetome/bna246/transformed_to_julich2009c/probability_maps/BNA_PM_comp232_Tha_R_8_1_prob_2009c.nii.gz,e10e031bead669126a6b1e3980e59f0ff68ec907bcb907047c66083eb9707c61,MNI152NLin6Asym (HCP40 1.25mm grid),MNI152NLin2009cAsym 1mm,2e3869a07b96aec406e0419ca2e434afc54882d37cc212b933b139d1b63a4dfe,SimpleITK,2.5.6,Linear,percent_0_100,normalized_0_1,3537,10933,84875.5586,1802.7276,0.02124,3.091038,True,True,True,True,True,True,0.0,0.99881,PASS
233,233,Thalamus,Tha_L_8_2,NGIQ-BR-00000233,left,mPMtha_L,Subcortical nuclei,Thalamus,data/atlases/brainnetome/bna246/volume_raw/BNA_PM_4D.nii.gz,b1318517f61d08f714c25e55ee580eb8a487c0b7ab1ddbcc7eac852e4e97f020,data/atlases/brainnetome/bna246/transformed_to_julich2009c/probability_maps/BNA_PM_comp233_Tha_L_8_2_prob_2009c.nii.gz,2b5707eaeb835815464e023101b2b3111eda2a51a69e0045ed79a503f27d0558,MNI152NLin6Asym (HCP40 1.25mm grid),MNI152NLin2009cAsym 1mm,2e3869a07b96aec406e0419ca2e434afc54882d37cc212b933b139d1b63a4dfe,SimpleITK,2.5.6,Linear,percent_0_100,normalized_0_1,3230,10256,67974.3672,1411.3788,0.020763,3.175232,True,True,True,True,True,True,0.0,1.0,PASS
234,234,Thalamus,Tha_R_8_2,NGIQ-BR-00000234,right,mPMtha_R,Subcortical nuclei,Thalamus,data/atlases/brainnetome/bna246/volume_raw/BNA_PM_4D.nii.gz,b1318517f61d08f714c25e55ee580eb8a487c0b7ab1ddbcc7eac852e4e97f020,data/atlases/brainnetome/bna246/transformed_to_julich2009c/probability_maps/BNA_PM_comp234_Tha_R_8_2_prob_2009c.nii.gz,7ede82c7aa9aeaa9c1c1135116573844a800181a4f7460fc4640b9d0f0f7f87f,MNI152NLin6Asym (HCP40 1.25mm grid),MNI152NLin2009cAsym 1mm,2e3869a07b96aec406e0419ca2e434afc54882d37cc212b933b139d1b63a4dfe,SimpleITK,2.5.6,Linear,percent_0_100,normalized_0_1,3308,10500,87290.5249,1805.201,0.02068,3.174123,True,True,True,True,True,True,0.0,0.999453,PASS
235,235,Thalamus,Tha_L_8_3,NGIQ-BR-00000235,left,Stha_L,Subcortical nuclei,Thalamus,data/atlases/brainnetome/bna246/volume_raw/BNA_PM_4D.nii.gz,b1318517f61d08f714c25e55ee580eb8a487c0b7ab1ddbcc7eac852e4e97f020,data/atlases/brainnetome/bna246/transformed_to_julich2009c/probability_maps/BNA_PM_comp235_Tha_L_8_3_prob_2009c.nii.gz,c1756b277c18b4e2587987a930c0d72ef5316ce29fc236b48c29f0baa207e690,MNI152NLin6Asym (HCP40 1.25mm grid),MNI152NLin2009cAsym 1mm,2e3869a07b96aec406e0419ca2e434afc54882d37cc212b933b139d1b63a4dfe,SimpleITK,2.5.6,Linear,percent_0_100,normalized_0_1,4109,11942,74302.8534,1501.8916,0.020213,2.906303,True,True,True,True,True,True,0.0,0.999962,PASS
236,236,Thalamus,Tha_R_8_3,NGIQ-BR-00000236,right,Stha_R,Subcortical nuclei,Thalamus,data/atlases/brainnetome/bna246/volume_raw/BNA_PM_4D.nii.gz,b1318517f61d08f714c25e55ee580eb8a487c0b7ab1ddbcc7eac852e4e97f020,data/atlases/brainnetome/bna246/transformed_to_julich2009c/probability_maps/BNA_PM_comp236_Tha_R_8_3_prob_2009c.nii.gz,98c392af2e7420fac8b6044915a29f25237547d73f61fcb45483f63d3eb6b1af,MNI152NLin6Asym (HCP40 1.25mm grid),MNI152NLin2009cAsym 1mm,2e3869a07b96aec406e0419ca2e434afc54882d37cc212b933b139d1b63a4dfe,SimpleITK,2.5.6,Linear,percent_0_100,normalized_0_1,3496,11144,64896.1443,1314.072,0.020249,3.187643,True,True,True,True,True,True,0.0,0.999346,PASS
237,237,Thalamus,Tha_L_8_4,NGIQ-BR-00000237,left,rTtha_L,Subcortical nuclei,Thalamus,data/atlases/brainnetome/bna246/volume_raw/BNA_PM_4D.nii.gz,b1318517f61d08f714c25e55ee580eb8a487c0b7ab1ddbcc7eac852e4e97f020,data/atlases/brainnetome/bna246/transformed_to_julich2009c/probability_maps/BNA_PM_comp237_Tha_L_8_4_prob_2009c.nii.gz,771c378b3d8f5dc9f9d63b248c7da276d414b057e23ba08ab37f816cfbc1ff85,MNI152NLin6Asym (HCP40 1.25mm grid),MNI152NLin2009cAsym 1mm,2e3869a07b96aec406e0419ca2e434afc54882d37cc212b933b139d1b63a4dfe,SimpleITK,2.5.6,Linear,percent_0_100,normalized_0_1,3534,12996,97306.9219,2065.8919,0.021231,3.677419,True,True,True,True,True,True,0.0,0.986063,PASS
238,238,Thalamus,Tha_R_8_4,NGIQ-BR-00000238,right,rTtha_R,Subcortical nuclei,Thalamus,data/atlases/brainnetome/bna246/volume_raw/BNA_PM_4D.nii.gz,b1318517f61d08f714c25e55ee580eb8a487c0b7ab1ddbcc7eac852e4e97f020,data/atlases/brainnetome/bna246/transformed_to_julich2009c/probability_maps/BNA_PM_comp238_Tha_R_8_4_prob_2009c.nii.gz,c17aa65a7786fe2cde44a5155ebafd5b3fc8215b6fb362186b00c14d65857822,MNI152NLin6Asym (HCP40 1.25mm grid),MNI152NLin2009cAsym 1mm,2e3869a07b96aec406e0419ca2e434afc54882d37cc212b933b139d1b63a4dfe,SimpleITK,2.5.6,Linear,percent_0_100,normalized_0_1,3125,10685,81139.1854,1665.5433,0.020527,3.4192,True,True,True,True,True,True,0.0,0.780397,PASS
239,239,Thalamus,Tha_L_8_5,NGIQ-BR-00000239,left,PPtha_L,Subcortical nuclei,Thalamus,data/atlases/brainnetome/bna246/volume_raw/BNA_PM_4D.nii.gz,b1318517f61d08f714c25e55ee580eb8a487c0b7ab1ddbcc7eac852e4e97f020,data/atlases/brainnetome/bna246/transformed_to_julich2009c/probability_maps/BNA_PM_comp239_Tha_L_8_5_prob_2009c.nii.gz,50617aeae80d660dba1cb76bd966969b23ed4be0bf1632e85e37c9c20fa94d1a,MNI152NLin6Asym (HCP40 1.25mm grid),MNI152NLin2009cAsym 1mm,2e3869a07b96aec406e0419ca2e434afc54882d37cc212b933b139d1b63a4dfe,SimpleITK,2.5.6,Linear,percent_0_100,normalized_0_1,4746,14113,100918.1457,2072.3809,0.020535,2.973662,True,True,True,True,True,True,0.0,0.999672,PASS
240,240,Thalamus,Tha_R_8_5,NGIQ-BR-00000240,right,PPtha_R,Subcortical nuclei,Thalamus,data/atlases/brainnetome/bna246/volume_raw/BNA_PM_4D.nii.gz,b1318517f61d08f714c25e55ee580eb8a487c0b7ab1ddbcc7eac852e4e97f020,data/atlases/brainnetome/bna246/transformed_to_julich2009c/probability_maps/BNA_PM_comp240_Tha_R_8_5_prob_2009c.nii.gz,ff79339d1783123ff2f0e32ab6753d8695bbfc6af41e690fa085ce75a894e0bf,MNI152NLin6Asym (HCP40 1.25mm grid),MNI152NLin2009cAsym 1mm,2e3869a07b96aec406e0419ca2e434afc54882d37cc212b933b139d1b63a4dfe,SimpleITK,2.5.6,Linear,percent_0_100,normalized_0_1,4197,12759,96958.7082,2002.6811,0.020655,3.040029,True,True,True,True,True,True,0.0,0.999904,PASS
241,241,Thalamus,Tha_L_8_6,NGIQ-BR-00000241,left,Otha_L,Subcortical nuclei,Thalamus,data/atlases/brainnetome/bna246/volume_raw/BNA_PM_4D.nii.gz,b1318517f61d08f714c25e55ee580eb8a487c0b7ab1ddbcc7eac852e4e97f020,data/atlases/brainnetome/bna246/transformed_to_julich2009c/probability_maps/BNA_PM_comp241_Tha_L_8_6_prob_2009c.nii.gz,9601195226ea5ee409cd3f75c880ce01b2be78dda59f34f0ff5f18f71af25ac8,MNI152NLin6Asym (HCP40 1.25mm grid),MNI152NLin2009cAsym 1mm,2e3869a07b96aec406e0419ca2e434afc54882d37cc212b933b139d1b63a4dfe,SimpleITK,2.5.6,Linear,percent_0_100,normalized_0_1,5211,15437,104957.6695,2173.8019,0.020711,2.962387,True,True,True,True,True,True,0.0,0.999677,PASS
242,242,Thalamus,Tha_R_8_6,NGIQ-BR-00000242,right,Otha_R,Subcortical nuclei,Thalamus,data/atlases/brainnetome/bna246/volume_raw/BNA_PM_4D.nii.gz,b1318517f61d08f714c25e55ee580eb8a487c0b7ab1ddbcc7eac852e4e97f020,data/atlases/brainnetome/bna246/transformed_to_julich2009c/probability_maps/BNA_PM_comp242_Tha_R_8_6_prob_2009c.nii.gz,455fc0cc0fa88c64fa61eddb46234089b61af1f1f02c23ae7f7c2553ffbe0fb8,MNI152NLin6Asym (HCP40 1.25mm grid),MNI152NLin2009cAsym 1mm,2e3869a07b96aec406e0419ca2e434afc54882d37cc212b933b139d1b63a4dfe,SimpleITK,2.5.6,Linear,percent_0_100,normalized_0_1,4994,14916,79098.2419,1643.5074,0.020778,2.986784,True,True,True,True,True,True,0.0,0.99607,PASS
243,243,Thalamus,Tha_L_8_7,NGIQ-BR-00000243,left,cTtha_L,Subcortical nuclei,Thalamus,data/atlases/brainnetome/bna246/volume_raw/BNA_PM_4D.nii.gz,b1318517f61d08f714c25e55ee580eb8a487c0b7ab1ddbcc7eac852e4e97f020,data/atlases/brainnetome/bna246/transformed_to_julich2009c/probability_maps/BNA_PM_comp243_Tha_L_8_7_prob_2009c.nii.gz,d13e509663c2c245e2a1e1686fbae8cdd43756a1cf68e01a8c9f9d02146bbe70,MNI152NLin6Asym (HCP40 1.25mm grid),MNI152NLin2009cAsym 1mm,2e3869a07b96aec406e0419ca2e434afc54882d37cc212b933b139d1b63a4dfe,SimpleITK,2.5.6,Linear,percent_0_100,normalized_0_1,5571,17117,87930.0002,1838.633,0.02091,3.072518,True,True,True,True,True,True,0.0,0.998941,PASS
244,244,Thalamus,Tha_R_8_7,NGIQ-BR-00000244,right,cTtha_R,Subcortical nuclei,Thalamus,data/atlases/brainnetome/bna246/volume_raw/BNA_PM_4D.nii.gz,b1318517f61d08f714c25e55ee580eb8a487c0b7ab1ddbcc7eac852e4e97f020,data/atlases/brainnetome/bna246/transformed_to_julich2009c/probability_maps/BNA_PM_comp244_Tha_R_8_7_prob_2009c.nii.gz,72573448061b7d6ac173641728989c6a4c0ac05c210c6bc3e4d06862ab516d21,MNI152NLin6Asym (HCP40 1.25mm grid),MNI152NLin2009cAsym 1mm,2e3869a07b96aec406e0419ca2e434afc54882d37cc212b933b139d1b63a4dfe,SimpleITK,2.5.6,Linear,percent_0_100,normalized_0_1,4779,14543,79878.2458,1668.698,0.020891,3.043105,True,True,True,True,True,True,0.0,0.987975,PASS
245,245,Thalamus,Tha_L_8_8,NGIQ-BR-00000245,left,lPFtha_L,Subcortical nuclei,Thalamus,data/atlases/brainnetome/bna246/volume_raw/BNA_PM_4D.nii.gz,b1318517f61d08f714c25e55ee580eb8a487c0b7ab1ddbcc7eac852e4e97f020,data/atlases/brainnetome/bna246/transformed_to_julich2009c/probability_maps/BNA_PM_comp245_Tha_L_8_8_prob_2009c.nii.gz,9f7e950dc05d582b794b819cd0b9beac4997c36508a563d531a79c32317abbcf,MNI152NLin6Asym (HCP40 1.25mm grid),MNI152NLin2009cAsym 1mm,2e3869a07b96aec406e0419ca2e434afc54882d37cc212b933b139d1b63a4dfe,SimpleITK,2.5.6,Linear,percent_0_100,normalized_0_1,3740,11193,102468.7684,2112.9634,0.020621,2.992781,True,True,True,True,True,True,0.0,0.999669,PASS
246,246,Thalamus,Tha_R_8_8,NGIQ-BR-00000246,right,lPFtha_R,Subcortical nuclei,Thalamus,data/atlases/brainnetome/bna246/volume_raw/BNA_PM_4D.nii.gz,b1318517f61d08f714c25e55ee580eb8a487c0b7ab1ddbcc7eac852e4e97f020,data/atlases/brainnetome/bna246/transformed_to_julich2009c/probability_maps/BNA_PM_comp246_Tha_R_8_8_prob_2009c.nii.gz,694acfe72956fd73559734ed5b201e4070f7cb32fb24ca1be07473dd5318fa36,MNI152NLin6Asym (HCP40 1.25mm grid),MNI152NLin2009cAsym 1mm,2e3869a07b96aec406e0419ca2e434afc54882d37cc212b933b139d1b63a4dfe,SimpleITK,2.5.6,Linear,percent_0_100,normalized_0_1,3576,10945,84763.3901,1767.4042,0.020851,3.060682,True,True,True,True,True,True,0.0,0.996505,PASS
