hemisphere,g3_entity_id,parcel_id,official_code,official_modified_name,seed_mask_code,seed_type,cohort,current_authority_decision,g3_vertex_count,dk_label_name,dk_label_id,dk_vertex_count,intersection_vertex_count,source_coverage_ratio,target_coverage_ratio,g1_entity_id,g1_name_en,g1_alignment_status,is_no_g1_target
left,NGIQ-BR-00000001,1,SFG_L_7_1,medial area 8,SFG,single,SINGLE_SEED_CONTROL,SEED_CONTAINMENT_CONFIRMED,1272,superiorfrontal,28,0,1272,1.0,0,NGIQ-BR-00000294,Left Superior Frontal Gyrus,ALIGNED,false
left,NGIQ-BR-00000021,3,SFG_L_7_2,dorsolateral area 8,SFG,single,SINGLE_SEED_CONTROL,SEED_CONTAINMENT_CONFIRMED,2032,caudalmiddlefrontal,3,0,28,0.01378,0,NGIQ-BR-00000270,Left Caudal Middle Frontal Gyrus,ALIGNED,false
left,NGIQ-BR-00000021,3,SFG_L_7_2,dorsolateral area 8,SFG,single,SINGLE_SEED_CONTROL,SEED_CONTAINMENT_CONFIRMED,2032,rostralmiddlefrontal,27,0,28,0.01378,0,NGIQ-BR-00000293,Left Rostral Middle Frontal Cortex,ALIGNED,false
left,NGIQ-BR-00000021,3,SFG_L_7_2,dorsolateral area 8,SFG,single,SINGLE_SEED_CONTROL,SEED_CONTAINMENT_CONFIRMED,2032,superiorfrontal,28,0,1976,0.972441,0,NGIQ-BR-00000294,Left Superior Frontal Gyrus,ALIGNED,false
left,NGIQ-BR-00000023,5,SFG_L_7_3,lateral area 9,SFG,single,SINGLE_SEED_CONTROL,SEED_CONTAINMENT_CONFIRMED,1426,rostralmiddlefrontal,27,0,35,0.024544,0,NGIQ-BR-00000293,Left Rostral Middle Frontal Cortex,ALIGNED,false
left,NGIQ-BR-00000023,5,SFG_L_7_3,lateral area 9,SFG,single,SINGLE_SEED_CONTROL,SEED_CONTAINMENT_CONFIRMED,1426,superiorfrontal,28,0,1391,0.975456,0,NGIQ-BR-00000294,Left Superior Frontal Gyrus,ALIGNED,false
left,NGIQ-BR-00000025,7,SFG_L_7_4,dorsolateral area 6,SFG,single,SINGLE_SEED_CONTROL,SEED_CONTAINMENT_CONFIRMED,1506,precentral,24,0,2,0.001328,0,NGIQ-BR-00000290,Left Precentral Gyrus,ALIGNED,false
left,NGIQ-BR-00000025,7,SFG_L_7_4,dorsolateral area 6,SFG,single,SINGLE_SEED_CONTROL,SEED_CONTAINMENT_CONFIRMED,1506,superiorfrontal,28,0,1504,0.998672,0,NGIQ-BR-00000294,Left Superior Frontal Gyrus,ALIGNED,false
left,NGIQ-BR-00000027,9,SFG_L_7_5,medial area 6,SFG,single,SINGLE_SEED_CONTROL,SEED_CONTAINMENT_CONFIRMED,2079,paracentral,17,0,69,0.033189,0,NGIQ-BR-00000283,Left Paracentral Lobule,ALIGNED,false
left,NGIQ-BR-00000027,9,SFG_L_7_5,medial area 6,SFG,single,SINGLE_SEED_CONTROL,SEED_CONTAINMENT_CONFIRMED,2079,posteriorcingulate,23,0,21,0.010101,0,NGIQ-BR-00000289,Left Posterior Cingulate Cortex,ALIGNED,false
left,NGIQ-BR-00000027,9,SFG_L_7_5,medial area 6,SFG,single,SINGLE_SEED_CONTROL,SEED_CONTAINMENT_CONFIRMED,2079,superiorfrontal,28,0,1989,0.95671,0,NGIQ-BR-00000294,Left Superior Frontal Gyrus,ALIGNED,false
left,NGIQ-BR-00000029,11,SFG_L_7_6,medial area 9,SFG,single,SINGLE_SEED_CONTROL,SEED_CONTAINMENT_CONFIRMED,1160,superiorfrontal,28,0,1160,1.0,0,NGIQ-BR-00000294,Left Superior Frontal Gyrus,ALIGNED,false
left,NGIQ-BR-00000031,13,SFG_L_7_7,medial area 10,SFG,single,SINGLE_SEED_CONTROL,SEED_CONTAINMENT_CONFIRMED,1676,superiorfrontal,28,0,1676,1.0,0,NGIQ-BR-00000294,Left Superior Frontal Gyrus,ALIGNED,false
left,NGIQ-BR-00000033,15,MFG_L_7_1,dorsal area 9/46,MFG,composite,COMPOSITE_SEED_PENDING,PENDING_HUMAN_REVIEW,1921,rostralmiddlefrontal,27,0,1831,0.953149,0,NGIQ-BR-00000293,Left Rostral Middle Frontal Cortex,ALIGNED,false
left,NGIQ-BR-00000033,15,MFG_L_7_1,dorsal area 9/46,MFG,composite,COMPOSITE_SEED_PENDING,PENDING_HUMAN_REVIEW,1921,superiorfrontal,28,0,90,0.046851,0,NGIQ-BR-00000294,Left Superior Frontal Gyrus,ALIGNED,false
left,NGIQ-BR-00000035,17,MFG_L_7_2,inferior frontal junction,MFG,composite,COMPOSITE_SEED_PENDING,PENDING_HUMAN_REVIEW,1631,caudalmiddlefrontal,3,0,1252,0.767627,0,NGIQ-BR-00000270,Left Caudal Middle Frontal Gyrus,ALIGNED,false
left,NGIQ-BR-00000035,17,MFG_L_7_2,inferior frontal junction,MFG,composite,COMPOSITE_SEED_PENDING,PENDING_HUMAN_REVIEW,1631,parsopercularis,18,0,17,0.010423,0,NGIQ-BR-00000284,"Left Inferior Frontal Gyrus, Pars Opercularis",ALIGNED,false
left,NGIQ-BR-00000035,17,MFG_L_7_2,inferior frontal junction,MFG,composite,COMPOSITE_SEED_PENDING,PENDING_HUMAN_REVIEW,1631,rostralmiddlefrontal,27,0,362,0.22195,0,NGIQ-BR-00000293,Left Rostral Middle Frontal Cortex,ALIGNED,false
left,NGIQ-BR-00000037,19,MFG_L_7_3,area 46,MFG,composite,COMPOSITE_SEED_PENDING,PENDING_HUMAN_REVIEW,1290,rostralmiddlefrontal,27,0,1282,0.993798,0,NGIQ-BR-00000293,Left Rostral Middle Frontal Cortex,ALIGNED,false
left,NGIQ-BR-00000037,19,MFG_L_7_3,area 46,MFG,composite,COMPOSITE_SEED_PENDING,PENDING_HUMAN_REVIEW,1290,superiorfrontal,28,0,8,0.006202,0,NGIQ-BR-00000294,Left Superior Frontal Gyrus,ALIGNED,false
left,NGIQ-BR-00000039,21,MFG_L_7_4,ventral area 9/46,MFG,composite,COMPOSITE_SEED_PENDING,PENDING_HUMAN_REVIEW,1677,rostralmiddlefrontal,27,0,1677,1.0,0,NGIQ-BR-00000293,Left Rostral Middle Frontal Cortex,ALIGNED,false
left,NGIQ-BR-00000041,23,MFG_L_7_5,ventrolateral area 8,MFG,composite,COMPOSITE_SEED_PENDING,PENDING_HUMAN_REVIEW,1581,caudalmiddlefrontal,3,0,1016,0.642631,0,NGIQ-BR-00000270,Left Caudal Middle Frontal Gyrus,ALIGNED,false
left,NGIQ-BR-00000041,23,MFG_L_7_5,ventrolateral area 8,MFG,composite,COMPOSITE_SEED_PENDING,PENDING_HUMAN_REVIEW,1581,rostralmiddlefrontal,27,0,554,0.350411,0,NGIQ-BR-00000293,Left Rostral Middle Frontal Cortex,ALIGNED,false
left,NGIQ-BR-00000041,23,MFG_L_7_5,ventrolateral area 8,MFG,composite,COMPOSITE_SEED_PENDING,PENDING_HUMAN_REVIEW,1581,superiorfrontal,28,0,11,0.006958,0,NGIQ-BR-00000294,Left Superior Frontal Gyrus,ALIGNED,false
left,NGIQ-BR-00000043,25,MFG_L_7_6,ventrolateral area 6,MFG,composite,COMPOSITE_SEED_PENDING,PENDING_HUMAN_REVIEW,1256,caudalmiddlefrontal,3,0,1211,0.964172,0,NGIQ-BR-00000270,Left Caudal Middle Frontal Gyrus,ALIGNED,false
left,NGIQ-BR-00000043,25,MFG_L_7_6,ventrolateral area 6,MFG,composite,COMPOSITE_SEED_PENDING,PENDING_HUMAN_REVIEW,1256,precentral,24,0,8,0.006369,0,NGIQ-BR-00000290,Left Precentral Gyrus,ALIGNED,false
left,NGIQ-BR-00000043,25,MFG_L_7_6,ventrolateral area 6,MFG,composite,COMPOSITE_SEED_PENDING,PENDING_HUMAN_REVIEW,1256,superiorfrontal,28,0,37,0.029459,0,NGIQ-BR-00000294,Left Superior Frontal Gyrus,ALIGNED,false
left,NGIQ-BR-00000045,27,MFG_L_7_7,lateral area 10,MFG,composite,COMPOSITE_SEED_PENDING,PENDING_HUMAN_REVIEW,1303,lateralorbitofrontal,12,0,21,0.016117,0,NGIQ-BR-00000278,Left Lateral Orbitofrontal Cortex,ALIGNED,false
left,NGIQ-BR-00000045,27,MFG_L_7_7,lateral area 10,MFG,composite,COMPOSITE_SEED_PENDING,PENDING_HUMAN_REVIEW,1303,parsorbitalis,19,0,23,0.017652,0,NGIQ-BR-00000285,"Left Inferior Frontal Gyrus, Pars Orbitalis",ALIGNED,false
left,NGIQ-BR-00000045,27,MFG_L_7_7,lateral area 10,MFG,composite,COMPOSITE_SEED_PENDING,PENDING_HUMAN_REVIEW,1303,rostralmiddlefrontal,27,0,1215,0.932464,0,NGIQ-BR-00000293,Left Rostral Middle Frontal Cortex,ALIGNED,false
left,NGIQ-BR-00000045,27,MFG_L_7_7,lateral area 10,MFG,composite,COMPOSITE_SEED_PENDING,PENDING_HUMAN_REVIEW,1303,superiorfrontal,28,0,41,0.031466,0,NGIQ-BR-00000294,Left Superior Frontal Gyrus,ALIGNED,false
left,NGIQ-BR-00000045,27,MFG_L_7_7,lateral area 10,MFG,composite,COMPOSITE_SEED_PENDING,PENDING_HUMAN_REVIEW,1303,frontalpole,32,0,3,0.002302,0,,,NO_G1_TARGET,true
left,NGIQ-BR-00000003,29,IFG_L_6_1,dorsal area 44,IFG,composite,COMPOSITE_SEED_PENDING,PENDING_HUMAN_REVIEW,765,caudalmiddlefrontal,3,0,25,0.03268,0,NGIQ-BR-00000270,Left Caudal Middle Frontal Gyrus,ALIGNED,false
left,NGIQ-BR-00000003,29,IFG_L_6_1,dorsal area 44,IFG,composite,COMPOSITE_SEED_PENDING,PENDING_HUMAN_REVIEW,765,parsopercularis,18,0,740,0.96732,0,NGIQ-BR-00000284,"Left Inferior Frontal Gyrus, Pars Opercularis",ALIGNED,false
left,NGIQ-BR-00000047,31,IFG_L_6_2,inferior frontal sulcus,IFG,composite,COMPOSITE_SEED_PENDING,NO_G1_ROLLUP,705,parsopercularis,18,0,324,0.459574,0,NGIQ-BR-00000284,"Left Inferior Frontal Gyrus, Pars Opercularis",ALIGNED,false
left,NGIQ-BR-00000047,31,IFG_L_6_2,inferior frontal sulcus,IFG,composite,COMPOSITE_SEED_PENDING,NO_G1_ROLLUP,705,parstriangularis,20,0,256,0.363121,0,NGIQ-BR-00000286,"Left Inferior Frontal Gyrus, Pars Triangularis",ALIGNED,false
left,NGIQ-BR-00000047,31,IFG_L_6_2,inferior frontal sulcus,IFG,composite,COMPOSITE_SEED_PENDING,NO_G1_ROLLUP,705,rostralmiddlefrontal,27,0,125,0.177305,0,NGIQ-BR-00000293,Left Rostral Middle Frontal Cortex,ALIGNED,false
left,NGIQ-BR-00000049,33,IFG_L_6_3,caudal area 45,IFG,composite,COMPOSITE_SEED_PENDING,PENDING_HUMAN_REVIEW,658,parsopercularis,18,0,451,0.68541,0,NGIQ-BR-00000284,"Left Inferior Frontal Gyrus, Pars Opercularis",ALIGNED,false
left,NGIQ-BR-00000049,33,IFG_L_6_3,caudal area 45,IFG,composite,COMPOSITE_SEED_PENDING,PENDING_HUMAN_REVIEW,658,parstriangularis,20,0,207,0.31459,0,NGIQ-BR-00000286,"Left Inferior Frontal Gyrus, Pars Triangularis",ALIGNED,false
left,NGIQ-BR-00000051,35,IFG_L_6_4,rostral area 45,IFG,composite,COMPOSITE_SEED_PENDING,PENDING_HUMAN_REVIEW,661,parstriangularis,20,0,612,0.92587,0,NGIQ-BR-00000286,"Left Inferior Frontal Gyrus, Pars Triangularis",ALIGNED,false
left,NGIQ-BR-00000051,35,IFG_L_6_4,rostral area 45,IFG,composite,COMPOSITE_SEED_PENDING,PENDING_HUMAN_REVIEW,661,rostralmiddlefrontal,27,0,49,0.07413,0,NGIQ-BR-00000293,Left Rostral Middle Frontal Cortex,ALIGNED,false
left,NGIQ-BR-00000053,37,IFG_L_6_5,opercular area 44,IFG,composite,COMPOSITE_SEED_PENDING,PENDING_HUMAN_REVIEW,1437,lateralorbitofrontal,12,0,9,0.006263,0,NGIQ-BR-00000278,Left Lateral Orbitofrontal Cortex,ALIGNED,false
left,NGIQ-BR-00000053,37,IFG_L_6_5,opercular area 44,IFG,composite,COMPOSITE_SEED_PENDING,PENDING_HUMAN_REVIEW,1437,parsopercularis,18,0,574,0.399443,0,NGIQ-BR-00000284,"Left Inferior Frontal Gyrus, Pars Opercularis",ALIGNED,false
left,NGIQ-BR-00000053,37,IFG_L_6_5,opercular area 44,IFG,composite,COMPOSITE_SEED_PENDING,PENDING_HUMAN_REVIEW,1437,parstriangularis,20,0,839,0.583855,0,NGIQ-BR-00000286,"Left Inferior Frontal Gyrus, Pars Triangularis",ALIGNED,false
left,NGIQ-BR-00000053,37,IFG_L_6_5,opercular area 44,IFG,composite,COMPOSITE_SEED_PENDING,PENDING_HUMAN_REVIEW,1437,insula,35,0,15,0.010438,0,NGIQ-BR-00000299,Left Insula,ALIGNED,false
left,NGIQ-BR-00000055,39,IFG_L_6_6,ventral area 44,IFG,composite,COMPOSITE_SEED_PENDING,PENDING_HUMAN_REVIEW,649,parsopercularis,18,0,644,0.992296,0,NGIQ-BR-00000284,"Left Inferior Frontal Gyrus, Pars Opercularis",ALIGNED,false
left,NGIQ-BR-00000055,39,IFG_L_6_6,ventral area 44,IFG,composite,COMPOSITE_SEED_PENDING,PENDING_HUMAN_REVIEW,649,precentral,24,0,5,0.007704,0,NGIQ-BR-00000290,Left Precentral Gyrus,ALIGNED,false
left,NGIQ-BR-00000057,41,OrG_L_6_1,medial area 14,OrG,composite,COMPOSITE_SEED_PENDING,PENDING_HUMAN_REVIEW,855,medialorbitofrontal,14,0,691,0.808187,0,NGIQ-BR-00000280,Left Medial Orbitofrontal Cortex,ALIGNED,false
left,NGIQ-BR-00000057,41,OrG_L_6_1,medial area 14,OrG,composite,COMPOSITE_SEED_PENDING,PENDING_HUMAN_REVIEW,855,rostralanteriorcingulate,26,0,1,0.00117,0,NGIQ-BR-00000292,Left Rostral Anterior Cingulate Cortex,ALIGNED,false
left,NGIQ-BR-00000057,41,OrG_L_6_1,medial area 14,OrG,composite,COMPOSITE_SEED_PENDING,PENDING_HUMAN_REVIEW,855,superiorfrontal,28,0,79,0.092398,0,NGIQ-BR-00000294,Left Superior Frontal Gyrus,ALIGNED,false
left,NGIQ-BR-00000057,41,OrG_L_6_1,medial area 14,OrG,composite,COMPOSITE_SEED_PENDING,PENDING_HUMAN_REVIEW,855,frontalpole,32,0,84,0.098246,0,,,NO_G1_TARGET,true
left,NGIQ-BR-00000059,43,OrG_L_6_2,orbital area 12/47,OrG,composite,COMPOSITE_SEED_PENDING,PENDING_HUMAN_REVIEW,805,lateralorbitofrontal,12,0,468,0.581366,0,NGIQ-BR-00000278,Left Lateral Orbitofrontal Cortex,ALIGNED,false
left,NGIQ-BR-00000059,43,OrG_L_6_2,orbital area 12/47,OrG,composite,COMPOSITE_SEED_PENDING,PENDING_HUMAN_REVIEW,805,parsorbitalis,19,0,337,0.418634,0,NGIQ-BR-00000285,"Left Inferior Frontal Gyrus, Pars Orbitalis",ALIGNED,false
left,NGIQ-BR-00000061,45,OrG_L_6_3,lateral area 11,OrG,composite,COMPOSITE_SEED_PENDING,PENDING_HUMAN_REVIEW,1621,lateralorbitofrontal,12,0,1605,0.99013,0,NGIQ-BR-00000278,Left Lateral Orbitofrontal Cortex,ALIGNED,false
left,NGIQ-BR-00000061,45,OrG_L_6_3,lateral area 11,OrG,composite,COMPOSITE_SEED_PENDING,PENDING_HUMAN_REVIEW,1621,parsorbitalis,19,0,16,0.00987,0,NGIQ-BR-00000285,"Left Inferior Frontal Gyrus, Pars Orbitalis",ALIGNED,false
left,NGIQ-BR-00000063,47,OrG_L_6_4,medial area 11,OrG,composite,COMPOSITE_SEED_PENDING,PENDING_HUMAN_REVIEW,1218,lateralorbitofrontal,12,0,289,0.237274,0,NGIQ-BR-00000278,Left Lateral Orbitofrontal Cortex,ALIGNED,false
left,NGIQ-BR-00000063,47,OrG_L_6_4,medial area 11,OrG,composite,COMPOSITE_SEED_PENDING,PENDING_HUMAN_REVIEW,1218,medialorbitofrontal,14,0,694,0.569787,0,NGIQ-BR-00000280,Left Medial Orbitofrontal Cortex,ALIGNED,false
left,NGIQ-BR-00000063,47,OrG_L_6_4,medial area 11,OrG,composite,COMPOSITE_SEED_PENDING,PENDING_HUMAN_REVIEW,1218,rostralmiddlefrontal,27,0,50,0.041051,0,NGIQ-BR-00000293,Left Rostral Middle Frontal Cortex,ALIGNED,false
left,NGIQ-BR-00000063,47,OrG_L_6_4,medial area 11,OrG,composite,COMPOSITE_SEED_PENDING,PENDING_HUMAN_REVIEW,1218,frontalpole,32,0,185,0.151888,0,,,NO_G1_TARGET,true
left,NGIQ-BR-00000065,49,OrG_L_6_5,area 13,OrG,composite,COMPOSITE_SEED_PENDING,PENDING_HUMAN_REVIEW,2021,lateralorbitofrontal,12,0,722,0.357249,0,NGIQ-BR-00000278,Left Lateral Orbitofrontal Cortex,ALIGNED,false
left,NGIQ-BR-00000065,49,OrG_L_6_5,area 13,OrG,composite,COMPOSITE_SEED_PENDING,PENDING_HUMAN_REVIEW,2021,medialorbitofrontal,14,0,1226,0.60663,0,NGIQ-BR-00000280,Left Medial Orbitofrontal Cortex,ALIGNED,false
left,NGIQ-BR-00000065,49,OrG_L_6_5,area 13,OrG,composite,COMPOSITE_SEED_PENDING,PENDING_HUMAN_REVIEW,2021,rostralanteriorcingulate,26,0,38,0.018803,0,NGIQ-BR-00000292,Left Rostral Anterior Cingulate Cortex,ALIGNED,false
left,NGIQ-BR-00000065,49,OrG_L_6_5,area 13,OrG,composite,COMPOSITE_SEED_PENDING,PENDING_HUMAN_REVIEW,2021,insula,35,0,35,0.017318,0,NGIQ-BR-00000299,Left Insula,ALIGNED,false
left,NGIQ-BR-00000067,51,OrG_L_6_6,lateral area 12/47,OrG,composite,COMPOSITE_SEED_PENDING,PENDING_HUMAN_REVIEW,1482,lateralorbitofrontal,12,0,750,0.506073,0,NGIQ-BR-00000278,Left Lateral Orbitofrontal Cortex,ALIGNED,false
left,NGIQ-BR-00000067,51,OrG_L_6_6,lateral area 12/47,OrG,composite,COMPOSITE_SEED_PENDING,PENDING_HUMAN_REVIEW,1482,parsorbitalis,19,0,580,0.391363,0,NGIQ-BR-00000285,"Left Inferior Frontal Gyrus, Pars Orbitalis",ALIGNED,false
left,NGIQ-BR-00000067,51,OrG_L_6_6,lateral area 12/47,OrG,composite,COMPOSITE_SEED_PENDING,PENDING_HUMAN_REVIEW,1482,parstriangularis,20,0,117,0.078947,0,NGIQ-BR-00000286,"Left Inferior Frontal Gyrus, Pars Triangularis",ALIGNED,false
left,NGIQ-BR-00000067,51,OrG_L_6_6,lateral area 12/47,OrG,composite,COMPOSITE_SEED_PENDING,PENDING_HUMAN_REVIEW,1482,rostralmiddlefrontal,27,0,35,0.023617,0,NGIQ-BR-00000293,Left Rostral Middle Frontal Cortex,ALIGNED,false
left,NGIQ-BR-00000069,53,PrG_L_6_1,area 4(head and face region),PrG,single,SINGLE_SEED_CONTROL,SEED_CONTAINMENT_CONFIRMED,3000,postcentral,22,0,11,0.003667,0,NGIQ-BR-00000288,Left Postcentral Gyrus,ALIGNED,false
left,NGIQ-BR-00000069,53,PrG_L_6_1,area 4(head and face region),PrG,single,SINGLE_SEED_CONTROL,SEED_CONTAINMENT_CONFIRMED,3000,precentral,24,0,2989,0.996333,0,NGIQ-BR-00000290,Left Precentral Gyrus,ALIGNED,false
left,NGIQ-BR-00000071,55,PrG_L_6_2,caudal dorsolateral area 6,PrG,single,SINGLE_SEED_CONTROL,SEED_CONTAINMENT_CONFIRMED,2095,caudalmiddlefrontal,3,0,140,0.066826,0,NGIQ-BR-00000270,Left Caudal Middle Frontal Gyrus,ALIGNED,false
left,NGIQ-BR-00000071,55,PrG_L_6_2,caudal dorsolateral area 6,PrG,single,SINGLE_SEED_CONTROL,SEED_CONTAINMENT_CONFIRMED,2095,precentral,24,0,1923,0.9179,0,NGIQ-BR-00000290,Left Precentral Gyrus,ALIGNED,false
left,NGIQ-BR-00000071,55,PrG_L_6_2,caudal dorsolateral area 6,PrG,single,SINGLE_SEED_CONTROL,SEED_CONTAINMENT_CONFIRMED,2095,superiorfrontal,28,0,32,0.015274,0,NGIQ-BR-00000294,Left Superior Frontal Gyrus,ALIGNED,false
left,NGIQ-BR-00000073,57,PrG_L_6_3,area 4(upper limb region),PrG,single,SINGLE_SEED_CONTROL,SEED_CONTAINMENT_CONFIRMED,2106,postcentral,22,0,197,0.093542,0,NGIQ-BR-00000288,Left Postcentral Gyrus,ALIGNED,false
left,NGIQ-BR-00000073,57,PrG_L_6_3,area 4(upper limb region),PrG,single,SINGLE_SEED_CONTROL,SEED_CONTAINMENT_CONFIRMED,2106,precentral,24,0,1909,0.906458,0,NGIQ-BR-00000290,Left Precentral Gyrus,ALIGNED,false
left,NGIQ-BR-00000075,59,PrG_L_6_4,area 4(trunk region),PrG,single,SINGLE_SEED_CONTROL,SEED_CONTAINMENT_CONFIRMED,847,paracentral,17,0,1,0.001181,0,NGIQ-BR-00000283,Left Paracentral Lobule,ALIGNED,false
left,NGIQ-BR-00000075,59,PrG_L_6_4,area 4(trunk region),PrG,single,SINGLE_SEED_CONTROL,SEED_CONTAINMENT_CONFIRMED,847,precentral,24,0,720,0.850059,0,NGIQ-BR-00000290,Left Precentral Gyrus,ALIGNED,false
left,NGIQ-BR-00000075,59,PrG_L_6_4,area 4(trunk region),PrG,single,SINGLE_SEED_CONTROL,SEED_CONTAINMENT_CONFIRMED,847,superiorfrontal,28,0,126,0.14876,0,NGIQ-BR-00000294,Left Superior Frontal Gyrus,ALIGNED,false
left,NGIQ-BR-00000077,61,PrG_L_6_5,area 4(tongue and larynx region),PrG,single,SINGLE_SEED_CONTROL,SEED_CONTAINMENT_CONFIRMED,1432,parsopercularis,18,0,40,0.027933,0,NGIQ-BR-00000284,"Left Inferior Frontal Gyrus, Pars Opercularis",ALIGNED,false
left,NGIQ-BR-00000077,61,PrG_L_6_5,area 4(tongue and larynx region),PrG,single,SINGLE_SEED_CONTROL,SEED_CONTAINMENT_CONFIRMED,1432,postcentral,22,0,44,0.030726,0,NGIQ-BR-00000288,Left Postcentral Gyrus,ALIGNED,false
left,NGIQ-BR-00000077,61,PrG_L_6_5,area 4(tongue and larynx region),PrG,single,SINGLE_SEED_CONTROL,SEED_CONTAINMENT_CONFIRMED,1432,precentral,24,0,1306,0.912011,0,NGIQ-BR-00000290,Left Precentral Gyrus,ALIGNED,false
left,NGIQ-BR-00000077,61,PrG_L_6_5,area 4(tongue and larynx region),PrG,single,SINGLE_SEED_CONTROL,SEED_CONTAINMENT_CONFIRMED,1432,insula,35,0,42,0.02933,0,NGIQ-BR-00000299,Left Insula,ALIGNED,false
left,NGIQ-BR-00000079,63,PrG_L_6_6,caudal ventrolateral area 6,PrG,single,SINGLE_SEED_CONTROL,SEED_CONTAINMENT_CONFIRMED,1794,caudalmiddlefrontal,3,0,64,0.035674,0,NGIQ-BR-00000270,Left Caudal Middle Frontal Gyrus,ALIGNED,false
left,NGIQ-BR-00000079,63,PrG_L_6_6,caudal ventrolateral area 6,PrG,single,SINGLE_SEED_CONTROL,SEED_CONTAINMENT_CONFIRMED,1794,parsopercularis,18,0,69,0.038462,0,NGIQ-BR-00000284,"Left Inferior Frontal Gyrus, Pars Opercularis",ALIGNED,false
left,NGIQ-BR-00000079,63,PrG_L_6_6,caudal ventrolateral area 6,PrG,single,SINGLE_SEED_CONTROL,SEED_CONTAINMENT_CONFIRMED,1794,precentral,24,0,1661,0.925864,0,NGIQ-BR-00000290,Left Precentral Gyrus,ALIGNED,false
left,NGIQ-BR-00000081,65,PCL_L_2_1,area 1/2/3 (lower limb region),PCL,single,SINGLE_SEED_CONTROL,SEED_CONTAINMENT_CONFIRMED,1398,paracentral,17,0,1293,0.924893,0,NGIQ-BR-00000283,Left Paracentral Lobule,ALIGNED,false
left,NGIQ-BR-00000081,65,PCL_L_2_1,area 1/2/3 (lower limb region),PCL,single,SINGLE_SEED_CONTROL,SEED_CONTAINMENT_CONFIRMED,1398,postcentral,22,0,6,0.004292,0,NGIQ-BR-00000288,Left Postcentral Gyrus,ALIGNED,false
left,NGIQ-BR-00000081,65,PCL_L_2_1,area 1/2/3 (lower limb region),PCL,single,SINGLE_SEED_CONTROL,SEED_CONTAINMENT_CONFIRMED,1398,precentral,24,0,81,0.05794,0,NGIQ-BR-00000290,Left Precentral Gyrus,ALIGNED,false
left,NGIQ-BR-00000081,65,PCL_L_2_1,area 1/2/3 (lower limb region),PCL,single,SINGLE_SEED_CONTROL,SEED_CONTAINMENT_CONFIRMED,1398,precuneus,25,0,18,0.012876,0,NGIQ-BR-00000291,Left Precuneus,ALIGNED,false
left,NGIQ-BR-00000083,67,PCL_L_2_2,"area 4, (lower limb region)",PCL,single,SINGLE_SEED_CONTROL,SEED_CONTAINMENT_CONFIRMED,1361,paracentral,17,0,1324,0.972814,0,NGIQ-BR-00000283,Left Paracentral Lobule,ALIGNED,false
left,NGIQ-BR-00000083,67,PCL_L_2_2,"area 4, (lower limb region)",PCL,single,SINGLE_SEED_CONTROL,SEED_CONTAINMENT_CONFIRMED,1361,precentral,24,0,22,0.016165,0,NGIQ-BR-00000290,Left Precentral Gyrus,ALIGNED,false
left,NGIQ-BR-00000083,67,PCL_L_2_2,"area 4, (lower limb region)",PCL,single,SINGLE_SEED_CONTROL,SEED_CONTAINMENT_CONFIRMED,1361,superiorfrontal,28,0,15,0.011021,0,NGIQ-BR-00000294,Left Superior Frontal Gyrus,ALIGNED,false
left,NGIQ-BR-00000005,69,STG_L_6_1,medial area 38,STG,composite,COMPOSITE_SEED_PENDING,PENDING_HUMAN_REVIEW,1092,entorhinal,6,0,59,0.054029,0,NGIQ-BR-00000272,Left Entorhinal Cortex,ALIGNED,false
left,NGIQ-BR-00000005,69,STG_L_6_1,medial area 38,STG,composite,COMPOSITE_SEED_PENDING,PENDING_HUMAN_REVIEW,1092,inferiortemporal,9,0,14,0.012821,0,NGIQ-BR-00000275,Left Inferior Temporal Gyrus,ALIGNED,false
left,NGIQ-BR-00000005,69,STG_L_6_1,medial area 38,STG,composite,COMPOSITE_SEED_PENDING,PENDING_HUMAN_REVIEW,1092,middletemporal,15,0,9,0.008242,0,NGIQ-BR-00000281,Left Middle Temporal Gyrus,ALIGNED,false
left,NGIQ-BR-00000005,69,STG_L_6_1,medial area 38,STG,composite,COMPOSITE_SEED_PENDING,PENDING_HUMAN_REVIEW,1092,superiortemporal,30,0,169,0.154762,0,NGIQ-BR-00000296,Left Superior Temporal Gyrus,ALIGNED,false
left,NGIQ-BR-00000005,69,STG_L_6_1,medial area 38,STG,composite,COMPOSITE_SEED_PENDING,PENDING_HUMAN_REVIEW,1092,temporalpole,33,0,822,0.752747,0,,,NO_G1_TARGET,true
left,NGIQ-BR-00000005,69,STG_L_6_1,medial area 38,STG,composite,COMPOSITE_SEED_PENDING,PENDING_HUMAN_REVIEW,1092,insula,35,0,19,0.017399,0,NGIQ-BR-00000299,Left Insula,ALIGNED,false
left,NGIQ-BR-00000085,71,STG_L_6_2,area 41/42,STG,composite,COMPOSITE_SEED_PENDING,PENDING_HUMAN_REVIEW,1617,superiortemporal,30,0,1555,0.961657,0,NGIQ-BR-00000296,Left Superior Temporal Gyrus,ALIGNED,false
left,NGIQ-BR-00000085,71,STG_L_6_2,area 41/42,STG,composite,COMPOSITE_SEED_PENDING,PENDING_HUMAN_REVIEW,1617,supramarginal,31,0,16,0.009895,0,NGIQ-BR-00000297,Left Supramarginal Gyrus,ALIGNED,false
left,NGIQ-BR-00000085,71,STG_L_6_2,area 41/42,STG,composite,COMPOSITE_SEED_PENDING,PENDING_HUMAN_REVIEW,1617,transversetemporal,34,0,46,0.028448,0,NGIQ-BR-00000298,Left Transverse Temporal Gyrus,ALIGNED,false
left,NGIQ-BR-00000087,73,STG_L_6_3,TE1.0 and TE1.2,STG,composite,COMPOSITE_SEED_PENDING,PENDING_HUMAN_REVIEW,2285,superiortemporal,30,0,1303,0.570241,0,NGIQ-BR-00000296,Left Superior Temporal Gyrus,ALIGNED,false
left,NGIQ-BR-00000087,73,STG_L_6_3,TE1.0 and TE1.2,STG,composite,COMPOSITE_SEED_PENDING,PENDING_HUMAN_REVIEW,2285,transversetemporal,34,0,981,0.429322,0,NGIQ-BR-00000298,Left Transverse Temporal Gyrus,ALIGNED,false
left,NGIQ-BR-00000087,73,STG_L_6_3,TE1.0 and TE1.2,STG,composite,COMPOSITE_SEED_PENDING,PENDING_HUMAN_REVIEW,2285,insula,35,0,1,0.000438,0,NGIQ-BR-00000299,Left Insula,ALIGNED,false
left,NGIQ-BR-00000089,75,STG_L_6_4,caudal area 22,STG,composite,COMPOSITE_SEED_PENDING,PENDING_HUMAN_REVIEW,1422,bankssts,1,0,62,0.043601,0,,,NO_G1_TARGET,true
left,NGIQ-BR-00000089,75,STG_L_6_4,caudal area 22,STG,composite,COMPOSITE_SEED_PENDING,PENDING_HUMAN_REVIEW,1422,middletemporal,15,0,2,0.001406,0,NGIQ-BR-00000281,Left Middle Temporal Gyrus,ALIGNED,false
left,NGIQ-BR-00000089,75,STG_L_6_4,caudal area 22,STG,composite,COMPOSITE_SEED_PENDING,PENDING_HUMAN_REVIEW,1422,superiortemporal,30,0,1358,0.954993,0,NGIQ-BR-00000296,Left Superior Temporal Gyrus,ALIGNED,false
left,NGIQ-BR-00000091,77,STG_L_6_5,lateral area 38,STG,composite,COMPOSITE_SEED_PENDING,PENDING_HUMAN_REVIEW,1042,superiortemporal,30,0,998,0.957774,0,NGIQ-BR-00000296,Left Superior Temporal Gyrus,ALIGNED,false
left,NGIQ-BR-00000091,77,STG_L_6_5,lateral area 38,STG,composite,COMPOSITE_SEED_PENDING,PENDING_HUMAN_REVIEW,1042,insula,35,0,44,0.042226,0,NGIQ-BR-00000299,Left Insula,ALIGNED,false
left,NGIQ-BR-00000093,79,STG_L_6_6,rostral area 22,STG,composite,COMPOSITE_SEED_PENDING,PENDING_HUMAN_REVIEW,1582,middletemporal,15,0,8,0.005057,0,NGIQ-BR-00000281,Left Middle Temporal Gyrus,ALIGNED,false
left,NGIQ-BR-00000093,79,STG_L_6_6,rostral area 22,STG,composite,COMPOSITE_SEED_PENDING,PENDING_HUMAN_REVIEW,1582,superiortemporal,30,0,1574,0.994943,0,NGIQ-BR-00000296,Left Superior Temporal Gyrus,ALIGNED,false
left,NGIQ-BR-00000007,81,MTG_L_4_1,caudal area 21,MTG,single,SINGLE_SEED_CONTROL,SEED_CONTAINMENT_CONFIRMED,651,inferiortemporal,9,0,10,0.015361,0,NGIQ-BR-00000275,Left Inferior Temporal Gyrus,ALIGNED,false
left,NGIQ-BR-00000007,81,MTG_L_4_1,caudal area 21,MTG,single,SINGLE_SEED_CONTROL,SEED_CONTAINMENT_CONFIRMED,651,middletemporal,15,0,641,0.984639,0,NGIQ-BR-00000281,Left Middle Temporal Gyrus,ALIGNED,false
left,NGIQ-BR-00000095,83,MTG_L_4_2,rostral area 21,MTG,single,SINGLE_SEED_CONTROL,SEED_CONTAINMENT_CONFIRMED,936,inferiortemporal,9,0,7,0.007479,0,NGIQ-BR-00000275,Left Inferior Temporal Gyrus,ALIGNED,false
left,NGIQ-BR-00000095,83,MTG_L_4_2,rostral area 21,MTG,single,SINGLE_SEED_CONTROL,SEED_CONTAINMENT_CONFIRMED,936,middletemporal,15,0,876,0.935897,0,NGIQ-BR-00000281,Left Middle Temporal Gyrus,ALIGNED,false
left,NGIQ-BR-00000095,83,MTG_L_4_2,rostral area 21,MTG,single,SINGLE_SEED_CONTROL,SEED_CONTAINMENT_CONFIRMED,936,superiortemporal,30,0,53,0.056624,0,NGIQ-BR-00000296,Left Superior Temporal Gyrus,ALIGNED,false
left,NGIQ-BR-00000097,85,MTG_L_4_3,dorsolateral area 37,MTG,single,SINGLE_SEED_CONTROL,SEED_CONTAINMENT_CONFIRMED,905,bankssts,1,0,41,0.045304,0,,,NO_G1_TARGET,true
left,NGIQ-BR-00000097,85,MTG_L_4_3,dorsolateral area 37,MTG,single,SINGLE_SEED_CONTROL,SEED_CONTAINMENT_CONFIRMED,905,inferiorparietal,8,0,2,0.00221,0,NGIQ-BR-00000274,Left Inferior Parietal Lobule,ALIGNED,false
left,NGIQ-BR-00000097,85,MTG_L_4_3,dorsolateral area 37,MTG,single,SINGLE_SEED_CONTROL,SEED_CONTAINMENT_CONFIRMED,905,middletemporal,15,0,862,0.952486,0,NGIQ-BR-00000281,Left Middle Temporal Gyrus,ALIGNED,false
left,NGIQ-BR-00000099,87,MTG_L_4_4,anterior superior temporal sulcus,MTG,single,SINGLE_SEED_CONTROL,SEED_CONTAINMENT_CONFIRMED,1467,bankssts,1,0,6,0.00409,0,,,NO_G1_TARGET,true
left,NGIQ-BR-00000099,87,MTG_L_4_4,anterior superior temporal sulcus,MTG,single,SINGLE_SEED_CONTROL,SEED_CONTAINMENT_CONFIRMED,1467,middletemporal,15,0,1417,0.965917,0,NGIQ-BR-00000281,Left Middle Temporal Gyrus,ALIGNED,false
left,NGIQ-BR-00000099,87,MTG_L_4_4,anterior superior temporal sulcus,MTG,single,SINGLE_SEED_CONTROL,SEED_CONTAINMENT_CONFIRMED,1467,superiortemporal,30,0,44,0.029993,0,NGIQ-BR-00000296,Left Superior Temporal Gyrus,ALIGNED,false
left,NGIQ-BR-00000101,89,ITG_L_7_1,intermediate ventral area 20,ITG,single,SINGLE_SEED_CONTROL,SEED_CONTAINMENT_CONFIRMED,348,fusiform,7,0,9,0.025862,0,NGIQ-BR-00000273,Left Fusiform Gyrus,ALIGNED,false
left,NGIQ-BR-00000101,89,ITG_L_7_1,intermediate ventral area 20,ITG,single,SINGLE_SEED_CONTROL,SEED_CONTAINMENT_CONFIRMED,348,inferiortemporal,9,0,339,0.974138,0,NGIQ-BR-00000275,Left Inferior Temporal Gyrus,ALIGNED,false
left,NGIQ-BR-00000103,91,ITG_L_7_2,extreme lateroventral area 37,ITG,single,SINGLE_SEED_CONTROL,SEED_CONTAINMENT_CONFIRMED,480,inferiortemporal,9,0,480,1.0,0,NGIQ-BR-00000275,Left Inferior Temporal Gyrus,ALIGNED,false
left,NGIQ-BR-00000105,93,ITG_L_7_3,rostral area 20,ITG,single,SINGLE_SEED_CONTROL,SEED_CONTAINMENT_CONFIRMED,616,fusiform,7,0,16,0.025974,0,NGIQ-BR-00000273,Left Fusiform Gyrus,ALIGNED,false
left,NGIQ-BR-00000105,93,ITG_L_7_3,rostral area 20,ITG,single,SINGLE_SEED_CONTROL,SEED_CONTAINMENT_CONFIRMED,616,inferiortemporal,9,0,560,0.909091,0,NGIQ-BR-00000275,Left Inferior Temporal Gyrus,ALIGNED,false
left,NGIQ-BR-00000105,93,ITG_L_7_3,rostral area 20,ITG,single,SINGLE_SEED_CONTROL,SEED_CONTAINMENT_CONFIRMED,616,middletemporal,15,0,40,0.064935,0,NGIQ-BR-00000281,Left Middle Temporal Gyrus,ALIGNED,false
left,NGIQ-BR-00000107,95,ITG_L_7_4,intermediate lateral area 20,ITG,single,SINGLE_SEED_CONTROL,SEED_CONTAINMENT_CONFIRMED,575,inferiortemporal,9,0,458,0.796522,0,NGIQ-BR-00000275,Left Inferior Temporal Gyrus,ALIGNED,false
left,NGIQ-BR-00000107,95,ITG_L_7_4,intermediate lateral area 20,ITG,single,SINGLE_SEED_CONTROL,SEED_CONTAINMENT_CONFIRMED,575,middletemporal,15,0,117,0.203478,0,NGIQ-BR-00000281,Left Middle Temporal Gyrus,ALIGNED,false
left,NGIQ-BR-00000109,97,ITG_L_7_5,ventrolateral area 37,ITG,single,SINGLE_SEED_CONTROL,SEED_CONTAINMENT_CONFIRMED,776,inferiortemporal,9,0,612,0.78866,0,NGIQ-BR-00000275,Left Inferior Temporal Gyrus,ALIGNED,false
left,NGIQ-BR-00000109,97,ITG_L_7_5,ventrolateral area 37,ITG,single,SINGLE_SEED_CONTROL,SEED_CONTAINMENT_CONFIRMED,776,middletemporal,15,0,164,0.21134,0,NGIQ-BR-00000281,Left Middle Temporal Gyrus,ALIGNED,false
left,NGIQ-BR-00000111,99,ITG_L_7_6,caudolateral of area 20,ITG,single,SINGLE_SEED_CONTROL,SEED_CONTAINMENT_CONFIRMED,631,inferiortemporal,9,0,476,0.754358,0,NGIQ-BR-00000275,Left Inferior Temporal Gyrus,ALIGNED,false
left,NGIQ-BR-00000111,99,ITG_L_7_6,caudolateral of area 20,ITG,single,SINGLE_SEED_CONTROL,SEED_CONTAINMENT_CONFIRMED,631,middletemporal,15,0,155,0.245642,0,NGIQ-BR-00000281,Left Middle Temporal Gyrus,ALIGNED,false
left,NGIQ-BR-00000113,101,ITG_L_7_7,caudoventral of area 20,ITG,single,SINGLE_SEED_CONTROL,SEED_CONTAINMENT_CONFIRMED,875,inferiortemporal,9,0,875,1.0,0,NGIQ-BR-00000275,Left Inferior Temporal Gyrus,ALIGNED,false
left,NGIQ-BR-00000115,103,FuG_L_3_1,rostroventral area 20,FuG,single,SINGLE_SEED_CONTROL,SEED_CONTAINMENT_CONFIRMED,1855,entorhinal,6,0,47,0.025337,0,NGIQ-BR-00000272,Left Entorhinal Cortex,ALIGNED,false
left,NGIQ-BR-00000115,103,FuG_L_3_1,rostroventral area 20,FuG,single,SINGLE_SEED_CONTROL,SEED_CONTAINMENT_CONFIRMED,1855,fusiform,7,0,1706,0.919677,0,NGIQ-BR-00000273,Left Fusiform Gyrus,ALIGNED,false
left,NGIQ-BR-00000115,103,FuG_L_3_1,rostroventral area 20,FuG,single,SINGLE_SEED_CONTROL,SEED_CONTAINMENT_CONFIRMED,1855,inferiortemporal,9,0,42,0.022642,0,NGIQ-BR-00000275,Left Inferior Temporal Gyrus,ALIGNED,false
left,NGIQ-BR-00000115,103,FuG_L_3_1,rostroventral area 20,FuG,single,SINGLE_SEED_CONTROL,SEED_CONTAINMENT_CONFIRMED,1855,lingual,13,0,6,0.003235,0,NGIQ-BR-00000279,Left Lingual Gyrus,ALIGNED,false
left,NGIQ-BR-00000115,103,FuG_L_3_1,rostroventral area 20,FuG,single,SINGLE_SEED_CONTROL,SEED_CONTAINMENT_CONFIRMED,1855,parahippocampal,16,0,49,0.026415,0,NGIQ-BR-00000282,Left Parahippocampal Gyrus,ALIGNED,false
left,NGIQ-BR-00000115,103,FuG_L_3_1,rostroventral area 20,FuG,single,SINGLE_SEED_CONTROL,SEED_CONTAINMENT_CONFIRMED,1855,temporalpole,33,0,5,0.002695,0,,,NO_G1_TARGET,true
left,NGIQ-BR-00000117,105,FuG_L_3_2,medioventral area 37,FuG,single,SINGLE_SEED_CONTROL,SEED_CONTAINMENT_CONFIRMED,1649,fusiform,7,0,1564,0.948454,0,NGIQ-BR-00000273,Left Fusiform Gyrus,ALIGNED,false
left,NGIQ-BR-00000117,105,FuG_L_3_2,medioventral area 37,FuG,single,SINGLE_SEED_CONTROL,SEED_CONTAINMENT_CONFIRMED,1649,lateraloccipital,11,0,65,0.039418,0,NGIQ-BR-00000277,Left Lateral Occipital Cortex,ALIGNED,false
left,NGIQ-BR-00000117,105,FuG_L_3_2,medioventral area 37,FuG,single,SINGLE_SEED_CONTROL,SEED_CONTAINMENT_CONFIRMED,1649,lingual,13,0,20,0.012129,0,NGIQ-BR-00000279,Left Lingual Gyrus,ALIGNED,false
left,NGIQ-BR-00000119,107,FuG_L_3_3,lateroventral area 37,FuG,single,SINGLE_SEED_CONTROL,SEED_CONTAINMENT_CONFIRMED,1718,fusiform,7,0,1304,0.759022,0,NGIQ-BR-00000273,Left Fusiform Gyrus,ALIGNED,false
left,NGIQ-BR-00000119,107,FuG_L_3_3,lateroventral area 37,FuG,single,SINGLE_SEED_CONTROL,SEED_CONTAINMENT_CONFIRMED,1718,inferiortemporal,9,0,414,0.240978,0,NGIQ-BR-00000275,Left Inferior Temporal Gyrus,ALIGNED,false
left,NGIQ-BR-00000121,109,PhG_L_6_1,rostral area 35/36,PhG,composite,COMPOSITE_SEED_PENDING,PENDING_HUMAN_REVIEW,396,entorhinal,6,0,386,0.974747,0,NGIQ-BR-00000272,Left Entorhinal Cortex,ALIGNED,false
left,NGIQ-BR-00000121,109,PhG_L_6_1,rostral area 35/36,PhG,composite,COMPOSITE_SEED_PENDING,PENDING_HUMAN_REVIEW,396,fusiform,7,0,10,0.025253,0,NGIQ-BR-00000273,Left Fusiform Gyrus,ALIGNED,false
left,NGIQ-BR-00000123,111,PhG_L_6_2,caudal area 35/36,PhG,composite,COMPOSITE_SEED_PENDING,PENDING_HUMAN_REVIEW,376,entorhinal,6,0,27,0.071809,0,NGIQ-BR-00000272,Left Entorhinal Cortex,ALIGNED,false
left,NGIQ-BR-00000123,111,PhG_L_6_2,caudal area 35/36,PhG,composite,COMPOSITE_SEED_PENDING,PENDING_HUMAN_REVIEW,376,parahippocampal,16,0,349,0.928191,0,NGIQ-BR-00000282,Left Parahippocampal Gyrus,ALIGNED,false
left,NGIQ-BR-00000125,113,PhG_L_6_3,"area TL (lateral PPHC, posterior parahippocampal gyrus)",PhG,composite,COMPOSITE_SEED_PENDING,PENDING_HUMAN_REVIEW,623,fusiform,7,0,13,0.020867,0,NGIQ-BR-00000273,Left Fusiform Gyrus,ALIGNED,false
left,NGIQ-BR-00000125,113,PhG_L_6_3,"area TL (lateral PPHC, posterior parahippocampal gyrus)",PhG,composite,COMPOSITE_SEED_PENDING,PENDING_HUMAN_REVIEW,623,parahippocampal,16,0,610,0.979133,0,NGIQ-BR-00000282,Left Parahippocampal Gyrus,ALIGNED,false
left,NGIQ-BR-00000127,115,PhG_L_6_4,"area 28/34 (EC, entorhinal cortex)",PhG,composite,COMPOSITE_SEED_PENDING,PENDING_HUMAN_REVIEW,369,entorhinal,6,0,224,0.607046,0,NGIQ-BR-00000272,Left Entorhinal Cortex,ALIGNED,false
left,NGIQ-BR-00000127,115,PhG_L_6_4,"area 28/34 (EC, entorhinal cortex)",PhG,composite,COMPOSITE_SEED_PENDING,PENDING_HUMAN_REVIEW,369,parahippocampal,16,0,145,0.392954,0,NGIQ-BR-00000282,Left Parahippocampal Gyrus,ALIGNED,false
left,NGIQ-BR-00000129,117,PhG_L_6_5,area TI(temporal agranular insular cortex),PhG,composite,COMPOSITE_SEED_PENDING,PENDING_HUMAN_REVIEW,96,entorhinal,6,0,80,0.833333,0,NGIQ-BR-00000272,Left Entorhinal Cortex,ALIGNED,false
left,NGIQ-BR-00000129,117,PhG_L_6_5,area TI(temporal agranular insular cortex),PhG,composite,COMPOSITE_SEED_PENDING,PENDING_HUMAN_REVIEW,96,temporalpole,33,0,11,0.114583,0,,,NO_G1_TARGET,true
left,NGIQ-BR-00000129,117,PhG_L_6_5,area TI(temporal agranular insular cortex),PhG,composite,COMPOSITE_SEED_PENDING,PENDING_HUMAN_REVIEW,96,insula,35,0,5,0.052083,0,NGIQ-BR-00000299,Left Insula,ALIGNED,false
left,NGIQ-BR-00000131,119,PhG_L_6_6,area TH (medial PPHC),PhG,composite,COMPOSITE_SEED_PENDING,PENDING_HUMAN_REVIEW,425,isthmuscingulate,10,0,11,0.025882,0,NGIQ-BR-00000276,Left Isthmus Of Cingulate Gyrus,ALIGNED,false
left,NGIQ-BR-00000131,119,PhG_L_6_6,area TH (medial PPHC),PhG,composite,COMPOSITE_SEED_PENDING,PENDING_HUMAN_REVIEW,425,lingual,13,0,33,0.077647,0,NGIQ-BR-00000279,Left Lingual Gyrus,ALIGNED,false
left,NGIQ-BR-00000131,119,PhG_L_6_6,area TH (medial PPHC),PhG,composite,COMPOSITE_SEED_PENDING,PENDING_HUMAN_REVIEW,425,parahippocampal,16,0,381,0.896471,0,NGIQ-BR-00000282,Left Parahippocampal Gyrus,ALIGNED,false
left,NGIQ-BR-00000133,121,pSTS_L_2_1,rostroposterior superior temporal sulcus,Psts,single,SEED_TARGET_NOT_IN_G1,NO_G1_ROLLUP,1085,bankssts,1,0,1047,0.964977,0,,,NO_G1_TARGET,true
left,NGIQ-BR-00000133,121,pSTS_L_2_1,rostroposterior superior temporal sulcus,Psts,single,SEED_TARGET_NOT_IN_G1,NO_G1_ROLLUP,1085,middletemporal,15,0,29,0.026728,0,NGIQ-BR-00000281,Left Middle Temporal Gyrus,ALIGNED,false
left,NGIQ-BR-00000133,121,pSTS_L_2_1,rostroposterior superior temporal sulcus,Psts,single,SEED_TARGET_NOT_IN_G1,NO_G1_ROLLUP,1085,superiortemporal,30,0,9,0.008295,0,NGIQ-BR-00000296,Left Superior Temporal Gyrus,ALIGNED,false
left,NGIQ-BR-00000135,123,pSTS_L_2_2,caudoposterior superior temporal sulcus,Psts,single,SEED_TARGET_NOT_IN_G1,NO_G1_ROLLUP,1146,bankssts,1,0,965,0.842059,0,,,NO_G1_TARGET,true
left,NGIQ-BR-00000135,123,pSTS_L_2_2,caudoposterior superior temporal sulcus,Psts,single,SEED_TARGET_NOT_IN_G1,NO_G1_ROLLUP,1146,inferiorparietal,8,0,76,0.066318,0,NGIQ-BR-00000274,Left Inferior Parietal Lobule,ALIGNED,false
left,NGIQ-BR-00000135,123,pSTS_L_2_2,caudoposterior superior temporal sulcus,Psts,single,SEED_TARGET_NOT_IN_G1,NO_G1_ROLLUP,1146,middletemporal,15,0,14,0.012216,0,NGIQ-BR-00000281,Left Middle Temporal Gyrus,ALIGNED,false
left,NGIQ-BR-00000135,123,pSTS_L_2_2,caudoposterior superior temporal sulcus,Psts,single,SEED_TARGET_NOT_IN_G1,NO_G1_ROLLUP,1146,superiortemporal,30,0,40,0.034904,0,NGIQ-BR-00000296,Left Superior Temporal Gyrus,ALIGNED,false
left,NGIQ-BR-00000135,123,pSTS_L_2_2,caudoposterior superior temporal sulcus,Psts,single,SEED_TARGET_NOT_IN_G1,NO_G1_ROLLUP,1146,supramarginal,31,0,51,0.044503,0,NGIQ-BR-00000297,Left Supramarginal Gyrus,ALIGNED,false
left,NGIQ-BR-00000009,125,SPL_L_5_1,rostral area 7,SPL,single,SINGLE_SEED_CONTROL,SEED_CONTAINMENT_CONFIRMED,840,superiorparietal,29,0,840,1.0,0,NGIQ-BR-00000295,Left Superior Parietal Lobule,ALIGNED,false
left,NGIQ-BR-00000137,127,SPL_L_5_2,caudal area 7,SPL,single,SINGLE_SEED_CONTROL,SEED_CONTAINMENT_CONFIRMED,1488,precuneus,25,0,73,0.049059,0,NGIQ-BR-00000291,Left Precuneus,ALIGNED,false
left,NGIQ-BR-00000137,127,SPL_L_5_2,caudal area 7,SPL,single,SINGLE_SEED_CONTROL,SEED_CONTAINMENT_CONFIRMED,1488,superiorparietal,29,0,1415,0.950941,0,NGIQ-BR-00000295,Left Superior Parietal Lobule,ALIGNED,false
left,NGIQ-BR-00000139,129,SPL_L_5_3,lateral area 5,SPL,single,SINGLE_SEED_CONTROL,SEED_CONTAINMENT_CONFIRMED,1959,inferiorparietal,8,0,9,0.004594,0,NGIQ-BR-00000274,Left Inferior Parietal Lobule,ALIGNED,false
left,NGIQ-BR-00000139,129,SPL_L_5_3,lateral area 5,SPL,single,SINGLE_SEED_CONTROL,SEED_CONTAINMENT_CONFIRMED,1959,superiorparietal,29,0,1930,0.985197,0,NGIQ-BR-00000295,Left Superior Parietal Lobule,ALIGNED,false
left,NGIQ-BR-00000139,129,SPL_L_5_3,lateral area 5,SPL,single,SINGLE_SEED_CONTROL,SEED_CONTAINMENT_CONFIRMED,1959,supramarginal,31,0,20,0.010209,0,NGIQ-BR-00000297,Left Supramarginal Gyrus,ALIGNED,false
left,NGIQ-BR-00000141,131,SPL_L_5_4,postcentral area 7,SPL,single,SINGLE_SEED_CONTROL,SEED_CONTAINMENT_CONFIRMED,1621,postcentral,22,0,19,0.011721,0,NGIQ-BR-00000288,Left Postcentral Gyrus,ALIGNED,false
left,NGIQ-BR-00000141,131,SPL_L_5_4,postcentral area 7,SPL,single,SINGLE_SEED_CONTROL,SEED_CONTAINMENT_CONFIRMED,1621,superiorparietal,29,0,1602,0.988279,0,NGIQ-BR-00000295,Left Superior Parietal Lobule,ALIGNED,false
left,NGIQ-BR-00000143,133,SPL_L_5_5,intraparietal area 7(hIP3),SPL,single,SINGLE_SEED_CONTROL,SEED_CONTAINMENT_CONFIRMED,1254,superiorparietal,29,0,1254,1.0,0,NGIQ-BR-00000295,Left Superior Parietal Lobule,ALIGNED,false
left,NGIQ-BR-00000011,135,IPL_L_6_1,caudal area 39(PGp),IPL,composite,COMPOSITE_SEED_PENDING,PENDING_HUMAN_REVIEW,1999,inferiorparietal,8,0,1939,0.969985,0,NGIQ-BR-00000274,Left Inferior Parietal Lobule,ALIGNED,false
left,NGIQ-BR-00000011,135,IPL_L_6_1,caudal area 39(PGp),IPL,composite,COMPOSITE_SEED_PENDING,PENDING_HUMAN_REVIEW,1999,lateraloccipital,11,0,10,0.005003,0,NGIQ-BR-00000277,Left Lateral Occipital Cortex,ALIGNED,false
left,NGIQ-BR-00000011,135,IPL_L_6_1,caudal area 39(PGp),IPL,composite,COMPOSITE_SEED_PENDING,PENDING_HUMAN_REVIEW,1999,superiorparietal,29,0,50,0.025013,0,NGIQ-BR-00000295,Left Superior Parietal Lobule,ALIGNED,false
left,NGIQ-BR-00000145,137,IPL_L_6_2,rostrodorsal area 39(Hip3),IPL,composite,COMPOSITE_SEED_PENDING,PENDING_HUMAN_REVIEW,2455,inferiorparietal,8,0,1951,0.794705,0,NGIQ-BR-00000274,Left Inferior Parietal Lobule,ALIGNED,false
left,NGIQ-BR-00000145,137,IPL_L_6_2,rostrodorsal area 39(Hip3),IPL,composite,COMPOSITE_SEED_PENDING,PENDING_HUMAN_REVIEW,2455,superiorparietal,29,0,229,0.093279,0,NGIQ-BR-00000295,Left Superior Parietal Lobule,ALIGNED,false
left,NGIQ-BR-00000145,137,IPL_L_6_2,rostrodorsal area 39(Hip3),IPL,composite,COMPOSITE_SEED_PENDING,PENDING_HUMAN_REVIEW,2455,supramarginal,31,0,275,0.112016,0,NGIQ-BR-00000297,Left Supramarginal Gyrus,ALIGNED,false
left,NGIQ-BR-00000147,139,IPL_L_6_3,rostrodorsal area 40(PFt),IPL,composite,COMPOSITE_SEED_PENDING,PENDING_HUMAN_REVIEW,2848,postcentral,22,0,63,0.022121,0,NGIQ-BR-00000288,Left Postcentral Gyrus,ALIGNED,false
left,NGIQ-BR-00000147,139,IPL_L_6_3,rostrodorsal area 40(PFt),IPL,composite,COMPOSITE_SEED_PENDING,PENDING_HUMAN_REVIEW,2848,superiorparietal,29,0,11,0.003862,0,NGIQ-BR-00000295,Left Superior Parietal Lobule,ALIGNED,false
left,NGIQ-BR-00000147,139,IPL_L_6_3,rostrodorsal area 40(PFt),IPL,composite,COMPOSITE_SEED_PENDING,PENDING_HUMAN_REVIEW,2848,supramarginal,31,0,2774,0.974017,0,NGIQ-BR-00000297,Left Supramarginal Gyrus,ALIGNED,false
left,NGIQ-BR-00000149,141,IPL_L_6_4,caudal area 40(PFm),IPL,composite,COMPOSITE_SEED_PENDING,PENDING_HUMAN_REVIEW,2855,inferiorparietal,8,0,441,0.154466,0,NGIQ-BR-00000274,Left Inferior Parietal Lobule,ALIGNED,false
left,NGIQ-BR-00000149,141,IPL_L_6_4,caudal area 40(PFm),IPL,composite,COMPOSITE_SEED_PENDING,PENDING_HUMAN_REVIEW,2855,superiortemporal,30,0,52,0.018214,0,NGIQ-BR-00000296,Left Superior Temporal Gyrus,ALIGNED,false
left,NGIQ-BR-00000149,141,IPL_L_6_4,caudal area 40(PFm),IPL,composite,COMPOSITE_SEED_PENDING,PENDING_HUMAN_REVIEW,2855,supramarginal,31,0,2362,0.82732,0,NGIQ-BR-00000297,Left Supramarginal Gyrus,ALIGNED,false
left,NGIQ-BR-00000151,143,IPL_L_6_5,rostroventral area 39(PGa),IPL,composite,COMPOSITE_SEED_PENDING,PENDING_HUMAN_REVIEW,3484,bankssts,1,0,16,0.004592,0,,,NO_G1_TARGET,true
left,NGIQ-BR-00000151,143,IPL_L_6_5,rostroventral area 39(PGa),IPL,composite,COMPOSITE_SEED_PENDING,PENDING_HUMAN_REVIEW,3484,inferiorparietal,8,0,3142,0.901837,0,NGIQ-BR-00000274,Left Inferior Parietal Lobule,ALIGNED,false
left,NGIQ-BR-00000151,143,IPL_L_6_5,rostroventral area 39(PGa),IPL,composite,COMPOSITE_SEED_PENDING,PENDING_HUMAN_REVIEW,3484,middletemporal,15,0,25,0.007176,0,NGIQ-BR-00000281,Left Middle Temporal Gyrus,ALIGNED,false
left,NGIQ-BR-00000151,143,IPL_L_6_5,rostroventral area 39(PGa),IPL,composite,COMPOSITE_SEED_PENDING,PENDING_HUMAN_REVIEW,3484,superiortemporal,30,0,4,0.001148,0,NGIQ-BR-00000296,Left Superior Temporal Gyrus,ALIGNED,false
left,NGIQ-BR-00000151,143,IPL_L_6_5,rostroventral area 39(PGa),IPL,composite,COMPOSITE_SEED_PENDING,PENDING_HUMAN_REVIEW,3484,supramarginal,31,0,297,0.085247,0,NGIQ-BR-00000297,Left Supramarginal Gyrus,ALIGNED,false
left,NGIQ-BR-00000153,145,IPL_L_6_6,rostroventral area 40(PFop),IPL,composite,COMPOSITE_SEED_PENDING,PENDING_HUMAN_REVIEW,2767,superiortemporal,30,0,51,0.018432,0,NGIQ-BR-00000296,Left Superior Temporal Gyrus,ALIGNED,false
left,NGIQ-BR-00000153,145,IPL_L_6_6,rostroventral area 40(PFop),IPL,composite,COMPOSITE_SEED_PENDING,PENDING_HUMAN_REVIEW,2767,supramarginal,31,0,2685,0.970365,0,NGIQ-BR-00000297,Left Supramarginal Gyrus,ALIGNED,false
left,NGIQ-BR-00000153,145,IPL_L_6_6,rostroventral area 40(PFop),IPL,composite,COMPOSITE_SEED_PENDING,PENDING_HUMAN_REVIEW,2767,transversetemporal,34,0,2,0.000723,0,NGIQ-BR-00000298,Left Transverse Temporal Gyrus,ALIGNED,false
left,NGIQ-BR-00000153,145,IPL_L_6_6,rostroventral area 40(PFop),IPL,composite,COMPOSITE_SEED_PENDING,PENDING_HUMAN_REVIEW,2767,insula,35,0,29,0.010481,0,NGIQ-BR-00000299,Left Insula,ALIGNED,false
left,NGIQ-BR-00000155,147,PCun_L_4_1,medial area 7(PEp),Pcun,single,SINGLE_SEED_CONTROL,SEED_CONTAINMENT_CONFIRMED,1258,precuneus,25,0,1140,0.9062,0,NGIQ-BR-00000291,Left Precuneus,ALIGNED,false
left,NGIQ-BR-00000155,147,PCun_L_4_1,medial area 7(PEp),Pcun,single,SINGLE_SEED_CONTROL,SEED_CONTAINMENT_CONFIRMED,1258,superiorparietal,29,0,118,0.0938,0,NGIQ-BR-00000295,Left Superior Parietal Lobule,ALIGNED,false
left,NGIQ-BR-00000157,149,PCun_L_4_2,medial area 5(PEm),Pcun,single,SINGLE_SEED_CONTROL,SEED_CONTAINMENT_CONFIRMED,1793,paracentral,17,0,86,0.047964,0,NGIQ-BR-00000283,Left Paracentral Lobule,ALIGNED,false
left,NGIQ-BR-00000157,149,PCun_L_4_2,medial area 5(PEm),Pcun,single,SINGLE_SEED_CONTROL,SEED_CONTAINMENT_CONFIRMED,1793,precuneus,25,0,1620,0.903514,0,NGIQ-BR-00000291,Left Precuneus,ALIGNED,false
left,NGIQ-BR-00000157,149,PCun_L_4_2,medial area 5(PEm),Pcun,single,SINGLE_SEED_CONTROL,SEED_CONTAINMENT_CONFIRMED,1793,superiorparietal,29,0,87,0.048522,0,NGIQ-BR-00000295,Left Superior Parietal Lobule,ALIGNED,false
left,NGIQ-BR-00000159,151,PCun_L_4_3,dorsomedial parietooccipital sulcus(PEr),Pcun,single,SINGLE_SEED_CONTROL,SEED_CONTAINMENT_CONFIRMED,2275,cuneus,5,0,38,0.016703,0,NGIQ-BR-00000271,Left Cuneus,ALIGNED,false
left,NGIQ-BR-00000159,151,PCun_L_4_3,dorsomedial parietooccipital sulcus(PEr),Pcun,single,SINGLE_SEED_CONTROL,SEED_CONTAINMENT_CONFIRMED,2275,isthmuscingulate,10,0,2,0.000879,0,NGIQ-BR-00000276,Left Isthmus Of Cingulate Gyrus,ALIGNED,false
left,NGIQ-BR-00000159,151,PCun_L_4_3,dorsomedial parietooccipital sulcus(PEr),Pcun,single,SINGLE_SEED_CONTROL,SEED_CONTAINMENT_CONFIRMED,2275,precuneus,25,0,2192,0.963516,0,NGIQ-BR-00000291,Left Precuneus,ALIGNED,false
left,NGIQ-BR-00000159,151,PCun_L_4_3,dorsomedial parietooccipital sulcus(PEr),Pcun,single,SINGLE_SEED_CONTROL,SEED_CONTAINMENT_CONFIRMED,2275,superiorparietal,29,0,43,0.018901,0,NGIQ-BR-00000295,Left Superior Parietal Lobule,ALIGNED,false
left,NGIQ-BR-00000161,153,PCun_L_4_4,area 31 (Lc1),Pcun,single,SINGLE_SEED_CONTROL,SEED_CONTAINMENT_CONFIRMED,2006,isthmuscingulate,10,0,100,0.04985,0,NGIQ-BR-00000276,Left Isthmus Of Cingulate Gyrus,ALIGNED,false
left,NGIQ-BR-00000161,153,PCun_L_4_4,area 31 (Lc1),Pcun,single,SINGLE_SEED_CONTROL,SEED_CONTAINMENT_CONFIRMED,2006,precuneus,25,0,1906,0.95015,0,NGIQ-BR-00000291,Left Precuneus,ALIGNED,false
left,NGIQ-BR-00000163,155,PoG_L_4_1,"area 1/2/3(upper limb, head and face region)",PoG,single,SINGLE_SEED_CONTROL,SEED_CONTAINMENT_CONFIRMED,3151,postcentral,22,0,3112,0.987623,0,NGIQ-BR-00000288,Left Postcentral Gyrus,ALIGNED,false
left,NGIQ-BR-00000163,155,PoG_L_4_1,"area 1/2/3(upper limb, head and face region)",PoG,single,SINGLE_SEED_CONTROL,SEED_CONTAINMENT_CONFIRMED,3151,precentral,24,0,39,0.012377,0,NGIQ-BR-00000290,Left Precentral Gyrus,ALIGNED,false
left,NGIQ-BR-00000165,157,PoG_L_4_2,area 1/2/3(tongue and larynx region),PoG,single,SINGLE_SEED_CONTROL,SEED_CONTAINMENT_CONFIRMED,2054,postcentral,22,0,1871,0.910906,0,NGIQ-BR-00000288,Left Postcentral Gyrus,ALIGNED,false
left,NGIQ-BR-00000165,157,PoG_L_4_2,area 1/2/3(tongue and larynx region),PoG,single,SINGLE_SEED_CONTROL,SEED_CONTAINMENT_CONFIRMED,2054,precentral,24,0,14,0.006816,0,NGIQ-BR-00000290,Left Precentral Gyrus,ALIGNED,false
left,NGIQ-BR-00000165,157,PoG_L_4_2,area 1/2/3(tongue and larynx region),PoG,single,SINGLE_SEED_CONTROL,SEED_CONTAINMENT_CONFIRMED,2054,supramarginal,31,0,111,0.054041,0,NGIQ-BR-00000297,Left Supramarginal Gyrus,ALIGNED,false
left,NGIQ-BR-00000165,157,PoG_L_4_2,area 1/2/3(tongue and larynx region),PoG,single,SINGLE_SEED_CONTROL,SEED_CONTAINMENT_CONFIRMED,2054,insula,35,0,58,0.028238,0,NGIQ-BR-00000299,Left Insula,ALIGNED,false
left,NGIQ-BR-00000167,159,PoG_L_4_3,area 2,PoG,single,SINGLE_SEED_CONTROL,SEED_CONTAINMENT_CONFIRMED,2431,postcentral,22,0,2186,0.899218,0,NGIQ-BR-00000288,Left Postcentral Gyrus,ALIGNED,false
left,NGIQ-BR-00000167,159,PoG_L_4_3,area 2,PoG,single,SINGLE_SEED_CONTROL,SEED_CONTAINMENT_CONFIRMED,2431,superiorparietal,29,0,236,0.097079,0,NGIQ-BR-00000295,Left Superior Parietal Lobule,ALIGNED,false
left,NGIQ-BR-00000167,159,PoG_L_4_3,area 2,PoG,single,SINGLE_SEED_CONTROL,SEED_CONTAINMENT_CONFIRMED,2431,supramarginal,31,0,9,0.003702,0,NGIQ-BR-00000297,Left Supramarginal Gyrus,ALIGNED,false
left,NGIQ-BR-00000169,161,PoG_L_4_4,area 1/2/3(trunk region),PoG,single,SINGLE_SEED_CONTROL,SEED_CONTAINMENT_CONFIRMED,2112,paracentral,17,0,35,0.016572,0,NGIQ-BR-00000283,Left Paracentral Lobule,ALIGNED,false
left,NGIQ-BR-00000169,161,PoG_L_4_4,area 1/2/3(trunk region),PoG,single,SINGLE_SEED_CONTROL,SEED_CONTAINMENT_CONFIRMED,2112,postcentral,22,0,2010,0.951705,0,NGIQ-BR-00000288,Left Postcentral Gyrus,ALIGNED,false
left,NGIQ-BR-00000169,161,PoG_L_4_4,area 1/2/3(trunk region),PoG,single,SINGLE_SEED_CONTROL,SEED_CONTAINMENT_CONFIRMED,2112,precentral,24,0,12,0.005682,0,NGIQ-BR-00000290,Left Precentral Gyrus,ALIGNED,false
left,NGIQ-BR-00000169,161,PoG_L_4_4,area 1/2/3(trunk region),PoG,single,SINGLE_SEED_CONTROL,SEED_CONTAINMENT_CONFIRMED,2112,precuneus,25,0,2,0.000947,0,NGIQ-BR-00000291,Left Precuneus,ALIGNED,false
left,NGIQ-BR-00000169,161,PoG_L_4_4,area 1/2/3(trunk region),PoG,single,SINGLE_SEED_CONTROL,SEED_CONTAINMENT_CONFIRMED,2112,superiorparietal,29,0,53,0.025095,0,NGIQ-BR-00000295,Left Superior Parietal Lobule,ALIGNED,false
left,NGIQ-BR-00000013,163,INS_L_6_1,hypergranular insula,INS,single,SINGLE_SEED_CONTROL,SEED_CONTAINMENT_CONFIRMED,1065,superiortemporal,30,0,2,0.001878,0,NGIQ-BR-00000296,Left Superior Temporal Gyrus,ALIGNED,false
left,NGIQ-BR-00000013,163,INS_L_6_1,hypergranular insula,INS,single,SINGLE_SEED_CONTROL,SEED_CONTAINMENT_CONFIRMED,1065,transversetemporal,34,0,35,0.032864,0,NGIQ-BR-00000298,Left Transverse Temporal Gyrus,ALIGNED,false
left,NGIQ-BR-00000013,163,INS_L_6_1,hypergranular insula,INS,single,SINGLE_SEED_CONTROL,SEED_CONTAINMENT_CONFIRMED,1065,insula,35,0,1028,0.965258,0,NGIQ-BR-00000299,Left Insula,ALIGNED,false
left,NGIQ-BR-00000171,165,INS_L_6_2,ventral agranular insula,INS,single,SINGLE_SEED_CONTROL,SEED_CONTAINMENT_CONFIRMED,717,lateralorbitofrontal,12,0,286,0.398884,0,NGIQ-BR-00000278,Left Lateral Orbitofrontal Cortex,ALIGNED,false
left,NGIQ-BR-00000171,165,INS_L_6_2,ventral agranular insula,INS,single,SINGLE_SEED_CONTROL,SEED_CONTAINMENT_CONFIRMED,717,insula,35,0,431,0.601116,0,NGIQ-BR-00000299,Left Insula,ALIGNED,false
left,NGIQ-BR-00000173,167,INS_L_6_3,dorsal agranular insula,INS,single,SINGLE_SEED_CONTROL,SEED_CONTAINMENT_CONFIRMED,727,lateralorbitofrontal,12,0,38,0.05227,0,NGIQ-BR-00000278,Left Lateral Orbitofrontal Cortex,ALIGNED,false
left,NGIQ-BR-00000173,167,INS_L_6_3,dorsal agranular insula,INS,single,SINGLE_SEED_CONTROL,SEED_CONTAINMENT_CONFIRMED,727,parstriangularis,20,0,15,0.020633,0,NGIQ-BR-00000286,"Left Inferior Frontal Gyrus, Pars Triangularis",ALIGNED,false
left,NGIQ-BR-00000173,167,INS_L_6_3,dorsal agranular insula,INS,single,SINGLE_SEED_CONTROL,SEED_CONTAINMENT_CONFIRMED,727,insula,35,0,674,0.927098,0,NGIQ-BR-00000299,Left Insula,ALIGNED,false
left,NGIQ-BR-00000175,169,INS_L_6_4,ventral dysgranular and granular insula,INS,single,SINGLE_SEED_CONTROL,SEED_CONTAINMENT_CONFIRMED,1128,superiortemporal,30,0,58,0.051418,0,NGIQ-BR-00000296,Left Superior Temporal Gyrus,ALIGNED,false
left,NGIQ-BR-00000175,169,INS_L_6_4,ventral dysgranular and granular insula,INS,single,SINGLE_SEED_CONTROL,SEED_CONTAINMENT_CONFIRMED,1128,insula,35,0,1070,0.948582,0,NGIQ-BR-00000299,Left Insula,ALIGNED,false
left,NGIQ-BR-00000177,171,INS_L_6_5,dorsal granular insula,INS,single,SINGLE_SEED_CONTROL,SEED_CONTAINMENT_CONFIRMED,771,insula,35,0,771,1.0,0,NGIQ-BR-00000299,Left Insula,ALIGNED,false
left,NGIQ-BR-00000179,173,INS_L_6_6,dorsal dysgranular insula,INS,single,SINGLE_SEED_CONTROL,SEED_CONTAINMENT_CONFIRMED,1169,parsopercularis,18,0,260,0.222412,0,NGIQ-BR-00000284,"Left Inferior Frontal Gyrus, Pars Opercularis",ALIGNED,false
left,NGIQ-BR-00000179,173,INS_L_6_6,dorsal dysgranular insula,INS,single,SINGLE_SEED_CONTROL,SEED_CONTAINMENT_CONFIRMED,1169,precentral,24,0,49,0.041916,0,NGIQ-BR-00000290,Left Precentral Gyrus,ALIGNED,false
left,NGIQ-BR-00000179,173,INS_L_6_6,dorsal dysgranular insula,INS,single,SINGLE_SEED_CONTROL,SEED_CONTAINMENT_CONFIRMED,1169,insula,35,0,860,0.735672,0,NGIQ-BR-00000299,Left Insula,ALIGNED,false
left,NGIQ-BR-00000181,175,CG_L_7_1,dorsal area 23,CG,composite,COMPOSITE_SEED_PENDING,PENDING_HUMAN_REVIEW,1209,isthmuscingulate,10,0,736,0.608768,0,NGIQ-BR-00000276,Left Isthmus Of Cingulate Gyrus,ALIGNED,false
left,NGIQ-BR-00000181,175,CG_L_7_1,dorsal area 23,CG,composite,COMPOSITE_SEED_PENDING,PENDING_HUMAN_REVIEW,1209,posteriorcingulate,23,0,458,0.378825,0,NGIQ-BR-00000289,Left Posterior Cingulate Cortex,ALIGNED,false
left,NGIQ-BR-00000181,175,CG_L_7_1,dorsal area 23,CG,composite,COMPOSITE_SEED_PENDING,PENDING_HUMAN_REVIEW,1209,precuneus,25,0,15,0.012407,0,NGIQ-BR-00000291,Left Precuneus,ALIGNED,false
left,NGIQ-BR-00000183,177,CG_L_7_2,rostroventral area 24,CG,composite,COMPOSITE_SEED_PENDING,PENDING_HUMAN_REVIEW,1102,caudalanteriorcingulate,2,0,633,0.57441,0,NGIQ-BR-00000269,Left Caudal Anterior Cingulate Cortex,ALIGNED,false
left,NGIQ-BR-00000183,177,CG_L_7_2,rostroventral area 24,CG,composite,COMPOSITE_SEED_PENDING,PENDING_HUMAN_REVIEW,1102,posteriorcingulate,23,0,411,0.372958,0,NGIQ-BR-00000289,Left Posterior Cingulate Cortex,ALIGNED,false
left,NGIQ-BR-00000183,177,CG_L_7_2,rostroventral area 24,CG,composite,COMPOSITE_SEED_PENDING,PENDING_HUMAN_REVIEW,1102,rostralanteriorcingulate,26,0,58,0.052632,0,NGIQ-BR-00000292,Left Rostral Anterior Cingulate Cortex,ALIGNED,false
left,NGIQ-BR-00000185,179,CG_L_7_3,pregenual area 32,CG,composite,COMPOSITE_SEED_PENDING,PENDING_HUMAN_REVIEW,877,caudalanteriorcingulate,2,0,296,0.337514,0,NGIQ-BR-00000269,Left Caudal Anterior Cingulate Cortex,ALIGNED,false
left,NGIQ-BR-00000185,179,CG_L_7_3,pregenual area 32,CG,composite,COMPOSITE_SEED_PENDING,PENDING_HUMAN_REVIEW,877,rostralanteriorcingulate,26,0,228,0.259977,0,NGIQ-BR-00000292,Left Rostral Anterior Cingulate Cortex,ALIGNED,false
left,NGIQ-BR-00000185,179,CG_L_7_3,pregenual area 32,CG,composite,COMPOSITE_SEED_PENDING,PENDING_HUMAN_REVIEW,877,superiorfrontal,28,0,353,0.402509,0,NGIQ-BR-00000294,Left Superior Frontal Gyrus,ALIGNED,false
left,NGIQ-BR-00000187,181,CG_L_7_4,ventral area 23,CG,composite,COMPOSITE_SEED_PENDING,PENDING_HUMAN_REVIEW,1819,isthmuscingulate,10,0,1567,0.861462,0,NGIQ-BR-00000276,Left Isthmus Of Cingulate Gyrus,ALIGNED,false
left,NGIQ-BR-00000187,181,CG_L_7_4,ventral area 23,CG,composite,COMPOSITE_SEED_PENDING,PENDING_HUMAN_REVIEW,1819,lingual,13,0,5,0.002749,0,NGIQ-BR-00000279,Left Lingual Gyrus,ALIGNED,false
left,NGIQ-BR-00000187,181,CG_L_7_4,ventral area 23,CG,composite,COMPOSITE_SEED_PENDING,PENDING_HUMAN_REVIEW,1819,parahippocampal,16,0,21,0.011545,0,NGIQ-BR-00000282,Left Parahippocampal Gyrus,ALIGNED,false
left,NGIQ-BR-00000187,181,CG_L_7_4,ventral area 23,CG,composite,COMPOSITE_SEED_PENDING,PENDING_HUMAN_REVIEW,1819,posteriorcingulate,23,0,169,0.092908,0,NGIQ-BR-00000289,Left Posterior Cingulate Cortex,ALIGNED,false
left,NGIQ-BR-00000187,181,CG_L_7_4,ventral area 23,CG,composite,COMPOSITE_SEED_PENDING,PENDING_HUMAN_REVIEW,1819,precuneus,25,0,57,0.031336,0,NGIQ-BR-00000291,Left Precuneus,ALIGNED,false
left,NGIQ-BR-00000189,183,CG_L_7_5,caudodorsal area 24,CG,composite,COMPOSITE_SEED_PENDING,PENDING_HUMAN_REVIEW,1081,caudalanteriorcingulate,2,0,491,0.454209,0,NGIQ-BR-00000269,Left Caudal Anterior Cingulate Cortex,ALIGNED,false
left,NGIQ-BR-00000189,183,CG_L_7_5,caudodorsal area 24,CG,composite,COMPOSITE_SEED_PENDING,PENDING_HUMAN_REVIEW,1081,posteriorcingulate,23,0,320,0.296022,0,NGIQ-BR-00000289,Left Posterior Cingulate Cortex,ALIGNED,false
left,NGIQ-BR-00000189,183,CG_L_7_5,caudodorsal area 24,CG,composite,COMPOSITE_SEED_PENDING,PENDING_HUMAN_REVIEW,1081,superiorfrontal,28,0,270,0.249769,0,NGIQ-BR-00000294,Left Superior Frontal Gyrus,ALIGNED,false
left,NGIQ-BR-00000191,185,CG_L_7_6,caudal area 24,CG,composite,COMPOSITE_SEED_PENDING,PENDING_HUMAN_REVIEW,2256,paracentral,17,0,486,0.215426,0,NGIQ-BR-00000283,Left Paracentral Lobule,ALIGNED,false
left,NGIQ-BR-00000191,185,CG_L_7_6,caudal area 24,CG,composite,COMPOSITE_SEED_PENDING,PENDING_HUMAN_REVIEW,2256,posteriorcingulate,23,0,1584,0.702128,0,NGIQ-BR-00000289,Left Posterior Cingulate Cortex,ALIGNED,false
left,NGIQ-BR-00000191,185,CG_L_7_6,caudal area 24,CG,composite,COMPOSITE_SEED_PENDING,PENDING_HUMAN_REVIEW,2256,precuneus,25,0,63,0.027926,0,NGIQ-BR-00000291,Left Precuneus,ALIGNED,false
left,NGIQ-BR-00000191,185,CG_L_7_6,caudal area 24,CG,composite,COMPOSITE_SEED_PENDING,PENDING_HUMAN_REVIEW,2256,superiorfrontal,28,0,123,0.054521,0,NGIQ-BR-00000294,Left Superior Frontal Gyrus,ALIGNED,false
left,NGIQ-BR-00000193,187,CG_L_7_7,subgenual area 32,CG,composite,COMPOSITE_SEED_PENDING,PENDING_HUMAN_REVIEW,1074,medialorbitofrontal,14,0,42,0.039106,0,NGIQ-BR-00000280,Left Medial Orbitofrontal Cortex,ALIGNED,false
left,NGIQ-BR-00000193,187,CG_L_7_7,subgenual area 32,CG,composite,COMPOSITE_SEED_PENDING,PENDING_HUMAN_REVIEW,1074,rostralanteriorcingulate,26,0,1006,0.936685,0,NGIQ-BR-00000292,Left Rostral Anterior Cingulate Cortex,ALIGNED,false
left,NGIQ-BR-00000193,187,CG_L_7_7,subgenual area 32,CG,composite,COMPOSITE_SEED_PENDING,PENDING_HUMAN_REVIEW,1074,superiorfrontal,28,0,26,0.024209,0,NGIQ-BR-00000294,Left Superior Frontal Gyrus,ALIGNED,false
left,NGIQ-BR-00000015,189,MVOcC_L_5_1,caudal lingual gyrus,MVOcC,composite,HUMAN_AUTHORITY_APPROVED_CANDIDATE,HUMAN_AUTHORITY_APPROVED_CANDIDATE,642,lateraloccipital,11,0,12,0.018692,0,NGIQ-BR-00000277,Left Lateral Occipital Cortex,ALIGNED,false
left,NGIQ-BR-00000015,189,MVOcC_L_5_1,caudal lingual gyrus,MVOcC,composite,HUMAN_AUTHORITY_APPROVED_CANDIDATE,HUMAN_AUTHORITY_APPROVED_CANDIDATE,642,lingual,13,0,630,0.981308,0,NGIQ-BR-00000279,Left Lingual Gyrus,ALIGNED,false
left,NGIQ-BR-00000195,191,MVOcC_L_5_2,rostral cuneus gyrus,MVOcC,composite,HUMAN_AUTHORITY_APPROVED_CANDIDATE,HUMAN_AUTHORITY_APPROVED_CANDIDATE,1477,cuneus,5,0,429,0.290454,0,NGIQ-BR-00000271,Left Cuneus,ALIGNED,false
left,NGIQ-BR-00000195,191,MVOcC_L_5_2,rostral cuneus gyrus,MVOcC,composite,HUMAN_AUTHORITY_APPROVED_CANDIDATE,HUMAN_AUTHORITY_APPROVED_CANDIDATE,1477,lingual,13,0,434,0.293839,0,NGIQ-BR-00000279,Left Lingual Gyrus,ALIGNED,false
left,NGIQ-BR-00000195,191,MVOcC_L_5_2,rostral cuneus gyrus,MVOcC,composite,HUMAN_AUTHORITY_APPROVED_CANDIDATE,HUMAN_AUTHORITY_APPROVED_CANDIDATE,1477,pericalcarine,21,0,614,0.415708,0,NGIQ-BR-00000287,Left Pericalcarine Cortex,ALIGNED,false
left,NGIQ-BR-00000197,193,MVOcC_L_5_3,caudal cuneus gyrus,MVOcC,composite,HUMAN_AUTHORITY_APPROVED_CANDIDATE,HUMAN_AUTHORITY_APPROVED_CANDIDATE,1063,cuneus,5,0,298,0.280339,0,NGIQ-BR-00000271,Left Cuneus,ALIGNED,false
left,NGIQ-BR-00000197,193,MVOcC_L_5_3,caudal cuneus gyrus,MVOcC,composite,HUMAN_AUTHORITY_APPROVED_CANDIDATE,HUMAN_AUTHORITY_APPROVED_CANDIDATE,1063,lateraloccipital,11,0,31,0.029163,0,NGIQ-BR-00000277,Left Lateral Occipital Cortex,ALIGNED,false
left,NGIQ-BR-00000197,193,MVOcC_L_5_3,caudal cuneus gyrus,MVOcC,composite,HUMAN_AUTHORITY_APPROVED_CANDIDATE,HUMAN_AUTHORITY_APPROVED_CANDIDATE,1063,lingual,13,0,222,0.208843,0,NGIQ-BR-00000279,Left Lingual Gyrus,ALIGNED,false
left,NGIQ-BR-00000197,193,MVOcC_L_5_3,caudal cuneus gyrus,MVOcC,composite,HUMAN_AUTHORITY_APPROVED_CANDIDATE,HUMAN_AUTHORITY_APPROVED_CANDIDATE,1063,pericalcarine,21,0,508,0.477893,0,NGIQ-BR-00000287,Left Pericalcarine Cortex,ALIGNED,false
left,NGIQ-BR-00000197,193,MVOcC_L_5_3,caudal cuneus gyrus,MVOcC,composite,HUMAN_AUTHORITY_APPROVED_CANDIDATE,HUMAN_AUTHORITY_APPROVED_CANDIDATE,1063,superiorparietal,29,0,4,0.003763,0,NGIQ-BR-00000295,Left Superior Parietal Lobule,ALIGNED,false
left,NGIQ-BR-00000199,195,MVOcC_L_5_4,rostral lingual gyrus,MVOcC,composite,HUMAN_AUTHORITY_APPROVED_CANDIDATE,HUMAN_AUTHORITY_APPROVED_CANDIDATE,1753,fusiform,7,0,18,0.010268,0,NGIQ-BR-00000273,Left Fusiform Gyrus,ALIGNED,false
left,NGIQ-BR-00000199,195,MVOcC_L_5_4,rostral lingual gyrus,MVOcC,composite,HUMAN_AUTHORITY_APPROVED_CANDIDATE,HUMAN_AUTHORITY_APPROVED_CANDIDATE,1753,lingual,13,0,1717,0.979464,0,NGIQ-BR-00000279,Left Lingual Gyrus,ALIGNED,false
left,NGIQ-BR-00000199,195,MVOcC_L_5_4,rostral lingual gyrus,MVOcC,composite,HUMAN_AUTHORITY_APPROVED_CANDIDATE,HUMAN_AUTHORITY_APPROVED_CANDIDATE,1753,parahippocampal,16,0,18,0.010268,0,NGIQ-BR-00000282,Left Parahippocampal Gyrus,ALIGNED,false
left,NGIQ-BR-00000201,197,MVOcC_L_5_5,ventromedial parietooccipital sulcus,MVOcC,composite,COMPOSITE_SEED_PENDING,NO_G1_ROLLUP,2892,cuneus,5,0,769,0.265906,0,NGIQ-BR-00000271,Left Cuneus,ALIGNED,false
left,NGIQ-BR-00000201,197,MVOcC_L_5_5,ventromedial parietooccipital sulcus,MVOcC,composite,COMPOSITE_SEED_PENDING,NO_G1_ROLLUP,2892,isthmuscingulate,10,0,43,0.014869,0,NGIQ-BR-00000276,Left Isthmus Of Cingulate Gyrus,ALIGNED,false
left,NGIQ-BR-00000201,197,MVOcC_L_5_5,ventromedial parietooccipital sulcus,MVOcC,composite,COMPOSITE_SEED_PENDING,NO_G1_ROLLUP,2892,lingual,13,0,1098,0.379668,0,NGIQ-BR-00000279,Left Lingual Gyrus,ALIGNED,false
left,NGIQ-BR-00000201,197,MVOcC_L_5_5,ventromedial parietooccipital sulcus,MVOcC,composite,COMPOSITE_SEED_PENDING,NO_G1_ROLLUP,2892,pericalcarine,21,0,760,0.262794,0,NGIQ-BR-00000287,Left Pericalcarine Cortex,ALIGNED,false
left,NGIQ-BR-00000201,197,MVOcC_L_5_5,ventromedial parietooccipital sulcus,MVOcC,composite,COMPOSITE_SEED_PENDING,NO_G1_ROLLUP,2892,precuneus,25,0,222,0.076763,0,NGIQ-BR-00000291,Left Precuneus,ALIGNED,false
left,NGIQ-BR-00000203,199,LOcC_L_4_1,middle occipital gyrus,LOcC,single,SINGLE_SEED_CONTROL,SEED_CONTAINMENT_CONFIRMED,1532,inferiorparietal,8,0,132,0.086162,0,NGIQ-BR-00000274,Left Inferior Parietal Lobule,ALIGNED,false
left,NGIQ-BR-00000203,199,LOcC_L_4_1,middle occipital gyrus,LOcC,single,SINGLE_SEED_CONTROL,SEED_CONTAINMENT_CONFIRMED,1532,lateraloccipital,11,0,1391,0.907963,0,NGIQ-BR-00000277,Left Lateral Occipital Cortex,ALIGNED,false
left,NGIQ-BR-00000203,199,LOcC_L_4_1,middle occipital gyrus,LOcC,single,SINGLE_SEED_CONTROL,SEED_CONTAINMENT_CONFIRMED,1532,superiorparietal,29,0,9,0.005875,0,NGIQ-BR-00000295,Left Superior Parietal Lobule,ALIGNED,false
left,NGIQ-BR-00000205,201,LOcC_L_4_2,area V5/MT+,LOcC,single,SINGLE_SEED_CONTROL,SEED_CONTAINMENT_CONFIRMED,1697,fusiform,7,0,5,0.002946,0,NGIQ-BR-00000273,Left Fusiform Gyrus,ALIGNED,false
left,NGIQ-BR-00000205,201,LOcC_L_4_2,area V5/MT+,LOcC,single,SINGLE_SEED_CONTROL,SEED_CONTAINMENT_CONFIRMED,1697,inferiorparietal,8,0,164,0.096641,0,NGIQ-BR-00000274,Left Inferior Parietal Lobule,ALIGNED,false
left,NGIQ-BR-00000205,201,LOcC_L_4_2,area V5/MT+,LOcC,single,SINGLE_SEED_CONTROL,SEED_CONTAINMENT_CONFIRMED,1697,inferiortemporal,9,0,128,0.075427,0,NGIQ-BR-00000275,Left Inferior Temporal Gyrus,ALIGNED,false
left,NGIQ-BR-00000205,201,LOcC_L_4_2,area V5/MT+,LOcC,single,SINGLE_SEED_CONTROL,SEED_CONTAINMENT_CONFIRMED,1697,lateraloccipital,11,0,1307,0.770183,0,NGIQ-BR-00000277,Left Lateral Occipital Cortex,ALIGNED,false
left,NGIQ-BR-00000205,201,LOcC_L_4_2,area V5/MT+,LOcC,single,SINGLE_SEED_CONTROL,SEED_CONTAINMENT_CONFIRMED,1697,middletemporal,15,0,93,0.054803,0,NGIQ-BR-00000281,Left Middle Temporal Gyrus,ALIGNED,false
left,NGIQ-BR-00000207,203,LOcC_L_4_3,occipital polar cortex,LOcC,single,SINGLE_SEED_CONTROL,SEED_CONTAINMENT_CONFIRMED,1848,cuneus,5,0,13,0.007035,0,NGIQ-BR-00000271,Left Cuneus,ALIGNED,false
left,NGIQ-BR-00000207,203,LOcC_L_4_3,occipital polar cortex,LOcC,single,SINGLE_SEED_CONTROL,SEED_CONTAINMENT_CONFIRMED,1848,lateraloccipital,11,0,1783,0.964827,0,NGIQ-BR-00000277,Left Lateral Occipital Cortex,ALIGNED,false
left,NGIQ-BR-00000207,203,LOcC_L_4_3,occipital polar cortex,LOcC,single,SINGLE_SEED_CONTROL,SEED_CONTAINMENT_CONFIRMED,1848,lingual,13,0,11,0.005952,0,NGIQ-BR-00000279,Left Lingual Gyrus,ALIGNED,false
left,NGIQ-BR-00000207,203,LOcC_L_4_3,occipital polar cortex,LOcC,single,SINGLE_SEED_CONTROL,SEED_CONTAINMENT_CONFIRMED,1848,pericalcarine,21,0,30,0.016234,0,NGIQ-BR-00000287,Left Pericalcarine Cortex,ALIGNED,false
left,NGIQ-BR-00000207,203,LOcC_L_4_3,occipital polar cortex,LOcC,single,SINGLE_SEED_CONTROL,SEED_CONTAINMENT_CONFIRMED,1848,superiorparietal,29,0,11,0.005952,0,NGIQ-BR-00000295,Left Superior Parietal Lobule,ALIGNED,false
left,NGIQ-BR-00000209,205,LOcC_L_4_4,inferior occipital gyrus,LOcC,single,SINGLE_SEED_CONTROL,SEED_CONTAINMENT_CONFIRMED,1799,fusiform,7,0,69,0.038355,0,NGIQ-BR-00000273,Left Fusiform Gyrus,ALIGNED,false
left,NGIQ-BR-00000209,205,LOcC_L_4_4,inferior occipital gyrus,LOcC,single,SINGLE_SEED_CONTROL,SEED_CONTAINMENT_CONFIRMED,1799,lateraloccipital,11,0,1701,0.945525,0,NGIQ-BR-00000277,Left Lateral Occipital Cortex,ALIGNED,false
left,NGIQ-BR-00000209,205,LOcC_L_4_4,inferior occipital gyrus,LOcC,single,SINGLE_SEED_CONTROL,SEED_CONTAINMENT_CONFIRMED,1799,lingual,13,0,29,0.01612,0,NGIQ-BR-00000279,Left Lingual Gyrus,ALIGNED,false
left,NGIQ-BR-00000211,207,LOcC_L_2_1,medial superior occipital gyrus,LOcC,single,SINGLE_SEED_CONTROL,SEED_CONTAINMENT_CONFIRMED,1039,cuneus,5,0,83,0.079885,0,NGIQ-BR-00000271,Left Cuneus,ALIGNED,false
left,NGIQ-BR-00000211,207,LOcC_L_2_1,medial superior occipital gyrus,LOcC,single,SINGLE_SEED_CONTROL,SEED_CONTAINMENT_CONFIRMED,1039,lateraloccipital,11,0,79,0.076035,0,NGIQ-BR-00000277,Left Lateral Occipital Cortex,ALIGNED,false
left,NGIQ-BR-00000211,207,LOcC_L_2_1,medial superior occipital gyrus,LOcC,single,SINGLE_SEED_CONTROL,SEED_CONTAINMENT_CONFIRMED,1039,superiorparietal,29,0,877,0.844081,0,NGIQ-BR-00000295,Left Superior Parietal Lobule,ALIGNED,false
left,NGIQ-BR-00000213,209,LOcC_L_2_2,lateral superior occipital gyrus,LOcC,single,SINGLE_SEED_CONTROL,SEED_CONTAINMENT_CONFIRMED,1702,inferiorparietal,8,0,15,0.008813,0,NGIQ-BR-00000274,Left Inferior Parietal Lobule,ALIGNED,false
left,NGIQ-BR-00000213,209,LOcC_L_2_2,lateral superior occipital gyrus,LOcC,single,SINGLE_SEED_CONTROL,SEED_CONTAINMENT_CONFIRMED,1702,superiorparietal,29,0,1687,0.991187,0,NGIQ-BR-00000295,Left Superior Parietal Lobule,ALIGNED,false
right,NGIQ-BR-00000002,2,SFG_R_7_1,medial area 8,SFG,single,SINGLE_SEED_CONTROL,SEED_CONTAINMENT_CONFIRMED,1854,superiorfrontal,28,0,1854,1.0,0,NGIQ-BR-00000325,Right Superior Frontal Gyrus,ALIGNED,false
right,NGIQ-BR-00000022,4,SFG_R_7_2,dorsolateral area 8,SFG,single,SINGLE_SEED_CONTROL,SEED_CONTAINMENT_CONFIRMED,1412,caudalmiddlefrontal,3,0,23,0.016289,0,NGIQ-BR-00000301,Right Caudal Middle Frontal Gyrus,ALIGNED,false
right,NGIQ-BR-00000022,4,SFG_R_7_2,dorsolateral area 8,SFG,single,SINGLE_SEED_CONTROL,SEED_CONTAINMENT_CONFIRMED,1412,superiorfrontal,28,0,1389,0.983711,0,NGIQ-BR-00000325,Right Superior Frontal Gyrus,ALIGNED,false
right,NGIQ-BR-00000024,6,SFG_R_7_3,lateral area 9,SFG,single,SINGLE_SEED_CONTROL,SEED_CONTAINMENT_CONFIRMED,1517,rostralmiddlefrontal,27,0,45,0.029664,0,NGIQ-BR-00000324,Right Rostral Middle Frontal Cortex,ALIGNED,false
right,NGIQ-BR-00000024,6,SFG_R_7_3,lateral area 9,SFG,single,SINGLE_SEED_CONTROL,SEED_CONTAINMENT_CONFIRMED,1517,superiorfrontal,28,0,1472,0.970336,0,NGIQ-BR-00000325,Right Superior Frontal Gyrus,ALIGNED,false
right,NGIQ-BR-00000026,8,SFG_R_7_4,dorsolateral area 6,SFG,single,SINGLE_SEED_CONTROL,SEED_CONTAINMENT_CONFIRMED,1530,caudalmiddlefrontal,3,0,3,0.001961,0,NGIQ-BR-00000301,Right Caudal Middle Frontal Gyrus,ALIGNED,false
right,NGIQ-BR-00000026,8,SFG_R_7_4,dorsolateral area 6,SFG,single,SINGLE_SEED_CONTROL,SEED_CONTAINMENT_CONFIRMED,1530,precentral,24,0,4,0.002614,0,NGIQ-BR-00000321,Right Precentral Gyrus,ALIGNED,false
right,NGIQ-BR-00000026,8,SFG_R_7_4,dorsolateral area 6,SFG,single,SINGLE_SEED_CONTROL,SEED_CONTAINMENT_CONFIRMED,1530,superiorfrontal,28,0,1523,0.995425,0,NGIQ-BR-00000325,Right Superior Frontal Gyrus,ALIGNED,false
right,NGIQ-BR-00000028,10,SFG_R_7_5,medial area 6,SFG,single,SINGLE_SEED_CONTROL,SEED_CONTAINMENT_CONFIRMED,1638,paracentral,17,0,85,0.051893,0,NGIQ-BR-00000314,Right Paracentral Lobule,ALIGNED,false
right,NGIQ-BR-00000028,10,SFG_R_7_5,medial area 6,SFG,single,SINGLE_SEED_CONTROL,SEED_CONTAINMENT_CONFIRMED,1638,posteriorcingulate,23,0,18,0.010989,0,NGIQ-BR-00000320,Right Posterior Cingulate Cortex,ALIGNED,false
right,NGIQ-BR-00000028,10,SFG_R_7_5,medial area 6,SFG,single,SINGLE_SEED_CONTROL,SEED_CONTAINMENT_CONFIRMED,1638,superiorfrontal,28,0,1535,0.937118,0,NGIQ-BR-00000325,Right Superior Frontal Gyrus,ALIGNED,false
right,NGIQ-BR-00000030,12,SFG_R_7_6,medial area 9,SFG,single,SINGLE_SEED_CONTROL,SEED_CONTAINMENT_CONFIRMED,1795,superiorfrontal,28,0,1795,1.0,0,NGIQ-BR-00000325,Right Superior Frontal Gyrus,ALIGNED,false
right,NGIQ-BR-00000032,14,SFG_R_7_7,medial area 10,SFG,single,SINGLE_SEED_CONTROL,SEED_CONTAINMENT_CONFIRMED,1506,rostralmiddlefrontal,27,0,6,0.003984,0,NGIQ-BR-00000324,Right Rostral Middle Frontal Cortex,ALIGNED,false
right,NGIQ-BR-00000032,14,SFG_R_7_7,medial area 10,SFG,single,SINGLE_SEED_CONTROL,SEED_CONTAINMENT_CONFIRMED,1506,superiorfrontal,28,0,1500,0.996016,0,NGIQ-BR-00000325,Right Superior Frontal Gyrus,ALIGNED,false
right,NGIQ-BR-00000034,16,MFG_R_7_1,dorsal area 9/46,MFG,composite,COMPOSITE_SEED_PENDING,PENDING_HUMAN_REVIEW,1946,caudalmiddlefrontal,3,0,256,0.131552,0,NGIQ-BR-00000301,Right Caudal Middle Frontal Gyrus,ALIGNED,false
right,NGIQ-BR-00000034,16,MFG_R_7_1,dorsal area 9/46,MFG,composite,COMPOSITE_SEED_PENDING,PENDING_HUMAN_REVIEW,1946,rostralmiddlefrontal,27,0,1596,0.820144,0,NGIQ-BR-00000324,Right Rostral Middle Frontal Cortex,ALIGNED,false
right,NGIQ-BR-00000034,16,MFG_R_7_1,dorsal area 9/46,MFG,composite,COMPOSITE_SEED_PENDING,PENDING_HUMAN_REVIEW,1946,superiorfrontal,28,0,94,0.048304,0,NGIQ-BR-00000325,Right Superior Frontal Gyrus,ALIGNED,false
right,NGIQ-BR-00000036,18,MFG_R_7_2,inferior frontal junction,MFG,composite,COMPOSITE_SEED_PENDING,PENDING_HUMAN_REVIEW,1435,caudalmiddlefrontal,3,0,1353,0.942857,0,NGIQ-BR-00000301,Right Caudal Middle Frontal Gyrus,ALIGNED,false
right,NGIQ-BR-00000036,18,MFG_R_7_2,inferior frontal junction,MFG,composite,COMPOSITE_SEED_PENDING,PENDING_HUMAN_REVIEW,1435,precentral,24,0,20,0.013937,0,NGIQ-BR-00000321,Right Precentral Gyrus,ALIGNED,false
right,NGIQ-BR-00000036,18,MFG_R_7_2,inferior frontal junction,MFG,composite,COMPOSITE_SEED_PENDING,PENDING_HUMAN_REVIEW,1435,rostralmiddlefrontal,27,0,62,0.043206,0,NGIQ-BR-00000324,Right Rostral Middle Frontal Cortex,ALIGNED,false
right,NGIQ-BR-00000038,20,MFG_R_7_3,area 46,MFG,composite,COMPOSITE_SEED_PENDING,PENDING_HUMAN_REVIEW,1609,rostralmiddlefrontal,27,0,1609,1.0,0,NGIQ-BR-00000324,Right Rostral Middle Frontal Cortex,ALIGNED,false
right,NGIQ-BR-00000040,22,MFG_R_7_4,ventral area 9/46,MFG,composite,COMPOSITE_SEED_PENDING,PENDING_HUMAN_REVIEW,1838,parsopercularis,18,0,22,0.01197,0,NGIQ-BR-00000315,"Right Inferior Frontal Gyrus, Pars Opercularis",ALIGNED,false
right,NGIQ-BR-00000040,22,MFG_R_7_4,ventral area 9/46,MFG,composite,COMPOSITE_SEED_PENDING,PENDING_HUMAN_REVIEW,1838,parstriangularis,20,0,23,0.012514,0,NGIQ-BR-00000317,"Right Inferior Frontal Gyrus, Pars Triangularis",ALIGNED,false
right,NGIQ-BR-00000040,22,MFG_R_7_4,ventral area 9/46,MFG,composite,COMPOSITE_SEED_PENDING,PENDING_HUMAN_REVIEW,1838,rostralmiddlefrontal,27,0,1793,0.975517,0,NGIQ-BR-00000324,Right Rostral Middle Frontal Cortex,ALIGNED,false
right,NGIQ-BR-00000042,24,MFG_R_7_5,ventrolateral area 8,MFG,composite,COMPOSITE_SEED_PENDING,PENDING_HUMAN_REVIEW,1347,caudalmiddlefrontal,3,0,488,0.362287,0,NGIQ-BR-00000301,Right Caudal Middle Frontal Gyrus,ALIGNED,false
right,NGIQ-BR-00000042,24,MFG_R_7_5,ventrolateral area 8,MFG,composite,COMPOSITE_SEED_PENDING,PENDING_HUMAN_REVIEW,1347,rostralmiddlefrontal,27,0,859,0.637713,0,NGIQ-BR-00000324,Right Rostral Middle Frontal Cortex,ALIGNED,false
right,NGIQ-BR-00000044,26,MFG_R_7_6,ventrolateral area 6,MFG,composite,COMPOSITE_SEED_PENDING,PENDING_HUMAN_REVIEW,1206,caudalmiddlefrontal,3,0,1156,0.958541,0,NGIQ-BR-00000301,Right Caudal Middle Frontal Gyrus,ALIGNED,false
right,NGIQ-BR-00000044,26,MFG_R_7_6,ventrolateral area 6,MFG,composite,COMPOSITE_SEED_PENDING,PENDING_HUMAN_REVIEW,1206,precentral,24,0,1,0.000829,0,NGIQ-BR-00000321,Right Precentral Gyrus,ALIGNED,false
right,NGIQ-BR-00000044,26,MFG_R_7_6,ventrolateral area 6,MFG,composite,COMPOSITE_SEED_PENDING,PENDING_HUMAN_REVIEW,1206,superiorfrontal,28,0,49,0.04063,0,NGIQ-BR-00000325,Right Superior Frontal Gyrus,ALIGNED,false
right,NGIQ-BR-00000046,28,MFG_R_7_7,lateral area 10,MFG,composite,COMPOSITE_SEED_PENDING,PENDING_HUMAN_REVIEW,1571,lateralorbitofrontal,12,0,30,0.019096,0,NGIQ-BR-00000309,Right Lateral Orbitofrontal Cortex,ALIGNED,false
right,NGIQ-BR-00000046,28,MFG_R_7_7,lateral area 10,MFG,composite,COMPOSITE_SEED_PENDING,PENDING_HUMAN_REVIEW,1571,parsorbitalis,19,0,45,0.028644,0,NGIQ-BR-00000316,"Right Inferior Frontal Gyrus, Pars Orbitalis",ALIGNED,false
right,NGIQ-BR-00000046,28,MFG_R_7_7,lateral area 10,MFG,composite,COMPOSITE_SEED_PENDING,PENDING_HUMAN_REVIEW,1571,rostralmiddlefrontal,27,0,1470,0.93571,0,NGIQ-BR-00000324,Right Rostral Middle Frontal Cortex,ALIGNED,false
right,NGIQ-BR-00000046,28,MFG_R_7_7,lateral area 10,MFG,composite,COMPOSITE_SEED_PENDING,PENDING_HUMAN_REVIEW,1571,superiorfrontal,28,0,26,0.01655,0,NGIQ-BR-00000325,Right Superior Frontal Gyrus,ALIGNED,false
right,NGIQ-BR-00000004,30,IFG_R_6_1,dorsal area 44,IFG,composite,COMPOSITE_SEED_PENDING,PENDING_HUMAN_REVIEW,1102,caudalmiddlefrontal,3,0,37,0.033575,0,NGIQ-BR-00000301,Right Caudal Middle Frontal Gyrus,ALIGNED,false
right,NGIQ-BR-00000004,30,IFG_R_6_1,dorsal area 44,IFG,composite,COMPOSITE_SEED_PENDING,PENDING_HUMAN_REVIEW,1102,parsopercularis,18,0,797,0.72323,0,NGIQ-BR-00000315,"Right Inferior Frontal Gyrus, Pars Opercularis",ALIGNED,false
right,NGIQ-BR-00000004,30,IFG_R_6_1,dorsal area 44,IFG,composite,COMPOSITE_SEED_PENDING,PENDING_HUMAN_REVIEW,1102,precentral,24,0,2,0.001815,0,NGIQ-BR-00000321,Right Precentral Gyrus,ALIGNED,false
right,NGIQ-BR-00000004,30,IFG_R_6_1,dorsal area 44,IFG,composite,COMPOSITE_SEED_PENDING,PENDING_HUMAN_REVIEW,1102,rostralmiddlefrontal,27,0,266,0.241379,0,NGIQ-BR-00000324,Right Rostral Middle Frontal Cortex,ALIGNED,false
right,NGIQ-BR-00000048,32,IFG_R_6_2,inferior frontal sulcus,IFG,composite,COMPOSITE_SEED_PENDING,NO_G1_ROLLUP,592,parsopercularis,18,0,64,0.108108,0,NGIQ-BR-00000315,"Right Inferior Frontal Gyrus, Pars Opercularis",ALIGNED,false
right,NGIQ-BR-00000048,32,IFG_R_6_2,inferior frontal sulcus,IFG,composite,COMPOSITE_SEED_PENDING,NO_G1_ROLLUP,592,parstriangularis,20,0,430,0.726351,0,NGIQ-BR-00000317,"Right Inferior Frontal Gyrus, Pars Triangularis",ALIGNED,false
right,NGIQ-BR-00000048,32,IFG_R_6_2,inferior frontal sulcus,IFG,composite,COMPOSITE_SEED_PENDING,NO_G1_ROLLUP,592,rostralmiddlefrontal,27,0,98,0.165541,0,NGIQ-BR-00000324,Right Rostral Middle Frontal Cortex,ALIGNED,false
right,NGIQ-BR-00000050,34,IFG_R_6_3,caudal area 45,IFG,composite,COMPOSITE_SEED_PENDING,PENDING_HUMAN_REVIEW,542,parsopercularis,18,0,280,0.516605,0,NGIQ-BR-00000315,"Right Inferior Frontal Gyrus, Pars Opercularis",ALIGNED,false
right,NGIQ-BR-00000050,34,IFG_R_6_3,caudal area 45,IFG,composite,COMPOSITE_SEED_PENDING,PENDING_HUMAN_REVIEW,542,parstriangularis,20,0,262,0.483395,0,NGIQ-BR-00000317,"Right Inferior Frontal Gyrus, Pars Triangularis",ALIGNED,false
right,NGIQ-BR-00000052,36,IFG_R_6_4,rostral area 45,IFG,composite,COMPOSITE_SEED_PENDING,PENDING_HUMAN_REVIEW,685,parstriangularis,20,0,685,1.0,0,NGIQ-BR-00000317,"Right Inferior Frontal Gyrus, Pars Triangularis",ALIGNED,false
right,NGIQ-BR-00000054,38,IFG_R_6_5,opercular area 44,IFG,composite,COMPOSITE_SEED_PENDING,PENDING_HUMAN_REVIEW,1650,lateralorbitofrontal,12,0,25,0.015152,0,NGIQ-BR-00000309,Right Lateral Orbitofrontal Cortex,ALIGNED,false
right,NGIQ-BR-00000054,38,IFG_R_6_5,opercular area 44,IFG,composite,COMPOSITE_SEED_PENDING,PENDING_HUMAN_REVIEW,1650,parsopercularis,18,0,722,0.437576,0,NGIQ-BR-00000315,"Right Inferior Frontal Gyrus, Pars Opercularis",ALIGNED,false
right,NGIQ-BR-00000054,38,IFG_R_6_5,opercular area 44,IFG,composite,COMPOSITE_SEED_PENDING,PENDING_HUMAN_REVIEW,1650,parsorbitalis,19,0,6,0.003636,0,NGIQ-BR-00000316,"Right Inferior Frontal Gyrus, Pars Orbitalis",ALIGNED,false
right,NGIQ-BR-00000054,38,IFG_R_6_5,opercular area 44,IFG,composite,COMPOSITE_SEED_PENDING,PENDING_HUMAN_REVIEW,1650,parstriangularis,20,0,876,0.530909,0,NGIQ-BR-00000317,"Right Inferior Frontal Gyrus, Pars Triangularis",ALIGNED,false
right,NGIQ-BR-00000054,38,IFG_R_6_5,opercular area 44,IFG,composite,COMPOSITE_SEED_PENDING,PENDING_HUMAN_REVIEW,1650,precentral,24,0,21,0.012727,0,NGIQ-BR-00000321,Right Precentral Gyrus,ALIGNED,false
right,NGIQ-BR-00000056,40,IFG_R_6_6,ventral area 44,IFG,composite,COMPOSITE_SEED_PENDING,PENDING_HUMAN_REVIEW,565,parsopercularis,18,0,501,0.886726,0,NGIQ-BR-00000315,"Right Inferior Frontal Gyrus, Pars Opercularis",ALIGNED,false
right,NGIQ-BR-00000056,40,IFG_R_6_6,ventral area 44,IFG,composite,COMPOSITE_SEED_PENDING,PENDING_HUMAN_REVIEW,565,precentral,24,0,64,0.113274,0,NGIQ-BR-00000321,Right Precentral Gyrus,ALIGNED,false
right,NGIQ-BR-00000058,42,OrG_R_6_1,medial area 14,OrG,composite,COMPOSITE_SEED_PENDING,PENDING_HUMAN_REVIEW,1016,medialorbitofrontal,14,0,910,0.895669,0,NGIQ-BR-00000311,Right Medial Orbitofrontal Cortex,ALIGNED,false
right,NGIQ-BR-00000058,42,OrG_R_6_1,medial area 14,OrG,composite,COMPOSITE_SEED_PENDING,PENDING_HUMAN_REVIEW,1016,rostralanteriorcingulate,26,0,59,0.058071,0,NGIQ-BR-00000323,Right Rostral Anterior Cingulate Cortex,ALIGNED,false
right,NGIQ-BR-00000058,42,OrG_R_6_1,medial area 14,OrG,composite,COMPOSITE_SEED_PENDING,PENDING_HUMAN_REVIEW,1016,superiorfrontal,28,0,47,0.04626,0,NGIQ-BR-00000325,Right Superior Frontal Gyrus,ALIGNED,false
right,NGIQ-BR-00000060,44,OrG_R_6_2,orbital area 12/47,OrG,composite,COMPOSITE_SEED_PENDING,PENDING_HUMAN_REVIEW,645,lateralorbitofrontal,12,0,245,0.379845,0,NGIQ-BR-00000309,Right Lateral Orbitofrontal Cortex,ALIGNED,false
right,NGIQ-BR-00000060,44,OrG_R_6_2,orbital area 12/47,OrG,composite,COMPOSITE_SEED_PENDING,PENDING_HUMAN_REVIEW,645,parsorbitalis,19,0,400,0.620155,0,NGIQ-BR-00000316,"Right Inferior Frontal Gyrus, Pars Orbitalis",ALIGNED,false
right,NGIQ-BR-00000062,46,OrG_R_6_3,lateral area 11,OrG,composite,COMPOSITE_SEED_PENDING,PENDING_HUMAN_REVIEW,2618,lateralorbitofrontal,12,0,2504,0.956455,0,NGIQ-BR-00000309,Right Lateral Orbitofrontal Cortex,ALIGNED,false
right,NGIQ-BR-00000062,46,OrG_R_6_3,lateral area 11,OrG,composite,COMPOSITE_SEED_PENDING,PENDING_HUMAN_REVIEW,2618,parsorbitalis,19,0,48,0.018335,0,NGIQ-BR-00000316,"Right Inferior Frontal Gyrus, Pars Orbitalis",ALIGNED,false
right,NGIQ-BR-00000062,46,OrG_R_6_3,lateral area 11,OrG,composite,COMPOSITE_SEED_PENDING,PENDING_HUMAN_REVIEW,2618,rostralmiddlefrontal,27,0,2,0.000764,0,NGIQ-BR-00000324,Right Rostral Middle Frontal Cortex,ALIGNED,false
right,NGIQ-BR-00000062,46,OrG_R_6_3,lateral area 11,OrG,composite,COMPOSITE_SEED_PENDING,PENDING_HUMAN_REVIEW,2618,insula,35,0,64,0.024446,0,NGIQ-BR-00000330,Right Insula,ALIGNED,false
right,NGIQ-BR-00000064,48,OrG_R_6_4,medial area 11,OrG,composite,COMPOSITE_SEED_PENDING,PENDING_HUMAN_REVIEW,1339,lateralorbitofrontal,12,0,148,0.11053,0,NGIQ-BR-00000309,Right Lateral Orbitofrontal Cortex,ALIGNED,false
right,NGIQ-BR-00000064,48,OrG_R_6_4,medial area 11,OrG,composite,COMPOSITE_SEED_PENDING,PENDING_HUMAN_REVIEW,1339,medialorbitofrontal,14,0,754,0.563107,0,NGIQ-BR-00000311,Right Medial Orbitofrontal Cortex,ALIGNED,false
right,NGIQ-BR-00000064,48,OrG_R_6_4,medial area 11,OrG,composite,COMPOSITE_SEED_PENDING,PENDING_HUMAN_REVIEW,1339,rostralmiddlefrontal,27,0,52,0.038835,0,NGIQ-BR-00000324,Right Rostral Middle Frontal Cortex,ALIGNED,false
right,NGIQ-BR-00000064,48,OrG_R_6_4,medial area 11,OrG,composite,COMPOSITE_SEED_PENDING,PENDING_HUMAN_REVIEW,1339,superiorfrontal,28,0,16,0.011949,0,NGIQ-BR-00000325,Right Superior Frontal Gyrus,ALIGNED,false
right,NGIQ-BR-00000064,48,OrG_R_6_4,medial area 11,OrG,composite,COMPOSITE_SEED_PENDING,PENDING_HUMAN_REVIEW,1339,frontalpole,32,0,369,0.275579,0,,,NO_G1_TARGET,true
right,NGIQ-BR-00000066,50,OrG_R_6_5,area 13,OrG,composite,COMPOSITE_SEED_PENDING,PENDING_HUMAN_REVIEW,1964,lateralorbitofrontal,12,0,792,0.403259,0,NGIQ-BR-00000309,Right Lateral Orbitofrontal Cortex,ALIGNED,false
right,NGIQ-BR-00000066,50,OrG_R_6_5,area 13,OrG,composite,COMPOSITE_SEED_PENDING,PENDING_HUMAN_REVIEW,1964,medialorbitofrontal,14,0,1119,0.569756,0,NGIQ-BR-00000311,Right Medial Orbitofrontal Cortex,ALIGNED,false
right,NGIQ-BR-00000066,50,OrG_R_6_5,area 13,OrG,composite,COMPOSITE_SEED_PENDING,PENDING_HUMAN_REVIEW,1964,rostralanteriorcingulate,26,0,49,0.024949,0,NGIQ-BR-00000323,Right Rostral Anterior Cingulate Cortex,ALIGNED,false
right,NGIQ-BR-00000066,50,OrG_R_6_5,area 13,OrG,composite,COMPOSITE_SEED_PENDING,PENDING_HUMAN_REVIEW,1964,insula,35,0,4,0.002037,0,NGIQ-BR-00000330,Right Insula,ALIGNED,false
right,NGIQ-BR-00000068,52,OrG_R_6_6,lateral area 12/47,OrG,composite,COMPOSITE_SEED_PENDING,PENDING_HUMAN_REVIEW,1113,lateralorbitofrontal,12,0,552,0.495957,0,NGIQ-BR-00000309,Right Lateral Orbitofrontal Cortex,ALIGNED,false
right,NGIQ-BR-00000068,52,OrG_R_6_6,lateral area 12/47,OrG,composite,COMPOSITE_SEED_PENDING,PENDING_HUMAN_REVIEW,1113,parsorbitalis,19,0,447,0.401617,0,NGIQ-BR-00000316,"Right Inferior Frontal Gyrus, Pars Orbitalis",ALIGNED,false
right,NGIQ-BR-00000068,52,OrG_R_6_6,lateral area 12/47,OrG,composite,COMPOSITE_SEED_PENDING,PENDING_HUMAN_REVIEW,1113,parstriangularis,20,0,99,0.088949,0,NGIQ-BR-00000317,"Right Inferior Frontal Gyrus, Pars Triangularis",ALIGNED,false
right,NGIQ-BR-00000068,52,OrG_R_6_6,lateral area 12/47,OrG,composite,COMPOSITE_SEED_PENDING,PENDING_HUMAN_REVIEW,1113,rostralmiddlefrontal,27,0,6,0.005391,0,NGIQ-BR-00000324,Right Rostral Middle Frontal Cortex,ALIGNED,false
right,NGIQ-BR-00000068,52,OrG_R_6_6,lateral area 12/47,OrG,composite,COMPOSITE_SEED_PENDING,PENDING_HUMAN_REVIEW,1113,insula,35,0,9,0.008086,0,NGIQ-BR-00000330,Right Insula,ALIGNED,false
right,NGIQ-BR-00000070,54,PrG_R_6_1,area 4(head and face region),PrG,single,SINGLE_SEED_CONTROL,SEED_CONTAINMENT_CONFIRMED,1905,postcentral,22,0,55,0.028871,0,NGIQ-BR-00000319,Right Postcentral Gyrus,ALIGNED,false
right,NGIQ-BR-00000070,54,PrG_R_6_1,area 4(head and face region),PrG,single,SINGLE_SEED_CONTROL,SEED_CONTAINMENT_CONFIRMED,1905,precentral,24,0,1850,0.971129,0,NGIQ-BR-00000321,Right Precentral Gyrus,ALIGNED,false
right,NGIQ-BR-00000072,56,PrG_R_6_2,caudal dorsolateral area 6,PrG,single,SINGLE_SEED_CONTROL,SEED_CONTAINMENT_CONFIRMED,2652,caudalmiddlefrontal,3,0,153,0.057692,0,NGIQ-BR-00000301,Right Caudal Middle Frontal Gyrus,ALIGNED,false
right,NGIQ-BR-00000072,56,PrG_R_6_2,caudal dorsolateral area 6,PrG,single,SINGLE_SEED_CONTROL,SEED_CONTAINMENT_CONFIRMED,2652,precentral,24,0,2240,0.844646,0,NGIQ-BR-00000321,Right Precentral Gyrus,ALIGNED,false
right,NGIQ-BR-00000072,56,PrG_R_6_2,caudal dorsolateral area 6,PrG,single,SINGLE_SEED_CONTROL,SEED_CONTAINMENT_CONFIRMED,2652,superiorfrontal,28,0,259,0.097662,0,NGIQ-BR-00000325,Right Superior Frontal Gyrus,ALIGNED,false
right,NGIQ-BR-00000074,58,PrG_R_6_3,area 4(upper limb region),PrG,single,SINGLE_SEED_CONTROL,SEED_CONTAINMENT_CONFIRMED,2254,postcentral,22,0,79,0.035049,0,NGIQ-BR-00000319,Right Postcentral Gyrus,ALIGNED,false
right,NGIQ-BR-00000074,58,PrG_R_6_3,area 4(upper limb region),PrG,single,SINGLE_SEED_CONTROL,SEED_CONTAINMENT_CONFIRMED,2254,precentral,24,0,2175,0.964951,0,NGIQ-BR-00000321,Right Precentral Gyrus,ALIGNED,false
right,NGIQ-BR-00000076,60,PrG_R_6_4,area 4(trunk region),PrG,single,SINGLE_SEED_CONTROL,SEED_CONTAINMENT_CONFIRMED,1811,postcentral,22,0,78,0.04307,0,NGIQ-BR-00000319,Right Postcentral Gyrus,ALIGNED,false
right,NGIQ-BR-00000076,60,PrG_R_6_4,area 4(trunk region),PrG,single,SINGLE_SEED_CONTROL,SEED_CONTAINMENT_CONFIRMED,1811,precentral,24,0,1629,0.899503,0,NGIQ-BR-00000321,Right Precentral Gyrus,ALIGNED,false
right,NGIQ-BR-00000076,60,PrG_R_6_4,area 4(trunk region),PrG,single,SINGLE_SEED_CONTROL,SEED_CONTAINMENT_CONFIRMED,1811,superiorfrontal,28,0,104,0.057427,0,NGIQ-BR-00000325,Right Superior Frontal Gyrus,ALIGNED,false
right,NGIQ-BR-00000078,62,PrG_R_6_5,area 4(tongue and larynx region),PrG,single,SINGLE_SEED_CONTROL,SEED_CONTAINMENT_CONFIRMED,1169,parsopercularis,18,0,30,0.025663,0,NGIQ-BR-00000315,"Right Inferior Frontal Gyrus, Pars Opercularis",ALIGNED,false
right,NGIQ-BR-00000078,62,PrG_R_6_5,area 4(tongue and larynx region),PrG,single,SINGLE_SEED_CONTROL,SEED_CONTAINMENT_CONFIRMED,1169,postcentral,22,0,23,0.019675,0,NGIQ-BR-00000319,Right Postcentral Gyrus,ALIGNED,false
right,NGIQ-BR-00000078,62,PrG_R_6_5,area 4(tongue and larynx region),PrG,single,SINGLE_SEED_CONTROL,SEED_CONTAINMENT_CONFIRMED,1169,precentral,24,0,1116,0.954662,0,NGIQ-BR-00000321,Right Precentral Gyrus,ALIGNED,false
right,NGIQ-BR-00000080,64,PrG_R_6_6,caudal ventrolateral area 6,PrG,single,SINGLE_SEED_CONTROL,SEED_CONTAINMENT_CONFIRMED,1439,caudalmiddlefrontal,3,0,25,0.017373,0,NGIQ-BR-00000301,Right Caudal Middle Frontal Gyrus,ALIGNED,false
right,NGIQ-BR-00000080,64,PrG_R_6_6,caudal ventrolateral area 6,PrG,single,SINGLE_SEED_CONTROL,SEED_CONTAINMENT_CONFIRMED,1439,parsopercularis,18,0,25,0.017373,0,NGIQ-BR-00000315,"Right Inferior Frontal Gyrus, Pars Opercularis",ALIGNED,false
right,NGIQ-BR-00000080,64,PrG_R_6_6,caudal ventrolateral area 6,PrG,single,SINGLE_SEED_CONTROL,SEED_CONTAINMENT_CONFIRMED,1439,precentral,24,0,1389,0.965254,0,NGIQ-BR-00000321,Right Precentral Gyrus,ALIGNED,false
right,NGIQ-BR-00000082,66,PCL_R_2_1,area 1/2/3 (lower limb region),PCL,single,SINGLE_SEED_CONTROL,SEED_CONTAINMENT_CONFIRMED,2123,paracentral,17,0,1972,0.928874,0,NGIQ-BR-00000314,Right Paracentral Lobule,ALIGNED,false
right,NGIQ-BR-00000082,66,PCL_R_2_1,area 1/2/3 (lower limb region),PCL,single,SINGLE_SEED_CONTROL,SEED_CONTAINMENT_CONFIRMED,2123,postcentral,22,0,41,0.019312,0,NGIQ-BR-00000319,Right Postcentral Gyrus,ALIGNED,false
right,NGIQ-BR-00000082,66,PCL_R_2_1,area 1/2/3 (lower limb region),PCL,single,SINGLE_SEED_CONTROL,SEED_CONTAINMENT_CONFIRMED,2123,posteriorcingulate,23,0,2,0.000942,0,NGIQ-BR-00000320,Right Posterior Cingulate Cortex,ALIGNED,false
right,NGIQ-BR-00000082,66,PCL_R_2_1,area 1/2/3 (lower limb region),PCL,single,SINGLE_SEED_CONTROL,SEED_CONTAINMENT_CONFIRMED,2123,precuneus,25,0,108,0.050871,0,NGIQ-BR-00000322,Right Precuneus,ALIGNED,false
right,NGIQ-BR-00000084,68,PCL_R_2_2,"area 4, (lower limb region)",PCL,single,SINGLE_SEED_CONTROL,SEED_CONTAINMENT_CONFIRMED,1723,paracentral,17,0,1618,0.93906,0,NGIQ-BR-00000314,Right Paracentral Lobule,ALIGNED,false
right,NGIQ-BR-00000084,68,PCL_R_2_2,"area 4, (lower limb region)",PCL,single,SINGLE_SEED_CONTROL,SEED_CONTAINMENT_CONFIRMED,1723,postcentral,22,0,1,0.00058,0,NGIQ-BR-00000319,Right Postcentral Gyrus,ALIGNED,false
right,NGIQ-BR-00000084,68,PCL_R_2_2,"area 4, (lower limb region)",PCL,single,SINGLE_SEED_CONTROL,SEED_CONTAINMENT_CONFIRMED,1723,precentral,24,0,86,0.049913,0,NGIQ-BR-00000321,Right Precentral Gyrus,ALIGNED,false
right,NGIQ-BR-00000084,68,PCL_R_2_2,"area 4, (lower limb region)",PCL,single,SINGLE_SEED_CONTROL,SEED_CONTAINMENT_CONFIRMED,1723,superiorfrontal,28,0,18,0.010447,0,NGIQ-BR-00000325,Right Superior Frontal Gyrus,ALIGNED,false
right,NGIQ-BR-00000006,70,STG_R_6_1,medial area 38,STG,composite,COMPOSITE_SEED_PENDING,PENDING_HUMAN_REVIEW,918,entorhinal,6,0,38,0.041394,0,NGIQ-BR-00000303,Right Entorhinal Cortex,ALIGNED,false
right,NGIQ-BR-00000006,70,STG_R_6_1,medial area 38,STG,composite,COMPOSITE_SEED_PENDING,PENDING_HUMAN_REVIEW,918,inferiortemporal,9,0,3,0.003268,0,NGIQ-BR-00000306,Right Inferior Temporal Gyrus,ALIGNED,false
right,NGIQ-BR-00000006,70,STG_R_6_1,medial area 38,STG,composite,COMPOSITE_SEED_PENDING,PENDING_HUMAN_REVIEW,918,middletemporal,15,0,3,0.003268,0,NGIQ-BR-00000312,Right Middle Temporal Gyrus,ALIGNED,false
right,NGIQ-BR-00000006,70,STG_R_6_1,medial area 38,STG,composite,COMPOSITE_SEED_PENDING,PENDING_HUMAN_REVIEW,918,superiortemporal,30,0,135,0.147059,0,NGIQ-BR-00000327,Right Superior Temporal Gyrus,ALIGNED,false
right,NGIQ-BR-00000006,70,STG_R_6_1,medial area 38,STG,composite,COMPOSITE_SEED_PENDING,PENDING_HUMAN_REVIEW,918,temporalpole,33,0,729,0.794118,0,,,NO_G1_TARGET,true
right,NGIQ-BR-00000006,70,STG_R_6_1,medial area 38,STG,composite,COMPOSITE_SEED_PENDING,PENDING_HUMAN_REVIEW,918,insula,35,0,10,0.010893,0,NGIQ-BR-00000330,Right Insula,ALIGNED,false
right,NGIQ-BR-00000086,72,STG_R_6_2,area 41/42,STG,composite,COMPOSITE_SEED_PENDING,PENDING_HUMAN_REVIEW,1207,superiortemporal,30,0,1045,0.865783,0,NGIQ-BR-00000327,Right Superior Temporal Gyrus,ALIGNED,false
right,NGIQ-BR-00000086,72,STG_R_6_2,area 41/42,STG,composite,COMPOSITE_SEED_PENDING,PENDING_HUMAN_REVIEW,1207,supramarginal,31,0,9,0.007457,0,NGIQ-BR-00000328,Right Supramarginal Gyrus,ALIGNED,false
right,NGIQ-BR-00000086,72,STG_R_6_2,area 41/42,STG,composite,COMPOSITE_SEED_PENDING,PENDING_HUMAN_REVIEW,1207,transversetemporal,34,0,153,0.126761,0,NGIQ-BR-00000329,Right Transverse Temporal Gyrus,ALIGNED,false
right,NGIQ-BR-00000088,74,STG_R_6_3,TE1.0 and TE1.2,STG,composite,COMPOSITE_SEED_PENDING,PENDING_HUMAN_REVIEW,1856,superiortemporal,30,0,1253,0.675108,0,NGIQ-BR-00000327,Right Superior Temporal Gyrus,ALIGNED,false
right,NGIQ-BR-00000088,74,STG_R_6_3,TE1.0 and TE1.2,STG,composite,COMPOSITE_SEED_PENDING,PENDING_HUMAN_REVIEW,1856,transversetemporal,34,0,566,0.304957,0,NGIQ-BR-00000329,Right Transverse Temporal Gyrus,ALIGNED,false
right,NGIQ-BR-00000088,74,STG_R_6_3,TE1.0 and TE1.2,STG,composite,COMPOSITE_SEED_PENDING,PENDING_HUMAN_REVIEW,1856,insula,35,0,37,0.019935,0,NGIQ-BR-00000330,Right Insula,ALIGNED,false
right,NGIQ-BR-00000090,76,STG_R_6_4,caudal area 22,STG,composite,COMPOSITE_SEED_PENDING,PENDING_HUMAN_REVIEW,1186,bankssts,1,0,48,0.040472,0,,,NO_G1_TARGET,true
right,NGIQ-BR-00000090,76,STG_R_6_4,caudal area 22,STG,composite,COMPOSITE_SEED_PENDING,PENDING_HUMAN_REVIEW,1186,superiortemporal,30,0,1137,0.958685,0,NGIQ-BR-00000327,Right Superior Temporal Gyrus,ALIGNED,false
right,NGIQ-BR-00000090,76,STG_R_6_4,caudal area 22,STG,composite,COMPOSITE_SEED_PENDING,PENDING_HUMAN_REVIEW,1186,supramarginal,31,0,1,0.000843,0,NGIQ-BR-00000328,Right Supramarginal Gyrus,ALIGNED,false
right,NGIQ-BR-00000092,78,STG_R_6_5,lateral area 38,STG,composite,COMPOSITE_SEED_PENDING,PENDING_HUMAN_REVIEW,1489,superiortemporal,30,0,1438,0.965749,0,NGIQ-BR-00000327,Right Superior Temporal Gyrus,ALIGNED,false
right,NGIQ-BR-00000092,78,STG_R_6_5,lateral area 38,STG,composite,COMPOSITE_SEED_PENDING,PENDING_HUMAN_REVIEW,1489,insula,35,0,51,0.034251,0,NGIQ-BR-00000330,Right Insula,ALIGNED,false
right,NGIQ-BR-00000094,80,STG_R_6_6,rostral area 22,STG,composite,COMPOSITE_SEED_PENDING,PENDING_HUMAN_REVIEW,617,bankssts,1,0,18,0.029173,0,,,NO_G1_TARGET,true
right,NGIQ-BR-00000094,80,STG_R_6_6,rostral area 22,STG,composite,COMPOSITE_SEED_PENDING,PENDING_HUMAN_REVIEW,617,superiortemporal,30,0,599,0.970827,0,NGIQ-BR-00000327,Right Superior Temporal Gyrus,ALIGNED,false
right,NGIQ-BR-00000008,82,MTG_R_4_1,caudal area 21,MTG,single,SINGLE_SEED_CONTROL,SEED_CONTAINMENT_CONFIRMED,1092,inferiortemporal,9,0,26,0.02381,0,NGIQ-BR-00000306,Right Inferior Temporal Gyrus,ALIGNED,false
right,NGIQ-BR-00000008,82,MTG_R_4_1,caudal area 21,MTG,single,SINGLE_SEED_CONTROL,SEED_CONTAINMENT_CONFIRMED,1092,middletemporal,15,0,1066,0.97619,0,NGIQ-BR-00000312,Right Middle Temporal Gyrus,ALIGNED,false
right,NGIQ-BR-00000096,84,MTG_R_4_2,rostral area 21,MTG,single,SINGLE_SEED_CONTROL,SEED_CONTAINMENT_CONFIRMED,1256,inferiortemporal,9,0,11,0.008758,0,NGIQ-BR-00000306,Right Inferior Temporal Gyrus,ALIGNED,false
right,NGIQ-BR-00000096,84,MTG_R_4_2,rostral area 21,MTG,single,SINGLE_SEED_CONTROL,SEED_CONTAINMENT_CONFIRMED,1256,middletemporal,15,0,1125,0.895701,0,NGIQ-BR-00000312,Right Middle Temporal Gyrus,ALIGNED,false
right,NGIQ-BR-00000096,84,MTG_R_4_2,rostral area 21,MTG,single,SINGLE_SEED_CONTROL,SEED_CONTAINMENT_CONFIRMED,1256,superiortemporal,30,0,107,0.085191,0,NGIQ-BR-00000327,Right Superior Temporal Gyrus,ALIGNED,false
right,NGIQ-BR-00000096,84,MTG_R_4_2,rostral area 21,MTG,single,SINGLE_SEED_CONTROL,SEED_CONTAINMENT_CONFIRMED,1256,temporalpole,33,0,13,0.01035,0,,,NO_G1_TARGET,true
right,NGIQ-BR-00000098,86,MTG_R_4_3,dorsolateral area 37,MTG,single,SINGLE_SEED_CONTROL,SEED_CONTAINMENT_CONFIRMED,1290,bankssts,1,0,36,0.027907,0,,,NO_G1_TARGET,true
right,NGIQ-BR-00000098,86,MTG_R_4_3,dorsolateral area 37,MTG,single,SINGLE_SEED_CONTROL,SEED_CONTAINMENT_CONFIRMED,1290,inferiorparietal,8,0,127,0.09845,0,NGIQ-BR-00000305,Right Inferior Parietal Lobule,ALIGNED,false
right,NGIQ-BR-00000098,86,MTG_R_4_3,dorsolateral area 37,MTG,single,SINGLE_SEED_CONTROL,SEED_CONTAINMENT_CONFIRMED,1290,middletemporal,15,0,1127,0.873643,0,NGIQ-BR-00000312,Right Middle Temporal Gyrus,ALIGNED,false
right,NGIQ-BR-00000100,88,MTG_R_4_4,anterior superior temporal sulcus,MTG,single,SINGLE_SEED_CONTROL,SEED_CONTAINMENT_CONFIRMED,2445,middletemporal,15,0,1454,0.594683,0,NGIQ-BR-00000312,Right Middle Temporal Gyrus,ALIGNED,false
right,NGIQ-BR-00000100,88,MTG_R_4_4,anterior superior temporal sulcus,MTG,single,SINGLE_SEED_CONTROL,SEED_CONTAINMENT_CONFIRMED,2445,superiortemporal,30,0,991,0.405317,0,NGIQ-BR-00000327,Right Superior Temporal Gyrus,ALIGNED,false
right,NGIQ-BR-00000102,90,ITG_R_7_1,intermediate ventral area 20,ITG,single,SINGLE_SEED_CONTROL,SEED_CONTAINMENT_CONFIRMED,382,inferiortemporal,9,0,382,1.0,0,NGIQ-BR-00000306,Right Inferior Temporal Gyrus,ALIGNED,false
right,NGIQ-BR-00000104,92,ITG_R_7_2,extreme lateroventral area 37,ITG,single,SINGLE_SEED_CONTROL,SEED_CONTAINMENT_CONFIRMED,116,inferiortemporal,9,0,116,1.0,0,NGIQ-BR-00000306,Right Inferior Temporal Gyrus,ALIGNED,false
right,NGIQ-BR-00000106,94,ITG_R_7_3,rostral area 20,ITG,single,SINGLE_SEED_CONTROL,SEED_CONTAINMENT_CONFIRMED,572,fusiform,7,0,1,0.001748,0,NGIQ-BR-00000304,Right Fusiform Gyrus,ALIGNED,false
right,NGIQ-BR-00000106,94,ITG_R_7_3,rostral area 20,ITG,single,SINGLE_SEED_CONTROL,SEED_CONTAINMENT_CONFIRMED,572,inferiortemporal,9,0,546,0.954545,0,NGIQ-BR-00000306,Right Inferior Temporal Gyrus,ALIGNED,false
right,NGIQ-BR-00000106,94,ITG_R_7_3,rostral area 20,ITG,single,SINGLE_SEED_CONTROL,SEED_CONTAINMENT_CONFIRMED,572,middletemporal,15,0,19,0.033217,0,NGIQ-BR-00000312,Right Middle Temporal Gyrus,ALIGNED,false
right,NGIQ-BR-00000106,94,ITG_R_7_3,rostral area 20,ITG,single,SINGLE_SEED_CONTROL,SEED_CONTAINMENT_CONFIRMED,572,temporalpole,33,0,6,0.01049,0,,,NO_G1_TARGET,true
right,NGIQ-BR-00000108,96,ITG_R_7_4,intermediate lateral area 20,ITG,single,SINGLE_SEED_CONTROL,SEED_CONTAINMENT_CONFIRMED,623,inferiortemporal,9,0,582,0.934189,0,NGIQ-BR-00000306,Right Inferior Temporal Gyrus,ALIGNED,false
right,NGIQ-BR-00000108,96,ITG_R_7_4,intermediate lateral area 20,ITG,single,SINGLE_SEED_CONTROL,SEED_CONTAINMENT_CONFIRMED,623,middletemporal,15,0,41,0.065811,0,NGIQ-BR-00000312,Right Middle Temporal Gyrus,ALIGNED,false
right,NGIQ-BR-00000110,98,ITG_R_7_5,ventrolateral area 37,ITG,single,SINGLE_SEED_CONTROL,SEED_CONTAINMENT_CONFIRMED,513,inferiortemporal,9,0,456,0.888889,0,NGIQ-BR-00000306,Right Inferior Temporal Gyrus,ALIGNED,false
right,NGIQ-BR-00000110,98,ITG_R_7_5,ventrolateral area 37,ITG,single,SINGLE_SEED_CONTROL,SEED_CONTAINMENT_CONFIRMED,513,lateraloccipital,11,0,2,0.003899,0,NGIQ-BR-00000308,Right Lateral Occipital Cortex,ALIGNED,false
right,NGIQ-BR-00000110,98,ITG_R_7_5,ventrolateral area 37,ITG,single,SINGLE_SEED_CONTROL,SEED_CONTAINMENT_CONFIRMED,513,middletemporal,15,0,55,0.107212,0,NGIQ-BR-00000312,Right Middle Temporal Gyrus,ALIGNED,false
right,NGIQ-BR-00000112,100,ITG_R_7_6,caudolateral of area 20,ITG,single,SINGLE_SEED_CONTROL,SEED_CONTAINMENT_CONFIRMED,449,inferiortemporal,9,0,403,0.89755,0,NGIQ-BR-00000306,Right Inferior Temporal Gyrus,ALIGNED,false
right,NGIQ-BR-00000112,100,ITG_R_7_6,caudolateral of area 20,ITG,single,SINGLE_SEED_CONTROL,SEED_CONTAINMENT_CONFIRMED,449,middletemporal,15,0,46,0.10245,0,NGIQ-BR-00000312,Right Middle Temporal Gyrus,ALIGNED,false
right,NGIQ-BR-00000114,102,ITG_R_7_7,caudoventral of area 20,ITG,single,SINGLE_SEED_CONTROL,SEED_CONTAINMENT_CONFIRMED,974,inferiortemporal,9,0,974,1.0,0,NGIQ-BR-00000306,Right Inferior Temporal Gyrus,ALIGNED,false
right,NGIQ-BR-00000116,104,FuG_R_3_1,rostroventral area 20,FuG,single,SINGLE_SEED_CONTROL,SEED_CONTAINMENT_CONFIRMED,1909,entorhinal,6,0,24,0.012572,0,NGIQ-BR-00000303,Right Entorhinal Cortex,ALIGNED,false
right,NGIQ-BR-00000116,104,FuG_R_3_1,rostroventral area 20,FuG,single,SINGLE_SEED_CONTROL,SEED_CONTAINMENT_CONFIRMED,1909,fusiform,7,0,1661,0.870089,0,NGIQ-BR-00000304,Right Fusiform Gyrus,ALIGNED,false
right,NGIQ-BR-00000116,104,FuG_R_3_1,rostroventral area 20,FuG,single,SINGLE_SEED_CONTROL,SEED_CONTAINMENT_CONFIRMED,1909,inferiortemporal,9,0,182,0.095338,0,NGIQ-BR-00000306,Right Inferior Temporal Gyrus,ALIGNED,false
right,NGIQ-BR-00000116,104,FuG_R_3_1,rostroventral area 20,FuG,single,SINGLE_SEED_CONTROL,SEED_CONTAINMENT_CONFIRMED,1909,parahippocampal,16,0,28,0.014667,0,NGIQ-BR-00000313,Right Parahippocampal Gyrus,ALIGNED,false
right,NGIQ-BR-00000116,104,FuG_R_3_1,rostroventral area 20,FuG,single,SINGLE_SEED_CONTROL,SEED_CONTAINMENT_CONFIRMED,1909,temporalpole,33,0,14,0.007334,0,,,NO_G1_TARGET,true
right,NGIQ-BR-00000118,106,FuG_R_3_2,medioventral area 37,FuG,single,SINGLE_SEED_CONTROL,SEED_CONTAINMENT_CONFIRMED,1579,fusiform,7,0,1558,0.9867,0,NGIQ-BR-00000304,Right Fusiform Gyrus,ALIGNED,false
right,NGIQ-BR-00000118,106,FuG_R_3_2,medioventral area 37,FuG,single,SINGLE_SEED_CONTROL,SEED_CONTAINMENT_CONFIRMED,1579,lateraloccipital,11,0,8,0.005066,0,NGIQ-BR-00000308,Right Lateral Occipital Cortex,ALIGNED,false
right,NGIQ-BR-00000118,106,FuG_R_3_2,medioventral area 37,FuG,single,SINGLE_SEED_CONTROL,SEED_CONTAINMENT_CONFIRMED,1579,lingual,13,0,13,0.008233,0,NGIQ-BR-00000310,Right Lingual Gyrus,ALIGNED,false
right,NGIQ-BR-00000120,108,FuG_R_3_3,lateroventral area 37,FuG,single,SINGLE_SEED_CONTROL,SEED_CONTAINMENT_CONFIRMED,1636,fusiform,7,0,1246,0.761614,0,NGIQ-BR-00000304,Right Fusiform Gyrus,ALIGNED,false
right,NGIQ-BR-00000120,108,FuG_R_3_3,lateroventral area 37,FuG,single,SINGLE_SEED_CONTROL,SEED_CONTAINMENT_CONFIRMED,1636,inferiortemporal,9,0,388,0.237164,0,NGIQ-BR-00000306,Right Inferior Temporal Gyrus,ALIGNED,false
right,NGIQ-BR-00000120,108,FuG_R_3_3,lateroventral area 37,FuG,single,SINGLE_SEED_CONTROL,SEED_CONTAINMENT_CONFIRMED,1636,lateraloccipital,11,0,2,0.001222,0,NGIQ-BR-00000308,Right Lateral Occipital Cortex,ALIGNED,false
right,NGIQ-BR-00000122,110,PhG_R_6_1,rostral area 35/36,PhG,composite,COMPOSITE_SEED_PENDING,PENDING_HUMAN_REVIEW,280,entorhinal,6,0,253,0.903571,0,NGIQ-BR-00000303,Right Entorhinal Cortex,ALIGNED,false
right,NGIQ-BR-00000122,110,PhG_R_6_1,rostral area 35/36,PhG,composite,COMPOSITE_SEED_PENDING,PENDING_HUMAN_REVIEW,280,fusiform,7,0,27,0.096429,0,NGIQ-BR-00000304,Right Fusiform Gyrus,ALIGNED,false
right,NGIQ-BR-00000124,112,PhG_R_6_2,caudal area 35/36,PhG,composite,COMPOSITE_SEED_PENDING,PENDING_HUMAN_REVIEW,371,entorhinal,6,0,15,0.040431,0,NGIQ-BR-00000303,Right Entorhinal Cortex,ALIGNED,false
right,NGIQ-BR-00000124,112,PhG_R_6_2,caudal area 35/36,PhG,composite,COMPOSITE_SEED_PENDING,PENDING_HUMAN_REVIEW,371,fusiform,7,0,3,0.008086,0,NGIQ-BR-00000304,Right Fusiform Gyrus,ALIGNED,false
right,NGIQ-BR-00000124,112,PhG_R_6_2,caudal area 35/36,PhG,composite,COMPOSITE_SEED_PENDING,PENDING_HUMAN_REVIEW,371,parahippocampal,16,0,353,0.951482,0,NGIQ-BR-00000313,Right Parahippocampal Gyrus,ALIGNED,false
right,NGIQ-BR-00000126,114,PhG_R_6_3,"area TL (lateral PPHC, posterior parahippocampal gyrus)",PhG,composite,COMPOSITE_SEED_PENDING,PENDING_HUMAN_REVIEW,532,fusiform,7,0,87,0.163534,0,NGIQ-BR-00000304,Right Fusiform Gyrus,ALIGNED,false
right,NGIQ-BR-00000126,114,PhG_R_6_3,"area TL (lateral PPHC, posterior parahippocampal gyrus)",PhG,composite,COMPOSITE_SEED_PENDING,PENDING_HUMAN_REVIEW,532,parahippocampal,16,0,445,0.836466,0,NGIQ-BR-00000313,Right Parahippocampal Gyrus,ALIGNED,false
right,NGIQ-BR-00000128,116,PhG_R_6_4,"area 28/34 (EC, entorhinal cortex)",PhG,composite,COMPOSITE_SEED_PENDING,PENDING_HUMAN_REVIEW,258,entorhinal,6,0,179,0.693798,0,NGIQ-BR-00000303,Right Entorhinal Cortex,ALIGNED,false
right,NGIQ-BR-00000128,116,PhG_R_6_4,"area 28/34 (EC, entorhinal cortex)",PhG,composite,COMPOSITE_SEED_PENDING,PENDING_HUMAN_REVIEW,258,parahippocampal,16,0,79,0.306202,0,NGIQ-BR-00000313,Right Parahippocampal Gyrus,ALIGNED,false
right,NGIQ-BR-00000130,118,PhG_R_6_5,area TI(temporal agranular insular cortex),PhG,composite,COMPOSITE_SEED_PENDING,PENDING_HUMAN_REVIEW,179,entorhinal,6,0,175,0.977654,0,NGIQ-BR-00000303,Right Entorhinal Cortex,ALIGNED,false
right,NGIQ-BR-00000130,118,PhG_R_6_5,area TI(temporal agranular insular cortex),PhG,composite,COMPOSITE_SEED_PENDING,PENDING_HUMAN_REVIEW,179,temporalpole,33,0,4,0.022346,0,,,NO_G1_TARGET,true
right,NGIQ-BR-00000132,120,PhG_R_6_6,area TH (medial PPHC),PhG,composite,COMPOSITE_SEED_PENDING,PENDING_HUMAN_REVIEW,480,lingual,13,0,2,0.004167,0,NGIQ-BR-00000310,Right Lingual Gyrus,ALIGNED,false
right,NGIQ-BR-00000132,120,PhG_R_6_6,area TH (medial PPHC),PhG,composite,COMPOSITE_SEED_PENDING,PENDING_HUMAN_REVIEW,480,parahippocampal,16,0,478,0.995833,0,NGIQ-BR-00000313,Right Parahippocampal Gyrus,ALIGNED,false
right,NGIQ-BR-00000134,122,pSTS_R_2_1,rostroposterior superior temporal sulcus,Psts,single,SEED_TARGET_NOT_IN_G1,NO_G1_ROLLUP,1312,bankssts,1,0,1255,0.956555,0,,,NO_G1_TARGET,true
right,NGIQ-BR-00000134,122,pSTS_R_2_1,rostroposterior superior temporal sulcus,Psts,single,SEED_TARGET_NOT_IN_G1,NO_G1_ROLLUP,1312,middletemporal,15,0,48,0.036585,0,NGIQ-BR-00000312,Right Middle Temporal Gyrus,ALIGNED,false
right,NGIQ-BR-00000134,122,pSTS_R_2_1,rostroposterior superior temporal sulcus,Psts,single,SEED_TARGET_NOT_IN_G1,NO_G1_ROLLUP,1312,superiortemporal,30,0,9,0.00686,0,NGIQ-BR-00000327,Right Superior Temporal Gyrus,ALIGNED,false
right,NGIQ-BR-00000136,124,pSTS_R_2_2,caudoposterior superior temporal sulcus,Psts,single,SEED_TARGET_NOT_IN_G1,NO_G1_ROLLUP,801,bankssts,1,0,748,0.933833,0,,,NO_G1_TARGET,true
right,NGIQ-BR-00000136,124,pSTS_R_2_2,caudoposterior superior temporal sulcus,Psts,single,SEED_TARGET_NOT_IN_G1,NO_G1_ROLLUP,801,inferiorparietal,8,0,8,0.009988,0,NGIQ-BR-00000305,Right Inferior Parietal Lobule,ALIGNED,false
right,NGIQ-BR-00000136,124,pSTS_R_2_2,caudoposterior superior temporal sulcus,Psts,single,SEED_TARGET_NOT_IN_G1,NO_G1_ROLLUP,801,superiortemporal,30,0,7,0.008739,0,NGIQ-BR-00000327,Right Superior Temporal Gyrus,ALIGNED,false
right,NGIQ-BR-00000136,124,pSTS_R_2_2,caudoposterior superior temporal sulcus,Psts,single,SEED_TARGET_NOT_IN_G1,NO_G1_ROLLUP,801,supramarginal,31,0,38,0.047441,0,NGIQ-BR-00000328,Right Supramarginal Gyrus,ALIGNED,false
right,NGIQ-BR-00000010,126,SPL_R_5_1,rostral area 7,SPL,single,SINGLE_SEED_CONTROL,SEED_CONTAINMENT_CONFIRMED,1349,superiorparietal,29,0,1349,1.0,0,NGIQ-BR-00000326,Right Superior Parietal Lobule,ALIGNED,false
right,NGIQ-BR-00000138,128,SPL_R_5_2,caudal area 7,SPL,single,SINGLE_SEED_CONTROL,SEED_CONTAINMENT_CONFIRMED,1421,superiorparietal,29,0,1421,1.0,0,NGIQ-BR-00000326,Right Superior Parietal Lobule,ALIGNED,false
right,NGIQ-BR-00000140,130,SPL_R_5_3,lateral area 5,SPL,single,SINGLE_SEED_CONTROL,SEED_CONTAINMENT_CONFIRMED,1536,postcentral,22,0,15,0.009766,0,NGIQ-BR-00000319,Right Postcentral Gyrus,ALIGNED,false
right,NGIQ-BR-00000140,130,SPL_R_5_3,lateral area 5,SPL,single,SINGLE_SEED_CONTROL,SEED_CONTAINMENT_CONFIRMED,1536,superiorparietal,29,0,1504,0.979167,0,NGIQ-BR-00000326,Right Superior Parietal Lobule,ALIGNED,false
right,NGIQ-BR-00000140,130,SPL_R_5_3,lateral area 5,SPL,single,SINGLE_SEED_CONTROL,SEED_CONTAINMENT_CONFIRMED,1536,supramarginal,31,0,17,0.011068,0,NGIQ-BR-00000328,Right Supramarginal Gyrus,ALIGNED,false
right,NGIQ-BR-00000142,132,SPL_R_5_4,postcentral area 7,SPL,single,SINGLE_SEED_CONTROL,SEED_CONTAINMENT_CONFIRMED,1464,postcentral,22,0,20,0.013661,0,NGIQ-BR-00000319,Right Postcentral Gyrus,ALIGNED,false
right,NGIQ-BR-00000142,132,SPL_R_5_4,postcentral area 7,SPL,single,SINGLE_SEED_CONTROL,SEED_CONTAINMENT_CONFIRMED,1464,superiorparietal,29,0,1444,0.986339,0,NGIQ-BR-00000326,Right Superior Parietal Lobule,ALIGNED,false
right,NGIQ-BR-00000144,134,SPL_R_5_5,intraparietal area 7(hIP3),SPL,single,SINGLE_SEED_CONTROL,SEED_CONTAINMENT_CONFIRMED,1226,inferiorparietal,8,0,40,0.032626,0,NGIQ-BR-00000305,Right Inferior Parietal Lobule,ALIGNED,false
right,NGIQ-BR-00000144,134,SPL_R_5_5,intraparietal area 7(hIP3),SPL,single,SINGLE_SEED_CONTROL,SEED_CONTAINMENT_CONFIRMED,1226,superiorparietal,29,0,1186,0.967374,0,NGIQ-BR-00000326,Right Superior Parietal Lobule,ALIGNED,false
right,NGIQ-BR-00000012,136,IPL_R_6_1,caudal area 39(PGp),IPL,composite,COMPOSITE_SEED_PENDING,PENDING_HUMAN_REVIEW,2494,inferiorparietal,8,0,2452,0.98316,0,NGIQ-BR-00000305,Right Inferior Parietal Lobule,ALIGNED,false
right,NGIQ-BR-00000012,136,IPL_R_6_1,caudal area 39(PGp),IPL,composite,COMPOSITE_SEED_PENDING,PENDING_HUMAN_REVIEW,2494,lateraloccipital,11,0,5,0.002005,0,NGIQ-BR-00000308,Right Lateral Occipital Cortex,ALIGNED,false
right,NGIQ-BR-00000012,136,IPL_R_6_1,caudal area 39(PGp),IPL,composite,COMPOSITE_SEED_PENDING,PENDING_HUMAN_REVIEW,2494,middletemporal,15,0,36,0.014435,0,NGIQ-BR-00000312,Right Middle Temporal Gyrus,ALIGNED,false
right,NGIQ-BR-00000012,136,IPL_R_6_1,caudal area 39(PGp),IPL,composite,COMPOSITE_SEED_PENDING,PENDING_HUMAN_REVIEW,2494,superiorparietal,29,0,1,0.000401,0,NGIQ-BR-00000326,Right Superior Parietal Lobule,ALIGNED,false
right,NGIQ-BR-00000146,138,IPL_R_6_2,rostrodorsal area 39(Hip3),IPL,composite,COMPOSITE_SEED_PENDING,PENDING_HUMAN_REVIEW,2674,inferiorparietal,8,0,2481,0.927823,0,NGIQ-BR-00000305,Right Inferior Parietal Lobule,ALIGNED,false
right,NGIQ-BR-00000146,138,IPL_R_6_2,rostrodorsal area 39(Hip3),IPL,composite,COMPOSITE_SEED_PENDING,PENDING_HUMAN_REVIEW,2674,superiorparietal,29,0,193,0.072177,0,NGIQ-BR-00000326,Right Superior Parietal Lobule,ALIGNED,false
right,NGIQ-BR-00000148,140,IPL_R_6_3,rostrodorsal area 40(PFt),IPL,composite,COMPOSITE_SEED_PENDING,PENDING_HUMAN_REVIEW,3043,inferiorparietal,8,0,543,0.178442,0,NGIQ-BR-00000305,Right Inferior Parietal Lobule,ALIGNED,false
right,NGIQ-BR-00000148,140,IPL_R_6_3,rostrodorsal area 40(PFt),IPL,composite,COMPOSITE_SEED_PENDING,PENDING_HUMAN_REVIEW,3043,postcentral,22,0,33,0.010845,0,NGIQ-BR-00000319,Right Postcentral Gyrus,ALIGNED,false
right,NGIQ-BR-00000148,140,IPL_R_6_3,rostrodorsal area 40(PFt),IPL,composite,COMPOSITE_SEED_PENDING,PENDING_HUMAN_REVIEW,3043,superiorparietal,29,0,49,0.016103,0,NGIQ-BR-00000326,Right Superior Parietal Lobule,ALIGNED,false
right,NGIQ-BR-00000148,140,IPL_R_6_3,rostrodorsal area 40(PFt),IPL,composite,COMPOSITE_SEED_PENDING,PENDING_HUMAN_REVIEW,3043,supramarginal,31,0,2418,0.794611,0,NGIQ-BR-00000328,Right Supramarginal Gyrus,ALIGNED,false
right,NGIQ-BR-00000150,142,IPL_R_6_4,caudal area 40(PFm),IPL,composite,COMPOSITE_SEED_PENDING,PENDING_HUMAN_REVIEW,2359,inferiorparietal,8,0,706,0.299279,0,NGIQ-BR-00000305,Right Inferior Parietal Lobule,ALIGNED,false
right,NGIQ-BR-00000150,142,IPL_R_6_4,caudal area 40(PFm),IPL,composite,COMPOSITE_SEED_PENDING,PENDING_HUMAN_REVIEW,2359,superiortemporal,30,0,12,0.005087,0,NGIQ-BR-00000327,Right Superior Temporal Gyrus,ALIGNED,false
right,NGIQ-BR-00000150,142,IPL_R_6_4,caudal area 40(PFm),IPL,composite,COMPOSITE_SEED_PENDING,PENDING_HUMAN_REVIEW,2359,supramarginal,31,0,1641,0.695634,0,NGIQ-BR-00000328,Right Supramarginal Gyrus,ALIGNED,false
right,NGIQ-BR-00000152,144,IPL_R_6_5,rostroventral area 39(PGa),IPL,composite,COMPOSITE_SEED_PENDING,PENDING_HUMAN_REVIEW,3341,bankssts,1,0,91,0.027237,0,,,NO_G1_TARGET,true
right,NGIQ-BR-00000152,144,IPL_R_6_5,rostroventral area 39(PGa),IPL,composite,COMPOSITE_SEED_PENDING,PENDING_HUMAN_REVIEW,3341,inferiorparietal,8,0,3067,0.917989,0,NGIQ-BR-00000305,Right Inferior Parietal Lobule,ALIGNED,false
right,NGIQ-BR-00000152,144,IPL_R_6_5,rostroventral area 39(PGa),IPL,composite,COMPOSITE_SEED_PENDING,PENDING_HUMAN_REVIEW,3341,middletemporal,15,0,18,0.005388,0,NGIQ-BR-00000312,Right Middle Temporal Gyrus,ALIGNED,false
right,NGIQ-BR-00000152,144,IPL_R_6_5,rostroventral area 39(PGa),IPL,composite,COMPOSITE_SEED_PENDING,PENDING_HUMAN_REVIEW,3341,supramarginal,31,0,165,0.049386,0,NGIQ-BR-00000328,Right Supramarginal Gyrus,ALIGNED,false
right,NGIQ-BR-00000154,146,IPL_R_6_6,rostroventral area 40(PFop),IPL,composite,COMPOSITE_SEED_PENDING,PENDING_HUMAN_REVIEW,3879,postcentral,22,0,72,0.018561,0,NGIQ-BR-00000319,Right Postcentral Gyrus,ALIGNED,false
right,NGIQ-BR-00000154,146,IPL_R_6_6,rostroventral area 40(PFop),IPL,composite,COMPOSITE_SEED_PENDING,PENDING_HUMAN_REVIEW,3879,superiortemporal,30,0,40,0.010312,0,NGIQ-BR-00000327,Right Superior Temporal Gyrus,ALIGNED,false
right,NGIQ-BR-00000154,146,IPL_R_6_6,rostroventral area 40(PFop),IPL,composite,COMPOSITE_SEED_PENDING,PENDING_HUMAN_REVIEW,3879,supramarginal,31,0,3747,0.965971,0,NGIQ-BR-00000328,Right Supramarginal Gyrus,ALIGNED,false
right,NGIQ-BR-00000154,146,IPL_R_6_6,rostroventral area 40(PFop),IPL,composite,COMPOSITE_SEED_PENDING,PENDING_HUMAN_REVIEW,3879,transversetemporal,34,0,17,0.004383,0,NGIQ-BR-00000329,Right Transverse Temporal Gyrus,ALIGNED,false
right,NGIQ-BR-00000154,146,IPL_R_6_6,rostroventral area 40(PFop),IPL,composite,COMPOSITE_SEED_PENDING,PENDING_HUMAN_REVIEW,3879,insula,35,0,3,0.000773,0,NGIQ-BR-00000330,Right Insula,ALIGNED,false
right,NGIQ-BR-00000156,148,PCun_R_4_1,medial area 7(PEp),Pcun,single,SINGLE_SEED_CONTROL,SEED_CONTAINMENT_CONFIRMED,1236,precuneus,25,0,1057,0.855178,0,NGIQ-BR-00000322,Right Precuneus,ALIGNED,false
right,NGIQ-BR-00000156,148,PCun_R_4_1,medial area 7(PEp),Pcun,single,SINGLE_SEED_CONTROL,SEED_CONTAINMENT_CONFIRMED,1236,superiorparietal,29,0,179,0.144822,0,NGIQ-BR-00000326,Right Superior Parietal Lobule,ALIGNED,false
right,NGIQ-BR-00000158,150,PCun_R_4_2,medial area 5(PEm),Pcun,single,SINGLE_SEED_CONTROL,SEED_CONTAINMENT_CONFIRMED,1861,paracentral,17,0,2,0.001075,0,NGIQ-BR-00000314,Right Paracentral Lobule,ALIGNED,false
right,NGIQ-BR-00000158,150,PCun_R_4_2,medial area 5(PEm),Pcun,single,SINGLE_SEED_CONTROL,SEED_CONTAINMENT_CONFIRMED,1861,precuneus,25,0,1759,0.945191,0,NGIQ-BR-00000322,Right Precuneus,ALIGNED,false
right,NGIQ-BR-00000158,150,PCun_R_4_2,medial area 5(PEm),Pcun,single,SINGLE_SEED_CONTROL,SEED_CONTAINMENT_CONFIRMED,1861,superiorparietal,29,0,100,0.053735,0,NGIQ-BR-00000326,Right Superior Parietal Lobule,ALIGNED,false
right,NGIQ-BR-00000160,152,PCun_R_4_3,dorsomedial parietooccipital sulcus(PEr),Pcun,single,SINGLE_SEED_CONTROL,SEED_CONTAINMENT_CONFIRMED,2740,cuneus,5,0,23,0.008394,0,NGIQ-BR-00000302,Right Cuneus,ALIGNED,false
right,NGIQ-BR-00000160,152,PCun_R_4_3,dorsomedial parietooccipital sulcus(PEr),Pcun,single,SINGLE_SEED_CONTROL,SEED_CONTAINMENT_CONFIRMED,2740,isthmuscingulate,10,0,4,0.00146,0,NGIQ-BR-00000307,Right Isthmus Of Cingulate Gyrus,ALIGNED,false
right,NGIQ-BR-00000160,152,PCun_R_4_3,dorsomedial parietooccipital sulcus(PEr),Pcun,single,SINGLE_SEED_CONTROL,SEED_CONTAINMENT_CONFIRMED,2740,lingual,13,0,26,0.009489,0,NGIQ-BR-00000310,Right Lingual Gyrus,ALIGNED,false
right,NGIQ-BR-00000160,152,PCun_R_4_3,dorsomedial parietooccipital sulcus(PEr),Pcun,single,SINGLE_SEED_CONTROL,SEED_CONTAINMENT_CONFIRMED,2740,pericalcarine,21,0,24,0.008759,0,NGIQ-BR-00000318,Right Pericalcarine Cortex,ALIGNED,false
right,NGIQ-BR-00000160,152,PCun_R_4_3,dorsomedial parietooccipital sulcus(PEr),Pcun,single,SINGLE_SEED_CONTROL,SEED_CONTAINMENT_CONFIRMED,2740,precuneus,25,0,2531,0.923723,0,NGIQ-BR-00000322,Right Precuneus,ALIGNED,false
right,NGIQ-BR-00000160,152,PCun_R_4_3,dorsomedial parietooccipital sulcus(PEr),Pcun,single,SINGLE_SEED_CONTROL,SEED_CONTAINMENT_CONFIRMED,2740,superiorparietal,29,0,132,0.048175,0,NGIQ-BR-00000326,Right Superior Parietal Lobule,ALIGNED,false
right,NGIQ-BR-00000162,154,PCun_R_4_4,area 31 (Lc1),Pcun,single,SINGLE_SEED_CONTROL,SEED_CONTAINMENT_CONFIRMED,2446,isthmuscingulate,10,0,75,0.030662,0,NGIQ-BR-00000307,Right Isthmus Of Cingulate Gyrus,ALIGNED,false
right,NGIQ-BR-00000162,154,PCun_R_4_4,area 31 (Lc1),Pcun,single,SINGLE_SEED_CONTROL,SEED_CONTAINMENT_CONFIRMED,2446,precuneus,25,0,2371,0.969338,0,NGIQ-BR-00000322,Right Precuneus,ALIGNED,false
right,NGIQ-BR-00000164,156,PoG_R_4_1,"area 1/2/3(upper limb, head and face region)",PoG,single,SINGLE_SEED_CONTROL,SEED_CONTAINMENT_CONFIRMED,2740,postcentral,22,0,2713,0.990146,0,NGIQ-BR-00000319,Right Postcentral Gyrus,ALIGNED,false
right,NGIQ-BR-00000164,156,PoG_R_4_1,"area 1/2/3(upper limb, head and face region)",PoG,single,SINGLE_SEED_CONTROL,SEED_CONTAINMENT_CONFIRMED,2740,precentral,24,0,27,0.009854,0,NGIQ-BR-00000321,Right Precentral Gyrus,ALIGNED,false
right,NGIQ-BR-00000166,158,PoG_R_4_2,area 1/2/3(tongue and larynx region),PoG,single,SINGLE_SEED_CONTROL,SEED_CONTAINMENT_CONFIRMED,1819,postcentral,22,0,1692,0.930181,0,NGIQ-BR-00000319,Right Postcentral Gyrus,ALIGNED,false
right,NGIQ-BR-00000166,158,PoG_R_4_2,area 1/2/3(tongue and larynx region),PoG,single,SINGLE_SEED_CONTROL,SEED_CONTAINMENT_CONFIRMED,1819,precentral,24,0,46,0.025289,0,NGIQ-BR-00000321,Right Precentral Gyrus,ALIGNED,false
right,NGIQ-BR-00000166,158,PoG_R_4_2,area 1/2/3(tongue and larynx region),PoG,single,SINGLE_SEED_CONTROL,SEED_CONTAINMENT_CONFIRMED,1819,supramarginal,31,0,57,0.031336,0,NGIQ-BR-00000328,Right Supramarginal Gyrus,ALIGNED,false
right,NGIQ-BR-00000166,158,PoG_R_4_2,area 1/2/3(tongue and larynx region),PoG,single,SINGLE_SEED_CONTROL,SEED_CONTAINMENT_CONFIRMED,1819,insula,35,0,24,0.013194,0,NGIQ-BR-00000330,Right Insula,ALIGNED,false
right,NGIQ-BR-00000168,160,PoG_R_4_3,area 2,PoG,single,SINGLE_SEED_CONTROL,SEED_CONTAINMENT_CONFIRMED,2489,postcentral,22,0,2438,0.97951,0,NGIQ-BR-00000319,Right Postcentral Gyrus,ALIGNED,false
right,NGIQ-BR-00000168,160,PoG_R_4_3,area 2,PoG,single,SINGLE_SEED_CONTROL,SEED_CONTAINMENT_CONFIRMED,2489,superiorparietal,29,0,7,0.002812,0,NGIQ-BR-00000326,Right Superior Parietal Lobule,ALIGNED,false
right,NGIQ-BR-00000168,160,PoG_R_4_3,area 2,PoG,single,SINGLE_SEED_CONTROL,SEED_CONTAINMENT_CONFIRMED,2489,supramarginal,31,0,44,0.017678,0,NGIQ-BR-00000328,Right Supramarginal Gyrus,ALIGNED,false
right,NGIQ-BR-00000170,162,PoG_R_4_4,area 1/2/3(trunk region),PoG,single,SINGLE_SEED_CONTROL,SEED_CONTAINMENT_CONFIRMED,1910,paracentral,17,0,9,0.004712,0,NGIQ-BR-00000314,Right Paracentral Lobule,ALIGNED,false
right,NGIQ-BR-00000170,162,PoG_R_4_4,area 1/2/3(trunk region),PoG,single,SINGLE_SEED_CONTROL,SEED_CONTAINMENT_CONFIRMED,1910,postcentral,22,0,1844,0.965445,0,NGIQ-BR-00000319,Right Postcentral Gyrus,ALIGNED,false
right,NGIQ-BR-00000170,162,PoG_R_4_4,area 1/2/3(trunk region),PoG,single,SINGLE_SEED_CONTROL,SEED_CONTAINMENT_CONFIRMED,1910,precuneus,25,0,4,0.002094,0,NGIQ-BR-00000322,Right Precuneus,ALIGNED,false
right,NGIQ-BR-00000170,162,PoG_R_4_4,area 1/2/3(trunk region),PoG,single,SINGLE_SEED_CONTROL,SEED_CONTAINMENT_CONFIRMED,1910,superiorparietal,29,0,53,0.027749,0,NGIQ-BR-00000326,Right Superior Parietal Lobule,ALIGNED,false
right,NGIQ-BR-00000014,164,INS_R_6_1,hypergranular insula,INS,single,SINGLE_SEED_CONTROL,SEED_CONTAINMENT_CONFIRMED,1092,supramarginal,31,0,13,0.011905,0,NGIQ-BR-00000328,Right Supramarginal Gyrus,ALIGNED,false
right,NGIQ-BR-00000014,164,INS_R_6_1,hypergranular insula,INS,single,SINGLE_SEED_CONTROL,SEED_CONTAINMENT_CONFIRMED,1092,transversetemporal,34,0,45,0.041209,0,NGIQ-BR-00000329,Right Transverse Temporal Gyrus,ALIGNED,false
right,NGIQ-BR-00000014,164,INS_R_6_1,hypergranular insula,INS,single,SINGLE_SEED_CONTROL,SEED_CONTAINMENT_CONFIRMED,1092,insula,35,0,1034,0.946886,0,NGIQ-BR-00000330,Right Insula,ALIGNED,false
right,NGIQ-BR-00000172,166,INS_R_6_2,ventral agranular insula,INS,single,SINGLE_SEED_CONTROL,SEED_CONTAINMENT_CONFIRMED,413,lateralorbitofrontal,12,0,33,0.079903,0,NGIQ-BR-00000309,Right Lateral Orbitofrontal Cortex,ALIGNED,false
right,NGIQ-BR-00000172,166,INS_R_6_2,ventral agranular insula,INS,single,SINGLE_SEED_CONTROL,SEED_CONTAINMENT_CONFIRMED,413,insula,35,0,380,0.920097,0,NGIQ-BR-00000330,Right Insula,ALIGNED,false
right,NGIQ-BR-00000174,168,INS_R_6_3,dorsal agranular insula,INS,single,SINGLE_SEED_CONTROL,SEED_CONTAINMENT_CONFIRMED,658,lateralorbitofrontal,12,0,25,0.037994,0,NGIQ-BR-00000309,Right Lateral Orbitofrontal Cortex,ALIGNED,false
right,NGIQ-BR-00000174,168,INS_R_6_3,dorsal agranular insula,INS,single,SINGLE_SEED_CONTROL,SEED_CONTAINMENT_CONFIRMED,658,parsopercularis,18,0,10,0.015198,0,NGIQ-BR-00000315,"Right Inferior Frontal Gyrus, Pars Opercularis",ALIGNED,false
right,NGIQ-BR-00000174,168,INS_R_6_3,dorsal agranular insula,INS,single,SINGLE_SEED_CONTROL,SEED_CONTAINMENT_CONFIRMED,658,parstriangularis,20,0,5,0.007599,0,NGIQ-BR-00000317,"Right Inferior Frontal Gyrus, Pars Triangularis",ALIGNED,false
right,NGIQ-BR-00000174,168,INS_R_6_3,dorsal agranular insula,INS,single,SINGLE_SEED_CONTROL,SEED_CONTAINMENT_CONFIRMED,658,insula,35,0,618,0.93921,0,NGIQ-BR-00000330,Right Insula,ALIGNED,false
right,NGIQ-BR-00000176,170,INS_R_6_4,ventral dysgranular and granular insula,INS,single,SINGLE_SEED_CONTROL,SEED_CONTAINMENT_CONFIRMED,1216,superiortemporal,30,0,94,0.077303,0,NGIQ-BR-00000327,Right Superior Temporal Gyrus,ALIGNED,false
right,NGIQ-BR-00000176,170,INS_R_6_4,ventral dysgranular and granular insula,INS,single,SINGLE_SEED_CONTROL,SEED_CONTAINMENT_CONFIRMED,1216,insula,35,0,1122,0.922697,0,NGIQ-BR-00000330,Right Insula,ALIGNED,false
right,NGIQ-BR-00000178,172,INS_R_6_5,dorsal granular insula,INS,single,SINGLE_SEED_CONTROL,SEED_CONTAINMENT_CONFIRMED,807,postcentral,22,0,34,0.042131,0,NGIQ-BR-00000319,Right Postcentral Gyrus,ALIGNED,false
right,NGIQ-BR-00000178,172,INS_R_6_5,dorsal granular insula,INS,single,SINGLE_SEED_CONTROL,SEED_CONTAINMENT_CONFIRMED,807,insula,35,0,773,0.957869,0,NGIQ-BR-00000330,Right Insula,ALIGNED,false
right,NGIQ-BR-00000180,174,INS_R_6_6,dorsal dysgranular insula,INS,single,SINGLE_SEED_CONTROL,SEED_CONTAINMENT_CONFIRMED,922,parsopercularis,18,0,21,0.022777,0,NGIQ-BR-00000315,"Right Inferior Frontal Gyrus, Pars Opercularis",ALIGNED,false
right,NGIQ-BR-00000180,174,INS_R_6_6,dorsal dysgranular insula,INS,single,SINGLE_SEED_CONTROL,SEED_CONTAINMENT_CONFIRMED,922,precentral,24,0,35,0.037961,0,NGIQ-BR-00000321,Right Precentral Gyrus,ALIGNED,false
right,NGIQ-BR-00000180,174,INS_R_6_6,dorsal dysgranular insula,INS,single,SINGLE_SEED_CONTROL,SEED_CONTAINMENT_CONFIRMED,922,insula,35,0,866,0.939262,0,NGIQ-BR-00000330,Right Insula,ALIGNED,false
right,NGIQ-BR-00000182,176,CG_R_7_1,dorsal area 23,CG,composite,COMPOSITE_SEED_PENDING,PENDING_HUMAN_REVIEW,1060,isthmuscingulate,10,0,653,0.616038,0,NGIQ-BR-00000307,Right Isthmus Of Cingulate Gyrus,ALIGNED,false
right,NGIQ-BR-00000182,176,CG_R_7_1,dorsal area 23,CG,composite,COMPOSITE_SEED_PENDING,PENDING_HUMAN_REVIEW,1060,posteriorcingulate,23,0,367,0.346226,0,NGIQ-BR-00000320,Right Posterior Cingulate Cortex,ALIGNED,false
right,NGIQ-BR-00000182,176,CG_R_7_1,dorsal area 23,CG,composite,COMPOSITE_SEED_PENDING,PENDING_HUMAN_REVIEW,1060,precuneus,25,0,40,0.037736,0,NGIQ-BR-00000322,Right Precuneus,ALIGNED,false
right,NGIQ-BR-00000184,178,CG_R_7_2,rostroventral area 24,CG,composite,COMPOSITE_SEED_PENDING,PENDING_HUMAN_REVIEW,1481,caudalanteriorcingulate,2,0,703,0.474679,0,NGIQ-BR-00000300,Right Caudal Anterior Cingulate Cortex,ALIGNED,false
right,NGIQ-BR-00000184,178,CG_R_7_2,rostroventral area 24,CG,composite,COMPOSITE_SEED_PENDING,PENDING_HUMAN_REVIEW,1481,medialorbitofrontal,14,0,3,0.002026,0,NGIQ-BR-00000311,Right Medial Orbitofrontal Cortex,ALIGNED,false
right,NGIQ-BR-00000184,178,CG_R_7_2,rostroventral area 24,CG,composite,COMPOSITE_SEED_PENDING,PENDING_HUMAN_REVIEW,1481,posteriorcingulate,23,0,372,0.251182,0,NGIQ-BR-00000320,Right Posterior Cingulate Cortex,ALIGNED,false
right,NGIQ-BR-00000184,178,CG_R_7_2,rostroventral area 24,CG,composite,COMPOSITE_SEED_PENDING,PENDING_HUMAN_REVIEW,1481,rostralanteriorcingulate,26,0,403,0.272113,0,NGIQ-BR-00000323,Right Rostral Anterior Cingulate Cortex,ALIGNED,false
right,NGIQ-BR-00000186,180,CG_R_7_3,pregenual area 32,CG,composite,COMPOSITE_SEED_PENDING,PENDING_HUMAN_REVIEW,701,caudalanteriorcingulate,2,0,565,0.805991,0,NGIQ-BR-00000300,Right Caudal Anterior Cingulate Cortex,ALIGNED,false
right,NGIQ-BR-00000186,180,CG_R_7_3,pregenual area 32,CG,composite,COMPOSITE_SEED_PENDING,PENDING_HUMAN_REVIEW,701,rostralanteriorcingulate,26,0,37,0.052782,0,NGIQ-BR-00000323,Right Rostral Anterior Cingulate Cortex,ALIGNED,false
right,NGIQ-BR-00000186,180,CG_R_7_3,pregenual area 32,CG,composite,COMPOSITE_SEED_PENDING,PENDING_HUMAN_REVIEW,701,superiorfrontal,28,0,99,0.141227,0,NGIQ-BR-00000325,Right Superior Frontal Gyrus,ALIGNED,false
right,NGIQ-BR-00000188,182,CG_R_7_4,ventral area 23,CG,composite,COMPOSITE_SEED_PENDING,PENDING_HUMAN_REVIEW,1585,isthmuscingulate,10,0,1414,0.892114,0,NGIQ-BR-00000307,Right Isthmus Of Cingulate Gyrus,ALIGNED,false
right,NGIQ-BR-00000188,182,CG_R_7_4,ventral area 23,CG,composite,COMPOSITE_SEED_PENDING,PENDING_HUMAN_REVIEW,1585,lingual,13,0,6,0.003785,0,NGIQ-BR-00000310,Right Lingual Gyrus,ALIGNED,false
right,NGIQ-BR-00000188,182,CG_R_7_4,ventral area 23,CG,composite,COMPOSITE_SEED_PENDING,PENDING_HUMAN_REVIEW,1585,parahippocampal,16,0,19,0.011987,0,NGIQ-BR-00000313,Right Parahippocampal Gyrus,ALIGNED,false
right,NGIQ-BR-00000188,182,CG_R_7_4,ventral area 23,CG,composite,COMPOSITE_SEED_PENDING,PENDING_HUMAN_REVIEW,1585,posteriorcingulate,23,0,101,0.063722,0,NGIQ-BR-00000320,Right Posterior Cingulate Cortex,ALIGNED,false
right,NGIQ-BR-00000188,182,CG_R_7_4,ventral area 23,CG,composite,COMPOSITE_SEED_PENDING,PENDING_HUMAN_REVIEW,1585,precuneus,25,0,45,0.028391,0,NGIQ-BR-00000322,Right Precuneus,ALIGNED,false
right,NGIQ-BR-00000190,184,CG_R_7_5,caudodorsal area 24,CG,composite,COMPOSITE_SEED_PENDING,PENDING_HUMAN_REVIEW,684,caudalanteriorcingulate,2,0,335,0.489766,0,NGIQ-BR-00000300,Right Caudal Anterior Cingulate Cortex,ALIGNED,false
right,NGIQ-BR-00000190,184,CG_R_7_5,caudodorsal area 24,CG,composite,COMPOSITE_SEED_PENDING,PENDING_HUMAN_REVIEW,684,posteriorcingulate,23,0,293,0.428363,0,NGIQ-BR-00000320,Right Posterior Cingulate Cortex,ALIGNED,false
right,NGIQ-BR-00000190,184,CG_R_7_5,caudodorsal area 24,CG,composite,COMPOSITE_SEED_PENDING,PENDING_HUMAN_REVIEW,684,superiorfrontal,28,0,56,0.081871,0,NGIQ-BR-00000325,Right Superior Frontal Gyrus,ALIGNED,false
right,NGIQ-BR-00000192,186,CG_R_7_6,caudal area 24,CG,composite,COMPOSITE_SEED_PENDING,PENDING_HUMAN_REVIEW,1752,paracentral,17,0,145,0.082763,0,NGIQ-BR-00000314,Right Paracentral Lobule,ALIGNED,false
right,NGIQ-BR-00000192,186,CG_R_7_6,caudal area 24,CG,composite,COMPOSITE_SEED_PENDING,PENDING_HUMAN_REVIEW,1752,posteriorcingulate,23,0,1561,0.890982,0,NGIQ-BR-00000320,Right Posterior Cingulate Cortex,ALIGNED,false
right,NGIQ-BR-00000192,186,CG_R_7_6,caudal area 24,CG,composite,COMPOSITE_SEED_PENDING,PENDING_HUMAN_REVIEW,1752,precuneus,25,0,40,0.022831,0,NGIQ-BR-00000322,Right Precuneus,ALIGNED,false
right,NGIQ-BR-00000192,186,CG_R_7_6,caudal area 24,CG,composite,COMPOSITE_SEED_PENDING,PENDING_HUMAN_REVIEW,1752,superiorfrontal,28,0,6,0.003425,0,NGIQ-BR-00000325,Right Superior Frontal Gyrus,ALIGNED,false
right,NGIQ-BR-00000194,188,CG_R_7_7,subgenual area 32,CG,composite,COMPOSITE_SEED_PENDING,PENDING_HUMAN_REVIEW,535,caudalanteriorcingulate,2,0,2,0.003738,0,NGIQ-BR-00000300,Right Caudal Anterior Cingulate Cortex,ALIGNED,false
right,NGIQ-BR-00000194,188,CG_R_7_7,subgenual area 32,CG,composite,COMPOSITE_SEED_PENDING,PENDING_HUMAN_REVIEW,535,medialorbitofrontal,14,0,15,0.028037,0,NGIQ-BR-00000311,Right Medial Orbitofrontal Cortex,ALIGNED,false
right,NGIQ-BR-00000194,188,CG_R_7_7,subgenual area 32,CG,composite,COMPOSITE_SEED_PENDING,PENDING_HUMAN_REVIEW,535,rostralanteriorcingulate,26,0,482,0.900935,0,NGIQ-BR-00000323,Right Rostral Anterior Cingulate Cortex,ALIGNED,false
right,NGIQ-BR-00000194,188,CG_R_7_7,subgenual area 32,CG,composite,COMPOSITE_SEED_PENDING,PENDING_HUMAN_REVIEW,535,superiorfrontal,28,0,36,0.06729,0,NGIQ-BR-00000325,Right Superior Frontal Gyrus,ALIGNED,false
right,NGIQ-BR-00000016,190,MVOcC_R_5_1,caudal lingual gyrus,MVOcC,composite,HUMAN_AUTHORITY_APPROVED_CANDIDATE,HUMAN_AUTHORITY_APPROVED_CANDIDATE,977,lateraloccipital,11,0,53,0.054248,0,NGIQ-BR-00000308,Right Lateral Occipital Cortex,ALIGNED,false
right,NGIQ-BR-00000016,190,MVOcC_R_5_1,caudal lingual gyrus,MVOcC,composite,HUMAN_AUTHORITY_APPROVED_CANDIDATE,HUMAN_AUTHORITY_APPROVED_CANDIDATE,977,lingual,13,0,772,0.790174,0,NGIQ-BR-00000310,Right Lingual Gyrus,ALIGNED,false
right,NGIQ-BR-00000016,190,MVOcC_R_5_1,caudal lingual gyrus,MVOcC,composite,HUMAN_AUTHORITY_APPROVED_CANDIDATE,HUMAN_AUTHORITY_APPROVED_CANDIDATE,977,pericalcarine,21,0,152,0.155578,0,NGIQ-BR-00000318,Right Pericalcarine Cortex,ALIGNED,false
right,NGIQ-BR-00000196,192,MVOcC_R_5_2,rostral cuneus gyrus,MVOcC,composite,HUMAN_AUTHORITY_APPROVED_CANDIDATE,HUMAN_AUTHORITY_APPROVED_CANDIDATE,1498,cuneus,5,0,374,0.249666,0,NGIQ-BR-00000302,Right Cuneus,ALIGNED,false
right,NGIQ-BR-00000196,192,MVOcC_R_5_2,rostral cuneus gyrus,MVOcC,composite,HUMAN_AUTHORITY_APPROVED_CANDIDATE,HUMAN_AUTHORITY_APPROVED_CANDIDATE,1498,lingual,13,0,461,0.307744,0,NGIQ-BR-00000310,Right Lingual Gyrus,ALIGNED,false
right,NGIQ-BR-00000196,192,MVOcC_R_5_2,rostral cuneus gyrus,MVOcC,composite,HUMAN_AUTHORITY_APPROVED_CANDIDATE,HUMAN_AUTHORITY_APPROVED_CANDIDATE,1498,pericalcarine,21,0,663,0.44259,0,NGIQ-BR-00000318,Right Pericalcarine Cortex,ALIGNED,false
right,NGIQ-BR-00000198,194,MVOcC_R_5_3,caudal cuneus gyrus,MVOcC,composite,HUMAN_AUTHORITY_APPROVED_CANDIDATE,HUMAN_AUTHORITY_APPROVED_CANDIDATE,986,cuneus,5,0,553,0.560852,0,NGIQ-BR-00000302,Right Cuneus,ALIGNED,false
right,NGIQ-BR-00000198,194,MVOcC_R_5_3,caudal cuneus gyrus,MVOcC,composite,HUMAN_AUTHORITY_APPROVED_CANDIDATE,HUMAN_AUTHORITY_APPROVED_CANDIDATE,986,lateraloccipital,11,0,22,0.022312,0,NGIQ-BR-00000308,Right Lateral Occipital Cortex,ALIGNED,false
right,NGIQ-BR-00000198,194,MVOcC_R_5_3,caudal cuneus gyrus,MVOcC,composite,HUMAN_AUTHORITY_APPROVED_CANDIDATE,HUMAN_AUTHORITY_APPROVED_CANDIDATE,986,pericalcarine,21,0,386,0.391481,0,NGIQ-BR-00000318,Right Pericalcarine Cortex,ALIGNED,false
right,NGIQ-BR-00000198,194,MVOcC_R_5_3,caudal cuneus gyrus,MVOcC,composite,HUMAN_AUTHORITY_APPROVED_CANDIDATE,HUMAN_AUTHORITY_APPROVED_CANDIDATE,986,superiorparietal,29,0,25,0.025355,0,NGIQ-BR-00000326,Right Superior Parietal Lobule,ALIGNED,false
right,NGIQ-BR-00000200,196,MVOcC_R_5_4,rostral lingual gyrus,MVOcC,composite,HUMAN_AUTHORITY_APPROVED_CANDIDATE,HUMAN_AUTHORITY_APPROVED_CANDIDATE,1536,fusiform,7,0,44,0.028646,0,NGIQ-BR-00000304,Right Fusiform Gyrus,ALIGNED,false
right,NGIQ-BR-00000200,196,MVOcC_R_5_4,rostral lingual gyrus,MVOcC,composite,HUMAN_AUTHORITY_APPROVED_CANDIDATE,HUMAN_AUTHORITY_APPROVED_CANDIDATE,1536,lingual,13,0,1418,0.923177,0,NGIQ-BR-00000310,Right Lingual Gyrus,ALIGNED,false
right,NGIQ-BR-00000200,196,MVOcC_R_5_4,rostral lingual gyrus,MVOcC,composite,HUMAN_AUTHORITY_APPROVED_CANDIDATE,HUMAN_AUTHORITY_APPROVED_CANDIDATE,1536,parahippocampal,16,0,74,0.048177,0,NGIQ-BR-00000313,Right Parahippocampal Gyrus,ALIGNED,false
right,NGIQ-BR-00000202,198,MVOcC_R_5_5,ventromedial parietooccipital sulcus,MVOcC,composite,COMPOSITE_SEED_PENDING,NO_G1_ROLLUP,2514,cuneus,5,0,585,0.232697,0,NGIQ-BR-00000302,Right Cuneus,ALIGNED,false
right,NGIQ-BR-00000202,198,MVOcC_R_5_5,ventromedial parietooccipital sulcus,MVOcC,composite,COMPOSITE_SEED_PENDING,NO_G1_ROLLUP,2514,isthmuscingulate,10,0,222,0.088305,0,NGIQ-BR-00000307,Right Isthmus Of Cingulate Gyrus,ALIGNED,false
right,NGIQ-BR-00000202,198,MVOcC_R_5_5,ventromedial parietooccipital sulcus,MVOcC,composite,COMPOSITE_SEED_PENDING,NO_G1_ROLLUP,2514,lingual,13,0,1194,0.47494,0,NGIQ-BR-00000310,Right Lingual Gyrus,ALIGNED,false
right,NGIQ-BR-00000202,198,MVOcC_R_5_5,ventromedial parietooccipital sulcus,MVOcC,composite,COMPOSITE_SEED_PENDING,NO_G1_ROLLUP,2514,parahippocampal,16,0,7,0.002784,0,NGIQ-BR-00000313,Right Parahippocampal Gyrus,ALIGNED,false
right,NGIQ-BR-00000202,198,MVOcC_R_5_5,ventromedial parietooccipital sulcus,MVOcC,composite,COMPOSITE_SEED_PENDING,NO_G1_ROLLUP,2514,pericalcarine,21,0,495,0.196897,0,NGIQ-BR-00000318,Right Pericalcarine Cortex,ALIGNED,false
right,NGIQ-BR-00000202,198,MVOcC_R_5_5,ventromedial parietooccipital sulcus,MVOcC,composite,COMPOSITE_SEED_PENDING,NO_G1_ROLLUP,2514,precuneus,25,0,11,0.004375,0,NGIQ-BR-00000322,Right Precuneus,ALIGNED,false
right,NGIQ-BR-00000204,200,LOcC_R_4_1,middle occipital gyrus,LOcC,single,SINGLE_SEED_CONTROL,SEED_CONTAINMENT_CONFIRMED,1423,inferiorparietal,8,0,69,0.048489,0,NGIQ-BR-00000305,Right Inferior Parietal Lobule,ALIGNED,false
right,NGIQ-BR-00000204,200,LOcC_R_4_1,middle occipital gyrus,LOcC,single,SINGLE_SEED_CONTROL,SEED_CONTAINMENT_CONFIRMED,1423,lateraloccipital,11,0,1354,0.951511,0,NGIQ-BR-00000308,Right Lateral Occipital Cortex,ALIGNED,false
right,NGIQ-BR-00000206,202,LOcC_R_4_2,area V5/MT+,LOcC,single,SINGLE_SEED_CONTROL,SEED_CONTAINMENT_CONFIRMED,1411,fusiform,7,0,4,0.002835,0,NGIQ-BR-00000304,Right Fusiform Gyrus,ALIGNED,false
right,NGIQ-BR-00000206,202,LOcC_R_4_2,area V5/MT+,LOcC,single,SINGLE_SEED_CONTROL,SEED_CONTAINMENT_CONFIRMED,1411,inferiorparietal,8,0,101,0.07158,0,NGIQ-BR-00000305,Right Inferior Parietal Lobule,ALIGNED,false
right,NGIQ-BR-00000206,202,LOcC_R_4_2,area V5/MT+,LOcC,single,SINGLE_SEED_CONTROL,SEED_CONTAINMENT_CONFIRMED,1411,inferiortemporal,9,0,129,0.091425,0,NGIQ-BR-00000306,Right Inferior Temporal Gyrus,ALIGNED,false
right,NGIQ-BR-00000206,202,LOcC_R_4_2,area V5/MT+,LOcC,single,SINGLE_SEED_CONTROL,SEED_CONTAINMENT_CONFIRMED,1411,lateraloccipital,11,0,1158,0.820695,0,NGIQ-BR-00000308,Right Lateral Occipital Cortex,ALIGNED,false
right,NGIQ-BR-00000206,202,LOcC_R_4_2,area V5/MT+,LOcC,single,SINGLE_SEED_CONTROL,SEED_CONTAINMENT_CONFIRMED,1411,middletemporal,15,0,19,0.013466,0,NGIQ-BR-00000312,Right Middle Temporal Gyrus,ALIGNED,false
right,NGIQ-BR-00000208,204,LOcC_R_4_3,occipital polar cortex,LOcC,single,SINGLE_SEED_CONTROL,SEED_CONTAINMENT_CONFIRMED,1938,cuneus,5,0,50,0.0258,0,NGIQ-BR-00000302,Right Cuneus,ALIGNED,false
right,NGIQ-BR-00000208,204,LOcC_R_4_3,occipital polar cortex,LOcC,single,SINGLE_SEED_CONTROL,SEED_CONTAINMENT_CONFIRMED,1938,lateraloccipital,11,0,1785,0.921053,0,NGIQ-BR-00000308,Right Lateral Occipital Cortex,ALIGNED,false
right,NGIQ-BR-00000208,204,LOcC_R_4_3,occipital polar cortex,LOcC,single,SINGLE_SEED_CONTROL,SEED_CONTAINMENT_CONFIRMED,1938,pericalcarine,21,0,103,0.053148,0,NGIQ-BR-00000318,Right Pericalcarine Cortex,ALIGNED,false
right,NGIQ-BR-00000210,206,LOcC_R_4_4,inferior occipital gyrus,LOcC,single,SINGLE_SEED_CONTROL,SEED_CONTAINMENT_CONFIRMED,1438,fusiform,7,0,30,0.020862,0,NGIQ-BR-00000304,Right Fusiform Gyrus,ALIGNED,false
right,NGIQ-BR-00000210,206,LOcC_R_4_4,inferior occipital gyrus,LOcC,single,SINGLE_SEED_CONTROL,SEED_CONTAINMENT_CONFIRMED,1438,lateraloccipital,11,0,1408,0.979138,0,NGIQ-BR-00000308,Right Lateral Occipital Cortex,ALIGNED,false
right,NGIQ-BR-00000212,208,LOcC_R_2_1,medial superior occipital gyrus,LOcC,single,SINGLE_SEED_CONTROL,SEED_CONTAINMENT_CONFIRMED,1311,cuneus,5,0,53,0.040427,0,NGIQ-BR-00000302,Right Cuneus,ALIGNED,false
right,NGIQ-BR-00000212,208,LOcC_R_2_1,medial superior occipital gyrus,LOcC,single,SINGLE_SEED_CONTROL,SEED_CONTAINMENT_CONFIRMED,1311,lateraloccipital,11,0,159,0.121281,0,NGIQ-BR-00000308,Right Lateral Occipital Cortex,ALIGNED,false
right,NGIQ-BR-00000212,208,LOcC_R_2_1,medial superior occipital gyrus,LOcC,single,SINGLE_SEED_CONTROL,SEED_CONTAINMENT_CONFIRMED,1311,precuneus,25,0,9,0.006865,0,NGIQ-BR-00000322,Right Precuneus,ALIGNED,false
right,NGIQ-BR-00000212,208,LOcC_R_2_1,medial superior occipital gyrus,LOcC,single,SINGLE_SEED_CONTROL,SEED_CONTAINMENT_CONFIRMED,1311,superiorparietal,29,0,1090,0.831426,0,NGIQ-BR-00000326,Right Superior Parietal Lobule,ALIGNED,false
right,NGIQ-BR-00000214,210,LOcC_R_2_2,lateral superior occipital gyrus,LOcC,single,SINGLE_SEED_CONTROL,SEED_CONTAINMENT_CONFIRMED,1578,inferiorparietal,8,0,82,0.051965,0,NGIQ-BR-00000305,Right Inferior Parietal Lobule,ALIGNED,false
right,NGIQ-BR-00000214,210,LOcC_R_2_2,lateral superior occipital gyrus,LOcC,single,SINGLE_SEED_CONTROL,SEED_CONTAINMENT_CONFIRMED,1578,lateraloccipital,11,0,7,0.004436,0,NGIQ-BR-00000308,Right Lateral Occipital Cortex,ALIGNED,false
right,NGIQ-BR-00000214,210,LOcC_R_2_2,lateral superior occipital gyrus,LOcC,single,SINGLE_SEED_CONTROL,SEED_CONTAINMENT_CONFIRMED,1578,superiorparietal,29,0,1489,0.943599,0,NGIQ-BR-00000326,Right Superior Parietal Lobule,ALIGNED,false
