canonical_g4_id,canonical_g4_name,hemisphere,spatial_component_id,spatial_asset_file,scientific_decision,decision_reason_code,semantic_compatibility_status,owner_review_status,future_rollup_eligible,future_primary_rollup,review_note,policy_version,evidence_reference_2ia,evidence_reference_2ib
NGIQ-BR-00000331,VP (Ventral Pallidum) right,right,JULICH_BRAIN_CYTOARCHITECTONIC_ATLAS_V3_1_VP_VENTRAL_PALLIDUM,VP_VENTRAL_PALLIDUM_RIGHT.nii.gz,CONFLICT_REVIEW,LOW_DOMINANCE,N/A,OWNER_SCIENTIFIC_REVIEWED,False,False,,G4_G3_FINAL_SCIENTIFIC_POLICY_V1,g4_g3_scientific_decision_policy_v1.csv,g4_g3_owner_policy_revision_v1.csv
NGIQ-BR-00000332,VP (Ventral Pallidum) left,left,JULICH_BRAIN_CYTOARCHITECTONIC_ATLAS_V3_1_VP_VENTRAL_PALLIDUM,VP_VENTRAL_PALLIDUM_LEFT.nii.gz,CONFLICT_REVIEW,HIGH_FRAGMENTATION,N/A,OWNER_SCIENTIFIC_REVIEWED,False,False,,G4_G3_FINAL_SCIENTIFIC_POLICY_V1,g4_g3_scientific_decision_policy_v1.csv,g4_g3_owner_policy_revision_v1.csv
NGIQ-BR-00000333,"FuCd (Ventral Striatum, Fundus of Caudate Nucleus) right",right,JULICH_BRAIN_CYTOARCHITECTONIC_ATLAS_V3_1_FUCD_VENTRAL_STRIATUM_FUNDUS_OF_CAUDATE_NUCLEUS,FUCD_VENTRAL_STRIATUM_FUNDUS_OF_CAUDATE_NUCLEUS_RIGHT.nii.gz,PARTIAL_OVERLAP,OWNER_CONFIRMED_PARTIAL,N/A,OWNER_SCIENTIFIC_REVIEWED,False,False,,G4_G3_FINAL_SCIENTIFIC_POLICY_V1,g4_g3_scientific_decision_policy_v1.csv,g4_g3_owner_policy_revision_v1.csv
NGIQ-BR-00000334,"FuCd (Ventral Striatum, Fundus of Caudate Nucleus) left",left,JULICH_BRAIN_CYTOARCHITECTONIC_ATLAS_V3_1_FUCD_VENTRAL_STRIATUM_FUNDUS_OF_CAUDATE_NUCLEUS,FUCD_VENTRAL_STRIATUM_FUNDUS_OF_CAUDATE_NUCLEUS_LEFT.nii.gz,APPROVE_DOMINANT_OVERLAP,DOMINANT_CRITERIA_V1,N/A,OWNER_SCIENTIFIC_REVIEWED,False,False,,G4_G3_FINAL_SCIENTIFIC_POLICY_V1,g4_g3_scientific_decision_policy_v1.csv,g4_g3_owner_policy_revision_v1.csv
NGIQ-BR-00000335,"AcbM (Ventral Striatum, Medial Accumbens) right",right,JULICH_BRAIN_CYTOARCHITECTONIC_ATLAS_V3_1_ACBM_VENTRAL_STRIATUM_MEDIAL_ACCUMBENS,ACBM_VENTRAL_STRIATUM_MEDIAL_ACCUMBENS_RIGHT.nii.gz,APPROVE_CONTAINED_IN,OWNER_CONFIRMED_CONTAINED,EXACT_FAMILY,OWNER_SCIENTIFIC_REVIEWED,True,True,,G4_G3_FINAL_SCIENTIFIC_POLICY_V1,g4_g3_scientific_decision_policy_v1.csv,g4_g3_owner_policy_revision_v1.csv
NGIQ-BR-00000336,"AcbM (Ventral Striatum, Medial Accumbens) left",left,JULICH_BRAIN_CYTOARCHITECTONIC_ATLAS_V3_1_ACBM_VENTRAL_STRIATUM_MEDIAL_ACCUMBENS,ACBM_VENTRAL_STRIATUM_MEDIAL_ACCUMBENS_LEFT.nii.gz,APPROVE_DOMINANT_OVERLAP,DOMINANT_CRITERIA_V1,N/A,OWNER_SCIENTIFIC_REVIEWED,False,False,,G4_G3_FINAL_SCIENTIFIC_POLICY_V1,g4_g3_scientific_decision_policy_v1.csv,g4_g3_owner_policy_revision_v1.csv
NGIQ-BR-00000337,"AcbL (Ventral Striatum, Lateral Accumbens) right",right,JULICH_BRAIN_CYTOARCHITECTONIC_ATLAS_V3_1_ACBL_VENTRAL_STRIATUM_LATERAL_ACCUMBENS,ACBL_VENTRAL_STRIATUM_LATERAL_ACCUMBENS_RIGHT.nii.gz,APPROVE_CONTAINED_IN,OWNER_CONFIRMED_CONTAINED,EXACT_FAMILY,OWNER_SCIENTIFIC_REVIEWED,True,True,,G4_G3_FINAL_SCIENTIFIC_POLICY_V1,g4_g3_scientific_decision_policy_v1.csv,g4_g3_owner_policy_revision_v1.csv
NGIQ-BR-00000338,"AcbL (Ventral Striatum, Lateral Accumbens) left",left,JULICH_BRAIN_CYTOARCHITECTONIC_ATLAS_V3_1_ACBL_VENTRAL_STRIATUM_LATERAL_ACCUMBENS,ACBL_VENTRAL_STRIATUM_LATERAL_ACCUMBENS_LEFT.nii.gz,APPROVE_CONTAINED_IN,OWNER_CONFIRMED_CONTAINED,EXACT_FAMILY,OWNER_SCIENTIFIC_REVIEWED,True,True,,G4_G3_FINAL_SCIENTIFIC_POLICY_V1,g4_g3_scientific_decision_policy_v1.csv,g4_g3_owner_policy_revision_v1.csv
NGIQ-BR-00000339,"FuP (Ventral Striatum, Fundus of Putamen) right",right,JULICH_BRAIN_CYTOARCHITECTONIC_ATLAS_V3_1_FUP_VENTRAL_STRIATUM_FUNDUS_OF_PUTAMEN,FUP_VENTRAL_STRIATUM_FUNDUS_OF_PUTAMEN_RIGHT.nii.gz,CONFLICT_REVIEW,PARTIAL_TARGET_EVIDENCE_INCONSISTENT,N/A,OWNER_SCIENTIFIC_REVIEWED,False,False,,G4_G3_FINAL_SCIENTIFIC_POLICY_V1,g4_g3_scientific_decision_policy_v1.csv,g4_g3_owner_policy_revision_v1.csv
NGIQ-BR-00000340,"FuP (Ventral Striatum, Fundus of Putamen) left",left,JULICH_BRAIN_CYTOARCHITECTONIC_ATLAS_V3_1_FUP_VENTRAL_STRIATUM_FUNDUS_OF_PUTAMEN,FUP_VENTRAL_STRIATUM_FUNDUS_OF_PUTAMEN_LEFT.nii.gz,CONFLICT_REVIEW,PROBABILITY_HARDLABEL_TOP1_DISAGREEMENT,N/A,OWNER_SCIENTIFIC_REVIEWED,False,False,,G4_G3_FINAL_SCIENTIFIC_POLICY_V1,g4_g3_scientific_decision_policy_v1.csv,g4_g3_owner_policy_revision_v1.csv
NGIQ-BR-00000341,Ch 4 (Basal Forebrain) right,right,JULICH_BRAIN_CYTOARCHITECTONIC_ATLAS_V3_1_CH_4_BASAL_FOREBRAIN,CH_4_BASAL_FOREBRAIN_RIGHT.nii.gz,CONFLICT_REVIEW,PROBABILITY_HARDLABEL_TOP1_DISAGREEMENT,N/A,OWNER_SCIENTIFIC_REVIEWED,False,False,,G4_G3_FINAL_SCIENTIFIC_POLICY_V1,g4_g3_scientific_decision_policy_v1.csv,g4_g3_owner_policy_revision_v1.csv
NGIQ-BR-00000342,Ch 4 (Basal Forebrain) left,left,JULICH_BRAIN_CYTOARCHITECTONIC_ATLAS_V3_1_CH_4_BASAL_FOREBRAIN,CH_4_BASAL_FOREBRAIN_LEFT.nii.gz,CONFLICT_REVIEW,HIGH_FRAGMENTATION,N/A,OWNER_SCIENTIFIC_REVIEWED,False,False,,G4_G3_FINAL_SCIENTIFIC_POLICY_V1,g4_g3_scientific_decision_policy_v1.csv,g4_g3_owner_policy_revision_v1.csv
NGIQ-BR-00000343,"BST (Basal Forebrain, Bed Nucleus) right",right,JULICH_BRAIN_CYTOARCHITECTONIC_ATLAS_V3_1_BST_BASAL_FOREBRAIN_BED_NUCLEUS,BST_BASAL_FOREBRAIN_BED_NUCLEUS_RIGHT.nii.gz,CONFLICT_REVIEW,HIGH_FRAGMENTATION,N/A,OWNER_SCIENTIFIC_REVIEWED,False,False,,G4_G3_FINAL_SCIENTIFIC_POLICY_V1,g4_g3_scientific_decision_policy_v1.csv,g4_g3_owner_policy_revision_v1.csv
NGIQ-BR-00000344,"BST (Basal Forebrain, Bed Nucleus) left",left,JULICH_BRAIN_CYTOARCHITECTONIC_ATLAS_V3_1_BST_BASAL_FOREBRAIN_BED_NUCLEUS,BST_BASAL_FOREBRAIN_BED_NUCLEUS_LEFT.nii.gz,CONFLICT_REVIEW,HIGH_FRAGMENTATION,N/A,OWNER_SCIENTIFIC_REVIEWED,False,False,,G4_G3_FINAL_SCIENTIFIC_POLICY_V1,g4_g3_scientific_decision_policy_v1.csv,g4_g3_owner_policy_revision_v1.csv
NGIQ-BR-00000345,Ch 123 (Basal Forebrain) right,right,JULICH_BRAIN_CYTOARCHITECTONIC_ATLAS_V3_1_CH_123_BASAL_FOREBRAIN,CH_123_BASAL_FOREBRAIN_RIGHT.nii.gz,CONFLICT_REVIEW,LOW_DOMINANCE,N/A,OWNER_SCIENTIFIC_REVIEWED,False,False,,G4_G3_FINAL_SCIENTIFIC_POLICY_V1,g4_g3_scientific_decision_policy_v1.csv,g4_g3_owner_policy_revision_v1.csv
NGIQ-BR-00000346,Ch 123 (Basal Forebrain) left,left,JULICH_BRAIN_CYTOARCHITECTONIC_ATLAS_V3_1_CH_123_BASAL_FOREBRAIN,CH_123_BASAL_FOREBRAIN_LEFT.nii.gz,CONFLICT_REVIEW,DIFFUSE_ASSOCIATION,N/A,OWNER_SCIENTIFIC_REVIEWED,False,False,,G4_G3_FINAL_SCIENTIFIC_POLICY_V1,g4_g3_scientific_decision_policy_v1.csv,g4_g3_owner_policy_revision_v1.csv
NGIQ-BR-00000347,CM.AAA (Amygdala) right,right,JULICH_BRAIN_CYTOARCHITECTONIC_ATLAS_V3_1_CM_AMYGDALA,CM_AMYGDALA_RIGHT.nii.gz,SHARED_SPATIAL_EVIDENCE_ONLY,NO_INDEPENDENT_LEAF_SPATIAL_EVIDENCE,N/A,OWNER_SCIENTIFIC_REVIEWED,False,False,,G4_G3_FINAL_SCIENTIFIC_POLICY_V1,g4_g3_scientific_decision_policy_v1.csv,g4_g3_owner_policy_revision_v1.csv
NGIQ-BR-00000348,CM.Ce (Amygdala) right,right,JULICH_BRAIN_CYTOARCHITECTONIC_ATLAS_V3_1_CM_AMYGDALA,CM_AMYGDALA_RIGHT.nii.gz,SHARED_SPATIAL_EVIDENCE_ONLY,NO_INDEPENDENT_LEAF_SPATIAL_EVIDENCE,N/A,OWNER_SCIENTIFIC_REVIEWED,False,False,,G4_G3_FINAL_SCIENTIFIC_POLICY_V1,g4_g3_scientific_decision_policy_v1.csv,g4_g3_owner_policy_revision_v1.csv
NGIQ-BR-00000349,CM.Me (Amygdala) right,right,JULICH_BRAIN_CYTOARCHITECTONIC_ATLAS_V3_1_CM_AMYGDALA,CM_AMYGDALA_RIGHT.nii.gz,SHARED_SPATIAL_EVIDENCE_ONLY,NO_INDEPENDENT_LEAF_SPATIAL_EVIDENCE,N/A,OWNER_SCIENTIFIC_REVIEWED,False,False,,G4_G3_FINAL_SCIENTIFIC_POLICY_V1,g4_g3_scientific_decision_policy_v1.csv,g4_g3_owner_policy_revision_v1.csv
NGIQ-BR-00000350,CM.AAA (Amygdala) left,left,JULICH_BRAIN_CYTOARCHITECTONIC_ATLAS_V3_1_CM_AMYGDALA,CM_AMYGDALA_LEFT.nii.gz,SHARED_SPATIAL_EVIDENCE_ONLY,NO_INDEPENDENT_LEAF_SPATIAL_EVIDENCE,N/A,OWNER_SCIENTIFIC_REVIEWED,False,False,,G4_G3_FINAL_SCIENTIFIC_POLICY_V1,g4_g3_scientific_decision_policy_v1.csv,g4_g3_owner_policy_revision_v1.csv
NGIQ-BR-00000351,CM.Ce (Amygdala) left,left,JULICH_BRAIN_CYTOARCHITECTONIC_ATLAS_V3_1_CM_AMYGDALA,CM_AMYGDALA_LEFT.nii.gz,SHARED_SPATIAL_EVIDENCE_ONLY,NO_INDEPENDENT_LEAF_SPATIAL_EVIDENCE,N/A,OWNER_SCIENTIFIC_REVIEWED,False,False,,G4_G3_FINAL_SCIENTIFIC_POLICY_V1,g4_g3_scientific_decision_policy_v1.csv,g4_g3_owner_policy_revision_v1.csv
NGIQ-BR-00000352,CM.Me (Amygdala) left,left,JULICH_BRAIN_CYTOARCHITECTONIC_ATLAS_V3_1_CM_AMYGDALA,CM_AMYGDALA_LEFT.nii.gz,SHARED_SPATIAL_EVIDENCE_ONLY,NO_INDEPENDENT_LEAF_SPATIAL_EVIDENCE,N/A,OWNER_SCIENTIFIC_REVIEWED,False,False,,G4_G3_FINAL_SCIENTIFIC_POLICY_V1,g4_g3_scientific_decision_policy_v1.csv,g4_g3_owner_policy_revision_v1.csv
NGIQ-BR-00000353,LB.Bl (Amygdala) right,right,JULICH_BRAIN_CYTOARCHITECTONIC_ATLAS_V3_1_LB_AMYGDALA,LB_AMYGDALA_RIGHT.nii.gz,SHARED_SPATIAL_EVIDENCE_ONLY,NO_INDEPENDENT_LEAF_SPATIAL_EVIDENCE,N/A,OWNER_SCIENTIFIC_REVIEWED,False,False,,G4_G3_FINAL_SCIENTIFIC_POLICY_V1,g4_g3_scientific_decision_policy_v1.csv,g4_g3_owner_policy_revision_v1.csv
NGIQ-BR-00000354,LB.Bm (Amygdala) right,right,JULICH_BRAIN_CYTOARCHITECTONIC_ATLAS_V3_1_LB_AMYGDALA,LB_AMYGDALA_RIGHT.nii.gz,SHARED_SPATIAL_EVIDENCE_ONLY,NO_INDEPENDENT_LEAF_SPATIAL_EVIDENCE,N/A,OWNER_SCIENTIFIC_REVIEWED,False,False,,G4_G3_FINAL_SCIENTIFIC_POLICY_V1,g4_g3_scientific_decision_policy_v1.csv,g4_g3_owner_policy_revision_v1.csv
NGIQ-BR-00000355,LB.Pl (Amygdala) right,right,JULICH_BRAIN_CYTOARCHITECTONIC_ATLAS_V3_1_LB_AMYGDALA,LB_AMYGDALA_RIGHT.nii.gz,SHARED_SPATIAL_EVIDENCE_ONLY,NO_INDEPENDENT_LEAF_SPATIAL_EVIDENCE,N/A,OWNER_SCIENTIFIC_REVIEWED,False,False,,G4_G3_FINAL_SCIENTIFIC_POLICY_V1,g4_g3_scientific_decision_policy_v1.csv,g4_g3_owner_policy_revision_v1.csv
NGIQ-BR-00000356,LB.La (Amygdala) right,right,JULICH_BRAIN_CYTOARCHITECTONIC_ATLAS_V3_1_LB_AMYGDALA,LB_AMYGDALA_RIGHT.nii.gz,SHARED_SPATIAL_EVIDENCE_ONLY,NO_INDEPENDENT_LEAF_SPATIAL_EVIDENCE,N/A,OWNER_SCIENTIFIC_REVIEWED,False,False,,G4_G3_FINAL_SCIENTIFIC_POLICY_V1,g4_g3_scientific_decision_policy_v1.csv,g4_g3_owner_policy_revision_v1.csv
NGIQ-BR-00000357,LB.Bl (Amygdala) left,left,JULICH_BRAIN_CYTOARCHITECTONIC_ATLAS_V3_1_LB_AMYGDALA,LB_AMYGDALA_LEFT.nii.gz,SHARED_SPATIAL_EVIDENCE_ONLY,NO_INDEPENDENT_LEAF_SPATIAL_EVIDENCE,N/A,OWNER_SCIENTIFIC_REVIEWED,False,False,,G4_G3_FINAL_SCIENTIFIC_POLICY_V1,g4_g3_scientific_decision_policy_v1.csv,g4_g3_owner_policy_revision_v1.csv
NGIQ-BR-00000358,LB.Bm (Amygdala) left,left,JULICH_BRAIN_CYTOARCHITECTONIC_ATLAS_V3_1_LB_AMYGDALA,LB_AMYGDALA_LEFT.nii.gz,SHARED_SPATIAL_EVIDENCE_ONLY,NO_INDEPENDENT_LEAF_SPATIAL_EVIDENCE,N/A,OWNER_SCIENTIFIC_REVIEWED,False,False,,G4_G3_FINAL_SCIENTIFIC_POLICY_V1,g4_g3_scientific_decision_policy_v1.csv,g4_g3_owner_policy_revision_v1.csv
NGIQ-BR-00000359,LB.Pl (Amygdala) left,left,JULICH_BRAIN_CYTOARCHITECTONIC_ATLAS_V3_1_LB_AMYGDALA,LB_AMYGDALA_LEFT.nii.gz,SHARED_SPATIAL_EVIDENCE_ONLY,NO_INDEPENDENT_LEAF_SPATIAL_EVIDENCE,N/A,OWNER_SCIENTIFIC_REVIEWED,False,False,,G4_G3_FINAL_SCIENTIFIC_POLICY_V1,g4_g3_scientific_decision_policy_v1.csv,g4_g3_owner_policy_revision_v1.csv
NGIQ-BR-00000360,LB.La (Amygdala) left,left,JULICH_BRAIN_CYTOARCHITECTONIC_ATLAS_V3_1_LB_AMYGDALA,LB_AMYGDALA_LEFT.nii.gz,SHARED_SPATIAL_EVIDENCE_ONLY,NO_INDEPENDENT_LEAF_SPATIAL_EVIDENCE,N/A,OWNER_SCIENTIFIC_REVIEWED,False,False,,G4_G3_FINAL_SCIENTIFIC_POLICY_V1,g4_g3_scientific_decision_policy_v1.csv,g4_g3_owner_policy_revision_v1.csv
NGIQ-BR-00000361,SF.AHi (Amygdala) right,right,JULICH_BRAIN_CYTOARCHITECTONIC_ATLAS_V3_1_SF_AMYGDALA,SF_AMYGDALA_RIGHT.nii.gz,SHARED_SPATIAL_EVIDENCE_ONLY,NO_INDEPENDENT_LEAF_SPATIAL_EVIDENCE,N/A,OWNER_SCIENTIFIC_REVIEWED,False,False,,G4_G3_FINAL_SCIENTIFIC_POLICY_V1,g4_g3_scientific_decision_policy_v1.csv,g4_g3_owner_policy_revision_v1.csv
NGIQ-BR-00000362,SF.APir (Amygdala) right,right,JULICH_BRAIN_CYTOARCHITECTONIC_ATLAS_V3_1_SF_AMYGDALA,SF_AMYGDALA_RIGHT.nii.gz,SHARED_SPATIAL_EVIDENCE_ONLY,NO_INDEPENDENT_LEAF_SPATIAL_EVIDENCE,N/A,OWNER_SCIENTIFIC_REVIEWED,False,False,,G4_G3_FINAL_SCIENTIFIC_POLICY_V1,g4_g3_scientific_decision_policy_v1.csv,g4_g3_owner_policy_revision_v1.csv
NGIQ-BR-00000363,SF.VCo (Amygdala) right,right,JULICH_BRAIN_CYTOARCHITECTONIC_ATLAS_V3_1_SF_AMYGDALA,SF_AMYGDALA_RIGHT.nii.gz,SHARED_SPATIAL_EVIDENCE_ONLY,NO_INDEPENDENT_LEAF_SPATIAL_EVIDENCE,N/A,OWNER_SCIENTIFIC_REVIEWED,False,False,,G4_G3_FINAL_SCIENTIFIC_POLICY_V1,g4_g3_scientific_decision_policy_v1.csv,g4_g3_owner_policy_revision_v1.csv
NGIQ-BR-00000364,SF.AHi (Amygdala) left,left,JULICH_BRAIN_CYTOARCHITECTONIC_ATLAS_V3_1_SF_AMYGDALA,SF_AMYGDALA_LEFT.nii.gz,SHARED_SPATIAL_EVIDENCE_ONLY,NO_INDEPENDENT_LEAF_SPATIAL_EVIDENCE,N/A,OWNER_SCIENTIFIC_REVIEWED,False,False,,G4_G3_FINAL_SCIENTIFIC_POLICY_V1,g4_g3_scientific_decision_policy_v1.csv,g4_g3_owner_policy_revision_v1.csv
NGIQ-BR-00000365,SF.APir (Amygdala) left,left,JULICH_BRAIN_CYTOARCHITECTONIC_ATLAS_V3_1_SF_AMYGDALA,SF_AMYGDALA_LEFT.nii.gz,SHARED_SPATIAL_EVIDENCE_ONLY,NO_INDEPENDENT_LEAF_SPATIAL_EVIDENCE,N/A,OWNER_SCIENTIFIC_REVIEWED,False,False,,G4_G3_FINAL_SCIENTIFIC_POLICY_V1,g4_g3_scientific_decision_policy_v1.csv,g4_g3_owner_policy_revision_v1.csv
NGIQ-BR-00000366,SF.VCo (Amygdala) left,left,JULICH_BRAIN_CYTOARCHITECTONIC_ATLAS_V3_1_SF_AMYGDALA,SF_AMYGDALA_LEFT.nii.gz,SHARED_SPATIAL_EVIDENCE_ONLY,NO_INDEPENDENT_LEAF_SPATIAL_EVIDENCE,N/A,OWNER_SCIENTIFIC_REVIEWED,False,False,,G4_G3_FINAL_SCIENTIFIC_POLICY_V1,g4_g3_scientific_decision_policy_v1.csv,g4_g3_owner_policy_revision_v1.csv
NGIQ-BR-00000367,Astr (Amygdala) right,right,JULICH_BRAIN_CYTOARCHITECTONIC_ATLAS_V3_1_ASTR_AMYGDALA,ASTR_AMYGDALA_RIGHT.nii.gz,CONFLICT_REVIEW,HIGH_FRAGMENTATION,N/A,OWNER_SCIENTIFIC_REVIEWED,False,False,,G4_G3_FINAL_SCIENTIFIC_POLICY_V1,g4_g3_scientific_decision_policy_v1.csv,g4_g3_owner_policy_revision_v1.csv
NGIQ-BR-00000368,Astr (Amygdala) left,left,JULICH_BRAIN_CYTOARCHITECTONIC_ATLAS_V3_1_ASTR_AMYGDALA,ASTR_AMYGDALA_LEFT.nii.gz,CONFLICT_REVIEW,PARTIAL_TARGET_EVIDENCE_INCONSISTENT,N/A,OWNER_SCIENTIFIC_REVIEWED,False,False,,G4_G3_FINAL_SCIENTIFIC_POLICY_V1,g4_g3_scientific_decision_policy_v1.csv,g4_g3_owner_policy_revision_v1.csv
NGIQ-BR-00000369,VTM (Amygdala) right,right,JULICH_BRAIN_CYTOARCHITECTONIC_ATLAS_V3_1_VTM_AMYGDALA,VTM_AMYGDALA_RIGHT.nii.gz,APPROVE_DOMINANT_OVERLAP,DOMINANT_CRITERIA_V1,N/A,OWNER_SCIENTIFIC_REVIEWED,False,False,,G4_G3_FINAL_SCIENTIFIC_POLICY_V1,g4_g3_scientific_decision_policy_v1.csv,g4_g3_owner_policy_revision_v1.csv
NGIQ-BR-00000370,VTM (Amygdala) left,left,JULICH_BRAIN_CYTOARCHITECTONIC_ATLAS_V3_1_VTM_AMYGDALA,VTM_AMYGDALA_LEFT.nii.gz,CONFLICT_REVIEW,SEMANTIC_FAMILY_MISMATCH,N/A,OWNER_SCIENTIFIC_REVIEWED,False,False,,G4_G3_FINAL_SCIENTIFIC_POLICY_V1,g4_g3_scientific_decision_policy_v1.csv,g4_g3_owner_policy_revision_v1.csv
NGIQ-BR-00000371,IF.ice (Amygdala) right,right,JULICH_BRAIN_CYTOARCHITECTONIC_ATLAS_V3_1_IF_AMYGDALA,IF_AMYGDALA_RIGHT.nii.gz,SHARED_SPATIAL_EVIDENCE_ONLY,NO_INDEPENDENT_LEAF_SPATIAL_EVIDENCE,N/A,OWNER_SCIENTIFIC_REVIEWED,False,False,,G4_G3_FINAL_SCIENTIFIC_POLICY_V1,g4_g3_scientific_decision_policy_v1.csv,g4_g3_owner_policy_revision_v1.csv
NGIQ-BR-00000372,IF.iol (Amygdala) right,right,JULICH_BRAIN_CYTOARCHITECTONIC_ATLAS_V3_1_IF_AMYGDALA,IF_AMYGDALA_RIGHT.nii.gz,SHARED_SPATIAL_EVIDENCE_ONLY,NO_INDEPENDENT_LEAF_SPATIAL_EVIDENCE,N/A,OWNER_SCIENTIFIC_REVIEWED,False,False,,G4_G3_FINAL_SCIENTIFIC_POLICY_V1,g4_g3_scientific_decision_policy_v1.csv,g4_g3_owner_policy_revision_v1.csv
NGIQ-BR-00000373,IF.ld (Amygdala) right,right,JULICH_BRAIN_CYTOARCHITECTONIC_ATLAS_V3_1_IF_AMYGDALA,IF_AMYGDALA_RIGHT.nii.gz,SHARED_SPATIAL_EVIDENCE_ONLY,NO_INDEPENDENT_LEAF_SPATIAL_EVIDENCE,N/A,OWNER_SCIENTIFIC_REVIEWED,False,False,,G4_G3_FINAL_SCIENTIFIC_POLICY_V1,g4_g3_scientific_decision_policy_v1.csv,g4_g3_owner_policy_revision_v1.csv
NGIQ-BR-00000374,IF.ice (Amygdala) left,left,JULICH_BRAIN_CYTOARCHITECTONIC_ATLAS_V3_1_IF_AMYGDALA,IF_AMYGDALA_LEFT.nii.gz,SHARED_SPATIAL_EVIDENCE_ONLY,NO_INDEPENDENT_LEAF_SPATIAL_EVIDENCE,N/A,OWNER_SCIENTIFIC_REVIEWED,False,False,,G4_G3_FINAL_SCIENTIFIC_POLICY_V1,g4_g3_scientific_decision_policy_v1.csv,g4_g3_owner_policy_revision_v1.csv
NGIQ-BR-00000375,IF.iol (Amygdala) left,left,JULICH_BRAIN_CYTOARCHITECTONIC_ATLAS_V3_1_IF_AMYGDALA,IF_AMYGDALA_LEFT.nii.gz,SHARED_SPATIAL_EVIDENCE_ONLY,NO_INDEPENDENT_LEAF_SPATIAL_EVIDENCE,N/A,OWNER_SCIENTIFIC_REVIEWED,False,False,,G4_G3_FINAL_SCIENTIFIC_POLICY_V1,g4_g3_scientific_decision_policy_v1.csv,g4_g3_owner_policy_revision_v1.csv
NGIQ-BR-00000376,IF.ld (Amygdala) left,left,JULICH_BRAIN_CYTOARCHITECTONIC_ATLAS_V3_1_IF_AMYGDALA,IF_AMYGDALA_LEFT.nii.gz,SHARED_SPATIAL_EVIDENCE_ONLY,NO_INDEPENDENT_LEAF_SPATIAL_EVIDENCE,N/A,OWNER_SCIENTIFIC_REVIEWED,False,False,,G4_G3_FINAL_SCIENTIFIC_POLICY_V1,g4_g3_scientific_decision_policy_v1.csv,g4_g3_owner_policy_revision_v1.csv
NGIQ-BR-00000377,MF.icm (Amygdala) right,right,JULICH_BRAIN_CYTOARCHITECTONIC_ATLAS_V3_1_MF_AMYGDALA,MF_AMYGDALA_RIGHT.nii.gz,SHARED_SPATIAL_EVIDENCE_ONLY,NO_INDEPENDENT_LEAF_SPATIAL_EVIDENCE,N/A,OWNER_SCIENTIFIC_REVIEWED,False,False,,G4_G3_FINAL_SCIENTIFIC_POLICY_V1,g4_g3_scientific_decision_policy_v1.csv,g4_g3_owner_policy_revision_v1.csv
NGIQ-BR-00000378,MF.lm (Amygdala) right,right,JULICH_BRAIN_CYTOARCHITECTONIC_ATLAS_V3_1_MF_AMYGDALA,MF_AMYGDALA_RIGHT.nii.gz,SHARED_SPATIAL_EVIDENCE_ONLY,NO_INDEPENDENT_LEAF_SPATIAL_EVIDENCE,N/A,OWNER_SCIENTIFIC_REVIEWED,False,False,,G4_G3_FINAL_SCIENTIFIC_POLICY_V1,g4_g3_scientific_decision_policy_v1.csv,g4_g3_owner_policy_revision_v1.csv
NGIQ-BR-00000379,MF.icm (Amygdala) left,left,JULICH_BRAIN_CYTOARCHITECTONIC_ATLAS_V3_1_MF_AMYGDALA,MF_AMYGDALA_LEFT.nii.gz,SHARED_SPATIAL_EVIDENCE_ONLY,NO_INDEPENDENT_LEAF_SPATIAL_EVIDENCE,N/A,OWNER_SCIENTIFIC_REVIEWED,False,False,,G4_G3_FINAL_SCIENTIFIC_POLICY_V1,g4_g3_scientific_decision_policy_v1.csv,g4_g3_owner_policy_revision_v1.csv
NGIQ-BR-00000380,MF.lm (Amygdala) left,left,JULICH_BRAIN_CYTOARCHITECTONIC_ATLAS_V3_1_MF_AMYGDALA,MF_AMYGDALA_LEFT.nii.gz,SHARED_SPATIAL_EVIDENCE_ONLY,NO_INDEPENDENT_LEAF_SPATIAL_EVIDENCE,N/A,OWNER_SCIENTIFIC_REVIEWED,False,False,,G4_G3_FINAL_SCIENTIFIC_POLICY_V1,g4_g3_scientific_decision_policy_v1.csv,g4_g3_owner_policy_revision_v1.csv
NGIQ-BR-00000381,Area 5L (SPL) right,right,JULICH_BRAIN_CYTOARCHITECTONIC_ATLAS_V3_1_AREA_5L_SPL,AREA_5L_SPL_RIGHT.nii.gz,PARTIAL_OVERLAP,OWNER_CONFIRMED_PARTIAL,N/A,OWNER_SCIENTIFIC_REVIEWED,False,False,,G4_G3_FINAL_SCIENTIFIC_POLICY_V1,g4_g3_scientific_decision_policy_v1.csv,g4_g3_owner_policy_revision_v1.csv
NGIQ-BR-00000382,Area 5L (SPL) left,left,JULICH_BRAIN_CYTOARCHITECTONIC_ATLAS_V3_1_AREA_5L_SPL,AREA_5L_SPL_LEFT.nii.gz,CONFLICT_REVIEW,HIGH_FRAGMENTATION,N/A,OWNER_SCIENTIFIC_REVIEWED,False,False,,G4_G3_FINAL_SCIENTIFIC_POLICY_V1,g4_g3_scientific_decision_policy_v1.csv,g4_g3_owner_policy_revision_v1.csv
NGIQ-BR-00000383,Area 7M (SPL) right,right,JULICH_BRAIN_CYTOARCHITECTONIC_ATLAS_V3_1_AREA_7M_SPL,AREA_7M_SPL_RIGHT.nii.gz,CONFLICT_REVIEW,MULTI_TARGET_DIFFUSE_REMAINDER,N/A,OWNER_SCIENTIFIC_REVIEWED,False,False,,G4_G3_FINAL_SCIENTIFIC_POLICY_V1,g4_g3_scientific_decision_policy_v1.csv,g4_g3_owner_policy_revision_v1.csv
NGIQ-BR-00000384,Area 7M (SPL) left,left,JULICH_BRAIN_CYTOARCHITECTONIC_ATLAS_V3_1_AREA_7M_SPL,AREA_7M_SPL_LEFT.nii.gz,PARTIAL_OVERLAP,FINAL_MULTI_TARGET_PARTIAL_GATE_PASS,N/A,OWNER_SCIENTIFIC_REVIEWED,False,False,,G4_G3_FINAL_SCIENTIFIC_POLICY_V1,g4_g3_scientific_decision_policy_v1.csv,g4_g3_owner_policy_revision_v1.csv
NGIQ-BR-00000385,Area 7PC (SPL) right,right,JULICH_BRAIN_CYTOARCHITECTONIC_ATLAS_V3_1_AREA_7PC_SPL,AREA_7PC_SPL_RIGHT.nii.gz,PARTIAL_OVERLAP,OWNER_CONFIRMED_PARTIAL,N/A,OWNER_SCIENTIFIC_REVIEWED,False,False,,G4_G3_FINAL_SCIENTIFIC_POLICY_V1,g4_g3_scientific_decision_policy_v1.csv,g4_g3_owner_policy_revision_v1.csv
NGIQ-BR-00000386,Area 7PC (SPL) left,left,JULICH_BRAIN_CYTOARCHITECTONIC_ATLAS_V3_1_AREA_7PC_SPL,AREA_7PC_SPL_LEFT.nii.gz,PARTIAL_OVERLAP,OWNER_CONFIRMED_PARTIAL,N/A,OWNER_SCIENTIFIC_REVIEWED,False,False,,G4_G3_FINAL_SCIENTIFIC_POLICY_V1,g4_g3_scientific_decision_policy_v1.csv,g4_g3_owner_policy_revision_v1.csv
NGIQ-BR-00000387,Area 5M (SPL) right,right,JULICH_BRAIN_CYTOARCHITECTONIC_ATLAS_V3_1_AREA_5M_SPL,AREA_5M_SPL_RIGHT.nii.gz,PARTIAL_OVERLAP,OWNER_CONFIRMED_PARTIAL_SET_CONCORDANT,N/A,OWNER_SCIENTIFIC_REVIEWED,False,False,,G4_G3_FINAL_SCIENTIFIC_POLICY_V1,g4_g3_scientific_decision_policy_v1.csv,g4_g3_owner_policy_revision_v1.csv
NGIQ-BR-00000388,Area 5M (SPL) left,left,JULICH_BRAIN_CYTOARCHITECTONIC_ATLAS_V3_1_AREA_5M_SPL,AREA_5M_SPL_LEFT.nii.gz,PARTIAL_OVERLAP,OWNER_CONFIRMED_PARTIAL,N/A,OWNER_SCIENTIFIC_REVIEWED,False,False,,G4_G3_FINAL_SCIENTIFIC_POLICY_V1,g4_g3_scientific_decision_policy_v1.csv,g4_g3_owner_policy_revision_v1.csv
NGIQ-BR-00000389,Area 7P (SPL) right,right,JULICH_BRAIN_CYTOARCHITECTONIC_ATLAS_V3_1_AREA_7P_SPL,AREA_7P_SPL_RIGHT.nii.gz,APPROVE_DOMINANT_OVERLAP,DOMINANT_CRITERIA_V1,N/A,OWNER_SCIENTIFIC_REVIEWED,False,False,,G4_G3_FINAL_SCIENTIFIC_POLICY_V1,g4_g3_scientific_decision_policy_v1.csv,g4_g3_owner_policy_revision_v1.csv
NGIQ-BR-00000390,Area 7P (SPL) left,left,JULICH_BRAIN_CYTOARCHITECTONIC_ATLAS_V3_1_AREA_7P_SPL,AREA_7P_SPL_LEFT.nii.gz,PARTIAL_OVERLAP,OWNER_CONFIRMED_PARTIAL_SET_CONCORDANT,N/A,OWNER_SCIENTIFIC_REVIEWED,False,False,,G4_G3_FINAL_SCIENTIFIC_POLICY_V1,g4_g3_scientific_decision_policy_v1.csv,g4_g3_owner_policy_revision_v1.csv
NGIQ-BR-00000391,Area 5Ci (SPL) right,right,JULICH_BRAIN_CYTOARCHITECTONIC_ATLAS_V3_1_AREA_5CI_SPL,AREA_5CI_SPL_RIGHT.nii.gz,PARTIAL_OVERLAP,OWNER_CONFIRMED_PARTIAL,N/A,OWNER_SCIENTIFIC_REVIEWED,False,False,,G4_G3_FINAL_SCIENTIFIC_POLICY_V1,g4_g3_scientific_decision_policy_v1.csv,g4_g3_owner_policy_revision_v1.csv
NGIQ-BR-00000392,Area 5Ci (SPL) left,left,JULICH_BRAIN_CYTOARCHITECTONIC_ATLAS_V3_1_AREA_5CI_SPL,AREA_5CI_SPL_LEFT.nii.gz,PARTIAL_OVERLAP,OWNER_CONFIRMED_PARTIAL_SET_CONCORDANT,N/A,OWNER_SCIENTIFIC_REVIEWED,False,False,,G4_G3_FINAL_SCIENTIFIC_POLICY_V1,g4_g3_scientific_decision_policy_v1.csv,g4_g3_owner_policy_revision_v1.csv
NGIQ-BR-00000393,Area 7A (SPL) right,right,JULICH_BRAIN_CYTOARCHITECTONIC_ATLAS_V3_1_AREA_7A_SPL,AREA_7A_SPL_RIGHT.nii.gz,CONFLICT_REVIEW,HIGH_FRAGMENTATION,N/A,OWNER_SCIENTIFIC_REVIEWED,False,False,,G4_G3_FINAL_SCIENTIFIC_POLICY_V1,g4_g3_scientific_decision_policy_v1.csv,g4_g3_owner_policy_revision_v1.csv
NGIQ-BR-00000394,Area 7A (SPL) left,left,JULICH_BRAIN_CYTOARCHITECTONIC_ATLAS_V3_1_AREA_7A_SPL,AREA_7A_SPL_LEFT.nii.gz,CONFLICT_REVIEW,HIGH_FRAGMENTATION,N/A,OWNER_SCIENTIFIC_REVIEWED,False,False,,G4_G3_FINAL_SCIENTIFIC_POLICY_V1,g4_g3_scientific_decision_policy_v1.csv,g4_g3_owner_policy_revision_v1.csv
NGIQ-BR-00000395,Area 3b (PostCG) right,right,JULICH_BRAIN_CYTOARCHITECTONIC_ATLAS_V3_1_AREA_3B_POSTCG,AREA_3B_POSTCG_RIGHT.nii.gz,CONFLICT_REVIEW,HIGH_FRAGMENTATION,N/A,OWNER_SCIENTIFIC_REVIEWED,False,False,,G4_G3_FINAL_SCIENTIFIC_POLICY_V1,g4_g3_scientific_decision_policy_v1.csv,g4_g3_owner_policy_revision_v1.csv
NGIQ-BR-00000396,Area 3b (PostCG) left,left,JULICH_BRAIN_CYTOARCHITECTONIC_ATLAS_V3_1_AREA_3B_POSTCG,AREA_3B_POSTCG_LEFT.nii.gz,CONFLICT_REVIEW,HIGH_FRAGMENTATION,N/A,OWNER_SCIENTIFIC_REVIEWED,False,False,,G4_G3_FINAL_SCIENTIFIC_POLICY_V1,g4_g3_scientific_decision_policy_v1.csv,g4_g3_owner_policy_revision_v1.csv
NGIQ-BR-00000397,Area 1 (PostCG) right,right,JULICH_BRAIN_CYTOARCHITECTONIC_ATLAS_V3_1_AREA_1_POSTCG,AREA_1_POSTCG_RIGHT.nii.gz,PARTIAL_OVERLAP,OWNER_CONFIRMED_PARTIAL,N/A,OWNER_SCIENTIFIC_REVIEWED,False,False,,G4_G3_FINAL_SCIENTIFIC_POLICY_V1,g4_g3_scientific_decision_policy_v1.csv,g4_g3_owner_policy_revision_v1.csv
NGIQ-BR-00000398,Area 1 (PostCG) left,left,JULICH_BRAIN_CYTOARCHITECTONIC_ATLAS_V3_1_AREA_1_POSTCG,AREA_1_POSTCG_LEFT.nii.gz,PARTIAL_OVERLAP,OWNER_CONFIRMED_PARTIAL,N/A,OWNER_SCIENTIFIC_REVIEWED,False,False,,G4_G3_FINAL_SCIENTIFIC_POLICY_V1,g4_g3_scientific_decision_policy_v1.csv,g4_g3_owner_policy_revision_v1.csv
NGIQ-BR-00000399,Area 2 (PostCS) right,right,JULICH_BRAIN_CYTOARCHITECTONIC_ATLAS_V3_1_AREA_2_POSTCS,AREA_2_POSTCS_RIGHT.nii.gz,CONFLICT_REVIEW,HIGH_FRAGMENTATION,N/A,OWNER_SCIENTIFIC_REVIEWED,False,False,,G4_G3_FINAL_SCIENTIFIC_POLICY_V1,g4_g3_scientific_decision_policy_v1.csv,g4_g3_owner_policy_revision_v1.csv
NGIQ-BR-00000400,Area 2 (PostCS) left,left,JULICH_BRAIN_CYTOARCHITECTONIC_ATLAS_V3_1_AREA_2_POSTCS,AREA_2_POSTCS_LEFT.nii.gz,CONFLICT_REVIEW,HIGH_FRAGMENTATION,N/A,OWNER_SCIENTIFIC_REVIEWED,False,False,,G4_G3_FINAL_SCIENTIFIC_POLICY_V1,g4_g3_scientific_decision_policy_v1.csv,g4_g3_owner_policy_revision_v1.csv
NGIQ-BR-00000401,Area 3a (PostCG) right,right,JULICH_BRAIN_CYTOARCHITECTONIC_ATLAS_V3_1_AREA_3A_POSTCG,AREA_3A_POSTCG_RIGHT.nii.gz,CONFLICT_REVIEW,HIGH_FRAGMENTATION,N/A,OWNER_SCIENTIFIC_REVIEWED,False,False,,G4_G3_FINAL_SCIENTIFIC_POLICY_V1,g4_g3_scientific_decision_policy_v1.csv,g4_g3_owner_policy_revision_v1.csv
NGIQ-BR-00000402,Area 3a (PostCG) left,left,JULICH_BRAIN_CYTOARCHITECTONIC_ATLAS_V3_1_AREA_3A_POSTCG,AREA_3A_POSTCG_LEFT.nii.gz,CONFLICT_REVIEW,HIGH_FRAGMENTATION,N/A,OWNER_SCIENTIFIC_REVIEWED,False,False,,G4_G3_FINAL_SCIENTIFIC_POLICY_V1,g4_g3_scientific_decision_policy_v1.csv,g4_g3_owner_policy_revision_v1.csv
NGIQ-BR-00000403,Area Op1 (POperc) right,right,JULICH_BRAIN_CYTOARCHITECTONIC_ATLAS_V3_1_AREA_OP1_POPERC,AREA_OP1_POPERC_RIGHT.nii.gz,PARTIAL_OVERLAP,OWNER_CONFIRMED_PARTIAL,N/A,OWNER_SCIENTIFIC_REVIEWED,False,False,,G4_G3_FINAL_SCIENTIFIC_POLICY_V1,g4_g3_scientific_decision_policy_v1.csv,g4_g3_owner_policy_revision_v1.csv
NGIQ-BR-00000404,Area Op1 (POperc) left,left,JULICH_BRAIN_CYTOARCHITECTONIC_ATLAS_V3_1_AREA_OP1_POPERC,AREA_OP1_POPERC_LEFT.nii.gz,APPROVE_DOMINANT_OVERLAP,DOMINANT_CRITERIA_V1,N/A,OWNER_SCIENTIFIC_REVIEWED,False,False,,G4_G3_FINAL_SCIENTIFIC_POLICY_V1,g4_g3_scientific_decision_policy_v1.csv,g4_g3_owner_policy_revision_v1.csv
NGIQ-BR-00000405,Area Op2 (POperc) right,right,JULICH_BRAIN_CYTOARCHITECTONIC_ATLAS_V3_1_AREA_OP2_POPERC,AREA_OP2_POPERC_RIGHT.nii.gz,PARTIAL_OVERLAP,OWNER_CONFIRMED_PARTIAL,N/A,OWNER_SCIENTIFIC_REVIEWED,False,False,,G4_G3_FINAL_SCIENTIFIC_POLICY_V1,g4_g3_scientific_decision_policy_v1.csv,g4_g3_owner_policy_revision_v1.csv
NGIQ-BR-00000406,Area Op2 (POperc) left,left,JULICH_BRAIN_CYTOARCHITECTONIC_ATLAS_V3_1_AREA_OP2_POPERC,AREA_OP2_POPERC_LEFT.nii.gz,APPROVE_DOMINANT_OVERLAP,DOMINANT_CRITERIA_V1,N/A,OWNER_SCIENTIFIC_REVIEWED,False,False,BOUNDARY_METRIC,G4_G3_FINAL_SCIENTIFIC_POLICY_V1,g4_g3_scientific_decision_policy_v1.csv,g4_g3_owner_policy_revision_v1.csv
NGIQ-BR-00000407,Area Op3 (POperc) right,right,JULICH_BRAIN_CYTOARCHITECTONIC_ATLAS_V3_1_AREA_OP3_POPERC,AREA_OP3_POPERC_RIGHT.nii.gz,PARTIAL_OVERLAP,OWNER_CONFIRMED_PARTIAL,N/A,OWNER_SCIENTIFIC_REVIEWED,False,False,,G4_G3_FINAL_SCIENTIFIC_POLICY_V1,g4_g3_scientific_decision_policy_v1.csv,g4_g3_owner_policy_revision_v1.csv
NGIQ-BR-00000408,Area Op3 (POperc) left,left,JULICH_BRAIN_CYTOARCHITECTONIC_ATLAS_V3_1_AREA_OP3_POPERC,AREA_OP3_POPERC_LEFT.nii.gz,PARTIAL_OVERLAP,OWNER_CONFIRMED_PARTIAL,N/A,OWNER_SCIENTIFIC_REVIEWED,False,False,,G4_G3_FINAL_SCIENTIFIC_POLICY_V1,g4_g3_scientific_decision_policy_v1.csv,g4_g3_owner_policy_revision_v1.csv
NGIQ-BR-00000409,Area Op4 (POperc) right,right,JULICH_BRAIN_CYTOARCHITECTONIC_ATLAS_V3_1_AREA_OP4_POPERC,AREA_OP4_POPERC_RIGHT.nii.gz,APPROVE_DOMINANT_OVERLAP,DOMINANT_CRITERIA_V1,N/A,OWNER_SCIENTIFIC_REVIEWED,False,False,BOUNDARY_METRIC,G4_G3_FINAL_SCIENTIFIC_POLICY_V1,g4_g3_scientific_decision_policy_v1.csv,g4_g3_owner_policy_revision_v1.csv
NGIQ-BR-00000410,Area Op4 (POperc) left,left,JULICH_BRAIN_CYTOARCHITECTONIC_ATLAS_V3_1_AREA_OP4_POPERC,AREA_OP4_POPERC_LEFT.nii.gz,APPROVE_DOMINANT_OVERLAP,DOMINANT_CRITERIA_V1,N/A,OWNER_SCIENTIFIC_REVIEWED,False,False,,G4_G3_FINAL_SCIENTIFIC_POLICY_V1,g4_g3_scientific_decision_policy_v1.csv,g4_g3_owner_policy_revision_v1.csv
NGIQ-BR-00000411,Area PF (IPL) right,right,JULICH_BRAIN_CYTOARCHITECTONIC_ATLAS_V3_1_AREA_PF_IPL,AREA_PF_IPL_RIGHT.nii.gz,APPROVE_DOMINANT_OVERLAP,DOMINANT_CRITERIA_V1,N/A,OWNER_SCIENTIFIC_REVIEWED,False,False,BOUNDARY_METRIC,G4_G3_FINAL_SCIENTIFIC_POLICY_V1,g4_g3_scientific_decision_policy_v1.csv,g4_g3_owner_policy_revision_v1.csv
NGIQ-BR-00000412,Area PF (IPL) left,left,JULICH_BRAIN_CYTOARCHITECTONIC_ATLAS_V3_1_AREA_PF_IPL,AREA_PF_IPL_LEFT.nii.gz,PARTIAL_OVERLAP,OWNER_CONFIRMED_PARTIAL,N/A,OWNER_SCIENTIFIC_REVIEWED,False,False,,G4_G3_FINAL_SCIENTIFIC_POLICY_V1,g4_g3_scientific_decision_policy_v1.csv,g4_g3_owner_policy_revision_v1.csv
NGIQ-BR-00000413,Area PFcm (IPL) right,right,JULICH_BRAIN_CYTOARCHITECTONIC_ATLAS_V3_1_AREA_PFCM_IPL,AREA_PFCM_IPL_RIGHT.nii.gz,APPROVE_CONTAINED_IN,OWNER_CONFIRMED_CONTAINED,NESTED_COMPATIBLE_FAMILY,OWNER_SCIENTIFIC_REVIEWED,True,True,,G4_G3_FINAL_SCIENTIFIC_POLICY_V1,g4_g3_scientific_decision_policy_v1.csv,g4_g3_owner_policy_revision_v1.csv
NGIQ-BR-00000414,Area PFcm (IPL) left,left,JULICH_BRAIN_CYTOARCHITECTONIC_ATLAS_V3_1_AREA_PFCM_IPL,AREA_PFCM_IPL_LEFT.nii.gz,APPROVE_DOMINANT_OVERLAP,DOMINANT_CRITERIA_V1,N/A,OWNER_SCIENTIFIC_REVIEWED,False,False,,G4_G3_FINAL_SCIENTIFIC_POLICY_V1,g4_g3_scientific_decision_policy_v1.csv,g4_g3_owner_policy_revision_v1.csv
NGIQ-BR-00000415,Area PGa (IPL) right,right,JULICH_BRAIN_CYTOARCHITECTONIC_ATLAS_V3_1_AREA_PGA_IPL,AREA_PGA_IPL_RIGHT.nii.gz,APPROVE_DOMINANT_OVERLAP,DOMINANT_CRITERIA_V1,N/A,OWNER_SCIENTIFIC_REVIEWED,False,False,BOUNDARY_METRIC,G4_G3_FINAL_SCIENTIFIC_POLICY_V1,g4_g3_scientific_decision_policy_v1.csv,g4_g3_owner_policy_revision_v1.csv
NGIQ-BR-00000416,Area PGa (IPL) left,left,JULICH_BRAIN_CYTOARCHITECTONIC_ATLAS_V3_1_AREA_PGA_IPL,AREA_PGA_IPL_LEFT.nii.gz,PARTIAL_OVERLAP,OWNER_CONFIRMED_PARTIAL,N/A,OWNER_SCIENTIFIC_REVIEWED,False,False,,G4_G3_FINAL_SCIENTIFIC_POLICY_V1,g4_g3_scientific_decision_policy_v1.csv,g4_g3_owner_policy_revision_v1.csv
NGIQ-BR-00000417,Area PFt (IPL) right,right,JULICH_BRAIN_CYTOARCHITECTONIC_ATLAS_V3_1_AREA_PFT_IPL,AREA_PFT_IPL_RIGHT.nii.gz,PARTIAL_OVERLAP,OWNER_CONFIRMED_PARTIAL,N/A,OWNER_SCIENTIFIC_REVIEWED,False,False,,G4_G3_FINAL_SCIENTIFIC_POLICY_V1,g4_g3_scientific_decision_policy_v1.csv,g4_g3_owner_policy_revision_v1.csv
NGIQ-BR-00000418,Area PFt (IPL) left,left,JULICH_BRAIN_CYTOARCHITECTONIC_ATLAS_V3_1_AREA_PFT_IPL,AREA_PFT_IPL_LEFT.nii.gz,APPROVE_DOMINANT_OVERLAP,DOMINANT_CRITERIA_V1,N/A,OWNER_SCIENTIFIC_REVIEWED,False,False,,G4_G3_FINAL_SCIENTIFIC_POLICY_V1,g4_g3_scientific_decision_policy_v1.csv,g4_g3_owner_policy_revision_v1.csv
NGIQ-BR-00000419,Area PFm (IPL) right,right,JULICH_BRAIN_CYTOARCHITECTONIC_ATLAS_V3_1_AREA_PFM_IPL,AREA_PFM_IPL_RIGHT.nii.gz,APPROVE_DOMINANT_OVERLAP,DOMINANT_CRITERIA_V1,N/A,OWNER_SCIENTIFIC_REVIEWED,False,False,,G4_G3_FINAL_SCIENTIFIC_POLICY_V1,g4_g3_scientific_decision_policy_v1.csv,g4_g3_owner_policy_revision_v1.csv
NGIQ-BR-00000420,Area PFm (IPL) left,left,JULICH_BRAIN_CYTOARCHITECTONIC_ATLAS_V3_1_AREA_PFM_IPL,AREA_PFM_IPL_LEFT.nii.gz,APPROVE_DOMINANT_OVERLAP,DOMINANT_CRITERIA_V1,N/A,OWNER_SCIENTIFIC_REVIEWED,False,False,,G4_G3_FINAL_SCIENTIFIC_POLICY_V1,g4_g3_scientific_decision_policy_v1.csv,g4_g3_owner_policy_revision_v1.csv
NGIQ-BR-00000421,Area PGp (IPL) right,right,JULICH_BRAIN_CYTOARCHITECTONIC_ATLAS_V3_1_AREA_PGP_IPL,AREA_PGP_IPL_RIGHT.nii.gz,PARTIAL_OVERLAP,OWNER_CONFIRMED_PARTIAL,N/A,OWNER_SCIENTIFIC_REVIEWED,False,False,,G4_G3_FINAL_SCIENTIFIC_POLICY_V1,g4_g3_scientific_decision_policy_v1.csv,g4_g3_owner_policy_revision_v1.csv
NGIQ-BR-00000422,Area PGp (IPL) left,left,JULICH_BRAIN_CYTOARCHITECTONIC_ATLAS_V3_1_AREA_PGP_IPL,AREA_PGP_IPL_LEFT.nii.gz,APPROVE_DOMINANT_OVERLAP,DOMINANT_CRITERIA_V1,N/A,OWNER_SCIENTIFIC_REVIEWED,False,False,,G4_G3_FINAL_SCIENTIFIC_POLICY_V1,g4_g3_scientific_decision_policy_v1.csv,g4_g3_owner_policy_revision_v1.csv
NGIQ-BR-00000423,Area PFop (IPL) right,right,JULICH_BRAIN_CYTOARCHITECTONIC_ATLAS_V3_1_AREA_PFOP_IPL,AREA_PFOP_IPL_RIGHT.nii.gz,PARTIAL_OVERLAP,FINAL_MULTI_TARGET_PARTIAL_GATE_PASS,N/A,OWNER_SCIENTIFIC_REVIEWED,False,False,,G4_G3_FINAL_SCIENTIFIC_POLICY_V1,g4_g3_scientific_decision_policy_v1.csv,g4_g3_owner_policy_revision_v1.csv
NGIQ-BR-00000424,Area PFop (IPL) left,left,JULICH_BRAIN_CYTOARCHITECTONIC_ATLAS_V3_1_AREA_PFOP_IPL,AREA_PFOP_IPL_LEFT.nii.gz,APPROVE_DOMINANT_OVERLAP,DOMINANT_CRITERIA_V1,N/A,OWNER_SCIENTIFIC_REVIEWED,False,False,BOUNDARY_METRIC,G4_G3_FINAL_SCIENTIFIC_POLICY_V1,g4_g3_scientific_decision_policy_v1.csv,g4_g3_owner_policy_revision_v1.csv
NGIQ-BR-00000425,Area hPO1 (POS) right,right,JULICH_BRAIN_CYTOARCHITECTONIC_ATLAS_V3_1_AREA_HPO1_POS,AREA_HPO1_POS_RIGHT.nii.gz,PARTIAL_OVERLAP,OWNER_CONFIRMED_PARTIAL,N/A,OWNER_SCIENTIFIC_REVIEWED,False,False,,G4_G3_FINAL_SCIENTIFIC_POLICY_V1,g4_g3_scientific_decision_policy_v1.csv,g4_g3_owner_policy_revision_v1.csv
NGIQ-BR-00000426,Area hPO1 (POS) left,left,JULICH_BRAIN_CYTOARCHITECTONIC_ATLAS_V3_1_AREA_HPO1_POS,AREA_HPO1_POS_LEFT.nii.gz,CONFLICT_REVIEW,HIGH_FRAGMENTATION,N/A,OWNER_SCIENTIFIC_REVIEWED,False,False,,G4_G3_FINAL_SCIENTIFIC_POLICY_V1,g4_g3_scientific_decision_policy_v1.csv,g4_g3_owner_policy_revision_v1.csv
NGIQ-BR-00000427,Area hIP1 (IPS) right,right,JULICH_BRAIN_CYTOARCHITECTONIC_ATLAS_V3_1_AREA_HIP1_IPS,AREA_HIP1_IPS_RIGHT.nii.gz,CONFLICT_REVIEW,HIGH_FRAGMENTATION,N/A,OWNER_SCIENTIFIC_REVIEWED,False,False,,G4_G3_FINAL_SCIENTIFIC_POLICY_V1,g4_g3_scientific_decision_policy_v1.csv,g4_g3_owner_policy_revision_v1.csv
NGIQ-BR-00000428,Area hIP1 (IPS) left,left,JULICH_BRAIN_CYTOARCHITECTONIC_ATLAS_V3_1_AREA_HIP1_IPS,AREA_HIP1_IPS_LEFT.nii.gz,PARTIAL_OVERLAP,FINAL_MULTI_TARGET_PARTIAL_GATE_PASS,N/A,OWNER_SCIENTIFIC_REVIEWED,False,False,,G4_G3_FINAL_SCIENTIFIC_POLICY_V1,g4_g3_scientific_decision_policy_v1.csv,g4_g3_owner_policy_revision_v1.csv
NGIQ-BR-00000429,Area hIP7 (IPS) right,right,JULICH_BRAIN_CYTOARCHITECTONIC_ATLAS_V3_1_AREA_HIP7_IPS,AREA_HIP7_IPS_RIGHT.nii.gz,APPROVE_DOMINANT_OVERLAP,DOMINANT_CRITERIA_V1,N/A,OWNER_SCIENTIFIC_REVIEWED,False,False,BOUNDARY_METRIC,G4_G3_FINAL_SCIENTIFIC_POLICY_V1,g4_g3_scientific_decision_policy_v1.csv,g4_g3_owner_policy_revision_v1.csv
NGIQ-BR-00000430,Area hIP7 (IPS) left,left,JULICH_BRAIN_CYTOARCHITECTONIC_ATLAS_V3_1_AREA_HIP7_IPS,AREA_HIP7_IPS_LEFT.nii.gz,APPROVE_DOMINANT_OVERLAP,DOMINANT_CRITERIA_V1,N/A,OWNER_SCIENTIFIC_REVIEWED,False,False,,G4_G3_FINAL_SCIENTIFIC_POLICY_V1,g4_g3_scientific_decision_policy_v1.csv,g4_g3_owner_policy_revision_v1.csv
NGIQ-BR-00000431,Area hIP3 (IPS) right,right,JULICH_BRAIN_CYTOARCHITECTONIC_ATLAS_V3_1_AREA_HIP3_IPS,AREA_HIP3_IPS_RIGHT.nii.gz,PARTIAL_OVERLAP,FINAL_MULTI_TARGET_PARTIAL_GATE_PASS,N/A,OWNER_SCIENTIFIC_REVIEWED,False,False,,G4_G3_FINAL_SCIENTIFIC_POLICY_V1,g4_g3_scientific_decision_policy_v1.csv,g4_g3_owner_policy_revision_v1.csv
NGIQ-BR-00000432,Area hIP3 (IPS) left,left,JULICH_BRAIN_CYTOARCHITECTONIC_ATLAS_V3_1_AREA_HIP3_IPS,AREA_HIP3_IPS_LEFT.nii.gz,PARTIAL_OVERLAP,OWNER_CONFIRMED_PARTIAL,N/A,OWNER_SCIENTIFIC_REVIEWED,False,False,,G4_G3_FINAL_SCIENTIFIC_POLICY_V1,g4_g3_scientific_decision_policy_v1.csv,g4_g3_owner_policy_revision_v1.csv
NGIQ-BR-00000433,Area hIP2 (IPS) right,right,JULICH_BRAIN_CYTOARCHITECTONIC_ATLAS_V3_1_AREA_HIP2_IPS,AREA_HIP2_IPS_RIGHT.nii.gz,APPROVE_DOMINANT_OVERLAP,DOMINANT_CRITERIA_V1,N/A,OWNER_SCIENTIFIC_REVIEWED,False,False,,G4_G3_FINAL_SCIENTIFIC_POLICY_V1,g4_g3_scientific_decision_policy_v1.csv,g4_g3_owner_policy_revision_v1.csv
NGIQ-BR-00000434,Area hIP2 (IPS) left,left,JULICH_BRAIN_CYTOARCHITECTONIC_ATLAS_V3_1_AREA_HIP2_IPS,AREA_HIP2_IPS_LEFT.nii.gz,APPROVE_DOMINANT_OVERLAP,DOMINANT_CRITERIA_V1,N/A,OWNER_SCIENTIFIC_REVIEWED,False,False,,G4_G3_FINAL_SCIENTIFIC_POLICY_V1,g4_g3_scientific_decision_policy_v1.csv,g4_g3_owner_policy_revision_v1.csv
NGIQ-BR-00000435,Area hIP4 (IPS) right,right,JULICH_BRAIN_CYTOARCHITECTONIC_ATLAS_V3_1_AREA_HIP4_IPS,AREA_HIP4_IPS_RIGHT.nii.gz,APPROVE_DOMINANT_OVERLAP,DOMINANT_CRITERIA_V1,N/A,OWNER_SCIENTIFIC_REVIEWED,False,False,,G4_G3_FINAL_SCIENTIFIC_POLICY_V1,g4_g3_scientific_decision_policy_v1.csv,g4_g3_owner_policy_revision_v1.csv
NGIQ-BR-00000436,Area hIP4 (IPS) left,left,JULICH_BRAIN_CYTOARCHITECTONIC_ATLAS_V3_1_AREA_HIP4_IPS,AREA_HIP4_IPS_LEFT.nii.gz,APPROVE_DOMINANT_OVERLAP,DOMINANT_CRITERIA_V1,N/A,OWNER_SCIENTIFIC_REVIEWED,False,False,BOUNDARY_METRIC,G4_G3_FINAL_SCIENTIFIC_POLICY_V1,g4_g3_scientific_decision_policy_v1.csv,g4_g3_owner_policy_revision_v1.csv
NGIQ-BR-00000437,Area hIP5 (IPS) right,right,JULICH_BRAIN_CYTOARCHITECTONIC_ATLAS_V3_1_AREA_HIP5_IPS,AREA_HIP5_IPS_RIGHT.nii.gz,PARTIAL_OVERLAP,OWNER_CONFIRMED_PARTIAL,N/A,OWNER_SCIENTIFIC_REVIEWED,False,False,,G4_G3_FINAL_SCIENTIFIC_POLICY_V1,g4_g3_scientific_decision_policy_v1.csv,g4_g3_owner_policy_revision_v1.csv
NGIQ-BR-00000438,Area hIP5 (IPS) left,left,JULICH_BRAIN_CYTOARCHITECTONIC_ATLAS_V3_1_AREA_HIP5_IPS,AREA_HIP5_IPS_LEFT.nii.gz,PARTIAL_OVERLAP,OWNER_CONFIRMED_PARTIAL_SET_CONCORDANT,N/A,OWNER_SCIENTIFIC_REVIEWED,False,False,,G4_G3_FINAL_SCIENTIFIC_POLICY_V1,g4_g3_scientific_decision_policy_v1.csv,g4_g3_owner_policy_revision_v1.csv
NGIQ-BR-00000439,Area hIP6 (IPS) right,right,JULICH_BRAIN_CYTOARCHITECTONIC_ATLAS_V3_1_AREA_HIP6_IPS,AREA_HIP6_IPS_RIGHT.nii.gz,APPROVE_DOMINANT_OVERLAP,DOMINANT_CRITERIA_V1,N/A,OWNER_SCIENTIFIC_REVIEWED,False,False,,G4_G3_FINAL_SCIENTIFIC_POLICY_V1,g4_g3_scientific_decision_policy_v1.csv,g4_g3_owner_policy_revision_v1.csv
NGIQ-BR-00000440,Area hIP6 (IPS) left,left,JULICH_BRAIN_CYTOARCHITECTONIC_ATLAS_V3_1_AREA_HIP6_IPS,AREA_HIP6_IPS_LEFT.nii.gz,APPROVE_DOMINANT_OVERLAP,DOMINANT_CRITERIA_V1,N/A,OWNER_SCIENTIFIC_REVIEWED,False,False,BOUNDARY_METRIC,G4_G3_FINAL_SCIENTIFIC_POLICY_V1,g4_g3_scientific_decision_policy_v1.csv,g4_g3_owner_policy_revision_v1.csv
NGIQ-BR-00000441,Area hIP8 (IPS) right,right,JULICH_BRAIN_CYTOARCHITECTONIC_ATLAS_V3_1_AREA_HIP8_IPS,AREA_HIP8_IPS_RIGHT.nii.gz,APPROVE_DOMINANT_OVERLAP,DOMINANT_CRITERIA_V1,N/A,OWNER_SCIENTIFIC_REVIEWED,False,False,,G4_G3_FINAL_SCIENTIFIC_POLICY_V1,g4_g3_scientific_decision_policy_v1.csv,g4_g3_owner_policy_revision_v1.csv
NGIQ-BR-00000442,Area hIP8 (IPS) left,left,JULICH_BRAIN_CYTOARCHITECTONIC_ATLAS_V3_1_AREA_HIP8_IPS,AREA_HIP8_IPS_LEFT.nii.gz,PARTIAL_OVERLAP,OWNER_CONFIRMED_PARTIAL,N/A,OWNER_SCIENTIFIC_REVIEWED,False,False,,G4_G3_FINAL_SCIENTIFIC_POLICY_V1,g4_g3_scientific_decision_policy_v1.csv,g4_g3_owner_policy_revision_v1.csv
NGIQ-BR-00000443,Area 6v3 (PreCG) right,right,JULICH_BRAIN_CYTOARCHITECTONIC_ATLAS_V3_1_AREA_6V3_PRECG,AREA_6V3_PRECG_RIGHT.nii.gz,PARTIAL_OVERLAP,OWNER_CONFIRMED_PARTIAL,N/A,OWNER_SCIENTIFIC_REVIEWED,False,False,,G4_G3_FINAL_SCIENTIFIC_POLICY_V1,g4_g3_scientific_decision_policy_v1.csv,g4_g3_owner_policy_revision_v1.csv
NGIQ-BR-00000444,Area 6v3 (PreCG) left,left,JULICH_BRAIN_CYTOARCHITECTONIC_ATLAS_V3_1_AREA_6V3_PRECG,AREA_6V3_PRECG_LEFT.nii.gz,APPROVE_DOMINANT_OVERLAP,DOMINANT_CRITERIA_V1,N/A,OWNER_SCIENTIFIC_REVIEWED,False,False,BOUNDARY_METRIC,G4_G3_FINAL_SCIENTIFIC_POLICY_V1,g4_g3_scientific_decision_policy_v1.csv,g4_g3_owner_policy_revision_v1.csv
NGIQ-BR-00000445,Area 6v2 (PreCG) right,right,JULICH_BRAIN_CYTOARCHITECTONIC_ATLAS_V3_1_AREA_6V2_PRECG,AREA_6V2_PRECG_RIGHT.nii.gz,PARTIAL_OVERLAP,OWNER_CONFIRMED_PARTIAL_SET_CONCORDANT,N/A,OWNER_SCIENTIFIC_REVIEWED,False,False,,G4_G3_FINAL_SCIENTIFIC_POLICY_V1,g4_g3_scientific_decision_policy_v1.csv,g4_g3_owner_policy_revision_v1.csv
NGIQ-BR-00000446,Area 6v2 (PreCG) left,left,JULICH_BRAIN_CYTOARCHITECTONIC_ATLAS_V3_1_AREA_6V2_PRECG,AREA_6V2_PRECG_LEFT.nii.gz,PARTIAL_OVERLAP,OWNER_CONFIRMED_PARTIAL,N/A,OWNER_SCIENTIFIC_REVIEWED,False,False,,G4_G3_FINAL_SCIENTIFIC_POLICY_V1,g4_g3_scientific_decision_policy_v1.csv,g4_g3_owner_policy_revision_v1.csv
NGIQ-BR-00000447,Area 6r1 (PreCG) right,right,JULICH_BRAIN_CYTOARCHITECTONIC_ATLAS_V3_1_AREA_6R1_PRECG,AREA_6R1_PRECG_RIGHT.nii.gz,PARTIAL_OVERLAP,OWNER_CONFIRMED_PARTIAL,N/A,OWNER_SCIENTIFIC_REVIEWED,False,False,,G4_G3_FINAL_SCIENTIFIC_POLICY_V1,g4_g3_scientific_decision_policy_v1.csv,g4_g3_owner_policy_revision_v1.csv
NGIQ-BR-00000448,Area 6r1 (PreCG) left,left,JULICH_BRAIN_CYTOARCHITECTONIC_ATLAS_V3_1_AREA_6R1_PRECG,AREA_6R1_PRECG_LEFT.nii.gz,PARTIAL_OVERLAP,FINAL_MULTI_TARGET_PARTIAL_GATE_PASS,N/A,OWNER_SCIENTIFIC_REVIEWED,False,False,BOUNDARY_SECOND_TARGET,G4_G3_FINAL_SCIENTIFIC_POLICY_V1,g4_g3_scientific_decision_policy_v1.csv,g4_g3_owner_policy_revision_v1.csv
NGIQ-BR-00000449,Area 6v1 (PreCG) right,right,JULICH_BRAIN_CYTOARCHITECTONIC_ATLAS_V3_1_AREA_6V1_PRECG,AREA_6V1_PRECG_RIGHT.nii.gz,PARTIAL_OVERLAP,OWNER_CONFIRMED_PARTIAL_SET_CONCORDANT,N/A,OWNER_SCIENTIFIC_REVIEWED,False,False,,G4_G3_FINAL_SCIENTIFIC_POLICY_V1,g4_g3_scientific_decision_policy_v1.csv,g4_g3_owner_policy_revision_v1.csv
NGIQ-BR-00000450,Area 6v1 (PreCG) left,left,JULICH_BRAIN_CYTOARCHITECTONIC_ATLAS_V3_1_AREA_6V1_PRECG,AREA_6V1_PRECG_LEFT.nii.gz,PARTIAL_OVERLAP,OWNER_CONFIRMED_PARTIAL,N/A,OWNER_SCIENTIFIC_REVIEWED,False,False,,G4_G3_FINAL_SCIENTIFIC_POLICY_V1,g4_g3_scientific_decision_policy_v1.csv,g4_g3_owner_policy_revision_v1.csv
NGIQ-BR-00000451,Area 6d2 (PreCG) right,right,JULICH_BRAIN_CYTOARCHITECTONIC_ATLAS_V3_1_AREA_6D2_PRECG,AREA_6D2_PRECG_RIGHT.nii.gz,APPROVE_DOMINANT_OVERLAP,DOMINANT_CRITERIA_V1,N/A,OWNER_SCIENTIFIC_REVIEWED,False,False,,G4_G3_FINAL_SCIENTIFIC_POLICY_V1,g4_g3_scientific_decision_policy_v1.csv,g4_g3_owner_policy_revision_v1.csv
NGIQ-BR-00000452,Area 6d2 (PreCG) left,left,JULICH_BRAIN_CYTOARCHITECTONIC_ATLAS_V3_1_AREA_6D2_PRECG,AREA_6D2_PRECG_LEFT.nii.gz,CONFLICT_REVIEW,HIGH_FRAGMENTATION,N/A,OWNER_SCIENTIFIC_REVIEWED,False,False,,G4_G3_FINAL_SCIENTIFIC_POLICY_V1,g4_g3_scientific_decision_policy_v1.csv,g4_g3_owner_policy_revision_v1.csv
NGIQ-BR-00000453,Area 6d1 (PreCG) right,right,JULICH_BRAIN_CYTOARCHITECTONIC_ATLAS_V3_1_AREA_6D1_PRECG,AREA_6D1_PRECG_RIGHT.nii.gz,PARTIAL_OVERLAP,FINAL_MULTI_TARGET_PARTIAL_GATE_PASS,N/A,OWNER_SCIENTIFIC_REVIEWED,False,False,BOUNDARY_SECOND_TARGET,G4_G3_FINAL_SCIENTIFIC_POLICY_V1,g4_g3_scientific_decision_policy_v1.csv,g4_g3_owner_policy_revision_v1.csv
NGIQ-BR-00000454,Area 6d1 (PreCG) left,left,JULICH_BRAIN_CYTOARCHITECTONIC_ATLAS_V3_1_AREA_6D1_PRECG,AREA_6D1_PRECG_LEFT.nii.gz,CONFLICT_REVIEW,HIGH_FRAGMENTATION,N/A,OWNER_SCIENTIFIC_REVIEWED,False,False,,G4_G3_FINAL_SCIENTIFIC_POLICY_V1,g4_g3_scientific_decision_policy_v1.csv,g4_g3_owner_policy_revision_v1.csv
NGIQ-BR-00000455,"Area 6ma (preSMA, mesial SFG) right",right,JULICH_BRAIN_CYTOARCHITECTONIC_ATLAS_V3_1_AREA_6MA_PRESMA_MESIAL_SFG,AREA_6MA_PRESMA_MESIAL_SFG_RIGHT.nii.gz,APPROVE_DOMINANT_OVERLAP,DOMINANT_CRITERIA_V1,N/A,OWNER_SCIENTIFIC_REVIEWED,False,False,BOUNDARY_METRIC,G4_G3_FINAL_SCIENTIFIC_POLICY_V1,g4_g3_scientific_decision_policy_v1.csv,g4_g3_owner_policy_revision_v1.csv
NGIQ-BR-00000456,"Area 6ma (preSMA, mesial SFG) left",left,JULICH_BRAIN_CYTOARCHITECTONIC_ATLAS_V3_1_AREA_6MA_PRESMA_MESIAL_SFG,AREA_6MA_PRESMA_MESIAL_SFG_LEFT.nii.gz,PARTIAL_OVERLAP,OWNER_CONFIRMED_PARTIAL,N/A,OWNER_SCIENTIFIC_REVIEWED,False,False,,G4_G3_FINAL_SCIENTIFIC_POLICY_V1,g4_g3_scientific_decision_policy_v1.csv,g4_g3_owner_policy_revision_v1.csv
NGIQ-BR-00000457,Area Fp1 (FPole) right,right,JULICH_BRAIN_CYTOARCHITECTONIC_ATLAS_V3_1_AREA_FP1_FPOLE,AREA_FP1_FPOLE_RIGHT.nii.gz,PARTIAL_OVERLAP,OWNER_CONFIRMED_PARTIAL,N/A,OWNER_SCIENTIFIC_REVIEWED,False,False,,G4_G3_FINAL_SCIENTIFIC_POLICY_V1,g4_g3_scientific_decision_policy_v1.csv,g4_g3_owner_policy_revision_v1.csv
NGIQ-BR-00000458,Area Fp1 (FPole) left,left,JULICH_BRAIN_CYTOARCHITECTONIC_ATLAS_V3_1_AREA_FP1_FPOLE,AREA_FP1_FPOLE_LEFT.nii.gz,PARTIAL_OVERLAP,OWNER_CONFIRMED_PARTIAL,N/A,OWNER_SCIENTIFIC_REVIEWED,False,False,BOUNDARY_SECOND_TARGET,G4_G3_FINAL_SCIENTIFIC_POLICY_V1,g4_g3_scientific_decision_policy_v1.csv,g4_g3_owner_policy_revision_v1.csv
NGIQ-BR-00000459,Area Fp2 (FPole) right,right,JULICH_BRAIN_CYTOARCHITECTONIC_ATLAS_V3_1_AREA_FP2_FPOLE,AREA_FP2_FPOLE_RIGHT.nii.gz,PARTIAL_OVERLAP,OWNER_CONFIRMED_PARTIAL,N/A,OWNER_SCIENTIFIC_REVIEWED,False,False,,G4_G3_FINAL_SCIENTIFIC_POLICY_V1,g4_g3_scientific_decision_policy_v1.csv,g4_g3_owner_policy_revision_v1.csv
NGIQ-BR-00000460,Area Fp2 (FPole) left,left,JULICH_BRAIN_CYTOARCHITECTONIC_ATLAS_V3_1_AREA_FP2_FPOLE,AREA_FP2_FPOLE_LEFT.nii.gz,APPROVE_DOMINANT_OVERLAP,DOMINANT_CRITERIA_V1,N/A,OWNER_SCIENTIFIC_REVIEWED,False,False,BOUNDARY_METRIC,G4_G3_FINAL_SCIENTIFIC_POLICY_V1,g4_g3_scientific_decision_policy_v1.csv,g4_g3_owner_policy_revision_v1.csv
NGIQ-BR-00000461,"Area 6mp (SMA, mesial SFG) right",right,JULICH_BRAIN_CYTOARCHITECTONIC_ATLAS_V3_1_AREA_6MP_SMA_MESIAL_SFG,AREA_6MP_SMA_MESIAL_SFG_RIGHT.nii.gz,APPROVE_DOMINANT_OVERLAP,DOMINANT_CRITERIA_V1,N/A,OWNER_SCIENTIFIC_REVIEWED,False,False,BOUNDARY_METRIC,G4_G3_FINAL_SCIENTIFIC_POLICY_V1,g4_g3_scientific_decision_policy_v1.csv,g4_g3_owner_policy_revision_v1.csv
NGIQ-BR-00000462,"Area 6mp (SMA, mesial SFG) left",left,JULICH_BRAIN_CYTOARCHITECTONIC_ATLAS_V3_1_AREA_6MP_SMA_MESIAL_SFG,AREA_6MP_SMA_MESIAL_SFG_LEFT.nii.gz,APPROVE_DOMINANT_OVERLAP,DOMINANT_CRITERIA_V1,N/A,OWNER_SCIENTIFIC_REVIEWED,False,False,,G4_G3_FINAL_SCIENTIFIC_POLICY_V1,g4_g3_scientific_decision_policy_v1.csv,g4_g3_owner_policy_revision_v1.csv
NGIQ-BR-00000463,Area Fo1 (OFC) right,right,JULICH_BRAIN_CYTOARCHITECTONIC_ATLAS_V3_1_AREA_FO1_OFC,AREA_FO1_OFC_RIGHT.nii.gz,PARTIAL_OVERLAP,OWNER_CONFIRMED_PARTIAL,N/A,OWNER_SCIENTIFIC_REVIEWED,False,False,,G4_G3_FINAL_SCIENTIFIC_POLICY_V1,g4_g3_scientific_decision_policy_v1.csv,g4_g3_owner_policy_revision_v1.csv
NGIQ-BR-00000464,Area Fo1 (OFC) left,left,JULICH_BRAIN_CYTOARCHITECTONIC_ATLAS_V3_1_AREA_FO1_OFC,AREA_FO1_OFC_LEFT.nii.gz,APPROVE_DOMINANT_OVERLAP,DOMINANT_CRITERIA_V1,N/A,OWNER_SCIENTIFIC_REVIEWED,False,False,,G4_G3_FINAL_SCIENTIFIC_POLICY_V1,g4_g3_scientific_decision_policy_v1.csv,g4_g3_owner_policy_revision_v1.csv
NGIQ-BR-00000465,Area Fo3 (OFC) right,right,JULICH_BRAIN_CYTOARCHITECTONIC_ATLAS_V3_1_AREA_FO3_OFC,AREA_FO3_OFC_RIGHT.nii.gz,APPROVE_CONTAINED_IN,OWNER_CONFIRMED_CONTAINED,NESTED_COMPATIBLE_FAMILY,OWNER_SCIENTIFIC_REVIEWED,True,True,,G4_G3_FINAL_SCIENTIFIC_POLICY_V1,g4_g3_scientific_decision_policy_v1.csv,g4_g3_owner_policy_revision_v1.csv
NGIQ-BR-00000466,Area Fo3 (OFC) left,left,JULICH_BRAIN_CYTOARCHITECTONIC_ATLAS_V3_1_AREA_FO3_OFC,AREA_FO3_OFC_LEFT.nii.gz,APPROVE_DOMINANT_OVERLAP,DOMINANT_CRITERIA_V1,N/A,OWNER_SCIENTIFIC_REVIEWED,False,False,,G4_G3_FINAL_SCIENTIFIC_POLICY_V1,g4_g3_scientific_decision_policy_v1.csv,g4_g3_owner_policy_revision_v1.csv
NGIQ-BR-00000467,Area Fo2 (OFC) right,right,JULICH_BRAIN_CYTOARCHITECTONIC_ATLAS_V3_1_AREA_FO2_OFC,AREA_FO2_OFC_RIGHT.nii.gz,APPROVE_CONTAINED_IN,OWNER_CONFIRMED_CONTAINED,NESTED_COMPATIBLE_FAMILY,OWNER_SCIENTIFIC_REVIEWED,True,True,,G4_G3_FINAL_SCIENTIFIC_POLICY_V1,g4_g3_scientific_decision_policy_v1.csv,g4_g3_owner_policy_revision_v1.csv
NGIQ-BR-00000468,Area Fo2 (OFC) left,left,JULICH_BRAIN_CYTOARCHITECTONIC_ATLAS_V3_1_AREA_FO2_OFC,AREA_FO2_OFC_LEFT.nii.gz,APPROVE_CONTAINED_IN,OWNER_CONFIRMED_CONTAINED,NESTED_COMPATIBLE_FAMILY,OWNER_SCIENTIFIC_REVIEWED,True,True,,G4_G3_FINAL_SCIENTIFIC_POLICY_V1,g4_g3_scientific_decision_policy_v1.csv,g4_g3_owner_policy_revision_v1.csv
NGIQ-BR-00000469,Area 4p (PreCG) right,right,JULICH_BRAIN_CYTOARCHITECTONIC_ATLAS_V3_1_AREA_4P_PRECG,AREA_4P_PRECG_RIGHT.nii.gz,PARTIAL_OVERLAP,OWNER_CONFIRMED_PARTIAL,N/A,OWNER_SCIENTIFIC_REVIEWED,False,False,,G4_G3_FINAL_SCIENTIFIC_POLICY_V1,g4_g3_scientific_decision_policy_v1.csv,g4_g3_owner_policy_revision_v1.csv
NGIQ-BR-00000470,Area 4p (PreCG) left,left,JULICH_BRAIN_CYTOARCHITECTONIC_ATLAS_V3_1_AREA_4P_PRECG,AREA_4P_PRECG_LEFT.nii.gz,PARTIAL_OVERLAP,OWNER_CONFIRMED_PARTIAL,N/A,OWNER_SCIENTIFIC_REVIEWED,False,False,,G4_G3_FINAL_SCIENTIFIC_POLICY_V1,g4_g3_scientific_decision_policy_v1.csv,g4_g3_owner_policy_revision_v1.csv
NGIQ-BR-00000471,Area 4a (PreCG) right,right,JULICH_BRAIN_CYTOARCHITECTONIC_ATLAS_V3_1_AREA_4A_PRECG,AREA_4A_PRECG_RIGHT.nii.gz,CONFLICT_REVIEW,HIGH_FRAGMENTATION,N/A,OWNER_SCIENTIFIC_REVIEWED,False,False,,G4_G3_FINAL_SCIENTIFIC_POLICY_V1,g4_g3_scientific_decision_policy_v1.csv,g4_g3_owner_policy_revision_v1.csv
NGIQ-BR-00000472,Area 4a (PreCG) left,left,JULICH_BRAIN_CYTOARCHITECTONIC_ATLAS_V3_1_AREA_4A_PRECG,AREA_4A_PRECG_LEFT.nii.gz,CONFLICT_REVIEW,HIGH_FRAGMENTATION,N/A,OWNER_SCIENTIFIC_REVIEWED,False,False,,G4_G3_FINAL_SCIENTIFIC_POLICY_V1,g4_g3_scientific_decision_policy_v1.csv,g4_g3_owner_policy_revision_v1.csv
NGIQ-BR-00000473,Area Op10 (Frontal Operculum) right,right,JULICH_BRAIN_CYTOARCHITECTONIC_ATLAS_V3_1_AREA_OP10_FRONTAL_OPERCULUM,AREA_OP10_FRONTAL_OPERCULUM_RIGHT.nii.gz,CONFLICT_REVIEW,DIFFUSE_ASSOCIATION,N/A,OWNER_SCIENTIFIC_REVIEWED,False,False,,G4_G3_FINAL_SCIENTIFIC_POLICY_V1,g4_g3_scientific_decision_policy_v1.csv,g4_g3_owner_policy_revision_v1.csv
NGIQ-BR-00000474,Area Op10 (Frontal Operculum) left,left,JULICH_BRAIN_CYTOARCHITECTONIC_ATLAS_V3_1_AREA_OP10_FRONTAL_OPERCULUM,AREA_OP10_FRONTAL_OPERCULUM_LEFT.nii.gz,CONFLICT_REVIEW,DIFFUSE_ASSOCIATION,N/A,OWNER_SCIENTIFIC_REVIEWED,False,False,,G4_G3_FINAL_SCIENTIFIC_POLICY_V1,g4_g3_scientific_decision_policy_v1.csv,g4_g3_owner_policy_revision_v1.csv
NGIQ-BR-00000475,Area Op6 (Frontal Operculum) right,right,JULICH_BRAIN_CYTOARCHITECTONIC_ATLAS_V3_1_AREA_OP6_FRONTAL_OPERCULUM,AREA_OP6_FRONTAL_OPERCULUM_RIGHT.nii.gz,APPROVE_DOMINANT_OVERLAP,DOMINANT_CRITERIA_V1,N/A,OWNER_SCIENTIFIC_REVIEWED,False,False,BOUNDARY_METRIC,G4_G3_FINAL_SCIENTIFIC_POLICY_V1,g4_g3_scientific_decision_policy_v1.csv,g4_g3_owner_policy_revision_v1.csv
NGIQ-BR-00000476,Area Op6 (Frontal Operculum) left,left,JULICH_BRAIN_CYTOARCHITECTONIC_ATLAS_V3_1_AREA_OP6_FRONTAL_OPERCULUM,AREA_OP6_FRONTAL_OPERCULUM_LEFT.nii.gz,PARTIAL_OVERLAP,OWNER_CONFIRMED_PARTIAL,N/A,OWNER_SCIENTIFIC_REVIEWED,False,False,BOUNDARY_SECOND_TARGET,G4_G3_FINAL_SCIENTIFIC_POLICY_V1,g4_g3_scientific_decision_policy_v1.csv,g4_g3_owner_policy_revision_v1.csv
NGIQ-BR-00000477,Area Op5 (Frontal Operculum) right,right,JULICH_BRAIN_CYTOARCHITECTONIC_ATLAS_V3_1_AREA_OP5_FRONTAL_OPERCULUM,AREA_OP5_FRONTAL_OPERCULUM_RIGHT.nii.gz,PARTIAL_OVERLAP,OWNER_CONFIRMED_PARTIAL,N/A,OWNER_SCIENTIFIC_REVIEWED,False,False,,G4_G3_FINAL_SCIENTIFIC_POLICY_V1,g4_g3_scientific_decision_policy_v1.csv,g4_g3_owner_policy_revision_v1.csv
NGIQ-BR-00000478,Area Op5 (Frontal Operculum) left,left,JULICH_BRAIN_CYTOARCHITECTONIC_ATLAS_V3_1_AREA_OP5_FRONTAL_OPERCULUM,AREA_OP5_FRONTAL_OPERCULUM_LEFT.nii.gz,PARTIAL_OVERLAP,OWNER_CONFIRMED_PARTIAL,N/A,OWNER_SCIENTIFIC_REVIEWED,False,False,BOUNDARY_SECOND_TARGET,G4_G3_FINAL_SCIENTIFIC_POLICY_V1,g4_g3_scientific_decision_policy_v1.csv,g4_g3_owner_policy_revision_v1.csv
NGIQ-BR-00000479,Area Op7 (Frontal Operculum) right,right,JULICH_BRAIN_CYTOARCHITECTONIC_ATLAS_V3_1_AREA_OP7_FRONTAL_OPERCULUM,AREA_OP7_FRONTAL_OPERCULUM_RIGHT.nii.gz,APPROVE_DOMINANT_OVERLAP,DOMINANT_CRITERIA_V1,N/A,OWNER_SCIENTIFIC_REVIEWED,False,False,,G4_G3_FINAL_SCIENTIFIC_POLICY_V1,g4_g3_scientific_decision_policy_v1.csv,g4_g3_owner_policy_revision_v1.csv
NGIQ-BR-00000480,Area Op7 (Frontal Operculum) left,left,JULICH_BRAIN_CYTOARCHITECTONIC_ATLAS_V3_1_AREA_OP7_FRONTAL_OPERCULUM,AREA_OP7_FRONTAL_OPERCULUM_LEFT.nii.gz,CONFLICT_REVIEW,PROBABILITY_HARDLABEL_TOP1_DISAGREEMENT,N/A,OWNER_SCIENTIFIC_REVIEWED,False,False,,G4_G3_FINAL_SCIENTIFIC_POLICY_V1,g4_g3_scientific_decision_policy_v1.csv,g4_g3_owner_policy_revision_v1.csv
NGIQ-BR-00000481,Area Op9 (Frontal Operculum) right,right,JULICH_BRAIN_CYTOARCHITECTONIC_ATLAS_V3_1_AREA_OP9_FRONTAL_OPERCULUM,AREA_OP9_FRONTAL_OPERCULUM_RIGHT.nii.gz,APPROVE_DOMINANT_OVERLAP,DOMINANT_CRITERIA_V1,N/A,OWNER_SCIENTIFIC_REVIEWED,False,False,,G4_G3_FINAL_SCIENTIFIC_POLICY_V1,g4_g3_scientific_decision_policy_v1.csv,g4_g3_owner_policy_revision_v1.csv
NGIQ-BR-00000482,Area Op9 (Frontal Operculum) left,left,JULICH_BRAIN_CYTOARCHITECTONIC_ATLAS_V3_1_AREA_OP9_FRONTAL_OPERCULUM,AREA_OP9_FRONTAL_OPERCULUM_LEFT.nii.gz,PARTIAL_OVERLAP,FINAL_MULTI_TARGET_PARTIAL_GATE_PASS,N/A,OWNER_SCIENTIFIC_REVIEWED,False,False,BOUNDARY_SECOND_TARGET,G4_G3_FINAL_SCIENTIFIC_POLICY_V1,g4_g3_scientific_decision_policy_v1.csv,g4_g3_owner_policy_revision_v1.csv
NGIQ-BR-00000483,Area Op8 (Frontal Operculum) right,right,JULICH_BRAIN_CYTOARCHITECTONIC_ATLAS_V3_1_AREA_OP8_FRONTAL_OPERCULUM,AREA_OP8_FRONTAL_OPERCULUM_RIGHT.nii.gz,APPROVE_DOMINANT_OVERLAP,DOMINANT_CRITERIA_V1,N/A,OWNER_SCIENTIFIC_REVIEWED,False,False,,G4_G3_FINAL_SCIENTIFIC_POLICY_V1,g4_g3_scientific_decision_policy_v1.csv,g4_g3_owner_policy_revision_v1.csv
NGIQ-BR-00000484,Area Op8 (Frontal Operculum) left,left,JULICH_BRAIN_CYTOARCHITECTONIC_ATLAS_V3_1_AREA_OP8_FRONTAL_OPERCULUM,AREA_OP8_FRONTAL_OPERCULUM_LEFT.nii.gz,APPROVE_DOMINANT_OVERLAP,DOMINANT_CRITERIA_V1,N/A,OWNER_SCIENTIFIC_REVIEWED,False,False,,G4_G3_FINAL_SCIENTIFIC_POLICY_V1,g4_g3_scientific_decision_policy_v1.csv,g4_g3_owner_policy_revision_v1.csv
NGIQ-BR-00000485,Area IFS4 (IFS) right,right,JULICH_BRAIN_CYTOARCHITECTONIC_ATLAS_V3_1_AREA_IFS4_IFS,AREA_IFS4_IFS_RIGHT.nii.gz,CONFLICT_REVIEW,PROBABILITY_HARDLABEL_TOP1_DISAGREEMENT,N/A,OWNER_SCIENTIFIC_REVIEWED,False,False,,G4_G3_FINAL_SCIENTIFIC_POLICY_V1,g4_g3_scientific_decision_policy_v1.csv,g4_g3_owner_policy_revision_v1.csv
NGIQ-BR-00000486,Area IFS4 (IFS) left,left,JULICH_BRAIN_CYTOARCHITECTONIC_ATLAS_V3_1_AREA_IFS4_IFS,AREA_IFS4_IFS_LEFT.nii.gz,PARTIAL_OVERLAP,OWNER_CONFIRMED_PARTIAL,N/A,OWNER_SCIENTIFIC_REVIEWED,False,False,,G4_G3_FINAL_SCIENTIFIC_POLICY_V1,g4_g3_scientific_decision_policy_v1.csv,g4_g3_owner_policy_revision_v1.csv
NGIQ-BR-00000487,Area IFS2 (IFS) right,right,JULICH_BRAIN_CYTOARCHITECTONIC_ATLAS_V3_1_AREA_IFS2_IFS,AREA_IFS2_IFS_RIGHT.nii.gz,PARTIAL_OVERLAP,OWNER_CONFIRMED_PARTIAL_SET_CONCORDANT,N/A,OWNER_SCIENTIFIC_REVIEWED,False,False,,G4_G3_FINAL_SCIENTIFIC_POLICY_V1,g4_g3_scientific_decision_policy_v1.csv,g4_g3_owner_policy_revision_v1.csv
NGIQ-BR-00000488,Area IFS2 (IFS) left,left,JULICH_BRAIN_CYTOARCHITECTONIC_ATLAS_V3_1_AREA_IFS2_IFS,AREA_IFS2_IFS_LEFT.nii.gz,CONFLICT_REVIEW,HIGH_FRAGMENTATION,N/A,OWNER_SCIENTIFIC_REVIEWED,False,False,,G4_G3_FINAL_SCIENTIFIC_POLICY_V1,g4_g3_scientific_decision_policy_v1.csv,g4_g3_owner_policy_revision_v1.csv
NGIQ-BR-00000489,Area IFS1 (IFS) right,right,JULICH_BRAIN_CYTOARCHITECTONIC_ATLAS_V3_1_AREA_IFS1_IFS,AREA_IFS1_IFS_RIGHT.nii.gz,CONFLICT_REVIEW,HIGH_FRAGMENTATION,N/A,OWNER_SCIENTIFIC_REVIEWED,False,False,,G4_G3_FINAL_SCIENTIFIC_POLICY_V1,g4_g3_scientific_decision_policy_v1.csv,g4_g3_owner_policy_revision_v1.csv
NGIQ-BR-00000490,Area IFS1 (IFS) left,left,JULICH_BRAIN_CYTOARCHITECTONIC_ATLAS_V3_1_AREA_IFS1_IFS,AREA_IFS1_IFS_LEFT.nii.gz,PARTIAL_OVERLAP,OWNER_CONFIRMED_PARTIAL,N/A,OWNER_SCIENTIFIC_REVIEWED,False,False,,G4_G3_FINAL_SCIENTIFIC_POLICY_V1,g4_g3_scientific_decision_policy_v1.csv,g4_g3_owner_policy_revision_v1.csv
NGIQ-BR-00000491,"Area IFJ2 (IFS, PreCS) right",right,JULICH_BRAIN_CYTOARCHITECTONIC_ATLAS_V3_1_AREA_IFJ2_IFS_PRECS,AREA_IFJ2_IFS_PRECS_RIGHT.nii.gz,APPROVE_DOMINANT_OVERLAP,DOMINANT_CRITERIA_V1,N/A,OWNER_SCIENTIFIC_REVIEWED,False,False,,G4_G3_FINAL_SCIENTIFIC_POLICY_V1,g4_g3_scientific_decision_policy_v1.csv,g4_g3_owner_policy_revision_v1.csv
NGIQ-BR-00000492,"Area IFJ2 (IFS, PreCS) left",left,JULICH_BRAIN_CYTOARCHITECTONIC_ATLAS_V3_1_AREA_IFJ2_IFS_PRECS,AREA_IFJ2_IFS_PRECS_LEFT.nii.gz,PARTIAL_OVERLAP,OWNER_CONFIRMED_PARTIAL,N/A,OWNER_SCIENTIFIC_REVIEWED,False,False,,G4_G3_FINAL_SCIENTIFIC_POLICY_V1,g4_g3_scientific_decision_policy_v1.csv,g4_g3_owner_policy_revision_v1.csv
NGIQ-BR-00000493,Area IFS3 (IFS) right,right,JULICH_BRAIN_CYTOARCHITECTONIC_ATLAS_V3_1_AREA_IFS3_IFS,AREA_IFS3_IFS_RIGHT.nii.gz,CONFLICT_REVIEW,LOW_DOMINANCE,N/A,OWNER_SCIENTIFIC_REVIEWED,False,False,,G4_G3_FINAL_SCIENTIFIC_POLICY_V1,g4_g3_scientific_decision_policy_v1.csv,g4_g3_owner_policy_revision_v1.csv
NGIQ-BR-00000494,Area IFS3 (IFS) left,left,JULICH_BRAIN_CYTOARCHITECTONIC_ATLAS_V3_1_AREA_IFS3_IFS,AREA_IFS3_IFS_LEFT.nii.gz,APPROVE_CONTAINED_IN,OWNER_CONFIRMED_CONTAINED,NESTED_COMPATIBLE_FAMILY,OWNER_SCIENTIFIC_REVIEWED,True,True,,G4_G3_FINAL_SCIENTIFIC_POLICY_V1,g4_g3_scientific_decision_policy_v1.csv,g4_g3_owner_policy_revision_v1.csv
NGIQ-BR-00000495,"Area IFJ1 (IFS, PreCS) right",right,JULICH_BRAIN_CYTOARCHITECTONIC_ATLAS_V3_1_AREA_IFJ1_IFS_PRECS,AREA_IFJ1_IFS_PRECS_RIGHT.nii.gz,PARTIAL_OVERLAP,OWNER_CONFIRMED_PARTIAL,N/A,OWNER_SCIENTIFIC_REVIEWED,False,False,,G4_G3_FINAL_SCIENTIFIC_POLICY_V1,g4_g3_scientific_decision_policy_v1.csv,g4_g3_owner_policy_revision_v1.csv
NGIQ-BR-00000496,"Area IFJ1 (IFS, PreCS) left",left,JULICH_BRAIN_CYTOARCHITECTONIC_ATLAS_V3_1_AREA_IFJ1_IFS_PRECS,AREA_IFJ1_IFS_PRECS_LEFT.nii.gz,PARTIAL_OVERLAP,OWNER_CONFIRMED_PARTIAL,N/A,OWNER_SCIENTIFIC_REVIEWED,False,False,,G4_G3_FINAL_SCIENTIFIC_POLICY_V1,g4_g3_scientific_decision_policy_v1.csv,g4_g3_owner_policy_revision_v1.csv
NGIQ-BR-00000497,Area MFG2 (MFG) right,right,JULICH_BRAIN_CYTOARCHITECTONIC_ATLAS_V3_1_AREA_MFG2_MFG,AREA_MFG2_MFG_RIGHT.nii.gz,APPROVE_DOMINANT_OVERLAP,DOMINANT_CRITERIA_V1,N/A,OWNER_SCIENTIFIC_REVIEWED,False,False,,G4_G3_FINAL_SCIENTIFIC_POLICY_V1,g4_g3_scientific_decision_policy_v1.csv,g4_g3_owner_policy_revision_v1.csv
NGIQ-BR-00000498,Area MFG2 (MFG) left,left,JULICH_BRAIN_CYTOARCHITECTONIC_ATLAS_V3_1_AREA_MFG2_MFG,AREA_MFG2_MFG_LEFT.nii.gz,APPROVE_DOMINANT_OVERLAP,DOMINANT_CRITERIA_V1,N/A,OWNER_SCIENTIFIC_REVIEWED,False,False,,G4_G3_FINAL_SCIENTIFIC_POLICY_V1,g4_g3_scientific_decision_policy_v1.csv,g4_g3_owner_policy_revision_v1.csv
NGIQ-BR-00000499,Area 44 (IFG) right,right,JULICH_BRAIN_CYTOARCHITECTONIC_ATLAS_V3_1_AREA_44_IFG,AREA_44_IFG_RIGHT.nii.gz,PARTIAL_OVERLAP,OWNER_CONFIRMED_PARTIAL,N/A,OWNER_SCIENTIFIC_REVIEWED,False,False,,G4_G3_FINAL_SCIENTIFIC_POLICY_V1,g4_g3_scientific_decision_policy_v1.csv,g4_g3_owner_policy_revision_v1.csv
NGIQ-BR-00000500,Area 44 (IFG) left,left,JULICH_BRAIN_CYTOARCHITECTONIC_ATLAS_V3_1_AREA_44_IFG,AREA_44_IFG_LEFT.nii.gz,CONFLICT_REVIEW,HIGH_FRAGMENTATION,N/A,OWNER_SCIENTIFIC_REVIEWED,False,False,,G4_G3_FINAL_SCIENTIFIC_POLICY_V1,g4_g3_scientific_decision_policy_v1.csv,g4_g3_owner_policy_revision_v1.csv
NGIQ-BR-00000501,Area 45 (IFG) right,right,JULICH_BRAIN_CYTOARCHITECTONIC_ATLAS_V3_1_AREA_45_IFG,AREA_45_IFG_RIGHT.nii.gz,CONFLICT_REVIEW,MULTI_TARGET_DIFFUSE_REMAINDER,N/A,OWNER_SCIENTIFIC_REVIEWED,False,False,,G4_G3_FINAL_SCIENTIFIC_POLICY_V1,g4_g3_scientific_decision_policy_v1.csv,g4_g3_owner_policy_revision_v1.csv
NGIQ-BR-00000502,Area 45 (IFG) left,left,JULICH_BRAIN_CYTOARCHITECTONIC_ATLAS_V3_1_AREA_45_IFG,AREA_45_IFG_LEFT.nii.gz,PARTIAL_OVERLAP,FINAL_MULTI_TARGET_PARTIAL_GATE_PASS,N/A,OWNER_SCIENTIFIC_REVIEWED,False,False,,G4_G3_FINAL_SCIENTIFIC_POLICY_V1,g4_g3_scientific_decision_policy_v1.csv,g4_g3_owner_policy_revision_v1.csv
NGIQ-BR-00000503,Area 8v2 (MFG) right,right,JULICH_BRAIN_CYTOARCHITECTONIC_ATLAS_V3_1_AREA_8V2_MFG,AREA_8V2_MFG_RIGHT.nii.gz,PARTIAL_OVERLAP,OWNER_CONFIRMED_PARTIAL_SET_CONCORDANT,N/A,OWNER_SCIENTIFIC_REVIEWED,False,False,,G4_G3_FINAL_SCIENTIFIC_POLICY_V1,g4_g3_scientific_decision_policy_v1.csv,g4_g3_owner_policy_revision_v1.csv
NGIQ-BR-00000504,Area 8v2 (MFG) left,left,JULICH_BRAIN_CYTOARCHITECTONIC_ATLAS_V3_1_AREA_8V2_MFG,AREA_8V2_MFG_LEFT.nii.gz,APPROVE_DOMINANT_OVERLAP,DOMINANT_CRITERIA_V1,N/A,OWNER_SCIENTIFIC_REVIEWED,False,False,,G4_G3_FINAL_SCIENTIFIC_POLICY_V1,g4_g3_scientific_decision_policy_v1.csv,g4_g3_owner_policy_revision_v1.csv
NGIQ-BR-00000505,Area 8v1 (MFG) right,right,JULICH_BRAIN_CYTOARCHITECTONIC_ATLAS_V3_1_AREA_8V1_MFG,AREA_8V1_MFG_RIGHT.nii.gz,PARTIAL_OVERLAP,FINAL_MULTI_TARGET_PARTIAL_GATE_PASS,N/A,OWNER_SCIENTIFIC_REVIEWED,False,False,,G4_G3_FINAL_SCIENTIFIC_POLICY_V1,g4_g3_scientific_decision_policy_v1.csv,g4_g3_owner_policy_revision_v1.csv
NGIQ-BR-00000506,Area 8v1 (MFG) left,left,JULICH_BRAIN_CYTOARCHITECTONIC_ATLAS_V3_1_AREA_8V1_MFG,AREA_8V1_MFG_LEFT.nii.gz,APPROVE_DOMINANT_OVERLAP,DOMINANT_CRITERIA_V1,N/A,OWNER_SCIENTIFIC_REVIEWED,False,False,,G4_G3_FINAL_SCIENTIFIC_POLICY_V1,g4_g3_scientific_decision_policy_v1.csv,g4_g3_owner_policy_revision_v1.csv
NGIQ-BR-00000507,Area MFG4 (MFG) right,right,JULICH_BRAIN_CYTOARCHITECTONIC_ATLAS_V3_1_AREA_MFG4_MFG,AREA_MFG4_MFG_RIGHT.nii.gz,APPROVE_DOMINANT_OVERLAP,DOMINANT_CRITERIA_V1,N/A,OWNER_SCIENTIFIC_REVIEWED,False,False,,G4_G3_FINAL_SCIENTIFIC_POLICY_V1,g4_g3_scientific_decision_policy_v1.csv,g4_g3_owner_policy_revision_v1.csv
NGIQ-BR-00000508,Area MFG4 (MFG) left,left,JULICH_BRAIN_CYTOARCHITECTONIC_ATLAS_V3_1_AREA_MFG4_MFG,AREA_MFG4_MFG_LEFT.nii.gz,PARTIAL_OVERLAP,OWNER_CONFIRMED_PARTIAL,N/A,OWNER_SCIENTIFIC_REVIEWED,False,False,,G4_G3_FINAL_SCIENTIFIC_POLICY_V1,g4_g3_scientific_decision_policy_v1.csv,g4_g3_owner_policy_revision_v1.csv
NGIQ-BR-00000509,Area MFG1 (MFG) right,right,JULICH_BRAIN_CYTOARCHITECTONIC_ATLAS_V3_1_AREA_MFG1_MFG,AREA_MFG1_MFG_RIGHT.nii.gz,CONFLICT_REVIEW,PROBABILITY_HARDLABEL_TOP1_DISAGREEMENT,N/A,OWNER_SCIENTIFIC_REVIEWED,False,False,,G4_G3_FINAL_SCIENTIFIC_POLICY_V1,g4_g3_scientific_decision_policy_v1.csv,g4_g3_owner_policy_revision_v1.csv
NGIQ-BR-00000510,Area MFG1 (MFG) left,left,JULICH_BRAIN_CYTOARCHITECTONIC_ATLAS_V3_1_AREA_MFG1_MFG,AREA_MFG1_MFG_LEFT.nii.gz,PARTIAL_OVERLAP,OWNER_CONFIRMED_PARTIAL,N/A,OWNER_SCIENTIFIC_REVIEWED,False,False,,G4_G3_FINAL_SCIENTIFIC_POLICY_V1,g4_g3_scientific_decision_policy_v1.csv,g4_g3_owner_policy_revision_v1.csv
NGIQ-BR-00000511,Area SFS2 (SFS) right,right,JULICH_BRAIN_CYTOARCHITECTONIC_ATLAS_V3_1_AREA_SFS2_SFS,AREA_SFS2_SFS_RIGHT.nii.gz,APPROVE_DOMINANT_OVERLAP,DOMINANT_CRITERIA_V1,N/A,OWNER_SCIENTIFIC_REVIEWED,False,False,,G4_G3_FINAL_SCIENTIFIC_POLICY_V1,g4_g3_scientific_decision_policy_v1.csv,g4_g3_owner_policy_revision_v1.csv
NGIQ-BR-00000512,Area SFS2 (SFS) left,left,JULICH_BRAIN_CYTOARCHITECTONIC_ATLAS_V3_1_AREA_SFS2_SFS,AREA_SFS2_SFS_LEFT.nii.gz,APPROVE_CONTAINED_IN,OWNER_CONFIRMED_CONTAINED,NESTED_COMPATIBLE_FAMILY,OWNER_SCIENTIFIC_REVIEWED,True,True,,G4_G3_FINAL_SCIENTIFIC_POLICY_V1,g4_g3_scientific_decision_policy_v1.csv,g4_g3_owner_policy_revision_v1.csv
NGIQ-BR-00000513,Area 6d3 (SFS) right,right,JULICH_BRAIN_CYTOARCHITECTONIC_ATLAS_V3_1_AREA_6D3_SFS,AREA_6D3_SFS_RIGHT.nii.gz,PARTIAL_OVERLAP,OWNER_CONFIRMED_PARTIAL_SET_CONCORDANT,N/A,OWNER_SCIENTIFIC_REVIEWED,False,False,,G4_G3_FINAL_SCIENTIFIC_POLICY_V1,g4_g3_scientific_decision_policy_v1.csv,g4_g3_owner_policy_revision_v1.csv
NGIQ-BR-00000514,Area 6d3 (SFS) left,left,JULICH_BRAIN_CYTOARCHITECTONIC_ATLAS_V3_1_AREA_6D3_SFS,AREA_6D3_SFS_LEFT.nii.gz,CONFLICT_REVIEW,HIGH_FRAGMENTATION,N/A,OWNER_SCIENTIFIC_REVIEWED,False,False,,G4_G3_FINAL_SCIENTIFIC_POLICY_V1,g4_g3_scientific_decision_policy_v1.csv,g4_g3_owner_policy_revision_v1.csv
NGIQ-BR-00000515,Area SFS1 (SFS) right,right,JULICH_BRAIN_CYTOARCHITECTONIC_ATLAS_V3_1_AREA_SFS1_SFS,AREA_SFS1_SFS_RIGHT.nii.gz,APPROVE_CONTAINED_IN,OWNER_CONFIRMED_CONTAINED,NESTED_COMPATIBLE_FAMILY,OWNER_SCIENTIFIC_REVIEWED,True,True,,G4_G3_FINAL_SCIENTIFIC_POLICY_V1,g4_g3_scientific_decision_policy_v1.csv,g4_g3_owner_policy_revision_v1.csv
NGIQ-BR-00000516,Area SFS1 (SFS) left,left,JULICH_BRAIN_CYTOARCHITECTONIC_ATLAS_V3_1_AREA_SFS1_SFS,AREA_SFS1_SFS_LEFT.nii.gz,PARTIAL_OVERLAP,OWNER_CONFIRMED_PARTIAL,N/A,OWNER_SCIENTIFIC_REVIEWED,False,False,,G4_G3_FINAL_SCIENTIFIC_POLICY_V1,g4_g3_scientific_decision_policy_v1.csv,g4_g3_owner_policy_revision_v1.csv
NGIQ-BR-00000517,Area SFG3 (SFG) right,right,JULICH_BRAIN_CYTOARCHITECTONIC_ATLAS_V3_1_AREA_SFG3_SFG,AREA_SFG3_SFG_RIGHT.nii.gz,PARTIAL_OVERLAP,OWNER_CONFIRMED_PARTIAL,N/A,OWNER_SCIENTIFIC_REVIEWED,False,False,,G4_G3_FINAL_SCIENTIFIC_POLICY_V1,g4_g3_scientific_decision_policy_v1.csv,g4_g3_owner_policy_revision_v1.csv
NGIQ-BR-00000518,Area SFG3 (SFG) left,left,JULICH_BRAIN_CYTOARCHITECTONIC_ATLAS_V3_1_AREA_SFG3_SFG,AREA_SFG3_SFG_LEFT.nii.gz,PARTIAL_OVERLAP,OWNER_CONFIRMED_PARTIAL_SET_CONCORDANT,N/A,OWNER_SCIENTIFIC_REVIEWED,False,False,,G4_G3_FINAL_SCIENTIFIC_POLICY_V1,g4_g3_scientific_decision_policy_v1.csv,g4_g3_owner_policy_revision_v1.csv
NGIQ-BR-00000519,"Area MFG5 (MFG, IFG) right",right,JULICH_BRAIN_CYTOARCHITECTONIC_ATLAS_V3_1_AREA_MFG5_MFG_IFG,AREA_MFG5_MFG_IFG_RIGHT.nii.gz,CONFLICT_REVIEW,PARTIAL_TARGET_EVIDENCE_INCONSISTENT,N/A,OWNER_SCIENTIFIC_REVIEWED,False,False,,G4_G3_FINAL_SCIENTIFIC_POLICY_V1,g4_g3_scientific_decision_policy_v1.csv,g4_g3_owner_policy_revision_v1.csv
NGIQ-BR-00000520,"Area MFG5 (MFG, IFG) left",left,JULICH_BRAIN_CYTOARCHITECTONIC_ATLAS_V3_1_AREA_MFG5_MFG_IFG,AREA_MFG5_MFG_IFG_LEFT.nii.gz,APPROVE_CONTAINED_IN,OWNER_CONFIRMED_CONTAINED,EXACT_FAMILY,OWNER_SCIENTIFIC_REVIEWED,True,True,,G4_G3_FINAL_SCIENTIFIC_POLICY_V1,g4_g3_scientific_decision_policy_v1.csv,g4_g3_owner_policy_revision_v1.csv
NGIQ-BR-00000521,Area SFG2 (SFG) right,right,JULICH_BRAIN_CYTOARCHITECTONIC_ATLAS_V3_1_AREA_SFG2_SFG,AREA_SFG2_SFG_RIGHT.nii.gz,APPROVE_CONTAINED_IN,OWNER_CONFIRMED_CONTAINED,EXACT_FAMILY,OWNER_SCIENTIFIC_REVIEWED,True,True,,G4_G3_FINAL_SCIENTIFIC_POLICY_V1,g4_g3_scientific_decision_policy_v1.csv,g4_g3_owner_policy_revision_v1.csv
NGIQ-BR-00000522,Area SFG2 (SFG) left,left,JULICH_BRAIN_CYTOARCHITECTONIC_ATLAS_V3_1_AREA_SFG2_SFG,AREA_SFG2_SFG_LEFT.nii.gz,APPROVE_CONTAINED_IN,OWNER_CONFIRMED_CONTAINED,EXACT_FAMILY,OWNER_SCIENTIFIC_REVIEWED,True,True,,G4_G3_FINAL_SCIENTIFIC_POLICY_V1,g4_g3_scientific_decision_policy_v1.csv,g4_g3_owner_policy_revision_v1.csv
NGIQ-BR-00000523,Area 8d2 (SFG) right,right,JULICH_BRAIN_CYTOARCHITECTONIC_ATLAS_V3_1_AREA_8D2_SFG,AREA_8D2_SFG_RIGHT.nii.gz,APPROVE_DOMINANT_OVERLAP,DOMINANT_CRITERIA_V1,N/A,OWNER_SCIENTIFIC_REVIEWED,False,False,,G4_G3_FINAL_SCIENTIFIC_POLICY_V1,g4_g3_scientific_decision_policy_v1.csv,g4_g3_owner_policy_revision_v1.csv
NGIQ-BR-00000524,Area 8d2 (SFG) left,left,JULICH_BRAIN_CYTOARCHITECTONIC_ATLAS_V3_1_AREA_8D2_SFG,AREA_8D2_SFG_LEFT.nii.gz,APPROVE_DOMINANT_OVERLAP,DOMINANT_CRITERIA_V1,N/A,OWNER_SCIENTIFIC_REVIEWED,False,False,,G4_G3_FINAL_SCIENTIFIC_POLICY_V1,g4_g3_scientific_decision_policy_v1.csv,g4_g3_owner_policy_revision_v1.csv
NGIQ-BR-00000525,Area 8d1 (SFG) right,right,JULICH_BRAIN_CYTOARCHITECTONIC_ATLAS_V3_1_AREA_8D1_SFG,AREA_8D1_SFG_RIGHT.nii.gz,PARTIAL_OVERLAP,OWNER_CONFIRMED_PARTIAL,N/A,OWNER_SCIENTIFIC_REVIEWED,False,False,,G4_G3_FINAL_SCIENTIFIC_POLICY_V1,g4_g3_scientific_decision_policy_v1.csv,g4_g3_owner_policy_revision_v1.csv
NGIQ-BR-00000526,Area 8d1 (SFG) left,left,JULICH_BRAIN_CYTOARCHITECTONIC_ATLAS_V3_1_AREA_8D1_SFG,AREA_8D1_SFG_LEFT.nii.gz,APPROVE_DOMINANT_OVERLAP,DOMINANT_CRITERIA_V1,N/A,OWNER_SCIENTIFIC_REVIEWED,False,False,,G4_G3_FINAL_SCIENTIFIC_POLICY_V1,g4_g3_scientific_decision_policy_v1.csv,g4_g3_owner_policy_revision_v1.csv
NGIQ-BR-00000527,Area SFG4 (SFG) right,right,JULICH_BRAIN_CYTOARCHITECTONIC_ATLAS_V3_1_AREA_SFG4_SFG,AREA_SFG4_SFG_RIGHT.nii.gz,APPROVE_DOMINANT_OVERLAP,DOMINANT_CRITERIA_V1,N/A,OWNER_SCIENTIFIC_REVIEWED,False,False,,G4_G3_FINAL_SCIENTIFIC_POLICY_V1,g4_g3_scientific_decision_policy_v1.csv,g4_g3_owner_policy_revision_v1.csv
NGIQ-BR-00000528,Area SFG4 (SFG) left,left,JULICH_BRAIN_CYTOARCHITECTONIC_ATLAS_V3_1_AREA_SFG4_SFG,AREA_SFG4_SFG_LEFT.nii.gz,APPROVE_DOMINANT_OVERLAP,DOMINANT_CRITERIA_V1,N/A,OWNER_SCIENTIFIC_REVIEWED,False,False,,G4_G3_FINAL_SCIENTIFIC_POLICY_V1,g4_g3_scientific_decision_policy_v1.csv,g4_g3_owner_policy_revision_v1.csv
NGIQ-BR-00000529,Area Fo6 (OFC) right,right,JULICH_BRAIN_CYTOARCHITECTONIC_ATLAS_V3_1_AREA_FO6_OFC,AREA_FO6_OFC_RIGHT.nii.gz,PARTIAL_OVERLAP,OWNER_CONFIRMED_PARTIAL,N/A,OWNER_SCIENTIFIC_REVIEWED,False,False,,G4_G3_FINAL_SCIENTIFIC_POLICY_V1,g4_g3_scientific_decision_policy_v1.csv,g4_g3_owner_policy_revision_v1.csv
NGIQ-BR-00000530,Area Fo6 (OFC) left,left,JULICH_BRAIN_CYTOARCHITECTONIC_ATLAS_V3_1_AREA_FO6_OFC,AREA_FO6_OFC_LEFT.nii.gz,PARTIAL_OVERLAP,OWNER_CONFIRMED_PARTIAL,N/A,OWNER_SCIENTIFIC_REVIEWED,False,False,,G4_G3_FINAL_SCIENTIFIC_POLICY_V1,g4_g3_scientific_decision_policy_v1.csv,g4_g3_owner_policy_revision_v1.csv
NGIQ-BR-00000531,Area Fo5 (OFC) right,right,JULICH_BRAIN_CYTOARCHITECTONIC_ATLAS_V3_1_AREA_FO5_OFC,AREA_FO5_OFC_RIGHT.nii.gz,PARTIAL_OVERLAP,OWNER_CONFIRMED_PARTIAL,N/A,OWNER_SCIENTIFIC_REVIEWED,False,False,BOUNDARY_SECOND_TARGET,G4_G3_FINAL_SCIENTIFIC_POLICY_V1,g4_g3_scientific_decision_policy_v1.csv,g4_g3_owner_policy_revision_v1.csv
NGIQ-BR-00000532,Area Fo5 (OFC) left,left,JULICH_BRAIN_CYTOARCHITECTONIC_ATLAS_V3_1_AREA_FO5_OFC,AREA_FO5_OFC_LEFT.nii.gz,APPROVE_DOMINANT_OVERLAP,DOMINANT_CRITERIA_V1,N/A,OWNER_SCIENTIFIC_REVIEWED,False,False,,G4_G3_FINAL_SCIENTIFIC_POLICY_V1,g4_g3_scientific_decision_policy_v1.csv,g4_g3_owner_policy_revision_v1.csv
NGIQ-BR-00000533,Area Fo7 (OFC) right,right,JULICH_BRAIN_CYTOARCHITECTONIC_ATLAS_V3_1_AREA_FO7_OFC,AREA_FO7_OFC_RIGHT.nii.gz,PARTIAL_OVERLAP,OWNER_CONFIRMED_PARTIAL,N/A,OWNER_SCIENTIFIC_REVIEWED,False,False,,G4_G3_FINAL_SCIENTIFIC_POLICY_V1,g4_g3_scientific_decision_policy_v1.csv,g4_g3_owner_policy_revision_v1.csv
NGIQ-BR-00000534,Area Fo7 (OFC) left,left,JULICH_BRAIN_CYTOARCHITECTONIC_ATLAS_V3_1_AREA_FO7_OFC,AREA_FO7_OFC_LEFT.nii.gz,APPROVE_DOMINANT_OVERLAP,DOMINANT_CRITERIA_V1,N/A,OWNER_SCIENTIFIC_REVIEWED,False,False,BOUNDARY_METRIC,G4_G3_FINAL_SCIENTIFIC_POLICY_V1,g4_g3_scientific_decision_policy_v1.csv,g4_g3_owner_policy_revision_v1.csv
NGIQ-BR-00000535,Area Fo4 (OFC) right,right,JULICH_BRAIN_CYTOARCHITECTONIC_ATLAS_V3_1_AREA_FO4_OFC,AREA_FO4_OFC_RIGHT.nii.gz,PARTIAL_OVERLAP,OWNER_CONFIRMED_PARTIAL,N/A,OWNER_SCIENTIFIC_REVIEWED,False,False,,G4_G3_FINAL_SCIENTIFIC_POLICY_V1,g4_g3_scientific_decision_policy_v1.csv,g4_g3_owner_policy_revision_v1.csv
NGIQ-BR-00000536,Area Fo4 (OFC) left,left,JULICH_BRAIN_CYTOARCHITECTONIC_ATLAS_V3_1_AREA_FO4_OFC,AREA_FO4_OFC_LEFT.nii.gz,APPROVE_DOMINANT_OVERLAP,DOMINANT_CRITERIA_V1,N/A,OWNER_SCIENTIFIC_REVIEWED,False,False,,G4_G3_FINAL_SCIENTIFIC_POLICY_V1,g4_g3_scientific_decision_policy_v1.csv,g4_g3_owner_policy_revision_v1.csv
NGIQ-BR-00000537,Area Ig3 (Insula) right,right,JULICH_BRAIN_CYTOARCHITECTONIC_ATLAS_V3_1_AREA_IG3_INSULA,AREA_IG3_INSULA_RIGHT.nii.gz,APPROVE_DOMINANT_OVERLAP,DOMINANT_CRITERIA_V1,N/A,OWNER_SCIENTIFIC_REVIEWED,False,False,,G4_G3_FINAL_SCIENTIFIC_POLICY_V1,g4_g3_scientific_decision_policy_v1.csv,g4_g3_owner_policy_revision_v1.csv
NGIQ-BR-00000538,Area Ig3 (Insula) left,left,JULICH_BRAIN_CYTOARCHITECTONIC_ATLAS_V3_1_AREA_IG3_INSULA,AREA_IG3_INSULA_LEFT.nii.gz,APPROVE_DOMINANT_OVERLAP,DOMINANT_CRITERIA_V1,N/A,OWNER_SCIENTIFIC_REVIEWED,False,False,,G4_G3_FINAL_SCIENTIFIC_POLICY_V1,g4_g3_scientific_decision_policy_v1.csv,g4_g3_owner_policy_revision_v1.csv
NGIQ-BR-00000539,Area Ig1 (Insula) right,right,JULICH_BRAIN_CYTOARCHITECTONIC_ATLAS_V3_1_AREA_IG1_INSULA,AREA_IG1_INSULA_RIGHT.nii.gz,APPROVE_DOMINANT_OVERLAP,DOMINANT_CRITERIA_V1,N/A,OWNER_SCIENTIFIC_REVIEWED,False,False,,G4_G3_FINAL_SCIENTIFIC_POLICY_V1,g4_g3_scientific_decision_policy_v1.csv,g4_g3_owner_policy_revision_v1.csv
NGIQ-BR-00000540,Area Ig1 (Insula) left,left,JULICH_BRAIN_CYTOARCHITECTONIC_ATLAS_V3_1_AREA_IG1_INSULA,AREA_IG1_INSULA_LEFT.nii.gz,APPROVE_DOMINANT_OVERLAP,DOMINANT_CRITERIA_V1,N/A,OWNER_SCIENTIFIC_REVIEWED,False,False,,G4_G3_FINAL_SCIENTIFIC_POLICY_V1,g4_g3_scientific_decision_policy_v1.csv,g4_g3_owner_policy_revision_v1.csv
NGIQ-BR-00000541,Area Ig2 (Insula) right,right,JULICH_BRAIN_CYTOARCHITECTONIC_ATLAS_V3_1_AREA_IG2_INSULA,AREA_IG2_INSULA_RIGHT.nii.gz,APPROVE_DOMINANT_OVERLAP,DOMINANT_CRITERIA_V1,N/A,OWNER_SCIENTIFIC_REVIEWED,False,False,,G4_G3_FINAL_SCIENTIFIC_POLICY_V1,g4_g3_scientific_decision_policy_v1.csv,g4_g3_owner_policy_revision_v1.csv
NGIQ-BR-00000542,Area Ig2 (Insula) left,left,JULICH_BRAIN_CYTOARCHITECTONIC_ATLAS_V3_1_AREA_IG2_INSULA,AREA_IG2_INSULA_LEFT.nii.gz,APPROVE_DOMINANT_OVERLAP,DOMINANT_CRITERIA_V1,N/A,OWNER_SCIENTIFIC_REVIEWED,False,False,,G4_G3_FINAL_SCIENTIFIC_POLICY_V1,g4_g3_scientific_decision_policy_v1.csv,g4_g3_owner_policy_revision_v1.csv
NGIQ-BR-00000543,Area Ia2 (Insula) right,right,JULICH_BRAIN_CYTOARCHITECTONIC_ATLAS_V3_1_AREA_IA2_INSULA,AREA_IA2_INSULA_RIGHT.nii.gz,APPROVE_DOMINANT_OVERLAP,DOMINANT_CRITERIA_V1,N/A,OWNER_SCIENTIFIC_REVIEWED,False,False,,G4_G3_FINAL_SCIENTIFIC_POLICY_V1,g4_g3_scientific_decision_policy_v1.csv,g4_g3_owner_policy_revision_v1.csv
NGIQ-BR-00000544,Area Ia2 (Insula) left,left,JULICH_BRAIN_CYTOARCHITECTONIC_ATLAS_V3_1_AREA_IA2_INSULA,AREA_IA2_INSULA_LEFT.nii.gz,APPROVE_DOMINANT_OVERLAP,DOMINANT_CRITERIA_V1,N/A,OWNER_SCIENTIFIC_REVIEWED,False,False,,G4_G3_FINAL_SCIENTIFIC_POLICY_V1,g4_g3_scientific_decision_policy_v1.csv,g4_g3_owner_policy_revision_v1.csv
NGIQ-BR-00000545,Area Ia1 (Insula) right,right,JULICH_BRAIN_CYTOARCHITECTONIC_ATLAS_V3_1_AREA_IA1_INSULA,AREA_IA1_INSULA_RIGHT.nii.gz,APPROVE_DOMINANT_OVERLAP,DOMINANT_CRITERIA_V1,N/A,OWNER_SCIENTIFIC_REVIEWED,False,False,,G4_G3_FINAL_SCIENTIFIC_POLICY_V1,g4_g3_scientific_decision_policy_v1.csv,g4_g3_owner_policy_revision_v1.csv
NGIQ-BR-00000546,Area Ia1 (Insula) left,left,JULICH_BRAIN_CYTOARCHITECTONIC_ATLAS_V3_1_AREA_IA1_INSULA,AREA_IA1_INSULA_LEFT.nii.gz,APPROVE_DOMINANT_OVERLAP,DOMINANT_CRITERIA_V1,N/A,OWNER_SCIENTIFIC_REVIEWED,False,False,,G4_G3_FINAL_SCIENTIFIC_POLICY_V1,g4_g3_scientific_decision_policy_v1.csv,g4_g3_owner_policy_revision_v1.csv
NGIQ-BR-00000547,Area Ia3 (Insula) right,right,JULICH_BRAIN_CYTOARCHITECTONIC_ATLAS_V3_1_AREA_IA3_INSULA,AREA_IA3_INSULA_RIGHT.nii.gz,APPROVE_CONTAINED_IN,OWNER_CONFIRMED_CONTAINED,EXACT_FAMILY,OWNER_SCIENTIFIC_REVIEWED,True,True,,G4_G3_FINAL_SCIENTIFIC_POLICY_V1,g4_g3_scientific_decision_policy_v1.csv,g4_g3_owner_policy_revision_v1.csv
NGIQ-BR-00000548,Area Ia3 (Insula) left,left,JULICH_BRAIN_CYTOARCHITECTONIC_ATLAS_V3_1_AREA_IA3_INSULA,AREA_IA3_INSULA_LEFT.nii.gz,APPROVE_CONTAINED_IN,OWNER_CONFIRMED_CONTAINED,EXACT_FAMILY,OWNER_SCIENTIFIC_REVIEWED,True,True,,G4_G3_FINAL_SCIENTIFIC_POLICY_V1,g4_g3_scientific_decision_policy_v1.csv,g4_g3_owner_policy_revision_v1.csv
NGIQ-BR-00000549,Area Id2 (Insula) right,right,JULICH_BRAIN_CYTOARCHITECTONIC_ATLAS_V3_1_AREA_ID2_INSULA,AREA_ID2_INSULA_RIGHT.nii.gz,PARTIAL_OVERLAP,OWNER_CONFIRMED_PARTIAL_SET_CONCORDANT,N/A,OWNER_SCIENTIFIC_REVIEWED,False,False,,G4_G3_FINAL_SCIENTIFIC_POLICY_V1,g4_g3_scientific_decision_policy_v1.csv,g4_g3_owner_policy_revision_v1.csv
NGIQ-BR-00000550,Area Id2 (Insula) left,left,JULICH_BRAIN_CYTOARCHITECTONIC_ATLAS_V3_1_AREA_ID2_INSULA,AREA_ID2_INSULA_LEFT.nii.gz,PARTIAL_OVERLAP,OWNER_CONFIRMED_PARTIAL,N/A,OWNER_SCIENTIFIC_REVIEWED,False,False,,G4_G3_FINAL_SCIENTIFIC_POLICY_V1,g4_g3_scientific_decision_policy_v1.csv,g4_g3_owner_policy_revision_v1.csv
NGIQ-BR-00000551,Area Id8 (Insula) right,right,JULICH_BRAIN_CYTOARCHITECTONIC_ATLAS_V3_1_AREA_ID8_INSULA,AREA_ID8_INSULA_RIGHT.nii.gz,PARTIAL_OVERLAP,OWNER_CONFIRMED_PARTIAL,N/A,OWNER_SCIENTIFIC_REVIEWED,False,False,,G4_G3_FINAL_SCIENTIFIC_POLICY_V1,g4_g3_scientific_decision_policy_v1.csv,g4_g3_owner_policy_revision_v1.csv
NGIQ-BR-00000552,Area Id8 (Insula) left,left,JULICH_BRAIN_CYTOARCHITECTONIC_ATLAS_V3_1_AREA_ID8_INSULA,AREA_ID8_INSULA_LEFT.nii.gz,PARTIAL_OVERLAP,OWNER_CONFIRMED_PARTIAL,N/A,OWNER_SCIENTIFIC_REVIEWED,False,False,,G4_G3_FINAL_SCIENTIFIC_POLICY_V1,g4_g3_scientific_decision_policy_v1.csv,g4_g3_owner_policy_revision_v1.csv
NGIQ-BR-00000553,Area Id1 (Insula) right,right,JULICH_BRAIN_CYTOARCHITECTONIC_ATLAS_V3_1_AREA_ID1_INSULA,AREA_ID1_INSULA_RIGHT.nii.gz,PARTIAL_OVERLAP,OWNER_CONFIRMED_PARTIAL,N/A,OWNER_SCIENTIFIC_REVIEWED,False,False,,G4_G3_FINAL_SCIENTIFIC_POLICY_V1,g4_g3_scientific_decision_policy_v1.csv,g4_g3_owner_policy_revision_v1.csv
NGIQ-BR-00000554,Area Id1 (Insula) left,left,JULICH_BRAIN_CYTOARCHITECTONIC_ATLAS_V3_1_AREA_ID1_INSULA,AREA_ID1_INSULA_LEFT.nii.gz,PARTIAL_OVERLAP,OWNER_CONFIRMED_PARTIAL,N/A,OWNER_SCIENTIFIC_REVIEWED,False,False,,G4_G3_FINAL_SCIENTIFIC_POLICY_V1,g4_g3_scientific_decision_policy_v1.csv,g4_g3_owner_policy_revision_v1.csv
NGIQ-BR-00000555,Area Id9 (Insula) right,right,JULICH_BRAIN_CYTOARCHITECTONIC_ATLAS_V3_1_AREA_ID9_INSULA,AREA_ID9_INSULA_RIGHT.nii.gz,PARTIAL_OVERLAP,FINAL_MULTI_TARGET_PARTIAL_GATE_PASS,N/A,OWNER_SCIENTIFIC_REVIEWED,False,False,,G4_G3_FINAL_SCIENTIFIC_POLICY_V1,g4_g3_scientific_decision_policy_v1.csv,g4_g3_owner_policy_revision_v1.csv
NGIQ-BR-00000556,Area Id9 (Insula) left,left,JULICH_BRAIN_CYTOARCHITECTONIC_ATLAS_V3_1_AREA_ID9_INSULA,AREA_ID9_INSULA_LEFT.nii.gz,PARTIAL_OVERLAP,OWNER_CONFIRMED_PARTIAL,N/A,OWNER_SCIENTIFIC_REVIEWED,False,False,,G4_G3_FINAL_SCIENTIFIC_POLICY_V1,g4_g3_scientific_decision_policy_v1.csv,g4_g3_owner_policy_revision_v1.csv
NGIQ-BR-00000557,Area Id7 (Insula) right,right,JULICH_BRAIN_CYTOARCHITECTONIC_ATLAS_V3_1_AREA_ID7_INSULA,AREA_ID7_INSULA_RIGHT.nii.gz,PARTIAL_OVERLAP,OWNER_CONFIRMED_PARTIAL,N/A,OWNER_SCIENTIFIC_REVIEWED,False,False,,G4_G3_FINAL_SCIENTIFIC_POLICY_V1,g4_g3_scientific_decision_policy_v1.csv,g4_g3_owner_policy_revision_v1.csv
NGIQ-BR-00000558,Area Id7 (Insula) left,left,JULICH_BRAIN_CYTOARCHITECTONIC_ATLAS_V3_1_AREA_ID7_INSULA,AREA_ID7_INSULA_LEFT.nii.gz,PARTIAL_OVERLAP,OWNER_CONFIRMED_PARTIAL,N/A,OWNER_SCIENTIFIC_REVIEWED,False,False,,G4_G3_FINAL_SCIENTIFIC_POLICY_V1,g4_g3_scientific_decision_policy_v1.csv,g4_g3_owner_policy_revision_v1.csv
NGIQ-BR-00000559,Area Id5 (Insula) right,right,JULICH_BRAIN_CYTOARCHITECTONIC_ATLAS_V3_1_AREA_ID5_INSULA,AREA_ID5_INSULA_RIGHT.nii.gz,APPROVE_DOMINANT_OVERLAP,DOMINANT_CRITERIA_V1,N/A,OWNER_SCIENTIFIC_REVIEWED,False,False,,G4_G3_FINAL_SCIENTIFIC_POLICY_V1,g4_g3_scientific_decision_policy_v1.csv,g4_g3_owner_policy_revision_v1.csv
NGIQ-BR-00000560,Area Id5 (Insula) left,left,JULICH_BRAIN_CYTOARCHITECTONIC_ATLAS_V3_1_AREA_ID5_INSULA,AREA_ID5_INSULA_LEFT.nii.gz,APPROVE_DOMINANT_OVERLAP,DOMINANT_CRITERIA_V1,N/A,OWNER_SCIENTIFIC_REVIEWED,False,False,,G4_G3_FINAL_SCIENTIFIC_POLICY_V1,g4_g3_scientific_decision_policy_v1.csv,g4_g3_owner_policy_revision_v1.csv
NGIQ-BR-00000561,Area Id6 (Insula) right,right,JULICH_BRAIN_CYTOARCHITECTONIC_ATLAS_V3_1_AREA_ID6_INSULA,AREA_ID6_INSULA_RIGHT.nii.gz,APPROVE_DOMINANT_OVERLAP,DOMINANT_CRITERIA_V1,N/A,OWNER_SCIENTIFIC_REVIEWED,False,False,BOUNDARY_METRIC,G4_G3_FINAL_SCIENTIFIC_POLICY_V1,g4_g3_scientific_decision_policy_v1.csv,g4_g3_owner_policy_revision_v1.csv
NGIQ-BR-00000562,Area Id6 (Insula) left,left,JULICH_BRAIN_CYTOARCHITECTONIC_ATLAS_V3_1_AREA_ID6_INSULA,AREA_ID6_INSULA_LEFT.nii.gz,PARTIAL_OVERLAP,OWNER_CONFIRMED_PARTIAL,N/A,OWNER_SCIENTIFIC_REVIEWED,False,False,,G4_G3_FINAL_SCIENTIFIC_POLICY_V1,g4_g3_scientific_decision_policy_v1.csv,g4_g3_owner_policy_revision_v1.csv
NGIQ-BR-00000563,Area Id10 (Insula) right,right,JULICH_BRAIN_CYTOARCHITECTONIC_ATLAS_V3_1_AREA_ID10_INSULA,AREA_ID10_INSULA_RIGHT.nii.gz,CONFLICT_REVIEW,PARTIAL_TARGET_EVIDENCE_INCONSISTENT,N/A,OWNER_SCIENTIFIC_REVIEWED,False,False,,G4_G3_FINAL_SCIENTIFIC_POLICY_V1,g4_g3_scientific_decision_policy_v1.csv,g4_g3_owner_policy_revision_v1.csv
NGIQ-BR-00000564,Area Id10 (Insula) left,left,JULICH_BRAIN_CYTOARCHITECTONIC_ATLAS_V3_1_AREA_ID10_INSULA,AREA_ID10_INSULA_LEFT.nii.gz,PARTIAL_OVERLAP,OWNER_CONFIRMED_PARTIAL,N/A,OWNER_SCIENTIFIC_REVIEWED,False,False,,G4_G3_FINAL_SCIENTIFIC_POLICY_V1,g4_g3_scientific_decision_policy_v1.csv,g4_g3_owner_policy_revision_v1.csv
NGIQ-BR-00000565,Area Id4 (Insula) right,right,JULICH_BRAIN_CYTOARCHITECTONIC_ATLAS_V3_1_AREA_ID4_INSULA,AREA_ID4_INSULA_RIGHT.nii.gz,PARTIAL_OVERLAP,OWNER_CONFIRMED_PARTIAL_SET_CONCORDANT,N/A,OWNER_SCIENTIFIC_REVIEWED,False,False,,G4_G3_FINAL_SCIENTIFIC_POLICY_V1,g4_g3_scientific_decision_policy_v1.csv,g4_g3_owner_policy_revision_v1.csv
NGIQ-BR-00000566,Area Id4 (Insula) left,left,JULICH_BRAIN_CYTOARCHITECTONIC_ATLAS_V3_1_AREA_ID4_INSULA,AREA_ID4_INSULA_LEFT.nii.gz,PARTIAL_OVERLAP,OWNER_CONFIRMED_PARTIAL,N/A,OWNER_SCIENTIFIC_REVIEWED,False,False,,G4_G3_FINAL_SCIENTIFIC_POLICY_V1,g4_g3_scientific_decision_policy_v1.csv,g4_g3_owner_policy_revision_v1.csv
NGIQ-BR-00000567,Area Id3 (Insula) right,right,JULICH_BRAIN_CYTOARCHITECTONIC_ATLAS_V3_1_AREA_ID3_INSULA,AREA_ID3_INSULA_RIGHT.nii.gz,APPROVE_DOMINANT_OVERLAP,DOMINANT_CRITERIA_V1,N/A,OWNER_SCIENTIFIC_REVIEWED,False,False,,G4_G3_FINAL_SCIENTIFIC_POLICY_V1,g4_g3_scientific_decision_policy_v1.csv,g4_g3_owner_policy_revision_v1.csv
NGIQ-BR-00000568,Area Id3 (Insula) left,left,JULICH_BRAIN_CYTOARCHITECTONIC_ATLAS_V3_1_AREA_ID3_INSULA,AREA_ID3_INSULA_LEFT.nii.gz,APPROVE_DOMINANT_OVERLAP,DOMINANT_CRITERIA_V1,N/A,OWNER_SCIENTIFIC_REVIEWED,False,False,,G4_G3_FINAL_SCIENTIFIC_POLICY_V1,g4_g3_scientific_decision_policy_v1.csv,g4_g3_owner_policy_revision_v1.csv
NGIQ-BR-00000569,Area STS2 (STS) right,right,JULICH_BRAIN_CYTOARCHITECTONIC_ATLAS_V3_1_AREA_STS2_STS,AREA_STS2_STS_RIGHT.nii.gz,APPROVE_DOMINANT_OVERLAP,DOMINANT_CRITERIA_V1,N/A,OWNER_SCIENTIFIC_REVIEWED,False,False,,G4_G3_FINAL_SCIENTIFIC_POLICY_V1,g4_g3_scientific_decision_policy_v1.csv,g4_g3_owner_policy_revision_v1.csv
NGIQ-BR-00000570,Area STS2 (STS) left,left,JULICH_BRAIN_CYTOARCHITECTONIC_ATLAS_V3_1_AREA_STS2_STS,AREA_STS2_STS_LEFT.nii.gz,PARTIAL_OVERLAP,OWNER_CONFIRMED_PARTIAL,N/A,OWNER_SCIENTIFIC_REVIEWED,False,False,,G4_G3_FINAL_SCIENTIFIC_POLICY_V1,g4_g3_scientific_decision_policy_v1.csv,g4_g3_owner_policy_revision_v1.csv
NGIQ-BR-00000571,Area STS1 (STS) right,right,JULICH_BRAIN_CYTOARCHITECTONIC_ATLAS_V3_1_AREA_STS1_STS,AREA_STS1_STS_RIGHT.nii.gz,PARTIAL_OVERLAP,OWNER_CONFIRMED_PARTIAL_SET_CONCORDANT,N/A,OWNER_SCIENTIFIC_REVIEWED,False,False,,G4_G3_FINAL_SCIENTIFIC_POLICY_V1,g4_g3_scientific_decision_policy_v1.csv,g4_g3_owner_policy_revision_v1.csv
NGIQ-BR-00000572,Area STS1 (STS) left,left,JULICH_BRAIN_CYTOARCHITECTONIC_ATLAS_V3_1_AREA_STS1_STS,AREA_STS1_STS_LEFT.nii.gz,PARTIAL_OVERLAP,OWNER_CONFIRMED_PARTIAL,N/A,OWNER_SCIENTIFIC_REVIEWED,False,False,,G4_G3_FINAL_SCIENTIFIC_POLICY_V1,g4_g3_scientific_decision_policy_v1.csv,g4_g3_owner_policy_revision_v1.csv
NGIQ-BR-00000573,Area OTS1 (OTS) right,right,JULICH_BRAIN_CYTOARCHITECTONIC_ATLAS_V3_1_AREA_OTS1_OTS,AREA_OTS1_OTS_RIGHT.nii.gz,CONFLICT_REVIEW,HIGH_FRAGMENTATION,N/A,OWNER_SCIENTIFIC_REVIEWED,False,False,,G4_G3_FINAL_SCIENTIFIC_POLICY_V1,g4_g3_scientific_decision_policy_v1.csv,g4_g3_owner_policy_revision_v1.csv
NGIQ-BR-00000574,Area OTS1 (OTS) left,left,JULICH_BRAIN_CYTOARCHITECTONIC_ATLAS_V3_1_AREA_OTS1_OTS,AREA_OTS1_OTS_LEFT.nii.gz,CONFLICT_REVIEW,HIGH_FRAGMENTATION,N/A,OWNER_SCIENTIFIC_REVIEWED,False,False,,G4_G3_FINAL_SCIENTIFIC_POLICY_V1,g4_g3_scientific_decision_policy_v1.csv,g4_g3_owner_policy_revision_v1.csv
NGIQ-BR-00000575,Area Te 3 (STG) right,right,JULICH_BRAIN_CYTOARCHITECTONIC_ATLAS_V3_1_AREA_TE_3_STG,AREA_TE_3_STG_RIGHT.nii.gz,PARTIAL_OVERLAP,OWNER_CONFIRMED_PARTIAL,N/A,OWNER_SCIENTIFIC_REVIEWED,False,False,BOUNDARY_SECOND_TARGET,G4_G3_FINAL_SCIENTIFIC_POLICY_V1,g4_g3_scientific_decision_policy_v1.csv,g4_g3_owner_policy_revision_v1.csv
NGIQ-BR-00000576,Area Te 3 (STG) left,left,JULICH_BRAIN_CYTOARCHITECTONIC_ATLAS_V3_1_AREA_TE_3_STG,AREA_TE_3_STG_LEFT.nii.gz,CONFLICT_REVIEW,MULTI_TARGET_DIFFUSE_REMAINDER,N/A,OWNER_SCIENTIFIC_REVIEWED,False,False,,G4_G3_FINAL_SCIENTIFIC_POLICY_V1,g4_g3_scientific_decision_policy_v1.csv,g4_g3_owner_policy_revision_v1.csv
NGIQ-BR-00000577,Area Te 2.2 (STG) right,right,JULICH_BRAIN_CYTOARCHITECTONIC_ATLAS_V3_1_AREA_TE_2_2_STG,AREA_TE_2_2_STG_RIGHT.nii.gz,APPROVE_DOMINANT_OVERLAP,DOMINANT_CRITERIA_V1,N/A,OWNER_SCIENTIFIC_REVIEWED,False,False,BOUNDARY_METRIC,G4_G3_FINAL_SCIENTIFIC_POLICY_V1,g4_g3_scientific_decision_policy_v1.csv,g4_g3_owner_policy_revision_v1.csv
NGIQ-BR-00000578,Area Te 2.2 (STG) left,left,JULICH_BRAIN_CYTOARCHITECTONIC_ATLAS_V3_1_AREA_TE_2_2_STG,AREA_TE_2_2_STG_LEFT.nii.gz,CONFLICT_REVIEW,HIGH_FRAGMENTATION,N/A,OWNER_SCIENTIFIC_REVIEWED,False,False,,G4_G3_FINAL_SCIENTIFIC_POLICY_V1,g4_g3_scientific_decision_policy_v1.csv,g4_g3_owner_policy_revision_v1.csv
NGIQ-BR-00000579,Area Te 2.1 (STG) right,right,JULICH_BRAIN_CYTOARCHITECTONIC_ATLAS_V3_1_AREA_TE_2_1_STG,AREA_TE_2_1_STG_RIGHT.nii.gz,PARTIAL_OVERLAP,OWNER_CONFIRMED_PARTIAL,N/A,OWNER_SCIENTIFIC_REVIEWED,False,False,,G4_G3_FINAL_SCIENTIFIC_POLICY_V1,g4_g3_scientific_decision_policy_v1.csv,g4_g3_owner_policy_revision_v1.csv
NGIQ-BR-00000580,Area Te 2.1 (STG) left,left,JULICH_BRAIN_CYTOARCHITECTONIC_ATLAS_V3_1_AREA_TE_2_1_STG,AREA_TE_2_1_STG_LEFT.nii.gz,APPROVE_DOMINANT_OVERLAP,DOMINANT_CRITERIA_V1,N/A,OWNER_SCIENTIFIC_REVIEWED,False,False,BOUNDARY_METRIC,G4_G3_FINAL_SCIENTIFIC_POLICY_V1,g4_g3_scientific_decision_policy_v1.csv,g4_g3_owner_policy_revision_v1.csv
NGIQ-BR-00000581,Area Te 1.1 (HESCHL) right,right,JULICH_BRAIN_CYTOARCHITECTONIC_ATLAS_V3_1_AREA_TE_1_1_HESCHL,AREA_TE_1_1_HESCHL_RIGHT.nii.gz,PARTIAL_OVERLAP,FINAL_MULTI_TARGET_PARTIAL_GATE_PASS,N/A,OWNER_SCIENTIFIC_REVIEWED,False,False,,G4_G3_FINAL_SCIENTIFIC_POLICY_V1,g4_g3_scientific_decision_policy_v1.csv,g4_g3_owner_policy_revision_v1.csv
NGIQ-BR-00000582,Area Te 1.1 (HESCHL) left,left,JULICH_BRAIN_CYTOARCHITECTONIC_ATLAS_V3_1_AREA_TE_1_1_HESCHL,AREA_TE_1_1_HESCHL_LEFT.nii.gz,PARTIAL_OVERLAP,OWNER_CONFIRMED_PARTIAL,N/A,OWNER_SCIENTIFIC_REVIEWED,False,False,BOUNDARY_SECOND_TARGET,G4_G3_FINAL_SCIENTIFIC_POLICY_V1,g4_g3_scientific_decision_policy_v1.csv,g4_g3_owner_policy_revision_v1.csv
NGIQ-BR-00000583,Area Te 1.2 (HESCHL) right,right,JULICH_BRAIN_CYTOARCHITECTONIC_ATLAS_V3_1_AREA_TE_1_2_HESCHL,AREA_TE_1_2_HESCHL_RIGHT.nii.gz,APPROVE_CONTAINED_IN,OWNER_CONFIRMED_CONTAINED,NESTED_COMPATIBLE_FAMILY,OWNER_SCIENTIFIC_REVIEWED,True,True,,G4_G3_FINAL_SCIENTIFIC_POLICY_V1,g4_g3_scientific_decision_policy_v1.csv,g4_g3_owner_policy_revision_v1.csv
NGIQ-BR-00000584,Area Te 1.2 (HESCHL) left,left,JULICH_BRAIN_CYTOARCHITECTONIC_ATLAS_V3_1_AREA_TE_1_2_HESCHL,AREA_TE_1_2_HESCHL_LEFT.nii.gz,PARTIAL_OVERLAP,OWNER_CONFIRMED_PARTIAL,N/A,OWNER_SCIENTIFIC_REVIEWED,False,False,,G4_G3_FINAL_SCIENTIFIC_POLICY_V1,g4_g3_scientific_decision_policy_v1.csv,g4_g3_owner_policy_revision_v1.csv
NGIQ-BR-00000585,Area Te 1.0 (HESCHL) right,right,JULICH_BRAIN_CYTOARCHITECTONIC_ATLAS_V3_1_AREA_TE_1_0_HESCHL,AREA_TE_1_0_HESCHL_RIGHT.nii.gz,APPROVE_DOMINANT_OVERLAP,DOMINANT_CRITERIA_V1,N/A,OWNER_SCIENTIFIC_REVIEWED,False,False,,G4_G3_FINAL_SCIENTIFIC_POLICY_V1,g4_g3_scientific_decision_policy_v1.csv,g4_g3_owner_policy_revision_v1.csv
NGIQ-BR-00000586,Area Te 1.0 (HESCHL) left,left,JULICH_BRAIN_CYTOARCHITECTONIC_ATLAS_V3_1_AREA_TE_1_0_HESCHL,AREA_TE_1_0_HESCHL_LEFT.nii.gz,APPROVE_DOMINANT_OVERLAP,DOMINANT_CRITERIA_V1,N/A,OWNER_SCIENTIFIC_REVIEWED,False,False,,G4_G3_FINAL_SCIENTIFIC_POLICY_V1,g4_g3_scientific_decision_policy_v1.csv,g4_g3_owner_policy_revision_v1.csv
NGIQ-BR-00000587,Area Ph1 (PhG) right,right,JULICH_BRAIN_CYTOARCHITECTONIC_ATLAS_V3_1_AREA_PH1_PHG,AREA_PH1_PHG_RIGHT.nii.gz,PARTIAL_OVERLAP,OWNER_CONFIRMED_PARTIAL,N/A,OWNER_SCIENTIFIC_REVIEWED,False,False,,G4_G3_FINAL_SCIENTIFIC_POLICY_V1,g4_g3_scientific_decision_policy_v1.csv,g4_g3_owner_policy_revision_v1.csv
NGIQ-BR-00000588,Area Ph1 (PhG) left,left,JULICH_BRAIN_CYTOARCHITECTONIC_ATLAS_V3_1_AREA_PH1_PHG,AREA_PH1_PHG_LEFT.nii.gz,APPROVE_DOMINANT_OVERLAP,DOMINANT_CRITERIA_V1,N/A,OWNER_SCIENTIFIC_REVIEWED,False,False,,G4_G3_FINAL_SCIENTIFIC_POLICY_V1,g4_g3_scientific_decision_policy_v1.csv,g4_g3_owner_policy_revision_v1.csv
NGIQ-BR-00000589,Area Ph2 (PhG) right,right,JULICH_BRAIN_CYTOARCHITECTONIC_ATLAS_V3_1_AREA_PH2_PHG,AREA_PH2_PHG_RIGHT.nii.gz,CONFLICT_REVIEW,HIGH_FRAGMENTATION,N/A,OWNER_SCIENTIFIC_REVIEWED,False,False,,G4_G3_FINAL_SCIENTIFIC_POLICY_V1,g4_g3_scientific_decision_policy_v1.csv,g4_g3_owner_policy_revision_v1.csv
NGIQ-BR-00000590,Area Ph2 (PhG) left,left,JULICH_BRAIN_CYTOARCHITECTONIC_ATLAS_V3_1_AREA_PH2_PHG,AREA_PH2_PHG_LEFT.nii.gz,CONFLICT_REVIEW,HIGH_FRAGMENTATION,N/A,OWNER_SCIENTIFIC_REVIEWED,False,False,,G4_G3_FINAL_SCIENTIFIC_POLICY_V1,g4_g3_scientific_decision_policy_v1.csv,g4_g3_owner_policy_revision_v1.csv
NGIQ-BR-00000591,Area Ph3 (PhG) right,right,JULICH_BRAIN_CYTOARCHITECTONIC_ATLAS_V3_1_AREA_PH3_PHG,AREA_PH3_PHG_RIGHT.nii.gz,APPROVE_DOMINANT_OVERLAP,STRONG_SPATIAL_OVERLAP_BUT_NOT_HIERARCHICAL_CONTAINMENT,N/A,OWNER_SCIENTIFIC_REVIEWED,False,False,,G4_G3_FINAL_SCIENTIFIC_POLICY_V1,g4_g3_scientific_decision_policy_v1.csv,g4_g3_owner_policy_revision_v1.csv
NGIQ-BR-00000592,Area Ph3 (PhG) left,left,JULICH_BRAIN_CYTOARCHITECTONIC_ATLAS_V3_1_AREA_PH3_PHG,AREA_PH3_PHG_LEFT.nii.gz,APPROVE_DOMINANT_OVERLAP,DOMINANT_CRITERIA_V1,N/A,OWNER_SCIENTIFIC_REVIEWED,False,False,,G4_G3_FINAL_SCIENTIFIC_POLICY_V1,g4_g3_scientific_decision_policy_v1.csv,g4_g3_owner_policy_revision_v1.csv
NGIQ-BR-00000593,Area CoS1 (CoS) right,right,JULICH_BRAIN_CYTOARCHITECTONIC_ATLAS_V3_1_AREA_COS1_COS,AREA_COS1_COS_RIGHT.nii.gz,PARTIAL_OVERLAP,OWNER_CONFIRMED_PARTIAL,N/A,OWNER_SCIENTIFIC_REVIEWED,False,False,,G4_G3_FINAL_SCIENTIFIC_POLICY_V1,g4_g3_scientific_decision_policy_v1.csv,g4_g3_owner_policy_revision_v1.csv
NGIQ-BR-00000594,Area CoS1 (CoS) left,left,JULICH_BRAIN_CYTOARCHITECTONIC_ATLAS_V3_1_AREA_COS1_COS,AREA_COS1_COS_LEFT.nii.gz,APPROVE_DOMINANT_OVERLAP,DOMINANT_CRITERIA_V1,N/A,OWNER_SCIENTIFIC_REVIEWED,False,False,BOUNDARY_METRIC,G4_G3_FINAL_SCIENTIFIC_POLICY_V1,g4_g3_scientific_decision_policy_v1.csv,g4_g3_owner_policy_revision_v1.csv
NGIQ-BR-00000595,Area TI (STG) right,right,JULICH_BRAIN_CYTOARCHITECTONIC_ATLAS_V3_1_AREA_TI_STG,AREA_TI_STG_RIGHT.nii.gz,PARTIAL_OVERLAP,OWNER_CONFIRMED_PARTIAL,N/A,OWNER_SCIENTIFIC_REVIEWED,False,False,,G4_G3_FINAL_SCIENTIFIC_POLICY_V1,g4_g3_scientific_decision_policy_v1.csv,g4_g3_owner_policy_revision_v1.csv
NGIQ-BR-00000596,Area TI (STG) left,left,JULICH_BRAIN_CYTOARCHITECTONIC_ATLAS_V3_1_AREA_TI_STG,AREA_TI_STG_LEFT.nii.gz,PARTIAL_OVERLAP,OWNER_CONFIRMED_PARTIAL,N/A,OWNER_SCIENTIFIC_REVIEWED,False,False,,G4_G3_FINAL_SCIENTIFIC_POLICY_V1,g4_g3_scientific_decision_policy_v1.csv,g4_g3_owner_policy_revision_v1.csv
NGIQ-BR-00000597,Area TeI (STG) right,right,JULICH_BRAIN_CYTOARCHITECTONIC_ATLAS_V3_1_AREA_TEI_STG,AREA_TEI_STG_RIGHT.nii.gz,APPROVE_CONTAINED_IN,OWNER_CONFIRMED_CONTAINED,EXACT_FAMILY,OWNER_SCIENTIFIC_REVIEWED,True,True,,G4_G3_FINAL_SCIENTIFIC_POLICY_V1,g4_g3_scientific_decision_policy_v1.csv,g4_g3_owner_policy_revision_v1.csv
NGIQ-BR-00000598,Area TeI (STG) left,left,JULICH_BRAIN_CYTOARCHITECTONIC_ATLAS_V3_1_AREA_TEI_STG,AREA_TEI_STG_LEFT.nii.gz,APPROVE_DOMINANT_OVERLAP,DOMINANT_CRITERIA_V1,N/A,OWNER_SCIENTIFIC_REVIEWED,False,False,,G4_G3_FINAL_SCIENTIFIC_POLICY_V1,g4_g3_scientific_decision_policy_v1.csv,g4_g3_owner_policy_revision_v1.csv
NGIQ-BR-00000599,Area FG5 (FusG) right,right,JULICH_BRAIN_CYTOARCHITECTONIC_ATLAS_V3_1_AREA_FG5_FUSG,AREA_FG5_FUSG_RIGHT.nii.gz,APPROVE_CONTAINED_IN,OWNER_SEMANTIC_AND_SPATIAL_CONCORDANCE,EXACT_FAMILY,OWNER_SCIENTIFIC_REVIEWED,True,True,,G4_G3_FINAL_SCIENTIFIC_POLICY_V1,g4_g3_scientific_decision_policy_v1.csv,g4_g3_owner_policy_revision_v1.csv
NGIQ-BR-00000600,Area FG5 (FusG) left,left,JULICH_BRAIN_CYTOARCHITECTONIC_ATLAS_V3_1_AREA_FG5_FUSG,AREA_FG5_FUSG_LEFT.nii.gz,PARTIAL_OVERLAP,OWNER_CONFIRMED_PARTIAL,N/A,OWNER_SCIENTIFIC_REVIEWED,False,False,,G4_G3_FINAL_SCIENTIFIC_POLICY_V1,g4_g3_scientific_decision_policy_v1.csv,g4_g3_owner_policy_revision_v1.csv
NGIQ-BR-00000601,Area FG2 (FusG) right,right,JULICH_BRAIN_CYTOARCHITECTONIC_ATLAS_V3_1_AREA_FG2_FUSG,AREA_FG2_FUSG_RIGHT.nii.gz,PARTIAL_OVERLAP,OWNER_CONFIRMED_PARTIAL,N/A,OWNER_SCIENTIFIC_REVIEWED,False,False,BOUNDARY_SECOND_TARGET,G4_G3_FINAL_SCIENTIFIC_POLICY_V1,g4_g3_scientific_decision_policy_v1.csv,g4_g3_owner_policy_revision_v1.csv
NGIQ-BR-00000602,Area FG2 (FusG) left,left,JULICH_BRAIN_CYTOARCHITECTONIC_ATLAS_V3_1_AREA_FG2_FUSG,AREA_FG2_FUSG_LEFT.nii.gz,PARTIAL_OVERLAP,OWNER_CONFIRMED_PARTIAL,N/A,OWNER_SCIENTIFIC_REVIEWED,False,False,,G4_G3_FINAL_SCIENTIFIC_POLICY_V1,g4_g3_scientific_decision_policy_v1.csv,g4_g3_owner_policy_revision_v1.csv
NGIQ-BR-00000603,Area FG3 (FusG) right,right,JULICH_BRAIN_CYTOARCHITECTONIC_ATLAS_V3_1_AREA_FG3_FUSG,AREA_FG3_FUSG_RIGHT.nii.gz,PARTIAL_OVERLAP,OWNER_CONFIRMED_PARTIAL,N/A,OWNER_SCIENTIFIC_REVIEWED,False,False,BOUNDARY_SECOND_TARGET,G4_G3_FINAL_SCIENTIFIC_POLICY_V1,g4_g3_scientific_decision_policy_v1.csv,g4_g3_owner_policy_revision_v1.csv
NGIQ-BR-00000604,Area FG3 (FusG) left,left,JULICH_BRAIN_CYTOARCHITECTONIC_ATLAS_V3_1_AREA_FG3_FUSG,AREA_FG3_FUSG_LEFT.nii.gz,PARTIAL_OVERLAP,FINAL_MULTI_TARGET_PARTIAL_GATE_PASS,N/A,OWNER_SCIENTIFIC_REVIEWED,False,False,BOUNDARY_SECOND_TARGET,G4_G3_FINAL_SCIENTIFIC_POLICY_V1,g4_g3_scientific_decision_policy_v1.csv,g4_g3_owner_policy_revision_v1.csv
NGIQ-BR-00000605,Area FG1 (FusG) right,right,JULICH_BRAIN_CYTOARCHITECTONIC_ATLAS_V3_1_AREA_FG1_FUSG,AREA_FG1_FUSG_RIGHT.nii.gz,APPROVE_DOMINANT_OVERLAP,DOMINANT_CRITERIA_V1,N/A,OWNER_SCIENTIFIC_REVIEWED,False,False,,G4_G3_FINAL_SCIENTIFIC_POLICY_V1,g4_g3_scientific_decision_policy_v1.csv,g4_g3_owner_policy_revision_v1.csv
NGIQ-BR-00000606,Area FG1 (FusG) left,left,JULICH_BRAIN_CYTOARCHITECTONIC_ATLAS_V3_1_AREA_FG1_FUSG,AREA_FG1_FUSG_LEFT.nii.gz,APPROVE_DOMINANT_OVERLAP,DOMINANT_CRITERIA_V1,N/A,OWNER_SCIENTIFIC_REVIEWED,False,False,,G4_G3_FINAL_SCIENTIFIC_POLICY_V1,g4_g3_scientific_decision_policy_v1.csv,g4_g3_owner_policy_revision_v1.csv
NGIQ-BR-00000607,Area FG4 (FusG) right,right,JULICH_BRAIN_CYTOARCHITECTONIC_ATLAS_V3_1_AREA_FG4_FUSG,AREA_FG4_FUSG_RIGHT.nii.gz,APPROVE_DOMINANT_OVERLAP,DOMINANT_CRITERIA_V1,N/A,OWNER_SCIENTIFIC_REVIEWED,False,False,,G4_G3_FINAL_SCIENTIFIC_POLICY_V1,g4_g3_scientific_decision_policy_v1.csv,g4_g3_owner_policy_revision_v1.csv
NGIQ-BR-00000608,Area FG4 (FusG) left,left,JULICH_BRAIN_CYTOARCHITECTONIC_ATLAS_V3_1_AREA_FG4_FUSG,AREA_FG4_FUSG_LEFT.nii.gz,APPROVE_DOMINANT_OVERLAP,DOMINANT_CRITERIA_V1,N/A,OWNER_SCIENTIFIC_REVIEWED,False,False,,G4_G3_FINAL_SCIENTIFIC_POLICY_V1,g4_g3_scientific_decision_policy_v1.csv,g4_g3_owner_policy_revision_v1.csv
NGIQ-BR-00000609,"Area TPJ (STG, SMG) right",right,JULICH_BRAIN_CYTOARCHITECTONIC_ATLAS_V3_1_AREA_TPJ_STG_SMG,AREA_TPJ_STG_SMG_RIGHT.nii.gz,CONFLICT_REVIEW,PROBABILITY_HARDLABEL_TOP1_DISAGREEMENT,N/A,OWNER_SCIENTIFIC_REVIEWED,False,False,,G4_G3_FINAL_SCIENTIFIC_POLICY_V1,g4_g3_scientific_decision_policy_v1.csv,g4_g3_owner_policy_revision_v1.csv
NGIQ-BR-00000610,"Area TPJ (STG, SMG) left",left,JULICH_BRAIN_CYTOARCHITECTONIC_ATLAS_V3_1_AREA_TPJ_STG_SMG,AREA_TPJ_STG_SMG_LEFT.nii.gz,PARTIAL_OVERLAP,FINAL_MULTI_TARGET_PARTIAL_GATE_PASS,N/A,OWNER_SCIENTIFIC_REVIEWED,False,False,,G4_G3_FINAL_SCIENTIFIC_POLICY_V1,g4_g3_scientific_decision_policy_v1.csv,g4_g3_owner_policy_revision_v1.csv
NGIQ-BR-00000611,"Area hOc2 (V2, 18) right",right,JULICH_BRAIN_CYTOARCHITECTONIC_ATLAS_V3_1_AREA_HOC2_V2_18,AREA_HOC2_V2_18_RIGHT.nii.gz,CONFLICT_REVIEW,PROBABILITY_HARDLABEL_TOP1_DISAGREEMENT,N/A,OWNER_SCIENTIFIC_REVIEWED,False,False,,G4_G3_FINAL_SCIENTIFIC_POLICY_V1,g4_g3_scientific_decision_policy_v1.csv,g4_g3_owner_policy_revision_v1.csv
NGIQ-BR-00000612,"Area hOc2 (V2, 18) left",left,JULICH_BRAIN_CYTOARCHITECTONIC_ATLAS_V3_1_AREA_HOC2_V2_18,AREA_HOC2_V2_18_LEFT.nii.gz,CONFLICT_REVIEW,PROBABILITY_HARDLABEL_TOP1_DISAGREEMENT,N/A,OWNER_SCIENTIFIC_REVIEWED,False,False,,G4_G3_FINAL_SCIENTIFIC_POLICY_V1,g4_g3_scientific_decision_policy_v1.csv,g4_g3_owner_policy_revision_v1.csv
NGIQ-BR-00000613,"Area hOc1 (V1, 17, CalcS) right",right,JULICH_BRAIN_CYTOARCHITECTONIC_ATLAS_V3_1_AREA_HOC1_V1_17_CALCS,AREA_HOC1_V1_17_CALCS_RIGHT.nii.gz,CONFLICT_REVIEW,HIGH_FRAGMENTATION,N/A,OWNER_SCIENTIFIC_REVIEWED,False,False,,G4_G3_FINAL_SCIENTIFIC_POLICY_V1,g4_g3_scientific_decision_policy_v1.csv,g4_g3_owner_policy_revision_v1.csv
NGIQ-BR-00000614,"Area hOc1 (V1, 17, CalcS) left",left,JULICH_BRAIN_CYTOARCHITECTONIC_ATLAS_V3_1_AREA_HOC1_V1_17_CALCS,AREA_HOC1_V1_17_CALCS_LEFT.nii.gz,CONFLICT_REVIEW,MULTI_TARGET_DIFFUSE_REMAINDER,N/A,OWNER_SCIENTIFIC_REVIEWED,False,False,,G4_G3_FINAL_SCIENTIFIC_POLICY_V1,g4_g3_scientific_decision_policy_v1.csv,g4_g3_owner_policy_revision_v1.csv
NGIQ-BR-00000615,Area hOc6 (POS) right,right,JULICH_BRAIN_CYTOARCHITECTONIC_ATLAS_V3_1_AREA_HOC6_POS,AREA_HOC6_POS_RIGHT.nii.gz,APPROVE_DOMINANT_OVERLAP,DOMINANT_CRITERIA_V1,N/A,OWNER_SCIENTIFIC_REVIEWED,False,False,BOUNDARY_METRIC,G4_G3_FINAL_SCIENTIFIC_POLICY_V1,g4_g3_scientific_decision_policy_v1.csv,g4_g3_owner_policy_revision_v1.csv
NGIQ-BR-00000616,Area hOc6 (POS) left,left,JULICH_BRAIN_CYTOARCHITECTONIC_ATLAS_V3_1_AREA_HOC6_POS,AREA_HOC6_POS_LEFT.nii.gz,APPROVE_DOMINANT_OVERLAP,DOMINANT_CRITERIA_V1,N/A,OWNER_SCIENTIFIC_REVIEWED,False,False,,G4_G3_FINAL_SCIENTIFIC_POLICY_V1,g4_g3_scientific_decision_policy_v1.csv,g4_g3_owner_policy_revision_v1.csv
NGIQ-BR-00000617,Area hOc4d (Cuneus) right,right,JULICH_BRAIN_CYTOARCHITECTONIC_ATLAS_V3_1_AREA_HOC4D_CUNEUS,AREA_HOC4D_CUNEUS_RIGHT.nii.gz,PARTIAL_OVERLAP,OWNER_CONFIRMED_PARTIAL,N/A,OWNER_SCIENTIFIC_REVIEWED,False,False,,G4_G3_FINAL_SCIENTIFIC_POLICY_V1,g4_g3_scientific_decision_policy_v1.csv,g4_g3_owner_policy_revision_v1.csv
NGIQ-BR-00000618,Area hOc4d (Cuneus) left,left,JULICH_BRAIN_CYTOARCHITECTONIC_ATLAS_V3_1_AREA_HOC4D_CUNEUS,AREA_HOC4D_CUNEUS_LEFT.nii.gz,PARTIAL_OVERLAP,OWNER_CONFIRMED_PARTIAL,N/A,OWNER_SCIENTIFIC_REVIEWED,False,False,,G4_G3_FINAL_SCIENTIFIC_POLICY_V1,g4_g3_scientific_decision_policy_v1.csv,g4_g3_owner_policy_revision_v1.csv
NGIQ-BR-00000619,Area hOc3d (Cuneus) right,right,JULICH_BRAIN_CYTOARCHITECTONIC_ATLAS_V3_1_AREA_HOC3D_CUNEUS,AREA_HOC3D_CUNEUS_RIGHT.nii.gz,CONFLICT_REVIEW,HIGH_FRAGMENTATION,N/A,OWNER_SCIENTIFIC_REVIEWED,False,False,,G4_G3_FINAL_SCIENTIFIC_POLICY_V1,g4_g3_scientific_decision_policy_v1.csv,g4_g3_owner_policy_revision_v1.csv
NGIQ-BR-00000620,Area hOc3d (Cuneus) left,left,JULICH_BRAIN_CYTOARCHITECTONIC_ATLAS_V3_1_AREA_HOC3D_CUNEUS,AREA_HOC3D_CUNEUS_LEFT.nii.gz,PARTIAL_OVERLAP,OWNER_CONFIRMED_PARTIAL,N/A,OWNER_SCIENTIFIC_REVIEWED,False,False,,G4_G3_FINAL_SCIENTIFIC_POLICY_V1,g4_g3_scientific_decision_policy_v1.csv,g4_g3_owner_policy_revision_v1.csv
NGIQ-BR-00000621,Area hOc3v (LingG) right,right,JULICH_BRAIN_CYTOARCHITECTONIC_ATLAS_V3_1_AREA_HOC3V_LINGG,AREA_HOC3V_LINGG_RIGHT.nii.gz,PARTIAL_OVERLAP,OWNER_CONFIRMED_PARTIAL,N/A,OWNER_SCIENTIFIC_REVIEWED,False,False,,G4_G3_FINAL_SCIENTIFIC_POLICY_V1,g4_g3_scientific_decision_policy_v1.csv,g4_g3_owner_policy_revision_v1.csv
NGIQ-BR-00000622,Area hOc3v (LingG) left,left,JULICH_BRAIN_CYTOARCHITECTONIC_ATLAS_V3_1_AREA_HOC3V_LINGG,AREA_HOC3V_LINGG_LEFT.nii.gz,PARTIAL_OVERLAP,OWNER_CONFIRMED_PARTIAL,N/A,OWNER_SCIENTIFIC_REVIEWED,False,False,,G4_G3_FINAL_SCIENTIFIC_POLICY_V1,g4_g3_scientific_decision_policy_v1.csv,g4_g3_owner_policy_revision_v1.csv
NGIQ-BR-00000623,Area hOc4v (LingG) right,right,JULICH_BRAIN_CYTOARCHITECTONIC_ATLAS_V3_1_AREA_HOC4V_LINGG,AREA_HOC4V_LINGG_RIGHT.nii.gz,PARTIAL_OVERLAP,OWNER_CONFIRMED_PARTIAL,N/A,OWNER_SCIENTIFIC_REVIEWED,False,False,,G4_G3_FINAL_SCIENTIFIC_POLICY_V1,g4_g3_scientific_decision_policy_v1.csv,g4_g3_owner_policy_revision_v1.csv
NGIQ-BR-00000624,Area hOc4v (LingG) left,left,JULICH_BRAIN_CYTOARCHITECTONIC_ATLAS_V3_1_AREA_HOC4V_LINGG,AREA_HOC4V_LINGG_LEFT.nii.gz,PARTIAL_OVERLAP,FINAL_MULTI_TARGET_PARTIAL_GATE_PASS,N/A,OWNER_SCIENTIFIC_REVIEWED,False,False,,G4_G3_FINAL_SCIENTIFIC_POLICY_V1,g4_g3_scientific_decision_policy_v1.csv,g4_g3_owner_policy_revision_v1.csv
NGIQ-BR-00000625,Area hOc4lp (LOC) right,right,JULICH_BRAIN_CYTOARCHITECTONIC_ATLAS_V3_1_AREA_HOC4LP_LOC,AREA_HOC4LP_LOC_RIGHT.nii.gz,APPROVE_DOMINANT_OVERLAP,DOMINANT_CRITERIA_V1,N/A,OWNER_SCIENTIFIC_REVIEWED,False,False,,G4_G3_FINAL_SCIENTIFIC_POLICY_V1,g4_g3_scientific_decision_policy_v1.csv,g4_g3_owner_policy_revision_v1.csv
NGIQ-BR-00000626,Area hOc4lp (LOC) left,left,JULICH_BRAIN_CYTOARCHITECTONIC_ATLAS_V3_1_AREA_HOC4LP_LOC,AREA_HOC4LP_LOC_LEFT.nii.gz,APPROVE_DOMINANT_OVERLAP,DOMINANT_CRITERIA_V1,N/A,OWNER_SCIENTIFIC_REVIEWED,False,False,BOUNDARY_METRIC,G4_G3_FINAL_SCIENTIFIC_POLICY_V1,g4_g3_scientific_decision_policy_v1.csv,g4_g3_owner_policy_revision_v1.csv
NGIQ-BR-00000627,Area hOc5 (LOC) right,right,JULICH_BRAIN_CYTOARCHITECTONIC_ATLAS_V3_1_AREA_HOC5_LOC,AREA_HOC5_LOC_RIGHT.nii.gz,APPROVE_DOMINANT_OVERLAP,DOMINANT_CRITERIA_V1,N/A,OWNER_SCIENTIFIC_REVIEWED,False,False,,G4_G3_FINAL_SCIENTIFIC_POLICY_V1,g4_g3_scientific_decision_policy_v1.csv,g4_g3_owner_policy_revision_v1.csv
NGIQ-BR-00000628,Area hOc5 (LOC) left,left,JULICH_BRAIN_CYTOARCHITECTONIC_ATLAS_V3_1_AREA_HOC5_LOC,AREA_HOC5_LOC_LEFT.nii.gz,APPROVE_CONTAINED_IN,OWNER_CONFIRMED_CONTAINED,NESTED_COMPATIBLE_FAMILY,OWNER_SCIENTIFIC_REVIEWED,True,True,,G4_G3_FINAL_SCIENTIFIC_POLICY_V1,g4_g3_scientific_decision_policy_v1.csv,g4_g3_owner_policy_revision_v1.csv
NGIQ-BR-00000629,Area hOc4la (LOC) right,right,JULICH_BRAIN_CYTOARCHITECTONIC_ATLAS_V3_1_AREA_HOC4LA_LOC,AREA_HOC4LA_LOC_RIGHT.nii.gz,APPROVE_DOMINANT_OVERLAP,DOMINANT_CRITERIA_V1,N/A,OWNER_SCIENTIFIC_REVIEWED,False,False,,G4_G3_FINAL_SCIENTIFIC_POLICY_V1,g4_g3_scientific_decision_policy_v1.csv,g4_g3_owner_policy_revision_v1.csv
NGIQ-BR-00000630,Area hOc4la (LOC) left,left,JULICH_BRAIN_CYTOARCHITECTONIC_ATLAS_V3_1_AREA_HOC4LA_LOC,AREA_HOC4LA_LOC_LEFT.nii.gz,PARTIAL_OVERLAP,OWNER_CONFIRMED_PARTIAL,N/A,OWNER_SCIENTIFIC_REVIEWED,False,False,,G4_G3_FINAL_SCIENTIFIC_POLICY_V1,g4_g3_scientific_decision_policy_v1.csv,g4_g3_owner_policy_revision_v1.csv
NGIQ-BR-00000631,Area p24c.pd24cd (pACC) right,right,JULICH_BRAIN_CYTOARCHITECTONIC_ATLAS_V3_1_AREA_P24C_PACC,AREA_P24C_PACC_RIGHT.nii.gz,SHARED_SPATIAL_EVIDENCE_ONLY,NO_INDEPENDENT_LEAF_SPATIAL_EVIDENCE,N/A,OWNER_SCIENTIFIC_REVIEWED,False,False,,G4_G3_FINAL_SCIENTIFIC_POLICY_V1,g4_g3_scientific_decision_policy_v1.csv,g4_g3_owner_policy_revision_v1.csv
NGIQ-BR-00000632,Area p24c.pd24cv (pACC) right,right,JULICH_BRAIN_CYTOARCHITECTONIC_ATLAS_V3_1_AREA_P24C_PACC,AREA_P24C_PACC_RIGHT.nii.gz,SHARED_SPATIAL_EVIDENCE_ONLY,NO_INDEPENDENT_LEAF_SPATIAL_EVIDENCE,N/A,OWNER_SCIENTIFIC_REVIEWED,False,False,,G4_G3_FINAL_SCIENTIFIC_POLICY_V1,g4_g3_scientific_decision_policy_v1.csv,g4_g3_owner_policy_revision_v1.csv
NGIQ-BR-00000633,Area p24c.pv24c (pACC) right,right,JULICH_BRAIN_CYTOARCHITECTONIC_ATLAS_V3_1_AREA_P24C_PACC,AREA_P24C_PACC_RIGHT.nii.gz,SHARED_SPATIAL_EVIDENCE_ONLY,NO_INDEPENDENT_LEAF_SPATIAL_EVIDENCE,N/A,OWNER_SCIENTIFIC_REVIEWED,False,False,,G4_G3_FINAL_SCIENTIFIC_POLICY_V1,g4_g3_scientific_decision_policy_v1.csv,g4_g3_owner_policy_revision_v1.csv
NGIQ-BR-00000634,Area p24c.pd24cd (pACC) left,left,JULICH_BRAIN_CYTOARCHITECTONIC_ATLAS_V3_1_AREA_P24C_PACC,AREA_P24C_PACC_LEFT.nii.gz,SHARED_SPATIAL_EVIDENCE_ONLY,NO_INDEPENDENT_LEAF_SPATIAL_EVIDENCE,N/A,OWNER_SCIENTIFIC_REVIEWED,False,False,,G4_G3_FINAL_SCIENTIFIC_POLICY_V1,g4_g3_scientific_decision_policy_v1.csv,g4_g3_owner_policy_revision_v1.csv
NGIQ-BR-00000635,Area p24c.pd24cv (pACC) left,left,JULICH_BRAIN_CYTOARCHITECTONIC_ATLAS_V3_1_AREA_P24C_PACC,AREA_P24C_PACC_LEFT.nii.gz,SHARED_SPATIAL_EVIDENCE_ONLY,NO_INDEPENDENT_LEAF_SPATIAL_EVIDENCE,N/A,OWNER_SCIENTIFIC_REVIEWED,False,False,,G4_G3_FINAL_SCIENTIFIC_POLICY_V1,g4_g3_scientific_decision_policy_v1.csv,g4_g3_owner_policy_revision_v1.csv
NGIQ-BR-00000636,Area p24c.pv24c (pACC) left,left,JULICH_BRAIN_CYTOARCHITECTONIC_ATLAS_V3_1_AREA_P24C_PACC,AREA_P24C_PACC_LEFT.nii.gz,SHARED_SPATIAL_EVIDENCE_ONLY,NO_INDEPENDENT_LEAF_SPATIAL_EVIDENCE,N/A,OWNER_SCIENTIFIC_REVIEWED,False,False,,G4_G3_FINAL_SCIENTIFIC_POLICY_V1,g4_g3_scientific_decision_policy_v1.csv,g4_g3_owner_policy_revision_v1.csv
NGIQ-BR-00000637,Area 25.25a (sACC) right,right,JULICH_BRAIN_CYTOARCHITECTONIC_ATLAS_V3_1_AREA_25_SACC,AREA_25_SACC_RIGHT.nii.gz,SHARED_SPATIAL_EVIDENCE_ONLY,NO_INDEPENDENT_LEAF_SPATIAL_EVIDENCE,N/A,OWNER_SCIENTIFIC_REVIEWED,False,False,,G4_G3_FINAL_SCIENTIFIC_POLICY_V1,g4_g3_scientific_decision_policy_v1.csv,g4_g3_owner_policy_revision_v1.csv
NGIQ-BR-00000638,Area 25.25p (sACC) right,right,JULICH_BRAIN_CYTOARCHITECTONIC_ATLAS_V3_1_AREA_25_SACC,AREA_25_SACC_RIGHT.nii.gz,SHARED_SPATIAL_EVIDENCE_ONLY,NO_INDEPENDENT_LEAF_SPATIAL_EVIDENCE,N/A,OWNER_SCIENTIFIC_REVIEWED,False,False,,G4_G3_FINAL_SCIENTIFIC_POLICY_V1,g4_g3_scientific_decision_policy_v1.csv,g4_g3_owner_policy_revision_v1.csv
NGIQ-BR-00000639,Area 25.25a (sACC) left,left,JULICH_BRAIN_CYTOARCHITECTONIC_ATLAS_V3_1_AREA_25_SACC,AREA_25_SACC_LEFT.nii.gz,SHARED_SPATIAL_EVIDENCE_ONLY,NO_INDEPENDENT_LEAF_SPATIAL_EVIDENCE,N/A,OWNER_SCIENTIFIC_REVIEWED,False,False,,G4_G3_FINAL_SCIENTIFIC_POLICY_V1,g4_g3_scientific_decision_policy_v1.csv,g4_g3_owner_policy_revision_v1.csv
NGIQ-BR-00000640,Area 25.25p (sACC) left,left,JULICH_BRAIN_CYTOARCHITECTONIC_ATLAS_V3_1_AREA_25_SACC,AREA_25_SACC_LEFT.nii.gz,SHARED_SPATIAL_EVIDENCE_ONLY,NO_INDEPENDENT_LEAF_SPATIAL_EVIDENCE,N/A,OWNER_SCIENTIFIC_REVIEWED,False,False,,G4_G3_FINAL_SCIENTIFIC_POLICY_V1,g4_g3_scientific_decision_policy_v1.csv,g4_g3_owner_policy_revision_v1.csv
NGIQ-BR-00000641,Area p24ab.p24a (pACC) right,right,JULICH_BRAIN_CYTOARCHITECTONIC_ATLAS_V3_1_AREA_P24AB_PACC,AREA_P24AB_PACC_RIGHT.nii.gz,SHARED_SPATIAL_EVIDENCE_ONLY,NO_INDEPENDENT_LEAF_SPATIAL_EVIDENCE,N/A,OWNER_SCIENTIFIC_REVIEWED,False,False,,G4_G3_FINAL_SCIENTIFIC_POLICY_V1,g4_g3_scientific_decision_policy_v1.csv,g4_g3_owner_policy_revision_v1.csv
NGIQ-BR-00000642,Area p24ab.p24b (pACC) right,right,JULICH_BRAIN_CYTOARCHITECTONIC_ATLAS_V3_1_AREA_P24AB_PACC,AREA_P24AB_PACC_RIGHT.nii.gz,SHARED_SPATIAL_EVIDENCE_ONLY,NO_INDEPENDENT_LEAF_SPATIAL_EVIDENCE,N/A,OWNER_SCIENTIFIC_REVIEWED,False,False,,G4_G3_FINAL_SCIENTIFIC_POLICY_V1,g4_g3_scientific_decision_policy_v1.csv,g4_g3_owner_policy_revision_v1.csv
NGIQ-BR-00000643,Area p24ab.p24a (pACC) left,left,JULICH_BRAIN_CYTOARCHITECTONIC_ATLAS_V3_1_AREA_P24AB_PACC,AREA_P24AB_PACC_LEFT.nii.gz,SHARED_SPATIAL_EVIDENCE_ONLY,NO_INDEPENDENT_LEAF_SPATIAL_EVIDENCE,N/A,OWNER_SCIENTIFIC_REVIEWED,False,False,,G4_G3_FINAL_SCIENTIFIC_POLICY_V1,g4_g3_scientific_decision_policy_v1.csv,g4_g3_owner_policy_revision_v1.csv
NGIQ-BR-00000644,Area p24ab.p24b (pACC) left,left,JULICH_BRAIN_CYTOARCHITECTONIC_ATLAS_V3_1_AREA_P24AB_PACC,AREA_P24AB_PACC_LEFT.nii.gz,SHARED_SPATIAL_EVIDENCE_ONLY,NO_INDEPENDENT_LEAF_SPATIAL_EVIDENCE,N/A,OWNER_SCIENTIFIC_REVIEWED,False,False,,G4_G3_FINAL_SCIENTIFIC_POLICY_V1,g4_g3_scientific_decision_policy_v1.csv,g4_g3_owner_policy_revision_v1.csv
NGIQ-BR-00000645,Area s32 (sACC) right,right,JULICH_BRAIN_CYTOARCHITECTONIC_ATLAS_V3_1_AREA_S32_SACC,AREA_S32_SACC_RIGHT.nii.gz,APPROVE_DOMINANT_OVERLAP,DOMINANT_CRITERIA_V1,N/A,OWNER_SCIENTIFIC_REVIEWED,False,False,,G4_G3_FINAL_SCIENTIFIC_POLICY_V1,g4_g3_scientific_decision_policy_v1.csv,g4_g3_owner_policy_revision_v1.csv
NGIQ-BR-00000646,Area s32 (sACC) left,left,JULICH_BRAIN_CYTOARCHITECTONIC_ATLAS_V3_1_AREA_S32_SACC,AREA_S32_SACC_LEFT.nii.gz,PARTIAL_OVERLAP,OWNER_CONFIRMED_PARTIAL,N/A,OWNER_SCIENTIFIC_REVIEWED,False,False,,G4_G3_FINAL_SCIENTIFIC_POLICY_V1,g4_g3_scientific_decision_policy_v1.csv,g4_g3_owner_policy_revision_v1.csv
NGIQ-BR-00000647,Area 33 (ACC) right,right,JULICH_BRAIN_CYTOARCHITECTONIC_ATLAS_V3_1_AREA_33_ACC,AREA_33_ACC_RIGHT.nii.gz,CONFLICT_REVIEW,HIGH_FRAGMENTATION,N/A,OWNER_SCIENTIFIC_REVIEWED,False,False,,G4_G3_FINAL_SCIENTIFIC_POLICY_V1,g4_g3_scientific_decision_policy_v1.csv,g4_g3_owner_policy_revision_v1.csv
NGIQ-BR-00000648,Area 33 (ACC) left,left,JULICH_BRAIN_CYTOARCHITECTONIC_ATLAS_V3_1_AREA_33_ACC,AREA_33_ACC_LEFT.nii.gz,CONFLICT_REVIEW,HIGH_FRAGMENTATION,N/A,OWNER_SCIENTIFIC_REVIEWED,False,False,,G4_G3_FINAL_SCIENTIFIC_POLICY_V1,g4_g3_scientific_decision_policy_v1.csv,g4_g3_owner_policy_revision_v1.csv
NGIQ-BR-00000649,Area p32 (pACC) right,right,JULICH_BRAIN_CYTOARCHITECTONIC_ATLAS_V3_1_AREA_P32_PACC,AREA_P32_PACC_RIGHT.nii.gz,PARTIAL_OVERLAP,OWNER_CONFIRMED_PARTIAL,N/A,OWNER_SCIENTIFIC_REVIEWED,False,False,,G4_G3_FINAL_SCIENTIFIC_POLICY_V1,g4_g3_scientific_decision_policy_v1.csv,g4_g3_owner_policy_revision_v1.csv
NGIQ-BR-00000650,Area p32 (pACC) left,left,JULICH_BRAIN_CYTOARCHITECTONIC_ATLAS_V3_1_AREA_P32_PACC,AREA_P32_PACC_LEFT.nii.gz,APPROVE_DOMINANT_OVERLAP,DOMINANT_CRITERIA_V1,N/A,OWNER_SCIENTIFIC_REVIEWED,False,False,BOUNDARY_METRIC,G4_G3_FINAL_SCIENTIFIC_POLICY_V1,g4_g3_scientific_decision_policy_v1.csv,g4_g3_owner_policy_revision_v1.csv
NGIQ-BR-00000651,Area s24.s24a (sACC) right,right,JULICH_BRAIN_CYTOARCHITECTONIC_ATLAS_V3_1_AREA_S24_SACC,AREA_S24_SACC_RIGHT.nii.gz,SHARED_SPATIAL_EVIDENCE_ONLY,NO_INDEPENDENT_LEAF_SPATIAL_EVIDENCE,N/A,OWNER_SCIENTIFIC_REVIEWED,False,False,,G4_G3_FINAL_SCIENTIFIC_POLICY_V1,g4_g3_scientific_decision_policy_v1.csv,g4_g3_owner_policy_revision_v1.csv
NGIQ-BR-00000652,Area s24.s24b (sACC) right,right,JULICH_BRAIN_CYTOARCHITECTONIC_ATLAS_V3_1_AREA_S24_SACC,AREA_S24_SACC_RIGHT.nii.gz,SHARED_SPATIAL_EVIDENCE_ONLY,NO_INDEPENDENT_LEAF_SPATIAL_EVIDENCE,N/A,OWNER_SCIENTIFIC_REVIEWED,False,False,,G4_G3_FINAL_SCIENTIFIC_POLICY_V1,g4_g3_scientific_decision_policy_v1.csv,g4_g3_owner_policy_revision_v1.csv
NGIQ-BR-00000653,Area s24.s24a (sACC) left,left,JULICH_BRAIN_CYTOARCHITECTONIC_ATLAS_V3_1_AREA_S24_SACC,AREA_S24_SACC_LEFT.nii.gz,SHARED_SPATIAL_EVIDENCE_ONLY,NO_INDEPENDENT_LEAF_SPATIAL_EVIDENCE,N/A,OWNER_SCIENTIFIC_REVIEWED,False,False,,G4_G3_FINAL_SCIENTIFIC_POLICY_V1,g4_g3_scientific_decision_policy_v1.csv,g4_g3_owner_policy_revision_v1.csv
NGIQ-BR-00000654,Area s24.s24b (sACC) left,left,JULICH_BRAIN_CYTOARCHITECTONIC_ATLAS_V3_1_AREA_S24_SACC,AREA_S24_SACC_LEFT.nii.gz,SHARED_SPATIAL_EVIDENCE_ONLY,NO_INDEPENDENT_LEAF_SPATIAL_EVIDENCE,N/A,OWNER_SCIENTIFIC_REVIEWED,False,False,,G4_G3_FINAL_SCIENTIFIC_POLICY_V1,g4_g3_scientific_decision_policy_v1.csv,g4_g3_owner_policy_revision_v1.csv
NGIQ-BR-00000655,"Area PirT.Tit (PiriformCortexMesial, Piriform temporal Area, Incisura temporalis) right",right,JULICH_BRAIN_CYTOARCHITECTONIC_ATLAS_V3_1_AREA_PIRT_PIRIFORMCORTEXMESIAL_TEMPORAL,AREA_PIRT_PIRIFORMCORTEXMESIAL_TEMPORAL_RIGHT.nii.gz,SHARED_SPATIAL_EVIDENCE_ONLY,NO_INDEPENDENT_LEAF_SPATIAL_EVIDENCE,N/A,OWNER_SCIENTIFIC_REVIEWED,False,False,,G4_G3_FINAL_SCIENTIFIC_POLICY_V1,g4_g3_scientific_decision_policy_v1.csv,g4_g3_owner_policy_revision_v1.csv
NGIQ-BR-00000656,"Area PirT.Tu (PiriformCortexMesial, Piriform temporal Area, Uncus) right",right,JULICH_BRAIN_CYTOARCHITECTONIC_ATLAS_V3_1_AREA_PIRT_PIRIFORMCORTEXMESIAL_TEMPORAL,AREA_PIRT_PIRIFORMCORTEXMESIAL_TEMPORAL_RIGHT.nii.gz,SHARED_SPATIAL_EVIDENCE_ONLY,NO_INDEPENDENT_LEAF_SPATIAL_EVIDENCE,N/A,OWNER_SCIENTIFIC_REVIEWED,False,False,,G4_G3_FINAL_SCIENTIFIC_POLICY_V1,g4_g3_scientific_decision_policy_v1.csv,g4_g3_owner_policy_revision_v1.csv
NGIQ-BR-00000657,"Area PirT.Tit (PiriformCortexMesial, Piriform temporal Area, Incisura temporalis) left",left,JULICH_BRAIN_CYTOARCHITECTONIC_ATLAS_V3_1_AREA_PIRT_PIRIFORMCORTEXMESIAL_TEMPORAL,AREA_PIRT_PIRIFORMCORTEXMESIAL_TEMPORAL_LEFT.nii.gz,SHARED_SPATIAL_EVIDENCE_ONLY,NO_INDEPENDENT_LEAF_SPATIAL_EVIDENCE,N/A,OWNER_SCIENTIFIC_REVIEWED,False,False,,G4_G3_FINAL_SCIENTIFIC_POLICY_V1,g4_g3_scientific_decision_policy_v1.csv,g4_g3_owner_policy_revision_v1.csv
NGIQ-BR-00000658,"Area PirT.Tu (PiriformCortexMesial, Piriform temporal Area, Uncus) left",left,JULICH_BRAIN_CYTOARCHITECTONIC_ATLAS_V3_1_AREA_PIRT_PIRIFORMCORTEXMESIAL_TEMPORAL,AREA_PIRT_PIRIFORMCORTEXMESIAL_TEMPORAL_LEFT.nii.gz,SHARED_SPATIAL_EVIDENCE_ONLY,NO_INDEPENDENT_LEAF_SPATIAL_EVIDENCE,N/A,OWNER_SCIENTIFIC_REVIEWED,False,False,,G4_G3_FINAL_SCIENTIFIC_POLICY_V1,g4_g3_scientific_decision_policy_v1.csv,g4_g3_owner_policy_revision_v1.csv
NGIQ-BR-00000659,"Area PirTB.TBd (PiriformCortexMesial, Piriform temporobasal Area, dorsal part) right",right,JULICH_BRAIN_CYTOARCHITECTONIC_ATLAS_V3_1_AREA_PIRTB_PIRIFORMCORTEXMESIAL_TEMPOROBASAL,AREA_PIRTB_PIRIFORMCORTEXMESIAL_TEMPOROBASAL_RIGHT.nii.gz,SHARED_SPATIAL_EVIDENCE_ONLY,NO_INDEPENDENT_LEAF_SPATIAL_EVIDENCE,N/A,OWNER_SCIENTIFIC_REVIEWED,False,False,,G4_G3_FINAL_SCIENTIFIC_POLICY_V1,g4_g3_scientific_decision_policy_v1.csv,g4_g3_owner_policy_revision_v1.csv
NGIQ-BR-00000660,"Area PirTB.TBv (PiriformCortexMesial, Piriform temporobasal Area, ventral part) right",right,JULICH_BRAIN_CYTOARCHITECTONIC_ATLAS_V3_1_AREA_PIRTB_PIRIFORMCORTEXMESIAL_TEMPOROBASAL,AREA_PIRTB_PIRIFORMCORTEXMESIAL_TEMPOROBASAL_RIGHT.nii.gz,SHARED_SPATIAL_EVIDENCE_ONLY,NO_INDEPENDENT_LEAF_SPATIAL_EVIDENCE,N/A,OWNER_SCIENTIFIC_REVIEWED,False,False,,G4_G3_FINAL_SCIENTIFIC_POLICY_V1,g4_g3_scientific_decision_policy_v1.csv,g4_g3_owner_policy_revision_v1.csv
NGIQ-BR-00000661,"Area PirTB.TBd (PiriformCortexMesial, Piriform temporobasal Area, dorsal part) left",left,JULICH_BRAIN_CYTOARCHITECTONIC_ATLAS_V3_1_AREA_PIRTB_PIRIFORMCORTEXMESIAL_TEMPOROBASAL,AREA_PIRTB_PIRIFORMCORTEXMESIAL_TEMPOROBASAL_LEFT.nii.gz,SHARED_SPATIAL_EVIDENCE_ONLY,NO_INDEPENDENT_LEAF_SPATIAL_EVIDENCE,N/A,OWNER_SCIENTIFIC_REVIEWED,False,False,,G4_G3_FINAL_SCIENTIFIC_POLICY_V1,g4_g3_scientific_decision_policy_v1.csv,g4_g3_owner_policy_revision_v1.csv
NGIQ-BR-00000662,"Area PirTB.TBv (PiriformCortexMesial, Piriform temporobasal Area, ventral part) left",left,JULICH_BRAIN_CYTOARCHITECTONIC_ATLAS_V3_1_AREA_PIRTB_PIRIFORMCORTEXMESIAL_TEMPOROBASAL,AREA_PIRTB_PIRIFORMCORTEXMESIAL_TEMPOROBASAL_LEFT.nii.gz,SHARED_SPATIAL_EVIDENCE_ONLY,NO_INDEPENDENT_LEAF_SPATIAL_EVIDENCE,N/A,OWNER_SCIENTIFIC_REVIEWED,False,False,,G4_G3_FINAL_SCIENTIFIC_POLICY_V1,g4_g3_scientific_decision_policy_v1.csv,g4_g3_owner_policy_revision_v1.csv
NGIQ-BR-00000663,HATA (Hippocampus) right,right,JULICH_BRAIN_CYTOARCHITECTONIC_ATLAS_V3_1_HATA_HIPPOCAMPUS,HATA_HIPPOCAMPUS_RIGHT.nii.gz,APPROVE_DOMINANT_OVERLAP,DOMINANT_CRITERIA_V1,N/A,OWNER_SCIENTIFIC_REVIEWED,False,False,,G4_G3_FINAL_SCIENTIFIC_POLICY_V1,g4_g3_scientific_decision_policy_v1.csv,g4_g3_owner_policy_revision_v1.csv
NGIQ-BR-00000664,HATA (Hippocampus) left,left,JULICH_BRAIN_CYTOARCHITECTONIC_ATLAS_V3_1_HATA_HIPPOCAMPUS,HATA_HIPPOCAMPUS_LEFT.nii.gz,APPROVE_CONTAINED_IN,OWNER_CONFIRMED_CONTAINED,EXACT_FAMILY,OWNER_SCIENTIFIC_REVIEWED,True,True,,G4_G3_FINAL_SCIENTIFIC_POLICY_V1,g4_g3_scientific_decision_policy_v1.csv,g4_g3_owner_policy_revision_v1.csv
NGIQ-BR-00000665,CA3 (Hippocampus) right,right,JULICH_BRAIN_CYTOARCHITECTONIC_ATLAS_V3_1_CA3_HIPPOCAMPUS,CA3_HIPPOCAMPUS_RIGHT.nii.gz,PARTIAL_OVERLAP,OWNER_CONFIRMED_PARTIAL_SET_CONCORDANT,N/A,OWNER_SCIENTIFIC_REVIEWED,False,False,,G4_G3_FINAL_SCIENTIFIC_POLICY_V1,g4_g3_scientific_decision_policy_v1.csv,g4_g3_owner_policy_revision_v1.csv
NGIQ-BR-00000666,CA3 (Hippocampus) left,left,JULICH_BRAIN_CYTOARCHITECTONIC_ATLAS_V3_1_CA3_HIPPOCAMPUS,CA3_HIPPOCAMPUS_LEFT.nii.gz,PARTIAL_OVERLAP,OWNER_CONFIRMED_PARTIAL_SET_CONCORDANT,N/A,OWNER_SCIENTIFIC_REVIEWED,False,False,,G4_G3_FINAL_SCIENTIFIC_POLICY_V1,g4_g3_scientific_decision_policy_v1.csv,g4_g3_owner_policy_revision_v1.csv
NGIQ-BR-00000667,"TrS (Hippocampus, Transsubiculum) right",right,JULICH_BRAIN_CYTOARCHITECTONIC_ATLAS_V3_1_TRS_HIPPOCAMPUS_TRANSSUBICULUM,TRS_HIPPOCAMPUS_TRANSSUBICULUM_RIGHT.nii.gz,CONFLICT_REVIEW,HIGH_FRAGMENTATION,N/A,OWNER_SCIENTIFIC_REVIEWED,False,False,,G4_G3_FINAL_SCIENTIFIC_POLICY_V1,g4_g3_scientific_decision_policy_v1.csv,g4_g3_owner_policy_revision_v1.csv
NGIQ-BR-00000668,"TrS (Hippocampus, Transsubiculum) left",left,JULICH_BRAIN_CYTOARCHITECTONIC_ATLAS_V3_1_TRS_HIPPOCAMPUS_TRANSSUBICULUM,TRS_HIPPOCAMPUS_TRANSSUBICULUM_LEFT.nii.gz,CONFLICT_REVIEW,HIGH_FRAGMENTATION,N/A,OWNER_SCIENTIFIC_REVIEWED,False,False,,G4_G3_FINAL_SCIENTIFIC_POLICY_V1,g4_g3_scientific_decision_policy_v1.csv,g4_g3_owner_policy_revision_v1.csv
NGIQ-BR-00000669,"Subc.PaS (Hippocampus, Parasubiculum) right",right,JULICH_BRAIN_CYTOARCHITECTONIC_ATLAS_V3_1_SUBC_HIPPOCAMPUS_SUBICULAR_COMPLEX,SUBC_HIPPOCAMPUS_SUBICULAR_COMPLEX_RIGHT.nii.gz,SHARED_SPATIAL_EVIDENCE_ONLY,NO_INDEPENDENT_LEAF_SPATIAL_EVIDENCE,N/A,OWNER_SCIENTIFIC_REVIEWED,False,False,,G4_G3_FINAL_SCIENTIFIC_POLICY_V1,g4_g3_scientific_decision_policy_v1.csv,g4_g3_owner_policy_revision_v1.csv
NGIQ-BR-00000670,"Subc.PreS (Hippocampus, Presubiculum) right",right,JULICH_BRAIN_CYTOARCHITECTONIC_ATLAS_V3_1_SUBC_HIPPOCAMPUS_SUBICULAR_COMPLEX,SUBC_HIPPOCAMPUS_SUBICULAR_COMPLEX_RIGHT.nii.gz,SHARED_SPATIAL_EVIDENCE_ONLY,NO_INDEPENDENT_LEAF_SPATIAL_EVIDENCE,N/A,OWNER_SCIENTIFIC_REVIEWED,False,False,,G4_G3_FINAL_SCIENTIFIC_POLICY_V1,g4_g3_scientific_decision_policy_v1.csv,g4_g3_owner_policy_revision_v1.csv
NGIQ-BR-00000671,"Subc.ProS (Hippocampus, Prosubiculum) right",right,JULICH_BRAIN_CYTOARCHITECTONIC_ATLAS_V3_1_SUBC_HIPPOCAMPUS_SUBICULAR_COMPLEX,SUBC_HIPPOCAMPUS_SUBICULAR_COMPLEX_RIGHT.nii.gz,SHARED_SPATIAL_EVIDENCE_ONLY,NO_INDEPENDENT_LEAF_SPATIAL_EVIDENCE,N/A,OWNER_SCIENTIFIC_REVIEWED,False,False,,G4_G3_FINAL_SCIENTIFIC_POLICY_V1,g4_g3_scientific_decision_policy_v1.csv,g4_g3_owner_policy_revision_v1.csv
NGIQ-BR-00000672,"Subc.Sub (Hippocampus, Subiculum) right",right,JULICH_BRAIN_CYTOARCHITECTONIC_ATLAS_V3_1_SUBC_HIPPOCAMPUS_SUBICULAR_COMPLEX,SUBC_HIPPOCAMPUS_SUBICULAR_COMPLEX_RIGHT.nii.gz,SHARED_SPATIAL_EVIDENCE_ONLY,NO_INDEPENDENT_LEAF_SPATIAL_EVIDENCE,N/A,OWNER_SCIENTIFIC_REVIEWED,False,False,,G4_G3_FINAL_SCIENTIFIC_POLICY_V1,g4_g3_scientific_decision_policy_v1.csv,g4_g3_owner_policy_revision_v1.csv
NGIQ-BR-00000673,"Subc.PaS (Hippocampus, Parasubiculum) left",left,JULICH_BRAIN_CYTOARCHITECTONIC_ATLAS_V3_1_SUBC_HIPPOCAMPUS_SUBICULAR_COMPLEX,SUBC_HIPPOCAMPUS_SUBICULAR_COMPLEX_LEFT.nii.gz,SHARED_SPATIAL_EVIDENCE_ONLY,NO_INDEPENDENT_LEAF_SPATIAL_EVIDENCE,N/A,OWNER_SCIENTIFIC_REVIEWED,False,False,,G4_G3_FINAL_SCIENTIFIC_POLICY_V1,g4_g3_scientific_decision_policy_v1.csv,g4_g3_owner_policy_revision_v1.csv
NGIQ-BR-00000674,"Subc.PreS (Hippocampus, Presubiculum) left",left,JULICH_BRAIN_CYTOARCHITECTONIC_ATLAS_V3_1_SUBC_HIPPOCAMPUS_SUBICULAR_COMPLEX,SUBC_HIPPOCAMPUS_SUBICULAR_COMPLEX_LEFT.nii.gz,SHARED_SPATIAL_EVIDENCE_ONLY,NO_INDEPENDENT_LEAF_SPATIAL_EVIDENCE,N/A,OWNER_SCIENTIFIC_REVIEWED,False,False,,G4_G3_FINAL_SCIENTIFIC_POLICY_V1,g4_g3_scientific_decision_policy_v1.csv,g4_g3_owner_policy_revision_v1.csv
NGIQ-BR-00000675,"Subc.ProS (Hippocampus, Prosubiculum) left",left,JULICH_BRAIN_CYTOARCHITECTONIC_ATLAS_V3_1_SUBC_HIPPOCAMPUS_SUBICULAR_COMPLEX,SUBC_HIPPOCAMPUS_SUBICULAR_COMPLEX_LEFT.nii.gz,SHARED_SPATIAL_EVIDENCE_ONLY,NO_INDEPENDENT_LEAF_SPATIAL_EVIDENCE,N/A,OWNER_SCIENTIFIC_REVIEWED,False,False,,G4_G3_FINAL_SCIENTIFIC_POLICY_V1,g4_g3_scientific_decision_policy_v1.csv,g4_g3_owner_policy_revision_v1.csv
NGIQ-BR-00000676,"Subc.Sub (Hippocampus, Subiculum) left",left,JULICH_BRAIN_CYTOARCHITECTONIC_ATLAS_V3_1_SUBC_HIPPOCAMPUS_SUBICULAR_COMPLEX,SUBC_HIPPOCAMPUS_SUBICULAR_COMPLEX_LEFT.nii.gz,SHARED_SPATIAL_EVIDENCE_ONLY,NO_INDEPENDENT_LEAF_SPATIAL_EVIDENCE,N/A,OWNER_SCIENTIFIC_REVIEWED,False,False,,G4_G3_FINAL_SCIENTIFIC_POLICY_V1,g4_g3_scientific_decision_policy_v1.csv,g4_g3_owner_policy_revision_v1.csv
NGIQ-BR-00000677,DG (Hippocampus) right,right,JULICH_BRAIN_CYTOARCHITECTONIC_ATLAS_V3_1_DG_HIPPOCAMPUS,DG_HIPPOCAMPUS_RIGHT.nii.gz,APPROVE_DOMINANT_OVERLAP,DOMINANT_CRITERIA_V1,N/A,OWNER_SCIENTIFIC_REVIEWED,False,False,,G4_G3_FINAL_SCIENTIFIC_POLICY_V1,g4_g3_scientific_decision_policy_v1.csv,g4_g3_owner_policy_revision_v1.csv
NGIQ-BR-00000678,DG (Hippocampus) left,left,JULICH_BRAIN_CYTOARCHITECTONIC_ATLAS_V3_1_DG_HIPPOCAMPUS,DG_HIPPOCAMPUS_LEFT.nii.gz,APPROVE_DOMINANT_OVERLAP,DOMINANT_CRITERIA_V1,N/A,OWNER_SCIENTIFIC_REVIEWED,False,False,,G4_G3_FINAL_SCIENTIFIC_POLICY_V1,g4_g3_scientific_decision_policy_v1.csv,g4_g3_owner_policy_revision_v1.csv
NGIQ-BR-00000679,CA2 (Hippocampus) right,right,JULICH_BRAIN_CYTOARCHITECTONIC_ATLAS_V3_1_CA2_HIPPOCAMPUS,CA2_HIPPOCAMPUS_RIGHT.nii.gz,PARTIAL_OVERLAP,OWNER_CONFIRMED_PARTIAL_SET_CONCORDANT,N/A,OWNER_SCIENTIFIC_REVIEWED,False,False,,G4_G3_FINAL_SCIENTIFIC_POLICY_V1,g4_g3_scientific_decision_policy_v1.csv,g4_g3_owner_policy_revision_v1.csv
NGIQ-BR-00000680,CA2 (Hippocampus) left,left,JULICH_BRAIN_CYTOARCHITECTONIC_ATLAS_V3_1_CA2_HIPPOCAMPUS,CA2_HIPPOCAMPUS_LEFT.nii.gz,PARTIAL_OVERLAP,OWNER_CONFIRMED_PARTIAL,N/A,OWNER_SCIENTIFIC_REVIEWED,False,False,,G4_G3_FINAL_SCIENTIFIC_POLICY_V1,g4_g3_scientific_decision_policy_v1.csv,g4_g3_owner_policy_revision_v1.csv
NGIQ-BR-00000681,"Area EC (Hippocampal Region, Entorhinal Cortex) right",right,JULICH_BRAIN_CYTOARCHITECTONIC_ATLAS_V3_1_AREA_EC_HIPPOCAMPAL_REGION_ENTORHINAL_CORTEX,AREA_EC_HIPPOCAMPAL_REGION_ENTORHINAL_CORTEX_RIGHT.nii.gz,CONFLICT_REVIEW,HIGH_FRAGMENTATION,N/A,OWNER_SCIENTIFIC_REVIEWED,False,False,,G4_G3_FINAL_SCIENTIFIC_POLICY_V1,g4_g3_scientific_decision_policy_v1.csv,g4_g3_owner_policy_revision_v1.csv
NGIQ-BR-00000682,"Area EC (Hippocampal Region, Entorhinal Cortex) left",left,JULICH_BRAIN_CYTOARCHITECTONIC_ATLAS_V3_1_AREA_EC_HIPPOCAMPAL_REGION_ENTORHINAL_CORTEX,AREA_EC_HIPPOCAMPAL_REGION_ENTORHINAL_CORTEX_LEFT.nii.gz,CONFLICT_REVIEW,MULTI_TARGET_DIFFUSE_REMAINDER,N/A,OWNER_SCIENTIFIC_REVIEWED,False,False,,G4_G3_FINAL_SCIENTIFIC_POLICY_V1,g4_g3_scientific_decision_policy_v1.csv,g4_g3_owner_policy_revision_v1.csv
NGIQ-BR-00000683,CA1 (Hippocampus) right,right,JULICH_BRAIN_CYTOARCHITECTONIC_ATLAS_V3_1_CA1_HIPPOCAMPUS,CA1_HIPPOCAMPUS_RIGHT.nii.gz,APPROVE_DOMINANT_OVERLAP,DOMINANT_CRITERIA_V1,N/A,OWNER_SCIENTIFIC_REVIEWED,False,False,BOUNDARY_METRIC,G4_G3_FINAL_SCIENTIFIC_POLICY_V1,g4_g3_scientific_decision_policy_v1.csv,g4_g3_owner_policy_revision_v1.csv
NGIQ-BR-00000684,CA1 (Hippocampus) left,left,JULICH_BRAIN_CYTOARCHITECTONIC_ATLAS_V3_1_CA1_HIPPOCAMPUS,CA1_HIPPOCAMPUS_LEFT.nii.gz,APPROVE_DOMINANT_OVERLAP,DOMINANT_CRITERIA_V1,N/A,OWNER_SCIENTIFIC_REVIEWED,False,False,BOUNDARY_METRIC,G4_G3_FINAL_SCIENTIFIC_POLICY_V1,g4_g3_scientific_decision_policy_v1.csv,g4_g3_owner_policy_revision_v1.csv
NGIQ-BR-00000685,"TuTi (Basal Forebrain, Terminal islands) right",right,JULICH_BRAIN_CYTOARCHITECTONIC_ATLAS_V3_1_TUTI_BASAL_FOREBRAIN_TERMINAL_ISLANDS,TUTI_BASAL_FOREBRAIN_TERMINAL_ISLANDS_RIGHT.nii.gz,APPROVE_DOMINANT_OVERLAP,DOMINANT_CRITERIA_V1,N/A,OWNER_SCIENTIFIC_REVIEWED,False,False,,G4_G3_FINAL_SCIENTIFIC_POLICY_V1,g4_g3_scientific_decision_policy_v1.csv,g4_g3_owner_policy_revision_v1.csv
NGIQ-BR-00000686,"TuTi (Basal Forebrain, Terminal islands) left",left,JULICH_BRAIN_CYTOARCHITECTONIC_ATLAS_V3_1_TUTI_BASAL_FOREBRAIN_TERMINAL_ISLANDS,TUTI_BASAL_FOREBRAIN_TERMINAL_ISLANDS_LEFT.nii.gz,PARTIAL_OVERLAP,OWNER_CONFIRMED_PARTIAL_SET_CONCORDANT,N/A,OWNER_SCIENTIFIC_REVIEWED,False,False,,G4_G3_FINAL_SCIENTIFIC_POLICY_V1,g4_g3_scientific_decision_policy_v1.csv,g4_g3_owner_policy_revision_v1.csv
NGIQ-BR-00000687,"Tu (Basal Forebrain, Tuberculum) right",right,JULICH_BRAIN_CYTOARCHITECTONIC_ATLAS_V3_1_TU_BASAL_FOREBRAIN_TUBERCULUM,TU_BASAL_FOREBRAIN_TUBERCULUM_RIGHT.nii.gz,APPROVE_DOMINANT_OVERLAP,DOMINANT_CRITERIA_V1,N/A,OWNER_SCIENTIFIC_REVIEWED,False,False,,G4_G3_FINAL_SCIENTIFIC_POLICY_V1,g4_g3_scientific_decision_policy_v1.csv,g4_g3_owner_policy_revision_v1.csv
NGIQ-BR-00000688,"Tu (Basal Forebrain, Tuberculum) left",left,JULICH_BRAIN_CYTOARCHITECTONIC_ATLAS_V3_1_TU_BASAL_FOREBRAIN_TUBERCULUM,TU_BASAL_FOREBRAIN_TUBERCULUM_LEFT.nii.gz,PARTIAL_OVERLAP,OWNER_CONFIRMED_PARTIAL,N/A,OWNER_SCIENTIFIC_REVIEWED,False,False,,G4_G3_FINAL_SCIENTIFIC_POLICY_V1,g4_g3_scientific_decision_policy_v1.csv,g4_g3_owner_policy_revision_v1.csv
NGIQ-BR-00000689,"SNC (Midbrain, Substantia Nigra pars compacta) right",right,JULICH_BRAIN_CYTOARCHITECTONIC_ATLAS_V3_1_SNC_MIDBRAIN_SUBSTANTIA_NIGRA_PARS_COMPACTA,SNC_MIDBRAIN_SUBSTANTIA_NIGRA_PARS_COMPACTA_RIGHT.nii.gz,NO_G3_MAPPING,BNA_COVERAGE_GAP,N/A,OWNER_SCIENTIFIC_REVIEWED,False,False,,G4_G3_FINAL_SCIENTIFIC_POLICY_V1,g4_g3_scientific_decision_policy_v1.csv,g4_g3_owner_policy_revision_v1.csv
NGIQ-BR-00000690,"SNC (Midbrain, Substantia Nigra pars compacta) left",left,JULICH_BRAIN_CYTOARCHITECTONIC_ATLAS_V3_1_SNC_MIDBRAIN_SUBSTANTIA_NIGRA_PARS_COMPACTA,SNC_MIDBRAIN_SUBSTANTIA_NIGRA_PARS_COMPACTA_LEFT.nii.gz,NO_G3_MAPPING,BNA_COVERAGE_GAP,N/A,OWNER_SCIENTIFIC_REVIEWED,False,False,,G4_G3_FINAL_SCIENTIFIC_POLICY_V1,g4_g3_scientific_decision_policy_v1.csv,g4_g3_owner_policy_revision_v1.csv
NGIQ-BR-00000691,"SNR (Midbrain, Substantia Nigra pars reticulata) right",right,JULICH_BRAIN_CYTOARCHITECTONIC_ATLAS_V3_1_SNR_MIDBRAIN_SUBSTANTIA_NIGRA_PARS_RETICULATA,SNR_MIDBRAIN_SUBSTANTIA_NIGRA_PARS_RETICULATA_RIGHT.nii.gz,NO_G3_MAPPING,BNA_COVERAGE_GAP,N/A,OWNER_SCIENTIFIC_REVIEWED,False,False,,G4_G3_FINAL_SCIENTIFIC_POLICY_V1,g4_g3_scientific_decision_policy_v1.csv,g4_g3_owner_policy_revision_v1.csv
NGIQ-BR-00000692,"SNR (Midbrain, Substantia Nigra pars reticulata) left",left,JULICH_BRAIN_CYTOARCHITECTONIC_ATLAS_V3_1_SNR_MIDBRAIN_SUBSTANTIA_NIGRA_PARS_RETICULATA,SNR_MIDBRAIN_SUBSTANTIA_NIGRA_PARS_RETICULATA_LEFT.nii.gz,NO_G3_MAPPING,BNA_COVERAGE_GAP,N/A,OWNER_SCIENTIFIC_REVIEWED,False,False,,G4_G3_FINAL_SCIENTIFIC_POLICY_V1,g4_g3_scientific_decision_policy_v1.csv,g4_g3_owner_policy_revision_v1.csv
NGIQ-BR-00000693,"NRp (Midbrain, Nucleus Ruber, parvocellular part) right",right,JULICH_BRAIN_CYTOARCHITECTONIC_ATLAS_V3_1_NRP_MIDBRAIN_NUCLEUS_RUBER_PARVOCELLULAR_PART,NRP_MIDBRAIN_NUCLEUS_RUBER_PARVOCELLULAR_PART_RIGHT.nii.gz,NO_G3_MAPPING,BNA_COVERAGE_GAP,N/A,OWNER_SCIENTIFIC_REVIEWED,False,False,,G4_G3_FINAL_SCIENTIFIC_POLICY_V1,g4_g3_scientific_decision_policy_v1.csv,g4_g3_owner_policy_revision_v1.csv
NGIQ-BR-00000694,"NRp (Midbrain, Nucleus Ruber, parvocellular part) left",left,JULICH_BRAIN_CYTOARCHITECTONIC_ATLAS_V3_1_NRP_MIDBRAIN_NUCLEUS_RUBER_PARVOCELLULAR_PART,NRP_MIDBRAIN_NUCLEUS_RUBER_PARVOCELLULAR_PART_LEFT.nii.gz,NO_G3_MAPPING,BNA_COVERAGE_GAP,N/A,OWNER_SCIENTIFIC_REVIEWED,False,False,,G4_G3_FINAL_SCIENTIFIC_POLICY_V1,g4_g3_scientific_decision_policy_v1.csv,g4_g3_owner_policy_revision_v1.csv
NGIQ-BR-00000695,"NRm (Midbrain, Nucleus Ruber, magnocellular part) right",right,JULICH_BRAIN_CYTOARCHITECTONIC_ATLAS_V3_1_NRM_MIDBRAIN_NUCLEUS_RUBER_MAGNOCELLULAR_PART,NRM_MIDBRAIN_NUCLEUS_RUBER_MAGNOCELLULAR_PART_RIGHT.nii.gz,NO_G3_MAPPING,ZERO_BNA_SPATIAL_ASSOCIATION,N/A,OWNER_SCIENTIFIC_REVIEWED,False,False,,G4_G3_FINAL_SCIENTIFIC_POLICY_V1,g4_g3_scientific_decision_policy_v1.csv,g4_g3_owner_policy_revision_v1.csv
NGIQ-BR-00000696,"NRm (Midbrain, Nucleus Ruber, magnocellular part) left",left,JULICH_BRAIN_CYTOARCHITECTONIC_ATLAS_V3_1_NRM_MIDBRAIN_NUCLEUS_RUBER_MAGNOCELLULAR_PART,NRM_MIDBRAIN_NUCLEUS_RUBER_MAGNOCELLULAR_PART_LEFT.nii.gz,NO_G3_MAPPING,ZERO_BNA_SPATIAL_ASSOCIATION,N/A,OWNER_SCIENTIFIC_REVIEWED,False,False,,G4_G3_FINAL_SCIENTIFIC_POLICY_V1,g4_g3_scientific_decision_policy_v1.csv,g4_g3_owner_policy_revision_v1.csv
NGIQ-BR-00000697,"Ninterp (Cerebellum, Interposed Nucleus) right",right,JULICH_BRAIN_CYTOARCHITECTONIC_ATLAS_V3_1_NINTERP_CEREBELLUM_INTERPOSED_NUCLEUS,NINTERP_CEREBELLUM_INTERPOSED_NUCLEUS_RIGHT.nii.gz,NO_G3_MAPPING,ZERO_BNA_SPATIAL_ASSOCIATION,N/A,OWNER_SCIENTIFIC_REVIEWED,False,False,,G4_G3_FINAL_SCIENTIFIC_POLICY_V1,g4_g3_scientific_decision_policy_v1.csv,g4_g3_owner_policy_revision_v1.csv
NGIQ-BR-00000698,"Ninterp (Cerebellum, Interposed Nucleus) left",left,JULICH_BRAIN_CYTOARCHITECTONIC_ATLAS_V3_1_NINTERP_CEREBELLUM_INTERPOSED_NUCLEUS,NINTERP_CEREBELLUM_INTERPOSED_NUCLEUS_LEFT.nii.gz,NO_G3_MAPPING,ZERO_BNA_SPATIAL_ASSOCIATION,N/A,OWNER_SCIENTIFIC_REVIEWED,False,False,,G4_G3_FINAL_SCIENTIFIC_POLICY_V1,g4_g3_scientific_decision_policy_v1.csv,g4_g3_owner_policy_revision_v1.csv
NGIQ-BR-00000699,"Ndentv (Cerebellum, Ventral Dentate Nucleus) right",right,JULICH_BRAIN_CYTOARCHITECTONIC_ATLAS_V3_1_NDENTV_CEREBELLUM_VENTRAL_DENTATE_NUCLEUS,NDENTV_CEREBELLUM_VENTRAL_DENTATE_NUCLEUS_RIGHT.nii.gz,NO_G3_MAPPING,ZERO_BNA_SPATIAL_ASSOCIATION,N/A,OWNER_SCIENTIFIC_REVIEWED,False,False,,G4_G3_FINAL_SCIENTIFIC_POLICY_V1,g4_g3_scientific_decision_policy_v1.csv,g4_g3_owner_policy_revision_v1.csv
NGIQ-BR-00000700,"Ndentv (Cerebellum, Ventral Dentate Nucleus) left",left,JULICH_BRAIN_CYTOARCHITECTONIC_ATLAS_V3_1_NDENTV_CEREBELLUM_VENTRAL_DENTATE_NUCLEUS,NDENTV_CEREBELLUM_VENTRAL_DENTATE_NUCLEUS_LEFT.nii.gz,NO_G3_MAPPING,ZERO_BNA_SPATIAL_ASSOCIATION,N/A,OWNER_SCIENTIFIC_REVIEWED,False,False,,G4_G3_FINAL_SCIENTIFIC_POLICY_V1,g4_g3_scientific_decision_policy_v1.csv,g4_g3_owner_policy_revision_v1.csv
NGIQ-BR-00000701,"Ndentd (Cerebellum, Dorsal Dentate Nucleus) right",right,JULICH_BRAIN_CYTOARCHITECTONIC_ATLAS_V3_1_NDENTD_CEREBELLUM_DORSAL_DENTATE_NUCLEUS,NDENTD_CEREBELLUM_DORSAL_DENTATE_NUCLEUS_RIGHT.nii.gz,NO_G3_MAPPING,ZERO_BNA_SPATIAL_ASSOCIATION,N/A,OWNER_SCIENTIFIC_REVIEWED,False,False,,G4_G3_FINAL_SCIENTIFIC_POLICY_V1,g4_g3_scientific_decision_policy_v1.csv,g4_g3_owner_policy_revision_v1.csv
NGIQ-BR-00000702,"Ndentd (Cerebellum, Dorsal Dentate Nucleus) left",left,JULICH_BRAIN_CYTOARCHITECTONIC_ATLAS_V3_1_NDENTD_CEREBELLUM_DORSAL_DENTATE_NUCLEUS,NDENTD_CEREBELLUM_DORSAL_DENTATE_NUCLEUS_LEFT.nii.gz,NO_G3_MAPPING,ZERO_BNA_SPATIAL_ASSOCIATION,N/A,OWNER_SCIENTIFIC_REVIEWED,False,False,,G4_G3_FINAL_SCIENTIFIC_POLICY_V1,g4_g3_scientific_decision_policy_v1.csv,g4_g3_owner_policy_revision_v1.csv
NGIQ-BR-00000703,"Nfast (Cerebellum, Fastigial Nucleus) right",right,JULICH_BRAIN_CYTOARCHITECTONIC_ATLAS_V3_1_NFAST_CEREBELLUM_FASTIGIAL_NUCLEUS,NFAST_CEREBELLUM_FASTIGIAL_NUCLEUS_RIGHT.nii.gz,NO_G3_MAPPING,ZERO_BNA_SPATIAL_ASSOCIATION,N/A,OWNER_SCIENTIFIC_REVIEWED,False,False,,G4_G3_FINAL_SCIENTIFIC_POLICY_V1,g4_g3_scientific_decision_policy_v1.csv,g4_g3_owner_policy_revision_v1.csv
NGIQ-BR-00000704,"Nfast (Cerebellum, Fastigial Nucleus) left",left,JULICH_BRAIN_CYTOARCHITECTONIC_ATLAS_V3_1_NFAST_CEREBELLUM_FASTIGIAL_NUCLEUS,NFAST_CEREBELLUM_FASTIGIAL_NUCLEUS_LEFT.nii.gz,NO_G3_MAPPING,ZERO_BNA_SPATIAL_ASSOCIATION,N/A,OWNER_SCIENTIFIC_REVIEWED,False,False,,G4_G3_FINAL_SCIENTIFIC_POLICY_V1,g4_g3_scientific_decision_policy_v1.csv,g4_g3_owner_policy_revision_v1.csv
NGIQ-BR-00000705,STN (Subthalamus) right,right,JULICH_BRAIN_CYTOARCHITECTONIC_ATLAS_V3_1_STN_SUBTHALAMUS,STN_SUBTHALAMUS_RIGHT.nii.gz,NO_G3_MAPPING,BNA_COVERAGE_GAP,N/A,OWNER_SCIENTIFIC_REVIEWED,False,False,,G4_G3_FINAL_SCIENTIFIC_POLICY_V1,g4_g3_scientific_decision_policy_v1.csv,g4_g3_owner_policy_revision_v1.csv
NGIQ-BR-00000706,STN (Subthalamus) left,left,JULICH_BRAIN_CYTOARCHITECTONIC_ATLAS_V3_1_STN_SUBTHALAMUS,STN_SUBTHALAMUS_LEFT.nii.gz,NO_G3_MAPPING,BNA_COVERAGE_GAP,N/A,OWNER_SCIENTIFIC_REVIEWED,False,False,,G4_G3_FINAL_SCIENTIFIC_POLICY_V1,g4_g3_scientific_decision_policy_v1.csv,g4_g3_owner_policy_revision_v1.csv
NGIQ-BR-00000707,"Rt (Thalamus, reticular Nucleus) right",right,JULICH_BRAIN_CYTOARCHITECTONIC_ATLAS_V3_1_RT_THALAMUS_RETICULAR_NUCLEUS,RT_THALAMUS_RETICULAR_NUCLEUS_RIGHT.nii.gz,CONFLICT_REVIEW,HIGH_FRAGMENTATION,N/A,OWNER_SCIENTIFIC_REVIEWED,False,False,,G4_G3_FINAL_SCIENTIFIC_POLICY_V1,g4_g3_scientific_decision_policy_v1.csv,g4_g3_owner_policy_revision_v1.csv
NGIQ-BR-00000708,"Rt (Thalamus, reticular Nucleus) left",left,JULICH_BRAIN_CYTOARCHITECTONIC_ATLAS_V3_1_RT_THALAMUS_RETICULAR_NUCLEUS,RT_THALAMUS_RETICULAR_NUCLEUS_LEFT.nii.gz,CONFLICT_REVIEW,PROBABILITY_HARDLABEL_TOP1_DISAGREEMENT,N/A,OWNER_SCIENTIFIC_REVIEWED,False,False,,G4_G3_FINAL_SCIENTIFIC_POLICY_V1,g4_g3_scientific_decision_policy_v1.csv,g4_g3_owner_policy_revision_v1.csv
NGIQ-BR-00000709,"ZI (Thalamus, zona incerta) right",right,JULICH_BRAIN_CYTOARCHITECTONIC_ATLAS_V3_1_ZI_THALAMUS_ZONA_INCERTA,ZI_THALAMUS_ZONA_INCERTA_RIGHT.nii.gz,CONFLICT_REVIEW,LOW_BNA_COVERAGE,N/A,OWNER_SCIENTIFIC_REVIEWED,False,False,,G4_G3_FINAL_SCIENTIFIC_POLICY_V1,g4_g3_scientific_decision_policy_v1.csv,g4_g3_owner_policy_revision_v1.csv
NGIQ-BR-00000710,"ZI (Thalamus, zona incerta) left",left,JULICH_BRAIN_CYTOARCHITECTONIC_ATLAS_V3_1_ZI_THALAMUS_ZONA_INCERTA,ZI_THALAMUS_ZONA_INCERTA_LEFT.nii.gz,CONFLICT_REVIEW,DIFFUSE_ASSOCIATION,N/A,OWNER_SCIENTIFIC_REVIEWED,False,False,,G4_G3_FINAL_SCIENTIFIC_POLICY_V1,g4_g3_scientific_decision_policy_v1.csv,g4_g3_owner_policy_revision_v1.csv
NGIQ-BR-00000711,CGM (Metathalamus) right,right,JULICH_BRAIN_CYTOARCHITECTONIC_ATLAS_V3_1_CGM_METATHALAMUS,CGM_METATHALAMUS_RIGHT.nii.gz,CONFLICT_REVIEW,HIGH_FRAGMENTATION,N/A,OWNER_SCIENTIFIC_REVIEWED,False,False,,G4_G3_FINAL_SCIENTIFIC_POLICY_V1,g4_g3_scientific_decision_policy_v1.csv,g4_g3_owner_policy_revision_v1.csv
NGIQ-BR-00000712,CGM (Metathalamus) left,left,JULICH_BRAIN_CYTOARCHITECTONIC_ATLAS_V3_1_CGM_METATHALAMUS,CGM_METATHALAMUS_LEFT.nii.gz,CONFLICT_REVIEW,HIGH_FRAGMENTATION,N/A,OWNER_SCIENTIFIC_REVIEWED,False,False,,G4_G3_FINAL_SCIENTIFIC_POLICY_V1,g4_g3_scientific_decision_policy_v1.csv,g4_g3_owner_policy_revision_v1.csv
NGIQ-BR-00000713,CGL (Metathalamus) right,right,JULICH_BRAIN_CYTOARCHITECTONIC_ATLAS_V3_1_CGL_METATHALAMUS,CGL_METATHALAMUS_RIGHT.nii.gz,CONFLICT_REVIEW,PROBABILITY_HARDLABEL_TOP1_DISAGREEMENT,N/A,OWNER_SCIENTIFIC_REVIEWED,False,False,,G4_G3_FINAL_SCIENTIFIC_POLICY_V1,g4_g3_scientific_decision_policy_v1.csv,g4_g3_owner_policy_revision_v1.csv
NGIQ-BR-00000714,CGL (Metathalamus) left,left,JULICH_BRAIN_CYTOARCHITECTONIC_ATLAS_V3_1_CGL_METATHALAMUS,CGL_METATHALAMUS_LEFT.nii.gz,CONFLICT_REVIEW,HIGH_FRAGMENTATION,N/A,OWNER_SCIENTIFIC_REVIEWED,False,False,,G4_G3_FINAL_SCIENTIFIC_POLICY_V1,g4_g3_scientific_decision_policy_v1.csv,g4_g3_owner_policy_revision_v1.csv
NGIQ-BR-00000715,"MV (Thalamus, medioventral Nucleus) right",right,JULICH_BRAIN_CYTOARCHITECTONIC_ATLAS_V3_1_MV_THALAMUS_MEDIOVENTRAL_NUCLEUS,MV_THALAMUS_MEDIOVENTRAL_NUCLEUS_RIGHT.nii.gz,CONFLICT_REVIEW,PARTIAL_TARGET_EVIDENCE_INCONSISTENT,N/A,OWNER_SCIENTIFIC_REVIEWED,False,False,,G4_G3_FINAL_SCIENTIFIC_POLICY_V1,g4_g3_scientific_decision_policy_v1.csv,g4_g3_owner_policy_revision_v1.csv
NGIQ-BR-00000716,"MV (Thalamus, medioventral Nucleus) left",left,JULICH_BRAIN_CYTOARCHITECTONIC_ATLAS_V3_1_MV_THALAMUS_MEDIOVENTRAL_NUCLEUS,MV_THALAMUS_MEDIOVENTRAL_NUCLEUS_LEFT.nii.gz,PARTIAL_OVERLAP,OWNER_CONFIRMED_PARTIAL,N/A,OWNER_SCIENTIFIC_REVIEWED,False,False,,G4_G3_FINAL_SCIENTIFIC_POLICY_V1,g4_g3_scientific_decision_policy_v1.csv,g4_g3_owner_policy_revision_v1.csv
NGIQ-BR-00000717,"MD (Thalamus, mediodorsal Nucleus) right",right,JULICH_BRAIN_CYTOARCHITECTONIC_ATLAS_V3_1_MD_THALAMUS_MEDIODORSAL_NUCLEUS,MD_THALAMUS_MEDIODORSAL_NUCLEUS_RIGHT.nii.gz,APPROVE_DOMINANT_OVERLAP,DOMINANT_CRITERIA_V1,N/A,OWNER_SCIENTIFIC_REVIEWED,False,False,BOUNDARY_METRIC,G4_G3_FINAL_SCIENTIFIC_POLICY_V1,g4_g3_scientific_decision_policy_v1.csv,g4_g3_owner_policy_revision_v1.csv
NGIQ-BR-00000718,"MD (Thalamus, mediodorsal Nucleus) left",left,JULICH_BRAIN_CYTOARCHITECTONIC_ATLAS_V3_1_MD_THALAMUS_MEDIODORSAL_NUCLEUS,MD_THALAMUS_MEDIODORSAL_NUCLEUS_LEFT.nii.gz,APPROVE_DOMINANT_OVERLAP,DOMINANT_CRITERIA_V1,N/A,OWNER_SCIENTIFIC_REVIEWED,False,False,BOUNDARY_METRIC,G4_G3_FINAL_SCIENTIFIC_POLICY_V1,g4_g3_scientific_decision_policy_v1.csv,g4_g3_owner_policy_revision_v1.csv
NGIQ-BR-00000719,"Pv (Thalamus, paraventricular Nucleus) right",right,JULICH_BRAIN_CYTOARCHITECTONIC_ATLAS_V3_1_PV_THALAMUS_PARAVENTRICULAR_NUCLEUS,PV_THALAMUS_PARAVENTRICULAR_NUCLEUS_RIGHT.nii.gz,APPROVE_DOMINANT_OVERLAP,DOMINANT_CRITERIA_V1,N/A,OWNER_SCIENTIFIC_REVIEWED,False,False,,G4_G3_FINAL_SCIENTIFIC_POLICY_V1,g4_g3_scientific_decision_policy_v1.csv,g4_g3_owner_policy_revision_v1.csv
NGIQ-BR-00000720,"Pv (Thalamus, paraventricular Nucleus) left",left,JULICH_BRAIN_CYTOARCHITECTONIC_ATLAS_V3_1_PV_THALAMUS_PARAVENTRICULAR_NUCLEUS,PV_THALAMUS_PARAVENTRICULAR_NUCLEUS_LEFT.nii.gz,PARTIAL_OVERLAP,OWNER_CONFIRMED_PARTIAL,N/A,OWNER_SCIENTIFIC_REVIEWED,False,False,,G4_G3_FINAL_SCIENTIFIC_POLICY_V1,g4_g3_scientific_decision_policy_v1.csv,g4_g3_owner_policy_revision_v1.csv
NGIQ-BR-00000721,"Po (Thalamus, posterior Nucleus) right",right,JULICH_BRAIN_CYTOARCHITECTONIC_ATLAS_V3_1_PO_THALAMUS_POSTERIOR_NUCLEUS,PO_THALAMUS_POSTERIOR_NUCLEUS_RIGHT.nii.gz,CONFLICT_REVIEW,HIGH_FRAGMENTATION,N/A,OWNER_SCIENTIFIC_REVIEWED,False,False,,G4_G3_FINAL_SCIENTIFIC_POLICY_V1,g4_g3_scientific_decision_policy_v1.csv,g4_g3_owner_policy_revision_v1.csv
NGIQ-BR-00000722,"Po (Thalamus, posterior Nucleus) left",left,JULICH_BRAIN_CYTOARCHITECTONIC_ATLAS_V3_1_PO_THALAMUS_POSTERIOR_NUCLEUS,PO_THALAMUS_POSTERIOR_NUCLEUS_LEFT.nii.gz,PARTIAL_OVERLAP,FINAL_MULTI_TARGET_PARTIAL_GATE_PASS,N/A,OWNER_SCIENTIFIC_REVIEWED,False,False,BOUNDARY_SECOND_TARGET,G4_G3_FINAL_SCIENTIFIC_POLICY_V1,g4_g3_scientific_decision_policy_v1.csv,g4_g3_owner_policy_revision_v1.csv
NGIQ-BR-00000723,"PUm (Thalamus, medial pulvinar) right",right,JULICH_BRAIN_CYTOARCHITECTONIC_ATLAS_V3_1_PUM_THALAMUS_MEDIAL_PULVINAR,PUM_THALAMUS_MEDIAL_PULVINAR_RIGHT.nii.gz,PARTIAL_OVERLAP,OWNER_CONFIRMED_PARTIAL_SET_CONCORDANT,N/A,OWNER_SCIENTIFIC_REVIEWED,False,False,,G4_G3_FINAL_SCIENTIFIC_POLICY_V1,g4_g3_scientific_decision_policy_v1.csv,g4_g3_owner_policy_revision_v1.csv
NGIQ-BR-00000724,"PUm (Thalamus, medial pulvinar) left",left,JULICH_BRAIN_CYTOARCHITECTONIC_ATLAS_V3_1_PUM_THALAMUS_MEDIAL_PULVINAR,PUM_THALAMUS_MEDIAL_PULVINAR_LEFT.nii.gz,PARTIAL_OVERLAP,OWNER_CONFIRMED_PARTIAL,N/A,OWNER_SCIENTIFIC_REVIEWED,False,False,BOUNDARY_SECOND_TARGET,G4_G3_FINAL_SCIENTIFIC_POLICY_V1,g4_g3_scientific_decision_policy_v1.csv,g4_g3_owner_policy_revision_v1.csv
NGIQ-BR-00000725,"PUl (Thalamus, lateral pulvinar) right",right,JULICH_BRAIN_CYTOARCHITECTONIC_ATLAS_V3_1_PUL_THALAMUS_LATERAL_PULVINAR,PUL_THALAMUS_LATERAL_PULVINAR_RIGHT.nii.gz,PARTIAL_OVERLAP,OWNER_CONFIRMED_PARTIAL,N/A,OWNER_SCIENTIFIC_REVIEWED,False,False,,G4_G3_FINAL_SCIENTIFIC_POLICY_V1,g4_g3_scientific_decision_policy_v1.csv,g4_g3_owner_policy_revision_v1.csv
NGIQ-BR-00000726,"PUl (Thalamus, lateral pulvinar) left",left,JULICH_BRAIN_CYTOARCHITECTONIC_ATLAS_V3_1_PUL_THALAMUS_LATERAL_PULVINAR,PUL_THALAMUS_LATERAL_PULVINAR_LEFT.nii.gz,APPROVE_DOMINANT_OVERLAP,DOMINANT_CRITERIA_V1,N/A,OWNER_SCIENTIFIC_REVIEWED,False,False,,G4_G3_FINAL_SCIENTIFIC_POLICY_V1,g4_g3_scientific_decision_policy_v1.csv,g4_g3_owner_policy_revision_v1.csv
NGIQ-BR-00000727,"Li (Thalamus, limitans Nucleus) right",right,JULICH_BRAIN_CYTOARCHITECTONIC_ATLAS_V3_1_LI_THALAMUS_LIMITANS_NUCLEUS,LI_THALAMUS_LIMITANS_NUCLEUS_RIGHT.nii.gz,CONFLICT_REVIEW,HIGH_FRAGMENTATION,N/A,OWNER_SCIENTIFIC_REVIEWED,False,False,,G4_G3_FINAL_SCIENTIFIC_POLICY_V1,g4_g3_scientific_decision_policy_v1.csv,g4_g3_owner_policy_revision_v1.csv
NGIQ-BR-00000728,"Li (Thalamus, limitans Nucleus) left",left,JULICH_BRAIN_CYTOARCHITECTONIC_ATLAS_V3_1_LI_THALAMUS_LIMITANS_NUCLEUS,LI_THALAMUS_LIMITANS_NUCLEUS_LEFT.nii.gz,CONFLICT_REVIEW,HIGH_FRAGMENTATION,N/A,OWNER_SCIENTIFIC_REVIEWED,False,False,,G4_G3_FINAL_SCIENTIFIC_POLICY_V1,g4_g3_scientific_decision_policy_v1.csv,g4_g3_owner_policy_revision_v1.csv
NGIQ-BR-00000729,"Sg (Thalamus, suprageniculate Nucleus) right",right,JULICH_BRAIN_CYTOARCHITECTONIC_ATLAS_V3_1_SG_THALAMUS_SUPRAGENICULATE_NUCLEUS,SG_THALAMUS_SUPRAGENICULATE_NUCLEUS_RIGHT.nii.gz,CONFLICT_REVIEW,HIGH_FRAGMENTATION,N/A,OWNER_SCIENTIFIC_REVIEWED,False,False,,G4_G3_FINAL_SCIENTIFIC_POLICY_V1,g4_g3_scientific_decision_policy_v1.csv,g4_g3_owner_policy_revision_v1.csv
NGIQ-BR-00000730,"Sg (Thalamus, suprageniculate Nucleus) left",left,JULICH_BRAIN_CYTOARCHITECTONIC_ATLAS_V3_1_SG_THALAMUS_SUPRAGENICULATE_NUCLEUS,SG_THALAMUS_SUPRAGENICULATE_NUCLEUS_LEFT.nii.gz,CONFLICT_REVIEW,HIGH_FRAGMENTATION,N/A,OWNER_SCIENTIFIC_REVIEWED,False,False,,G4_G3_FINAL_SCIENTIFIC_POLICY_V1,g4_g3_scientific_decision_policy_v1.csv,g4_g3_owner_policy_revision_v1.csv
NGIQ-BR-00000731,"LP (Thalamus, lateral posterior Nucleus) right",right,JULICH_BRAIN_CYTOARCHITECTONIC_ATLAS_V3_1_LP_THALAMUS_LATERAL_POSTERIOR_NUCLEUS,LP_THALAMUS_LATERAL_POSTERIOR_NUCLEUS_RIGHT.nii.gz,CONFLICT_REVIEW,HIGH_FRAGMENTATION,N/A,OWNER_SCIENTIFIC_REVIEWED,False,False,,G4_G3_FINAL_SCIENTIFIC_POLICY_V1,g4_g3_scientific_decision_policy_v1.csv,g4_g3_owner_policy_revision_v1.csv
NGIQ-BR-00000732,"LP (Thalamus, lateral posterior Nucleus) left",left,JULICH_BRAIN_CYTOARCHITECTONIC_ATLAS_V3_1_LP_THALAMUS_LATERAL_POSTERIOR_NUCLEUS,LP_THALAMUS_LATERAL_POSTERIOR_NUCLEUS_LEFT.nii.gz,CONFLICT_REVIEW,PROBABILITY_HARDLABEL_TOP1_DISAGREEMENT,N/A,OWNER_SCIENTIFIC_REVIEWED,False,False,,G4_G3_FINAL_SCIENTIFIC_POLICY_V1,g4_g3_scientific_decision_policy_v1.csv,g4_g3_owner_policy_revision_v1.csv
NGIQ-BR-00000733,"PUi (Thalamus, inferior pulvinar) right",right,JULICH_BRAIN_CYTOARCHITECTONIC_ATLAS_V3_1_PUI_THALAMUS_INFERIOR_PULVINAR,PUI_THALAMUS_INFERIOR_PULVINAR_RIGHT.nii.gz,CONFLICT_REVIEW,PROBABILITY_HARDLABEL_TOP1_DISAGREEMENT,N/A,OWNER_SCIENTIFIC_REVIEWED,False,False,,G4_G3_FINAL_SCIENTIFIC_POLICY_V1,g4_g3_scientific_decision_policy_v1.csv,g4_g3_owner_policy_revision_v1.csv
NGIQ-BR-00000734,"PUi (Thalamus, inferior pulvinar) left",left,JULICH_BRAIN_CYTOARCHITECTONIC_ATLAS_V3_1_PUI_THALAMUS_INFERIOR_PULVINAR,PUI_THALAMUS_INFERIOR_PULVINAR_LEFT.nii.gz,CONFLICT_REVIEW,HIGH_FRAGMENTATION,N/A,OWNER_SCIENTIFIC_REVIEWED,False,False,,G4_G3_FINAL_SCIENTIFIC_POLICY_V1,g4_g3_scientific_decision_policy_v1.csv,g4_g3_owner_policy_revision_v1.csv
NGIQ-BR-00000735,"PUa (Thalamus, anterior pulvinar) right",right,JULICH_BRAIN_CYTOARCHITECTONIC_ATLAS_V3_1_PUA_THALAMUS_ANTERIOR_PULVINAR,PUA_THALAMUS_ANTERIOR_PULVINAR_RIGHT.nii.gz,PARTIAL_OVERLAP,OWNER_CONFIRMED_PARTIAL,N/A,OWNER_SCIENTIFIC_REVIEWED,False,False,,G4_G3_FINAL_SCIENTIFIC_POLICY_V1,g4_g3_scientific_decision_policy_v1.csv,g4_g3_owner_policy_revision_v1.csv
NGIQ-BR-00000736,"PUa (Thalamus, anterior pulvinar) left",left,JULICH_BRAIN_CYTOARCHITECTONIC_ATLAS_V3_1_PUA_THALAMUS_ANTERIOR_PULVINAR,PUA_THALAMUS_ANTERIOR_PULVINAR_LEFT.nii.gz,PARTIAL_OVERLAP,OWNER_CONFIRMED_PARTIAL,N/A,OWNER_SCIENTIFIC_REVIEWED,False,False,,G4_G3_FINAL_SCIENTIFIC_POLICY_V1,g4_g3_scientific_decision_policy_v1.csv,g4_g3_owner_policy_revision_v1.csv
NGIQ-BR-00000737,"LD (Thalamus, lateral dorsal Nucleus) right",right,JULICH_BRAIN_CYTOARCHITECTONIC_ATLAS_V3_1_LD_THALAMUS_LATERAL_DORSAL_NUCLEUS,LD_THALAMUS_LATERAL_DORSAL_NUCLEUS_RIGHT.nii.gz,APPROVE_DOMINANT_OVERLAP,DOMINANT_CRITERIA_V1,N/A,OWNER_SCIENTIFIC_REVIEWED,False,False,BOUNDARY_METRIC,G4_G3_FINAL_SCIENTIFIC_POLICY_V1,g4_g3_scientific_decision_policy_v1.csv,g4_g3_owner_policy_revision_v1.csv
NGIQ-BR-00000738,"LD (Thalamus, lateral dorsal Nucleus) left",left,JULICH_BRAIN_CYTOARCHITECTONIC_ATLAS_V3_1_LD_THALAMUS_LATERAL_DORSAL_NUCLEUS,LD_THALAMUS_LATERAL_DORSAL_NUCLEUS_LEFT.nii.gz,APPROVE_DOMINANT_OVERLAP,DOMINANT_CRITERIA_V1,N/A,OWNER_SCIENTIFIC_REVIEWED,False,False,BOUNDARY_METRIC,G4_G3_FINAL_SCIENTIFIC_POLICY_V1,g4_g3_scientific_decision_policy_v1.csv,g4_g3_owner_policy_revision_v1.csv
NGIQ-BR-00000739,"AV (Thalamus, anteroventral Nucleus) right",right,JULICH_BRAIN_CYTOARCHITECTONIC_ATLAS_V3_1_AV_THALAMUS_ANTEROVENTRAL_NUCLEUS,AV_THALAMUS_ANTEROVENTRAL_NUCLEUS_RIGHT.nii.gz,PARTIAL_OVERLAP,OWNER_CONFIRMED_PARTIAL,N/A,OWNER_SCIENTIFIC_REVIEWED,False,False,,G4_G3_FINAL_SCIENTIFIC_POLICY_V1,g4_g3_scientific_decision_policy_v1.csv,g4_g3_owner_policy_revision_v1.csv
NGIQ-BR-00000740,"AV (Thalamus, anteroventral Nucleus) left",left,JULICH_BRAIN_CYTOARCHITECTONIC_ATLAS_V3_1_AV_THALAMUS_ANTEROVENTRAL_NUCLEUS,AV_THALAMUS_ANTEROVENTRAL_NUCLEUS_LEFT.nii.gz,PARTIAL_OVERLAP,OWNER_CONFIRMED_PARTIAL,N/A,OWNER_SCIENTIFIC_REVIEWED,False,False,,G4_G3_FINAL_SCIENTIFIC_POLICY_V1,g4_g3_scientific_decision_policy_v1.csv,g4_g3_owner_policy_revision_v1.csv
NGIQ-BR-00000741,"AM (Thalamus, anteromedial Nucleus) right",right,JULICH_BRAIN_CYTOARCHITECTONIC_ATLAS_V3_1_AM_THALAMUS_ANTEROMEDIAL_NUCLEUS,AM_THALAMUS_ANTEROMEDIAL_NUCLEUS_RIGHT.nii.gz,PARTIAL_OVERLAP,OWNER_CONFIRMED_PARTIAL,N/A,OWNER_SCIENTIFIC_REVIEWED,False,False,,G4_G3_FINAL_SCIENTIFIC_POLICY_V1,g4_g3_scientific_decision_policy_v1.csv,g4_g3_owner_policy_revision_v1.csv
NGIQ-BR-00000742,"AM (Thalamus, anteromedial Nucleus) left",left,JULICH_BRAIN_CYTOARCHITECTONIC_ATLAS_V3_1_AM_THALAMUS_ANTEROMEDIAL_NUCLEUS,AM_THALAMUS_ANTEROMEDIAL_NUCLEUS_LEFT.nii.gz,APPROVE_DOMINANT_OVERLAP,DOMINANT_CRITERIA_V1,N/A,OWNER_SCIENTIFIC_REVIEWED,False,False,,G4_G3_FINAL_SCIENTIFIC_POLICY_V1,g4_g3_scientific_decision_policy_v1.csv,g4_g3_owner_policy_revision_v1.csv
NGIQ-BR-00000743,"VPMpc (Thalamus, ventral posterior medial Nucleus, parvocellular part) right",right,JULICH_BRAIN_CYTOARCHITECTONIC_ATLAS_V3_1_VPMPC_THALAMUS_VENTRAL_POSTERIOR_MEDIAL_NUCLEUS_PARVOCELLULAR_PART,VPMPC_THALAMUS_VENTRAL_POSTERIOR_MEDIAL_NUCLEUS_PARVOCELLULAR_PART_RIGHT.nii.gz,CONFLICT_REVIEW,DIFFUSE_ASSOCIATION,N/A,OWNER_SCIENTIFIC_REVIEWED,False,False,,G4_G3_FINAL_SCIENTIFIC_POLICY_V1,g4_g3_scientific_decision_policy_v1.csv,g4_g3_owner_policy_revision_v1.csv
NGIQ-BR-00000744,"VPMpc (Thalamus, ventral posterior medial Nucleus, parvocellular part) left",left,JULICH_BRAIN_CYTOARCHITECTONIC_ATLAS_V3_1_VPMPC_THALAMUS_VENTRAL_POSTERIOR_MEDIAL_NUCLEUS_PARVOCELLULAR_PART,VPMPC_THALAMUS_VENTRAL_POSTERIOR_MEDIAL_NUCLEUS_PARVOCELLULAR_PART_LEFT.nii.gz,CONFLICT_REVIEW,LOW_DOMINANCE,N/A,OWNER_SCIENTIFIC_REVIEWED,False,False,,G4_G3_FINAL_SCIENTIFIC_POLICY_V1,g4_g3_scientific_decision_policy_v1.csv,g4_g3_owner_policy_revision_v1.csv
NGIQ-BR-00000745,"VPi (Thalamus, ventroposterior inferior Nucleus) right",right,JULICH_BRAIN_CYTOARCHITECTONIC_ATLAS_V3_1_VPI_THALAMUS_VENTROPOSTERIOR_INFERIOR_NUCLEUS,VPI_THALAMUS_VENTROPOSTERIOR_INFERIOR_NUCLEUS_RIGHT.nii.gz,CONFLICT_REVIEW,DIFFUSE_ASSOCIATION,N/A,OWNER_SCIENTIFIC_REVIEWED,False,False,,G4_G3_FINAL_SCIENTIFIC_POLICY_V1,g4_g3_scientific_decision_policy_v1.csv,g4_g3_owner_policy_revision_v1.csv
NGIQ-BR-00000746,"VPi (Thalamus, ventroposterior inferior Nucleus) left",left,JULICH_BRAIN_CYTOARCHITECTONIC_ATLAS_V3_1_VPI_THALAMUS_VENTROPOSTERIOR_INFERIOR_NUCLEUS,VPI_THALAMUS_VENTROPOSTERIOR_INFERIOR_NUCLEUS_LEFT.nii.gz,CONFLICT_REVIEW,DIFFUSE_ASSOCIATION,N/A,OWNER_SCIENTIFIC_REVIEWED,False,False,,G4_G3_FINAL_SCIENTIFIC_POLICY_V1,g4_g3_scientific_decision_policy_v1.csv,g4_g3_owner_policy_revision_v1.csv
NGIQ-BR-00000747,"VPL (Thalamus, ventral posterior lateral Nucleus) right",right,JULICH_BRAIN_CYTOARCHITECTONIC_ATLAS_V3_1_VPL_THALAMUS_VENTRAL_POSTERIOR_LATERAL_NUCLEUS,VPL_THALAMUS_VENTRAL_POSTERIOR_LATERAL_NUCLEUS_RIGHT.nii.gz,PARTIAL_OVERLAP,OWNER_CONFIRMED_PARTIAL,N/A,OWNER_SCIENTIFIC_REVIEWED,False,False,,G4_G3_FINAL_SCIENTIFIC_POLICY_V1,g4_g3_scientific_decision_policy_v1.csv,g4_g3_owner_policy_revision_v1.csv
NGIQ-BR-00000748,"VPL (Thalamus, ventral posterior lateral Nucleus) left",left,JULICH_BRAIN_CYTOARCHITECTONIC_ATLAS_V3_1_VPL_THALAMUS_VENTRAL_POSTERIOR_LATERAL_NUCLEUS,VPL_THALAMUS_VENTRAL_POSTERIOR_LATERAL_NUCLEUS_LEFT.nii.gz,PARTIAL_OVERLAP,OWNER_CONFIRMED_PARTIAL,N/A,OWNER_SCIENTIFIC_REVIEWED,False,False,,G4_G3_FINAL_SCIENTIFIC_POLICY_V1,g4_g3_scientific_decision_policy_v1.csv,g4_g3_owner_policy_revision_v1.csv
NGIQ-BR-00000749,"VLP (Thalamus, ventral lateral posterior Nucleus) right",right,JULICH_BRAIN_CYTOARCHITECTONIC_ATLAS_V3_1_VLP_THALAMUS_VENTRAL_LATERAL_POSTERIOR_NUCLEUS,VLP_THALAMUS_VENTRAL_LATERAL_POSTERIOR_NUCLEUS_RIGHT.nii.gz,PARTIAL_OVERLAP,OWNER_CONFIRMED_PARTIAL_SET_CONCORDANT,N/A,OWNER_SCIENTIFIC_REVIEWED,False,False,,G4_G3_FINAL_SCIENTIFIC_POLICY_V1,g4_g3_scientific_decision_policy_v1.csv,g4_g3_owner_policy_revision_v1.csv
NGIQ-BR-00000750,"VLP (Thalamus, ventral lateral posterior Nucleus) left",left,JULICH_BRAIN_CYTOARCHITECTONIC_ATLAS_V3_1_VLP_THALAMUS_VENTRAL_LATERAL_POSTERIOR_NUCLEUS,VLP_THALAMUS_VENTRAL_LATERAL_POSTERIOR_NUCLEUS_LEFT.nii.gz,CONFLICT_REVIEW,HIGH_FRAGMENTATION,N/A,OWNER_SCIENTIFIC_REVIEWED,False,False,,G4_G3_FINAL_SCIENTIFIC_POLICY_V1,g4_g3_scientific_decision_policy_v1.csv,g4_g3_owner_policy_revision_v1.csv
NGIQ-BR-00000751,"VIM (Thalamus, ventral intermediate Nucleus) right",right,JULICH_BRAIN_CYTOARCHITECTONIC_ATLAS_V3_1_VIM_THALAMUS_VENTRAL_INTERMEDIATE_NUCLEUS,VIM_THALAMUS_VENTRAL_INTERMEDIATE_NUCLEUS_RIGHT.nii.gz,PARTIAL_OVERLAP,OWNER_CONFIRMED_PARTIAL,N/A,OWNER_SCIENTIFIC_REVIEWED,False,False,,G4_G3_FINAL_SCIENTIFIC_POLICY_V1,g4_g3_scientific_decision_policy_v1.csv,g4_g3_owner_policy_revision_v1.csv
NGIQ-BR-00000752,"VIM (Thalamus, ventral intermediate Nucleus) left",left,JULICH_BRAIN_CYTOARCHITECTONIC_ATLAS_V3_1_VIM_THALAMUS_VENTRAL_INTERMEDIATE_NUCLEUS,VIM_THALAMUS_VENTRAL_INTERMEDIATE_NUCLEUS_LEFT.nii.gz,APPROVE_DOMINANT_OVERLAP,DOMINANT_CRITERIA_V1,N/A,OWNER_SCIENTIFIC_REVIEWED,False,False,,G4_G3_FINAL_SCIENTIFIC_POLICY_V1,g4_g3_scientific_decision_policy_v1.csv,g4_g3_owner_policy_revision_v1.csv
NGIQ-BR-00000753,"VM (Thalamus, ventral medial Nucleus) right",right,JULICH_BRAIN_CYTOARCHITECTONIC_ATLAS_V3_1_VM_THALAMUS_VENTRAL_MEDIAL_NUCLEUS,VM_THALAMUS_VENTRAL_MEDIAL_NUCLEUS_RIGHT.nii.gz,CONFLICT_REVIEW,LOW_DOMINANCE,N/A,OWNER_SCIENTIFIC_REVIEWED,False,False,,G4_G3_FINAL_SCIENTIFIC_POLICY_V1,g4_g3_scientific_decision_policy_v1.csv,g4_g3_owner_policy_revision_v1.csv
NGIQ-BR-00000754,"VM (Thalamus, ventral medial Nucleus) left",left,JULICH_BRAIN_CYTOARCHITECTONIC_ATLAS_V3_1_VM_THALAMUS_VENTRAL_MEDIAL_NUCLEUS,VM_THALAMUS_VENTRAL_MEDIAL_NUCLEUS_LEFT.nii.gz,APPROVE_DOMINANT_OVERLAP,DOMINANT_CRITERIA_V1,N/A,OWNER_SCIENTIFIC_REVIEWED,False,False,,G4_G3_FINAL_SCIENTIFIC_POLICY_V1,g4_g3_scientific_decision_policy_v1.csv,g4_g3_owner_policy_revision_v1.csv
NGIQ-BR-00000755,"VA (Thalamus, ventral anterior Nucleus (ventral)) right",right,JULICH_BRAIN_CYTOARCHITECTONIC_ATLAS_V3_1_VA_THALAMUS_VENTRAL_ANTERIOR_NUCLEUS_VENTRAL,VA_THALAMUS_VENTRAL_ANTERIOR_NUCLEUS_VENTRAL_RIGHT.nii.gz,PARTIAL_OVERLAP,FINAL_MULTI_TARGET_PARTIAL_GATE_PASS,N/A,OWNER_SCIENTIFIC_REVIEWED,False,False,,G4_G3_FINAL_SCIENTIFIC_POLICY_V1,g4_g3_scientific_decision_policy_v1.csv,g4_g3_owner_policy_revision_v1.csv
NGIQ-BR-00000756,"VA (Thalamus, ventral anterior Nucleus (ventral)) left",left,JULICH_BRAIN_CYTOARCHITECTONIC_ATLAS_V3_1_VA_THALAMUS_VENTRAL_ANTERIOR_NUCLEUS_VENTRAL,VA_THALAMUS_VENTRAL_ANTERIOR_NUCLEUS_VENTRAL_LEFT.nii.gz,CONFLICT_REVIEW,PROBABILITY_HARDLABEL_TOP1_DISAGREEMENT,N/A,OWNER_SCIENTIFIC_REVIEWED,False,False,,G4_G3_FINAL_SCIENTIFIC_POLICY_V1,g4_g3_scientific_decision_policy_v1.csv,g4_g3_owner_policy_revision_v1.csv
NGIQ-BR-00000757,"VLA (Thalamus, ventral lateral anterior Nucleus) right",right,JULICH_BRAIN_CYTOARCHITECTONIC_ATLAS_V3_1_VLA_THALAMUS_VENTRAL_LATERAL_ANTERIOR_NUCLEUS,VLA_THALAMUS_VENTRAL_LATERAL_ANTERIOR_NUCLEUS_RIGHT.nii.gz,APPROVE_DOMINANT_OVERLAP,DOMINANT_CRITERIA_V1,N/A,OWNER_SCIENTIFIC_REVIEWED,False,False,,G4_G3_FINAL_SCIENTIFIC_POLICY_V1,g4_g3_scientific_decision_policy_v1.csv,g4_g3_owner_policy_revision_v1.csv
NGIQ-BR-00000758,"VLA (Thalamus, ventral lateral anterior Nucleus) left",left,JULICH_BRAIN_CYTOARCHITECTONIC_ATLAS_V3_1_VLA_THALAMUS_VENTRAL_LATERAL_ANTERIOR_NUCLEUS,VLA_THALAMUS_VENTRAL_LATERAL_ANTERIOR_NUCLEUS_LEFT.nii.gz,APPROVE_DOMINANT_OVERLAP,DOMINANT_CRITERIA_V1,N/A,OWNER_SCIENTIFIC_REVIEWED,False,False,,G4_G3_FINAL_SCIENTIFIC_POLICY_V1,g4_g3_scientific_decision_policy_v1.csv,g4_g3_owner_policy_revision_v1.csv
NGIQ-BR-00000759,"VAmc (Thalamus, ventral anterior Nucleus, magnocellular part) right",right,JULICH_BRAIN_CYTOARCHITECTONIC_ATLAS_V3_1_VAMC_THALAMUS_VENTRAL_ANTERIOR_NUCLEUS_MAGNOCELLULAR_PART,VAMC_THALAMUS_VENTRAL_ANTERIOR_NUCLEUS_MAGNOCELLULAR_PART_RIGHT.nii.gz,PARTIAL_OVERLAP,OWNER_CONFIRMED_PARTIAL,N/A,OWNER_SCIENTIFIC_REVIEWED,False,False,,G4_G3_FINAL_SCIENTIFIC_POLICY_V1,g4_g3_scientific_decision_policy_v1.csv,g4_g3_owner_policy_revision_v1.csv
NGIQ-BR-00000760,"VAmc (Thalamus, ventral anterior Nucleus, magnocellular part) left",left,JULICH_BRAIN_CYTOARCHITECTONIC_ATLAS_V3_1_VAMC_THALAMUS_VENTRAL_ANTERIOR_NUCLEUS_MAGNOCELLULAR_PART,VAMC_THALAMUS_VENTRAL_ANTERIOR_NUCLEUS_MAGNOCELLULAR_PART_LEFT.nii.gz,CONFLICT_REVIEW,HIGH_FRAGMENTATION,N/A,OWNER_SCIENTIFIC_REVIEWED,False,False,,G4_G3_FINAL_SCIENTIFIC_POLICY_V1,g4_g3_scientific_decision_policy_v1.csv,g4_g3_owner_policy_revision_v1.csv
NGIQ-BR-00000761,"VPM (Thalamus, ventral posterior medial Nucleus) right",right,JULICH_BRAIN_CYTOARCHITECTONIC_ATLAS_V3_1_VPM_THALAMUS_VENTRAL_POSTERIOR_MEDIAL_NUCLEUS,VPM_THALAMUS_VENTRAL_POSTERIOR_MEDIAL_NUCLEUS_RIGHT.nii.gz,PARTIAL_OVERLAP,OWNER_CONFIRMED_PARTIAL,N/A,OWNER_SCIENTIFIC_REVIEWED,False,False,,G4_G3_FINAL_SCIENTIFIC_POLICY_V1,g4_g3_scientific_decision_policy_v1.csv,g4_g3_owner_policy_revision_v1.csv
NGIQ-BR-00000762,"VPM (Thalamus, ventral posterior medial Nucleus) left",left,JULICH_BRAIN_CYTOARCHITECTONIC_ATLAS_V3_1_VPM_THALAMUS_VENTRAL_POSTERIOR_MEDIAL_NUCLEUS,VPM_THALAMUS_VENTRAL_POSTERIOR_MEDIAL_NUCLEUS_LEFT.nii.gz,PARTIAL_OVERLAP,OWNER_CONFIRMED_PARTIAL_SET_CONCORDANT,N/A,OWNER_SCIENTIFIC_REVIEWED,False,False,,G4_G3_FINAL_SCIENTIFIC_POLICY_V1,g4_g3_scientific_decision_policy_v1.csv,g4_g3_owner_policy_revision_v1.csv
NGIQ-BR-00000763,"sPf (Thalamus, subparafascicular Nucleus) right",right,JULICH_BRAIN_CYTOARCHITECTONIC_ATLAS_V3_1_SPF_THALAMUS_SUBPARAFASCICULAR_NUCLEUS,SPF_THALAMUS_SUBPARAFASCICULAR_NUCLEUS_RIGHT.nii.gz,CONFLICT_REVIEW,DIFFUSE_ASSOCIATION,N/A,OWNER_SCIENTIFIC_REVIEWED,False,False,,G4_G3_FINAL_SCIENTIFIC_POLICY_V1,g4_g3_scientific_decision_policy_v1.csv,g4_g3_owner_policy_revision_v1.csv
NGIQ-BR-00000764,"sPf (Thalamus, subparafascicular Nucleus) left",left,JULICH_BRAIN_CYTOARCHITECTONIC_ATLAS_V3_1_SPF_THALAMUS_SUBPARAFASCICULAR_NUCLEUS,SPF_THALAMUS_SUBPARAFASCICULAR_NUCLEUS_LEFT.nii.gz,CONFLICT_REVIEW,LOW_DOMINANCE,N/A,OWNER_SCIENTIFIC_REVIEWED,False,False,,G4_G3_FINAL_SCIENTIFIC_POLICY_V1,g4_g3_scientific_decision_policy_v1.csv,g4_g3_owner_policy_revision_v1.csv
NGIQ-BR-00000765,"Pf (Thalamus, parafascicular Nucleus) right",right,JULICH_BRAIN_CYTOARCHITECTONIC_ATLAS_V3_1_PF_THALAMUS_PARAFASCICULAR_NUCLEUS,PF_THALAMUS_PARAFASCICULAR_NUCLEUS_RIGHT.nii.gz,CONFLICT_REVIEW,HIGH_FRAGMENTATION,N/A,OWNER_SCIENTIFIC_REVIEWED,False,False,,G4_G3_FINAL_SCIENTIFIC_POLICY_V1,g4_g3_scientific_decision_policy_v1.csv,g4_g3_owner_policy_revision_v1.csv
NGIQ-BR-00000766,"Pf (Thalamus, parafascicular Nucleus) left",left,JULICH_BRAIN_CYTOARCHITECTONIC_ATLAS_V3_1_PF_THALAMUS_PARAFASCICULAR_NUCLEUS,PF_THALAMUS_PARAFASCICULAR_NUCLEUS_LEFT.nii.gz,APPROVE_DOMINANT_OVERLAP,DOMINANT_CRITERIA_V1,N/A,OWNER_SCIENTIFIC_REVIEWED,False,False,,G4_G3_FINAL_SCIENTIFIC_POLICY_V1,g4_g3_scientific_decision_policy_v1.csv,g4_g3_owner_policy_revision_v1.csv
NGIQ-BR-00000767,"CM (Thalamus, centromedian Nucleus) right",right,JULICH_BRAIN_CYTOARCHITECTONIC_ATLAS_V3_1_CM_THALAMUS_CENTROMEDIAN_NUCLEUS,CM_THALAMUS_CENTROMEDIAN_NUCLEUS_RIGHT.nii.gz,PARTIAL_OVERLAP,OWNER_CONFIRMED_PARTIAL,N/A,OWNER_SCIENTIFIC_REVIEWED,False,False,,G4_G3_FINAL_SCIENTIFIC_POLICY_V1,g4_g3_scientific_decision_policy_v1.csv,g4_g3_owner_policy_revision_v1.csv
NGIQ-BR-00000768,"CM (Thalamus, centromedian Nucleus) left",left,JULICH_BRAIN_CYTOARCHITECTONIC_ATLAS_V3_1_CM_THALAMUS_CENTROMEDIAN_NUCLEUS,CM_THALAMUS_CENTROMEDIAN_NUCLEUS_LEFT.nii.gz,APPROVE_DOMINANT_OVERLAP,DOMINANT_CRITERIA_V1,N/A,OWNER_SCIENTIFIC_REVIEWED,False,False,BOUNDARY_METRIC,G4_G3_FINAL_SCIENTIFIC_POLICY_V1,g4_g3_scientific_decision_policy_v1.csv,g4_g3_owner_policy_revision_v1.csv
NGIQ-BR-00000769,"CL (Thalamus, anterior intralaminar nuclei) right",right,JULICH_BRAIN_CYTOARCHITECTONIC_ATLAS_V3_1_CL_THALAMUS_ANTERIOR_INTRALAMINAR_NUCLEI,CL_THALAMUS_ANTERIOR_INTRALAMINAR_NUCLEI_RIGHT.nii.gz,CONFLICT_REVIEW,PROBABILITY_HARDLABEL_TOP1_DISAGREEMENT,N/A,OWNER_SCIENTIFIC_REVIEWED,False,False,,G4_G3_FINAL_SCIENTIFIC_POLICY_V1,g4_g3_scientific_decision_policy_v1.csv,g4_g3_owner_policy_revision_v1.csv
NGIQ-BR-00000770,"CL (Thalamus, anterior intralaminar nuclei) left",left,JULICH_BRAIN_CYTOARCHITECTONIC_ATLAS_V3_1_CL_THALAMUS_ANTERIOR_INTRALAMINAR_NUCLEI,CL_THALAMUS_ANTERIOR_INTRALAMINAR_NUCLEI_LEFT.nii.gz,CONFLICT_REVIEW,PROBABILITY_HARDLABEL_TOP1_DISAGREEMENT,N/A,OWNER_SCIENTIFIC_REVIEWED,False,False,,G4_G3_FINAL_SCIENTIFIC_POLICY_V1,g4_g3_scientific_decision_policy_v1.csv,g4_g3_owner_policy_revision_v1.csv
