g3_component_index,canonical_g3_id,g3_region_name,g3_hemisphere,rank,julich_asset_file,julich_component_id,julich_region_name,julich_hemisphere,joint_weighted_mass,g4_mass_weighted_g3_probability,g3_mass_weighted_g4_probability,probability_cosine,soft_dice,hemisphere_relation
1,NGIQ-BR-00000001,SFG_L_7_1,left,1,FRONTAL_I_2_GAPMAP_LEFT.nii.gz,JULICH_BRAIN_CYTOARCHITECTONIC_ATLAS_V3_1_FRONTAL_I_2_GAPMAP,Frontal-I.2 (GapMap) left,left,1406.7526617228584,0.26820776350912334,0.1703152949343483,0.38549391068098793,0.384629832850827,same
1,NGIQ-BR-00000001,SFG_L_7_1,left,2,FRONTAL_TO_OCCIPITAL_GAPMAP_LEFT.nii.gz,JULICH_BRAIN_CYTOARCHITECTONIC_ATLAS_V3_1_FRONTAL_TO_OCCIPITAL_GAPMAP,Frontal-to-Occipital (GapMap) left,left,848.7538310355839,0.020259180359183254,0.10275847559616144,0.07873841714555727,0.045314043645889736,same
1,NGIQ-BR-00000001,SFG_L_7_1,left,3,AREA_6MA_PRESMA_MESIAL_SFG_LEFT.nii.gz,JULICH_BRAIN_CYTOARCHITECTONIC_ATLAS_V3_1_AREA_6MA_PRESMA_MESIAL_SFG,"Area 6ma (preSMA, mesial SFG) left",left,769.0803252024775,0.4590900005391909,0.09311241839389517,0.468685850471668,0.3660815329987426,same
1,NGIQ-BR-00000001,SFG_L_7_1,left,4,AREA_6D2_PRECG_LEFT.nii.gz,JULICH_BRAIN_CYTOARCHITECTONIC_ATLAS_V3_1_AREA_6D2_PRECG,Area 6d2 (PreCG) left,left,457.9155523752116,0.1426411384665782,0.05543975460639565,0.22394419762826723,0.1974691355545356,same
1,NGIQ-BR-00000001,SFG_L_7_1,left,5,AREA_8D1_SFG_LEFT.nii.gz,JULICH_BRAIN_CYTOARCHITECTONIC_ATLAS_V3_1_AREA_8D1_SFG,Area 8d1 (SFG) left,left,156.13347967268854,0.11637775547747853,0.018903052656756833,0.11533067647696388,0.07906061923181892,same
1,NGIQ-BR-00000001,SFG_L_7_1,left,6,AREA_6D3_SFS_LEFT.nii.gz,JULICH_BRAIN_CYTOARCHITECTONIC_ATLAS_V3_1_AREA_6D3_SFS,Area 6d3 (SFS) left,left,105.56106965043179,0.03104820179009419,0.01278025995634513,0.05248997791827433,0.0459181989203514,same
1,NGIQ-BR-00000001,SFG_L_7_1,left,7,AREA_6D1_PRECG_LEFT.nii.gz,JULICH_BRAIN_CYTOARCHITECTONIC_ATLAS_V3_1_AREA_6D1_PRECG,Area 6d1 (PreCG) left,left,87.84514751841266,0.016604105554147444,0.010635396409932153,0.03160879543703647,0.030953819625261524,same
1,NGIQ-BR-00000001,SFG_L_7_1,left,8,AREA_SFG2_SFG_LEFT.nii.gz,JULICH_BRAIN_CYTOARCHITECTONIC_ATLAS_V3_1_AREA_SFG2_SFG,Area SFG2 (SFG) left,left,35.235581504283886,0.024032726915442656,0.0042659655953561325,0.02430534692871717,0.017493110911502463,same
1,NGIQ-BR-00000001,SFG_L_7_1,left,9,AREA_6MP_SMA_MESIAL_SFG_LEFT.nii.gz,JULICH_BRAIN_CYTOARCHITECTONIC_ATLAS_V3_1_AREA_6MP_SMA_MESIAL_SFG,"Area 6mp (SMA, mesial SFG) left",left,29.611620835137916,0.030121543748432154,0.0035850736758827476,0.02473458655850571,0.015452310695030069,same
1,NGIQ-BR-00000001,SFG_L_7_1,left,10,AREA_FP1_FPOLE_LEFT.nii.gz,JULICH_BRAIN_CYTOARCHITECTONIC_ATLAS_V3_1_AREA_FP1_FPOLE,Area Fp1 (FPole) left,left,20.51509298328204,0.004248449584990526,0.002483758664280113,0.007321866870777063,0.007181770894298624,same
2,NGIQ-BR-00000002,SFG_R_7_1,right,1,FRONTAL_I_2_GAPMAP_RIGHT.nii.gz,JULICH_BRAIN_CYTOARCHITECTONIC_ATLAS_V3_1_FRONTAL_I_2_GAPMAP,Frontal-I.2 (GapMap) right,right,1548.6555325543466,0.2412414681148486,0.193123944561365,0.36810116559913336,0.3616977637975258,same
2,NGIQ-BR-00000002,SFG_R_7_1,right,2,FRONTAL_TO_OCCIPITAL_GAPMAP_RIGHT.nii.gz,JULICH_BRAIN_CYTOARCHITECTONIC_ATLAS_V3_1_FRONTAL_TO_OCCIPITAL_GAPMAP,Frontal-to-Occipital (GapMap) right,right,827.6752550831811,0.023542918144530738,0.10321463147705413,0.08297473022957451,0.051688291650636035,same
2,NGIQ-BR-00000002,SFG_R_7_1,right,3,AREA_6MA_PRESMA_MESIAL_SFG_RIGHT.nii.gz,JULICH_BRAIN_CYTOARCHITECTONIC_ATLAS_V3_1_AREA_6MA_PRESMA_MESIAL_SFG,"Area 6ma (preSMA, mesial SFG) right",right,724.927577030776,0.46408302249688665,0.09040155816095483,0.45243291513489364,0.3433360818000221,same
2,NGIQ-BR-00000002,SFG_R_7_1,right,4,AREA_8D1_SFG_RIGHT.nii.gz,JULICH_BRAIN_CYTOARCHITECTONIC_ATLAS_V3_1_AREA_8D1_SFG,Area 8d1 (SFG) right,right,299.56917952270146,0.2091422885614547,0.03735755331142727,0.21161074618362397,0.1475238228495912,same
2,NGIQ-BR-00000002,SFG_R_7_1,right,5,AREA_6D2_PRECG_RIGHT.nii.gz,JULICH_BRAIN_CYTOARCHITECTONIC_ATLAS_V3_1_AREA_6D2_PRECG,Area 6d2 (PreCG) right,right,197.34888487932062,0.12824141135272754,0.024610246953896853,0.12932414758434374,0.09500723415616996,same
2,NGIQ-BR-00000002,SFG_R_7_1,right,6,AREA_SFG2_SFG_RIGHT.nii.gz,JULICH_BRAIN_CYTOARCHITECTONIC_ATLAS_V3_1_AREA_SFG2_SFG,Area SFG2 (SFG) right,right,67.65041720083985,0.03148481952411233,0.00843629531965639,0.0357445182364834,0.029974474947924344,same
2,NGIQ-BR-00000002,SFG_R_7_1,right,7,AREA_6MP_SMA_MESIAL_SFG_RIGHT.nii.gz,JULICH_BRAIN_CYTOARCHITECTONIC_ATLAS_V3_1_AREA_6MP_SMA_MESIAL_SFG,"Area 6mp (SMA, mesial SFG) right",right,57.43999846128339,0.04665380257529584,0.007163012590763142,0.04143716720775004,0.028452412572211306,same
2,NGIQ-BR-00000002,SFG_R_7_1,right,8,AREA_P32_PACC_RIGHT.nii.gz,JULICH_BRAIN_CYTOARCHITECTONIC_ATLAS_V3_1_AREA_P32_PACC,Area p32 (pACC) right,right,26.36400744950433,0.0073476234755523815,0.003287704080129138,0.0114341800988949,0.01052177273150022,same
2,NGIQ-BR-00000002,SFG_R_7_1,right,9,AREA_SFG3_SFG_RIGHT.nii.gz,JULICH_BRAIN_CYTOARCHITECTONIC_ATLAS_V3_1_AREA_SFG3_SFG,Area SFG3 (SFG) right,right,21.398627811696798,0.011049651550946305,0.0026685000791487447,0.013783042030988886,0.010243910967503692,same
2,NGIQ-BR-00000002,SFG_R_7_1,right,10,AREA_FP1_FPOLE_RIGHT.nii.gz,JULICH_BRAIN_CYTOARCHITECTONIC_ATLAS_V3_1_AREA_FP1_FPOLE,Area Fp1 (FPole) right,right,19.284258445424243,0.0035319583343248646,0.002404829208712656,0.006270940951596947,0.006221855479448118,same
3,NGIQ-BR-00000021,SFG_L_7_2,left,1,AREA_8D2_SFG_LEFT.nii.gz,JULICH_BRAIN_CYTOARCHITECTONIC_ATLAS_V3_1_AREA_8D2_SFG,Area 8d2 (SFG) left,left,854.0494444360135,0.4836167394183793,0.11038170836580441,0.4764789479092377,0.3523968774086615,same
3,NGIQ-BR-00000021,SFG_L_7_2,left,2,AREA_8D1_SFG_LEFT.nii.gz,JULICH_BRAIN_CYTOARCHITECTONIC_ATLAS_V3_1_AREA_8D1_SFG,Area 8d1 (SFG) left,left,634.7335404944221,0.47311354953383195,0.08203620178351279,0.43013629242003576,0.27646497108216334,same
3,NGIQ-BR-00000021,SFG_L_7_2,left,3,AREA_SFG4_SFG_LEFT.nii.gz,JULICH_BRAIN_CYTOARCHITECTONIC_ATLAS_V3_1_AREA_SFG4_SFG,Area SFG4 (SFG) left,left,445.74915660852713,0.12412869199112421,0.05761089563328208,0.18792082527946138,0.1638074943684788,same
3,NGIQ-BR-00000021,SFG_L_7_2,left,4,AREA_6D2_PRECG_LEFT.nii.gz,JULICH_BRAIN_CYTOARCHITECTONIC_ATLAS_V3_1_AREA_6D2_PRECG,Area 6d2 (PreCG) left,left,438.9692252308868,0.13673933919461922,0.056734622704422484,0.1969492510421481,0.16627901008700602,same
3,NGIQ-BR-00000021,SFG_L_7_2,left,5,AREA_6D3_SFS_LEFT.nii.gz,JULICH_BRAIN_CYTOARCHITECTONIC_ATLAS_V3_1_AREA_6D3_SFS,Area 6d3 (SFS) left,left,397.74475393724424,0.11698687235824543,0.05140656166824409,0.18144412339617094,0.1518151741709359,same
3,NGIQ-BR-00000021,SFG_L_7_2,left,6,AREA_8V1_MFG_LEFT.nii.gz,JULICH_BRAIN_CYTOARCHITECTONIC_ATLAS_V3_1_AREA_8V1_MFG,Area 8v1 (MFG) left,left,205.4509488649606,0.07646868364409565,0.02655352903609194,0.10473073959173886,0.08211754496395253,same
3,NGIQ-BR-00000021,SFG_L_7_2,left,7,AREA_SFG2_SFG_LEFT.nii.gz,JULICH_BRAIN_CYTOARCHITECTONIC_ATLAS_V3_1_AREA_SFG2_SFG,Area SFG2 (SFG) left,left,120.88398424963448,0.08244994570527892,0.015623662988682325,0.07649886395536709,0.05176405135119492,same
3,NGIQ-BR-00000021,SFG_L_7_2,left,8,AREA_6D1_PRECG_LEFT.nii.gz,JULICH_BRAIN_CYTOARCHITECTONIC_ATLAS_V3_1_AREA_6D1_PRECG,Area 6d1 (PreCG) left,left,58.54906681056463,0.011066688518175449,0.0075671801672343815,0.01932751351543464,0.018534193668201318,same
3,NGIQ-BR-00000021,SFG_L_7_2,left,9,AREA_SFG3_SFG_LEFT.nii.gz,JULICH_BRAIN_CYTOARCHITECTONIC_ATLAS_V3_1_AREA_SFG3_SFG,Area SFG3 (SFG) left,left,31.789894217371913,0.010852480251333278,0.00410868815071821,0.015495209492681856,0.012484259983264119,same
3,NGIQ-BR-00000021,SFG_L_7_2,left,10,FRONTAL_I_2_GAPMAP_LEFT.nii.gz,JULICH_BRAIN_CYTOARCHITECTONIC_ATLAS_V3_1_FRONTAL_I_2_GAPMAP,Frontal-I.2 (GapMap) left,left,21.89008223904516,0.004173505520988122,0.00282918593244842,0.005503171011063737,0.005502159168949444,same
4,NGIQ-BR-00000022,SFG_R_7_2,right,1,AREA_8D2_SFG_RIGHT.nii.gz,JULICH_BRAIN_CYTOARCHITECTONIC_ATLAS_V3_1_AREA_8D2_SFG,Area 8d2 (SFG) right,right,660.5011459273809,0.545623108985975,0.0924942043434551,0.505709555491862,0.31825560719569396,same
4,NGIQ-BR-00000022,SFG_R_7_2,right,2,AREA_8D1_SFG_RIGHT.nii.gz,JULICH_BRAIN_CYTOARCHITECTONIC_ATLAS_V3_1_AREA_8D1_SFG,Area 8d1 (SFG) right,right,496.0955813166954,0.3463459271314537,0.06947144051925161,0.3407137230222111,0.2327412982504485,same
4,NGIQ-BR-00000022,SFG_R_7_2,right,3,AREA_8V1_MFG_RIGHT.nii.gz,JULICH_BRAIN_CYTOARCHITECTONIC_ATLAS_V3_1_AREA_8V1_MFG,Area 8v1 (MFG) right,right,451.71964010493207,0.19694316523559,0.06325719335301692,0.25758576138020733,0.19978450139324694,same
4,NGIQ-BR-00000022,SFG_R_7_2,right,4,AREA_6D3_SFS_RIGHT.nii.gz,JULICH_BRAIN_CYTOARCHITECTONIC_ATLAS_V3_1_AREA_6D3_SFS,Area 6d3 (SFS) right,right,325.3199728447731,0.14943910652908873,0.04555663866875408,0.16288684150587035,0.1364095783609808,same
4,NGIQ-BR-00000022,SFG_R_7_2,right,5,AREA_SFG2_SFG_RIGHT.nii.gz,JULICH_BRAIN_CYTOARCHITECTONIC_ATLAS_V3_1_AREA_SFG2_SFG,Area SFG2 (SFG) right,right,216.51244007258907,0.10076589890307468,0.03031962321103363,0.11122579072884445,0.09182750324474478,same
4,NGIQ-BR-00000022,SFG_R_7_2,right,6,AREA_SFG4_SFG_RIGHT.nii.gz,JULICH_BRAIN_CYTOARCHITECTONIC_ATLAS_V3_1_AREA_SFG4_SFG,Area SFG4 (SFG) right,right,171.30367521161196,0.10263227557126395,0.02398875041702008,0.10530232069380767,0.07776331613415452,same
4,NGIQ-BR-00000022,SFG_R_7_2,right,7,AREA_6D2_PRECG_RIGHT.nii.gz,JULICH_BRAIN_CYTOARCHITECTONIC_ATLAS_V3_1_AREA_6D2_PRECG,Area 6d2 (PreCG) right,right,65.71244924199293,0.0427013167031109,0.009202134993367696,0.041867427887777336,0.030169879925193408,same
4,NGIQ-BR-00000022,SFG_R_7_2,right,8,FRONTAL_I_2_GAPMAP_RIGHT.nii.gz,JULICH_BRAIN_CYTOARCHITECTONIC_ATLAS_V3_1_FRONTAL_I_2_GAPMAP,Frontal-I.2 (GapMap) right,right,58.95746546231442,0.009184085954221126,0.008256191365704402,0.0136249478338824,0.013452894812387987,same
4,NGIQ-BR-00000022,SFG_R_7_2,right,9,AREA_6D1_PRECG_RIGHT.nii.gz,JULICH_BRAIN_CYTOARCHITECTONIC_ATLAS_V3_1_AREA_6D1_PRECG,Area 6d1 (PreCG) right,right,31.871791867999814,0.00870706522947536,0.004463211075420238,0.012018338092410014,0.011392870762626538,same
4,NGIQ-BR-00000022,SFG_R_7_2,right,10,AREA_6V1_PRECG_RIGHT.nii.gz,JULICH_BRAIN_CYTOARCHITECTONIC_ATLAS_V3_1_AREA_6V1_PRECG,Area 6v1 (PreCG) right,right,28.428658447530243,0.010422938938070165,0.0039810470577824756,0.013694412593528951,0.011707024027332431,same
5,NGIQ-BR-00000023,SFG_L_7_3,left,1,AREA_SFG2_SFG_LEFT.nii.gz,JULICH_BRAIN_CYTOARCHITECTONIC_ATLAS_V3_1_AREA_SFG2_SFG,Area SFG2 (SFG) left,left,931.4894210871355,0.6353302521455255,0.10947382474634104,0.6355963078858357,0.45400286819889785,same
5,NGIQ-BR-00000023,SFG_L_7_3,left,2,AREA_SFG3_SFG_LEFT.nii.gz,JULICH_BRAIN_CYTOARCHITECTONIC_ATLAS_V3_1_AREA_SFG3_SFG,Area SFG3 (SFG) left,left,570.632301905316,0.19480328386296378,0.06706388628705649,0.2999037804502995,0.25217577751412945,same
5,NGIQ-BR-00000023,SFG_L_7_3,left,3,AREA_SFG4_SFG_LEFT.nii.gz,JULICH_BRAIN_CYTOARCHITECTONIC_ATLAS_V3_1_AREA_SFG4_SFG,Area SFG4 (SFG) left,left,462.03385949914315,0.12866352697467417,0.05430079249064626,0.21002713248254884,0.18954346012693984,same
5,NGIQ-BR-00000023,SFG_L_7_3,left,4,FRONTAL_I_2_GAPMAP_LEFT.nii.gz,JULICH_BRAIN_CYTOARCHITECTONIC_ATLAS_V3_1_FRONTAL_I_2_GAPMAP,Frontal-I.2 (GapMap) left,left,439.9427015855577,0.08387831868035253,0.05170451657475546,0.11925564663280427,0.11906785453796215,same
5,NGIQ-BR-00000023,SFG_L_7_3,left,5,AREA_8D1_SFG_LEFT.nii.gz,JULICH_BRAIN_CYTOARCHITECTONIC_ATLAS_V3_1_AREA_8D1_SFG,Area 8d1 (SFG) left,left,399.07992040126345,0.297463590062766,0.04690209494253055,0.2916028304198795,0.1983174418996649,same
5,NGIQ-BR-00000023,SFG_L_7_3,left,6,AREA_FP1_FPOLE_LEFT.nii.gz,JULICH_BRAIN_CYTOARCHITECTONIC_ATLAS_V3_1_AREA_FP1_FPOLE,Area Fp1 (FPole) left,left,276.09124500734345,0.057175453029963005,0.03244778081822753,0.09747293225737334,0.09540053896956005,same
5,NGIQ-BR-00000023,SFG_L_7_3,left,7,AREA_8D2_SFG_LEFT.nii.gz,JULICH_BRAIN_CYTOARCHITECTONIC_ATLAS_V3_1_AREA_8D2_SFG,Area 8d2 (SFG) left,left,170.59955230109867,0.09660424202321927,0.020049809549761564,0.10262562343600186,0.07972009352139921,same
5,NGIQ-BR-00000023,SFG_L_7_3,left,8,AREA_6D2_PRECG_LEFT.nii.gz,JULICH_BRAIN_CYTOARCHITECTONIC_ATLAS_V3_1_AREA_6D2_PRECG,Area 6d2 (PreCG) left,left,109.95386825606843,0.03425073655065221,0.01292239099140677,0.05319220464151205,0.04666193453432728,same
5,NGIQ-BR-00000023,SFG_L_7_3,left,9,FRONTAL_TO_OCCIPITAL_GAPMAP_LEFT.nii.gz,JULICH_BRAIN_CYTOARCHITECTONIC_ATLAS_V3_1_FRONTAL_TO_OCCIPITAL_GAPMAP,Frontal-to-Occipital (GapMap) left,left,105.44318866550094,0.002516857654963812,0.012392270803451903,0.009676237529641326,0.005618257566495536,same
5,NGIQ-BR-00000023,SFG_L_7_3,left,10,AREA_P32_PACC_LEFT.nii.gz,JULICH_BRAIN_CYTOARCHITECTONIC_ATLAS_V3_1_AREA_P32_PACC,Area p32 (pACC) left,left,93.28445361107617,0.0227390304521836,0.010963308541130324,0.03689688058270575,0.03506672426699536,same
6,NGIQ-BR-00000024,SFG_R_7_3,right,1,AREA_SFG2_SFG_RIGHT.nii.gz,JULICH_BRAIN_CYTOARCHITECTONIC_ATLAS_V3_1_AREA_SFG2_SFG,Area SFG2 (SFG) right,right,1415.7723738646696,0.6589070625539294,0.1697717882535247,0.7225968521913989,0.5943823231268444,same
6,NGIQ-BR-00000024,SFG_R_7_3,right,2,FRONTAL_I_2_GAPMAP_RIGHT.nii.gz,JULICH_BRAIN_CYTOARCHITECTONIC_ATLAS_V3_1_FRONTAL_I_2_GAPMAP,Frontal-I.2 (GapMap) right,right,553.7004464828962,0.08625256281818984,0.06639677160783605,0.127130835419387,0.12565205834661575,same
6,NGIQ-BR-00000024,SFG_R_7_3,right,3,AREA_SFG3_SFG_RIGHT.nii.gz,JULICH_BRAIN_CYTOARCHITECTONIC_ATLAS_V3_1_AREA_SFG3_SFG,Area SFG3 (SFG) right,right,362.88379872872247,0.18738302122551678,0.04351506822402248,0.2257825623979423,0.163911572026265,same
6,NGIQ-BR-00000024,SFG_R_7_3,right,4,AREA_8D1_SFG_RIGHT.nii.gz,JULICH_BRAIN_CYTOARCHITECTONIC_ATLAS_V3_1_AREA_8D1_SFG,Area 8d1 (SFG) right,right,345.50208971352833,0.24121005325241254,0.0414307474130741,0.23575175262419365,0.16027838887016324,same
6,NGIQ-BR-00000024,SFG_R_7_3,right,5,AREA_8D2_SFG_RIGHT.nii.gz,JULICH_BRAIN_CYTOARCHITECTONIC_ATLAS_V3_1_AREA_8D2_SFG,Area 8d2 (SFG) right,right,170.5747228481032,0.14090741729770695,0.020454400907486518,0.1297544445670513,0.08124599835920365,same
6,NGIQ-BR-00000024,SFG_R_7_3,right,6,AREA_SFG4_SFG_RIGHT.nii.gz,JULICH_BRAIN_CYTOARCHITECTONIC_ATLAS_V3_1_AREA_SFG4_SFG,Area SFG4 (SFG) right,right,166.06649814110412,0.09949455304632754,0.019913798912077674,0.10142225770272802,0.07456991501748207,same
6,NGIQ-BR-00000024,SFG_R_7_3,right,7,AREA_FP1_FPOLE_RIGHT.nii.gz,JULICH_BRAIN_CYTOARCHITECTONIC_ATLAS_V3_1_AREA_FP1_FPOLE,Area Fp1 (FPole) right,right,150.01398108815167,0.027475421586421998,0.017988867633322237,0.04712215762371184,0.04652423809226143,same
6,NGIQ-BR-00000024,SFG_R_7_3,right,8,AREA_P32_PACC_RIGHT.nii.gz,JULICH_BRAIN_CYTOARCHITECTONIC_ATLAS_V3_1_AREA_P32_PACC,Area p32 (pACC) right,right,74.32218666884418,0.020713521818271706,0.00891231582887777,0.0311369267122241,0.028252403894226567,same
6,NGIQ-BR-00000024,SFG_R_7_3,right,9,AREA_6D1_PRECG_RIGHT.nii.gz,JULICH_BRAIN_CYTOARCHITECTONIC_ATLAS_V3_1_AREA_6D1_PRECG,Area 6d1 (PreCG) right,right,72.94175711220701,0.01992698244764211,0.00874678216067334,0.027327137479187424,0.025850966986002893,same
6,NGIQ-BR-00000024,SFG_R_7_3,right,10,AREA_6D2_PRECG_RIGHT.nii.gz,JULICH_BRAIN_CYTOARCHITECTONIC_ATLAS_V3_1_AREA_6D2_PRECG,Area 6d2 (PreCG) right,right,63.41617814110611,0.04120915196650101,0.007604526098945332,0.04014289374084657,0.028796916730062506,same
7,NGIQ-BR-00000025,SFG_L_7_4,left,1,AREA_6D2_PRECG_LEFT.nii.gz,JULICH_BRAIN_CYTOARCHITECTONIC_ATLAS_V3_1_AREA_6D2_PRECG,Area 6d2 (PreCG) left,left,1278.2051245481816,0.3981621353842377,0.22170581799694106,0.6757806792485795,0.6167098447674094,same
7,NGIQ-BR-00000025,SFG_L_7_4,left,2,AREA_6D1_PRECG_LEFT.nii.gz,JULICH_BRAIN_CYTOARCHITECTONIC_ATLAS_V3_1_AREA_6D1_PRECG,Area 6d1 (PreCG) left,left,1193.3881990743948,0.22556901757552228,0.206994246684161,0.4642187785010817,0.460476089521446,same
7,NGIQ-BR-00000025,SFG_L_7_4,left,3,AREA_6D3_SFS_LEFT.nii.gz,JULICH_BRAIN_CYTOARCHITECTONIC_ATLAS_V3_1_AREA_6D3_SFS,Area 6d3 (SFS) left,left,637.9726815269586,0.18764403030597257,0.11065693017592396,0.34294579821476756,0.3108132356861133,same
7,NGIQ-BR-00000025,SFG_L_7_4,left,4,AREA_6MA_PRESMA_MESIAL_SFG_LEFT.nii.gz,JULICH_BRAIN_CYTOARCHITECTONIC_ATLAS_V3_1_AREA_6MA_PRESMA_MESIAL_SFG,"Area 6ma (preSMA, mesial SFG) left",left,63.35724256695148,0.037820076227493775,0.010989370187591597,0.0417404575081632,0.03416327974736231,same
7,NGIQ-BR-00000025,SFG_L_7_4,left,5,AREA_8D1_SFG_LEFT.nii.gz,JULICH_BRAIN_CYTOARCHITECTONIC_ATLAS_V3_1_AREA_8D1_SFG,Area 8d1 (SFG) left,left,42.4911477460482,0.031671774770622836,0.007370127444917304,0.03393110936512524,0.02458188104857824,same
7,NGIQ-BR-00000025,SFG_L_7_4,left,6,AREA_8D2_SFG_LEFT.nii.gz,JULICH_BRAIN_CYTOARCHITECTONIC_ATLAS_V3_1_AREA_8D2_SFG,Area 8d2 (SFG) left,left,35.2741604852935,0.019974457674266862,0.00611833457271715,0.023190085314871878,0.019003339402902938,same
7,NGIQ-BR-00000025,SFG_L_7_4,left,7,AREA_8V1_MFG_LEFT.nii.gz,JULICH_BRAIN_CYTOARCHITECTONIC_ATLAS_V3_1_AREA_8V1_MFG,Area 8v1 (MFG) left,left,14.890156714953527,0.005542104767767173,0.0025827109524054932,0.008944380065146227,0.007696853349727173,same
7,NGIQ-BR-00000025,SFG_L_7_4,left,8,AREA_6V1_PRECG_LEFT.nii.gz,JULICH_BRAIN_CYTOARCHITECTONIC_ATLAS_V3_1_AREA_6V1_PRECG,Area 6v1 (PreCG) left,left,13.980679115978951,0.0054164012077413184,0.0024249612523314723,0.007419116887069377,0.006760253008785834,same
7,NGIQ-BR-00000025,SFG_L_7_4,left,9,AREA_SFG4_SFG_LEFT.nii.gz,JULICH_BRAIN_CYTOARCHITECTONIC_ATLAS_V3_1_AREA_SFG4_SFG,Area SFG4 (SFG) left,left,13.699826765013086,0.003815019168593841,0.0023762471617591466,0.006805881979144424,0.006360648968057331,same
7,NGIQ-BR-00000025,SFG_L_7_4,left,10,FRONTAL_TO_OCCIPITAL_GAPMAP_LEFT.nii.gz,JULICH_BRAIN_CYTOARCHITECTONIC_ATLAS_V3_1_FRONTAL_TO_OCCIPITAL_GAPMAP,Frontal-to-Occipital (GapMap) left,left,13.14054063834188,0.00031365582466299835,0.0022792384846488816,0.001317859046917668,0.0007109074643449774,same
8,NGIQ-BR-00000026,SFG_R_7_4,right,1,AREA_6D3_SFS_RIGHT.nii.gz,JULICH_BRAIN_CYTOARCHITECTONIC_ATLAS_V3_1_AREA_6D3_SFS,Area 6d3 (SFS) right,right,654.2438968201176,0.3005337254210292,0.10851689532869077,0.38408229083058953,0.34759652684966247,same
8,NGIQ-BR-00000026,SFG_R_7_4,right,2,AREA_6D2_PRECG_RIGHT.nii.gz,JULICH_BRAIN_CYTOARCHITECTONIC_ATLAS_V3_1_AREA_6D2_PRECG,Area 6d2 (PreCG) right,right,633.2627031657668,0.41150727991537284,0.10503682618822743,0.473066141272129,0.3779773971354659,same
8,NGIQ-BR-00000026,SFG_R_7_4,right,3,AREA_6D1_PRECG_RIGHT.nii.gz,JULICH_BRAIN_CYTOARCHITECTONIC_ATLAS_V3_1_AREA_6D1_PRECG,Area 6d1 (PreCG) right,right,461.40825680218524,0.12605227236780625,0.07653199632516124,0.2040011552962218,0.2010635584620922,same
8,NGIQ-BR-00000026,SFG_R_7_4,right,4,AREA_6V1_PRECG_RIGHT.nii.gz,JULICH_BRAIN_CYTOARCHITECTONIC_ATLAS_V3_1_AREA_6V1_PRECG,Area 6v1 (PreCG) right,right,144.44812573139677,0.05295972713576388,0.02395904985374187,0.0815846176128377,0.07501230269012694,same
8,NGIQ-BR-00000026,SFG_R_7_4,right,5,AREA_8D1_SFG_RIGHT.nii.gz,JULICH_BRAIN_CYTOARCHITECTONIC_ATLAS_V3_1_AREA_8D1_SFG,Area 8d1 (SFG) right,right,131.50421941692545,0.09180882174916556,0.021812094362832546,0.1058944706241565,0.08073442736204241,same
8,NGIQ-BR-00000026,SFG_R_7_4,right,6,AREA_6MA_PRESMA_MESIAL_SFG_RIGHT.nii.gz,JULICH_BRAIN_CYTOARCHITECTONIC_ATLAS_V3_1_AREA_6MA_PRESMA_MESIAL_SFG,"Area 6ma (preSMA, mesial SFG) right",right,90.80489214778767,0.058131336344044285,0.01506145494734943,0.06460435962505295,0.053114002361092795,same
8,NGIQ-BR-00000026,SFG_R_7_4,right,7,AREA_8V1_MFG_RIGHT.nii.gz,JULICH_BRAIN_CYTOARCHITECTONIC_ATLAS_V3_1_AREA_8V1_MFG,Area 8v1 (MFG) right,right,55.147244625178445,0.024043393171882227,0.009147059379144028,0.03687109420619594,0.03136303684243347,same
8,NGIQ-BR-00000026,SFG_R_7_4,right,8,AREA_8D2_SFG_RIGHT.nii.gz,JULICH_BRAIN_CYTOARCHITECTONIC_ATLAS_V3_1_AREA_8D2_SFG,Area 8d2 (SFG) right,right,28.453006764052162,0.023504301402541363,0.004719389774682322,0.02554259869133637,0.018091860576081295,same
8,NGIQ-BR-00000026,SFG_R_7_4,right,9,AREA_6MP_SMA_MESIAL_SFG_RIGHT.nii.gz,JULICH_BRAIN_CYTOARCHITECTONIC_ATLAS_V3_1_AREA_6MP_SMA_MESIAL_SFG,"Area 6mp (SMA, mesial SFG) right",right,21.652683534314313,0.01758670003301195,0.00359144656006549,0.017806574208447203,0.013390574935486024,same
8,NGIQ-BR-00000026,SFG_R_7_4,right,10,AREA_SFG2_SFG_RIGHT.nii.gz,JULICH_BRAIN_CYTOARCHITECTONIC_ATLAS_V3_1_AREA_SFG2_SFG,Area SFG2 (SFG) right,right,19.730787003731084,0.009182800248472999,0.0032726690435222723,0.011884376019973721,0.010635774459360385,same
9,NGIQ-BR-00000027,SFG_L_7_5,left,1,FRONTAL_TO_OCCIPITAL_GAPMAP_LEFT.nii.gz,JULICH_BRAIN_CYTOARCHITECTONIC_ATLAS_V3_1_FRONTAL_TO_OCCIPITAL_GAPMAP,Frontal-to-Occipital (GapMap) left,left,1179.6832625826235,0.028158242248180355,0.16671623342353847,0.09370781965885043,0.0609609691005068,same
9,NGIQ-BR-00000027,SFG_L_7_5,left,2,AREA_6MP_SMA_MESIAL_SFG_LEFT.nii.gz,JULICH_BRAIN_CYTOARCHITECTONIC_ATLAS_V3_1_AREA_6MP_SMA_MESIAL_SFG,"Area 6mp (SMA, mesial SFG) left",left,731.5018574841865,0.7440985863267313,0.10337794753067811,0.5231947674447954,0.2882999836692921,same
9,NGIQ-BR-00000027,SFG_L_7_5,left,3,AREA_6D1_PRECG_LEFT.nii.gz,JULICH_BRAIN_CYTOARCHITECTONIC_ATLAS_V3_1_AREA_6D1_PRECG,Area 6d1 (PreCG) left,left,655.0857466469658,0.1238214425226371,0.09257860284576122,0.2018337561081717,0.1893906364276802,same
9,NGIQ-BR-00000027,SFG_L_7_5,left,4,AREA_6MA_PRESMA_MESIAL_SFG_LEFT.nii.gz,JULICH_BRAIN_CYTOARCHITECTONIC_ATLAS_V3_1_AREA_6MA_PRESMA_MESIAL_SFG,"Area 6ma (preSMA, mesial SFG) left",left,612.5208882804576,0.3656343891737293,0.08656321457320476,0.3196218992179048,0.22504130952319268,same
9,NGIQ-BR-00000027,SFG_L_7_5,left,5,AREA_6D2_PRECG_LEFT.nii.gz,JULICH_BRAIN_CYTOARCHITECTONIC_ATLAS_V3_1_AREA_6D2_PRECG,Area 6d2 (PreCG) left,left,281.9622234335562,0.08783150593272436,0.039847712813740374,0.11807306309231559,0.09590900463266898,same
9,NGIQ-BR-00000027,SFG_L_7_5,left,6,FRONTAL_I_2_GAPMAP_LEFT.nii.gz,JULICH_BRAIN_CYTOARCHITECTONIC_ATLAS_V3_1_FRONTAL_I_2_GAPMAP,Frontal-I.2 (GapMap) left,left,32.67121247318032,0.0062290074630684325,0.00461718976412727,0.007666029950522254,0.007636332504721142,same
9,NGIQ-BR-00000027,SFG_L_7_5,left,7,AREA_6D3_SFS_LEFT.nii.gz,JULICH_BRAIN_CYTOARCHITECTONIC_ATLAS_V3_1_AREA_6D3_SFS,Area 6d3 (SFS) left,left,14.259634490446102,0.004194122043083584,0.0020152125809083845,0.006071366980289275,0.0048836623805034,same
9,NGIQ-BR-00000027,SFG_L_7_5,left,8,AREA_6MP_SMA_MESIAL_SFG_RIGHT.nii.gz,JULICH_BRAIN_CYTOARCHITECTONIC_ATLAS_V3_1_AREA_6MP_SMA_MESIAL_SFG,"Area 6mp (SMA, mesial SFG) right",right,3.4493020894417548,0.0028015853588826078,0.00048746529728050156,0.002153567361736247,0.0013251877561513974,opposite
9,NGIQ-BR-00000027,SFG_L_7_5,left,9,FRONTAL_TO_OCCIPITAL_GAPMAP_RIGHT.nii.gz,JULICH_BRAIN_CYTOARCHITECTONIC_ATLAS_V3_1_FRONTAL_TO_OCCIPITAL_GAPMAP,Frontal-to-Occipital (GapMap) right,right,3.0157354264993272,8.578148477388001e-05,0.0004261924088057346,0.00026165600514098923,0.00018170487806654274,opposite
9,NGIQ-BR-00000027,SFG_L_7_5,left,10,AREA_4A_PRECG_LEFT.nii.gz,JULICH_BRAIN_CYTOARCHITECTONIC_ATLAS_V3_1_AREA_4A_PRECG,Area 4a (PreCG) left,left,1.6132836937912267,0.0006207133430817613,0.00022799389412685582,0.0007207319514126243,0.0005629969166632335,same
10,NGIQ-BR-00000028,SFG_R_7_5,right,1,AREA_6MP_SMA_MESIAL_SFG_RIGHT.nii.gz,JULICH_BRAIN_CYTOARCHITECTONIC_ATLAS_V3_1_AREA_6MP_SMA_MESIAL_SFG,"Area 6mp (SMA, mesial SFG) right",right,656.6953259371048,0.5333797860221027,0.09625609290366571,0.43327070240235677,0.2783002280404242,same
10,NGIQ-BR-00000028,SFG_R_7_5,right,2,AREA_6D1_PRECG_RIGHT.nii.gz,JULICH_BRAIN_CYTOARCHITECTONIC_ATLAS_V3_1_AREA_6D1_PRECG,Area 6d1 (PreCG) right,right,633.1993083139802,0.17298392583581168,0.09281212921781139,0.22460242935934444,0.20846111487297453,same
10,NGIQ-BR-00000028,SFG_R_7_5,right,3,FRONTAL_TO_OCCIPITAL_GAPMAP_RIGHT.nii.gz,JULICH_BRAIN_CYTOARCHITECTONIC_ATLAS_V3_1_FRONTAL_TO_OCCIPITAL_GAPMAP,Frontal-to-Occipital (GapMap) right,right,578.6249395170696,0.016458773539225067,0.08481281004254829,0.05305212520761272,0.03538195264315494,same
10,NGIQ-BR-00000028,SFG_R_7_5,right,4,AREA_6MA_PRESMA_MESIAL_SFG_RIGHT.nii.gz,JULICH_BRAIN_CYTOARCHITECTONIC_ATLAS_V3_1_AREA_6MA_PRESMA_MESIAL_SFG,"Area 6ma (preSMA, mesial SFG) right",right,552.8763933098172,0.35393956003898114,0.08103867863340074,0.31557847886239115,0.22545418090875433,same
10,NGIQ-BR-00000028,SFG_R_7_5,right,5,AREA_6D2_PRECG_RIGHT.nii.gz,JULICH_BRAIN_CYTOARCHITECTONIC_ATLAS_V3_1_AREA_6D2_PRECG,Area 6d2 (PreCG) right,right,308.21020703401746,0.20028140502303107,0.045176368934542716,0.18471906632724894,0.1274620779178727,same
10,NGIQ-BR-00000028,SFG_R_7_5,right,6,AREA_6D3_SFS_RIGHT.nii.gz,JULICH_BRAIN_CYTOARCHITECTONIC_ATLAS_V3_1_AREA_6D3_SFS,Area 6d3 (SFS) right,right,35.02824604131164,0.016090588431815694,0.005134317197086123,0.016497941048975822,0.013344860161208755,same
10,NGIQ-BR-00000028,SFG_R_7_5,right,7,FRONTAL_I_2_GAPMAP_RIGHT.nii.gz,JULICH_BRAIN_CYTOARCHITECTONIC_ATLAS_V3_1_FRONTAL_I_2_GAPMAP,Frontal-I.2 (GapMap) right,right,23.199300937466717,0.0036138658983522233,0.0034004719968888106,0.005043209651164827,0.005018794895244132,same
10,NGIQ-BR-00000028,SFG_R_7_5,right,8,AREA_6V1_PRECG_RIGHT.nii.gz,JULICH_BRAIN_CYTOARCHITECTONIC_ATLAS_V3_1_AREA_6V1_PRECG,Area 6v1 (PreCG) right,right,12.404392231254738,0.004547883363151532,0.0018181922177096792,0.005620806234153108,0.004648773653431331,same
10,NGIQ-BR-00000028,SFG_R_7_5,right,9,AREA_4A_PRECG_RIGHT.nii.gz,JULICH_BRAIN_CYTOARCHITECTONIC_ATLAS_V3_1_AREA_4A_PRECG,Area 4a (PreCG) right,right,6.464787480096325,0.0008471443248793709,0.000947585828174762,0.00182326250648215,0.001799671783823261,same
10,NGIQ-BR-00000028,SFG_R_7_5,right,10,AREA_6MP_SMA_MESIAL_SFG_LEFT.nii.gz,JULICH_BRAIN_CYTOARCHITECTONIC_ATLAS_V3_1_AREA_6MP_SMA_MESIAL_SFG,"Area 6mp (SMA, mesial SFG) left",left,3.0339578080091933,0.0030862036682707847,0.00044470687257716954,0.0022931140982211167,0.001322515454451599,opposite
11,NGIQ-BR-00000029,SFG_L_7_6,left,1,FRONTAL_I_2_GAPMAP_LEFT.nii.gz,JULICH_BRAIN_CYTOARCHITECTONIC_ATLAS_V3_1_FRONTAL_I_2_GAPMAP,Frontal-I.2 (GapMap) left,left,2044.7116931352878,0.3898393549617531,0.2566036174549282,0.6195087557437229,0.6109241122859115,same
11,NGIQ-BR-00000029,SFG_L_7_6,left,2,FRONTAL_TO_OCCIPITAL_GAPMAP_LEFT.nii.gz,JULICH_BRAIN_CYTOARCHITECTONIC_ATLAS_V3_1_FRONTAL_TO_OCCIPITAL_GAPMAP,Frontal-to-Occipital (GapMap) left,left,1182.1575440994407,0.028217301675867924,0.1483563199819191,0.12125394632925049,0.06417801263429436,same
11,NGIQ-BR-00000029,SFG_L_7_6,left,3,AREA_P32_PACC_LEFT.nii.gz,JULICH_BRAIN_CYTOARCHITECTONIC_ATLAS_V3_1_AREA_P32_PACC,Area p32 (pACC) left,left,482.6740513840513,0.11765668906268416,0.06057377578100375,0.21338646271324052,0.20874882416848284,same
11,NGIQ-BR-00000029,SFG_L_7_6,left,4,AREA_SFG2_SFG_LEFT.nii.gz,JULICH_BRAIN_CYTOARCHITECTONIC_ATLAS_V3_1_AREA_SFG2_SFG,Area SFG2 (SFG) left,left,207.19898376708588,0.14132182247158895,0.02600269218693285,0.15802419760222808,0.12161340305431212,same
11,NGIQ-BR-00000029,SFG_L_7_6,left,5,AREA_P24C_PACC_LEFT.nii.gz,JULICH_BRAIN_CYTOARCHITECTONIC_ATLAS_V3_1_AREA_P24C_PACC,Area p24c (pACC) left,left,150.00902578227763,0.115737560377664,0.01882556782741261,0.12944923502745131,0.09167301955030879,same
11,NGIQ-BR-00000029,SFG_L_7_6,left,6,AREA_6D2_PRECG_LEFT.nii.gz,JULICH_BRAIN_CYTOARCHITECTONIC_ATLAS_V3_1_AREA_6D2_PRECG,Area 6d2 (PreCG) left,left,106.86082689888195,0.03328725116950538,0.01341063135626315,0.05778146415435425,0.05320645064992783,same
11,NGIQ-BR-00000029,SFG_L_7_6,left,7,AREA_8D1_SFG_LEFT.nii.gz,JULICH_BRAIN_CYTOARCHITECTONIC_ATLAS_V3_1_AREA_8D1_SFG,Area 8d1 (SFG) left,left,75.51756121744442,0.05628878759407161,0.009477169546605652,0.06167545306363032,0.04537348957710282,same
11,NGIQ-BR-00000029,SFG_L_7_6,left,8,AREA_6D3_SFS_LEFT.nii.gz,JULICH_BRAIN_CYTOARCHITECTONIC_ATLAS_V3_1_AREA_6D3_SFS,Area 6d3 (SFS) left,left,70.82085020135973,0.0208302175724387,0.008887750001095183,0.0389358208894967,0.035617175101222795,same
11,NGIQ-BR-00000029,SFG_L_7_6,left,9,AREA_SFG3_SFG_LEFT.nii.gz,JULICH_BRAIN_CYTOARCHITECTONIC_ATLAS_V3_1_AREA_SFG3_SFG,Area SFG3 (SFG) left,left,68.13800331036617,0.023261050516076947,0.008551062819416751,0.04002649160724146,0.03558378803620835,same
11,NGIQ-BR-00000029,SFG_L_7_6,left,10,AREA_SFG4_SFG_LEFT.nii.gz,JULICH_BRAIN_CYTOARCHITECTONIC_ATLAS_V3_1_AREA_SFG4_SFG,Area SFG4 (SFG) left,left,66.36007401737395,0.01847942742255149,0.008327939388523014,0.03371638430179986,0.0317567058257926,same
12,NGIQ-BR-00000030,SFG_R_7_6,right,1,FRONTAL_I_2_GAPMAP_RIGHT.nii.gz,JULICH_BRAIN_CYTOARCHITECTONIC_ATLAS_V3_1_FRONTAL_I_2_GAPMAP,Frontal-I.2 (GapMap) right,right,2400.5863354435055,0.3739507977888638,0.28213595707319966,0.5636371639477826,0.5550555929654473,same
12,NGIQ-BR-00000030,SFG_R_7_6,right,2,FRONTAL_TO_OCCIPITAL_GAPMAP_RIGHT.nii.gz,JULICH_BRAIN_CYTOARCHITECTONIC_ATLAS_V3_1_FRONTAL_TO_OCCIPITAL_GAPMAP,Frontal-to-Occipital (GapMap) right,right,991.6508144085038,0.02820714260598542,0.11654667340005168,0.09820069866941664,0.06176147888334477,same
12,NGIQ-BR-00000030,SFG_R_7_6,right,3,AREA_P32_PACC_RIGHT.nii.gz,JULICH_BRAIN_CYTOARCHITECTONIC_ATLAS_V3_1_AREA_P32_PACC,Area p32 (pACC) right,right,681.0658846343038,0.18981240586893192,0.08004426766667595,0.29177807609891876,0.26719143500083625,same
12,NGIQ-BR-00000030,SFG_R_7_6,right,4,AREA_P24C_PACC_RIGHT.nii.gz,JULICH_BRAIN_CYTOARCHITECTONIC_ATLAS_V3_1_AREA_P24C_PACC,Area p24c (pACC) right,right,389.2680940662602,0.23531512633144022,0.045749875626595334,0.25974245992662437,0.18529064613646684,same
12,NGIQ-BR-00000030,SFG_R_7_6,right,5,AREA_SFG2_SFG_RIGHT.nii.gz,JULICH_BRAIN_CYTOARCHITECTONIC_ATLAS_V3_1_AREA_SFG2_SFG,Area SFG2 (SFG) right,right,161.15152641760687,0.07500067161789185,0.018939806274969332,0.08410916457480762,0.07005817363897164,same
12,NGIQ-BR-00000030,SFG_R_7_6,right,6,AREA_8D1_SFG_RIGHT.nii.gz,JULICH_BRAIN_CYTOARCHITECTONIC_ATLAS_V3_1_AREA_8D1_SFG,Area 8d1 (SFG) right,right,98.8793521555867,0.06903198130809811,0.011621086166867807,0.06899476313439667,0.047676403296842224,same
12,NGIQ-BR-00000030,SFG_R_7_6,right,7,AREA_6D1_PRECG_RIGHT.nii.gz,JULICH_BRAIN_CYTOARCHITECTONIC_ATLAS_V3_1_AREA_6D1_PRECG,Area 6d1 (PreCG) right,right,57.59278196569512,0.015733790914521623,0.006768760790016546,0.02206440609547004,0.02101959467454382,same
12,NGIQ-BR-00000030,SFG_R_7_6,right,8,FRONTAL_I_2_GAPMAP_LEFT.nii.gz,JULICH_BRAIN_CYTOARCHITECTONIC_ATLAS_V3_1_FRONTAL_I_2_GAPMAP,Frontal-I.2 (GapMap) left,left,40.836264301589885,0.007785734775140327,0.004799401855253267,0.010936279517919235,0.01092567935004702,opposite
12,NGIQ-BR-00000030,SFG_R_7_6,right,9,AREA_SFG3_SFG_RIGHT.nii.gz,JULICH_BRAIN_CYTOARCHITECTONIC_ATLAS_V3_1_AREA_SFG3_SFG,Area SFG3 (SFG) right,right,35.912217564531346,0.018544062451188517,0.004220688805728008,0.022849216144371385,0.016842556616363774,same
12,NGIQ-BR-00000030,SFG_R_7_6,right,10,AREA_P24AB_PACC_RIGHT.nii.gz,JULICH_BRAIN_CYTOARCHITECTONIC_ATLAS_V3_1_AREA_P24AB_PACC,Area p24ab (pACC) right,right,31.37991052186565,0.034774401614590306,0.0036880161139142193,0.03231089879848744,0.016356102348578008,same
13,NGIQ-BR-00000031,SFG_L_7_7,left,1,AREA_P32_PACC_LEFT.nii.gz,JULICH_BRAIN_CYTOARCHITECTONIC_ATLAS_V3_1_AREA_P32_PACC,Area p32 (pACC) left,left,1873.9706316817162,0.45679932304656484,0.1984277140549568,0.5713391979714185,0.48657936348477493,same
13,NGIQ-BR-00000031,SFG_L_7_7,left,2,AREA_FP1_FPOLE_LEFT.nii.gz,JULICH_BRAIN_CYTOARCHITECTONIC_ATLAS_V3_1_AREA_FP1_FPOLE,Area Fp1 (FPole) left,left,680.071303257455,0.14083526935230464,0.07201019686133041,0.1850702907092554,0.16647447280321512,same
13,NGIQ-BR-00000031,SFG_L_7_7,left,3,FRONTAL_TO_OCCIPITAL_GAPMAP_LEFT.nii.gz,JULICH_BRAIN_CYTOARCHITECTONIC_ATLAS_V3_1_FRONTAL_TO_OCCIPITAL_GAPMAP,Frontal-to-Occipital (GapMap) left,left,655.041640284299,0.01563540127660229,0.06935989982712754,0.04633484988085374,0.03281924848871865,same
13,NGIQ-BR-00000031,SFG_L_7_7,left,4,AREA_FP2_FPOLE_LEFT.nii.gz,JULICH_BRAIN_CYTOARCHITECTONIC_ATLAS_V3_1_AREA_FP2_FPOLE,Area Fp2 (FPole) left,left,592.7575367398643,0.2910854917922916,0.06276486995881342,0.24817734005000056,0.1732776368232805,same
13,NGIQ-BR-00000031,SFG_L_7_7,left,5,FRONTAL_I_2_GAPMAP_LEFT.nii.gz,JULICH_BRAIN_CYTOARCHITECTONIC_ATLAS_V3_1_FRONTAL_I_2_GAPMAP,Frontal-I.2 (GapMap) left,left,445.0995619332734,0.08486151211458126,0.04712992141292147,0.09300169479255908,0.0910967835700826,same
13,NGIQ-BR-00000031,SFG_L_7_7,left,6,AREA_P24C_PACC_LEFT.nii.gz,JULICH_BRAIN_CYTOARCHITECTONIC_ATLAS_V3_1_AREA_P24C_PACC,Area p24c (pACC) left,left,323.85835401447275,0.24986880360094432,0.03429214512664113,0.19273275519555763,0.10198849354305697,same
13,NGIQ-BR-00000031,SFG_L_7_7,left,7,AREA_SFG3_SFG_LEFT.nii.gz,JULICH_BRAIN_CYTOARCHITECTONIC_ATLAS_V3_1_AREA_SFG3_SFG,Area SFG3 (SFG) left,left,145.54399667708836,0.049686020936020495,0.01541110733904072,0.0589618017921823,0.042138392271405485,same
13,NGIQ-BR-00000031,SFG_L_7_7,left,8,AREA_SFG2_SFG_LEFT.nii.gz,JULICH_BRAIN_CYTOARCHITECTONIC_ATLAS_V3_1_AREA_SFG2_SFG,Area SFG2 (SFG) left,left,85.92969686554724,0.05860907782791639,0.009098772963781386,0.045195748194836974,0.026498262879155663,same
13,NGIQ-BR-00000031,SFG_L_7_7,left,9,AREA_P24AB_PACC_LEFT.nii.gz,JULICH_BRAIN_CYTOARCHITECTONIC_ATLAS_V3_1_AREA_P24AB_PACC,Area p24ab (pACC) left,left,32.83663902748113,0.03480517011116912,0.003476948416007789,0.024124893112727037,0.010617352148835623,same
13,NGIQ-BR-00000031,SFG_L_7_7,left,10,AREA_6D3_SFS_LEFT.nii.gz,JULICH_BRAIN_CYTOARCHITECTONIC_ATLAS_V3_1_AREA_6D3_SFS,Area 6d3 (SFS) left,left,12.690232723162048,0.0037325209725210477,0.0013437210954702619,0.004811451514348164,0.0035975330949401677,same
14,NGIQ-BR-00000032,SFG_R_7_7,right,1,AREA_P32_PACC_RIGHT.nii.gz,JULICH_BRAIN_CYTOARCHITECTONIC_ATLAS_V3_1_AREA_P32_PACC,Area p32 (pACC) right,right,1337.383585723818,0.37272751682777633,0.15425529173584693,0.47609103975555284,0.3992311306746529,same
14,NGIQ-BR-00000032,SFG_R_7_7,right,2,AREA_FP2_FPOLE_RIGHT.nii.gz,JULICH_BRAIN_CYTOARCHITECTONIC_ATLAS_V3_1_AREA_FP2_FPOLE,Area Fp2 (FPole) right,right,689.4772147711988,0.3878661822914782,0.07952505926128052,0.3492997952976597,0.23262301431039759,same
14,NGIQ-BR-00000032,SFG_R_7_7,right,3,AREA_FP1_FPOLE_RIGHT.nii.gz,JULICH_BRAIN_CYTOARCHITECTONIC_ATLAS_V3_1_AREA_FP1_FPOLE,Area Fp1 (FPole) right,right,523.74418544108,0.0959250077496104,0.06040922962011833,0.1397942792230418,0.13280614189589107,same
14,NGIQ-BR-00000032,SFG_R_7_7,right,4,AREA_P24C_PACC_RIGHT.nii.gz,JULICH_BRAIN_CYTOARCHITECTONIC_ATLAS_V3_1_AREA_P24C_PACC,Area p24c (pACC) right,right,509.8881904314752,0.30823076891030426,0.05881106393653081,0.2827089667940591,0.17571636516800226,same
14,NGIQ-BR-00000032,SFG_R_7_7,right,5,FRONTAL_I_2_GAPMAP_RIGHT.nii.gz,JULICH_BRAIN_CYTOARCHITECTONIC_ATLAS_V3_1_FRONTAL_I_2_GAPMAP,Frontal-I.2 (GapMap) right,right,187.91189419800756,0.029271933157271446,0.021673964275897146,0.03666123164889599,0.036659550620026536,same
14,NGIQ-BR-00000032,SFG_R_7_7,right,6,FRONTAL_TO_OCCIPITAL_GAPMAP_RIGHT.nii.gz,JULICH_BRAIN_CYTOARCHITECTONIC_ATLAS_V3_1_FRONTAL_TO_OCCIPITAL_GAPMAP,Frontal-to-Occipital (GapMap) right,right,187.7330009303449,0.005339996147989269,0.021653330529911734,0.015447809911853412,0.011136761585555445,same
14,NGIQ-BR-00000032,SFG_R_7_7,right,7,AREA_SFG2_SFG_RIGHT.nii.gz,JULICH_BRAIN_CYTOARCHITECTONIC_ATLAS_V3_1_AREA_SFG2_SFG,Area SFG2 (SFG) right,right,112.49921773612986,0.05235766036017724,0.012975783340834988,0.048789783156154815,0.03627637758185182,same
14,NGIQ-BR-00000032,SFG_R_7_7,right,8,AREA_SFG3_SFG_RIGHT.nii.gz,JULICH_BRAIN_CYTOARCHITECTONIC_ATLAS_V3_1_AREA_SFG3_SFG,Area SFG3 (SFG) right,right,77.98212243689122,0.04026778201450261,0.008994543656054203,0.04122822363820982,0.02658649561455014,same
14,NGIQ-BR-00000032,SFG_R_7_7,right,9,AREA_P24AB_PACC_RIGHT.nii.gz,JULICH_BRAIN_CYTOARCHITECTONIC_ATLAS_V3_1_AREA_P24AB_PACC,Area p24ab (pACC) right,right,33.416313722942895,0.03703109073784811,0.0038542743286918307,0.028590803929205575,0.01228784175854396,same
14,NGIQ-BR-00000032,SFG_R_7_7,right,10,AREA_8D1_SFG_RIGHT.nii.gz,JULICH_BRAIN_CYTOARCHITECTONIC_ATLAS_V3_1_AREA_8D1_SFG,Area 8d1 (SFG) right,right,29.521935633280858,0.02061054875853952,0.0034050924823142395,0.01711692840705488,0.010268908543958101,same
15,NGIQ-BR-00000033,MFG_L_7_1,left,1,AREA_SFG4_SFG_LEFT.nii.gz,JULICH_BRAIN_CYTOARCHITECTONIC_ATLAS_V3_1_AREA_SFG4_SFG,Area SFG4 (SFG) left,left,1438.3604861740223,0.40054322731405795,0.17216245452929388,0.6465472596927129,0.5806496483723391,same
15,NGIQ-BR-00000033,MFG_L_7_1,left,2,AREA_MFG4_MFG_LEFT.nii.gz,JULICH_BRAIN_CYTOARCHITECTONIC_ATLAS_V3_1_AREA_MFG4_MFG,Area MFG4 (MFG) left,left,1334.4059444034892,0.36778929037392,0.15971976770445734,0.5946410883614359,0.5360580840373663,same
15,NGIQ-BR-00000033,MFG_L_7_1,left,3,AREA_SFG3_SFG_LEFT.nii.gz,JULICH_BRAIN_CYTOARCHITECTONIC_ATLAS_V3_1_AREA_SFG3_SFG,Area SFG3 (SFG) left,left,648.746587616468,0.2214700521519891,0.07765077389510669,0.33715655410360906,0.28177235721861676,same
15,NGIQ-BR-00000033,MFG_L_7_1,left,4,AREA_8V2_MFG_LEFT.nii.gz,JULICH_BRAIN_CYTOARCHITECTONIC_ATLAS_V3_1_AREA_8V2_MFG,Area 8v2 (MFG) left,left,440.43218632379984,0.2622173643247041,0.0527168863300064,0.26248786417117786,0.2022159332308867,same
15,NGIQ-BR-00000033,MFG_L_7_1,left,5,AREA_8V1_MFG_LEFT.nii.gz,JULICH_BRAIN_CYTOARCHITECTONIC_ATLAS_V3_1_AREA_8V1_MFG,Area 8v1 (MFG) left,left,340.83751338164916,0.12685945783561492,0.04079604762748352,0.18525142521741716,0.15095376821100548,same
15,NGIQ-BR-00000033,MFG_L_7_1,left,6,AREA_SFS2_SFS_LEFT.nii.gz,JULICH_BRAIN_CYTOARCHITECTONIC_ATLAS_V3_1_AREA_SFS2_SFS,Area SFS2 (SFS) left,left,339.36623495026276,0.6137246147923923,0.040619945107650504,0.4137259836431939,0.18073760527520139,same
15,NGIQ-BR-00000033,MFG_L_7_1,left,7,AREA_SFS1_SFS_LEFT.nii.gz,JULICH_BRAIN_CYTOARCHITECTONIC_ATLAS_V3_1_AREA_SFS1_SFS,Area SFS1 (SFS) left,left,298.50850751877647,0.4644479160836961,0.035729539184581716,0.34504048351055117,0.15808524101628876,same
15,NGIQ-BR-00000033,MFG_L_7_1,left,8,AREA_MFG1_MFG_LEFT.nii.gz,JULICH_BRAIN_CYTOARCHITECTONIC_ATLAS_V3_1_AREA_MFG1_MFG,Area MFG1 (MFG) left,left,271.8525423644972,0.30741452248060636,0.03253899242462795,0.2568104265331745,0.14009841458788666,same
15,NGIQ-BR-00000033,MFG_L_7_1,left,9,AREA_MFG2_MFG_LEFT.nii.gz,JULICH_BRAIN_CYTOARCHITECTONIC_ATLAS_V3_1_AREA_MFG2_MFG,Area MFG2 (MFG) left,left,270.5500246834599,0.27156612771687566,0.03238308947596474,0.24291260975909523,0.13822962432126837,same
15,NGIQ-BR-00000033,MFG_L_7_1,left,10,AREA_8D2_SFG_LEFT.nii.gz,JULICH_BRAIN_CYTOARCHITECTONIC_ATLAS_V3_1_AREA_8D2_SFG,Area 8d2 (SFG) left,left,155.31639983296574,0.08794995577220098,0.018590369299578666,0.09239025556421138,0.07126159089570468,same
16,NGIQ-BR-00000034,MFG_R_7_1,right,1,AREA_MFG4_MFG_RIGHT.nii.gz,JULICH_BRAIN_CYTOARCHITECTONIC_ATLAS_V3_1_AREA_MFG4_MFG,Area MFG4 (MFG) right,right,1532.1560533535978,0.43615427006456375,0.1661030757326098,0.6749995921691333,0.5788917832541498,same
16,NGIQ-BR-00000034,MFG_R_7_1,right,2,AREA_SFG4_SFG_RIGHT.nii.gz,JULICH_BRAIN_CYTOARCHITECTONIC_ATLAS_V3_1_AREA_SFG4_SFG,Area SFG4 (SFG) right,right,879.2215831479698,0.526763431656536,0.09531758132059426,0.5184686694530587,0.37212588898703497,same
16,NGIQ-BR-00000034,MFG_R_7_1,right,3,AREA_8V1_MFG_RIGHT.nii.gz,JULICH_BRAIN_CYTOARCHITECTONIC_ATLAS_V3_1_AREA_8V1_MFG,Area 8v1 (MFG) right,right,540.7018809322493,0.23573812255517115,0.05861821012335661,0.2957765062657824,0.22335223178211072,same
16,NGIQ-BR-00000034,MFG_R_7_1,right,4,AREA_8V2_MFG_RIGHT.nii.gz,JULICH_BRAIN_CYTOARCHITECTONIC_ATLAS_V3_1_AREA_8V2_MFG,Area 8v2 (MFG) right,right,366.8754434211392,0.38350754899125256,0.03977345481854287,0.3057329321747136,0.16801567485580565,same
16,NGIQ-BR-00000034,MFG_R_7_1,right,5,AREA_SFS2_SFS_RIGHT.nii.gz,JULICH_BRAIN_CYTOARCHITECTONIC_ATLAS_V3_1_AREA_SFS2_SFS,Area SFS2 (SFS) right,right,342.94199810956536,0.3012327698824808,0.03717879817738077,0.2589247766405405,0.15428461261063103,same
16,NGIQ-BR-00000034,MFG_R_7_1,right,6,AREA_SFG3_SFG_RIGHT.nii.gz,JULICH_BRAIN_CYTOARCHITECTONIC_ATLAS_V3_1_AREA_SFG3_SFG,Area SFG3 (SFG) right,right,326.8967544371159,0.1688003203500258,0.0354393119683621,0.1963841158857644,0.1391281770374539,same
16,NGIQ-BR-00000034,MFG_R_7_1,right,7,AREA_MFG1_MFG_RIGHT.nii.gz,JULICH_BRAIN_CYTOARCHITECTONIC_ATLAS_V3_1_AREA_MFG1_MFG,Area MFG1 (MFG) right,right,270.82055234939475,0.24310515830206603,0.029360016310595153,0.223295166132536,0.12380670144691966,same
16,NGIQ-BR-00000034,MFG_R_7_1,right,8,AREA_SFS1_SFS_RIGHT.nii.gz,JULICH_BRAIN_CYTOARCHITECTONIC_ATLAS_V3_1_AREA_SFS1_SFS,Area SFS1 (SFS) right,right,237.7692746330761,0.20339234984303545,0.02577688333040243,0.17070505452577175,0.1058648793823774,same
16,NGIQ-BR-00000034,MFG_R_7_1,right,9,AREA_MFG5_MFG_IFG_RIGHT.nii.gz,JULICH_BRAIN_CYTOARCHITECTONIC_ATLAS_V3_1_AREA_MFG5_MFG_IFG,"Area MFG5 (MFG, IFG) right",right,215.88262542665007,0.1067662376983721,0.023404122577533455,0.11794130306210533,0.08913696823157613,same
16,NGIQ-BR-00000034,MFG_R_7_1,right,10,AREA_8D2_SFG_RIGHT.nii.gz,JULICH_BRAIN_CYTOARCHITECTONIC_ATLAS_V3_1_AREA_8D2_SFG,Area 8d2 (SFG) right,right,135.80469926405056,0.1121847898133751,0.014722768087053955,0.099745956104018,0.060757473024069246,same
17,NGIQ-BR-00000035,MFG_L_7_2,left,1,FRONTAL_II_GAPMAP_LEFT.nii.gz,JULICH_BRAIN_CYTOARCHITECTONIC_ATLAS_V3_1_FRONTAL_II_GAPMAP,Frontal-II (GapMap) left,left,1736.3343550746526,0.4633363349236283,0.2550508141224417,0.5711702588887209,0.56641649134917,same
17,NGIQ-BR-00000035,MFG_L_7_2,left,2,AREA_6V2_PRECG_LEFT.nii.gz,JULICH_BRAIN_CYTOARCHITECTONIC_ATLAS_V3_1_AREA_6V2_PRECG,Area 6v2 (PreCG) left,left,756.8382479840939,0.31628535557543697,0.11117225823654583,0.38298459351599234,0.32986519951924126,same
17,NGIQ-BR-00000035,MFG_L_7_2,left,3,AREA_IFJ2_IFS_PRECS_LEFT.nii.gz,JULICH_BRAIN_CYTOARCHITECTONIC_ATLAS_V3_1_AREA_IFJ2_IFS_PRECS,"Area IFJ2 (IFS, PreCS) left",left,452.3924825467056,0.3782197578300702,0.06645210390452069,0.3846201639523966,0.23440161480156727,same
17,NGIQ-BR-00000035,MFG_L_7_2,left,4,AREA_IFJ1_IFS_PRECS_LEFT.nii.gz,JULICH_BRAIN_CYTOARCHITECTONIC_ATLAS_V3_1_AREA_IFJ1_IFS_PRECS,"Area IFJ1 (IFS, PreCS) left",left,440.23668114357815,0.3895394906640464,0.06466653361092073,0.3845928329958871,0.22935962335217852,same
17,NGIQ-BR-00000035,MFG_L_7_2,left,5,AREA_44_IFG_LEFT.nii.gz,JULICH_BRAIN_CYTOARCHITECTONIC_ATLAS_V3_1_AREA_44_IFG,Area 44 (IFG) left,left,423.84270029467467,0.08281430190442685,0.062258415525829454,0.17737440211342095,0.16587666686387256,same
17,NGIQ-BR-00000035,MFG_L_7_2,left,6,AREA_IFS3_IFS_LEFT.nii.gz,JULICH_BRAIN_CYTOARCHITECTONIC_ATLAS_V3_1_AREA_IFS3_IFS,Area IFS3 (IFS) left,left,244.32225703364335,0.5420735050791334,0.035888589304554776,0.3159569776410078,0.13450300761816544,same
17,NGIQ-BR-00000035,MFG_L_7_2,left,7,AREA_6V1_PRECG_LEFT.nii.gz,JULICH_BRAIN_CYTOARCHITECTONIC_ATLAS_V3_1_AREA_6V1_PRECG,Area 6v1 (PreCG) left,left,226.53837827904388,0.08776560391175638,0.03327630858721541,0.1104370614912569,0.09688949380982756,same
17,NGIQ-BR-00000035,MFG_L_7_2,left,8,AREA_8V1_MFG_LEFT.nii.gz,JULICH_BRAIN_CYTOARCHITECTONIC_ATLAS_V3_1_AREA_8V1_MFG,Area 8v1 (MFG) left,left,213.32423651194392,0.07939911519304828,0.03133527827483454,0.11771729828675953,0.09676246498894556,same
17,NGIQ-BR-00000035,MFG_L_7_2,left,9,AREA_45_IFG_LEFT.nii.gz,JULICH_BRAIN_CYTOARCHITECTONIC_ATLAS_V3_1_AREA_45_IFG,Area 45 (IFG) left,left,196.9059917698881,0.05942714562843806,0.028923596057245288,0.09672692368065305,0.08454900010198395,same
17,NGIQ-BR-00000035,MFG_L_7_2,left,10,AREA_6V3_PRECG_LEFT.nii.gz,JULICH_BRAIN_CYTOARCHITECTONIC_ATLAS_V3_1_AREA_6V3_PRECG,Area 6v3 (PreCG) left,left,156.71661032054536,0.053088181638868796,0.023020162523390276,0.08151585657574574,0.06921581840529462,same
18,NGIQ-BR-00000036,MFG_R_7_2,right,1,FRONTAL_II_GAPMAP_RIGHT.nii.gz,JULICH_BRAIN_CYTOARCHITECTONIC_ATLAS_V3_1_FRONTAL_II_GAPMAP,Frontal-II (GapMap) right,right,2279.041414015159,0.43070925381941344,0.3424917830521534,0.6117663303019519,0.6116595224531037,same
18,NGIQ-BR-00000036,MFG_R_7_2,right,2,AREA_6V2_PRECG_RIGHT.nii.gz,JULICH_BRAIN_CYTOARCHITECTONIC_ATLAS_V3_1_AREA_6V2_PRECG,Area 6v2 (PreCG) right,right,1355.885458160515,0.3115335671474663,0.20376094322996446,0.5421021424907562,0.505238559127326,same
18,NGIQ-BR-00000036,MFG_R_7_2,right,3,AREA_6V1_PRECG_RIGHT.nii.gz,JULICH_BRAIN_CYTOARCHITECTONIC_ATLAS_V3_1_AREA_6V1_PRECG,Area 6v1 (PreCG) right,right,335.93454662227686,0.12316533589141154,0.05048386622285183,0.1625272646945517,0.13925284699303306,same
18,NGIQ-BR-00000036,MFG_R_7_2,right,4,AREA_IFS3_IFS_RIGHT.nii.gz,JULICH_BRAIN_CYTOARCHITECTONIC_ATLAS_V3_1_AREA_IFS3_IFS,Area IFS3 (IFS) right,right,287.0853742176321,0.21473772620794643,0.04314286747899243,0.23063466263819477,0.14072340195691713,same
18,NGIQ-BR-00000036,MFG_R_7_2,right,5,AREA_IFJ1_IFS_PRECS_RIGHT.nii.gz,JULICH_BRAIN_CYTOARCHITECTONIC_ATLAS_V3_1_AREA_IFJ1_IFS_PRECS,"Area IFJ1 (IFS, PreCS) right",right,278.659517823049,0.3270988149445686,0.041876639246992885,0.33422602909255245,0.14489029643608478,same
18,NGIQ-BR-00000036,MFG_R_7_2,right,6,AREA_6V3_PRECG_RIGHT.nii.gz,JULICH_BRAIN_CYTOARCHITECTONIC_ATLAS_V3_1_AREA_6V3_PRECG,Area 6v3 (PreCG) right,right,262.7632917155569,0.09829035789781138,0.039487772247966534,0.1545774977040814,0.11818445874886692,same
18,NGIQ-BR-00000036,MFG_R_7_2,right,7,AREA_IFS4_IFS_RIGHT.nii.gz,JULICH_BRAIN_CYTOARCHITECTONIC_ATLAS_V3_1_AREA_IFS4_IFS,Area IFS4 (IFS) right,right,249.64520082573077,0.3095962579472693,0.037516400288041776,0.2976893675342727,0.12972913703790342,same
18,NGIQ-BR-00000036,MFG_R_7_2,right,8,AREA_45_IFG_RIGHT.nii.gz,JULICH_BRAIN_CYTOARCHITECTONIC_ATLAS_V3_1_AREA_45_IFG,Area 45 (IFG) right,right,241.94777601918247,0.05118640801418876,0.036359639936653504,0.09067986413638496,0.0863575403292316,same
18,NGIQ-BR-00000036,MFG_R_7_2,right,9,AREA_IFS1_IFS_RIGHT.nii.gz,JULICH_BRAIN_CYTOARCHITECTONIC_ATLAS_V3_1_AREA_IFS1_IFS,Area IFS1 (IFS) right,right,130.5421180323303,0.1242918517147241,0.01961772282563712,0.11573907479121058,0.06520090877314588,same
18,NGIQ-BR-00000036,MFG_R_7_2,right,10,AREA_8V1_MFG_RIGHT.nii.gz,JULICH_BRAIN_CYTOARCHITECTONIC_ATLAS_V3_1_AREA_8V1_MFG,Area 8v1 (MFG) right,right,113.67575561780701,0.0495609690929484,0.017083064832399138,0.06510363607425951,0.05063283749262788,same
19,NGIQ-BR-00000037,MFG_L_7_3,left,1,FRONTAL_I_1_GAPMAP_LEFT.nii.gz,JULICH_BRAIN_CYTOARCHITECTONIC_ATLAS_V3_1_FRONTAL_I_1_GAPMAP,Frontal-I.1 (GapMap) left,left,1209.7454425264125,0.20187513349486452,0.13536855059033062,0.3199222065199219,0.3159149403162942,same
19,NGIQ-BR-00000037,MFG_L_7_3,left,2,AREA_SFG3_SFG_LEFT.nii.gz,JULICH_BRAIN_CYTOARCHITECTONIC_ATLAS_V3_1_AREA_SFG3_SFG,Area SFG3 (SFG) left,left,694.3996333344842,0.23705515519386214,0.0777021913789056,0.3795113956080995,0.3257645630775478,same
19,NGIQ-BR-00000037,MFG_L_7_3,left,3,AREA_FP1_FPOLE_LEFT.nii.gz,JULICH_BRAIN_CYTOARCHITECTONIC_ATLAS_V3_1_AREA_FP1_FPOLE,Area Fp1 (FPole) left,left,693.7782166481184,0.14367382000150322,0.07763265586078015,0.25470754248910843,0.25111543616400817,same
19,NGIQ-BR-00000037,MFG_L_7_3,left,4,AREA_MFG2_MFG_LEFT.nii.gz,JULICH_BRAIN_CYTOARCHITECTONIC_ATLAS_V3_1_AREA_MFG2_MFG,Area MFG2 (MFG) left,left,475.25485952824357,0.4770397712279457,0.053180247045191816,0.44873285281291897,0.2660298487450913,same
19,NGIQ-BR-00000037,MFG_L_7_3,left,5,AREA_SFG4_SFG_LEFT.nii.gz,JULICH_BRAIN_CYTOARCHITECTONIC_ATLAS_V3_1_AREA_SFG4_SFG,Area SFG4 (SFG) left,left,416.51639443953985,0.11598818408992632,0.04660750818340854,0.19688990522392003,0.18059325083222968,same
19,NGIQ-BR-00000037,MFG_L_7_3,left,6,AREA_MFG4_MFG_LEFT.nii.gz,JULICH_BRAIN_CYTOARCHITECTONIC_ATLAS_V3_1_AREA_MFG4_MFG,Area MFG4 (MFG) left,left,413.18527863498866,0.11388222681370387,0.04623476173406551,0.19362909005764092,0.17821118534845928,same
19,NGIQ-BR-00000037,MFG_L_7_3,left,7,AREA_MFG1_MFG_LEFT.nii.gz,JULICH_BRAIN_CYTOARCHITECTONIC_ATLAS_V3_1_AREA_MFG1_MFG,Area MFG1 (MFG) left,left,294.31420765839584,0.3328144766262801,0.03293328191892633,0.2923811022912966,0.1663110577905161,same
19,NGIQ-BR-00000037,MFG_L_7_3,left,8,AREA_SFS1_SFS_LEFT.nii.gz,JULICH_BRAIN_CYTOARCHITECTONIC_ATLAS_V3_1_AREA_SFS1_SFS,Area SFS1 (SFS) left,left,243.0779726009012,0.3782038199136988,0.027200030415243062,0.2954729745373958,0.14153037085811523,same
19,NGIQ-BR-00000037,MFG_L_7_3,left,9,FRONTAL_II_GAPMAP_LEFT.nii.gz,JULICH_BRAIN_CYTOARCHITECTONIC_ATLAS_V3_1_FRONTAL_II_GAPMAP,Frontal-II (GapMap) left,left,156.46152934793878,0.04175135471618473,0.017507791066147808,0.053310493129661525,0.053074332029893714,same
19,NGIQ-BR-00000037,MFG_L_7_3,left,10,AREA_SFS2_SFS_LEFT.nii.gz,JULICH_BRAIN_CYTOARCHITECTONIC_ATLAS_V3_1_AREA_SFS2_SFS,Area SFS2 (SFS) left,left,139.10442682460146,0.2515624772787342,0.015565559478876799,0.17833801819472445,0.08149560179569423,same
20,NGIQ-BR-00000038,MFG_R_7_3,right,1,AREA_MFG2_MFG_RIGHT.nii.gz,JULICH_BRAIN_CYTOARCHITECTONIC_ATLAS_V3_1_AREA_MFG2_MFG,Area MFG2 (MFG) right,right,762.0372628616402,0.5988839003447335,0.08065773941482365,0.5478668488428178,0.3172352573410226,same
20,NGIQ-BR-00000038,MFG_R_7_3,right,2,AREA_FP1_FPOLE_RIGHT.nii.gz,JULICH_BRAIN_CYTOARCHITECTONIC_ATLAS_V3_1_AREA_FP1_FPOLE,Area Fp1 (FPole) right,right,744.5967702526638,0.13637469005344563,0.07881175264137057,0.21650739418529447,0.21054714154969062,same
20,NGIQ-BR-00000038,MFG_R_7_3,right,3,FRONTAL_I_1_GAPMAP_RIGHT.nii.gz,JULICH_BRAIN_CYTOARCHITECTONIC_ATLAS_V3_1_FRONTAL_I_1_GAPMAP,Frontal-I.1 (GapMap) right,right,737.8043106553957,0.12406450068635788,0.07809280559916847,0.17107361864898132,0.17106323426917172,same
20,NGIQ-BR-00000038,MFG_R_7_3,right,4,AREA_SFG3_SFG_RIGHT.nii.gz,JULICH_BRAIN_CYTOARCHITECTONIC_ATLAS_V3_1_AREA_SFG3_SFG,Area SFG3 (SFG) right,right,687.8742100660825,0.35519895943785523,0.07280796030542858,0.3961776752704666,0.27232208274196534,same
20,NGIQ-BR-00000038,MFG_R_7_3,right,5,AREA_SFS1_SFS_RIGHT.nii.gz,JULICH_BRAIN_CYTOARCHITECTONIC_ATLAS_V3_1_AREA_SFS1_SFS,Area SFS1 (SFS) right,right,668.2797408639915,0.5716591727698099,0.07073398614707958,0.45997493461420874,0.27588427785509057,same
20,NGIQ-BR-00000038,MFG_R_7_3,right,6,AREA_SFS2_SFS_RIGHT.nii.gz,JULICH_BRAIN_CYTOARCHITECTONIC_ATLAS_V3_1_AREA_SFS2_SFS,Area SFS2 (SFS) right,right,620.439080234024,0.544980153240149,0.06567029736625216,0.4490940537417188,0.25860919143537053,same
20,NGIQ-BR-00000038,MFG_R_7_3,right,7,AREA_MFG4_MFG_RIGHT.nii.gz,JULICH_BRAIN_CYTOARCHITECTONIC_ATLAS_V3_1_AREA_MFG4_MFG,Area MFG4 (MFG) right,right,546.9480262129526,0.15569805478627036,0.05789164588365588,0.23101053799863835,0.1937433004837541,same
20,NGIQ-BR-00000038,MFG_R_7_3,right,8,AREA_MFG1_MFG_RIGHT.nii.gz,JULICH_BRAIN_CYTOARCHITECTONIC_ATLAS_V3_1_AREA_MFG1_MFG,Area MFG1 (MFG) right,right,430.26541377595856,0.38623265708785903,0.045541389266490026,0.340109969604975,0.1820230485780457,same
20,NGIQ-BR-00000038,MFG_R_7_3,right,9,AREA_SFG4_SFG_RIGHT.nii.gz,JULICH_BRAIN_CYTOARCHITECTONIC_ATLAS_V3_1_AREA_SFG4_SFG,Area SFG4 (SFG) right,right,264.1189715654709,0.1582402189551433,0.02795563973215691,0.14931691122109508,0.10402279382075917,same
20,NGIQ-BR-00000038,MFG_R_7_3,right,10,AREA_FO5_OFC_RIGHT.nii.gz,JULICH_BRAIN_CYTOARCHITECTONIC_ATLAS_V3_1_AREA_FO5_OFC,Area Fo5 (OFC) right,right,141.04658956077597,0.1435549437557576,0.01492905874893973,0.12315960576373869,0.06051749547640944,same
21,NGIQ-BR-00000039,MFG_L_7_4,left,1,FRONTAL_I_1_GAPMAP_LEFT.nii.gz,JULICH_BRAIN_CYTOARCHITECTONIC_ATLAS_V3_1_FRONTAL_I_1_GAPMAP,Frontal-I.1 (GapMap) left,left,1236.636774093962,0.20636259917088023,0.13429393075144055,0.2888408630164073,0.28866482477449323,same
21,NGIQ-BR-00000039,MFG_L_7_4,left,2,AREA_MFG4_MFG_LEFT.nii.gz,JULICH_BRAIN_CYTOARCHITECTONIC_ATLAS_V3_1_AREA_MFG4_MFG,Area MFG4 (MFG) left,left,1113.598802636207,0.3069303723507503,0.12093248690237546,0.4609147487156502,0.40156252500160294,same
21,NGIQ-BR-00000039,MFG_L_7_4,left,3,AREA_MFG5_MFG_IFG_LEFT.nii.gz,JULICH_BRAIN_CYTOARCHITECTONIC_ATLAS_V3_1_AREA_MFG5_MFG_IFG,"Area MFG5 (MFG, IFG) left",left,1004.239137728987,0.6857940935057275,0.10905645379895179,0.6312175783646097,0.42313580182502086,same
21,NGIQ-BR-00000039,MFG_L_7_4,left,4,AREA_45_IFG_LEFT.nii.gz,JULICH_BRAIN_CYTOARCHITECTONIC_ATLAS_V3_1_AREA_45_IFG,Area 45 (IFG) left,left,451.60050776314904,0.13629513708287944,0.04904205388950502,0.20294663377667685,0.1693897261031587,same
21,NGIQ-BR-00000039,MFG_L_7_4,left,5,FRONTAL_II_GAPMAP_LEFT.nii.gz,JULICH_BRAIN_CYTOARCHITECTONIC_ATLAS_V3_1_FRONTAL_II_GAPMAP,Frontal-II (GapMap) left,left,294.6054388166438,0.078614699911298,0.03199300168671355,0.08865678416755256,0.08658196127556808,same
21,NGIQ-BR-00000039,MFG_L_7_4,left,6,AREA_MFG1_MFG_LEFT.nii.gz,JULICH_BRAIN_CYTOARCHITECTONIC_ATLAS_V3_1_AREA_MFG1_MFG,Area MFG1 (MFG) left,left,258.86333312732074,0.29272614943720326,0.028111548403982757,0.22713010169760534,0.11637914046128814,same
21,NGIQ-BR-00000039,MFG_L_7_4,left,7,AREA_SFG4_SFG_LEFT.nii.gz,JULICH_BRAIN_CYTOARCHITECTONIC_ATLAS_V3_1_AREA_SFG4_SFG,Area SFG4 (SFG) left,left,235.51574371608092,0.06558455754178472,0.025576091250120152,0.09832803919639325,0.08530002510793791,same
21,NGIQ-BR-00000039,MFG_L_7_4,left,8,AREA_8V2_MFG_LEFT.nii.gz,JULICH_BRAIN_CYTOARCHITECTONIC_ATLAS_V3_1_AREA_8V2_MFG,Area 8v2 (MFG) left,left,181.54076683254019,0.10808279429722958,0.019714619264363024,0.1004914814479128,0.07374011546827323,same
21,NGIQ-BR-00000039,MFG_L_7_4,left,9,AREA_SFG3_SFG_LEFT.nii.gz,JULICH_BRAIN_CYTOARCHITECTONIC_ATLAS_V3_1_AREA_SFG3_SFG,Area SFG3 (SFG) left,left,156.33640433632385,0.05337034873482731,0.016977523794934668,0.07546429903952313,0.06044909267725118,same
21,NGIQ-BR-00000039,MFG_L_7_4,left,10,AREA_IFS1_IFS_LEFT.nii.gz,JULICH_BRAIN_CYTOARCHITECTONIC_ATLAS_V3_1_AREA_IFS1_IFS,Area IFS1 (IFS) left,left,131.07307622061012,0.3471710765698444,0.014234024889196322,0.167687468872599,0.06121732984190973,same
22,NGIQ-BR-00000040,MFG_R_7_4,right,1,FRONTAL_I_1_GAPMAP_RIGHT.nii.gz,JULICH_BRAIN_CYTOARCHITECTONIC_ATLAS_V3_1_FRONTAL_I_1_GAPMAP,Frontal-I.1 (GapMap) right,right,1740.1687397181813,0.2926157555400642,0.20452794794223497,0.42493038042888326,0.4245777422947301,same
22,NGIQ-BR-00000040,MFG_R_7_4,right,2,AREA_MFG5_MFG_IFG_RIGHT.nii.gz,JULICH_BRAIN_CYTOARCHITECTONIC_ATLAS_V3_1_AREA_MFG5_MFG_IFG,"Area MFG5 (MFG, IFG) right",right,810.0092611590339,0.40059565304930866,0.09520314221130827,0.44679469081559964,0.33979655554421867,same
22,NGIQ-BR-00000040,MFG_R_7_4,right,3,AREA_45_IFG_RIGHT.nii.gz,JULICH_BRAIN_CYTOARCHITECTONIC_ATLAS_V3_1_AREA_45_IFG,Area 45 (IFG) right,right,604.4939786459959,0.12788658751978388,0.07104823237769772,0.2184838768916378,0.2056568143133316,same
22,NGIQ-BR-00000040,MFG_R_7_4,right,4,AREA_MFG4_MFG_RIGHT.nii.gz,JULICH_BRAIN_CYTOARCHITECTONIC_ATLAS_V3_1_AREA_MFG4_MFG,Area MFG4 (MFG) right,right,533.694351108646,0.1519251708309193,0.06272691145934021,0.23739026424556678,0.20459097708347307,same
22,NGIQ-BR-00000040,MFG_R_7_4,right,5,AREA_MFG1_MFG_RIGHT.nii.gz,JULICH_BRAIN_CYTOARCHITECTONIC_ATLAS_V3_1_AREA_MFG1_MFG,Area MFG1 (MFG) right,right,250.4228094914785,0.2247948917308604,0.029433044149222057,0.20846894782684683,0.11651187188032759,same
22,NGIQ-BR-00000040,MFG_R_7_4,right,6,FRONTAL_II_GAPMAP_RIGHT.nii.gz,JULICH_BRAIN_CYTOARCHITECTONIC_ATLAS_V3_1_FRONTAL_II_GAPMAP,Frontal-II (GapMap) right,right,189.38995711845848,0.035792244322436606,0.022259645519537016,0.04902622880142252,0.04901863208396109,same
22,NGIQ-BR-00000040,MFG_R_7_4,right,7,AREA_IFS1_IFS_RIGHT.nii.gz,JULICH_BRAIN_CYTOARCHITECTONIC_ATLAS_V3_1_AREA_IFS1_IFS,Area IFS1 (IFS) right,right,188.57816704496486,0.17954917484319016,0.022164233072397885,0.16123486178938715,0.08812940785063607,same
22,NGIQ-BR-00000040,MFG_R_7_4,right,8,AREA_MFG2_MFG_RIGHT.nii.gz,JULICH_BRAIN_CYTOARCHITECTONIC_ATLAS_V3_1_AREA_MFG2_MFG,Area MFG2 (MFG) right,right,188.55512847387718,0.14818518237072187,0.022161525270814893,0.14276499312974017,0.08619044438279301,same
22,NGIQ-BR-00000040,MFG_R_7_4,right,9,AREA_FO5_OFC_RIGHT.nii.gz,JULICH_BRAIN_CYTOARCHITECTONIC_ATLAS_V3_1_AREA_FO5_OFC,Area Fo5 (OFC) right,right,143.76181765110422,0.1463184591091237,0.01689681516827383,0.1322007202673038,0.06793358512127629,same
22,NGIQ-BR-00000040,MFG_R_7_4,right,10,AREA_IFS4_IFS_RIGHT.nii.gz,JULICH_BRAIN_CYTOARCHITECTONIC_ATLAS_V3_1_AREA_IFS4_IFS,Area IFS4 (IFS) right,right,135.3716981084331,0.16788054017347095,0.015910695894961017,0.1556704448723549,0.06565091801015001,same
23,NGIQ-BR-00000041,MFG_L_7_5,left,1,AREA_8V1_MFG_LEFT.nii.gz,JULICH_BRAIN_CYTOARCHITECTONIC_ATLAS_V3_1_AREA_8V1_MFG,Area 8v1 (MFG) left,left,1165.0591035755979,0.4336340937347228,0.1647685537805765,0.7215976087647588,0.6304911070776296,same
23,NGIQ-BR-00000041,MFG_L_7_5,left,2,AREA_8V2_MFG_LEFT.nii.gz,JULICH_BRAIN_CYTOARCHITECTONIC_ATLAS_V3_1_AREA_8V2_MFG,Area 8v2 (MFG) left,left,630.1738115902536,0.3751826525688223,0.08912236919779763,0.4279800142462809,0.356434076103617,same
23,NGIQ-BR-00000041,MFG_L_7_5,left,3,AREA_MFG4_MFG_LEFT.nii.gz,JULICH_BRAIN_CYTOARCHITECTONIC_ATLAS_V3_1_AREA_MFG4_MFG,Area MFG4 (MFG) left,left,421.19307027514265,0.11608933628975691,0.059567255290866726,0.213885390992719,0.20256874668402433,same
23,NGIQ-BR-00000041,MFG_L_7_5,left,4,AREA_8D2_SFG_LEFT.nii.gz,JULICH_BRAIN_CYTOARCHITECTONIC_ATLAS_V3_1_AREA_8D2_SFG,Area 8d2 (SFG) left,left,371.50375418044257,0.21036889075793258,0.052539940774253106,0.2518285808009566,0.20994949613535033,same
23,NGIQ-BR-00000041,MFG_L_7_5,left,5,FRONTAL_II_GAPMAP_LEFT.nii.gz,JULICH_BRAIN_CYTOARCHITECTONIC_ATLAS_V3_1_FRONTAL_II_GAPMAP,Frontal-II (GapMap) left,left,342.29680926498384,0.09134101885236903,0.048409346833310746,0.12638109663833297,0.1263687118392094,same
23,NGIQ-BR-00000041,MFG_L_7_5,left,6,AREA_6D3_SFS_LEFT.nii.gz,JULICH_BRAIN_CYTOARCHITECTONIC_ATLAS_V3_1_AREA_6D3_SFS,Area 6d3 (SFS) left,left,340.8364330289749,0.1002486843411429,0.04820281303631776,0.18891461902639695,0.17337651622079456,same
23,NGIQ-BR-00000041,MFG_L_7_5,left,7,AREA_SFG4_SFG_LEFT.nii.gz,JULICH_BRAIN_CYTOARCHITECTONIC_ATLAS_V3_1_AREA_SFG4_SFG,Area SFG4 (SFG) left,left,272.4820606447955,0.07587864447400196,0.038535791811596345,0.13957363988458563,0.13181701618679778,same
23,NGIQ-BR-00000041,MFG_L_7_5,left,8,AREA_6V1_PRECG_LEFT.nii.gz,JULICH_BRAIN_CYTOARCHITECTONIC_ATLAS_V3_1_AREA_6V1_PRECG,Area 6v1 (PreCG) left,left,103.15381899562243,0.039963900548467456,0.014588535054306974,0.05644239164438445,0.052062314407626605,same
23,NGIQ-BR-00000041,MFG_L_7_5,left,9,AREA_45_IFG_LEFT.nii.gz,JULICH_BRAIN_CYTOARCHITECTONIC_ATLAS_V3_1_AREA_45_IFG,Area 45 (IFG) left,left,79.0839583997768,0.02386790706800412,0.011184453572169335,0.04360375435566606,0.040100580375049266,same
23,NGIQ-BR-00000041,MFG_L_7_5,left,10,AREA_MFG5_MFG_IFG_LEFT.nii.gz,JULICH_BRAIN_CYTOARCHITECTONIC_ATLAS_V3_1_AREA_MFG5_MFG_IFG,"Area MFG5 (MFG, IFG) left",left,58.680287105332575,0.04007272052059538,0.008298863132437885,0.045252463487246236,0.034940772272511904,same
24,NGIQ-BR-00000042,MFG_R_7_5,right,1,FRONTAL_II_GAPMAP_RIGHT.nii.gz,JULICH_BRAIN_CYTOARCHITECTONIC_ATLAS_V3_1_FRONTAL_II_GAPMAP,Frontal-II (GapMap) right,right,812.9973382610351,0.15364594726809586,0.1034603618284544,0.25703087999577273,0.25281751769571104,same
24,NGIQ-BR-00000042,MFG_R_7_5,right,2,AREA_8V1_MFG_RIGHT.nii.gz,JULICH_BRAIN_CYTOARCHITECTONIC_ATLAS_V3_1_AREA_8V1_MFG,Area 8v1 (MFG) right,right,597.6639284211608,0.2605727432684974,0.07605747691441407,0.4031412755871746,0.34450460843163494,same
24,NGIQ-BR-00000042,MFG_R_7_5,right,3,AREA_MFG4_MFG_RIGHT.nii.gz,JULICH_BRAIN_CYTOARCHITECTONIC_ATLAS_V3_1_AREA_MFG4_MFG,Area MFG4 (MFG) right,right,591.0206894809596,0.16824408770203278,0.07521207205006825,0.32106844114817706,0.301432368591492,same
24,NGIQ-BR-00000042,MFG_R_7_5,right,4,AREA_MFG5_MFG_IFG_RIGHT.nii.gz,JULICH_BRAIN_CYTOARCHITECTONIC_ATLAS_V3_1_AREA_MFG5_MFG_IFG,"Area MFG5 (MFG, IFG) right",right,565.5525936601913,0.27969792625192363,0.07197105478630395,0.38099182345890387,0.32579374719681603,same
24,NGIQ-BR-00000042,MFG_R_7_5,right,5,AREA_IFS3_IFS_RIGHT.nii.gz,JULICH_BRAIN_CYTOARCHITECTONIC_ATLAS_V3_1_AREA_IFS3_IFS,Area IFS3 (IFS) right,right,384.5829053561817,0.28766515486792843,0.048941226088508316,0.3638868092353145,0.2513910620778747,same
24,NGIQ-BR-00000042,MFG_R_7_5,right,6,AREA_8V2_MFG_RIGHT.nii.gz,JULICH_BRAIN_CYTOARCHITECTONIC_ATLAS_V3_1_AREA_8V2_MFG,Area 8v2 (MFG) right,right,331.18959975995205,0.34620390634740056,0.04214650431485658,0.3403256592657303,0.22114976099240594,same
24,NGIQ-BR-00000042,MFG_R_7_5,right,7,AREA_45_IFG_RIGHT.nii.gz,JULICH_BRAIN_CYTOARCHITECTONIC_ATLAS_V3_1_AREA_45_IFG,Area 45 (IFG) right,right,326.88137893589493,0.0691549387630114,0.041598249032438035,0.14429199334408901,0.14265268482847407,same
24,NGIQ-BR-00000042,MFG_R_7_5,right,8,AREA_IFS1_IFS_RIGHT.nii.gz,JULICH_BRAIN_CYTOARCHITECTONIC_ATLAS_V3_1_AREA_IFS1_IFS,Area IFS1 (IFS) right,right,170.92661078699317,0.16274276288956635,0.021751767399336472,0.1784850553477679,0.11456954449987213,same
24,NGIQ-BR-00000042,MFG_R_7_5,right,9,AREA_IFS4_IFS_RIGHT.nii.gz,JULICH_BRAIN_CYTOARCHITECTONIC_ATLAS_V3_1_AREA_IFS4_IFS,Area IFS4 (IFS) right,right,165.62202598314013,0.20539533429212475,0.02107671689507499,0.2326060573275479,0.11712119348550064,same
24,NGIQ-BR-00000042,MFG_R_7_5,right,10,AREA_SFG4_SFG_RIGHT.nii.gz,JULICH_BRAIN_CYTOARCHITECTONIC_ATLAS_V3_1_AREA_SFG4_SFG,Area SFG4 (SFG) right,right,119.87285245839209,0.07181879555021482,0.015254771578073905,0.08716445978349337,0.07149326692652232,same
25,NGIQ-BR-00000043,MFG_L_7_6,left,1,AREA_6V1_PRECG_LEFT.nii.gz,JULICH_BRAIN_CYTOARCHITECTONIC_ATLAS_V3_1_AREA_6V1_PRECG,Area 6v1 (PreCG) left,left,984.159998153909,0.38128372437351865,0.15877142600691324,0.5320688575255591,0.4884767717245843,same
25,NGIQ-BR-00000043,MFG_L_7_6,left,2,AREA_6D3_SFS_LEFT.nii.gz,JULICH_BRAIN_CYTOARCHITECTONIC_ATLAS_V3_1_AREA_6D3_SFS,Area 6d3 (SFS) left,left,656.1137516650605,0.19297978152752848,0.10584876053691863,0.3593194530803861,0.32817596104461455,same
25,NGIQ-BR-00000043,MFG_L_7_6,left,3,AREA_8V1_MFG_LEFT.nii.gz,JULICH_BRAIN_CYTOARCHITECTONIC_ATLAS_V3_1_AREA_8V1_MFG,Area 8v1 (MFG) left,left,406.97408161989847,0.1514754371818138,0.06565584397643863,0.24905537211854176,0.21633062476887427,same
25,NGIQ-BR-00000043,MFG_L_7_6,left,4,FRONTAL_II_GAPMAP_LEFT.nii.gz,JULICH_BRAIN_CYTOARCHITECTONIC_ATLAS_V3_1_FRONTAL_II_GAPMAP,Frontal-II (GapMap) left,left,381.0467040114302,0.10168132811251893,0.06147306198647967,0.1390079096112008,0.1389608837116938,same
25,NGIQ-BR-00000043,MFG_L_7_6,left,5,AREA_6V2_PRECG_LEFT.nii.gz,JULICH_BRAIN_CYTOARCHITECTONIC_ATLAS_V3_1_AREA_6V2_PRECG,Area 6v2 (PreCG) left,left,210.4846406535051,0.08796226880655889,0.033956822683097354,0.11812116408730496,0.10678924219123072,same
25,NGIQ-BR-00000043,MFG_L_7_6,left,6,AREA_6D1_PRECG_LEFT.nii.gz,JULICH_BRAIN_CYTOARCHITECTONIC_ATLAS_V3_1_AREA_6D1_PRECG,Area 6d1 (PreCG) left,left,132.26349743232686,0.024999867771486755,0.021337652551804066,0.05241543009292288,0.05210665810451925,same
25,NGIQ-BR-00000043,MFG_L_7_6,left,7,AREA_6D2_PRECG_LEFT.nii.gz,JULICH_BRAIN_CYTOARCHITECTONIC_ATLAS_V3_1_AREA_6D2_PRECG,Area 6d2 (PreCG) left,left,96.14889574219683,0.029950474230090188,0.015511397856663623,0.05178782873732014,0.04761490544578616,same
25,NGIQ-BR-00000043,MFG_L_7_6,left,8,FRONTAL_I_1_GAPMAP_LEFT.nii.gz,JULICH_BRAIN_CYTOARCHITECTONIC_ATLAS_V3_1_FRONTAL_I_1_GAPMAP,Frontal-I.1 (GapMap) left,left,93.42701822641664,0.015590545840037925,0.015072285948633204,0.02645325110187847,0.025783752333135547,same
25,NGIQ-BR-00000043,MFG_L_7_6,left,9,AREA_8V2_MFG_LEFT.nii.gz,JULICH_BRAIN_CYTOARCHITECTONIC_ATLAS_V3_1_AREA_8V2_MFG,Area 8v2 (MFG) left,left,70.85339440765198,0.04218354360090796,0.011430554471462974,0.04754510745742367,0.03933250549211567,same
25,NGIQ-BR-00000043,MFG_L_7_6,left,10,AREA_FP1_FPOLE_LEFT.nii.gz,JULICH_BRAIN_CYTOARCHITECTONIC_ATLAS_V3_1_AREA_FP1_FPOLE,Area Fp1 (FPole) left,left,70.21397981144278,0.014540541133961492,0.011327399732964963,0.027599480676048394,0.02746025541331192,same
26,NGIQ-BR-00000044,MFG_R_7_6,right,1,AREA_6V1_PRECG_RIGHT.nii.gz,JULICH_BRAIN_CYTOARCHITECTONIC_ATLAS_V3_1_AREA_6V1_PRECG,Area 6v1 (PreCG) right,right,1027.272473970609,0.37663396212374295,0.17347245696054203,0.5533713420017198,0.4989391691369779,same
26,NGIQ-BR-00000044,MFG_R_7_6,right,2,AREA_6D3_SFS_RIGHT.nii.gz,JULICH_BRAIN_CYTOARCHITECTONIC_ATLAS_V3_1_AREA_6D3_SFS,Area 6d3 (SFS) right,right,626.3952897003162,0.28774117865646737,0.10577751539747113,0.35072581110612505,0.3107971168864019,same
26,NGIQ-BR-00000044,MFG_R_7_6,right,3,AREA_8V1_MFG_RIGHT.nii.gz,JULICH_BRAIN_CYTOARCHITECTONIC_ATLAS_V3_1_AREA_8V1_MFG,Area 8v1 (MFG) right,right,445.249413292596,0.19412224085001833,0.0751879483206286,0.2839227582368182,0.23538172674089244,same
26,NGIQ-BR-00000044,MFG_R_7_6,right,4,AREA_6V2_PRECG_RIGHT.nii.gz,JULICH_BRAIN_CYTOARCHITECTONIC_ATLAS_V3_1_AREA_6V2_PRECG,Area 6v2 (PreCG) right,right,376.0068562483426,0.08639281179242751,0.06349516300704024,0.16738376767179183,0.16136523878588918,same
26,NGIQ-BR-00000044,MFG_R_7_6,right,5,FRONTAL_II_GAPMAP_RIGHT.nii.gz,JULICH_BRAIN_CYTOARCHITECTONIC_ATLAS_V3_1_FRONTAL_II_GAPMAP,Frontal-II (GapMap) right,right,299.81969991916543,0.05666203274693334,0.050629663801970134,0.0896092770558893,0.08890123978097109,same
26,NGIQ-BR-00000044,MFG_R_7_6,right,6,AREA_8V2_MFG_RIGHT.nii.gz,JULICH_BRAIN_CYTOARCHITECTONIC_ATLAS_V3_1_AREA_8V2_MFG,Area 8v2 (MFG) right,right,83.70655576089345,0.08750134850947114,0.014135277893138846,0.08131564397922726,0.05059827946743981,same
26,NGIQ-BR-00000044,MFG_R_7_6,right,7,AREA_MFG4_MFG_RIGHT.nii.gz,JULICH_BRAIN_CYTOARCHITECTONIC_ATLAS_V3_1_AREA_MFG4_MFG,Area MFG4 (MFG) right,right,33.705846378818634,0.009594942233256451,0.005691806344881723,0.017309989375960667,0.01591803457879353,same
26,NGIQ-BR-00000044,MFG_R_7_6,right,8,AREA_8D2_SFG_RIGHT.nii.gz,JULICH_BRAIN_CYTOARCHITECTONIC_ATLAS_V3_1_AREA_8D2_SFG,Area 8d2 (SFG) right,right,33.14131850787348,0.027377195863560952,0.0055964761970612115,0.02837535719303543,0.019426891283881823,same
26,NGIQ-BR-00000044,MFG_R_7_6,right,9,AREA_IFS3_IFS_RIGHT.nii.gz,JULICH_BRAIN_CYTOARCHITECTONIC_ATLAS_V3_1_AREA_IFS3_IFS,Area IFS3 (IFS) right,right,29.041257076490098,0.0217226444496555,0.004904110979250868,0.025976963079250282,0.017219075483421872,same
26,NGIQ-BR-00000044,MFG_R_7_6,right,10,AREA_SFS1_SFS_RIGHT.nii.gz,JULICH_BRAIN_CYTOARCHITECTONIC_ATLAS_V3_1_AREA_SFS1_SFS,Area SFS1 (SFS) right,right,14.022252424519015,0.011994900834501596,0.0023678961929158296,0.011735442877320253,0.00816801676337516,same
27,NGIQ-BR-00000045,MFG_L_7_7,left,1,AREA_FP1_FPOLE_LEFT.nii.gz,JULICH_BRAIN_CYTOARCHITECTONIC_ATLAS_V3_1_AREA_FP1_FPOLE,Area Fp1 (FPole) left,left,1956.3138941737523,0.4051310397952689,0.24086822233748226,0.5870436188220756,0.5489104550293641,same
27,NGIQ-BR-00000045,MFG_L_7_7,left,2,FRONTAL_I_1_GAPMAP_LEFT.nii.gz,JULICH_BRAIN_CYTOARCHITECTONIC_ATLAS_V3_1_FRONTAL_I_1_GAPMAP,Frontal-I.1 (GapMap) left,left,689.921339652604,0.11512997499082071,0.08494553309145877,0.14912850228755758,0.1489934634087536,same
27,NGIQ-BR-00000045,MFG_L_7_7,left,3,AREA_FO5_OFC_LEFT.nii.gz,JULICH_BRAIN_CYTOARCHITECTONIC_ATLAS_V3_1_AREA_FO5_OFC,Area Fo5 (OFC) left,left,298.50309942020243,0.4735303298969794,0.036752747671886146,0.31566736520480543,0.11909654822040808,same
27,NGIQ-BR-00000045,MFG_L_7_7,left,4,AREA_FO4_OFC_LEFT.nii.gz,JULICH_BRAIN_CYTOARCHITECTONIC_ATLAS_V3_1_AREA_FO4_OFC,Area Fo4 (OFC) left,left,233.86772337632107,0.2644999435472812,0.028794613665799263,0.18252180441826632,0.09051232320951737,same
27,NGIQ-BR-00000045,MFG_L_7_7,left,5,AREA_SFG3_SFG_LEFT.nii.gz,JULICH_BRAIN_CYTOARCHITECTONIC_ATLAS_V3_1_AREA_SFG3_SFG,Area SFG3 (SFG) left,left,134.6612923368073,0.04597086752511484,0.016579970218191367,0.06015459434901253,0.04591547808096559,same
27,NGIQ-BR-00000045,MFG_L_7_7,left,6,AREA_FO6_OFC_LEFT.nii.gz,JULICH_BRAIN_CYTOARCHITECTONIC_ATLAS_V3_1_AREA_FO6_OFC,Area Fo6 (OFC) left,left,81.03880392858883,0.0621846078438795,0.009977781531260393,0.05118766455653178,0.03031327404974815,same
27,NGIQ-BR-00000045,MFG_L_7_7,left,7,AREA_MFG2_MFG_LEFT.nii.gz,JULICH_BRAIN_CYTOARCHITECTONIC_ATLAS_V3_1_AREA_MFG2_MFG,Area MFG2 (MFG) left,left,75.68989767021623,0.07597416574489711,0.009319205448076058,0.058413052864532564,0.029250093797412696,same
27,NGIQ-BR-00000045,MFG_L_7_7,left,8,AREA_SFG4_SFG_LEFT.nii.gz,JULICH_BRAIN_CYTOARCHITECTONIC_ATLAS_V3_1_AREA_SFG4_SFG,Area SFG4 (SFG) left,left,66.24799486112686,0.018448216507492735,0.008156685286111373,0.02559615750144915,0.021318145846443787,same
27,NGIQ-BR-00000045,MFG_L_7_7,left,9,FRONTAL_II_GAPMAP_LEFT.nii.gz,JULICH_BRAIN_CYTOARCHITECTONIC_ATLAS_V3_1_FRONTAL_II_GAPMAP,Frontal-II (GapMap) left,left,50.77952997954211,0.013550386330318262,0.00625215368235731,0.014141793515022212,0.01354417543777621,same
27,NGIQ-BR-00000045,MFG_L_7_7,left,10,AREA_8V1_MFG_LEFT.nii.gz,JULICH_BRAIN_CYTOARCHITECTONIC_ATLAS_V3_1_AREA_8V1_MFG,Area 8v1 (MFG) left,left,39.92789427309116,0.014861131246226294,0.004916062265815625,0.01865348924020325,0.013823901015284183,same
28,NGIQ-BR-00000046,MFG_R_7_7,right,1,AREA_FP1_FPOLE_RIGHT.nii.gz,JULICH_BRAIN_CYTOARCHITECTONIC_ATLAS_V3_1_AREA_FP1_FPOLE,Area Fp1 (FPole) right,right,2444.822993362294,0.4477752137471445,0.26674150324067375,0.6061290562345352,0.5613531048174663,same
28,NGIQ-BR-00000046,MFG_R_7_7,right,2,FRONTAL_I_1_GAPMAP_RIGHT.nii.gz,JULICH_BRAIN_CYTOARCHITECTONIC_ATLAS_V3_1_FRONTAL_I_1_GAPMAP,Frontal-I.1 (GapMap) right,right,958.3070287503439,0.16114284141349933,0.10455573189101236,0.18945785860202194,0.1867390640577726,same
28,NGIQ-BR-00000046,MFG_R_7_7,right,3,AREA_FO4_OFC_RIGHT.nii.gz,JULICH_BRAIN_CYTOARCHITECTONIC_ATLAS_V3_1_AREA_FO4_OFC,Area Fo4 (OFC) right,right,402.73495631717765,0.36849425494485866,0.04394024759554107,0.2538665576416431,0.1255085892591778,same
28,NGIQ-BR-00000046,MFG_R_7_7,right,4,AREA_FO5_OFC_RIGHT.nii.gz,JULICH_BRAIN_CYTOARCHITECTONIC_ATLAS_V3_1_AREA_FO5_OFC,Area Fo5 (OFC) right,right,374.5490805109898,0.38121001262038645,0.04086503810057566,0.2788563463457152,0.11892630120058134,same
28,NGIQ-BR-00000046,MFG_R_7_7,right,5,AREA_MFG2_MFG_RIGHT.nii.gz,JULICH_BRAIN_CYTOARCHITECTONIC_ATLAS_V3_1_AREA_MFG2_MFG,Area MFG2 (MFG) right,right,165.724868629826,0.1302429166474621,0.01808135014383522,0.10159038224044377,0.0514534885370398,same
28,NGIQ-BR-00000046,MFG_R_7_7,right,6,AREA_SFG3_SFG_RIGHT.nii.gz,JULICH_BRAIN_CYTOARCHITECTONIC_ATLAS_V3_1_AREA_SFG3_SFG,Area SFG3 (SFG) right,right,141.43277962119407,0.07303192272178005,0.015430970808966738,0.06945398134541053,0.042285571561868934,same
28,NGIQ-BR-00000046,MFG_R_7_7,right,7,AREA_FO3_OFC_RIGHT.nii.gz,JULICH_BRAIN_CYTOARCHITECTONIC_ATLAS_V3_1_AREA_FO3_OFC,Area Fo3 (OFC) right,right,76.08607690034972,0.01752099970580428,0.008301343116940026,0.020244488590669626,0.01821758435470874,same
28,NGIQ-BR-00000046,MFG_R_7_7,right,8,AREA_SFS1_SFS_RIGHT.nii.gz,JULICH_BRAIN_CYTOARCHITECTONIC_ATLAS_V3_1_AREA_SFS1_SFS,Area SFS1 (SFS) right,right,59.486801814857515,0.05088613919709414,0.006490285383504549,0.03491102407437302,0.018354084142548077,same
28,NGIQ-BR-00000046,MFG_R_7_7,right,9,AREA_SFS2_SFS_RIGHT.nii.gz,JULICH_BRAIN_CYTOARCHITECTONIC_ATLAS_V3_1_AREA_SFS2_SFS,Area SFS2 (SFS) right,right,24.67626050884325,0.02167508891998025,0.0026922942234910174,0.015229428385204764,0.0076684720010766014,same
28,NGIQ-BR-00000046,MFG_R_7_7,right,10,AREA_SFG4_SFG_RIGHT.nii.gz,JULICH_BRAIN_CYTOARCHITECTONIC_ATLAS_V3_1_AREA_SFG4_SFG,Area SFG4 (SFG) right,right,23.292061116115796,0.0139548508351552,0.002541271663656055,0.011227509160174549,0.006936710855143938,same
29,NGIQ-BR-00000003,IFG_L_6_1,left,1,AREA_44_IFG_LEFT.nii.gz,JULICH_BRAIN_CYTOARCHITECTONIC_ATLAS_V3_1_AREA_44_IFG,Area 44 (IFG) left,left,726.4532457083257,0.14194114554223441,0.25617452926673884,0.46675125481608726,0.46595346689440986,same
29,NGIQ-BR-00000003,IFG_L_6_1,left,2,AREA_IFJ1_IFS_PRECS_LEFT.nii.gz,JULICH_BRAIN_CYTOARCHITECTONIC_ATLAS_V3_1_AREA_IFJ1_IFS_PRECS,"Area IFJ1 (IFS, PreCS) left",left,277.15722387008543,0.24524009117041987,0.09773598201569929,0.37173440031835997,0.3001755269933162,same
29,NGIQ-BR-00000003,IFG_L_6_1,left,3,AREA_IFJ2_IFS_PRECS_LEFT.nii.gz,JULICH_BRAIN_CYTOARCHITECTONIC_ATLAS_V3_1_AREA_IFJ2_IFS_PRECS,"Area IFJ2 (IFS, PreCS) left",left,276.2094032743353,0.2309230538684336,0.09740174509628285,0.36053440737754994,0.29576246806768475,same
29,NGIQ-BR-00000003,IFG_L_6_1,left,4,AREA_45_IFG_LEFT.nii.gz,JULICH_BRAIN_CYTOARCHITECTONIC_ATLAS_V3_1_AREA_45_IFG,Area 45 (IFG) left,left,257.07522250743193,0.0775864997712505,0.09065431877556103,0.19388323311570677,0.19288379185407528,same
29,NGIQ-BR-00000003,IFG_L_6_1,left,5,AREA_6R1_PRECG_LEFT.nii.gz,JULICH_BRAIN_CYTOARCHITECTONIC_ATLAS_V3_1_AREA_6R1_PRECG,Area 6r1 (PreCG) left,left,183.45969964169245,0.1514745752677989,0.06469473771750159,0.22819094476050086,0.1922779129706179,same
29,NGIQ-BR-00000003,IFG_L_6_1,left,6,AREA_IFS4_IFS_LEFT.nii.gz,JULICH_BRAIN_CYTOARCHITECTONIC_ATLAS_V3_1_AREA_IFS4_IFS,Area IFS4 (IFS) left,left,179.4562180515627,0.3030913112157226,0.06328296067907767,0.36846170963586306,0.22025325879599875,same
29,NGIQ-BR-00000003,IFG_L_6_1,left,7,AREA_6V3_PRECG_LEFT.nii.gz,JULICH_BRAIN_CYTOARCHITECTONIC_ATLAS_V3_1_AREA_6V3_PRECG,Area 6v3 (PreCG) left,left,158.53400616325717,0.05370382946592597,0.05590500784677991,0.12660215269455846,0.12501953568325985,same
29,NGIQ-BR-00000003,IFG_L_6_1,left,8,FRONTAL_II_GAPMAP_LEFT.nii.gz,JULICH_BRAIN_CYTOARCHITECTONIC_ATLAS_V3_1_FRONTAL_II_GAPMAP,Frontal-II (GapMap) left,left,80.61568506281077,0.021512087199791825,0.02842809952944028,0.040713961821922044,0.03895656875311381,same
29,NGIQ-BR-00000003,IFG_L_6_1,left,9,AREA_IFS2_IFS_LEFT.nii.gz,JULICH_BRAIN_CYTOARCHITECTONIC_ATLAS_V3_1_AREA_IFS2_IFS,Area IFS2 (IFS) left,left,60.82278992685045,0.1549972277758764,0.02144838593570907,0.16421055907308543,0.07790749320059455,same
29,NGIQ-BR-00000003,IFG_L_6_1,left,10,AREA_OP6_FRONTAL_OPERCULUM_LEFT.nii.gz,JULICH_BRAIN_CYTOARCHITECTONIC_ATLAS_V3_1_AREA_OP6_FRONTAL_OPERCULUM,Area Op6 (Frontal Operculum) left,left,34.93098204292219,0.01692895940925571,0.012317968065440145,0.032684986186054144,0.031104892235661975,same
30,NGIQ-BR-00000004,IFG_R_6_1,right,1,AREA_45_IFG_RIGHT.nii.gz,JULICH_BRAIN_CYTOARCHITECTONIC_ATLAS_V3_1_AREA_45_IFG,Area 45 (IFG) right,right,359.5045518846553,0.07605668867262952,0.12346133962769551,0.20701461094249307,0.20566817492416942,same
30,NGIQ-BR-00000004,IFG_R_6_1,right,2,AREA_44_IFG_RIGHT.nii.gz,JULICH_BRAIN_CYTOARCHITECTONIC_ATLAS_V3_1_AREA_44_IFG,Area 44 (IFG) right,right,308.6120498271526,0.1521795879936484,0.10598379602474141,0.24952753010383064,0.2433387758459967,same
30,NGIQ-BR-00000004,IFG_R_6_1,right,3,AREA_IFJ1_IFS_PRECS_RIGHT.nii.gz,JULICH_BRAIN_CYTOARCHITECTONIC_ATLAS_V3_1_AREA_IFJ1_IFS_PRECS,"Area IFJ1 (IFS, PreCS) right",right,296.1059166562665,0.34757791584870334,0.10168892980748322,0.5456584085551173,0.3405356283595894,same
30,NGIQ-BR-00000004,IFG_R_6_1,right,4,AREA_IFJ2_IFS_PRECS_RIGHT.nii.gz,JULICH_BRAIN_CYTOARCHITECTONIC_ATLAS_V3_1_AREA_IFJ2_IFS_PRECS,"Area IFJ2 (IFS, PreCS) right",right,277.618610228896,0.6957717605274161,0.09534000430524595,0.5634304647976487,0.32552154162050667,same
30,NGIQ-BR-00000004,IFG_R_6_1,right,5,AREA_6V3_PRECG_RIGHT.nii.gz,JULICH_BRAIN_CYTOARCHITECTONIC_ATLAS_V3_1_AREA_6V3_PRECG,Area 6v3 (PreCG) right,right,191.78807410602633,0.07174106520487478,0.06586401320821889,0.1733446952585006,0.16397509695869922,same
30,NGIQ-BR-00000004,IFG_R_6_1,right,6,AREA_IFS4_IFS_RIGHT.nii.gz,JULICH_BRAIN_CYTOARCHITECTONIC_ATLAS_V3_1_AREA_IFS4_IFS,Area IFS4 (IFS) right,right,144.28881214531782,0.17893905493112391,0.04955177882272093,0.26435050153132805,0.16572686251919497,same
30,NGIQ-BR-00000004,IFG_R_6_1,right,7,AREA_6V2_PRECG_RIGHT.nii.gz,JULICH_BRAIN_CYTOARCHITECTONIC_ATLAS_V3_1_AREA_6V2_PRECG,Area 6v2 (PreCG) right,right,125.29204776341113,0.028787592889963236,0.043027894863848594,0.07696424384908242,0.07686916301609448,same
30,NGIQ-BR-00000004,IFG_R_6_1,right,8,AREA_IFS2_IFS_RIGHT.nii.gz,JULICH_BRAIN_CYTOARCHITECTONIC_ATLAS_V3_1_AREA_IFS2_IFS,Area IFS2 (IFS) right,right,105.34375088114798,0.18265019837599267,0.0361772348556121,0.19258588048901715,0.1209379996756692,same
30,NGIQ-BR-00000004,IFG_R_6_1,right,9,AREA_6R1_PRECG_RIGHT.nii.gz,JULICH_BRAIN_CYTOARCHITECTONIC_ATLAS_V3_1_AREA_6R1_PRECG,Area 6r1 (PreCG) right,right,104.32156398005307,0.05999115734360136,0.035826194615655546,0.09238795643017277,0.08795715370551171,same
30,NGIQ-BR-00000004,IFG_R_6_1,right,10,AREA_IFS1_IFS_RIGHT.nii.gz,JULICH_BRAIN_CYTOARCHITECTONIC_ATLAS_V3_1_AREA_IFS1_IFS,Area IFS1 (IFS) right,right,55.50914207817175,0.05285140275020643,0.01906299379695749,0.07561383155433249,0.05852697582772328,same
31,NGIQ-BR-00000047,IFG_L_6_2,left,1,AREA_45_IFG_LEFT.nii.gz,JULICH_BRAIN_CYTOARCHITECTONIC_ATLAS_V3_1_AREA_45_IFG,Area 45 (IFG) left,left,962.1896813085389,0.2903933283052448,0.26426078588949486,0.6734836615581461,0.6631404984559902,same
31,NGIQ-BR-00000047,IFG_L_6_2,left,2,FRONTAL_I_1_GAPMAP_LEFT.nii.gz,JULICH_BRAIN_CYTOARCHITECTONIC_ATLAS_V3_1_FRONTAL_I_1_GAPMAP,Frontal-I.1 (GapMap) left,left,362.60790221710675,0.06050985281126446,0.09958852300236506,0.1319145437827281,0.11815553622114482,same
31,NGIQ-BR-00000047,IFG_L_6_2,left,3,AREA_44_IFG_LEFT.nii.gz,JULICH_BRAIN_CYTOARCHITECTONIC_ATLAS_V3_1_AREA_44_IFG,Area 44 (IFG) left,left,335.6427132793219,0.06558097372022614,0.09218266305730011,0.20014345163954514,0.20011743154453374,same
31,NGIQ-BR-00000047,IFG_L_6_2,left,4,AREA_IFS4_IFS_LEFT.nii.gz,JULICH_BRAIN_CYTOARCHITECTONIC_ATLAS_V3_1_AREA_IFS4_IFS,Area IFS4 (IFS) left,left,135.9469866012771,0.22960670224850166,0.037337188515371475,0.2590536845824151,0.14572003959981913,same
31,NGIQ-BR-00000047,IFG_L_6_2,left,5,AREA_IFS2_IFS_LEFT.nii.gz,JULICH_BRAIN_CYTOARCHITECTONIC_ATLAS_V3_1_AREA_IFS2_IFS,Area IFS2 (IFS) left,left,129.22844950611793,0.3293181954874576,0.03549197449231112,0.3238017655865735,0.14376834561051896,same
31,NGIQ-BR-00000047,IFG_L_6_2,left,6,AREA_OP9_FRONTAL_OPERCULUM_LEFT.nii.gz,JULICH_BRAIN_CYTOARCHITECTONIC_ATLAS_V3_1_AREA_OP9_FRONTAL_OPERCULUM,Area Op9 (Frontal Operculum) left,left,100.1288681780042,0.0797624602509587,0.027499913903628978,0.10056422922860879,0.08760318297787738,same
31,NGIQ-BR-00000047,IFG_L_6_2,left,7,AREA_IFJ1_IFS_PRECS_LEFT.nii.gz,JULICH_BRAIN_CYTOARCHITECTONIC_ATLAS_V3_1_AREA_IFJ1_IFS_PRECS,"Area IFJ1 (IFS, PreCS) left",left,81.4043560801087,0.07202991655058905,0.022357316369577343,0.10133058074753637,0.0781623588343226,same
31,NGIQ-BR-00000047,IFG_L_6_2,left,8,AREA_MFG5_MFG_IFG_LEFT.nii.gz,JULICH_BRAIN_CYTOARCHITECTONIC_ATLAS_V3_1_AREA_MFG5_MFG_IFG,"Area MFG5 (MFG, IFG) left",left,73.12930010077062,0.04993993978837605,0.02008461189263313,0.07159328619649287,0.06313826349809426,same
31,NGIQ-BR-00000047,IFG_L_6_2,left,9,AREA_IFS1_IFS_LEFT.nii.gz,JULICH_BRAIN_CYTOARCHITECTONIC_ATLAS_V3_1_AREA_IFS1_IFS,Area IFS1 (IFS) left,left,63.41960608328303,0.1679784556403565,0.01741789095220661,0.12637163253222078,0.06848581813118233,same
31,NGIQ-BR-00000047,IFG_L_6_2,left,10,AREA_IFJ2_IFS_PRECS_LEFT.nii.gz,JULICH_BRAIN_CYTOARCHITECTONIC_ATLAS_V3_1_AREA_IFJ2_IFS_PRECS,"Area IFJ2 (IFS, PreCS) left",left,39.07546588695897,0.0326687860984449,0.010731889485909713,0.0473367850837892,0.03714221939385554,same
32,NGIQ-BR-00000048,IFG_R_6_2,right,1,AREA_45_IFG_RIGHT.nii.gz,JULICH_BRAIN_CYTOARCHITECTONIC_ATLAS_V3_1_AREA_45_IFG,Area 45 (IFG) right,right,1079.2072698872514,0.22831680686309716,0.2946820275864739,0.5988118471319444,0.5970287996371806,same
32,NGIQ-BR-00000048,IFG_R_6_2,right,2,FRONTAL_I_1_GAPMAP_RIGHT.nii.gz,JULICH_BRAIN_CYTOARCHITECTONIC_ATLAS_V3_1_FRONTAL_I_1_GAPMAP,Frontal-I.1 (GapMap) right,right,572.0237339916617,0.09618788873079419,0.1561934564968778,0.21443643349063252,0.19280290229017968,same
32,NGIQ-BR-00000048,IFG_R_6_2,right,3,AREA_MFG5_MFG_IFG_RIGHT.nii.gz,JULICH_BRAIN_CYTOARCHITECTONIC_ATLAS_V3_1_AREA_MFG5_MFG_IFG,"Area MFG5 (MFG, IFG) right",right,156.31848444199406,0.07730838196728242,0.04268341145387575,0.1323690532641374,0.12484473224580898,same
32,NGIQ-BR-00000048,IFG_R_6_2,right,4,AREA_OP9_FRONTAL_OPERCULUM_RIGHT.nii.gz,JULICH_BRAIN_CYTOARCHITECTONIC_ATLAS_V3_1_AREA_OP9_FRONTAL_OPERCULUM,Area Op9 (Frontal Operculum) right,right,98.49062906961619,0.05271031210144909,0.02689327535343047,0.08661370228402956,0.08061967607048419,same
32,NGIQ-BR-00000048,IFG_R_6_2,right,5,AREA_IFS2_IFS_RIGHT.nii.gz,JULICH_BRAIN_CYTOARCHITECTONIC_ATLAS_V3_1_AREA_IFS2_IFS,Area IFS2 (IFS) right,right,80.45158874134519,0.13949093819384936,0.021967640465699934,0.14172263133057547,0.08644177677646911,same
32,NGIQ-BR-00000048,IFG_R_6_2,right,6,AREA_IFS1_IFS_RIGHT.nii.gz,JULICH_BRAIN_CYTOARCHITECTONIC_ATLAS_V3_1_AREA_IFS1_IFS,Area IFS1 (IFS) right,right,54.32443891539601,0.051723422355425194,0.01483351368524315,0.07130514977364427,0.05388881987624998,same
32,NGIQ-BR-00000048,IFG_R_6_2,right,7,AREA_IFS4_IFS_RIGHT.nii.gz,JULICH_BRAIN_CYTOARCHITECTONIC_ATLAS_V3_1_AREA_IFS4_IFS,Area IFS4 (IFS) right,right,50.91718678097263,0.06314469671538156,0.013903149337739153,0.08988780962781039,0.05473265138804673,same
32,NGIQ-BR-00000048,IFG_R_6_2,right,8,AREA_IFJ1_IFS_PRECS_RIGHT.nii.gz,JULICH_BRAIN_CYTOARCHITECTONIC_ATLAS_V3_1_AREA_IFJ1_IFS_PRECS,"Area IFJ1 (IFS, PreCS) right",right,50.10603765268169,0.058815954559168,0.013681661699109044,0.08897187515139743,0.05392519789145155,same
32,NGIQ-BR-00000048,IFG_R_6_2,right,9,AREA_FO6_OFC_RIGHT.nii.gz,JULICH_BRAIN_CYTOARCHITECTONIC_ATLAS_V3_1_AREA_FO6_OFC,Area Fo6 (OFC) right,right,45.69801517960649,0.02942446294982853,0.012478032853884298,0.044516916734804936,0.03973908438237044,same
32,NGIQ-BR-00000048,IFG_R_6_2,right,10,AREA_44_IFG_RIGHT.nii.gz,JULICH_BRAIN_CYTOARCHITECTONIC_ATLAS_V3_1_AREA_44_IFG,Area 44 (IFG) right,right,44.443917630147595,0.021915725836264603,0.012135596309044877,0.03462635995168397,0.0334696503872985,same
33,NGIQ-BR-00000049,IFG_L_6_3,left,1,AREA_44_IFG_LEFT.nii.gz,JULICH_BRAIN_CYTOARCHITECTONIC_ATLAS_V3_1_AREA_44_IFG,Area 44 (IFG) left,left,892.2979442018323,0.17434541467496026,0.28876631418008175,0.6723451379009653,0.6566991317567765,same
33,NGIQ-BR-00000049,IFG_L_6_3,left,2,AREA_45_IFG_LEFT.nii.gz,JULICH_BRAIN_CYTOARCHITECTONIC_ATLAS_V3_1_AREA_45_IFG,Area 45 (IFG) left,left,646.9045379465862,0.19523880324157927,0.2093518653304782,0.572169601951259,0.5712219572199784,same
33,NGIQ-BR-00000049,IFG_L_6_3,left,3,AREA_OP9_FRONTAL_OPERCULUM_LEFT.nii.gz,JULICH_BRAIN_CYTOARCHITECTONIC_ATLAS_V3_1_AREA_OP9_FRONTAL_OPERCULUM,Area Op9 (Frontal Operculum) left,left,217.25690418356916,0.1730664242941579,0.07030888713677665,0.2757249223515666,0.26349644932101474,same
33,NGIQ-BR-00000049,IFG_L_6_3,left,4,AREA_OP8_FRONTAL_OPERCULUM_LEFT.nii.gz,JULICH_BRAIN_CYTOARCHITECTONIC_ATLAS_V3_1_AREA_OP8_FRONTAL_OPERCULUM,Area Op8 (Frontal Operculum) left,left,109.55023159639798,0.12053508213725285,0.03545275073334773,0.172832051163943,0.15175661489434528,same
33,NGIQ-BR-00000049,IFG_L_6_3,left,5,AREA_IFS4_IFS_LEFT.nii.gz,JULICH_BRAIN_CYTOARCHITECTONIC_ATLAS_V3_1_AREA_IFS4_IFS,Area IFS4 (IFS) left,left,55.11972921071287,0.09309407710537144,0.01783789948885221,0.13272278241745844,0.0897034518667376,same
33,NGIQ-BR-00000049,IFG_L_6_3,left,6,AREA_OP6_FRONTAL_OPERCULUM_LEFT.nii.gz,JULICH_BRAIN_CYTOARCHITECTONIC_ATLAS_V3_1_AREA_OP6_FRONTAL_OPERCULUM,Area Op6 (Frontal Operculum) left,left,51.92111598245709,0.025163061945129978,0.016802761216470233,0.056975228986346625,0.05627085296650275,same
33,NGIQ-BR-00000049,IFG_L_6_3,left,7,AREA_6R1_PRECG_LEFT.nii.gz,JULICH_BRAIN_CYTOARCHITECTONIC_ATLAS_V3_1_AREA_6R1_PRECG,Area 6r1 (PreCG) left,left,47.853754116608414,0.03951073229673839,0.015486477679037727,0.06980367576031764,0.06348064967717532,same
33,NGIQ-BR-00000049,IFG_L_6_3,left,8,AREA_IFS2_IFS_LEFT.nii.gz,JULICH_BRAIN_CYTOARCHITECTONIC_ATLAS_V3_1_AREA_IFS2_IFS,Area IFS2 (IFS) left,left,40.67258183659492,0.10364762022165463,0.013162499837032729,0.12877780982968856,0.07007690698008462,same
33,NGIQ-BR-00000049,IFG_L_6_3,left,9,AREA_IFJ1_IFS_PRECS_LEFT.nii.gz,JULICH_BRAIN_CYTOARCHITECTONIC_ATLAS_V3_1_AREA_IFJ1_IFS_PRECS,"Area IFJ1 (IFS, PreCS) left",left,30.42705093322438,0.02692310393615668,0.009846831326296783,0.04785980909705372,0.04208379256201315,same
33,NGIQ-BR-00000049,IFG_L_6_3,left,10,FRONTAL_TO_TEMPORAL_I_GAPMAP_LEFT.nii.gz,JULICH_BRAIN_CYTOARCHITECTONIC_ATLAS_V3_1_FRONTAL_TO_TEMPORAL_I_GAPMAP,Frontal-to-Temporal-I (GapMap) left,left,19.91842199612855,0.004553769829602896,0.006446018778235012,0.010749658896618284,0.009298781325319382,same
34,NGIQ-BR-00000050,IFG_R_6_3,right,1,AREA_45_IFG_RIGHT.nii.gz,JULICH_BRAIN_CYTOARCHITECTONIC_ATLAS_V3_1_AREA_45_IFG,Area 45 (IFG) right,right,846.1339423328891,0.17900787483771502,0.25568212460041057,0.5627483288190112,0.5444619985706615,same
34,NGIQ-BR-00000050,IFG_R_6_3,right,2,AREA_44_IFG_RIGHT.nii.gz,JULICH_BRAIN_CYTOARCHITECTONIC_ATLAS_V3_1_AREA_44_IFG,Area 44 (IFG) right,right,599.0463155416834,0.29539553474760566,0.18101795357535327,0.5594283637556854,0.5575997006430424,same
34,NGIQ-BR-00000050,IFG_R_6_3,right,3,AREA_OP9_FRONTAL_OPERCULUM_RIGHT.nii.gz,JULICH_BRAIN_CYTOARCHITECTONIC_ATLAS_V3_1_AREA_OP9_FRONTAL_OPERCULUM,Area Op9 (Frontal Operculum) right,right,221.4470598093457,0.11851425609484495,0.06691618419473831,0.23342705193636723,0.22874088366984938,same
34,NGIQ-BR-00000050,IFG_R_6_3,right,4,AREA_OP8_FRONTAL_OPERCULUM_RIGHT.nii.gz,JULICH_BRAIN_CYTOARCHITECTONIC_ATLAS_V3_1_AREA_OP8_FRONTAL_OPERCULUM,Area Op8 (Frontal Operculum) right,right,83.81208307030128,0.08133064467176895,0.025326074743577606,0.12124900668137088,0.1065882557187403,same
34,NGIQ-BR-00000050,IFG_R_6_3,right,5,AREA_6R1_PRECG_RIGHT.nii.gz,JULICH_BRAIN_CYTOARCHITECTONIC_ATLAS_V3_1_AREA_6R1_PRECG,Area 6r1 (PreCG) right,right,47.894249273167496,0.027542066418306727,0.014472535372523073,0.048989514287869705,0.048273686603889275,same
34,NGIQ-BR-00000050,IFG_R_6_3,right,6,FRONTAL_TO_TEMPORAL_I_GAPMAP_RIGHT.nii.gz,JULICH_BRAIN_CYTOARCHITECTONIC_ATLAS_V3_1_FRONTAL_TO_TEMPORAL_I_GAPMAP,Frontal-to-Temporal-I (GapMap) right,right,37.445719213352014,0.012834293922717028,0.011315231036900705,0.02422658135072588,0.02326810291996531,same
34,NGIQ-BR-00000050,IFG_R_6_3,right,7,AREA_IFS2_IFS_RIGHT.nii.gz,JULICH_BRAIN_CYTOARCHITECTONIC_ATLAS_V3_1_AREA_IFS2_IFS,Area IFS2 (IFS) right,right,26.189917216002733,0.0454093720314812,0.007913987776490791,0.05530040133896176,0.038676918048155526,same
34,NGIQ-BR-00000050,IFG_R_6_3,right,8,AREA_OP6_FRONTAL_OPERCULUM_RIGHT.nii.gz,JULICH_BRAIN_CYTOARCHITECTONIC_ATLAS_V3_1_AREA_OP6_FRONTAL_OPERCULUM,Area Op6 (Frontal Operculum) right,right,23.879586612489753,0.032476009001304526,0.007215859256073692,0.042018639231635575,0.033182629126171356,same
34,NGIQ-BR-00000050,IFG_R_6_3,right,9,AREA_IFJ1_IFS_PRECS_RIGHT.nii.gz,JULICH_BRAIN_CYTOARCHITECTONIC_ATLAS_V3_1_AREA_IFJ1_IFS_PRECS,"Area IFJ1 (IFS, PreCS) right",right,17.880419840212898,0.02098856764748635,0.005403049688431422,0.03805659868647683,0.026465202248817106,same
34,NGIQ-BR-00000050,IFG_R_6_3,right,10,AREA_IFS1_IFS_RIGHT.nii.gz,JULICH_BRAIN_CYTOARCHITECTONIC_ATLAS_V3_1_AREA_IFS1_IFS,Area IFS1 (IFS) right,right,16.563339696036035,0.015770298447972595,0.00500505850443083,0.026059323129416133,0.021951952276428658,same
35,NGIQ-BR-00000051,IFG_L_6_4,left,1,FRONTAL_I_1_GAPMAP_LEFT.nii.gz,JULICH_BRAIN_CYTOARCHITECTONIC_ATLAS_V3_1_FRONTAL_I_1_GAPMAP,Frontal-I.1 (GapMap) left,left,782.7442948966509,0.13061971838852784,0.23527742452057843,0.29179344525595297,0.25847608655338017,same
35,NGIQ-BR-00000051,IFG_L_6_4,left,2,FRONTAL_TO_TEMPORAL_I_GAPMAP_LEFT.nii.gz,JULICH_BRAIN_CYTOARCHITECTONIC_ATLAS_V3_1_FRONTAL_TO_TEMPORAL_I_GAPMAP,Frontal-to-Temporal-I (GapMap) left,left,511.0232407251299,0.11683065135844087,0.1536034599445313,0.2236466501338935,0.2111740986913245,same
35,NGIQ-BR-00000051,IFG_L_6_4,left,3,AREA_45_IFG_LEFT.nii.gz,JULICH_BRAIN_CYTOARCHITECTONIC_ATLAS_V3_1_AREA_45_IFG,Area 45 (IFG) left,left,295.9117510451028,0.08930754500896124,0.08894520870376803,0.2122407572904634,0.20981287410819283,same
35,NGIQ-BR-00000051,IFG_L_6_4,left,4,AREA_OP9_FRONTAL_OPERCULUM_LEFT.nii.gz,JULICH_BRAIN_CYTOARCHITECTONIC_ATLAS_V3_1_AREA_OP9_FRONTAL_OPERCULUM,Area Op9 (Frontal Operculum) left,left,249.99250204802962,0.19914353742814,0.07514279237139859,0.2572831894287992,0.22677455593008622,same
35,NGIQ-BR-00000051,IFG_L_6_4,left,5,AREA_44_IFG_LEFT.nii.gz,JULICH_BRAIN_CYTOARCHITECTONIC_ATLAS_V3_1_AREA_44_IFG,Area 44 (IFG) left,left,118.41397291996213,0.0231368158429496,0.0355928938192219,0.07235479542320973,0.07235231400863869,same
35,NGIQ-BR-00000051,IFG_L_6_4,left,6,AREA_FO6_OFC_LEFT.nii.gz,JULICH_BRAIN_CYTOARCHITECTONIC_ATLAS_V3_1_AREA_FO6_OFC,Area Fo6 (OFC) left,left,70.02740427095976,0.05373508074911532,0.021048850090830934,0.07628424706758298,0.06537690905950286,same
35,NGIQ-BR-00000051,IFG_L_6_4,left,7,AREA_OP10_FRONTAL_OPERCULUM_LEFT.nii.gz,JULICH_BRAIN_CYTOARCHITECTONIC_ATLAS_V3_1_AREA_OP10_FRONTAL_OPERCULUM,Area Op10 (Frontal Operculum) left,left,34.962089452797905,0.051205439905386604,0.010508911295736056,0.050574204144494754,0.03646601235092814,same
35,NGIQ-BR-00000051,IFG_L_6_4,left,8,AREA_OP8_FRONTAL_OPERCULUM_LEFT.nii.gz,JULICH_BRAIN_CYTOARCHITECTONIC_ATLAS_V3_1_AREA_OP8_FRONTAL_OPERCULUM,Area Op8 (Frontal Operculum) left,left,24.256617253331857,0.02668888335876776,0.007291058487623817,0.031032960665623888,0.02426270746692389,same
35,NGIQ-BR-00000051,IFG_L_6_4,left,9,AREA_OP6_FRONTAL_OPERCULUM_LEFT.nii.gz,JULICH_BRAIN_CYTOARCHITECTONIC_ATLAS_V3_1_AREA_OP6_FRONTAL_OPERCULUM,Area Op6 (Frontal Operculum) left,left,22.37228252101364,0.010842508298943806,0.006724664806258129,0.019908307819232248,0.01863475001043983,same
35,NGIQ-BR-00000051,IFG_L_6_4,left,10,AREA_6R1_PRECG_LEFT.nii.gz,JULICH_BRAIN_CYTOARCHITECTONIC_ATLAS_V3_1_AREA_6R1_PRECG,Area 6r1 (PreCG) left,left,20.261156599427164,0.01672874258666413,0.006090102187395374,0.023966714549818798,0.01963861193545799,same
36,NGIQ-BR-00000052,IFG_R_6_4,right,1,AREA_45_IFG_RIGHT.nii.gz,JULICH_BRAIN_CYTOARCHITECTONIC_ATLAS_V3_1_AREA_45_IFG,Area 45 (IFG) right,right,662.3632085816234,0.14012938662167393,0.17824834860264213,0.3920748631816104,0.38815820253385397,same
36,NGIQ-BR-00000052,IFG_R_6_4,right,2,FRONTAL_I_1_GAPMAP_RIGHT.nii.gz,JULICH_BRAIN_CYTOARCHITECTONIC_ATLAS_V3_1_FRONTAL_I_1_GAPMAP,Frontal-I.1 (GapMap) right,right,486.1423464436543,0.08174661845015516,0.13082560944916444,0.19441745609793837,0.16964297871033376,same
36,NGIQ-BR-00000052,IFG_R_6_4,right,3,AREA_OP9_FRONTAL_OPERCULUM_RIGHT.nii.gz,JULICH_BRAIN_CYTOARCHITECTONIC_ATLAS_V3_1_AREA_OP9_FRONTAL_OPERCULUM,Area Op9 (Frontal Operculum) right,right,306.56903669996655,0.16406991972478838,0.08250069420596122,0.2876121689651372,0.2736086122073094,same
36,NGIQ-BR-00000052,IFG_R_6_4,right,4,AREA_FO6_OFC_RIGHT.nii.gz,JULICH_BRAIN_CYTOARCHITECTONIC_ATLAS_V3_1_AREA_FO6_OFC,Area Fo6 (OFC) right,right,163.69261479577858,0.10539992295701311,0.04405126656759399,0.17011558472610813,0.1560839716894568,same
36,NGIQ-BR-00000052,IFG_R_6_4,right,5,FRONTAL_TO_TEMPORAL_I_GAPMAP_RIGHT.nii.gz,JULICH_BRAIN_CYTOARCHITECTONIC_ATLAS_V3_1_FRONTAL_TO_TEMPORAL_I_GAPMAP,Frontal-to-Temporal-I (GapMap) right,right,156.8401371400175,0.053756008997057285,0.04220719852433492,0.09031187787967077,0.08902934086841449,same
36,NGIQ-BR-00000052,IFG_R_6_4,right,6,AREA_44_IFG_RIGHT.nii.gz,JULICH_BRAIN_CYTOARCHITECTONIC_ATLAS_V3_1_AREA_44_IFG,Area 44 (IFG) right,right,81.67073246118646,0.04027262844741111,0.02197838436942823,0.06788100012961056,0.06657852329476524,same
36,NGIQ-BR-00000052,IFG_R_6_4,right,7,AREA_OP8_FRONTAL_OPERCULUM_RIGHT.nii.gz,JULICH_BRAIN_CYTOARCHITECTONIC_ATLAS_V3_1_AREA_OP8_FRONTAL_OPERCULUM,Area Op8 (Frontal Operculum) right,right,49.76797177608054,0.048294483089745766,0.013393042770877382,0.06407951233348867,0.0530197393339482,same
36,NGIQ-BR-00000052,IFG_R_6_4,right,8,AREA_OP10_FRONTAL_OPERCULUM_RIGHT.nii.gz,JULICH_BRAIN_CYTOARCHITECTONIC_ATLAS_V3_1_AREA_OP10_FRONTAL_OPERCULUM,Area Op10 (Frontal Operculum) right,right,18.720158273979845,0.03781599653000765,0.005037775731931817,0.032431893100116606,0.02211313955388171,same
36,NGIQ-BR-00000052,IFG_R_6_4,right,9,AREA_OP6_FRONTAL_OPERCULUM_RIGHT.nii.gz,JULICH_BRAIN_CYTOARCHITECTONIC_ATLAS_V3_1_AREA_OP6_FRONTAL_OPERCULUM,Area Op6 (Frontal Operculum) right,right,16.36839788997744,0.022260864303815405,0.004404894256441643,0.02563415784728897,0.018771235785898257,same
36,NGIQ-BR-00000052,IFG_R_6_4,right,10,AREA_ID7_INSULA_RIGHT.nii.gz,JULICH_BRAIN_CYTOARCHITECTONIC_ATLAS_V3_1_AREA_ID7_INSULA,Area Id7 (Insula) right,right,16.225638177914966,0.01754047711031926,0.004366476236550991,0.02239472394898059,0.01779175941450591,same
37,NGIQ-BR-00000053,IFG_L_6_5,left,1,AREA_OP8_FRONTAL_OPERCULUM_LEFT.nii.gz,JULICH_BRAIN_CYTOARCHITECTONIC_ATLAS_V3_1_AREA_OP8_FRONTAL_OPERCULUM,Area Op8 (Frontal Operculum) left,left,546.7591971005502,0.6015839836342268,0.11573371346964222,0.5209264039593612,0.33106545464664927,same
37,NGIQ-BR-00000053,IFG_L_6_5,left,2,FRONTAL_TO_TEMPORAL_I_GAPMAP_LEFT.nii.gz,JULICH_BRAIN_CYTOARCHITECTONIC_ATLAS_V3_1_FRONTAL_TO_TEMPORAL_I_GAPMAP,Frontal-to-Temporal-I (GapMap) left,left,482.61140575675927,0.11033510884469305,0.10215541036571218,0.1572919967513788,0.15711646936183815,same
37,NGIQ-BR-00000053,IFG_L_6_5,left,3,AREA_OP9_FRONTAL_OPERCULUM_LEFT.nii.gz,JULICH_BRAIN_CYTOARCHITECTONIC_ATLAS_V3_1_AREA_OP9_FRONTAL_OPERCULUM,Area Op9 (Frontal Operculum) left,left,404.5453941239393,0.32226006850647193,0.08563100717333384,0.31005517684736106,0.23062211881881625,same
37,NGIQ-BR-00000053,IFG_L_6_5,left,4,AREA_44_IFG_LEFT.nii.gz,JULICH_BRAIN_CYTOARCHITECTONIC_ATLAS_V3_1_AREA_44_IFG,Area 44 (IFG) left,left,311.81449195678175,0.060925195732122524,0.06600245457082211,0.14188874961413506,0.13625903544913062,same
37,NGIQ-BR-00000053,IFG_L_6_5,left,5,AREA_OP7_FRONTAL_OPERCULUM_LEFT.nii.gz,JULICH_BRAIN_CYTOARCHITECTONIC_ATLAS_V3_1_AREA_OP7_FRONTAL_OPERCULUM,Area Op7 (Frontal Operculum) left,left,291.383505861372,0.5430991455624998,0.061677783119097905,0.354112457161171,0.18453890273153825,same
37,NGIQ-BR-00000053,IFG_L_6_5,left,6,AREA_ID6_INSULA_LEFT.nii.gz,JULICH_BRAIN_CYTOARCHITECTONIC_ATLAS_V3_1_AREA_ID6_INSULA,Area Id6 (Insula) left,left,237.39201016568754,0.11238989346246453,0.05024928529815932,0.1373649303588106,0.12028639572334912,same
37,NGIQ-BR-00000053,IFG_L_6_5,left,7,AREA_OP10_FRONTAL_OPERCULUM_LEFT.nii.gz,JULICH_BRAIN_CYTOARCHITECTONIC_ATLAS_V3_1_AREA_OP10_FRONTAL_OPERCULUM,Area Op10 (Frontal Operculum) left,left,222.9880993865853,0.3265881387945024,0.04720037804284279,0.2402152980258562,0.1384569367326133,same
37,NGIQ-BR-00000053,IFG_L_6_5,left,8,AREA_ID7_INSULA_LEFT.nii.gz,JULICH_BRAIN_CYTOARCHITECTONIC_ATLAS_V3_1_AREA_ID7_INSULA,Area Id7 (Insula) left,left,197.14907962479066,0.2635803594651453,0.041730976292847145,0.1964380818935993,0.12055185795421816,same
37,NGIQ-BR-00000053,IFG_L_6_5,left,9,AREA_OP6_FRONTAL_OPERCULUM_LEFT.nii.gz,JULICH_BRAIN_CYTOARCHITECTONIC_ATLAS_V3_1_AREA_OP6_FRONTAL_OPERCULUM,Area Op6 (Frontal Operculum) left,left,163.798473268811,0.07938333087396315,0.034671580601818734,0.10854784351671562,0.08842821002517247,same
37,NGIQ-BR-00000053,IFG_L_6_5,left,10,AREA_45_IFG_LEFT.nii.gz,JULICH_BRAIN_CYTOARCHITECTONIC_ATLAS_V3_1_AREA_45_IFG,Area 45 (IFG) left,left,103.8478808081704,0.03134177421682493,0.02198170775291428,0.05546915007308417,0.050359638682844654,same
38,NGIQ-BR-00000054,IFG_R_6_5,right,1,AREA_OP9_FRONTAL_OPERCULUM_RIGHT.nii.gz,JULICH_BRAIN_CYTOARCHITECTONIC_ATLAS_V3_1_AREA_OP9_FRONTAL_OPERCULUM,Area Op9 (Frontal Operculum) right,right,941.2228876195709,0.503724594229034,0.17628375177809683,0.5611323121362297,0.4273418404976802,same
38,NGIQ-BR-00000054,IFG_R_6_5,right,2,AREA_OP8_FRONTAL_OPERCULUM_RIGHT.nii.gz,JULICH_BRAIN_CYTOARCHITECTONIC_ATLAS_V3_1_AREA_OP8_FRONTAL_OPERCULUM,Area Op8 (Frontal Operculum) right,right,733.5987218599944,0.7118789414792741,0.13739735475001147,0.6002354651925578,0.36304026880966045,same
38,NGIQ-BR-00000054,IFG_R_6_5,right,3,AREA_ID7_INSULA_RIGHT.nii.gz,JULICH_BRAIN_CYTOARCHITECTONIC_ATLAS_V3_1_AREA_ID7_INSULA,Area Id7 (Insula) right,right,360.18530660268556,0.3893727973385381,0.06745991626260713,0.31591027301128716,0.18063318673743425,same
38,NGIQ-BR-00000054,IFG_R_6_5,right,4,AREA_OP7_FRONTAL_OPERCULUM_RIGHT.nii.gz,JULICH_BRAIN_CYTOARCHITECTONIC_ATLAS_V3_1_AREA_OP7_FRONTAL_OPERCULUM,Area Op7 (Frontal Operculum) right,right,316.48687166549877,0.6423557921122576,0.05927553808939814,0.37091706243004846,0.16524665757163312,same
38,NGIQ-BR-00000054,IFG_R_6_5,right,5,AREA_45_IFG_RIGHT.nii.gz,JULICH_BRAIN_CYTOARCHITECTONIC_ATLAS_V3_1_AREA_45_IFG,Area 45 (IFG) right,right,269.00131795562794,0.05690984824815922,0.050381861922632665,0.10118614176506606,0.09646927991162828,same
38,NGIQ-BR-00000054,IFG_R_6_5,right,6,AREA_ID6_INSULA_RIGHT.nii.gz,JULICH_BRAIN_CYTOARCHITECTONIC_ATLAS_V3_1_AREA_ID6_INSULA,Area Id6 (Insula) right,right,260.2951622747488,0.12222626587544619,0.04875126644182037,0.13465230843679662,0.11172980553034906,same
38,NGIQ-BR-00000054,IFG_R_6_5,right,7,AREA_OP10_FRONTAL_OPERCULUM_RIGHT.nii.gz,JULICH_BRAIN_CYTOARCHITECTONIC_ATLAS_V3_1_AREA_OP10_FRONTAL_OPERCULUM,Area Op10 (Frontal Operculum) right,right,219.78082433715002,0.44397225540812413,0.04116324495786736,0.24196158012045552,0.11395856909122268,same
38,NGIQ-BR-00000054,IFG_R_6_5,right,8,FRONTAL_TO_TEMPORAL_I_GAPMAP_RIGHT.nii.gz,JULICH_BRAIN_CYTOARCHITECTONIC_ATLAS_V3_1_FRONTAL_TO_TEMPORAL_I_GAPMAP,Frontal-to-Temporal-I (GapMap) right,right,155.13644998534588,0.05317208052259454,0.029055854676587018,0.056766920998590376,0.054554279289562475,same
38,NGIQ-BR-00000054,IFG_R_6_5,right,9,AREA_OP6_FRONTAL_OPERCULUM_RIGHT.nii.gz,JULICH_BRAIN_CYTOARCHITECTONIC_ATLAS_V3_1_AREA_OP6_FRONTAL_OPERCULUM,Area Op6 (Frontal Operculum) right,right,135.45694434288146,0.18422014648560794,0.02537003579837669,0.13480561611692204,0.06932169834215153,same
38,NGIQ-BR-00000054,IFG_R_6_5,right,10,AREA_ID8_INSULA_RIGHT.nii.gz,JULICH_BRAIN_CYTOARCHITECTONIC_ATLAS_V3_1_AREA_ID8_INSULA,Area Id8 (Insula) right,right,104.46423781783692,0.1072345260461222,0.019565342079325705,0.08669276297052045,0.051844286546907155,same
39,NGIQ-BR-00000055,IFG_L_6_6,left,1,AREA_44_IFG_LEFT.nii.gz,JULICH_BRAIN_CYTOARCHITECTONIC_ATLAS_V3_1_AREA_44_IFG,Area 44 (IFG) left,left,774.3089297114043,0.15129163113540012,0.2665110250376867,0.5701876148909458,0.5595288215382282,same
39,NGIQ-BR-00000055,IFG_L_6_6,left,2,AREA_OP6_FRONTAL_OPERCULUM_LEFT.nii.gz,JULICH_BRAIN_CYTOARCHITECTONIC_ATLAS_V3_1_AREA_OP6_FRONTAL_OPERCULUM,Area Op6 (Frontal Operculum) left,left,327.0661020183292,0.15850939313438747,0.11257357207087071,0.3507508495059871,0.34508043932655735,same
39,NGIQ-BR-00000055,IFG_L_6_6,left,3,AREA_6R1_PRECG_LEFT.nii.gz,JULICH_BRAIN_CYTOARCHITECTONIC_ATLAS_V3_1_AREA_6R1_PRECG,Area 6r1 (PreCG) left,left,177.91447334790604,0.14689612670794833,0.06123675814853807,0.2536265381618755,0.2284091476820013,same
39,NGIQ-BR-00000055,IFG_L_6_6,left,4,AREA_45_IFG_LEFT.nii.gz,JULICH_BRAIN_CYTOARCHITECTONIC_ATLAS_V3_1_AREA_45_IFG,Area 45 (IFG) left,left,144.30436464546554,0.043551729510735666,0.04966842388529503,0.12473409663558564,0.12465939911388346,same
39,NGIQ-BR-00000055,IFG_L_6_6,left,5,AREA_OP8_FRONTAL_OPERCULUM_LEFT.nii.gz,JULICH_BRAIN_CYTOARCHITECTONIC_ATLAS_V3_1_AREA_OP8_FRONTAL_OPERCULUM,Area Op8 (Frontal Operculum) left,left,109.46788372534947,0.12044447705813965,0.03767798197965106,0.16877916815421176,0.14654770718615817,same
39,NGIQ-BR-00000055,IFG_L_6_6,left,6,AREA_OP7_FRONTAL_OPERCULUM_LEFT.nii.gz,JULICH_BRAIN_CYTOARCHITECTONIC_ATLAS_V3_1_AREA_OP7_FRONTAL_OPERCULUM,Area Op7 (Frontal Operculum) left,left,97.10099447131147,0.18098302089799,0.03342139626153252,0.19096411496362004,0.14397162355473953,same
39,NGIQ-BR-00000055,IFG_L_6_6,left,7,AREA_OP9_FRONTAL_OPERCULUM_LEFT.nii.gz,JULICH_BRAIN_CYTOARCHITECTONIC_ATLAS_V3_1_AREA_OP9_FRONTAL_OPERCULUM,Area Op9 (Frontal Operculum) left,left,49.22279984219367,0.03921078593312555,0.016942099384101558,0.061050592794757975,0.057935609057907435,same
39,NGIQ-BR-00000055,IFG_L_6_6,left,8,AREA_ID6_INSULA_LEFT.nii.gz,JULICH_BRAIN_CYTOARCHITECTONIC_ATLAS_V3_1_AREA_ID6_INSULA,Area Id6 (Insula) left,left,35.29115314062619,0.0167080978794281,0.01214693649700749,0.033046652040980486,0.03301260628605889,same
39,NGIQ-BR-00000055,IFG_L_6_6,left,9,AREA_6V3_PRECG_LEFT.nii.gz,JULICH_BRAIN_CYTOARCHITECTONIC_ATLAS_V3_1_AREA_6V3_PRECG,Area 6v3 (PreCG) left,left,35.013699370830494,0.011860986708718439,0.012051439098293022,0.03204662812029617,0.032038462809100214,same
39,NGIQ-BR-00000055,IFG_L_6_6,left,10,FRONTAL_TO_TEMPORAL_I_GAPMAP_LEFT.nii.gz,JULICH_BRAIN_CYTOARCHITECTONIC_ATLAS_V3_1_FRONTAL_TO_TEMPORAL_I_GAPMAP,Frontal-to-Temporal-I (GapMap) left,left,26.644771151353922,0.006091554592491929,0.009170920028119275,0.0140531242042867,0.012294882553838487,same
40,NGIQ-BR-00000056,IFG_R_6_6,right,1,AREA_44_IFG_RIGHT.nii.gz,JULICH_BRAIN_CYTOARCHITECTONIC_ATLAS_V3_1_AREA_44_IFG,Area 44 (IFG) right,right,709.6829949340241,0.3499515519100646,0.2762124636661104,0.7082903709204589,0.7082158498181035,same
40,NGIQ-BR-00000056,IFG_R_6_6,right,2,AREA_6R1_PRECG_RIGHT.nii.gz,JULICH_BRAIN_CYTOARCHITECTONIC_ATLAS_V3_1_AREA_6R1_PRECG,Area 6r1 (PreCG) right,right,282.2656637951432,0.16231968927026724,0.10985932446141618,0.308560744084438,0.30685017156453126,same
40,NGIQ-BR-00000056,IFG_R_6_6,right,3,AREA_45_IFG_RIGHT.nii.gz,JULICH_BRAIN_CYTOARCHITECTONIC_ATLAS_V3_1_AREA_45_IFG,Area 45 (IFG) right,right,190.8433487904627,0.040374768798074306,0.07427726452513495,0.135648496286772,0.1287902963345082,same
40,NGIQ-BR-00000056,IFG_R_6_6,right,4,AREA_OP6_FRONTAL_OPERCULUM_RIGHT.nii.gz,JULICH_BRAIN_CYTOARCHITECTONIC_ATLAS_V3_1_AREA_OP6_FRONTAL_OPERCULUM,Area Op6 (Frontal Operculum) right,right,66.08024898016916,0.08986850549439505,0.025718790644235913,0.1242652529614657,0.10207297986570604,same
40,NGIQ-BR-00000056,IFG_R_6_6,right,5,AREA_6V3_PRECG_RIGHT.nii.gz,JULICH_BRAIN_CYTOARCHITECTONIC_ATLAS_V3_1_AREA_6V3_PRECG,Area 6v3 (PreCG) right,right,63.038188862194374,0.023580333858818362,0.02453480437740371,0.07032893400758407,0.06977508839114084,same
40,NGIQ-BR-00000056,IFG_R_6_6,right,6,AREA_IFJ2_IFS_PRECS_RIGHT.nii.gz,JULICH_BRAIN_CYTOARCHITECTONIC_ATLAS_V3_1_AREA_IFJ2_IFS_PRECS,"Area IFJ2 (IFS, PreCS) right",right,51.17723425581958,0.12826112178768245,0.019918456632502125,0.1282064608849722,0.08723286278029897,same
40,NGIQ-BR-00000056,IFG_R_6_6,right,7,AREA_OP8_FRONTAL_OPERCULUM_RIGHT.nii.gz,JULICH_BRAIN_CYTOARCHITECTONIC_ATLAS_V3_1_AREA_OP8_FRONTAL_OPERCULUM,Area Op8 (Frontal Operculum) right,right,40.018401126159425,0.03883356961303469,0.015575378367439593,0.061871998732523706,0.056043667661719275,same
40,NGIQ-BR-00000056,IFG_R_6_6,right,8,AREA_OP9_FRONTAL_OPERCULUM_RIGHT.nii.gz,JULICH_BRAIN_CYTOARCHITECTONIC_ATLAS_V3_1_AREA_OP9_FRONTAL_OPERCULUM,Area Op9 (Frontal Operculum) right,right,31.167868618107942,0.01668045069786488,0.012130703200841914,0.035111649243148045,0.034791222906805065,same
40,NGIQ-BR-00000056,IFG_R_6_6,right,9,AREA_6V2_PRECG_RIGHT.nii.gz,JULICH_BRAIN_CYTOARCHITECTONIC_ATLAS_V3_1_AREA_6V2_PRECG,Area 6v2 (PreCG) right,right,27.53941495693639,0.006327564122066873,0.010718489392416528,0.020881493603697603,0.020193587712352034,same
40,NGIQ-BR-00000056,IFG_R_6_6,right,10,AREA_OP4_POPERC_RIGHT.nii.gz,JULICH_BRAIN_CYTOARCHITECTONIC_ATLAS_V3_1_AREA_OP4_POPERC,Area Op4 (POperc) right,right,19.895592314643938,0.006854132285319336,0.007743472238383303,0.018946325370854295,0.018936374564777928,same
41,NGIQ-BR-00000057,OrG_L_6_1,left,1,AREA_FP2_FPOLE_LEFT.nii.gz,JULICH_BRAIN_CYTOARCHITECTONIC_ATLAS_V3_1_AREA_FP2_FPOLE,Area Fp2 (FPole) left,left,915.8095719854207,0.4497266810231283,0.1655276494632137,0.5537774526361184,0.4837949111038051,same
41,NGIQ-BR-00000057,OrG_L_6_1,left,2,AREA_P32_PACC_LEFT.nii.gz,JULICH_BRAIN_CYTOARCHITECTONIC_ATLAS_V3_1_AREA_P32_PACC,Area p32 (pACC) left,left,476.8461982533307,0.116236090831356,0.08618738301809319,0.2099687267670052,0.20523355878597171,same
41,NGIQ-BR-00000057,OrG_L_6_1,left,3,AREA_FP1_FPOLE_LEFT.nii.gz,JULICH_BRAIN_CYTOARCHITECTONIC_ATLAS_V3_1_AREA_FP1_FPOLE,Area Fp1 (FPole) left,left,341.6853122031332,0.07075926119417104,0.061757780564002836,0.13429307493624745,0.1336140906218173,same
41,NGIQ-BR-00000057,OrG_L_6_1,left,4,AREA_S32_SACC_LEFT.nii.gz,JULICH_BRAIN_CYTOARCHITECTONIC_ATLAS_V3_1_AREA_S32_SACC,Area s32 (sACC) left,left,279.8803227413456,0.28249829089877343,0.05058686147377164,0.26113207552114065,0.17371480888490098,same
41,NGIQ-BR-00000057,OrG_L_6_1,left,5,AREA_FO1_OFC_LEFT.nii.gz,JULICH_BRAIN_CYTOARCHITECTONIC_ATLAS_V3_1_AREA_FO1_OFC,Area Fo1 (OFC) left,left,131.46297764634647,0.09161846465909076,0.023761225419449056,0.09521303164846899,0.07530387029632002,same
41,NGIQ-BR-00000057,OrG_L_6_1,left,6,FRONTAL_TO_TEMPORAL_I_GAPMAP_LEFT.nii.gz,JULICH_BRAIN_CYTOARCHITECTONIC_ATLAS_V3_1_FRONTAL_TO_TEMPORAL_I_GAPMAP,Frontal-to-Temporal-I (GapMap) left,left,68.94397195985081,0.01576204076330839,0.012461251740829692,0.022914953399947483,0.022863818538973756,same
41,NGIQ-BR-00000057,OrG_L_6_1,left,7,AREA_S24_SACC_LEFT.nii.gz,JULICH_BRAIN_CYTOARCHITECTONIC_ATLAS_V3_1_AREA_S24_SACC,Area s24 (sACC) left,left,36.871044972353396,0.056693709297316805,0.006664242866882004,0.04550813589271521,0.02419874748333969,same
41,NGIQ-BR-00000057,OrG_L_6_1,left,8,AREA_FO2_OFC_LEFT.nii.gz,JULICH_BRAIN_CYTOARCHITECTONIC_ATLAS_V3_1_AREA_FO2_OFC,Area Fo2 (OFC) left,left,26.151884545773783,0.016359666719615886,0.004726812331203928,0.017375762569719996,0.014452323256172519,same
41,NGIQ-BR-00000057,OrG_L_6_1,left,9,AREA_FO6_OFC_LEFT.nii.gz,JULICH_BRAIN_CYTOARCHITECTONIC_ATLAS_V3_1_AREA_FO6_OFC,Area Fo6 (OFC) left,left,25.484177314030017,0.019555120456778964,0.004606127843968744,0.021083290181596694,0.015290775817659306,same
41,NGIQ-BR-00000057,OrG_L_6_1,left,10,AREA_ID10_INSULA_LEFT.nii.gz,JULICH_BRAIN_CYTOARCHITECTONIC_ATLAS_V3_1_AREA_ID10_INSULA,Area Id10 (Insula) left,left,14.941026809273593,0.012848594317519106,0.002700510154031551,0.012765722676217707,0.009052798619169496,same
42,NGIQ-BR-00000058,OrG_R_6_1,right,1,AREA_P32_PACC_RIGHT.nii.gz,JULICH_BRAIN_CYTOARCHITECTONIC_ATLAS_V3_1_AREA_P32_PACC,Area p32 (pACC) right,right,877.6325530473913,0.24459534697185126,0.14419345516167933,0.36837829646661635,0.3345179634983491,same
42,NGIQ-BR-00000058,OrG_R_6_1,right,2,AREA_FP2_FPOLE_RIGHT.nii.gz,JULICH_BRAIN_CYTOARCHITECTONIC_ATLAS_V3_1_AREA_FP2_FPOLE,Area Fp2 (FPole) right,right,481.2186646816488,0.27071010081081925,0.07906336394177668,0.28745387561645114,0.2150600943423162,same
42,NGIQ-BR-00000058,OrG_R_6_1,right,3,AREA_S32_SACC_RIGHT.nii.gz,JULICH_BRAIN_CYTOARCHITECTONIC_ATLAS_V3_1_AREA_S32_SACC,Area s32 (sACC) right,right,441.70874544663815,0.583629090191324,0.07257195503964194,0.43608421675464043,0.2209688288313451,same
42,NGIQ-BR-00000058,OrG_R_6_1,right,4,AREA_S24_SACC_RIGHT.nii.gz,JULICH_BRAIN_CYTOARCHITECTONIC_ATLAS_V3_1_AREA_S24_SACC,Area s24 (sACC) right,right,173.3618239828011,0.2229171325610263,0.028483036900137784,0.16237699776632622,0.08606700817781046,same
42,NGIQ-BR-00000058,OrG_R_6_1,right,5,AREA_P24C_PACC_RIGHT.nii.gz,JULICH_BRAIN_CYTOARCHITECTONIC_ATLAS_V3_1_AREA_P24C_PACC,Area p24c (pACC) right,right,165.07942355938647,0.09979159864817008,0.027122253358166974,0.10792072791766312,0.07588309193583435,same
42,NGIQ-BR-00000058,OrG_R_6_1,right,6,AREA_FP1_FPOLE_RIGHT.nii.gz,JULICH_BRAIN_CYTOARCHITECTONIC_ATLAS_V3_1_AREA_FP1_FPOLE,Area Fp1 (FPole) right,right,112.43976859927315,0.020593614161398745,0.018473652413658136,0.035386484553067254,0.03494794275319592,same
42,NGIQ-BR-00000058,OrG_R_6_1,right,7,FRONTAL_TO_TEMPORAL_II_GAPMAP_RIGHT.nii.gz,JULICH_BRAIN_CYTOARCHITECTONIC_ATLAS_V3_1_FRONTAL_TO_TEMPORAL_II_GAPMAP,Frontal-to-Temporal-II (GapMap) right,right,86.12639117420959,0.008771070026914312,0.014150411673876276,0.01733287550123026,0.01663402321560005,same
42,NGIQ-BR-00000058,OrG_R_6_1,right,8,AREA_FO2_OFC_RIGHT.nii.gz,JULICH_BRAIN_CYTOARCHITECTONIC_ATLAS_V3_1_AREA_FO2_OFC,Area Fo2 (OFC) right,right,66.51704710339718,0.04228087079122986,0.010928631596090182,0.03824074572782571,0.02933409208575415,same
42,NGIQ-BR-00000058,OrG_R_6_1,right,9,AREA_25_SACC_RIGHT.nii.gz,JULICH_BRAIN_CYTOARCHITECTONIC_ATLAS_V3_1_AREA_25_SACC,Area 25 (sACC) right,right,43.28127378424521,0.1298433576092972,0.007111035693786449,0.06492089831067638,0.022532316068209452,same
42,NGIQ-BR-00000058,OrG_R_6_1,right,10,AREA_P24AB_PACC_RIGHT.nii.gz,JULICH_BRAIN_CYTOARCHITECTONIC_ATLAS_V3_1_AREA_P24AB_PACC,Area p24ab (pACC) right,right,24.55839272013534,0.02721497280445539,0.004034899898867503,0.02477507967770245,0.012321475598002675,same
43,NGIQ-BR-00000059,OrG_L_6_2,left,1,FRONTAL_TO_TEMPORAL_I_GAPMAP_LEFT.nii.gz,JULICH_BRAIN_CYTOARCHITECTONIC_ATLAS_V3_1_FRONTAL_TO_TEMPORAL_I_GAPMAP,Frontal-to-Temporal-I (GapMap) left,left,802.5250129830324,0.18347408204997948,0.13208981134260556,0.29052116648053566,0.2871846771371175,same
43,NGIQ-BR-00000059,OrG_L_6_2,left,2,AREA_FO3_OFC_LEFT.nii.gz,JULICH_BRAIN_CYTOARCHITECTONIC_ATLAS_V3_1_AREA_FO3_OFC,Area Fo3 (OFC) left,left,496.3436533166552,0.14633556844158385,0.0816945745827897,0.25180884101479645,0.2475511981171467,same
43,NGIQ-BR-00000059,OrG_L_6_2,left,3,AREA_FO7_OFC_LEFT.nii.gz,JULICH_BRAIN_CYTOARCHITECTONIC_ATLAS_V3_1_AREA_FO7_OFC,Area Fo7 (OFC) left,left,493.2756424732544,0.44321586359904636,0.08118960219321203,0.4649377651319918,0.34656328537742187,same
43,NGIQ-BR-00000059,OrG_L_6_2,left,4,AREA_FO6_OFC_LEFT.nii.gz,JULICH_BRAIN_CYTOARCHITECTONIC_ATLAS_V3_1_AREA_FO6_OFC,Area Fo6 (OFC) left,left,464.8035822899147,0.35666405583427063,0.07650330706557074,0.4188261197563669,0.3215130903726462,same
43,NGIQ-BR-00000059,OrG_L_6_2,left,5,AREA_FO4_OFC_LEFT.nii.gz,JULICH_BRAIN_CYTOARCHITECTONIC_ATLAS_V3_1_AREA_FO4_OFC,Area Fo4 (OFC) left,left,212.98388967985733,0.24088072515314193,0.03505560742867647,0.23712820773469534,0.15705380350744588,same
43,NGIQ-BR-00000059,OrG_L_6_2,left,6,AREA_ID10_INSULA_LEFT.nii.gz,JULICH_BRAIN_CYTOARCHITECTONIC_ATLAS_V3_1_AREA_ID10_INSULA,Area Id10 (Insula) left,left,211.9612610822409,0.18227691372490556,0.03488729015962262,0.19725043919951954,0.1482796187581321,same
43,NGIQ-BR-00000059,OrG_L_6_2,left,7,FRONTAL_TO_TEMPORAL_II_GAPMAP_LEFT.nii.gz,JULICH_BRAIN_CYTOARCHITECTONIC_ATLAS_V3_1_FRONTAL_TO_TEMPORAL_II_GAPMAP,Frontal-to-Temporal-II (GapMap) left,left,115.75602893832964,0.009703548382425884,0.01905260493675906,0.025629589768484912,0.021101416114215996,same
43,NGIQ-BR-00000059,OrG_L_6_2,left,8,AREA_FO5_OFC_LEFT.nii.gz,JULICH_BRAIN_CYTOARCHITECTONIC_ATLAS_V3_1_AREA_FO5_OFC,Area Fo5 (OFC) left,left,95.14615386831716,0.15093508146885168,0.01566036860050648,0.14353706999905116,0.07440882190229121,same
43,NGIQ-BR-00000059,OrG_L_6_2,left,9,AREA_FP1_FPOLE_LEFT.nii.gz,JULICH_BRAIN_CYTOARCHITECTONIC_ATLAS_V3_1_AREA_FP1_FPOLE,Area Fp1 (FPole) left,left,63.6889035192592,0.013189269770573114,0.010482732767675395,0.027263876340968746,0.02726066342411886,same
43,NGIQ-BR-00000059,OrG_L_6_2,left,10,FRONTAL_I_1_GAPMAP_LEFT.nii.gz,JULICH_BRAIN_CYTOARCHITECTONIC_ATLAS_V3_1_FRONTAL_I_1_GAPMAP,Frontal-I.1 (GapMap) left,left,47.03078640947434,0.007848218270575382,0.007740927203041818,0.014502247672135414,0.013821013842729915,same
44,NGIQ-BR-00000060,OrG_R_6_2,right,1,FRONTAL_TO_TEMPORAL_I_GAPMAP_RIGHT.nii.gz,JULICH_BRAIN_CYTOARCHITECTONIC_ATLAS_V3_1_FRONTAL_TO_TEMPORAL_I_GAPMAP,Frontal-to-Temporal-I (GapMap) right,right,705.9172383529809,0.24194886658511144,0.12558322785301348,0.34375335586672534,0.3437527215784706,same
44,NGIQ-BR-00000060,OrG_R_6_2,right,2,AREA_FO6_OFC_RIGHT.nii.gz,JULICH_BRAIN_CYTOARCHITECTONIC_ATLAS_V3_1_AREA_FO6_OFC,Area Fo6 (OFC) right,right,623.6064726841881,0.40153353441393724,0.11094007837580627,0.5480638160261728,0.46515569056538275,same
44,NGIQ-BR-00000060,OrG_R_6_2,right,3,AREA_FO7_OFC_RIGHT.nii.gz,JULICH_BRAIN_CYTOARCHITECTONIC_ATLAS_V3_1_AREA_FO7_OFC,Area Fo7 (OFC) right,right,450.2277992735248,0.4057053227440094,0.08009587700938897,0.47812397969075204,0.3627591920389001,same
44,NGIQ-BR-00000060,OrG_R_6_2,right,4,AREA_FO3_OFC_RIGHT.nii.gz,JULICH_BRAIN_CYTOARCHITECTONIC_ATLAS_V3_1_AREA_FO3_OFC,Area Fo3 (OFC) right,right,312.695982510855,0.07200721131613093,0.05562885942834377,0.14232895879322038,0.14198651888449484,same
44,NGIQ-BR-00000060,OrG_R_6_2,right,5,AREA_FP1_FPOLE_RIGHT.nii.gz,JULICH_BRAIN_CYTOARCHITECTONIC_ATLAS_V3_1_AREA_FP1_FPOLE,Area Fp1 (FPole) right,right,268.9106051738356,0.04925162436606088,0.04783940661433621,0.11404991462480793,0.11293986298023759,same
44,NGIQ-BR-00000060,OrG_R_6_2,right,6,AREA_FO4_OFC_RIGHT.nii.gz,JULICH_BRAIN_CYTOARCHITECTONIC_ATLAS_V3_1_AREA_FO4_OFC,Area Fo4 (OFC) right,right,251.49891314325316,0.23011636602306015,0.04474185300779039,0.27120121589544105,0.2037090059382767,same
44,NGIQ-BR-00000060,OrG_R_6_2,right,7,AREA_ID10_INSULA_RIGHT.nii.gz,JULICH_BRAIN_CYTOARCHITECTONIC_ATLAS_V3_1_AREA_ID10_INSULA,Area Id10 (Insula) right,right,199.4471973285507,0.16799384417204657,0.03548181212459912,0.1867095572581795,0.15304693361118493,same
44,NGIQ-BR-00000060,OrG_R_6_2,right,8,AREA_FO5_OFC_RIGHT.nii.gz,JULICH_BRAIN_CYTOARCHITECTONIC_ATLAS_V3_1_AREA_FO5_OFC,Area Fo5 (OFC) right,right,151.8855386254972,0.15458665128022148,0.027020555907214937,0.19344502971003133,0.12924264295004861,same
44,NGIQ-BR-00000060,OrG_R_6_2,right,9,FRONTAL_I_1_GAPMAP_RIGHT.nii.gz,JULICH_BRAIN_CYTOARCHITECTONIC_ATLAS_V3_1_FRONTAL_I_1_GAPMAP,Frontal-I.1 (GapMap) right,right,110.05796189569008,0.01850664992322668,0.0195793973497975,0.0372219198183034,0.03485524627261769,same
44,NGIQ-BR-00000060,OrG_R_6_2,right,10,AREA_ID8_INSULA_RIGHT.nii.gz,JULICH_BRAIN_CYTOARCHITECTONIC_ATLAS_V3_1_AREA_ID8_INSULA,Area Id8 (Insula) right,right,60.209502511781835,0.06180619894611721,0.010711317505852995,0.06649544745087065,0.04915806150756486,same
45,NGIQ-BR-00000061,OrG_L_6_3,left,1,AREA_FO3_OFC_LEFT.nii.gz,JULICH_BRAIN_CYTOARCHITECTONIC_ATLAS_V3_1_AREA_FO3_OFC,Area Fo3 (OFC) left,left,2012.8383345196958,0.5934393235306162,0.26794648730158827,0.7826206129846474,0.7091806667259203,same
45,NGIQ-BR-00000061,OrG_L_6_3,left,2,AREA_FO4_OFC_LEFT.nii.gz,JULICH_BRAIN_CYTOARCHITECTONIC_ATLAS_V3_1_AREA_FO4_OFC,Area Fo4 (OFC) left,left,378.5507907676152,0.4281337387746197,0.05039220135661048,0.32300891470597864,0.17290435334242832,same
45,NGIQ-BR-00000061,OrG_L_6_3,left,3,AREA_FO7_OFC_LEFT.nii.gz,JULICH_BRAIN_CYTOARCHITECTONIC_ATLAS_V3_1_AREA_FO7_OFC,Area Fo7 (OFC) left,left,269.4905150795035,0.24214143389249182,0.03587423571892534,0.19467156644517844,0.11942432741136783,same
45,NGIQ-BR-00000061,OrG_L_6_3,left,4,AREA_FO1_OFC_LEFT.nii.gz,JULICH_BRAIN_CYTOARCHITECTONIC_ATLAS_V3_1_AREA_FO1_OFC,Area Fo1 (OFC) left,left,191.25572684484857,0.13328890281126574,0.025459719891820155,0.11562660837973332,0.08110759796859317,same
45,NGIQ-BR-00000061,OrG_L_6_3,left,5,FRONTAL_TO_TEMPORAL_I_GAPMAP_LEFT.nii.gz,JULICH_BRAIN_CYTOARCHITECTONIC_ATLAS_V3_1_FRONTAL_TO_TEMPORAL_I_GAPMAP,Frontal-to-Temporal-I (GapMap) left,left,144.21690605684796,0.03297101526657057,0.01919797170231082,0.04001190807496891,0.03975435308369688,same
45,NGIQ-BR-00000061,OrG_L_6_3,left,6,FRONTAL_TO_TEMPORAL_II_GAPMAP_LEFT.nii.gz,JULICH_BRAIN_CYTOARCHITECTONIC_ATLAS_V3_1_FRONTAL_TO_TEMPORAL_II_GAPMAP,Frontal-to-Temporal-II (GapMap) left,left,118.50165088883227,0.009933707240507883,0.01577478953503657,0.02010834473247747,0.018753393794803393,same
45,NGIQ-BR-00000061,OrG_L_6_3,left,7,AREA_ID10_INSULA_LEFT.nii.gz,JULICH_BRAIN_CYTOARCHITECTONIC_ATLAS_V3_1_AREA_ID10_INSULA,Area Id10 (Insula) left,left,90.36447076281027,0.0777092793132545,0.012029203787764587,0.06444853946124585,0.039936307582349374,same
45,NGIQ-BR-00000061,OrG_L_6_3,left,8,AREA_FO6_OFC_LEFT.nii.gz,JULICH_BRAIN_CYTOARCHITECTONIC_ATLAS_V3_1_AREA_FO6_OFC,Area Fo6 (OFC) left,left,59.56399956916855,0.04570605407855817,0.007929084109976673,0.04113410286275178,0.02613693954471897,same
45,NGIQ-BR-00000061,OrG_L_6_3,left,9,AREA_FO2_OFC_LEFT.nii.gz,JULICH_BRAIN_CYTOARCHITECTONIC_ATLAS_V3_1_AREA_FO2_OFC,Area Fo2 (OFC) left,left,48.67918591464853,0.03045192618344464,0.006480111515584509,0.02699818692097487,0.020100324317337756,same
45,NGIQ-BR-00000061,OrG_L_6_3,left,10,AREA_FP1_FPOLE_LEFT.nii.gz,JULICH_BRAIN_CYTOARCHITECTONIC_ATLAS_V3_1_AREA_FP1_FPOLE,Area Fp1 (FPole) left,left,40.770219762554795,0.008443063035168754,0.00542727996806415,0.013375830905629788,0.012863142816304662,same
46,NGIQ-BR-00000062,OrG_R_6_3,right,1,AREA_FO3_OFC_RIGHT.nii.gz,JULICH_BRAIN_CYTOARCHITECTONIC_ATLAS_V3_1_AREA_FO3_OFC,Area Fo3 (OFC) right,right,3001.749902216898,0.6912389401088775,0.32822251307475825,0.822401422864479,0.7493045325052421,same
46,NGIQ-BR-00000062,OrG_R_6_3,right,2,AREA_FO1_OFC_RIGHT.nii.gz,JULICH_BRAIN_CYTOARCHITECTONIC_ATLAS_V3_1_AREA_FO1_OFC,Area Fo1 (OFC) right,right,417.78046733344416,0.21701136821001,0.045681672147455846,0.17154811633072373,0.12460775863841184,same
46,NGIQ-BR-00000062,OrG_R_6_3,right,3,AREA_FO7_OFC_RIGHT.nii.gz,JULICH_BRAIN_CYTOARCHITECTONIC_ATLAS_V3_1_AREA_FO7_OFC,Area Fo7 (OFC) right,right,337.35981698826595,0.303998717211447,0.03688817874552168,0.2156452757424679,0.11079595639685377,same
46,NGIQ-BR-00000062,OrG_R_6_3,right,4,AREA_FO4_OFC_RIGHT.nii.gz,JULICH_BRAIN_CYTOARCHITECTONIC_ATLAS_V3_1_AREA_FO4_OFC,Area Fo4 (OFC) right,right,287.03778285184256,0.2626337055522747,0.031385780129603545,0.18630862626111674,0.09447149330050995,same
46,NGIQ-BR-00000062,OrG_R_6_3,right,5,FRONTAL_TO_TEMPORAL_I_GAPMAP_RIGHT.nii.gz,JULICH_BRAIN_CYTOARCHITECTONIC_ATLAS_V3_1_FRONTAL_TO_TEMPORAL_I_GAPMAP,Frontal-to-Temporal-I (GapMap) right,right,212.72650827152165,0.07291072490167311,0.023260308625622488,0.06235239617600199,0.05514884611933924,same
46,NGIQ-BR-00000062,OrG_R_6_3,right,6,AREA_ID10_INSULA_RIGHT.nii.gz,JULICH_BRAIN_CYTOARCHITECTONIC_ATLAS_V3_1_AREA_ID10_INSULA,Area Id10 (Insula) right,right,156.00827536158502,0.13140535566148132,0.01705852581583206,0.08790723581331807,0.050212980314664736,same
46,NGIQ-BR-00000062,OrG_R_6_3,right,7,AREA_FO2_OFC_RIGHT.nii.gz,JULICH_BRAIN_CYTOARCHITECTONIC_ATLAS_V3_1_AREA_FO2_OFC,Area Fo2 (OFC) right,right,130.37424442040458,0.08287103566510876,0.014255605409459577,0.06079853723558338,0.04030141505595851,same
46,NGIQ-BR-00000062,OrG_R_6_3,right,8,FRONTAL_TO_TEMPORAL_II_GAPMAP_RIGHT.nii.gz,JULICH_BRAIN_CYTOARCHITECTONIC_ATLAS_V3_1_FRONTAL_TO_TEMPORAL_II_GAPMAP,Frontal-to-Temporal-II (GapMap) right,right,89.84959275997213,0.009150239075887776,0.009824489079733711,0.01466757829730678,0.0146212538162987,same
46,NGIQ-BR-00000062,OrG_R_6_3,right,9,AREA_FP1_FPOLE_RIGHT.nii.gz,JULICH_BRAIN_CYTOARCHITECTONIC_ATLAS_V3_1_AREA_FP1_FPOLE,Area Fp1 (FPole) right,right,87.13544835730592,0.015959067024106665,0.009527714423046634,0.022244378783031562,0.020822082226927614,same
46,NGIQ-BR-00000062,OrG_R_6_3,right,10,AREA_FO6_OFC_RIGHT.nii.gz,JULICH_BRAIN_CYTOARCHITECTONIC_ATLAS_V3_1_AREA_FO6_OFC,Area Fo6 (OFC) right,right,59.87125386608162,0.038550459669164705,0.006546545863247673,0.0316721281983709,0.019040628548358845,same
47,NGIQ-BR-00000063,OrG_L_6_4,left,1,AREA_FO1_OFC_LEFT.nii.gz,JULICH_BRAIN_CYTOARCHITECTONIC_ATLAS_V3_1_AREA_FO1_OFC,Area Fo1 (OFC) left,left,670.3827352918503,0.46719949632228575,0.10868194571234736,0.524454244700985,0.4340007288889112,same
47,NGIQ-BR-00000063,OrG_L_6_4,left,2,AREA_FP1_FPOLE_LEFT.nii.gz,JULICH_BRAIN_CYTOARCHITECTONIC_ATLAS_V3_1_AREA_FP1_FPOLE,Area Fp1 (FPole) left,left,512.3175213444661,0.10609531054589755,0.08305653190487304,0.21749955438536892,0.21743872682277923,same
47,NGIQ-BR-00000063,OrG_L_6_4,left,3,AREA_FP2_FPOLE_LEFT.nii.gz,JULICH_BRAIN_CYTOARCHITECTONIC_ATLAS_V3_1_AREA_FP2_FPOLE,Area Fp2 (FPole) left,left,342.2338075945906,0.16806078373886368,0.055482687933084356,0.2235346511822499,0.20228231820579307,same
47,NGIQ-BR-00000063,OrG_L_6_4,left,4,AREA_FO2_OFC_LEFT.nii.gz,JULICH_BRAIN_CYTOARCHITECTONIC_ATLAS_V3_1_AREA_FO2_OFC,Area Fo2 (OFC) left,left,228.12603031406414,0.14270733795397517,0.03698362075415434,0.16372220361217177,0.14183241094078622,same
47,NGIQ-BR-00000063,OrG_L_6_4,left,5,FRONTAL_TO_TEMPORAL_I_GAPMAP_LEFT.nii.gz,JULICH_BRAIN_CYTOARCHITECTONIC_ATLAS_V3_1_FRONTAL_TO_TEMPORAL_I_GAPMAP,Frontal-to-Temporal-I (GapMap) left,left,150.73867150584823,0.03446202789514006,0.02443764024772778,0.05411768575907673,0.05356150940914088,same
47,NGIQ-BR-00000063,OrG_L_6_4,left,6,AREA_FO3_OFC_LEFT.nii.gz,JULICH_BRAIN_CYTOARCHITECTONIC_ATLAS_V3_1_AREA_FO3_OFC,Area Fo3 (OFC) left,left,137.9676481802415,0.04067660397809828,0.02236721153485161,0.06941624122476553,0.0681366292869396,same
47,NGIQ-BR-00000063,OrG_L_6_4,left,7,AREA_S32_SACC_LEFT.nii.gz,JULICH_BRAIN_CYTOARCHITECTONIC_ATLAS_V3_1_AREA_S32_SACC,Area s32 (sACC) left,left,108.38910997304765,0.10940296916737059,0.01757196112870065,0.10923589203310947,0.0768695361204502,same
47,NGIQ-BR-00000063,OrG_L_6_4,left,8,AREA_FO6_OFC_LEFT.nii.gz,JULICH_BRAIN_CYTOARCHITECTONIC_ATLAS_V3_1_AREA_FO6_OFC,Area Fo6 (OFC) left,left,79.61251144292014,0.061090151428035346,0.012906720580887647,0.07114443704914299,0.054323401467707456,same
47,NGIQ-BR-00000063,OrG_L_6_4,left,9,FRONTAL_TO_TEMPORAL_II_GAPMAP_LEFT.nii.gz,JULICH_BRAIN_CYTOARCHITECTONIC_ATLAS_V3_1_FRONTAL_TO_TEMPORAL_II_GAPMAP,Frontal-to-Temporal-II (GapMap) left,left,63.159844486999546,0.005294537247235829,0.010239426566896904,0.013868657352693357,0.011472025641970578,same
47,NGIQ-BR-00000063,OrG_L_6_4,left,10,AREA_ID10_INSULA_LEFT.nii.gz,JULICH_BRAIN_CYTOARCHITECTONIC_ATLAS_V3_1_AREA_ID10_INSULA,Area Id10 (Insula) left,left,42.49220563401858,0.03654133807652597,0.006888804473617311,0.0392162524705114,0.029318651128538938,same
48,NGIQ-BR-00000064,OrG_R_6_4,right,1,AREA_FP1_FPOLE_RIGHT.nii.gz,JULICH_BRAIN_CYTOARCHITECTONIC_ATLAS_V3_1_AREA_FP1_FPOLE,Area Fp1 (FPole) right,right,899.6063482372838,0.16476506723141102,0.13804950863273419,0.31012456751204887,0.3094266800875764,same
48,NGIQ-BR-00000064,OrG_R_6_4,right,2,AREA_FO1_OFC_RIGHT.nii.gz,JULICH_BRAIN_CYTOARCHITECTONIC_ATLAS_V3_1_AREA_FO1_OFC,Area Fo1 (OFC) right,right,617.9475444655122,0.320985906694977,0.09482742650874182,0.34264759016860985,0.29775785809306893,same
48,NGIQ-BR-00000064,OrG_R_6_4,right,3,AREA_FP2_FPOLE_RIGHT.nii.gz,JULICH_BRAIN_CYTOARCHITECTONIC_ATLAS_V3_1_AREA_FP2_FPOLE,Area Fp2 (FPole) right,right,451.8938404440535,0.2542133879684969,0.06934557848518672,0.2956843302249854,0.23443540239846744,same
48,NGIQ-BR-00000064,OrG_R_6_4,right,4,AREA_FO2_OFC_RIGHT.nii.gz,JULICH_BRAIN_CYTOARCHITECTONIC_ATLAS_V3_1_AREA_FO2_OFC,Area Fo2 (OFC) right,right,121.96079024266088,0.07752311081745046,0.018715549527245443,0.07680328651364766,0.0623027508242781,same
48,NGIQ-BR-00000064,OrG_R_6_4,right,5,AREA_P32_PACC_RIGHT.nii.gz,JULICH_BRAIN_CYTOARCHITECTONIC_ATLAS_V3_1_AREA_P32_PACC,Area p32 (pACC) right,right,89.73075802755996,0.02500787581042826,0.013769675013098174,0.041256162726313314,0.03878477120315893,same
48,NGIQ-BR-00000064,OrG_R_6_4,right,6,FRONTAL_TO_TEMPORAL_II_GAPMAP_RIGHT.nii.gz,JULICH_BRAIN_CYTOARCHITECTONIC_ATLAS_V3_1_FRONTAL_TO_TEMPORAL_II_GAPMAP,Frontal-to-Temporal-II (GapMap) right,right,68.49934094276016,0.006975939755691752,0.010511598075472828,0.015100347573990782,0.014072198017544012,same
48,NGIQ-BR-00000064,OrG_R_6_4,right,7,FRONTAL_TO_TEMPORAL_I_GAPMAP_RIGHT.nii.gz,JULICH_BRAIN_CYTOARCHITECTONIC_ATLAS_V3_1_FRONTAL_TO_TEMPORAL_I_GAPMAP,Frontal-to-Temporal-I (GapMap) right,right,56.84844888134314,0.019484462238171005,0.008723705040521272,0.022501341158481278,0.02203524767825247,same
48,NGIQ-BR-00000064,OrG_R_6_4,right,8,AREA_S32_SACC_RIGHT.nii.gz,JULICH_BRAIN_CYTOARCHITECTONIC_ATLAS_V3_1_AREA_S32_SACC,Area s32 (sACC) right,right,56.17116240519661,0.07421887102639324,0.008619771730781042,0.060745479562550414,0.033258101513191814,same
48,NGIQ-BR-00000064,OrG_R_6_4,right,9,AREA_FO3_OFC_RIGHT.nii.gz,JULICH_BRAIN_CYTOARCHITECTONIC_ATLAS_V3_1_AREA_FO3_OFC,Area Fo3 (OFC) right,right,53.16698190906046,0.012243221261193295,0.008158763821990418,0.01967023752727978,0.01948493950721964,same
48,NGIQ-BR-00000064,OrG_R_6_4,right,10,AREA_FO6_OFC_RIGHT.nii.gz,JULICH_BRAIN_CYTOARCHITECTONIC_ATLAS_V3_1_AREA_FO6_OFC,Area Fo6 (OFC) right,right,51.50296086095346,0.03316220535407165,0.007903410701710849,0.03679165623266824,0.027586446005249687,same
49,NGIQ-BR-00000065,OrG_L_6_5,left,1,FRONTAL_TO_TEMPORAL_II_GAPMAP_LEFT.nii.gz,JULICH_BRAIN_CYTOARCHITECTONIC_ATLAS_V3_1_FRONTAL_TO_TEMPORAL_II_GAPMAP,Frontal-to-Temporal-II (GapMap) left,left,1403.64368330535,0.11766406050346044,0.17812897710570688,0.22737106074767977,0.2154302705149777,same
49,NGIQ-BR-00000065,OrG_L_6_5,left,2,AREA_FO2_OFC_LEFT.nii.gz,JULICH_BRAIN_CYTOARCHITECTONIC_ATLAS_V3_1_AREA_FO2_OFC,Area Fo2 (OFC) left,left,1052.55754871303,0.6584416763549742,0.13357449737930058,0.557267267394292,0.40198459999024644,same
49,NGIQ-BR-00000065,OrG_L_6_5,left,3,AREA_FO3_OFC_LEFT.nii.gz,JULICH_BRAIN_CYTOARCHITECTONIC_ATLAS_V3_1_AREA_FO3_OFC,Area Fo3 (OFC) left,left,446.72876160129044,0.13170775294758064,0.05669197838040366,0.16581075343749632,0.14719958961092902,same
49,NGIQ-BR-00000065,OrG_L_6_5,left,4,AREA_S32_SACC_LEFT.nii.gz,JULICH_BRAIN_CYTOARCHITECTONIC_ATLAS_V3_1_AREA_S32_SACC,Area s32 (sACC) left,left,319.4347758632474,0.32242273179882036,0.04053777361966926,0.2374908325779705,0.13199659096378008,same
49,NGIQ-BR-00000065,OrG_L_6_5,left,5,AREA_FO1_OFC_LEFT.nii.gz,JULICH_BRAIN_CYTOARCHITECTONIC_ATLAS_V3_1_AREA_FO1_OFC,Area Fo1 (OFC) left,left,294.8655771722822,0.20549611719594213,0.03741982689060865,0.17017423431178602,0.1154234822077877,same
49,NGIQ-BR-00000065,OrG_L_6_5,left,6,AREA_25_SACC_LEFT.nii.gz,JULICH_BRAIN_CYTOARCHITECTONIC_ATLAS_V3_1_AREA_25_SACC,Area 25 (sACC) left,left,200.83920004759855,0.6757634702365276,0.025487437939351012,0.2800080791080919,0.08832141275993706,same
49,NGIQ-BR-00000065,OrG_L_6_5,left,7,AREA_S24_SACC_LEFT.nii.gz,JULICH_BRAIN_CYTOARCHITECTONIC_ATLAS_V3_1_AREA_S24_SACC,Area s24 (sACC) left,left,199.34287289605845,0.30651387545254494,0.02529754699474057,0.19605644060535016,0.0854613371540649,same
49,NGIQ-BR-00000065,OrG_L_6_5,left,8,TUTI_BASAL_FOREBRAIN_TERMINAL_ISLANDS_LEFT.nii.gz,JULICH_BRAIN_CYTOARCHITECTONIC_ATLAS_V3_1_TUTI_BASAL_FOREBRAIN_TERMINAL_ISLANDS,"TuTi (Basal Forebrain, Terminal islands) left",left,136.53225085395778,0.4248069555993443,0.01732658400120809,0.2187240425509909,0.060415793200067874,same
49,NGIQ-BR-00000065,OrG_L_6_5,left,9,AREA_P32_PACC_LEFT.nii.gz,JULICH_BRAIN_CYTOARCHITECTONIC_ATLAS_V3_1_AREA_P32_PACC,Area p32 (pACC) left,left,112.58423124222526,0.027443546738517538,0.014287467815325378,0.03950305265958718,0.035942916521544514,same
49,NGIQ-BR-00000065,OrG_L_6_5,left,10,AREA_33_ACC_LEFT.nii.gz,JULICH_BRAIN_CYTOARCHITECTONIC_ATLAS_V3_1_AREA_33_ACC,Area 33 (ACC) left,left,61.0384942126052,0.06398866619571983,0.007746071647300473,0.054646107595130625,0.025900258876181022,same
50,NGIQ-BR-00000066,OrG_R_6_5,right,1,AREA_FO2_OFC_RIGHT.nii.gz,JULICH_BRAIN_CYTOARCHITECTONIC_ATLAS_V3_1_AREA_FO2_OFC,Area Fo2 (OFC) right,right,1054.3057528032339,0.670158511989135,0.13458490503331266,0.6012589600202316,0.45883361831399055,same
50,NGIQ-BR-00000066,OrG_R_6_5,right,2,FRONTAL_TO_TEMPORAL_II_GAPMAP_RIGHT.nii.gz,JULICH_BRAIN_CYTOARCHITECTONIC_ATLAS_V3_1_FRONTAL_TO_TEMPORAL_II_GAPMAP,Frontal-to-Temporal-II (GapMap) right,right,1023.6052866380271,0.10424346738111458,0.1306659097017052,0.20434710122375355,0.19654660565771712,same
50,NGIQ-BR-00000066,OrG_R_6_5,right,3,AREA_FO1_OFC_RIGHT.nii.gz,JULICH_BRAIN_CYTOARCHITECTONIC_ATLAS_V3_1_AREA_FO1_OFC,Area Fo1 (OFC) right,right,659.0515731081429,0.3423369323942262,0.08412966840309806,0.33094123425735267,0.27283361987632593,same
50,NGIQ-BR-00000066,OrG_R_6_5,right,4,AREA_FO3_OFC_RIGHT.nii.gz,JULICH_BRAIN_CYTOARCHITECTONIC_ATLAS_V3_1_AREA_FO3_OFC,Area Fo3 (OFC) right,right,579.6970458768241,0.13349185795932078,0.07399985408405993,0.19422453665852155,0.1888962974850542,same
50,NGIQ-BR-00000066,OrG_R_6_5,right,5,AREA_S24_SACC_RIGHT.nii.gz,JULICH_BRAIN_CYTOARCHITECTONIC_ATLAS_V3_1_AREA_S24_SACC,Area s24 (sACC) right,right,231.96963018547774,0.2982779230986774,0.02961153400341137,0.21552803201752427,0.11346070515999065,same
50,NGIQ-BR-00000066,OrG_R_6_5,right,6,AREA_S32_SACC_RIGHT.nii.gz,JULICH_BRAIN_CYTOARCHITECTONIC_ATLAS_V3_1_AREA_S32_SACC,Area s32 (sACC) right,right,189.53488790735926,0.250432157681266,0.024194627432970284,0.1856201532223888,0.09340414293298008,same
50,NGIQ-BR-00000066,OrG_R_6_5,right,7,AREA_25_SACC_RIGHT.nii.gz,JULICH_BRAIN_CYTOARCHITECTONIC_ATLAS_V3_1_AREA_25_SACC,Area 25 (sACC) right,right,138.2765927755767,0.41482829674227145,0.017651371110847226,0.20574758678971156,0.07087179573132844,same
50,NGIQ-BR-00000066,OrG_R_6_5,right,8,AREA_ID10_INSULA_RIGHT.nii.gz,JULICH_BRAIN_CYTOARCHITECTONIC_ATLAS_V3_1_AREA_ID10_INSULA,Area Id10 (Insula) right,right,109.87681883542867,0.09254895244856298,0.014026065198838504,0.07571409305065431,0.05064037760711179,same
50,NGIQ-BR-00000066,OrG_R_6_5,right,9,FRONTAL_TO_TEMPORAL_I_GAPMAP_RIGHT.nii.gz,JULICH_BRAIN_CYTOARCHITECTONIC_ATLAS_V3_1_FRONTAL_TO_TEMPORAL_I_GAPMAP,Frontal-to-Temporal-I (GapMap) right,right,99.04783821897395,0.033948047862805156,0.012643717313513875,0.035503420523144924,0.03391896280017567,same
50,NGIQ-BR-00000066,OrG_R_6_5,right,10,TUTI_BASAL_FOREBRAIN_TERMINAL_ISLANDS_RIGHT.nii.gz,JULICH_BRAIN_CYTOARCHITECTONIC_ATLAS_V3_1_TUTI_BASAL_FOREBRAIN_TERMINAL_ISLANDS,"TuTi (Basal Forebrain, Terminal islands) right",right,76.10179259369316,0.21067604214907357,0.009714594179017589,0.12464439238995383,0.0392145635702272,same
51,NGIQ-BR-00000067,OrG_L_6_6,left,1,FRONTAL_TO_TEMPORAL_I_GAPMAP_LEFT.nii.gz,JULICH_BRAIN_CYTOARCHITECTONIC_ATLAS_V3_1_FRONTAL_TO_TEMPORAL_I_GAPMAP,Frontal-to-Temporal-I (GapMap) left,left,1516.482778205692,0.3466998301294998,0.3343945608032784,0.5613655674140962,0.5529166629453423,same
51,NGIQ-BR-00000067,OrG_L_6_6,left,2,AREA_FO6_OFC_LEFT.nii.gz,JULICH_BRAIN_CYTOARCHITECTONIC_ATLAS_V3_1_AREA_FO6_OFC,Area Fo6 (OFC) left,left,480.0849462352621,0.3683901127131259,0.10586193068051514,0.4423555353410778,0.34441453570522024,same
51,NGIQ-BR-00000067,OrG_L_6_6,left,3,AREA_ID10_INSULA_LEFT.nii.gz,JULICH_BRAIN_CYTOARCHITECTONIC_ATLAS_V3_1_AREA_ID10_INSULA,Area Id10 (Insula) left,left,331.45750457959474,0.2850381746987507,0.0730885891101168,0.31541215574181003,0.24058573414398052,same
51,NGIQ-BR-00000067,OrG_L_6_6,left,4,AREA_ID8_INSULA_LEFT.nii.gz,JULICH_BRAIN_CYTOARCHITECTONIC_ATLAS_V3_1_AREA_ID8_INSULA,Area Id8 (Insula) left,left,201.87736364003786,0.2501776294697014,0.0445153043085714,0.23144326020694553,0.15505127812265132,same
51,NGIQ-BR-00000067,OrG_L_6_6,left,5,AREA_FO7_OFC_LEFT.nii.gz,JULICH_BRAIN_CYTOARCHITECTONIC_ATLAS_V3_1_AREA_FO7_OFC,Area Fo7 (OFC) left,left,150.86659546882106,0.1355559906905134,0.033267089911415734,0.14540767451510223,0.1099951036120976,same
51,NGIQ-BR-00000067,OrG_L_6_6,left,6,AREA_ID7_INSULA_LEFT.nii.gz,JULICH_BRAIN_CYTOARCHITECTONIC_ATLAS_V3_1_AREA_ID7_INSULA,Area Id7 (Insula) left,left,104.0751095986878,0.13914421944857533,0.022949255385533822,0.11778149208747088,0.07966523036782384,same
51,NGIQ-BR-00000067,OrG_L_6_6,left,7,FRONTAL_I_1_GAPMAP_LEFT.nii.gz,JULICH_BRAIN_CYTOARCHITECTONIC_ATLAS_V3_1_FRONTAL_I_1_GAPMAP,Frontal-I.1 (GapMap) left,left,99.6754153375261,0.016633241234120064,0.021979093474515855,0.03142897498044265,0.029744204598049866,same
51,NGIQ-BR-00000067,OrG_L_6_6,left,8,AREA_FO5_OFC_LEFT.nii.gz,JULICH_BRAIN_CYTOARCHITECTONIC_ATLAS_V3_1_AREA_FO5_OFC,Area Fo5 (OFC) left,left,94.37345028779934,0.1497093033040491,0.020809974840478036,0.14558336678886385,0.07691804437840935,same
51,NGIQ-BR-00000067,OrG_L_6_6,left,9,AREA_FP1_FPOLE_LEFT.nii.gz,JULICH_BRAIN_CYTOARCHITECTONIC_ATLAS_V3_1_AREA_FP1_FPOLE,Area Fp1 (FPole) left,left,50.21468255084957,0.010398907156669305,0.011072672211507189,0.021980807297096103,0.021980275376987192,same
51,NGIQ-BR-00000067,OrG_L_6_6,left,10,AREA_FO4_OFC_LEFT.nii.gz,JULICH_BRAIN_CYTOARCHITECTONIC_ATLAS_V3_1_AREA_FO4_OFC,Area Fo4 (OFC) left,left,29.922925194101037,0.0338422588219824,0.0065982044583915295,0.034066663257962836,0.0229406752436977,same
52,NGIQ-BR-00000068,OrG_R_6_6,right,1,FRONTAL_TO_TEMPORAL_I_GAPMAP_RIGHT.nii.gz,JULICH_BRAIN_CYTOARCHITECTONIC_ATLAS_V3_1_FRONTAL_TO_TEMPORAL_I_GAPMAP,Frontal-to-Temporal-I (GapMap) right,right,987.4897746363358,0.3384561514535221,0.24289215326552438,0.4995236611106068,0.49912463855127254,same
52,NGIQ-BR-00000068,OrG_R_6_6,right,2,AREA_FO6_OFC_RIGHT.nii.gz,JULICH_BRAIN_CYTOARCHITECTONIC_ATLAS_V3_1_AREA_FO6_OFC,Area Fo6 (OFC) right,right,562.5339929973651,0.36220961829337384,0.13836608373438825,0.5135699273615587,0.4445073340747524,same
52,NGIQ-BR-00000068,OrG_R_6_6,right,3,AREA_ID10_INSULA_RIGHT.nii.gz,JULICH_BRAIN_CYTOARCHITECTONIC_ATLAS_V3_1_AREA_ID10_INSULA,Area Id10 (Insula) right,right,287.625637716004,0.24226631012894675,0.07074707229747064,0.27970260022575566,0.23421161931470863,same
52,NGIQ-BR-00000068,OrG_R_6_6,right,4,AREA_ID8_INSULA_RIGHT.nii.gz,JULICH_BRAIN_CYTOARCHITECTONIC_ATLAS_V3_1_AREA_ID8_INSULA,Area Id8 (Insula) right,right,197.3169074942151,0.20254955665235164,0.048533898545546184,0.2263713558928118,0.171625211968482,same
52,NGIQ-BR-00000068,OrG_R_6_6,right,5,AREA_FO5_OFC_RIGHT.nii.gz,JULICH_BRAIN_CYTOARCHITECTONIC_ATLAS_V3_1_AREA_FO5_OFC,Area Fo5 (OFC) right,right,120.76446307135119,0.12291212256806808,0.02970434856822472,0.15977565357616527,0.10977800350403283,same
52,NGIQ-BR-00000068,OrG_R_6_6,right,6,FRONTAL_I_1_GAPMAP_RIGHT.nii.gz,JULICH_BRAIN_CYTOARCHITECTONIC_ATLAS_V3_1_FRONTAL_I_1_GAPMAP,Frontal-I.1 (GapMap) right,right,119.17050462382265,0.020038957402624027,0.029312283749448685,0.04186743738546749,0.038660913504118204,same
52,NGIQ-BR-00000068,OrG_R_6_6,right,7,AREA_FO7_OFC_RIGHT.nii.gz,JULICH_BRAIN_CYTOARCHITECTONIC_ATLAS_V3_1_AREA_FO7_OFC,Area Fo7 (OFC) right,right,117.37933438999484,0.10577183554416336,0.02887171088871221,0.12948818967273198,0.10066817573583355,same
52,NGIQ-BR-00000068,OrG_R_6_6,right,8,AREA_ID7_INSULA_RIGHT.nii.gz,JULICH_BRAIN_CYTOARCHITECTONIC_ATLAS_V3_1_AREA_ID7_INSULA,Area Id7 (Insula) right,right,95.19473159841057,0.10290880348223533,0.02341498001433664,0.11542307432641485,0.08433640238871726,same
52,NGIQ-BR-00000068,OrG_R_6_6,right,9,AREA_OP9_FRONTAL_OPERCULUM_RIGHT.nii.gz,JULICH_BRAIN_CYTOARCHITECTONIC_ATLAS_V3_1_AREA_OP9_FRONTAL_OPERCULUM,Area Op9 (Frontal Operculum) right,right,87.5392557581239,0.046849345320739214,0.02153196809980394,0.07214689014514834,0.06546259258408317,same
52,NGIQ-BR-00000068,OrG_R_6_6,right,10,AREA_FP1_FPOLE_RIGHT.nii.gz,JULICH_BRAIN_CYTOARCHITECTONIC_ATLAS_V3_1_AREA_FP1_FPOLE,Area Fp1 (FPole) right,right,53.97194750507517,0.009885092047992445,0.013275441308006817,0.023778552933588267,0.023406133230777205,same
53,NGIQ-BR-00000069,PrG_L_6_1,left,1,AREA_3B_POSTCG_LEFT.nii.gz,JULICH_BRAIN_CYTOARCHITECTONIC_ATLAS_V3_1_AREA_3B_POSTCG,Area 3b (PostCG) left,left,1015.3085735611404,0.14879413211052078,0.1299025667944281,0.2998880430199181,0.2894055251873346,same
53,NGIQ-BR-00000069,PrG_L_6_1,left,2,AREA_4P_PRECG_LEFT.nii.gz,JULICH_BRAIN_CYTOARCHITECTONIC_ATLAS_V3_1_AREA_4P_PRECG,Area 4p (PreCG) left,left,588.6810165673528,0.3565283340313868,0.07531816146005134,0.349188700353187,0.2322395885145771,same
53,NGIQ-BR-00000069,PrG_L_6_1,left,3,AREA_6V3_PRECG_LEFT.nii.gz,JULICH_BRAIN_CYTOARCHITECTONIC_ATLAS_V3_1_AREA_6V3_PRECG,Area 6v3 (PreCG) left,left,576.6132294630852,0.1953293132010646,0.07377416137850504,0.2651365193418754,0.20983369638384788,same
53,NGIQ-BR-00000069,PrG_L_6_1,left,4,AREA_3A_POSTCG_LEFT.nii.gz,JULICH_BRAIN_CYTOARCHITECTONIC_ATLAS_V3_1_AREA_3A_POSTCG,Area 3a (PostCG) left,left,337.14351580598986,0.21565561129360672,0.04313546563256575,0.19532618313694927,0.13219814812428396,same
53,NGIQ-BR-00000069,PrG_L_6_1,left,5,AREA_4A_PRECG_LEFT.nii.gz,JULICH_BRAIN_CYTOARCHITECTONIC_ATLAS_V3_1_AREA_4A_PRECG,Area 4a (PreCG) left,left,248.00261719959857,0.09541938234882462,0.031730428940403135,0.11359823918598917,0.09011474557229146,same
53,NGIQ-BR-00000069,PrG_L_6_1,left,6,AREA_1_POSTCG_LEFT.nii.gz,JULICH_BRAIN_CYTOARCHITECTONIC_ATLAS_V3_1_AREA_1_POSTCG,Area 1 (PostCG) left,left,219.60869029830894,0.05168080257270285,0.02809759840799281,0.08489574020623819,0.07395474863149547,same
53,NGIQ-BR-00000069,PrG_L_6_1,left,7,AREA_6V1_PRECG_LEFT.nii.gz,JULICH_BRAIN_CYTOARCHITECTONIC_ATLAS_V3_1_AREA_6V1_PRECG,Area 6v1 (PreCG) left,left,136.15050648893023,0.05274749256911163,0.01741963056732568,0.058674608144034676,0.04824796827932952,same
53,NGIQ-BR-00000069,PrG_L_6_1,left,8,AREA_44_IFG_LEFT.nii.gz,JULICH_BRAIN_CYTOARCHITECTONIC_ATLAS_V3_1_AREA_44_IFG,Area 44 (IFG) left,left,130.6773951634839,0.025532956560603566,0.016719379207255473,0.04834422327802071,0.043000868536881225,same
53,NGIQ-BR-00000069,PrG_L_6_1,left,9,AREA_6V2_PRECG_LEFT.nii.gz,JULICH_BRAIN_CYTOARCHITECTONIC_ATLAS_V3_1_AREA_6V2_PRECG,Area 6v2 (PreCG) left,left,95.58447260101615,0.039945086000381914,0.012229452857876383,0.042758598478951165,0.03440559447966293,same
53,NGIQ-BR-00000069,PrG_L_6_1,left,10,AREA_6R1_PRECG_LEFT.nii.gz,JULICH_BRAIN_CYTOARCHITECTONIC_ATLAS_V3_1_AREA_6R1_PRECG,Area 6r1 (PreCG) left,left,82.399638090183,0.06803374368489548,0.01054253334363489,0.05901322173184761,0.03385334287217658,same
54,NGIQ-BR-00000070,PrG_R_6_1,right,1,AREA_4A_PRECG_RIGHT.nii.gz,JULICH_BRAIN_CYTOARCHITECTONIC_ATLAS_V3_1_AREA_4A_PRECG,Area 4a (PreCG) right,right,779.5717202400672,0.10215490620087352,0.12756688279689585,0.28608520102603435,0.28461644936727615,same
54,NGIQ-BR-00000070,PrG_R_6_1,right,2,AREA_6V3_PRECG_RIGHT.nii.gz,JULICH_BRAIN_CYTOARCHITECTONIC_ATLAS_V3_1_AREA_6V3_PRECG,Area 6v3 (PreCG) right,right,487.7252914687767,0.18244060325661624,0.07980996934409004,0.34966550368013405,0.29994264263872183,same
54,NGIQ-BR-00000070,PrG_R_6_1,right,3,AREA_3B_POSTCG_RIGHT.nii.gz,JULICH_BRAIN_CYTOARCHITECTONIC_ATLAS_V3_1_AREA_3B_POSTCG,Area 3b (PostCG) right,right,429.30669060838596,0.10753838609487985,0.07025051687085103,0.2104475188698237,0.20678357890390384,same
54,NGIQ-BR-00000070,PrG_R_6_1,right,4,AREA_4P_PRECG_RIGHT.nii.gz,JULICH_BRAIN_CYTOARCHITECTONIC_ATLAS_V3_1_AREA_4P_PRECG,Area 4p (PreCG) right,right,375.88272553361577,0.2750580349491411,0.06150837228774588,0.33582568843323085,0.2530585465237333,same
54,NGIQ-BR-00000070,PrG_R_6_1,right,5,AREA_6R1_PRECG_RIGHT.nii.gz,JULICH_BRAIN_CYTOARCHITECTONIC_ATLAS_V3_1_AREA_6R1_PRECG,Area 6r1 (PreCG) right,right,250.09955183004277,0.14382224530557355,0.040925574116560254,0.17568825908166438,0.1522681145162623,same
54,NGIQ-BR-00000070,PrG_R_6_1,right,6,AREA_6V2_PRECG_RIGHT.nii.gz,JULICH_BRAIN_CYTOARCHITECTONIC_ATLAS_V3_1_AREA_6V2_PRECG,Area 6v2 (PreCG) right,right,240.62863749535182,0.0552877806496004,0.03937578082936802,0.11724689920661537,0.11533287316321446,same
54,NGIQ-BR-00000070,PrG_R_6_1,right,7,AREA_3A_POSTCG_RIGHT.nii.gz,JULICH_BRAIN_CYTOARCHITECTONIC_ATLAS_V3_1_AREA_3A_POSTCG,Area 3a (PostCG) right,right,206.45576938944834,0.22790754609933098,0.033783830599109374,0.22649073814852114,0.14750263254810506,same
54,NGIQ-BR-00000070,PrG_R_6_1,right,8,AREA_1_POSTCG_RIGHT.nii.gz,JULICH_BRAIN_CYTOARCHITECTONIC_ATLAS_V3_1_AREA_1_POSTCG,Area 1 (PostCG) right,right,165.80934499342501,0.04207706304667318,0.027132566164525158,0.08980470660181875,0.08621195240524983,same
54,NGIQ-BR-00000070,PrG_R_6_1,right,9,AREA_6D1_PRECG_RIGHT.nii.gz,JULICH_BRAIN_CYTOARCHITECTONIC_ATLAS_V3_1_AREA_6D1_PRECG,Area 6d1 (PreCG) right,right,78.42964317109109,0.02142621983236562,0.012834002104550326,0.03619917097868706,0.03590582108984444,same
54,NGIQ-BR-00000070,PrG_R_6_1,right,10,AREA_6V1_PRECG_RIGHT.nii.gz,JULICH_BRAIN_CYTOARCHITECTONIC_ATLAS_V3_1_AREA_6V1_PRECG,Area 6v1 (PreCG) right,right,75.24596793707653,0.02758779949436092,0.012313034610609104,0.0443660459664442,0.04145470757656636,same
55,NGIQ-BR-00000071,PrG_L_6_2,left,1,AREA_6D1_PRECG_LEFT.nii.gz,JULICH_BRAIN_CYTOARCHITECTONIC_ATLAS_V3_1_AREA_6D1_PRECG,Area 6d1 (PreCG) left,left,1384.5747458239618,0.26170626240281764,0.21752322697573157,0.4960389231056298,0.48532782266130664,same
55,NGIQ-BR-00000071,PrG_L_6_2,left,2,AREA_6V1_PRECG_LEFT.nii.gz,JULICH_BRAIN_CYTOARCHITECTONIC_ATLAS_V3_1_AREA_6V1_PRECG,Area 6v1 (PreCG) left,left,734.2621053234768,0.28446816646605244,0.11535604204662002,0.3588669347278583,0.31522926563140985,same
55,NGIQ-BR-00000071,PrG_L_6_2,left,3,AREA_6V2_PRECG_LEFT.nii.gz,JULICH_BRAIN_CYTOARCHITECTONIC_ATLAS_V3_1_AREA_6V2_PRECG,Area 6v2 (PreCG) left,left,246.77541206062503,0.10312830932998795,0.03876958187457649,0.12519569418775442,0.10797100737224112,same
55,NGIQ-BR-00000071,PrG_L_6_2,left,4,AREA_6D3_SFS_LEFT.nii.gz,JULICH_BRAIN_CYTOARCHITECTONIC_ATLAS_V3_1_AREA_6D3_SFS,Area 6d3 (SFS) left,left,126.34488712457583,0.03716125237818162,0.019849378043413007,0.0625517493956438,0.05460453277182175,same
55,NGIQ-BR-00000071,PrG_L_6_2,left,5,AREA_6V3_PRECG_LEFT.nii.gz,JULICH_BRAIN_CYTOARCHITECTONIC_ATLAS_V3_1_AREA_6V3_PRECG,Area 6v3 (PreCG) left,left,110.4149881292082,0.03740338011055412,0.017346715731160783,0.05757903364350757,0.04895674673833827,same
55,NGIQ-BR-00000071,PrG_L_6_2,left,6,AREA_4A_PRECG_LEFT.nii.gz,JULICH_BRAIN_CYTOARCHITECTONIC_ATLAS_V3_1_AREA_4A_PRECG,Area 4a (PreCG) left,left,82.30523424171399,0.0316670634532013,0.012930540733354798,0.042755716067636056,0.03642662046578738,same
55,NGIQ-BR-00000071,PrG_L_6_2,left,7,AREA_6D2_PRECG_LEFT.nii.gz,JULICH_BRAIN_CYTOARCHITECTONIC_ATLAS_V3_1_AREA_6D2_PRECG,Area 6d2 (PreCG) left,left,52.839372101115906,0.01645951563179606,0.008301314728925095,0.02572890179614603,0.02264048011640323,same
55,NGIQ-BR-00000071,PrG_L_6_2,left,8,AREA_6R1_PRECG_LEFT.nii.gz,JULICH_BRAIN_CYTOARCHITECTONIC_ATLAS_V3_1_AREA_6R1_PRECG,Area 6r1 (PreCG) left,left,40.92658958755237,0.03379127834092003,0.0064297603744736,0.03324152737559383,0.0210807252628089,same
55,NGIQ-BR-00000071,PrG_L_6_2,left,9,AREA_44_IFG_LEFT.nii.gz,JULICH_BRAIN_CYTOARCHITECTONIC_ATLAS_V3_1_AREA_44_IFG,Area 44 (IFG) left,left,40.117773089940314,0.00783858108230666,0.006302691485544036,0.01683186848314755,0.015754997014351343,same
55,NGIQ-BR-00000071,PrG_L_6_2,left,10,AREA_3B_POSTCG_LEFT.nii.gz,JULICH_BRAIN_CYTOARCHITECTONIC_ATLAS_V3_1_AREA_3B_POSTCG,Area 3b (PostCG) left,left,36.3385441519891,0.005325437290744456,0.005708956783576754,0.012172506468342623,0.012049946639606603,same
56,NGIQ-BR-00000072,PrG_R_6_2,right,1,AREA_6D1_PRECG_RIGHT.nii.gz,JULICH_BRAIN_CYTOARCHITECTONIC_ATLAS_V3_1_AREA_6D1_PRECG,Area 6d1 (PreCG) right,right,853.4767182939569,0.23316158340897247,0.15182647155005544,0.36345312279408487,0.3557124352027866,same
56,NGIQ-BR-00000072,PrG_R_6_2,right,2,AREA_6V1_PRECG_RIGHT.nii.gz,JULICH_BRAIN_CYTOARCHITECTONIC_ATLAS_V3_1_AREA_6V1_PRECG,Area 6v1 (PreCG) right,right,529.2707312809711,0.19404913263955156,0.09415289943202704,0.2879278738977487,0.26070318713348706,same
56,NGIQ-BR-00000072,PrG_R_6_2,right,3,AREA_6V2_PRECG_RIGHT.nii.gz,JULICH_BRAIN_CYTOARCHITECTONIC_ATLAS_V3_1_AREA_6V2_PRECG,Area 6v2 (PreCG) right,right,289.35558432599834,0.06648347529400683,0.05147397281010509,0.13008411383882482,0.12572954119623106,same
56,NGIQ-BR-00000072,PrG_R_6_2,right,4,AREA_4A_PRECG_RIGHT.nii.gz,JULICH_BRAIN_CYTOARCHITECTONIC_ATLAS_V3_1_AREA_4A_PRECG,Area 4a (PreCG) right,right,228.37044825481965,0.0299256131473553,0.04062521990540312,0.07732457849966988,0.07730745666585041,same
56,NGIQ-BR-00000072,PrG_R_6_2,right,5,AREA_6D3_SFS_RIGHT.nii.gz,JULICH_BRAIN_CYTOARCHITECTONIC_ATLAS_V3_1_AREA_6D3_SFS,Area 6d3 (SFS) right,right,193.30858454465036,0.08879830496155626,0.03438800342488224,0.10930630285851954,0.09730133486319911,same
56,NGIQ-BR-00000072,PrG_R_6_2,right,6,AREA_6V3_PRECG_RIGHT.nii.gz,JULICH_BRAIN_CYTOARCHITECTONIC_ATLAS_V3_1_AREA_6V3_PRECG,Area 6v3 (PreCG) right,right,149.149752504774,0.05579159272343779,0.026532511280014163,0.09865938176529475,0.08101161627785608,same
56,NGIQ-BR-00000072,PrG_R_6_2,right,7,AREA_6R1_PRECG_RIGHT.nii.gz,JULICH_BRAIN_CYTOARCHITECTONIC_ATLAS_V3_1_AREA_6R1_PRECG,Area 6r1 (PreCG) right,right,75.98041415463737,0.04369329606153521,0.013516289244620349,0.049245870980004144,0.04090414361546316,same
56,NGIQ-BR-00000072,PrG_R_6_2,right,8,AREA_3B_POSTCG_RIGHT.nii.gz,JULICH_BRAIN_CYTOARCHITECTONIC_ATLAS_V3_1_AREA_3B_POSTCG,Area 3b (PostCG) right,right,14.535748459687188,0.003641105447997324,0.0025857898085198247,0.006574335944625382,0.0063443161219166,same
56,NGIQ-BR-00000072,PrG_R_6_2,right,9,AREA_1_POSTCG_RIGHT.nii.gz,JULICH_BRAIN_CYTOARCHITECTONIC_ATLAS_V3_1_AREA_1_POSTCG,Area 1 (PostCG) right,right,14.499473987754628,0.003679498771016446,0.0025793368790340957,0.007245705569027231,0.006780826936109298,same
56,NGIQ-BR-00000072,PrG_R_6_2,right,10,AREA_OP4_POPERC_RIGHT.nii.gz,JULICH_BRAIN_CYTOARCHITECTONIC_ATLAS_V3_1_AREA_OP4_POPERC,Area Op4 (POperc) right,right,7.295571256748269,0.002513361235991982,0.0012978219769933894,0.004119200833784769,0.0036692556281804154,same
57,NGIQ-BR-00000073,PrG_L_6_3,left,1,AREA_3B_POSTCG_LEFT.nii.gz,JULICH_BRAIN_CYTOARCHITECTONIC_ATLAS_V3_1_AREA_3B_POSTCG,Area 3b (PostCG) left,left,576.4761566082459,0.08448295586047987,0.10624963167760121,0.22063597079377903,0.22062658231241114,same
57,NGIQ-BR-00000073,PrG_L_6_3,left,2,AREA_4P_PRECG_LEFT.nii.gz,JULICH_BRAIN_CYTOARCHITECTONIC_ATLAS_V3_1_AREA_4P_PRECG,Area 4p (PreCG) left,left,529.9751671464982,0.3209737669519844,0.09767908986712306,0.40735170919789554,0.32326416963372046,same
57,NGIQ-BR-00000073,PrG_L_6_3,left,3,AREA_4A_PRECG_LEFT.nii.gz,JULICH_BRAIN_CYTOARCHITECTONIC_ATLAS_V3_1_AREA_4A_PRECG,Area 4a (PreCG) left,left,469.81018763768725,0.18076018080685835,0.08659015437616968,0.2788506349230084,0.2530317087980437,same
57,NGIQ-BR-00000073,PrG_L_6_3,left,4,AREA_6D1_PRECG_LEFT.nii.gz,JULICH_BRAIN_CYTOARCHITECTONIC_ATLAS_V3_1_AREA_6D1_PRECG,Area 6d1 (PreCG) left,left,343.5622943344575,0.06493864215275762,0.06332155599655477,0.1406330264330359,0.14022326072228694,same
57,NGIQ-BR-00000073,PrG_L_6_3,left,5,AREA_3A_POSTCG_LEFT.nii.gz,JULICH_BRAIN_CYTOARCHITECTONIC_ATLAS_V3_1_AREA_3A_POSTCG,Area 3a (PostCG) left,left,233.65095823053662,0.14945605614298493,0.04306392895618677,0.17540706856327973,0.14118412160497446,same
57,NGIQ-BR-00000073,PrG_L_6_3,left,6,AREA_1_POSTCG_LEFT.nii.gz,JULICH_BRAIN_CYTOARCHITECTONIC_ATLAS_V3_1_AREA_1_POSTCG,Area 1 (PostCG) left,left,69.3529625044425,0.01632092408618019,0.012782361659504063,0.03474043615857895,0.03343681868536821,same
57,NGIQ-BR-00000073,PrG_L_6_3,left,7,AREA_6V3_PRECG_LEFT.nii.gz,JULICH_BRAIN_CYTOARCHITECTONIC_ATLAS_V3_1_AREA_6V3_PRECG,Area 6v3 (PreCG) left,left,54.626215406863395,0.018504780315449113,0.010068092496780845,0.0325476721834488,0.029486209951431346,same
57,NGIQ-BR-00000073,PrG_L_6_3,left,8,AREA_6V1_PRECG_LEFT.nii.gz,JULICH_BRAIN_CYTOARCHITECTONIC_ATLAS_V3_1_AREA_6V1_PRECG,Area 6v1 (PreCG) left,left,44.55179484995219,0.017260277088866405,0.008211288080385041,0.02487883349856382,0.023125293339018024,same
57,NGIQ-BR-00000073,PrG_L_6_3,left,9,AREA_44_IFG_LEFT.nii.gz,JULICH_BRAIN_CYTOARCHITECTONIC_ATLAS_V3_1_AREA_44_IFG,Area 44 (IFG) left,left,26.108609432448564,0.005101341281424278,0.00481204661114396,0.01251588982758776,0.012179815342877348,same
57,NGIQ-BR-00000073,PrG_L_6_3,left,10,AREA_6R1_PRECG_LEFT.nii.gz,JULICH_BRAIN_CYTOARCHITECTONIC_ATLAS_V3_1_AREA_6R1_PRECG,Area 6r1 (PreCG) left,left,25.317107080548467,0.020903217706805605,0.004666165758315402,0.023494811830208847,0.016453928034591354,same
58,NGIQ-BR-00000074,PrG_R_6_3,right,1,AREA_4A_PRECG_RIGHT.nii.gz,JULICH_BRAIN_CYTOARCHITECTONIC_ATLAS_V3_1_AREA_4A_PRECG,Area 4a (PreCG) right,right,1502.093718072461,0.19683402936597058,0.2303051072419018,0.5175542974984133,0.5171709116173663,same
58,NGIQ-BR-00000074,PrG_R_6_3,right,2,AREA_4P_PRECG_RIGHT.nii.gz,JULICH_BRAIN_CYTOARCHITECTONIC_ATLAS_V3_1_AREA_4P_PRECG,Area 4p (PreCG) right,right,541.0679926916189,0.3959349252678633,0.08295802091623727,0.45387155228651066,0.32776569362792934,same
58,NGIQ-BR-00000074,PrG_R_6_3,right,3,AREA_3B_POSTCG_RIGHT.nii.gz,JULICH_BRAIN_CYTOARCHITECTONIC_ATLAS_V3_1_AREA_3B_POSTCG,Area 3b (PostCG) right,right,416.7151757412663,0.10438429784766239,0.06389190773101325,0.19179401137283902,0.18590624862522123,same
58,NGIQ-BR-00000074,PrG_R_6_3,right,4,AREA_6D1_PRECG_RIGHT.nii.gz,JULICH_BRAIN_CYTOARCHITECTONIC_ATLAS_V3_1_AREA_6D1_PRECG,Area 6d1 (PreCG) right,right,283.46491039476456,0.07743987144797759,0.043461613481451944,0.1228392805907014,0.12063704342183552,same
58,NGIQ-BR-00000074,PrG_R_6_3,right,5,AREA_1_POSTCG_RIGHT.nii.gz,JULICH_BRAIN_CYTOARCHITECTONIC_ATLAS_V3_1_AREA_1_POSTCG,Area 1 (PostCG) right,right,157.91840077143064,0.04007459595086621,0.02421248007867609,0.08030496640696136,0.07560630178462599,same
58,NGIQ-BR-00000074,PrG_R_6_3,right,6,AREA_3A_POSTCG_RIGHT.nii.gz,JULICH_BRAIN_CYTOARCHITECTONIC_ATLAS_V3_1_AREA_3A_POSTCG,Area 3a (PostCG) right,right,139.00822988455232,0.1534518732718892,0.021313121082851366,0.14318037957820498,0.08881786230340169,same
58,NGIQ-BR-00000074,PrG_R_6_3,right,7,AREA_6V1_PRECG_RIGHT.nii.gz,JULICH_BRAIN_CYTOARCHITECTONIC_ATLAS_V3_1_AREA_6V1_PRECG,Area 6v1 (PreCG) right,right,121.82183021757265,0.04466413707228665,0.018678055393684428,0.06743916500063227,0.06150893925192708,same
58,NGIQ-BR-00000074,PrG_R_6_3,right,8,AREA_6V3_PRECG_RIGHT.nii.gz,JULICH_BRAIN_CYTOARCHITECTONIC_ATLAS_V3_1_AREA_6V3_PRECG,Area 6v3 (PreCG) right,right,81.376756682684,0.03044013677360463,0.012476906366969841,0.054776901414934645,0.045424320687012805,same
58,NGIQ-BR-00000074,PrG_R_6_3,right,9,AREA_6R1_PRECG_RIGHT.nii.gz,JULICH_BRAIN_CYTOARCHITECTONIC_ATLAS_V3_1_AREA_6R1_PRECG,Area 6r1 (PreCG) right,right,55.147502396806736,0.03171312207345785,0.008455365534660288,0.03637267540878303,0.030503411794629797,same
58,NGIQ-BR-00000074,PrG_R_6_3,right,10,AREA_6V2_PRECG_RIGHT.nii.gz,JULICH_BRAIN_CYTOARCHITECTONIC_ATLAS_V3_1_AREA_6V2_PRECG,Area 6v2 (PreCG) right,right,33.6557801553275,0.007732884207744661,0.005160196041515339,0.015396899991658958,0.01494615552437434,same
59,NGIQ-BR-00000075,PrG_L_6_4,left,1,AREA_6D1_PRECG_LEFT.nii.gz,JULICH_BRAIN_CYTOARCHITECTONIC_ATLAS_V3_1_AREA_6D1_PRECG,Area 6d1 (PreCG) left,left,622.4635731806845,0.11765534198161054,0.13975319384806134,0.3632661394088019,0.3496448111697131,same
59,NGIQ-BR-00000075,PrG_L_6_4,left,2,AREA_4A_PRECG_LEFT.nii.gz,JULICH_BRAIN_CYTOARCHITECTONIC_ATLAS_V3_1_AREA_4A_PRECG,Area 4a (PreCG) left,left,319.6438976860978,0.12298347345355236,0.07176525265151257,0.2704859890206162,0.2693122803620902,same
59,NGIQ-BR-00000075,PrG_L_6_4,left,3,AREA_3B_POSTCG_LEFT.nii.gz,JULICH_BRAIN_CYTOARCHITECTONIC_ATLAS_V3_1_AREA_3B_POSTCG,Area 3b (PostCG) left,left,172.68143190010966,0.02530657620772229,0.038769789375757945,0.09422578370765992,0.08887044803051466,same
59,NGIQ-BR-00000075,PrG_L_6_4,left,4,AREA_6V3_PRECG_LEFT.nii.gz,JULICH_BRAIN_CYTOARCHITECTONIC_ATLAS_V3_1_AREA_6V3_PRECG,Area 6v3 (PreCG) left,left,130.8515742711727,0.04432632972619398,0.029378306156937137,0.11115446705574913,0.11063174266276221,same
59,NGIQ-BR-00000075,PrG_L_6_4,left,5,AREA_6V1_PRECG_LEFT.nii.gz,JULICH_BRAIN_CYTOARCHITECTONIC_ATLAS_V3_1_AREA_6V1_PRECG,Area 6v1 (PreCG) left,left,105.59274649673233,0.040908790975679024,0.02370728859634569,0.08406748269724876,0.08402352651770656,same
59,NGIQ-BR-00000075,PrG_L_6_4,left,6,AREA_6V2_PRECG_LEFT.nii.gz,JULICH_BRAIN_CYTOARCHITECTONIC_ATLAS_V3_1_AREA_6V2_PRECG,Area 6v2 (PreCG) left,left,81.3074167570801,0.03397865434051609,0.018254837174285474,0.06719381465246266,0.06703112025888097,same
59,NGIQ-BR-00000075,PrG_L_6_4,left,7,AREA_4P_PRECG_LEFT.nii.gz,JULICH_BRAIN_CYTOARCHITECTONIC_ATLAS_V3_1_AREA_4P_PRECG,Area 4p (PreCG) left,left,76.81944088079602,0.046524869169650276,0.017247213612606484,0.08418104502424786,0.07922682606974303,same
59,NGIQ-BR-00000075,PrG_L_6_4,left,8,AREA_44_IFG_LEFT.nii.gz,JULICH_BRAIN_CYTOARCHITECTONIC_ATLAS_V3_1_AREA_44_IFG,Area 44 (IFG) left,left,45.958897751886106,0.008979873974408994,0.010318519867343584,0.031410636924968226,0.031184762362943836,same
59,NGIQ-BR-00000075,PrG_L_6_4,left,9,AREA_3A_POSTCG_LEFT.nii.gz,JULICH_BRAIN_CYTOARCHITECTONIC_ATLAS_V3_1_AREA_3A_POSTCG,Area 3a (PostCG) left,left,40.88512760062305,0.026152385474331068,0.009179375965529833,0.04375966918407072,0.0415034122557251,same
59,NGIQ-BR-00000075,PrG_L_6_4,left,10,AREA_6R1_PRECG_LEFT.nii.gz,JULICH_BRAIN_CYTOARCHITECTONIC_ATLAS_V3_1_AREA_6R1_PRECG,Area 6r1 (PreCG) left,left,34.47186064755781,0.028461893595583564,0.007739493250608413,0.04560912773862395,0.03967612567370326,same
60,NGIQ-BR-00000076,PrG_R_6_4,right,1,AREA_4A_PRECG_RIGHT.nii.gz,JULICH_BRAIN_CYTOARCHITECTONIC_ATLAS_V3_1_AREA_4A_PRECG,Area 4a (PreCG) right,right,862.7741057754085,0.11305772844208348,0.21578180106564376,0.40530627846122635,0.38188133657755174,same
60,NGIQ-BR-00000076,PrG_R_6_4,right,2,AREA_6D1_PRECG_RIGHT.nii.gz,JULICH_BRAIN_CYTOARCHITECTONIC_ATLAS_V3_1_AREA_6D1_PRECG,Area 6d1 (PreCG) right,right,614.3772120140201,0.1678419112004888,0.15365716292902307,0.362994794345519,0.3604309654303832,same
60,NGIQ-BR-00000076,PrG_R_6_4,right,3,AREA_3B_POSTCG_RIGHT.nii.gz,JULICH_BRAIN_CYTOARCHITECTONIC_ATLAS_V3_1_AREA_3B_POSTCG,Area 3b (PostCG) right,right,92.25631959292525,0.023109576284537012,0.023073519091718273,0.05789208496648104,0.05779155940956514,same
60,NGIQ-BR-00000076,PrG_R_6_4,right,4,AREA_4P_PRECG_RIGHT.nii.gz,JULICH_BRAIN_CYTOARCHITECTONIC_ATLAS_V3_1_AREA_4P_PRECG,Area 4p (PreCG) right,right,47.87854098217991,0.03503586758368487,0.011974533932314603,0.054758225591708905,0.04761163058544077,same
60,NGIQ-BR-00000076,PrG_R_6_4,right,5,AREA_6V1_PRECG_RIGHT.nii.gz,JULICH_BRAIN_CYTOARCHITECTONIC_ATLAS_V3_1_AREA_6V1_PRECG,Area 6v1 (PreCG) right,right,46.404214659993784,0.017013405566179102,0.011605801506259823,0.03502449090965194,0.034749713085384895,same
60,NGIQ-BR-00000076,PrG_R_6_4,right,6,AREA_6V3_PRECG_RIGHT.nii.gz,JULICH_BRAIN_CYTOARCHITECTONIC_ATLAS_V3_1_AREA_6V3_PRECG,Area 6v3 (PreCG) right,right,41.58447346263622,0.015555265550787595,0.010400373075719017,0.03816415329253004,0.036276841282779734,same
60,NGIQ-BR-00000076,PrG_R_6_4,right,7,AREA_6R1_PRECG_RIGHT.nii.gz,JULICH_BRAIN_CYTOARCHITECTONIC_ATLAS_V3_1_AREA_6R1_PRECG,Area 6r1 (PreCG) right,right,27.47938381115125,0.015802294128136288,0.006872657502412168,0.02471062491467069,0.023633263531017593,same
60,NGIQ-BR-00000076,PrG_R_6_4,right,8,AREA_6V2_PRECG_RIGHT.nii.gz,JULICH_BRAIN_CYTOARCHITECTONIC_ATLAS_V3_1_AREA_6V2_PRECG,Area 6v2 (PreCG) right,right,25.42044507013574,0.005840701280121031,0.006357712157105516,0.015855652411678956,0.015822204635758723,same
60,NGIQ-BR-00000076,PrG_R_6_4,right,9,AREA_1_POSTCG_RIGHT.nii.gz,JULICH_BRAIN_CYTOARCHITECTONIC_ATLAS_V3_1_AREA_1_POSTCG,Area 1 (PostCG) right,right,21.224088038111397,0.005385988892985302,0.005308193549368805,0.014715195818754571,0.01470298030272281,same
60,NGIQ-BR-00000076,PrG_R_6_4,right,10,AREA_OP5_FRONTAL_OPERCULUM_RIGHT.nii.gz,JULICH_BRAIN_CYTOARCHITECTONIC_ATLAS_V3_1_AREA_OP5_FRONTAL_OPERCULUM,Area Op5 (Frontal Operculum) right,right,18.85818678655714,0.01285318094174825,0.004716476169597636,0.018948323802325123,0.01744800178623676,same
61,NGIQ-BR-00000077,PrG_L_6_5,left,1,AREA_OP6_FRONTAL_OPERCULUM_LEFT.nii.gz,JULICH_BRAIN_CYTOARCHITECTONIC_ATLAS_V3_1_AREA_OP6_FRONTAL_OPERCULUM,Area Op6 (Frontal Operculum) left,left,898.0567680443169,0.4352344447329993,0.224109412453293,0.5968176013279143,0.4869915357990803,same
61,NGIQ-BR-00000077,PrG_L_6_5,left,2,AREA_OP5_FRONTAL_OPERCULUM_LEFT.nii.gz,JULICH_BRAIN_CYTOARCHITECTONIC_ATLAS_V3_1_AREA_OP5_FRONTAL_OPERCULUM,Area Op5 (Frontal Operculum) left,left,491.0810552903531,0.543272164290613,0.12254891971665775,0.4571247432323228,0.2970220599555068,same
61,NGIQ-BR-00000077,PrG_L_6_5,left,3,AREA_TE_1_2_HESCHL_LEFT.nii.gz,JULICH_BRAIN_CYTOARCHITECTONIC_ATLAS_V3_1_AREA_TE_1_2_HESCHL,Area Te 1.2 (HESCHL) left,left,244.78860075592723,0.39311324304167256,0.06108681705070941,0.3259415502502863,0.15772770653843077,same
61,NGIQ-BR-00000077,PrG_L_6_5,left,4,AREA_6R1_PRECG_LEFT.nii.gz,JULICH_BRAIN_CYTOARCHITECTONIC_ATLAS_V3_1_AREA_6R1_PRECG,Area 6r1 (PreCG) left,left,190.80007500442355,0.15753519916802045,0.04761401976670532,0.16855304075958638,0.11389531110410979,same
61,NGIQ-BR-00000077,PrG_L_6_5,left,5,AREA_OP4_POPERC_LEFT.nii.gz,JULICH_BRAIN_CYTOARCHITECTONIC_ATLAS_V3_1_AREA_OP4_POPERC,Area Op4 (POperc) left,left,142.06758969232598,0.14506543379751127,0.03545286354662996,0.13137446481530324,0.08579049711695287,same
61,NGIQ-BR-00000077,PrG_L_6_5,left,6,AREA_44_IFG_LEFT.nii.gz,JULICH_BRAIN_CYTOARCHITECTONIC_ATLAS_V3_1_AREA_44_IFG,Area 44 (IFG) left,left,140.6514165427945,0.02748177298974855,0.03509945856849614,0.06418333189674524,0.061685070159349285,same
61,NGIQ-BR-00000077,PrG_L_6_5,left,7,AREA_ID4_INSULA_LEFT.nii.gz,JULICH_BRAIN_CYTOARCHITECTONIC_ATLAS_V3_1_AREA_ID4_INSULA,Area Id4 (Insula) left,left,105.84410423058756,0.15922858949167001,0.026413319129500203,0.12004717114875804,0.06662624649854898,same
61,NGIQ-BR-00000077,PrG_L_6_5,left,8,AREA_TE_3_STG_LEFT.nii.gz,JULICH_BRAIN_CYTOARCHITECTONIC_ATLAS_V3_1_AREA_TE_3_STG,Area Te 3 (STG) left,left,67.15023312236498,0.031334831662673986,0.016757291773355065,0.04811074751961945,0.03751887938127601,same
61,NGIQ-BR-00000077,PrG_L_6_5,left,9,AREA_6V3_PRECG_LEFT.nii.gz,JULICH_BRAIN_CYTOARCHITECTONIC_ATLAS_V3_1_AREA_6V3_PRECG,Area 6v3 (PreCG) left,left,43.31634818907609,0.0146735317710779,0.010809563145341228,0.024568057186697054,0.021776212659328414,same
61,NGIQ-BR-00000077,PrG_L_6_5,left,10,AREA_OP7_FRONTAL_OPERCULUM_LEFT.nii.gz,JULICH_BRAIN_CYTOARCHITECTONIC_ATLAS_V3_1_AREA_OP7_FRONTAL_OPERCULUM,Area Op7 (Frontal Operculum) left,left,40.49640272961455,0.0754797758912001,0.010105847809565183,0.04935363780762864,0.025781738658709998,same
62,NGIQ-BR-00000078,PrG_R_6_5,right,1,AREA_OP5_FRONTAL_OPERCULUM_RIGHT.nii.gz,JULICH_BRAIN_CYTOARCHITECTONIC_ATLAS_V3_1_AREA_OP5_FRONTAL_OPERCULUM,Area Op5 (Frontal Operculum) right,right,815.7155729638527,0.5559675474091729,0.18058050247642785,0.6010882078003276,0.4725289644435862,same
62,NGIQ-BR-00000078,PrG_R_6_5,right,2,AREA_OP4_POPERC_RIGHT.nii.gz,JULICH_BRAIN_CYTOARCHITECTONIC_ATLAS_V3_1_AREA_OP4_POPERC,Area Op4 (POperc) right,right,667.0916492891417,0.22981645071678575,0.14767861399135063,0.3832448513969545,0.34404438786479347,same
62,NGIQ-BR-00000078,PrG_R_6_5,right,3,AREA_OP6_FRONTAL_OPERCULUM_RIGHT.nii.gz,JULICH_BRAIN_CYTOARCHITECTONIC_ATLAS_V3_1_AREA_OP6_FRONTAL_OPERCULUM,Area Op6 (Frontal Operculum) right,right,405.5016576529972,0.5514783692735625,0.08976865897992065,0.4600376521210697,0.2640505068457002,same
62,NGIQ-BR-00000078,PrG_R_6_5,right,4,AREA_6R1_PRECG_RIGHT.nii.gz,JULICH_BRAIN_CYTOARCHITECTONIC_ATLAS_V3_1_AREA_6R1_PRECG,Area 6r1 (PreCG) right,right,397.4376865995483,0.22855051133655652,0.08798348288049156,0.2621044380147741,0.2197979001002103,same
62,NGIQ-BR-00000078,PrG_R_6_5,right,5,AREA_6V3_PRECG_RIGHT.nii.gz,JULICH_BRAIN_CYTOARCHITECTONIC_ATLAS_V3_1_AREA_6V3_PRECG,Area 6v3 (PreCG) right,right,102.36818495133477,0.038292279985242456,0.022661941108890787,0.068899808939386,0.05713264970774299,same
62,NGIQ-BR-00000078,PrG_R_6_5,right,6,AREA_ID4_INSULA_RIGHT.nii.gz,JULICH_BRAIN_CYTOARCHITECTONIC_ATLAS_V3_1_AREA_ID4_INSULA,Area Id4 (Insula) right,right,79.85766714466043,0.0900392217413866,0.01767863473193387,0.0819462755783731,0.05097469489161588,same
62,NGIQ-BR-00000078,PrG_R_6_5,right,7,AREA_4A_PRECG_RIGHT.nii.gz,JULICH_BRAIN_CYTOARCHITECTONIC_ATLAS_V3_1_AREA_4A_PRECG,Area 4a (PreCG) right,right,79.41226757772701,0.010406166020367173,0.01758003360150874,0.027359138385180632,0.02733897832696883,same
62,NGIQ-BR-00000078,PrG_R_6_5,right,8,AREA_TE_3_STG_RIGHT.nii.gz,JULICH_BRAIN_CYTOARCHITECTONIC_ATLAS_V3_1_AREA_TE_3_STG,Area Te 3 (STG) right,right,71.86318928208567,0.025507787867417732,0.015908842812656143,0.03984520450352075,0.03631495784231691,same
62,NGIQ-BR-00000078,PrG_R_6_5,right,9,AREA_ID6_INSULA_RIGHT.nii.gz,JULICH_BRAIN_CYTOARCHITECTONIC_ATLAS_V3_1_AREA_ID6_INSULA,Area Id6 (Insula) right,right,60.743522229257884,0.028523211239583592,0.013447206514020463,0.03582133035027767,0.031780467100596343,same
62,NGIQ-BR-00000078,PrG_R_6_5,right,10,AREA_TE_1_2_HESCHL_RIGHT.nii.gz,JULICH_BRAIN_CYTOARCHITECTONIC_ATLAS_V3_1_AREA_TE_1_2_HESCHL,Area Te 1.2 (HESCHL) right,right,53.60117080345735,0.11783064581495285,0.011866055617700079,0.08081531763181202,0.03633081916818522,same
63,NGIQ-BR-00000079,PrG_L_6_6,left,1,AREA_6V3_PRECG_LEFT.nii.gz,JULICH_BRAIN_CYTOARCHITECTONIC_ATLAS_V3_1_AREA_6V3_PRECG,Area 6v3 (PreCG) left,left,1315.77251066549,0.44572154731247693,0.2339890334681948,0.6654047275154926,0.5565068345976105,same
63,NGIQ-BR-00000079,PrG_L_6_6,left,2,AREA_6V2_PRECG_LEFT.nii.gz,JULICH_BRAIN_CYTOARCHITECTONIC_ATLAS_V3_1_AREA_6V2_PRECG,Area 6v2 (PreCG) left,left,921.3109835031335,0.3850190880138609,0.16384037879351654,0.45327575202631665,0.3847524549371231,same
63,NGIQ-BR-00000079,PrG_L_6_6,left,3,AREA_44_IFG_LEFT.nii.gz,JULICH_BRAIN_CYTOARCHITECTONIC_ATLAS_V3_1_AREA_44_IFG,Area 44 (IFG) left,left,680.0510627137257,0.13287465840238843,0.12093617216012638,0.2766978385904075,0.25610730904064166,same
63,NGIQ-BR-00000079,PrG_L_6_6,left,4,AREA_6R1_PRECG_LEFT.nii.gz,JULICH_BRAIN_CYTOARCHITECTONIC_ATLAS_V3_1_AREA_6R1_PRECG,Area 6r1 (PreCG) left,left,368.32584872389975,0.30411039375170307,0.06550084353158259,0.29011911494728465,0.17963553652240602,same
63,NGIQ-BR-00000079,PrG_L_6_6,left,5,AREA_IFJ2_IFS_PRECS_LEFT.nii.gz,JULICH_BRAIN_CYTOARCHITECTONIC_ATLAS_V3_1_AREA_IFJ2_IFS_PRECS,"Area IFJ2 (IFS, PreCS) left",left,337.42577693319606,0.28210260019986283,0.06000576146093827,0.2789156812524874,0.166206700857514,same
63,NGIQ-BR-00000079,PrG_L_6_6,left,6,FRONTAL_II_GAPMAP_LEFT.nii.gz,JULICH_BRAIN_CYTOARCHITECTONIC_ATLAS_V3_1_FRONTAL_II_GAPMAP,Frontal-II (GapMap) left,left,166.78075703047722,0.04450501395220453,0.02965928214970629,0.053340388474955584,0.05268466295071999,same
63,NGIQ-BR-00000079,PrG_L_6_6,left,7,AREA_6V1_PRECG_LEFT.nii.gz,JULICH_BRAIN_CYTOARCHITECTONIC_ATLAS_V3_1_AREA_6V1_PRECG,Area 6v1 (PreCG) left,left,126.9432139353046,0.04918039900421556,0.022574814182008476,0.0601673038905113,0.0520626161253192,same
63,NGIQ-BR-00000079,PrG_L_6_6,left,8,AREA_OP6_FRONTAL_OPERCULUM_LEFT.nii.gz,JULICH_BRAIN_CYTOARCHITECTONIC_ATLAS_V3_1_AREA_OP6_FRONTAL_OPERCULUM,Area Op6 (Frontal Operculum) left,left,110.74462663638126,0.05367130207838953,0.019694155287783514,0.06562156610868615,0.0499012808688752,same
63,NGIQ-BR-00000079,PrG_L_6_6,left,9,AREA_IFJ1_IFS_PRECS_LEFT.nii.gz,JULICH_BRAIN_CYTOARCHITECTONIC_ATLAS_V3_1_AREA_IFJ1_IFS_PRECS,"Area IFJ1 (IFS, PreCS) left",left,20.661617642704826,0.018282247612641758,0.003674337245167608,0.017549198556406215,0.010230623535441873,same
63,NGIQ-BR-00000079,PrG_L_6_6,left,10,AREA_6D1_PRECG_LEFT.nii.gz,JULICH_BRAIN_CYTOARCHITECTONIC_ATLAS_V3_1_AREA_6D1_PRECG,Area 6d1 (PreCG) left,left,20.493872325160662,0.003873662107845676,0.003644506431403972,0.007120198608555559,0.006919283135420365,same
64,NGIQ-BR-00000080,PrG_R_6_6,right,1,AREA_6V2_PRECG_RIGHT.nii.gz,JULICH_BRAIN_CYTOARCHITECTONIC_ATLAS_V3_1_AREA_6V2_PRECG,Area 6v2 (PreCG) right,right,1237.2989725953219,0.28428667055951523,0.250687555781979,0.5593495998449921,0.5413897973807552,same
64,NGIQ-BR-00000080,PrG_R_6_6,right,2,AREA_6V3_PRECG_RIGHT.nii.gz,JULICH_BRAIN_CYTOARCHITECTONIC_ATLAS_V3_1_AREA_6V3_PRECG,Area 6v3 (PreCG) right,right,936.3809211561266,0.35026664214858794,0.1897189358471103,0.6228517570391164,0.513059995073322,same
64,NGIQ-BR-00000080,PrG_R_6_6,right,3,AREA_6R1_PRECG_RIGHT.nii.gz,JULICH_BRAIN_CYTOARCHITECTONIC_ATLAS_V3_1_AREA_6R1_PRECG,Area 6r1 (PreCG) right,right,506.87459188007085,0.29148329678766366,0.10269721008485991,0.33035811034173324,0.27524746316714327,same
64,NGIQ-BR-00000080,PrG_R_6_6,right,4,AREA_6V1_PRECG_RIGHT.nii.gz,JULICH_BRAIN_CYTOARCHITECTONIC_ATLAS_V3_1_AREA_6V1_PRECG,Area 6v1 (PreCG) right,right,92.24687120651399,0.033820924317905954,0.018690020103055115,0.05046308092741631,0.04579905234405864,same
64,NGIQ-BR-00000080,PrG_R_6_6,right,5,AREA_44_IFG_RIGHT.nii.gz,JULICH_BRAIN_CYTOARCHITECTONIC_ATLAS_V3_1_AREA_44_IFG,Area 44 (IFG) right,right,75.67082150029535,0.03731401429563585,0.015331567960598164,0.045027435971119224,0.03933580116418341,same
64,NGIQ-BR-00000080,PrG_R_6_6,right,6,FRONTAL_II_GAPMAP_RIGHT.nii.gz,JULICH_BRAIN_CYTOARCHITECTONIC_ATLAS_V3_1_FRONTAL_II_GAPMAP,Frontal-II (GapMap) right,right,67.70293730816208,0.012794976620458667,0.01371720517753534,0.02054903461575274,0.020344926849060543,same
64,NGIQ-BR-00000080,PrG_R_6_6,right,7,AREA_4A_PRECG_RIGHT.nii.gz,JULICH_BRAIN_CYTOARCHITECTONIC_ATLAS_V3_1_AREA_4A_PRECG,Area 4a (PreCG) right,right,56.548746043642275,0.0074101352035786565,0.01145726881069111,0.019253820599570943,0.019247005977598576,same
64,NGIQ-BR-00000080,PrG_R_6_6,right,8,AREA_OP4_POPERC_RIGHT.nii.gz,JULICH_BRAIN_CYTOARCHITECTONIC_ATLAS_V3_1_AREA_OP4_POPERC,Area Op4 (POperc) right,right,52.48699986655863,0.01808203719977409,0.010634323634228149,0.029800372823594778,0.026612118845124096,same
64,NGIQ-BR-00000080,PrG_R_6_6,right,9,AREA_IFJ2_IFS_PRECS_RIGHT.nii.gz,JULICH_BRAIN_CYTOARCHITECTONIC_ATLAS_V3_1_AREA_IFJ2_IFS_PRECS,"Area IFJ2 (IFS, PreCS) right",right,50.96745759346182,0.1277353764942892,0.010326451125814923,0.07612510418194604,0.033790969472176365,same
64,NGIQ-BR-00000080,PrG_R_6_6,right,10,AREA_OP5_FRONTAL_OPERCULUM_RIGHT.nii.gz,JULICH_BRAIN_CYTOARCHITECTONIC_ATLAS_V3_1_AREA_OP5_FRONTAL_OPERCULUM,Area Op5 (Frontal Operculum) right,right,45.983442857904464,0.031340951177686885,0.009316646301183514,0.03348729453806762,0.026132842880916222,same
65,NGIQ-BR-00000081,PCL_L_2_1,left,1,AREA_5M_SPL_LEFT.nii.gz,JULICH_BRAIN_CYTOARCHITECTONIC_ATLAS_V3_1_AREA_5M_SPL,Area 5M (SPL) left,left,947.0190383683031,0.460072557608145,0.21181420320399505,0.6402346241887669,0.5061683931746696,same
65,NGIQ-BR-00000081,PCL_L_2_1,left,2,FRONTAL_TO_OCCIPITAL_GAPMAP_LEFT.nii.gz,JULICH_BRAIN_CYTOARCHITECTONIC_ATLAS_V3_1_FRONTAL_TO_OCCIPITAL_GAPMAP,Frontal-to-Occipital (GapMap) left,left,774.7632915396132,0.01849307618420334,0.17328676892485623,0.07644725439332171,0.04180577136037132,same
65,NGIQ-BR-00000081,PCL_L_2_1,left,3,AREA_5CI_SPL_LEFT.nii.gz,JULICH_BRAIN_CYTOARCHITECTONIC_ATLAS_V3_1_AREA_5CI_SPL,Area 5Ci (SPL) left,left,457.43821493309474,0.4368419602241097,0.10231252708293419,0.4208645935687573,0.26843189198100037,same
65,NGIQ-BR-00000081,PCL_L_2_1,left,4,AREA_5L_SPL_LEFT.nii.gz,JULICH_BRAIN_CYTOARCHITECTONIC_ATLAS_V3_1_AREA_5L_SPL,Area 5L (SPL) left,left,241.64520279781328,0.1172410262196255,0.05404736759767316,0.17629020299536335,0.13279195787547615,same
65,NGIQ-BR-00000081,PCL_L_2_1,left,5,AREA_4A_PRECG_LEFT.nii.gz,JULICH_BRAIN_CYTOARCHITECTONIC_ATLAS_V3_1_AREA_4A_PRECG,Area 4a (PreCG) left,left,109.29094895696058,0.04204985803596179,0.02444446661876308,0.060649841412804543,0.05340318985913143,same
65,NGIQ-BR-00000081,PCL_L_2_1,left,6,AREA_3B_POSTCG_LEFT.nii.gz,JULICH_BRAIN_CYTOARCHITECTONIC_ATLAS_V3_1_AREA_3B_POSTCG,Area 3b (PostCG) left,left,80.2690304396327,0.011763478641499818,0.01795330403686749,0.02872362517798461,0.028639847574599073,same
65,NGIQ-BR-00000081,PCL_L_2_1,left,7,AREA_6MP_SMA_MESIAL_SFG_LEFT.nii.gz,JULICH_BRAIN_CYTOARCHITECTONIC_ATLAS_V3_1_AREA_6MP_SMA_MESIAL_SFG,"Area 6mp (SMA, mesial SFG) left",left,13.26727540226881,0.013495742724684814,0.0029674138049657914,0.011787240488838106,0.007721206740150164,same
65,NGIQ-BR-00000081,PCL_L_2_1,left,8,AREA_7A_SPL_LEFT.nii.gz,JULICH_BRAIN_CYTOARCHITECTONIC_ATLAS_V3_1_AREA_7A_SPL,Area 7A (SPL) left,left,9.997390247517247,0.0017976496573622932,0.002236057738655207,0.0039062289835553815,0.0038540409420208966,same
65,NGIQ-BR-00000081,PCL_L_2_1,left,9,AREA_1_POSTCG_LEFT.nii.gz,JULICH_BRAIN_CYTOARCHITECTONIC_ATLAS_V3_1_AREA_1_POSTCG,Area 1 (PostCG) left,left,5.612273144423964,0.0013207436370895318,0.0012552642725087689,0.002628483856403722,0.0024789742777295903,same
65,NGIQ-BR-00000081,PCL_L_2_1,left,10,AREA_6D1_PRECG_LEFT.nii.gz,JULICH_BRAIN_CYTOARCHITECTONIC_ATLAS_V3_1_AREA_6D1_PRECG,Area 6d1 (PreCG) left,left,5.563073894906673,0.0010515078950398653,0.0012442601644470188,0.0021290846184930743,0.002107297336096175,same
66,NGIQ-BR-00000082,PCL_R_2_1,right,1,AREA_5M_SPL_RIGHT.nii.gz,JULICH_BRAIN_CYTOARCHITECTONIC_ATLAS_V3_1_AREA_5M_SPL,Area 5M (SPL) right,right,744.1216528477568,0.40253149101688046,0.15554280725344022,0.5239906514041621,0.3803349759732064,same
66,NGIQ-BR-00000082,PCL_R_2_1,right,2,AREA_5CI_SPL_RIGHT.nii.gz,JULICH_BRAIN_CYTOARCHITECTONIC_ATLAS_V3_1_AREA_5CI_SPL,Area 5Ci (SPL) right,right,686.3993754792787,0.5006193794124715,0.14347719267470183,0.543491330760457,0.3626667088077017,same
66,NGIQ-BR-00000082,PCL_R_2_1,right,3,FRONTAL_TO_OCCIPITAL_GAPMAP_RIGHT.nii.gz,JULICH_BRAIN_CYTOARCHITECTONIC_ATLAS_V3_1_FRONTAL_TO_OCCIPITAL_GAPMAP,Frontal-to-Occipital (GapMap) right,right,498.13227519908065,0.014169189314451845,0.10412395899445814,0.05131177108672559,0.03128829985537519,same
66,NGIQ-BR-00000082,PCL_R_2_1,right,4,AREA_4A_PRECG_RIGHT.nii.gz,JULICH_BRAIN_CYTOARCHITECTONIC_ATLAS_V3_1_AREA_4A_PRECG,Area 4a (PreCG) right,right,452.8466871432865,0.059340929958635415,0.09465796984152293,0.1434870904956403,0.14333995796951748,same
66,NGIQ-BR-00000082,PCL_R_2_1,right,5,AREA_5L_SPL_RIGHT.nii.gz,JULICH_BRAIN_CYTOARCHITECTONIC_ATLAS_V3_1_AREA_5L_SPL,Area 5L (SPL) right,right,86.43204194670122,0.03046321108865634,0.018066780330322618,0.04396533918470568,0.03864932459231399,same
66,NGIQ-BR-00000082,PCL_R_2_1,right,6,AREA_3B_POSTCG_RIGHT.nii.gz,JULICH_BRAIN_CYTOARCHITECTONIC_ATLAS_V3_1_AREA_3B_POSTCG,Area 3b (PostCG) right,right,43.587508853386346,0.010918372479466532,0.0091110418065297,0.018448477023876943,0.017460566371056824,same
66,NGIQ-BR-00000082,PCL_R_2_1,right,7,AREA_6MP_SMA_MESIAL_SFG_RIGHT.nii.gz,JULICH_BRAIN_CYTOARCHITECTONIC_ATLAS_V3_1_AREA_6MP_SMA_MESIAL_SFG,"Area 6mp (SMA, mesial SFG) right",right,35.51033924230745,0.02884213789645315,0.007422681266070557,0.02632188002217516,0.018430548487705423,same
66,NGIQ-BR-00000082,PCL_R_2_1,right,8,AREA_2_POSTCS_RIGHT.nii.gz,JULICH_BRAIN_CYTOARCHITECTONIC_ATLAS_V3_1_AREA_2_POSTCS,Area 2 (PostCS) right,right,3.5719415268908747,0.0008476442943247342,0.0007466384163281658,0.0015283547062868359,0.0014413675700593548,same
66,NGIQ-BR-00000082,PCL_R_2_1,right,9,AREA_3A_POSTCG_RIGHT.nii.gz,JULICH_BRAIN_CYTOARCHITECTONIC_ATLAS_V3_1_AREA_3A_POSTCG,Area 3a (PostCG) right,right,0.7835184573441427,0.0008649299046712101,0.0001637778714324375,0.0007421556074327641,0.0004305285153094378,same
66,NGIQ-BR-00000082,PCL_R_2_1,right,10,AREA_1_POSTCG_RIGHT.nii.gz,JULICH_BRAIN_CYTOARCHITECTONIC_ATLAS_V3_1_AREA_1_POSTCG,Area 1 (PostCG) right,right,0.7164195448218749,0.0001818041700637216,0.00014975227067559211,0.0003350270229146954,0.0003057050056950603,same
67,NGIQ-BR-00000083,PCL_L_2_2,left,1,AREA_4A_PRECG_LEFT.nii.gz,JULICH_BRAIN_CYTOARCHITECTONIC_ATLAS_V3_1_AREA_4A_PRECG,Area 4a (PreCG) left,left,863.2136113139887,0.33212274352890375,0.1856772081165283,0.4622237818915116,0.39996760190961456,same
67,NGIQ-BR-00000083,PCL_L_2_2,left,2,FRONTAL_TO_OCCIPITAL_GAPMAP_LEFT.nii.gz,JULICH_BRAIN_CYTOARCHITECTONIC_ATLAS_V3_1_FRONTAL_TO_OCCIPITAL_GAPMAP,Frontal-to-Occipital (GapMap) left,left,372.4966166450099,0.008891242506191898,0.08012400511875169,0.03546530697795013,0.019979294879528958,same
67,NGIQ-BR-00000083,PCL_L_2_2,left,3,AREA_5M_SPL_LEFT.nii.gz,JULICH_BRAIN_CYTOARCHITECTONIC_ATLAS_V3_1_AREA_5M_SPL,Area 5M (SPL) left,left,223.0188196566009,0.10834506445715002,0.047971337857204754,0.14548241257220337,0.11248575329156621,same
67,NGIQ-BR-00000083,PCL_L_2_2,left,4,AREA_6MP_SMA_MESIAL_SFG_LEFT.nii.gz,JULICH_BRAIN_CYTOARCHITECTONIC_ATLAS_V3_1_AREA_6MP_SMA_MESIAL_SFG,"Area 6mp (SMA, mesial SFG) left",left,163.60179326369004,0.16641907582669616,0.035190738211158624,0.14025133177290502,0.08940113296904692,same
67,NGIQ-BR-00000083,PCL_L_2_2,left,5,AREA_6D1_PRECG_LEFT.nii.gz,JULICH_BRAIN_CYTOARCHITECTONIC_ATLAS_V3_1_AREA_6D1_PRECG,Area 6d1 (PreCG) left,left,99.8324476716343,0.018869892597326132,0.02147395490542825,0.036867046521946736,0.03628168562689603,same
67,NGIQ-BR-00000083,PCL_L_2_2,left,6,AREA_5CI_SPL_LEFT.nii.gz,JULICH_BRAIN_CYTOARCHITECTONIC_ATLAS_V3_1_AREA_5CI_SPL,Area 5Ci (SPL) left,left,47.32576659495868,0.045194913703207364,0.010179770219274326,0.0420142039590203,0.02606335952526277,same
67,NGIQ-BR-00000083,PCL_L_2_2,left,7,AREA_5L_SPL_LEFT.nii.gz,JULICH_BRAIN_CYTOARCHITECTONIC_ATLAS_V3_1_AREA_5L_SPL,Area 5L (SPL) left,left,38.28001572829175,0.018572635730921046,0.008234029623636938,0.026947013609034884,0.019819706991162634,same
67,NGIQ-BR-00000083,PCL_L_2_2,left,8,AREA_3B_POSTCG_LEFT.nii.gz,JULICH_BRAIN_CYTOARCHITECTONIC_ATLAS_V3_1_AREA_3B_POSTCG,Area 3b (PostCG) left,left,18.035892373526217,0.00264317176318613,0.003879519620536205,0.006227552577391975,0.006188568065228484,same
67,NGIQ-BR-00000083,PCL_L_2_2,left,9,AREA_4A_PRECG_RIGHT.nii.gz,JULICH_BRAIN_CYTOARCHITECTONIC_ATLAS_V3_1_AREA_4A_PRECG,Area 4a (PreCG) right,right,5.576114513395854,0.0007306928154164797,0.0011994219755285937,0.0017837313249348668,0.0017825900651586913,opposite
67,NGIQ-BR-00000083,PCL_L_2_2,left,10,AREA_7A_SPL_LEFT.nii.gz,JULICH_BRAIN_CYTOARCHITECTONIC_ATLAS_V3_1_AREA_7A_SPL,Area 7A (SPL) left,left,1.1590482084943472,0.00020841065150814487,0.0002493112163721585,0.00043697952388395867,0.0004283749589155511,same
68,NGIQ-BR-00000084,PCL_R_2_2,right,1,AREA_4A_PRECG_RIGHT.nii.gz,JULICH_BRAIN_CYTOARCHITECTONIC_ATLAS_V3_1_AREA_4A_PRECG,Area 4a (PreCG) right,right,1248.9060815791136,0.1636563773479704,0.23595440411333202,0.36767822483120716,0.3650982821441314,same
68,NGIQ-BR-00000084,PCL_R_2_2,right,2,AREA_6MP_SMA_MESIAL_SFG_RIGHT.nii.gz,JULICH_BRAIN_CYTOARCHITECTONIC_ATLAS_V3_1_AREA_6MP_SMA_MESIAL_SFG,"Area 6mp (SMA, mesial SFG) right",right,373.8249506610075,0.3036273661743528,0.0706263223287269,0.2574582802305077,0.1708366708647402,same
68,NGIQ-BR-00000084,PCL_R_2_2,right,3,FRONTAL_TO_OCCIPITAL_GAPMAP_RIGHT.nii.gz,JULICH_BRAIN_CYTOARCHITECTONIC_ATLAS_V3_1_FRONTAL_TO_OCCIPITAL_GAPMAP,Frontal-to-Occipital (GapMap) right,right,270.2526259276543,0.007687236523604681,0.051058520933932594,0.025865372737989806,0.016700600204310908,same
68,NGIQ-BR-00000084,PCL_R_2_2,right,4,AREA_5M_SPL_RIGHT.nii.gz,JULICH_BRAIN_CYTOARCHITECTONIC_ATLAS_V3_1_AREA_5M_SPL,Area 5M (SPL) right,right,130.57497439705512,0.07063433637818249,0.024669381253244416,0.0854311084649205,0.058871119977949374,same
68,NGIQ-BR-00000084,PCL_R_2_2,right,5,AREA_6D1_PRECG_RIGHT.nii.gz,JULICH_BRAIN_CYTOARCHITECTONIC_ATLAS_V3_1_AREA_6D1_PRECG,Area 6d1 (PreCG) right,right,114.67008798883369,0.031326758787946156,0.021664489171850227,0.04245876372317608,0.040010087452563396,same
68,NGIQ-BR-00000084,PCL_R_2_2,right,6,AREA_5CI_SPL_RIGHT.nii.gz,JULICH_BRAIN_CYTOARCHITECTONIC_ATLAS_V3_1_AREA_5CI_SPL,Area 5Ci (SPL) right,right,77.01469411077939,0.056169993372238464,0.014550298477130416,0.056658598996209175,0.03575202685410487,same
68,NGIQ-BR-00000084,PCL_R_2_2,right,7,AREA_5L_SPL_RIGHT.nii.gz,JULICH_BRAIN_CYTOARCHITECTONIC_ATLAS_V3_1_AREA_5L_SPL,Area 5L (SPL) right,right,8.868954366083852,0.0031258873781586536,0.0016756014510808407,0.004191645735550892,0.0035507001803123774,same
68,NGIQ-BR-00000084,PCL_R_2_2,right,8,AREA_3B_POSTCG_RIGHT.nii.gz,JULICH_BRAIN_CYTOARCHITECTONIC_ATLAS_V3_1_AREA_3B_POSTCG,Area 3b (PostCG) right,right,3.198576018593831,0.0008012213887324121,0.0006043033256145553,0.0012578580780764645,0.0011598163014681058,same
68,NGIQ-BR-00000084,PCL_R_2_2,right,9,AREA_6MP_SMA_MESIAL_SFG_LEFT.nii.gz,JULICH_BRAIN_CYTOARCHITECTONIC_ATLAS_V3_1_AREA_6MP_SMA_MESIAL_SFG,"Area 6mp (SMA, mesial SFG) left",left,2.8298835962188744,0.002878615224105828,0.0005346466860115292,0.002232687189013813,0.0013332050166210215,opposite
68,NGIQ-BR-00000084,PCL_R_2_2,right,10,AREA_4A_PRECG_LEFT.nii.gz,JULICH_BRAIN_CYTOARCHITECTONIC_ATLAS_V3_1_AREA_4A_PRECG,Area 4a (PreCG) left,left,1.8673020752788274,0.0007184472998459652,0.0003527872551592613,0.0009202142649803129,0.0007618993727590887,opposite
69,NGIQ-BR-00000005,STG_L_6_1,left,1,TEMPORAL_TO_PARIETAL_GAPMAP_LEFT.nii.gz,JULICH_BRAIN_CYTOARCHITECTONIC_ATLAS_V3_1_TEMPORAL_TO_PARIETAL_GAPMAP,Temporal-to-Parietal (GapMap) left,left,4507.26586908617,0.07005123973551455,0.7649109093089408,0.3117829260963676,0.15228513285899456,same
69,NGIQ-BR-00000005,STG_L_6_1,left,2,AREA_PIRT_PIRIFORMCORTEXMESIAL_TEMPORAL_LEFT.nii.gz,JULICH_BRAIN_CYTOARCHITECTONIC_ATLAS_V3_1_AREA_PIRT_PIRIFORMCORTEXMESIAL_TEMPORAL,"Area PirT (PiriformCortexMesial, temporal) left",left,341.1947134372352,0.3653699911740599,0.05790285421072629,0.29705302174931364,0.16560573570047168,same
69,NGIQ-BR-00000005,STG_L_6_1,left,3,AREA_EC_HIPPOCAMPAL_REGION_ENTORHINAL_CORTEX_LEFT.nii.gz,JULICH_BRAIN_CYTOARCHITECTONIC_ATLAS_V3_1_AREA_EC_HIPPOCAMPAL_REGION_ENTORHINAL_CORTEX,"Area EC (Hippocampal Region, Entorhinal Cortex) left",left,118.87153630862142,0.047948748780539514,0.020173235298234865,0.0593278665191872,0.04916755220505382,same
69,NGIQ-BR-00000005,STG_L_6_1,left,4,FRONTAL_TO_TEMPORAL_I_GAPMAP_LEFT.nii.gz,JULICH_BRAIN_CYTOARCHITECTONIC_ATLAS_V3_1_FRONTAL_TO_TEMPORAL_I_GAPMAP,Frontal-to-Temporal-I (GapMap) left,left,46.243379219150334,0.010572208237579367,0.007847787611253116,0.013277929206093643,0.013236139729380474,same
69,NGIQ-BR-00000005,STG_L_6_1,left,5,FRONTAL_TO_TEMPORAL_II_GAPMAP_LEFT.nii.gz,JULICH_BRAIN_CYTOARCHITECTONIC_ATLAS_V3_1_FRONTAL_TO_TEMPORAL_II_GAPMAP,Frontal-to-Temporal-II (GapMap) left,left,23.558107810834276,0.0019748192905150825,0.003997956674971286,0.004137138160322658,0.00380893189535848,same
69,NGIQ-BR-00000005,STG_L_6_1,left,6,AREA_TE_2_2_STG_LEFT.nii.gz,JULICH_BRAIN_CYTOARCHITECTONIC_ATLAS_V3_1_AREA_TE_2_2_STG,Area Te 2.2 (STG) left,left,22.855080790478656,0.009356902977030445,0.0038786486392289876,0.012194733782288882,0.00972096213713686,same
69,NGIQ-BR-00000005,STG_L_6_1,left,7,AREA_TPJ_STG_SMG_LEFT.nii.gz,JULICH_BRAIN_CYTOARCHITECTONIC_ATLAS_V3_1_AREA_TPJ_STG_SMG,"Area TPJ (STG, SMG) left",left,16.3272465818102,0.007319811340217123,0.0027708347792529506,0.009691378507929515,0.007218999138530792,same
69,NGIQ-BR-00000005,STG_L_6_1,left,8,AREA_IA2_INSULA_LEFT.nii.gz,JULICH_BRAIN_CYTOARCHITECTONIC_ATLAS_V3_1_AREA_IA2_INSULA,Area Ia2 (Insula) left,left,16.19874879949786,0.08410701712898518,0.0027490279104398973,0.030457522096798823,0.008424332912987977,same
69,NGIQ-BR-00000005,STG_L_6_1,left,9,AREA_PFCM_IPL_LEFT.nii.gz,JULICH_BRAIN_CYTOARCHITECTONIC_ATLAS_V3_1_AREA_PFCM_IPL,Area PFcm (IPL) left,left,13.263342600418559,0.00546675035897384,0.0022508713139256383,0.007016532136415621,0.005622059033717372,same
69,NGIQ-BR-00000005,STG_L_6_1,left,10,AREA_TI_STG_LEFT.nii.gz,JULICH_BRAIN_CYTOARCHITECTONIC_ATLAS_V3_1_AREA_TI_STG,Area TI (STG) left,left,12.386849311201862,0.01619015844950876,0.002102124978934342,0.012175884008782455,0.006124278216177657,same
70,NGIQ-BR-00000006,STG_R_6_1,right,1,TEMPORAL_TO_PARIETAL_GAPMAP_RIGHT.nii.gz,JULICH_BRAIN_CYTOARCHITECTONIC_ATLAS_V3_1_TEMPORAL_TO_PARIETAL_GAPMAP,Temporal-to-Parietal (GapMap) right,right,4628.9371285182115,0.06099195487104592,0.809466757345997,0.28042820260468015,0.13653123077318174,same
70,NGIQ-BR-00000006,STG_R_6_1,right,2,AREA_PIRT_PIRIFORMCORTEXMESIAL_TEMPORAL_RIGHT.nii.gz,JULICH_BRAIN_CYTOARCHITECTONIC_ATLAS_V3_1_AREA_PIRT_PIRIFORMCORTEXMESIAL_TEMPORAL,"Area PirT (PiriformCortexMesial, temporal) right",right,321.6911936303931,0.6699075969023921,0.056254453267572196,0.3417952359947904,0.1430962573509466,same
70,NGIQ-BR-00000006,STG_R_6_1,right,3,AREA_EC_HIPPOCAMPAL_REGION_ENTORHINAL_CORTEX_RIGHT.nii.gz,JULICH_BRAIN_CYTOARCHITECTONIC_ATLAS_V3_1_AREA_EC_HIPPOCAMPAL_REGION_ENTORHINAL_CORTEX,"Area EC (Hippocampal Region, Entorhinal Cortex) right",right,169.12585336641564,0.06074538726130654,0.029575203185296068,0.06988809795435151,0.05981637228840137,same
70,NGIQ-BR-00000006,STG_R_6_1,right,4,FRONTAL_TO_TEMPORAL_I_GAPMAP_RIGHT.nii.gz,JULICH_BRAIN_CYTOARCHITECTONIC_ATLAS_V3_1_FRONTAL_TO_TEMPORAL_I_GAPMAP,Frontal-to-Temporal-I (GapMap) right,right,19.47537489199115,0.006675067026881734,0.00340567783148185,0.0065554783181790005,0.006136725779496113,same
70,NGIQ-BR-00000006,STG_R_6_1,right,5,SF_AMYGDALA_RIGHT.nii.gz,JULICH_BRAIN_CYTOARCHITECTONIC_ATLAS_V3_1_SF_AMYGDALA,SF (Amygdala) right,right,14.786750059843111,0.017437085934292617,0.0025857734270973995,0.012521116799917026,0.006408452966318381,same
70,NGIQ-BR-00000006,STG_R_6_1,right,6,LB_AMYGDALA_RIGHT.nii.gz,JULICH_BRAIN_CYTOARCHITECTONIC_ATLAS_V3_1_LB_AMYGDALA,LB (Amygdala) right,right,13.157847021313271,0.017827012239880962,0.0023009255615892596,0.010873282605921237,0.005682483537353765,same
70,NGIQ-BR-00000006,STG_R_6_1,right,7,AREA_STS2_STS_RIGHT.nii.gz,JULICH_BRAIN_CYTOARCHITECTONIC_ATLAS_V3_1_AREA_STS2_STS,Area STS2 (STS) right,right,8.15195727145035,0.0018256477162600286,0.0014255407311302985,0.002825128074311442,0.0026167277579506685,same
70,NGIQ-BR-00000006,STG_R_6_1,right,8,AREA_TI_STG_RIGHT.nii.gz,JULICH_BRAIN_CYTOARCHITECTONIC_ATLAS_V3_1_AREA_TI_STG,Area TI (STG) right,right,8.018749965963158,0.007715524639953614,0.001402246639498937,0.00592947961288102,0.00340066366442811,same
70,NGIQ-BR-00000006,STG_R_6_1,right,9,AREA_IA2_INSULA_RIGHT.nii.gz,JULICH_BRAIN_CYTOARCHITECTONIC_ATLAS_V3_1_AREA_IA2_INSULA,Area Ia2 (Insula) right,right,5.333098279899398,0.023935104629505342,0.0009326041057333614,0.009002370483297729,0.0024399608654348047,same
70,NGIQ-BR-00000006,STG_R_6_1,right,10,FRONTAL_TO_TEMPORAL_II_GAPMAP_RIGHT.nii.gz,JULICH_BRAIN_CYTOARCHITECTONIC_ATLAS_V3_1_FRONTAL_TO_TEMPORAL_II_GAPMAP,Frontal-to-Temporal-II (GapMap) right,right,2.0589867546777754,0.0002096862153812814,0.0003600570250693608,0.00038599606528582617,0.0003770072841163913,same
71,NGIQ-BR-00000085,STG_L_6_2,left,1,AREA_TE_2_2_STG_LEFT.nii.gz,JULICH_BRAIN_CYTOARCHITECTONIC_ATLAS_V3_1_AREA_TE_2_2_STG,Area Te 2.2 (STG) left,left,904.1185315127826,0.3701474283400762,0.1702280892506669,0.63446708010809,0.5811620776197172,same
71,NGIQ-BR-00000085,STG_L_6_2,left,2,AREA_TPJ_STG_SMG_LEFT.nii.gz,JULICH_BRAIN_CYTOARCHITECTONIC_ATLAS_V3_1_AREA_TPJ_STG_SMG,"Area TPJ (STG, SMG) left",left,589.8270787290473,0.2644305589442103,0.11105306782325239,0.46045953464595124,0.4022553766687278,same
71,NGIQ-BR-00000085,STG_L_6_2,left,3,AREA_PFCM_IPL_LEFT.nii.gz,JULICH_BRAIN_CYTOARCHITECTONIC_ATLAS_V3_1_AREA_PFCM_IPL,Area PFcm (IPL) left,left,414.54020832022076,0.1708609888861758,0.07804992942889027,0.28842330652054193,0.2650926303561833,same
71,NGIQ-BR-00000085,STG_L_6_2,left,4,AREA_TE_3_STG_LEFT.nii.gz,JULICH_BRAIN_CYTOARCHITECTONIC_ATLAS_V3_1_AREA_TE_3_STG,Area Te 3 (STG) left,left,323.35685807288905,0.15089050690593175,0.060881862474100566,0.2676800936790417,0.22697280596402603,same
71,NGIQ-BR-00000085,STG_L_6_2,left,5,AREA_TE_2_1_STG_LEFT.nii.gz,JULICH_BRAIN_CYTOARCHITECTONIC_ATLAS_V3_1_AREA_TE_2_1_STG,Area Te 2.1 (STG) left,left,289.3076626462441,0.19445367375154837,0.054471055399609836,0.25980048232885244,0.21050187810838805,same
71,NGIQ-BR-00000085,STG_L_6_2,left,6,TEMPORAL_TO_PARIETAL_GAPMAP_LEFT.nii.gz,JULICH_BRAIN_CYTOARCHITECTONIC_ATLAS_V3_1_TEMPORAL_TO_PARIETAL_GAPMAP,Temporal-to-Parietal (GapMap) left,left,256.1711154232899,0.003981372464160706,0.048232082387199865,0.023305770778115065,0.00889416991366109,same
71,NGIQ-BR-00000085,STG_L_6_2,left,7,AREA_TE_1_1_HESCHL_LEFT.nii.gz,JULICH_BRAIN_CYTOARCHITECTONIC_ATLAS_V3_1_AREA_TE_1_1_HESCHL,Area Te 1.1 (HESCHL) left,left,163.9622658179777,0.1694799264494816,0.03087093367360059,0.1824051468833334,0.12857044061450695,same
71,NGIQ-BR-00000085,STG_L_6_2,left,8,AREA_TE_1_0_HESCHL_LEFT.nii.gz,JULICH_BRAIN_CYTOARCHITECTONIC_ATLAS_V3_1_AREA_TE_1_0_HESCHL,Area Te 1.0 (HESCHL) left,left,111.6690543266016,0.1178218904853574,0.02102513009509921,0.13354039291530068,0.08931168195127151,same
71,NGIQ-BR-00000085,STG_L_6_2,left,9,AREA_STS1_STS_LEFT.nii.gz,JULICH_BRAIN_CYTOARCHITECTONIC_ATLAS_V3_1_AREA_STS1_STS,Area STS1 (STS) left,left,104.60582625334172,0.02998209026554189,0.01969526041878487,0.05635992242953724,0.055638799438692155,same
71,NGIQ-BR-00000085,STG_L_6_2,left,10,AREA_PF_IPL_LEFT.nii.gz,JULICH_BRAIN_CYTOARCHITECTONIC_ATLAS_V3_1_AREA_PF_IPL,Area PF (IPL) left,left,50.25140185200333,0.01562813032475243,0.009461370186850341,0.032422762882331174,0.030623973570222517,same
72,NGIQ-BR-00000086,STG_R_6_2,right,1,AREA_TE_2_2_STG_RIGHT.nii.gz,JULICH_BRAIN_CYTOARCHITECTONIC_ATLAS_V3_1_AREA_TE_2_2_STG,Area Te 2.2 (STG) right,right,1285.1805079844517,0.5195352382857276,0.25356941250499826,0.7765905716265905,0.706695295620955,same
72,NGIQ-BR-00000086,STG_R_6_2,right,2,AREA_TPJ_STG_SMG_RIGHT.nii.gz,JULICH_BRAIN_CYTOARCHITECTONIC_ATLAS_V3_1_AREA_TPJ_STG_SMG,"Area TPJ (STG, SMG) right",right,560.3445732983846,0.32123547166677646,0.11055742237677503,0.47339032150205784,0.35951598846053473,same
72,NGIQ-BR-00000086,STG_R_6_2,right,3,AREA_TE_3_STG_RIGHT.nii.gz,JULICH_BRAIN_CYTOARCHITECTONIC_ATLAS_V3_1_AREA_TE_3_STG,Area Te 3 (STG) right,right,332.336750770074,0.1179626930543583,0.06557089383401013,0.19200691591225158,0.177857020737721,same
72,NGIQ-BR-00000086,STG_R_6_2,right,4,AREA_TE_1_1_HESCHL_RIGHT.nii.gz,JULICH_BRAIN_CYTOARCHITECTONIC_ATLAS_V3_1_AREA_TE_1_1_HESCHL,Area Te 1.1 (HESCHL) right,right,291.9941042686776,0.33648943587291563,0.05761118614415488,0.29747687828113395,0.1981566644002143,same
72,NGIQ-BR-00000086,STG_R_6_2,right,5,AREA_TE_2_1_STG_RIGHT.nii.gz,JULICH_BRAIN_CYTOARCHITECTONIC_ATLAS_V3_1_AREA_TE_2_1_STG,Area Te 2.1 (STG) right,right,276.57729197410424,0.30649506419256006,0.054569409512819536,0.2870969936847675,0.18857526230392802,same
72,NGIQ-BR-00000086,STG_R_6_2,right,6,AREA_TE_1_0_HESCHL_RIGHT.nii.gz,JULICH_BRAIN_CYTOARCHITECTONIC_ATLAS_V3_1_AREA_TE_1_0_HESCHL,Area Te 1.0 (HESCHL) right,right,229.0591148861216,0.25270070881721596,0.0451939512229915,0.23332942755857367,0.1554417368607652,same
72,NGIQ-BR-00000086,STG_R_6_2,right,7,AREA_PFCM_IPL_RIGHT.nii.gz,JULICH_BRAIN_CYTOARCHITECTONIC_ATLAS_V3_1_AREA_PFCM_IPL,Area PFcm (IPL) right,right,169.44154512947412,0.08697751635462353,0.03343125170782601,0.12143518245016939,0.10178546889695086,same
72,NGIQ-BR-00000086,STG_R_6_2,right,8,AREA_OP4_POPERC_RIGHT.nii.gz,JULICH_BRAIN_CYTOARCHITECTONIC_ATLAS_V3_1_AREA_OP4_POPERC,Area Op4 (POperc) right,right,117.85862984648561,0.040602894709483556,0.023253810140403224,0.07055391904145868,0.06445137028285702,same
72,NGIQ-BR-00000086,STG_R_6_2,right,9,AREA_PF_IPL_RIGHT.nii.gz,JULICH_BRAIN_CYTOARCHITECTONIC_ATLAS_V3_1_AREA_PF_IPL,Area PF (IPL) right,right,110.74726622340913,0.03623766745926904,0.021850719847008628,0.06581380210192361,0.060299023836847265,same
72,NGIQ-BR-00000086,STG_R_6_2,right,10,TEMPORAL_TO_PARIETAL_GAPMAP_RIGHT.nii.gz,JULICH_BRAIN_CYTOARCHITECTONIC_ATLAS_V3_1_TEMPORAL_TO_PARIETAL_GAPMAP,Temporal-to-Parietal (GapMap) right,right,80.89068189709167,0.001065834484845312,0.0159599391356645,0.0063279756064734865,0.0024478696388540843,same
73,NGIQ-BR-00000087,STG_L_6_3,left,1,AREA_TE_2_1_STG_LEFT.nii.gz,JULICH_BRAIN_CYTOARCHITECTONIC_ATLAS_V3_1_AREA_TE_2_1_STG,Area Te 2.1 (STG) left,left,648.3870175075666,0.4358033119963498,0.08392573754123549,0.418673885610377,0.2710111444352694,same
73,NGIQ-BR-00000087,STG_L_6_3,left,2,AREA_TE_1_0_HESCHL_LEFT.nii.gz,JULICH_BRAIN_CYTOARCHITECTONIC_ATLAS_V3_1_AREA_TE_1_0_HESCHL,Area Te 1.0 (HESCHL) left,left,543.3746433546784,0.5733139597888042,0.07033317520768372,0.46724076428927036,0.23953750069503582,same
73,NGIQ-BR-00000087,STG_L_6_3,left,3,AREA_TE_1_1_HESCHL_LEFT.nii.gz,JULICH_BRAIN_CYTOARCHITECTONIC_ATLAS_V3_1_AREA_TE_1_1_HESCHL,Area Te 1.1 (HESCHL) left,left,488.1315869545042,0.5045581984488976,0.06318263991436628,0.3904735628205788,0.2128442487757374,same
73,NGIQ-BR-00000087,STG_L_6_3,left,4,AREA_TE_3_STG_LEFT.nii.gz,JULICH_BRAIN_CYTOARCHITECTONIC_ATLAS_V3_1_AREA_TE_3_STG,Area Te 3 (STG) left,left,473.2329595491101,0.22082834913884386,0.06125419554458805,0.2816894163561321,0.19372935979687547,same
73,NGIQ-BR-00000087,STG_L_6_3,left,5,AREA_TE_2_2_STG_LEFT.nii.gz,JULICH_BRAIN_CYTOARCHITECTONIC_ATLAS_V3_1_AREA_TE_2_2_STG,Area Te 2.2 (STG) left,left,417.29475611188,0.17084107387575195,0.05401368200338899,0.21056597500705226,0.16213109433417883,same
73,NGIQ-BR-00000087,STG_L_6_3,left,6,AREA_TEI_STG_LEFT.nii.gz,JULICH_BRAIN_CYTOARCHITECTONIC_ATLAS_V3_1_AREA_TEI_STG,Area TeI (STG) left,left,395.1477869973905,0.5797271325224317,0.0511470288054557,0.4470470193323846,0.17955564799496476,same
73,NGIQ-BR-00000087,STG_L_6_3,left,7,AREA_TI_STG_LEFT.nii.gz,JULICH_BRAIN_CYTOARCHITECTONIC_ATLAS_V3_1_AREA_TI_STG,Area TI (STG) left,left,322.0839216815047,0.4209778931715101,0.041689808628807654,0.2994086883847308,0.14344940975125786,same
73,NGIQ-BR-00000087,STG_L_6_3,left,8,AREA_TE_1_2_HESCHL_LEFT.nii.gz,JULICH_BRAIN_CYTOARCHITECTONIC_ATLAS_V3_1_AREA_TE_1_2_HESCHL,Area Te 1.2 (HESCHL) left,left,312.72084957894356,0.5022076475991657,0.04047787391907229,0.34594442767930006,0.1418266876132345,same
73,NGIQ-BR-00000087,STG_L_6_3,left,9,AREA_STS1_STS_LEFT.nii.gz,JULICH_BRAIN_CYTOARCHITECTONIC_ATLAS_V3_1_AREA_STS1_STS,Area STS1 (STS) left,left,270.7089818652184,0.07759052646187224,0.03503995352869671,0.10487663008795896,0.09340620804480144,same
73,NGIQ-BR-00000087,STG_L_6_3,left,10,TEMPORAL_TO_PARIETAL_GAPMAP_LEFT.nii.gz,JULICH_BRAIN_CYTOARCHITECTONIC_ATLAS_V3_1_TEMPORAL_TO_PARIETAL_GAPMAP,Temporal-to-Parietal (GapMap) left,left,131.63906845036425,0.002045914354825023,0.017039060947590726,0.008611516891910649,0.004414419947429158,same
74,NGIQ-BR-00000088,STG_R_6_3,right,1,AREA_TEI_STG_RIGHT.nii.gz,JULICH_BRAIN_CYTOARCHITECTONIC_ATLAS_V3_1_AREA_TEI_STG,Area TeI (STG) right,right,727.0687350784905,0.6793981434085579,0.1103061419650761,0.5831989434981961,0.360405898623513,same
74,NGIQ-BR-00000088,STG_R_6_3,right,2,AREA_TE_3_STG_RIGHT.nii.gz,JULICH_BRAIN_CYTOARCHITECTONIC_ATLAS_V3_1_AREA_TE_3_STG,Area Te 3 (STG) right,right,507.6214297791164,0.18017986506185843,0.07701302338586369,0.24780350806199383,0.2129314868246581,same
74,NGIQ-BR-00000088,STG_R_6_3,right,3,AREA_TE_1_0_HESCHL_RIGHT.nii.gz,JULICH_BRAIN_CYTOARCHITECTONIC_ATLAS_V3_1_AREA_TE_1_0_HESCHL,Area Te 1.0 (HESCHL) right,right,499.0327970794689,0.5505388493608481,0.07571001186556921,0.4295166721828396,0.25089559693601376,same
74,NGIQ-BR-00000088,STG_R_6_3,right,4,AREA_TI_STG_RIGHT.nii.gz,JULICH_BRAIN_CYTOARCHITECTONIC_ATLAS_V3_1_AREA_TI_STG,Area TI (STG) right,right,489.0246178655914,0.47053237782713103,0.07419163597630928,0.39454407344860487,0.24270789440007723,same
74,NGIQ-BR-00000088,STG_R_6_3,right,5,AREA_TE_1_1_HESCHL_RIGHT.nii.gz,JULICH_BRAIN_CYTOARCHITECTONIC_ATLAS_V3_1_AREA_TE_1_1_HESCHL,Area Te 1.1 (HESCHL) right,right,352.16329467642754,0.4058274692141788,0.05342792572874607,0.3031462643996955,0.17705932743231764,same
74,NGIQ-BR-00000088,STG_R_6_3,right,6,AREA_TE_1_2_HESCHL_RIGHT.nii.gz,JULICH_BRAIN_CYTOARCHITECTONIC_ATLAS_V3_1_AREA_TE_1_2_HESCHL,Area Te 1.2 (HESCHL) right,right,341.9940082710158,0.7518002733033377,0.051885107703710555,0.4539790740852159,0.18186885753567486,same
74,NGIQ-BR-00000088,STG_R_6_3,right,7,AREA_TE_2_1_STG_RIGHT.nii.gz,JULICH_BRAIN_CYTOARCHITECTONIC_ATLAS_V3_1_AREA_TE_2_1_STG,Area Te 2.1 (STG) right,right,319.2357047288728,0.3537679001593309,0.04843236583724465,0.27999648762409046,0.16106155679109582,same
74,NGIQ-BR-00000088,STG_R_6_3,right,8,AREA_TE_2_2_STG_RIGHT.nii.gz,JULICH_BRAIN_CYTOARCHITECTONIC_ATLAS_V3_1_AREA_TE_2_2_STG,Area Te 2.2 (STG) right,right,279.54597703078935,0.11300668263034747,0.042410898365469255,0.14272834500753476,0.1197720870724231,same
74,NGIQ-BR-00000088,STG_R_6_3,right,9,AREA_OP4_POPERC_RIGHT.nii.gz,JULICH_BRAIN_CYTOARCHITECTONIC_ATLAS_V3_1_AREA_OP4_POPERC,Area Op4 (POperc) right,right,271.5049221767069,0.09353482034032042,0.04119096179621542,0.1373303293897281,0.11582732468456682,same
74,NGIQ-BR-00000088,STG_R_6_3,right,10,TEMPORAL_TO_PARIETAL_GAPMAP_RIGHT.nii.gz,JULICH_BRAIN_CYTOARCHITECTONIC_ATLAS_V3_1_TEMPORAL_TO_PARIETAL_GAPMAP,Temporal-to-Parietal (GapMap) right,right,240.19699794595002,0.003164891648370647,0.036441127058160154,0.015876796375260918,0.007157082112218065,same
75,NGIQ-BR-00000089,STG_L_6_4,left,1,TEMPORAL_TO_PARIETAL_GAPMAP_LEFT.nii.gz,JULICH_BRAIN_CYTOARCHITECTONIC_ATLAS_V3_1_TEMPORAL_TO_PARIETAL_GAPMAP,Temporal-to-Parietal (GapMap) left,left,760.3544171081187,0.011817312557955954,0.14316226023185696,0.06434882938200402,0.026244672817998874,same
75,NGIQ-BR-00000089,STG_L_6_4,left,2,AREA_STS1_STS_LEFT.nii.gz,JULICH_BRAIN_CYTOARCHITECTONIC_ATLAS_V3_1_AREA_STS1_STS,Area STS1 (STS) left,left,738.6017554429652,0.21169781163380702,0.13906659097555615,0.3701826961028784,0.36034430956650576,same
75,NGIQ-BR-00000089,STG_L_6_4,left,3,AREA_TPJ_STG_SMG_LEFT.nii.gz,JULICH_BRAIN_CYTOARCHITECTONIC_ATLAS_V3_1_AREA_TPJ_STG_SMG,"Area TPJ (STG, SMG) left",left,501.7776437987841,0.22495634330883926,0.09447649675432197,0.36439242248402626,0.3067244033517583,same
75,NGIQ-BR-00000089,STG_L_6_4,left,4,AREA_TE_3_STG_LEFT.nii.gz,JULICH_BRAIN_CYTOARCHITECTONIC_ATLAS_V3_1_AREA_TE_3_STG,Area Te 3 (STG) left,left,385.0497872599266,0.17967875470442285,0.07249855673303508,0.29651191738754135,0.24152051595451024,same
75,NGIQ-BR-00000089,STG_L_6_4,left,5,AREA_STS2_STS_LEFT.nii.gz,JULICH_BRAIN_CYTOARCHITECTONIC_ATLAS_V3_1_AREA_STS2_STS,Area STS2 (STS) left,left,228.54845099239006,0.05869993653410521,0.04303192311422818,0.11684189895561756,0.11320004334044036,same
75,NGIQ-BR-00000089,STG_L_6_4,left,6,AREA_TE_2_2_STG_LEFT.nii.gz,JULICH_BRAIN_CYTOARCHITECTONIC_ATLAS_V3_1_AREA_TE_2_2_STG,Area Te 2.2 (STG) left,left,160.54257756893293,0.06572636236843639,0.030227533043907462,0.10480095009844004,0.0930502809666307,same
75,NGIQ-BR-00000089,STG_L_6_4,left,7,AREA_PFM_IPL_LEFT.nii.gz,JULICH_BRAIN_CYTOARCHITECTONIC_ATLAS_V3_1_AREA_PFM_IPL,Area PFm (IPL) left,left,108.41324429376797,0.02530524691701884,0.020412434968412007,0.05334674157392673,0.052139561877241294,same
75,NGIQ-BR-00000089,STG_L_6_4,left,8,AREA_PF_IPL_LEFT.nii.gz,JULICH_BRAIN_CYTOARCHITECTONIC_ATLAS_V3_1_AREA_PF_IPL,Area PF (IPL) left,left,67.24985865374903,0.020914631565050974,0.012662044894485846,0.04036309689738769,0.037143526331447255,same
75,NGIQ-BR-00000089,STG_L_6_4,left,9,AREA_PFCM_IPL_LEFT.nii.gz,JULICH_BRAIN_CYTOARCHITECTONIC_ATLAS_V3_1_AREA_PFCM_IPL,Area PFcm (IPL) left,left,60.90459394378399,0.025103039319426913,0.011467335667829428,0.0394189460424599,0.03513633063004376,same
75,NGIQ-BR-00000089,STG_L_6_4,left,10,AREA_TE_2_1_STG_LEFT.nii.gz,JULICH_BRAIN_CYTOARCHITECTONIC_ATLAS_V3_1_AREA_TE_2_1_STG,Area Te 2.1 (STG) left,left,59.434529865033525,0.039948000596457506,0.01119054672379985,0.04964895526230406,0.03849400779004841,same
76,NGIQ-BR-00000090,STG_R_6_4,right,1,AREA_TE_3_STG_RIGHT.nii.gz,JULICH_BRAIN_CYTOARCHITECTONIC_ATLAS_V3_1_AREA_TE_3_STG,Area Te 3 (STG) right,right,951.9939524315597,0.337909575573794,0.1958150461368968,0.6202039993254531,0.5972787962989141,same
76,NGIQ-BR-00000090,STG_R_6_4,right,2,AREA_STS1_STS_RIGHT.nii.gz,JULICH_BRAIN_CYTOARCHITECTONIC_ATLAS_V3_1_AREA_STS1_STS,Area STS1 (STS) right,right,401.80573470558784,0.1369157357474817,0.08264717257760185,0.270145260450593,0.25784335929349356,same
76,NGIQ-BR-00000090,STG_R_6_4,right,3,AREA_TPJ_STG_SMG_RIGHT.nii.gz,JULICH_BRAIN_CYTOARCHITECTONIC_ATLAS_V3_1_AREA_TPJ_STG_SMG,"Area TPJ (STG, SMG) right",right,336.9850818453894,0.19318749010821018,0.06931425265933584,0.32102344426541224,0.2624632819387853,same
76,NGIQ-BR-00000090,STG_R_6_4,right,4,AREA_PF_IPL_RIGHT.nii.gz,JULICH_BRAIN_CYTOARCHITECTONIC_ATLAS_V3_1_AREA_PF_IPL,Area PF (IPL) right,right,214.37672350760204,0.07014631315417592,0.044095015411703194,0.14365589952723962,0.13724866352917953,same
76,NGIQ-BR-00000090,STG_R_6_4,right,5,TEMPORAL_TO_PARIETAL_GAPMAP_RIGHT.nii.gz,JULICH_BRAIN_CYTOARCHITECTONIC_ATLAS_V3_1_TEMPORAL_TO_PARIETAL_GAPMAP,Temporal-to-Parietal (GapMap) right,right,207.380880384716,0.0027324988321004383,0.04265604477499329,0.01829350334823057,0.006328247930549403,same
76,NGIQ-BR-00000090,STG_R_6_4,right,6,AREA_TE_2_2_STG_RIGHT.nii.gz,JULICH_BRAIN_CYTOARCHITECTONIC_ATLAS_V3_1_AREA_TE_2_2_STG,Area Te 2.2 (STG) right,right,194.00823071050442,0.07842798092981483,0.03990543275036853,0.13219347193777792,0.12566097032576673,same
76,NGIQ-BR-00000090,STG_R_6_4,right,7,AREA_STS2_STS_RIGHT.nii.gz,JULICH_BRAIN_CYTOARCHITECTONIC_ATLAS_V3_1_AREA_STS2_STS,Area STS2 (STS) right,right,171.2159154516048,0.038344158908475236,0.035217295548878286,0.08639888595032441,0.08638029492777057,same
76,NGIQ-BR-00000090,STG_R_6_4,right,8,AREA_TE_2_1_STG_RIGHT.nii.gz,JULICH_BRAIN_CYTOARCHITECTONIC_ATLAS_V3_1_AREA_TE_2_1_STG,Area Te 2.1 (STG) right,right,128.46552025852486,0.14236182441852013,0.02642399325349912,0.1503697838117024,0.10777380952741691,same
76,NGIQ-BR-00000090,STG_R_6_4,right,9,AREA_OP4_POPERC_RIGHT.nii.gz,JULICH_BRAIN_CYTOARCHITECTONIC_ATLAS_V3_1_AREA_OP4_POPERC,Area Op4 (POperc) right,right,34.327574377776074,0.011826023176311078,0.0070608175013960744,0.0231720651982397,0.022090266037969906,same
76,NGIQ-BR-00000090,STG_R_6_4,right,10,AREA_PFCM_IPL_RIGHT.nii.gz,JULICH_BRAIN_CYTOARCHITECTONIC_ATLAS_V3_1_AREA_PFCM_IPL,Area PFcm (IPL) right,right,21.45316141232477,0.011012309266732944,0.004412687476645158,0.017337153623127197,0.015433740881279717,same
77,NGIQ-BR-00000091,STG_L_6_5,left,1,TEMPORAL_TO_PARIETAL_GAPMAP_LEFT.nii.gz,JULICH_BRAIN_CYTOARCHITECTONIC_ATLAS_V3_1_TEMPORAL_TO_PARIETAL_GAPMAP,Temporal-to-Parietal (GapMap) left,left,2326.4556714371415,0.03615741975454677,0.38149842836229586,0.21311328248819073,0.08081542906926091,same
77,NGIQ-BR-00000091,STG_L_6_5,left,2,AREA_TI_STG_LEFT.nii.gz,JULICH_BRAIN_CYTOARCHITECTONIC_ATLAS_V3_1_AREA_TI_STG,Area TI (STG) left,left,282.27177042640085,0.36894165531617124,0.04628768048788686,0.36743767083233164,0.23283821535952065,same
77,NGIQ-BR-00000091,STG_L_6_5,left,3,AREA_STS2_STS_LEFT.nii.gz,JULICH_BRAIN_CYTOARCHITECTONIC_ATLAS_V3_1_AREA_STS2_STS,Area STS2 (STS) left,left,191.17520817260532,0.0491010660448534,0.03134942236601057,0.10578961954911524,0.10421177717472062,same
77,NGIQ-BR-00000091,STG_L_6_5,left,4,AREA_TE_3_STG_LEFT.nii.gz,JULICH_BRAIN_CYTOARCHITECTONIC_ATLAS_V3_1_AREA_TE_3_STG,Area Te 3 (STG) left,left,144.77504966437454,0.06755749904727464,0.023740600171811403,0.12067301037290493,0.10269316676646094,same
77,NGIQ-BR-00000091,STG_L_6_5,left,5,AREA_STS1_STS_LEFT.nii.gz,JULICH_BRAIN_CYTOARCHITECTONIC_ATLAS_V3_1_AREA_STS1_STS,Area STS1 (STS) left,left,138.0974650561677,0.039581453644168,0.02264559197347617,0.07491739093997012,0.07403815470154525,same
77,NGIQ-BR-00000091,STG_L_6_5,left,6,AREA_PIRT_PIRIFORMCORTEXMESIAL_TEMPORAL_LEFT.nii.gz,JULICH_BRAIN_CYTOARCHITECTONIC_ATLAS_V3_1_AREA_PIRT_PIRIFORMCORTEXMESIAL_TEMPORAL,"Area PirT (PiriformCortexMesial, temporal) left",left,136.28225650053227,0.14593850635361688,0.022347929215648113,0.1571258287214077,0.1090248721356355,same
77,NGIQ-BR-00000091,STG_L_6_5,left,7,FRONTAL_TO_TEMPORAL_I_GAPMAP_LEFT.nii.gz,JULICH_BRAIN_CYTOARCHITECTONIC_ATLAS_V3_1_FRONTAL_TO_TEMPORAL_I_GAPMAP,Frontal-to-Temporal-I (GapMap) left,left,112.18571543408832,0.025648011993895017,0.0183965139109511,0.04265745414106375,0.041806546860304654,same
77,NGIQ-BR-00000091,STG_L_6_5,left,8,AREA_TEI_STG_LEFT.nii.gz,JULICH_BRAIN_CYTOARCHITECTONIC_ATLAS_V3_1_AREA_TEI_STG,Area TeI (STG) left,left,109.30453692432306,0.16036229443250943,0.017924050546700675,0.17316204945522753,0.09360445360101845,same
77,NGIQ-BR-00000091,STG_L_6_5,left,9,AREA_IA2_INSULA_LEFT.nii.gz,JULICH_BRAIN_CYTOARCHITECTONIC_ATLAS_V3_1_AREA_IA2_INSULA,Area Ia2 (Insula) left,left,100.46923194020049,0.5216555621871469,0.016475213585426387,0.2501628199693839,0.0903029353786461,same
77,NGIQ-BR-00000091,STG_L_6_5,left,10,AREA_ID3_INSULA_LEFT.nii.gz,JULICH_BRAIN_CYTOARCHITECTONIC_ATLAS_V3_1_AREA_ID3_INSULA,Area Id3 (Insula) left,left,96.45518797388777,0.13741947136680935,0.015816979911204055,0.11642582074789004,0.07812160119767286,same
78,NGIQ-BR-00000092,STG_R_6_5,right,1,TEMPORAL_TO_PARIETAL_GAPMAP_RIGHT.nii.gz,JULICH_BRAIN_CYTOARCHITECTONIC_ATLAS_V3_1_TEMPORAL_TO_PARIETAL_GAPMAP,Temporal-to-Parietal (GapMap) right,right,2589.2775529261758,0.03411692474363755,0.4141650707422039,0.18937311952626434,0.07791833753604006,same
78,NGIQ-BR-00000092,STG_R_6_5,right,2,AREA_STS2_STS_RIGHT.nii.gz,JULICH_BRAIN_CYTOARCHITECTONIC_ATLAS_V3_1_AREA_STS2_STS,Area STS2 (STS) right,right,458.99455811521,0.10279278201488029,0.07341797460733349,0.1920361999560022,0.18794985561608588,same
78,NGIQ-BR-00000092,STG_R_6_5,right,3,AREA_TI_STG_RIGHT.nii.gz,JULICH_BRAIN_CYTOARCHITECTONIC_ATLAS_V3_1_AREA_TI_STG,Area TI (STG) right,right,353.36613746308126,0.3400037601988207,0.05652229563219371,0.3154526342370074,0.20973992177766196,same
78,NGIQ-BR-00000092,STG_R_6_5,right,4,AREA_TE_3_STG_RIGHT.nii.gz,JULICH_BRAIN_CYTOARCHITECTONIC_ATLAS_V3_1_AREA_TE_3_STG,Area Te 3 (STG) right,right,247.63921187572586,0.0878993619304228,0.03961086040743113,0.13376156541281906,0.1205714448529182,same
78,NGIQ-BR-00000092,STG_R_6_5,right,5,AREA_STS1_STS_RIGHT.nii.gz,JULICH_BRAIN_CYTOARCHITECTONIC_ATLAS_V3_1_AREA_STS1_STS,Area STS1 (STS) right,right,229.46522749941943,0.07819052277729814,0.03670386053158767,0.12791152046588208,0.11369082327301294,same
78,NGIQ-BR-00000092,STG_R_6_5,right,6,AREA_ID3_INSULA_RIGHT.nii.gz,JULICH_BRAIN_CYTOARCHITECTONIC_ATLAS_V3_1_AREA_ID3_INSULA,Area Id3 (Insula) right,right,128.07093146564029,0.13403304383375503,0.02048544634797565,0.11596119618567159,0.07628596182392068,same
78,NGIQ-BR-00000092,STG_R_6_5,right,7,FRONTAL_TO_TEMPORAL_I_GAPMAP_RIGHT.nii.gz,JULICH_BRAIN_CYTOARCHITECTONIC_ATLAS_V3_1_FRONTAL_TO_TEMPORAL_I_GAPMAP,Frontal-to-Temporal-I (GapMap) right,right,126.90103248940945,0.04349456184258851,0.02029831643148435,0.051568326188334686,0.0507530163611278,same
78,NGIQ-BR-00000092,STG_R_6_5,right,8,AREA_TEI_STG_RIGHT.nii.gz,JULICH_BRAIN_CYTOARCHITECTONIC_ATLAS_V3_1_AREA_TEI_STG,Area TeI (STG) right,right,112.6919495704665,0.10530325074011121,0.01802551804969046,0.10001809495550663,0.06678935036988817,same
78,NGIQ-BR-00000092,STG_R_6_5,right,9,AREA_IA2_INSULA_RIGHT.nii.gz,JULICH_BRAIN_CYTOARCHITECTONIC_ATLAS_V3_1_AREA_IA2_INSULA,Area Ia2 (Insula) right,right,102.5220267863336,0.46012192334961677,0.01639879912781471,0.2089266298648559,0.06778235549607067,same
78,NGIQ-BR-00000092,STG_R_6_5,right,10,AREA_ID1_INSULA_RIGHT.nii.gz,JULICH_BRAIN_CYTOARCHITECTONIC_ATLAS_V3_1_AREA_ID1_INSULA,Area Id1 (Insula) right,right,41.92117920184093,0.09979982950893046,0.006705456558763161,0.059914662880425296,0.026962813374375866,same
79,NGIQ-BR-00000093,STG_L_6_6,left,1,AREA_STS1_STS_LEFT.nii.gz,JULICH_BRAIN_CYTOARCHITECTONIC_ATLAS_V3_1_AREA_STS1_STS,Area STS1 (STS) left,left,1080.0375525513728,0.3095600364777554,0.1885868063290745,0.5361996006872815,0.5207945713405436,same
79,NGIQ-BR-00000093,STG_L_6_6,left,2,AREA_STS2_STS_LEFT.nii.gz,JULICH_BRAIN_CYTOARCHITECTONIC_ATLAS_V3_1_AREA_STS2_STS,Area STS2 (STS) left,left,831.9258838843908,0.21367021466585717,0.1452636949276698,0.4212954927872969,0.4071892853209906,same
79,NGIQ-BR-00000093,STG_L_6_6,left,3,TEMPORAL_TO_PARIETAL_GAPMAP_LEFT.nii.gz,JULICH_BRAIN_CYTOARCHITECTONIC_ATLAS_V3_1_TEMPORAL_TO_PARIETAL_GAPMAP,Temporal-to-Parietal (GapMap) left,left,686.7802355407928,0.010673833832490405,0.11991961850271597,0.057573710200923923,0.02368544420421866,same
79,NGIQ-BR-00000093,STG_L_6_6,left,4,AREA_TE_3_STG_LEFT.nii.gz,JULICH_BRAIN_CYTOARCHITECTONIC_ATLAS_V3_1_AREA_TE_3_STG,Area Te 3 (STG) left,left,494.29402265110406,0.2306562355995706,0.08630934257713135,0.37704438333168994,0.3054235138011559,same
79,NGIQ-BR-00000093,STG_L_6_6,left,5,AREA_TE_2_2_STG_LEFT.nii.gz,JULICH_BRAIN_CYTOARCHITECTONIC_ATLAS_V3_1_AREA_TE_2_2_STG,Area Te 2.2 (STG) left,left,94.71142906184222,0.038774995401317916,0.016537689719622904,0.061243391040675124,0.05413793227417928,same
79,NGIQ-BR-00000093,STG_L_6_6,left,6,AREA_TE_2_1_STG_LEFT.nii.gz,JULICH_BRAIN_CYTOARCHITECTONIC_ATLAS_V3_1_AREA_TE_2_1_STG,Area Te 2.1 (STG) left,left,88.19708681929,0.05928030868358286,0.01540021167920165,0.07298059076790393,0.05624421051735841,same
79,NGIQ-BR-00000093,STG_L_6_6,left,7,AREA_TI_STG_LEFT.nii.gz,JULICH_BRAIN_CYTOARCHITECTONIC_ATLAS_V3_1_AREA_TI_STG,Area TI (STG) left,left,55.46129120739783,0.07249035407656819,0.009684170479981932,0.06606887336456452,0.03903210201638992,same
79,NGIQ-BR-00000093,STG_L_6_6,left,8,AREA_TPJ_STG_SMG_LEFT.nii.gz,JULICH_BRAIN_CYTOARCHITECTONIC_ATLAS_V3_1_AREA_TPJ_STG_SMG,"Area TPJ (STG, SMG) left",left,23.430595403889548,0.010504376049327411,0.004091247704461686,0.016854784562346306,0.014114487259773238,same
79,NGIQ-BR-00000093,STG_L_6_6,left,9,AREA_TEI_STG_LEFT.nii.gz,JULICH_BRAIN_CYTOARCHITECTONIC_ATLAS_V3_1_AREA_TEI_STG,Area TeI (STG) left,left,22.681886089547746,0.03327692882405231,0.003960514566408289,0.032883980816900006,0.01647992685055027,same
79,NGIQ-BR-00000093,STG_L_6_6,left,10,AREA_ID3_INSULA_LEFT.nii.gz,JULICH_BRAIN_CYTOARCHITECTONIC_ATLAS_V3_1_AREA_ID3_INSULA,Area Id3 (Insula) left,left,19.56757943074907,0.027877882753486967,0.0034167213016974528,0.02161481458488136,0.0135576560273588,same
80,NGIQ-BR-00000094,STG_R_6_6,right,1,AREA_STS1_STS_RIGHT.nii.gz,JULICH_BRAIN_CYTOARCHITECTONIC_ATLAS_V3_1_AREA_STS1_STS,Area STS1 (STS) right,right,1254.8661534342693,0.4275969898437487,0.22626575057060577,0.7465095108749269,0.6824244568253882,same
80,NGIQ-BR-00000094,STG_R_6_6,right,2,AREA_STS2_STS_RIGHT.nii.gz,JULICH_BRAIN_CYTOARCHITECTONIC_ATLAS_V3_1_AREA_STS2_STS,Area STS2 (STS) right,right,919.7724955834207,0.20598495552981583,0.1658447902972171,0.41067772438550687,0.4065076618064139,same
80,NGIQ-BR-00000094,STG_R_6_6,right,3,AREA_TE_3_STG_RIGHT.nii.gz,JULICH_BRAIN_CYTOARCHITECTONIC_ATLAS_V3_1_AREA_TE_3_STG,Area Te 3 (STG) right,right,534.8603119059242,0.1898482868780526,0.09644101850433834,0.3083169947629488,0.28535197608529783,same
80,NGIQ-BR-00000094,STG_R_6_6,right,4,TEMPORAL_TO_PARIETAL_GAPMAP_RIGHT.nii.gz,JULICH_BRAIN_CYTOARCHITECTONIC_ATLAS_V3_1_TEMPORAL_TO_PARIETAL_GAPMAP,Temporal-to-Parietal (GapMap) right,right,445.55450450811594,0.005870730035222883,0.08033822898700399,0.03477648845176018,0.013480750122428829,same
80,NGIQ-BR-00000094,STG_R_6_6,right,5,AREA_TPJ_STG_SMG_RIGHT.nii.gz,JULICH_BRAIN_CYTOARCHITECTONIC_ATLAS_V3_1_AREA_TPJ_STG_SMG,"Area TPJ (STG, SMG) right",right,55.45274339078297,0.03179006102173711,0.009998721035049361,0.04674184268219426,0.035445862772377004,same
80,NGIQ-BR-00000094,STG_R_6_6,right,6,AREA_PF_IPL_RIGHT.nii.gz,JULICH_BRAIN_CYTOARCHITECTONIC_ATLAS_V3_1_AREA_PF_IPL,Area PF (IPL) right,right,53.65461548510843,0.017556353126424423,0.009674499396681049,0.03181336745889843,0.029121165590827523,same
80,NGIQ-BR-00000094,STG_R_6_6,right,7,AREA_TE_2_2_STG_RIGHT.nii.gz,JULICH_BRAIN_CYTOARCHITECTONIC_ATLAS_V3_1_AREA_TE_2_2_STG,Area Te 2.2 (STG) right,right,49.042108143359364,0.019825311060975785,0.008842815130724034,0.02956757469969217,0.026881157440536284,same
80,NGIQ-BR-00000094,STG_R_6_6,right,8,AREA_TE_2_1_STG_RIGHT.nii.gz,JULICH_BRAIN_CYTOARCHITECTONIC_ATLAS_V3_1_AREA_TE_2_1_STG,Area Te 2.1 (STG) right,right,44.35217201754823,0.049149811658690624,0.007997169629225184,0.04593519943836515,0.03012043126831857,same
80,NGIQ-BR-00000094,STG_R_6_6,right,9,AREA_TI_STG_RIGHT.nii.gz,JULICH_BRAIN_CYTOARCHITECTONIC_ATLAS_V3_1_AREA_TI_STG,Area TI (STG) right,right,31.353758251668165,0.0301681303660449,0.005653416999580127,0.02987060341647078,0.020829034942506378,same
80,NGIQ-BR-00000094,STG_R_6_6,right,10,AREA_TEI_STG_RIGHT.nii.gz,JULICH_BRAIN_CYTOARCHITECTONIC_ATLAS_V3_1_AREA_TEI_STG,Area TeI (STG) right,right,18.52095164838967,0.017306617045934735,0.0033395251075470944,0.017542607453923394,0.012283567739691139,same
81,NGIQ-BR-00000007,MTG_L_4_1,left,1,TEMPORAL_TO_PARIETAL_GAPMAP_LEFT.nii.gz,JULICH_BRAIN_CYTOARCHITECTONIC_ATLAS_V3_1_TEMPORAL_TO_PARIETAL_GAPMAP,Temporal-to-Parietal (GapMap) left,left,5114.7495151220055,0.07949265804982594,0.6895700046319355,0.3776630016658828,0.17416739771993914,same
81,NGIQ-BR-00000007,MTG_L_4_1,left,2,AREA_STS2_STS_LEFT.nii.gz,JULICH_BRAIN_CYTOARCHITECTONIC_ATLAS_V3_1_AREA_STS2_STS,Area STS2 (STS) left,left,397.1879565385932,0.10201297685322169,0.053548839531691796,0.17716253631553394,0.1645300148018946,same
81,NGIQ-BR-00000007,MTG_L_4_1,left,3,AREA_STS1_STS_LEFT.nii.gz,JULICH_BRAIN_CYTOARCHITECTONIC_ATLAS_V3_1_AREA_STS1_STS,Area STS1 (STS) left,left,146.57056432777551,0.042010010793317495,0.019760628438125705,0.06409262098257555,0.059951752507188344,same
81,NGIQ-BR-00000007,MTG_L_4_1,left,4,AREA_TE_3_STG_LEFT.nii.gz,JULICH_BRAIN_CYTOARCHITECTONIC_ATLAS_V3_1_AREA_TE_3_STG,Area Te 3 (STG) left,left,38.00404744217154,0.017734122038425174,0.005123701775277534,0.02553351531465754,0.019103548356155426,same
81,NGIQ-BR-00000007,MTG_L_4_1,left,5,AREA_TPJ_STG_SMG_LEFT.nii.gz,JULICH_BRAIN_CYTOARCHITECTONIC_ATLAS_V3_1_AREA_TPJ_STG_SMG,"Area TPJ (STG, SMG) left",left,5.185966512155482,0.002324966202688003,0.0006991714728620127,0.003285815929164675,0.002553379130670098,same
81,NGIQ-BR-00000007,MTG_L_4_1,left,6,AREA_HOC4LA_LOC_LEFT.nii.gz,JULICH_BRAIN_CYTOARCHITECTONIC_ATLAS_V3_1_AREA_HOC4LA_LOC,Area hOc4la (LOC) left,left,3.6774140820747707,0.0011394990856269554,0.0004957885890819339,0.0017485365293674962,0.0015830771223725956,same
81,NGIQ-BR-00000007,MTG_L_4_1,left,7,AREA_PGP_IPL_LEFT.nii.gz,JULICH_BRAIN_CYTOARCHITECTONIC_ATLAS_V3_1_AREA_PGP_IPL,Area PGp (IPL) left,left,3.0609994392425506,0.000676510476250119,0.0004126836302063734,0.0012776518671073409,0.001213773452271735,same
81,NGIQ-BR-00000007,MTG_L_4_1,left,8,AREA_PFM_IPL_LEFT.nii.gz,JULICH_BRAIN_CYTOARCHITECTONIC_ATLAS_V3_1_AREA_PFM_IPL,Area PFm (IPL) left,left,2.7147610986494737,0.0006336651980997056,0.00036600381266679903,0.0011655010453017695,0.0010971449008606547,same
81,NGIQ-BR-00000007,MTG_L_4_1,left,9,AREA_HOC5_LOC_LEFT.nii.gz,JULICH_BRAIN_CYTOARCHITECTONIC_ATLAS_V3_1_AREA_HOC5_LOC,Area hOc5 (LOC) left,left,1.1359116322735545,0.001179758534614072,0.00015314348966894814,0.0009430730745657891,0.0006061897660923205,same
81,NGIQ-BR-00000007,MTG_L_4_1,left,10,AREA_PGA_IPL_LEFT.nii.gz,JULICH_BRAIN_CYTOARCHITECTONIC_ATLAS_V3_1_AREA_PGA_IPL,Area PGa (IPL) left,left,0.356763749318633,9.340335866962604e-05,4.8098852063586956e-05,0.00018114418429982258,0.00015921816160742772,same
82,NGIQ-BR-00000008,MTG_R_4_1,right,1,TEMPORAL_TO_PARIETAL_GAPMAP_RIGHT.nii.gz,JULICH_BRAIN_CYTOARCHITECTONIC_ATLAS_V3_1_TEMPORAL_TO_PARIETAL_GAPMAP,Temporal-to-Parietal (GapMap) right,right,5299.424154315246,0.06982644825119803,0.6902075680693274,0.34705939126970364,0.1577472000261561,same
82,NGIQ-BR-00000008,MTG_R_4_1,right,2,AREA_STS2_STS_RIGHT.nii.gz,JULICH_BRAIN_CYTOARCHITECTONIC_ATLAS_V3_1_AREA_STS2_STS,Area STS2 (STS) right,right,223.25806061514973,0.0499991051138293,0.029077574955682705,0.08364078643247655,0.07956835465753848,same
82,NGIQ-BR-00000008,MTG_R_4_1,right,3,AREA_STS1_STS_RIGHT.nii.gz,JULICH_BRAIN_CYTOARCHITECTONIC_ATLAS_V3_1_AREA_STS1_STS,Area STS1 (STS) right,right,27.953599962733076,0.009525219216925106,0.003640732594191424,0.013952946109920173,0.01173495465406562,same
82,NGIQ-BR-00000008,MTG_R_4_1,right,4,AREA_PGA_IPL_RIGHT.nii.gz,JULICH_BRAIN_CYTOARCHITECTONIC_ATLAS_V3_1_AREA_PGA_IPL,Area PGa (IPL) right,right,18.855976148264254,0.004548106255797824,0.002455839929375942,0.008284802938680415,0.007420829064396693,same
82,NGIQ-BR-00000008,MTG_R_4_1,right,5,AREA_HOC5_LOC_RIGHT.nii.gz,JULICH_BRAIN_CYTOARCHITECTONIC_ATLAS_V3_1_AREA_HOC5_LOC,Area hOc5 (LOC) right,right,15.771201607552436,0.01835339275266749,0.0020540727426424255,0.014585180365958466,0.007906827888975853,same
82,NGIQ-BR-00000008,MTG_R_4_1,right,6,AREA_TE_3_STG_RIGHT.nii.gz,JULICH_BRAIN_CYTOARCHITECTONIC_ATLAS_V3_1_AREA_TE_3_STG,Area Te 3 (STG) right,right,10.078819889380721,0.0035774699433820155,0.00131268559796137,0.004874802292246301,0.004168879800485877,same
82,NGIQ-BR-00000008,MTG_R_4_1,right,7,AREA_HOC4LA_LOC_RIGHT.nii.gz,JULICH_BRAIN_CYTOARCHITECTONIC_ATLAS_V3_1_AREA_HOC4LA_LOC,Area hOc4la (LOC) right,right,6.856629693626678,0.001981474570778568,0.0008930211223301312,0.0030006069785636093,0.002692451510210098,same
82,NGIQ-BR-00000008,MTG_R_4_1,right,8,AREA_PGP_IPL_RIGHT.nii.gz,JULICH_BRAIN_CYTOARCHITECTONIC_ATLAS_V3_1_AREA_PGP_IPL,Area PGp (IPL) right,right,2.1563018646890284,0.0004667912821028017,0.0002808410541810419,0.0008174504488685257,0.0007747679195291926,same
82,NGIQ-BR-00000008,MTG_R_4_1,right,9,AREA_TPJ_STG_SMG_RIGHT.nii.gz,JULICH_BRAIN_CYTOARCHITECTONIC_ATLAS_V3_1_AREA_TPJ_STG_SMG,"Area TPJ (STG, SMG) right",right,1.327937569394274,0.0007612827388287158,0.00017295323673482144,0.0009391839929996265,0.0006300471916432372,same
82,NGIQ-BR-00000008,MTG_R_4_1,right,10,AREA_PF_IPL_RIGHT.nii.gz,JULICH_BRAIN_CYTOARCHITECTONIC_ATLAS_V3_1_AREA_PF_IPL,Area PF (IPL) right,right,0.9023653732988931,0.0002952634176847302,0.00011752586539189298,0.0004489264644496513,0.00037823832909116093,same
83,NGIQ-BR-00000095,MTG_L_4_2,left,1,TEMPORAL_TO_PARIETAL_GAPMAP_LEFT.nii.gz,JULICH_BRAIN_CYTOARCHITECTONIC_ATLAS_V3_1_TEMPORAL_TO_PARIETAL_GAPMAP,Temporal-to-Parietal (GapMap) left,left,4903.017788425723,0.07620195579768148,0.619165449090904,0.30416274104464647,0.16312756590244368,same
83,NGIQ-BR-00000095,MTG_L_4_2,left,2,AREA_STS2_STS_LEFT.nii.gz,JULICH_BRAIN_CYTOARCHITECTONIC_ATLAS_V3_1_AREA_STS2_STS,Area STS2 (STS) left,left,624.8577298216818,0.16048723552538574,0.07890860967632515,0.23416362791756767,0.20133595162672663,same
83,NGIQ-BR-00000095,MTG_L_4_2,left,3,AREA_STS1_STS_LEFT.nii.gz,JULICH_BRAIN_CYTOARCHITECTONIC_ATLAS_V3_1_AREA_STS1_STS,Area STS1 (STS) left,left,89.90069639456901,0.025767310395399104,0.011352886621812752,0.03302834416570779,0.02868295117545898,same
83,NGIQ-BR-00000095,MTG_L_4_2,left,4,AREA_TE_3_STG_LEFT.nii.gz,JULICH_BRAIN_CYTOARCHITECTONIC_ATLAS_V3_1_AREA_TE_3_STG,Area Te 3 (STG) left,left,12.527632208426022,0.005845865727191041,0.001582020983217014,0.007071511093275253,0.004676491484829722,same
83,NGIQ-BR-00000095,MTG_L_4_2,left,5,AREA_HOC4LA_LOC_LEFT.nii.gz,JULICH_BRAIN_CYTOARCHITECTONIC_ATLAS_V3_1_AREA_HOC4LA_LOC,Area hOc4la (LOC) left,left,6.816099110067514,0.0021120653073375367,0.0008607541821479153,0.0027228928111069917,0.002262654435700817,same
83,NGIQ-BR-00000095,MTG_L_4_2,left,6,AREA_HOC5_LOC_LEFT.nii.gz,JULICH_BRAIN_CYTOARCHITECTONIC_ATLAS_V3_1_AREA_HOC5_LOC,Area hOc5 (LOC) left,left,2.5500795033473667,0.002648514173586662,0.0003220304696089114,0.0017787585182505957,0.0009948282244830443,same
83,NGIQ-BR-00000095,MTG_L_4_2,left,7,AREA_PIRT_PIRIFORMCORTEXMESIAL_TEMPORAL_LEFT.nii.gz,JULICH_BRAIN_CYTOARCHITECTONIC_ATLAS_V3_1_AREA_PIRT_PIRIFORMCORTEXMESIAL_TEMPORAL,"Area PirT (PiriformCortexMesial, temporal) left",left,2.388162812505163,0.002557375572842053,0.0003015832216227246,0.0018646572098776134,0.0009480294687173481,same
83,NGIQ-BR-00000095,MTG_L_4_2,left,8,AREA_PGP_IPL_LEFT.nii.gz,JULICH_BRAIN_CYTOARCHITECTONIC_ATLAS_V3_1_AREA_PGP_IPL,Area PGp (IPL) left,left,0.9755596559196523,0.00021560811771985117,0.0001231961331852325,0.0003421098585803134,0.00030378314457827135,same
83,NGIQ-BR-00000095,MTG_L_4_2,left,9,AREA_TPJ_STG_SMG_LEFT.nii.gz,JULICH_BRAIN_CYTOARCHITECTONIC_ATLAS_V3_1_AREA_TPJ_STG_SMG,"Area TPJ (STG, SMG) left",left,0.273459809975495,0.00012259716959148924,3.453319432197195e-05,0.0001455692029218711,0.00010051812088299997,same
83,NGIQ-BR-00000095,MTG_L_4_2,left,10,AREA_OTS1_OTS_LEFT.nii.gz,JULICH_BRAIN_CYTOARCHITECTONIC_ATLAS_V3_1_AREA_OTS1_OTS,Area OTS1 (OTS) left,left,0.1880654098505348,0.0002529952289185651,2.3749374155536034e-05,0.0001575759413631337,7.534506530631388e-05,same
84,NGIQ-BR-00000096,MTG_R_4_2,right,1,TEMPORAL_TO_PARIETAL_GAPMAP_RIGHT.nii.gz,JULICH_BRAIN_CYTOARCHITECTONIC_ATLAS_V3_1_TEMPORAL_TO_PARIETAL_GAPMAP,Temporal-to-Parietal (GapMap) right,right,5773.237355092355,0.07606952145715325,0.6609304345769816,0.2992805555492813,0.16643191976560914,same
84,NGIQ-BR-00000096,MTG_R_4_2,right,2,AREA_STS2_STS_RIGHT.nii.gz,JULICH_BRAIN_CYTOARCHITECTONIC_ATLAS_V3_1_AREA_STS2_STS,Area STS2 (STS) right,right,486.94092427884516,0.10905142860311613,0.05574585919511114,0.14440133358852256,0.12486507836787913,same
84,NGIQ-BR-00000096,MTG_R_4_2,right,3,AREA_HOC5_LOC_RIGHT.nii.gz,JULICH_BRAIN_CYTOARCHITECTONIC_ATLAS_V3_1_AREA_HOC5_LOC,Area hOc5 (LOC) right,right,29.904214214028485,0.034800378695757646,0.0034234873919963445,0.021890888263801946,0.009682432010244007,same
84,NGIQ-BR-00000096,MTG_R_4_2,right,4,AREA_STS1_STS_RIGHT.nii.gz,JULICH_BRAIN_CYTOARCHITECTONIC_ATLAS_V3_1_AREA_STS1_STS,Area STS1 (STS) right,right,23.133581000979618,0.007882792577721367,0.0026483733135989652,0.009140185396602133,0.0066553230961815734,same
84,NGIQ-BR-00000096,MTG_R_4_2,right,5,AREA_HOC4LA_LOC_RIGHT.nii.gz,JULICH_BRAIN_CYTOARCHITECTONIC_ATLAS_V3_1_AREA_HOC4LA_LOC,Area hOc4la (LOC) right,right,12.48343669045216,0.0036075467778356445,0.0014291259356515402,0.00432430732628499,0.0034290597994130713,same
84,NGIQ-BR-00000096,MTG_R_4_2,right,6,AREA_TE_3_STG_RIGHT.nii.gz,JULICH_BRAIN_CYTOARCHITECTONIC_ATLAS_V3_1_AREA_TE_3_STG,Area Te 3 (STG) right,right,9.866546820007269,0.00350212376855126,0.0011295397497851918,0.0037774304073835397,0.0028097777836356645,same
84,NGIQ-BR-00000096,MTG_R_4_2,right,7,AREA_PGP_IPL_RIGHT.nii.gz,JULICH_BRAIN_CYTOARCHITECTONIC_ATLAS_V3_1_AREA_PGP_IPL,Area PGp (IPL) right,right,0.9442092191861801,0.00020440024618759256,0.00010809474324104443,0.00028333751670931654,0.000243539305633742,same
84,NGIQ-BR-00000096,MTG_R_4_2,right,8,AREA_FG2_FUSG_RIGHT.nii.gz,JULICH_BRAIN_CYTOARCHITECTONIC_ATLAS_V3_1_AREA_FG2_FUSG,Area FG2 (FusG) right,right,0.6600639766143335,0.00037973355351993165,7.556529276031183e-05,0.000354968456517062,0.00020471275280626786,same
84,NGIQ-BR-00000096,MTG_R_4_2,right,9,AREA_PGA_IPL_RIGHT.nii.gz,JULICH_BRAIN_CYTOARCHITECTONIC_ATLAS_V3_1_AREA_PGA_IPL,Area PGa (IPL) right,right,0.3079818784710459,7.42859609671001e-05,3.525831076391753e-05,0.00010711302752351635,8.473088131725233e-05,same
84,NGIQ-BR-00000096,MTG_R_4_2,right,10,AREA_OTS1_OTS_RIGHT.nii.gz,JULICH_BRAIN_CYTOARCHITECTONIC_ATLAS_V3_1_AREA_OTS1_OTS,Area OTS1 (OTS) right,right,0.03267025399886796,2.8128808182833894e-05,3.7401485241492813e-06,1.9001715793010686e-05,1.0268727237371842e-05,same
85,NGIQ-BR-00000097,MTG_L_4_3,left,1,TEMPORAL_TO_PARIETAL_GAPMAP_LEFT.nii.gz,JULICH_BRAIN_CYTOARCHITECTONIC_ATLAS_V3_1_TEMPORAL_TO_PARIETAL_GAPMAP,Temporal-to-Parietal (GapMap) left,left,5002.173985756578,0.07774302631631365,0.8174118275764016,0.33997445156779815,0.16862115688187637,same
85,NGIQ-BR-00000097,MTG_L_4_3,left,2,AREA_HOC4LA_LOC_LEFT.nii.gz,JULICH_BRAIN_CYTOARCHITECTONIC_ATLAS_V3_1_AREA_HOC4LA_LOC,Area hOc4la (LOC) left,left,74.08586160780403,0.02295655851525653,0.012106468049061268,0.03242462251836246,0.02826349815875192,same
85,NGIQ-BR-00000097,MTG_L_4_3,left,3,AREA_STS2_STS_LEFT.nii.gz,JULICH_BRAIN_CYTOARCHITECTONIC_ATLAS_V3_1_AREA_STS2_STS,Area STS2 (STS) left,left,45.61696516024442,0.011716171989605808,0.0074543282513362345,0.018728785873578967,0.016818066552260702,same
85,NGIQ-BR-00000097,MTG_L_4_3,left,4,AREA_PGP_IPL_LEFT.nii.gz,JULICH_BRAIN_CYTOARCHITECTONIC_ATLAS_V3_1_AREA_PGP_IPL,Area PGp (IPL) left,left,39.6452773333792,0.008761989664561709,0.006478486892324538,0.015231692446351034,0.014057663533754742,same
85,NGIQ-BR-00000097,MTG_L_4_3,left,5,AREA_HOC5_LOC_LEFT.nii.gz,JULICH_BRAIN_CYTOARCHITECTONIC_ATLAS_V3_1_AREA_HOC5_LOC,Area hOc5 (LOC) left,left,19.421921812826405,0.020171620191464963,0.003173761778233552,0.01484227308324271,0.008941304379139403,same
85,NGIQ-BR-00000097,MTG_L_4_3,left,6,AREA_PFM_IPL_LEFT.nii.gz,JULICH_BRAIN_CYTOARCHITECTONIC_ATLAS_V3_1_AREA_PFM_IPL,Area PFm (IPL) left,left,13.355019637999451,0.0031172581516466847,0.0021823613174392093,0.005277557805192797,0.004816629696587727,same
85,NGIQ-BR-00000097,MTG_L_4_3,left,7,AREA_STS1_STS_LEFT.nii.gz,JULICH_BRAIN_CYTOARCHITECTONIC_ATLAS_V3_1_AREA_STS1_STS,Area STS1 (STS) left,left,11.059265425074457,0.0031698033094459334,0.001807209103182629,0.004451383083678349,0.004031650168927389,same
85,NGIQ-BR-00000097,MTG_L_4_3,left,8,AREA_TPJ_STG_SMG_LEFT.nii.gz,JULICH_BRAIN_CYTOARCHITECTONIC_ATLAS_V3_1_AREA_TPJ_STG_SMG,"Area TPJ (STG, SMG) left",left,2.767804142049436,0.001240858588431215,0.00045229051379826624,0.0016141961063129932,0.0011882436939510035,same
85,NGIQ-BR-00000097,MTG_L_4_3,left,9,AREA_TE_3_STG_LEFT.nii.gz,JULICH_BRAIN_CYTOARCHITECTONIC_ATLAS_V3_1_AREA_TE_3_STG,Area Te 3 (STG) left,left,2.5801678514305983,0.0012040036426782484,0.0004216286208550917,0.0015956444873032514,0.0011278565257643652,same
85,NGIQ-BR-00000097,MTG_L_4_3,left,10,AREA_PGA_IPL_LEFT.nii.gz,JULICH_BRAIN_CYTOARCHITECTONIC_ATLAS_V3_1_AREA_PGA_IPL,Area PGa (IPL) left,left,1.891975635986674,0.0004953330579683634,0.0003091702261347834,0.0008842328256149506,0.0007451582143604243,same
86,NGIQ-BR-00000098,MTG_R_4_3,right,1,TEMPORAL_TO_PARIETAL_GAPMAP_RIGHT.nii.gz,JULICH_BRAIN_CYTOARCHITECTONIC_ATLAS_V3_1_TEMPORAL_TO_PARIETAL_GAPMAP,Temporal-to-Parietal (GapMap) right,right,4980.810209023916,0.06562831662120215,0.7897973236836302,0.3211783416384459,0.14800857141233703,same
86,NGIQ-BR-00000098,MTG_R_4_3,right,2,AREA_HOC5_LOC_RIGHT.nii.gz,JULICH_BRAIN_CYTOARCHITECTONIC_ATLAS_V3_1_AREA_HOC5_LOC,Area hOc5 (LOC) right,right,181.85410134477453,0.21162875402377276,0.028836248826100357,0.16559272722776341,0.08860582138968781,same
86,NGIQ-BR-00000098,MTG_R_4_3,right,3,AREA_HOC4LA_LOC_RIGHT.nii.gz,JULICH_BRAIN_CYTOARCHITECTONIC_ATLAS_V3_1_AREA_HOC4LA_LOC,Area hOc4la (LOC) right,right,75.15151394953699,0.021717785632339576,0.011916628439401817,0.03238227017217962,0.028855862345003792,same
86,NGIQ-BR-00000098,MTG_R_4_3,right,4,AREA_STS2_STS_RIGHT.nii.gz,JULICH_BRAIN_CYTOARCHITECTONIC_ATLAS_V3_1_AREA_STS2_STS,Area STS2 (STS) right,right,66.51162058770745,0.014895415197520785,0.010546617463733228,0.024534636479458583,0.023226341517624458,same
86,NGIQ-BR-00000098,MTG_R_4_3,right,5,AREA_PGA_IPL_RIGHT.nii.gz,JULICH_BRAIN_CYTOARCHITECTONIC_ATLAS_V3_1_AREA_PGA_IPL,Area PGa (IPL) right,right,49.960596566486835,0.012050614616859644,0.007922153987389444,0.02161383920341127,0.019225104003168684,same
86,NGIQ-BR-00000098,MTG_R_4_3,right,6,AREA_PGP_IPL_RIGHT.nii.gz,JULICH_BRAIN_CYTOARCHITECTONIC_ATLAS_V3_1_AREA_PGP_IPL,Area PGp (IPL) right,right,21.43100123389969,0.0046393339942510615,0.0033982719092024083,0.00799954853135864,0.0075436775125320675,same
86,NGIQ-BR-00000098,MTG_R_4_3,right,7,AREA_STS1_STS_RIGHT.nii.gz,JULICH_BRAIN_CYTOARCHITECTONIC_ATLAS_V3_1_AREA_STS1_STS,Area STS1 (STS) right,right,11.754429675968156,0.004005334539479463,0.0018638769015305223,0.005776980094893216,0.004817697732070994,same
86,NGIQ-BR-00000098,MTG_R_4_3,right,8,AREA_TE_3_STG_RIGHT.nii.gz,JULICH_BRAIN_CYTOARCHITECTONIC_ATLAS_V3_1_AREA_TE_3_STG,Area Te 3 (STG) right,right,3.251655617600325,0.0011541728462129708,0.000515608665367086,0.0015485420525608764,0.001313589832395817,same
86,NGIQ-BR-00000098,MTG_R_4_3,right,9,AREA_FG2_FUSG_RIGHT.nii.gz,JULICH_BRAIN_CYTOARCHITECTONIC_ATLAS_V3_1_AREA_FG2_FUSG,Area FG2 (FusG) right,right,2.602808121457916,0.001497390574412828,0.0004127221881823782,0.0017411374359303116,0.0011894558197676254,same
86,NGIQ-BR-00000098,MTG_R_4_3,right,10,AREA_TPJ_STG_SMG_RIGHT.nii.gz,JULICH_BRAIN_CYTOARCHITECTONIC_ATLAS_V3_1_AREA_TPJ_STG_SMG,"Area TPJ (STG, SMG) right",right,1.4053758098543043,0.000805676690130492,0.00022284769079971867,0.0009786708120672152,0.0006490014216589776,same
87,NGIQ-BR-00000099,MTG_L_4_4,left,1,TEMPORAL_TO_PARIETAL_GAPMAP_LEFT.nii.gz,JULICH_BRAIN_CYTOARCHITECTONIC_ATLAS_V3_1_TEMPORAL_TO_PARIETAL_GAPMAP,Temporal-to-Parietal (GapMap) left,left,1978.7954784235014,0.030754137979151643,0.2916152904934339,0.14176928041948167,0.0671466788215232,same
87,NGIQ-BR-00000099,MTG_L_4_4,left,2,AREA_STS2_STS_LEFT.nii.gz,JULICH_BRAIN_CYTOARCHITECTONIC_ATLAS_V3_1_AREA_STS2_STS,Area STS2 (STS) left,left,1442.4888401483158,0.37048600854739794,0.21257972677829207,0.6242943932619751,0.5731073410332529,same
87,NGIQ-BR-00000099,MTG_L_4_4,left,3,AREA_STS1_STS_LEFT.nii.gz,JULICH_BRAIN_CYTOARCHITECTONIC_ATLAS_V3_1_AREA_STS1_STS,Area STS1 (STS) left,left,850.5869324767042,0.24379496918693128,0.1253510825695482,0.3608952227046702,0.3338654592668489,same
87,NGIQ-BR-00000099,MTG_L_4_4,left,4,AREA_TE_3_STG_LEFT.nii.gz,JULICH_BRAIN_CYTOARCHITECTONIC_ATLAS_V3_1_AREA_TE_3_STG,Area Te 3 (STG) left,left,135.73377796406567,0.06333850063770219,0.020003100634885786,0.08848503985456502,0.06487435908893723,same
87,NGIQ-BR-00000099,MTG_L_4_4,left,5,AREA_HOC4LA_LOC_LEFT.nii.gz,JULICH_BRAIN_CYTOARCHITECTONIC_ATLAS_V3_1_AREA_HOC4LA_LOC,Area hOc4la (LOC) left,left,8.8131923769984,0.002730893076196128,0.0012988010550946192,0.004065992563830298,0.0036330502907532224,same
87,NGIQ-BR-00000099,MTG_L_4_4,left,6,AREA_TPJ_STG_SMG_LEFT.nii.gz,JULICH_BRAIN_CYTOARCHITECTONIC_ATLAS_V3_1_AREA_TPJ_STG_SMG,"Area TPJ (STG, SMG) left",left,8.761126527703027,0.003927777594907103,0.0012911281055995286,0.005386102699058073,0.004105675947832091,same
87,NGIQ-BR-00000099,MTG_L_4_4,left,7,AREA_PFM_IPL_LEFT.nii.gz,JULICH_BRAIN_CYTOARCHITECTONIC_ATLAS_V3_1_AREA_PFM_IPL,Area PFm (IPL) left,left,2.613719090126314,0.0006100805061063396,0.0003851840475917506,0.0010887824574813375,0.0010141417074336762,same
87,NGIQ-BR-00000099,MTG_L_4_4,left,8,AREA_HOC5_LOC_LEFT.nii.gz,JULICH_BRAIN_CYTOARCHITECTONIC_ATLAS_V3_1_AREA_HOC5_LOC,Area hOc5 (LOC) left,left,2.371138633103326,0.0024626660733791305,0.00034943494101953067,0.0019101122954741775,0.0011995197953973585,same
87,NGIQ-BR-00000099,MTG_L_4_4,left,9,AREA_PGP_IPL_LEFT.nii.gz,JULICH_BRAIN_CYTOARCHITECTONIC_ATLAS_V3_1_AREA_PGP_IPL,Area PGp (IPL) left,left,1.778666799584944,0.00039310256259806464,0.0002621223067809035,0.0007203524498479779,0.0006776462097438894,same
87,NGIQ-BR-00000099,MTG_L_4_4,left,10,AREA_PGA_IPL_LEFT.nii.gz,JULICH_BRAIN_CYTOARCHITECTONIC_ATLAS_V3_1_AREA_PGA_IPL,Area PGa (IPL) left,left,0.3603037486559377,9.433015638498806e-05,5.3098000008511935e-05,0.00017750623463249038,0.0001537389305069388,same
88,NGIQ-BR-00000100,MTG_R_4_4,right,1,AREA_STS2_STS_RIGHT.nii.gz,JULICH_BRAIN_CYTOARCHITECTONIC_ATLAS_V3_1_AREA_STS2_STS,Area STS2 (STS) right,right,2047.852151178305,0.45862073101515394,0.244517158845927,0.6488145343407886,0.5790195181563006,same
88,NGIQ-BR-00000100,MTG_R_4_4,right,2,TEMPORAL_TO_PARIETAL_GAPMAP_RIGHT.nii.gz,JULICH_BRAIN_CYTOARCHITECTONIC_ATLAS_V3_1_TEMPORAL_TO_PARIETAL_GAPMAP,Temporal-to-Parietal (GapMap) right,right,1701.2846782926476,0.02241652358636454,0.20313639130875175,0.09422434393880152,0.04956357252644244,same
88,NGIQ-BR-00000100,MTG_R_4_4,right,3,AREA_STS1_STS_RIGHT.nii.gz,JULICH_BRAIN_CYTOARCHITECTONIC_ATLAS_V3_1_AREA_STS1_STS,Area STS1 (STS) right,right,687.8947638483057,0.23440087976380283,0.08213584811012678,0.2903763128829712,0.22097675954411106,same
88,NGIQ-BR-00000100,MTG_R_4_4,right,4,AREA_TE_3_STG_RIGHT.nii.gz,JULICH_BRAIN_CYTOARCHITECTONIC_ATLAS_V3_1_AREA_TE_3_STG,Area Te 3 (STG) right,right,102.90020817321209,0.03652435562374529,0.012286466350947775,0.04208957954200385,0.032682025197014915,same
88,NGIQ-BR-00000100,MTG_R_4_4,right,5,AREA_PGA_IPL_RIGHT.nii.gz,JULICH_BRAIN_CYTOARCHITECTONIC_ATLAS_V3_1_AREA_PGA_IPL,Area PGa (IPL) right,right,20.37453902673752,0.00491438723075771,0.002432755896340851,0.007570629032748887,0.006227230086124402,same
88,NGIQ-BR-00000100,MTG_R_4_4,right,6,AREA_HOC5_LOC_RIGHT.nii.gz,JULICH_BRAIN_CYTOARCHITECTONIC_ATLAS_V3_1_AREA_HOC5_LOC,Area hOc5 (LOC) right,right,16.249165327599524,0.018909612633297854,0.00194017900034251,0.012708347733530233,0.005961849769637805,same
88,NGIQ-BR-00000100,MTG_R_4_4,right,7,AREA_HOC4LA_LOC_RIGHT.nii.gz,JULICH_BRAIN_CYTOARCHITECTONIC_ATLAS_V3_1_AREA_HOC4LA_LOC,Area hOc4la (LOC) right,right,6.01912563300666,0.0017394470626305232,0.0007186942170960143,0.0022276288799114746,0.0018364959343371253,same
88,NGIQ-BR-00000100,MTG_R_4_4,right,8,AREA_PF_IPL_RIGHT.nii.gz,JULICH_BRAIN_CYTOARCHITECTONIC_ATLAS_V3_1_AREA_PF_IPL,Area PF (IPL) right,right,1.6693542117409534,0.0005462302128051274,0.00019932383728362213,0.0007023479112727221,0.0005356332643633112,same
88,NGIQ-BR-00000100,MTG_R_4_4,right,9,AREA_TPJ_STG_SMG_RIGHT.nii.gz,JULICH_BRAIN_CYTOARCHITECTONIC_ATLAS_V3_1_AREA_TPJ_STG_SMG,"Area TPJ (STG, SMG) right",right,1.0839904090131285,0.0006214322167374118,0.0001294303667750702,0.0006483499406265863,0.0003818786506669484,same
88,NGIQ-BR-00000100,MTG_R_4_4,right,10,AREA_PGP_IPL_RIGHT.nii.gz,JULICH_BRAIN_CYTOARCHITECTONIC_ATLAS_V3_1_AREA_PGP_IPL,Area PGp (IPL) right,right,0.7962702242705813,0.00017237475187230046,9.507606923684557e-05,0.0002552838646383695,0.00022659603739649264,same
89,NGIQ-BR-00000101,ITG_L_7_1,left,1,TEMPORAL_TO_PARIETAL_GAPMAP_LEFT.nii.gz,JULICH_BRAIN_CYTOARCHITECTONIC_ATLAS_V3_1_TEMPORAL_TO_PARIETAL_GAPMAP,Temporal-to-Parietal (GapMap) left,left,2295.3542742987693,0.03567404657658705,0.5516113289589963,0.2531743516806583,0.08066971516001768,same
89,NGIQ-BR-00000101,ITG_L_7_1,left,2,AREA_FG4_FUSG_LEFT.nii.gz,JULICH_BRAIN_CYTOARCHITECTONIC_ATLAS_V3_1_AREA_FG4_FUSG,Area FG4 (FusG) left,left,567.351278793462,0.14197907440185184,0.13634382996387612,0.34026819003956427,0.3379470678935193,same
89,NGIQ-BR-00000101,ITG_L_7_1,left,3,AREA_FG5_FUSG_LEFT.nii.gz,JULICH_BRAIN_CYTOARCHITECTONIC_ATLAS_V3_1_AREA_FG5_FUSG,Area FG5 (FusG) left,left,267.76298050851767,0.2391884319545664,0.06434784171582748,0.3157446723394837,0.2721194820930206,same
89,NGIQ-BR-00000101,ITG_L_7_1,left,4,AREA_OTS1_OTS_LEFT.nii.gz,JULICH_BRAIN_CYTOARCHITECTONIC_ATLAS_V3_1_AREA_OTS1_OTS,Area OTS1 (OTS) left,left,218.95355127902835,0.294547539988322,0.05261813426958417,0.32618231850288854,0.24506709958960515,same
89,NGIQ-BR-00000101,ITG_L_7_1,left,5,AREA_FG2_FUSG_LEFT.nii.gz,JULICH_BRAIN_CYTOARCHITECTONIC_ATLAS_V3_1_AREA_FG2_FUSG,Area FG2 (FusG) left,left,28.98716951684117,0.012646658795202768,0.006966092894234946,0.02547753723371946,0.024608073794495575,same
89,NGIQ-BR-00000101,ITG_L_7_1,left,6,AREA_COS1_COS_LEFT.nii.gz,JULICH_BRAIN_CYTOARCHITECTONIC_ATLAS_V3_1_AREA_COS1_COS,Area CoS1 (CoS) left,left,27.157336068254235,0.04849579394869548,0.006526353864992054,0.048420162695023604,0.03204080433426348,same
89,NGIQ-BR-00000101,ITG_L_7_1,left,7,AREA_FG3_FUSG_LEFT.nii.gz,JULICH_BRAIN_CYTOARCHITECTONIC_ATLAS_V3_1_AREA_FG3_FUSG,Area FG3 (FusG) left,left,16.486004814300028,0.005922943740391203,0.003961857708269729,0.012725026388152809,0.012609660759489043,same
89,NGIQ-BR-00000101,ITG_L_7_1,left,8,FRONTAL_TO_TEMPORAL_II_GAPMAP_LEFT.nii.gz,JULICH_BRAIN_CYTOARCHITECTONIC_ATLAS_V3_1_FRONTAL_TO_TEMPORAL_II_GAPMAP,Frontal-to-Temporal-II (GapMap) left,left,0.5223693154438204,4.378895831511532e-05,0.00012553392542743547,0.00014627432616807874,0.00010362105368130494,same
89,NGIQ-BR-00000101,ITG_L_7_1,left,9,AREA_HOC4LA_LOC_LEFT.nii.gz,JULICH_BRAIN_CYTOARCHITECTONIC_ATLAS_V3_1_AREA_HOC4LA_LOC,Area hOc4la (LOC) left,left,0.44884167491378746,0.00013907998031784685,0.00010786402585588392,0.0003187977585613478,0.000318367311982418,same
89,NGIQ-BR-00000101,ITG_L_7_1,left,10,AREA_HOC5_LOC_LEFT.nii.gz,JULICH_BRAIN_CYTOARCHITECTONIC_ATLAS_V3_1_AREA_HOC5_LOC,Area hOc5 (LOC) left,left,0.3924223823767116,0.0004075701327715778,9.430554327924097e-05,0.00048668109738521815,0.0004084648374134787,same
90,NGIQ-BR-00000102,ITG_R_7_1,right,1,TEMPORAL_TO_PARIETAL_GAPMAP_RIGHT.nii.gz,JULICH_BRAIN_CYTOARCHITECTONIC_ATLAS_V3_1_TEMPORAL_TO_PARIETAL_GAPMAP,Temporal-to-Parietal (GapMap) right,right,2434.422592320785,0.03207651967729675,0.6637149463157875,0.30513653595072,0.07546236204152507,same
90,NGIQ-BR-00000102,ITG_R_7_1,right,2,AREA_OTS1_OTS_RIGHT.nii.gz,JULICH_BRAIN_CYTOARCHITECTONIC_ATLAS_V3_1_AREA_OTS1_OTS,Area OTS1 (OTS) right,right,278.3528017054774,0.2396593723023726,0.07588941846973124,0.3914488825037193,0.3694930050978677,same
90,NGIQ-BR-00000102,ITG_R_7_1,right,3,AREA_FG4_FUSG_RIGHT.nii.gz,JULICH_BRAIN_CYTOARCHITECTONIC_ATLAS_V3_1_AREA_FG4_FUSG,Area FG4 (FusG) right,right,152.34165577236166,0.05911580217289717,0.04153405173019677,0.15461223336573238,0.15459020660557055,same
90,NGIQ-BR-00000102,ITG_R_7_1,right,4,AREA_FG5_FUSG_RIGHT.nii.gz,JULICH_BRAIN_CYTOARCHITECTONIC_ATLAS_V3_1_AREA_FG5_FUSG,Area FG5 (FusG) right,right,39.06045680191441,0.03661803593203052,0.010649346202722313,0.05691220133408381,0.0530657441936477,same
90,NGIQ-BR-00000102,ITG_R_7_1,right,5,AREA_FG2_FUSG_RIGHT.nii.gz,JULICH_BRAIN_CYTOARCHITECTONIC_ATLAS_V3_1_AREA_FG2_FUSG,Area FG2 (FusG) right,right,32.28112580800743,0.01857127043589739,0.00880104619069013,0.04197508231754018,0.04054652070759808,same
90,NGIQ-BR-00000102,ITG_R_7_1,right,6,AREA_HOC4LA_LOC_RIGHT.nii.gz,JULICH_BRAIN_CYTOARCHITECTONIC_ATLAS_V3_1_AREA_HOC4LA_LOC,Area hOc4la (LOC) right,right,7.114310579574774,0.002055940911487684,0.0019396280166357027,0.005958738990349244,0.005868479853341933,same
90,NGIQ-BR-00000102,ITG_R_7_1,right,7,AREA_EC_HIPPOCAMPAL_REGION_ENTORHINAL_CORTEX_RIGHT.nii.gz,JULICH_BRAIN_CYTOARCHITECTONIC_ATLAS_V3_1_AREA_EC_HIPPOCAMPAL_REGION_ENTORHINAL_CORTEX,"Area EC (Hippocampal Region, Entorhinal Cortex) right",right,2.5575301221763884,0.0009185949670714966,0.0006972786783592397,0.0021866124328373117,0.0021607381587455915,same
90,NGIQ-BR-00000102,ITG_R_7_1,right,8,AREA_HOC5_LOC_RIGHT.nii.gz,JULICH_BRAIN_CYTOARCHITECTONIC_ATLAS_V3_1_AREA_HOC5_LOC,Area hOc5 (LOC) right,right,1.4327420299491131,0.001667322366630442,0.0003906192386201546,0.00253593515311142,0.002169800608977975,same
90,NGIQ-BR-00000102,ITG_R_7_1,right,9,AREA_FG1_FUSG_RIGHT.nii.gz,JULICH_BRAIN_CYTOARCHITECTONIC_ATLAS_V3_1_AREA_FG1_FUSG,Area FG1 (FusG) right,right,0.2530426648563945,0.00016077127144101098,6.898892544398267e-05,0.0003330152979118406,0.00032065995686698413,same
90,NGIQ-BR-00000102,ITG_R_7_1,right,10,AREA_FG3_FUSG_RIGHT.nii.gz,JULICH_BRAIN_CYTOARCHITECTONIC_ATLAS_V3_1_AREA_FG3_FUSG,Area FG3 (FusG) right,right,0.20445753723342905,0.0001070032292248667,5.57427965780487e-05,0.00023075851761079045,0.00022902113919906944,same
91,NGIQ-BR-00000103,ITG_L_7_2,left,1,TEMPORAL_TO_PARIETAL_GAPMAP_LEFT.nii.gz,JULICH_BRAIN_CYTOARCHITECTONIC_ATLAS_V3_1_TEMPORAL_TO_PARIETAL_GAPMAP,Temporal-to-Parietal (GapMap) left,left,1869.8153329424586,0.029060385154437183,0.5577173892158753,0.22606023191390145,0.06600267278996699,same
91,NGIQ-BR-00000103,ITG_L_7_2,left,2,AREA_FG4_FUSG_LEFT.nii.gz,JULICH_BRAIN_CYTOARCHITECTONIC_ATLAS_V3_1_AREA_FG4_FUSG,Area FG4 (FusG) left,left,508.8633345208117,0.12734252646076402,0.15178072689671615,0.334522969821455,0.3273537528915039,same
91,NGIQ-BR-00000103,ITG_L_7_2,left,3,AREA_FG2_FUSG_LEFT.nii.gz,JULICH_BRAIN_CYTOARCHITECTONIC_ATLAS_V3_1_AREA_FG2_FUSG,Area FG2 (FusG) left,left,126.739156534559,0.05529435593058298,0.0378030013170566,0.1221006338625081,0.12029016475631506,same
91,NGIQ-BR-00000103,ITG_L_7_2,left,4,AREA_OTS1_OTS_LEFT.nii.gz,JULICH_BRAIN_CYTOARCHITECTONIC_ATLAS_V3_1_AREA_OTS1_OTS,Area OTS1 (OTS) left,left,15.006953342544191,0.02018812284132747,0.004476184728423,0.02450509697082871,0.019512315401034885,same
91,NGIQ-BR-00000103,ITG_L_7_2,left,5,AREA_FG5_FUSG_LEFT.nii.gz,JULICH_BRAIN_CYTOARCHITECTONIC_ATLAS_V3_1_AREA_FG5_FUSG,Area FG5 (FusG) left,left,14.360271058195533,0.01282780282146982,0.004283296185407618,0.018561095556329444,0.01670481082595917,same
91,NGIQ-BR-00000103,ITG_L_7_2,left,6,AREA_HOC4LA_LOC_LEFT.nii.gz,JULICH_BRAIN_CYTOARCHITECTONIC_ATLAS_V3_1_AREA_HOC4LA_LOC,Area hOc4la (LOC) left,left,11.65712255053343,0.0036121253116755004,0.003477017136458086,0.009075465672832218,0.009068291252844602,same
91,NGIQ-BR-00000103,ITG_L_7_2,left,7,AREA_HOC5_LOC_LEFT.nii.gz,JULICH_BRAIN_CYTOARCHITECTONIC_ATLAS_V3_1_AREA_HOC5_LOC,Area hOc5 (LOC) left,left,10.668545172787502,0.011080357716136788,0.0031821501597889506,0.014502784053716826,0.012755568578266154,same
91,NGIQ-BR-00000103,ITG_L_7_2,left,8,AREA_COS1_COS_LEFT.nii.gz,JULICH_BRAIN_CYTOARCHITECTONIC_ATLAS_V3_1_AREA_COS1_COS,Area CoS1 (CoS) left,left,2.441631060205121,0.004360105000610031,0.0007282751811554942,0.004771716025689827,0.003375942295516803,same
91,NGIQ-BR-00000103,ITG_L_7_2,left,9,AREA_FG3_FUSG_LEFT.nii.gz,JULICH_BRAIN_CYTOARCHITECTONIC_ATLAS_V3_1_AREA_FG3_FUSG,Area FG3 (FusG) left,left,0.8430630133575018,0.00030288810745644404,0.0002514638180949627,0.0007132779146059085,0.000712606799524488,same
91,NGIQ-BR-00000103,ITG_L_7_2,left,10,AREA_STS2_STS_LEFT.nii.gz,JULICH_BRAIN_CYTOARCHITECTONIC_ATLAS_V3_1_AREA_STS2_STS,Area STS2 (STS) left,left,0.23644606028609919,6.072834303740425e-05,7.052572364225063e-05,0.0001726844696499162,0.0001717603449109201,same
92,NGIQ-BR-00000104,ITG_R_7_2,right,1,TEMPORAL_TO_PARIETAL_GAPMAP_RIGHT.nii.gz,JULICH_BRAIN_CYTOARCHITECTONIC_ATLAS_V3_1_TEMPORAL_TO_PARIETAL_GAPMAP,Temporal-to-Parietal (GapMap) right,right,1716.7503501260894,0.022620302884360243,0.6069223296520856,0.23377884246661698,0.053342488350127205,same
92,NGIQ-BR-00000104,ITG_R_7_2,right,2,AREA_FG4_FUSG_RIGHT.nii.gz,JULICH_BRAIN_CYTOARCHITECTONIC_ATLAS_V3_1_AREA_FG4_FUSG,Area FG4 (FusG) right,right,317.2564685715811,0.12311058678641543,0.11215960141701181,0.34981262965197324,0.3490518466901829,same
92,NGIQ-BR-00000104,ITG_R_7_2,right,3,AREA_OTS1_OTS_RIGHT.nii.gz,JULICH_BRAIN_CYTOARCHITECTONIC_ATLAS_V3_1_AREA_OTS1_OTS,Area OTS1 (OTS) right,right,116.46141764504257,0.10027228064256316,0.04117257637752765,0.17793498678267838,0.172078681613862,same
92,NGIQ-BR-00000104,ITG_R_7_2,right,4,AREA_FG2_FUSG_RIGHT.nii.gz,JULICH_BRAIN_CYTOARCHITECTONIC_ATLAS_V3_1_AREA_FG2_FUSG,Area FG2 (FusG) right,right,106.57937802303792,0.06131491398185998,0.03767898133695534,0.15056217609224107,0.1481081963605844,same
92,NGIQ-BR-00000104,ITG_R_7_2,right,5,AREA_HOC4LA_LOC_RIGHT.nii.gz,JULICH_BRAIN_CYTOARCHITECTONIC_ATLAS_V3_1_AREA_HOC4LA_LOC,Area hOc4la (LOC) right,right,18.162780959435985,0.0052488015561341856,0.00642108349187277,0.016527368286125475,0.015991933134367413,same
92,NGIQ-BR-00000104,ITG_R_7_2,right,6,AREA_HOC5_LOC_RIGHT.nii.gz,JULICH_BRAIN_CYTOARCHITECTONIC_ATLAS_V3_1_AREA_HOC5_LOC,Area hOc5 (LOC) right,right,5.53790382938029,0.006444615098854941,0.0019578137807106503,0.010649160428938924,0.009486529588267746,same
92,NGIQ-BR-00000104,ITG_R_7_2,right,7,AREA_FG5_FUSG_RIGHT.nii.gz,JULICH_BRAIN_CYTOARCHITECTONIC_ATLAS_V3_1_AREA_FG5_FUSG,Area FG5 (FusG) right,right,5.180520301435981,0.004856586278717018,0.0018314680698486659,0.008200517574626642,0.007854852372518688,same
92,NGIQ-BR-00000104,ITG_R_7_2,right,8,AREA_FG1_FUSG_RIGHT.nii.gz,JULICH_BRAIN_CYTOARCHITECTONIC_ATLAS_V3_1_AREA_FG1_FUSG,Area FG1 (FusG) right,right,0.4599249980712721,0.00029221446410780785,0.00016259717161213664,0.0006575931255547299,0.0006454314231874572,same
92,NGIQ-BR-00000104,ITG_R_7_2,right,9,AREA_FG3_FUSG_RIGHT.nii.gz,JULICH_BRAIN_CYTOARCHITECTONIC_ATLAS_V3_1_AREA_FG3_FUSG,Area FG3 (FusG) right,right,0.17878502347175879,9.356747179577153e-05,6.320582543898305e-05,0.00021922272328332384,0.00021904566083997588,same
92,NGIQ-BR-00000104,ITG_R_7_2,right,10,AREA_EC_HIPPOCAMPAL_REGION_ENTORHINAL_CORTEX_RIGHT.nii.gz,JULICH_BRAIN_CYTOARCHITECTONIC_ATLAS_V3_1_AREA_EC_HIPPOCAMPAL_REGION_ENTORHINAL_CORTEX,"Area EC (Hippocampal Region, Entorhinal Cortex) right",right,0.029839577867199287,1.0717561373244633e-05,1.0549178634893107e-05,2.7716829362052068e-05,2.6953120767916735e-05,same
93,NGIQ-BR-00000105,ITG_L_7_3,left,1,TEMPORAL_TO_PARIETAL_GAPMAP_LEFT.nii.gz,JULICH_BRAIN_CYTOARCHITECTONIC_ATLAS_V3_1_TEMPORAL_TO_PARIETAL_GAPMAP,Temporal-to-Parietal (GapMap) left,left,3662.944246038466,0.056928921650030724,0.8152775109028007,0.3194466599029319,0.12675279600329967,same
93,NGIQ-BR-00000105,ITG_L_7_3,left,2,AREA_FG5_FUSG_LEFT.nii.gz,JULICH_BRAIN_CYTOARCHITECTONIC_ATLAS_V3_1_AREA_FG5_FUSG,Area FG5 (FusG) left,left,37.49336084541345,0.033492225744909884,0.008345061200013744,0.03495730404986877,0.02624498077076812,same
93,NGIQ-BR-00000105,ITG_L_7_3,left,3,AREA_FG4_FUSG_LEFT.nii.gz,JULICH_BRAIN_CYTOARCHITECTONIC_ATLAS_V3_1_AREA_FG4_FUSG,Area FG4 (FusG) left,left,30.47343733979396,0.007625946374083744,0.006782606142561194,0.014450697833550621,0.014351123918998124,same
93,NGIQ-BR-00000105,ITG_L_7_3,left,4,AREA_OTS1_OTS_LEFT.nii.gz,JULICH_BRAIN_CYTOARCHITECTONIC_ATLAS_V3_1_AREA_OTS1_OTS,Area OTS1 (OTS) left,left,30.088151954230565,0.04047612422426275,0.0066968514902841164,0.03544067608477854,0.022486660888010532,same
93,NGIQ-BR-00000105,ITG_L_7_3,left,5,AREA_FG2_FUSG_LEFT.nii.gz,JULICH_BRAIN_CYTOARCHITECTONIC_ATLAS_V3_1_AREA_FG2_FUSG,Area FG2 (FusG) left,left,7.1728791549280695,0.0031294174893100415,0.0015964990648604399,0.0049847480410806595,0.004420731521111058,same
93,NGIQ-BR-00000105,ITG_L_7_3,left,6,AREA_COS1_COS_LEFT.nii.gz,JULICH_BRAIN_CYTOARCHITECTONIC_ATLAS_V3_1_AREA_COS1_COS,Area CoS1 (CoS) left,left,3.2963591987105687,0.0058864225887171485,0.0007336850746425696,0.004646989275753687,0.0025509920897514443,same
93,NGIQ-BR-00000105,ITG_L_7_3,left,7,AREA_PIRT_PIRIFORMCORTEXMESIAL_TEMPORAL_LEFT.nii.gz,JULICH_BRAIN_CYTOARCHITECTONIC_ATLAS_V3_1_AREA_PIRT_PIRIFORMCORTEXMESIAL_TEMPORAL,"Area PirT (PiriformCortexMesial, temporal) left",left,1.7659168273592667,0.0018910404827977205,0.00039304782676610647,0.00193834383446141,0.0012974470280180189,same
93,NGIQ-BR-00000105,ITG_L_7_3,left,8,AREA_HOC4LA_LOC_LEFT.nii.gz,JULICH_BRAIN_CYTOARCHITECTONIC_ATLAS_V3_1_AREA_HOC4LA_LOC,Area hOc4la (LOC) left,left,1.1750736547459257,0.00036411329408187165,0.00026154127936968186,0.00065991080140801,0.0006336594579084017,same
93,NGIQ-BR-00000105,ITG_L_7_3,left,9,AREA_HOC5_LOC_LEFT.nii.gz,JULICH_BRAIN_CYTOARCHITECTONIC_ATLAS_V3_1_AREA_HOC5_LOC,Area hOc5 (LOC) left,left,0.8110460138049316,0.0008423528992620272,0.00018051805622694132,0.0007953060117514085,0.0005771229629161538,same
93,NGIQ-BR-00000105,ITG_L_7_3,left,10,AREA_STS2_STS_LEFT.nii.gz,JULICH_BRAIN_CYTOARCHITECTONIC_ATLAS_V3_1_AREA_STS2_STS,Area STS2 (STS) left,left,0.5947626664386261,0.00015275767838813755,0.00013237892626851181,0.0003133339763127752,0.00030570454937427753,same
94,NGIQ-BR-00000106,ITG_R_7_3,right,1,TEMPORAL_TO_PARIETAL_GAPMAP_RIGHT.nii.gz,JULICH_BRAIN_CYTOARCHITECTONIC_ATLAS_V3_1_TEMPORAL_TO_PARIETAL_GAPMAP,Temporal-to-Parietal (GapMap) right,right,3199.8745690060914,0.042162293392025964,0.8356882698371215,0.2809938735807242,0.09761710438167366,same
94,NGIQ-BR-00000106,ITG_R_7_3,right,2,AREA_OTS1_OTS_RIGHT.nii.gz,JULICH_BRAIN_CYTOARCHITECTONIC_ATLAS_V3_1_AREA_OTS1_OTS,Area OTS1 (OTS) right,right,27.706825499764903,0.023855338861618374,0.007235992713229846,0.027298066325940392,0.02176323153977526,same
94,NGIQ-BR-00000106,ITG_R_7_3,right,3,AREA_EC_HIPPOCAMPAL_REGION_ENTORHINAL_CORTEX_RIGHT.nii.gz,JULICH_BRAIN_CYTOARCHITECTONIC_ATLAS_V3_1_AREA_EC_HIPPOCAMPAL_REGION_ENTORHINAL_CORTEX,"Area EC (Hippocampal Region, Entorhinal Cortex) right",right,6.626789280560909,0.0023801617146884035,0.001730670983821487,0.003969354354706871,0.003890324652871671,same
94,NGIQ-BR-00000106,ITG_R_7_3,right,4,AREA_FG5_FUSG_RIGHT.nii.gz,JULICH_BRAIN_CYTOARCHITECTONIC_ATLAS_V3_1_AREA_FG5_FUSG,Area FG5 (FusG) right,right,6.496897455234471,0.0060906513630642825,0.0016967480682720964,0.006631926934806018,0.005173339463657361,same
94,NGIQ-BR-00000106,ITG_R_7_3,right,5,AREA_FG4_FUSG_RIGHT.nii.gz,JULICH_BRAIN_CYTOARCHITECTONIC_ATLAS_V3_1_AREA_FG4_FUSG,Area FG4 (FusG) right,right,4.063043351107298,0.0015766539082578378,0.0010611158641179897,0.0028889650817346593,0.0026993016780618643,same
94,NGIQ-BR-00000106,ITG_R_7_3,right,6,AREA_FG2_FUSG_RIGHT.nii.gz,JULICH_BRAIN_CYTOARCHITECTONIC_ATLAS_V3_1_AREA_FG2_FUSG,Area FG2 (FusG) right,right,2.4548328249301106,0.001412260667048559,0.000641111066063575,0.002236302042688078,0.0018654939277023097,same
94,NGIQ-BR-00000106,ITG_R_7_3,right,7,AREA_HOC4LA_LOC_RIGHT.nii.gz,JULICH_BRAIN_CYTOARCHITECTONIC_ATLAS_V3_1_AREA_HOC4LA_LOC,Area hOc4la (LOC) right,right,0.39336120793363377,0.00011367614491063018,0.00010273132280344481,0.0002308228108205646,0.00022710634666676398,same
94,NGIQ-BR-00000106,ITG_R_7_3,right,8,AREA_PIRT_PIRIFORMCORTEXMESIAL_TEMPORAL_RIGHT.nii.gz,JULICH_BRAIN_CYTOARCHITECTONIC_ATLAS_V3_1_AREA_PIRT_PIRIFORMCORTEXMESIAL_TEMPORAL,"Area PirT (PiriformCortexMesial, temporal) right",right,0.2406796410644844,0.0005012046433390642,6.285657405898634e-05,0.0003706719119988136,0.0002141162245626853,same
94,NGIQ-BR-00000106,ITG_R_7_3,right,9,AREA_STS2_STS_RIGHT.nii.gz,JULICH_BRAIN_CYTOARCHITECTONIC_ATLAS_V3_1_AREA_STS2_STS,Area STS2 (STS) right,right,0.09481798397819251,2.1234683910379403e-05,2.4762932193555228e-05,4.7631082687781466e-05,4.7615879102834884e-05,same
94,NGIQ-BR-00000106,ITG_R_7_3,right,10,AREA_HOC5_LOC_RIGHT.nii.gz,JULICH_BRAIN_CYTOARCHITECTONIC_ATLAS_V3_1_AREA_HOC5_LOC,Area hOc5 (LOC) right,right,0.08830128161487942,0.00010275869539741984,2.3061011819616275e-05,0.00010949714716400062,7.482678358131922e-05,same
95,NGIQ-BR-00000107,ITG_L_7_4,left,1,TEMPORAL_TO_PARIETAL_GAPMAP_LEFT.nii.gz,JULICH_BRAIN_CYTOARCHITECTONIC_ATLAS_V3_1_TEMPORAL_TO_PARIETAL_GAPMAP,Temporal-to-Parietal (GapMap) left,left,3401.4929129253774,0.05286548484664816,0.8310672544961012,0.354431676170596,0.11917045799835288,same
95,NGIQ-BR-00000107,ITG_L_7_4,left,2,AREA_OTS1_OTS_LEFT.nii.gz,JULICH_BRAIN_CYTOARCHITECTONIC_ATLAS_V3_1_AREA_OTS1_OTS,Area OTS1 (OTS) left,left,70.16635188672304,0.0943913730444653,0.017143342324460555,0.09874845202927732,0.07139419761886831,same
95,NGIQ-BR-00000107,ITG_L_7_4,left,3,AREA_FG4_FUSG_LEFT.nii.gz,JULICH_BRAIN_CYTOARCHITECTONIC_ATLAS_V3_1_AREA_FG4_FUSG,Area FG4 (FusG) left,left,22.092931987887493,0.005528733523142766,0.005397839360821138,0.012517443677447651,0.01249476125938382,same
95,NGIQ-BR-00000107,ITG_L_7_4,left,4,AREA_STS2_STS_LEFT.nii.gz,JULICH_BRAIN_CYTOARCHITECTONIC_ATLAS_V3_1_AREA_STS2_STS,Area STS2 (STS) left,left,9.787952787623235,0.002513918623983292,0.0023914343667856284,0.0061609909522003115,0.006154765503146238,same
95,NGIQ-BR-00000107,ITG_L_7_4,left,5,AREA_FG5_FUSG_LEFT.nii.gz,JULICH_BRAIN_CYTOARCHITECTONIC_ATLAS_V3_1_AREA_FG5_FUSG,Area FG5 (FusG) left,left,6.1271673235180835,0.005473301580570538,0.0014970156504060044,0.006825558851437438,0.005708457161480693,same
95,NGIQ-BR-00000107,ITG_L_7_4,left,6,AREA_FG2_FUSG_LEFT.nii.gz,JULICH_BRAIN_CYTOARCHITECTONIC_ATLAS_V3_1_AREA_FG2_FUSG,Area FG2 (FusG) left,left,4.097993177041779,0.001787891757593171,0.0010012391693207628,0.0034026387466982097,0.003233609750442542,same
95,NGIQ-BR-00000107,ITG_L_7_4,left,7,AREA_HOC4LA_LOC_LEFT.nii.gz,JULICH_BRAIN_CYTOARCHITECTONIC_ATLAS_V3_1_AREA_HOC4LA_LOC,Area hOc4la (LOC) left,left,1.9866856786559242,0.0006156028295239894,0.0004853955174310028,0.0013330431988849386,0.0013251798049745882,same
95,NGIQ-BR-00000107,ITG_L_7_4,left,8,AREA_HOC5_LOC_LEFT.nii.gz,JULICH_BRAIN_CYTOARCHITECTONIC_ATLAS_V3_1_AREA_HOC5_LOC,Area hOc5 (LOC) left,left,1.9364867856192431,0.0020112363916275928,0.00047313070980603,0.0022688105021452104,0.0018441262749686914,same
95,NGIQ-BR-00000107,ITG_L_7_4,left,9,AREA_PIRT_PIRIFORMCORTEXMESIAL_TEMPORAL_LEFT.nii.gz,JULICH_BRAIN_CYTOARCHITECTONIC_ATLAS_V3_1_AREA_PIRT_PIRIFORMCORTEXMESIAL_TEMPORAL,"Area PirT (PiriformCortexMesial, temporal) left",left,0.24028984478980056,0.00025731552984983755,5.8708639619363165e-05,0.0003151308377503154,0.00023889757605222094,same
95,NGIQ-BR-00000107,ITG_L_7_4,left,10,AREA_COS1_COS_LEFT.nii.gz,JULICH_BRAIN_CYTOARCHITECTONIC_ATLAS_V3_1_AREA_COS1_COS,Area CoS1 (CoS) left,left,0.1811634234882659,0.00032350978882635204,4.4262620216375156e-05,0.0003051424115978639,0.00019335553881168725,same
96,NGIQ-BR-00000108,ITG_R_7_4,right,1,TEMPORAL_TO_PARIETAL_GAPMAP_RIGHT.nii.gz,JULICH_BRAIN_CYTOARCHITECTONIC_ATLAS_V3_1_TEMPORAL_TO_PARIETAL_GAPMAP,Temporal-to-Parietal (GapMap) right,right,3386.5762585492334,0.044622318384114935,0.847172367463931,0.3238750520935538,0.10381990273236126,same
96,NGIQ-BR-00000108,ITG_R_7_4,right,2,AREA_OTS1_OTS_RIGHT.nii.gz,JULICH_BRAIN_CYTOARCHITECTONIC_ATLAS_V3_1_AREA_OTS1_OTS,Area OTS1 (OTS) right,right,18.781893164088856,0.016171048750996578,0.004698403249331248,0.020152884739305946,0.016875500132901403,same
96,NGIQ-BR-00000108,ITG_R_7_4,right,3,AREA_FG4_FUSG_RIGHT.nii.gz,JULICH_BRAIN_CYTOARCHITECTONIC_ATLAS_V3_1_AREA_FG4_FUSG,Area FG4 (FusG) right,right,6.6599915477466185,0.002584393223335207,0.0016660368395812542,0.00515723895695263,0.004951351011362416,same
96,NGIQ-BR-00000108,ITG_R_7_4,right,4,AREA_FG2_FUSG_RIGHT.nii.gz,JULICH_BRAIN_CYTOARCHITECTONIC_ATLAS_V3_1_AREA_FG2_FUSG,Area FG2 (FusG) right,right,4.535608234528484,0.0026093268126918165,0.0011346096094054735,0.004499837325409903,0.0039242790066514825,same
96,NGIQ-BR-00000108,ITG_R_7_4,right,5,AREA_HOC4LA_LOC_RIGHT.nii.gz,JULICH_BRAIN_CYTOARCHITECTONIC_ATLAS_V3_1_AREA_HOC4LA_LOC,Area hOc4la (LOC) right,right,1.8039061759196755,0.0005213048356655007,0.0004512579517082388,0.001152799771855038,0.0011475793300661377,same
96,NGIQ-BR-00000108,ITG_R_7_4,right,6,AREA_HOC5_LOC_RIGHT.nii.gz,JULICH_BRAIN_CYTOARCHITECTONIC_ATLAS_V3_1_AREA_HOC5_LOC,Area hOc5 (LOC) right,right,1.3776238480020182,0.0016031797815401856,0.0003446208700720665,0.0018604550837302252,0.0013506891976787136,same
96,NGIQ-BR-00000108,ITG_R_7_4,right,7,AREA_FG5_FUSG_RIGHT.nii.gz,JULICH_BRAIN_CYTOARCHITECTONIC_ATLAS_V3_1_AREA_FG5_FUSG,Area FG5 (FusG) right,right,1.1347469053131716,0.0010637920381535739,0.0002838637458169475,0.0012614948092644282,0.0010356292754730738,same
96,NGIQ-BR-00000108,ITG_R_7_4,right,8,AREA_STS2_STS_RIGHT.nii.gz,JULICH_BRAIN_CYTOARCHITECTONIC_ATLAS_V3_1_AREA_STS2_STS,Area STS2 (STS) right,right,0.6585066285201943,0.0001474739234355794,0.0001647293835672043,0.00036025716519257604,0.0003596086525173199,same
96,NGIQ-BR-00000108,ITG_R_7_4,right,9,AREA_EC_HIPPOCAMPAL_REGION_ENTORHINAL_CORTEX_RIGHT.nii.gz,JULICH_BRAIN_CYTOARCHITECTONIC_ATLAS_V3_1_AREA_EC_HIPPOCAMPAL_REGION_ENTORHINAL_CORTEX,"Area EC (Hippocampal Region, Entorhinal Cortex) right",right,0.22810845406538238,8.19303264638024e-05,5.7062698228414326e-05,0.0001488027068422922,0.0001478086936329393,same
96,NGIQ-BR-00000108,ITG_R_7_4,right,10,AREA_PIRT_PIRIFORMCORTEXMESIAL_TEMPORAL_RIGHT.nii.gz,JULICH_BRAIN_CYTOARCHITECTONIC_ATLAS_V3_1_AREA_PIRT_PIRIFORMCORTEXMESIAL_TEMPORAL,"Area PirT (PiriformCortexMesial, temporal) right",right,0.024621922438004835,5.1274057910681103e-05,6.1593216070833664e-06,4.1297619830696414e-05,2.5543366684587986e-05,same
97,NGIQ-BR-00000109,ITG_L_7_5,left,1,TEMPORAL_TO_PARIETAL_GAPMAP_LEFT.nii.gz,JULICH_BRAIN_CYTOARCHITECTONIC_ATLAS_V3_1_TEMPORAL_TO_PARIETAL_GAPMAP,Temporal-to-Parietal (GapMap) left,left,2497.5358095059764,0.03881632120698642,0.8067206627527057,0.2846961227121249,0.08792136952868038,same
97,NGIQ-BR-00000109,ITG_L_7_5,left,2,AREA_FG4_FUSG_LEFT.nii.gz,JULICH_BRAIN_CYTOARCHITECTONIC_ATLAS_V3_1_AREA_FG4_FUSG,Area FG4 (FusG) left,left,85.05381199521285,0.021284629034608257,0.02747294646237502,0.05271848773603384,0.0521304262834186,same
97,NGIQ-BR-00000109,ITG_L_7_5,left,3,AREA_FG2_FUSG_LEFT.nii.gz,JULICH_BRAIN_CYTOARCHITECTONIC_ATLAS_V3_1_AREA_FG2_FUSG,Area FG2 (FusG) left,left,36.74235023613239,0.016030125552625552,0.011868023281495145,0.03337478028437739,0.0324953799289549,same
97,NGIQ-BR-00000109,ITG_L_7_5,left,4,AREA_HOC4LA_LOC_LEFT.nii.gz,JULICH_BRAIN_CYTOARCHITECTONIC_ATLAS_V3_1_AREA_HOC4LA_LOC,Area hOc4la (LOC) left,left,26.239982162942965,0.0081308318873548,0.008475688604959668,0.019261294360063647,0.019257793160824,same
97,NGIQ-BR-00000109,ITG_L_7_5,left,5,AREA_HOC5_LOC_LEFT.nii.gz,JULICH_BRAIN_CYTOARCHITECTONIC_ATLAS_V3_1_AREA_HOC5_LOC,Area hOc5 (LOC) left,left,17.42499005007801,0.018097605608632533,0.005628387576328201,0.022333824307790563,0.01907568591862679,same
97,NGIQ-BR-00000109,ITG_L_7_5,left,6,AREA_OTS1_OTS_LEFT.nii.gz,JULICH_BRAIN_CYTOARCHITECTONIC_ATLAS_V3_1_AREA_OTS1_OTS,Area OTS1 (OTS) left,left,11.282470531499253,0.015177757659700235,0.003644312954399371,0.017370506324049975,0.013333349812943433,same
97,NGIQ-BR-00000109,ITG_L_7_5,left,7,AREA_FG5_FUSG_LEFT.nii.gz,JULICH_BRAIN_CYTOARCHITECTONIC_ATLAS_V3_1_AREA_FG5_FUSG,Area FG5 (FusG) left,left,10.05885867255654,0.008985419226258035,0.0032490781929832404,0.01225840743656142,0.010738252272309411,same
97,NGIQ-BR-00000109,ITG_L_7_5,left,8,AREA_STS2_STS_LEFT.nii.gz,JULICH_BRAIN_CYTOARCHITECTONIC_ATLAS_V3_1_AREA_STS2_STS,Area STS2 (STS) left,left,0.9923006724905583,0.0002548605612727831,0.00032051971111472593,0.000683295973211758,0.0006826095301353469,same
97,NGIQ-BR-00000109,ITG_L_7_5,left,9,AREA_COS1_COS_LEFT.nii.gz,JULICH_BRAIN_CYTOARCHITECTONIC_ATLAS_V3_1_AREA_COS1_COS,Area CoS1 (CoS) left,left,0.7993361037905701,0.0014274021166050422,0.0002581908731629544,0.0014728833574609512,0.0009987619639593868,same
97,NGIQ-BR-00000109,ITG_L_7_5,left,10,AREA_FG3_FUSG_LEFT.nii.gz,JULICH_BRAIN_CYTOARCHITECTONIC_ATLAS_V3_1_AREA_FG3_FUSG,Area FG3 (FusG) left,left,0.1840556826055646,6.612587254775378e-05,5.9451208543165196e-05,0.0001468224097809913,0.00014605836222742098,same
98,NGIQ-BR-00000110,ITG_R_7_5,right,1,TEMPORAL_TO_PARIETAL_GAPMAP_RIGHT.nii.gz,JULICH_BRAIN_CYTOARCHITECTONIC_ATLAS_V3_1_TEMPORAL_TO_PARIETAL_GAPMAP,Temporal-to-Parietal (GapMap) right,right,2274.1750968692827,0.029965061314520307,0.7864879531603044,0.23624113096725732,0.06999934652426221,same
98,NGIQ-BR-00000110,ITG_R_7_5,right,2,AREA_FG2_FUSG_RIGHT.nii.gz,JULICH_BRAIN_CYTOARCHITECTONIC_ATLAS_V3_1_AREA_FG2_FUSG,Area FG2 (FusG) right,right,86.11482714383637,0.04954169668494153,0.029781468555498056,0.09280132777350394,0.08404896457594822,same
98,NGIQ-BR-00000110,ITG_R_7_5,right,3,AREA_FG4_FUSG_RIGHT.nii.gz,JULICH_BRAIN_CYTOARCHITECTONIC_ATLAS_V3_1_AREA_FG4_FUSG,Area FG4 (FusG) right,right,79.57964244005827,0.03088068313046304,0.02752137695205262,0.0669361204110691,0.06555787984000666,same
98,NGIQ-BR-00000110,ITG_R_7_5,right,4,AREA_HOC4LA_LOC_RIGHT.nii.gz,JULICH_BRAIN_CYTOARCHITECTONIC_ATLAS_V3_1_AREA_HOC4LA_LOC,Area hOc4la (LOC) right,right,44.0959375432046,0.012743138075214417,0.015249891579932744,0.03060930679806181,0.030606857497626948,same
98,NGIQ-BR-00000110,ITG_R_7_5,right,5,AREA_HOC5_LOC_RIGHT.nii.gz,JULICH_BRAIN_CYTOARCHITECTONIC_ATLAS_V3_1_AREA_HOC5_LOC,Area hOc5 (LOC) right,right,36.07647948118663,0.04198321811666478,0.012476487207800554,0.052920954024184286,0.04059286605435533,same
98,NGIQ-BR-00000110,ITG_R_7_5,right,6,AREA_OTS1_OTS_RIGHT.nii.gz,JULICH_BRAIN_CYTOARCHITECTONIC_ATLAS_V3_1_AREA_OTS1_OTS,Area OTS1 (OTS) right,right,19.88647557486413,0.017122084722614873,0.006877427112792923,0.023177716874543973,0.020255818552747704,same
98,NGIQ-BR-00000110,ITG_R_7_5,right,7,AREA_FG5_FUSG_RIGHT.nii.gz,JULICH_BRAIN_CYTOARCHITECTONIC_ATLAS_V3_1_AREA_FG5_FUSG,Area FG5 (FusG) right,right,0.8793064853624059,0.0008243241147832648,0.0003040944203572071,0.0010617975387725792,0.0009116654816848778,same
98,NGIQ-BR-00000110,ITG_R_7_5,right,8,AREA_FG1_FUSG_RIGHT.nii.gz,JULICH_BRAIN_CYTOARCHITECTONIC_ATLAS_V3_1_AREA_FG1_FUSG,Area FG1 (FusG) right,right,0.2614505364822572,0.00016611323309071889,9.04185863145142e-05,0.00028516310890586805,0.0002569387443043817,same
98,NGIQ-BR-00000110,ITG_R_7_5,right,9,AREA_FG3_FUSG_RIGHT.nii.gz,JULICH_BRAIN_CYTOARCHITECTONIC_ATLAS_V3_1_AREA_FG3_FUSG,Area FG3 (FusG) right,right,0.01818206251876705,9.515615955283989e-06,6.2879824663913e-06,1.7007134002231764e-05,1.621698249770234e-05,same
98,NGIQ-BR-00000110,ITG_R_7_5,right,10,AREA_PIRT_PIRIFORMCORTEXMESIAL_TEMPORAL_RIGHT.nii.gz,JULICH_BRAIN_CYTOARCHITECTONIC_ATLAS_V3_1_AREA_PIRT_PIRIFORMCORTEXMESIAL_TEMPORAL,"Area PirT (PiriformCortexMesial, temporal) right",right,0.009998135778729728,2.0820672886458067e-05,3.4576991696272764e-06,1.8215331133800055e-05,1.200653823233326e-05,same
99,NGIQ-BR-00000111,ITG_L_7_6,left,1,TEMPORAL_TO_PARIETAL_GAPMAP_LEFT.nii.gz,JULICH_BRAIN_CYTOARCHITECTONIC_ATLAS_V3_1_TEMPORAL_TO_PARIETAL_GAPMAP,Temporal-to-Parietal (GapMap) left,left,2915.034674696087,0.04530502498976711,0.8235902676950513,0.3447419960722493,0.10279694329495323,same
99,NGIQ-BR-00000111,ITG_L_7_6,left,2,AREA_FG4_FUSG_LEFT.nii.gz,JULICH_BRAIN_CYTOARCHITECTONIC_ATLAS_V3_1_AREA_FG4_FUSG,Area FG4 (FusG) left,left,47.3056349100722,0.011838186516133713,0.013365350627649954,0.030420242703301528,0.029896776303162356,same
99,NGIQ-BR-00000111,ITG_L_7_6,left,3,AREA_OTS1_OTS_LEFT.nii.gz,JULICH_BRAIN_CYTOARCHITECTONIC_ATLAS_V3_1_AREA_OTS1_OTS,Area OTS1 (OTS) left,left,38.815010714540946,0.05221594193746905,0.010966478492509842,0.06199956155112973,0.048705968542276205,same
99,NGIQ-BR-00000111,ITG_L_7_6,left,4,AREA_FG2_FUSG_LEFT.nii.gz,JULICH_BRAIN_CYTOARCHITECTONIC_ATLAS_V3_1_AREA_FG2_FUSG,Area FG2 (FusG) left,left,7.74179855812852,0.0033776283251443686,0.0021873050095347424,0.007295817930807256,0.0071588168520079695,same
99,NGIQ-BR-00000111,ITG_L_7_6,left,5,AREA_STS2_STS_LEFT.nii.gz,JULICH_BRAIN_CYTOARCHITECTONIC_ATLAS_V3_1_AREA_STS2_STS,Area STS2 (STS) left,left,6.361182956935773,0.0016337937720977802,0.0017972370688544672,0.004544478995482979,0.004529376340488074,same
99,NGIQ-BR-00000111,ITG_L_7_6,left,6,AREA_FG5_FUSG_LEFT.nii.gz,JULICH_BRAIN_CYTOARCHITECTONIC_ATLAS_V3_1_AREA_FG5_FUSG,Area FG5 (FusG) left,left,2.0379739601716906,0.0018204898786678928,0.0005757926428742524,0.00257670449087263,0.002296380233647197,same
99,NGIQ-BR-00000111,ITG_L_7_6,left,7,AREA_HOC4LA_LOC_LEFT.nii.gz,JULICH_BRAIN_CYTOARCHITECTONIC_ATLAS_V3_1_AREA_HOC4LA_LOC,Area hOc4la (LOC) left,left,1.9714444177195163,0.0006108801079285361,0.0005569959252387999,0.0015013678378069616,0.0015011319313841616,same
99,NGIQ-BR-00000111,ITG_L_7_6,left,8,AREA_HOC5_LOC_LEFT.nii.gz,JULICH_BRAIN_CYTOARCHITECTONIC_ATLAS_V3_1_AREA_HOC5_LOC,Area hOc5 (LOC) left,left,1.0631514893497633,0.0011041898044811893,0.0003003742038867005,0.0014137295852018794,0.0012302048575338858,same
99,NGIQ-BR-00000111,ITG_L_7_6,left,9,AREA_COS1_COS_LEFT.nii.gz,JULICH_BRAIN_CYTOARCHITECTONIC_ATLAS_V3_1_AREA_COS1_COS,Area CoS1 (CoS) left,left,0.2778283761894682,0.000496127736937168,7.849537732960974e-05,0.0005311242910592421,0.00036991116445983676,same
99,NGIQ-BR-00000111,ITG_L_7_6,left,10,AREA_FG3_FUSG_LEFT.nii.gz,JULICH_BRAIN_CYTOARCHITECTONIC_ATLAS_V3_1_AREA_FG3_FUSG,Area FG3 (FusG) left,left,0.033266383496230796,1.1951647480021633e-05,9.398814335463567e-06,2.753146649018412e-05,2.7472614578486627e-05,same
100,NGIQ-BR-00000112,ITG_R_7_6,right,1,TEMPORAL_TO_PARIETAL_GAPMAP_RIGHT.nii.gz,JULICH_BRAIN_CYTOARCHITECTONIC_ATLAS_V3_1_TEMPORAL_TO_PARIETAL_GAPMAP,Temporal-to-Parietal (GapMap) right,right,2865.098990132741,0.03775121230976725,0.8719460856291303,0.3171110721002109,0.08842453689243666,same
100,NGIQ-BR-00000112,ITG_R_7_6,right,2,AREA_FG4_FUSG_RIGHT.nii.gz,JULICH_BRAIN_CYTOARCHITECTONIC_ATLAS_V3_1_AREA_FG4_FUSG,Area FG4 (FusG) right,right,45.06430678228247,0.017487092622787897,0.013714585791180981,0.04038605285167219,0.03998631658556189,same
100,NGIQ-BR-00000112,ITG_R_7_6,right,3,AREA_OTS1_OTS_RIGHT.nii.gz,JULICH_BRAIN_CYTOARCHITECTONIC_ATLAS_V3_1_AREA_OTS1_OTS,Area OTS1 (OTS) right,right,31.670942332237118,0.02726840941805842,0.009638534057596609,0.039329097319613975,0.03539144827676035,same
100,NGIQ-BR-00000112,ITG_R_7_6,right,4,AREA_FG2_FUSG_RIGHT.nii.gz,JULICH_BRAIN_CYTOARCHITECTONIC_ATLAS_V3_1_AREA_FG2_FUSG,Area FG2 (FusG) right,right,4.030605128644073,0.0023187994839323858,0.0012266488441556673,0.004627928810725089,0.004298446664935668,same
100,NGIQ-BR-00000112,ITG_R_7_6,right,5,AREA_HOC4LA_LOC_RIGHT.nii.gz,JULICH_BRAIN_CYTOARCHITECTONIC_ATLAS_V3_1_AREA_HOC4LA_LOC,Area hOc4la (LOC) right,right,1.0407611088262652,0.00030076608531323044,0.00031673864604379724,0.0007697436758936662,0.000768752986035567,same
100,NGIQ-BR-00000112,ITG_R_7_6,right,6,AREA_FG5_FUSG_RIGHT.nii.gz,JULICH_BRAIN_CYTOARCHITECTONIC_ATLAS_V3_1_AREA_FG5_FUSG,Area FG5 (FusG) right,right,0.20072341788612508,0.00018817233412881816,6.108689407335213e-05,0.0002582495909108336,0.00022871463257973494,same
100,NGIQ-BR-00000112,ITG_R_7_6,right,7,AREA_EC_HIPPOCAMPAL_REGION_ENTORHINAL_CORTEX_RIGHT.nii.gz,JULICH_BRAIN_CYTOARCHITECTONIC_ATLAS_V3_1_AREA_EC_HIPPOCAMPAL_REGION_ENTORHINAL_CORTEX,"Area EC (Hippocampal Region, Entorhinal Cortex) right",right,0.1801245318569152,6.469581217251453e-05,5.48179595257685e-05,0.00013598701888321288,0.00013592502295007731,same
100,NGIQ-BR-00000112,ITG_R_7_6,right,8,AREA_HOC5_LOC_RIGHT.nii.gz,JULICH_BRAIN_CYTOARCHITECTONIC_ATLAS_V3_1_AREA_HOC5_LOC,Area hOc5 (LOC) right,right,0.13268918476193986,0.00015441415198198604,4.038178633860521e-05,0.00020738588818273535,0.00016547904062650363,same
100,NGIQ-BR-00000112,ITG_R_7_6,right,9,AREA_STS2_STS_RIGHT.nii.gz,JULICH_BRAIN_CYTOARCHITECTONIC_ATLAS_V3_1_AREA_STS2_STS,Area STS2 (STS) right,right,0.12464411278197463,2.7914307235467625e-05,3.793340007143115e-05,7.891860228720997e-05,7.727072856729642e-05,same
100,NGIQ-BR-00000112,ITG_R_7_6,right,10,AREA_FG3_FUSG_RIGHT.nii.gz,JULICH_BRAIN_CYTOARCHITECTONIC_ATLAS_V3_1_AREA_FG3_FUSG,Area FG3 (FusG) right,right,0.00634446886650568,3.3203894834048704e-06,1.9308354833803532e-06,6.323003441542311e-06,6.134166954593716e-06,same
101,NGIQ-BR-00000113,ITG_L_7_7,left,1,TEMPORAL_TO_PARIETAL_GAPMAP_LEFT.nii.gz,JULICH_BRAIN_CYTOARCHITECTONIC_ATLAS_V3_1_TEMPORAL_TO_PARIETAL_GAPMAP,Temporal-to-Parietal (GapMap) left,left,2997.587937271331,0.04658805522485279,0.7078069006295379,0.3491486674498477,0.10563384692813352,same
101,NGIQ-BR-00000113,ITG_L_7_7,left,2,AREA_FG4_FUSG_LEFT.nii.gz,JULICH_BRAIN_CYTOARCHITECTONIC_ATLAS_V3_1_AREA_FG4_FUSG,Area FG4 (FusG) left,left,321.3799738453416,0.08042500814466971,0.07588600166937587,0.2035432008059715,0.20058151994257462,same
101,NGIQ-BR-00000113,ITG_L_7_7,left,3,AREA_OTS1_OTS_LEFT.nii.gz,JULICH_BRAIN_CYTOARCHITECTONIC_ATLAS_V3_1_AREA_OTS1_OTS,Area OTS1 (OTS) left,left,146.79491147514028,0.19747603911984352,0.034662019428189854,0.2309340111155557,0.1797046836741984,same
101,NGIQ-BR-00000113,ITG_L_7_7,left,4,AREA_FG5_FUSG_LEFT.nii.gz,JULICH_BRAIN_CYTOARCHITECTONIC_ATLAS_V3_1_AREA_FG5_FUSG,Area FG5 (FusG) left,left,49.60664211828298,0.044312828159701535,0.011713392348496884,0.06177230456260443,0.05466810578795886,same
101,NGIQ-BR-00000113,ITG_L_7_7,left,5,AREA_FG2_FUSG_LEFT.nii.gz,JULICH_BRAIN_CYTOARCHITECTONIC_ATLAS_V3_1_AREA_FG2_FUSG,Area FG2 (FusG) left,left,15.116808059967859,0.006595232193881958,0.003569463610157623,0.01403072812152183,0.013725360881237755,same
101,NGIQ-BR-00000113,ITG_L_7_7,left,6,AREA_FG3_FUSG_LEFT.nii.gz,JULICH_BRAIN_CYTOARCHITECTONIC_ATLAS_V3_1_AREA_FG3_FUSG,Area FG3 (FusG) left,left,4.063900048731954,0.0014600415095313935,0.0009595903633704894,0.003312491427240313,0.0033017427330688034,same
101,NGIQ-BR-00000113,ITG_L_7_7,left,7,AREA_HOC4LA_LOC_LEFT.nii.gz,JULICH_BRAIN_CYTOARCHITECTONIC_ATLAS_V3_1_AREA_HOC4LA_LOC,Area hOc4la (LOC) left,left,3.738405440926137,0.0011583981261187638,0.0008827327917683094,0.0028039932301198896,0.0028039844417602775,same
101,NGIQ-BR-00000113,ITG_L_7_7,left,8,AREA_COS1_COS_LEFT.nii.gz,JULICH_BRAIN_CYTOARCHITECTONIC_ATLAS_V3_1_AREA_COS1_COS,Area CoS1 (CoS) left,left,2.25871167638186,0.004033459532703301,0.0005333393863770678,0.004252735283556763,0.0029295484865267543,same
101,NGIQ-BR-00000113,ITG_L_7_7,left,9,AREA_HOC5_LOC_LEFT.nii.gz,JULICH_BRAIN_CYTOARCHITECTONIC_ATLAS_V3_1_AREA_HOC5_LOC,Area hOc5 (LOC) left,left,2.086204442029062,0.0021667332435951797,0.000492606032280849,0.0027322224162116037,0.0023595615112965112,same
101,NGIQ-BR-00000113,ITG_L_7_7,left,10,FRONTAL_TO_TEMPORAL_II_GAPMAP_LEFT.nii.gz,JULICH_BRAIN_CYTOARCHITECTONIC_ATLAS_V3_1_FRONTAL_TO_TEMPORAL_II_GAPMAP,Frontal-to-Temporal-II (GapMap) left,left,0.02079191090428601,1.742935683551438e-06,4.909500012441528e-06,6.148275635985093e-06,4.188054887070492e-06,same
102,NGIQ-BR-00000114,ITG_R_7_7,right,1,TEMPORAL_TO_PARIETAL_GAPMAP_RIGHT.nii.gz,JULICH_BRAIN_CYTOARCHITECTONIC_ATLAS_V3_1_TEMPORAL_TO_PARIETAL_GAPMAP,Temporal-to-Parietal (GapMap) right,right,2821.1450822639918,0.037172065371559634,0.6513838702253466,0.2611162891024963,0.08633184704585732,same
102,NGIQ-BR-00000114,ITG_R_7_7,right,2,AREA_OTS1_OTS_RIGHT.nii.gz,JULICH_BRAIN_CYTOARCHITECTONIC_ATLAS_V3_1_AREA_OTS1_OTS,Area OTS1 (OTS) right,right,336.298125463899,0.28954979853381013,0.07764902836489605,0.34923214332142943,0.2871481641474004,same
102,NGIQ-BR-00000114,ITG_R_7_7,right,3,AREA_FG4_FUSG_RIGHT.nii.gz,JULICH_BRAIN_CYTOARCHITECTONIC_ATLAS_V3_1_AREA_FG4_FUSG,Area FG4 (FusG) right,right,299.280046212021,0.11613488061730211,0.06910179700023115,0.2242917226147078,0.21327126630942878,same
102,NGIQ-BR-00000114,ITG_R_7_7,right,4,AREA_FG2_FUSG_RIGHT.nii.gz,JULICH_BRAIN_CYTOARCHITECTONIC_ATLAS_V3_1_AREA_FG2_FUSG,Area FG2 (FusG) right,right,21.31976331895294,0.012265219391059385,0.004922593322227596,0.020470835356724917,0.01756188733933836,same
102,NGIQ-BR-00000114,ITG_R_7_7,right,5,AREA_FG5_FUSG_RIGHT.nii.gz,JULICH_BRAIN_CYTOARCHITECTONIC_ATLAS_V3_1_AREA_FG5_FUSG,Area FG5 (FusG) right,right,10.877479883920357,0.010197319280193696,0.0025115386619536393,0.011703254712960718,0.009426665194108686,same
102,NGIQ-BR-00000114,ITG_R_7_7,right,6,AREA_HOC4LA_LOC_RIGHT.nii.gz,JULICH_BRAIN_CYTOARCHITECTONIC_ATLAS_V3_1_AREA_HOC4LA_LOC,Area hOc4la (LOC) right,right,2.733747562407241,0.0007900165999737269,0.0006312043569169772,0.001690792266777882,0.0016770216448282228,same
102,NGIQ-BR-00000114,ITG_R_7_7,right,7,AREA_HOC5_LOC_RIGHT.nii.gz,JULICH_BRAIN_CYTOARCHITECTONIC_ATLAS_V3_1_AREA_HOC5_LOC,Area hOc5 (LOC) right,right,2.1578950533169015,0.00251120342115199,0.000498243794764952,0.0028204003785654787,0.0020014995263267932,same
102,NGIQ-BR-00000114,ITG_R_7_7,right,8,AREA_FG3_FUSG_RIGHT.nii.gz,JULICH_BRAIN_CYTOARCHITECTONIC_ATLAS_V3_1_AREA_FG3_FUSG,Area FG3 (FusG) right,right,0.5279819928805581,0.0002763203498157131,0.00012190757437254223,0.0004400317647743628,0.00040286317216760737,same
102,NGIQ-BR-00000114,ITG_R_7_7,right,9,AREA_FG1_FUSG_RIGHT.nii.gz,JULICH_BRAIN_CYTOARCHITECTONIC_ATLAS_V3_1_AREA_FG1_FUSG,Area FG1 (FusG) right,right,0.1810468882567292,0.00011502857999061831,4.180253738325415e-05,0.00017594292136385812,0.0001500024460576932,same
102,NGIQ-BR-00000114,ITG_R_7_7,right,10,AREA_EC_HIPPOCAMPAL_REGION_ENTORHINAL_CORTEX_RIGHT.nii.gz,JULICH_BRAIN_CYTOARCHITECTONIC_ATLAS_V3_1_AREA_EC_HIPPOCAMPAL_REGION_ENTORHINAL_CORTEX,"Area EC (Hippocampal Region, Entorhinal Cortex) right",right,0.09504016056627222,3.413582988088201e-05,2.194414885136478e-05,6.0002385819919123e-05,5.9345726749929606e-05,same
103,NGIQ-BR-00000115,FuG_L_3_1,left,1,TEMPORAL_TO_PARIETAL_GAPMAP_LEFT.nii.gz,JULICH_BRAIN_CYTOARCHITECTONIC_ATLAS_V3_1_TEMPORAL_TO_PARIETAL_GAPMAP,Temporal-to-Parietal (GapMap) left,left,3632.5406218532044,0.0564563931530459,0.39407488358697124,0.20538420873262248,0.11896632606238765,same
103,NGIQ-BR-00000115,FuG_L_3_1,left,2,AREA_FG3_FUSG_LEFT.nii.gz,JULICH_BRAIN_CYTOARCHITECTONIC_ATLAS_V3_1_AREA_FG3_FUSG,Area FG3 (FusG) left,left,856.7331723917955,0.3077993994155542,0.0929423949574863,0.33898106599789096,0.2528823362022226,same
103,NGIQ-BR-00000115,FuG_L_3_1,left,3,AREA_PH2_PHG_LEFT.nii.gz,JULICH_BRAIN_CYTOARCHITECTONIC_ATLAS_V3_1_AREA_PH2_PHG,Area Ph2 (PhG) left,left,469.96518571711704,0.3719624023058075,0.050984006823554376,0.26520049659487493,0.15159194803380144,same
103,NGIQ-BR-00000115,FuG_L_3_1,left,4,FRONTAL_TO_TEMPORAL_II_GAPMAP_LEFT.nii.gz,JULICH_BRAIN_CYTOARCHITECTONIC_ATLAS_V3_1_FRONTAL_TO_TEMPORAL_II_GAPMAP,Frontal-to-Temporal-II (GapMap) left,left,435.63658255034477,0.036518362755723406,0.04725988045996603,0.06253186468029229,0.06117105979007156,same
103,NGIQ-BR-00000115,FuG_L_3_1,left,5,AREA_FG5_FUSG_LEFT.nii.gz,JULICH_BRAIN_CYTOARCHITECTONIC_ATLAS_V3_1_AREA_FG5_FUSG,Area FG5 (FusG) left,left,429.18683240944114,0.3833858036111006,0.04656018159888489,0.2594289726234097,0.14005334499703873,same
103,NGIQ-BR-00000115,FuG_L_3_1,left,6,AREA_EC_HIPPOCAMPAL_REGION_ENTORHINAL_CORTEX_LEFT.nii.gz,JULICH_BRAIN_CYTOARCHITECTONIC_ATLAS_V3_1_AREA_EC_HIPPOCAMPAL_REGION_ENTORHINAL_CORTEX,"Area EC (Hippocampal Region, Entorhinal Cortex) left",left,426.5308121717379,0.17204807302973207,0.04627204418352309,0.17399977330811037,0.12715824378818533,same
103,NGIQ-BR-00000115,FuG_L_3_1,left,7,AREA_FG4_FUSG_LEFT.nii.gz,JULICH_BRAIN_CYTOARCHITECTONIC_ATLAS_V3_1_AREA_FG4_FUSG,Area FG4 (FusG) left,left,355.8101173075253,0.08904111615923076,0.03859993463348967,0.10938913664114273,0.0946484978985043,same
103,NGIQ-BR-00000115,FuG_L_3_1,left,8,AREA_COS1_COS_LEFT.nii.gz,JULICH_BRAIN_CYTOARCHITECTONIC_ATLAS_V3_1_AREA_COS1_COS,Area CoS1 (CoS) left,left,262.9087606575238,0.4694852636543516,0.02852156384069624,0.24028724855818392,0.08978976994881144,same
103,NGIQ-BR-00000115,FuG_L_3_1,left,9,AREA_FG1_FUSG_LEFT.nii.gz,JULICH_BRAIN_CYTOARCHITECTONIC_ATLAS_V3_1_AREA_FG1_FUSG,Area FG1 (FusG) left,left,127.58975934150618,0.09431747958983976,0.013841529880467666,0.07882062670523218,0.041776205004535556,same
103,NGIQ-BR-00000115,FuG_L_3_1,left,10,CA1_HIPPOCAMPUS_LEFT.nii.gz,JULICH_BRAIN_CYTOARCHITECTONIC_ATLAS_V3_1_CA1_HIPPOCAMPUS,CA1 (Hippocampus) left,left,126.43244249676691,0.047546143588207,0.013715978772210218,0.05420957910906777,0.03826782153461483,same
104,NGIQ-BR-00000116,FuG_R_3_1,right,1,TEMPORAL_TO_PARIETAL_GAPMAP_RIGHT.nii.gz,JULICH_BRAIN_CYTOARCHITECTONIC_ATLAS_V3_1_TEMPORAL_TO_PARIETAL_GAPMAP,Temporal-to-Parietal (GapMap) right,right,3814.1310878212835,0.050255880501690366,0.4366943904884486,0.20974527203725193,0.11099826855675891,same
104,NGIQ-BR-00000116,FuG_R_3_1,right,2,AREA_FG5_FUSG_RIGHT.nii.gz,JULICH_BRAIN_CYTOARCHITECTONIC_ATLAS_V3_1_AREA_FG5_FUSG,Area FG5 (FusG) right,right,556.5720009440504,0.5217699739838292,0.06372404752717478,0.35578508999839165,0.19610974309787318,same
104,NGIQ-BR-00000116,FuG_R_3_1,right,3,AREA_FG3_FUSG_RIGHT.nii.gz,JULICH_BRAIN_CYTOARCHITECTONIC_ATLAS_V3_1_AREA_FG3_FUSG,Area FG3 (FusG) right,right,476.88470395992255,0.2495784894121923,0.054600345487339115,0.23613824475806708,0.15924116476846514,same
104,NGIQ-BR-00000116,FuG_R_3_1,right,4,AREA_EC_HIPPOCAMPAL_REGION_ENTORHINAL_CORTEX_RIGHT.nii.gz,JULICH_BRAIN_CYTOARCHITECTONIC_ATLAS_V3_1_AREA_EC_HIPPOCAMPAL_REGION_ENTORHINAL_CORTEX,"Area EC (Hippocampal Region, Entorhinal Cortex) right",right,468.4488142756354,0.16825401952960103,0.053634488357868534,0.1757160866538615,0.1425752724634924,same
104,NGIQ-BR-00000116,FuG_R_3_1,right,5,AREA_PH2_PHG_RIGHT.nii.gz,JULICH_BRAIN_CYTOARCHITECTONIC_ATLAS_V3_1_AREA_PH2_PHG,Area Ph2 (PhG) right,right,340.21383396627385,0.3026601193658704,0.03895237720959046,0.21151099289781783,0.1193098242762479,same
104,NGIQ-BR-00000116,FuG_R_3_1,right,6,AREA_FG4_FUSG_RIGHT.nii.gz,JULICH_BRAIN_CYTOARCHITECTONIC_ATLAS_V3_1_AREA_FG4_FUSG,Area FG4 (FusG) right,right,337.0758735932543,0.13080145781250233,0.03859310017874896,0.1500897982038,0.10917642009706117,same
104,NGIQ-BR-00000116,FuG_R_3_1,right,7,AREA_COS1_COS_RIGHT.nii.gz,JULICH_BRAIN_CYTOARCHITECTONIC_ATLAS_V3_1_AREA_COS1_COS,Area CoS1 (CoS) right,right,227.13554056494777,0.39398167496275954,0.026005612854259036,0.21267920808265064,0.08373433374462577,same
104,NGIQ-BR-00000116,FuG_R_3_1,right,8,AREA_PH1_PHG_RIGHT.nii.gz,JULICH_BRAIN_CYTOARCHITECTONIC_ATLAS_V3_1_AREA_PH1_PHG,Area Ph1 (PhG) right,right,207.1371108479769,0.1560517074459569,0.023715916492258203,0.11816538692786403,0.07147219270041448,same
104,NGIQ-BR-00000116,FuG_R_3_1,right,9,AREA_OTS1_OTS_RIGHT.nii.gz,JULICH_BRAIN_CYTOARCHITECTONIC_ATLAS_V3_1_AREA_OTS1_OTS,Area OTS1 (OTS) right,right,165.3027866855888,0.14232428002941003,0.01892614543537882,0.1019900861291555,0.05789282079905869,same
104,NGIQ-BR-00000116,FuG_R_3_1,right,10,AREA_FG1_FUSG_RIGHT.nii.gz,JULICH_BRAIN_CYTOARCHITECTONIC_ATLAS_V3_1_AREA_FG1_FUSG,Area FG1 (FusG) right,right,75.81704468319707,0.048170543404350764,0.008680582117977688,0.04377595270730481,0.026224125169279956,same
105,NGIQ-BR-00000117,FuG_L_3_2,left,1,AREA_FG3_FUSG_LEFT.nii.gz,JULICH_BRAIN_CYTOARCHITECTONIC_ATLAS_V3_1_AREA_FG3_FUSG,Area FG3 (FusG) left,left,911.9054165337661,0.3276211877605732,0.11915928714337912,0.4250969718132955,0.35088286312597167,same
105,NGIQ-BR-00000117,FuG_L_3_2,left,2,AREA_FG1_FUSG_LEFT.nii.gz,JULICH_BRAIN_CYTOARCHITECTONIC_ATLAS_V3_1_AREA_FG1_FUSG,Area FG1 (FusG) left,left,856.3984656960267,0.6330707513355951,0.11190615696846617,0.6233160411852948,0.37807735264479136,same
105,NGIQ-BR-00000117,FuG_L_3_2,left,3,AREA_FG2_FUSG_LEFT.nii.gz,JULICH_BRAIN_CYTOARCHITECTONIC_ATLAS_V3_1_AREA_FG2_FUSG,Area FG2 (FusG) left,left,834.215566700679,0.363955495122791,0.10900750280638583,0.44281759712499064,0.3378168618034841,same
105,NGIQ-BR-00000117,FuG_L_3_2,left,4,AREA_HOC4V_LINGG_LEFT.nii.gz,JULICH_BRAIN_CYTOARCHITECTONIC_ATLAS_V3_1_AREA_HOC4V_LINGG,Area hOc4v (LingG) left,left,651.9723982331454,0.19411057597978976,0.0851936668014563,0.2717073394056811,0.23785530444828915,same
105,NGIQ-BR-00000117,FuG_L_3_2,left,5,AREA_FG4_FUSG_LEFT.nii.gz,JULICH_BRAIN_CYTOARCHITECTONIC_ATLAS_V3_1_AREA_FG4_FUSG,Area FG4 (FusG) left,left,529.7494686365619,0.1325692600567355,0.06922271531981761,0.19188224424876846,0.1783491231984843,same
105,NGIQ-BR-00000117,FuG_L_3_2,left,6,TEMPORAL_TO_PARIETAL_GAPMAP_LEFT.nii.gz,JULICH_BRAIN_CYTOARCHITECTONIC_ATLAS_V3_1_TEMPORAL_TO_PARIETAL_GAPMAP,Temporal-to-Parietal (GapMap) left,left,181.90781573368275,0.0028271835697829787,0.023770015240206853,0.012117590904926768,0.0061155335865522124,same
105,NGIQ-BR-00000117,FuG_L_3_2,left,7,AREA_PH2_PHG_LEFT.nii.gz,JULICH_BRAIN_CYTOARCHITECTONIC_ATLAS_V3_1_AREA_PH2_PHG,Area Ph2 (PhG) left,left,161.18399447089092,0.1275719726029377,0.02106201973564277,0.10716153299513624,0.06973995253521147,same
105,NGIQ-BR-00000117,FuG_L_3_2,left,8,AREA_PH1_PHG_LEFT.nii.gz,JULICH_BRAIN_CYTOARCHITECTONIC_ATLAS_V3_1_AREA_PH1_PHG,Area Ph1 (PhG) left,left,150.62461845552434,0.12384391341817828,0.019682219050334102,0.11799783596106923,0.06744233269445091,same
105,NGIQ-BR-00000117,FuG_L_3_2,left,9,AREA_HOC4LA_LOC_LEFT.nii.gz,JULICH_BRAIN_CYTOARCHITECTONIC_ATLAS_V3_1_AREA_HOC4LA_LOC,Area hOc4la (LOC) left,left,93.82538735858806,0.029073131477047567,0.012260225754659487,0.04024735993333604,0.03473340517759919,same
105,NGIQ-BR-00000117,FuG_L_3_2,left,10,AREA_FG5_FUSG_LEFT.nii.gz,JULICH_BRAIN_CYTOARCHITECTONIC_ATLAS_V3_1_AREA_FG5_FUSG,Area FG5 (FusG) left,left,72.50286143956008,0.06476565844543966,0.009473997114560694,0.051633978716516926,0.03186283124520453,same
106,NGIQ-BR-00000118,FuG_R_3_2,right,1,AREA_HOC4V_LINGG_RIGHT.nii.gz,JULICH_BRAIN_CYTOARCHITECTONIC_ATLAS_V3_1_AREA_HOC4V_LINGG,Area hOc4v (LingG) right,right,1018.5525670722417,0.31417784974753915,0.1391649847253971,0.4271272957665671,0.38002398794447656,same
106,NGIQ-BR-00000118,FuG_R_3_2,right,2,AREA_FG1_FUSG_RIGHT.nii.gz,JULICH_BRAIN_CYTOARCHITECTONIC_ATLAS_V3_1_AREA_FG1_FUSG,Area FG1 (FusG) right,right,835.9537601669119,0.5311252510093541,0.11421648329763168,0.5573955131305507,0.3731981557486545,same
106,NGIQ-BR-00000118,FuG_R_3_2,right,3,AREA_FG3_FUSG_RIGHT.nii.gz,JULICH_BRAIN_CYTOARCHITECTONIC_ATLAS_V3_1_AREA_FG3_FUSG,Area FG3 (FusG) right,right,701.4196649366061,0.36708927538509645,0.09583507038579055,0.4010913848471118,0.2992931637120494,same
106,NGIQ-BR-00000118,FuG_R_3_2,right,4,AREA_PH1_PHG_RIGHT.nii.gz,JULICH_BRAIN_CYTOARCHITECTONIC_ATLAS_V3_1_AREA_PH1_PHG,Area Ph1 (PhG) right,right,501.35743586198544,0.3777096416315772,0.06850053905833302,0.33028761247060484,0.2231225870272007,same
106,NGIQ-BR-00000118,FuG_R_3_2,right,5,AREA_FG2_FUSG_RIGHT.nii.gz,JULICH_BRAIN_CYTOARCHITECTONIC_ATLAS_V3_1_AREA_FG2_FUSG,Area FG2 (FusG) right,right,436.16663396314544,0.2509258370547712,0.059593510355272473,0.28734662786538706,0.19411130885423986,same
106,NGIQ-BR-00000118,FuG_R_3_2,right,6,TEMPORAL_TO_PARIETAL_GAPMAP_RIGHT.nii.gz,JULICH_BRAIN_CYTOARCHITECTONIC_ATLAS_V3_1_TEMPORAL_TO_PARIETAL_GAPMAP,Temporal-to-Parietal (GapMap) right,right,368.77375670455825,0.004859049000250856,0.05038561177694937,0.02341903687248664,0.010939292804167715,same
106,NGIQ-BR-00000118,FuG_R_3_2,right,7,AREA_FG4_FUSG_RIGHT.nii.gz,JULICH_BRAIN_CYTOARCHITECTONIC_ATLAS_V3_1_AREA_FG4_FUSG,Area FG4 (FusG) right,right,272.88553400917573,0.1058925555360711,0.03728439002547355,0.14031899867677106,0.11200832796314228,same
106,NGIQ-BR-00000118,FuG_R_3_2,right,8,AREA_PH2_PHG_RIGHT.nii.gz,JULICH_BRAIN_CYTOARCHITECTONIC_ATLAS_V3_1_AREA_PH2_PHG,Area Ph2 (PhG) right,right,237.65367465210622,0.21142082524802505,0.032470655979947194,0.17062315441739365,0.10800621224860799,same
106,NGIQ-BR-00000118,FuG_R_3_2,right,9,AREA_HOC3V_LINGG_RIGHT.nii.gz,JULICH_BRAIN_CYTOARCHITECTONIC_ATLAS_V3_1_AREA_HOC3V_LINGG,Area hOc3v (LingG) right,right,143.74541936272504,0.04419025811419419,0.019639957461852438,0.06697919608024368,0.056552451522155434,same
106,NGIQ-BR-00000118,FuG_R_3_2,right,10,AREA_FG5_FUSG_RIGHT.nii.gz,JULICH_BRAIN_CYTOARCHITECTONIC_ATLAS_V3_1_AREA_FG5_FUSG,Area FG5 (FusG) right,right,99.26963776518598,0.09306238227267928,0.01356322498209165,0.07328165762371759,0.045392467438594625,same
107,NGIQ-BR-00000119,FuG_L_3_3,left,1,AREA_FG4_FUSG_LEFT.nii.gz,JULICH_BRAIN_CYTOARCHITECTONIC_ATLAS_V3_1_AREA_FG4_FUSG,Area FG4 (FusG) left,left,1570.6523643729577,0.39305413988840815,0.22432866997263848,0.6186588186996579,0.5912526681665071,same
107,NGIQ-BR-00000119,FuG_L_3_3,left,2,AREA_FG2_FUSG_LEFT.nii.gz,JULICH_BRAIN_CYTOARCHITECTONIC_ATLAS_V3_1_AREA_FG2_FUSG,Area FG2 (FusG) left,left,936.2563207919537,0.4084743157495443,0.1337209556747356,0.5404409143064136,0.4343329069366098,same
107,NGIQ-BR-00000119,FuG_L_3_3,left,3,TEMPORAL_TO_PARIETAL_GAPMAP_LEFT.nii.gz,JULICH_BRAIN_CYTOARCHITECTONIC_ATLAS_V3_1_TEMPORAL_TO_PARIETAL_GAPMAP,Temporal-to-Parietal (GapMap) left,left,638.4433657437286,0.009922589563222348,0.09118577371977711,0.046248130498025314,0.021692595954054827,same
107,NGIQ-BR-00000119,FuG_L_3_3,left,4,AREA_FG3_FUSG_LEFT.nii.gz,JULICH_BRAIN_CYTOARCHITECTONIC_ATLAS_V3_1_AREA_FG3_FUSG,Area FG3 (FusG) left,left,414.4750858798131,0.14890888624092505,0.059197469065239594,0.21010845156457514,0.18138348854273403,same
107,NGIQ-BR-00000119,FuG_L_3_3,left,5,AREA_FG5_FUSG_LEFT.nii.gz,JULICH_BRAIN_CYTOARCHITECTONIC_ATLAS_V3_1_AREA_FG5_FUSG,Area FG5 (FusG) left,left,279.7248078991083,0.24987374301374604,0.03995173950501148,0.21662985282543945,0.14259626007236456,same
107,NGIQ-BR-00000119,FuG_L_3_3,left,6,AREA_FG1_FUSG_LEFT.nii.gz,JULICH_BRAIN_CYTOARCHITECTONIC_ATLAS_V3_1_AREA_FG1_FUSG,Area FG1 (FusG) left,left,150.37359752249898,0.11115985160860206,0.021477132621062277,0.11901751795098392,0.0770621604303431,same
107,NGIQ-BR-00000119,FuG_L_3_3,left,7,AREA_COS1_COS_LEFT.nii.gz,JULICH_BRAIN_CYTOARCHITECTONIC_ATLAS_V3_1_AREA_COS1_COS,Area CoS1 (CoS) left,left,121.74582228755993,0.21740572407150477,0.017388366138802947,0.1425591074719154,0.0667008486395576,same
107,NGIQ-BR-00000119,FuG_L_3_3,left,8,AREA_HOC4LA_LOC_LEFT.nii.gz,JULICH_BRAIN_CYTOARCHITECTONIC_ATLAS_V3_1_AREA_HOC4LA_LOC,Area hOc4la (LOC) left,left,107.26922609851036,0.03323889622628535,0.01532074402045027,0.05003789770941037,0.04492972817881458,same
107,NGIQ-BR-00000119,FuG_L_3_3,left,9,AREA_HOC4V_LINGG_LEFT.nii.gz,JULICH_BRAIN_CYTOARCHITECTONIC_ATLAS_V3_1_AREA_HOC4V_LINGG,Area hOc4v (LingG) left,left,92.03202384750226,0.0274005298476395,0.013144488222155054,0.04170786973697674,0.037916419930058405,same
107,NGIQ-BR-00000119,FuG_L_3_3,left,10,FRONTAL_TO_TEMPORAL_II_GAPMAP_LEFT.nii.gz,JULICH_BRAIN_CYTOARCHITECTONIC_ATLAS_V3_1_FRONTAL_TO_TEMPORAL_II_GAPMAP,Frontal-to-Temporal-II (GapMap) left,left,75.2707520063747,0.00630976537960336,0.010750556945916803,0.013842627288016314,0.01250590701590359,same
108,NGIQ-BR-00000120,FuG_R_3_3,right,1,AREA_FG4_FUSG_RIGHT.nii.gz,JULICH_BRAIN_CYTOARCHITECTONIC_ATLAS_V3_1_AREA_FG4_FUSG,Area FG4 (FusG) right,right,1177.8476102002646,0.45706084761519933,0.16921806756793423,0.6548019287592424,0.5467455156905408,same
108,NGIQ-BR-00000120,FuG_R_3_3,right,2,TEMPORAL_TO_PARIETAL_GAPMAP_RIGHT.nii.gz,JULICH_BRAIN_CYTOARCHITECTONIC_ATLAS_V3_1_TEMPORAL_TO_PARIETAL_GAPMAP,Temporal-to-Parietal (GapMap) right,right,878.2588035397082,0.011572142766981182,0.12617698272041034,0.06029987564026209,0.026272422303350515,same
108,NGIQ-BR-00000120,FuG_R_3_3,right,3,AREA_FG2_FUSG_RIGHT.nii.gz,JULICH_BRAIN_CYTOARCHITECTONIC_ATLAS_V3_1_AREA_FG2_FUSG,Area FG2 (FusG) right,right,645.1559846193481,0.3711570140075956,0.0926877535359705,0.45951879271585794,0.32832630883939506,same
108,NGIQ-BR-00000120,FuG_R_3_3,right,4,AREA_FG1_FUSG_RIGHT.nii.gz,JULICH_BRAIN_CYTOARCHITECTONIC_ATLAS_V3_1_AREA_FG1_FUSG,Area FG1 (FusG) right,right,344.7055181482485,0.2190094878145445,0.04952287643656415,0.24849309794071775,0.1760529837078789,same
108,NGIQ-BR-00000120,FuG_R_3_3,right,5,AREA_FG5_FUSG_RIGHT.nii.gz,JULICH_BRAIN_CYTOARCHITECTONIC_ATLAS_V3_1_AREA_FG5_FUSG,Area FG5 (FusG) right,right,297.4001352354281,0.278803929341346,0.042726644553300754,0.23735855575715337,0.15612289346889163,same
108,NGIQ-BR-00000120,FuG_R_3_3,right,6,AREA_FG3_FUSG_RIGHT.nii.gz,JULICH_BRAIN_CYTOARCHITECTONIC_ATLAS_V3_1_AREA_FG3_FUSG,Area FG3 (FusG) right,right,269.6014870841162,0.14109643553463433,0.03873289062416036,0.16667580501292995,0.13077426543873363,same
108,NGIQ-BR-00000120,FuG_R_3_3,right,7,AREA_HOC4V_LINGG_RIGHT.nii.gz,JULICH_BRAIN_CYTOARCHITECTONIC_ATLAS_V3_1_AREA_HOC4V_LINGG,Area hOc4v (LingG) right,right,210.9108901814896,0.06505656370395263,0.03030097693153722,0.09562198720708691,0.08794461536392727,same
108,NGIQ-BR-00000120,FuG_R_3_3,right,8,AREA_OTS1_OTS_RIGHT.nii.gz,JULICH_BRAIN_CYTOARCHITECTONIC_ATLAS_V3_1_AREA_OTS1_OTS,Area OTS1 (OTS) right,right,163.82507128480333,0.14105197975715153,0.02353628919557769,0.12619887664495025,0.08522918992872497,same
108,NGIQ-BR-00000120,FuG_R_3_3,right,9,AREA_COS1_COS_RIGHT.nii.gz,JULICH_BRAIN_CYTOARCHITECTONIC_ATLAS_V3_1_AREA_COS1_COS,Area CoS1 (CoS) right,right,88.43237398501559,0.15339182382858815,0.012704831513513763,0.10338286502216279,0.04969730108869408,same
108,NGIQ-BR-00000120,FuG_R_3_3,right,10,AREA_HOC4LA_LOC_RIGHT.nii.gz,JULICH_BRAIN_CYTOARCHITECTONIC_ATLAS_V3_1_AREA_HOC4LA_LOC,Area hOc4la (LOC) right,right,36.65889852984932,0.010593932948889861,0.005266681287688275,0.016818862361943063,0.015395616715508436,same
109,NGIQ-BR-00000121,PhG_L_6_1,left,1,TEMPORAL_TO_PARIETAL_GAPMAP_LEFT.nii.gz,JULICH_BRAIN_CYTOARCHITECTONIC_ATLAS_V3_1_TEMPORAL_TO_PARIETAL_GAPMAP,Temporal-to-Parietal (GapMap) left,left,612.7445323056085,0.009523182207547142,0.42147715209258363,0.12138204759632415,0.02192908843876287,same
109,NGIQ-BR-00000121,PhG_L_6_1,left,2,AREA_EC_HIPPOCAMPAL_REGION_ENTORHINAL_CORTEX_LEFT.nii.gz,JULICH_BRAIN_CYTOARCHITECTONIC_ATLAS_V3_1_AREA_EC_HIPPOCAMPAL_REGION_ENTORHINAL_CORTEX,"Area EC (Hippocampal Region, Entorhinal Cortex) left",left,486.5483369917465,0.19625710834120447,0.3346729291227442,0.695412848502938,0.6383242480069621,same
109,NGIQ-BR-00000121,PhG_L_6_1,left,3,SUBC_HIPPOCAMPUS_SUBICULAR_COMPLEX_LEFT.nii.gz,JULICH_BRAIN_CYTOARCHITECTONIC_ATLAS_V3_1_SUBC_HIPPOCAMPUS_SUBICULAR_COMPLEX,"Subc (Hippocampus, Subicular complex) left",left,210.52180619238052,0.07807216514108871,0.14480770802389945,0.29504379277605547,0.2686775261292998,same
109,NGIQ-BR-00000121,PhG_L_6_1,left,4,CA1_HIPPOCAMPUS_LEFT.nii.gz,JULICH_BRAIN_CYTOARCHITECTONIC_ATLAS_V3_1_CA1_HIPPOCAMPUS,CA1 (Hippocampus) left,left,46.685603079387654,0.017556572851713803,0.032112754977324104,0.07013243629679822,0.0655898641897786,same
109,NGIQ-BR-00000121,PhG_L_6_1,left,5,FRONTAL_TO_TEMPORAL_II_GAPMAP_LEFT.nii.gz,JULICH_BRAIN_CYTOARCHITECTONIC_ATLAS_V3_1_FRONTAL_TO_TEMPORAL_II_GAPMAP,Frontal-to-Temporal-II (GapMap) left,left,29.957258518758923,0.002511244641922595,0.020606140633320884,0.01506598564575826,0.00661379784314273,same
109,NGIQ-BR-00000121,PhG_L_6_1,left,6,TRS_HIPPOCAMPUS_TRANSSUBICULUM_LEFT.nii.gz,JULICH_BRAIN_CYTOARCHITECTONIC_ATLAS_V3_1_TRS_HIPPOCAMPUS_TRANSSUBICULUM,"TrS (Hippocampus, Transsubiculum) left",left,11.683408149048043,0.030733487208851298,0.008036448036291976,0.05032231568868823,0.04049589083601558,same
109,NGIQ-BR-00000121,PhG_L_6_1,left,7,AREA_PIRT_PIRIFORMCORTEXMESIAL_TEMPORAL_LEFT.nii.gz,JULICH_BRAIN_CYTOARCHITECTONIC_ATLAS_V3_1_AREA_PIRT_PIRIFORMCORTEXMESIAL_TEMPORAL,"Area PirT (PiriformCortexMesial, temporal) left",left,8.400344984071845,0.008995549613795503,0.0057781886150164085,0.020944242885284212,0.02075039803841233,same
109,NGIQ-BR-00000121,PhG_L_6_1,left,8,AREA_PH2_PHG_LEFT.nii.gz,JULICH_BRAIN_CYTOARCHITECTONIC_ATLAS_V3_1_AREA_PH2_PHG,Area Ph2 (PhG) left,left,7.368498986979572,0.005831931104434158,0.005068431955718018,0.014568207512324183,0.014502188854452955,same
109,NGIQ-BR-00000121,PhG_L_6_1,left,9,DG_HIPPOCAMPUS_LEFT.nii.gz,JULICH_BRAIN_CYTOARCHITECTONIC_ATLAS_V3_1_DG_HIPPOCAMPUS,DG (Hippocampus) left,left,5.987213767291459,0.004378570779820917,0.004118313056360202,0.01369956831801436,0.013681960107021565,same
109,NGIQ-BR-00000121,PhG_L_6_1,left,10,AREA_COS1_COS_LEFT.nii.gz,JULICH_BRAIN_CYTOARCHITECTONIC_ATLAS_V3_1_AREA_COS1_COS,Area CoS1 (CoS) left,left,3.72472960366108,0.00665137843121907,0.0025620602761788863,0.011927209905185749,0.011087325461380354,same
110,NGIQ-BR-00000122,PhG_R_6_1,right,1,TEMPORAL_TO_PARIETAL_GAPMAP_RIGHT.nii.gz,JULICH_BRAIN_CYTOARCHITECTONIC_ATLAS_V3_1_TEMPORAL_TO_PARIETAL_GAPMAP,Temporal-to-Parietal (GapMap) right,right,617.400834009191,0.00813501733977732,0.4767106913872827,0.11223723298578596,0.01929543968370936,same
110,NGIQ-BR-00000122,PhG_R_6_1,right,2,AREA_EC_HIPPOCAMPAL_REGION_ENTORHINAL_CORTEX_RIGHT.nii.gz,JULICH_BRAIN_CYTOARCHITECTONIC_ATLAS_V3_1_AREA_EC_HIPPOCAMPAL_REGION_ENTORHINAL_CORTEX,"Area EC (Hippocampal Region, Entorhinal Cortex) right",right,542.8224774600085,0.19496700800681901,0.4191268690878803,0.6731012176963634,0.5895193528634538,same
110,NGIQ-BR-00000122,PhG_R_6_1,right,3,SUBC_HIPPOCAMPUS_SUBICULAR_COMPLEX_RIGHT.nii.gz,JULICH_BRAIN_CYTOARCHITECTONIC_ATLAS_V3_1_SUBC_HIPPOCAMPUS_SUBICULAR_COMPLEX,"Subc (Hippocampus, Subicular complex) right",right,155.8915135941963,0.0603485390041244,0.12036775322171496,0.22104214108337616,0.20505761123110128,same
110,NGIQ-BR-00000122,PhG_R_6_1,right,4,TRS_HIPPOCAMPUS_TRANSSUBICULUM_RIGHT.nii.gz,JULICH_BRAIN_CYTOARCHITECTONIC_ATLAS_V3_1_TRS_HIPPOCAMPUS_TRANSSUBICULUM,"TrS (Hippocampus, Transsubiculum) right",right,24.449835781158693,0.05694079373469112,0.018878332320762907,0.08987567973784012,0.07740498109434418,same
110,NGIQ-BR-00000122,PhG_R_6_1,right,5,FRONTAL_TO_TEMPORAL_II_GAPMAP_RIGHT.nii.gz,JULICH_BRAIN_CYTOARCHITECTONIC_ATLAS_V3_1_FRONTAL_TO_TEMPORAL_II_GAPMAP,Frontal-to-Temporal-II (GapMap) right,right,16.791349364765047,0.00171002289909994,0.012965022598079927,0.009445919842185036,0.004723612486350835,same
110,NGIQ-BR-00000122,PhG_R_6_1,right,6,CA1_HIPPOCAMPUS_RIGHT.nii.gz,JULICH_BRAIN_CYTOARCHITECTONIC_ATLAS_V3_1_CA1_HIPPOCAMPUS,CA1 (Hippocampus) right,right,13.383218716944612,0.0046944190737590215,0.010333519321820212,0.018238783436733054,0.016660100523662565,same
110,NGIQ-BR-00000122,PhG_R_6_1,right,7,AREA_FG5_FUSG_RIGHT.nii.gz,JULICH_BRAIN_CYTOARCHITECTONIC_ATLAS_V3_1_AREA_FG5_FUSG,Area FG5 (FusG) right,right,4.322871308842429,0.004052565430033005,0.003337797516460505,0.009135069816016991,0.00913486578662751,same
110,NGIQ-BR-00000122,PhG_R_6_1,right,8,AREA_PH2_PHG_RIGHT.nii.gz,JULICH_BRAIN_CYTOARCHITECTONIC_ATLAS_V3_1_AREA_PH2_PHG,Area Ph2 (PhG) right,right,4.270946268732896,0.0037995077755364286,0.0032977048887745507,0.00877764995086507,0.008775688189431231,same
110,NGIQ-BR-00000122,PhG_R_6_1,right,9,AREA_COS1_COS_RIGHT.nii.gz,JULICH_BRAIN_CYTOARCHITECTONIC_ATLAS_V3_1_AREA_COS1_COS,Area CoS1 (CoS) right,right,2.562765487838743,0.004445286884316327,0.001978775602938183,0.00793271736909011,0.007369833065056395,same
110,NGIQ-BR-00000122,PhG_R_6_1,right,10,DG_HIPPOCAMPUS_RIGHT.nii.gz,JULICH_BRAIN_CYTOARCHITECTONIC_ATLAS_V3_1_DG_HIPPOCAMPUS,DG (Hippocampus) right,right,1.8826044756918374,0.0014556675838734753,0.0014536062016438556,0.004585419810124445,0.0045351816210349675,same
111,NGIQ-BR-00000123,PhG_L_6_2,left,1,TEMPORAL_TO_PARIETAL_GAPMAP_LEFT.nii.gz,JULICH_BRAIN_CYTOARCHITECTONIC_ATLAS_V3_1_TEMPORAL_TO_PARIETAL_GAPMAP,Temporal-to-Parietal (GapMap) left,left,420.7010532568873,0.006538471702060199,0.2817910719939206,0.08237816952117608,0.015053271670881559,same
111,NGIQ-BR-00000123,PhG_L_6_2,left,2,AREA_EC_HIPPOCAMPAL_REGION_ENTORHINAL_CORTEX_LEFT.nii.gz,JULICH_BRAIN_CYTOARCHITECTONIC_ATLAS_V3_1_AREA_EC_HIPPOCAMPAL_REGION_ENTORHINAL_CORTEX,"Area EC (Hippocampal Region, Entorhinal Cortex) left",left,313.0790313279846,0.1262854699095147,0.20970443304989927,0.44231760247759605,0.40785578497040664,same
111,NGIQ-BR-00000123,PhG_L_6_2,left,3,SUBC_HIPPOCAMPUS_SUBICULAR_COMPLEX_LEFT.nii.gz,JULICH_BRAIN_CYTOARCHITECTONIC_ATLAS_V3_1_SUBC_HIPPOCAMPUS_SUBICULAR_COMPLEX,"Subc (Hippocampus, Subicular complex) left",left,152.39239107620878,0.056514829211919235,0.10207441819467002,0.21111359514185452,0.19316030587497915,same
111,NGIQ-BR-00000123,PhG_L_6_2,left,4,TRS_HIPPOCAMPUS_TRANSSUBICULUM_LEFT.nii.gz,JULICH_BRAIN_CYTOARCHITECTONIC_ATLAS_V3_1_TRS_HIPPOCAMPUS_TRANSSUBICULUM,"TrS (Hippocampus, Transsubiculum) left",left,38.251419298333495,0.10062128196912536,0.02562130131579336,0.162855393697664,0.13014988946301956,same
111,NGIQ-BR-00000123,PhG_L_6_2,left,5,CA1_HIPPOCAMPUS_LEFT.nii.gz,JULICH_BRAIN_CYTOARCHITECTONIC_ATLAS_V3_1_CA1_HIPPOCAMPUS,CA1 (Hippocampus) left,left,24.490494330357777,0.009209887406921975,0.01640405365659629,0.03636612501008648,0.03414855695675076,same
111,NGIQ-BR-00000123,PhG_L_6_2,left,6,FRONTAL_TO_TEMPORAL_II_GAPMAP_LEFT.nii.gz,JULICH_BRAIN_CYTOARCHITECTONIC_ATLAS_V3_1_FRONTAL_TO_TEMPORAL_II_GAPMAP,Frontal-to-Temporal-II (GapMap) left,left,24.29124041344607,0.002036276026249922,0.016270590775030236,0.012075599419576396,0.005356506475602436,same
111,NGIQ-BR-00000123,PhG_L_6_2,left,7,AREA_PH2_PHG_LEFT.nii.gz,JULICH_BRAIN_CYTOARCHITECTONIC_ATLAS_V3_1_AREA_PH2_PHG,Area Ph2 (PhG) left,left,22.031687522605505,0.017437375505282564,0.014757112673638056,0.04305646568649291,0.04290577914782943,same
111,NGIQ-BR-00000123,PhG_L_6_2,left,8,AREA_FG5_FUSG_LEFT.nii.gz,JULICH_BRAIN_CYTOARCHITECTONIC_ATLAS_V3_1_AREA_FG5_FUSG,Area FG5 (FusG) left,left,14.156009767720102,0.012645339444026647,0.009481880629299218,0.02963431608676824,0.02963097271604419,same
111,NGIQ-BR-00000123,PhG_L_6_2,left,9,AREA_FG3_FUSG_LEFT.nii.gz,JULICH_BRAIN_CYTOARCHITECTONIC_ATLAS_V3_1_AREA_FG3_FUSG,Area FG3 (FusG) left,left,10.071971662205513,0.0036185675172381434,0.00674633845057724,0.013801501024134213,0.012571675228143819,same
111,NGIQ-BR-00000123,PhG_L_6_2,left,10,AREA_COS1_COS_LEFT.nii.gz,JULICH_BRAIN_CYTOARCHITECTONIC_ATLAS_V3_1_AREA_COS1_COS,Area CoS1 (CoS) left,left,6.0706321945917034,0.010840537794551118,0.004066188901957065,0.019215051641671668,0.017784751845178973,same
112,NGIQ-BR-00000124,PhG_R_6_2,right,1,TEMPORAL_TO_PARIETAL_GAPMAP_RIGHT.nii.gz,JULICH_BRAIN_CYTOARCHITECTONIC_ATLAS_V3_1_TEMPORAL_TO_PARIETAL_GAPMAP,Temporal-to-Parietal (GapMap) right,right,684.4048700268862,0.009017878140757224,0.4888521555496601,0.12097795605309375,0.02138031642337212,same
112,NGIQ-BR-00000124,PhG_R_6_2,right,2,AREA_EC_HIPPOCAMPAL_REGION_ENTORHINAL_CORTEX_RIGHT.nii.gz,JULICH_BRAIN_CYTOARCHITECTONIC_ATLAS_V3_1_AREA_EC_HIPPOCAMPAL_REGION_ENTORHINAL_CORTEX,"Area EC (Hippocampal Region, Entorhinal Cortex) right",right,269.1216045742595,0.09666112995054309,0.19222638859355543,0.3244849278625299,0.2879763746761315,same
112,NGIQ-BR-00000124,PhG_R_6_2,right,3,SUBC_HIPPOCAMPUS_SUBICULAR_COMPLEX_RIGHT.nii.gz,JULICH_BRAIN_CYTOARCHITECTONIC_ATLAS_V3_1_SUBC_HIPPOCAMPUS_SUBICULAR_COMPLEX,"Subc (Hippocampus, Subicular complex) right",right,78.26019879717518,0.03029599591852115,0.055899173941063696,0.10789888669299433,0.10111512862815746,same
112,NGIQ-BR-00000124,PhG_R_6_2,right,4,AREA_FG5_FUSG_RIGHT.nii.gz,JULICH_BRAIN_CYTOARCHITECTONIC_ATLAS_V3_1_AREA_FG5_FUSG,Area FG5 (FusG) right,right,36.82235966435627,0.034519885318531764,0.026301229992180333,0.07566143809632357,0.07561585368808503,same
112,NGIQ-BR-00000124,PhG_R_6_2,right,5,TRS_HIPPOCAMPUS_TRANSSUBICULUM_RIGHT.nii.gz,JULICH_BRAIN_CYTOARCHITECTONIC_ATLAS_V3_1_TRS_HIPPOCAMPUS_TRANSSUBICULUM,"TrS (Hippocampus, Transsubiculum) right",right,36.61972983026684,0.0852830465426759,0.026156496902876927,0.13088949417393722,0.11110102874222955,same
112,NGIQ-BR-00000124,PhG_R_6_2,right,6,AREA_COS1_COS_RIGHT.nii.gz,JULICH_BRAIN_CYTOARCHITECTONIC_ATLAS_V3_1_AREA_COS1_COS,Area CoS1 (CoS) right,right,19.737246181456932,0.03423556388569322,0.01409778884250266,0.059405011533738866,0.05460186098234893,same
112,NGIQ-BR-00000124,PhG_R_6_2,right,7,AREA_PH2_PHG_RIGHT.nii.gz,JULICH_BRAIN_CYTOARCHITECTONIC_ATLAS_V3_1_AREA_PH2_PHG,Area Ph2 (PhG) right,right,14.464655509230676,0.01286800807589717,0.010331717868537232,0.02890584413241464,0.028905157334238887,same
112,NGIQ-BR-00000124,PhG_R_6_2,right,8,AREA_FG3_FUSG_RIGHT.nii.gz,JULICH_BRAIN_CYTOARCHITECTONIC_ATLAS_V3_1_AREA_FG3_FUSG,Area FG3 (FusG) right,right,12.399305390326932,0.00648919934605057,0.008856493331413208,0.019735443094624945,0.019264506906690553,same
112,NGIQ-BR-00000124,PhG_R_6_2,right,9,FRONTAL_TO_TEMPORAL_II_GAPMAP_RIGHT.nii.gz,JULICH_BRAIN_CYTOARCHITECTONIC_ATLAS_V3_1_FRONTAL_TO_TEMPORAL_II_GAPMAP,Frontal-to-Temporal-II (GapMap) right,right,9.898077582109215,0.001008015434304041,0.0070699329793222744,0.0054141829092147825,0.0027737307003679918,same
112,NGIQ-BR-00000124,PhG_R_6_2,right,10,CA1_HIPPOCAMPUS_RIGHT.nii.gz,JULICH_BRAIN_CYTOARCHITECTONIC_ATLAS_V3_1_CA1_HIPPOCAMPUS,CA1 (Hippocampus) right,right,8.649720074346476,0.003034054195668007,0.006178264487041612,0.01146200928633937,0.010586549973345741,same
113,NGIQ-BR-00000125,PhG_L_6_3,left,1,TEMPORAL_TO_PARIETAL_GAPMAP_LEFT.nii.gz,JULICH_BRAIN_CYTOARCHITECTONIC_ATLAS_V3_1_TEMPORAL_TO_PARIETAL_GAPMAP,Temporal-to-Parietal (GapMap) left,left,437.3510887281914,0.006797244017757125,0.2547404648721466,0.07118889970213353,0.015590344278404162,same
113,NGIQ-BR-00000125,PhG_L_6_3,left,2,AREA_PH2_PHG_LEFT.nii.gz,JULICH_BRAIN_CYTOARCHITECTONIC_ATLAS_V3_1_AREA_PH2_PHG,Area Ph2 (PhG) left,left,209.56388762192702,0.16586310953534353,0.12206303706357469,0.3404478462783495,0.3387183278771044,same
113,NGIQ-BR-00000125,PhG_L_6_3,left,3,CA1_HIPPOCAMPUS_LEFT.nii.gz,JULICH_BRAIN_CYTOARCHITECTONIC_ATLAS_V3_1_CA1_HIPPOCAMPUS,CA1 (Hippocampus) left,left,202.86789840970837,0.07629043651096466,0.11816287664632337,0.2504126917347182,0.2466833691494508,same
113,NGIQ-BR-00000125,PhG_L_6_3,left,4,SUBC_HIPPOCAMPUS_SUBICULAR_COMPLEX_LEFT.nii.gz,JULICH_BRAIN_CYTOARCHITECTONIC_ATLAS_V3_1_SUBC_HIPPOCAMPUS_SUBICULAR_COMPLEX,"Subc (Hippocampus, Subicular complex) left",left,122.83997783183389,0.04555529523839759,0.07154964024158025,0.14146082221728232,0.13738196337514036,same
113,NGIQ-BR-00000125,PhG_L_6_3,left,5,FRONTAL_TO_TEMPORAL_II_GAPMAP_LEFT.nii.gz,JULICH_BRAIN_CYTOARCHITECTONIC_ATLAS_V3_1_FRONTAL_TO_TEMPORAL_II_GAPMAP,Frontal-to-Temporal-II (GapMap) left,left,120.80454855639483,0.010126753591025611,0.07036407968576336,0.04992129268507819,0.02603484451887556,same
113,NGIQ-BR-00000125,PhG_L_6_3,left,6,AREA_EC_HIPPOCAMPAL_REGION_ENTORHINAL_CORTEX_LEFT.nii.gz,JULICH_BRAIN_CYTOARCHITECTONIC_ATLAS_V3_1_AREA_EC_HIPPOCAMPAL_REGION_ENTORHINAL_CORTEX,"Area EC (Hippocampal Region, Entorhinal Cortex) left",left,109.68222179581635,0.04424209076363712,0.06388574508806319,0.12881309376907063,0.12566296309168776,same
113,NGIQ-BR-00000125,PhG_L_6_3,left,7,AREA_FG3_FUSG_LEFT.nii.gz,JULICH_BRAIN_CYTOARCHITECTONIC_ATLAS_V3_1_AREA_FG3_FUSG,Area FG3 (FusG) left,left,36.18095250258354,0.01299876765538039,0.02107403616354843,0.04121310666124806,0.03991850198798806,same
113,NGIQ-BR-00000125,PhG_L_6_3,left,8,AREA_COS1_COS_LEFT.nii.gz,JULICH_BRAIN_CYTOARCHITECTONIC_ATLAS_V3_1_AREA_COS1_COS,Area CoS1 (CoS) left,left,32.0449171941167,0.0572237165472759,0.01866495205615465,0.08431606291232958,0.07176176898454935,same
113,NGIQ-BR-00000125,PhG_L_6_3,left,9,AREA_PH1_PHG_LEFT.nii.gz,JULICH_BRAIN_CYTOARCHITECTONIC_ATLAS_V3_1_AREA_PH1_PHG,Area Ph1 (PhG) left,left,31.051486359634996,0.025530604675781277,0.018086316175013693,0.059439838063181,0.05741068970169593,same
113,NGIQ-BR-00000125,PhG_L_6_3,left,10,AREA_FG5_FUSG_LEFT.nii.gz,JULICH_BRAIN_CYTOARCHITECTONIC_ATLAS_V3_1_AREA_FG5_FUSG,Area FG5 (FusG) left,left,28.160243842037662,0.025155100063658578,0.016402276779724573,0.04900427819169661,0.04830642091275824,same
114,NGIQ-BR-00000126,PhG_R_6_3,right,1,TEMPORAL_TO_PARIETAL_GAPMAP_RIGHT.nii.gz,JULICH_BRAIN_CYTOARCHITECTONIC_ATLAS_V3_1_TEMPORAL_TO_PARIETAL_GAPMAP,Temporal-to-Parietal (GapMap) right,right,571.292466396891,0.0075274827376628954,0.3905726434373067,0.09322561576256357,0.01782244899252884,same
114,NGIQ-BR-00000126,PhG_R_6_3,right,2,AREA_PH2_PHG_RIGHT.nii.gz,JULICH_BRAIN_CYTOARCHITECTONIC_ATLAS_V3_1_AREA_PH2_PHG,Area Ph2 (PhG) right,right,203.89175281661616,0.18138563481022651,0.13939364783663646,0.37614979804609655,0.37473622676014773,same
114,NGIQ-BR-00000126,PhG_R_6_3,right,3,CA1_HIPPOCAMPUS_RIGHT.nii.gz,JULICH_BRAIN_CYTOARCHITECTONIC_ATLAS_V3_1_CA1_HIPPOCAMPUS,CA1 (Hippocampus) right,right,137.53974661767438,0.04824468788696593,0.09403110591142007,0.1682559902760513,0.15979535666311398,same
114,NGIQ-BR-00000126,PhG_R_6_3,right,4,SUBC_HIPPOCAMPUS_SUBICULAR_COMPLEX_RIGHT.nii.gz,JULICH_BRAIN_CYTOARCHITECTONIC_ATLAS_V3_1_SUBC_HIPPOCAMPUS_SUBICULAR_COMPLEX,"Subc (Hippocampus, Subicular complex) right",right,96.600753204443,0.03739596972392959,0.0660425504559034,0.12295328641961713,0.11814474837070482,same
114,NGIQ-BR-00000126,PhG_R_6_3,right,5,AREA_COS1_COS_RIGHT.nii.gz,JULICH_BRAIN_CYTOARCHITECTONIC_ATLAS_V3_1_AREA_COS1_COS,Area CoS1 (CoS) right,right,83.95209875813285,0.14562048899569047,0.057395108570002004,0.23326613639313717,0.2072113903029487,same
114,NGIQ-BR-00000126,PhG_R_6_3,right,6,AREA_EC_HIPPOCAMPAL_REGION_ENTORHINAL_CORTEX_RIGHT.nii.gz,JULICH_BRAIN_CYTOARCHITECTONIC_ATLAS_V3_1_AREA_EC_HIPPOCAMPAL_REGION_ENTORHINAL_CORTEX,"Area EC (Hippocampal Region, Entorhinal Cortex) right",right,65.49188327398147,0.0235228957179665,0.04477450601674113,0.07289824222930177,0.06695122432452966,same
114,NGIQ-BR-00000126,PhG_R_6_3,right,7,TRS_HIPPOCAMPUS_TRANSSUBICULUM_RIGHT.nii.gz,JULICH_BRAIN_CYTOARCHITECTONIC_ATLAS_V3_1_TRS_HIPPOCAMPUS_TRANSSUBICULUM,"TrS (Hippocampus, Transsubiculum) right",right,33.962461045231834,0.07909457987399952,0.023218944705735645,0.11206562530317375,0.09098296822875149,same
114,NGIQ-BR-00000126,PhG_R_6_3,right,8,AREA_FG5_FUSG_RIGHT.nii.gz,JULICH_BRAIN_CYTOARCHITECTONIC_ATLAS_V3_1_AREA_FG5_FUSG,Area FG5 (FusG) right,right,31.281941644179756,0.029325905453673917,0.02138636750608015,0.059339009058827615,0.058951081007933476,same
114,NGIQ-BR-00000126,PhG_R_6_3,right,9,AREA_FG3_FUSG_RIGHT.nii.gz,JULICH_BRAIN_CYTOARCHITECTONIC_ATLAS_V3_1_AREA_FG3_FUSG,Area FG3 (FusG) right,right,19.27838779156839,0.010089379808932698,0.013179958294306232,0.028327213044600546,0.02804900394651696,same
114,NGIQ-BR-00000126,PhG_R_6_3,right,10,AREA_PH3_PHG_RIGHT.nii.gz,JULICH_BRAIN_CYTOARCHITECTONIC_ATLAS_V3_1_AREA_PH3_PHG,Area Ph3 (PhG) right,right,10.056013660293559,0.012538286829444915,0.006874944216425074,0.023225033849191057,0.022142121001154733,same
115,NGIQ-BR-00000127,PhG_L_6_4,left,1,AREA_EC_HIPPOCAMPAL_REGION_ENTORHINAL_CORTEX_LEFT.nii.gz,JULICH_BRAIN_CYTOARCHITECTONIC_ATLAS_V3_1_AREA_EC_HIPPOCAMPAL_REGION_ENTORHINAL_CORTEX,"Area EC (Hippocampal Region, Entorhinal Cortex) left",left,373.9250832928862,0.15082870498959436,0.2446945896482664,0.4585265507526386,0.4426966850331168,same
115,NGIQ-BR-00000127,PhG_L_6_4,left,2,TEMPORAL_TO_PARIETAL_GAPMAP_LEFT.nii.gz,JULICH_BRAIN_CYTOARCHITECTONIC_ATLAS_V3_1_TEMPORAL_TO_PARIETAL_GAPMAP,Temporal-to-Parietal (GapMap) left,left,273.54111968364845,0.004251334425134618,0.17900385671771027,0.0464901348917496,0.009760780123808497,same
115,NGIQ-BR-00000127,PhG_L_6_4,left,3,SUBC_HIPPOCAMPUS_SUBICULAR_COMPLEX_LEFT.nii.gz,JULICH_BRAIN_CYTOARCHITECTONIC_ATLAS_V3_1_SUBC_HIPPOCAMPUS_SUBICULAR_COMPLEX,"Subc (Hippocampus, Subicular complex) left",left,204.44071964915727,0.07581698976792131,0.133784921731937,0.24582155814853845,0.2360819067750212,same
115,NGIQ-BR-00000127,PhG_L_6_4,left,4,AREA_PIRT_PIRIFORMCORTEXMESIAL_TEMPORAL_LEFT.nii.gz,JULICH_BRAIN_CYTOARCHITECTONIC_ATLAS_V3_1_AREA_PIRT_PIRIFORMCORTEXMESIAL_TEMPORAL,"Area PirT (PiriformCortexMesial, temporal) left",left,31.428925760312932,0.033655815507728025,0.020566922187410023,0.06722955738973677,0.06450219659908421,same
115,NGIQ-BR-00000127,PhG_L_6_4,left,5,TRS_HIPPOCAMPUS_TRANSSUBICULUM_LEFT.nii.gz,JULICH_BRAIN_CYTOARCHITECTONIC_ATLAS_V3_1_TRS_HIPPOCAMPUS_TRANSSUBICULUM,"TrS (Hippocampus, Transsubiculum) left",left,25.88195358316175,0.06808310376908272,0.01693701303896381,0.09564258256618273,0.0697751056726758,same
115,NGIQ-BR-00000127,PhG_L_6_4,left,6,CA1_HIPPOCAMPUS_LEFT.nii.gz,JULICH_BRAIN_CYTOARCHITECTONIC_ATLAS_V3_1_CA1_HIPPOCAMPUS,CA1 (Hippocampus) left,left,24.625834729581786,0.009260783473846844,0.01611501552887581,0.03173876942764192,0.031006853134688667,same
115,NGIQ-BR-00000127,PhG_L_6_4,left,7,FRONTAL_TO_TEMPORAL_II_GAPMAP_LEFT.nii.gz,JULICH_BRAIN_CYTOARCHITECTONIC_ATLAS_V3_1_FRONTAL_TO_TEMPORAL_II_GAPMAP,Frontal-to-Temporal-II (GapMap) left,left,11.47776934543318,0.0009621536881251506,0.007510991333679419,0.004952404920278287,0.0024887102969477818,same
115,NGIQ-BR-00000127,PhG_L_6_4,left,8,SF_AMYGDALA_LEFT.nii.gz,JULICH_BRAIN_CYTOARCHITECTONIC_ATLAS_V3_1_SF_AMYGDALA,SF (Amygdala) left,left,10.069710889616266,0.01794697076428662,0.006589565354409078,0.03135028274082457,0.02549943723929714,same
115,NGIQ-BR-00000127,PhG_L_6_4,left,9,DG_HIPPOCAMPUS_LEFT.nii.gz,JULICH_BRAIN_CYTOARCHITECTONIC_ATLAS_V3_1_DG_HIPPOCAMPUS,DG (Hippocampus) left,left,9.35902646428015,0.006844445746690985,0.00612449723890418,0.01837282610824957,0.01799727777210951,same
115,NGIQ-BR-00000127,PhG_L_6_4,left,10,CA2_HIPPOCAMPUS_LEFT.nii.gz,JULICH_BRAIN_CYTOARCHITECTONIC_ATLAS_V3_1_CA2_HIPPOCAMPUS,CA2 (Hippocampus) left,left,8.654966365743595,0.010829542281193878,0.005663764047693849,0.023162685542311927,0.020408880939680647,same
116,NGIQ-BR-00000128,PhG_R_6_4,right,1,AREA_EC_HIPPOCAMPAL_REGION_ENTORHINAL_CORTEX_RIGHT.nii.gz,JULICH_BRAIN_CYTOARCHITECTONIC_ATLAS_V3_1_AREA_EC_HIPPOCAMPAL_REGION_ENTORHINAL_CORTEX,"Area EC (Hippocampal Region, Entorhinal Cortex) right",right,451.1293144276128,0.1620333282248783,0.31899820361839937,0.4966150351852817,0.4580806608336321,same
116,NGIQ-BR-00000128,PhG_R_6_4,right,2,TEMPORAL_TO_PARIETAL_GAPMAP_RIGHT.nii.gz,JULICH_BRAIN_CYTOARCHITECTONIC_ATLAS_V3_1_TEMPORAL_TO_PARIETAL_GAPMAP,Temporal-to-Parietal (GapMap) right,right,178.5052074545852,0.0023520262330289964,0.1262228782157301,0.0288082509543705,0.0055676261030448634,same
116,NGIQ-BR-00000128,PhG_R_6_4,right,3,SUBC_HIPPOCAMPUS_SUBICULAR_COMPLEX_RIGHT.nii.gz,JULICH_BRAIN_CYTOARCHITECTONIC_ATLAS_V3_1_SUBC_HIPPOCAMPUS_SUBICULAR_COMPLEX,"Subc (Hippocampus, Subicular complex) right",right,168.35612571951478,0.06517382495890821,0.1190463575633945,0.21192285194609942,0.20424886039779735,same
116,NGIQ-BR-00000128,PhG_R_6_4,right,4,CA1_HIPPOCAMPUS_RIGHT.nii.gz,JULICH_BRAIN_CYTOARCHITECTONIC_ATLAS_V3_1_CA1_HIPPOCAMPUS,CA1 (Hippocampus) right,right,31.188432680421077,0.010939937271610523,0.022053663285771925,0.03773332738263611,0.03595844899197491,same
116,NGIQ-BR-00000128,PhG_R_6_4,right,5,FRONTAL_TO_TEMPORAL_II_GAPMAP_RIGHT.nii.gz,JULICH_BRAIN_CYTOARCHITECTONIC_ATLAS_V3_1_FRONTAL_TO_TEMPORAL_II_GAPMAP,Frontal-to-Temporal-II (GapMap) right,right,18.805342678771908,0.0019151270042418852,0.013297452284979415,0.009391526142112012,0.005196560849678271,same
116,NGIQ-BR-00000128,PhG_R_6_4,right,6,DG_HIPPOCAMPUS_RIGHT.nii.gz,JULICH_BRAIN_CYTOARCHITECTONIC_ATLAS_V3_1_DG_HIPPOCAMPUS,DG (Hippocampus) right,right,18.673525701802237,0.014438745042690096,0.013204243137369301,0.04037779527499768,0.038972355208865,same
116,NGIQ-BR-00000128,PhG_R_6_4,right,7,TRS_HIPPOCAMPUS_TRANSSUBICULUM_RIGHT.nii.gz,JULICH_BRAIN_CYTOARCHITECTONIC_ATLAS_V3_1_TRS_HIPPOCAMPUS_TRANSSUBICULUM,"TrS (Hippocampus, Transsubiculum) right",right,15.033798685652465,0.035011950087136305,0.010630554523747993,0.049060416837946465,0.03957243162101865,same
116,NGIQ-BR-00000128,PhG_R_6_4,right,8,SF_AMYGDALA_RIGHT.nii.gz,JULICH_BRAIN_CYTOARCHITECTONIC_ATLAS_V3_1_SF_AMYGDALA,SF (Amygdala) right,right,7.664855639251866,0.009038683004357227,0.005419898689177368,0.01729019572954064,0.016491015296449297,same
116,NGIQ-BR-00000128,PhG_R_6_4,right,9,CA3_HIPPOCAMPUS_RIGHT.nii.gz,JULICH_BRAIN_CYTOARCHITECTONIC_ATLAS_V3_1_CA3_HIPPOCAMPUS,CA3 (Hippocampus) right,right,7.507030030963363,0.009590542436789898,0.005308298569391554,0.022501480422942755,0.019038825466613743,same
116,NGIQ-BR-00000128,PhG_R_6_4,right,10,AREA_PH2_PHG_RIGHT.nii.gz,JULICH_BRAIN_CYTOARCHITECTONIC_ATLAS_V3_1_AREA_PH2_PHG,Area Ph2 (PhG) right,right,4.362138164972337,0.003880633665919138,0.0030845130078212104,0.007958841002731537,0.007920846030242255,same
117,NGIQ-BR-00000129,PhG_L_6_5,left,1,TEMPORAL_TO_PARIETAL_GAPMAP_LEFT.nii.gz,JULICH_BRAIN_CYTOARCHITECTONIC_ATLAS_V3_1_TEMPORAL_TO_PARIETAL_GAPMAP,Temporal-to-Parietal (GapMap) left,left,681.8124075013769,0.010596624605641649,0.4705919339372299,0.1298851333816282,0.0243845928276021,same
117,NGIQ-BR-00000129,PhG_L_6_5,left,2,AREA_EC_HIPPOCAMPAL_REGION_ENTORHINAL_CORTEX_LEFT.nii.gz,JULICH_BRAIN_CYTOARCHITECTONIC_ATLAS_V3_1_AREA_EC_HIPPOCAMPAL_REGION_ENTORHINAL_CORTEX,"Area EC (Hippocampal Region, Entorhinal Cortex) left",left,375.16464946678144,0.15132870397097073,0.2589413979491112,0.5156537224912552,0.48040998074925156,same
117,NGIQ-BR-00000129,PhG_L_6_5,left,3,AREA_PIRT_PIRIFORMCORTEXMESIAL_TEMPORAL_LEFT.nii.gz,JULICH_BRAIN_CYTOARCHITECTONIC_ATLAS_V3_1_AREA_PIRT_PIRIFORMCORTEXMESIAL_TEMPORAL,"Area PirT (PiriformCortexMesial, temporal) left",left,137.76794327065554,0.14752946113899112,0.09508844682935964,0.33032028787094125,0.32528759447477407,same
117,NGIQ-BR-00000129,PhG_L_6_5,left,4,SUBC_HIPPOCAMPUS_SUBICULAR_COMPLEX_LEFT.nii.gz,JULICH_BRAIN_CYTOARCHITECTONIC_ATLAS_V3_1_SUBC_HIPPOCAMPUS_SUBICULAR_COMPLEX,"Subc (Hippocampus, Subicular complex) left",left,131.01101634255193,0.04858553082073919,0.09042476621049028,0.17656992817959824,0.1633051486654323,same
117,NGIQ-BR-00000129,PhG_L_6_5,left,5,FRONTAL_TO_TEMPORAL_II_GAPMAP_LEFT.nii.gz,JULICH_BRAIN_CYTOARCHITECTONIC_ATLAS_V3_1_FRONTAL_TO_TEMPORAL_II_GAPMAP,Frontal-to-Temporal-II (GapMap) left,left,40.717373872966775,0.0034132391289282424,0.028103430657627004,0.01969222419937938,0.008952399842958888,same
117,NGIQ-BR-00000129,PhG_L_6_5,left,6,CA1_HIPPOCAMPUS_LEFT.nii.gz,JULICH_BRAIN_CYTOARCHITECTONIC_ATLAS_V3_1_CA1_HIPPOCAMPUS,CA1 (Hippocampus) left,left,38.95706442545753,0.014650181095688317,0.02688845214137042,0.056278395334639714,0.05333083321145515,same
117,NGIQ-BR-00000129,PhG_L_6_5,left,7,SF_AMYGDALA_LEFT.nii.gz,JULICH_BRAIN_CYTOARCHITECTONIC_ATLAS_V3_1_SF_AMYGDALA,SF (Amygdala) left,left,30.618612850373726,0.05457071763950202,0.021133191589364837,0.10684798347358426,0.09245522173520745,same
117,NGIQ-BR-00000129,PhG_L_6_5,left,8,LB_AMYGDALA_LEFT.nii.gz,JULICH_BRAIN_CYTOARCHITECTONIC_ATLAS_V3_1_LB_AMYGDALA,LB (Amygdala) left,left,27.441412907318938,0.03793349454478884,0.01894026484110177,0.06561662882512267,0.06464720362235567,same
117,NGIQ-BR-00000129,PhG_L_6_5,left,9,TRS_HIPPOCAMPUS_TRANSSUBICULUM_LEFT.nii.gz,JULICH_BRAIN_CYTOARCHITECTONIC_ATLAS_V3_1_TRS_HIPPOCAMPUS_TRANSSUBICULUM,"TrS (Hippocampus, Transsubiculum) left",left,9.323021695858749,0.024524433656874702,0.00643481808445098,0.03861600071973934,0.030347693183341632,same
117,NGIQ-BR-00000129,PhG_L_6_5,left,10,AREA_PH2_PHG_LEFT.nii.gz,JULICH_BRAIN_CYTOARCHITECTONIC_ATLAS_V3_1_AREA_PH2_PHG,Area Ph2 (PhG) left,left,8.919605854816794,0.007059582544004943,0.006156377506473578,0.016958689339204636,0.01693186395104429,same
118,NGIQ-BR-00000130,PhG_R_6_5,right,1,AREA_EC_HIPPOCAMPAL_REGION_ENTORHINAL_CORTEX_RIGHT.nii.gz,JULICH_BRAIN_CYTOARCHITECTONIC_ATLAS_V3_1_AREA_EC_HIPPOCAMPAL_REGION_ENTORHINAL_CORTEX,"Area EC (Hippocampal Region, Entorhinal Cortex) right",right,510.31145218809667,0.18328993568999383,0.36778555237400024,0.6374292970728752,0.5562997963012632,same
118,NGIQ-BR-00000130,PhG_R_6_5,right,2,TEMPORAL_TO_PARIETAL_GAPMAP_RIGHT.nii.gz,JULICH_BRAIN_CYTOARCHITECTONIC_ATLAS_V3_1_TEMPORAL_TO_PARIETAL_GAPMAP,Temporal-to-Parietal (GapMap) right,right,488.384060134468,0.006435062246134902,0.3519823052315227,0.08943455961657264,0.015264966853121294,same
118,NGIQ-BR-00000130,PhG_R_6_5,right,3,SUBC_HIPPOCAMPUS_SUBICULAR_COMPLEX_RIGHT.nii.gz,JULICH_BRAIN_CYTOARCHITECTONIC_ATLAS_V3_1_SUBC_HIPPOCAMPUS_SUBICULAR_COMPLEX,"Subc (Hippocampus, Subicular complex) right",right,95.22154735188225,0.03686205317986008,0.06862693212264132,0.1360072287491591,0.12582523019384154,same
118,NGIQ-BR-00000130,PhG_R_6_5,right,4,CA1_HIPPOCAMPUS_RIGHT.nii.gz,JULICH_BRAIN_CYTOARCHITECTONIC_ATLAS_V3_1_CA1_HIPPOCAMPUS,CA1 (Hippocampus) right,right,18.191419566068532,0.006380987174750557,0.013110701836861053,0.0249733057263853,0.022743450600275977,same
118,NGIQ-BR-00000130,PhG_R_6_5,right,5,FRONTAL_TO_TEMPORAL_II_GAPMAP_RIGHT.nii.gz,JULICH_BRAIN_CYTOARCHITECTONIC_ATLAS_V3_1_FRONTAL_TO_TEMPORAL_II_GAPMAP,Frontal-to-Temporal-II (GapMap) right,right,16.496567449992792,0.0016800024514545082,0.011889208337096521,0.009348165605142938,0.004645203506222722,same
118,NGIQ-BR-00000130,PhG_R_6_5,right,6,TRS_HIPPOCAMPUS_TRANSSUBICULUM_RIGHT.nii.gz,JULICH_BRAIN_CYTOARCHITECTONIC_ATLAS_V3_1_TRS_HIPPOCAMPUS_TRANSSUBICULUM,"TrS (Hippocampus, Transsubiculum) right",right,15.58940072965509,0.03630588194292838,0.011235406013233066,0.057725780626923955,0.04990005020724826,same
118,NGIQ-BR-00000130,PhG_R_6_5,right,7,AREA_PH2_PHG_RIGHT.nii.gz,JULICH_BRAIN_CYTOARCHITECTONIC_ATLAS_V3_1_AREA_PH2_PHG,Area Ph2 (PhG) right,right,9.583503213620519,0.008525650449784844,0.006906907552214334,0.019840499181144177,0.01983247079676859,same
118,NGIQ-BR-00000130,PhG_R_6_5,right,8,SF_AMYGDALA_RIGHT.nii.gz,JULICH_BRAIN_CYTOARCHITECTONIC_ATLAS_V3_1_SF_AMYGDALA,SF (Amygdala) right,right,9.190844783394654,0.010838186190218053,0.006623915475442955,0.02352497940868737,0.023133467496818622,same
118,NGIQ-BR-00000130,PhG_R_6_5,right,9,DG_HIPPOCAMPUS_RIGHT.nii.gz,JULICH_BRAIN_CYTOARCHITECTONIC_ATLAS_V3_1_DG_HIPPOCAMPUS,DG (Hippocampus) right,right,5.217008682119201,0.004033895872130337,0.0037599399575809107,0.012800169711094244,0.012673265321866066,same
118,NGIQ-BR-00000130,PhG_R_6_5,right,10,LB_AMYGDALA_RIGHT.nii.gz,JULICH_BRAIN_CYTOARCHITECTONIC_ATLAS_V3_1_LB_AMYGDALA,LB (Amygdala) right,right,5.022620932591684,0.006804937365251231,0.003619843148998287,0.0125461284871427,0.012388556585690167,same
119,NGIQ-BR-00000131,PhG_L_6_6,left,1,AREA_PH2_PHG_LEFT.nii.gz,JULICH_BRAIN_CYTOARCHITECTONIC_ATLAS_V3_1_AREA_PH2_PHG,Area Ph2 (PhG) left,left,164.13900692531936,0.12991077037944873,0.11682218991214843,0.31414367536552146,0.31352342846434406,same
119,NGIQ-BR-00000131,PhG_L_6_6,left,2,SUBC_HIPPOCAMPUS_SUBICULAR_COMPLEX_LEFT.nii.gz,JULICH_BRAIN_CYTOARCHITECTONIC_ATLAS_V3_1_SUBC_HIPPOCAMPUS_SUBICULAR_COMPLEX,"Subc (Hippocampus, Subicular complex) left",left,160.14399647227356,0.059389517718235245,0.11397883245197396,0.21726485762034545,0.200434827317712,same
119,NGIQ-BR-00000131,PhG_L_6_6,left,3,TRS_HIPPOCAMPUS_TRANSSUBICULUM_LEFT.nii.gz,JULICH_BRAIN_CYTOARCHITECTONIC_ATLAS_V3_1_TRS_HIPPOCAMPUS_TRANSSUBICULUM,"TrS (Hippocampus, Transsubiculum) left",left,123.72704773172435,0.32546698620314096,0.08805990080079701,0.5158757908567625,0.40707303651773186,same
119,NGIQ-BR-00000131,PhG_L_6_6,left,4,TEMPORAL_TO_PARIETAL_GAPMAP_LEFT.nii.gz,JULICH_BRAIN_CYTOARCHITECTONIC_ATLAS_V3_1_TEMPORAL_TO_PARIETAL_GAPMAP,Temporal-to-Parietal (GapMap) left,left,121.09899136930316,0.001882102081956835,0.08618944169895607,0.023222285966657395,0.004331535033360179,same
119,NGIQ-BR-00000131,PhG_L_6_6,left,5,CA1_HIPPOCAMPUS_LEFT.nii.gz,JULICH_BRAIN_CYTOARCHITECTONIC_ATLAS_V3_1_CA1_HIPPOCAMPUS,CA1 (Hippocampus) left,left,86.17422099143033,0.0324066497802983,0.06133253392213269,0.12531491007748807,0.11849889666755979,same
119,NGIQ-BR-00000131,PhG_L_6_6,left,6,AREA_EC_HIPPOCAMPAL_REGION_ENTORHINAL_CORTEX_LEFT.nii.gz,JULICH_BRAIN_CYTOARCHITECTONIC_ATLAS_V3_1_AREA_EC_HIPPOCAMPAL_REGION_ENTORHINAL_CORTEX,"Area EC (Hippocampal Region, Entorhinal Cortex) left",left,69.26919068299027,0.027940843749733713,0.049300764642196994,0.09583987964242824,0.08907362480247663,same
119,NGIQ-BR-00000131,PhG_L_6_6,left,7,AREA_PH1_PHG_LEFT.nii.gz,JULICH_BRAIN_CYTOARCHITECTONIC_ATLAS_V3_1_AREA_PH1_PHG,Area Ph1 (PhG) left,left,46.035418379545696,0.03785042861137267,0.03276465777002892,0.10381729111526945,0.10328799998733947,same
119,NGIQ-BR-00000131,PhG_L_6_6,left,8,FRONTAL_TO_TEMPORAL_II_GAPMAP_LEFT.nii.gz,JULICH_BRAIN_CYTOARCHITECTONIC_ATLAS_V3_1_FRONTAL_TO_TEMPORAL_II_GAPMAP,Frontal-to-Temporal-II (GapMap) left,left,35.80568914760975,0.003001504458960288,0.025483881594583854,0.017431587779027796,0.007878136687323182,same
119,NGIQ-BR-00000131,PhG_L_6_6,left,9,AREA_FG3_FUSG_LEFT.nii.gz,JULICH_BRAIN_CYTOARCHITECTONIC_ATLAS_V3_1_AREA_FG3_FUSG,Area FG3 (FusG) left,left,24.993104661599958,0.008979298166888892,0.017788271502093785,0.03353960467072065,0.030809882867802677,same
119,NGIQ-BR-00000131,PhG_L_6_6,left,10,AREA_PH3_PHG_LEFT.nii.gz,JULICH_BRAIN_CYTOARCHITECTONIC_ATLAS_V3_1_AREA_PH3_PHG,Area Ph3 (PhG) left,left,16.738005569230825,0.02844816426618868,0.011912893235968853,0.058772509947834777,0.05103406935134958,same
120,NGIQ-BR-00000132,PhG_R_6_6,right,1,TEMPORAL_TO_PARIETAL_GAPMAP_RIGHT.nii.gz,JULICH_BRAIN_CYTOARCHITECTONIC_ATLAS_V3_1_TEMPORAL_TO_PARIETAL_GAPMAP,Temporal-to-Parietal (GapMap) right,right,493.81712469275345,0.006506649571507909,0.3431205884505725,0.08414795380086341,0.015417264773678167,same
120,NGIQ-BR-00000132,PhG_R_6_6,right,2,AREA_PH2_PHG_RIGHT.nii.gz,JULICH_BRAIN_CYTOARCHITECTONIC_ATLAS_V3_1_AREA_PH2_PHG,Area Ph2 (PhG) right,right,152.37846442627642,0.13555852122291043,0.10587763316970655,0.2935522518294778,0.2932742123142283,same
120,NGIQ-BR-00000132,PhG_R_6_6,right,3,SUBC_HIPPOCAMPUS_SUBICULAR_COMPLEX_RIGHT.nii.gz,JULICH_BRAIN_CYTOARCHITECTONIC_ATLAS_V3_1_SUBC_HIPPOCAMPUS_SUBICULAR_COMPLEX,"Subc (Hippocampus, Subicular complex) right",right,129.76230280350651,0.05023342971951203,0.09016317067647836,0.17246811740896353,0.16360782757197914,same
120,NGIQ-BR-00000132,PhG_R_6_6,right,4,TRS_HIPPOCAMPUS_TRANSSUBICULUM_RIGHT.nii.gz,JULICH_BRAIN_CYTOARCHITECTONIC_ATLAS_V3_1_TRS_HIPPOCAMPUS_TRANSSUBICULUM,"TrS (Hippocampus, Transsubiculum) right",right,118.49766380946951,0.2759671309619739,0.0823361242517071,0.4083040649528028,0.33976224461179877,same
120,NGIQ-BR-00000132,PhG_R_6_6,right,5,CA1_HIPPOCAMPUS_RIGHT.nii.gz,JULICH_BRAIN_CYTOARCHITECTONIC_ATLAS_V3_1_CA1_HIPPOCAMPUS,CA1 (Hippocampus) right,right,75.17393948425669,0.026368692227804198,0.052233357375029064,0.09603073988867618,0.08989872013837971,same
120,NGIQ-BR-00000132,PhG_R_6_6,right,6,AREA_EC_HIPPOCAMPAL_REGION_ENTORHINAL_CORTEX_RIGHT.nii.gz,JULICH_BRAIN_CYTOARCHITECTONIC_ATLAS_V3_1_AREA_EC_HIPPOCAMPAL_REGION_ENTORHINAL_CORTEX,"Area EC (Hippocampal Region, Entorhinal Cortex) right",right,71.34167868265396,0.02562398245560059,0.04957057490842238,0.08292272232634343,0.07480628493853309,same
120,NGIQ-BR-00000132,PhG_R_6_6,right,7,FRONTAL_TO_TEMPORAL_II_GAPMAP_RIGHT.nii.gz,JULICH_BRAIN_CYTOARCHITECTONIC_ATLAS_V3_1_FRONTAL_TO_TEMPORAL_II_GAPMAP,Frontal-to-Temporal-II (GapMap) right,right,64.81803661374343,0.006601037503083989,0.045037731081027384,0.03417922442555792,0.018066909374235225,same
120,NGIQ-BR-00000132,PhG_R_6_6,right,8,AREA_PH3_PHG_RIGHT.nii.gz,JULICH_BRAIN_CYTOARCHITECTONIC_ATLAS_V3_1_AREA_PH3_PHG,Area Ph3 (PhG) right,right,21.69786570203616,0.027053867760056586,0.015076399896897689,0.05232969069140582,0.050502392194244156,same
120,NGIQ-BR-00000132,PhG_R_6_6,right,9,AREA_PH1_PHG_RIGHT.nii.gz,JULICH_BRAIN_CYTOARCHITECTONIC_ATLAS_V3_1_AREA_PH1_PHG,Area Ph1 (PhG) right,right,16.660800198892424,0.012551813182145165,0.011576478988771838,0.02945161210200445,0.02942508672583577,same
120,NGIQ-BR-00000132,PhG_R_6_6,right,10,AREA_COS1_COS_RIGHT.nii.gz,JULICH_BRAIN_CYTOARCHITECTONIC_ATLAS_V3_1_AREA_COS1_COS,Area CoS1 (CoS) right,right,12.530072932581964,0.0217342433909967,0.008706312079863771,0.03635585705614858,0.03291889694618682,same
121,NGIQ-BR-00000133,pSTS_L_2_1,left,1,TEMPORAL_TO_PARIETAL_GAPMAP_LEFT.nii.gz,JULICH_BRAIN_CYTOARCHITECTONIC_ATLAS_V3_1_TEMPORAL_TO_PARIETAL_GAPMAP,Temporal-to-Parietal (GapMap) left,left,1943.1872163651892,0.03020071979294698,0.6693039203167788,0.20553676278202984,0.06813767939305086,same
121,NGIQ-BR-00000133,pSTS_L_2_1,left,2,AREA_TE_2_2_STG_LEFT.nii.gz,JULICH_BRAIN_CYTOARCHITECTONIC_ATLAS_V3_1_AREA_TE_2_2_STG,Area Te 2.2 (STG) left,left,84.2605112415036,0.03449637460088017,0.02902236594954817,0.06874630619979727,0.06623678303101209,same
121,NGIQ-BR-00000133,pSTS_L_2_1,left,3,AREA_TPJ_STG_SMG_LEFT.nii.gz,JULICH_BRAIN_CYTOARCHITECTONIC_ATLAS_V3_1_AREA_TPJ_STG_SMG,"Area TPJ (STG, SMG) left",left,58.91275845989229,0.02641169625860954,0.020291683612265528,0.05347092257229235,0.049811982473398846,same
121,NGIQ-BR-00000133,pSTS_L_2_1,left,4,AREA_STS1_STS_LEFT.nii.gz,JULICH_BRAIN_CYTOARCHITECTONIC_ATLAS_V3_1_AREA_STS1_STS,Area STS1 (STS) left,left,34.23373106315777,0.009812061637714873,0.011791334470849932,0.021444222418097122,0.021443119220925635,same
121,NGIQ-BR-00000133,pSTS_L_2_1,left,5,AREA_PGA_IPL_LEFT.nii.gz,JULICH_BRAIN_CYTOARCHITECTONIC_ATLAS_V3_1_AREA_PGA_IPL,Area PGa (IPL) left,left,7.0111874806896815,0.0018355801569233247,0.002414906411168786,0.0050995288493365445,0.005035310147924759,same
121,NGIQ-BR-00000133,pSTS_L_2_1,left,6,AREA_STS2_STS_LEFT.nii.gz,JULICH_BRAIN_CYTOARCHITECTONIC_ATLAS_V3_1_AREA_STS2_STS,Area STS2 (STS) left,left,5.454862229803927,0.0014010161315967083,0.001878851736182664,0.0034854142358343256,0.0034838485380462012,same
121,NGIQ-BR-00000133,pSTS_L_2_1,left,7,AREA_TE_3_STG_LEFT.nii.gz,JULICH_BRAIN_CYTOARCHITECTONIC_ATLAS_V3_1_AREA_TE_3_STG,Area Te 3 (STG) left,left,2.0568280615081296,0.0009597935564717425,0.0007084459353124083,0.001979582218168403,0.0018025705841759989,same
121,NGIQ-BR-00000133,pSTS_L_2_1,left,8,AREA_PFCM_IPL_LEFT.nii.gz,JULICH_BRAIN_CYTOARCHITECTONIC_ATLAS_V3_1_AREA_PFCM_IPL,Area PFcm (IPL) left,left,1.8819154916769227,0.0007756688867675472,0.0006481997234627377,0.0015223179326898043,0.0014700643735087219,same
121,NGIQ-BR-00000133,pSTS_L_2_1,left,9,AREA_PFM_IPL_LEFT.nii.gz,JULICH_BRAIN_CYTOARCHITECTONIC_ATLAS_V3_1_AREA_PFM_IPL,Area PFm (IPL) left,left,1.8673638838942979,0.0004358702156152047,0.0006431876237258729,0.0011484307213371178,0.0011483918154063496,same
121,NGIQ-BR-00000133,pSTS_L_2_1,left,10,AREA_TE_2_1_STG_LEFT.nii.gz,JULICH_BRAIN_CYTOARCHITECTONIC_ATLAS_V3_1_AREA_TE_2_1_STG,Area Te 2.1 (STG) left,left,0.3925609404152906,0.0002638537684653578,0.0001352121783070733,0.00040985350907989245,0.00035989228375661017,same
122,NGIQ-BR-00000134,pSTS_R_2_1,right,1,TEMPORAL_TO_PARIETAL_GAPMAP_RIGHT.nii.gz,JULICH_BRAIN_CYTOARCHITECTONIC_ATLAS_V3_1_TEMPORAL_TO_PARIETAL_GAPMAP,Temporal-to-Parietal (GapMap) right,right,2554.060672811425,0.033652898920209375,0.8107768617137201,0.2279652965483886,0.07799340110348933,same
122,NGIQ-BR-00000134,pSTS_R_2_1,right,2,AREA_STS1_STS_RIGHT.nii.gz,JULICH_BRAIN_CYTOARCHITECTONIC_ATLAS_V3_1_AREA_STS1_STS,Area STS1 (STS) right,right,123.89132072721746,0.04221610063012948,0.039328829296060255,0.08428134601384318,0.08072106938503096,same
122,NGIQ-BR-00000134,pSTS_R_2_1,right,3,AREA_STS2_STS_RIGHT.nii.gz,JULICH_BRAIN_CYTOARCHITECTONIC_ATLAS_V3_1_AREA_STS2_STS,Area STS2 (STS) right,right,89.70839902042123,0.020090381775496883,0.028477590607538964,0.04580432368282226,0.04580247604747071,same
122,NGIQ-BR-00000134,pSTS_R_2_1,right,4,AREA_PGA_IPL_RIGHT.nii.gz,JULICH_BRAIN_CYTOARCHITECTONIC_ATLAS_V3_1_AREA_PGA_IPL,Area PGa (IPL) right,right,27.54855967812969,0.006644778060023954,0.008745185656055966,0.016496600960490992,0.016265499125386006,same
122,NGIQ-BR-00000134,pSTS_R_2_1,right,5,AREA_PFM_IPL_RIGHT.nii.gz,JULICH_BRAIN_CYTOARCHITECTONIC_ATLAS_V3_1_AREA_PFM_IPL,Area PFm (IPL) right,right,20.32694607063249,0.006023711539104064,0.00645271183993845,0.013204909769875503,0.012803333872502994,same
122,NGIQ-BR-00000134,pSTS_R_2_1,right,6,AREA_TE_3_STG_RIGHT.nii.gz,JULICH_BRAIN_CYTOARCHITECTONIC_ATLAS_V3_1_AREA_TE_3_STG,Area Te 3 (STG) right,right,10.210588435939735,0.0036242410951608742,0.003241312524979649,0.006730704168299723,0.006502066788201912,same
122,NGIQ-BR-00000134,pSTS_R_2_1,right,7,AREA_PF_IPL_RIGHT.nii.gz,JULICH_BRAIN_CYTOARCHITECTONIC_ATLAS_V3_1_AREA_PF_IPL,Area PF (IPL) right,right,7.644020604687807,0.00250120374227284,0.0024265653133140673,0.005182950301930631,0.004968703665517288,same
122,NGIQ-BR-00000134,pSTS_R_2_1,right,8,AREA_TPJ_STG_SMG_RIGHT.nii.gz,JULICH_BRAIN_CYTOARCHITECTONIC_ATLAS_V3_1_AREA_TPJ_STG_SMG,"Area TPJ (STG, SMG) right",right,5.3292736141446095,0.0030551767691866846,0.0016917576712590981,0.00513692767874547,0.004228215364925134,same
122,NGIQ-BR-00000134,pSTS_R_2_1,right,9,AREA_TE_2_2_STG_RIGHT.nii.gz,JULICH_BRAIN_CYTOARCHITECTONIC_ATLAS_V3_1_AREA_TE_2_2_STG,Area Te 2.2 (STG) right,right,0.21395271356322068,8.64905539201429e-05,6.791847644988592e-05,0.0001475084880543266,0.00014072345224920934,same
122,NGIQ-BR-00000134,pSTS_R_2_1,right,10,AREA_PFCM_IPL_RIGHT.nii.gz,JULICH_BRAIN_CYTOARCHITECTONIC_ATLAS_V3_1_AREA_PFCM_IPL,Area PFcm (IPL) right,right,0.17749597836609998,9.111200768041108e-05,5.634542430351193e-05,0.0001451390823971904,0.00012989170822839762,same
123,NGIQ-BR-00000135,pSTS_L_2_2,left,1,TEMPORAL_TO_PARIETAL_GAPMAP_LEFT.nii.gz,JULICH_BRAIN_CYTOARCHITECTONIC_ATLAS_V3_1_TEMPORAL_TO_PARIETAL_GAPMAP,Temporal-to-Parietal (GapMap) left,left,2965.947785491022,0.04609630880429387,0.8340093395281777,0.266599377456728,0.10288160186190455,same
123,NGIQ-BR-00000135,pSTS_L_2_2,left,2,AREA_TPJ_STG_SMG_LEFT.nii.gz,JULICH_BRAIN_CYTOARCHITECTONIC_ATLAS_V3_1_AREA_TPJ_STG_SMG,"Area TPJ (STG, SMG) left",left,27.793904195121645,0.012460529342590699,0.007815503628916807,0.021437722152993742,0.018617273715566467,same
123,NGIQ-BR-00000135,pSTS_L_2_2,left,3,AREA_PGA_IPL_LEFT.nii.gz,JULICH_BRAIN_CYTOARCHITECTONIC_ATLAS_V3_1_AREA_PGA_IPL,Area PGa (IPL) left,left,26.8601749876437,0.0070321902466024214,0.0075529437539802605,0.01660229294845997,0.01577587102626646,same
123,NGIQ-BR-00000135,pSTS_L_2_2,left,4,AREA_TE_2_2_STG_LEFT.nii.gz,JULICH_BRAIN_CYTOARCHITECTONIC_ATLAS_V3_1_AREA_TE_2_2_STG,Area Te 2.2 (STG) left,left,15.298034284475097,0.006263037258601657,0.004301728955610137,0.010606733829310684,0.009668119350931013,same
123,NGIQ-BR-00000135,pSTS_L_2_2,left,5,AREA_PFM_IPL_LEFT.nii.gz,JULICH_BRAIN_CYTOARCHITECTONIC_ATLAS_V3_1_AREA_PFM_IPL,Area PFm (IPL) left,left,5.732351151882276,0.0013380151314388523,0.0016119078095413752,0.0029959143667440116,0.0029605038402019945,same
123,NGIQ-BR-00000135,pSTS_L_2_2,left,6,AREA_STS1_STS_LEFT.nii.gz,JULICH_BRAIN_CYTOARCHITECTONIC_ATLAS_V3_1_AREA_STS1_STS,Area STS1 (STS) left,left,4.749404470700827,0.0013612728721558319,0.001335508232861762,0.0025282265494324012,0.0024909065292043537,same
123,NGIQ-BR-00000135,pSTS_L_2_2,left,7,AREA_PGP_IPL_LEFT.nii.gz,JULICH_BRAIN_CYTOARCHITECTONIC_ATLAS_V3_1_AREA_PGP_IPL,Area PGp (IPL) left,left,2.152475093017349,0.00047571781021103955,0.0006052649812178179,0.0010937120015738237,0.001085039673668743,same
123,NGIQ-BR-00000135,pSTS_L_2_2,left,8,AREA_STS2_STS_LEFT.nii.gz,JULICH_BRAIN_CYTOARCHITECTONIC_ATLAS_V3_1_AREA_STS2_STS,Area STS2 (STS) left,left,1.7615107763973388,0.00045242297783986774,0.0004953278160801118,0.0009564817351061767,0.0009389894004547202,same
123,NGIQ-BR-00000135,pSTS_L_2_2,left,9,AREA_TE_3_STG_LEFT.nii.gz,JULICH_BRAIN_CYTOARCHITECTONIC_ATLAS_V3_1_AREA_TE_3_STG,Area Te 3 (STG) left,left,0.8367282336109566,0.0003904489549549083,0.00023528369747174199,0.0006843538916570167,0.0005765530930604574,same
123,NGIQ-BR-00000135,pSTS_L_2_2,left,10,AREA_PFCM_IPL_LEFT.nii.gz,JULICH_BRAIN_CYTOARCHITECTONIC_ATLAS_V3_1_AREA_PFCM_IPL,Area PFcm (IPL) left,left,0.44353956788843724,0.0001828136515071772,0.00012472105674915247,0.0003049006691421984,0.00027889159613896466,same
124,NGIQ-BR-00000136,pSTS_R_2_2,right,1,TEMPORAL_TO_PARIETAL_GAPMAP_RIGHT.nii.gz,JULICH_BRAIN_CYTOARCHITECTONIC_ATLAS_V3_1_TEMPORAL_TO_PARIETAL_GAPMAP,Temporal-to-Parietal (GapMap) right,right,1749.722523415335,0.023054751927288102,0.6938831270251928,0.18937738242632693,0.05395212203873123,same
124,NGIQ-BR-00000136,pSTS_R_2_2,right,2,AREA_PGA_IPL_RIGHT.nii.gz,JULICH_BRAIN_CYTOARCHITECTONIC_ATLAS_V3_1_AREA_PGA_IPL,Area PGa (IPL) right,right,82.86595922337256,0.01998746628512262,0.03286194818914562,0.06017181780944885,0.060153905101870506,same
124,NGIQ-BR-00000136,pSTS_R_2_2,right,3,AREA_PFM_IPL_RIGHT.nii.gz,JULICH_BRAIN_CYTOARCHITECTONIC_ATLAS_V3_1_AREA_PFM_IPL,Area PFm (IPL) right,right,66.08574144365686,0.01958392775388599,0.02620745878906317,0.05205859803028571,0.05197404351605269,same
124,NGIQ-BR-00000136,pSTS_R_2_2,right,4,AREA_PF_IPL_RIGHT.nii.gz,JULICH_BRAIN_CYTOARCHITECTONIC_ATLAS_V3_1_AREA_PF_IPL,Area PF (IPL) right,right,23.62212057417457,0.007729405693165155,0.0093677658437981,0.01942206823573399,0.019325662895998758,same
124,NGIQ-BR-00000136,pSTS_R_2_2,right,5,AREA_STS1_STS_RIGHT.nii.gz,JULICH_BRAIN_CYTOARCHITECTONIC_ATLAS_V3_1_AREA_STS1_STS,Area STS1 (STS) right,right,16.632437523786017,0.00566752095390518,0.00659588455004205,0.013720434950955105,0.013647767530583402,same
124,NGIQ-BR-00000136,pSTS_R_2_2,right,6,AREA_TPJ_STG_SMG_RIGHT.nii.gz,JULICH_BRAIN_CYTOARCHITECTONIC_ATLAS_V3_1_AREA_TPJ_STG_SMG,"Area TPJ (STG, SMG) right",right,16.511614905195433,0.009465812028532269,0.006547970223466792,0.019299514436091486,0.01748569931392045,same
124,NGIQ-BR-00000136,pSTS_R_2_2,right,7,AREA_TE_3_STG_RIGHT.nii.gz,JULICH_BRAIN_CYTOARCHITECTONIC_ATLAS_V3_1_AREA_TE_3_STG,Area Te 3 (STG) right,right,11.493485132710099,0.004079604364227293,0.004557942929565509,0.009187193594057114,0.009163663741505705,same
124,NGIQ-BR-00000136,pSTS_R_2_2,right,8,AREA_STS2_STS_RIGHT.nii.gz,JULICH_BRAIN_CYTOARCHITECTONIC_ATLAS_V3_1_AREA_STS2_STS,Area STS2 (STS) right,right,10.727704984853432,0.002402491751876484,0.004254259393177455,0.006642041562351078,0.006531414841335863,same
124,NGIQ-BR-00000136,pSTS_R_2_2,right,9,AREA_PFCM_IPL_RIGHT.nii.gz,JULICH_BRAIN_CYTOARCHITECTONIC_ATLAS_V3_1_AREA_PFCM_IPL,Area PFcm (IPL) right,right,0.43897394046103955,0.00022533353940161924,0.0001740828082244297,0.00043526725148164126,0.0004179202974864233,same
124,NGIQ-BR-00000136,pSTS_R_2_2,right,10,AREA_TE_2_2_STG_RIGHT.nii.gz,JULICH_BRAIN_CYTOARCHITECTONIC_ATLAS_V3_1_AREA_TE_2_2_STG,Area Te 2.2 (STG) right,right,0.096814347514139,3.913727666483093e-05,3.839342598327423e-05,8.093946577293443e-05,8.039307465315038e-05,same
125,NGIQ-BR-00000009,SPL_L_5_1,left,1,AREA_7A_SPL_LEFT.nii.gz,JULICH_BRAIN_CYTOARCHITECTONIC_ATLAS_V3_1_AREA_7A_SPL,Area 7A (SPL) left,left,1445.9661768746726,0.26000191430576003,0.32610557298271914,0.7215934661679211,0.7192733180513561,same
125,NGIQ-BR-00000009,SPL_L_5_1,left,2,AREA_7P_SPL_LEFT.nii.gz,JULICH_BRAIN_CYTOARCHITECTONIC_ATLAS_V3_1_AREA_7P_SPL,Area 7P (SPL) left,left,286.8683222246795,0.16210636095192674,0.06469678204497772,0.2953988898686814,0.24318933871041254,same
125,NGIQ-BR-00000009,SPL_L_5_1,left,3,AREA_5L_SPL_LEFT.nii.gz,JULICH_BRAIN_CYTOARCHITECTONIC_ATLAS_V3_1_AREA_5L_SPL,Area 5L (SPL) left,left,152.99687296522333,0.0742307738252306,0.03450504840350278,0.1425594329999099,0.12377977865184453,same
125,NGIQ-BR-00000009,SPL_L_5_1,left,4,AREA_7PC_SPL_LEFT.nii.gz,JULICH_BRAIN_CYTOARCHITECTONIC_ATLAS_V3_1_AREA_7PC_SPL,Area 7PC (SPL) left,left,106.08761314603649,0.06836736465776144,0.02392570616425686,0.12428150613371726,0.09458339884558456,same
125,NGIQ-BR-00000009,SPL_L_5_1,left,5,AREA_HIP3_IPS_LEFT.nii.gz,JULICH_BRAIN_CYTOARCHITECTONIC_ATLAS_V3_1_AREA_HIP3_IPS,Area hIP3 (IPS) left,left,99.87476990577194,0.03217323235133259,0.022524537286920186,0.06782409024191145,0.06610196709534957,same
125,NGIQ-BR-00000009,SPL_L_5_1,left,6,AREA_HIP6_IPS_LEFT.nii.gz,JULICH_BRAIN_CYTOARCHITECTONIC_ATLAS_V3_1_AREA_HIP6_IPS,Area hIP6 (IPS) left,left,36.21679772612662,0.019531384905665673,0.008167894770267107,0.033974084727771095,0.02939973143243514,same
125,NGIQ-BR-00000009,SPL_L_5_1,left,7,AREA_HIP8_IPS_LEFT.nii.gz,JULICH_BRAIN_CYTOARCHITECTONIC_ATLAS_V3_1_AREA_HIP8_IPS,Area hIP8 (IPS) left,left,32.52627056119506,0.018345321375439486,0.007335578292208432,0.030081158639372753,0.026215186425954686,same
125,NGIQ-BR-00000009,SPL_L_5_1,left,8,AREA_1_POSTCG_LEFT.nii.gz,JULICH_BRAIN_CYTOARCHITECTONIC_ATLAS_V3_1_AREA_1_POSTCG,Area 1 (PostCG) left,left,15.971148901596337,0.0037585115239357906,0.003601938099966235,0.009553578531831567,0.009505148408228099,same
125,NGIQ-BR-00000009,SPL_L_5_1,left,9,AREA_2_POSTCS_LEFT.nii.gz,JULICH_BRAIN_CYTOARCHITECTONIC_ATLAS_V3_1_AREA_2_POSTCS,Area 2 (PostCS) left,left,13.210191254924617,0.0040029762208210395,0.002979265391746353,0.009767228659820376,0.00930808553427209,same
125,NGIQ-BR-00000009,SPL_L_5_1,left,10,AREA_HPO1_POS_LEFT.nii.gz,JULICH_BRAIN_CYTOARCHITECTONIC_ATLAS_V3_1_AREA_HPO1_POS,Area hPO1 (POS) left,left,7.169308308032691,0.003725411900170016,0.0016168783413274877,0.0064641746192885124,0.005702575222778118,same
126,NGIQ-BR-00000010,SPL_R_5_1,right,1,AREA_7A_SPL_RIGHT.nii.gz,JULICH_BRAIN_CYTOARCHITECTONIC_ATLAS_V3_1_AREA_7A_SPL,Area 7A (SPL) right,right,1596.327731718008,0.3509802291091391,0.31228795084914585,0.7957309437316078,0.7880863090827301,same
126,NGIQ-BR-00000010,SPL_R_5_1,right,2,AREA_7P_SPL_RIGHT.nii.gz,JULICH_BRAIN_CYTOARCHITECTONIC_ATLAS_V3_1_AREA_7P_SPL,Area 7P (SPL) right,right,458.4488688193038,0.19081998005196169,0.08968588026633365,0.30421560739706943,0.27863814743592374,same
126,NGIQ-BR-00000010,SPL_R_5_1,right,3,AREA_5L_SPL_RIGHT.nii.gz,JULICH_BRAIN_CYTOARCHITECTONIC_ATLAS_V3_1_AREA_5L_SPL,Area 5L (SPL) right,right,443.87144110687296,0.15644371117603612,0.08683411308938482,0.2702097030513682,0.2553905218865347,same
126,NGIQ-BR-00000010,SPL_R_5_1,right,4,AREA_7PC_SPL_RIGHT.nii.gz,JULICH_BRAIN_CYTOARCHITECTONIC_ATLAS_V3_1_AREA_7PC_SPL,Area 7PC (SPL) right,right,289.46688953789794,0.1024526037551823,0.056628109614545535,0.18637500849775865,0.17271819691402782,same
126,NGIQ-BR-00000010,SPL_R_5_1,right,5,AREA_HIP3_IPS_RIGHT.nii.gz,JULICH_BRAIN_CYTOARCHITECTONIC_ATLAS_V3_1_AREA_HIP3_IPS,Area hIP3 (IPS) right,right,193.75895396464026,0.06472100922923044,0.03790486470292076,0.1231453602461196,0.11467094132645125,same
126,NGIQ-BR-00000010,SPL_R_5_1,right,6,AREA_HIP6_IPS_RIGHT.nii.gz,JULICH_BRAIN_CYTOARCHITECTONIC_ATLAS_V3_1_AREA_HIP6_IPS,Area hIP6 (IPS) right,right,22.77974096471561,0.012103365014512446,0.004456377274790115,0.017662989384931202,0.01505070495799546,same
126,NGIQ-BR-00000010,SPL_R_5_1,right,7,AREA_2_POSTCS_RIGHT.nii.gz,JULICH_BRAIN_CYTOARCHITECTONIC_ATLAS_V3_1_AREA_2_POSTCS,Area 2 (PostCS) right,right,16.471381459018062,0.00390876289778901,0.0032222793987018335,0.00843447247192434,0.008319477678708607,same
126,NGIQ-BR-00000010,SPL_R_5_1,right,8,AREA_5M_SPL_RIGHT.nii.gz,JULICH_BRAIN_CYTOARCHITECTONIC_ATLAS_V3_1_AREA_5M_SPL,Area 5M (SPL) right,right,14.105258698784223,0.007630218517995586,0.0027593972388738415,0.011886903436216996,0.009673151970439357,same
126,NGIQ-BR-00000010,SPL_R_5_1,right,9,AREA_HIP8_IPS_RIGHT.nii.gz,JULICH_BRAIN_CYTOARCHITECTONIC_ATLAS_V3_1_AREA_HIP8_IPS,Area hIP8 (IPS) right,right,11.006354887943033,0.006296948565011635,0.0021531618764619597,0.009268625613130342,0.007545675257268033,same
126,NGIQ-BR-00000010,SPL_R_5_1,right,10,AREA_HIP1_IPS_RIGHT.nii.gz,JULICH_BRAIN_CYTOARCHITECTONIC_ATLAS_V3_1_AREA_HIP1_IPS,Area hIP1 (IPS) right,right,7.20712821508777,0.0032243742180431776,0.0014099230734872736,0.005102069235605647,0.004545494858027927,same
127,NGIQ-BR-00000137,SPL_L_5_2,left,1,AREA_7A_SPL_LEFT.nii.gz,JULICH_BRAIN_CYTOARCHITECTONIC_ATLAS_V3_1_AREA_7A_SPL,Area 7A (SPL) left,left,693.9670065628418,0.12478352056710355,0.12849033747034422,0.34408902058970775,0.34315295128224615,same
127,NGIQ-BR-00000137,SPL_L_5_2,left,2,AREA_HIP8_IPS_LEFT.nii.gz,JULICH_BRAIN_CYTOARCHITECTONIC_ATLAS_V3_1_AREA_HIP8_IPS,Area hIP8 (IPS) left,left,521.9104261398586,0.29436557993067664,0.09663347990583321,0.47957197566736587,0.41661118717137957,same
127,NGIQ-BR-00000137,SPL_L_5_2,left,3,AREA_7P_SPL_LEFT.nii.gz,JULICH_BRAIN_CYTOARCHITECTONIC_ATLAS_V3_1_AREA_7P_SPL,Area 7P (SPL) left,left,468.07384391196047,0.26450375177332935,0.08666545469239512,0.4788926514478647,0.3928048684372485,same
127,NGIQ-BR-00000137,SPL_L_5_2,left,4,AREA_HIP5_IPS_LEFT.nii.gz,JULICH_BRAIN_CYTOARCHITECTONIC_ATLAS_V3_1_AREA_HIP5_IPS,Area hIP5 (IPS) left,left,291.41595215184583,0.14752926995992421,0.05395664877742516,0.23911481989475905,0.2186041096011487,same
127,NGIQ-BR-00000137,SPL_L_5_2,left,5,AREA_HIP6_IPS_LEFT.nii.gz,JULICH_BRAIN_CYTOARCHITECTONIC_ATLAS_V3_1_AREA_HIP6_IPS,Area hIP6 (IPS) left,left,215.25766187473775,0.1160864712491185,0.039855683852107894,0.20062907497074625,0.1730526452774015,same
127,NGIQ-BR-00000137,SPL_L_5_2,left,6,AREA_HPO1_POS_LEFT.nii.gz,JULICH_BRAIN_CYTOARCHITECTONIC_ATLAS_V3_1_AREA_HPO1_POS,Area hPO1 (POS) left,left,207.49158353275172,0.10781955263549665,0.03841776819106622,0.18588050419871732,0.16348016007837285,same
127,NGIQ-BR-00000137,SPL_L_5_2,left,7,AREA_HIP7_IPS_LEFT.nii.gz,JULICH_BRAIN_CYTOARCHITECTONIC_ATLAS_V3_1_AREA_HIP7_IPS,Area hIP7 (IPS) left,left,116.99594029206578,0.09378050166551358,0.021662193891960606,0.13030450689575246,0.10157618089838258,same
127,NGIQ-BR-00000137,SPL_L_5_2,left,8,AREA_HIP3_IPS_LEFT.nii.gz,JULICH_BRAIN_CYTOARCHITECTONIC_ATLAS_V3_1_AREA_HIP3_IPS,Area hIP3 (IPS) left,left,101.113507632856,0.03257227403877215,0.018721507788828,0.0682236413728929,0.06639405768408996,same
127,NGIQ-BR-00000137,SPL_L_5_2,left,9,AREA_5L_SPL_LEFT.nii.gz,JULICH_BRAIN_CYTOARCHITECTONIC_ATLAS_V3_1_AREA_5L_SPL,Area 5L (SPL) left,left,63.811965730575224,0.030960185680176534,0.01181500119433297,0.05907626939145818,0.051129284043778644,same
127,NGIQ-BR-00000137,SPL_L_5_2,left,10,AREA_HIP4_IPS_LEFT.nii.gz,JULICH_BRAIN_CYTOARCHITECTONIC_ATLAS_V3_1_AREA_HIP4_IPS,Area hIP4 (IPS) left,left,62.76175719299097,0.047260997351600206,0.011620551532991298,0.06835995491269838,0.054029689745784926,same
128,NGIQ-BR-00000138,SPL_R_5_2,right,1,AREA_7P_SPL_RIGHT.nii.gz,JULICH_BRAIN_CYTOARCHITECTONIC_ATLAS_V3_1_AREA_7P_SPL,Area 7P (SPL) right,right,949.9485508242248,0.3953966861899165,0.2076625573374736,0.7362914197718566,0.7102582427979678,same
128,NGIQ-BR-00000138,SPL_R_5_2,right,2,AREA_7A_SPL_RIGHT.nii.gz,JULICH_BRAIN_CYTOARCHITECTONIC_ATLAS_V3_1_AREA_7A_SPL,Area 7A (SPL) right,right,402.4535992145285,0.08848637635712346,0.0879779684384444,0.2343252416074938,0.23429466012000852,same
128,NGIQ-BR-00000138,SPL_R_5_2,right,3,AREA_HIP8_IPS_RIGHT.nii.gz,JULICH_BRAIN_CYTOARCHITECTONIC_ATLAS_V3_1_AREA_HIP8_IPS,Area hIP8 (IPS) right,right,339.96087895028637,0.19449819587510833,0.07431680953274576,0.3343950505277445,0.2954177126225184,same
128,NGIQ-BR-00000138,SPL_R_5_2,right,4,AREA_HIP6_IPS_RIGHT.nii.gz,JULICH_BRAIN_CYTOARCHITECTONIC_ATLAS_V3_1_AREA_HIP6_IPS,Area hIP6 (IPS) right,right,125.93227344855931,0.06691051821072962,0.027529299279376262,0.11405426749548706,0.10444894623783423,same
128,NGIQ-BR-00000138,SPL_R_5_2,right,5,AREA_HPO1_POS_RIGHT.nii.gz,JULICH_BRAIN_CYTOARCHITECTONIC_ATLAS_V3_1_AREA_HPO1_POS,Area hPO1 (POS) right,right,109.42310881459179,0.06022854125236074,0.023920329778427528,0.10430629331243518,0.09347698035412215,same
128,NGIQ-BR-00000138,SPL_R_5_2,right,6,AREA_HIP3_IPS_RIGHT.nii.gz,JULICH_BRAIN_CYTOARCHITECTONIC_ATLAS_V3_1_AREA_HIP3_IPS,Area hIP3 (IPS) right,right,101.90629290165309,0.034039604304470915,0.022277123718308277,0.07565129120876808,0.07374655777228492,same
128,NGIQ-BR-00000138,SPL_R_5_2,right,7,AREA_HIP5_IPS_RIGHT.nii.gz,JULICH_BRAIN_CYTOARCHITECTONIC_ATLAS_V3_1_AREA_HIP5_IPS,Area hIP5 (IPS) right,right,92.02963748325607,0.05269676006416088,0.020118047292173646,0.08888994437486566,0.07919124194459233,same
128,NGIQ-BR-00000138,SPL_R_5_2,right,8,FRONTAL_TO_OCCIPITAL_GAPMAP_RIGHT.nii.gz,JULICH_BRAIN_CYTOARCHITECTONIC_ATLAS_V3_1_FRONTAL_TO_OCCIPITAL_GAPMAP,Frontal-to-Occipital (GapMap) right,right,83.20715643991221,0.0023667969545702367,0.018189417605931645,0.01198119552023289,0.005505097275211036,same
128,NGIQ-BR-00000138,SPL_R_5_2,right,9,AREA_HIP7_IPS_RIGHT.nii.gz,JULICH_BRAIN_CYTOARCHITECTONIC_ATLAS_V3_1_AREA_HIP7_IPS,Area hIP7 (IPS) right,right,76.25000515863476,0.0375197669076936,0.016668556475504925,0.06349055587558286,0.05995839739029187,same
128,NGIQ-BR-00000138,SPL_R_5_2,right,10,AREA_5L_SPL_RIGHT.nii.gz,JULICH_BRAIN_CYTOARCHITECTONIC_ATLAS_V3_1_AREA_5L_SPL,Area 5L (SPL) right,right,36.24155726318599,0.012773436612441366,0.007922549549273728,0.02576971745245904,0.02534091033253842,same
129,NGIQ-BR-00000139,SPL_L_5_3,left,1,AREA_HIP3_IPS_LEFT.nii.gz,JULICH_BRAIN_CYTOARCHITECTONIC_ATLAS_V3_1_AREA_HIP3_IPS,Area hIP3 (IPS) left,left,1195.0471598836832,0.3849673944882434,0.2168033762557091,0.6477918549637072,0.5865348207980473,same
129,NGIQ-BR-00000139,SPL_L_5_3,left,2,AREA_7PC_SPL_LEFT.nii.gz,JULICH_BRAIN_CYTOARCHITECTONIC_ATLAS_V3_1_AREA_7PC_SPL,Area 7PC (SPL) left,left,577.3022803821698,0.37203811406628506,0.10473317514863319,0.5398428529284863,0.35026637783222975,same
129,NGIQ-BR-00000139,SPL_L_5_3,left,3,AREA_HIP1_IPS_LEFT.nii.gz,JULICH_BRAIN_CYTOARCHITECTONIC_ATLAS_V3_1_AREA_HIP1_IPS,Area hIP1 (IPS) left,left,546.3740576221142,0.22286093458699696,0.09912223079341513,0.34282979097404936,0.28928029747617434,same
129,NGIQ-BR-00000139,SPL_L_5_3,left,4,AREA_7A_SPL_LEFT.nii.gz,JULICH_BRAIN_CYTOARCHITECTONIC_ATLAS_V3_1_AREA_7A_SPL,Area 7A (SPL) left,left,454.293446535245,0.08168736423076292,0.08241712655864568,0.18096441507829683,0.17907666795848415,same
129,NGIQ-BR-00000139,SPL_L_5_3,left,5,AREA_HIP6_IPS_LEFT.nii.gz,JULICH_BRAIN_CYTOARCHITECTONIC_ATLAS_V3_1_AREA_HIP6_IPS,Area hIP6 (IPS) left,left,152.81534730952845,0.08241190704837598,0.02772349439633769,0.11442658702121017,0.08690465012461009,same
129,NGIQ-BR-00000139,SPL_L_5_3,left,6,AREA_HIP2_IPS_LEFT.nii.gz,JULICH_BRAIN_CYTOARCHITECTONIC_ATLAS_V3_1_AREA_HIP2_IPS,Area hIP2 (IPS) left,left,141.4985603673076,0.08593018362901284,0.025670422601515124,0.11422335801311981,0.08248044673733275,same
129,NGIQ-BR-00000139,SPL_L_5_3,left,7,AREA_5L_SPL_LEFT.nii.gz,JULICH_BRAIN_CYTOARCHITECTONIC_ATLAS_V3_1_AREA_5L_SPL,Area 5L (SPL) left,left,86.40660230977458,0.041922614683252084,0.015675735435718565,0.06426619487857206,0.04902248462981734,same
129,NGIQ-BR-00000139,SPL_L_5_3,left,8,AREA_2_POSTCS_LEFT.nii.gz,JULICH_BRAIN_CYTOARCHITECTONIC_ATLAS_V3_1_AREA_2_POSTCS,Area 2 (PostCS) left,left,78.95739249891173,0.023925812922152182,0.014324312754132165,0.04659907556064551,0.04057905613580721,same
129,NGIQ-BR-00000139,SPL_L_5_3,left,9,AREA_1_POSTCG_LEFT.nii.gz,JULICH_BRAIN_CYTOARCHITECTONIC_ATLAS_V3_1_AREA_1_POSTCG,Area 1 (PostCG) left,left,44.06012528162251,0.010368727361904497,0.007993311259979936,0.021037682702223486,0.019965497565312264,same
129,NGIQ-BR-00000139,SPL_L_5_3,left,10,AREA_PGA_IPL_LEFT.nii.gz,JULICH_BRAIN_CYTOARCHITECTONIC_ATLAS_V3_1_AREA_PGA_IPL,Area PGa (IPL) left,left,29.488210255528212,0.007720229099180495,0.0053496997923989905,0.015987762107419846,0.014474657054779646,same
130,NGIQ-BR-00000140,SPL_R_5_3,right,1,AREA_HIP3_IPS_RIGHT.nii.gz,JULICH_BRAIN_CYTOARCHITECTONIC_ATLAS_V3_1_AREA_HIP3_IPS,Area hIP3 (IPS) right,right,1169.9478459573616,0.39079590277795945,0.20785077546285582,0.6757001260460727,0.6052739622575151,same
130,NGIQ-BR-00000140,SPL_R_5_3,right,2,AREA_7PC_SPL_RIGHT.nii.gz,JULICH_BRAIN_CYTOARCHITECTONIC_ATLAS_V3_1_AREA_7PC_SPL,Area 7PC (SPL) right,right,795.575763018935,0.2815824930302931,0.1413405220192742,0.46548056335302446,0.41454018014847205,same
130,NGIQ-BR-00000140,SPL_R_5_3,right,3,AREA_2_POSTCS_RIGHT.nii.gz,JULICH_BRAIN_CYTOARCHITECTONIC_ATLAS_V3_1_AREA_2_POSTCS,Area 2 (PostCS) right,right,451.1266718267733,0.10705520975437671,0.08014633207383966,0.20992184272008876,0.2029282045480202,same
130,NGIQ-BR-00000140,SPL_R_5_3,right,4,AREA_7A_SPL_RIGHT.nii.gz,JULICH_BRAIN_CYTOARCHITECTONIC_ATLAS_V3_1_AREA_7A_SPL,Area 7A (SPL) right,right,343.6027547393653,0.07554700152403131,0.0610438313729357,0.15564388082362354,0.15144676339240892,same
130,NGIQ-BR-00000140,SPL_R_5_3,right,5,AREA_HIP1_IPS_RIGHT.nii.gz,JULICH_BRAIN_CYTOARCHITECTONIC_ATLAS_V3_1_AREA_HIP1_IPS,Area hIP1 (IPS) right,right,270.4604559873625,0.12100044501223473,0.04804950554271086,0.17398792184924725,0.14789106179245542,same
130,NGIQ-BR-00000140,SPL_R_5_3,right,6,AREA_HIP2_IPS_RIGHT.nii.gz,JULICH_BRAIN_CYTOARCHITECTONIC_ATLAS_V3_1_AREA_HIP2_IPS,Area hIP2 (IPS) right,right,202.5401591485243,0.16080032940084638,0.035982910936463455,0.18169709592786268,0.1251344331664219,same
130,NGIQ-BR-00000140,SPL_R_5_3,right,7,AREA_5L_SPL_RIGHT.nii.gz,JULICH_BRAIN_CYTOARCHITECTONIC_ATLAS_V3_1_AREA_5L_SPL,Area 5L (SPL) right,right,83.60142993257772,0.02946555409300761,0.01485247577602119,0.046247543351196026,0.04219655867736898,same
130,NGIQ-BR-00000140,SPL_R_5_3,right,8,AREA_1_POSTCG_RIGHT.nii.gz,JULICH_BRAIN_CYTOARCHITECTONIC_ATLAS_V3_1_AREA_1_POSTCG,Area 1 (PostCG) right,right,67.01071698197241,0.01700515832424906,0.011905000327281715,0.03407971742448824,0.032086751259338804,same
130,NGIQ-BR-00000140,SPL_R_5_3,right,9,AREA_HIP6_IPS_RIGHT.nii.gz,JULICH_BRAIN_CYTOARCHITECTONIC_ATLAS_V3_1_AREA_HIP6_IPS,Area hIP6 (IPS) right,right,62.466095181766704,0.033189576307617964,0.011097611204234787,0.044014017389855,0.03555754495965966,same
130,NGIQ-BR-00000140,SPL_R_5_3,right,10,AREA_HPO1_POS_RIGHT.nii.gz,JULICH_BRAIN_CYTOARCHITECTONIC_ATLAS_V3_1_AREA_HPO1_POS,Area hPO1 (POS) right,right,34.21495871964776,0.018832558085932614,0.006078566430872824,0.02537404113266985,0.019873158289155757,same
131,NGIQ-BR-00000141,SPL_L_5_4,left,1,AREA_7A_SPL_LEFT.nii.gz,JULICH_BRAIN_CYTOARCHITECTONIC_ATLAS_V3_1_AREA_7A_SPL,Area 7A (SPL) left,left,633.1901439170721,0.11385511789343022,0.1541484415856244,0.3078084069210709,0.30735889425381646,same
131,NGIQ-BR-00000141,SPL_L_5_4,left,2,AREA_5L_SPL_LEFT.nii.gz,JULICH_BRAIN_CYTOARCHITECTONIC_ATLAS_V3_1_AREA_5L_SPL,Area 5L (SPL) left,left,599.7166169202327,0.29096953216787125,0.14599940125310007,0.5443413932058178,0.4664057747329411,same
131,NGIQ-BR-00000141,SPL_L_5_4,left,3,AREA_7PC_SPL_LEFT.nii.gz,JULICH_BRAIN_CYTOARCHITECTONIC_ATLAS_V3_1_AREA_7PC_SPL,Area 7PC (SPL) left,left,331.5639142754716,0.2136738716462754,0.08071834529105891,0.37837371640140743,0.2830455662902322,same
131,NGIQ-BR-00000141,SPL_L_5_4,left,4,AREA_2_POSTCS_LEFT.nii.gz,JULICH_BRAIN_CYTOARCHITECTONIC_ATLAS_V3_1_AREA_2_POSTCS,Area 2 (PostCS) left,left,228.73048120218576,0.06931032712247648,0.05568382192800625,0.16473966051576036,0.15570470421402535,same
131,NGIQ-BR-00000141,SPL_L_5_4,left,5,AREA_1_POSTCG_LEFT.nii.gz,JULICH_BRAIN_CYTOARCHITECTONIC_ATLAS_V3_1_AREA_1_POSTCG,Area 1 (PostCG) left,left,200.21271151483452,0.04711632131810655,0.04874124741538294,0.11666308051529578,0.11572668540045826,same
131,NGIQ-BR-00000141,SPL_L_5_4,left,6,AREA_HIP3_IPS_LEFT.nii.gz,JULICH_BRAIN_CYTOARCHITECTONIC_ATLAS_V3_1_AREA_HIP3_IPS,Area hIP3 (IPS) left,left,81.67549635867874,0.02631059600174685,0.019883680440028424,0.05402961103342097,0.05233244604329439,same
131,NGIQ-BR-00000141,SPL_L_5_4,left,7,AREA_3B_POSTCG_LEFT.nii.gz,JULICH_BRAIN_CYTOARCHITECTONIC_ATLAS_V3_1_AREA_3B_POSTCG,Area 3b (PostCG) left,left,55.76061533278993,0.008171754460114831,0.013574772188069259,0.024825275077014448,0.024577110591905454,same
131,NGIQ-BR-00000141,SPL_L_5_4,left,8,AREA_7P_SPL_LEFT.nii.gz,JULICH_BRAIN_CYTOARCHITECTONIC_ATLAS_V3_1_AREA_7P_SPL,Area 7P (SPL) left,left,25.438881632142298,0.014375252366985206,0.006193027476734501,0.02551738424010052,0.020692213840204404,same
131,NGIQ-BR-00000141,SPL_L_5_4,left,9,AREA_5M_SPL_LEFT.nii.gz,JULICH_BRAIN_CYTOARCHITECTONIC_ATLAS_V3_1_AREA_5M_SPL,Area 5M (SPL) left,left,9.2815892287877,0.004509101002355828,0.0022595779937517844,0.0078068901696344015,0.006941817247930747,same
131,NGIQ-BR-00000141,SPL_L_5_4,left,10,AREA_HIP8_IPS_LEFT.nii.gz,JULICH_BRAIN_CYTOARCHITECTONIC_ATLAS_V3_1_AREA_HIP8_IPS,Area hIP8 (IPS) left,left,3.4092881680096543,0.0019228914358917657,0.0008299820568335083,0.0030713964240520358,0.002641780865977401,same
132,NGIQ-BR-00000142,SPL_R_5_4,right,1,AREA_5L_SPL_RIGHT.nii.gz,JULICH_BRAIN_CYTOARCHITECTONIC_ATLAS_V3_1_AREA_5L_SPL,Area 5L (SPL) right,right,1059.705503519615,0.37349612155912937,0.22707312231411642,0.6438184724179077,0.608112336195493,same
132,NGIQ-BR-00000142,SPL_R_5_4,right,2,AREA_7PC_SPL_RIGHT.nii.gz,JULICH_BRAIN_CYTOARCHITECTONIC_ATLAS_V3_1_AREA_7PC_SPL,Area 7PC (SPL) right,right,967.9499874140693,0.34259184763300465,0.20741179993499395,0.6219796946819313,0.5759710869871947,same
132,NGIQ-BR-00000142,SPL_R_5_4,right,3,AREA_7A_SPL_RIGHT.nii.gz,JULICH_BRAIN_CYTOARCHITECTONIC_ATLAS_V3_1_AREA_7A_SPL,Area 7A (SPL) right,right,472.64581591047966,0.10391934780034291,0.10127828987490875,0.23513350228623725,0.23280994111114295,same
132,NGIQ-BR-00000142,SPL_R_5_4,right,4,AREA_2_POSTCS_RIGHT.nii.gz,JULICH_BRAIN_CYTOARCHITECTONIC_ATLAS_V3_1_AREA_2_POSTCS,Area 2 (PostCS) right,right,369.3022948500371,0.08763776807487143,0.07913389605965573,0.18873150925906002,0.18609696014232668,same
132,NGIQ-BR-00000142,SPL_R_5_4,right,5,AREA_HIP3_IPS_RIGHT.nii.gz,JULICH_BRAIN_CYTOARCHITECTONIC_ATLAS_V3_1_AREA_HIP3_IPS,Area hIP3 (IPS) right,right,156.7760152626965,0.05236765436187614,0.03359387978209846,0.09944212602248609,0.09253146991908315,same
132,NGIQ-BR-00000142,SPL_R_5_4,right,6,AREA_1_POSTCG_RIGHT.nii.gz,JULICH_BRAIN_CYTOARCHITECTONIC_ATLAS_V3_1_AREA_1_POSTCG,Area 1 (PostCG) right,right,105.66761445233975,0.026815031899914698,0.022642399290637365,0.059019687328340856,0.05712380973786232,same
132,NGIQ-BR-00000142,SPL_R_5_4,right,7,AREA_5M_SPL_RIGHT.nii.gz,JULICH_BRAIN_CYTOARCHITECTONIC_ATLAS_V3_1_AREA_5M_SPL,Area 5M (SPL) right,right,92.77787730009604,0.05018805344538152,0.01988039338310263,0.07803090022962451,0.06342526693889823,same
132,NGIQ-BR-00000142,SPL_R_5_4,right,8,AREA_4A_PRECG_RIGHT.nii.gz,JULICH_BRAIN_CYTOARCHITECTONIC_ATLAS_V3_1_AREA_4A_PRECG,Area 4a (PreCG) right,right,12.450118430282961,0.001631460771875694,0.002667804645493708,0.004711700816654905,0.004670750696044522,same
132,NGIQ-BR-00000142,SPL_R_5_4,right,9,AREA_3B_POSTCG_RIGHT.nii.gz,JULICH_BRAIN_CYTOARCHITECTONIC_ATLAS_V3_1_AREA_3B_POSTCG,Area 3b (PostCG) right,right,10.323727255765492,0.0025860229804372343,0.0022121626943523973,0.005218883257801408,0.005155058407875372,same
132,NGIQ-BR-00000142,SPL_R_5_4,right,10,AREA_7P_SPL_RIGHT.nii.gz,JULICH_BRAIN_CYTOARCHITECTONIC_ATLAS_V3_1_AREA_7P_SPL,Area 7P (SPL) right,right,10.20493539544316,0.004247595972054946,0.002186708038752984,0.006758267099048336,0.00618509454681833,same
133,NGIQ-BR-00000143,SPL_L_5_5,left,1,AREA_7A_SPL_LEFT.nii.gz,JULICH_BRAIN_CYTOARCHITECTONIC_ATLAS_V3_1_AREA_7A_SPL,Area 7A (SPL) left,left,1031.9427134153586,0.18555557193031685,0.196390011055593,0.5436896437930571,0.5388050929663927,same
133,NGIQ-BR-00000143,SPL_L_5_5,left,2,AREA_HIP3_IPS_LEFT.nii.gz,JULICH_BRAIN_CYTOARCHITECTONIC_ATLAS_V3_1_AREA_HIP3_IPS,Area hIP3 (IPS) left,left,651.0713877798845,0.20973335964738193,0.12390602247763181,0.4667859863845059,0.459845697874346,same
133,NGIQ-BR-00000143,SPL_L_5_5,left,3,AREA_HIP6_IPS_LEFT.nii.gz,JULICH_BRAIN_CYTOARCHITECTONIC_ATLAS_V3_1_AREA_HIP6_IPS,Area hIP6 (IPS) left,left,365.2894919936917,0.19699725315518438,0.06951859481976681,0.36177280015914587,0.3213305562309299,same
133,NGIQ-BR-00000143,SPL_L_5_5,left,4,AREA_HIP1_IPS_LEFT.nii.gz,JULICH_BRAIN_CYTOARCHITECTONIC_ATLAS_V3_1_AREA_HIP1_IPS,Area hIP1 (IPS) left,left,237.76754006848262,0.09698318478869261,0.04524976940644918,0.1973239535706653,0.187645062228677,same
133,NGIQ-BR-00000143,SPL_L_5_5,left,5,AREA_7PC_SPL_LEFT.nii.gz,JULICH_BRAIN_CYTOARCHITECTONIC_ATLAS_V3_1_AREA_7PC_SPL,Area 7PC (SPL) left,left,199.39770563730076,0.12850035219908829,0.03794756928411735,0.24661699416995914,0.19423908392620357,same
133,NGIQ-BR-00000143,SPL_L_5_5,left,6,AREA_7P_SPL_LEFT.nii.gz,JULICH_BRAIN_CYTOARCHITECTONIC_ATLAS_V3_1_AREA_7P_SPL,Area 7P (SPL) left,left,82.6842465475828,0.04672402380274888,0.015735718545712717,0.08988972520001821,0.0762392343752768,same
133,NGIQ-BR-00000143,SPL_L_5_5,left,7,AREA_5L_SPL_LEFT.nii.gz,JULICH_BRAIN_CYTOARCHITECTONIC_ATLAS_V3_1_AREA_5L_SPL,Area 5L (SPL) left,left,81.06553356032717,0.03933124363990169,0.01542765971906445,0.07974632243203097,0.07104974604889124,same
133,NGIQ-BR-00000143,SPL_L_5_5,left,8,AREA_HIP8_IPS_LEFT.nii.gz,JULICH_BRAIN_CYTOARCHITECTONIC_ATLAS_V3_1_AREA_HIP8_IPS,Area hIP8 (IPS) left,left,69.38375903082262,0.03913351686790266,0.013204489964412643,0.0677452935328083,0.060561770706801674,same
133,NGIQ-BR-00000143,SPL_L_5_5,left,9,AREA_HIP2_IPS_LEFT.nii.gz,JULICH_BRAIN_CYTOARCHITECTONIC_ATLAS_V3_1_AREA_HIP2_IPS,Area hIP2 (IPS) left,left,40.100887637790635,0.024352732843760504,0.007631638524254911,0.04281497044637623,0.03665803542893389,same
133,NGIQ-BR-00000143,SPL_L_5_5,left,10,AREA_HIP5_IPS_LEFT.nii.gz,JULICH_BRAIN_CYTOARCHITECTONIC_ATLAS_V3_1_AREA_HIP5_IPS,Area hIP5 (IPS) left,left,36.70228301796211,0.018580523747996812,0.006984846807830374,0.031999981850564484,0.02993676296497487,same
134,NGIQ-BR-00000144,SPL_R_5_5,right,1,AREA_HIP3_IPS_RIGHT.nii.gz,JULICH_BRAIN_CYTOARCHITECTONIC_ATLAS_V3_1_AREA_HIP3_IPS,Area hIP3 (IPS) right,right,789.7878645960592,0.26381164136024426,0.171046205859716,0.6261018940580342,0.6180616203176078,same
134,NGIQ-BR-00000144,SPL_R_5_5,right,2,AREA_7A_SPL_RIGHT.nii.gz,JULICH_BRAIN_CYTOARCHITECTONIC_ATLAS_V3_1_AREA_7A_SPL,Area 7A (SPL) right,right,718.606230780996,0.1579979940881733,0.1556302328665258,0.4468002998753274,0.4453087290837391,same
134,NGIQ-BR-00000144,SPL_R_5_5,right,3,AREA_HIP6_IPS_RIGHT.nii.gz,JULICH_BRAIN_CYTOARCHITECTONIC_ATLAS_V3_1_AREA_HIP6_IPS,Area hIP6 (IPS) right,right,190.00805614175914,0.10095535602199482,0.04115048931835661,0.18376624047262888,0.17247051217870404,same
134,NGIQ-BR-00000144,SPL_R_5_5,right,4,AREA_7PC_SPL_RIGHT.nii.gz,JULICH_BRAIN_CYTOARCHITECTONIC_ATLAS_V3_1_AREA_7PC_SPL,Area 7PC (SPL) right,right,187.76758710543254,0.06645761188953167,0.040665265696687214,0.1507952619957404,0.1485385372399054,same
134,NGIQ-BR-00000144,SPL_R_5_5,right,5,AREA_HIP1_IPS_RIGHT.nii.gz,JULICH_BRAIN_CYTOARCHITECTONIC_ATLAS_V3_1_AREA_HIP1_IPS,Area hIP1 (IPS) right,right,182.9747742822255,0.08186050353770387,0.03962727500886543,0.16156735248176646,0.1558949893364113,same
134,NGIQ-BR-00000144,SPL_R_5_5,right,6,AREA_7P_SPL_RIGHT.nii.gz,JULICH_BRAIN_CYTOARCHITECTONIC_ATLAS_V3_1_AREA_7P_SPL,Area 7P (SPL) right,right,166.14520431835518,0.06915454858773705,0.03598245566228944,0.13751709352086036,0.13469729525664265,same
134,NGIQ-BR-00000144,SPL_R_5_5,right,7,AREA_5L_SPL_RIGHT.nii.gz,JULICH_BRAIN_CYTOARCHITECTONIC_ATLAS_V3_1_AREA_5L_SPL,Area 5L (SPL) right,right,60.626294149268205,0.021367904247026948,0.013129978383336086,0.046034459480142016,0.045715609710841855,same
134,NGIQ-BR-00000144,SPL_R_5_5,right,8,AREA_HIP2_IPS_RIGHT.nii.gz,JULICH_BRAIN_CYTOARCHITECTONIC_ATLAS_V3_1_AREA_HIP2_IPS,Area hIP2 (IPS) right,right,58.592965402372656,0.046518024755598526,0.012689615618836211,0.07214884464142904,0.06081236009857589,same
134,NGIQ-BR-00000144,SPL_R_5_5,right,9,AREA_2_POSTCS_RIGHT.nii.gz,JULICH_BRAIN_CYTOARCHITECTONIC_ATLAS_V3_1_AREA_2_POSTCS,Area 2 (PostCS) right,right,56.84084780492636,0.01348869234384261,0.012310155410978359,0.03630502464808224,0.036250337466912405,same
134,NGIQ-BR-00000144,SPL_R_5_5,right,10,AREA_HPO1_POS_RIGHT.nii.gz,JULICH_BRAIN_CYTOARCHITECTONIC_ATLAS_V3_1_AREA_HPO1_POS,Area hPO1 (POS) right,right,29.815683159939937,0.016411113910211737,0.006457252267647214,0.03035047185229161,0.027954197342258562,same
135,NGIQ-BR-00000011,IPL_L_6_1,left,1,AREA_PGP_IPL_LEFT.nii.gz,JULICH_BRAIN_CYTOARCHITECTONIC_ATLAS_V3_1_AREA_PGP_IPL,Area PGp (IPL) left,left,847.3053485018434,0.18726267554825074,0.09954301308044507,0.27677298649778853,0.23741065486145976,same
135,NGIQ-BR-00000011,IPL_L_6_1,left,2,AREA_HIP5_IPS_LEFT.nii.gz,JULICH_BRAIN_CYTOARCHITECTONIC_ATLAS_V3_1_AREA_HIP5_IPS,Area hIP5 (IPS) left,left,685.8208282986182,0.3471966629660867,0.08057151038038383,0.33133509867878486,0.22136350212757652,same
135,NGIQ-BR-00000011,IPL_L_6_1,left,3,AREA_HIP4_IPS_LEFT.nii.gz,JULICH_BRAIN_CYTOARCHITECTONIC_ATLAS_V3_1_AREA_HIP4_IPS,Area hIP4 (IPS) left,left,640.0983155958387,0.48200825074281217,0.07519994428783994,0.41050358895930966,0.2187094987152415,same
135,NGIQ-BR-00000011,IPL_L_6_1,left,4,AREA_HOC4LP_LOC_LEFT.nii.gz,JULICH_BRAIN_CYTOARCHITECTONIC_ATLAS_V3_1_AREA_HOC4LP_LOC,Area hOc4lp (LOC) left,left,624.8491458633989,0.17512907829539748,0.07340844337872125,0.21904782006003293,0.18087041044913105,same
135,NGIQ-BR-00000011,IPL_L_6_1,left,5,TEMPORAL_TO_PARIETAL_GAPMAP_LEFT.nii.gz,JULICH_BRAIN_CYTOARCHITECTONIC_ATLAS_V3_1_TEMPORAL_TO_PARIETAL_GAPMAP,Temporal-to-Parietal (GapMap) left,left,216.34040126792115,0.0033623295704917357,0.02541607394703535,0.012501213431134233,0.007113204239732697,same
135,NGIQ-BR-00000011,IPL_L_6_1,left,6,AREA_HIP7_IPS_LEFT.nii.gz,JULICH_BRAIN_CYTOARCHITECTONIC_ATLAS_V3_1_AREA_HIP7_IPS,Area hIP7 (IPS) left,left,209.84979935056384,0.1682094216976677,0.024653545924874454,0.13761342503486607,0.07194288572360949,same
135,NGIQ-BR-00000011,IPL_L_6_1,left,7,AREA_HIP6_IPS_LEFT.nii.gz,JULICH_BRAIN_CYTOARCHITECTONIC_ATLAS_V3_1_AREA_HIP6_IPS,Area hIP6 (IPS) left,left,162.6901597903169,0.08773730232191823,0.01911314348800193,0.08928122463404643,0.05406830024865232,same
135,NGIQ-BR-00000011,IPL_L_6_1,left,8,AREA_PGA_IPL_LEFT.nii.gz,JULICH_BRAIN_CYTOARCHITECTONIC_ATLAS_V3_1_AREA_PGA_IPL,Area PGa (IPL) left,left,130.0907230768994,0.03405870268587855,0.015283300845185425,0.051692135238974535,0.0395679548148735,same
135,NGIQ-BR-00000011,IPL_L_6_1,left,9,AREA_HOC4LA_LOC_LEFT.nii.gz,JULICH_BRAIN_CYTOARCHITECTONIC_ATLAS_V3_1_AREA_HOC4LA_LOC,Area hOc4la (LOC) left,left,99.12281343758526,0.03071461433387831,0.011645133046822258,0.036884191099472836,0.029413207683358353,same
135,NGIQ-BR-00000011,IPL_L_6_1,left,10,AREA_HIP8_IPS_LEFT.nii.gz,JULICH_BRAIN_CYTOARCHITECTONIC_ATLAS_V3_1_AREA_HIP8_IPS,Area hIP8 (IPS) left,left,41.03868468238859,0.023146455044924248,0.00482130123852792,0.022203163532146356,0.013598688630426667,same
136,NGIQ-BR-00000012,IPL_R_6_1,right,1,TEMPORAL_TO_PARIETAL_GAPMAP_RIGHT.nii.gz,JULICH_BRAIN_CYTOARCHITECTONIC_ATLAS_V3_1_TEMPORAL_TO_PARIETAL_GAPMAP,Temporal-to-Parietal (GapMap) right,right,4047.729735277839,0.053333830745566004,0.398223018193553,0.22052775698711558,0.1176288848532531,same
136,NGIQ-BR-00000012,IPL_R_6_1,right,2,AREA_PGP_IPL_RIGHT.nii.gz,JULICH_BRAIN_CYTOARCHITECTONIC_ATLAS_V3_1_AREA_PGP_IPL,Area PGp (IPL) right,right,1439.0076559556055,0.3115130769393163,0.14157219217575473,0.4538283434960924,0.39975025567505046,same
136,NGIQ-BR-00000012,IPL_R_6_1,right,3,AREA_HIP4_IPS_RIGHT.nii.gz,JULICH_BRAIN_CYTOARCHITECTONIC_ATLAS_V3_1_AREA_HIP4_IPS,Area hIP4 (IPS) right,right,660.5702114288727,0.4485340418004323,0.06498809963306576,0.3981653703147858,0.22688782602956714,same
136,NGIQ-BR-00000012,IPL_R_6_1,right,4,AREA_HOC4LA_LOC_RIGHT.nii.gz,JULICH_BRAIN_CYTOARCHITECTONIC_ATLAS_V3_1_AREA_HOC4LA_LOC,Area hOc4la (LOC) right,right,452.0506969888926,0.13063662481565946,0.04447357029855146,0.16457436810192977,0.13441007216701015,same
136,NGIQ-BR-00000012,IPL_R_6_1,right,5,AREA_HIP7_IPS_RIGHT.nii.gz,JULICH_BRAIN_CYTOARCHITECTONIC_ATLAS_V3_1_AREA_HIP7_IPS,Area hIP7 (IPS) right,right,277.8391913248571,0.13671424250586073,0.027334325307726125,0.1305879709137557,0.0902455846085698,same
136,NGIQ-BR-00000012,IPL_R_6_1,right,6,AREA_HIP5_IPS_RIGHT.nii.gz,JULICH_BRAIN_CYTOARCHITECTONIC_ATLAS_V3_1_AREA_HIP5_IPS,Area hIP5 (IPS) right,right,266.0374972938855,0.15233477547400334,0.02617325316996697,0.14504681348861048,0.08960191909938561,same
136,NGIQ-BR-00000012,IPL_R_6_1,right,7,AREA_HOC4LP_LOC_RIGHT.nii.gz,JULICH_BRAIN_CYTOARCHITECTONIC_ATLAS_V3_1_AREA_HOC4LP_LOC,Area hOc4lp (LOC) right,right,178.1485727872127,0.069812196602755,0.017526580819835325,0.07689067016917246,0.05641153355711987,same
136,NGIQ-BR-00000012,IPL_R_6_1,right,8,AREA_PGA_IPL_RIGHT.nii.gz,JULICH_BRAIN_CYTOARCHITECTONIC_ATLAS_V3_1_AREA_PGA_IPL,Area PGa (IPL) right,right,145.65319193819647,0.035131896021835626,0.014329626110566433,0.05323898932380782,0.04338065354760596,same
136,NGIQ-BR-00000012,IPL_R_6_1,right,9,AREA_HOC5_LOC_RIGHT.nii.gz,JULICH_BRAIN_CYTOARCHITECTONIC_ATLAS_V3_1_AREA_HOC5_LOC,Area hOc5 (LOC) right,right,144.54461206211886,0.16821064757599863,0.014220562004751088,0.11120531938682938,0.051416693525910544,same
136,NGIQ-BR-00000012,IPL_R_6_1,right,10,AREA_HIP6_IPS_RIGHT.nii.gz,JULICH_BRAIN_CYTOARCHITECTONIC_ATLAS_V3_1_AREA_HIP6_IPS,Area hIP6 (IPS) right,right,72.40877673641053,0.038472336294455095,0.007123707238743617,0.037017417919014146,0.024034763415150526,same
137,NGIQ-BR-00000145,IPL_L_6_2,left,1,AREA_PGA_IPL_LEFT.nii.gz,JULICH_BRAIN_CYTOARCHITECTONIC_ATLAS_V3_1_AREA_PGA_IPL,Area PGa (IPL) left,left,955.8881057620773,0.25025849672519307,0.11128783814681255,0.47820058245475383,0.41732082598373454,same
137,NGIQ-BR-00000145,IPL_L_6_2,left,2,AREA_PFM_IPL_LEFT.nii.gz,JULICH_BRAIN_CYTOARCHITECTONIC_ATLAS_V3_1_AREA_PFM_IPL,Area PFm (IPL) left,left,729.356682667698,0.17024258489555052,0.08491425718422102,0.30851791210745033,0.2889457168208423,same
137,NGIQ-BR-00000145,IPL_L_6_2,left,3,AREA_PGP_IPL_LEFT.nii.gz,JULICH_BRAIN_CYTOARCHITECTONIC_ATLAS_V3_1_AREA_PGP_IPL,Area PGp (IPL) left,left,699.6441373615362,0.15462811998723514,0.08145501868859631,0.28773046682017284,0.27205515557711657,same
137,NGIQ-BR-00000145,IPL_L_6_2,left,4,AREA_HIP6_IPS_LEFT.nii.gz,JULICH_BRAIN_CYTOARCHITECTONIC_ATLAS_V3_1_AREA_HIP6_IPS,Area hIP6 (IPS) left,left,665.8524428883641,0.3590880798124416,0.07752087137306005,0.46004651934603263,0.33098491748679226,same
137,NGIQ-BR-00000145,IPL_L_6_2,left,5,AREA_HIP1_IPS_LEFT.nii.gz,JULICH_BRAIN_CYTOARCHITECTONIC_ATLAS_V3_1_AREA_HIP1_IPS,Area hIP1 (IPS) left,left,636.4370173262486,0.2595967844893296,0.07409622459772802,0.3684747181232163,0.29711712508963795,same
137,NGIQ-BR-00000145,IPL_L_6_2,left,6,TEMPORAL_TO_PARIETAL_GAPMAP_LEFT.nii.gz,JULICH_BRAIN_CYTOARCHITECTONIC_ATLAS_V3_1_TEMPORAL_TO_PARIETAL_GAPMAP,Temporal-to-Parietal (GapMap) left,left,320.0820409272418,0.004974666335485774,0.03726507124598381,0.023286313787860526,0.010880973831067023,same
137,NGIQ-BR-00000145,IPL_L_6_2,left,7,AREA_HIP2_IPS_LEFT.nii.gz,JULICH_BRAIN_CYTOARCHITECTONIC_ATLAS_V3_1_AREA_HIP2_IPS,Area hIP2 (IPS) left,left,299.807849810816,0.1820692982372929,0.034904678972116625,0.22331077675860395,0.15227595056563467,same
137,NGIQ-BR-00000145,IPL_L_6_2,left,8,AREA_HIP3_IPS_LEFT.nii.gz,JULICH_BRAIN_CYTOARCHITECTONIC_ATLAS_V3_1_AREA_HIP3_IPS,Area hIP3 (IPS) left,left,274.00693671234137,0.08826742578771707,0.031900846385818395,0.13704897020670212,0.11961319684446477,same
137,NGIQ-BR-00000145,IPL_L_6_2,left,9,AREA_HIP5_IPS_LEFT.nii.gz,JULICH_BRAIN_CYTOARCHITECTONIC_ATLAS_V3_1_AREA_HIP5_IPS,Area hIP5 (IPS) left,left,242.4180730783873,0.12272410306389436,0.02822316034479947,0.14745064165334462,0.11538655451595922,same
137,NGIQ-BR-00000145,IPL_L_6_2,left,10,AREA_PF_IPL_LEFT.nii.gz,JULICH_BRAIN_CYTOARCHITECTONIC_ATLAS_V3_1_AREA_PF_IPL,Area PF (IPL) left,left,160.60926454025596,0.04994930340431278,0.018698692586811463,0.08286641646821856,0.07120938974585685,same
138,NGIQ-BR-00000146,IPL_R_6_2,right,1,AREA_PGP_IPL_RIGHT.nii.gz,JULICH_BRAIN_CYTOARCHITECTONIC_ATLAS_V3_1_AREA_PGP_IPL,Area PGp (IPL) right,right,1142.4095876599836,0.24730620737428244,0.13101744443839736,0.4456458484506268,0.426087972787388,same
138,NGIQ-BR-00000146,IPL_R_6_2,right,2,AREA_HIP6_IPS_RIGHT.nii.gz,JULICH_BRAIN_CYTOARCHITECTONIC_ATLAS_V3_1_AREA_HIP6_IPS,Area hIP6 (IPS) right,right,827.0114072550871,0.4394089005962886,0.09484594866006445,0.5229569340565284,0.394931887575699,same
138,NGIQ-BR-00000146,IPL_R_6_2,right,3,TEMPORAL_TO_PARIETAL_GAPMAP_RIGHT.nii.gz,JULICH_BRAIN_CYTOARCHITECTONIC_ATLAS_V3_1_TEMPORAL_TO_PARIETAL_GAPMAP,Temporal-to-Parietal (GapMap) right,right,671.910264651193,0.008853246307131572,0.07705814684805287,0.04527959599611407,0.0200615676438003,same
138,NGIQ-BR-00000146,IPL_R_6_2,right,4,AREA_HIP5_IPS_RIGHT.nii.gz,JULICH_BRAIN_CYTOARCHITECTONIC_ATLAS_V3_1_AREA_HIP5_IPS,Area hIP5 (IPS) right,right,579.6467859515767,0.3319094634791942,0.06647689357007527,0.39090235351017644,0.28268597169210796,same
138,NGIQ-BR-00000146,IPL_R_6_2,right,5,AREA_PGA_IPL_RIGHT.nii.gz,JULICH_BRAIN_CYTOARCHITECTONIC_ATLAS_V3_1_AREA_PGA_IPL,Area PGa (IPL) right,right,428.5305248737064,0.1033625809479951,0.04914609859656445,0.1937452541310796,0.17570263612950876,same
138,NGIQ-BR-00000146,IPL_R_6_2,right,6,AREA_HIP7_IPS_RIGHT.nii.gz,JULICH_BRAIN_CYTOARCHITECTONIC_ATLAS_V3_1_AREA_HIP7_IPS,Area hIP7 (IPS) right,right,338.92967703278833,0.1667745786234879,0.03887020960680507,0.19704198764723954,0.1569050963160719,same
138,NGIQ-BR-00000146,IPL_R_6_2,right,7,AREA_HIP4_IPS_RIGHT.nii.gz,JULICH_BRAIN_CYTOARCHITECTONIC_ATLAS_V3_1_AREA_HIP4_IPS,Area hIP4 (IPS) right,right,324.63687166162487,0.2204318112511732,0.037231036709612454,0.24203705460744476,0.16290228456518416,same
138,NGIQ-BR-00000146,IPL_R_6_2,right,8,AREA_HIP1_IPS_RIGHT.nii.gz,JULICH_BRAIN_CYTOARCHITECTONIC_ATLAS_V3_1_AREA_HIP1_IPS,Area hIP1 (IPS) right,right,258.0418622211633,0.11544452976151696,0.029593576342081745,0.1489749560985194,0.11912839880708745,same
138,NGIQ-BR-00000146,IPL_R_6_2,right,9,AREA_HIP8_IPS_RIGHT.nii.gz,JULICH_BRAIN_CYTOARCHITECTONIC_ATLAS_V3_1_AREA_HIP8_IPS,Area hIP8 (IPS) right,right,182.86540275297725,0.10462083470677878,0.020971950869187,0.1255863313897857,0.08967689171087075,same
138,NGIQ-BR-00000146,IPL_R_6_2,right,10,AREA_PFM_IPL_RIGHT.nii.gz,JULICH_BRAIN_CYTOARCHITECTONIC_ATLAS_V3_1_AREA_PFM_IPL,Area PFm (IPL) right,right,159.223399266095,0.04718445280081889,0.018260563542160373,0.0780951265556776,0.06825121954259154,same
139,NGIQ-BR-00000147,IPL_L_6_3,left,1,AREA_PFT_IPL_LEFT.nii.gz,JULICH_BRAIN_CYTOARCHITECTONIC_ATLAS_V3_1_AREA_PFT_IPL,Area PFt (IPL) left,left,1425.8068268976629,0.4993263338248046,0.15621808852617047,0.6124483664453736,0.4684530340669169,same
139,NGIQ-BR-00000147,IPL_L_6_3,left,2,AREA_HIP2_IPS_LEFT.nii.gz,JULICH_BRAIN_CYTOARCHITECTONIC_ATLAS_V3_1_AREA_HIP2_IPS,Area hIP2 (IPS) left,left,829.7003814063148,0.5038659470897289,0.09090586830387798,0.5100677889206278,0.29990922367710315,same
139,NGIQ-BR-00000147,IPL_L_6_3,left,3,AREA_PF_IPL_LEFT.nii.gz,JULICH_BRAIN_CYTOARCHITECTONIC_ATLAS_V3_1_AREA_PF_IPL,Area PF (IPL) left,left,768.8276394228685,0.23910454441766688,0.08423636496260713,0.32739864601919505,0.25181786379770676,same
139,NGIQ-BR-00000147,IPL_L_6_3,left,4,AREA_HIP1_IPS_LEFT.nii.gz,JULICH_BRAIN_CYTOARCHITECTONIC_ATLAS_V3_1_AREA_HIP1_IPS,Area hIP1 (IPS) left,left,473.24288659427725,0.19303140499030186,0.0518507120022869,0.22613942548629626,0.16098338433273912,same
139,NGIQ-BR-00000147,IPL_L_6_3,left,5,AREA_PFOP_IPL_LEFT.nii.gz,JULICH_BRAIN_CYTOARCHITECTONIC_ATLAS_V3_1_AREA_PFOP_IPL,Area PFop (IPL) left,left,404.9898748293564,0.2578335762230593,0.04437259166163051,0.239747529549823,0.1453013662562269,same
139,NGIQ-BR-00000147,IPL_L_6_3,left,6,AREA_PFM_IPL_LEFT.nii.gz,JULICH_BRAIN_CYTOARCHITECTONIC_ATLAS_V3_1_AREA_PFM_IPL,Area PFm (IPL) left,left,317.0614012607371,0.07400679777664539,0.034738735371433696,0.11069390741777693,0.09544697688679704,same
139,NGIQ-BR-00000147,IPL_L_6_3,left,7,AREA_2_POSTCS_LEFT.nii.gz,JULICH_BRAIN_CYTOARCHITECTONIC_ATLAS_V3_1_AREA_2_POSTCS,Area 2 (PostCS) left,left,299.95992504100957,0.09089440296262195,0.03286501736446181,0.13481910700591443,0.1000956963598607,same
139,NGIQ-BR-00000147,IPL_L_6_3,left,8,AREA_HIP3_IPS_LEFT.nii.gz,JULICH_BRAIN_CYTOARCHITECTONIC_ATLAS_V3_1_AREA_HIP3_IPS,Area hIP3 (IPS) left,left,277.6795599751183,0.08945050897963541,0.03042387598640288,0.11462993806895261,0.0899094869538587,same
139,NGIQ-BR-00000147,IPL_L_6_3,left,9,AREA_PGA_IPL_LEFT.nii.gz,JULICH_BRAIN_CYTOARCHITECTONIC_ATLAS_V3_1_AREA_PGA_IPL,Area PGa (IPL) left,left,136.9341655605339,0.03585036597581384,0.01500314993184427,0.05653986783764463,0.04434116970146446,same
139,NGIQ-BR-00000147,IPL_L_6_3,left,10,AREA_PGP_IPL_LEFT.nii.gz,JULICH_BRAIN_CYTOARCHITECTONIC_ATLAS_V3_1_AREA_PGP_IPL,Area PGp (IPL) left,left,107.16626331951234,0.02368478050233455,0.011741638835250211,0.03637530681681609,0.03180612826155295,same
140,NGIQ-BR-00000148,IPL_R_6_3,right,1,AREA_PFT_IPL_RIGHT.nii.gz,JULICH_BRAIN_CYTOARCHITECTONIC_ATLAS_V3_1_AREA_PFT_IPL,Area PFt (IPL) right,right,1291.2144733362202,0.4428477495473054,0.13300104245771535,0.5069302295571564,0.38189864554500097,same
140,NGIQ-BR-00000148,IPL_R_6_3,right,2,AREA_HIP2_IPS_RIGHT.nii.gz,JULICH_BRAIN_CYTOARCHITECTONIC_ATLAS_V3_1_AREA_HIP2_IPS,Area hIP2 (IPS) right,right,713.6528208675848,0.5665820010993456,0.07350953004967022,0.4518817831691573,0.2359382282030809,same
140,NGIQ-BR-00000148,IPL_R_6_3,right,3,AREA_HIP1_IPS_RIGHT.nii.gz,JULICH_BRAIN_CYTOARCHITECTONIC_ATLAS_V3_1_AREA_HIP1_IPS,Area hIP1 (IPS) right,right,691.7659250120737,0.3094869616528054,0.07125507889143229,0.3141054693675378,0.21384160639138847,same
140,NGIQ-BR-00000148,IPL_R_6_3,right,4,AREA_PF_IPL_RIGHT.nii.gz,JULICH_BRAIN_CYTOARCHITECTONIC_ATLAS_V3_1_AREA_PF_IPL,Area PF (IPL) right,right,545.1444470223997,0.17837698267525434,0.05615239082371592,0.2194895058866686,0.16260494575760892,same
140,NGIQ-BR-00000148,IPL_R_6_3,right,5,AREA_PFM_IPL_RIGHT.nii.gz,JULICH_BRAIN_CYTOARCHITECTONIC_ATLAS_V3_1_AREA_PFM_IPL,Area PFm (IPL) right,right,523.8008166263844,0.1552237612251561,0.05395389851192548,0.20205818470014156,0.1539791094185794,same
140,NGIQ-BR-00000148,IPL_R_6_3,right,6,AREA_2_POSTCS_RIGHT.nii.gz,JULICH_BRAIN_CYTOARCHITECTONIC_ATLAS_V3_1_AREA_2_POSTCS,Area 2 (PostCS) right,right,522.3199458455415,0.12394982352730533,0.053801361995595716,0.17155237860719635,0.14391957068473687,same
140,NGIQ-BR-00000148,IPL_R_6_3,right,7,AREA_PFOP_IPL_RIGHT.nii.gz,JULICH_BRAIN_CYTOARCHITECTONIC_ATLAS_V3_1_AREA_PFOP_IPL,Area PFop (IPL) right,right,324.43696244219643,0.21646172894358534,0.03341850258627855,0.1928028527749986,0.10620389213290495,same
140,NGIQ-BR-00000148,IPL_R_6_3,right,8,TEMPORAL_TO_PARIETAL_GAPMAP_RIGHT.nii.gz,JULICH_BRAIN_CYTOARCHITECTONIC_ATLAS_V3_1_TEMPORAL_TO_PARIETAL_GAPMAP,Temporal-to-Parietal (GapMap) right,right,318.2619442855399,0.004193493582672368,0.03278244725310945,0.016868218317142934,0.009208628736992224,same
140,NGIQ-BR-00000148,IPL_R_6_3,right,9,AREA_HIP3_IPS_RIGHT.nii.gz,JULICH_BRAIN_CYTOARCHITECTONIC_ATLAS_V3_1_AREA_HIP3_IPS,Area hIP3 (IPS) right,right,249.31446077731002,0.08327813082585894,0.02568053864629436,0.10163328778057293,0.07466546706325736,same
140,NGIQ-BR-00000148,IPL_R_6_3,right,10,AREA_PGA_IPL_RIGHT.nii.gz,JULICH_BRAIN_CYTOARCHITECTONIC_ATLAS_V3_1_AREA_PGA_IPL,Area PGa (IPL) right,right,192.84950770841374,0.04651575954167224,0.019864388211513977,0.0685742519960875,0.05497707394027959,same
141,NGIQ-BR-00000149,IPL_L_6_4,left,1,AREA_PFM_IPL_LEFT.nii.gz,JULICH_BRAIN_CYTOARCHITECTONIC_ATLAS_V3_1_AREA_PFM_IPL,Area PFm (IPL) left,left,2174.907611088846,0.5076554481772901,0.2021562424367623,0.7840918108662276,0.6869104881743433,same
141,NGIQ-BR-00000149,IPL_L_6_4,left,2,AREA_PGA_IPL_LEFT.nii.gz,JULICH_BRAIN_CYTOARCHITECTONIC_ATLAS_V3_1_AREA_PGA_IPL,Area PGa (IPL) left,left,1410.98269803807,0.3694055891978579,0.13114992054115762,0.6016035901096657,0.48114488891994706,same
141,NGIQ-BR-00000149,IPL_L_6_4,left,3,AREA_PF_IPL_LEFT.nii.gz,JULICH_BRAIN_CYTOARCHITECTONIC_ATLAS_V3_1_AREA_PF_IPL,Area PF (IPL) left,left,1120.8901415557482,0.3485955926872333,0.10418600681979229,0.492897598596874,0.3868516160999423,same
141,NGIQ-BR-00000149,IPL_L_6_4,left,4,TEMPORAL_TO_PARIETAL_GAPMAP_LEFT.nii.gz,JULICH_BRAIN_CYTOARCHITECTONIC_ATLAS_V3_1_TEMPORAL_TO_PARIETAL_GAPMAP,Temporal-to-Parietal (GapMap) left,left,833.37967112927,0.012952259935093854,0.07746209631145375,0.05167351778228824,0.027725083327820328,same
141,NGIQ-BR-00000149,IPL_L_6_4,left,5,AREA_PGP_IPL_LEFT.nii.gz,JULICH_BRAIN_CYTOARCHITECTONIC_ATLAS_V3_1_AREA_PGP_IPL,Area PGp (IPL) left,left,535.7131262636275,0.11839778130496069,0.04979418531497416,0.18777018173666904,0.1666958071432073,same
141,NGIQ-BR-00000149,IPL_L_6_4,left,6,AREA_PFCM_IPL_LEFT.nii.gz,JULICH_BRAIN_CYTOARCHITECTONIC_ATLAS_V3_1_AREA_PFCM_IPL,Area PFcm (IPL) left,left,394.195745541399,0.16247561405647457,0.03664023717463187,0.18692502054669402,0.13977051562738074,same
141,NGIQ-BR-00000149,IPL_L_6_4,left,7,AREA_TPJ_STG_SMG_LEFT.nii.gz,JULICH_BRAIN_CYTOARCHITECTONIC_ATLAS_V3_1_AREA_TPJ_STG_SMG,"Area TPJ (STG, SMG) left",left,314.69673161279553,0.14108445617247573,0.02925085573548724,0.1674367594016274,0.11557619137731866,same
141,NGIQ-BR-00000149,IPL_L_6_4,left,8,AREA_HIP1_IPS_LEFT.nii.gz,JULICH_BRAIN_CYTOARCHITECTONIC_ATLAS_V3_1_AREA_HIP1_IPS,Area hIP1 (IPS) left,left,113.13049532619357,0.04614488474876106,0.010515405676797157,0.05582357427077119,0.040635105809147726,same
141,NGIQ-BR-00000149,IPL_L_6_4,left,9,AREA_HIP6_IPS_LEFT.nii.gz,JULICH_BRAIN_CYTOARCHITECTONIC_ATLAS_V3_1_AREA_HIP6_IPS,Area hIP6 (IPS) left,left,105.49523261171545,0.056892605730454654,0.009805712992608304,0.06212154862970185,0.039753301265128244,same
141,NGIQ-BR-00000149,IPL_L_6_4,left,10,AREA_HIP2_IPS_LEFT.nii.gz,JULICH_BRAIN_CYTOARCHITECTONIC_ATLAS_V3_1_AREA_HIP2_IPS,Area hIP2 (IPS) left,left,93.08161276626569,0.05652721876976698,0.008651875132921844,0.05909031018943979,0.035651665603583245,same
142,NGIQ-BR-00000150,IPL_R_6_4,right,1,AREA_PFM_IPL_RIGHT.nii.gz,JULICH_BRAIN_CYTOARCHITECTONIC_ATLAS_V3_1_AREA_PFM_IPL,Area PFm (IPL) right,right,1679.8022982905675,0.497794624557272,0.15788343744580374,0.7392604890190543,0.6102726464984594,same
142,NGIQ-BR-00000150,IPL_R_6_4,right,2,AREA_PGA_IPL_RIGHT.nii.gz,JULICH_BRAIN_CYTOARCHITECTONIC_ATLAS_V3_1_AREA_PGA_IPL,Area PGa (IPL) right,right,1327.5022308415682,0.32019669271971807,0.12477100170390723,0.5385262189156634,0.46438969146787973,same
142,NGIQ-BR-00000150,IPL_R_6_4,right,3,TEMPORAL_TO_PARIETAL_GAPMAP_RIGHT.nii.gz,JULICH_BRAIN_CYTOARCHITECTONIC_ATLAS_V3_1_TEMPORAL_TO_PARIETAL_GAPMAP,Temporal-to-Parietal (GapMap) right,right,909.9122345681103,0.011989215754407149,0.08552201143777448,0.05501904585364496,0.026831529128155764,same
142,NGIQ-BR-00000150,IPL_R_6_4,right,4,AREA_PF_IPL_RIGHT.nii.gz,JULICH_BRAIN_CYTOARCHITECTONIC_ATLAS_V3_1_AREA_PF_IPL,Area PF (IPL) right,right,694.374270044937,0.22720654647493593,0.06526374963302493,0.3189516375922209,0.2568571131822063,same
142,NGIQ-BR-00000150,IPL_R_6_4,right,5,AREA_PGP_IPL_RIGHT.nii.gz,JULICH_BRAIN_CYTOARCHITECTONIC_ATLAS_V3_1_AREA_PGP_IPL,Area PGp (IPL) right,right,408.77607585509315,0.08849090735673469,0.038420576080462635,0.14307896127062408,0.13182918521582168,same
142,NGIQ-BR-00000150,IPL_R_6_4,right,6,AREA_HIP1_IPS_RIGHT.nii.gz,JULICH_BRAIN_CYTOARCHITECTONIC_ATLAS_V3_1_AREA_HIP1_IPS,Area hIP1 (IPS) right,right,278.6025981570383,0.12464313215585801,0.026185662397966582,0.1443213369608545,0.10774645915133069,same
142,NGIQ-BR-00000150,IPL_R_6_4,right,7,AREA_HIP6_IPS_RIGHT.nii.gz,JULICH_BRAIN_CYTOARCHITECTONIC_ATLAS_V3_1_AREA_HIP6_IPS,Area hIP6 (IPS) right,right,193.58252261973794,0.10285454673632857,0.018194685250601736,0.10983553084322299,0.07701089865954233,same
142,NGIQ-BR-00000150,IPL_R_6_4,right,8,AREA_TPJ_STG_SMG_RIGHT.nii.gz,JULICH_BRAIN_CYTOARCHITECTONIC_ATLAS_V3_1_AREA_TPJ_STG_SMG,"Area TPJ (STG, SMG) right",right,123.19135960573489,0.0706233920947545,0.011578669310054234,0.08044363793690391,0.05079381288203396,same
142,NGIQ-BR-00000150,IPL_R_6_4,right,9,AREA_HIP2_IPS_RIGHT.nii.gz,JULICH_BRAIN_CYTOARCHITECTONIC_ATLAS_V3_1_AREA_HIP2_IPS,Area hIP2 (IPS) right,right,106.58482099817736,0.08461963492913568,0.010017832417459325,0.07699495253544006,0.04486794168742104,same
142,NGIQ-BR-00000150,IPL_R_6_4,right,10,AREA_HIP4_IPS_RIGHT.nii.gz,JULICH_BRAIN_CYTOARCHITECTONIC_ATLAS_V3_1_AREA_HIP4_IPS,Area hIP4 (IPS) right,right,68.06513086269995,0.046216931558999676,0.006397393813389496,0.045533494413024914,0.028213829810447982,same
143,NGIQ-BR-00000151,IPL_L_6_5,left,1,TEMPORAL_TO_PARIETAL_GAPMAP_LEFT.nii.gz,JULICH_BRAIN_CYTOARCHITECTONIC_ATLAS_V3_1_TEMPORAL_TO_PARIETAL_GAPMAP,Temporal-to-Parietal (GapMap) left,left,2898.114490537774,0.04504205406431705,0.27405614237295023,0.16164672478571282,0.09467253648683202,same
143,NGIQ-BR-00000151,IPL_L_6_5,left,2,AREA_PGP_IPL_LEFT.nii.gz,JULICH_BRAIN_CYTOARCHITECTONIC_ATLAS_V3_1_AREA_PGP_IPL,Area PGp (IPL) left,left,2121.6616679158897,0.4689077452946461,0.2006319674491857,0.6689547077541791,0.563220964924317,same
143,NGIQ-BR-00000151,IPL_L_6_5,left,3,AREA_PGA_IPL_LEFT.nii.gz,JULICH_BRAIN_CYTOARCHITECTONIC_ATLAS_V3_1_AREA_PGA_IPL,Area PGa (IPL) left,left,885.9760768289332,0.23195501626722861,0.08378108823623552,0.3398106388285663,0.2541635347885581,same
143,NGIQ-BR-00000151,IPL_L_6_5,left,4,AREA_PFM_IPL_LEFT.nii.gz,JULICH_BRAIN_CYTOARCHITECTONIC_ATLAS_V3_1_AREA_PFM_IPL,Area PFm (IPL) left,left,403.90179283580375,0.09427662334540189,0.038194407986124425,0.1309869806457127,0.10858991463813654,same
143,NGIQ-BR-00000151,IPL_L_6_5,left,5,AREA_HIP4_IPS_LEFT.nii.gz,JULICH_BRAIN_CYTOARCHITECTONIC_ATLAS_V3_1_AREA_HIP4_IPS,Area hIP4 (IPS) left,left,56.82508393325332,0.04279055051017381,0.0053735845645893525,0.03517605990046456,0.0181853288703651,same
143,NGIQ-BR-00000151,IPL_L_6_5,left,6,AREA_HIP6_IPS_LEFT.nii.gz,JULICH_BRAIN_CYTOARCHITECTONIC_ATLAS_V3_1_AREA_HIP6_IPS,Area hIP6 (IPS) left,left,55.634039126565916,0.030002924064541137,0.0052609550787012654,0.029469738136653805,0.017347442589608006,same
143,NGIQ-BR-00000151,IPL_L_6_5,left,7,AREA_HOC4LA_LOC_LEFT.nii.gz,JULICH_BRAIN_CYTOARCHITECTONIC_ATLAS_V3_1_AREA_HOC4LA_LOC,Area hOc4la (LOC) left,left,55.05138699537796,0.017058455682079858,0.005205857395038285,0.019772962409223414,0.015428850233653741,same
143,NGIQ-BR-00000151,IPL_L_6_5,left,8,AREA_PF_IPL_LEFT.nii.gz,JULICH_BRAIN_CYTOARCHITECTONIC_ATLAS_V3_1_AREA_PF_IPL,Area PF (IPL) left,left,53.14088415489881,0.016526756120978172,0.005025193366697181,0.021020772605917226,0.015399736679867538,same
143,NGIQ-BR-00000151,IPL_L_6_5,left,9,AREA_HOC4LP_LOC_LEFT.nii.gz,JULICH_BRAIN_CYTOARCHITECTONIC_ATLAS_V3_1_AREA_HOC4LP_LOC,Area hOc4lp (LOC) left,left,45.89907802756843,0.01286432618623419,0.004340382101459456,0.015531183438640944,0.012565625000265942,same
143,NGIQ-BR-00000151,IPL_L_6_5,left,10,AREA_PFT_IPL_LEFT.nii.gz,JULICH_BRAIN_CYTOARCHITECTONIC_ATLAS_V3_1_AREA_PFT_IPL,Area PFt (IPL) left,left,41.87994154616477,0.01466661351211535,0.003960318082815565,0.01671040073027484,0.012169784071886831,same
144,NGIQ-BR-00000152,IPL_R_6_5,right,1,TEMPORAL_TO_PARIETAL_GAPMAP_RIGHT.nii.gz,JULICH_BRAIN_CYTOARCHITECTONIC_ATLAS_V3_1_TEMPORAL_TO_PARIETAL_GAPMAP,Temporal-to-Parietal (GapMap) right,right,3383.7241426978067,0.04458473824066785,0.3047281823231085,0.18090041782653984,0.09804153801367534,same
144,NGIQ-BR-00000152,IPL_R_6_5,right,2,AREA_PGA_IPL_RIGHT.nii.gz,JULICH_BRAIN_CYTOARCHITECTONIC_ATLAS_V3_1_AREA_PGA_IPL,Area PGa (IPL) right,right,1706.9477265206935,0.411719847981632,0.1537226606210574,0.6122416689897325,0.493378670557118,same
144,NGIQ-BR-00000152,IPL_R_6_5,right,3,AREA_PGP_IPL_RIGHT.nii.gz,JULICH_BRAIN_CYTOARCHITECTONIC_ATLAS_V3_1_AREA_PGP_IPL,Area PGp (IPL) right,right,1494.457773356611,0.3235167911772108,0.13458644429285888,0.46249285376272825,0.4036983590505354,same
144,NGIQ-BR-00000152,IPL_R_6_5,right,4,AREA_PFM_IPL_RIGHT.nii.gz,JULICH_BRAIN_CYTOARCHITECTONIC_ATLAS_V3_1_AREA_PFM_IPL,Area PFm (IPL) right,right,369.333758341632,0.1094488082062361,0.033261105250818615,0.143710797505022,0.11012856950441491,same
144,NGIQ-BR-00000152,IPL_R_6_5,right,5,AREA_HIP6_IPS_RIGHT.nii.gz,JULICH_BRAIN_CYTOARCHITECTONIC_ATLAS_V3_1_AREA_HIP6_IPS,Area hIP6 (IPS) right,right,90.17458620720137,0.04791169195421987,0.008120856366485721,0.045236806308020336,0.028950186993017445,same
144,NGIQ-BR-00000152,IPL_R_6_5,right,6,AREA_HIP1_IPS_RIGHT.nii.gz,JULICH_BRAIN_CYTOARCHITECTONIC_ATLAS_V3_1_AREA_HIP1_IPS,Area hIP1 (IPS) right,right,87.78864612956176,0.03927548376682067,0.00790598566416798,0.04020821583756883,0.02754724190406435,same
144,NGIQ-BR-00000152,IPL_R_6_5,right,7,AREA_HIP4_IPS_RIGHT.nii.gz,JULICH_BRAIN_CYTOARCHITECTONIC_ATLAS_V3_1_AREA_HIP4_IPS,Area hIP4 (IPS) right,right,87.66203197915262,0.05952343117470688,0.007894583168490598,0.05185001666460071,0.0290889061368118,same
144,NGIQ-BR-00000152,IPL_R_6_5,right,8,AREA_PF_IPL_RIGHT.nii.gz,JULICH_BRAIN_CYTOARCHITECTONIC_ATLAS_V3_1_AREA_PF_IPL,Area PF (IPL) right,right,71.86897303154808,0.023516282019121468,0.006472307018464902,0.029187958864878117,0.02174905445394698,same
144,NGIQ-BR-00000152,IPL_R_6_5,right,9,AREA_HIP5_IPS_RIGHT.nii.gz,JULICH_BRAIN_CYTOARCHITECTONIC_ATLAS_V3_1_AREA_HIP5_IPS,Area hIP5 (IPS) right,right,62.097833318846206,0.03555761722415638,0.005592347093155264,0.03322267921333264,0.020219041183118718,same
144,NGIQ-BR-00000152,IPL_R_6_5,right,10,AREA_HOC4LA_LOC_RIGHT.nii.gz,JULICH_BRAIN_CYTOARCHITECTONIC_ATLAS_V3_1_AREA_HOC4LA_LOC,Area hOc4la (LOC) right,right,51.727939247909895,0.014948684820150765,0.004658465122327651,0.01847962258000327,0.014927101672174007,same
145,NGIQ-BR-00000153,IPL_L_6_6,left,1,AREA_PFCM_IPL_LEFT.nii.gz,JULICH_BRAIN_CYTOARCHITECTONIC_ATLAS_V3_1_AREA_PFCM_IPL,Area PFcm (IPL) left,left,1267.209522488594,0.5223055997770105,0.12744836738478754,0.5296787423053153,0.36270454458359247,same
145,NGIQ-BR-00000153,IPL_L_6_6,left,2,AREA_OP1_POPERC_LEFT.nii.gz,JULICH_BRAIN_CYTOARCHITECTONIC_ATLAS_V3_1_AREA_OP1_POPERC,Area Op1 (POperc) left,left,1001.4655589075048,0.6200270360469688,0.10072142625964531,0.4612987717045815,0.2936741247415987,same
145,NGIQ-BR-00000153,IPL_L_6_6,left,3,AREA_PF_IPL_LEFT.nii.gz,JULICH_BRAIN_CYTOARCHITECTONIC_ATLAS_V3_1_AREA_PF_IPL,Area PF (IPL) left,left,868.9050594611256,0.27022851121821734,0.087389282731419,0.33680194465402374,0.24332670115280539,same
145,NGIQ-BR-00000153,IPL_L_6_6,left,4,AREA_PFOP_IPL_LEFT.nii.gz,JULICH_BRAIN_CYTOARCHITECTONIC_ATLAS_V3_1_AREA_PFOP_IPL,Area PFop (IPL) left,left,721.8709968838789,0.45957341717912986,0.07260147464375412,0.3889770171262424,0.2184131795328279,same
145,NGIQ-BR-00000153,IPL_L_6_6,left,5,AREA_TPJ_STG_SMG_LEFT.nii.gz,JULICH_BRAIN_CYTOARCHITECTONIC_ATLAS_V3_1_AREA_TPJ_STG_SMG,"Area TPJ (STG, SMG) left",left,514.3336554999361,0.23058543921165875,0.05172860803301501,0.24121934425642816,0.1514383811981102,same
145,NGIQ-BR-00000153,IPL_L_6_6,left,6,AREA_PFM_IPL_LEFT.nii.gz,JULICH_BRAIN_CYTOARCHITECTONIC_ATLAS_V3_1_AREA_PFM_IPL,Area PFm (IPL) left,left,374.88216695249275,0.08750301553391691,0.03770340996644191,0.11913229224004677,0.09763347021753858,same
145,NGIQ-BR-00000153,IPL_L_6_6,left,7,AREA_PFT_IPL_LEFT.nii.gz,JULICH_BRAIN_CYTOARCHITECTONIC_ATLAS_V3_1_AREA_PFT_IPL,Area PFt (IPL) left,left,339.4432829882771,0.11887512869101825,0.03413917861951494,0.1327181695064118,0.09530962711151345,same
145,NGIQ-BR-00000153,IPL_L_6_6,left,8,AREA_TE_2_2_STG_LEFT.nii.gz,JULICH_BRAIN_CYTOARCHITECTONIC_ATLAS_V3_1_AREA_TE_2_2_STG,Area Te 2.2 (STG) left,left,272.0946838667893,0.11139595527345314,0.02736565865193324,0.11471077260285087,0.07805957587324393,same
145,NGIQ-BR-00000153,IPL_L_6_6,left,9,AREA_TE_1_1_HESCHL_LEFT.nii.gz,JULICH_BRAIN_CYTOARCHITECTONIC_ATLAS_V3_1_AREA_TE_1_1_HESCHL,Area Te 1.1 (HESCHL) left,left,169.4955637343779,0.1751994309904572,0.01704685175856947,0.11327966053337614,0.05287986721073921,same
145,NGIQ-BR-00000153,IPL_L_6_6,left,10,AREA_OP2_POPERC_LEFT.nii.gz,JULICH_BRAIN_CYTOARCHITECTONIC_ATLAS_V3_1_AREA_OP2_POPERC,Area Op2 (POperc) left,left,156.44505249039406,0.17573353105602468,0.01573430926100666,0.10915823937938385,0.049042310705921084,same
146,NGIQ-BR-00000154,IPL_R_6_6,right,1,AREA_PFCM_IPL_RIGHT.nii.gz,JULICH_BRAIN_CYTOARCHITECTONIC_ATLAS_V3_1_AREA_PFCM_IPL,Area PFcm (IPL) right,right,1579.7674159498088,0.8109241812701965,0.1487360551052439,0.6677878785149655,0.38759528481638983,same
146,NGIQ-BR-00000154,IPL_R_6_6,right,2,AREA_PF_IPL_RIGHT.nii.gz,JULICH_BRAIN_CYTOARCHITECTONIC_ATLAS_V3_1_AREA_PF_IPL,Area PF (IPL) right,right,1281.8444839121814,0.4194329641401967,0.12068643135096321,0.4493037656163335,0.3017696228843939,same
146,NGIQ-BR-00000154,IPL_R_6_6,right,3,AREA_OP1_POPERC_RIGHT.nii.gz,JULICH_BRAIN_CYTOARCHITECTONIC_ATLAS_V3_1_AREA_OP1_POPERC,Area Op1 (POperc) right,right,860.1079230281206,0.5541212125126357,0.08097967975814478,0.38657955999989385,0.21331364758938448,same
146,NGIQ-BR-00000154,IPL_R_6_6,right,4,AREA_TPJ_STG_SMG_RIGHT.nii.gz,JULICH_BRAIN_CYTOARCHITECTONIC_ATLAS_V3_1_AREA_TPJ_STG_SMG,"Area TPJ (STG, SMG) right",right,556.5780930539253,0.3190762162451875,0.05240216318113396,0.2773390769625495,0.14020544921808745,same
146,NGIQ-BR-00000154,IPL_R_6_6,right,5,AREA_PFT_IPL_RIGHT.nii.gz,JULICH_BRAIN_CYTOARCHITECTONIC_ATLAS_V3_1_AREA_PFT_IPL,Area PFt (IPL) right,right,503.82387553965526,0.17279644401324826,0.047435321781560624,0.17219918842802262,0.11781968636551257,same
146,NGIQ-BR-00000154,IPL_R_6_6,right,6,AREA_PFOP_IPL_RIGHT.nii.gz,JULICH_BRAIN_CYTOARCHITECTONIC_ATLAS_V3_1_AREA_PFOP_IPL,Area PFop (IPL) right,right,458.30167402953026,0.30577518662303,0.04314937905102827,0.23710304087479062,0.11602460547627058,same
146,NGIQ-BR-00000154,IPL_R_6_6,right,7,AREA_PFM_IPL_RIGHT.nii.gz,JULICH_BRAIN_CYTOARCHITECTONIC_ATLAS_V3_1_AREA_PFM_IPL,Area PFm (IPL) right,right,412.6581629113723,0.12228761413530782,0.03885201494772735,0.13858086492952368,0.09603504153793826,same
146,NGIQ-BR-00000154,IPL_R_6_6,right,8,AREA_TE_2_2_STG_RIGHT.nii.gz,JULICH_BRAIN_CYTOARCHITECTONIC_ATLAS_V3_1_AREA_TE_2_2_STG,Area Te 2.2 (STG) right,right,393.62895644039895,0.1591248174166201,0.03706040368033451,0.14029292676791244,0.0930630466876303,same
146,NGIQ-BR-00000154,IPL_R_6_6,right,9,AREA_OP2_POPERC_RIGHT.nii.gz,JULICH_BRAIN_CYTOARCHITECTONIC_ATLAS_V3_1_AREA_OP2_POPERC,Area Op2 (POperc) right,right,139.10540623430055,0.35394398180032205,0.013096857903391275,0.12509687473224612,0.03679041477198869,same
146,NGIQ-BR-00000154,IPL_R_6_6,right,10,AREA_TE_1_1_HESCHL_RIGHT.nii.gz,JULICH_BRAIN_CYTOARCHITECTONIC_ATLAS_V3_1_AREA_TE_1_1_HESCHL,Area Te 1.1 (HESCHL) right,right,134.73651739792493,0.15526825394046978,0.012685524384193982,0.08096274115799526,0.03468410857055888,same
147,NGIQ-BR-00000155,PCun_L_4_1,left,1,FRONTAL_TO_OCCIPITAL_GAPMAP_LEFT.nii.gz,JULICH_BRAIN_CYTOARCHITECTONIC_ATLAS_V3_1_FRONTAL_TO_OCCIPITAL_GAPMAP,Frontal-to-Occipital (GapMap) left,left,1654.4097124756242,0.03948964178710492,0.33481472339846713,0.18165084643628202,0.09069108796426979,same
147,NGIQ-BR-00000155,PCun_L_4_1,left,2,AREA_7A_SPL_LEFT.nii.gz,JULICH_BRAIN_CYTOARCHITECTONIC_ATLAS_V3_1_AREA_7A_SPL,Area 7A (SPL) left,left,530.8866954773639,0.09545974125198187,0.10743933667809555,0.23082050812507182,0.2304389507499693,same
147,NGIQ-BR-00000155,PCun_L_4_1,left,3,AREA_7P_SPL_LEFT.nii.gz,JULICH_BRAIN_CYTOARCHITECTONIC_ATLAS_V3_1_AREA_7P_SPL,Area 7P (SPL) left,left,469.088948251619,0.26507737687495236,0.09493288468617941,0.42084246897622074,0.3184366209391404,same
147,NGIQ-BR-00000155,PCun_L_4_1,left,4,AREA_7M_SPL_LEFT.nii.gz,JULICH_BRAIN_CYTOARCHITECTONIC_ATLAS_V3_1_AREA_7M_SPL,Area 7M (SPL) left,left,109.75821567470771,0.26562992653312706,0.02221255493407774,0.21014550822135314,0.08614597323833308,same
147,NGIQ-BR-00000155,PCun_L_4_1,left,5,FRONTAL_TO_OCCIPITAL_GAPMAP_RIGHT.nii.gz,JULICH_BRAIN_CYTOARCHITECTONIC_ATLAS_V3_1_FRONTAL_TO_OCCIPITAL_GAPMAP,Frontal-to-Occipital (GapMap) right,right,27.763610648413486,0.0007897256911788796,0.005618720411089378,0.0033296405615554554,0.0017926246129794786,opposite
147,NGIQ-BR-00000155,PCun_L_4_1,left,6,AREA_HIP8_IPS_LEFT.nii.gz,JULICH_BRAIN_CYTOARCHITECTONIC_ATLAS_V3_1_AREA_HIP8_IPS,Area hIP8 (IPS) left,left,23.95915175668213,0.013513333415594325,0.004848784861321719,0.0193050006867559,0.015616376564716102,same
147,NGIQ-BR-00000155,PCun_L_4_1,left,7,AREA_5L_SPL_LEFT.nii.gz,JULICH_BRAIN_CYTOARCHITECTONIC_ATLAS_V3_1_AREA_5L_SPL,Area 5L (SPL) left,left,23.7681148889336,0.01153177529957467,0.004810123364383079,0.01929506456704366,0.015539470332722202,same
147,NGIQ-BR-00000155,PCun_L_4_1,left,8,AREA_5M_SPL_LEFT.nii.gz,JULICH_BRAIN_CYTOARCHITECTONIC_ATLAS_V3_1_AREA_5M_SPL,Area 5M (SPL) left,left,20.099568033101338,0.009764597433796799,0.004067693305161644,0.015120587629537826,0.012715124213414124,same
147,NGIQ-BR-00000155,PCun_L_4_1,left,9,AREA_HPO1_POS_LEFT.nii.gz,JULICH_BRAIN_CYTOARCHITECTONIC_ATLAS_V3_1_AREA_HPO1_POS,Area hPO1 (POS) left,left,7.338347073424079,0.0038132500849881452,0.0014851137702243358,0.005764639643891911,0.004732291557886448,same
147,NGIQ-BR-00000155,PCun_L_4_1,left,10,AREA_HOC2_V2_18_LEFT.nii.gz,JULICH_BRAIN_CYTOARCHITECTONIC_ATLAS_V3_1_AREA_HOC2_V2_18,"Area hOc2 (V2, 18) left",left,2.2351222418725305,0.0003145743022249964,0.000452337670367333,0.0009392052868953454,0.0009389475633251107,same
148,NGIQ-BR-00000156,PCun_R_4_1,right,1,FRONTAL_TO_OCCIPITAL_GAPMAP_RIGHT.nii.gz,JULICH_BRAIN_CYTOARCHITECTONIC_ATLAS_V3_1_FRONTAL_TO_OCCIPITAL_GAPMAP,Frontal-to-Occipital (GapMap) right,right,2092.3951534314206,0.05951741038615205,0.41888892369955183,0.276806028083758,0.1370206912669804,same
148,NGIQ-BR-00000156,PCun_R_4_1,right,2,AREA_7A_SPL_RIGHT.nii.gz,JULICH_BRAIN_CYTOARCHITECTONIC_ATLAS_V3_1_AREA_7A_SPL,Area 7A (SPL) right,right,397.1119739251792,0.08731192775824254,0.07950018765476694,0.21242645586598316,0.21192765979917333,same
148,NGIQ-BR-00000156,PCun_R_4_1,right,3,AREA_7P_SPL_RIGHT.nii.gz,JULICH_BRAIN_CYTOARCHITECTONIC_ATLAS_V3_1_AREA_7P_SPL,Area 7P (SPL) right,right,215.669457360614,0.08976800762396579,0.04317614037697348,0.15357858570230667,0.1444001587233477,same
148,NGIQ-BR-00000156,PCun_R_4_1,right,4,AREA_7M_SPL_RIGHT.nii.gz,JULICH_BRAIN_CYTOARCHITECTONIC_ATLAS_V3_1_AREA_7M_SPL,Area 7M (SPL) right,right,102.23490336049947,0.3573437143654169,0.020467008138007014,0.24566784238089592,0.09789608035336621,same
148,NGIQ-BR-00000156,PCun_R_4_1,right,5,AREA_5L_SPL_RIGHT.nii.gz,JULICH_BRAIN_CYTOARCHITECTONIC_ATLAS_V3_1_AREA_5L_SPL,Area 5L (SPL) right,right,94.50600762239262,0.03330890251467662,0.018919714926295916,0.0617382885784439,0.05957844483410418,same
148,NGIQ-BR-00000156,PCun_R_4_1,right,6,AREA_5M_SPL_RIGHT.nii.gz,JULICH_BRAIN_CYTOARCHITECTONIC_ATLAS_V3_1_AREA_5M_SPL,Area 5M (SPL) right,right,70.35110894243091,0.03805632676984005,0.014084003328738676,0.06362240165055916,0.053850269741711414,same
148,NGIQ-BR-00000156,PCun_R_4_1,right,7,FRONTAL_TO_OCCIPITAL_GAPMAP_LEFT.nii.gz,JULICH_BRAIN_CYTOARCHITECTONIC_ATLAS_V3_1_FRONTAL_TO_OCCIPITAL_GAPMAP,Frontal-to-Occipital (GapMap) left,left,35.820748333424056,0.0008550170550656709,0.007171166828069367,0.004338498378062721,0.001987257717223263,opposite
148,NGIQ-BR-00000156,PCun_R_4_1,right,8,AREA_HIP8_IPS_RIGHT.nii.gz,JULICH_BRAIN_CYTOARCHITECTONIC_ATLAS_V3_1_AREA_HIP8_IPS,Area hIP8 (IPS) right,right,26.225996075231485,0.015004399733906203,0.0052503367974669,0.02370037689565838,0.020067866243187925,same
148,NGIQ-BR-00000156,PCun_R_4_1,right,9,AREA_5CI_SPL_RIGHT.nii.gz,JULICH_BRAIN_CYTOARCHITECTONIC_ATLAS_V3_1_AREA_5CI_SPL,Area 5Ci (SPL) right,right,22.71637064332815,0.016567986190293288,0.004547724187536312,0.02310011820331643,0.018281680156052655,same
148,NGIQ-BR-00000156,PCun_R_4_1,right,10,AREA_HPO1_POS_RIGHT.nii.gz,JULICH_BRAIN_CYTOARCHITECTONIC_ATLAS_V3_1_AREA_HPO1_POS,Area hPO1 (POS) right,right,13.646889448298136,0.007511505138242102,0.002732051268360835,0.0119516399053829,0.010286545192276985,same
149,NGIQ-BR-00000157,PCun_L_4_2,left,1,FRONTAL_TO_OCCIPITAL_GAPMAP_LEFT.nii.gz,JULICH_BRAIN_CYTOARCHITECTONIC_ATLAS_V3_1_FRONTAL_TO_OCCIPITAL_GAPMAP,Frontal-to-Occipital (GapMap) left,left,1955.7198515666894,0.04668171118188867,0.3949759034467019,0.18433413398041784,0.10471185694050454,same
149,NGIQ-BR-00000157,PCun_L_4_2,left,2,AREA_5M_SPL_LEFT.nii.gz,JULICH_BRAIN_CYTOARCHITECTONIC_ATLAS_V3_1_AREA_5M_SPL,Area 5M (SPL) left,left,548.2390199422207,0.26634071530387354,0.11072199427384555,0.35404352156431296,0.27198903719279666,same
149,NGIQ-BR-00000157,PCun_L_4_2,left,3,AREA_7A_SPL_LEFT.nii.gz,JULICH_BRAIN_CYTOARCHITECTONIC_ATLAS_V3_1_AREA_7A_SPL,Area 7A (SPL) left,left,298.70157941601695,0.05371009619476719,0.06032557582124384,0.11148458821291402,0.10906646513593742,same
149,NGIQ-BR-00000157,PCun_L_4_2,left,4,AREA_5L_SPL_LEFT.nii.gz,JULICH_BRAIN_CYTOARCHITECTONIC_ATLAS_V3_1_AREA_5L_SPL,Area 5L (SPL) left,left,246.66073055223782,0.1196744518128236,0.04981543998576704,0.17189224175727053,0.12556306002868756,same
149,NGIQ-BR-00000157,PCun_L_4_2,left,5,AREA_5CI_SPL_LEFT.nii.gz,JULICH_BRAIN_CYTOARCHITECTONIC_ATLAS_V3_1_AREA_5CI_SPL,Area 5Ci (SPL) left,left,126.73936195237532,0.12103289472858388,0.02559619873434158,0.11138526084957685,0.06855140801380454,same
149,NGIQ-BR-00000157,PCun_L_4_2,left,6,AREA_7P_SPL_LEFT.nii.gz,JULICH_BRAIN_CYTOARCHITECTONIC_ATLAS_V3_1_AREA_7P_SPL,Area 7P (SPL) left,left,30.727919071701333,0.017364033441229762,0.006205790459538379,0.023664769193522762,0.016104736326862157,same
149,NGIQ-BR-00000157,PCun_L_4_2,left,7,AREA_7PC_SPL_LEFT.nii.gz,JULICH_BRAIN_CYTOARCHITECTONIC_ATLAS_V3_1_AREA_7PC_SPL,Area 7PC (SPL) left,left,19.46549826876444,0.012544394005299216,0.003931239312515243,0.01705494061992444,0.010521740126761516,same
149,NGIQ-BR-00000157,PCun_L_4_2,left,8,AREA_3B_POSTCG_LEFT.nii.gz,JULICH_BRAIN_CYTOARCHITECTONIC_ATLAS_V3_1_AREA_3B_POSTCG,Area 3b (PostCG) left,left,8.595320737607329,0.001259649847019467,0.00173590536038738,0.002938052709671562,0.00291622452495709,same
149,NGIQ-BR-00000157,PCun_L_4_2,left,9,AREA_HPO1_POS_LEFT.nii.gz,JULICH_BRAIN_CYTOARCHITECTONIC_ATLAS_V3_1_AREA_HPO1_POS,Area hPO1 (POS) left,left,4.702298977526415,0.002443471506087492,0.000949673229239431,0.0031709465272190423,0.002368198702238163,same
149,NGIQ-BR-00000157,PCun_L_4_2,left,10,FRONTAL_TO_OCCIPITAL_GAPMAP_RIGHT.nii.gz,JULICH_BRAIN_CYTOARCHITECTONIC_ATLAS_V3_1_FRONTAL_TO_OCCIPITAL_GAPMAP,Frontal-to-Occipital (GapMap) right,right,3.3868177259809884,9.633678426836953e-05,0.0006839994951511234,0.00034867274131066743,0.00021270515963669423,opposite
150,NGIQ-BR-00000158,PCun_R_4_2,right,1,FRONTAL_TO_OCCIPITAL_GAPMAP_RIGHT.nii.gz,JULICH_BRAIN_CYTOARCHITECTONIC_ATLAS_V3_1_FRONTAL_TO_OCCIPITAL_GAPMAP,Frontal-to-Occipital (GapMap) right,right,902.3065762366227,0.02566577861926739,0.16958693719684986,0.09398588891818835,0.05680474057023505,same
150,NGIQ-BR-00000158,PCun_R_4_2,right,2,AREA_5M_SPL_RIGHT.nii.gz,JULICH_BRAIN_CYTOARCHITECTONIC_ATLAS_V3_1_AREA_5M_SPL,Area 5M (SPL) right,right,582.1576067069491,0.3149172834008513,0.10941550032700814,0.4145303951845429,0.30318763337270405,same
150,NGIQ-BR-00000158,PCun_R_4_2,right,3,AREA_5L_SPL_RIGHT.nii.gz,JULICH_BRAIN_CYTOARCHITECTONIC_ATLAS_V3_1_AREA_5L_SPL,Area 5L (SPL) right,right,474.2774628908856,0.16716039724650805,0.0891396166573715,0.24395198146249936,0.21558581793688653,same
150,NGIQ-BR-00000158,PCun_R_4_2,right,4,AREA_7A_SPL_RIGHT.nii.gz,JULICH_BRAIN_CYTOARCHITECTONIC_ATLAS_V3_1_AREA_7A_SPL,Area 7A (SPL) right,right,186.39252737754342,0.04098161716002699,0.03503214834826624,0.07850563136665505,0.07493132161611106,same
150,NGIQ-BR-00000158,PCun_R_4_2,right,5,AREA_5CI_SPL_RIGHT.nii.gz,JULICH_BRAIN_CYTOARCHITECTONIC_ATLAS_V3_1_AREA_5CI_SPL,Area 5Ci (SPL) right,right,181.67656693985717,0.13250421466615292,0.03414579186186622,0.1454624383297294,0.09787141585525715,same
150,NGIQ-BR-00000158,PCun_R_4_2,right,6,FRONTAL_TO_OCCIPITAL_GAPMAP_LEFT.nii.gz,JULICH_BRAIN_CYTOARCHITECTONIC_ATLAS_V3_1_FRONTAL_TO_OCCIPITAL_GAPMAP,Frontal-to-Occipital (GapMap) left,left,44.154982396271166,0.0010539495898724438,0.008298851436721382,0.0042107668321863774,0.0023689670623644964,opposite
150,NGIQ-BR-00000158,PCun_R_4_2,right,7,AREA_4A_PRECG_RIGHT.nii.gz,JULICH_BRAIN_CYTOARCHITECTONIC_ATLAS_V3_1_AREA_4A_PRECG,Area 4a (PreCG) right,right,24.368208836432956,0.003193204708865686,0.004579962077612248,0.007807670009992818,0.007803114291966642,same
150,NGIQ-BR-00000158,PCun_R_4_2,right,8,AREA_7P_SPL_RIGHT.nii.gz,JULICH_BRAIN_CYTOARCHITECTONIC_ATLAS_V3_1_AREA_7P_SPL,Area 7P (SPL) right,right,20.858591270240364,0.0086819626807021,0.00392033561643174,0.011695093137631781,0.009898458076952032,same
150,NGIQ-BR-00000158,PCun_R_4_2,right,9,AREA_3B_POSTCG_RIGHT.nii.gz,JULICH_BRAIN_CYTOARCHITECTONIC_ATLAS_V3_1_AREA_3B_POSTCG,Area 3b (PostCG) right,right,19.342582682378143,0.004845184503465286,0.0036354044633728996,0.008278452101096331,0.007862925064643185,same
150,NGIQ-BR-00000158,PCun_R_4_2,right,10,AREA_2_POSTCS_RIGHT.nii.gz,JULICH_BRAIN_CYTOARCHITECTONIC_ATLAS_V3_1_AREA_2_POSTCS,Area 2 (PostCS) right,right,17.11982625573947,0.004062642945373074,0.0032176412945611774,0.007407222288259699,0.007011166069719043,same
151,NGIQ-BR-00000159,PCun_L_4_3,left,1,FRONTAL_TO_OCCIPITAL_GAPMAP_LEFT.nii.gz,JULICH_BRAIN_CYTOARCHITECTONIC_ATLAS_V3_1_FRONTAL_TO_OCCIPITAL_GAPMAP,Frontal-to-Occipital (GapMap) left,left,5808.068136428077,0.13863466132547994,0.6819213720073446,0.39281704713725857,0.287037441880825,same
151,NGIQ-BR-00000159,PCun_L_4_3,left,2,AREA_HPO1_POS_LEFT.nii.gz,JULICH_BRAIN_CYTOARCHITECTONIC_ATLAS_V3_1_AREA_HPO1_POS,Area hPO1 (POS) left,left,330.0042462536256,0.17148122151790257,0.038745576513143004,0.15968264333538473,0.09314325121436884,same
151,NGIQ-BR-00000159,PCun_L_4_3,left,3,AREA_HOC2_V2_18_LEFT.nii.gz,JULICH_BRAIN_CYTOARCHITECTONIC_ATLAS_V3_1_AREA_HOC2_V2_18,"Area hOc2 (V2, 18) left",left,312.43098274292316,0.043971983522246225,0.03668231146831613,0.08086816944994629,0.07144980494876846,same
151,NGIQ-BR-00000159,PCun_L_4_3,left,4,AREA_HOC1_V1_17_CALCS_LEFT.nii.gz,JULICH_BRAIN_CYTOARCHITECTONIC_ATLAS_V3_1_AREA_HOC1_V1_17_CALCS,"Area hOc1 (V1, 17, CalcS) left",left,214.78446630451313,0.02452790643694118,0.025217699673598274,0.04186354179685208,0.04083191437186196,same
151,NGIQ-BR-00000159,PCun_L_4_3,left,5,AREA_7P_SPL_LEFT.nii.gz,JULICH_BRAIN_CYTOARCHITECTONIC_ATLAS_V3_1_AREA_7P_SPL,Area 7P (SPL) left,left,162.02210463327617,0.09155703764078113,0.019022906290315937,0.0895370738679364,0.04675451283066532,same
151,NGIQ-BR-00000159,PCun_L_4_3,left,6,AREA_HIP8_IPS_LEFT.nii.gz,JULICH_BRAIN_CYTOARCHITECTONIC_ATLAS_V3_1_AREA_HIP8_IPS,Area hIP8 (IPS) left,left,142.6367613602479,0.08044934700344801,0.01674688617983105,0.07079362021817487,0.04044698573073433,same
151,NGIQ-BR-00000159,PCun_L_4_3,left,7,AREA_HOC6_POS_LEFT.nii.gz,JULICH_BRAIN_CYTOARCHITECTONIC_ATLAS_V3_1_AREA_HOC6_POS,Area hOc6 (POS) left,left,114.39157028694913,0.1369683178955861,0.013430637300361311,0.07123773266419195,0.03353429556150095,same
151,NGIQ-BR-00000159,PCun_L_4_3,left,8,AREA_7M_SPL_LEFT.nii.gz,JULICH_BRAIN_CYTOARCHITECTONIC_ATLAS_V3_1_AREA_7M_SPL,Area 7M (SPL) left,left,110.75575598242514,0.26804411081103235,0.013003758789182255,0.13062119373614697,0.03390785293500411,same
151,NGIQ-BR-00000159,PCun_L_4_3,left,9,AREA_HIP7_IPS_LEFT.nii.gz,JULICH_BRAIN_CYTOARCHITECTONIC_ATLAS_V3_1_AREA_HIP7_IPS,Area hIP7 (IPS) left,left,35.20640698920385,0.028220419452551618,0.004133560556383488,0.021179474410616125,0.010277548778627334,same
151,NGIQ-BR-00000159,PCun_L_4_3,left,10,AREA_7A_SPL_LEFT.nii.gz,JULICH_BRAIN_CYTOARCHITECTONIC_ATLAS_V3_1_AREA_7A_SPL,Area 7A (SPL) left,left,34.18766212421274,0.006147348216087817,0.004013950407235443,0.0091560092657391,0.007957863858748006,same
152,NGIQ-BR-00000160,PCun_R_4_3,right,1,FRONTAL_TO_OCCIPITAL_GAPMAP_RIGHT.nii.gz,JULICH_BRAIN_CYTOARCHITECTONIC_ATLAS_V3_1_FRONTAL_TO_OCCIPITAL_GAPMAP,Frontal-to-Occipital (GapMap) right,right,6265.606085989763,0.1782228601162008,0.6595914030934614,0.4281626025083909,0.34767663249244907,same
152,NGIQ-BR-00000160,PCun_R_4_3,right,2,FRONTAL_TO_TEMPORAL_II_GAPMAP_RIGHT.nii.gz,JULICH_BRAIN_CYTOARCHITECTONIC_ATLAS_V3_1_FRONTAL_TO_TEMPORAL_II_GAPMAP,Frontal-to-Temporal-II (GapMap) right,right,526.3595487839929,0.0536042019034683,0.05541079802166202,0.07460860691188281,0.0744670507866136,same
152,NGIQ-BR-00000160,PCun_R_4_3,right,3,AREA_HPO1_POS_RIGHT.nii.gz,JULICH_BRAIN_CYTOARCHITECTONIC_ATLAS_V3_1_AREA_HPO1_POS,Area hPO1 (POS) right,right,347.4281240744405,0.19123098703495567,0.0365743713676487,0.15717106766107847,0.0852085917756465,same
152,NGIQ-BR-00000160,PCun_R_4_3,right,4,AREA_HOC1_V1_17_CALCS_RIGHT.nii.gz,JULICH_BRAIN_CYTOARCHITECTONIC_ATLAS_V3_1_AREA_HOC1_V1_17_CALCS,"Area hOc1 (V1, 17, CalcS) right",right,332.7301252888764,0.030374942160072343,0.03502708711316707,0.04950779788230708,0.04920882625515564,same
152,NGIQ-BR-00000160,PCun_R_4_3,right,5,AREA_HOC2_V2_18_RIGHT.nii.gz,JULICH_BRAIN_CYTOARCHITECTONIC_ATLAS_V3_1_AREA_HOC2_V2_18,"Area hOc2 (V2, 18) right",right,329.58029887645483,0.03947392779340032,0.03469549933149729,0.06792460775927568,0.06194428212211196,same
152,NGIQ-BR-00000160,PCun_R_4_3,right,6,TEMPORAL_TO_PARIETAL_GAPMAP_RIGHT.nii.gz,JULICH_BRAIN_CYTOARCHITECTONIC_ATLAS_V3_1_TEMPORAL_TO_PARIETAL_GAPMAP,Temporal-to-Parietal (GapMap) right,right,227.48483594578911,0.00299739323793632,0.023947729886735505,0.010420053733401418,0.0064060697177737505,same
152,NGIQ-BR-00000160,PCun_R_4_3,right,7,AREA_HOC6_POS_RIGHT.nii.gz,JULICH_BRAIN_CYTOARCHITECTONIC_ATLAS_V3_1_AREA_HOC6_POS,Area hOc6 (POS) right,right,201.4695882921854,0.3167534911628708,0.021209058884095588,0.1367216850780452,0.051705611691376066,same
152,NGIQ-BR-00000160,PCun_R_4_3,right,8,AREA_7M_SPL_RIGHT.nii.gz,JULICH_BRAIN_CYTOARCHITECTONIC_ATLAS_V3_1_AREA_7M_SPL,Area 7M (SPL) right,right,87.193217882659,0.30476820852261854,0.00917898382601113,0.10822949502865277,0.02297562933263318,same
152,NGIQ-BR-00000160,PCun_R_4_3,right,9,AREA_HIP8_IPS_RIGHT.nii.gz,JULICH_BRAIN_CYTOARCHITECTONIC_ATLAS_V3_1_AREA_HIP8_IPS,Area hIP8 (IPS) right,right,83.53609571085299,0.04779261648098994,0.008793992125051895,0.03899520786413074,0.02058768902483792,same
152,NGIQ-BR-00000160,PCun_R_4_3,right,10,AREA_7P_SPL_RIGHT.nii.gz,JULICH_BRAIN_CYTOARCHITECTONIC_ATLAS_V3_1_AREA_7P_SPL,Area 7P (SPL) right,right,80.04340637918145,0.0333164334070734,0.008426310559177828,0.02944295440419532,0.01885919539842401,same
153,NGIQ-BR-00000161,PCun_L_4_4,left,1,FRONTAL_TO_OCCIPITAL_GAPMAP_LEFT.nii.gz,JULICH_BRAIN_CYTOARCHITECTONIC_ATLAS_V3_1_FRONTAL_TO_OCCIPITAL_GAPMAP,Frontal-to-Occipital (GapMap) left,left,5285.915565434105,0.12617123232643648,0.7540894831752152,0.4327989443742994,0.27509832051238775,same
153,NGIQ-BR-00000161,PCun_L_4_4,left,2,AREA_7A_SPL_LEFT.nii.gz,JULICH_BRAIN_CYTOARCHITECTONIC_ATLAS_V3_1_AREA_7A_SPL,Area 7A (SPL) left,left,99.8136437209378,0.017947680143784076,0.014239428926855294,0.032361904899507514,0.030466329363274897,same
153,NGIQ-BR-00000161,PCun_L_4_4,left,3,AREA_7P_SPL_LEFT.nii.gz,JULICH_BRAIN_CYTOARCHITECTONIC_ATLAS_V3_1_AREA_7P_SPL,Area 7P (SPL) left,left,61.24664714898337,0.034609855186632524,0.008737455587979802,0.04097493695143583,0.025044745672988086,same
153,NGIQ-BR-00000161,PCun_L_4_4,left,4,FRONTAL_TO_OCCIPITAL_GAPMAP_RIGHT.nii.gz,JULICH_BRAIN_CYTOARCHITECTONIC_ATLAS_V3_1_FRONTAL_TO_OCCIPITAL_GAPMAP,Frontal-to-Occipital (GapMap) right,right,56.6827446457781,0.0016123198189231564,0.008086368593248077,0.005069252168333158,0.0034436500355215557,opposite
153,NGIQ-BR-00000161,PCun_L_4_4,left,5,AREA_5M_SPL_LEFT.nii.gz,JULICH_BRAIN_CYTOARCHITECTONIC_ATLAS_V3_1_AREA_5M_SPL,Area 5M (SPL) left,left,43.68867759846609,0.021224453603251568,0.006232633098847139,0.024508823324561675,0.017111679103492244,same
153,NGIQ-BR-00000161,PCun_L_4_4,left,6,AREA_7M_SPL_LEFT.nii.gz,JULICH_BRAIN_CYTOARCHITECTONIC_ATLAS_V3_1_AREA_7M_SPL,Area 7M (SPL) left,left,40.1696994356224,0.0972161787101737,0.005730615162450961,0.05735262127537668,0.017881136265387954,same
153,NGIQ-BR-00000161,PCun_L_4_4,left,7,AREA_5CI_SPL_LEFT.nii.gz,JULICH_BRAIN_CYTOARCHITECTONIC_ATLAS_V3_1_AREA_5CI_SPL,Area 5Ci (SPL) left,left,18.08440395241634,0.017270149747356932,0.0025799236974549554,0.013806616490204685,0.007578409650445764,same
153,NGIQ-BR-00000161,PCun_L_4_4,left,8,AREA_HOC2_V2_18_LEFT.nii.gz,JULICH_BRAIN_CYTOARCHITECTONIC_ATLAS_V3_1_AREA_HOC2_V2_18,"Area hOc2 (V2, 18) left",left,5.661147246845546,0.0007967579632143268,0.000807620089406774,0.0017739252508560295,0.0016884613672386686,same
153,NGIQ-BR-00000161,PCun_L_4_4,left,9,AREA_HOC1_V1_17_CALCS_LEFT.nii.gz,JULICH_BRAIN_CYTOARCHITECTONIC_ATLAS_V3_1_AREA_HOC1_V1_17_CALCS,"Area hOc1 (V1, 17, CalcS) left",left,1.5965376016535853,0.00018232102903055595,0.00022776228640002442,0.0003767207984554063,0.00037651342916471937,same
153,NGIQ-BR-00000161,PCun_L_4_4,left,10,AREA_5L_SPL_LEFT.nii.gz,JULICH_BRAIN_CYTOARCHITECTONIC_ATLAS_V3_1_AREA_5L_SPL,Area 5L (SPL) left,left,1.4985635648743403,0.0007270706315167863,0.00021378529606696318,0.000907190061283439,0.0005989652148697793,same
154,NGIQ-BR-00000162,PCun_R_4_4,right,1,FRONTAL_TO_OCCIPITAL_GAPMAP_RIGHT.nii.gz,JULICH_BRAIN_CYTOARCHITECTONIC_ATLAS_V3_1_FRONTAL_TO_OCCIPITAL_GAPMAP,Frontal-to-Occipital (GapMap) right,right,5404.955597399356,0.15374197358553124,0.7079948241525741,0.4597596188526952,0.3238265849266226,same
154,NGIQ-BR-00000162,PCun_R_4_4,right,2,FRONTAL_TO_OCCIPITAL_GAPMAP_LEFT.nii.gz,JULICH_BRAIN_CYTOARCHITECTONIC_ATLAS_V3_1_FRONTAL_TO_OCCIPITAL_GAPMAP,Frontal-to-Occipital (GapMap) left,left,134.78694750407905,0.0032172733479354627,0.017655734534087378,0.010496861774555374,0.006931538276079213,opposite
154,NGIQ-BR-00000162,PCun_R_4_4,right,3,AREA_7A_SPL_RIGHT.nii.gz,JULICH_BRAIN_CYTOARCHITECTONIC_ATLAS_V3_1_AREA_7A_SPL,Area 7A (SPL) right,right,120.5900732215695,0.02651381084637513,0.01579608678489998,0.04147763974972692,0.03660841568800288,same
154,NGIQ-BR-00000162,PCun_R_4_4,right,4,AREA_7M_SPL_RIGHT.nii.gz,JULICH_BRAIN_CYTOARCHITECTONIC_ATLAS_V3_1_AREA_7M_SPL,Area 7M (SPL) right,right,44.67205139479579,0.1561431199034797,0.005851589453761859,0.06902268864744267,0.018125735175275038,same
154,NGIQ-BR-00000162,PCun_R_4_4,right,5,AREA_5CI_SPL_RIGHT.nii.gz,JULICH_BRAIN_CYTOARCHITECTONIC_ATLAS_V3_1_AREA_5CI_SPL,Area 5Ci (SPL) right,right,35.254830744314596,0.025712802369884002,0.0046180282600951665,0.023051582512352373,0.01323966029253975,same
154,NGIQ-BR-00000162,PCun_R_4_4,right,6,AREA_5M_SPL_RIGHT.nii.gz,JULICH_BRAIN_CYTOARCHITECTONIC_ATLAS_V3_1_AREA_5M_SPL,Area 5M (SPL) right,right,29.99091238786481,0.016223539033225494,0.003928507896057139,0.017439564876903343,0.01099911896406368,same
154,NGIQ-BR-00000162,PCun_R_4_4,right,7,AREA_5L_SPL_RIGHT.nii.gz,JULICH_BRAIN_CYTOARCHITECTONIC_ATLAS_V3_1_AREA_5L_SPL,Area 5L (SPL) right,right,28.90634677759919,0.010188121486600069,0.0037864407088833165,0.012142139923376835,0.009614651816654073,same
154,NGIQ-BR-00000162,PCun_R_4_4,right,8,AREA_7P_SPL_RIGHT.nii.gz,JULICH_BRAIN_CYTOARCHITECTONIC_ATLAS_V3_1_AREA_7P_SPL,Area 7P (SPL) right,right,22.33725927605985,0.009297428043503902,0.00292595631327921,0.010227718323944224,0.0076660277271690495,same
154,NGIQ-BR-00000162,PCun_R_4_4,right,9,AREA_HOC2_V2_18_RIGHT.nii.gz,JULICH_BRAIN_CYTOARCHITECTONIC_ATLAS_V3_1_AREA_HOC2_V2_18,"Area hOc2 (V2, 18) right",right,6.588763314905105,0.0007891380893427226,0.0008630617292700217,0.0016902963455086891,0.0016512665546548912,same
154,NGIQ-BR-00000162,PCun_R_4_4,right,10,AREA_HOC1_V1_17_CALCS_RIGHT.nii.gz,JULICH_BRAIN_CYTOARCHITECTONIC_ATLAS_V3_1_AREA_HOC1_V1_17_CALCS,"Area hOc1 (V1, 17, CalcS) right",right,6.007713735744714,0.0005484443498438416,0.0007869500781734748,0.0011127145474378855,0.0011061630224197222,same
155,NGIQ-BR-00000163,PoG_L_4_1,left,1,AREA_3B_POSTCG_LEFT.nii.gz,JULICH_BRAIN_CYTOARCHITECTONIC_ATLAS_V3_1_AREA_3B_POSTCG,Area 3b (PostCG) left,left,2361.1193521131763,0.34602357741823914,0.3015144828193275,0.6701883250869969,0.6395834309844861,same
155,NGIQ-BR-00000163,PoG_L_4_1,left,2,AREA_1_POSTCG_LEFT.nii.gz,JULICH_BRAIN_CYTOARCHITECTONIC_ATLAS_V3_1_AREA_1_POSTCG,Area 1 (PostCG) left,left,1307.3130938832362,0.3076517136635787,0.16694362825511452,0.4856616477984934,0.4146386877880416,same
155,NGIQ-BR-00000163,PoG_L_4_1,left,3,AREA_2_POSTCS_LEFT.nii.gz,JULICH_BRAIN_CYTOARCHITECTONIC_ATLAS_V3_1_AREA_2_POSTCS,Area 2 (PostCS) left,left,454.56746159602784,0.13774386035853528,0.058048176584955286,0.20873000033259032,0.15718910935554886,same
155,NGIQ-BR-00000163,PoG_L_4_1,left,4,AREA_3A_POSTCG_LEFT.nii.gz,JULICH_BRAIN_CYTOARCHITECTONIC_ATLAS_V3_1_AREA_3A_POSTCG,Area 3a (PostCG) left,left,251.34771663505936,0.16077588011325752,0.03209705461149691,0.13993888751563877,0.09194463791358946,same
155,NGIQ-BR-00000163,PoG_L_4_1,left,5,AREA_4P_PRECG_LEFT.nii.gz,JULICH_BRAIN_CYTOARCHITECTONIC_ATLAS_V3_1_AREA_4P_PRECG,Area 4p (PreCG) left,left,242.40505694453992,0.1468100188063941,0.030955078705364496,0.13817823681720015,0.0891786316389453,same
155,NGIQ-BR-00000163,PoG_L_4_1,left,6,AREA_PFT_IPL_LEFT.nii.gz,JULICH_BRAIN_CYTOARCHITECTONIC_ATLAS_V3_1_AREA_PFT_IPL,Area PFt (IPL) left,left,132.01566475448885,0.04623269902047868,0.016858374756394554,0.057933874797566884,0.0449220989694442,same
155,NGIQ-BR-00000163,PoG_L_4_1,left,7,AREA_OP4_POPERC_LEFT.nii.gz,JULICH_BRAIN_CYTOARCHITECTONIC_ATLAS_V3_1_AREA_OP4_POPERC,Area Op4 (POperc) left,left,65.07545241559168,0.06644864430150207,0.008310122638129297,0.04688316626883657,0.025046615360658137,same
155,NGIQ-BR-00000163,PoG_L_4_1,left,8,AREA_6V3_PRECG_LEFT.nii.gz,JULICH_BRAIN_CYTOARCHITECTONIC_ATLAS_V3_1_AREA_6V3_PRECG,Area 6v3 (PreCG) left,left,41.674968018323824,0.014117509735729486,0.005321885324141214,0.018415268022881733,0.014216989900727154,same
155,NGIQ-BR-00000163,PoG_L_4_1,left,9,AREA_4A_PRECG_LEFT.nii.gz,JULICH_BRAIN_CYTOARCHITECTONIC_ATLAS_V3_1_AREA_4A_PRECG,Area 4a (PreCG) left,left,31.734310342379583,0.012209823937860758,0.004052465269045821,0.013968900402437827,0.010810632765199044,same
155,NGIQ-BR-00000163,PoG_L_4_1,left,10,AREA_PFOP_IPL_LEFT.nii.gz,JULICH_BRAIN_CYTOARCHITECTONIC_ATLAS_V3_1_AREA_PFOP_IPL,Area PFop (IPL) left,left,21.7883560526916,0.013871383237553478,0.0027823688374037665,0.013177491889513013,0.00812283057673911,same
156,NGIQ-BR-00000164,PoG_R_4_1,right,1,AREA_3B_POSTCG_RIGHT.nii.gz,JULICH_BRAIN_CYTOARCHITECTONIC_ATLAS_V3_1_AREA_3B_POSTCG,Area 3b (PostCG) right,right,1390.2410642431396,0.34824586618873216,0.19337792015431113,0.5464151553952703,0.503716810200468,same
156,NGIQ-BR-00000164,PoG_R_4_1,right,2,AREA_1_POSTCG_RIGHT.nii.gz,JULICH_BRAIN_CYTOARCHITECTONIC_ATLAS_V3_1_AREA_1_POSTCG,Area 1 (PostCG) right,right,1234.450818543356,0.31326379657265885,0.17170801378440084,0.53606858568663,0.47349118701167536,same
156,NGIQ-BR-00000164,PoG_R_4_1,right,3,AREA_4A_PRECG_RIGHT.nii.gz,JULICH_BRAIN_CYTOARCHITECTONIC_ATLAS_V3_1_AREA_4A_PRECG,Area 4a (PreCG) right,right,581.0175352965064,0.07613640961860375,0.08081761173555185,0.17095626748864579,0.16974546546184113,same
156,NGIQ-BR-00000164,PoG_R_4_1,right,4,AREA_2_POSTCS_RIGHT.nii.gz,JULICH_BRAIN_CYTOARCHITECTONIC_ATLAS_V3_1_AREA_2_POSTCS,Area 2 (PostCS) right,right,356.878641964115,0.0846895567438228,0.0496406352146465,0.14179944415471182,0.13016278358190533,same
156,NGIQ-BR-00000164,PoG_R_4_1,right,5,AREA_PFT_IPL_RIGHT.nii.gz,JULICH_BRAIN_CYTOARCHITECTONIC_ATLAS_V3_1_AREA_PFT_IPL,Area PFt (IPL) right,right,198.98411033808875,0.06824556824491988,0.027678029652996882,0.09450657836597386,0.07979863502602103,same
156,NGIQ-BR-00000164,PoG_R_4_1,right,6,AREA_4P_PRECG_RIGHT.nii.gz,JULICH_BRAIN_CYTOARCHITECTONIC_ATLAS_V3_1_AREA_4P_PRECG,Area 4p (PreCG) right,right,196.57480672044693,0.14384667446548519,0.027342903512226843,0.1408140128165308,0.0906205275621411,same
156,NGIQ-BR-00000164,PoG_R_4_1,right,7,AREA_OP4_POPERC_RIGHT.nii.gz,JULICH_BRAIN_CYTOARCHITECTONIC_ATLAS_V3_1_AREA_OP4_POPERC,Area Op4 (POperc) right,right,178.5191347066841,0.061500745762655275,0.024831419431650716,0.08759041152006422,0.072653874193368,same
156,NGIQ-BR-00000164,PoG_R_4_1,right,8,AREA_PFOP_IPL_RIGHT.nii.gz,JULICH_BRAIN_CYTOARCHITECTONIC_ATLAS_V3_1_AREA_PFOP_IPL,Area PFop (IPL) right,right,73.11553191786446,0.04878209416225384,0.010170127941768248,0.052563782570575326,0.03373439578690586,same
156,NGIQ-BR-00000164,PoG_R_4_1,right,9,AREA_3A_POSTCG_RIGHT.nii.gz,JULICH_BRAIN_CYTOARCHITECTONIC_ATLAS_V3_1_AREA_3A_POSTCG,Area 3a (PostCG) right,right,65.10495274022612,0.07186967969855239,0.009055882951856041,0.05726561413117636,0.03124750596797034,same
156,NGIQ-BR-00000164,PoG_R_4_1,right,10,AREA_6V3_PRECG_RIGHT.nii.gz,JULICH_BRAIN_CYTOARCHITECTONIC_ATLAS_V3_1_AREA_6V3_PRECG,Area 6v3 (PreCG) right,right,42.96967304476692,0.016073419216006978,0.005976938976141883,0.024699947624303067,0.018602302895659936,same
157,NGIQ-BR-00000165,PoG_L_4_2,left,1,AREA_OP4_POPERC_LEFT.nii.gz,JULICH_BRAIN_CYTOARCHITECTONIC_ATLAS_V3_1_AREA_OP4_POPERC,Area Op4 (POperc) left,left,659.6585662612584,0.6735783740695281,0.12397103314348801,0.540929095776858,0.32157383510502957,same
157,NGIQ-BR-00000165,PoG_L_4_2,left,2,AREA_OP1_POPERC_LEFT.nii.gz,JULICH_BRAIN_CYTOARCHITECTONIC_ATLAS_V3_1_AREA_OP1_POPERC,Area Op1 (POperc) left,left,473.9628814764742,0.2934397473625759,0.08907284933980836,0.2789047778788172,0.21153531289917682,same
157,NGIQ-BR-00000165,PoG_L_4_2,left,3,AREA_OP3_POPERC_LEFT.nii.gz,JULICH_BRAIN_CYTOARCHITECTONIC_ATLAS_V3_1_AREA_OP3_POPERC,Area Op3 (POperc) left,left,264.620947053866,0.42504322699761493,0.0497307757005363,0.26344411190583367,0.13319379118301175,same
157,NGIQ-BR-00000165,PoG_L_4_2,left,4,AREA_TE_2_1_STG_LEFT.nii.gz,JULICH_BRAIN_CYTOARCHITECTONIC_ATLAS_V3_1_AREA_TE_2_1_STG,Area Te 2.1 (STG) left,left,212.8290683853184,0.14304976871369418,0.039997418119246134,0.14668196838997213,0.09969257588423733,same
157,NGIQ-BR-00000165,PoG_L_4_2,left,5,AREA_PFOP_IPL_LEFT.nii.gz,JULICH_BRAIN_CYTOARCHITECTONIC_ATLAS_V3_1_AREA_PFOP_IPL,Area PFop (IPL) left,left,194.6504515845908,0.12392265872482643,0.03658107211667907,0.1339939244477433,0.09114852113332535,same
157,NGIQ-BR-00000165,PoG_L_4_2,left,6,AREA_TE_1_0_HESCHL_LEFT.nii.gz,JULICH_BRAIN_CYTOARCHITECTONIC_ATLAS_V3_1_AREA_TE_1_0_HESCHL,Area Te 1.0 (HESCHL) left,left,165.5387288133748,0.17465972193415896,0.03111004432575806,0.15193058014027025,0.0823242957535682,same
157,NGIQ-BR-00000165,PoG_L_4_2,left,7,AREA_OP5_FRONTAL_OPERCULUM_LEFT.nii.gz,JULICH_BRAIN_CYTOARCHITECTONIC_ATLAS_V3_1_AREA_OP5_FRONTAL_OPERCULUM,Area Op5 (Frontal Operculum) left,left,159.79153985538946,0.1767738640238124,0.030029962918143763,0.13189870116494978,0.07799617439797894,same
157,NGIQ-BR-00000165,PoG_L_4_2,left,8,AREA_3B_POSTCG_LEFT.nii.gz,JULICH_BRAIN_CYTOARCHITECTONIC_ATLAS_V3_1_AREA_3B_POSTCG,Area 3b (PostCG) left,left,136.75926981515045,0.020042159979838353,0.025701459570250638,0.04418319199392468,0.0434871206887066,same
157,NGIQ-BR-00000165,PoG_L_4_2,left,9,AREA_PFT_IPL_LEFT.nii.gz,JULICH_BRAIN_CYTOARCHITECTONIC_ATLAS_V3_1_AREA_PFT_IPL,Area PFt (IPL) left,left,96.42150771960885,0.033767405964979326,0.018120698404632752,0.04816176842592382,0.040311016712594065,same
157,NGIQ-BR-00000165,PoG_L_4_2,left,10,AREA_1_POSTCG_LEFT.nii.gz,JULICH_BRAIN_CYTOARCHITECTONIC_ATLAS_V3_1_AREA_1_POSTCG,Area 1 (PostCG) left,left,71.99352689011022,0.01694233158381078,0.01352989616855161,0.030441710058703553,0.027625349295150255,same
158,NGIQ-BR-00000166,PoG_R_4_2,right,1,AREA_OP4_POPERC_RIGHT.nii.gz,JULICH_BRAIN_CYTOARCHITECTONIC_ATLAS_V3_1_AREA_OP4_POPERC,Area Op4 (POperc) right,right,1341.5421160182261,0.46216805129989424,0.2357380649413075,0.6546998002425721,0.541422777343688,same
158,NGIQ-BR-00000166,PoG_R_4_2,right,2,AREA_OP1_POPERC_RIGHT.nii.gz,JULICH_BRAIN_CYTOARCHITECTONIC_ATLAS_V3_1_AREA_OP1_POPERC,Area Op1 (POperc) right,right,523.0741686381429,0.33698851597525664,0.091915483579096,0.32494256330408694,0.23041205255801475,same
158,NGIQ-BR-00000166,PoG_R_4_2,right,3,AREA_OP3_POPERC_RIGHT.nii.gz,JULICH_BRAIN_CYTOARCHITECTONIC_ATLAS_V3_1_AREA_OP3_POPERC,Area Op3 (POperc) right,right,432.47333337591635,0.5461854853976498,0.07599495053599227,0.4002279178897889,0.20729418944557942,same
158,NGIQ-BR-00000166,PoG_R_4_2,right,4,AREA_OP5_FRONTAL_OPERCULUM_RIGHT.nii.gz,JULICH_BRAIN_CYTOARCHITECTONIC_ATLAS_V3_1_AREA_OP5_FRONTAL_OPERCULUM,Area Op5 (Frontal Operculum) right,right,350.8475821437397,0.23912730886104722,0.061651534540998316,0.21961652452342423,0.15489170210374673,same
158,NGIQ-BR-00000166,PoG_R_4_2,right,5,AREA_PFOP_IPL_RIGHT.nii.gz,JULICH_BRAIN_CYTOARCHITECTONIC_ATLAS_V3_1_AREA_PFOP_IPL,Area PFop (IPL) right,right,214.57679186528776,0.14316390773940696,0.0377057992378,0.15343548753584182,0.0980662862094784,same
158,NGIQ-BR-00000166,PoG_R_4_2,right,6,AREA_TE_2_2_STG_RIGHT.nii.gz,JULICH_BRAIN_CYTOARCHITECTONIC_ATLAS_V3_1_AREA_TE_2_2_STG,Area Te 2.2 (STG) right,right,138.32511181931238,0.055918036013985206,0.02430672418236005,0.06814078870417993,0.0560533006544522,same
158,NGIQ-BR-00000166,PoG_R_4_2,right,7,AREA_1_POSTCG_RIGHT.nii.gz,JULICH_BRAIN_CYTOARCHITECTONIC_ATLAS_V3_1_AREA_1_POSTCG,Area 1 (PostCG) right,right,133.7786462012923,0.03394870494623553,0.02350781150245453,0.057782917500211854,0.05090867863322977,same
158,NGIQ-BR-00000166,PoG_R_4_2,right,8,AREA_TE_1_0_HESCHL_RIGHT.nii.gz,JULICH_BRAIN_CYTOARCHITECTONIC_ATLAS_V3_1_AREA_TE_1_0_HESCHL,Area Te 1.0 (HESCHL) right,right,121.31547774235916,0.13383666147157885,0.021317762319155897,0.10074332784266166,0.05714972830616026,same
158,NGIQ-BR-00000166,PoG_R_4_2,right,9,AREA_3B_POSTCG_RIGHT.nii.gz,JULICH_BRAIN_CYTOARCHITECTONIC_ATLAS_V3_1_AREA_3B_POSTCG,Area 3b (PostCG) right,right,91.29999663170675,0.022870023931674366,0.016043390869447765,0.03569188533209068,0.03283397184684481,same
158,NGIQ-BR-00000166,PoG_R_4_2,right,10,AREA_2_POSTCS_RIGHT.nii.gz,JULICH_BRAIN_CYTOARCHITECTONIC_ATLAS_V3_1_AREA_2_POSTCS,Area 2 (PostCS) right,right,88.24024246405942,0.020939967099516347,0.01550572565710382,0.03487279582202408,0.03194242362860942,same
159,NGIQ-BR-00000167,PoG_L_4_3,left,1,AREA_2_POSTCS_LEFT.nii.gz,JULICH_BRAIN_CYTOARCHITECTONIC_ATLAS_V3_1_AREA_2_POSTCS,Area 2 (PostCS) left,left,1396.864586506705,0.42328045185635443,0.19474012458176196,0.6829480833063206,0.5353697230126212,same
159,NGIQ-BR-00000167,PoG_L_4_3,left,2,AREA_1_POSTCG_LEFT.nii.gz,JULICH_BRAIN_CYTOARCHITECTONIC_ATLAS_V3_1_AREA_1_POSTCG,Area 1 (PostCG) left,left,1216.4895688619063,0.2862780937981337,0.16959362595412492,0.4811820766023571,0.4238337003564298,same
159,NGIQ-BR-00000167,PoG_L_4_3,left,3,AREA_3B_POSTCG_LEFT.nii.gz,JULICH_BRAIN_CYTOARCHITECTONIC_ATLAS_V3_1_AREA_3B_POSTCG,Area 3b (PostCG) left,left,696.5017503976699,0.10207278473024643,0.09710092084377316,0.21049800502807828,0.20431504318789873,same
159,NGIQ-BR-00000167,PoG_L_4_3,left,4,AREA_PFT_IPL_LEFT.nii.gz,JULICH_BRAIN_CYTOARCHITECTONIC_ATLAS_V3_1_AREA_PFT_IPL,Area PFt (IPL) left,left,640.7905387367457,0.2244087939691188,0.08933409190111874,0.2994125879541198,0.24125453032004204,same
159,NGIQ-BR-00000167,PoG_L_4_3,left,5,AREA_7PC_SPL_LEFT.nii.gz,JULICH_BRAIN_CYTOARCHITECTONIC_ATLAS_V3_1_AREA_7PC_SPL,Area 7PC (SPL) left,left,118.55739668041406,0.07640342290072129,0.016528361032740937,0.09184206020058105,0.05128863838775135,same
159,NGIQ-BR-00000167,PoG_L_4_3,left,6,AREA_PFOP_IPL_LEFT.nii.gz,JULICH_BRAIN_CYTOARCHITECTONIC_ATLAS_V3_1_AREA_PFOP_IPL,Area PFop (IPL) left,left,84.57724612328177,0.05384542970179685,0.011791109607854015,0.05446389401086598,0.03524539638097501,same
159,NGIQ-BR-00000167,PoG_L_4_3,left,7,AREA_5L_SPL_LEFT.nii.gz,JULICH_BRAIN_CYTOARCHITECTONIC_ATLAS_V3_1_AREA_5L_SPL,Area 5L (SPL) left,left,52.6257900885671,0.025532895187514296,0.0073366831810736995,0.03242523762680213,0.021692564550668845,same
159,NGIQ-BR-00000167,PoG_L_4_3,left,8,AREA_PF_IPL_LEFT.nii.gz,JULICH_BRAIN_CYTOARCHITECTONIC_ATLAS_V3_1_AREA_PF_IPL,Area PF (IPL) left,left,52.18918319428052,0.016230778176192902,0.007275814803560273,0.02417539420853095,0.019579236134525172,same
159,NGIQ-BR-00000167,PoG_L_4_3,left,9,AREA_HIP3_IPS_LEFT.nii.gz,JULICH_BRAIN_CYTOARCHITECTONIC_ATLAS_V3_1_AREA_HIP3_IPS,Area hIP3 (IPS) left,left,52.034691356651216,0.016762233514298855,0.007254276738956579,0.02336642662120242,0.019265959024058005,same
159,NGIQ-BR-00000167,PoG_L_4_3,left,10,AREA_HIP2_IPS_LEFT.nii.gz,JULICH_BRAIN_CYTOARCHITECTONIC_ATLAS_V3_1_AREA_HIP2_IPS,Area hIP2 (IPS) left,left,27.481296747512808,0.016689024041991407,0.003831231175859812,0.01837760885923632,0.01155194574140569,same
160,NGIQ-BR-00000168,PoG_R_4_3,right,1,AREA_2_POSTCS_RIGHT.nii.gz,JULICH_BRAIN_CYTOARCHITECTONIC_ATLAS_V3_1_AREA_2_POSTCS,Area 2 (PostCS) right,right,1735.9885783045734,0.41196105880647416,0.24896000077727953,0.6741286996408508,0.6130683181295863,same
160,NGIQ-BR-00000168,PoG_R_4_3,right,2,AREA_1_POSTCG_RIGHT.nii.gz,JULICH_BRAIN_CYTOARCHITECTONIC_ATLAS_V3_1_AREA_1_POSTCG,Area 1 (PostCG) right,right,1190.5948792794406,0.3021345739015723,0.17074450015121606,0.5053037933314578,0.44145520147010303,same
160,NGIQ-BR-00000168,PoG_R_4_3,right,3,AREA_PFT_IPL_RIGHT.nii.gz,JULICH_BRAIN_CYTOARCHITECTONIC_ATLAS_V3_1_AREA_PFT_IPL,Area PFt (IPL) right,right,788.6248699532699,0.2704746237807256,0.1130975460842586,0.36606321804489955,0.3052626678602793,same
160,NGIQ-BR-00000168,PoG_R_4_3,right,4,AREA_3B_POSTCG_RIGHT.nii.gz,JULICH_BRAIN_CYTOARCHITECTONIC_ATLAS_V3_1_AREA_3B_POSTCG,Area 3b (PostCG) right,right,393.4090915723601,0.09854628336397513,0.05641922358688457,0.15111897480546016,0.13804708527176623,same
160,NGIQ-BR-00000168,PoG_R_4_3,right,5,AREA_PFOP_IPL_RIGHT.nii.gz,JULICH_BRAIN_CYTOARCHITECTONIC_ATLAS_V3_1_AREA_PFOP_IPL,Area PFop (IPL) right,right,203.70376296603996,0.13590951040851074,0.029213377104064367,0.143125824142214,0.09024458697160566,same
160,NGIQ-BR-00000168,PoG_R_4_3,right,6,AREA_7PC_SPL_RIGHT.nii.gz,JULICH_BRAIN_CYTOARCHITECTONIC_ATLAS_V3_1_AREA_7PC_SPL,Area 7PC (SPL) right,right,120.35672706325136,0.042598516489284075,0.017260488483444844,0.05876614524957634,0.04761453059927745,same
160,NGIQ-BR-00000168,PoG_R_4_3,right,7,AREA_4A_PRECG_RIGHT.nii.gz,JULICH_BRAIN_CYTOARCHITECTONIC_ATLAS_V3_1_AREA_4A_PRECG,Area 4a (PreCG) right,right,83.00762310864029,0.0108773006157911,0.011904213064483369,0.023870182977747994,0.023630531493201035,same
160,NGIQ-BR-00000168,PoG_R_4_3,right,8,AREA_OP4_POPERC_RIGHT.nii.gz,JULICH_BRAIN_CYTOARCHITECTONIC_ATLAS_V3_1_AREA_OP4_POPERC,Area Op4 (POperc) right,right,79.25841379639121,0.027304924844343176,0.011366534899455747,0.03800661158904818,0.031118701450279663,same
160,NGIQ-BR-00000168,PoG_R_4_3,right,9,AREA_HIP3_IPS_RIGHT.nii.gz,JULICH_BRAIN_CYTOARCHITECTONIC_ATLAS_V3_1_AREA_HIP3_IPS,Area hIP3 (IPS) right,right,38.07741890322234,0.012718942427354687,0.005460723853956048,0.01835235609667519,0.014982395412968147,same
160,NGIQ-BR-00000168,PoG_R_4_3,right,10,AREA_HIP2_IPS_RIGHT.nii.gz,JULICH_BRAIN_CYTOARCHITECTONIC_ATLAS_V3_1_AREA_HIP2_IPS,Area hIP2 (IPS) right,right,24.432878072944163,0.019397707885966,0.003503945486768143,0.0182914567555424,0.010970541464923347,same
161,NGIQ-BR-00000169,PoG_L_4_4,left,1,AREA_3B_POSTCG_LEFT.nii.gz,JULICH_BRAIN_CYTOARCHITECTONIC_ATLAS_V3_1_AREA_3B_POSTCG,Area 3b (PostCG) left,left,835.044609833673,0.1223763309295917,0.16325875806846918,0.3139710571532438,0.31385673542755205,same
161,NGIQ-BR-00000169,PoG_L_4_4,left,2,AREA_1_POSTCG_LEFT.nii.gz,JULICH_BRAIN_CYTOARCHITECTONIC_ATLAS_V3_1_AREA_1_POSTCG,Area 1 (PostCG) left,left,805.4985019918747,0.1895590242694987,0.15748222731166345,0.3963875049803186,0.3796232027729451,same
161,NGIQ-BR-00000169,PoG_L_4_4,left,3,AREA_2_POSTCS_LEFT.nii.gz,JULICH_BRAIN_CYTOARCHITECTONIC_ATLAS_V3_1_AREA_2_POSTCS,Area 2 (PostCS) left,left,293.3321294735104,0.08888603627502598,0.05734907883419954,0.17842149935159723,0.15763843516144807,same
161,NGIQ-BR-00000169,PoG_L_4_4,left,4,AREA_5L_SPL_LEFT.nii.gz,JULICH_BRAIN_CYTOARCHITECTONIC_ATLAS_V3_1_AREA_5L_SPL,Area 5L (SPL) left,left,225.31084392198272,0.10931594856416561,0.04405030357047434,0.1727113181932151,0.13430427650855103,same
161,NGIQ-BR-00000169,PoG_L_4_4,left,5,AREA_4P_PRECG_LEFT.nii.gz,JULICH_BRAIN_CYTOARCHITECTONIC_ATLAS_V3_1_AREA_4P_PRECG,Area 4p (PreCG) left,left,64.05865507982652,0.03879643632654618,0.012524045241070413,0.04837008030537244,0.03796886443717009,same
161,NGIQ-BR-00000169,PoG_L_4_4,left,6,AREA_4A_PRECG_LEFT.nii.gz,JULICH_BRAIN_CYTOARCHITECTONIC_ATLAS_V3_1_AREA_4A_PRECG,Area 4a (PreCG) left,left,53.97789528589537,0.02076807691317382,0.010553165715638153,0.03147386834174682,0.028343603845438357,same
161,NGIQ-BR-00000169,PoG_L_4_4,left,7,AREA_5M_SPL_LEFT.nii.gz,JULICH_BRAIN_CYTOARCHITECTONIC_ATLAS_V3_1_AREA_5M_SPL,Area 5M (SPL) left,left,47.088887424612,0.02287631398592627,0.009206302500772225,0.033449342189100624,0.0272372163330218,same
161,NGIQ-BR-00000169,PoG_L_4_4,left,8,AREA_PFT_IPL_LEFT.nii.gz,JULICH_BRAIN_CYTOARCHITECTONIC_ATLAS_V3_1_AREA_PFT_IPL,Area PFt (IPL) left,left,36.456234507969654,0.012767197897018048,0.007127522888638841,0.021192390104854634,0.019109959232142423,same
161,NGIQ-BR-00000169,PoG_L_4_4,left,9,AREA_3A_POSTCG_LEFT.nii.gz,JULICH_BRAIN_CYTOARCHITECTONIC_ATLAS_V3_1_AREA_3A_POSTCG,Area 3a (PostCG) left,left,34.14871226197869,0.021843402208525164,0.006676381462588697,0.025184818480087818,0.02005650544889472,same
161,NGIQ-BR-00000169,PoG_L_4_4,left,10,AREA_7PC_SPL_LEFT.nii.gz,JULICH_BRAIN_CYTOARCHITECTONIC_ATLAS_V3_1_AREA_7PC_SPL,Area 7PC (SPL) left,left,29.466289074753192,0.018989328447907756,0.005760925467429704,0.02839831513602977,0.018849928873305274,same
162,NGIQ-BR-00000170,PoG_R_4_4,right,1,AREA_4A_PRECG_RIGHT.nii.gz,JULICH_BRAIN_CYTOARCHITECTONIC_ATLAS_V3_1_AREA_4A_PRECG,Area 4a (PreCG) right,right,646.0771293830975,0.08466180447173664,0.14223648180766083,0.2464257984144908,0.2440254561260054,same
162,NGIQ-BR-00000170,PoG_R_4_4,right,2,AREA_1_POSTCG_RIGHT.nii.gz,JULICH_BRAIN_CYTOARCHITECTONIC_ATLAS_V3_1_AREA_1_POSTCG,Area 1 (PostCG) right,right,569.8574287131751,0.14461143282684188,0.12545640776592148,0.32078850465445685,0.31108625452331523,same
162,NGIQ-BR-00000170,PoG_R_4_4,right,3,AREA_3B_POSTCG_RIGHT.nii.gz,JULICH_BRAIN_CYTOARCHITECTONIC_ATLAS_V3_1_AREA_3B_POSTCG,Area 3b (PostCG) right,right,535.198999008634,0.1340636841960726,0.11782621489582389,0.27268040715428016,0.2696663147337819,same
162,NGIQ-BR-00000170,PoG_R_4_4,right,4,AREA_2_POSTCS_RIGHT.nii.gz,JULICH_BRAIN_CYTOARCHITECTONIC_ATLAS_V3_1_AREA_2_POSTCS,Area 2 (PostCS) right,right,432.6076803385668,0.10266053605844694,0.09524032295197463,0.22282002236097082,0.2199894522331361,same
162,NGIQ-BR-00000170,PoG_R_4_4,right,5,AREA_5L_SPL_RIGHT.nii.gz,JULICH_BRAIN_CYTOARCHITECTONIC_ATLAS_V3_1_AREA_5L_SPL,Area 5L (SPL) right,right,210.99185561375296,0.07436466026699454,0.046450706684549765,0.12919375365082214,0.12233923849122656,same
162,NGIQ-BR-00000170,PoG_R_4_4,right,6,AREA_5M_SPL_RIGHT.nii.gz,JULICH_BRAIN_CYTOARCHITECTONIC_ATLAS_V3_1_AREA_5M_SPL,Area 5M (SPL) right,right,49.11045045849864,0.02656622444988122,0.010811863437847019,0.04162878011467079,0.033990667574889374,same
162,NGIQ-BR-00000170,PoG_R_4_4,right,7,AREA_4P_PRECG_RIGHT.nii.gz,JULICH_BRAIN_CYTOARCHITECTONIC_ATLAS_V3_1_AREA_4P_PRECG,Area 4p (PreCG) right,right,37.500446720879836,0.027441535575003968,0.008255874361141136,0.03482254241118136,0.02690298276076016,same
162,NGIQ-BR-00000170,PoG_R_4_4,right,8,AREA_7PC_SPL_RIGHT.nii.gz,JULICH_BRAIN_CYTOARCHITECTONIC_ATLAS_V3_1_AREA_7PC_SPL,Area 7PC (SPL) right,right,37.39381868010793,0.013234999326666174,0.008232399768570552,0.024217019285861223,0.02249138356183449,same
162,NGIQ-BR-00000170,PoG_R_4_4,right,9,AREA_PFOP_IPL_RIGHT.nii.gz,JULICH_BRAIN_CYTOARCHITECTONIC_ATLAS_V3_1_AREA_PFOP_IPL,Area PFop (IPL) right,right,12.96405397365158,0.008649512423401978,0.002854088688973591,0.012081582225547269,0.00931262871121942,same
162,NGIQ-BR-00000170,PoG_R_4_4,right,10,AREA_PFT_IPL_RIGHT.nii.gz,JULICH_BRAIN_CYTOARCHITECTONIC_ATLAS_V3_1_AREA_PFT_IPL,Area PFt (IPL) right,right,11.909854533476018,0.004084722086454076,0.002622002436922923,0.007332568288637263,0.006931250810576,same
163,NGIQ-BR-00000013,INS_L_6_1,left,1,AREA_OP2_POPERC_LEFT.nii.gz,JULICH_BRAIN_CYTOARCHITECTONIC_ATLAS_V3_1_AREA_OP2_POPERC,Area Op2 (POperc) left,left,389.5382760149819,0.4375653664713517,0.13674208722569747,0.5024590155084854,0.3696830420051936,same
163,NGIQ-BR-00000013,INS_L_6_1,left,2,AREA_IG1_INSULA_LEFT.nii.gz,JULICH_BRAIN_CYTOARCHITECTONIC_ATLAS_V3_1_AREA_IG1_INSULA,Area Ig1 (Insula) left,left,281.69672629161744,0.6439596776468853,0.0988857852733329,0.5024222547359526,0.28963109597105113,same
163,NGIQ-BR-00000013,INS_L_6_1,left,3,AREA_IG2_INSULA_LEFT.nii.gz,JULICH_BRAIN_CYTOARCHITECTONIC_ATLAS_V3_1_AREA_IG2_INSULA,Area Ig2 (Insula) left,left,278.7732166658395,0.6627602512452904,0.0978595271804365,0.5864471231043585,0.294189299737522,same
163,NGIQ-BR-00000013,INS_L_6_1,left,4,AREA_ID2_INSULA_LEFT.nii.gz,JULICH_BRAIN_CYTOARCHITECTONIC_ATLAS_V3_1_AREA_ID2_INSULA,Area Id2 (Insula) left,left,170.50223799996468,0.510645689865438,0.05985248006763551,0.36496854343123486,0.18034659212689583,same
163,NGIQ-BR-00000013,INS_L_6_1,left,5,AREA_ID3_INSULA_LEFT.nii.gz,JULICH_BRAIN_CYTOARCHITECTONIC_ATLAS_V3_1_AREA_ID3_INSULA,Area Id3 (Insula) left,left,147.31258072781986,0.20987587494804072,0.0517120678599281,0.19612699365749553,0.14120169224419105,same
163,NGIQ-BR-00000013,INS_L_6_1,left,6,AREA_IG3_INSULA_LEFT.nii.gz,JULICH_BRAIN_CYTOARCHITECTONIC_ATLAS_V3_1_AREA_IG3_INSULA,Area Ig3 (Insula) left,left,83.10643370158911,0.29799513776926656,0.029173377575358657,0.22301369727481107,0.09004364227610498,same
163,NGIQ-BR-00000013,INS_L_6_1,left,7,AREA_TE_1_1_HESCHL_LEFT.nii.gz,JULICH_BRAIN_CYTOARCHITECTONIC_ATLAS_V3_1_AREA_TE_1_1_HESCHL,Area Te 1.1 (HESCHL) left,left,68.65176857483449,0.07096203892184837,0.024099264962340602,0.08482056269024366,0.06422043333087141,same
163,NGIQ-BR-00000013,INS_L_6_1,left,8,AREA_OP3_POPERC_LEFT.nii.gz,JULICH_BRAIN_CYTOARCHITECTONIC_ATLAS_V3_1_AREA_OP3_POPERC,Area Op3 (POperc) left,left,58.29712017810121,0.09363883079189479,0.020464407179576597,0.08398502420388607,0.05715495650750162,same
163,NGIQ-BR-00000013,INS_L_6_1,left,9,AREA_ID1_INSULA_LEFT.nii.gz,JULICH_BRAIN_CYTOARCHITECTONIC_ATLAS_V3_1_AREA_ID1_INSULA,Area Id1 (Insula) left,left,53.77247075164345,0.15067428652509113,0.018876090845510896,0.10688590720534794,0.056290204663376434,same
163,NGIQ-BR-00000013,INS_L_6_1,left,10,AREA_ID5_INSULA_LEFT.nii.gz,JULICH_BRAIN_CYTOARCHITECTONIC_ATLAS_V3_1_AREA_ID5_INSULA,Area Id5 (Insula) left,left,43.83448115736885,0.08614932881273926,0.01538749544007221,0.07285189335511515,0.04445267483243423,same
164,NGIQ-BR-00000014,INS_R_6_1,right,1,AREA_IG2_INSULA_RIGHT.nii.gz,JULICH_BRAIN_CYTOARCHITECTONIC_ATLAS_V3_1_AREA_IG2_INSULA,Area Ig2 (Insula) right,right,390.31011461360043,0.5820679096767795,0.1565360120814889,0.6345367199211439,0.478659413528208,same
164,NGIQ-BR-00000014,INS_R_6_1,right,2,AREA_IG1_INSULA_RIGHT.nii.gz,JULICH_BRAIN_CYTOARCHITECTONIC_ATLAS_V3_1_AREA_IG1_INSULA,Area Ig1 (Insula) right,right,248.4379487701626,0.553442192253467,0.09963740188666734,0.5177553096811734,0.3266364034128017,same
164,NGIQ-BR-00000014,INS_R_6_1,right,3,AREA_ID2_INSULA_RIGHT.nii.gz,JULICH_BRAIN_CYTOARCHITECTONIC_ATLAS_V3_1_AREA_ID2_INSULA,Area Id2 (Insula) right,right,217.11110462301588,0.4385499573039217,0.08707359923259744,0.440344639607679,0.28367457839652244,same
164,NGIQ-BR-00000014,INS_R_6_1,right,4,AREA_ID3_INSULA_RIGHT.nii.gz,JULICH_BRAIN_CYTOARCHITECTONIC_ATLAS_V3_1_AREA_ID3_INSULA,Area Id3 (Insula) right,right,209.77169730559947,0.21953724220070847,0.08413008967572257,0.28037291436502065,0.23767970847508563,same
164,NGIQ-BR-00000014,INS_R_6_1,right,5,AREA_OP2_POPERC_RIGHT.nii.gz,JULICH_BRAIN_CYTOARCHITECTONIC_ATLAS_V3_1_AREA_OP2_POPERC,Area Op2 (POperc) right,right,141.32879582138563,0.3596012411754233,0.0566806886674205,0.2973807339571624,0.18621092062788352,same
164,NGIQ-BR-00000014,INS_R_6_1,right,6,AREA_ID5_INSULA_RIGHT.nii.gz,JULICH_BRAIN_CYTOARCHITECTONIC_ATLAS_V3_1_AREA_ID5_INSULA,Area Id5 (Insula) right,right,115.8112571660751,0.14114321224087675,0.046446739841390354,0.16367234147072904,0.13455498361155485,same
164,NGIQ-BR-00000014,INS_R_6_1,right,7,AREA_IG3_INSULA_RIGHT.nii.gz,JULICH_BRAIN_CYTOARCHITECTONIC_ATLAS_V3_1_AREA_IG3_INSULA,Area Ig3 (Insula) right,right,95.42179071991589,0.2166510967176944,0.03826943249922527,0.21245987461519214,0.12722310667157674,same
164,NGIQ-BR-00000014,INS_R_6_1,right,8,AREA_ID1_INSULA_RIGHT.nii.gz,JULICH_BRAIN_CYTOARCHITECTONIC_ATLAS_V3_1_AREA_ID1_INSULA,Area Id1 (Insula) right,right,72.8740337146555,0.1734878712579557,0.02922653089140993,0.1537444630855803,0.0960724480431048,same
164,NGIQ-BR-00000014,INS_R_6_1,right,9,AREA_IA1_INSULA_RIGHT.nii.gz,JULICH_BRAIN_CYTOARCHITECTONIC_ATLAS_V3_1_AREA_IA1_INSULA,Area Ia1 (Insula) right,right,62.28131509524968,0.23364133987752408,0.024978262994420762,0.18270015589156832,0.0866965821296765,same
164,NGIQ-BR-00000014,INS_R_6_1,right,10,AREA_TE_1_1_HESCHL_RIGHT.nii.gz,JULICH_BRAIN_CYTOARCHITECTONIC_ATLAS_V3_1_AREA_TE_1_1_HESCHL,Area Te 1.1 (HESCHL) right,right,49.08996622864377,0.05657050879389536,0.019687800184871512,0.06901958419314962,0.05690769945088302,same
165,NGIQ-BR-00000171,INS_L_6_2,left,1,AREA_ID10_INSULA_LEFT.nii.gz,JULICH_BRAIN_CYTOARCHITECTONIC_ATLAS_V3_1_AREA_ID10_INSULA,Area Id10 (Insula) left,left,385.92358787200925,0.3318764956001013,0.20779979562648457,0.5224659764803002,0.4801101930699064,same
165,NGIQ-BR-00000171,INS_L_6_2,left,2,AREA_ID8_INSULA_LEFT.nii.gz,JULICH_BRAIN_CYTOARCHITECTONIC_ATLAS_V3_1_AREA_ID8_INSULA,Area Id8 (Insula) left,left,195.2182588310415,0.24192529733366497,0.10511488689077571,0.3184076318569904,0.2681141329379727,same
165,NGIQ-BR-00000171,INS_L_6_2,left,3,FRONTAL_TO_TEMPORAL_II_GAPMAP_LEFT.nii.gz,JULICH_BRAIN_CYTOARCHITECTONIC_ATLAS_V3_1_FRONTAL_TO_TEMPORAL_II_GAPMAP,Frontal-to-Temporal-II (GapMap) left,left,187.5833430184533,0.015724658675761047,0.1010038815121477,0.06042094488542987,0.03859697848568129,same
165,NGIQ-BR-00000171,INS_L_6_2,left,4,FRONTAL_TO_TEMPORAL_I_GAPMAP_LEFT.nii.gz,JULICH_BRAIN_CYTOARCHITECTONIC_ATLAS_V3_1_FRONTAL_TO_TEMPORAL_I_GAPMAP,Frontal-to-Temporal-I (GapMap) left,left,116.04000088319124,0.02652918264065678,0.062481509878637646,0.061111385705154404,0.05350401494998416,same
165,NGIQ-BR-00000171,INS_L_6_2,left,5,AREA_ID9_INSULA_LEFT.nii.gz,JULICH_BRAIN_CYTOARCHITECTONIC_ATLAS_V3_1_AREA_ID9_INSULA,Area Id9 (Insula) left,left,43.52493585949075,0.11014849835251242,0.023435915970126214,0.11029697770806059,0.06909842765521644,same
165,NGIQ-BR-00000171,INS_L_6_2,left,6,AREA_ID7_INSULA_LEFT.nii.gz,JULICH_BRAIN_CYTOARCHITECTONIC_ATLAS_V3_1_AREA_ID7_INSULA,Area Id7 (Insula) left,left,26.69272308926139,0.03568709303822889,0.01437264416318193,0.042976315174040776,0.03643967857400257,same
165,NGIQ-BR-00000171,INS_L_6_2,left,7,AREA_ID6_INSULA_LEFT.nii.gz,JULICH_BRAIN_CYTOARCHITECTONIC_ATLAS_V3_1_AREA_ID6_INSULA,Area Id6 (Insula) left,left,23.507156618941206,0.011129131204391891,0.012657382172752226,0.021979369859580763,0.021955218524130064,same
165,NGIQ-BR-00000171,INS_L_6_2,left,8,AREA_FO3_OFC_LEFT.nii.gz,JULICH_BRAIN_CYTOARCHITECTONIC_ATLAS_V3_1_AREA_FO3_OFC,Area Fo3 (OFC) left,left,12.732373986378759,0.003753849117355178,0.006855721690395726,0.00939708367285435,0.009230591175296092,same
165,NGIQ-BR-00000171,INS_L_6_2,left,9,AREA_ID3_INSULA_LEFT.nii.gz,JULICH_BRAIN_CYTOARCHITECTONIC_ATLAS_V3_1_AREA_ID3_INSULA,Area Id3 (Insula) left,left,9.857290882436594,0.014043658310427195,0.0053076388569450765,0.01647928354490669,0.013689905255313044,same
165,NGIQ-BR-00000171,INS_L_6_2,left,10,AREA_IA3_INSULA_LEFT.nii.gz,JULICH_BRAIN_CYTOARCHITECTONIC_ATLAS_V3_1_AREA_IA3_INSULA,Area Ia3 (Insula) left,left,7.811064313447608,0.03402523276516557,0.004205852191906057,0.02531562995825714,0.01295581051401863,same
166,NGIQ-BR-00000172,INS_R_6_2,right,1,FRONTAL_TO_TEMPORAL_II_GAPMAP_RIGHT.nii.gz,JULICH_BRAIN_CYTOARCHITECTONIC_ATLAS_V3_1_FRONTAL_TO_TEMPORAL_II_GAPMAP,Frontal-to-Temporal-II (GapMap) right,right,519.4395181492306,0.05289946933011432,0.3022360100055165,0.20711474824387063,0.1370298163143406,same
166,NGIQ-BR-00000172,INS_R_6_2,right,2,AREA_ID10_INSULA_RIGHT.nii.gz,JULICH_BRAIN_CYTOARCHITECTONIC_ATLAS_V3_1_AREA_ID10_INSULA,Area Id10 (Insula) right,right,279.3288853310112,0.2352779776481322,0.16252757988559347,0.3844382332481518,0.3712013916765989,same
166,NGIQ-BR-00000172,INS_R_6_2,right,3,AREA_ID8_INSULA_RIGHT.nii.gz,JULICH_BRAIN_CYTOARCHITECTONIC_ATLAS_V3_1_AREA_ID8_INSULA,Area Id8 (Insula) right,right,185.35586440932937,0.1902713185393085,0.10784935480035002,0.3009576022727617,0.27495269629284963,same
166,NGIQ-BR-00000172,INS_R_6_2,right,4,AREA_ID9_INSULA_RIGHT.nii.gz,JULICH_BRAIN_CYTOARCHITECTONIC_ATLAS_V3_1_AREA_ID9_INSULA,Area Id9 (Insula) right,right,154.41005038599278,0.19558667411582792,0.08984352538230603,0.2666897069034416,0.23722929573637758,same
166,NGIQ-BR-00000172,INS_R_6_2,right,5,FRONTAL_TO_TEMPORAL_I_GAPMAP_RIGHT.nii.gz,JULICH_BRAIN_CYTOARCHITECTONIC_ATLAS_V3_1_FRONTAL_TO_TEMPORAL_I_GAPMAP,Frontal-to-Temporal-I (GapMap) right,right,31.256580127667217,0.010713003910855503,0.018186648751452622,0.022377250897353075,0.020797732569539686,same
166,NGIQ-BR-00000172,INS_R_6_2,right,6,AREA_IA3_INSULA_RIGHT.nii.gz,JULICH_BRAIN_CYTOARCHITECTONIC_ATLAS_V3_1_AREA_IA3_INSULA,Area Ia3 (Insula) right,right,31.092569163047095,0.11657077022869532,0.018091218931787455,0.10306103081335093,0.05955031689546309,same
166,NGIQ-BR-00000172,INS_R_6_2,right,7,AREA_ID3_INSULA_RIGHT.nii.gz,JULICH_BRAIN_CYTOARCHITECTONIC_ATLAS_V3_1_AREA_ID3_INSULA,Area Id3 (Insula) right,right,29.262440671379267,0.03062470108013456,0.017026358223672853,0.04667884025761684,0.042947946859515834,same
166,NGIQ-BR-00000172,INS_R_6_2,right,8,AREA_PIRTB_PIRIFORMCORTEXMESIAL_TEMPOROBASAL_RIGHT.nii.gz,JULICH_BRAIN_CYTOARCHITECTONIC_ATLAS_V3_1_AREA_PIRTB_PIRIFORMCORTEXMESIAL_TEMPOROBASAL,"Area PirTB (PiriformCortexMesial, temporobasal) right",right,16.231978332047262,0.08588584330054516,0.009444580541453033,0.058858063432770766,0.031565379855101786,same
166,NGIQ-BR-00000172,INS_R_6_2,right,9,AREA_ID7_INSULA_RIGHT.nii.gz,JULICH_BRAIN_CYTOARCHITECTONIC_ATLAS_V3_1_AREA_ID7_INSULA,Area Id7 (Insula) right,right,12.194451233279441,0.01318262433716667,0.007095344416776517,0.020925883369538403,0.018669044115931333,same
166,NGIQ-BR-00000172,INS_R_6_2,right,10,AREA_ID6_INSULA_RIGHT.nii.gz,JULICH_BRAIN_CYTOARCHITECTONIC_ATLAS_V3_1_AREA_ID6_INSULA,Area Id6 (Insula) right,right,11.99912546150635,0.005634404750799268,0.006981694068951062,0.01214454038774317,0.012134300947435428,same
167,NGIQ-BR-00000173,INS_L_6_3,left,1,AREA_ID6_INSULA_LEFT.nii.gz,JULICH_BRAIN_CYTOARCHITECTONIC_ATLAS_V3_1_AREA_ID6_INSULA,Area Id6 (Insula) left,left,640.0217458091222,0.3030092536599818,0.2769916494119007,0.5493761147203602,0.5445944828840733,same
167,NGIQ-BR-00000173,INS_L_6_3,left,2,AREA_ID7_INSULA_LEFT.nii.gz,JULICH_BRAIN_CYTOARCHITECTONIC_ATLAS_V3_1_AREA_ID7_INSULA,Area Id7 (Insula) left,left,309.938470404569,0.41437522100935514,0.13413664253709098,0.4581120204649351,0.37027127870245236,same
167,NGIQ-BR-00000173,INS_L_6_3,left,3,AREA_ID8_INSULA_LEFT.nii.gz,JULICH_BRAIN_CYTOARCHITECTONIC_ATLAS_V3_1_AREA_ID8_INSULA,Area Id8 (Insula) left,left,265.59263406282844,0.32913712759261704,0.1149444409700644,0.3976847771724825,0.31897041712547813,same
167,NGIQ-BR-00000173,INS_L_6_3,left,4,FRONTAL_TO_TEMPORAL_I_GAPMAP_LEFT.nii.gz,JULICH_BRAIN_CYTOARCHITECTONIC_ATLAS_V3_1_FRONTAL_TO_TEMPORAL_I_GAPMAP,Frontal-to-Temporal-I (GapMap) left,left,60.42999523306793,0.013815566772753276,0.02615318020546265,0.029216411666953664,0.026581926501037637,same
167,NGIQ-BR-00000173,INS_L_6_3,left,5,AREA_ID9_INSULA_LEFT.nii.gz,JULICH_BRAIN_CYTOARCHITECTONIC_ATLAS_V3_1_AREA_ID9_INSULA,Area Id9 (Insula) left,left,47.88803974832973,0.12119019966743409,0.0207252131725982,0.11140698976528962,0.06520370687975471,same
167,NGIQ-BR-00000173,INS_L_6_3,left,6,AREA_OP7_FRONTAL_OPERCULUM_LEFT.nii.gz,JULICH_BRAIN_CYTOARCHITECTONIC_ATLAS_V3_1_AREA_OP7_FRONTAL_OPERCULUM,Area Op7 (Frontal Operculum) left,left,31.05216180590449,0.05787699785820613,0.01343890199472675,0.0559800590445237,0.03977725828259602,same
167,NGIQ-BR-00000173,INS_L_6_3,left,7,AREA_OP8_FRONTAL_OPERCULUM_LEFT.nii.gz,JULICH_BRAIN_CYTOARCHITECTONIC_ATLAS_V3_1_AREA_OP8_FRONTAL_OPERCULUM,Area Op8 (Frontal Operculum) left,left,28.30361993162577,0.03114168818746954,0.012249374994715734,0.040002536367880585,0.03317412693789015,same
167,NGIQ-BR-00000173,INS_L_6_3,left,8,AREA_ID10_INSULA_LEFT.nii.gz,JULICH_BRAIN_CYTOARCHITECTONIC_ATLAS_V3_1_AREA_ID10_INSULA,Area Id10 (Insula) left,left,27.7745348209253,0.023884819619651526,0.012020395028875778,0.03451941216077425,0.030576481219801818,same
167,NGIQ-BR-00000173,INS_L_6_3,left,9,AREA_ID3_INSULA_LEFT.nii.gz,JULICH_BRAIN_CYTOARCHITECTONIC_ATLAS_V3_1_AREA_ID3_INSULA,Area Id3 (Insula) left,left,8.359388522736685,0.011909600467060773,0.003617815847898248,0.012829660719306772,0.010137745918963038,same
167,NGIQ-BR-00000173,INS_L_6_3,left,10,AREA_OP6_FRONTAL_OPERCULUM_LEFT.nii.gz,JULICH_BRAIN_CYTOARCHITECTONIC_ATLAS_V3_1_AREA_OP6_FRONTAL_OPERCULUM,Area Op6 (Frontal Operculum) left,left,4.690890489499309,0.0022733942776764302,0.0020301458542699605,0.004611390662848526,0.004450549812382195,same
168,NGIQ-BR-00000174,INS_R_6_3,right,1,AREA_ID6_INSULA_RIGHT.nii.gz,JULICH_BRAIN_CYTOARCHITECTONIC_ATLAS_V3_1_AREA_ID6_INSULA,Area Id6 (Insula) right,right,694.6842550295897,0.3262014618816059,0.31024892185979114,0.6235925367782955,0.6216552075879166,same
168,NGIQ-BR-00000174,INS_R_6_3,right,2,AREA_ID8_INSULA_RIGHT.nii.gz,JULICH_BRAIN_CYTOARCHITECTONIC_ATLAS_V3_1_AREA_ID8_INSULA,Area Id8 (Insula) right,right,336.022733692663,0.34493372412374507,0.1500691718485658,0.4838933031469428,0.41858826515709624,same
168,NGIQ-BR-00000174,INS_R_6_3,right,3,AREA_ID7_INSULA_RIGHT.nii.gz,JULICH_BRAIN_CYTOARCHITECTONIC_ATLAS_V3_1_AREA_ID7_INSULA,Area Id7 (Insula) right,right,285.3287683371608,0.30845028559466403,0.12742903284660692,0.4342592368549487,0.36496104457713363,same
168,NGIQ-BR-00000174,INS_R_6_3,right,4,AREA_ID9_INSULA_RIGHT.nii.gz,JULICH_BRAIN_CYTOARCHITECTONIC_ATLAS_V3_1_AREA_ID9_INSULA,Area Id9 (Insula) right,right,161.79918349740578,0.20494627192858475,0.07226019860738962,0.24785003180866166,0.20756668700531858,same
168,NGIQ-BR-00000174,INS_R_6_3,right,5,AREA_OP7_FRONTAL_OPERCULUM_RIGHT.nii.gz,JULICH_BRAIN_CYTOARCHITECTONIC_ATLAS_V3_1_AREA_OP7_FRONTAL_OPERCULUM,Area Op7 (Frontal Operculum) right,right,53.10581615277048,0.10778591990581944,0.02371728175295917,0.10800129083279109,0.07553846298740244,same
168,NGIQ-BR-00000174,INS_R_6_3,right,6,AREA_ID10_INSULA_RIGHT.nii.gz,JULICH_BRAIN_CYTOARCHITECTONIC_ATLAS_V3_1_AREA_ID10_INSULA,Area Id10 (Insula) right,right,41.728842278894355,0.03514809293475585,0.01863627717736715,0.050936491110114814,0.04735915018555967,same
168,NGIQ-BR-00000174,INS_R_6_3,right,7,AREA_OP8_FRONTAL_OPERCULUM_RIGHT.nii.gz,JULICH_BRAIN_CYTOARCHITECTONIC_ATLAS_V3_1_AREA_OP8_FRONTAL_OPERCULUM,Area Op8 (Frontal Operculum) right,right,40.33672258308054,0.03914246647319905,0.018014550642471636,0.05727029775959558,0.049890818210069715,same
168,NGIQ-BR-00000174,INS_R_6_3,right,8,AREA_OP9_FRONTAL_OPERCULUM_RIGHT.nii.gz,JULICH_BRAIN_CYTOARCHITECTONIC_ATLAS_V3_1_AREA_OP9_FRONTAL_OPERCULUM,Area Op9 (Frontal Operculum) right,right,31.45924417967573,0.016836389358568498,0.014049831299044736,0.032545191344444994,0.03176749115129955,same
168,NGIQ-BR-00000174,INS_R_6_3,right,9,FRONTAL_TO_TEMPORAL_II_GAPMAP_RIGHT.nii.gz,JULICH_BRAIN_CYTOARCHITECTONIC_ATLAS_V3_1_FRONTAL_TO_TEMPORAL_II_GAPMAP,Frontal-to-Temporal-II (GapMap) right,right,26.011402230571743,0.0026489886241848988,0.011616802079028711,0.009198600700583573,0.0066367140030671075,same
168,NGIQ-BR-00000174,INS_R_6_3,right,10,FRONTAL_TO_TEMPORAL_I_GAPMAP_RIGHT.nii.gz,JULICH_BRAIN_CYTOARCHITECTONIC_ATLAS_V3_1_FRONTAL_TO_TEMPORAL_I_GAPMAP,Frontal-to-Temporal-I (GapMap) right,right,17.511994899575743,0.006002130401974921,0.007820930873085812,0.011119438531587098,0.010733683181992429,same
169,NGIQ-BR-00000175,INS_L_6_4,left,1,AREA_ID3_INSULA_LEFT.nii.gz,JULICH_BRAIN_CYTOARCHITECTONIC_ATLAS_V3_1_AREA_ID3_INSULA,Area Id3 (Insula) left,left,330.5450241648492,0.4709266908065095,0.140705633209624,0.53393769349787,0.4349828357471604,same
169,NGIQ-BR-00000175,INS_L_6_4,left,2,AREA_IA3_INSULA_LEFT.nii.gz,JULICH_BRAIN_CYTOARCHITECTONIC_ATLAS_V3_1_AREA_IA3_INSULA,Area Ia3 (Insula) left,left,158.23526915313252,0.6892776257551512,0.06735721948481975,0.4955198068245152,0.24617971255781637,same
169,NGIQ-BR-00000175,INS_L_6_4,left,3,AREA_ID1_INSULA_LEFT.nii.gz,JULICH_BRAIN_CYTOARCHITECTONIC_ATLAS_V3_1_AREA_ID1_INSULA,Area Id1 (Insula) left,left,123.79758411361941,0.3468896332846946,0.05269786621819273,0.29856235591814556,0.18425052640045772,same
169,NGIQ-BR-00000175,INS_L_6_4,left,4,AREA_ID9_INSULA_LEFT.nii.gz,JULICH_BRAIN_CYTOARCHITECTONIC_ATLAS_V3_1_AREA_ID9_INSULA,Area Id9 (Insula) left,left,118.7245392080081,0.3004560363643711,0.050538384321442385,0.2907000915501569,0.17726419830323178,same
169,NGIQ-BR-00000175,INS_L_6_4,left,5,FRONTAL_TO_TEMPORAL_II_GAPMAP_LEFT.nii.gz,JULICH_BRAIN_CYTOARCHITECTONIC_ATLAS_V3_1_FRONTAL_TO_TEMPORAL_II_GAPMAP,Frontal-to-Temporal-II (GapMap) left,left,98.3147369255889,0.008241486989599306,0.04185038739549619,0.030597860906372145,0.02006457887702509,same
169,NGIQ-BR-00000175,INS_L_6_4,left,6,AREA_IA1_INSULA_LEFT.nii.gz,JULICH_BRAIN_CYTOARCHITECTONIC_ATLAS_V3_1_AREA_IA1_INSULA,Area Ia1 (Insula) left,left,95.64722911134677,0.5784370081563601,0.040714888904654065,0.3661659214664079,0.1521321386510444,same
169,NGIQ-BR-00000175,INS_L_6_4,left,7,AREA_ID5_INSULA_LEFT.nii.gz,JULICH_BRAIN_CYTOARCHITECTONIC_ATLAS_V3_1_AREA_ID5_INSULA,Area Id5 (Insula) left,left,63.02972004582244,0.12387435493324297,0.02683034389181976,0.1270962610770721,0.08969404806840064,same
169,NGIQ-BR-00000175,INS_L_6_4,left,8,AREA_IG2_INSULA_LEFT.nii.gz,JULICH_BRAIN_CYTOARCHITECTONIC_ATLAS_V3_1_AREA_IG2_INSULA,Area Ig2 (Insula) left,left,53.38017726595528,0.12690695368597749,0.022722749077905908,0.13624489836579232,0.08036472727790983,same
169,NGIQ-BR-00000175,INS_L_6_4,left,9,AREA_ID10_INSULA_LEFT.nii.gz,JULICH_BRAIN_CYTOARCHITECTONIC_ATLAS_V3_1_AREA_ID10_INSULA,Area Id10 (Insula) left,left,31.50498382770873,0.027092833802492194,0.013410967870222524,0.04121118994263071,0.037342085620368844,same
169,NGIQ-BR-00000175,INS_L_6_4,left,10,AREA_ID8_INSULA_LEFT.nii.gz,JULICH_BRAIN_CYTOARCHITECTONIC_ATLAS_V3_1_AREA_ID8_INSULA,Area Id8 (Insula) left,left,30.530806125546885,0.03783546884388531,0.0129962821831888,0.048115002038194035,0.03975473984200147,same
170,NGIQ-BR-00000176,INS_R_6_4,right,1,AREA_ID3_INSULA_RIGHT.nii.gz,JULICH_BRAIN_CYTOARCHITECTONIC_ATLAS_V3_1_AREA_ID3_INSULA,Area Id3 (Insula) right,right,427.6519464585038,0.44756051532772173,0.19776839448437306,0.6446715818367005,0.5793752155132722,same
170,NGIQ-BR-00000176,INS_R_6_4,right,2,FRONTAL_TO_TEMPORAL_II_GAPMAP_RIGHT.nii.gz,JULICH_BRAIN_CYTOARCHITECTONIC_ATLAS_V3_1_FRONTAL_TO_TEMPORAL_II_GAPMAP,Frontal-to-Temporal-II (GapMap) right,right,211.06701943326826,0.02149496318818991,0.09760831420878334,0.07953073160593252,0.054858456784401925,same
170,NGIQ-BR-00000176,INS_R_6_4,right,3,AREA_ID9_INSULA_RIGHT.nii.gz,JULICH_BRAIN_CYTOARCHITECTONIC_ATLAS_V3_1_AREA_ID9_INSULA,Area Id9 (Insula) right,right,172.0872347872691,0.21797784422512456,0.07958204426981583,0.28087811861306344,0.2431748020406713,same
170,NGIQ-BR-00000176,INS_R_6_4,right,4,AREA_IA3_INSULA_RIGHT.nii.gz,JULICH_BRAIN_CYTOARCHITECTONIC_ATLAS_V3_1_AREA_IA3_INSULA,Area Ia3 (Insula) right,right,161.19010697903963,0.6043262242260783,0.07454264835692087,0.5049109837534481,0.2784410768685094,same
170,NGIQ-BR-00000176,INS_R_6_4,right,5,AREA_ID1_INSULA_RIGHT.nii.gz,JULICH_BRAIN_CYTOARCHITECTONIC_ATLAS_V3_1_AREA_ID1_INSULA,Area Id1 (Insula) right,right,140.0575669904366,0.3334286289939898,0.06476986808657932,0.3332668848794181,0.22807829182282163,same
170,NGIQ-BR-00000176,INS_R_6_4,right,6,AREA_IA1_INSULA_RIGHT.nii.gz,JULICH_BRAIN_CYTOARCHITECTONIC_ATLAS_V3_1_AREA_IA1_INSULA,Area Ia1 (Insula) right,right,124.31839610734572,0.46636646309609503,0.057491260841034814,0.41131585581132635,0.21661003669158918,same
170,NGIQ-BR-00000176,INS_R_6_4,right,7,AREA_ID5_INSULA_RIGHT.nii.gz,JULICH_BRAIN_CYTOARCHITECTONIC_ATLAS_V3_1_AREA_ID5_INSULA,Area Id5 (Insula) right,right,64.1794665178949,0.07821775089835578,0.029679907123582455,0.10230091814876024,0.08960571346568341,same
170,NGIQ-BR-00000176,INS_R_6_4,right,8,AREA_IG2_INSULA_RIGHT.nii.gz,JULICH_BRAIN_CYTOARCHITECTONIC_ATLAS_V3_1_AREA_IG2_INSULA,Area Ig2 (Insula) right,right,55.9863505874778,0.0834922202545171,0.02589098625744031,0.1026568708643613,0.08344115231110782,same
170,NGIQ-BR-00000176,INS_R_6_4,right,9,AREA_IA2_INSULA_RIGHT.nii.gz,JULICH_BRAIN_CYTOARCHITECTONIC_ATLAS_V3_1_AREA_IA2_INSULA,Area Ia2 (Insula) right,right,46.8379315803151,0.2102100381742078,0.021660283803961712,0.1589133116392504,0.08191070336595312,same
170,NGIQ-BR-00000176,INS_R_6_4,right,10,AREA_TI_STG_RIGHT.nii.gz,JULICH_BRAIN_CYTOARCHITECTONIC_ATLAS_V3_1_AREA_TI_STG,Area TI (STG) right,right,43.43173602274165,0.04178938498666287,0.020085082680011093,0.06455091054842535,0.05836959401189364,same
171,NGIQ-BR-00000177,INS_L_6_5,left,1,AREA_ID4_INSULA_LEFT.nii.gz,JULICH_BRAIN_CYTOARCHITECTONIC_ATLAS_V3_1_AREA_ID4_INSULA,Area Id4 (Insula) left,left,314.17101797669966,0.47262914089772623,0.11739695610482931,0.5106733590951329,0.373127078367995,same
171,NGIQ-BR-00000177,INS_L_6_5,left,2,AREA_ID5_INSULA_LEFT.nii.gz,JULICH_BRAIN_CYTOARCHITECTONIC_ATLAS_V3_1_AREA_ID5_INSULA,Area Id5 (Insula) left,left,265.23703524162596,0.5212789557224112,0.09911169013669352,0.49232886649993374,0.3271079817774064,same
171,NGIQ-BR-00000177,INS_L_6_5,left,3,AREA_OP3_POPERC_LEFT.nii.gz,JULICH_BRAIN_CYTOARCHITECTONIC_ATLAS_V3_1_AREA_OP3_POPERC,Area Op3 (POperc) left,left,192.31329780100845,0.30890020462081835,0.07186212122849081,0.3094284402403121,0.22765837968555894,same
171,NGIQ-BR-00000177,INS_L_6_5,left,4,AREA_IG3_INSULA_LEFT.nii.gz,JULICH_BRAIN_CYTOARCHITECTONIC_ATLAS_V3_1_AREA_IG3_INSULA,Area Ig3 (Insula) left,left,166.18307947724477,0.5958834648296983,0.06209798667107597,0.49805792732029064,0.22225346971859913,same
171,NGIQ-BR-00000177,INS_L_6_5,left,5,AREA_ID6_INSULA_LEFT.nii.gz,JULICH_BRAIN_CYTOARCHITECTONIC_ATLAS_V3_1_AREA_ID6_INSULA,Area Id6 (Insula) left,left,141.00362511880746,0.06675617428684054,0.05268912611768066,0.11726228614056017,0.11570146551266866,same
171,NGIQ-BR-00000177,INS_L_6_5,left,6,AREA_ID2_INSULA_LEFT.nii.gz,JULICH_BRAIN_CYTOARCHITECTONIC_ATLAS_V3_1_AREA_ID2_INSULA,Area Id2 (Insula) left,left,129.77210045374954,0.38866096151480184,0.04849221827880451,0.3102436114385838,0.16849674672767134,same
171,NGIQ-BR-00000177,INS_L_6_5,left,7,AREA_OP2_POPERC_LEFT.nii.gz,JULICH_BRAIN_CYTOARCHITECTONIC_ATLAS_V3_1_AREA_OP2_POPERC,Area Op2 (POperc) left,left,87.71943923671506,0.09853457526417368,0.0327783104372047,0.12636957202521681,0.09985476277547682,same
171,NGIQ-BR-00000177,INS_L_6_5,left,8,AREA_OP5_FRONTAL_OPERCULUM_LEFT.nii.gz,JULICH_BRAIN_CYTOARCHITECTONIC_ATLAS_V3_1_AREA_OP5_FRONTAL_OPERCULUM,Area Op5 (Frontal Operculum) left,left,83.76199267896419,0.0926640491580154,0.03129952291943964,0.11174301203344289,0.092379249125388,same
171,NGIQ-BR-00000177,INS_L_6_5,left,9,AREA_OP6_FRONTAL_OPERCULUM_LEFT.nii.gz,JULICH_BRAIN_CYTOARCHITECTONIC_ATLAS_V3_1_AREA_OP6_FRONTAL_OPERCULUM,Area Op6 (Frontal Operculum) left,left,70.11268798348725,0.03397942970763876,0.026199158046460846,0.06677690312462883,0.06388626487304347,same
171,NGIQ-BR-00000177,INS_L_6_5,left,10,AREA_ID9_INSULA_LEFT.nii.gz,JULICH_BRAIN_CYTOARCHITECTONIC_ATLAS_V3_1_AREA_ID9_INSULA,Area Id9 (Insula) left,left,45.21688106234917,0.11443030186834582,0.016896288637507556,0.10191521322855888,0.05812715662199693,same
172,NGIQ-BR-00000178,INS_R_6_5,right,1,AREA_ID5_INSULA_RIGHT.nii.gz,JULICH_BRAIN_CYTOARCHITECTONIC_ATLAS_V3_1_AREA_ID5_INSULA,Area Id5 (Insula) right,right,405.2841896149685,0.49393395592508865,0.16312787009329047,0.6134502582202811,0.523550792485005,same
172,NGIQ-BR-00000178,INS_R_6_5,right,2,AREA_ID4_INSULA_RIGHT.nii.gz,JULICH_BRAIN_CYTOARCHITECTONIC_ATLAS_V3_1_AREA_ID4_INSULA,Area Id4 (Insula) right,right,339.6403087166798,0.3829431808151546,0.13670604868997172,0.5367800937835076,0.4476199360693828,same
172,NGIQ-BR-00000178,INS_R_6_5,right,3,AREA_IG3_INSULA_RIGHT.nii.gz,JULICH_BRAIN_CYTOARCHITECTONIC_ATLAS_V3_1_AREA_IG3_INSULA,Area Ig3 (Insula) right,right,238.1437995698897,0.5406953166994694,0.09585345738916233,0.5678894611544613,0.35895119134050124,same
172,NGIQ-BR-00000178,INS_R_6_5,right,4,AREA_ID2_INSULA_RIGHT.nii.gz,JULICH_BRAIN_CYTOARCHITECTONIC_ATLAS_V3_1_AREA_ID2_INSULA,Area Id2 (Insula) right,right,181.61073735626908,0.3668415821098557,0.07309876262171856,0.3945003301151046,0.2675621117747418,same
172,NGIQ-BR-00000178,INS_R_6_5,right,5,AREA_OP3_POPERC_RIGHT.nii.gz,JULICH_BRAIN_CYTOARCHITECTONIC_ATLAS_V3_1_AREA_OP3_POPERC,Area Op3 (POperc) right,right,156.24294632764682,0.1973246045340492,0.06288816515577193,0.2621597220793259,0.21125487261137021,same
172,NGIQ-BR-00000178,INS_R_6_5,right,6,AREA_ID6_INSULA_RIGHT.nii.gz,JULICH_BRAIN_CYTOARCHITECTONIC_ATLAS_V3_1_AREA_ID6_INSULA,Area Id6 (Insula) right,right,101.53542599235388,0.047677781886774837,0.04086825542561425,0.09221974336256954,0.09201190402387768,same
172,NGIQ-BR-00000178,INS_R_6_5,right,7,AREA_OP2_POPERC_RIGHT.nii.gz,JULICH_BRAIN_CYTOARCHITECTONIC_ATLAS_V3_1_AREA_OP2_POPERC,Area Op2 (POperc) right,right,73.1416716022128,0.18610387031841522,0.029439700361534194,0.16483226417982202,0.10878027423532362,same
172,NGIQ-BR-00000178,INS_R_6_5,right,8,AREA_ID9_INSULA_RIGHT.nii.gz,JULICH_BRAIN_CYTOARCHITECTONIC_ATLAS_V3_1_AREA_ID9_INSULA,Area Id9 (Insula) right,right,62.45256447463875,0.07910682850672114,0.025137308796305064,0.09679563887884318,0.08158054544262423,same
172,NGIQ-BR-00000178,INS_R_6_5,right,9,AREA_IG2_INSULA_RIGHT.nii.gz,JULICH_BRAIN_CYTOARCHITECTONIC_ATLAS_V3_1_AREA_IG2_INSULA,Area Ig2 (Insula) right,right,58.805210627292425,0.08769597493474265,0.023669240019283617,0.1023900925458768,0.08068420000438481,same
172,NGIQ-BR-00000178,INS_R_6_5,right,10,AREA_OP5_FRONTAL_OPERCULUM_RIGHT.nii.gz,JULICH_BRAIN_CYTOARCHITECTONIC_ATLAS_V3_1_AREA_OP5_FRONTAL_OPERCULUM,Area Op5 (Frontal Operculum) right,right,53.06106014580592,0.03616484525973564,0.021357205507326837,0.06021988910982365,0.05777354358388056,same
173,NGIQ-BR-00000179,INS_L_6_6,left,1,AREA_ID6_INSULA_LEFT.nii.gz,JULICH_BRAIN_CYTOARCHITECTONIC_ATLAS_V3_1_AREA_ID6_INSULA,Area Id6 (Insula) left,left,853.8148031634678,0.40422655630761106,0.3292473244800225,0.7399468054100183,0.7343992927040508,same
173,NGIQ-BR-00000179,INS_L_6_6,left,2,AREA_ID4_INSULA_LEFT.nii.gz,JULICH_BRAIN_CYTOARCHITECTONIC_ATLAS_V3_1_AREA_ID4_INSULA,Area Id4 (Insula) left,left,205.97244954947246,0.3098585684513625,0.0794269174995511,0.34889517016007826,0.2620805391695392,same
173,NGIQ-BR-00000179,INS_L_6_6,left,3,AREA_OP6_FRONTAL_OPERCULUM_LEFT.nii.gz,JULICH_BRAIN_CYTOARCHITECTONIC_ATLAS_V3_1_AREA_OP6_FRONTAL_OPERCULUM,Area Op6 (Frontal Operculum) left,left,130.68548582203744,0.06333544479630256,0.050394823790657337,0.12970769870610407,0.1254927020893975,same
173,NGIQ-BR-00000179,INS_L_6_6,left,4,AREA_ID9_INSULA_LEFT.nii.gz,JULICH_BRAIN_CYTOARCHITECTONIC_ATLAS_V3_1_AREA_ID9_INSULA,Area Id9 (Insula) left,left,118.99043305896173,0.3011289335858227,0.04588498767909233,0.27948544819491533,0.16484914336102094,same
173,NGIQ-BR-00000179,INS_L_6_6,left,5,AREA_OP7_FRONTAL_OPERCULUM_LEFT.nii.gz,JULICH_BRAIN_CYTOARCHITECTONIC_ATLAS_V3_1_AREA_OP7_FRONTAL_OPERCULUM,Area Op7 (Frontal Operculum) left,left,57.629190507328964,0.10741295747494826,0.022222918501982027,0.10489283096429905,0.07503528895145671,same
173,NGIQ-BR-00000179,INS_L_6_6,left,6,AREA_ID5_INSULA_LEFT.nii.gz,JULICH_BRAIN_CYTOARCHITECTONIC_ATLAS_V3_1_AREA_ID5_INSULA,Area Id5 (Insula) left,left,56.06939984749049,0.11019501169531694,0.021621433379449637,0.10845654957264625,0.07428646247243707,same
173,NGIQ-BR-00000179,INS_L_6_6,left,7,AREA_OP5_FRONTAL_OPERCULUM_LEFT.nii.gz,JULICH_BRAIN_CYTOARCHITECTONIC_ATLAS_V3_1_AREA_OP5_FRONTAL_OPERCULUM,Area Op5 (Frontal Operculum) left,left,54.00899599235023,0.05974896369516608,0.020826902230376348,0.07508414119001032,0.06349242759249286,same
173,NGIQ-BR-00000179,INS_L_6_6,left,8,AREA_ID8_INSULA_LEFT.nii.gz,JULICH_BRAIN_CYTOARCHITECTONIC_ATLAS_V3_1_AREA_ID8_INSULA,Area Id8 (Insula) left,left,34.19582748513761,0.042377366653355134,0.013186565360716048,0.05169610636271679,0.04170056530216598,same
173,NGIQ-BR-00000179,INS_L_6_6,left,9,AREA_ID7_INSULA_LEFT.nii.gz,JULICH_BRAIN_CYTOARCHITECTONIC_ATLAS_V3_1_AREA_ID7_INSULA,Area Id7 (Insula) left,left,17.776556503742107,0.0237665383080978,0.006854980313809883,0.026528067595112535,0.021562120465872227,same
173,NGIQ-BR-00000179,INS_L_6_6,left,10,AREA_ID3_INSULA_LEFT.nii.gz,JULICH_BRAIN_CYTOARCHITECTONIC_ATLAS_V3_1_AREA_ID3_INSULA,Area Id3 (Insula) left,left,11.910858162937032,0.016969370613003843,0.004593054802842575,0.018456336079575295,0.014669316093929533,same
174,NGIQ-BR-00000180,INS_R_6_6,right,1,AREA_ID6_INSULA_RIGHT.nii.gz,JULICH_BRAIN_CYTOARCHITECTONIC_ATLAS_V3_1_AREA_ID6_INSULA,Area Id6 (Insula) right,right,930.8097992918246,0.43707844976245264,0.3385588206272399,0.7869366780691,0.7794086964414327,same
174,NGIQ-BR-00000180,INS_R_6_6,right,2,AREA_ID4_INSULA_RIGHT.nii.gz,JULICH_BRAIN_CYTOARCHITECTONIC_ATLAS_V3_1_AREA_ID4_INSULA,Area Id4 (Insula) right,right,334.1403908946669,0.3767420439920796,0.12153522314794239,0.4915624250633795,0.39332962296316554,same
174,NGIQ-BR-00000180,INS_R_6_6,right,3,AREA_ID9_INSULA_RIGHT.nii.gz,JULICH_BRAIN_CYTOARCHITECTONIC_ATLAS_V3_1_AREA_ID9_INSULA,Area Id9 (Insula) right,right,166.97945326354272,0.21150796744030004,0.060734606370600214,0.24090237177323812,0.19500551893889745,same
174,NGIQ-BR-00000180,INS_R_6_6,right,4,AREA_ID5_INSULA_RIGHT.nii.gz,JULICH_BRAIN_CYTOARCHITECTONIC_ATLAS_V3_1_AREA_ID5_INSULA,Area Id5 (Insula) right,right,139.46150576590912,0.16996659383053542,0.05072564013714495,0.19649276702378365,0.16125424056848067,same
174,NGIQ-BR-00000180,INS_R_6_6,right,5,AREA_OP5_FRONTAL_OPERCULUM_RIGHT.nii.gz,JULICH_BRAIN_CYTOARCHITECTONIC_ATLAS_V3_1_AREA_OP5_FRONTAL_OPERCULUM,Area Op5 (Frontal Operculum) right,right,100.40212756250304,0.06843111308120305,0.03651876669314013,0.10606680115985281,0.09948883058651115,same
174,NGIQ-BR-00000180,INS_R_6_6,right,6,AREA_OP7_FRONTAL_OPERCULUM_RIGHT.nii.gz,JULICH_BRAIN_CYTOARCHITECTONIC_ATLAS_V3_1_AREA_OP7_FRONTAL_OPERCULUM,Area Op7 (Frontal Operculum) right,right,63.74682545891758,0.12938338436225477,0.023186315896675806,0.12209863490894735,0.08174700908207917,same
174,NGIQ-BR-00000180,INS_R_6_6,right,7,AREA_ID7_INSULA_RIGHT.nii.gz,JULICH_BRAIN_CYTOARCHITECTONIC_ATLAS_V3_1_AREA_ID7_INSULA,Area Id7 (Insula) right,right,46.6251098666705,0.05040335938808339,0.016958719407643968,0.06683266189184027,0.05430477332681975,same
174,NGIQ-BR-00000180,INS_R_6_6,right,8,FRONTAL_TO_TEMPORAL_II_GAPMAP_RIGHT.nii.gz,JULICH_BRAIN_CYTOARCHITECTONIC_ATLAS_V3_1_FRONTAL_TO_TEMPORAL_II_GAPMAP,Frontal-to-Temporal-II (GapMap) right,right,42.431564361277744,0.004321209994872449,0.015433421949846884,0.014132286511556048,0.010618255794318868,same
174,NGIQ-BR-00000180,INS_R_6_6,right,9,AREA_OP3_POPERC_RIGHT.nii.gz,JULICH_BRAIN_CYTOARCHITECTONIC_ATLAS_V3_1_AREA_OP3_POPERC,Area Op3 (POperc) right,right,40.62597966674447,0.0513079505985364,0.014776685605656197,0.06345150413837583,0.04892676750855989,same
174,NGIQ-BR-00000180,INS_R_6_6,right,10,AREA_OP8_FRONTAL_OPERCULUM_RIGHT.nii.gz,JULICH_BRAIN_CYTOARCHITECTONIC_ATLAS_V3_1_AREA_OP8_FRONTAL_OPERCULUM,Area Op8 (Frontal Operculum) right,right,38.7642162102246,0.03761651756022952,0.01409951563966979,0.05183525362401916,0.0437877187471613,same
175,NGIQ-BR-00000181,CG_L_7_1,left,1,FRONTAL_TO_OCCIPITAL_GAPMAP_LEFT.nii.gz,JULICH_BRAIN_CYTOARCHITECTONIC_ATLAS_V3_1_FRONTAL_TO_OCCIPITAL_GAPMAP,Frontal-to-Occipital (GapMap) left,left,3052.5225084729686,0.0728616493832682,0.7149463852298252,0.3463134324233315,0.16804362308035,same
175,NGIQ-BR-00000181,CG_L_7_1,left,2,AREA_33_ACC_LEFT.nii.gz,JULICH_BRAIN_CYTOARCHITECTONIC_ATLAS_V3_1_AREA_33_ACC,Area 33 (ACC) left,left,53.93382425743933,0.05654060640891755,0.01263210757248979,0.06729245869651122,0.04208072530702543,same
175,NGIQ-BR-00000181,CG_L_7_1,left,3,FRONTAL_TO_OCCIPITAL_GAPMAP_RIGHT.nii.gz,JULICH_BRAIN_CYTOARCHITECTONIC_ATLAS_V3_1_FRONTAL_TO_OCCIPITAL_GAPMAP,Frontal-to-Occipital (GapMap) right,right,42.18643431798989,0.001199977604571787,0.009880693307801504,0.005227696119880022,0.0027375131311982367,opposite
175,NGIQ-BR-00000181,CG_L_7_1,left,4,AREA_P24C_PACC_LEFT.nii.gz,JULICH_BRAIN_CYTOARCHITECTONIC_ATLAS_V3_1_AREA_P24C_PACC,Area p24c (pACC) left,left,29.5132100899952,0.02277054275178854,0.006912434818023989,0.028170106246180132,0.021364225077904187,same
175,NGIQ-BR-00000181,CG_L_7_1,left,5,AREA_P32_PACC_LEFT.nii.gz,JULICH_BRAIN_CYTOARCHITECTONIC_ATLAS_V3_1_AREA_P32_PACC,Area p32 (pACC) left,left,27.41033947478474,0.006681547888144723,0.006419911096813876,0.013403470555129166,0.013323409451974492,same
175,NGIQ-BR-00000181,CG_L_7_1,left,6,AREA_P24AB_PACC_LEFT.nii.gz,JULICH_BRAIN_CYTOARCHITECTONIC_ATLAS_V3_1_AREA_P24AB_PACC,Area p24ab (pACC) left,left,24.790598093606214,0.026276775253504893,0.005806328518630844,0.029212270512926863,0.019088418528708902,same
175,NGIQ-BR-00000181,CG_L_7_1,left,7,AREA_5M_SPL_LEFT.nii.gz,JULICH_BRAIN_CYTOARCHITECTONIC_ATLAS_V3_1_AREA_5M_SPL,Area 5M (SPL) left,left,18.787535707814826,0.009127197293880741,0.004400321604310759,0.01460386707909172,0.012495298514569332,same
175,NGIQ-BR-00000181,CG_L_7_1,left,8,AREA_S24_SACC_LEFT.nii.gz,JULICH_BRAIN_CYTOARCHITECTONIC_ATLAS_V3_1_AREA_S24_SACC,Area s24 (sACC) left,left,8.508662059983209,0.013083101216672869,0.001992855799110981,0.011662494050386746,0.006766059659312283,same
175,NGIQ-BR-00000181,CG_L_7_1,left,9,AREA_5CI_SPL_LEFT.nii.gz,JULICH_BRAIN_CYTOARCHITECTONIC_ATLAS_V3_1_AREA_5CI_SPL,Area 5Ci (SPL) left,left,6.969297370458141,0.006655503246795757,0.0016323135861472707,0.007372530000786942,0.0052137119756843,same
175,NGIQ-BR-00000181,CG_L_7_1,left,10,FRONTAL_TO_TEMPORAL_II_GAPMAP_LEFT.nii.gz,JULICH_BRAIN_CYTOARCHITECTONIC_ATLAS_V3_1_FRONTAL_TO_TEMPORAL_II_GAPMAP,Frontal-to-Temporal-II (GapMap) left,left,4.578089861059973,0.00038377021804675146,0.0010722570557094796,0.0010335045301240596,0.0008414776962861728,same
176,NGIQ-BR-00000182,CG_R_7_1,right,1,FRONTAL_TO_OCCIPITAL_GAPMAP_RIGHT.nii.gz,JULICH_BRAIN_CYTOARCHITECTONIC_ATLAS_V3_1_FRONTAL_TO_OCCIPITAL_GAPMAP,Frontal-to-Occipital (GapMap) right,right,2737.3829975285703,0.07786385233248096,0.6673374060411446,0.3698070767945108,0.17974177481682807,same
176,NGIQ-BR-00000182,CG_R_7_1,right,2,AREA_33_ACC_RIGHT.nii.gz,JULICH_BRAIN_CYTOARCHITECTONIC_ATLAS_V3_1_AREA_33_ACC,Area 33 (ACC) right,right,82.25204068868814,0.06323144822371063,0.020051948713182187,0.09091108781903674,0.07011309200710333,same
176,NGIQ-BR-00000182,CG_R_7_1,right,3,FRONTAL_TO_OCCIPITAL_GAPMAP_LEFT.nii.gz,JULICH_BRAIN_CYTOARCHITECTONIC_ATLAS_V3_1_FRONTAL_TO_OCCIPITAL_GAPMAP,Frontal-to-Occipital (GapMap) left,left,78.07521086186067,0.0018636025200637766,0.01903369339975806,0.00965663385591894,0.004341347596893999,opposite
176,NGIQ-BR-00000182,CG_R_7_1,right,4,FRONTAL_TO_TEMPORAL_II_GAPMAP_RIGHT.nii.gz,JULICH_BRAIN_CYTOARCHITECTONIC_ATLAS_V3_1_FRONTAL_TO_TEMPORAL_II_GAPMAP,Frontal-to-Temporal-II (GapMap) right,right,44.10280565724512,0.004491408400250315,0.010751674848939546,0.012358525327477712,0.010312765988904475,same
176,NGIQ-BR-00000182,CG_R_7_1,right,5,AREA_P24AB_PACC_RIGHT.nii.gz,JULICH_BRAIN_CYTOARCHITECTONIC_ATLAS_V3_1_AREA_P24AB_PACC,Area p24ab (pACC) right,right,25.26506665862603,0.027998090504249853,0.006159285734822764,0.03548964327885425,0.023137819344626314,same
176,NGIQ-BR-00000182,CG_R_7_1,right,6,AREA_5CI_SPL_RIGHT.nii.gz,JULICH_BRAIN_CYTOARCHITECTONIC_ATLAS_V3_1_AREA_5CI_SPL,Area 5Ci (SPL) right,right,23.98369717989213,0.017492299712292943,0.00584690497374892,0.02490572579338881,0.01996219287745762,same
176,NGIQ-BR-00000182,CG_R_7_1,right,7,AREA_S24_SACC_RIGHT.nii.gz,JULICH_BRAIN_CYTOARCHITECTONIC_ATLAS_V3_1_AREA_S24_SACC,Area s24 (sACC) right,right,16.58929747189104,0.021331332000767995,0.0040442491068775396,0.021635408537568783,0.014904138470542498,same
176,NGIQ-BR-00000182,CG_R_7_1,right,8,AREA_P24C_PACC_RIGHT.nii.gz,JULICH_BRAIN_CYTOARCHITECTONIC_ATLAS_V3_1_AREA_P24C_PACC,Area p24c (pACC) right,right,11.403479099920586,0.006893478211854136,0.0027800158652464867,0.010380430355669216,0.008949205326956753,same
176,NGIQ-BR-00000182,CG_R_7_1,right,9,AREA_5M_SPL_RIGHT.nii.gz,JULICH_BRAIN_CYTOARCHITECTONIC_ATLAS_V3_1_AREA_5M_SPL,Area 5M (SPL) right,right,9.678301315474819,0.005235462567336121,0.002359440568084464,0.00893811760056359,0.0076490103068896755,same
176,NGIQ-BR-00000182,CG_R_7_1,right,10,TEMPORAL_TO_PARIETAL_GAPMAP_RIGHT.nii.gz,JULICH_BRAIN_CYTOARCHITECTONIC_ATLAS_V3_1_TEMPORAL_TO_PARIETAL_GAPMAP,Temporal-to-Parietal (GapMap) right,right,8.208024704638207,0.0001081508472606929,0.0020010067718182803,0.0007432761025295352,0.0002508641845806032,same
177,NGIQ-BR-00000183,CG_L_7_2,left,1,FRONTAL_TO_OCCIPITAL_GAPMAP_LEFT.nii.gz,JULICH_BRAIN_CYTOARCHITECTONIC_ATLAS_V3_1_FRONTAL_TO_OCCIPITAL_GAPMAP,Frontal-to-Occipital (GapMap) left,left,880.371650386925,0.02101387633978501,0.38510761585635295,0.20536289709200545,0.050906134561990994,same
177,NGIQ-BR-00000183,CG_L_7_2,left,2,AREA_33_ACC_LEFT.nii.gz,JULICH_BRAIN_CYTOARCHITECTONIC_ATLAS_V3_1_AREA_33_ACC,Area 33 (ACC) left,left,134.14736978565782,0.14063111118615318,0.0586810964765279,0.3441381458019219,0.3266835249672514,same
177,NGIQ-BR-00000183,CG_L_7_2,left,3,AREA_P24AB_PACC_LEFT.nii.gz,JULICH_BRAIN_CYTOARCHITECTONIC_ATLAS_V3_1_AREA_P24AB_PACC,Area p24ab (pACC) left,left,132.5790503007001,0.1405270617078463,0.057995054646935044,0.32121712029242216,0.3099934906806578,same
177,NGIQ-BR-00000183,CG_L_7_2,left,4,AREA_S24_SACC_LEFT.nii.gz,JULICH_BRAIN_CYTOARCHITECTONIC_ATLAS_V3_1_AREA_S24_SACC,Area s24 (sACC) left,left,97.48483893134058,0.14989477850202662,0.04264352888520354,0.27473419031217977,0.2522185976571713,same
177,NGIQ-BR-00000183,CG_L_7_2,left,5,AREA_P24C_PACC_LEFT.nii.gz,JULICH_BRAIN_CYTOARCHITECTONIC_ATLAS_V3_1_AREA_P24C_PACC,Area p24c (pACC) left,left,43.90337620210506,0.033873092818757194,0.019204985223918027,0.08616193154548724,0.08601925347268533,same
177,NGIQ-BR-00000183,CG_L_7_2,left,6,AREA_S32_SACC_LEFT.nii.gz,JULICH_BRAIN_CYTOARCHITECTONIC_ATLAS_V3_1_AREA_S32_SACC,Area s32 (sACC) left,left,26.37497798900887,0.026621686481595172,0.011537405693546448,0.05618908915692472,0.055645540446970024,same
177,NGIQ-BR-00000183,CG_L_7_2,left,7,AREA_P32_PACC_LEFT.nii.gz,JULICH_BRAIN_CYTOARCHITECTONIC_ATLAS_V3_1_AREA_P32_PACC,Area p32 (pACC) left,left,21.703071472973654,0.005290343503403104,0.009493738363841618,0.021820742408724104,0.018295290658110152,same
177,NGIQ-BR-00000183,CG_L_7_2,left,8,FRONTAL_TO_OCCIPITAL_GAPMAP_RIGHT.nii.gz,JULICH_BRAIN_CYTOARCHITECTONIC_ATLAS_V3_1_FRONTAL_TO_OCCIPITAL_GAPMAP,Frontal-to-Occipital (GapMap) right,right,11.754723497174588,0.000334358785533296,0.005141957421116418,0.0029949901916854313,0.0008084707392495963,opposite
177,NGIQ-BR-00000183,CG_L_7_2,left,9,AREA_25_SACC_LEFT.nii.gz,JULICH_BRAIN_CYTOARCHITECTONIC_ATLAS_V3_1_AREA_25_SACC,Area 25 (sACC) left,left,11.002973607836047,0.03702169509931345,0.004813113793000718,0.04395693286384443,0.03355412663168762,same
177,NGIQ-BR-00000183,CG_L_7_2,left,10,FRONTAL_TO_TEMPORAL_II_GAPMAP_LEFT.nii.gz,JULICH_BRAIN_CYTOARCHITECTONIC_ATLAS_V3_1_FRONTAL_TO_TEMPORAL_II_GAPMAP,Frontal-to-Temporal-II (GapMap) left,left,1.516591800019807,0.00012713222838460405,0.0006634141979426884,0.0007039507024999166,0.0003318948402651617,same
178,NGIQ-BR-00000184,CG_R_7_2,right,1,FRONTAL_TO_OCCIPITAL_GAPMAP_RIGHT.nii.gz,JULICH_BRAIN_CYTOARCHITECTONIC_ATLAS_V3_1_FRONTAL_TO_OCCIPITAL_GAPMAP,Frontal-to-Occipital (GapMap) right,right,553.8603294972811,0.015754353317650953,0.2217752027355401,0.11506799582624923,0.03774052447262568,same
178,NGIQ-BR-00000184,CG_R_7_2,right,2,AREA_33_ACC_RIGHT.nii.gz,JULICH_BRAIN_CYTOARCHITECTONIC_ATLAS_V3_1_AREA_33_ACC,Area 33 (ACC) right,right,251.8942089527694,0.19364426095558332,0.10086277403025878,0.42815694486603917,0.406882819705222,same
178,NGIQ-BR-00000184,CG_R_7_2,right,3,AREA_P24AB_PACC_RIGHT.nii.gz,JULICH_BRAIN_CYTOARCHITECTONIC_ATLAS_V3_1_AREA_P24AB_PACC,Area p24ab (pACC) right,right,153.88781139239748,0.17053447469905017,0.06161932666500002,0.3324298745344788,0.28609680797657516,same
178,NGIQ-BR-00000184,CG_R_7_2,right,4,AREA_S24_SACC_RIGHT.nii.gz,JULICH_BRAIN_CYTOARCHITECTONIC_ATLAS_V3_1_AREA_S24_SACC,Area s24 (sACC) right,right,135.17149492722683,0.17381013513190804,0.0541249916179435,0.27110458296617157,0.24180271996754904,same
178,NGIQ-BR-00000184,CG_R_7_2,right,5,AREA_P24C_PACC_RIGHT.nii.gz,JULICH_BRAIN_CYTOARCHITECTONIC_ATLAS_V3_1_AREA_P24C_PACC,Area p24c (pACC) right,right,45.46896969769977,0.027486291611542663,0.01820655756666356,0.06365136747708121,0.06313433754374126,same
178,NGIQ-BR-00000184,CG_R_7_2,right,6,AREA_25_SACC_RIGHT.nii.gz,JULICH_BRAIN_CYTOARCHITECTONIC_ATLAS_V3_1_AREA_25_SACC,Area 25 (sACC) right,right,37.35913677367651,0.11207701003118062,0.014959240968796543,0.11999468839907285,0.08023814487987507,same
178,NGIQ-BR-00000184,CG_R_7_2,right,7,AREA_S32_SACC_RIGHT.nii.gz,JULICH_BRAIN_CYTOARCHITECTONIC_ATLAS_V3_1_AREA_S32_SACC,Area s32 (sACC) right,right,21.76422606589024,0.02875703863347743,0.008714770477470404,0.046010642884683484,0.04002881717412961,same
178,NGIQ-BR-00000184,CG_R_7_2,right,8,AREA_P32_PACC_RIGHT.nii.gz,JULICH_BRAIN_CYTOARCHITECTONIC_ATLAS_V3_1_AREA_P32_PACC,Area p32 (pACC) right,right,13.224406352827156,0.003685629309367522,0.005295279773182969,0.011886067706312262,0.011319129137427782,same
178,NGIQ-BR-00000184,CG_R_7_2,right,9,FRONTAL_TO_OCCIPITAL_GAPMAP_LEFT.nii.gz,JULICH_BRAIN_CYTOARCHITECTONIC_ATLAS_V3_1_FRONTAL_TO_OCCIPITAL_GAPMAP,Frontal-to-Occipital (GapMap) left,left,8.220547573528892,0.00019621891513604947,0.0032916486479024347,0.0015636083569830841,0.0004716308906523932,opposite
178,NGIQ-BR-00000184,CG_R_7_2,right,10,AREA_5CI_SPL_RIGHT.nii.gz,JULICH_BRAIN_CYTOARCHITECTONIC_ATLAS_V3_1_AREA_5CI_SPL,Area 5Ci (SPL) right,right,2.687096588499405,0.0019598103882548642,0.0010759596940718593,0.00429122201922886,0.004150564231100866,same
179,NGIQ-BR-00000185,CG_L_7_3,left,1,FRONTAL_TO_OCCIPITAL_GAPMAP_LEFT.nii.gz,JULICH_BRAIN_CYTOARCHITECTONIC_ATLAS_V3_1_FRONTAL_TO_OCCIPITAL_GAPMAP,Frontal-to-Occipital (GapMap) left,left,1976.4526130023423,0.04717658818616249,0.5095583796233997,0.25997093187857523,0.11058358633188362,same
179,NGIQ-BR-00000185,CG_L_7_3,left,2,AREA_P24C_PACC_LEFT.nii.gz,JULICH_BRAIN_CYTOARCHITECTONIC_ATLAS_V3_1_AREA_P24C_PACC,Area p24c (pACC) left,left,364.7125631457684,0.281389350257102,0.09402823092355836,0.4035995580933389,0.33481354605623326,same
179,NGIQ-BR-00000185,CG_L_7_3,left,3,AREA_P32_PACC_LEFT.nii.gz,JULICH_BRAIN_CYTOARCHITECTONIC_ATLAS_V3_1_AREA_P32_PACC,Area p32 (pACC) left,left,244.18952617704085,0.059523670417733154,0.06295562993071932,0.13843879338265758,0.13833722315253055,same
179,NGIQ-BR-00000185,CG_L_7_3,left,4,AREA_P24AB_PACC_LEFT.nii.gz,JULICH_BRAIN_CYTOARCHITECTONIC_ATLAS_V3_1_AREA_P24AB_PACC,Area p24ab (pACC) left,left,223.79283623360809,0.23720904347893124,0.05769706506107214,0.3057401063184116,0.2223268735814637,same
179,NGIQ-BR-00000185,CG_L_7_3,left,5,AREA_33_ACC_LEFT.nii.gz,JULICH_BRAIN_CYTOARCHITECTONIC_ATLAS_V3_1_AREA_33_ACC,Area 33 (ACC) left,left,113.08700075858245,0.1185528318803393,0.029155482142057886,0.1635858706858182,0.11428188500163326,same
179,NGIQ-BR-00000185,CG_L_7_3,left,6,AREA_5CI_SPL_LEFT.nii.gz,JULICH_BRAIN_CYTOARCHITECTONIC_ATLAS_V3_1_AREA_5CI_SPL,Area 5Ci (SPL) left,left,11.626699441289432,0.011103204780589439,0.0029975330998055698,0.014259750324035932,0.01113035442043719,same
179,NGIQ-BR-00000185,CG_L_7_3,left,7,AREA_S32_SACC_LEFT.nii.gz,JULICH_BRAIN_CYTOARCHITECTONIC_ATLAS_V3_1_AREA_S32_SACC,Area s32 (sACC) left,left,10.841058108762656,0.01094246411202711,0.0027949832781028433,0.013023089038088805,0.010296455194045954,same
179,NGIQ-BR-00000185,CG_L_7_3,left,8,FRONTAL_TO_OCCIPITAL_GAPMAP_RIGHT.nii.gz,JULICH_BRAIN_CYTOARCHITECTONIC_ATLAS_V3_1_FRONTAL_TO_OCCIPITAL_GAPMAP,Frontal-to-Occipital (GapMap) right,right,5.88444764190085,0.0001673809483951839,0.001517096633463369,0.0008454173199926005,0.0003892251377251704,opposite
179,NGIQ-BR-00000185,CG_L_7_3,left,9,AREA_5M_SPL_LEFT.nii.gz,JULICH_BRAIN_CYTOARCHITECTONIC_ATLAS_V3_1_AREA_5M_SPL,Area 5M (SPL) left,left,4.3481788128387215,0.0021123944359207874,0.0011210240688832901,0.003918621986102402,0.0035892719862927066,same
179,NGIQ-BR-00000185,CG_L_7_3,left,10,AREA_S24_SACC_LEFT.nii.gz,JULICH_BRAIN_CYTOARCHITECTONIC_ATLAS_V3_1_AREA_S24_SACC,Area s24 (sACC) left,left,3.042500724262241,0.004678214347533032,0.0007844011684666937,0.004834914219667874,0.0031514798049531835,same
180,NGIQ-BR-00000186,CG_R_7_3,right,1,FRONTAL_TO_OCCIPITAL_GAPMAP_RIGHT.nii.gz,JULICH_BRAIN_CYTOARCHITECTONIC_ATLAS_V3_1_FRONTAL_TO_OCCIPITAL_GAPMAP,Frontal-to-Occipital (GapMap) right,right,1458.681371068573,0.041491654978338045,0.4032497028954123,0.21839443689887575,0.09691496428772535,same
180,NGIQ-BR-00000186,CG_R_7_3,right,2,AREA_P24AB_PACC_RIGHT.nii.gz,JULICH_BRAIN_CYTOARCHITECTONIC_ATLAS_V3_1_AREA_P24AB_PACC,Area p24ab (pACC) right,right,133.22315660288118,0.14763444111301482,0.03682928937355663,0.20739696080693829,0.14582958303085986,same
180,NGIQ-BR-00000186,CG_R_7_3,right,3,AREA_33_ACC_RIGHT.nii.gz,JULICH_BRAIN_CYTOARCHITECTONIC_ATLAS_V3_1_AREA_33_ACC,Area 33 (ACC) right,right,122.54155991332773,0.09420411014772476,0.03387638219523595,0.15010496577850388,0.12318836778220572,same
180,NGIQ-BR-00000186,CG_R_7_3,right,4,AREA_P24C_PACC_RIGHT.nii.gz,JULICH_BRAIN_CYTOARCHITECTONIC_ATLAS_V3_1_AREA_P24C_PACC,Area p24c (pACC) right,right,117.48266488264792,0.0710190445865538,0.032477860243449945,0.11852044129457968,0.10720585908478544,same
180,NGIQ-BR-00000186,CG_R_7_3,right,5,FRONTAL_TO_OCCIPITAL_GAPMAP_LEFT.nii.gz,JULICH_BRAIN_CYTOARCHITECTONIC_ATLAS_V3_1_FRONTAL_TO_OCCIPITAL_GAPMAP,Frontal-to-Occipital (GapMap) left,left,73.32028014302797,0.0017501055371862831,0.020269252607391052,0.010050280832164513,0.004117795615945304,opposite
180,NGIQ-BR-00000186,CG_R_7_3,right,6,AREA_P32_PACC_RIGHT.nii.gz,JULICH_BRAIN_CYTOARCHITECTONIC_ATLAS_V3_1_AREA_P32_PACC,Area p32 (pACC) right,right,16.977943128118802,0.004731736392264763,0.004693520228597795,0.01099699264106605,0.010996147192244878,same
180,NGIQ-BR-00000186,CG_R_7_3,right,7,AREA_S24_SACC_RIGHT.nii.gz,JULICH_BRAIN_CYTOARCHITECTONIC_ATLAS_V3_1_AREA_S24_SACC,Area s24 (sACC) right,right,14.101963029800679,0.018132995430393244,0.0038984609763292044,0.020382533271060713,0.015087442837748202,same
180,NGIQ-BR-00000186,CG_R_7_3,right,8,FRONTAL_TO_TEMPORAL_II_GAPMAP_RIGHT.nii.gz,JULICH_BRAIN_CYTOARCHITECTONIC_ATLAS_V3_1_FRONTAL_TO_TEMPORAL_II_GAPMAP,Frontal-to-Temporal-II (GapMap) right,right,13.408692849595166,0.0013655347954298369,0.0037068077477770867,0.004164169113586219,0.003271896416581993,same
180,NGIQ-BR-00000186,CG_R_7_3,right,9,FRONTAL_I_2_GAPMAP_RIGHT.nii.gz,JULICH_BRAIN_CYTOARCHITECTONIC_ATLAS_V3_1_FRONTAL_I_2_GAPMAP,Frontal-I.2 (GapMap) right,right,9.49215268949853,0.0014786379554709498,0.0026240876368182737,0.0033695533509496907,0.002859119376438796,same
180,NGIQ-BR-00000186,CG_R_7_3,right,10,AREA_5CI_SPL_RIGHT.nii.gz,JULICH_BRAIN_CYTOARCHITECTONIC_ATLAS_V3_1_AREA_5CI_SPL,Area 5Ci (SPL) right,right,7.040512286690784,0.005134936041059122,0.0019463362898504393,0.00810268234941979,0.006881739264683182,same
181,NGIQ-BR-00000187,CG_L_7_4,left,1,FRONTAL_TO_OCCIPITAL_GAPMAP_LEFT.nii.gz,JULICH_BRAIN_CYTOARCHITECTONIC_ATLAS_V3_1_FRONTAL_TO_OCCIPITAL_GAPMAP,Frontal-to-Occipital (GapMap) left,left,2437.820131534977,0.05818911906147774,0.7270570771983115,0.291075139629439,0.13502774607554482,same
181,NGIQ-BR-00000187,CG_L_7_4,left,2,FRONTAL_TO_TEMPORAL_II_GAPMAP_LEFT.nii.gz,JULICH_BRAIN_CYTOARCHITECTONIC_ATLAS_V3_1_FRONTAL_TO_TEMPORAL_II_GAPMAP,Frontal-to-Temporal-II (GapMap) left,left,144.70670760965794,0.012130413866390998,0.043157423521407584,0.03438030519692512,0.0271510430291581,same
181,NGIQ-BR-00000187,CG_L_7_4,left,3,SUBC_HIPPOCAMPUS_SUBICULAR_COMPLEX_LEFT.nii.gz,JULICH_BRAIN_CYTOARCHITECTONIC_ATLAS_V3_1_SUBC_HIPPOCAMPUS_SUBICULAR_COMPLEX,"Subc (Hippocampus, Subicular complex) left",left,60.69461049336807,0.022508640502932335,0.01810160049798777,0.040185104917061586,0.03832380323421052,same
181,NGIQ-BR-00000187,CG_L_7_4,left,4,CA1_HIPPOCAMPUS_LEFT.nii.gz,JULICH_BRAIN_CYTOARCHITECTONIC_ATLAS_V3_1_CA1_HIPPOCAMPUS,CA1 (Hippocampus) left,left,41.77086287560722,0.015708337234232525,0.01245776957927903,0.02964387561658999,0.0276268916520246,same
181,NGIQ-BR-00000187,CG_L_7_4,left,5,AREA_33_ACC_LEFT.nii.gz,JULICH_BRAIN_CYTOARCHITECTONIC_ATLAS_V3_1_AREA_33_ACC,Area 33 (ACC) left,left,32.50832758475928,0.03407955175232178,0.009695304970468947,0.0426867216265387,0.027765164099820182,same
181,NGIQ-BR-00000187,CG_L_7_4,left,6,CA2_HIPPOCAMPUS_LEFT.nii.gz,JULICH_BRAIN_CYTOARCHITECTONIC_ATLAS_V3_1_CA2_HIPPOCAMPUS,CA2 (Hippocampus) left,left,26.707823770105648,0.03341821268096683,0.00796535890299419,0.03935722235261954,0.023390241939092612,same
181,NGIQ-BR-00000187,CG_L_7_4,left,7,TRS_HIPPOCAMPUS_TRANSSUBICULUM_LEFT.nii.gz,JULICH_BRAIN_CYTOARCHITECTONIC_ATLAS_V3_1_TRS_HIPPOCAMPUS_TRANSSUBICULUM,"TrS (Hippocampus, Transsubiculum) left",left,20.461493994344593,0.05382445395442388,0.00610244940805861,0.04163456129100337,0.018794572679911466,same
181,NGIQ-BR-00000187,CG_L_7_4,left,8,AREA_P24C_PACC_LEFT.nii.gz,JULICH_BRAIN_CYTOARCHITECTONIC_ATLAS_V3_1_AREA_P24C_PACC,Area p24c (pACC) left,left,10.58005895123283,0.008162910233446901,0.0031554037306377077,0.01062803844396911,0.008326902764429777,same
181,NGIQ-BR-00000187,CG_L_7_4,left,9,CA3_HIPPOCAMPUS_LEFT.nii.gz,JULICH_BRAIN_CYTOARCHITECTONIC_ATLAS_V3_1_CA3_HIPPOCAMPUS,CA3 (Hippocampus) left,left,9.914746296811476,0.01263091170720683,0.0029569804476032597,0.015379002162818607,0.008766768395918806,same
181,NGIQ-BR-00000187,CG_L_7_4,left,10,AREA_P24AB_PACC_LEFT.nii.gz,JULICH_BRAIN_CYTOARCHITECTONIC_ATLAS_V3_1_AREA_P24AB_PACC,Area p24ab (pACC) left,left,9.569115910901752,0.01014277700021904,0.002853899414298222,0.0118670594436556,0.00805561983072605,same
182,NGIQ-BR-00000188,CG_R_7_4,right,1,FRONTAL_TO_OCCIPITAL_GAPMAP_RIGHT.nii.gz,JULICH_BRAIN_CYTOARCHITECTONIC_ATLAS_V3_1_FRONTAL_TO_OCCIPITAL_GAPMAP,Frontal-to-Occipital (GapMap) right,right,1293.458424781754,0.03679194905365403,0.4138863050564316,0.17939053612229686,0.0852057978420056,same
182,NGIQ-BR-00000188,CG_R_7_4,right,2,FRONTAL_TO_TEMPORAL_II_GAPMAP_RIGHT.nii.gz,JULICH_BRAIN_CYTOARCHITECTONIC_ATLAS_V3_1_FRONTAL_TO_TEMPORAL_II_GAPMAP,Frontal-to-Temporal-II (GapMap) right,right,735.7734337930387,0.07493081068134247,0.23543589962906364,0.21166640705333162,0.17404877617629883,same
182,NGIQ-BR-00000188,CG_R_7_4,right,3,TEMPORAL_TO_PARIETAL_GAPMAP_RIGHT.nii.gz,JULICH_BRAIN_CYTOARCHITECTONIC_ATLAS_V3_1_TEMPORAL_TO_PARIETAL_GAPMAP,Temporal-to-Parietal (GapMap) right,right,191.41436956914546,0.0025221203629024603,0.061249580688337434,0.017794814037182614,0.005859048954378895,same
182,NGIQ-BR-00000188,CG_R_7_4,right,4,SUBC_HIPPOCAMPUS_SUBICULAR_COMPLEX_RIGHT.nii.gz,JULICH_BRAIN_CYTOARCHITECTONIC_ATLAS_V3_1_SUBC_HIPPOCAMPUS_SUBICULAR_COMPLEX,"Subc (Hippocampus, Subicular complex) right",right,70.5777535854269,0.027321976782911834,0.022583768516243167,0.05117638593887918,0.04925648810190201,same
182,NGIQ-BR-00000188,CG_R_7_4,right,5,CA1_HIPPOCAMPUS_RIGHT.nii.gz,JULICH_BRAIN_CYTOARCHITECTONIC_ATLAS_V3_1_CA1_HIPPOCAMPUS,CA1 (Hippocampus) right,right,50.72291077903905,0.01779202782782134,0.016230531822146326,0.03534993633450219,0.03436653799950907,same
182,NGIQ-BR-00000188,CG_R_7_4,right,6,AREA_33_ACC_RIGHT.nii.gz,JULICH_BRAIN_CYTOARCHITECTONIC_ATLAS_V3_1_AREA_33_ACC,Area 33 (ACC) right,right,40.83066891749067,0.03138867201322637,0.01306517037383256,0.04633018872066839,0.03632601242089021,same
182,NGIQ-BR-00000188,CG_R_7_4,right,7,AREA_P24AB_PACC_RIGHT.nii.gz,JULICH_BRAIN_CYTOARCHITECTONIC_ATLAS_V3_1_AREA_P24AB_PACC,Area p24ab (pACC) right,right,21.208215457699076,0.023502393397230842,0.006786294607118005,0.03058388937192415,0.020337552091350648,same
182,NGIQ-BR-00000188,CG_R_7_4,right,8,AREA_HOC1_V1_17_CALCS_RIGHT.nii.gz,JULICH_BRAIN_CYTOARCHITECTONIC_ATLAS_V3_1_AREA_HOC1_V1_17_CALCS,"Area hOc1 (V1, 17, CalcS) right",right,21.11248082234376,0.0019273589467667218,0.006755661033023946,0.006375616175216357,0.00538496138190491,same
182,NGIQ-BR-00000188,CG_R_7_4,right,9,TRS_HIPPOCAMPUS_TRANSSUBICULUM_RIGHT.nii.gz,JULICH_BRAIN_CYTOARCHITECTONIC_ATLAS_V3_1_TRS_HIPPOCAMPUS_TRANSSUBICULUM,"TrS (Hippocampus, Transsubiculum) right",right,16.675702666022406,0.03883575147031199,0.005335961967099369,0.031347258213884927,0.016869732666744214,same
182,NGIQ-BR-00000188,CG_R_7_4,right,10,AREA_P24C_PACC_RIGHT.nii.gz,JULICH_BRAIN_CYTOARCHITECTONIC_ATLAS_V3_1_AREA_P24C_PACC,Area p24c (pACC) right,right,14.162208361467489,0.008561148217669332,0.0045316834139111205,0.013234769116097245,0.0115598785196717,same
183,NGIQ-BR-00000189,CG_L_7_5,left,1,FRONTAL_TO_OCCIPITAL_GAPMAP_LEFT.nii.gz,JULICH_BRAIN_CYTOARCHITECTONIC_ATLAS_V3_1_FRONTAL_TO_OCCIPITAL_GAPMAP,Frontal-to-Occipital (GapMap) left,left,2177.7560159156506,0.051981564372911584,0.6248903458388514,0.3291210643993779,0.1232661811017667,same
183,NGIQ-BR-00000189,CG_L_7_5,left,2,AREA_33_ACC_LEFT.nii.gz,JULICH_BRAIN_CYTOARCHITECTONIC_ATLAS_V3_1_AREA_33_ACC,Area 33 (ACC) left,left,62.43952993802439,0.06545741814510217,0.01791654307086466,0.10377692566501417,0.0796711456917325,same
183,NGIQ-BR-00000189,CG_L_7_5,left,3,AREA_5CI_SPL_LEFT.nii.gz,JULICH_BRAIN_CYTOARCHITECTONIC_ATLAS_V3_1_AREA_5CI_SPL,Area 5Ci (SPL) left,left,45.870766854672034,0.04380542564138167,0.013162263887333263,0.06463973218076878,0.05468845201710176,same
183,NGIQ-BR-00000189,CG_L_7_5,left,4,FRONTAL_TO_OCCIPITAL_GAPMAP_RIGHT.nii.gz,JULICH_BRAIN_CYTOARCHITECTONIC_ATLAS_V3_1_FRONTAL_TO_OCCIPITAL_GAPMAP,Frontal-to-Occipital (GapMap) right,right,29.57396522228774,0.000841220561037004,0.008486021951275069,0.004881834675879143,0.0019831613408597616,opposite
183,NGIQ-BR-00000189,CG_L_7_5,left,5,AREA_P24AB_PACC_LEFT.nii.gz,JULICH_BRAIN_CYTOARCHITECTONIC_ATLAS_V3_1_AREA_P24AB_PACC,Area p24ab (pACC) left,left,22.83761345839508,0.024206710701644533,0.00655307760274981,0.03584800751696203,0.028519743317857747,same
183,NGIQ-BR-00000189,CG_L_7_5,left,6,AREA_P24C_PACC_LEFT.nii.gz,JULICH_BRAIN_CYTOARCHITECTONIC_ATLAS_V3_1_AREA_P24C_PACC,Area p24c (pACC) left,left,18.198312608695847,0.014040677174835528,0.005221865891597628,0.023138710454018396,0.020598634038233275,same
183,NGIQ-BR-00000189,CG_L_7_5,left,7,AREA_5M_SPL_LEFT.nii.gz,JULICH_BRAIN_CYTOARCHITECTONIC_ATLAS_V3_1_AREA_5M_SPL,Area 5M (SPL) left,left,17.51785171255826,0.00851037045156267,0.005026612868940521,0.018139064835574824,0.017420144702046628,same
183,NGIQ-BR-00000189,CG_L_7_5,left,8,AREA_S24_SACC_LEFT.nii.gz,JULICH_BRAIN_CYTOARCHITECTONIC_ATLAS_V3_1_AREA_S24_SACC,Area s24 (sACC) left,left,7.622928733644422,0.011721178663188172,0.002187340793853411,0.01391835837560773,0.010035569752234139,same
183,NGIQ-BR-00000189,CG_L_7_5,left,9,AREA_P32_PACC_LEFT.nii.gz,JULICH_BRAIN_CYTOARCHITECTONIC_ATLAS_V3_1_AREA_P32_PACC,Area p32 (pACC) left,left,7.243687592112199,0.0017657222223745365,0.002078520463955826,0.0047184413044093505,0.004645333463364708,same
183,NGIQ-BR-00000189,CG_L_7_5,left,10,AREA_6MP_SMA_MESIAL_SFG_LEFT.nii.gz,JULICH_BRAIN_CYTOARCHITECTONIC_ATLAS_V3_1_AREA_6MP_SMA_MESIAL_SFG,"Area 6mp (SMA, mesial SFG) left",left,6.074502818062199,0.006179107972607631,0.0017430318819172022,0.008265987379410547,0.0071218176389322655,same
184,NGIQ-BR-00000190,CG_R_7_5,right,1,FRONTAL_TO_OCCIPITAL_GAPMAP_RIGHT.nii.gz,JULICH_BRAIN_CYTOARCHITECTONIC_ATLAS_V3_1_FRONTAL_TO_OCCIPITAL_GAPMAP,Frontal-to-Occipital (GapMap) right,right,1671.3507758687276,0.047540957960765524,0.5721046876001082,0.32065141252444446,0.11334596511870261,same
184,NGIQ-BR-00000190,CG_R_7_5,right,2,AREA_33_ACC_RIGHT.nii.gz,JULICH_BRAIN_CYTOARCHITECTONIC_ATLAS_V3_1_AREA_33_ACC,Area 33 (ACC) right,right,67.34510523391991,0.05177170680586633,0.02305228258934574,0.10570660054423565,0.09771890654431938,same
184,NGIQ-BR-00000190,CG_R_7_5,right,3,AREA_P24AB_PACC_RIGHT.nii.gz,JULICH_BRAIN_CYTOARCHITECTONIC_ATLAS_V3_1_AREA_P24AB_PACC,Area p24ab (pACC) right,right,36.78853988104401,0.04076810415843524,0.012592746190559034,0.0733870845296518,0.06050985818856941,same
184,NGIQ-BR-00000190,CG_R_7_5,right,4,FRONTAL_TO_OCCIPITAL_GAPMAP_LEFT.nii.gz,JULICH_BRAIN_CYTOARCHITECTONIC_ATLAS_V3_1_FRONTAL_TO_OCCIPITAL_GAPMAP,Frontal-to-Occipital (GapMap) left,left,34.567087851074675,0.0008250930265754455,0.011832341410201872,0.006071573967159118,0.0019752470817017242,opposite
184,NGIQ-BR-00000190,CG_R_7_5,right,5,AREA_5CI_SPL_RIGHT.nii.gz,JULICH_BRAIN_CYTOARCHITECTONIC_ATLAS_V3_1_AREA_5CI_SPL,Area 5Ci (SPL) right,right,21.2447199994408,0.015494650668185006,0.007272084396594957,0.03132997003644488,0.029609617413543527,same
184,NGIQ-BR-00000190,CG_R_7_5,right,6,AREA_6MP_SMA_MESIAL_SFG_RIGHT.nii.gz,JULICH_BRAIN_CYTOARCHITECTONIC_ATLAS_V3_1_AREA_6MP_SMA_MESIAL_SFG,"Area 6mp (SMA, mesial SFG) right",right,19.316241907411474,0.01568900001020118,0.006611964826057392,0.026667232430983793,0.025701539648224116,same
184,NGIQ-BR-00000190,CG_R_7_5,right,7,AREA_P24C_PACC_RIGHT.nii.gz,JULICH_BRAIN_CYTOARCHITECTONIC_ATLAS_V3_1_AREA_P24C_PACC,Area p24c (pACC) right,right,18.534910250030265,0.011204475305097487,0.0063445143840484075,0.02396041706455889,0.023453517458140682,same
184,NGIQ-BR-00000190,CG_R_7_5,right,8,AREA_6MA_PRESMA_MESIAL_SFG_RIGHT.nii.gz,JULICH_BRAIN_CYTOARCHITECTONIC_ATLAS_V3_1_AREA_6MA_PRESMA_MESIAL_SFG,"Area 6ma (preSMA, mesial SFG) right",right,10.660387350200702,0.006824550395409618,0.0036490589903323436,0.012732457331361444,0.012628203067949869,same
184,NGIQ-BR-00000190,CG_R_7_5,right,9,AREA_S24_SACC_RIGHT.nii.gz,JULICH_BRAIN_CYTOARCHITECTONIC_ATLAS_V3_1_AREA_S24_SACC,Area s24 (sACC) right,right,5.7690222887434075,0.007418091692522297,0.0019747408754120428,0.010684771037457895,0.009170214776920826,same
184,NGIQ-BR-00000190,CG_R_7_5,right,10,AREA_5M_SPL_RIGHT.nii.gz,JULICH_BRAIN_CYTOARCHITECTONIC_ATLAS_V3_1_AREA_5M_SPL,Area 5M (SPL) right,right,3.9596725918684395,0.002141978944227256,0.001355399048408693,0.005193164753058633,0.005067803681899793,same
185,NGIQ-BR-00000191,CG_L_7_6,left,1,FRONTAL_TO_OCCIPITAL_GAPMAP_LEFT.nii.gz,JULICH_BRAIN_CYTOARCHITECTONIC_ATLAS_V3_1_FRONTAL_TO_OCCIPITAL_GAPMAP,Frontal-to-Occipital (GapMap) left,left,2231.5621757753765,0.053265881046573274,0.5713635323846037,0.27612902237724885,0.12409112169023644,same
185,NGIQ-BR-00000191,CG_L_7_6,left,2,AREA_5CI_SPL_LEFT.nii.gz,JULICH_BRAIN_CYTOARCHITECTONIC_ATLAS_V3_1_AREA_5CI_SPL,Area 5Ci (SPL) left,left,258.79995601124125,0.2471474319354789,0.06626248582842398,0.29859625248002136,0.22408499757619654,same
185,NGIQ-BR-00000191,CG_L_7_6,left,3,AREA_5M_SPL_LEFT.nii.gz,JULICH_BRAIN_CYTOARCHITECTONIC_ATLAS_V3_1_AREA_5M_SPL,Area 5M (SPL) left,left,122.51494532667492,0.05951914582285757,0.031368416570079764,0.10386751103962673,0.09269059476832985,same
185,NGIQ-BR-00000191,CG_L_7_6,left,4,FRONTAL_TO_OCCIPITAL_GAPMAP_RIGHT.nii.gz,JULICH_BRAIN_CYTOARCHITECTONIC_ATLAS_V3_1_FRONTAL_TO_OCCIPITAL_GAPMAP,Frontal-to-Occipital (GapMap) right,right,29.533365166283723,0.0008400657073799741,0.007561648081236702,0.0039915635877755635,0.0019393241091826194,opposite
185,NGIQ-BR-00000191,CG_L_7_6,left,5,AREA_33_ACC_LEFT.nii.gz,JULICH_BRAIN_CYTOARCHITECTONIC_ATLAS_V3_1_AREA_33_ACC,Area 33 (ACC) left,left,16.175213604456623,0.01695700979081975,0.004141460758944188,0.022011407159725993,0.01470648702265557,same
185,NGIQ-BR-00000191,CG_L_7_6,left,6,AREA_P24AB_PACC_LEFT.nii.gz,JULICH_BRAIN_CYTOARCHITECTONIC_ATLAS_V3_1_AREA_P24AB_PACC,Area p24ab (pACC) left,left,7.4132590407742525,0.007857678180046759,0.001898072085106549,0.009527524775402692,0.006637241907058515,same
185,NGIQ-BR-00000191,CG_L_7_6,left,7,AREA_6MP_SMA_MESIAL_SFG_LEFT.nii.gz,JULICH_BRAIN_CYTOARCHITECTONIC_ATLAS_V3_1_AREA_6MP_SMA_MESIAL_SFG,"Area 6mp (SMA, mesial SFG) left",left,7.249045040879058,0.00737387624098209,0.001856027148126685,0.008076466667951582,0.006200554062829747,same
185,NGIQ-BR-00000191,CG_L_7_6,left,8,AREA_P24C_PACC_LEFT.nii.gz,JULICH_BRAIN_CYTOARCHITECTONIC_ATLAS_V3_1_AREA_P24C_PACC,Area p24c (pACC) left,left,3.3400360212466613,0.0025769624104730235,0.0008551743707200215,0.00347708884725125,0.002784232521851794,same
185,NGIQ-BR-00000191,CG_L_7_6,left,9,AREA_S24_SACC_LEFT.nii.gz,JULICH_BRAIN_CYTOARCHITECTONIC_ATLAS_V3_1_AREA_S24_SACC,Area s24 (sACC) left,left,2.732050892964802,0.0042008600306110335,0.0006995073970172929,0.004084242753385093,0.002539683575900962,same
185,NGIQ-BR-00000191,CG_L_7_6,left,10,AREA_P32_PACC_LEFT.nii.gz,JULICH_BRAIN_CYTOARCHITECTONIC_ATLAS_V3_1_AREA_P32_PACC,Area p32 (pACC) left,left,0.6041095807627951,0.00014725782937737025,0.0001546746883232512,0.0003221893462155734,0.00032210575376464455,same
186,NGIQ-BR-00000192,CG_R_7_6,right,1,FRONTAL_TO_OCCIPITAL_GAPMAP_RIGHT.nii.gz,JULICH_BRAIN_CYTOARCHITECTONIC_ATLAS_V3_1_FRONTAL_TO_OCCIPITAL_GAPMAP,Frontal-to-Occipital (GapMap) right,right,2680.4643224881424,0.07624482156027639,0.6300675169642309,0.3285262073844739,0.17365158957832882,same
186,NGIQ-BR-00000192,CG_R_7_6,right,2,AREA_5CI_SPL_RIGHT.nii.gz,JULICH_BRAIN_CYTOARCHITECTONIC_ATLAS_V3_1_AREA_5CI_SPL,Area 5Ci (SPL) right,right,316.29195190799516,0.2306847679847866,0.07434729986984262,0.2979830412255248,0.22467105153282724,same
186,NGIQ-BR-00000192,CG_R_7_6,right,3,AREA_5M_SPL_RIGHT.nii.gz,JULICH_BRAIN_CYTOARCHITECTONIC_ATLAS_V3_1_AREA_5M_SPL,Area 5M (SPL) right,right,62.98525176250717,0.03407177738614039,0.014805256257442835,0.05277231327289084,0.042799207394808435,same
186,NGIQ-BR-00000192,CG_R_7_6,right,4,AREA_4A_PRECG_RIGHT.nii.gz,JULICH_BRAIN_CYTOARCHITECTONIC_ATLAS_V3_1_AREA_4A_PRECG,Area 4a (PreCG) right,right,45.220821173733924,0.005925726428232532,0.0106295652857525,0.017048561656336184,0.016908743655812214,same
186,NGIQ-BR-00000192,CG_R_7_6,right,5,FRONTAL_TO_OCCIPITAL_GAPMAP_LEFT.nii.gz,JULICH_BRAIN_CYTOARCHITECTONIC_ATLAS_V3_1_FRONTAL_TO_OCCIPITAL_GAPMAP,Frontal-to-Occipital (GapMap) left,left,44.95658922704724,0.0010730834031973642,0.010567455163578978,0.005044594829595125,0.0024714404622569715,opposite
186,NGIQ-BR-00000192,CG_R_7_6,right,6,AREA_6MP_SMA_MESIAL_SFG_RIGHT.nii.gz,JULICH_BRAIN_CYTOARCHITECTONIC_ATLAS_V3_1_AREA_6MP_SMA_MESIAL_SFG,"Area 6mp (SMA, mesial SFG) right",right,40.202885067820766,0.03265350823739406,0.009450053767537972,0.035457406785929166,0.027882538728451364,same
186,NGIQ-BR-00000192,CG_R_7_6,right,7,AREA_33_ACC_RIGHT.nii.gz,JULICH_BRAIN_CYTOARCHITECTONIC_ATLAS_V3_1_AREA_33_ACC,Area 33 (ACC) right,right,29.002798192984265,0.02229596879211073,0.006817371486409373,0.029082411164010693,0.021024473141496202,same
186,NGIQ-BR-00000192,CG_R_7_6,right,8,AREA_P24AB_PACC_RIGHT.nii.gz,JULICH_BRAIN_CYTOARCHITECTONIC_ATLAS_V3_1_AREA_P24AB_PACC,Area p24ab (pACC) right,right,7.147195299661855,0.007920336152493813,0.0016800132566346772,0.009108296756872549,0.005505116613294982,same
186,NGIQ-BR-00000192,CG_R_7_6,right,9,AREA_6MA_PRESMA_MESIAL_SFG_RIGHT.nii.gz,JULICH_BRAIN_CYTOARCHITECTONIC_ATLAS_V3_1_AREA_6MA_PRESMA_MESIAL_SFG,"Area 6ma (preSMA, mesial SFG) right",right,4.23188355198413,0.002709160710513678,0.0009947427165176179,0.00322899514398723,0.0027578630175755354,same
186,NGIQ-BR-00000192,CG_R_7_6,right,10,AREA_P24C_PACC_RIGHT.nii.gz,JULICH_BRAIN_CYTOARCHITECTONIC_ATLAS_V3_1_AREA_P24C_PACC,Area p24c (pACC) right,right,2.6027939651293273,0.0015734060922415688,0.00061181039308005,0.0021495032984564957,0.0017579448999596942,same
187,NGIQ-BR-00000193,CG_L_7_7,left,1,AREA_P32_PACC_LEFT.nii.gz,JULICH_BRAIN_CYTOARCHITECTONIC_ATLAS_V3_1_AREA_P32_PACC,Area p32 (pACC) left,left,604.1370485329481,0.14726452492456793,0.12242180071467024,0.26500610964752064,0.2588194763029189,same
187,NGIQ-BR-00000193,CG_L_7_7,left,2,AREA_P24AB_PACC_LEFT.nii.gz,JULICH_BRAIN_CYTOARCHITECTONIC_ATLAS_V3_1_AREA_P24AB_PACC,Area p24ab (pACC) left,left,467.8168806207537,0.4958621403748105,0.09479800166102405,0.49450622675124656,0.2969096567388049,same
187,NGIQ-BR-00000193,CG_L_7_7,left,3,AREA_P24C_PACC_LEFT.nii.gz,JULICH_BRAIN_CYTOARCHITECTONIC_ATLAS_V3_1_AREA_P24C_PACC,Area p24c (pACC) left,left,417.400461598796,0.3220400297517484,0.08458166280671722,0.35739010766561463,0.25169972187245737,same
187,NGIQ-BR-00000193,CG_L_7_7,left,4,FRONTAL_TO_OCCIPITAL_GAPMAP_LEFT.nii.gz,JULICH_BRAIN_CYTOARCHITECTONIC_ATLAS_V3_1_FRONTAL_TO_OCCIPITAL_GAPMAP,Frontal-to-Occipital (GapMap) left,left,386.2579315760786,0.009219715793703166,0.07827096788501052,0.03931021680294279,0.02094452105463152,same
187,NGIQ-BR-00000193,CG_L_7_7,left,5,AREA_S24_SACC_LEFT.nii.gz,JULICH_BRAIN_CYTOARCHITECTONIC_ATLAS_V3_1_AREA_S24_SACC,Area s24 (sACC) left,left,245.9775548301484,0.37822036228324274,0.04984467559276992,0.30244276993411157,0.16030379051955815,same
187,NGIQ-BR-00000193,CG_L_7_7,left,6,AREA_S32_SACC_LEFT.nii.gz,JULICH_BRAIN_CYTOARCHITECTONIC_ATLAS_V3_1_AREA_S32_SACC,Area s32 (sACC) left,left,238.5801359290487,0.24081178691736876,0.04834566912608744,0.22175134521618703,0.14709745646949685,same
187,NGIQ-BR-00000193,CG_L_7_7,left,7,AREA_33_ACC_LEFT.nii.gz,JULICH_BRAIN_CYTOARCHITECTONIC_ATLAS_V3_1_AREA_33_ACC,Area 33 (ACC) left,left,81.31572533335915,0.08524595621077125,0.016477747136850927,0.09101171285026924,0.05217325767700651,same
187,NGIQ-BR-00000193,CG_L_7_7,left,8,AREA_25_SACC_LEFT.nii.gz,JULICH_BRAIN_CYTOARCHITECTONIC_ATLAS_V3_1_AREA_25_SACC,Area 25 (sACC) left,left,11.670068129304317,0.03926626741734865,0.002364812352299234,0.020340554917116043,0.007907331802517644,same
187,NGIQ-BR-00000193,CG_L_7_7,left,9,AREA_FP2_FPOLE_LEFT.nii.gz,JULICH_BRAIN_CYTOARCHITECTONIC_ATLAS_V3_1_AREA_FP2_FPOLE,Area Fp2 (FPole) left,left,6.771073460945242,0.0033250715953459893,0.0013720843770021222,0.004078793731772577,0.0035567195474859752,same
187,NGIQ-BR-00000193,CG_L_7_7,left,10,AREA_S32_SACC_RIGHT.nii.gz,JULICH_BRAIN_CYTOARCHITECTONIC_ATLAS_V3_1_AREA_S32_SACC,Area s32 (sACC) right,right,5.234564264729507,0.0069164217617719145,0.001060727503471261,0.005921018279203473,0.003364927018141769,opposite
188,NGIQ-BR-00000194,CG_R_7_7,right,1,AREA_P24C_PACC_RIGHT.nii.gz,JULICH_BRAIN_CYTOARCHITECTONIC_ATLAS_V3_1_AREA_P24C_PACC,Area p24c (pACC) right,right,432.8433468348235,0.26165665358852264,0.1179673592891007,0.4197454086925428,0.37309378136040405,same
188,NGIQ-BR-00000194,CG_R_7_7,right,2,AREA_P24AB_PACC_RIGHT.nii.gz,JULICH_BRAIN_CYTOARCHITECTONIC_ATLAS_V3_1_AREA_P24AB_PACC,Area p24ab (pACC) right,right,399.42159961535543,0.442628640030318,0.10885857826904023,0.5977092159276682,0.4084735944365572,same
188,NGIQ-BR-00000194,CG_R_7_7,right,3,FRONTAL_TO_OCCIPITAL_GAPMAP_RIGHT.nii.gz,JULICH_BRAIN_CYTOARCHITECTONIC_ATLAS_V3_1_FRONTAL_TO_OCCIPITAL_GAPMAP,Frontal-to-Occipital (GapMap) right,right,358.6661977826128,0.01020212804931265,0.09775107906376881,0.051618730695907666,0.023728477007264385,same
188,NGIQ-BR-00000194,CG_R_7_7,right,4,AREA_33_ACC_RIGHT.nii.gz,JULICH_BRAIN_CYTOARCHITECTONIC_ATLAS_V3_1_AREA_33_ACC,Area 33 (ACC) right,right,153.7702044279728,0.1182112034938721,0.04190861448226314,0.18105877777176282,0.14519838963374568,same
188,NGIQ-BR-00000194,CG_R_7_7,right,5,AREA_P32_PACC_RIGHT.nii.gz,JULICH_BRAIN_CYTOARCHITECTONIC_ATLAS_V3_1_AREA_P32_PACC,Area p32 (pACC) right,right,115.765846588619,0.032263829908670605,0.03155088629128911,0.07207838534849981,0.0719813343795476,same
188,NGIQ-BR-00000194,CG_R_7_7,right,6,AREA_S24_SACC_RIGHT.nii.gz,JULICH_BRAIN_CYTOARCHITECTONIC_ATLAS_V3_1_AREA_S24_SACC,Area s24 (sACC) right,right,104.29409612057735,0.13410646194256495,0.02842436922909015,0.14490188994090034,0.1044018524353539,same
188,NGIQ-BR-00000194,CG_R_7_7,right,7,AREA_S32_SACC_RIGHT.nii.gz,JULICH_BRAIN_CYTOARCHITECTONIC_ATLAS_V3_1_AREA_S32_SACC,Area s32 (sACC) right,right,40.01125115962202,0.052866804998607,0.010904687979309005,0.058594896064937466,0.04067563873771623,same
188,NGIQ-BR-00000194,CG_R_7_7,right,8,FRONTAL_TO_OCCIPITAL_GAPMAP_LEFT.nii.gz,JULICH_BRAIN_CYTOARCHITECTONIC_ATLAS_V3_1_FRONTAL_TO_OCCIPITAL_GAPMAP,Frontal-to-Occipital (GapMap) left,left,28.57907750290654,0.000682163266260634,0.007788957202622739,0.003765633293535164,0.0015992771200672904,opposite
188,NGIQ-BR-00000194,CG_R_7_7,right,9,AREA_25_SACC_RIGHT.nii.gz,JULICH_BRAIN_CYTOARCHITECTONIC_ATLAS_V3_1_AREA_25_SACC,Area 25 (sACC) right,right,17.89481475075344,0.053684252515691665,0.004877062467404879,0.0398157571985626,0.019761147274906642,same
188,NGIQ-BR-00000194,CG_R_7_7,right,10,AREA_P24AB_PACC_LEFT.nii.gz,JULICH_BRAIN_CYTOARCHITECTONIC_ATLAS_V3_1_AREA_P24AB_PACC,Area p24ab (pACC) left,left,4.94966228387634,0.005246390705180793,0.0013489836294620727,0.006773813482140136,0.004931604741939546,opposite
189,NGIQ-BR-00000015,MVOcC_L_5_1,left,1,AREA_HOC3V_LINGG_LEFT.nii.gz,JULICH_BRAIN_CYTOARCHITECTONIC_ATLAS_V3_1_AREA_HOC3V_LINGG,Area hOc3v (LingG) left,left,936.9629621725616,0.22709773609312098,0.16742023488084737,0.49732367157338,0.4909342936570416,same
189,NGIQ-BR-00000015,MVOcC_L_5_1,left,2,AREA_HOC1_V1_17_CALCS_LEFT.nii.gz,JULICH_BRAIN_CYTOARCHITECTONIC_ATLAS_V3_1_AREA_HOC1_V1_17_CALCS,"Area hOc1 (V1, 17, CalcS) left",left,909.1682595373408,0.10382498506084922,0.16245376786827517,0.30180996169073904,0.28802488642818924,same
189,NGIQ-BR-00000015,MVOcC_L_5_1,left,3,AREA_HOC2_V2_18_LEFT.nii.gz,JULICH_BRAIN_CYTOARCHITECTONIC_ATLAS_V3_1_AREA_HOC2_V2_18,"Area hOc2 (V2, 18) left",left,900.7728632923842,0.126776061561636,0.16095364537891943,0.39709554718934764,0.39697628684974096,same
189,NGIQ-BR-00000015,MVOcC_L_5_1,left,4,AREA_HOC4V_LINGG_LEFT.nii.gz,JULICH_BRAIN_CYTOARCHITECTONIC_ATLAS_V3_1_AREA_HOC4V_LINGG,Area hOc4v (LingG) left,left,587.3228301365468,0.17486257570541644,0.10494515807150463,0.33173866100134614,0.3236336848875782,same
189,NGIQ-BR-00000015,MVOcC_L_5_1,left,5,AREA_PH1_PHG_LEFT.nii.gz,JULICH_BRAIN_CYTOARCHITECTONIC_ATLAS_V3_1_AREA_PH1_PHG,Area Ph1 (PhG) left,left,99.36062792484776,0.08169454056100459,0.017754148602111778,0.10549684088049736,0.07601526350134945,same
189,NGIQ-BR-00000015,MVOcC_L_5_1,left,6,AREA_FG1_FUSG_LEFT.nii.gz,JULICH_BRAIN_CYTOARCHITECTONIC_ATLAS_V3_1_AREA_FG1_FUSG,Area FG1 (FusG) left,left,65.16459387898313,0.04817126613359621,0.011643866463875335,0.06428226351024932,0.04867129524800815,same
189,NGIQ-BR-00000015,MVOcC_L_5_1,left,7,FRONTAL_TO_OCCIPITAL_GAPMAP_LEFT.nii.gz,JULICH_BRAIN_CYTOARCHITECTONIC_ATLAS_V3_1_FRONTAL_TO_OCCIPITAL_GAPMAP,Frontal-to-Occipital (GapMap) left,left,54.011785470552816,0.0012892248180303855,0.00965103870151539,0.006221618302845062,0.002978993764256356,same
189,NGIQ-BR-00000015,MVOcC_L_5_1,left,8,AREA_FG3_FUSG_LEFT.nii.gz,JULICH_BRAIN_CYTOARCHITECTONIC_ATLAS_V3_1_AREA_FG3_FUSG,Area FG3 (FusG) left,left,41.02815059854723,0.01474022545211847,0.007331071650909606,0.025921922122917603,0.024529290414372556,same
189,NGIQ-BR-00000015,MVOcC_L_5_1,left,9,AREA_PH3_PHG_LEFT.nii.gz,JULICH_BRAIN_CYTOARCHITECTONIC_ATLAS_V3_1_AREA_PH3_PHG,Area Ph3 (PhG) left,left,26.24281855281892,0.04460268637804521,0.0046891702483744845,0.04338389465885114,0.02206406776093185,same
189,NGIQ-BR-00000015,MVOcC_L_5_1,left,10,AREA_HOC3D_CUNEUS_LEFT.nii.gz,JULICH_BRAIN_CYTOARCHITECTONIC_ATLAS_V3_1_AREA_HOC3D_CUNEUS,Area hOc3d (Cuneus) left,left,22.369180853798284,0.005865631136039097,0.003997013397361305,0.01251800357244733,0.012236610863320948,same
190,NGIQ-BR-00000016,MVOcC_R_5_1,right,1,AREA_HOC1_V1_17_CALCS_RIGHT.nii.gz,JULICH_BRAIN_CYTOARCHITECTONIC_ATLAS_V3_1_AREA_HOC1_V1_17_CALCS,"Area hOc1 (V1, 17, CalcS) right",right,1661.3523970597694,0.15166490537752064,0.2813532374674523,0.38941793975072825,0.3674253600239674,same
190,NGIQ-BR-00000016,MVOcC_R_5_1,right,2,AREA_HOC2_V2_18_RIGHT.nii.gz,JULICH_BRAIN_CYTOARCHITECTONIC_ATLAS_V3_1_AREA_HOC2_V2_18,"Area hOc2 (V2, 18) right",right,1280.7337952533794,0.15339385736569927,0.2168947420584796,0.41581243432905074,0.41574120325692576,same
190,NGIQ-BR-00000016,MVOcC_R_5_1,right,3,AREA_HOC3V_LINGG_RIGHT.nii.gz,JULICH_BRAIN_CYTOARCHITECTONIC_ATLAS_V3_1_AREA_HOC3V_LINGG,Area hOc3v (LingG) right,right,489.9439668659358,0.15061871503998836,0.08297295715185823,0.2594021198127731,0.23311648784728273,same
190,NGIQ-BR-00000016,MVOcC_R_5_1,right,4,AREA_HOC4V_LINGG_RIGHT.nii.gz,JULICH_BRAIN_CYTOARCHITECTONIC_ATLAS_V3_1_AREA_HOC4V_LINGG,Area hOc4v (LingG) right,right,132.8387834549028,0.04097481533908917,0.02249650456605092,0.06329653819700402,0.059299366600558415,same
190,NGIQ-BR-00000016,MVOcC_R_5_1,right,5,TEMPORAL_TO_PARIETAL_GAPMAP_RIGHT.nii.gz,JULICH_BRAIN_CYTOARCHITECTONIC_ATLAS_V3_1_TEMPORAL_TO_PARIETAL_GAPMAP,Temporal-to-Parietal (GapMap) right,right,39.44504495067611,0.0005197371091294462,0.006680094553427031,0.0028463130790826988,0.0011855741305362034,same
190,NGIQ-BR-00000016,MVOcC_R_5_1,right,6,AREA_HOC3D_CUNEUS_RIGHT.nii.gz,JULICH_BRAIN_CYTOARCHITECTONIC_ATLAS_V3_1_AREA_HOC3D_CUNEUS,Area hOc3d (Cuneus) right,right,23.326633258920317,0.007432009850479438,0.003950410399520473,0.013515832820711253,0.01163794282969145,same
190,NGIQ-BR-00000016,MVOcC_R_5_1,right,7,AREA_PH1_PHG_RIGHT.nii.gz,JULICH_BRAIN_CYTOARCHITECTONIC_ATLAS_V3_1_AREA_PH1_PHG,Area Ph1 (PhG) right,right,21.509440662882664,0.016204652695546263,0.003642665323339213,0.016101084616382228,0.011903988357890439,same
190,NGIQ-BR-00000016,MVOcC_R_5_1,right,8,FRONTAL_TO_OCCIPITAL_GAPMAP_RIGHT.nii.gz,JULICH_BRAIN_CYTOARCHITECTONIC_ATLAS_V3_1_FRONTAL_TO_OCCIPITAL_GAPMAP,Frontal-to-Occipital (GapMap) right,right,17.49319849788502,0.0004975875958504344,0.0029625069550272285,0.0018831615347464964,0.0011084713594203654,same
190,NGIQ-BR-00000016,MVOcC_R_5_1,right,9,AREA_FG1_FUSG_RIGHT.nii.gz,JULICH_BRAIN_CYTOARCHITECTONIC_ATLAS_V3_1_AREA_FG1_FUSG,Area FG1 (FusG) right,right,7.532458411333554,0.004785765738571776,0.0012756363814614546,0.005706885321316695,0.004184980595766166,same
190,NGIQ-BR-00000016,MVOcC_R_5_1,right,10,AREA_HOC1_V1_17_CALCS_LEFT.nii.gz,JULICH_BRAIN_CYTOARCHITECTONIC_ATLAS_V3_1_AREA_HOC1_V1_17_CALCS,"Area hOc1 (V1, 17, CalcS) left",left,6.160244436937147,0.000703486158834508,0.0010432492943643521,0.0017497005072372226,0.001729621016831463,opposite
191,NGIQ-BR-00000195,MVOcC_L_5_2,left,1,AREA_HOC1_V1_17_CALCS_LEFT.nii.gz,JULICH_BRAIN_CYTOARCHITECTONIC_ATLAS_V3_1_AREA_HOC1_V1_17_CALCS,"Area hOc1 (V1, 17, CalcS) left",left,1872.0837561422156,0.21378778457689993,0.25517069202523723,0.49732247492320303,0.495517320959989,same
191,NGIQ-BR-00000195,MVOcC_L_5_2,left,2,AREA_HOC2_V2_18_LEFT.nii.gz,JULICH_BRAIN_CYTOARCHITECTONIC_ATLAS_V3_1_AREA_HOC2_V2_18,"Area hOc2 (V2, 18) left",left,1106.4179898305242,0.15571885089762788,0.15080812661716161,0.390321485613838,0.38276911741785397,same
191,NGIQ-BR-00000195,MVOcC_L_5_2,left,3,AREA_HOC3D_CUNEUS_LEFT.nii.gz,JULICH_BRAIN_CYTOARCHITECTONIC_ATLAS_V3_1_AREA_HOC3D_CUNEUS,Area hOc3d (Cuneus) left,left,403.6748379224476,0.10585133687411674,0.055022104330476024,0.18077575184903952,0.16479677749665306,same
191,NGIQ-BR-00000195,MVOcC_L_5_2,left,4,FRONTAL_TO_OCCIPITAL_GAPMAP_LEFT.nii.gz,JULICH_BRAIN_CYTOARCHITECTONIC_ATLAS_V3_1_FRONTAL_TO_OCCIPITAL_GAPMAP,Frontal-to-Occipital (GapMap) left,left,255.03405287545743,0.006087490490185198,0.03476191465724556,0.023509127350556228,0.01360010445104554,same
191,NGIQ-BR-00000195,MVOcC_L_5_2,left,5,AREA_HOC3V_LINGG_LEFT.nii.gz,JULICH_BRAIN_CYTOARCHITECTONIC_ATLAS_V3_1_AREA_HOC3V_LINGG,Area hOc3v (LingG) left,left,216.97053944010173,0.052588544366255915,0.029573742369363276,0.09215968523181671,0.0857588425512063,same
191,NGIQ-BR-00000195,MVOcC_L_5_2,left,6,AREA_HOC4D_CUNEUS_LEFT.nii.gz,JULICH_BRAIN_CYTOARCHITECTONIC_ATLAS_V3_1_AREA_HOC4D_CUNEUS,Area hOc4d (Cuneus) left,left,87.0186475200489,0.038078983498783706,0.011860905493110996,0.0567730905886763,0.04207739508979673,same
191,NGIQ-BR-00000195,MVOcC_L_5_2,left,7,AREA_HOC4V_LINGG_LEFT.nii.gz,JULICH_BRAIN_CYTOARCHITECTONIC_ATLAS_V3_1_AREA_HOC4V_LINGG,Area hOc4v (LingG) left,left,73.20666740542272,0.021795690145989796,0.009978290726263866,0.033089739477624426,0.03004886386481848,same
191,NGIQ-BR-00000195,MVOcC_L_5_2,left,8,AREA_7M_SPL_LEFT.nii.gz,JULICH_BRAIN_CYTOARCHITECTONIC_ATLAS_V3_1_AREA_7M_SPL,Area 7M (SPL) left,left,57.884995404498426,0.14008962319720455,0.007889900378005028,0.0930450037532069,0.032443050361987115,same
191,NGIQ-BR-00000195,MVOcC_L_5_2,left,9,AREA_HOC6_POS_LEFT.nii.gz,JULICH_BRAIN_CYTOARCHITECTONIC_ATLAS_V3_1_AREA_HOC6_POS,Area hOc6 (POS) left,left,43.187977496847445,0.05171171805944256,0.005886652276578891,0.03665714564416715,0.022388674817813294,same
191,NGIQ-BR-00000195,MVOcC_L_5_2,left,10,AREA_HPO1_POS_LEFT.nii.gz,JULICH_BRAIN_CYTOARCHITECTONIC_ATLAS_V3_1_AREA_HPO1_POS,Area hPO1 (POS) left,left,29.655528728938194,0.015410002595206617,0.004042138479814152,0.019557960672870276,0.014390272523577623,same
192,NGIQ-BR-00000196,MVOcC_R_5_2,right,1,AREA_HOC1_V1_17_CALCS_RIGHT.nii.gz,JULICH_BRAIN_CYTOARCHITECTONIC_ATLAS_V3_1_AREA_HOC1_V1_17_CALCS,"Area hOc1 (V1, 17, CalcS) right",right,1970.9527071192094,0.1799283260780999,0.2634786523233576,0.44032012543369686,0.42167963131026437,same
192,NGIQ-BR-00000196,MVOcC_R_5_2,right,2,AREA_HOC2_V2_18_RIGHT.nii.gz,JULICH_BRAIN_CYTOARCHITECTONIC_ATLAS_V3_1_AREA_HOC2_V2_18,"Area hOc2 (V2, 18) right",right,1383.3498640578935,0.1656842136286214,0.18492739909848513,0.42806406802321656,0.4278775570777229,same
192,NGIQ-BR-00000196,MVOcC_R_5_2,right,3,FRONTAL_TO_OCCIPITAL_GAPMAP_RIGHT.nii.gz,JULICH_BRAIN_CYTOARCHITECTONIC_ATLAS_V3_1_FRONTAL_TO_OCCIPITAL_GAPMAP,Frontal-to-Occipital (GapMap) right,right,385.75214764693783,0.010972577928786914,0.05156767873005524,0.039579002377906104,0.024209647968913027,same
192,NGIQ-BR-00000196,MVOcC_R_5_2,right,4,AREA_HOC3D_CUNEUS_RIGHT.nii.gz,JULICH_BRAIN_CYTOARCHITECTONIC_ATLAS_V3_1_AREA_HOC3D_CUNEUS,Area hOc3d (Cuneus) right,right,369.82781882222525,0.11782943393329283,0.04943890076256061,0.20423419880551263,0.17146999142470637,same
192,NGIQ-BR-00000196,MVOcC_R_5_2,right,5,AREA_HOC3V_LINGG_RIGHT.nii.gz,JULICH_BRAIN_CYTOARCHITECTONIC_ATLAS_V3_1_AREA_HOC3V_LINGG,Area hOc3v (LingG) right,right,201.20200452748483,0.06185357803108133,0.02689685693937528,0.10153073960483981,0.08925807091239595,same
192,NGIQ-BR-00000196,MVOcC_R_5_2,right,6,TEMPORAL_TO_PARIETAL_GAPMAP_RIGHT.nii.gz,JULICH_BRAIN_CYTOARCHITECTONIC_ATLAS_V3_1_TEMPORAL_TO_PARIETAL_GAPMAP,Temporal-to-Parietal (GapMap) right,right,173.99902524617528,0.0022926517256063763,0.02326033928254337,0.011966721076576758,0.005205922254855794,same
192,NGIQ-BR-00000196,MVOcC_R_5_2,right,7,AREA_HOC4D_CUNEUS_RIGHT.nii.gz,JULICH_BRAIN_CYTOARCHITECTONIC_ATLAS_V3_1_AREA_HOC4D_CUNEUS,Area hOc4d (Cuneus) right,right,66.59446839299154,0.03142153239866716,0.008902405786297031,0.0435380275199356,0.03303806462433208,same
192,NGIQ-BR-00000196,MVOcC_R_5_2,right,8,AREA_HOC4V_LINGG_RIGHT.nii.gz,JULICH_BRAIN_CYTOARCHITECTONIC_ATLAS_V3_1_AREA_HOC4V_LINGG,Area hOc4v (LingG) right,right,64.64260945135403,0.01993934991286111,0.00864147960495825,0.029357028073184948,0.027017887729829913,same
192,NGIQ-BR-00000196,MVOcC_R_5_2,right,9,AREA_PH3_PHG_RIGHT.nii.gz,JULICH_BRAIN_CYTOARCHITECTONIC_ATLAS_V3_1_AREA_PH3_PHG,Area Ph3 (PhG) right,right,43.90340732671573,0.05474072852803241,0.0058690452353643615,0.042734666355255566,0.024085863779751655,same
192,NGIQ-BR-00000196,MVOcC_R_5_2,right,10,AREA_PH1_PHG_RIGHT.nii.gz,JULICH_BRAIN_CYTOARCHITECTONIC_ATLAS_V3_1_AREA_PH1_PHG,Area Ph1 (PhG) right,right,35.43536269687323,0.026696079858293743,0.004737029749236311,0.02528139520554556,0.01808519311315826,same
193,NGIQ-BR-00000197,MVOcC_L_5_3,left,1,AREA_HOC1_V1_17_CALCS_LEFT.nii.gz,JULICH_BRAIN_CYTOARCHITECTONIC_ATLAS_V3_1_AREA_HOC1_V1_17_CALCS,"Area hOc1 (V1, 17, CalcS) left",left,1877.1476900107518,0.21436607451689127,0.31791014466326384,0.523269452486969,0.5186417110943757,same
193,NGIQ-BR-00000197,MVOcC_L_5_3,left,2,AREA_HOC2_V2_18_LEFT.nii.gz,JULICH_BRAIN_CYTOARCHITECTONIC_ATLAS_V3_1_AREA_HOC2_V2_18,"Area hOc2 (V2, 18) left",left,1177.8865131616828,0.1657774331249315,0.19948460837090193,0.4360344530361775,0.4311638423158474,same
193,NGIQ-BR-00000197,MVOcC_L_5_3,left,3,AREA_HOC3D_CUNEUS_LEFT.nii.gz,JULICH_BRAIN_CYTOARCHITECTONIC_ATLAS_V3_1_AREA_HOC3D_CUNEUS,Area hOc3d (Cuneus) left,left,236.8946873288991,0.0621183611076529,0.04012003142824505,0.11132121702359275,0.1034092748385852,same
193,NGIQ-BR-00000197,MVOcC_L_5_3,left,4,AREA_HOC3V_LINGG_LEFT.nii.gz,JULICH_BRAIN_CYTOARCHITECTONIC_ATLAS_V3_1_AREA_HOC3V_LINGG,Area hOc3v (LingG) left,left,222.57497863156127,0.05394692831934286,0.03769487293499917,0.099204342237201,0.09386112501119012,same
193,NGIQ-BR-00000197,MVOcC_L_5_3,left,5,FRONTAL_TO_OCCIPITAL_GAPMAP_LEFT.nii.gz,JULICH_BRAIN_CYTOARCHITECTONIC_ATLAS_V3_1_FRONTAL_TO_OCCIPITAL_GAPMAP,Frontal-to-Occipital (GapMap) left,left,159.16314989345764,0.0037991168255381816,0.026955566829906734,0.015395542217570064,0.008560069767284984,same
193,NGIQ-BR-00000197,MVOcC_L_5_3,left,6,AREA_HOC4V_LINGG_LEFT.nii.gz,JULICH_BRAIN_CYTOARCHITECTONIC_ATLAS_V3_1_AREA_HOC4V_LINGG,Area hOc4v (LingG) left,left,48.694126054465094,0.014497615053765902,0.008246744111081391,0.023095821492571805,0.021379872419301144,same
193,NGIQ-BR-00000197,MVOcC_L_5_3,left,7,AREA_HOC4D_CUNEUS_LEFT.nii.gz,JULICH_BRAIN_CYTOARCHITECTONIC_ATLAS_V3_1_AREA_HOC4D_CUNEUS,Area hOc4d (Cuneus) left,left,36.99177481704051,0.016187440542836152,0.006264856274238534,0.025325002914938572,0.019373749074494392,same
193,NGIQ-BR-00000197,MVOcC_L_5_3,left,8,AREA_HPO1_POS_LEFT.nii.gz,JULICH_BRAIN_CYTOARCHITECTONIC_ATLAS_V3_1_AREA_HPO1_POS,Area hPO1 (POS) left,left,29.8772390649367,0.015525210686229024,0.0050599520985045885,0.020676283900661136,0.015707350286242462,same
193,NGIQ-BR-00000197,MVOcC_L_5_3,left,9,AREA_7M_SPL_LEFT.nii.gz,JULICH_BRAIN_CYTOARCHITECTONIC_ATLAS_V3_1_AREA_7M_SPL,Area 7M (SPL) left,left,13.43121631814658,0.03250538451183978,0.0022746851222351675,0.02265460664565788,0.008262731275987931,same
193,NGIQ-BR-00000197,MVOcC_L_5_3,left,10,AREA_HOC6_POS_LEFT.nii.gz,JULICH_BRAIN_CYTOARCHITECTONIC_ATLAS_V3_1_AREA_HOC6_POS,Area hOc6 (POS) left,left,9.287500317228512,0.011120516072246314,0.001572913300920565,0.00827196613511379,0.0052462134971574806,same
194,NGIQ-BR-00000198,MVOcC_R_5_3,right,1,AREA_HOC1_V1_17_CALCS_RIGHT.nii.gz,JULICH_BRAIN_CYTOARCHITECTONIC_ATLAS_V3_1_AREA_HOC1_V1_17_CALCS,"Area hOc1 (V1, 17, CalcS) right",right,1694.14972106712,0.1546589739754978,0.2625273631151605,0.3815231429726093,0.36451997719231605,same
194,NGIQ-BR-00000198,MVOcC_R_5_3,right,2,AREA_HOC2_V2_18_RIGHT.nii.gz,JULICH_BRAIN_CYTOARCHITECTONIC_ATLAS_V3_1_AREA_HOC2_V2_18,"Area hOc2 (V2, 18) right",right,1287.4086600716607,0.15419330785702343,0.1994983067773647,0.4015780208242917,0.4014850550218537,same
194,NGIQ-BR-00000198,MVOcC_R_5_3,right,3,AREA_HOC3D_CUNEUS_RIGHT.nii.gz,JULICH_BRAIN_CYTOARCHITECTONIC_ATLAS_V3_1_AREA_HOC3D_CUNEUS,Area hOc3d (Cuneus) right,right,498.51001327961563,0.15882837819469464,0.07724967731326986,0.2775105781165334,0.23400120514046605,same
194,NGIQ-BR-00000198,MVOcC_R_5_3,right,4,AREA_HOC4D_CUNEUS_RIGHT.nii.gz,JULICH_BRAIN_CYTOARCHITECTONIC_ATLAS_V3_1_AREA_HOC4D_CUNEUS,Area hOc4d (Cuneus) right,right,98.47917238113062,0.046465818862115545,0.015260444295736059,0.06490105393198106,0.04950555409526998,same
194,NGIQ-BR-00000198,MVOcC_R_5_3,right,5,FRONTAL_TO_OCCIPITAL_GAPMAP_RIGHT.nii.gz,JULICH_BRAIN_CYTOARCHITECTONIC_ATLAS_V3_1_FRONTAL_TO_OCCIPITAL_GAPMAP,Frontal-to-Occipital (GapMap) right,right,67.18219258565759,0.0019109727530216903,0.010410628794188382,0.006948441896891359,0.0042233335837964505,same
194,NGIQ-BR-00000198,MVOcC_R_5_3,right,6,TEMPORAL_TO_PARIETAL_GAPMAP_RIGHT.nii.gz,JULICH_BRAIN_CYTOARCHITECTONIC_ATLAS_V3_1_TEMPORAL_TO_PARIETAL_GAPMAP,Temporal-to-Parietal (GapMap) right,right,58.440430740623476,0.0007700247411909882,0.009055995459472268,0.004051525041900461,0.0017498784622097445,same
194,NGIQ-BR-00000198,MVOcC_R_5_3,right,7,AREA_HOC3V_LINGG_RIGHT.nii.gz,JULICH_BRAIN_CYTOARCHITECTONIC_ATLAS_V3_1_AREA_HOC3V_LINGG,Area hOc3v (LingG) right,right,29.24434857480286,0.008990306039881496,0.004531737438487839,0.014875924467710902,0.013127442764455268,same
194,NGIQ-BR-00000198,MVOcC_R_5_3,right,8,AREA_HPO1_POS_RIGHT.nii.gz,JULICH_BRAIN_CYTOARCHITECTONIC_ATLAS_V3_1_AREA_HPO1_POS,Area hPO1 (POS) right,right,12.829082356824536,0.0070613687029051206,0.0019880091590741638,0.008783969879331794,0.006534090210498272,same
194,NGIQ-BR-00000198,MVOcC_R_5_3,right,9,FRONTAL_TO_TEMPORAL_II_GAPMAP_RIGHT.nii.gz,JULICH_BRAIN_CYTOARCHITECTONIC_ATLAS_V3_1_FRONTAL_TO_TEMPORAL_II_GAPMAP,Frontal-to-Temporal-II (GapMap) right,right,9.869495902387614,0.0010051046898631425,0.001529388283874734,0.0021173322323648006,0.0019920753300071595,same
194,NGIQ-BR-00000198,MVOcC_R_5_3,right,10,AREA_HOC1_V1_17_CALCS_LEFT.nii.gz,JULICH_BRAIN_CYTOARCHITECTONIC_ATLAS_V3_1_AREA_HOC1_V1_17_CALCS,"Area hOc1 (V1, 17, CalcS) left",left,6.476355111903321,0.0007395852920385636,0.0010035833368106483,0.001767304294104562,0.0017562385711021656,opposite
195,NGIQ-BR-00000199,MVOcC_L_5_4,left,1,AREA_HOC2_V2_18_LEFT.nii.gz,JULICH_BRAIN_CYTOARCHITECTONIC_ATLAS_V3_1_AREA_HOC2_V2_18,"Area hOc2 (V2, 18) left",left,727.6863057373529,0.10241561180753891,0.10130159594928594,0.2455550249697188,0.23849288797408877,same
195,NGIQ-BR-00000199,MVOcC_L_5_4,left,2,AREA_HOC1_V1_17_CALCS_LEFT.nii.gz,JULICH_BRAIN_CYTOARCHITECTONIC_ATLAS_V3_1_AREA_HOC1_V1_17_CALCS,"Area hOc1 (V1, 17, CalcS) left",left,657.2780786099505,0.07505968887126444,0.09150002936801235,0.16701802876028085,0.16687846459330052,same
195,NGIQ-BR-00000199,MVOcC_L_5_4,left,3,AREA_PH1_PHG_LEFT.nii.gz,JULICH_BRAIN_CYTOARCHITECTONIC_ATLAS_V3_1_AREA_PH1_PHG,Area Ph1 (PhG) left,left,622.14097217374,0.5115257617368596,0.08660857417507545,0.5056369833619712,0.297786817194621,same
195,NGIQ-BR-00000199,MVOcC_L_5_4,left,4,AREA_HOC3V_LINGG_LEFT.nii.gz,JULICH_BRAIN_CYTOARCHITECTONIC_ATLAS_V3_1_AREA_HOC3V_LINGG,Area hOc3v (LingG) left,left,621.2868693528098,0.1505852922587782,0.08648967406910556,0.25242582444135986,0.2309074051359431,same
195,NGIQ-BR-00000199,MVOcC_L_5_4,left,5,AREA_HOC4V_LINGG_LEFT.nii.gz,JULICH_BRAIN_CYTOARCHITECTONIC_ATLAS_V3_1_AREA_HOC4V_LINGG,Area hOc4v (LingG) left,left,566.6189128150195,0.16869843543320437,0.07887931889146778,0.24498256179047548,0.21819231866130911,same
195,NGIQ-BR-00000199,MVOcC_L_5_4,left,6,FRONTAL_TO_OCCIPITAL_GAPMAP_LEFT.nii.gz,JULICH_BRAIN_CYTOARCHITECTONIC_ATLAS_V3_1_FRONTAL_TO_OCCIPITAL_GAPMAP,Frontal-to-Occipital (GapMap) left,left,480.9092374806202,0.011478978500314669,0.06694762960280935,0.04240361176309699,0.02542746473580653,same
195,NGIQ-BR-00000199,MVOcC_L_5_4,left,7,AREA_PH3_PHG_LEFT.nii.gz,JULICH_BRAIN_CYTOARCHITECTONIC_ATLAS_V3_1_AREA_PH3_PHG,Area Ph3 (PhG) left,left,347.4943939320448,0.5906066621420517,0.048374878586009175,0.4397347252419066,0.176259469716971,same
195,NGIQ-BR-00000199,MVOcC_L_5_4,left,8,AREA_FG3_FUSG_LEFT.nii.gz,JULICH_BRAIN_CYTOARCHITECTONIC_ATLAS_V3_1_AREA_FG3_FUSG,Area FG3 (FusG) left,left,250.69667207886954,0.09006804870871267,0.03489961647008177,0.12124357407110982,0.10212839687222475,same
195,NGIQ-BR-00000199,MVOcC_L_5_4,left,9,AREA_FG1_FUSG_LEFT.nii.gz,JULICH_BRAIN_CYTOARCHITECTONIC_ATLAS_V3_1_AREA_FG1_FUSG,Area FG1 (FusG) left,left,109.50413304402457,0.08094814103174686,0.015244128346159168,0.08268655149639842,0.05162919800763052,same
195,NGIQ-BR-00000199,MVOcC_L_5_4,left,10,AREA_PH2_PHG_LEFT.nii.gz,JULICH_BRAIN_CYTOARCHITECTONIC_ATLAS_V3_1_AREA_PH2_PHG,Area Ph2 (PhG) left,left,88.26402254970313,0.06985814877896768,0.012287281317089824,0.060879722616153174,0.04073009791768869,same
196,NGIQ-BR-00000200,MVOcC_R_5_4,right,1,TEMPORAL_TO_PARIETAL_GAPMAP_RIGHT.nii.gz,JULICH_BRAIN_CYTOARCHITECTONIC_ATLAS_V3_1_TEMPORAL_TO_PARIETAL_GAPMAP,Temporal-to-Parietal (GapMap) right,right,989.4366870614463,0.01303704848208363,0.1377275155118742,0.06006513516104092,0.029191178758860674,same
196,NGIQ-BR-00000200,MVOcC_R_5_4,right,2,AREA_HOC2_V2_18_RIGHT.nii.gz,JULICH_BRAIN_CYTOARCHITECTONIC_ATLAS_V3_1_AREA_HOC2_V2_18,"Area hOc2 (V2, 18) right",right,796.6912994585848,0.09541994753833001,0.11089776105860445,0.21760702576383623,0.21504166127965682,same
196,NGIQ-BR-00000200,MVOcC_R_5_4,right,3,AREA_HOC1_V1_17_CALCS_RIGHT.nii.gz,JULICH_BRAIN_CYTOARCHITECTONIC_ATLAS_V3_1_AREA_HOC1_V1_17_CALCS,"Area hOc1 (V1, 17, CalcS) right",right,680.7427975096916,0.06214502844396938,0.09475797231863727,0.13423985783717707,0.13229032028213314,same
196,NGIQ-BR-00000200,MVOcC_R_5_4,right,4,AREA_PH3_PHG_RIGHT.nii.gz,JULICH_BRAIN_CYTOARCHITECTONIC_ATLAS_V3_1_AREA_PH3_PHG,Area Ph3 (PhG) right,right,616.7489627701241,0.7689901444255511,0.08585016449019078,0.5299032882960049,0.2687875112242086,same
196,NGIQ-BR-00000200,MVOcC_R_5_4,right,5,AREA_HOC3V_LINGG_RIGHT.nii.gz,JULICH_BRAIN_CYTOARCHITECTONIC_ATLAS_V3_1_AREA_HOC3V_LINGG,Area hOc3v (LingG) right,right,576.649266179653,0.17727368306281766,0.08026837067113607,0.2568520796728987,0.21154201050328322,same
196,NGIQ-BR-00000200,MVOcC_R_5_4,right,6,AREA_PH1_PHG_RIGHT.nii.gz,JULICH_BRAIN_CYTOARCHITECTONIC_ATLAS_V3_1_AREA_PH1_PHG,Area Ph1 (PhG) right,right,566.8036455893795,0.42701511244757984,0.07889788089619333,0.3569463015074078,0.2331441139602629,same
196,NGIQ-BR-00000200,MVOcC_R_5_4,right,7,AREA_HOC4V_LINGG_RIGHT.nii.gz,JULICH_BRAIN_CYTOARCHITECTONIC_ATLAS_V3_1_AREA_HOC4V_LINGG,Area hOc4v (LingG) right,right,327.59801190526105,0.1010493147720511,0.04560095745018497,0.1313229295185113,0.11437048930390778,same
196,NGIQ-BR-00000200,MVOcC_R_5_4,right,8,AREA_FG3_FUSG_RIGHT.nii.gz,JULICH_BRAIN_CYTOARCHITECTONIC_ATLAS_V3_1_AREA_FG3_FUSG,Area FG3 (FusG) right,right,93.60820474517006,0.04899002660997521,0.01303006613729743,0.05116874188054207,0.03703276770930973,same
196,NGIQ-BR-00000200,MVOcC_R_5_4,right,9,AREA_PH2_PHG_RIGHT.nii.gz,JULICH_BRAIN_CYTOARCHITECTONIC_ATLAS_V3_1_AREA_PH2_PHG,Area Ph2 (PhG) right,right,78.47661595357977,0.0698141568055536,0.010923780654592633,0.053859104290600514,0.03291119634111079,same
196,NGIQ-BR-00000200,MVOcC_R_5_4,right,10,AREA_FG1_FUSG_RIGHT.nii.gz,JULICH_BRAIN_CYTOARCHITECTONIC_ATLAS_V3_1_AREA_FG1_FUSG,Area FG1 (FusG) right,right,66.35758817039134,0.042160454743737696,0.009236837357639402,0.04229579885287645,0.027374130394980482,same
197,NGIQ-BR-00000201,MVOcC_L_5_5,left,1,FRONTAL_TO_OCCIPITAL_GAPMAP_LEFT.nii.gz,JULICH_BRAIN_CYTOARCHITECTONIC_ATLAS_V3_1_FRONTAL_TO_OCCIPITAL_GAPMAP,Frontal-to-Occipital (GapMap) left,left,2888.5571440688577,0.06894790694269615,0.3890233619366048,0.23177452148198294,0.14962711046455718,same
197,NGIQ-BR-00000201,MVOcC_L_5_5,left,2,AREA_HOC1_V1_17_CALCS_LEFT.nii.gz,JULICH_BRAIN_CYTOARCHITECTONIC_ATLAS_V3_1_AREA_HOC1_V1_17_CALCS,"Area hOc1 (V1, 17, CalcS) left",left,1360.1950751130707,0.1553312402539445,0.18318753433582258,0.3145287890085184,0.3140807508995637,same
197,NGIQ-BR-00000201,MVOcC_L_5_5,left,3,AREA_HOC2_V2_18_LEFT.nii.gz,JULICH_BRAIN_CYTOARCHITECTONIC_ATLAS_V3_1_AREA_HOC2_V2_18,"Area hOc2 (V2, 18) left",left,613.1788583902456,0.08629966983623796,0.08258133353851917,0.18829413619203858,0.17808188469958897,same
197,NGIQ-BR-00000201,MVOcC_L_5_5,left,4,AREA_HOC6_POS_LEFT.nii.gz,JULICH_BRAIN_CYTOARCHITECTONIC_ATLAS_V3_1_AREA_HOC6_POS,Area hOc6 (POS) left,left,431.1430634788851,0.5162350689733483,0.05806522622361687,0.31853970637777407,0.17372970964610834,same
197,NGIQ-BR-00000201,MVOcC_L_5_5,left,5,AREA_HOC3D_CUNEUS_LEFT.nii.gz,JULICH_BRAIN_CYTOARCHITECTONIC_ATLAS_V3_1_AREA_HOC3D_CUNEUS,Area hOc3d (Cuneus) left,left,225.25018463442032,0.05906494766284058,0.030336108905877433,0.08780516149492042,0.07502812719026801,same
197,NGIQ-BR-00000201,MVOcC_L_5_5,left,6,AREA_HPO1_POS_LEFT.nii.gz,JULICH_BRAIN_CYTOARCHITECTONIC_ATLAS_V3_1_AREA_HPO1_POS,Area hPO1 (POS) left,left,195.69849641108345,0.10169147092731014,0.0263561644110453,0.11234449061576768,0.07488035260505213,same
197,NGIQ-BR-00000201,MVOcC_L_5_5,left,7,AREA_HOC4D_CUNEUS_LEFT.nii.gz,JULICH_BRAIN_CYTOARCHITECTONIC_ATLAS_V3_1_AREA_HOC4D_CUNEUS,Area hOc4d (Cuneus) left,left,137.37622118521898,0.06011523976435016,0.018501472101860747,0.078016806171369,0.05241885887250885,same
197,NGIQ-BR-00000201,MVOcC_L_5_5,left,8,AREA_7M_SPL_LEFT.nii.gz,JULICH_BRAIN_CYTOARCHITECTONIC_ATLAS_V3_1_AREA_7M_SPL,Area 7M (SPL) left,left,79.76199283171802,0.19303495565942733,0.010742137703549145,0.1116013490049084,0.03413180197584174,same
197,NGIQ-BR-00000201,MVOcC_L_5_5,left,9,AREA_PH3_PHG_LEFT.nii.gz,JULICH_BRAIN_CYTOARCHITECTONIC_ATLAS_V3_1_AREA_PH3_PHG,Area Ph3 (PhG) left,left,65.41379541014409,0.11117826370684819,0.008809759799884673,0.07532815102549377,0.027676102768826077,same
197,NGIQ-BR-00000201,MVOcC_L_5_5,left,10,AREA_PH1_PHG_LEFT.nii.gz,JULICH_BRAIN_CYTOARCHITECTONIC_ATLAS_V3_1_AREA_PH1_PHG,Area Ph1 (PhG) left,left,59.374627281206365,0.04881795735417274,0.007996420346433395,0.04391328473626354,0.023929123875269423,same
198,NGIQ-BR-00000202,MVOcC_R_5_5,right,1,FRONTAL_TO_OCCIPITAL_GAPMAP_RIGHT.nii.gz,JULICH_BRAIN_CYTOARCHITECTONIC_ATLAS_V3_1_FRONTAL_TO_OCCIPITAL_GAPMAP,Frontal-to-Occipital (GapMap) right,right,2219.786083789175,0.06314099853542783,0.28896314840002985,0.18008467212014884,0.13110380598123325,same
198,NGIQ-BR-00000202,MVOcC_R_5_5,right,2,AREA_HOC1_V1_17_CALCS_RIGHT.nii.gz,JULICH_BRAIN_CYTOARCHITECTONIC_ATLAS_V3_1_AREA_HOC1_V1_17_CALCS,"Area hOc1 (V1, 17, CalcS) right",right,1787.828793386597,0.16321093902778422,0.2327326226207135,0.3158111028628993,0.3152165044244207,same
198,NGIQ-BR-00000202,MVOcC_R_5_5,right,3,TEMPORAL_TO_PARIETAL_GAPMAP_RIGHT.nii.gz,JULICH_BRAIN_CYTOARCHITECTONIC_ATLAS_V3_1_TEMPORAL_TO_PARIETAL_GAPMAP,Temporal-to-Parietal (GapMap) right,right,950.1382987952196,0.012519243755622416,0.1236853209596889,0.05166831657949729,0.027603463166140305,same
198,NGIQ-BR-00000202,MVOcC_R_5_5,right,4,AREA_HOC2_V2_18_RIGHT.nii.gz,JULICH_BRAIN_CYTOARCHITECTONIC_ATLAS_V3_1_AREA_HOC2_V2_18,"Area hOc2 (V2, 18) right",right,786.0248366622217,0.09414242220180356,0.1023216665701499,0.1923189796346441,0.18578866426577262,same
198,NGIQ-BR-00000202,MVOcC_R_5_5,right,5,FRONTAL_TO_TEMPORAL_II_GAPMAP_RIGHT.nii.gz,JULICH_BRAIN_CYTOARCHITECTONIC_ATLAS_V3_1_FRONTAL_TO_TEMPORAL_II_GAPMAP,Frontal-to-Temporal-II (GapMap) right,right,547.476087546148,0.05575469999915974,0.0712683150355719,0.09212798259104309,0.09157401394252249,same
198,NGIQ-BR-00000202,MVOcC_R_5_5,right,6,AREA_HOC6_POS_RIGHT.nii.gz,JULICH_BRAIN_CYTOARCHITECTONIC_ATLAS_V3_1_AREA_HOC6_POS,Area hOc6 (POS) right,right,368.3932296654223,0.579193329407394,0.0479560027296243,0.2967970122417336,0.13125827636993606,same
198,NGIQ-BR-00000202,MVOcC_R_5_5,right,7,AREA_HOC3D_CUNEUS_RIGHT.nii.gz,JULICH_BRAIN_CYTOARCHITECTONIC_ATLAS_V3_1_AREA_HOC3D_CUNEUS,Area hOc3d (Cuneus) right,right,253.54795157085297,0.08078194794453941,0.033005889572578495,0.11071287547359626,0.08037648579448965,same
198,NGIQ-BR-00000202,MVOcC_R_5_5,right,8,AREA_HOC4D_CUNEUS_RIGHT.nii.gz,JULICH_BRAIN_CYTOARCHITECTONIC_ATLAS_V3_1_AREA_HOC4D_CUNEUS,Area hOc4d (Cuneus) right,right,130.52531769465477,0.06158627882703458,0.016991279935667784,0.06747369389360851,0.043315175619720384,same
198,NGIQ-BR-00000202,MVOcC_R_5_5,right,9,AREA_HPO1_POS_RIGHT.nii.gz,JULICH_BRAIN_CYTOARCHITECTONIC_ATLAS_V3_1_AREA_HPO1_POS,Area hPO1 (POS) right,right,97.26630230203072,0.0535372058436823,0.012661750225249761,0.052238418346579024,0.03255734434084173,same
198,NGIQ-BR-00000202,MVOcC_R_5_5,right,10,TRS_HIPPOCAMPUS_TRANSSUBICULUM_RIGHT.nii.gz,JULICH_BRAIN_CYTOARCHITECTONIC_ATLAS_V3_1_TRS_HIPPOCAMPUS_TRANSSUBICULUM,"TrS (Hippocampus, Transsubiculum) right",right,43.0885650838985,0.10034820351050248,0.005609102389464952,0.047380105260093584,0.01572799435247485,same
199,NGIQ-BR-00000203,LOcC_L_4_1,left,1,AREA_HOC4LP_LOC_LEFT.nii.gz,JULICH_BRAIN_CYTOARCHITECTONIC_ATLAS_V3_1_AREA_HOC4LP_LOC,Area hOc4lp (LOC) left,left,1557.9117573248093,0.4366424311084881,0.20596983240751035,0.6540461993211126,0.5908414905192656,same
199,NGIQ-BR-00000203,LOcC_L_4_1,left,2,AREA_HOC3D_CUNEUS_LEFT.nii.gz,JULICH_BRAIN_CYTOARCHITECTONIC_ATLAS_V3_1_AREA_HOC3D_CUNEUS,Area hOc3d (Cuneus) left,left,622.6100993959693,0.16326038975223742,0.08231460942821206,0.2670579647588191,0.23899464474184903,same
199,NGIQ-BR-00000203,LOcC_L_4_1,left,3,AREA_HOC4LA_LOC_LEFT.nii.gz,JULICH_BRAIN_CYTOARCHITECTONIC_ATLAS_V3_1_AREA_HOC4LA_LOC,Area hOc4la (LOC) left,left,566.5011921847764,0.17553845612537897,0.07489651134882996,0.25244646158816597,0.22197458283844881,same
199,NGIQ-BR-00000203,LOcC_L_4_1,left,4,AREA_HOC4D_CUNEUS_LEFT.nii.gz,JULICH_BRAIN_CYTOARCHITECTONIC_ATLAS_V3_1_AREA_HOC4D_CUNEUS,Area hOc4d (Cuneus) left,left,537.6475385202767,0.2352722356752137,0.07108180093170953,0.33597638008540065,0.2417858195314249,same
199,NGIQ-BR-00000203,LOcC_L_4_1,left,5,AREA_HOC2_V2_18_LEFT.nii.gz,JULICH_BRAIN_CYTOARCHITECTONIC_ATLAS_V3_1_AREA_HOC2_V2_18,"Area hOc2 (V2, 18) left",left,335.71644269237134,0.04724921247123161,0.044384708641348754,0.11343751889554593,0.11020998344540733,same
199,NGIQ-BR-00000203,LOcC_L_4_1,left,6,AREA_HOC3V_LINGG_LEFT.nii.gz,JULICH_BRAIN_CYTOARCHITECTONIC_ATLAS_V3_1_AREA_HOC3V_LINGG,Area hOc3v (LingG) left,left,215.2488658303186,0.052171251266252876,0.028457820292150247,0.08757133344590326,0.08014931865610567,same
199,NGIQ-BR-00000203,LOcC_L_4_1,left,7,AREA_HOC1_V1_17_CALCS_LEFT.nii.gz,JULICH_BRAIN_CYTOARCHITECTONIC_ATLAS_V3_1_AREA_HOC1_V1_17_CALCS,"Area hOc1 (V1, 17, CalcS) left",left,131.65849578149425,0.01503510622401584,0.01740642766423741,0.033499827992672856,0.03346997962970787,same
199,NGIQ-BR-00000203,LOcC_L_4_1,left,8,AREA_HOC4V_LINGG_LEFT.nii.gz,JULICH_BRAIN_CYTOARCHITECTONIC_ATLAS_V3_1_AREA_HOC4V_LINGG,Area hOc4v (LingG) left,left,80.17358724607556,0.023869938728811775,0.010599663460361333,0.034710023190737474,0.030933023669630685,same
199,NGIQ-BR-00000203,LOcC_L_4_1,left,9,TEMPORAL_TO_PARIETAL_GAPMAP_LEFT.nii.gz,JULICH_BRAIN_CYTOARCHITECTONIC_ATLAS_V3_1_TEMPORAL_TO_PARIETAL_GAPMAP,Temporal-to-Parietal (GapMap) left,left,48.0542536090471,0.0007468518915129073,0.006353201017828799,0.0033254329179536963,0.0016236736135791271,same
199,NGIQ-BR-00000203,LOcC_L_4_1,left,10,AREA_HOC5_LOC_LEFT.nii.gz,JULICH_BRAIN_CYTOARCHITECTONIC_ATLAS_V3_1_AREA_HOC5_LOC,Area hOc5 (LOC) left,left,34.4846667169809,0.035815796508088284,0.004559180576775467,0.026832622229500835,0.01639783653427051,same
200,NGIQ-BR-00000204,LOcC_R_4_1,right,1,AREA_HOC4LP_LOC_RIGHT.nii.gz,JULICH_BRAIN_CYTOARCHITECTONIC_ATLAS_V3_1_AREA_HOC4LP_LOC,Area hOc4lp (LOC) right,right,1215.8399360929272,0.47645880810611324,0.167585796926761,0.6303943626379216,0.5187548051982912,same
200,NGIQ-BR-00000204,LOcC_R_4_1,right,2,AREA_HOC4LA_LOC_RIGHT.nii.gz,JULICH_BRAIN_CYTOARCHITECTONIC_ATLAS_V3_1_AREA_HOC4LA_LOC,Area hOc4la (LOC) right,right,503.54703142958965,0.1455183789342166,0.069406611879693,0.22022149711628333,0.19754924302352492,same
200,NGIQ-BR-00000204,LOcC_R_4_1,right,3,AREA_HOC3D_CUNEUS_RIGHT.nii.gz,JULICH_BRAIN_CYTOARCHITECTONIC_ATLAS_V3_1_AREA_HOC3D_CUNEUS,Area hOc3d (Cuneus) right,right,479.90900568294506,0.15290198195256086,0.06614845489296285,0.25220622816676386,0.20594387718905063,same
200,NGIQ-BR-00000204,LOcC_R_4_1,right,4,AREA_HOC4D_CUNEUS_RIGHT.nii.gz,JULICH_BRAIN_CYTOARCHITECTONIC_ATLAS_V3_1_AREA_HOC4D_CUNEUS,Area hOc4d (Cuneus) right,right,386.024504228534,0.18213947432866398,0.05320784607740688,0.2401670837118855,0.17633360085628405,same
200,NGIQ-BR-00000204,LOcC_R_4_1,right,5,AREA_HOC2_V2_18_RIGHT.nii.gz,JULICH_BRAIN_CYTOARCHITECTONIC_ATLAS_V3_1_AREA_HOC2_V2_18,"Area hOc2 (V2, 18) right",right,240.3281186826957,0.02878416833756382,0.033125724939397354,0.07077002466654153,0.07054917892208248,same
200,NGIQ-BR-00000204,LOcC_R_4_1,right,6,TEMPORAL_TO_PARIETAL_GAPMAP_RIGHT.nii.gz,JULICH_BRAIN_CYTOARCHITECTONIC_ATLAS_V3_1_TEMPORAL_TO_PARIETAL_GAPMAP,Temporal-to-Parietal (GapMap) right,right,153.11795817751263,0.0020175179173580787,0.021105076649674783,0.010021263920580144,0.004557520505554439,same
200,NGIQ-BR-00000204,LOcC_R_4_1,right,7,AREA_HOC3V_LINGG_RIGHT.nii.gz,JULICH_BRAIN_CYTOARCHITECTONIC_ATLAS_V3_1_AREA_HOC3V_LINGG,Area hOc3v (LingG) right,right,153.04000882211585,0.04704760347585415,0.02109433246826051,0.07349169200126561,0.0630405804180125,same
200,NGIQ-BR-00000204,LOcC_R_4_1,right,8,AREA_HIP7_IPS_RIGHT.nii.gz,JULICH_BRAIN_CYTOARCHITECTONIC_ATLAS_V3_1_AREA_HIP7_IPS,Area hIP7 (IPS) right,right,134.74940406950228,0.06630512642091035,0.018573239450384128,0.07608186298385655,0.059506447185226734,same
200,NGIQ-BR-00000204,LOcC_R_4_1,right,9,AREA_HOC4V_LINGG_RIGHT.nii.gz,JULICH_BRAIN_CYTOARCHITECTONIC_ATLAS_V3_1_AREA_HOC4V_LINGG,Area hOc4v (LingG) right,right,120.40794285855236,0.03714045774639087,0.0165964782544535,0.05203749269116975,0.046923129772426346,same
200,NGIQ-BR-00000204,LOcC_R_4_1,right,10,AREA_HOC1_V1_17_CALCS_RIGHT.nii.gz,JULICH_BRAIN_CYTOARCHITECTONIC_ATLAS_V3_1_AREA_HOC1_V1_17_CALCS,"Area hOc1 (V1, 17, CalcS) right",right,104.51227774754591,0.009540928669572596,0.01440549272565991,0.022219161356998217,0.021559881689373256,same
201,NGIQ-BR-00000205,LOcC_L_4_2,left,1,AREA_HOC4LA_LOC_LEFT.nii.gz,JULICH_BRAIN_CYTOARCHITECTONIC_ATLAS_V3_1_AREA_HOC4LA_LOC,Area hOc4la (LOC) left,left,1399.443771139222,0.43363756759744154,0.2571539373569101,0.6565255717363794,0.5909747533554404,same
201,NGIQ-BR-00000205,LOcC_L_4_2,left,2,TEMPORAL_TO_PARIETAL_GAPMAP_LEFT.nii.gz,JULICH_BRAIN_CYTOARCHITECTONIC_ATLAS_V3_1_TEMPORAL_TO_PARIETAL_GAPMAP,Temporal-to-Parietal (GapMap) left,left,1049.886920564184,0.01631718263438804,0.1929213312963773,0.0764868216000591,0.03569595140091229,same
201,NGIQ-BR-00000205,LOcC_L_4_2,left,3,AREA_HOC5_LOC_LEFT.nii.gz,JULICH_BRAIN_CYTOARCHITECTONIC_ATLAS_V3_1_AREA_HOC5_LOC,Area hOc5 (LOC) left,left,739.3767017944394,0.7679171068007219,0.1358637152685507,0.6056623515174441,0.3853071699795433,same
201,NGIQ-BR-00000205,LOcC_L_4_2,left,4,AREA_HOC4LP_LOC_LEFT.nii.gz,JULICH_BRAIN_CYTOARCHITECTONIC_ATLAS_V3_1_AREA_HOC4LP_LOC,Area hOc4lp (LOC) left,left,205.73633439765652,0.05766258120613969,0.03780495475332106,0.09092939524098709,0.0838817559604801,same
201,NGIQ-BR-00000205,LOcC_L_4_2,left,5,AREA_FG2_FUSG_LEFT.nii.gz,JULICH_BRAIN_CYTOARCHITECTONIC_ATLAS_V3_1_AREA_FG2_FUSG,Area FG2 (FusG) left,left,98.88476395113797,0.04314191038927234,0.018170509540332253,0.05740571414145659,0.04629097192413352,same
201,NGIQ-BR-00000205,LOcC_L_4_2,left,6,AREA_HOC4V_LINGG_LEFT.nii.gz,JULICH_BRAIN_CYTOARCHITECTONIC_ATLAS_V3_1_AREA_HOC4V_LINGG,Area hOc4v (LingG) left,left,28.814091024615553,0.00857876778262339,0.005294715737173519,0.013132767184494824,0.011967120455993116,same
201,NGIQ-BR-00000205,LOcC_L_4_2,left,7,AREA_HOC3V_LINGG_LEFT.nii.gz,JULICH_BRAIN_CYTOARCHITECTONIC_ATLAS_V3_1_AREA_HOC3V_LINGG,Area hOc3v (LingG) left,left,22.094501150197058,0.005355186270844834,0.004059961594658966,0.009463091185952661,0.008832412144743236,same
201,NGIQ-BR-00000205,LOcC_L_4_2,left,8,AREA_PGP_IPL_LEFT.nii.gz,JULICH_BRAIN_CYTOARCHITECTONIC_ATLAS_V3_1_AREA_PGP_IPL,Area PGp (IPL) left,left,13.289715236356894,0.0029371555801398688,0.0024420435246206894,0.005473044475267203,0.00517721930787602,same
201,NGIQ-BR-00000205,LOcC_L_4_2,left,9,AREA_HOC2_V2_18_LEFT.nii.gz,JULICH_BRAIN_CYTOARCHITECTONIC_ATLAS_V3_1_AREA_HOC2_V2_18,"Area hOc2 (V2, 18) left",left,6.455702217277997,0.0009085847665634768,0.001186263626887527,0.0022964411974613465,0.0022555983454339117,same
201,NGIQ-BR-00000205,LOcC_L_4_2,left,10,AREA_HOC3D_CUNEUS_LEFT.nii.gz,JULICH_BRAIN_CYTOARCHITECTONIC_ATLAS_V3_1_AREA_HOC3D_CUNEUS,Area hOc3d (Cuneus) left,left,5.261523228582484,0.001379672982854264,0.000966827994542,0.002375902417115226,0.002173241559310775,same
202,NGIQ-BR-00000206,LOcC_R_4_2,right,1,AREA_HOC4LA_LOC_RIGHT.nii.gz,JULICH_BRAIN_CYTOARCHITECTONIC_ATLAS_V3_1_AREA_HOC4LA_LOC,Area hOc4la (LOC) right,right,1745.8370997077038,0.5045236468010099,0.25856166872730774,0.7007597585994562,0.6034874269118309,same
202,NGIQ-BR-00000206,LOcC_R_4_2,right,2,TEMPORAL_TO_PARIETAL_GAPMAP_RIGHT.nii.gz,JULICH_BRAIN_CYTOARCHITECTONIC_ATLAS_V3_1_TEMPORAL_TO_PARIETAL_GAPMAP,Temporal-to-Parietal (GapMap) right,right,1258.334006599257,0.01658010225940841,0.18636156868077539,0.07558542680992973,0.03707447298011739,same
202,NGIQ-BR-00000206,LOcC_R_4_2,right,3,AREA_HOC5_LOC_RIGHT.nii.gz,JULICH_BRAIN_CYTOARCHITECTONIC_ATLAS_V3_1_AREA_HOC5_LOC,Area hOc5 (LOC) right,right,524.8172378733973,0.6107446426560148,0.07772639315782735,0.44516614447635783,0.2241915440911413,same
202,NGIQ-BR-00000206,LOcC_R_4_2,right,4,AREA_FG2_FUSG_RIGHT.nii.gz,JULICH_BRAIN_CYTOARCHITECTONIC_ATLAS_V3_1_AREA_FG2_FUSG,Area FG2 (FusG) right,right,297.06609808784935,0.170901562657328,0.04399603265205229,0.18511425788835578,0.11994082277102273,same
202,NGIQ-BR-00000206,LOcC_R_4_2,right,5,AREA_HOC4LP_LOC_RIGHT.nii.gz,JULICH_BRAIN_CYTOARCHITECTONIC_ATLAS_V3_1_AREA_HOC4LP_LOC,Area hOc4lp (LOC) right,right,271.2784276521259,0.10630757591281614,0.04017683147826188,0.12909129022288163,0.10093291497241975,same
202,NGIQ-BR-00000206,LOcC_R_4_2,right,6,AREA_HOC4V_LINGG_RIGHT.nii.gz,JULICH_BRAIN_CYTOARCHITECTONIC_ATLAS_V3_1_AREA_HOC4V_LINGG,Area hOc4v (LingG) right,right,117.68637570688968,0.03630097616900826,0.017429567566376543,0.04668025073560346,0.04044188492454514,same
202,NGIQ-BR-00000206,LOcC_R_4_2,right,7,AREA_FG1_FUSG_RIGHT.nii.gz,JULICH_BRAIN_CYTOARCHITECTONIC_ATLAS_V3_1_AREA_FG1_FUSG,Area FG1 (FusG) right,right,49.34347443727191,0.03135049627737414,0.007307858845158197,0.031120319885529466,0.019979115137400864,same
202,NGIQ-BR-00000206,LOcC_R_4_2,right,8,AREA_HOC3V_LINGG_RIGHT.nii.gz,JULICH_BRAIN_CYTOARCHITECTONIC_ATLAS_V3_1_AREA_HOC3V_LINGG,Area hOc3v (LingG) right,right,24.427873831311846,0.007509623990610174,0.0036178128087331835,0.010766255891172765,0.008813677858994406,same
202,NGIQ-BR-00000206,LOcC_R_4_2,right,9,AREA_PGP_IPL_RIGHT.nii.gz,JULICH_BRAIN_CYTOARCHITECTONIC_ATLAS_V3_1_AREA_PGP_IPL,Area PGp (IPL) right,right,18.81945574251993,0.0040739926159618235,0.0027871958283738813,0.006543738774467639,0.006013643009791338,same
202,NGIQ-BR-00000206,LOcC_R_4_2,right,10,AREA_HIP7_IPS_RIGHT.nii.gz,JULICH_BRAIN_CYTOARCHITECTONIC_ATLAS_V3_1_AREA_HIP7_IPS,Area hIP7 (IPS) right,right,14.911415626820654,0.007337348206312803,0.002208407936916171,0.007727142585739988,0.005716702368169733,same
203,NGIQ-BR-00000207,LOcC_L_4_3,left,1,AREA_HOC2_V2_18_LEFT.nii.gz,JULICH_BRAIN_CYTOARCHITECTONIC_ATLAS_V3_1_AREA_HOC2_V2_18,"Area hOc2 (V2, 18) left",left,1170.2058761596177,0.16469644928418017,0.1323778727494284,0.38025442886571115,0.36576971238028794,same
203,NGIQ-BR-00000207,LOcC_L_4_3,left,2,AREA_HOC1_V1_17_CALCS_LEFT.nii.gz,JULICH_BRAIN_CYTOARCHITECTONIC_ATLAS_V3_1_AREA_HOC1_V1_17_CALCS,"Area hOc1 (V1, 17, CalcS) left",left,1009.4783312373986,0.1152801712559888,0.1141957981910031,0.24701230557874523,0.24701108030428917,same
203,NGIQ-BR-00000207,LOcC_L_4_3,left,3,AREA_HOC3V_LINGG_LEFT.nii.gz,JULICH_BRAIN_CYTOARCHITECTONIC_ATLAS_V3_1_AREA_HOC3V_LINGG,Area hOc3v (LingG) left,left,733.628187472723,0.17781417967989135,0.08299064363389946,0.28702848613176657,0.2584342344657545,same
203,NGIQ-BR-00000207,LOcC_L_4_3,left,4,AREA_HOC3D_CUNEUS_LEFT.nii.gz,JULICH_BRAIN_CYTOARCHITECTONIC_ATLAS_V3_1_AREA_HOC3D_CUNEUS,Area hOc3d (Cuneus) left,left,672.2818261162381,0.1762852755867029,0.07605092389506138,0.27731198842303173,0.24373353276067414,same
203,NGIQ-BR-00000207,LOcC_L_4_3,left,5,AREA_HOC4LP_LOC_LEFT.nii.gz,JULICH_BRAIN_CYTOARCHITECTONIC_ATLAS_V3_1_AREA_HOC4LP_LOC,Area hOc4lp (LOC) left,left,552.4812259256893,0.15484621930335388,0.06249865165782435,0.22305450349058564,0.19802820659039783,same
203,NGIQ-BR-00000207,LOcC_L_4_3,left,6,AREA_HOC4V_LINGG_LEFT.nii.gz,JULICH_BRAIN_CYTOARCHITECTONIC_ATLAS_V3_1_AREA_HOC4V_LINGG,Area hOc4v (LingG) left,left,326.65257049312436,0.09725368554793479,0.03695210671127607,0.13599958027511128,0.11899961007478539,same
203,NGIQ-BR-00000207,LOcC_L_4_3,left,7,AREA_HOC4LA_LOC_LEFT.nii.gz,JULICH_BRAIN_CYTOARCHITECTONIC_ATLAS_V3_1_AREA_HOC4LA_LOC,Area hOc4la (LOC) left,left,202.7917925003869,0.06283792278199682,0.022940532644003735,0.08690539415892808,0.07496249287650371,same
203,NGIQ-BR-00000207,LOcC_L_4_3,left,8,AREA_HOC4D_CUNEUS_LEFT.nii.gz,JULICH_BRAIN_CYTOARCHITECTONIC_ATLAS_V3_1_AREA_HOC4D_CUNEUS,Area hOc4d (Cuneus) left,left,169.5307337351788,0.07418591527696661,0.019177922752501707,0.10187964579583686,0.07132741849791022,same
203,NGIQ-BR-00000207,LOcC_L_4_3,left,9,AREA_FG2_FUSG_LEFT.nii.gz,JULICH_BRAIN_CYTOARCHITECTONIC_ATLAS_V3_1_AREA_FG2_FUSG,Area FG2 (FusG) left,left,15.459017127230222,0.006744532776947762,0.0017487792907139531,0.008197997616886782,0.006250174466061212,same
203,NGIQ-BR-00000207,LOcC_L_4_3,left,10,TEMPORAL_TO_PARIETAL_GAPMAP_LEFT.nii.gz,JULICH_BRAIN_CYTOARCHITECTONIC_ATLAS_V3_1_TEMPORAL_TO_PARIETAL_GAPMAP,Temporal-to-Parietal (GapMap) left,left,10.289684428274215,0.00015992070839033253,0.0011640058930041323,0.0006847725001164349,0.0003458816297685852,same
204,NGIQ-BR-00000208,LOcC_R_4_3,right,1,AREA_HOC1_V1_17_CALCS_RIGHT.nii.gz,JULICH_BRAIN_CYTOARCHITECTONIC_ATLAS_V3_1_AREA_HOC1_V1_17_CALCS,"Area hOc1 (V1, 17, CalcS) right",right,1291.454977451872,0.11789695991122083,0.1494715096854227,0.25031242719103286,0.24736532423856103,same
204,NGIQ-BR-00000208,LOcC_R_4_3,right,2,AREA_HOC2_V2_18_RIGHT.nii.gz,JULICH_BRAIN_CYTOARCHITECTONIC_ATLAS_V3_1_AREA_HOC2_V2_18,"Area hOc2 (V2, 18) right",right,1221.9826409001591,0.1463572146033014,0.1414308615737503,0.3280594766586617,0.3232895892487109,same
204,NGIQ-BR-00000208,LOcC_R_4_3,right,3,AREA_HOC3D_CUNEUS_RIGHT.nii.gz,JULICH_BRAIN_CYTOARCHITECTONIC_ATLAS_V3_1_AREA_HOC3D_CUNEUS,Area hOc3d (Cuneus) right,right,542.9233886547872,0.1729787547028472,0.06283732686204369,0.26012269780420677,0.20081526629324956,same
204,NGIQ-BR-00000208,LOcC_R_4_3,right,4,AREA_HOC3V_LINGG_RIGHT.nii.gz,JULICH_BRAIN_CYTOARCHITECTONIC_ATLAS_V3_1_AREA_HOC3V_LINGG,Area hOc3v (LingG) right,right,510.3891956746437,0.15690399315365633,0.05907185688744663,0.22344854319588844,0.18222011432253835,same
204,NGIQ-BR-00000208,LOcC_R_4_3,right,5,AREA_HOC4LP_LOC_RIGHT.nii.gz,JULICH_BRAIN_CYTOARCHITECTONIC_ATLAS_V3_1_AREA_HOC4LP_LOC,Area hOc4lp (LOC) right,right,410.44721102399393,0.16084451838570277,0.04750468684473667,0.1940153164507745,0.15106231998724787,same
204,NGIQ-BR-00000208,LOcC_R_4_3,right,6,AREA_HOC4V_LINGG_RIGHT.nii.gz,JULICH_BRAIN_CYTOARCHITECTONIC_ATLAS_V3_1_AREA_HOC4V_LINGG,Area hOc4v (LingG) right,right,215.44052031086184,0.06645375173351939,0.024934837358259784,0.0848850886519241,0.0732946953580653,same
204,NGIQ-BR-00000208,LOcC_R_4_3,right,7,AREA_HOC4D_CUNEUS_RIGHT.nii.gz,JULICH_BRAIN_CYTOARCHITECTONIC_ATLAS_V3_1_AREA_HOC4D_CUNEUS,Area hOc4d (Cuneus) right,right,144.04966706358655,0.06796752628078716,0.016672142336823497,0.08170594560690672,0.056214997455814146,same
204,NGIQ-BR-00000208,LOcC_R_4_3,right,8,AREA_HOC4LA_LOC_RIGHT.nii.gz,JULICH_BRAIN_CYTOARCHITECTONIC_ATLAS_V3_1_AREA_HOC4LA_LOC,Area hOc4la (LOC) right,right,125.73738947750039,0.03633642926310159,0.014552700448131848,0.05013337023204926,0.04302721749071564,same
204,NGIQ-BR-00000208,LOcC_R_4_3,right,9,TEMPORAL_TO_PARIETAL_GAPMAP_RIGHT.nii.gz,JULICH_BRAIN_CYTOARCHITECTONIC_ATLAS_V3_1_TEMPORAL_TO_PARIETAL_GAPMAP,Temporal-to-Parietal (GapMap) right,right,13.254456068043398,0.00017464380351200597,0.0015340554592607849,0.0007908626611247175,0.0003901803735463504,same
204,NGIQ-BR-00000208,LOcC_R_4_3,right,10,AREA_HIP7_IPS_RIGHT.nii.gz,JULICH_BRAIN_CYTOARCHITECTONIC_ATLAS_V3_1_AREA_HIP7_IPS,Area hIP7 (IPS) right,right,10.65150442850715,0.005241205722444438,0.0012327928384241805,0.005482871006893241,0.004038092450612907,same
205,NGIQ-BR-00000209,LOcC_L_4_4,left,1,AREA_HOC3V_LINGG_LEFT.nii.gz,JULICH_BRAIN_CYTOARCHITECTONIC_ATLAS_V3_1_AREA_HOC3V_LINGG,Area hOc3v (LingG) left,left,985.1660971308866,0.2387810397706154,0.12731226587222239,0.4192884576612216,0.39045068297279445,same
205,NGIQ-BR-00000209,LOcC_L_4_4,left,2,AREA_HOC4V_LINGG_LEFT.nii.gz,JULICH_BRAIN_CYTOARCHITECTONIC_ATLAS_V3_1_AREA_HOC4V_LINGG,Area hOc4v (LingG) left,left,879.0677966652436,0.2617232827622797,0.113601263152162,0.3981331287690786,0.36184601646644055,same
205,NGIQ-BR-00000209,LOcC_L_4_4,left,3,AREA_HOC4LA_LOC_LEFT.nii.gz,JULICH_BRAIN_CYTOARCHITECTONIC_ATLAS_V3_1_AREA_HOC4LA_LOC,Area hOc4la (LOC) left,left,616.5317412967917,0.19104113373909803,0.07967392827994682,0.28741290114970636,0.2580006019979946,same
205,NGIQ-BR-00000209,LOcC_L_4_4,left,4,AREA_HOC2_V2_18_LEFT.nii.gz,JULICH_BRAIN_CYTOARCHITECTONIC_ATLAS_V3_1_AREA_HOC2_V2_18,"Area hOc2 (V2, 18) left",left,560.0351234472315,0.07882014454489499,0.07237291330034898,0.19796195314583112,0.19420675353474642,same
205,NGIQ-BR-00000209,LOcC_L_4_4,left,5,AREA_HOC4LP_LOC_LEFT.nii.gz,JULICH_BRAIN_CYTOARCHITECTONIC_ATLAS_V3_1_AREA_HOC4LP_LOC,Area hOc4lp (LOC) left,left,535.6276582697857,0.1501225995479181,0.0692187551284553,0.23523986654321702,0.21647463283011137,same
205,NGIQ-BR-00000209,LOcC_L_4_4,left,6,AREA_HOC1_V1_17_CALCS_LEFT.nii.gz,JULICH_BRAIN_CYTOARCHITECTONIC_ATLAS_V3_1_AREA_HOC1_V1_17_CALCS,"Area hOc1 (V1, 17, CalcS) left",left,398.4094173250715,0.04549746580784399,0.05148614615566482,0.10604877151042646,0.10564575737351406,same
205,NGIQ-BR-00000209,LOcC_L_4_4,left,7,AREA_HOC3D_CUNEUS_LEFT.nii.gz,JULICH_BRAIN_CYTOARCHITECTONIC_ATLAS_V3_1_AREA_HOC3D_CUNEUS,Area hOc3d (Cuneus) left,left,136.69601426706248,0.03584433434097697,0.017665122016200723,0.06133771366855164,0.05596161631110343,same
205,NGIQ-BR-00000209,LOcC_L_4_4,left,8,AREA_FG2_FUSG_LEFT.nii.gz,JULICH_BRAIN_CYTOARCHITECTONIC_ATLAS_V3_1_AREA_FG2_FUSG,Area FG2 (FusG) left,left,125.46822222780959,0.054739866727377434,0.01621416298561456,0.07237925559104806,0.058146832273230586,same
205,NGIQ-BR-00000209,LOcC_L_4_4,left,9,TEMPORAL_TO_PARIETAL_GAPMAP_LEFT.nii.gz,JULICH_BRAIN_CYTOARCHITECTONIC_ATLAS_V3_1_TEMPORAL_TO_PARIETAL_GAPMAP,Temporal-to-Parietal (GapMap) left,left,59.22508931129736,0.0009204673188147436,0.007653613272589354,0.004287503010689189,0.0020121620313781,same
205,NGIQ-BR-00000209,LOcC_L_4_4,left,10,AREA_HOC5_LOC_LEFT.nii.gz,JULICH_BRAIN_CYTOARCHITECTONIC_ATLAS_V3_1_AREA_HOC5_LOC,Area hOc5 (LOC) left,left,51.871742894373675,0.053874024744740616,0.006703345904672038,0.042223116171990115,0.026730378827731424,same
206,NGIQ-BR-00000210,LOcC_R_4_4,right,1,AREA_HOC3V_LINGG_RIGHT.nii.gz,JULICH_BRAIN_CYTOARCHITECTONIC_ATLAS_V3_1_AREA_HOC3V_LINGG,Area hOc3v (LingG) right,right,1152.9086869413852,0.35442751973526737,0.1461781013130245,0.5367873286245184,0.45303551683634224,same
206,NGIQ-BR-00000210,LOcC_R_4_4,right,2,AREA_HOC4V_LINGG_RIGHT.nii.gz,JULICH_BRAIN_CYTOARCHITECTONIC_ATLAS_V3_1_AREA_HOC4V_LINGG,Area hOc4v (LingG) right,right,1038.472214110502,0.3203221687316831,0.13166862063267942,0.43514118158830195,0.38701625583920757,same
206,NGIQ-BR-00000210,LOcC_R_4_4,right,3,AREA_HOC2_V2_18_RIGHT.nii.gz,JULICH_BRAIN_CYTOARCHITECTONIC_ATLAS_V3_1_AREA_HOC2_V2_18,"Area hOc2 (V2, 18) right",right,830.4250682170162,0.09946025078676157,0.10529017703626153,0.23709330502868686,0.23566560505158693,same
206,NGIQ-BR-00000210,LOcC_R_4_4,right,4,AREA_HOC1_V1_17_CALCS_RIGHT.nii.gz,JULICH_BRAIN_CYTOARCHITECTONIC_ATLAS_V3_1_AREA_HOC1_V1_17_CALCS,"Area hOc1 (V1, 17, CalcS) right",right,464.0245250891578,0.04236081147807451,0.05883399510169492,0.09564788352570454,0.09346392201664087,same
206,NGIQ-BR-00000210,LOcC_R_4_4,right,5,AREA_HOC4LA_LOC_RIGHT.nii.gz,JULICH_BRAIN_CYTOARCHITECTONIC_ATLAS_V3_1_AREA_HOC4LA_LOC,Area hOc4la (LOC) right,right,405.4003838472443,0.11715530624671969,0.05140099910217291,0.17190080319905018,0.15205291162860357,same
206,NGIQ-BR-00000210,LOcC_R_4_4,right,6,AREA_HOC4LP_LOC_RIGHT.nii.gz,JULICH_BRAIN_CYTOARCHITECTONIC_ATLAS_V3_1_AREA_HOC4LP_LOC,Area hOc4lp (LOC) right,right,366.34902311879586,0.14356348539342553,0.04644964967647046,0.18416412497057788,0.14886329872645085,same
206,NGIQ-BR-00000210,LOcC_R_4_4,right,7,AREA_FG2_FUSG_RIGHT.nii.gz,JULICH_BRAIN_CYTOARCHITECTONIC_ATLAS_V3_1_AREA_FG2_FUSG,Area FG2 (FusG) right,right,146.7692470151968,0.08443606936769626,0.018608975804268978,0.09661624592774923,0.06522967146035802,same
206,NGIQ-BR-00000210,LOcC_R_4_4,right,8,AREA_HOC3D_CUNEUS_RIGHT.nii.gz,JULICH_BRAIN_CYTOARCHITECTONIC_ATLAS_V3_1_AREA_HOC3D_CUNEUS,Area hOc3d (Cuneus) right,right,113.15888163368625,0.03605312063836678,0.01434749399607786,0.057658007945714136,0.04623447224148765,same
206,NGIQ-BR-00000210,LOcC_R_4_4,right,9,AREA_FG1_FUSG_RIGHT.nii.gz,JULICH_BRAIN_CYTOARCHITECTONIC_ATLAS_V3_1_AREA_FG1_FUSG,Area FG1 (FusG) right,right,95.68134418420449,0.060791374317882375,0.01213150476039053,0.06374849088385957,0.04265740042661079,same
206,NGIQ-BR-00000210,LOcC_R_4_4,right,10,AREA_HOC4D_CUNEUS_RIGHT.nii.gz,JULICH_BRAIN_CYTOARCHITECTONIC_ATLAS_V3_1_AREA_HOC4D_CUNEUS,Area hOc4d (Cuneus) right,right,43.47061974887658,0.02051091509235947,0.005511670377512134,0.026222163572233254,0.01884797401974083,same
207,NGIQ-BR-00000211,LOcC_L_2_1,left,1,AREA_HOC3D_CUNEUS_LEFT.nii.gz,JULICH_BRAIN_CYTOARCHITECTONIC_ATLAS_V3_1_AREA_HOC3D_CUNEUS,Area hOc3d (Cuneus) left,left,1254.1828263103037,0.328870953495022,0.24338087716430631,0.5732912453498235,0.5269487905925603,same
207,NGIQ-BR-00000211,LOcC_L_2_1,left,2,AREA_HOC4D_CUNEUS_LEFT.nii.gz,JULICH_BRAIN_CYTOARCHITECTONIC_ATLAS_V3_1_AREA_HOC4D_CUNEUS,Area hOc4d (Cuneus) left,left,766.0646848122085,0.3352265902000385,0.14865894432847523,0.5101543722516985,0.3832977073702928,same
207,NGIQ-BR-00000211,LOcC_L_2_1,left,3,AREA_HPO1_POS_LEFT.nii.gz,JULICH_BRAIN_CYTOARCHITECTONIC_ATLAS_V3_1_AREA_HPO1_POS,Area hPO1 (POS) left,left,483.4627393584395,0.2512233768042484,0.09381852718193988,0.3254519430725591,0.24278048134841304,same
207,NGIQ-BR-00000211,LOcC_L_2_1,left,4,AREA_HOC2_V2_18_LEFT.nii.gz,JULICH_BRAIN_CYTOARCHITECTONIC_ATLAS_V3_1_AREA_HOC2_V2_18,"Area hOc2 (V2, 18) left",left,313.74614645456484,0.04415708154469475,0.06088411571993599,0.1129763639294814,0.11121348567106416,same
207,NGIQ-BR-00000211,LOcC_L_2_1,left,5,AREA_HIP7_IPS_LEFT.nii.gz,JULICH_BRAIN_CYTOARCHITECTONIC_ATLAS_V3_1_AREA_HIP7_IPS,Area hIP7 (IPS) left,left,149.16113071671595,0.11956317144585152,0.02894551421936963,0.12483455441083566,0.07959731690970727,same
207,NGIQ-BR-00000211,LOcC_L_2_1,left,6,AREA_HIP8_IPS_LEFT.nii.gz,JULICH_BRAIN_CYTOARCHITECTONIC_ATLAS_V3_1_AREA_HIP8_IPS,Area hIP8 (IPS) left,left,126.38004718307367,0.07128030791770884,0.024524723265404353,0.08726233718118542,0.06399334257092613,same
207,NGIQ-BR-00000211,LOcC_L_2_1,left,7,AREA_7P_SPL_LEFT.nii.gz,JULICH_BRAIN_CYTOARCHITECTONIC_ATLAS_V3_1_AREA_7P_SPL,Area 7P (SPL) left,left,87.24464145827729,0.04930105642086195,0.01693028872709775,0.06707382376055221,0.04558805258170567,same
207,NGIQ-BR-00000211,LOcC_L_2_1,left,8,AREA_HIP4_IPS_LEFT.nii.gz,JULICH_BRAIN_CYTOARCHITECTONIC_ATLAS_V3_1_AREA_HIP4_IPS,Area hIP4 (IPS) left,left,81.44300722553986,0.061328393610089176,0.01580445061248722,0.06665780034008391,0.04323432730756735,same
207,NGIQ-BR-00000211,LOcC_L_2_1,left,9,AREA_HIP5_IPS_LEFT.nii.gz,JULICH_BRAIN_CYTOARCHITECTONIC_ATLAS_V3_1_AREA_HIP5_IPS,Area hIP5 (IPS) left,left,23.27075634635593,0.011780815943130993,0.0045158145790553834,0.014348092732413135,0.011322767226145322,same
207,NGIQ-BR-00000211,LOcC_L_2_1,left,10,FRONTAL_TO_OCCIPITAL_GAPMAP_LEFT.nii.gz,JULICH_BRAIN_CYTOARCHITECTONIC_ATLAS_V3_1_FRONTAL_TO_OCCIPITAL_GAPMAP,Frontal-to-Occipital (GapMap) left,left,18.21275626027078,0.00043472618375633634,0.0035342826430217063,0.0017136415146353607,0.00097483490449348,same
208,NGIQ-BR-00000212,LOcC_R_2_1,right,1,AREA_HOC4D_CUNEUS_RIGHT.nii.gz,JULICH_BRAIN_CYTOARCHITECTONIC_ATLAS_V3_1_AREA_HOC4D_CUNEUS,Area hOc4d (Cuneus) right,right,839.8412163149512,0.39626561522268244,0.17185636294814258,0.5776352899373425,0.4527057530834612,same
208,NGIQ-BR-00000212,LOcC_R_2_1,right,2,AREA_HOC3D_CUNEUS_RIGHT.nii.gz,JULICH_BRAIN_CYTOARCHITECTONIC_ATLAS_V3_1_AREA_HOC3D_CUNEUS,Area hOc3d (Cuneus) right,right,738.8457190328305,0.23540082277997443,0.15118969584504188,0.42924830778311857,0.3701116716945479,same
208,NGIQ-BR-00000212,LOcC_R_2_1,right,3,AREA_HPO1_POS_RIGHT.nii.gz,JULICH_BRAIN_CYTOARCHITECTONIC_ATLAS_V3_1_AREA_HPO1_POS,Area hPO1 (POS) right,right,515.3225656827344,0.2836432517932271,0.10545024483548135,0.3682337405623136,0.2817029829679539,same
208,NGIQ-BR-00000212,LOcC_R_2_1,right,4,FRONTAL_TO_OCCIPITAL_GAPMAP_RIGHT.nii.gz,JULICH_BRAIN_CYTOARCHITECTONIC_ATLAS_V3_1_FRONTAL_TO_OCCIPITAL_GAPMAP,Frontal-to-Occipital (GapMap) right,right,289.6193906307322,0.008238117020911716,0.05926469688097507,0.031261518278206044,0.01836138243882059,same
208,NGIQ-BR-00000212,LOcC_R_2_1,right,5,AREA_7P_SPL_RIGHT.nii.gz,JULICH_BRAIN_CYTOARCHITECTONIC_ATLAS_V3_1_AREA_7P_SPL,Area 7P (SPL) right,right,171.23146854641146,0.0712716022103936,0.03503902503829958,0.09948925815322057,0.08577905238038255,same
208,NGIQ-BR-00000212,LOcC_R_2_1,right,6,AREA_HOC2_V2_18_RIGHT.nii.gz,JULICH_BRAIN_CYTOARCHITECTONIC_ATLAS_V3_1_AREA_HOC2_V2_18,"Area hOc2 (V2, 18) right",right,155.19553954189706,0.018587814692258297,0.03175759947633123,0.05052216097590033,0.05051081887645343,same
208,NGIQ-BR-00000212,LOcC_R_2_1,right,7,AREA_HIP7_IPS_RIGHT.nii.gz,JULICH_BRAIN_CYTOARCHITECTONIC_ATLAS_V3_1_AREA_HIP7_IPS,Area hIP7 (IPS) right,right,120.0190723703813,0.059056882821789204,0.024559453455364366,0.07491391156983354,0.062171935779979676,same
208,NGIQ-BR-00000212,LOcC_R_2_1,right,8,AREA_HIP8_IPS_RIGHT.nii.gz,JULICH_BRAIN_CYTOARCHITECTONIC_ATLAS_V3_1_AREA_HIP8_IPS,Area hIP8 (IPS) right,right,112.4787468756697,0.0643512671492118,0.02301647974820074,0.08293623626058433,0.062160016607036586,same
208,NGIQ-BR-00000212,LOcC_R_2_1,right,9,AREA_HIP4_IPS_RIGHT.nii.gz,JULICH_BRAIN_CYTOARCHITECTONIC_ATLAS_V3_1_AREA_HIP4_IPS,Area hIP4 (IPS) right,right,20.454984721812014,0.013889147305620415,0.004185695117316256,0.016373676298925374,0.011601212162190748,same
208,NGIQ-BR-00000212,LOcC_R_2_1,right,10,AREA_7A_SPL_RIGHT.nii.gz,JULICH_BRAIN_CYTOARCHITECTONIC_ATLAS_V3_1_AREA_7A_SPL,Area 7A (SPL) right,right,13.221113335917016,0.002906890167675023,0.0027054309884974783,0.005770510586583323,0.005563394879677783,same
209,NGIQ-BR-00000213,LOcC_L_2_2,left,1,AREA_HIP8_IPS_LEFT.nii.gz,JULICH_BRAIN_CYTOARCHITECTONIC_ATLAS_V3_1_AREA_HIP8_IPS,Area hIP8 (IPS) left,left,551.3348177009707,0.3109613934116532,0.10491644195190439,0.45495977074887556,0.37315741870402763,same
209,NGIQ-BR-00000213,LOcC_L_2_2,left,2,AREA_HIP7_IPS_LEFT.nii.gz,JULICH_BRAIN_CYTOARCHITECTONIC_ATLAS_V3_1_AREA_HIP7_IPS,Area hIP7 (IPS) left,left,547.2303668771481,0.4386437529732157,0.10413538412138734,0.5473417632192649,0.39754078552363425,same
209,NGIQ-BR-00000213,LOcC_L_2_2,left,3,AREA_HIP5_IPS_LEFT.nii.gz,JULICH_BRAIN_CYTOARCHITECTONIC_ATLAS_V3_1_AREA_HIP5_IPS,Area hIP5 (IPS) left,left,499.8977189402827,0.2530731244645907,0.09512820218717569,0.3683613704951084,0.3208976790361986,same
209,NGIQ-BR-00000213,LOcC_L_2_2,left,4,AREA_HPO1_POS_LEFT.nii.gz,JULICH_BRAIN_CYTOARCHITECTONIC_ATLAS_V3_1_AREA_HPO1_POS,Area hPO1 (POS) left,left,428.5944292556763,0.22271197143338026,0.08155951903313577,0.344809824404472,0.28688677925757944,same
209,NGIQ-BR-00000213,LOcC_L_2_2,left,5,AREA_HIP4_IPS_LEFT.nii.gz,JULICH_BRAIN_CYTOARCHITECTONIC_ATLAS_V3_1_AREA_HIP4_IPS,Area hIP4 (IPS) left,left,370.09480041899,0.27868960597547193,0.07042731276572567,0.3620090348422033,0.2669562237541537,same
209,NGIQ-BR-00000213,LOcC_L_2_2,left,6,AREA_HOC4D_CUNEUS_LEFT.nii.gz,JULICH_BRAIN_CYTOARCHITECTONIC_ATLAS_V3_1_AREA_HOC4D_CUNEUS,Area hOc4d (Cuneus) left,left,296.6973095396819,0.1298334584146697,0.056460112900922343,0.23613427425276215,0.1976390977086574,same
209,NGIQ-BR-00000213,LOcC_L_2_2,left,7,AREA_HOC3D_CUNEUS_LEFT.nii.gz,JULICH_BRAIN_CYTOARCHITECTONIC_ATLAS_V3_1_AREA_HOC3D_CUNEUS,Area hOc3d (Cuneus) left,left,177.46745401028252,0.0465353930785331,0.033771228007444025,0.09694879782165093,0.09426335450905207,same
209,NGIQ-BR-00000213,LOcC_L_2_2,left,8,AREA_7A_SPL_LEFT.nii.gz,JULICH_BRAIN_CYTOARCHITECTONIC_ATLAS_V3_1_AREA_7A_SPL,Area 7A (SPL) left,left,132.1811767102345,0.023767747496093516,0.025153460852122996,0.058857438626101544,0.058824061494102374,same
209,NGIQ-BR-00000213,LOcC_L_2_2,left,9,AREA_7P_SPL_LEFT.nii.gz,JULICH_BRAIN_CYTOARCHITECTONIC_ATLAS_V3_1_AREA_7P_SPL,Area 7P (SPL) left,left,113.09893810591616,0.06391105557314818,0.02152219992942138,0.10391591826633556,0.07985220746664062,same
209,NGIQ-BR-00000213,LOcC_L_2_2,left,10,AREA_HIP6_IPS_LEFT.nii.gz,JULICH_BRAIN_CYTOARCHITECTONIC_ATLAS_V3_1_AREA_HIP6_IPS,Area hIP6 (IPS) left,left,78.36458955195752,0.042261300214558845,0.014912415553758867,0.06559260332915619,0.053359356249377196,same
210,NGIQ-BR-00000214,LOcC_R_2_2,right,1,AREA_HIP7_IPS_RIGHT.nii.gz,JULICH_BRAIN_CYTOARCHITECTONIC_ATLAS_V3_1_AREA_HIP7_IPS,Area hIP7 (IPS) right,right,835.1368692869115,0.4109395219905442,0.15247819738722387,0.5374542009734186,0.45356159868907536,same
210,NGIQ-BR-00000214,LOcC_R_2_2,right,2,AREA_HIP8_IPS_RIGHT.nii.gz,JULICH_BRAIN_CYTOARCHITECTONIC_ATLAS_V3_1_AREA_HIP8_IPS,Area hIP8 (IPS) right,right,703.9441542197214,0.40274006943189045,0.12852520304647416,0.5351600143439672,0.40918620432940206,same
210,NGIQ-BR-00000214,LOcC_R_2_2,right,3,AREA_HPO1_POS_RIGHT.nii.gz,JULICH_BRAIN_CYTOARCHITECTONIC_ATLAS_V3_1_AREA_HPO1_POS,Area hPO1 (POS) right,right,475.1446741904358,0.2615285831332732,0.08675129321084674,0.3500595106598077,0.2730465165195712,same
210,NGIQ-BR-00000214,LOcC_R_2_2,right,4,AREA_HIP5_IPS_RIGHT.nii.gz,JULICH_BRAIN_CYTOARCHITECTONIC_ATLAS_V3_1_AREA_HIP5_IPS,Area hIP5 (IPS) right,right,282.16461179810733,0.16156926456683332,0.05151724580208938,0.21064056973941347,0.16294173575291127,same
210,NGIQ-BR-00000214,LOcC_R_2_2,right,5,AREA_HIP4_IPS_RIGHT.nii.gz,JULICH_BRAIN_CYTOARCHITECTONIC_ATLAS_V3_1_AREA_HIP4_IPS,Area hIP4 (IPS) right,right,223.9128072722268,0.15203912425818986,0.04088170751452308,0.18479813000024778,0.13375714889525853,same
210,NGIQ-BR-00000214,LOcC_R_2_2,right,6,AREA_7P_SPL_RIGHT.nii.gz,JULICH_BRAIN_CYTOARCHITECTONIC_ATLAS_V3_1_AREA_7P_SPL,Area 7P (SPL) right,right,213.95992694454745,0.0890564504971434,0.03906452364085322,0.1281730292485063,0.11219474218524725,same
210,NGIQ-BR-00000214,LOcC_R_2_2,right,7,AREA_HOC4D_CUNEUS_RIGHT.nii.gz,JULICH_BRAIN_CYTOARCHITECTONIC_ATLAS_V3_1_AREA_HOC4D_CUNEUS,Area hOc4d (Cuneus) right,right,212.7512130617141,0.1003832494708813,0.038843838240903504,0.1508690567756486,0.1204701566666532,same
210,NGIQ-BR-00000214,LOcC_R_2_2,right,8,AREA_HIP6_IPS_RIGHT.nii.gz,JULICH_BRAIN_CYTOARCHITECTONIC_ATLAS_V3_1_AREA_HIP6_IPS,Area hIP6 (IPS) right,right,118.30685044598724,0.06285896739928072,0.02160031003057852,0.08281308076743311,0.06664221355821015,same
210,NGIQ-BR-00000214,LOcC_R_2_2,right,9,AREA_7A_SPL_RIGHT.nii.gz,JULICH_BRAIN_CYTOARCHITECTONIC_ATLAS_V3_1_AREA_7A_SPL,Area 7A (SPL) right,right,106.89202852542398,0.02350205907994671,0.019516206772833708,0.04810199948440565,0.04673293325502603,same
210,NGIQ-BR-00000214,LOcC_R_2_2,right,10,AREA_HOC3D_CUNEUS_RIGHT.nii.gz,JULICH_BRAIN_CYTOARCHITECTONIC_ATLAS_V3_1_AREA_HOC3D_CUNEUS,Area hOc3d (Cuneus) right,right,71.59564505131709,0.02281081600446298,0.013071839239383268,0.04288575233114264,0.03754111399063462,same
211,NGIQ-BR-00000215,Amyg_L_2_1,left,1,FRONTAL_TO_TEMPORAL_II_GAPMAP_LEFT.nii.gz,JULICH_BRAIN_CYTOARCHITECTONIC_ATLAS_V3_1_FRONTAL_TO_TEMPORAL_II_GAPMAP,Frontal-to-Temporal-II (GapMap) left,left,755.3940556799358,0.06332285958938962,0.4221333178558538,0.2333858103331695,0.15388733830794096,same
211,NGIQ-BR-00000215,Amyg_L_2_1,left,2,LB_AMYGDALA_LEFT.nii.gz,JULICH_BRAIN_CYTOARCHITECTONIC_ATLAS_V3_1_LB_AMYGDALA,LB (Amygdala) left,left,340.58621151100755,0.4708075797706936,0.19032819546307686,0.5202599321742716,0.433857228112884,same
211,NGIQ-BR-00000215,Amyg_L_2_1,left,3,SF_AMYGDALA_LEFT.nii.gz,JULICH_BRAIN_CYTOARCHITECTONIC_ATLAS_V3_1_SF_AMYGDALA,SF (Amygdala) left,left,304.26643731386986,0.5422857632046438,0.17003178636330854,0.6782983193026382,0.43987448692616804,same
211,NGIQ-BR-00000215,Amyg_L_2_1,left,4,TEMPORAL_TO_PARIETAL_GAPMAP_LEFT.nii.gz,JULICH_BRAIN_CYTOARCHITECTONIC_ATLAS_V3_1_TEMPORAL_TO_PARIETAL_GAPMAP,Temporal-to-Parietal (GapMap) left,left,221.59868371501972,0.00344405299551202,0.12383495327470033,0.02696792885559874,0.007824445740871714,same
211,NGIQ-BR-00000215,Amyg_L_2_1,left,5,CM_AMYGDALA_LEFT.nii.gz,JULICH_BRAIN_CYTOARCHITECTONIC_ATLAS_V3_1_CM_AMYGDALA,CM (Amygdala) left,left,172.8261310816487,0.3145628568404583,0.09657961639639741,0.36860410007963373,0.24712282249660106,same
211,NGIQ-BR-00000215,Amyg_L_2_1,left,6,IF_AMYGDALA_LEFT.nii.gz,JULICH_BRAIN_CYTOARCHITECTONIC_ATLAS_V3_1_IF_AMYGDALA,IF (Amygdala) left,left,120.94646208106951,0.2789923871405439,0.06758794424885117,0.2934445484193182,0.17816404955106283,same
211,NGIQ-BR-00000215,Amyg_L_2_1,left,7,MF_AMYGDALA_LEFT.nii.gz,JULICH_BRAIN_CYTOARCHITECTONIC_ATLAS_V3_1_MF_AMYGDALA,MF (Amygdala) left,left,108.94473726799629,0.5626588325208796,0.06088107665141518,0.4915733017071043,0.17312424967802925,same
211,NGIQ-BR-00000215,Amyg_L_2_1,left,8,AREA_EC_HIPPOCAMPAL_REGION_ENTORHINAL_CORTEX_LEFT.nii.gz,JULICH_BRAIN_CYTOARCHITECTONIC_ATLAS_V3_1_AREA_EC_HIPPOCAMPAL_REGION_ENTORHINAL_CORTEX,"Area EC (Hippocampal Region, Entorhinal Cortex) left",left,77.00407502485038,0.031060833931331796,0.043031826149865976,0.06761387543152131,0.06746070531883001,same
211,NGIQ-BR-00000215,Amyg_L_2_1,left,9,CH_4_BASAL_FOREBRAIN_LEFT.nii.gz,JULICH_BRAIN_CYTOARCHITECTONIC_ATLAS_V3_1_CH_4_BASAL_FOREBRAIN,Ch 4 (Basal Forebrain) left,left,58.7998764572293,0.09126995312002238,0.03285885922952173,0.11494343343630083,0.08206193755925108,same
211,NGIQ-BR-00000215,Amyg_L_2_1,left,10,VTM_AMYGDALA_LEFT.nii.gz,JULICH_BRAIN_CYTOARCHITECTONIC_ATLAS_V3_1_VTM_AMYGDALA,VTM (Amygdala) left,left,57.580925822264184,0.3054259223292143,0.0321776787622262,0.28648701327607967,0.0920253435304399,same
212,NGIQ-BR-00000216,Amyg_R_2_1,right,1,FRONTAL_TO_TEMPORAL_II_GAPMAP_RIGHT.nii.gz,JULICH_BRAIN_CYTOARCHITECTONIC_ATLAS_V3_1_FRONTAL_TO_TEMPORAL_II_GAPMAP,Frontal-to-Temporal-II (GapMap) right,right,881.6251582733945,0.08978427976929944,0.43053304091234074,0.28188481078450073,0.21747443003896388,same
212,NGIQ-BR-00000216,Amyg_R_2_1,right,2,SF_AMYGDALA_RIGHT.nii.gz,JULICH_BRAIN_CYTOARCHITECTONIC_ATLAS_V3_1_SF_AMYGDALA,SF (Amygdala) right,right,497.8107727493673,0.5870369884063239,0.2431010319742314,0.7189405845925856,0.5531784292131803,same
212,NGIQ-BR-00000216,Amyg_R_2_1,right,3,LB_AMYGDALA_RIGHT.nii.gz,JULICH_BRAIN_CYTOARCHITECTONIC_ATLAS_V3_1_LB_AMYGDALA,LB (Amygdala) right,right,309.5881956087072,0.41944799506327113,0.15118437358005649,0.4363335537139677,0.3409420022080274,same
212,NGIQ-BR-00000216,Amyg_R_2_1,right,4,CM_AMYGDALA_RIGHT.nii.gz,JULICH_BRAIN_CYTOARCHITECTONIC_ATLAS_V3_1_CM_AMYGDALA,CM (Amygdala) right,right,228.1693916366733,0.3480945350310359,0.11142429535114624,0.38813298350104636,0.2670138009965044,same
212,NGIQ-BR-00000216,Amyg_R_2_1,right,5,TEMPORAL_TO_PARIETAL_GAPMAP_RIGHT.nii.gz,JULICH_BRAIN_CYTOARCHITECTONIC_ATLAS_V3_1_TEMPORAL_TO_PARIETAL_GAPMAP,Temporal-to-Parietal (GapMap) right,right,184.80084908944747,0.0024349790750782287,0.09024569089825102,0.019094256123288682,0.005686810244823284,same
212,NGIQ-BR-00000216,Amyg_R_2_1,right,6,AREA_EC_HIPPOCAMPAL_REGION_ENTORHINAL_CORTEX_RIGHT.nii.gz,JULICH_BRAIN_CYTOARCHITECTONIC_ATLAS_V3_1_AREA_EC_HIPPOCAMPAL_REGION_ENTORHINAL_CORTEX,"Area EC (Hippocampal Region, Entorhinal Cortex) right",right,126.49304705326074,0.04543284764669117,0.061771644889040384,0.08914936406571154,0.08908304755115903,same
212,NGIQ-BR-00000216,Amyg_R_2_1,right,7,MF_AMYGDALA_RIGHT.nii.gz,JULICH_BRAIN_CYTOARCHITECTONIC_ATLAS_V3_1_MF_AMYGDALA,MF (Amygdala) right,right,125.01283939532892,0.6231899975645576,0.06104879992690343,0.5342404535204548,0.16537895027835708,same
212,NGIQ-BR-00000216,Amyg_R_2_1,right,8,VTM_AMYGDALA_RIGHT.nii.gz,JULICH_BRAIN_CYTOARCHITECTONIC_ATLAS_V3_1_VTM_AMYGDALA,VTM (Amygdala) right,right,92.97672336023852,0.3021773755048345,0.04540427535069919,0.2627450023503111,0.1192301586357765,same
212,NGIQ-BR-00000216,Amyg_R_2_1,right,9,IF_AMYGDALA_RIGHT.nii.gz,JULICH_BRAIN_CYTOARCHITECTONIC_ATLAS_V3_1_IF_AMYGDALA,IF (Amygdala) right,right,86.3398506695425,0.2291677588803825,0.04216322335160533,0.21866317189654508,0.10926144299548103,same
212,NGIQ-BR-00000216,Amyg_R_2_1,right,10,ASTR_AMYGDALA_RIGHT.nii.gz,JULICH_BRAIN_CYTOARCHITECTONIC_ATLAS_V3_1_ASTR_AMYGDALA,Astr (Amygdala) right,right,59.483477105248575,0.1583641016471061,0.029048175453972987,0.13409780953633754,0.07397836723276137,same
213,NGIQ-BR-00000217,Amyg_L_2_2,left,1,FRONTAL_TO_TEMPORAL_II_GAPMAP_LEFT.nii.gz,JULICH_BRAIN_CYTOARCHITECTONIC_ATLAS_V3_1_FRONTAL_TO_TEMPORAL_II_GAPMAP,Frontal-to-Temporal-II (GapMap) left,left,725.8260054810476,0.0608442413410756,0.6144737981609629,0.309192743335219,0.15710392186883385,same
213,NGIQ-BR-00000217,Amyg_L_2_2,left,2,LB_AMYGDALA_LEFT.nii.gz,JULICH_BRAIN_CYTOARCHITECTONIC_ATLAS_V3_1_LB_AMYGDALA,LB (Amygdala) left,left,250.28713797486662,0.3459831246687806,0.21188947094879076,0.5271421382018204,0.5042967168537908,same
213,NGIQ-BR-00000217,Amyg_L_2_2,left,3,TEMPORAL_TO_PARIETAL_GAPMAP_LEFT.nii.gz,JULICH_BRAIN_CYTOARCHITECTONIC_ATLAS_V3_1_TEMPORAL_TO_PARIETAL_GAPMAP,Temporal-to-Parietal (GapMap) left,left,214.54423625573097,0.0033344138474063817,0.18163004732550095,0.03599922510248876,0.007653378832808679,same
213,NGIQ-BR-00000217,Amyg_L_2_2,left,4,IF_AMYGDALA_LEFT.nii.gz,JULICH_BRAIN_CYTOARCHITECTONIC_ATLAS_V3_1_IF_AMYGDALA,IF (Amygdala) left,left,156.6816108481392,0.36142418620106154,0.13264438555907868,0.524139376845347,0.4016045489601748,same
213,NGIQ-BR-00000217,Amyg_L_2_2,left,5,ASTR_AMYGDALA_LEFT.nii.gz,JULICH_BRAIN_CYTOARCHITECTONIC_ATLAS_V3_1_ASTR_AMYGDALA,Astr (Amygdala) left,left,139.52660795262932,0.45278582490233843,0.11812120823136647,0.5553088460609179,0.37743077569697026,same
213,NGIQ-BR-00000217,Amyg_L_2_2,left,6,CM_AMYGDALA_LEFT.nii.gz,JULICH_BRAIN_CYTOARCHITECTONIC_ATLAS_V3_1_CM_AMYGDALA,CM (Amygdala) left,left,110.61041014714507,0.2013232975500851,0.09364117340244967,0.3252689741167242,0.2693588243800532,same
213,NGIQ-BR-00000217,Amyg_L_2_2,left,7,CH_4_BASAL_FOREBRAIN_LEFT.nii.gz,JULICH_BRAIN_CYTOARCHITECTONIC_ATLAS_V3_1_CH_4_BASAL_FOREBRAIN,Ch 4 (Basal Forebrain) left,left,55.18447124668433,0.08565807289241088,0.04671837518963076,0.14873751494159942,0.12898974281667544,same
213,NGIQ-BR-00000217,Amyg_L_2_2,left,8,SF_AMYGDALA_LEFT.nii.gz,JULICH_BRAIN_CYTOARCHITECTONIC_ATLAS_V3_1_SF_AMYGDALA,SF (Amygdala) left,left,49.71701477271658,0.08860927790227281,0.04208970561804094,0.15281557463703452,0.12336663356936362,same
213,NGIQ-BR-00000217,Amyg_L_2_2,left,9,VTM_AMYGDALA_LEFT.nii.gz,JULICH_BRAIN_CYTOARCHITECTONIC_ATLAS_V3_1_VTM_AMYGDALA,VTM (Amygdala) left,left,45.86370519550537,0.24327438749441047,0.038827549462820604,0.3146236151228497,0.1360951160433091,same
213,NGIQ-BR-00000217,Amyg_L_2_2,left,10,AREA_EC_HIPPOCAMPAL_REGION_ENTORHINAL_CORTEX_LEFT.nii.gz,JULICH_BRAIN_CYTOARCHITECTONIC_ATLAS_V3_1_AREA_EC_HIPPOCAMPAL_REGION_ENTORHINAL_CORTEX,"Area EC (Hippocampal Region, Entorhinal Cortex) left",left,34.53536767808381,0.01393039679861448,0.02923714276946175,0.041810184897643037,0.04049854416387649,same
214,NGIQ-BR-00000218,Amyg_R_2_2,right,1,FRONTAL_TO_TEMPORAL_II_GAPMAP_RIGHT.nii.gz,JULICH_BRAIN_CYTOARCHITECTONIC_ATLAS_V3_1_FRONTAL_TO_TEMPORAL_II_GAPMAP,Frontal-to-Temporal-II (GapMap) right,right,560.9777760889874,0.057129705431017336,0.45090097866304824,0.26075834397123776,0.15304494349233383,same
214,NGIQ-BR-00000218,Amyg_R_2_2,right,2,TEMPORAL_TO_PARIETAL_GAPMAP_RIGHT.nii.gz,JULICH_BRAIN_CYTOARCHITECTONIC_ATLAS_V3_1_TEMPORAL_TO_PARIETAL_GAPMAP,Temporal-to-Parietal (GapMap) right,right,364.60516030478385,0.004804122602153064,0.2930612060128134,0.05476794558475644,0.011355615474428642,same
214,NGIQ-BR-00000218,Amyg_R_2_2,right,3,LB_AMYGDALA_RIGHT.nii.gz,JULICH_BRAIN_CYTOARCHITECTONIC_ATLAS_V3_1_LB_AMYGDALA,LB (Amygdala) right,right,268.9146467426665,0.3643411183607379,0.21614738152097815,0.551002454293704,0.5175846821163899,same
214,NGIQ-BR-00000218,Amyg_R_2_2,right,4,ASTR_AMYGDALA_RIGHT.nii.gz,JULICH_BRAIN_CYTOARCHITECTONIC_ATLAS_V3_1_ASTR_AMYGDALA,Astr (Amygdala) right,right,152.44894244410887,0.4058679988477415,0.1225349385913843,0.49963702108619484,0.36682981651443636,same
214,NGIQ-BR-00000218,Amyg_R_2_2,right,5,IF_AMYGDALA_RIGHT.nii.gz,JULICH_BRAIN_CYTOARCHITECTONIC_ATLAS_V3_1_IF_AMYGDALA,IF (Amygdala) right,right,146.92445028036684,0.38997457992316753,0.11809447939777006,0.5409576699451812,0.36572711884642906,same
214,NGIQ-BR-00000218,Amyg_R_2_2,right,6,CM_AMYGDALA_RIGHT.nii.gz,JULICH_BRAIN_CYTOARCHITECTONIC_ATLAS_V3_1_CM_AMYGDALA,CM (Amygdala) right,right,135.28096022420294,0.2063842245009834,0.1087357110380321,0.3345528248452929,0.2902763654345563,same
214,NGIQ-BR-00000218,Amyg_R_2_2,right,7,SF_AMYGDALA_RIGHT.nii.gz,JULICH_BRAIN_CYTOARCHITECTONIC_ATLAS_V3_1_SF_AMYGDALA,SF (Amygdala) right,right,75.67472364311598,0.08923845022594905,0.06082559489009775,0.15888555354464015,0.147967198535541,same
214,NGIQ-BR-00000218,Amyg_R_2_2,right,8,AREA_EC_HIPPOCAMPAL_REGION_ENTORHINAL_CORTEX_RIGHT.nii.gz,JULICH_BRAIN_CYTOARCHITECTONIC_ATLAS_V3_1_AREA_EC_HIPPOCAMPAL_REGION_ENTORHINAL_CORTEX,"Area EC (Hippocampal Region, Entorhinal Cortex) right",right,61.35543937367741,0.022037198046042525,0.04931608494862007,0.0628650873917235,0.059483821777468124,same
214,NGIQ-BR-00000218,Amyg_R_2_2,right,9,VTM_AMYGDALA_RIGHT.nii.gz,JULICH_BRAIN_CYTOARCHITECTONIC_ATLAS_V3_1_VTM_AMYGDALA,VTM (Amygdala) right,right,44.342007966643486,0.1441129683615516,0.035641081768759096,0.18217150267771584,0.11331165372593824,same
214,NGIQ-BR-00000218,Amyg_R_2_2,right,10,CH_4_BASAL_FOREBRAIN_RIGHT.nii.gz,JULICH_BRAIN_CYTOARCHITECTONIC_ATLAS_V3_1_CH_4_BASAL_FOREBRAIN,Ch 4 (Basal Forebrain) right,right,28.734340013731696,0.13044418248726306,0.023095998782263982,0.11878158012611204,0.07352573643416405,same
215,NGIQ-BR-00000017,Hipp_L_2_1,left,1,FRONTAL_TO_TEMPORAL_II_GAPMAP_LEFT.nii.gz,JULICH_BRAIN_CYTOARCHITECTONIC_ATLAS_V3_1_FRONTAL_TO_TEMPORAL_II_GAPMAP,Frontal-to-Temporal-II (GapMap) left,left,1517.5024243163998,0.12720856382044476,0.30984437084413025,0.2839589494217687,0.2546063211823154,same
215,NGIQ-BR-00000017,Hipp_L_2_1,left,2,CA1_HIPPOCAMPUS_LEFT.nii.gz,JULICH_BRAIN_CYTOARCHITECTONIC_ATLAS_V3_1_CA1_HIPPOCAMPUS,CA1 (Hippocampus) left,left,697.2830852385665,0.2622200523669283,0.14237159386636428,0.38974070623680457,0.3254586394277848,same
215,NGIQ-BR-00000017,Hipp_L_2_1,left,3,SUBC_HIPPOCAMPUS_SUBICULAR_COMPLEX_LEFT.nii.gz,JULICH_BRAIN_CYTOARCHITECTONIC_ATLAS_V3_1_SUBC_HIPPOCAMPUS_SUBICULAR_COMPLEX,"Subc (Hippocampus, Subicular complex) left",left,609.5627569178008,0.2260567923232377,0.12446081527170602,0.31786192155035564,0.2752932741978453,same
215,NGIQ-BR-00000017,Hipp_L_2_1,left,4,DG_HIPPOCAMPUS_LEFT.nii.gz,JULICH_BRAIN_CYTOARCHITECTONIC_ATLAS_V3_1_DG_HIPPOCAMPUS,DG (Hippocampus) left,left,477.9974150222451,0.34956919789305546,0.09759774083353176,0.4069474683623328,0.25584873294550886,same
215,NGIQ-BR-00000017,Hipp_L_2_1,left,5,CA2_HIPPOCAMPUS_LEFT.nii.gz,JULICH_BRAIN_CYTOARCHITECTONIC_ATLAS_V3_1_CA2_HIPPOCAMPUS,CA2 (Hippocampus) left,left,419.260418645747,0.5246003552972875,0.08560479281847445,0.4866031367365648,0.236558193417612,same
215,NGIQ-BR-00000017,Hipp_L_2_1,left,6,CA3_HIPPOCAMPUS_LEFT.nii.gz,JULICH_BRAIN_CYTOARCHITECTONIC_ATLAS_V3_1_CA3_HIPPOCAMPUS,CA3 (Hippocampus) left,left,391.35073404769406,0.4985620832170645,0.07990618006756739,0.4780989688578189,0.22217588377970612,same
215,NGIQ-BR-00000017,Hipp_L_2_1,left,7,SF_AMYGDALA_LEFT.nii.gz,JULICH_BRAIN_CYTOARCHITECTONIC_ATLAS_V3_1_SF_AMYGDALA,SF (Amygdala) left,left,147.82126304551076,0.26345780085438003,0.030182216194055523,0.19958545238945058,0.08480093153248602,same
215,NGIQ-BR-00000017,Hipp_L_2_1,left,8,HATA_HIPPOCAMPUS_LEFT.nii.gz,JULICH_BRAIN_CYTOARCHITECTONIC_ATLAS_V3_1_HATA_HIPPOCAMPUS,HATA (Hippocampus) left,left,147.25101367785243,0.8439318731158274,0.03006578240540708,0.3678125655295052,0.08740483518508424,same
215,NGIQ-BR-00000017,Hipp_L_2_1,left,9,AREA_EC_HIPPOCAMPAL_REGION_ENTORHINAL_CORTEX_LEFT.nii.gz,JULICH_BRAIN_CYTOARCHITECTONIC_ATLAS_V3_1_AREA_EC_HIPPOCAMPAL_REGION_ENTORHINAL_CORTEX,"Area EC (Hippocampal Region, Entorhinal Cortex) left",left,143.81935332873854,0.05801185259888989,0.02936510435390352,0.0764829683282722,0.06558379842582822,same
215,NGIQ-BR-00000017,Hipp_L_2_1,left,10,TEMPORAL_TO_PARIETAL_GAPMAP_LEFT.nii.gz,JULICH_BRAIN_CYTOARCHITECTONIC_ATLAS_V3_1_TEMPORAL_TO_PARIETAL_GAPMAP,Temporal-to-Parietal (GapMap) left,left,117.11522283334877,0.001820186958050572,0.023912642216315238,0.008632151399749413,0.00398720377814612,same
216,NGIQ-BR-00000018,Hipp_R_2_1,right,1,CA1_HIPPOCAMPUS_RIGHT.nii.gz,JULICH_BRAIN_CYTOARCHITECTONIC_ATLAS_V3_1_CA1_HIPPOCAMPUS,CA1 (Hippocampus) right,right,893.4241955600776,0.3133855669028887,0.16881271292670652,0.4422928275201423,0.3769394460024243,same
216,NGIQ-BR-00000018,Hipp_R_2_1,right,2,FRONTAL_TO_TEMPORAL_II_GAPMAP_RIGHT.nii.gz,JULICH_BRAIN_CYTOARCHITECTONIC_ATLAS_V3_1_FRONTAL_TO_TEMPORAL_II_GAPMAP,Frontal-to-Temporal-II (GapMap) right,right,754.9202263056636,0.0768807107715406,0.14264235519837418,0.1542682721295031,0.14739741917429297,same
216,NGIQ-BR-00000018,Hipp_R_2_1,right,3,SUBC_HIPPOCAMPUS_SUBICULAR_COMPLEX_RIGHT.nii.gz,JULICH_BRAIN_CYTOARCHITECTONIC_ATLAS_V3_1_SUBC_HIPPOCAMPUS_SUBICULAR_COMPLEX,"Subc (Hippocampus, Subicular complex) right",right,720.8956752598443,0.27907228413710755,0.13621340823599956,0.3713145101142972,0.3097789499309433,same
216,NGIQ-BR-00000018,Hipp_R_2_1,right,4,DG_HIPPOCAMPUS_RIGHT.nii.gz,JULICH_BRAIN_CYTOARCHITECTONIC_ATLAS_V3_1_DG_HIPPOCAMPUS,DG (Hippocampus) right,right,484.0403589627577,0.3742697252271396,0.09145954023698177,0.42827082114759785,0.24421719292520858,same
216,NGIQ-BR-00000018,Hipp_R_2_1,right,5,CA2_HIPPOCAMPUS_RIGHT.nii.gz,JULICH_BRAIN_CYTOARCHITECTONIC_ATLAS_V3_1_CA2_HIPPOCAMPUS,CA2 (Hippocampus) right,right,464.50297808819073,0.5116863405002371,0.08776794750274826,0.47059667593859683,0.23943139390886495,same
216,NGIQ-BR-00000018,Hipp_R_2_1,right,6,CA3_HIPPOCAMPUS_RIGHT.nii.gz,JULICH_BRAIN_CYTOARCHITECTONIC_ATLAS_V3_1_CA3_HIPPOCAMPUS,CA3 (Hippocampus) right,right,374.58847237739906,0.478552320405028,0.07077858039590915,0.4594285513717713,0.1974468725806542,same
216,NGIQ-BR-00000018,Hipp_R_2_1,right,7,TEMPORAL_TO_PARIETAL_GAPMAP_RIGHT.nii.gz,JULICH_BRAIN_CYTOARCHITECTONIC_ATLAS_V3_1_TEMPORAL_TO_PARIETAL_GAPMAP,Temporal-to-Parietal (GapMap) right,right,284.42206372671643,0.0037476114264491647,0.05374161616903618,0.018782349543426044,0.00847398694971053,same
216,NGIQ-BR-00000018,Hipp_R_2_1,right,8,VTM_AMYGDALA_RIGHT.nii.gz,JULICH_BRAIN_CYTOARCHITECTONIC_ATLAS_V3_1_VTM_AMYGDALA,VTM (Amygdala) right,right,190.36134514578552,0.6186805642832869,0.03596882116035805,0.34381660378408263,0.1030345683943626,same
216,NGIQ-BR-00000018,Hipp_R_2_1,right,9,SF_AMYGDALA_RIGHT.nii.gz,JULICH_BRAIN_CYTOARCHITECTONIC_ATLAS_V3_1_SF_AMYGDALA,SF (Amygdala) right,right,160.408138064384,0.18915924572124776,0.030309155602389837,0.14806177841612944,0.08152271882295725,same
216,NGIQ-BR-00000018,Hipp_R_2_1,right,10,AREA_EC_HIPPOCAMPAL_REGION_ENTORHINAL_CORTEX_RIGHT.nii.gz,JULICH_BRAIN_CYTOARCHITECTONIC_ATLAS_V3_1_AREA_EC_HIPPOCAMPAL_REGION_ENTORHINAL_CORTEX,"Area EC (Hippocampal Region, Entorhinal Cortex) right",right,158.41577469594156,0.05689861952303833,0.029932698072994507,0.07135721221022295,0.06368000322964225,same
217,NGIQ-BR-00000219,Hipp_L_2_2,left,1,FRONTAL_TO_TEMPORAL_II_GAPMAP_LEFT.nii.gz,JULICH_BRAIN_CYTOARCHITECTONIC_ATLAS_V3_1_FRONTAL_TO_TEMPORAL_II_GAPMAP,Frontal-to-Temporal-II (GapMap) left,left,2040.309783648378,0.17103424229693182,0.4675260875355317,0.41196822031518865,0.3563361229011167,same
217,NGIQ-BR-00000219,Hipp_L_2_2,left,2,CA1_HIPPOCAMPUS_LEFT.nii.gz,JULICH_BRAIN_CYTOARCHITECTONIC_ATLAS_V3_1_CA1_HIPPOCAMPUS,CA1 (Hippocampus) left,left,1150.684175289231,0.43272592020341916,0.26367313178298096,0.6940075806191139,0.6030609844492816,same
217,NGIQ-BR-00000219,Hipp_L_2_2,left,3,DG_HIPPOCAMPUS_LEFT.nii.gz,JULICH_BRAIN_CYTOARCHITECTONIC_ATLAS_V3_1_DG_HIPPOCAMPUS,DG (Hippocampus) left,left,770.0567499260941,0.563158109110842,0.17645439058254273,0.7074194091986893,0.47130239241174027,same
217,NGIQ-BR-00000219,Hipp_L_2_2,left,4,SUBC_HIPPOCAMPUS_SUBICULAR_COMPLEX_LEFT.nii.gz,JULICH_BRAIN_CYTOARCHITECTONIC_ATLAS_V3_1_SUBC_HIPPOCAMPUS_SUBICULAR_COMPLEX,"Subc (Hippocampus, Subicular complex) left",left,519.2267902621336,0.19255563330089792,0.11897804526566086,0.29215855537199004,0.2622569245932384,same
217,NGIQ-BR-00000219,Hipp_L_2_2,left,5,CA3_HIPPOCAMPUS_LEFT.nii.gz,JULICH_BRAIN_CYTOARCHITECTONIC_ATLAS_V3_1_CA3_HIPPOCAMPUS,CA3 (Hippocampus) left,left,319.66018625289706,0.40723176045040116,0.07324842404689075,0.42138749026859196,0.20933111529290319,same
217,NGIQ-BR-00000219,Hipp_L_2_2,left,6,CA2_HIPPOCAMPUS_LEFT.nii.gz,JULICH_BRAIN_CYTOARCHITECTONIC_ATLAS_V3_1_CA2_HIPPOCAMPUS,CA2 (Hippocampus) left,left,257.04946362768055,0.32163360515555384,0.0589015114254177,0.32192090399502227,0.16713827834034722,same
217,NGIQ-BR-00000219,Hipp_L_2_2,left,7,PUI_THALAMUS_INFERIOR_PULVINAR_LEFT.nii.gz,JULICH_BRAIN_CYTOARCHITECTONIC_ATLAS_V3_1_PUI_THALAMUS_INFERIOR_PULVINAR,"PUi (Thalamus, inferior pulvinar) left",left,64.89195980033321,0.23120268520659373,0.01486964593372321,0.13700609101383582,0.04427955343366498,same
217,NGIQ-BR-00000219,Hipp_L_2_2,left,8,CGL_METATHALAMUS_LEFT.nii.gz,JULICH_BRAIN_CYTOARCHITECTONIC_ATLAS_V3_1_CGL_METATHALAMUS,CGL (Metathalamus) left,left,52.99138468405333,0.1250024715670088,0.012142692719006924,0.09524686309955405,0.035794332254450174,same
217,NGIQ-BR-00000219,Hipp_L_2_2,left,9,AREA_PH2_PHG_LEFT.nii.gz,JULICH_BRAIN_CYTOARCHITECTONIC_ATLAS_V3_1_AREA_PH2_PHG,Area Ph2 (PhG) left,left,52.74689196410958,0.0417474767182962,0.01208666851831823,0.04186933725689948,0.03094771026605364,same
217,NGIQ-BR-00000219,Hipp_L_2_2,left,10,PUM_THALAMUS_MEDIAL_PULVINAR_LEFT.nii.gz,JULICH_BRAIN_CYTOARCHITECTONIC_ATLAS_V3_1_PUM_THALAMUS_MEDIAL_PULVINAR,"PUm (Thalamus, medial pulvinar) left",left,45.09393573908455,0.0537146848861747,0.010333034481643306,0.047087774868330184,0.028415581093404047,same
218,NGIQ-BR-00000220,Hipp_R_2_2,right,1,CA1_HIPPOCAMPUS_RIGHT.nii.gz,JULICH_BRAIN_CYTOARCHITECTONIC_ATLAS_V3_1_CA1_HIPPOCAMPUS,CA1 (Hippocampus) right,right,1137.9643292712876,0.3991626801873056,0.2838588085950158,0.6882309839579472,0.6412594173949033,same
218,NGIQ-BR-00000220,Hipp_R_2_2,right,2,DG_HIPPOCAMPUS_RIGHT.nii.gz,JULICH_BRAIN_CYTOARCHITECTONIC_ATLAS_V3_1_DG_HIPPOCAMPUS,DG (Hippocampus) right,right,638.4564066217329,0.4936673139981044,0.15925936363888868,0.6901151252031295,0.4605209177930636,same
218,NGIQ-BR-00000220,Hipp_R_2_2,right,3,SUBC_HIPPOCAMPUS_SUBICULAR_COMPLEX_RIGHT.nii.gz,JULICH_BRAIN_CYTOARCHITECTONIC_ATLAS_V3_1_SUBC_HIPPOCAMPUS_SUBICULAR_COMPLEX,"Subc (Hippocampus, Subicular complex) right",right,519.4189850972541,0.20107686530789665,0.1295661476188408,0.3268441414290938,0.2999820291791991,same
218,NGIQ-BR-00000220,Hipp_R_2_2,right,4,CA2_HIPPOCAMPUS_RIGHT.nii.gz,JULICH_BRAIN_CYTOARCHITECTONIC_ATLAS_V3_1_CA2_HIPPOCAMPUS,CA2 (Hippocampus) right,right,294.4367738549234,0.32434512248469893,0.07344559902553305,0.36442300739128997,0.21901038672688103,same
218,NGIQ-BR-00000220,Hipp_R_2_2,right,5,CA3_HIPPOCAMPUS_RIGHT.nii.gz,JULICH_BRAIN_CYTOARCHITECTONIC_ATLAS_V3_1_CA3_HIPPOCAMPUS,CA3 (Hippocampus) right,right,271.2083683655641,0.34647994683574,0.06765140377866292,0.4063685072607964,0.2083762819344768,same
218,NGIQ-BR-00000220,Hipp_R_2_2,right,6,FRONTAL_TO_TEMPORAL_II_GAPMAP_RIGHT.nii.gz,JULICH_BRAIN_CYTOARCHITECTONIC_ATLAS_V3_1_FRONTAL_TO_TEMPORAL_II_GAPMAP,Frontal-to-Temporal-II (GapMap) right,right,189.4085637347191,0.019289276533764277,0.0472469020833543,0.047285561396262825,0.04184866316907412,same
218,NGIQ-BR-00000220,Hipp_R_2_2,right,7,TEMPORAL_TO_PARIETAL_GAPMAP_RIGHT.nii.gz,JULICH_BRAIN_CYTOARCHITECTONIC_ATLAS_V3_1_TEMPORAL_TO_PARIETAL_GAPMAP,Temporal-to-Parietal (GapMap) right,right,125.21693197292787,0.0016498874907874212,0.03123466018352221,0.010101900318965594,0.003798076932193565,same
218,NGIQ-BR-00000220,Hipp_R_2_2,right,8,PUI_THALAMUS_INFERIOR_PULVINAR_RIGHT.nii.gz,JULICH_BRAIN_CYTOARCHITECTONIC_ATLAS_V3_1_PUI_THALAMUS_INFERIOR_PULVINAR,"PUi (Thalamus, inferior pulvinar) right",right,46.8853562766099,0.2019018311291874,0.01169528871063457,0.1260031830857999,0.037869342998100054,same
218,NGIQ-BR-00000220,Hipp_R_2_2,right,9,AREA_PH2_PHG_RIGHT.nii.gz,JULICH_BRAIN_CYTOARCHITECTONIC_ATLAS_V3_1_AREA_PH2_PHG,Area Ph2 (PhG) right,right,38.0327050197983,0.03383455313060609,0.009487044590825574,0.03468819047366784,0.026086481010445237,same
218,NGIQ-BR-00000220,Hipp_R_2_2,right,10,PUL_THALAMUS_LATERAL_PULVINAR_RIGHT.nii.gz,JULICH_BRAIN_CYTOARCHITECTONIC_ATLAS_V3_1_PUL_THALAMUS_LATERAL_PULVINAR,"PUl (Thalamus, lateral pulvinar) right",right,25.774278346564937,0.07018342761234525,0.006429248927808932,0.04252641198612681,0.02005170267698963,same
219,NGIQ-BR-00000019,BG_L_6_1,left,1,FUCD_VENTRAL_STRIATUM_FUNDUS_OF_CAUDATE_NUCLEUS_LEFT.nii.gz,JULICH_BRAIN_CYTOARCHITECTONIC_ATLAS_V3_1_FUCD_VENTRAL_STRIATUM_FUNDUS_OF_CAUDATE_NUCLEUS,"FuCd (Ventral Striatum, Fundus of Caudate Nucleus) left",left,491.59911508907174,0.6284357495825834,0.11906922028454582,0.5373498208119569,0.3930763057954619,same
219,NGIQ-BR-00000019,BG_L_6_1,left,2,FUP_VENTRAL_STRIATUM_FUNDUS_OF_PUTAMEN_LEFT.nii.gz,JULICH_BRAIN_CYTOARCHITECTONIC_ATLAS_V3_1_FUP_VENTRAL_STRIATUM_FUNDUS_OF_PUTAMEN,"FuP (Ventral Striatum, Fundus of Putamen) left",left,381.0294164286519,0.32089272818407877,0.0922883588010829,0.31894874588249733,0.27393577966811483,same
219,NGIQ-BR-00000019,BG_L_6_1,left,3,FRONTAL_TO_TEMPORAL_II_GAPMAP_LEFT.nii.gz,JULICH_BRAIN_CYTOARCHITECTONIC_ATLAS_V3_1_FRONTAL_TO_TEMPORAL_II_GAPMAP,Frontal-to-Temporal-II (GapMap) left,left,165.07299425777546,0.0138376704963299,0.03998199368757482,0.03881393111925668,0.030847226929350522,same
219,NGIQ-BR-00000019,BG_L_6_1,left,4,ACBL_VENTRAL_STRIATUM_LATERAL_ACCUMBENS_LEFT.nii.gz,JULICH_BRAIN_CYTOARCHITECTONIC_ATLAS_V3_1_ACBL_VENTRAL_STRIATUM_LATERAL_ACCUMBENS,"AcbL (Ventral Striatum, Lateral Accumbens) left",left,105.47020698465647,0.2610052598807532,0.025545723992276313,0.17773961194256518,0.0928932719146265,same
219,NGIQ-BR-00000019,BG_L_6_1,left,5,VP_VENTRAL_PALLIDUM_LEFT.nii.gz,JULICH_BRAIN_CYTOARCHITECTONIC_ATLAS_V3_1_VP_VENTRAL_PALLIDUM,VP (Ventral Pallidum) left,left,79.02501742015538,0.17734993649239875,0.01914048849637509,0.11755616089556321,0.06817737051259287,same
219,NGIQ-BR-00000019,BG_L_6_1,left,6,ACBM_VENTRAL_STRIATUM_MEDIAL_ACCUMBENS_LEFT.nii.gz,JULICH_BRAIN_CYTOARCHITECTONIC_ATLAS_V3_1_ACBM_VENTRAL_STRIATUM_MEDIAL_ACCUMBENS,"AcbM (Ventral Striatum, Medial Accumbens) left",left,58.79089756152956,0.2854433255154808,0.014239623542063502,0.1496556042686583,0.05401725757823813,same
219,NGIQ-BR-00000019,BG_L_6_1,left,7,CH_4_BASAL_FOREBRAIN_LEFT.nii.gz,JULICH_BRAIN_CYTOARCHITECTONIC_ATLAS_V3_1_CH_4_BASAL_FOREBRAIN,Ch 4 (Basal Forebrain) left,left,35.52855869413504,0.055147903053748476,0.008605299830081858,0.05285621479208524,0.03065209896541128,same
219,NGIQ-BR-00000019,BG_L_6_1,left,8,TUTI_BASAL_FOREBRAIN_TERMINAL_ISLANDS_LEFT.nii.gz,JULICH_BRAIN_CYTOARCHITECTONIC_ATLAS_V3_1_TUTI_BASAL_FOREBRAIN_TERMINAL_ISLANDS,"TuTi (Basal Forebrain, Terminal islands) left",left,31.819991142208714,0.0990048393677965,0.007707055237634969,0.07399367845849857,0.029042159693891838,same
219,NGIQ-BR-00000019,BG_L_6_1,left,9,CM_AMYGDALA_LEFT.nii.gz,JULICH_BRAIN_CYTOARCHITECTONIC_ATLAS_V3_1_CM_AMYGDALA,CM (Amygdala) left,left,10.366377633793745,0.018867964833585528,0.002510819210501087,0.016826294909583813,0.009078077681686357,same
219,NGIQ-BR-00000019,BG_L_6_1,left,10,AREA_25_SACC_LEFT.nii.gz,JULICH_BRAIN_CYTOARCHITECTONIC_ATLAS_V3_1_AREA_25_SACC,Area 25 (sACC) left,left,8.179514597197207,0.027521605183362254,0.0019811435690193792,0.016553235764126113,0.0073707275567596745,same
220,NGIQ-BR-00000221,BG_R_6_1,right,1,FUP_VENTRAL_STRIATUM_FUNDUS_OF_PUTAMEN_RIGHT.nii.gz,JULICH_BRAIN_CYTOARCHITECTONIC_ATLAS_V3_1_FUP_VENTRAL_STRIATUM_FUNDUS_OF_PUTAMEN,"FuP (Ventral Striatum, Fundus of Putamen) right",right,339.19665561897233,0.2598353790709841,0.09803548324153628,0.35423326999097443,0.34337172536219085,same
220,NGIQ-BR-00000221,BG_R_6_1,right,2,FUCD_VENTRAL_STRIATUM_FUNDUS_OF_CAUDATE_NUCLEUS_RIGHT.nii.gz,JULICH_BRAIN_CYTOARCHITECTONIC_ATLAS_V3_1_FUCD_VENTRAL_STRIATUM_FUNDUS_OF_CAUDATE_NUCLEUS,"FuCd (Ventral Striatum, Fundus of Caudate Nucleus) right",right,322.7814959762074,0.42315088308250615,0.09329113190019184,0.4796282671850573,0.40382370489641084,same
220,NGIQ-BR-00000221,BG_R_6_1,right,3,VP_VENTRAL_PALLIDUM_RIGHT.nii.gz,JULICH_BRAIN_CYTOARCHITECTONIC_ATLAS_V3_1_VP_VENTRAL_PALLIDUM,VP (Ventral Pallidum) right,right,67.200473595535,0.1363143850185099,0.0194224524147398,0.12163152742024173,0.09089523897847746,same
220,NGIQ-BR-00000221,BG_R_6_1,right,4,FRONTAL_TO_TEMPORAL_II_GAPMAP_RIGHT.nii.gz,JULICH_BRAIN_CYTOARCHITECTONIC_ATLAS_V3_1_FRONTAL_TO_TEMPORAL_II_GAPMAP,Frontal-to-Temporal-II (GapMap) right,right,46.14142035930548,0.004699019935644856,0.013335911092993572,0.016150106053936582,0.011735248094172373,same
220,NGIQ-BR-00000221,BG_R_6_1,right,5,ACBL_VENTRAL_STRIATUM_LATERAL_ACCUMBENS_RIGHT.nii.gz,JULICH_BRAIN_CYTOARCHITECTONIC_ATLAS_V3_1_ACBL_VENTRAL_STRIATUM_LATERAL_ACCUMBENS,"AcbL (Ventral Striatum, Lateral Accumbens) right",right,38.52882586871165,0.10117263790945401,0.011135699601387463,0.09030208604443116,0.05589892431642955,same
220,NGIQ-BR-00000221,BG_R_6_1,right,6,ACBM_VENTRAL_STRIATUM_MEDIAL_ACCUMBENS_RIGHT.nii.gz,JULICH_BRAIN_CYTOARCHITECTONIC_ATLAS_V3_1_ACBM_VENTRAL_STRIATUM_MEDIAL_ACCUMBENS,"AcbM (Ventral Striatum, Medial Accumbens) right",right,23.216411073207475,0.12202094062646722,0.006710066390668574,0.08277709857545469,0.03586908894575311,same
220,NGIQ-BR-00000221,BG_R_6_1,right,7,BST_BASAL_FOREBRAIN_BED_NUCLEUS_RIGHT.nii.gz,JULICH_BRAIN_CYTOARCHITECTONIC_ATLAS_V3_1_BST_BASAL_FOREBRAIN_BED_NUCLEUS,"BST (Basal Forebrain, Bed Nucleus) right",right,14.89120986660286,0.10765794778201945,0.004303895486998692,0.054170988932397114,0.02305156177391094,same
220,NGIQ-BR-00000221,BG_R_6_1,right,8,TUTI_BASAL_FOREBRAIN_TERMINAL_ISLANDS_RIGHT.nii.gz,JULICH_BRAIN_CYTOARCHITECTONIC_ATLAS_V3_1_TUTI_BASAL_FOREBRAIN_TERMINAL_ISLANDS,"TuTi (Basal Forebrain, Terminal islands) right",right,9.740845818129618,0.02696602503313401,0.002815324122872106,0.027971965605750562,0.014657475242481148,same
220,NGIQ-BR-00000221,BG_R_6_1,right,9,CM_AMYGDALA_RIGHT.nii.gz,JULICH_BRAIN_CYTOARCHITECTONIC_ATLAS_V3_1_CM_AMYGDALA,CM (Amygdala) right,right,7.38883005790879,0.011272376829257878,0.0021355385240896243,0.01375927540586705,0.010087649263015334,same
220,NGIQ-BR-00000221,BG_R_6_1,right,10,CH_4_BASAL_FOREBRAIN_RIGHT.nii.gz,JULICH_BRAIN_CYTOARCHITECTONIC_ATLAS_V3_1_CH_4_BASAL_FOREBRAIN,Ch 4 (Basal Forebrain) right,right,6.229066416264746,0.028277854161265485,0.0018003406759650325,0.01938932520764058,0.009477791301159381,same
221,NGIQ-BR-00000222,BG_L_6_2,left,1,CH_4_BASAL_FOREBRAIN_LEFT.nii.gz,JULICH_BRAIN_CYTOARCHITECTONIC_ATLAS_V3_1_CH_4_BASAL_FOREBRAIN,Ch 4 (Basal Forebrain) left,left,52.739066679624784,0.08186228328123096,0.014235747211616169,0.09820760146483762,0.06772926643232358,same
221,NGIQ-BR-00000222,BG_L_6_2,left,2,FUP_VENTRAL_STRIATUM_FUNDUS_OF_PUTAMEN_LEFT.nii.gz,JULICH_BRAIN_CYTOARCHITECTONIC_ATLAS_V3_1_FUP_VENTRAL_STRIATUM_FUNDUS_OF_PUTAMEN,"FuP (Ventral Striatum, Fundus of Putamen) left",left,34.10223551365327,0.02871998570011009,0.009205145913416861,0.035730528337562996,0.0337469322542331,same
221,NGIQ-BR-00000222,BG_L_6_2,left,3,CM_AMYGDALA_LEFT.nii.gz,JULICH_BRAIN_CYTOARCHITECTONIC_ATLAS_V3_1_CM_AMYGDALA,CM (Amygdala) left,left,19.23680095444466,0.035013125774612124,0.005192549902545965,0.03908305623929474,0.025261806426921586,same
221,NGIQ-BR-00000222,BG_L_6_2,left,4,FRONTAL_TO_TEMPORAL_II_GAPMAP_LEFT.nii.gz,JULICH_BRAIN_CYTOARCHITECTONIC_ATLAS_V3_1_FRONTAL_TO_TEMPORAL_II_GAPMAP,Frontal-to-Temporal-II (GapMap) left,left,19.194129647350138,0.0016089975390469258,0.005181031724860398,0.005649034423116611,0.00386130524454143,same
221,NGIQ-BR-00000222,BG_L_6_2,left,5,VP_VENTRAL_PALLIDUM_LEFT.nii.gz,JULICH_BRAIN_CYTOARCHITECTONIC_ATLAS_V3_1_VP_VENTRAL_PALLIDUM,VP (Ventral Pallidum) left,left,13.617113126781431,0.030559868597112773,0.0036756391879747205,0.02535479101609446,0.01748713181574104,same
221,NGIQ-BR-00000222,BG_L_6_2,left,6,RT_THALAMUS_RETICULAR_NUCLEUS_LEFT.nii.gz,JULICH_BRAIN_CYTOARCHITECTONIC_ATLAS_V3_1_RT_THALAMUS_RETICULAR_NUCLEUS,"Rt (Thalamus, reticular Nucleus) left",left,4.387397122244217,0.003293209894571219,0.0011842810326670211,0.005440952966757478,0.004803192656105744,same
221,NGIQ-BR-00000222,BG_L_6_2,left,7,AREA_ID6_INSULA_LEFT.nii.gz,JULICH_BRAIN_CYTOARCHITECTONIC_ATLAS_V3_1_AREA_ID6_INSULA,Area Id6 (Insula) left,left,4.348935007375451,0.0020589418397568156,0.001173899033534916,0.0037154430572217054,0.003680779481272481,same
221,NGIQ-BR-00000222,BG_L_6_2,left,8,ASTR_AMYGDALA_LEFT.nii.gz,JULICH_BRAIN_CYTOARCHITECTONIC_ATLAS_V3_1_ASTR_AMYGDALA,Astr (Amygdala) left,left,4.269192748680786,0.01385420307096403,0.0011523743705416074,0.011739033657022977,0.005925082823937274,same
221,NGIQ-BR-00000222,BG_L_6_2,left,9,VLP_THALAMUS_VENTRAL_LATERAL_POSTERIOR_NUCLEUS_LEFT.nii.gz,JULICH_BRAIN_CYTOARCHITECTONIC_ATLAS_V3_1_VLP_THALAMUS_VENTRAL_LATERAL_POSTERIOR_NUCLEUS,"VLP (Thalamus, ventral lateral posterior Nucleus) left",left,3.4144769873453846,0.001962010755696414,0.0009216627125202561,0.0035290243531444494,0.0033478069347661994,same
221,NGIQ-BR-00000222,BG_L_6_2,left,10,AREA_ID5_INSULA_LEFT.nii.gz,JULICH_BRAIN_CYTOARCHITECTONIC_ATLAS_V3_1_AREA_ID5_INSULA,Area Id5 (Insula) left,left,2.3884108396994437,0.0046940213579917895,0.0006446987990513883,0.004554385442794694,0.0030870171566601268,same
222,NGIQ-BR-00000223,BG_R_6_2,right,1,FUP_VENTRAL_STRIATUM_FUNDUS_OF_PUTAMEN_RIGHT.nii.gz,JULICH_BRAIN_CYTOARCHITECTONIC_ATLAS_V3_1_FUP_VENTRAL_STRIATUM_FUNDUS_OF_PUTAMEN,"FuP (Ventral Striatum, Fundus of Putamen) right",right,34.76020498049815,0.02662741771793478,0.010723320140083918,0.03537749994723798,0.03406566795537533,same
222,NGIQ-BR-00000223,BG_R_6_2,right,2,FRONTAL_TO_TEMPORAL_II_GAPMAP_RIGHT.nii.gz,JULICH_BRAIN_CYTOARCHITECTONIC_ATLAS_V3_1_FRONTAL_TO_TEMPORAL_II_GAPMAP,Frontal-to-Temporal-II (GapMap) right,right,13.803913289162086,0.001405783853868818,0.004258426596410781,0.004708620244766688,0.0034819564218231984,same
222,NGIQ-BR-00000223,BG_R_6_2,right,3,VP_VENTRAL_PALLIDUM_RIGHT.nii.gz,JULICH_BRAIN_CYTOARCHITECTONIC_ATLAS_V3_1_VP_VENTRAL_PALLIDUM,VP (Ventral Pallidum) right,right,13.520002229329755,0.02742496727675474,0.004170841693283752,0.0238483102849924,0.01751601748342187,same
222,NGIQ-BR-00000223,BG_R_6_2,right,4,CM_AMYGDALA_RIGHT.nii.gz,JULICH_BRAIN_CYTOARCHITECTONIC_ATLAS_V3_1_CM_AMYGDALA,CM (Amygdala) right,right,9.173098234179244,0.01399445097221979,0.002829847208804717,0.01664726732435138,0.01199081756878581,same
222,NGIQ-BR-00000223,BG_R_6_2,right,5,AREA_ID5_INSULA_RIGHT.nii.gz,JULICH_BRAIN_CYTOARCHITECTONIC_ATLAS_V3_1_AREA_ID5_INSULA,Area Id5 (Insula) right,right,8.164720541129741,0.009950629260258954,0.0025187685822328737,0.01178152735522253,0.00979955841732694,same
222,NGIQ-BR-00000223,BG_R_6_2,right,6,CH_4_BASAL_FOREBRAIN_RIGHT.nii.gz,JULICH_BRAIN_CYTOARCHITECTONIC_ATLAS_V3_1_CH_4_BASAL_FOREBRAIN,Ch 4 (Basal Forebrain) right,right,4.748401470555657,0.021556136234621992,0.001464854109778148,0.01440436732644811,0.00688398743671632,same
222,NGIQ-BR-00000223,BG_R_6_2,right,7,AREA_ID6_INSULA_RIGHT.nii.gz,JULICH_BRAIN_CYTOARCHITECTONIC_ATLAS_V3_1_AREA_ID6_INSULA,Area Id6 (Insula) right,right,3.4669533513728887,0.001627970179696959,0.0010695348522359474,0.003001890815594616,0.0029821491856565343,same
222,NGIQ-BR-00000223,BG_R_6_2,right,8,ASTR_AMYGDALA_RIGHT.nii.gz,JULICH_BRAIN_CYTOARCHITECTONIC_ATLAS_V3_1_ASTR_AMYGDALA,Astr (Amygdala) right,right,3.0582043404592447,0.008141921195581478,0.0009434381706016251,0.007355218519642635,0.004279883176023312,same
222,NGIQ-BR-00000223,BG_R_6_2,right,9,VA_THALAMUS_VENTRAL_ANTERIOR_NUCLEUS_VENTRAL_RIGHT.nii.gz,JULICH_BRAIN_CYTOARCHITECTONIC_ATLAS_V3_1_VA_THALAMUS_VENTRAL_ANTERIOR_NUCLEUS_VENTRAL,"VA (Thalamus, ventral anterior Nucleus (ventral)) right",right,2.109779848764777,0.002322569741665581,0.0006508547563541529,0.0035779562879551955,0.0026978722603462407,same
222,NGIQ-BR-00000223,BG_R_6_2,right,10,RT_THALAMUS_RETICULAR_NUCLEUS_RIGHT.nii.gz,JULICH_BRAIN_CYTOARCHITECTONIC_ATLAS_V3_1_RT_THALAMUS_RETICULAR_NUCLEUS,"Rt (Thalamus, reticular Nucleus) right",right,1.9460631374618074,0.0013008737321970072,0.0006003491074787106,0.002240710097166561,0.0020726581921935434,same
223,NGIQ-BR-00000224,BG_L_6_3,left,1,FRONTAL_TO_TEMPORAL_II_GAPMAP_LEFT.nii.gz,JULICH_BRAIN_CYTOARCHITECTONIC_ATLAS_V3_1_FRONTAL_TO_TEMPORAL_II_GAPMAP,Frontal-to-Temporal-II (GapMap) left,left,623.6354318240059,0.05227785231750904,0.25447925697416673,0.20647568580322861,0.12911555168944316,same
223,NGIQ-BR-00000224,BG_L_6_3,left,2,ACBL_VENTRAL_STRIATUM_LATERAL_ACCUMBENS_LEFT.nii.gz,JULICH_BRAIN_CYTOARCHITECTONIC_ATLAS_V3_1_ACBL_VENTRAL_STRIATUM_LATERAL_ACCUMBENS,"AcbL (Ventral Striatum, Lateral Accumbens) left",left,251.50734908807794,0.6224007981723495,0.10262951726825335,0.5968038868302667,0.4095273837425275,same
223,NGIQ-BR-00000224,BG_L_6_3,left,3,FUP_VENTRAL_STRIATUM_FUNDUS_OF_PUTAMEN_LEFT.nii.gz,JULICH_BRAIN_CYTOARCHITECTONIC_ATLAS_V3_1_FUP_VENTRAL_STRIATUM_FUNDUS_OF_PUTAMEN,"FuP (Ventral Striatum, Fundus of Putamen) left",left,225.63195709026812,0.19002116675095812,0.09207086361661766,0.265943596397742,0.2594384551327022,same
223,NGIQ-BR-00000224,BG_L_6_3,left,4,FUCD_VENTRAL_STRIATUM_FUNDUS_OF_CAUDATE_NUCLEUS_LEFT.nii.gz,JULICH_BRAIN_CYTOARCHITECTONIC_ATLAS_V3_1_FUCD_VENTRAL_STRIATUM_FUNDUS_OF_CAUDATE_NUCLEUS,"FuCd (Ventral Striatum, Fundus of Caudate Nucleus) left",left,190.70778839985834,0.24379130937326193,0.07781978671294994,0.29352221734889977,0.2614603214831097,same
223,NGIQ-BR-00000224,BG_L_6_3,left,5,CH_4_BASAL_FOREBRAIN_LEFT.nii.gz,JULICH_BRAIN_CYTOARCHITECTONIC_ATLAS_V3_1_CH_4_BASAL_FOREBRAIN,Ch 4 (Basal Forebrain) left,left,136.36247927501734,0.21166366054891048,0.05564376338202445,0.28565372494668734,0.21378796869700037,same
223,NGIQ-BR-00000224,BG_L_6_3,left,6,TUTI_BASAL_FOREBRAIN_TERMINAL_ISLANDS_LEFT.nii.gz,JULICH_BRAIN_CYTOARCHITECTONIC_ATLAS_V3_1_TUTI_BASAL_FOREBRAIN_TERMINAL_ISLANDS,"TuTi (Basal Forebrain, Terminal islands) left",left,130.27176266814288,0.4053280492592853,0.05315839940579188,0.426551414956314,0.22679723362614582,same
223,NGIQ-BR-00000224,BG_L_6_3,left,7,ACBM_VENTRAL_STRIATUM_MEDIAL_ACCUMBENS_LEFT.nii.gz,JULICH_BRAIN_CYTOARCHITECTONIC_ATLAS_V3_1_ACBM_VENTRAL_STRIATUM_MEDIAL_ACCUMBENS,"AcbM (Ventral Striatum, Medial Accumbens) left",left,118.7788812140586,0.5766987792500554,0.048468640319504236,0.42574411980598553,0.20944158938999388,same
223,NGIQ-BR-00000224,BG_L_6_3,left,8,VP_VENTRAL_PALLIDUM_LEFT.nii.gz,JULICH_BRAIN_CYTOARCHITECTONIC_ATLAS_V3_1_VP_VENTRAL_PALLIDUM,VP (Ventral Pallidum) left,left,107.8266308891651,0.24198724359288032,0.043999489943102085,0.22585690046773713,0.16904476228899507,same
223,NGIQ-BR-00000224,BG_L_6_3,left,9,CM_AMYGDALA_LEFT.nii.gz,JULICH_BRAIN_CYTOARCHITECTONIC_ATLAS_V3_1_CM_AMYGDALA,CM (Amygdala) left,left,48.269660304690284,0.08785617168614682,0.019696807881498846,0.11032203066662526,0.07777118183105863,same
223,NGIQ-BR-00000224,BG_L_6_3,left,10,AREA_25_SACC_LEFT.nii.gz,JULICH_BRAIN_CYTOARCHITECTONIC_ATLAS_V3_1_AREA_25_SACC,Area 25 (sACC) left,left,45.02394162788749,0.1514920146613674,0.018372367294785925,0.1282996333992424,0.07650902104772903,same
224,NGIQ-BR-00000225,BG_R_6_3,right,1,FRONTAL_TO_TEMPORAL_II_GAPMAP_RIGHT.nii.gz,JULICH_BRAIN_CYTOARCHITECTONIC_ATLAS_V3_1_FRONTAL_TO_TEMPORAL_II_GAPMAP,Frontal-to-Temporal-II (GapMap) right,right,653.7434223986853,0.06657691399022111,0.22432335332837094,0.19592977914253076,0.15730978645964705,same
224,NGIQ-BR-00000225,BG_R_6_3,right,2,FUP_VENTRAL_STRIATUM_FUNDUS_OF_PUTAMEN_RIGHT.nii.gz,JULICH_BRAIN_CYTOARCHITECTONIC_ATLAS_V3_1_FUP_VENTRAL_STRIATUM_FUNDUS_OF_PUTAMEN,"FuP (Ventral Striatum, Fundus of Putamen) right",right,352.3634407984409,0.2699215534526576,0.12090882435223126,0.3150919631464515,0.2907898479916179,same
224,NGIQ-BR-00000225,BG_R_6_3,right,3,ACBL_VENTRAL_STRIATUM_LATERAL_ACCUMBENS_RIGHT.nii.gz,JULICH_BRAIN_CYTOARCHITECTONIC_ATLAS_V3_1_ACBL_VENTRAL_STRIATUM_LATERAL_ACCUMBENS,"AcbL (Ventral Striatum, Lateral Accumbens) right",right,293.43511423301027,0.7705296980338097,0.10068835349428493,0.5888881139403642,0.3213389467867494,same
224,NGIQ-BR-00000225,BG_R_6_3,right,4,FUCD_VENTRAL_STRIATUM_FUNDUS_OF_CAUDATE_NUCLEUS_RIGHT.nii.gz,JULICH_BRAIN_CYTOARCHITECTONIC_ATLAS_V3_1_FUCD_VENTRAL_STRIATUM_FUNDUS_OF_CAUDATE_NUCLEUS,"FuCd (Ventral Striatum, Fundus of Caudate Nucleus) right",right,268.67673189673275,0.35222216199842044,0.09219284415779075,0.3418494573226325,0.26258015749905134,same
224,NGIQ-BR-00000225,BG_R_6_3,right,5,TUTI_BASAL_FOREBRAIN_TERMINAL_ISLANDS_RIGHT.nii.gz,JULICH_BRAIN_CYTOARCHITECTONIC_ATLAS_V3_1_TUTI_BASAL_FOREBRAIN_TERMINAL_ISLANDS,"TuTi (Basal Forebrain, Terminal islands) right",right,213.69369644269963,0.5915779466472713,0.07332614742841312,0.5254443482592678,0.2405187230266938,same
224,NGIQ-BR-00000225,BG_R_6_3,right,6,ACBM_VENTRAL_STRIATUM_MEDIAL_ACCUMBENS_RIGHT.nii.gz,JULICH_BRAIN_CYTOARCHITECTONIC_ATLAS_V3_1_ACBM_VENTRAL_STRIATUM_MEDIAL_ACCUMBENS,"AcbM (Ventral Striatum, Medial Accumbens) right",right,150.18165464932866,0.7893255640316588,0.05153283570445677,0.45850143281243144,0.1723929223903415,same
224,NGIQ-BR-00000225,BG_R_6_3,right,7,VP_VENTRAL_PALLIDUM_RIGHT.nii.gz,JULICH_BRAIN_CYTOARCHITECTONIC_ATLAS_V3_1_VP_VENTRAL_PALLIDUM,VP (Ventral Pallidum) right,right,125.508809129722,0.254591302940763,0.04306667718801099,0.19451662824512822,0.1303008959371971,same
224,NGIQ-BR-00000225,BG_R_6_3,right,8,CH_123_BASAL_FOREBRAIN_RIGHT.nii.gz,JULICH_BRAIN_CYTOARCHITECTONIC_ATLAS_V3_1_CH_123_BASAL_FOREBRAIN,Ch 123 (Basal Forebrain) right,right,118.14839447089308,0.4170876439666245,0.04054104887331589,0.3110182042652972,0.13392674295436488,same
224,NGIQ-BR-00000225,BG_R_6_3,right,9,AREA_25_SACC_RIGHT.nii.gz,JULICH_BRAIN_CYTOARCHITECTONIC_ATLAS_V3_1_AREA_25_SACC,Area 25 (sACC) right,right,87.4765673422846,0.2624287647465805,0.03001641967100242,0.19540468337329853,0.09731517645664234,same
224,NGIQ-BR-00000225,BG_R_6_3,right,10,AREA_33_ACC_RIGHT.nii.gz,JULICH_BRAIN_CYTOARCHITECTONIC_ATLAS_V3_1_AREA_33_ACC,Area 33 (ACC) right,right,82.79178943658887,0.06364638133322303,0.028408900492379718,0.09787012104155839,0.07867105654518343,same
225,NGIQ-BR-00000226,BG_L_6_4,left,1,FUP_VENTRAL_STRIATUM_FUNDUS_OF_PUTAMEN_LEFT.nii.gz,JULICH_BRAIN_CYTOARCHITECTONIC_ATLAS_V3_1_FUP_VENTRAL_STRIATUM_FUNDUS_OF_PUTAMEN,"FuP (Ventral Striatum, Fundus of Putamen) left",left,282.23914051389346,0.2376942143961524,0.08895021164981032,0.33902071817007334,0.33205023464155203,same
225,NGIQ-BR-00000226,BG_L_6_4,left,2,FRONTAL_TO_TEMPORAL_II_GAPMAP_LEFT.nii.gz,JULICH_BRAIN_CYTOARCHITECTONIC_ATLAS_V3_1_FRONTAL_TO_TEMPORAL_II_GAPMAP,Frontal-to-Temporal-II (GapMap) left,left,72.34993998394962,0.006064920760834755,0.022801736366918245,0.024411607713111284,0.01504046570125136,same
225,NGIQ-BR-00000226,BG_L_6_4,left,3,CH_4_BASAL_FOREBRAIN_LEFT.nii.gz,JULICH_BRAIN_CYTOARCHITECTONIC_ATLAS_V3_1_CH_4_BASAL_FOREBRAIN,Ch 4 (Basal Forebrain) left,left,48.03395054489126,0.07455893921121819,0.015138332902959913,0.1025447382881648,0.07770779770544269,same
225,NGIQ-BR-00000226,BG_L_6_4,left,4,VP_VENTRAL_PALLIDUM_LEFT.nii.gz,JULICH_BRAIN_CYTOARCHITECTONIC_ATLAS_V3_1_VP_VENTRAL_PALLIDUM,VP (Ventral Pallidum) left,left,35.96084072174961,0.08070422540127066,0.011333383411955528,0.07676393626999233,0.05817455068457739,same
225,NGIQ-BR-00000226,BG_L_6_4,left,5,FUCD_VENTRAL_STRIATUM_FUNDUS_OF_CAUDATE_NUCLEUS_LEFT.nii.gz,JULICH_BRAIN_CYTOARCHITECTONIC_ATLAS_V3_1_FUCD_VENTRAL_STRIATUM_FUNDUS_OF_CAUDATE_NUCLEUS,"FuCd (Ventral Striatum, Fundus of Caudate Nucleus) left",left,23.222279182393443,0.029686201575768182,0.007318710808514522,0.03642482410424871,0.032721700815070365,same
225,NGIQ-BR-00000226,BG_L_6_4,left,6,CM_AMYGDALA_LEFT.nii.gz,JULICH_BRAIN_CYTOARCHITECTONIC_ATLAS_V3_1_CM_AMYGDALA,CM (Amygdala) left,left,11.713336858466494,0.02131958102790106,0.0036915637951173198,0.027282785548866997,0.019491098792769803,same
225,NGIQ-BR-00000226,BG_L_6_4,left,7,ASTR_AMYGDALA_LEFT.nii.gz,JULICH_BRAIN_CYTOARCHITECTONIC_ATLAS_V3_1_ASTR_AMYGDALA,Astr (Amygdala) left,left,6.185379864875105,0.020072532153885936,0.0019493782723166708,0.01949868713463959,0.011045526132414081,same
225,NGIQ-BR-00000226,BG_L_6_4,left,8,TUTI_BASAL_FOREBRAIN_TERMINAL_ISLANDS_LEFT.nii.gz,JULICH_BRAIN_CYTOARCHITECTONIC_ATLAS_V3_1_TUTI_BASAL_FOREBRAIN_TERMINAL_ISLANDS,"TuTi (Basal Forebrain, Terminal islands) left",left,3.6919250220764765,0.01148706931234106,0.0011635434812868118,0.012319527220846877,0.006655796399718381,same
225,NGIQ-BR-00000226,BG_L_6_4,left,9,AREA_ID6_INSULA_LEFT.nii.gz,JULICH_BRAIN_CYTOARCHITECTONIC_ATLAS_V3_1_AREA_ID6_INSULA,Area Id6 (Insula) left,left,2.311473471692549,0.0010943344598814467,0.0007284817199896941,0.002263961388334284,0.002263961139462727,same
225,NGIQ-BR-00000226,BG_L_6_4,left,10,ACBL_VENTRAL_STRIATUM_LATERAL_ACCUMBENS_LEFT.nii.gz,JULICH_BRAIN_CYTOARCHITECTONIC_ATLAS_V3_1_ACBL_VENTRAL_STRIATUM_LATERAL_ACCUMBENS,"AcbL (Ventral Striatum, Lateral Accumbens) left",left,2.1863008861423627,0.005410400218974852,0.000689032450277597,0.005287020148983329,0.00367794034471662,same
226,NGIQ-BR-00000227,BG_R_6_4,right,1,FUP_VENTRAL_STRIATUM_FUNDUS_OF_PUTAMEN_RIGHT.nii.gz,JULICH_BRAIN_CYTOARCHITECTONIC_ATLAS_V3_1_FUP_VENTRAL_STRIATUM_FUNDUS_OF_PUTAMEN,"FuP (Ventral Striatum, Fundus of Putamen) right",right,267.0579272483475,0.2045748288227061,0.09461265394688044,0.34179054427771705,0.34140519064806907,same
226,NGIQ-BR-00000227,BG_R_6_4,right,2,FRONTAL_TO_TEMPORAL_II_GAPMAP_RIGHT.nii.gz,JULICH_BRAIN_CYTOARCHITECTONIC_ATLAS_V3_1_FRONTAL_TO_TEMPORAL_II_GAPMAP,Frontal-to-Temporal-II (GapMap) right,right,53.56916574040183,0.005455457933237332,0.0189783579639128,0.022978204249826086,0.014376135145112321,same
226,NGIQ-BR-00000227,BG_R_6_4,right,3,VP_VENTRAL_PALLIDUM_RIGHT.nii.gz,JULICH_BRAIN_CYTOARCHITECTONIC_ATLAS_V3_1_VP_VENTRAL_PALLIDUM,VP (Ventral Pallidum) right,right,47.42545823784871,0.09620128889006684,0.016801779729074023,0.10519670714141516,0.08886022753837156,same
226,NGIQ-BR-00000227,BG_R_6_4,right,4,FUCD_VENTRAL_STRIATUM_FUNDUS_OF_CAUDATE_NUCLEUS_RIGHT.nii.gz,JULICH_BRAIN_CYTOARCHITECTONIC_ATLAS_V3_1_FUCD_VENTRAL_STRIATUM_FUNDUS_OF_CAUDATE_NUCLEUS,"FuCd (Ventral Striatum, Fundus of Caudate Nucleus) right",right,27.687601786276687,0.03629710281522258,0.009809098398296037,0.05041946856843782,0.046635400131951305,same
226,NGIQ-BR-00000227,BG_R_6_4,right,5,ACBL_VENTRAL_STRIATUM_LATERAL_ACCUMBENS_RIGHT.nii.gz,JULICH_BRAIN_CYTOARCHITECTONIC_ATLAS_V3_1_ACBL_VENTRAL_STRIATUM_LATERAL_ACCUMBENS,"AcbL (Ventral Striatum, Lateral Accumbens) right",right,9.573725264041089,0.025139593998632526,0.003391756854859777,0.02749854733916619,0.019794761371613435,same
226,NGIQ-BR-00000227,BG_R_6_4,right,6,CM_AMYGDALA_RIGHT.nii.gz,JULICH_BRAIN_CYTOARCHITECTONIC_ATLAS_V3_1_CM_AMYGDALA,CM (Amygdala) right,right,8.456498193973053,0.012901208114317095,0.0029959482778609135,0.01929866330367176,0.01605094338584144,same
226,NGIQ-BR-00000227,BG_R_6_4,right,7,CH_4_BASAL_FOREBRAIN_RIGHT.nii.gz,JULICH_BRAIN_CYTOARCHITECTONIC_ATLAS_V3_1_CH_4_BASAL_FOREBRAIN,Ch 4 (Basal Forebrain) right,right,7.258892604138519,0.03295291665154619,0.00257166338804937,0.027690250690470656,0.016073071023685704,same
226,NGIQ-BR-00000227,BG_R_6_4,right,8,ASTR_AMYGDALA_RIGHT.nii.gz,JULICH_BRAIN_CYTOARCHITECTONIC_ATLAS_V3_1_ASTR_AMYGDALA,Astr (Amygdala) right,right,7.011802977989648,0.01866766930203304,0.0024841250568207775,0.021206477870275166,0.014718413912051679,same
226,NGIQ-BR-00000227,BG_R_6_4,right,9,TUTI_BASAL_FOREBRAIN_TERMINAL_ISLANDS_RIGHT.nii.gz,JULICH_BRAIN_CYTOARCHITECTONIC_ATLAS_V3_1_TUTI_BASAL_FOREBRAIN_TERMINAL_ISLANDS,"TuTi (Basal Forebrain, Terminal islands) right",right,5.013281339125145,0.013878493984308885,0.0017760935141083168,0.017642705179133137,0.010923236114029122,same
226,NGIQ-BR-00000227,BG_R_6_4,right,10,ACBM_VENTRAL_STRIATUM_MEDIAL_ACCUMBENS_RIGHT.nii.gz,JULICH_BRAIN_CYTOARCHITECTONIC_ATLAS_V3_1_ACBM_VENTRAL_STRIATUM_MEDIAL_ACCUMBENS,"AcbM (Ventral Striatum, Medial Accumbens) right",right,3.034564495519077,0.015949080715676803,0.0010750783676495895,0.013259534279109855,0.006871054927961604,same
227,NGIQ-BR-00000228,BG_L_6_5,left,1,FUP_VENTRAL_STRIATUM_FUNDUS_OF_PUTAMEN_LEFT.nii.gz,JULICH_BRAIN_CYTOARCHITECTONIC_ATLAS_V3_1_FUP_VENTRAL_STRIATUM_FUNDUS_OF_PUTAMEN,"FuP (Ventral Striatum, Fundus of Putamen) left",left,26.15646395776271,0.022028270566943686,0.006382245700630742,0.02444538534024386,0.02211153493712648,same
227,NGIQ-BR-00000228,BG_L_6_5,left,2,FUCD_VENTRAL_STRIATUM_FUNDUS_OF_CAUDATE_NUCLEUS_LEFT.nii.gz,JULICH_BRAIN_CYTOARCHITECTONIC_ATLAS_V3_1_FUCD_VENTRAL_STRIATUM_FUNDUS_OF_CAUDATE_NUCLEUS,"FuCd (Ventral Striatum, Fundus of Caudate Nucleus) left",left,24.856027663245666,0.03177470401541913,0.006064935839365553,0.03033424580889275,0.023839644253502813,same
227,NGIQ-BR-00000228,BG_L_6_5,left,3,CH_4_BASAL_FOREBRAIN_LEFT.nii.gz,JULICH_BRAIN_CYTOARCHITECTONIC_ATLAS_V3_1_CH_4_BASAL_FOREBRAIN,Ch 4 (Basal Forebrain) left,left,18.058886570186104,0.028031244791128146,0.004406415613244342,0.029996107501126745,0.018987783608390218,same
227,NGIQ-BR-00000228,BG_L_6_5,left,4,FRONTAL_TO_TEMPORAL_II_GAPMAP_LEFT.nii.gz,JULICH_BRAIN_CYTOARCHITECTONIC_ATLAS_V3_1_FRONTAL_TO_TEMPORAL_II_GAPMAP,Frontal-to-Temporal-II (GapMap) left,left,14.449997286319931,0.0012113083791810964,0.003525837177519984,0.0037934540643467583,0.0028094819083655503,same
227,NGIQ-BR-00000228,BG_L_6_5,left,5,VP_VENTRAL_PALLIDUM_LEFT.nii.gz,JULICH_BRAIN_CYTOARCHITECTONIC_ATLAS_V3_1_VP_VENTRAL_PALLIDUM,VP (Ventral Pallidum) left,left,9.644895616115324,0.02164531791115554,0.0023533797870532,0.01601894050069293,0.010140802524695066,same
227,NGIQ-BR-00000228,BG_L_6_5,left,6,CM_AMYGDALA_LEFT.nii.gz,JULICH_BRAIN_CYTOARCHITECTONIC_ATLAS_V3_1_CM_AMYGDALA,CM (Amygdala) left,left,7.630604667953987,0.013888552551337047,0.0018618875209547928,0.013828525881618717,0.008170669917506377,same
227,NGIQ-BR-00000228,BG_L_6_5,left,7,RT_THALAMUS_RETICULAR_NUCLEUS_LEFT.nii.gz,JULICH_BRAIN_CYTOARCHITECTONIC_ATLAS_V3_1_RT_THALAMUS_RETICULAR_NUCLEUS,"Rt (Thalamus, reticular Nucleus) left",left,5.756350912373964,0.0043207558497821335,0.0014045646965562923,0.0063676114273943756,0.005301297941071164,same
227,NGIQ-BR-00000228,BG_L_6_5,left,8,AREA_ID6_INSULA_LEFT.nii.gz,JULICH_BRAIN_CYTOARCHITECTONIC_ATLAS_V3_1_AREA_ID6_INSULA,Area Id6 (Insula) left,left,5.713505835676209,0.0027049786204709973,0.0013941103856452684,0.004354032177832139,0.0042199415989699635,same
227,NGIQ-BR-00000228,BG_L_6_5,left,9,VLP_THALAMUS_VENTRAL_LATERAL_POSTERIOR_NUCLEUS_LEFT.nii.gz,JULICH_BRAIN_CYTOARCHITECTONIC_ATLAS_V3_1_VLP_THALAMUS_VENTRAL_LATERAL_POSTERIOR_NUCLEUS,"VLP (Thalamus, ventral lateral posterior Nucleus) left",left,5.442848033263455,0.0031275438148981047,0.0013280691730952706,0.005017853074874597,0.004564925771803439,same
227,NGIQ-BR-00000228,BG_L_6_5,left,10,VA_THALAMUS_VENTRAL_ANTERIOR_NUCLEUS_VENTRAL_LEFT.nii.gz,JULICH_BRAIN_CYTOARCHITECTONIC_ATLAS_V3_1_VA_THALAMUS_VENTRAL_ANTERIOR_NUCLEUS_VENTRAL,"VA (Thalamus, ventral anterior Nucleus (ventral)) left",left,5.096102133511893,0.005634221797191251,0.0012434622655455993,0.007570801896519364,0.005211061544017729,same
228,NGIQ-BR-00000229,BG_R_6_5,right,1,FUCD_VENTRAL_STRIATUM_FUNDUS_OF_CAUDATE_NUCLEUS_RIGHT.nii.gz,JULICH_BRAIN_CYTOARCHITECTONIC_ATLAS_V3_1_FUCD_VENTRAL_STRIATUM_FUNDUS_OF_CAUDATE_NUCLEUS,"FuCd (Ventral Striatum, Fundus of Caudate Nucleus) right",right,74.92716992882453,0.09822588505690595,0.014782201494885839,0.06976730275314708,0.04279236848939496,same
228,NGIQ-BR-00000229,BG_R_6_5,right,2,VA_THALAMUS_VENTRAL_ANTERIOR_NUCLEUS_VENTRAL_RIGHT.nii.gz,JULICH_BRAIN_CYTOARCHITECTONIC_ATLAS_V3_1_VA_THALAMUS_VENTRAL_ANTERIOR_NUCLEUS_VENTRAL,"VA (Thalamus, ventral anterior Nucleus (ventral)) right",right,11.728527719168406,0.012911453112406535,0.002313893079743885,0.012789419393386884,0.006894660080775362,same
228,NGIQ-BR-00000229,BG_R_6_5,right,3,RT_THALAMUS_RETICULAR_NUCLEUS_RIGHT.nii.gz,JULICH_BRAIN_CYTOARCHITECTONIC_ATLAS_V3_1_RT_THALAMUS_RETICULAR_NUCLEUS,"Rt (Thalamus, reticular Nucleus) right",right,10.556188418743876,0.007056435097977737,0.002082605073327642,0.007815293964974879,0.005681453850195756,same
228,NGIQ-BR-00000229,BG_R_6_5,right,4,BST_BASAL_FOREBRAIN_BED_NUCLEUS_RIGHT.nii.gz,JULICH_BRAIN_CYTOARCHITECTONIC_ATLAS_V3_1_BST_BASAL_FOREBRAIN_BED_NUCLEUS,"BST (Basal Forebrain, Bed Nucleus) right",right,8.400632812741717,0.06073347275283463,0.001657340682164556,0.019149844225183458,0.005258184780505759,same
228,NGIQ-BR-00000229,BG_R_6_5,right,5,FUP_VENTRAL_STRIATUM_FUNDUS_OF_PUTAMEN_RIGHT.nii.gz,JULICH_BRAIN_CYTOARCHITECTONIC_ATLAS_V3_1_FUP_VENTRAL_STRIATUM_FUNDUS_OF_PUTAMEN,"FuP (Ventral Striatum, Fundus of Putamen) right",right,8.306615059145555,0.00636313016928551,0.0016387921452443012,0.005435986070328664,0.004282919199806337,same
228,NGIQ-BR-00000229,BG_R_6_5,right,6,VP_VENTRAL_PALLIDUM_RIGHT.nii.gz,JULICH_BRAIN_CYTOARCHITECTONIC_ATLAS_V3_1_VP_VENTRAL_PALLIDUM,VP (Ventral Pallidum) right,right,8.015291425884614,0.016258806865554472,0.0015813176049516914,0.009090957085592119,0.004740105886244992,same
228,NGIQ-BR-00000229,BG_R_6_5,right,7,CM_AMYGDALA_RIGHT.nii.gz,JULICH_BRAIN_CYTOARCHITECTONIC_ATLAS_V3_1_CM_AMYGDALA,CM (Amygdala) right,right,6.108275094867662,0.009318766043674131,0.0012050869307395344,0.007127790673621203,0.003627032522030063,same
228,NGIQ-BR-00000229,BG_R_6_5,right,8,FRONTAL_TO_TEMPORAL_II_GAPMAP_RIGHT.nii.gz,JULICH_BRAIN_CYTOARCHITECTONIC_ATLAS_V3_1_FRONTAL_TO_TEMPORAL_II_GAPMAP,Frontal-to-Temporal-II (GapMap) right,right,5.990761136601511,0.0006100962170511013,0.001181902884001856,0.0013139622454856866,0.0012267351829840067,same
228,NGIQ-BR-00000229,BG_R_6_5,right,9,VAMC_THALAMUS_VENTRAL_ANTERIOR_NUCLEUS_MAGNOCELLULAR_PART_RIGHT.nii.gz,JULICH_BRAIN_CYTOARCHITECTONIC_ATLAS_V3_1_VAMC_THALAMUS_VENTRAL_ANTERIOR_NUCLEUS_MAGNOCELLULAR_PART,"VAmc (Thalamus, ventral anterior Nucleus, magnocellular part) right",right,5.8533154263790665,0.008035011121246709,0.0011547865497662793,0.0074029101779834565,0.003511979418743897,same
228,NGIQ-BR-00000229,BG_R_6_5,right,10,LP_THALAMUS_LATERAL_POSTERIOR_NUCLEUS_RIGHT.nii.gz,JULICH_BRAIN_CYTOARCHITECTONIC_ATLAS_V3_1_LP_THALAMUS_LATERAL_POSTERIOR_NUCLEUS,"LP (Thalamus, lateral posterior Nucleus) right",right,4.483589658308876,0.0121254772898015,0.0008845566409683817,0.007284901718807201,0.0027551265141074143,same
229,NGIQ-BR-00000230,BG_L_6_6,left,1,FUP_VENTRAL_STRIATUM_FUNDUS_OF_PUTAMEN_LEFT.nii.gz,JULICH_BRAIN_CYTOARCHITECTONIC_ATLAS_V3_1_FUP_VENTRAL_STRIATUM_FUNDUS_OF_PUTAMEN,"FuP (Ventral Striatum, Fundus of Putamen) left",left,139.13272299506616,0.11717383786279562,0.04630423780832492,0.16378244072644846,0.15973155624054805,same
229,NGIQ-BR-00000230,BG_L_6_6,left,2,CH_4_BASAL_FOREBRAIN_LEFT.nii.gz,JULICH_BRAIN_CYTOARCHITECTONIC_ATLAS_V3_1_CH_4_BASAL_FOREBRAIN,Ch 4 (Basal Forebrain) left,left,45.18555313831585,0.07013761873524008,0.015038033849818886,0.09453524036873828,0.07069220876630204,same
229,NGIQ-BR-00000230,BG_L_6_6,left,3,FRONTAL_TO_TEMPORAL_II_GAPMAP_LEFT.nii.gz,JULICH_BRAIN_CYTOARCHITECTONIC_ATLAS_V3_1_FRONTAL_TO_TEMPORAL_II_GAPMAP,Frontal-to-Temporal-II (GapMap) left,left,44.32029192801497,0.0037152630492866528,0.014750069523486311,0.014655136733586625,0.009173377280621182,same
229,NGIQ-BR-00000230,BG_L_6_6,left,4,VP_VENTRAL_PALLIDUM_LEFT.nii.gz,JULICH_BRAIN_CYTOARCHITECTONIC_ATLAS_V3_1_VP_VENTRAL_PALLIDUM,VP (Ventral Pallidum) left,left,12.016219459902533,0.02696710266778009,0.003999072766282877,0.025137628668194797,0.01879867059462338,same
229,NGIQ-BR-00000230,BG_L_6_6,left,5,CM_AMYGDALA_LEFT.nii.gz,JULICH_BRAIN_CYTOARCHITECTONIC_ATLAS_V3_1_CM_AMYGDALA,CM (Amygdala) left,left,10.486036930339054,0.019085758114805427,0.0034898184786228558,0.023935831251322915,0.016858311724387426,same
229,NGIQ-BR-00000230,BG_L_6_6,left,6,AREA_ID6_INSULA_LEFT.nii.gz,JULICH_BRAIN_CYTOARCHITECTONIC_ATLAS_V3_1_AREA_ID6_INSULA,Area Id6 (Insula) left,left,5.650168253755878,0.0026749923371111334,0.0018804112278334247,0.00542338628109282,0.005422228509494012,same
229,NGIQ-BR-00000230,BG_L_6_6,left,7,ASTR_AMYGDALA_LEFT.nii.gz,JULICH_BRAIN_CYTOARCHITECTONIC_ATLAS_V3_1_ASTR_AMYGDALA,Astr (Amygdala) left,left,4.954884679672499,0.016079381416218206,0.0016490165187704779,0.015307405995175187,0.008527595299003113,same
229,NGIQ-BR-00000230,BG_L_6_6,left,8,TUTI_BASAL_FOREBRAIN_TERMINAL_ISLANDS_LEFT.nii.gz,JULICH_BRAIN_CYTOARCHITECTONIC_ATLAS_V3_1_TUTI_BASAL_FOREBRAIN_TERMINAL_ISLANDS,"TuTi (Basal Forebrain, Terminal islands) left",left,4.587927119808196,0.014274893588051405,0.0015268907545954904,0.015003297974050542,0.007968681141003534,same
229,NGIQ-BR-00000230,BG_L_6_6,left,9,AREA_ID4_INSULA_LEFT.nii.gz,JULICH_BRAIN_CYTOARCHITECTONIC_ATLAS_V3_1_AREA_ID4_INSULA,Area Id4 (Insula) left,left,2.029635815590071,0.00305332120714182,0.0006754754557107952,0.0038078188521941418,0.0030504883219483305,same
229,NGIQ-BR-00000230,BG_L_6_6,left,10,AREA_ID3_INSULA_LEFT.nii.gz,JULICH_BRAIN_CYTOARCHITECTONIC_ATLAS_V3_1_AREA_ID3_INSULA,Area Id3 (Insula) left,left,2.008123742375674,0.0028609690044988584,0.000668316103601336,0.0034463965426062473,0.00290446341732382,same
230,NGIQ-BR-00000231,BG_R_6_6,right,1,FUP_VENTRAL_STRIATUM_FUNDUS_OF_PUTAMEN_RIGHT.nii.gz,JULICH_BRAIN_CYTOARCHITECTONIC_ATLAS_V3_1_FUP_VENTRAL_STRIATUM_FUNDUS_OF_PUTAMEN,"FuP (Ventral Striatum, Fundus of Putamen) right",right,153.28202953711113,0.11741888839341888,0.05072016440409486,0.16598700758609097,0.1622365182775308,same
230,NGIQ-BR-00000231,BG_R_6_6,right,2,FRONTAL_TO_TEMPORAL_II_GAPMAP_RIGHT.nii.gz,JULICH_BRAIN_CYTOARCHITECTONIC_ATLAS_V3_1_FRONTAL_TO_TEMPORAL_II_GAPMAP,Frontal-to-Temporal-II (GapMap) right,right,50.16162735544238,0.0051084358719806,0.016598201328153744,0.018205436819743705,0.012898896932874859,same
230,NGIQ-BR-00000231,BG_R_6_6,right,3,AREA_ID5_INSULA_RIGHT.nii.gz,JULICH_BRAIN_CYTOARCHITECTONIC_ATLAS_V3_1_AREA_ID5_INSULA,Area Id5 (Insula) right,right,12.310824002040992,0.015003629936323221,0.004073582658182516,0.018901028518799736,0.016249980668133126,same
230,NGIQ-BR-00000231,BG_R_6_6,right,4,CM_AMYGDALA_RIGHT.nii.gz,JULICH_BRAIN_CYTOARCHITECTONIC_ATLAS_V3_1_CM_AMYGDALA,CM (Amygdala) right,right,7.986320985340868,0.012183907184306177,0.002642628849471821,0.015420970764385634,0.011583980857533375,same
230,NGIQ-BR-00000231,BG_R_6_6,right,5,VP_VENTRAL_PALLIDUM_RIGHT.nii.gz,JULICH_BRAIN_CYTOARCHITECTONIC_ATLAS_V3_1_VP_VENTRAL_PALLIDUM,VP (Ventral Pallidum) right,right,6.399250198426751,0.01298070993708114,0.002117476021861777,0.012010137630352535,0.009190589883214072,same
230,NGIQ-BR-00000231,BG_R_6_6,right,6,FUCD_VENTRAL_STRIATUM_FUNDUS_OF_CAUDATE_NUCLEUS_RIGHT.nii.gz,JULICH_BRAIN_CYTOARCHITECTONIC_ATLAS_V3_1_FUCD_VENTRAL_STRIATUM_FUNDUS_OF_CAUDATE_NUCLEUS,"FuCd (Ventral Striatum, Fundus of Caudate Nucleus) right",right,6.165646470489087,0.00808286342707299,0.002040177857672614,0.009499917344618974,0.008152620215540356,same
230,NGIQ-BR-00000231,BG_R_6_6,right,7,CH_4_BASAL_FOREBRAIN_RIGHT.nii.gz,JULICH_BRAIN_CYTOARCHITECTONIC_ATLAS_V3_1_CH_4_BASAL_FOREBRAIN,Ch 4 (Basal Forebrain) right,right,5.832369881649746,0.026476986101353378,0.001929898502493051,0.01882477780969261,0.009495994430430007,same
230,NGIQ-BR-00000231,BG_R_6_6,right,8,ASTR_AMYGDALA_RIGHT.nii.gz,JULICH_BRAIN_CYTOARCHITECTONIC_ATLAS_V3_1_ASTR_AMYGDALA,Astr (Amygdala) right,right,5.437210680037812,0.014475599388494098,0.001799142537608755,0.013913720794096624,0.008509322982274338,same
230,NGIQ-BR-00000231,BG_R_6_6,right,9,TUTI_BASAL_FOREBRAIN_TERMINAL_ISLANDS_RIGHT.nii.gz,JULICH_BRAIN_CYTOARCHITECTONIC_ATLAS_V3_1_TUTI_BASAL_FOREBRAIN_TERMINAL_ISLANDS,"TuTi (Basal Forebrain, Terminal islands) right",right,4.536677640390832,0.012559090360546206,0.0015011612024180196,0.013508567717106545,0.007299208824884256,same
230,NGIQ-BR-00000231,BG_R_6_6,right,10,ACBL_VENTRAL_STRIATUM_LATERAL_ACCUMBENS_RIGHT.nii.gz,JULICH_BRAIN_CYTOARCHITECTONIC_ATLAS_V3_1_ACBL_VENTRAL_STRIATUM_LATERAL_ACCUMBENS,"AcbL (Ventral Striatum, Lateral Accumbens) right",right,4.409773731928597,0.011579601272130648,0.0014591694104241096,0.010717003720168117,0.006823910998712138,same
231,NGIQ-BR-00000020,Tha_L_8_1,left,1,CL_THALAMUS_ANTERIOR_INTRALAMINAR_NUCLEI_LEFT.nii.gz,JULICH_BRAIN_CYTOARCHITECTONIC_ATLAS_V3_1_CL_THALAMUS_ANTERIOR_INTRALAMINAR_NUCLEI,"CL (Thalamus, anterior intralaminar nuclei) left",left,292.43546811240907,0.19554360139038662,0.14687976579419298,0.49512230721073724,0.485396445826354,same
231,NGIQ-BR-00000020,Tha_L_8_1,left,2,MD_THALAMUS_MEDIODORSAL_NUCLEUS_LEFT.nii.gz,JULICH_BRAIN_CYTOARCHITECTONIC_ATLAS_V3_1_MD_THALAMUS_MEDIODORSAL_NUCLEUS,"MD (Thalamus, mediodorsal Nucleus) left",left,266.0164080783775,0.3810929753858877,0.13361042683422222,0.53172371288312,0.4980199359733911,same
231,NGIQ-BR-00000020,Tha_L_8_1,left,3,VA_THALAMUS_VENTRAL_ANTERIOR_NUCLEUS_VENTRAL_LEFT.nii.gz,JULICH_BRAIN_CYTOARCHITECTONIC_ATLAS_V3_1_VA_THALAMUS_VENTRAL_ANTERIOR_NUCLEUS_VENTRAL,"VA (Thalamus, ventral anterior Nucleus (ventral)) left",left,247.96690277625814,0.274150810168557,0.12454481270544192,0.5634356558871224,0.5010344041497178,same
231,NGIQ-BR-00000020,Tha_L_8_1,left,4,VAMC_THALAMUS_VENTRAL_ANTERIOR_NUCLEUS_MAGNOCELLULAR_PART_LEFT.nii.gz,JULICH_BRAIN_CYTOARCHITECTONIC_ATLAS_V3_1_VAMC_THALAMUS_VENTRAL_ANTERIOR_NUCLEUS_MAGNOCELLULAR_PART,"VAmc (Thalamus, ventral anterior Nucleus, magnocellular part) left",left,213.11269243045535,0.33189947207129333,0.1070388026254156,0.6299482523599349,0.48436663702820065,same
231,NGIQ-BR-00000020,Tha_L_8_1,left,5,VLP_THALAMUS_VENTRAL_LATERAL_POSTERIOR_NUCLEUS_LEFT.nii.gz,JULICH_BRAIN_CYTOARCHITECTONIC_ATLAS_V3_1_VLP_THALAMUS_VENTRAL_LATERAL_POSTERIOR_NUCLEUS,"VLP (Thalamus, ventral lateral posterior Nucleus) left",left,120.66570496728845,0.06933636157658556,0.06060602224273921,0.17014627167783047,0.17012190314039738,same
231,NGIQ-BR-00000020,Tha_L_8_1,left,6,PUM_THALAMUS_MEDIAL_PULVINAR_LEFT.nii.gz,JULICH_BRAIN_CYTOARCHITECTONIC_ATLAS_V3_1_PUM_THALAMUS_MEDIAL_PULVINAR,"PUm (Thalamus, medial pulvinar) left",left,56.29928892549802,0.06706220059048283,0.028277097935938984,0.11690665854482415,0.10797518771201768,same
231,NGIQ-BR-00000020,Tha_L_8_1,left,7,RT_THALAMUS_RETICULAR_NUCLEUS_LEFT.nii.gz,JULICH_BRAIN_CYTOARCHITECTONIC_ATLAS_V3_1_RT_THALAMUS_RETICULAR_NUCLEUS,"Rt (Thalamus, reticular Nucleus) left",left,48.26317256120668,0.036226663097381866,0.024240847144949833,0.08165673475944273,0.08006384039210308,same
231,NGIQ-BR-00000020,Tha_L_8_1,left,8,PV_THALAMUS_PARAVENTRICULAR_NUCLEUS_LEFT.nii.gz,JULICH_BRAIN_CYTOARCHITECTONIC_ATLAS_V3_1_PV_THALAMUS_PARAVENTRICULAR_NUCLEUS,"Pv (Thalamus, paraventricular Nucleus) left",left,35.93316199246391,0.17729676980365242,0.01804792849432732,0.2010555680895138,0.09387202643845441,same
231,NGIQ-BR-00000020,Tha_L_8_1,left,9,PUL_THALAMUS_LATERAL_PULVINAR_LEFT.nii.gz,JULICH_BRAIN_CYTOARCHITECTONIC_ATLAS_V3_1_PUL_THALAMUS_LATERAL_PULVINAR,"PUl (Thalamus, lateral pulvinar) left",left,35.23099405345984,0.0797179884578507,0.017695254917846286,0.09241551930452233,0.07635829550384472,same
231,NGIQ-BR-00000020,Tha_L_8_1,left,10,VIM_THALAMUS_VENTRAL_INTERMEDIATE_NUCLEUS_LEFT.nii.gz,JULICH_BRAIN_CYTOARCHITECTONIC_ATLAS_V3_1_VIM_THALAMUS_VENTRAL_INTERMEDIATE_NUCLEUS,"VIM (Thalamus, ventral intermediate Nucleus) left",left,28.762733017697833,0.02768144289609229,0.014446481189540403,0.045826189102602624,0.045386605899638506,same
232,NGIQ-BR-00000232,Tha_R_8_1,right,1,MD_THALAMUS_MEDIODORSAL_NUCLEUS_RIGHT.nii.gz,JULICH_BRAIN_CYTOARCHITECTONIC_ATLAS_V3_1_MD_THALAMUS_MEDIODORSAL_NUCLEUS,"MD (Thalamus, mediodorsal Nucleus) right",right,310.90800864673884,0.4518165996704362,0.17246533082964735,0.576989563245222,0.5207405391802349,same
232,NGIQ-BR-00000232,Tha_R_8_1,right,2,CL_THALAMUS_ANTERIOR_INTRALAMINAR_NUCLEI_RIGHT.nii.gz,JULICH_BRAIN_CYTOARCHITECTONIC_ATLAS_V3_1_CL_THALAMUS_ANTERIOR_INTRALAMINAR_NUCLEI,"CL (Thalamus, anterior intralaminar nuclei) right",right,289.53716065212086,0.21792043574149,0.16061060124083926,0.4957191069145104,0.4619439195703918,same
232,NGIQ-BR-00000232,Tha_R_8_1,right,3,VAMC_THALAMUS_VENTRAL_ANTERIOR_NUCLEUS_MAGNOCELLULAR_PART_RIGHT.nii.gz,JULICH_BRAIN_CYTOARCHITECTONIC_ATLAS_V3_1_VAMC_THALAMUS_VENTRAL_ANTERIOR_NUCLEUS_MAGNOCELLULAR_PART,"VAmc (Thalamus, ventral anterior Nucleus, magnocellular part) right",right,247.13005884734946,0.33924239966360065,0.13708674647067637,0.5986755777324159,0.46908594077536525,same
232,NGIQ-BR-00000232,Tha_R_8_1,right,4,VA_THALAMUS_VENTRAL_ANTERIOR_NUCLEUS_VENTRAL_RIGHT.nii.gz,JULICH_BRAIN_CYTOARCHITECTONIC_ATLAS_V3_1_VA_THALAMUS_VENTRAL_ANTERIOR_NUCLEUS_VENTRAL,"VA (Thalamus, ventral anterior Nucleus (ventral)) right",right,228.82353012576763,0.25190239994109626,0.126931840696289,0.4779400552236927,0.4076924972284618,same
232,NGIQ-BR-00000232,Tha_R_8_1,right,5,RT_THALAMUS_RETICULAR_NUCLEUS_RIGHT.nii.gz,JULICH_BRAIN_CYTOARCHITECTONIC_ATLAS_V3_1_RT_THALAMUS_RETICULAR_NUCLEUS,"Rt (Thalamus, reticular Nucleus) right",right,46.53250840010368,0.031105320637172522,0.025812279620869145,0.06598725566169723,0.0647931492626434,same
232,NGIQ-BR-00000232,Tha_R_8_1,right,6,MV_THALAMUS_MEDIOVENTRAL_NUCLEUS_RIGHT.nii.gz,JULICH_BRAIN_CYTOARCHITECTONIC_ATLAS_V3_1_MV_THALAMUS_MEDIOVENTRAL_NUCLEUS,"MV (Thalamus, medioventral Nucleus) right",right,36.468894404323734,0.24273934991628138,0.02022984215108973,0.19719414973276414,0.08156598056478975,same
232,NGIQ-BR-00000232,Tha_R_8_1,right,7,PV_THALAMUS_PARAVENTRICULAR_NUCLEUS_RIGHT.nii.gz,JULICH_BRAIN_CYTOARCHITECTONIC_ATLAS_V3_1_PV_THALAMUS_PARAVENTRICULAR_NUCLEUS,"Pv (Thalamus, paraventricular Nucleus) right",right,35.87260272758182,0.17636519198740386,0.01989907022357368,0.1938158016009166,0.08022660598464113,same
232,NGIQ-BR-00000232,Tha_R_8_1,right,8,AV_THALAMUS_ANTEROVENTRAL_NUCLEUS_RIGHT.nii.gz,JULICH_BRAIN_CYTOARCHITECTONIC_ATLAS_V3_1_AV_THALAMUS_ANTEROVENTRAL_NUCLEUS,"AV (Thalamus, anteroventral Nucleus) right",right,33.086121773563875,0.10484521697608305,0.01835336748765203,0.11031793727024157,0.06896659803434539,same
232,NGIQ-BR-00000232,Tha_R_8_1,right,9,AM_THALAMUS_ANTEROMEDIAL_NUCLEUS_RIGHT.nii.gz,JULICH_BRAIN_CYTOARCHITECTONIC_ATLAS_V3_1_AM_THALAMUS_ANTEROMEDIAL_NUCLEUS,"AM (Thalamus, anteromedial Nucleus) right",right,27.242930502670337,0.12060940529422881,0.01511206173929934,0.12403427670304855,0.0598315418339255,same
232,NGIQ-BR-00000232,Tha_R_8_1,right,10,PUM_THALAMUS_MEDIAL_PULVINAR_RIGHT.nii.gz,JULICH_BRAIN_CYTOARCHITECTONIC_ATLAS_V3_1_PUM_THALAMUS_MEDIAL_PULVINAR,"PUm (Thalamus, medial pulvinar) right",right,23.576920980969206,0.06149358346417534,0.013078471328628346,0.06118100669022142,0.045867968708717156,same
233,NGIQ-BR-00000233,Tha_L_8_2,left,1,VIM_THALAMUS_VENTRAL_INTERMEDIATE_NUCLEUS_LEFT.nii.gz,JULICH_BRAIN_CYTOARCHITECTONIC_ATLAS_V3_1_VIM_THALAMUS_VENTRAL_INTERMEDIATE_NUCLEUS,"VIM (Thalamus, ventral intermediate Nucleus) left",left,217.02583449902318,0.20886708648183716,0.1537686702442154,0.3773032674739563,0.3767974682147566,same
233,NGIQ-BR-00000233,Tha_L_8_2,left,2,VLP_THALAMUS_VENTRAL_LATERAL_POSTERIOR_NUCLEUS_LEFT.nii.gz,JULICH_BRAIN_CYTOARCHITECTONIC_ATLAS_V3_1_VLP_THALAMUS_VENTRAL_LATERAL_POSTERIOR_NUCLEUS,"VLP (Thalamus, ventral lateral posterior Nucleus) left",left,195.5600597839041,0.11237180455533177,0.13855958860964798,0.30089452292209,0.300151850885285,same
233,NGIQ-BR-00000233,Tha_L_8_2,left,3,RT_THALAMUS_RETICULAR_NUCLEUS_LEFT.nii.gz,JULICH_BRAIN_CYTOARCHITECTONIC_ATLAS_V3_1_RT_THALAMUS_RETICULAR_NUCLEUS,"Rt (Thalamus, reticular Nucleus) left",left,187.09609609014944,0.140435592610445,0.13256264154024353,0.34541119340072973,0.3432602922666862,same
233,NGIQ-BR-00000233,Tha_L_8_2,left,4,VLA_THALAMUS_VENTRAL_LATERAL_ANTERIOR_NUCLEUS_LEFT.nii.gz,JULICH_BRAIN_CYTOARCHITECTONIC_ATLAS_V3_1_VLA_THALAMUS_VENTRAL_LATERAL_ANTERIOR_NUCLEUS,"VLA (Thalamus, ventral lateral anterior Nucleus) left",left,108.02595440560995,0.27193804607110617,0.0765393087839395,0.47402925385850214,0.31243183039150335,same
233,NGIQ-BR-00000233,Tha_L_8_2,left,5,ZI_THALAMUS_ZONA_INCERTA_LEFT.nii.gz,JULICH_BRAIN_CYTOARCHITECTONIC_ATLAS_V3_1_ZI_THALAMUS_ZONA_INCERTA,"ZI (Thalamus, zona incerta) left",left,65.79845614193617,0.09825488690533422,0.0466199847977702,0.16852288047440178,0.15347723782524253,same
233,NGIQ-BR-00000233,Tha_L_8_2,left,6,VA_THALAMUS_VENTRAL_ANTERIOR_NUCLEUS_VENTRAL_LEFT.nii.gz,JULICH_BRAIN_CYTOARCHITECTONIC_ATLAS_V3_1_VA_THALAMUS_VENTRAL_ANTERIOR_NUCLEUS_VENTRAL,"VA (Thalamus, ventral anterior Nucleus (ventral)) left",left,57.20591380357758,0.0632465358888413,0.04053193628300931,0.14183619610144813,0.13085885994416688,same
233,NGIQ-BR-00000233,Tha_L_8_2,left,7,VPL_THALAMUS_VENTRAL_POSTERIOR_LATERAL_NUCLEUS_LEFT.nii.gz,JULICH_BRAIN_CYTOARCHITECTONIC_ATLAS_V3_1_VPL_THALAMUS_VENTRAL_POSTERIOR_LATERAL_NUCLEUS,"VPL (Thalamus, ventral posterior lateral Nucleus) left",left,51.18080775826527,0.05848123956794038,0.03626298578314507,0.11551946636215923,0.11008794195360273,same
233,NGIQ-BR-00000233,Tha_L_8_2,left,8,VM_THALAMUS_VENTRAL_MEDIAL_NUCLEUS_LEFT.nii.gz,JULICH_BRAIN_CYTOARCHITECTONIC_ATLAS_V3_1_VM_THALAMUS_VENTRAL_MEDIAL_NUCLEUS,"VM (Thalamus, ventral medial Nucleus) left",left,31.82175951116928,0.14249144089237897,0.022546576798836072,0.1892615657369741,0.09754472816797781,same
233,NGIQ-BR-00000233,Tha_L_8_2,left,9,CL_THALAMUS_ANTERIOR_INTRALAMINAR_NUCLEI_LEFT.nii.gz,JULICH_BRAIN_CYTOARCHITECTONIC_ATLAS_V3_1_CL_THALAMUS_ANTERIOR_INTRALAMINAR_NUCLEI,"CL (Thalamus, anterior intralaminar nuclei) left",left,23.99390447317819,0.016044067849863793,0.0170003299069169,0.044328079139335654,0.04404857230245341,same
233,NGIQ-BR-00000233,Tha_L_8_2,left,10,VPM_THALAMUS_VENTRAL_POSTERIOR_MEDIAL_NUCLEUS_LEFT.nii.gz,JULICH_BRAIN_CYTOARCHITECTONIC_ATLAS_V3_1_VPM_THALAMUS_VENTRAL_POSTERIOR_MEDIAL_NUCLEUS,"VPM (Thalamus, ventral posterior medial Nucleus) left",left,22.195895361168347,0.13372469623738997,0.015726391848441285,0.16622979876028954,0.0698841611943423,same
234,NGIQ-BR-00000234,Tha_R_8_2,right,1,VIM_THALAMUS_VENTRAL_INTERMEDIATE_NUCLEUS_RIGHT.nii.gz,JULICH_BRAIN_CYTOARCHITECTONIC_ATLAS_V3_1_VIM_THALAMUS_VENTRAL_INTERMEDIATE_NUCLEUS,"VIM (Thalamus, ventral intermediate Nucleus) right",right,484.6037437482365,0.47244269192198707,0.2684486325104225,0.6903388250093635,0.6670375633578907,same
234,NGIQ-BR-00000234,Tha_R_8_2,right,2,VLP_THALAMUS_VENTRAL_LATERAL_POSTERIOR_NUCLEUS_RIGHT.nii.gz,JULICH_BRAIN_CYTOARCHITECTONIC_ATLAS_V3_1_VLP_THALAMUS_VENTRAL_LATERAL_POSTERIOR_NUCLEUS,"VLP (Thalamus, ventral lateral posterior Nucleus) right",right,261.5631090708389,0.3447576665356408,0.14489417354092965,0.467392721583987,0.4163583990102385,same
234,NGIQ-BR-00000234,Tha_R_8_2,right,3,VA_THALAMUS_VENTRAL_ANTERIOR_NUCLEUS_VENTRAL_RIGHT.nii.gz,JULICH_BRAIN_CYTOARCHITECTONIC_ATLAS_V3_1_VA_THALAMUS_VENTRAL_ANTERIOR_NUCLEUS_VENTRAL,"VA (Thalamus, ventral anterior Nucleus (ventral)) right",right,170.31851950313774,0.18749664334639796,0.0943487833960495,0.3439662016232688,0.28818334254253397,same
234,NGIQ-BR-00000234,Tha_R_8_2,right,4,VLA_THALAMUS_VENTRAL_LATERAL_ANTERIOR_NUCLEUS_RIGHT.nii.gz,JULICH_BRAIN_CYTOARCHITECTONIC_ATLAS_V3_1_VLA_THALAMUS_VENTRAL_LATERAL_ANTERIOR_NUCLEUS,"VLA (Thalamus, ventral lateral anterior Nucleus) right",right,148.77419954298648,0.49461882527437145,0.08241420115998181,0.6589439894386756,0.3069237007095945,same
234,NGIQ-BR-00000234,Tha_R_8_2,right,5,CL_THALAMUS_ANTERIOR_INTRALAMINAR_NUCLEI_RIGHT.nii.gz,JULICH_BRAIN_CYTOARCHITECTONIC_ATLAS_V3_1_CL_THALAMUS_ANTERIOR_INTRALAMINAR_NUCLEI,"CL (Thalamus, anterior intralaminar nuclei) right",right,141.78382308843183,0.10671373732800012,0.07854184766670552,0.2347140996394885,0.21596189690056103,same
234,NGIQ-BR-00000234,Tha_R_8_2,right,6,RT_THALAMUS_RETICULAR_NUCLEUS_RIGHT.nii.gz,JULICH_BRAIN_CYTOARCHITECTONIC_ATLAS_V3_1_RT_THALAMUS_RETICULAR_NUCLEUS,"Rt (Thalamus, reticular Nucleus) right",right,136.69698871394414,0.09137705682064008,0.07572397069143462,0.18743198268272024,0.18277131662952442,same
234,NGIQ-BR-00000234,Tha_R_8_2,right,7,CM_THALAMUS_CENTROMEDIAN_NUCLEUS_RIGHT.nii.gz,JULICH_BRAIN_CYTOARCHITECTONIC_ATLAS_V3_1_CM_THALAMUS_CENTROMEDIAN_NUCLEUS,"CM (Thalamus, centromedian Nucleus) right",right,124.4979382377315,0.368458574963638,0.06896624654977747,0.41912069671047136,0.24647299178469353,same
234,NGIQ-BR-00000234,Tha_R_8_2,right,8,VPL_THALAMUS_VENTRAL_POSTERIOR_LATERAL_NUCLEUS_RIGHT.nii.gz,JULICH_BRAIN_CYTOARCHITECTONIC_ATLAS_V3_1_VPL_THALAMUS_VENTRAL_POSTERIOR_LATERAL_NUCLEUS,"VPL (Thalamus, ventral posterior lateral Nucleus) right",right,84.01127009143703,0.08729341352449713,0.04653845716723705,0.15234504384286265,0.13479547105887446,same
234,NGIQ-BR-00000234,Tha_R_8_2,right,9,VM_THALAMUS_VENTRAL_MEDIAL_NUCLEUS_RIGHT.nii.gz,JULICH_BRAIN_CYTOARCHITECTONIC_ATLAS_V3_1_VM_THALAMUS_VENTRAL_MEDIAL_NUCLEUS,"VM (Thalamus, ventral medial Nucleus) right",right,77.99220014935639,0.42747041842071665,0.043204163704214225,0.4213261926270316,0.16399281496575746,same
234,NGIQ-BR-00000234,Tha_R_8_2,right,10,PF_THALAMUS_PARAFASCICULAR_NUCLEUS_RIGHT.nii.gz,JULICH_BRAIN_CYTOARCHITECTONIC_ATLAS_V3_1_PF_THALAMUS_PARAFASCICULAR_NUCLEUS,"Pf (Thalamus, parafascicular Nucleus) right",right,74.45892724920985,0.2936877438447818,0.04124688976531696,0.30702507247525634,0.15226239537466782,same
235,NGIQ-BR-00000235,Tha_L_8_3,left,1,VLP_THALAMUS_VENTRAL_LATERAL_POSTERIOR_NUCLEUS_LEFT.nii.gz,JULICH_BRAIN_CYTOARCHITECTONIC_ATLAS_V3_1_VLP_THALAMUS_VENTRAL_LATERAL_POSTERIOR_NUCLEUS,"VLP (Thalamus, ventral lateral posterior Nucleus) left",left,286.18136639890776,0.16444419483145775,0.19054728596517015,0.4645240376503626,0.46098532367364936,same
235,NGIQ-BR-00000235,Tha_L_8_3,left,2,VPL_THALAMUS_VENTRAL_POSTERIOR_LATERAL_NUCLEUS_LEFT.nii.gz,JULICH_BRAIN_CYTOARCHITECTONIC_ATLAS_V3_1_VPL_THALAMUS_VENTRAL_POSTERIOR_LATERAL_NUCLEUS,"VPL (Thalamus, ventral posterior lateral Nucleus) left",left,277.9867150563658,0.31763874764736866,0.1850910656933874,0.6619189245640674,0.6402642871037979,same
235,NGIQ-BR-00000235,Tha_L_8_3,left,3,VIM_THALAMUS_VENTRAL_INTERMEDIATE_NUCLEUS_LEFT.nii.gz,JULICH_BRAIN_CYTOARCHITECTONIC_ATLAS_V3_1_VIM_THALAMUS_VENTRAL_INTERMEDIATE_NUCLEUS,"VIM (Thalamus, ventral intermediate Nucleus) left",left,250.8837924984431,0.2414522073172789,0.16704520757159158,0.4601341383497077,0.46013348378151714,same
235,NGIQ-BR-00000235,Tha_L_8_3,left,4,RT_THALAMUS_RETICULAR_NUCLEUS_LEFT.nii.gz,JULICH_BRAIN_CYTOARCHITECTONIC_ATLAS_V3_1_RT_THALAMUS_RETICULAR_NUCLEUS,"Rt (Thalamus, reticular Nucleus) left",left,155.68393803543202,0.11685741474476871,0.10365857230435851,0.30321327293967465,0.30269705674239733,same
235,NGIQ-BR-00000235,Tha_L_8_3,left,5,CL_THALAMUS_ANTERIOR_INTRALAMINAR_NUCLEI_LEFT.nii.gz,JULICH_BRAIN_CYTOARCHITECTONIC_ATLAS_V3_1_CL_THALAMUS_ANTERIOR_INTRALAMINAR_NUCLEI,"CL (Thalamus, anterior intralaminar nuclei) left",left,104.16366821890384,0.06965139676466456,0.06935498465550805,0.2030144593200049,0.20266044271419167,same
235,NGIQ-BR-00000235,Tha_L_8_3,left,6,PUA_THALAMUS_ANTERIOR_PULVINAR_LEFT.nii.gz,JULICH_BRAIN_CYTOARCHITECTONIC_ATLAS_V3_1_PUA_THALAMUS_ANTERIOR_PULVINAR,"PUa (Thalamus, anterior pulvinar) left",left,92.34629389301486,0.26553129861760144,0.06148665754054876,0.40750291686418216,0.28918435058813713,same
235,NGIQ-BR-00000235,Tha_L_8_3,left,7,CM_THALAMUS_CENTROMEDIAN_NUCLEUS_LEFT.nii.gz,JULICH_BRAIN_CYTOARCHITECTONIC_ATLAS_V3_1_CM_THALAMUS_CENTROMEDIAN_NUCLEUS,"CM (Thalamus, centromedian Nucleus) left",left,75.02196519408143,0.2577862508966656,0.04995165141387848,0.37968378882066295,0.243558935036605,same
235,NGIQ-BR-00000235,Tha_L_8_3,left,8,VPM_THALAMUS_VENTRAL_POSTERIOR_MEDIAL_NUCLEUS_LEFT.nii.gz,JULICH_BRAIN_CYTOARCHITECTONIC_ATLAS_V3_1_VPM_THALAMUS_VENTRAL_POSTERIOR_MEDIAL_NUCLEUS,"VPM (Thalamus, ventral posterior medial Nucleus) left",left,56.91899458512684,0.3429226502099116,0.037898204465710204,0.449703376832941,0.19840948829251487,same
235,NGIQ-BR-00000235,Tha_L_8_3,left,9,VLA_THALAMUS_VENTRAL_LATERAL_ANTERIOR_NUCLEUS_LEFT.nii.gz,JULICH_BRAIN_CYTOARCHITECTONIC_ATLAS_V3_1_VLA_THALAMUS_VENTRAL_LATERAL_ANTERIOR_NUCLEUS,"VLA (Thalamus, ventral lateral anterior Nucleus) left",left,55.9608360624168,0.14087244587703296,0.03726023663319834,0.2590561725531504,0.17763932690493173,same
235,NGIQ-BR-00000235,Tha_L_8_3,left,10,ZI_THALAMUS_ZONA_INCERTA_LEFT.nii.gz,JULICH_BRAIN_CYTOARCHITECTONIC_ATLAS_V3_1_ZI_THALAMUS_ZONA_INCERTA,"ZI (Thalamus, zona incerta) left",left,37.353921091936954,0.055779504680807626,0.024871249913260868,0.10092809712279821,0.09385771132202499,same
236,NGIQ-BR-00000236,Tha_R_8_3,right,1,VPL_THALAMUS_VENTRAL_POSTERIOR_LATERAL_NUCLEUS_RIGHT.nii.gz,JULICH_BRAIN_CYTOARCHITECTONIC_ATLAS_V3_1_VPL_THALAMUS_VENTRAL_POSTERIOR_LATERAL_NUCLEUS,"VPL (Thalamus, ventral posterior lateral Nucleus) right",right,289.3991586541788,0.30070537444018136,0.2202308317441394,0.6832792119206081,0.6639051511199829,same
236,NGIQ-BR-00000236,Tha_R_8_3,right,2,VIM_THALAMUS_VENTRAL_INTERMEDIATE_NUCLEUS_RIGHT.nii.gz,JULICH_BRAIN_CYTOARCHITECTONIC_ATLAS_V3_1_VIM_THALAMUS_VENTRAL_INTERMEDIATE_NUCLEUS,"VIM (Thalamus, ventral intermediate Nucleus) right",right,210.0346788683841,0.20476389289534988,0.15983499135728926,0.38956210629045585,0.38956208332230063,same
236,NGIQ-BR-00000236,Tha_R_8_3,right,3,RT_THALAMUS_RETICULAR_NUCLEUS_RIGHT.nii.gz,JULICH_BRAIN_CYTOARCHITECTONIC_ATLAS_V3_1_RT_THALAMUS_RETICULAR_NUCLEUS,"Rt (Thalamus, reticular Nucleus) right",right,161.4439500628262,0.10791951700640941,0.12285777045012884,0.28821507362779314,0.2880011021779624,same
236,NGIQ-BR-00000236,Tha_R_8_3,right,4,VLP_THALAMUS_VENTRAL_LATERAL_POSTERIOR_NUCLEUS_RIGHT.nii.gz,JULICH_BRAIN_CYTOARCHITECTONIC_ATLAS_V3_1_VLP_THALAMUS_VENTRAL_LATERAL_POSTERIOR_NUCLEUS,"VLP (Thalamus, ventral lateral posterior Nucleus) right",right,119.35666054961051,0.15732005909681215,0.09082962351820256,0.27769130249531515,0.2707294197390984,same
236,NGIQ-BR-00000236,Tha_R_8_3,right,5,PUA_THALAMUS_ANTERIOR_PULVINAR_RIGHT.nii.gz,JULICH_BRAIN_CYTOARCHITECTONIC_ATLAS_V3_1_PUA_THALAMUS_ANTERIOR_PULVINAR,"PUa (Thalamus, anterior pulvinar) right",right,90.58492614852304,0.24946114329294442,0.06893452531771073,0.39584464031292255,0.28479875702954505,same
236,NGIQ-BR-00000236,Tha_R_8_3,right,6,CM_THALAMUS_CENTROMEDIAN_NUCLEUS_RIGHT.nii.gz,JULICH_BRAIN_CYTOARCHITECTONIC_ATLAS_V3_1_CM_THALAMUS_CENTROMEDIAN_NUCLEUS,"CM (Thalamus, centromedian Nucleus) right",right,75.05838195600073,0.22213945745651562,0.05711892862581636,0.328992736872954,0.23620170218242667,same
236,NGIQ-BR-00000236,Tha_R_8_3,right,7,CL_THALAMUS_ANTERIOR_INTRALAMINAR_NUCLEI_RIGHT.nii.gz,JULICH_BRAIN_CYTOARCHITECTONIC_ATLAS_V3_1_CL_THALAMUS_ANTERIOR_INTRALAMINAR_NUCLEI,"CL (Thalamus, anterior intralaminar nuclei) right",right,73.71490227472034,0.0554815954821402,0.05609654953869092,0.158883191432129,0.1571153942403891,same
236,NGIQ-BR-00000236,Tha_R_8_3,right,8,VPM_THALAMUS_VENTRAL_POSTERIOR_MEDIAL_NUCLEUS_RIGHT.nii.gz,JULICH_BRAIN_CYTOARCHITECTONIC_ATLAS_V3_1_VPM_THALAMUS_VENTRAL_POSTERIOR_MEDIAL_NUCLEUS,"VPM (Thalamus, ventral posterior medial Nucleus) right",right,47.34099695783827,0.2733188351114521,0.03602618329682193,0.3559166288834575,0.16558691685131754,same
236,NGIQ-BR-00000236,Tha_R_8_3,right,9,VLA_THALAMUS_VENTRAL_LATERAL_ANTERIOR_NUCLEUS_RIGHT.nii.gz,JULICH_BRAIN_CYTOARCHITECTONIC_ATLAS_V3_1_VLA_THALAMUS_VENTRAL_LATERAL_ANTERIOR_NUCLEUS,"VLA (Thalamus, ventral lateral anterior Nucleus) right",right,41.88122070386475,0.13923946658248934,0.031871329940850956,0.24151848413453225,0.14083335166582464,same
236,NGIQ-BR-00000236,Tha_R_8_3,right,10,VA_THALAMUS_VENTRAL_ANTERIOR_NUCLEUS_VENTRAL_RIGHT.nii.gz,JULICH_BRAIN_CYTOARCHITECTONIC_ATLAS_V3_1_VA_THALAMUS_VENTRAL_ANTERIOR_NUCLEUS_VENTRAL,"VA (Thalamus, ventral anterior Nucleus (ventral)) right",right,31.170432189430894,0.0343142450053245,0.02372049123717637,0.08196093144599631,0.07721915147568081,same
237,NGIQ-BR-00000237,Tha_L_8_4,left,1,CL_THALAMUS_ANTERIOR_INTRALAMINAR_NUCLEI_LEFT.nii.gz,JULICH_BRAIN_CYTOARCHITECTONIC_ATLAS_V3_1_CL_THALAMUS_ANTERIOR_INTRALAMINAR_NUCLEI,"CL (Thalamus, anterior intralaminar nuclei) left",left,162.94454788434822,0.10895656373660546,0.07887370332263058,0.23815230438648666,0.2245067918262543,same
237,NGIQ-BR-00000237,Tha_L_8_4,left,2,AV_THALAMUS_ANTEROVENTRAL_NUCLEUS_LEFT.nii.gz,JULICH_BRAIN_CYTOARCHITECTONIC_ATLAS_V3_1_AV_THALAMUS_ANTEROVENTRAL_NUCLEUS,"AV (Thalamus, anteroventral Nucleus) left",left,127.38995095528473,0.4294946933065634,0.0616634145075113,0.42703796789666265,0.24038696846691393,same
237,NGIQ-BR-00000237,Tha_L_8_4,left,3,AM_THALAMUS_ANTEROMEDIAL_NUCLEUS_LEFT.nii.gz,JULICH_BRAIN_CYTOARCHITECTONIC_ATLAS_V3_1_AM_THALAMUS_ANTEROMEDIAL_NUCLEUS,"AM (Thalamus, anteromedial Nucleus) left",left,102.61301131562418,0.5379357118509241,0.04967007682450786,0.4892676296961468,0.2025163933701454,same
237,NGIQ-BR-00000237,Tha_L_8_4,left,4,PV_THALAMUS_PARAVENTRICULAR_NUCLEUS_LEFT.nii.gz,JULICH_BRAIN_CYTOARCHITECTONIC_ATLAS_V3_1_PV_THALAMUS_PARAVENTRICULAR_NUCLEUS,"Pv (Thalamus, paraventricular Nucleus) left",left,93.14249626096998,0.4595716826140189,0.04508585105916666,0.4498845190725445,0.18403588956875802,same
237,NGIQ-BR-00000237,Tha_L_8_4,left,5,VA_THALAMUS_VENTRAL_ANTERIOR_NUCLEUS_VENTRAL_LEFT.nii.gz,JULICH_BRAIN_CYTOARCHITECTONIC_ATLAS_V3_1_VA_THALAMUS_VENTRAL_ANTERIOR_NUCLEUS_VENTRAL,"VA (Thalamus, ventral anterior Nucleus (ventral)) left",left,78.7438592242041,0.08705876695807685,0.03811615590438204,0.15445423161402969,0.1273695121372795,same
237,NGIQ-BR-00000237,Tha_L_8_4,left,6,MD_THALAMUS_MEDIODORSAL_NUCLEUS_LEFT.nii.gz,JULICH_BRAIN_CYTOARCHITECTONIC_ATLAS_V3_1_MD_THALAMUS_MEDIODORSAL_NUCLEUS,"MD (Thalamus, mediodorsal Nucleus) left",left,76.65573810737722,0.10981639638985964,0.03710539581692443,0.1322679978006406,0.11659203014534704,same
237,NGIQ-BR-00000237,Tha_L_8_4,left,7,PUM_THALAMUS_MEDIAL_PULVINAR_LEFT.nii.gz,JULICH_BRAIN_CYTOARCHITECTONIC_ATLAS_V3_1_PUM_THALAMUS_MEDIAL_PULVINAR,"PUm (Thalamus, medial pulvinar) left",left,74.52671323170993,0.08877421877757956,0.03607483616586407,0.1335921109876676,0.11559346721854263,same
237,NGIQ-BR-00000237,Tha_L_8_4,left,8,VAMC_THALAMUS_VENTRAL_ANTERIOR_NUCLEUS_MAGNOCELLULAR_PART_LEFT.nii.gz,JULICH_BRAIN_CYTOARCHITECTONIC_ATLAS_V3_1_VAMC_THALAMUS_VENTRAL_ANTERIOR_NUCLEUS_MAGNOCELLULAR_PART,"VAmc (Thalamus, ventral anterior Nucleus, magnocellular part) left",left,65.42153744134501,0.10188681627191418,0.0316674537568536,0.16693554206541125,0.1161389808065056,same
237,NGIQ-BR-00000237,Tha_L_8_4,left,9,PUL_THALAMUS_LATERAL_PULVINAR_LEFT.nii.gz,JULICH_BRAIN_CYTOARCHITECTONIC_ATLAS_V3_1_PUL_THALAMUS_LATERAL_PULVINAR,"PUl (Thalamus, lateral pulvinar) left",left,60.64976907551256,0.13723364103199961,0.02935766771431529,0.1373351382075462,0.10372584699157977,same
237,NGIQ-BR-00000237,Tha_L_8_4,left,10,FRONTAL_TO_TEMPORAL_II_GAPMAP_LEFT.nii.gz,JULICH_BRAIN_CYTOARCHITECTONIC_ATLAS_V3_1_FRONTAL_TO_TEMPORAL_II_GAPMAP,Frontal-to-Temporal-II (GapMap) left,left,56.56356631348494,0.004741587176404188,0.027379731363864145,0.01960573843764796,0.011824505416697703,same
238,NGIQ-BR-00000238,Tha_R_8_4,right,1,PV_THALAMUS_PARAVENTRICULAR_NUCLEUS_RIGHT.nii.gz,JULICH_BRAIN_CYTOARCHITECTONIC_ATLAS_V3_1_PV_THALAMUS_PARAVENTRICULAR_NUCLEUS,"Pv (Thalamus, paraventricular Nucleus) right",right,86.31465272899283,0.4243600726570723,0.0518237214234478,0.4922303016443173,0.21396314153017454,same
238,NGIQ-BR-00000238,Tha_R_8_4,right,2,CL_THALAMUS_ANTERIOR_INTRALAMINAR_NUCLEI_RIGHT.nii.gz,JULICH_BRAIN_CYTOARCHITECTONIC_ATLAS_V3_1_CL_THALAMUS_ANTERIOR_INTRALAMINAR_NUCLEI,"CL (Thalamus, anterior intralaminar nuclei) right",right,84.95284162550611,0.06393984185937161,0.05100608366407409,0.15352064336096785,0.14570473825806873,same
238,NGIQ-BR-00000238,Tha_R_8_4,right,3,AM_THALAMUS_ANTEROMEDIAL_NUCLEUS_RIGHT.nii.gz,JULICH_BRAIN_CYTOARCHITECTONIC_ATLAS_V3_1_AM_THALAMUS_ANTEROMEDIAL_NUCLEUS,"AM (Thalamus, anteromedial Nucleus) right",right,72.85116332958901,0.32252534224661367,0.04374017938322268,0.3500917777969596,0.176997098177929,same
238,NGIQ-BR-00000238,Tha_R_8_4,right,4,AV_THALAMUS_ANTEROVENTRAL_NUCLEUS_RIGHT.nii.gz,JULICH_BRAIN_CYTOARCHITECTONIC_ATLAS_V3_1_AV_THALAMUS_ANTEROVENTRAL_NUCLEUS,"AV (Thalamus, anteroventral Nucleus) right",right,71.4789936051526,0.2265067705744902,0.04291632225935573,0.25155689300410966,0.16393916637446646,same
238,NGIQ-BR-00000238,Tha_R_8_4,right,5,MD_THALAMUS_MEDIODORSAL_NUCLEUS_RIGHT.nii.gz,JULICH_BRAIN_CYTOARCHITECTONIC_ATLAS_V3_1_MD_THALAMUS_MEDIODORSAL_NUCLEUS,"MD (Thalamus, mediodorsal Nucleus) right",right,58.140591984320466,0.08449085852603182,0.03490788350675583,0.11388670337577687,0.1050763170548019,same
238,NGIQ-BR-00000238,Tha_R_8_4,right,6,PV_THALAMUS_PARAVENTRICULAR_NUCLEUS_LEFT.nii.gz,JULICH_BRAIN_CYTOARCHITECTONIC_ATLAS_V3_1_PV_THALAMUS_PARAVENTRICULAR_NUCLEUS,"Pv (Thalamus, paraventricular Nucleus) left",left,48.59030431771658,0.23974800773487115,0.02917384609943596,0.2636999055832789,0.11982859267648721,opposite
238,NGIQ-BR-00000238,Tha_R_8_4,right,7,MV_THALAMUS_MEDIOVENTRAL_NUCLEUS_RIGHT.nii.gz,JULICH_BRAIN_CYTOARCHITECTONIC_ATLAS_V3_1_MV_THALAMUS_MEDIOVENTRAL_NUCLEUS,"MV (Thalamus, medioventral Nucleus) right",right,43.05000709760848,0.2865436670744217,0.025847425721664548,0.2456983162447594,0.10672396494795346,same
238,NGIQ-BR-00000238,Tha_R_8_4,right,8,LD_THALAMUS_LATERAL_DORSAL_NUCLEUS_RIGHT.nii.gz,JULICH_BRAIN_CYTOARCHITECTONIC_ATLAS_V3_1_LD_THALAMUS_LATERAL_DORSAL_NUCLEUS,"LD (Thalamus, lateral dorsal Nucleus) right",right,40.01696365152082,0.12998662915071915,0.024026372242960538,0.14510872492400378,0.0924282837186874,same
238,NGIQ-BR-00000238,Tha_R_8_4,right,9,PUM_THALAMUS_MEDIAL_PULVINAR_RIGHT.nii.gz,JULICH_BRAIN_CYTOARCHITECTONIC_ATLAS_V3_1_PUM_THALAMUS_MEDIAL_PULVINAR,"PUm (Thalamus, medial pulvinar) right",right,38.44373251471939,0.1002693640945115,0.02308179690620656,0.10529617653220659,0.08174558518981093,same
238,NGIQ-BR-00000238,Tha_R_8_4,right,10,VA_THALAMUS_VENTRAL_ANTERIOR_NUCLEUS_VENTRAL_RIGHT.nii.gz,JULICH_BRAIN_CYTOARCHITECTONIC_ATLAS_V3_1_VA_THALAMUS_VENTRAL_ANTERIOR_NUCLEUS_VENTRAL,"VA (Thalamus, ventral anterior Nucleus (ventral)) right",right,30.519176265325232,0.033597304181240954,0.018323856249682326,0.06728264865202827,0.05897049230146217,same
239,NGIQ-BR-00000239,Tha_L_8_5,left,1,VLP_THALAMUS_VENTRAL_LATERAL_POSTERIOR_NUCLEUS_LEFT.nii.gz,JULICH_BRAIN_CYTOARCHITECTONIC_ATLAS_V3_1_VLP_THALAMUS_VENTRAL_LATERAL_POSTERIOR_NUCLEUS,"VLP (Thalamus, ventral lateral posterior Nucleus) left",left,291.5049050774388,0.1675031816643912,0.14066183651687728,0.3951786001094631,0.39455359156211894,same
239,NGIQ-BR-00000239,Tha_L_8_5,left,2,VPL_THALAMUS_VENTRAL_POSTERIOR_LATERAL_NUCLEUS_LEFT.nii.gz,JULICH_BRAIN_CYTOARCHITECTONIC_ATLAS_V3_1_VPL_THALAMUS_VENTRAL_POSTERIOR_LATERAL_NUCLEUS,"VPL (Thalamus, ventral posterior lateral Nucleus) left",left,284.87925712326313,0.32551444210201963,0.1374647177270543,0.5665291968519334,0.5159048653382895,same
239,NGIQ-BR-00000239,Tha_L_8_5,left,3,CL_THALAMUS_ANTERIOR_INTRALAMINAR_NUCLEI_LEFT.nii.gz,JULICH_BRAIN_CYTOARCHITECTONIC_ATLAS_V3_1_CL_THALAMUS_ANTERIOR_INTRALAMINAR_NUCLEI,"CL (Thalamus, anterior intralaminar nuclei) left",left,240.08239060877756,0.16053652996704262,0.11584858227144329,0.3907974527798744,0.3798773845268947,same
239,NGIQ-BR-00000239,Tha_L_8_5,left,4,RT_THALAMUS_RETICULAR_NUCLEUS_LEFT.nii.gz,JULICH_BRAIN_CYTOARCHITECTONIC_ATLAS_V3_1_RT_THALAMUS_RETICULAR_NUCLEUS,"Rt (Thalamus, reticular Nucleus) left",left,179.08761485862604,0.13442437254139178,0.08641635994684053,0.2913068280487241,0.2832136498194229,same
239,NGIQ-BR-00000239,Tha_L_8_5,left,5,PUA_THALAMUS_ANTERIOR_PULVINAR_LEFT.nii.gz,JULICH_BRAIN_CYTOARCHITECTONIC_ATLAS_V3_1_PUA_THALAMUS_ANTERIOR_PULVINAR,"PUa (Thalamus, anterior pulvinar) left",left,126.45923797341013,0.3636192018726137,0.06102123274096976,0.46606074350885884,0.28914744189229713,same
239,NGIQ-BR-00000239,Tha_L_8_5,left,6,LP_THALAMUS_LATERAL_POSTERIOR_NUCLEUS_LEFT.nii.gz,JULICH_BRAIN_CYTOARCHITECTONIC_ATLAS_V3_1_LP_THALAMUS_LATERAL_POSTERIOR_NUCLEUS,"LP (Thalamus, lateral posterior Nucleus) left",left,124.32562153595056,0.2627053055997193,0.059991684348170225,0.3484421930874516,0.26354119785699476,same
239,NGIQ-BR-00000239,Tha_L_8_5,left,7,PUM_THALAMUS_MEDIAL_PULVINAR_LEFT.nii.gz,JULICH_BRAIN_CYTOARCHITECTONIC_ATLAS_V3_1_PUM_THALAMUS_MEDIAL_PULVINAR,"PUm (Thalamus, medial pulvinar) left",left,124.00117062113961,0.14770686337893194,0.059835124850398595,0.24755465204743776,0.22507121551159182,same
239,NGIQ-BR-00000239,Tha_L_8_5,left,8,VA_THALAMUS_VENTRAL_ANTERIOR_NUCLEUS_VENTRAL_LEFT.nii.gz,JULICH_BRAIN_CYTOARCHITECTONIC_ATLAS_V3_1_VA_THALAMUS_VENTRAL_ANTERIOR_NUCLEUS_VENTRAL,"VA (Thalamus, ventral anterior Nucleus (ventral)) left",left,86.38346247861469,0.09550506925936743,0.04168319731601361,0.18870794539057129,0.16471488319387084,same
239,NGIQ-BR-00000239,Tha_L_8_5,left,9,MD_THALAMUS_MEDIODORSAL_NUCLEUS_LEFT.nii.gz,JULICH_BRAIN_CYTOARCHITECTONIC_ATLAS_V3_1_MD_THALAMUS_MEDIODORSAL_NUCLEUS,"MD (Thalamus, mediodorsal Nucleus) left",left,74.51123465418222,0.10674419792057348,0.03595441080078221,0.1431885635464031,0.13218699091249894,same
239,NGIQ-BR-00000239,Tha_L_8_5,left,10,VAMC_THALAMUS_VENTRAL_ANTERIOR_NUCLEUS_MAGNOCELLULAR_PART_LEFT.nii.gz,JULICH_BRAIN_CYTOARCHITECTONIC_ATLAS_V3_1_VAMC_THALAMUS_VENTRAL_ANTERIOR_NUCLEUS_MAGNOCELLULAR_PART,"VAmc (Thalamus, ventral anterior Nucleus, magnocellular part) left",left,70.02789980617665,0.10906071670750461,0.033791036866223374,0.1990103347276345,0.1491495623686006,same
240,NGIQ-BR-00000240,Tha_R_8_5,right,1,CL_THALAMUS_ANTERIOR_INTRALAMINAR_NUCLEI_RIGHT.nii.gz,JULICH_BRAIN_CYTOARCHITECTONIC_ATLAS_V3_1_CL_THALAMUS_ANTERIOR_INTRALAMINAR_NUCLEI,"CL (Thalamus, anterior intralaminar nuclei) right",right,218.25544364984808,0.16427017960666293,0.10898162496779486,0.394239544850665,0.37411575651931095,same
240,NGIQ-BR-00000240,Tha_R_8_5,right,2,VPL_THALAMUS_VENTRAL_POSTERIOR_LATERAL_NUCLEUS_RIGHT.nii.gz,JULICH_BRAIN_CYTOARCHITECTONIC_ATLAS_V3_1_VPL_THALAMUS_VENTRAL_POSTERIOR_LATERAL_NUCLEUS,"VPL (Thalamus, ventral posterior lateral Nucleus) right",right,200.75179171232784,0.2085947415228298,0.10024151567603298,0.3972215606572709,0.36492517335700864,same
240,NGIQ-BR-00000240,Tha_R_8_5,right,3,PUM_THALAMUS_MEDIAL_PULVINAR_RIGHT.nii.gz,JULICH_BRAIN_CYTOARCHITECTONIC_ATLAS_V3_1_PUM_THALAMUS_MEDIAL_PULVINAR,"PUm (Thalamus, medial pulvinar) right",right,139.70366445988293,0.3643766273657758,0.06975831673284458,0.3824732634599997,0.296845605602202,same
240,NGIQ-BR-00000240,Tha_R_8_5,right,4,PUL_THALAMUS_LATERAL_PULVINAR_RIGHT.nii.gz,JULICH_BRAIN_CYTOARCHITECTONIC_ATLAS_V3_1_PUL_THALAMUS_LATERAL_PULVINAR,"PUl (Thalamus, lateral pulvinar) right",right,123.35065399823822,0.33588415471483335,0.061592757957208366,0.3613389672876141,0.2683712932007012,same
240,NGIQ-BR-00000240,Tha_R_8_5,right,5,PUA_THALAMUS_ANTERIOR_PULVINAR_RIGHT.nii.gz,JULICH_BRAIN_CYTOARCHITECTONIC_ATLAS_V3_1_PUA_THALAMUS_ANTERIOR_PULVINAR,"PUa (Thalamus, anterior pulvinar) right",right,109.55927852137742,0.30171446884530645,0.054706301954669474,0.4012272652286468,0.25344531745921495,same
240,NGIQ-BR-00000240,Tha_R_8_5,right,6,RT_THALAMUS_RETICULAR_NUCLEUS_RIGHT.nii.gz,JULICH_BRAIN_CYTOARCHITECTONIC_ATLAS_V3_1_RT_THALAMUS_RETICULAR_NUCLEUS,"Rt (Thalamus, reticular Nucleus) right",right,106.60761178179645,0.07126338254373153,0.053232444385467204,0.15949812047433917,0.15798859267194576,same
240,NGIQ-BR-00000240,Tha_R_8_5,right,7,LP_THALAMUS_LATERAL_POSTERIOR_NUCLEUS_RIGHT.nii.gz,JULICH_BRAIN_CYTOARCHITECTONIC_ATLAS_V3_1_LP_THALAMUS_LATERAL_POSTERIOR_NUCLEUS,"LP (Thalamus, lateral posterior Nucleus) right",right,100.71978194119325,0.2723878681222446,0.050292470688443426,0.3307057800625535,0.22677757269028814,same
240,NGIQ-BR-00000240,Tha_R_8_5,right,8,VAMC_THALAMUS_VENTRAL_ANTERIOR_NUCLEUS_MAGNOCELLULAR_PART_RIGHT.nii.gz,JULICH_BRAIN_CYTOARCHITECTONIC_ATLAS_V3_1_VAMC_THALAMUS_VENTRAL_ANTERIOR_NUCLEUS_MAGNOCELLULAR_PART,"VAmc (Thalamus, ventral anterior Nucleus, magnocellular part) right",right,99.0248265514438,0.1359341714329217,0.04944612757079287,0.253089316277196,0.20483227590937717,same
240,NGIQ-BR-00000240,Tha_R_8_5,right,9,VLP_THALAMUS_VENTRAL_LATERAL_POSTERIOR_NUCLEUS_RIGHT.nii.gz,JULICH_BRAIN_CYTOARCHITECTONIC_ATLAS_V3_1_VLP_THALAMUS_VENTRAL_LATERAL_POSTERIOR_NUCLEUS,"VLP (Thalamus, ventral lateral posterior Nucleus) right",right,98.85015331465674,0.13029111144347852,0.049358907875993514,0.19273713769236897,0.17808143728404124,same
240,NGIQ-BR-00000240,Tha_R_8_5,right,10,MD_THALAMUS_MEDIODORSAL_NUCLEUS_RIGHT.nii.gz,JULICH_BRAIN_CYTOARCHITECTONIC_ATLAS_V3_1_MD_THALAMUS_MEDIODORSAL_NUCLEUS,"MD (Thalamus, mediodorsal Nucleus) right",right,88.62963276256276,0.1287980309002588,0.044255489060145245,0.1735316719064434,0.16007953129242783,same
241,NGIQ-BR-00000241,Tha_L_8_6,left,1,PUM_THALAMUS_MEDIAL_PULVINAR_LEFT.nii.gz,JULICH_BRAIN_CYTOARCHITECTONIC_ATLAS_V3_1_PUM_THALAMUS_MEDIAL_PULVINAR,"PUm (Thalamus, medial pulvinar) left",left,278.33593980754375,0.3315462945120837,0.1280410810544798,0.5717713486599832,0.5258844069290398,same
241,NGIQ-BR-00000241,Tha_L_8_6,left,2,CL_THALAMUS_ANTERIOR_INTRALAMINAR_NUCLEI_LEFT.nii.gz,JULICH_BRAIN_CYTOARCHITECTONIC_ATLAS_V3_1_CL_THALAMUS_ANTERIOR_INTRALAMINAR_NUCLEI,"CL (Thalamus, anterior intralaminar nuclei) left",left,228.7275163147985,0.15294383600583578,0.1052200390510231,0.38310482883093383,0.3747604934975946,same
241,NGIQ-BR-00000241,Tha_L_8_6,left,3,PUL_THALAMUS_LATERAL_PULVINAR_LEFT.nii.gz,JULICH_BRAIN_CYTOARCHITECTONIC_ATLAS_V3_1_PUL_THALAMUS_LATERAL_PULVINAR,"PUl (Thalamus, lateral pulvinar) left",left,178.07659546498817,0.4029380482523506,0.08191942373523257,0.462108140061468,0.37948942755957155,same
241,NGIQ-BR-00000241,Tha_L_8_6,left,4,VLP_THALAMUS_VENTRAL_LATERAL_POSTERIOR_NUCLEUS_LEFT.nii.gz,JULICH_BRAIN_CYTOARCHITECTONIC_ATLAS_V3_1_VLP_THALAMUS_VENTRAL_LATERAL_POSTERIOR_NUCLEUS,"VLP (Thalamus, ventral lateral posterior Nucleus) left",left,168.68473719144785,0.09692883270792005,0.0775989479559061,0.2353049887819734,0.23521468434615753,same
241,NGIQ-BR-00000241,Tha_L_8_6,left,5,MD_THALAMUS_MEDIODORSAL_NUCLEUS_LEFT.nii.gz,JULICH_BRAIN_CYTOARCHITECTONIC_ATLAS_V3_1_MD_THALAMUS_MEDIODORSAL_NUCLEUS,"MD (Thalamus, mediodorsal Nucleus) left",left,134.49511776272024,0.19267662838289623,0.06187091859856731,0.2659505462172517,0.24814107516599004,same
241,NGIQ-BR-00000241,Tha_L_8_6,left,6,VA_THALAMUS_VENTRAL_ANTERIOR_NUCLEUS_VENTRAL_LEFT.nii.gz,JULICH_BRAIN_CYTOARCHITECTONIC_ATLAS_V3_1_VA_THALAMUS_VENTRAL_ANTERIOR_NUCLEUS_VENTRAL,"VA (Thalamus, ventral anterior Nucleus (ventral)) left",left,99.94054823099592,0.11049370685949708,0.045975003607231876,0.22465138500052845,0.19877885959421737,same
241,NGIQ-BR-00000241,Tha_L_8_6,left,7,LP_THALAMUS_LATERAL_POSTERIOR_NUCLEUS_LEFT.nii.gz,JULICH_BRAIN_CYTOARCHITECTONIC_ATLAS_V3_1_LP_THALAMUS_LATERAL_POSTERIOR_NUCLEUS,"LP (Thalamus, lateral posterior Nucleus) left",left,99.6307167261963,0.210523925489534,0.04583247382524716,0.28732350029388215,0.22136204712006882,same
241,NGIQ-BR-00000241,Tha_L_8_6,left,8,VAMC_THALAMUS_VENTRAL_ANTERIOR_NUCLEUS_MAGNOCELLULAR_PART_LEFT.nii.gz,JULICH_BRAIN_CYTOARCHITECTONIC_ATLAS_V3_1_VAMC_THALAMUS_VENTRAL_ANTERIOR_NUCLEUS_MAGNOCELLULAR_PART,"VAmc (Thalamus, ventral anterior Nucleus, magnocellular part) left",left,99.04561650998143,0.15425260436501714,0.04556331395943478,0.28963269317195084,0.22116059366653734,same
241,NGIQ-BR-00000241,Tha_L_8_6,left,9,RT_THALAMUS_RETICULAR_NUCLEUS_LEFT.nii.gz,JULICH_BRAIN_CYTOARCHITECTONIC_ATLAS_V3_1_RT_THALAMUS_RETICULAR_NUCLEUS,"Rt (Thalamus, reticular Nucleus) left",left,96.59200494874226,0.07250261090360531,0.04443459491220695,0.16167173059270845,0.1581735060263523,same
241,NGIQ-BR-00000241,Tha_L_8_6,left,10,VPL_THALAMUS_VENTRAL_POSTERIOR_LATERAL_NUCLEUS_LEFT.nii.gz,JULICH_BRAIN_CYTOARCHITECTONIC_ATLAS_V3_1_VPL_THALAMUS_VENTRAL_POSTERIOR_LATERAL_NUCLEUS,"VPL (Thalamus, ventral posterior lateral Nucleus) left",left,90.71182407414673,0.10365096112552726,0.04172957335983507,0.18562358801203785,0.1709854807294362,same
242,NGIQ-BR-00000242,Tha_R_8_6,right,1,CL_THALAMUS_ANTERIOR_INTRALAMINAR_NUCLEI_RIGHT.nii.gz,JULICH_BRAIN_CYTOARCHITECTONIC_ATLAS_V3_1_CL_THALAMUS_ANTERIOR_INTRALAMINAR_NUCLEI,"CL (Thalamus, anterior intralaminar nuclei) right",right,145.20610720881672,0.10928952291996258,0.0883513571430712,0.3496403515600738,0.34937347771756266,same
242,NGIQ-BR-00000242,Tha_R_8_6,right,2,PUM_THALAMUS_MEDIAL_PULVINAR_RIGHT.nii.gz,JULICH_BRAIN_CYTOARCHITECTONIC_ATLAS_V3_1_PUM_THALAMUS_MEDIAL_PULVINAR,"PUm (Thalamus, medial pulvinar) right",right,114.64753018010828,0.2990249435786264,0.06975784338014913,0.4184075881269454,0.3785548465444295,same
242,NGIQ-BR-00000242,Tha_R_8_6,right,3,MD_THALAMUS_MEDIODORSAL_NUCLEUS_RIGHT.nii.gz,JULICH_BRAIN_CYTOARCHITECTONIC_ATLAS_V3_1_MD_THALAMUS_MEDIODORSAL_NUCLEUS,"MD (Thalamus, mediodorsal Nucleus) right",right,104.62090254582708,0.15203680551187207,0.06365709337668662,0.2730610958821478,0.2711169701293098,same
242,NGIQ-BR-00000242,Tha_R_8_6,right,4,PUL_THALAMUS_LATERAL_PULVINAR_RIGHT.nii.gz,JULICH_BRAIN_CYTOARCHITECTONIC_ATLAS_V3_1_PUL_THALAMUS_LATERAL_PULVINAR,"PUl (Thalamus, lateral pulvinar) right",right,101.16835376985107,0.2754816929496214,0.06155637340131077,0.39505684497126564,0.34663874997652216,same
242,NGIQ-BR-00000242,Tha_R_8_6,right,5,LD_THALAMUS_LATERAL_DORSAL_NUCLEUS_RIGHT.nii.gz,JULICH_BRAIN_CYTOARCHITECTONIC_ATLAS_V3_1_LD_THALAMUS_LATERAL_DORSAL_NUCLEUS,"LD (Thalamus, lateral dorsal Nucleus) right",right,72.709916255459,0.23618275994608115,0.044240699667615624,0.3513102585887355,0.27383745727189557,same
242,NGIQ-BR-00000242,Tha_R_8_6,right,6,VAMC_THALAMUS_VENTRAL_ANTERIOR_NUCLEUS_MAGNOCELLULAR_PART_RIGHT.nii.gz,JULICH_BRAIN_CYTOARCHITECTONIC_ATLAS_V3_1_VAMC_THALAMUS_VENTRAL_ANTERIOR_NUCLEUS_MAGNOCELLULAR_PART,"VAmc (Thalamus, ventral anterior Nucleus, magnocellular part) right",right,70.65962690666515,0.09699646211778055,0.042993191212331305,0.2407368798836354,0.22383881910949077,same
242,NGIQ-BR-00000242,Tha_R_8_6,right,7,LP_THALAMUS_LATERAL_POSTERIOR_NUCLEUS_RIGHT.nii.gz,JULICH_BRAIN_CYTOARCHITECTONIC_ATLAS_V3_1_LP_THALAMUS_LATERAL_POSTERIOR_NUCLEUS,"LP (Thalamus, lateral posterior Nucleus) right",right,66.84399972057395,0.18077376886381435,0.04067155442498627,0.2925708158467921,0.24187020222242636,same
242,NGIQ-BR-00000242,Tha_R_8_6,right,8,VPL_THALAMUS_VENTRAL_POSTERIOR_LATERAL_NUCLEUS_RIGHT.nii.gz,JULICH_BRAIN_CYTOARCHITECTONIC_ATLAS_V3_1_VPL_THALAMUS_VENTRAL_POSTERIOR_LATERAL_NUCLEUS,"VPL (Thalamus, ventral posterior lateral Nucleus) right",right,64.88912493440857,0.06742420641869853,0.03948210142109777,0.17115392621401876,0.16971304632701867,same
242,NGIQ-BR-00000242,Tha_R_8_6,right,9,AV_THALAMUS_ANTEROVENTRAL_NUCLEUS_RIGHT.nii.gz,JULICH_BRAIN_CYTOARCHITECTONIC_ATLAS_V3_1_AV_THALAMUS_ANTEROVENTRAL_NUCLEUS,"AV (Thalamus, anteroventral Nucleus) right",right,56.81498651554255,0.18003861647740216,0.0345693529094807,0.2664210251124243,0.21153846660974812,same
242,NGIQ-BR-00000242,Tha_R_8_6,right,10,VA_THALAMUS_VENTRAL_ANTERIOR_NUCLEUS_VENTRAL_RIGHT.nii.gz,JULICH_BRAIN_CYTOARCHITECTONIC_ATLAS_V3_1_VA_THALAMUS_VENTRAL_ANTERIOR_NUCLEUS_VENTRAL,"VA (Thalamus, ventral anterior Nucleus (ventral)) right",right,54.64031156208705,0.060151268571260456,0.033246161432371996,0.16050598578723352,0.15606894202633123,same
243,NGIQ-BR-00000243,Tha_L_8_7,left,1,CL_THALAMUS_ANTERIOR_INTRALAMINAR_NUCLEI_LEFT.nii.gz,JULICH_BRAIN_CYTOARCHITECTONIC_ATLAS_V3_1_CL_THALAMUS_ANTERIOR_INTRALAMINAR_NUCLEI,"CL (Thalamus, anterior intralaminar nuclei) left",left,154.94307586599902,0.10360619818419245,0.08427080126583801,0.30993266975608197,0.3097628067919803,same
243,NGIQ-BR-00000243,Tha_L_8_7,left,2,PUM_THALAMUS_MEDIAL_PULVINAR_LEFT.nii.gz,JULICH_BRAIN_CYTOARCHITECTONIC_ATLAS_V3_1_PUM_THALAMUS_MEDIAL_PULVINAR,"PUm (Thalamus, medial pulvinar) left",left,126.39097604631155,0.1505535354036388,0.06874181866252277,0.310073849739047,0.3015473906012052,same
243,NGIQ-BR-00000243,Tha_L_8_7,left,3,VLP_THALAMUS_VENTRAL_LATERAL_POSTERIOR_NUCLEUS_LEFT.nii.gz,JULICH_BRAIN_CYTOARCHITECTONIC_ATLAS_V3_1_VLP_THALAMUS_VENTRAL_LATERAL_POSTERIOR_NUCLEUS,"VLP (Thalamus, ventral lateral posterior Nucleus) left",left,113.40252126332209,0.06516282501429639,0.061677627599772494,0.1889182998429883,0.18681797042649642,same
243,NGIQ-BR-00000243,Tha_L_8_7,left,4,VA_THALAMUS_VENTRAL_ANTERIOR_NUCLEUS_VENTRAL_LEFT.nii.gz,JULICH_BRAIN_CYTOARCHITECTONIC_ATLAS_V3_1_VA_THALAMUS_VENTRAL_ANTERIOR_NUCLEUS_VENTRAL,"VA (Thalamus, ventral anterior Nucleus (ventral)) left",left,97.30560408585558,0.10758052746316885,0.05292279876425816,0.26121685617948137,0.24782285744716961,same
243,NGIQ-BR-00000243,Tha_L_8_7,left,5,VAMC_THALAMUS_VENTRAL_ANTERIOR_NUCLEUS_MAGNOCELLULAR_PART_LEFT.nii.gz,JULICH_BRAIN_CYTOARCHITECTONIC_ATLAS_V3_1_VAMC_THALAMUS_VENTRAL_ANTERIOR_NUCLEUS_MAGNOCELLULAR_PART,"VAmc (Thalamus, ventral anterior Nucleus, magnocellular part) left",left,95.71560270501152,0.1490664757902477,0.0520580251070384,0.3342650988319101,0.28342205818845706,same
243,NGIQ-BR-00000243,Tha_L_8_7,left,6,LP_THALAMUS_LATERAL_POSTERIOR_NUCLEUS_LEFT.nii.gz,JULICH_BRAIN_CYTOARCHITECTONIC_ATLAS_V3_1_LP_THALAMUS_LATERAL_POSTERIOR_NUCLEUS,"LP (Thalamus, lateral posterior Nucleus) left",left,90.96578568399325,0.19221455909087726,0.0494746835540832,0.31329390150466585,0.26758606632652754,same
243,NGIQ-BR-00000243,Tha_L_8_7,left,7,MD_THALAMUS_MEDIODORSAL_NUCLEUS_LEFT.nii.gz,JULICH_BRAIN_CYTOARCHITECTONIC_ATLAS_V3_1_MD_THALAMUS_MEDIODORSAL_NUCLEUS,"MD (Thalamus, mediodorsal Nucleus) left",left,84.9439373026243,0.12169000416738067,0.04619950661982492,0.20059621156773433,0.19668414446965318,same
243,NGIQ-BR-00000243,Tha_L_8_7,left,8,AV_THALAMUS_ANTEROVENTRAL_NUCLEUS_LEFT.nii.gz,JULICH_BRAIN_CYTOARCHITECTONIC_ATLAS_V3_1_AV_THALAMUS_ANTEROVENTRAL_NUCLEUS,"AV (Thalamus, anteroventral Nucleus) left",left,81.96413332036961,0.2763417368370533,0.04457884388419608,0.3760411741275696,0.2693113149714686,same
243,NGIQ-BR-00000243,Tha_L_8_7,left,9,PUL_THALAMUS_LATERAL_PULVINAR_LEFT.nii.gz,JULICH_BRAIN_CYTOARCHITECTONIC_ATLAS_V3_1_PUL_THALAMUS_LATERAL_PULVINAR,"PUl (Thalamus, lateral pulvinar) left",left,78.68260458888616,0.17803695674702313,0.042794078388652804,0.24384366350516853,0.2190969257158664,same
243,NGIQ-BR-00000243,Tha_L_8_7,left,10,LD_THALAMUS_LATERAL_DORSAL_NUCLEUS_LEFT.nii.gz,JULICH_BRAIN_CYTOARCHITECTONIC_ATLAS_V3_1_LD_THALAMUS_LATERAL_DORSAL_NUCLEUS,"LD (Thalamus, lateral dorsal Nucleus) left",left,71.03254913050365,0.3076041196487374,0.038633348394086706,0.37609832467402726,0.24252074628087228,same
244,NGIQ-BR-00000244,Tha_R_8_7,right,1,AV_THALAMUS_ANTEROVENTRAL_NUCLEUS_RIGHT.nii.gz,JULICH_BRAIN_CYTOARCHITECTONIC_ATLAS_V3_1_AV_THALAMUS_ANTEROVENTRAL_NUCLEUS,"AV (Thalamus, anteroventral Nucleus) right",right,115.41744287161312,0.36574147080507136,0.0691661675901495,0.4751676824243725,0.34681986176610835,same
244,NGIQ-BR-00000244,Tha_R_8_7,right,2,CL_THALAMUS_ANTERIOR_INTRALAMINAR_NUCLEI_RIGHT.nii.gz,JULICH_BRAIN_CYTOARCHITECTONIC_ATLAS_V3_1_CL_THALAMUS_ANTERIOR_INTRALAMINAR_NUCLEI,"CL (Thalamus, anterior intralaminar nuclei) right",right,107.6397410847191,0.08101515959972624,0.06450522716490616,0.22755122097804145,0.22433053956464724,same
244,NGIQ-BR-00000244,Tha_R_8_7,right,3,LD_THALAMUS_LATERAL_DORSAL_NUCLEUS_RIGHT.nii.gz,JULICH_BRAIN_CYTOARCHITECTONIC_ATLAS_V3_1_LD_THALAMUS_LATERAL_DORSAL_NUCLEUS,"LD (Thalamus, lateral dorsal Nucleus) right",right,105.41739291816762,0.3424260690695541,0.06317344141478912,0.4471768567856081,0.31970811706361785,same
244,NGIQ-BR-00000244,Tha_R_8_7,right,4,VA_THALAMUS_VENTRAL_ANTERIOR_NUCLEUS_VENTRAL_RIGHT.nii.gz,JULICH_BRAIN_CYTOARCHITECTONIC_ATLAS_V3_1_VA_THALAMUS_VENTRAL_ANTERIOR_NUCLEUS_VENTRAL,"VA (Thalamus, ventral anterior Nucleus (ventral)) right",right,77.89649011264034,0.08575303770367068,0.04668100033899151,0.20089346796043828,0.18801425225115181,same
244,NGIQ-BR-00000244,Tha_R_8_7,right,5,VAMC_THALAMUS_VENTRAL_ANTERIOR_NUCLEUS_MAGNOCELLULAR_PART_RIGHT.nii.gz,JULICH_BRAIN_CYTOARCHITECTONIC_ATLAS_V3_1_VAMC_THALAMUS_VENTRAL_ANTERIOR_NUCLEUS_MAGNOCELLULAR_PART,"VAmc (Thalamus, ventral anterior Nucleus, magnocellular part) right",right,75.0467276208107,0.10301875896331296,0.04497322424208676,0.22447754675444156,0.19755385360673353,same
244,NGIQ-BR-00000244,Tha_R_8_7,right,6,LP_THALAMUS_LATERAL_POSTERIOR_NUCLEUS_RIGHT.nii.gz,JULICH_BRAIN_CYTOARCHITECTONIC_ATLAS_V3_1_LP_THALAMUS_LATERAL_POSTERIOR_NUCLEUS,"LP (Thalamus, lateral posterior Nucleus) right",right,69.5841116241663,0.188184162586387,0.041699644407842615,0.2673920686909904,0.20431599526844318,same
244,NGIQ-BR-00000244,Tha_R_8_7,right,7,AM_THALAMUS_ANTEROMEDIAL_NUCLEUS_RIGHT.nii.gz,JULICH_BRAIN_CYTOARCHITECTONIC_ATLAS_V3_1_AM_THALAMUS_ANTEROMEDIAL_NUCLEUS,"AM (Thalamus, anteromedial Nucleus) right",right,65.62611895362961,0.2905387574948939,0.039327739628463254,0.3689264523168914,0.21281349729335752,same
244,NGIQ-BR-00000244,Tha_R_8_7,right,8,MD_THALAMUS_MEDIODORSAL_NUCLEUS_RIGHT.nii.gz,JULICH_BRAIN_CYTOARCHITECTONIC_ATLAS_V3_1_MD_THALAMUS_MEDIODORSAL_NUCLEUS,"MD (Thalamus, mediodorsal Nucleus) right",right,53.96448153083099,0.07842206656034255,0.03233927455513741,0.12365715079259113,0.11989539332214162,same
244,NGIQ-BR-00000244,Tha_R_8_7,right,9,RT_THALAMUS_RETICULAR_NUCLEUS_RIGHT.nii.gz,JULICH_BRAIN_CYTOARCHITECTONIC_ATLAS_V3_1_RT_THALAMUS_RETICULAR_NUCLEUS,"Rt (Thalamus, reticular Nucleus) right",right,37.06378353814997,0.02477581610404529,0.02221119962410129,0.06489758435016334,0.06488566631392635,same
244,NGIQ-BR-00000244,Tha_R_8_7,right,10,PV_THALAMUS_PARAVENTRICULAR_NUCLEUS_RIGHT.nii.gz,JULICH_BRAIN_CYTOARCHITECTONIC_ATLAS_V3_1_PV_THALAMUS_PARAVENTRICULAR_NUCLEUS,"Pv (Thalamus, paraventricular Nucleus) right",right,33.718195811593496,0.1657731980849061,0.020206290525223086,0.22493953886171508,0.11232374782396347,same
245,NGIQ-BR-00000245,Tha_L_8_8,left,1,VLP_THALAMUS_VENTRAL_LATERAL_POSTERIOR_NUCLEUS_LEFT.nii.gz,JULICH_BRAIN_CYTOARCHITECTONIC_ATLAS_V3_1_VLP_THALAMUS_VENTRAL_LATERAL_POSTERIOR_NUCLEUS,"VLP (Thalamus, ventral lateral posterior Nucleus) left",left,491.43079240489743,0.2823836575710649,0.2325789408797229,0.592210019282589,0.5833548568806137,same
245,NGIQ-BR-00000245,Tha_L_8_8,left,2,VIM_THALAMUS_VENTRAL_INTERMEDIATE_NUCLEUS_LEFT.nii.gz,JULICH_BRAIN_CYTOARCHITECTONIC_ATLAS_V3_1_VIM_THALAMUS_VENTRAL_INTERMEDIATE_NUCLEUS,"VIM (Thalamus, ventral intermediate Nucleus) left",left,407.81342780862815,0.39248231755995194,0.19300543755531024,0.5552900825587326,0.5317968727366571,same
245,NGIQ-BR-00000245,Tha_L_8_8,left,3,CL_THALAMUS_ANTERIOR_INTRALAMINAR_NUCLEI_LEFT.nii.gz,JULICH_BRAIN_CYTOARCHITECTONIC_ATLAS_V3_1_CL_THALAMUS_ANTERIOR_INTRALAMINAR_NUCLEI,"CL (Thalamus, anterior intralaminar nuclei) left",left,250.07074560229654,0.16721546983711194,0.1183507221282643,0.36184297069986676,0.3399551082155496,same
245,NGIQ-BR-00000245,Tha_L_8_8,left,4,VA_THALAMUS_VENTRAL_ANTERIOR_NUCLEUS_VENTRAL_LEFT.nii.gz,JULICH_BRAIN_CYTOARCHITECTONIC_ATLAS_V3_1_VA_THALAMUS_VENTRAL_ANTERIOR_NUCLEUS_VENTRAL,"VA (Thalamus, ventral anterior Nucleus (ventral)) left",left,182.6887432150167,0.20197964486520043,0.08646091181968192,0.35476208643759727,0.29088619414973355,same
245,NGIQ-BR-00000245,Tha_L_8_8,left,5,VLA_THALAMUS_VENTRAL_LATERAL_ANTERIOR_NUCLEUS_LEFT.nii.gz,JULICH_BRAIN_CYTOARCHITECTONIC_ATLAS_V3_1_VLA_THALAMUS_VENTRAL_LATERAL_ANTERIOR_NUCLEUS,"VLA (Thalamus, ventral lateral anterior Nucleus) left",left,166.73286206174302,0.41972328755985544,0.07890948851291124,0.5730301877726955,0.310695992468707,same
245,NGIQ-BR-00000245,Tha_L_8_8,left,6,ZI_THALAMUS_ZONA_INCERTA_LEFT.nii.gz,JULICH_BRAIN_CYTOARCHITECTONIC_ATLAS_V3_1_ZI_THALAMUS_ZONA_INCERTA,"ZI (Thalamus, zona incerta) left",left,129.03300109748858,0.1926811611284797,0.06106731445729192,0.25883513755413934,0.20825121355614762,same
245,NGIQ-BR-00000245,Tha_L_8_8,left,7,CM_THALAMUS_CENTROMEDIAN_NUCLEUS_LEFT.nii.gz,JULICH_BRAIN_CYTOARCHITECTONIC_ATLAS_V3_1_CM_THALAMUS_CENTROMEDIAN_NUCLEUS,"CM (Thalamus, centromedian Nucleus) left",left,108.47870365674498,0.3727484110214809,0.05133960344858447,0.4075910612691726,0.20481517225076684,same
245,NGIQ-BR-00000245,Tha_L_8_8,left,8,RT_THALAMUS_RETICULAR_NUCLEUS_LEFT.nii.gz,JULICH_BRAIN_CYTOARCHITECTONIC_ATLAS_V3_1_RT_THALAMUS_RETICULAR_NUCLEUS,"Rt (Thalamus, reticular Nucleus) left",left,100.2825342948208,0.07527274714157925,0.04746061088456833,0.1450027525757251,0.1362644282672638,same
245,NGIQ-BR-00000245,Tha_L_8_8,left,9,PF_THALAMUS_PARAFASCICULAR_NUCLEUS_LEFT.nii.gz,JULICH_BRAIN_CYTOARCHITECTONIC_ATLAS_V3_1_PF_THALAMUS_PARAFASCICULAR_NUCLEUS,"Pf (Thalamus, parafascicular Nucleus) left",left,92.32545176580281,0.3593140106993635,0.04369477069772311,0.36183006984333543,0.1752760949801137,same
245,NGIQ-BR-00000245,Tha_L_8_8,left,10,VM_THALAMUS_VENTRAL_MEDIAL_NUCLEUS_LEFT.nii.gz,JULICH_BRAIN_CYTOARCHITECTONIC_ATLAS_V3_1_VM_THALAMUS_VENTRAL_MEDIAL_NUCLEUS,"VM (Thalamus, ventral medial Nucleus) left",left,85.2895906824582,0.38190963844092385,0.04036491602798784,0.39729539731556196,0.16493446753747726,same
246,NGIQ-BR-00000246,Tha_R_8_8,right,1,CL_THALAMUS_ANTERIOR_INTRALAMINAR_NUCLEI_RIGHT.nii.gz,JULICH_BRAIN_CYTOARCHITECTONIC_ATLAS_V3_1_CL_THALAMUS_ANTERIOR_INTRALAMINAR_NUCLEI,"CL (Thalamus, anterior intralaminar nuclei) right",right,250.2532508010975,0.1883533614043544,0.14159367334499004,0.49726312299300984,0.48426386209883815,same
246,NGIQ-BR-00000246,Tha_R_8_8,right,2,VLP_THALAMUS_VENTRAL_LATERAL_POSTERIOR_NUCLEUS_RIGHT.nii.gz,JULICH_BRAIN_CYTOARCHITECTONIC_ATLAS_V3_1_VLP_THALAMUS_VENTRAL_LATERAL_POSTERIOR_NUCLEUS,"VLP (Thalamus, ventral lateral posterior Nucleus) right",right,210.99242327599603,0.2781021213722925,0.11937983688113689,0.45254976443888406,0.4319505635303797,same
246,NGIQ-BR-00000246,Tha_R_8_8,right,3,VPL_THALAMUS_VENTRAL_POSTERIOR_LATERAL_NUCLEUS_RIGHT.nii.gz,JULICH_BRAIN_CYTOARCHITECTONIC_ATLAS_V3_1_VPL_THALAMUS_VENTRAL_POSTERIOR_LATERAL_NUCLEUS,"VPL (Thalamus, ventral posterior lateral Nucleus) right",right,195.5129972764281,0.20315127841883085,0.11062155389566306,0.4255596492111041,0.40437189365196957,same
246,NGIQ-BR-00000246,Tha_R_8_8,right,4,VA_THALAMUS_VENTRAL_ANTERIOR_NUCLEUS_VENTRAL_RIGHT.nii.gz,JULICH_BRAIN_CYTOARCHITECTONIC_ATLAS_V3_1_VA_THALAMUS_VENTRAL_ANTERIOR_NUCLEUS_VENTRAL,"VA (Thalamus, ventral anterior Nucleus (ventral)) right",right,160.40392273161547,0.176582072105311,0.0907567856393887,0.38883281642068074,0.3554613834515629,same
246,NGIQ-BR-00000246,Tha_R_8_8,right,5,VIM_THALAMUS_VENTRAL_INTERMEDIATE_NUCLEUS_RIGHT.nii.gz,JULICH_BRAIN_CYTOARCHITECTONIC_ATLAS_V3_1_VIM_THALAMUS_VENTRAL_INTERMEDIATE_NUCLEUS,"VIM (Thalamus, ventral intermediate Nucleus) right",right,141.831615467132,0.13827237423437636,0.08024854568785188,0.24251723751893545,0.24172431690512283,same
246,NGIQ-BR-00000246,Tha_R_8_8,right,6,RT_THALAMUS_RETICULAR_NUCLEUS_RIGHT.nii.gz,JULICH_BRAIN_CYTOARCHITECTONIC_ATLAS_V3_1_RT_THALAMUS_RETICULAR_NUCLEUS,"Rt (Thalamus, reticular Nucleus) right",right,134.36860691912997,0.0898206167149249,0.07602596399856726,0.22114473039402674,0.22094258600152966,same
246,NGIQ-BR-00000246,Tha_R_8_8,right,7,VAMC_THALAMUS_VENTRAL_ANTERIOR_NUCLEUS_MAGNOCELLULAR_PART_RIGHT.nii.gz,JULICH_BRAIN_CYTOARCHITECTONIC_ATLAS_V3_1_VAMC_THALAMUS_VENTRAL_ANTERIOR_NUCLEUS_MAGNOCELLULAR_PART,"VAmc (Thalamus, ventral anterior Nucleus, magnocellular part) right",right,117.27929148031816,0.16099259012925504,0.06635680309781303,0.3297330509467166,0.2813642084514981,same
246,NGIQ-BR-00000246,Tha_R_8_8,right,8,PUA_THALAMUS_ANTERIOR_PULVINAR_RIGHT.nii.gz,JULICH_BRAIN_CYTOARCHITECTONIC_ATLAS_V3_1_PUA_THALAMUS_ANTERIOR_PULVINAR,"PUa (Thalamus, anterior pulvinar) right",right,85.06733961849476,0.23426630346118454,0.04813123130153422,0.34270114087455616,0.23264050529740343,same
246,NGIQ-BR-00000246,Tha_R_8_8,right,9,CM_THALAMUS_CENTROMEDIAN_NUCLEUS_RIGHT.nii.gz,JULICH_BRAIN_CYTOARCHITECTONIC_ATLAS_V3_1_CM_THALAMUS_CENTROMEDIAN_NUCLEUS,"CM (Thalamus, centromedian Nucleus) right",right,62.40289622453096,0.18468484331514837,0.035307654448094784,0.25215972576533086,0.17079556779475918,same
246,NGIQ-BR-00000246,Tha_R_8_8,right,10,MD_THALAMUS_MEDIODORSAL_NUCLEUS_RIGHT.nii.gz,JULICH_BRAIN_CYTOARCHITECTONIC_ATLAS_V3_1_MD_THALAMUS_MEDIODORSAL_NUCLEUS,"MD (Thalamus, mediodorsal Nucleus) right",right,48.93101667227043,0.07110735316053603,0.02768524432331305,0.10538904424239107,0.10046605316475855,same
