row_index,julich_asset_file,julich_component_id,julich_region_name,julich_hemisphere,canonical_g4_descendant_count,canonical_g4_ids,canonical_g4_entity_ids,spatial_identity_status
1,ACBL_VENTRAL_STRIATUM_LATERAL_ACCUMBENS_LEFT.nii.gz,JULICH_BRAIN_CYTOARCHITECTONIC_ATLAS_V3_1_ACBL_VENTRAL_STRIATUM_LATERAL_ACCUMBENS,"AcbL (Ventral Striatum, Lateral Accumbens) left",left,1,JULICH_BRAIN_CYTOARCHITECTONIC_ATLAS_V3_1_ACBL_VENTRAL_STRIATUM_LATERAL_ACCUMBENS_LEFT,NGIQ-BR-00000338,ONE_TO_ONE_CANONICAL
2,ACBL_VENTRAL_STRIATUM_LATERAL_ACCUMBENS_RIGHT.nii.gz,JULICH_BRAIN_CYTOARCHITECTONIC_ATLAS_V3_1_ACBL_VENTRAL_STRIATUM_LATERAL_ACCUMBENS,"AcbL (Ventral Striatum, Lateral Accumbens) right",right,1,JULICH_BRAIN_CYTOARCHITECTONIC_ATLAS_V3_1_ACBL_VENTRAL_STRIATUM_LATERAL_ACCUMBENS_RIGHT,NGIQ-BR-00000337,ONE_TO_ONE_CANONICAL
3,ACBM_VENTRAL_STRIATUM_MEDIAL_ACCUMBENS_LEFT.nii.gz,JULICH_BRAIN_CYTOARCHITECTONIC_ATLAS_V3_1_ACBM_VENTRAL_STRIATUM_MEDIAL_ACCUMBENS,"AcbM (Ventral Striatum, Medial Accumbens) left",left,1,JULICH_BRAIN_CYTOARCHITECTONIC_ATLAS_V3_1_ACBM_VENTRAL_STRIATUM_MEDIAL_ACCUMBENS_LEFT,NGIQ-BR-00000336,ONE_TO_ONE_CANONICAL
4,ACBM_VENTRAL_STRIATUM_MEDIAL_ACCUMBENS_RIGHT.nii.gz,JULICH_BRAIN_CYTOARCHITECTONIC_ATLAS_V3_1_ACBM_VENTRAL_STRIATUM_MEDIAL_ACCUMBENS,"AcbM (Ventral Striatum, Medial Accumbens) right",right,1,JULICH_BRAIN_CYTOARCHITECTONIC_ATLAS_V3_1_ACBM_VENTRAL_STRIATUM_MEDIAL_ACCUMBENS_RIGHT,NGIQ-BR-00000335,ONE_TO_ONE_CANONICAL
5,AM_THALAMUS_ANTEROMEDIAL_NUCLEUS_LEFT.nii.gz,JULICH_BRAIN_CYTOARCHITECTONIC_ATLAS_V3_1_AM_THALAMUS_ANTEROMEDIAL_NUCLEUS,"AM (Thalamus, anteromedial Nucleus) left",left,1,JULICH_BRAIN_CYTOARCHITECTONIC_ATLAS_V3_1_AM_THALAMUS_ANTEROMEDIAL_NUCLEUS_LEFT,NGIQ-BR-00000742,ONE_TO_ONE_CANONICAL
6,AM_THALAMUS_ANTEROMEDIAL_NUCLEUS_RIGHT.nii.gz,JULICH_BRAIN_CYTOARCHITECTONIC_ATLAS_V3_1_AM_THALAMUS_ANTEROMEDIAL_NUCLEUS,"AM (Thalamus, anteromedial Nucleus) right",right,1,JULICH_BRAIN_CYTOARCHITECTONIC_ATLAS_V3_1_AM_THALAMUS_ANTEROMEDIAL_NUCLEUS_RIGHT,NGIQ-BR-00000741,ONE_TO_ONE_CANONICAL
7,AREA_1_POSTCG_LEFT.nii.gz,JULICH_BRAIN_CYTOARCHITECTONIC_ATLAS_V3_1_AREA_1_POSTCG,Area 1 (PostCG) left,left,1,JULICH_BRAIN_CYTOARCHITECTONIC_ATLAS_V3_1_AREA_1_POSTCG_LEFT,NGIQ-BR-00000398,ONE_TO_ONE_CANONICAL
8,AREA_1_POSTCG_RIGHT.nii.gz,JULICH_BRAIN_CYTOARCHITECTONIC_ATLAS_V3_1_AREA_1_POSTCG,Area 1 (PostCG) right,right,1,JULICH_BRAIN_CYTOARCHITECTONIC_ATLAS_V3_1_AREA_1_POSTCG_RIGHT,NGIQ-BR-00000397,ONE_TO_ONE_CANONICAL
9,AREA_25_SACC_LEFT.nii.gz,JULICH_BRAIN_CYTOARCHITECTONIC_ATLAS_V3_1_AREA_25_SACC,Area 25 (sACC) left,left,2,JULICH_BRAIN_CYTOARCHITECTONIC_ATLAS_V3_1_AREA_25_25A_SACC_LEFT;JULICH_BRAIN_CYTOARCHITECTONIC_ATLAS_V3_1_AREA_25_25P_SACC_LEFT,NGIQ-BR-00000639;NGIQ-BR-00000640,SHARED_SPATIAL_REPRESENTATION
10,AREA_25_SACC_RIGHT.nii.gz,JULICH_BRAIN_CYTOARCHITECTONIC_ATLAS_V3_1_AREA_25_SACC,Area 25 (sACC) right,right,2,JULICH_BRAIN_CYTOARCHITECTONIC_ATLAS_V3_1_AREA_25_25A_SACC_RIGHT;JULICH_BRAIN_CYTOARCHITECTONIC_ATLAS_V3_1_AREA_25_25P_SACC_RIGHT,NGIQ-BR-00000637;NGIQ-BR-00000638,SHARED_SPATIAL_REPRESENTATION
11,AREA_2_POSTCS_LEFT.nii.gz,JULICH_BRAIN_CYTOARCHITECTONIC_ATLAS_V3_1_AREA_2_POSTCS,Area 2 (PostCS) left,left,1,JULICH_BRAIN_CYTOARCHITECTONIC_ATLAS_V3_1_AREA_2_POSTCS_LEFT,NGIQ-BR-00000400,ONE_TO_ONE_CANONICAL
12,AREA_2_POSTCS_RIGHT.nii.gz,JULICH_BRAIN_CYTOARCHITECTONIC_ATLAS_V3_1_AREA_2_POSTCS,Area 2 (PostCS) right,right,1,JULICH_BRAIN_CYTOARCHITECTONIC_ATLAS_V3_1_AREA_2_POSTCS_RIGHT,NGIQ-BR-00000399,ONE_TO_ONE_CANONICAL
13,AREA_33_ACC_LEFT.nii.gz,JULICH_BRAIN_CYTOARCHITECTONIC_ATLAS_V3_1_AREA_33_ACC,Area 33 (ACC) left,left,1,JULICH_BRAIN_CYTOARCHITECTONIC_ATLAS_V3_1_AREA_33_ACC_LEFT,NGIQ-BR-00000648,ONE_TO_ONE_CANONICAL
14,AREA_33_ACC_RIGHT.nii.gz,JULICH_BRAIN_CYTOARCHITECTONIC_ATLAS_V3_1_AREA_33_ACC,Area 33 (ACC) right,right,1,JULICH_BRAIN_CYTOARCHITECTONIC_ATLAS_V3_1_AREA_33_ACC_RIGHT,NGIQ-BR-00000647,ONE_TO_ONE_CANONICAL
15,AREA_3A_POSTCG_LEFT.nii.gz,JULICH_BRAIN_CYTOARCHITECTONIC_ATLAS_V3_1_AREA_3A_POSTCG,Area 3a (PostCG) left,left,1,JULICH_BRAIN_CYTOARCHITECTONIC_ATLAS_V3_1_AREA_3A_POSTCG_LEFT,NGIQ-BR-00000402,ONE_TO_ONE_CANONICAL
16,AREA_3A_POSTCG_RIGHT.nii.gz,JULICH_BRAIN_CYTOARCHITECTONIC_ATLAS_V3_1_AREA_3A_POSTCG,Area 3a (PostCG) right,right,1,JULICH_BRAIN_CYTOARCHITECTONIC_ATLAS_V3_1_AREA_3A_POSTCG_RIGHT,NGIQ-BR-00000401,ONE_TO_ONE_CANONICAL
17,AREA_3B_POSTCG_LEFT.nii.gz,JULICH_BRAIN_CYTOARCHITECTONIC_ATLAS_V3_1_AREA_3B_POSTCG,Area 3b (PostCG) left,left,1,JULICH_BRAIN_CYTOARCHITECTONIC_ATLAS_V3_1_AREA_3B_POSTCG_LEFT,NGIQ-BR-00000396,ONE_TO_ONE_CANONICAL
18,AREA_3B_POSTCG_RIGHT.nii.gz,JULICH_BRAIN_CYTOARCHITECTONIC_ATLAS_V3_1_AREA_3B_POSTCG,Area 3b (PostCG) right,right,1,JULICH_BRAIN_CYTOARCHITECTONIC_ATLAS_V3_1_AREA_3B_POSTCG_RIGHT,NGIQ-BR-00000395,ONE_TO_ONE_CANONICAL
19,AREA_44_IFG_LEFT.nii.gz,JULICH_BRAIN_CYTOARCHITECTONIC_ATLAS_V3_1_AREA_44_IFG,Area 44 (IFG) left,left,1,JULICH_BRAIN_CYTOARCHITECTONIC_ATLAS_V3_1_AREA_44_IFG_LEFT,NGIQ-BR-00000500,ONE_TO_ONE_CANONICAL
20,AREA_44_IFG_RIGHT.nii.gz,JULICH_BRAIN_CYTOARCHITECTONIC_ATLAS_V3_1_AREA_44_IFG,Area 44 (IFG) right,right,1,JULICH_BRAIN_CYTOARCHITECTONIC_ATLAS_V3_1_AREA_44_IFG_RIGHT,NGIQ-BR-00000499,ONE_TO_ONE_CANONICAL
21,AREA_45_IFG_LEFT.nii.gz,JULICH_BRAIN_CYTOARCHITECTONIC_ATLAS_V3_1_AREA_45_IFG,Area 45 (IFG) left,left,1,JULICH_BRAIN_CYTOARCHITECTONIC_ATLAS_V3_1_AREA_45_IFG_LEFT,NGIQ-BR-00000502,ONE_TO_ONE_CANONICAL
22,AREA_45_IFG_RIGHT.nii.gz,JULICH_BRAIN_CYTOARCHITECTONIC_ATLAS_V3_1_AREA_45_IFG,Area 45 (IFG) right,right,1,JULICH_BRAIN_CYTOARCHITECTONIC_ATLAS_V3_1_AREA_45_IFG_RIGHT,NGIQ-BR-00000501,ONE_TO_ONE_CANONICAL
23,AREA_4A_PRECG_LEFT.nii.gz,JULICH_BRAIN_CYTOARCHITECTONIC_ATLAS_V3_1_AREA_4A_PRECG,Area 4a (PreCG) left,left,1,JULICH_BRAIN_CYTOARCHITECTONIC_ATLAS_V3_1_AREA_4A_PRECG_LEFT,NGIQ-BR-00000472,ONE_TO_ONE_CANONICAL
24,AREA_4A_PRECG_RIGHT.nii.gz,JULICH_BRAIN_CYTOARCHITECTONIC_ATLAS_V3_1_AREA_4A_PRECG,Area 4a (PreCG) right,right,1,JULICH_BRAIN_CYTOARCHITECTONIC_ATLAS_V3_1_AREA_4A_PRECG_RIGHT,NGIQ-BR-00000471,ONE_TO_ONE_CANONICAL
25,AREA_4P_PRECG_LEFT.nii.gz,JULICH_BRAIN_CYTOARCHITECTONIC_ATLAS_V3_1_AREA_4P_PRECG,Area 4p (PreCG) left,left,1,JULICH_BRAIN_CYTOARCHITECTONIC_ATLAS_V3_1_AREA_4P_PRECG_LEFT,NGIQ-BR-00000470,ONE_TO_ONE_CANONICAL
26,AREA_4P_PRECG_RIGHT.nii.gz,JULICH_BRAIN_CYTOARCHITECTONIC_ATLAS_V3_1_AREA_4P_PRECG,Area 4p (PreCG) right,right,1,JULICH_BRAIN_CYTOARCHITECTONIC_ATLAS_V3_1_AREA_4P_PRECG_RIGHT,NGIQ-BR-00000469,ONE_TO_ONE_CANONICAL
27,AREA_5CI_SPL_LEFT.nii.gz,JULICH_BRAIN_CYTOARCHITECTONIC_ATLAS_V3_1_AREA_5CI_SPL,Area 5Ci (SPL) left,left,1,JULICH_BRAIN_CYTOARCHITECTONIC_ATLAS_V3_1_AREA_5CI_SPL_LEFT,NGIQ-BR-00000392,ONE_TO_ONE_CANONICAL
28,AREA_5CI_SPL_RIGHT.nii.gz,JULICH_BRAIN_CYTOARCHITECTONIC_ATLAS_V3_1_AREA_5CI_SPL,Area 5Ci (SPL) right,right,1,JULICH_BRAIN_CYTOARCHITECTONIC_ATLAS_V3_1_AREA_5CI_SPL_RIGHT,NGIQ-BR-00000391,ONE_TO_ONE_CANONICAL
29,AREA_5L_SPL_LEFT.nii.gz,JULICH_BRAIN_CYTOARCHITECTONIC_ATLAS_V3_1_AREA_5L_SPL,Area 5L (SPL) left,left,1,JULICH_BRAIN_CYTOARCHITECTONIC_ATLAS_V3_1_AREA_5L_SPL_LEFT,NGIQ-BR-00000382,ONE_TO_ONE_CANONICAL
30,AREA_5L_SPL_RIGHT.nii.gz,JULICH_BRAIN_CYTOARCHITECTONIC_ATLAS_V3_1_AREA_5L_SPL,Area 5L (SPL) right,right,1,JULICH_BRAIN_CYTOARCHITECTONIC_ATLAS_V3_1_AREA_5L_SPL_RIGHT,NGIQ-BR-00000381,ONE_TO_ONE_CANONICAL
31,AREA_5M_SPL_LEFT.nii.gz,JULICH_BRAIN_CYTOARCHITECTONIC_ATLAS_V3_1_AREA_5M_SPL,Area 5M (SPL) left,left,1,JULICH_BRAIN_CYTOARCHITECTONIC_ATLAS_V3_1_AREA_5M_SPL_LEFT,NGIQ-BR-00000388,ONE_TO_ONE_CANONICAL
32,AREA_5M_SPL_RIGHT.nii.gz,JULICH_BRAIN_CYTOARCHITECTONIC_ATLAS_V3_1_AREA_5M_SPL,Area 5M (SPL) right,right,1,JULICH_BRAIN_CYTOARCHITECTONIC_ATLAS_V3_1_AREA_5M_SPL_RIGHT,NGIQ-BR-00000387,ONE_TO_ONE_CANONICAL
33,AREA_6D1_PRECG_LEFT.nii.gz,JULICH_BRAIN_CYTOARCHITECTONIC_ATLAS_V3_1_AREA_6D1_PRECG,Area 6d1 (PreCG) left,left,1,JULICH_BRAIN_CYTOARCHITECTONIC_ATLAS_V3_1_AREA_6D1_PRECG_LEFT,NGIQ-BR-00000454,ONE_TO_ONE_CANONICAL
34,AREA_6D1_PRECG_RIGHT.nii.gz,JULICH_BRAIN_CYTOARCHITECTONIC_ATLAS_V3_1_AREA_6D1_PRECG,Area 6d1 (PreCG) right,right,1,JULICH_BRAIN_CYTOARCHITECTONIC_ATLAS_V3_1_AREA_6D1_PRECG_RIGHT,NGIQ-BR-00000453,ONE_TO_ONE_CANONICAL
35,AREA_6D2_PRECG_LEFT.nii.gz,JULICH_BRAIN_CYTOARCHITECTONIC_ATLAS_V3_1_AREA_6D2_PRECG,Area 6d2 (PreCG) left,left,1,JULICH_BRAIN_CYTOARCHITECTONIC_ATLAS_V3_1_AREA_6D2_PRECG_LEFT,NGIQ-BR-00000452,ONE_TO_ONE_CANONICAL
36,AREA_6D2_PRECG_RIGHT.nii.gz,JULICH_BRAIN_CYTOARCHITECTONIC_ATLAS_V3_1_AREA_6D2_PRECG,Area 6d2 (PreCG) right,right,1,JULICH_BRAIN_CYTOARCHITECTONIC_ATLAS_V3_1_AREA_6D2_PRECG_RIGHT,NGIQ-BR-00000451,ONE_TO_ONE_CANONICAL
37,AREA_6D3_SFS_LEFT.nii.gz,JULICH_BRAIN_CYTOARCHITECTONIC_ATLAS_V3_1_AREA_6D3_SFS,Area 6d3 (SFS) left,left,1,JULICH_BRAIN_CYTOARCHITECTONIC_ATLAS_V3_1_AREA_6D3_SFS_LEFT,NGIQ-BR-00000514,ONE_TO_ONE_CANONICAL
38,AREA_6D3_SFS_RIGHT.nii.gz,JULICH_BRAIN_CYTOARCHITECTONIC_ATLAS_V3_1_AREA_6D3_SFS,Area 6d3 (SFS) right,right,1,JULICH_BRAIN_CYTOARCHITECTONIC_ATLAS_V3_1_AREA_6D3_SFS_RIGHT,NGIQ-BR-00000513,ONE_TO_ONE_CANONICAL
39,AREA_6MA_PRESMA_MESIAL_SFG_LEFT.nii.gz,JULICH_BRAIN_CYTOARCHITECTONIC_ATLAS_V3_1_AREA_6MA_PRESMA_MESIAL_SFG,"Area 6ma (preSMA, mesial SFG) left",left,1,JULICH_BRAIN_CYTOARCHITECTONIC_ATLAS_V3_1_AREA_6MA_PRESMA_MESIAL_SFG_LEFT,NGIQ-BR-00000456,ONE_TO_ONE_CANONICAL
40,AREA_6MA_PRESMA_MESIAL_SFG_RIGHT.nii.gz,JULICH_BRAIN_CYTOARCHITECTONIC_ATLAS_V3_1_AREA_6MA_PRESMA_MESIAL_SFG,"Area 6ma (preSMA, mesial SFG) right",right,1,JULICH_BRAIN_CYTOARCHITECTONIC_ATLAS_V3_1_AREA_6MA_PRESMA_MESIAL_SFG_RIGHT,NGIQ-BR-00000455,ONE_TO_ONE_CANONICAL
41,AREA_6MP_SMA_MESIAL_SFG_LEFT.nii.gz,JULICH_BRAIN_CYTOARCHITECTONIC_ATLAS_V3_1_AREA_6MP_SMA_MESIAL_SFG,"Area 6mp (SMA, mesial SFG) left",left,1,JULICH_BRAIN_CYTOARCHITECTONIC_ATLAS_V3_1_AREA_6MP_SMA_MESIAL_SFG_LEFT,NGIQ-BR-00000462,ONE_TO_ONE_CANONICAL
42,AREA_6MP_SMA_MESIAL_SFG_RIGHT.nii.gz,JULICH_BRAIN_CYTOARCHITECTONIC_ATLAS_V3_1_AREA_6MP_SMA_MESIAL_SFG,"Area 6mp (SMA, mesial SFG) right",right,1,JULICH_BRAIN_CYTOARCHITECTONIC_ATLAS_V3_1_AREA_6MP_SMA_MESIAL_SFG_RIGHT,NGIQ-BR-00000461,ONE_TO_ONE_CANONICAL
43,AREA_6R1_PRECG_LEFT.nii.gz,JULICH_BRAIN_CYTOARCHITECTONIC_ATLAS_V3_1_AREA_6R1_PRECG,Area 6r1 (PreCG) left,left,1,JULICH_BRAIN_CYTOARCHITECTONIC_ATLAS_V3_1_AREA_6R1_PRECG_LEFT,NGIQ-BR-00000448,ONE_TO_ONE_CANONICAL
44,AREA_6R1_PRECG_RIGHT.nii.gz,JULICH_BRAIN_CYTOARCHITECTONIC_ATLAS_V3_1_AREA_6R1_PRECG,Area 6r1 (PreCG) right,right,1,JULICH_BRAIN_CYTOARCHITECTONIC_ATLAS_V3_1_AREA_6R1_PRECG_RIGHT,NGIQ-BR-00000447,ONE_TO_ONE_CANONICAL
45,AREA_6V1_PRECG_LEFT.nii.gz,JULICH_BRAIN_CYTOARCHITECTONIC_ATLAS_V3_1_AREA_6V1_PRECG,Area 6v1 (PreCG) left,left,1,JULICH_BRAIN_CYTOARCHITECTONIC_ATLAS_V3_1_AREA_6V1_PRECG_LEFT,NGIQ-BR-00000450,ONE_TO_ONE_CANONICAL
46,AREA_6V1_PRECG_RIGHT.nii.gz,JULICH_BRAIN_CYTOARCHITECTONIC_ATLAS_V3_1_AREA_6V1_PRECG,Area 6v1 (PreCG) right,right,1,JULICH_BRAIN_CYTOARCHITECTONIC_ATLAS_V3_1_AREA_6V1_PRECG_RIGHT,NGIQ-BR-00000449,ONE_TO_ONE_CANONICAL
47,AREA_6V2_PRECG_LEFT.nii.gz,JULICH_BRAIN_CYTOARCHITECTONIC_ATLAS_V3_1_AREA_6V2_PRECG,Area 6v2 (PreCG) left,left,1,JULICH_BRAIN_CYTOARCHITECTONIC_ATLAS_V3_1_AREA_6V2_PRECG_LEFT,NGIQ-BR-00000446,ONE_TO_ONE_CANONICAL
48,AREA_6V2_PRECG_RIGHT.nii.gz,JULICH_BRAIN_CYTOARCHITECTONIC_ATLAS_V3_1_AREA_6V2_PRECG,Area 6v2 (PreCG) right,right,1,JULICH_BRAIN_CYTOARCHITECTONIC_ATLAS_V3_1_AREA_6V2_PRECG_RIGHT,NGIQ-BR-00000445,ONE_TO_ONE_CANONICAL
49,AREA_6V3_PRECG_LEFT.nii.gz,JULICH_BRAIN_CYTOARCHITECTONIC_ATLAS_V3_1_AREA_6V3_PRECG,Area 6v3 (PreCG) left,left,1,JULICH_BRAIN_CYTOARCHITECTONIC_ATLAS_V3_1_AREA_6V3_PRECG_LEFT,NGIQ-BR-00000444,ONE_TO_ONE_CANONICAL
50,AREA_6V3_PRECG_RIGHT.nii.gz,JULICH_BRAIN_CYTOARCHITECTONIC_ATLAS_V3_1_AREA_6V3_PRECG,Area 6v3 (PreCG) right,right,1,JULICH_BRAIN_CYTOARCHITECTONIC_ATLAS_V3_1_AREA_6V3_PRECG_RIGHT,NGIQ-BR-00000443,ONE_TO_ONE_CANONICAL
51,AREA_7A_SPL_LEFT.nii.gz,JULICH_BRAIN_CYTOARCHITECTONIC_ATLAS_V3_1_AREA_7A_SPL,Area 7A (SPL) left,left,1,JULICH_BRAIN_CYTOARCHITECTONIC_ATLAS_V3_1_AREA_7A_SPL_LEFT,NGIQ-BR-00000394,ONE_TO_ONE_CANONICAL
52,AREA_7A_SPL_RIGHT.nii.gz,JULICH_BRAIN_CYTOARCHITECTONIC_ATLAS_V3_1_AREA_7A_SPL,Area 7A (SPL) right,right,1,JULICH_BRAIN_CYTOARCHITECTONIC_ATLAS_V3_1_AREA_7A_SPL_RIGHT,NGIQ-BR-00000393,ONE_TO_ONE_CANONICAL
53,AREA_7M_SPL_LEFT.nii.gz,JULICH_BRAIN_CYTOARCHITECTONIC_ATLAS_V3_1_AREA_7M_SPL,Area 7M (SPL) left,left,1,JULICH_BRAIN_CYTOARCHITECTONIC_ATLAS_V3_1_AREA_7M_SPL_LEFT,NGIQ-BR-00000384,ONE_TO_ONE_CANONICAL
54,AREA_7M_SPL_RIGHT.nii.gz,JULICH_BRAIN_CYTOARCHITECTONIC_ATLAS_V3_1_AREA_7M_SPL,Area 7M (SPL) right,right,1,JULICH_BRAIN_CYTOARCHITECTONIC_ATLAS_V3_1_AREA_7M_SPL_RIGHT,NGIQ-BR-00000383,ONE_TO_ONE_CANONICAL
55,AREA_7PC_SPL_LEFT.nii.gz,JULICH_BRAIN_CYTOARCHITECTONIC_ATLAS_V3_1_AREA_7PC_SPL,Area 7PC (SPL) left,left,1,JULICH_BRAIN_CYTOARCHITECTONIC_ATLAS_V3_1_AREA_7PC_SPL_LEFT,NGIQ-BR-00000386,ONE_TO_ONE_CANONICAL
56,AREA_7PC_SPL_RIGHT.nii.gz,JULICH_BRAIN_CYTOARCHITECTONIC_ATLAS_V3_1_AREA_7PC_SPL,Area 7PC (SPL) right,right,1,JULICH_BRAIN_CYTOARCHITECTONIC_ATLAS_V3_1_AREA_7PC_SPL_RIGHT,NGIQ-BR-00000385,ONE_TO_ONE_CANONICAL
57,AREA_7P_SPL_LEFT.nii.gz,JULICH_BRAIN_CYTOARCHITECTONIC_ATLAS_V3_1_AREA_7P_SPL,Area 7P (SPL) left,left,1,JULICH_BRAIN_CYTOARCHITECTONIC_ATLAS_V3_1_AREA_7P_SPL_LEFT,NGIQ-BR-00000390,ONE_TO_ONE_CANONICAL
58,AREA_7P_SPL_RIGHT.nii.gz,JULICH_BRAIN_CYTOARCHITECTONIC_ATLAS_V3_1_AREA_7P_SPL,Area 7P (SPL) right,right,1,JULICH_BRAIN_CYTOARCHITECTONIC_ATLAS_V3_1_AREA_7P_SPL_RIGHT,NGIQ-BR-00000389,ONE_TO_ONE_CANONICAL
59,AREA_8D1_SFG_LEFT.nii.gz,JULICH_BRAIN_CYTOARCHITECTONIC_ATLAS_V3_1_AREA_8D1_SFG,Area 8d1 (SFG) left,left,1,JULICH_BRAIN_CYTOARCHITECTONIC_ATLAS_V3_1_AREA_8D1_SFG_LEFT,NGIQ-BR-00000526,ONE_TO_ONE_CANONICAL
60,AREA_8D1_SFG_RIGHT.nii.gz,JULICH_BRAIN_CYTOARCHITECTONIC_ATLAS_V3_1_AREA_8D1_SFG,Area 8d1 (SFG) right,right,1,JULICH_BRAIN_CYTOARCHITECTONIC_ATLAS_V3_1_AREA_8D1_SFG_RIGHT,NGIQ-BR-00000525,ONE_TO_ONE_CANONICAL
61,AREA_8D2_SFG_LEFT.nii.gz,JULICH_BRAIN_CYTOARCHITECTONIC_ATLAS_V3_1_AREA_8D2_SFG,Area 8d2 (SFG) left,left,1,JULICH_BRAIN_CYTOARCHITECTONIC_ATLAS_V3_1_AREA_8D2_SFG_LEFT,NGIQ-BR-00000524,ONE_TO_ONE_CANONICAL
62,AREA_8D2_SFG_RIGHT.nii.gz,JULICH_BRAIN_CYTOARCHITECTONIC_ATLAS_V3_1_AREA_8D2_SFG,Area 8d2 (SFG) right,right,1,JULICH_BRAIN_CYTOARCHITECTONIC_ATLAS_V3_1_AREA_8D2_SFG_RIGHT,NGIQ-BR-00000523,ONE_TO_ONE_CANONICAL
63,AREA_8V1_MFG_LEFT.nii.gz,JULICH_BRAIN_CYTOARCHITECTONIC_ATLAS_V3_1_AREA_8V1_MFG,Area 8v1 (MFG) left,left,1,JULICH_BRAIN_CYTOARCHITECTONIC_ATLAS_V3_1_AREA_8V1_MFG_LEFT,NGIQ-BR-00000506,ONE_TO_ONE_CANONICAL
64,AREA_8V1_MFG_RIGHT.nii.gz,JULICH_BRAIN_CYTOARCHITECTONIC_ATLAS_V3_1_AREA_8V1_MFG,Area 8v1 (MFG) right,right,1,JULICH_BRAIN_CYTOARCHITECTONIC_ATLAS_V3_1_AREA_8V1_MFG_RIGHT,NGIQ-BR-00000505,ONE_TO_ONE_CANONICAL
65,AREA_8V2_MFG_LEFT.nii.gz,JULICH_BRAIN_CYTOARCHITECTONIC_ATLAS_V3_1_AREA_8V2_MFG,Area 8v2 (MFG) left,left,1,JULICH_BRAIN_CYTOARCHITECTONIC_ATLAS_V3_1_AREA_8V2_MFG_LEFT,NGIQ-BR-00000504,ONE_TO_ONE_CANONICAL
66,AREA_8V2_MFG_RIGHT.nii.gz,JULICH_BRAIN_CYTOARCHITECTONIC_ATLAS_V3_1_AREA_8V2_MFG,Area 8v2 (MFG) right,right,1,JULICH_BRAIN_CYTOARCHITECTONIC_ATLAS_V3_1_AREA_8V2_MFG_RIGHT,NGIQ-BR-00000503,ONE_TO_ONE_CANONICAL
67,AREA_COS1_COS_LEFT.nii.gz,JULICH_BRAIN_CYTOARCHITECTONIC_ATLAS_V3_1_AREA_COS1_COS,Area CoS1 (CoS) left,left,1,JULICH_BRAIN_CYTOARCHITECTONIC_ATLAS_V3_1_AREA_COS1_COS_LEFT,NGIQ-BR-00000594,ONE_TO_ONE_CANONICAL
68,AREA_COS1_COS_RIGHT.nii.gz,JULICH_BRAIN_CYTOARCHITECTONIC_ATLAS_V3_1_AREA_COS1_COS,Area CoS1 (CoS) right,right,1,JULICH_BRAIN_CYTOARCHITECTONIC_ATLAS_V3_1_AREA_COS1_COS_RIGHT,NGIQ-BR-00000593,ONE_TO_ONE_CANONICAL
69,AREA_EC_HIPPOCAMPAL_REGION_ENTORHINAL_CORTEX_LEFT.nii.gz,JULICH_BRAIN_CYTOARCHITECTONIC_ATLAS_V3_1_AREA_EC_HIPPOCAMPAL_REGION_ENTORHINAL_CORTEX,"Area EC (Hippocampal Region, Entorhinal Cortex) left",left,1,JULICH_BRAIN_CYTOARCHITECTONIC_ATLAS_V3_1_AREA_EC_HIPPOCAMPAL_REGION_ENTORHINAL_CORTEX_LEFT,NGIQ-BR-00000682,ONE_TO_ONE_CANONICAL
70,AREA_EC_HIPPOCAMPAL_REGION_ENTORHINAL_CORTEX_RIGHT.nii.gz,JULICH_BRAIN_CYTOARCHITECTONIC_ATLAS_V3_1_AREA_EC_HIPPOCAMPAL_REGION_ENTORHINAL_CORTEX,"Area EC (Hippocampal Region, Entorhinal Cortex) right",right,1,JULICH_BRAIN_CYTOARCHITECTONIC_ATLAS_V3_1_AREA_EC_HIPPOCAMPAL_REGION_ENTORHINAL_CORTEX_RIGHT,NGIQ-BR-00000681,ONE_TO_ONE_CANONICAL
71,AREA_FG1_FUSG_LEFT.nii.gz,JULICH_BRAIN_CYTOARCHITECTONIC_ATLAS_V3_1_AREA_FG1_FUSG,Area FG1 (FusG) left,left,1,JULICH_BRAIN_CYTOARCHITECTONIC_ATLAS_V3_1_AREA_FG1_FUSG_LEFT,NGIQ-BR-00000606,ONE_TO_ONE_CANONICAL
72,AREA_FG1_FUSG_RIGHT.nii.gz,JULICH_BRAIN_CYTOARCHITECTONIC_ATLAS_V3_1_AREA_FG1_FUSG,Area FG1 (FusG) right,right,1,JULICH_BRAIN_CYTOARCHITECTONIC_ATLAS_V3_1_AREA_FG1_FUSG_RIGHT,NGIQ-BR-00000605,ONE_TO_ONE_CANONICAL
73,AREA_FG2_FUSG_LEFT.nii.gz,JULICH_BRAIN_CYTOARCHITECTONIC_ATLAS_V3_1_AREA_FG2_FUSG,Area FG2 (FusG) left,left,1,JULICH_BRAIN_CYTOARCHITECTONIC_ATLAS_V3_1_AREA_FG2_FUSG_LEFT,NGIQ-BR-00000602,ONE_TO_ONE_CANONICAL
74,AREA_FG2_FUSG_RIGHT.nii.gz,JULICH_BRAIN_CYTOARCHITECTONIC_ATLAS_V3_1_AREA_FG2_FUSG,Area FG2 (FusG) right,right,1,JULICH_BRAIN_CYTOARCHITECTONIC_ATLAS_V3_1_AREA_FG2_FUSG_RIGHT,NGIQ-BR-00000601,ONE_TO_ONE_CANONICAL
75,AREA_FG3_FUSG_LEFT.nii.gz,JULICH_BRAIN_CYTOARCHITECTONIC_ATLAS_V3_1_AREA_FG3_FUSG,Area FG3 (FusG) left,left,1,JULICH_BRAIN_CYTOARCHITECTONIC_ATLAS_V3_1_AREA_FG3_FUSG_LEFT,NGIQ-BR-00000604,ONE_TO_ONE_CANONICAL
76,AREA_FG3_FUSG_RIGHT.nii.gz,JULICH_BRAIN_CYTOARCHITECTONIC_ATLAS_V3_1_AREA_FG3_FUSG,Area FG3 (FusG) right,right,1,JULICH_BRAIN_CYTOARCHITECTONIC_ATLAS_V3_1_AREA_FG3_FUSG_RIGHT,NGIQ-BR-00000603,ONE_TO_ONE_CANONICAL
77,AREA_FG4_FUSG_LEFT.nii.gz,JULICH_BRAIN_CYTOARCHITECTONIC_ATLAS_V3_1_AREA_FG4_FUSG,Area FG4 (FusG) left,left,1,JULICH_BRAIN_CYTOARCHITECTONIC_ATLAS_V3_1_AREA_FG4_FUSG_LEFT,NGIQ-BR-00000608,ONE_TO_ONE_CANONICAL
78,AREA_FG4_FUSG_RIGHT.nii.gz,JULICH_BRAIN_CYTOARCHITECTONIC_ATLAS_V3_1_AREA_FG4_FUSG,Area FG4 (FusG) right,right,1,JULICH_BRAIN_CYTOARCHITECTONIC_ATLAS_V3_1_AREA_FG4_FUSG_RIGHT,NGIQ-BR-00000607,ONE_TO_ONE_CANONICAL
79,AREA_FG5_FUSG_LEFT.nii.gz,JULICH_BRAIN_CYTOARCHITECTONIC_ATLAS_V3_1_AREA_FG5_FUSG,Area FG5 (FusG) left,left,1,JULICH_BRAIN_CYTOARCHITECTONIC_ATLAS_V3_1_AREA_FG5_FUSG_LEFT,NGIQ-BR-00000600,ONE_TO_ONE_CANONICAL
80,AREA_FG5_FUSG_RIGHT.nii.gz,JULICH_BRAIN_CYTOARCHITECTONIC_ATLAS_V3_1_AREA_FG5_FUSG,Area FG5 (FusG) right,right,1,JULICH_BRAIN_CYTOARCHITECTONIC_ATLAS_V3_1_AREA_FG5_FUSG_RIGHT,NGIQ-BR-00000599,ONE_TO_ONE_CANONICAL
81,AREA_FO1_OFC_LEFT.nii.gz,JULICH_BRAIN_CYTOARCHITECTONIC_ATLAS_V3_1_AREA_FO1_OFC,Area Fo1 (OFC) left,left,1,JULICH_BRAIN_CYTOARCHITECTONIC_ATLAS_V3_1_AREA_FO1_OFC_LEFT,NGIQ-BR-00000464,ONE_TO_ONE_CANONICAL
82,AREA_FO1_OFC_RIGHT.nii.gz,JULICH_BRAIN_CYTOARCHITECTONIC_ATLAS_V3_1_AREA_FO1_OFC,Area Fo1 (OFC) right,right,1,JULICH_BRAIN_CYTOARCHITECTONIC_ATLAS_V3_1_AREA_FO1_OFC_RIGHT,NGIQ-BR-00000463,ONE_TO_ONE_CANONICAL
83,AREA_FO2_OFC_LEFT.nii.gz,JULICH_BRAIN_CYTOARCHITECTONIC_ATLAS_V3_1_AREA_FO2_OFC,Area Fo2 (OFC) left,left,1,JULICH_BRAIN_CYTOARCHITECTONIC_ATLAS_V3_1_AREA_FO2_OFC_LEFT,NGIQ-BR-00000468,ONE_TO_ONE_CANONICAL
84,AREA_FO2_OFC_RIGHT.nii.gz,JULICH_BRAIN_CYTOARCHITECTONIC_ATLAS_V3_1_AREA_FO2_OFC,Area Fo2 (OFC) right,right,1,JULICH_BRAIN_CYTOARCHITECTONIC_ATLAS_V3_1_AREA_FO2_OFC_RIGHT,NGIQ-BR-00000467,ONE_TO_ONE_CANONICAL
85,AREA_FO3_OFC_LEFT.nii.gz,JULICH_BRAIN_CYTOARCHITECTONIC_ATLAS_V3_1_AREA_FO3_OFC,Area Fo3 (OFC) left,left,1,JULICH_BRAIN_CYTOARCHITECTONIC_ATLAS_V3_1_AREA_FO3_OFC_LEFT,NGIQ-BR-00000466,ONE_TO_ONE_CANONICAL
86,AREA_FO3_OFC_RIGHT.nii.gz,JULICH_BRAIN_CYTOARCHITECTONIC_ATLAS_V3_1_AREA_FO3_OFC,Area Fo3 (OFC) right,right,1,JULICH_BRAIN_CYTOARCHITECTONIC_ATLAS_V3_1_AREA_FO3_OFC_RIGHT,NGIQ-BR-00000465,ONE_TO_ONE_CANONICAL
87,AREA_FO4_OFC_LEFT.nii.gz,JULICH_BRAIN_CYTOARCHITECTONIC_ATLAS_V3_1_AREA_FO4_OFC,Area Fo4 (OFC) left,left,1,JULICH_BRAIN_CYTOARCHITECTONIC_ATLAS_V3_1_AREA_FO4_OFC_LEFT,NGIQ-BR-00000536,ONE_TO_ONE_CANONICAL
88,AREA_FO4_OFC_RIGHT.nii.gz,JULICH_BRAIN_CYTOARCHITECTONIC_ATLAS_V3_1_AREA_FO4_OFC,Area Fo4 (OFC) right,right,1,JULICH_BRAIN_CYTOARCHITECTONIC_ATLAS_V3_1_AREA_FO4_OFC_RIGHT,NGIQ-BR-00000535,ONE_TO_ONE_CANONICAL
89,AREA_FO5_OFC_LEFT.nii.gz,JULICH_BRAIN_CYTOARCHITECTONIC_ATLAS_V3_1_AREA_FO5_OFC,Area Fo5 (OFC) left,left,1,JULICH_BRAIN_CYTOARCHITECTONIC_ATLAS_V3_1_AREA_FO5_OFC_LEFT,NGIQ-BR-00000532,ONE_TO_ONE_CANONICAL
90,AREA_FO5_OFC_RIGHT.nii.gz,JULICH_BRAIN_CYTOARCHITECTONIC_ATLAS_V3_1_AREA_FO5_OFC,Area Fo5 (OFC) right,right,1,JULICH_BRAIN_CYTOARCHITECTONIC_ATLAS_V3_1_AREA_FO5_OFC_RIGHT,NGIQ-BR-00000531,ONE_TO_ONE_CANONICAL
91,AREA_FO6_OFC_LEFT.nii.gz,JULICH_BRAIN_CYTOARCHITECTONIC_ATLAS_V3_1_AREA_FO6_OFC,Area Fo6 (OFC) left,left,1,JULICH_BRAIN_CYTOARCHITECTONIC_ATLAS_V3_1_AREA_FO6_OFC_LEFT,NGIQ-BR-00000530,ONE_TO_ONE_CANONICAL
92,AREA_FO6_OFC_RIGHT.nii.gz,JULICH_BRAIN_CYTOARCHITECTONIC_ATLAS_V3_1_AREA_FO6_OFC,Area Fo6 (OFC) right,right,1,JULICH_BRAIN_CYTOARCHITECTONIC_ATLAS_V3_1_AREA_FO6_OFC_RIGHT,NGIQ-BR-00000529,ONE_TO_ONE_CANONICAL
93,AREA_FO7_OFC_LEFT.nii.gz,JULICH_BRAIN_CYTOARCHITECTONIC_ATLAS_V3_1_AREA_FO7_OFC,Area Fo7 (OFC) left,left,1,JULICH_BRAIN_CYTOARCHITECTONIC_ATLAS_V3_1_AREA_FO7_OFC_LEFT,NGIQ-BR-00000534,ONE_TO_ONE_CANONICAL
94,AREA_FO7_OFC_RIGHT.nii.gz,JULICH_BRAIN_CYTOARCHITECTONIC_ATLAS_V3_1_AREA_FO7_OFC,Area Fo7 (OFC) right,right,1,JULICH_BRAIN_CYTOARCHITECTONIC_ATLAS_V3_1_AREA_FO7_OFC_RIGHT,NGIQ-BR-00000533,ONE_TO_ONE_CANONICAL
95,AREA_FP1_FPOLE_LEFT.nii.gz,JULICH_BRAIN_CYTOARCHITECTONIC_ATLAS_V3_1_AREA_FP1_FPOLE,Area Fp1 (FPole) left,left,1,JULICH_BRAIN_CYTOARCHITECTONIC_ATLAS_V3_1_AREA_FP1_FPOLE_LEFT,NGIQ-BR-00000458,ONE_TO_ONE_CANONICAL
96,AREA_FP1_FPOLE_RIGHT.nii.gz,JULICH_BRAIN_CYTOARCHITECTONIC_ATLAS_V3_1_AREA_FP1_FPOLE,Area Fp1 (FPole) right,right,1,JULICH_BRAIN_CYTOARCHITECTONIC_ATLAS_V3_1_AREA_FP1_FPOLE_RIGHT,NGIQ-BR-00000457,ONE_TO_ONE_CANONICAL
97,AREA_FP2_FPOLE_LEFT.nii.gz,JULICH_BRAIN_CYTOARCHITECTONIC_ATLAS_V3_1_AREA_FP2_FPOLE,Area Fp2 (FPole) left,left,1,JULICH_BRAIN_CYTOARCHITECTONIC_ATLAS_V3_1_AREA_FP2_FPOLE_LEFT,NGIQ-BR-00000460,ONE_TO_ONE_CANONICAL
98,AREA_FP2_FPOLE_RIGHT.nii.gz,JULICH_BRAIN_CYTOARCHITECTONIC_ATLAS_V3_1_AREA_FP2_FPOLE,Area Fp2 (FPole) right,right,1,JULICH_BRAIN_CYTOARCHITECTONIC_ATLAS_V3_1_AREA_FP2_FPOLE_RIGHT,NGIQ-BR-00000459,ONE_TO_ONE_CANONICAL
99,AREA_HIP1_IPS_LEFT.nii.gz,JULICH_BRAIN_CYTOARCHITECTONIC_ATLAS_V3_1_AREA_HIP1_IPS,Area hIP1 (IPS) left,left,1,JULICH_BRAIN_CYTOARCHITECTONIC_ATLAS_V3_1_AREA_HIP1_IPS_LEFT,NGIQ-BR-00000428,ONE_TO_ONE_CANONICAL
100,AREA_HIP1_IPS_RIGHT.nii.gz,JULICH_BRAIN_CYTOARCHITECTONIC_ATLAS_V3_1_AREA_HIP1_IPS,Area hIP1 (IPS) right,right,1,JULICH_BRAIN_CYTOARCHITECTONIC_ATLAS_V3_1_AREA_HIP1_IPS_RIGHT,NGIQ-BR-00000427,ONE_TO_ONE_CANONICAL
101,AREA_HIP2_IPS_LEFT.nii.gz,JULICH_BRAIN_CYTOARCHITECTONIC_ATLAS_V3_1_AREA_HIP2_IPS,Area hIP2 (IPS) left,left,1,JULICH_BRAIN_CYTOARCHITECTONIC_ATLAS_V3_1_AREA_HIP2_IPS_LEFT,NGIQ-BR-00000434,ONE_TO_ONE_CANONICAL
102,AREA_HIP2_IPS_RIGHT.nii.gz,JULICH_BRAIN_CYTOARCHITECTONIC_ATLAS_V3_1_AREA_HIP2_IPS,Area hIP2 (IPS) right,right,1,JULICH_BRAIN_CYTOARCHITECTONIC_ATLAS_V3_1_AREA_HIP2_IPS_RIGHT,NGIQ-BR-00000433,ONE_TO_ONE_CANONICAL
103,AREA_HIP3_IPS_LEFT.nii.gz,JULICH_BRAIN_CYTOARCHITECTONIC_ATLAS_V3_1_AREA_HIP3_IPS,Area hIP3 (IPS) left,left,1,JULICH_BRAIN_CYTOARCHITECTONIC_ATLAS_V3_1_AREA_HIP3_IPS_LEFT,NGIQ-BR-00000432,ONE_TO_ONE_CANONICAL
104,AREA_HIP3_IPS_RIGHT.nii.gz,JULICH_BRAIN_CYTOARCHITECTONIC_ATLAS_V3_1_AREA_HIP3_IPS,Area hIP3 (IPS) right,right,1,JULICH_BRAIN_CYTOARCHITECTONIC_ATLAS_V3_1_AREA_HIP3_IPS_RIGHT,NGIQ-BR-00000431,ONE_TO_ONE_CANONICAL
105,AREA_HIP4_IPS_LEFT.nii.gz,JULICH_BRAIN_CYTOARCHITECTONIC_ATLAS_V3_1_AREA_HIP4_IPS,Area hIP4 (IPS) left,left,1,JULICH_BRAIN_CYTOARCHITECTONIC_ATLAS_V3_1_AREA_HIP4_IPS_LEFT,NGIQ-BR-00000436,ONE_TO_ONE_CANONICAL
106,AREA_HIP4_IPS_RIGHT.nii.gz,JULICH_BRAIN_CYTOARCHITECTONIC_ATLAS_V3_1_AREA_HIP4_IPS,Area hIP4 (IPS) right,right,1,JULICH_BRAIN_CYTOARCHITECTONIC_ATLAS_V3_1_AREA_HIP4_IPS_RIGHT,NGIQ-BR-00000435,ONE_TO_ONE_CANONICAL
107,AREA_HIP5_IPS_LEFT.nii.gz,JULICH_BRAIN_CYTOARCHITECTONIC_ATLAS_V3_1_AREA_HIP5_IPS,Area hIP5 (IPS) left,left,1,JULICH_BRAIN_CYTOARCHITECTONIC_ATLAS_V3_1_AREA_HIP5_IPS_LEFT,NGIQ-BR-00000438,ONE_TO_ONE_CANONICAL
108,AREA_HIP5_IPS_RIGHT.nii.gz,JULICH_BRAIN_CYTOARCHITECTONIC_ATLAS_V3_1_AREA_HIP5_IPS,Area hIP5 (IPS) right,right,1,JULICH_BRAIN_CYTOARCHITECTONIC_ATLAS_V3_1_AREA_HIP5_IPS_RIGHT,NGIQ-BR-00000437,ONE_TO_ONE_CANONICAL
109,AREA_HIP6_IPS_LEFT.nii.gz,JULICH_BRAIN_CYTOARCHITECTONIC_ATLAS_V3_1_AREA_HIP6_IPS,Area hIP6 (IPS) left,left,1,JULICH_BRAIN_CYTOARCHITECTONIC_ATLAS_V3_1_AREA_HIP6_IPS_LEFT,NGIQ-BR-00000440,ONE_TO_ONE_CANONICAL
110,AREA_HIP6_IPS_RIGHT.nii.gz,JULICH_BRAIN_CYTOARCHITECTONIC_ATLAS_V3_1_AREA_HIP6_IPS,Area hIP6 (IPS) right,right,1,JULICH_BRAIN_CYTOARCHITECTONIC_ATLAS_V3_1_AREA_HIP6_IPS_RIGHT,NGIQ-BR-00000439,ONE_TO_ONE_CANONICAL
111,AREA_HIP7_IPS_LEFT.nii.gz,JULICH_BRAIN_CYTOARCHITECTONIC_ATLAS_V3_1_AREA_HIP7_IPS,Area hIP7 (IPS) left,left,1,JULICH_BRAIN_CYTOARCHITECTONIC_ATLAS_V3_1_AREA_HIP7_IPS_LEFT,NGIQ-BR-00000430,ONE_TO_ONE_CANONICAL
112,AREA_HIP7_IPS_RIGHT.nii.gz,JULICH_BRAIN_CYTOARCHITECTONIC_ATLAS_V3_1_AREA_HIP7_IPS,Area hIP7 (IPS) right,right,1,JULICH_BRAIN_CYTOARCHITECTONIC_ATLAS_V3_1_AREA_HIP7_IPS_RIGHT,NGIQ-BR-00000429,ONE_TO_ONE_CANONICAL
113,AREA_HIP8_IPS_LEFT.nii.gz,JULICH_BRAIN_CYTOARCHITECTONIC_ATLAS_V3_1_AREA_HIP8_IPS,Area hIP8 (IPS) left,left,1,JULICH_BRAIN_CYTOARCHITECTONIC_ATLAS_V3_1_AREA_HIP8_IPS_LEFT,NGIQ-BR-00000442,ONE_TO_ONE_CANONICAL
114,AREA_HIP8_IPS_RIGHT.nii.gz,JULICH_BRAIN_CYTOARCHITECTONIC_ATLAS_V3_1_AREA_HIP8_IPS,Area hIP8 (IPS) right,right,1,JULICH_BRAIN_CYTOARCHITECTONIC_ATLAS_V3_1_AREA_HIP8_IPS_RIGHT,NGIQ-BR-00000441,ONE_TO_ONE_CANONICAL
115,AREA_HOC1_V1_17_CALCS_LEFT.nii.gz,JULICH_BRAIN_CYTOARCHITECTONIC_ATLAS_V3_1_AREA_HOC1_V1_17_CALCS,"Area hOc1 (V1, 17, CalcS) left",left,1,JULICH_BRAIN_CYTOARCHITECTONIC_ATLAS_V3_1_AREA_HOC1_V1_17_CALCS_LEFT,NGIQ-BR-00000614,ONE_TO_ONE_CANONICAL
116,AREA_HOC1_V1_17_CALCS_RIGHT.nii.gz,JULICH_BRAIN_CYTOARCHITECTONIC_ATLAS_V3_1_AREA_HOC1_V1_17_CALCS,"Area hOc1 (V1, 17, CalcS) right",right,1,JULICH_BRAIN_CYTOARCHITECTONIC_ATLAS_V3_1_AREA_HOC1_V1_17_CALCS_RIGHT,NGIQ-BR-00000613,ONE_TO_ONE_CANONICAL
117,AREA_HOC2_V2_18_LEFT.nii.gz,JULICH_BRAIN_CYTOARCHITECTONIC_ATLAS_V3_1_AREA_HOC2_V2_18,"Area hOc2 (V2, 18) left",left,1,JULICH_BRAIN_CYTOARCHITECTONIC_ATLAS_V3_1_AREA_HOC2_V2_18_LEFT,NGIQ-BR-00000612,ONE_TO_ONE_CANONICAL
118,AREA_HOC2_V2_18_RIGHT.nii.gz,JULICH_BRAIN_CYTOARCHITECTONIC_ATLAS_V3_1_AREA_HOC2_V2_18,"Area hOc2 (V2, 18) right",right,1,JULICH_BRAIN_CYTOARCHITECTONIC_ATLAS_V3_1_AREA_HOC2_V2_18_RIGHT,NGIQ-BR-00000611,ONE_TO_ONE_CANONICAL
119,AREA_HOC3D_CUNEUS_LEFT.nii.gz,JULICH_BRAIN_CYTOARCHITECTONIC_ATLAS_V3_1_AREA_HOC3D_CUNEUS,Area hOc3d (Cuneus) left,left,1,JULICH_BRAIN_CYTOARCHITECTONIC_ATLAS_V3_1_AREA_HOC3D_CUNEUS_LEFT,NGIQ-BR-00000620,ONE_TO_ONE_CANONICAL
120,AREA_HOC3D_CUNEUS_RIGHT.nii.gz,JULICH_BRAIN_CYTOARCHITECTONIC_ATLAS_V3_1_AREA_HOC3D_CUNEUS,Area hOc3d (Cuneus) right,right,1,JULICH_BRAIN_CYTOARCHITECTONIC_ATLAS_V3_1_AREA_HOC3D_CUNEUS_RIGHT,NGIQ-BR-00000619,ONE_TO_ONE_CANONICAL
121,AREA_HOC3V_LINGG_LEFT.nii.gz,JULICH_BRAIN_CYTOARCHITECTONIC_ATLAS_V3_1_AREA_HOC3V_LINGG,Area hOc3v (LingG) left,left,1,JULICH_BRAIN_CYTOARCHITECTONIC_ATLAS_V3_1_AREA_HOC3V_LINGG_LEFT,NGIQ-BR-00000622,ONE_TO_ONE_CANONICAL
122,AREA_HOC3V_LINGG_RIGHT.nii.gz,JULICH_BRAIN_CYTOARCHITECTONIC_ATLAS_V3_1_AREA_HOC3V_LINGG,Area hOc3v (LingG) right,right,1,JULICH_BRAIN_CYTOARCHITECTONIC_ATLAS_V3_1_AREA_HOC3V_LINGG_RIGHT,NGIQ-BR-00000621,ONE_TO_ONE_CANONICAL
123,AREA_HOC4D_CUNEUS_LEFT.nii.gz,JULICH_BRAIN_CYTOARCHITECTONIC_ATLAS_V3_1_AREA_HOC4D_CUNEUS,Area hOc4d (Cuneus) left,left,1,JULICH_BRAIN_CYTOARCHITECTONIC_ATLAS_V3_1_AREA_HOC4D_CUNEUS_LEFT,NGIQ-BR-00000618,ONE_TO_ONE_CANONICAL
124,AREA_HOC4D_CUNEUS_RIGHT.nii.gz,JULICH_BRAIN_CYTOARCHITECTONIC_ATLAS_V3_1_AREA_HOC4D_CUNEUS,Area hOc4d (Cuneus) right,right,1,JULICH_BRAIN_CYTOARCHITECTONIC_ATLAS_V3_1_AREA_HOC4D_CUNEUS_RIGHT,NGIQ-BR-00000617,ONE_TO_ONE_CANONICAL
125,AREA_HOC4LA_LOC_LEFT.nii.gz,JULICH_BRAIN_CYTOARCHITECTONIC_ATLAS_V3_1_AREA_HOC4LA_LOC,Area hOc4la (LOC) left,left,1,JULICH_BRAIN_CYTOARCHITECTONIC_ATLAS_V3_1_AREA_HOC4LA_LOC_LEFT,NGIQ-BR-00000630,ONE_TO_ONE_CANONICAL
126,AREA_HOC4LA_LOC_RIGHT.nii.gz,JULICH_BRAIN_CYTOARCHITECTONIC_ATLAS_V3_1_AREA_HOC4LA_LOC,Area hOc4la (LOC) right,right,1,JULICH_BRAIN_CYTOARCHITECTONIC_ATLAS_V3_1_AREA_HOC4LA_LOC_RIGHT,NGIQ-BR-00000629,ONE_TO_ONE_CANONICAL
127,AREA_HOC4LP_LOC_LEFT.nii.gz,JULICH_BRAIN_CYTOARCHITECTONIC_ATLAS_V3_1_AREA_HOC4LP_LOC,Area hOc4lp (LOC) left,left,1,JULICH_BRAIN_CYTOARCHITECTONIC_ATLAS_V3_1_AREA_HOC4LP_LOC_LEFT,NGIQ-BR-00000626,ONE_TO_ONE_CANONICAL
128,AREA_HOC4LP_LOC_RIGHT.nii.gz,JULICH_BRAIN_CYTOARCHITECTONIC_ATLAS_V3_1_AREA_HOC4LP_LOC,Area hOc4lp (LOC) right,right,1,JULICH_BRAIN_CYTOARCHITECTONIC_ATLAS_V3_1_AREA_HOC4LP_LOC_RIGHT,NGIQ-BR-00000625,ONE_TO_ONE_CANONICAL
129,AREA_HOC4V_LINGG_LEFT.nii.gz,JULICH_BRAIN_CYTOARCHITECTONIC_ATLAS_V3_1_AREA_HOC4V_LINGG,Area hOc4v (LingG) left,left,1,JULICH_BRAIN_CYTOARCHITECTONIC_ATLAS_V3_1_AREA_HOC4V_LINGG_LEFT,NGIQ-BR-00000624,ONE_TO_ONE_CANONICAL
130,AREA_HOC4V_LINGG_RIGHT.nii.gz,JULICH_BRAIN_CYTOARCHITECTONIC_ATLAS_V3_1_AREA_HOC4V_LINGG,Area hOc4v (LingG) right,right,1,JULICH_BRAIN_CYTOARCHITECTONIC_ATLAS_V3_1_AREA_HOC4V_LINGG_RIGHT,NGIQ-BR-00000623,ONE_TO_ONE_CANONICAL
131,AREA_HOC5_LOC_LEFT.nii.gz,JULICH_BRAIN_CYTOARCHITECTONIC_ATLAS_V3_1_AREA_HOC5_LOC,Area hOc5 (LOC) left,left,1,JULICH_BRAIN_CYTOARCHITECTONIC_ATLAS_V3_1_AREA_HOC5_LOC_LEFT,NGIQ-BR-00000628,ONE_TO_ONE_CANONICAL
132,AREA_HOC5_LOC_RIGHT.nii.gz,JULICH_BRAIN_CYTOARCHITECTONIC_ATLAS_V3_1_AREA_HOC5_LOC,Area hOc5 (LOC) right,right,1,JULICH_BRAIN_CYTOARCHITECTONIC_ATLAS_V3_1_AREA_HOC5_LOC_RIGHT,NGIQ-BR-00000627,ONE_TO_ONE_CANONICAL
133,AREA_HOC6_POS_LEFT.nii.gz,JULICH_BRAIN_CYTOARCHITECTONIC_ATLAS_V3_1_AREA_HOC6_POS,Area hOc6 (POS) left,left,1,JULICH_BRAIN_CYTOARCHITECTONIC_ATLAS_V3_1_AREA_HOC6_POS_LEFT,NGIQ-BR-00000616,ONE_TO_ONE_CANONICAL
134,AREA_HOC6_POS_RIGHT.nii.gz,JULICH_BRAIN_CYTOARCHITECTONIC_ATLAS_V3_1_AREA_HOC6_POS,Area hOc6 (POS) right,right,1,JULICH_BRAIN_CYTOARCHITECTONIC_ATLAS_V3_1_AREA_HOC6_POS_RIGHT,NGIQ-BR-00000615,ONE_TO_ONE_CANONICAL
135,AREA_HPO1_POS_LEFT.nii.gz,JULICH_BRAIN_CYTOARCHITECTONIC_ATLAS_V3_1_AREA_HPO1_POS,Area hPO1 (POS) left,left,1,JULICH_BRAIN_CYTOARCHITECTONIC_ATLAS_V3_1_AREA_HPO1_POS_LEFT,NGIQ-BR-00000426,ONE_TO_ONE_CANONICAL
136,AREA_HPO1_POS_RIGHT.nii.gz,JULICH_BRAIN_CYTOARCHITECTONIC_ATLAS_V3_1_AREA_HPO1_POS,Area hPO1 (POS) right,right,1,JULICH_BRAIN_CYTOARCHITECTONIC_ATLAS_V3_1_AREA_HPO1_POS_RIGHT,NGIQ-BR-00000425,ONE_TO_ONE_CANONICAL
137,AREA_IA1_INSULA_LEFT.nii.gz,JULICH_BRAIN_CYTOARCHITECTONIC_ATLAS_V3_1_AREA_IA1_INSULA,Area Ia1 (Insula) left,left,1,JULICH_BRAIN_CYTOARCHITECTONIC_ATLAS_V3_1_AREA_IA1_INSULA_LEFT,NGIQ-BR-00000546,ONE_TO_ONE_CANONICAL
138,AREA_IA1_INSULA_RIGHT.nii.gz,JULICH_BRAIN_CYTOARCHITECTONIC_ATLAS_V3_1_AREA_IA1_INSULA,Area Ia1 (Insula) right,right,1,JULICH_BRAIN_CYTOARCHITECTONIC_ATLAS_V3_1_AREA_IA1_INSULA_RIGHT,NGIQ-BR-00000545,ONE_TO_ONE_CANONICAL
139,AREA_IA2_INSULA_LEFT.nii.gz,JULICH_BRAIN_CYTOARCHITECTONIC_ATLAS_V3_1_AREA_IA2_INSULA,Area Ia2 (Insula) left,left,1,JULICH_BRAIN_CYTOARCHITECTONIC_ATLAS_V3_1_AREA_IA2_INSULA_LEFT,NGIQ-BR-00000544,ONE_TO_ONE_CANONICAL
140,AREA_IA2_INSULA_RIGHT.nii.gz,JULICH_BRAIN_CYTOARCHITECTONIC_ATLAS_V3_1_AREA_IA2_INSULA,Area Ia2 (Insula) right,right,1,JULICH_BRAIN_CYTOARCHITECTONIC_ATLAS_V3_1_AREA_IA2_INSULA_RIGHT,NGIQ-BR-00000543,ONE_TO_ONE_CANONICAL
141,AREA_IA3_INSULA_LEFT.nii.gz,JULICH_BRAIN_CYTOARCHITECTONIC_ATLAS_V3_1_AREA_IA3_INSULA,Area Ia3 (Insula) left,left,1,JULICH_BRAIN_CYTOARCHITECTONIC_ATLAS_V3_1_AREA_IA3_INSULA_LEFT,NGIQ-BR-00000548,ONE_TO_ONE_CANONICAL
142,AREA_IA3_INSULA_RIGHT.nii.gz,JULICH_BRAIN_CYTOARCHITECTONIC_ATLAS_V3_1_AREA_IA3_INSULA,Area Ia3 (Insula) right,right,1,JULICH_BRAIN_CYTOARCHITECTONIC_ATLAS_V3_1_AREA_IA3_INSULA_RIGHT,NGIQ-BR-00000547,ONE_TO_ONE_CANONICAL
143,AREA_ID10_INSULA_LEFT.nii.gz,JULICH_BRAIN_CYTOARCHITECTONIC_ATLAS_V3_1_AREA_ID10_INSULA,Area Id10 (Insula) left,left,1,JULICH_BRAIN_CYTOARCHITECTONIC_ATLAS_V3_1_AREA_ID10_INSULA_LEFT,NGIQ-BR-00000564,ONE_TO_ONE_CANONICAL
144,AREA_ID10_INSULA_RIGHT.nii.gz,JULICH_BRAIN_CYTOARCHITECTONIC_ATLAS_V3_1_AREA_ID10_INSULA,Area Id10 (Insula) right,right,1,JULICH_BRAIN_CYTOARCHITECTONIC_ATLAS_V3_1_AREA_ID10_INSULA_RIGHT,NGIQ-BR-00000563,ONE_TO_ONE_CANONICAL
145,AREA_ID1_INSULA_LEFT.nii.gz,JULICH_BRAIN_CYTOARCHITECTONIC_ATLAS_V3_1_AREA_ID1_INSULA,Area Id1 (Insula) left,left,1,JULICH_BRAIN_CYTOARCHITECTONIC_ATLAS_V3_1_AREA_ID1_INSULA_LEFT,NGIQ-BR-00000554,ONE_TO_ONE_CANONICAL
146,AREA_ID1_INSULA_RIGHT.nii.gz,JULICH_BRAIN_CYTOARCHITECTONIC_ATLAS_V3_1_AREA_ID1_INSULA,Area Id1 (Insula) right,right,1,JULICH_BRAIN_CYTOARCHITECTONIC_ATLAS_V3_1_AREA_ID1_INSULA_RIGHT,NGIQ-BR-00000553,ONE_TO_ONE_CANONICAL
147,AREA_ID2_INSULA_LEFT.nii.gz,JULICH_BRAIN_CYTOARCHITECTONIC_ATLAS_V3_1_AREA_ID2_INSULA,Area Id2 (Insula) left,left,1,JULICH_BRAIN_CYTOARCHITECTONIC_ATLAS_V3_1_AREA_ID2_INSULA_LEFT,NGIQ-BR-00000550,ONE_TO_ONE_CANONICAL
148,AREA_ID2_INSULA_RIGHT.nii.gz,JULICH_BRAIN_CYTOARCHITECTONIC_ATLAS_V3_1_AREA_ID2_INSULA,Area Id2 (Insula) right,right,1,JULICH_BRAIN_CYTOARCHITECTONIC_ATLAS_V3_1_AREA_ID2_INSULA_RIGHT,NGIQ-BR-00000549,ONE_TO_ONE_CANONICAL
149,AREA_ID3_INSULA_LEFT.nii.gz,JULICH_BRAIN_CYTOARCHITECTONIC_ATLAS_V3_1_AREA_ID3_INSULA,Area Id3 (Insula) left,left,1,JULICH_BRAIN_CYTOARCHITECTONIC_ATLAS_V3_1_AREA_ID3_INSULA_LEFT,NGIQ-BR-00000568,ONE_TO_ONE_CANONICAL
150,AREA_ID3_INSULA_RIGHT.nii.gz,JULICH_BRAIN_CYTOARCHITECTONIC_ATLAS_V3_1_AREA_ID3_INSULA,Area Id3 (Insula) right,right,1,JULICH_BRAIN_CYTOARCHITECTONIC_ATLAS_V3_1_AREA_ID3_INSULA_RIGHT,NGIQ-BR-00000567,ONE_TO_ONE_CANONICAL
151,AREA_ID4_INSULA_LEFT.nii.gz,JULICH_BRAIN_CYTOARCHITECTONIC_ATLAS_V3_1_AREA_ID4_INSULA,Area Id4 (Insula) left,left,1,JULICH_BRAIN_CYTOARCHITECTONIC_ATLAS_V3_1_AREA_ID4_INSULA_LEFT,NGIQ-BR-00000566,ONE_TO_ONE_CANONICAL
152,AREA_ID4_INSULA_RIGHT.nii.gz,JULICH_BRAIN_CYTOARCHITECTONIC_ATLAS_V3_1_AREA_ID4_INSULA,Area Id4 (Insula) right,right,1,JULICH_BRAIN_CYTOARCHITECTONIC_ATLAS_V3_1_AREA_ID4_INSULA_RIGHT,NGIQ-BR-00000565,ONE_TO_ONE_CANONICAL
153,AREA_ID5_INSULA_LEFT.nii.gz,JULICH_BRAIN_CYTOARCHITECTONIC_ATLAS_V3_1_AREA_ID5_INSULA,Area Id5 (Insula) left,left,1,JULICH_BRAIN_CYTOARCHITECTONIC_ATLAS_V3_1_AREA_ID5_INSULA_LEFT,NGIQ-BR-00000560,ONE_TO_ONE_CANONICAL
154,AREA_ID5_INSULA_RIGHT.nii.gz,JULICH_BRAIN_CYTOARCHITECTONIC_ATLAS_V3_1_AREA_ID5_INSULA,Area Id5 (Insula) right,right,1,JULICH_BRAIN_CYTOARCHITECTONIC_ATLAS_V3_1_AREA_ID5_INSULA_RIGHT,NGIQ-BR-00000559,ONE_TO_ONE_CANONICAL
155,AREA_ID6_INSULA_LEFT.nii.gz,JULICH_BRAIN_CYTOARCHITECTONIC_ATLAS_V3_1_AREA_ID6_INSULA,Area Id6 (Insula) left,left,1,JULICH_BRAIN_CYTOARCHITECTONIC_ATLAS_V3_1_AREA_ID6_INSULA_LEFT,NGIQ-BR-00000562,ONE_TO_ONE_CANONICAL
156,AREA_ID6_INSULA_RIGHT.nii.gz,JULICH_BRAIN_CYTOARCHITECTONIC_ATLAS_V3_1_AREA_ID6_INSULA,Area Id6 (Insula) right,right,1,JULICH_BRAIN_CYTOARCHITECTONIC_ATLAS_V3_1_AREA_ID6_INSULA_RIGHT,NGIQ-BR-00000561,ONE_TO_ONE_CANONICAL
157,AREA_ID7_INSULA_LEFT.nii.gz,JULICH_BRAIN_CYTOARCHITECTONIC_ATLAS_V3_1_AREA_ID7_INSULA,Area Id7 (Insula) left,left,1,JULICH_BRAIN_CYTOARCHITECTONIC_ATLAS_V3_1_AREA_ID7_INSULA_LEFT,NGIQ-BR-00000558,ONE_TO_ONE_CANONICAL
158,AREA_ID7_INSULA_RIGHT.nii.gz,JULICH_BRAIN_CYTOARCHITECTONIC_ATLAS_V3_1_AREA_ID7_INSULA,Area Id7 (Insula) right,right,1,JULICH_BRAIN_CYTOARCHITECTONIC_ATLAS_V3_1_AREA_ID7_INSULA_RIGHT,NGIQ-BR-00000557,ONE_TO_ONE_CANONICAL
159,AREA_ID8_INSULA_LEFT.nii.gz,JULICH_BRAIN_CYTOARCHITECTONIC_ATLAS_V3_1_AREA_ID8_INSULA,Area Id8 (Insula) left,left,1,JULICH_BRAIN_CYTOARCHITECTONIC_ATLAS_V3_1_AREA_ID8_INSULA_LEFT,NGIQ-BR-00000552,ONE_TO_ONE_CANONICAL
160,AREA_ID8_INSULA_RIGHT.nii.gz,JULICH_BRAIN_CYTOARCHITECTONIC_ATLAS_V3_1_AREA_ID8_INSULA,Area Id8 (Insula) right,right,1,JULICH_BRAIN_CYTOARCHITECTONIC_ATLAS_V3_1_AREA_ID8_INSULA_RIGHT,NGIQ-BR-00000551,ONE_TO_ONE_CANONICAL
161,AREA_ID9_INSULA_LEFT.nii.gz,JULICH_BRAIN_CYTOARCHITECTONIC_ATLAS_V3_1_AREA_ID9_INSULA,Area Id9 (Insula) left,left,1,JULICH_BRAIN_CYTOARCHITECTONIC_ATLAS_V3_1_AREA_ID9_INSULA_LEFT,NGIQ-BR-00000556,ONE_TO_ONE_CANONICAL
162,AREA_ID9_INSULA_RIGHT.nii.gz,JULICH_BRAIN_CYTOARCHITECTONIC_ATLAS_V3_1_AREA_ID9_INSULA,Area Id9 (Insula) right,right,1,JULICH_BRAIN_CYTOARCHITECTONIC_ATLAS_V3_1_AREA_ID9_INSULA_RIGHT,NGIQ-BR-00000555,ONE_TO_ONE_CANONICAL
163,AREA_IFJ1_IFS_PRECS_LEFT.nii.gz,JULICH_BRAIN_CYTOARCHITECTONIC_ATLAS_V3_1_AREA_IFJ1_IFS_PRECS,"Area IFJ1 (IFS, PreCS) left",left,1,JULICH_BRAIN_CYTOARCHITECTONIC_ATLAS_V3_1_AREA_IFJ1_IFS_PRECS_LEFT,NGIQ-BR-00000496,ONE_TO_ONE_CANONICAL
164,AREA_IFJ1_IFS_PRECS_RIGHT.nii.gz,JULICH_BRAIN_CYTOARCHITECTONIC_ATLAS_V3_1_AREA_IFJ1_IFS_PRECS,"Area IFJ1 (IFS, PreCS) right",right,1,JULICH_BRAIN_CYTOARCHITECTONIC_ATLAS_V3_1_AREA_IFJ1_IFS_PRECS_RIGHT,NGIQ-BR-00000495,ONE_TO_ONE_CANONICAL
165,AREA_IFJ2_IFS_PRECS_LEFT.nii.gz,JULICH_BRAIN_CYTOARCHITECTONIC_ATLAS_V3_1_AREA_IFJ2_IFS_PRECS,"Area IFJ2 (IFS, PreCS) left",left,1,JULICH_BRAIN_CYTOARCHITECTONIC_ATLAS_V3_1_AREA_IFJ2_IFS_PRECS_LEFT,NGIQ-BR-00000492,ONE_TO_ONE_CANONICAL
166,AREA_IFJ2_IFS_PRECS_RIGHT.nii.gz,JULICH_BRAIN_CYTOARCHITECTONIC_ATLAS_V3_1_AREA_IFJ2_IFS_PRECS,"Area IFJ2 (IFS, PreCS) right",right,1,JULICH_BRAIN_CYTOARCHITECTONIC_ATLAS_V3_1_AREA_IFJ2_IFS_PRECS_RIGHT,NGIQ-BR-00000491,ONE_TO_ONE_CANONICAL
167,AREA_IFS1_IFS_LEFT.nii.gz,JULICH_BRAIN_CYTOARCHITECTONIC_ATLAS_V3_1_AREA_IFS1_IFS,Area IFS1 (IFS) left,left,1,JULICH_BRAIN_CYTOARCHITECTONIC_ATLAS_V3_1_AREA_IFS1_IFS_LEFT,NGIQ-BR-00000490,ONE_TO_ONE_CANONICAL
168,AREA_IFS1_IFS_RIGHT.nii.gz,JULICH_BRAIN_CYTOARCHITECTONIC_ATLAS_V3_1_AREA_IFS1_IFS,Area IFS1 (IFS) right,right,1,JULICH_BRAIN_CYTOARCHITECTONIC_ATLAS_V3_1_AREA_IFS1_IFS_RIGHT,NGIQ-BR-00000489,ONE_TO_ONE_CANONICAL
169,AREA_IFS2_IFS_LEFT.nii.gz,JULICH_BRAIN_CYTOARCHITECTONIC_ATLAS_V3_1_AREA_IFS2_IFS,Area IFS2 (IFS) left,left,1,JULICH_BRAIN_CYTOARCHITECTONIC_ATLAS_V3_1_AREA_IFS2_IFS_LEFT,NGIQ-BR-00000488,ONE_TO_ONE_CANONICAL
170,AREA_IFS2_IFS_RIGHT.nii.gz,JULICH_BRAIN_CYTOARCHITECTONIC_ATLAS_V3_1_AREA_IFS2_IFS,Area IFS2 (IFS) right,right,1,JULICH_BRAIN_CYTOARCHITECTONIC_ATLAS_V3_1_AREA_IFS2_IFS_RIGHT,NGIQ-BR-00000487,ONE_TO_ONE_CANONICAL
171,AREA_IFS3_IFS_LEFT.nii.gz,JULICH_BRAIN_CYTOARCHITECTONIC_ATLAS_V3_1_AREA_IFS3_IFS,Area IFS3 (IFS) left,left,1,JULICH_BRAIN_CYTOARCHITECTONIC_ATLAS_V3_1_AREA_IFS3_IFS_LEFT,NGIQ-BR-00000494,ONE_TO_ONE_CANONICAL
172,AREA_IFS3_IFS_RIGHT.nii.gz,JULICH_BRAIN_CYTOARCHITECTONIC_ATLAS_V3_1_AREA_IFS3_IFS,Area IFS3 (IFS) right,right,1,JULICH_BRAIN_CYTOARCHITECTONIC_ATLAS_V3_1_AREA_IFS3_IFS_RIGHT,NGIQ-BR-00000493,ONE_TO_ONE_CANONICAL
173,AREA_IFS4_IFS_LEFT.nii.gz,JULICH_BRAIN_CYTOARCHITECTONIC_ATLAS_V3_1_AREA_IFS4_IFS,Area IFS4 (IFS) left,left,1,JULICH_BRAIN_CYTOARCHITECTONIC_ATLAS_V3_1_AREA_IFS4_IFS_LEFT,NGIQ-BR-00000486,ONE_TO_ONE_CANONICAL
174,AREA_IFS4_IFS_RIGHT.nii.gz,JULICH_BRAIN_CYTOARCHITECTONIC_ATLAS_V3_1_AREA_IFS4_IFS,Area IFS4 (IFS) right,right,1,JULICH_BRAIN_CYTOARCHITECTONIC_ATLAS_V3_1_AREA_IFS4_IFS_RIGHT,NGIQ-BR-00000485,ONE_TO_ONE_CANONICAL
175,AREA_IG1_INSULA_LEFT.nii.gz,JULICH_BRAIN_CYTOARCHITECTONIC_ATLAS_V3_1_AREA_IG1_INSULA,Area Ig1 (Insula) left,left,1,JULICH_BRAIN_CYTOARCHITECTONIC_ATLAS_V3_1_AREA_IG1_INSULA_LEFT,NGIQ-BR-00000540,ONE_TO_ONE_CANONICAL
176,AREA_IG1_INSULA_RIGHT.nii.gz,JULICH_BRAIN_CYTOARCHITECTONIC_ATLAS_V3_1_AREA_IG1_INSULA,Area Ig1 (Insula) right,right,1,JULICH_BRAIN_CYTOARCHITECTONIC_ATLAS_V3_1_AREA_IG1_INSULA_RIGHT,NGIQ-BR-00000539,ONE_TO_ONE_CANONICAL
177,AREA_IG2_INSULA_LEFT.nii.gz,JULICH_BRAIN_CYTOARCHITECTONIC_ATLAS_V3_1_AREA_IG2_INSULA,Area Ig2 (Insula) left,left,1,JULICH_BRAIN_CYTOARCHITECTONIC_ATLAS_V3_1_AREA_IG2_INSULA_LEFT,NGIQ-BR-00000542,ONE_TO_ONE_CANONICAL
178,AREA_IG2_INSULA_RIGHT.nii.gz,JULICH_BRAIN_CYTOARCHITECTONIC_ATLAS_V3_1_AREA_IG2_INSULA,Area Ig2 (Insula) right,right,1,JULICH_BRAIN_CYTOARCHITECTONIC_ATLAS_V3_1_AREA_IG2_INSULA_RIGHT,NGIQ-BR-00000541,ONE_TO_ONE_CANONICAL
179,AREA_IG3_INSULA_LEFT.nii.gz,JULICH_BRAIN_CYTOARCHITECTONIC_ATLAS_V3_1_AREA_IG3_INSULA,Area Ig3 (Insula) left,left,1,JULICH_BRAIN_CYTOARCHITECTONIC_ATLAS_V3_1_AREA_IG3_INSULA_LEFT,NGIQ-BR-00000538,ONE_TO_ONE_CANONICAL
180,AREA_IG3_INSULA_RIGHT.nii.gz,JULICH_BRAIN_CYTOARCHITECTONIC_ATLAS_V3_1_AREA_IG3_INSULA,Area Ig3 (Insula) right,right,1,JULICH_BRAIN_CYTOARCHITECTONIC_ATLAS_V3_1_AREA_IG3_INSULA_RIGHT,NGIQ-BR-00000537,ONE_TO_ONE_CANONICAL
181,AREA_MFG1_MFG_LEFT.nii.gz,JULICH_BRAIN_CYTOARCHITECTONIC_ATLAS_V3_1_AREA_MFG1_MFG,Area MFG1 (MFG) left,left,1,JULICH_BRAIN_CYTOARCHITECTONIC_ATLAS_V3_1_AREA_MFG1_MFG_LEFT,NGIQ-BR-00000510,ONE_TO_ONE_CANONICAL
182,AREA_MFG1_MFG_RIGHT.nii.gz,JULICH_BRAIN_CYTOARCHITECTONIC_ATLAS_V3_1_AREA_MFG1_MFG,Area MFG1 (MFG) right,right,1,JULICH_BRAIN_CYTOARCHITECTONIC_ATLAS_V3_1_AREA_MFG1_MFG_RIGHT,NGIQ-BR-00000509,ONE_TO_ONE_CANONICAL
183,AREA_MFG2_MFG_LEFT.nii.gz,JULICH_BRAIN_CYTOARCHITECTONIC_ATLAS_V3_1_AREA_MFG2_MFG,Area MFG2 (MFG) left,left,1,JULICH_BRAIN_CYTOARCHITECTONIC_ATLAS_V3_1_AREA_MFG2_MFG_LEFT,NGIQ-BR-00000498,ONE_TO_ONE_CANONICAL
184,AREA_MFG2_MFG_RIGHT.nii.gz,JULICH_BRAIN_CYTOARCHITECTONIC_ATLAS_V3_1_AREA_MFG2_MFG,Area MFG2 (MFG) right,right,1,JULICH_BRAIN_CYTOARCHITECTONIC_ATLAS_V3_1_AREA_MFG2_MFG_RIGHT,NGIQ-BR-00000497,ONE_TO_ONE_CANONICAL
185,AREA_MFG4_MFG_LEFT.nii.gz,JULICH_BRAIN_CYTOARCHITECTONIC_ATLAS_V3_1_AREA_MFG4_MFG,Area MFG4 (MFG) left,left,1,JULICH_BRAIN_CYTOARCHITECTONIC_ATLAS_V3_1_AREA_MFG4_MFG_LEFT,NGIQ-BR-00000508,ONE_TO_ONE_CANONICAL
186,AREA_MFG4_MFG_RIGHT.nii.gz,JULICH_BRAIN_CYTOARCHITECTONIC_ATLAS_V3_1_AREA_MFG4_MFG,Area MFG4 (MFG) right,right,1,JULICH_BRAIN_CYTOARCHITECTONIC_ATLAS_V3_1_AREA_MFG4_MFG_RIGHT,NGIQ-BR-00000507,ONE_TO_ONE_CANONICAL
187,AREA_MFG5_MFG_IFG_LEFT.nii.gz,JULICH_BRAIN_CYTOARCHITECTONIC_ATLAS_V3_1_AREA_MFG5_MFG_IFG,"Area MFG5 (MFG, IFG) left",left,1,JULICH_BRAIN_CYTOARCHITECTONIC_ATLAS_V3_1_AREA_MFG5_MFG_IFG_LEFT,NGIQ-BR-00000520,ONE_TO_ONE_CANONICAL
188,AREA_MFG5_MFG_IFG_RIGHT.nii.gz,JULICH_BRAIN_CYTOARCHITECTONIC_ATLAS_V3_1_AREA_MFG5_MFG_IFG,"Area MFG5 (MFG, IFG) right",right,1,JULICH_BRAIN_CYTOARCHITECTONIC_ATLAS_V3_1_AREA_MFG5_MFG_IFG_RIGHT,NGIQ-BR-00000519,ONE_TO_ONE_CANONICAL
189,AREA_OP10_FRONTAL_OPERCULUM_LEFT.nii.gz,JULICH_BRAIN_CYTOARCHITECTONIC_ATLAS_V3_1_AREA_OP10_FRONTAL_OPERCULUM,Area Op10 (Frontal Operculum) left,left,1,JULICH_BRAIN_CYTOARCHITECTONIC_ATLAS_V3_1_AREA_OP10_FRONTAL_OPERCULUM_LEFT,NGIQ-BR-00000474,ONE_TO_ONE_CANONICAL
190,AREA_OP10_FRONTAL_OPERCULUM_RIGHT.nii.gz,JULICH_BRAIN_CYTOARCHITECTONIC_ATLAS_V3_1_AREA_OP10_FRONTAL_OPERCULUM,Area Op10 (Frontal Operculum) right,right,1,JULICH_BRAIN_CYTOARCHITECTONIC_ATLAS_V3_1_AREA_OP10_FRONTAL_OPERCULUM_RIGHT,NGIQ-BR-00000473,ONE_TO_ONE_CANONICAL
191,AREA_OP1_POPERC_LEFT.nii.gz,JULICH_BRAIN_CYTOARCHITECTONIC_ATLAS_V3_1_AREA_OP1_POPERC,Area Op1 (POperc) left,left,1,JULICH_BRAIN_CYTOARCHITECTONIC_ATLAS_V3_1_AREA_OP1_POPERC_LEFT,NGIQ-BR-00000404,ONE_TO_ONE_CANONICAL
192,AREA_OP1_POPERC_RIGHT.nii.gz,JULICH_BRAIN_CYTOARCHITECTONIC_ATLAS_V3_1_AREA_OP1_POPERC,Area Op1 (POperc) right,right,1,JULICH_BRAIN_CYTOARCHITECTONIC_ATLAS_V3_1_AREA_OP1_POPERC_RIGHT,NGIQ-BR-00000403,ONE_TO_ONE_CANONICAL
193,AREA_OP2_POPERC_LEFT.nii.gz,JULICH_BRAIN_CYTOARCHITECTONIC_ATLAS_V3_1_AREA_OP2_POPERC,Area Op2 (POperc) left,left,1,JULICH_BRAIN_CYTOARCHITECTONIC_ATLAS_V3_1_AREA_OP2_POPERC_LEFT,NGIQ-BR-00000406,ONE_TO_ONE_CANONICAL
194,AREA_OP2_POPERC_RIGHT.nii.gz,JULICH_BRAIN_CYTOARCHITECTONIC_ATLAS_V3_1_AREA_OP2_POPERC,Area Op2 (POperc) right,right,1,JULICH_BRAIN_CYTOARCHITECTONIC_ATLAS_V3_1_AREA_OP2_POPERC_RIGHT,NGIQ-BR-00000405,ONE_TO_ONE_CANONICAL
195,AREA_OP3_POPERC_LEFT.nii.gz,JULICH_BRAIN_CYTOARCHITECTONIC_ATLAS_V3_1_AREA_OP3_POPERC,Area Op3 (POperc) left,left,1,JULICH_BRAIN_CYTOARCHITECTONIC_ATLAS_V3_1_AREA_OP3_POPERC_LEFT,NGIQ-BR-00000408,ONE_TO_ONE_CANONICAL
196,AREA_OP3_POPERC_RIGHT.nii.gz,JULICH_BRAIN_CYTOARCHITECTONIC_ATLAS_V3_1_AREA_OP3_POPERC,Area Op3 (POperc) right,right,1,JULICH_BRAIN_CYTOARCHITECTONIC_ATLAS_V3_1_AREA_OP3_POPERC_RIGHT,NGIQ-BR-00000407,ONE_TO_ONE_CANONICAL
197,AREA_OP4_POPERC_LEFT.nii.gz,JULICH_BRAIN_CYTOARCHITECTONIC_ATLAS_V3_1_AREA_OP4_POPERC,Area Op4 (POperc) left,left,1,JULICH_BRAIN_CYTOARCHITECTONIC_ATLAS_V3_1_AREA_OP4_POPERC_LEFT,NGIQ-BR-00000410,ONE_TO_ONE_CANONICAL
198,AREA_OP4_POPERC_RIGHT.nii.gz,JULICH_BRAIN_CYTOARCHITECTONIC_ATLAS_V3_1_AREA_OP4_POPERC,Area Op4 (POperc) right,right,1,JULICH_BRAIN_CYTOARCHITECTONIC_ATLAS_V3_1_AREA_OP4_POPERC_RIGHT,NGIQ-BR-00000409,ONE_TO_ONE_CANONICAL
199,AREA_OP5_FRONTAL_OPERCULUM_LEFT.nii.gz,JULICH_BRAIN_CYTOARCHITECTONIC_ATLAS_V3_1_AREA_OP5_FRONTAL_OPERCULUM,Area Op5 (Frontal Operculum) left,left,1,JULICH_BRAIN_CYTOARCHITECTONIC_ATLAS_V3_1_AREA_OP5_FRONTAL_OPERCULUM_LEFT,NGIQ-BR-00000478,ONE_TO_ONE_CANONICAL
200,AREA_OP5_FRONTAL_OPERCULUM_RIGHT.nii.gz,JULICH_BRAIN_CYTOARCHITECTONIC_ATLAS_V3_1_AREA_OP5_FRONTAL_OPERCULUM,Area Op5 (Frontal Operculum) right,right,1,JULICH_BRAIN_CYTOARCHITECTONIC_ATLAS_V3_1_AREA_OP5_FRONTAL_OPERCULUM_RIGHT,NGIQ-BR-00000477,ONE_TO_ONE_CANONICAL
201,AREA_OP6_FRONTAL_OPERCULUM_LEFT.nii.gz,JULICH_BRAIN_CYTOARCHITECTONIC_ATLAS_V3_1_AREA_OP6_FRONTAL_OPERCULUM,Area Op6 (Frontal Operculum) left,left,1,JULICH_BRAIN_CYTOARCHITECTONIC_ATLAS_V3_1_AREA_OP6_FRONTAL_OPERCULUM_LEFT,NGIQ-BR-00000476,ONE_TO_ONE_CANONICAL
202,AREA_OP6_FRONTAL_OPERCULUM_RIGHT.nii.gz,JULICH_BRAIN_CYTOARCHITECTONIC_ATLAS_V3_1_AREA_OP6_FRONTAL_OPERCULUM,Area Op6 (Frontal Operculum) right,right,1,JULICH_BRAIN_CYTOARCHITECTONIC_ATLAS_V3_1_AREA_OP6_FRONTAL_OPERCULUM_RIGHT,NGIQ-BR-00000475,ONE_TO_ONE_CANONICAL
203,AREA_OP7_FRONTAL_OPERCULUM_LEFT.nii.gz,JULICH_BRAIN_CYTOARCHITECTONIC_ATLAS_V3_1_AREA_OP7_FRONTAL_OPERCULUM,Area Op7 (Frontal Operculum) left,left,1,JULICH_BRAIN_CYTOARCHITECTONIC_ATLAS_V3_1_AREA_OP7_FRONTAL_OPERCULUM_LEFT,NGIQ-BR-00000480,ONE_TO_ONE_CANONICAL
204,AREA_OP7_FRONTAL_OPERCULUM_RIGHT.nii.gz,JULICH_BRAIN_CYTOARCHITECTONIC_ATLAS_V3_1_AREA_OP7_FRONTAL_OPERCULUM,Area Op7 (Frontal Operculum) right,right,1,JULICH_BRAIN_CYTOARCHITECTONIC_ATLAS_V3_1_AREA_OP7_FRONTAL_OPERCULUM_RIGHT,NGIQ-BR-00000479,ONE_TO_ONE_CANONICAL
205,AREA_OP8_FRONTAL_OPERCULUM_LEFT.nii.gz,JULICH_BRAIN_CYTOARCHITECTONIC_ATLAS_V3_1_AREA_OP8_FRONTAL_OPERCULUM,Area Op8 (Frontal Operculum) left,left,1,JULICH_BRAIN_CYTOARCHITECTONIC_ATLAS_V3_1_AREA_OP8_FRONTAL_OPERCULUM_LEFT,NGIQ-BR-00000484,ONE_TO_ONE_CANONICAL
206,AREA_OP8_FRONTAL_OPERCULUM_RIGHT.nii.gz,JULICH_BRAIN_CYTOARCHITECTONIC_ATLAS_V3_1_AREA_OP8_FRONTAL_OPERCULUM,Area Op8 (Frontal Operculum) right,right,1,JULICH_BRAIN_CYTOARCHITECTONIC_ATLAS_V3_1_AREA_OP8_FRONTAL_OPERCULUM_RIGHT,NGIQ-BR-00000483,ONE_TO_ONE_CANONICAL
207,AREA_OP9_FRONTAL_OPERCULUM_LEFT.nii.gz,JULICH_BRAIN_CYTOARCHITECTONIC_ATLAS_V3_1_AREA_OP9_FRONTAL_OPERCULUM,Area Op9 (Frontal Operculum) left,left,1,JULICH_BRAIN_CYTOARCHITECTONIC_ATLAS_V3_1_AREA_OP9_FRONTAL_OPERCULUM_LEFT,NGIQ-BR-00000482,ONE_TO_ONE_CANONICAL
208,AREA_OP9_FRONTAL_OPERCULUM_RIGHT.nii.gz,JULICH_BRAIN_CYTOARCHITECTONIC_ATLAS_V3_1_AREA_OP9_FRONTAL_OPERCULUM,Area Op9 (Frontal Operculum) right,right,1,JULICH_BRAIN_CYTOARCHITECTONIC_ATLAS_V3_1_AREA_OP9_FRONTAL_OPERCULUM_RIGHT,NGIQ-BR-00000481,ONE_TO_ONE_CANONICAL
209,AREA_OTS1_OTS_LEFT.nii.gz,JULICH_BRAIN_CYTOARCHITECTONIC_ATLAS_V3_1_AREA_OTS1_OTS,Area OTS1 (OTS) left,left,1,JULICH_BRAIN_CYTOARCHITECTONIC_ATLAS_V3_1_AREA_OTS1_OTS_LEFT,NGIQ-BR-00000574,ONE_TO_ONE_CANONICAL
210,AREA_OTS1_OTS_RIGHT.nii.gz,JULICH_BRAIN_CYTOARCHITECTONIC_ATLAS_V3_1_AREA_OTS1_OTS,Area OTS1 (OTS) right,right,1,JULICH_BRAIN_CYTOARCHITECTONIC_ATLAS_V3_1_AREA_OTS1_OTS_RIGHT,NGIQ-BR-00000573,ONE_TO_ONE_CANONICAL
211,AREA_P24AB_PACC_LEFT.nii.gz,JULICH_BRAIN_CYTOARCHITECTONIC_ATLAS_V3_1_AREA_P24AB_PACC,Area p24ab (pACC) left,left,2,JULICH_BRAIN_CYTOARCHITECTONIC_ATLAS_V3_1_AREA_P24AB_P24A_PACC_LEFT;JULICH_BRAIN_CYTOARCHITECTONIC_ATLAS_V3_1_AREA_P24AB_P24B_PACC_LEFT,NGIQ-BR-00000643;NGIQ-BR-00000644,SHARED_SPATIAL_REPRESENTATION
212,AREA_P24AB_PACC_RIGHT.nii.gz,JULICH_BRAIN_CYTOARCHITECTONIC_ATLAS_V3_1_AREA_P24AB_PACC,Area p24ab (pACC) right,right,2,JULICH_BRAIN_CYTOARCHITECTONIC_ATLAS_V3_1_AREA_P24AB_P24A_PACC_RIGHT;JULICH_BRAIN_CYTOARCHITECTONIC_ATLAS_V3_1_AREA_P24AB_P24B_PACC_RIGHT,NGIQ-BR-00000641;NGIQ-BR-00000642,SHARED_SPATIAL_REPRESENTATION
213,AREA_P24C_PACC_LEFT.nii.gz,JULICH_BRAIN_CYTOARCHITECTONIC_ATLAS_V3_1_AREA_P24C_PACC,Area p24c (pACC) left,left,3,JULICH_BRAIN_CYTOARCHITECTONIC_ATLAS_V3_1_AREA_P24C_PD24CD_PACC_LEFT;JULICH_BRAIN_CYTOARCHITECTONIC_ATLAS_V3_1_AREA_P24C_PD24CV_PACC_LEFT;JULICH_BRAIN_CYTOARCHITECTONIC_ATLAS_V3_1_AREA_P24C_PV24C_PACC_LEFT,NGIQ-BR-00000634;NGIQ-BR-00000635;NGIQ-BR-00000636,SHARED_SPATIAL_REPRESENTATION
214,AREA_P24C_PACC_RIGHT.nii.gz,JULICH_BRAIN_CYTOARCHITECTONIC_ATLAS_V3_1_AREA_P24C_PACC,Area p24c (pACC) right,right,3,JULICH_BRAIN_CYTOARCHITECTONIC_ATLAS_V3_1_AREA_P24C_PD24CD_PACC_RIGHT;JULICH_BRAIN_CYTOARCHITECTONIC_ATLAS_V3_1_AREA_P24C_PD24CV_PACC_RIGHT;JULICH_BRAIN_CYTOARCHITECTONIC_ATLAS_V3_1_AREA_P24C_PV24C_PACC_RIGHT,NGIQ-BR-00000631;NGIQ-BR-00000632;NGIQ-BR-00000633,SHARED_SPATIAL_REPRESENTATION
215,AREA_P32_PACC_LEFT.nii.gz,JULICH_BRAIN_CYTOARCHITECTONIC_ATLAS_V3_1_AREA_P32_PACC,Area p32 (pACC) left,left,1,JULICH_BRAIN_CYTOARCHITECTONIC_ATLAS_V3_1_AREA_P32_PACC_LEFT,NGIQ-BR-00000650,ONE_TO_ONE_CANONICAL
216,AREA_P32_PACC_RIGHT.nii.gz,JULICH_BRAIN_CYTOARCHITECTONIC_ATLAS_V3_1_AREA_P32_PACC,Area p32 (pACC) right,right,1,JULICH_BRAIN_CYTOARCHITECTONIC_ATLAS_V3_1_AREA_P32_PACC_RIGHT,NGIQ-BR-00000649,ONE_TO_ONE_CANONICAL
217,AREA_PFCM_IPL_LEFT.nii.gz,JULICH_BRAIN_CYTOARCHITECTONIC_ATLAS_V3_1_AREA_PFCM_IPL,Area PFcm (IPL) left,left,1,JULICH_BRAIN_CYTOARCHITECTONIC_ATLAS_V3_1_AREA_PFCM_IPL_LEFT,NGIQ-BR-00000414,ONE_TO_ONE_CANONICAL
218,AREA_PFCM_IPL_RIGHT.nii.gz,JULICH_BRAIN_CYTOARCHITECTONIC_ATLAS_V3_1_AREA_PFCM_IPL,Area PFcm (IPL) right,right,1,JULICH_BRAIN_CYTOARCHITECTONIC_ATLAS_V3_1_AREA_PFCM_IPL_RIGHT,NGIQ-BR-00000413,ONE_TO_ONE_CANONICAL
219,AREA_PFM_IPL_LEFT.nii.gz,JULICH_BRAIN_CYTOARCHITECTONIC_ATLAS_V3_1_AREA_PFM_IPL,Area PFm (IPL) left,left,1,JULICH_BRAIN_CYTOARCHITECTONIC_ATLAS_V3_1_AREA_PFM_IPL_LEFT,NGIQ-BR-00000420,ONE_TO_ONE_CANONICAL
220,AREA_PFM_IPL_RIGHT.nii.gz,JULICH_BRAIN_CYTOARCHITECTONIC_ATLAS_V3_1_AREA_PFM_IPL,Area PFm (IPL) right,right,1,JULICH_BRAIN_CYTOARCHITECTONIC_ATLAS_V3_1_AREA_PFM_IPL_RIGHT,NGIQ-BR-00000419,ONE_TO_ONE_CANONICAL
221,AREA_PFOP_IPL_LEFT.nii.gz,JULICH_BRAIN_CYTOARCHITECTONIC_ATLAS_V3_1_AREA_PFOP_IPL,Area PFop (IPL) left,left,1,JULICH_BRAIN_CYTOARCHITECTONIC_ATLAS_V3_1_AREA_PFOP_IPL_LEFT,NGIQ-BR-00000424,ONE_TO_ONE_CANONICAL
222,AREA_PFOP_IPL_RIGHT.nii.gz,JULICH_BRAIN_CYTOARCHITECTONIC_ATLAS_V3_1_AREA_PFOP_IPL,Area PFop (IPL) right,right,1,JULICH_BRAIN_CYTOARCHITECTONIC_ATLAS_V3_1_AREA_PFOP_IPL_RIGHT,NGIQ-BR-00000423,ONE_TO_ONE_CANONICAL
223,AREA_PFT_IPL_LEFT.nii.gz,JULICH_BRAIN_CYTOARCHITECTONIC_ATLAS_V3_1_AREA_PFT_IPL,Area PFt (IPL) left,left,1,JULICH_BRAIN_CYTOARCHITECTONIC_ATLAS_V3_1_AREA_PFT_IPL_LEFT,NGIQ-BR-00000418,ONE_TO_ONE_CANONICAL
224,AREA_PFT_IPL_RIGHT.nii.gz,JULICH_BRAIN_CYTOARCHITECTONIC_ATLAS_V3_1_AREA_PFT_IPL,Area PFt (IPL) right,right,1,JULICH_BRAIN_CYTOARCHITECTONIC_ATLAS_V3_1_AREA_PFT_IPL_RIGHT,NGIQ-BR-00000417,ONE_TO_ONE_CANONICAL
225,AREA_PF_IPL_LEFT.nii.gz,JULICH_BRAIN_CYTOARCHITECTONIC_ATLAS_V3_1_AREA_PF_IPL,Area PF (IPL) left,left,1,JULICH_BRAIN_CYTOARCHITECTONIC_ATLAS_V3_1_AREA_PF_IPL_LEFT,NGIQ-BR-00000412,ONE_TO_ONE_CANONICAL
226,AREA_PF_IPL_RIGHT.nii.gz,JULICH_BRAIN_CYTOARCHITECTONIC_ATLAS_V3_1_AREA_PF_IPL,Area PF (IPL) right,right,1,JULICH_BRAIN_CYTOARCHITECTONIC_ATLAS_V3_1_AREA_PF_IPL_RIGHT,NGIQ-BR-00000411,ONE_TO_ONE_CANONICAL
227,AREA_PGA_IPL_LEFT.nii.gz,JULICH_BRAIN_CYTOARCHITECTONIC_ATLAS_V3_1_AREA_PGA_IPL,Area PGa (IPL) left,left,1,JULICH_BRAIN_CYTOARCHITECTONIC_ATLAS_V3_1_AREA_PGA_IPL_LEFT,NGIQ-BR-00000416,ONE_TO_ONE_CANONICAL
228,AREA_PGA_IPL_RIGHT.nii.gz,JULICH_BRAIN_CYTOARCHITECTONIC_ATLAS_V3_1_AREA_PGA_IPL,Area PGa (IPL) right,right,1,JULICH_BRAIN_CYTOARCHITECTONIC_ATLAS_V3_1_AREA_PGA_IPL_RIGHT,NGIQ-BR-00000415,ONE_TO_ONE_CANONICAL
229,AREA_PGP_IPL_LEFT.nii.gz,JULICH_BRAIN_CYTOARCHITECTONIC_ATLAS_V3_1_AREA_PGP_IPL,Area PGp (IPL) left,left,1,JULICH_BRAIN_CYTOARCHITECTONIC_ATLAS_V3_1_AREA_PGP_IPL_LEFT,NGIQ-BR-00000422,ONE_TO_ONE_CANONICAL
230,AREA_PGP_IPL_RIGHT.nii.gz,JULICH_BRAIN_CYTOARCHITECTONIC_ATLAS_V3_1_AREA_PGP_IPL,Area PGp (IPL) right,right,1,JULICH_BRAIN_CYTOARCHITECTONIC_ATLAS_V3_1_AREA_PGP_IPL_RIGHT,NGIQ-BR-00000421,ONE_TO_ONE_CANONICAL
231,AREA_PH1_PHG_LEFT.nii.gz,JULICH_BRAIN_CYTOARCHITECTONIC_ATLAS_V3_1_AREA_PH1_PHG,Area Ph1 (PhG) left,left,1,JULICH_BRAIN_CYTOARCHITECTONIC_ATLAS_V3_1_AREA_PH1_PHG_LEFT,NGIQ-BR-00000588,ONE_TO_ONE_CANONICAL
232,AREA_PH1_PHG_RIGHT.nii.gz,JULICH_BRAIN_CYTOARCHITECTONIC_ATLAS_V3_1_AREA_PH1_PHG,Area Ph1 (PhG) right,right,1,JULICH_BRAIN_CYTOARCHITECTONIC_ATLAS_V3_1_AREA_PH1_PHG_RIGHT,NGIQ-BR-00000587,ONE_TO_ONE_CANONICAL
233,AREA_PH2_PHG_LEFT.nii.gz,JULICH_BRAIN_CYTOARCHITECTONIC_ATLAS_V3_1_AREA_PH2_PHG,Area Ph2 (PhG) left,left,1,JULICH_BRAIN_CYTOARCHITECTONIC_ATLAS_V3_1_AREA_PH2_PHG_LEFT,NGIQ-BR-00000590,ONE_TO_ONE_CANONICAL
234,AREA_PH2_PHG_RIGHT.nii.gz,JULICH_BRAIN_CYTOARCHITECTONIC_ATLAS_V3_1_AREA_PH2_PHG,Area Ph2 (PhG) right,right,1,JULICH_BRAIN_CYTOARCHITECTONIC_ATLAS_V3_1_AREA_PH2_PHG_RIGHT,NGIQ-BR-00000589,ONE_TO_ONE_CANONICAL
235,AREA_PH3_PHG_LEFT.nii.gz,JULICH_BRAIN_CYTOARCHITECTONIC_ATLAS_V3_1_AREA_PH3_PHG,Area Ph3 (PhG) left,left,1,JULICH_BRAIN_CYTOARCHITECTONIC_ATLAS_V3_1_AREA_PH3_PHG_LEFT,NGIQ-BR-00000592,ONE_TO_ONE_CANONICAL
236,AREA_PH3_PHG_RIGHT.nii.gz,JULICH_BRAIN_CYTOARCHITECTONIC_ATLAS_V3_1_AREA_PH3_PHG,Area Ph3 (PhG) right,right,1,JULICH_BRAIN_CYTOARCHITECTONIC_ATLAS_V3_1_AREA_PH3_PHG_RIGHT,NGIQ-BR-00000591,ONE_TO_ONE_CANONICAL
237,AREA_PIRTB_PIRIFORMCORTEXMESIAL_TEMPOROBASAL_LEFT.nii.gz,JULICH_BRAIN_CYTOARCHITECTONIC_ATLAS_V3_1_AREA_PIRTB_PIRIFORMCORTEXMESIAL_TEMPOROBASAL,"Area PirTB (PiriformCortexMesial, temporobasal) left",left,2,JULICH_BRAIN_CYTOARCHITECTONIC_ATLAS_V3_1_AREA_PIRTB_TBD_PIRIFORMCORTEXMESIAL_PIRIFORM_TEMPOROBASAL_AREA_DORSAL_PART_LEFT;JULICH_BRAIN_CYTOARCHITECTONIC_ATLAS_V3_1_AREA_PIRTB_TBV_PIRIFORMCORTEXMESIAL_PIRIFORM_TEMPOROBASAL_AREA_VENTRAL_PART_LEFT,NGIQ-BR-00000661;NGIQ-BR-00000662,SHARED_SPATIAL_REPRESENTATION
238,AREA_PIRTB_PIRIFORMCORTEXMESIAL_TEMPOROBASAL_RIGHT.nii.gz,JULICH_BRAIN_CYTOARCHITECTONIC_ATLAS_V3_1_AREA_PIRTB_PIRIFORMCORTEXMESIAL_TEMPOROBASAL,"Area PirTB (PiriformCortexMesial, temporobasal) right",right,2,JULICH_BRAIN_CYTOARCHITECTONIC_ATLAS_V3_1_AREA_PIRTB_TBD_PIRIFORMCORTEXMESIAL_PIRIFORM_TEMPOROBASAL_AREA_DORSAL_PART_RIGHT;JULICH_BRAIN_CYTOARCHITECTONIC_ATLAS_V3_1_AREA_PIRTB_TBV_PIRIFORMCORTEXMESIAL_PIRIFORM_TEMPOROBASAL_AREA_VENTRAL_PART_RIGHT,NGIQ-BR-00000659;NGIQ-BR-00000660,SHARED_SPATIAL_REPRESENTATION
239,AREA_PIRT_PIRIFORMCORTEXMESIAL_TEMPORAL_LEFT.nii.gz,JULICH_BRAIN_CYTOARCHITECTONIC_ATLAS_V3_1_AREA_PIRT_PIRIFORMCORTEXMESIAL_TEMPORAL,"Area PirT (PiriformCortexMesial, temporal) left",left,2,JULICH_BRAIN_CYTOARCHITECTONIC_ATLAS_V3_1_AREA_PIRT_TIT_PIRIFORMCORTEXMESIAL_PIRIFORM_TEMPORAL_AREA_INCISURA_TEMPORALIS_LEFT;JULICH_BRAIN_CYTOARCHITECTONIC_ATLAS_V3_1_AREA_PIRT_TU_PIRIFORMCORTEXMESIAL_PIRIFORM_TEMPORAL_AREA_UNCUS_LEFT,NGIQ-BR-00000657;NGIQ-BR-00000658,SHARED_SPATIAL_REPRESENTATION
240,AREA_PIRT_PIRIFORMCORTEXMESIAL_TEMPORAL_RIGHT.nii.gz,JULICH_BRAIN_CYTOARCHITECTONIC_ATLAS_V3_1_AREA_PIRT_PIRIFORMCORTEXMESIAL_TEMPORAL,"Area PirT (PiriformCortexMesial, temporal) right",right,2,JULICH_BRAIN_CYTOARCHITECTONIC_ATLAS_V3_1_AREA_PIRT_TIT_PIRIFORMCORTEXMESIAL_PIRIFORM_TEMPORAL_AREA_INCISURA_TEMPORALIS_RIGHT;JULICH_BRAIN_CYTOARCHITECTONIC_ATLAS_V3_1_AREA_PIRT_TU_PIRIFORMCORTEXMESIAL_PIRIFORM_TEMPORAL_AREA_UNCUS_RIGHT,NGIQ-BR-00000655;NGIQ-BR-00000656,SHARED_SPATIAL_REPRESENTATION
241,AREA_S24_SACC_LEFT.nii.gz,JULICH_BRAIN_CYTOARCHITECTONIC_ATLAS_V3_1_AREA_S24_SACC,Area s24 (sACC) left,left,2,JULICH_BRAIN_CYTOARCHITECTONIC_ATLAS_V3_1_AREA_S24_S24A_SACC_LEFT;JULICH_BRAIN_CYTOARCHITECTONIC_ATLAS_V3_1_AREA_S24_S24B_SACC_LEFT,NGIQ-BR-00000653;NGIQ-BR-00000654,SHARED_SPATIAL_REPRESENTATION
242,AREA_S24_SACC_RIGHT.nii.gz,JULICH_BRAIN_CYTOARCHITECTONIC_ATLAS_V3_1_AREA_S24_SACC,Area s24 (sACC) right,right,2,JULICH_BRAIN_CYTOARCHITECTONIC_ATLAS_V3_1_AREA_S24_S24A_SACC_RIGHT;JULICH_BRAIN_CYTOARCHITECTONIC_ATLAS_V3_1_AREA_S24_S24B_SACC_RIGHT,NGIQ-BR-00000651;NGIQ-BR-00000652,SHARED_SPATIAL_REPRESENTATION
243,AREA_S32_SACC_LEFT.nii.gz,JULICH_BRAIN_CYTOARCHITECTONIC_ATLAS_V3_1_AREA_S32_SACC,Area s32 (sACC) left,left,1,JULICH_BRAIN_CYTOARCHITECTONIC_ATLAS_V3_1_AREA_S32_SACC_LEFT,NGIQ-BR-00000646,ONE_TO_ONE_CANONICAL
244,AREA_S32_SACC_RIGHT.nii.gz,JULICH_BRAIN_CYTOARCHITECTONIC_ATLAS_V3_1_AREA_S32_SACC,Area s32 (sACC) right,right,1,JULICH_BRAIN_CYTOARCHITECTONIC_ATLAS_V3_1_AREA_S32_SACC_RIGHT,NGIQ-BR-00000645,ONE_TO_ONE_CANONICAL
245,AREA_SFG2_SFG_LEFT.nii.gz,JULICH_BRAIN_CYTOARCHITECTONIC_ATLAS_V3_1_AREA_SFG2_SFG,Area SFG2 (SFG) left,left,1,JULICH_BRAIN_CYTOARCHITECTONIC_ATLAS_V3_1_AREA_SFG2_SFG_LEFT,NGIQ-BR-00000522,ONE_TO_ONE_CANONICAL
246,AREA_SFG2_SFG_RIGHT.nii.gz,JULICH_BRAIN_CYTOARCHITECTONIC_ATLAS_V3_1_AREA_SFG2_SFG,Area SFG2 (SFG) right,right,1,JULICH_BRAIN_CYTOARCHITECTONIC_ATLAS_V3_1_AREA_SFG2_SFG_RIGHT,NGIQ-BR-00000521,ONE_TO_ONE_CANONICAL
247,AREA_SFG3_SFG_LEFT.nii.gz,JULICH_BRAIN_CYTOARCHITECTONIC_ATLAS_V3_1_AREA_SFG3_SFG,Area SFG3 (SFG) left,left,1,JULICH_BRAIN_CYTOARCHITECTONIC_ATLAS_V3_1_AREA_SFG3_SFG_LEFT,NGIQ-BR-00000518,ONE_TO_ONE_CANONICAL
248,AREA_SFG3_SFG_RIGHT.nii.gz,JULICH_BRAIN_CYTOARCHITECTONIC_ATLAS_V3_1_AREA_SFG3_SFG,Area SFG3 (SFG) right,right,1,JULICH_BRAIN_CYTOARCHITECTONIC_ATLAS_V3_1_AREA_SFG3_SFG_RIGHT,NGIQ-BR-00000517,ONE_TO_ONE_CANONICAL
249,AREA_SFG4_SFG_LEFT.nii.gz,JULICH_BRAIN_CYTOARCHITECTONIC_ATLAS_V3_1_AREA_SFG4_SFG,Area SFG4 (SFG) left,left,1,JULICH_BRAIN_CYTOARCHITECTONIC_ATLAS_V3_1_AREA_SFG4_SFG_LEFT,NGIQ-BR-00000528,ONE_TO_ONE_CANONICAL
250,AREA_SFG4_SFG_RIGHT.nii.gz,JULICH_BRAIN_CYTOARCHITECTONIC_ATLAS_V3_1_AREA_SFG4_SFG,Area SFG4 (SFG) right,right,1,JULICH_BRAIN_CYTOARCHITECTONIC_ATLAS_V3_1_AREA_SFG4_SFG_RIGHT,NGIQ-BR-00000527,ONE_TO_ONE_CANONICAL
251,AREA_SFS1_SFS_LEFT.nii.gz,JULICH_BRAIN_CYTOARCHITECTONIC_ATLAS_V3_1_AREA_SFS1_SFS,Area SFS1 (SFS) left,left,1,JULICH_BRAIN_CYTOARCHITECTONIC_ATLAS_V3_1_AREA_SFS1_SFS_LEFT,NGIQ-BR-00000516,ONE_TO_ONE_CANONICAL
252,AREA_SFS1_SFS_RIGHT.nii.gz,JULICH_BRAIN_CYTOARCHITECTONIC_ATLAS_V3_1_AREA_SFS1_SFS,Area SFS1 (SFS) right,right,1,JULICH_BRAIN_CYTOARCHITECTONIC_ATLAS_V3_1_AREA_SFS1_SFS_RIGHT,NGIQ-BR-00000515,ONE_TO_ONE_CANONICAL
253,AREA_SFS2_SFS_LEFT.nii.gz,JULICH_BRAIN_CYTOARCHITECTONIC_ATLAS_V3_1_AREA_SFS2_SFS,Area SFS2 (SFS) left,left,1,JULICH_BRAIN_CYTOARCHITECTONIC_ATLAS_V3_1_AREA_SFS2_SFS_LEFT,NGIQ-BR-00000512,ONE_TO_ONE_CANONICAL
254,AREA_SFS2_SFS_RIGHT.nii.gz,JULICH_BRAIN_CYTOARCHITECTONIC_ATLAS_V3_1_AREA_SFS2_SFS,Area SFS2 (SFS) right,right,1,JULICH_BRAIN_CYTOARCHITECTONIC_ATLAS_V3_1_AREA_SFS2_SFS_RIGHT,NGIQ-BR-00000511,ONE_TO_ONE_CANONICAL
255,AREA_STS1_STS_LEFT.nii.gz,JULICH_BRAIN_CYTOARCHITECTONIC_ATLAS_V3_1_AREA_STS1_STS,Area STS1 (STS) left,left,1,JULICH_BRAIN_CYTOARCHITECTONIC_ATLAS_V3_1_AREA_STS1_STS_LEFT,NGIQ-BR-00000572,ONE_TO_ONE_CANONICAL
256,AREA_STS1_STS_RIGHT.nii.gz,JULICH_BRAIN_CYTOARCHITECTONIC_ATLAS_V3_1_AREA_STS1_STS,Area STS1 (STS) right,right,1,JULICH_BRAIN_CYTOARCHITECTONIC_ATLAS_V3_1_AREA_STS1_STS_RIGHT,NGIQ-BR-00000571,ONE_TO_ONE_CANONICAL
257,AREA_STS2_STS_LEFT.nii.gz,JULICH_BRAIN_CYTOARCHITECTONIC_ATLAS_V3_1_AREA_STS2_STS,Area STS2 (STS) left,left,1,JULICH_BRAIN_CYTOARCHITECTONIC_ATLAS_V3_1_AREA_STS2_STS_LEFT,NGIQ-BR-00000570,ONE_TO_ONE_CANONICAL
258,AREA_STS2_STS_RIGHT.nii.gz,JULICH_BRAIN_CYTOARCHITECTONIC_ATLAS_V3_1_AREA_STS2_STS,Area STS2 (STS) right,right,1,JULICH_BRAIN_CYTOARCHITECTONIC_ATLAS_V3_1_AREA_STS2_STS_RIGHT,NGIQ-BR-00000569,ONE_TO_ONE_CANONICAL
259,AREA_TEI_STG_LEFT.nii.gz,JULICH_BRAIN_CYTOARCHITECTONIC_ATLAS_V3_1_AREA_TEI_STG,Area TeI (STG) left,left,1,JULICH_BRAIN_CYTOARCHITECTONIC_ATLAS_V3_1_AREA_TEI_STG_LEFT,NGIQ-BR-00000598,ONE_TO_ONE_CANONICAL
260,AREA_TEI_STG_RIGHT.nii.gz,JULICH_BRAIN_CYTOARCHITECTONIC_ATLAS_V3_1_AREA_TEI_STG,Area TeI (STG) right,right,1,JULICH_BRAIN_CYTOARCHITECTONIC_ATLAS_V3_1_AREA_TEI_STG_RIGHT,NGIQ-BR-00000597,ONE_TO_ONE_CANONICAL
261,AREA_TE_1_0_HESCHL_LEFT.nii.gz,JULICH_BRAIN_CYTOARCHITECTONIC_ATLAS_V3_1_AREA_TE_1_0_HESCHL,Area Te 1.0 (HESCHL) left,left,1,JULICH_BRAIN_CYTOARCHITECTONIC_ATLAS_V3_1_AREA_TE_1_0_HESCHL_LEFT,NGIQ-BR-00000586,ONE_TO_ONE_CANONICAL
262,AREA_TE_1_0_HESCHL_RIGHT.nii.gz,JULICH_BRAIN_CYTOARCHITECTONIC_ATLAS_V3_1_AREA_TE_1_0_HESCHL,Area Te 1.0 (HESCHL) right,right,1,JULICH_BRAIN_CYTOARCHITECTONIC_ATLAS_V3_1_AREA_TE_1_0_HESCHL_RIGHT,NGIQ-BR-00000585,ONE_TO_ONE_CANONICAL
263,AREA_TE_1_1_HESCHL_LEFT.nii.gz,JULICH_BRAIN_CYTOARCHITECTONIC_ATLAS_V3_1_AREA_TE_1_1_HESCHL,Area Te 1.1 (HESCHL) left,left,1,JULICH_BRAIN_CYTOARCHITECTONIC_ATLAS_V3_1_AREA_TE_1_1_HESCHL_LEFT,NGIQ-BR-00000582,ONE_TO_ONE_CANONICAL
264,AREA_TE_1_1_HESCHL_RIGHT.nii.gz,JULICH_BRAIN_CYTOARCHITECTONIC_ATLAS_V3_1_AREA_TE_1_1_HESCHL,Area Te 1.1 (HESCHL) right,right,1,JULICH_BRAIN_CYTOARCHITECTONIC_ATLAS_V3_1_AREA_TE_1_1_HESCHL_RIGHT,NGIQ-BR-00000581,ONE_TO_ONE_CANONICAL
265,AREA_TE_1_2_HESCHL_LEFT.nii.gz,JULICH_BRAIN_CYTOARCHITECTONIC_ATLAS_V3_1_AREA_TE_1_2_HESCHL,Area Te 1.2 (HESCHL) left,left,1,JULICH_BRAIN_CYTOARCHITECTONIC_ATLAS_V3_1_AREA_TE_1_2_HESCHL_LEFT,NGIQ-BR-00000584,ONE_TO_ONE_CANONICAL
266,AREA_TE_1_2_HESCHL_RIGHT.nii.gz,JULICH_BRAIN_CYTOARCHITECTONIC_ATLAS_V3_1_AREA_TE_1_2_HESCHL,Area Te 1.2 (HESCHL) right,right,1,JULICH_BRAIN_CYTOARCHITECTONIC_ATLAS_V3_1_AREA_TE_1_2_HESCHL_RIGHT,NGIQ-BR-00000583,ONE_TO_ONE_CANONICAL
267,AREA_TE_2_1_STG_LEFT.nii.gz,JULICH_BRAIN_CYTOARCHITECTONIC_ATLAS_V3_1_AREA_TE_2_1_STG,Area Te 2.1 (STG) left,left,1,JULICH_BRAIN_CYTOARCHITECTONIC_ATLAS_V3_1_AREA_TE_2_1_STG_LEFT,NGIQ-BR-00000580,ONE_TO_ONE_CANONICAL
268,AREA_TE_2_1_STG_RIGHT.nii.gz,JULICH_BRAIN_CYTOARCHITECTONIC_ATLAS_V3_1_AREA_TE_2_1_STG,Area Te 2.1 (STG) right,right,1,JULICH_BRAIN_CYTOARCHITECTONIC_ATLAS_V3_1_AREA_TE_2_1_STG_RIGHT,NGIQ-BR-00000579,ONE_TO_ONE_CANONICAL
269,AREA_TE_2_2_STG_LEFT.nii.gz,JULICH_BRAIN_CYTOARCHITECTONIC_ATLAS_V3_1_AREA_TE_2_2_STG,Area Te 2.2 (STG) left,left,1,JULICH_BRAIN_CYTOARCHITECTONIC_ATLAS_V3_1_AREA_TE_2_2_STG_LEFT,NGIQ-BR-00000578,ONE_TO_ONE_CANONICAL
270,AREA_TE_2_2_STG_RIGHT.nii.gz,JULICH_BRAIN_CYTOARCHITECTONIC_ATLAS_V3_1_AREA_TE_2_2_STG,Area Te 2.2 (STG) right,right,1,JULICH_BRAIN_CYTOARCHITECTONIC_ATLAS_V3_1_AREA_TE_2_2_STG_RIGHT,NGIQ-BR-00000577,ONE_TO_ONE_CANONICAL
271,AREA_TE_3_STG_LEFT.nii.gz,JULICH_BRAIN_CYTOARCHITECTONIC_ATLAS_V3_1_AREA_TE_3_STG,Area Te 3 (STG) left,left,1,JULICH_BRAIN_CYTOARCHITECTONIC_ATLAS_V3_1_AREA_TE_3_STG_LEFT,NGIQ-BR-00000576,ONE_TO_ONE_CANONICAL
272,AREA_TE_3_STG_RIGHT.nii.gz,JULICH_BRAIN_CYTOARCHITECTONIC_ATLAS_V3_1_AREA_TE_3_STG,Area Te 3 (STG) right,right,1,JULICH_BRAIN_CYTOARCHITECTONIC_ATLAS_V3_1_AREA_TE_3_STG_RIGHT,NGIQ-BR-00000575,ONE_TO_ONE_CANONICAL
273,AREA_TI_STG_LEFT.nii.gz,JULICH_BRAIN_CYTOARCHITECTONIC_ATLAS_V3_1_AREA_TI_STG,Area TI (STG) left,left,1,JULICH_BRAIN_CYTOARCHITECTONIC_ATLAS_V3_1_AREA_TI_STG_LEFT,NGIQ-BR-00000596,ONE_TO_ONE_CANONICAL
274,AREA_TI_STG_RIGHT.nii.gz,JULICH_BRAIN_CYTOARCHITECTONIC_ATLAS_V3_1_AREA_TI_STG,Area TI (STG) right,right,1,JULICH_BRAIN_CYTOARCHITECTONIC_ATLAS_V3_1_AREA_TI_STG_RIGHT,NGIQ-BR-00000595,ONE_TO_ONE_CANONICAL
275,AREA_TPJ_STG_SMG_LEFT.nii.gz,JULICH_BRAIN_CYTOARCHITECTONIC_ATLAS_V3_1_AREA_TPJ_STG_SMG,"Area TPJ (STG, SMG) left",left,1,JULICH_BRAIN_CYTOARCHITECTONIC_ATLAS_V3_1_AREA_TPJ_STG_SMG_LEFT,NGIQ-BR-00000610,ONE_TO_ONE_CANONICAL
276,AREA_TPJ_STG_SMG_RIGHT.nii.gz,JULICH_BRAIN_CYTOARCHITECTONIC_ATLAS_V3_1_AREA_TPJ_STG_SMG,"Area TPJ (STG, SMG) right",right,1,JULICH_BRAIN_CYTOARCHITECTONIC_ATLAS_V3_1_AREA_TPJ_STG_SMG_RIGHT,NGIQ-BR-00000609,ONE_TO_ONE_CANONICAL
277,ASTR_AMYGDALA_LEFT.nii.gz,JULICH_BRAIN_CYTOARCHITECTONIC_ATLAS_V3_1_ASTR_AMYGDALA,Astr (Amygdala) left,left,1,JULICH_BRAIN_CYTOARCHITECTONIC_ATLAS_V3_1_ASTR_AMYGDALA_LEFT,NGIQ-BR-00000368,ONE_TO_ONE_CANONICAL
278,ASTR_AMYGDALA_RIGHT.nii.gz,JULICH_BRAIN_CYTOARCHITECTONIC_ATLAS_V3_1_ASTR_AMYGDALA,Astr (Amygdala) right,right,1,JULICH_BRAIN_CYTOARCHITECTONIC_ATLAS_V3_1_ASTR_AMYGDALA_RIGHT,NGIQ-BR-00000367,ONE_TO_ONE_CANONICAL
279,AV_THALAMUS_ANTEROVENTRAL_NUCLEUS_LEFT.nii.gz,JULICH_BRAIN_CYTOARCHITECTONIC_ATLAS_V3_1_AV_THALAMUS_ANTEROVENTRAL_NUCLEUS,"AV (Thalamus, anteroventral Nucleus) left",left,1,JULICH_BRAIN_CYTOARCHITECTONIC_ATLAS_V3_1_AV_THALAMUS_ANTEROVENTRAL_NUCLEUS_LEFT,NGIQ-BR-00000740,ONE_TO_ONE_CANONICAL
280,AV_THALAMUS_ANTEROVENTRAL_NUCLEUS_RIGHT.nii.gz,JULICH_BRAIN_CYTOARCHITECTONIC_ATLAS_V3_1_AV_THALAMUS_ANTEROVENTRAL_NUCLEUS,"AV (Thalamus, anteroventral Nucleus) right",right,1,JULICH_BRAIN_CYTOARCHITECTONIC_ATLAS_V3_1_AV_THALAMUS_ANTEROVENTRAL_NUCLEUS_RIGHT,NGIQ-BR-00000739,ONE_TO_ONE_CANONICAL
281,BST_BASAL_FOREBRAIN_BED_NUCLEUS_LEFT.nii.gz,JULICH_BRAIN_CYTOARCHITECTONIC_ATLAS_V3_1_BST_BASAL_FOREBRAIN_BED_NUCLEUS,"BST (Basal Forebrain, Bed Nucleus) left",left,1,JULICH_BRAIN_CYTOARCHITECTONIC_ATLAS_V3_1_BST_BASAL_FOREBRAIN_BED_NUCLEUS_LEFT,NGIQ-BR-00000344,ONE_TO_ONE_CANONICAL
282,BST_BASAL_FOREBRAIN_BED_NUCLEUS_RIGHT.nii.gz,JULICH_BRAIN_CYTOARCHITECTONIC_ATLAS_V3_1_BST_BASAL_FOREBRAIN_BED_NUCLEUS,"BST (Basal Forebrain, Bed Nucleus) right",right,1,JULICH_BRAIN_CYTOARCHITECTONIC_ATLAS_V3_1_BST_BASAL_FOREBRAIN_BED_NUCLEUS_RIGHT,NGIQ-BR-00000343,ONE_TO_ONE_CANONICAL
283,CA1_HIPPOCAMPUS_LEFT.nii.gz,JULICH_BRAIN_CYTOARCHITECTONIC_ATLAS_V3_1_CA1_HIPPOCAMPUS,CA1 (Hippocampus) left,left,1,JULICH_BRAIN_CYTOARCHITECTONIC_ATLAS_V3_1_CA1_HIPPOCAMPUS_LEFT,NGIQ-BR-00000684,ONE_TO_ONE_CANONICAL
284,CA1_HIPPOCAMPUS_RIGHT.nii.gz,JULICH_BRAIN_CYTOARCHITECTONIC_ATLAS_V3_1_CA1_HIPPOCAMPUS,CA1 (Hippocampus) right,right,1,JULICH_BRAIN_CYTOARCHITECTONIC_ATLAS_V3_1_CA1_HIPPOCAMPUS_RIGHT,NGIQ-BR-00000683,ONE_TO_ONE_CANONICAL
285,CA2_HIPPOCAMPUS_LEFT.nii.gz,JULICH_BRAIN_CYTOARCHITECTONIC_ATLAS_V3_1_CA2_HIPPOCAMPUS,CA2 (Hippocampus) left,left,1,JULICH_BRAIN_CYTOARCHITECTONIC_ATLAS_V3_1_CA2_HIPPOCAMPUS_LEFT,NGIQ-BR-00000680,ONE_TO_ONE_CANONICAL
286,CA2_HIPPOCAMPUS_RIGHT.nii.gz,JULICH_BRAIN_CYTOARCHITECTONIC_ATLAS_V3_1_CA2_HIPPOCAMPUS,CA2 (Hippocampus) right,right,1,JULICH_BRAIN_CYTOARCHITECTONIC_ATLAS_V3_1_CA2_HIPPOCAMPUS_RIGHT,NGIQ-BR-00000679,ONE_TO_ONE_CANONICAL
287,CA3_HIPPOCAMPUS_LEFT.nii.gz,JULICH_BRAIN_CYTOARCHITECTONIC_ATLAS_V3_1_CA3_HIPPOCAMPUS,CA3 (Hippocampus) left,left,1,JULICH_BRAIN_CYTOARCHITECTONIC_ATLAS_V3_1_CA3_HIPPOCAMPUS_LEFT,NGIQ-BR-00000666,ONE_TO_ONE_CANONICAL
288,CA3_HIPPOCAMPUS_RIGHT.nii.gz,JULICH_BRAIN_CYTOARCHITECTONIC_ATLAS_V3_1_CA3_HIPPOCAMPUS,CA3 (Hippocampus) right,right,1,JULICH_BRAIN_CYTOARCHITECTONIC_ATLAS_V3_1_CA3_HIPPOCAMPUS_RIGHT,NGIQ-BR-00000665,ONE_TO_ONE_CANONICAL
289,CGL_METATHALAMUS_LEFT.nii.gz,JULICH_BRAIN_CYTOARCHITECTONIC_ATLAS_V3_1_CGL_METATHALAMUS,CGL (Metathalamus) left,left,1,JULICH_BRAIN_CYTOARCHITECTONIC_ATLAS_V3_1_CGL_METATHALAMUS_LEFT,NGIQ-BR-00000714,ONE_TO_ONE_CANONICAL
290,CGL_METATHALAMUS_RIGHT.nii.gz,JULICH_BRAIN_CYTOARCHITECTONIC_ATLAS_V3_1_CGL_METATHALAMUS,CGL (Metathalamus) right,right,1,JULICH_BRAIN_CYTOARCHITECTONIC_ATLAS_V3_1_CGL_METATHALAMUS_RIGHT,NGIQ-BR-00000713,ONE_TO_ONE_CANONICAL
291,CGM_METATHALAMUS_LEFT.nii.gz,JULICH_BRAIN_CYTOARCHITECTONIC_ATLAS_V3_1_CGM_METATHALAMUS,CGM (Metathalamus) left,left,1,JULICH_BRAIN_CYTOARCHITECTONIC_ATLAS_V3_1_CGM_METATHALAMUS_LEFT,NGIQ-BR-00000712,ONE_TO_ONE_CANONICAL
292,CGM_METATHALAMUS_RIGHT.nii.gz,JULICH_BRAIN_CYTOARCHITECTONIC_ATLAS_V3_1_CGM_METATHALAMUS,CGM (Metathalamus) right,right,1,JULICH_BRAIN_CYTOARCHITECTONIC_ATLAS_V3_1_CGM_METATHALAMUS_RIGHT,NGIQ-BR-00000711,ONE_TO_ONE_CANONICAL
293,CH_123_BASAL_FOREBRAIN_LEFT.nii.gz,JULICH_BRAIN_CYTOARCHITECTONIC_ATLAS_V3_1_CH_123_BASAL_FOREBRAIN,Ch 123 (Basal Forebrain) left,left,1,JULICH_BRAIN_CYTOARCHITECTONIC_ATLAS_V3_1_CH_123_BASAL_FOREBRAIN_LEFT,NGIQ-BR-00000346,ONE_TO_ONE_CANONICAL
294,CH_123_BASAL_FOREBRAIN_RIGHT.nii.gz,JULICH_BRAIN_CYTOARCHITECTONIC_ATLAS_V3_1_CH_123_BASAL_FOREBRAIN,Ch 123 (Basal Forebrain) right,right,1,JULICH_BRAIN_CYTOARCHITECTONIC_ATLAS_V3_1_CH_123_BASAL_FOREBRAIN_RIGHT,NGIQ-BR-00000345,ONE_TO_ONE_CANONICAL
295,CH_4_BASAL_FOREBRAIN_LEFT.nii.gz,JULICH_BRAIN_CYTOARCHITECTONIC_ATLAS_V3_1_CH_4_BASAL_FOREBRAIN,Ch 4 (Basal Forebrain) left,left,1,JULICH_BRAIN_CYTOARCHITECTONIC_ATLAS_V3_1_CH_4_BASAL_FOREBRAIN_LEFT,NGIQ-BR-00000342,ONE_TO_ONE_CANONICAL
296,CH_4_BASAL_FOREBRAIN_RIGHT.nii.gz,JULICH_BRAIN_CYTOARCHITECTONIC_ATLAS_V3_1_CH_4_BASAL_FOREBRAIN,Ch 4 (Basal Forebrain) right,right,1,JULICH_BRAIN_CYTOARCHITECTONIC_ATLAS_V3_1_CH_4_BASAL_FOREBRAIN_RIGHT,NGIQ-BR-00000341,ONE_TO_ONE_CANONICAL
297,CL_THALAMUS_ANTERIOR_INTRALAMINAR_NUCLEI_LEFT.nii.gz,JULICH_BRAIN_CYTOARCHITECTONIC_ATLAS_V3_1_CL_THALAMUS_ANTERIOR_INTRALAMINAR_NUCLEI,"CL (Thalamus, anterior intralaminar nuclei) left",left,1,JULICH_BRAIN_CYTOARCHITECTONIC_ATLAS_V3_1_CL_THALAMUS_ANTERIOR_INTRALAMINAR_NUCLEI_LEFT,NGIQ-BR-00000770,ONE_TO_ONE_CANONICAL
298,CL_THALAMUS_ANTERIOR_INTRALAMINAR_NUCLEI_RIGHT.nii.gz,JULICH_BRAIN_CYTOARCHITECTONIC_ATLAS_V3_1_CL_THALAMUS_ANTERIOR_INTRALAMINAR_NUCLEI,"CL (Thalamus, anterior intralaminar nuclei) right",right,1,JULICH_BRAIN_CYTOARCHITECTONIC_ATLAS_V3_1_CL_THALAMUS_ANTERIOR_INTRALAMINAR_NUCLEI_RIGHT,NGIQ-BR-00000769,ONE_TO_ONE_CANONICAL
299,CM_AMYGDALA_LEFT.nii.gz,JULICH_BRAIN_CYTOARCHITECTONIC_ATLAS_V3_1_CM_AMYGDALA,CM (Amygdala) left,left,3,JULICH_BRAIN_CYTOARCHITECTONIC_ATLAS_V3_1_CM_AAA_AMYGDALA_LEFT;JULICH_BRAIN_CYTOARCHITECTONIC_ATLAS_V3_1_CM_CE_AMYGDALA_LEFT;JULICH_BRAIN_CYTOARCHITECTONIC_ATLAS_V3_1_CM_ME_AMYGDALA_LEFT,NGIQ-BR-00000350;NGIQ-BR-00000351;NGIQ-BR-00000352,SHARED_SPATIAL_REPRESENTATION
300,CM_AMYGDALA_RIGHT.nii.gz,JULICH_BRAIN_CYTOARCHITECTONIC_ATLAS_V3_1_CM_AMYGDALA,CM (Amygdala) right,right,3,JULICH_BRAIN_CYTOARCHITECTONIC_ATLAS_V3_1_CM_AAA_AMYGDALA_RIGHT;JULICH_BRAIN_CYTOARCHITECTONIC_ATLAS_V3_1_CM_CE_AMYGDALA_RIGHT;JULICH_BRAIN_CYTOARCHITECTONIC_ATLAS_V3_1_CM_ME_AMYGDALA_RIGHT,NGIQ-BR-00000347;NGIQ-BR-00000348;NGIQ-BR-00000349,SHARED_SPATIAL_REPRESENTATION
301,CM_THALAMUS_CENTROMEDIAN_NUCLEUS_LEFT.nii.gz,JULICH_BRAIN_CYTOARCHITECTONIC_ATLAS_V3_1_CM_THALAMUS_CENTROMEDIAN_NUCLEUS,"CM (Thalamus, centromedian Nucleus) left",left,1,JULICH_BRAIN_CYTOARCHITECTONIC_ATLAS_V3_1_CM_THALAMUS_CENTROMEDIAN_NUCLEUS_LEFT,NGIQ-BR-00000768,ONE_TO_ONE_CANONICAL
302,CM_THALAMUS_CENTROMEDIAN_NUCLEUS_RIGHT.nii.gz,JULICH_BRAIN_CYTOARCHITECTONIC_ATLAS_V3_1_CM_THALAMUS_CENTROMEDIAN_NUCLEUS,"CM (Thalamus, centromedian Nucleus) right",right,1,JULICH_BRAIN_CYTOARCHITECTONIC_ATLAS_V3_1_CM_THALAMUS_CENTROMEDIAN_NUCLEUS_RIGHT,NGIQ-BR-00000767,ONE_TO_ONE_CANONICAL
303,DG_HIPPOCAMPUS_LEFT.nii.gz,JULICH_BRAIN_CYTOARCHITECTONIC_ATLAS_V3_1_DG_HIPPOCAMPUS,DG (Hippocampus) left,left,1,JULICH_BRAIN_CYTOARCHITECTONIC_ATLAS_V3_1_DG_HIPPOCAMPUS_LEFT,NGIQ-BR-00000678,ONE_TO_ONE_CANONICAL
304,DG_HIPPOCAMPUS_RIGHT.nii.gz,JULICH_BRAIN_CYTOARCHITECTONIC_ATLAS_V3_1_DG_HIPPOCAMPUS,DG (Hippocampus) right,right,1,JULICH_BRAIN_CYTOARCHITECTONIC_ATLAS_V3_1_DG_HIPPOCAMPUS_RIGHT,NGIQ-BR-00000677,ONE_TO_ONE_CANONICAL
305,FRONTAL_II_GAPMAP_LEFT.nii.gz,JULICH_BRAIN_CYTOARCHITECTONIC_ATLAS_V3_1_FRONTAL_II_GAPMAP,Frontal-II (GapMap) left,left,1,JULICH_BRAIN_CYTOARCHITECTONIC_ATLAS_V3_1_FRONTAL_II_GAPMAP_LEFT,,ONE_TO_ONE_CANONICAL
306,FRONTAL_II_GAPMAP_RIGHT.nii.gz,JULICH_BRAIN_CYTOARCHITECTONIC_ATLAS_V3_1_FRONTAL_II_GAPMAP,Frontal-II (GapMap) right,right,1,JULICH_BRAIN_CYTOARCHITECTONIC_ATLAS_V3_1_FRONTAL_II_GAPMAP_RIGHT,,ONE_TO_ONE_CANONICAL
307,FRONTAL_I_1_GAPMAP_LEFT.nii.gz,JULICH_BRAIN_CYTOARCHITECTONIC_ATLAS_V3_1_FRONTAL_I_1_GAPMAP,Frontal-I.1 (GapMap) left,left,1,JULICH_BRAIN_CYTOARCHITECTONIC_ATLAS_V3_1_FRONTAL_I_1_GAPMAP_LEFT,,ONE_TO_ONE_CANONICAL
308,FRONTAL_I_1_GAPMAP_RIGHT.nii.gz,JULICH_BRAIN_CYTOARCHITECTONIC_ATLAS_V3_1_FRONTAL_I_1_GAPMAP,Frontal-I.1 (GapMap) right,right,1,JULICH_BRAIN_CYTOARCHITECTONIC_ATLAS_V3_1_FRONTAL_I_1_GAPMAP_RIGHT,,ONE_TO_ONE_CANONICAL
309,FRONTAL_I_2_GAPMAP_LEFT.nii.gz,JULICH_BRAIN_CYTOARCHITECTONIC_ATLAS_V3_1_FRONTAL_I_2_GAPMAP,Frontal-I.2 (GapMap) left,left,1,JULICH_BRAIN_CYTOARCHITECTONIC_ATLAS_V3_1_FRONTAL_I_2_GAPMAP_LEFT,,ONE_TO_ONE_CANONICAL
310,FRONTAL_I_2_GAPMAP_RIGHT.nii.gz,JULICH_BRAIN_CYTOARCHITECTONIC_ATLAS_V3_1_FRONTAL_I_2_GAPMAP,Frontal-I.2 (GapMap) right,right,1,JULICH_BRAIN_CYTOARCHITECTONIC_ATLAS_V3_1_FRONTAL_I_2_GAPMAP_RIGHT,,ONE_TO_ONE_CANONICAL
311,FRONTAL_TO_OCCIPITAL_GAPMAP_LEFT.nii.gz,JULICH_BRAIN_CYTOARCHITECTONIC_ATLAS_V3_1_FRONTAL_TO_OCCIPITAL_GAPMAP,Frontal-to-Occipital (GapMap) left,left,1,JULICH_BRAIN_CYTOARCHITECTONIC_ATLAS_V3_1_FRONTAL_TO_OCCIPITAL_GAPMAP_LEFT,,ONE_TO_ONE_CANONICAL
312,FRONTAL_TO_OCCIPITAL_GAPMAP_RIGHT.nii.gz,JULICH_BRAIN_CYTOARCHITECTONIC_ATLAS_V3_1_FRONTAL_TO_OCCIPITAL_GAPMAP,Frontal-to-Occipital (GapMap) right,right,1,JULICH_BRAIN_CYTOARCHITECTONIC_ATLAS_V3_1_FRONTAL_TO_OCCIPITAL_GAPMAP_RIGHT,,ONE_TO_ONE_CANONICAL
313,FRONTAL_TO_TEMPORAL_II_GAPMAP_LEFT.nii.gz,JULICH_BRAIN_CYTOARCHITECTONIC_ATLAS_V3_1_FRONTAL_TO_TEMPORAL_II_GAPMAP,Frontal-to-Temporal-II (GapMap) left,left,1,JULICH_BRAIN_CYTOARCHITECTONIC_ATLAS_V3_1_FRONTAL_TO_TEMPORAL_II_GAPMAP_LEFT,,ONE_TO_ONE_CANONICAL
314,FRONTAL_TO_TEMPORAL_II_GAPMAP_RIGHT.nii.gz,JULICH_BRAIN_CYTOARCHITECTONIC_ATLAS_V3_1_FRONTAL_TO_TEMPORAL_II_GAPMAP,Frontal-to-Temporal-II (GapMap) right,right,1,JULICH_BRAIN_CYTOARCHITECTONIC_ATLAS_V3_1_FRONTAL_TO_TEMPORAL_II_GAPMAP_RIGHT,,ONE_TO_ONE_CANONICAL
315,FRONTAL_TO_TEMPORAL_I_GAPMAP_LEFT.nii.gz,JULICH_BRAIN_CYTOARCHITECTONIC_ATLAS_V3_1_FRONTAL_TO_TEMPORAL_I_GAPMAP,Frontal-to-Temporal-I (GapMap) left,left,1,JULICH_BRAIN_CYTOARCHITECTONIC_ATLAS_V3_1_FRONTAL_TO_TEMPORAL_I_GAPMAP_LEFT,,ONE_TO_ONE_CANONICAL
316,FRONTAL_TO_TEMPORAL_I_GAPMAP_RIGHT.nii.gz,JULICH_BRAIN_CYTOARCHITECTONIC_ATLAS_V3_1_FRONTAL_TO_TEMPORAL_I_GAPMAP,Frontal-to-Temporal-I (GapMap) right,right,1,JULICH_BRAIN_CYTOARCHITECTONIC_ATLAS_V3_1_FRONTAL_TO_TEMPORAL_I_GAPMAP_RIGHT,,ONE_TO_ONE_CANONICAL
317,FUCD_VENTRAL_STRIATUM_FUNDUS_OF_CAUDATE_NUCLEUS_LEFT.nii.gz,JULICH_BRAIN_CYTOARCHITECTONIC_ATLAS_V3_1_FUCD_VENTRAL_STRIATUM_FUNDUS_OF_CAUDATE_NUCLEUS,"FuCd (Ventral Striatum, Fundus of Caudate Nucleus) left",left,1,JULICH_BRAIN_CYTOARCHITECTONIC_ATLAS_V3_1_FUCD_VENTRAL_STRIATUM_FUNDUS_OF_CAUDATE_NUCLEUS_LEFT,NGIQ-BR-00000334,ONE_TO_ONE_CANONICAL
318,FUCD_VENTRAL_STRIATUM_FUNDUS_OF_CAUDATE_NUCLEUS_RIGHT.nii.gz,JULICH_BRAIN_CYTOARCHITECTONIC_ATLAS_V3_1_FUCD_VENTRAL_STRIATUM_FUNDUS_OF_CAUDATE_NUCLEUS,"FuCd (Ventral Striatum, Fundus of Caudate Nucleus) right",right,1,JULICH_BRAIN_CYTOARCHITECTONIC_ATLAS_V3_1_FUCD_VENTRAL_STRIATUM_FUNDUS_OF_CAUDATE_NUCLEUS_RIGHT,NGIQ-BR-00000333,ONE_TO_ONE_CANONICAL
319,FUP_VENTRAL_STRIATUM_FUNDUS_OF_PUTAMEN_LEFT.nii.gz,JULICH_BRAIN_CYTOARCHITECTONIC_ATLAS_V3_1_FUP_VENTRAL_STRIATUM_FUNDUS_OF_PUTAMEN,"FuP (Ventral Striatum, Fundus of Putamen) left",left,1,JULICH_BRAIN_CYTOARCHITECTONIC_ATLAS_V3_1_FUP_VENTRAL_STRIATUM_FUNDUS_OF_PUTAMEN_LEFT,NGIQ-BR-00000340,ONE_TO_ONE_CANONICAL
320,FUP_VENTRAL_STRIATUM_FUNDUS_OF_PUTAMEN_RIGHT.nii.gz,JULICH_BRAIN_CYTOARCHITECTONIC_ATLAS_V3_1_FUP_VENTRAL_STRIATUM_FUNDUS_OF_PUTAMEN,"FuP (Ventral Striatum, Fundus of Putamen) right",right,1,JULICH_BRAIN_CYTOARCHITECTONIC_ATLAS_V3_1_FUP_VENTRAL_STRIATUM_FUNDUS_OF_PUTAMEN_RIGHT,NGIQ-BR-00000339,ONE_TO_ONE_CANONICAL
321,HATA_HIPPOCAMPUS_LEFT.nii.gz,JULICH_BRAIN_CYTOARCHITECTONIC_ATLAS_V3_1_HATA_HIPPOCAMPUS,HATA (Hippocampus) left,left,1,JULICH_BRAIN_CYTOARCHITECTONIC_ATLAS_V3_1_HATA_HIPPOCAMPUS_LEFT,NGIQ-BR-00000664,ONE_TO_ONE_CANONICAL
322,HATA_HIPPOCAMPUS_RIGHT.nii.gz,JULICH_BRAIN_CYTOARCHITECTONIC_ATLAS_V3_1_HATA_HIPPOCAMPUS,HATA (Hippocampus) right,right,1,JULICH_BRAIN_CYTOARCHITECTONIC_ATLAS_V3_1_HATA_HIPPOCAMPUS_RIGHT,NGIQ-BR-00000663,ONE_TO_ONE_CANONICAL
323,IF_AMYGDALA_LEFT.nii.gz,JULICH_BRAIN_CYTOARCHITECTONIC_ATLAS_V3_1_IF_AMYGDALA,IF (Amygdala) left,left,3,JULICH_BRAIN_CYTOARCHITECTONIC_ATLAS_V3_1_IF_ICE_AMYGDALA_LEFT;JULICH_BRAIN_CYTOARCHITECTONIC_ATLAS_V3_1_IF_IOL_AMYGDALA_LEFT;JULICH_BRAIN_CYTOARCHITECTONIC_ATLAS_V3_1_IF_LD_AMYGDALA_LEFT,NGIQ-BR-00000374;NGIQ-BR-00000375;NGIQ-BR-00000376,SHARED_SPATIAL_REPRESENTATION
324,IF_AMYGDALA_RIGHT.nii.gz,JULICH_BRAIN_CYTOARCHITECTONIC_ATLAS_V3_1_IF_AMYGDALA,IF (Amygdala) right,right,3,JULICH_BRAIN_CYTOARCHITECTONIC_ATLAS_V3_1_IF_ICE_AMYGDALA_RIGHT;JULICH_BRAIN_CYTOARCHITECTONIC_ATLAS_V3_1_IF_IOL_AMYGDALA_RIGHT;JULICH_BRAIN_CYTOARCHITECTONIC_ATLAS_V3_1_IF_LD_AMYGDALA_RIGHT,NGIQ-BR-00000371;NGIQ-BR-00000372;NGIQ-BR-00000373,SHARED_SPATIAL_REPRESENTATION
325,LB_AMYGDALA_LEFT.nii.gz,JULICH_BRAIN_CYTOARCHITECTONIC_ATLAS_V3_1_LB_AMYGDALA,LB (Amygdala) left,left,4,JULICH_BRAIN_CYTOARCHITECTONIC_ATLAS_V3_1_LB_BL_AMYGDALA_LEFT;JULICH_BRAIN_CYTOARCHITECTONIC_ATLAS_V3_1_LB_BM_AMYGDALA_LEFT;JULICH_BRAIN_CYTOARCHITECTONIC_ATLAS_V3_1_LB_LA_AMYGDALA_LEFT;JULICH_BRAIN_CYTOARCHITECTONIC_ATLAS_V3_1_LB_PL_AMYGDALA_LEFT,NGIQ-BR-00000357;NGIQ-BR-00000358;NGIQ-BR-00000359;NGIQ-BR-00000360,SHARED_SPATIAL_REPRESENTATION
326,LB_AMYGDALA_RIGHT.nii.gz,JULICH_BRAIN_CYTOARCHITECTONIC_ATLAS_V3_1_LB_AMYGDALA,LB (Amygdala) right,right,4,JULICH_BRAIN_CYTOARCHITECTONIC_ATLAS_V3_1_LB_BL_AMYGDALA_RIGHT;JULICH_BRAIN_CYTOARCHITECTONIC_ATLAS_V3_1_LB_BM_AMYGDALA_RIGHT;JULICH_BRAIN_CYTOARCHITECTONIC_ATLAS_V3_1_LB_LA_AMYGDALA_RIGHT;JULICH_BRAIN_CYTOARCHITECTONIC_ATLAS_V3_1_LB_PL_AMYGDALA_RIGHT,NGIQ-BR-00000353;NGIQ-BR-00000354;NGIQ-BR-00000355;NGIQ-BR-00000356,SHARED_SPATIAL_REPRESENTATION
327,LD_THALAMUS_LATERAL_DORSAL_NUCLEUS_LEFT.nii.gz,JULICH_BRAIN_CYTOARCHITECTONIC_ATLAS_V3_1_LD_THALAMUS_LATERAL_DORSAL_NUCLEUS,"LD (Thalamus, lateral dorsal Nucleus) left",left,1,JULICH_BRAIN_CYTOARCHITECTONIC_ATLAS_V3_1_LD_THALAMUS_LATERAL_DORSAL_NUCLEUS_LEFT,NGIQ-BR-00000738,ONE_TO_ONE_CANONICAL
328,LD_THALAMUS_LATERAL_DORSAL_NUCLEUS_RIGHT.nii.gz,JULICH_BRAIN_CYTOARCHITECTONIC_ATLAS_V3_1_LD_THALAMUS_LATERAL_DORSAL_NUCLEUS,"LD (Thalamus, lateral dorsal Nucleus) right",right,1,JULICH_BRAIN_CYTOARCHITECTONIC_ATLAS_V3_1_LD_THALAMUS_LATERAL_DORSAL_NUCLEUS_RIGHT,NGIQ-BR-00000737,ONE_TO_ONE_CANONICAL
329,LI_THALAMUS_LIMITANS_NUCLEUS_LEFT.nii.gz,JULICH_BRAIN_CYTOARCHITECTONIC_ATLAS_V3_1_LI_THALAMUS_LIMITANS_NUCLEUS,"Li (Thalamus, limitans Nucleus) left",left,1,JULICH_BRAIN_CYTOARCHITECTONIC_ATLAS_V3_1_LI_THALAMUS_LIMITANS_NUCLEUS_LEFT,NGIQ-BR-00000728,ONE_TO_ONE_CANONICAL
330,LI_THALAMUS_LIMITANS_NUCLEUS_RIGHT.nii.gz,JULICH_BRAIN_CYTOARCHITECTONIC_ATLAS_V3_1_LI_THALAMUS_LIMITANS_NUCLEUS,"Li (Thalamus, limitans Nucleus) right",right,1,JULICH_BRAIN_CYTOARCHITECTONIC_ATLAS_V3_1_LI_THALAMUS_LIMITANS_NUCLEUS_RIGHT,NGIQ-BR-00000727,ONE_TO_ONE_CANONICAL
331,LP_THALAMUS_LATERAL_POSTERIOR_NUCLEUS_LEFT.nii.gz,JULICH_BRAIN_CYTOARCHITECTONIC_ATLAS_V3_1_LP_THALAMUS_LATERAL_POSTERIOR_NUCLEUS,"LP (Thalamus, lateral posterior Nucleus) left",left,1,JULICH_BRAIN_CYTOARCHITECTONIC_ATLAS_V3_1_LP_THALAMUS_LATERAL_POSTERIOR_NUCLEUS_LEFT,NGIQ-BR-00000732,ONE_TO_ONE_CANONICAL
332,LP_THALAMUS_LATERAL_POSTERIOR_NUCLEUS_RIGHT.nii.gz,JULICH_BRAIN_CYTOARCHITECTONIC_ATLAS_V3_1_LP_THALAMUS_LATERAL_POSTERIOR_NUCLEUS,"LP (Thalamus, lateral posterior Nucleus) right",right,1,JULICH_BRAIN_CYTOARCHITECTONIC_ATLAS_V3_1_LP_THALAMUS_LATERAL_POSTERIOR_NUCLEUS_RIGHT,NGIQ-BR-00000731,ONE_TO_ONE_CANONICAL
333,MD_THALAMUS_MEDIODORSAL_NUCLEUS_LEFT.nii.gz,JULICH_BRAIN_CYTOARCHITECTONIC_ATLAS_V3_1_MD_THALAMUS_MEDIODORSAL_NUCLEUS,"MD (Thalamus, mediodorsal Nucleus) left",left,1,JULICH_BRAIN_CYTOARCHITECTONIC_ATLAS_V3_1_MD_THALAMUS_MEDIODORSAL_NUCLEUS_LEFT,NGIQ-BR-00000718,ONE_TO_ONE_CANONICAL
334,MD_THALAMUS_MEDIODORSAL_NUCLEUS_RIGHT.nii.gz,JULICH_BRAIN_CYTOARCHITECTONIC_ATLAS_V3_1_MD_THALAMUS_MEDIODORSAL_NUCLEUS,"MD (Thalamus, mediodorsal Nucleus) right",right,1,JULICH_BRAIN_CYTOARCHITECTONIC_ATLAS_V3_1_MD_THALAMUS_MEDIODORSAL_NUCLEUS_RIGHT,NGIQ-BR-00000717,ONE_TO_ONE_CANONICAL
335,MF_AMYGDALA_LEFT.nii.gz,JULICH_BRAIN_CYTOARCHITECTONIC_ATLAS_V3_1_MF_AMYGDALA,MF (Amygdala) left,left,2,JULICH_BRAIN_CYTOARCHITECTONIC_ATLAS_V3_1_MF_ICM_AMYGDALA_LEFT;JULICH_BRAIN_CYTOARCHITECTONIC_ATLAS_V3_1_MF_LM_AMYGDALA_LEFT,NGIQ-BR-00000379;NGIQ-BR-00000380,SHARED_SPATIAL_REPRESENTATION
336,MF_AMYGDALA_RIGHT.nii.gz,JULICH_BRAIN_CYTOARCHITECTONIC_ATLAS_V3_1_MF_AMYGDALA,MF (Amygdala) right,right,2,JULICH_BRAIN_CYTOARCHITECTONIC_ATLAS_V3_1_MF_ICM_AMYGDALA_RIGHT;JULICH_BRAIN_CYTOARCHITECTONIC_ATLAS_V3_1_MF_LM_AMYGDALA_RIGHT,NGIQ-BR-00000377;NGIQ-BR-00000378,SHARED_SPATIAL_REPRESENTATION
337,MV_THALAMUS_MEDIOVENTRAL_NUCLEUS_LEFT.nii.gz,JULICH_BRAIN_CYTOARCHITECTONIC_ATLAS_V3_1_MV_THALAMUS_MEDIOVENTRAL_NUCLEUS,"MV (Thalamus, medioventral Nucleus) left",left,1,JULICH_BRAIN_CYTOARCHITECTONIC_ATLAS_V3_1_MV_THALAMUS_MEDIOVENTRAL_NUCLEUS_LEFT,NGIQ-BR-00000716,ONE_TO_ONE_CANONICAL
338,MV_THALAMUS_MEDIOVENTRAL_NUCLEUS_RIGHT.nii.gz,JULICH_BRAIN_CYTOARCHITECTONIC_ATLAS_V3_1_MV_THALAMUS_MEDIOVENTRAL_NUCLEUS,"MV (Thalamus, medioventral Nucleus) right",right,1,JULICH_BRAIN_CYTOARCHITECTONIC_ATLAS_V3_1_MV_THALAMUS_MEDIOVENTRAL_NUCLEUS_RIGHT,NGIQ-BR-00000715,ONE_TO_ONE_CANONICAL
339,NDENTD_CEREBELLUM_DORSAL_DENTATE_NUCLEUS_LEFT.nii.gz,JULICH_BRAIN_CYTOARCHITECTONIC_ATLAS_V3_1_NDENTD_CEREBELLUM_DORSAL_DENTATE_NUCLEUS,"Ndentd (Cerebellum, Dorsal Dentate Nucleus) left",left,1,JULICH_BRAIN_CYTOARCHITECTONIC_ATLAS_V3_1_NDENTD_CEREBELLUM_DORSAL_DENTATE_NUCLEUS_LEFT,NGIQ-BR-00000702,ONE_TO_ONE_CANONICAL
340,NDENTD_CEREBELLUM_DORSAL_DENTATE_NUCLEUS_RIGHT.nii.gz,JULICH_BRAIN_CYTOARCHITECTONIC_ATLAS_V3_1_NDENTD_CEREBELLUM_DORSAL_DENTATE_NUCLEUS,"Ndentd (Cerebellum, Dorsal Dentate Nucleus) right",right,1,JULICH_BRAIN_CYTOARCHITECTONIC_ATLAS_V3_1_NDENTD_CEREBELLUM_DORSAL_DENTATE_NUCLEUS_RIGHT,NGIQ-BR-00000701,ONE_TO_ONE_CANONICAL
341,NDENTV_CEREBELLUM_VENTRAL_DENTATE_NUCLEUS_LEFT.nii.gz,JULICH_BRAIN_CYTOARCHITECTONIC_ATLAS_V3_1_NDENTV_CEREBELLUM_VENTRAL_DENTATE_NUCLEUS,"Ndentv (Cerebellum, Ventral Dentate Nucleus) left",left,1,JULICH_BRAIN_CYTOARCHITECTONIC_ATLAS_V3_1_NDENTV_CEREBELLUM_VENTRAL_DENTATE_NUCLEUS_LEFT,NGIQ-BR-00000700,ONE_TO_ONE_CANONICAL
342,NDENTV_CEREBELLUM_VENTRAL_DENTATE_NUCLEUS_RIGHT.nii.gz,JULICH_BRAIN_CYTOARCHITECTONIC_ATLAS_V3_1_NDENTV_CEREBELLUM_VENTRAL_DENTATE_NUCLEUS,"Ndentv (Cerebellum, Ventral Dentate Nucleus) right",right,1,JULICH_BRAIN_CYTOARCHITECTONIC_ATLAS_V3_1_NDENTV_CEREBELLUM_VENTRAL_DENTATE_NUCLEUS_RIGHT,NGIQ-BR-00000699,ONE_TO_ONE_CANONICAL
343,NFAST_CEREBELLUM_FASTIGIAL_NUCLEUS_LEFT.nii.gz,JULICH_BRAIN_CYTOARCHITECTONIC_ATLAS_V3_1_NFAST_CEREBELLUM_FASTIGIAL_NUCLEUS,"Nfast (Cerebellum, Fastigial Nucleus) left",left,1,JULICH_BRAIN_CYTOARCHITECTONIC_ATLAS_V3_1_NFAST_CEREBELLUM_FASTIGIAL_NUCLEUS_LEFT,NGIQ-BR-00000704,ONE_TO_ONE_CANONICAL
344,NFAST_CEREBELLUM_FASTIGIAL_NUCLEUS_RIGHT.nii.gz,JULICH_BRAIN_CYTOARCHITECTONIC_ATLAS_V3_1_NFAST_CEREBELLUM_FASTIGIAL_NUCLEUS,"Nfast (Cerebellum, Fastigial Nucleus) right",right,1,JULICH_BRAIN_CYTOARCHITECTONIC_ATLAS_V3_1_NFAST_CEREBELLUM_FASTIGIAL_NUCLEUS_RIGHT,NGIQ-BR-00000703,ONE_TO_ONE_CANONICAL
345,NINTERP_CEREBELLUM_INTERPOSED_NUCLEUS_LEFT.nii.gz,JULICH_BRAIN_CYTOARCHITECTONIC_ATLAS_V3_1_NINTERP_CEREBELLUM_INTERPOSED_NUCLEUS,"Ninterp (Cerebellum, Interposed Nucleus) left",left,1,JULICH_BRAIN_CYTOARCHITECTONIC_ATLAS_V3_1_NINTERP_CEREBELLUM_INTERPOSED_NUCLEUS_LEFT,NGIQ-BR-00000698,ONE_TO_ONE_CANONICAL
346,NINTERP_CEREBELLUM_INTERPOSED_NUCLEUS_RIGHT.nii.gz,JULICH_BRAIN_CYTOARCHITECTONIC_ATLAS_V3_1_NINTERP_CEREBELLUM_INTERPOSED_NUCLEUS,"Ninterp (Cerebellum, Interposed Nucleus) right",right,1,JULICH_BRAIN_CYTOARCHITECTONIC_ATLAS_V3_1_NINTERP_CEREBELLUM_INTERPOSED_NUCLEUS_RIGHT,NGIQ-BR-00000697,ONE_TO_ONE_CANONICAL
347,NRM_MIDBRAIN_NUCLEUS_RUBER_MAGNOCELLULAR_PART_LEFT.nii.gz,JULICH_BRAIN_CYTOARCHITECTONIC_ATLAS_V3_1_NRM_MIDBRAIN_NUCLEUS_RUBER_MAGNOCELLULAR_PART,"NRm (Midbrain, Nucleus Ruber, magnocellular part) left",left,1,JULICH_BRAIN_CYTOARCHITECTONIC_ATLAS_V3_1_NRM_MIDBRAIN_NUCLEUS_RUBER_MAGNOCELLULAR_PART_LEFT,NGIQ-BR-00000696,ONE_TO_ONE_CANONICAL
348,NRM_MIDBRAIN_NUCLEUS_RUBER_MAGNOCELLULAR_PART_RIGHT.nii.gz,JULICH_BRAIN_CYTOARCHITECTONIC_ATLAS_V3_1_NRM_MIDBRAIN_NUCLEUS_RUBER_MAGNOCELLULAR_PART,"NRm (Midbrain, Nucleus Ruber, magnocellular part) right",right,1,JULICH_BRAIN_CYTOARCHITECTONIC_ATLAS_V3_1_NRM_MIDBRAIN_NUCLEUS_RUBER_MAGNOCELLULAR_PART_RIGHT,NGIQ-BR-00000695,ONE_TO_ONE_CANONICAL
349,NRP_MIDBRAIN_NUCLEUS_RUBER_PARVOCELLULAR_PART_LEFT.nii.gz,JULICH_BRAIN_CYTOARCHITECTONIC_ATLAS_V3_1_NRP_MIDBRAIN_NUCLEUS_RUBER_PARVOCELLULAR_PART,"NRp (Midbrain, Nucleus Ruber, parvocellular part) left",left,1,JULICH_BRAIN_CYTOARCHITECTONIC_ATLAS_V3_1_NRP_MIDBRAIN_NUCLEUS_RUBER_PARVOCELLULAR_PART_LEFT,NGIQ-BR-00000694,ONE_TO_ONE_CANONICAL
350,NRP_MIDBRAIN_NUCLEUS_RUBER_PARVOCELLULAR_PART_RIGHT.nii.gz,JULICH_BRAIN_CYTOARCHITECTONIC_ATLAS_V3_1_NRP_MIDBRAIN_NUCLEUS_RUBER_PARVOCELLULAR_PART,"NRp (Midbrain, Nucleus Ruber, parvocellular part) right",right,1,JULICH_BRAIN_CYTOARCHITECTONIC_ATLAS_V3_1_NRP_MIDBRAIN_NUCLEUS_RUBER_PARVOCELLULAR_PART_RIGHT,NGIQ-BR-00000693,ONE_TO_ONE_CANONICAL
351,PF_THALAMUS_PARAFASCICULAR_NUCLEUS_LEFT.nii.gz,JULICH_BRAIN_CYTOARCHITECTONIC_ATLAS_V3_1_PF_THALAMUS_PARAFASCICULAR_NUCLEUS,"Pf (Thalamus, parafascicular Nucleus) left",left,1,JULICH_BRAIN_CYTOARCHITECTONIC_ATLAS_V3_1_PF_THALAMUS_PARAFASCICULAR_NUCLEUS_LEFT,NGIQ-BR-00000766,ONE_TO_ONE_CANONICAL
352,PF_THALAMUS_PARAFASCICULAR_NUCLEUS_RIGHT.nii.gz,JULICH_BRAIN_CYTOARCHITECTONIC_ATLAS_V3_1_PF_THALAMUS_PARAFASCICULAR_NUCLEUS,"Pf (Thalamus, parafascicular Nucleus) right",right,1,JULICH_BRAIN_CYTOARCHITECTONIC_ATLAS_V3_1_PF_THALAMUS_PARAFASCICULAR_NUCLEUS_RIGHT,NGIQ-BR-00000765,ONE_TO_ONE_CANONICAL
353,PO_THALAMUS_POSTERIOR_NUCLEUS_LEFT.nii.gz,JULICH_BRAIN_CYTOARCHITECTONIC_ATLAS_V3_1_PO_THALAMUS_POSTERIOR_NUCLEUS,"Po (Thalamus, posterior Nucleus) left",left,1,JULICH_BRAIN_CYTOARCHITECTONIC_ATLAS_V3_1_PO_THALAMUS_POSTERIOR_NUCLEUS_LEFT,NGIQ-BR-00000722,ONE_TO_ONE_CANONICAL
354,PO_THALAMUS_POSTERIOR_NUCLEUS_RIGHT.nii.gz,JULICH_BRAIN_CYTOARCHITECTONIC_ATLAS_V3_1_PO_THALAMUS_POSTERIOR_NUCLEUS,"Po (Thalamus, posterior Nucleus) right",right,1,JULICH_BRAIN_CYTOARCHITECTONIC_ATLAS_V3_1_PO_THALAMUS_POSTERIOR_NUCLEUS_RIGHT,NGIQ-BR-00000721,ONE_TO_ONE_CANONICAL
355,PUA_THALAMUS_ANTERIOR_PULVINAR_LEFT.nii.gz,JULICH_BRAIN_CYTOARCHITECTONIC_ATLAS_V3_1_PUA_THALAMUS_ANTERIOR_PULVINAR,"PUa (Thalamus, anterior pulvinar) left",left,1,JULICH_BRAIN_CYTOARCHITECTONIC_ATLAS_V3_1_PUA_THALAMUS_ANTERIOR_PULVINAR_LEFT,NGIQ-BR-00000736,ONE_TO_ONE_CANONICAL
356,PUA_THALAMUS_ANTERIOR_PULVINAR_RIGHT.nii.gz,JULICH_BRAIN_CYTOARCHITECTONIC_ATLAS_V3_1_PUA_THALAMUS_ANTERIOR_PULVINAR,"PUa (Thalamus, anterior pulvinar) right",right,1,JULICH_BRAIN_CYTOARCHITECTONIC_ATLAS_V3_1_PUA_THALAMUS_ANTERIOR_PULVINAR_RIGHT,NGIQ-BR-00000735,ONE_TO_ONE_CANONICAL
357,PUI_THALAMUS_INFERIOR_PULVINAR_LEFT.nii.gz,JULICH_BRAIN_CYTOARCHITECTONIC_ATLAS_V3_1_PUI_THALAMUS_INFERIOR_PULVINAR,"PUi (Thalamus, inferior pulvinar) left",left,1,JULICH_BRAIN_CYTOARCHITECTONIC_ATLAS_V3_1_PUI_THALAMUS_INFERIOR_PULVINAR_LEFT,NGIQ-BR-00000734,ONE_TO_ONE_CANONICAL
358,PUI_THALAMUS_INFERIOR_PULVINAR_RIGHT.nii.gz,JULICH_BRAIN_CYTOARCHITECTONIC_ATLAS_V3_1_PUI_THALAMUS_INFERIOR_PULVINAR,"PUi (Thalamus, inferior pulvinar) right",right,1,JULICH_BRAIN_CYTOARCHITECTONIC_ATLAS_V3_1_PUI_THALAMUS_INFERIOR_PULVINAR_RIGHT,NGIQ-BR-00000733,ONE_TO_ONE_CANONICAL
359,PUL_THALAMUS_LATERAL_PULVINAR_LEFT.nii.gz,JULICH_BRAIN_CYTOARCHITECTONIC_ATLAS_V3_1_PUL_THALAMUS_LATERAL_PULVINAR,"PUl (Thalamus, lateral pulvinar) left",left,1,JULICH_BRAIN_CYTOARCHITECTONIC_ATLAS_V3_1_PUL_THALAMUS_LATERAL_PULVINAR_LEFT,NGIQ-BR-00000726,ONE_TO_ONE_CANONICAL
360,PUL_THALAMUS_LATERAL_PULVINAR_RIGHT.nii.gz,JULICH_BRAIN_CYTOARCHITECTONIC_ATLAS_V3_1_PUL_THALAMUS_LATERAL_PULVINAR,"PUl (Thalamus, lateral pulvinar) right",right,1,JULICH_BRAIN_CYTOARCHITECTONIC_ATLAS_V3_1_PUL_THALAMUS_LATERAL_PULVINAR_RIGHT,NGIQ-BR-00000725,ONE_TO_ONE_CANONICAL
361,PUM_THALAMUS_MEDIAL_PULVINAR_LEFT.nii.gz,JULICH_BRAIN_CYTOARCHITECTONIC_ATLAS_V3_1_PUM_THALAMUS_MEDIAL_PULVINAR,"PUm (Thalamus, medial pulvinar) left",left,1,JULICH_BRAIN_CYTOARCHITECTONIC_ATLAS_V3_1_PUM_THALAMUS_MEDIAL_PULVINAR_LEFT,NGIQ-BR-00000724,ONE_TO_ONE_CANONICAL
362,PUM_THALAMUS_MEDIAL_PULVINAR_RIGHT.nii.gz,JULICH_BRAIN_CYTOARCHITECTONIC_ATLAS_V3_1_PUM_THALAMUS_MEDIAL_PULVINAR,"PUm (Thalamus, medial pulvinar) right",right,1,JULICH_BRAIN_CYTOARCHITECTONIC_ATLAS_V3_1_PUM_THALAMUS_MEDIAL_PULVINAR_RIGHT,NGIQ-BR-00000723,ONE_TO_ONE_CANONICAL
363,PV_THALAMUS_PARAVENTRICULAR_NUCLEUS_LEFT.nii.gz,JULICH_BRAIN_CYTOARCHITECTONIC_ATLAS_V3_1_PV_THALAMUS_PARAVENTRICULAR_NUCLEUS,"Pv (Thalamus, paraventricular Nucleus) left",left,1,JULICH_BRAIN_CYTOARCHITECTONIC_ATLAS_V3_1_PV_THALAMUS_PARAVENTRICULAR_NUCLEUS_LEFT,NGIQ-BR-00000720,ONE_TO_ONE_CANONICAL
364,PV_THALAMUS_PARAVENTRICULAR_NUCLEUS_RIGHT.nii.gz,JULICH_BRAIN_CYTOARCHITECTONIC_ATLAS_V3_1_PV_THALAMUS_PARAVENTRICULAR_NUCLEUS,"Pv (Thalamus, paraventricular Nucleus) right",right,1,JULICH_BRAIN_CYTOARCHITECTONIC_ATLAS_V3_1_PV_THALAMUS_PARAVENTRICULAR_NUCLEUS_RIGHT,NGIQ-BR-00000719,ONE_TO_ONE_CANONICAL
365,RT_THALAMUS_RETICULAR_NUCLEUS_LEFT.nii.gz,JULICH_BRAIN_CYTOARCHITECTONIC_ATLAS_V3_1_RT_THALAMUS_RETICULAR_NUCLEUS,"Rt (Thalamus, reticular Nucleus) left",left,1,JULICH_BRAIN_CYTOARCHITECTONIC_ATLAS_V3_1_RT_THALAMUS_RETICULAR_NUCLEUS_LEFT,NGIQ-BR-00000708,ONE_TO_ONE_CANONICAL
366,RT_THALAMUS_RETICULAR_NUCLEUS_RIGHT.nii.gz,JULICH_BRAIN_CYTOARCHITECTONIC_ATLAS_V3_1_RT_THALAMUS_RETICULAR_NUCLEUS,"Rt (Thalamus, reticular Nucleus) right",right,1,JULICH_BRAIN_CYTOARCHITECTONIC_ATLAS_V3_1_RT_THALAMUS_RETICULAR_NUCLEUS_RIGHT,NGIQ-BR-00000707,ONE_TO_ONE_CANONICAL
367,SF_AMYGDALA_LEFT.nii.gz,JULICH_BRAIN_CYTOARCHITECTONIC_ATLAS_V3_1_SF_AMYGDALA,SF (Amygdala) left,left,3,JULICH_BRAIN_CYTOARCHITECTONIC_ATLAS_V3_1_SF_AHI_AMYGDALA_LEFT;JULICH_BRAIN_CYTOARCHITECTONIC_ATLAS_V3_1_SF_APIR_AMYGDALA_LEFT;JULICH_BRAIN_CYTOARCHITECTONIC_ATLAS_V3_1_SF_VCO_AMYGDALA_LEFT,NGIQ-BR-00000364;NGIQ-BR-00000365;NGIQ-BR-00000366,SHARED_SPATIAL_REPRESENTATION
368,SF_AMYGDALA_RIGHT.nii.gz,JULICH_BRAIN_CYTOARCHITECTONIC_ATLAS_V3_1_SF_AMYGDALA,SF (Amygdala) right,right,3,JULICH_BRAIN_CYTOARCHITECTONIC_ATLAS_V3_1_SF_AHI_AMYGDALA_RIGHT;JULICH_BRAIN_CYTOARCHITECTONIC_ATLAS_V3_1_SF_APIR_AMYGDALA_RIGHT;JULICH_BRAIN_CYTOARCHITECTONIC_ATLAS_V3_1_SF_VCO_AMYGDALA_RIGHT,NGIQ-BR-00000361;NGIQ-BR-00000362;NGIQ-BR-00000363,SHARED_SPATIAL_REPRESENTATION
369,SG_THALAMUS_SUPRAGENICULATE_NUCLEUS_LEFT.nii.gz,JULICH_BRAIN_CYTOARCHITECTONIC_ATLAS_V3_1_SG_THALAMUS_SUPRAGENICULATE_NUCLEUS,"Sg (Thalamus, suprageniculate Nucleus) left",left,1,JULICH_BRAIN_CYTOARCHITECTONIC_ATLAS_V3_1_SG_THALAMUS_SUPRAGENICULATE_NUCLEUS_LEFT,NGIQ-BR-00000730,ONE_TO_ONE_CANONICAL
370,SG_THALAMUS_SUPRAGENICULATE_NUCLEUS_RIGHT.nii.gz,JULICH_BRAIN_CYTOARCHITECTONIC_ATLAS_V3_1_SG_THALAMUS_SUPRAGENICULATE_NUCLEUS,"Sg (Thalamus, suprageniculate Nucleus) right",right,1,JULICH_BRAIN_CYTOARCHITECTONIC_ATLAS_V3_1_SG_THALAMUS_SUPRAGENICULATE_NUCLEUS_RIGHT,NGIQ-BR-00000729,ONE_TO_ONE_CANONICAL
371,SNC_MIDBRAIN_SUBSTANTIA_NIGRA_PARS_COMPACTA_LEFT.nii.gz,JULICH_BRAIN_CYTOARCHITECTONIC_ATLAS_V3_1_SNC_MIDBRAIN_SUBSTANTIA_NIGRA_PARS_COMPACTA,"SNC (Midbrain, Substantia Nigra pars compacta) left",left,1,JULICH_BRAIN_CYTOARCHITECTONIC_ATLAS_V3_1_SNC_MIDBRAIN_SUBSTANTIA_NIGRA_PARS_COMPACTA_LEFT,NGIQ-BR-00000690,ONE_TO_ONE_CANONICAL
372,SNC_MIDBRAIN_SUBSTANTIA_NIGRA_PARS_COMPACTA_RIGHT.nii.gz,JULICH_BRAIN_CYTOARCHITECTONIC_ATLAS_V3_1_SNC_MIDBRAIN_SUBSTANTIA_NIGRA_PARS_COMPACTA,"SNC (Midbrain, Substantia Nigra pars compacta) right",right,1,JULICH_BRAIN_CYTOARCHITECTONIC_ATLAS_V3_1_SNC_MIDBRAIN_SUBSTANTIA_NIGRA_PARS_COMPACTA_RIGHT,NGIQ-BR-00000689,ONE_TO_ONE_CANONICAL
373,SNR_MIDBRAIN_SUBSTANTIA_NIGRA_PARS_RETICULATA_LEFT.nii.gz,JULICH_BRAIN_CYTOARCHITECTONIC_ATLAS_V3_1_SNR_MIDBRAIN_SUBSTANTIA_NIGRA_PARS_RETICULATA,"SNR (Midbrain, Substantia Nigra pars reticulata) left",left,1,JULICH_BRAIN_CYTOARCHITECTONIC_ATLAS_V3_1_SNR_MIDBRAIN_SUBSTANTIA_NIGRA_PARS_RETICULATA_LEFT,NGIQ-BR-00000692,ONE_TO_ONE_CANONICAL
374,SNR_MIDBRAIN_SUBSTANTIA_NIGRA_PARS_RETICULATA_RIGHT.nii.gz,JULICH_BRAIN_CYTOARCHITECTONIC_ATLAS_V3_1_SNR_MIDBRAIN_SUBSTANTIA_NIGRA_PARS_RETICULATA,"SNR (Midbrain, Substantia Nigra pars reticulata) right",right,1,JULICH_BRAIN_CYTOARCHITECTONIC_ATLAS_V3_1_SNR_MIDBRAIN_SUBSTANTIA_NIGRA_PARS_RETICULATA_RIGHT,NGIQ-BR-00000691,ONE_TO_ONE_CANONICAL
375,SPF_THALAMUS_SUBPARAFASCICULAR_NUCLEUS_LEFT.nii.gz,JULICH_BRAIN_CYTOARCHITECTONIC_ATLAS_V3_1_SPF_THALAMUS_SUBPARAFASCICULAR_NUCLEUS,"sPf (Thalamus, subparafascicular Nucleus) left",left,1,JULICH_BRAIN_CYTOARCHITECTONIC_ATLAS_V3_1_SPF_THALAMUS_SUBPARAFASCICULAR_NUCLEUS_LEFT,NGIQ-BR-00000764,ONE_TO_ONE_CANONICAL
376,SPF_THALAMUS_SUBPARAFASCICULAR_NUCLEUS_RIGHT.nii.gz,JULICH_BRAIN_CYTOARCHITECTONIC_ATLAS_V3_1_SPF_THALAMUS_SUBPARAFASCICULAR_NUCLEUS,"sPf (Thalamus, subparafascicular Nucleus) right",right,1,JULICH_BRAIN_CYTOARCHITECTONIC_ATLAS_V3_1_SPF_THALAMUS_SUBPARAFASCICULAR_NUCLEUS_RIGHT,NGIQ-BR-00000763,ONE_TO_ONE_CANONICAL
377,STN_SUBTHALAMUS_LEFT.nii.gz,JULICH_BRAIN_CYTOARCHITECTONIC_ATLAS_V3_1_STN_SUBTHALAMUS,STN (Subthalamus) left,left,1,JULICH_BRAIN_CYTOARCHITECTONIC_ATLAS_V3_1_STN_SUBTHALAMUS_LEFT,NGIQ-BR-00000706,ONE_TO_ONE_CANONICAL
378,STN_SUBTHALAMUS_RIGHT.nii.gz,JULICH_BRAIN_CYTOARCHITECTONIC_ATLAS_V3_1_STN_SUBTHALAMUS,STN (Subthalamus) right,right,1,JULICH_BRAIN_CYTOARCHITECTONIC_ATLAS_V3_1_STN_SUBTHALAMUS_RIGHT,NGIQ-BR-00000705,ONE_TO_ONE_CANONICAL
379,SUBC_HIPPOCAMPUS_SUBICULAR_COMPLEX_LEFT.nii.gz,JULICH_BRAIN_CYTOARCHITECTONIC_ATLAS_V3_1_SUBC_HIPPOCAMPUS_SUBICULAR_COMPLEX,"Subc (Hippocampus, Subicular complex) left",left,4,JULICH_BRAIN_CYTOARCHITECTONIC_ATLAS_V3_1_SUBC_PAS_HIPPOCAMPUS_PARASUBICULUM_LEFT;JULICH_BRAIN_CYTOARCHITECTONIC_ATLAS_V3_1_SUBC_PRES_HIPPOCAMPUS_PRESUBICULUM_LEFT;JULICH_BRAIN_CYTOARCHITECTONIC_ATLAS_V3_1_SUBC_PROS_HIPPOCAMPUS_PROSUBICULUM_LEFT;JULICH_BRAIN_CYTOARCHITECTONIC_ATLAS_V3_1_SUBC_SUB_HIPPOCAMPUS_SUBICULUM_LEFT,NGIQ-BR-00000673;NGIQ-BR-00000674;NGIQ-BR-00000675;NGIQ-BR-00000676,SHARED_SPATIAL_REPRESENTATION
380,SUBC_HIPPOCAMPUS_SUBICULAR_COMPLEX_RIGHT.nii.gz,JULICH_BRAIN_CYTOARCHITECTONIC_ATLAS_V3_1_SUBC_HIPPOCAMPUS_SUBICULAR_COMPLEX,"Subc (Hippocampus, Subicular complex) right",right,4,JULICH_BRAIN_CYTOARCHITECTONIC_ATLAS_V3_1_SUBC_PAS_HIPPOCAMPUS_PARASUBICULUM_RIGHT;JULICH_BRAIN_CYTOARCHITECTONIC_ATLAS_V3_1_SUBC_PRES_HIPPOCAMPUS_PRESUBICULUM_RIGHT;JULICH_BRAIN_CYTOARCHITECTONIC_ATLAS_V3_1_SUBC_PROS_HIPPOCAMPUS_PROSUBICULUM_RIGHT;JULICH_BRAIN_CYTOARCHITECTONIC_ATLAS_V3_1_SUBC_SUB_HIPPOCAMPUS_SUBICULUM_RIGHT,NGIQ-BR-00000669;NGIQ-BR-00000670;NGIQ-BR-00000671;NGIQ-BR-00000672,SHARED_SPATIAL_REPRESENTATION
381,TEMPORAL_TO_PARIETAL_GAPMAP_LEFT.nii.gz,JULICH_BRAIN_CYTOARCHITECTONIC_ATLAS_V3_1_TEMPORAL_TO_PARIETAL_GAPMAP,Temporal-to-Parietal (GapMap) left,left,1,JULICH_BRAIN_CYTOARCHITECTONIC_ATLAS_V3_1_TEMPORAL_TO_PARIETAL_GAPMAP_LEFT,,ONE_TO_ONE_CANONICAL
382,TEMPORAL_TO_PARIETAL_GAPMAP_RIGHT.nii.gz,JULICH_BRAIN_CYTOARCHITECTONIC_ATLAS_V3_1_TEMPORAL_TO_PARIETAL_GAPMAP,Temporal-to-Parietal (GapMap) right,right,1,JULICH_BRAIN_CYTOARCHITECTONIC_ATLAS_V3_1_TEMPORAL_TO_PARIETAL_GAPMAP_RIGHT,,ONE_TO_ONE_CANONICAL
383,TRS_HIPPOCAMPUS_TRANSSUBICULUM_LEFT.nii.gz,JULICH_BRAIN_CYTOARCHITECTONIC_ATLAS_V3_1_TRS_HIPPOCAMPUS_TRANSSUBICULUM,"TrS (Hippocampus, Transsubiculum) left",left,1,JULICH_BRAIN_CYTOARCHITECTONIC_ATLAS_V3_1_TRS_HIPPOCAMPUS_TRANSSUBICULUM_LEFT,NGIQ-BR-00000668,ONE_TO_ONE_CANONICAL
384,TRS_HIPPOCAMPUS_TRANSSUBICULUM_RIGHT.nii.gz,JULICH_BRAIN_CYTOARCHITECTONIC_ATLAS_V3_1_TRS_HIPPOCAMPUS_TRANSSUBICULUM,"TrS (Hippocampus, Transsubiculum) right",right,1,JULICH_BRAIN_CYTOARCHITECTONIC_ATLAS_V3_1_TRS_HIPPOCAMPUS_TRANSSUBICULUM_RIGHT,NGIQ-BR-00000667,ONE_TO_ONE_CANONICAL
385,TUTI_BASAL_FOREBRAIN_TERMINAL_ISLANDS_LEFT.nii.gz,JULICH_BRAIN_CYTOARCHITECTONIC_ATLAS_V3_1_TUTI_BASAL_FOREBRAIN_TERMINAL_ISLANDS,"TuTi (Basal Forebrain, Terminal islands) left",left,1,JULICH_BRAIN_CYTOARCHITECTONIC_ATLAS_V3_1_TUTI_BASAL_FOREBRAIN_TERMINAL_ISLANDS_LEFT,NGIQ-BR-00000686,ONE_TO_ONE_CANONICAL
386,TUTI_BASAL_FOREBRAIN_TERMINAL_ISLANDS_RIGHT.nii.gz,JULICH_BRAIN_CYTOARCHITECTONIC_ATLAS_V3_1_TUTI_BASAL_FOREBRAIN_TERMINAL_ISLANDS,"TuTi (Basal Forebrain, Terminal islands) right",right,1,JULICH_BRAIN_CYTOARCHITECTONIC_ATLAS_V3_1_TUTI_BASAL_FOREBRAIN_TERMINAL_ISLANDS_RIGHT,NGIQ-BR-00000685,ONE_TO_ONE_CANONICAL
387,TU_BASAL_FOREBRAIN_TUBERCULUM_LEFT.nii.gz,JULICH_BRAIN_CYTOARCHITECTONIC_ATLAS_V3_1_TU_BASAL_FOREBRAIN_TUBERCULUM,"Tu (Basal Forebrain, Tuberculum) left",left,1,JULICH_BRAIN_CYTOARCHITECTONIC_ATLAS_V3_1_TU_BASAL_FOREBRAIN_TUBERCULUM_LEFT,NGIQ-BR-00000688,ONE_TO_ONE_CANONICAL
388,TU_BASAL_FOREBRAIN_TUBERCULUM_RIGHT.nii.gz,JULICH_BRAIN_CYTOARCHITECTONIC_ATLAS_V3_1_TU_BASAL_FOREBRAIN_TUBERCULUM,"Tu (Basal Forebrain, Tuberculum) right",right,1,JULICH_BRAIN_CYTOARCHITECTONIC_ATLAS_V3_1_TU_BASAL_FOREBRAIN_TUBERCULUM_RIGHT,NGIQ-BR-00000687,ONE_TO_ONE_CANONICAL
389,VAMC_THALAMUS_VENTRAL_ANTERIOR_NUCLEUS_MAGNOCELLULAR_PART_LEFT.nii.gz,JULICH_BRAIN_CYTOARCHITECTONIC_ATLAS_V3_1_VAMC_THALAMUS_VENTRAL_ANTERIOR_NUCLEUS_MAGNOCELLULAR_PART,"VAmc (Thalamus, ventral anterior Nucleus, magnocellular part) left",left,1,JULICH_BRAIN_CYTOARCHITECTONIC_ATLAS_V3_1_VAMC_THALAMUS_VENTRAL_ANTERIOR_NUCLEUS_MAGNOCELLULAR_PART_LEFT,NGIQ-BR-00000760,ONE_TO_ONE_CANONICAL
390,VAMC_THALAMUS_VENTRAL_ANTERIOR_NUCLEUS_MAGNOCELLULAR_PART_RIGHT.nii.gz,JULICH_BRAIN_CYTOARCHITECTONIC_ATLAS_V3_1_VAMC_THALAMUS_VENTRAL_ANTERIOR_NUCLEUS_MAGNOCELLULAR_PART,"VAmc (Thalamus, ventral anterior Nucleus, magnocellular part) right",right,1,JULICH_BRAIN_CYTOARCHITECTONIC_ATLAS_V3_1_VAMC_THALAMUS_VENTRAL_ANTERIOR_NUCLEUS_MAGNOCELLULAR_PART_RIGHT,NGIQ-BR-00000759,ONE_TO_ONE_CANONICAL
391,VA_THALAMUS_VENTRAL_ANTERIOR_NUCLEUS_VENTRAL_LEFT.nii.gz,JULICH_BRAIN_CYTOARCHITECTONIC_ATLAS_V3_1_VA_THALAMUS_VENTRAL_ANTERIOR_NUCLEUS_VENTRAL,"VA (Thalamus, ventral anterior Nucleus (ventral)) left",left,1,JULICH_BRAIN_CYTOARCHITECTONIC_ATLAS_V3_1_VA_THALAMUS_VENTRAL_ANTERIOR_NUCLEUS_VENTRAL_LEFT,NGIQ-BR-00000756,ONE_TO_ONE_CANONICAL
392,VA_THALAMUS_VENTRAL_ANTERIOR_NUCLEUS_VENTRAL_RIGHT.nii.gz,JULICH_BRAIN_CYTOARCHITECTONIC_ATLAS_V3_1_VA_THALAMUS_VENTRAL_ANTERIOR_NUCLEUS_VENTRAL,"VA (Thalamus, ventral anterior Nucleus (ventral)) right",right,1,JULICH_BRAIN_CYTOARCHITECTONIC_ATLAS_V3_1_VA_THALAMUS_VENTRAL_ANTERIOR_NUCLEUS_VENTRAL_RIGHT,NGIQ-BR-00000755,ONE_TO_ONE_CANONICAL
393,VIM_THALAMUS_VENTRAL_INTERMEDIATE_NUCLEUS_LEFT.nii.gz,JULICH_BRAIN_CYTOARCHITECTONIC_ATLAS_V3_1_VIM_THALAMUS_VENTRAL_INTERMEDIATE_NUCLEUS,"VIM (Thalamus, ventral intermediate Nucleus) left",left,1,JULICH_BRAIN_CYTOARCHITECTONIC_ATLAS_V3_1_VIM_THALAMUS_VENTRAL_INTERMEDIATE_NUCLEUS_LEFT,NGIQ-BR-00000752,ONE_TO_ONE_CANONICAL
394,VIM_THALAMUS_VENTRAL_INTERMEDIATE_NUCLEUS_RIGHT.nii.gz,JULICH_BRAIN_CYTOARCHITECTONIC_ATLAS_V3_1_VIM_THALAMUS_VENTRAL_INTERMEDIATE_NUCLEUS,"VIM (Thalamus, ventral intermediate Nucleus) right",right,1,JULICH_BRAIN_CYTOARCHITECTONIC_ATLAS_V3_1_VIM_THALAMUS_VENTRAL_INTERMEDIATE_NUCLEUS_RIGHT,NGIQ-BR-00000751,ONE_TO_ONE_CANONICAL
395,VLA_THALAMUS_VENTRAL_LATERAL_ANTERIOR_NUCLEUS_LEFT.nii.gz,JULICH_BRAIN_CYTOARCHITECTONIC_ATLAS_V3_1_VLA_THALAMUS_VENTRAL_LATERAL_ANTERIOR_NUCLEUS,"VLA (Thalamus, ventral lateral anterior Nucleus) left",left,1,JULICH_BRAIN_CYTOARCHITECTONIC_ATLAS_V3_1_VLA_THALAMUS_VENTRAL_LATERAL_ANTERIOR_NUCLEUS_LEFT,NGIQ-BR-00000758,ONE_TO_ONE_CANONICAL
396,VLA_THALAMUS_VENTRAL_LATERAL_ANTERIOR_NUCLEUS_RIGHT.nii.gz,JULICH_BRAIN_CYTOARCHITECTONIC_ATLAS_V3_1_VLA_THALAMUS_VENTRAL_LATERAL_ANTERIOR_NUCLEUS,"VLA (Thalamus, ventral lateral anterior Nucleus) right",right,1,JULICH_BRAIN_CYTOARCHITECTONIC_ATLAS_V3_1_VLA_THALAMUS_VENTRAL_LATERAL_ANTERIOR_NUCLEUS_RIGHT,NGIQ-BR-00000757,ONE_TO_ONE_CANONICAL
397,VLP_THALAMUS_VENTRAL_LATERAL_POSTERIOR_NUCLEUS_LEFT.nii.gz,JULICH_BRAIN_CYTOARCHITECTONIC_ATLAS_V3_1_VLP_THALAMUS_VENTRAL_LATERAL_POSTERIOR_NUCLEUS,"VLP (Thalamus, ventral lateral posterior Nucleus) left",left,1,JULICH_BRAIN_CYTOARCHITECTONIC_ATLAS_V3_1_VLP_THALAMUS_VENTRAL_LATERAL_POSTERIOR_NUCLEUS_LEFT,NGIQ-BR-00000750,ONE_TO_ONE_CANONICAL
398,VLP_THALAMUS_VENTRAL_LATERAL_POSTERIOR_NUCLEUS_RIGHT.nii.gz,JULICH_BRAIN_CYTOARCHITECTONIC_ATLAS_V3_1_VLP_THALAMUS_VENTRAL_LATERAL_POSTERIOR_NUCLEUS,"VLP (Thalamus, ventral lateral posterior Nucleus) right",right,1,JULICH_BRAIN_CYTOARCHITECTONIC_ATLAS_V3_1_VLP_THALAMUS_VENTRAL_LATERAL_POSTERIOR_NUCLEUS_RIGHT,NGIQ-BR-00000749,ONE_TO_ONE_CANONICAL
399,VM_THALAMUS_VENTRAL_MEDIAL_NUCLEUS_LEFT.nii.gz,JULICH_BRAIN_CYTOARCHITECTONIC_ATLAS_V3_1_VM_THALAMUS_VENTRAL_MEDIAL_NUCLEUS,"VM (Thalamus, ventral medial Nucleus) left",left,1,JULICH_BRAIN_CYTOARCHITECTONIC_ATLAS_V3_1_VM_THALAMUS_VENTRAL_MEDIAL_NUCLEUS_LEFT,NGIQ-BR-00000754,ONE_TO_ONE_CANONICAL
400,VM_THALAMUS_VENTRAL_MEDIAL_NUCLEUS_RIGHT.nii.gz,JULICH_BRAIN_CYTOARCHITECTONIC_ATLAS_V3_1_VM_THALAMUS_VENTRAL_MEDIAL_NUCLEUS,"VM (Thalamus, ventral medial Nucleus) right",right,1,JULICH_BRAIN_CYTOARCHITECTONIC_ATLAS_V3_1_VM_THALAMUS_VENTRAL_MEDIAL_NUCLEUS_RIGHT,NGIQ-BR-00000753,ONE_TO_ONE_CANONICAL
401,VPI_THALAMUS_VENTROPOSTERIOR_INFERIOR_NUCLEUS_LEFT.nii.gz,JULICH_BRAIN_CYTOARCHITECTONIC_ATLAS_V3_1_VPI_THALAMUS_VENTROPOSTERIOR_INFERIOR_NUCLEUS,"VPi (Thalamus, ventroposterior inferior Nucleus) left",left,1,JULICH_BRAIN_CYTOARCHITECTONIC_ATLAS_V3_1_VPI_THALAMUS_VENTROPOSTERIOR_INFERIOR_NUCLEUS_LEFT,NGIQ-BR-00000746,ONE_TO_ONE_CANONICAL
402,VPI_THALAMUS_VENTROPOSTERIOR_INFERIOR_NUCLEUS_RIGHT.nii.gz,JULICH_BRAIN_CYTOARCHITECTONIC_ATLAS_V3_1_VPI_THALAMUS_VENTROPOSTERIOR_INFERIOR_NUCLEUS,"VPi (Thalamus, ventroposterior inferior Nucleus) right",right,1,JULICH_BRAIN_CYTOARCHITECTONIC_ATLAS_V3_1_VPI_THALAMUS_VENTROPOSTERIOR_INFERIOR_NUCLEUS_RIGHT,NGIQ-BR-00000745,ONE_TO_ONE_CANONICAL
403,VPL_THALAMUS_VENTRAL_POSTERIOR_LATERAL_NUCLEUS_LEFT.nii.gz,JULICH_BRAIN_CYTOARCHITECTONIC_ATLAS_V3_1_VPL_THALAMUS_VENTRAL_POSTERIOR_LATERAL_NUCLEUS,"VPL (Thalamus, ventral posterior lateral Nucleus) left",left,1,JULICH_BRAIN_CYTOARCHITECTONIC_ATLAS_V3_1_VPL_THALAMUS_VENTRAL_POSTERIOR_LATERAL_NUCLEUS_LEFT,NGIQ-BR-00000748,ONE_TO_ONE_CANONICAL
404,VPL_THALAMUS_VENTRAL_POSTERIOR_LATERAL_NUCLEUS_RIGHT.nii.gz,JULICH_BRAIN_CYTOARCHITECTONIC_ATLAS_V3_1_VPL_THALAMUS_VENTRAL_POSTERIOR_LATERAL_NUCLEUS,"VPL (Thalamus, ventral posterior lateral Nucleus) right",right,1,JULICH_BRAIN_CYTOARCHITECTONIC_ATLAS_V3_1_VPL_THALAMUS_VENTRAL_POSTERIOR_LATERAL_NUCLEUS_RIGHT,NGIQ-BR-00000747,ONE_TO_ONE_CANONICAL
405,VPMPC_THALAMUS_VENTRAL_POSTERIOR_MEDIAL_NUCLEUS_PARVOCELLULAR_PART_LEFT.nii.gz,JULICH_BRAIN_CYTOARCHITECTONIC_ATLAS_V3_1_VPMPC_THALAMUS_VENTRAL_POSTERIOR_MEDIAL_NUCLEUS_PARVOCELLULAR_PART,"VPMpc (Thalamus, ventral posterior medial Nucleus, parvocellular part) left",left,1,JULICH_BRAIN_CYTOARCHITECTONIC_ATLAS_V3_1_VPMPC_THALAMUS_VENTRAL_POSTERIOR_MEDIAL_NUCLEUS_PARVOCELLULAR_PART_LEFT,NGIQ-BR-00000744,ONE_TO_ONE_CANONICAL
406,VPMPC_THALAMUS_VENTRAL_POSTERIOR_MEDIAL_NUCLEUS_PARVOCELLULAR_PART_RIGHT.nii.gz,JULICH_BRAIN_CYTOARCHITECTONIC_ATLAS_V3_1_VPMPC_THALAMUS_VENTRAL_POSTERIOR_MEDIAL_NUCLEUS_PARVOCELLULAR_PART,"VPMpc (Thalamus, ventral posterior medial Nucleus, parvocellular part) right",right,1,JULICH_BRAIN_CYTOARCHITECTONIC_ATLAS_V3_1_VPMPC_THALAMUS_VENTRAL_POSTERIOR_MEDIAL_NUCLEUS_PARVOCELLULAR_PART_RIGHT,NGIQ-BR-00000743,ONE_TO_ONE_CANONICAL
407,VPM_THALAMUS_VENTRAL_POSTERIOR_MEDIAL_NUCLEUS_LEFT.nii.gz,JULICH_BRAIN_CYTOARCHITECTONIC_ATLAS_V3_1_VPM_THALAMUS_VENTRAL_POSTERIOR_MEDIAL_NUCLEUS,"VPM (Thalamus, ventral posterior medial Nucleus) left",left,1,JULICH_BRAIN_CYTOARCHITECTONIC_ATLAS_V3_1_VPM_THALAMUS_VENTRAL_POSTERIOR_MEDIAL_NUCLEUS_LEFT,NGIQ-BR-00000762,ONE_TO_ONE_CANONICAL
408,VPM_THALAMUS_VENTRAL_POSTERIOR_MEDIAL_NUCLEUS_RIGHT.nii.gz,JULICH_BRAIN_CYTOARCHITECTONIC_ATLAS_V3_1_VPM_THALAMUS_VENTRAL_POSTERIOR_MEDIAL_NUCLEUS,"VPM (Thalamus, ventral posterior medial Nucleus) right",right,1,JULICH_BRAIN_CYTOARCHITECTONIC_ATLAS_V3_1_VPM_THALAMUS_VENTRAL_POSTERIOR_MEDIAL_NUCLEUS_RIGHT,NGIQ-BR-00000761,ONE_TO_ONE_CANONICAL
409,VP_VENTRAL_PALLIDUM_LEFT.nii.gz,JULICH_BRAIN_CYTOARCHITECTONIC_ATLAS_V3_1_VP_VENTRAL_PALLIDUM,VP (Ventral Pallidum) left,left,1,JULICH_BRAIN_CYTOARCHITECTONIC_ATLAS_V3_1_VP_VENTRAL_PALLIDUM_LEFT,NGIQ-BR-00000332,ONE_TO_ONE_CANONICAL
410,VP_VENTRAL_PALLIDUM_RIGHT.nii.gz,JULICH_BRAIN_CYTOARCHITECTONIC_ATLAS_V3_1_VP_VENTRAL_PALLIDUM,VP (Ventral Pallidum) right,right,1,JULICH_BRAIN_CYTOARCHITECTONIC_ATLAS_V3_1_VP_VENTRAL_PALLIDUM_RIGHT,NGIQ-BR-00000331,ONE_TO_ONE_CANONICAL
411,VTM_AMYGDALA_LEFT.nii.gz,JULICH_BRAIN_CYTOARCHITECTONIC_ATLAS_V3_1_VTM_AMYGDALA,VTM (Amygdala) left,left,1,JULICH_BRAIN_CYTOARCHITECTONIC_ATLAS_V3_1_VTM_AMYGDALA_LEFT,NGIQ-BR-00000370,ONE_TO_ONE_CANONICAL
412,VTM_AMYGDALA_RIGHT.nii.gz,JULICH_BRAIN_CYTOARCHITECTONIC_ATLAS_V3_1_VTM_AMYGDALA,VTM (Amygdala) right,right,1,JULICH_BRAIN_CYTOARCHITECTONIC_ATLAS_V3_1_VTM_AMYGDALA_RIGHT,NGIQ-BR-00000369,ONE_TO_ONE_CANONICAL
413,ZI_THALAMUS_ZONA_INCERTA_LEFT.nii.gz,JULICH_BRAIN_CYTOARCHITECTONIC_ATLAS_V3_1_ZI_THALAMUS_ZONA_INCERTA,"ZI (Thalamus, zona incerta) left",left,1,JULICH_BRAIN_CYTOARCHITECTONIC_ATLAS_V3_1_ZI_THALAMUS_ZONA_INCERTA_LEFT,NGIQ-BR-00000710,ONE_TO_ONE_CANONICAL
414,ZI_THALAMUS_ZONA_INCERTA_RIGHT.nii.gz,JULICH_BRAIN_CYTOARCHITECTONIC_ATLAS_V3_1_ZI_THALAMUS_ZONA_INCERTA,"ZI (Thalamus, zona incerta) right",right,1,JULICH_BRAIN_CYTOARCHITECTONIC_ATLAS_V3_1_ZI_THALAMUS_ZONA_INCERTA_RIGHT,NGIQ-BR-00000709,ONE_TO_ONE_CANONICAL
