canonical_g4_id,canonical_g4_name,hemisphere,spatial_component_id,spatial_asset_file,spatial_evidence_status,pp_top1_g3,pp_top1_name,pp_top1_g4_weighted,pp_top1_joint_mass,hard_top1_g3,hard_top1_coverage,hard_top2_coverage,hard_top1_top2_margin,hard_total_bna_coverage,bna_uncovered_fraction,effective_target_count,top1_agreement,scientific_decision,decision_reason_code,future_rollup_eligible,future_primary_rollup,decision_policy_version,review_status
NGIQ-BR-00000331,VP (Ventral Pallidum) right,right,JULICH_BRAIN_CYTOARCHITECTONIC_ATLAS_V3_1_VP_VENTRAL_PALLIDUM,VP_VENTRAL_PALLIDUM_RIGHT.nii.gz,DIRECT_CANONICAL_SPATIAL_EVIDENCE,NGIQ-BR-00000225,BG_R_6_3,0.2545913,125.50880913,NGIQ-BR-00000225,0.33984726,0.17074944,0.16909782,0.57013635,0.42986365,2.6521,TRUE,CONFLICT_REVIEW,LOW_DOMINANCE,False,False,G4_G3_SCIENTIFIC_POLICY_V1,PENDING_OWNER_REVIEW
NGIQ-BR-00000332,VP (Ventral Pallidum) left,left,JULICH_BRAIN_CYTOARCHITECTONIC_ATLAS_V3_1_VP_VENTRAL_PALLIDUM,VP_VENTRAL_PALLIDUM_LEFT.nii.gz,DIRECT_CANONICAL_SPATIAL_EVIDENCE,NGIQ-BR-00000224,BG_L_6_3,0.24198724,107.82663089,NGIQ-BR-00000224,0.36300121,0.17873573,0.18426548,0.64271449,0.35728551,3.0538,TRUE,CONFLICT_REVIEW,HIGH_FRAGMENTATION,False,False,G4_G3_SCIENTIFIC_POLICY_V1,PENDING_OWNER_REVIEW
NGIQ-BR-00000333,"FuCd (Ventral Striatum, Fundus of Caudate Nucleus) right",right,JULICH_BRAIN_CYTOARCHITECTONIC_ATLAS_V3_1_FUCD_VENTRAL_STRIATUM_FUNDUS_OF_CAUDATE_NUCLEUS,FUCD_VENTRAL_STRIATUM_FUNDUS_OF_CAUDATE_NUCLEUS_RIGHT.nii.gz,DIRECT_CANONICAL_SPATIAL_EVIDENCE,NGIQ-BR-00000221,BG_R_6_1,0.42315088,322.78149598,NGIQ-BR-00000221,0.55786877,0.37950828,0.17836048,0.93852666,0.06147334,1.9835,TRUE,PARTIAL_OVERLAP,PARTIAL_CRITERIA_V1,False,False,G4_G3_SCIENTIFIC_POLICY_V1,PENDING_OWNER_REVIEW
NGIQ-BR-00000334,"FuCd (Ventral Striatum, Fundus of Caudate Nucleus) left",left,JULICH_BRAIN_CYTOARCHITECTONIC_ATLAS_V3_1_FUCD_VENTRAL_STRIATUM_FUNDUS_OF_CAUDATE_NUCLEUS,FUCD_VENTRAL_STRIATUM_FUNDUS_OF_CAUDATE_NUCLEUS_LEFT.nii.gz,DIRECT_CANONICAL_SPATIAL_EVIDENCE,NGIQ-BR-00000019,BG_L_6_1,0.62843575,491.59911509,NGIQ-BR-00000019,0.67471674,0.26440889,0.41030784,0.9398762,0.0601238,1.824,TRUE,APPROVE_DOMINANT_OVERLAP,DOMINANT_CRITERIA_V1,False,False,G4_G3_SCIENTIFIC_POLICY_V1,PENDING_OWNER_REVIEW
NGIQ-BR-00000335,"AcbM (Ventral Striatum, Medial Accumbens) right",right,JULICH_BRAIN_CYTOARCHITECTONIC_ATLAS_V3_1_ACBM_VENTRAL_STRIATUM_MEDIAL_ACCUMBENS,ACBM_VENTRAL_STRIATUM_MEDIAL_ACCUMBENS_RIGHT.nii.gz,DIRECT_CANONICAL_SPATIAL_EVIDENCE,NGIQ-BR-00000225,BG_R_6_3,0.78932556,150.18165465,NGIQ-BR-00000225,0.92443945,0.05253793,0.87190152,0.97882002,0.02117998,1.2497,TRUE,APPROVE_CONTAINED_IN,CONTAINED_CRITERIA_V1,True,True,G4_G3_SCIENTIFIC_POLICY_V1,PENDING_OWNER_REVIEW
NGIQ-BR-00000336,"AcbM (Ventral Striatum, Medial Accumbens) left",left,JULICH_BRAIN_CYTOARCHITECTONIC_ATLAS_V3_1_ACBM_VENTRAL_STRIATUM_MEDIAL_ACCUMBENS,ACBM_VENTRAL_STRIATUM_MEDIAL_ACCUMBENS_LEFT.nii.gz,DIRECT_CANONICAL_SPATIAL_EVIDENCE,NGIQ-BR-00000224,BG_L_6_3,0.57669878,118.77888121,NGIQ-BR-00000224,0.66127852,0.15774272,0.50353579,0.92286412,0.07713588,2.1959,TRUE,APPROVE_DOMINANT_OVERLAP,DOMINANT_CRITERIA_V1,False,False,G4_G3_SCIENTIFIC_POLICY_V1,PENDING_OWNER_REVIEW
NGIQ-BR-00000337,"AcbL (Ventral Striatum, Lateral Accumbens) right",right,JULICH_BRAIN_CYTOARCHITECTONIC_ATLAS_V3_1_ACBL_VENTRAL_STRIATUM_LATERAL_ACCUMBENS,ACBL_VENTRAL_STRIATUM_LATERAL_ACCUMBENS_RIGHT.nii.gz,DIRECT_CANONICAL_SPATIAL_EVIDENCE,NGIQ-BR-00000225,BG_R_6_3,0.7705297,293.43511423,NGIQ-BR-00000225,0.90645685,0.04315429,0.86330256,0.97860948,0.02139052,1.3679,TRUE,APPROVE_CONTAINED_IN,CONTAINED_CRITERIA_V1,True,True,G4_G3_SCIENTIFIC_POLICY_V1,PENDING_OWNER_REVIEW
NGIQ-BR-00000338,"AcbL (Ventral Striatum, Lateral Accumbens) left",left,JULICH_BRAIN_CYTOARCHITECTONIC_ATLAS_V3_1_ACBL_VENTRAL_STRIATUM_LATERAL_ACCUMBENS,ACBL_VENTRAL_STRIATUM_LATERAL_ACCUMBENS_LEFT.nii.gz,DIRECT_CANONICAL_SPATIAL_EVIDENCE,NGIQ-BR-00000224,BG_L_6_3,0.6224008,251.50734909,NGIQ-BR-00000224,0.84001393,0.06854104,0.77147289,0.97491725,0.02508275,1.6454,TRUE,APPROVE_CONTAINED_IN,CONTAINED_CRITERIA_V1,True,True,G4_G3_SCIENTIFIC_POLICY_V1,PENDING_OWNER_REVIEW
NGIQ-BR-00000339,"FuP (Ventral Striatum, Fundus of Putamen) right",right,JULICH_BRAIN_CYTOARCHITECTONIC_ATLAS_V3_1_FUP_VENTRAL_STRIATUM_FUNDUS_OF_PUTAMEN,FUP_VENTRAL_STRIATUM_FUNDUS_OF_PUTAMEN_RIGHT.nii.gz,DIRECT_CANONICAL_SPATIAL_EVIDENCE,NGIQ-BR-00000225,BG_R_6_3,0.26992155,352.3634408,NGIQ-BR-00000225,0.35269504,0.2804821,0.07221294,0.92802485,0.07197515,3.8971,TRUE,CONFLICT_REVIEW,PARTIAL_TARGET_EVIDENCE_INCONSISTENT,False,False,G4_G3_SCIENTIFIC_POLICY_V1,PENDING_OWNER_REVIEW
NGIQ-BR-00000340,"FuP (Ventral Striatum, Fundus of Putamen) left",left,JULICH_BRAIN_CYTOARCHITECTONIC_ATLAS_V3_1_FUP_VENTRAL_STRIATUM_FUNDUS_OF_PUTAMEN,FUP_VENTRAL_STRIATUM_FUNDUS_OF_PUTAMEN_LEFT.nii.gz,DIRECT_CANONICAL_SPATIAL_EVIDENCE,NGIQ-BR-00000019,BG_L_6_1,0.32089273,381.02941643,NGIQ-BR-00000224,0.3161483,0.3095543,0.006594,0.94765142,0.05234858,3.8733,FALSE,CONFLICT_REVIEW,PROBABILITY_HARDLABEL_TOP1_DISAGREEMENT,False,False,G4_G3_SCIENTIFIC_POLICY_V1,PENDING_OWNER_REVIEW
NGIQ-BR-00000341,Ch 4 (Basal Forebrain) right,right,JULICH_BRAIN_CYTOARCHITECTONIC_ATLAS_V3_1_CH_4_BASAL_FOREBRAIN,CH_4_BASAL_FOREBRAIN_RIGHT.nii.gz,DIRECT_CANONICAL_SPATIAL_EVIDENCE,NGIQ-BR-00000218,Amyg_R_2_2,0.13044418,28.73434001,NGIQ-BR-00000225,0.20614924,0.11364418,0.09250506,0.37819518,0.62180482,3.1083,FALSE,CONFLICT_REVIEW,PROBABILITY_HARDLABEL_TOP1_DISAGREEMENT,False,False,G4_G3_SCIENTIFIC_POLICY_V1,PENDING_OWNER_REVIEW
NGIQ-BR-00000342,Ch 4 (Basal Forebrain) left,left,JULICH_BRAIN_CYTOARCHITECTONIC_ATLAS_V3_1_CH_4_BASAL_FOREBRAIN,CH_4_BASAL_FOREBRAIN_LEFT.nii.gz,DIRECT_CANONICAL_SPATIAL_EVIDENCE,NGIQ-BR-00000224,BG_L_6_3,0.21166366,136.36247928,NGIQ-BR-00000224,0.37380389,0.08233364,0.29147025,0.75832296,0.24167704,5.2942,TRUE,CONFLICT_REVIEW,HIGH_FRAGMENTATION,False,False,G4_G3_SCIENTIFIC_POLICY_V1,PENDING_OWNER_REVIEW
NGIQ-BR-00000343,"BST (Basal Forebrain, Bed Nucleus) right",right,JULICH_BRAIN_CYTOARCHITECTONIC_ATLAS_V3_1_BST_BASAL_FOREBRAIN_BED_NUCLEUS,BST_BASAL_FOREBRAIN_BED_NUCLEUS_RIGHT.nii.gz,DIRECT_CANONICAL_SPATIAL_EVIDENCE,NGIQ-BR-00000221,BG_R_6_1,0.10765795,14.89120987,NGIQ-BR-00000221,0.13266221,0.07325061,0.0594116,0.29714774,0.70285226,4.35,TRUE,CONFLICT_REVIEW,HIGH_FRAGMENTATION,False,False,G4_G3_SCIENTIFIC_POLICY_V1,PENDING_OWNER_REVIEW
NGIQ-BR-00000344,"BST (Basal Forebrain, Bed Nucleus) left",left,JULICH_BRAIN_CYTOARCHITECTONIC_ATLAS_V3_1_BST_BASAL_FOREBRAIN_BED_NUCLEUS,BST_BASAL_FOREBRAIN_BED_NUCLEUS_LEFT.nii.gz,DIRECT_CANONICAL_SPATIAL_EVIDENCE,NGIQ-BR-00000237,Tha_L_8_4,0.09702797,13.74784315,NGIQ-BR-00000237,0.07775502,0.06439209,0.01336293,0.21120271,0.78879729,3.8717,TRUE,CONFLICT_REVIEW,HIGH_FRAGMENTATION,False,False,G4_G3_SCIENTIFIC_POLICY_V1,PENDING_OWNER_REVIEW
NGIQ-BR-00000345,Ch 123 (Basal Forebrain) right,right,JULICH_BRAIN_CYTOARCHITECTONIC_ATLAS_V3_1_CH_123_BASAL_FOREBRAIN,CH_123_BASAL_FOREBRAIN_RIGHT.nii.gz,DIRECT_CANONICAL_SPATIAL_EVIDENCE,NGIQ-BR-00000225,BG_R_6_3,0.41708764,118.14839447,NGIQ-BR-00000225,0.55092187,0.08539908,0.46552279,0.64115671,0.35884329,1.5477,TRUE,CONFLICT_REVIEW,LOW_DOMINANCE,False,False,G4_G3_SCIENTIFIC_POLICY_V1,PENDING_OWNER_REVIEW
NGIQ-BR-00000346,Ch 123 (Basal Forebrain) left,left,JULICH_BRAIN_CYTOARCHITECTONIC_ATLAS_V3_1_CH_123_BASAL_FOREBRAIN,CH_123_BASAL_FOREBRAIN_LEFT.nii.gz,DIRECT_CANONICAL_SPATIAL_EVIDENCE,NGIQ-BR-00000065,OrG_L_6_5,0.2208705,45.05661368,NGIQ-BR-00000065,0.22726568,0.10005733,0.12720834,0.33530758,0.66469242,2.0418,TRUE,CONFLICT_REVIEW,DIFFUSE_ASSOCIATION,False,False,G4_G3_SCIENTIFIC_POLICY_V1,PENDING_OWNER_REVIEW
NGIQ-BR-00000347,CM.AAA (Amygdala) right,right,JULICH_BRAIN_CYTOARCHITECTONIC_ATLAS_V3_1_CM_AMYGDALA,CM_AMYGDALA_RIGHT.nii.gz,SHARED_SPATIAL_EVIDENCE,NGIQ-BR-00000216,Amyg_R_2_1,0.34809454,228.16939164,NGIQ-BR-00000216,0.29214318,0.17898563,0.11315756,0.62431317,0.37568683,3.8436,TRUE,SHARED_SPATIAL_EVIDENCE_ONLY,NO_INDEPENDENT_LEAF_SPATIAL_EVIDENCE,False,False,G4_G3_SCIENTIFIC_POLICY_V1,PENDING_OWNER_REVIEW
NGIQ-BR-00000348,CM.Ce (Amygdala) right,right,JULICH_BRAIN_CYTOARCHITECTONIC_ATLAS_V3_1_CM_AMYGDALA,CM_AMYGDALA_RIGHT.nii.gz,SHARED_SPATIAL_EVIDENCE,NGIQ-BR-00000216,Amyg_R_2_1,0.34809454,228.16939164,NGIQ-BR-00000216,0.29214318,0.17898563,0.11315756,0.62431317,0.37568683,3.8436,TRUE,SHARED_SPATIAL_EVIDENCE_ONLY,NO_INDEPENDENT_LEAF_SPATIAL_EVIDENCE,False,False,G4_G3_SCIENTIFIC_POLICY_V1,PENDING_OWNER_REVIEW
NGIQ-BR-00000349,CM.Me (Amygdala) right,right,JULICH_BRAIN_CYTOARCHITECTONIC_ATLAS_V3_1_CM_AMYGDALA,CM_AMYGDALA_RIGHT.nii.gz,SHARED_SPATIAL_EVIDENCE,NGIQ-BR-00000216,Amyg_R_2_1,0.34809454,228.16939164,NGIQ-BR-00000216,0.29214318,0.17898563,0.11315756,0.62431317,0.37568683,3.8436,TRUE,SHARED_SPATIAL_EVIDENCE_ONLY,NO_INDEPENDENT_LEAF_SPATIAL_EVIDENCE,False,False,G4_G3_SCIENTIFIC_POLICY_V1,PENDING_OWNER_REVIEW
NGIQ-BR-00000350,CM.AAA (Amygdala) left,left,JULICH_BRAIN_CYTOARCHITECTONIC_ATLAS_V3_1_CM_AMYGDALA,CM_AMYGDALA_LEFT.nii.gz,SHARED_SPATIAL_EVIDENCE,NGIQ-BR-00000215,Amyg_L_2_1,0.31456286,172.82613108,NGIQ-BR-00000215,0.22233381,0.17669132,0.04564249,0.76570915,0.23429085,5.4924,TRUE,SHARED_SPATIAL_EVIDENCE_ONLY,NO_INDEPENDENT_LEAF_SPATIAL_EVIDENCE,False,False,G4_G3_SCIENTIFIC_POLICY_V1,PENDING_OWNER_REVIEW
NGIQ-BR-00000351,CM.Ce (Amygdala) left,left,JULICH_BRAIN_CYTOARCHITECTONIC_ATLAS_V3_1_CM_AMYGDALA,CM_AMYGDALA_LEFT.nii.gz,SHARED_SPATIAL_EVIDENCE,NGIQ-BR-00000215,Amyg_L_2_1,0.31456286,172.82613108,NGIQ-BR-00000215,0.22233381,0.17669132,0.04564249,0.76570915,0.23429085,5.4924,TRUE,SHARED_SPATIAL_EVIDENCE_ONLY,NO_INDEPENDENT_LEAF_SPATIAL_EVIDENCE,False,False,G4_G3_SCIENTIFIC_POLICY_V1,PENDING_OWNER_REVIEW
NGIQ-BR-00000352,CM.Me (Amygdala) left,left,JULICH_BRAIN_CYTOARCHITECTONIC_ATLAS_V3_1_CM_AMYGDALA,CM_AMYGDALA_LEFT.nii.gz,SHARED_SPATIAL_EVIDENCE,NGIQ-BR-00000215,Amyg_L_2_1,0.31456286,172.82613108,NGIQ-BR-00000215,0.22233381,0.17669132,0.04564249,0.76570915,0.23429085,5.4924,TRUE,SHARED_SPATIAL_EVIDENCE_ONLY,NO_INDEPENDENT_LEAF_SPATIAL_EVIDENCE,False,False,G4_G3_SCIENTIFIC_POLICY_V1,PENDING_OWNER_REVIEW
NGIQ-BR-00000353,LB.Bl (Amygdala) right,right,JULICH_BRAIN_CYTOARCHITECTONIC_ATLAS_V3_1_LB_AMYGDALA,LB_AMYGDALA_RIGHT.nii.gz,SHARED_SPATIAL_EVIDENCE,NGIQ-BR-00000216,Amyg_R_2_1,0.419448,309.58819561,NGIQ-BR-00000218,0.40810337,0.32291789,0.08518548,0.8813188,0.1186812,3.0523,FALSE,SHARED_SPATIAL_EVIDENCE_ONLY,NO_INDEPENDENT_LEAF_SPATIAL_EVIDENCE,False,False,G4_G3_SCIENTIFIC_POLICY_V1,PENDING_OWNER_REVIEW
NGIQ-BR-00000354,LB.Bm (Amygdala) right,right,JULICH_BRAIN_CYTOARCHITECTONIC_ATLAS_V3_1_LB_AMYGDALA,LB_AMYGDALA_RIGHT.nii.gz,SHARED_SPATIAL_EVIDENCE,NGIQ-BR-00000216,Amyg_R_2_1,0.419448,309.58819561,NGIQ-BR-00000218,0.40810337,0.32291789,0.08518548,0.8813188,0.1186812,3.0523,FALSE,SHARED_SPATIAL_EVIDENCE_ONLY,NO_INDEPENDENT_LEAF_SPATIAL_EVIDENCE,False,False,G4_G3_SCIENTIFIC_POLICY_V1,PENDING_OWNER_REVIEW
NGIQ-BR-00000355,LB.Pl (Amygdala) right,right,JULICH_BRAIN_CYTOARCHITECTONIC_ATLAS_V3_1_LB_AMYGDALA,LB_AMYGDALA_RIGHT.nii.gz,SHARED_SPATIAL_EVIDENCE,NGIQ-BR-00000216,Amyg_R_2_1,0.419448,309.58819561,NGIQ-BR-00000218,0.40810337,0.32291789,0.08518548,0.8813188,0.1186812,3.0523,FALSE,SHARED_SPATIAL_EVIDENCE_ONLY,NO_INDEPENDENT_LEAF_SPATIAL_EVIDENCE,False,False,G4_G3_SCIENTIFIC_POLICY_V1,PENDING_OWNER_REVIEW
NGIQ-BR-00000356,LB.La (Amygdala) right,right,JULICH_BRAIN_CYTOARCHITECTONIC_ATLAS_V3_1_LB_AMYGDALA,LB_AMYGDALA_RIGHT.nii.gz,SHARED_SPATIAL_EVIDENCE,NGIQ-BR-00000216,Amyg_R_2_1,0.419448,309.58819561,NGIQ-BR-00000218,0.40810337,0.32291789,0.08518548,0.8813188,0.1186812,3.0523,FALSE,SHARED_SPATIAL_EVIDENCE_ONLY,NO_INDEPENDENT_LEAF_SPATIAL_EVIDENCE,False,False,G4_G3_SCIENTIFIC_POLICY_V1,PENDING_OWNER_REVIEW
NGIQ-BR-00000357,LB.Bl (Amygdala) left,left,JULICH_BRAIN_CYTOARCHITECTONIC_ATLAS_V3_1_LB_AMYGDALA,LB_AMYGDALA_LEFT.nii.gz,SHARED_SPATIAL_EVIDENCE,NGIQ-BR-00000215,Amyg_L_2_1,0.47080758,340.58621151,NGIQ-BR-00000017,0.32168084,0.30202864,0.0196522,0.92483303,0.07516697,3.4628,FALSE,SHARED_SPATIAL_EVIDENCE_ONLY,NO_INDEPENDENT_LEAF_SPATIAL_EVIDENCE,False,False,G4_G3_SCIENTIFIC_POLICY_V1,PENDING_OWNER_REVIEW
NGIQ-BR-00000358,LB.Bm (Amygdala) left,left,JULICH_BRAIN_CYTOARCHITECTONIC_ATLAS_V3_1_LB_AMYGDALA,LB_AMYGDALA_LEFT.nii.gz,SHARED_SPATIAL_EVIDENCE,NGIQ-BR-00000215,Amyg_L_2_1,0.47080758,340.58621151,NGIQ-BR-00000017,0.32168084,0.30202864,0.0196522,0.92483303,0.07516697,3.4628,FALSE,SHARED_SPATIAL_EVIDENCE_ONLY,NO_INDEPENDENT_LEAF_SPATIAL_EVIDENCE,False,False,G4_G3_SCIENTIFIC_POLICY_V1,PENDING_OWNER_REVIEW
NGIQ-BR-00000359,LB.Pl (Amygdala) left,left,JULICH_BRAIN_CYTOARCHITECTONIC_ATLAS_V3_1_LB_AMYGDALA,LB_AMYGDALA_LEFT.nii.gz,SHARED_SPATIAL_EVIDENCE,NGIQ-BR-00000215,Amyg_L_2_1,0.47080758,340.58621151,NGIQ-BR-00000017,0.32168084,0.30202864,0.0196522,0.92483303,0.07516697,3.4628,FALSE,SHARED_SPATIAL_EVIDENCE_ONLY,NO_INDEPENDENT_LEAF_SPATIAL_EVIDENCE,False,False,G4_G3_SCIENTIFIC_POLICY_V1,PENDING_OWNER_REVIEW
NGIQ-BR-00000360,LB.La (Amygdala) left,left,JULICH_BRAIN_CYTOARCHITECTONIC_ATLAS_V3_1_LB_AMYGDALA,LB_AMYGDALA_LEFT.nii.gz,SHARED_SPATIAL_EVIDENCE,NGIQ-BR-00000215,Amyg_L_2_1,0.47080758,340.58621151,NGIQ-BR-00000017,0.32168084,0.30202864,0.0196522,0.92483303,0.07516697,3.4628,FALSE,SHARED_SPATIAL_EVIDENCE_ONLY,NO_INDEPENDENT_LEAF_SPATIAL_EVIDENCE,False,False,G4_G3_SCIENTIFIC_POLICY_V1,PENDING_OWNER_REVIEW
NGIQ-BR-00000361,SF.AHi (Amygdala) right,right,JULICH_BRAIN_CYTOARCHITECTONIC_ATLAS_V3_1_SF_AMYGDALA,SF_AMYGDALA_RIGHT.nii.gz,SHARED_SPATIAL_EVIDENCE,NGIQ-BR-00000216,Amyg_R_2_1,0.58703699,497.81077275,NGIQ-BR-00000216,0.60122441,0.16810792,0.43311649,0.85152456,0.14847544,2.5227,TRUE,SHARED_SPATIAL_EVIDENCE_ONLY,NO_INDEPENDENT_LEAF_SPATIAL_EVIDENCE,False,False,G4_G3_SCIENTIFIC_POLICY_V1,PENDING_OWNER_REVIEW
NGIQ-BR-00000362,SF.APir (Amygdala) right,right,JULICH_BRAIN_CYTOARCHITECTONIC_ATLAS_V3_1_SF_AMYGDALA,SF_AMYGDALA_RIGHT.nii.gz,SHARED_SPATIAL_EVIDENCE,NGIQ-BR-00000216,Amyg_R_2_1,0.58703699,497.81077275,NGIQ-BR-00000216,0.60122441,0.16810792,0.43311649,0.85152456,0.14847544,2.5227,TRUE,SHARED_SPATIAL_EVIDENCE_ONLY,NO_INDEPENDENT_LEAF_SPATIAL_EVIDENCE,False,False,G4_G3_SCIENTIFIC_POLICY_V1,PENDING_OWNER_REVIEW
NGIQ-BR-00000363,SF.VCo (Amygdala) right,right,JULICH_BRAIN_CYTOARCHITECTONIC_ATLAS_V3_1_SF_AMYGDALA,SF_AMYGDALA_RIGHT.nii.gz,SHARED_SPATIAL_EVIDENCE,NGIQ-BR-00000216,Amyg_R_2_1,0.58703699,497.81077275,NGIQ-BR-00000216,0.60122441,0.16810792,0.43311649,0.85152456,0.14847544,2.5227,TRUE,SHARED_SPATIAL_EVIDENCE_ONLY,NO_INDEPENDENT_LEAF_SPATIAL_EVIDENCE,False,False,G4_G3_SCIENTIFIC_POLICY_V1,PENDING_OWNER_REVIEW
NGIQ-BR-00000364,SF.AHi (Amygdala) left,left,JULICH_BRAIN_CYTOARCHITECTONIC_ATLAS_V3_1_SF_AMYGDALA,SF_AMYGDALA_LEFT.nii.gz,SHARED_SPATIAL_EVIDENCE,NGIQ-BR-00000215,Amyg_L_2_1,0.54228576,304.26643731,NGIQ-BR-00000215,0.47511073,0.3385727,0.13653802,0.89587853,0.10412147,2.8226,TRUE,SHARED_SPATIAL_EVIDENCE_ONLY,NO_INDEPENDENT_LEAF_SPATIAL_EVIDENCE,False,False,G4_G3_SCIENTIFIC_POLICY_V1,PENDING_OWNER_REVIEW
NGIQ-BR-00000365,SF.APir (Amygdala) left,left,JULICH_BRAIN_CYTOARCHITECTONIC_ATLAS_V3_1_SF_AMYGDALA,SF_AMYGDALA_LEFT.nii.gz,SHARED_SPATIAL_EVIDENCE,NGIQ-BR-00000215,Amyg_L_2_1,0.54228576,304.26643731,NGIQ-BR-00000215,0.47511073,0.3385727,0.13653802,0.89587853,0.10412147,2.8226,TRUE,SHARED_SPATIAL_EVIDENCE_ONLY,NO_INDEPENDENT_LEAF_SPATIAL_EVIDENCE,False,False,G4_G3_SCIENTIFIC_POLICY_V1,PENDING_OWNER_REVIEW
NGIQ-BR-00000366,SF.VCo (Amygdala) left,left,JULICH_BRAIN_CYTOARCHITECTONIC_ATLAS_V3_1_SF_AMYGDALA,SF_AMYGDALA_LEFT.nii.gz,SHARED_SPATIAL_EVIDENCE,NGIQ-BR-00000215,Amyg_L_2_1,0.54228576,304.26643731,NGIQ-BR-00000215,0.47511073,0.3385727,0.13653802,0.89587853,0.10412147,2.8226,TRUE,SHARED_SPATIAL_EVIDENCE_ONLY,NO_INDEPENDENT_LEAF_SPATIAL_EVIDENCE,False,False,G4_G3_SCIENTIFIC_POLICY_V1,PENDING_OWNER_REVIEW
NGIQ-BR-00000367,Astr (Amygdala) right,right,JULICH_BRAIN_CYTOARCHITECTONIC_ATLAS_V3_1_ASTR_AMYGDALA,ASTR_AMYGDALA_RIGHT.nii.gz,DIRECT_CANONICAL_SPATIAL_EVIDENCE,NGIQ-BR-00000218,Amyg_R_2_2,0.405868,152.44894244,NGIQ-BR-00000218,0.41906006,0.16263818,0.25642188,0.77303393,0.22696607,3.5332,TRUE,CONFLICT_REVIEW,HIGH_FRAGMENTATION,False,False,G4_G3_SCIENTIFIC_POLICY_V1,PENDING_OWNER_REVIEW
NGIQ-BR-00000368,Astr (Amygdala) left,left,JULICH_BRAIN_CYTOARCHITECTONIC_ATLAS_V3_1_ASTR_AMYGDALA,ASTR_AMYGDALA_LEFT.nii.gz,DIRECT_CANONICAL_SPATIAL_EVIDENCE,NGIQ-BR-00000217,Amyg_L_2_2,0.45278582,139.52660795,NGIQ-BR-00000217,0.30739363,0.29863416,0.00875947,0.77729099,0.22270901,3.5256,TRUE,CONFLICT_REVIEW,PARTIAL_TARGET_EVIDENCE_INCONSISTENT,False,False,G4_G3_SCIENTIFIC_POLICY_V1,PENDING_OWNER_REVIEW
NGIQ-BR-00000369,VTM (Amygdala) right,right,JULICH_BRAIN_CYTOARCHITECTONIC_ATLAS_V3_1_VTM_AMYGDALA,VTM_AMYGDALA_RIGHT.nii.gz,DIRECT_CANONICAL_SPATIAL_EVIDENCE,NGIQ-BR-00000018,Hipp_R_2_1,0.61868056,190.36134515,NGIQ-BR-00000018,0.64652805,0.19260343,0.45392462,0.98744702,0.01255298,2.5631,TRUE,APPROVE_DOMINANT_OVERLAP,DOMINANT_CRITERIA_V1,False,False,G4_G3_SCIENTIFIC_POLICY_V1,PENDING_OWNER_REVIEW
NGIQ-BR-00000370,VTM (Amygdala) left,left,JULICH_BRAIN_CYTOARCHITECTONIC_ATLAS_V3_1_VTM_AMYGDALA,VTM_AMYGDALA_LEFT.nii.gz,DIRECT_CANONICAL_SPATIAL_EVIDENCE,NGIQ-BR-00000017,Hipp_L_2_1,0.47957675,90.41299748,NGIQ-BR-00000017,0.827706,0.06151195,0.76619404,0.95014071,0.04985929,1.6673,TRUE,APPROVE_CONTAINED_IN,CONTAINED_CRITERIA_V1,True,True,G4_G3_SCIENTIFIC_POLICY_V1,PENDING_OWNER_REVIEW
NGIQ-BR-00000371,IF.ice (Amygdala) right,right,JULICH_BRAIN_CYTOARCHITECTONIC_ATLAS_V3_1_IF_AMYGDALA,IF_AMYGDALA_RIGHT.nii.gz,SHARED_SPATIAL_EVIDENCE,NGIQ-BR-00000218,Amyg_R_2_2,0.38997458,146.92445028,NGIQ-BR-00000218,0.41601485,0.16663146,0.24938339,0.61049106,0.38950894,2.2528,TRUE,SHARED_SPATIAL_EVIDENCE_ONLY,NO_INDEPENDENT_LEAF_SPATIAL_EVIDENCE,False,False,G4_G3_SCIENTIFIC_POLICY_V1,PENDING_OWNER_REVIEW
NGIQ-BR-00000372,IF.iol (Amygdala) right,right,JULICH_BRAIN_CYTOARCHITECTONIC_ATLAS_V3_1_IF_AMYGDALA,IF_AMYGDALA_RIGHT.nii.gz,SHARED_SPATIAL_EVIDENCE,NGIQ-BR-00000218,Amyg_R_2_2,0.38997458,146.92445028,NGIQ-BR-00000218,0.41601485,0.16663146,0.24938339,0.61049106,0.38950894,2.2528,TRUE,SHARED_SPATIAL_EVIDENCE_ONLY,NO_INDEPENDENT_LEAF_SPATIAL_EVIDENCE,False,False,G4_G3_SCIENTIFIC_POLICY_V1,PENDING_OWNER_REVIEW
NGIQ-BR-00000373,IF.ld (Amygdala) right,right,JULICH_BRAIN_CYTOARCHITECTONIC_ATLAS_V3_1_IF_AMYGDALA,IF_AMYGDALA_RIGHT.nii.gz,SHARED_SPATIAL_EVIDENCE,NGIQ-BR-00000218,Amyg_R_2_2,0.38997458,146.92445028,NGIQ-BR-00000218,0.41601485,0.16663146,0.24938339,0.61049106,0.38950894,2.2528,TRUE,SHARED_SPATIAL_EVIDENCE_ONLY,NO_INDEPENDENT_LEAF_SPATIAL_EVIDENCE,False,False,G4_G3_SCIENTIFIC_POLICY_V1,PENDING_OWNER_REVIEW
NGIQ-BR-00000374,IF.ice (Amygdala) left,left,JULICH_BRAIN_CYTOARCHITECTONIC_ATLAS_V3_1_IF_AMYGDALA,IF_AMYGDALA_LEFT.nii.gz,SHARED_SPATIAL_EVIDENCE,NGIQ-BR-00000217,Amyg_L_2_2,0.36142419,156.68161085,NGIQ-BR-00000217,0.33916912,0.2033711,0.13579802,0.68280195,0.31719805,3.4664,TRUE,SHARED_SPATIAL_EVIDENCE_ONLY,NO_INDEPENDENT_LEAF_SPATIAL_EVIDENCE,False,False,G4_G3_SCIENTIFIC_POLICY_V1,PENDING_OWNER_REVIEW
NGIQ-BR-00000375,IF.iol (Amygdala) left,left,JULICH_BRAIN_CYTOARCHITECTONIC_ATLAS_V3_1_IF_AMYGDALA,IF_AMYGDALA_LEFT.nii.gz,SHARED_SPATIAL_EVIDENCE,NGIQ-BR-00000217,Amyg_L_2_2,0.36142419,156.68161085,NGIQ-BR-00000217,0.33916912,0.2033711,0.13579802,0.68280195,0.31719805,3.4664,TRUE,SHARED_SPATIAL_EVIDENCE_ONLY,NO_INDEPENDENT_LEAF_SPATIAL_EVIDENCE,False,False,G4_G3_SCIENTIFIC_POLICY_V1,PENDING_OWNER_REVIEW
NGIQ-BR-00000376,IF.ld (Amygdala) left,left,JULICH_BRAIN_CYTOARCHITECTONIC_ATLAS_V3_1_IF_AMYGDALA,IF_AMYGDALA_LEFT.nii.gz,SHARED_SPATIAL_EVIDENCE,NGIQ-BR-00000217,Amyg_L_2_2,0.36142419,156.68161085,NGIQ-BR-00000217,0.33916912,0.2033711,0.13579802,0.68280195,0.31719805,3.4664,TRUE,SHARED_SPATIAL_EVIDENCE_ONLY,NO_INDEPENDENT_LEAF_SPATIAL_EVIDENCE,False,False,G4_G3_SCIENTIFIC_POLICY_V1,PENDING_OWNER_REVIEW
NGIQ-BR-00000377,MF.icm (Amygdala) right,right,JULICH_BRAIN_CYTOARCHITECTONIC_ATLAS_V3_1_MF_AMYGDALA,MF_AMYGDALA_RIGHT.nii.gz,SHARED_SPATIAL_EVIDENCE,NGIQ-BR-00000216,Amyg_R_2_1,0.62319,125.0128394,NGIQ-BR-00000216,0.58120762,0.25804908,0.32315854,0.93507781,0.06492219,2.5152,TRUE,SHARED_SPATIAL_EVIDENCE_ONLY,NO_INDEPENDENT_LEAF_SPATIAL_EVIDENCE,False,False,G4_G3_SCIENTIFIC_POLICY_V1,PENDING_OWNER_REVIEW
NGIQ-BR-00000378,MF.lm (Amygdala) right,right,JULICH_BRAIN_CYTOARCHITECTONIC_ATLAS_V3_1_MF_AMYGDALA,MF_AMYGDALA_RIGHT.nii.gz,SHARED_SPATIAL_EVIDENCE,NGIQ-BR-00000216,Amyg_R_2_1,0.62319,125.0128394,NGIQ-BR-00000216,0.58120762,0.25804908,0.32315854,0.93507781,0.06492219,2.5152,TRUE,SHARED_SPATIAL_EVIDENCE_ONLY,NO_INDEPENDENT_LEAF_SPATIAL_EVIDENCE,False,False,G4_G3_SCIENTIFIC_POLICY_V1,PENDING_OWNER_REVIEW
NGIQ-BR-00000379,MF.icm (Amygdala) left,left,JULICH_BRAIN_CYTOARCHITECTONIC_ATLAS_V3_1_MF_AMYGDALA,MF_AMYGDALA_LEFT.nii.gz,SHARED_SPATIAL_EVIDENCE,NGIQ-BR-00000215,Amyg_L_2_1,0.56265883,108.94473727,NGIQ-BR-00000017,0.49931826,0.33748225,0.161836,0.92473714,0.07526286,2.7357,FALSE,SHARED_SPATIAL_EVIDENCE_ONLY,NO_INDEPENDENT_LEAF_SPATIAL_EVIDENCE,False,False,G4_G3_SCIENTIFIC_POLICY_V1,PENDING_OWNER_REVIEW
NGIQ-BR-00000380,MF.lm (Amygdala) left,left,JULICH_BRAIN_CYTOARCHITECTONIC_ATLAS_V3_1_MF_AMYGDALA,MF_AMYGDALA_LEFT.nii.gz,SHARED_SPATIAL_EVIDENCE,NGIQ-BR-00000215,Amyg_L_2_1,0.56265883,108.94473727,NGIQ-BR-00000017,0.49931826,0.33748225,0.161836,0.92473714,0.07526286,2.7357,FALSE,SHARED_SPATIAL_EVIDENCE_ONLY,NO_INDEPENDENT_LEAF_SPATIAL_EVIDENCE,False,False,G4_G3_SCIENTIFIC_POLICY_V1,PENDING_OWNER_REVIEW
NGIQ-BR-00000381,Area 5L (SPL) right,right,JULICH_BRAIN_CYTOARCHITECTONIC_ATLAS_V3_1_AREA_5L_SPL,AREA_5L_SPL_RIGHT.nii.gz,DIRECT_CANONICAL_SPATIAL_EVIDENCE,NGIQ-BR-00000142,SPL_R_5_4,0.37349612,1059.70550352,NGIQ-BR-00000142,0.46451986,0.21661313,0.24790673,0.86248924,0.13751076,3.4168,TRUE,PARTIAL_OVERLAP,PARTIAL_CRITERIA_V1,False,False,G4_G3_SCIENTIFIC_POLICY_V1,PENDING_OWNER_REVIEW
NGIQ-BR-00000382,Area 5L (SPL) left,left,JULICH_BRAIN_CYTOARCHITECTONIC_ATLAS_V3_1_AREA_5L_SPL,AREA_5L_SPL_LEFT.nii.gz,DIRECT_CANONICAL_SPATIAL_EVIDENCE,NGIQ-BR-00000141,SPL_L_5_4,0.29096953,599.71661692,NGIQ-BR-00000141,0.37309913,0.14632928,0.22676985,0.82788541,0.17211459,4.7087,TRUE,CONFLICT_REVIEW,HIGH_FRAGMENTATION,False,False,G4_G3_SCIENTIFIC_POLICY_V1,PENDING_OWNER_REVIEW
NGIQ-BR-00000383,Area 7M (SPL) right,right,JULICH_BRAIN_CYTOARCHITECTONIC_ATLAS_V3_1_AREA_7M_SPL,AREA_7M_SPL_RIGHT.nii.gz,DIRECT_CANONICAL_SPATIAL_EVIDENCE,NGIQ-BR-00000156,PCun_R_4_1,0.35734371,102.23490336,NGIQ-BR-00000156,0.34104241,0.2193612,0.12168121,0.98790121,0.01209879,4.8783,TRUE,CONFLICT_REVIEW,HIGH_FRAGMENTATION,False,False,G4_G3_SCIENTIFIC_POLICY_V1,PENDING_OWNER_REVIEW
NGIQ-BR-00000384,Area 7M (SPL) left,left,JULICH_BRAIN_CYTOARCHITECTONIC_ATLAS_V3_1_AREA_7M_SPL,AREA_7M_SPL_LEFT.nii.gz,DIRECT_CANONICAL_SPATIAL_EVIDENCE,NGIQ-BR-00000159,PCun_L_4_3,0.26804411,110.75575598,NGIQ-BR-00000159,0.33336128,0.23638673,0.09697455,0.99780989,0.00219011,4.838,TRUE,CONFLICT_REVIEW,HIGH_FRAGMENTATION,False,False,G4_G3_SCIENTIFIC_POLICY_V1,PENDING_OWNER_REVIEW
NGIQ-BR-00000385,Area 7PC (SPL) right,right,JULICH_BRAIN_CYTOARCHITECTONIC_ATLAS_V3_1_AREA_7PC_SPL,AREA_7PC_SPL_RIGHT.nii.gz,DIRECT_CANONICAL_SPATIAL_EVIDENCE,NGIQ-BR-00000142,SPL_R_5_4,0.34259185,967.94998741,NGIQ-BR-00000142,0.43546956,0.24364437,0.1918252,0.88444451,0.11555549,3.8607,TRUE,PARTIAL_OVERLAP,PARTIAL_CRITERIA_V1,False,False,G4_G3_SCIENTIFIC_POLICY_V1,PENDING_OWNER_REVIEW
NGIQ-BR-00000386,Area 7PC (SPL) left,left,JULICH_BRAIN_CYTOARCHITECTONIC_ATLAS_V3_1_AREA_7PC_SPL,AREA_7PC_SPL_LEFT.nii.gz,DIRECT_CANONICAL_SPATIAL_EVIDENCE,NGIQ-BR-00000139,SPL_L_5_3,0.37203811,577.30228038,NGIQ-BR-00000139,0.44471357,0.22269159,0.22202198,0.92897605,0.07102395,4.4494,TRUE,PARTIAL_OVERLAP,PARTIAL_CRITERIA_V1,False,False,G4_G3_SCIENTIFIC_POLICY_V1,PENDING_OWNER_REVIEW
NGIQ-BR-00000387,Area 5M (SPL) right,right,JULICH_BRAIN_CYTOARCHITECTONIC_ATLAS_V3_1_AREA_5M_SPL,AREA_5M_SPL_RIGHT.nii.gz,DIRECT_CANONICAL_SPATIAL_EVIDENCE,NGIQ-BR-00000082,PCL_R_2_1,0.40253149,744.12165285,NGIQ-BR-00000158,0.38932568,0.37157175,0.01775393,0.91205175,0.08794825,3.5661,FALSE,CONFLICT_REVIEW,PROBABILITY_HARDLABEL_TOP1_DISAGREEMENT,False,False,G4_G3_SCIENTIFIC_POLICY_V1,PENDING_OWNER_REVIEW
NGIQ-BR-00000388,Area 5M (SPL) left,left,JULICH_BRAIN_CYTOARCHITECTONIC_ATLAS_V3_1_AREA_5M_SPL,AREA_5M_SPL_LEFT.nii.gz,DIRECT_CANONICAL_SPATIAL_EVIDENCE,NGIQ-BR-00000081,PCL_L_2_1,0.46007256,947.01903837,NGIQ-BR-00000081,0.37735289,0.30775788,0.069595,0.90610367,0.09389633,4.0271,TRUE,PARTIAL_OVERLAP,PARTIAL_CRITERIA_V1,False,False,G4_G3_SCIENTIFIC_POLICY_V1,PENDING_OWNER_REVIEW
NGIQ-BR-00000389,Area 7P (SPL) right,right,JULICH_BRAIN_CYTOARCHITECTONIC_ATLAS_V3_1_AREA_7P_SPL,AREA_7P_SPL_RIGHT.nii.gz,DIRECT_CANONICAL_SPATIAL_EVIDENCE,NGIQ-BR-00000138,SPL_R_5_2,0.39539669,949.94855082,NGIQ-BR-00000138,0.57236045,0.15119783,0.42116262,0.93911182,0.06088818,3.4273,TRUE,APPROVE_DOMINANT_OVERLAP,DOMINANT_CRITERIA_V1,False,False,G4_G3_SCIENTIFIC_POLICY_V1,PENDING_OWNER_REVIEW
NGIQ-BR-00000390,Area 7P (SPL) left,left,JULICH_BRAIN_CYTOARCHITECTONIC_ATLAS_V3_1_AREA_7P_SPL,AREA_7P_SPL_LEFT.nii.gz,DIRECT_CANONICAL_SPATIAL_EVIDENCE,NGIQ-BR-00000155,PCun_L_4_1,0.26507738,469.08894825,NGIQ-BR-00000137,0.36567568,0.31895616,0.04671952,0.94806151,0.05193849,4.4137,FALSE,CONFLICT_REVIEW,PROBABILITY_HARDLABEL_TOP1_DISAGREEMENT,False,False,G4_G3_SCIENTIFIC_POLICY_V1,PENDING_OWNER_REVIEW
NGIQ-BR-00000391,Area 5Ci (SPL) right,right,JULICH_BRAIN_CYTOARCHITECTONIC_ATLAS_V3_1_AREA_5CI_SPL,AREA_5CI_SPL_RIGHT.nii.gz,DIRECT_CANONICAL_SPATIAL_EVIDENCE,NGIQ-BR-00000082,PCL_R_2_1,0.50061938,686.39937548,NGIQ-BR-00000082,0.48289796,0.25517837,0.22771959,0.89837548,0.10162452,2.85,TRUE,PARTIAL_OVERLAP,PARTIAL_CRITERIA_V1,False,False,G4_G3_SCIENTIFIC_POLICY_V1,PENDING_OWNER_REVIEW
NGIQ-BR-00000392,Area 5Ci (SPL) left,left,JULICH_BRAIN_CYTOARCHITECTONIC_ATLAS_V3_1_AREA_5CI_SPL,AREA_5CI_SPL_LEFT.nii.gz,DIRECT_CANONICAL_SPATIAL_EVIDENCE,NGIQ-BR-00000081,PCL_L_2_1,0.43684196,457.43821493,NGIQ-BR-00000191,0.47368087,0.2244769,0.24920397,0.8467487,0.1532513,2.7548,FALSE,CONFLICT_REVIEW,PROBABILITY_HARDLABEL_TOP1_DISAGREEMENT,False,False,G4_G3_SCIENTIFIC_POLICY_V1,PENDING_OWNER_REVIEW
NGIQ-BR-00000393,Area 7A (SPL) right,right,JULICH_BRAIN_CYTOARCHITECTONIC_ATLAS_V3_1_AREA_7A_SPL,AREA_7A_SPL_RIGHT.nii.gz,DIRECT_CANONICAL_SPATIAL_EVIDENCE,NGIQ-BR-00000010,SPL_R_5_1,0.35098023,1596.32773172,NGIQ-BR-00000010,0.42759607,0.16211633,0.26547974,0.93749026,0.06250974,5.379,TRUE,CONFLICT_REVIEW,HIGH_FRAGMENTATION,False,False,G4_G3_SCIENTIFIC_POLICY_V1,PENDING_OWNER_REVIEW
NGIQ-BR-00000394,Area 7A (SPL) left,left,JULICH_BRAIN_CYTOARCHITECTONIC_ATLAS_V3_1_AREA_7A_SPL,AREA_7A_SPL_LEFT.nii.gz,DIRECT_CANONICAL_SPATIAL_EVIDENCE,NGIQ-BR-00000009,SPL_L_5_1,0.26000191,1445.96617687,NGIQ-BR-00000009,0.25490857,0.21172159,0.04318698,0.93988746,0.06011254,6.8499,TRUE,CONFLICT_REVIEW,HIGH_FRAGMENTATION,False,False,G4_G3_SCIENTIFIC_POLICY_V1,PENDING_OWNER_REVIEW
NGIQ-BR-00000395,Area 3b (PostCG) right,right,JULICH_BRAIN_CYTOARCHITECTONIC_ATLAS_V3_1_AREA_3B_POSTCG,AREA_3B_POSTCG_RIGHT.nii.gz,DIRECT_CANONICAL_SPATIAL_EVIDENCE,NGIQ-BR-00000164,PoG_R_4_1,0.34824587,1390.24106424,NGIQ-BR-00000164,0.44187418,0.13211511,0.30975906,0.78982936,0.21017064,4.0313,TRUE,CONFLICT_REVIEW,HIGH_FRAGMENTATION,False,False,G4_G3_SCIENTIFIC_POLICY_V1,PENDING_OWNER_REVIEW
NGIQ-BR-00000396,Area 3b (PostCG) left,left,JULICH_BRAIN_CYTOARCHITECTONIC_ATLAS_V3_1_AREA_3B_POSTCG,AREA_3B_POSTCG_LEFT.nii.gz,DIRECT_CANONICAL_SPATIAL_EVIDENCE,NGIQ-BR-00000163,PoG_L_4_1,0.34602358,2361.11935211,NGIQ-BR-00000163,0.38841742,0.12594285,0.26247458,0.81233076,0.18766924,4.8647,TRUE,CONFLICT_REVIEW,HIGH_FRAGMENTATION,False,False,G4_G3_SCIENTIFIC_POLICY_V1,PENDING_OWNER_REVIEW
NGIQ-BR-00000397,Area 1 (PostCG) right,right,JULICH_BRAIN_CYTOARCHITECTONIC_ATLAS_V3_1_AREA_1_POSTCG,AREA_1_POSTCG_RIGHT.nii.gz,DIRECT_CANONICAL_SPATIAL_EVIDENCE,NGIQ-BR-00000164,PoG_R_4_1,0.3132638,1234.45081854,NGIQ-BR-00000164,0.36682795,0.32261246,0.0442155,0.93007103,0.06992897,4.3363,TRUE,PARTIAL_OVERLAP,PARTIAL_CRITERIA_V1,False,False,G4_G3_SCIENTIFIC_POLICY_V1,PENDING_OWNER_REVIEW
NGIQ-BR-00000398,Area 1 (PostCG) left,left,JULICH_BRAIN_CYTOARCHITECTONIC_ATLAS_V3_1_AREA_1_POSTCG,AREA_1_POSTCG_LEFT.nii.gz,DIRECT_CANONICAL_SPATIAL_EVIDENCE,NGIQ-BR-00000163,PoG_L_4_1,0.30765171,1307.31309388,NGIQ-BR-00000163,0.33457443,0.28357219,0.05100225,0.92900143,0.07099857,4.5395,TRUE,PARTIAL_OVERLAP,PARTIAL_CRITERIA_V1,False,False,G4_G3_SCIENTIFIC_POLICY_V1,PENDING_OWNER_REVIEW
NGIQ-BR-00000399,Area 2 (PostCS) right,right,JULICH_BRAIN_CYTOARCHITECTONIC_ATLAS_V3_1_AREA_2_POSTCS,AREA_2_POSTCS_RIGHT.nii.gz,DIRECT_CANONICAL_SPATIAL_EVIDENCE,NGIQ-BR-00000168,PoG_R_4_3,0.41196106,1735.9885783,NGIQ-BR-00000168,0.48672314,0.13057216,0.35615098,0.90351792,0.09648208,4.2375,TRUE,CONFLICT_REVIEW,HIGH_FRAGMENTATION,False,False,G4_G3_SCIENTIFIC_POLICY_V1,PENDING_OWNER_REVIEW
NGIQ-BR-00000400,Area 2 (PostCS) left,left,JULICH_BRAIN_CYTOARCHITECTONIC_ATLAS_V3_1_AREA_2_POSTCS,AREA_2_POSTCS_LEFT.nii.gz,DIRECT_CANONICAL_SPATIAL_EVIDENCE,NGIQ-BR-00000167,PoG_L_4_3,0.42328045,1396.86458651,NGIQ-BR-00000167,0.46937888,0.12095402,0.34842487,0.82378083,0.17621917,3.852,TRUE,CONFLICT_REVIEW,HIGH_FRAGMENTATION,False,False,G4_G3_SCIENTIFIC_POLICY_V1,PENDING_OWNER_REVIEW
NGIQ-BR-00000401,Area 3a (PostCG) right,right,JULICH_BRAIN_CYTOARCHITECTONIC_ATLAS_V3_1_AREA_3A_POSTCG,AREA_3A_POSTCG_RIGHT.nii.gz,DIRECT_CANONICAL_SPATIAL_EVIDENCE,NGIQ-BR-00000070,PrG_R_6_1,0.22790755,206.45576939,NGIQ-BR-00000070,0.24329428,0.1131688,0.13012548,0.43590376,0.56409624,3.1123,TRUE,CONFLICT_REVIEW,HIGH_FRAGMENTATION,False,False,G4_G3_SCIENTIFIC_POLICY_V1,PENDING_OWNER_REVIEW
NGIQ-BR-00000402,Area 3a (PostCG) left,left,JULICH_BRAIN_CYTOARCHITECTONIC_ATLAS_V3_1_AREA_3A_POSTCG,AREA_3A_POSTCG_LEFT.nii.gz,DIRECT_CANONICAL_SPATIAL_EVIDENCE,NGIQ-BR-00000069,PrG_L_6_1,0.21565561,337.14351581,NGIQ-BR-00000069,0.22707158,0.1506939,0.07637768,0.53920129,0.46079871,3.1949,TRUE,CONFLICT_REVIEW,HIGH_FRAGMENTATION,False,False,G4_G3_SCIENTIFIC_POLICY_V1,PENDING_OWNER_REVIEW
NGIQ-BR-00000403,Area Op1 (POperc) right,right,JULICH_BRAIN_CYTOARCHITECTONIC_ATLAS_V3_1_AREA_OP1_POPERC,AREA_OP1_POPERC_RIGHT.nii.gz,DIRECT_CANONICAL_SPATIAL_EVIDENCE,NGIQ-BR-00000154,IPL_R_6_6,0.55412121,860.10792303,NGIQ-BR-00000154,0.54144603,0.37433926,0.16710677,0.934467,0.065533,2.1744,TRUE,PARTIAL_OVERLAP,PARTIAL_CRITERIA_V1,False,False,G4_G3_SCIENTIFIC_POLICY_V1,PENDING_OWNER_REVIEW
NGIQ-BR-00000404,Area Op1 (POperc) left,left,JULICH_BRAIN_CYTOARCHITECTONIC_ATLAS_V3_1_AREA_OP1_POPERC,AREA_OP1_POPERC_LEFT.nii.gz,DIRECT_CANONICAL_SPATIAL_EVIDENCE,NGIQ-BR-00000153,IPL_L_6_6,0.62002704,1001.46555891,NGIQ-BR-00000153,0.57932881,0.33032027,0.24900855,0.96715896,0.03284104,2.4338,TRUE,APPROVE_DOMINANT_OVERLAP,DOMINANT_CRITERIA_V1,False,False,G4_G3_SCIENTIFIC_POLICY_V1,PENDING_OWNER_REVIEW
NGIQ-BR-00000405,Area Op2 (POperc) right,right,JULICH_BRAIN_CYTOARCHITECTONIC_ATLAS_V3_1_AREA_OP2_POPERC,AREA_OP2_POPERC_RIGHT.nii.gz,DIRECT_CANONICAL_SPATIAL_EVIDENCE,NGIQ-BR-00000014,INS_R_6_1,0.35960124,141.32879582,NGIQ-BR-00000014,0.46040715,0.27252605,0.1878811,0.8157319,0.1842681,2.6565,TRUE,PARTIAL_OVERLAP,PARTIAL_CRITERIA_V1,False,False,G4_G3_SCIENTIFIC_POLICY_V1,PENDING_OWNER_REVIEW
NGIQ-BR-00000406,Area Op2 (POperc) left,left,JULICH_BRAIN_CYTOARCHITECTONIC_ATLAS_V3_1_AREA_OP2_POPERC,AREA_OP2_POPERC_LEFT.nii.gz,DIRECT_CANONICAL_SPATIAL_EVIDENCE,NGIQ-BR-00000013,INS_L_6_1,0.43756537,389.53827601,NGIQ-BR-00000013,0.53376322,0.15544301,0.37832021,0.79396754,0.20603246,2.7124,TRUE,APPROVE_DOMINANT_OVERLAP,DOMINANT_CRITERIA_V1,False,False,G4_G3_SCIENTIFIC_POLICY_V1,PENDING_OWNER_REVIEW
NGIQ-BR-00000407,Area Op3 (POperc) right,right,JULICH_BRAIN_CYTOARCHITECTONIC_ATLAS_V3_1_AREA_OP3_POPERC,AREA_OP3_POPERC_RIGHT.nii.gz,DIRECT_CANONICAL_SPATIAL_EVIDENCE,NGIQ-BR-00000166,PoG_R_4_2,0.54618549,432.47333338,NGIQ-BR-00000166,0.49941484,0.23718359,0.26223126,0.78758141,0.21241859,2.4683,TRUE,PARTIAL_OVERLAP,PARTIAL_CRITERIA_V1,False,False,G4_G3_SCIENTIFIC_POLICY_V1,PENDING_OWNER_REVIEW
NGIQ-BR-00000408,Area Op3 (POperc) left,left,JULICH_BRAIN_CYTOARCHITECTONIC_ATLAS_V3_1_AREA_OP3_POPERC,AREA_OP3_POPERC_LEFT.nii.gz,DIRECT_CANONICAL_SPATIAL_EVIDENCE,NGIQ-BR-00000165,PoG_L_4_2,0.42504323,264.62094705,NGIQ-BR-00000165,0.43553426,0.37250942,0.06302484,0.84911142,0.15088858,2.3626,TRUE,PARTIAL_OVERLAP,PARTIAL_CRITERIA_V1,False,False,G4_G3_SCIENTIFIC_POLICY_V1,PENDING_OWNER_REVIEW
NGIQ-BR-00000409,Area Op4 (POperc) right,right,JULICH_BRAIN_CYTOARCHITECTONIC_ATLAS_V3_1_AREA_OP4_POPERC,AREA_OP4_POPERC_RIGHT.nii.gz,DIRECT_CANONICAL_SPATIAL_EVIDENCE,NGIQ-BR-00000166,PoG_R_4_2,0.46216805,1341.54211602,NGIQ-BR-00000166,0.54202928,0.18261625,0.35941304,0.95224786,0.04775214,3.931,TRUE,APPROVE_DOMINANT_OVERLAP,DOMINANT_CRITERIA_V1,False,False,G4_G3_SCIENTIFIC_POLICY_V1,PENDING_OWNER_REVIEW
NGIQ-BR-00000410,Area Op4 (POperc) left,left,JULICH_BRAIN_CYTOARCHITECTONIC_ATLAS_V3_1_AREA_OP4_POPERC,AREA_OP4_POPERC_LEFT.nii.gz,DIRECT_CANONICAL_SPATIAL_EVIDENCE,NGIQ-BR-00000165,PoG_L_4_2,0.67357837,659.65856626,NGIQ-BR-00000165,0.73248195,0.14711943,0.58536253,0.89957777,0.10042223,1.7637,TRUE,APPROVE_DOMINANT_OVERLAP,DOMINANT_CRITERIA_V1,False,False,G4_G3_SCIENTIFIC_POLICY_V1,PENDING_OWNER_REVIEW
NGIQ-BR-00000411,Area PF (IPL) right,right,JULICH_BRAIN_CYTOARCHITECTONIC_ATLAS_V3_1_AREA_PF_IPL,AREA_PF_IPL_RIGHT.nii.gz,DIRECT_CANONICAL_SPATIAL_EVIDENCE,NGIQ-BR-00000154,IPL_R_6_6,0.41943296,1281.84448391,NGIQ-BR-00000154,0.51613716,0.23105878,0.28507839,0.9847056,0.0152944,3.6346,TRUE,APPROVE_DOMINANT_OVERLAP,DOMINANT_CRITERIA_V1,False,False,G4_G3_SCIENTIFIC_POLICY_V1,PENDING_OWNER_REVIEW
NGIQ-BR-00000412,Area PF (IPL) left,left,JULICH_BRAIN_CYTOARCHITECTONIC_ATLAS_V3_1_AREA_PF_IPL,AREA_PF_IPL_LEFT.nii.gz,DIRECT_CANONICAL_SPATIAL_EVIDENCE,NGIQ-BR-00000149,IPL_L_6_4,0.34859559,1120.89014156,NGIQ-BR-00000149,0.40824211,0.26213853,0.14610358,0.97574757,0.02425243,3.8064,TRUE,PARTIAL_OVERLAP,PARTIAL_CRITERIA_V1,False,False,G4_G3_SCIENTIFIC_POLICY_V1,PENDING_OWNER_REVIEW
NGIQ-BR-00000413,Area PFcm (IPL) right,right,JULICH_BRAIN_CYTOARCHITECTONIC_ATLAS_V3_1_AREA_PFCM_IPL,AREA_PFCM_IPL_RIGHT.nii.gz,DIRECT_CANONICAL_SPATIAL_EVIDENCE,NGIQ-BR-00000154,IPL_R_6_6,0.81092418,1579.76741595,NGIQ-BR-00000154,0.89002508,0.04630378,0.8437213,0.95410276,0.04589724,1.3608,TRUE,APPROVE_CONTAINED_IN,CONTAINED_CRITERIA_V1,True,True,G4_G3_SCIENTIFIC_POLICY_V1,PENDING_OWNER_REVIEW
NGIQ-BR-00000414,Area PFcm (IPL) left,left,JULICH_BRAIN_CYTOARCHITECTONIC_ATLAS_V3_1_AREA_PFCM_IPL,AREA_PFCM_IPL_LEFT.nii.gz,DIRECT_CANONICAL_SPATIAL_EVIDENCE,NGIQ-BR-00000153,IPL_L_6_6,0.5223056,1267.20952249,NGIQ-BR-00000153,0.61055619,0.16662534,0.44393086,0.91862196,0.08137804,2.5998,TRUE,APPROVE_DOMINANT_OVERLAP,DOMINANT_CRITERIA_V1,False,False,G4_G3_SCIENTIFIC_POLICY_V1,PENDING_OWNER_REVIEW
NGIQ-BR-00000415,Area PGa (IPL) right,right,JULICH_BRAIN_CYTOARCHITECTONIC_ATLAS_V3_1_AREA_PGA_IPL,AREA_PGA_IPL_RIGHT.nii.gz,DIRECT_CANONICAL_SPATIAL_EVIDENCE,NGIQ-BR-00000152,IPL_R_6_5,0.41171985,1706.94772652,NGIQ-BR-00000152,0.54478728,0.29987876,0.24490852,0.9648764,0.0351236,3.1186,TRUE,APPROVE_DOMINANT_OVERLAP,DOMINANT_CRITERIA_V1,False,False,G4_G3_SCIENTIFIC_POLICY_V1,PENDING_OWNER_REVIEW
NGIQ-BR-00000416,Area PGa (IPL) left,left,JULICH_BRAIN_CYTOARCHITECTONIC_ATLAS_V3_1_AREA_PGA_IPL,AREA_PGA_IPL_LEFT.nii.gz,DIRECT_CANONICAL_SPATIAL_EVIDENCE,NGIQ-BR-00000149,IPL_L_6_4,0.36940559,1410.98269804,NGIQ-BR-00000149,0.36640096,0.32245295,0.04394801,0.9673355,0.0326645,3.7521,TRUE,PARTIAL_OVERLAP,PARTIAL_CRITERIA_V1,False,False,G4_G3_SCIENTIFIC_POLICY_V1,PENDING_OWNER_REVIEW
NGIQ-BR-00000417,Area PFt (IPL) right,right,JULICH_BRAIN_CYTOARCHITECTONIC_ATLAS_V3_1_AREA_PFT_IPL,AREA_PFT_IPL_RIGHT.nii.gz,DIRECT_CANONICAL_SPATIAL_EVIDENCE,NGIQ-BR-00000148,IPL_R_6_3,0.44284775,1291.21447334,NGIQ-BR-00000148,0.43305463,0.32606252,0.1069921,0.92387108,0.07612892,3.2472,TRUE,PARTIAL_OVERLAP,PARTIAL_CRITERIA_V1,False,False,G4_G3_SCIENTIFIC_POLICY_V1,PENDING_OWNER_REVIEW
NGIQ-BR-00000418,Area PFt (IPL) left,left,JULICH_BRAIN_CYTOARCHITECTONIC_ATLAS_V3_1_AREA_PFT_IPL,AREA_PFT_IPL_LEFT.nii.gz,DIRECT_CANONICAL_SPATIAL_EVIDENCE,NGIQ-BR-00000147,IPL_L_6_3,0.49932633,1425.8068269,NGIQ-BR-00000147,0.56220665,0.24709459,0.31511206,0.91424799,0.08575201,2.8085,TRUE,APPROVE_DOMINANT_OVERLAP,DOMINANT_CRITERIA_V1,False,False,G4_G3_SCIENTIFIC_POLICY_V1,PENDING_OWNER_REVIEW
NGIQ-BR-00000419,Area PFm (IPL) right,right,JULICH_BRAIN_CYTOARCHITECTONIC_ATLAS_V3_1_AREA_PFM_IPL,AREA_PFM_IPL_RIGHT.nii.gz,DIRECT_CANONICAL_SPATIAL_EVIDENCE,NGIQ-BR-00000150,IPL_R_6_4,0.49779462,1679.80229829,NGIQ-BR-00000150,0.7455803,0.08536001,0.66022029,0.96105772,0.03894228,2.2936,TRUE,APPROVE_DOMINANT_OVERLAP,DOMINANT_CRITERIA_V1,False,False,G4_G3_SCIENTIFIC_POLICY_V1,PENDING_OWNER_REVIEW
NGIQ-BR-00000420,Area PFm (IPL) left,left,JULICH_BRAIN_CYTOARCHITECTONIC_ATLAS_V3_1_AREA_PFM_IPL,AREA_PFM_IPL_LEFT.nii.gz,DIRECT_CANONICAL_SPATIAL_EVIDENCE,NGIQ-BR-00000149,IPL_L_6_4,0.50765545,2174.90761109,NGIQ-BR-00000149,0.67815209,0.11258271,0.56556938,0.96677919,0.03322081,2.8702,TRUE,APPROVE_DOMINANT_OVERLAP,DOMINANT_CRITERIA_V1,False,False,G4_G3_SCIENTIFIC_POLICY_V1,PENDING_OWNER_REVIEW
NGIQ-BR-00000421,Area PGp (IPL) right,right,JULICH_BRAIN_CYTOARCHITECTONIC_ATLAS_V3_1_AREA_PGP_IPL,AREA_PGP_IPL_RIGHT.nii.gz,DIRECT_CANONICAL_SPATIAL_EVIDENCE,NGIQ-BR-00000152,IPL_R_6_5,0.32351679,1494.45777336,NGIQ-BR-00000152,0.40539865,0.31579639,0.08960226,0.98524799,0.01475201,3.2894,TRUE,PARTIAL_OVERLAP,PARTIAL_CRITERIA_V1,False,False,G4_G3_SCIENTIFIC_POLICY_V1,PENDING_OWNER_REVIEW
NGIQ-BR-00000422,Area PGp (IPL) left,left,JULICH_BRAIN_CYTOARCHITECTONIC_ATLAS_V3_1_AREA_PGP_IPL,AREA_PGP_IPL_LEFT.nii.gz,DIRECT_CANONICAL_SPATIAL_EVIDENCE,NGIQ-BR-00000151,IPL_L_6_5,0.46890775,2121.66166792,NGIQ-BR-00000151,0.6505143,0.1586608,0.4918535,0.97175796,0.02824204,2.7087,TRUE,APPROVE_DOMINANT_OVERLAP,DOMINANT_CRITERIA_V1,False,False,G4_G3_SCIENTIFIC_POLICY_V1,PENDING_OWNER_REVIEW
NGIQ-BR-00000423,Area PFop (IPL) right,right,JULICH_BRAIN_CYTOARCHITECTONIC_ATLAS_V3_1_AREA_PFOP_IPL,AREA_PFOP_IPL_RIGHT.nii.gz,DIRECT_CANONICAL_SPATIAL_EVIDENCE,NGIQ-BR-00000154,IPL_R_6_6,0.30577519,458.30167403,NGIQ-BR-00000154,0.30645752,0.21569549,0.09076203,0.81965509,0.18034491,4.1306,TRUE,CONFLICT_REVIEW,HIGH_FRAGMENTATION,False,False,G4_G3_SCIENTIFIC_POLICY_V1,PENDING_OWNER_REVIEW
NGIQ-BR-00000424,Area PFop (IPL) left,left,JULICH_BRAIN_CYTOARCHITECTONIC_ATLAS_V3_1_AREA_PFOP_IPL,AREA_PFOP_IPL_LEFT.nii.gz,DIRECT_CANONICAL_SPATIAL_EVIDENCE,NGIQ-BR-00000153,IPL_L_6_6,0.45957342,721.87099688,NGIQ-BR-00000153,0.52168404,0.20197252,0.31971152,0.91581491,0.08418509,2.9625,TRUE,APPROVE_DOMINANT_OVERLAP,DOMINANT_CRITERIA_V1,False,False,G4_G3_SCIENTIFIC_POLICY_V1,PENDING_OWNER_REVIEW
NGIQ-BR-00000425,Area hPO1 (POS) right,right,JULICH_BRAIN_CYTOARCHITECTONIC_ATLAS_V3_1_AREA_HPO1_POS,AREA_HPO1_POS_RIGHT.nii.gz,DIRECT_CANONICAL_SPATIAL_EVIDENCE,NGIQ-BR-00000212,LOcC_R_2_1,0.28364325,515.32256568,NGIQ-BR-00000212,0.33833598,0.27854333,0.05979265,0.86806299,0.13193701,3.7712,TRUE,PARTIAL_OVERLAP,PARTIAL_CRITERIA_V1,False,False,G4_G3_SCIENTIFIC_POLICY_V1,PENDING_OWNER_REVIEW
NGIQ-BR-00000426,Area hPO1 (POS) left,left,JULICH_BRAIN_CYTOARCHITECTONIC_ATLAS_V3_1_AREA_HPO1_POS,AREA_HPO1_POS_LEFT.nii.gz,DIRECT_CANONICAL_SPATIAL_EVIDENCE,NGIQ-BR-00000211,LOcC_L_2_1,0.25122338,483.46273936,NGIQ-BR-00000211,0.27805755,0.23170374,0.04635382,0.87248339,0.12751661,4.7957,TRUE,CONFLICT_REVIEW,HIGH_FRAGMENTATION,False,False,G4_G3_SCIENTIFIC_POLICY_V1,PENDING_OWNER_REVIEW
NGIQ-BR-00000427,Area hIP1 (IPS) right,right,JULICH_BRAIN_CYTOARCHITECTONIC_ATLAS_V3_1_AREA_HIP1_IPS,AREA_HIP1_IPS_RIGHT.nii.gz,DIRECT_CANONICAL_SPATIAL_EVIDENCE,NGIQ-BR-00000148,IPL_R_6_3,0.30948696,691.76592501,NGIQ-BR-00000148,0.43161909,0.08878043,0.34283866,0.76482933,0.23517067,3.9485,TRUE,CONFLICT_REVIEW,HIGH_FRAGMENTATION,False,False,G4_G3_SCIENTIFIC_POLICY_V1,PENDING_OWNER_REVIEW
NGIQ-BR-00000428,Area hIP1 (IPS) left,left,JULICH_BRAIN_CYTOARCHITECTONIC_ATLAS_V3_1_AREA_HIP1_IPS,AREA_HIP1_IPS_LEFT.nii.gz,DIRECT_CANONICAL_SPATIAL_EVIDENCE,NGIQ-BR-00000145,IPL_L_6_2,0.25959678,636.43701733,NGIQ-BR-00000145,0.33393167,0.2391134,0.09481827,0.77493826,0.22506174,3.4713,TRUE,CONFLICT_REVIEW,HIGH_FRAGMENTATION,False,False,G4_G3_SCIENTIFIC_POLICY_V1,PENDING_OWNER_REVIEW
NGIQ-BR-00000429,Area hIP7 (IPS) right,right,JULICH_BRAIN_CYTOARCHITECTONIC_ATLAS_V3_1_AREA_HIP7_IPS,AREA_HIP7_IPS_RIGHT.nii.gz,DIRECT_CANONICAL_SPATIAL_EVIDENCE,NGIQ-BR-00000214,LOcC_R_2_2,0.41093952,835.13686929,NGIQ-BR-00000214,0.50726092,0.17722876,0.33003216,0.84349409,0.15650591,3.0866,TRUE,APPROVE_DOMINANT_OVERLAP,DOMINANT_CRITERIA_V1,False,False,G4_G3_SCIENTIFIC_POLICY_V1,PENDING_OWNER_REVIEW
NGIQ-BR-00000430,Area hIP7 (IPS) left,left,JULICH_BRAIN_CYTOARCHITECTONIC_ATLAS_V3_1_AREA_HIP7_IPS,AREA_HIP7_IPS_LEFT.nii.gz,DIRECT_CANONICAL_SPATIAL_EVIDENCE,NGIQ-BR-00000213,LOcC_L_2_2,0.43864375,547.23036688,NGIQ-BR-00000213,0.57372273,0.17915385,0.39456888,0.83501679,0.16498321,2.4866,TRUE,APPROVE_DOMINANT_OVERLAP,DOMINANT_CRITERIA_V1,False,False,G4_G3_SCIENTIFIC_POLICY_V1,PENDING_OWNER_REVIEW
NGIQ-BR-00000431,Area hIP3 (IPS) right,right,JULICH_BRAIN_CYTOARCHITECTONIC_ATLAS_V3_1_AREA_HIP3_IPS,AREA_HIP3_IPS_RIGHT.nii.gz,DIRECT_CANONICAL_SPATIAL_EVIDENCE,NGIQ-BR-00000140,SPL_R_5_3,0.3907959,1169.94784596,NGIQ-BR-00000140,0.28156756,0.24862904,0.03293852,0.91807508,0.08192492,5.0701,TRUE,CONFLICT_REVIEW,HIGH_FRAGMENTATION,False,False,G4_G3_SCIENTIFIC_POLICY_V1,PENDING_OWNER_REVIEW
NGIQ-BR-00000432,Area hIP3 (IPS) left,left,JULICH_BRAIN_CYTOARCHITECTONIC_ATLAS_V3_1_AREA_HIP3_IPS,AREA_HIP3_IPS_LEFT.nii.gz,DIRECT_CANONICAL_SPATIAL_EVIDENCE,NGIQ-BR-00000139,SPL_L_5_3,0.38496739,1195.04715988,NGIQ-BR-00000139,0.37508661,0.24194877,0.13313784,0.84460726,0.15539274,4.1093,TRUE,PARTIAL_OVERLAP,PARTIAL_CRITERIA_V1,False,False,G4_G3_SCIENTIFIC_POLICY_V1,PENDING_OWNER_REVIEW
NGIQ-BR-00000433,Area hIP2 (IPS) right,right,JULICH_BRAIN_CYTOARCHITECTONIC_ATLAS_V3_1_AREA_HIP2_IPS,AREA_HIP2_IPS_RIGHT.nii.gz,DIRECT_CANONICAL_SPATIAL_EVIDENCE,NGIQ-BR-00000148,IPL_R_6_3,0.566582,713.65282087,NGIQ-BR-00000148,0.7663895,0.10120766,0.66518184,0.89281886,0.10718114,1.639,TRUE,APPROVE_DOMINANT_OVERLAP,DOMINANT_CRITERIA_V1,False,False,G4_G3_SCIENTIFIC_POLICY_V1,PENDING_OWNER_REVIEW
NGIQ-BR-00000434,Area hIP2 (IPS) left,left,JULICH_BRAIN_CYTOARCHITECTONIC_ATLAS_V3_1_AREA_HIP2_IPS,AREA_HIP2_IPS_LEFT.nii.gz,DIRECT_CANONICAL_SPATIAL_EVIDENCE,NGIQ-BR-00000147,IPL_L_6_3,0.50386595,829.70038141,NGIQ-BR-00000147,0.62916789,0.10277086,0.52639702,0.87511286,0.12488714,2.5465,TRUE,APPROVE_DOMINANT_OVERLAP,DOMINANT_CRITERIA_V1,False,False,G4_G3_SCIENTIFIC_POLICY_V1,PENDING_OWNER_REVIEW
NGIQ-BR-00000435,Area hIP4 (IPS) right,right,JULICH_BRAIN_CYTOARCHITECTONIC_ATLAS_V3_1_AREA_HIP4_IPS,AREA_HIP4_IPS_RIGHT.nii.gz,DIRECT_CANONICAL_SPATIAL_EVIDENCE,NGIQ-BR-00000012,IPL_R_6_1,0.44853404,660.57021143,NGIQ-BR-00000012,0.5709721,0.19738236,0.37358975,0.93917052,0.06082948,2.9383,TRUE,APPROVE_DOMINANT_OVERLAP,DOMINANT_CRITERIA_V1,False,False,G4_G3_SCIENTIFIC_POLICY_V1,PENDING_OWNER_REVIEW
NGIQ-BR-00000436,Area hIP4 (IPS) left,left,JULICH_BRAIN_CYTOARCHITECTONIC_ATLAS_V3_1_AREA_HIP4_IPS,AREA_HIP4_IPS_LEFT.nii.gz,DIRECT_CANONICAL_SPATIAL_EVIDENCE,NGIQ-BR-00000011,IPL_L_6_1,0.48200825,640.0983156,NGIQ-BR-00000011,0.51957163,0.31515504,0.20441659,0.89253133,0.10746867,2.4691,TRUE,APPROVE_DOMINANT_OVERLAP,DOMINANT_CRITERIA_V1,False,False,G4_G3_SCIENTIFIC_POLICY_V1,PENDING_OWNER_REVIEW
NGIQ-BR-00000437,Area hIP5 (IPS) right,right,JULICH_BRAIN_CYTOARCHITECTONIC_ATLAS_V3_1_AREA_HIP5_IPS,AREA_HIP5_IPS_RIGHT.nii.gz,DIRECT_CANONICAL_SPATIAL_EVIDENCE,NGIQ-BR-00000146,IPL_R_6_2,0.33190946,579.64678595,NGIQ-BR-00000146,0.39705886,0.27272316,0.1243357,0.74020741,0.25979259,2.7521,TRUE,PARTIAL_OVERLAP,PARTIAL_CRITERIA_V1,False,False,G4_G3_SCIENTIFIC_POLICY_V1,PENDING_OWNER_REVIEW
NGIQ-BR-00000438,Area hIP5 (IPS) left,left,JULICH_BRAIN_CYTOARCHITECTONIC_ATLAS_V3_1_AREA_HIP5_IPS,AREA_HIP5_IPS_LEFT.nii.gz,DIRECT_CANONICAL_SPATIAL_EVIDENCE,NGIQ-BR-00000011,IPL_L_6_1,0.34719666,685.8208283,NGIQ-BR-00000213,0.39297599,0.36967486,0.02330113,0.87857008,0.12142992,2.954,FALSE,CONFLICT_REVIEW,PROBABILITY_HARDLABEL_TOP1_DISAGREEMENT,False,False,G4_G3_SCIENTIFIC_POLICY_V1,PENDING_OWNER_REVIEW
NGIQ-BR-00000439,Area hIP6 (IPS) right,right,JULICH_BRAIN_CYTOARCHITECTONIC_ATLAS_V3_1_AREA_HIP6_IPS,AREA_HIP6_IPS_RIGHT.nii.gz,DIRECT_CANONICAL_SPATIAL_EVIDENCE,NGIQ-BR-00000146,IPL_R_6_2,0.4394089,827.01140726,NGIQ-BR-00000146,0.71845945,0.07813006,0.64032939,0.89761823,0.10238177,2.1108,TRUE,APPROVE_DOMINANT_OVERLAP,DOMINANT_CRITERIA_V1,False,False,G4_G3_SCIENTIFIC_POLICY_V1,PENDING_OWNER_REVIEW
NGIQ-BR-00000440,Area hIP6 (IPS) left,left,JULICH_BRAIN_CYTOARCHITECTONIC_ATLAS_V3_1_AREA_HIP6_IPS,AREA_HIP6_IPS_LEFT.nii.gz,DIRECT_CANONICAL_SPATIAL_EVIDENCE,NGIQ-BR-00000145,IPL_L_6_2,0.35908808,665.85244289,NGIQ-BR-00000145,0.52715031,0.23399034,0.29315997,0.96208544,0.03791456,3.6569,TRUE,APPROVE_DOMINANT_OVERLAP,DOMINANT_CRITERIA_V1,False,False,G4_G3_SCIENTIFIC_POLICY_V1,PENDING_OWNER_REVIEW
NGIQ-BR-00000441,Area hIP8 (IPS) right,right,JULICH_BRAIN_CYTOARCHITECTONIC_ATLAS_V3_1_AREA_HIP8_IPS,AREA_HIP8_IPS_RIGHT.nii.gz,DIRECT_CANONICAL_SPATIAL_EVIDENCE,NGIQ-BR-00000214,LOcC_R_2_2,0.40274007,703.94415422,NGIQ-BR-00000214,0.59347711,0.08803515,0.50544196,0.82505282,0.17494718,2.6269,TRUE,APPROVE_DOMINANT_OVERLAP,DOMINANT_CRITERIA_V1,False,False,G4_G3_SCIENTIFIC_POLICY_V1,PENDING_OWNER_REVIEW
NGIQ-BR-00000442,Area hIP8 (IPS) left,left,JULICH_BRAIN_CYTOARCHITECTONIC_ATLAS_V3_1_AREA_HIP8_IPS,AREA_HIP8_IPS_LEFT.nii.gz,DIRECT_CANONICAL_SPATIAL_EVIDENCE,NGIQ-BR-00000213,LOcC_L_2_2,0.31096139,551.3348177,NGIQ-BR-00000213,0.37291227,0.29288751,0.08002476,0.8324544,0.1675456,3.6434,TRUE,PARTIAL_OVERLAP,PARTIAL_CRITERIA_V1,False,False,G4_G3_SCIENTIFIC_POLICY_V1,PENDING_OWNER_REVIEW
NGIQ-BR-00000443,Area 6v3 (PreCG) right,right,JULICH_BRAIN_CYTOARCHITECTONIC_ATLAS_V3_1_AREA_6V3_PRECG,AREA_6V3_PRECG_RIGHT.nii.gz,DIRECT_CANONICAL_SPATIAL_EVIDENCE,NGIQ-BR-00000080,PrG_R_6_6,0.35026664,936.38092116,NGIQ-BR-00000080,0.45540849,0.21921273,0.23619576,0.85904877,0.14095123,3.6762,TRUE,PARTIAL_OVERLAP,PARTIAL_CRITERIA_V1,False,False,G4_G3_SCIENTIFIC_POLICY_V1,PENDING_OWNER_REVIEW
NGIQ-BR-00000444,Area 6v3 (PreCG) left,left,JULICH_BRAIN_CYTOARCHITECTONIC_ATLAS_V3_1_AREA_6V3_PRECG,AREA_6V3_PRECG_LEFT.nii.gz,DIRECT_CANONICAL_SPATIAL_EVIDENCE,NGIQ-BR-00000079,PrG_L_6_6,0.44572155,1315.77251067,NGIQ-BR-00000079,0.53867166,0.22198394,0.31668772,0.86690081,0.13309919,2.8784,TRUE,APPROVE_DOMINANT_OVERLAP,DOMINANT_CRITERIA_V1,False,False,G4_G3_SCIENTIFIC_POLICY_V1,PENDING_OWNER_REVIEW
NGIQ-BR-00000445,Area 6v2 (PreCG) right,right,JULICH_BRAIN_CYTOARCHITECTONIC_ATLAS_V3_1_AREA_6V2_PRECG,AREA_6V2_PRECG_RIGHT.nii.gz,DIRECT_CANONICAL_SPATIAL_EVIDENCE,NGIQ-BR-00000036,MFG_R_7_2,0.31153357,1355.88545816,NGIQ-BR-00000080,0.39825486,0.29576176,0.10249311,0.84735569,0.15264431,3.6882,FALSE,CONFLICT_REVIEW,PROBABILITY_HARDLABEL_TOP1_DISAGREEMENT,False,False,G4_G3_SCIENTIFIC_POLICY_V1,PENDING_OWNER_REVIEW
NGIQ-BR-00000446,Area 6v2 (PreCG) left,left,JULICH_BRAIN_CYTOARCHITECTONIC_ATLAS_V3_1_AREA_6V2_PRECG,AREA_6V2_PRECG_LEFT.nii.gz,DIRECT_CANONICAL_SPATIAL_EVIDENCE,NGIQ-BR-00000079,PrG_L_6_6,0.38501909,921.3109835,NGIQ-BR-00000079,0.47136147,0.28807201,0.18328946,0.92020914,0.07979086,3.3305,TRUE,PARTIAL_OVERLAP,PARTIAL_CRITERIA_V1,False,False,G4_G3_SCIENTIFIC_POLICY_V1,PENDING_OWNER_REVIEW
NGIQ-BR-00000447,Area 6r1 (PreCG) right,right,JULICH_BRAIN_CYTOARCHITECTONIC_ATLAS_V3_1_AREA_6R1_PRECG,AREA_6R1_PRECG_RIGHT.nii.gz,DIRECT_CANONICAL_SPATIAL_EVIDENCE,NGIQ-BR-00000080,PrG_R_6_6,0.2914833,506.87459188,NGIQ-BR-00000080,0.39763374,0.22446977,0.17316398,0.95865976,0.04134024,4.0444,TRUE,PARTIAL_OVERLAP,PARTIAL_CRITERIA_V1,False,False,G4_G3_SCIENTIFIC_POLICY_V1,PENDING_OWNER_REVIEW
NGIQ-BR-00000448,Area 6r1 (PreCG) left,left,JULICH_BRAIN_CYTOARCHITECTONIC_ATLAS_V3_1_AREA_6R1_PRECG,AREA_6R1_PRECG_LEFT.nii.gz,DIRECT_CANONICAL_SPATIAL_EVIDENCE,NGIQ-BR-00000079,PrG_L_6_6,0.30411039,368.32584872,NGIQ-BR-00000079,0.42784395,0.16837433,0.25946962,0.90838918,0.09161082,3.8814,TRUE,CONFLICT_REVIEW,HIGH_FRAGMENTATION,False,False,G4_G3_SCIENTIFIC_POLICY_V1,PENDING_OWNER_REVIEW
NGIQ-BR-00000449,Area 6v1 (PreCG) right,right,JULICH_BRAIN_CYTOARCHITECTONIC_ATLAS_V3_1_AREA_6V1_PRECG,AREA_6V1_PRECG_RIGHT.nii.gz,DIRECT_CANONICAL_SPATIAL_EVIDENCE,NGIQ-BR-00000044,MFG_R_7_6,0.37663396,1027.27247397,NGIQ-BR-00000072,0.36741086,0.36382204,0.00358882,0.89480519,0.10519481,3.5677,FALSE,CONFLICT_REVIEW,PROBABILITY_HARDLABEL_TOP1_DISAGREEMENT,False,False,G4_G3_SCIENTIFIC_POLICY_V1,PENDING_OWNER_REVIEW
NGIQ-BR-00000450,Area 6v1 (PreCG) left,left,JULICH_BRAIN_CYTOARCHITECTONIC_ATLAS_V3_1_AREA_6V1_PRECG,AREA_6V1_PRECG_LEFT.nii.gz,DIRECT_CANONICAL_SPATIAL_EVIDENCE,NGIQ-BR-00000043,MFG_L_7_6,0.38128372,984.15999815,NGIQ-BR-00000043,0.48963054,0.37949438,0.11013616,0.95085973,0.04914027,2.8321,TRUE,PARTIAL_OVERLAP,PARTIAL_CRITERIA_V1,False,False,G4_G3_SCIENTIFIC_POLICY_V1,PENDING_OWNER_REVIEW
NGIQ-BR-00000451,Area 6d2 (PreCG) right,right,JULICH_BRAIN_CYTOARCHITECTONIC_ATLAS_V3_1_AREA_6D2_PRECG,AREA_6D2_PRECG_RIGHT.nii.gz,DIRECT_CANONICAL_SPATIAL_EVIDENCE,NGIQ-BR-00000026,SFG_R_7_4,0.41150728,633.26270317,NGIQ-BR-00000026,0.59576613,0.1661941,0.42957203,0.85282366,0.14717634,2.2698,TRUE,APPROVE_DOMINANT_OVERLAP,DOMINANT_CRITERIA_V1,False,False,G4_G3_SCIENTIFIC_POLICY_V1,PENDING_OWNER_REVIEW
NGIQ-BR-00000452,Area 6d2 (PreCG) left,left,JULICH_BRAIN_CYTOARCHITECTONIC_ATLAS_V3_1_AREA_6D2_PRECG,AREA_6D2_PRECG_LEFT.nii.gz,DIRECT_CANONICAL_SPATIAL_EVIDENCE,NGIQ-BR-00000025,SFG_L_7_4,0.39816214,1278.20512455,NGIQ-BR-00000025,0.49190954,0.13448002,0.35742952,0.87016822,0.12983178,3.7629,TRUE,CONFLICT_REVIEW,HIGH_FRAGMENTATION,False,False,G4_G3_SCIENTIFIC_POLICY_V1,PENDING_OWNER_REVIEW
NGIQ-BR-00000453,Area 6d1 (PreCG) right,right,JULICH_BRAIN_CYTOARCHITECTONIC_ATLAS_V3_1_AREA_6D1_PRECG,AREA_6D1_PRECG_RIGHT.nii.gz,DIRECT_CANONICAL_SPATIAL_EVIDENCE,NGIQ-BR-00000072,PrG_R_6_2,0.23316158,853.47671829,NGIQ-BR-00000072,0.32640225,0.17867225,0.14773,0.81912089,0.18087911,4.5592,TRUE,CONFLICT_REVIEW,HIGH_FRAGMENTATION,False,False,G4_G3_SCIENTIFIC_POLICY_V1,PENDING_OWNER_REVIEW
NGIQ-BR-00000454,Area 6d1 (PreCG) left,left,JULICH_BRAIN_CYTOARCHITECTONIC_ATLAS_V3_1_AREA_6D1_PRECG,AREA_6D1_PRECG_LEFT.nii.gz,DIRECT_CANONICAL_SPATIAL_EVIDENCE,NGIQ-BR-00000071,PrG_L_6_2,0.26170626,1384.57474582,NGIQ-BR-00000071,0.30665537,0.23468517,0.0719702,0.84046723,0.15953277,5.1226,TRUE,CONFLICT_REVIEW,HIGH_FRAGMENTATION,False,False,G4_G3_SCIENTIFIC_POLICY_V1,PENDING_OWNER_REVIEW
NGIQ-BR-00000455,"Area 6ma (preSMA, mesial SFG) right",right,JULICH_BRAIN_CYTOARCHITECTONIC_ATLAS_V3_1_AREA_6MA_PRESMA_MESIAL_SFG,AREA_6MA_PRESMA_MESIAL_SFG_RIGHT.nii.gz,DIRECT_CANONICAL_SPATIAL_EVIDENCE,NGIQ-BR-00000002,SFG_R_7_1,0.46408302,724.92757703,NGIQ-BR-00000002,0.54256143,0.33350416,0.20905727,0.88807468,0.11192532,2.0796,TRUE,APPROVE_DOMINANT_OVERLAP,DOMINANT_CRITERIA_V1,False,False,G4_G3_SCIENTIFIC_POLICY_V1,PENDING_OWNER_REVIEW
NGIQ-BR-00000456,"Area 6ma (preSMA, mesial SFG) left",left,JULICH_BRAIN_CYTOARCHITECTONIC_ATLAS_V3_1_AREA_6MA_PRESMA_MESIAL_SFG,AREA_6MA_PRESMA_MESIAL_SFG_LEFT.nii.gz,DIRECT_CANONICAL_SPATIAL_EVIDENCE,NGIQ-BR-00000001,SFG_L_7_1,0.45909,769.0803252,NGIQ-BR-00000001,0.51923737,0.38845642,0.13078095,0.91032331,0.08967669,2.0172,TRUE,PARTIAL_OVERLAP,PARTIAL_CRITERIA_V1,False,False,G4_G3_SCIENTIFIC_POLICY_V1,PENDING_OWNER_REVIEW
NGIQ-BR-00000457,Area Fp1 (FPole) right,right,JULICH_BRAIN_CYTOARCHITECTONIC_ATLAS_V3_1_AREA_FP1_FPOLE,AREA_FP1_FPOLE_RIGHT.nii.gz,DIRECT_CANONICAL_SPATIAL_EVIDENCE,NGIQ-BR-00000046,MFG_R_7_7,0.44777521,2444.82299336,NGIQ-BR-00000046,0.49564025,0.23849538,0.25714487,0.96508543,0.03491457,3.5383,TRUE,PARTIAL_OVERLAP,PARTIAL_CRITERIA_V1,False,False,G4_G3_SCIENTIFIC_POLICY_V1,PENDING_OWNER_REVIEW
NGIQ-BR-00000458,Area Fp1 (FPole) left,left,JULICH_BRAIN_CYTOARCHITECTONIC_ATLAS_V3_1_AREA_FP1_FPOLE,AREA_FP1_FPOLE_LEFT.nii.gz,DIRECT_CANONICAL_SPATIAL_EVIDENCE,NGIQ-BR-00000045,MFG_L_7_7,0.40513104,1956.31389417,NGIQ-BR-00000045,0.45315321,0.17202184,0.28113137,0.95825744,0.04174256,4.21,TRUE,PARTIAL_OVERLAP,PARTIAL_CRITERIA_V1,False,False,G4_G3_SCIENTIFIC_POLICY_V1,PENDING_OWNER_REVIEW
NGIQ-BR-00000459,Area Fp2 (FPole) right,right,JULICH_BRAIN_CYTOARCHITECTONIC_ATLAS_V3_1_AREA_FP2_FPOLE,AREA_FP2_FPOLE_RIGHT.nii.gz,DIRECT_CANONICAL_SPATIAL_EVIDENCE,NGIQ-BR-00000032,SFG_R_7_7,0.38786618,689.47721477,NGIQ-BR-00000032,0.41712945,0.29957421,0.11755524,0.96116126,0.03883874,2.9314,TRUE,PARTIAL_OVERLAP,PARTIAL_CRITERIA_V1,False,False,G4_G3_SCIENTIFIC_POLICY_V1,PENDING_OWNER_REVIEW
NGIQ-BR-00000460,Area Fp2 (FPole) left,left,JULICH_BRAIN_CYTOARCHITECTONIC_ATLAS_V3_1_AREA_FP2_FPOLE,AREA_FP2_FPOLE_LEFT.nii.gz,DIRECT_CANONICAL_SPATIAL_EVIDENCE,NGIQ-BR-00000057,OrG_L_6_1,0.44972668,915.80957199,NGIQ-BR-00000057,0.52159234,0.28678186,0.23481048,0.95261903,0.04738097,2.7578,TRUE,APPROVE_DOMINANT_OVERLAP,DOMINANT_CRITERIA_V1,False,False,G4_G3_SCIENTIFIC_POLICY_V1,PENDING_OWNER_REVIEW
NGIQ-BR-00000461,"Area 6mp (SMA, mesial SFG) right",right,JULICH_BRAIN_CYTOARCHITECTONIC_ATLAS_V3_1_AREA_6MP_SMA_MESIAL_SFG,AREA_6MP_SMA_MESIAL_SFG_RIGHT.nii.gz,DIRECT_CANONICAL_SPATIAL_EVIDENCE,NGIQ-BR-00000028,SFG_R_7_5,0.53337979,656.69532594,NGIQ-BR-00000028,0.54395447,0.31295808,0.23099639,0.90164734,0.09835266,2.2997,TRUE,APPROVE_DOMINANT_OVERLAP,DOMINANT_CRITERIA_V1,False,False,G4_G3_SCIENTIFIC_POLICY_V1,PENDING_OWNER_REVIEW
NGIQ-BR-00000462,"Area 6mp (SMA, mesial SFG) left",left,JULICH_BRAIN_CYTOARCHITECTONIC_ATLAS_V3_1_AREA_6MP_SMA_MESIAL_SFG,AREA_6MP_SMA_MESIAL_SFG_LEFT.nii.gz,DIRECT_CANONICAL_SPATIAL_EVIDENCE,NGIQ-BR-00000027,SFG_L_7_5,0.74409859,731.50185748,NGIQ-BR-00000027,0.76339055,0.12016508,0.64322547,0.90779036,0.09220964,1.6895,TRUE,APPROVE_DOMINANT_OVERLAP,DOMINANT_CRITERIA_V1,False,False,G4_G3_SCIENTIFIC_POLICY_V1,PENDING_OWNER_REVIEW
NGIQ-BR-00000463,Area Fo1 (OFC) right,right,JULICH_BRAIN_CYTOARCHITECTONIC_ATLAS_V3_1_AREA_FO1_OFC,AREA_FO1_OFC_RIGHT.nii.gz,DIRECT_CANONICAL_SPATIAL_EVIDENCE,NGIQ-BR-00000066,OrG_R_6_5,0.34233693,659.05157311,NGIQ-BR-00000066,0.4145345,0.30086351,0.11367099,0.91192794,0.08807206,2.8866,TRUE,PARTIAL_OVERLAP,PARTIAL_CRITERIA_V1,False,False,G4_G3_SCIENTIFIC_POLICY_V1,PENDING_OWNER_REVIEW
NGIQ-BR-00000464,Area Fo1 (OFC) left,left,JULICH_BRAIN_CYTOARCHITECTONIC_ATLAS_V3_1_AREA_FO1_OFC,AREA_FO1_OFC_LEFT.nii.gz,DIRECT_CANONICAL_SPATIAL_EVIDENCE,NGIQ-BR-00000063,OrG_L_6_4,0.4671995,670.38273529,NGIQ-BR-00000063,0.69753683,0.161351,0.53618583,0.91928625,0.08071375,2.0477,TRUE,APPROVE_DOMINANT_OVERLAP,DOMINANT_CRITERIA_V1,False,False,G4_G3_SCIENTIFIC_POLICY_V1,PENDING_OWNER_REVIEW
NGIQ-BR-00000465,Area Fo3 (OFC) right,right,JULICH_BRAIN_CYTOARCHITECTONIC_ATLAS_V3_1_AREA_FO3_OFC,AREA_FO3_OFC_RIGHT.nii.gz,DIRECT_CANONICAL_SPATIAL_EVIDENCE,NGIQ-BR-00000062,OrG_R_6_3,0.69123894,3001.74990222,NGIQ-BR-00000062,0.85846788,0.05147768,0.8069902,0.93779435,0.06220565,1.4597,TRUE,APPROVE_CONTAINED_IN,CONTAINED_CRITERIA_V1,True,True,G4_G3_SCIENTIFIC_POLICY_V1,PENDING_OWNER_REVIEW
NGIQ-BR-00000466,Area Fo3 (OFC) left,left,JULICH_BRAIN_CYTOARCHITECTONIC_ATLAS_V3_1_AREA_FO3_OFC,AREA_FO3_OFC_LEFT.nii.gz,DIRECT_CANONICAL_SPATIAL_EVIDENCE,NGIQ-BR-00000061,OrG_L_6_3,0.59343932,2012.83833452,NGIQ-BR-00000061,0.78954554,0.07819724,0.7113483,0.92996467,0.07003533,1.8292,TRUE,APPROVE_DOMINANT_OVERLAP,DOMINANT_CRITERIA_V1,False,False,G4_G3_SCIENTIFIC_POLICY_V1,PENDING_OWNER_REVIEW
NGIQ-BR-00000467,Area Fo2 (OFC) right,right,JULICH_BRAIN_CYTOARCHITECTONIC_ATLAS_V3_1_AREA_FO2_OFC,AREA_FO2_OFC_RIGHT.nii.gz,DIRECT_CANONICAL_SPATIAL_EVIDENCE,NGIQ-BR-00000066,OrG_R_6_5,0.67015851,1054.3057528,NGIQ-BR-00000066,0.83293015,0.03915463,0.79377551,0.8833743,0.1166257,1.2971,TRUE,APPROVE_CONTAINED_IN,CONTAINED_CRITERIA_V1,True,True,G4_G3_SCIENTIFIC_POLICY_V1,PENDING_OWNER_REVIEW
NGIQ-BR-00000468,Area Fo2 (OFC) left,left,JULICH_BRAIN_CYTOARCHITECTONIC_ATLAS_V3_1_AREA_FO2_OFC,AREA_FO2_OFC_LEFT.nii.gz,DIRECT_CANONICAL_SPATIAL_EVIDENCE,NGIQ-BR-00000065,OrG_L_6_5,0.65844168,1052.55754871,NGIQ-BR-00000065,0.81905615,0.02777381,0.79128235,0.85439618,0.14560382,1.2228,TRUE,APPROVE_CONTAINED_IN,CONTAINED_CRITERIA_V1,True,True,G4_G3_SCIENTIFIC_POLICY_V1,PENDING_OWNER_REVIEW
NGIQ-BR-00000469,Area 4p (PreCG) right,right,JULICH_BRAIN_CYTOARCHITECTONIC_ATLAS_V3_1_AREA_4P_PRECG,AREA_4P_PRECG_RIGHT.nii.gz,DIRECT_CANONICAL_SPATIAL_EVIDENCE,NGIQ-BR-00000074,PrG_R_6_3,0.39593493,541.06799269,NGIQ-BR-00000074,0.42459644,0.2233097,0.20128673,0.82538008,0.17461992,2.867,TRUE,PARTIAL_OVERLAP,PARTIAL_CRITERIA_V1,False,False,G4_G3_SCIENTIFIC_POLICY_V1,PENDING_OWNER_REVIEW
NGIQ-BR-00000470,Area 4p (PreCG) left,left,JULICH_BRAIN_CYTOARCHITECTONIC_ATLAS_V3_1_AREA_4P_PRECG,AREA_4P_PRECG_LEFT.nii.gz,DIRECT_CANONICAL_SPATIAL_EVIDENCE,NGIQ-BR-00000069,PrG_L_6_1,0.35652833,588.68101657,NGIQ-BR-00000069,0.3665584,0.30014709,0.06641131,0.85173968,0.14826032,3.1909,TRUE,PARTIAL_OVERLAP,PARTIAL_CRITERIA_V1,False,False,G4_G3_SCIENTIFIC_POLICY_V1,PENDING_OWNER_REVIEW
NGIQ-BR-00000471,Area 4a (PreCG) right,right,JULICH_BRAIN_CYTOARCHITECTONIC_ATLAS_V3_1_AREA_4A_PRECG,AREA_4A_PRECG_RIGHT.nii.gz,DIRECT_CANONICAL_SPATIAL_EVIDENCE,NGIQ-BR-00000074,PrG_R_6_3,0.19683403,1502.09371807,NGIQ-BR-00000074,0.17430741,0.16911337,0.00519404,0.82908658,0.17091342,7.5134,TRUE,CONFLICT_REVIEW,HIGH_FRAGMENTATION,False,False,G4_G3_SCIENTIFIC_POLICY_V1,PENDING_OWNER_REVIEW
NGIQ-BR-00000472,Area 4a (PreCG) left,left,JULICH_BRAIN_CYTOARCHITECTONIC_ATLAS_V3_1_AREA_4A_PRECG,AREA_4A_PRECG_LEFT.nii.gz,DIRECT_CANONICAL_SPATIAL_EVIDENCE,NGIQ-BR-00000083,PCL_L_2_2,0.33212274,863.21361131,NGIQ-BR-00000083,0.36470955,0.18973732,0.17497223,0.80975973,0.19024027,4.302,TRUE,CONFLICT_REVIEW,HIGH_FRAGMENTATION,False,False,G4_G3_SCIENTIFIC_POLICY_V1,PENDING_OWNER_REVIEW
NGIQ-BR-00000473,Area Op10 (Frontal Operculum) right,right,JULICH_BRAIN_CYTOARCHITECTONIC_ATLAS_V3_1_AREA_OP10_FRONTAL_OPERCULUM,AREA_OP10_FRONTAL_OPERCULUM_RIGHT.nii.gz,DIRECT_CANONICAL_SPATIAL_EVIDENCE,NGIQ-BR-00000054,IFG_R_6_5,0.44397226,219.78082434,NGIQ-BR-00000054,0.47323097,0.00238115,0.47084983,0.47679337,0.52320663,1.0523,TRUE,CONFLICT_REVIEW,DIFFUSE_ASSOCIATION,False,False,G4_G3_SCIENTIFIC_POLICY_V1,PENDING_OWNER_REVIEW
NGIQ-BR-00000474,Area Op10 (Frontal Operculum) left,left,JULICH_BRAIN_CYTOARCHITECTONIC_ATLAS_V3_1_AREA_OP10_FRONTAL_OPERCULUM,AREA_OP10_FRONTAL_OPERCULUM_LEFT.nii.gz,DIRECT_CANONICAL_SPATIAL_EVIDENCE,NGIQ-BR-00000053,IFG_L_6_5,0.32658814,222.98809939,NGIQ-BR-00000053,0.38627059,0.01401996,0.37225063,0.41340429,0.58659571,1.3731,TRUE,CONFLICT_REVIEW,DIFFUSE_ASSOCIATION,False,False,G4_G3_SCIENTIFIC_POLICY_V1,PENDING_OWNER_REVIEW
NGIQ-BR-00000475,Area Op6 (Frontal Operculum) right,right,JULICH_BRAIN_CYTOARCHITECTONIC_ATLAS_V3_1_AREA_OP6_FRONTAL_OPERCULUM,AREA_OP6_FRONTAL_OPERCULUM_RIGHT.nii.gz,DIRECT_CANONICAL_SPATIAL_EVIDENCE,NGIQ-BR-00000078,PrG_R_6_5,0.55147837,405.50165765,NGIQ-BR-00000078,0.52866555,0.18530451,0.34336105,0.94954483,0.05045517,3.5036,TRUE,APPROVE_DOMINANT_OVERLAP,DOMINANT_CRITERIA_V1,False,False,G4_G3_SCIENTIFIC_POLICY_V1,PENDING_OWNER_REVIEW
NGIQ-BR-00000476,Area Op6 (Frontal Operculum) left,left,JULICH_BRAIN_CYTOARCHITECTONIC_ATLAS_V3_1_AREA_OP6_FRONTAL_OPERCULUM,AREA_OP6_FRONTAL_OPERCULUM_LEFT.nii.gz,DIRECT_CANONICAL_SPATIAL_EVIDENCE,NGIQ-BR-00000077,PrG_L_6_5,0.43523444,898.05676804,NGIQ-BR-00000077,0.42740526,0.18200639,0.24539887,0.88494274,0.11505726,4.516,TRUE,PARTIAL_OVERLAP,PARTIAL_CRITERIA_V1,False,False,G4_G3_SCIENTIFIC_POLICY_V1,PENDING_OWNER_REVIEW
NGIQ-BR-00000477,Area Op5 (Frontal Operculum) right,right,JULICH_BRAIN_CYTOARCHITECTONIC_ATLAS_V3_1_AREA_OP5_FRONTAL_OPERCULUM,AREA_OP5_FRONTAL_OPERCULUM_RIGHT.nii.gz,DIRECT_CANONICAL_SPATIAL_EVIDENCE,NGIQ-BR-00000078,PrG_R_6_5,0.55596755,815.71557296,NGIQ-BR-00000078,0.47882669,0.25423627,0.22459042,0.88254828,0.11745172,3.326,TRUE,PARTIAL_OVERLAP,PARTIAL_CRITERIA_V1,False,False,G4_G3_SCIENTIFIC_POLICY_V1,PENDING_OWNER_REVIEW
NGIQ-BR-00000478,Area Op5 (Frontal Operculum) left,left,JULICH_BRAIN_CYTOARCHITECTONIC_ATLAS_V3_1_AREA_OP5_FRONTAL_OPERCULUM,AREA_OP5_FRONTAL_OPERCULUM_LEFT.nii.gz,DIRECT_CANONICAL_SPATIAL_EVIDENCE,NGIQ-BR-00000077,PrG_L_6_5,0.54327216,491.08105529,NGIQ-BR-00000077,0.49357052,0.16371519,0.32985532,0.79624768,0.20375232,2.8336,TRUE,PARTIAL_OVERLAP,PARTIAL_CRITERIA_V1,False,False,G4_G3_SCIENTIFIC_POLICY_V1,PENDING_OWNER_REVIEW
NGIQ-BR-00000479,Area Op7 (Frontal Operculum) right,right,JULICH_BRAIN_CYTOARCHITECTONIC_ATLAS_V3_1_AREA_OP7_FRONTAL_OPERCULUM,AREA_OP7_FRONTAL_OPERCULUM_RIGHT.nii.gz,DIRECT_CANONICAL_SPATIAL_EVIDENCE,NGIQ-BR-00000054,IFG_R_6_5,0.64235579,316.48687167,NGIQ-BR-00000054,0.58458118,0.17088949,0.41369169,0.8719277,0.1280723,2.5524,TRUE,APPROVE_DOMINANT_OVERLAP,DOMINANT_CRITERIA_V1,False,False,G4_G3_SCIENTIFIC_POLICY_V1,PENDING_OWNER_REVIEW
NGIQ-BR-00000480,Area Op7 (Frontal Operculum) left,left,JULICH_BRAIN_CYTOARCHITECTONIC_ATLAS_V3_1_AREA_OP7_FRONTAL_OPERCULUM,AREA_OP7_FRONTAL_OPERCULUM_LEFT.nii.gz,DIRECT_CANONICAL_SPATIAL_EVIDENCE,NGIQ-BR-00000053,IFG_L_6_5,0.54309915,291.38350586,NGIQ-BR-00000179,0.51957615,0.27995504,0.23962112,0.86283741,0.13716259,2.5543,FALSE,CONFLICT_REVIEW,PROBABILITY_HARDLABEL_TOP1_DISAGREEMENT,False,False,G4_G3_SCIENTIFIC_POLICY_V1,PENDING_OWNER_REVIEW
NGIQ-BR-00000481,Area Op9 (Frontal Operculum) right,right,JULICH_BRAIN_CYTOARCHITECTONIC_ATLAS_V3_1_AREA_OP9_FRONTAL_OPERCULUM,AREA_OP9_FRONTAL_OPERCULUM_RIGHT.nii.gz,DIRECT_CANONICAL_SPATIAL_EVIDENCE,NGIQ-BR-00000054,IFG_R_6_5,0.50372459,941.22288762,NGIQ-BR-00000054,0.59067742,0.1328013,0.45787613,0.90169149,0.09830851,2.94,TRUE,APPROVE_DOMINANT_OVERLAP,DOMINANT_CRITERIA_V1,False,False,G4_G3_SCIENTIFIC_POLICY_V1,PENDING_OWNER_REVIEW
NGIQ-BR-00000482,Area Op9 (Frontal Operculum) left,left,JULICH_BRAIN_CYTOARCHITECTONIC_ATLAS_V3_1_AREA_OP9_FRONTAL_OPERCULUM,AREA_OP9_FRONTAL_OPERCULUM_LEFT.nii.gz,DIRECT_CANONICAL_SPATIAL_EVIDENCE,NGIQ-BR-00000053,IFG_L_6_5,0.32226007,404.54539412,NGIQ-BR-00000053,0.3953067,0.18630792,0.20899878,0.82217986,0.17782014,3.5903,TRUE,CONFLICT_REVIEW,HIGH_FRAGMENTATION,False,False,G4_G3_SCIENTIFIC_POLICY_V1,PENDING_OWNER_REVIEW
NGIQ-BR-00000483,Area Op8 (Frontal Operculum) right,right,JULICH_BRAIN_CYTOARCHITECTONIC_ATLAS_V3_1_AREA_OP8_FRONTAL_OPERCULUM,AREA_OP8_FRONTAL_OPERCULUM_RIGHT.nii.gz,DIRECT_CANONICAL_SPATIAL_EVIDENCE,NGIQ-BR-00000054,IFG_R_6_5,0.71187894,733.59872186,NGIQ-BR-00000054,0.7807942,0.04874729,0.7320469,0.93754144,0.06245856,2.0418,TRUE,APPROVE_DOMINANT_OVERLAP,DOMINANT_CRITERIA_V1,False,False,G4_G3_SCIENTIFIC_POLICY_V1,PENDING_OWNER_REVIEW
NGIQ-BR-00000484,Area Op8 (Frontal Operculum) left,left,JULICH_BRAIN_CYTOARCHITECTONIC_ATLAS_V3_1_AREA_OP8_FRONTAL_OPERCULUM,AREA_OP8_FRONTAL_OPERCULUM_LEFT.nii.gz,DIRECT_CANONICAL_SPATIAL_EVIDENCE,NGIQ-BR-00000053,IFG_L_6_5,0.60158398,546.7591971,NGIQ-BR-00000053,0.72731312,0.06224539,0.66506773,0.88569155,0.11430845,2.0305,TRUE,APPROVE_DOMINANT_OVERLAP,DOMINANT_CRITERIA_V1,False,False,G4_G3_SCIENTIFIC_POLICY_V1,PENDING_OWNER_REVIEW
NGIQ-BR-00000485,Area IFS4 (IFS) right,right,JULICH_BRAIN_CYTOARCHITECTONIC_ATLAS_V3_1_AREA_IFS4_IFS,AREA_IFS4_IFS_RIGHT.nii.gz,DIRECT_CANONICAL_SPATIAL_EVIDENCE,NGIQ-BR-00000036,MFG_R_7_2,0.30959626,249.64520083,NGIQ-BR-00000004,0.34043907,0.22992131,0.11051776,0.92755129,0.07244871,4.1856,FALSE,CONFLICT_REVIEW,PROBABILITY_HARDLABEL_TOP1_DISAGREEMENT,False,False,G4_G3_SCIENTIFIC_POLICY_V1,PENDING_OWNER_REVIEW
NGIQ-BR-00000486,Area IFS4 (IFS) left,left,JULICH_BRAIN_CYTOARCHITECTONIC_ATLAS_V3_1_AREA_IFS4_IFS,AREA_IFS4_IFS_LEFT.nii.gz,DIRECT_CANONICAL_SPATIAL_EVIDENCE,NGIQ-BR-00000003,IFG_L_6_1,0.30309131,179.45621805,NGIQ-BR-00000003,0.37468186,0.33555783,0.03912403,0.91847229,0.08152771,3.1442,TRUE,PARTIAL_OVERLAP,PARTIAL_CRITERIA_V1,False,False,G4_G3_SCIENTIFIC_POLICY_V1,PENDING_OWNER_REVIEW
NGIQ-BR-00000487,Area IFS2 (IFS) right,right,JULICH_BRAIN_CYTOARCHITECTONIC_ATLAS_V3_1_AREA_IFS2_IFS,AREA_IFS2_IFS_RIGHT.nii.gz,DIRECT_CANONICAL_SPATIAL_EVIDENCE,NGIQ-BR-00000040,MFG_R_7_4,0.22877773,131.94786725,NGIQ-BR-00000004,0.3325925,0.23682061,0.09577189,0.91598272,0.08401728,4.2799,FALSE,CONFLICT_REVIEW,PROBABILITY_HARDLABEL_TOP1_DISAGREEMENT,False,False,G4_G3_SCIENTIFIC_POLICY_V1,PENDING_OWNER_REVIEW
NGIQ-BR-00000488,Area IFS2 (IFS) left,left,JULICH_BRAIN_CYTOARCHITECTONIC_ATLAS_V3_1_AREA_IFS2_IFS,AREA_IFS2_IFS_LEFT.nii.gz,DIRECT_CANONICAL_SPATIAL_EVIDENCE,NGIQ-BR-00000047,IFG_L_6_2,0.3293182,129.22844951,NGIQ-BR-00000047,0.48725168,0.11788588,0.36936581,0.84375814,0.15624186,3.6252,TRUE,CONFLICT_REVIEW,HIGH_FRAGMENTATION,False,False,G4_G3_SCIENTIFIC_POLICY_V1,PENDING_OWNER_REVIEW
NGIQ-BR-00000489,Area IFS1 (IFS) right,right,JULICH_BRAIN_CYTOARCHITECTONIC_ATLAS_V3_1_AREA_IFS1_IFS,AREA_IFS1_IFS_RIGHT.nii.gz,DIRECT_CANONICAL_SPATIAL_EVIDENCE,NGIQ-BR-00000040,MFG_R_7_4,0.17954917,188.57816704,NGIQ-BR-00000040,0.19628592,0.15599975,0.04028618,0.62167507,0.37832493,4.9965,TRUE,CONFLICT_REVIEW,HIGH_FRAGMENTATION,False,False,G4_G3_SCIENTIFIC_POLICY_V1,PENDING_OWNER_REVIEW
NGIQ-BR-00000490,Area IFS1 (IFS) left,left,JULICH_BRAIN_CYTOARCHITECTONIC_ATLAS_V3_1_AREA_IFS1_IFS,AREA_IFS1_IFS_LEFT.nii.gz,DIRECT_CANONICAL_SPATIAL_EVIDENCE,NGIQ-BR-00000039,MFG_L_7_4,0.34717108,131.07307622,NGIQ-BR-00000039,0.41639574,0.30011051,0.11628523,0.92414187,0.07585813,2.9349,TRUE,PARTIAL_OVERLAP,PARTIAL_CRITERIA_V1,False,False,G4_G3_SCIENTIFIC_POLICY_V1,PENDING_OWNER_REVIEW
NGIQ-BR-00000491,"Area IFJ2 (IFS, PreCS) right",right,JULICH_BRAIN_CYTOARCHITECTONIC_ATLAS_V3_1_AREA_IFJ2_IFS_PRECS,AREA_IFJ2_IFS_PRECS_RIGHT.nii.gz,DIRECT_CANONICAL_SPATIAL_EVIDENCE,NGIQ-BR-00000004,IFG_R_6_1,0.69577176,277.61861023,NGIQ-BR-00000004,0.71730085,0.19783813,0.51946272,0.92803504,0.07196496,1.8161,TRUE,APPROVE_DOMINANT_OVERLAP,DOMINANT_CRITERIA_V1,False,False,G4_G3_SCIENTIFIC_POLICY_V1,PENDING_OWNER_REVIEW
NGIQ-BR-00000492,"Area IFJ2 (IFS, PreCS) left",left,JULICH_BRAIN_CYTOARCHITECTONIC_ATLAS_V3_1_AREA_IFJ2_IFS_PRECS,AREA_IFJ2_IFS_PRECS_LEFT.nii.gz,DIRECT_CANONICAL_SPATIAL_EVIDENCE,NGIQ-BR-00000035,MFG_L_7_2,0.37821976,452.39248255,NGIQ-BR-00000035,0.36921284,0.3121113,0.05710154,0.92722332,0.07277668,2.9643,TRUE,PARTIAL_OVERLAP,PARTIAL_CRITERIA_V1,False,False,G4_G3_SCIENTIFIC_POLICY_V1,PENDING_OWNER_REVIEW
NGIQ-BR-00000493,Area IFS3 (IFS) right,right,JULICH_BRAIN_CYTOARCHITECTONIC_ATLAS_V3_1_AREA_IFS3_IFS,AREA_IFS3_IFS_RIGHT.nii.gz,DIRECT_CANONICAL_SPATIAL_EVIDENCE,NGIQ-BR-00000042,MFG_R_7_5,0.28766515,384.58290536,NGIQ-BR-00000042,0.43314293,0.15950167,0.27364127,0.71493453,0.28506547,2.9931,TRUE,CONFLICT_REVIEW,LOW_DOMINANCE,False,False,G4_G3_SCIENTIFIC_POLICY_V1,PENDING_OWNER_REVIEW
NGIQ-BR-00000494,Area IFS3 (IFS) left,left,JULICH_BRAIN_CYTOARCHITECTONIC_ATLAS_V3_1_AREA_IFS3_IFS,AREA_IFS3_IFS_LEFT.nii.gz,DIRECT_CANONICAL_SPATIAL_EVIDENCE,NGIQ-BR-00000035,MFG_L_7_2,0.54207351,244.32225703,NGIQ-BR-00000035,0.90096288,0.04913731,0.85182557,0.96205714,0.03794286,1.3159,TRUE,APPROVE_CONTAINED_IN,CONTAINED_CRITERIA_V1,True,True,G4_G3_SCIENTIFIC_POLICY_V1,PENDING_OWNER_REVIEW
NGIQ-BR-00000495,"Area IFJ1 (IFS, PreCS) right",right,JULICH_BRAIN_CYTOARCHITECTONIC_ATLAS_V3_1_AREA_IFJ1_IFS_PRECS,AREA_IFJ1_IFS_PRECS_RIGHT.nii.gz,DIRECT_CANONICAL_SPATIAL_EVIDENCE,NGIQ-BR-00000004,IFG_R_6_1,0.34757792,296.10591666,NGIQ-BR-00000004,0.48287397,0.29175303,0.19112095,0.89089205,0.10910795,3.1043,TRUE,PARTIAL_OVERLAP,PARTIAL_CRITERIA_V1,False,False,G4_G3_SCIENTIFIC_POLICY_V1,PENDING_OWNER_REVIEW
NGIQ-BR-00000496,"Area IFJ1 (IFS, PreCS) left",left,JULICH_BRAIN_CYTOARCHITECTONIC_ATLAS_V3_1_AREA_IFJ1_IFS_PRECS,AREA_IFJ1_IFS_PRECS_LEFT.nii.gz,DIRECT_CANONICAL_SPATIAL_EVIDENCE,NGIQ-BR-00000035,MFG_L_7_2,0.38953949,440.23668114,NGIQ-BR-00000035,0.4881682,0.29816646,0.19000174,0.81624959,0.18375041,2.274,TRUE,PARTIAL_OVERLAP,PARTIAL_CRITERIA_V1,False,False,G4_G3_SCIENTIFIC_POLICY_V1,PENDING_OWNER_REVIEW
NGIQ-BR-00000497,Area MFG2 (MFG) right,right,JULICH_BRAIN_CYTOARCHITECTONIC_ATLAS_V3_1_AREA_MFG2_MFG,AREA_MFG2_MFG_RIGHT.nii.gz,DIRECT_CANONICAL_SPATIAL_EVIDENCE,NGIQ-BR-00000038,MFG_R_7_3,0.5988839,762.03726286,NGIQ-BR-00000038,0.71051626,0.21649686,0.4940194,0.9596442,0.0403558,1.9674,TRUE,APPROVE_DOMINANT_OVERLAP,DOMINANT_CRITERIA_V1,False,False,G4_G3_SCIENTIFIC_POLICY_V1,PENDING_OWNER_REVIEW
NGIQ-BR-00000498,Area MFG2 (MFG) left,left,JULICH_BRAIN_CYTOARCHITECTONIC_ATLAS_V3_1_AREA_MFG2_MFG,AREA_MFG2_MFG_LEFT.nii.gz,DIRECT_CANONICAL_SPATIAL_EVIDENCE,NGIQ-BR-00000037,MFG_L_7_3,0.47703977,475.25485953,NGIQ-BR-00000037,0.78125116,0.12972639,0.65152478,0.9391738,0.0608262,1.7352,TRUE,APPROVE_DOMINANT_OVERLAP,DOMINANT_CRITERIA_V1,False,False,G4_G3_SCIENTIFIC_POLICY_V1,PENDING_OWNER_REVIEW
NGIQ-BR-00000499,Area 44 (IFG) right,right,JULICH_BRAIN_CYTOARCHITECTONIC_ATLAS_V3_1_AREA_44_IFG,AREA_44_IFG_RIGHT.nii.gz,DIRECT_CANONICAL_SPATIAL_EVIDENCE,NGIQ-BR-00000056,IFG_R_6_6,0.34995155,709.68299493,NGIQ-BR-00000056,0.4374228,0.32397318,0.11344962,0.94178496,0.05821504,3.6236,TRUE,PARTIAL_OVERLAP,PARTIAL_CRITERIA_V1,False,False,G4_G3_SCIENTIFIC_POLICY_V1,PENDING_OWNER_REVIEW
NGIQ-BR-00000500,Area 44 (IFG) left,left,JULICH_BRAIN_CYTOARCHITECTONIC_ATLAS_V3_1_AREA_44_IFG,AREA_44_IFG_LEFT.nii.gz,DIRECT_CANONICAL_SPATIAL_EVIDENCE,NGIQ-BR-00000049,IFG_L_6_3,0.17434541,892.2979442,NGIQ-BR-00000049,0.19384061,0.16823553,0.02560507,0.89579359,0.10420641,7.7164,TRUE,CONFLICT_REVIEW,HIGH_FRAGMENTATION,False,False,G4_G3_SCIENTIFIC_POLICY_V1,PENDING_OWNER_REVIEW
NGIQ-BR-00000501,Area 45 (IFG) right,right,JULICH_BRAIN_CYTOARCHITECTONIC_ATLAS_V3_1_AREA_45_IFG,AREA_45_IFG_RIGHT.nii.gz,DIRECT_CANONICAL_SPATIAL_EVIDENCE,NGIQ-BR-00000048,IFG_R_6_2,0.22831681,1079.20726989,NGIQ-BR-00000048,0.23849956,0.22808807,0.01041149,0.95864757,0.04135243,7.0019,TRUE,CONFLICT_REVIEW,HIGH_FRAGMENTATION,False,False,G4_G3_SCIENTIFIC_POLICY_V1,PENDING_OWNER_REVIEW
NGIQ-BR-00000502,Area 45 (IFG) left,left,JULICH_BRAIN_CYTOARCHITECTONIC_ATLAS_V3_1_AREA_45_IFG,AREA_45_IFG_LEFT.nii.gz,DIRECT_CANONICAL_SPATIAL_EVIDENCE,NGIQ-BR-00000047,IFG_L_6_2,0.29039333,962.18968131,NGIQ-BR-00000047,0.34086402,0.20620353,0.1346605,0.94387945,0.05612055,5.7776,TRUE,CONFLICT_REVIEW,HIGH_FRAGMENTATION,False,False,G4_G3_SCIENTIFIC_POLICY_V1,PENDING_OWNER_REVIEW
NGIQ-BR-00000503,Area 8v2 (MFG) right,right,JULICH_BRAIN_CYTOARCHITECTONIC_ATLAS_V3_1_AREA_8V2_MFG,AREA_8V2_MFG_RIGHT.nii.gz,DIRECT_CANONICAL_SPATIAL_EVIDENCE,NGIQ-BR-00000034,MFG_R_7_1,0.38350755,366.87544342,NGIQ-BR-00000042,0.49959558,0.38816034,0.11143524,0.89456441,0.10543559,2.0722,FALSE,CONFLICT_REVIEW,PROBABILITY_HARDLABEL_TOP1_DISAGREEMENT,False,False,G4_G3_SCIENTIFIC_POLICY_V1,PENDING_OWNER_REVIEW
NGIQ-BR-00000504,Area 8v2 (MFG) left,left,JULICH_BRAIN_CYTOARCHITECTONIC_ATLAS_V3_1_AREA_8V2_MFG,AREA_8V2_MFG_LEFT.nii.gz,DIRECT_CANONICAL_SPATIAL_EVIDENCE,NGIQ-BR-00000041,MFG_L_7_5,0.37518265,630.17381159,NGIQ-BR-00000041,0.58679276,0.30545561,0.28133715,0.92567043,0.07432957,2.2071,TRUE,APPROVE_DOMINANT_OVERLAP,DOMINANT_CRITERIA_V1,False,False,G4_G3_SCIENTIFIC_POLICY_V1,PENDING_OWNER_REVIEW
NGIQ-BR-00000505,Area 8v1 (MFG) right,right,JULICH_BRAIN_CYTOARCHITECTONIC_ATLAS_V3_1_AREA_8V1_MFG,AREA_8V1_MFG_RIGHT.nii.gz,DIRECT_CANONICAL_SPATIAL_EVIDENCE,NGIQ-BR-00000042,MFG_R_7_5,0.26057274,597.66392842,NGIQ-BR-00000042,0.30230103,0.26601713,0.0362839,0.97216556,0.02783444,4.4674,TRUE,CONFLICT_REVIEW,HIGH_FRAGMENTATION,False,False,G4_G3_SCIENTIFIC_POLICY_V1,PENDING_OWNER_REVIEW
NGIQ-BR-00000506,Area 8v1 (MFG) left,left,JULICH_BRAIN_CYTOARCHITECTONIC_ATLAS_V3_1_AREA_8V1_MFG,AREA_8V1_MFG_LEFT.nii.gz,DIRECT_CANONICAL_SPATIAL_EVIDENCE,NGIQ-BR-00000041,MFG_L_7_5,0.43363409,1165.05910358,NGIQ-BR-00000041,0.64313614,0.08400844,0.5591277,0.95451121,0.04548879,2.965,TRUE,APPROVE_DOMINANT_OVERLAP,DOMINANT_CRITERIA_V1,False,False,G4_G3_SCIENTIFIC_POLICY_V1,PENDING_OWNER_REVIEW
NGIQ-BR-00000507,Area MFG4 (MFG) right,right,JULICH_BRAIN_CYTOARCHITECTONIC_ATLAS_V3_1_AREA_MFG4_MFG,AREA_MFG4_MFG_RIGHT.nii.gz,DIRECT_CANONICAL_SPATIAL_EVIDENCE,NGIQ-BR-00000034,MFG_R_7_1,0.43615427,1532.15605335,NGIQ-BR-00000034,0.55964318,0.18560164,0.37404154,0.94320992,0.05679008,3.0834,TRUE,APPROVE_DOMINANT_OVERLAP,DOMINANT_CRITERIA_V1,False,False,G4_G3_SCIENTIFIC_POLICY_V1,PENDING_OWNER_REVIEW
NGIQ-BR-00000508,Area MFG4 (MFG) left,left,JULICH_BRAIN_CYTOARCHITECTONIC_ATLAS_V3_1_AREA_MFG4_MFG,AREA_MFG4_MFG_LEFT.nii.gz,DIRECT_CANONICAL_SPATIAL_EVIDENCE,NGIQ-BR-00000033,MFG_L_7_1,0.36778929,1334.4059444,NGIQ-BR-00000033,0.45078744,0.36733841,0.08344903,0.93801036,0.06198964,2.9163,TRUE,PARTIAL_OVERLAP,PARTIAL_CRITERIA_V1,False,False,G4_G3_SCIENTIFIC_POLICY_V1,PENDING_OWNER_REVIEW
NGIQ-BR-00000509,Area MFG1 (MFG) right,right,JULICH_BRAIN_CYTOARCHITECTONIC_ATLAS_V3_1_AREA_MFG1_MFG,AREA_MFG1_MFG_RIGHT.nii.gz,DIRECT_CANONICAL_SPATIAL_EVIDENCE,NGIQ-BR-00000038,MFG_R_7_3,0.38623266,430.26541378,NGIQ-BR-00000040,0.45521414,0.35476732,0.10044683,0.9779447,0.0220553,2.8732,FALSE,CONFLICT_REVIEW,PROBABILITY_HARDLABEL_TOP1_DISAGREEMENT,False,False,G4_G3_SCIENTIFIC_POLICY_V1,PENDING_OWNER_REVIEW
NGIQ-BR-00000510,Area MFG1 (MFG) left,left,JULICH_BRAIN_CYTOARCHITECTONIC_ATLAS_V3_1_AREA_MFG1_MFG,AREA_MFG1_MFG_LEFT.nii.gz,DIRECT_CANONICAL_SPATIAL_EVIDENCE,NGIQ-BR-00000037,MFG_L_7_3,0.33281448,294.31420766,NGIQ-BR-00000037,0.33956024,0.32411708,0.01544316,0.9741021,0.0258979,2.9989,TRUE,PARTIAL_OVERLAP,PARTIAL_CRITERIA_V1,False,False,G4_G3_SCIENTIFIC_POLICY_V1,PENDING_OWNER_REVIEW
NGIQ-BR-00000511,Area SFS2 (SFS) right,right,JULICH_BRAIN_CYTOARCHITECTONIC_ATLAS_V3_1_AREA_SFS2_SFS,AREA_SFS2_SFS_RIGHT.nii.gz,DIRECT_CANONICAL_SPATIAL_EVIDENCE,NGIQ-BR-00000038,MFG_R_7_3,0.54498015,620.43908023,NGIQ-BR-00000038,0.79698574,0.1595687,0.63741703,0.9667993,0.0332007,1.6566,TRUE,APPROVE_DOMINANT_OVERLAP,DOMINANT_CRITERIA_V1,False,False,G4_G3_SCIENTIFIC_POLICY_V1,PENDING_OWNER_REVIEW
NGIQ-BR-00000512,Area SFS2 (SFS) left,left,JULICH_BRAIN_CYTOARCHITECTONIC_ATLAS_V3_1_AREA_SFS2_SFS,AREA_SFS2_SFS_LEFT.nii.gz,DIRECT_CANONICAL_SPATIAL_EVIDENCE,NGIQ-BR-00000033,MFG_L_7_1,0.61372461,339.36623495,NGIQ-BR-00000033,0.90920531,0.0745815,0.83462381,0.98547208,0.01452792,1.3239,TRUE,APPROVE_CONTAINED_IN,CONTAINED_CRITERIA_V1,True,True,G4_G3_SCIENTIFIC_POLICY_V1,PENDING_OWNER_REVIEW
NGIQ-BR-00000513,Area 6d3 (SFS) right,right,JULICH_BRAIN_CYTOARCHITECTONIC_ATLAS_V3_1_AREA_6D3_SFS,AREA_6D3_SFS_RIGHT.nii.gz,DIRECT_CANONICAL_SPATIAL_EVIDENCE,NGIQ-BR-00000026,SFG_R_7_4,0.30053373,654.24389682,NGIQ-BR-00000044,0.34540716,0.28178682,0.06362034,0.87413209,0.12586791,3.5162,FALSE,CONFLICT_REVIEW,PROBABILITY_HARDLABEL_TOP1_DISAGREEMENT,False,False,G4_G3_SCIENTIFIC_POLICY_V1,PENDING_OWNER_REVIEW
NGIQ-BR-00000514,Area 6d3 (SFS) left,left,JULICH_BRAIN_CYTOARCHITECTONIC_ATLAS_V3_1_AREA_6D3_SFS,AREA_6D3_SFS_LEFT.nii.gz,DIRECT_CANONICAL_SPATIAL_EVIDENCE,NGIQ-BR-00000043,MFG_L_7_6,0.19297978,656.11375167,NGIQ-BR-00000043,0.2344765,0.17623205,0.05824445,0.66731193,0.33268807,4.5393,TRUE,CONFLICT_REVIEW,HIGH_FRAGMENTATION,False,False,G4_G3_SCIENTIFIC_POLICY_V1,PENDING_OWNER_REVIEW
NGIQ-BR-00000515,Area SFS1 (SFS) right,right,JULICH_BRAIN_CYTOARCHITECTONIC_ATLAS_V3_1_AREA_SFS1_SFS,AREA_SFS1_SFS_RIGHT.nii.gz,DIRECT_CANONICAL_SPATIAL_EVIDENCE,NGIQ-BR-00000038,MFG_R_7_3,0.57165917,668.27974086,NGIQ-BR-00000038,0.82218357,0.04038966,0.78179391,0.8783776,0.1216224,1.3314,TRUE,APPROVE_CONTAINED_IN,CONTAINED_CRITERIA_V1,True,True,G4_G3_SCIENTIFIC_POLICY_V1,PENDING_OWNER_REVIEW
NGIQ-BR-00000516,Area SFS1 (SFS) left,left,JULICH_BRAIN_CYTOARCHITECTONIC_ATLAS_V3_1_AREA_SFS1_SFS,AREA_SFS1_SFS_LEFT.nii.gz,DIRECT_CANONICAL_SPATIAL_EVIDENCE,NGIQ-BR-00000033,MFG_L_7_1,0.46444792,298.50850752,NGIQ-BR-00000033,0.6390579,0.3228422,0.3162157,0.96290977,0.03709023,1.9075,TRUE,PARTIAL_OVERLAP,PARTIAL_CRITERIA_V1,False,False,G4_G3_SCIENTIFIC_POLICY_V1,PENDING_OWNER_REVIEW
NGIQ-BR-00000517,Area SFG3 (SFG) right,right,JULICH_BRAIN_CYTOARCHITECTONIC_ATLAS_V3_1_AREA_SFG3_SFG,AREA_SFG3_SFG_RIGHT.nii.gz,DIRECT_CANONICAL_SPATIAL_EVIDENCE,NGIQ-BR-00000038,MFG_R_7_3,0.35519896,687.87421007,NGIQ-BR-00000038,0.49688401,0.24976313,0.24712088,0.87938195,0.12061805,2.8797,TRUE,PARTIAL_OVERLAP,PARTIAL_CRITERIA_V1,False,False,G4_G3_SCIENTIFIC_POLICY_V1,PENDING_OWNER_REVIEW
NGIQ-BR-00000518,Area SFG3 (SFG) left,left,JULICH_BRAIN_CYTOARCHITECTONIC_ATLAS_V3_1_AREA_SFG3_SFG,AREA_SFG3_SFG_LEFT.nii.gz,DIRECT_CANONICAL_SPATIAL_EVIDENCE,NGIQ-BR-00000037,MFG_L_7_3,0.23705516,694.39963333,NGIQ-BR-00000033,0.27755561,0.27447656,0.00307905,0.81791972,0.18208028,3.5218,FALSE,CONFLICT_REVIEW,PROBABILITY_HARDLABEL_TOP1_DISAGREEMENT,False,False,G4_G3_SCIENTIFIC_POLICY_V1,PENDING_OWNER_REVIEW
NGIQ-BR-00000519,"Area MFG5 (MFG, IFG) right",right,JULICH_BRAIN_CYTOARCHITECTONIC_ATLAS_V3_1_AREA_MFG5_MFG_IFG,AREA_MFG5_MFG_IFG_RIGHT.nii.gz,DIRECT_CANONICAL_SPATIAL_EVIDENCE,NGIQ-BR-00000040,MFG_R_7_4,0.40059565,810.00926116,NGIQ-BR-00000040,0.45687914,0.3321672,0.12471194,0.96211253,0.03788747,2.9464,TRUE,CONFLICT_REVIEW,PARTIAL_TARGET_EVIDENCE_INCONSISTENT,False,False,G4_G3_SCIENTIFIC_POLICY_V1,PENDING_OWNER_REVIEW
NGIQ-BR-00000520,"Area MFG5 (MFG, IFG) left",left,JULICH_BRAIN_CYTOARCHITECTONIC_ATLAS_V3_1_AREA_MFG5_MFG_IFG,AREA_MFG5_MFG_IFG_LEFT.nii.gz,DIRECT_CANONICAL_SPATIAL_EVIDENCE,NGIQ-BR-00000039,MFG_L_7_4,0.68579409,1004.23913773,NGIQ-BR-00000039,0.90547996,0.06598195,0.83949801,0.97474126,0.02525874,1.3157,TRUE,APPROVE_CONTAINED_IN,CONTAINED_CRITERIA_V1,True,True,G4_G3_SCIENTIFIC_POLICY_V1,PENDING_OWNER_REVIEW
NGIQ-BR-00000521,Area SFG2 (SFG) right,right,JULICH_BRAIN_CYTOARCHITECTONIC_ATLAS_V3_1_AREA_SFG2_SFG,AREA_SFG2_SFG_RIGHT.nii.gz,DIRECT_CANONICAL_SPATIAL_EVIDENCE,NGIQ-BR-00000024,SFG_R_7_3,0.65890706,1415.77237386,NGIQ-BR-00000024,0.8726048,0.02835174,0.84425306,0.97189367,0.02810633,1.622,TRUE,APPROVE_CONTAINED_IN,CONTAINED_CRITERIA_V1,True,True,G4_G3_SCIENTIFIC_POLICY_V1,PENDING_OWNER_REVIEW
NGIQ-BR-00000522,Area SFG2 (SFG) left,left,JULICH_BRAIN_CYTOARCHITECTONIC_ATLAS_V3_1_AREA_SFG2_SFG,AREA_SFG2_SFG_LEFT.nii.gz,DIRECT_CANONICAL_SPATIAL_EVIDENCE,NGIQ-BR-00000023,SFG_L_7_3,0.63533025,931.48942109,NGIQ-BR-00000023,0.88076116,0.03022185,0.8505393,0.96315452,0.03684548,1.5102,TRUE,APPROVE_CONTAINED_IN,CONTAINED_CRITERIA_V1,True,True,G4_G3_SCIENTIFIC_POLICY_V1,PENDING_OWNER_REVIEW
NGIQ-BR-00000523,Area 8d2 (SFG) right,right,JULICH_BRAIN_CYTOARCHITECTONIC_ATLAS_V3_1_AREA_8D2_SFG,AREA_8D2_SFG_RIGHT.nii.gz,DIRECT_CANONICAL_SPATIAL_EVIDENCE,NGIQ-BR-00000022,SFG_R_7_2,0.54562311,660.50114593,NGIQ-BR-00000022,0.63090975,0.18603654,0.4448732,0.84632045,0.15367955,1.9552,TRUE,APPROVE_DOMINANT_OVERLAP,DOMINANT_CRITERIA_V1,False,False,G4_G3_SCIENTIFIC_POLICY_V1,PENDING_OWNER_REVIEW
NGIQ-BR-00000524,Area 8d2 (SFG) left,left,JULICH_BRAIN_CYTOARCHITECTONIC_ATLAS_V3_1_AREA_8D2_SFG,AREA_8D2_SFG_LEFT.nii.gz,DIRECT_CANONICAL_SPATIAL_EVIDENCE,NGIQ-BR-00000021,SFG_L_7_2,0.48361674,854.04944444,NGIQ-BR-00000021,0.60810518,0.28972519,0.31837999,0.91984566,0.08015434,2.1031,TRUE,APPROVE_DOMINANT_OVERLAP,DOMINANT_CRITERIA_V1,False,False,G4_G3_SCIENTIFIC_POLICY_V1,PENDING_OWNER_REVIEW
NGIQ-BR-00000525,Area 8d1 (SFG) right,right,JULICH_BRAIN_CYTOARCHITECTONIC_ATLAS_V3_1_AREA_8D1_SFG,AREA_8D1_SFG_RIGHT.nii.gz,DIRECT_CANONICAL_SPATIAL_EVIDENCE,NGIQ-BR-00000022,SFG_R_7_2,0.34634593,496.09558132,NGIQ-BR-00000022,0.45698876,0.24420061,0.21278816,0.97583301,0.02416699,3.3216,TRUE,PARTIAL_OVERLAP,PARTIAL_CRITERIA_V1,False,False,G4_G3_SCIENTIFIC_POLICY_V1,PENDING_OWNER_REVIEW
NGIQ-BR-00000526,Area 8d1 (SFG) left,left,JULICH_BRAIN_CYTOARCHITECTONIC_ATLAS_V3_1_AREA_8D1_SFG,AREA_8D1_SFG_LEFT.nii.gz,DIRECT_CANONICAL_SPATIAL_EVIDENCE,NGIQ-BR-00000021,SFG_L_7_2,0.47311355,634.73354049,NGIQ-BR-00000021,0.66113911,0.27183469,0.38930442,0.97639328,0.02360672,2.1667,TRUE,APPROVE_DOMINANT_OVERLAP,DOMINANT_CRITERIA_V1,False,False,G4_G3_SCIENTIFIC_POLICY_V1,PENDING_OWNER_REVIEW
NGIQ-BR-00000527,Area SFG4 (SFG) right,right,JULICH_BRAIN_CYTOARCHITECTONIC_ATLAS_V3_1_AREA_SFG4_SFG,AREA_SFG4_SFG_RIGHT.nii.gz,DIRECT_CANONICAL_SPATIAL_EVIDENCE,NGIQ-BR-00000034,MFG_R_7_1,0.52676343,879.22158315,NGIQ-BR-00000034,0.76752589,0.0863791,0.68114679,0.96255577,0.03744423,2.0456,TRUE,APPROVE_DOMINANT_OVERLAP,DOMINANT_CRITERIA_V1,False,False,G4_G3_SCIENTIFIC_POLICY_V1,PENDING_OWNER_REVIEW
NGIQ-BR-00000528,Area SFG4 (SFG) left,left,JULICH_BRAIN_CYTOARCHITECTONIC_ATLAS_V3_1_AREA_SFG4_SFG,AREA_SFG4_SFG_LEFT.nii.gz,DIRECT_CANONICAL_SPATIAL_EVIDENCE,NGIQ-BR-00000033,MFG_L_7_1,0.40054323,1438.36048617,NGIQ-BR-00000033,0.61946791,0.13140987,0.48805804,0.90698713,0.09301287,2.7554,TRUE,APPROVE_DOMINANT_OVERLAP,DOMINANT_CRITERIA_V1,False,False,G4_G3_SCIENTIFIC_POLICY_V1,PENDING_OWNER_REVIEW
NGIQ-BR-00000529,Area Fo6 (OFC) right,right,JULICH_BRAIN_CYTOARCHITECTONIC_ATLAS_V3_1_AREA_FO6_OFC,AREA_FO6_OFC_RIGHT.nii.gz,DIRECT_CANONICAL_SPATIAL_EVIDENCE,NGIQ-BR-00000060,OrG_R_6_2,0.40153353,623.60647268,NGIQ-BR-00000060,0.45443583,0.36829911,0.08613672,0.97242631,0.02757369,3.0799,TRUE,PARTIAL_OVERLAP,PARTIAL_CRITERIA_V1,False,False,G4_G3_SCIENTIFIC_POLICY_V1,PENDING_OWNER_REVIEW
NGIQ-BR-00000530,Area Fo6 (OFC) left,left,JULICH_BRAIN_CYTOARCHITECTONIC_ATLAS_V3_1_AREA_FO6_OFC,AREA_FO6_OFC_LEFT.nii.gz,DIRECT_CANONICAL_SPATIAL_EVIDENCE,NGIQ-BR-00000067,OrG_L_6_6,0.36839011,480.08494624,NGIQ-BR-00000067,0.44947099,0.3767327,0.0727383,0.97851663,0.02148337,3.3049,TRUE,PARTIAL_OVERLAP,PARTIAL_CRITERIA_V1,False,False,G4_G3_SCIENTIFIC_POLICY_V1,PENDING_OWNER_REVIEW
NGIQ-BR-00000531,Area Fo5 (OFC) right,right,JULICH_BRAIN_CYTOARCHITECTONIC_ATLAS_V3_1_AREA_FO5_OFC,AREA_FO5_OFC_RIGHT.nii.gz,DIRECT_CANONICAL_SPATIAL_EVIDENCE,NGIQ-BR-00000046,MFG_R_7_7,0.38121001,374.54908051,NGIQ-BR-00000046,0.42509616,0.19364175,0.23145441,0.98075841,0.01924159,4.5341,TRUE,PARTIAL_OVERLAP,PARTIAL_CRITERIA_V1,False,False,G4_G3_SCIENTIFIC_POLICY_V1,PENDING_OWNER_REVIEW
NGIQ-BR-00000532,Area Fo5 (OFC) left,left,JULICH_BRAIN_CYTOARCHITECTONIC_ATLAS_V3_1_AREA_FO5_OFC,AREA_FO5_OFC_LEFT.nii.gz,DIRECT_CANONICAL_SPATIAL_EVIDENCE,NGIQ-BR-00000045,MFG_L_7_7,0.47353033,298.50309942,NGIQ-BR-00000045,0.57650447,0.1977801,0.37872437,0.98427538,0.01572462,3.493,TRUE,APPROVE_DOMINANT_OVERLAP,DOMINANT_CRITERIA_V1,False,False,G4_G3_SCIENTIFIC_POLICY_V1,PENDING_OWNER_REVIEW
NGIQ-BR-00000533,Area Fo7 (OFC) right,right,JULICH_BRAIN_CYTOARCHITECTONIC_ATLAS_V3_1_AREA_FO7_OFC,AREA_FO7_OFC_RIGHT.nii.gz,DIRECT_CANONICAL_SPATIAL_EVIDENCE,NGIQ-BR-00000060,OrG_R_6_2,0.40570532,450.22779927,NGIQ-BR-00000060,0.48419655,0.35539959,0.12879696,0.86434004,0.13565996,2.2453,TRUE,PARTIAL_OVERLAP,PARTIAL_CRITERIA_V1,False,False,G4_G3_SCIENTIFIC_POLICY_V1,PENDING_OWNER_REVIEW
NGIQ-BR-00000534,Area Fo7 (OFC) left,left,JULICH_BRAIN_CYTOARCHITECTONIC_ATLAS_V3_1_AREA_FO7_OFC,AREA_FO7_OFC_LEFT.nii.gz,DIRECT_CANONICAL_SPATIAL_EVIDENCE,NGIQ-BR-00000059,OrG_L_6_2,0.44321586,493.27564247,NGIQ-BR-00000059,0.54942072,0.2112747,0.33814603,0.85630301,0.14369699,2.4758,TRUE,APPROVE_DOMINANT_OVERLAP,DOMINANT_CRITERIA_V1,False,False,G4_G3_SCIENTIFIC_POLICY_V1,PENDING_OWNER_REVIEW
NGIQ-BR-00000535,Area Fo4 (OFC) right,right,JULICH_BRAIN_CYTOARCHITECTONIC_ATLAS_V3_1_AREA_FO4_OFC,AREA_FO4_OFC_RIGHT.nii.gz,DIRECT_CANONICAL_SPATIAL_EVIDENCE,NGIQ-BR-00000046,MFG_R_7_7,0.36849425,402.73495632,NGIQ-BR-00000046,0.39585876,0.30695704,0.08890172,0.92819137,0.07180863,2.9405,TRUE,PARTIAL_OVERLAP,PARTIAL_CRITERIA_V1,False,False,G4_G3_SCIENTIFIC_POLICY_V1,PENDING_OWNER_REVIEW
NGIQ-BR-00000536,Area Fo4 (OFC) left,left,JULICH_BRAIN_CYTOARCHITECTONIC_ATLAS_V3_1_AREA_FO4_OFC,AREA_FO4_OFC_LEFT.nii.gz,DIRECT_CANONICAL_SPATIAL_EVIDENCE,NGIQ-BR-00000061,OrG_L_6_3,0.42813374,378.55079077,NGIQ-BR-00000061,0.57612078,0.248854,0.32726677,0.9634096,0.0365904,2.5699,TRUE,APPROVE_DOMINANT_OVERLAP,DOMINANT_CRITERIA_V1,False,False,G4_G3_SCIENTIFIC_POLICY_V1,PENDING_OWNER_REVIEW
NGIQ-BR-00000537,Area Ig3 (Insula) right,right,JULICH_BRAIN_CYTOARCHITECTONIC_ATLAS_V3_1_AREA_IG3_INSULA,AREA_IG3_INSULA_RIGHT.nii.gz,DIRECT_CANONICAL_SPATIAL_EVIDENCE,NGIQ-BR-00000178,INS_R_6_5,0.54069532,238.14379957,NGIQ-BR-00000178,0.62050807,0.13268224,0.48782583,0.90055049,0.09944951,2.6152,TRUE,APPROVE_DOMINANT_OVERLAP,DOMINANT_CRITERIA_V1,False,False,G4_G3_SCIENTIFIC_POLICY_V1,PENDING_OWNER_REVIEW
NGIQ-BR-00000538,Area Ig3 (Insula) left,left,JULICH_BRAIN_CYTOARCHITECTONIC_ATLAS_V3_1_AREA_IG3_INSULA,AREA_IG3_INSULA_LEFT.nii.gz,DIRECT_CANONICAL_SPATIAL_EVIDENCE,NGIQ-BR-00000177,INS_L_6_5,0.59588346,166.18307948,NGIQ-BR-00000177,0.6605754,0.23624567,0.42432973,0.96885098,0.03114902,2.2666,TRUE,APPROVE_DOMINANT_OVERLAP,DOMINANT_CRITERIA_V1,False,False,G4_G3_SCIENTIFIC_POLICY_V1,PENDING_OWNER_REVIEW
NGIQ-BR-00000539,Area Ig1 (Insula) right,right,JULICH_BRAIN_CYTOARCHITECTONIC_ATLAS_V3_1_AREA_IG1_INSULA,AREA_IG1_INSULA_RIGHT.nii.gz,DIRECT_CANONICAL_SPATIAL_EVIDENCE,NGIQ-BR-00000014,INS_R_6_1,0.55344219,248.43794877,NGIQ-BR-00000014,0.69375384,0.10090446,0.59284938,0.84259756,0.15740244,1.8353,TRUE,APPROVE_DOMINANT_OVERLAP,DOMINANT_CRITERIA_V1,False,False,G4_G3_SCIENTIFIC_POLICY_V1,PENDING_OWNER_REVIEW
NGIQ-BR-00000540,Area Ig1 (Insula) left,left,JULICH_BRAIN_CYTOARCHITECTONIC_ATLAS_V3_1_AREA_IG1_INSULA,AREA_IG1_INSULA_LEFT.nii.gz,DIRECT_CANONICAL_SPATIAL_EVIDENCE,NGIQ-BR-00000013,INS_L_6_1,0.64395968,281.69672629,NGIQ-BR-00000013,0.74307055,0.06132988,0.68174067,0.81481171,0.18518829,1.4136,TRUE,APPROVE_DOMINANT_OVERLAP,DOMINANT_CRITERIA_V1,False,False,G4_G3_SCIENTIFIC_POLICY_V1,PENDING_OWNER_REVIEW
NGIQ-BR-00000541,Area Ig2 (Insula) right,right,JULICH_BRAIN_CYTOARCHITECTONIC_ATLAS_V3_1_AREA_IG2_INSULA,AREA_IG2_INSULA_RIGHT.nii.gz,DIRECT_CANONICAL_SPATIAL_EVIDENCE,NGIQ-BR-00000014,INS_R_6_1,0.58206791,390.31011461,NGIQ-BR-00000014,0.72807444,0.09609019,0.63198424,0.91822126,0.08177874,2.1965,TRUE,APPROVE_DOMINANT_OVERLAP,DOMINANT_CRITERIA_V1,False,False,G4_G3_SCIENTIFIC_POLICY_V1,PENDING_OWNER_REVIEW
NGIQ-BR-00000542,Area Ig2 (Insula) left,left,JULICH_BRAIN_CYTOARCHITECTONIC_ATLAS_V3_1_AREA_IG2_INSULA,AREA_IG2_INSULA_LEFT.nii.gz,DIRECT_CANONICAL_SPATIAL_EVIDENCE,NGIQ-BR-00000013,INS_L_6_1,0.66276025,278.77321667,NGIQ-BR-00000013,0.79060201,0.06191224,0.72868978,0.92704461,0.07295539,1.7939,TRUE,APPROVE_DOMINANT_OVERLAP,DOMINANT_CRITERIA_V1,False,False,G4_G3_SCIENTIFIC_POLICY_V1,PENDING_OWNER_REVIEW
NGIQ-BR-00000543,Area Ia2 (Insula) right,right,JULICH_BRAIN_CYTOARCHITECTONIC_ATLAS_V3_1_AREA_IA2_INSULA,AREA_IA2_INSULA_RIGHT.nii.gz,DIRECT_CANONICAL_SPATIAL_EVIDENCE,NGIQ-BR-00000092,STG_R_6_5,0.46012192,102.52202679,NGIQ-BR-00000092,0.60037047,0.24463916,0.3557313,0.84588486,0.15411514,1.8405,TRUE,APPROVE_DOMINANT_OVERLAP,DOMINANT_CRITERIA_V1,False,False,G4_G3_SCIENTIFIC_POLICY_V1,PENDING_OWNER_REVIEW
NGIQ-BR-00000544,Area Ia2 (Insula) left,left,JULICH_BRAIN_CYTOARCHITECTONIC_ATLAS_V3_1_AREA_IA2_INSULA,AREA_IA2_INSULA_LEFT.nii.gz,DIRECT_CANONICAL_SPATIAL_EVIDENCE,NGIQ-BR-00000091,STG_L_6_5,0.52165556,100.46923194,NGIQ-BR-00000091,0.72854226,0.16253391,0.56600835,0.89873411,0.10126589,1.6875,TRUE,APPROVE_DOMINANT_OVERLAP,DOMINANT_CRITERIA_V1,False,False,G4_G3_SCIENTIFIC_POLICY_V1,PENDING_OWNER_REVIEW
NGIQ-BR-00000545,Area Ia1 (Insula) right,right,JULICH_BRAIN_CYTOARCHITECTONIC_ATLAS_V3_1_AREA_IA1_INSULA,AREA_IA1_INSULA_RIGHT.nii.gz,DIRECT_CANONICAL_SPATIAL_EVIDENCE,NGIQ-BR-00000176,INS_R_6_4,0.46636646,124.31839611,NGIQ-BR-00000176,0.68077418,0.19725085,0.48352333,0.96118858,0.03881142,2.3349,TRUE,APPROVE_DOMINANT_OVERLAP,DOMINANT_CRITERIA_V1,False,False,G4_G3_SCIENTIFIC_POLICY_V1,PENDING_OWNER_REVIEW
NGIQ-BR-00000546,Area Ia1 (Insula) left,left,JULICH_BRAIN_CYTOARCHITECTONIC_ATLAS_V3_1_AREA_IA1_INSULA,AREA_IA1_INSULA_LEFT.nii.gz,DIRECT_CANONICAL_SPATIAL_EVIDENCE,NGIQ-BR-00000175,INS_L_6_4,0.57843701,95.64722911,NGIQ-BR-00000175,0.80874927,0.14287834,0.66587093,0.99217171,0.00782829,1.8482,TRUE,APPROVE_DOMINANT_OVERLAP,DOMINANT_CRITERIA_V1,False,False,G4_G3_SCIENTIFIC_POLICY_V1,PENDING_OWNER_REVIEW
NGIQ-BR-00000547,Area Ia3 (Insula) right,right,JULICH_BRAIN_CYTOARCHITECTONIC_ATLAS_V3_1_AREA_IA3_INSULA,AREA_IA3_INSULA_RIGHT.nii.gz,DIRECT_CANONICAL_SPATIAL_EVIDENCE,NGIQ-BR-00000176,INS_R_6_4,0.60432622,161.19010698,NGIQ-BR-00000176,0.89818472,0.03661361,0.86157111,0.96539491,0.03460509,1.4009,TRUE,APPROVE_CONTAINED_IN,CONTAINED_CRITERIA_V1,True,True,G4_G3_SCIENTIFIC_POLICY_V1,PENDING_OWNER_REVIEW
NGIQ-BR-00000548,Area Ia3 (Insula) left,left,JULICH_BRAIN_CYTOARCHITECTONIC_ATLAS_V3_1_AREA_IA3_INSULA,AREA_IA3_INSULA_LEFT.nii.gz,DIRECT_CANONICAL_SPATIAL_EVIDENCE,NGIQ-BR-00000175,INS_L_6_4,0.68927763,158.23526915,NGIQ-BR-00000175,0.87929888,0.07742751,0.80187137,0.97009725,0.02990275,1.4348,TRUE,APPROVE_CONTAINED_IN,CONTAINED_CRITERIA_V1,True,True,G4_G3_SCIENTIFIC_POLICY_V1,PENDING_OWNER_REVIEW
NGIQ-BR-00000549,Area Id2 (Insula) right,right,JULICH_BRAIN_CYTOARCHITECTONIC_ATLAS_V3_1_AREA_ID2_INSULA,AREA_ID2_INSULA_RIGHT.nii.gz,DIRECT_CANONICAL_SPATIAL_EVIDENCE,NGIQ-BR-00000014,INS_R_6_1,0.43854996,217.11110462,NGIQ-BR-00000178,0.43190711,0.42425928,0.00764783,0.96921434,0.03078566,2.9961,FALSE,CONFLICT_REVIEW,PROBABILITY_HARDLABEL_TOP1_DISAGREEMENT,False,False,G4_G3_SCIENTIFIC_POLICY_V1,PENDING_OWNER_REVIEW
NGIQ-BR-00000550,Area Id2 (Insula) left,left,JULICH_BRAIN_CYTOARCHITECTONIC_ATLAS_V3_1_AREA_ID2_INSULA,AREA_ID2_INSULA_LEFT.nii.gz,DIRECT_CANONICAL_SPATIAL_EVIDENCE,NGIQ-BR-00000013,INS_L_6_1,0.51064569,170.502238,NGIQ-BR-00000013,0.51800209,0.41229731,0.10570478,0.97467191,0.02532809,2.4497,TRUE,PARTIAL_OVERLAP,PARTIAL_CRITERIA_V1,False,False,G4_G3_SCIENTIFIC_POLICY_V1,PENDING_OWNER_REVIEW
NGIQ-BR-00000551,Area Id8 (Insula) right,right,JULICH_BRAIN_CYTOARCHITECTONIC_ATLAS_V3_1_AREA_ID8_INSULA,AREA_ID8_INSULA_RIGHT.nii.gz,DIRECT_CANONICAL_SPATIAL_EVIDENCE,NGIQ-BR-00000174,INS_R_6_3,0.34493372,336.02273369,NGIQ-BR-00000174,0.40316256,0.22686259,0.17629996,0.91885188,0.08114812,3.676,TRUE,PARTIAL_OVERLAP,PARTIAL_CRITERIA_V1,False,False,G4_G3_SCIENTIFIC_POLICY_V1,PENDING_OWNER_REVIEW
NGIQ-BR-00000552,Area Id8 (Insula) left,left,JULICH_BRAIN_CYTOARCHITECTONIC_ATLAS_V3_1_AREA_ID8_INSULA,AREA_ID8_INSULA_LEFT.nii.gz,DIRECT_CANONICAL_SPATIAL_EVIDENCE,NGIQ-BR-00000173,INS_L_6_3,0.32913713,265.59263406,NGIQ-BR-00000173,0.39435432,0.29286294,0.10149138,0.92653492,0.07346508,3.5106,TRUE,PARTIAL_OVERLAP,PARTIAL_CRITERIA_V1,False,False,G4_G3_SCIENTIFIC_POLICY_V1,PENDING_OWNER_REVIEW
NGIQ-BR-00000553,Area Id1 (Insula) right,right,JULICH_BRAIN_CYTOARCHITECTONIC_ATLAS_V3_1_AREA_ID1_INSULA,AREA_ID1_INSULA_RIGHT.nii.gz,DIRECT_CANONICAL_SPATIAL_EVIDENCE,NGIQ-BR-00000176,INS_R_6_4,0.33342863,140.05756699,NGIQ-BR-00000176,0.4298103,0.25725932,0.17255098,0.86929833,0.13070167,3.1427,TRUE,PARTIAL_OVERLAP,PARTIAL_CRITERIA_V1,False,False,G4_G3_SCIENTIFIC_POLICY_V1,PENDING_OWNER_REVIEW
NGIQ-BR-00000554,Area Id1 (Insula) left,left,JULICH_BRAIN_CYTOARCHITECTONIC_ATLAS_V3_1_AREA_ID1_INSULA,AREA_ID1_INSULA_LEFT.nii.gz,DIRECT_CANONICAL_SPATIAL_EVIDENCE,NGIQ-BR-00000175,INS_L_6_4,0.34688963,123.79758411,NGIQ-BR-00000175,0.40933141,0.25913669,0.15019472,0.78080197,0.21919803,2.9288,TRUE,PARTIAL_OVERLAP,PARTIAL_CRITERIA_V1,False,False,G4_G3_SCIENTIFIC_POLICY_V1,PENDING_OWNER_REVIEW
NGIQ-BR-00000555,Area Id9 (Insula) right,right,JULICH_BRAIN_CYTOARCHITECTONIC_ATLAS_V3_1_AREA_ID9_INSULA,AREA_ID9_INSULA_RIGHT.nii.gz,DIRECT_CANONICAL_SPATIAL_EVIDENCE,NGIQ-BR-00000176,INS_R_6_4,0.21797784,172.08723479,NGIQ-BR-00000176,0.29718009,0.22937476,0.06780533,0.9563735,0.0436265,5.0282,TRUE,CONFLICT_REVIEW,HIGH_FRAGMENTATION,False,False,G4_G3_SCIENTIFIC_POLICY_V1,PENDING_OWNER_REVIEW
NGIQ-BR-00000556,Area Id9 (Insula) left,left,JULICH_BRAIN_CYTOARCHITECTONIC_ATLAS_V3_1_AREA_ID9_INSULA,AREA_ID9_INSULA_LEFT.nii.gz,DIRECT_CANONICAL_SPATIAL_EVIDENCE,NGIQ-BR-00000179,INS_L_6_6,0.30112893,118.99043306,NGIQ-BR-00000179,0.41236659,0.33325323,0.07911336,0.96371077,0.03628923,3.8359,TRUE,PARTIAL_OVERLAP,PARTIAL_CRITERIA_V1,False,False,G4_G3_SCIENTIFIC_POLICY_V1,PENDING_OWNER_REVIEW
NGIQ-BR-00000557,Area Id7 (Insula) right,right,JULICH_BRAIN_CYTOARCHITECTONIC_ATLAS_V3_1_AREA_ID7_INSULA,AREA_ID7_INSULA_RIGHT.nii.gz,DIRECT_CANONICAL_SPATIAL_EVIDENCE,NGIQ-BR-00000054,IFG_R_6_5,0.3893728,360.1853066,NGIQ-BR-00000054,0.39669424,0.32843644,0.0682578,0.81300682,0.18699318,2.6235,TRUE,PARTIAL_OVERLAP,PARTIAL_CRITERIA_V1,False,False,G4_G3_SCIENTIFIC_POLICY_V1,PENDING_OWNER_REVIEW
NGIQ-BR-00000558,Area Id7 (Insula) left,left,JULICH_BRAIN_CYTOARCHITECTONIC_ATLAS_V3_1_AREA_ID7_INSULA,AREA_ID7_INSULA_LEFT.nii.gz,DIRECT_CANONICAL_SPATIAL_EVIDENCE,NGIQ-BR-00000173,INS_L_6_3,0.41437522,309.9384704,NGIQ-BR-00000173,0.49884358,0.22076346,0.27808012,0.87337817,0.12662183,2.6493,TRUE,PARTIAL_OVERLAP,PARTIAL_CRITERIA_V1,False,False,G4_G3_SCIENTIFIC_POLICY_V1,PENDING_OWNER_REVIEW
NGIQ-BR-00000559,Area Id5 (Insula) right,right,JULICH_BRAIN_CYTOARCHITECTONIC_ATLAS_V3_1_AREA_ID5_INSULA,AREA_ID5_INSULA_RIGHT.nii.gz,DIRECT_CANONICAL_SPATIAL_EVIDENCE,NGIQ-BR-00000178,INS_R_6_5,0.49393396,405.28418961,NGIQ-BR-00000178,0.69501334,0.08902477,0.60598856,0.89293711,0.10706289,2.2606,TRUE,APPROVE_DOMINANT_OVERLAP,DOMINANT_CRITERIA_V1,False,False,G4_G3_SCIENTIFIC_POLICY_V1,PENDING_OWNER_REVIEW
NGIQ-BR-00000560,Area Id5 (Insula) left,left,JULICH_BRAIN_CYTOARCHITECTONIC_ATLAS_V3_1_AREA_ID5_INSULA,AREA_ID5_INSULA_LEFT.nii.gz,DIRECT_CANONICAL_SPATIAL_EVIDENCE,NGIQ-BR-00000177,INS_L_6_5,0.52127896,265.23703524,NGIQ-BR-00000177,0.69089774,0.11848021,0.57241753,0.87582314,0.12417686,2.0297,TRUE,APPROVE_DOMINANT_OVERLAP,DOMINANT_CRITERIA_V1,False,False,G4_G3_SCIENTIFIC_POLICY_V1,PENDING_OWNER_REVIEW
NGIQ-BR-00000561,Area Id6 (Insula) right,right,JULICH_BRAIN_CYTOARCHITECTONIC_ATLAS_V3_1_AREA_ID6_INSULA,AREA_ID6_INSULA_RIGHT.nii.gz,DIRECT_CANONICAL_SPATIAL_EVIDENCE,NGIQ-BR-00000180,INS_R_6_6,0.43707845,930.80979929,NGIQ-BR-00000180,0.50877983,0.26533113,0.2434487,0.88212629,0.11787371,2.8194,TRUE,APPROVE_DOMINANT_OVERLAP,DOMINANT_CRITERIA_V1,False,False,G4_G3_SCIENTIFIC_POLICY_V1,PENDING_OWNER_REVIEW
NGIQ-BR-00000562,Area Id6 (Insula) left,left,JULICH_BRAIN_CYTOARCHITECTONIC_ATLAS_V3_1_AREA_ID6_INSULA,AREA_ID6_INSULA_LEFT.nii.gz,DIRECT_CANONICAL_SPATIAL_EVIDENCE,NGIQ-BR-00000179,INS_L_6_6,0.40422656,853.81480316,NGIQ-BR-00000179,0.49276001,0.27868064,0.21407937,0.87891328,0.12108672,2.8597,TRUE,PARTIAL_OVERLAP,PARTIAL_CRITERIA_V1,False,False,G4_G3_SCIENTIFIC_POLICY_V1,PENDING_OWNER_REVIEW
NGIQ-BR-00000563,Area Id10 (Insula) right,right,JULICH_BRAIN_CYTOARCHITECTONIC_ATLAS_V3_1_AREA_ID10_INSULA,AREA_ID10_INSULA_RIGHT.nii.gz,DIRECT_CANONICAL_SPATIAL_EVIDENCE,NGIQ-BR-00000068,OrG_R_6_6,0.24226631,287.62563772,NGIQ-BR-00000068,0.32246585,0.30016491,0.02230095,0.88074363,0.11925637,3.716,TRUE,CONFLICT_REVIEW,PARTIAL_TARGET_EVIDENCE_INCONSISTENT,False,False,G4_G3_SCIENTIFIC_POLICY_V1,PENDING_OWNER_REVIEW
NGIQ-BR-00000564,Area Id10 (Insula) left,left,JULICH_BRAIN_CYTOARCHITECTONIC_ATLAS_V3_1_AREA_ID10_INSULA,AREA_ID10_INSULA_LEFT.nii.gz,DIRECT_CANONICAL_SPATIAL_EVIDENCE,NGIQ-BR-00000171,INS_L_6_2,0.3318765,385.92358787,NGIQ-BR-00000171,0.36552027,0.29733882,0.06818146,0.83496381,0.16503619,3.6645,TRUE,PARTIAL_OVERLAP,PARTIAL_CRITERIA_V1,False,False,G4_G3_SCIENTIFIC_POLICY_V1,PENDING_OWNER_REVIEW
NGIQ-BR-00000565,Area Id4 (Insula) right,right,JULICH_BRAIN_CYTOARCHITECTONIC_ATLAS_V3_1_AREA_ID4_INSULA,AREA_ID4_INSULA_RIGHT.nii.gz,DIRECT_CANONICAL_SPATIAL_EVIDENCE,NGIQ-BR-00000178,INS_R_6_5,0.38294318,339.64030872,NGIQ-BR-00000180,0.4062847,0.34104387,0.06524083,0.87266002,0.12733998,3.1405,FALSE,CONFLICT_REVIEW,PROBABILITY_HARDLABEL_TOP1_DISAGREEMENT,False,False,G4_G3_SCIENTIFIC_POLICY_V1,PENDING_OWNER_REVIEW
NGIQ-BR-00000566,Area Id4 (Insula) left,left,JULICH_BRAIN_CYTOARCHITECTONIC_ATLAS_V3_1_AREA_ID4_INSULA,AREA_ID4_INSULA_LEFT.nii.gz,DIRECT_CANONICAL_SPATIAL_EVIDENCE,NGIQ-BR-00000177,INS_L_6_5,0.47262914,314.17101798,NGIQ-BR-00000177,0.48016114,0.31950065,0.16066049,0.93714559,0.06285441,2.7889,TRUE,PARTIAL_OVERLAP,PARTIAL_CRITERIA_V1,False,False,G4_G3_SCIENTIFIC_POLICY_V1,PENDING_OWNER_REVIEW
NGIQ-BR-00000567,Area Id3 (Insula) right,right,JULICH_BRAIN_CYTOARCHITECTONIC_ATLAS_V3_1_AREA_ID3_INSULA,AREA_ID3_INSULA_RIGHT.nii.gz,DIRECT_CANONICAL_SPATIAL_EVIDENCE,NGIQ-BR-00000176,INS_R_6_4,0.44756052,427.65194646,NGIQ-BR-00000176,0.56292174,0.18820738,0.37471436,0.94964704,0.05035296,3.0706,TRUE,APPROVE_DOMINANT_OVERLAP,DOMINANT_CRITERIA_V1,False,False,G4_G3_SCIENTIFIC_POLICY_V1,PENDING_OWNER_REVIEW
NGIQ-BR-00000568,Area Id3 (Insula) left,left,JULICH_BRAIN_CYTOARCHITECTONIC_ATLAS_V3_1_AREA_ID3_INSULA,AREA_ID3_INSULA_LEFT.nii.gz,DIRECT_CANONICAL_SPATIAL_EVIDENCE,NGIQ-BR-00000175,INS_L_6_4,0.47092669,330.54502416,NGIQ-BR-00000175,0.56992552,0.16442404,0.40550147,0.95844279,0.04155721,3.1172,TRUE,APPROVE_DOMINANT_OVERLAP,DOMINANT_CRITERIA_V1,False,False,G4_G3_SCIENTIFIC_POLICY_V1,PENDING_OWNER_REVIEW
NGIQ-BR-00000569,Area STS2 (STS) right,right,JULICH_BRAIN_CYTOARCHITECTONIC_ATLAS_V3_1_AREA_STS2_STS,AREA_STS2_STS_RIGHT.nii.gz,DIRECT_CANONICAL_SPATIAL_EVIDENCE,NGIQ-BR-00000100,MTG_R_4_4,0.45862073,2047.85215118,NGIQ-BR-00000100,0.68059478,0.09384559,0.58674919,0.9570138,0.0429862,2.8567,TRUE,APPROVE_DOMINANT_OVERLAP,DOMINANT_CRITERIA_V1,False,False,G4_G3_SCIENTIFIC_POLICY_V1,PENDING_OWNER_REVIEW
NGIQ-BR-00000570,Area STS2 (STS) left,left,JULICH_BRAIN_CYTOARCHITECTONIC_ATLAS_V3_1_AREA_STS2_STS,AREA_STS2_STS_LEFT.nii.gz,DIRECT_CANONICAL_SPATIAL_EVIDENCE,NGIQ-BR-00000099,MTG_L_4_4,0.37048601,1442.48884015,NGIQ-BR-00000099,0.47663379,0.26383066,0.21280314,0.95229931,0.04770069,3.8391,TRUE,PARTIAL_OVERLAP,PARTIAL_CRITERIA_V1,False,False,G4_G3_SCIENTIFIC_POLICY_V1,PENDING_OWNER_REVIEW
NGIQ-BR-00000571,Area STS1 (STS) right,right,JULICH_BRAIN_CYTOARCHITECTONIC_ATLAS_V3_1_AREA_STS1_STS,AREA_STS1_STS_RIGHT.nii.gz,DIRECT_CANONICAL_SPATIAL_EVIDENCE,NGIQ-BR-00000094,STG_R_6_6,0.42759699,1254.86615343,NGIQ-BR-00000100,0.55727487,0.2435797,0.31369518,0.90895306,0.09104694,2.8749,FALSE,CONFLICT_REVIEW,PROBABILITY_HARDLABEL_TOP1_DISAGREEMENT,False,False,G4_G3_SCIENTIFIC_POLICY_V1,PENDING_OWNER_REVIEW
NGIQ-BR-00000572,Area STS1 (STS) left,left,JULICH_BRAIN_CYTOARCHITECTONIC_ATLAS_V3_1_AREA_STS1_STS,AREA_STS1_STS_LEFT.nii.gz,DIRECT_CANONICAL_SPATIAL_EVIDENCE,NGIQ-BR-00000093,STG_L_6_6,0.30956004,1080.03755255,NGIQ-BR-00000093,0.35908799,0.32654601,0.03254198,0.93054725,0.06945275,3.7085,TRUE,PARTIAL_OVERLAP,PARTIAL_CRITERIA_V1,False,False,G4_G3_SCIENTIFIC_POLICY_V1,PENDING_OWNER_REVIEW
NGIQ-BR-00000573,Area OTS1 (OTS) right,right,JULICH_BRAIN_CYTOARCHITECTONIC_ATLAS_V3_1_AREA_OTS1_OTS,AREA_OTS1_OTS_RIGHT.nii.gz,DIRECT_CANONICAL_SPATIAL_EVIDENCE,NGIQ-BR-00000114,ITG_R_7_7,0.2895498,336.29812546,NGIQ-BR-00000114,0.43371339,0.15052329,0.2831901,0.87272523,0.12727477,3.7939,TRUE,CONFLICT_REVIEW,HIGH_FRAGMENTATION,False,False,G4_G3_SCIENTIFIC_POLICY_V1,PENDING_OWNER_REVIEW
NGIQ-BR-00000574,Area OTS1 (OTS) left,left,JULICH_BRAIN_CYTOARCHITECTONIC_ATLAS_V3_1_AREA_OTS1_OTS,AREA_OTS1_OTS_LEFT.nii.gz,DIRECT_CANONICAL_SPATIAL_EVIDENCE,NGIQ-BR-00000101,ITG_L_7_1,0.29454754,218.95355128,NGIQ-BR-00000101,0.29709464,0.20521743,0.09187721,0.69844932,0.30155068,3.6897,TRUE,CONFLICT_REVIEW,HIGH_FRAGMENTATION,False,False,G4_G3_SCIENTIFIC_POLICY_V1,PENDING_OWNER_REVIEW
NGIQ-BR-00000575,Area Te 3 (STG) right,right,JULICH_BRAIN_CYTOARCHITECTONIC_ATLAS_V3_1_AREA_TE_3_STG,AREA_TE_3_STG_RIGHT.nii.gz,DIRECT_CANONICAL_SPATIAL_EVIDENCE,NGIQ-BR-00000090,STG_R_6_4,0.33790958,951.99395243,NGIQ-BR-00000090,0.46602105,0.18173317,0.28428787,0.98543573,0.01456427,4.8925,TRUE,PARTIAL_OVERLAP,PARTIAL_CRITERIA_V1,False,False,G4_G3_SCIENTIFIC_POLICY_V1,PENDING_OWNER_REVIEW
NGIQ-BR-00000576,Area Te 3 (STG) left,left,JULICH_BRAIN_CYTOARCHITECTONIC_ATLAS_V3_1_AREA_TE_3_STG,AREA_TE_3_STG_LEFT.nii.gz,DIRECT_CANONICAL_SPATIAL_EVIDENCE,NGIQ-BR-00000093,STG_L_6_6,0.23065624,494.29402265,NGIQ-BR-00000093,0.28103271,0.23787522,0.04315749,0.9909659,0.0090341,6.4574,TRUE,CONFLICT_REVIEW,HIGH_FRAGMENTATION,False,False,G4_G3_SCIENTIFIC_POLICY_V1,PENDING_OWNER_REVIEW
NGIQ-BR-00000577,Area Te 2.2 (STG) right,right,JULICH_BRAIN_CYTOARCHITECTONIC_ATLAS_V3_1_AREA_TE_2_2_STG,AREA_TE_2_2_STG_RIGHT.nii.gz,DIRECT_CANONICAL_SPATIAL_EVIDENCE,NGIQ-BR-00000086,STG_R_6_2,0.51953524,1285.18050798,NGIQ-BR-00000086,0.54625369,0.17790282,0.36835086,0.90534717,0.09465283,3.2753,TRUE,APPROVE_DOMINANT_OVERLAP,DOMINANT_CRITERIA_V1,False,False,G4_G3_SCIENTIFIC_POLICY_V1,PENDING_OWNER_REVIEW
NGIQ-BR-00000578,Area Te 2.2 (STG) left,left,JULICH_BRAIN_CYTOARCHITECTONIC_ATLAS_V3_1_AREA_TE_2_2_STG,AREA_TE_2_2_STG_LEFT.nii.gz,DIRECT_CANONICAL_SPATIAL_EVIDENCE,NGIQ-BR-00000085,STG_L_6_2,0.37014743,904.11853151,NGIQ-BR-00000085,0.46161237,0.12988912,0.33172325,0.80442785,0.19557215,3.7391,TRUE,CONFLICT_REVIEW,HIGH_FRAGMENTATION,False,False,G4_G3_SCIENTIFIC_POLICY_V1,PENDING_OWNER_REVIEW
NGIQ-BR-00000579,Area Te 2.1 (STG) right,right,JULICH_BRAIN_CYTOARCHITECTONIC_ATLAS_V3_1_AREA_TE_2_1_STG,AREA_TE_2_1_STG_RIGHT.nii.gz,DIRECT_CANONICAL_SPATIAL_EVIDENCE,NGIQ-BR-00000088,STG_R_6_3,0.3537679,319.23570473,NGIQ-BR-00000088,0.40234269,0.30401261,0.09833008,0.8797884,0.1202116,3.4954,TRUE,PARTIAL_OVERLAP,PARTIAL_CRITERIA_V1,False,False,G4_G3_SCIENTIFIC_POLICY_V1,PENDING_OWNER_REVIEW
NGIQ-BR-00000580,Area Te 2.1 (STG) left,left,JULICH_BRAIN_CYTOARCHITECTONIC_ATLAS_V3_1_AREA_TE_2_1_STG,AREA_TE_2_1_STG_LEFT.nii.gz,DIRECT_CANONICAL_SPATIAL_EVIDENCE,NGIQ-BR-00000087,STG_L_6_3,0.43580331,648.38701751,NGIQ-BR-00000087,0.50740275,0.16580687,0.34159588,0.89798795,0.10201205,3.8096,TRUE,APPROVE_DOMINANT_OVERLAP,DOMINANT_CRITERIA_V1,False,False,G4_G3_SCIENTIFIC_POLICY_V1,PENDING_OWNER_REVIEW
NGIQ-BR-00000581,Area Te 1.1 (HESCHL) right,right,JULICH_BRAIN_CYTOARCHITECTONIC_ATLAS_V3_1_AREA_TE_1_1_HESCHL,AREA_TE_1_1_HESCHL_RIGHT.nii.gz,DIRECT_CANONICAL_SPATIAL_EVIDENCE,NGIQ-BR-00000088,STG_R_6_3,0.40582747,352.16329468,NGIQ-BR-00000088,0.37445984,0.21597323,0.15848661,0.89409412,0.10590588,3.6718,TRUE,CONFLICT_REVIEW,HIGH_FRAGMENTATION,False,False,G4_G3_SCIENTIFIC_POLICY_V1,PENDING_OWNER_REVIEW
NGIQ-BR-00000582,Area Te 1.1 (HESCHL) left,left,JULICH_BRAIN_CYTOARCHITECTONIC_ATLAS_V3_1_AREA_TE_1_1_HESCHL,AREA_TE_1_1_HESCHL_LEFT.nii.gz,DIRECT_CANONICAL_SPATIAL_EVIDENCE,NGIQ-BR-00000087,STG_L_6_3,0.5045582,488.13158695,NGIQ-BR-00000087,0.4743694,0.19956813,0.27480127,0.84748017,0.15251983,3.1364,TRUE,PARTIAL_OVERLAP,PARTIAL_CRITERIA_V1,False,False,G4_G3_SCIENTIFIC_POLICY_V1,PENDING_OWNER_REVIEW
NGIQ-BR-00000583,Area Te 1.2 (HESCHL) right,right,JULICH_BRAIN_CYTOARCHITECTONIC_ATLAS_V3_1_AREA_TE_1_2_HESCHL,AREA_TE_1_2_HESCHL_RIGHT.nii.gz,DIRECT_CANONICAL_SPATIAL_EVIDENCE,NGIQ-BR-00000088,STG_R_6_3,0.75180027,341.99400827,NGIQ-BR-00000088,0.94972983,0.01669888,0.93303095,0.98855984,0.01144016,1.2466,TRUE,APPROVE_CONTAINED_IN,CONTAINED_CRITERIA_V1,True,True,G4_G3_SCIENTIFIC_POLICY_V1,PENDING_OWNER_REVIEW
NGIQ-BR-00000584,Area Te 1.2 (HESCHL) left,left,JULICH_BRAIN_CYTOARCHITECTONIC_ATLAS_V3_1_AREA_TE_1_2_HESCHL,AREA_TE_1_2_HESCHL_LEFT.nii.gz,DIRECT_CANONICAL_SPATIAL_EVIDENCE,NGIQ-BR-00000087,STG_L_6_3,0.50220765,312.72084958,NGIQ-BR-00000087,0.53269551,0.38875789,0.14393762,0.99426381,0.00573619,2.5631,TRUE,PARTIAL_OVERLAP,PARTIAL_CRITERIA_V1,False,False,G4_G3_SCIENTIFIC_POLICY_V1,PENDING_OWNER_REVIEW
NGIQ-BR-00000585,Area Te 1.0 (HESCHL) right,right,JULICH_BRAIN_CYTOARCHITECTONIC_ATLAS_V3_1_AREA_TE_1_0_HESCHL,AREA_TE_1_0_HESCHL_RIGHT.nii.gz,DIRECT_CANONICAL_SPATIAL_EVIDENCE,NGIQ-BR-00000088,STG_R_6_3,0.55053885,499.03279708,NGIQ-BR-00000088,0.66621607,0.16805799,0.49815808,0.97218078,0.02781922,2.7303,TRUE,APPROVE_DOMINANT_OVERLAP,DOMINANT_CRITERIA_V1,False,False,G4_G3_SCIENTIFIC_POLICY_V1,PENDING_OWNER_REVIEW
NGIQ-BR-00000586,Area Te 1.0 (HESCHL) left,left,JULICH_BRAIN_CYTOARCHITECTONIC_ATLAS_V3_1_AREA_TE_1_0_HESCHL,AREA_TE_1_0_HESCHL_LEFT.nii.gz,DIRECT_CANONICAL_SPATIAL_EVIDENCE,NGIQ-BR-00000087,STG_L_6_3,0.57331396,543.37464335,NGIQ-BR-00000087,0.63025018,0.18634954,0.44390064,0.96261627,0.03738373,2.7768,TRUE,APPROVE_DOMINANT_OVERLAP,DOMINANT_CRITERIA_V1,False,False,G4_G3_SCIENTIFIC_POLICY_V1,PENDING_OWNER_REVIEW
NGIQ-BR-00000587,Area Ph1 (PhG) right,right,JULICH_BRAIN_CYTOARCHITECTONIC_ATLAS_V3_1_AREA_PH1_PHG,AREA_PH1_PHG_RIGHT.nii.gz,DIRECT_CANONICAL_SPATIAL_EVIDENCE,NGIQ-BR-00000200,MVOcC_R_5_4,0.42701511,566.80364559,NGIQ-BR-00000200,0.50191267,0.43821533,0.06369734,0.96724554,0.03275446,2.2732,TRUE,PARTIAL_OVERLAP,PARTIAL_CRITERIA_V1,False,False,G4_G3_SCIENTIFIC_POLICY_V1,PENDING_OWNER_REVIEW
NGIQ-BR-00000588,Area Ph1 (PhG) left,left,JULICH_BRAIN_CYTOARCHITECTONIC_ATLAS_V3_1_AREA_PH1_PHG,AREA_PH1_PHG_LEFT.nii.gz,DIRECT_CANONICAL_SPATIAL_EVIDENCE,NGIQ-BR-00000199,MVOcC_L_5_4,0.51152576,622.14097217,NGIQ-BR-00000199,0.65942005,0.13388727,0.52553279,0.86322797,0.13677203,2.1635,TRUE,APPROVE_DOMINANT_OVERLAP,DOMINANT_CRITERIA_V1,False,False,G4_G3_SCIENTIFIC_POLICY_V1,PENDING_OWNER_REVIEW
NGIQ-BR-00000589,Area Ph2 (PhG) right,right,JULICH_BRAIN_CYTOARCHITECTONIC_ATLAS_V3_1_AREA_PH2_PHG,AREA_PH2_PHG_RIGHT.nii.gz,DIRECT_CANONICAL_SPATIAL_EVIDENCE,NGIQ-BR-00000116,FuG_R_3_1,0.30266012,340.21383397,NGIQ-BR-00000116,0.31327657,0.22797381,0.08530276,0.89772392,0.10227608,5.1667,TRUE,CONFLICT_REVIEW,HIGH_FRAGMENTATION,False,False,G4_G3_SCIENTIFIC_POLICY_V1,PENDING_OWNER_REVIEW
NGIQ-BR-00000590,Area Ph2 (PhG) left,left,JULICH_BRAIN_CYTOARCHITECTONIC_ATLAS_V3_1_AREA_PH2_PHG,AREA_PH2_PHG_LEFT.nii.gz,DIRECT_CANONICAL_SPATIAL_EVIDENCE,NGIQ-BR-00000115,FuG_L_3_1,0.3719624,469.96518572,NGIQ-BR-00000115,0.4094425,0.15791047,0.25153203,0.90304437,0.09695563,5.1134,TRUE,CONFLICT_REVIEW,HIGH_FRAGMENTATION,False,False,G4_G3_SCIENTIFIC_POLICY_V1,PENDING_OWNER_REVIEW
NGIQ-BR-00000591,Area Ph3 (PhG) right,right,JULICH_BRAIN_CYTOARCHITECTONIC_ATLAS_V3_1_AREA_PH3_PHG,AREA_PH3_PHG_RIGHT.nii.gz,DIRECT_CANONICAL_SPATIAL_EVIDENCE,NGIQ-BR-00000200,MVOcC_R_5_4,0.76899014,616.74896277,NGIQ-BR-00000200,0.88043939,0.05781982,0.82261957,0.98326256,0.01673744,1.5616,TRUE,APPROVE_CONTAINED_IN,CONTAINED_CRITERIA_V1,True,True,G4_G3_SCIENTIFIC_POLICY_V1,PENDING_OWNER_REVIEW
NGIQ-BR-00000592,Area Ph3 (PhG) left,left,JULICH_BRAIN_CYTOARCHITECTONIC_ATLAS_V3_1_AREA_PH3_PHG,AREA_PH3_PHG_LEFT.nii.gz,DIRECT_CANONICAL_SPATIAL_EVIDENCE,NGIQ-BR-00000199,MVOcC_L_5_4,0.59060666,347.49439393,NGIQ-BR-00000199,0.76057092,0.11253641,0.64803451,0.96620213,0.03379787,2.1912,TRUE,APPROVE_DOMINANT_OVERLAP,DOMINANT_CRITERIA_V1,False,False,G4_G3_SCIENTIFIC_POLICY_V1,PENDING_OWNER_REVIEW
NGIQ-BR-00000593,Area CoS1 (CoS) right,right,JULICH_BRAIN_CYTOARCHITECTONIC_ATLAS_V3_1_AREA_COS1_COS,AREA_COS1_COS_RIGHT.nii.gz,DIRECT_CANONICAL_SPATIAL_EVIDENCE,NGIQ-BR-00000116,FuG_R_3_1,0.39398167,227.13554056,NGIQ-BR-00000116,0.41253465,0.21228892,0.20024573,0.82974602,0.17025398,3.3634,TRUE,PARTIAL_OVERLAP,PARTIAL_CRITERIA_V1,False,False,G4_G3_SCIENTIFIC_POLICY_V1,PENDING_OWNER_REVIEW
NGIQ-BR-00000594,Area CoS1 (CoS) left,left,JULICH_BRAIN_CYTOARCHITECTONIC_ATLAS_V3_1_AREA_COS1_COS,AREA_COS1_COS_LEFT.nii.gz,DIRECT_CANONICAL_SPATIAL_EVIDENCE,NGIQ-BR-00000115,FuG_L_3_1,0.46948526,262.90876066,NGIQ-BR-00000115,0.50978445,0.21313898,0.29664548,0.87325495,0.12674505,3.1392,TRUE,APPROVE_DOMINANT_OVERLAP,DOMINANT_CRITERIA_V1,False,False,G4_G3_SCIENTIFIC_POLICY_V1,PENDING_OWNER_REVIEW
NGIQ-BR-00000595,Area TI (STG) right,right,JULICH_BRAIN_CYTOARCHITECTONIC_ATLAS_V3_1_AREA_TI_STG,AREA_TI_STG_RIGHT.nii.gz,DIRECT_CANONICAL_SPATIAL_EVIDENCE,NGIQ-BR-00000088,STG_R_6_3,0.47053238,489.02461787,NGIQ-BR-00000088,0.45117255,0.39476354,0.05640901,0.92770134,0.07229866,2.7145,TRUE,PARTIAL_OVERLAP,PARTIAL_CRITERIA_V1,False,False,G4_G3_SCIENTIFIC_POLICY_V1,PENDING_OWNER_REVIEW
NGIQ-BR-00000596,Area TI (STG) left,left,JULICH_BRAIN_CYTOARCHITECTONIC_ATLAS_V3_1_AREA_TI_STG,AREA_TI_STG_LEFT.nii.gz,DIRECT_CANONICAL_SPATIAL_EVIDENCE,NGIQ-BR-00000087,STG_L_6_3,0.42097789,322.08392168,NGIQ-BR-00000087,0.45005112,0.38758286,0.06246825,0.92393727,0.07606273,2.7589,TRUE,PARTIAL_OVERLAP,PARTIAL_CRITERIA_V1,False,False,G4_G3_SCIENTIFIC_POLICY_V1,PENDING_OWNER_REVIEW
NGIQ-BR-00000597,Area TeI (STG) right,right,JULICH_BRAIN_CYTOARCHITECTONIC_ATLAS_V3_1_AREA_TEI_STG,AREA_TEI_STG_RIGHT.nii.gz,DIRECT_CANONICAL_SPATIAL_EVIDENCE,NGIQ-BR-00000088,STG_R_6_3,0.67939814,727.06873508,NGIQ-BR-00000088,0.81432878,0.07269414,0.74163465,0.91538569,0.08461431,1.5973,TRUE,APPROVE_CONTAINED_IN,CONTAINED_CRITERIA_V1,True,True,G4_G3_SCIENTIFIC_POLICY_V1,PENDING_OWNER_REVIEW
NGIQ-BR-00000598,Area TeI (STG) left,left,JULICH_BRAIN_CYTOARCHITECTONIC_ATLAS_V3_1_AREA_TEI_STG,AREA_TEI_STG_LEFT.nii.gz,DIRECT_CANONICAL_SPATIAL_EVIDENCE,NGIQ-BR-00000087,STG_L_6_3,0.57972713,395.147787,NGIQ-BR-00000087,0.70772378,0.05509018,0.6526336,0.84520209,0.15479791,1.9931,TRUE,APPROVE_DOMINANT_OVERLAP,DOMINANT_CRITERIA_V1,False,False,G4_G3_SCIENTIFIC_POLICY_V1,PENDING_OWNER_REVIEW
NGIQ-BR-00000599,Area FG5 (FusG) right,right,JULICH_BRAIN_CYTOARCHITECTONIC_ATLAS_V3_1_AREA_FG5_FUSG,AREA_FG5_FUSG_RIGHT.nii.gz,DIRECT_CANONICAL_SPATIAL_EVIDENCE,NGIQ-BR-00000116,FuG_R_3_1,0.52176997,556.57200094,NGIQ-BR-00000116,0.84679603,0.05156382,0.79523221,0.9796571,0.0203429,1.8115,TRUE,APPROVE_CONTAINED_IN,CONTAINED_CRITERIA_V1,True,True,G4_G3_SCIENTIFIC_POLICY_V1,PENDING_OWNER_REVIEW
NGIQ-BR-00000600,Area FG5 (FusG) left,left,JULICH_BRAIN_CYTOARCHITECTONIC_ATLAS_V3_1_AREA_FG5_FUSG,AREA_FG5_FUSG_LEFT.nii.gz,DIRECT_CANONICAL_SPATIAL_EVIDENCE,NGIQ-BR-00000115,FuG_L_3_1,0.3833858,429.18683241,NGIQ-BR-00000115,0.45135716,0.31900887,0.13234829,0.99003118,0.00996882,3.2593,TRUE,PARTIAL_OVERLAP,PARTIAL_CRITERIA_V1,False,False,G4_G3_SCIENTIFIC_POLICY_V1,PENDING_OWNER_REVIEW
NGIQ-BR-00000601,Area FG2 (FusG) right,right,JULICH_BRAIN_CYTOARCHITECTONIC_ATLAS_V3_1_AREA_FG2_FUSG,AREA_FG2_FUSG_RIGHT.nii.gz,DIRECT_CANONICAL_SPATIAL_EVIDENCE,NGIQ-BR-00000120,FuG_R_3_3,0.37115701,645.15598462,NGIQ-BR-00000120,0.44349752,0.19595336,0.24754416,0.98636075,0.01363925,4.3873,TRUE,PARTIAL_OVERLAP,PARTIAL_CRITERIA_V1,False,False,G4_G3_SCIENTIFIC_POLICY_V1,PENDING_OWNER_REVIEW
NGIQ-BR-00000602,Area FG2 (FusG) left,left,JULICH_BRAIN_CYTOARCHITECTONIC_ATLAS_V3_1_AREA_FG2_FUSG,AREA_FG2_FUSG_LEFT.nii.gz,DIRECT_CANONICAL_SPATIAL_EVIDENCE,NGIQ-BR-00000119,FuG_L_3_3,0.40847432,936.25632079,NGIQ-BR-00000119,0.46557825,0.35502567,0.11055257,0.96624795,0.03375205,3.239,TRUE,PARTIAL_OVERLAP,PARTIAL_CRITERIA_V1,False,False,G4_G3_SCIENTIFIC_POLICY_V1,PENDING_OWNER_REVIEW
NGIQ-BR-00000603,Area FG3 (FusG) right,right,JULICH_BRAIN_CYTOARCHITECTONIC_ATLAS_V3_1_AREA_FG3_FUSG,AREA_FG3_FUSG_RIGHT.nii.gz,DIRECT_CANONICAL_SPATIAL_EVIDENCE,NGIQ-BR-00000118,FuG_R_3_2,0.36708928,701.41966494,NGIQ-BR-00000118,0.4398395,0.1631507,0.2766888,0.81910616,0.18089384,3.5894,TRUE,PARTIAL_OVERLAP,PARTIAL_CRITERIA_V1,False,False,G4_G3_SCIENTIFIC_POLICY_V1,PENDING_OWNER_REVIEW
NGIQ-BR-00000604,Area FG3 (FusG) left,left,JULICH_BRAIN_CYTOARCHITECTONIC_ATLAS_V3_1_AREA_FG3_FUSG,AREA_FG3_FUSG_LEFT.nii.gz,DIRECT_CANONICAL_SPATIAL_EVIDENCE,NGIQ-BR-00000117,FuG_L_3_2,0.32762119,911.90541653,NGIQ-BR-00000117,0.38218748,0.19183543,0.19035205,0.88503183,0.11496817,4.05,TRUE,CONFLICT_REVIEW,HIGH_FRAGMENTATION,False,False,G4_G3_SCIENTIFIC_POLICY_V1,PENDING_OWNER_REVIEW
NGIQ-BR-00000605,Area FG1 (FusG) right,right,JULICH_BRAIN_CYTOARCHITECTONIC_ATLAS_V3_1_AREA_FG1_FUSG,AREA_FG1_FUSG_RIGHT.nii.gz,DIRECT_CANONICAL_SPATIAL_EVIDENCE,NGIQ-BR-00000118,FuG_R_3_2,0.53112525,835.95376017,NGIQ-BR-00000118,0.60380395,0.15378809,0.45001585,0.91425456,0.08574544,2.8271,TRUE,APPROVE_DOMINANT_OVERLAP,DOMINANT_CRITERIA_V1,False,False,G4_G3_SCIENTIFIC_POLICY_V1,PENDING_OWNER_REVIEW
NGIQ-BR-00000606,Area FG1 (FusG) left,left,JULICH_BRAIN_CYTOARCHITECTONIC_ATLAS_V3_1_AREA_FG1_FUSG,AREA_FG1_FUSG_LEFT.nii.gz,DIRECT_CANONICAL_SPATIAL_EVIDENCE,NGIQ-BR-00000117,FuG_L_3_2,0.63307075,856.3984657,NGIQ-BR-00000117,0.78405059,0.09559461,0.68845598,0.93097007,0.06902993,1.7992,TRUE,APPROVE_DOMINANT_OVERLAP,DOMINANT_CRITERIA_V1,False,False,G4_G3_SCIENTIFIC_POLICY_V1,PENDING_OWNER_REVIEW
NGIQ-BR-00000607,Area FG4 (FusG) right,right,JULICH_BRAIN_CYTOARCHITECTONIC_ATLAS_V3_1_AREA_FG4_FUSG,AREA_FG4_FUSG_RIGHT.nii.gz,DIRECT_CANONICAL_SPATIAL_EVIDENCE,NGIQ-BR-00000120,FuG_R_3_3,0.45706085,1177.8476102,NGIQ-BR-00000120,0.66272205,0.1179975,0.54472454,0.98066376,0.01933624,3.0971,TRUE,APPROVE_DOMINANT_OVERLAP,DOMINANT_CRITERIA_V1,False,False,G4_G3_SCIENTIFIC_POLICY_V1,PENDING_OWNER_REVIEW
NGIQ-BR-00000608,Area FG4 (FusG) left,left,JULICH_BRAIN_CYTOARCHITECTONIC_ATLAS_V3_1_AREA_FG4_FUSG,AREA_FG4_FUSG_LEFT.nii.gz,DIRECT_CANONICAL_SPATIAL_EVIDENCE,NGIQ-BR-00000119,FuG_L_3_3,0.39305414,1570.65236437,NGIQ-BR-00000119,0.65590585,0.07987435,0.57603149,0.95258752,0.04741248,3.0587,TRUE,APPROVE_DOMINANT_OVERLAP,DOMINANT_CRITERIA_V1,False,False,G4_G3_SCIENTIFIC_POLICY_V1,PENDING_OWNER_REVIEW
NGIQ-BR-00000609,"Area TPJ (STG, SMG) right",right,JULICH_BRAIN_CYTOARCHITECTONIC_ATLAS_V3_1_AREA_TPJ_STG_SMG,AREA_TPJ_STG_SMG_RIGHT.nii.gz,DIRECT_CANONICAL_SPATIAL_EVIDENCE,NGIQ-BR-00000086,STG_R_6_2,0.32123547,560.3445733,NGIQ-BR-00000154,0.39794889,0.27920349,0.1187454,0.97101676,0.02898324,3.7346,FALSE,CONFLICT_REVIEW,PROBABILITY_HARDLABEL_TOP1_DISAGREEMENT,False,False,G4_G3_SCIENTIFIC_POLICY_V1,PENDING_OWNER_REVIEW
NGIQ-BR-00000610,"Area TPJ (STG, SMG) left",left,JULICH_BRAIN_CYTOARCHITECTONIC_ATLAS_V3_1_AREA_TPJ_STG_SMG,AREA_TPJ_STG_SMG_LEFT.nii.gz,DIRECT_CANONICAL_SPATIAL_EVIDENCE,NGIQ-BR-00000085,STG_L_6_2,0.26443056,589.82707873,NGIQ-BR-00000085,0.25598701,0.25344206,0.00254495,0.91654299,0.08345701,4.7641,TRUE,CONFLICT_REVIEW,HIGH_FRAGMENTATION,False,False,G4_G3_SCIENTIFIC_POLICY_V1,PENDING_OWNER_REVIEW
NGIQ-BR-00000611,"Area hOc2 (V2, 18) right",right,JULICH_BRAIN_CYTOARCHITECTONIC_ATLAS_V3_1_AREA_HOC2_V2_18,AREA_HOC2_V2_18_RIGHT.nii.gz,DIRECT_CANONICAL_SPATIAL_EVIDENCE,NGIQ-BR-00000196,MVOcC_R_5_2,0.16568421,1383.34986406,NGIQ-BR-00000208,0.16253974,0.15674782,0.00579192,0.9574574,0.0425426,8.1174,FALSE,CONFLICT_REVIEW,PROBABILITY_HARDLABEL_TOP1_DISAGREEMENT,False,False,G4_G3_SCIENTIFIC_POLICY_V1,PENDING_OWNER_REVIEW
NGIQ-BR-00000612,"Area hOc2 (V2, 18) left",left,JULICH_BRAIN_CYTOARCHITECTONIC_ATLAS_V3_1_AREA_HOC2_V2_18,AREA_HOC2_V2_18_LEFT.nii.gz,DIRECT_CANONICAL_SPATIAL_EVIDENCE,NGIQ-BR-00000197,MVOcC_L_5_3,0.16577743,1177.88651316,NGIQ-BR-00000207,0.1956661,0.1575317,0.03813441,0.97009354,0.02990646,8.2233,FALSE,CONFLICT_REVIEW,PROBABILITY_HARDLABEL_TOP1_DISAGREEMENT,False,False,G4_G3_SCIENTIFIC_POLICY_V1,PENDING_OWNER_REVIEW
NGIQ-BR-00000613,"Area hOc1 (V1, 17, CalcS) right",right,JULICH_BRAIN_CYTOARCHITECTONIC_ATLAS_V3_1_AREA_HOC1_V1_17_CALCS,AREA_HOC1_V1_17_CALCS_RIGHT.nii.gz,DIRECT_CANONICAL_SPATIAL_EVIDENCE,NGIQ-BR-00000196,MVOcC_R_5_2,0.17992833,1970.95270712,NGIQ-BR-00000196,0.21428879,0.18655241,0.02773639,0.87884022,0.12115978,6.154,TRUE,CONFLICT_REVIEW,HIGH_FRAGMENTATION,False,False,G4_G3_SCIENTIFIC_POLICY_V1,PENDING_OWNER_REVIEW
NGIQ-BR-00000614,"Area hOc1 (V1, 17, CalcS) left",left,JULICH_BRAIN_CYTOARCHITECTONIC_ATLAS_V3_1_AREA_HOC1_V1_17_CALCS,AREA_HOC1_V1_17_CALCS_LEFT.nii.gz,DIRECT_CANONICAL_SPATIAL_EVIDENCE,NGIQ-BR-00000197,MVOcC_L_5_3,0.21436607,1877.14769001,NGIQ-BR-00000197,0.23309793,0.22954997,0.00354796,0.91380008,0.08619992,5.6706,TRUE,CONFLICT_REVIEW,HIGH_FRAGMENTATION,False,False,G4_G3_SCIENTIFIC_POLICY_V1,PENDING_OWNER_REVIEW
NGIQ-BR-00000615,Area hOc6 (POS) right,right,JULICH_BRAIN_CYTOARCHITECTONIC_ATLAS_V3_1_AREA_HOC6_POS,AREA_HOC6_POS_RIGHT.nii.gz,DIRECT_CANONICAL_SPATIAL_EVIDENCE,NGIQ-BR-00000202,MVOcC_R_5_5,0.57919333,368.39322967,NGIQ-BR-00000202,0.51297163,0.28950795,0.22346368,0.81111846,0.18888154,2.0257,TRUE,APPROVE_DOMINANT_OVERLAP,DOMINANT_CRITERIA_V1,False,False,G4_G3_SCIENTIFIC_POLICY_V1,PENDING_OWNER_REVIEW
NGIQ-BR-00000616,Area hOc6 (POS) left,left,JULICH_BRAIN_CYTOARCHITECTONIC_ATLAS_V3_1_AREA_HOC6_POS,AREA_HOC6_POS_LEFT.nii.gz,DIRECT_CANONICAL_SPATIAL_EVIDENCE,NGIQ-BR-00000201,MVOcC_L_5_5,0.51623507,431.14306348,NGIQ-BR-00000201,0.60821608,0.12465042,0.48356566,0.7478027,0.2521973,1.7245,TRUE,APPROVE_DOMINANT_OVERLAP,DOMINANT_CRITERIA_V1,False,False,G4_G3_SCIENTIFIC_POLICY_V1,PENDING_OWNER_REVIEW
NGIQ-BR-00000617,Area hOc4d (Cuneus) right,right,JULICH_BRAIN_CYTOARCHITECTONIC_ATLAS_V3_1_AREA_HOC4D_CUNEUS,AREA_HOC4D_CUNEUS_RIGHT.nii.gz,DIRECT_CANONICAL_SPATIAL_EVIDENCE,NGIQ-BR-00000212,LOcC_R_2_1,0.39626562,839.84121631,NGIQ-BR-00000212,0.48278785,0.2194251,0.26336276,0.89843604,0.10156396,3.9412,TRUE,PARTIAL_OVERLAP,PARTIAL_CRITERIA_V1,False,False,G4_G3_SCIENTIFIC_POLICY_V1,PENDING_OWNER_REVIEW
NGIQ-BR-00000618,Area hOc4d (Cuneus) left,left,JULICH_BRAIN_CYTOARCHITECTONIC_ATLAS_V3_1_AREA_HOC4D_CUNEUS,AREA_HOC4D_CUNEUS_LEFT.nii.gz,DIRECT_CANONICAL_SPATIAL_EVIDENCE,NGIQ-BR-00000211,LOcC_L_2_1,0.33522659,766.06468481,NGIQ-BR-00000211,0.37675595,0.25297267,0.12378328,0.87801432,0.12198568,4.4454,TRUE,PARTIAL_OVERLAP,PARTIAL_CRITERIA_V1,False,False,G4_G3_SCIENTIFIC_POLICY_V1,PENDING_OWNER_REVIEW
NGIQ-BR-00000619,Area hOc3d (Cuneus) right,right,JULICH_BRAIN_CYTOARCHITECTONIC_ATLAS_V3_1_AREA_HOC3D_CUNEUS,AREA_HOC3D_CUNEUS_RIGHT.nii.gz,DIRECT_CANONICAL_SPATIAL_EVIDENCE,NGIQ-BR-00000212,LOcC_R_2_1,0.23540082,738.84571903,NGIQ-BR-00000212,0.27313079,0.18890558,0.08422522,0.92853797,0.07146203,5.8177,TRUE,CONFLICT_REVIEW,HIGH_FRAGMENTATION,False,False,G4_G3_SCIENTIFIC_POLICY_V1,PENDING_OWNER_REVIEW
NGIQ-BR-00000620,Area hOc3d (Cuneus) left,left,JULICH_BRAIN_CYTOARCHITECTONIC_ATLAS_V3_1_AREA_HOC3D_CUNEUS,AREA_HOC3D_CUNEUS_LEFT.nii.gz,DIRECT_CANONICAL_SPATIAL_EVIDENCE,NGIQ-BR-00000211,LOcC_L_2_1,0.32887095,1254.18282631,NGIQ-BR-00000211,0.37045816,0.24913351,0.12132465,0.947552,0.052448,5.0672,TRUE,PARTIAL_OVERLAP,PARTIAL_CRITERIA_V1,False,False,G4_G3_SCIENTIFIC_POLICY_V1,PENDING_OWNER_REVIEW
NGIQ-BR-00000621,Area hOc3v (LingG) right,right,JULICH_BRAIN_CYTOARCHITECTONIC_ATLAS_V3_1_AREA_HOC3V_LINGG,AREA_HOC3V_LINGG_RIGHT.nii.gz,DIRECT_CANONICAL_SPATIAL_EVIDENCE,NGIQ-BR-00000210,LOcC_R_4_4,0.35442752,1152.90868694,NGIQ-BR-00000210,0.45467808,0.22273117,0.23194691,0.96784359,0.03215641,4.2332,TRUE,PARTIAL_OVERLAP,PARTIAL_CRITERIA_V1,False,False,G4_G3_SCIENTIFIC_POLICY_V1,PENDING_OWNER_REVIEW
NGIQ-BR-00000622,Area hOc3v (LingG) left,left,JULICH_BRAIN_CYTOARCHITECTONIC_ATLAS_V3_1_AREA_HOC3V_LINGG,AREA_HOC3V_LINGG_LEFT.nii.gz,DIRECT_CANONICAL_SPATIAL_EVIDENCE,NGIQ-BR-00000209,LOcC_L_4_4,0.23878104,985.16609713,NGIQ-BR-00000209,0.34341011,0.26699893,0.07641119,0.94067842,0.05932158,4.8233,TRUE,PARTIAL_OVERLAP,PARTIAL_CRITERIA_V1,False,False,G4_G3_SCIENTIFIC_POLICY_V1,PENDING_OWNER_REVIEW
NGIQ-BR-00000623,Area hOc4v (LingG) right,right,JULICH_BRAIN_CYTOARCHITECTONIC_ATLAS_V3_1_AREA_HOC4V_LINGG,AREA_HOC4V_LINGG_RIGHT.nii.gz,DIRECT_CANONICAL_SPATIAL_EVIDENCE,NGIQ-BR-00000210,LOcC_R_4_4,0.32032217,1038.47221411,NGIQ-BR-00000210,0.43524849,0.34435182,0.09089668,0.95089099,0.04910901,3.2871,TRUE,PARTIAL_OVERLAP,PARTIAL_CRITERIA_V1,False,False,G4_G3_SCIENTIFIC_POLICY_V1,PENDING_OWNER_REVIEW
NGIQ-BR-00000624,Area hOc4v (LingG) left,left,JULICH_BRAIN_CYTOARCHITECTONIC_ATLAS_V3_1_AREA_HOC4V_LINGG,AREA_HOC4V_LINGG_LEFT.nii.gz,DIRECT_CANONICAL_SPATIAL_EVIDENCE,NGIQ-BR-00000209,LOcC_L_4_4,0.26172328,879.06779667,NGIQ-BR-00000209,0.38170513,0.21673341,0.16497172,0.94835659,0.05164341,3.8846,TRUE,CONFLICT_REVIEW,HIGH_FRAGMENTATION,False,False,G4_G3_SCIENTIFIC_POLICY_V1,PENDING_OWNER_REVIEW
NGIQ-BR-00000625,Area hOc4lp (LOC) right,right,JULICH_BRAIN_CYTOARCHITECTONIC_ATLAS_V3_1_AREA_HOC4LP_LOC,AREA_HOC4LP_LOC_RIGHT.nii.gz,DIRECT_CANONICAL_SPATIAL_EVIDENCE,NGIQ-BR-00000204,LOcC_R_4_1,0.47645881,1215.83993609,NGIQ-BR-00000204,0.65116093,0.14639594,0.50476499,0.97225885,0.02774115,2.8818,TRUE,APPROVE_DOMINANT_OVERLAP,DOMINANT_CRITERIA_V1,False,False,G4_G3_SCIENTIFIC_POLICY_V1,PENDING_OWNER_REVIEW
NGIQ-BR-00000626,Area hOc4lp (LOC) left,left,JULICH_BRAIN_CYTOARCHITECTONIC_ATLAS_V3_1_AREA_HOC4LP_LOC,AREA_HOC4LP_LOC_LEFT.nii.gz,DIRECT_CANONICAL_SPATIAL_EVIDENCE,NGIQ-BR-00000203,LOcC_L_4_1,0.43664243,1557.91175732,NGIQ-BR-00000203,0.54798947,0.1758794,0.37211006,0.97149615,0.02850385,3.3997,TRUE,APPROVE_DOMINANT_OVERLAP,DOMINANT_CRITERIA_V1,False,False,G4_G3_SCIENTIFIC_POLICY_V1,PENDING_OWNER_REVIEW
NGIQ-BR-00000627,Area hOc5 (LOC) right,right,JULICH_BRAIN_CYTOARCHITECTONIC_ATLAS_V3_1_AREA_HOC5_LOC,AREA_HOC5_LOC_RIGHT.nii.gz,DIRECT_CANONICAL_SPATIAL_EVIDENCE,NGIQ-BR-00000206,LOcC_R_4_2,0.61074464,524.81723787,NGIQ-BR-00000206,0.7032117,0.17108775,0.53212395,0.99956951,0.00043049,2.4036,TRUE,APPROVE_DOMINANT_OVERLAP,DOMINANT_CRITERIA_V1,False,False,G4_G3_SCIENTIFIC_POLICY_V1,PENDING_OWNER_REVIEW
NGIQ-BR-00000628,Area hOc5 (LOC) left,left,JULICH_BRAIN_CYTOARCHITECTONIC_ATLAS_V3_1_AREA_HOC5_LOC,AREA_HOC5_LOC_LEFT.nii.gz,DIRECT_CANONICAL_SPATIAL_EVIDENCE,NGIQ-BR-00000205,LOcC_L_4_2,0.76791711,739.37670179,NGIQ-BR-00000205,0.87319857,0.04028397,0.83291459,0.94938803,0.05061197,1.4663,TRUE,APPROVE_CONTAINED_IN,CONTAINED_CRITERIA_V1,True,True,G4_G3_SCIENTIFIC_POLICY_V1,PENDING_OWNER_REVIEW
NGIQ-BR-00000629,Area hOc4la (LOC) right,right,JULICH_BRAIN_CYTOARCHITECTONIC_ATLAS_V3_1_AREA_HOC4LA_LOC,AREA_HOC4LA_LOC_RIGHT.nii.gz,DIRECT_CANONICAL_SPATIAL_EVIDENCE,NGIQ-BR-00000206,LOcC_R_4_2,0.50452365,1745.83709971,NGIQ-BR-00000206,0.61303109,0.13579138,0.4772397,0.97975149,0.02024851,3.3479,TRUE,APPROVE_DOMINANT_OVERLAP,DOMINANT_CRITERIA_V1,False,False,G4_G3_SCIENTIFIC_POLICY_V1,PENDING_OWNER_REVIEW
NGIQ-BR-00000630,Area hOc4la (LOC) left,left,JULICH_BRAIN_CYTOARCHITECTONIC_ATLAS_V3_1_AREA_HOC4LA_LOC,AREA_HOC4LA_LOC_LEFT.nii.gz,DIRECT_CANONICAL_SPATIAL_EVIDENCE,NGIQ-BR-00000205,LOcC_L_4_2,0.43363757,1399.44377114,NGIQ-BR-00000205,0.4955266,0.24601511,0.24951149,0.97613928,0.02386072,3.9507,TRUE,PARTIAL_OVERLAP,PARTIAL_CRITERIA_V1,False,False,G4_G3_SCIENTIFIC_POLICY_V1,PENDING_OWNER_REVIEW
NGIQ-BR-00000631,Area p24c.pd24cd (pACC) right,right,JULICH_BRAIN_CYTOARCHITECTONIC_ATLAS_V3_1_AREA_P24C_PACC,AREA_P24C_PACC_RIGHT.nii.gz,SHARED_SPATIAL_EVIDENCE,NGIQ-BR-00000032,SFG_R_7_7,0.30823077,509.88819043,NGIQ-BR-00000194,0.33898049,0.30637543,0.03260505,0.959134,0.040866,4.133,FALSE,SHARED_SPATIAL_EVIDENCE_ONLY,NO_INDEPENDENT_LEAF_SPATIAL_EVIDENCE,False,False,G4_G3_SCIENTIFIC_POLICY_V1,PENDING_OWNER_REVIEW
NGIQ-BR-00000632,Area p24c.pd24cv (pACC) right,right,JULICH_BRAIN_CYTOARCHITECTONIC_ATLAS_V3_1_AREA_P24C_PACC,AREA_P24C_PACC_RIGHT.nii.gz,SHARED_SPATIAL_EVIDENCE,NGIQ-BR-00000032,SFG_R_7_7,0.30823077,509.88819043,NGIQ-BR-00000194,0.33898049,0.30637543,0.03260505,0.959134,0.040866,4.133,FALSE,SHARED_SPATIAL_EVIDENCE_ONLY,NO_INDEPENDENT_LEAF_SPATIAL_EVIDENCE,False,False,G4_G3_SCIENTIFIC_POLICY_V1,PENDING_OWNER_REVIEW
NGIQ-BR-00000633,Area p24c.pv24c (pACC) right,right,JULICH_BRAIN_CYTOARCHITECTONIC_ATLAS_V3_1_AREA_P24C_PACC,AREA_P24C_PACC_RIGHT.nii.gz,SHARED_SPATIAL_EVIDENCE,NGIQ-BR-00000032,SFG_R_7_7,0.30823077,509.88819043,NGIQ-BR-00000194,0.33898049,0.30637543,0.03260505,0.959134,0.040866,4.133,FALSE,SHARED_SPATIAL_EVIDENCE_ONLY,NO_INDEPENDENT_LEAF_SPATIAL_EVIDENCE,False,False,G4_G3_SCIENTIFIC_POLICY_V1,PENDING_OWNER_REVIEW
NGIQ-BR-00000634,Area p24c.pd24cd (pACC) left,left,JULICH_BRAIN_CYTOARCHITECTONIC_ATLAS_V3_1_AREA_P24C_PACC,AREA_P24C_PACC_LEFT.nii.gz,SHARED_SPATIAL_EVIDENCE,NGIQ-BR-00000193,CG_L_7_7,0.32204003,417.4004616,NGIQ-BR-00000185,0.43082422,0.38455378,0.04627044,0.96455395,0.03544605,2.919,FALSE,SHARED_SPATIAL_EVIDENCE_ONLY,NO_INDEPENDENT_LEAF_SPATIAL_EVIDENCE,False,False,G4_G3_SCIENTIFIC_POLICY_V1,PENDING_OWNER_REVIEW
NGIQ-BR-00000635,Area p24c.pd24cv (pACC) left,left,JULICH_BRAIN_CYTOARCHITECTONIC_ATLAS_V3_1_AREA_P24C_PACC,AREA_P24C_PACC_LEFT.nii.gz,SHARED_SPATIAL_EVIDENCE,NGIQ-BR-00000193,CG_L_7_7,0.32204003,417.4004616,NGIQ-BR-00000185,0.43082422,0.38455378,0.04627044,0.96455395,0.03544605,2.919,FALSE,SHARED_SPATIAL_EVIDENCE_ONLY,NO_INDEPENDENT_LEAF_SPATIAL_EVIDENCE,False,False,G4_G3_SCIENTIFIC_POLICY_V1,PENDING_OWNER_REVIEW
NGIQ-BR-00000636,Area p24c.pv24c (pACC) left,left,JULICH_BRAIN_CYTOARCHITECTONIC_ATLAS_V3_1_AREA_P24C_PACC,AREA_P24C_PACC_LEFT.nii.gz,SHARED_SPATIAL_EVIDENCE,NGIQ-BR-00000193,CG_L_7_7,0.32204003,417.4004616,NGIQ-BR-00000185,0.43082422,0.38455378,0.04627044,0.96455395,0.03544605,2.919,FALSE,SHARED_SPATIAL_EVIDENCE_ONLY,NO_INDEPENDENT_LEAF_SPATIAL_EVIDENCE,False,False,G4_G3_SCIENTIFIC_POLICY_V1,PENDING_OWNER_REVIEW
NGIQ-BR-00000637,Area 25.25a (sACC) right,right,JULICH_BRAIN_CYTOARCHITECTONIC_ATLAS_V3_1_AREA_25_SACC,AREA_25_SACC_RIGHT.nii.gz,SHARED_SPATIAL_EVIDENCE,NGIQ-BR-00000066,OrG_R_6_5,0.4148283,138.27659278,NGIQ-BR-00000066,0.44490675,0.38640591,0.05850084,0.93526545,0.06473455,2.6244,TRUE,SHARED_SPATIAL_EVIDENCE_ONLY,NO_INDEPENDENT_LEAF_SPATIAL_EVIDENCE,False,False,G4_G3_SCIENTIFIC_POLICY_V1,PENDING_OWNER_REVIEW
NGIQ-BR-00000638,Area 25.25p (sACC) right,right,JULICH_BRAIN_CYTOARCHITECTONIC_ATLAS_V3_1_AREA_25_SACC,AREA_25_SACC_RIGHT.nii.gz,SHARED_SPATIAL_EVIDENCE,NGIQ-BR-00000066,OrG_R_6_5,0.4148283,138.27659278,NGIQ-BR-00000066,0.44490675,0.38640591,0.05850084,0.93526545,0.06473455,2.6244,TRUE,SHARED_SPATIAL_EVIDENCE_ONLY,NO_INDEPENDENT_LEAF_SPATIAL_EVIDENCE,False,False,G4_G3_SCIENTIFIC_POLICY_V1,PENDING_OWNER_REVIEW
NGIQ-BR-00000639,Area 25.25a (sACC) left,left,JULICH_BRAIN_CYTOARCHITECTONIC_ATLAS_V3_1_AREA_25_SACC,AREA_25_SACC_LEFT.nii.gz,SHARED_SPATIAL_EVIDENCE,NGIQ-BR-00000065,OrG_L_6_5,0.67576347,200.83920005,NGIQ-BR-00000065,0.7365528,0.13487667,0.60167613,0.92108755,0.07891245,1.9028,TRUE,SHARED_SPATIAL_EVIDENCE_ONLY,NO_INDEPENDENT_LEAF_SPATIAL_EVIDENCE,False,False,G4_G3_SCIENTIFIC_POLICY_V1,PENDING_OWNER_REVIEW
NGIQ-BR-00000640,Area 25.25p (sACC) left,left,JULICH_BRAIN_CYTOARCHITECTONIC_ATLAS_V3_1_AREA_25_SACC,AREA_25_SACC_LEFT.nii.gz,SHARED_SPATIAL_EVIDENCE,NGIQ-BR-00000065,OrG_L_6_5,0.67576347,200.83920005,NGIQ-BR-00000065,0.7365528,0.13487667,0.60167613,0.92108755,0.07891245,1.9028,TRUE,SHARED_SPATIAL_EVIDENCE_ONLY,NO_INDEPENDENT_LEAF_SPATIAL_EVIDENCE,False,False,G4_G3_SCIENTIFIC_POLICY_V1,PENDING_OWNER_REVIEW
NGIQ-BR-00000641,Area p24ab.p24a (pACC) right,right,JULICH_BRAIN_CYTOARCHITECTONIC_ATLAS_V3_1_AREA_P24AB_PACC,AREA_P24AB_PACC_RIGHT.nii.gz,SHARED_SPATIAL_EVIDENCE,NGIQ-BR-00000194,CG_R_7_7,0.44262864,399.42159962,NGIQ-BR-00000194,0.57189325,0.16322673,0.40866653,0.93017204,0.06982796,3.3443,TRUE,SHARED_SPATIAL_EVIDENCE_ONLY,NO_INDEPENDENT_LEAF_SPATIAL_EVIDENCE,False,False,G4_G3_SCIENTIFIC_POLICY_V1,PENDING_OWNER_REVIEW
NGIQ-BR-00000642,Area p24ab.p24b (pACC) right,right,JULICH_BRAIN_CYTOARCHITECTONIC_ATLAS_V3_1_AREA_P24AB_PACC,AREA_P24AB_PACC_RIGHT.nii.gz,SHARED_SPATIAL_EVIDENCE,NGIQ-BR-00000194,CG_R_7_7,0.44262864,399.42159962,NGIQ-BR-00000194,0.57189325,0.16322673,0.40866653,0.93017204,0.06982796,3.3443,TRUE,SHARED_SPATIAL_EVIDENCE_ONLY,NO_INDEPENDENT_LEAF_SPATIAL_EVIDENCE,False,False,G4_G3_SCIENTIFIC_POLICY_V1,PENDING_OWNER_REVIEW
NGIQ-BR-00000643,Area p24ab.p24a (pACC) left,left,JULICH_BRAIN_CYTOARCHITECTONIC_ATLAS_V3_1_AREA_P24AB_PACC,AREA_P24AB_PACC_LEFT.nii.gz,SHARED_SPATIAL_EVIDENCE,NGIQ-BR-00000193,CG_L_7_7,0.49586214,467.81688062,NGIQ-BR-00000193,0.65891131,0.22938902,0.42952229,0.95663341,0.04336659,2.3645,TRUE,SHARED_SPATIAL_EVIDENCE_ONLY,NO_INDEPENDENT_LEAF_SPATIAL_EVIDENCE,False,False,G4_G3_SCIENTIFIC_POLICY_V1,PENDING_OWNER_REVIEW
NGIQ-BR-00000644,Area p24ab.p24b (pACC) left,left,JULICH_BRAIN_CYTOARCHITECTONIC_ATLAS_V3_1_AREA_P24AB_PACC,AREA_P24AB_PACC_LEFT.nii.gz,SHARED_SPATIAL_EVIDENCE,NGIQ-BR-00000193,CG_L_7_7,0.49586214,467.81688062,NGIQ-BR-00000193,0.65891131,0.22938902,0.42952229,0.95663341,0.04336659,2.3645,TRUE,SHARED_SPATIAL_EVIDENCE_ONLY,NO_INDEPENDENT_LEAF_SPATIAL_EVIDENCE,False,False,G4_G3_SCIENTIFIC_POLICY_V1,PENDING_OWNER_REVIEW
NGIQ-BR-00000645,Area s32 (sACC) right,right,JULICH_BRAIN_CYTOARCHITECTONIC_ATLAS_V3_1_AREA_S32_SACC,AREA_S32_SACC_RIGHT.nii.gz,DIRECT_CANONICAL_SPATIAL_EVIDENCE,NGIQ-BR-00000058,OrG_R_6_1,0.58362909,441.70874545,NGIQ-BR-00000058,0.71323587,0.18738901,0.52584686,0.96517187,0.03482813,2.1544,TRUE,APPROVE_DOMINANT_OVERLAP,DOMINANT_CRITERIA_V1,False,False,G4_G3_SCIENTIFIC_POLICY_V1,PENDING_OWNER_REVIEW
NGIQ-BR-00000646,Area s32 (sACC) left,left,JULICH_BRAIN_CYTOARCHITECTONIC_ATLAS_V3_1_AREA_S32_SACC,AREA_S32_SACC_LEFT.nii.gz,DIRECT_CANONICAL_SPATIAL_EVIDENCE,NGIQ-BR-00000065,OrG_L_6_5,0.32242273,319.43477586,NGIQ-BR-00000065,0.38474468,0.33281317,0.05193151,0.91223162,0.08776838,2.9303,TRUE,PARTIAL_OVERLAP,PARTIAL_CRITERIA_V1,False,False,G4_G3_SCIENTIFIC_POLICY_V1,PENDING_OWNER_REVIEW
NGIQ-BR-00000647,Area 33 (ACC) right,right,JULICH_BRAIN_CYTOARCHITECTONIC_ATLAS_V3_1_AREA_33_ACC,AREA_33_ACC_RIGHT.nii.gz,DIRECT_CANONICAL_SPATIAL_EVIDENCE,NGIQ-BR-00000184,CG_R_7_2,0.19364426,251.89420895,NGIQ-BR-00000184,0.34547233,0.09425489,0.25121743,0.65519333,0.34480667,4.145,TRUE,CONFLICT_REVIEW,HIGH_FRAGMENTATION,False,False,G4_G3_SCIENTIFIC_POLICY_V1,PENDING_OWNER_REVIEW
NGIQ-BR-00000648,Area 33 (ACC) left,left,JULICH_BRAIN_CYTOARCHITECTONIC_ATLAS_V3_1_AREA_33_ACC,AREA_33_ACC_LEFT.nii.gz,DIRECT_CANONICAL_SPATIAL_EVIDENCE,NGIQ-BR-00000183,CG_L_7_2,0.14063111,134.14736979,NGIQ-BR-00000183,0.23230956,0.16770729,0.06460227,0.55896244,0.44103756,4.3833,TRUE,CONFLICT_REVIEW,HIGH_FRAGMENTATION,False,False,G4_G3_SCIENTIFIC_POLICY_V1,PENDING_OWNER_REVIEW
NGIQ-BR-00000649,Area p32 (pACC) right,right,JULICH_BRAIN_CYTOARCHITECTONIC_ATLAS_V3_1_AREA_P32_PACC,AREA_P32_PACC_RIGHT.nii.gz,DIRECT_CANONICAL_SPATIAL_EVIDENCE,NGIQ-BR-00000032,SFG_R_7_7,0.37272752,1337.38358572,NGIQ-BR-00000032,0.40625572,0.29018671,0.11606901,0.89157262,0.10842738,3.2558,TRUE,PARTIAL_OVERLAP,PARTIAL_CRITERIA_V1,False,False,G4_G3_SCIENTIFIC_POLICY_V1,PENDING_OWNER_REVIEW
NGIQ-BR-00000650,Area p32 (pACC) left,left,JULICH_BRAIN_CYTOARCHITECTONIC_ATLAS_V3_1_AREA_P32_PACC,AREA_P32_PACC_LEFT.nii.gz,DIRECT_CANONICAL_SPATIAL_EVIDENCE,NGIQ-BR-00000031,SFG_L_7_7,0.45679932,1873.97063168,NGIQ-BR-00000031,0.51366012,0.19577155,0.31788858,0.91064422,0.08935578,3.3647,TRUE,APPROVE_DOMINANT_OVERLAP,DOMINANT_CRITERIA_V1,False,False,G4_G3_SCIENTIFIC_POLICY_V1,PENDING_OWNER_REVIEW
NGIQ-BR-00000651,Area s24.s24a (sACC) right,right,JULICH_BRAIN_CYTOARCHITECTONIC_ATLAS_V3_1_AREA_S24_SACC,AREA_S24_SACC_RIGHT.nii.gz,SHARED_SPATIAL_EVIDENCE,NGIQ-BR-00000066,OrG_R_6_5,0.29827792,231.96963019,NGIQ-BR-00000066,0.35477236,0.20645357,0.14831878,0.85943714,0.14056286,4.2103,TRUE,SHARED_SPATIAL_EVIDENCE_ONLY,NO_INDEPENDENT_LEAF_SPATIAL_EVIDENCE,False,False,G4_G3_SCIENTIFIC_POLICY_V1,PENDING_OWNER_REVIEW
NGIQ-BR-00000652,Area s24.s24b (sACC) right,right,JULICH_BRAIN_CYTOARCHITECTONIC_ATLAS_V3_1_AREA_S24_SACC,AREA_S24_SACC_RIGHT.nii.gz,SHARED_SPATIAL_EVIDENCE,NGIQ-BR-00000066,OrG_R_6_5,0.29827792,231.96963019,NGIQ-BR-00000066,0.35477236,0.20645357,0.14831878,0.85943714,0.14056286,4.2103,TRUE,SHARED_SPATIAL_EVIDENCE_ONLY,NO_INDEPENDENT_LEAF_SPATIAL_EVIDENCE,False,False,G4_G3_SCIENTIFIC_POLICY_V1,PENDING_OWNER_REVIEW
NGIQ-BR-00000653,Area s24.s24a (sACC) left,left,JULICH_BRAIN_CYTOARCHITECTONIC_ATLAS_V3_1_AREA_S24_SACC,AREA_S24_SACC_LEFT.nii.gz,SHARED_SPATIAL_EVIDENCE,NGIQ-BR-00000193,CG_L_7_7,0.37822036,245.97755483,NGIQ-BR-00000193,0.52711863,0.36678111,0.16033751,0.91612144,0.08387856,2.2271,TRUE,SHARED_SPATIAL_EVIDENCE_ONLY,NO_INDEPENDENT_LEAF_SPATIAL_EVIDENCE,False,False,G4_G3_SCIENTIFIC_POLICY_V1,PENDING_OWNER_REVIEW
NGIQ-BR-00000654,Area s24.s24b (sACC) left,left,JULICH_BRAIN_CYTOARCHITECTONIC_ATLAS_V3_1_AREA_S24_SACC,AREA_S24_SACC_LEFT.nii.gz,SHARED_SPATIAL_EVIDENCE,NGIQ-BR-00000193,CG_L_7_7,0.37822036,245.97755483,NGIQ-BR-00000193,0.52711863,0.36678111,0.16033751,0.91612144,0.08387856,2.2271,TRUE,SHARED_SPATIAL_EVIDENCE_ONLY,NO_INDEPENDENT_LEAF_SPATIAL_EVIDENCE,False,False,G4_G3_SCIENTIFIC_POLICY_V1,PENDING_OWNER_REVIEW
NGIQ-BR-00000655,"Area PirT.Tit (PiriformCortexMesial, Piriform temporal Area, Incisura temporalis) right",right,JULICH_BRAIN_CYTOARCHITECTONIC_ATLAS_V3_1_AREA_PIRT_PIRIFORMCORTEXMESIAL_TEMPORAL,AREA_PIRT_PIRIFORMCORTEXMESIAL_TEMPORAL_RIGHT.nii.gz,SHARED_SPATIAL_EVIDENCE,NGIQ-BR-00000006,STG_R_6_1,0.6699076,321.69119363,NGIQ-BR-00000006,0.77193122,0.01922434,0.75270689,0.79897363,0.20102637,1.2039,TRUE,SHARED_SPATIAL_EVIDENCE_ONLY,NO_INDEPENDENT_LEAF_SPATIAL_EVIDENCE,False,False,G4_G3_SCIENTIFIC_POLICY_V1,PENDING_OWNER_REVIEW
NGIQ-BR-00000656,"Area PirT.Tu (PiriformCortexMesial, Piriform temporal Area, Uncus) right",right,JULICH_BRAIN_CYTOARCHITECTONIC_ATLAS_V3_1_AREA_PIRT_PIRIFORMCORTEXMESIAL_TEMPORAL,AREA_PIRT_PIRIFORMCORTEXMESIAL_TEMPORAL_RIGHT.nii.gz,SHARED_SPATIAL_EVIDENCE,NGIQ-BR-00000006,STG_R_6_1,0.6699076,321.69119363,NGIQ-BR-00000006,0.77193122,0.01922434,0.75270689,0.79897363,0.20102637,1.2039,TRUE,SHARED_SPATIAL_EVIDENCE_ONLY,NO_INDEPENDENT_LEAF_SPATIAL_EVIDENCE,False,False,G4_G3_SCIENTIFIC_POLICY_V1,PENDING_OWNER_REVIEW
NGIQ-BR-00000657,"Area PirT.Tit (PiriformCortexMesial, Piriform temporal Area, Incisura temporalis) left",left,JULICH_BRAIN_CYTOARCHITECTONIC_ATLAS_V3_1_AREA_PIRT_PIRIFORMCORTEXMESIAL_TEMPORAL,AREA_PIRT_PIRIFORMCORTEXMESIAL_TEMPORAL_LEFT.nii.gz,SHARED_SPATIAL_EVIDENCE,NGIQ-BR-00000005,STG_L_6_1,0.36536999,341.19471344,NGIQ-BR-00000005,0.5148509,0.16276774,0.35208317,0.76259743,0.23740257,2.8433,TRUE,SHARED_SPATIAL_EVIDENCE_ONLY,NO_INDEPENDENT_LEAF_SPATIAL_EVIDENCE,False,False,G4_G3_SCIENTIFIC_POLICY_V1,PENDING_OWNER_REVIEW
NGIQ-BR-00000658,"Area PirT.Tu (PiriformCortexMesial, Piriform temporal Area, Uncus) left",left,JULICH_BRAIN_CYTOARCHITECTONIC_ATLAS_V3_1_AREA_PIRT_PIRIFORMCORTEXMESIAL_TEMPORAL,AREA_PIRT_PIRIFORMCORTEXMESIAL_TEMPORAL_LEFT.nii.gz,SHARED_SPATIAL_EVIDENCE,NGIQ-BR-00000005,STG_L_6_1,0.36536999,341.19471344,NGIQ-BR-00000005,0.5148509,0.16276774,0.35208317,0.76259743,0.23740257,2.8433,TRUE,SHARED_SPATIAL_EVIDENCE_ONLY,NO_INDEPENDENT_LEAF_SPATIAL_EVIDENCE,False,False,G4_G3_SCIENTIFIC_POLICY_V1,PENDING_OWNER_REVIEW
NGIQ-BR-00000659,"Area PirTB.TBd (PiriformCortexMesial, Piriform temporobasal Area, dorsal part) right",right,JULICH_BRAIN_CYTOARCHITECTONIC_ATLAS_V3_1_AREA_PIRTB_PIRIFORMCORTEXMESIAL_TEMPOROBASAL,AREA_PIRTB_PIRIFORMCORTEXMESIAL_TEMPOROBASAL_RIGHT.nii.gz,SHARED_SPATIAL_EVIDENCE,NGIQ-BR-00000172,INS_R_6_2,0.08588584,16.23197833,NGIQ-BR-00000172,0.12101112,0.01416285,0.10684826,0.14540823,0.85459177,1.8874,TRUE,SHARED_SPATIAL_EVIDENCE_ONLY,NO_INDEPENDENT_LEAF_SPATIAL_EVIDENCE,False,False,G4_G3_SCIENTIFIC_POLICY_V1,PENDING_OWNER_REVIEW
NGIQ-BR-00000660,"Area PirTB.TBv (PiriformCortexMesial, Piriform temporobasal Area, ventral part) right",right,JULICH_BRAIN_CYTOARCHITECTONIC_ATLAS_V3_1_AREA_PIRTB_PIRIFORMCORTEXMESIAL_TEMPOROBASAL,AREA_PIRTB_PIRIFORMCORTEXMESIAL_TEMPOROBASAL_RIGHT.nii.gz,SHARED_SPATIAL_EVIDENCE,NGIQ-BR-00000172,INS_R_6_2,0.08588584,16.23197833,NGIQ-BR-00000172,0.12101112,0.01416285,0.10684826,0.14540823,0.85459177,1.8874,TRUE,SHARED_SPATIAL_EVIDENCE_ONLY,NO_INDEPENDENT_LEAF_SPATIAL_EVIDENCE,False,False,G4_G3_SCIENTIFIC_POLICY_V1,PENDING_OWNER_REVIEW
NGIQ-BR-00000661,"Area PirTB.TBd (PiriformCortexMesial, Piriform temporobasal Area, dorsal part) left",left,JULICH_BRAIN_CYTOARCHITECTONIC_ATLAS_V3_1_AREA_PIRTB_PIRIFORMCORTEXMESIAL_TEMPOROBASAL,AREA_PIRTB_PIRIFORMCORTEXMESIAL_TEMPOROBASAL_LEFT.nii.gz,SHARED_SPATIAL_EVIDENCE,NGIQ-BR-00000065,OrG_L_6_5,0.15491425,17.61590503,NGIQ-BR-00000065,0.15591584,0.03697144,0.1189444,0.20597459,0.79402541,2.1193,TRUE,SHARED_SPATIAL_EVIDENCE_ONLY,NO_INDEPENDENT_LEAF_SPATIAL_EVIDENCE,False,False,G4_G3_SCIENTIFIC_POLICY_V1,PENDING_OWNER_REVIEW
NGIQ-BR-00000662,"Area PirTB.TBv (PiriformCortexMesial, Piriform temporobasal Area, ventral part) left",left,JULICH_BRAIN_CYTOARCHITECTONIC_ATLAS_V3_1_AREA_PIRTB_PIRIFORMCORTEXMESIAL_TEMPOROBASAL,AREA_PIRTB_PIRIFORMCORTEXMESIAL_TEMPOROBASAL_LEFT.nii.gz,SHARED_SPATIAL_EVIDENCE,NGIQ-BR-00000065,OrG_L_6_5,0.15491425,17.61590503,NGIQ-BR-00000065,0.15591584,0.03697144,0.1189444,0.20597459,0.79402541,2.1193,TRUE,SHARED_SPATIAL_EVIDENCE_ONLY,NO_INDEPENDENT_LEAF_SPATIAL_EVIDENCE,False,False,G4_G3_SCIENTIFIC_POLICY_V1,PENDING_OWNER_REVIEW
NGIQ-BR-00000663,HATA (Hippocampus) right,right,JULICH_BRAIN_CYTOARCHITECTONIC_ATLAS_V3_1_HATA_HIPPOCAMPUS,HATA_HIPPOCAMPUS_RIGHT.nii.gz,DIRECT_CANONICAL_SPATIAL_EVIDENCE,NGIQ-BR-00000018,Hipp_R_2_1,0.83427827,137.19549673,NGIQ-BR-00000018,0.80593787,0.16884919,0.63708867,0.97479936,0.02520064,1.5858,TRUE,APPROVE_DOMINANT_OVERLAP,DOMINANT_CRITERIA_V1,False,False,G4_G3_SCIENTIFIC_POLICY_V1,PENDING_OWNER_REVIEW
NGIQ-BR-00000664,HATA (Hippocampus) left,left,JULICH_BRAIN_CYTOARCHITECTONIC_ATLAS_V3_1_HATA_HIPPOCAMPUS,HATA_HIPPOCAMPUS_LEFT.nii.gz,DIRECT_CANONICAL_SPATIAL_EVIDENCE,NGIQ-BR-00000017,Hipp_L_2_1,0.84393187,147.25101368,NGIQ-BR-00000017,0.87425324,0.01510962,0.85914362,0.89103279,0.10896721,1.1047,TRUE,APPROVE_CONTAINED_IN,CONTAINED_CRITERIA_V1,True,True,G4_G3_SCIENTIFIC_POLICY_V1,PENDING_OWNER_REVIEW
NGIQ-BR-00000665,CA3 (Hippocampus) right,right,JULICH_BRAIN_CYTOARCHITECTONIC_ATLAS_V3_1_CA3_HIPPOCAMPUS,CA3_HIPPOCAMPUS_RIGHT.nii.gz,DIRECT_CANONICAL_SPATIAL_EVIDENCE,NGIQ-BR-00000018,Hipp_R_2_1,0.47855232,374.58847238,NGIQ-BR-00000220,0.49659706,0.31565866,0.1809384,0.86393073,0.13606927,2.5436,FALSE,CONFLICT_REVIEW,PROBABILITY_HARDLABEL_TOP1_DISAGREEMENT,False,False,G4_G3_SCIENTIFIC_POLICY_V1,PENDING_OWNER_REVIEW
NGIQ-BR-00000666,CA3 (Hippocampus) left,left,JULICH_BRAIN_CYTOARCHITECTONIC_ATLAS_V3_1_CA3_HIPPOCAMPUS,CA3_HIPPOCAMPUS_LEFT.nii.gz,DIRECT_CANONICAL_SPATIAL_EVIDENCE,NGIQ-BR-00000017,Hipp_L_2_1,0.49856208,391.35073405,NGIQ-BR-00000219,0.4862059,0.42061205,0.06559384,0.94356872,0.05643128,2.3946,FALSE,CONFLICT_REVIEW,PROBABILITY_HARDLABEL_TOP1_DISAGREEMENT,False,False,G4_G3_SCIENTIFIC_POLICY_V1,PENDING_OWNER_REVIEW
NGIQ-BR-00000667,"TrS (Hippocampus, Transsubiculum) right",right,JULICH_BRAIN_CYTOARCHITECTONIC_ATLAS_V3_1_TRS_HIPPOCAMPUS_TRANSSUBICULUM,TRS_HIPPOCAMPUS_TRANSSUBICULUM_RIGHT.nii.gz,DIRECT_CANONICAL_SPATIAL_EVIDENCE,NGIQ-BR-00000132,PhG_R_6_6,0.27596713,118.49766381,NGIQ-BR-00000132,0.43747561,0.13905667,0.29841894,0.84319913,0.15680087,4.6694,TRUE,CONFLICT_REVIEW,HIGH_FRAGMENTATION,False,False,G4_G3_SCIENTIFIC_POLICY_V1,PENDING_OWNER_REVIEW
NGIQ-BR-00000668,"TrS (Hippocampus, Transsubiculum) left",left,JULICH_BRAIN_CYTOARCHITECTONIC_ATLAS_V3_1_TRS_HIPPOCAMPUS_TRANSSUBICULUM,TRS_HIPPOCAMPUS_TRANSSUBICULUM_LEFT.nii.gz,DIRECT_CANONICAL_SPATIAL_EVIDENCE,NGIQ-BR-00000131,PhG_L_6_6,0.32546699,123.72704773,NGIQ-BR-00000131,0.45788102,0.12036858,0.33751244,0.81236958,0.18763042,4.2797,TRUE,CONFLICT_REVIEW,HIGH_FRAGMENTATION,False,False,G4_G3_SCIENTIFIC_POLICY_V1,PENDING_OWNER_REVIEW
NGIQ-BR-00000669,"Subc.PaS (Hippocampus, Parasubiculum) right",right,JULICH_BRAIN_CYTOARCHITECTONIC_ATLAS_V3_1_SUBC_HIPPOCAMPUS_SUBICULAR_COMPLEX,SUBC_HIPPOCAMPUS_SUBICULAR_COMPLEX_RIGHT.nii.gz,SHARED_SPATIAL_EVIDENCE,NGIQ-BR-00000018,Hipp_R_2_1,0.27907228,720.89567526,NGIQ-BR-00000018,0.25389957,0.23845531,0.01544426,0.7886398,0.2113602,6.6599,TRUE,SHARED_SPATIAL_EVIDENCE_ONLY,NO_INDEPENDENT_LEAF_SPATIAL_EVIDENCE,False,False,G4_G3_SCIENTIFIC_POLICY_V1,PENDING_OWNER_REVIEW
NGIQ-BR-00000670,"Subc.PreS (Hippocampus, Presubiculum) right",right,JULICH_BRAIN_CYTOARCHITECTONIC_ATLAS_V3_1_SUBC_HIPPOCAMPUS_SUBICULAR_COMPLEX,SUBC_HIPPOCAMPUS_SUBICULAR_COMPLEX_RIGHT.nii.gz,SHARED_SPATIAL_EVIDENCE,NGIQ-BR-00000018,Hipp_R_2_1,0.27907228,720.89567526,NGIQ-BR-00000018,0.25389957,0.23845531,0.01544426,0.7886398,0.2113602,6.6599,TRUE,SHARED_SPATIAL_EVIDENCE_ONLY,NO_INDEPENDENT_LEAF_SPATIAL_EVIDENCE,False,False,G4_G3_SCIENTIFIC_POLICY_V1,PENDING_OWNER_REVIEW
NGIQ-BR-00000671,"Subc.ProS (Hippocampus, Prosubiculum) right",right,JULICH_BRAIN_CYTOARCHITECTONIC_ATLAS_V3_1_SUBC_HIPPOCAMPUS_SUBICULAR_COMPLEX,SUBC_HIPPOCAMPUS_SUBICULAR_COMPLEX_RIGHT.nii.gz,SHARED_SPATIAL_EVIDENCE,NGIQ-BR-00000018,Hipp_R_2_1,0.27907228,720.89567526,NGIQ-BR-00000018,0.25389957,0.23845531,0.01544426,0.7886398,0.2113602,6.6599,TRUE,SHARED_SPATIAL_EVIDENCE_ONLY,NO_INDEPENDENT_LEAF_SPATIAL_EVIDENCE,False,False,G4_G3_SCIENTIFIC_POLICY_V1,PENDING_OWNER_REVIEW
NGIQ-BR-00000672,"Subc.Sub (Hippocampus, Subiculum) right",right,JULICH_BRAIN_CYTOARCHITECTONIC_ATLAS_V3_1_SUBC_HIPPOCAMPUS_SUBICULAR_COMPLEX,SUBC_HIPPOCAMPUS_SUBICULAR_COMPLEX_RIGHT.nii.gz,SHARED_SPATIAL_EVIDENCE,NGIQ-BR-00000018,Hipp_R_2_1,0.27907228,720.89567526,NGIQ-BR-00000018,0.25389957,0.23845531,0.01544426,0.7886398,0.2113602,6.6599,TRUE,SHARED_SPATIAL_EVIDENCE_ONLY,NO_INDEPENDENT_LEAF_SPATIAL_EVIDENCE,False,False,G4_G3_SCIENTIFIC_POLICY_V1,PENDING_OWNER_REVIEW
NGIQ-BR-00000673,"Subc.PaS (Hippocampus, Parasubiculum) left",left,JULICH_BRAIN_CYTOARCHITECTONIC_ATLAS_V3_1_SUBC_HIPPOCAMPUS_SUBICULAR_COMPLEX,SUBC_HIPPOCAMPUS_SUBICULAR_COMPLEX_LEFT.nii.gz,SHARED_SPATIAL_EVIDENCE,NGIQ-BR-00000017,Hipp_L_2_1,0.22605679,609.56275692,NGIQ-BR-00000017,0.22747006,0.20841966,0.0190504,0.79195563,0.20804437,6.6654,TRUE,SHARED_SPATIAL_EVIDENCE_ONLY,NO_INDEPENDENT_LEAF_SPATIAL_EVIDENCE,False,False,G4_G3_SCIENTIFIC_POLICY_V1,PENDING_OWNER_REVIEW
NGIQ-BR-00000674,"Subc.PreS (Hippocampus, Presubiculum) left",left,JULICH_BRAIN_CYTOARCHITECTONIC_ATLAS_V3_1_SUBC_HIPPOCAMPUS_SUBICULAR_COMPLEX,SUBC_HIPPOCAMPUS_SUBICULAR_COMPLEX_LEFT.nii.gz,SHARED_SPATIAL_EVIDENCE,NGIQ-BR-00000017,Hipp_L_2_1,0.22605679,609.56275692,NGIQ-BR-00000017,0.22747006,0.20841966,0.0190504,0.79195563,0.20804437,6.6654,TRUE,SHARED_SPATIAL_EVIDENCE_ONLY,NO_INDEPENDENT_LEAF_SPATIAL_EVIDENCE,False,False,G4_G3_SCIENTIFIC_POLICY_V1,PENDING_OWNER_REVIEW
NGIQ-BR-00000675,"Subc.ProS (Hippocampus, Prosubiculum) left",left,JULICH_BRAIN_CYTOARCHITECTONIC_ATLAS_V3_1_SUBC_HIPPOCAMPUS_SUBICULAR_COMPLEX,SUBC_HIPPOCAMPUS_SUBICULAR_COMPLEX_LEFT.nii.gz,SHARED_SPATIAL_EVIDENCE,NGIQ-BR-00000017,Hipp_L_2_1,0.22605679,609.56275692,NGIQ-BR-00000017,0.22747006,0.20841966,0.0190504,0.79195563,0.20804437,6.6654,TRUE,SHARED_SPATIAL_EVIDENCE_ONLY,NO_INDEPENDENT_LEAF_SPATIAL_EVIDENCE,False,False,G4_G3_SCIENTIFIC_POLICY_V1,PENDING_OWNER_REVIEW
NGIQ-BR-00000676,"Subc.Sub (Hippocampus, Subiculum) left",left,JULICH_BRAIN_CYTOARCHITECTONIC_ATLAS_V3_1_SUBC_HIPPOCAMPUS_SUBICULAR_COMPLEX,SUBC_HIPPOCAMPUS_SUBICULAR_COMPLEX_LEFT.nii.gz,SHARED_SPATIAL_EVIDENCE,NGIQ-BR-00000017,Hipp_L_2_1,0.22605679,609.56275692,NGIQ-BR-00000017,0.22747006,0.20841966,0.0190504,0.79195563,0.20804437,6.6654,TRUE,SHARED_SPATIAL_EVIDENCE_ONLY,NO_INDEPENDENT_LEAF_SPATIAL_EVIDENCE,False,False,G4_G3_SCIENTIFIC_POLICY_V1,PENDING_OWNER_REVIEW
NGIQ-BR-00000677,DG (Hippocampus) right,right,JULICH_BRAIN_CYTOARCHITECTONIC_ATLAS_V3_1_DG_HIPPOCAMPUS,DG_HIPPOCAMPUS_RIGHT.nii.gz,DIRECT_CANONICAL_SPATIAL_EVIDENCE,NGIQ-BR-00000220,Hipp_R_2_2,0.49366731,638.45640662,NGIQ-BR-00000220,0.69180234,0.1878754,0.50392694,0.93273957,0.06726043,2.1931,TRUE,APPROVE_DOMINANT_OVERLAP,DOMINANT_CRITERIA_V1,False,False,G4_G3_SCIENTIFIC_POLICY_V1,PENDING_OWNER_REVIEW
NGIQ-BR-00000678,DG (Hippocampus) left,left,JULICH_BRAIN_CYTOARCHITECTONIC_ATLAS_V3_1_DG_HIPPOCAMPUS,DG_HIPPOCAMPUS_LEFT.nii.gz,DIRECT_CANONICAL_SPATIAL_EVIDENCE,NGIQ-BR-00000219,Hipp_L_2_2,0.56315811,770.05674993,NGIQ-BR-00000219,0.66896936,0.24308493,0.42588444,0.96645798,0.03354202,2.3527,TRUE,APPROVE_DOMINANT_OVERLAP,DOMINANT_CRITERIA_V1,False,False,G4_G3_SCIENTIFIC_POLICY_V1,PENDING_OWNER_REVIEW
NGIQ-BR-00000679,CA2 (Hippocampus) right,right,JULICH_BRAIN_CYTOARCHITECTONIC_ATLAS_V3_1_CA2_HIPPOCAMPUS,CA2_HIPPOCAMPUS_RIGHT.nii.gz,DIRECT_CANONICAL_SPATIAL_EVIDENCE,NGIQ-BR-00000018,Hipp_R_2_1,0.51168634,464.50297809,NGIQ-BR-00000220,0.47260042,0.35035556,0.12224486,0.85210839,0.14789161,2.3365,FALSE,CONFLICT_REVIEW,PROBABILITY_HARDLABEL_TOP1_DISAGREEMENT,False,False,G4_G3_SCIENTIFIC_POLICY_V1,PENDING_OWNER_REVIEW
NGIQ-BR-00000680,CA2 (Hippocampus) left,left,JULICH_BRAIN_CYTOARCHITECTONIC_ATLAS_V3_1_CA2_HIPPOCAMPUS,CA2_HIPPOCAMPUS_LEFT.nii.gz,DIRECT_CANONICAL_SPATIAL_EVIDENCE,NGIQ-BR-00000017,Hipp_L_2_1,0.52460036,419.26041865,NGIQ-BR-00000017,0.49804317,0.35411959,0.14392358,0.90067756,0.09932244,2.4099,TRUE,PARTIAL_OVERLAP,PARTIAL_CRITERIA_V1,False,False,G4_G3_SCIENTIFIC_POLICY_V1,PENDING_OWNER_REVIEW
NGIQ-BR-00000681,"Area EC (Hippocampal Region, Entorhinal Cortex) right",right,JULICH_BRAIN_CYTOARCHITECTONIC_ATLAS_V3_1_AREA_EC_HIPPOCAMPAL_REGION_ENTORHINAL_CORTEX,AREA_EC_HIPPOCAMPAL_REGION_ENTORHINAL_CORTEX_RIGHT.nii.gz,DIRECT_CANONICAL_SPATIAL_EVIDENCE,NGIQ-BR-00000122,PhG_R_6_1,0.19496701,542.82247746,NGIQ-BR-00000122,0.22129774,0.17276335,0.0485344,0.97200332,0.02799668,7.2902,TRUE,CONFLICT_REVIEW,HIGH_FRAGMENTATION,False,False,G4_G3_SCIENTIFIC_POLICY_V1,PENDING_OWNER_REVIEW
NGIQ-BR-00000682,"Area EC (Hippocampal Region, Entorhinal Cortex) left",left,JULICH_BRAIN_CYTOARCHITECTONIC_ATLAS_V3_1_AREA_EC_HIPPOCAMPAL_REGION_ENTORHINAL_CORTEX,AREA_EC_HIPPOCAMPAL_REGION_ENTORHINAL_CORTEX_LEFT.nii.gz,DIRECT_CANONICAL_SPATIAL_EVIDENCE,NGIQ-BR-00000121,PhG_L_6_1,0.19625711,486.54833699,NGIQ-BR-00000121,0.24699715,0.19000583,0.05699132,0.96828721,0.03171279,6.9977,TRUE,CONFLICT_REVIEW,HIGH_FRAGMENTATION,False,False,G4_G3_SCIENTIFIC_POLICY_V1,PENDING_OWNER_REVIEW
NGIQ-BR-00000683,CA1 (Hippocampus) right,right,JULICH_BRAIN_CYTOARCHITECTONIC_ATLAS_V3_1_CA1_HIPPOCAMPUS,CA1_HIPPOCAMPUS_RIGHT.nii.gz,DIRECT_CANONICAL_SPATIAL_EVIDENCE,NGIQ-BR-00000220,Hipp_R_2_2,0.39916268,1137.96432927,NGIQ-BR-00000220,0.54100372,0.19365383,0.34734989,0.86436431,0.13563569,3.3573,TRUE,APPROVE_DOMINANT_OVERLAP,DOMINANT_CRITERIA_V1,False,False,G4_G3_SCIENTIFIC_POLICY_V1,PENDING_OWNER_REVIEW
NGIQ-BR-00000684,CA1 (Hippocampus) left,left,JULICH_BRAIN_CYTOARCHITECTONIC_ATLAS_V3_1_CA1_HIPPOCAMPUS,CA1_HIPPOCAMPUS_LEFT.nii.gz,DIRECT_CANONICAL_SPATIAL_EVIDENCE,NGIQ-BR-00000219,Hipp_L_2_2,0.43272592,1150.68417529,NGIQ-BR-00000219,0.5010903,0.21062453,0.29046577,0.88680224,0.11319776,3.6335,TRUE,APPROVE_DOMINANT_OVERLAP,DOMINANT_CRITERIA_V1,False,False,G4_G3_SCIENTIFIC_POLICY_V1,PENDING_OWNER_REVIEW
NGIQ-BR-00000685,"TuTi (Basal Forebrain, Terminal islands) right",right,JULICH_BRAIN_CYTOARCHITECTONIC_ATLAS_V3_1_TUTI_BASAL_FOREBRAIN_TERMINAL_ISLANDS,TUTI_BASAL_FOREBRAIN_TERMINAL_ISLANDS_RIGHT.nii.gz,DIRECT_CANONICAL_SPATIAL_EVIDENCE,NGIQ-BR-00000225,BG_R_6_3,0.59157795,213.69369644,NGIQ-BR-00000225,0.74948049,0.12203659,0.62744389,0.87442014,0.12557986,1.5372,TRUE,APPROVE_DOMINANT_OVERLAP,DOMINANT_CRITERIA_V1,False,False,G4_G3_SCIENTIFIC_POLICY_V1,PENDING_OWNER_REVIEW
NGIQ-BR-00000686,"TuTi (Basal Forebrain, Terminal islands) left",left,JULICH_BRAIN_CYTOARCHITECTONIC_ATLAS_V3_1_TUTI_BASAL_FOREBRAIN_TERMINAL_ISLANDS,TUTI_BASAL_FOREBRAIN_TERMINAL_ISLANDS_LEFT.nii.gz,DIRECT_CANONICAL_SPATIAL_EVIDENCE,NGIQ-BR-00000065,OrG_L_6_5,0.42480696,136.53225085,NGIQ-BR-00000224,0.51052276,0.37300679,0.13751597,0.89161909,0.10838091,2.0809,FALSE,CONFLICT_REVIEW,PROBABILITY_HARDLABEL_TOP1_DISAGREEMENT,False,False,G4_G3_SCIENTIFIC_POLICY_V1,PENDING_OWNER_REVIEW
NGIQ-BR-00000687,"Tu (Basal Forebrain, Tuberculum) right",right,JULICH_BRAIN_CYTOARCHITECTONIC_ATLAS_V3_1_TU_BASAL_FOREBRAIN_TUBERCULUM,TU_BASAL_FOREBRAIN_TUBERCULUM_RIGHT.nii.gz,DIRECT_CANONICAL_SPATIAL_EVIDENCE,NGIQ-BR-00000225,BG_R_6_3,0.41101339,56.22324033,NGIQ-BR-00000225,0.57068185,0.18062689,0.39005496,0.75216543,0.24783457,1.7524,TRUE,APPROVE_DOMINANT_OVERLAP,DOMINANT_CRITERIA_V1,False,False,G4_G3_SCIENTIFIC_POLICY_V1,PENDING_OWNER_REVIEW
NGIQ-BR-00000688,"Tu (Basal Forebrain, Tuberculum) left",left,JULICH_BRAIN_CYTOARCHITECTONIC_ATLAS_V3_1_TU_BASAL_FOREBRAIN_TUBERCULUM,TU_BASAL_FOREBRAIN_TUBERCULUM_LEFT.nii.gz,DIRECT_CANONICAL_SPATIAL_EVIDENCE,NGIQ-BR-00000065,OrG_L_6_5,0.61608239,45.21932294,NGIQ-BR-00000065,0.59075544,0.40363814,0.18711731,0.99476768,0.00523232,1.9716,TRUE,PARTIAL_OVERLAP,PARTIAL_CRITERIA_V1,False,False,G4_G3_SCIENTIFIC_POLICY_V1,PENDING_OWNER_REVIEW
NGIQ-BR-00000689,"SNC (Midbrain, Substantia Nigra pars compacta) right",right,JULICH_BRAIN_CYTOARCHITECTONIC_ATLAS_V3_1_SNC_MIDBRAIN_SUBSTANTIA_NIGRA_PARS_COMPACTA,SNC_MIDBRAIN_SUBSTANTIA_NIGRA_PARS_COMPACTA_RIGHT.nii.gz,DIRECT_CANONICAL_SPATIAL_EVIDENCE,NGIQ-BR-00000132,PhG_R_6_6,4.4e-07,0.0002641,,,,,0.0,1.0,,NA,NO_G3_MAPPING,BNA_COVERAGE_GAP,False,False,G4_G3_SCIENTIFIC_POLICY_V1,PENDING_OWNER_REVIEW
NGIQ-BR-00000690,"SNC (Midbrain, Substantia Nigra pars compacta) left",left,JULICH_BRAIN_CYTOARCHITECTONIC_ATLAS_V3_1_SNC_MIDBRAIN_SUBSTANTIA_NIGRA_PARS_COMPACTA,SNC_MIDBRAIN_SUBSTANTIA_NIGRA_PARS_COMPACTA_LEFT.nii.gz,DIRECT_CANONICAL_SPATIAL_EVIDENCE,NGIQ-BR-00000235,Tha_L_8_3,5.077e-05,0.0267518,NGIQ-BR-00000235,2.261e-05,2.238e-05,2.3e-07,4.499e-05,0.99995501,2.0,TRUE,NO_G3_MAPPING,BNA_COVERAGE_GAP,False,False,G4_G3_SCIENTIFIC_POLICY_V1,PENDING_OWNER_REVIEW
NGIQ-BR-00000691,"SNR (Midbrain, Substantia Nigra pars reticulata) right",right,JULICH_BRAIN_CYTOARCHITECTONIC_ATLAS_V3_1_SNR_MIDBRAIN_SUBSTANTIA_NIGRA_PARS_RETICULATA,SNR_MIDBRAIN_SUBSTANTIA_NIGRA_PARS_RETICULATA_RIGHT.nii.gz,DIRECT_CANONICAL_SPATIAL_EVIDENCE,NGIQ-BR-00000018,Hipp_R_2_1,0.0032888,2.89393614,NGIQ-BR-00000018,0.00416891,3.051e-05,0.00413841,0.00420014,0.99579986,1.0457,TRUE,NO_G3_MAPPING,BNA_COVERAGE_GAP,False,False,G4_G3_SCIENTIFIC_POLICY_V1,PENDING_OWNER_REVIEW
NGIQ-BR-00000692,"SNR (Midbrain, Substantia Nigra pars reticulata) left",left,JULICH_BRAIN_CYTOARCHITECTONIC_ATLAS_V3_1_SNR_MIDBRAIN_SUBSTANTIA_NIGRA_PARS_RETICULATA,SNR_MIDBRAIN_SUBSTANTIA_NIGRA_PARS_RETICULATA_LEFT.nii.gz,DIRECT_CANONICAL_SPATIAL_EVIDENCE,NGIQ-BR-00000235,Tha_L_8_3,0.00147463,1.24972351,NGIQ-BR-00000245,0.00206202,0.00116705,0.00089498,0.00341583,0.99658417,2.2954,FALSE,NO_G3_MAPPING,BNA_COVERAGE_GAP,False,False,G4_G3_SCIENTIFIC_POLICY_V1,PENDING_OWNER_REVIEW
NGIQ-BR-00000693,"NRp (Midbrain, Nucleus Ruber, parvocellular part) right",right,JULICH_BRAIN_CYTOARCHITECTONIC_ATLAS_V3_1_NRP_MIDBRAIN_NUCLEUS_RUBER_PARVOCELLULAR_PART,NRP_MIDBRAIN_NUCLEUS_RUBER_PARVOCELLULAR_PART_RIGHT.nii.gz,DIRECT_CANONICAL_SPATIAL_EVIDENCE,NGIQ-BR-00000234,Tha_R_8_2,0.00257297,0.74200508,NGIQ-BR-00000234,0.00261611,,,0.00261611,0.99738389,1.0,TRUE,NO_G3_MAPPING,BNA_COVERAGE_GAP,False,False,G4_G3_SCIENTIFIC_POLICY_V1,PENDING_OWNER_REVIEW
NGIQ-BR-00000694,"NRp (Midbrain, Nucleus Ruber, parvocellular part) left",left,JULICH_BRAIN_CYTOARCHITECTONIC_ATLAS_V3_1_NRP_MIDBRAIN_NUCLEUS_RUBER_PARVOCELLULAR_PART,NRP_MIDBRAIN_NUCLEUS_RUBER_PARVOCELLULAR_PART_LEFT.nii.gz,DIRECT_CANONICAL_SPATIAL_EVIDENCE,NGIQ-BR-00000245,Tha_L_8_8,0.00834958,3.4418545,NGIQ-BR-00000245,0.011859,,,0.011859,0.988141,1.0,TRUE,NO_G3_MAPPING,BNA_COVERAGE_GAP,False,False,G4_G3_SCIENTIFIC_POLICY_V1,PENDING_OWNER_REVIEW
NGIQ-BR-00000695,"NRm (Midbrain, Nucleus Ruber, magnocellular part) right",right,JULICH_BRAIN_CYTOARCHITECTONIC_ATLAS_V3_1_NRM_MIDBRAIN_NUCLEUS_RUBER_MAGNOCELLULAR_PART,NRM_MIDBRAIN_NUCLEUS_RUBER_MAGNOCELLULAR_PART_RIGHT.nii.gz,DIRECT_CANONICAL_SPATIAL_EVIDENCE,,,,,,,,,0.0,1.0,,NA,NO_G3_MAPPING,ZERO_BNA_SPATIAL_ASSOCIATION,False,False,G4_G3_SCIENTIFIC_POLICY_V1,PENDING_OWNER_REVIEW
NGIQ-BR-00000696,"NRm (Midbrain, Nucleus Ruber, magnocellular part) left",left,JULICH_BRAIN_CYTOARCHITECTONIC_ATLAS_V3_1_NRM_MIDBRAIN_NUCLEUS_RUBER_MAGNOCELLULAR_PART,NRM_MIDBRAIN_NUCLEUS_RUBER_MAGNOCELLULAR_PART_LEFT.nii.gz,DIRECT_CANONICAL_SPATIAL_EVIDENCE,,,,,,,,,0.0,1.0,,NA,NO_G3_MAPPING,ZERO_BNA_SPATIAL_ASSOCIATION,False,False,G4_G3_SCIENTIFIC_POLICY_V1,PENDING_OWNER_REVIEW
NGIQ-BR-00000697,"Ninterp (Cerebellum, Interposed Nucleus) right",right,JULICH_BRAIN_CYTOARCHITECTONIC_ATLAS_V3_1_NINTERP_CEREBELLUM_INTERPOSED_NUCLEUS,NINTERP_CEREBELLUM_INTERPOSED_NUCLEUS_RIGHT.nii.gz,DIRECT_CANONICAL_SPATIAL_EVIDENCE,,,,,,,,,0.0,1.0,,NA,NO_G3_MAPPING,ZERO_BNA_SPATIAL_ASSOCIATION,False,False,G4_G3_SCIENTIFIC_POLICY_V1,PENDING_OWNER_REVIEW
NGIQ-BR-00000698,"Ninterp (Cerebellum, Interposed Nucleus) left",left,JULICH_BRAIN_CYTOARCHITECTONIC_ATLAS_V3_1_NINTERP_CEREBELLUM_INTERPOSED_NUCLEUS,NINTERP_CEREBELLUM_INTERPOSED_NUCLEUS_LEFT.nii.gz,DIRECT_CANONICAL_SPATIAL_EVIDENCE,,,,,,,,,0.0,1.0,,NA,NO_G3_MAPPING,ZERO_BNA_SPATIAL_ASSOCIATION,False,False,G4_G3_SCIENTIFIC_POLICY_V1,PENDING_OWNER_REVIEW
NGIQ-BR-00000699,"Ndentv (Cerebellum, Ventral Dentate Nucleus) right",right,JULICH_BRAIN_CYTOARCHITECTONIC_ATLAS_V3_1_NDENTV_CEREBELLUM_VENTRAL_DENTATE_NUCLEUS,NDENTV_CEREBELLUM_VENTRAL_DENTATE_NUCLEUS_RIGHT.nii.gz,DIRECT_CANONICAL_SPATIAL_EVIDENCE,,,,,,,,,0.0,1.0,,NA,NO_G3_MAPPING,ZERO_BNA_SPATIAL_ASSOCIATION,False,False,G4_G3_SCIENTIFIC_POLICY_V1,PENDING_OWNER_REVIEW
NGIQ-BR-00000700,"Ndentv (Cerebellum, Ventral Dentate Nucleus) left",left,JULICH_BRAIN_CYTOARCHITECTONIC_ATLAS_V3_1_NDENTV_CEREBELLUM_VENTRAL_DENTATE_NUCLEUS,NDENTV_CEREBELLUM_VENTRAL_DENTATE_NUCLEUS_LEFT.nii.gz,DIRECT_CANONICAL_SPATIAL_EVIDENCE,,,,,,,,,0.0,1.0,,NA,NO_G3_MAPPING,ZERO_BNA_SPATIAL_ASSOCIATION,False,False,G4_G3_SCIENTIFIC_POLICY_V1,PENDING_OWNER_REVIEW
NGIQ-BR-00000701,"Ndentd (Cerebellum, Dorsal Dentate Nucleus) right",right,JULICH_BRAIN_CYTOARCHITECTONIC_ATLAS_V3_1_NDENTD_CEREBELLUM_DORSAL_DENTATE_NUCLEUS,NDENTD_CEREBELLUM_DORSAL_DENTATE_NUCLEUS_RIGHT.nii.gz,DIRECT_CANONICAL_SPATIAL_EVIDENCE,,,,,,,,,0.0,1.0,,NA,NO_G3_MAPPING,ZERO_BNA_SPATIAL_ASSOCIATION,False,False,G4_G3_SCIENTIFIC_POLICY_V1,PENDING_OWNER_REVIEW
NGIQ-BR-00000702,"Ndentd (Cerebellum, Dorsal Dentate Nucleus) left",left,JULICH_BRAIN_CYTOARCHITECTONIC_ATLAS_V3_1_NDENTD_CEREBELLUM_DORSAL_DENTATE_NUCLEUS,NDENTD_CEREBELLUM_DORSAL_DENTATE_NUCLEUS_LEFT.nii.gz,DIRECT_CANONICAL_SPATIAL_EVIDENCE,,,,,,,,,0.0,1.0,,NA,NO_G3_MAPPING,ZERO_BNA_SPATIAL_ASSOCIATION,False,False,G4_G3_SCIENTIFIC_POLICY_V1,PENDING_OWNER_REVIEW
NGIQ-BR-00000703,"Nfast (Cerebellum, Fastigial Nucleus) right",right,JULICH_BRAIN_CYTOARCHITECTONIC_ATLAS_V3_1_NFAST_CEREBELLUM_FASTIGIAL_NUCLEUS,NFAST_CEREBELLUM_FASTIGIAL_NUCLEUS_RIGHT.nii.gz,DIRECT_CANONICAL_SPATIAL_EVIDENCE,,,,,,,,,0.0,1.0,,NA,NO_G3_MAPPING,ZERO_BNA_SPATIAL_ASSOCIATION,False,False,G4_G3_SCIENTIFIC_POLICY_V1,PENDING_OWNER_REVIEW
NGIQ-BR-00000704,"Nfast (Cerebellum, Fastigial Nucleus) left",left,JULICH_BRAIN_CYTOARCHITECTONIC_ATLAS_V3_1_NFAST_CEREBELLUM_FASTIGIAL_NUCLEUS,NFAST_CEREBELLUM_FASTIGIAL_NUCLEUS_LEFT.nii.gz,DIRECT_CANONICAL_SPATIAL_EVIDENCE,,,,,,,,,0.0,1.0,,NA,NO_G3_MAPPING,ZERO_BNA_SPATIAL_ASSOCIATION,False,False,G4_G3_SCIENTIFIC_POLICY_V1,PENDING_OWNER_REVIEW
NGIQ-BR-00000705,STN (Subthalamus) right,right,JULICH_BRAIN_CYTOARCHITECTONIC_ATLAS_V3_1_STN_SUBTHALAMUS,STN_SUBTHALAMUS_RIGHT.nii.gz,DIRECT_CANONICAL_SPATIAL_EVIDENCE,NGIQ-BR-00000234,Tha_R_8_2,0.00019621,0.0662355,,,,,0.0,1.0,,NA,NO_G3_MAPPING,BNA_COVERAGE_GAP,False,False,G4_G3_SCIENTIFIC_POLICY_V1,PENDING_OWNER_REVIEW
NGIQ-BR-00000706,STN (Subthalamus) left,left,JULICH_BRAIN_CYTOARCHITECTONIC_ATLAS_V3_1_STN_SUBTHALAMUS,STN_SUBTHALAMUS_LEFT.nii.gz,DIRECT_CANONICAL_SPATIAL_EVIDENCE,NGIQ-BR-00000233,Tha_L_8_2,0.00841838,2.74745886,NGIQ-BR-00000245,0.01125567,0.00303904,0.00821664,0.01429471,0.98570529,1.6776,FALSE,NO_G3_MAPPING,BNA_COVERAGE_GAP,False,False,G4_G3_SCIENTIFIC_POLICY_V1,PENDING_OWNER_REVIEW
NGIQ-BR-00000707,"Rt (Thalamus, reticular Nucleus) right",right,JULICH_BRAIN_CYTOARCHITECTONIC_ATLAS_V3_1_RT_THALAMUS_RETICULAR_NUCLEUS,RT_THALAMUS_RETICULAR_NUCLEUS_RIGHT.nii.gz,DIRECT_CANONICAL_SPATIAL_EVIDENCE,NGIQ-BR-00000236,Tha_R_8_3,0.10791952,161.44395006,NGIQ-BR-00000236,0.1243819,0.08769933,0.03668257,0.45056332,0.54943668,6.1868,TRUE,CONFLICT_REVIEW,HIGH_FRAGMENTATION,False,False,G4_G3_SCIENTIFIC_POLICY_V1,PENDING_OWNER_REVIEW
NGIQ-BR-00000708,"Rt (Thalamus, reticular Nucleus) left",left,JULICH_BRAIN_CYTOARCHITECTONIC_ATLAS_V3_1_RT_THALAMUS_RETICULAR_NUCLEUS,RT_THALAMUS_RETICULAR_NUCLEUS_LEFT.nii.gz,DIRECT_CANONICAL_SPATIAL_EVIDENCE,NGIQ-BR-00000233,Tha_L_8_2,0.14043559,187.09609609,NGIQ-BR-00000239,0.17430044,0.11531431,0.05898613,0.64662501,0.35337499,6.7384,FALSE,CONFLICT_REVIEW,PROBABILITY_HARDLABEL_TOP1_DISAGREEMENT,False,False,G4_G3_SCIENTIFIC_POLICY_V1,PENDING_OWNER_REVIEW
NGIQ-BR-00000709,"ZI (Thalamus, zona incerta) right",right,JULICH_BRAIN_CYTOARCHITECTONIC_ATLAS_V3_1_ZI_THALAMUS_ZONA_INCERTA,ZI_THALAMUS_ZONA_INCERTA_RIGHT.nii.gz,DIRECT_CANONICAL_SPATIAL_EVIDENCE,NGIQ-BR-00000234,Tha_R_8_2,0.07338213,17.45386065,NGIQ-BR-00000234,0.06193815,5.3e-07,0.06193762,0.06193867,0.93806133,1.0001,TRUE,CONFLICT_REVIEW,LOW_BNA_COVERAGE,False,False,G4_G3_SCIENTIFIC_POLICY_V1,PENDING_OWNER_REVIEW
NGIQ-BR-00000710,"ZI (Thalamus, zona incerta) left",left,JULICH_BRAIN_CYTOARCHITECTONIC_ATLAS_V3_1_ZI_THALAMUS_ZONA_INCERTA,ZI_THALAMUS_ZONA_INCERTA_LEFT.nii.gz,DIRECT_CANONICAL_SPATIAL_EVIDENCE,NGIQ-BR-00000245,Tha_L_8_8,0.19268116,129.0330011,NGIQ-BR-00000245,0.32163571,0.05191719,0.26971852,0.40785025,0.59214975,2.0601,TRUE,CONFLICT_REVIEW,DIFFUSE_ASSOCIATION,False,False,G4_G3_SCIENTIFIC_POLICY_V1,PENDING_OWNER_REVIEW
NGIQ-BR-00000711,CGM (Metathalamus) right,right,JULICH_BRAIN_CYTOARCHITECTONIC_ATLAS_V3_1_CGM_METATHALAMUS,CGM_METATHALAMUS_RIGHT.nii.gz,DIRECT_CANONICAL_SPATIAL_EVIDENCE,NGIQ-BR-00000018,Hipp_R_2_1,0.07204598,11.71084368,NGIQ-BR-00000018,0.10044976,0.03538724,0.06506253,0.19540634,0.80459366,3.5106,TRUE,CONFLICT_REVIEW,HIGH_FRAGMENTATION,False,False,G4_G3_SCIENTIFIC_POLICY_V1,PENDING_OWNER_REVIEW
NGIQ-BR-00000712,CGM (Metathalamus) left,left,JULICH_BRAIN_CYTOARCHITECTONIC_ATLAS_V3_1_CGM_METATHALAMUS,CGM_METATHALAMUS_LEFT.nii.gz,DIRECT_CANONICAL_SPATIAL_EVIDENCE,NGIQ-BR-00000239,Tha_L_8_5,0.13276819,30.58045476,NGIQ-BR-00000239,0.19126913,0.10597201,0.08529712,0.36854755,0.63145245,3.4055,TRUE,CONFLICT_REVIEW,HIGH_FRAGMENTATION,False,False,G4_G3_SCIENTIFIC_POLICY_V1,PENDING_OWNER_REVIEW
NGIQ-BR-00000713,CGL (Metathalamus) right,right,JULICH_BRAIN_CYTOARCHITECTONIC_ATLAS_V3_1_CGL_METATHALAMUS,CGL_METATHALAMUS_RIGHT.nii.gz,DIRECT_CANONICAL_SPATIAL_EVIDENCE,NGIQ-BR-00000018,Hipp_R_2_1,0.19301178,29.54281426,NGIQ-BR-00000220,0.22335508,0.04078798,0.1825671,0.26415129,0.73584871,1.5382,FALSE,CONFLICT_REVIEW,PROBABILITY_HARDLABEL_TOP1_DISAGREEMENT,False,False,G4_G3_SCIENTIFIC_POLICY_V1,PENDING_OWNER_REVIEW
NGIQ-BR-00000714,CGL (Metathalamus) left,left,JULICH_BRAIN_CYTOARCHITECTONIC_ATLAS_V3_1_CGL_METATHALAMUS,CGL_METATHALAMUS_LEFT.nii.gz,DIRECT_CANONICAL_SPATIAL_EVIDENCE,NGIQ-BR-00000017,Hipp_L_2_1,0.20392442,86.44818894,NGIQ-BR-00000017,0.21054549,0.11895172,0.09159377,0.38297151,0.61702849,3.2002,TRUE,CONFLICT_REVIEW,HIGH_FRAGMENTATION,False,False,G4_G3_SCIENTIFIC_POLICY_V1,PENDING_OWNER_REVIEW
NGIQ-BR-00000715,"MV (Thalamus, medioventral Nucleus) right",right,JULICH_BRAIN_CYTOARCHITECTONIC_ATLAS_V3_1_MV_THALAMUS_MEDIOVENTRAL_NUCLEUS,MV_THALAMUS_MEDIOVENTRAL_NUCLEUS_RIGHT.nii.gz,DIRECT_CANONICAL_SPATIAL_EVIDENCE,NGIQ-BR-00000238,Tha_R_8_4,0.28654367,43.0500071,NGIQ-BR-00000238,0.48139744,0.19357005,0.28782739,0.96646124,0.03353876,3.4991,TRUE,CONFLICT_REVIEW,PARTIAL_TARGET_EVIDENCE_INCONSISTENT,False,False,G4_G3_SCIENTIFIC_POLICY_V1,PENDING_OWNER_REVIEW
NGIQ-BR-00000716,"MV (Thalamus, medioventral Nucleus) left",left,JULICH_BRAIN_CYTOARCHITECTONIC_ATLAS_V3_1_MV_THALAMUS_MEDIOVENTRAL_NUCLEUS,MV_THALAMUS_MEDIOVENTRAL_NUCLEUS_LEFT.nii.gz,DIRECT_CANONICAL_SPATIAL_EVIDENCE,NGIQ-BR-00000237,Tha_L_8_4,0.37185821,37.66857372,NGIQ-BR-00000237,0.41745246,0.25251542,0.16493704,0.97513196,0.02486804,3.5945,TRUE,PARTIAL_OVERLAP,PARTIAL_CRITERIA_V1,False,False,G4_G3_SCIENTIFIC_POLICY_V1,PENDING_OWNER_REVIEW
NGIQ-BR-00000717,"MD (Thalamus, mediodorsal Nucleus) right",right,JULICH_BRAIN_CYTOARCHITECTONIC_ATLAS_V3_1_MD_THALAMUS_MEDIODORSAL_NUCLEUS,MD_THALAMUS_MEDIODORSAL_NUCLEUS_RIGHT.nii.gz,DIRECT_CANONICAL_SPATIAL_EVIDENCE,NGIQ-BR-00000232,Tha_R_8_1,0.4518166,310.90800865,NGIQ-BR-00000232,0.51256156,0.15068936,0.3618722,0.99665386,0.00334614,4.176,TRUE,APPROVE_DOMINANT_OVERLAP,DOMINANT_CRITERIA_V1,False,False,G4_G3_SCIENTIFIC_POLICY_V1,PENDING_OWNER_REVIEW
NGIQ-BR-00000718,"MD (Thalamus, mediodorsal Nucleus) left",left,JULICH_BRAIN_CYTOARCHITECTONIC_ATLAS_V3_1_MD_THALAMUS_MEDIODORSAL_NUCLEUS,MD_THALAMUS_MEDIODORSAL_NUCLEUS_LEFT.nii.gz,DIRECT_CANONICAL_SPATIAL_EVIDENCE,NGIQ-BR-00000020,Tha_L_8_1,0.38109298,266.01640808,NGIQ-BR-00000020,0.50695765,0.12937232,0.37758533,0.99943974,0.00056026,4.5818,TRUE,APPROVE_DOMINANT_OVERLAP,DOMINANT_CRITERIA_V1,False,False,G4_G3_SCIENTIFIC_POLICY_V1,PENDING_OWNER_REVIEW
NGIQ-BR-00000719,"Pv (Thalamus, paraventricular Nucleus) right",right,JULICH_BRAIN_CYTOARCHITECTONIC_ATLAS_V3_1_PV_THALAMUS_PARAVENTRICULAR_NUCLEUS,PV_THALAMUS_PARAVENTRICULAR_NUCLEUS_RIGHT.nii.gz,DIRECT_CANONICAL_SPATIAL_EVIDENCE,NGIQ-BR-00000238,Tha_R_8_4,0.42436007,86.31465273,NGIQ-BR-00000238,0.66009648,0.2054131,0.45468338,0.93006857,0.06993143,2.2831,TRUE,APPROVE_DOMINANT_OVERLAP,DOMINANT_CRITERIA_V1,False,False,G4_G3_SCIENTIFIC_POLICY_V1,PENDING_OWNER_REVIEW
NGIQ-BR-00000720,"Pv (Thalamus, paraventricular Nucleus) left",left,JULICH_BRAIN_CYTOARCHITECTONIC_ATLAS_V3_1_PV_THALAMUS_PARAVENTRICULAR_NUCLEUS,PV_THALAMUS_PARAVENTRICULAR_NUCLEUS_LEFT.nii.gz,DIRECT_CANONICAL_SPATIAL_EVIDENCE,NGIQ-BR-00000237,Tha_L_8_4,0.45957168,93.14249626,NGIQ-BR-00000237,0.47122495,0.29607527,0.17514968,0.94786442,0.05213558,2.8716,TRUE,PARTIAL_OVERLAP,PARTIAL_CRITERIA_V1,False,False,G4_G3_SCIENTIFIC_POLICY_V1,PENDING_OWNER_REVIEW
NGIQ-BR-00000721,"Po (Thalamus, posterior Nucleus) right",right,JULICH_BRAIN_CYTOARCHITECTONIC_ATLAS_V3_1_PO_THALAMUS_POSTERIOR_NUCLEUS,PO_THALAMUS_POSTERIOR_NUCLEUS_RIGHT.nii.gz,DIRECT_CANONICAL_SPATIAL_EVIDENCE,NGIQ-BR-00000240,Tha_R_8_5,0.24937774,53.32375732,NGIQ-BR-00000240,0.38129682,0.12983386,0.25146297,0.68218531,0.31781469,4.0951,TRUE,CONFLICT_REVIEW,HIGH_FRAGMENTATION,False,False,G4_G3_SCIENTIFIC_POLICY_V1,PENDING_OWNER_REVIEW
NGIQ-BR-00000722,"Po (Thalamus, posterior Nucleus) left",left,JULICH_BRAIN_CYTOARCHITECTONIC_ATLAS_V3_1_PO_THALAMUS_POSTERIOR_NUCLEUS,PO_THALAMUS_POSTERIOR_NUCLEUS_LEFT.nii.gz,DIRECT_CANONICAL_SPATIAL_EVIDENCE,NGIQ-BR-00000239,Tha_L_8_5,0.27552232,45.32875655,NGIQ-BR-00000239,0.3726626,0.19840956,0.17425304,0.76136079,0.23863921,3.3977,TRUE,CONFLICT_REVIEW,HIGH_FRAGMENTATION,False,False,G4_G3_SCIENTIFIC_POLICY_V1,PENDING_OWNER_REVIEW
NGIQ-BR-00000723,"PUm (Thalamus, medial pulvinar) right",right,JULICH_BRAIN_CYTOARCHITECTONIC_ATLAS_V3_1_PUM_THALAMUS_MEDIAL_PULVINAR,PUM_THALAMUS_MEDIAL_PULVINAR_RIGHT.nii.gz,DIRECT_CANONICAL_SPATIAL_EVIDENCE,NGIQ-BR-00000240,Tha_R_8_5,0.36437663,139.70366446,NGIQ-BR-00000242,0.47453215,0.41290033,0.06163181,0.96875411,0.03124589,2.7194,FALSE,CONFLICT_REVIEW,PROBABILITY_HARDLABEL_TOP1_DISAGREEMENT,False,False,G4_G3_SCIENTIFIC_POLICY_V1,PENDING_OWNER_REVIEW
NGIQ-BR-00000724,"PUm (Thalamus, medial pulvinar) left",left,JULICH_BRAIN_CYTOARCHITECTONIC_ATLAS_V3_1_PUM_THALAMUS_MEDIAL_PULVINAR,PUM_THALAMUS_MEDIAL_PULVINAR_LEFT.nii.gz,DIRECT_CANONICAL_SPATIAL_EVIDENCE,NGIQ-BR-00000241,Tha_L_8_6,0.33154629,278.33593981,NGIQ-BR-00000241,0.42423767,0.18274452,0.24149316,0.89577266,0.10422734,4.5993,TRUE,PARTIAL_OVERLAP,PARTIAL_CRITERIA_V1,False,False,G4_G3_SCIENTIFIC_POLICY_V1,PENDING_OWNER_REVIEW
NGIQ-BR-00000725,"PUl (Thalamus, lateral pulvinar) right",right,JULICH_BRAIN_CYTOARCHITECTONIC_ATLAS_V3_1_PUL_THALAMUS_LATERAL_PULVINAR,PUL_THALAMUS_LATERAL_PULVINAR_RIGHT.nii.gz,DIRECT_CANONICAL_SPATIAL_EVIDENCE,NGIQ-BR-00000240,Tha_R_8_5,0.33588415,123.350654,NGIQ-BR-00000240,0.45430059,0.36085816,0.09344242,0.9366879,0.0633121,2.8195,TRUE,PARTIAL_OVERLAP,PARTIAL_CRITERIA_V1,False,False,G4_G3_SCIENTIFIC_POLICY_V1,PENDING_OWNER_REVIEW
NGIQ-BR-00000726,"PUl (Thalamus, lateral pulvinar) left",left,JULICH_BRAIN_CYTOARCHITECTONIC_ATLAS_V3_1_PUL_THALAMUS_LATERAL_PULVINAR,PUL_THALAMUS_LATERAL_PULVINAR_LEFT.nii.gz,DIRECT_CANONICAL_SPATIAL_EVIDENCE,NGIQ-BR-00000241,Tha_L_8_6,0.40293805,178.07659546,NGIQ-BR-00000241,0.61299903,0.11323035,0.49976868,0.97917394,0.02082606,3.2886,TRUE,APPROVE_DOMINANT_OVERLAP,DOMINANT_CRITERIA_V1,False,False,G4_G3_SCIENTIFIC_POLICY_V1,PENDING_OWNER_REVIEW
NGIQ-BR-00000727,"Li (Thalamus, limitans Nucleus) right",right,JULICH_BRAIN_CYTOARCHITECTONIC_ATLAS_V3_1_LI_THALAMUS_LIMITANS_NUCLEUS,LI_THALAMUS_LIMITANS_NUCLEUS_RIGHT.nii.gz,DIRECT_CANONICAL_SPATIAL_EVIDENCE,NGIQ-BR-00000240,Tha_R_8_5,0.1259609,32.66224339,NGIQ-BR-00000240,0.21927062,0.08424973,0.13502089,0.43315055,0.56684945,4.5135,TRUE,CONFLICT_REVIEW,HIGH_FRAGMENTATION,False,False,G4_G3_SCIENTIFIC_POLICY_V1,PENDING_OWNER_REVIEW
NGIQ-BR-00000728,"Li (Thalamus, limitans Nucleus) left",left,JULICH_BRAIN_CYTOARCHITECTONIC_ATLAS_V3_1_LI_THALAMUS_LIMITANS_NUCLEUS,LI_THALAMUS_LIMITANS_NUCLEUS_LEFT.nii.gz,DIRECT_CANONICAL_SPATIAL_EVIDENCE,NGIQ-BR-00000239,Tha_L_8_5,0.14974874,19.56438906,NGIQ-BR-00000239,0.19530442,0.09306704,0.10223737,0.41660903,0.58339097,3.8111,TRUE,CONFLICT_REVIEW,HIGH_FRAGMENTATION,False,False,G4_G3_SCIENTIFIC_POLICY_V1,PENDING_OWNER_REVIEW
NGIQ-BR-00000729,"Sg (Thalamus, suprageniculate Nucleus) right",right,JULICH_BRAIN_CYTOARCHITECTONIC_ATLAS_V3_1_SG_THALAMUS_SUPRAGENICULATE_NUCLEUS,SG_THALAMUS_SUPRAGENICULATE_NUCLEUS_RIGHT.nii.gz,DIRECT_CANONICAL_SPATIAL_EVIDENCE,NGIQ-BR-00000240,Tha_R_8_5,0.06670498,17.77679783,NGIQ-BR-00000240,0.10574786,0.07376951,0.03197835,0.29184143,0.70815857,5.0975,TRUE,CONFLICT_REVIEW,HIGH_FRAGMENTATION,False,False,G4_G3_SCIENTIFIC_POLICY_V1,PENDING_OWNER_REVIEW
NGIQ-BR-00000730,"Sg (Thalamus, suprageniculate Nucleus) left",left,JULICH_BRAIN_CYTOARCHITECTONIC_ATLAS_V3_1_SG_THALAMUS_SUPRAGENICULATE_NUCLEUS,SG_THALAMUS_SUPRAGENICULATE_NUCLEUS_LEFT.nii.gz,DIRECT_CANONICAL_SPATIAL_EVIDENCE,NGIQ-BR-00000239,Tha_L_8_5,0.11961399,17.90380623,NGIQ-BR-00000239,0.16528029,0.09246524,0.07281505,0.32563486,0.67436514,3.4157,TRUE,CONFLICT_REVIEW,HIGH_FRAGMENTATION,False,False,G4_G3_SCIENTIFIC_POLICY_V1,PENDING_OWNER_REVIEW
NGIQ-BR-00000731,"LP (Thalamus, lateral posterior Nucleus) right",right,JULICH_BRAIN_CYTOARCHITECTONIC_ATLAS_V3_1_LP_THALAMUS_LATERAL_POSTERIOR_NUCLEUS,LP_THALAMUS_LATERAL_POSTERIOR_NUCLEUS_RIGHT.nii.gz,DIRECT_CANONICAL_SPATIAL_EVIDENCE,NGIQ-BR-00000240,Tha_R_8_5,0.27238787,100.71978194,NGIQ-BR-00000240,0.32915434,0.22712736,0.10202697,0.87077461,0.12922539,4.4768,TRUE,CONFLICT_REVIEW,HIGH_FRAGMENTATION,False,False,G4_G3_SCIENTIFIC_POLICY_V1,PENDING_OWNER_REVIEW
NGIQ-BR-00000732,"LP (Thalamus, lateral posterior Nucleus) left",left,JULICH_BRAIN_CYTOARCHITECTONIC_ATLAS_V3_1_LP_THALAMUS_LATERAL_POSTERIOR_NUCLEUS,LP_THALAMUS_LATERAL_POSTERIOR_NUCLEUS_LEFT.nii.gz,DIRECT_CANONICAL_SPATIAL_EVIDENCE,NGIQ-BR-00000239,Tha_L_8_5,0.26270531,124.32562154,NGIQ-BR-00000243,0.403143,0.32298782,0.08015517,0.89221479,0.10778521,3.575,FALSE,CONFLICT_REVIEW,PROBABILITY_HARDLABEL_TOP1_DISAGREEMENT,False,False,G4_G3_SCIENTIFIC_POLICY_V1,PENDING_OWNER_REVIEW
NGIQ-BR-00000733,"PUi (Thalamus, inferior pulvinar) right",right,JULICH_BRAIN_CYTOARCHITECTONIC_ATLAS_V3_1_PUI_THALAMUS_INFERIOR_PULVINAR,PUI_THALAMUS_INFERIOR_PULVINAR_RIGHT.nii.gz,DIRECT_CANONICAL_SPATIAL_EVIDENCE,NGIQ-BR-00000018,Hipp_R_2_1,0.20253749,47.03296875,NGIQ-BR-00000220,0.28554085,0.24249068,0.04305017,0.69158962,0.30841038,3.7603,FALSE,CONFLICT_REVIEW,PROBABILITY_HARDLABEL_TOP1_DISAGREEMENT,False,False,G4_G3_SCIENTIFIC_POLICY_V1,PENDING_OWNER_REVIEW
NGIQ-BR-00000734,"PUi (Thalamus, inferior pulvinar) left",left,JULICH_BRAIN_CYTOARCHITECTONIC_ATLAS_V3_1_PUI_THALAMUS_INFERIOR_PULVINAR,PUI_THALAMUS_INFERIOR_PULVINAR_LEFT.nii.gz,DIRECT_CANONICAL_SPATIAL_EVIDENCE,NGIQ-BR-00000219,Hipp_L_2_2,0.23120269,64.8919598,NGIQ-BR-00000219,0.27340882,0.2377954,0.03561342,0.75000946,0.24999054,4.207,TRUE,CONFLICT_REVIEW,HIGH_FRAGMENTATION,False,False,G4_G3_SCIENTIFIC_POLICY_V1,PENDING_OWNER_REVIEW
NGIQ-BR-00000735,"PUa (Thalamus, anterior pulvinar) right",right,JULICH_BRAIN_CYTOARCHITECTONIC_ATLAS_V3_1_PUA_THALAMUS_ANTERIOR_PULVINAR,PUA_THALAMUS_ANTERIOR_PULVINAR_RIGHT.nii.gz,DIRECT_CANONICAL_SPATIAL_EVIDENCE,NGIQ-BR-00000240,Tha_R_8_5,0.30171447,109.55927852,NGIQ-BR-00000240,0.32791386,0.30459308,0.02332078,0.99049455,0.00950545,4.1654,TRUE,PARTIAL_OVERLAP,PARTIAL_CRITERIA_V1,False,False,G4_G3_SCIENTIFIC_POLICY_V1,PENDING_OWNER_REVIEW
NGIQ-BR-00000736,"PUa (Thalamus, anterior pulvinar) left",left,JULICH_BRAIN_CYTOARCHITECTONIC_ATLAS_V3_1_PUA_THALAMUS_ANTERIOR_PULVINAR,PUA_THALAMUS_ANTERIOR_PULVINAR_LEFT.nii.gz,DIRECT_CANONICAL_SPATIAL_EVIDENCE,NGIQ-BR-00000239,Tha_L_8_5,0.3636192,126.45923797,NGIQ-BR-00000239,0.46063985,0.26745407,0.19318577,0.9938211,0.0061789,3.6805,TRUE,PARTIAL_OVERLAP,PARTIAL_CRITERIA_V1,False,False,G4_G3_SCIENTIFIC_POLICY_V1,PENDING_OWNER_REVIEW
NGIQ-BR-00000737,"LD (Thalamus, lateral dorsal Nucleus) right",right,JULICH_BRAIN_CYTOARCHITECTONIC_ATLAS_V3_1_LD_THALAMUS_LATERAL_DORSAL_NUCLEUS,LD_THALAMUS_LATERAL_DORSAL_NUCLEUS_RIGHT.nii.gz,DIRECT_CANONICAL_SPATIAL_EVIDENCE,NGIQ-BR-00000244,Tha_R_8_7,0.34242607,105.41739292,NGIQ-BR-00000244,0.5278013,0.14461341,0.3831879,0.8605001,0.1394999,3.1374,TRUE,APPROVE_DOMINANT_OVERLAP,DOMINANT_CRITERIA_V1,False,False,G4_G3_SCIENTIFIC_POLICY_V1,PENDING_OWNER_REVIEW
NGIQ-BR-00000738,"LD (Thalamus, lateral dorsal Nucleus) left",left,JULICH_BRAIN_CYTOARCHITECTONIC_ATLAS_V3_1_LD_THALAMUS_LATERAL_DORSAL_NUCLEUS,LD_THALAMUS_LATERAL_DORSAL_NUCLEUS_LEFT.nii.gz,DIRECT_CANONICAL_SPATIAL_EVIDENCE,NGIQ-BR-00000243,Tha_L_8_7,0.30760412,71.03254913,NGIQ-BR-00000243,0.5405903,0.1415772,0.3990131,0.74407427,0.25592573,2.2588,TRUE,APPROVE_DOMINANT_OVERLAP,DOMINANT_CRITERIA_V1,False,False,G4_G3_SCIENTIFIC_POLICY_V1,PENDING_OWNER_REVIEW
NGIQ-BR-00000739,"AV (Thalamus, anteroventral Nucleus) right",right,JULICH_BRAIN_CYTOARCHITECTONIC_ATLAS_V3_1_AV_THALAMUS_ANTEROVENTRAL_NUCLEUS,AV_THALAMUS_ANTEROVENTRAL_NUCLEUS_RIGHT.nii.gz,DIRECT_CANONICAL_SPATIAL_EVIDENCE,NGIQ-BR-00000244,Tha_R_8_7,0.36574147,115.41744287,NGIQ-BR-00000244,0.47926375,0.23857442,0.24068933,0.88438024,0.11561976,3.2703,TRUE,PARTIAL_OVERLAP,PARTIAL_CRITERIA_V1,False,False,G4_G3_SCIENTIFIC_POLICY_V1,PENDING_OWNER_REVIEW
NGIQ-BR-00000740,"AV (Thalamus, anteroventral Nucleus) left",left,JULICH_BRAIN_CYTOARCHITECTONIC_ATLAS_V3_1_AV_THALAMUS_ANTEROVENTRAL_NUCLEUS,AV_THALAMUS_ANTEROVENTRAL_NUCLEUS_LEFT.nii.gz,DIRECT_CANONICAL_SPATIAL_EVIDENCE,NGIQ-BR-00000237,Tha_L_8_4,0.42949469,127.38995096,NGIQ-BR-00000237,0.46532711,0.28934751,0.1759796,0.82683884,0.17316116,2.6344,TRUE,PARTIAL_OVERLAP,PARTIAL_CRITERIA_V1,False,False,G4_G3_SCIENTIFIC_POLICY_V1,PENDING_OWNER_REVIEW
NGIQ-BR-00000741,"AM (Thalamus, anteromedial Nucleus) right",right,JULICH_BRAIN_CYTOARCHITECTONIC_ATLAS_V3_1_AM_THALAMUS_ANTEROMEDIAL_NUCLEUS,AM_THALAMUS_ANTEROMEDIAL_NUCLEUS_RIGHT.nii.gz,DIRECT_CANONICAL_SPATIAL_EVIDENCE,NGIQ-BR-00000238,Tha_R_8_4,0.32252534,72.85116333,NGIQ-BR-00000238,0.41149201,0.28144059,0.13005143,0.87577485,0.12422515,3.1605,TRUE,PARTIAL_OVERLAP,PARTIAL_CRITERIA_V1,False,False,G4_G3_SCIENTIFIC_POLICY_V1,PENDING_OWNER_REVIEW
NGIQ-BR-00000742,"AM (Thalamus, anteromedial Nucleus) left",left,JULICH_BRAIN_CYTOARCHITECTONIC_ATLAS_V3_1_AM_THALAMUS_ANTEROMEDIAL_NUCLEUS,AM_THALAMUS_ANTEROMEDIAL_NUCLEUS_LEFT.nii.gz,DIRECT_CANONICAL_SPATIAL_EVIDENCE,NGIQ-BR-00000237,Tha_L_8_4,0.53793571,102.61301132,NGIQ-BR-00000237,0.65374472,0.13028135,0.52346337,0.85484745,0.14515255,2.1295,TRUE,APPROVE_DOMINANT_OVERLAP,DOMINANT_CRITERIA_V1,False,False,G4_G3_SCIENTIFIC_POLICY_V1,PENDING_OWNER_REVIEW
NGIQ-BR-00000743,"VPMpc (Thalamus, ventral posterior medial Nucleus, parvocellular part) right",right,JULICH_BRAIN_CYTOARCHITECTONIC_ATLAS_V3_1_VPMPC_THALAMUS_VENTRAL_POSTERIOR_MEDIAL_NUCLEUS_PARVOCELLULAR_PART,VPMPC_THALAMUS_VENTRAL_POSTERIOR_MEDIAL_NUCLEUS_PARVOCELLULAR_PART_RIGHT.nii.gz,DIRECT_CANONICAL_SPATIAL_EVIDENCE,NGIQ-BR-00000234,Tha_R_8_2,0.28448611,41.03195064,NGIQ-BR-00000234,0.37272336,0.08080683,0.29191653,0.47120553,0.52879447,1.8698,TRUE,CONFLICT_REVIEW,DIFFUSE_ASSOCIATION,False,False,G4_G3_SCIENTIFIC_POLICY_V1,PENDING_OWNER_REVIEW
NGIQ-BR-00000744,"VPMpc (Thalamus, ventral posterior medial Nucleus, parvocellular part) left",left,JULICH_BRAIN_CYTOARCHITECTONIC_ATLAS_V3_1_VPMPC_THALAMUS_VENTRAL_POSTERIOR_MEDIAL_NUCLEUS_PARVOCELLULAR_PART,VPMPC_THALAMUS_VENTRAL_POSTERIOR_MEDIAL_NUCLEUS_PARVOCELLULAR_PART_LEFT.nii.gz,DIRECT_CANONICAL_SPATIAL_EVIDENCE,NGIQ-BR-00000245,Tha_L_8_8,0.33641122,49.84551852,NGIQ-BR-00000245,0.51723673,0.08689694,0.43033979,0.60824153,0.39175847,1.5802,TRUE,CONFLICT_REVIEW,LOW_DOMINANCE,False,False,G4_G3_SCIENTIFIC_POLICY_V1,PENDING_OWNER_REVIEW
NGIQ-BR-00000745,"VPi (Thalamus, ventroposterior inferior Nucleus) right",right,JULICH_BRAIN_CYTOARCHITECTONIC_ATLAS_V3_1_VPI_THALAMUS_VENTROPOSTERIOR_INFERIOR_NUCLEUS,VPI_THALAMUS_VENTROPOSTERIOR_INFERIOR_NUCLEUS_RIGHT.nii.gz,DIRECT_CANONICAL_SPATIAL_EVIDENCE,NGIQ-BR-00000236,Tha_R_8_3,0.14022938,27.71620898,NGIQ-BR-00000236,0.1986358,0.04168266,0.15695314,0.28635312,0.71364688,2.7226,TRUE,CONFLICT_REVIEW,DIFFUSE_ASSOCIATION,False,False,G4_G3_SCIENTIFIC_POLICY_V1,PENDING_OWNER_REVIEW
NGIQ-BR-00000746,"VPi (Thalamus, ventroposterior inferior Nucleus) left",left,JULICH_BRAIN_CYTOARCHITECTONIC_ATLAS_V3_1_VPI_THALAMUS_VENTROPOSTERIOR_INFERIOR_NUCLEUS,VPI_THALAMUS_VENTROPOSTERIOR_INFERIOR_NUCLEUS_LEFT.nii.gz,DIRECT_CANONICAL_SPATIAL_EVIDENCE,NGIQ-BR-00000235,Tha_L_8_3,0.19977794,33.4298647,NGIQ-BR-00000235,0.30459114,0.10321035,0.20138079,0.45814712,0.54185288,2.671,TRUE,CONFLICT_REVIEW,DIFFUSE_ASSOCIATION,False,False,G4_G3_SCIENTIFIC_POLICY_V1,PENDING_OWNER_REVIEW
NGIQ-BR-00000747,"VPL (Thalamus, ventral posterior lateral Nucleus) right",right,JULICH_BRAIN_CYTOARCHITECTONIC_ATLAS_V3_1_VPL_THALAMUS_VENTRAL_POSTERIOR_LATERAL_NUCLEUS,VPL_THALAMUS_VENTRAL_POSTERIOR_LATERAL_NUCLEUS_RIGHT.nii.gz,DIRECT_CANONICAL_SPATIAL_EVIDENCE,NGIQ-BR-00000236,Tha_R_8_3,0.30070537,289.39915865,NGIQ-BR-00000236,0.39077985,0.22551746,0.1652624,0.92863214,0.07136786,4.0648,TRUE,PARTIAL_OVERLAP,PARTIAL_CRITERIA_V1,False,False,G4_G3_SCIENTIFIC_POLICY_V1,PENDING_OWNER_REVIEW
NGIQ-BR-00000748,"VPL (Thalamus, ventral posterior lateral Nucleus) left",left,JULICH_BRAIN_CYTOARCHITECTONIC_ATLAS_V3_1_VPL_THALAMUS_VENTRAL_POSTERIOR_LATERAL_NUCLEUS,VPL_THALAMUS_VENTRAL_POSTERIOR_LATERAL_NUCLEUS_LEFT.nii.gz,DIRECT_CANONICAL_SPATIAL_EVIDENCE,NGIQ-BR-00000239,Tha_L_8_5,0.32551444,284.87925712,NGIQ-BR-00000239,0.4585413,0.32638426,0.13215704,0.96519629,0.03480371,3.5722,TRUE,PARTIAL_OVERLAP,PARTIAL_CRITERIA_V1,False,False,G4_G3_SCIENTIFIC_POLICY_V1,PENDING_OWNER_REVIEW
NGIQ-BR-00000749,"VLP (Thalamus, ventral lateral posterior Nucleus) right",right,JULICH_BRAIN_CYTOARCHITECTONIC_ATLAS_V3_1_VLP_THALAMUS_VENTRAL_LATERAL_POSTERIOR_NUCLEUS,VLP_THALAMUS_VENTRAL_LATERAL_POSTERIOR_NUCLEUS_RIGHT.nii.gz,DIRECT_CANONICAL_SPATIAL_EVIDENCE,NGIQ-BR-00000234,Tha_R_8_2,0.34475767,261.56310907,NGIQ-BR-00000246,0.38299621,0.25338754,0.12960867,0.99535102,0.00464898,4.202,FALSE,CONFLICT_REVIEW,PROBABILITY_HARDLABEL_TOP1_DISAGREEMENT,False,False,G4_G3_SCIENTIFIC_POLICY_V1,PENDING_OWNER_REVIEW
NGIQ-BR-00000750,"VLP (Thalamus, ventral lateral posterior Nucleus) left",left,JULICH_BRAIN_CYTOARCHITECTONIC_ATLAS_V3_1_VLP_THALAMUS_VENTRAL_LATERAL_POSTERIOR_NUCLEUS,VLP_THALAMUS_VENTRAL_LATERAL_POSTERIOR_NUCLEUS_LEFT.nii.gz,DIRECT_CANONICAL_SPATIAL_EVIDENCE,NGIQ-BR-00000245,Tha_L_8_8,0.28238366,491.4307924,NGIQ-BR-00000245,0.40433454,0.19221561,0.21211893,0.98108781,0.01891219,5.4702,TRUE,CONFLICT_REVIEW,HIGH_FRAGMENTATION,False,False,G4_G3_SCIENTIFIC_POLICY_V1,PENDING_OWNER_REVIEW
NGIQ-BR-00000751,"VIM (Thalamus, ventral intermediate Nucleus) right",right,JULICH_BRAIN_CYTOARCHITECTONIC_ATLAS_V3_1_VIM_THALAMUS_VENTRAL_INTERMEDIATE_NUCLEUS,VIM_THALAMUS_VENTRAL_INTERMEDIATE_NUCLEUS_RIGHT.nii.gz,DIRECT_CANONICAL_SPATIAL_EVIDENCE,NGIQ-BR-00000234,Tha_R_8_2,0.47244269,484.60374375,NGIQ-BR-00000234,0.44784332,0.24629541,0.20154791,0.88862628,0.11137372,2.9109,TRUE,PARTIAL_OVERLAP,PARTIAL_CRITERIA_V1,False,False,G4_G3_SCIENTIFIC_POLICY_V1,PENDING_OWNER_REVIEW
NGIQ-BR-00000752,"VIM (Thalamus, ventral intermediate Nucleus) left",left,JULICH_BRAIN_CYTOARCHITECTONIC_ATLAS_V3_1_VIM_THALAMUS_VENTRAL_INTERMEDIATE_NUCLEUS,VIM_THALAMUS_VENTRAL_INTERMEDIATE_NUCLEUS_LEFT.nii.gz,DIRECT_CANONICAL_SPATIAL_EVIDENCE,NGIQ-BR-00000245,Tha_L_8_8,0.39248232,407.81342781,NGIQ-BR-00000245,0.59186496,0.20559249,0.38627246,0.96211611,0.03788389,2.7556,TRUE,APPROVE_DOMINANT_OVERLAP,DOMINANT_CRITERIA_V1,False,False,G4_G3_SCIENTIFIC_POLICY_V1,PENDING_OWNER_REVIEW
NGIQ-BR-00000753,"VM (Thalamus, ventral medial Nucleus) right",right,JULICH_BRAIN_CYTOARCHITECTONIC_ATLAS_V3_1_VM_THALAMUS_VENTRAL_MEDIAL_NUCLEUS,VM_THALAMUS_VENTRAL_MEDIAL_NUCLEUS_RIGHT.nii.gz,DIRECT_CANONICAL_SPATIAL_EVIDENCE,NGIQ-BR-00000234,Tha_R_8_2,0.42747042,77.99220015,NGIQ-BR-00000234,0.51039635,0.07023892,0.44015742,0.60842941,0.39157059,1.7379,TRUE,CONFLICT_REVIEW,LOW_DOMINANCE,False,False,G4_G3_SCIENTIFIC_POLICY_V1,PENDING_OWNER_REVIEW
NGIQ-BR-00000754,"VM (Thalamus, ventral medial Nucleus) left",left,JULICH_BRAIN_CYTOARCHITECTONIC_ATLAS_V3_1_VM_THALAMUS_VENTRAL_MEDIAL_NUCLEUS,VM_THALAMUS_VENTRAL_MEDIAL_NUCLEUS_LEFT.nii.gz,DIRECT_CANONICAL_SPATIAL_EVIDENCE,NGIQ-BR-00000245,Tha_L_8_8,0.38190964,85.28959068,NGIQ-BR-00000245,0.59815213,0.09994816,0.49820397,0.74701855,0.25298145,1.9132,TRUE,APPROVE_DOMINANT_OVERLAP,DOMINANT_CRITERIA_V1,False,False,G4_G3_SCIENTIFIC_POLICY_V1,PENDING_OWNER_REVIEW
NGIQ-BR-00000755,"VA (Thalamus, ventral anterior Nucleus (ventral)) right",right,JULICH_BRAIN_CYTOARCHITECTONIC_ATLAS_V3_1_VA_THALAMUS_VENTRAL_ANTERIOR_NUCLEUS_VENTRAL,VA_THALAMUS_VENTRAL_ANTERIOR_NUCLEUS_VENTRAL_RIGHT.nii.gz,DIRECT_CANONICAL_SPATIAL_EVIDENCE,NGIQ-BR-00000232,Tha_R_8_1,0.2519024,228.82353013,NGIQ-BR-00000232,0.29206653,0.26582308,0.02624345,0.91221403,0.08778597,5.1177,TRUE,CONFLICT_REVIEW,HIGH_FRAGMENTATION,False,False,G4_G3_SCIENTIFIC_POLICY_V1,PENDING_OWNER_REVIEW
NGIQ-BR-00000756,"VA (Thalamus, ventral anterior Nucleus (ventral)) left",left,JULICH_BRAIN_CYTOARCHITECTONIC_ATLAS_V3_1_VA_THALAMUS_VENTRAL_ANTERIOR_NUCLEUS_VENTRAL,VA_THALAMUS_VENTRAL_ANTERIOR_NUCLEUS_VENTRAL_LEFT.nii.gz,DIRECT_CANONICAL_SPATIAL_EVIDENCE,NGIQ-BR-00000020,Tha_L_8_1,0.27415081,247.96690278,NGIQ-BR-00000245,0.35286611,0.29399944,0.05886667,0.97317255,0.02682745,5.1479,FALSE,CONFLICT_REVIEW,PROBABILITY_HARDLABEL_TOP1_DISAGREEMENT,False,False,G4_G3_SCIENTIFIC_POLICY_V1,PENDING_OWNER_REVIEW
NGIQ-BR-00000757,"VLA (Thalamus, ventral lateral anterior Nucleus) right",right,JULICH_BRAIN_CYTOARCHITECTONIC_ATLAS_V3_1_VLA_THALAMUS_VENTRAL_LATERAL_ANTERIOR_NUCLEUS,VLA_THALAMUS_VENTRAL_LATERAL_ANTERIOR_NUCLEUS_RIGHT.nii.gz,DIRECT_CANONICAL_SPATIAL_EVIDENCE,NGIQ-BR-00000234,Tha_R_8_2,0.49461883,148.77419954,NGIQ-BR-00000234,0.5642684,0.11504972,0.44921868,0.79452464,0.20547536,2.3894,TRUE,APPROVE_DOMINANT_OVERLAP,DOMINANT_CRITERIA_V1,False,False,G4_G3_SCIENTIFIC_POLICY_V1,PENDING_OWNER_REVIEW
NGIQ-BR-00000758,"VLA (Thalamus, ventral lateral anterior Nucleus) left",left,JULICH_BRAIN_CYTOARCHITECTONIC_ATLAS_V3_1_VLA_THALAMUS_VENTRAL_LATERAL_ANTERIOR_NUCLEUS,VLA_THALAMUS_VENTRAL_LATERAL_ANTERIOR_NUCLEUS_LEFT.nii.gz,DIRECT_CANONICAL_SPATIAL_EVIDENCE,NGIQ-BR-00000245,Tha_L_8_8,0.41972329,166.73286206,NGIQ-BR-00000245,0.64993066,0.21776928,0.43216138,0.96870503,0.03129497,2.5236,TRUE,APPROVE_DOMINANT_OVERLAP,DOMINANT_CRITERIA_V1,False,False,G4_G3_SCIENTIFIC_POLICY_V1,PENDING_OWNER_REVIEW
NGIQ-BR-00000759,"VAmc (Thalamus, ventral anterior Nucleus, magnocellular part) right",right,JULICH_BRAIN_CYTOARCHITECTONIC_ATLAS_V3_1_VAMC_THALAMUS_VENTRAL_ANTERIOR_NUCLEUS_MAGNOCELLULAR_PART,VAMC_THALAMUS_VENTRAL_ANTERIOR_NUCLEUS_MAGNOCELLULAR_PART_RIGHT.nii.gz,DIRECT_CANONICAL_SPATIAL_EVIDENCE,NGIQ-BR-00000232,Tha_R_8_1,0.3392424,247.13005885,NGIQ-BR-00000232,0.32992856,0.31118809,0.01874046,0.98035908,0.01964092,5.1966,TRUE,PARTIAL_OVERLAP,PARTIAL_CRITERIA_V1,False,False,G4_G3_SCIENTIFIC_POLICY_V1,PENDING_OWNER_REVIEW
NGIQ-BR-00000760,"VAmc (Thalamus, ventral anterior Nucleus, magnocellular part) left",left,JULICH_BRAIN_CYTOARCHITECTONIC_ATLAS_V3_1_VAMC_THALAMUS_VENTRAL_ANTERIOR_NUCLEUS_MAGNOCELLULAR_PART,VAMC_THALAMUS_VENTRAL_ANTERIOR_NUCLEUS_MAGNOCELLULAR_PART_LEFT.nii.gz,DIRECT_CANONICAL_SPATIAL_EVIDENCE,NGIQ-BR-00000020,Tha_L_8_1,0.33189947,213.11269243,NGIQ-BR-00000020,0.39914611,0.17455577,0.22459034,0.99044975,0.00955025,5.2185,TRUE,CONFLICT_REVIEW,HIGH_FRAGMENTATION,False,False,G4_G3_SCIENTIFIC_POLICY_V1,PENDING_OWNER_REVIEW
NGIQ-BR-00000761,"VPM (Thalamus, ventral posterior medial Nucleus) right",right,JULICH_BRAIN_CYTOARCHITECTONIC_ATLAS_V3_1_VPM_THALAMUS_VENTRAL_POSTERIOR_MEDIAL_NUCLEUS,VPM_THALAMUS_VENTRAL_POSTERIOR_MEDIAL_NUCLEUS_RIGHT.nii.gz,DIRECT_CANONICAL_SPATIAL_EVIDENCE,NGIQ-BR-00000234,Tha_R_8_2,0.40921275,70.8789043,NGIQ-BR-00000234,0.46126053,0.30105662,0.16020391,0.80642054,0.19357946,2.4042,TRUE,PARTIAL_OVERLAP,PARTIAL_CRITERIA_V1,False,False,G4_G3_SCIENTIFIC_POLICY_V1,PENDING_OWNER_REVIEW
NGIQ-BR-00000762,"VPM (Thalamus, ventral posterior medial Nucleus) left",left,JULICH_BRAIN_CYTOARCHITECTONIC_ATLAS_V3_1_VPM_THALAMUS_VENTRAL_POSTERIOR_MEDIAL_NUCLEUS,VPM_THALAMUS_VENTRAL_POSTERIOR_MEDIAL_NUCLEUS_LEFT.nii.gz,DIRECT_CANONICAL_SPATIAL_EVIDENCE,NGIQ-BR-00000235,Tha_L_8_3,0.34292265,56.91899459,NGIQ-BR-00000245,0.45566484,0.37342026,0.08224457,0.88644559,0.11355441,2.5319,FALSE,CONFLICT_REVIEW,PROBABILITY_HARDLABEL_TOP1_DISAGREEMENT,False,False,G4_G3_SCIENTIFIC_POLICY_V1,PENDING_OWNER_REVIEW
NGIQ-BR-00000763,"sPf (Thalamus, subparafascicular Nucleus) right",right,JULICH_BRAIN_CYTOARCHITECTONIC_ATLAS_V3_1_SPF_THALAMUS_SUBPARAFASCICULAR_NUCLEUS,SPF_THALAMUS_SUBPARAFASCICULAR_NUCLEUS_RIGHT.nii.gz,DIRECT_CANONICAL_SPATIAL_EVIDENCE,NGIQ-BR-00000234,Tha_R_8_2,0.22886746,52.83658203,NGIQ-BR-00000234,0.34939224,0.04030937,0.30908287,0.42106072,0.57893928,1.9049,TRUE,CONFLICT_REVIEW,DIFFUSE_ASSOCIATION,False,False,G4_G3_SCIENTIFIC_POLICY_V1,PENDING_OWNER_REVIEW
NGIQ-BR-00000764,"sPf (Thalamus, subparafascicular Nucleus) left",left,JULICH_BRAIN_CYTOARCHITECTONIC_ATLAS_V3_1_SPF_THALAMUS_SUBPARAFASCICULAR_NUCLEUS,SPF_THALAMUS_SUBPARAFASCICULAR_NUCLEUS_LEFT.nii.gz,DIRECT_CANONICAL_SPATIAL_EVIDENCE,NGIQ-BR-00000245,Tha_L_8_8,0.31516918,63.8329245,NGIQ-BR-00000245,0.47688439,0.01456358,0.46232081,0.5004402,0.4995598,1.268,TRUE,CONFLICT_REVIEW,LOW_DOMINANCE,False,False,G4_G3_SCIENTIFIC_POLICY_V1,PENDING_OWNER_REVIEW
NGIQ-BR-00000765,"Pf (Thalamus, parafascicular Nucleus) right",right,JULICH_BRAIN_CYTOARCHITECTONIC_ATLAS_V3_1_PF_THALAMUS_PARAFASCICULAR_NUCLEUS,PF_THALAMUS_PARAFASCICULAR_NUCLEUS_RIGHT.nii.gz,DIRECT_CANONICAL_SPATIAL_EVIDENCE,NGIQ-BR-00000234,Tha_R_8_2,0.29368774,74.45892725,NGIQ-BR-00000234,0.37818463,0.22085057,0.15733406,0.73873704,0.26126296,3.5063,TRUE,CONFLICT_REVIEW,HIGH_FRAGMENTATION,False,False,G4_G3_SCIENTIFIC_POLICY_V1,PENDING_OWNER_REVIEW
NGIQ-BR-00000766,"Pf (Thalamus, parafascicular Nucleus) left",left,JULICH_BRAIN_CYTOARCHITECTONIC_ATLAS_V3_1_PF_THALAMUS_PARAFASCICULAR_NUCLEUS,PF_THALAMUS_PARAFASCICULAR_NUCLEUS_LEFT.nii.gz,DIRECT_CANONICAL_SPATIAL_EVIDENCE,NGIQ-BR-00000245,Tha_L_8_8,0.35931401,92.32545177,NGIQ-BR-00000245,0.56338385,0.09981407,0.46356978,0.71448991,0.28551009,2.1005,TRUE,APPROVE_DOMINANT_OVERLAP,DOMINANT_CRITERIA_V1,False,False,G4_G3_SCIENTIFIC_POLICY_V1,PENDING_OWNER_REVIEW
NGIQ-BR-00000767,"CM (Thalamus, centromedian Nucleus) right",right,JULICH_BRAIN_CYTOARCHITECTONIC_ATLAS_V3_1_CM_THALAMUS_CENTROMEDIAN_NUCLEUS,CM_THALAMUS_CENTROMEDIAN_NUCLEUS_RIGHT.nii.gz,DIRECT_CANONICAL_SPATIAL_EVIDENCE,NGIQ-BR-00000234,Tha_R_8_2,0.36845857,124.49793824,NGIQ-BR-00000234,0.37591347,0.25329438,0.12261908,0.91228247,0.08771753,3.6662,TRUE,PARTIAL_OVERLAP,PARTIAL_CRITERIA_V1,False,False,G4_G3_SCIENTIFIC_POLICY_V1,PENDING_OWNER_REVIEW
NGIQ-BR-00000768,"CM (Thalamus, centromedian Nucleus) left",left,JULICH_BRAIN_CYTOARCHITECTONIC_ATLAS_V3_1_CM_THALAMUS_CENTROMEDIAN_NUCLEUS,CM_THALAMUS_CENTROMEDIAN_NUCLEUS_LEFT.nii.gz,DIRECT_CANONICAL_SPATIAL_EVIDENCE,NGIQ-BR-00000245,Tha_L_8_8,0.37274841,108.47870366,NGIQ-BR-00000245,0.54684068,0.21680959,0.33003109,0.90905023,0.09094977,2.9243,TRUE,APPROVE_DOMINANT_OVERLAP,DOMINANT_CRITERIA_V1,False,False,G4_G3_SCIENTIFIC_POLICY_V1,PENDING_OWNER_REVIEW
NGIQ-BR-00000769,"CL (Thalamus, anterior intralaminar nuclei) right",right,JULICH_BRAIN_CYTOARCHITECTONIC_ATLAS_V3_1_CL_THALAMUS_ANTERIOR_INTRALAMINAR_NUCLEI,CL_THALAMUS_ANTERIOR_INTRALAMINAR_NUCLEI_RIGHT.nii.gz,DIRECT_CANONICAL_SPATIAL_EVIDENCE,NGIQ-BR-00000232,Tha_R_8_1,0.21792044,289.53716065,NGIQ-BR-00000246,0.31665346,0.20239447,0.11425899,0.98728034,0.01271966,6.3978,FALSE,CONFLICT_REVIEW,PROBABILITY_HARDLABEL_TOP1_DISAGREEMENT,False,False,G4_G3_SCIENTIFIC_POLICY_V1,PENDING_OWNER_REVIEW
NGIQ-BR-00000770,"CL (Thalamus, anterior intralaminar nuclei) left",left,JULICH_BRAIN_CYTOARCHITECTONIC_ATLAS_V3_1_CL_THALAMUS_ANTERIOR_INTRALAMINAR_NUCLEI,CL_THALAMUS_ANTERIOR_INTRALAMINAR_NUCLEI_LEFT.nii.gz,DIRECT_CANONICAL_SPATIAL_EVIDENCE,NGIQ-BR-00000020,Tha_L_8_1,0.1955436,292.43546811,NGIQ-BR-00000245,0.24013596,0.21649375,0.02364221,0.97925325,0.02074675,6.5399,FALSE,CONFLICT_REVIEW,PROBABILITY_HARDLABEL_TOP1_DISAGREEMENT,False,False,G4_G3_SCIENTIFIC_POLICY_V1,PENDING_OWNER_REVIEW
