candidate_id,source_region_pk,source_entity_id,source_name,source_granularity_level,source_hemisphere,target_region_pk,target_entity_id,target_name,target_granularity_level,target_hemisphere,mapping_relation,mapping_method,source_coverage_ratio,target_coverage_ratio,spatial_overlap_ratio,mapping_confidence,scientific_rollup_eligible,proposed_record_status,proposed_review_status,proposed_rollup_eligible,proposed_is_primary_rollup,scientific_decision,decision_reason_code,semantic_compatibility_status,review_note,provenance_json
G4G3-STAGE-3B60DE3CDF4E388940FB,832,NGIQ-BR-00000333,"FuCd (Ventral Striatum, Fundus of Caudate Nucleus) right",G4_MICROSTRUCTURAL_FINE,right,663,NGIQ-BR-00000221,"Right Striatum (basal ganglia), Brainnetome 6_1",G3_MESO_FINE,right,partial_overlap,spatial_overlap,0.557869,0.093291,,,False,proposed,pending,FALSE,FALSE,PARTIAL_OVERLAP,OWNER_CONFIRMED_PARTIAL,,,"{""brainnetome_probability_asset"": ""data/atlases/brainnetome/bna246/volume_raw/BNA_PM_4D.nii.gz"", ""decision_artifact"": ""g4_g3_final_scientific_decisions.csv"", ""decision_reason_code"": ""OWNER_CONFIRMED_PARTIAL"", ""evidence_2g_probability_overlap"": ""g4_g3_probability_overlap_summary.json"", ""evidence_2h_interpretation"": ""g4_g3_overlap_interpretation_profiles.csv"", ""evidence_2ia_policy"": ""g4_g3_scientific_decision_policy_v1.csv"", ""evidence_2ib_owner_revision"": ""g4_g3_owner_policy_revision_v1.csv"", ""evidence_2ic_final_decision"": ""g4_g3_final_scientific_decision_summary.json"", ""expert_approved"": false, ""final_scientific_policy"": ""G4_G3_FINAL_SCIENTIFIC_POLICY_V1"", ""human_reviewed"": false, ""julich_probability_asset"": ""data/atlases/julich/v3.1/spatial_raw/probability_maps/"", ""julich_spatial_component_asset"": ""FUCD_VENTRAL_STRIATUM_FUNDUS_OF_CAUDATE_NUCLEUS_RIGHT.nii.gz"", ""julich_spatial_component_id"": ""JULICH_BRAIN_CYTOARCHITECTONIC_ATLAS_V3_1_FUCD_VENTRAL_STRIATUM_FUNDUS_OF_CAUDATE_NUCLEUS"", ""mapping_method_field"": ""spatial_overlap"", ""owner_scientific_review_status"": ""OWNER_SCIENTIFIC_REVIEWED"", ""phase"": ""G4_G3_MAPPING_CANDIDATE_STAGING_V1"", ""production_review_status"": ""pending"", ""relation_artifact"": ""g4_g3_final_relation_decisions.csv"", ""scientific_method"": ""Julich probability x Brainnetome probability + TemplateFlow nonlinear transform + probability-weighted overlap + hard-label auxiliary containment + owner scientific review"", ""semantic_compatibility_status"": null, ""source_canonical_g4_id"": ""NGIQ-BR-00000333"", ""source_coverage_ratio"": 0.5578687670711229, ""target_canonical_g3_id"": ""NGIQ-BR-00000221"", ""target_coverage_ratio"": 0.09329113190019184, ""transform_provenance"": ""data/atlases/templateflow_ref (MNI152NLin2009cAsym_from-MNI152NLin6Asym)""}"
G4G3-STAGE-AA5EDCC035B492AA8FF5,832,NGIQ-BR-00000333,"FuCd (Ventral Striatum, Fundus of Caudate Nucleus) right",G4_MICROSTRUCTURAL_FINE,right,675,NGIQ-BR-00000225,"Right Striatum (basal ganglia), Brainnetome 6_3",G3_MESO_FINE,right,partial_overlap,spatial_overlap,0.379508,0.092193,,,False,proposed,pending,FALSE,FALSE,PARTIAL_OVERLAP,OWNER_CONFIRMED_PARTIAL,,,"{""brainnetome_probability_asset"": ""data/atlases/brainnetome/bna246/volume_raw/BNA_PM_4D.nii.gz"", ""decision_artifact"": ""g4_g3_final_scientific_decisions.csv"", ""decision_reason_code"": ""OWNER_CONFIRMED_PARTIAL"", ""evidence_2g_probability_overlap"": ""g4_g3_probability_overlap_summary.json"", ""evidence_2h_interpretation"": ""g4_g3_overlap_interpretation_profiles.csv"", ""evidence_2ia_policy"": ""g4_g3_scientific_decision_policy_v1.csv"", ""evidence_2ib_owner_revision"": ""g4_g3_owner_policy_revision_v1.csv"", ""evidence_2ic_final_decision"": ""g4_g3_final_scientific_decision_summary.json"", ""expert_approved"": false, ""final_scientific_policy"": ""G4_G3_FINAL_SCIENTIFIC_POLICY_V1"", ""human_reviewed"": false, ""julich_probability_asset"": ""data/atlases/julich/v3.1/spatial_raw/probability_maps/"", ""julich_spatial_component_asset"": ""FUCD_VENTRAL_STRIATUM_FUNDUS_OF_CAUDATE_NUCLEUS_RIGHT.nii.gz"", ""julich_spatial_component_id"": ""JULICH_BRAIN_CYTOARCHITECTONIC_ATLAS_V3_1_FUCD_VENTRAL_STRIATUM_FUNDUS_OF_CAUDATE_NUCLEUS"", ""mapping_method_field"": ""spatial_overlap"", ""owner_scientific_review_status"": ""OWNER_SCIENTIFIC_REVIEWED"", ""phase"": ""G4_G3_MAPPING_CANDIDATE_STAGING_V1"", ""production_review_status"": ""pending"", ""relation_artifact"": ""g4_g3_final_relation_decisions.csv"", ""scientific_method"": ""Julich probability x Brainnetome probability + TemplateFlow nonlinear transform + probability-weighted overlap + hard-label auxiliary containment + owner scientific review"", ""semantic_compatibility_status"": null, ""source_canonical_g4_id"": ""NGIQ-BR-00000333"", ""source_coverage_ratio"": 0.3795082824270607, ""target_canonical_g3_id"": ""NGIQ-BR-00000225"", ""target_coverage_ratio"": 0.09219284415779075, ""transform_provenance"": ""data/atlases/templateflow_ref (MNI152NLin2009cAsym_from-MNI152NLin6Asym)""}"
G4G3-STAGE-E5263288201F5E932561,835,NGIQ-BR-00000334,"FuCd (Ventral Striatum, Fundus of Caudate Nucleus) left",G4_MICROSTRUCTURAL_FINE,left,57,NGIQ-BR-00000019,"Left Striatum (basal ganglia), Brainnetome 6_1",G3_MESO_FINE,left,dominant_overlap,spatial_overlap,0.674717,0.119069,,,False,proposed,pending,FALSE,FALSE,APPROVE_DOMINANT_OVERLAP,DOMINANT_CRITERIA_V1,,,"{""brainnetome_probability_asset"": ""data/atlases/brainnetome/bna246/volume_raw/BNA_PM_4D.nii.gz"", ""decision_artifact"": ""g4_g3_final_scientific_decisions.csv"", ""decision_reason_code"": ""DOMINANT_CRITERIA_V1"", ""evidence_2g_probability_overlap"": ""g4_g3_probability_overlap_summary.json"", ""evidence_2h_interpretation"": ""g4_g3_overlap_interpretation_profiles.csv"", ""evidence_2ia_policy"": ""g4_g3_scientific_decision_policy_v1.csv"", ""evidence_2ib_owner_revision"": ""g4_g3_owner_policy_revision_v1.csv"", ""evidence_2ic_final_decision"": ""g4_g3_final_scientific_decision_summary.json"", ""expert_approved"": false, ""final_scientific_policy"": ""G4_G3_FINAL_SCIENTIFIC_POLICY_V1"", ""human_reviewed"": false, ""julich_probability_asset"": ""data/atlases/julich/v3.1/spatial_raw/probability_maps/"", ""julich_spatial_component_asset"": ""FUCD_VENTRAL_STRIATUM_FUNDUS_OF_CAUDATE_NUCLEUS_LEFT.nii.gz"", ""julich_spatial_component_id"": ""JULICH_BRAIN_CYTOARCHITECTONIC_ATLAS_V3_1_FUCD_VENTRAL_STRIATUM_FUNDUS_OF_CAUDATE_NUCLEUS"", ""mapping_method_field"": ""spatial_overlap"", ""owner_scientific_review_status"": ""OWNER_SCIENTIFIC_REVIEWED"", ""phase"": ""G4_G3_MAPPING_CANDIDATE_STAGING_V1"", ""production_review_status"": ""pending"", ""relation_artifact"": ""g4_g3_final_relation_decisions.csv"", ""scientific_method"": ""Julich probability x Brainnetome probability + TemplateFlow nonlinear transform + probability-weighted overlap + hard-label auxiliary containment + owner scientific review"", ""semantic_compatibility_status"": null, ""source_canonical_g4_id"": ""NGIQ-BR-00000334"", ""source_coverage_ratio"": 0.6747167350257065, ""target_canonical_g3_id"": ""NGIQ-BR-00000019"", ""target_coverage_ratio"": 0.11906922028454582, ""transform_provenance"": ""data/atlases/templateflow_ref (MNI152NLin2009cAsym_from-MNI152NLin6Asym)""}"
G4G3-STAGE-47322A15B728C94278A0,838,NGIQ-BR-00000335,"AcbM (Ventral Striatum, Medial Accumbens) right",G4_MICROSTRUCTURAL_FINE,right,675,NGIQ-BR-00000225,"Right Striatum (basal ganglia), Brainnetome 6_3",G3_MESO_FINE,right,contained_in,spatial_overlap,0.924439,0.051533,,,True,proposed,pending,FALSE,FALSE,APPROVE_CONTAINED_IN,OWNER_CONFIRMED_CONTAINED,EXACT_FAMILY,,"{""brainnetome_probability_asset"": ""data/atlases/brainnetome/bna246/volume_raw/BNA_PM_4D.nii.gz"", ""decision_artifact"": ""g4_g3_final_scientific_decisions.csv"", ""decision_reason_code"": ""OWNER_CONFIRMED_CONTAINED"", ""evidence_2g_probability_overlap"": ""g4_g3_probability_overlap_summary.json"", ""evidence_2h_interpretation"": ""g4_g3_overlap_interpretation_profiles.csv"", ""evidence_2ia_policy"": ""g4_g3_scientific_decision_policy_v1.csv"", ""evidence_2ib_owner_revision"": ""g4_g3_owner_policy_revision_v1.csv"", ""evidence_2ic_final_decision"": ""g4_g3_final_scientific_decision_summary.json"", ""expert_approved"": false, ""final_scientific_policy"": ""G4_G3_FINAL_SCIENTIFIC_POLICY_V1"", ""human_reviewed"": false, ""julich_probability_asset"": ""data/atlases/julich/v3.1/spatial_raw/probability_maps/"", ""julich_spatial_component_asset"": ""ACBM_VENTRAL_STRIATUM_MEDIAL_ACCUMBENS_RIGHT.nii.gz"", ""julich_spatial_component_id"": ""JULICH_BRAIN_CYTOARCHITECTONIC_ATLAS_V3_1_ACBM_VENTRAL_STRIATUM_MEDIAL_ACCUMBENS"", ""mapping_method_field"": ""spatial_overlap"", ""owner_scientific_review_status"": ""OWNER_SCIENTIFIC_REVIEWED"", ""phase"": ""G4_G3_MAPPING_CANDIDATE_STAGING_V1"", ""production_review_status"": ""pending"", ""relation_artifact"": ""g4_g3_final_relation_decisions.csv"", ""scientific_method"": ""Julich probability x Brainnetome probability + TemplateFlow nonlinear transform + probability-weighted overlap + hard-label auxiliary containment + owner scientific review"", ""semantic_compatibility_status"": ""EXACT_FAMILY"", ""source_canonical_g4_id"": ""NGIQ-BR-00000335"", ""source_coverage_ratio"": 0.924439446372752, ""target_canonical_g3_id"": ""NGIQ-BR-00000225"", ""target_coverage_ratio"": 0.05153283570445677, ""transform_provenance"": ""data/atlases/templateflow_ref (MNI152NLin2009cAsym_from-MNI152NLin6Asym)""}"
G4G3-STAGE-229EA5E843C23715B81B,841,NGIQ-BR-00000336,"AcbM (Ventral Striatum, Medial Accumbens) left",G4_MICROSTRUCTURAL_FINE,left,672,NGIQ-BR-00000224,"Left Striatum (basal ganglia), Brainnetome 6_3",G3_MESO_FINE,left,dominant_overlap,spatial_overlap,0.661279,0.048469,,,False,proposed,pending,FALSE,FALSE,APPROVE_DOMINANT_OVERLAP,DOMINANT_CRITERIA_V1,,,"{""brainnetome_probability_asset"": ""data/atlases/brainnetome/bna246/volume_raw/BNA_PM_4D.nii.gz"", ""decision_artifact"": ""g4_g3_final_scientific_decisions.csv"", ""decision_reason_code"": ""DOMINANT_CRITERIA_V1"", ""evidence_2g_probability_overlap"": ""g4_g3_probability_overlap_summary.json"", ""evidence_2h_interpretation"": ""g4_g3_overlap_interpretation_profiles.csv"", ""evidence_2ia_policy"": ""g4_g3_scientific_decision_policy_v1.csv"", ""evidence_2ib_owner_revision"": ""g4_g3_owner_policy_revision_v1.csv"", ""evidence_2ic_final_decision"": ""g4_g3_final_scientific_decision_summary.json"", ""expert_approved"": false, ""final_scientific_policy"": ""G4_G3_FINAL_SCIENTIFIC_POLICY_V1"", ""human_reviewed"": false, ""julich_probability_asset"": ""data/atlases/julich/v3.1/spatial_raw/probability_maps/"", ""julich_spatial_component_asset"": ""ACBM_VENTRAL_STRIATUM_MEDIAL_ACCUMBENS_LEFT.nii.gz"", ""julich_spatial_component_id"": ""JULICH_BRAIN_CYTOARCHITECTONIC_ATLAS_V3_1_ACBM_VENTRAL_STRIATUM_MEDIAL_ACCUMBENS"", ""mapping_method_field"": ""spatial_overlap"", ""owner_scientific_review_status"": ""OWNER_SCIENTIFIC_REVIEWED"", ""phase"": ""G4_G3_MAPPING_CANDIDATE_STAGING_V1"", ""production_review_status"": ""pending"", ""relation_artifact"": ""g4_g3_final_relation_decisions.csv"", ""scientific_method"": ""Julich probability x Brainnetome probability + TemplateFlow nonlinear transform + probability-weighted overlap + hard-label auxiliary containment + owner scientific review"", ""semantic_compatibility_status"": null, ""source_canonical_g4_id"": ""NGIQ-BR-00000336"", ""source_coverage_ratio"": 0.6612785188041591, ""target_canonical_g3_id"": ""NGIQ-BR-00000224"", ""target_coverage_ratio"": 0.048468640319504236, ""transform_provenance"": ""data/atlases/templateflow_ref (MNI152NLin2009cAsym_from-MNI152NLin6Asym)""}"
G4G3-STAGE-650EA18819557E5FFE2C,844,NGIQ-BR-00000337,"AcbL (Ventral Striatum, Lateral Accumbens) right",G4_MICROSTRUCTURAL_FINE,right,675,NGIQ-BR-00000225,"Right Striatum (basal ganglia), Brainnetome 6_3",G3_MESO_FINE,right,contained_in,spatial_overlap,0.906457,0.100688,,,True,proposed,pending,FALSE,FALSE,APPROVE_CONTAINED_IN,OWNER_CONFIRMED_CONTAINED,EXACT_FAMILY,,"{""brainnetome_probability_asset"": ""data/atlases/brainnetome/bna246/volume_raw/BNA_PM_4D.nii.gz"", ""decision_artifact"": ""g4_g3_final_scientific_decisions.csv"", ""decision_reason_code"": ""OWNER_CONFIRMED_CONTAINED"", ""evidence_2g_probability_overlap"": ""g4_g3_probability_overlap_summary.json"", ""evidence_2h_interpretation"": ""g4_g3_overlap_interpretation_profiles.csv"", ""evidence_2ia_policy"": ""g4_g3_scientific_decision_policy_v1.csv"", ""evidence_2ib_owner_revision"": ""g4_g3_owner_policy_revision_v1.csv"", ""evidence_2ic_final_decision"": ""g4_g3_final_scientific_decision_summary.json"", ""expert_approved"": false, ""final_scientific_policy"": ""G4_G3_FINAL_SCIENTIFIC_POLICY_V1"", ""human_reviewed"": false, ""julich_probability_asset"": ""data/atlases/julich/v3.1/spatial_raw/probability_maps/"", ""julich_spatial_component_asset"": ""ACBL_VENTRAL_STRIATUM_LATERAL_ACCUMBENS_RIGHT.nii.gz"", ""julich_spatial_component_id"": ""JULICH_BRAIN_CYTOARCHITECTONIC_ATLAS_V3_1_ACBL_VENTRAL_STRIATUM_LATERAL_ACCUMBENS"", ""mapping_method_field"": ""spatial_overlap"", ""owner_scientific_review_status"": ""OWNER_SCIENTIFIC_REVIEWED"", ""phase"": ""G4_G3_MAPPING_CANDIDATE_STAGING_V1"", ""production_review_status"": ""pending"", ""relation_artifact"": ""g4_g3_final_relation_decisions.csv"", ""scientific_method"": ""Julich probability x Brainnetome probability + TemplateFlow nonlinear transform + probability-weighted overlap + hard-label auxiliary containment + owner scientific review"", ""semantic_compatibility_status"": ""EXACT_FAMILY"", ""source_canonical_g4_id"": ""NGIQ-BR-00000337"", ""source_coverage_ratio"": 0.9064568505994652, ""target_canonical_g3_id"": ""NGIQ-BR-00000225"", ""target_coverage_ratio"": 0.10068835349428493, ""transform_provenance"": ""data/atlases/templateflow_ref (MNI152NLin2009cAsym_from-MNI152NLin6Asym)""}"
G4G3-STAGE-994FFF5417BB39DDE017,847,NGIQ-BR-00000338,"AcbL (Ventral Striatum, Lateral Accumbens) left",G4_MICROSTRUCTURAL_FINE,left,672,NGIQ-BR-00000224,"Left Striatum (basal ganglia), Brainnetome 6_3",G3_MESO_FINE,left,contained_in,spatial_overlap,0.840014,0.10263,,,True,proposed,pending,FALSE,FALSE,APPROVE_CONTAINED_IN,OWNER_CONFIRMED_CONTAINED,EXACT_FAMILY,,"{""brainnetome_probability_asset"": ""data/atlases/brainnetome/bna246/volume_raw/BNA_PM_4D.nii.gz"", ""decision_artifact"": ""g4_g3_final_scientific_decisions.csv"", ""decision_reason_code"": ""OWNER_CONFIRMED_CONTAINED"", ""evidence_2g_probability_overlap"": ""g4_g3_probability_overlap_summary.json"", ""evidence_2h_interpretation"": ""g4_g3_overlap_interpretation_profiles.csv"", ""evidence_2ia_policy"": ""g4_g3_scientific_decision_policy_v1.csv"", ""evidence_2ib_owner_revision"": ""g4_g3_owner_policy_revision_v1.csv"", ""evidence_2ic_final_decision"": ""g4_g3_final_scientific_decision_summary.json"", ""expert_approved"": false, ""final_scientific_policy"": ""G4_G3_FINAL_SCIENTIFIC_POLICY_V1"", ""human_reviewed"": false, ""julich_probability_asset"": ""data/atlases/julich/v3.1/spatial_raw/probability_maps/"", ""julich_spatial_component_asset"": ""ACBL_VENTRAL_STRIATUM_LATERAL_ACCUMBENS_LEFT.nii.gz"", ""julich_spatial_component_id"": ""JULICH_BRAIN_CYTOARCHITECTONIC_ATLAS_V3_1_ACBL_VENTRAL_STRIATUM_LATERAL_ACCUMBENS"", ""mapping_method_field"": ""spatial_overlap"", ""owner_scientific_review_status"": ""OWNER_SCIENTIFIC_REVIEWED"", ""phase"": ""G4_G3_MAPPING_CANDIDATE_STAGING_V1"", ""production_review_status"": ""pending"", ""relation_artifact"": ""g4_g3_final_relation_decisions.csv"", ""scientific_method"": ""Julich probability x Brainnetome probability + TemplateFlow nonlinear transform + probability-weighted overlap + hard-label auxiliary containment + owner scientific review"", ""semantic_compatibility_status"": ""EXACT_FAMILY"", ""source_canonical_g4_id"": ""NGIQ-BR-00000338"", ""source_coverage_ratio"": 0.8400139342575805, ""target_canonical_g3_id"": ""NGIQ-BR-00000224"", ""target_coverage_ratio"": 0.10262951726825335, ""transform_provenance"": ""data/atlases/templateflow_ref (MNI152NLin2009cAsym_from-MNI152NLin6Asym)""}"
G4G3-STAGE-B56833436A65CE8D993C,940,NGIQ-BR-00000369,VTM (Amygdala) right,G4_MICROSTRUCTURAL_FINE,right,54,NGIQ-BR-00000018,"Right Hippocampus, Brainnetome 2_1",G3_MESO_FINE,right,dominant_overlap,spatial_overlap,0.646528,0.035969,,,False,proposed,pending,FALSE,FALSE,APPROVE_DOMINANT_OVERLAP,DOMINANT_CRITERIA_V1,,,"{""brainnetome_probability_asset"": ""data/atlases/brainnetome/bna246/volume_raw/BNA_PM_4D.nii.gz"", ""decision_artifact"": ""g4_g3_final_scientific_decisions.csv"", ""decision_reason_code"": ""DOMINANT_CRITERIA_V1"", ""evidence_2g_probability_overlap"": ""g4_g3_probability_overlap_summary.json"", ""evidence_2h_interpretation"": ""g4_g3_overlap_interpretation_profiles.csv"", ""evidence_2ia_policy"": ""g4_g3_scientific_decision_policy_v1.csv"", ""evidence_2ib_owner_revision"": ""g4_g3_owner_policy_revision_v1.csv"", ""evidence_2ic_final_decision"": ""g4_g3_final_scientific_decision_summary.json"", ""expert_approved"": false, ""final_scientific_policy"": ""G4_G3_FINAL_SCIENTIFIC_POLICY_V1"", ""human_reviewed"": false, ""julich_probability_asset"": ""data/atlases/julich/v3.1/spatial_raw/probability_maps/"", ""julich_spatial_component_asset"": ""VTM_AMYGDALA_RIGHT.nii.gz"", ""julich_spatial_component_id"": ""JULICH_BRAIN_CYTOARCHITECTONIC_ATLAS_V3_1_VTM_AMYGDALA"", ""mapping_method_field"": ""spatial_overlap"", ""owner_scientific_review_status"": ""OWNER_SCIENTIFIC_REVIEWED"", ""phase"": ""G4_G3_MAPPING_CANDIDATE_STAGING_V1"", ""production_review_status"": ""pending"", ""relation_artifact"": ""g4_g3_final_relation_decisions.csv"", ""scientific_method"": ""Julich probability x Brainnetome probability + TemplateFlow nonlinear transform + probability-weighted overlap + hard-label auxiliary containment + owner scientific review"", ""semantic_compatibility_status"": null, ""source_canonical_g4_id"": ""NGIQ-BR-00000369"", ""source_coverage_ratio"": 0.6465280522314231, ""target_canonical_g3_id"": ""NGIQ-BR-00000018"", ""target_coverage_ratio"": 0.03596882116035805, ""transform_provenance"": ""data/atlases/templateflow_ref (MNI152NLin2009cAsym_from-MNI152NLin6Asym)""}"
G4G3-STAGE-94BB7CE318469373F6BA,976,NGIQ-BR-00000381,Area 5L (SPL) right,G4_MICROSTRUCTURAL_FINE,right,426,NGIQ-BR-00000142,"Right Superior parietal lobule, Brainnetome 5_4",G3_MESO_FINE,right,partial_overlap,spatial_overlap,0.46452,0.227073,,,False,proposed,pending,FALSE,FALSE,PARTIAL_OVERLAP,OWNER_CONFIRMED_PARTIAL,,,"{""brainnetome_probability_asset"": ""data/atlases/brainnetome/bna246/volume_raw/BNA_PM_4D.nii.gz"", ""decision_artifact"": ""g4_g3_final_scientific_decisions.csv"", ""decision_reason_code"": ""OWNER_CONFIRMED_PARTIAL"", ""evidence_2g_probability_overlap"": ""g4_g3_probability_overlap_summary.json"", ""evidence_2h_interpretation"": ""g4_g3_overlap_interpretation_profiles.csv"", ""evidence_2ia_policy"": ""g4_g3_scientific_decision_policy_v1.csv"", ""evidence_2ib_owner_revision"": ""g4_g3_owner_policy_revision_v1.csv"", ""evidence_2ic_final_decision"": ""g4_g3_final_scientific_decision_summary.json"", ""expert_approved"": false, ""final_scientific_policy"": ""G4_G3_FINAL_SCIENTIFIC_POLICY_V1"", ""human_reviewed"": false, ""julich_probability_asset"": ""data/atlases/julich/v3.1/spatial_raw/probability_maps/"", ""julich_spatial_component_asset"": ""AREA_5L_SPL_RIGHT.nii.gz"", ""julich_spatial_component_id"": ""JULICH_BRAIN_CYTOARCHITECTONIC_ATLAS_V3_1_AREA_5L_SPL"", ""mapping_method_field"": ""spatial_overlap"", ""owner_scientific_review_status"": ""OWNER_SCIENTIFIC_REVIEWED"", ""phase"": ""G4_G3_MAPPING_CANDIDATE_STAGING_V1"", ""production_review_status"": ""pending"", ""relation_artifact"": ""g4_g3_final_relation_decisions.csv"", ""scientific_method"": ""Julich probability x Brainnetome probability + TemplateFlow nonlinear transform + probability-weighted overlap + hard-label auxiliary containment + owner scientific review"", ""semantic_compatibility_status"": null, ""source_canonical_g4_id"": ""NGIQ-BR-00000381"", ""source_coverage_ratio"": 0.46451985725059614, ""target_canonical_g3_id"": ""NGIQ-BR-00000142"", ""target_coverage_ratio"": 0.22707312231411642, ""transform_provenance"": ""data/atlases/templateflow_ref (MNI152NLin2009cAsym_from-MNI152NLin6Asym)""}"
G4G3-STAGE-1303D057B5B77822C383,976,NGIQ-BR-00000381,Area 5L (SPL) right,G4_MICROSTRUCTURAL_FINE,right,474,NGIQ-BR-00000158,"Right Precuneus, Brainnetome 4_2",G3_MESO_FINE,right,partial_overlap,spatial_overlap,0.216613,0.08914,,,False,proposed,pending,FALSE,FALSE,PARTIAL_OVERLAP,OWNER_CONFIRMED_PARTIAL,,,"{""brainnetome_probability_asset"": ""data/atlases/brainnetome/bna246/volume_raw/BNA_PM_4D.nii.gz"", ""decision_artifact"": ""g4_g3_final_scientific_decisions.csv"", ""decision_reason_code"": ""OWNER_CONFIRMED_PARTIAL"", ""evidence_2g_probability_overlap"": ""g4_g3_probability_overlap_summary.json"", ""evidence_2h_interpretation"": ""g4_g3_overlap_interpretation_profiles.csv"", ""evidence_2ia_policy"": ""g4_g3_scientific_decision_policy_v1.csv"", ""evidence_2ib_owner_revision"": ""g4_g3_owner_policy_revision_v1.csv"", ""evidence_2ic_final_decision"": ""g4_g3_final_scientific_decision_summary.json"", ""expert_approved"": false, ""final_scientific_policy"": ""G4_G3_FINAL_SCIENTIFIC_POLICY_V1"", ""human_reviewed"": false, ""julich_probability_asset"": ""data/atlases/julich/v3.1/spatial_raw/probability_maps/"", ""julich_spatial_component_asset"": ""AREA_5L_SPL_RIGHT.nii.gz"", ""julich_spatial_component_id"": ""JULICH_BRAIN_CYTOARCHITECTONIC_ATLAS_V3_1_AREA_5L_SPL"", ""mapping_method_field"": ""spatial_overlap"", ""owner_scientific_review_status"": ""OWNER_SCIENTIFIC_REVIEWED"", ""phase"": ""G4_G3_MAPPING_CANDIDATE_STAGING_V1"", ""production_review_status"": ""pending"", ""relation_artifact"": ""g4_g3_final_relation_decisions.csv"", ""scientific_method"": ""Julich probability x Brainnetome probability + TemplateFlow nonlinear transform + probability-weighted overlap + hard-label auxiliary containment + owner scientific review"", ""semantic_compatibility_status"": null, ""source_canonical_g4_id"": ""NGIQ-BR-00000381"", ""source_coverage_ratio"": 0.2166131268988323, ""target_canonical_g3_id"": ""NGIQ-BR-00000158"", ""target_coverage_ratio"": 0.0891396166573715, ""transform_provenance"": ""data/atlases/templateflow_ref (MNI152NLin2009cAsym_from-MNI152NLin6Asym)""}"
G4G3-STAGE-04F6AB2196FEFBE063AF,985,NGIQ-BR-00000384,Area 7M (SPL) left,G4_MICROSTRUCTURAL_FINE,left,477,NGIQ-BR-00000159,"Left Precuneus, Brainnetome 4_3",G3_MESO_FINE,left,partial_overlap,spatial_overlap,0.333361,0.013004,,,False,proposed,pending,FALSE,FALSE,PARTIAL_OVERLAP,FINAL_MULTI_TARGET_PARTIAL_GATE_PASS,,,"{""brainnetome_probability_asset"": ""data/atlases/brainnetome/bna246/volume_raw/BNA_PM_4D.nii.gz"", ""decision_artifact"": ""g4_g3_final_scientific_decisions.csv"", ""decision_reason_code"": ""FINAL_MULTI_TARGET_PARTIAL_GATE_PASS"", ""evidence_2g_probability_overlap"": ""g4_g3_probability_overlap_summary.json"", ""evidence_2h_interpretation"": ""g4_g3_overlap_interpretation_profiles.csv"", ""evidence_2ia_policy"": ""g4_g3_scientific_decision_policy_v1.csv"", ""evidence_2ib_owner_revision"": ""g4_g3_owner_policy_revision_v1.csv"", ""evidence_2ic_final_decision"": ""g4_g3_final_scientific_decision_summary.json"", ""expert_approved"": false, ""final_scientific_policy"": ""G4_G3_FINAL_SCIENTIFIC_POLICY_V1"", ""human_reviewed"": false, ""julich_probability_asset"": ""data/atlases/julich/v3.1/spatial_raw/probability_maps/"", ""julich_spatial_component_asset"": ""AREA_7M_SPL_LEFT.nii.gz"", ""julich_spatial_component_id"": ""JULICH_BRAIN_CYTOARCHITECTONIC_ATLAS_V3_1_AREA_7M_SPL"", ""mapping_method_field"": ""spatial_overlap"", ""owner_scientific_review_status"": ""OWNER_SCIENTIFIC_REVIEWED"", ""phase"": ""G4_G3_MAPPING_CANDIDATE_STAGING_V1"", ""production_review_status"": ""pending"", ""relation_artifact"": ""g4_g3_final_relation_decisions.csv"", ""scientific_method"": ""Julich probability x Brainnetome probability + TemplateFlow nonlinear transform + probability-weighted overlap + hard-label auxiliary containment + owner scientific review"", ""semantic_compatibility_status"": null, ""source_canonical_g4_id"": ""NGIQ-BR-00000384"", ""source_coverage_ratio"": 0.3333612798718713, ""target_canonical_g3_id"": ""NGIQ-BR-00000159"", ""target_coverage_ratio"": 0.013003758789182255, ""transform_provenance"": ""data/atlases/templateflow_ref (MNI152NLin2009cAsym_from-MNI152NLin6Asym)""}"
G4G3-STAGE-8E904FA27605D9F14B3A,985,NGIQ-BR-00000384,Area 7M (SPL) left,G4_MICROSTRUCTURAL_FINE,left,603,NGIQ-BR-00000201,"Left Medioventral occipital cortex, Brainnetome 5_5",G3_MESO_FINE,left,partial_overlap,spatial_overlap,0.236387,0.010742,,,False,proposed,pending,FALSE,FALSE,PARTIAL_OVERLAP,FINAL_MULTI_TARGET_PARTIAL_GATE_PASS,,,"{""brainnetome_probability_asset"": ""data/atlases/brainnetome/bna246/volume_raw/BNA_PM_4D.nii.gz"", ""decision_artifact"": ""g4_g3_final_scientific_decisions.csv"", ""decision_reason_code"": ""FINAL_MULTI_TARGET_PARTIAL_GATE_PASS"", ""evidence_2g_probability_overlap"": ""g4_g3_probability_overlap_summary.json"", ""evidence_2h_interpretation"": ""g4_g3_overlap_interpretation_profiles.csv"", ""evidence_2ia_policy"": ""g4_g3_scientific_decision_policy_v1.csv"", ""evidence_2ib_owner_revision"": ""g4_g3_owner_policy_revision_v1.csv"", ""evidence_2ic_final_decision"": ""g4_g3_final_scientific_decision_summary.json"", ""expert_approved"": false, ""final_scientific_policy"": ""G4_G3_FINAL_SCIENTIFIC_POLICY_V1"", ""human_reviewed"": false, ""julich_probability_asset"": ""data/atlases/julich/v3.1/spatial_raw/probability_maps/"", ""julich_spatial_component_asset"": ""AREA_7M_SPL_LEFT.nii.gz"", ""julich_spatial_component_id"": ""JULICH_BRAIN_CYTOARCHITECTONIC_ATLAS_V3_1_AREA_7M_SPL"", ""mapping_method_field"": ""spatial_overlap"", ""owner_scientific_review_status"": ""OWNER_SCIENTIFIC_REVIEWED"", ""phase"": ""G4_G3_MAPPING_CANDIDATE_STAGING_V1"", ""production_review_status"": ""pending"", ""relation_artifact"": ""g4_g3_final_relation_decisions.csv"", ""scientific_method"": ""Julich probability x Brainnetome probability + TemplateFlow nonlinear transform + probability-weighted overlap + hard-label auxiliary containment + owner scientific review"", ""semantic_compatibility_status"": null, ""source_canonical_g4_id"": ""NGIQ-BR-00000384"", ""source_coverage_ratio"": 0.2363867259797058, ""target_canonical_g3_id"": ""NGIQ-BR-00000201"", ""target_coverage_ratio"": 0.010742137703549145, ""transform_provenance"": ""data/atlases/templateflow_ref (MNI152NLin2009cAsym_from-MNI152NLin6Asym)""}"
G4G3-STAGE-51D6AF70D7E08BDD8A65,985,NGIQ-BR-00000384,Area 7M (SPL) left,G4_MICROSTRUCTURAL_FINE,left,465,NGIQ-BR-00000155,"Left Precuneus, Brainnetome 4_1",G3_MESO_FINE,left,partial_overlap,spatial_overlap,0.233114,0.022213,,,False,proposed,pending,FALSE,FALSE,PARTIAL_OVERLAP,FINAL_MULTI_TARGET_PARTIAL_GATE_PASS,,,"{""brainnetome_probability_asset"": ""data/atlases/brainnetome/bna246/volume_raw/BNA_PM_4D.nii.gz"", ""decision_artifact"": ""g4_g3_final_scientific_decisions.csv"", ""decision_reason_code"": ""FINAL_MULTI_TARGET_PARTIAL_GATE_PASS"", ""evidence_2g_probability_overlap"": ""g4_g3_probability_overlap_summary.json"", ""evidence_2h_interpretation"": ""g4_g3_overlap_interpretation_profiles.csv"", ""evidence_2ia_policy"": ""g4_g3_scientific_decision_policy_v1.csv"", ""evidence_2ib_owner_revision"": ""g4_g3_owner_policy_revision_v1.csv"", ""evidence_2ic_final_decision"": ""g4_g3_final_scientific_decision_summary.json"", ""expert_approved"": false, ""final_scientific_policy"": ""G4_G3_FINAL_SCIENTIFIC_POLICY_V1"", ""human_reviewed"": false, ""julich_probability_asset"": ""data/atlases/julich/v3.1/spatial_raw/probability_maps/"", ""julich_spatial_component_asset"": ""AREA_7M_SPL_LEFT.nii.gz"", ""julich_spatial_component_id"": ""JULICH_BRAIN_CYTOARCHITECTONIC_ATLAS_V3_1_AREA_7M_SPL"", ""mapping_method_field"": ""spatial_overlap"", ""owner_scientific_review_status"": ""OWNER_SCIENTIFIC_REVIEWED"", ""phase"": ""G4_G3_MAPPING_CANDIDATE_STAGING_V1"", ""production_review_status"": ""pending"", ""relation_artifact"": ""g4_g3_final_relation_decisions.csv"", ""scientific_method"": ""Julich probability x Brainnetome probability + TemplateFlow nonlinear transform + probability-weighted overlap + hard-label auxiliary containment + owner scientific review"", ""semantic_compatibility_status"": null, ""source_canonical_g4_id"": ""NGIQ-BR-00000384"", ""source_coverage_ratio"": 0.23311425157843538, ""target_canonical_g3_id"": ""NGIQ-BR-00000155"", ""target_coverage_ratio"": 0.02221255493407774, ""transform_provenance"": ""data/atlases/templateflow_ref (MNI152NLin2009cAsym_from-MNI152NLin6Asym)""}"
G4G3-STAGE-917E6222842B29939E20,988,NGIQ-BR-00000385,Area 7PC (SPL) right,G4_MICROSTRUCTURAL_FINE,right,426,NGIQ-BR-00000142,"Right Superior parietal lobule, Brainnetome 5_4",G3_MESO_FINE,right,partial_overlap,spatial_overlap,0.43547,0.207412,,,False,proposed,pending,FALSE,FALSE,PARTIAL_OVERLAP,OWNER_CONFIRMED_PARTIAL,,,"{""brainnetome_probability_asset"": ""data/atlases/brainnetome/bna246/volume_raw/BNA_PM_4D.nii.gz"", ""decision_artifact"": ""g4_g3_final_scientific_decisions.csv"", ""decision_reason_code"": ""OWNER_CONFIRMED_PARTIAL"", ""evidence_2g_probability_overlap"": ""g4_g3_probability_overlap_summary.json"", ""evidence_2h_interpretation"": ""g4_g3_overlap_interpretation_profiles.csv"", ""evidence_2ia_policy"": ""g4_g3_scientific_decision_policy_v1.csv"", ""evidence_2ib_owner_revision"": ""g4_g3_owner_policy_revision_v1.csv"", ""evidence_2ic_final_decision"": ""g4_g3_final_scientific_decision_summary.json"", ""expert_approved"": false, ""final_scientific_policy"": ""G4_G3_FINAL_SCIENTIFIC_POLICY_V1"", ""human_reviewed"": false, ""julich_probability_asset"": ""data/atlases/julich/v3.1/spatial_raw/probability_maps/"", ""julich_spatial_component_asset"": ""AREA_7PC_SPL_RIGHT.nii.gz"", ""julich_spatial_component_id"": ""JULICH_BRAIN_CYTOARCHITECTONIC_ATLAS_V3_1_AREA_7PC_SPL"", ""mapping_method_field"": ""spatial_overlap"", ""owner_scientific_review_status"": ""OWNER_SCIENTIFIC_REVIEWED"", ""phase"": ""G4_G3_MAPPING_CANDIDATE_STAGING_V1"", ""production_review_status"": ""pending"", ""relation_artifact"": ""g4_g3_final_relation_decisions.csv"", ""scientific_method"": ""Julich probability x Brainnetome probability + TemplateFlow nonlinear transform + probability-weighted overlap + hard-label auxiliary containment + owner scientific review"", ""semantic_compatibility_status"": null, ""source_canonical_g4_id"": ""NGIQ-BR-00000385"", ""source_coverage_ratio"": 0.4354695647582711, ""target_canonical_g3_id"": ""NGIQ-BR-00000142"", ""target_coverage_ratio"": 0.20741179993499395, ""transform_provenance"": ""data/atlases/templateflow_ref (MNI152NLin2009cAsym_from-MNI152NLin6Asym)""}"
G4G3-STAGE-740AE4604F61C27757F6,988,NGIQ-BR-00000385,Area 7PC (SPL) right,G4_MICROSTRUCTURAL_FINE,right,420,NGIQ-BR-00000140,"Right Superior parietal lobule, Brainnetome 5_3",G3_MESO_FINE,right,partial_overlap,spatial_overlap,0.243644,0.141341,,,False,proposed,pending,FALSE,FALSE,PARTIAL_OVERLAP,OWNER_CONFIRMED_PARTIAL,,,"{""brainnetome_probability_asset"": ""data/atlases/brainnetome/bna246/volume_raw/BNA_PM_4D.nii.gz"", ""decision_artifact"": ""g4_g3_final_scientific_decisions.csv"", ""decision_reason_code"": ""OWNER_CONFIRMED_PARTIAL"", ""evidence_2g_probability_overlap"": ""g4_g3_probability_overlap_summary.json"", ""evidence_2h_interpretation"": ""g4_g3_overlap_interpretation_profiles.csv"", ""evidence_2ia_policy"": ""g4_g3_scientific_decision_policy_v1.csv"", ""evidence_2ib_owner_revision"": ""g4_g3_owner_policy_revision_v1.csv"", ""evidence_2ic_final_decision"": ""g4_g3_final_scientific_decision_summary.json"", ""expert_approved"": false, ""final_scientific_policy"": ""G4_G3_FINAL_SCIENTIFIC_POLICY_V1"", ""human_reviewed"": false, ""julich_probability_asset"": ""data/atlases/julich/v3.1/spatial_raw/probability_maps/"", ""julich_spatial_component_asset"": ""AREA_7PC_SPL_RIGHT.nii.gz"", ""julich_spatial_component_id"": ""JULICH_BRAIN_CYTOARCHITECTONIC_ATLAS_V3_1_AREA_7PC_SPL"", ""mapping_method_field"": ""spatial_overlap"", ""owner_scientific_review_status"": ""OWNER_SCIENTIFIC_REVIEWED"", ""phase"": ""G4_G3_MAPPING_CANDIDATE_STAGING_V1"", ""production_review_status"": ""pending"", ""relation_artifact"": ""g4_g3_final_relation_decisions.csv"", ""scientific_method"": ""Julich probability x Brainnetome probability + TemplateFlow nonlinear transform + probability-weighted overlap + hard-label auxiliary containment + owner scientific review"", ""semantic_compatibility_status"": null, ""source_canonical_g4_id"": ""NGIQ-BR-00000385"", ""source_coverage_ratio"": 0.24364436646440327, ""target_canonical_g3_id"": ""NGIQ-BR-00000140"", ""target_coverage_ratio"": 0.1413405220192742, ""transform_provenance"": ""data/atlases/templateflow_ref (MNI152NLin2009cAsym_from-MNI152NLin6Asym)""}"
G4G3-STAGE-A9DF8C6AE3A18F254FB9,991,NGIQ-BR-00000386,Area 7PC (SPL) left,G4_MICROSTRUCTURAL_FINE,left,417,NGIQ-BR-00000139,"Left Superior parietal lobule, Brainnetome 5_3",G3_MESO_FINE,left,partial_overlap,spatial_overlap,0.444714,0.104733,,,False,proposed,pending,FALSE,FALSE,PARTIAL_OVERLAP,OWNER_CONFIRMED_PARTIAL,,,"{""brainnetome_probability_asset"": ""data/atlases/brainnetome/bna246/volume_raw/BNA_PM_4D.nii.gz"", ""decision_artifact"": ""g4_g3_final_scientific_decisions.csv"", ""decision_reason_code"": ""OWNER_CONFIRMED_PARTIAL"", ""evidence_2g_probability_overlap"": ""g4_g3_probability_overlap_summary.json"", ""evidence_2h_interpretation"": ""g4_g3_overlap_interpretation_profiles.csv"", ""evidence_2ia_policy"": ""g4_g3_scientific_decision_policy_v1.csv"", ""evidence_2ib_owner_revision"": ""g4_g3_owner_policy_revision_v1.csv"", ""evidence_2ic_final_decision"": ""g4_g3_final_scientific_decision_summary.json"", ""expert_approved"": false, ""final_scientific_policy"": ""G4_G3_FINAL_SCIENTIFIC_POLICY_V1"", ""human_reviewed"": false, ""julich_probability_asset"": ""data/atlases/julich/v3.1/spatial_raw/probability_maps/"", ""julich_spatial_component_asset"": ""AREA_7PC_SPL_LEFT.nii.gz"", ""julich_spatial_component_id"": ""JULICH_BRAIN_CYTOARCHITECTONIC_ATLAS_V3_1_AREA_7PC_SPL"", ""mapping_method_field"": ""spatial_overlap"", ""owner_scientific_review_status"": ""OWNER_SCIENTIFIC_REVIEWED"", ""phase"": ""G4_G3_MAPPING_CANDIDATE_STAGING_V1"", ""production_review_status"": ""pending"", ""relation_artifact"": ""g4_g3_final_relation_decisions.csv"", ""scientific_method"": ""Julich probability x Brainnetome probability + TemplateFlow nonlinear transform + probability-weighted overlap + hard-label auxiliary containment + owner scientific review"", ""semantic_compatibility_status"": null, ""source_canonical_g4_id"": ""NGIQ-BR-00000386"", ""source_coverage_ratio"": 0.44471357062497935, ""target_canonical_g3_id"": ""NGIQ-BR-00000139"", ""target_coverage_ratio"": 0.10473317514863319, ""transform_provenance"": ""data/atlases/templateflow_ref (MNI152NLin2009cAsym_from-MNI152NLin6Asym)""}"
G4G3-STAGE-C78151F98391C8F373A4,991,NGIQ-BR-00000386,Area 7PC (SPL) left,G4_MICROSTRUCTURAL_FINE,left,423,NGIQ-BR-00000141,"Left Superior parietal lobule, Brainnetome 5_4",G3_MESO_FINE,left,partial_overlap,spatial_overlap,0.222692,0.080718,,,False,proposed,pending,FALSE,FALSE,PARTIAL_OVERLAP,OWNER_CONFIRMED_PARTIAL,,,"{""brainnetome_probability_asset"": ""data/atlases/brainnetome/bna246/volume_raw/BNA_PM_4D.nii.gz"", ""decision_artifact"": ""g4_g3_final_scientific_decisions.csv"", ""decision_reason_code"": ""OWNER_CONFIRMED_PARTIAL"", ""evidence_2g_probability_overlap"": ""g4_g3_probability_overlap_summary.json"", ""evidence_2h_interpretation"": ""g4_g3_overlap_interpretation_profiles.csv"", ""evidence_2ia_policy"": ""g4_g3_scientific_decision_policy_v1.csv"", ""evidence_2ib_owner_revision"": ""g4_g3_owner_policy_revision_v1.csv"", ""evidence_2ic_final_decision"": ""g4_g3_final_scientific_decision_summary.json"", ""expert_approved"": false, ""final_scientific_policy"": ""G4_G3_FINAL_SCIENTIFIC_POLICY_V1"", ""human_reviewed"": false, ""julich_probability_asset"": ""data/atlases/julich/v3.1/spatial_raw/probability_maps/"", ""julich_spatial_component_asset"": ""AREA_7PC_SPL_LEFT.nii.gz"", ""julich_spatial_component_id"": ""JULICH_BRAIN_CYTOARCHITECTONIC_ATLAS_V3_1_AREA_7PC_SPL"", ""mapping_method_field"": ""spatial_overlap"", ""owner_scientific_review_status"": ""OWNER_SCIENTIFIC_REVIEWED"", ""phase"": ""G4_G3_MAPPING_CANDIDATE_STAGING_V1"", ""production_review_status"": ""pending"", ""relation_artifact"": ""g4_g3_final_relation_decisions.csv"", ""scientific_method"": ""Julich probability x Brainnetome probability + TemplateFlow nonlinear transform + probability-weighted overlap + hard-label auxiliary containment + owner scientific review"", ""semantic_compatibility_status"": null, ""source_canonical_g4_id"": ""NGIQ-BR-00000386"", ""source_coverage_ratio"": 0.22269159261273638, ""target_canonical_g3_id"": ""NGIQ-BR-00000141"", ""target_coverage_ratio"": 0.08071834529105891, ""transform_provenance"": ""data/atlases/templateflow_ref (MNI152NLin2009cAsym_from-MNI152NLin6Asym)""}"
G4G3-STAGE-DA17562E88060C90F327,994,NGIQ-BR-00000387,Area 5M (SPL) right,G4_MICROSTRUCTURAL_FINE,right,474,NGIQ-BR-00000158,"Right Precuneus, Brainnetome 4_2",G3_MESO_FINE,right,partial_overlap,spatial_overlap,0.389326,0.109416,,,False,proposed,pending,FALSE,FALSE,PARTIAL_OVERLAP,OWNER_CONFIRMED_PARTIAL_SET_CONCORDANT,,,"{""brainnetome_probability_asset"": ""data/atlases/brainnetome/bna246/volume_raw/BNA_PM_4D.nii.gz"", ""decision_artifact"": ""g4_g3_final_scientific_decisions.csv"", ""decision_reason_code"": ""OWNER_CONFIRMED_PARTIAL_SET_CONCORDANT"", ""evidence_2g_probability_overlap"": ""g4_g3_probability_overlap_summary.json"", ""evidence_2h_interpretation"": ""g4_g3_overlap_interpretation_profiles.csv"", ""evidence_2ia_policy"": ""g4_g3_scientific_decision_policy_v1.csv"", ""evidence_2ib_owner_revision"": ""g4_g3_owner_policy_revision_v1.csv"", ""evidence_2ic_final_decision"": ""g4_g3_final_scientific_decision_summary.json"", ""expert_approved"": false, ""final_scientific_policy"": ""G4_G3_FINAL_SCIENTIFIC_POLICY_V1"", ""human_reviewed"": false, ""julich_probability_asset"": ""data/atlases/julich/v3.1/spatial_raw/probability_maps/"", ""julich_spatial_component_asset"": ""AREA_5M_SPL_RIGHT.nii.gz"", ""julich_spatial_component_id"": ""JULICH_BRAIN_CYTOARCHITECTONIC_ATLAS_V3_1_AREA_5M_SPL"", ""mapping_method_field"": ""spatial_overlap"", ""owner_scientific_review_status"": ""OWNER_SCIENTIFIC_REVIEWED"", ""phase"": ""G4_G3_MAPPING_CANDIDATE_STAGING_V1"", ""production_review_status"": ""pending"", ""relation_artifact"": ""g4_g3_final_relation_decisions.csv"", ""scientific_method"": ""Julich probability x Brainnetome probability + TemplateFlow nonlinear transform + probability-weighted overlap + hard-label auxiliary containment + owner scientific review"", ""semantic_compatibility_status"": null, ""source_canonical_g4_id"": ""NGIQ-BR-00000387"", ""source_coverage_ratio"": 0.38932567941375945, ""target_canonical_g3_id"": ""NGIQ-BR-00000158"", ""target_coverage_ratio"": 0.10941550032700814, ""transform_provenance"": ""data/atlases/templateflow_ref (MNI152NLin2009cAsym_from-MNI152NLin6Asym)""}"
G4G3-STAGE-82306D44758C2CB8C0B9,994,NGIQ-BR-00000387,Area 5M (SPL) right,G4_MICROSTRUCTURAL_FINE,right,246,NGIQ-BR-00000082,"Right Paracentral lobule, Brainnetome 2_1",G3_MESO_FINE,right,partial_overlap,spatial_overlap,0.371572,0.155543,,,False,proposed,pending,FALSE,FALSE,PARTIAL_OVERLAP,OWNER_CONFIRMED_PARTIAL_SET_CONCORDANT,,,"{""brainnetome_probability_asset"": ""data/atlases/brainnetome/bna246/volume_raw/BNA_PM_4D.nii.gz"", ""decision_artifact"": ""g4_g3_final_scientific_decisions.csv"", ""decision_reason_code"": ""OWNER_CONFIRMED_PARTIAL_SET_CONCORDANT"", ""evidence_2g_probability_overlap"": ""g4_g3_probability_overlap_summary.json"", ""evidence_2h_interpretation"": ""g4_g3_overlap_interpretation_profiles.csv"", ""evidence_2ia_policy"": ""g4_g3_scientific_decision_policy_v1.csv"", ""evidence_2ib_owner_revision"": ""g4_g3_owner_policy_revision_v1.csv"", ""evidence_2ic_final_decision"": ""g4_g3_final_scientific_decision_summary.json"", ""expert_approved"": false, ""final_scientific_policy"": ""G4_G3_FINAL_SCIENTIFIC_POLICY_V1"", ""human_reviewed"": false, ""julich_probability_asset"": ""data/atlases/julich/v3.1/spatial_raw/probability_maps/"", ""julich_spatial_component_asset"": ""AREA_5M_SPL_RIGHT.nii.gz"", ""julich_spatial_component_id"": ""JULICH_BRAIN_CYTOARCHITECTONIC_ATLAS_V3_1_AREA_5M_SPL"", ""mapping_method_field"": ""spatial_overlap"", ""owner_scientific_review_status"": ""OWNER_SCIENTIFIC_REVIEWED"", ""phase"": ""G4_G3_MAPPING_CANDIDATE_STAGING_V1"", ""production_review_status"": ""pending"", ""relation_artifact"": ""g4_g3_final_relation_decisions.csv"", ""scientific_method"": ""Julich probability x Brainnetome probability + TemplateFlow nonlinear transform + probability-weighted overlap + hard-label auxiliary containment + owner scientific review"", ""semantic_compatibility_status"": null, ""source_canonical_g4_id"": ""NGIQ-BR-00000387"", ""source_coverage_ratio"": 0.3715717540073175, ""target_canonical_g3_id"": ""NGIQ-BR-00000082"", ""target_coverage_ratio"": 0.15554280725344022, ""transform_provenance"": ""data/atlases/templateflow_ref (MNI152NLin2009cAsym_from-MNI152NLin6Asym)""}"
G4G3-STAGE-D63CC10E59F3DA3F95B0,997,NGIQ-BR-00000388,Area 5M (SPL) left,G4_MICROSTRUCTURAL_FINE,left,243,NGIQ-BR-00000081,"Left Paracentral lobule, Brainnetome 2_1",G3_MESO_FINE,left,partial_overlap,spatial_overlap,0.377353,0.211814,,,False,proposed,pending,FALSE,FALSE,PARTIAL_OVERLAP,OWNER_CONFIRMED_PARTIAL,,,"{""brainnetome_probability_asset"": ""data/atlases/brainnetome/bna246/volume_raw/BNA_PM_4D.nii.gz"", ""decision_artifact"": ""g4_g3_final_scientific_decisions.csv"", ""decision_reason_code"": ""OWNER_CONFIRMED_PARTIAL"", ""evidence_2g_probability_overlap"": ""g4_g3_probability_overlap_summary.json"", ""evidence_2h_interpretation"": ""g4_g3_overlap_interpretation_profiles.csv"", ""evidence_2ia_policy"": ""g4_g3_scientific_decision_policy_v1.csv"", ""evidence_2ib_owner_revision"": ""g4_g3_owner_policy_revision_v1.csv"", ""evidence_2ic_final_decision"": ""g4_g3_final_scientific_decision_summary.json"", ""expert_approved"": false, ""final_scientific_policy"": ""G4_G3_FINAL_SCIENTIFIC_POLICY_V1"", ""human_reviewed"": false, ""julich_probability_asset"": ""data/atlases/julich/v3.1/spatial_raw/probability_maps/"", ""julich_spatial_component_asset"": ""AREA_5M_SPL_LEFT.nii.gz"", ""julich_spatial_component_id"": ""JULICH_BRAIN_CYTOARCHITECTONIC_ATLAS_V3_1_AREA_5M_SPL"", ""mapping_method_field"": ""spatial_overlap"", ""owner_scientific_review_status"": ""OWNER_SCIENTIFIC_REVIEWED"", ""phase"": ""G4_G3_MAPPING_CANDIDATE_STAGING_V1"", ""production_review_status"": ""pending"", ""relation_artifact"": ""g4_g3_final_relation_decisions.csv"", ""scientific_method"": ""Julich probability x Brainnetome probability + TemplateFlow nonlinear transform + probability-weighted overlap + hard-label auxiliary containment + owner scientific review"", ""semantic_compatibility_status"": null, ""source_canonical_g4_id"": ""NGIQ-BR-00000388"", ""source_coverage_ratio"": 0.37735288813891915, ""target_canonical_g3_id"": ""NGIQ-BR-00000081"", ""target_coverage_ratio"": 0.21181420320399505, ""transform_provenance"": ""data/atlases/templateflow_ref (MNI152NLin2009cAsym_from-MNI152NLin6Asym)""}"
G4G3-STAGE-55D3450B3D78AA3AC982,997,NGIQ-BR-00000388,Area 5M (SPL) left,G4_MICROSTRUCTURAL_FINE,left,471,NGIQ-BR-00000157,"Left Precuneus, Brainnetome 4_2",G3_MESO_FINE,left,partial_overlap,spatial_overlap,0.307758,0.110722,,,False,proposed,pending,FALSE,FALSE,PARTIAL_OVERLAP,OWNER_CONFIRMED_PARTIAL,,,"{""brainnetome_probability_asset"": ""data/atlases/brainnetome/bna246/volume_raw/BNA_PM_4D.nii.gz"", ""decision_artifact"": ""g4_g3_final_scientific_decisions.csv"", ""decision_reason_code"": ""OWNER_CONFIRMED_PARTIAL"", ""evidence_2g_probability_overlap"": ""g4_g3_probability_overlap_summary.json"", ""evidence_2h_interpretation"": ""g4_g3_overlap_interpretation_profiles.csv"", ""evidence_2ia_policy"": ""g4_g3_scientific_decision_policy_v1.csv"", ""evidence_2ib_owner_revision"": ""g4_g3_owner_policy_revision_v1.csv"", ""evidence_2ic_final_decision"": ""g4_g3_final_scientific_decision_summary.json"", ""expert_approved"": false, ""final_scientific_policy"": ""G4_G3_FINAL_SCIENTIFIC_POLICY_V1"", ""human_reviewed"": false, ""julich_probability_asset"": ""data/atlases/julich/v3.1/spatial_raw/probability_maps/"", ""julich_spatial_component_asset"": ""AREA_5M_SPL_LEFT.nii.gz"", ""julich_spatial_component_id"": ""JULICH_BRAIN_CYTOARCHITECTONIC_ATLAS_V3_1_AREA_5M_SPL"", ""mapping_method_field"": ""spatial_overlap"", ""owner_scientific_review_status"": ""OWNER_SCIENTIFIC_REVIEWED"", ""phase"": ""G4_G3_MAPPING_CANDIDATE_STAGING_V1"", ""production_review_status"": ""pending"", ""relation_artifact"": ""g4_g3_final_relation_decisions.csv"", ""scientific_method"": ""Julich probability x Brainnetome probability + TemplateFlow nonlinear transform + probability-weighted overlap + hard-label auxiliary containment + owner scientific review"", ""semantic_compatibility_status"": null, ""source_canonical_g4_id"": ""NGIQ-BR-00000388"", ""source_coverage_ratio"": 0.30775788415790756, ""target_canonical_g3_id"": ""NGIQ-BR-00000157"", ""target_coverage_ratio"": 0.11072199427384555, ""transform_provenance"": ""data/atlases/templateflow_ref (MNI152NLin2009cAsym_from-MNI152NLin6Asym)""}"
G4G3-STAGE-570DFE76A57144170433,1000,NGIQ-BR-00000389,Area 7P (SPL) right,G4_MICROSTRUCTURAL_FINE,right,414,NGIQ-BR-00000138,"Right Superior parietal lobule, Brainnetome 5_2",G3_MESO_FINE,right,dominant_overlap,spatial_overlap,0.57236,0.207663,,,False,proposed,pending,FALSE,FALSE,APPROVE_DOMINANT_OVERLAP,DOMINANT_CRITERIA_V1,,,"{""brainnetome_probability_asset"": ""data/atlases/brainnetome/bna246/volume_raw/BNA_PM_4D.nii.gz"", ""decision_artifact"": ""g4_g3_final_scientific_decisions.csv"", ""decision_reason_code"": ""DOMINANT_CRITERIA_V1"", ""evidence_2g_probability_overlap"": ""g4_g3_probability_overlap_summary.json"", ""evidence_2h_interpretation"": ""g4_g3_overlap_interpretation_profiles.csv"", ""evidence_2ia_policy"": ""g4_g3_scientific_decision_policy_v1.csv"", ""evidence_2ib_owner_revision"": ""g4_g3_owner_policy_revision_v1.csv"", ""evidence_2ic_final_decision"": ""g4_g3_final_scientific_decision_summary.json"", ""expert_approved"": false, ""final_scientific_policy"": ""G4_G3_FINAL_SCIENTIFIC_POLICY_V1"", ""human_reviewed"": false, ""julich_probability_asset"": ""data/atlases/julich/v3.1/spatial_raw/probability_maps/"", ""julich_spatial_component_asset"": ""AREA_7P_SPL_RIGHT.nii.gz"", ""julich_spatial_component_id"": ""JULICH_BRAIN_CYTOARCHITECTONIC_ATLAS_V3_1_AREA_7P_SPL"", ""mapping_method_field"": ""spatial_overlap"", ""owner_scientific_review_status"": ""OWNER_SCIENTIFIC_REVIEWED"", ""phase"": ""G4_G3_MAPPING_CANDIDATE_STAGING_V1"", ""production_review_status"": ""pending"", ""relation_artifact"": ""g4_g3_final_relation_decisions.csv"", ""scientific_method"": ""Julich probability x Brainnetome probability + TemplateFlow nonlinear transform + probability-weighted overlap + hard-label auxiliary containment + owner scientific review"", ""semantic_compatibility_status"": null, ""source_canonical_g4_id"": ""NGIQ-BR-00000389"", ""source_coverage_ratio"": 0.5723604530208554, ""target_canonical_g3_id"": ""NGIQ-BR-00000138"", ""target_coverage_ratio"": 0.2076625573374736, ""transform_provenance"": ""data/atlases/templateflow_ref (MNI152NLin2009cAsym_from-MNI152NLin6Asym)""}"
G4G3-STAGE-9A3EF196B05D19E99ECE,1003,NGIQ-BR-00000390,Area 7P (SPL) left,G4_MICROSTRUCTURAL_FINE,left,411,NGIQ-BR-00000137,"Left Superior parietal lobule, Brainnetome 5_2",G3_MESO_FINE,left,partial_overlap,spatial_overlap,0.365676,0.086665,,,False,proposed,pending,FALSE,FALSE,PARTIAL_OVERLAP,OWNER_CONFIRMED_PARTIAL_SET_CONCORDANT,,,"{""brainnetome_probability_asset"": ""data/atlases/brainnetome/bna246/volume_raw/BNA_PM_4D.nii.gz"", ""decision_artifact"": ""g4_g3_final_scientific_decisions.csv"", ""decision_reason_code"": ""OWNER_CONFIRMED_PARTIAL_SET_CONCORDANT"", ""evidence_2g_probability_overlap"": ""g4_g3_probability_overlap_summary.json"", ""evidence_2h_interpretation"": ""g4_g3_overlap_interpretation_profiles.csv"", ""evidence_2ia_policy"": ""g4_g3_scientific_decision_policy_v1.csv"", ""evidence_2ib_owner_revision"": ""g4_g3_owner_policy_revision_v1.csv"", ""evidence_2ic_final_decision"": ""g4_g3_final_scientific_decision_summary.json"", ""expert_approved"": false, ""final_scientific_policy"": ""G4_G3_FINAL_SCIENTIFIC_POLICY_V1"", ""human_reviewed"": false, ""julich_probability_asset"": ""data/atlases/julich/v3.1/spatial_raw/probability_maps/"", ""julich_spatial_component_asset"": ""AREA_7P_SPL_LEFT.nii.gz"", ""julich_spatial_component_id"": ""JULICH_BRAIN_CYTOARCHITECTONIC_ATLAS_V3_1_AREA_7P_SPL"", ""mapping_method_field"": ""spatial_overlap"", ""owner_scientific_review_status"": ""OWNER_SCIENTIFIC_REVIEWED"", ""phase"": ""G4_G3_MAPPING_CANDIDATE_STAGING_V1"", ""production_review_status"": ""pending"", ""relation_artifact"": ""g4_g3_final_relation_decisions.csv"", ""scientific_method"": ""Julich probability x Brainnetome probability + TemplateFlow nonlinear transform + probability-weighted overlap + hard-label auxiliary containment + owner scientific review"", ""semantic_compatibility_status"": null, ""source_canonical_g4_id"": ""NGIQ-BR-00000390"", ""source_coverage_ratio"": 0.3656756801972757, ""target_canonical_g3_id"": ""NGIQ-BR-00000137"", ""target_coverage_ratio"": 0.08666545469239512, ""transform_provenance"": ""data/atlases/templateflow_ref (MNI152NLin2009cAsym_from-MNI152NLin6Asym)""}"
G4G3-STAGE-AB97F360C22DF344B53C,1003,NGIQ-BR-00000390,Area 7P (SPL) left,G4_MICROSTRUCTURAL_FINE,left,465,NGIQ-BR-00000155,"Left Precuneus, Brainnetome 4_1",G3_MESO_FINE,left,partial_overlap,spatial_overlap,0.318956,0.094933,,,False,proposed,pending,FALSE,FALSE,PARTIAL_OVERLAP,OWNER_CONFIRMED_PARTIAL_SET_CONCORDANT,,,"{""brainnetome_probability_asset"": ""data/atlases/brainnetome/bna246/volume_raw/BNA_PM_4D.nii.gz"", ""decision_artifact"": ""g4_g3_final_scientific_decisions.csv"", ""decision_reason_code"": ""OWNER_CONFIRMED_PARTIAL_SET_CONCORDANT"", ""evidence_2g_probability_overlap"": ""g4_g3_probability_overlap_summary.json"", ""evidence_2h_interpretation"": ""g4_g3_overlap_interpretation_profiles.csv"", ""evidence_2ia_policy"": ""g4_g3_scientific_decision_policy_v1.csv"", ""evidence_2ib_owner_revision"": ""g4_g3_owner_policy_revision_v1.csv"", ""evidence_2ic_final_decision"": ""g4_g3_final_scientific_decision_summary.json"", ""expert_approved"": false, ""final_scientific_policy"": ""G4_G3_FINAL_SCIENTIFIC_POLICY_V1"", ""human_reviewed"": false, ""julich_probability_asset"": ""data/atlases/julich/v3.1/spatial_raw/probability_maps/"", ""julich_spatial_component_asset"": ""AREA_7P_SPL_LEFT.nii.gz"", ""julich_spatial_component_id"": ""JULICH_BRAIN_CYTOARCHITECTONIC_ATLAS_V3_1_AREA_7P_SPL"", ""mapping_method_field"": ""spatial_overlap"", ""owner_scientific_review_status"": ""OWNER_SCIENTIFIC_REVIEWED"", ""phase"": ""G4_G3_MAPPING_CANDIDATE_STAGING_V1"", ""production_review_status"": ""pending"", ""relation_artifact"": ""g4_g3_final_relation_decisions.csv"", ""scientific_method"": ""Julich probability x Brainnetome probability + TemplateFlow nonlinear transform + probability-weighted overlap + hard-label auxiliary containment + owner scientific review"", ""semantic_compatibility_status"": null, ""source_canonical_g4_id"": ""NGIQ-BR-00000390"", ""source_coverage_ratio"": 0.318956162013553, ""target_canonical_g3_id"": ""NGIQ-BR-00000155"", ""target_coverage_ratio"": 0.09493288468617941, ""transform_provenance"": ""data/atlases/templateflow_ref (MNI152NLin2009cAsym_from-MNI152NLin6Asym)""}"
G4G3-STAGE-2AB9FCE937B04B989184,1006,NGIQ-BR-00000391,Area 5Ci (SPL) right,G4_MICROSTRUCTURAL_FINE,right,246,NGIQ-BR-00000082,"Right Paracentral lobule, Brainnetome 2_1",G3_MESO_FINE,right,partial_overlap,spatial_overlap,0.482898,0.143477,,,False,proposed,pending,FALSE,FALSE,PARTIAL_OVERLAP,OWNER_CONFIRMED_PARTIAL,,,"{""brainnetome_probability_asset"": ""data/atlases/brainnetome/bna246/volume_raw/BNA_PM_4D.nii.gz"", ""decision_artifact"": ""g4_g3_final_scientific_decisions.csv"", ""decision_reason_code"": ""OWNER_CONFIRMED_PARTIAL"", ""evidence_2g_probability_overlap"": ""g4_g3_probability_overlap_summary.json"", ""evidence_2h_interpretation"": ""g4_g3_overlap_interpretation_profiles.csv"", ""evidence_2ia_policy"": ""g4_g3_scientific_decision_policy_v1.csv"", ""evidence_2ib_owner_revision"": ""g4_g3_owner_policy_revision_v1.csv"", ""evidence_2ic_final_decision"": ""g4_g3_final_scientific_decision_summary.json"", ""expert_approved"": false, ""final_scientific_policy"": ""G4_G3_FINAL_SCIENTIFIC_POLICY_V1"", ""human_reviewed"": false, ""julich_probability_asset"": ""data/atlases/julich/v3.1/spatial_raw/probability_maps/"", ""julich_spatial_component_asset"": ""AREA_5CI_SPL_RIGHT.nii.gz"", ""julich_spatial_component_id"": ""JULICH_BRAIN_CYTOARCHITECTONIC_ATLAS_V3_1_AREA_5CI_SPL"", ""mapping_method_field"": ""spatial_overlap"", ""owner_scientific_review_status"": ""OWNER_SCIENTIFIC_REVIEWED"", ""phase"": ""G4_G3_MAPPING_CANDIDATE_STAGING_V1"", ""production_review_status"": ""pending"", ""relation_artifact"": ""g4_g3_final_relation_decisions.csv"", ""scientific_method"": ""Julich probability x Brainnetome probability + TemplateFlow nonlinear transform + probability-weighted overlap + hard-label auxiliary containment + owner scientific review"", ""semantic_compatibility_status"": null, ""source_canonical_g4_id"": ""NGIQ-BR-00000391"", ""source_coverage_ratio"": 0.4828979604165944, ""target_canonical_g3_id"": ""NGIQ-BR-00000082"", ""target_coverage_ratio"": 0.14347719267470183, ""transform_provenance"": ""data/atlases/templateflow_ref (MNI152NLin2009cAsym_from-MNI152NLin6Asym)""}"
G4G3-STAGE-333FBD2C52D4E9526531,1006,NGIQ-BR-00000391,Area 5Ci (SPL) right,G4_MICROSTRUCTURAL_FINE,right,576,NGIQ-BR-00000192,"Right Cingulate gyrus, Brainnetome 7_6",G3_MESO_FINE,right,partial_overlap,spatial_overlap,0.255178,0.074347,,,False,proposed,pending,FALSE,FALSE,PARTIAL_OVERLAP,OWNER_CONFIRMED_PARTIAL,,,"{""brainnetome_probability_asset"": ""data/atlases/brainnetome/bna246/volume_raw/BNA_PM_4D.nii.gz"", ""decision_artifact"": ""g4_g3_final_scientific_decisions.csv"", ""decision_reason_code"": ""OWNER_CONFIRMED_PARTIAL"", ""evidence_2g_probability_overlap"": ""g4_g3_probability_overlap_summary.json"", ""evidence_2h_interpretation"": ""g4_g3_overlap_interpretation_profiles.csv"", ""evidence_2ia_policy"": ""g4_g3_scientific_decision_policy_v1.csv"", ""evidence_2ib_owner_revision"": ""g4_g3_owner_policy_revision_v1.csv"", ""evidence_2ic_final_decision"": ""g4_g3_final_scientific_decision_summary.json"", ""expert_approved"": false, ""final_scientific_policy"": ""G4_G3_FINAL_SCIENTIFIC_POLICY_V1"", ""human_reviewed"": false, ""julich_probability_asset"": ""data/atlases/julich/v3.1/spatial_raw/probability_maps/"", ""julich_spatial_component_asset"": ""AREA_5CI_SPL_RIGHT.nii.gz"", ""julich_spatial_component_id"": ""JULICH_BRAIN_CYTOARCHITECTONIC_ATLAS_V3_1_AREA_5CI_SPL"", ""mapping_method_field"": ""spatial_overlap"", ""owner_scientific_review_status"": ""OWNER_SCIENTIFIC_REVIEWED"", ""phase"": ""G4_G3_MAPPING_CANDIDATE_STAGING_V1"", ""production_review_status"": ""pending"", ""relation_artifact"": ""g4_g3_final_relation_decisions.csv"", ""scientific_method"": ""Julich probability x Brainnetome probability + TemplateFlow nonlinear transform + probability-weighted overlap + hard-label auxiliary containment + owner scientific review"", ""semantic_compatibility_status"": null, ""source_canonical_g4_id"": ""NGIQ-BR-00000391"", ""source_coverage_ratio"": 0.25517836940172856, ""target_canonical_g3_id"": ""NGIQ-BR-00000192"", ""target_coverage_ratio"": 0.07434729986984262, ""transform_provenance"": ""data/atlases/templateflow_ref (MNI152NLin2009cAsym_from-MNI152NLin6Asym)""}"
G4G3-STAGE-B1E7021FA2950FBFCCA4,1006,NGIQ-BR-00000391,Area 5Ci (SPL) right,G4_MICROSTRUCTURAL_FINE,right,474,NGIQ-BR-00000158,"Right Precuneus, Brainnetome 4_2",G3_MESO_FINE,right,partial_overlap,spatial_overlap,0.150913,0.034146,,,False,proposed,pending,FALSE,FALSE,PARTIAL_OVERLAP,OWNER_CONFIRMED_PARTIAL,,,"{""brainnetome_probability_asset"": ""data/atlases/brainnetome/bna246/volume_raw/BNA_PM_4D.nii.gz"", ""decision_artifact"": ""g4_g3_final_scientific_decisions.csv"", ""decision_reason_code"": ""OWNER_CONFIRMED_PARTIAL"", ""evidence_2g_probability_overlap"": ""g4_g3_probability_overlap_summary.json"", ""evidence_2h_interpretation"": ""g4_g3_overlap_interpretation_profiles.csv"", ""evidence_2ia_policy"": ""g4_g3_scientific_decision_policy_v1.csv"", ""evidence_2ib_owner_revision"": ""g4_g3_owner_policy_revision_v1.csv"", ""evidence_2ic_final_decision"": ""g4_g3_final_scientific_decision_summary.json"", ""expert_approved"": false, ""final_scientific_policy"": ""G4_G3_FINAL_SCIENTIFIC_POLICY_V1"", ""human_reviewed"": false, ""julich_probability_asset"": ""data/atlases/julich/v3.1/spatial_raw/probability_maps/"", ""julich_spatial_component_asset"": ""AREA_5CI_SPL_RIGHT.nii.gz"", ""julich_spatial_component_id"": ""JULICH_BRAIN_CYTOARCHITECTONIC_ATLAS_V3_1_AREA_5CI_SPL"", ""mapping_method_field"": ""spatial_overlap"", ""owner_scientific_review_status"": ""OWNER_SCIENTIFIC_REVIEWED"", ""phase"": ""G4_G3_MAPPING_CANDIDATE_STAGING_V1"", ""production_review_status"": ""pending"", ""relation_artifact"": ""g4_g3_final_relation_decisions.csv"", ""scientific_method"": ""Julich probability x Brainnetome probability + TemplateFlow nonlinear transform + probability-weighted overlap + hard-label auxiliary containment + owner scientific review"", ""semantic_compatibility_status"": null, ""source_canonical_g4_id"": ""NGIQ-BR-00000391"", ""source_coverage_ratio"": 0.15091332633348656, ""target_canonical_g3_id"": ""NGIQ-BR-00000158"", ""target_coverage_ratio"": 0.03414579186186622, ""transform_provenance"": ""data/atlases/templateflow_ref (MNI152NLin2009cAsym_from-MNI152NLin6Asym)""}"
G4G3-STAGE-99FD44B942D39882B23F,1009,NGIQ-BR-00000392,Area 5Ci (SPL) left,G4_MICROSTRUCTURAL_FINE,left,573,NGIQ-BR-00000191,"Left Cingulate gyrus, Brainnetome 7_6",G3_MESO_FINE,left,partial_overlap,spatial_overlap,0.473681,0.066262,,,False,proposed,pending,FALSE,FALSE,PARTIAL_OVERLAP,OWNER_CONFIRMED_PARTIAL_SET_CONCORDANT,,,"{""brainnetome_probability_asset"": ""data/atlases/brainnetome/bna246/volume_raw/BNA_PM_4D.nii.gz"", ""decision_artifact"": ""g4_g3_final_scientific_decisions.csv"", ""decision_reason_code"": ""OWNER_CONFIRMED_PARTIAL_SET_CONCORDANT"", ""evidence_2g_probability_overlap"": ""g4_g3_probability_overlap_summary.json"", ""evidence_2h_interpretation"": ""g4_g3_overlap_interpretation_profiles.csv"", ""evidence_2ia_policy"": ""g4_g3_scientific_decision_policy_v1.csv"", ""evidence_2ib_owner_revision"": ""g4_g3_owner_policy_revision_v1.csv"", ""evidence_2ic_final_decision"": ""g4_g3_final_scientific_decision_summary.json"", ""expert_approved"": false, ""final_scientific_policy"": ""G4_G3_FINAL_SCIENTIFIC_POLICY_V1"", ""human_reviewed"": false, ""julich_probability_asset"": ""data/atlases/julich/v3.1/spatial_raw/probability_maps/"", ""julich_spatial_component_asset"": ""AREA_5CI_SPL_LEFT.nii.gz"", ""julich_spatial_component_id"": ""JULICH_BRAIN_CYTOARCHITECTONIC_ATLAS_V3_1_AREA_5CI_SPL"", ""mapping_method_field"": ""spatial_overlap"", ""owner_scientific_review_status"": ""OWNER_SCIENTIFIC_REVIEWED"", ""phase"": ""G4_G3_MAPPING_CANDIDATE_STAGING_V1"", ""production_review_status"": ""pending"", ""relation_artifact"": ""g4_g3_final_relation_decisions.csv"", ""scientific_method"": ""Julich probability x Brainnetome probability + TemplateFlow nonlinear transform + probability-weighted overlap + hard-label auxiliary containment + owner scientific review"", ""semantic_compatibility_status"": null, ""source_canonical_g4_id"": ""NGIQ-BR-00000392"", ""source_coverage_ratio"": 0.47368086505786505, ""target_canonical_g3_id"": ""NGIQ-BR-00000191"", ""target_coverage_ratio"": 0.06626248582842398, ""transform_provenance"": ""data/atlases/templateflow_ref (MNI152NLin2009cAsym_from-MNI152NLin6Asym)""}"
G4G3-STAGE-A7EEC9FCEFD538B94E2B,1009,NGIQ-BR-00000392,Area 5Ci (SPL) left,G4_MICROSTRUCTURAL_FINE,left,243,NGIQ-BR-00000081,"Left Paracentral lobule, Brainnetome 2_1",G3_MESO_FINE,left,partial_overlap,spatial_overlap,0.224477,0.102313,,,False,proposed,pending,FALSE,FALSE,PARTIAL_OVERLAP,OWNER_CONFIRMED_PARTIAL_SET_CONCORDANT,,,"{""brainnetome_probability_asset"": ""data/atlases/brainnetome/bna246/volume_raw/BNA_PM_4D.nii.gz"", ""decision_artifact"": ""g4_g3_final_scientific_decisions.csv"", ""decision_reason_code"": ""OWNER_CONFIRMED_PARTIAL_SET_CONCORDANT"", ""evidence_2g_probability_overlap"": ""g4_g3_probability_overlap_summary.json"", ""evidence_2h_interpretation"": ""g4_g3_overlap_interpretation_profiles.csv"", ""evidence_2ia_policy"": ""g4_g3_scientific_decision_policy_v1.csv"", ""evidence_2ib_owner_revision"": ""g4_g3_owner_policy_revision_v1.csv"", ""evidence_2ic_final_decision"": ""g4_g3_final_scientific_decision_summary.json"", ""expert_approved"": false, ""final_scientific_policy"": ""G4_G3_FINAL_SCIENTIFIC_POLICY_V1"", ""human_reviewed"": false, ""julich_probability_asset"": ""data/atlases/julich/v3.1/spatial_raw/probability_maps/"", ""julich_spatial_component_asset"": ""AREA_5CI_SPL_LEFT.nii.gz"", ""julich_spatial_component_id"": ""JULICH_BRAIN_CYTOARCHITECTONIC_ATLAS_V3_1_AREA_5CI_SPL"", ""mapping_method_field"": ""spatial_overlap"", ""owner_scientific_review_status"": ""OWNER_SCIENTIFIC_REVIEWED"", ""phase"": ""G4_G3_MAPPING_CANDIDATE_STAGING_V1"", ""production_review_status"": ""pending"", ""relation_artifact"": ""g4_g3_final_relation_decisions.csv"", ""scientific_method"": ""Julich probability x Brainnetome probability + TemplateFlow nonlinear transform + probability-weighted overlap + hard-label auxiliary containment + owner scientific review"", ""semantic_compatibility_status"": null, ""source_canonical_g4_id"": ""NGIQ-BR-00000392"", ""source_coverage_ratio"": 0.2244768988826194, ""target_canonical_g3_id"": ""NGIQ-BR-00000081"", ""target_coverage_ratio"": 0.10231252708293419, ""transform_provenance"": ""data/atlases/templateflow_ref (MNI152NLin2009cAsym_from-MNI152NLin6Asym)""}"
G4G3-STAGE-143258E98E7AC8350755,1024,NGIQ-BR-00000397,Area 1 (PostCG) right,G4_MICROSTRUCTURAL_FINE,right,492,NGIQ-BR-00000164,"Right Postcentral gyrus, Brainnetome 4_1",G3_MESO_FINE,right,partial_overlap,spatial_overlap,0.366828,0.171708,,,False,proposed,pending,FALSE,FALSE,PARTIAL_OVERLAP,OWNER_CONFIRMED_PARTIAL,,,"{""brainnetome_probability_asset"": ""data/atlases/brainnetome/bna246/volume_raw/BNA_PM_4D.nii.gz"", ""decision_artifact"": ""g4_g3_final_scientific_decisions.csv"", ""decision_reason_code"": ""OWNER_CONFIRMED_PARTIAL"", ""evidence_2g_probability_overlap"": ""g4_g3_probability_overlap_summary.json"", ""evidence_2h_interpretation"": ""g4_g3_overlap_interpretation_profiles.csv"", ""evidence_2ia_policy"": ""g4_g3_scientific_decision_policy_v1.csv"", ""evidence_2ib_owner_revision"": ""g4_g3_owner_policy_revision_v1.csv"", ""evidence_2ic_final_decision"": ""g4_g3_final_scientific_decision_summary.json"", ""expert_approved"": false, ""final_scientific_policy"": ""G4_G3_FINAL_SCIENTIFIC_POLICY_V1"", ""human_reviewed"": false, ""julich_probability_asset"": ""data/atlases/julich/v3.1/spatial_raw/probability_maps/"", ""julich_spatial_component_asset"": ""AREA_1_POSTCG_RIGHT.nii.gz"", ""julich_spatial_component_id"": ""JULICH_BRAIN_CYTOARCHITECTONIC_ATLAS_V3_1_AREA_1_POSTCG"", ""mapping_method_field"": ""spatial_overlap"", ""owner_scientific_review_status"": ""OWNER_SCIENTIFIC_REVIEWED"", ""phase"": ""G4_G3_MAPPING_CANDIDATE_STAGING_V1"", ""production_review_status"": ""pending"", ""relation_artifact"": ""g4_g3_final_relation_decisions.csv"", ""scientific_method"": ""Julich probability x Brainnetome probability + TemplateFlow nonlinear transform + probability-weighted overlap + hard-label auxiliary containment + owner scientific review"", ""semantic_compatibility_status"": null, ""source_canonical_g4_id"": ""NGIQ-BR-00000397"", ""source_coverage_ratio"": 0.3668279534587871, ""target_canonical_g3_id"": ""NGIQ-BR-00000164"", ""target_coverage_ratio"": 0.17170801378440084, ""transform_provenance"": ""data/atlases/templateflow_ref (MNI152NLin2009cAsym_from-MNI152NLin6Asym)""}"
G4G3-STAGE-C87365907CE214496477,1024,NGIQ-BR-00000397,Area 1 (PostCG) right,G4_MICROSTRUCTURAL_FINE,right,504,NGIQ-BR-00000168,"Right Postcentral gyrus, Brainnetome 4_3",G3_MESO_FINE,right,partial_overlap,spatial_overlap,0.322612,0.170745,,,False,proposed,pending,FALSE,FALSE,PARTIAL_OVERLAP,OWNER_CONFIRMED_PARTIAL,,,"{""brainnetome_probability_asset"": ""data/atlases/brainnetome/bna246/volume_raw/BNA_PM_4D.nii.gz"", ""decision_artifact"": ""g4_g3_final_scientific_decisions.csv"", ""decision_reason_code"": ""OWNER_CONFIRMED_PARTIAL"", ""evidence_2g_probability_overlap"": ""g4_g3_probability_overlap_summary.json"", ""evidence_2h_interpretation"": ""g4_g3_overlap_interpretation_profiles.csv"", ""evidence_2ia_policy"": ""g4_g3_scientific_decision_policy_v1.csv"", ""evidence_2ib_owner_revision"": ""g4_g3_owner_policy_revision_v1.csv"", ""evidence_2ic_final_decision"": ""g4_g3_final_scientific_decision_summary.json"", ""expert_approved"": false, ""final_scientific_policy"": ""G4_G3_FINAL_SCIENTIFIC_POLICY_V1"", ""human_reviewed"": false, ""julich_probability_asset"": ""data/atlases/julich/v3.1/spatial_raw/probability_maps/"", ""julich_spatial_component_asset"": ""AREA_1_POSTCG_RIGHT.nii.gz"", ""julich_spatial_component_id"": ""JULICH_BRAIN_CYTOARCHITECTONIC_ATLAS_V3_1_AREA_1_POSTCG"", ""mapping_method_field"": ""spatial_overlap"", ""owner_scientific_review_status"": ""OWNER_SCIENTIFIC_REVIEWED"", ""phase"": ""G4_G3_MAPPING_CANDIDATE_STAGING_V1"", ""production_review_status"": ""pending"", ""relation_artifact"": ""g4_g3_final_relation_decisions.csv"", ""scientific_method"": ""Julich probability x Brainnetome probability + TemplateFlow nonlinear transform + probability-weighted overlap + hard-label auxiliary containment + owner scientific review"", ""semantic_compatibility_status"": null, ""source_canonical_g4_id"": ""NGIQ-BR-00000397"", ""source_coverage_ratio"": 0.3226124565606017, ""target_canonical_g3_id"": ""NGIQ-BR-00000168"", ""target_coverage_ratio"": 0.17074450015121606, ""transform_provenance"": ""data/atlases/templateflow_ref (MNI152NLin2009cAsym_from-MNI152NLin6Asym)""}"
G4G3-STAGE-2EEF1166415EACBFEFA4,1027,NGIQ-BR-00000398,Area 1 (PostCG) left,G4_MICROSTRUCTURAL_FINE,left,489,NGIQ-BR-00000163,"Left Postcentral gyrus, Brainnetome 4_1",G3_MESO_FINE,left,partial_overlap,spatial_overlap,0.334574,0.166944,,,False,proposed,pending,FALSE,FALSE,PARTIAL_OVERLAP,OWNER_CONFIRMED_PARTIAL,,,"{""brainnetome_probability_asset"": ""data/atlases/brainnetome/bna246/volume_raw/BNA_PM_4D.nii.gz"", ""decision_artifact"": ""g4_g3_final_scientific_decisions.csv"", ""decision_reason_code"": ""OWNER_CONFIRMED_PARTIAL"", ""evidence_2g_probability_overlap"": ""g4_g3_probability_overlap_summary.json"", ""evidence_2h_interpretation"": ""g4_g3_overlap_interpretation_profiles.csv"", ""evidence_2ia_policy"": ""g4_g3_scientific_decision_policy_v1.csv"", ""evidence_2ib_owner_revision"": ""g4_g3_owner_policy_revision_v1.csv"", ""evidence_2ic_final_decision"": ""g4_g3_final_scientific_decision_summary.json"", ""expert_approved"": false, ""final_scientific_policy"": ""G4_G3_FINAL_SCIENTIFIC_POLICY_V1"", ""human_reviewed"": false, ""julich_probability_asset"": ""data/atlases/julich/v3.1/spatial_raw/probability_maps/"", ""julich_spatial_component_asset"": ""AREA_1_POSTCG_LEFT.nii.gz"", ""julich_spatial_component_id"": ""JULICH_BRAIN_CYTOARCHITECTONIC_ATLAS_V3_1_AREA_1_POSTCG"", ""mapping_method_field"": ""spatial_overlap"", ""owner_scientific_review_status"": ""OWNER_SCIENTIFIC_REVIEWED"", ""phase"": ""G4_G3_MAPPING_CANDIDATE_STAGING_V1"", ""production_review_status"": ""pending"", ""relation_artifact"": ""g4_g3_final_relation_decisions.csv"", ""scientific_method"": ""Julich probability x Brainnetome probability + TemplateFlow nonlinear transform + probability-weighted overlap + hard-label auxiliary containment + owner scientific review"", ""semantic_compatibility_status"": null, ""source_canonical_g4_id"": ""NGIQ-BR-00000398"", ""source_coverage_ratio"": 0.33457443356296673, ""target_canonical_g3_id"": ""NGIQ-BR-00000163"", ""target_coverage_ratio"": 0.16694362825511452, ""transform_provenance"": ""data/atlases/templateflow_ref (MNI152NLin2009cAsym_from-MNI152NLin6Asym)""}"
G4G3-STAGE-B379638E7DF4573875B5,1027,NGIQ-BR-00000398,Area 1 (PostCG) left,G4_MICROSTRUCTURAL_FINE,left,501,NGIQ-BR-00000167,"Left Postcentral gyrus, Brainnetome 4_3",G3_MESO_FINE,left,partial_overlap,spatial_overlap,0.283572,0.169594,,,False,proposed,pending,FALSE,FALSE,PARTIAL_OVERLAP,OWNER_CONFIRMED_PARTIAL,,,"{""brainnetome_probability_asset"": ""data/atlases/brainnetome/bna246/volume_raw/BNA_PM_4D.nii.gz"", ""decision_artifact"": ""g4_g3_final_scientific_decisions.csv"", ""decision_reason_code"": ""OWNER_CONFIRMED_PARTIAL"", ""evidence_2g_probability_overlap"": ""g4_g3_probability_overlap_summary.json"", ""evidence_2h_interpretation"": ""g4_g3_overlap_interpretation_profiles.csv"", ""evidence_2ia_policy"": ""g4_g3_scientific_decision_policy_v1.csv"", ""evidence_2ib_owner_revision"": ""g4_g3_owner_policy_revision_v1.csv"", ""evidence_2ic_final_decision"": ""g4_g3_final_scientific_decision_summary.json"", ""expert_approved"": false, ""final_scientific_policy"": ""G4_G3_FINAL_SCIENTIFIC_POLICY_V1"", ""human_reviewed"": false, ""julich_probability_asset"": ""data/atlases/julich/v3.1/spatial_raw/probability_maps/"", ""julich_spatial_component_asset"": ""AREA_1_POSTCG_LEFT.nii.gz"", ""julich_spatial_component_id"": ""JULICH_BRAIN_CYTOARCHITECTONIC_ATLAS_V3_1_AREA_1_POSTCG"", ""mapping_method_field"": ""spatial_overlap"", ""owner_scientific_review_status"": ""OWNER_SCIENTIFIC_REVIEWED"", ""phase"": ""G4_G3_MAPPING_CANDIDATE_STAGING_V1"", ""production_review_status"": ""pending"", ""relation_artifact"": ""g4_g3_final_relation_decisions.csv"", ""scientific_method"": ""Julich probability x Brainnetome probability + TemplateFlow nonlinear transform + probability-weighted overlap + hard-label auxiliary containment + owner scientific review"", ""semantic_compatibility_status"": null, ""source_canonical_g4_id"": ""NGIQ-BR-00000398"", ""source_coverage_ratio"": 0.28357218753213526, ""target_canonical_g3_id"": ""NGIQ-BR-00000167"", ""target_coverage_ratio"": 0.16959362595412492, ""transform_provenance"": ""data/atlases/templateflow_ref (MNI152NLin2009cAsym_from-MNI152NLin6Asym)""}"
G4G3-STAGE-98E375C2AD2019C89BB9,1027,NGIQ-BR-00000398,Area 1 (PostCG) left,G4_MICROSTRUCTURAL_FINE,left,507,NGIQ-BR-00000169,"Left Postcentral gyrus, Brainnetome 4_4",G3_MESO_FINE,left,partial_overlap,spatial_overlap,0.187196,0.157482,,,False,proposed,pending,FALSE,FALSE,PARTIAL_OVERLAP,OWNER_CONFIRMED_PARTIAL,,,"{""brainnetome_probability_asset"": ""data/atlases/brainnetome/bna246/volume_raw/BNA_PM_4D.nii.gz"", ""decision_artifact"": ""g4_g3_final_scientific_decisions.csv"", ""decision_reason_code"": ""OWNER_CONFIRMED_PARTIAL"", ""evidence_2g_probability_overlap"": ""g4_g3_probability_overlap_summary.json"", ""evidence_2h_interpretation"": ""g4_g3_overlap_interpretation_profiles.csv"", ""evidence_2ia_policy"": ""g4_g3_scientific_decision_policy_v1.csv"", ""evidence_2ib_owner_revision"": ""g4_g3_owner_policy_revision_v1.csv"", ""evidence_2ic_final_decision"": ""g4_g3_final_scientific_decision_summary.json"", ""expert_approved"": false, ""final_scientific_policy"": ""G4_G3_FINAL_SCIENTIFIC_POLICY_V1"", ""human_reviewed"": false, ""julich_probability_asset"": ""data/atlases/julich/v3.1/spatial_raw/probability_maps/"", ""julich_spatial_component_asset"": ""AREA_1_POSTCG_LEFT.nii.gz"", ""julich_spatial_component_id"": ""JULICH_BRAIN_CYTOARCHITECTONIC_ATLAS_V3_1_AREA_1_POSTCG"", ""mapping_method_field"": ""spatial_overlap"", ""owner_scientific_review_status"": ""OWNER_SCIENTIFIC_REVIEWED"", ""phase"": ""G4_G3_MAPPING_CANDIDATE_STAGING_V1"", ""production_review_status"": ""pending"", ""relation_artifact"": ""g4_g3_final_relation_decisions.csv"", ""scientific_method"": ""Julich probability x Brainnetome probability + TemplateFlow nonlinear transform + probability-weighted overlap + hard-label auxiliary containment + owner scientific review"", ""semantic_compatibility_status"": null, ""source_canonical_g4_id"": ""NGIQ-BR-00000398"", ""source_coverage_ratio"": 0.18719556539275212, ""target_canonical_g3_id"": ""NGIQ-BR-00000169"", ""target_coverage_ratio"": 0.15748222731166345, ""transform_provenance"": ""data/atlases/templateflow_ref (MNI152NLin2009cAsym_from-MNI152NLin6Asym)""}"
G4G3-STAGE-BAE8DC84482D6C3B65DF,1042,NGIQ-BR-00000403,Area Op1 (POperc) right,G4_MICROSTRUCTURAL_FINE,right,462,NGIQ-BR-00000154,"Right Inferior parietal lobule, Brainnetome 6_6",G3_MESO_FINE,right,partial_overlap,spatial_overlap,0.541446,0.08098,,,False,proposed,pending,FALSE,FALSE,PARTIAL_OVERLAP,OWNER_CONFIRMED_PARTIAL,,,"{""brainnetome_probability_asset"": ""data/atlases/brainnetome/bna246/volume_raw/BNA_PM_4D.nii.gz"", ""decision_artifact"": ""g4_g3_final_scientific_decisions.csv"", ""decision_reason_code"": ""OWNER_CONFIRMED_PARTIAL"", ""evidence_2g_probability_overlap"": ""g4_g3_probability_overlap_summary.json"", ""evidence_2h_interpretation"": ""g4_g3_overlap_interpretation_profiles.csv"", ""evidence_2ia_policy"": ""g4_g3_scientific_decision_policy_v1.csv"", ""evidence_2ib_owner_revision"": ""g4_g3_owner_policy_revision_v1.csv"", ""evidence_2ic_final_decision"": ""g4_g3_final_scientific_decision_summary.json"", ""expert_approved"": false, ""final_scientific_policy"": ""G4_G3_FINAL_SCIENTIFIC_POLICY_V1"", ""human_reviewed"": false, ""julich_probability_asset"": ""data/atlases/julich/v3.1/spatial_raw/probability_maps/"", ""julich_spatial_component_asset"": ""AREA_OP1_POPERC_RIGHT.nii.gz"", ""julich_spatial_component_id"": ""JULICH_BRAIN_CYTOARCHITECTONIC_ATLAS_V3_1_AREA_OP1_POPERC"", ""mapping_method_field"": ""spatial_overlap"", ""owner_scientific_review_status"": ""OWNER_SCIENTIFIC_REVIEWED"", ""phase"": ""G4_G3_MAPPING_CANDIDATE_STAGING_V1"", ""production_review_status"": ""pending"", ""relation_artifact"": ""g4_g3_final_relation_decisions.csv"", ""scientific_method"": ""Julich probability x Brainnetome probability + TemplateFlow nonlinear transform + probability-weighted overlap + hard-label auxiliary containment + owner scientific review"", ""semantic_compatibility_status"": null, ""source_canonical_g4_id"": ""NGIQ-BR-00000403"", ""source_coverage_ratio"": 0.5414460278342231, ""target_canonical_g3_id"": ""NGIQ-BR-00000154"", ""target_coverage_ratio"": 0.08097967975814478, ""transform_provenance"": ""data/atlases/templateflow_ref (MNI152NLin2009cAsym_from-MNI152NLin6Asym)""}"
G4G3-STAGE-71DD9AC844CAA25FF053,1042,NGIQ-BR-00000403,Area Op1 (POperc) right,G4_MICROSTRUCTURAL_FINE,right,498,NGIQ-BR-00000166,"Right Postcentral gyrus, Brainnetome 4_2",G3_MESO_FINE,right,partial_overlap,spatial_overlap,0.374339,0.091915,,,False,proposed,pending,FALSE,FALSE,PARTIAL_OVERLAP,OWNER_CONFIRMED_PARTIAL,,,"{""brainnetome_probability_asset"": ""data/atlases/brainnetome/bna246/volume_raw/BNA_PM_4D.nii.gz"", ""decision_artifact"": ""g4_g3_final_scientific_decisions.csv"", ""decision_reason_code"": ""OWNER_CONFIRMED_PARTIAL"", ""evidence_2g_probability_overlap"": ""g4_g3_probability_overlap_summary.json"", ""evidence_2h_interpretation"": ""g4_g3_overlap_interpretation_profiles.csv"", ""evidence_2ia_policy"": ""g4_g3_scientific_decision_policy_v1.csv"", ""evidence_2ib_owner_revision"": ""g4_g3_owner_policy_revision_v1.csv"", ""evidence_2ic_final_decision"": ""g4_g3_final_scientific_decision_summary.json"", ""expert_approved"": false, ""final_scientific_policy"": ""G4_G3_FINAL_SCIENTIFIC_POLICY_V1"", ""human_reviewed"": false, ""julich_probability_asset"": ""data/atlases/julich/v3.1/spatial_raw/probability_maps/"", ""julich_spatial_component_asset"": ""AREA_OP1_POPERC_RIGHT.nii.gz"", ""julich_spatial_component_id"": ""JULICH_BRAIN_CYTOARCHITECTONIC_ATLAS_V3_1_AREA_OP1_POPERC"", ""mapping_method_field"": ""spatial_overlap"", ""owner_scientific_review_status"": ""OWNER_SCIENTIFIC_REVIEWED"", ""phase"": ""G4_G3_MAPPING_CANDIDATE_STAGING_V1"", ""production_review_status"": ""pending"", ""relation_artifact"": ""g4_g3_final_relation_decisions.csv"", ""scientific_method"": ""Julich probability x Brainnetome probability + TemplateFlow nonlinear transform + probability-weighted overlap + hard-label auxiliary containment + owner scientific review"", ""semantic_compatibility_status"": null, ""source_canonical_g4_id"": ""NGIQ-BR-00000403"", ""source_coverage_ratio"": 0.3743392579458872, ""target_canonical_g3_id"": ""NGIQ-BR-00000166"", ""target_coverage_ratio"": 0.091915483579096, ""transform_provenance"": ""data/atlases/templateflow_ref (MNI152NLin2009cAsym_from-MNI152NLin6Asym)""}"
G4G3-STAGE-EDC76FF2361EF1495D9A,1045,NGIQ-BR-00000404,Area Op1 (POperc) left,G4_MICROSTRUCTURAL_FINE,left,459,NGIQ-BR-00000153,"Left Inferior parietal lobule, Brainnetome 6_6",G3_MESO_FINE,left,dominant_overlap,spatial_overlap,0.579329,0.100721,,,False,proposed,pending,FALSE,FALSE,APPROVE_DOMINANT_OVERLAP,DOMINANT_CRITERIA_V1,,,"{""brainnetome_probability_asset"": ""data/atlases/brainnetome/bna246/volume_raw/BNA_PM_4D.nii.gz"", ""decision_artifact"": ""g4_g3_final_scientific_decisions.csv"", ""decision_reason_code"": ""DOMINANT_CRITERIA_V1"", ""evidence_2g_probability_overlap"": ""g4_g3_probability_overlap_summary.json"", ""evidence_2h_interpretation"": ""g4_g3_overlap_interpretation_profiles.csv"", ""evidence_2ia_policy"": ""g4_g3_scientific_decision_policy_v1.csv"", ""evidence_2ib_owner_revision"": ""g4_g3_owner_policy_revision_v1.csv"", ""evidence_2ic_final_decision"": ""g4_g3_final_scientific_decision_summary.json"", ""expert_approved"": false, ""final_scientific_policy"": ""G4_G3_FINAL_SCIENTIFIC_POLICY_V1"", ""human_reviewed"": false, ""julich_probability_asset"": ""data/atlases/julich/v3.1/spatial_raw/probability_maps/"", ""julich_spatial_component_asset"": ""AREA_OP1_POPERC_LEFT.nii.gz"", ""julich_spatial_component_id"": ""JULICH_BRAIN_CYTOARCHITECTONIC_ATLAS_V3_1_AREA_OP1_POPERC"", ""mapping_method_field"": ""spatial_overlap"", ""owner_scientific_review_status"": ""OWNER_SCIENTIFIC_REVIEWED"", ""phase"": ""G4_G3_MAPPING_CANDIDATE_STAGING_V1"", ""production_review_status"": ""pending"", ""relation_artifact"": ""g4_g3_final_relation_decisions.csv"", ""scientific_method"": ""Julich probability x Brainnetome probability + TemplateFlow nonlinear transform + probability-weighted overlap + hard-label auxiliary containment + owner scientific review"", ""semantic_compatibility_status"": null, ""source_canonical_g4_id"": ""NGIQ-BR-00000404"", ""source_coverage_ratio"": 0.5793288119493002, ""target_canonical_g3_id"": ""NGIQ-BR-00000153"", ""target_coverage_ratio"": 0.10072142625964531, ""transform_provenance"": ""data/atlases/templateflow_ref (MNI152NLin2009cAsym_from-MNI152NLin6Asym)""}"
G4G3-STAGE-BB5702D1388768329AD5,1048,NGIQ-BR-00000405,Area Op2 (POperc) right,G4_MICROSTRUCTURAL_FINE,right,42,NGIQ-BR-00000014,"Right Insular gyrus, Brainnetome 6_1",G3_MESO_FINE,right,partial_overlap,spatial_overlap,0.460407,0.056681,,,False,proposed,pending,FALSE,FALSE,PARTIAL_OVERLAP,OWNER_CONFIRMED_PARTIAL,,,"{""brainnetome_probability_asset"": ""data/atlases/brainnetome/bna246/volume_raw/BNA_PM_4D.nii.gz"", ""decision_artifact"": ""g4_g3_final_scientific_decisions.csv"", ""decision_reason_code"": ""OWNER_CONFIRMED_PARTIAL"", ""evidence_2g_probability_overlap"": ""g4_g3_probability_overlap_summary.json"", ""evidence_2h_interpretation"": ""g4_g3_overlap_interpretation_profiles.csv"", ""evidence_2ia_policy"": ""g4_g3_scientific_decision_policy_v1.csv"", ""evidence_2ib_owner_revision"": ""g4_g3_owner_policy_revision_v1.csv"", ""evidence_2ic_final_decision"": ""g4_g3_final_scientific_decision_summary.json"", ""expert_approved"": false, ""final_scientific_policy"": ""G4_G3_FINAL_SCIENTIFIC_POLICY_V1"", ""human_reviewed"": false, ""julich_probability_asset"": ""data/atlases/julich/v3.1/spatial_raw/probability_maps/"", ""julich_spatial_component_asset"": ""AREA_OP2_POPERC_RIGHT.nii.gz"", ""julich_spatial_component_id"": ""JULICH_BRAIN_CYTOARCHITECTONIC_ATLAS_V3_1_AREA_OP2_POPERC"", ""mapping_method_field"": ""spatial_overlap"", ""owner_scientific_review_status"": ""OWNER_SCIENTIFIC_REVIEWED"", ""phase"": ""G4_G3_MAPPING_CANDIDATE_STAGING_V1"", ""production_review_status"": ""pending"", ""relation_artifact"": ""g4_g3_final_relation_decisions.csv"", ""scientific_method"": ""Julich probability x Brainnetome probability + TemplateFlow nonlinear transform + probability-weighted overlap + hard-label auxiliary containment + owner scientific review"", ""semantic_compatibility_status"": null, ""source_canonical_g4_id"": ""NGIQ-BR-00000405"", ""source_coverage_ratio"": 0.4604071526757934, ""target_canonical_g3_id"": ""NGIQ-BR-00000014"", ""target_coverage_ratio"": 0.0566806886674205, ""transform_provenance"": ""data/atlases/templateflow_ref (MNI152NLin2009cAsym_from-MNI152NLin6Asym)""}"
G4G3-STAGE-EF3AD8E2064430166C75,1048,NGIQ-BR-00000405,Area Op2 (POperc) right,G4_MICROSTRUCTURAL_FINE,right,462,NGIQ-BR-00000154,"Right Inferior parietal lobule, Brainnetome 6_6",G3_MESO_FINE,right,partial_overlap,spatial_overlap,0.272526,0.013097,,,False,proposed,pending,FALSE,FALSE,PARTIAL_OVERLAP,OWNER_CONFIRMED_PARTIAL,,,"{""brainnetome_probability_asset"": ""data/atlases/brainnetome/bna246/volume_raw/BNA_PM_4D.nii.gz"", ""decision_artifact"": ""g4_g3_final_scientific_decisions.csv"", ""decision_reason_code"": ""OWNER_CONFIRMED_PARTIAL"", ""evidence_2g_probability_overlap"": ""g4_g3_probability_overlap_summary.json"", ""evidence_2h_interpretation"": ""g4_g3_overlap_interpretation_profiles.csv"", ""evidence_2ia_policy"": ""g4_g3_scientific_decision_policy_v1.csv"", ""evidence_2ib_owner_revision"": ""g4_g3_owner_policy_revision_v1.csv"", ""evidence_2ic_final_decision"": ""g4_g3_final_scientific_decision_summary.json"", ""expert_approved"": false, ""final_scientific_policy"": ""G4_G3_FINAL_SCIENTIFIC_POLICY_V1"", ""human_reviewed"": false, ""julich_probability_asset"": ""data/atlases/julich/v3.1/spatial_raw/probability_maps/"", ""julich_spatial_component_asset"": ""AREA_OP2_POPERC_RIGHT.nii.gz"", ""julich_spatial_component_id"": ""JULICH_BRAIN_CYTOARCHITECTONIC_ATLAS_V3_1_AREA_OP2_POPERC"", ""mapping_method_field"": ""spatial_overlap"", ""owner_scientific_review_status"": ""OWNER_SCIENTIFIC_REVIEWED"", ""phase"": ""G4_G3_MAPPING_CANDIDATE_STAGING_V1"", ""production_review_status"": ""pending"", ""relation_artifact"": ""g4_g3_final_relation_decisions.csv"", ""scientific_method"": ""Julich probability x Brainnetome probability + TemplateFlow nonlinear transform + probability-weighted overlap + hard-label auxiliary containment + owner scientific review"", ""semantic_compatibility_status"": null, ""source_canonical_g4_id"": ""NGIQ-BR-00000405"", ""source_coverage_ratio"": 0.2725260529900437, ""target_canonical_g3_id"": ""NGIQ-BR-00000154"", ""target_coverage_ratio"": 0.013096857903391275, ""transform_provenance"": ""data/atlases/templateflow_ref (MNI152NLin2009cAsym_from-MNI152NLin6Asym)""}"
G4G3-STAGE-E8AC3C1F08CA64186881,1051,NGIQ-BR-00000406,Area Op2 (POperc) left,G4_MICROSTRUCTURAL_FINE,left,39,NGIQ-BR-00000013,"Left Insular gyrus, Brainnetome 6_1",G3_MESO_FINE,left,dominant_overlap,spatial_overlap,0.533763,0.136742,,,False,proposed,pending,FALSE,FALSE,APPROVE_DOMINANT_OVERLAP,DOMINANT_CRITERIA_V1,,BOUNDARY_METRIC,"{""brainnetome_probability_asset"": ""data/atlases/brainnetome/bna246/volume_raw/BNA_PM_4D.nii.gz"", ""decision_artifact"": ""g4_g3_final_scientific_decisions.csv"", ""decision_reason_code"": ""DOMINANT_CRITERIA_V1"", ""evidence_2g_probability_overlap"": ""g4_g3_probability_overlap_summary.json"", ""evidence_2h_interpretation"": ""g4_g3_overlap_interpretation_profiles.csv"", ""evidence_2ia_policy"": ""g4_g3_scientific_decision_policy_v1.csv"", ""evidence_2ib_owner_revision"": ""g4_g3_owner_policy_revision_v1.csv"", ""evidence_2ic_final_decision"": ""g4_g3_final_scientific_decision_summary.json"", ""expert_approved"": false, ""final_scientific_policy"": ""G4_G3_FINAL_SCIENTIFIC_POLICY_V1"", ""human_reviewed"": false, ""julich_probability_asset"": ""data/atlases/julich/v3.1/spatial_raw/probability_maps/"", ""julich_spatial_component_asset"": ""AREA_OP2_POPERC_LEFT.nii.gz"", ""julich_spatial_component_id"": ""JULICH_BRAIN_CYTOARCHITECTONIC_ATLAS_V3_1_AREA_OP2_POPERC"", ""mapping_method_field"": ""spatial_overlap"", ""owner_scientific_review_status"": ""OWNER_SCIENTIFIC_REVIEWED"", ""phase"": ""G4_G3_MAPPING_CANDIDATE_STAGING_V1"", ""production_review_status"": ""pending"", ""relation_artifact"": ""g4_g3_final_relation_decisions.csv"", ""scientific_method"": ""Julich probability x Brainnetome probability + TemplateFlow nonlinear transform + probability-weighted overlap + hard-label auxiliary containment + owner scientific review"", ""semantic_compatibility_status"": null, ""source_canonical_g4_id"": ""NGIQ-BR-00000406"", ""source_coverage_ratio"": 0.5337632200344825, ""target_canonical_g3_id"": ""NGIQ-BR-00000013"", ""target_coverage_ratio"": 0.13674208722569747, ""transform_provenance"": ""data/atlases/templateflow_ref (MNI152NLin2009cAsym_from-MNI152NLin6Asym)""}"
G4G3-STAGE-17D063EB635479FB2750,1054,NGIQ-BR-00000407,Area Op3 (POperc) right,G4_MICROSTRUCTURAL_FINE,right,498,NGIQ-BR-00000166,"Right Postcentral gyrus, Brainnetome 4_2",G3_MESO_FINE,right,partial_overlap,spatial_overlap,0.499415,0.075995,,,False,proposed,pending,FALSE,FALSE,PARTIAL_OVERLAP,OWNER_CONFIRMED_PARTIAL,,,"{""brainnetome_probability_asset"": ""data/atlases/brainnetome/bna246/volume_raw/BNA_PM_4D.nii.gz"", ""decision_artifact"": ""g4_g3_final_scientific_decisions.csv"", ""decision_reason_code"": ""OWNER_CONFIRMED_PARTIAL"", ""evidence_2g_probability_overlap"": ""g4_g3_probability_overlap_summary.json"", ""evidence_2h_interpretation"": ""g4_g3_overlap_interpretation_profiles.csv"", ""evidence_2ia_policy"": ""g4_g3_scientific_decision_policy_v1.csv"", ""evidence_2ib_owner_revision"": ""g4_g3_owner_policy_revision_v1.csv"", ""evidence_2ic_final_decision"": ""g4_g3_final_scientific_decision_summary.json"", ""expert_approved"": false, ""final_scientific_policy"": ""G4_G3_FINAL_SCIENTIFIC_POLICY_V1"", ""human_reviewed"": false, ""julich_probability_asset"": ""data/atlases/julich/v3.1/spatial_raw/probability_maps/"", ""julich_spatial_component_asset"": ""AREA_OP3_POPERC_RIGHT.nii.gz"", ""julich_spatial_component_id"": ""JULICH_BRAIN_CYTOARCHITECTONIC_ATLAS_V3_1_AREA_OP3_POPERC"", ""mapping_method_field"": ""spatial_overlap"", ""owner_scientific_review_status"": ""OWNER_SCIENTIFIC_REVIEWED"", ""phase"": ""G4_G3_MAPPING_CANDIDATE_STAGING_V1"", ""production_review_status"": ""pending"", ""relation_artifact"": ""g4_g3_final_relation_decisions.csv"", ""scientific_method"": ""Julich probability x Brainnetome probability + TemplateFlow nonlinear transform + probability-weighted overlap + hard-label auxiliary containment + owner scientific review"", ""semantic_compatibility_status"": null, ""source_canonical_g4_id"": ""NGIQ-BR-00000407"", ""source_coverage_ratio"": 0.49941484285472715, ""target_canonical_g3_id"": ""NGIQ-BR-00000166"", ""target_coverage_ratio"": 0.07599495053599227, ""transform_provenance"": ""data/atlases/templateflow_ref (MNI152NLin2009cAsym_from-MNI152NLin6Asym)""}"
G4G3-STAGE-6C4EF12D14960657AB1F,1054,NGIQ-BR-00000407,Area Op3 (POperc) right,G4_MICROSTRUCTURAL_FINE,right,534,NGIQ-BR-00000178,"Right Insular gyrus, Brainnetome 6_5",G3_MESO_FINE,right,partial_overlap,spatial_overlap,0.237184,0.062888,,,False,proposed,pending,FALSE,FALSE,PARTIAL_OVERLAP,OWNER_CONFIRMED_PARTIAL,,,"{""brainnetome_probability_asset"": ""data/atlases/brainnetome/bna246/volume_raw/BNA_PM_4D.nii.gz"", ""decision_artifact"": ""g4_g3_final_scientific_decisions.csv"", ""decision_reason_code"": ""OWNER_CONFIRMED_PARTIAL"", ""evidence_2g_probability_overlap"": ""g4_g3_probability_overlap_summary.json"", ""evidence_2h_interpretation"": ""g4_g3_overlap_interpretation_profiles.csv"", ""evidence_2ia_policy"": ""g4_g3_scientific_decision_policy_v1.csv"", ""evidence_2ib_owner_revision"": ""g4_g3_owner_policy_revision_v1.csv"", ""evidence_2ic_final_decision"": ""g4_g3_final_scientific_decision_summary.json"", ""expert_approved"": false, ""final_scientific_policy"": ""G4_G3_FINAL_SCIENTIFIC_POLICY_V1"", ""human_reviewed"": false, ""julich_probability_asset"": ""data/atlases/julich/v3.1/spatial_raw/probability_maps/"", ""julich_spatial_component_asset"": ""AREA_OP3_POPERC_RIGHT.nii.gz"", ""julich_spatial_component_id"": ""JULICH_BRAIN_CYTOARCHITECTONIC_ATLAS_V3_1_AREA_OP3_POPERC"", ""mapping_method_field"": ""spatial_overlap"", ""owner_scientific_review_status"": ""OWNER_SCIENTIFIC_REVIEWED"", ""phase"": ""G4_G3_MAPPING_CANDIDATE_STAGING_V1"", ""production_review_status"": ""pending"", ""relation_artifact"": ""g4_g3_final_relation_decisions.csv"", ""scientific_method"": ""Julich probability x Brainnetome probability + TemplateFlow nonlinear transform + probability-weighted overlap + hard-label auxiliary containment + owner scientific review"", ""semantic_compatibility_status"": null, ""source_canonical_g4_id"": ""NGIQ-BR-00000407"", ""source_coverage_ratio"": 0.23718358590832977, ""target_canonical_g3_id"": ""NGIQ-BR-00000178"", ""target_coverage_ratio"": 0.06288816515577193, ""transform_provenance"": ""data/atlases/templateflow_ref (MNI152NLin2009cAsym_from-MNI152NLin6Asym)""}"
G4G3-STAGE-4814302E8540561FA12E,1057,NGIQ-BR-00000408,Area Op3 (POperc) left,G4_MICROSTRUCTURAL_FINE,left,495,NGIQ-BR-00000165,"Left Postcentral gyrus, Brainnetome 4_2",G3_MESO_FINE,left,partial_overlap,spatial_overlap,0.435534,0.049731,,,False,proposed,pending,FALSE,FALSE,PARTIAL_OVERLAP,OWNER_CONFIRMED_PARTIAL,,,"{""brainnetome_probability_asset"": ""data/atlases/brainnetome/bna246/volume_raw/BNA_PM_4D.nii.gz"", ""decision_artifact"": ""g4_g3_final_scientific_decisions.csv"", ""decision_reason_code"": ""OWNER_CONFIRMED_PARTIAL"", ""evidence_2g_probability_overlap"": ""g4_g3_probability_overlap_summary.json"", ""evidence_2h_interpretation"": ""g4_g3_overlap_interpretation_profiles.csv"", ""evidence_2ia_policy"": ""g4_g3_scientific_decision_policy_v1.csv"", ""evidence_2ib_owner_revision"": ""g4_g3_owner_policy_revision_v1.csv"", ""evidence_2ic_final_decision"": ""g4_g3_final_scientific_decision_summary.json"", ""expert_approved"": false, ""final_scientific_policy"": ""G4_G3_FINAL_SCIENTIFIC_POLICY_V1"", ""human_reviewed"": false, ""julich_probability_asset"": ""data/atlases/julich/v3.1/spatial_raw/probability_maps/"", ""julich_spatial_component_asset"": ""AREA_OP3_POPERC_LEFT.nii.gz"", ""julich_spatial_component_id"": ""JULICH_BRAIN_CYTOARCHITECTONIC_ATLAS_V3_1_AREA_OP3_POPERC"", ""mapping_method_field"": ""spatial_overlap"", ""owner_scientific_review_status"": ""OWNER_SCIENTIFIC_REVIEWED"", ""phase"": ""G4_G3_MAPPING_CANDIDATE_STAGING_V1"", ""production_review_status"": ""pending"", ""relation_artifact"": ""g4_g3_final_relation_decisions.csv"", ""scientific_method"": ""Julich probability x Brainnetome probability + TemplateFlow nonlinear transform + probability-weighted overlap + hard-label auxiliary containment + owner scientific review"", ""semantic_compatibility_status"": null, ""source_canonical_g4_id"": ""NGIQ-BR-00000408"", ""source_coverage_ratio"": 0.43553425901124343, ""target_canonical_g3_id"": ""NGIQ-BR-00000165"", ""target_coverage_ratio"": 0.0497307757005363, ""transform_provenance"": ""data/atlases/templateflow_ref (MNI152NLin2009cAsym_from-MNI152NLin6Asym)""}"
G4G3-STAGE-E97CBA6FA2BD65A88C23,1057,NGIQ-BR-00000408,Area Op3 (POperc) left,G4_MICROSTRUCTURAL_FINE,left,531,NGIQ-BR-00000177,"Left Insular gyrus, Brainnetome 6_5",G3_MESO_FINE,left,partial_overlap,spatial_overlap,0.372509,0.071862,,,False,proposed,pending,FALSE,FALSE,PARTIAL_OVERLAP,OWNER_CONFIRMED_PARTIAL,,,"{""brainnetome_probability_asset"": ""data/atlases/brainnetome/bna246/volume_raw/BNA_PM_4D.nii.gz"", ""decision_artifact"": ""g4_g3_final_scientific_decisions.csv"", ""decision_reason_code"": ""OWNER_CONFIRMED_PARTIAL"", ""evidence_2g_probability_overlap"": ""g4_g3_probability_overlap_summary.json"", ""evidence_2h_interpretation"": ""g4_g3_overlap_interpretation_profiles.csv"", ""evidence_2ia_policy"": ""g4_g3_scientific_decision_policy_v1.csv"", ""evidence_2ib_owner_revision"": ""g4_g3_owner_policy_revision_v1.csv"", ""evidence_2ic_final_decision"": ""g4_g3_final_scientific_decision_summary.json"", ""expert_approved"": false, ""final_scientific_policy"": ""G4_G3_FINAL_SCIENTIFIC_POLICY_V1"", ""human_reviewed"": false, ""julich_probability_asset"": ""data/atlases/julich/v3.1/spatial_raw/probability_maps/"", ""julich_spatial_component_asset"": ""AREA_OP3_POPERC_LEFT.nii.gz"", ""julich_spatial_component_id"": ""JULICH_BRAIN_CYTOARCHITECTONIC_ATLAS_V3_1_AREA_OP3_POPERC"", ""mapping_method_field"": ""spatial_overlap"", ""owner_scientific_review_status"": ""OWNER_SCIENTIFIC_REVIEWED"", ""phase"": ""G4_G3_MAPPING_CANDIDATE_STAGING_V1"", ""production_review_status"": ""pending"", ""relation_artifact"": ""g4_g3_final_relation_decisions.csv"", ""scientific_method"": ""Julich probability x Brainnetome probability + TemplateFlow nonlinear transform + probability-weighted overlap + hard-label auxiliary containment + owner scientific review"", ""semantic_compatibility_status"": null, ""source_canonical_g4_id"": ""NGIQ-BR-00000408"", ""source_coverage_ratio"": 0.372509423051585, ""target_canonical_g3_id"": ""NGIQ-BR-00000177"", ""target_coverage_ratio"": 0.07186212122849081, ""transform_provenance"": ""data/atlases/templateflow_ref (MNI152NLin2009cAsym_from-MNI152NLin6Asym)""}"
G4G3-STAGE-B62BDB01A41BF97B9261,1060,NGIQ-BR-00000409,Area Op4 (POperc) right,G4_MICROSTRUCTURAL_FINE,right,498,NGIQ-BR-00000166,"Right Postcentral gyrus, Brainnetome 4_2",G3_MESO_FINE,right,dominant_overlap,spatial_overlap,0.542029,0.235738,,,False,proposed,pending,FALSE,FALSE,APPROVE_DOMINANT_OVERLAP,DOMINANT_CRITERIA_V1,,BOUNDARY_METRIC,"{""brainnetome_probability_asset"": ""data/atlases/brainnetome/bna246/volume_raw/BNA_PM_4D.nii.gz"", ""decision_artifact"": ""g4_g3_final_scientific_decisions.csv"", ""decision_reason_code"": ""DOMINANT_CRITERIA_V1"", ""evidence_2g_probability_overlap"": ""g4_g3_probability_overlap_summary.json"", ""evidence_2h_interpretation"": ""g4_g3_overlap_interpretation_profiles.csv"", ""evidence_2ia_policy"": ""g4_g3_scientific_decision_policy_v1.csv"", ""evidence_2ib_owner_revision"": ""g4_g3_owner_policy_revision_v1.csv"", ""evidence_2ic_final_decision"": ""g4_g3_final_scientific_decision_summary.json"", ""expert_approved"": false, ""final_scientific_policy"": ""G4_G3_FINAL_SCIENTIFIC_POLICY_V1"", ""human_reviewed"": false, ""julich_probability_asset"": ""data/atlases/julich/v3.1/spatial_raw/probability_maps/"", ""julich_spatial_component_asset"": ""AREA_OP4_POPERC_RIGHT.nii.gz"", ""julich_spatial_component_id"": ""JULICH_BRAIN_CYTOARCHITECTONIC_ATLAS_V3_1_AREA_OP4_POPERC"", ""mapping_method_field"": ""spatial_overlap"", ""owner_scientific_review_status"": ""OWNER_SCIENTIFIC_REVIEWED"", ""phase"": ""G4_G3_MAPPING_CANDIDATE_STAGING_V1"", ""production_review_status"": ""pending"", ""relation_artifact"": ""g4_g3_final_relation_decisions.csv"", ""scientific_method"": ""Julich probability x Brainnetome probability + TemplateFlow nonlinear transform + probability-weighted overlap + hard-label auxiliary containment + owner scientific review"", ""semantic_compatibility_status"": null, ""source_canonical_g4_id"": ""NGIQ-BR-00000409"", ""source_coverage_ratio"": 0.5420292822613326, ""target_canonical_g3_id"": ""NGIQ-BR-00000166"", ""target_coverage_ratio"": 0.2357380649413075, ""transform_provenance"": ""data/atlases/templateflow_ref (MNI152NLin2009cAsym_from-MNI152NLin6Asym)""}"
G4G3-STAGE-7380BC6407F65109E904,1063,NGIQ-BR-00000410,Area Op4 (POperc) left,G4_MICROSTRUCTURAL_FINE,left,495,NGIQ-BR-00000165,"Left Postcentral gyrus, Brainnetome 4_2",G3_MESO_FINE,left,dominant_overlap,spatial_overlap,0.732482,0.123971,,,False,proposed,pending,FALSE,FALSE,APPROVE_DOMINANT_OVERLAP,DOMINANT_CRITERIA_V1,,,"{""brainnetome_probability_asset"": ""data/atlases/brainnetome/bna246/volume_raw/BNA_PM_4D.nii.gz"", ""decision_artifact"": ""g4_g3_final_scientific_decisions.csv"", ""decision_reason_code"": ""DOMINANT_CRITERIA_V1"", ""evidence_2g_probability_overlap"": ""g4_g3_probability_overlap_summary.json"", ""evidence_2h_interpretation"": ""g4_g3_overlap_interpretation_profiles.csv"", ""evidence_2ia_policy"": ""g4_g3_scientific_decision_policy_v1.csv"", ""evidence_2ib_owner_revision"": ""g4_g3_owner_policy_revision_v1.csv"", ""evidence_2ic_final_decision"": ""g4_g3_final_scientific_decision_summary.json"", ""expert_approved"": false, ""final_scientific_policy"": ""G4_G3_FINAL_SCIENTIFIC_POLICY_V1"", ""human_reviewed"": false, ""julich_probability_asset"": ""data/atlases/julich/v3.1/spatial_raw/probability_maps/"", ""julich_spatial_component_asset"": ""AREA_OP4_POPERC_LEFT.nii.gz"", ""julich_spatial_component_id"": ""JULICH_BRAIN_CYTOARCHITECTONIC_ATLAS_V3_1_AREA_OP4_POPERC"", ""mapping_method_field"": ""spatial_overlap"", ""owner_scientific_review_status"": ""OWNER_SCIENTIFIC_REVIEWED"", ""phase"": ""G4_G3_MAPPING_CANDIDATE_STAGING_V1"", ""production_review_status"": ""pending"", ""relation_artifact"": ""g4_g3_final_relation_decisions.csv"", ""scientific_method"": ""Julich probability x Brainnetome probability + TemplateFlow nonlinear transform + probability-weighted overlap + hard-label auxiliary containment + owner scientific review"", ""semantic_compatibility_status"": null, ""source_canonical_g4_id"": ""NGIQ-BR-00000410"", ""source_coverage_ratio"": 0.7324819547107102, ""target_canonical_g3_id"": ""NGIQ-BR-00000165"", ""target_coverage_ratio"": 0.12397103314348801, ""transform_provenance"": ""data/atlases/templateflow_ref (MNI152NLin2009cAsym_from-MNI152NLin6Asym)""}"
G4G3-STAGE-961C90C88C13E40E336D,1066,NGIQ-BR-00000411,Area PF (IPL) right,G4_MICROSTRUCTURAL_FINE,right,462,NGIQ-BR-00000154,"Right Inferior parietal lobule, Brainnetome 6_6",G3_MESO_FINE,right,dominant_overlap,spatial_overlap,0.516137,0.120686,,,False,proposed,pending,FALSE,FALSE,APPROVE_DOMINANT_OVERLAP,DOMINANT_CRITERIA_V1,,BOUNDARY_METRIC,"{""brainnetome_probability_asset"": ""data/atlases/brainnetome/bna246/volume_raw/BNA_PM_4D.nii.gz"", ""decision_artifact"": ""g4_g3_final_scientific_decisions.csv"", ""decision_reason_code"": ""DOMINANT_CRITERIA_V1"", ""evidence_2g_probability_overlap"": ""g4_g3_probability_overlap_summary.json"", ""evidence_2h_interpretation"": ""g4_g3_overlap_interpretation_profiles.csv"", ""evidence_2ia_policy"": ""g4_g3_scientific_decision_policy_v1.csv"", ""evidence_2ib_owner_revision"": ""g4_g3_owner_policy_revision_v1.csv"", ""evidence_2ic_final_decision"": ""g4_g3_final_scientific_decision_summary.json"", ""expert_approved"": false, ""final_scientific_policy"": ""G4_G3_FINAL_SCIENTIFIC_POLICY_V1"", ""human_reviewed"": false, ""julich_probability_asset"": ""data/atlases/julich/v3.1/spatial_raw/probability_maps/"", ""julich_spatial_component_asset"": ""AREA_PF_IPL_RIGHT.nii.gz"", ""julich_spatial_component_id"": ""JULICH_BRAIN_CYTOARCHITECTONIC_ATLAS_V3_1_AREA_PF_IPL"", ""mapping_method_field"": ""spatial_overlap"", ""owner_scientific_review_status"": ""OWNER_SCIENTIFIC_REVIEWED"", ""phase"": ""G4_G3_MAPPING_CANDIDATE_STAGING_V1"", ""production_review_status"": ""pending"", ""relation_artifact"": ""g4_g3_final_relation_decisions.csv"", ""scientific_method"": ""Julich probability x Brainnetome probability + TemplateFlow nonlinear transform + probability-weighted overlap + hard-label auxiliary containment + owner scientific review"", ""semantic_compatibility_status"": null, ""source_canonical_g4_id"": ""NGIQ-BR-00000411"", ""source_coverage_ratio"": 0.5161371634223515, ""target_canonical_g3_id"": ""NGIQ-BR-00000154"", ""target_coverage_ratio"": 0.12068643135096321, ""transform_provenance"": ""data/atlases/templateflow_ref (MNI152NLin2009cAsym_from-MNI152NLin6Asym)""}"
G4G3-STAGE-FF040C1A10F2882F8EF9,1069,NGIQ-BR-00000412,Area PF (IPL) left,G4_MICROSTRUCTURAL_FINE,left,447,NGIQ-BR-00000149,"Left Inferior parietal lobule, Brainnetome 6_4",G3_MESO_FINE,left,partial_overlap,spatial_overlap,0.408242,0.104186,,,False,proposed,pending,FALSE,FALSE,PARTIAL_OVERLAP,OWNER_CONFIRMED_PARTIAL,,,"{""brainnetome_probability_asset"": ""data/atlases/brainnetome/bna246/volume_raw/BNA_PM_4D.nii.gz"", ""decision_artifact"": ""g4_g3_final_scientific_decisions.csv"", ""decision_reason_code"": ""OWNER_CONFIRMED_PARTIAL"", ""evidence_2g_probability_overlap"": ""g4_g3_probability_overlap_summary.json"", ""evidence_2h_interpretation"": ""g4_g3_overlap_interpretation_profiles.csv"", ""evidence_2ia_policy"": ""g4_g3_scientific_decision_policy_v1.csv"", ""evidence_2ib_owner_revision"": ""g4_g3_owner_policy_revision_v1.csv"", ""evidence_2ic_final_decision"": ""g4_g3_final_scientific_decision_summary.json"", ""expert_approved"": false, ""final_scientific_policy"": ""G4_G3_FINAL_SCIENTIFIC_POLICY_V1"", ""human_reviewed"": false, ""julich_probability_asset"": ""data/atlases/julich/v3.1/spatial_raw/probability_maps/"", ""julich_spatial_component_asset"": ""AREA_PF_IPL_LEFT.nii.gz"", ""julich_spatial_component_id"": ""JULICH_BRAIN_CYTOARCHITECTONIC_ATLAS_V3_1_AREA_PF_IPL"", ""mapping_method_field"": ""spatial_overlap"", ""owner_scientific_review_status"": ""OWNER_SCIENTIFIC_REVIEWED"", ""phase"": ""G4_G3_MAPPING_CANDIDATE_STAGING_V1"", ""production_review_status"": ""pending"", ""relation_artifact"": ""g4_g3_final_relation_decisions.csv"", ""scientific_method"": ""Julich probability x Brainnetome probability + TemplateFlow nonlinear transform + probability-weighted overlap + hard-label auxiliary containment + owner scientific review"", ""semantic_compatibility_status"": null, ""source_canonical_g4_id"": ""NGIQ-BR-00000412"", ""source_coverage_ratio"": 0.4082421086614082, ""target_canonical_g3_id"": ""NGIQ-BR-00000149"", ""target_coverage_ratio"": 0.10418600681979229, ""transform_provenance"": ""data/atlases/templateflow_ref (MNI152NLin2009cAsym_from-MNI152NLin6Asym)""}"
G4G3-STAGE-64C3271277368339EC50,1069,NGIQ-BR-00000412,Area PF (IPL) left,G4_MICROSTRUCTURAL_FINE,left,459,NGIQ-BR-00000153,"Left Inferior parietal lobule, Brainnetome 6_6",G3_MESO_FINE,left,partial_overlap,spatial_overlap,0.262139,0.087389,,,False,proposed,pending,FALSE,FALSE,PARTIAL_OVERLAP,OWNER_CONFIRMED_PARTIAL,,,"{""brainnetome_probability_asset"": ""data/atlases/brainnetome/bna246/volume_raw/BNA_PM_4D.nii.gz"", ""decision_artifact"": ""g4_g3_final_scientific_decisions.csv"", ""decision_reason_code"": ""OWNER_CONFIRMED_PARTIAL"", ""evidence_2g_probability_overlap"": ""g4_g3_probability_overlap_summary.json"", ""evidence_2h_interpretation"": ""g4_g3_overlap_interpretation_profiles.csv"", ""evidence_2ia_policy"": ""g4_g3_scientific_decision_policy_v1.csv"", ""evidence_2ib_owner_revision"": ""g4_g3_owner_policy_revision_v1.csv"", ""evidence_2ic_final_decision"": ""g4_g3_final_scientific_decision_summary.json"", ""expert_approved"": false, ""final_scientific_policy"": ""G4_G3_FINAL_SCIENTIFIC_POLICY_V1"", ""human_reviewed"": false, ""julich_probability_asset"": ""data/atlases/julich/v3.1/spatial_raw/probability_maps/"", ""julich_spatial_component_asset"": ""AREA_PF_IPL_LEFT.nii.gz"", ""julich_spatial_component_id"": ""JULICH_BRAIN_CYTOARCHITECTONIC_ATLAS_V3_1_AREA_PF_IPL"", ""mapping_method_field"": ""spatial_overlap"", ""owner_scientific_review_status"": ""OWNER_SCIENTIFIC_REVIEWED"", ""phase"": ""G4_G3_MAPPING_CANDIDATE_STAGING_V1"", ""production_review_status"": ""pending"", ""relation_artifact"": ""g4_g3_final_relation_decisions.csv"", ""scientific_method"": ""Julich probability x Brainnetome probability + TemplateFlow nonlinear transform + probability-weighted overlap + hard-label auxiliary containment + owner scientific review"", ""semantic_compatibility_status"": null, ""source_canonical_g4_id"": ""NGIQ-BR-00000412"", ""source_coverage_ratio"": 0.2621385289148894, ""target_canonical_g3_id"": ""NGIQ-BR-00000153"", ""target_coverage_ratio"": 0.087389282731419, ""transform_provenance"": ""data/atlases/templateflow_ref (MNI152NLin2009cAsym_from-MNI152NLin6Asym)""}"
G4G3-STAGE-37FD4F92A4BFF712B36F,1069,NGIQ-BR-00000412,Area PF (IPL) left,G4_MICROSTRUCTURAL_FINE,left,441,NGIQ-BR-00000147,"Left Inferior parietal lobule, Brainnetome 6_3",G3_MESO_FINE,left,partial_overlap,spatial_overlap,0.241379,0.084236,,,False,proposed,pending,FALSE,FALSE,PARTIAL_OVERLAP,OWNER_CONFIRMED_PARTIAL,,,"{""brainnetome_probability_asset"": ""data/atlases/brainnetome/bna246/volume_raw/BNA_PM_4D.nii.gz"", ""decision_artifact"": ""g4_g3_final_scientific_decisions.csv"", ""decision_reason_code"": ""OWNER_CONFIRMED_PARTIAL"", ""evidence_2g_probability_overlap"": ""g4_g3_probability_overlap_summary.json"", ""evidence_2h_interpretation"": ""g4_g3_overlap_interpretation_profiles.csv"", ""evidence_2ia_policy"": ""g4_g3_scientific_decision_policy_v1.csv"", ""evidence_2ib_owner_revision"": ""g4_g3_owner_policy_revision_v1.csv"", ""evidence_2ic_final_decision"": ""g4_g3_final_scientific_decision_summary.json"", ""expert_approved"": false, ""final_scientific_policy"": ""G4_G3_FINAL_SCIENTIFIC_POLICY_V1"", ""human_reviewed"": false, ""julich_probability_asset"": ""data/atlases/julich/v3.1/spatial_raw/probability_maps/"", ""julich_spatial_component_asset"": ""AREA_PF_IPL_LEFT.nii.gz"", ""julich_spatial_component_id"": ""JULICH_BRAIN_CYTOARCHITECTONIC_ATLAS_V3_1_AREA_PF_IPL"", ""mapping_method_field"": ""spatial_overlap"", ""owner_scientific_review_status"": ""OWNER_SCIENTIFIC_REVIEWED"", ""phase"": ""G4_G3_MAPPING_CANDIDATE_STAGING_V1"", ""production_review_status"": ""pending"", ""relation_artifact"": ""g4_g3_final_relation_decisions.csv"", ""scientific_method"": ""Julich probability x Brainnetome probability + TemplateFlow nonlinear transform + probability-weighted overlap + hard-label auxiliary containment + owner scientific review"", ""semantic_compatibility_status"": null, ""source_canonical_g4_id"": ""NGIQ-BR-00000412"", ""source_coverage_ratio"": 0.2413793897018408, ""target_canonical_g3_id"": ""NGIQ-BR-00000147"", ""target_coverage_ratio"": 0.08423636496260713, ""transform_provenance"": ""data/atlases/templateflow_ref (MNI152NLin2009cAsym_from-MNI152NLin6Asym)""}"
G4G3-STAGE-E171282AABEA31D0AB79,1072,NGIQ-BR-00000413,Area PFcm (IPL) right,G4_MICROSTRUCTURAL_FINE,right,462,NGIQ-BR-00000154,"Right Inferior parietal lobule, Brainnetome 6_6",G3_MESO_FINE,right,contained_in,spatial_overlap,0.890025,0.148736,,,True,proposed,pending,FALSE,FALSE,APPROVE_CONTAINED_IN,OWNER_CONFIRMED_CONTAINED,NESTED_COMPATIBLE_FAMILY,,"{""brainnetome_probability_asset"": ""data/atlases/brainnetome/bna246/volume_raw/BNA_PM_4D.nii.gz"", ""decision_artifact"": ""g4_g3_final_scientific_decisions.csv"", ""decision_reason_code"": ""OWNER_CONFIRMED_CONTAINED"", ""evidence_2g_probability_overlap"": ""g4_g3_probability_overlap_summary.json"", ""evidence_2h_interpretation"": ""g4_g3_overlap_interpretation_profiles.csv"", ""evidence_2ia_policy"": ""g4_g3_scientific_decision_policy_v1.csv"", ""evidence_2ib_owner_revision"": ""g4_g3_owner_policy_revision_v1.csv"", ""evidence_2ic_final_decision"": ""g4_g3_final_scientific_decision_summary.json"", ""expert_approved"": false, ""final_scientific_policy"": ""G4_G3_FINAL_SCIENTIFIC_POLICY_V1"", ""human_reviewed"": false, ""julich_probability_asset"": ""data/atlases/julich/v3.1/spatial_raw/probability_maps/"", ""julich_spatial_component_asset"": ""AREA_PFCM_IPL_RIGHT.nii.gz"", ""julich_spatial_component_id"": ""JULICH_BRAIN_CYTOARCHITECTONIC_ATLAS_V3_1_AREA_PFCM_IPL"", ""mapping_method_field"": ""spatial_overlap"", ""owner_scientific_review_status"": ""OWNER_SCIENTIFIC_REVIEWED"", ""phase"": ""G4_G3_MAPPING_CANDIDATE_STAGING_V1"", ""production_review_status"": ""pending"", ""relation_artifact"": ""g4_g3_final_relation_decisions.csv"", ""scientific_method"": ""Julich probability x Brainnetome probability + TemplateFlow nonlinear transform + probability-weighted overlap + hard-label auxiliary containment + owner scientific review"", ""semantic_compatibility_status"": ""NESTED_COMPATIBLE_FAMILY"", ""source_canonical_g4_id"": ""NGIQ-BR-00000413"", ""source_coverage_ratio"": 0.890025078702747, ""target_canonical_g3_id"": ""NGIQ-BR-00000154"", ""target_coverage_ratio"": 0.1487360551052439, ""transform_provenance"": ""data/atlases/templateflow_ref (MNI152NLin2009cAsym_from-MNI152NLin6Asym)""}"
G4G3-STAGE-76AC7F46E538D68B62BD,1075,NGIQ-BR-00000414,Area PFcm (IPL) left,G4_MICROSTRUCTURAL_FINE,left,459,NGIQ-BR-00000153,"Left Inferior parietal lobule, Brainnetome 6_6",G3_MESO_FINE,left,dominant_overlap,spatial_overlap,0.610556,0.127448,,,False,proposed,pending,FALSE,FALSE,APPROVE_DOMINANT_OVERLAP,DOMINANT_CRITERIA_V1,,,"{""brainnetome_probability_asset"": ""data/atlases/brainnetome/bna246/volume_raw/BNA_PM_4D.nii.gz"", ""decision_artifact"": ""g4_g3_final_scientific_decisions.csv"", ""decision_reason_code"": ""DOMINANT_CRITERIA_V1"", ""evidence_2g_probability_overlap"": ""g4_g3_probability_overlap_summary.json"", ""evidence_2h_interpretation"": ""g4_g3_overlap_interpretation_profiles.csv"", ""evidence_2ia_policy"": ""g4_g3_scientific_decision_policy_v1.csv"", ""evidence_2ib_owner_revision"": ""g4_g3_owner_policy_revision_v1.csv"", ""evidence_2ic_final_decision"": ""g4_g3_final_scientific_decision_summary.json"", ""expert_approved"": false, ""final_scientific_policy"": ""G4_G3_FINAL_SCIENTIFIC_POLICY_V1"", ""human_reviewed"": false, ""julich_probability_asset"": ""data/atlases/julich/v3.1/spatial_raw/probability_maps/"", ""julich_spatial_component_asset"": ""AREA_PFCM_IPL_LEFT.nii.gz"", ""julich_spatial_component_id"": ""JULICH_BRAIN_CYTOARCHITECTONIC_ATLAS_V3_1_AREA_PFCM_IPL"", ""mapping_method_field"": ""spatial_overlap"", ""owner_scientific_review_status"": ""OWNER_SCIENTIFIC_REVIEWED"", ""phase"": ""G4_G3_MAPPING_CANDIDATE_STAGING_V1"", ""production_review_status"": ""pending"", ""relation_artifact"": ""g4_g3_final_relation_decisions.csv"", ""scientific_method"": ""Julich probability x Brainnetome probability + TemplateFlow nonlinear transform + probability-weighted overlap + hard-label auxiliary containment + owner scientific review"", ""semantic_compatibility_status"": null, ""source_canonical_g4_id"": ""NGIQ-BR-00000414"", ""source_coverage_ratio"": 0.6105561943537385, ""target_canonical_g3_id"": ""NGIQ-BR-00000153"", ""target_coverage_ratio"": 0.12744836738478754, ""transform_provenance"": ""data/atlases/templateflow_ref (MNI152NLin2009cAsym_from-MNI152NLin6Asym)""}"
G4G3-STAGE-CCFD4AC4FFD0B5FC18D5,1078,NGIQ-BR-00000415,Area PGa (IPL) right,G4_MICROSTRUCTURAL_FINE,right,456,NGIQ-BR-00000152,"Right Inferior parietal lobule, Brainnetome 6_5",G3_MESO_FINE,right,dominant_overlap,spatial_overlap,0.544787,0.153723,,,False,proposed,pending,FALSE,FALSE,APPROVE_DOMINANT_OVERLAP,DOMINANT_CRITERIA_V1,,BOUNDARY_METRIC,"{""brainnetome_probability_asset"": ""data/atlases/brainnetome/bna246/volume_raw/BNA_PM_4D.nii.gz"", ""decision_artifact"": ""g4_g3_final_scientific_decisions.csv"", ""decision_reason_code"": ""DOMINANT_CRITERIA_V1"", ""evidence_2g_probability_overlap"": ""g4_g3_probability_overlap_summary.json"", ""evidence_2h_interpretation"": ""g4_g3_overlap_interpretation_profiles.csv"", ""evidence_2ia_policy"": ""g4_g3_scientific_decision_policy_v1.csv"", ""evidence_2ib_owner_revision"": ""g4_g3_owner_policy_revision_v1.csv"", ""evidence_2ic_final_decision"": ""g4_g3_final_scientific_decision_summary.json"", ""expert_approved"": false, ""final_scientific_policy"": ""G4_G3_FINAL_SCIENTIFIC_POLICY_V1"", ""human_reviewed"": false, ""julich_probability_asset"": ""data/atlases/julich/v3.1/spatial_raw/probability_maps/"", ""julich_spatial_component_asset"": ""AREA_PGA_IPL_RIGHT.nii.gz"", ""julich_spatial_component_id"": ""JULICH_BRAIN_CYTOARCHITECTONIC_ATLAS_V3_1_AREA_PGA_IPL"", ""mapping_method_field"": ""spatial_overlap"", ""owner_scientific_review_status"": ""OWNER_SCIENTIFIC_REVIEWED"", ""phase"": ""G4_G3_MAPPING_CANDIDATE_STAGING_V1"", ""production_review_status"": ""pending"", ""relation_artifact"": ""g4_g3_final_relation_decisions.csv"", ""scientific_method"": ""Julich probability x Brainnetome probability + TemplateFlow nonlinear transform + probability-weighted overlap + hard-label auxiliary containment + owner scientific review"", ""semantic_compatibility_status"": null, ""source_canonical_g4_id"": ""NGIQ-BR-00000415"", ""source_coverage_ratio"": 0.544787283285942, ""target_canonical_g3_id"": ""NGIQ-BR-00000152"", ""target_coverage_ratio"": 0.1537226606210574, ""transform_provenance"": ""data/atlases/templateflow_ref (MNI152NLin2009cAsym_from-MNI152NLin6Asym)""}"
G4G3-STAGE-B81687F46052321676A7,1081,NGIQ-BR-00000416,Area PGa (IPL) left,G4_MICROSTRUCTURAL_FINE,left,447,NGIQ-BR-00000149,"Left Inferior parietal lobule, Brainnetome 6_4",G3_MESO_FINE,left,partial_overlap,spatial_overlap,0.366401,0.13115,,,False,proposed,pending,FALSE,FALSE,PARTIAL_OVERLAP,OWNER_CONFIRMED_PARTIAL,,,"{""brainnetome_probability_asset"": ""data/atlases/brainnetome/bna246/volume_raw/BNA_PM_4D.nii.gz"", ""decision_artifact"": ""g4_g3_final_scientific_decisions.csv"", ""decision_reason_code"": ""OWNER_CONFIRMED_PARTIAL"", ""evidence_2g_probability_overlap"": ""g4_g3_probability_overlap_summary.json"", ""evidence_2h_interpretation"": ""g4_g3_overlap_interpretation_profiles.csv"", ""evidence_2ia_policy"": ""g4_g3_scientific_decision_policy_v1.csv"", ""evidence_2ib_owner_revision"": ""g4_g3_owner_policy_revision_v1.csv"", ""evidence_2ic_final_decision"": ""g4_g3_final_scientific_decision_summary.json"", ""expert_approved"": false, ""final_scientific_policy"": ""G4_G3_FINAL_SCIENTIFIC_POLICY_V1"", ""human_reviewed"": false, ""julich_probability_asset"": ""data/atlases/julich/v3.1/spatial_raw/probability_maps/"", ""julich_spatial_component_asset"": ""AREA_PGA_IPL_LEFT.nii.gz"", ""julich_spatial_component_id"": ""JULICH_BRAIN_CYTOARCHITECTONIC_ATLAS_V3_1_AREA_PGA_IPL"", ""mapping_method_field"": ""spatial_overlap"", ""owner_scientific_review_status"": ""OWNER_SCIENTIFIC_REVIEWED"", ""phase"": ""G4_G3_MAPPING_CANDIDATE_STAGING_V1"", ""production_review_status"": ""pending"", ""relation_artifact"": ""g4_g3_final_relation_decisions.csv"", ""scientific_method"": ""Julich probability x Brainnetome probability + TemplateFlow nonlinear transform + probability-weighted overlap + hard-label auxiliary containment + owner scientific review"", ""semantic_compatibility_status"": null, ""source_canonical_g4_id"": ""NGIQ-BR-00000416"", ""source_coverage_ratio"": 0.36640095562280584, ""target_canonical_g3_id"": ""NGIQ-BR-00000149"", ""target_coverage_ratio"": 0.13114992054115762, ""transform_provenance"": ""data/atlases/templateflow_ref (MNI152NLin2009cAsym_from-MNI152NLin6Asym)""}"
G4G3-STAGE-3450F4778505820E40E7,1081,NGIQ-BR-00000416,Area PGa (IPL) left,G4_MICROSTRUCTURAL_FINE,left,453,NGIQ-BR-00000151,"Left Inferior parietal lobule, Brainnetome 6_5",G3_MESO_FINE,left,partial_overlap,spatial_overlap,0.322453,0.083781,,,False,proposed,pending,FALSE,FALSE,PARTIAL_OVERLAP,OWNER_CONFIRMED_PARTIAL,,,"{""brainnetome_probability_asset"": ""data/atlases/brainnetome/bna246/volume_raw/BNA_PM_4D.nii.gz"", ""decision_artifact"": ""g4_g3_final_scientific_decisions.csv"", ""decision_reason_code"": ""OWNER_CONFIRMED_PARTIAL"", ""evidence_2g_probability_overlap"": ""g4_g3_probability_overlap_summary.json"", ""evidence_2h_interpretation"": ""g4_g3_overlap_interpretation_profiles.csv"", ""evidence_2ia_policy"": ""g4_g3_scientific_decision_policy_v1.csv"", ""evidence_2ib_owner_revision"": ""g4_g3_owner_policy_revision_v1.csv"", ""evidence_2ic_final_decision"": ""g4_g3_final_scientific_decision_summary.json"", ""expert_approved"": false, ""final_scientific_policy"": ""G4_G3_FINAL_SCIENTIFIC_POLICY_V1"", ""human_reviewed"": false, ""julich_probability_asset"": ""data/atlases/julich/v3.1/spatial_raw/probability_maps/"", ""julich_spatial_component_asset"": ""AREA_PGA_IPL_LEFT.nii.gz"", ""julich_spatial_component_id"": ""JULICH_BRAIN_CYTOARCHITECTONIC_ATLAS_V3_1_AREA_PGA_IPL"", ""mapping_method_field"": ""spatial_overlap"", ""owner_scientific_review_status"": ""OWNER_SCIENTIFIC_REVIEWED"", ""phase"": ""G4_G3_MAPPING_CANDIDATE_STAGING_V1"", ""production_review_status"": ""pending"", ""relation_artifact"": ""g4_g3_final_relation_decisions.csv"", ""scientific_method"": ""Julich probability x Brainnetome probability + TemplateFlow nonlinear transform + probability-weighted overlap + hard-label auxiliary containment + owner scientific review"", ""semantic_compatibility_status"": null, ""source_canonical_g4_id"": ""NGIQ-BR-00000416"", ""source_coverage_ratio"": 0.32245294662287344, ""target_canonical_g3_id"": ""NGIQ-BR-00000151"", ""target_coverage_ratio"": 0.08378108823623552, ""transform_provenance"": ""data/atlases/templateflow_ref (MNI152NLin2009cAsym_from-MNI152NLin6Asym)""}"
G4G3-STAGE-966ABF259C66BAAFD98C,1081,NGIQ-BR-00000416,Area PGa (IPL) left,G4_MICROSTRUCTURAL_FINE,left,435,NGIQ-BR-00000145,"Left Inferior parietal lobule, Brainnetome 6_2",G3_MESO_FINE,left,partial_overlap,spatial_overlap,0.227568,0.111288,,,False,proposed,pending,FALSE,FALSE,PARTIAL_OVERLAP,OWNER_CONFIRMED_PARTIAL,,,"{""brainnetome_probability_asset"": ""data/atlases/brainnetome/bna246/volume_raw/BNA_PM_4D.nii.gz"", ""decision_artifact"": ""g4_g3_final_scientific_decisions.csv"", ""decision_reason_code"": ""OWNER_CONFIRMED_PARTIAL"", ""evidence_2g_probability_overlap"": ""g4_g3_probability_overlap_summary.json"", ""evidence_2h_interpretation"": ""g4_g3_overlap_interpretation_profiles.csv"", ""evidence_2ia_policy"": ""g4_g3_scientific_decision_policy_v1.csv"", ""evidence_2ib_owner_revision"": ""g4_g3_owner_policy_revision_v1.csv"", ""evidence_2ic_final_decision"": ""g4_g3_final_scientific_decision_summary.json"", ""expert_approved"": false, ""final_scientific_policy"": ""G4_G3_FINAL_SCIENTIFIC_POLICY_V1"", ""human_reviewed"": false, ""julich_probability_asset"": ""data/atlases/julich/v3.1/spatial_raw/probability_maps/"", ""julich_spatial_component_asset"": ""AREA_PGA_IPL_LEFT.nii.gz"", ""julich_spatial_component_id"": ""JULICH_BRAIN_CYTOARCHITECTONIC_ATLAS_V3_1_AREA_PGA_IPL"", ""mapping_method_field"": ""spatial_overlap"", ""owner_scientific_review_status"": ""OWNER_SCIENTIFIC_REVIEWED"", ""phase"": ""G4_G3_MAPPING_CANDIDATE_STAGING_V1"", ""production_review_status"": ""pending"", ""relation_artifact"": ""g4_g3_final_relation_decisions.csv"", ""scientific_method"": ""Julich probability x Brainnetome probability + TemplateFlow nonlinear transform + probability-weighted overlap + hard-label auxiliary containment + owner scientific review"", ""semantic_compatibility_status"": null, ""source_canonical_g4_id"": ""NGIQ-BR-00000416"", ""source_coverage_ratio"": 0.2275678556376537, ""target_canonical_g3_id"": ""NGIQ-BR-00000145"", ""target_coverage_ratio"": 0.11128783814681255, ""transform_provenance"": ""data/atlases/templateflow_ref (MNI152NLin2009cAsym_from-MNI152NLin6Asym)""}"
G4G3-STAGE-C181A574F008F9B5BADB,1084,NGIQ-BR-00000417,Area PFt (IPL) right,G4_MICROSTRUCTURAL_FINE,right,444,NGIQ-BR-00000148,"Right Inferior parietal lobule, Brainnetome 6_3",G3_MESO_FINE,right,partial_overlap,spatial_overlap,0.433055,0.133001,,,False,proposed,pending,FALSE,FALSE,PARTIAL_OVERLAP,OWNER_CONFIRMED_PARTIAL,,,"{""brainnetome_probability_asset"": ""data/atlases/brainnetome/bna246/volume_raw/BNA_PM_4D.nii.gz"", ""decision_artifact"": ""g4_g3_final_scientific_decisions.csv"", ""decision_reason_code"": ""OWNER_CONFIRMED_PARTIAL"", ""evidence_2g_probability_overlap"": ""g4_g3_probability_overlap_summary.json"", ""evidence_2h_interpretation"": ""g4_g3_overlap_interpretation_profiles.csv"", ""evidence_2ia_policy"": ""g4_g3_scientific_decision_policy_v1.csv"", ""evidence_2ib_owner_revision"": ""g4_g3_owner_policy_revision_v1.csv"", ""evidence_2ic_final_decision"": ""g4_g3_final_scientific_decision_summary.json"", ""expert_approved"": false, ""final_scientific_policy"": ""G4_G3_FINAL_SCIENTIFIC_POLICY_V1"", ""human_reviewed"": false, ""julich_probability_asset"": ""data/atlases/julich/v3.1/spatial_raw/probability_maps/"", ""julich_spatial_component_asset"": ""AREA_PFT_IPL_RIGHT.nii.gz"", ""julich_spatial_component_id"": ""JULICH_BRAIN_CYTOARCHITECTONIC_ATLAS_V3_1_AREA_PFT_IPL"", ""mapping_method_field"": ""spatial_overlap"", ""owner_scientific_review_status"": ""OWNER_SCIENTIFIC_REVIEWED"", ""phase"": ""G4_G3_MAPPING_CANDIDATE_STAGING_V1"", ""production_review_status"": ""pending"", ""relation_artifact"": ""g4_g3_final_relation_decisions.csv"", ""scientific_method"": ""Julich probability x Brainnetome probability + TemplateFlow nonlinear transform + probability-weighted overlap + hard-label auxiliary containment + owner scientific review"", ""semantic_compatibility_status"": null, ""source_canonical_g4_id"": ""NGIQ-BR-00000417"", ""source_coverage_ratio"": 0.4330546262220554, ""target_canonical_g3_id"": ""NGIQ-BR-00000148"", ""target_coverage_ratio"": 0.13300104245771535, ""transform_provenance"": ""data/atlases/templateflow_ref (MNI152NLin2009cAsym_from-MNI152NLin6Asym)""}"
G4G3-STAGE-397A134B8157A4E0D58F,1084,NGIQ-BR-00000417,Area PFt (IPL) right,G4_MICROSTRUCTURAL_FINE,right,504,NGIQ-BR-00000168,"Right Postcentral gyrus, Brainnetome 4_3",G3_MESO_FINE,right,partial_overlap,spatial_overlap,0.326063,0.113098,,,False,proposed,pending,FALSE,FALSE,PARTIAL_OVERLAP,OWNER_CONFIRMED_PARTIAL,,,"{""brainnetome_probability_asset"": ""data/atlases/brainnetome/bna246/volume_raw/BNA_PM_4D.nii.gz"", ""decision_artifact"": ""g4_g3_final_scientific_decisions.csv"", ""decision_reason_code"": ""OWNER_CONFIRMED_PARTIAL"", ""evidence_2g_probability_overlap"": ""g4_g3_probability_overlap_summary.json"", ""evidence_2h_interpretation"": ""g4_g3_overlap_interpretation_profiles.csv"", ""evidence_2ia_policy"": ""g4_g3_scientific_decision_policy_v1.csv"", ""evidence_2ib_owner_revision"": ""g4_g3_owner_policy_revision_v1.csv"", ""evidence_2ic_final_decision"": ""g4_g3_final_scientific_decision_summary.json"", ""expert_approved"": false, ""final_scientific_policy"": ""G4_G3_FINAL_SCIENTIFIC_POLICY_V1"", ""human_reviewed"": false, ""julich_probability_asset"": ""data/atlases/julich/v3.1/spatial_raw/probability_maps/"", ""julich_spatial_component_asset"": ""AREA_PFT_IPL_RIGHT.nii.gz"", ""julich_spatial_component_id"": ""JULICH_BRAIN_CYTOARCHITECTONIC_ATLAS_V3_1_AREA_PFT_IPL"", ""mapping_method_field"": ""spatial_overlap"", ""owner_scientific_review_status"": ""OWNER_SCIENTIFIC_REVIEWED"", ""phase"": ""G4_G3_MAPPING_CANDIDATE_STAGING_V1"", ""production_review_status"": ""pending"", ""relation_artifact"": ""g4_g3_final_relation_decisions.csv"", ""scientific_method"": ""Julich probability x Brainnetome probability + TemplateFlow nonlinear transform + probability-weighted overlap + hard-label auxiliary containment + owner scientific review"", ""semantic_compatibility_status"": null, ""source_canonical_g4_id"": ""NGIQ-BR-00000417"", ""source_coverage_ratio"": 0.3260625219490858, ""target_canonical_g3_id"": ""NGIQ-BR-00000168"", ""target_coverage_ratio"": 0.1130975460842586, ""transform_provenance"": ""data/atlases/templateflow_ref (MNI152NLin2009cAsym_from-MNI152NLin6Asym)""}"
G4G3-STAGE-E98CBC4E56990E4CDA43,1087,NGIQ-BR-00000418,Area PFt (IPL) left,G4_MICROSTRUCTURAL_FINE,left,441,NGIQ-BR-00000147,"Left Inferior parietal lobule, Brainnetome 6_3",G3_MESO_FINE,left,dominant_overlap,spatial_overlap,0.562207,0.156218,,,False,proposed,pending,FALSE,FALSE,APPROVE_DOMINANT_OVERLAP,DOMINANT_CRITERIA_V1,,,"{""brainnetome_probability_asset"": ""data/atlases/brainnetome/bna246/volume_raw/BNA_PM_4D.nii.gz"", ""decision_artifact"": ""g4_g3_final_scientific_decisions.csv"", ""decision_reason_code"": ""DOMINANT_CRITERIA_V1"", ""evidence_2g_probability_overlap"": ""g4_g3_probability_overlap_summary.json"", ""evidence_2h_interpretation"": ""g4_g3_overlap_interpretation_profiles.csv"", ""evidence_2ia_policy"": ""g4_g3_scientific_decision_policy_v1.csv"", ""evidence_2ib_owner_revision"": ""g4_g3_owner_policy_revision_v1.csv"", ""evidence_2ic_final_decision"": ""g4_g3_final_scientific_decision_summary.json"", ""expert_approved"": false, ""final_scientific_policy"": ""G4_G3_FINAL_SCIENTIFIC_POLICY_V1"", ""human_reviewed"": false, ""julich_probability_asset"": ""data/atlases/julich/v3.1/spatial_raw/probability_maps/"", ""julich_spatial_component_asset"": ""AREA_PFT_IPL_LEFT.nii.gz"", ""julich_spatial_component_id"": ""JULICH_BRAIN_CYTOARCHITECTONIC_ATLAS_V3_1_AREA_PFT_IPL"", ""mapping_method_field"": ""spatial_overlap"", ""owner_scientific_review_status"": ""OWNER_SCIENTIFIC_REVIEWED"", ""phase"": ""G4_G3_MAPPING_CANDIDATE_STAGING_V1"", ""production_review_status"": ""pending"", ""relation_artifact"": ""g4_g3_final_relation_decisions.csv"", ""scientific_method"": ""Julich probability x Brainnetome probability + TemplateFlow nonlinear transform + probability-weighted overlap + hard-label auxiliary containment + owner scientific review"", ""semantic_compatibility_status"": null, ""source_canonical_g4_id"": ""NGIQ-BR-00000418"", ""source_coverage_ratio"": 0.5622066455621754, ""target_canonical_g3_id"": ""NGIQ-BR-00000147"", ""target_coverage_ratio"": 0.15621808852617047, ""transform_provenance"": ""data/atlases/templateflow_ref (MNI152NLin2009cAsym_from-MNI152NLin6Asym)""}"
G4G3-STAGE-F1D60764B00F01CFDF65,1090,NGIQ-BR-00000419,Area PFm (IPL) right,G4_MICROSTRUCTURAL_FINE,right,450,NGIQ-BR-00000150,"Right Inferior parietal lobule, Brainnetome 6_4",G3_MESO_FINE,right,dominant_overlap,spatial_overlap,0.74558,0.157883,,,False,proposed,pending,FALSE,FALSE,APPROVE_DOMINANT_OVERLAP,DOMINANT_CRITERIA_V1,,,"{""brainnetome_probability_asset"": ""data/atlases/brainnetome/bna246/volume_raw/BNA_PM_4D.nii.gz"", ""decision_artifact"": ""g4_g3_final_scientific_decisions.csv"", ""decision_reason_code"": ""DOMINANT_CRITERIA_V1"", ""evidence_2g_probability_overlap"": ""g4_g3_probability_overlap_summary.json"", ""evidence_2h_interpretation"": ""g4_g3_overlap_interpretation_profiles.csv"", ""evidence_2ia_policy"": ""g4_g3_scientific_decision_policy_v1.csv"", ""evidence_2ib_owner_revision"": ""g4_g3_owner_policy_revision_v1.csv"", ""evidence_2ic_final_decision"": ""g4_g3_final_scientific_decision_summary.json"", ""expert_approved"": false, ""final_scientific_policy"": ""G4_G3_FINAL_SCIENTIFIC_POLICY_V1"", ""human_reviewed"": false, ""julich_probability_asset"": ""data/atlases/julich/v3.1/spatial_raw/probability_maps/"", ""julich_spatial_component_asset"": ""AREA_PFM_IPL_RIGHT.nii.gz"", ""julich_spatial_component_id"": ""JULICH_BRAIN_CYTOARCHITECTONIC_ATLAS_V3_1_AREA_PFM_IPL"", ""mapping_method_field"": ""spatial_overlap"", ""owner_scientific_review_status"": ""OWNER_SCIENTIFIC_REVIEWED"", ""phase"": ""G4_G3_MAPPING_CANDIDATE_STAGING_V1"", ""production_review_status"": ""pending"", ""relation_artifact"": ""g4_g3_final_relation_decisions.csv"", ""scientific_method"": ""Julich probability x Brainnetome probability + TemplateFlow nonlinear transform + probability-weighted overlap + hard-label auxiliary containment + owner scientific review"", ""semantic_compatibility_status"": null, ""source_canonical_g4_id"": ""NGIQ-BR-00000419"", ""source_coverage_ratio"": 0.7455803048350829, ""target_canonical_g3_id"": ""NGIQ-BR-00000150"", ""target_coverage_ratio"": 0.15788343744580374, ""transform_provenance"": ""data/atlases/templateflow_ref (MNI152NLin2009cAsym_from-MNI152NLin6Asym)""}"
G4G3-STAGE-28E4027BF2E2EAFB0E08,1093,NGIQ-BR-00000420,Area PFm (IPL) left,G4_MICROSTRUCTURAL_FINE,left,447,NGIQ-BR-00000149,"Left Inferior parietal lobule, Brainnetome 6_4",G3_MESO_FINE,left,dominant_overlap,spatial_overlap,0.678152,0.202156,,,False,proposed,pending,FALSE,FALSE,APPROVE_DOMINANT_OVERLAP,DOMINANT_CRITERIA_V1,,,"{""brainnetome_probability_asset"": ""data/atlases/brainnetome/bna246/volume_raw/BNA_PM_4D.nii.gz"", ""decision_artifact"": ""g4_g3_final_scientific_decisions.csv"", ""decision_reason_code"": ""DOMINANT_CRITERIA_V1"", ""evidence_2g_probability_overlap"": ""g4_g3_probability_overlap_summary.json"", ""evidence_2h_interpretation"": ""g4_g3_overlap_interpretation_profiles.csv"", ""evidence_2ia_policy"": ""g4_g3_scientific_decision_policy_v1.csv"", ""evidence_2ib_owner_revision"": ""g4_g3_owner_policy_revision_v1.csv"", ""evidence_2ic_final_decision"": ""g4_g3_final_scientific_decision_summary.json"", ""expert_approved"": false, ""final_scientific_policy"": ""G4_G3_FINAL_SCIENTIFIC_POLICY_V1"", ""human_reviewed"": false, ""julich_probability_asset"": ""data/atlases/julich/v3.1/spatial_raw/probability_maps/"", ""julich_spatial_component_asset"": ""AREA_PFM_IPL_LEFT.nii.gz"", ""julich_spatial_component_id"": ""JULICH_BRAIN_CYTOARCHITECTONIC_ATLAS_V3_1_AREA_PFM_IPL"", ""mapping_method_field"": ""spatial_overlap"", ""owner_scientific_review_status"": ""OWNER_SCIENTIFIC_REVIEWED"", ""phase"": ""G4_G3_MAPPING_CANDIDATE_STAGING_V1"", ""production_review_status"": ""pending"", ""relation_artifact"": ""g4_g3_final_relation_decisions.csv"", ""scientific_method"": ""Julich probability x Brainnetome probability + TemplateFlow nonlinear transform + probability-weighted overlap + hard-label auxiliary containment + owner scientific review"", ""semantic_compatibility_status"": null, ""source_canonical_g4_id"": ""NGIQ-BR-00000420"", ""source_coverage_ratio"": 0.6781520877766225, ""target_canonical_g3_id"": ""NGIQ-BR-00000149"", ""target_coverage_ratio"": 0.2021562424367623, ""transform_provenance"": ""data/atlases/templateflow_ref (MNI152NLin2009cAsym_from-MNI152NLin6Asym)""}"
G4G3-STAGE-3C7D9296E77EE0D0D460,1096,NGIQ-BR-00000421,Area PGp (IPL) right,G4_MICROSTRUCTURAL_FINE,right,456,NGIQ-BR-00000152,"Right Inferior parietal lobule, Brainnetome 6_5",G3_MESO_FINE,right,partial_overlap,spatial_overlap,0.405399,0.134586,,,False,proposed,pending,FALSE,FALSE,PARTIAL_OVERLAP,OWNER_CONFIRMED_PARTIAL,,,"{""brainnetome_probability_asset"": ""data/atlases/brainnetome/bna246/volume_raw/BNA_PM_4D.nii.gz"", ""decision_artifact"": ""g4_g3_final_scientific_decisions.csv"", ""decision_reason_code"": ""OWNER_CONFIRMED_PARTIAL"", ""evidence_2g_probability_overlap"": ""g4_g3_probability_overlap_summary.json"", ""evidence_2h_interpretation"": ""g4_g3_overlap_interpretation_profiles.csv"", ""evidence_2ia_policy"": ""g4_g3_scientific_decision_policy_v1.csv"", ""evidence_2ib_owner_revision"": ""g4_g3_owner_policy_revision_v1.csv"", ""evidence_2ic_final_decision"": ""g4_g3_final_scientific_decision_summary.json"", ""expert_approved"": false, ""final_scientific_policy"": ""G4_G3_FINAL_SCIENTIFIC_POLICY_V1"", ""human_reviewed"": false, ""julich_probability_asset"": ""data/atlases/julich/v3.1/spatial_raw/probability_maps/"", ""julich_spatial_component_asset"": ""AREA_PGP_IPL_RIGHT.nii.gz"", ""julich_spatial_component_id"": ""JULICH_BRAIN_CYTOARCHITECTONIC_ATLAS_V3_1_AREA_PGP_IPL"", ""mapping_method_field"": ""spatial_overlap"", ""owner_scientific_review_status"": ""OWNER_SCIENTIFIC_REVIEWED"", ""phase"": ""G4_G3_MAPPING_CANDIDATE_STAGING_V1"", ""production_review_status"": ""pending"", ""relation_artifact"": ""g4_g3_final_relation_decisions.csv"", ""scientific_method"": ""Julich probability x Brainnetome probability + TemplateFlow nonlinear transform + probability-weighted overlap + hard-label auxiliary containment + owner scientific review"", ""semantic_compatibility_status"": null, ""source_canonical_g4_id"": ""NGIQ-BR-00000421"", ""source_coverage_ratio"": 0.4053986500349854, ""target_canonical_g3_id"": ""NGIQ-BR-00000152"", ""target_coverage_ratio"": 0.13458644429285888, ""transform_provenance"": ""data/atlases/templateflow_ref (MNI152NLin2009cAsym_from-MNI152NLin6Asym)""}"
G4G3-STAGE-843BECAFA86429B87A10,1096,NGIQ-BR-00000421,Area PGp (IPL) right,G4_MICROSTRUCTURAL_FINE,right,36,NGIQ-BR-00000012,"Right Inferior parietal lobule, Brainnetome 6_1",G3_MESO_FINE,right,partial_overlap,spatial_overlap,0.315796,0.141572,,,False,proposed,pending,FALSE,FALSE,PARTIAL_OVERLAP,OWNER_CONFIRMED_PARTIAL,,,"{""brainnetome_probability_asset"": ""data/atlases/brainnetome/bna246/volume_raw/BNA_PM_4D.nii.gz"", ""decision_artifact"": ""g4_g3_final_scientific_decisions.csv"", ""decision_reason_code"": ""OWNER_CONFIRMED_PARTIAL"", ""evidence_2g_probability_overlap"": ""g4_g3_probability_overlap_summary.json"", ""evidence_2h_interpretation"": ""g4_g3_overlap_interpretation_profiles.csv"", ""evidence_2ia_policy"": ""g4_g3_scientific_decision_policy_v1.csv"", ""evidence_2ib_owner_revision"": ""g4_g3_owner_policy_revision_v1.csv"", ""evidence_2ic_final_decision"": ""g4_g3_final_scientific_decision_summary.json"", ""expert_approved"": false, ""final_scientific_policy"": ""G4_G3_FINAL_SCIENTIFIC_POLICY_V1"", ""human_reviewed"": false, ""julich_probability_asset"": ""data/atlases/julich/v3.1/spatial_raw/probability_maps/"", ""julich_spatial_component_asset"": ""AREA_PGP_IPL_RIGHT.nii.gz"", ""julich_spatial_component_id"": ""JULICH_BRAIN_CYTOARCHITECTONIC_ATLAS_V3_1_AREA_PGP_IPL"", ""mapping_method_field"": ""spatial_overlap"", ""owner_scientific_review_status"": ""OWNER_SCIENTIFIC_REVIEWED"", ""phase"": ""G4_G3_MAPPING_CANDIDATE_STAGING_V1"", ""production_review_status"": ""pending"", ""relation_artifact"": ""g4_g3_final_relation_decisions.csv"", ""scientific_method"": ""Julich probability x Brainnetome probability + TemplateFlow nonlinear transform + probability-weighted overlap + hard-label auxiliary containment + owner scientific review"", ""semantic_compatibility_status"": null, ""source_canonical_g4_id"": ""NGIQ-BR-00000421"", ""source_coverage_ratio"": 0.315796389078453, ""target_canonical_g3_id"": ""NGIQ-BR-00000012"", ""target_coverage_ratio"": 0.14157219217575473, ""transform_provenance"": ""data/atlases/templateflow_ref (MNI152NLin2009cAsym_from-MNI152NLin6Asym)""}"
G4G3-STAGE-C14E39265619A1CB26B8,1096,NGIQ-BR-00000421,Area PGp (IPL) right,G4_MICROSTRUCTURAL_FINE,right,438,NGIQ-BR-00000146,"Right Inferior parietal lobule, Brainnetome 6_2",G3_MESO_FINE,right,partial_overlap,spatial_overlap,0.243417,0.131017,,,False,proposed,pending,FALSE,FALSE,PARTIAL_OVERLAP,OWNER_CONFIRMED_PARTIAL,,,"{""brainnetome_probability_asset"": ""data/atlases/brainnetome/bna246/volume_raw/BNA_PM_4D.nii.gz"", ""decision_artifact"": ""g4_g3_final_scientific_decisions.csv"", ""decision_reason_code"": ""OWNER_CONFIRMED_PARTIAL"", ""evidence_2g_probability_overlap"": ""g4_g3_probability_overlap_summary.json"", ""evidence_2h_interpretation"": ""g4_g3_overlap_interpretation_profiles.csv"", ""evidence_2ia_policy"": ""g4_g3_scientific_decision_policy_v1.csv"", ""evidence_2ib_owner_revision"": ""g4_g3_owner_policy_revision_v1.csv"", ""evidence_2ic_final_decision"": ""g4_g3_final_scientific_decision_summary.json"", ""expert_approved"": false, ""final_scientific_policy"": ""G4_G3_FINAL_SCIENTIFIC_POLICY_V1"", ""human_reviewed"": false, ""julich_probability_asset"": ""data/atlases/julich/v3.1/spatial_raw/probability_maps/"", ""julich_spatial_component_asset"": ""AREA_PGP_IPL_RIGHT.nii.gz"", ""julich_spatial_component_id"": ""JULICH_BRAIN_CYTOARCHITECTONIC_ATLAS_V3_1_AREA_PGP_IPL"", ""mapping_method_field"": ""spatial_overlap"", ""owner_scientific_review_status"": ""OWNER_SCIENTIFIC_REVIEWED"", ""phase"": ""G4_G3_MAPPING_CANDIDATE_STAGING_V1"", ""production_review_status"": ""pending"", ""relation_artifact"": ""g4_g3_final_relation_decisions.csv"", ""scientific_method"": ""Julich probability x Brainnetome probability + TemplateFlow nonlinear transform + probability-weighted overlap + hard-label auxiliary containment + owner scientific review"", ""semantic_compatibility_status"": null, ""source_canonical_g4_id"": ""NGIQ-BR-00000421"", ""source_coverage_ratio"": 0.2434174677322027, ""target_canonical_g3_id"": ""NGIQ-BR-00000146"", ""target_coverage_ratio"": 0.13101744443839736, ""transform_provenance"": ""data/atlases/templateflow_ref (MNI152NLin2009cAsym_from-MNI152NLin6Asym)""}"
G4G3-STAGE-CAF92AA4292A903B1DEF,1099,NGIQ-BR-00000422,Area PGp (IPL) left,G4_MICROSTRUCTURAL_FINE,left,453,NGIQ-BR-00000151,"Left Inferior parietal lobule, Brainnetome 6_5",G3_MESO_FINE,left,dominant_overlap,spatial_overlap,0.650514,0.200632,,,False,proposed,pending,FALSE,FALSE,APPROVE_DOMINANT_OVERLAP,DOMINANT_CRITERIA_V1,,,"{""brainnetome_probability_asset"": ""data/atlases/brainnetome/bna246/volume_raw/BNA_PM_4D.nii.gz"", ""decision_artifact"": ""g4_g3_final_scientific_decisions.csv"", ""decision_reason_code"": ""DOMINANT_CRITERIA_V1"", ""evidence_2g_probability_overlap"": ""g4_g3_probability_overlap_summary.json"", ""evidence_2h_interpretation"": ""g4_g3_overlap_interpretation_profiles.csv"", ""evidence_2ia_policy"": ""g4_g3_scientific_decision_policy_v1.csv"", ""evidence_2ib_owner_revision"": ""g4_g3_owner_policy_revision_v1.csv"", ""evidence_2ic_final_decision"": ""g4_g3_final_scientific_decision_summary.json"", ""expert_approved"": false, ""final_scientific_policy"": ""G4_G3_FINAL_SCIENTIFIC_POLICY_V1"", ""human_reviewed"": false, ""julich_probability_asset"": ""data/atlases/julich/v3.1/spatial_raw/probability_maps/"", ""julich_spatial_component_asset"": ""AREA_PGP_IPL_LEFT.nii.gz"", ""julich_spatial_component_id"": ""JULICH_BRAIN_CYTOARCHITECTONIC_ATLAS_V3_1_AREA_PGP_IPL"", ""mapping_method_field"": ""spatial_overlap"", ""owner_scientific_review_status"": ""OWNER_SCIENTIFIC_REVIEWED"", ""phase"": ""G4_G3_MAPPING_CANDIDATE_STAGING_V1"", ""production_review_status"": ""pending"", ""relation_artifact"": ""g4_g3_final_relation_decisions.csv"", ""scientific_method"": ""Julich probability x Brainnetome probability + TemplateFlow nonlinear transform + probability-weighted overlap + hard-label auxiliary containment + owner scientific review"", ""semantic_compatibility_status"": null, ""source_canonical_g4_id"": ""NGIQ-BR-00000422"", ""source_coverage_ratio"": 0.6505143010924904, ""target_canonical_g3_id"": ""NGIQ-BR-00000151"", ""target_coverage_ratio"": 0.2006319674491857, ""transform_provenance"": ""data/atlases/templateflow_ref (MNI152NLin2009cAsym_from-MNI152NLin6Asym)""}"
G4G3-STAGE-F013F9C881316A0A37F9,1102,NGIQ-BR-00000423,Area PFop (IPL) right,G4_MICROSTRUCTURAL_FINE,right,462,NGIQ-BR-00000154,"Right Inferior parietal lobule, Brainnetome 6_6",G3_MESO_FINE,right,partial_overlap,spatial_overlap,0.306458,0.043149,,,False,proposed,pending,FALSE,FALSE,PARTIAL_OVERLAP,FINAL_MULTI_TARGET_PARTIAL_GATE_PASS,,,"{""brainnetome_probability_asset"": ""data/atlases/brainnetome/bna246/volume_raw/BNA_PM_4D.nii.gz"", ""decision_artifact"": ""g4_g3_final_scientific_decisions.csv"", ""decision_reason_code"": ""FINAL_MULTI_TARGET_PARTIAL_GATE_PASS"", ""evidence_2g_probability_overlap"": ""g4_g3_probability_overlap_summary.json"", ""evidence_2h_interpretation"": ""g4_g3_overlap_interpretation_profiles.csv"", ""evidence_2ia_policy"": ""g4_g3_scientific_decision_policy_v1.csv"", ""evidence_2ib_owner_revision"": ""g4_g3_owner_policy_revision_v1.csv"", ""evidence_2ic_final_decision"": ""g4_g3_final_scientific_decision_summary.json"", ""expert_approved"": false, ""final_scientific_policy"": ""G4_G3_FINAL_SCIENTIFIC_POLICY_V1"", ""human_reviewed"": false, ""julich_probability_asset"": ""data/atlases/julich/v3.1/spatial_raw/probability_maps/"", ""julich_spatial_component_asset"": ""AREA_PFOP_IPL_RIGHT.nii.gz"", ""julich_spatial_component_id"": ""JULICH_BRAIN_CYTOARCHITECTONIC_ATLAS_V3_1_AREA_PFOP_IPL"", ""mapping_method_field"": ""spatial_overlap"", ""owner_scientific_review_status"": ""OWNER_SCIENTIFIC_REVIEWED"", ""phase"": ""G4_G3_MAPPING_CANDIDATE_STAGING_V1"", ""production_review_status"": ""pending"", ""relation_artifact"": ""g4_g3_final_relation_decisions.csv"", ""scientific_method"": ""Julich probability x Brainnetome probability + TemplateFlow nonlinear transform + probability-weighted overlap + hard-label auxiliary containment + owner scientific review"", ""semantic_compatibility_status"": null, ""source_canonical_g4_id"": ""NGIQ-BR-00000423"", ""source_coverage_ratio"": 0.3064575170202905, ""target_canonical_g3_id"": ""NGIQ-BR-00000154"", ""target_coverage_ratio"": 0.04314937905102827, ""transform_provenance"": ""data/atlases/templateflow_ref (MNI152NLin2009cAsym_from-MNI152NLin6Asym)""}"
G4G3-STAGE-38A4FA468CA84998A733,1102,NGIQ-BR-00000423,Area PFop (IPL) right,G4_MICROSTRUCTURAL_FINE,right,498,NGIQ-BR-00000166,"Right Postcentral gyrus, Brainnetome 4_2",G3_MESO_FINE,right,partial_overlap,spatial_overlap,0.215695,0.037706,,,False,proposed,pending,FALSE,FALSE,PARTIAL_OVERLAP,FINAL_MULTI_TARGET_PARTIAL_GATE_PASS,,,"{""brainnetome_probability_asset"": ""data/atlases/brainnetome/bna246/volume_raw/BNA_PM_4D.nii.gz"", ""decision_artifact"": ""g4_g3_final_scientific_decisions.csv"", ""decision_reason_code"": ""FINAL_MULTI_TARGET_PARTIAL_GATE_PASS"", ""evidence_2g_probability_overlap"": ""g4_g3_probability_overlap_summary.json"", ""evidence_2h_interpretation"": ""g4_g3_overlap_interpretation_profiles.csv"", ""evidence_2ia_policy"": ""g4_g3_scientific_decision_policy_v1.csv"", ""evidence_2ib_owner_revision"": ""g4_g3_owner_policy_revision_v1.csv"", ""evidence_2ic_final_decision"": ""g4_g3_final_scientific_decision_summary.json"", ""expert_approved"": false, ""final_scientific_policy"": ""G4_G3_FINAL_SCIENTIFIC_POLICY_V1"", ""human_reviewed"": false, ""julich_probability_asset"": ""data/atlases/julich/v3.1/spatial_raw/probability_maps/"", ""julich_spatial_component_asset"": ""AREA_PFOP_IPL_RIGHT.nii.gz"", ""julich_spatial_component_id"": ""JULICH_BRAIN_CYTOARCHITECTONIC_ATLAS_V3_1_AREA_PFOP_IPL"", ""mapping_method_field"": ""spatial_overlap"", ""owner_scientific_review_status"": ""OWNER_SCIENTIFIC_REVIEWED"", ""phase"": ""G4_G3_MAPPING_CANDIDATE_STAGING_V1"", ""production_review_status"": ""pending"", ""relation_artifact"": ""g4_g3_final_relation_decisions.csv"", ""scientific_method"": ""Julich probability x Brainnetome probability + TemplateFlow nonlinear transform + probability-weighted overlap + hard-label auxiliary containment + owner scientific review"", ""semantic_compatibility_status"": null, ""source_canonical_g4_id"": ""NGIQ-BR-00000423"", ""source_coverage_ratio"": 0.21569548522017545, ""target_canonical_g3_id"": ""NGIQ-BR-00000166"", ""target_coverage_ratio"": 0.0377057992378, ""transform_provenance"": ""data/atlases/templateflow_ref (MNI152NLin2009cAsym_from-MNI152NLin6Asym)""}"
G4G3-STAGE-E6BFA1B934EAE926851E,1102,NGIQ-BR-00000423,Area PFop (IPL) right,G4_MICROSTRUCTURAL_FINE,right,444,NGIQ-BR-00000148,"Right Inferior parietal lobule, Brainnetome 6_3",G3_MESO_FINE,right,partial_overlap,spatial_overlap,0.161967,0.033419,,,False,proposed,pending,FALSE,FALSE,PARTIAL_OVERLAP,FINAL_MULTI_TARGET_PARTIAL_GATE_PASS,,,"{""brainnetome_probability_asset"": ""data/atlases/brainnetome/bna246/volume_raw/BNA_PM_4D.nii.gz"", ""decision_artifact"": ""g4_g3_final_scientific_decisions.csv"", ""decision_reason_code"": ""FINAL_MULTI_TARGET_PARTIAL_GATE_PASS"", ""evidence_2g_probability_overlap"": ""g4_g3_probability_overlap_summary.json"", ""evidence_2h_interpretation"": ""g4_g3_overlap_interpretation_profiles.csv"", ""evidence_2ia_policy"": ""g4_g3_scientific_decision_policy_v1.csv"", ""evidence_2ib_owner_revision"": ""g4_g3_owner_policy_revision_v1.csv"", ""evidence_2ic_final_decision"": ""g4_g3_final_scientific_decision_summary.json"", ""expert_approved"": false, ""final_scientific_policy"": ""G4_G3_FINAL_SCIENTIFIC_POLICY_V1"", ""human_reviewed"": false, ""julich_probability_asset"": ""data/atlases/julich/v3.1/spatial_raw/probability_maps/"", ""julich_spatial_component_asset"": ""AREA_PFOP_IPL_RIGHT.nii.gz"", ""julich_spatial_component_id"": ""JULICH_BRAIN_CYTOARCHITECTONIC_ATLAS_V3_1_AREA_PFOP_IPL"", ""mapping_method_field"": ""spatial_overlap"", ""owner_scientific_review_status"": ""OWNER_SCIENTIFIC_REVIEWED"", ""phase"": ""G4_G3_MAPPING_CANDIDATE_STAGING_V1"", ""production_review_status"": ""pending"", ""relation_artifact"": ""g4_g3_final_relation_decisions.csv"", ""scientific_method"": ""Julich probability x Brainnetome probability + TemplateFlow nonlinear transform + probability-weighted overlap + hard-label auxiliary containment + owner scientific review"", ""semantic_compatibility_status"": null, ""source_canonical_g4_id"": ""NGIQ-BR-00000423"", ""source_coverage_ratio"": 0.16196704657925917, ""target_canonical_g3_id"": ""NGIQ-BR-00000148"", ""target_coverage_ratio"": 0.03341850258627855, ""transform_provenance"": ""data/atlases/templateflow_ref (MNI152NLin2009cAsym_from-MNI152NLin6Asym)""}"
G4G3-STAGE-6A450B3D54F65AF0EA2B,1105,NGIQ-BR-00000424,Area PFop (IPL) left,G4_MICROSTRUCTURAL_FINE,left,459,NGIQ-BR-00000153,"Left Inferior parietal lobule, Brainnetome 6_6",G3_MESO_FINE,left,dominant_overlap,spatial_overlap,0.521684,0.072601,,,False,proposed,pending,FALSE,FALSE,APPROVE_DOMINANT_OVERLAP,DOMINANT_CRITERIA_V1,,BOUNDARY_METRIC,"{""brainnetome_probability_asset"": ""data/atlases/brainnetome/bna246/volume_raw/BNA_PM_4D.nii.gz"", ""decision_artifact"": ""g4_g3_final_scientific_decisions.csv"", ""decision_reason_code"": ""DOMINANT_CRITERIA_V1"", ""evidence_2g_probability_overlap"": ""g4_g3_probability_overlap_summary.json"", ""evidence_2h_interpretation"": ""g4_g3_overlap_interpretation_profiles.csv"", ""evidence_2ia_policy"": ""g4_g3_scientific_decision_policy_v1.csv"", ""evidence_2ib_owner_revision"": ""g4_g3_owner_policy_revision_v1.csv"", ""evidence_2ic_final_decision"": ""g4_g3_final_scientific_decision_summary.json"", ""expert_approved"": false, ""final_scientific_policy"": ""G4_G3_FINAL_SCIENTIFIC_POLICY_V1"", ""human_reviewed"": false, ""julich_probability_asset"": ""data/atlases/julich/v3.1/spatial_raw/probability_maps/"", ""julich_spatial_component_asset"": ""AREA_PFOP_IPL_LEFT.nii.gz"", ""julich_spatial_component_id"": ""JULICH_BRAIN_CYTOARCHITECTONIC_ATLAS_V3_1_AREA_PFOP_IPL"", ""mapping_method_field"": ""spatial_overlap"", ""owner_scientific_review_status"": ""OWNER_SCIENTIFIC_REVIEWED"", ""phase"": ""G4_G3_MAPPING_CANDIDATE_STAGING_V1"", ""production_review_status"": ""pending"", ""relation_artifact"": ""g4_g3_final_relation_decisions.csv"", ""scientific_method"": ""Julich probability x Brainnetome probability + TemplateFlow nonlinear transform + probability-weighted overlap + hard-label auxiliary containment + owner scientific review"", ""semantic_compatibility_status"": null, ""source_canonical_g4_id"": ""NGIQ-BR-00000424"", ""source_coverage_ratio"": 0.5216840384945587, ""target_canonical_g3_id"": ""NGIQ-BR-00000153"", ""target_coverage_ratio"": 0.07260147464375412, ""transform_provenance"": ""data/atlases/templateflow_ref (MNI152NLin2009cAsym_from-MNI152NLin6Asym)""}"
G4G3-STAGE-464C6C4BA8765ABF280C,1108,NGIQ-BR-00000425,Area hPO1 (POS) right,G4_MICROSTRUCTURAL_FINE,right,636,NGIQ-BR-00000212,"Right Superior lateral occipital cortex, Brainnetome 2_1",G3_MESO_FINE,right,partial_overlap,spatial_overlap,0.338336,0.10545,,,False,proposed,pending,FALSE,FALSE,PARTIAL_OVERLAP,OWNER_CONFIRMED_PARTIAL,,,"{""brainnetome_probability_asset"": ""data/atlases/brainnetome/bna246/volume_raw/BNA_PM_4D.nii.gz"", ""decision_artifact"": ""g4_g3_final_scientific_decisions.csv"", ""decision_reason_code"": ""OWNER_CONFIRMED_PARTIAL"", ""evidence_2g_probability_overlap"": ""g4_g3_probability_overlap_summary.json"", ""evidence_2h_interpretation"": ""g4_g3_overlap_interpretation_profiles.csv"", ""evidence_2ia_policy"": ""g4_g3_scientific_decision_policy_v1.csv"", ""evidence_2ib_owner_revision"": ""g4_g3_owner_policy_revision_v1.csv"", ""evidence_2ic_final_decision"": ""g4_g3_final_scientific_decision_summary.json"", ""expert_approved"": false, ""final_scientific_policy"": ""G4_G3_FINAL_SCIENTIFIC_POLICY_V1"", ""human_reviewed"": false, ""julich_probability_asset"": ""data/atlases/julich/v3.1/spatial_raw/probability_maps/"", ""julich_spatial_component_asset"": ""AREA_HPO1_POS_RIGHT.nii.gz"", ""julich_spatial_component_id"": ""JULICH_BRAIN_CYTOARCHITECTONIC_ATLAS_V3_1_AREA_HPO1_POS"", ""mapping_method_field"": ""spatial_overlap"", ""owner_scientific_review_status"": ""OWNER_SCIENTIFIC_REVIEWED"", ""phase"": ""G4_G3_MAPPING_CANDIDATE_STAGING_V1"", ""production_review_status"": ""pending"", ""relation_artifact"": ""g4_g3_final_relation_decisions.csv"", ""scientific_method"": ""Julich probability x Brainnetome probability + TemplateFlow nonlinear transform + probability-weighted overlap + hard-label auxiliary containment + owner scientific review"", ""semantic_compatibility_status"": null, ""source_canonical_g4_id"": ""NGIQ-BR-00000425"", ""source_coverage_ratio"": 0.33833598256504027, ""target_canonical_g3_id"": ""NGIQ-BR-00000212"", ""target_coverage_ratio"": 0.10545024483548135, ""transform_provenance"": ""data/atlases/templateflow_ref (MNI152NLin2009cAsym_from-MNI152NLin6Asym)""}"
G4G3-STAGE-2CBBEDBD9A36BBD50CD8,1108,NGIQ-BR-00000425,Area hPO1 (POS) right,G4_MICROSTRUCTURAL_FINE,right,642,NGIQ-BR-00000214,"Right Superior lateral occipital cortex, Brainnetome 2_2",G3_MESO_FINE,right,partial_overlap,spatial_overlap,0.278543,0.086751,,,False,proposed,pending,FALSE,FALSE,PARTIAL_OVERLAP,OWNER_CONFIRMED_PARTIAL,,,"{""brainnetome_probability_asset"": ""data/atlases/brainnetome/bna246/volume_raw/BNA_PM_4D.nii.gz"", ""decision_artifact"": ""g4_g3_final_scientific_decisions.csv"", ""decision_reason_code"": ""OWNER_CONFIRMED_PARTIAL"", ""evidence_2g_probability_overlap"": ""g4_g3_probability_overlap_summary.json"", ""evidence_2h_interpretation"": ""g4_g3_overlap_interpretation_profiles.csv"", ""evidence_2ia_policy"": ""g4_g3_scientific_decision_policy_v1.csv"", ""evidence_2ib_owner_revision"": ""g4_g3_owner_policy_revision_v1.csv"", ""evidence_2ic_final_decision"": ""g4_g3_final_scientific_decision_summary.json"", ""expert_approved"": false, ""final_scientific_policy"": ""G4_G3_FINAL_SCIENTIFIC_POLICY_V1"", ""human_reviewed"": false, ""julich_probability_asset"": ""data/atlases/julich/v3.1/spatial_raw/probability_maps/"", ""julich_spatial_component_asset"": ""AREA_HPO1_POS_RIGHT.nii.gz"", ""julich_spatial_component_id"": ""JULICH_BRAIN_CYTOARCHITECTONIC_ATLAS_V3_1_AREA_HPO1_POS"", ""mapping_method_field"": ""spatial_overlap"", ""owner_scientific_review_status"": ""OWNER_SCIENTIFIC_REVIEWED"", ""phase"": ""G4_G3_MAPPING_CANDIDATE_STAGING_V1"", ""production_review_status"": ""pending"", ""relation_artifact"": ""g4_g3_final_relation_decisions.csv"", ""scientific_method"": ""Julich probability x Brainnetome probability + TemplateFlow nonlinear transform + probability-weighted overlap + hard-label auxiliary containment + owner scientific review"", ""semantic_compatibility_status"": null, ""source_canonical_g4_id"": ""NGIQ-BR-00000425"", ""source_coverage_ratio"": 0.2785433314369464, ""target_canonical_g3_id"": ""NGIQ-BR-00000214"", ""target_coverage_ratio"": 0.08675129321084674, ""transform_provenance"": ""data/atlases/templateflow_ref (MNI152NLin2009cAsym_from-MNI152NLin6Asym)""}"
G4G3-STAGE-897F74CE6FF675C5F02D,1108,NGIQ-BR-00000425,Area hPO1 (POS) right,G4_MICROSTRUCTURAL_FINE,right,480,NGIQ-BR-00000160,"Right Precuneus, Brainnetome 4_3",G3_MESO_FINE,right,partial_overlap,spatial_overlap,0.18116,0.036574,,,False,proposed,pending,FALSE,FALSE,PARTIAL_OVERLAP,OWNER_CONFIRMED_PARTIAL,,,"{""brainnetome_probability_asset"": ""data/atlases/brainnetome/bna246/volume_raw/BNA_PM_4D.nii.gz"", ""decision_artifact"": ""g4_g3_final_scientific_decisions.csv"", ""decision_reason_code"": ""OWNER_CONFIRMED_PARTIAL"", ""evidence_2g_probability_overlap"": ""g4_g3_probability_overlap_summary.json"", ""evidence_2h_interpretation"": ""g4_g3_overlap_interpretation_profiles.csv"", ""evidence_2ia_policy"": ""g4_g3_scientific_decision_policy_v1.csv"", ""evidence_2ib_owner_revision"": ""g4_g3_owner_policy_revision_v1.csv"", ""evidence_2ic_final_decision"": ""g4_g3_final_scientific_decision_summary.json"", ""expert_approved"": false, ""final_scientific_policy"": ""G4_G3_FINAL_SCIENTIFIC_POLICY_V1"", ""human_reviewed"": false, ""julich_probability_asset"": ""data/atlases/julich/v3.1/spatial_raw/probability_maps/"", ""julich_spatial_component_asset"": ""AREA_HPO1_POS_RIGHT.nii.gz"", ""julich_spatial_component_id"": ""JULICH_BRAIN_CYTOARCHITECTONIC_ATLAS_V3_1_AREA_HPO1_POS"", ""mapping_method_field"": ""spatial_overlap"", ""owner_scientific_review_status"": ""OWNER_SCIENTIFIC_REVIEWED"", ""phase"": ""G4_G3_MAPPING_CANDIDATE_STAGING_V1"", ""production_review_status"": ""pending"", ""relation_artifact"": ""g4_g3_final_relation_decisions.csv"", ""scientific_method"": ""Julich probability x Brainnetome probability + TemplateFlow nonlinear transform + probability-weighted overlap + hard-label auxiliary containment + owner scientific review"", ""semantic_compatibility_status"": null, ""source_canonical_g4_id"": ""NGIQ-BR-00000425"", ""source_coverage_ratio"": 0.18116045632291827, ""target_canonical_g3_id"": ""NGIQ-BR-00000160"", ""target_coverage_ratio"": 0.0365743713676487, ""transform_provenance"": ""data/atlases/templateflow_ref (MNI152NLin2009cAsym_from-MNI152NLin6Asym)""}"
G4G3-STAGE-5489A3088628EE06A0D1,1117,NGIQ-BR-00000428,Area hIP1 (IPS) left,G4_MICROSTRUCTURAL_FINE,left,435,NGIQ-BR-00000145,"Left Inferior parietal lobule, Brainnetome 6_2",G3_MESO_FINE,left,partial_overlap,spatial_overlap,0.333932,0.074096,,,False,proposed,pending,FALSE,FALSE,PARTIAL_OVERLAP,FINAL_MULTI_TARGET_PARTIAL_GATE_PASS,,,"{""brainnetome_probability_asset"": ""data/atlases/brainnetome/bna246/volume_raw/BNA_PM_4D.nii.gz"", ""decision_artifact"": ""g4_g3_final_scientific_decisions.csv"", ""decision_reason_code"": ""FINAL_MULTI_TARGET_PARTIAL_GATE_PASS"", ""evidence_2g_probability_overlap"": ""g4_g3_probability_overlap_summary.json"", ""evidence_2h_interpretation"": ""g4_g3_overlap_interpretation_profiles.csv"", ""evidence_2ia_policy"": ""g4_g3_scientific_decision_policy_v1.csv"", ""evidence_2ib_owner_revision"": ""g4_g3_owner_policy_revision_v1.csv"", ""evidence_2ic_final_decision"": ""g4_g3_final_scientific_decision_summary.json"", ""expert_approved"": false, ""final_scientific_policy"": ""G4_G3_FINAL_SCIENTIFIC_POLICY_V1"", ""human_reviewed"": false, ""julich_probability_asset"": ""data/atlases/julich/v3.1/spatial_raw/probability_maps/"", ""julich_spatial_component_asset"": ""AREA_HIP1_IPS_LEFT.nii.gz"", ""julich_spatial_component_id"": ""JULICH_BRAIN_CYTOARCHITECTONIC_ATLAS_V3_1_AREA_HIP1_IPS"", ""mapping_method_field"": ""spatial_overlap"", ""owner_scientific_review_status"": ""OWNER_SCIENTIFIC_REVIEWED"", ""phase"": ""G4_G3_MAPPING_CANDIDATE_STAGING_V1"", ""production_review_status"": ""pending"", ""relation_artifact"": ""g4_g3_final_relation_decisions.csv"", ""scientific_method"": ""Julich probability x Brainnetome probability + TemplateFlow nonlinear transform + probability-weighted overlap + hard-label auxiliary containment + owner scientific review"", ""semantic_compatibility_status"": null, ""source_canonical_g4_id"": ""NGIQ-BR-00000428"", ""source_coverage_ratio"": 0.33393166868908813, ""target_canonical_g3_id"": ""NGIQ-BR-00000145"", ""target_coverage_ratio"": 0.07409622459772802, ""transform_provenance"": ""data/atlases/templateflow_ref (MNI152NLin2009cAsym_from-MNI152NLin6Asym)""}"
G4G3-STAGE-A5C759E3735CCAA6D7AB,1117,NGIQ-BR-00000428,Area hIP1 (IPS) left,G4_MICROSTRUCTURAL_FINE,left,417,NGIQ-BR-00000139,"Left Superior parietal lobule, Brainnetome 5_3",G3_MESO_FINE,left,partial_overlap,spatial_overlap,0.239113,0.099122,,,False,proposed,pending,FALSE,FALSE,PARTIAL_OVERLAP,FINAL_MULTI_TARGET_PARTIAL_GATE_PASS,,,"{""brainnetome_probability_asset"": ""data/atlases/brainnetome/bna246/volume_raw/BNA_PM_4D.nii.gz"", ""decision_artifact"": ""g4_g3_final_scientific_decisions.csv"", ""decision_reason_code"": ""FINAL_MULTI_TARGET_PARTIAL_GATE_PASS"", ""evidence_2g_probability_overlap"": ""g4_g3_probability_overlap_summary.json"", ""evidence_2h_interpretation"": ""g4_g3_overlap_interpretation_profiles.csv"", ""evidence_2ia_policy"": ""g4_g3_scientific_decision_policy_v1.csv"", ""evidence_2ib_owner_revision"": ""g4_g3_owner_policy_revision_v1.csv"", ""evidence_2ic_final_decision"": ""g4_g3_final_scientific_decision_summary.json"", ""expert_approved"": false, ""final_scientific_policy"": ""G4_G3_FINAL_SCIENTIFIC_POLICY_V1"", ""human_reviewed"": false, ""julich_probability_asset"": ""data/atlases/julich/v3.1/spatial_raw/probability_maps/"", ""julich_spatial_component_asset"": ""AREA_HIP1_IPS_LEFT.nii.gz"", ""julich_spatial_component_id"": ""JULICH_BRAIN_CYTOARCHITECTONIC_ATLAS_V3_1_AREA_HIP1_IPS"", ""mapping_method_field"": ""spatial_overlap"", ""owner_scientific_review_status"": ""OWNER_SCIENTIFIC_REVIEWED"", ""phase"": ""G4_G3_MAPPING_CANDIDATE_STAGING_V1"", ""production_review_status"": ""pending"", ""relation_artifact"": ""g4_g3_final_relation_decisions.csv"", ""scientific_method"": ""Julich probability x Brainnetome probability + TemplateFlow nonlinear transform + probability-weighted overlap + hard-label auxiliary containment + owner scientific review"", ""semantic_compatibility_status"": null, ""source_canonical_g4_id"": ""NGIQ-BR-00000428"", ""source_coverage_ratio"": 0.23911340138336115, ""target_canonical_g3_id"": ""NGIQ-BR-00000139"", ""target_coverage_ratio"": 0.09912223079341513, ""transform_provenance"": ""data/atlases/templateflow_ref (MNI152NLin2009cAsym_from-MNI152NLin6Asym)""}"
G4G3-STAGE-73D6486BFE7920B35951,1117,NGIQ-BR-00000428,Area hIP1 (IPS) left,G4_MICROSTRUCTURAL_FINE,left,441,NGIQ-BR-00000147,"Left Inferior parietal lobule, Brainnetome 6_3",G3_MESO_FINE,left,partial_overlap,spatial_overlap,0.160717,0.051851,,,False,proposed,pending,FALSE,FALSE,PARTIAL_OVERLAP,FINAL_MULTI_TARGET_PARTIAL_GATE_PASS,,,"{""brainnetome_probability_asset"": ""data/atlases/brainnetome/bna246/volume_raw/BNA_PM_4D.nii.gz"", ""decision_artifact"": ""g4_g3_final_scientific_decisions.csv"", ""decision_reason_code"": ""FINAL_MULTI_TARGET_PARTIAL_GATE_PASS"", ""evidence_2g_probability_overlap"": ""g4_g3_probability_overlap_summary.json"", ""evidence_2h_interpretation"": ""g4_g3_overlap_interpretation_profiles.csv"", ""evidence_2ia_policy"": ""g4_g3_scientific_decision_policy_v1.csv"", ""evidence_2ib_owner_revision"": ""g4_g3_owner_policy_revision_v1.csv"", ""evidence_2ic_final_decision"": ""g4_g3_final_scientific_decision_summary.json"", ""expert_approved"": false, ""final_scientific_policy"": ""G4_G3_FINAL_SCIENTIFIC_POLICY_V1"", ""human_reviewed"": false, ""julich_probability_asset"": ""data/atlases/julich/v3.1/spatial_raw/probability_maps/"", ""julich_spatial_component_asset"": ""AREA_HIP1_IPS_LEFT.nii.gz"", ""julich_spatial_component_id"": ""JULICH_BRAIN_CYTOARCHITECTONIC_ATLAS_V3_1_AREA_HIP1_IPS"", ""mapping_method_field"": ""spatial_overlap"", ""owner_scientific_review_status"": ""OWNER_SCIENTIFIC_REVIEWED"", ""phase"": ""G4_G3_MAPPING_CANDIDATE_STAGING_V1"", ""production_review_status"": ""pending"", ""relation_artifact"": ""g4_g3_final_relation_decisions.csv"", ""scientific_method"": ""Julich probability x Brainnetome probability + TemplateFlow nonlinear transform + probability-weighted overlap + hard-label auxiliary containment + owner scientific review"", ""semantic_compatibility_status"": null, ""source_canonical_g4_id"": ""NGIQ-BR-00000428"", ""source_coverage_ratio"": 0.1607169109648017, ""target_canonical_g3_id"": ""NGIQ-BR-00000147"", ""target_coverage_ratio"": 0.0518507120022869, ""transform_provenance"": ""data/atlases/templateflow_ref (MNI152NLin2009cAsym_from-MNI152NLin6Asym)""}"
G4G3-STAGE-98EDAFA5DB653D977B9C,1120,NGIQ-BR-00000429,Area hIP7 (IPS) right,G4_MICROSTRUCTURAL_FINE,right,642,NGIQ-BR-00000214,"Right Superior lateral occipital cortex, Brainnetome 2_2",G3_MESO_FINE,right,dominant_overlap,spatial_overlap,0.507261,0.152478,,,False,proposed,pending,FALSE,FALSE,APPROVE_DOMINANT_OVERLAP,DOMINANT_CRITERIA_V1,,BOUNDARY_METRIC,"{""brainnetome_probability_asset"": ""data/atlases/brainnetome/bna246/volume_raw/BNA_PM_4D.nii.gz"", ""decision_artifact"": ""g4_g3_final_scientific_decisions.csv"", ""decision_reason_code"": ""DOMINANT_CRITERIA_V1"", ""evidence_2g_probability_overlap"": ""g4_g3_probability_overlap_summary.json"", ""evidence_2h_interpretation"": ""g4_g3_overlap_interpretation_profiles.csv"", ""evidence_2ia_policy"": ""g4_g3_scientific_decision_policy_v1.csv"", ""evidence_2ib_owner_revision"": ""g4_g3_owner_policy_revision_v1.csv"", ""evidence_2ic_final_decision"": ""g4_g3_final_scientific_decision_summary.json"", ""expert_approved"": false, ""final_scientific_policy"": ""G4_G3_FINAL_SCIENTIFIC_POLICY_V1"", ""human_reviewed"": false, ""julich_probability_asset"": ""data/atlases/julich/v3.1/spatial_raw/probability_maps/"", ""julich_spatial_component_asset"": ""AREA_HIP7_IPS_RIGHT.nii.gz"", ""julich_spatial_component_id"": ""JULICH_BRAIN_CYTOARCHITECTONIC_ATLAS_V3_1_AREA_HIP7_IPS"", ""mapping_method_field"": ""spatial_overlap"", ""owner_scientific_review_status"": ""OWNER_SCIENTIFIC_REVIEWED"", ""phase"": ""G4_G3_MAPPING_CANDIDATE_STAGING_V1"", ""production_review_status"": ""pending"", ""relation_artifact"": ""g4_g3_final_relation_decisions.csv"", ""scientific_method"": ""Julich probability x Brainnetome probability + TemplateFlow nonlinear transform + probability-weighted overlap + hard-label auxiliary containment + owner scientific review"", ""semantic_compatibility_status"": null, ""source_canonical_g4_id"": ""NGIQ-BR-00000429"", ""source_coverage_ratio"": 0.5072609207776282, ""target_canonical_g3_id"": ""NGIQ-BR-00000214"", ""target_coverage_ratio"": 0.15247819738722387, ""transform_provenance"": ""data/atlases/templateflow_ref (MNI152NLin2009cAsym_from-MNI152NLin6Asym)""}"
G4G3-STAGE-068955D7A04134163514,1123,NGIQ-BR-00000430,Area hIP7 (IPS) left,G4_MICROSTRUCTURAL_FINE,left,639,NGIQ-BR-00000213,"Left Superior lateral occipital cortex, Brainnetome 2_2",G3_MESO_FINE,left,dominant_overlap,spatial_overlap,0.573723,0.104135,,,False,proposed,pending,FALSE,FALSE,APPROVE_DOMINANT_OVERLAP,DOMINANT_CRITERIA_V1,,,"{""brainnetome_probability_asset"": ""data/atlases/brainnetome/bna246/volume_raw/BNA_PM_4D.nii.gz"", ""decision_artifact"": ""g4_g3_final_scientific_decisions.csv"", ""decision_reason_code"": ""DOMINANT_CRITERIA_V1"", ""evidence_2g_probability_overlap"": ""g4_g3_probability_overlap_summary.json"", ""evidence_2h_interpretation"": ""g4_g3_overlap_interpretation_profiles.csv"", ""evidence_2ia_policy"": ""g4_g3_scientific_decision_policy_v1.csv"", ""evidence_2ib_owner_revision"": ""g4_g3_owner_policy_revision_v1.csv"", ""evidence_2ic_final_decision"": ""g4_g3_final_scientific_decision_summary.json"", ""expert_approved"": false, ""final_scientific_policy"": ""G4_G3_FINAL_SCIENTIFIC_POLICY_V1"", ""human_reviewed"": false, ""julich_probability_asset"": ""data/atlases/julich/v3.1/spatial_raw/probability_maps/"", ""julich_spatial_component_asset"": ""AREA_HIP7_IPS_LEFT.nii.gz"", ""julich_spatial_component_id"": ""JULICH_BRAIN_CYTOARCHITECTONIC_ATLAS_V3_1_AREA_HIP7_IPS"", ""mapping_method_field"": ""spatial_overlap"", ""owner_scientific_review_status"": ""OWNER_SCIENTIFIC_REVIEWED"", ""phase"": ""G4_G3_MAPPING_CANDIDATE_STAGING_V1"", ""production_review_status"": ""pending"", ""relation_artifact"": ""g4_g3_final_relation_decisions.csv"", ""scientific_method"": ""Julich probability x Brainnetome probability + TemplateFlow nonlinear transform + probability-weighted overlap + hard-label auxiliary containment + owner scientific review"", ""semantic_compatibility_status"": null, ""source_canonical_g4_id"": ""NGIQ-BR-00000430"", ""source_coverage_ratio"": 0.5737227299167075, ""target_canonical_g3_id"": ""NGIQ-BR-00000213"", ""target_coverage_ratio"": 0.10413538412138734, ""transform_provenance"": ""data/atlases/templateflow_ref (MNI152NLin2009cAsym_from-MNI152NLin6Asym)""}"
G4G3-STAGE-1D2BC6E4039F1F60B40C,1126,NGIQ-BR-00000431,Area hIP3 (IPS) right,G4_MICROSTRUCTURAL_FINE,right,420,NGIQ-BR-00000140,"Right Superior parietal lobule, Brainnetome 5_3",G3_MESO_FINE,right,partial_overlap,spatial_overlap,0.281568,0.207851,,,False,proposed,pending,FALSE,FALSE,PARTIAL_OVERLAP,FINAL_MULTI_TARGET_PARTIAL_GATE_PASS,,,"{""brainnetome_probability_asset"": ""data/atlases/brainnetome/bna246/volume_raw/BNA_PM_4D.nii.gz"", ""decision_artifact"": ""g4_g3_final_scientific_decisions.csv"", ""decision_reason_code"": ""FINAL_MULTI_TARGET_PARTIAL_GATE_PASS"", ""evidence_2g_probability_overlap"": ""g4_g3_probability_overlap_summary.json"", ""evidence_2h_interpretation"": ""g4_g3_overlap_interpretation_profiles.csv"", ""evidence_2ia_policy"": ""g4_g3_scientific_decision_policy_v1.csv"", ""evidence_2ib_owner_revision"": ""g4_g3_owner_policy_revision_v1.csv"", ""evidence_2ic_final_decision"": ""g4_g3_final_scientific_decision_summary.json"", ""expert_approved"": false, ""final_scientific_policy"": ""G4_G3_FINAL_SCIENTIFIC_POLICY_V1"", ""human_reviewed"": false, ""julich_probability_asset"": ""data/atlases/julich/v3.1/spatial_raw/probability_maps/"", ""julich_spatial_component_asset"": ""AREA_HIP3_IPS_RIGHT.nii.gz"", ""julich_spatial_component_id"": ""JULICH_BRAIN_CYTOARCHITECTONIC_ATLAS_V3_1_AREA_HIP3_IPS"", ""mapping_method_field"": ""spatial_overlap"", ""owner_scientific_review_status"": ""OWNER_SCIENTIFIC_REVIEWED"", ""phase"": ""G4_G3_MAPPING_CANDIDATE_STAGING_V1"", ""production_review_status"": ""pending"", ""relation_artifact"": ""g4_g3_final_relation_decisions.csv"", ""scientific_method"": ""Julich probability x Brainnetome probability + TemplateFlow nonlinear transform + probability-weighted overlap + hard-label auxiliary containment + owner scientific review"", ""semantic_compatibility_status"": null, ""source_canonical_g4_id"": ""NGIQ-BR-00000431"", ""source_coverage_ratio"": 0.28156755861282484, ""target_canonical_g3_id"": ""NGIQ-BR-00000140"", ""target_coverage_ratio"": 0.20785077546285582, ""transform_provenance"": ""data/atlases/templateflow_ref (MNI152NLin2009cAsym_from-MNI152NLin6Asym)""}"
G4G3-STAGE-E4F0DF3CB621896A743C,1126,NGIQ-BR-00000431,Area hIP3 (IPS) right,G4_MICROSTRUCTURAL_FINE,right,432,NGIQ-BR-00000144,"Right Superior parietal lobule, Brainnetome 5_5",G3_MESO_FINE,right,partial_overlap,spatial_overlap,0.248629,0.171046,,,False,proposed,pending,FALSE,FALSE,PARTIAL_OVERLAP,FINAL_MULTI_TARGET_PARTIAL_GATE_PASS,,,"{""brainnetome_probability_asset"": ""data/atlases/brainnetome/bna246/volume_raw/BNA_PM_4D.nii.gz"", ""decision_artifact"": ""g4_g3_final_scientific_decisions.csv"", ""decision_reason_code"": ""FINAL_MULTI_TARGET_PARTIAL_GATE_PASS"", ""evidence_2g_probability_overlap"": ""g4_g3_probability_overlap_summary.json"", ""evidence_2h_interpretation"": ""g4_g3_overlap_interpretation_profiles.csv"", ""evidence_2ia_policy"": ""g4_g3_scientific_decision_policy_v1.csv"", ""evidence_2ib_owner_revision"": ""g4_g3_owner_policy_revision_v1.csv"", ""evidence_2ic_final_decision"": ""g4_g3_final_scientific_decision_summary.json"", ""expert_approved"": false, ""final_scientific_policy"": ""G4_G3_FINAL_SCIENTIFIC_POLICY_V1"", ""human_reviewed"": false, ""julich_probability_asset"": ""data/atlases/julich/v3.1/spatial_raw/probability_maps/"", ""julich_spatial_component_asset"": ""AREA_HIP3_IPS_RIGHT.nii.gz"", ""julich_spatial_component_id"": ""JULICH_BRAIN_CYTOARCHITECTONIC_ATLAS_V3_1_AREA_HIP3_IPS"", ""mapping_method_field"": ""spatial_overlap"", ""owner_scientific_review_status"": ""OWNER_SCIENTIFIC_REVIEWED"", ""phase"": ""G4_G3_MAPPING_CANDIDATE_STAGING_V1"", ""production_review_status"": ""pending"", ""relation_artifact"": ""g4_g3_final_relation_decisions.csv"", ""scientific_method"": ""Julich probability x Brainnetome probability + TemplateFlow nonlinear transform + probability-weighted overlap + hard-label auxiliary containment + owner scientific review"", ""semantic_compatibility_status"": null, ""source_canonical_g4_id"": ""NGIQ-BR-00000431"", ""source_coverage_ratio"": 0.24862903585148433, ""target_canonical_g3_id"": ""NGIQ-BR-00000144"", ""target_coverage_ratio"": 0.171046205859716, ""transform_provenance"": ""data/atlases/templateflow_ref (MNI152NLin2009cAsym_from-MNI152NLin6Asym)""}"
G4G3-STAGE-639B7C6DD52458E6EE5D,1126,NGIQ-BR-00000431,Area hIP3 (IPS) right,G4_MICROSTRUCTURAL_FINE,right,444,NGIQ-BR-00000148,"Right Inferior parietal lobule, Brainnetome 6_3",G3_MESO_FINE,right,partial_overlap,spatial_overlap,0.22579,0.025681,,,False,proposed,pending,FALSE,FALSE,PARTIAL_OVERLAP,FINAL_MULTI_TARGET_PARTIAL_GATE_PASS,,,"{""brainnetome_probability_asset"": ""data/atlases/brainnetome/bna246/volume_raw/BNA_PM_4D.nii.gz"", ""decision_artifact"": ""g4_g3_final_scientific_decisions.csv"", ""decision_reason_code"": ""FINAL_MULTI_TARGET_PARTIAL_GATE_PASS"", ""evidence_2g_probability_overlap"": ""g4_g3_probability_overlap_summary.json"", ""evidence_2h_interpretation"": ""g4_g3_overlap_interpretation_profiles.csv"", ""evidence_2ia_policy"": ""g4_g3_scientific_decision_policy_v1.csv"", ""evidence_2ib_owner_revision"": ""g4_g3_owner_policy_revision_v1.csv"", ""evidence_2ic_final_decision"": ""g4_g3_final_scientific_decision_summary.json"", ""expert_approved"": false, ""final_scientific_policy"": ""G4_G3_FINAL_SCIENTIFIC_POLICY_V1"", ""human_reviewed"": false, ""julich_probability_asset"": ""data/atlases/julich/v3.1/spatial_raw/probability_maps/"", ""julich_spatial_component_asset"": ""AREA_HIP3_IPS_RIGHT.nii.gz"", ""julich_spatial_component_id"": ""JULICH_BRAIN_CYTOARCHITECTONIC_ATLAS_V3_1_AREA_HIP3_IPS"", ""mapping_method_field"": ""spatial_overlap"", ""owner_scientific_review_status"": ""OWNER_SCIENTIFIC_REVIEWED"", ""phase"": ""G4_G3_MAPPING_CANDIDATE_STAGING_V1"", ""production_review_status"": ""pending"", ""relation_artifact"": ""g4_g3_final_relation_decisions.csv"", ""scientific_method"": ""Julich probability x Brainnetome probability + TemplateFlow nonlinear transform + probability-weighted overlap + hard-label auxiliary containment + owner scientific review"", ""semantic_compatibility_status"": null, ""source_canonical_g4_id"": ""NGIQ-BR-00000431"", ""source_coverage_ratio"": 0.22578970961637168, ""target_canonical_g3_id"": ""NGIQ-BR-00000148"", ""target_coverage_ratio"": 0.02568053864629436, ""transform_provenance"": ""data/atlases/templateflow_ref (MNI152NLin2009cAsym_from-MNI152NLin6Asym)""}"
G4G3-STAGE-8E0C582AADF1545C3D84,1129,NGIQ-BR-00000432,Area hIP3 (IPS) left,G4_MICROSTRUCTURAL_FINE,left,417,NGIQ-BR-00000139,"Left Superior parietal lobule, Brainnetome 5_3",G3_MESO_FINE,left,partial_overlap,spatial_overlap,0.375087,0.216803,,,False,proposed,pending,FALSE,FALSE,PARTIAL_OVERLAP,OWNER_CONFIRMED_PARTIAL,,,"{""brainnetome_probability_asset"": ""data/atlases/brainnetome/bna246/volume_raw/BNA_PM_4D.nii.gz"", ""decision_artifact"": ""g4_g3_final_scientific_decisions.csv"", ""decision_reason_code"": ""OWNER_CONFIRMED_PARTIAL"", ""evidence_2g_probability_overlap"": ""g4_g3_probability_overlap_summary.json"", ""evidence_2h_interpretation"": ""g4_g3_overlap_interpretation_profiles.csv"", ""evidence_2ia_policy"": ""g4_g3_scientific_decision_policy_v1.csv"", ""evidence_2ib_owner_revision"": ""g4_g3_owner_policy_revision_v1.csv"", ""evidence_2ic_final_decision"": ""g4_g3_final_scientific_decision_summary.json"", ""expert_approved"": false, ""final_scientific_policy"": ""G4_G3_FINAL_SCIENTIFIC_POLICY_V1"", ""human_reviewed"": false, ""julich_probability_asset"": ""data/atlases/julich/v3.1/spatial_raw/probability_maps/"", ""julich_spatial_component_asset"": ""AREA_HIP3_IPS_LEFT.nii.gz"", ""julich_spatial_component_id"": ""JULICH_BRAIN_CYTOARCHITECTONIC_ATLAS_V3_1_AREA_HIP3_IPS"", ""mapping_method_field"": ""spatial_overlap"", ""owner_scientific_review_status"": ""OWNER_SCIENTIFIC_REVIEWED"", ""phase"": ""G4_G3_MAPPING_CANDIDATE_STAGING_V1"", ""production_review_status"": ""pending"", ""relation_artifact"": ""g4_g3_final_relation_decisions.csv"", ""scientific_method"": ""Julich probability x Brainnetome probability + TemplateFlow nonlinear transform + probability-weighted overlap + hard-label auxiliary containment + owner scientific review"", ""semantic_compatibility_status"": null, ""source_canonical_g4_id"": ""NGIQ-BR-00000432"", ""source_coverage_ratio"": 0.37508661200263577, ""target_canonical_g3_id"": ""NGIQ-BR-00000139"", ""target_coverage_ratio"": 0.2168033762557091, ""transform_provenance"": ""data/atlases/templateflow_ref (MNI152NLin2009cAsym_from-MNI152NLin6Asym)""}"
G4G3-STAGE-C00C7F419DB9364292C5,1129,NGIQ-BR-00000432,Area hIP3 (IPS) left,G4_MICROSTRUCTURAL_FINE,left,429,NGIQ-BR-00000143,"Left Superior parietal lobule, Brainnetome 5_5",G3_MESO_FINE,left,partial_overlap,spatial_overlap,0.241949,0.123906,,,False,proposed,pending,FALSE,FALSE,PARTIAL_OVERLAP,OWNER_CONFIRMED_PARTIAL,,,"{""brainnetome_probability_asset"": ""data/atlases/brainnetome/bna246/volume_raw/BNA_PM_4D.nii.gz"", ""decision_artifact"": ""g4_g3_final_scientific_decisions.csv"", ""decision_reason_code"": ""OWNER_CONFIRMED_PARTIAL"", ""evidence_2g_probability_overlap"": ""g4_g3_probability_overlap_summary.json"", ""evidence_2h_interpretation"": ""g4_g3_overlap_interpretation_profiles.csv"", ""evidence_2ia_policy"": ""g4_g3_scientific_decision_policy_v1.csv"", ""evidence_2ib_owner_revision"": ""g4_g3_owner_policy_revision_v1.csv"", ""evidence_2ic_final_decision"": ""g4_g3_final_scientific_decision_summary.json"", ""expert_approved"": false, ""final_scientific_policy"": ""G4_G3_FINAL_SCIENTIFIC_POLICY_V1"", ""human_reviewed"": false, ""julich_probability_asset"": ""data/atlases/julich/v3.1/spatial_raw/probability_maps/"", ""julich_spatial_component_asset"": ""AREA_HIP3_IPS_LEFT.nii.gz"", ""julich_spatial_component_id"": ""JULICH_BRAIN_CYTOARCHITECTONIC_ATLAS_V3_1_AREA_HIP3_IPS"", ""mapping_method_field"": ""spatial_overlap"", ""owner_scientific_review_status"": ""OWNER_SCIENTIFIC_REVIEWED"", ""phase"": ""G4_G3_MAPPING_CANDIDATE_STAGING_V1"", ""production_review_status"": ""pending"", ""relation_artifact"": ""g4_g3_final_relation_decisions.csv"", ""scientific_method"": ""Julich probability x Brainnetome probability + TemplateFlow nonlinear transform + probability-weighted overlap + hard-label auxiliary containment + owner scientific review"", ""semantic_compatibility_status"": null, ""source_canonical_g4_id"": ""NGIQ-BR-00000432"", ""source_coverage_ratio"": 0.2419487688162467, ""target_canonical_g3_id"": ""NGIQ-BR-00000143"", ""target_coverage_ratio"": 0.12390602247763181, ""transform_provenance"": ""data/atlases/templateflow_ref (MNI152NLin2009cAsym_from-MNI152NLin6Asym)""}"
G4G3-STAGE-FB3D9FDEC6A167621765,1132,NGIQ-BR-00000433,Area hIP2 (IPS) right,G4_MICROSTRUCTURAL_FINE,right,444,NGIQ-BR-00000148,"Right Inferior parietal lobule, Brainnetome 6_3",G3_MESO_FINE,right,dominant_overlap,spatial_overlap,0.766389,0.07351,,,False,proposed,pending,FALSE,FALSE,APPROVE_DOMINANT_OVERLAP,DOMINANT_CRITERIA_V1,,,"{""brainnetome_probability_asset"": ""data/atlases/brainnetome/bna246/volume_raw/BNA_PM_4D.nii.gz"", ""decision_artifact"": ""g4_g3_final_scientific_decisions.csv"", ""decision_reason_code"": ""DOMINANT_CRITERIA_V1"", ""evidence_2g_probability_overlap"": ""g4_g3_probability_overlap_summary.json"", ""evidence_2h_interpretation"": ""g4_g3_overlap_interpretation_profiles.csv"", ""evidence_2ia_policy"": ""g4_g3_scientific_decision_policy_v1.csv"", ""evidence_2ib_owner_revision"": ""g4_g3_owner_policy_revision_v1.csv"", ""evidence_2ic_final_decision"": ""g4_g3_final_scientific_decision_summary.json"", ""expert_approved"": false, ""final_scientific_policy"": ""G4_G3_FINAL_SCIENTIFIC_POLICY_V1"", ""human_reviewed"": false, ""julich_probability_asset"": ""data/atlases/julich/v3.1/spatial_raw/probability_maps/"", ""julich_spatial_component_asset"": ""AREA_HIP2_IPS_RIGHT.nii.gz"", ""julich_spatial_component_id"": ""JULICH_BRAIN_CYTOARCHITECTONIC_ATLAS_V3_1_AREA_HIP2_IPS"", ""mapping_method_field"": ""spatial_overlap"", ""owner_scientific_review_status"": ""OWNER_SCIENTIFIC_REVIEWED"", ""phase"": ""G4_G3_MAPPING_CANDIDATE_STAGING_V1"", ""production_review_status"": ""pending"", ""relation_artifact"": ""g4_g3_final_relation_decisions.csv"", ""scientific_method"": ""Julich probability x Brainnetome probability + TemplateFlow nonlinear transform + probability-weighted overlap + hard-label auxiliary containment + owner scientific review"", ""semantic_compatibility_status"": null, ""source_canonical_g4_id"": ""NGIQ-BR-00000433"", ""source_coverage_ratio"": 0.7663894964085003, ""target_canonical_g3_id"": ""NGIQ-BR-00000148"", ""target_coverage_ratio"": 0.07350953004967022, ""transform_provenance"": ""data/atlases/templateflow_ref (MNI152NLin2009cAsym_from-MNI152NLin6Asym)""}"
G4G3-STAGE-8F008CB3DD4F7A3F7075,1135,NGIQ-BR-00000434,Area hIP2 (IPS) left,G4_MICROSTRUCTURAL_FINE,left,441,NGIQ-BR-00000147,"Left Inferior parietal lobule, Brainnetome 6_3",G3_MESO_FINE,left,dominant_overlap,spatial_overlap,0.629168,0.090906,,,False,proposed,pending,FALSE,FALSE,APPROVE_DOMINANT_OVERLAP,DOMINANT_CRITERIA_V1,,,"{""brainnetome_probability_asset"": ""data/atlases/brainnetome/bna246/volume_raw/BNA_PM_4D.nii.gz"", ""decision_artifact"": ""g4_g3_final_scientific_decisions.csv"", ""decision_reason_code"": ""DOMINANT_CRITERIA_V1"", ""evidence_2g_probability_overlap"": ""g4_g3_probability_overlap_summary.json"", ""evidence_2h_interpretation"": ""g4_g3_overlap_interpretation_profiles.csv"", ""evidence_2ia_policy"": ""g4_g3_scientific_decision_policy_v1.csv"", ""evidence_2ib_owner_revision"": ""g4_g3_owner_policy_revision_v1.csv"", ""evidence_2ic_final_decision"": ""g4_g3_final_scientific_decision_summary.json"", ""expert_approved"": false, ""final_scientific_policy"": ""G4_G3_FINAL_SCIENTIFIC_POLICY_V1"", ""human_reviewed"": false, ""julich_probability_asset"": ""data/atlases/julich/v3.1/spatial_raw/probability_maps/"", ""julich_spatial_component_asset"": ""AREA_HIP2_IPS_LEFT.nii.gz"", ""julich_spatial_component_id"": ""JULICH_BRAIN_CYTOARCHITECTONIC_ATLAS_V3_1_AREA_HIP2_IPS"", ""mapping_method_field"": ""spatial_overlap"", ""owner_scientific_review_status"": ""OWNER_SCIENTIFIC_REVIEWED"", ""phase"": ""G4_G3_MAPPING_CANDIDATE_STAGING_V1"", ""production_review_status"": ""pending"", ""relation_artifact"": ""g4_g3_final_relation_decisions.csv"", ""scientific_method"": ""Julich probability x Brainnetome probability + TemplateFlow nonlinear transform + probability-weighted overlap + hard-label auxiliary containment + owner scientific review"", ""semantic_compatibility_status"": null, ""source_canonical_g4_id"": ""NGIQ-BR-00000434"", ""source_coverage_ratio"": 0.6291678863841306, ""target_canonical_g3_id"": ""NGIQ-BR-00000147"", ""target_coverage_ratio"": 0.09090586830387798, ""transform_provenance"": ""data/atlases/templateflow_ref (MNI152NLin2009cAsym_from-MNI152NLin6Asym)""}"
G4G3-STAGE-CAA28FAFAA5989A572C6,1138,NGIQ-BR-00000435,Area hIP4 (IPS) right,G4_MICROSTRUCTURAL_FINE,right,36,NGIQ-BR-00000012,"Right Inferior parietal lobule, Brainnetome 6_1",G3_MESO_FINE,right,dominant_overlap,spatial_overlap,0.570972,0.064988,,,False,proposed,pending,FALSE,FALSE,APPROVE_DOMINANT_OVERLAP,DOMINANT_CRITERIA_V1,,,"{""brainnetome_probability_asset"": ""data/atlases/brainnetome/bna246/volume_raw/BNA_PM_4D.nii.gz"", ""decision_artifact"": ""g4_g3_final_scientific_decisions.csv"", ""decision_reason_code"": ""DOMINANT_CRITERIA_V1"", ""evidence_2g_probability_overlap"": ""g4_g3_probability_overlap_summary.json"", ""evidence_2h_interpretation"": ""g4_g3_overlap_interpretation_profiles.csv"", ""evidence_2ia_policy"": ""g4_g3_scientific_decision_policy_v1.csv"", ""evidence_2ib_owner_revision"": ""g4_g3_owner_policy_revision_v1.csv"", ""evidence_2ic_final_decision"": ""g4_g3_final_scientific_decision_summary.json"", ""expert_approved"": false, ""final_scientific_policy"": ""G4_G3_FINAL_SCIENTIFIC_POLICY_V1"", ""human_reviewed"": false, ""julich_probability_asset"": ""data/atlases/julich/v3.1/spatial_raw/probability_maps/"", ""julich_spatial_component_asset"": ""AREA_HIP4_IPS_RIGHT.nii.gz"", ""julich_spatial_component_id"": ""JULICH_BRAIN_CYTOARCHITECTONIC_ATLAS_V3_1_AREA_HIP4_IPS"", ""mapping_method_field"": ""spatial_overlap"", ""owner_scientific_review_status"": ""OWNER_SCIENTIFIC_REVIEWED"", ""phase"": ""G4_G3_MAPPING_CANDIDATE_STAGING_V1"", ""production_review_status"": ""pending"", ""relation_artifact"": ""g4_g3_final_relation_decisions.csv"", ""scientific_method"": ""Julich probability x Brainnetome probability + TemplateFlow nonlinear transform + probability-weighted overlap + hard-label auxiliary containment + owner scientific review"", ""semantic_compatibility_status"": null, ""source_canonical_g4_id"": ""NGIQ-BR-00000435"", ""source_coverage_ratio"": 0.5709721039425232, ""target_canonical_g3_id"": ""NGIQ-BR-00000012"", ""target_coverage_ratio"": 0.06498809963306576, ""transform_provenance"": ""data/atlases/templateflow_ref (MNI152NLin2009cAsym_from-MNI152NLin6Asym)""}"
G4G3-STAGE-B3E7BDEF051C7FE9F78B,1141,NGIQ-BR-00000436,Area hIP4 (IPS) left,G4_MICROSTRUCTURAL_FINE,left,33,NGIQ-BR-00000011,"Left Inferior parietal lobule, Brainnetome 6_1",G3_MESO_FINE,left,dominant_overlap,spatial_overlap,0.519572,0.0752,,,False,proposed,pending,FALSE,FALSE,APPROVE_DOMINANT_OVERLAP,DOMINANT_CRITERIA_V1,,BOUNDARY_METRIC,"{""brainnetome_probability_asset"": ""data/atlases/brainnetome/bna246/volume_raw/BNA_PM_4D.nii.gz"", ""decision_artifact"": ""g4_g3_final_scientific_decisions.csv"", ""decision_reason_code"": ""DOMINANT_CRITERIA_V1"", ""evidence_2g_probability_overlap"": ""g4_g3_probability_overlap_summary.json"", ""evidence_2h_interpretation"": ""g4_g3_overlap_interpretation_profiles.csv"", ""evidence_2ia_policy"": ""g4_g3_scientific_decision_policy_v1.csv"", ""evidence_2ib_owner_revision"": ""g4_g3_owner_policy_revision_v1.csv"", ""evidence_2ic_final_decision"": ""g4_g3_final_scientific_decision_summary.json"", ""expert_approved"": false, ""final_scientific_policy"": ""G4_G3_FINAL_SCIENTIFIC_POLICY_V1"", ""human_reviewed"": false, ""julich_probability_asset"": ""data/atlases/julich/v3.1/spatial_raw/probability_maps/"", ""julich_spatial_component_asset"": ""AREA_HIP4_IPS_LEFT.nii.gz"", ""julich_spatial_component_id"": ""JULICH_BRAIN_CYTOARCHITECTONIC_ATLAS_V3_1_AREA_HIP4_IPS"", ""mapping_method_field"": ""spatial_overlap"", ""owner_scientific_review_status"": ""OWNER_SCIENTIFIC_REVIEWED"", ""phase"": ""G4_G3_MAPPING_CANDIDATE_STAGING_V1"", ""production_review_status"": ""pending"", ""relation_artifact"": ""g4_g3_final_relation_decisions.csv"", ""scientific_method"": ""Julich probability x Brainnetome probability + TemplateFlow nonlinear transform + probability-weighted overlap + hard-label auxiliary containment + owner scientific review"", ""semantic_compatibility_status"": null, ""source_canonical_g4_id"": ""NGIQ-BR-00000436"", ""source_coverage_ratio"": 0.5195716315968036, ""target_canonical_g3_id"": ""NGIQ-BR-00000011"", ""target_coverage_ratio"": 0.07519994428783994, ""transform_provenance"": ""data/atlases/templateflow_ref (MNI152NLin2009cAsym_from-MNI152NLin6Asym)""}"
G4G3-STAGE-82D79F1E876C743B7533,1144,NGIQ-BR-00000437,Area hIP5 (IPS) right,G4_MICROSTRUCTURAL_FINE,right,438,NGIQ-BR-00000146,"Right Inferior parietal lobule, Brainnetome 6_2",G3_MESO_FINE,right,partial_overlap,spatial_overlap,0.397059,0.066477,,,False,proposed,pending,FALSE,FALSE,PARTIAL_OVERLAP,OWNER_CONFIRMED_PARTIAL,,,"{""brainnetome_probability_asset"": ""data/atlases/brainnetome/bna246/volume_raw/BNA_PM_4D.nii.gz"", ""decision_artifact"": ""g4_g3_final_scientific_decisions.csv"", ""decision_reason_code"": ""OWNER_CONFIRMED_PARTIAL"", ""evidence_2g_probability_overlap"": ""g4_g3_probability_overlap_summary.json"", ""evidence_2h_interpretation"": ""g4_g3_overlap_interpretation_profiles.csv"", ""evidence_2ia_policy"": ""g4_g3_scientific_decision_policy_v1.csv"", ""evidence_2ib_owner_revision"": ""g4_g3_owner_policy_revision_v1.csv"", ""evidence_2ic_final_decision"": ""g4_g3_final_scientific_decision_summary.json"", ""expert_approved"": false, ""final_scientific_policy"": ""G4_G3_FINAL_SCIENTIFIC_POLICY_V1"", ""human_reviewed"": false, ""julich_probability_asset"": ""data/atlases/julich/v3.1/spatial_raw/probability_maps/"", ""julich_spatial_component_asset"": ""AREA_HIP5_IPS_RIGHT.nii.gz"", ""julich_spatial_component_id"": ""JULICH_BRAIN_CYTOARCHITECTONIC_ATLAS_V3_1_AREA_HIP5_IPS"", ""mapping_method_field"": ""spatial_overlap"", ""owner_scientific_review_status"": ""OWNER_SCIENTIFIC_REVIEWED"", ""phase"": ""G4_G3_MAPPING_CANDIDATE_STAGING_V1"", ""production_review_status"": ""pending"", ""relation_artifact"": ""g4_g3_final_relation_decisions.csv"", ""scientific_method"": ""Julich probability x Brainnetome probability + TemplateFlow nonlinear transform + probability-weighted overlap + hard-label auxiliary containment + owner scientific review"", ""semantic_compatibility_status"": null, ""source_canonical_g4_id"": ""NGIQ-BR-00000437"", ""source_coverage_ratio"": 0.3970588583296978, ""target_canonical_g3_id"": ""NGIQ-BR-00000146"", ""target_coverage_ratio"": 0.06647689357007527, ""transform_provenance"": ""data/atlases/templateflow_ref (MNI152NLin2009cAsym_from-MNI152NLin6Asym)""}"
G4G3-STAGE-49C3AAFAD9265D644BC0,1144,NGIQ-BR-00000437,Area hIP5 (IPS) right,G4_MICROSTRUCTURAL_FINE,right,642,NGIQ-BR-00000214,"Right Superior lateral occipital cortex, Brainnetome 2_2",G3_MESO_FINE,right,partial_overlap,spatial_overlap,0.272723,0.051517,,,False,proposed,pending,FALSE,FALSE,PARTIAL_OVERLAP,OWNER_CONFIRMED_PARTIAL,,,"{""brainnetome_probability_asset"": ""data/atlases/brainnetome/bna246/volume_raw/BNA_PM_4D.nii.gz"", ""decision_artifact"": ""g4_g3_final_scientific_decisions.csv"", ""decision_reason_code"": ""OWNER_CONFIRMED_PARTIAL"", ""evidence_2g_probability_overlap"": ""g4_g3_probability_overlap_summary.json"", ""evidence_2h_interpretation"": ""g4_g3_overlap_interpretation_profiles.csv"", ""evidence_2ia_policy"": ""g4_g3_scientific_decision_policy_v1.csv"", ""evidence_2ib_owner_revision"": ""g4_g3_owner_policy_revision_v1.csv"", ""evidence_2ic_final_decision"": ""g4_g3_final_scientific_decision_summary.json"", ""expert_approved"": false, ""final_scientific_policy"": ""G4_G3_FINAL_SCIENTIFIC_POLICY_V1"", ""human_reviewed"": false, ""julich_probability_asset"": ""data/atlases/julich/v3.1/spatial_raw/probability_maps/"", ""julich_spatial_component_asset"": ""AREA_HIP5_IPS_RIGHT.nii.gz"", ""julich_spatial_component_id"": ""JULICH_BRAIN_CYTOARCHITECTONIC_ATLAS_V3_1_AREA_HIP5_IPS"", ""mapping_method_field"": ""spatial_overlap"", ""owner_scientific_review_status"": ""OWNER_SCIENTIFIC_REVIEWED"", ""phase"": ""G4_G3_MAPPING_CANDIDATE_STAGING_V1"", ""production_review_status"": ""pending"", ""relation_artifact"": ""g4_g3_final_relation_decisions.csv"", ""scientific_method"": ""Julich probability x Brainnetome probability + TemplateFlow nonlinear transform + probability-weighted overlap + hard-label auxiliary containment + owner scientific review"", ""semantic_compatibility_status"": null, ""source_canonical_g4_id"": ""NGIQ-BR-00000437"", ""source_coverage_ratio"": 0.272723162798714, ""target_canonical_g3_id"": ""NGIQ-BR-00000214"", ""target_coverage_ratio"": 0.05151724580208938, ""transform_provenance"": ""data/atlases/templateflow_ref (MNI152NLin2009cAsym_from-MNI152NLin6Asym)""}"
G4G3-STAGE-67D12187E8555F7BE667,1147,NGIQ-BR-00000438,Area hIP5 (IPS) left,G4_MICROSTRUCTURAL_FINE,left,639,NGIQ-BR-00000213,"Left Superior lateral occipital cortex, Brainnetome 2_2",G3_MESO_FINE,left,partial_overlap,spatial_overlap,0.392976,0.095128,,,False,proposed,pending,FALSE,FALSE,PARTIAL_OVERLAP,OWNER_CONFIRMED_PARTIAL_SET_CONCORDANT,,,"{""brainnetome_probability_asset"": ""data/atlases/brainnetome/bna246/volume_raw/BNA_PM_4D.nii.gz"", ""decision_artifact"": ""g4_g3_final_scientific_decisions.csv"", ""decision_reason_code"": ""OWNER_CONFIRMED_PARTIAL_SET_CONCORDANT"", ""evidence_2g_probability_overlap"": ""g4_g3_probability_overlap_summary.json"", ""evidence_2h_interpretation"": ""g4_g3_overlap_interpretation_profiles.csv"", ""evidence_2ia_policy"": ""g4_g3_scientific_decision_policy_v1.csv"", ""evidence_2ib_owner_revision"": ""g4_g3_owner_policy_revision_v1.csv"", ""evidence_2ic_final_decision"": ""g4_g3_final_scientific_decision_summary.json"", ""expert_approved"": false, ""final_scientific_policy"": ""G4_G3_FINAL_SCIENTIFIC_POLICY_V1"", ""human_reviewed"": false, ""julich_probability_asset"": ""data/atlases/julich/v3.1/spatial_raw/probability_maps/"", ""julich_spatial_component_asset"": ""AREA_HIP5_IPS_LEFT.nii.gz"", ""julich_spatial_component_id"": ""JULICH_BRAIN_CYTOARCHITECTONIC_ATLAS_V3_1_AREA_HIP5_IPS"", ""mapping_method_field"": ""spatial_overlap"", ""owner_scientific_review_status"": ""OWNER_SCIENTIFIC_REVIEWED"", ""phase"": ""G4_G3_MAPPING_CANDIDATE_STAGING_V1"", ""production_review_status"": ""pending"", ""relation_artifact"": ""g4_g3_final_relation_decisions.csv"", ""scientific_method"": ""Julich probability x Brainnetome probability + TemplateFlow nonlinear transform + probability-weighted overlap + hard-label auxiliary containment + owner scientific review"", ""semantic_compatibility_status"": null, ""source_canonical_g4_id"": ""NGIQ-BR-00000438"", ""source_coverage_ratio"": 0.39297599342218464, ""target_canonical_g3_id"": ""NGIQ-BR-00000213"", ""target_coverage_ratio"": 0.09512820218717569, ""transform_provenance"": ""data/atlases/templateflow_ref (MNI152NLin2009cAsym_from-MNI152NLin6Asym)""}"
G4G3-STAGE-B59EFFE66C72A7C594CB,1147,NGIQ-BR-00000438,Area hIP5 (IPS) left,G4_MICROSTRUCTURAL_FINE,left,33,NGIQ-BR-00000011,"Left Inferior parietal lobule, Brainnetome 6_1",G3_MESO_FINE,left,partial_overlap,spatial_overlap,0.369675,0.080572,,,False,proposed,pending,FALSE,FALSE,PARTIAL_OVERLAP,OWNER_CONFIRMED_PARTIAL_SET_CONCORDANT,,,"{""brainnetome_probability_asset"": ""data/atlases/brainnetome/bna246/volume_raw/BNA_PM_4D.nii.gz"", ""decision_artifact"": ""g4_g3_final_scientific_decisions.csv"", ""decision_reason_code"": ""OWNER_CONFIRMED_PARTIAL_SET_CONCORDANT"", ""evidence_2g_probability_overlap"": ""g4_g3_probability_overlap_summary.json"", ""evidence_2h_interpretation"": ""g4_g3_overlap_interpretation_profiles.csv"", ""evidence_2ia_policy"": ""g4_g3_scientific_decision_policy_v1.csv"", ""evidence_2ib_owner_revision"": ""g4_g3_owner_policy_revision_v1.csv"", ""evidence_2ic_final_decision"": ""g4_g3_final_scientific_decision_summary.json"", ""expert_approved"": false, ""final_scientific_policy"": ""G4_G3_FINAL_SCIENTIFIC_POLICY_V1"", ""human_reviewed"": false, ""julich_probability_asset"": ""data/atlases/julich/v3.1/spatial_raw/probability_maps/"", ""julich_spatial_component_asset"": ""AREA_HIP5_IPS_LEFT.nii.gz"", ""julich_spatial_component_id"": ""JULICH_BRAIN_CYTOARCHITECTONIC_ATLAS_V3_1_AREA_HIP5_IPS"", ""mapping_method_field"": ""spatial_overlap"", ""owner_scientific_review_status"": ""OWNER_SCIENTIFIC_REVIEWED"", ""phase"": ""G4_G3_MAPPING_CANDIDATE_STAGING_V1"", ""production_review_status"": ""pending"", ""relation_artifact"": ""g4_g3_final_relation_decisions.csv"", ""scientific_method"": ""Julich probability x Brainnetome probability + TemplateFlow nonlinear transform + probability-weighted overlap + hard-label auxiliary containment + owner scientific review"", ""semantic_compatibility_status"": null, ""source_canonical_g4_id"": ""NGIQ-BR-00000438"", ""source_coverage_ratio"": 0.36967486127623683, ""target_canonical_g3_id"": ""NGIQ-BR-00000011"", ""target_coverage_ratio"": 0.08057151038038383, ""transform_provenance"": ""data/atlases/templateflow_ref (MNI152NLin2009cAsym_from-MNI152NLin6Asym)""}"
G4G3-STAGE-B517A9A3EE0E3985C0ED,1150,NGIQ-BR-00000439,Area hIP6 (IPS) right,G4_MICROSTRUCTURAL_FINE,right,438,NGIQ-BR-00000146,"Right Inferior parietal lobule, Brainnetome 6_2",G3_MESO_FINE,right,dominant_overlap,spatial_overlap,0.718459,0.094846,,,False,proposed,pending,FALSE,FALSE,APPROVE_DOMINANT_OVERLAP,DOMINANT_CRITERIA_V1,,,"{""brainnetome_probability_asset"": ""data/atlases/brainnetome/bna246/volume_raw/BNA_PM_4D.nii.gz"", ""decision_artifact"": ""g4_g3_final_scientific_decisions.csv"", ""decision_reason_code"": ""DOMINANT_CRITERIA_V1"", ""evidence_2g_probability_overlap"": ""g4_g3_probability_overlap_summary.json"", ""evidence_2h_interpretation"": ""g4_g3_overlap_interpretation_profiles.csv"", ""evidence_2ia_policy"": ""g4_g3_scientific_decision_policy_v1.csv"", ""evidence_2ib_owner_revision"": ""g4_g3_owner_policy_revision_v1.csv"", ""evidence_2ic_final_decision"": ""g4_g3_final_scientific_decision_summary.json"", ""expert_approved"": false, ""final_scientific_policy"": ""G4_G3_FINAL_SCIENTIFIC_POLICY_V1"", ""human_reviewed"": false, ""julich_probability_asset"": ""data/atlases/julich/v3.1/spatial_raw/probability_maps/"", ""julich_spatial_component_asset"": ""AREA_HIP6_IPS_RIGHT.nii.gz"", ""julich_spatial_component_id"": ""JULICH_BRAIN_CYTOARCHITECTONIC_ATLAS_V3_1_AREA_HIP6_IPS"", ""mapping_method_field"": ""spatial_overlap"", ""owner_scientific_review_status"": ""OWNER_SCIENTIFIC_REVIEWED"", ""phase"": ""G4_G3_MAPPING_CANDIDATE_STAGING_V1"", ""production_review_status"": ""pending"", ""relation_artifact"": ""g4_g3_final_relation_decisions.csv"", ""scientific_method"": ""Julich probability x Brainnetome probability + TemplateFlow nonlinear transform + probability-weighted overlap + hard-label auxiliary containment + owner scientific review"", ""semantic_compatibility_status"": null, ""source_canonical_g4_id"": ""NGIQ-BR-00000439"", ""source_coverage_ratio"": 0.7184594496115245, ""target_canonical_g3_id"": ""NGIQ-BR-00000146"", ""target_coverage_ratio"": 0.09484594866006445, ""transform_provenance"": ""data/atlases/templateflow_ref (MNI152NLin2009cAsym_from-MNI152NLin6Asym)""}"
G4G3-STAGE-B20D362A06EF3804694F,1153,NGIQ-BR-00000440,Area hIP6 (IPS) left,G4_MICROSTRUCTURAL_FINE,left,435,NGIQ-BR-00000145,"Left Inferior parietal lobule, Brainnetome 6_2",G3_MESO_FINE,left,dominant_overlap,spatial_overlap,0.52715,0.077521,,,False,proposed,pending,FALSE,FALSE,APPROVE_DOMINANT_OVERLAP,DOMINANT_CRITERIA_V1,,BOUNDARY_METRIC,"{""brainnetome_probability_asset"": ""data/atlases/brainnetome/bna246/volume_raw/BNA_PM_4D.nii.gz"", ""decision_artifact"": ""g4_g3_final_scientific_decisions.csv"", ""decision_reason_code"": ""DOMINANT_CRITERIA_V1"", ""evidence_2g_probability_overlap"": ""g4_g3_probability_overlap_summary.json"", ""evidence_2h_interpretation"": ""g4_g3_overlap_interpretation_profiles.csv"", ""evidence_2ia_policy"": ""g4_g3_scientific_decision_policy_v1.csv"", ""evidence_2ib_owner_revision"": ""g4_g3_owner_policy_revision_v1.csv"", ""evidence_2ic_final_decision"": ""g4_g3_final_scientific_decision_summary.json"", ""expert_approved"": false, ""final_scientific_policy"": ""G4_G3_FINAL_SCIENTIFIC_POLICY_V1"", ""human_reviewed"": false, ""julich_probability_asset"": ""data/atlases/julich/v3.1/spatial_raw/probability_maps/"", ""julich_spatial_component_asset"": ""AREA_HIP6_IPS_LEFT.nii.gz"", ""julich_spatial_component_id"": ""JULICH_BRAIN_CYTOARCHITECTONIC_ATLAS_V3_1_AREA_HIP6_IPS"", ""mapping_method_field"": ""spatial_overlap"", ""owner_scientific_review_status"": ""OWNER_SCIENTIFIC_REVIEWED"", ""phase"": ""G4_G3_MAPPING_CANDIDATE_STAGING_V1"", ""production_review_status"": ""pending"", ""relation_artifact"": ""g4_g3_final_relation_decisions.csv"", ""scientific_method"": ""Julich probability x Brainnetome probability + TemplateFlow nonlinear transform + probability-weighted overlap + hard-label auxiliary containment + owner scientific review"", ""semantic_compatibility_status"": null, ""source_canonical_g4_id"": ""NGIQ-BR-00000440"", ""source_coverage_ratio"": 0.5271503086932701, ""target_canonical_g3_id"": ""NGIQ-BR-00000145"", ""target_coverage_ratio"": 0.07752087137306005, ""transform_provenance"": ""data/atlases/templateflow_ref (MNI152NLin2009cAsym_from-MNI152NLin6Asym)""}"
G4G3-STAGE-CF58C4837B67C1A57DCB,1156,NGIQ-BR-00000441,Area hIP8 (IPS) right,G4_MICROSTRUCTURAL_FINE,right,642,NGIQ-BR-00000214,"Right Superior lateral occipital cortex, Brainnetome 2_2",G3_MESO_FINE,right,dominant_overlap,spatial_overlap,0.593477,0.128525,,,False,proposed,pending,FALSE,FALSE,APPROVE_DOMINANT_OVERLAP,DOMINANT_CRITERIA_V1,,,"{""brainnetome_probability_asset"": ""data/atlases/brainnetome/bna246/volume_raw/BNA_PM_4D.nii.gz"", ""decision_artifact"": ""g4_g3_final_scientific_decisions.csv"", ""decision_reason_code"": ""DOMINANT_CRITERIA_V1"", ""evidence_2g_probability_overlap"": ""g4_g3_probability_overlap_summary.json"", ""evidence_2h_interpretation"": ""g4_g3_overlap_interpretation_profiles.csv"", ""evidence_2ia_policy"": ""g4_g3_scientific_decision_policy_v1.csv"", ""evidence_2ib_owner_revision"": ""g4_g3_owner_policy_revision_v1.csv"", ""evidence_2ic_final_decision"": ""g4_g3_final_scientific_decision_summary.json"", ""expert_approved"": false, ""final_scientific_policy"": ""G4_G3_FINAL_SCIENTIFIC_POLICY_V1"", ""human_reviewed"": false, ""julich_probability_asset"": ""data/atlases/julich/v3.1/spatial_raw/probability_maps/"", ""julich_spatial_component_asset"": ""AREA_HIP8_IPS_RIGHT.nii.gz"", ""julich_spatial_component_id"": ""JULICH_BRAIN_CYTOARCHITECTONIC_ATLAS_V3_1_AREA_HIP8_IPS"", ""mapping_method_field"": ""spatial_overlap"", ""owner_scientific_review_status"": ""OWNER_SCIENTIFIC_REVIEWED"", ""phase"": ""G4_G3_MAPPING_CANDIDATE_STAGING_V1"", ""production_review_status"": ""pending"", ""relation_artifact"": ""g4_g3_final_relation_decisions.csv"", ""scientific_method"": ""Julich probability x Brainnetome probability + TemplateFlow nonlinear transform + probability-weighted overlap + hard-label auxiliary containment + owner scientific review"", ""semantic_compatibility_status"": null, ""source_canonical_g4_id"": ""NGIQ-BR-00000441"", ""source_coverage_ratio"": 0.5934771052270367, ""target_canonical_g3_id"": ""NGIQ-BR-00000214"", ""target_coverage_ratio"": 0.12852520304647416, ""transform_provenance"": ""data/atlases/templateflow_ref (MNI152NLin2009cAsym_from-MNI152NLin6Asym)""}"
G4G3-STAGE-5855601DDD322B41FA97,1159,NGIQ-BR-00000442,Area hIP8 (IPS) left,G4_MICROSTRUCTURAL_FINE,left,639,NGIQ-BR-00000213,"Left Superior lateral occipital cortex, Brainnetome 2_2",G3_MESO_FINE,left,partial_overlap,spatial_overlap,0.372912,0.104916,,,False,proposed,pending,FALSE,FALSE,PARTIAL_OVERLAP,OWNER_CONFIRMED_PARTIAL,,,"{""brainnetome_probability_asset"": ""data/atlases/brainnetome/bna246/volume_raw/BNA_PM_4D.nii.gz"", ""decision_artifact"": ""g4_g3_final_scientific_decisions.csv"", ""decision_reason_code"": ""OWNER_CONFIRMED_PARTIAL"", ""evidence_2g_probability_overlap"": ""g4_g3_probability_overlap_summary.json"", ""evidence_2h_interpretation"": ""g4_g3_overlap_interpretation_profiles.csv"", ""evidence_2ia_policy"": ""g4_g3_scientific_decision_policy_v1.csv"", ""evidence_2ib_owner_revision"": ""g4_g3_owner_policy_revision_v1.csv"", ""evidence_2ic_final_decision"": ""g4_g3_final_scientific_decision_summary.json"", ""expert_approved"": false, ""final_scientific_policy"": ""G4_G3_FINAL_SCIENTIFIC_POLICY_V1"", ""human_reviewed"": false, ""julich_probability_asset"": ""data/atlases/julich/v3.1/spatial_raw/probability_maps/"", ""julich_spatial_component_asset"": ""AREA_HIP8_IPS_LEFT.nii.gz"", ""julich_spatial_component_id"": ""JULICH_BRAIN_CYTOARCHITECTONIC_ATLAS_V3_1_AREA_HIP8_IPS"", ""mapping_method_field"": ""spatial_overlap"", ""owner_scientific_review_status"": ""OWNER_SCIENTIFIC_REVIEWED"", ""phase"": ""G4_G3_MAPPING_CANDIDATE_STAGING_V1"", ""production_review_status"": ""pending"", ""relation_artifact"": ""g4_g3_final_relation_decisions.csv"", ""scientific_method"": ""Julich probability x Brainnetome probability + TemplateFlow nonlinear transform + probability-weighted overlap + hard-label auxiliary containment + owner scientific review"", ""semantic_compatibility_status"": null, ""source_canonical_g4_id"": ""NGIQ-BR-00000442"", ""source_coverage_ratio"": 0.3729122708699563, ""target_canonical_g3_id"": ""NGIQ-BR-00000213"", ""target_coverage_ratio"": 0.10491644195190439, ""transform_provenance"": ""data/atlases/templateflow_ref (MNI152NLin2009cAsym_from-MNI152NLin6Asym)""}"
G4G3-STAGE-2FD00A45C489970193CD,1159,NGIQ-BR-00000442,Area hIP8 (IPS) left,G4_MICROSTRUCTURAL_FINE,left,411,NGIQ-BR-00000137,"Left Superior parietal lobule, Brainnetome 5_2",G3_MESO_FINE,left,partial_overlap,spatial_overlap,0.292888,0.096633,,,False,proposed,pending,FALSE,FALSE,PARTIAL_OVERLAP,OWNER_CONFIRMED_PARTIAL,,,"{""brainnetome_probability_asset"": ""data/atlases/brainnetome/bna246/volume_raw/BNA_PM_4D.nii.gz"", ""decision_artifact"": ""g4_g3_final_scientific_decisions.csv"", ""decision_reason_code"": ""OWNER_CONFIRMED_PARTIAL"", ""evidence_2g_probability_overlap"": ""g4_g3_probability_overlap_summary.json"", ""evidence_2h_interpretation"": ""g4_g3_overlap_interpretation_profiles.csv"", ""evidence_2ia_policy"": ""g4_g3_scientific_decision_policy_v1.csv"", ""evidence_2ib_owner_revision"": ""g4_g3_owner_policy_revision_v1.csv"", ""evidence_2ic_final_decision"": ""g4_g3_final_scientific_decision_summary.json"", ""expert_approved"": false, ""final_scientific_policy"": ""G4_G3_FINAL_SCIENTIFIC_POLICY_V1"", ""human_reviewed"": false, ""julich_probability_asset"": ""data/atlases/julich/v3.1/spatial_raw/probability_maps/"", ""julich_spatial_component_asset"": ""AREA_HIP8_IPS_LEFT.nii.gz"", ""julich_spatial_component_id"": ""JULICH_BRAIN_CYTOARCHITECTONIC_ATLAS_V3_1_AREA_HIP8_IPS"", ""mapping_method_field"": ""spatial_overlap"", ""owner_scientific_review_status"": ""OWNER_SCIENTIFIC_REVIEWED"", ""phase"": ""G4_G3_MAPPING_CANDIDATE_STAGING_V1"", ""production_review_status"": ""pending"", ""relation_artifact"": ""g4_g3_final_relation_decisions.csv"", ""scientific_method"": ""Julich probability x Brainnetome probability + TemplateFlow nonlinear transform + probability-weighted overlap + hard-label auxiliary containment + owner scientific review"", ""semantic_compatibility_status"": null, ""source_canonical_g4_id"": ""NGIQ-BR-00000442"", ""source_coverage_ratio"": 0.29288751128246737, ""target_canonical_g3_id"": ""NGIQ-BR-00000137"", ""target_coverage_ratio"": 0.09663347990583321, ""transform_provenance"": ""data/atlases/templateflow_ref (MNI152NLin2009cAsym_from-MNI152NLin6Asym)""}"
G4G3-STAGE-1C3B4605223D6BAD170B,1162,NGIQ-BR-00000443,Area 6v3 (PreCG) right,G4_MICROSTRUCTURAL_FINE,right,240,NGIQ-BR-00000080,"Right Precentral gyrus, Brainnetome 6_6",G3_MESO_FINE,right,partial_overlap,spatial_overlap,0.455408,0.189719,,,False,proposed,pending,FALSE,FALSE,PARTIAL_OVERLAP,OWNER_CONFIRMED_PARTIAL,,,"{""brainnetome_probability_asset"": ""data/atlases/brainnetome/bna246/volume_raw/BNA_PM_4D.nii.gz"", ""decision_artifact"": ""g4_g3_final_scientific_decisions.csv"", ""decision_reason_code"": ""OWNER_CONFIRMED_PARTIAL"", ""evidence_2g_probability_overlap"": ""g4_g3_probability_overlap_summary.json"", ""evidence_2h_interpretation"": ""g4_g3_overlap_interpretation_profiles.csv"", ""evidence_2ia_policy"": ""g4_g3_scientific_decision_policy_v1.csv"", ""evidence_2ib_owner_revision"": ""g4_g3_owner_policy_revision_v1.csv"", ""evidence_2ic_final_decision"": ""g4_g3_final_scientific_decision_summary.json"", ""expert_approved"": false, ""final_scientific_policy"": ""G4_G3_FINAL_SCIENTIFIC_POLICY_V1"", ""human_reviewed"": false, ""julich_probability_asset"": ""data/atlases/julich/v3.1/spatial_raw/probability_maps/"", ""julich_spatial_component_asset"": ""AREA_6V3_PRECG_RIGHT.nii.gz"", ""julich_spatial_component_id"": ""JULICH_BRAIN_CYTOARCHITECTONIC_ATLAS_V3_1_AREA_6V3_PRECG"", ""mapping_method_field"": ""spatial_overlap"", ""owner_scientific_review_status"": ""OWNER_SCIENTIFIC_REVIEWED"", ""phase"": ""G4_G3_MAPPING_CANDIDATE_STAGING_V1"", ""production_review_status"": ""pending"", ""relation_artifact"": ""g4_g3_final_relation_decisions.csv"", ""scientific_method"": ""Julich probability x Brainnetome probability + TemplateFlow nonlinear transform + probability-weighted overlap + hard-label auxiliary containment + owner scientific review"", ""semantic_compatibility_status"": null, ""source_canonical_g4_id"": ""NGIQ-BR-00000443"", ""source_coverage_ratio"": 0.45540849159564756, ""target_canonical_g3_id"": ""NGIQ-BR-00000080"", ""target_coverage_ratio"": 0.1897189358471103, ""transform_provenance"": ""data/atlases/templateflow_ref (MNI152NLin2009cAsym_from-MNI152NLin6Asym)""}"
G4G3-STAGE-9F4DD106F0A02DBDAEE6,1162,NGIQ-BR-00000443,Area 6v3 (PreCG) right,G4_MICROSTRUCTURAL_FINE,right,210,NGIQ-BR-00000070,"Right Precentral gyrus, Brainnetome 6_1",G3_MESO_FINE,right,partial_overlap,spatial_overlap,0.219213,0.07981,,,False,proposed,pending,FALSE,FALSE,PARTIAL_OVERLAP,OWNER_CONFIRMED_PARTIAL,,,"{""brainnetome_probability_asset"": ""data/atlases/brainnetome/bna246/volume_raw/BNA_PM_4D.nii.gz"", ""decision_artifact"": ""g4_g3_final_scientific_decisions.csv"", ""decision_reason_code"": ""OWNER_CONFIRMED_PARTIAL"", ""evidence_2g_probability_overlap"": ""g4_g3_probability_overlap_summary.json"", ""evidence_2h_interpretation"": ""g4_g3_overlap_interpretation_profiles.csv"", ""evidence_2ia_policy"": ""g4_g3_scientific_decision_policy_v1.csv"", ""evidence_2ib_owner_revision"": ""g4_g3_owner_policy_revision_v1.csv"", ""evidence_2ic_final_decision"": ""g4_g3_final_scientific_decision_summary.json"", ""expert_approved"": false, ""final_scientific_policy"": ""G4_G3_FINAL_SCIENTIFIC_POLICY_V1"", ""human_reviewed"": false, ""julich_probability_asset"": ""data/atlases/julich/v3.1/spatial_raw/probability_maps/"", ""julich_spatial_component_asset"": ""AREA_6V3_PRECG_RIGHT.nii.gz"", ""julich_spatial_component_id"": ""JULICH_BRAIN_CYTOARCHITECTONIC_ATLAS_V3_1_AREA_6V3_PRECG"", ""mapping_method_field"": ""spatial_overlap"", ""owner_scientific_review_status"": ""OWNER_SCIENTIFIC_REVIEWED"", ""phase"": ""G4_G3_MAPPING_CANDIDATE_STAGING_V1"", ""production_review_status"": ""pending"", ""relation_artifact"": ""g4_g3_final_relation_decisions.csv"", ""scientific_method"": ""Julich probability x Brainnetome probability + TemplateFlow nonlinear transform + probability-weighted overlap + hard-label auxiliary containment + owner scientific review"", ""semantic_compatibility_status"": null, ""source_canonical_g4_id"": ""NGIQ-BR-00000443"", ""source_coverage_ratio"": 0.21921273439274178, ""target_canonical_g3_id"": ""NGIQ-BR-00000070"", ""target_coverage_ratio"": 0.07980996934409004, ""transform_provenance"": ""data/atlases/templateflow_ref (MNI152NLin2009cAsym_from-MNI152NLin6Asym)""}"
G4G3-STAGE-B78BEE4CD212FF792BE2,1165,NGIQ-BR-00000444,Area 6v3 (PreCG) left,G4_MICROSTRUCTURAL_FINE,left,237,NGIQ-BR-00000079,"Left Precentral gyrus, Brainnetome 6_6",G3_MESO_FINE,left,dominant_overlap,spatial_overlap,0.538672,0.233989,,,False,proposed,pending,FALSE,FALSE,APPROVE_DOMINANT_OVERLAP,DOMINANT_CRITERIA_V1,,BOUNDARY_METRIC,"{""brainnetome_probability_asset"": ""data/atlases/brainnetome/bna246/volume_raw/BNA_PM_4D.nii.gz"", ""decision_artifact"": ""g4_g3_final_scientific_decisions.csv"", ""decision_reason_code"": ""DOMINANT_CRITERIA_V1"", ""evidence_2g_probability_overlap"": ""g4_g3_probability_overlap_summary.json"", ""evidence_2h_interpretation"": ""g4_g3_overlap_interpretation_profiles.csv"", ""evidence_2ia_policy"": ""g4_g3_scientific_decision_policy_v1.csv"", ""evidence_2ib_owner_revision"": ""g4_g3_owner_policy_revision_v1.csv"", ""evidence_2ic_final_decision"": ""g4_g3_final_scientific_decision_summary.json"", ""expert_approved"": false, ""final_scientific_policy"": ""G4_G3_FINAL_SCIENTIFIC_POLICY_V1"", ""human_reviewed"": false, ""julich_probability_asset"": ""data/atlases/julich/v3.1/spatial_raw/probability_maps/"", ""julich_spatial_component_asset"": ""AREA_6V3_PRECG_LEFT.nii.gz"", ""julich_spatial_component_id"": ""JULICH_BRAIN_CYTOARCHITECTONIC_ATLAS_V3_1_AREA_6V3_PRECG"", ""mapping_method_field"": ""spatial_overlap"", ""owner_scientific_review_status"": ""OWNER_SCIENTIFIC_REVIEWED"", ""phase"": ""G4_G3_MAPPING_CANDIDATE_STAGING_V1"", ""production_review_status"": ""pending"", ""relation_artifact"": ""g4_g3_final_relation_decisions.csv"", ""scientific_method"": ""Julich probability x Brainnetome probability + TemplateFlow nonlinear transform + probability-weighted overlap + hard-label auxiliary containment + owner scientific review"", ""semantic_compatibility_status"": null, ""source_canonical_g4_id"": ""NGIQ-BR-00000444"", ""source_coverage_ratio"": 0.5386716644379015, ""target_canonical_g3_id"": ""NGIQ-BR-00000079"", ""target_coverage_ratio"": 0.2339890334681948, ""transform_provenance"": ""data/atlases/templateflow_ref (MNI152NLin2009cAsym_from-MNI152NLin6Asym)""}"
G4G3-STAGE-0AF9C6D93AB46EE79717,1168,NGIQ-BR-00000445,Area 6v2 (PreCG) right,G4_MICROSTRUCTURAL_FINE,right,240,NGIQ-BR-00000080,"Right Precentral gyrus, Brainnetome 6_6",G3_MESO_FINE,right,partial_overlap,spatial_overlap,0.398255,0.250688,,,False,proposed,pending,FALSE,FALSE,PARTIAL_OVERLAP,OWNER_CONFIRMED_PARTIAL_SET_CONCORDANT,,,"{""brainnetome_probability_asset"": ""data/atlases/brainnetome/bna246/volume_raw/BNA_PM_4D.nii.gz"", ""decision_artifact"": ""g4_g3_final_scientific_decisions.csv"", ""decision_reason_code"": ""OWNER_CONFIRMED_PARTIAL_SET_CONCORDANT"", ""evidence_2g_probability_overlap"": ""g4_g3_probability_overlap_summary.json"", ""evidence_2h_interpretation"": ""g4_g3_overlap_interpretation_profiles.csv"", ""evidence_2ia_policy"": ""g4_g3_scientific_decision_policy_v1.csv"", ""evidence_2ib_owner_revision"": ""g4_g3_owner_policy_revision_v1.csv"", ""evidence_2ic_final_decision"": ""g4_g3_final_scientific_decision_summary.json"", ""expert_approved"": false, ""final_scientific_policy"": ""G4_G3_FINAL_SCIENTIFIC_POLICY_V1"", ""human_reviewed"": false, ""julich_probability_asset"": ""data/atlases/julich/v3.1/spatial_raw/probability_maps/"", ""julich_spatial_component_asset"": ""AREA_6V2_PRECG_RIGHT.nii.gz"", ""julich_spatial_component_id"": ""JULICH_BRAIN_CYTOARCHITECTONIC_ATLAS_V3_1_AREA_6V2_PRECG"", ""mapping_method_field"": ""spatial_overlap"", ""owner_scientific_review_status"": ""OWNER_SCIENTIFIC_REVIEWED"", ""phase"": ""G4_G3_MAPPING_CANDIDATE_STAGING_V1"", ""production_review_status"": ""pending"", ""relation_artifact"": ""g4_g3_final_relation_decisions.csv"", ""scientific_method"": ""Julich probability x Brainnetome probability + TemplateFlow nonlinear transform + probability-weighted overlap + hard-label auxiliary containment + owner scientific review"", ""semantic_compatibility_status"": null, ""source_canonical_g4_id"": ""NGIQ-BR-00000445"", ""source_coverage_ratio"": 0.39825486338507116, ""target_canonical_g3_id"": ""NGIQ-BR-00000080"", ""target_coverage_ratio"": 0.250687555781979, ""transform_provenance"": ""data/atlases/templateflow_ref (MNI152NLin2009cAsym_from-MNI152NLin6Asym)""}"
G4G3-STAGE-9FE749E967CDF39BB873,1168,NGIQ-BR-00000445,Area 6v2 (PreCG) right,G4_MICROSTRUCTURAL_FINE,right,108,NGIQ-BR-00000036,"Right Middle frontal gyrus, Brainnetome 7_2",G3_MESO_FINE,right,partial_overlap,spatial_overlap,0.295762,0.203761,,,False,proposed,pending,FALSE,FALSE,PARTIAL_OVERLAP,OWNER_CONFIRMED_PARTIAL_SET_CONCORDANT,,,"{""brainnetome_probability_asset"": ""data/atlases/brainnetome/bna246/volume_raw/BNA_PM_4D.nii.gz"", ""decision_artifact"": ""g4_g3_final_scientific_decisions.csv"", ""decision_reason_code"": ""OWNER_CONFIRMED_PARTIAL_SET_CONCORDANT"", ""evidence_2g_probability_overlap"": ""g4_g3_probability_overlap_summary.json"", ""evidence_2h_interpretation"": ""g4_g3_overlap_interpretation_profiles.csv"", ""evidence_2ia_policy"": ""g4_g3_scientific_decision_policy_v1.csv"", ""evidence_2ib_owner_revision"": ""g4_g3_owner_policy_revision_v1.csv"", ""evidence_2ic_final_decision"": ""g4_g3_final_scientific_decision_summary.json"", ""expert_approved"": false, ""final_scientific_policy"": ""G4_G3_FINAL_SCIENTIFIC_POLICY_V1"", ""human_reviewed"": false, ""julich_probability_asset"": ""data/atlases/julich/v3.1/spatial_raw/probability_maps/"", ""julich_spatial_component_asset"": ""AREA_6V2_PRECG_RIGHT.nii.gz"", ""julich_spatial_component_id"": ""JULICH_BRAIN_CYTOARCHITECTONIC_ATLAS_V3_1_AREA_6V2_PRECG"", ""mapping_method_field"": ""spatial_overlap"", ""owner_scientific_review_status"": ""OWNER_SCIENTIFIC_REVIEWED"", ""phase"": ""G4_G3_MAPPING_CANDIDATE_STAGING_V1"", ""production_review_status"": ""pending"", ""relation_artifact"": ""g4_g3_final_relation_decisions.csv"", ""scientific_method"": ""Julich probability x Brainnetome probability + TemplateFlow nonlinear transform + probability-weighted overlap + hard-label auxiliary containment + owner scientific review"", ""semantic_compatibility_status"": null, ""source_canonical_g4_id"": ""NGIQ-BR-00000445"", ""source_coverage_ratio"": 0.29576175720106773, ""target_canonical_g3_id"": ""NGIQ-BR-00000036"", ""target_coverage_ratio"": 0.20376094322996446, ""transform_provenance"": ""data/atlases/templateflow_ref (MNI152NLin2009cAsym_from-MNI152NLin6Asym)""}"
G4G3-STAGE-12DC6F9D3CC5E572C488,1171,NGIQ-BR-00000446,Area 6v2 (PreCG) left,G4_MICROSTRUCTURAL_FINE,left,237,NGIQ-BR-00000079,"Left Precentral gyrus, Brainnetome 6_6",G3_MESO_FINE,left,partial_overlap,spatial_overlap,0.471361,0.16384,,,False,proposed,pending,FALSE,FALSE,PARTIAL_OVERLAP,OWNER_CONFIRMED_PARTIAL,,,"{""brainnetome_probability_asset"": ""data/atlases/brainnetome/bna246/volume_raw/BNA_PM_4D.nii.gz"", ""decision_artifact"": ""g4_g3_final_scientific_decisions.csv"", ""decision_reason_code"": ""OWNER_CONFIRMED_PARTIAL"", ""evidence_2g_probability_overlap"": ""g4_g3_probability_overlap_summary.json"", ""evidence_2h_interpretation"": ""g4_g3_overlap_interpretation_profiles.csv"", ""evidence_2ia_policy"": ""g4_g3_scientific_decision_policy_v1.csv"", ""evidence_2ib_owner_revision"": ""g4_g3_owner_policy_revision_v1.csv"", ""evidence_2ic_final_decision"": ""g4_g3_final_scientific_decision_summary.json"", ""expert_approved"": false, ""final_scientific_policy"": ""G4_G3_FINAL_SCIENTIFIC_POLICY_V1"", ""human_reviewed"": false, ""julich_probability_asset"": ""data/atlases/julich/v3.1/spatial_raw/probability_maps/"", ""julich_spatial_component_asset"": ""AREA_6V2_PRECG_LEFT.nii.gz"", ""julich_spatial_component_id"": ""JULICH_BRAIN_CYTOARCHITECTONIC_ATLAS_V3_1_AREA_6V2_PRECG"", ""mapping_method_field"": ""spatial_overlap"", ""owner_scientific_review_status"": ""OWNER_SCIENTIFIC_REVIEWED"", ""phase"": ""G4_G3_MAPPING_CANDIDATE_STAGING_V1"", ""production_review_status"": ""pending"", ""relation_artifact"": ""g4_g3_final_relation_decisions.csv"", ""scientific_method"": ""Julich probability x Brainnetome probability + TemplateFlow nonlinear transform + probability-weighted overlap + hard-label auxiliary containment + owner scientific review"", ""semantic_compatibility_status"": null, ""source_canonical_g4_id"": ""NGIQ-BR-00000446"", ""source_coverage_ratio"": 0.471361474333742, ""target_canonical_g3_id"": ""NGIQ-BR-00000079"", ""target_coverage_ratio"": 0.16384037879351654, ""transform_provenance"": ""data/atlases/templateflow_ref (MNI152NLin2009cAsym_from-MNI152NLin6Asym)""}"
G4G3-STAGE-6350C252C30472AC9219,1171,NGIQ-BR-00000446,Area 6v2 (PreCG) left,G4_MICROSTRUCTURAL_FINE,left,105,NGIQ-BR-00000035,"Left Middle frontal gyrus, Brainnetome 7_2",G3_MESO_FINE,left,partial_overlap,spatial_overlap,0.288072,0.111172,,,False,proposed,pending,FALSE,FALSE,PARTIAL_OVERLAP,OWNER_CONFIRMED_PARTIAL,,,"{""brainnetome_probability_asset"": ""data/atlases/brainnetome/bna246/volume_raw/BNA_PM_4D.nii.gz"", ""decision_artifact"": ""g4_g3_final_scientific_decisions.csv"", ""decision_reason_code"": ""OWNER_CONFIRMED_PARTIAL"", ""evidence_2g_probability_overlap"": ""g4_g3_probability_overlap_summary.json"", ""evidence_2h_interpretation"": ""g4_g3_overlap_interpretation_profiles.csv"", ""evidence_2ia_policy"": ""g4_g3_scientific_decision_policy_v1.csv"", ""evidence_2ib_owner_revision"": ""g4_g3_owner_policy_revision_v1.csv"", ""evidence_2ic_final_decision"": ""g4_g3_final_scientific_decision_summary.json"", ""expert_approved"": false, ""final_scientific_policy"": ""G4_G3_FINAL_SCIENTIFIC_POLICY_V1"", ""human_reviewed"": false, ""julich_probability_asset"": ""data/atlases/julich/v3.1/spatial_raw/probability_maps/"", ""julich_spatial_component_asset"": ""AREA_6V2_PRECG_LEFT.nii.gz"", ""julich_spatial_component_id"": ""JULICH_BRAIN_CYTOARCHITECTONIC_ATLAS_V3_1_AREA_6V2_PRECG"", ""mapping_method_field"": ""spatial_overlap"", ""owner_scientific_review_status"": ""OWNER_SCIENTIFIC_REVIEWED"", ""phase"": ""G4_G3_MAPPING_CANDIDATE_STAGING_V1"", ""production_review_status"": ""pending"", ""relation_artifact"": ""g4_g3_final_relation_decisions.csv"", ""scientific_method"": ""Julich probability x Brainnetome probability + TemplateFlow nonlinear transform + probability-weighted overlap + hard-label auxiliary containment + owner scientific review"", ""semantic_compatibility_status"": null, ""source_canonical_g4_id"": ""NGIQ-BR-00000446"", ""source_coverage_ratio"": 0.2880720137069245, ""target_canonical_g3_id"": ""NGIQ-BR-00000035"", ""target_coverage_ratio"": 0.11117225823654583, ""transform_provenance"": ""data/atlases/templateflow_ref (MNI152NLin2009cAsym_from-MNI152NLin6Asym)""}"
G4G3-STAGE-FE9B445BBA09D8E1D017,1174,NGIQ-BR-00000447,Area 6r1 (PreCG) right,G4_MICROSTRUCTURAL_FINE,right,240,NGIQ-BR-00000080,"Right Precentral gyrus, Brainnetome 6_6",G3_MESO_FINE,right,partial_overlap,spatial_overlap,0.397634,0.102697,,,False,proposed,pending,FALSE,FALSE,PARTIAL_OVERLAP,OWNER_CONFIRMED_PARTIAL,,,"{""brainnetome_probability_asset"": ""data/atlases/brainnetome/bna246/volume_raw/BNA_PM_4D.nii.gz"", ""decision_artifact"": ""g4_g3_final_scientific_decisions.csv"", ""decision_reason_code"": ""OWNER_CONFIRMED_PARTIAL"", ""evidence_2g_probability_overlap"": ""g4_g3_probability_overlap_summary.json"", ""evidence_2h_interpretation"": ""g4_g3_overlap_interpretation_profiles.csv"", ""evidence_2ia_policy"": ""g4_g3_scientific_decision_policy_v1.csv"", ""evidence_2ib_owner_revision"": ""g4_g3_owner_policy_revision_v1.csv"", ""evidence_2ic_final_decision"": ""g4_g3_final_scientific_decision_summary.json"", ""expert_approved"": false, ""final_scientific_policy"": ""G4_G3_FINAL_SCIENTIFIC_POLICY_V1"", ""human_reviewed"": false, ""julich_probability_asset"": ""data/atlases/julich/v3.1/spatial_raw/probability_maps/"", ""julich_spatial_component_asset"": ""AREA_6R1_PRECG_RIGHT.nii.gz"", ""julich_spatial_component_id"": ""JULICH_BRAIN_CYTOARCHITECTONIC_ATLAS_V3_1_AREA_6R1_PRECG"", ""mapping_method_field"": ""spatial_overlap"", ""owner_scientific_review_status"": ""OWNER_SCIENTIFIC_REVIEWED"", ""phase"": ""G4_G3_MAPPING_CANDIDATE_STAGING_V1"", ""production_review_status"": ""pending"", ""relation_artifact"": ""g4_g3_final_relation_decisions.csv"", ""scientific_method"": ""Julich probability x Brainnetome probability + TemplateFlow nonlinear transform + probability-weighted overlap + hard-label auxiliary containment + owner scientific review"", ""semantic_compatibility_status"": null, ""source_canonical_g4_id"": ""NGIQ-BR-00000447"", ""source_coverage_ratio"": 0.39763374227337533, ""target_canonical_g3_id"": ""NGIQ-BR-00000080"", ""target_coverage_ratio"": 0.10269721008485991, ""transform_provenance"": ""data/atlases/templateflow_ref (MNI152NLin2009cAsym_from-MNI152NLin6Asym)""}"
G4G3-STAGE-2646269AD570FEF5776A,1174,NGIQ-BR-00000447,Area 6r1 (PreCG) right,G4_MICROSTRUCTURAL_FINE,right,234,NGIQ-BR-00000078,"Right Precentral gyrus, Brainnetome 6_5",G3_MESO_FINE,right,partial_overlap,spatial_overlap,0.22447,0.087983,,,False,proposed,pending,FALSE,FALSE,PARTIAL_OVERLAP,OWNER_CONFIRMED_PARTIAL,,,"{""brainnetome_probability_asset"": ""data/atlases/brainnetome/bna246/volume_raw/BNA_PM_4D.nii.gz"", ""decision_artifact"": ""g4_g3_final_scientific_decisions.csv"", ""decision_reason_code"": ""OWNER_CONFIRMED_PARTIAL"", ""evidence_2g_probability_overlap"": ""g4_g3_probability_overlap_summary.json"", ""evidence_2h_interpretation"": ""g4_g3_overlap_interpretation_profiles.csv"", ""evidence_2ia_policy"": ""g4_g3_scientific_decision_policy_v1.csv"", ""evidence_2ib_owner_revision"": ""g4_g3_owner_policy_revision_v1.csv"", ""evidence_2ic_final_decision"": ""g4_g3_final_scientific_decision_summary.json"", ""expert_approved"": false, ""final_scientific_policy"": ""G4_G3_FINAL_SCIENTIFIC_POLICY_V1"", ""human_reviewed"": false, ""julich_probability_asset"": ""data/atlases/julich/v3.1/spatial_raw/probability_maps/"", ""julich_spatial_component_asset"": ""AREA_6R1_PRECG_RIGHT.nii.gz"", ""julich_spatial_component_id"": ""JULICH_BRAIN_CYTOARCHITECTONIC_ATLAS_V3_1_AREA_6R1_PRECG"", ""mapping_method_field"": ""spatial_overlap"", ""owner_scientific_review_status"": ""OWNER_SCIENTIFIC_REVIEWED"", ""phase"": ""G4_G3_MAPPING_CANDIDATE_STAGING_V1"", ""production_review_status"": ""pending"", ""relation_artifact"": ""g4_g3_final_relation_decisions.csv"", ""scientific_method"": ""Julich probability x Brainnetome probability + TemplateFlow nonlinear transform + probability-weighted overlap + hard-label auxiliary containment + owner scientific review"", ""semantic_compatibility_status"": null, ""source_canonical_g4_id"": ""NGIQ-BR-00000447"", ""source_coverage_ratio"": 0.22446976632382173, ""target_canonical_g3_id"": ""NGIQ-BR-00000078"", ""target_coverage_ratio"": 0.08798348288049156, ""transform_provenance"": ""data/atlases/templateflow_ref (MNI152NLin2009cAsym_from-MNI152NLin6Asym)""}"
G4G3-STAGE-971914CB1702A06FB5A0,1174,NGIQ-BR-00000447,Area 6r1 (PreCG) right,G4_MICROSTRUCTURAL_FINE,right,168,NGIQ-BR-00000056,"Right Inferior frontal gyrus, Brainnetome 6_6",G3_MESO_FINE,right,partial_overlap,spatial_overlap,0.182173,0.109859,,,False,proposed,pending,FALSE,FALSE,PARTIAL_OVERLAP,OWNER_CONFIRMED_PARTIAL,,,"{""brainnetome_probability_asset"": ""data/atlases/brainnetome/bna246/volume_raw/BNA_PM_4D.nii.gz"", ""decision_artifact"": ""g4_g3_final_scientific_decisions.csv"", ""decision_reason_code"": ""OWNER_CONFIRMED_PARTIAL"", ""evidence_2g_probability_overlap"": ""g4_g3_probability_overlap_summary.json"", ""evidence_2h_interpretation"": ""g4_g3_overlap_interpretation_profiles.csv"", ""evidence_2ia_policy"": ""g4_g3_scientific_decision_policy_v1.csv"", ""evidence_2ib_owner_revision"": ""g4_g3_owner_policy_revision_v1.csv"", ""evidence_2ic_final_decision"": ""g4_g3_final_scientific_decision_summary.json"", ""expert_approved"": false, ""final_scientific_policy"": ""G4_G3_FINAL_SCIENTIFIC_POLICY_V1"", ""human_reviewed"": false, ""julich_probability_asset"": ""data/atlases/julich/v3.1/spatial_raw/probability_maps/"", ""julich_spatial_component_asset"": ""AREA_6R1_PRECG_RIGHT.nii.gz"", ""julich_spatial_component_id"": ""JULICH_BRAIN_CYTOARCHITECTONIC_ATLAS_V3_1_AREA_6R1_PRECG"", ""mapping_method_field"": ""spatial_overlap"", ""owner_scientific_review_status"": ""OWNER_SCIENTIFIC_REVIEWED"", ""phase"": ""G4_G3_MAPPING_CANDIDATE_STAGING_V1"", ""production_review_status"": ""pending"", ""relation_artifact"": ""g4_g3_final_relation_decisions.csv"", ""scientific_method"": ""Julich probability x Brainnetome probability + TemplateFlow nonlinear transform + probability-weighted overlap + hard-label auxiliary containment + owner scientific review"", ""semantic_compatibility_status"": null, ""source_canonical_g4_id"": ""NGIQ-BR-00000447"", ""source_coverage_ratio"": 0.18217313838471627, ""target_canonical_g3_id"": ""NGIQ-BR-00000056"", ""target_coverage_ratio"": 0.10985932446141618, ""transform_provenance"": ""data/atlases/templateflow_ref (MNI152NLin2009cAsym_from-MNI152NLin6Asym)""}"
G4G3-STAGE-0AE3EED2AB0A7C0D58D4,1177,NGIQ-BR-00000448,Area 6r1 (PreCG) left,G4_MICROSTRUCTURAL_FINE,left,237,NGIQ-BR-00000079,"Left Precentral gyrus, Brainnetome 6_6",G3_MESO_FINE,left,partial_overlap,spatial_overlap,0.427844,0.065501,,,False,proposed,pending,FALSE,FALSE,PARTIAL_OVERLAP,FINAL_MULTI_TARGET_PARTIAL_GATE_PASS,,BOUNDARY_SECOND_TARGET,"{""brainnetome_probability_asset"": ""data/atlases/brainnetome/bna246/volume_raw/BNA_PM_4D.nii.gz"", ""decision_artifact"": ""g4_g3_final_scientific_decisions.csv"", ""decision_reason_code"": ""FINAL_MULTI_TARGET_PARTIAL_GATE_PASS"", ""evidence_2g_probability_overlap"": ""g4_g3_probability_overlap_summary.json"", ""evidence_2h_interpretation"": ""g4_g3_overlap_interpretation_profiles.csv"", ""evidence_2ia_policy"": ""g4_g3_scientific_decision_policy_v1.csv"", ""evidence_2ib_owner_revision"": ""g4_g3_owner_policy_revision_v1.csv"", ""evidence_2ic_final_decision"": ""g4_g3_final_scientific_decision_summary.json"", ""expert_approved"": false, ""final_scientific_policy"": ""G4_G3_FINAL_SCIENTIFIC_POLICY_V1"", ""human_reviewed"": false, ""julich_probability_asset"": ""data/atlases/julich/v3.1/spatial_raw/probability_maps/"", ""julich_spatial_component_asset"": ""AREA_6R1_PRECG_LEFT.nii.gz"", ""julich_spatial_component_id"": ""JULICH_BRAIN_CYTOARCHITECTONIC_ATLAS_V3_1_AREA_6R1_PRECG"", ""mapping_method_field"": ""spatial_overlap"", ""owner_scientific_review_status"": ""OWNER_SCIENTIFIC_REVIEWED"", ""phase"": ""G4_G3_MAPPING_CANDIDATE_STAGING_V1"", ""production_review_status"": ""pending"", ""relation_artifact"": ""g4_g3_final_relation_decisions.csv"", ""scientific_method"": ""Julich probability x Brainnetome probability + TemplateFlow nonlinear transform + probability-weighted overlap + hard-label auxiliary containment + owner scientific review"", ""semantic_compatibility_status"": null, ""source_canonical_g4_id"": ""NGIQ-BR-00000448"", ""source_coverage_ratio"": 0.4278439536253555, ""target_canonical_g3_id"": ""NGIQ-BR-00000079"", ""target_coverage_ratio"": 0.06550084353158259, ""transform_provenance"": ""data/atlases/templateflow_ref (MNI152NLin2009cAsym_from-MNI152NLin6Asym)""}"
G4G3-STAGE-122CAF482FA68BF64CDF,1177,NGIQ-BR-00000448,Area 6r1 (PreCG) left,G4_MICROSTRUCTURAL_FINE,left,165,NGIQ-BR-00000055,"Left Inferior frontal gyrus, Brainnetome 6_6",G3_MESO_FINE,left,partial_overlap,spatial_overlap,0.168374,0.061237,,,False,proposed,pending,FALSE,FALSE,PARTIAL_OVERLAP,FINAL_MULTI_TARGET_PARTIAL_GATE_PASS,,BOUNDARY_SECOND_TARGET,"{""brainnetome_probability_asset"": ""data/atlases/brainnetome/bna246/volume_raw/BNA_PM_4D.nii.gz"", ""decision_artifact"": ""g4_g3_final_scientific_decisions.csv"", ""decision_reason_code"": ""FINAL_MULTI_TARGET_PARTIAL_GATE_PASS"", ""evidence_2g_probability_overlap"": ""g4_g3_probability_overlap_summary.json"", ""evidence_2h_interpretation"": ""g4_g3_overlap_interpretation_profiles.csv"", ""evidence_2ia_policy"": ""g4_g3_scientific_decision_policy_v1.csv"", ""evidence_2ib_owner_revision"": ""g4_g3_owner_policy_revision_v1.csv"", ""evidence_2ic_final_decision"": ""g4_g3_final_scientific_decision_summary.json"", ""expert_approved"": false, ""final_scientific_policy"": ""G4_G3_FINAL_SCIENTIFIC_POLICY_V1"", ""human_reviewed"": false, ""julich_probability_asset"": ""data/atlases/julich/v3.1/spatial_raw/probability_maps/"", ""julich_spatial_component_asset"": ""AREA_6R1_PRECG_LEFT.nii.gz"", ""julich_spatial_component_id"": ""JULICH_BRAIN_CYTOARCHITECTONIC_ATLAS_V3_1_AREA_6R1_PRECG"", ""mapping_method_field"": ""spatial_overlap"", ""owner_scientific_review_status"": ""OWNER_SCIENTIFIC_REVIEWED"", ""phase"": ""G4_G3_MAPPING_CANDIDATE_STAGING_V1"", ""production_review_status"": ""pending"", ""relation_artifact"": ""g4_g3_final_relation_decisions.csv"", ""scientific_method"": ""Julich probability x Brainnetome probability + TemplateFlow nonlinear transform + probability-weighted overlap + hard-label auxiliary containment + owner scientific review"", ""semantic_compatibility_status"": null, ""source_canonical_g4_id"": ""NGIQ-BR-00000448"", ""source_coverage_ratio"": 0.16837432985839407, ""target_canonical_g3_id"": ""NGIQ-BR-00000055"", ""target_coverage_ratio"": 0.06123675814853807, ""transform_provenance"": ""data/atlases/templateflow_ref (MNI152NLin2009cAsym_from-MNI152NLin6Asym)""}"
G4G3-STAGE-A76D13B4B75F5F849AC9,1177,NGIQ-BR-00000448,Area 6r1 (PreCG) left,G4_MICROSTRUCTURAL_FINE,left,231,NGIQ-BR-00000077,"Left Precentral gyrus, Brainnetome 6_5",G3_MESO_FINE,left,partial_overlap,spatial_overlap,0.158836,0.047614,,,False,proposed,pending,FALSE,FALSE,PARTIAL_OVERLAP,FINAL_MULTI_TARGET_PARTIAL_GATE_PASS,,BOUNDARY_SECOND_TARGET,"{""brainnetome_probability_asset"": ""data/atlases/brainnetome/bna246/volume_raw/BNA_PM_4D.nii.gz"", ""decision_artifact"": ""g4_g3_final_scientific_decisions.csv"", ""decision_reason_code"": ""FINAL_MULTI_TARGET_PARTIAL_GATE_PASS"", ""evidence_2g_probability_overlap"": ""g4_g3_probability_overlap_summary.json"", ""evidence_2h_interpretation"": ""g4_g3_overlap_interpretation_profiles.csv"", ""evidence_2ia_policy"": ""g4_g3_scientific_decision_policy_v1.csv"", ""evidence_2ib_owner_revision"": ""g4_g3_owner_policy_revision_v1.csv"", ""evidence_2ic_final_decision"": ""g4_g3_final_scientific_decision_summary.json"", ""expert_approved"": false, ""final_scientific_policy"": ""G4_G3_FINAL_SCIENTIFIC_POLICY_V1"", ""human_reviewed"": false, ""julich_probability_asset"": ""data/atlases/julich/v3.1/spatial_raw/probability_maps/"", ""julich_spatial_component_asset"": ""AREA_6R1_PRECG_LEFT.nii.gz"", ""julich_spatial_component_id"": ""JULICH_BRAIN_CYTOARCHITECTONIC_ATLAS_V3_1_AREA_6R1_PRECG"", ""mapping_method_field"": ""spatial_overlap"", ""owner_scientific_review_status"": ""OWNER_SCIENTIFIC_REVIEWED"", ""phase"": ""G4_G3_MAPPING_CANDIDATE_STAGING_V1"", ""production_review_status"": ""pending"", ""relation_artifact"": ""g4_g3_final_relation_decisions.csv"", ""scientific_method"": ""Julich probability x Brainnetome probability + TemplateFlow nonlinear transform + probability-weighted overlap + hard-label auxiliary containment + owner scientific review"", ""semantic_compatibility_status"": null, ""source_canonical_g4_id"": ""NGIQ-BR-00000448"", ""source_coverage_ratio"": 0.15883649708433614, ""target_canonical_g3_id"": ""NGIQ-BR-00000077"", ""target_coverage_ratio"": 0.04761401976670532, ""transform_provenance"": ""data/atlases/templateflow_ref (MNI152NLin2009cAsym_from-MNI152NLin6Asym)""}"
G4G3-STAGE-7DE128ABFB487668D22A,1180,NGIQ-BR-00000449,Area 6v1 (PreCG) right,G4_MICROSTRUCTURAL_FINE,right,216,NGIQ-BR-00000072,"Right Precentral gyrus, Brainnetome 6_2",G3_MESO_FINE,right,partial_overlap,spatial_overlap,0.367411,0.094153,,,False,proposed,pending,FALSE,FALSE,PARTIAL_OVERLAP,OWNER_CONFIRMED_PARTIAL_SET_CONCORDANT,,,"{""brainnetome_probability_asset"": ""data/atlases/brainnetome/bna246/volume_raw/BNA_PM_4D.nii.gz"", ""decision_artifact"": ""g4_g3_final_scientific_decisions.csv"", ""decision_reason_code"": ""OWNER_CONFIRMED_PARTIAL_SET_CONCORDANT"", ""evidence_2g_probability_overlap"": ""g4_g3_probability_overlap_summary.json"", ""evidence_2h_interpretation"": ""g4_g3_overlap_interpretation_profiles.csv"", ""evidence_2ia_policy"": ""g4_g3_scientific_decision_policy_v1.csv"", ""evidence_2ib_owner_revision"": ""g4_g3_owner_policy_revision_v1.csv"", ""evidence_2ic_final_decision"": ""g4_g3_final_scientific_decision_summary.json"", ""expert_approved"": false, ""final_scientific_policy"": ""G4_G3_FINAL_SCIENTIFIC_POLICY_V1"", ""human_reviewed"": false, ""julich_probability_asset"": ""data/atlases/julich/v3.1/spatial_raw/probability_maps/"", ""julich_spatial_component_asset"": ""AREA_6V1_PRECG_RIGHT.nii.gz"", ""julich_spatial_component_id"": ""JULICH_BRAIN_CYTOARCHITECTONIC_ATLAS_V3_1_AREA_6V1_PRECG"", ""mapping_method_field"": ""spatial_overlap"", ""owner_scientific_review_status"": ""OWNER_SCIENTIFIC_REVIEWED"", ""phase"": ""G4_G3_MAPPING_CANDIDATE_STAGING_V1"", ""production_review_status"": ""pending"", ""relation_artifact"": ""g4_g3_final_relation_decisions.csv"", ""scientific_method"": ""Julich probability x Brainnetome probability + TemplateFlow nonlinear transform + probability-weighted overlap + hard-label auxiliary containment + owner scientific review"", ""semantic_compatibility_status"": null, ""source_canonical_g4_id"": ""NGIQ-BR-00000449"", ""source_coverage_ratio"": 0.3674108569282707, ""target_canonical_g3_id"": ""NGIQ-BR-00000072"", ""target_coverage_ratio"": 0.09415289943202704, ""transform_provenance"": ""data/atlases/templateflow_ref (MNI152NLin2009cAsym_from-MNI152NLin6Asym)""}"
G4G3-STAGE-6C779C0CC7BAC06CA909,1180,NGIQ-BR-00000449,Area 6v1 (PreCG) right,G4_MICROSTRUCTURAL_FINE,right,132,NGIQ-BR-00000044,"Right Middle frontal gyrus, Brainnetome 7_6",G3_MESO_FINE,right,partial_overlap,spatial_overlap,0.363822,0.173472,,,False,proposed,pending,FALSE,FALSE,PARTIAL_OVERLAP,OWNER_CONFIRMED_PARTIAL_SET_CONCORDANT,,,"{""brainnetome_probability_asset"": ""data/atlases/brainnetome/bna246/volume_raw/BNA_PM_4D.nii.gz"", ""decision_artifact"": ""g4_g3_final_scientific_decisions.csv"", ""decision_reason_code"": ""OWNER_CONFIRMED_PARTIAL_SET_CONCORDANT"", ""evidence_2g_probability_overlap"": ""g4_g3_probability_overlap_summary.json"", ""evidence_2h_interpretation"": ""g4_g3_overlap_interpretation_profiles.csv"", ""evidence_2ia_policy"": ""g4_g3_scientific_decision_policy_v1.csv"", ""evidence_2ib_owner_revision"": ""g4_g3_owner_policy_revision_v1.csv"", ""evidence_2ic_final_decision"": ""g4_g3_final_scientific_decision_summary.json"", ""expert_approved"": false, ""final_scientific_policy"": ""G4_G3_FINAL_SCIENTIFIC_POLICY_V1"", ""human_reviewed"": false, ""julich_probability_asset"": ""data/atlases/julich/v3.1/spatial_raw/probability_maps/"", ""julich_spatial_component_asset"": ""AREA_6V1_PRECG_RIGHT.nii.gz"", ""julich_spatial_component_id"": ""JULICH_BRAIN_CYTOARCHITECTONIC_ATLAS_V3_1_AREA_6V1_PRECG"", ""mapping_method_field"": ""spatial_overlap"", ""owner_scientific_review_status"": ""OWNER_SCIENTIFIC_REVIEWED"", ""phase"": ""G4_G3_MAPPING_CANDIDATE_STAGING_V1"", ""production_review_status"": ""pending"", ""relation_artifact"": ""g4_g3_final_relation_decisions.csv"", ""scientific_method"": ""Julich probability x Brainnetome probability + TemplateFlow nonlinear transform + probability-weighted overlap + hard-label auxiliary containment + owner scientific review"", ""semantic_compatibility_status"": null, ""source_canonical_g4_id"": ""NGIQ-BR-00000449"", ""source_coverage_ratio"": 0.3638220397811851, ""target_canonical_g3_id"": ""NGIQ-BR-00000044"", ""target_coverage_ratio"": 0.17347245696054203, ""transform_provenance"": ""data/atlases/templateflow_ref (MNI152NLin2009cAsym_from-MNI152NLin6Asym)""}"
G4G3-STAGE-D3A0F5A86454CD719ADB,1183,NGIQ-BR-00000450,Area 6v1 (PreCG) left,G4_MICROSTRUCTURAL_FINE,left,129,NGIQ-BR-00000043,"Left Middle frontal gyrus, Brainnetome 7_6",G3_MESO_FINE,left,partial_overlap,spatial_overlap,0.489631,0.158771,,,False,proposed,pending,FALSE,FALSE,PARTIAL_OVERLAP,OWNER_CONFIRMED_PARTIAL,,,"{""brainnetome_probability_asset"": ""data/atlases/brainnetome/bna246/volume_raw/BNA_PM_4D.nii.gz"", ""decision_artifact"": ""g4_g3_final_scientific_decisions.csv"", ""decision_reason_code"": ""OWNER_CONFIRMED_PARTIAL"", ""evidence_2g_probability_overlap"": ""g4_g3_probability_overlap_summary.json"", ""evidence_2h_interpretation"": ""g4_g3_overlap_interpretation_profiles.csv"", ""evidence_2ia_policy"": ""g4_g3_scientific_decision_policy_v1.csv"", ""evidence_2ib_owner_revision"": ""g4_g3_owner_policy_revision_v1.csv"", ""evidence_2ic_final_decision"": ""g4_g3_final_scientific_decision_summary.json"", ""expert_approved"": false, ""final_scientific_policy"": ""G4_G3_FINAL_SCIENTIFIC_POLICY_V1"", ""human_reviewed"": false, ""julich_probability_asset"": ""data/atlases/julich/v3.1/spatial_raw/probability_maps/"", ""julich_spatial_component_asset"": ""AREA_6V1_PRECG_LEFT.nii.gz"", ""julich_spatial_component_id"": ""JULICH_BRAIN_CYTOARCHITECTONIC_ATLAS_V3_1_AREA_6V1_PRECG"", ""mapping_method_field"": ""spatial_overlap"", ""owner_scientific_review_status"": ""OWNER_SCIENTIFIC_REVIEWED"", ""phase"": ""G4_G3_MAPPING_CANDIDATE_STAGING_V1"", ""production_review_status"": ""pending"", ""relation_artifact"": ""g4_g3_final_relation_decisions.csv"", ""scientific_method"": ""Julich probability x Brainnetome probability + TemplateFlow nonlinear transform + probability-weighted overlap + hard-label auxiliary containment + owner scientific review"", ""semantic_compatibility_status"": null, ""source_canonical_g4_id"": ""NGIQ-BR-00000450"", ""source_coverage_ratio"": 0.48963054060440325, ""target_canonical_g3_id"": ""NGIQ-BR-00000043"", ""target_coverage_ratio"": 0.15877142600691324, ""transform_provenance"": ""data/atlases/templateflow_ref (MNI152NLin2009cAsym_from-MNI152NLin6Asym)""}"
G4G3-STAGE-63B22C9D00C00E686151,1183,NGIQ-BR-00000450,Area 6v1 (PreCG) left,G4_MICROSTRUCTURAL_FINE,left,213,NGIQ-BR-00000071,"Left Precentral gyrus, Brainnetome 6_2",G3_MESO_FINE,left,partial_overlap,spatial_overlap,0.379494,0.115356,,,False,proposed,pending,FALSE,FALSE,PARTIAL_OVERLAP,OWNER_CONFIRMED_PARTIAL,,,"{""brainnetome_probability_asset"": ""data/atlases/brainnetome/bna246/volume_raw/BNA_PM_4D.nii.gz"", ""decision_artifact"": ""g4_g3_final_scientific_decisions.csv"", ""decision_reason_code"": ""OWNER_CONFIRMED_PARTIAL"", ""evidence_2g_probability_overlap"": ""g4_g3_probability_overlap_summary.json"", ""evidence_2h_interpretation"": ""g4_g3_overlap_interpretation_profiles.csv"", ""evidence_2ia_policy"": ""g4_g3_scientific_decision_policy_v1.csv"", ""evidence_2ib_owner_revision"": ""g4_g3_owner_policy_revision_v1.csv"", ""evidence_2ic_final_decision"": ""g4_g3_final_scientific_decision_summary.json"", ""expert_approved"": false, ""final_scientific_policy"": ""G4_G3_FINAL_SCIENTIFIC_POLICY_V1"", ""human_reviewed"": false, ""julich_probability_asset"": ""data/atlases/julich/v3.1/spatial_raw/probability_maps/"", ""julich_spatial_component_asset"": ""AREA_6V1_PRECG_LEFT.nii.gz"", ""julich_spatial_component_id"": ""JULICH_BRAIN_CYTOARCHITECTONIC_ATLAS_V3_1_AREA_6V1_PRECG"", ""mapping_method_field"": ""spatial_overlap"", ""owner_scientific_review_status"": ""OWNER_SCIENTIFIC_REVIEWED"", ""phase"": ""G4_G3_MAPPING_CANDIDATE_STAGING_V1"", ""production_review_status"": ""pending"", ""relation_artifact"": ""g4_g3_final_relation_decisions.csv"", ""scientific_method"": ""Julich probability x Brainnetome probability + TemplateFlow nonlinear transform + probability-weighted overlap + hard-label auxiliary containment + owner scientific review"", ""semantic_compatibility_status"": null, ""source_canonical_g4_id"": ""NGIQ-BR-00000450"", ""source_coverage_ratio"": 0.37949437610622405, ""target_canonical_g3_id"": ""NGIQ-BR-00000071"", ""target_coverage_ratio"": 0.11535604204662002, ""transform_provenance"": ""data/atlases/templateflow_ref (MNI152NLin2009cAsym_from-MNI152NLin6Asym)""}"
G4G3-STAGE-FAC1DBBD4B1323D26F31,1186,NGIQ-BR-00000451,Area 6d2 (PreCG) right,G4_MICROSTRUCTURAL_FINE,right,78,NGIQ-BR-00000026,"Right Superior frontal gyrus, Brainnetome 7_4",G3_MESO_FINE,right,dominant_overlap,spatial_overlap,0.595766,0.105037,,,False,proposed,pending,FALSE,FALSE,APPROVE_DOMINANT_OVERLAP,DOMINANT_CRITERIA_V1,,,"{""brainnetome_probability_asset"": ""data/atlases/brainnetome/bna246/volume_raw/BNA_PM_4D.nii.gz"", ""decision_artifact"": ""g4_g3_final_scientific_decisions.csv"", ""decision_reason_code"": ""DOMINANT_CRITERIA_V1"", ""evidence_2g_probability_overlap"": ""g4_g3_probability_overlap_summary.json"", ""evidence_2h_interpretation"": ""g4_g3_overlap_interpretation_profiles.csv"", ""evidence_2ia_policy"": ""g4_g3_scientific_decision_policy_v1.csv"", ""evidence_2ib_owner_revision"": ""g4_g3_owner_policy_revision_v1.csv"", ""evidence_2ic_final_decision"": ""g4_g3_final_scientific_decision_summary.json"", ""expert_approved"": false, ""final_scientific_policy"": ""G4_G3_FINAL_SCIENTIFIC_POLICY_V1"", ""human_reviewed"": false, ""julich_probability_asset"": ""data/atlases/julich/v3.1/spatial_raw/probability_maps/"", ""julich_spatial_component_asset"": ""AREA_6D2_PRECG_RIGHT.nii.gz"", ""julich_spatial_component_id"": ""JULICH_BRAIN_CYTOARCHITECTONIC_ATLAS_V3_1_AREA_6D2_PRECG"", ""mapping_method_field"": ""spatial_overlap"", ""owner_scientific_review_status"": ""OWNER_SCIENTIFIC_REVIEWED"", ""phase"": ""G4_G3_MAPPING_CANDIDATE_STAGING_V1"", ""production_review_status"": ""pending"", ""relation_artifact"": ""g4_g3_final_relation_decisions.csv"", ""scientific_method"": ""Julich probability x Brainnetome probability + TemplateFlow nonlinear transform + probability-weighted overlap + hard-label auxiliary containment + owner scientific review"", ""semantic_compatibility_status"": null, ""source_canonical_g4_id"": ""NGIQ-BR-00000451"", ""source_coverage_ratio"": 0.5957661305030343, ""target_canonical_g3_id"": ""NGIQ-BR-00000026"", ""target_coverage_ratio"": 0.10503682618822743, ""transform_provenance"": ""data/atlases/templateflow_ref (MNI152NLin2009cAsym_from-MNI152NLin6Asym)""}"
G4G3-STAGE-1BB784744DB827539F27,1192,NGIQ-BR-00000453,Area 6d1 (PreCG) right,G4_MICROSTRUCTURAL_FINE,right,216,NGIQ-BR-00000072,"Right Precentral gyrus, Brainnetome 6_2",G3_MESO_FINE,right,partial_overlap,spatial_overlap,0.326402,0.151826,,,False,proposed,pending,FALSE,FALSE,PARTIAL_OVERLAP,FINAL_MULTI_TARGET_PARTIAL_GATE_PASS,,BOUNDARY_SECOND_TARGET,"{""brainnetome_probability_asset"": ""data/atlases/brainnetome/bna246/volume_raw/BNA_PM_4D.nii.gz"", ""decision_artifact"": ""g4_g3_final_scientific_decisions.csv"", ""decision_reason_code"": ""FINAL_MULTI_TARGET_PARTIAL_GATE_PASS"", ""evidence_2g_probability_overlap"": ""g4_g3_probability_overlap_summary.json"", ""evidence_2h_interpretation"": ""g4_g3_overlap_interpretation_profiles.csv"", ""evidence_2ia_policy"": ""g4_g3_scientific_decision_policy_v1.csv"", ""evidence_2ib_owner_revision"": ""g4_g3_owner_policy_revision_v1.csv"", ""evidence_2ic_final_decision"": ""g4_g3_final_scientific_decision_summary.json"", ""expert_approved"": false, ""final_scientific_policy"": ""G4_G3_FINAL_SCIENTIFIC_POLICY_V1"", ""human_reviewed"": false, ""julich_probability_asset"": ""data/atlases/julich/v3.1/spatial_raw/probability_maps/"", ""julich_spatial_component_asset"": ""AREA_6D1_PRECG_RIGHT.nii.gz"", ""julich_spatial_component_id"": ""JULICH_BRAIN_CYTOARCHITECTONIC_ATLAS_V3_1_AREA_6D1_PRECG"", ""mapping_method_field"": ""spatial_overlap"", ""owner_scientific_review_status"": ""OWNER_SCIENTIFIC_REVIEWED"", ""phase"": ""G4_G3_MAPPING_CANDIDATE_STAGING_V1"", ""production_review_status"": ""pending"", ""relation_artifact"": ""g4_g3_final_relation_decisions.csv"", ""scientific_method"": ""Julich probability x Brainnetome probability + TemplateFlow nonlinear transform + probability-weighted overlap + hard-label auxiliary containment + owner scientific review"", ""semantic_compatibility_status"": null, ""source_canonical_g4_id"": ""NGIQ-BR-00000453"", ""source_coverage_ratio"": 0.3264022484594572, ""target_canonical_g3_id"": ""NGIQ-BR-00000072"", ""target_coverage_ratio"": 0.15182647155005544, ""transform_provenance"": ""data/atlases/templateflow_ref (MNI152NLin2009cAsym_from-MNI152NLin6Asym)""}"
G4G3-STAGE-777003612201250A4E72,1192,NGIQ-BR-00000453,Area 6d1 (PreCG) right,G4_MICROSTRUCTURAL_FINE,right,84,NGIQ-BR-00000028,"Right Superior frontal gyrus, Brainnetome 7_5",G3_MESO_FINE,right,partial_overlap,spatial_overlap,0.178672,0.092812,,,False,proposed,pending,FALSE,FALSE,PARTIAL_OVERLAP,FINAL_MULTI_TARGET_PARTIAL_GATE_PASS,,BOUNDARY_SECOND_TARGET,"{""brainnetome_probability_asset"": ""data/atlases/brainnetome/bna246/volume_raw/BNA_PM_4D.nii.gz"", ""decision_artifact"": ""g4_g3_final_scientific_decisions.csv"", ""decision_reason_code"": ""FINAL_MULTI_TARGET_PARTIAL_GATE_PASS"", ""evidence_2g_probability_overlap"": ""g4_g3_probability_overlap_summary.json"", ""evidence_2h_interpretation"": ""g4_g3_overlap_interpretation_profiles.csv"", ""evidence_2ia_policy"": ""g4_g3_scientific_decision_policy_v1.csv"", ""evidence_2ib_owner_revision"": ""g4_g3_owner_policy_revision_v1.csv"", ""evidence_2ic_final_decision"": ""g4_g3_final_scientific_decision_summary.json"", ""expert_approved"": false, ""final_scientific_policy"": ""G4_G3_FINAL_SCIENTIFIC_POLICY_V1"", ""human_reviewed"": false, ""julich_probability_asset"": ""data/atlases/julich/v3.1/spatial_raw/probability_maps/"", ""julich_spatial_component_asset"": ""AREA_6D1_PRECG_RIGHT.nii.gz"", ""julich_spatial_component_id"": ""JULICH_BRAIN_CYTOARCHITECTONIC_ATLAS_V3_1_AREA_6D1_PRECG"", ""mapping_method_field"": ""spatial_overlap"", ""owner_scientific_review_status"": ""OWNER_SCIENTIFIC_REVIEWED"", ""phase"": ""G4_G3_MAPPING_CANDIDATE_STAGING_V1"", ""production_review_status"": ""pending"", ""relation_artifact"": ""g4_g3_final_relation_decisions.csv"", ""scientific_method"": ""Julich probability x Brainnetome probability + TemplateFlow nonlinear transform + probability-weighted overlap + hard-label auxiliary containment + owner scientific review"", ""semantic_compatibility_status"": null, ""source_canonical_g4_id"": ""NGIQ-BR-00000453"", ""source_coverage_ratio"": 0.17867224904912105, ""target_canonical_g3_id"": ""NGIQ-BR-00000028"", ""target_coverage_ratio"": 0.09281212921781139, ""transform_provenance"": ""data/atlases/templateflow_ref (MNI152NLin2009cAsym_from-MNI152NLin6Asym)""}"
G4G3-STAGE-D1DC9B7E1E066CC38C70,1192,NGIQ-BR-00000453,Area 6d1 (PreCG) right,G4_MICROSTRUCTURAL_FINE,right,228,NGIQ-BR-00000076,"Right Precentral gyrus, Brainnetome 6_4",G3_MESO_FINE,right,partial_overlap,spatial_overlap,0.163548,0.153657,,,False,proposed,pending,FALSE,FALSE,PARTIAL_OVERLAP,FINAL_MULTI_TARGET_PARTIAL_GATE_PASS,,BOUNDARY_SECOND_TARGET,"{""brainnetome_probability_asset"": ""data/atlases/brainnetome/bna246/volume_raw/BNA_PM_4D.nii.gz"", ""decision_artifact"": ""g4_g3_final_scientific_decisions.csv"", ""decision_reason_code"": ""FINAL_MULTI_TARGET_PARTIAL_GATE_PASS"", ""evidence_2g_probability_overlap"": ""g4_g3_probability_overlap_summary.json"", ""evidence_2h_interpretation"": ""g4_g3_overlap_interpretation_profiles.csv"", ""evidence_2ia_policy"": ""g4_g3_scientific_decision_policy_v1.csv"", ""evidence_2ib_owner_revision"": ""g4_g3_owner_policy_revision_v1.csv"", ""evidence_2ic_final_decision"": ""g4_g3_final_scientific_decision_summary.json"", ""expert_approved"": false, ""final_scientific_policy"": ""G4_G3_FINAL_SCIENTIFIC_POLICY_V1"", ""human_reviewed"": false, ""julich_probability_asset"": ""data/atlases/julich/v3.1/spatial_raw/probability_maps/"", ""julich_spatial_component_asset"": ""AREA_6D1_PRECG_RIGHT.nii.gz"", ""julich_spatial_component_id"": ""JULICH_BRAIN_CYTOARCHITECTONIC_ATLAS_V3_1_AREA_6D1_PRECG"", ""mapping_method_field"": ""spatial_overlap"", ""owner_scientific_review_status"": ""OWNER_SCIENTIFIC_REVIEWED"", ""phase"": ""G4_G3_MAPPING_CANDIDATE_STAGING_V1"", ""production_review_status"": ""pending"", ""relation_artifact"": ""g4_g3_final_relation_decisions.csv"", ""scientific_method"": ""Julich probability x Brainnetome probability + TemplateFlow nonlinear transform + probability-weighted overlap + hard-label auxiliary containment + owner scientific review"", ""semantic_compatibility_status"": null, ""source_canonical_g4_id"": ""NGIQ-BR-00000453"", ""source_coverage_ratio"": 0.16354801933995866, ""target_canonical_g3_id"": ""NGIQ-BR-00000076"", ""target_coverage_ratio"": 0.15365716292902307, ""transform_provenance"": ""data/atlases/templateflow_ref (MNI152NLin2009cAsym_from-MNI152NLin6Asym)""}"
G4G3-STAGE-A403D7E4FAAC8E9C398D,1198,NGIQ-BR-00000455,"Area 6ma (preSMA, mesial SFG) right",G4_MICROSTRUCTURAL_FINE,right,6,NGIQ-BR-00000002,"Right Superior frontal gyrus, Brainnetome 7_1",G3_MESO_FINE,right,dominant_overlap,spatial_overlap,0.542561,0.090402,,,False,proposed,pending,FALSE,FALSE,APPROVE_DOMINANT_OVERLAP,DOMINANT_CRITERIA_V1,,BOUNDARY_METRIC,"{""brainnetome_probability_asset"": ""data/atlases/brainnetome/bna246/volume_raw/BNA_PM_4D.nii.gz"", ""decision_artifact"": ""g4_g3_final_scientific_decisions.csv"", ""decision_reason_code"": ""DOMINANT_CRITERIA_V1"", ""evidence_2g_probability_overlap"": ""g4_g3_probability_overlap_summary.json"", ""evidence_2h_interpretation"": ""g4_g3_overlap_interpretation_profiles.csv"", ""evidence_2ia_policy"": ""g4_g3_scientific_decision_policy_v1.csv"", ""evidence_2ib_owner_revision"": ""g4_g3_owner_policy_revision_v1.csv"", ""evidence_2ic_final_decision"": ""g4_g3_final_scientific_decision_summary.json"", ""expert_approved"": false, ""final_scientific_policy"": ""G4_G3_FINAL_SCIENTIFIC_POLICY_V1"", ""human_reviewed"": false, ""julich_probability_asset"": ""data/atlases/julich/v3.1/spatial_raw/probability_maps/"", ""julich_spatial_component_asset"": ""AREA_6MA_PRESMA_MESIAL_SFG_RIGHT.nii.gz"", ""julich_spatial_component_id"": ""JULICH_BRAIN_CYTOARCHITECTONIC_ATLAS_V3_1_AREA_6MA_PRESMA_MESIAL_SFG"", ""mapping_method_field"": ""spatial_overlap"", ""owner_scientific_review_status"": ""OWNER_SCIENTIFIC_REVIEWED"", ""phase"": ""G4_G3_MAPPING_CANDIDATE_STAGING_V1"", ""production_review_status"": ""pending"", ""relation_artifact"": ""g4_g3_final_relation_decisions.csv"", ""scientific_method"": ""Julich probability x Brainnetome probability + TemplateFlow nonlinear transform + probability-weighted overlap + hard-label auxiliary containment + owner scientific review"", ""semantic_compatibility_status"": null, ""source_canonical_g4_id"": ""NGIQ-BR-00000455"", ""source_coverage_ratio"": 0.5425614260313263, ""target_canonical_g3_id"": ""NGIQ-BR-00000002"", ""target_coverage_ratio"": 0.09040155816095483, ""transform_provenance"": ""data/atlases/templateflow_ref (MNI152NLin2009cAsym_from-MNI152NLin6Asym)""}"
G4G3-STAGE-D1A84B38E0A6A9577432,1201,NGIQ-BR-00000456,"Area 6ma (preSMA, mesial SFG) left",G4_MICROSTRUCTURAL_FINE,left,3,NGIQ-BR-00000001,"Left Superior frontal gyrus, Brainnetome 7_1",G3_MESO_FINE,left,partial_overlap,spatial_overlap,0.519237,0.093112,,,False,proposed,pending,FALSE,FALSE,PARTIAL_OVERLAP,OWNER_CONFIRMED_PARTIAL,,,"{""brainnetome_probability_asset"": ""data/atlases/brainnetome/bna246/volume_raw/BNA_PM_4D.nii.gz"", ""decision_artifact"": ""g4_g3_final_scientific_decisions.csv"", ""decision_reason_code"": ""OWNER_CONFIRMED_PARTIAL"", ""evidence_2g_probability_overlap"": ""g4_g3_probability_overlap_summary.json"", ""evidence_2h_interpretation"": ""g4_g3_overlap_interpretation_profiles.csv"", ""evidence_2ia_policy"": ""g4_g3_scientific_decision_policy_v1.csv"", ""evidence_2ib_owner_revision"": ""g4_g3_owner_policy_revision_v1.csv"", ""evidence_2ic_final_decision"": ""g4_g3_final_scientific_decision_summary.json"", ""expert_approved"": false, ""final_scientific_policy"": ""G4_G3_FINAL_SCIENTIFIC_POLICY_V1"", ""human_reviewed"": false, ""julich_probability_asset"": ""data/atlases/julich/v3.1/spatial_raw/probability_maps/"", ""julich_spatial_component_asset"": ""AREA_6MA_PRESMA_MESIAL_SFG_LEFT.nii.gz"", ""julich_spatial_component_id"": ""JULICH_BRAIN_CYTOARCHITECTONIC_ATLAS_V3_1_AREA_6MA_PRESMA_MESIAL_SFG"", ""mapping_method_field"": ""spatial_overlap"", ""owner_scientific_review_status"": ""OWNER_SCIENTIFIC_REVIEWED"", ""phase"": ""G4_G3_MAPPING_CANDIDATE_STAGING_V1"", ""production_review_status"": ""pending"", ""relation_artifact"": ""g4_g3_final_relation_decisions.csv"", ""scientific_method"": ""Julich probability x Brainnetome probability + TemplateFlow nonlinear transform + probability-weighted overlap + hard-label auxiliary containment + owner scientific review"", ""semantic_compatibility_status"": null, ""source_canonical_g4_id"": ""NGIQ-BR-00000456"", ""source_coverage_ratio"": 0.5192373700917481, ""target_canonical_g3_id"": ""NGIQ-BR-00000001"", ""target_coverage_ratio"": 0.09311241839389517, ""transform_provenance"": ""data/atlases/templateflow_ref (MNI152NLin2009cAsym_from-MNI152NLin6Asym)""}"
G4G3-STAGE-2D31FC4FC4BE6BF29C84,1201,NGIQ-BR-00000456,"Area 6ma (preSMA, mesial SFG) left",G4_MICROSTRUCTURAL_FINE,left,81,NGIQ-BR-00000027,"Left Superior frontal gyrus, Brainnetome 7_5",G3_MESO_FINE,left,partial_overlap,spatial_overlap,0.388456,0.086563,,,False,proposed,pending,FALSE,FALSE,PARTIAL_OVERLAP,OWNER_CONFIRMED_PARTIAL,,,"{""brainnetome_probability_asset"": ""data/atlases/brainnetome/bna246/volume_raw/BNA_PM_4D.nii.gz"", ""decision_artifact"": ""g4_g3_final_scientific_decisions.csv"", ""decision_reason_code"": ""OWNER_CONFIRMED_PARTIAL"", ""evidence_2g_probability_overlap"": ""g4_g3_probability_overlap_summary.json"", ""evidence_2h_interpretation"": ""g4_g3_overlap_interpretation_profiles.csv"", ""evidence_2ia_policy"": ""g4_g3_scientific_decision_policy_v1.csv"", ""evidence_2ib_owner_revision"": ""g4_g3_owner_policy_revision_v1.csv"", ""evidence_2ic_final_decision"": ""g4_g3_final_scientific_decision_summary.json"", ""expert_approved"": false, ""final_scientific_policy"": ""G4_G3_FINAL_SCIENTIFIC_POLICY_V1"", ""human_reviewed"": false, ""julich_probability_asset"": ""data/atlases/julich/v3.1/spatial_raw/probability_maps/"", ""julich_spatial_component_asset"": ""AREA_6MA_PRESMA_MESIAL_SFG_LEFT.nii.gz"", ""julich_spatial_component_id"": ""JULICH_BRAIN_CYTOARCHITECTONIC_ATLAS_V3_1_AREA_6MA_PRESMA_MESIAL_SFG"", ""mapping_method_field"": ""spatial_overlap"", ""owner_scientific_review_status"": ""OWNER_SCIENTIFIC_REVIEWED"", ""phase"": ""G4_G3_MAPPING_CANDIDATE_STAGING_V1"", ""production_review_status"": ""pending"", ""relation_artifact"": ""g4_g3_final_relation_decisions.csv"", ""scientific_method"": ""Julich probability x Brainnetome probability + TemplateFlow nonlinear transform + probability-weighted overlap + hard-label auxiliary containment + owner scientific review"", ""semantic_compatibility_status"": null, ""source_canonical_g4_id"": ""NGIQ-BR-00000456"", ""source_coverage_ratio"": 0.3884564229276476, ""target_canonical_g3_id"": ""NGIQ-BR-00000027"", ""target_coverage_ratio"": 0.08656321457320476, ""transform_provenance"": ""data/atlases/templateflow_ref (MNI152NLin2009cAsym_from-MNI152NLin6Asym)""}"
G4G3-STAGE-4E099AB808D78EF3BDFA,1204,NGIQ-BR-00000457,Area Fp1 (FPole) right,G4_MICROSTRUCTURAL_FINE,right,138,NGIQ-BR-00000046,"Right Middle frontal gyrus, Brainnetome 7_7",G3_MESO_FINE,right,partial_overlap,spatial_overlap,0.49564,0.266742,,,False,proposed,pending,FALSE,FALSE,PARTIAL_OVERLAP,OWNER_CONFIRMED_PARTIAL,,,"{""brainnetome_probability_asset"": ""data/atlases/brainnetome/bna246/volume_raw/BNA_PM_4D.nii.gz"", ""decision_artifact"": ""g4_g3_final_scientific_decisions.csv"", ""decision_reason_code"": ""OWNER_CONFIRMED_PARTIAL"", ""evidence_2g_probability_overlap"": ""g4_g3_probability_overlap_summary.json"", ""evidence_2h_interpretation"": ""g4_g3_overlap_interpretation_profiles.csv"", ""evidence_2ia_policy"": ""g4_g3_scientific_decision_policy_v1.csv"", ""evidence_2ib_owner_revision"": ""g4_g3_owner_policy_revision_v1.csv"", ""evidence_2ic_final_decision"": ""g4_g3_final_scientific_decision_summary.json"", ""expert_approved"": false, ""final_scientific_policy"": ""G4_G3_FINAL_SCIENTIFIC_POLICY_V1"", ""human_reviewed"": false, ""julich_probability_asset"": ""data/atlases/julich/v3.1/spatial_raw/probability_maps/"", ""julich_spatial_component_asset"": ""AREA_FP1_FPOLE_RIGHT.nii.gz"", ""julich_spatial_component_id"": ""JULICH_BRAIN_CYTOARCHITECTONIC_ATLAS_V3_1_AREA_FP1_FPOLE"", ""mapping_method_field"": ""spatial_overlap"", ""owner_scientific_review_status"": ""OWNER_SCIENTIFIC_REVIEWED"", ""phase"": ""G4_G3_MAPPING_CANDIDATE_STAGING_V1"", ""production_review_status"": ""pending"", ""relation_artifact"": ""g4_g3_final_relation_decisions.csv"", ""scientific_method"": ""Julich probability x Brainnetome probability + TemplateFlow nonlinear transform + probability-weighted overlap + hard-label auxiliary containment + owner scientific review"", ""semantic_compatibility_status"": null, ""source_canonical_g4_id"": ""NGIQ-BR-00000457"", ""source_coverage_ratio"": 0.49564024637652987, ""target_canonical_g3_id"": ""NGIQ-BR-00000046"", ""target_coverage_ratio"": 0.26674150324067375, ""transform_provenance"": ""data/atlases/templateflow_ref (MNI152NLin2009cAsym_from-MNI152NLin6Asym)""}"
G4G3-STAGE-D3EB6AB12F5ADA7522ED,1204,NGIQ-BR-00000457,Area Fp1 (FPole) right,G4_MICROSTRUCTURAL_FINE,right,192,NGIQ-BR-00000064,"Right Orbital gyrus, Brainnetome 6_4",G3_MESO_FINE,right,partial_overlap,spatial_overlap,0.238495,0.13805,,,False,proposed,pending,FALSE,FALSE,PARTIAL_OVERLAP,OWNER_CONFIRMED_PARTIAL,,,"{""brainnetome_probability_asset"": ""data/atlases/brainnetome/bna246/volume_raw/BNA_PM_4D.nii.gz"", ""decision_artifact"": ""g4_g3_final_scientific_decisions.csv"", ""decision_reason_code"": ""OWNER_CONFIRMED_PARTIAL"", ""evidence_2g_probability_overlap"": ""g4_g3_probability_overlap_summary.json"", ""evidence_2h_interpretation"": ""g4_g3_overlap_interpretation_profiles.csv"", ""evidence_2ia_policy"": ""g4_g3_scientific_decision_policy_v1.csv"", ""evidence_2ib_owner_revision"": ""g4_g3_owner_policy_revision_v1.csv"", ""evidence_2ic_final_decision"": ""g4_g3_final_scientific_decision_summary.json"", ""expert_approved"": false, ""final_scientific_policy"": ""G4_G3_FINAL_SCIENTIFIC_POLICY_V1"", ""human_reviewed"": false, ""julich_probability_asset"": ""data/atlases/julich/v3.1/spatial_raw/probability_maps/"", ""julich_spatial_component_asset"": ""AREA_FP1_FPOLE_RIGHT.nii.gz"", ""julich_spatial_component_id"": ""JULICH_BRAIN_CYTOARCHITECTONIC_ATLAS_V3_1_AREA_FP1_FPOLE"", ""mapping_method_field"": ""spatial_overlap"", ""owner_scientific_review_status"": ""OWNER_SCIENTIFIC_REVIEWED"", ""phase"": ""G4_G3_MAPPING_CANDIDATE_STAGING_V1"", ""production_review_status"": ""pending"", ""relation_artifact"": ""g4_g3_final_relation_decisions.csv"", ""scientific_method"": ""Julich probability x Brainnetome probability + TemplateFlow nonlinear transform + probability-weighted overlap + hard-label auxiliary containment + owner scientific review"", ""semantic_compatibility_status"": null, ""source_canonical_g4_id"": ""NGIQ-BR-00000457"", ""source_coverage_ratio"": 0.23849537729013726, ""target_canonical_g3_id"": ""NGIQ-BR-00000064"", ""target_coverage_ratio"": 0.13804950863273419, ""transform_provenance"": ""data/atlases/templateflow_ref (MNI152NLin2009cAsym_from-MNI152NLin6Asym)""}"
G4G3-STAGE-D83DC75EE1E7BCEE723A,1207,NGIQ-BR-00000458,Area Fp1 (FPole) left,G4_MICROSTRUCTURAL_FINE,left,135,NGIQ-BR-00000045,"Left Middle frontal gyrus, Brainnetome 7_7",G3_MESO_FINE,left,partial_overlap,spatial_overlap,0.453153,0.240868,,,False,proposed,pending,FALSE,FALSE,PARTIAL_OVERLAP,OWNER_CONFIRMED_PARTIAL,,BOUNDARY_SECOND_TARGET,"{""brainnetome_probability_asset"": ""data/atlases/brainnetome/bna246/volume_raw/BNA_PM_4D.nii.gz"", ""decision_artifact"": ""g4_g3_final_scientific_decisions.csv"", ""decision_reason_code"": ""OWNER_CONFIRMED_PARTIAL"", ""evidence_2g_probability_overlap"": ""g4_g3_probability_overlap_summary.json"", ""evidence_2h_interpretation"": ""g4_g3_overlap_interpretation_profiles.csv"", ""evidence_2ia_policy"": ""g4_g3_scientific_decision_policy_v1.csv"", ""evidence_2ib_owner_revision"": ""g4_g3_owner_policy_revision_v1.csv"", ""evidence_2ic_final_decision"": ""g4_g3_final_scientific_decision_summary.json"", ""expert_approved"": false, ""final_scientific_policy"": ""G4_G3_FINAL_SCIENTIFIC_POLICY_V1"", ""human_reviewed"": false, ""julich_probability_asset"": ""data/atlases/julich/v3.1/spatial_raw/probability_maps/"", ""julich_spatial_component_asset"": ""AREA_FP1_FPOLE_LEFT.nii.gz"", ""julich_spatial_component_id"": ""JULICH_BRAIN_CYTOARCHITECTONIC_ATLAS_V3_1_AREA_FP1_FPOLE"", ""mapping_method_field"": ""spatial_overlap"", ""owner_scientific_review_status"": ""OWNER_SCIENTIFIC_REVIEWED"", ""phase"": ""G4_G3_MAPPING_CANDIDATE_STAGING_V1"", ""production_review_status"": ""pending"", ""relation_artifact"": ""g4_g3_final_relation_decisions.csv"", ""scientific_method"": ""Julich probability x Brainnetome probability + TemplateFlow nonlinear transform + probability-weighted overlap + hard-label auxiliary containment + owner scientific review"", ""semantic_compatibility_status"": null, ""source_canonical_g4_id"": ""NGIQ-BR-00000458"", ""source_coverage_ratio"": 0.45315320940505344, ""target_canonical_g3_id"": ""NGIQ-BR-00000045"", ""target_coverage_ratio"": 0.24086822233748226, ""transform_provenance"": ""data/atlases/templateflow_ref (MNI152NLin2009cAsym_from-MNI152NLin6Asym)""}"
G4G3-STAGE-3A207E7FFE340AF119AF,1207,NGIQ-BR-00000458,Area Fp1 (FPole) left,G4_MICROSTRUCTURAL_FINE,left,93,NGIQ-BR-00000031,"Left Superior frontal gyrus, Brainnetome 7_7",G3_MESO_FINE,left,partial_overlap,spatial_overlap,0.172022,0.07201,,,False,proposed,pending,FALSE,FALSE,PARTIAL_OVERLAP,OWNER_CONFIRMED_PARTIAL,,BOUNDARY_SECOND_TARGET,"{""brainnetome_probability_asset"": ""data/atlases/brainnetome/bna246/volume_raw/BNA_PM_4D.nii.gz"", ""decision_artifact"": ""g4_g3_final_scientific_decisions.csv"", ""decision_reason_code"": ""OWNER_CONFIRMED_PARTIAL"", ""evidence_2g_probability_overlap"": ""g4_g3_probability_overlap_summary.json"", ""evidence_2h_interpretation"": ""g4_g3_overlap_interpretation_profiles.csv"", ""evidence_2ia_policy"": ""g4_g3_scientific_decision_policy_v1.csv"", ""evidence_2ib_owner_revision"": ""g4_g3_owner_policy_revision_v1.csv"", ""evidence_2ic_final_decision"": ""g4_g3_final_scientific_decision_summary.json"", ""expert_approved"": false, ""final_scientific_policy"": ""G4_G3_FINAL_SCIENTIFIC_POLICY_V1"", ""human_reviewed"": false, ""julich_probability_asset"": ""data/atlases/julich/v3.1/spatial_raw/probability_maps/"", ""julich_spatial_component_asset"": ""AREA_FP1_FPOLE_LEFT.nii.gz"", ""julich_spatial_component_id"": ""JULICH_BRAIN_CYTOARCHITECTONIC_ATLAS_V3_1_AREA_FP1_FPOLE"", ""mapping_method_field"": ""spatial_overlap"", ""owner_scientific_review_status"": ""OWNER_SCIENTIFIC_REVIEWED"", ""phase"": ""G4_G3_MAPPING_CANDIDATE_STAGING_V1"", ""production_review_status"": ""pending"", ""relation_artifact"": ""g4_g3_final_relation_decisions.csv"", ""scientific_method"": ""Julich probability x Brainnetome probability + TemplateFlow nonlinear transform + probability-weighted overlap + hard-label auxiliary containment + owner scientific review"", ""semantic_compatibility_status"": null, ""source_canonical_g4_id"": ""NGIQ-BR-00000458"", ""source_coverage_ratio"": 0.17202184175015267, ""target_canonical_g3_id"": ""NGIQ-BR-00000031"", ""target_coverage_ratio"": 0.07201019686133041, ""transform_provenance"": ""data/atlases/templateflow_ref (MNI152NLin2009cAsym_from-MNI152NLin6Asym)""}"
G4G3-STAGE-B8A1739AD97ADAFBBDAD,1210,NGIQ-BR-00000459,Area Fp2 (FPole) right,G4_MICROSTRUCTURAL_FINE,right,96,NGIQ-BR-00000032,"Right Superior frontal gyrus, Brainnetome 7_7",G3_MESO_FINE,right,partial_overlap,spatial_overlap,0.417129,0.079525,,,False,proposed,pending,FALSE,FALSE,PARTIAL_OVERLAP,OWNER_CONFIRMED_PARTIAL,,,"{""brainnetome_probability_asset"": ""data/atlases/brainnetome/bna246/volume_raw/BNA_PM_4D.nii.gz"", ""decision_artifact"": ""g4_g3_final_scientific_decisions.csv"", ""decision_reason_code"": ""OWNER_CONFIRMED_PARTIAL"", ""evidence_2g_probability_overlap"": ""g4_g3_probability_overlap_summary.json"", ""evidence_2h_interpretation"": ""g4_g3_overlap_interpretation_profiles.csv"", ""evidence_2ia_policy"": ""g4_g3_scientific_decision_policy_v1.csv"", ""evidence_2ib_owner_revision"": ""g4_g3_owner_policy_revision_v1.csv"", ""evidence_2ic_final_decision"": ""g4_g3_final_scientific_decision_summary.json"", ""expert_approved"": false, ""final_scientific_policy"": ""G4_G3_FINAL_SCIENTIFIC_POLICY_V1"", ""human_reviewed"": false, ""julich_probability_asset"": ""data/atlases/julich/v3.1/spatial_raw/probability_maps/"", ""julich_spatial_component_asset"": ""AREA_FP2_FPOLE_RIGHT.nii.gz"", ""julich_spatial_component_id"": ""JULICH_BRAIN_CYTOARCHITECTONIC_ATLAS_V3_1_AREA_FP2_FPOLE"", ""mapping_method_field"": ""spatial_overlap"", ""owner_scientific_review_status"": ""OWNER_SCIENTIFIC_REVIEWED"", ""phase"": ""G4_G3_MAPPING_CANDIDATE_STAGING_V1"", ""production_review_status"": ""pending"", ""relation_artifact"": ""g4_g3_final_relation_decisions.csv"", ""scientific_method"": ""Julich probability x Brainnetome probability + TemplateFlow nonlinear transform + probability-weighted overlap + hard-label auxiliary containment + owner scientific review"", ""semantic_compatibility_status"": null, ""source_canonical_g4_id"": ""NGIQ-BR-00000459"", ""source_coverage_ratio"": 0.4171294518927647, ""target_canonical_g3_id"": ""NGIQ-BR-00000032"", ""target_coverage_ratio"": 0.07952505926128052, ""transform_provenance"": ""data/atlases/templateflow_ref (MNI152NLin2009cAsym_from-MNI152NLin6Asym)""}"
G4G3-STAGE-C55B9EF21D865648604F,1210,NGIQ-BR-00000459,Area Fp2 (FPole) right,G4_MICROSTRUCTURAL_FINE,right,174,NGIQ-BR-00000058,"Right Orbital gyrus, Brainnetome 6_1",G3_MESO_FINE,right,partial_overlap,spatial_overlap,0.299574,0.079063,,,False,proposed,pending,FALSE,FALSE,PARTIAL_OVERLAP,OWNER_CONFIRMED_PARTIAL,,,"{""brainnetome_probability_asset"": ""data/atlases/brainnetome/bna246/volume_raw/BNA_PM_4D.nii.gz"", ""decision_artifact"": ""g4_g3_final_scientific_decisions.csv"", ""decision_reason_code"": ""OWNER_CONFIRMED_PARTIAL"", ""evidence_2g_probability_overlap"": ""g4_g3_probability_overlap_summary.json"", ""evidence_2h_interpretation"": ""g4_g3_overlap_interpretation_profiles.csv"", ""evidence_2ia_policy"": ""g4_g3_scientific_decision_policy_v1.csv"", ""evidence_2ib_owner_revision"": ""g4_g3_owner_policy_revision_v1.csv"", ""evidence_2ic_final_decision"": ""g4_g3_final_scientific_decision_summary.json"", ""expert_approved"": false, ""final_scientific_policy"": ""G4_G3_FINAL_SCIENTIFIC_POLICY_V1"", ""human_reviewed"": false, ""julich_probability_asset"": ""data/atlases/julich/v3.1/spatial_raw/probability_maps/"", ""julich_spatial_component_asset"": ""AREA_FP2_FPOLE_RIGHT.nii.gz"", ""julich_spatial_component_id"": ""JULICH_BRAIN_CYTOARCHITECTONIC_ATLAS_V3_1_AREA_FP2_FPOLE"", ""mapping_method_field"": ""spatial_overlap"", ""owner_scientific_review_status"": ""OWNER_SCIENTIFIC_REVIEWED"", ""phase"": ""G4_G3_MAPPING_CANDIDATE_STAGING_V1"", ""production_review_status"": ""pending"", ""relation_artifact"": ""g4_g3_final_relation_decisions.csv"", ""scientific_method"": ""Julich probability x Brainnetome probability + TemplateFlow nonlinear transform + probability-weighted overlap + hard-label auxiliary containment + owner scientific review"", ""semantic_compatibility_status"": null, ""source_canonical_g4_id"": ""NGIQ-BR-00000459"", ""source_coverage_ratio"": 0.2995742073219252, ""target_canonical_g3_id"": ""NGIQ-BR-00000058"", ""target_coverage_ratio"": 0.07906336394177668, ""transform_provenance"": ""data/atlases/templateflow_ref (MNI152NLin2009cAsym_from-MNI152NLin6Asym)""}"
G4G3-STAGE-314F8AF21C561BE40908,1210,NGIQ-BR-00000459,Area Fp2 (FPole) right,G4_MICROSTRUCTURAL_FINE,right,192,NGIQ-BR-00000064,"Right Orbital gyrus, Brainnetome 6_4",G3_MESO_FINE,right,partial_overlap,spatial_overlap,0.244288,0.069346,,,False,proposed,pending,FALSE,FALSE,PARTIAL_OVERLAP,OWNER_CONFIRMED_PARTIAL,,,"{""brainnetome_probability_asset"": ""data/atlases/brainnetome/bna246/volume_raw/BNA_PM_4D.nii.gz"", ""decision_artifact"": ""g4_g3_final_scientific_decisions.csv"", ""decision_reason_code"": ""OWNER_CONFIRMED_PARTIAL"", ""evidence_2g_probability_overlap"": ""g4_g3_probability_overlap_summary.json"", ""evidence_2h_interpretation"": ""g4_g3_overlap_interpretation_profiles.csv"", ""evidence_2ia_policy"": ""g4_g3_scientific_decision_policy_v1.csv"", ""evidence_2ib_owner_revision"": ""g4_g3_owner_policy_revision_v1.csv"", ""evidence_2ic_final_decision"": ""g4_g3_final_scientific_decision_summary.json"", ""expert_approved"": false, ""final_scientific_policy"": ""G4_G3_FINAL_SCIENTIFIC_POLICY_V1"", ""human_reviewed"": false, ""julich_probability_asset"": ""data/atlases/julich/v3.1/spatial_raw/probability_maps/"", ""julich_spatial_component_asset"": ""AREA_FP2_FPOLE_RIGHT.nii.gz"", ""julich_spatial_component_id"": ""JULICH_BRAIN_CYTOARCHITECTONIC_ATLAS_V3_1_AREA_FP2_FPOLE"", ""mapping_method_field"": ""spatial_overlap"", ""owner_scientific_review_status"": ""OWNER_SCIENTIFIC_REVIEWED"", ""phase"": ""G4_G3_MAPPING_CANDIDATE_STAGING_V1"", ""production_review_status"": ""pending"", ""relation_artifact"": ""g4_g3_final_relation_decisions.csv"", ""scientific_method"": ""Julich probability x Brainnetome probability + TemplateFlow nonlinear transform + probability-weighted overlap + hard-label auxiliary containment + owner scientific review"", ""semantic_compatibility_status"": null, ""source_canonical_g4_id"": ""NGIQ-BR-00000459"", ""source_coverage_ratio"": 0.24428828079926168, ""target_canonical_g3_id"": ""NGIQ-BR-00000064"", ""target_coverage_ratio"": 0.06934557848518672, ""transform_provenance"": ""data/atlases/templateflow_ref (MNI152NLin2009cAsym_from-MNI152NLin6Asym)""}"
G4G3-STAGE-C07AD7972954BCFB6080,1213,NGIQ-BR-00000460,Area Fp2 (FPole) left,G4_MICROSTRUCTURAL_FINE,left,171,NGIQ-BR-00000057,"Left Orbital gyrus, Brainnetome 6_1",G3_MESO_FINE,left,dominant_overlap,spatial_overlap,0.521592,0.165528,,,False,proposed,pending,FALSE,FALSE,APPROVE_DOMINANT_OVERLAP,DOMINANT_CRITERIA_V1,,BOUNDARY_METRIC,"{""brainnetome_probability_asset"": ""data/atlases/brainnetome/bna246/volume_raw/BNA_PM_4D.nii.gz"", ""decision_artifact"": ""g4_g3_final_scientific_decisions.csv"", ""decision_reason_code"": ""DOMINANT_CRITERIA_V1"", ""evidence_2g_probability_overlap"": ""g4_g3_probability_overlap_summary.json"", ""evidence_2h_interpretation"": ""g4_g3_overlap_interpretation_profiles.csv"", ""evidence_2ia_policy"": ""g4_g3_scientific_decision_policy_v1.csv"", ""evidence_2ib_owner_revision"": ""g4_g3_owner_policy_revision_v1.csv"", ""evidence_2ic_final_decision"": ""g4_g3_final_scientific_decision_summary.json"", ""expert_approved"": false, ""final_scientific_policy"": ""G4_G3_FINAL_SCIENTIFIC_POLICY_V1"", ""human_reviewed"": false, ""julich_probability_asset"": ""data/atlases/julich/v3.1/spatial_raw/probability_maps/"", ""julich_spatial_component_asset"": ""AREA_FP2_FPOLE_LEFT.nii.gz"", ""julich_spatial_component_id"": ""JULICH_BRAIN_CYTOARCHITECTONIC_ATLAS_V3_1_AREA_FP2_FPOLE"", ""mapping_method_field"": ""spatial_overlap"", ""owner_scientific_review_status"": ""OWNER_SCIENTIFIC_REVIEWED"", ""phase"": ""G4_G3_MAPPING_CANDIDATE_STAGING_V1"", ""production_review_status"": ""pending"", ""relation_artifact"": ""g4_g3_final_relation_decisions.csv"", ""scientific_method"": ""Julich probability x Brainnetome probability + TemplateFlow nonlinear transform + probability-weighted overlap + hard-label auxiliary containment + owner scientific review"", ""semantic_compatibility_status"": null, ""source_canonical_g4_id"": ""NGIQ-BR-00000460"", ""source_coverage_ratio"": 0.5215923418495844, ""target_canonical_g3_id"": ""NGIQ-BR-00000057"", ""target_coverage_ratio"": 0.1655276494632137, ""transform_provenance"": ""data/atlases/templateflow_ref (MNI152NLin2009cAsym_from-MNI152NLin6Asym)""}"
G4G3-STAGE-731109F8D05A4B48A9E1,1216,NGIQ-BR-00000461,"Area 6mp (SMA, mesial SFG) right",G4_MICROSTRUCTURAL_FINE,right,84,NGIQ-BR-00000028,"Right Superior frontal gyrus, Brainnetome 7_5",G3_MESO_FINE,right,dominant_overlap,spatial_overlap,0.543954,0.096256,,,False,proposed,pending,FALSE,FALSE,APPROVE_DOMINANT_OVERLAP,DOMINANT_CRITERIA_V1,,BOUNDARY_METRIC,"{""brainnetome_probability_asset"": ""data/atlases/brainnetome/bna246/volume_raw/BNA_PM_4D.nii.gz"", ""decision_artifact"": ""g4_g3_final_scientific_decisions.csv"", ""decision_reason_code"": ""DOMINANT_CRITERIA_V1"", ""evidence_2g_probability_overlap"": ""g4_g3_probability_overlap_summary.json"", ""evidence_2h_interpretation"": ""g4_g3_overlap_interpretation_profiles.csv"", ""evidence_2ia_policy"": ""g4_g3_scientific_decision_policy_v1.csv"", ""evidence_2ib_owner_revision"": ""g4_g3_owner_policy_revision_v1.csv"", ""evidence_2ic_final_decision"": ""g4_g3_final_scientific_decision_summary.json"", ""expert_approved"": false, ""final_scientific_policy"": ""G4_G3_FINAL_SCIENTIFIC_POLICY_V1"", ""human_reviewed"": false, ""julich_probability_asset"": ""data/atlases/julich/v3.1/spatial_raw/probability_maps/"", ""julich_spatial_component_asset"": ""AREA_6MP_SMA_MESIAL_SFG_RIGHT.nii.gz"", ""julich_spatial_component_id"": ""JULICH_BRAIN_CYTOARCHITECTONIC_ATLAS_V3_1_AREA_6MP_SMA_MESIAL_SFG"", ""mapping_method_field"": ""spatial_overlap"", ""owner_scientific_review_status"": ""OWNER_SCIENTIFIC_REVIEWED"", ""phase"": ""G4_G3_MAPPING_CANDIDATE_STAGING_V1"", ""production_review_status"": ""pending"", ""relation_artifact"": ""g4_g3_final_relation_decisions.csv"", ""scientific_method"": ""Julich probability x Brainnetome probability + TemplateFlow nonlinear transform + probability-weighted overlap + hard-label auxiliary containment + owner scientific review"", ""semantic_compatibility_status"": null, ""source_canonical_g4_id"": ""NGIQ-BR-00000461"", ""source_coverage_ratio"": 0.5439544712844934, ""target_canonical_g3_id"": ""NGIQ-BR-00000028"", ""target_coverage_ratio"": 0.09625609290366571, ""transform_provenance"": ""data/atlases/templateflow_ref (MNI152NLin2009cAsym_from-MNI152NLin6Asym)""}"
G4G3-STAGE-81C3DFF2791ED742BCE1,1219,NGIQ-BR-00000462,"Area 6mp (SMA, mesial SFG) left",G4_MICROSTRUCTURAL_FINE,left,81,NGIQ-BR-00000027,"Left Superior frontal gyrus, Brainnetome 7_5",G3_MESO_FINE,left,dominant_overlap,spatial_overlap,0.763391,0.103378,,,False,proposed,pending,FALSE,FALSE,APPROVE_DOMINANT_OVERLAP,DOMINANT_CRITERIA_V1,,,"{""brainnetome_probability_asset"": ""data/atlases/brainnetome/bna246/volume_raw/BNA_PM_4D.nii.gz"", ""decision_artifact"": ""g4_g3_final_scientific_decisions.csv"", ""decision_reason_code"": ""DOMINANT_CRITERIA_V1"", ""evidence_2g_probability_overlap"": ""g4_g3_probability_overlap_summary.json"", ""evidence_2h_interpretation"": ""g4_g3_overlap_interpretation_profiles.csv"", ""evidence_2ia_policy"": ""g4_g3_scientific_decision_policy_v1.csv"", ""evidence_2ib_owner_revision"": ""g4_g3_owner_policy_revision_v1.csv"", ""evidence_2ic_final_decision"": ""g4_g3_final_scientific_decision_summary.json"", ""expert_approved"": false, ""final_scientific_policy"": ""G4_G3_FINAL_SCIENTIFIC_POLICY_V1"", ""human_reviewed"": false, ""julich_probability_asset"": ""data/atlases/julich/v3.1/spatial_raw/probability_maps/"", ""julich_spatial_component_asset"": ""AREA_6MP_SMA_MESIAL_SFG_LEFT.nii.gz"", ""julich_spatial_component_id"": ""JULICH_BRAIN_CYTOARCHITECTONIC_ATLAS_V3_1_AREA_6MP_SMA_MESIAL_SFG"", ""mapping_method_field"": ""spatial_overlap"", ""owner_scientific_review_status"": ""OWNER_SCIENTIFIC_REVIEWED"", ""phase"": ""G4_G3_MAPPING_CANDIDATE_STAGING_V1"", ""production_review_status"": ""pending"", ""relation_artifact"": ""g4_g3_final_relation_decisions.csv"", ""scientific_method"": ""Julich probability x Brainnetome probability + TemplateFlow nonlinear transform + probability-weighted overlap + hard-label auxiliary containment + owner scientific review"", ""semantic_compatibility_status"": null, ""source_canonical_g4_id"": ""NGIQ-BR-00000462"", ""source_coverage_ratio"": 0.7633905475247087, ""target_canonical_g3_id"": ""NGIQ-BR-00000027"", ""target_coverage_ratio"": 0.10337794753067811, ""transform_provenance"": ""data/atlases/templateflow_ref (MNI152NLin2009cAsym_from-MNI152NLin6Asym)""}"
G4G3-STAGE-85DE28FFE77B83D5D9D3,1222,NGIQ-BR-00000463,Area Fo1 (OFC) right,G4_MICROSTRUCTURAL_FINE,right,198,NGIQ-BR-00000066,"Right Orbital gyrus, Brainnetome 6_5",G3_MESO_FINE,right,partial_overlap,spatial_overlap,0.414535,0.08413,,,False,proposed,pending,FALSE,FALSE,PARTIAL_OVERLAP,OWNER_CONFIRMED_PARTIAL,,,"{""brainnetome_probability_asset"": ""data/atlases/brainnetome/bna246/volume_raw/BNA_PM_4D.nii.gz"", ""decision_artifact"": ""g4_g3_final_scientific_decisions.csv"", ""decision_reason_code"": ""OWNER_CONFIRMED_PARTIAL"", ""evidence_2g_probability_overlap"": ""g4_g3_probability_overlap_summary.json"", ""evidence_2h_interpretation"": ""g4_g3_overlap_interpretation_profiles.csv"", ""evidence_2ia_policy"": ""g4_g3_scientific_decision_policy_v1.csv"", ""evidence_2ib_owner_revision"": ""g4_g3_owner_policy_revision_v1.csv"", ""evidence_2ic_final_decision"": ""g4_g3_final_scientific_decision_summary.json"", ""expert_approved"": false, ""final_scientific_policy"": ""G4_G3_FINAL_SCIENTIFIC_POLICY_V1"", ""human_reviewed"": false, ""julich_probability_asset"": ""data/atlases/julich/v3.1/spatial_raw/probability_maps/"", ""julich_spatial_component_asset"": ""AREA_FO1_OFC_RIGHT.nii.gz"", ""julich_spatial_component_id"": ""JULICH_BRAIN_CYTOARCHITECTONIC_ATLAS_V3_1_AREA_FO1_OFC"", ""mapping_method_field"": ""spatial_overlap"", ""owner_scientific_review_status"": ""OWNER_SCIENTIFIC_REVIEWED"", ""phase"": ""G4_G3_MAPPING_CANDIDATE_STAGING_V1"", ""production_review_status"": ""pending"", ""relation_artifact"": ""g4_g3_final_relation_decisions.csv"", ""scientific_method"": ""Julich probability x Brainnetome probability + TemplateFlow nonlinear transform + probability-weighted overlap + hard-label auxiliary containment + owner scientific review"", ""semantic_compatibility_status"": null, ""source_canonical_g4_id"": ""NGIQ-BR-00000463"", ""source_coverage_ratio"": 0.414534502929216, ""target_canonical_g3_id"": ""NGIQ-BR-00000066"", ""target_coverage_ratio"": 0.08412966840309806, ""transform_provenance"": ""data/atlases/templateflow_ref (MNI152NLin2009cAsym_from-MNI152NLin6Asym)""}"
G4G3-STAGE-43E36616E8357D0272F5,1222,NGIQ-BR-00000463,Area Fo1 (OFC) right,G4_MICROSTRUCTURAL_FINE,right,192,NGIQ-BR-00000064,"Right Orbital gyrus, Brainnetome 6_4",G3_MESO_FINE,right,partial_overlap,spatial_overlap,0.300864,0.094827,,,False,proposed,pending,FALSE,FALSE,PARTIAL_OVERLAP,OWNER_CONFIRMED_PARTIAL,,,"{""brainnetome_probability_asset"": ""data/atlases/brainnetome/bna246/volume_raw/BNA_PM_4D.nii.gz"", ""decision_artifact"": ""g4_g3_final_scientific_decisions.csv"", ""decision_reason_code"": ""OWNER_CONFIRMED_PARTIAL"", ""evidence_2g_probability_overlap"": ""g4_g3_probability_overlap_summary.json"", ""evidence_2h_interpretation"": ""g4_g3_overlap_interpretation_profiles.csv"", ""evidence_2ia_policy"": ""g4_g3_scientific_decision_policy_v1.csv"", ""evidence_2ib_owner_revision"": ""g4_g3_owner_policy_revision_v1.csv"", ""evidence_2ic_final_decision"": ""g4_g3_final_scientific_decision_summary.json"", ""expert_approved"": false, ""final_scientific_policy"": ""G4_G3_FINAL_SCIENTIFIC_POLICY_V1"", ""human_reviewed"": false, ""julich_probability_asset"": ""data/atlases/julich/v3.1/spatial_raw/probability_maps/"", ""julich_spatial_component_asset"": ""AREA_FO1_OFC_RIGHT.nii.gz"", ""julich_spatial_component_id"": ""JULICH_BRAIN_CYTOARCHITECTONIC_ATLAS_V3_1_AREA_FO1_OFC"", ""mapping_method_field"": ""spatial_overlap"", ""owner_scientific_review_status"": ""OWNER_SCIENTIFIC_REVIEWED"", ""phase"": ""G4_G3_MAPPING_CANDIDATE_STAGING_V1"", ""production_review_status"": ""pending"", ""relation_artifact"": ""g4_g3_final_relation_decisions.csv"", ""scientific_method"": ""Julich probability x Brainnetome probability + TemplateFlow nonlinear transform + probability-weighted overlap + hard-label auxiliary containment + owner scientific review"", ""semantic_compatibility_status"": null, ""source_canonical_g4_id"": ""NGIQ-BR-00000463"", ""source_coverage_ratio"": 0.3008635091141553, ""target_canonical_g3_id"": ""NGIQ-BR-00000064"", ""target_coverage_ratio"": 0.09482742650874182, ""transform_provenance"": ""data/atlases/templateflow_ref (MNI152NLin2009cAsym_from-MNI152NLin6Asym)""}"
G4G3-STAGE-1E0595B32E99419BA005,1222,NGIQ-BR-00000463,Area Fo1 (OFC) right,G4_MICROSTRUCTURAL_FINE,right,186,NGIQ-BR-00000062,"Right Orbital gyrus, Brainnetome 6_3",G3_MESO_FINE,right,partial_overlap,spatial_overlap,0.195861,0.045682,,,False,proposed,pending,FALSE,FALSE,PARTIAL_OVERLAP,OWNER_CONFIRMED_PARTIAL,,,"{""brainnetome_probability_asset"": ""data/atlases/brainnetome/bna246/volume_raw/BNA_PM_4D.nii.gz"", ""decision_artifact"": ""g4_g3_final_scientific_decisions.csv"", ""decision_reason_code"": ""OWNER_CONFIRMED_PARTIAL"", ""evidence_2g_probability_overlap"": ""g4_g3_probability_overlap_summary.json"", ""evidence_2h_interpretation"": ""g4_g3_overlap_interpretation_profiles.csv"", ""evidence_2ia_policy"": ""g4_g3_scientific_decision_policy_v1.csv"", ""evidence_2ib_owner_revision"": ""g4_g3_owner_policy_revision_v1.csv"", ""evidence_2ic_final_decision"": ""g4_g3_final_scientific_decision_summary.json"", ""expert_approved"": false, ""final_scientific_policy"": ""G4_G3_FINAL_SCIENTIFIC_POLICY_V1"", ""human_reviewed"": false, ""julich_probability_asset"": ""data/atlases/julich/v3.1/spatial_raw/probability_maps/"", ""julich_spatial_component_asset"": ""AREA_FO1_OFC_RIGHT.nii.gz"", ""julich_spatial_component_id"": ""JULICH_BRAIN_CYTOARCHITECTONIC_ATLAS_V3_1_AREA_FO1_OFC"", ""mapping_method_field"": ""spatial_overlap"", ""owner_scientific_review_status"": ""OWNER_SCIENTIFIC_REVIEWED"", ""phase"": ""G4_G3_MAPPING_CANDIDATE_STAGING_V1"", ""production_review_status"": ""pending"", ""relation_artifact"": ""g4_g3_final_relation_decisions.csv"", ""scientific_method"": ""Julich probability x Brainnetome probability + TemplateFlow nonlinear transform + probability-weighted overlap + hard-label auxiliary containment + owner scientific review"", ""semantic_compatibility_status"": null, ""source_canonical_g4_id"": ""NGIQ-BR-00000463"", ""source_coverage_ratio"": 0.19586084898944583, ""target_canonical_g3_id"": ""NGIQ-BR-00000062"", ""target_coverage_ratio"": 0.045681672147455846, ""transform_provenance"": ""data/atlases/templateflow_ref (MNI152NLin2009cAsym_from-MNI152NLin6Asym)""}"
G4G3-STAGE-546E5DCE182FF77AAE72,1225,NGIQ-BR-00000464,Area Fo1 (OFC) left,G4_MICROSTRUCTURAL_FINE,left,189,NGIQ-BR-00000063,"Left Orbital gyrus, Brainnetome 6_4",G3_MESO_FINE,left,dominant_overlap,spatial_overlap,0.697537,0.108682,,,False,proposed,pending,FALSE,FALSE,APPROVE_DOMINANT_OVERLAP,DOMINANT_CRITERIA_V1,,,"{""brainnetome_probability_asset"": ""data/atlases/brainnetome/bna246/volume_raw/BNA_PM_4D.nii.gz"", ""decision_artifact"": ""g4_g3_final_scientific_decisions.csv"", ""decision_reason_code"": ""DOMINANT_CRITERIA_V1"", ""evidence_2g_probability_overlap"": ""g4_g3_probability_overlap_summary.json"", ""evidence_2h_interpretation"": ""g4_g3_overlap_interpretation_profiles.csv"", ""evidence_2ia_policy"": ""g4_g3_scientific_decision_policy_v1.csv"", ""evidence_2ib_owner_revision"": ""g4_g3_owner_policy_revision_v1.csv"", ""evidence_2ic_final_decision"": ""g4_g3_final_scientific_decision_summary.json"", ""expert_approved"": false, ""final_scientific_policy"": ""G4_G3_FINAL_SCIENTIFIC_POLICY_V1"", ""human_reviewed"": false, ""julich_probability_asset"": ""data/atlases/julich/v3.1/spatial_raw/probability_maps/"", ""julich_spatial_component_asset"": ""AREA_FO1_OFC_LEFT.nii.gz"", ""julich_spatial_component_id"": ""JULICH_BRAIN_CYTOARCHITECTONIC_ATLAS_V3_1_AREA_FO1_OFC"", ""mapping_method_field"": ""spatial_overlap"", ""owner_scientific_review_status"": ""OWNER_SCIENTIFIC_REVIEWED"", ""phase"": ""G4_G3_MAPPING_CANDIDATE_STAGING_V1"", ""production_review_status"": ""pending"", ""relation_artifact"": ""g4_g3_final_relation_decisions.csv"", ""scientific_method"": ""Julich probability x Brainnetome probability + TemplateFlow nonlinear transform + probability-weighted overlap + hard-label auxiliary containment + owner scientific review"", ""semantic_compatibility_status"": null, ""source_canonical_g4_id"": ""NGIQ-BR-00000464"", ""source_coverage_ratio"": 0.6975368314085932, ""target_canonical_g3_id"": ""NGIQ-BR-00000063"", ""target_coverage_ratio"": 0.10868194571234736, ""transform_provenance"": ""data/atlases/templateflow_ref (MNI152NLin2009cAsym_from-MNI152NLin6Asym)""}"
G4G3-STAGE-798805AB040E3765CE0B,1228,NGIQ-BR-00000465,Area Fo3 (OFC) right,G4_MICROSTRUCTURAL_FINE,right,186,NGIQ-BR-00000062,"Right Orbital gyrus, Brainnetome 6_3",G3_MESO_FINE,right,contained_in,spatial_overlap,0.858468,0.328223,,,True,proposed,pending,FALSE,FALSE,APPROVE_CONTAINED_IN,OWNER_CONFIRMED_CONTAINED,NESTED_COMPATIBLE_FAMILY,,"{""brainnetome_probability_asset"": ""data/atlases/brainnetome/bna246/volume_raw/BNA_PM_4D.nii.gz"", ""decision_artifact"": ""g4_g3_final_scientific_decisions.csv"", ""decision_reason_code"": ""OWNER_CONFIRMED_CONTAINED"", ""evidence_2g_probability_overlap"": ""g4_g3_probability_overlap_summary.json"", ""evidence_2h_interpretation"": ""g4_g3_overlap_interpretation_profiles.csv"", ""evidence_2ia_policy"": ""g4_g3_scientific_decision_policy_v1.csv"", ""evidence_2ib_owner_revision"": ""g4_g3_owner_policy_revision_v1.csv"", ""evidence_2ic_final_decision"": ""g4_g3_final_scientific_decision_summary.json"", ""expert_approved"": false, ""final_scientific_policy"": ""G4_G3_FINAL_SCIENTIFIC_POLICY_V1"", ""human_reviewed"": false, ""julich_probability_asset"": ""data/atlases/julich/v3.1/spatial_raw/probability_maps/"", ""julich_spatial_component_asset"": ""AREA_FO3_OFC_RIGHT.nii.gz"", ""julich_spatial_component_id"": ""JULICH_BRAIN_CYTOARCHITECTONIC_ATLAS_V3_1_AREA_FO3_OFC"", ""mapping_method_field"": ""spatial_overlap"", ""owner_scientific_review_status"": ""OWNER_SCIENTIFIC_REVIEWED"", ""phase"": ""G4_G3_MAPPING_CANDIDATE_STAGING_V1"", ""production_review_status"": ""pending"", ""relation_artifact"": ""g4_g3_final_relation_decisions.csv"", ""scientific_method"": ""Julich probability x Brainnetome probability + TemplateFlow nonlinear transform + probability-weighted overlap + hard-label auxiliary containment + owner scientific review"", ""semantic_compatibility_status"": ""NESTED_COMPATIBLE_FAMILY"", ""source_canonical_g4_id"": ""NGIQ-BR-00000465"", ""source_coverage_ratio"": 0.8584678790116931, ""target_canonical_g3_id"": ""NGIQ-BR-00000062"", ""target_coverage_ratio"": 0.32822251307475825, ""transform_provenance"": ""data/atlases/templateflow_ref (MNI152NLin2009cAsym_from-MNI152NLin6Asym)""}"
G4G3-STAGE-A166886AFE77AE72E062,1231,NGIQ-BR-00000466,Area Fo3 (OFC) left,G4_MICROSTRUCTURAL_FINE,left,183,NGIQ-BR-00000061,"Left Orbital gyrus, Brainnetome 6_3",G3_MESO_FINE,left,dominant_overlap,spatial_overlap,0.789546,0.267946,,,False,proposed,pending,FALSE,FALSE,APPROVE_DOMINANT_OVERLAP,DOMINANT_CRITERIA_V1,,,"{""brainnetome_probability_asset"": ""data/atlases/brainnetome/bna246/volume_raw/BNA_PM_4D.nii.gz"", ""decision_artifact"": ""g4_g3_final_scientific_decisions.csv"", ""decision_reason_code"": ""DOMINANT_CRITERIA_V1"", ""evidence_2g_probability_overlap"": ""g4_g3_probability_overlap_summary.json"", ""evidence_2h_interpretation"": ""g4_g3_overlap_interpretation_profiles.csv"", ""evidence_2ia_policy"": ""g4_g3_scientific_decision_policy_v1.csv"", ""evidence_2ib_owner_revision"": ""g4_g3_owner_policy_revision_v1.csv"", ""evidence_2ic_final_decision"": ""g4_g3_final_scientific_decision_summary.json"", ""expert_approved"": false, ""final_scientific_policy"": ""G4_G3_FINAL_SCIENTIFIC_POLICY_V1"", ""human_reviewed"": false, ""julich_probability_asset"": ""data/atlases/julich/v3.1/spatial_raw/probability_maps/"", ""julich_spatial_component_asset"": ""AREA_FO3_OFC_LEFT.nii.gz"", ""julich_spatial_component_id"": ""JULICH_BRAIN_CYTOARCHITECTONIC_ATLAS_V3_1_AREA_FO3_OFC"", ""mapping_method_field"": ""spatial_overlap"", ""owner_scientific_review_status"": ""OWNER_SCIENTIFIC_REVIEWED"", ""phase"": ""G4_G3_MAPPING_CANDIDATE_STAGING_V1"", ""production_review_status"": ""pending"", ""relation_artifact"": ""g4_g3_final_relation_decisions.csv"", ""scientific_method"": ""Julich probability x Brainnetome probability + TemplateFlow nonlinear transform + probability-weighted overlap + hard-label auxiliary containment + owner scientific review"", ""semantic_compatibility_status"": null, ""source_canonical_g4_id"": ""NGIQ-BR-00000466"", ""source_coverage_ratio"": 0.7895455391885682, ""target_canonical_g3_id"": ""NGIQ-BR-00000061"", ""target_coverage_ratio"": 0.26794648730158827, ""transform_provenance"": ""data/atlases/templateflow_ref (MNI152NLin2009cAsym_from-MNI152NLin6Asym)""}"
G4G3-STAGE-EAF8732593884E0CEFE9,1234,NGIQ-BR-00000467,Area Fo2 (OFC) right,G4_MICROSTRUCTURAL_FINE,right,198,NGIQ-BR-00000066,"Right Orbital gyrus, Brainnetome 6_5",G3_MESO_FINE,right,contained_in,spatial_overlap,0.83293,0.134585,,,True,proposed,pending,FALSE,FALSE,APPROVE_CONTAINED_IN,OWNER_CONFIRMED_CONTAINED,NESTED_COMPATIBLE_FAMILY,,"{""brainnetome_probability_asset"": ""data/atlases/brainnetome/bna246/volume_raw/BNA_PM_4D.nii.gz"", ""decision_artifact"": ""g4_g3_final_scientific_decisions.csv"", ""decision_reason_code"": ""OWNER_CONFIRMED_CONTAINED"", ""evidence_2g_probability_overlap"": ""g4_g3_probability_overlap_summary.json"", ""evidence_2h_interpretation"": ""g4_g3_overlap_interpretation_profiles.csv"", ""evidence_2ia_policy"": ""g4_g3_scientific_decision_policy_v1.csv"", ""evidence_2ib_owner_revision"": ""g4_g3_owner_policy_revision_v1.csv"", ""evidence_2ic_final_decision"": ""g4_g3_final_scientific_decision_summary.json"", ""expert_approved"": false, ""final_scientific_policy"": ""G4_G3_FINAL_SCIENTIFIC_POLICY_V1"", ""human_reviewed"": false, ""julich_probability_asset"": ""data/atlases/julich/v3.1/spatial_raw/probability_maps/"", ""julich_spatial_component_asset"": ""AREA_FO2_OFC_RIGHT.nii.gz"", ""julich_spatial_component_id"": ""JULICH_BRAIN_CYTOARCHITECTONIC_ATLAS_V3_1_AREA_FO2_OFC"", ""mapping_method_field"": ""spatial_overlap"", ""owner_scientific_review_status"": ""OWNER_SCIENTIFIC_REVIEWED"", ""phase"": ""G4_G3_MAPPING_CANDIDATE_STAGING_V1"", ""production_review_status"": ""pending"", ""relation_artifact"": ""g4_g3_final_relation_decisions.csv"", ""scientific_method"": ""Julich probability x Brainnetome probability + TemplateFlow nonlinear transform + probability-weighted overlap + hard-label auxiliary containment + owner scientific review"", ""semantic_compatibility_status"": ""NESTED_COMPATIBLE_FAMILY"", ""source_canonical_g4_id"": ""NGIQ-BR-00000467"", ""source_coverage_ratio"": 0.8329301458497015, ""target_canonical_g3_id"": ""NGIQ-BR-00000066"", ""target_coverage_ratio"": 0.13458490503331266, ""transform_provenance"": ""data/atlases/templateflow_ref (MNI152NLin2009cAsym_from-MNI152NLin6Asym)""}"
G4G3-STAGE-B288F1955C5B4373F6DB,1237,NGIQ-BR-00000468,Area Fo2 (OFC) left,G4_MICROSTRUCTURAL_FINE,left,195,NGIQ-BR-00000065,"Left Orbital gyrus, Brainnetome 6_5",G3_MESO_FINE,left,contained_in,spatial_overlap,0.819056,0.133574,,,True,proposed,pending,FALSE,FALSE,APPROVE_CONTAINED_IN,OWNER_CONFIRMED_CONTAINED,NESTED_COMPATIBLE_FAMILY,,"{""brainnetome_probability_asset"": ""data/atlases/brainnetome/bna246/volume_raw/BNA_PM_4D.nii.gz"", ""decision_artifact"": ""g4_g3_final_scientific_decisions.csv"", ""decision_reason_code"": ""OWNER_CONFIRMED_CONTAINED"", ""evidence_2g_probability_overlap"": ""g4_g3_probability_overlap_summary.json"", ""evidence_2h_interpretation"": ""g4_g3_overlap_interpretation_profiles.csv"", ""evidence_2ia_policy"": ""g4_g3_scientific_decision_policy_v1.csv"", ""evidence_2ib_owner_revision"": ""g4_g3_owner_policy_revision_v1.csv"", ""evidence_2ic_final_decision"": ""g4_g3_final_scientific_decision_summary.json"", ""expert_approved"": false, ""final_scientific_policy"": ""G4_G3_FINAL_SCIENTIFIC_POLICY_V1"", ""human_reviewed"": false, ""julich_probability_asset"": ""data/atlases/julich/v3.1/spatial_raw/probability_maps/"", ""julich_spatial_component_asset"": ""AREA_FO2_OFC_LEFT.nii.gz"", ""julich_spatial_component_id"": ""JULICH_BRAIN_CYTOARCHITECTONIC_ATLAS_V3_1_AREA_FO2_OFC"", ""mapping_method_field"": ""spatial_overlap"", ""owner_scientific_review_status"": ""OWNER_SCIENTIFIC_REVIEWED"", ""phase"": ""G4_G3_MAPPING_CANDIDATE_STAGING_V1"", ""production_review_status"": ""pending"", ""relation_artifact"": ""g4_g3_final_relation_decisions.csv"", ""scientific_method"": ""Julich probability x Brainnetome probability + TemplateFlow nonlinear transform + probability-weighted overlap + hard-label auxiliary containment + owner scientific review"", ""semantic_compatibility_status"": ""NESTED_COMPATIBLE_FAMILY"", ""source_canonical_g4_id"": ""NGIQ-BR-00000468"", ""source_coverage_ratio"": 0.8190561525201719, ""target_canonical_g3_id"": ""NGIQ-BR-00000065"", ""target_coverage_ratio"": 0.13357449737930058, ""transform_provenance"": ""data/atlases/templateflow_ref (MNI152NLin2009cAsym_from-MNI152NLin6Asym)""}"
G4G3-STAGE-9BB54C4CD9FC6F13166E,1240,NGIQ-BR-00000469,Area 4p (PreCG) right,G4_MICROSTRUCTURAL_FINE,right,222,NGIQ-BR-00000074,"Right Precentral gyrus, Brainnetome 6_3",G3_MESO_FINE,right,partial_overlap,spatial_overlap,0.424596,0.082958,,,False,proposed,pending,FALSE,FALSE,PARTIAL_OVERLAP,OWNER_CONFIRMED_PARTIAL,,,"{""brainnetome_probability_asset"": ""data/atlases/brainnetome/bna246/volume_raw/BNA_PM_4D.nii.gz"", ""decision_artifact"": ""g4_g3_final_scientific_decisions.csv"", ""decision_reason_code"": ""OWNER_CONFIRMED_PARTIAL"", ""evidence_2g_probability_overlap"": ""g4_g3_probability_overlap_summary.json"", ""evidence_2h_interpretation"": ""g4_g3_overlap_interpretation_profiles.csv"", ""evidence_2ia_policy"": ""g4_g3_scientific_decision_policy_v1.csv"", ""evidence_2ib_owner_revision"": ""g4_g3_owner_policy_revision_v1.csv"", ""evidence_2ic_final_decision"": ""g4_g3_final_scientific_decision_summary.json"", ""expert_approved"": false, ""final_scientific_policy"": ""G4_G3_FINAL_SCIENTIFIC_POLICY_V1"", ""human_reviewed"": false, ""julich_probability_asset"": ""data/atlases/julich/v3.1/spatial_raw/probability_maps/"", ""julich_spatial_component_asset"": ""AREA_4P_PRECG_RIGHT.nii.gz"", ""julich_spatial_component_id"": ""JULICH_BRAIN_CYTOARCHITECTONIC_ATLAS_V3_1_AREA_4P_PRECG"", ""mapping_method_field"": ""spatial_overlap"", ""owner_scientific_review_status"": ""OWNER_SCIENTIFIC_REVIEWED"", ""phase"": ""G4_G3_MAPPING_CANDIDATE_STAGING_V1"", ""production_review_status"": ""pending"", ""relation_artifact"": ""g4_g3_final_relation_decisions.csv"", ""scientific_method"": ""Julich probability x Brainnetome probability + TemplateFlow nonlinear transform + probability-weighted overlap + hard-label auxiliary containment + owner scientific review"", ""semantic_compatibility_status"": null, ""source_canonical_g4_id"": ""NGIQ-BR-00000469"", ""source_coverage_ratio"": 0.4245964369137409, ""target_canonical_g3_id"": ""NGIQ-BR-00000074"", ""target_coverage_ratio"": 0.08295802091623727, ""transform_provenance"": ""data/atlases/templateflow_ref (MNI152NLin2009cAsym_from-MNI152NLin6Asym)""}"
G4G3-STAGE-BEB8521EED7312B8B72A,1240,NGIQ-BR-00000469,Area 4p (PreCG) right,G4_MICROSTRUCTURAL_FINE,right,492,NGIQ-BR-00000164,"Right Postcentral gyrus, Brainnetome 4_1",G3_MESO_FINE,right,partial_overlap,spatial_overlap,0.22331,0.027343,,,False,proposed,pending,FALSE,FALSE,PARTIAL_OVERLAP,OWNER_CONFIRMED_PARTIAL,,,"{""brainnetome_probability_asset"": ""data/atlases/brainnetome/bna246/volume_raw/BNA_PM_4D.nii.gz"", ""decision_artifact"": ""g4_g3_final_scientific_decisions.csv"", ""decision_reason_code"": ""OWNER_CONFIRMED_PARTIAL"", ""evidence_2g_probability_overlap"": ""g4_g3_probability_overlap_summary.json"", ""evidence_2h_interpretation"": ""g4_g3_overlap_interpretation_profiles.csv"", ""evidence_2ia_policy"": ""g4_g3_scientific_decision_policy_v1.csv"", ""evidence_2ib_owner_revision"": ""g4_g3_owner_policy_revision_v1.csv"", ""evidence_2ic_final_decision"": ""g4_g3_final_scientific_decision_summary.json"", ""expert_approved"": false, ""final_scientific_policy"": ""G4_G3_FINAL_SCIENTIFIC_POLICY_V1"", ""human_reviewed"": false, ""julich_probability_asset"": ""data/atlases/julich/v3.1/spatial_raw/probability_maps/"", ""julich_spatial_component_asset"": ""AREA_4P_PRECG_RIGHT.nii.gz"", ""julich_spatial_component_id"": ""JULICH_BRAIN_CYTOARCHITECTONIC_ATLAS_V3_1_AREA_4P_PRECG"", ""mapping_method_field"": ""spatial_overlap"", ""owner_scientific_review_status"": ""OWNER_SCIENTIFIC_REVIEWED"", ""phase"": ""G4_G3_MAPPING_CANDIDATE_STAGING_V1"", ""production_review_status"": ""pending"", ""relation_artifact"": ""g4_g3_final_relation_decisions.csv"", ""scientific_method"": ""Julich probability x Brainnetome probability + TemplateFlow nonlinear transform + probability-weighted overlap + hard-label auxiliary containment + owner scientific review"", ""semantic_compatibility_status"": null, ""source_canonical_g4_id"": ""NGIQ-BR-00000469"", ""source_coverage_ratio"": 0.22330970293202432, ""target_canonical_g3_id"": ""NGIQ-BR-00000164"", ""target_coverage_ratio"": 0.027342903512226843, ""transform_provenance"": ""data/atlases/templateflow_ref (MNI152NLin2009cAsym_from-MNI152NLin6Asym)""}"
G4G3-STAGE-B22135350B078917D3B7,1240,NGIQ-BR-00000469,Area 4p (PreCG) right,G4_MICROSTRUCTURAL_FINE,right,210,NGIQ-BR-00000070,"Right Precentral gyrus, Brainnetome 6_1",G3_MESO_FINE,right,partial_overlap,spatial_overlap,0.173394,0.061508,,,False,proposed,pending,FALSE,FALSE,PARTIAL_OVERLAP,OWNER_CONFIRMED_PARTIAL,,,"{""brainnetome_probability_asset"": ""data/atlases/brainnetome/bna246/volume_raw/BNA_PM_4D.nii.gz"", ""decision_artifact"": ""g4_g3_final_scientific_decisions.csv"", ""decision_reason_code"": ""OWNER_CONFIRMED_PARTIAL"", ""evidence_2g_probability_overlap"": ""g4_g3_probability_overlap_summary.json"", ""evidence_2h_interpretation"": ""g4_g3_overlap_interpretation_profiles.csv"", ""evidence_2ia_policy"": ""g4_g3_scientific_decision_policy_v1.csv"", ""evidence_2ib_owner_revision"": ""g4_g3_owner_policy_revision_v1.csv"", ""evidence_2ic_final_decision"": ""g4_g3_final_scientific_decision_summary.json"", ""expert_approved"": false, ""final_scientific_policy"": ""G4_G3_FINAL_SCIENTIFIC_POLICY_V1"", ""human_reviewed"": false, ""julich_probability_asset"": ""data/atlases/julich/v3.1/spatial_raw/probability_maps/"", ""julich_spatial_component_asset"": ""AREA_4P_PRECG_RIGHT.nii.gz"", ""julich_spatial_component_id"": ""JULICH_BRAIN_CYTOARCHITECTONIC_ATLAS_V3_1_AREA_4P_PRECG"", ""mapping_method_field"": ""spatial_overlap"", ""owner_scientific_review_status"": ""OWNER_SCIENTIFIC_REVIEWED"", ""phase"": ""G4_G3_MAPPING_CANDIDATE_STAGING_V1"", ""production_review_status"": ""pending"", ""relation_artifact"": ""g4_g3_final_relation_decisions.csv"", ""scientific_method"": ""Julich probability x Brainnetome probability + TemplateFlow nonlinear transform + probability-weighted overlap + hard-label auxiliary containment + owner scientific review"", ""semantic_compatibility_status"": null, ""source_canonical_g4_id"": ""NGIQ-BR-00000469"", ""source_coverage_ratio"": 0.1733939198766027, ""target_canonical_g3_id"": ""NGIQ-BR-00000070"", ""target_coverage_ratio"": 0.06150837228774588, ""transform_provenance"": ""data/atlases/templateflow_ref (MNI152NLin2009cAsym_from-MNI152NLin6Asym)""}"
G4G3-STAGE-68007CCB1F618D9A5F67,1243,NGIQ-BR-00000470,Area 4p (PreCG) left,G4_MICROSTRUCTURAL_FINE,left,207,NGIQ-BR-00000069,"Left Precentral gyrus, Brainnetome 6_1",G3_MESO_FINE,left,partial_overlap,spatial_overlap,0.366558,0.075318,,,False,proposed,pending,FALSE,FALSE,PARTIAL_OVERLAP,OWNER_CONFIRMED_PARTIAL,,,"{""brainnetome_probability_asset"": ""data/atlases/brainnetome/bna246/volume_raw/BNA_PM_4D.nii.gz"", ""decision_artifact"": ""g4_g3_final_scientific_decisions.csv"", ""decision_reason_code"": ""OWNER_CONFIRMED_PARTIAL"", ""evidence_2g_probability_overlap"": ""g4_g3_probability_overlap_summary.json"", ""evidence_2h_interpretation"": ""g4_g3_overlap_interpretation_profiles.csv"", ""evidence_2ia_policy"": ""g4_g3_scientific_decision_policy_v1.csv"", ""evidence_2ib_owner_revision"": ""g4_g3_owner_policy_revision_v1.csv"", ""evidence_2ic_final_decision"": ""g4_g3_final_scientific_decision_summary.json"", ""expert_approved"": false, ""final_scientific_policy"": ""G4_G3_FINAL_SCIENTIFIC_POLICY_V1"", ""human_reviewed"": false, ""julich_probability_asset"": ""data/atlases/julich/v3.1/spatial_raw/probability_maps/"", ""julich_spatial_component_asset"": ""AREA_4P_PRECG_LEFT.nii.gz"", ""julich_spatial_component_id"": ""JULICH_BRAIN_CYTOARCHITECTONIC_ATLAS_V3_1_AREA_4P_PRECG"", ""mapping_method_field"": ""spatial_overlap"", ""owner_scientific_review_status"": ""OWNER_SCIENTIFIC_REVIEWED"", ""phase"": ""G4_G3_MAPPING_CANDIDATE_STAGING_V1"", ""production_review_status"": ""pending"", ""relation_artifact"": ""g4_g3_final_relation_decisions.csv"", ""scientific_method"": ""Julich probability x Brainnetome probability + TemplateFlow nonlinear transform + probability-weighted overlap + hard-label auxiliary containment + owner scientific review"", ""semantic_compatibility_status"": null, ""source_canonical_g4_id"": ""NGIQ-BR-00000470"", ""source_coverage_ratio"": 0.36655840282272206, ""target_canonical_g3_id"": ""NGIQ-BR-00000069"", ""target_coverage_ratio"": 0.07531816146005134, ""transform_provenance"": ""data/atlases/templateflow_ref (MNI152NLin2009cAsym_from-MNI152NLin6Asym)""}"
G4G3-STAGE-2C62E63486B106D2EBFF,1243,NGIQ-BR-00000470,Area 4p (PreCG) left,G4_MICROSTRUCTURAL_FINE,left,219,NGIQ-BR-00000073,"Left Precentral gyrus, Brainnetome 6_3",G3_MESO_FINE,left,partial_overlap,spatial_overlap,0.300147,0.097679,,,False,proposed,pending,FALSE,FALSE,PARTIAL_OVERLAP,OWNER_CONFIRMED_PARTIAL,,,"{""brainnetome_probability_asset"": ""data/atlases/brainnetome/bna246/volume_raw/BNA_PM_4D.nii.gz"", ""decision_artifact"": ""g4_g3_final_scientific_decisions.csv"", ""decision_reason_code"": ""OWNER_CONFIRMED_PARTIAL"", ""evidence_2g_probability_overlap"": ""g4_g3_probability_overlap_summary.json"", ""evidence_2h_interpretation"": ""g4_g3_overlap_interpretation_profiles.csv"", ""evidence_2ia_policy"": ""g4_g3_scientific_decision_policy_v1.csv"", ""evidence_2ib_owner_revision"": ""g4_g3_owner_policy_revision_v1.csv"", ""evidence_2ic_final_decision"": ""g4_g3_final_scientific_decision_summary.json"", ""expert_approved"": false, ""final_scientific_policy"": ""G4_G3_FINAL_SCIENTIFIC_POLICY_V1"", ""human_reviewed"": false, ""julich_probability_asset"": ""data/atlases/julich/v3.1/spatial_raw/probability_maps/"", ""julich_spatial_component_asset"": ""AREA_4P_PRECG_LEFT.nii.gz"", ""julich_spatial_component_id"": ""JULICH_BRAIN_CYTOARCHITECTONIC_ATLAS_V3_1_AREA_4P_PRECG"", ""mapping_method_field"": ""spatial_overlap"", ""owner_scientific_review_status"": ""OWNER_SCIENTIFIC_REVIEWED"", ""phase"": ""G4_G3_MAPPING_CANDIDATE_STAGING_V1"", ""production_review_status"": ""pending"", ""relation_artifact"": ""g4_g3_final_relation_decisions.csv"", ""scientific_method"": ""Julich probability x Brainnetome probability + TemplateFlow nonlinear transform + probability-weighted overlap + hard-label auxiliary containment + owner scientific review"", ""semantic_compatibility_status"": null, ""source_canonical_g4_id"": ""NGIQ-BR-00000470"", ""source_coverage_ratio"": 0.30014709333457656, ""target_canonical_g3_id"": ""NGIQ-BR-00000073"", ""target_coverage_ratio"": 0.09767908986712306, ""transform_provenance"": ""data/atlases/templateflow_ref (MNI152NLin2009cAsym_from-MNI152NLin6Asym)""}"
G4G3-STAGE-0D3107CAA1B16E22C6AB,1243,NGIQ-BR-00000470,Area 4p (PreCG) left,G4_MICROSTRUCTURAL_FINE,left,489,NGIQ-BR-00000163,"Left Postcentral gyrus, Brainnetome 4_1",G3_MESO_FINE,left,partial_overlap,spatial_overlap,0.154013,0.030955,,,False,proposed,pending,FALSE,FALSE,PARTIAL_OVERLAP,OWNER_CONFIRMED_PARTIAL,,,"{""brainnetome_probability_asset"": ""data/atlases/brainnetome/bna246/volume_raw/BNA_PM_4D.nii.gz"", ""decision_artifact"": ""g4_g3_final_scientific_decisions.csv"", ""decision_reason_code"": ""OWNER_CONFIRMED_PARTIAL"", ""evidence_2g_probability_overlap"": ""g4_g3_probability_overlap_summary.json"", ""evidence_2h_interpretation"": ""g4_g3_overlap_interpretation_profiles.csv"", ""evidence_2ia_policy"": ""g4_g3_scientific_decision_policy_v1.csv"", ""evidence_2ib_owner_revision"": ""g4_g3_owner_policy_revision_v1.csv"", ""evidence_2ic_final_decision"": ""g4_g3_final_scientific_decision_summary.json"", ""expert_approved"": false, ""final_scientific_policy"": ""G4_G3_FINAL_SCIENTIFIC_POLICY_V1"", ""human_reviewed"": false, ""julich_probability_asset"": ""data/atlases/julich/v3.1/spatial_raw/probability_maps/"", ""julich_spatial_component_asset"": ""AREA_4P_PRECG_LEFT.nii.gz"", ""julich_spatial_component_id"": ""JULICH_BRAIN_CYTOARCHITECTONIC_ATLAS_V3_1_AREA_4P_PRECG"", ""mapping_method_field"": ""spatial_overlap"", ""owner_scientific_review_status"": ""OWNER_SCIENTIFIC_REVIEWED"", ""phase"": ""G4_G3_MAPPING_CANDIDATE_STAGING_V1"", ""production_review_status"": ""pending"", ""relation_artifact"": ""g4_g3_final_relation_decisions.csv"", ""scientific_method"": ""Julich probability x Brainnetome probability + TemplateFlow nonlinear transform + probability-weighted overlap + hard-label auxiliary containment + owner scientific review"", ""semantic_compatibility_status"": null, ""source_canonical_g4_id"": ""NGIQ-BR-00000470"", ""source_coverage_ratio"": 0.15401275935949343, ""target_canonical_g3_id"": ""NGIQ-BR-00000163"", ""target_coverage_ratio"": 0.030955078705364496, ""transform_provenance"": ""data/atlases/templateflow_ref (MNI152NLin2009cAsym_from-MNI152NLin6Asym)""}"
G4G3-STAGE-B834F79A961F71FCE4E1,1258,NGIQ-BR-00000475,Area Op6 (Frontal Operculum) right,G4_MICROSTRUCTURAL_FINE,right,234,NGIQ-BR-00000078,"Right Precentral gyrus, Brainnetome 6_5",G3_MESO_FINE,right,dominant_overlap,spatial_overlap,0.528666,0.089769,,,False,proposed,pending,FALSE,FALSE,APPROVE_DOMINANT_OVERLAP,DOMINANT_CRITERIA_V1,,BOUNDARY_METRIC,"{""brainnetome_probability_asset"": ""data/atlases/brainnetome/bna246/volume_raw/BNA_PM_4D.nii.gz"", ""decision_artifact"": ""g4_g3_final_scientific_decisions.csv"", ""decision_reason_code"": ""DOMINANT_CRITERIA_V1"", ""evidence_2g_probability_overlap"": ""g4_g3_probability_overlap_summary.json"", ""evidence_2h_interpretation"": ""g4_g3_overlap_interpretation_profiles.csv"", ""evidence_2ia_policy"": ""g4_g3_scientific_decision_policy_v1.csv"", ""evidence_2ib_owner_revision"": ""g4_g3_owner_policy_revision_v1.csv"", ""evidence_2ic_final_decision"": ""g4_g3_final_scientific_decision_summary.json"", ""expert_approved"": false, ""final_scientific_policy"": ""G4_G3_FINAL_SCIENTIFIC_POLICY_V1"", ""human_reviewed"": false, ""julich_probability_asset"": ""data/atlases/julich/v3.1/spatial_raw/probability_maps/"", ""julich_spatial_component_asset"": ""AREA_OP6_FRONTAL_OPERCULUM_RIGHT.nii.gz"", ""julich_spatial_component_id"": ""JULICH_BRAIN_CYTOARCHITECTONIC_ATLAS_V3_1_AREA_OP6_FRONTAL_OPERCULUM"", ""mapping_method_field"": ""spatial_overlap"", ""owner_scientific_review_status"": ""OWNER_SCIENTIFIC_REVIEWED"", ""phase"": ""G4_G3_MAPPING_CANDIDATE_STAGING_V1"", ""production_review_status"": ""pending"", ""relation_artifact"": ""g4_g3_final_relation_decisions.csv"", ""scientific_method"": ""Julich probability x Brainnetome probability + TemplateFlow nonlinear transform + probability-weighted overlap + hard-label auxiliary containment + owner scientific review"", ""semantic_compatibility_status"": null, ""source_canonical_g4_id"": ""NGIQ-BR-00000475"", ""source_coverage_ratio"": 0.528665553360737, ""target_canonical_g3_id"": ""NGIQ-BR-00000078"", ""target_coverage_ratio"": 0.08976865897992065, ""transform_provenance"": ""data/atlases/templateflow_ref (MNI152NLin2009cAsym_from-MNI152NLin6Asym)""}"
G4G3-STAGE-C34D6EA4DB09ABA8814B,1261,NGIQ-BR-00000476,Area Op6 (Frontal Operculum) left,G4_MICROSTRUCTURAL_FINE,left,231,NGIQ-BR-00000077,"Left Precentral gyrus, Brainnetome 6_5",G3_MESO_FINE,left,partial_overlap,spatial_overlap,0.427405,0.224109,,,False,proposed,pending,FALSE,FALSE,PARTIAL_OVERLAP,OWNER_CONFIRMED_PARTIAL,,BOUNDARY_SECOND_TARGET,"{""brainnetome_probability_asset"": ""data/atlases/brainnetome/bna246/volume_raw/BNA_PM_4D.nii.gz"", ""decision_artifact"": ""g4_g3_final_scientific_decisions.csv"", ""decision_reason_code"": ""OWNER_CONFIRMED_PARTIAL"", ""evidence_2g_probability_overlap"": ""g4_g3_probability_overlap_summary.json"", ""evidence_2h_interpretation"": ""g4_g3_overlap_interpretation_profiles.csv"", ""evidence_2ia_policy"": ""g4_g3_scientific_decision_policy_v1.csv"", ""evidence_2ib_owner_revision"": ""g4_g3_owner_policy_revision_v1.csv"", ""evidence_2ic_final_decision"": ""g4_g3_final_scientific_decision_summary.json"", ""expert_approved"": false, ""final_scientific_policy"": ""G4_G3_FINAL_SCIENTIFIC_POLICY_V1"", ""human_reviewed"": false, ""julich_probability_asset"": ""data/atlases/julich/v3.1/spatial_raw/probability_maps/"", ""julich_spatial_component_asset"": ""AREA_OP6_FRONTAL_OPERCULUM_LEFT.nii.gz"", ""julich_spatial_component_id"": ""JULICH_BRAIN_CYTOARCHITECTONIC_ATLAS_V3_1_AREA_OP6_FRONTAL_OPERCULUM"", ""mapping_method_field"": ""spatial_overlap"", ""owner_scientific_review_status"": ""OWNER_SCIENTIFIC_REVIEWED"", ""phase"": ""G4_G3_MAPPING_CANDIDATE_STAGING_V1"", ""production_review_status"": ""pending"", ""relation_artifact"": ""g4_g3_final_relation_decisions.csv"", ""scientific_method"": ""Julich probability x Brainnetome probability + TemplateFlow nonlinear transform + probability-weighted overlap + hard-label auxiliary containment + owner scientific review"", ""semantic_compatibility_status"": null, ""source_canonical_g4_id"": ""NGIQ-BR-00000476"", ""source_coverage_ratio"": 0.42740525687263325, ""target_canonical_g3_id"": ""NGIQ-BR-00000077"", ""target_coverage_ratio"": 0.224109412453293, ""transform_provenance"": ""data/atlases/templateflow_ref (MNI152NLin2009cAsym_from-MNI152NLin6Asym)""}"
G4G3-STAGE-B9FE015ECDC023B85F23,1261,NGIQ-BR-00000476,Area Op6 (Frontal Operculum) left,G4_MICROSTRUCTURAL_FINE,left,165,NGIQ-BR-00000055,"Left Inferior frontal gyrus, Brainnetome 6_6",G3_MESO_FINE,left,partial_overlap,spatial_overlap,0.182006,0.112574,,,False,proposed,pending,FALSE,FALSE,PARTIAL_OVERLAP,OWNER_CONFIRMED_PARTIAL,,BOUNDARY_SECOND_TARGET,"{""brainnetome_probability_asset"": ""data/atlases/brainnetome/bna246/volume_raw/BNA_PM_4D.nii.gz"", ""decision_artifact"": ""g4_g3_final_scientific_decisions.csv"", ""decision_reason_code"": ""OWNER_CONFIRMED_PARTIAL"", ""evidence_2g_probability_overlap"": ""g4_g3_probability_overlap_summary.json"", ""evidence_2h_interpretation"": ""g4_g3_overlap_interpretation_profiles.csv"", ""evidence_2ia_policy"": ""g4_g3_scientific_decision_policy_v1.csv"", ""evidence_2ib_owner_revision"": ""g4_g3_owner_policy_revision_v1.csv"", ""evidence_2ic_final_decision"": ""g4_g3_final_scientific_decision_summary.json"", ""expert_approved"": false, ""final_scientific_policy"": ""G4_G3_FINAL_SCIENTIFIC_POLICY_V1"", ""human_reviewed"": false, ""julich_probability_asset"": ""data/atlases/julich/v3.1/spatial_raw/probability_maps/"", ""julich_spatial_component_asset"": ""AREA_OP6_FRONTAL_OPERCULUM_LEFT.nii.gz"", ""julich_spatial_component_id"": ""JULICH_BRAIN_CYTOARCHITECTONIC_ATLAS_V3_1_AREA_OP6_FRONTAL_OPERCULUM"", ""mapping_method_field"": ""spatial_overlap"", ""owner_scientific_review_status"": ""OWNER_SCIENTIFIC_REVIEWED"", ""phase"": ""G4_G3_MAPPING_CANDIDATE_STAGING_V1"", ""production_review_status"": ""pending"", ""relation_artifact"": ""g4_g3_final_relation_decisions.csv"", ""scientific_method"": ""Julich probability x Brainnetome probability + TemplateFlow nonlinear transform + probability-weighted overlap + hard-label auxiliary containment + owner scientific review"", ""semantic_compatibility_status"": null, ""source_canonical_g4_id"": ""NGIQ-BR-00000476"", ""source_coverage_ratio"": 0.18200638619449402, ""target_canonical_g3_id"": ""NGIQ-BR-00000055"", ""target_coverage_ratio"": 0.11257357207087071, ""transform_provenance"": ""data/atlases/templateflow_ref (MNI152NLin2009cAsym_from-MNI152NLin6Asym)""}"
G4G3-STAGE-46022B84461CF9A2F61C,1264,NGIQ-BR-00000477,Area Op5 (Frontal Operculum) right,G4_MICROSTRUCTURAL_FINE,right,234,NGIQ-BR-00000078,"Right Precentral gyrus, Brainnetome 6_5",G3_MESO_FINE,right,partial_overlap,spatial_overlap,0.478827,0.180581,,,False,proposed,pending,FALSE,FALSE,PARTIAL_OVERLAP,OWNER_CONFIRMED_PARTIAL,,,"{""brainnetome_probability_asset"": ""data/atlases/brainnetome/bna246/volume_raw/BNA_PM_4D.nii.gz"", ""decision_artifact"": ""g4_g3_final_scientific_decisions.csv"", ""decision_reason_code"": ""OWNER_CONFIRMED_PARTIAL"", ""evidence_2g_probability_overlap"": ""g4_g3_probability_overlap_summary.json"", ""evidence_2h_interpretation"": ""g4_g3_overlap_interpretation_profiles.csv"", ""evidence_2ia_policy"": ""g4_g3_scientific_decision_policy_v1.csv"", ""evidence_2ib_owner_revision"": ""g4_g3_owner_policy_revision_v1.csv"", ""evidence_2ic_final_decision"": ""g4_g3_final_scientific_decision_summary.json"", ""expert_approved"": false, ""final_scientific_policy"": ""G4_G3_FINAL_SCIENTIFIC_POLICY_V1"", ""human_reviewed"": false, ""julich_probability_asset"": ""data/atlases/julich/v3.1/spatial_raw/probability_maps/"", ""julich_spatial_component_asset"": ""AREA_OP5_FRONTAL_OPERCULUM_RIGHT.nii.gz"", ""julich_spatial_component_id"": ""JULICH_BRAIN_CYTOARCHITECTONIC_ATLAS_V3_1_AREA_OP5_FRONTAL_OPERCULUM"", ""mapping_method_field"": ""spatial_overlap"", ""owner_scientific_review_status"": ""OWNER_SCIENTIFIC_REVIEWED"", ""phase"": ""G4_G3_MAPPING_CANDIDATE_STAGING_V1"", ""production_review_status"": ""pending"", ""relation_artifact"": ""g4_g3_final_relation_decisions.csv"", ""scientific_method"": ""Julich probability x Brainnetome probability + TemplateFlow nonlinear transform + probability-weighted overlap + hard-label auxiliary containment + owner scientific review"", ""semantic_compatibility_status"": null, ""source_canonical_g4_id"": ""NGIQ-BR-00000477"", ""source_coverage_ratio"": 0.4788266919997925, ""target_canonical_g3_id"": ""NGIQ-BR-00000078"", ""target_coverage_ratio"": 0.18058050247642785, ""transform_provenance"": ""data/atlases/templateflow_ref (MNI152NLin2009cAsym_from-MNI152NLin6Asym)""}"
G4G3-STAGE-239CD9ABB5963E0AC551,1264,NGIQ-BR-00000477,Area Op5 (Frontal Operculum) right,G4_MICROSTRUCTURAL_FINE,right,498,NGIQ-BR-00000166,"Right Postcentral gyrus, Brainnetome 4_2",G3_MESO_FINE,right,partial_overlap,spatial_overlap,0.254236,0.061652,,,False,proposed,pending,FALSE,FALSE,PARTIAL_OVERLAP,OWNER_CONFIRMED_PARTIAL,,,"{""brainnetome_probability_asset"": ""data/atlases/brainnetome/bna246/volume_raw/BNA_PM_4D.nii.gz"", ""decision_artifact"": ""g4_g3_final_scientific_decisions.csv"", ""decision_reason_code"": ""OWNER_CONFIRMED_PARTIAL"", ""evidence_2g_probability_overlap"": ""g4_g3_probability_overlap_summary.json"", ""evidence_2h_interpretation"": ""g4_g3_overlap_interpretation_profiles.csv"", ""evidence_2ia_policy"": ""g4_g3_scientific_decision_policy_v1.csv"", ""evidence_2ib_owner_revision"": ""g4_g3_owner_policy_revision_v1.csv"", ""evidence_2ic_final_decision"": ""g4_g3_final_scientific_decision_summary.json"", ""expert_approved"": false, ""final_scientific_policy"": ""G4_G3_FINAL_SCIENTIFIC_POLICY_V1"", ""human_reviewed"": false, ""julich_probability_asset"": ""data/atlases/julich/v3.1/spatial_raw/probability_maps/"", ""julich_spatial_component_asset"": ""AREA_OP5_FRONTAL_OPERCULUM_RIGHT.nii.gz"", ""julich_spatial_component_id"": ""JULICH_BRAIN_CYTOARCHITECTONIC_ATLAS_V3_1_AREA_OP5_FRONTAL_OPERCULUM"", ""mapping_method_field"": ""spatial_overlap"", ""owner_scientific_review_status"": ""OWNER_SCIENTIFIC_REVIEWED"", ""phase"": ""G4_G3_MAPPING_CANDIDATE_STAGING_V1"", ""production_review_status"": ""pending"", ""relation_artifact"": ""g4_g3_final_relation_decisions.csv"", ""scientific_method"": ""Julich probability x Brainnetome probability + TemplateFlow nonlinear transform + probability-weighted overlap + hard-label auxiliary containment + owner scientific review"", ""semantic_compatibility_status"": null, ""source_canonical_g4_id"": ""NGIQ-BR-00000477"", ""source_coverage_ratio"": 0.25423626990196696, ""target_canonical_g3_id"": ""NGIQ-BR-00000166"", ""target_coverage_ratio"": 0.061651534540998316, ""transform_provenance"": ""data/atlases/templateflow_ref (MNI152NLin2009cAsym_from-MNI152NLin6Asym)""}"
G4G3-STAGE-6E933CDF2EFCA8A6F135,1267,NGIQ-BR-00000478,Area Op5 (Frontal Operculum) left,G4_MICROSTRUCTURAL_FINE,left,231,NGIQ-BR-00000077,"Left Precentral gyrus, Brainnetome 6_5",G3_MESO_FINE,left,partial_overlap,spatial_overlap,0.493571,0.122549,,,False,proposed,pending,FALSE,FALSE,PARTIAL_OVERLAP,OWNER_CONFIRMED_PARTIAL,,BOUNDARY_SECOND_TARGET,"{""brainnetome_probability_asset"": ""data/atlases/brainnetome/bna246/volume_raw/BNA_PM_4D.nii.gz"", ""decision_artifact"": ""g4_g3_final_scientific_decisions.csv"", ""decision_reason_code"": ""OWNER_CONFIRMED_PARTIAL"", ""evidence_2g_probability_overlap"": ""g4_g3_probability_overlap_summary.json"", ""evidence_2h_interpretation"": ""g4_g3_overlap_interpretation_profiles.csv"", ""evidence_2ia_policy"": ""g4_g3_scientific_decision_policy_v1.csv"", ""evidence_2ib_owner_revision"": ""g4_g3_owner_policy_revision_v1.csv"", ""evidence_2ic_final_decision"": ""g4_g3_final_scientific_decision_summary.json"", ""expert_approved"": false, ""final_scientific_policy"": ""G4_G3_FINAL_SCIENTIFIC_POLICY_V1"", ""human_reviewed"": false, ""julich_probability_asset"": ""data/atlases/julich/v3.1/spatial_raw/probability_maps/"", ""julich_spatial_component_asset"": ""AREA_OP5_FRONTAL_OPERCULUM_LEFT.nii.gz"", ""julich_spatial_component_id"": ""JULICH_BRAIN_CYTOARCHITECTONIC_ATLAS_V3_1_AREA_OP5_FRONTAL_OPERCULUM"", ""mapping_method_field"": ""spatial_overlap"", ""owner_scientific_review_status"": ""OWNER_SCIENTIFIC_REVIEWED"", ""phase"": ""G4_G3_MAPPING_CANDIDATE_STAGING_V1"", ""production_review_status"": ""pending"", ""relation_artifact"": ""g4_g3_final_relation_decisions.csv"", ""scientific_method"": ""Julich probability x Brainnetome probability + TemplateFlow nonlinear transform + probability-weighted overlap + hard-label auxiliary containment + owner scientific review"", ""semantic_compatibility_status"": null, ""source_canonical_g4_id"": ""NGIQ-BR-00000478"", ""source_coverage_ratio"": 0.4935705155508057, ""target_canonical_g3_id"": ""NGIQ-BR-00000077"", ""target_coverage_ratio"": 0.12254891971665775, ""transform_provenance"": ""data/atlases/templateflow_ref (MNI152NLin2009cAsym_from-MNI152NLin6Asym)""}"
G4G3-STAGE-5D281C83119EEE8B851F,1267,NGIQ-BR-00000478,Area Op5 (Frontal Operculum) left,G4_MICROSTRUCTURAL_FINE,left,495,NGIQ-BR-00000165,"Left Postcentral gyrus, Brainnetome 4_2",G3_MESO_FINE,left,partial_overlap,spatial_overlap,0.163715,0.03003,,,False,proposed,pending,FALSE,FALSE,PARTIAL_OVERLAP,OWNER_CONFIRMED_PARTIAL,,BOUNDARY_SECOND_TARGET,"{""brainnetome_probability_asset"": ""data/atlases/brainnetome/bna246/volume_raw/BNA_PM_4D.nii.gz"", ""decision_artifact"": ""g4_g3_final_scientific_decisions.csv"", ""decision_reason_code"": ""OWNER_CONFIRMED_PARTIAL"", ""evidence_2g_probability_overlap"": ""g4_g3_probability_overlap_summary.json"", ""evidence_2h_interpretation"": ""g4_g3_overlap_interpretation_profiles.csv"", ""evidence_2ia_policy"": ""g4_g3_scientific_decision_policy_v1.csv"", ""evidence_2ib_owner_revision"": ""g4_g3_owner_policy_revision_v1.csv"", ""evidence_2ic_final_decision"": ""g4_g3_final_scientific_decision_summary.json"", ""expert_approved"": false, ""final_scientific_policy"": ""G4_G3_FINAL_SCIENTIFIC_POLICY_V1"", ""human_reviewed"": false, ""julich_probability_asset"": ""data/atlases/julich/v3.1/spatial_raw/probability_maps/"", ""julich_spatial_component_asset"": ""AREA_OP5_FRONTAL_OPERCULUM_LEFT.nii.gz"", ""julich_spatial_component_id"": ""JULICH_BRAIN_CYTOARCHITECTONIC_ATLAS_V3_1_AREA_OP5_FRONTAL_OPERCULUM"", ""mapping_method_field"": ""spatial_overlap"", ""owner_scientific_review_status"": ""OWNER_SCIENTIFIC_REVIEWED"", ""phase"": ""G4_G3_MAPPING_CANDIDATE_STAGING_V1"", ""production_review_status"": ""pending"", ""relation_artifact"": ""g4_g3_final_relation_decisions.csv"", ""scientific_method"": ""Julich probability x Brainnetome probability + TemplateFlow nonlinear transform + probability-weighted overlap + hard-label auxiliary containment + owner scientific review"", ""semantic_compatibility_status"": null, ""source_canonical_g4_id"": ""NGIQ-BR-00000478"", ""source_coverage_ratio"": 0.16371519323687042, ""target_canonical_g3_id"": ""NGIQ-BR-00000165"", ""target_coverage_ratio"": 0.030029962918143763, ""transform_provenance"": ""data/atlases/templateflow_ref (MNI152NLin2009cAsym_from-MNI152NLin6Asym)""}"
G4G3-STAGE-F666ECDC50C77525265E,1270,NGIQ-BR-00000479,Area Op7 (Frontal Operculum) right,G4_MICROSTRUCTURAL_FINE,right,162,NGIQ-BR-00000054,"Right Inferior frontal gyrus, Brainnetome 6_5",G3_MESO_FINE,right,dominant_overlap,spatial_overlap,0.584581,0.059276,,,False,proposed,pending,FALSE,FALSE,APPROVE_DOMINANT_OVERLAP,DOMINANT_CRITERIA_V1,,,"{""brainnetome_probability_asset"": ""data/atlases/brainnetome/bna246/volume_raw/BNA_PM_4D.nii.gz"", ""decision_artifact"": ""g4_g3_final_scientific_decisions.csv"", ""decision_reason_code"": ""DOMINANT_CRITERIA_V1"", ""evidence_2g_probability_overlap"": ""g4_g3_probability_overlap_summary.json"", ""evidence_2h_interpretation"": ""g4_g3_overlap_interpretation_profiles.csv"", ""evidence_2ia_policy"": ""g4_g3_scientific_decision_policy_v1.csv"", ""evidence_2ib_owner_revision"": ""g4_g3_owner_policy_revision_v1.csv"", ""evidence_2ic_final_decision"": ""g4_g3_final_scientific_decision_summary.json"", ""expert_approved"": false, ""final_scientific_policy"": ""G4_G3_FINAL_SCIENTIFIC_POLICY_V1"", ""human_reviewed"": false, ""julich_probability_asset"": ""data/atlases/julich/v3.1/spatial_raw/probability_maps/"", ""julich_spatial_component_asset"": ""AREA_OP7_FRONTAL_OPERCULUM_RIGHT.nii.gz"", ""julich_spatial_component_id"": ""JULICH_BRAIN_CYTOARCHITECTONIC_ATLAS_V3_1_AREA_OP7_FRONTAL_OPERCULUM"", ""mapping_method_field"": ""spatial_overlap"", ""owner_scientific_review_status"": ""OWNER_SCIENTIFIC_REVIEWED"", ""phase"": ""G4_G3_MAPPING_CANDIDATE_STAGING_V1"", ""production_review_status"": ""pending"", ""relation_artifact"": ""g4_g3_final_relation_decisions.csv"", ""scientific_method"": ""Julich probability x Brainnetome probability + TemplateFlow nonlinear transform + probability-weighted overlap + hard-label auxiliary containment + owner scientific review"", ""semantic_compatibility_status"": null, ""source_canonical_g4_id"": ""NGIQ-BR-00000479"", ""source_coverage_ratio"": 0.5845811829619645, ""target_canonical_g3_id"": ""NGIQ-BR-00000054"", ""target_coverage_ratio"": 0.05927553808939814, ""transform_provenance"": ""data/atlases/templateflow_ref (MNI152NLin2009cAsym_from-MNI152NLin6Asym)""}"
G4G3-STAGE-AD846444B106ADE09ABA,1276,NGIQ-BR-00000481,Area Op9 (Frontal Operculum) right,G4_MICROSTRUCTURAL_FINE,right,162,NGIQ-BR-00000054,"Right Inferior frontal gyrus, Brainnetome 6_5",G3_MESO_FINE,right,dominant_overlap,spatial_overlap,0.590677,0.176284,,,False,proposed,pending,FALSE,FALSE,APPROVE_DOMINANT_OVERLAP,DOMINANT_CRITERIA_V1,,,"{""brainnetome_probability_asset"": ""data/atlases/brainnetome/bna246/volume_raw/BNA_PM_4D.nii.gz"", ""decision_artifact"": ""g4_g3_final_scientific_decisions.csv"", ""decision_reason_code"": ""DOMINANT_CRITERIA_V1"", ""evidence_2g_probability_overlap"": ""g4_g3_probability_overlap_summary.json"", ""evidence_2h_interpretation"": ""g4_g3_overlap_interpretation_profiles.csv"", ""evidence_2ia_policy"": ""g4_g3_scientific_decision_policy_v1.csv"", ""evidence_2ib_owner_revision"": ""g4_g3_owner_policy_revision_v1.csv"", ""evidence_2ic_final_decision"": ""g4_g3_final_scientific_decision_summary.json"", ""expert_approved"": false, ""final_scientific_policy"": ""G4_G3_FINAL_SCIENTIFIC_POLICY_V1"", ""human_reviewed"": false, ""julich_probability_asset"": ""data/atlases/julich/v3.1/spatial_raw/probability_maps/"", ""julich_spatial_component_asset"": ""AREA_OP9_FRONTAL_OPERCULUM_RIGHT.nii.gz"", ""julich_spatial_component_id"": ""JULICH_BRAIN_CYTOARCHITECTONIC_ATLAS_V3_1_AREA_OP9_FRONTAL_OPERCULUM"", ""mapping_method_field"": ""spatial_overlap"", ""owner_scientific_review_status"": ""OWNER_SCIENTIFIC_REVIEWED"", ""phase"": ""G4_G3_MAPPING_CANDIDATE_STAGING_V1"", ""production_review_status"": ""pending"", ""relation_artifact"": ""g4_g3_final_relation_decisions.csv"", ""scientific_method"": ""Julich probability x Brainnetome probability + TemplateFlow nonlinear transform + probability-weighted overlap + hard-label auxiliary containment + owner scientific review"", ""semantic_compatibility_status"": null, ""source_canonical_g4_id"": ""NGIQ-BR-00000481"", ""source_coverage_ratio"": 0.5906774244190102, ""target_canonical_g3_id"": ""NGIQ-BR-00000054"", ""target_coverage_ratio"": 0.17628375177809683, ""transform_provenance"": ""data/atlases/templateflow_ref (MNI152NLin2009cAsym_from-MNI152NLin6Asym)""}"
G4G3-STAGE-B2F235ED6D5407F9BC70,1279,NGIQ-BR-00000482,Area Op9 (Frontal Operculum) left,G4_MICROSTRUCTURAL_FINE,left,159,NGIQ-BR-00000053,"Left Inferior frontal gyrus, Brainnetome 6_5",G3_MESO_FINE,left,partial_overlap,spatial_overlap,0.395307,0.085631,,,False,proposed,pending,FALSE,FALSE,PARTIAL_OVERLAP,FINAL_MULTI_TARGET_PARTIAL_GATE_PASS,,BOUNDARY_SECOND_TARGET,"{""brainnetome_probability_asset"": ""data/atlases/brainnetome/bna246/volume_raw/BNA_PM_4D.nii.gz"", ""decision_artifact"": ""g4_g3_final_scientific_decisions.csv"", ""decision_reason_code"": ""FINAL_MULTI_TARGET_PARTIAL_GATE_PASS"", ""evidence_2g_probability_overlap"": ""g4_g3_probability_overlap_summary.json"", ""evidence_2h_interpretation"": ""g4_g3_overlap_interpretation_profiles.csv"", ""evidence_2ia_policy"": ""g4_g3_scientific_decision_policy_v1.csv"", ""evidence_2ib_owner_revision"": ""g4_g3_owner_policy_revision_v1.csv"", ""evidence_2ic_final_decision"": ""g4_g3_final_scientific_decision_summary.json"", ""expert_approved"": false, ""final_scientific_policy"": ""G4_G3_FINAL_SCIENTIFIC_POLICY_V1"", ""human_reviewed"": false, ""julich_probability_asset"": ""data/atlases/julich/v3.1/spatial_raw/probability_maps/"", ""julich_spatial_component_asset"": ""AREA_OP9_FRONTAL_OPERCULUM_LEFT.nii.gz"", ""julich_spatial_component_id"": ""JULICH_BRAIN_CYTOARCHITECTONIC_ATLAS_V3_1_AREA_OP9_FRONTAL_OPERCULUM"", ""mapping_method_field"": ""spatial_overlap"", ""owner_scientific_review_status"": ""OWNER_SCIENTIFIC_REVIEWED"", ""phase"": ""G4_G3_MAPPING_CANDIDATE_STAGING_V1"", ""production_review_status"": ""pending"", ""relation_artifact"": ""g4_g3_final_relation_decisions.csv"", ""scientific_method"": ""Julich probability x Brainnetome probability + TemplateFlow nonlinear transform + probability-weighted overlap + hard-label auxiliary containment + owner scientific review"", ""semantic_compatibility_status"": null, ""source_canonical_g4_id"": ""NGIQ-BR-00000482"", ""source_coverage_ratio"": 0.3953066988114222, ""target_canonical_g3_id"": ""NGIQ-BR-00000053"", ""target_coverage_ratio"": 0.08563100717333384, ""transform_provenance"": ""data/atlases/templateflow_ref (MNI152NLin2009cAsym_from-MNI152NLin6Asym)""}"
G4G3-STAGE-AB5A8EB0557F41EA0A2C,1279,NGIQ-BR-00000482,Area Op9 (Frontal Operculum) left,G4_MICROSTRUCTURAL_FINE,left,153,NGIQ-BR-00000051,"Left Inferior frontal gyrus, Brainnetome 6_4",G3_MESO_FINE,left,partial_overlap,spatial_overlap,0.186308,0.075143,,,False,proposed,pending,FALSE,FALSE,PARTIAL_OVERLAP,FINAL_MULTI_TARGET_PARTIAL_GATE_PASS,,BOUNDARY_SECOND_TARGET,"{""brainnetome_probability_asset"": ""data/atlases/brainnetome/bna246/volume_raw/BNA_PM_4D.nii.gz"", ""decision_artifact"": ""g4_g3_final_scientific_decisions.csv"", ""decision_reason_code"": ""FINAL_MULTI_TARGET_PARTIAL_GATE_PASS"", ""evidence_2g_probability_overlap"": ""g4_g3_probability_overlap_summary.json"", ""evidence_2h_interpretation"": ""g4_g3_overlap_interpretation_profiles.csv"", ""evidence_2ia_policy"": ""g4_g3_scientific_decision_policy_v1.csv"", ""evidence_2ib_owner_revision"": ""g4_g3_owner_policy_revision_v1.csv"", ""evidence_2ic_final_decision"": ""g4_g3_final_scientific_decision_summary.json"", ""expert_approved"": false, ""final_scientific_policy"": ""G4_G3_FINAL_SCIENTIFIC_POLICY_V1"", ""human_reviewed"": false, ""julich_probability_asset"": ""data/atlases/julich/v3.1/spatial_raw/probability_maps/"", ""julich_spatial_component_asset"": ""AREA_OP9_FRONTAL_OPERCULUM_LEFT.nii.gz"", ""julich_spatial_component_id"": ""JULICH_BRAIN_CYTOARCHITECTONIC_ATLAS_V3_1_AREA_OP9_FRONTAL_OPERCULUM"", ""mapping_method_field"": ""spatial_overlap"", ""owner_scientific_review_status"": ""OWNER_SCIENTIFIC_REVIEWED"", ""phase"": ""G4_G3_MAPPING_CANDIDATE_STAGING_V1"", ""production_review_status"": ""pending"", ""relation_artifact"": ""g4_g3_final_relation_decisions.csv"", ""scientific_method"": ""Julich probability x Brainnetome probability + TemplateFlow nonlinear transform + probability-weighted overlap + hard-label auxiliary containment + owner scientific review"", ""semantic_compatibility_status"": null, ""source_canonical_g4_id"": ""NGIQ-BR-00000482"", ""source_coverage_ratio"": 0.18630792265471108, ""target_canonical_g3_id"": ""NGIQ-BR-00000051"", ""target_coverage_ratio"": 0.07514279237139859, ""transform_provenance"": ""data/atlases/templateflow_ref (MNI152NLin2009cAsym_from-MNI152NLin6Asym)""}"
G4G3-STAGE-7804ADF7DE4EAF3361B3,1279,NGIQ-BR-00000482,Area Op9 (Frontal Operculum) left,G4_MICROSTRUCTURAL_FINE,left,147,NGIQ-BR-00000049,"Left Inferior frontal gyrus, Brainnetome 6_3",G3_MESO_FINE,left,partial_overlap,spatial_overlap,0.168861,0.070309,,,False,proposed,pending,FALSE,FALSE,PARTIAL_OVERLAP,FINAL_MULTI_TARGET_PARTIAL_GATE_PASS,,BOUNDARY_SECOND_TARGET,"{""brainnetome_probability_asset"": ""data/atlases/brainnetome/bna246/volume_raw/BNA_PM_4D.nii.gz"", ""decision_artifact"": ""g4_g3_final_scientific_decisions.csv"", ""decision_reason_code"": ""FINAL_MULTI_TARGET_PARTIAL_GATE_PASS"", ""evidence_2g_probability_overlap"": ""g4_g3_probability_overlap_summary.json"", ""evidence_2h_interpretation"": ""g4_g3_overlap_interpretation_profiles.csv"", ""evidence_2ia_policy"": ""g4_g3_scientific_decision_policy_v1.csv"", ""evidence_2ib_owner_revision"": ""g4_g3_owner_policy_revision_v1.csv"", ""evidence_2ic_final_decision"": ""g4_g3_final_scientific_decision_summary.json"", ""expert_approved"": false, ""final_scientific_policy"": ""G4_G3_FINAL_SCIENTIFIC_POLICY_V1"", ""human_reviewed"": false, ""julich_probability_asset"": ""data/atlases/julich/v3.1/spatial_raw/probability_maps/"", ""julich_spatial_component_asset"": ""AREA_OP9_FRONTAL_OPERCULUM_LEFT.nii.gz"", ""julich_spatial_component_id"": ""JULICH_BRAIN_CYTOARCHITECTONIC_ATLAS_V3_1_AREA_OP9_FRONTAL_OPERCULUM"", ""mapping_method_field"": ""spatial_overlap"", ""owner_scientific_review_status"": ""OWNER_SCIENTIFIC_REVIEWED"", ""phase"": ""G4_G3_MAPPING_CANDIDATE_STAGING_V1"", ""production_review_status"": ""pending"", ""relation_artifact"": ""g4_g3_final_relation_decisions.csv"", ""scientific_method"": ""Julich probability x Brainnetome probability + TemplateFlow nonlinear transform + probability-weighted overlap + hard-label auxiliary containment + owner scientific review"", ""semantic_compatibility_status"": null, ""source_canonical_g4_id"": ""NGIQ-BR-00000482"", ""source_coverage_ratio"": 0.16886060512765605, ""target_canonical_g3_id"": ""NGIQ-BR-00000049"", ""target_coverage_ratio"": 0.07030888713677665, ""transform_provenance"": ""data/atlases/templateflow_ref (MNI152NLin2009cAsym_from-MNI152NLin6Asym)""}"
G4G3-STAGE-AF41016E49DD40163334,1282,NGIQ-BR-00000483,Area Op8 (Frontal Operculum) right,G4_MICROSTRUCTURAL_FINE,right,162,NGIQ-BR-00000054,"Right Inferior frontal gyrus, Brainnetome 6_5",G3_MESO_FINE,right,dominant_overlap,spatial_overlap,0.780794,0.137397,,,False,proposed,pending,FALSE,FALSE,APPROVE_DOMINANT_OVERLAP,DOMINANT_CRITERIA_V1,,,"{""brainnetome_probability_asset"": ""data/atlases/brainnetome/bna246/volume_raw/BNA_PM_4D.nii.gz"", ""decision_artifact"": ""g4_g3_final_scientific_decisions.csv"", ""decision_reason_code"": ""DOMINANT_CRITERIA_V1"", ""evidence_2g_probability_overlap"": ""g4_g3_probability_overlap_summary.json"", ""evidence_2h_interpretation"": ""g4_g3_overlap_interpretation_profiles.csv"", ""evidence_2ia_policy"": ""g4_g3_scientific_decision_policy_v1.csv"", ""evidence_2ib_owner_revision"": ""g4_g3_owner_policy_revision_v1.csv"", ""evidence_2ic_final_decision"": ""g4_g3_final_scientific_decision_summary.json"", ""expert_approved"": false, ""final_scientific_policy"": ""G4_G3_FINAL_SCIENTIFIC_POLICY_V1"", ""human_reviewed"": false, ""julich_probability_asset"": ""data/atlases/julich/v3.1/spatial_raw/probability_maps/"", ""julich_spatial_component_asset"": ""AREA_OP8_FRONTAL_OPERCULUM_RIGHT.nii.gz"", ""julich_spatial_component_id"": ""JULICH_BRAIN_CYTOARCHITECTONIC_ATLAS_V3_1_AREA_OP8_FRONTAL_OPERCULUM"", ""mapping_method_field"": ""spatial_overlap"", ""owner_scientific_review_status"": ""OWNER_SCIENTIFIC_REVIEWED"", ""phase"": ""G4_G3_MAPPING_CANDIDATE_STAGING_V1"", ""production_review_status"": ""pending"", ""relation_artifact"": ""g4_g3_final_relation_decisions.csv"", ""scientific_method"": ""Julich probability x Brainnetome probability + TemplateFlow nonlinear transform + probability-weighted overlap + hard-label auxiliary containment + owner scientific review"", ""semantic_compatibility_status"": null, ""source_canonical_g4_id"": ""NGIQ-BR-00000483"", ""source_coverage_ratio"": 0.7807941964420018, ""target_canonical_g3_id"": ""NGIQ-BR-00000054"", ""target_coverage_ratio"": 0.13739735475001147, ""transform_provenance"": ""data/atlases/templateflow_ref (MNI152NLin2009cAsym_from-MNI152NLin6Asym)""}"
G4G3-STAGE-F281DB491C4E3E20EA66,1285,NGIQ-BR-00000484,Area Op8 (Frontal Operculum) left,G4_MICROSTRUCTURAL_FINE,left,159,NGIQ-BR-00000053,"Left Inferior frontal gyrus, Brainnetome 6_5",G3_MESO_FINE,left,dominant_overlap,spatial_overlap,0.727313,0.115734,,,False,proposed,pending,FALSE,FALSE,APPROVE_DOMINANT_OVERLAP,DOMINANT_CRITERIA_V1,,,"{""brainnetome_probability_asset"": ""data/atlases/brainnetome/bna246/volume_raw/BNA_PM_4D.nii.gz"", ""decision_artifact"": ""g4_g3_final_scientific_decisions.csv"", ""decision_reason_code"": ""DOMINANT_CRITERIA_V1"", ""evidence_2g_probability_overlap"": ""g4_g3_probability_overlap_summary.json"", ""evidence_2h_interpretation"": ""g4_g3_overlap_interpretation_profiles.csv"", ""evidence_2ia_policy"": ""g4_g3_scientific_decision_policy_v1.csv"", ""evidence_2ib_owner_revision"": ""g4_g3_owner_policy_revision_v1.csv"", ""evidence_2ic_final_decision"": ""g4_g3_final_scientific_decision_summary.json"", ""expert_approved"": false, ""final_scientific_policy"": ""G4_G3_FINAL_SCIENTIFIC_POLICY_V1"", ""human_reviewed"": false, ""julich_probability_asset"": ""data/atlases/julich/v3.1/spatial_raw/probability_maps/"", ""julich_spatial_component_asset"": ""AREA_OP8_FRONTAL_OPERCULUM_LEFT.nii.gz"", ""julich_spatial_component_id"": ""JULICH_BRAIN_CYTOARCHITECTONIC_ATLAS_V3_1_AREA_OP8_FRONTAL_OPERCULUM"", ""mapping_method_field"": ""spatial_overlap"", ""owner_scientific_review_status"": ""OWNER_SCIENTIFIC_REVIEWED"", ""phase"": ""G4_G3_MAPPING_CANDIDATE_STAGING_V1"", ""production_review_status"": ""pending"", ""relation_artifact"": ""g4_g3_final_relation_decisions.csv"", ""scientific_method"": ""Julich probability x Brainnetome probability + TemplateFlow nonlinear transform + probability-weighted overlap + hard-label auxiliary containment + owner scientific review"", ""semantic_compatibility_status"": null, ""source_canonical_g4_id"": ""NGIQ-BR-00000484"", ""source_coverage_ratio"": 0.727313122292466, ""target_canonical_g3_id"": ""NGIQ-BR-00000053"", ""target_coverage_ratio"": 0.11573371346964222, ""transform_provenance"": ""data/atlases/templateflow_ref (MNI152NLin2009cAsym_from-MNI152NLin6Asym)""}"
G4G3-STAGE-40C17100BB91084C0625,1291,NGIQ-BR-00000486,Area IFS4 (IFS) left,G4_MICROSTRUCTURAL_FINE,left,9,NGIQ-BR-00000003,"Left Inferior frontal gyrus, Brainnetome 6_1",G3_MESO_FINE,left,partial_overlap,spatial_overlap,0.374682,0.063283,,,False,proposed,pending,FALSE,FALSE,PARTIAL_OVERLAP,OWNER_CONFIRMED_PARTIAL,,,"{""brainnetome_probability_asset"": ""data/atlases/brainnetome/bna246/volume_raw/BNA_PM_4D.nii.gz"", ""decision_artifact"": ""g4_g3_final_scientific_decisions.csv"", ""decision_reason_code"": ""OWNER_CONFIRMED_PARTIAL"", ""evidence_2g_probability_overlap"": ""g4_g3_probability_overlap_summary.json"", ""evidence_2h_interpretation"": ""g4_g3_overlap_interpretation_profiles.csv"", ""evidence_2ia_policy"": ""g4_g3_scientific_decision_policy_v1.csv"", ""evidence_2ib_owner_revision"": ""g4_g3_owner_policy_revision_v1.csv"", ""evidence_2ic_final_decision"": ""g4_g3_final_scientific_decision_summary.json"", ""expert_approved"": false, ""final_scientific_policy"": ""G4_G3_FINAL_SCIENTIFIC_POLICY_V1"", ""human_reviewed"": false, ""julich_probability_asset"": ""data/atlases/julich/v3.1/spatial_raw/probability_maps/"", ""julich_spatial_component_asset"": ""AREA_IFS4_IFS_LEFT.nii.gz"", ""julich_spatial_component_id"": ""JULICH_BRAIN_CYTOARCHITECTONIC_ATLAS_V3_1_AREA_IFS4_IFS"", ""mapping_method_field"": ""spatial_overlap"", ""owner_scientific_review_status"": ""OWNER_SCIENTIFIC_REVIEWED"", ""phase"": ""G4_G3_MAPPING_CANDIDATE_STAGING_V1"", ""production_review_status"": ""pending"", ""relation_artifact"": ""g4_g3_final_relation_decisions.csv"", ""scientific_method"": ""Julich probability x Brainnetome probability + TemplateFlow nonlinear transform + probability-weighted overlap + hard-label auxiliary containment + owner scientific review"", ""semantic_compatibility_status"": null, ""source_canonical_g4_id"": ""NGIQ-BR-00000486"", ""source_coverage_ratio"": 0.37468185927992625, ""target_canonical_g3_id"": ""NGIQ-BR-00000003"", ""target_coverage_ratio"": 0.06328296067907767, ""transform_provenance"": ""data/atlases/templateflow_ref (MNI152NLin2009cAsym_from-MNI152NLin6Asym)""}"
G4G3-STAGE-BDFFD4395A4D069872B5,1291,NGIQ-BR-00000486,Area IFS4 (IFS) left,G4_MICROSTRUCTURAL_FINE,left,105,NGIQ-BR-00000035,"Left Middle frontal gyrus, Brainnetome 7_2",G3_MESO_FINE,left,partial_overlap,spatial_overlap,0.335558,0.020531,,,False,proposed,pending,FALSE,FALSE,PARTIAL_OVERLAP,OWNER_CONFIRMED_PARTIAL,,,"{""brainnetome_probability_asset"": ""data/atlases/brainnetome/bna246/volume_raw/BNA_PM_4D.nii.gz"", ""decision_artifact"": ""g4_g3_final_scientific_decisions.csv"", ""decision_reason_code"": ""OWNER_CONFIRMED_PARTIAL"", ""evidence_2g_probability_overlap"": ""g4_g3_probability_overlap_summary.json"", ""evidence_2h_interpretation"": ""g4_g3_overlap_interpretation_profiles.csv"", ""evidence_2ia_policy"": ""g4_g3_scientific_decision_policy_v1.csv"", ""evidence_2ib_owner_revision"": ""g4_g3_owner_policy_revision_v1.csv"", ""evidence_2ic_final_decision"": ""g4_g3_final_scientific_decision_summary.json"", ""expert_approved"": false, ""final_scientific_policy"": ""G4_G3_FINAL_SCIENTIFIC_POLICY_V1"", ""human_reviewed"": false, ""julich_probability_asset"": ""data/atlases/julich/v3.1/spatial_raw/probability_maps/"", ""julich_spatial_component_asset"": ""AREA_IFS4_IFS_LEFT.nii.gz"", ""julich_spatial_component_id"": ""JULICH_BRAIN_CYTOARCHITECTONIC_ATLAS_V3_1_AREA_IFS4_IFS"", ""mapping_method_field"": ""spatial_overlap"", ""owner_scientific_review_status"": ""OWNER_SCIENTIFIC_REVIEWED"", ""phase"": ""G4_G3_MAPPING_CANDIDATE_STAGING_V1"", ""production_review_status"": ""pending"", ""relation_artifact"": ""g4_g3_final_relation_decisions.csv"", ""scientific_method"": ""Julich probability x Brainnetome probability + TemplateFlow nonlinear transform + probability-weighted overlap + hard-label auxiliary containment + owner scientific review"", ""semantic_compatibility_status"": null, ""source_canonical_g4_id"": ""NGIQ-BR-00000486"", ""source_coverage_ratio"": 0.3355578298980883, ""target_canonical_g3_id"": ""NGIQ-BR-00000035"", ""target_coverage_ratio"": 0.020531484682276335, ""transform_provenance"": ""data/atlases/templateflow_ref (MNI152NLin2009cAsym_from-MNI152NLin6Asym)""}"
G4G3-STAGE-AEDE2E66896B5FF79F7B,1291,NGIQ-BR-00000486,Area IFS4 (IFS) left,G4_MICROSTRUCTURAL_FINE,left,141,NGIQ-BR-00000047,"Left Inferior frontal gyrus, Brainnetome 6_2",G3_MESO_FINE,left,partial_overlap,spatial_overlap,0.189419,0.037337,,,False,proposed,pending,FALSE,FALSE,PARTIAL_OVERLAP,OWNER_CONFIRMED_PARTIAL,,,"{""brainnetome_probability_asset"": ""data/atlases/brainnetome/bna246/volume_raw/BNA_PM_4D.nii.gz"", ""decision_artifact"": ""g4_g3_final_scientific_decisions.csv"", ""decision_reason_code"": ""OWNER_CONFIRMED_PARTIAL"", ""evidence_2g_probability_overlap"": ""g4_g3_probability_overlap_summary.json"", ""evidence_2h_interpretation"": ""g4_g3_overlap_interpretation_profiles.csv"", ""evidence_2ia_policy"": ""g4_g3_scientific_decision_policy_v1.csv"", ""evidence_2ib_owner_revision"": ""g4_g3_owner_policy_revision_v1.csv"", ""evidence_2ic_final_decision"": ""g4_g3_final_scientific_decision_summary.json"", ""expert_approved"": false, ""final_scientific_policy"": ""G4_G3_FINAL_SCIENTIFIC_POLICY_V1"", ""human_reviewed"": false, ""julich_probability_asset"": ""data/atlases/julich/v3.1/spatial_raw/probability_maps/"", ""julich_spatial_component_asset"": ""AREA_IFS4_IFS_LEFT.nii.gz"", ""julich_spatial_component_id"": ""JULICH_BRAIN_CYTOARCHITECTONIC_ATLAS_V3_1_AREA_IFS4_IFS"", ""mapping_method_field"": ""spatial_overlap"", ""owner_scientific_review_status"": ""OWNER_SCIENTIFIC_REVIEWED"", ""phase"": ""G4_G3_MAPPING_CANDIDATE_STAGING_V1"", ""production_review_status"": ""pending"", ""relation_artifact"": ""g4_g3_final_relation_decisions.csv"", ""scientific_method"": ""Julich probability x Brainnetome probability + TemplateFlow nonlinear transform + probability-weighted overlap + hard-label auxiliary containment + owner scientific review"", ""semantic_compatibility_status"": null, ""source_canonical_g4_id"": ""NGIQ-BR-00000486"", ""source_coverage_ratio"": 0.18941896601417832, ""target_canonical_g3_id"": ""NGIQ-BR-00000047"", ""target_coverage_ratio"": 0.037337188515371475, ""transform_provenance"": ""data/atlases/templateflow_ref (MNI152NLin2009cAsym_from-MNI152NLin6Asym)""}"
G4G3-STAGE-8E8D692C507F437D071E,1294,NGIQ-BR-00000487,Area IFS2 (IFS) right,G4_MICROSTRUCTURAL_FINE,right,12,NGIQ-BR-00000004,"Right Inferior frontal gyrus, Brainnetome 6_1",G3_MESO_FINE,right,partial_overlap,spatial_overlap,0.332592,0.036177,,,False,proposed,pending,FALSE,FALSE,PARTIAL_OVERLAP,OWNER_CONFIRMED_PARTIAL_SET_CONCORDANT,,,"{""brainnetome_probability_asset"": ""data/atlases/brainnetome/bna246/volume_raw/BNA_PM_4D.nii.gz"", ""decision_artifact"": ""g4_g3_final_scientific_decisions.csv"", ""decision_reason_code"": ""OWNER_CONFIRMED_PARTIAL_SET_CONCORDANT"", ""evidence_2g_probability_overlap"": ""g4_g3_probability_overlap_summary.json"", ""evidence_2h_interpretation"": ""g4_g3_overlap_interpretation_profiles.csv"", ""evidence_2ia_policy"": ""g4_g3_scientific_decision_policy_v1.csv"", ""evidence_2ib_owner_revision"": ""g4_g3_owner_policy_revision_v1.csv"", ""evidence_2ic_final_decision"": ""g4_g3_final_scientific_decision_summary.json"", ""expert_approved"": false, ""final_scientific_policy"": ""G4_G3_FINAL_SCIENTIFIC_POLICY_V1"", ""human_reviewed"": false, ""julich_probability_asset"": ""data/atlases/julich/v3.1/spatial_raw/probability_maps/"", ""julich_spatial_component_asset"": ""AREA_IFS2_IFS_RIGHT.nii.gz"", ""julich_spatial_component_id"": ""JULICH_BRAIN_CYTOARCHITECTONIC_ATLAS_V3_1_AREA_IFS2_IFS"", ""mapping_method_field"": ""spatial_overlap"", ""owner_scientific_review_status"": ""OWNER_SCIENTIFIC_REVIEWED"", ""phase"": ""G4_G3_MAPPING_CANDIDATE_STAGING_V1"", ""production_review_status"": ""pending"", ""relation_artifact"": ""g4_g3_final_relation_decisions.csv"", ""scientific_method"": ""Julich probability x Brainnetome probability + TemplateFlow nonlinear transform + probability-weighted overlap + hard-label auxiliary containment + owner scientific review"", ""semantic_compatibility_status"": null, ""source_canonical_g4_id"": ""NGIQ-BR-00000487"", ""source_coverage_ratio"": 0.3325924988368794, ""target_canonical_g3_id"": ""NGIQ-BR-00000004"", ""target_coverage_ratio"": 0.0361772348556121, ""transform_provenance"": ""data/atlases/templateflow_ref (MNI152NLin2009cAsym_from-MNI152NLin6Asym)""}"
G4G3-STAGE-109A918ABE4EECDBF290,1294,NGIQ-BR-00000487,Area IFS2 (IFS) right,G4_MICROSTRUCTURAL_FINE,right,120,NGIQ-BR-00000040,"Right Middle frontal gyrus, Brainnetome 7_4",G3_MESO_FINE,right,partial_overlap,spatial_overlap,0.236821,0.015508,,,False,proposed,pending,FALSE,FALSE,PARTIAL_OVERLAP,OWNER_CONFIRMED_PARTIAL_SET_CONCORDANT,,,"{""brainnetome_probability_asset"": ""data/atlases/brainnetome/bna246/volume_raw/BNA_PM_4D.nii.gz"", ""decision_artifact"": ""g4_g3_final_scientific_decisions.csv"", ""decision_reason_code"": ""OWNER_CONFIRMED_PARTIAL_SET_CONCORDANT"", ""evidence_2g_probability_overlap"": ""g4_g3_probability_overlap_summary.json"", ""evidence_2h_interpretation"": ""g4_g3_overlap_interpretation_profiles.csv"", ""evidence_2ia_policy"": ""g4_g3_scientific_decision_policy_v1.csv"", ""evidence_2ib_owner_revision"": ""g4_g3_owner_policy_revision_v1.csv"", ""evidence_2ic_final_decision"": ""g4_g3_final_scientific_decision_summary.json"", ""expert_approved"": false, ""final_scientific_policy"": ""G4_G3_FINAL_SCIENTIFIC_POLICY_V1"", ""human_reviewed"": false, ""julich_probability_asset"": ""data/atlases/julich/v3.1/spatial_raw/probability_maps/"", ""julich_spatial_component_asset"": ""AREA_IFS2_IFS_RIGHT.nii.gz"", ""julich_spatial_component_id"": ""JULICH_BRAIN_CYTOARCHITECTONIC_ATLAS_V3_1_AREA_IFS2_IFS"", ""mapping_method_field"": ""spatial_overlap"", ""owner_scientific_review_status"": ""OWNER_SCIENTIFIC_REVIEWED"", ""phase"": ""G4_G3_MAPPING_CANDIDATE_STAGING_V1"", ""production_review_status"": ""pending"", ""relation_artifact"": ""g4_g3_final_relation_decisions.csv"", ""scientific_method"": ""Julich probability x Brainnetome probability + TemplateFlow nonlinear transform + probability-weighted overlap + hard-label auxiliary containment + owner scientific review"", ""semantic_compatibility_status"": null, ""source_canonical_g4_id"": ""NGIQ-BR-00000487"", ""source_coverage_ratio"": 0.23682060884726555, ""target_canonical_g3_id"": ""NGIQ-BR-00000040"", ""target_coverage_ratio"": 0.01550828141489058, ""transform_provenance"": ""data/atlases/templateflow_ref (MNI152NLin2009cAsym_from-MNI152NLin6Asym)""}"
G4G3-STAGE-7A87E5F1117E4E1E83DA,1294,NGIQ-BR-00000487,Area IFS2 (IFS) right,G4_MICROSTRUCTURAL_FINE,right,126,NGIQ-BR-00000042,"Right Middle frontal gyrus, Brainnetome 7_5",G3_MESO_FINE,right,partial_overlap,spatial_overlap,0.175674,0.013106,,,False,proposed,pending,FALSE,FALSE,PARTIAL_OVERLAP,OWNER_CONFIRMED_PARTIAL_SET_CONCORDANT,,,"{""brainnetome_probability_asset"": ""data/atlases/brainnetome/bna246/volume_raw/BNA_PM_4D.nii.gz"", ""decision_artifact"": ""g4_g3_final_scientific_decisions.csv"", ""decision_reason_code"": ""OWNER_CONFIRMED_PARTIAL_SET_CONCORDANT"", ""evidence_2g_probability_overlap"": ""g4_g3_probability_overlap_summary.json"", ""evidence_2h_interpretation"": ""g4_g3_overlap_interpretation_profiles.csv"", ""evidence_2ia_policy"": ""g4_g3_scientific_decision_policy_v1.csv"", ""evidence_2ib_owner_revision"": ""g4_g3_owner_policy_revision_v1.csv"", ""evidence_2ic_final_decision"": ""g4_g3_final_scientific_decision_summary.json"", ""expert_approved"": false, ""final_scientific_policy"": ""G4_G3_FINAL_SCIENTIFIC_POLICY_V1"", ""human_reviewed"": false, ""julich_probability_asset"": ""data/atlases/julich/v3.1/spatial_raw/probability_maps/"", ""julich_spatial_component_asset"": ""AREA_IFS2_IFS_RIGHT.nii.gz"", ""julich_spatial_component_id"": ""JULICH_BRAIN_CYTOARCHITECTONIC_ATLAS_V3_1_AREA_IFS2_IFS"", ""mapping_method_field"": ""spatial_overlap"", ""owner_scientific_review_status"": ""OWNER_SCIENTIFIC_REVIEWED"", ""phase"": ""G4_G3_MAPPING_CANDIDATE_STAGING_V1"", ""production_review_status"": ""pending"", ""relation_artifact"": ""g4_g3_final_relation_decisions.csv"", ""scientific_method"": ""Julich probability x Brainnetome probability + TemplateFlow nonlinear transform + probability-weighted overlap + hard-label auxiliary containment + owner scientific review"", ""semantic_compatibility_status"": null, ""source_canonical_g4_id"": ""NGIQ-BR-00000487"", ""source_coverage_ratio"": 0.17567413144410385, ""target_canonical_g3_id"": ""NGIQ-BR-00000042"", ""target_coverage_ratio"": 0.013106280317446926, ""transform_provenance"": ""data/atlases/templateflow_ref (MNI152NLin2009cAsym_from-MNI152NLin6Asym)""}"
G4G3-STAGE-CA9E3014F1CCEEF612D5,1303,NGIQ-BR-00000490,Area IFS1 (IFS) left,G4_MICROSTRUCTURAL_FINE,left,117,NGIQ-BR-00000039,"Left Middle frontal gyrus, Brainnetome 7_4",G3_MESO_FINE,left,partial_overlap,spatial_overlap,0.416396,0.014234,,,False,proposed,pending,FALSE,FALSE,PARTIAL_OVERLAP,OWNER_CONFIRMED_PARTIAL,,,"{""brainnetome_probability_asset"": ""data/atlases/brainnetome/bna246/volume_raw/BNA_PM_4D.nii.gz"", ""decision_artifact"": ""g4_g3_final_scientific_decisions.csv"", ""decision_reason_code"": ""OWNER_CONFIRMED_PARTIAL"", ""evidence_2g_probability_overlap"": ""g4_g3_probability_overlap_summary.json"", ""evidence_2h_interpretation"": ""g4_g3_overlap_interpretation_profiles.csv"", ""evidence_2ia_policy"": ""g4_g3_scientific_decision_policy_v1.csv"", ""evidence_2ib_owner_revision"": ""g4_g3_owner_policy_revision_v1.csv"", ""evidence_2ic_final_decision"": ""g4_g3_final_scientific_decision_summary.json"", ""expert_approved"": false, ""final_scientific_policy"": ""G4_G3_FINAL_SCIENTIFIC_POLICY_V1"", ""human_reviewed"": false, ""julich_probability_asset"": ""data/atlases/julich/v3.1/spatial_raw/probability_maps/"", ""julich_spatial_component_asset"": ""AREA_IFS1_IFS_LEFT.nii.gz"", ""julich_spatial_component_id"": ""JULICH_BRAIN_CYTOARCHITECTONIC_ATLAS_V3_1_AREA_IFS1_IFS"", ""mapping_method_field"": ""spatial_overlap"", ""owner_scientific_review_status"": ""OWNER_SCIENTIFIC_REVIEWED"", ""phase"": ""G4_G3_MAPPING_CANDIDATE_STAGING_V1"", ""production_review_status"": ""pending"", ""relation_artifact"": ""g4_g3_final_relation_decisions.csv"", ""scientific_method"": ""Julich probability x Brainnetome probability + TemplateFlow nonlinear transform + probability-weighted overlap + hard-label auxiliary containment + owner scientific review"", ""semantic_compatibility_status"": null, ""source_canonical_g4_id"": ""NGIQ-BR-00000490"", ""source_coverage_ratio"": 0.4163957411654958, ""target_canonical_g3_id"": ""NGIQ-BR-00000039"", ""target_coverage_ratio"": 0.014234024889196322, ""transform_provenance"": ""data/atlases/templateflow_ref (MNI152NLin2009cAsym_from-MNI152NLin6Asym)""}"
G4G3-STAGE-F2D3D951D50C50EB9ECD,1303,NGIQ-BR-00000490,Area IFS1 (IFS) left,G4_MICROSTRUCTURAL_FINE,left,141,NGIQ-BR-00000047,"Left Inferior frontal gyrus, Brainnetome 6_2",G3_MESO_FINE,left,partial_overlap,spatial_overlap,0.300111,0.017418,,,False,proposed,pending,FALSE,FALSE,PARTIAL_OVERLAP,OWNER_CONFIRMED_PARTIAL,,,"{""brainnetome_probability_asset"": ""data/atlases/brainnetome/bna246/volume_raw/BNA_PM_4D.nii.gz"", ""decision_artifact"": ""g4_g3_final_scientific_decisions.csv"", ""decision_reason_code"": ""OWNER_CONFIRMED_PARTIAL"", ""evidence_2g_probability_overlap"": ""g4_g3_probability_overlap_summary.json"", ""evidence_2h_interpretation"": ""g4_g3_overlap_interpretation_profiles.csv"", ""evidence_2ia_policy"": ""g4_g3_scientific_decision_policy_v1.csv"", ""evidence_2ib_owner_revision"": ""g4_g3_owner_policy_revision_v1.csv"", ""evidence_2ic_final_decision"": ""g4_g3_final_scientific_decision_summary.json"", ""expert_approved"": false, ""final_scientific_policy"": ""G4_G3_FINAL_SCIENTIFIC_POLICY_V1"", ""human_reviewed"": false, ""julich_probability_asset"": ""data/atlases/julich/v3.1/spatial_raw/probability_maps/"", ""julich_spatial_component_asset"": ""AREA_IFS1_IFS_LEFT.nii.gz"", ""julich_spatial_component_id"": ""JULICH_BRAIN_CYTOARCHITECTONIC_ATLAS_V3_1_AREA_IFS1_IFS"", ""mapping_method_field"": ""spatial_overlap"", ""owner_scientific_review_status"": ""OWNER_SCIENTIFIC_REVIEWED"", ""phase"": ""G4_G3_MAPPING_CANDIDATE_STAGING_V1"", ""production_review_status"": ""pending"", ""relation_artifact"": ""g4_g3_final_relation_decisions.csv"", ""scientific_method"": ""Julich probability x Brainnetome probability + TemplateFlow nonlinear transform + probability-weighted overlap + hard-label auxiliary containment + owner scientific review"", ""semantic_compatibility_status"": null, ""source_canonical_g4_id"": ""NGIQ-BR-00000490"", ""source_coverage_ratio"": 0.300110510452363, ""target_canonical_g3_id"": ""NGIQ-BR-00000047"", ""target_coverage_ratio"": 0.01741789095220661, ""transform_provenance"": ""data/atlases/templateflow_ref (MNI152NLin2009cAsym_from-MNI152NLin6Asym)""}"
G4G3-STAGE-2B21E681505FC175DE1C,1303,NGIQ-BR-00000490,Area IFS1 (IFS) left,G4_MICROSTRUCTURAL_FINE,left,105,NGIQ-BR-00000035,"Left Middle frontal gyrus, Brainnetome 7_2",G3_MESO_FINE,left,partial_overlap,spatial_overlap,0.205173,0.015605,,,False,proposed,pending,FALSE,FALSE,PARTIAL_OVERLAP,OWNER_CONFIRMED_PARTIAL,,,"{""brainnetome_probability_asset"": ""data/atlases/brainnetome/bna246/volume_raw/BNA_PM_4D.nii.gz"", ""decision_artifact"": ""g4_g3_final_scientific_decisions.csv"", ""decision_reason_code"": ""OWNER_CONFIRMED_PARTIAL"", ""evidence_2g_probability_overlap"": ""g4_g3_probability_overlap_summary.json"", ""evidence_2h_interpretation"": ""g4_g3_overlap_interpretation_profiles.csv"", ""evidence_2ia_policy"": ""g4_g3_scientific_decision_policy_v1.csv"", ""evidence_2ib_owner_revision"": ""g4_g3_owner_policy_revision_v1.csv"", ""evidence_2ic_final_decision"": ""g4_g3_final_scientific_decision_summary.json"", ""expert_approved"": false, ""final_scientific_policy"": ""G4_G3_FINAL_SCIENTIFIC_POLICY_V1"", ""human_reviewed"": false, ""julich_probability_asset"": ""data/atlases/julich/v3.1/spatial_raw/probability_maps/"", ""julich_spatial_component_asset"": ""AREA_IFS1_IFS_LEFT.nii.gz"", ""julich_spatial_component_id"": ""JULICH_BRAIN_CYTOARCHITECTONIC_ATLAS_V3_1_AREA_IFS1_IFS"", ""mapping_method_field"": ""spatial_overlap"", ""owner_scientific_review_status"": ""OWNER_SCIENTIFIC_REVIEWED"", ""phase"": ""G4_G3_MAPPING_CANDIDATE_STAGING_V1"", ""production_review_status"": ""pending"", ""relation_artifact"": ""g4_g3_final_relation_decisions.csv"", ""scientific_method"": ""Julich probability x Brainnetome probability + TemplateFlow nonlinear transform + probability-weighted overlap + hard-label auxiliary containment + owner scientific review"", ""semantic_compatibility_status"": null, ""source_canonical_g4_id"": ""NGIQ-BR-00000490"", ""source_coverage_ratio"": 0.20517261261694175, ""target_canonical_g3_id"": ""NGIQ-BR-00000035"", ""target_coverage_ratio"": 0.01560517872966997, ""transform_provenance"": ""data/atlases/templateflow_ref (MNI152NLin2009cAsym_from-MNI152NLin6Asym)""}"
G4G3-STAGE-66C04C15553F3A916114,1306,NGIQ-BR-00000491,"Area IFJ2 (IFS, PreCS) right",G4_MICROSTRUCTURAL_FINE,right,12,NGIQ-BR-00000004,"Right Inferior frontal gyrus, Brainnetome 6_1",G3_MESO_FINE,right,dominant_overlap,spatial_overlap,0.717301,0.09534,,,False,proposed,pending,FALSE,FALSE,APPROVE_DOMINANT_OVERLAP,DOMINANT_CRITERIA_V1,,,"{""brainnetome_probability_asset"": ""data/atlases/brainnetome/bna246/volume_raw/BNA_PM_4D.nii.gz"", ""decision_artifact"": ""g4_g3_final_scientific_decisions.csv"", ""decision_reason_code"": ""DOMINANT_CRITERIA_V1"", ""evidence_2g_probability_overlap"": ""g4_g3_probability_overlap_summary.json"", ""evidence_2h_interpretation"": ""g4_g3_overlap_interpretation_profiles.csv"", ""evidence_2ia_policy"": ""g4_g3_scientific_decision_policy_v1.csv"", ""evidence_2ib_owner_revision"": ""g4_g3_owner_policy_revision_v1.csv"", ""evidence_2ic_final_decision"": ""g4_g3_final_scientific_decision_summary.json"", ""expert_approved"": false, ""final_scientific_policy"": ""G4_G3_FINAL_SCIENTIFIC_POLICY_V1"", ""human_reviewed"": false, ""julich_probability_asset"": ""data/atlases/julich/v3.1/spatial_raw/probability_maps/"", ""julich_spatial_component_asset"": ""AREA_IFJ2_IFS_PRECS_RIGHT.nii.gz"", ""julich_spatial_component_id"": ""JULICH_BRAIN_CYTOARCHITECTONIC_ATLAS_V3_1_AREA_IFJ2_IFS_PRECS"", ""mapping_method_field"": ""spatial_overlap"", ""owner_scientific_review_status"": ""OWNER_SCIENTIFIC_REVIEWED"", ""phase"": ""G4_G3_MAPPING_CANDIDATE_STAGING_V1"", ""production_review_status"": ""pending"", ""relation_artifact"": ""g4_g3_final_relation_decisions.csv"", ""scientific_method"": ""Julich probability x Brainnetome probability + TemplateFlow nonlinear transform + probability-weighted overlap + hard-label auxiliary containment + owner scientific review"", ""semantic_compatibility_status"": null, ""source_canonical_g4_id"": ""NGIQ-BR-00000491"", ""source_coverage_ratio"": 0.717300852173245, ""target_canonical_g3_id"": ""NGIQ-BR-00000004"", ""target_coverage_ratio"": 0.09534000430524595, ""transform_provenance"": ""data/atlases/templateflow_ref (MNI152NLin2009cAsym_from-MNI152NLin6Asym)""}"
G4G3-STAGE-E5A3271987FC0D561809,1309,NGIQ-BR-00000492,"Area IFJ2 (IFS, PreCS) left",G4_MICROSTRUCTURAL_FINE,left,105,NGIQ-BR-00000035,"Left Middle frontal gyrus, Brainnetome 7_2",G3_MESO_FINE,left,partial_overlap,spatial_overlap,0.369213,0.066452,,,False,proposed,pending,FALSE,FALSE,PARTIAL_OVERLAP,OWNER_CONFIRMED_PARTIAL,,,"{""brainnetome_probability_asset"": ""data/atlases/brainnetome/bna246/volume_raw/BNA_PM_4D.nii.gz"", ""decision_artifact"": ""g4_g3_final_scientific_decisions.csv"", ""decision_reason_code"": ""OWNER_CONFIRMED_PARTIAL"", ""evidence_2g_probability_overlap"": ""g4_g3_probability_overlap_summary.json"", ""evidence_2h_interpretation"": ""g4_g3_overlap_interpretation_profiles.csv"", ""evidence_2ia_policy"": ""g4_g3_scientific_decision_policy_v1.csv"", ""evidence_2ib_owner_revision"": ""g4_g3_owner_policy_revision_v1.csv"", ""evidence_2ic_final_decision"": ""g4_g3_final_scientific_decision_summary.json"", ""expert_approved"": false, ""final_scientific_policy"": ""G4_G3_FINAL_SCIENTIFIC_POLICY_V1"", ""human_reviewed"": false, ""julich_probability_asset"": ""data/atlases/julich/v3.1/spatial_raw/probability_maps/"", ""julich_spatial_component_asset"": ""AREA_IFJ2_IFS_PRECS_LEFT.nii.gz"", ""julich_spatial_component_id"": ""JULICH_BRAIN_CYTOARCHITECTONIC_ATLAS_V3_1_AREA_IFJ2_IFS_PRECS"", ""mapping_method_field"": ""spatial_overlap"", ""owner_scientific_review_status"": ""OWNER_SCIENTIFIC_REVIEWED"", ""phase"": ""G4_G3_MAPPING_CANDIDATE_STAGING_V1"", ""production_review_status"": ""pending"", ""relation_artifact"": ""g4_g3_final_relation_decisions.csv"", ""scientific_method"": ""Julich probability x Brainnetome probability + TemplateFlow nonlinear transform + probability-weighted overlap + hard-label auxiliary containment + owner scientific review"", ""semantic_compatibility_status"": null, ""source_canonical_g4_id"": ""NGIQ-BR-00000492"", ""source_coverage_ratio"": 0.36921283800767324, ""target_canonical_g3_id"": ""NGIQ-BR-00000035"", ""target_coverage_ratio"": 0.06645210390452069, ""transform_provenance"": ""data/atlases/templateflow_ref (MNI152NLin2009cAsym_from-MNI152NLin6Asym)""}"
G4G3-STAGE-46531D63346C5767B5A0,1309,NGIQ-BR-00000492,"Area IFJ2 (IFS, PreCS) left",G4_MICROSTRUCTURAL_FINE,left,237,NGIQ-BR-00000079,"Left Precentral gyrus, Brainnetome 6_6",G3_MESO_FINE,left,partial_overlap,spatial_overlap,0.312111,0.060006,,,False,proposed,pending,FALSE,FALSE,PARTIAL_OVERLAP,OWNER_CONFIRMED_PARTIAL,,,"{""brainnetome_probability_asset"": ""data/atlases/brainnetome/bna246/volume_raw/BNA_PM_4D.nii.gz"", ""decision_artifact"": ""g4_g3_final_scientific_decisions.csv"", ""decision_reason_code"": ""OWNER_CONFIRMED_PARTIAL"", ""evidence_2g_probability_overlap"": ""g4_g3_probability_overlap_summary.json"", ""evidence_2h_interpretation"": ""g4_g3_overlap_interpretation_profiles.csv"", ""evidence_2ia_policy"": ""g4_g3_scientific_decision_policy_v1.csv"", ""evidence_2ib_owner_revision"": ""g4_g3_owner_policy_revision_v1.csv"", ""evidence_2ic_final_decision"": ""g4_g3_final_scientific_decision_summary.json"", ""expert_approved"": false, ""final_scientific_policy"": ""G4_G3_FINAL_SCIENTIFIC_POLICY_V1"", ""human_reviewed"": false, ""julich_probability_asset"": ""data/atlases/julich/v3.1/spatial_raw/probability_maps/"", ""julich_spatial_component_asset"": ""AREA_IFJ2_IFS_PRECS_LEFT.nii.gz"", ""julich_spatial_component_id"": ""JULICH_BRAIN_CYTOARCHITECTONIC_ATLAS_V3_1_AREA_IFJ2_IFS_PRECS"", ""mapping_method_field"": ""spatial_overlap"", ""owner_scientific_review_status"": ""OWNER_SCIENTIFIC_REVIEWED"", ""phase"": ""G4_G3_MAPPING_CANDIDATE_STAGING_V1"", ""production_review_status"": ""pending"", ""relation_artifact"": ""g4_g3_final_relation_decisions.csv"", ""scientific_method"": ""Julich probability x Brainnetome probability + TemplateFlow nonlinear transform + probability-weighted overlap + hard-label auxiliary containment + owner scientific review"", ""semantic_compatibility_status"": null, ""source_canonical_g4_id"": ""NGIQ-BR-00000492"", ""source_coverage_ratio"": 0.31211130100776174, ""target_canonical_g3_id"": ""NGIQ-BR-00000079"", ""target_coverage_ratio"": 0.06000576146093827, ""transform_provenance"": ""data/atlases/templateflow_ref (MNI152NLin2009cAsym_from-MNI152NLin6Asym)""}"
G4G3-STAGE-881747D2C21426CF38FE,1309,NGIQ-BR-00000492,"Area IFJ2 (IFS, PreCS) left",G4_MICROSTRUCTURAL_FINE,left,9,NGIQ-BR-00000003,"Left Inferior frontal gyrus, Brainnetome 6_1",G3_MESO_FINE,left,partial_overlap,spatial_overlap,0.245738,0.097402,,,False,proposed,pending,FALSE,FALSE,PARTIAL_OVERLAP,OWNER_CONFIRMED_PARTIAL,,,"{""brainnetome_probability_asset"": ""data/atlases/brainnetome/bna246/volume_raw/BNA_PM_4D.nii.gz"", ""decision_artifact"": ""g4_g3_final_scientific_decisions.csv"", ""decision_reason_code"": ""OWNER_CONFIRMED_PARTIAL"", ""evidence_2g_probability_overlap"": ""g4_g3_probability_overlap_summary.json"", ""evidence_2h_interpretation"": ""g4_g3_overlap_interpretation_profiles.csv"", ""evidence_2ia_policy"": ""g4_g3_scientific_decision_policy_v1.csv"", ""evidence_2ib_owner_revision"": ""g4_g3_owner_policy_revision_v1.csv"", ""evidence_2ic_final_decision"": ""g4_g3_final_scientific_decision_summary.json"", ""expert_approved"": false, ""final_scientific_policy"": ""G4_G3_FINAL_SCIENTIFIC_POLICY_V1"", ""human_reviewed"": false, ""julich_probability_asset"": ""data/atlases/julich/v3.1/spatial_raw/probability_maps/"", ""julich_spatial_component_asset"": ""AREA_IFJ2_IFS_PRECS_LEFT.nii.gz"", ""julich_spatial_component_id"": ""JULICH_BRAIN_CYTOARCHITECTONIC_ATLAS_V3_1_AREA_IFJ2_IFS_PRECS"", ""mapping_method_field"": ""spatial_overlap"", ""owner_scientific_review_status"": ""OWNER_SCIENTIFIC_REVIEWED"", ""phase"": ""G4_G3_MAPPING_CANDIDATE_STAGING_V1"", ""production_review_status"": ""pending"", ""relation_artifact"": ""g4_g3_final_relation_decisions.csv"", ""scientific_method"": ""Julich probability x Brainnetome probability + TemplateFlow nonlinear transform + probability-weighted overlap + hard-label auxiliary containment + owner scientific review"", ""semantic_compatibility_status"": null, ""source_canonical_g4_id"": ""NGIQ-BR-00000492"", ""source_coverage_ratio"": 0.24573805086613937, ""target_canonical_g3_id"": ""NGIQ-BR-00000003"", ""target_coverage_ratio"": 0.09740174509628285, ""transform_provenance"": ""data/atlases/templateflow_ref (MNI152NLin2009cAsym_from-MNI152NLin6Asym)""}"
G4G3-STAGE-68AA72BAD28A86739270,1315,NGIQ-BR-00000494,Area IFS3 (IFS) left,G4_MICROSTRUCTURAL_FINE,left,105,NGIQ-BR-00000035,"Left Middle frontal gyrus, Brainnetome 7_2",G3_MESO_FINE,left,contained_in,spatial_overlap,0.900963,0.035889,,,True,proposed,pending,FALSE,FALSE,APPROVE_CONTAINED_IN,OWNER_CONFIRMED_CONTAINED,NESTED_COMPATIBLE_FAMILY,,"{""brainnetome_probability_asset"": ""data/atlases/brainnetome/bna246/volume_raw/BNA_PM_4D.nii.gz"", ""decision_artifact"": ""g4_g3_final_scientific_decisions.csv"", ""decision_reason_code"": ""OWNER_CONFIRMED_CONTAINED"", ""evidence_2g_probability_overlap"": ""g4_g3_probability_overlap_summary.json"", ""evidence_2h_interpretation"": ""g4_g3_overlap_interpretation_profiles.csv"", ""evidence_2ia_policy"": ""g4_g3_scientific_decision_policy_v1.csv"", ""evidence_2ib_owner_revision"": ""g4_g3_owner_policy_revision_v1.csv"", ""evidence_2ic_final_decision"": ""g4_g3_final_scientific_decision_summary.json"", ""expert_approved"": false, ""final_scientific_policy"": ""G4_G3_FINAL_SCIENTIFIC_POLICY_V1"", ""human_reviewed"": false, ""julich_probability_asset"": ""data/atlases/julich/v3.1/spatial_raw/probability_maps/"", ""julich_spatial_component_asset"": ""AREA_IFS3_IFS_LEFT.nii.gz"", ""julich_spatial_component_id"": ""JULICH_BRAIN_CYTOARCHITECTONIC_ATLAS_V3_1_AREA_IFS3_IFS"", ""mapping_method_field"": ""spatial_overlap"", ""owner_scientific_review_status"": ""OWNER_SCIENTIFIC_REVIEWED"", ""phase"": ""G4_G3_MAPPING_CANDIDATE_STAGING_V1"", ""production_review_status"": ""pending"", ""relation_artifact"": ""g4_g3_final_relation_decisions.csv"", ""scientific_method"": ""Julich probability x Brainnetome probability + TemplateFlow nonlinear transform + probability-weighted overlap + hard-label auxiliary containment + owner scientific review"", ""semantic_compatibility_status"": ""NESTED_COMPATIBLE_FAMILY"", ""source_canonical_g4_id"": ""NGIQ-BR-00000494"", ""source_coverage_ratio"": 0.900962879885944, ""target_canonical_g3_id"": ""NGIQ-BR-00000035"", ""target_coverage_ratio"": 0.035888589304554776, ""transform_provenance"": ""data/atlases/templateflow_ref (MNI152NLin2009cAsym_from-MNI152NLin6Asym)""}"
G4G3-STAGE-DF62E559C2D3237324D5,1318,NGIQ-BR-00000495,"Area IFJ1 (IFS, PreCS) right",G4_MICROSTRUCTURAL_FINE,right,12,NGIQ-BR-00000004,"Right Inferior frontal gyrus, Brainnetome 6_1",G3_MESO_FINE,right,partial_overlap,spatial_overlap,0.482874,0.101689,,,False,proposed,pending,FALSE,FALSE,PARTIAL_OVERLAP,OWNER_CONFIRMED_PARTIAL,,,"{""brainnetome_probability_asset"": ""data/atlases/brainnetome/bna246/volume_raw/BNA_PM_4D.nii.gz"", ""decision_artifact"": ""g4_g3_final_scientific_decisions.csv"", ""decision_reason_code"": ""OWNER_CONFIRMED_PARTIAL"", ""evidence_2g_probability_overlap"": ""g4_g3_probability_overlap_summary.json"", ""evidence_2h_interpretation"": ""g4_g3_overlap_interpretation_profiles.csv"", ""evidence_2ia_policy"": ""g4_g3_scientific_decision_policy_v1.csv"", ""evidence_2ib_owner_revision"": ""g4_g3_owner_policy_revision_v1.csv"", ""evidence_2ic_final_decision"": ""g4_g3_final_scientific_decision_summary.json"", ""expert_approved"": false, ""final_scientific_policy"": ""G4_G3_FINAL_SCIENTIFIC_POLICY_V1"", ""human_reviewed"": false, ""julich_probability_asset"": ""data/atlases/julich/v3.1/spatial_raw/probability_maps/"", ""julich_spatial_component_asset"": ""AREA_IFJ1_IFS_PRECS_RIGHT.nii.gz"", ""julich_spatial_component_id"": ""JULICH_BRAIN_CYTOARCHITECTONIC_ATLAS_V3_1_AREA_IFJ1_IFS_PRECS"", ""mapping_method_field"": ""spatial_overlap"", ""owner_scientific_review_status"": ""OWNER_SCIENTIFIC_REVIEWED"", ""phase"": ""G4_G3_MAPPING_CANDIDATE_STAGING_V1"", ""production_review_status"": ""pending"", ""relation_artifact"": ""g4_g3_final_relation_decisions.csv"", ""scientific_method"": ""Julich probability x Brainnetome probability + TemplateFlow nonlinear transform + probability-weighted overlap + hard-label auxiliary containment + owner scientific review"", ""semantic_compatibility_status"": null, ""source_canonical_g4_id"": ""NGIQ-BR-00000495"", ""source_coverage_ratio"": 0.48287397262578985, ""target_canonical_g3_id"": ""NGIQ-BR-00000004"", ""target_coverage_ratio"": 0.10168892980748322, ""transform_provenance"": ""data/atlases/templateflow_ref (MNI152NLin2009cAsym_from-MNI152NLin6Asym)""}"
G4G3-STAGE-EE11E84E8AF61FB78FB9,1318,NGIQ-BR-00000495,"Area IFJ1 (IFS, PreCS) right",G4_MICROSTRUCTURAL_FINE,right,108,NGIQ-BR-00000036,"Right Middle frontal gyrus, Brainnetome 7_2",G3_MESO_FINE,right,partial_overlap,spatial_overlap,0.291753,0.041877,,,False,proposed,pending,FALSE,FALSE,PARTIAL_OVERLAP,OWNER_CONFIRMED_PARTIAL,,,"{""brainnetome_probability_asset"": ""data/atlases/brainnetome/bna246/volume_raw/BNA_PM_4D.nii.gz"", ""decision_artifact"": ""g4_g3_final_scientific_decisions.csv"", ""decision_reason_code"": ""OWNER_CONFIRMED_PARTIAL"", ""evidence_2g_probability_overlap"": ""g4_g3_probability_overlap_summary.json"", ""evidence_2h_interpretation"": ""g4_g3_overlap_interpretation_profiles.csv"", ""evidence_2ia_policy"": ""g4_g3_scientific_decision_policy_v1.csv"", ""evidence_2ib_owner_revision"": ""g4_g3_owner_policy_revision_v1.csv"", ""evidence_2ic_final_decision"": ""g4_g3_final_scientific_decision_summary.json"", ""expert_approved"": false, ""final_scientific_policy"": ""G4_G3_FINAL_SCIENTIFIC_POLICY_V1"", ""human_reviewed"": false, ""julich_probability_asset"": ""data/atlases/julich/v3.1/spatial_raw/probability_maps/"", ""julich_spatial_component_asset"": ""AREA_IFJ1_IFS_PRECS_RIGHT.nii.gz"", ""julich_spatial_component_id"": ""JULICH_BRAIN_CYTOARCHITECTONIC_ATLAS_V3_1_AREA_IFJ1_IFS_PRECS"", ""mapping_method_field"": ""spatial_overlap"", ""owner_scientific_review_status"": ""OWNER_SCIENTIFIC_REVIEWED"", ""phase"": ""G4_G3_MAPPING_CANDIDATE_STAGING_V1"", ""production_review_status"": ""pending"", ""relation_artifact"": ""g4_g3_final_relation_decisions.csv"", ""scientific_method"": ""Julich probability x Brainnetome probability + TemplateFlow nonlinear transform + probability-weighted overlap + hard-label auxiliary containment + owner scientific review"", ""semantic_compatibility_status"": null, ""source_canonical_g4_id"": ""NGIQ-BR-00000495"", ""source_coverage_ratio"": 0.2917530271239006, ""target_canonical_g3_id"": ""NGIQ-BR-00000036"", ""target_coverage_ratio"": 0.041876639246992885, ""transform_provenance"": ""data/atlases/templateflow_ref (MNI152NLin2009cAsym_from-MNI152NLin6Asym)""}"
G4G3-STAGE-822813C649F007840788,1321,NGIQ-BR-00000496,"Area IFJ1 (IFS, PreCS) left",G4_MICROSTRUCTURAL_FINE,left,105,NGIQ-BR-00000035,"Left Middle frontal gyrus, Brainnetome 7_2",G3_MESO_FINE,left,partial_overlap,spatial_overlap,0.488168,0.064667,,,False,proposed,pending,FALSE,FALSE,PARTIAL_OVERLAP,OWNER_CONFIRMED_PARTIAL,,,"{""brainnetome_probability_asset"": ""data/atlases/brainnetome/bna246/volume_raw/BNA_PM_4D.nii.gz"", ""decision_artifact"": ""g4_g3_final_scientific_decisions.csv"", ""decision_reason_code"": ""OWNER_CONFIRMED_PARTIAL"", ""evidence_2g_probability_overlap"": ""g4_g3_probability_overlap_summary.json"", ""evidence_2h_interpretation"": ""g4_g3_overlap_interpretation_profiles.csv"", ""evidence_2ia_policy"": ""g4_g3_scientific_decision_policy_v1.csv"", ""evidence_2ib_owner_revision"": ""g4_g3_owner_policy_revision_v1.csv"", ""evidence_2ic_final_decision"": ""g4_g3_final_scientific_decision_summary.json"", ""expert_approved"": false, ""final_scientific_policy"": ""G4_G3_FINAL_SCIENTIFIC_POLICY_V1"", ""human_reviewed"": false, ""julich_probability_asset"": ""data/atlases/julich/v3.1/spatial_raw/probability_maps/"", ""julich_spatial_component_asset"": ""AREA_IFJ1_IFS_PRECS_LEFT.nii.gz"", ""julich_spatial_component_id"": ""JULICH_BRAIN_CYTOARCHITECTONIC_ATLAS_V3_1_AREA_IFJ1_IFS_PRECS"", ""mapping_method_field"": ""spatial_overlap"", ""owner_scientific_review_status"": ""OWNER_SCIENTIFIC_REVIEWED"", ""phase"": ""G4_G3_MAPPING_CANDIDATE_STAGING_V1"", ""production_review_status"": ""pending"", ""relation_artifact"": ""g4_g3_final_relation_decisions.csv"", ""scientific_method"": ""Julich probability x Brainnetome probability + TemplateFlow nonlinear transform + probability-weighted overlap + hard-label auxiliary containment + owner scientific review"", ""semantic_compatibility_status"": null, ""source_canonical_g4_id"": ""NGIQ-BR-00000496"", ""source_coverage_ratio"": 0.48816820008942075, ""target_canonical_g3_id"": ""NGIQ-BR-00000035"", ""target_coverage_ratio"": 0.06466653361092073, ""transform_provenance"": ""data/atlases/templateflow_ref (MNI152NLin2009cAsym_from-MNI152NLin6Asym)""}"
G4G3-STAGE-E4E285C13E027DDB3F00,1321,NGIQ-BR-00000496,"Area IFJ1 (IFS, PreCS) left",G4_MICROSTRUCTURAL_FINE,left,9,NGIQ-BR-00000003,"Left Inferior frontal gyrus, Brainnetome 6_1",G3_MESO_FINE,left,partial_overlap,spatial_overlap,0.298166,0.097736,,,False,proposed,pending,FALSE,FALSE,PARTIAL_OVERLAP,OWNER_CONFIRMED_PARTIAL,,,"{""brainnetome_probability_asset"": ""data/atlases/brainnetome/bna246/volume_raw/BNA_PM_4D.nii.gz"", ""decision_artifact"": ""g4_g3_final_scientific_decisions.csv"", ""decision_reason_code"": ""OWNER_CONFIRMED_PARTIAL"", ""evidence_2g_probability_overlap"": ""g4_g3_probability_overlap_summary.json"", ""evidence_2h_interpretation"": ""g4_g3_overlap_interpretation_profiles.csv"", ""evidence_2ia_policy"": ""g4_g3_scientific_decision_policy_v1.csv"", ""evidence_2ib_owner_revision"": ""g4_g3_owner_policy_revision_v1.csv"", ""evidence_2ic_final_decision"": ""g4_g3_final_scientific_decision_summary.json"", ""expert_approved"": false, ""final_scientific_policy"": ""G4_G3_FINAL_SCIENTIFIC_POLICY_V1"", ""human_reviewed"": false, ""julich_probability_asset"": ""data/atlases/julich/v3.1/spatial_raw/probability_maps/"", ""julich_spatial_component_asset"": ""AREA_IFJ1_IFS_PRECS_LEFT.nii.gz"", ""julich_spatial_component_id"": ""JULICH_BRAIN_CYTOARCHITECTONIC_ATLAS_V3_1_AREA_IFJ1_IFS_PRECS"", ""mapping_method_field"": ""spatial_overlap"", ""owner_scientific_review_status"": ""OWNER_SCIENTIFIC_REVIEWED"", ""phase"": ""G4_G3_MAPPING_CANDIDATE_STAGING_V1"", ""production_review_status"": ""pending"", ""relation_artifact"": ""g4_g3_final_relation_decisions.csv"", ""scientific_method"": ""Julich probability x Brainnetome probability + TemplateFlow nonlinear transform + probability-weighted overlap + hard-label auxiliary containment + owner scientific review"", ""semantic_compatibility_status"": null, ""source_canonical_g4_id"": ""NGIQ-BR-00000496"", ""source_coverage_ratio"": 0.2981664596198656, ""target_canonical_g3_id"": ""NGIQ-BR-00000003"", ""target_coverage_ratio"": 0.09773598201569929, ""transform_provenance"": ""data/atlases/templateflow_ref (MNI152NLin2009cAsym_from-MNI152NLin6Asym)""}"
G4G3-STAGE-2DE56A060DF9485E8748,1324,NGIQ-BR-00000497,Area MFG2 (MFG) right,G4_MICROSTRUCTURAL_FINE,right,114,NGIQ-BR-00000038,"Right Middle frontal gyrus, Brainnetome 7_3",G3_MESO_FINE,right,dominant_overlap,spatial_overlap,0.710516,0.080658,,,False,proposed,pending,FALSE,FALSE,APPROVE_DOMINANT_OVERLAP,DOMINANT_CRITERIA_V1,,,"{""brainnetome_probability_asset"": ""data/atlases/brainnetome/bna246/volume_raw/BNA_PM_4D.nii.gz"", ""decision_artifact"": ""g4_g3_final_scientific_decisions.csv"", ""decision_reason_code"": ""DOMINANT_CRITERIA_V1"", ""evidence_2g_probability_overlap"": ""g4_g3_probability_overlap_summary.json"", ""evidence_2h_interpretation"": ""g4_g3_overlap_interpretation_profiles.csv"", ""evidence_2ia_policy"": ""g4_g3_scientific_decision_policy_v1.csv"", ""evidence_2ib_owner_revision"": ""g4_g3_owner_policy_revision_v1.csv"", ""evidence_2ic_final_decision"": ""g4_g3_final_scientific_decision_summary.json"", ""expert_approved"": false, ""final_scientific_policy"": ""G4_G3_FINAL_SCIENTIFIC_POLICY_V1"", ""human_reviewed"": false, ""julich_probability_asset"": ""data/atlases/julich/v3.1/spatial_raw/probability_maps/"", ""julich_spatial_component_asset"": ""AREA_MFG2_MFG_RIGHT.nii.gz"", ""julich_spatial_component_id"": ""JULICH_BRAIN_CYTOARCHITECTONIC_ATLAS_V3_1_AREA_MFG2_MFG"", ""mapping_method_field"": ""spatial_overlap"", ""owner_scientific_review_status"": ""OWNER_SCIENTIFIC_REVIEWED"", ""phase"": ""G4_G3_MAPPING_CANDIDATE_STAGING_V1"", ""production_review_status"": ""pending"", ""relation_artifact"": ""g4_g3_final_relation_decisions.csv"", ""scientific_method"": ""Julich probability x Brainnetome probability + TemplateFlow nonlinear transform + probability-weighted overlap + hard-label auxiliary containment + owner scientific review"", ""semantic_compatibility_status"": null, ""source_canonical_g4_id"": ""NGIQ-BR-00000497"", ""source_coverage_ratio"": 0.7105162585362714, ""target_canonical_g3_id"": ""NGIQ-BR-00000038"", ""target_coverage_ratio"": 0.08065773941482365, ""transform_provenance"": ""data/atlases/templateflow_ref (MNI152NLin2009cAsym_from-MNI152NLin6Asym)""}"
G4G3-STAGE-84C5EE9BC55A1DE0302A,1327,NGIQ-BR-00000498,Area MFG2 (MFG) left,G4_MICROSTRUCTURAL_FINE,left,111,NGIQ-BR-00000037,"Left Middle frontal gyrus, Brainnetome 7_3",G3_MESO_FINE,left,dominant_overlap,spatial_overlap,0.781251,0.05318,,,False,proposed,pending,FALSE,FALSE,APPROVE_DOMINANT_OVERLAP,DOMINANT_CRITERIA_V1,,,"{""brainnetome_probability_asset"": ""data/atlases/brainnetome/bna246/volume_raw/BNA_PM_4D.nii.gz"", ""decision_artifact"": ""g4_g3_final_scientific_decisions.csv"", ""decision_reason_code"": ""DOMINANT_CRITERIA_V1"", ""evidence_2g_probability_overlap"": ""g4_g3_probability_overlap_summary.json"", ""evidence_2h_interpretation"": ""g4_g3_overlap_interpretation_profiles.csv"", ""evidence_2ia_policy"": ""g4_g3_scientific_decision_policy_v1.csv"", ""evidence_2ib_owner_revision"": ""g4_g3_owner_policy_revision_v1.csv"", ""evidence_2ic_final_decision"": ""g4_g3_final_scientific_decision_summary.json"", ""expert_approved"": false, ""final_scientific_policy"": ""G4_G3_FINAL_SCIENTIFIC_POLICY_V1"", ""human_reviewed"": false, ""julich_probability_asset"": ""data/atlases/julich/v3.1/spatial_raw/probability_maps/"", ""julich_spatial_component_asset"": ""AREA_MFG2_MFG_LEFT.nii.gz"", ""julich_spatial_component_id"": ""JULICH_BRAIN_CYTOARCHITECTONIC_ATLAS_V3_1_AREA_MFG2_MFG"", ""mapping_method_field"": ""spatial_overlap"", ""owner_scientific_review_status"": ""OWNER_SCIENTIFIC_REVIEWED"", ""phase"": ""G4_G3_MAPPING_CANDIDATE_STAGING_V1"", ""production_review_status"": ""pending"", ""relation_artifact"": ""g4_g3_final_relation_decisions.csv"", ""scientific_method"": ""Julich probability x Brainnetome probability + TemplateFlow nonlinear transform + probability-weighted overlap + hard-label auxiliary containment + owner scientific review"", ""semantic_compatibility_status"": null, ""source_canonical_g4_id"": ""NGIQ-BR-00000498"", ""source_coverage_ratio"": 0.7812511636666566, ""target_canonical_g3_id"": ""NGIQ-BR-00000037"", ""target_coverage_ratio"": 0.053180247045191816, ""transform_provenance"": ""data/atlases/templateflow_ref (MNI152NLin2009cAsym_from-MNI152NLin6Asym)""}"
G4G3-STAGE-4691B9D27E52F70B94FC,1330,NGIQ-BR-00000499,Area 44 (IFG) right,G4_MICROSTRUCTURAL_FINE,right,168,NGIQ-BR-00000056,"Right Inferior frontal gyrus, Brainnetome 6_6",G3_MESO_FINE,right,partial_overlap,spatial_overlap,0.437423,0.276212,,,False,proposed,pending,FALSE,FALSE,PARTIAL_OVERLAP,OWNER_CONFIRMED_PARTIAL,,,"{""brainnetome_probability_asset"": ""data/atlases/brainnetome/bna246/volume_raw/BNA_PM_4D.nii.gz"", ""decision_artifact"": ""g4_g3_final_scientific_decisions.csv"", ""decision_reason_code"": ""OWNER_CONFIRMED_PARTIAL"", ""evidence_2g_probability_overlap"": ""g4_g3_probability_overlap_summary.json"", ""evidence_2h_interpretation"": ""g4_g3_overlap_interpretation_profiles.csv"", ""evidence_2ia_policy"": ""g4_g3_scientific_decision_policy_v1.csv"", ""evidence_2ib_owner_revision"": ""g4_g3_owner_policy_revision_v1.csv"", ""evidence_2ic_final_decision"": ""g4_g3_final_scientific_decision_summary.json"", ""expert_approved"": false, ""final_scientific_policy"": ""G4_G3_FINAL_SCIENTIFIC_POLICY_V1"", ""human_reviewed"": false, ""julich_probability_asset"": ""data/atlases/julich/v3.1/spatial_raw/probability_maps/"", ""julich_spatial_component_asset"": ""AREA_44_IFG_RIGHT.nii.gz"", ""julich_spatial_component_id"": ""JULICH_BRAIN_CYTOARCHITECTONIC_ATLAS_V3_1_AREA_44_IFG"", ""mapping_method_field"": ""spatial_overlap"", ""owner_scientific_review_status"": ""OWNER_SCIENTIFIC_REVIEWED"", ""phase"": ""G4_G3_MAPPING_CANDIDATE_STAGING_V1"", ""production_review_status"": ""pending"", ""relation_artifact"": ""g4_g3_final_relation_decisions.csv"", ""scientific_method"": ""Julich probability x Brainnetome probability + TemplateFlow nonlinear transform + probability-weighted overlap + hard-label auxiliary containment + owner scientific review"", ""semantic_compatibility_status"": null, ""source_canonical_g4_id"": ""NGIQ-BR-00000499"", ""source_coverage_ratio"": 0.4374227971339731, ""target_canonical_g3_id"": ""NGIQ-BR-00000056"", ""target_coverage_ratio"": 0.2762124636661104, ""transform_provenance"": ""data/atlases/templateflow_ref (MNI152NLin2009cAsym_from-MNI152NLin6Asym)""}"
G4G3-STAGE-EB814CA8E680E250AD77,1330,NGIQ-BR-00000499,Area 44 (IFG) right,G4_MICROSTRUCTURAL_FINE,right,150,NGIQ-BR-00000050,"Right Inferior frontal gyrus, Brainnetome 6_3",G3_MESO_FINE,right,partial_overlap,spatial_overlap,0.323973,0.181018,,,False,proposed,pending,FALSE,FALSE,PARTIAL_OVERLAP,OWNER_CONFIRMED_PARTIAL,,,"{""brainnetome_probability_asset"": ""data/atlases/brainnetome/bna246/volume_raw/BNA_PM_4D.nii.gz"", ""decision_artifact"": ""g4_g3_final_scientific_decisions.csv"", ""decision_reason_code"": ""OWNER_CONFIRMED_PARTIAL"", ""evidence_2g_probability_overlap"": ""g4_g3_probability_overlap_summary.json"", ""evidence_2h_interpretation"": ""g4_g3_overlap_interpretation_profiles.csv"", ""evidence_2ia_policy"": ""g4_g3_scientific_decision_policy_v1.csv"", ""evidence_2ib_owner_revision"": ""g4_g3_owner_policy_revision_v1.csv"", ""evidence_2ic_final_decision"": ""g4_g3_final_scientific_decision_summary.json"", ""expert_approved"": false, ""final_scientific_policy"": ""G4_G3_FINAL_SCIENTIFIC_POLICY_V1"", ""human_reviewed"": false, ""julich_probability_asset"": ""data/atlases/julich/v3.1/spatial_raw/probability_maps/"", ""julich_spatial_component_asset"": ""AREA_44_IFG_RIGHT.nii.gz"", ""julich_spatial_component_id"": ""JULICH_BRAIN_CYTOARCHITECTONIC_ATLAS_V3_1_AREA_44_IFG"", ""mapping_method_field"": ""spatial_overlap"", ""owner_scientific_review_status"": ""OWNER_SCIENTIFIC_REVIEWED"", ""phase"": ""G4_G3_MAPPING_CANDIDATE_STAGING_V1"", ""production_review_status"": ""pending"", ""relation_artifact"": ""g4_g3_final_relation_decisions.csv"", ""scientific_method"": ""Julich probability x Brainnetome probability + TemplateFlow nonlinear transform + probability-weighted overlap + hard-label auxiliary containment + owner scientific review"", ""semantic_compatibility_status"": null, ""source_canonical_g4_id"": ""NGIQ-BR-00000499"", ""source_coverage_ratio"": 0.3239731784207761, ""target_canonical_g3_id"": ""NGIQ-BR-00000050"", ""target_coverage_ratio"": 0.18101795357535327, ""transform_provenance"": ""data/atlases/templateflow_ref (MNI152NLin2009cAsym_from-MNI152NLin6Asym)""}"
G4G3-STAGE-A3479AAE15438DE105A8,1339,NGIQ-BR-00000502,Area 45 (IFG) left,G4_MICROSTRUCTURAL_FINE,left,141,NGIQ-BR-00000047,"Left Inferior frontal gyrus, Brainnetome 6_2",G3_MESO_FINE,left,partial_overlap,spatial_overlap,0.340864,0.264261,,,False,proposed,pending,FALSE,FALSE,PARTIAL_OVERLAP,FINAL_MULTI_TARGET_PARTIAL_GATE_PASS,,,"{""brainnetome_probability_asset"": ""data/atlases/brainnetome/bna246/volume_raw/BNA_PM_4D.nii.gz"", ""decision_artifact"": ""g4_g3_final_scientific_decisions.csv"", ""decision_reason_code"": ""FINAL_MULTI_TARGET_PARTIAL_GATE_PASS"", ""evidence_2g_probability_overlap"": ""g4_g3_probability_overlap_summary.json"", ""evidence_2h_interpretation"": ""g4_g3_overlap_interpretation_profiles.csv"", ""evidence_2ia_policy"": ""g4_g3_scientific_decision_policy_v1.csv"", ""evidence_2ib_owner_revision"": ""g4_g3_owner_policy_revision_v1.csv"", ""evidence_2ic_final_decision"": ""g4_g3_final_scientific_decision_summary.json"", ""expert_approved"": false, ""final_scientific_policy"": ""G4_G3_FINAL_SCIENTIFIC_POLICY_V1"", ""human_reviewed"": false, ""julich_probability_asset"": ""data/atlases/julich/v3.1/spatial_raw/probability_maps/"", ""julich_spatial_component_asset"": ""AREA_45_IFG_LEFT.nii.gz"", ""julich_spatial_component_id"": ""JULICH_BRAIN_CYTOARCHITECTONIC_ATLAS_V3_1_AREA_45_IFG"", ""mapping_method_field"": ""spatial_overlap"", ""owner_scientific_review_status"": ""OWNER_SCIENTIFIC_REVIEWED"", ""phase"": ""G4_G3_MAPPING_CANDIDATE_STAGING_V1"", ""production_review_status"": ""pending"", ""relation_artifact"": ""g4_g3_final_relation_decisions.csv"", ""scientific_method"": ""Julich probability x Brainnetome probability + TemplateFlow nonlinear transform + probability-weighted overlap + hard-label auxiliary containment + owner scientific review"", ""semantic_compatibility_status"": null, ""source_canonical_g4_id"": ""NGIQ-BR-00000502"", ""source_coverage_ratio"": 0.3408640245404882, ""target_canonical_g3_id"": ""NGIQ-BR-00000047"", ""target_coverage_ratio"": 0.26426078588949486, ""transform_provenance"": ""data/atlases/templateflow_ref (MNI152NLin2009cAsym_from-MNI152NLin6Asym)""}"
G4G3-STAGE-3FC992C2AA0F570B5370,1339,NGIQ-BR-00000502,Area 45 (IFG) left,G4_MICROSTRUCTURAL_FINE,left,147,NGIQ-BR-00000049,"Left Inferior frontal gyrus, Brainnetome 6_3",G3_MESO_FINE,left,partial_overlap,spatial_overlap,0.206204,0.209352,,,False,proposed,pending,FALSE,FALSE,PARTIAL_OVERLAP,FINAL_MULTI_TARGET_PARTIAL_GATE_PASS,,,"{""brainnetome_probability_asset"": ""data/atlases/brainnetome/bna246/volume_raw/BNA_PM_4D.nii.gz"", ""decision_artifact"": ""g4_g3_final_scientific_decisions.csv"", ""decision_reason_code"": ""FINAL_MULTI_TARGET_PARTIAL_GATE_PASS"", ""evidence_2g_probability_overlap"": ""g4_g3_probability_overlap_summary.json"", ""evidence_2h_interpretation"": ""g4_g3_overlap_interpretation_profiles.csv"", ""evidence_2ia_policy"": ""g4_g3_scientific_decision_policy_v1.csv"", ""evidence_2ib_owner_revision"": ""g4_g3_owner_policy_revision_v1.csv"", ""evidence_2ic_final_decision"": ""g4_g3_final_scientific_decision_summary.json"", ""expert_approved"": false, ""final_scientific_policy"": ""G4_G3_FINAL_SCIENTIFIC_POLICY_V1"", ""human_reviewed"": false, ""julich_probability_asset"": ""data/atlases/julich/v3.1/spatial_raw/probability_maps/"", ""julich_spatial_component_asset"": ""AREA_45_IFG_LEFT.nii.gz"", ""julich_spatial_component_id"": ""JULICH_BRAIN_CYTOARCHITECTONIC_ATLAS_V3_1_AREA_45_IFG"", ""mapping_method_field"": ""spatial_overlap"", ""owner_scientific_review_status"": ""OWNER_SCIENTIFIC_REVIEWED"", ""phase"": ""G4_G3_MAPPING_CANDIDATE_STAGING_V1"", ""production_review_status"": ""pending"", ""relation_artifact"": ""g4_g3_final_relation_decisions.csv"", ""scientific_method"": ""Julich probability x Brainnetome probability + TemplateFlow nonlinear transform + probability-weighted overlap + hard-label auxiliary containment + owner scientific review"", ""semantic_compatibility_status"": null, ""source_canonical_g4_id"": ""NGIQ-BR-00000502"", ""source_coverage_ratio"": 0.20620352593713479, ""target_canonical_g3_id"": ""NGIQ-BR-00000049"", ""target_coverage_ratio"": 0.2093518653304782, ""transform_provenance"": ""data/atlases/templateflow_ref (MNI152NLin2009cAsym_from-MNI152NLin6Asym)""}"
G4G3-STAGE-2577FD8813BA24698615,1339,NGIQ-BR-00000502,Area 45 (IFG) left,G4_MICROSTRUCTURAL_FINE,left,117,NGIQ-BR-00000039,"Left Middle frontal gyrus, Brainnetome 7_4",G3_MESO_FINE,left,partial_overlap,spatial_overlap,0.163117,0.049042,,,False,proposed,pending,FALSE,FALSE,PARTIAL_OVERLAP,FINAL_MULTI_TARGET_PARTIAL_GATE_PASS,,,"{""brainnetome_probability_asset"": ""data/atlases/brainnetome/bna246/volume_raw/BNA_PM_4D.nii.gz"", ""decision_artifact"": ""g4_g3_final_scientific_decisions.csv"", ""decision_reason_code"": ""FINAL_MULTI_TARGET_PARTIAL_GATE_PASS"", ""evidence_2g_probability_overlap"": ""g4_g3_probability_overlap_summary.json"", ""evidence_2h_interpretation"": ""g4_g3_overlap_interpretation_profiles.csv"", ""evidence_2ia_policy"": ""g4_g3_scientific_decision_policy_v1.csv"", ""evidence_2ib_owner_revision"": ""g4_g3_owner_policy_revision_v1.csv"", ""evidence_2ic_final_decision"": ""g4_g3_final_scientific_decision_summary.json"", ""expert_approved"": false, ""final_scientific_policy"": ""G4_G3_FINAL_SCIENTIFIC_POLICY_V1"", ""human_reviewed"": false, ""julich_probability_asset"": ""data/atlases/julich/v3.1/spatial_raw/probability_maps/"", ""julich_spatial_component_asset"": ""AREA_45_IFG_LEFT.nii.gz"", ""julich_spatial_component_id"": ""JULICH_BRAIN_CYTOARCHITECTONIC_ATLAS_V3_1_AREA_45_IFG"", ""mapping_method_field"": ""spatial_overlap"", ""owner_scientific_review_status"": ""OWNER_SCIENTIFIC_REVIEWED"", ""phase"": ""G4_G3_MAPPING_CANDIDATE_STAGING_V1"", ""production_review_status"": ""pending"", ""relation_artifact"": ""g4_g3_final_relation_decisions.csv"", ""scientific_method"": ""Julich probability x Brainnetome probability + TemplateFlow nonlinear transform + probability-weighted overlap + hard-label auxiliary containment + owner scientific review"", ""semantic_compatibility_status"": null, ""source_canonical_g4_id"": ""NGIQ-BR-00000502"", ""source_coverage_ratio"": 0.1631173009449358, ""target_canonical_g3_id"": ""NGIQ-BR-00000039"", ""target_coverage_ratio"": 0.04904205388950502, ""transform_provenance"": ""data/atlases/templateflow_ref (MNI152NLin2009cAsym_from-MNI152NLin6Asym)""}"
G4G3-STAGE-A21126583422830964AB,1342,NGIQ-BR-00000503,Area 8v2 (MFG) right,G4_MICROSTRUCTURAL_FINE,right,126,NGIQ-BR-00000042,"Right Middle frontal gyrus, Brainnetome 7_5",G3_MESO_FINE,right,partial_overlap,spatial_overlap,0.499596,0.042147,,,False,proposed,pending,FALSE,FALSE,PARTIAL_OVERLAP,OWNER_CONFIRMED_PARTIAL_SET_CONCORDANT,,,"{""brainnetome_probability_asset"": ""data/atlases/brainnetome/bna246/volume_raw/BNA_PM_4D.nii.gz"", ""decision_artifact"": ""g4_g3_final_scientific_decisions.csv"", ""decision_reason_code"": ""OWNER_CONFIRMED_PARTIAL_SET_CONCORDANT"", ""evidence_2g_probability_overlap"": ""g4_g3_probability_overlap_summary.json"", ""evidence_2h_interpretation"": ""g4_g3_overlap_interpretation_profiles.csv"", ""evidence_2ia_policy"": ""g4_g3_scientific_decision_policy_v1.csv"", ""evidence_2ib_owner_revision"": ""g4_g3_owner_policy_revision_v1.csv"", ""evidence_2ic_final_decision"": ""g4_g3_final_scientific_decision_summary.json"", ""expert_approved"": false, ""final_scientific_policy"": ""G4_G3_FINAL_SCIENTIFIC_POLICY_V1"", ""human_reviewed"": false, ""julich_probability_asset"": ""data/atlases/julich/v3.1/spatial_raw/probability_maps/"", ""julich_spatial_component_asset"": ""AREA_8V2_MFG_RIGHT.nii.gz"", ""julich_spatial_component_id"": ""JULICH_BRAIN_CYTOARCHITECTONIC_ATLAS_V3_1_AREA_8V2_MFG"", ""mapping_method_field"": ""spatial_overlap"", ""owner_scientific_review_status"": ""OWNER_SCIENTIFIC_REVIEWED"", ""phase"": ""G4_G3_MAPPING_CANDIDATE_STAGING_V1"", ""production_review_status"": ""pending"", ""relation_artifact"": ""g4_g3_final_relation_decisions.csv"", ""scientific_method"": ""Julich probability x Brainnetome probability + TemplateFlow nonlinear transform + probability-weighted overlap + hard-label auxiliary containment + owner scientific review"", ""semantic_compatibility_status"": null, ""source_canonical_g4_id"": ""NGIQ-BR-00000503"", ""source_coverage_ratio"": 0.49959558440399376, ""target_canonical_g3_id"": ""NGIQ-BR-00000042"", ""target_coverage_ratio"": 0.04214650431485658, ""transform_provenance"": ""data/atlases/templateflow_ref (MNI152NLin2009cAsym_from-MNI152NLin6Asym)""}"
G4G3-STAGE-9B6FF59D9638F2A57F4D,1342,NGIQ-BR-00000503,Area 8v2 (MFG) right,G4_MICROSTRUCTURAL_FINE,right,102,NGIQ-BR-00000034,"Right Middle frontal gyrus, Brainnetome 7_1",G3_MESO_FINE,right,partial_overlap,spatial_overlap,0.38816,0.039773,,,False,proposed,pending,FALSE,FALSE,PARTIAL_OVERLAP,OWNER_CONFIRMED_PARTIAL_SET_CONCORDANT,,,"{""brainnetome_probability_asset"": ""data/atlases/brainnetome/bna246/volume_raw/BNA_PM_4D.nii.gz"", ""decision_artifact"": ""g4_g3_final_scientific_decisions.csv"", ""decision_reason_code"": ""OWNER_CONFIRMED_PARTIAL_SET_CONCORDANT"", ""evidence_2g_probability_overlap"": ""g4_g3_probability_overlap_summary.json"", ""evidence_2h_interpretation"": ""g4_g3_overlap_interpretation_profiles.csv"", ""evidence_2ia_policy"": ""g4_g3_scientific_decision_policy_v1.csv"", ""evidence_2ib_owner_revision"": ""g4_g3_owner_policy_revision_v1.csv"", ""evidence_2ic_final_decision"": ""g4_g3_final_scientific_decision_summary.json"", ""expert_approved"": false, ""final_scientific_policy"": ""G4_G3_FINAL_SCIENTIFIC_POLICY_V1"", ""human_reviewed"": false, ""julich_probability_asset"": ""data/atlases/julich/v3.1/spatial_raw/probability_maps/"", ""julich_spatial_component_asset"": ""AREA_8V2_MFG_RIGHT.nii.gz"", ""julich_spatial_component_id"": ""JULICH_BRAIN_CYTOARCHITECTONIC_ATLAS_V3_1_AREA_8V2_MFG"", ""mapping_method_field"": ""spatial_overlap"", ""owner_scientific_review_status"": ""OWNER_SCIENTIFIC_REVIEWED"", ""phase"": ""G4_G3_MAPPING_CANDIDATE_STAGING_V1"", ""production_review_status"": ""pending"", ""relation_artifact"": ""g4_g3_final_relation_decisions.csv"", ""scientific_method"": ""Julich probability x Brainnetome probability + TemplateFlow nonlinear transform + probability-weighted overlap + hard-label auxiliary containment + owner scientific review"", ""semantic_compatibility_status"": null, ""source_canonical_g4_id"": ""NGIQ-BR-00000503"", ""source_coverage_ratio"": 0.38816034168819535, ""target_canonical_g3_id"": ""NGIQ-BR-00000034"", ""target_coverage_ratio"": 0.03977345481854287, ""transform_provenance"": ""data/atlases/templateflow_ref (MNI152NLin2009cAsym_from-MNI152NLin6Asym)""}"
G4G3-STAGE-14552EFCE670C803A9F7,1345,NGIQ-BR-00000504,Area 8v2 (MFG) left,G4_MICROSTRUCTURAL_FINE,left,123,NGIQ-BR-00000041,"Left Middle frontal gyrus, Brainnetome 7_5",G3_MESO_FINE,left,dominant_overlap,spatial_overlap,0.586793,0.089122,,,False,proposed,pending,FALSE,FALSE,APPROVE_DOMINANT_OVERLAP,DOMINANT_CRITERIA_V1,,,"{""brainnetome_probability_asset"": ""data/atlases/brainnetome/bna246/volume_raw/BNA_PM_4D.nii.gz"", ""decision_artifact"": ""g4_g3_final_scientific_decisions.csv"", ""decision_reason_code"": ""DOMINANT_CRITERIA_V1"", ""evidence_2g_probability_overlap"": ""g4_g3_probability_overlap_summary.json"", ""evidence_2h_interpretation"": ""g4_g3_overlap_interpretation_profiles.csv"", ""evidence_2ia_policy"": ""g4_g3_scientific_decision_policy_v1.csv"", ""evidence_2ib_owner_revision"": ""g4_g3_owner_policy_revision_v1.csv"", ""evidence_2ic_final_decision"": ""g4_g3_final_scientific_decision_summary.json"", ""expert_approved"": false, ""final_scientific_policy"": ""G4_G3_FINAL_SCIENTIFIC_POLICY_V1"", ""human_reviewed"": false, ""julich_probability_asset"": ""data/atlases/julich/v3.1/spatial_raw/probability_maps/"", ""julich_spatial_component_asset"": ""AREA_8V2_MFG_LEFT.nii.gz"", ""julich_spatial_component_id"": ""JULICH_BRAIN_CYTOARCHITECTONIC_ATLAS_V3_1_AREA_8V2_MFG"", ""mapping_method_field"": ""spatial_overlap"", ""owner_scientific_review_status"": ""OWNER_SCIENTIFIC_REVIEWED"", ""phase"": ""G4_G3_MAPPING_CANDIDATE_STAGING_V1"", ""production_review_status"": ""pending"", ""relation_artifact"": ""g4_g3_final_relation_decisions.csv"", ""scientific_method"": ""Julich probability x Brainnetome probability + TemplateFlow nonlinear transform + probability-weighted overlap + hard-label auxiliary containment + owner scientific review"", ""semantic_compatibility_status"": null, ""source_canonical_g4_id"": ""NGIQ-BR-00000504"", ""source_coverage_ratio"": 0.5867927593083138, ""target_canonical_g3_id"": ""NGIQ-BR-00000041"", ""target_coverage_ratio"": 0.08912236919779763, ""transform_provenance"": ""data/atlases/templateflow_ref (MNI152NLin2009cAsym_from-MNI152NLin6Asym)""}"
G4G3-STAGE-77FF8B1969D522713A58,1348,NGIQ-BR-00000505,Area 8v1 (MFG) right,G4_MICROSTRUCTURAL_FINE,right,126,NGIQ-BR-00000042,"Right Middle frontal gyrus, Brainnetome 7_5",G3_MESO_FINE,right,partial_overlap,spatial_overlap,0.302301,0.076057,,,False,proposed,pending,FALSE,FALSE,PARTIAL_OVERLAP,FINAL_MULTI_TARGET_PARTIAL_GATE_PASS,,,"{""brainnetome_probability_asset"": ""data/atlases/brainnetome/bna246/volume_raw/BNA_PM_4D.nii.gz"", ""decision_artifact"": ""g4_g3_final_scientific_decisions.csv"", ""decision_reason_code"": ""FINAL_MULTI_TARGET_PARTIAL_GATE_PASS"", ""evidence_2g_probability_overlap"": ""g4_g3_probability_overlap_summary.json"", ""evidence_2h_interpretation"": ""g4_g3_overlap_interpretation_profiles.csv"", ""evidence_2ia_policy"": ""g4_g3_scientific_decision_policy_v1.csv"", ""evidence_2ib_owner_revision"": ""g4_g3_owner_policy_revision_v1.csv"", ""evidence_2ic_final_decision"": ""g4_g3_final_scientific_decision_summary.json"", ""expert_approved"": false, ""final_scientific_policy"": ""G4_G3_FINAL_SCIENTIFIC_POLICY_V1"", ""human_reviewed"": false, ""julich_probability_asset"": ""data/atlases/julich/v3.1/spatial_raw/probability_maps/"", ""julich_spatial_component_asset"": ""AREA_8V1_MFG_RIGHT.nii.gz"", ""julich_spatial_component_id"": ""JULICH_BRAIN_CYTOARCHITECTONIC_ATLAS_V3_1_AREA_8V1_MFG"", ""mapping_method_field"": ""spatial_overlap"", ""owner_scientific_review_status"": ""OWNER_SCIENTIFIC_REVIEWED"", ""phase"": ""G4_G3_MAPPING_CANDIDATE_STAGING_V1"", ""production_review_status"": ""pending"", ""relation_artifact"": ""g4_g3_final_relation_decisions.csv"", ""scientific_method"": ""Julich probability x Brainnetome probability + TemplateFlow nonlinear transform + probability-weighted overlap + hard-label auxiliary containment + owner scientific review"", ""semantic_compatibility_status"": null, ""source_canonical_g4_id"": ""NGIQ-BR-00000505"", ""source_coverage_ratio"": 0.3023010301468937, ""target_canonical_g3_id"": ""NGIQ-BR-00000042"", ""target_coverage_ratio"": 0.07605747691441407, ""transform_provenance"": ""data/atlases/templateflow_ref (MNI152NLin2009cAsym_from-MNI152NLin6Asym)""}"
G4G3-STAGE-10FA931863A6359A36CB,1348,NGIQ-BR-00000505,Area 8v1 (MFG) right,G4_MICROSTRUCTURAL_FINE,right,102,NGIQ-BR-00000034,"Right Middle frontal gyrus, Brainnetome 7_1",G3_MESO_FINE,right,partial_overlap,spatial_overlap,0.266017,0.058618,,,False,proposed,pending,FALSE,FALSE,PARTIAL_OVERLAP,FINAL_MULTI_TARGET_PARTIAL_GATE_PASS,,,"{""brainnetome_probability_asset"": ""data/atlases/brainnetome/bna246/volume_raw/BNA_PM_4D.nii.gz"", ""decision_artifact"": ""g4_g3_final_scientific_decisions.csv"", ""decision_reason_code"": ""FINAL_MULTI_TARGET_PARTIAL_GATE_PASS"", ""evidence_2g_probability_overlap"": ""g4_g3_probability_overlap_summary.json"", ""evidence_2h_interpretation"": ""g4_g3_overlap_interpretation_profiles.csv"", ""evidence_2ia_policy"": ""g4_g3_scientific_decision_policy_v1.csv"", ""evidence_2ib_owner_revision"": ""g4_g3_owner_policy_revision_v1.csv"", ""evidence_2ic_final_decision"": ""g4_g3_final_scientific_decision_summary.json"", ""expert_approved"": false, ""final_scientific_policy"": ""G4_G3_FINAL_SCIENTIFIC_POLICY_V1"", ""human_reviewed"": false, ""julich_probability_asset"": ""data/atlases/julich/v3.1/spatial_raw/probability_maps/"", ""julich_spatial_component_asset"": ""AREA_8V1_MFG_RIGHT.nii.gz"", ""julich_spatial_component_id"": ""JULICH_BRAIN_CYTOARCHITECTONIC_ATLAS_V3_1_AREA_8V1_MFG"", ""mapping_method_field"": ""spatial_overlap"", ""owner_scientific_review_status"": ""OWNER_SCIENTIFIC_REVIEWED"", ""phase"": ""G4_G3_MAPPING_CANDIDATE_STAGING_V1"", ""production_review_status"": ""pending"", ""relation_artifact"": ""g4_g3_final_relation_decisions.csv"", ""scientific_method"": ""Julich probability x Brainnetome probability + TemplateFlow nonlinear transform + probability-weighted overlap + hard-label auxiliary containment + owner scientific review"", ""semantic_compatibility_status"": null, ""source_canonical_g4_id"": ""NGIQ-BR-00000505"", ""source_coverage_ratio"": 0.266017131886764, ""target_canonical_g3_id"": ""NGIQ-BR-00000034"", ""target_coverage_ratio"": 0.05861821012335661, ""transform_provenance"": ""data/atlases/templateflow_ref (MNI152NLin2009cAsym_from-MNI152NLin6Asym)""}"
G4G3-STAGE-A5D077CDBD783EA29EDA,1348,NGIQ-BR-00000505,Area 8v1 (MFG) right,G4_MICROSTRUCTURAL_FINE,right,66,NGIQ-BR-00000022,"Right Superior frontal gyrus, Brainnetome 7_2",G3_MESO_FINE,right,partial_overlap,spatial_overlap,0.203938,0.063257,,,False,proposed,pending,FALSE,FALSE,PARTIAL_OVERLAP,FINAL_MULTI_TARGET_PARTIAL_GATE_PASS,,,"{""brainnetome_probability_asset"": ""data/atlases/brainnetome/bna246/volume_raw/BNA_PM_4D.nii.gz"", ""decision_artifact"": ""g4_g3_final_scientific_decisions.csv"", ""decision_reason_code"": ""FINAL_MULTI_TARGET_PARTIAL_GATE_PASS"", ""evidence_2g_probability_overlap"": ""g4_g3_probability_overlap_summary.json"", ""evidence_2h_interpretation"": ""g4_g3_overlap_interpretation_profiles.csv"", ""evidence_2ia_policy"": ""g4_g3_scientific_decision_policy_v1.csv"", ""evidence_2ib_owner_revision"": ""g4_g3_owner_policy_revision_v1.csv"", ""evidence_2ic_final_decision"": ""g4_g3_final_scientific_decision_summary.json"", ""expert_approved"": false, ""final_scientific_policy"": ""G4_G3_FINAL_SCIENTIFIC_POLICY_V1"", ""human_reviewed"": false, ""julich_probability_asset"": ""data/atlases/julich/v3.1/spatial_raw/probability_maps/"", ""julich_spatial_component_asset"": ""AREA_8V1_MFG_RIGHT.nii.gz"", ""julich_spatial_component_id"": ""JULICH_BRAIN_CYTOARCHITECTONIC_ATLAS_V3_1_AREA_8V1_MFG"", ""mapping_method_field"": ""spatial_overlap"", ""owner_scientific_review_status"": ""OWNER_SCIENTIFIC_REVIEWED"", ""phase"": ""G4_G3_MAPPING_CANDIDATE_STAGING_V1"", ""production_review_status"": ""pending"", ""relation_artifact"": ""g4_g3_final_relation_decisions.csv"", ""scientific_method"": ""Julich probability x Brainnetome probability + TemplateFlow nonlinear transform + probability-weighted overlap + hard-label auxiliary containment + owner scientific review"", ""semantic_compatibility_status"": null, ""source_canonical_g4_id"": ""NGIQ-BR-00000505"", ""source_coverage_ratio"": 0.2039379974758451, ""target_canonical_g3_id"": ""NGIQ-BR-00000022"", ""target_coverage_ratio"": 0.06325719335301692, ""transform_provenance"": ""data/atlases/templateflow_ref (MNI152NLin2009cAsym_from-MNI152NLin6Asym)""}"
G4G3-STAGE-F3DB191649FE5FF99C17,1348,NGIQ-BR-00000505,Area 8v1 (MFG) right,G4_MICROSTRUCTURAL_FINE,right,132,NGIQ-BR-00000044,"Right Middle frontal gyrus, Brainnetome 7_6",G3_MESO_FINE,right,partial_overlap,spatial_overlap,0.162473,0.075188,,,False,proposed,pending,FALSE,FALSE,PARTIAL_OVERLAP,FINAL_MULTI_TARGET_PARTIAL_GATE_PASS,,,"{""brainnetome_probability_asset"": ""data/atlases/brainnetome/bna246/volume_raw/BNA_PM_4D.nii.gz"", ""decision_artifact"": ""g4_g3_final_scientific_decisions.csv"", ""decision_reason_code"": ""FINAL_MULTI_TARGET_PARTIAL_GATE_PASS"", ""evidence_2g_probability_overlap"": ""g4_g3_probability_overlap_summary.json"", ""evidence_2h_interpretation"": ""g4_g3_overlap_interpretation_profiles.csv"", ""evidence_2ia_policy"": ""g4_g3_scientific_decision_policy_v1.csv"", ""evidence_2ib_owner_revision"": ""g4_g3_owner_policy_revision_v1.csv"", ""evidence_2ic_final_decision"": ""g4_g3_final_scientific_decision_summary.json"", ""expert_approved"": false, ""final_scientific_policy"": ""G4_G3_FINAL_SCIENTIFIC_POLICY_V1"", ""human_reviewed"": false, ""julich_probability_asset"": ""data/atlases/julich/v3.1/spatial_raw/probability_maps/"", ""julich_spatial_component_asset"": ""AREA_8V1_MFG_RIGHT.nii.gz"", ""julich_spatial_component_id"": ""JULICH_BRAIN_CYTOARCHITECTONIC_ATLAS_V3_1_AREA_8V1_MFG"", ""mapping_method_field"": ""spatial_overlap"", ""owner_scientific_review_status"": ""OWNER_SCIENTIFIC_REVIEWED"", ""phase"": ""G4_G3_MAPPING_CANDIDATE_STAGING_V1"", ""production_review_status"": ""pending"", ""relation_artifact"": ""g4_g3_final_relation_decisions.csv"", ""scientific_method"": ""Julich probability x Brainnetome probability + TemplateFlow nonlinear transform + probability-weighted overlap + hard-label auxiliary containment + owner scientific review"", ""semantic_compatibility_status"": null, ""source_canonical_g4_id"": ""NGIQ-BR-00000505"", ""source_coverage_ratio"": 0.16247263189484434, ""target_canonical_g3_id"": ""NGIQ-BR-00000044"", ""target_coverage_ratio"": 0.0751879483206286, ""transform_provenance"": ""data/atlases/templateflow_ref (MNI152NLin2009cAsym_from-MNI152NLin6Asym)""}"
G4G3-STAGE-344CBDFFAA95BB850573,1351,NGIQ-BR-00000506,Area 8v1 (MFG) left,G4_MICROSTRUCTURAL_FINE,left,123,NGIQ-BR-00000041,"Left Middle frontal gyrus, Brainnetome 7_5",G3_MESO_FINE,left,dominant_overlap,spatial_overlap,0.643136,0.164769,,,False,proposed,pending,FALSE,FALSE,APPROVE_DOMINANT_OVERLAP,DOMINANT_CRITERIA_V1,,,"{""brainnetome_probability_asset"": ""data/atlases/brainnetome/bna246/volume_raw/BNA_PM_4D.nii.gz"", ""decision_artifact"": ""g4_g3_final_scientific_decisions.csv"", ""decision_reason_code"": ""DOMINANT_CRITERIA_V1"", ""evidence_2g_probability_overlap"": ""g4_g3_probability_overlap_summary.json"", ""evidence_2h_interpretation"": ""g4_g3_overlap_interpretation_profiles.csv"", ""evidence_2ia_policy"": ""g4_g3_scientific_decision_policy_v1.csv"", ""evidence_2ib_owner_revision"": ""g4_g3_owner_policy_revision_v1.csv"", ""evidence_2ic_final_decision"": ""g4_g3_final_scientific_decision_summary.json"", ""expert_approved"": false, ""final_scientific_policy"": ""G4_G3_FINAL_SCIENTIFIC_POLICY_V1"", ""human_reviewed"": false, ""julich_probability_asset"": ""data/atlases/julich/v3.1/spatial_raw/probability_maps/"", ""julich_spatial_component_asset"": ""AREA_8V1_MFG_LEFT.nii.gz"", ""julich_spatial_component_id"": ""JULICH_BRAIN_CYTOARCHITECTONIC_ATLAS_V3_1_AREA_8V1_MFG"", ""mapping_method_field"": ""spatial_overlap"", ""owner_scientific_review_status"": ""OWNER_SCIENTIFIC_REVIEWED"", ""phase"": ""G4_G3_MAPPING_CANDIDATE_STAGING_V1"", ""production_review_status"": ""pending"", ""relation_artifact"": ""g4_g3_final_relation_decisions.csv"", ""scientific_method"": ""Julich probability x Brainnetome probability + TemplateFlow nonlinear transform + probability-weighted overlap + hard-label auxiliary containment + owner scientific review"", ""semantic_compatibility_status"": null, ""source_canonical_g4_id"": ""NGIQ-BR-00000506"", ""source_coverage_ratio"": 0.6431361386992407, ""target_canonical_g3_id"": ""NGIQ-BR-00000041"", ""target_coverage_ratio"": 0.1647685537805765, ""transform_provenance"": ""data/atlases/templateflow_ref (MNI152NLin2009cAsym_from-MNI152NLin6Asym)""}"
G4G3-STAGE-23D0B94DA3F90B71D82B,1354,NGIQ-BR-00000507,Area MFG4 (MFG) right,G4_MICROSTRUCTURAL_FINE,right,102,NGIQ-BR-00000034,"Right Middle frontal gyrus, Brainnetome 7_1",G3_MESO_FINE,right,dominant_overlap,spatial_overlap,0.559643,0.166103,,,False,proposed,pending,FALSE,FALSE,APPROVE_DOMINANT_OVERLAP,DOMINANT_CRITERIA_V1,,,"{""brainnetome_probability_asset"": ""data/atlases/brainnetome/bna246/volume_raw/BNA_PM_4D.nii.gz"", ""decision_artifact"": ""g4_g3_final_scientific_decisions.csv"", ""decision_reason_code"": ""DOMINANT_CRITERIA_V1"", ""evidence_2g_probability_overlap"": ""g4_g3_probability_overlap_summary.json"", ""evidence_2h_interpretation"": ""g4_g3_overlap_interpretation_profiles.csv"", ""evidence_2ia_policy"": ""g4_g3_scientific_decision_policy_v1.csv"", ""evidence_2ib_owner_revision"": ""g4_g3_owner_policy_revision_v1.csv"", ""evidence_2ic_final_decision"": ""g4_g3_final_scientific_decision_summary.json"", ""expert_approved"": false, ""final_scientific_policy"": ""G4_G3_FINAL_SCIENTIFIC_POLICY_V1"", ""human_reviewed"": false, ""julich_probability_asset"": ""data/atlases/julich/v3.1/spatial_raw/probability_maps/"", ""julich_spatial_component_asset"": ""AREA_MFG4_MFG_RIGHT.nii.gz"", ""julich_spatial_component_id"": ""JULICH_BRAIN_CYTOARCHITECTONIC_ATLAS_V3_1_AREA_MFG4_MFG"", ""mapping_method_field"": ""spatial_overlap"", ""owner_scientific_review_status"": ""OWNER_SCIENTIFIC_REVIEWED"", ""phase"": ""G4_G3_MAPPING_CANDIDATE_STAGING_V1"", ""production_review_status"": ""pending"", ""relation_artifact"": ""g4_g3_final_relation_decisions.csv"", ""scientific_method"": ""Julich probability x Brainnetome probability + TemplateFlow nonlinear transform + probability-weighted overlap + hard-label auxiliary containment + owner scientific review"", ""semantic_compatibility_status"": null, ""source_canonical_g4_id"": ""NGIQ-BR-00000507"", ""source_coverage_ratio"": 0.5596431799312406, ""target_canonical_g3_id"": ""NGIQ-BR-00000034"", ""target_coverage_ratio"": 0.1661030757326098, ""transform_provenance"": ""data/atlases/templateflow_ref (MNI152NLin2009cAsym_from-MNI152NLin6Asym)""}"
G4G3-STAGE-5F27D1762FF00442D540,1357,NGIQ-BR-00000508,Area MFG4 (MFG) left,G4_MICROSTRUCTURAL_FINE,left,99,NGIQ-BR-00000033,"Left Middle frontal gyrus, Brainnetome 7_1",G3_MESO_FINE,left,partial_overlap,spatial_overlap,0.450787,0.15972,,,False,proposed,pending,FALSE,FALSE,PARTIAL_OVERLAP,OWNER_CONFIRMED_PARTIAL,,,"{""brainnetome_probability_asset"": ""data/atlases/brainnetome/bna246/volume_raw/BNA_PM_4D.nii.gz"", ""decision_artifact"": ""g4_g3_final_scientific_decisions.csv"", ""decision_reason_code"": ""OWNER_CONFIRMED_PARTIAL"", ""evidence_2g_probability_overlap"": ""g4_g3_probability_overlap_summary.json"", ""evidence_2h_interpretation"": ""g4_g3_overlap_interpretation_profiles.csv"", ""evidence_2ia_policy"": ""g4_g3_scientific_decision_policy_v1.csv"", ""evidence_2ib_owner_revision"": ""g4_g3_owner_policy_revision_v1.csv"", ""evidence_2ic_final_decision"": ""g4_g3_final_scientific_decision_summary.json"", ""expert_approved"": false, ""final_scientific_policy"": ""G4_G3_FINAL_SCIENTIFIC_POLICY_V1"", ""human_reviewed"": false, ""julich_probability_asset"": ""data/atlases/julich/v3.1/spatial_raw/probability_maps/"", ""julich_spatial_component_asset"": ""AREA_MFG4_MFG_LEFT.nii.gz"", ""julich_spatial_component_id"": ""JULICH_BRAIN_CYTOARCHITECTONIC_ATLAS_V3_1_AREA_MFG4_MFG"", ""mapping_method_field"": ""spatial_overlap"", ""owner_scientific_review_status"": ""OWNER_SCIENTIFIC_REVIEWED"", ""phase"": ""G4_G3_MAPPING_CANDIDATE_STAGING_V1"", ""production_review_status"": ""pending"", ""relation_artifact"": ""g4_g3_final_relation_decisions.csv"", ""scientific_method"": ""Julich probability x Brainnetome probability + TemplateFlow nonlinear transform + probability-weighted overlap + hard-label auxiliary containment + owner scientific review"", ""semantic_compatibility_status"": null, ""source_canonical_g4_id"": ""NGIQ-BR-00000508"", ""source_coverage_ratio"": 0.4507874365708025, ""target_canonical_g3_id"": ""NGIQ-BR-00000033"", ""target_coverage_ratio"": 0.15971976770445734, ""transform_provenance"": ""data/atlases/templateflow_ref (MNI152NLin2009cAsym_from-MNI152NLin6Asym)""}"
G4G3-STAGE-BE3E4C00FF224A07CAEB,1357,NGIQ-BR-00000508,Area MFG4 (MFG) left,G4_MICROSTRUCTURAL_FINE,left,117,NGIQ-BR-00000039,"Left Middle frontal gyrus, Brainnetome 7_4",G3_MESO_FINE,left,partial_overlap,spatial_overlap,0.367338,0.120932,,,False,proposed,pending,FALSE,FALSE,PARTIAL_OVERLAP,OWNER_CONFIRMED_PARTIAL,,,"{""brainnetome_probability_asset"": ""data/atlases/brainnetome/bna246/volume_raw/BNA_PM_4D.nii.gz"", ""decision_artifact"": ""g4_g3_final_scientific_decisions.csv"", ""decision_reason_code"": ""OWNER_CONFIRMED_PARTIAL"", ""evidence_2g_probability_overlap"": ""g4_g3_probability_overlap_summary.json"", ""evidence_2h_interpretation"": ""g4_g3_overlap_interpretation_profiles.csv"", ""evidence_2ia_policy"": ""g4_g3_scientific_decision_policy_v1.csv"", ""evidence_2ib_owner_revision"": ""g4_g3_owner_policy_revision_v1.csv"", ""evidence_2ic_final_decision"": ""g4_g3_final_scientific_decision_summary.json"", ""expert_approved"": false, ""final_scientific_policy"": ""G4_G3_FINAL_SCIENTIFIC_POLICY_V1"", ""human_reviewed"": false, ""julich_probability_asset"": ""data/atlases/julich/v3.1/spatial_raw/probability_maps/"", ""julich_spatial_component_asset"": ""AREA_MFG4_MFG_LEFT.nii.gz"", ""julich_spatial_component_id"": ""JULICH_BRAIN_CYTOARCHITECTONIC_ATLAS_V3_1_AREA_MFG4_MFG"", ""mapping_method_field"": ""spatial_overlap"", ""owner_scientific_review_status"": ""OWNER_SCIENTIFIC_REVIEWED"", ""phase"": ""G4_G3_MAPPING_CANDIDATE_STAGING_V1"", ""production_review_status"": ""pending"", ""relation_artifact"": ""g4_g3_final_relation_decisions.csv"", ""scientific_method"": ""Julich probability x Brainnetome probability + TemplateFlow nonlinear transform + probability-weighted overlap + hard-label auxiliary containment + owner scientific review"", ""semantic_compatibility_status"": null, ""source_canonical_g4_id"": ""NGIQ-BR-00000508"", ""source_coverage_ratio"": 0.3673384074919605, ""target_canonical_g3_id"": ""NGIQ-BR-00000039"", ""target_coverage_ratio"": 0.12093248690237546, ""transform_provenance"": ""data/atlases/templateflow_ref (MNI152NLin2009cAsym_from-MNI152NLin6Asym)""}"
G4G3-STAGE-1FE7DADF45E96B79F4F6,1363,NGIQ-BR-00000510,Area MFG1 (MFG) left,G4_MICROSTRUCTURAL_FINE,left,111,NGIQ-BR-00000037,"Left Middle frontal gyrus, Brainnetome 7_3",G3_MESO_FINE,left,partial_overlap,spatial_overlap,0.33956,0.032933,,,False,proposed,pending,FALSE,FALSE,PARTIAL_OVERLAP,OWNER_CONFIRMED_PARTIAL,,,"{""brainnetome_probability_asset"": ""data/atlases/brainnetome/bna246/volume_raw/BNA_PM_4D.nii.gz"", ""decision_artifact"": ""g4_g3_final_scientific_decisions.csv"", ""decision_reason_code"": ""OWNER_CONFIRMED_PARTIAL"", ""evidence_2g_probability_overlap"": ""g4_g3_probability_overlap_summary.json"", ""evidence_2h_interpretation"": ""g4_g3_overlap_interpretation_profiles.csv"", ""evidence_2ia_policy"": ""g4_g3_scientific_decision_policy_v1.csv"", ""evidence_2ib_owner_revision"": ""g4_g3_owner_policy_revision_v1.csv"", ""evidence_2ic_final_decision"": ""g4_g3_final_scientific_decision_summary.json"", ""expert_approved"": false, ""final_scientific_policy"": ""G4_G3_FINAL_SCIENTIFIC_POLICY_V1"", ""human_reviewed"": false, ""julich_probability_asset"": ""data/atlases/julich/v3.1/spatial_raw/probability_maps/"", ""julich_spatial_component_asset"": ""AREA_MFG1_MFG_LEFT.nii.gz"", ""julich_spatial_component_id"": ""JULICH_BRAIN_CYTOARCHITECTONIC_ATLAS_V3_1_AREA_MFG1_MFG"", ""mapping_method_field"": ""spatial_overlap"", ""owner_scientific_review_status"": ""OWNER_SCIENTIFIC_REVIEWED"", ""phase"": ""G4_G3_MAPPING_CANDIDATE_STAGING_V1"", ""production_review_status"": ""pending"", ""relation_artifact"": ""g4_g3_final_relation_decisions.csv"", ""scientific_method"": ""Julich probability x Brainnetome probability + TemplateFlow nonlinear transform + probability-weighted overlap + hard-label auxiliary containment + owner scientific review"", ""semantic_compatibility_status"": null, ""source_canonical_g4_id"": ""NGIQ-BR-00000510"", ""source_coverage_ratio"": 0.33956024012034686, ""target_canonical_g3_id"": ""NGIQ-BR-00000037"", ""target_coverage_ratio"": 0.03293328191892633, ""transform_provenance"": ""data/atlases/templateflow_ref (MNI152NLin2009cAsym_from-MNI152NLin6Asym)""}"
G4G3-STAGE-1BFBF17C2F6ED3B3380A,1363,NGIQ-BR-00000510,Area MFG1 (MFG) left,G4_MICROSTRUCTURAL_FINE,left,99,NGIQ-BR-00000033,"Left Middle frontal gyrus, Brainnetome 7_1",G3_MESO_FINE,left,partial_overlap,spatial_overlap,0.324117,0.032539,,,False,proposed,pending,FALSE,FALSE,PARTIAL_OVERLAP,OWNER_CONFIRMED_PARTIAL,,,"{""brainnetome_probability_asset"": ""data/atlases/brainnetome/bna246/volume_raw/BNA_PM_4D.nii.gz"", ""decision_artifact"": ""g4_g3_final_scientific_decisions.csv"", ""decision_reason_code"": ""OWNER_CONFIRMED_PARTIAL"", ""evidence_2g_probability_overlap"": ""g4_g3_probability_overlap_summary.json"", ""evidence_2h_interpretation"": ""g4_g3_overlap_interpretation_profiles.csv"", ""evidence_2ia_policy"": ""g4_g3_scientific_decision_policy_v1.csv"", ""evidence_2ib_owner_revision"": ""g4_g3_owner_policy_revision_v1.csv"", ""evidence_2ic_final_decision"": ""g4_g3_final_scientific_decision_summary.json"", ""expert_approved"": false, ""final_scientific_policy"": ""G4_G3_FINAL_SCIENTIFIC_POLICY_V1"", ""human_reviewed"": false, ""julich_probability_asset"": ""data/atlases/julich/v3.1/spatial_raw/probability_maps/"", ""julich_spatial_component_asset"": ""AREA_MFG1_MFG_LEFT.nii.gz"", ""julich_spatial_component_id"": ""JULICH_BRAIN_CYTOARCHITECTONIC_ATLAS_V3_1_AREA_MFG1_MFG"", ""mapping_method_field"": ""spatial_overlap"", ""owner_scientific_review_status"": ""OWNER_SCIENTIFIC_REVIEWED"", ""phase"": ""G4_G3_MAPPING_CANDIDATE_STAGING_V1"", ""production_review_status"": ""pending"", ""relation_artifact"": ""g4_g3_final_relation_decisions.csv"", ""scientific_method"": ""Julich probability x Brainnetome probability + TemplateFlow nonlinear transform + probability-weighted overlap + hard-label auxiliary containment + owner scientific review"", ""semantic_compatibility_status"": null, ""source_canonical_g4_id"": ""NGIQ-BR-00000510"", ""source_coverage_ratio"": 0.3241170759409543, ""target_canonical_g3_id"": ""NGIQ-BR-00000033"", ""target_coverage_ratio"": 0.03253899242462795, ""transform_provenance"": ""data/atlases/templateflow_ref (MNI152NLin2009cAsym_from-MNI152NLin6Asym)""}"
G4G3-STAGE-C4D0B8C78F9240FF473E,1363,NGIQ-BR-00000510,Area MFG1 (MFG) left,G4_MICROSTRUCTURAL_FINE,left,117,NGIQ-BR-00000039,"Left Middle frontal gyrus, Brainnetome 7_4",G3_MESO_FINE,left,partial_overlap,spatial_overlap,0.310394,0.028112,,,False,proposed,pending,FALSE,FALSE,PARTIAL_OVERLAP,OWNER_CONFIRMED_PARTIAL,,,"{""brainnetome_probability_asset"": ""data/atlases/brainnetome/bna246/volume_raw/BNA_PM_4D.nii.gz"", ""decision_artifact"": ""g4_g3_final_scientific_decisions.csv"", ""decision_reason_code"": ""OWNER_CONFIRMED_PARTIAL"", ""evidence_2g_probability_overlap"": ""g4_g3_probability_overlap_summary.json"", ""evidence_2h_interpretation"": ""g4_g3_overlap_interpretation_profiles.csv"", ""evidence_2ia_policy"": ""g4_g3_scientific_decision_policy_v1.csv"", ""evidence_2ib_owner_revision"": ""g4_g3_owner_policy_revision_v1.csv"", ""evidence_2ic_final_decision"": ""g4_g3_final_scientific_decision_summary.json"", ""expert_approved"": false, ""final_scientific_policy"": ""G4_G3_FINAL_SCIENTIFIC_POLICY_V1"", ""human_reviewed"": false, ""julich_probability_asset"": ""data/atlases/julich/v3.1/spatial_raw/probability_maps/"", ""julich_spatial_component_asset"": ""AREA_MFG1_MFG_LEFT.nii.gz"", ""julich_spatial_component_id"": ""JULICH_BRAIN_CYTOARCHITECTONIC_ATLAS_V3_1_AREA_MFG1_MFG"", ""mapping_method_field"": ""spatial_overlap"", ""owner_scientific_review_status"": ""OWNER_SCIENTIFIC_REVIEWED"", ""phase"": ""G4_G3_MAPPING_CANDIDATE_STAGING_V1"", ""production_review_status"": ""pending"", ""relation_artifact"": ""g4_g3_final_relation_decisions.csv"", ""scientific_method"": ""Julich probability x Brainnetome probability + TemplateFlow nonlinear transform + probability-weighted overlap + hard-label auxiliary containment + owner scientific review"", ""semantic_compatibility_status"": null, ""source_canonical_g4_id"": ""NGIQ-BR-00000510"", ""source_coverage_ratio"": 0.3103944864724768, ""target_canonical_g3_id"": ""NGIQ-BR-00000039"", ""target_coverage_ratio"": 0.028111548403982757, ""transform_provenance"": ""data/atlases/templateflow_ref (MNI152NLin2009cAsym_from-MNI152NLin6Asym)""}"
G4G3-STAGE-04FC0709FAE4B21436A5,1366,NGIQ-BR-00000511,Area SFS2 (SFS) right,G4_MICROSTRUCTURAL_FINE,right,114,NGIQ-BR-00000038,"Right Middle frontal gyrus, Brainnetome 7_3",G3_MESO_FINE,right,dominant_overlap,spatial_overlap,0.796986,0.06567,,,False,proposed,pending,FALSE,FALSE,APPROVE_DOMINANT_OVERLAP,DOMINANT_CRITERIA_V1,,,"{""brainnetome_probability_asset"": ""data/atlases/brainnetome/bna246/volume_raw/BNA_PM_4D.nii.gz"", ""decision_artifact"": ""g4_g3_final_scientific_decisions.csv"", ""decision_reason_code"": ""DOMINANT_CRITERIA_V1"", ""evidence_2g_probability_overlap"": ""g4_g3_probability_overlap_summary.json"", ""evidence_2h_interpretation"": ""g4_g3_overlap_interpretation_profiles.csv"", ""evidence_2ia_policy"": ""g4_g3_scientific_decision_policy_v1.csv"", ""evidence_2ib_owner_revision"": ""g4_g3_owner_policy_revision_v1.csv"", ""evidence_2ic_final_decision"": ""g4_g3_final_scientific_decision_summary.json"", ""expert_approved"": false, ""final_scientific_policy"": ""G4_G3_FINAL_SCIENTIFIC_POLICY_V1"", ""human_reviewed"": false, ""julich_probability_asset"": ""data/atlases/julich/v3.1/spatial_raw/probability_maps/"", ""julich_spatial_component_asset"": ""AREA_SFS2_SFS_RIGHT.nii.gz"", ""julich_spatial_component_id"": ""JULICH_BRAIN_CYTOARCHITECTONIC_ATLAS_V3_1_AREA_SFS2_SFS"", ""mapping_method_field"": ""spatial_overlap"", ""owner_scientific_review_status"": ""OWNER_SCIENTIFIC_REVIEWED"", ""phase"": ""G4_G3_MAPPING_CANDIDATE_STAGING_V1"", ""production_review_status"": ""pending"", ""relation_artifact"": ""g4_g3_final_relation_decisions.csv"", ""scientific_method"": ""Julich probability x Brainnetome probability + TemplateFlow nonlinear transform + probability-weighted overlap + hard-label auxiliary containment + owner scientific review"", ""semantic_compatibility_status"": null, ""source_canonical_g4_id"": ""NGIQ-BR-00000511"", ""source_coverage_ratio"": 0.7969857366897376, ""target_canonical_g3_id"": ""NGIQ-BR-00000038"", ""target_coverage_ratio"": 0.06567029736625216, ""transform_provenance"": ""data/atlases/templateflow_ref (MNI152NLin2009cAsym_from-MNI152NLin6Asym)""}"
G4G3-STAGE-CB7200425052547D4643,1369,NGIQ-BR-00000512,Area SFS2 (SFS) left,G4_MICROSTRUCTURAL_FINE,left,99,NGIQ-BR-00000033,"Left Middle frontal gyrus, Brainnetome 7_1",G3_MESO_FINE,left,contained_in,spatial_overlap,0.909205,0.04062,,,True,proposed,pending,FALSE,FALSE,APPROVE_CONTAINED_IN,OWNER_CONFIRMED_CONTAINED,NESTED_COMPATIBLE_FAMILY,,"{""brainnetome_probability_asset"": ""data/atlases/brainnetome/bna246/volume_raw/BNA_PM_4D.nii.gz"", ""decision_artifact"": ""g4_g3_final_scientific_decisions.csv"", ""decision_reason_code"": ""OWNER_CONFIRMED_CONTAINED"", ""evidence_2g_probability_overlap"": ""g4_g3_probability_overlap_summary.json"", ""evidence_2h_interpretation"": ""g4_g3_overlap_interpretation_profiles.csv"", ""evidence_2ia_policy"": ""g4_g3_scientific_decision_policy_v1.csv"", ""evidence_2ib_owner_revision"": ""g4_g3_owner_policy_revision_v1.csv"", ""evidence_2ic_final_decision"": ""g4_g3_final_scientific_decision_summary.json"", ""expert_approved"": false, ""final_scientific_policy"": ""G4_G3_FINAL_SCIENTIFIC_POLICY_V1"", ""human_reviewed"": false, ""julich_probability_asset"": ""data/atlases/julich/v3.1/spatial_raw/probability_maps/"", ""julich_spatial_component_asset"": ""AREA_SFS2_SFS_LEFT.nii.gz"", ""julich_spatial_component_id"": ""JULICH_BRAIN_CYTOARCHITECTONIC_ATLAS_V3_1_AREA_SFS2_SFS"", ""mapping_method_field"": ""spatial_overlap"", ""owner_scientific_review_status"": ""OWNER_SCIENTIFIC_REVIEWED"", ""phase"": ""G4_G3_MAPPING_CANDIDATE_STAGING_V1"", ""production_review_status"": ""pending"", ""relation_artifact"": ""g4_g3_final_relation_decisions.csv"", ""scientific_method"": ""Julich probability x Brainnetome probability + TemplateFlow nonlinear transform + probability-weighted overlap + hard-label auxiliary containment + owner scientific review"", ""semantic_compatibility_status"": ""NESTED_COMPATIBLE_FAMILY"", ""source_canonical_g4_id"": ""NGIQ-BR-00000512"", ""source_coverage_ratio"": 0.9092053128061405, ""target_canonical_g3_id"": ""NGIQ-BR-00000033"", ""target_coverage_ratio"": 0.040619945107650504, ""transform_provenance"": ""data/atlases/templateflow_ref (MNI152NLin2009cAsym_from-MNI152NLin6Asym)""}"
G4G3-STAGE-EBEACA6E611869BAD63F,1372,NGIQ-BR-00000513,Area 6d3 (SFS) right,G4_MICROSTRUCTURAL_FINE,right,132,NGIQ-BR-00000044,"Right Middle frontal gyrus, Brainnetome 7_6",G3_MESO_FINE,right,partial_overlap,spatial_overlap,0.345407,0.105778,,,False,proposed,pending,FALSE,FALSE,PARTIAL_OVERLAP,OWNER_CONFIRMED_PARTIAL_SET_CONCORDANT,,,"{""brainnetome_probability_asset"": ""data/atlases/brainnetome/bna246/volume_raw/BNA_PM_4D.nii.gz"", ""decision_artifact"": ""g4_g3_final_scientific_decisions.csv"", ""decision_reason_code"": ""OWNER_CONFIRMED_PARTIAL_SET_CONCORDANT"", ""evidence_2g_probability_overlap"": ""g4_g3_probability_overlap_summary.json"", ""evidence_2h_interpretation"": ""g4_g3_overlap_interpretation_profiles.csv"", ""evidence_2ia_policy"": ""g4_g3_scientific_decision_policy_v1.csv"", ""evidence_2ib_owner_revision"": ""g4_g3_owner_policy_revision_v1.csv"", ""evidence_2ic_final_decision"": ""g4_g3_final_scientific_decision_summary.json"", ""expert_approved"": false, ""final_scientific_policy"": ""G4_G3_FINAL_SCIENTIFIC_POLICY_V1"", ""human_reviewed"": false, ""julich_probability_asset"": ""data/atlases/julich/v3.1/spatial_raw/probability_maps/"", ""julich_spatial_component_asset"": ""AREA_6D3_SFS_RIGHT.nii.gz"", ""julich_spatial_component_id"": ""JULICH_BRAIN_CYTOARCHITECTONIC_ATLAS_V3_1_AREA_6D3_SFS"", ""mapping_method_field"": ""spatial_overlap"", ""owner_scientific_review_status"": ""OWNER_SCIENTIFIC_REVIEWED"", ""phase"": ""G4_G3_MAPPING_CANDIDATE_STAGING_V1"", ""production_review_status"": ""pending"", ""relation_artifact"": ""g4_g3_final_relation_decisions.csv"", ""scientific_method"": ""Julich probability x Brainnetome probability + TemplateFlow nonlinear transform + probability-weighted overlap + hard-label auxiliary containment + owner scientific review"", ""semantic_compatibility_status"": null, ""source_canonical_g4_id"": ""NGIQ-BR-00000513"", ""source_coverage_ratio"": 0.3454071592494577, ""target_canonical_g3_id"": ""NGIQ-BR-00000044"", ""target_coverage_ratio"": 0.10577751539747113, ""transform_provenance"": ""data/atlases/templateflow_ref (MNI152NLin2009cAsym_from-MNI152NLin6Asym)""}"
G4G3-STAGE-C6B65AD484D5967EB816,1372,NGIQ-BR-00000513,Area 6d3 (SFS) right,G4_MICROSTRUCTURAL_FINE,right,78,NGIQ-BR-00000026,"Right Superior frontal gyrus, Brainnetome 7_4",G3_MESO_FINE,right,partial_overlap,spatial_overlap,0.281787,0.108517,,,False,proposed,pending,FALSE,FALSE,PARTIAL_OVERLAP,OWNER_CONFIRMED_PARTIAL_SET_CONCORDANT,,,"{""brainnetome_probability_asset"": ""data/atlases/brainnetome/bna246/volume_raw/BNA_PM_4D.nii.gz"", ""decision_artifact"": ""g4_g3_final_scientific_decisions.csv"", ""decision_reason_code"": ""OWNER_CONFIRMED_PARTIAL_SET_CONCORDANT"", ""evidence_2g_probability_overlap"": ""g4_g3_probability_overlap_summary.json"", ""evidence_2h_interpretation"": ""g4_g3_overlap_interpretation_profiles.csv"", ""evidence_2ia_policy"": ""g4_g3_scientific_decision_policy_v1.csv"", ""evidence_2ib_owner_revision"": ""g4_g3_owner_policy_revision_v1.csv"", ""evidence_2ic_final_decision"": ""g4_g3_final_scientific_decision_summary.json"", ""expert_approved"": false, ""final_scientific_policy"": ""G4_G3_FINAL_SCIENTIFIC_POLICY_V1"", ""human_reviewed"": false, ""julich_probability_asset"": ""data/atlases/julich/v3.1/spatial_raw/probability_maps/"", ""julich_spatial_component_asset"": ""AREA_6D3_SFS_RIGHT.nii.gz"", ""julich_spatial_component_id"": ""JULICH_BRAIN_CYTOARCHITECTONIC_ATLAS_V3_1_AREA_6D3_SFS"", ""mapping_method_field"": ""spatial_overlap"", ""owner_scientific_review_status"": ""OWNER_SCIENTIFIC_REVIEWED"", ""phase"": ""G4_G3_MAPPING_CANDIDATE_STAGING_V1"", ""production_review_status"": ""pending"", ""relation_artifact"": ""g4_g3_final_relation_decisions.csv"", ""scientific_method"": ""Julich probability x Brainnetome probability + TemplateFlow nonlinear transform + probability-weighted overlap + hard-label auxiliary containment + owner scientific review"", ""semantic_compatibility_status"": null, ""source_canonical_g4_id"": ""NGIQ-BR-00000513"", ""source_coverage_ratio"": 0.28178681788314586, ""target_canonical_g3_id"": ""NGIQ-BR-00000026"", ""target_coverage_ratio"": 0.10851689532869077, ""transform_provenance"": ""data/atlases/templateflow_ref (MNI152NLin2009cAsym_from-MNI152NLin6Asym)""}"
G4G3-STAGE-E80790B8642AE2B82F67,1372,NGIQ-BR-00000513,Area 6d3 (SFS) right,G4_MICROSTRUCTURAL_FINE,right,216,NGIQ-BR-00000072,"Right Precentral gyrus, Brainnetome 6_2",G3_MESO_FINE,right,partial_overlap,spatial_overlap,0.17844,0.034388,,,False,proposed,pending,FALSE,FALSE,PARTIAL_OVERLAP,OWNER_CONFIRMED_PARTIAL_SET_CONCORDANT,,,"{""brainnetome_probability_asset"": ""data/atlases/brainnetome/bna246/volume_raw/BNA_PM_4D.nii.gz"", ""decision_artifact"": ""g4_g3_final_scientific_decisions.csv"", ""decision_reason_code"": ""OWNER_CONFIRMED_PARTIAL_SET_CONCORDANT"", ""evidence_2g_probability_overlap"": ""g4_g3_probability_overlap_summary.json"", ""evidence_2h_interpretation"": ""g4_g3_overlap_interpretation_profiles.csv"", ""evidence_2ia_policy"": ""g4_g3_scientific_decision_policy_v1.csv"", ""evidence_2ib_owner_revision"": ""g4_g3_owner_policy_revision_v1.csv"", ""evidence_2ic_final_decision"": ""g4_g3_final_scientific_decision_summary.json"", ""expert_approved"": false, ""final_scientific_policy"": ""G4_G3_FINAL_SCIENTIFIC_POLICY_V1"", ""human_reviewed"": false, ""julich_probability_asset"": ""data/atlases/julich/v3.1/spatial_raw/probability_maps/"", ""julich_spatial_component_asset"": ""AREA_6D3_SFS_RIGHT.nii.gz"", ""julich_spatial_component_id"": ""JULICH_BRAIN_CYTOARCHITECTONIC_ATLAS_V3_1_AREA_6D3_SFS"", ""mapping_method_field"": ""spatial_overlap"", ""owner_scientific_review_status"": ""OWNER_SCIENTIFIC_REVIEWED"", ""phase"": ""G4_G3_MAPPING_CANDIDATE_STAGING_V1"", ""production_review_status"": ""pending"", ""relation_artifact"": ""g4_g3_final_relation_decisions.csv"", ""scientific_method"": ""Julich probability x Brainnetome probability + TemplateFlow nonlinear transform + probability-weighted overlap + hard-label auxiliary containment + owner scientific review"", ""semantic_compatibility_status"": null, ""source_canonical_g4_id"": ""NGIQ-BR-00000513"", ""source_coverage_ratio"": 0.17844010338618027, ""target_canonical_g3_id"": ""NGIQ-BR-00000072"", ""target_coverage_ratio"": 0.03438800342488224, ""transform_provenance"": ""data/atlases/templateflow_ref (MNI152NLin2009cAsym_from-MNI152NLin6Asym)""}"
G4G3-STAGE-4A060774C96214C88F66,1378,NGIQ-BR-00000515,Area SFS1 (SFS) right,G4_MICROSTRUCTURAL_FINE,right,114,NGIQ-BR-00000038,"Right Middle frontal gyrus, Brainnetome 7_3",G3_MESO_FINE,right,contained_in,spatial_overlap,0.822184,0.070734,,,True,proposed,pending,FALSE,FALSE,APPROVE_CONTAINED_IN,OWNER_CONFIRMED_CONTAINED,NESTED_COMPATIBLE_FAMILY,,"{""brainnetome_probability_asset"": ""data/atlases/brainnetome/bna246/volume_raw/BNA_PM_4D.nii.gz"", ""decision_artifact"": ""g4_g3_final_scientific_decisions.csv"", ""decision_reason_code"": ""OWNER_CONFIRMED_CONTAINED"", ""evidence_2g_probability_overlap"": ""g4_g3_probability_overlap_summary.json"", ""evidence_2h_interpretation"": ""g4_g3_overlap_interpretation_profiles.csv"", ""evidence_2ia_policy"": ""g4_g3_scientific_decision_policy_v1.csv"", ""evidence_2ib_owner_revision"": ""g4_g3_owner_policy_revision_v1.csv"", ""evidence_2ic_final_decision"": ""g4_g3_final_scientific_decision_summary.json"", ""expert_approved"": false, ""final_scientific_policy"": ""G4_G3_FINAL_SCIENTIFIC_POLICY_V1"", ""human_reviewed"": false, ""julich_probability_asset"": ""data/atlases/julich/v3.1/spatial_raw/probability_maps/"", ""julich_spatial_component_asset"": ""AREA_SFS1_SFS_RIGHT.nii.gz"", ""julich_spatial_component_id"": ""JULICH_BRAIN_CYTOARCHITECTONIC_ATLAS_V3_1_AREA_SFS1_SFS"", ""mapping_method_field"": ""spatial_overlap"", ""owner_scientific_review_status"": ""OWNER_SCIENTIFIC_REVIEWED"", ""phase"": ""G4_G3_MAPPING_CANDIDATE_STAGING_V1"", ""production_review_status"": ""pending"", ""relation_artifact"": ""g4_g3_final_relation_decisions.csv"", ""scientific_method"": ""Julich probability x Brainnetome probability + TemplateFlow nonlinear transform + probability-weighted overlap + hard-label auxiliary containment + owner scientific review"", ""semantic_compatibility_status"": ""NESTED_COMPATIBLE_FAMILY"", ""source_canonical_g4_id"": ""NGIQ-BR-00000515"", ""source_coverage_ratio"": 0.822183570679464, ""target_canonical_g3_id"": ""NGIQ-BR-00000038"", ""target_coverage_ratio"": 0.07073398614707958, ""transform_provenance"": ""data/atlases/templateflow_ref (MNI152NLin2009cAsym_from-MNI152NLin6Asym)""}"
G4G3-STAGE-C876E7C14F0B2F731079,1381,NGIQ-BR-00000516,Area SFS1 (SFS) left,G4_MICROSTRUCTURAL_FINE,left,99,NGIQ-BR-00000033,"Left Middle frontal gyrus, Brainnetome 7_1",G3_MESO_FINE,left,partial_overlap,spatial_overlap,0.639058,0.03573,,,False,proposed,pending,FALSE,FALSE,PARTIAL_OVERLAP,OWNER_CONFIRMED_PARTIAL,,,"{""brainnetome_probability_asset"": ""data/atlases/brainnetome/bna246/volume_raw/BNA_PM_4D.nii.gz"", ""decision_artifact"": ""g4_g3_final_scientific_decisions.csv"", ""decision_reason_code"": ""OWNER_CONFIRMED_PARTIAL"", ""evidence_2g_probability_overlap"": ""g4_g3_probability_overlap_summary.json"", ""evidence_2h_interpretation"": ""g4_g3_overlap_interpretation_profiles.csv"", ""evidence_2ia_policy"": ""g4_g3_scientific_decision_policy_v1.csv"", ""evidence_2ib_owner_revision"": ""g4_g3_owner_policy_revision_v1.csv"", ""evidence_2ic_final_decision"": ""g4_g3_final_scientific_decision_summary.json"", ""expert_approved"": false, ""final_scientific_policy"": ""G4_G3_FINAL_SCIENTIFIC_POLICY_V1"", ""human_reviewed"": false, ""julich_probability_asset"": ""data/atlases/julich/v3.1/spatial_raw/probability_maps/"", ""julich_spatial_component_asset"": ""AREA_SFS1_SFS_LEFT.nii.gz"", ""julich_spatial_component_id"": ""JULICH_BRAIN_CYTOARCHITECTONIC_ATLAS_V3_1_AREA_SFS1_SFS"", ""mapping_method_field"": ""spatial_overlap"", ""owner_scientific_review_status"": ""OWNER_SCIENTIFIC_REVIEWED"", ""phase"": ""G4_G3_MAPPING_CANDIDATE_STAGING_V1"", ""production_review_status"": ""pending"", ""relation_artifact"": ""g4_g3_final_relation_decisions.csv"", ""scientific_method"": ""Julich probability x Brainnetome probability + TemplateFlow nonlinear transform + probability-weighted overlap + hard-label auxiliary containment + owner scientific review"", ""semantic_compatibility_status"": null, ""source_canonical_g4_id"": ""NGIQ-BR-00000516"", ""source_coverage_ratio"": 0.6390578986079716, ""target_canonical_g3_id"": ""NGIQ-BR-00000033"", ""target_coverage_ratio"": 0.035729539184581716, ""transform_provenance"": ""data/atlases/templateflow_ref (MNI152NLin2009cAsym_from-MNI152NLin6Asym)""}"
G4G3-STAGE-CD36F8D9D5C49728C24B,1381,NGIQ-BR-00000516,Area SFS1 (SFS) left,G4_MICROSTRUCTURAL_FINE,left,111,NGIQ-BR-00000037,"Left Middle frontal gyrus, Brainnetome 7_3",G3_MESO_FINE,left,partial_overlap,spatial_overlap,0.322842,0.0272,,,False,proposed,pending,FALSE,FALSE,PARTIAL_OVERLAP,OWNER_CONFIRMED_PARTIAL,,,"{""brainnetome_probability_asset"": ""data/atlases/brainnetome/bna246/volume_raw/BNA_PM_4D.nii.gz"", ""decision_artifact"": ""g4_g3_final_scientific_decisions.csv"", ""decision_reason_code"": ""OWNER_CONFIRMED_PARTIAL"", ""evidence_2g_probability_overlap"": ""g4_g3_probability_overlap_summary.json"", ""evidence_2h_interpretation"": ""g4_g3_overlap_interpretation_profiles.csv"", ""evidence_2ia_policy"": ""g4_g3_scientific_decision_policy_v1.csv"", ""evidence_2ib_owner_revision"": ""g4_g3_owner_policy_revision_v1.csv"", ""evidence_2ic_final_decision"": ""g4_g3_final_scientific_decision_summary.json"", ""expert_approved"": false, ""final_scientific_policy"": ""G4_G3_FINAL_SCIENTIFIC_POLICY_V1"", ""human_reviewed"": false, ""julich_probability_asset"": ""data/atlases/julich/v3.1/spatial_raw/probability_maps/"", ""julich_spatial_component_asset"": ""AREA_SFS1_SFS_LEFT.nii.gz"", ""julich_spatial_component_id"": ""JULICH_BRAIN_CYTOARCHITECTONIC_ATLAS_V3_1_AREA_SFS1_SFS"", ""mapping_method_field"": ""spatial_overlap"", ""owner_scientific_review_status"": ""OWNER_SCIENTIFIC_REVIEWED"", ""phase"": ""G4_G3_MAPPING_CANDIDATE_STAGING_V1"", ""production_review_status"": ""pending"", ""relation_artifact"": ""g4_g3_final_relation_decisions.csv"", ""scientific_method"": ""Julich probability x Brainnetome probability + TemplateFlow nonlinear transform + probability-weighted overlap + hard-label auxiliary containment + owner scientific review"", ""semantic_compatibility_status"": null, ""source_canonical_g4_id"": ""NGIQ-BR-00000516"", ""source_coverage_ratio"": 0.3228422014495219, ""target_canonical_g3_id"": ""NGIQ-BR-00000037"", ""target_coverage_ratio"": 0.027200030415243062, ""transform_provenance"": ""data/atlases/templateflow_ref (MNI152NLin2009cAsym_from-MNI152NLin6Asym)""}"
G4G3-STAGE-FD3A13AA65F5785BB999,1384,NGIQ-BR-00000517,Area SFG3 (SFG) right,G4_MICROSTRUCTURAL_FINE,right,114,NGIQ-BR-00000038,"Right Middle frontal gyrus, Brainnetome 7_3",G3_MESO_FINE,right,partial_overlap,spatial_overlap,0.496884,0.072808,,,False,proposed,pending,FALSE,FALSE,PARTIAL_OVERLAP,OWNER_CONFIRMED_PARTIAL,,,"{""brainnetome_probability_asset"": ""data/atlases/brainnetome/bna246/volume_raw/BNA_PM_4D.nii.gz"", ""decision_artifact"": ""g4_g3_final_scientific_decisions.csv"", ""decision_reason_code"": ""OWNER_CONFIRMED_PARTIAL"", ""evidence_2g_probability_overlap"": ""g4_g3_probability_overlap_summary.json"", ""evidence_2h_interpretation"": ""g4_g3_overlap_interpretation_profiles.csv"", ""evidence_2ia_policy"": ""g4_g3_scientific_decision_policy_v1.csv"", ""evidence_2ib_owner_revision"": ""g4_g3_owner_policy_revision_v1.csv"", ""evidence_2ic_final_decision"": ""g4_g3_final_scientific_decision_summary.json"", ""expert_approved"": false, ""final_scientific_policy"": ""G4_G3_FINAL_SCIENTIFIC_POLICY_V1"", ""human_reviewed"": false, ""julich_probability_asset"": ""data/atlases/julich/v3.1/spatial_raw/probability_maps/"", ""julich_spatial_component_asset"": ""AREA_SFG3_SFG_RIGHT.nii.gz"", ""julich_spatial_component_id"": ""JULICH_BRAIN_CYTOARCHITECTONIC_ATLAS_V3_1_AREA_SFG3_SFG"", ""mapping_method_field"": ""spatial_overlap"", ""owner_scientific_review_status"": ""OWNER_SCIENTIFIC_REVIEWED"", ""phase"": ""G4_G3_MAPPING_CANDIDATE_STAGING_V1"", ""production_review_status"": ""pending"", ""relation_artifact"": ""g4_g3_final_relation_decisions.csv"", ""scientific_method"": ""Julich probability x Brainnetome probability + TemplateFlow nonlinear transform + probability-weighted overlap + hard-label auxiliary containment + owner scientific review"", ""semantic_compatibility_status"": null, ""source_canonical_g4_id"": ""NGIQ-BR-00000517"", ""source_coverage_ratio"": 0.49688401352254075, ""target_canonical_g3_id"": ""NGIQ-BR-00000038"", ""target_coverage_ratio"": 0.07280796030542858, ""transform_provenance"": ""data/atlases/templateflow_ref (MNI152NLin2009cAsym_from-MNI152NLin6Asym)""}"
G4G3-STAGE-4B521E9A20B9AFB6BB5D,1384,NGIQ-BR-00000517,Area SFG3 (SFG) right,G4_MICROSTRUCTURAL_FINE,right,72,NGIQ-BR-00000024,"Right Superior frontal gyrus, Brainnetome 7_3",G3_MESO_FINE,right,partial_overlap,spatial_overlap,0.249763,0.043515,,,False,proposed,pending,FALSE,FALSE,PARTIAL_OVERLAP,OWNER_CONFIRMED_PARTIAL,,,"{""brainnetome_probability_asset"": ""data/atlases/brainnetome/bna246/volume_raw/BNA_PM_4D.nii.gz"", ""decision_artifact"": ""g4_g3_final_scientific_decisions.csv"", ""decision_reason_code"": ""OWNER_CONFIRMED_PARTIAL"", ""evidence_2g_probability_overlap"": ""g4_g3_probability_overlap_summary.json"", ""evidence_2h_interpretation"": ""g4_g3_overlap_interpretation_profiles.csv"", ""evidence_2ia_policy"": ""g4_g3_scientific_decision_policy_v1.csv"", ""evidence_2ib_owner_revision"": ""g4_g3_owner_policy_revision_v1.csv"", ""evidence_2ic_final_decision"": ""g4_g3_final_scientific_decision_summary.json"", ""expert_approved"": false, ""final_scientific_policy"": ""G4_G3_FINAL_SCIENTIFIC_POLICY_V1"", ""human_reviewed"": false, ""julich_probability_asset"": ""data/atlases/julich/v3.1/spatial_raw/probability_maps/"", ""julich_spatial_component_asset"": ""AREA_SFG3_SFG_RIGHT.nii.gz"", ""julich_spatial_component_id"": ""JULICH_BRAIN_CYTOARCHITECTONIC_ATLAS_V3_1_AREA_SFG3_SFG"", ""mapping_method_field"": ""spatial_overlap"", ""owner_scientific_review_status"": ""OWNER_SCIENTIFIC_REVIEWED"", ""phase"": ""G4_G3_MAPPING_CANDIDATE_STAGING_V1"", ""production_review_status"": ""pending"", ""relation_artifact"": ""g4_g3_final_relation_decisions.csv"", ""scientific_method"": ""Julich probability x Brainnetome probability + TemplateFlow nonlinear transform + probability-weighted overlap + hard-label auxiliary containment + owner scientific review"", ""semantic_compatibility_status"": null, ""source_canonical_g4_id"": ""NGIQ-BR-00000517"", ""source_coverage_ratio"": 0.2497631291153937, ""target_canonical_g3_id"": ""NGIQ-BR-00000024"", ""target_coverage_ratio"": 0.04351506822402248, ""transform_provenance"": ""data/atlases/templateflow_ref (MNI152NLin2009cAsym_from-MNI152NLin6Asym)""}"
G4G3-STAGE-BEE4CBADA36636AE4B54,1387,NGIQ-BR-00000518,Area SFG3 (SFG) left,G4_MICROSTRUCTURAL_FINE,left,99,NGIQ-BR-00000033,"Left Middle frontal gyrus, Brainnetome 7_1",G3_MESO_FINE,left,partial_overlap,spatial_overlap,0.277556,0.077651,,,False,proposed,pending,FALSE,FALSE,PARTIAL_OVERLAP,OWNER_CONFIRMED_PARTIAL_SET_CONCORDANT,,,"{""brainnetome_probability_asset"": ""data/atlases/brainnetome/bna246/volume_raw/BNA_PM_4D.nii.gz"", ""decision_artifact"": ""g4_g3_final_scientific_decisions.csv"", ""decision_reason_code"": ""OWNER_CONFIRMED_PARTIAL_SET_CONCORDANT"", ""evidence_2g_probability_overlap"": ""g4_g3_probability_overlap_summary.json"", ""evidence_2h_interpretation"": ""g4_g3_overlap_interpretation_profiles.csv"", ""evidence_2ia_policy"": ""g4_g3_scientific_decision_policy_v1.csv"", ""evidence_2ib_owner_revision"": ""g4_g3_owner_policy_revision_v1.csv"", ""evidence_2ic_final_decision"": ""g4_g3_final_scientific_decision_summary.json"", ""expert_approved"": false, ""final_scientific_policy"": ""G4_G3_FINAL_SCIENTIFIC_POLICY_V1"", ""human_reviewed"": false, ""julich_probability_asset"": ""data/atlases/julich/v3.1/spatial_raw/probability_maps/"", ""julich_spatial_component_asset"": ""AREA_SFG3_SFG_LEFT.nii.gz"", ""julich_spatial_component_id"": ""JULICH_BRAIN_CYTOARCHITECTONIC_ATLAS_V3_1_AREA_SFG3_SFG"", ""mapping_method_field"": ""spatial_overlap"", ""owner_scientific_review_status"": ""OWNER_SCIENTIFIC_REVIEWED"", ""phase"": ""G4_G3_MAPPING_CANDIDATE_STAGING_V1"", ""production_review_status"": ""pending"", ""relation_artifact"": ""g4_g3_final_relation_decisions.csv"", ""scientific_method"": ""Julich probability x Brainnetome probability + TemplateFlow nonlinear transform + probability-weighted overlap + hard-label auxiliary containment + owner scientific review"", ""semantic_compatibility_status"": null, ""source_canonical_g4_id"": ""NGIQ-BR-00000518"", ""source_coverage_ratio"": 0.2775556109248888, ""target_canonical_g3_id"": ""NGIQ-BR-00000033"", ""target_coverage_ratio"": 0.07765077389510669, ""transform_provenance"": ""data/atlases/templateflow_ref (MNI152NLin2009cAsym_from-MNI152NLin6Asym)""}"
G4G3-STAGE-A74DC201F0C719F57C58,1387,NGIQ-BR-00000518,Area SFG3 (SFG) left,G4_MICROSTRUCTURAL_FINE,left,111,NGIQ-BR-00000037,"Left Middle frontal gyrus, Brainnetome 7_3",G3_MESO_FINE,left,partial_overlap,spatial_overlap,0.274477,0.077702,,,False,proposed,pending,FALSE,FALSE,PARTIAL_OVERLAP,OWNER_CONFIRMED_PARTIAL_SET_CONCORDANT,,,"{""brainnetome_probability_asset"": ""data/atlases/brainnetome/bna246/volume_raw/BNA_PM_4D.nii.gz"", ""decision_artifact"": ""g4_g3_final_scientific_decisions.csv"", ""decision_reason_code"": ""OWNER_CONFIRMED_PARTIAL_SET_CONCORDANT"", ""evidence_2g_probability_overlap"": ""g4_g3_probability_overlap_summary.json"", ""evidence_2h_interpretation"": ""g4_g3_overlap_interpretation_profiles.csv"", ""evidence_2ia_policy"": ""g4_g3_scientific_decision_policy_v1.csv"", ""evidence_2ib_owner_revision"": ""g4_g3_owner_policy_revision_v1.csv"", ""evidence_2ic_final_decision"": ""g4_g3_final_scientific_decision_summary.json"", ""expert_approved"": false, ""final_scientific_policy"": ""G4_G3_FINAL_SCIENTIFIC_POLICY_V1"", ""human_reviewed"": false, ""julich_probability_asset"": ""data/atlases/julich/v3.1/spatial_raw/probability_maps/"", ""julich_spatial_component_asset"": ""AREA_SFG3_SFG_LEFT.nii.gz"", ""julich_spatial_component_id"": ""JULICH_BRAIN_CYTOARCHITECTONIC_ATLAS_V3_1_AREA_SFG3_SFG"", ""mapping_method_field"": ""spatial_overlap"", ""owner_scientific_review_status"": ""OWNER_SCIENTIFIC_REVIEWED"", ""phase"": ""G4_G3_MAPPING_CANDIDATE_STAGING_V1"", ""production_review_status"": ""pending"", ""relation_artifact"": ""g4_g3_final_relation_decisions.csv"", ""scientific_method"": ""Julich probability x Brainnetome probability + TemplateFlow nonlinear transform + probability-weighted overlap + hard-label auxiliary containment + owner scientific review"", ""semantic_compatibility_status"": null, ""source_canonical_g4_id"": ""NGIQ-BR-00000518"", ""source_coverage_ratio"": 0.27447656231259654, ""target_canonical_g3_id"": ""NGIQ-BR-00000037"", ""target_coverage_ratio"": 0.0777021913789056, ""transform_provenance"": ""data/atlases/templateflow_ref (MNI152NLin2009cAsym_from-MNI152NLin6Asym)""}"
G4G3-STAGE-16739237E55C20999E01,1387,NGIQ-BR-00000518,Area SFG3 (SFG) left,G4_MICROSTRUCTURAL_FINE,left,69,NGIQ-BR-00000023,"Left Superior frontal gyrus, Brainnetome 7_3",G3_MESO_FINE,left,partial_overlap,spatial_overlap,0.222671,0.067064,,,False,proposed,pending,FALSE,FALSE,PARTIAL_OVERLAP,OWNER_CONFIRMED_PARTIAL_SET_CONCORDANT,,,"{""brainnetome_probability_asset"": ""data/atlases/brainnetome/bna246/volume_raw/BNA_PM_4D.nii.gz"", ""decision_artifact"": ""g4_g3_final_scientific_decisions.csv"", ""decision_reason_code"": ""OWNER_CONFIRMED_PARTIAL_SET_CONCORDANT"", ""evidence_2g_probability_overlap"": ""g4_g3_probability_overlap_summary.json"", ""evidence_2h_interpretation"": ""g4_g3_overlap_interpretation_profiles.csv"", ""evidence_2ia_policy"": ""g4_g3_scientific_decision_policy_v1.csv"", ""evidence_2ib_owner_revision"": ""g4_g3_owner_policy_revision_v1.csv"", ""evidence_2ic_final_decision"": ""g4_g3_final_scientific_decision_summary.json"", ""expert_approved"": false, ""final_scientific_policy"": ""G4_G3_FINAL_SCIENTIFIC_POLICY_V1"", ""human_reviewed"": false, ""julich_probability_asset"": ""data/atlases/julich/v3.1/spatial_raw/probability_maps/"", ""julich_spatial_component_asset"": ""AREA_SFG3_SFG_LEFT.nii.gz"", ""julich_spatial_component_id"": ""JULICH_BRAIN_CYTOARCHITECTONIC_ATLAS_V3_1_AREA_SFG3_SFG"", ""mapping_method_field"": ""spatial_overlap"", ""owner_scientific_review_status"": ""OWNER_SCIENTIFIC_REVIEWED"", ""phase"": ""G4_G3_MAPPING_CANDIDATE_STAGING_V1"", ""production_review_status"": ""pending"", ""relation_artifact"": ""g4_g3_final_relation_decisions.csv"", ""scientific_method"": ""Julich probability x Brainnetome probability + TemplateFlow nonlinear transform + probability-weighted overlap + hard-label auxiliary containment + owner scientific review"", ""semantic_compatibility_status"": null, ""source_canonical_g4_id"": ""NGIQ-BR-00000518"", ""source_coverage_ratio"": 0.22267136589459172, ""target_canonical_g3_id"": ""NGIQ-BR-00000023"", ""target_coverage_ratio"": 0.06706388628705649, ""transform_provenance"": ""data/atlases/templateflow_ref (MNI152NLin2009cAsym_from-MNI152NLin6Asym)""}"
G4G3-STAGE-EABF2A7E746D8222DA4C,1393,NGIQ-BR-00000520,"Area MFG5 (MFG, IFG) left",G4_MICROSTRUCTURAL_FINE,left,117,NGIQ-BR-00000039,"Left Middle frontal gyrus, Brainnetome 7_4",G3_MESO_FINE,left,contained_in,spatial_overlap,0.90548,0.109056,,,True,proposed,pending,FALSE,FALSE,APPROVE_CONTAINED_IN,OWNER_CONFIRMED_CONTAINED,EXACT_FAMILY,,"{""brainnetome_probability_asset"": ""data/atlases/brainnetome/bna246/volume_raw/BNA_PM_4D.nii.gz"", ""decision_artifact"": ""g4_g3_final_scientific_decisions.csv"", ""decision_reason_code"": ""OWNER_CONFIRMED_CONTAINED"", ""evidence_2g_probability_overlap"": ""g4_g3_probability_overlap_summary.json"", ""evidence_2h_interpretation"": ""g4_g3_overlap_interpretation_profiles.csv"", ""evidence_2ia_policy"": ""g4_g3_scientific_decision_policy_v1.csv"", ""evidence_2ib_owner_revision"": ""g4_g3_owner_policy_revision_v1.csv"", ""evidence_2ic_final_decision"": ""g4_g3_final_scientific_decision_summary.json"", ""expert_approved"": false, ""final_scientific_policy"": ""G4_G3_FINAL_SCIENTIFIC_POLICY_V1"", ""human_reviewed"": false, ""julich_probability_asset"": ""data/atlases/julich/v3.1/spatial_raw/probability_maps/"", ""julich_spatial_component_asset"": ""AREA_MFG5_MFG_IFG_LEFT.nii.gz"", ""julich_spatial_component_id"": ""JULICH_BRAIN_CYTOARCHITECTONIC_ATLAS_V3_1_AREA_MFG5_MFG_IFG"", ""mapping_method_field"": ""spatial_overlap"", ""owner_scientific_review_status"": ""OWNER_SCIENTIFIC_REVIEWED"", ""phase"": ""G4_G3_MAPPING_CANDIDATE_STAGING_V1"", ""production_review_status"": ""pending"", ""relation_artifact"": ""g4_g3_final_relation_decisions.csv"", ""scientific_method"": ""Julich probability x Brainnetome probability + TemplateFlow nonlinear transform + probability-weighted overlap + hard-label auxiliary containment + owner scientific review"", ""semantic_compatibility_status"": ""EXACT_FAMILY"", ""source_canonical_g4_id"": ""NGIQ-BR-00000520"", ""source_coverage_ratio"": 0.9054799608630425, ""target_canonical_g3_id"": ""NGIQ-BR-00000039"", ""target_coverage_ratio"": 0.10905645379895179, ""transform_provenance"": ""data/atlases/templateflow_ref (MNI152NLin2009cAsym_from-MNI152NLin6Asym)""}"
G4G3-STAGE-FA8201D1CD76CE732F94,1396,NGIQ-BR-00000521,Area SFG2 (SFG) right,G4_MICROSTRUCTURAL_FINE,right,72,NGIQ-BR-00000024,"Right Superior frontal gyrus, Brainnetome 7_3",G3_MESO_FINE,right,contained_in,spatial_overlap,0.872605,0.169772,,,True,proposed,pending,FALSE,FALSE,APPROVE_CONTAINED_IN,OWNER_CONFIRMED_CONTAINED,EXACT_FAMILY,,"{""brainnetome_probability_asset"": ""data/atlases/brainnetome/bna246/volume_raw/BNA_PM_4D.nii.gz"", ""decision_artifact"": ""g4_g3_final_scientific_decisions.csv"", ""decision_reason_code"": ""OWNER_CONFIRMED_CONTAINED"", ""evidence_2g_probability_overlap"": ""g4_g3_probability_overlap_summary.json"", ""evidence_2h_interpretation"": ""g4_g3_overlap_interpretation_profiles.csv"", ""evidence_2ia_policy"": ""g4_g3_scientific_decision_policy_v1.csv"", ""evidence_2ib_owner_revision"": ""g4_g3_owner_policy_revision_v1.csv"", ""evidence_2ic_final_decision"": ""g4_g3_final_scientific_decision_summary.json"", ""expert_approved"": false, ""final_scientific_policy"": ""G4_G3_FINAL_SCIENTIFIC_POLICY_V1"", ""human_reviewed"": false, ""julich_probability_asset"": ""data/atlases/julich/v3.1/spatial_raw/probability_maps/"", ""julich_spatial_component_asset"": ""AREA_SFG2_SFG_RIGHT.nii.gz"", ""julich_spatial_component_id"": ""JULICH_BRAIN_CYTOARCHITECTONIC_ATLAS_V3_1_AREA_SFG2_SFG"", ""mapping_method_field"": ""spatial_overlap"", ""owner_scientific_review_status"": ""OWNER_SCIENTIFIC_REVIEWED"", ""phase"": ""G4_G3_MAPPING_CANDIDATE_STAGING_V1"", ""production_review_status"": ""pending"", ""relation_artifact"": ""g4_g3_final_relation_decisions.csv"", ""scientific_method"": ""Julich probability x Brainnetome probability + TemplateFlow nonlinear transform + probability-weighted overlap + hard-label auxiliary containment + owner scientific review"", ""semantic_compatibility_status"": ""EXACT_FAMILY"", ""source_canonical_g4_id"": ""NGIQ-BR-00000521"", ""source_coverage_ratio"": 0.8726047968771726, ""target_canonical_g3_id"": ""NGIQ-BR-00000024"", ""target_coverage_ratio"": 0.1697717882535247, ""transform_provenance"": ""data/atlases/templateflow_ref (MNI152NLin2009cAsym_from-MNI152NLin6Asym)""}"
G4G3-STAGE-1D43B480154BE54CF4DA,1399,NGIQ-BR-00000522,Area SFG2 (SFG) left,G4_MICROSTRUCTURAL_FINE,left,69,NGIQ-BR-00000023,"Left Superior frontal gyrus, Brainnetome 7_3",G3_MESO_FINE,left,contained_in,spatial_overlap,0.880761,0.109474,,,True,proposed,pending,FALSE,FALSE,APPROVE_CONTAINED_IN,OWNER_CONFIRMED_CONTAINED,EXACT_FAMILY,,"{""brainnetome_probability_asset"": ""data/atlases/brainnetome/bna246/volume_raw/BNA_PM_4D.nii.gz"", ""decision_artifact"": ""g4_g3_final_scientific_decisions.csv"", ""decision_reason_code"": ""OWNER_CONFIRMED_CONTAINED"", ""evidence_2g_probability_overlap"": ""g4_g3_probability_overlap_summary.json"", ""evidence_2h_interpretation"": ""g4_g3_overlap_interpretation_profiles.csv"", ""evidence_2ia_policy"": ""g4_g3_scientific_decision_policy_v1.csv"", ""evidence_2ib_owner_revision"": ""g4_g3_owner_policy_revision_v1.csv"", ""evidence_2ic_final_decision"": ""g4_g3_final_scientific_decision_summary.json"", ""expert_approved"": false, ""final_scientific_policy"": ""G4_G3_FINAL_SCIENTIFIC_POLICY_V1"", ""human_reviewed"": false, ""julich_probability_asset"": ""data/atlases/julich/v3.1/spatial_raw/probability_maps/"", ""julich_spatial_component_asset"": ""AREA_SFG2_SFG_LEFT.nii.gz"", ""julich_spatial_component_id"": ""JULICH_BRAIN_CYTOARCHITECTONIC_ATLAS_V3_1_AREA_SFG2_SFG"", ""mapping_method_field"": ""spatial_overlap"", ""owner_scientific_review_status"": ""OWNER_SCIENTIFIC_REVIEWED"", ""phase"": ""G4_G3_MAPPING_CANDIDATE_STAGING_V1"", ""production_review_status"": ""pending"", ""relation_artifact"": ""g4_g3_final_relation_decisions.csv"", ""scientific_method"": ""Julich probability x Brainnetome probability + TemplateFlow nonlinear transform + probability-weighted overlap + hard-label auxiliary containment + owner scientific review"", ""semantic_compatibility_status"": ""EXACT_FAMILY"", ""source_canonical_g4_id"": ""NGIQ-BR-00000522"", ""source_coverage_ratio"": 0.8807611558162624, ""target_canonical_g3_id"": ""NGIQ-BR-00000023"", ""target_coverage_ratio"": 0.10947382474634104, ""transform_provenance"": ""data/atlases/templateflow_ref (MNI152NLin2009cAsym_from-MNI152NLin6Asym)""}"
G4G3-STAGE-197BADA1924ED346254C,1402,NGIQ-BR-00000523,Area 8d2 (SFG) right,G4_MICROSTRUCTURAL_FINE,right,66,NGIQ-BR-00000022,"Right Superior frontal gyrus, Brainnetome 7_2",G3_MESO_FINE,right,dominant_overlap,spatial_overlap,0.63091,0.092494,,,False,proposed,pending,FALSE,FALSE,APPROVE_DOMINANT_OVERLAP,DOMINANT_CRITERIA_V1,,,"{""brainnetome_probability_asset"": ""data/atlases/brainnetome/bna246/volume_raw/BNA_PM_4D.nii.gz"", ""decision_artifact"": ""g4_g3_final_scientific_decisions.csv"", ""decision_reason_code"": ""DOMINANT_CRITERIA_V1"", ""evidence_2g_probability_overlap"": ""g4_g3_probability_overlap_summary.json"", ""evidence_2h_interpretation"": ""g4_g3_overlap_interpretation_profiles.csv"", ""evidence_2ia_policy"": ""g4_g3_scientific_decision_policy_v1.csv"", ""evidence_2ib_owner_revision"": ""g4_g3_owner_policy_revision_v1.csv"", ""evidence_2ic_final_decision"": ""g4_g3_final_scientific_decision_summary.json"", ""expert_approved"": false, ""final_scientific_policy"": ""G4_G3_FINAL_SCIENTIFIC_POLICY_V1"", ""human_reviewed"": false, ""julich_probability_asset"": ""data/atlases/julich/v3.1/spatial_raw/probability_maps/"", ""julich_spatial_component_asset"": ""AREA_8D2_SFG_RIGHT.nii.gz"", ""julich_spatial_component_id"": ""JULICH_BRAIN_CYTOARCHITECTONIC_ATLAS_V3_1_AREA_8D2_SFG"", ""mapping_method_field"": ""spatial_overlap"", ""owner_scientific_review_status"": ""OWNER_SCIENTIFIC_REVIEWED"", ""phase"": ""G4_G3_MAPPING_CANDIDATE_STAGING_V1"", ""production_review_status"": ""pending"", ""relation_artifact"": ""g4_g3_final_relation_decisions.csv"", ""scientific_method"": ""Julich probability x Brainnetome probability + TemplateFlow nonlinear transform + probability-weighted overlap + hard-label auxiliary containment + owner scientific review"", ""semantic_compatibility_status"": null, ""source_canonical_g4_id"": ""NGIQ-BR-00000523"", ""source_coverage_ratio"": 0.6309097477557742, ""target_canonical_g3_id"": ""NGIQ-BR-00000022"", ""target_coverage_ratio"": 0.0924942043434551, ""transform_provenance"": ""data/atlases/templateflow_ref (MNI152NLin2009cAsym_from-MNI152NLin6Asym)""}"
G4G3-STAGE-8757413DBFC9E91A8905,1405,NGIQ-BR-00000524,Area 8d2 (SFG) left,G4_MICROSTRUCTURAL_FINE,left,63,NGIQ-BR-00000021,"Left Superior frontal gyrus, Brainnetome 7_2",G3_MESO_FINE,left,dominant_overlap,spatial_overlap,0.608105,0.110382,,,False,proposed,pending,FALSE,FALSE,APPROVE_DOMINANT_OVERLAP,DOMINANT_CRITERIA_V1,,,"{""brainnetome_probability_asset"": ""data/atlases/brainnetome/bna246/volume_raw/BNA_PM_4D.nii.gz"", ""decision_artifact"": ""g4_g3_final_scientific_decisions.csv"", ""decision_reason_code"": ""DOMINANT_CRITERIA_V1"", ""evidence_2g_probability_overlap"": ""g4_g3_probability_overlap_summary.json"", ""evidence_2h_interpretation"": ""g4_g3_overlap_interpretation_profiles.csv"", ""evidence_2ia_policy"": ""g4_g3_scientific_decision_policy_v1.csv"", ""evidence_2ib_owner_revision"": ""g4_g3_owner_policy_revision_v1.csv"", ""evidence_2ic_final_decision"": ""g4_g3_final_scientific_decision_summary.json"", ""expert_approved"": false, ""final_scientific_policy"": ""G4_G3_FINAL_SCIENTIFIC_POLICY_V1"", ""human_reviewed"": false, ""julich_probability_asset"": ""data/atlases/julich/v3.1/spatial_raw/probability_maps/"", ""julich_spatial_component_asset"": ""AREA_8D2_SFG_LEFT.nii.gz"", ""julich_spatial_component_id"": ""JULICH_BRAIN_CYTOARCHITECTONIC_ATLAS_V3_1_AREA_8D2_SFG"", ""mapping_method_field"": ""spatial_overlap"", ""owner_scientific_review_status"": ""OWNER_SCIENTIFIC_REVIEWED"", ""phase"": ""G4_G3_MAPPING_CANDIDATE_STAGING_V1"", ""production_review_status"": ""pending"", ""relation_artifact"": ""g4_g3_final_relation_decisions.csv"", ""scientific_method"": ""Julich probability x Brainnetome probability + TemplateFlow nonlinear transform + probability-weighted overlap + hard-label auxiliary containment + owner scientific review"", ""semantic_compatibility_status"": null, ""source_canonical_g4_id"": ""NGIQ-BR-00000524"", ""source_coverage_ratio"": 0.6081051768256158, ""target_canonical_g3_id"": ""NGIQ-BR-00000021"", ""target_coverage_ratio"": 0.11038170836580441, ""transform_provenance"": ""data/atlases/templateflow_ref (MNI152NLin2009cAsym_from-MNI152NLin6Asym)""}"
G4G3-STAGE-CBFEAFDF53AFF762EFB3,1408,NGIQ-BR-00000525,Area 8d1 (SFG) right,G4_MICROSTRUCTURAL_FINE,right,66,NGIQ-BR-00000022,"Right Superior frontal gyrus, Brainnetome 7_2",G3_MESO_FINE,right,partial_overlap,spatial_overlap,0.456989,0.069471,,,False,proposed,pending,FALSE,FALSE,PARTIAL_OVERLAP,OWNER_CONFIRMED_PARTIAL,,,"{""brainnetome_probability_asset"": ""data/atlases/brainnetome/bna246/volume_raw/BNA_PM_4D.nii.gz"", ""decision_artifact"": ""g4_g3_final_scientific_decisions.csv"", ""decision_reason_code"": ""OWNER_CONFIRMED_PARTIAL"", ""evidence_2g_probability_overlap"": ""g4_g3_probability_overlap_summary.json"", ""evidence_2h_interpretation"": ""g4_g3_overlap_interpretation_profiles.csv"", ""evidence_2ia_policy"": ""g4_g3_scientific_decision_policy_v1.csv"", ""evidence_2ib_owner_revision"": ""g4_g3_owner_policy_revision_v1.csv"", ""evidence_2ic_final_decision"": ""g4_g3_final_scientific_decision_summary.json"", ""expert_approved"": false, ""final_scientific_policy"": ""G4_G3_FINAL_SCIENTIFIC_POLICY_V1"", ""human_reviewed"": false, ""julich_probability_asset"": ""data/atlases/julich/v3.1/spatial_raw/probability_maps/"", ""julich_spatial_component_asset"": ""AREA_8D1_SFG_RIGHT.nii.gz"", ""julich_spatial_component_id"": ""JULICH_BRAIN_CYTOARCHITECTONIC_ATLAS_V3_1_AREA_8D1_SFG"", ""mapping_method_field"": ""spatial_overlap"", ""owner_scientific_review_status"": ""OWNER_SCIENTIFIC_REVIEWED"", ""phase"": ""G4_G3_MAPPING_CANDIDATE_STAGING_V1"", ""production_review_status"": ""pending"", ""relation_artifact"": ""g4_g3_final_relation_decisions.csv"", ""scientific_method"": ""Julich probability x Brainnetome probability + TemplateFlow nonlinear transform + probability-weighted overlap + hard-label auxiliary containment + owner scientific review"", ""semantic_compatibility_status"": null, ""source_canonical_g4_id"": ""NGIQ-BR-00000525"", ""source_coverage_ratio"": 0.45698876355486423, ""target_canonical_g3_id"": ""NGIQ-BR-00000022"", ""target_coverage_ratio"": 0.06947144051925161, ""transform_provenance"": ""data/atlases/templateflow_ref (MNI152NLin2009cAsym_from-MNI152NLin6Asym)""}"
G4G3-STAGE-D6FA9166209066FE18DC,1408,NGIQ-BR-00000525,Area 8d1 (SFG) right,G4_MICROSTRUCTURAL_FINE,right,72,NGIQ-BR-00000024,"Right Superior frontal gyrus, Brainnetome 7_3",G3_MESO_FINE,right,partial_overlap,spatial_overlap,0.244201,0.041431,,,False,proposed,pending,FALSE,FALSE,PARTIAL_OVERLAP,OWNER_CONFIRMED_PARTIAL,,,"{""brainnetome_probability_asset"": ""data/atlases/brainnetome/bna246/volume_raw/BNA_PM_4D.nii.gz"", ""decision_artifact"": ""g4_g3_final_scientific_decisions.csv"", ""decision_reason_code"": ""OWNER_CONFIRMED_PARTIAL"", ""evidence_2g_probability_overlap"": ""g4_g3_probability_overlap_summary.json"", ""evidence_2h_interpretation"": ""g4_g3_overlap_interpretation_profiles.csv"", ""evidence_2ia_policy"": ""g4_g3_scientific_decision_policy_v1.csv"", ""evidence_2ib_owner_revision"": ""g4_g3_owner_policy_revision_v1.csv"", ""evidence_2ic_final_decision"": ""g4_g3_final_scientific_decision_summary.json"", ""expert_approved"": false, ""final_scientific_policy"": ""G4_G3_FINAL_SCIENTIFIC_POLICY_V1"", ""human_reviewed"": false, ""julich_probability_asset"": ""data/atlases/julich/v3.1/spatial_raw/probability_maps/"", ""julich_spatial_component_asset"": ""AREA_8D1_SFG_RIGHT.nii.gz"", ""julich_spatial_component_id"": ""JULICH_BRAIN_CYTOARCHITECTONIC_ATLAS_V3_1_AREA_8D1_SFG"", ""mapping_method_field"": ""spatial_overlap"", ""owner_scientific_review_status"": ""OWNER_SCIENTIFIC_REVIEWED"", ""phase"": ""G4_G3_MAPPING_CANDIDATE_STAGING_V1"", ""production_review_status"": ""pending"", ""relation_artifact"": ""g4_g3_final_relation_decisions.csv"", ""scientific_method"": ""Julich probability x Brainnetome probability + TemplateFlow nonlinear transform + probability-weighted overlap + hard-label auxiliary containment + owner scientific review"", ""semantic_compatibility_status"": null, ""source_canonical_g4_id"": ""NGIQ-BR-00000525"", ""source_coverage_ratio"": 0.24420060556537695, ""target_canonical_g3_id"": ""NGIQ-BR-00000024"", ""target_coverage_ratio"": 0.0414307474130741, ""transform_provenance"": ""data/atlases/templateflow_ref (MNI152NLin2009cAsym_from-MNI152NLin6Asym)""}"
G4G3-STAGE-C308186333F2BF78D128,1408,NGIQ-BR-00000525,Area 8d1 (SFG) right,G4_MICROSTRUCTURAL_FINE,right,6,NGIQ-BR-00000002,"Right Superior frontal gyrus, Brainnetome 7_1",G3_MESO_FINE,right,partial_overlap,spatial_overlap,0.22928,0.037358,,,False,proposed,pending,FALSE,FALSE,PARTIAL_OVERLAP,OWNER_CONFIRMED_PARTIAL,,,"{""brainnetome_probability_asset"": ""data/atlases/brainnetome/bna246/volume_raw/BNA_PM_4D.nii.gz"", ""decision_artifact"": ""g4_g3_final_scientific_decisions.csv"", ""decision_reason_code"": ""OWNER_CONFIRMED_PARTIAL"", ""evidence_2g_probability_overlap"": ""g4_g3_probability_overlap_summary.json"", ""evidence_2h_interpretation"": ""g4_g3_overlap_interpretation_profiles.csv"", ""evidence_2ia_policy"": ""g4_g3_scientific_decision_policy_v1.csv"", ""evidence_2ib_owner_revision"": ""g4_g3_owner_policy_revision_v1.csv"", ""evidence_2ic_final_decision"": ""g4_g3_final_scientific_decision_summary.json"", ""expert_approved"": false, ""final_scientific_policy"": ""G4_G3_FINAL_SCIENTIFIC_POLICY_V1"", ""human_reviewed"": false, ""julich_probability_asset"": ""data/atlases/julich/v3.1/spatial_raw/probability_maps/"", ""julich_spatial_component_asset"": ""AREA_8D1_SFG_RIGHT.nii.gz"", ""julich_spatial_component_id"": ""JULICH_BRAIN_CYTOARCHITECTONIC_ATLAS_V3_1_AREA_8D1_SFG"", ""mapping_method_field"": ""spatial_overlap"", ""owner_scientific_review_status"": ""OWNER_SCIENTIFIC_REVIEWED"", ""phase"": ""G4_G3_MAPPING_CANDIDATE_STAGING_V1"", ""production_review_status"": ""pending"", ""relation_artifact"": ""g4_g3_final_relation_decisions.csv"", ""scientific_method"": ""Julich probability x Brainnetome probability + TemplateFlow nonlinear transform + probability-weighted overlap + hard-label auxiliary containment + owner scientific review"", ""semantic_compatibility_status"": null, ""source_canonical_g4_id"": ""NGIQ-BR-00000525"", ""source_coverage_ratio"": 0.22927971247936613, ""target_canonical_g3_id"": ""NGIQ-BR-00000002"", ""target_coverage_ratio"": 0.03735755331142727, ""transform_provenance"": ""data/atlases/templateflow_ref (MNI152NLin2009cAsym_from-MNI152NLin6Asym)""}"
G4G3-STAGE-7AC4B88D5005076FFCB9,1411,NGIQ-BR-00000526,Area 8d1 (SFG) left,G4_MICROSTRUCTURAL_FINE,left,63,NGIQ-BR-00000021,"Left Superior frontal gyrus, Brainnetome 7_2",G3_MESO_FINE,left,dominant_overlap,spatial_overlap,0.661139,0.082036,,,False,proposed,pending,FALSE,FALSE,APPROVE_DOMINANT_OVERLAP,DOMINANT_CRITERIA_V1,,,"{""brainnetome_probability_asset"": ""data/atlases/brainnetome/bna246/volume_raw/BNA_PM_4D.nii.gz"", ""decision_artifact"": ""g4_g3_final_scientific_decisions.csv"", ""decision_reason_code"": ""DOMINANT_CRITERIA_V1"", ""evidence_2g_probability_overlap"": ""g4_g3_probability_overlap_summary.json"", ""evidence_2h_interpretation"": ""g4_g3_overlap_interpretation_profiles.csv"", ""evidence_2ia_policy"": ""g4_g3_scientific_decision_policy_v1.csv"", ""evidence_2ib_owner_revision"": ""g4_g3_owner_policy_revision_v1.csv"", ""evidence_2ic_final_decision"": ""g4_g3_final_scientific_decision_summary.json"", ""expert_approved"": false, ""final_scientific_policy"": ""G4_G3_FINAL_SCIENTIFIC_POLICY_V1"", ""human_reviewed"": false, ""julich_probability_asset"": ""data/atlases/julich/v3.1/spatial_raw/probability_maps/"", ""julich_spatial_component_asset"": ""AREA_8D1_SFG_LEFT.nii.gz"", ""julich_spatial_component_id"": ""JULICH_BRAIN_CYTOARCHITECTONIC_ATLAS_V3_1_AREA_8D1_SFG"", ""mapping_method_field"": ""spatial_overlap"", ""owner_scientific_review_status"": ""OWNER_SCIENTIFIC_REVIEWED"", ""phase"": ""G4_G3_MAPPING_CANDIDATE_STAGING_V1"", ""production_review_status"": ""pending"", ""relation_artifact"": ""g4_g3_final_relation_decisions.csv"", ""scientific_method"": ""Julich probability x Brainnetome probability + TemplateFlow nonlinear transform + probability-weighted overlap + hard-label auxiliary containment + owner scientific review"", ""semantic_compatibility_status"": null, ""source_canonical_g4_id"": ""NGIQ-BR-00000526"", ""source_coverage_ratio"": 0.6611391111310772, ""target_canonical_g3_id"": ""NGIQ-BR-00000021"", ""target_coverage_ratio"": 0.08203620178351279, ""transform_provenance"": ""data/atlases/templateflow_ref (MNI152NLin2009cAsym_from-MNI152NLin6Asym)""}"
G4G3-STAGE-B4C778FC4BE57CCEF133,1414,NGIQ-BR-00000527,Area SFG4 (SFG) right,G4_MICROSTRUCTURAL_FINE,right,102,NGIQ-BR-00000034,"Right Middle frontal gyrus, Brainnetome 7_1",G3_MESO_FINE,right,dominant_overlap,spatial_overlap,0.767526,0.095318,,,False,proposed,pending,FALSE,FALSE,APPROVE_DOMINANT_OVERLAP,DOMINANT_CRITERIA_V1,,,"{""brainnetome_probability_asset"": ""data/atlases/brainnetome/bna246/volume_raw/BNA_PM_4D.nii.gz"", ""decision_artifact"": ""g4_g3_final_scientific_decisions.csv"", ""decision_reason_code"": ""DOMINANT_CRITERIA_V1"", ""evidence_2g_probability_overlap"": ""g4_g3_probability_overlap_summary.json"", ""evidence_2h_interpretation"": ""g4_g3_overlap_interpretation_profiles.csv"", ""evidence_2ia_policy"": ""g4_g3_scientific_decision_policy_v1.csv"", ""evidence_2ib_owner_revision"": ""g4_g3_owner_policy_revision_v1.csv"", ""evidence_2ic_final_decision"": ""g4_g3_final_scientific_decision_summary.json"", ""expert_approved"": false, ""final_scientific_policy"": ""G4_G3_FINAL_SCIENTIFIC_POLICY_V1"", ""human_reviewed"": false, ""julich_probability_asset"": ""data/atlases/julich/v3.1/spatial_raw/probability_maps/"", ""julich_spatial_component_asset"": ""AREA_SFG4_SFG_RIGHT.nii.gz"", ""julich_spatial_component_id"": ""JULICH_BRAIN_CYTOARCHITECTONIC_ATLAS_V3_1_AREA_SFG4_SFG"", ""mapping_method_field"": ""spatial_overlap"", ""owner_scientific_review_status"": ""OWNER_SCIENTIFIC_REVIEWED"", ""phase"": ""G4_G3_MAPPING_CANDIDATE_STAGING_V1"", ""production_review_status"": ""pending"", ""relation_artifact"": ""g4_g3_final_relation_decisions.csv"", ""scientific_method"": ""Julich probability x Brainnetome probability + TemplateFlow nonlinear transform + probability-weighted overlap + hard-label auxiliary containment + owner scientific review"", ""semantic_compatibility_status"": null, ""source_canonical_g4_id"": ""NGIQ-BR-00000527"", ""source_coverage_ratio"": 0.767525894527434, ""target_canonical_g3_id"": ""NGIQ-BR-00000034"", ""target_coverage_ratio"": 0.09531758132059426, ""transform_provenance"": ""data/atlases/templateflow_ref (MNI152NLin2009cAsym_from-MNI152NLin6Asym)""}"
G4G3-STAGE-9FCA7C92C542AF3E477E,1417,NGIQ-BR-00000528,Area SFG4 (SFG) left,G4_MICROSTRUCTURAL_FINE,left,99,NGIQ-BR-00000033,"Left Middle frontal gyrus, Brainnetome 7_1",G3_MESO_FINE,left,dominant_overlap,spatial_overlap,0.619468,0.172162,,,False,proposed,pending,FALSE,FALSE,APPROVE_DOMINANT_OVERLAP,DOMINANT_CRITERIA_V1,,,"{""brainnetome_probability_asset"": ""data/atlases/brainnetome/bna246/volume_raw/BNA_PM_4D.nii.gz"", ""decision_artifact"": ""g4_g3_final_scientific_decisions.csv"", ""decision_reason_code"": ""DOMINANT_CRITERIA_V1"", ""evidence_2g_probability_overlap"": ""g4_g3_probability_overlap_summary.json"", ""evidence_2h_interpretation"": ""g4_g3_overlap_interpretation_profiles.csv"", ""evidence_2ia_policy"": ""g4_g3_scientific_decision_policy_v1.csv"", ""evidence_2ib_owner_revision"": ""g4_g3_owner_policy_revision_v1.csv"", ""evidence_2ic_final_decision"": ""g4_g3_final_scientific_decision_summary.json"", ""expert_approved"": false, ""final_scientific_policy"": ""G4_G3_FINAL_SCIENTIFIC_POLICY_V1"", ""human_reviewed"": false, ""julich_probability_asset"": ""data/atlases/julich/v3.1/spatial_raw/probability_maps/"", ""julich_spatial_component_asset"": ""AREA_SFG4_SFG_LEFT.nii.gz"", ""julich_spatial_component_id"": ""JULICH_BRAIN_CYTOARCHITECTONIC_ATLAS_V3_1_AREA_SFG4_SFG"", ""mapping_method_field"": ""spatial_overlap"", ""owner_scientific_review_status"": ""OWNER_SCIENTIFIC_REVIEWED"", ""phase"": ""G4_G3_MAPPING_CANDIDATE_STAGING_V1"", ""production_review_status"": ""pending"", ""relation_artifact"": ""g4_g3_final_relation_decisions.csv"", ""scientific_method"": ""Julich probability x Brainnetome probability + TemplateFlow nonlinear transform + probability-weighted overlap + hard-label auxiliary containment + owner scientific review"", ""semantic_compatibility_status"": null, ""source_canonical_g4_id"": ""NGIQ-BR-00000528"", ""source_coverage_ratio"": 0.619467908477992, ""target_canonical_g3_id"": ""NGIQ-BR-00000033"", ""target_coverage_ratio"": 0.17216245452929388, ""transform_provenance"": ""data/atlases/templateflow_ref (MNI152NLin2009cAsym_from-MNI152NLin6Asym)""}"
G4G3-STAGE-054599E02BA5C6FE2E17,1420,NGIQ-BR-00000529,Area Fo6 (OFC) right,G4_MICROSTRUCTURAL_FINE,right,180,NGIQ-BR-00000060,"Right Orbital gyrus, Brainnetome 6_2",G3_MESO_FINE,right,partial_overlap,spatial_overlap,0.454436,0.11094,,,False,proposed,pending,FALSE,FALSE,PARTIAL_OVERLAP,OWNER_CONFIRMED_PARTIAL,,,"{""brainnetome_probability_asset"": ""data/atlases/brainnetome/bna246/volume_raw/BNA_PM_4D.nii.gz"", ""decision_artifact"": ""g4_g3_final_scientific_decisions.csv"", ""decision_reason_code"": ""OWNER_CONFIRMED_PARTIAL"", ""evidence_2g_probability_overlap"": ""g4_g3_probability_overlap_summary.json"", ""evidence_2h_interpretation"": ""g4_g3_overlap_interpretation_profiles.csv"", ""evidence_2ia_policy"": ""g4_g3_scientific_decision_policy_v1.csv"", ""evidence_2ib_owner_revision"": ""g4_g3_owner_policy_revision_v1.csv"", ""evidence_2ic_final_decision"": ""g4_g3_final_scientific_decision_summary.json"", ""expert_approved"": false, ""final_scientific_policy"": ""G4_G3_FINAL_SCIENTIFIC_POLICY_V1"", ""human_reviewed"": false, ""julich_probability_asset"": ""data/atlases/julich/v3.1/spatial_raw/probability_maps/"", ""julich_spatial_component_asset"": ""AREA_FO6_OFC_RIGHT.nii.gz"", ""julich_spatial_component_id"": ""JULICH_BRAIN_CYTOARCHITECTONIC_ATLAS_V3_1_AREA_FO6_OFC"", ""mapping_method_field"": ""spatial_overlap"", ""owner_scientific_review_status"": ""OWNER_SCIENTIFIC_REVIEWED"", ""phase"": ""G4_G3_MAPPING_CANDIDATE_STAGING_V1"", ""production_review_status"": ""pending"", ""relation_artifact"": ""g4_g3_final_relation_decisions.csv"", ""scientific_method"": ""Julich probability x Brainnetome probability + TemplateFlow nonlinear transform + probability-weighted overlap + hard-label auxiliary containment + owner scientific review"", ""semantic_compatibility_status"": null, ""source_canonical_g4_id"": ""NGIQ-BR-00000529"", ""source_coverage_ratio"": 0.4544358314146492, ""target_canonical_g3_id"": ""NGIQ-BR-00000060"", ""target_coverage_ratio"": 0.11094007837580627, ""transform_provenance"": ""data/atlases/templateflow_ref (MNI152NLin2009cAsym_from-MNI152NLin6Asym)""}"
G4G3-STAGE-E90BB92C172330743F3E,1420,NGIQ-BR-00000529,Area Fo6 (OFC) right,G4_MICROSTRUCTURAL_FINE,right,204,NGIQ-BR-00000068,"Right Orbital gyrus, Brainnetome 6_6",G3_MESO_FINE,right,partial_overlap,spatial_overlap,0.368299,0.138366,,,False,proposed,pending,FALSE,FALSE,PARTIAL_OVERLAP,OWNER_CONFIRMED_PARTIAL,,,"{""brainnetome_probability_asset"": ""data/atlases/brainnetome/bna246/volume_raw/BNA_PM_4D.nii.gz"", ""decision_artifact"": ""g4_g3_final_scientific_decisions.csv"", ""decision_reason_code"": ""OWNER_CONFIRMED_PARTIAL"", ""evidence_2g_probability_overlap"": ""g4_g3_probability_overlap_summary.json"", ""evidence_2h_interpretation"": ""g4_g3_overlap_interpretation_profiles.csv"", ""evidence_2ia_policy"": ""g4_g3_scientific_decision_policy_v1.csv"", ""evidence_2ib_owner_revision"": ""g4_g3_owner_policy_revision_v1.csv"", ""evidence_2ic_final_decision"": ""g4_g3_final_scientific_decision_summary.json"", ""expert_approved"": false, ""final_scientific_policy"": ""G4_G3_FINAL_SCIENTIFIC_POLICY_V1"", ""human_reviewed"": false, ""julich_probability_asset"": ""data/atlases/julich/v3.1/spatial_raw/probability_maps/"", ""julich_spatial_component_asset"": ""AREA_FO6_OFC_RIGHT.nii.gz"", ""julich_spatial_component_id"": ""JULICH_BRAIN_CYTOARCHITECTONIC_ATLAS_V3_1_AREA_FO6_OFC"", ""mapping_method_field"": ""spatial_overlap"", ""owner_scientific_review_status"": ""OWNER_SCIENTIFIC_REVIEWED"", ""phase"": ""G4_G3_MAPPING_CANDIDATE_STAGING_V1"", ""production_review_status"": ""pending"", ""relation_artifact"": ""g4_g3_final_relation_decisions.csv"", ""scientific_method"": ""Julich probability x Brainnetome probability + TemplateFlow nonlinear transform + probability-weighted overlap + hard-label auxiliary containment + owner scientific review"", ""semantic_compatibility_status"": null, ""source_canonical_g4_id"": ""NGIQ-BR-00000529"", ""source_coverage_ratio"": 0.36829910834282026, ""target_canonical_g3_id"": ""NGIQ-BR-00000068"", ""target_coverage_ratio"": 0.13836608373438825, ""transform_provenance"": ""data/atlases/templateflow_ref (MNI152NLin2009cAsym_from-MNI152NLin6Asym)""}"
G4G3-STAGE-71BE4163D244F1D0F0AB,1423,NGIQ-BR-00000530,Area Fo6 (OFC) left,G4_MICROSTRUCTURAL_FINE,left,201,NGIQ-BR-00000067,"Left Orbital gyrus, Brainnetome 6_6",G3_MESO_FINE,left,partial_overlap,spatial_overlap,0.449471,0.105862,,,False,proposed,pending,FALSE,FALSE,PARTIAL_OVERLAP,OWNER_CONFIRMED_PARTIAL,,,"{""brainnetome_probability_asset"": ""data/atlases/brainnetome/bna246/volume_raw/BNA_PM_4D.nii.gz"", ""decision_artifact"": ""g4_g3_final_scientific_decisions.csv"", ""decision_reason_code"": ""OWNER_CONFIRMED_PARTIAL"", ""evidence_2g_probability_overlap"": ""g4_g3_probability_overlap_summary.json"", ""evidence_2h_interpretation"": ""g4_g3_overlap_interpretation_profiles.csv"", ""evidence_2ia_policy"": ""g4_g3_scientific_decision_policy_v1.csv"", ""evidence_2ib_owner_revision"": ""g4_g3_owner_policy_revision_v1.csv"", ""evidence_2ic_final_decision"": ""g4_g3_final_scientific_decision_summary.json"", ""expert_approved"": false, ""final_scientific_policy"": ""G4_G3_FINAL_SCIENTIFIC_POLICY_V1"", ""human_reviewed"": false, ""julich_probability_asset"": ""data/atlases/julich/v3.1/spatial_raw/probability_maps/"", ""julich_spatial_component_asset"": ""AREA_FO6_OFC_LEFT.nii.gz"", ""julich_spatial_component_id"": ""JULICH_BRAIN_CYTOARCHITECTONIC_ATLAS_V3_1_AREA_FO6_OFC"", ""mapping_method_field"": ""spatial_overlap"", ""owner_scientific_review_status"": ""OWNER_SCIENTIFIC_REVIEWED"", ""phase"": ""G4_G3_MAPPING_CANDIDATE_STAGING_V1"", ""production_review_status"": ""pending"", ""relation_artifact"": ""g4_g3_final_relation_decisions.csv"", ""scientific_method"": ""Julich probability x Brainnetome probability + TemplateFlow nonlinear transform + probability-weighted overlap + hard-label auxiliary containment + owner scientific review"", ""semantic_compatibility_status"": null, ""source_canonical_g4_id"": ""NGIQ-BR-00000530"", ""source_coverage_ratio"": 0.44947099446757227, ""target_canonical_g3_id"": ""NGIQ-BR-00000067"", ""target_coverage_ratio"": 0.10586193068051514, ""transform_provenance"": ""data/atlases/templateflow_ref (MNI152NLin2009cAsym_from-MNI152NLin6Asym)""}"
G4G3-STAGE-E4991AA0DF7EFC027F73,1423,NGIQ-BR-00000530,Area Fo6 (OFC) left,G4_MICROSTRUCTURAL_FINE,left,177,NGIQ-BR-00000059,"Left Orbital gyrus, Brainnetome 6_2",G3_MESO_FINE,left,partial_overlap,spatial_overlap,0.376733,0.076503,,,False,proposed,pending,FALSE,FALSE,PARTIAL_OVERLAP,OWNER_CONFIRMED_PARTIAL,,,"{""brainnetome_probability_asset"": ""data/atlases/brainnetome/bna246/volume_raw/BNA_PM_4D.nii.gz"", ""decision_artifact"": ""g4_g3_final_scientific_decisions.csv"", ""decision_reason_code"": ""OWNER_CONFIRMED_PARTIAL"", ""evidence_2g_probability_overlap"": ""g4_g3_probability_overlap_summary.json"", ""evidence_2h_interpretation"": ""g4_g3_overlap_interpretation_profiles.csv"", ""evidence_2ia_policy"": ""g4_g3_scientific_decision_policy_v1.csv"", ""evidence_2ib_owner_revision"": ""g4_g3_owner_policy_revision_v1.csv"", ""evidence_2ic_final_decision"": ""g4_g3_final_scientific_decision_summary.json"", ""expert_approved"": false, ""final_scientific_policy"": ""G4_G3_FINAL_SCIENTIFIC_POLICY_V1"", ""human_reviewed"": false, ""julich_probability_asset"": ""data/atlases/julich/v3.1/spatial_raw/probability_maps/"", ""julich_spatial_component_asset"": ""AREA_FO6_OFC_LEFT.nii.gz"", ""julich_spatial_component_id"": ""JULICH_BRAIN_CYTOARCHITECTONIC_ATLAS_V3_1_AREA_FO6_OFC"", ""mapping_method_field"": ""spatial_overlap"", ""owner_scientific_review_status"": ""OWNER_SCIENTIFIC_REVIEWED"", ""phase"": ""G4_G3_MAPPING_CANDIDATE_STAGING_V1"", ""production_review_status"": ""pending"", ""relation_artifact"": ""g4_g3_final_relation_decisions.csv"", ""scientific_method"": ""Julich probability x Brainnetome probability + TemplateFlow nonlinear transform + probability-weighted overlap + hard-label auxiliary containment + owner scientific review"", ""semantic_compatibility_status"": null, ""source_canonical_g4_id"": ""NGIQ-BR-00000530"", ""source_coverage_ratio"": 0.3767326975233831, ""target_canonical_g3_id"": ""NGIQ-BR-00000059"", ""target_coverage_ratio"": 0.07650330706557074, ""transform_provenance"": ""data/atlases/templateflow_ref (MNI152NLin2009cAsym_from-MNI152NLin6Asym)""}"
G4G3-STAGE-7171AA8D00ABFA64F27E,1426,NGIQ-BR-00000531,Area Fo5 (OFC) right,G4_MICROSTRUCTURAL_FINE,right,138,NGIQ-BR-00000046,"Right Middle frontal gyrus, Brainnetome 7_7",G3_MESO_FINE,right,partial_overlap,spatial_overlap,0.425096,0.040865,,,False,proposed,pending,FALSE,FALSE,PARTIAL_OVERLAP,OWNER_CONFIRMED_PARTIAL,,BOUNDARY_SECOND_TARGET,"{""brainnetome_probability_asset"": ""data/atlases/brainnetome/bna246/volume_raw/BNA_PM_4D.nii.gz"", ""decision_artifact"": ""g4_g3_final_scientific_decisions.csv"", ""decision_reason_code"": ""OWNER_CONFIRMED_PARTIAL"", ""evidence_2g_probability_overlap"": ""g4_g3_probability_overlap_summary.json"", ""evidence_2h_interpretation"": ""g4_g3_overlap_interpretation_profiles.csv"", ""evidence_2ia_policy"": ""g4_g3_scientific_decision_policy_v1.csv"", ""evidence_2ib_owner_revision"": ""g4_g3_owner_policy_revision_v1.csv"", ""evidence_2ic_final_decision"": ""g4_g3_final_scientific_decision_summary.json"", ""expert_approved"": false, ""final_scientific_policy"": ""G4_G3_FINAL_SCIENTIFIC_POLICY_V1"", ""human_reviewed"": false, ""julich_probability_asset"": ""data/atlases/julich/v3.1/spatial_raw/probability_maps/"", ""julich_spatial_component_asset"": ""AREA_FO5_OFC_RIGHT.nii.gz"", ""julich_spatial_component_id"": ""JULICH_BRAIN_CYTOARCHITECTONIC_ATLAS_V3_1_AREA_FO5_OFC"", ""mapping_method_field"": ""spatial_overlap"", ""owner_scientific_review_status"": ""OWNER_SCIENTIFIC_REVIEWED"", ""phase"": ""G4_G3_MAPPING_CANDIDATE_STAGING_V1"", ""production_review_status"": ""pending"", ""relation_artifact"": ""g4_g3_final_relation_decisions.csv"", ""scientific_method"": ""Julich probability x Brainnetome probability + TemplateFlow nonlinear transform + probability-weighted overlap + hard-label auxiliary containment + owner scientific review"", ""semantic_compatibility_status"": null, ""source_canonical_g4_id"": ""NGIQ-BR-00000531"", ""source_coverage_ratio"": 0.42509616195619204, ""target_canonical_g3_id"": ""NGIQ-BR-00000046"", ""target_coverage_ratio"": 0.04086503810057566, ""transform_provenance"": ""data/atlases/templateflow_ref (MNI152NLin2009cAsym_from-MNI152NLin6Asym)""}"
G4G3-STAGE-E500F04B1BCC885D8662,1426,NGIQ-BR-00000531,Area Fo5 (OFC) right,G4_MICROSTRUCTURAL_FINE,right,180,NGIQ-BR-00000060,"Right Orbital gyrus, Brainnetome 6_2",G3_MESO_FINE,right,partial_overlap,spatial_overlap,0.193642,0.027021,,,False,proposed,pending,FALSE,FALSE,PARTIAL_OVERLAP,OWNER_CONFIRMED_PARTIAL,,BOUNDARY_SECOND_TARGET,"{""brainnetome_probability_asset"": ""data/atlases/brainnetome/bna246/volume_raw/BNA_PM_4D.nii.gz"", ""decision_artifact"": ""g4_g3_final_scientific_decisions.csv"", ""decision_reason_code"": ""OWNER_CONFIRMED_PARTIAL"", ""evidence_2g_probability_overlap"": ""g4_g3_probability_overlap_summary.json"", ""evidence_2h_interpretation"": ""g4_g3_overlap_interpretation_profiles.csv"", ""evidence_2ia_policy"": ""g4_g3_scientific_decision_policy_v1.csv"", ""evidence_2ib_owner_revision"": ""g4_g3_owner_policy_revision_v1.csv"", ""evidence_2ic_final_decision"": ""g4_g3_final_scientific_decision_summary.json"", ""expert_approved"": false, ""final_scientific_policy"": ""G4_G3_FINAL_SCIENTIFIC_POLICY_V1"", ""human_reviewed"": false, ""julich_probability_asset"": ""data/atlases/julich/v3.1/spatial_raw/probability_maps/"", ""julich_spatial_component_asset"": ""AREA_FO5_OFC_RIGHT.nii.gz"", ""julich_spatial_component_id"": ""JULICH_BRAIN_CYTOARCHITECTONIC_ATLAS_V3_1_AREA_FO5_OFC"", ""mapping_method_field"": ""spatial_overlap"", ""owner_scientific_review_status"": ""OWNER_SCIENTIFIC_REVIEWED"", ""phase"": ""G4_G3_MAPPING_CANDIDATE_STAGING_V1"", ""production_review_status"": ""pending"", ""relation_artifact"": ""g4_g3_final_relation_decisions.csv"", ""scientific_method"": ""Julich probability x Brainnetome probability + TemplateFlow nonlinear transform + probability-weighted overlap + hard-label auxiliary containment + owner scientific review"", ""semantic_compatibility_status"": null, ""source_canonical_g4_id"": ""NGIQ-BR-00000531"", ""source_coverage_ratio"": 0.1936417539281887, ""target_canonical_g3_id"": ""NGIQ-BR-00000060"", ""target_coverage_ratio"": 0.027020555907214937, ""transform_provenance"": ""data/atlases/templateflow_ref (MNI152NLin2009cAsym_from-MNI152NLin6Asym)""}"
G4G3-STAGE-1BAF74A1AF580AE34F15,1429,NGIQ-BR-00000532,Area Fo5 (OFC) left,G4_MICROSTRUCTURAL_FINE,left,135,NGIQ-BR-00000045,"Left Middle frontal gyrus, Brainnetome 7_7",G3_MESO_FINE,left,dominant_overlap,spatial_overlap,0.576504,0.036753,,,False,proposed,pending,FALSE,FALSE,APPROVE_DOMINANT_OVERLAP,DOMINANT_CRITERIA_V1,,,"{""brainnetome_probability_asset"": ""data/atlases/brainnetome/bna246/volume_raw/BNA_PM_4D.nii.gz"", ""decision_artifact"": ""g4_g3_final_scientific_decisions.csv"", ""decision_reason_code"": ""DOMINANT_CRITERIA_V1"", ""evidence_2g_probability_overlap"": ""g4_g3_probability_overlap_summary.json"", ""evidence_2h_interpretation"": ""g4_g3_overlap_interpretation_profiles.csv"", ""evidence_2ia_policy"": ""g4_g3_scientific_decision_policy_v1.csv"", ""evidence_2ib_owner_revision"": ""g4_g3_owner_policy_revision_v1.csv"", ""evidence_2ic_final_decision"": ""g4_g3_final_scientific_decision_summary.json"", ""expert_approved"": false, ""final_scientific_policy"": ""G4_G3_FINAL_SCIENTIFIC_POLICY_V1"", ""human_reviewed"": false, ""julich_probability_asset"": ""data/atlases/julich/v3.1/spatial_raw/probability_maps/"", ""julich_spatial_component_asset"": ""AREA_FO5_OFC_LEFT.nii.gz"", ""julich_spatial_component_id"": ""JULICH_BRAIN_CYTOARCHITECTONIC_ATLAS_V3_1_AREA_FO5_OFC"", ""mapping_method_field"": ""spatial_overlap"", ""owner_scientific_review_status"": ""OWNER_SCIENTIFIC_REVIEWED"", ""phase"": ""G4_G3_MAPPING_CANDIDATE_STAGING_V1"", ""production_review_status"": ""pending"", ""relation_artifact"": ""g4_g3_final_relation_decisions.csv"", ""scientific_method"": ""Julich probability x Brainnetome probability + TemplateFlow nonlinear transform + probability-weighted overlap + hard-label auxiliary containment + owner scientific review"", ""semantic_compatibility_status"": null, ""source_canonical_g4_id"": ""NGIQ-BR-00000532"", ""source_coverage_ratio"": 0.5765044653057722, ""target_canonical_g3_id"": ""NGIQ-BR-00000045"", ""target_coverage_ratio"": 0.036752747671886146, ""transform_provenance"": ""data/atlases/templateflow_ref (MNI152NLin2009cAsym_from-MNI152NLin6Asym)""}"
G4G3-STAGE-752876730875FB24844F,1432,NGIQ-BR-00000533,Area Fo7 (OFC) right,G4_MICROSTRUCTURAL_FINE,right,180,NGIQ-BR-00000060,"Right Orbital gyrus, Brainnetome 6_2",G3_MESO_FINE,right,partial_overlap,spatial_overlap,0.484197,0.080096,,,False,proposed,pending,FALSE,FALSE,PARTIAL_OVERLAP,OWNER_CONFIRMED_PARTIAL,,,"{""brainnetome_probability_asset"": ""data/atlases/brainnetome/bna246/volume_raw/BNA_PM_4D.nii.gz"", ""decision_artifact"": ""g4_g3_final_scientific_decisions.csv"", ""decision_reason_code"": ""OWNER_CONFIRMED_PARTIAL"", ""evidence_2g_probability_overlap"": ""g4_g3_probability_overlap_summary.json"", ""evidence_2h_interpretation"": ""g4_g3_overlap_interpretation_profiles.csv"", ""evidence_2ia_policy"": ""g4_g3_scientific_decision_policy_v1.csv"", ""evidence_2ib_owner_revision"": ""g4_g3_owner_policy_revision_v1.csv"", ""evidence_2ic_final_decision"": ""g4_g3_final_scientific_decision_summary.json"", ""expert_approved"": false, ""final_scientific_policy"": ""G4_G3_FINAL_SCIENTIFIC_POLICY_V1"", ""human_reviewed"": false, ""julich_probability_asset"": ""data/atlases/julich/v3.1/spatial_raw/probability_maps/"", ""julich_spatial_component_asset"": ""AREA_FO7_OFC_RIGHT.nii.gz"", ""julich_spatial_component_id"": ""JULICH_BRAIN_CYTOARCHITECTONIC_ATLAS_V3_1_AREA_FO7_OFC"", ""mapping_method_field"": ""spatial_overlap"", ""owner_scientific_review_status"": ""OWNER_SCIENTIFIC_REVIEWED"", ""phase"": ""G4_G3_MAPPING_CANDIDATE_STAGING_V1"", ""production_review_status"": ""pending"", ""relation_artifact"": ""g4_g3_final_relation_decisions.csv"", ""scientific_method"": ""Julich probability x Brainnetome probability + TemplateFlow nonlinear transform + probability-weighted overlap + hard-label auxiliary containment + owner scientific review"", ""semantic_compatibility_status"": null, ""source_canonical_g4_id"": ""NGIQ-BR-00000533"", ""source_coverage_ratio"": 0.4841965498235867, ""target_canonical_g3_id"": ""NGIQ-BR-00000060"", ""target_coverage_ratio"": 0.08009587700938897, ""transform_provenance"": ""data/atlases/templateflow_ref (MNI152NLin2009cAsym_from-MNI152NLin6Asym)""}"
G4G3-STAGE-25D75E48853CC704CBC9,1432,NGIQ-BR-00000533,Area Fo7 (OFC) right,G4_MICROSTRUCTURAL_FINE,right,186,NGIQ-BR-00000062,"Right Orbital gyrus, Brainnetome 6_3",G3_MESO_FINE,right,partial_overlap,spatial_overlap,0.3554,0.036888,,,False,proposed,pending,FALSE,FALSE,PARTIAL_OVERLAP,OWNER_CONFIRMED_PARTIAL,,,"{""brainnetome_probability_asset"": ""data/atlases/brainnetome/bna246/volume_raw/BNA_PM_4D.nii.gz"", ""decision_artifact"": ""g4_g3_final_scientific_decisions.csv"", ""decision_reason_code"": ""OWNER_CONFIRMED_PARTIAL"", ""evidence_2g_probability_overlap"": ""g4_g3_probability_overlap_summary.json"", ""evidence_2h_interpretation"": ""g4_g3_overlap_interpretation_profiles.csv"", ""evidence_2ia_policy"": ""g4_g3_scientific_decision_policy_v1.csv"", ""evidence_2ib_owner_revision"": ""g4_g3_owner_policy_revision_v1.csv"", ""evidence_2ic_final_decision"": ""g4_g3_final_scientific_decision_summary.json"", ""expert_approved"": false, ""final_scientific_policy"": ""G4_G3_FINAL_SCIENTIFIC_POLICY_V1"", ""human_reviewed"": false, ""julich_probability_asset"": ""data/atlases/julich/v3.1/spatial_raw/probability_maps/"", ""julich_spatial_component_asset"": ""AREA_FO7_OFC_RIGHT.nii.gz"", ""julich_spatial_component_id"": ""JULICH_BRAIN_CYTOARCHITECTONIC_ATLAS_V3_1_AREA_FO7_OFC"", ""mapping_method_field"": ""spatial_overlap"", ""owner_scientific_review_status"": ""OWNER_SCIENTIFIC_REVIEWED"", ""phase"": ""G4_G3_MAPPING_CANDIDATE_STAGING_V1"", ""production_review_status"": ""pending"", ""relation_artifact"": ""g4_g3_final_relation_decisions.csv"", ""scientific_method"": ""Julich probability x Brainnetome probability + TemplateFlow nonlinear transform + probability-weighted overlap + hard-label auxiliary containment + owner scientific review"", ""semantic_compatibility_status"": null, ""source_canonical_g4_id"": ""NGIQ-BR-00000533"", ""source_coverage_ratio"": 0.35539959445015135, ""target_canonical_g3_id"": ""NGIQ-BR-00000062"", ""target_coverage_ratio"": 0.03688817874552168, ""transform_provenance"": ""data/atlases/templateflow_ref (MNI152NLin2009cAsym_from-MNI152NLin6Asym)""}"
G4G3-STAGE-786EBBFDE01DF016BC01,1435,NGIQ-BR-00000534,Area Fo7 (OFC) left,G4_MICROSTRUCTURAL_FINE,left,177,NGIQ-BR-00000059,"Left Orbital gyrus, Brainnetome 6_2",G3_MESO_FINE,left,dominant_overlap,spatial_overlap,0.549421,0.08119,,,False,proposed,pending,FALSE,FALSE,APPROVE_DOMINANT_OVERLAP,DOMINANT_CRITERIA_V1,,BOUNDARY_METRIC,"{""brainnetome_probability_asset"": ""data/atlases/brainnetome/bna246/volume_raw/BNA_PM_4D.nii.gz"", ""decision_artifact"": ""g4_g3_final_scientific_decisions.csv"", ""decision_reason_code"": ""DOMINANT_CRITERIA_V1"", ""evidence_2g_probability_overlap"": ""g4_g3_probability_overlap_summary.json"", ""evidence_2h_interpretation"": ""g4_g3_overlap_interpretation_profiles.csv"", ""evidence_2ia_policy"": ""g4_g3_scientific_decision_policy_v1.csv"", ""evidence_2ib_owner_revision"": ""g4_g3_owner_policy_revision_v1.csv"", ""evidence_2ic_final_decision"": ""g4_g3_final_scientific_decision_summary.json"", ""expert_approved"": false, ""final_scientific_policy"": ""G4_G3_FINAL_SCIENTIFIC_POLICY_V1"", ""human_reviewed"": false, ""julich_probability_asset"": ""data/atlases/julich/v3.1/spatial_raw/probability_maps/"", ""julich_spatial_component_asset"": ""AREA_FO7_OFC_LEFT.nii.gz"", ""julich_spatial_component_id"": ""JULICH_BRAIN_CYTOARCHITECTONIC_ATLAS_V3_1_AREA_FO7_OFC"", ""mapping_method_field"": ""spatial_overlap"", ""owner_scientific_review_status"": ""OWNER_SCIENTIFIC_REVIEWED"", ""phase"": ""G4_G3_MAPPING_CANDIDATE_STAGING_V1"", ""production_review_status"": ""pending"", ""relation_artifact"": ""g4_g3_final_relation_decisions.csv"", ""scientific_method"": ""Julich probability x Brainnetome probability + TemplateFlow nonlinear transform + probability-weighted overlap + hard-label auxiliary containment + owner scientific review"", ""semantic_compatibility_status"": null, ""source_canonical_g4_id"": ""NGIQ-BR-00000534"", ""source_coverage_ratio"": 0.5494207236974957, ""target_canonical_g3_id"": ""NGIQ-BR-00000059"", ""target_coverage_ratio"": 0.08118960219321203, ""transform_provenance"": ""data/atlases/templateflow_ref (MNI152NLin2009cAsym_from-MNI152NLin6Asym)""}"
G4G3-STAGE-9B6316844F4B1E6CFBE2,1438,NGIQ-BR-00000535,Area Fo4 (OFC) right,G4_MICROSTRUCTURAL_FINE,right,138,NGIQ-BR-00000046,"Right Middle frontal gyrus, Brainnetome 7_7",G3_MESO_FINE,right,partial_overlap,spatial_overlap,0.395859,0.04394,,,False,proposed,pending,FALSE,FALSE,PARTIAL_OVERLAP,OWNER_CONFIRMED_PARTIAL,,,"{""brainnetome_probability_asset"": ""data/atlases/brainnetome/bna246/volume_raw/BNA_PM_4D.nii.gz"", ""decision_artifact"": ""g4_g3_final_scientific_decisions.csv"", ""decision_reason_code"": ""OWNER_CONFIRMED_PARTIAL"", ""evidence_2g_probability_overlap"": ""g4_g3_probability_overlap_summary.json"", ""evidence_2h_interpretation"": ""g4_g3_overlap_interpretation_profiles.csv"", ""evidence_2ia_policy"": ""g4_g3_scientific_decision_policy_v1.csv"", ""evidence_2ib_owner_revision"": ""g4_g3_owner_policy_revision_v1.csv"", ""evidence_2ic_final_decision"": ""g4_g3_final_scientific_decision_summary.json"", ""expert_approved"": false, ""final_scientific_policy"": ""G4_G3_FINAL_SCIENTIFIC_POLICY_V1"", ""human_reviewed"": false, ""julich_probability_asset"": ""data/atlases/julich/v3.1/spatial_raw/probability_maps/"", ""julich_spatial_component_asset"": ""AREA_FO4_OFC_RIGHT.nii.gz"", ""julich_spatial_component_id"": ""JULICH_BRAIN_CYTOARCHITECTONIC_ATLAS_V3_1_AREA_FO4_OFC"", ""mapping_method_field"": ""spatial_overlap"", ""owner_scientific_review_status"": ""OWNER_SCIENTIFIC_REVIEWED"", ""phase"": ""G4_G3_MAPPING_CANDIDATE_STAGING_V1"", ""production_review_status"": ""pending"", ""relation_artifact"": ""g4_g3_final_relation_decisions.csv"", ""scientific_method"": ""Julich probability x Brainnetome probability + TemplateFlow nonlinear transform + probability-weighted overlap + hard-label auxiliary containment + owner scientific review"", ""semantic_compatibility_status"": null, ""source_canonical_g4_id"": ""NGIQ-BR-00000535"", ""source_coverage_ratio"": 0.39585875860108516, ""target_canonical_g3_id"": ""NGIQ-BR-00000046"", ""target_coverage_ratio"": 0.04394024759554107, ""transform_provenance"": ""data/atlases/templateflow_ref (MNI152NLin2009cAsym_from-MNI152NLin6Asym)""}"
G4G3-STAGE-B9ABA33ADB539073B281,1438,NGIQ-BR-00000535,Area Fo4 (OFC) right,G4_MICROSTRUCTURAL_FINE,right,186,NGIQ-BR-00000062,"Right Orbital gyrus, Brainnetome 6_3",G3_MESO_FINE,right,partial_overlap,spatial_overlap,0.306957,0.031386,,,False,proposed,pending,FALSE,FALSE,PARTIAL_OVERLAP,OWNER_CONFIRMED_PARTIAL,,,"{""brainnetome_probability_asset"": ""data/atlases/brainnetome/bna246/volume_raw/BNA_PM_4D.nii.gz"", ""decision_artifact"": ""g4_g3_final_scientific_decisions.csv"", ""decision_reason_code"": ""OWNER_CONFIRMED_PARTIAL"", ""evidence_2g_probability_overlap"": ""g4_g3_probability_overlap_summary.json"", ""evidence_2h_interpretation"": ""g4_g3_overlap_interpretation_profiles.csv"", ""evidence_2ia_policy"": ""g4_g3_scientific_decision_policy_v1.csv"", ""evidence_2ib_owner_revision"": ""g4_g3_owner_policy_revision_v1.csv"", ""evidence_2ic_final_decision"": ""g4_g3_final_scientific_decision_summary.json"", ""expert_approved"": false, ""final_scientific_policy"": ""G4_G3_FINAL_SCIENTIFIC_POLICY_V1"", ""human_reviewed"": false, ""julich_probability_asset"": ""data/atlases/julich/v3.1/spatial_raw/probability_maps/"", ""julich_spatial_component_asset"": ""AREA_FO4_OFC_RIGHT.nii.gz"", ""julich_spatial_component_id"": ""JULICH_BRAIN_CYTOARCHITECTONIC_ATLAS_V3_1_AREA_FO4_OFC"", ""mapping_method_field"": ""spatial_overlap"", ""owner_scientific_review_status"": ""OWNER_SCIENTIFIC_REVIEWED"", ""phase"": ""G4_G3_MAPPING_CANDIDATE_STAGING_V1"", ""production_review_status"": ""pending"", ""relation_artifact"": ""g4_g3_final_relation_decisions.csv"", ""scientific_method"": ""Julich probability x Brainnetome probability + TemplateFlow nonlinear transform + probability-weighted overlap + hard-label auxiliary containment + owner scientific review"", ""semantic_compatibility_status"": null, ""source_canonical_g4_id"": ""NGIQ-BR-00000535"", ""source_coverage_ratio"": 0.3069570427170453, ""target_canonical_g3_id"": ""NGIQ-BR-00000062"", ""target_coverage_ratio"": 0.031385780129603545, ""transform_provenance"": ""data/atlases/templateflow_ref (MNI152NLin2009cAsym_from-MNI152NLin6Asym)""}"
G4G3-STAGE-4FD50DE2A35C1DF9B656,1438,NGIQ-BR-00000535,Area Fo4 (OFC) right,G4_MICROSTRUCTURAL_FINE,right,180,NGIQ-BR-00000060,"Right Orbital gyrus, Brainnetome 6_2",G3_MESO_FINE,right,partial_overlap,spatial_overlap,0.224643,0.044742,,,False,proposed,pending,FALSE,FALSE,PARTIAL_OVERLAP,OWNER_CONFIRMED_PARTIAL,,,"{""brainnetome_probability_asset"": ""data/atlases/brainnetome/bna246/volume_raw/BNA_PM_4D.nii.gz"", ""decision_artifact"": ""g4_g3_final_scientific_decisions.csv"", ""decision_reason_code"": ""OWNER_CONFIRMED_PARTIAL"", ""evidence_2g_probability_overlap"": ""g4_g3_probability_overlap_summary.json"", ""evidence_2h_interpretation"": ""g4_g3_overlap_interpretation_profiles.csv"", ""evidence_2ia_policy"": ""g4_g3_scientific_decision_policy_v1.csv"", ""evidence_2ib_owner_revision"": ""g4_g3_owner_policy_revision_v1.csv"", ""evidence_2ic_final_decision"": ""g4_g3_final_scientific_decision_summary.json"", ""expert_approved"": false, ""final_scientific_policy"": ""G4_G3_FINAL_SCIENTIFIC_POLICY_V1"", ""human_reviewed"": false, ""julich_probability_asset"": ""data/atlases/julich/v3.1/spatial_raw/probability_maps/"", ""julich_spatial_component_asset"": ""AREA_FO4_OFC_RIGHT.nii.gz"", ""julich_spatial_component_id"": ""JULICH_BRAIN_CYTOARCHITECTONIC_ATLAS_V3_1_AREA_FO4_OFC"", ""mapping_method_field"": ""spatial_overlap"", ""owner_scientific_review_status"": ""OWNER_SCIENTIFIC_REVIEWED"", ""phase"": ""G4_G3_MAPPING_CANDIDATE_STAGING_V1"", ""production_review_status"": ""pending"", ""relation_artifact"": ""g4_g3_final_relation_decisions.csv"", ""scientific_method"": ""Julich probability x Brainnetome probability + TemplateFlow nonlinear transform + probability-weighted overlap + hard-label auxiliary containment + owner scientific review"", ""semantic_compatibility_status"": null, ""source_canonical_g4_id"": ""NGIQ-BR-00000535"", ""source_coverage_ratio"": 0.2246432591280399, ""target_canonical_g3_id"": ""NGIQ-BR-00000060"", ""target_coverage_ratio"": 0.04474185300779039, ""transform_provenance"": ""data/atlases/templateflow_ref (MNI152NLin2009cAsym_from-MNI152NLin6Asym)""}"
G4G3-STAGE-9221400B8E23F42F4319,1441,NGIQ-BR-00000536,Area Fo4 (OFC) left,G4_MICROSTRUCTURAL_FINE,left,183,NGIQ-BR-00000061,"Left Orbital gyrus, Brainnetome 6_3",G3_MESO_FINE,left,dominant_overlap,spatial_overlap,0.576121,0.050392,,,False,proposed,pending,FALSE,FALSE,APPROVE_DOMINANT_OVERLAP,DOMINANT_CRITERIA_V1,,,"{""brainnetome_probability_asset"": ""data/atlases/brainnetome/bna246/volume_raw/BNA_PM_4D.nii.gz"", ""decision_artifact"": ""g4_g3_final_scientific_decisions.csv"", ""decision_reason_code"": ""DOMINANT_CRITERIA_V1"", ""evidence_2g_probability_overlap"": ""g4_g3_probability_overlap_summary.json"", ""evidence_2h_interpretation"": ""g4_g3_overlap_interpretation_profiles.csv"", ""evidence_2ia_policy"": ""g4_g3_scientific_decision_policy_v1.csv"", ""evidence_2ib_owner_revision"": ""g4_g3_owner_policy_revision_v1.csv"", ""evidence_2ic_final_decision"": ""g4_g3_final_scientific_decision_summary.json"", ""expert_approved"": false, ""final_scientific_policy"": ""G4_G3_FINAL_SCIENTIFIC_POLICY_V1"", ""human_reviewed"": false, ""julich_probability_asset"": ""data/atlases/julich/v3.1/spatial_raw/probability_maps/"", ""julich_spatial_component_asset"": ""AREA_FO4_OFC_LEFT.nii.gz"", ""julich_spatial_component_id"": ""JULICH_BRAIN_CYTOARCHITECTONIC_ATLAS_V3_1_AREA_FO4_OFC"", ""mapping_method_field"": ""spatial_overlap"", ""owner_scientific_review_status"": ""OWNER_SCIENTIFIC_REVIEWED"", ""phase"": ""G4_G3_MAPPING_CANDIDATE_STAGING_V1"", ""production_review_status"": ""pending"", ""relation_artifact"": ""g4_g3_final_relation_decisions.csv"", ""scientific_method"": ""Julich probability x Brainnetome probability + TemplateFlow nonlinear transform + probability-weighted overlap + hard-label auxiliary containment + owner scientific review"", ""semantic_compatibility_status"": null, ""source_canonical_g4_id"": ""NGIQ-BR-00000536"", ""source_coverage_ratio"": 0.576120776306889, ""target_canonical_g3_id"": ""NGIQ-BR-00000061"", ""target_coverage_ratio"": 0.05039220135661048, ""transform_provenance"": ""data/atlases/templateflow_ref (MNI152NLin2009cAsym_from-MNI152NLin6Asym)""}"
G4G3-STAGE-DB03C4058FBBD479882D,1444,NGIQ-BR-00000537,Area Ig3 (Insula) right,G4_MICROSTRUCTURAL_FINE,right,534,NGIQ-BR-00000178,"Right Insular gyrus, Brainnetome 6_5",G3_MESO_FINE,right,dominant_overlap,spatial_overlap,0.620508,0.095853,,,False,proposed,pending,FALSE,FALSE,APPROVE_DOMINANT_OVERLAP,DOMINANT_CRITERIA_V1,,,"{""brainnetome_probability_asset"": ""data/atlases/brainnetome/bna246/volume_raw/BNA_PM_4D.nii.gz"", ""decision_artifact"": ""g4_g3_final_scientific_decisions.csv"", ""decision_reason_code"": ""DOMINANT_CRITERIA_V1"", ""evidence_2g_probability_overlap"": ""g4_g3_probability_overlap_summary.json"", ""evidence_2h_interpretation"": ""g4_g3_overlap_interpretation_profiles.csv"", ""evidence_2ia_policy"": ""g4_g3_scientific_decision_policy_v1.csv"", ""evidence_2ib_owner_revision"": ""g4_g3_owner_policy_revision_v1.csv"", ""evidence_2ic_final_decision"": ""g4_g3_final_scientific_decision_summary.json"", ""expert_approved"": false, ""final_scientific_policy"": ""G4_G3_FINAL_SCIENTIFIC_POLICY_V1"", ""human_reviewed"": false, ""julich_probability_asset"": ""data/atlases/julich/v3.1/spatial_raw/probability_maps/"", ""julich_spatial_component_asset"": ""AREA_IG3_INSULA_RIGHT.nii.gz"", ""julich_spatial_component_id"": ""JULICH_BRAIN_CYTOARCHITECTONIC_ATLAS_V3_1_AREA_IG3_INSULA"", ""mapping_method_field"": ""spatial_overlap"", ""owner_scientific_review_status"": ""OWNER_SCIENTIFIC_REVIEWED"", ""phase"": ""G4_G3_MAPPING_CANDIDATE_STAGING_V1"", ""production_review_status"": ""pending"", ""relation_artifact"": ""g4_g3_final_relation_decisions.csv"", ""scientific_method"": ""Julich probability x Brainnetome probability + TemplateFlow nonlinear transform + probability-weighted overlap + hard-label auxiliary containment + owner scientific review"", ""semantic_compatibility_status"": null, ""source_canonical_g4_id"": ""NGIQ-BR-00000537"", ""source_coverage_ratio"": 0.6205080650144218, ""target_canonical_g3_id"": ""NGIQ-BR-00000178"", ""target_coverage_ratio"": 0.09585345738916233, ""transform_provenance"": ""data/atlases/templateflow_ref (MNI152NLin2009cAsym_from-MNI152NLin6Asym)""}"
G4G3-STAGE-F05704D7ACF4F848E175,1447,NGIQ-BR-00000538,Area Ig3 (Insula) left,G4_MICROSTRUCTURAL_FINE,left,531,NGIQ-BR-00000177,"Left Insular gyrus, Brainnetome 6_5",G3_MESO_FINE,left,dominant_overlap,spatial_overlap,0.660575,0.062098,,,False,proposed,pending,FALSE,FALSE,APPROVE_DOMINANT_OVERLAP,DOMINANT_CRITERIA_V1,,,"{""brainnetome_probability_asset"": ""data/atlases/brainnetome/bna246/volume_raw/BNA_PM_4D.nii.gz"", ""decision_artifact"": ""g4_g3_final_scientific_decisions.csv"", ""decision_reason_code"": ""DOMINANT_CRITERIA_V1"", ""evidence_2g_probability_overlap"": ""g4_g3_probability_overlap_summary.json"", ""evidence_2h_interpretation"": ""g4_g3_overlap_interpretation_profiles.csv"", ""evidence_2ia_policy"": ""g4_g3_scientific_decision_policy_v1.csv"", ""evidence_2ib_owner_revision"": ""g4_g3_owner_policy_revision_v1.csv"", ""evidence_2ic_final_decision"": ""g4_g3_final_scientific_decision_summary.json"", ""expert_approved"": false, ""final_scientific_policy"": ""G4_G3_FINAL_SCIENTIFIC_POLICY_V1"", ""human_reviewed"": false, ""julich_probability_asset"": ""data/atlases/julich/v3.1/spatial_raw/probability_maps/"", ""julich_spatial_component_asset"": ""AREA_IG3_INSULA_LEFT.nii.gz"", ""julich_spatial_component_id"": ""JULICH_BRAIN_CYTOARCHITECTONIC_ATLAS_V3_1_AREA_IG3_INSULA"", ""mapping_method_field"": ""spatial_overlap"", ""owner_scientific_review_status"": ""OWNER_SCIENTIFIC_REVIEWED"", ""phase"": ""G4_G3_MAPPING_CANDIDATE_STAGING_V1"", ""production_review_status"": ""pending"", ""relation_artifact"": ""g4_g3_final_relation_decisions.csv"", ""scientific_method"": ""Julich probability x Brainnetome probability + TemplateFlow nonlinear transform + probability-weighted overlap + hard-label auxiliary containment + owner scientific review"", ""semantic_compatibility_status"": null, ""source_canonical_g4_id"": ""NGIQ-BR-00000538"", ""source_coverage_ratio"": 0.6605753990327147, ""target_canonical_g3_id"": ""NGIQ-BR-00000177"", ""target_coverage_ratio"": 0.06209798667107597, ""transform_provenance"": ""data/atlases/templateflow_ref (MNI152NLin2009cAsym_from-MNI152NLin6Asym)""}"
G4G3-STAGE-1888E03205D1E1DD1CA7,1450,NGIQ-BR-00000539,Area Ig1 (Insula) right,G4_MICROSTRUCTURAL_FINE,right,42,NGIQ-BR-00000014,"Right Insular gyrus, Brainnetome 6_1",G3_MESO_FINE,right,dominant_overlap,spatial_overlap,0.693754,0.099637,,,False,proposed,pending,FALSE,FALSE,APPROVE_DOMINANT_OVERLAP,DOMINANT_CRITERIA_V1,,,"{""brainnetome_probability_asset"": ""data/atlases/brainnetome/bna246/volume_raw/BNA_PM_4D.nii.gz"", ""decision_artifact"": ""g4_g3_final_scientific_decisions.csv"", ""decision_reason_code"": ""DOMINANT_CRITERIA_V1"", ""evidence_2g_probability_overlap"": ""g4_g3_probability_overlap_summary.json"", ""evidence_2h_interpretation"": ""g4_g3_overlap_interpretation_profiles.csv"", ""evidence_2ia_policy"": ""g4_g3_scientific_decision_policy_v1.csv"", ""evidence_2ib_owner_revision"": ""g4_g3_owner_policy_revision_v1.csv"", ""evidence_2ic_final_decision"": ""g4_g3_final_scientific_decision_summary.json"", ""expert_approved"": false, ""final_scientific_policy"": ""G4_G3_FINAL_SCIENTIFIC_POLICY_V1"", ""human_reviewed"": false, ""julich_probability_asset"": ""data/atlases/julich/v3.1/spatial_raw/probability_maps/"", ""julich_spatial_component_asset"": ""AREA_IG1_INSULA_RIGHT.nii.gz"", ""julich_spatial_component_id"": ""JULICH_BRAIN_CYTOARCHITECTONIC_ATLAS_V3_1_AREA_IG1_INSULA"", ""mapping_method_field"": ""spatial_overlap"", ""owner_scientific_review_status"": ""OWNER_SCIENTIFIC_REVIEWED"", ""phase"": ""G4_G3_MAPPING_CANDIDATE_STAGING_V1"", ""production_review_status"": ""pending"", ""relation_artifact"": ""g4_g3_final_relation_decisions.csv"", ""scientific_method"": ""Julich probability x Brainnetome probability + TemplateFlow nonlinear transform + probability-weighted overlap + hard-label auxiliary containment + owner scientific review"", ""semantic_compatibility_status"": null, ""source_canonical_g4_id"": ""NGIQ-BR-00000539"", ""source_coverage_ratio"": 0.6937538412814932, ""target_canonical_g3_id"": ""NGIQ-BR-00000014"", ""target_coverage_ratio"": 0.09963740188666734, ""transform_provenance"": ""data/atlases/templateflow_ref (MNI152NLin2009cAsym_from-MNI152NLin6Asym)""}"
G4G3-STAGE-24D6C90F261F7DAE0075,1453,NGIQ-BR-00000540,Area Ig1 (Insula) left,G4_MICROSTRUCTURAL_FINE,left,39,NGIQ-BR-00000013,"Left Insular gyrus, Brainnetome 6_1",G3_MESO_FINE,left,dominant_overlap,spatial_overlap,0.743071,0.098886,,,False,proposed,pending,FALSE,FALSE,APPROVE_DOMINANT_OVERLAP,DOMINANT_CRITERIA_V1,,,"{""brainnetome_probability_asset"": ""data/atlases/brainnetome/bna246/volume_raw/BNA_PM_4D.nii.gz"", ""decision_artifact"": ""g4_g3_final_scientific_decisions.csv"", ""decision_reason_code"": ""DOMINANT_CRITERIA_V1"", ""evidence_2g_probability_overlap"": ""g4_g3_probability_overlap_summary.json"", ""evidence_2h_interpretation"": ""g4_g3_overlap_interpretation_profiles.csv"", ""evidence_2ia_policy"": ""g4_g3_scientific_decision_policy_v1.csv"", ""evidence_2ib_owner_revision"": ""g4_g3_owner_policy_revision_v1.csv"", ""evidence_2ic_final_decision"": ""g4_g3_final_scientific_decision_summary.json"", ""expert_approved"": false, ""final_scientific_policy"": ""G4_G3_FINAL_SCIENTIFIC_POLICY_V1"", ""human_reviewed"": false, ""julich_probability_asset"": ""data/atlases/julich/v3.1/spatial_raw/probability_maps/"", ""julich_spatial_component_asset"": ""AREA_IG1_INSULA_LEFT.nii.gz"", ""julich_spatial_component_id"": ""JULICH_BRAIN_CYTOARCHITECTONIC_ATLAS_V3_1_AREA_IG1_INSULA"", ""mapping_method_field"": ""spatial_overlap"", ""owner_scientific_review_status"": ""OWNER_SCIENTIFIC_REVIEWED"", ""phase"": ""G4_G3_MAPPING_CANDIDATE_STAGING_V1"", ""production_review_status"": ""pending"", ""relation_artifact"": ""g4_g3_final_relation_decisions.csv"", ""scientific_method"": ""Julich probability x Brainnetome probability + TemplateFlow nonlinear transform + probability-weighted overlap + hard-label auxiliary containment + owner scientific review"", ""semantic_compatibility_status"": null, ""source_canonical_g4_id"": ""NGIQ-BR-00000540"", ""source_coverage_ratio"": 0.7430705505689742, ""target_canonical_g3_id"": ""NGIQ-BR-00000013"", ""target_coverage_ratio"": 0.0988857852733329, ""transform_provenance"": ""data/atlases/templateflow_ref (MNI152NLin2009cAsym_from-MNI152NLin6Asym)""}"
G4G3-STAGE-F95F92B524529C3D518F,1456,NGIQ-BR-00000541,Area Ig2 (Insula) right,G4_MICROSTRUCTURAL_FINE,right,42,NGIQ-BR-00000014,"Right Insular gyrus, Brainnetome 6_1",G3_MESO_FINE,right,dominant_overlap,spatial_overlap,0.728074,0.156536,,,False,proposed,pending,FALSE,FALSE,APPROVE_DOMINANT_OVERLAP,DOMINANT_CRITERIA_V1,,,"{""brainnetome_probability_asset"": ""data/atlases/brainnetome/bna246/volume_raw/BNA_PM_4D.nii.gz"", ""decision_artifact"": ""g4_g3_final_scientific_decisions.csv"", ""decision_reason_code"": ""DOMINANT_CRITERIA_V1"", ""evidence_2g_probability_overlap"": ""g4_g3_probability_overlap_summary.json"", ""evidence_2h_interpretation"": ""g4_g3_overlap_interpretation_profiles.csv"", ""evidence_2ia_policy"": ""g4_g3_scientific_decision_policy_v1.csv"", ""evidence_2ib_owner_revision"": ""g4_g3_owner_policy_revision_v1.csv"", ""evidence_2ic_final_decision"": ""g4_g3_final_scientific_decision_summary.json"", ""expert_approved"": false, ""final_scientific_policy"": ""G4_G3_FINAL_SCIENTIFIC_POLICY_V1"", ""human_reviewed"": false, ""julich_probability_asset"": ""data/atlases/julich/v3.1/spatial_raw/probability_maps/"", ""julich_spatial_component_asset"": ""AREA_IG2_INSULA_RIGHT.nii.gz"", ""julich_spatial_component_id"": ""JULICH_BRAIN_CYTOARCHITECTONIC_ATLAS_V3_1_AREA_IG2_INSULA"", ""mapping_method_field"": ""spatial_overlap"", ""owner_scientific_review_status"": ""OWNER_SCIENTIFIC_REVIEWED"", ""phase"": ""G4_G3_MAPPING_CANDIDATE_STAGING_V1"", ""production_review_status"": ""pending"", ""relation_artifact"": ""g4_g3_final_relation_decisions.csv"", ""scientific_method"": ""Julich probability x Brainnetome probability + TemplateFlow nonlinear transform + probability-weighted overlap + hard-label auxiliary containment + owner scientific review"", ""semantic_compatibility_status"": null, ""source_canonical_g4_id"": ""NGIQ-BR-00000541"", ""source_coverage_ratio"": 0.7280744390314094, ""target_canonical_g3_id"": ""NGIQ-BR-00000014"", ""target_coverage_ratio"": 0.1565360120814889, ""transform_provenance"": ""data/atlases/templateflow_ref (MNI152NLin2009cAsym_from-MNI152NLin6Asym)""}"
G4G3-STAGE-AA7EC517EABE6AF8E1D0,1459,NGIQ-BR-00000542,Area Ig2 (Insula) left,G4_MICROSTRUCTURAL_FINE,left,39,NGIQ-BR-00000013,"Left Insular gyrus, Brainnetome 6_1",G3_MESO_FINE,left,dominant_overlap,spatial_overlap,0.790602,0.09786,,,False,proposed,pending,FALSE,FALSE,APPROVE_DOMINANT_OVERLAP,DOMINANT_CRITERIA_V1,,,"{""brainnetome_probability_asset"": ""data/atlases/brainnetome/bna246/volume_raw/BNA_PM_4D.nii.gz"", ""decision_artifact"": ""g4_g3_final_scientific_decisions.csv"", ""decision_reason_code"": ""DOMINANT_CRITERIA_V1"", ""evidence_2g_probability_overlap"": ""g4_g3_probability_overlap_summary.json"", ""evidence_2h_interpretation"": ""g4_g3_overlap_interpretation_profiles.csv"", ""evidence_2ia_policy"": ""g4_g3_scientific_decision_policy_v1.csv"", ""evidence_2ib_owner_revision"": ""g4_g3_owner_policy_revision_v1.csv"", ""evidence_2ic_final_decision"": ""g4_g3_final_scientific_decision_summary.json"", ""expert_approved"": false, ""final_scientific_policy"": ""G4_G3_FINAL_SCIENTIFIC_POLICY_V1"", ""human_reviewed"": false, ""julich_probability_asset"": ""data/atlases/julich/v3.1/spatial_raw/probability_maps/"", ""julich_spatial_component_asset"": ""AREA_IG2_INSULA_LEFT.nii.gz"", ""julich_spatial_component_id"": ""JULICH_BRAIN_CYTOARCHITECTONIC_ATLAS_V3_1_AREA_IG2_INSULA"", ""mapping_method_field"": ""spatial_overlap"", ""owner_scientific_review_status"": ""OWNER_SCIENTIFIC_REVIEWED"", ""phase"": ""G4_G3_MAPPING_CANDIDATE_STAGING_V1"", ""production_review_status"": ""pending"", ""relation_artifact"": ""g4_g3_final_relation_decisions.csv"", ""scientific_method"": ""Julich probability x Brainnetome probability + TemplateFlow nonlinear transform + probability-weighted overlap + hard-label auxiliary containment + owner scientific review"", ""semantic_compatibility_status"": null, ""source_canonical_g4_id"": ""NGIQ-BR-00000542"", ""source_coverage_ratio"": 0.7906020116347523, ""target_canonical_g3_id"": ""NGIQ-BR-00000013"", ""target_coverage_ratio"": 0.0978595271804365, ""transform_provenance"": ""data/atlases/templateflow_ref (MNI152NLin2009cAsym_from-MNI152NLin6Asym)""}"
G4G3-STAGE-10027A095ABE78D5A3B3,1462,NGIQ-BR-00000543,Area Ia2 (Insula) right,G4_MICROSTRUCTURAL_FINE,right,276,NGIQ-BR-00000092,"Right Superior temporal gyrus, Brainnetome 6_5",G3_MESO_FINE,right,dominant_overlap,spatial_overlap,0.60037,0.016399,,,False,proposed,pending,FALSE,FALSE,APPROVE_DOMINANT_OVERLAP,DOMINANT_CRITERIA_V1,,,"{""brainnetome_probability_asset"": ""data/atlases/brainnetome/bna246/volume_raw/BNA_PM_4D.nii.gz"", ""decision_artifact"": ""g4_g3_final_scientific_decisions.csv"", ""decision_reason_code"": ""DOMINANT_CRITERIA_V1"", ""evidence_2g_probability_overlap"": ""g4_g3_probability_overlap_summary.json"", ""evidence_2h_interpretation"": ""g4_g3_overlap_interpretation_profiles.csv"", ""evidence_2ia_policy"": ""g4_g3_scientific_decision_policy_v1.csv"", ""evidence_2ib_owner_revision"": ""g4_g3_owner_policy_revision_v1.csv"", ""evidence_2ic_final_decision"": ""g4_g3_final_scientific_decision_summary.json"", ""expert_approved"": false, ""final_scientific_policy"": ""G4_G3_FINAL_SCIENTIFIC_POLICY_V1"", ""human_reviewed"": false, ""julich_probability_asset"": ""data/atlases/julich/v3.1/spatial_raw/probability_maps/"", ""julich_spatial_component_asset"": ""AREA_IA2_INSULA_RIGHT.nii.gz"", ""julich_spatial_component_id"": ""JULICH_BRAIN_CYTOARCHITECTONIC_ATLAS_V3_1_AREA_IA2_INSULA"", ""mapping_method_field"": ""spatial_overlap"", ""owner_scientific_review_status"": ""OWNER_SCIENTIFIC_REVIEWED"", ""phase"": ""G4_G3_MAPPING_CANDIDATE_STAGING_V1"", ""production_review_status"": ""pending"", ""relation_artifact"": ""g4_g3_final_relation_decisions.csv"", ""scientific_method"": ""Julich probability x Brainnetome probability + TemplateFlow nonlinear transform + probability-weighted overlap + hard-label auxiliary containment + owner scientific review"", ""semantic_compatibility_status"": null, ""source_canonical_g4_id"": ""NGIQ-BR-00000543"", ""source_coverage_ratio"": 0.6003704660864799, ""target_canonical_g3_id"": ""NGIQ-BR-00000092"", ""target_coverage_ratio"": 0.01639879912781471, ""transform_provenance"": ""data/atlases/templateflow_ref (MNI152NLin2009cAsym_from-MNI152NLin6Asym)""}"
G4G3-STAGE-02189374170C450EF2C8,1465,NGIQ-BR-00000544,Area Ia2 (Insula) left,G4_MICROSTRUCTURAL_FINE,left,273,NGIQ-BR-00000091,"Left Superior temporal gyrus, Brainnetome 6_5",G3_MESO_FINE,left,dominant_overlap,spatial_overlap,0.728542,0.016475,,,False,proposed,pending,FALSE,FALSE,APPROVE_DOMINANT_OVERLAP,DOMINANT_CRITERIA_V1,,,"{""brainnetome_probability_asset"": ""data/atlases/brainnetome/bna246/volume_raw/BNA_PM_4D.nii.gz"", ""decision_artifact"": ""g4_g3_final_scientific_decisions.csv"", ""decision_reason_code"": ""DOMINANT_CRITERIA_V1"", ""evidence_2g_probability_overlap"": ""g4_g3_probability_overlap_summary.json"", ""evidence_2h_interpretation"": ""g4_g3_overlap_interpretation_profiles.csv"", ""evidence_2ia_policy"": ""g4_g3_scientific_decision_policy_v1.csv"", ""evidence_2ib_owner_revision"": ""g4_g3_owner_policy_revision_v1.csv"", ""evidence_2ic_final_decision"": ""g4_g3_final_scientific_decision_summary.json"", ""expert_approved"": false, ""final_scientific_policy"": ""G4_G3_FINAL_SCIENTIFIC_POLICY_V1"", ""human_reviewed"": false, ""julich_probability_asset"": ""data/atlases/julich/v3.1/spatial_raw/probability_maps/"", ""julich_spatial_component_asset"": ""AREA_IA2_INSULA_LEFT.nii.gz"", ""julich_spatial_component_id"": ""JULICH_BRAIN_CYTOARCHITECTONIC_ATLAS_V3_1_AREA_IA2_INSULA"", ""mapping_method_field"": ""spatial_overlap"", ""owner_scientific_review_status"": ""OWNER_SCIENTIFIC_REVIEWED"", ""phase"": ""G4_G3_MAPPING_CANDIDATE_STAGING_V1"", ""production_review_status"": ""pending"", ""relation_artifact"": ""g4_g3_final_relation_decisions.csv"", ""scientific_method"": ""Julich probability x Brainnetome probability + TemplateFlow nonlinear transform + probability-weighted overlap + hard-label auxiliary containment + owner scientific review"", ""semantic_compatibility_status"": null, ""source_canonical_g4_id"": ""NGIQ-BR-00000544"", ""source_coverage_ratio"": 0.7285422607142561, ""target_canonical_g3_id"": ""NGIQ-BR-00000091"", ""target_coverage_ratio"": 0.016475213585426387, ""transform_provenance"": ""data/atlases/templateflow_ref (MNI152NLin2009cAsym_from-MNI152NLin6Asym)""}"
G4G3-STAGE-AD6D542F98E4718D19B1,1468,NGIQ-BR-00000545,Area Ia1 (Insula) right,G4_MICROSTRUCTURAL_FINE,right,528,NGIQ-BR-00000176,"Right Insular gyrus, Brainnetome 6_4",G3_MESO_FINE,right,dominant_overlap,spatial_overlap,0.680774,0.057491,,,False,proposed,pending,FALSE,FALSE,APPROVE_DOMINANT_OVERLAP,DOMINANT_CRITERIA_V1,,,"{""brainnetome_probability_asset"": ""data/atlases/brainnetome/bna246/volume_raw/BNA_PM_4D.nii.gz"", ""decision_artifact"": ""g4_g3_final_scientific_decisions.csv"", ""decision_reason_code"": ""DOMINANT_CRITERIA_V1"", ""evidence_2g_probability_overlap"": ""g4_g3_probability_overlap_summary.json"", ""evidence_2h_interpretation"": ""g4_g3_overlap_interpretation_profiles.csv"", ""evidence_2ia_policy"": ""g4_g3_scientific_decision_policy_v1.csv"", ""evidence_2ib_owner_revision"": ""g4_g3_owner_policy_revision_v1.csv"", ""evidence_2ic_final_decision"": ""g4_g3_final_scientific_decision_summary.json"", ""expert_approved"": false, ""final_scientific_policy"": ""G4_G3_FINAL_SCIENTIFIC_POLICY_V1"", ""human_reviewed"": false, ""julich_probability_asset"": ""data/atlases/julich/v3.1/spatial_raw/probability_maps/"", ""julich_spatial_component_asset"": ""AREA_IA1_INSULA_RIGHT.nii.gz"", ""julich_spatial_component_id"": ""JULICH_BRAIN_CYTOARCHITECTONIC_ATLAS_V3_1_AREA_IA1_INSULA"", ""mapping_method_field"": ""spatial_overlap"", ""owner_scientific_review_status"": ""OWNER_SCIENTIFIC_REVIEWED"", ""phase"": ""G4_G3_MAPPING_CANDIDATE_STAGING_V1"", ""production_review_status"": ""pending"", ""relation_artifact"": ""g4_g3_final_relation_decisions.csv"", ""scientific_method"": ""Julich probability x Brainnetome probability + TemplateFlow nonlinear transform + probability-weighted overlap + hard-label auxiliary containment + owner scientific review"", ""semantic_compatibility_status"": null, ""source_canonical_g4_id"": ""NGIQ-BR-00000545"", ""source_coverage_ratio"": 0.6807741811402387, ""target_canonical_g3_id"": ""NGIQ-BR-00000176"", ""target_coverage_ratio"": 0.057491260841034814, ""transform_provenance"": ""data/atlases/templateflow_ref (MNI152NLin2009cAsym_from-MNI152NLin6Asym)""}"
G4G3-STAGE-E19D46B72D82D5BC4C30,1471,NGIQ-BR-00000546,Area Ia1 (Insula) left,G4_MICROSTRUCTURAL_FINE,left,525,NGIQ-BR-00000175,"Left Insular gyrus, Brainnetome 6_4",G3_MESO_FINE,left,dominant_overlap,spatial_overlap,0.808749,0.040715,,,False,proposed,pending,FALSE,FALSE,APPROVE_DOMINANT_OVERLAP,DOMINANT_CRITERIA_V1,,,"{""brainnetome_probability_asset"": ""data/atlases/brainnetome/bna246/volume_raw/BNA_PM_4D.nii.gz"", ""decision_artifact"": ""g4_g3_final_scientific_decisions.csv"", ""decision_reason_code"": ""DOMINANT_CRITERIA_V1"", ""evidence_2g_probability_overlap"": ""g4_g3_probability_overlap_summary.json"", ""evidence_2h_interpretation"": ""g4_g3_overlap_interpretation_profiles.csv"", ""evidence_2ia_policy"": ""g4_g3_scientific_decision_policy_v1.csv"", ""evidence_2ib_owner_revision"": ""g4_g3_owner_policy_revision_v1.csv"", ""evidence_2ic_final_decision"": ""g4_g3_final_scientific_decision_summary.json"", ""expert_approved"": false, ""final_scientific_policy"": ""G4_G3_FINAL_SCIENTIFIC_POLICY_V1"", ""human_reviewed"": false, ""julich_probability_asset"": ""data/atlases/julich/v3.1/spatial_raw/probability_maps/"", ""julich_spatial_component_asset"": ""AREA_IA1_INSULA_LEFT.nii.gz"", ""julich_spatial_component_id"": ""JULICH_BRAIN_CYTOARCHITECTONIC_ATLAS_V3_1_AREA_IA1_INSULA"", ""mapping_method_field"": ""spatial_overlap"", ""owner_scientific_review_status"": ""OWNER_SCIENTIFIC_REVIEWED"", ""phase"": ""G4_G3_MAPPING_CANDIDATE_STAGING_V1"", ""production_review_status"": ""pending"", ""relation_artifact"": ""g4_g3_final_relation_decisions.csv"", ""scientific_method"": ""Julich probability x Brainnetome probability + TemplateFlow nonlinear transform + probability-weighted overlap + hard-label auxiliary containment + owner scientific review"", ""semantic_compatibility_status"": null, ""source_canonical_g4_id"": ""NGIQ-BR-00000546"", ""source_coverage_ratio"": 0.8087492685756855, ""target_canonical_g3_id"": ""NGIQ-BR-00000175"", ""target_coverage_ratio"": 0.040714888904654065, ""transform_provenance"": ""data/atlases/templateflow_ref (MNI152NLin2009cAsym_from-MNI152NLin6Asym)""}"
G4G3-STAGE-46B165107C6C50CDA45E,1474,NGIQ-BR-00000547,Area Ia3 (Insula) right,G4_MICROSTRUCTURAL_FINE,right,528,NGIQ-BR-00000176,"Right Insular gyrus, Brainnetome 6_4",G3_MESO_FINE,right,contained_in,spatial_overlap,0.898185,0.074543,,,True,proposed,pending,FALSE,FALSE,APPROVE_CONTAINED_IN,OWNER_CONFIRMED_CONTAINED,EXACT_FAMILY,,"{""brainnetome_probability_asset"": ""data/atlases/brainnetome/bna246/volume_raw/BNA_PM_4D.nii.gz"", ""decision_artifact"": ""g4_g3_final_scientific_decisions.csv"", ""decision_reason_code"": ""OWNER_CONFIRMED_CONTAINED"", ""evidence_2g_probability_overlap"": ""g4_g3_probability_overlap_summary.json"", ""evidence_2h_interpretation"": ""g4_g3_overlap_interpretation_profiles.csv"", ""evidence_2ia_policy"": ""g4_g3_scientific_decision_policy_v1.csv"", ""evidence_2ib_owner_revision"": ""g4_g3_owner_policy_revision_v1.csv"", ""evidence_2ic_final_decision"": ""g4_g3_final_scientific_decision_summary.json"", ""expert_approved"": false, ""final_scientific_policy"": ""G4_G3_FINAL_SCIENTIFIC_POLICY_V1"", ""human_reviewed"": false, ""julich_probability_asset"": ""data/atlases/julich/v3.1/spatial_raw/probability_maps/"", ""julich_spatial_component_asset"": ""AREA_IA3_INSULA_RIGHT.nii.gz"", ""julich_spatial_component_id"": ""JULICH_BRAIN_CYTOARCHITECTONIC_ATLAS_V3_1_AREA_IA3_INSULA"", ""mapping_method_field"": ""spatial_overlap"", ""owner_scientific_review_status"": ""OWNER_SCIENTIFIC_REVIEWED"", ""phase"": ""G4_G3_MAPPING_CANDIDATE_STAGING_V1"", ""production_review_status"": ""pending"", ""relation_artifact"": ""g4_g3_final_relation_decisions.csv"", ""scientific_method"": ""Julich probability x Brainnetome probability + TemplateFlow nonlinear transform + probability-weighted overlap + hard-label auxiliary containment + owner scientific review"", ""semantic_compatibility_status"": ""EXACT_FAMILY"", ""source_canonical_g4_id"": ""NGIQ-BR-00000547"", ""source_coverage_ratio"": 0.8981847204247916, ""target_canonical_g3_id"": ""NGIQ-BR-00000176"", ""target_coverage_ratio"": 0.07454264835692087, ""transform_provenance"": ""data/atlases/templateflow_ref (MNI152NLin2009cAsym_from-MNI152NLin6Asym)""}"
G4G3-STAGE-69EA8541320A4825CDDC,1477,NGIQ-BR-00000548,Area Ia3 (Insula) left,G4_MICROSTRUCTURAL_FINE,left,525,NGIQ-BR-00000175,"Left Insular gyrus, Brainnetome 6_4",G3_MESO_FINE,left,contained_in,spatial_overlap,0.879299,0.067357,,,True,proposed,pending,FALSE,FALSE,APPROVE_CONTAINED_IN,OWNER_CONFIRMED_CONTAINED,EXACT_FAMILY,,"{""brainnetome_probability_asset"": ""data/atlases/brainnetome/bna246/volume_raw/BNA_PM_4D.nii.gz"", ""decision_artifact"": ""g4_g3_final_scientific_decisions.csv"", ""decision_reason_code"": ""OWNER_CONFIRMED_CONTAINED"", ""evidence_2g_probability_overlap"": ""g4_g3_probability_overlap_summary.json"", ""evidence_2h_interpretation"": ""g4_g3_overlap_interpretation_profiles.csv"", ""evidence_2ia_policy"": ""g4_g3_scientific_decision_policy_v1.csv"", ""evidence_2ib_owner_revision"": ""g4_g3_owner_policy_revision_v1.csv"", ""evidence_2ic_final_decision"": ""g4_g3_final_scientific_decision_summary.json"", ""expert_approved"": false, ""final_scientific_policy"": ""G4_G3_FINAL_SCIENTIFIC_POLICY_V1"", ""human_reviewed"": false, ""julich_probability_asset"": ""data/atlases/julich/v3.1/spatial_raw/probability_maps/"", ""julich_spatial_component_asset"": ""AREA_IA3_INSULA_LEFT.nii.gz"", ""julich_spatial_component_id"": ""JULICH_BRAIN_CYTOARCHITECTONIC_ATLAS_V3_1_AREA_IA3_INSULA"", ""mapping_method_field"": ""spatial_overlap"", ""owner_scientific_review_status"": ""OWNER_SCIENTIFIC_REVIEWED"", ""phase"": ""G4_G3_MAPPING_CANDIDATE_STAGING_V1"", ""production_review_status"": ""pending"", ""relation_artifact"": ""g4_g3_final_relation_decisions.csv"", ""scientific_method"": ""Julich probability x Brainnetome probability + TemplateFlow nonlinear transform + probability-weighted overlap + hard-label auxiliary containment + owner scientific review"", ""semantic_compatibility_status"": ""EXACT_FAMILY"", ""source_canonical_g4_id"": ""NGIQ-BR-00000548"", ""source_coverage_ratio"": 0.8792988816922088, ""target_canonical_g3_id"": ""NGIQ-BR-00000175"", ""target_coverage_ratio"": 0.06735721948481975, ""transform_provenance"": ""data/atlases/templateflow_ref (MNI152NLin2009cAsym_from-MNI152NLin6Asym)""}"
G4G3-STAGE-AF80CE6E135556EF06B8,1480,NGIQ-BR-00000549,Area Id2 (Insula) right,G4_MICROSTRUCTURAL_FINE,right,534,NGIQ-BR-00000178,"Right Insular gyrus, Brainnetome 6_5",G3_MESO_FINE,right,partial_overlap,spatial_overlap,0.431907,0.073099,,,False,proposed,pending,FALSE,FALSE,PARTIAL_OVERLAP,OWNER_CONFIRMED_PARTIAL_SET_CONCORDANT,,,"{""brainnetome_probability_asset"": ""data/atlases/brainnetome/bna246/volume_raw/BNA_PM_4D.nii.gz"", ""decision_artifact"": ""g4_g3_final_scientific_decisions.csv"", ""decision_reason_code"": ""OWNER_CONFIRMED_PARTIAL_SET_CONCORDANT"", ""evidence_2g_probability_overlap"": ""g4_g3_probability_overlap_summary.json"", ""evidence_2h_interpretation"": ""g4_g3_overlap_interpretation_profiles.csv"", ""evidence_2ia_policy"": ""g4_g3_scientific_decision_policy_v1.csv"", ""evidence_2ib_owner_revision"": ""g4_g3_owner_policy_revision_v1.csv"", ""evidence_2ic_final_decision"": ""g4_g3_final_scientific_decision_summary.json"", ""expert_approved"": false, ""final_scientific_policy"": ""G4_G3_FINAL_SCIENTIFIC_POLICY_V1"", ""human_reviewed"": false, ""julich_probability_asset"": ""data/atlases/julich/v3.1/spatial_raw/probability_maps/"", ""julich_spatial_component_asset"": ""AREA_ID2_INSULA_RIGHT.nii.gz"", ""julich_spatial_component_id"": ""JULICH_BRAIN_CYTOARCHITECTONIC_ATLAS_V3_1_AREA_ID2_INSULA"", ""mapping_method_field"": ""spatial_overlap"", ""owner_scientific_review_status"": ""OWNER_SCIENTIFIC_REVIEWED"", ""phase"": ""G4_G3_MAPPING_CANDIDATE_STAGING_V1"", ""production_review_status"": ""pending"", ""relation_artifact"": ""g4_g3_final_relation_decisions.csv"", ""scientific_method"": ""Julich probability x Brainnetome probability + TemplateFlow nonlinear transform + probability-weighted overlap + hard-label auxiliary containment + owner scientific review"", ""semantic_compatibility_status"": null, ""source_canonical_g4_id"": ""NGIQ-BR-00000549"", ""source_coverage_ratio"": 0.43190711206573756, ""target_canonical_g3_id"": ""NGIQ-BR-00000178"", ""target_coverage_ratio"": 0.07309876262171856, ""transform_provenance"": ""data/atlases/templateflow_ref (MNI152NLin2009cAsym_from-MNI152NLin6Asym)""}"
G4G3-STAGE-44906A5F56799EBE44BD,1480,NGIQ-BR-00000549,Area Id2 (Insula) right,G4_MICROSTRUCTURAL_FINE,right,42,NGIQ-BR-00000014,"Right Insular gyrus, Brainnetome 6_1",G3_MESO_FINE,right,partial_overlap,spatial_overlap,0.424259,0.087074,,,False,proposed,pending,FALSE,FALSE,PARTIAL_OVERLAP,OWNER_CONFIRMED_PARTIAL_SET_CONCORDANT,,,"{""brainnetome_probability_asset"": ""data/atlases/brainnetome/bna246/volume_raw/BNA_PM_4D.nii.gz"", ""decision_artifact"": ""g4_g3_final_scientific_decisions.csv"", ""decision_reason_code"": ""OWNER_CONFIRMED_PARTIAL_SET_CONCORDANT"", ""evidence_2g_probability_overlap"": ""g4_g3_probability_overlap_summary.json"", ""evidence_2h_interpretation"": ""g4_g3_overlap_interpretation_profiles.csv"", ""evidence_2ia_policy"": ""g4_g3_scientific_decision_policy_v1.csv"", ""evidence_2ib_owner_revision"": ""g4_g3_owner_policy_revision_v1.csv"", ""evidence_2ic_final_decision"": ""g4_g3_final_scientific_decision_summary.json"", ""expert_approved"": false, ""final_scientific_policy"": ""G4_G3_FINAL_SCIENTIFIC_POLICY_V1"", ""human_reviewed"": false, ""julich_probability_asset"": ""data/atlases/julich/v3.1/spatial_raw/probability_maps/"", ""julich_spatial_component_asset"": ""AREA_ID2_INSULA_RIGHT.nii.gz"", ""julich_spatial_component_id"": ""JULICH_BRAIN_CYTOARCHITECTONIC_ATLAS_V3_1_AREA_ID2_INSULA"", ""mapping_method_field"": ""spatial_overlap"", ""owner_scientific_review_status"": ""OWNER_SCIENTIFIC_REVIEWED"", ""phase"": ""G4_G3_MAPPING_CANDIDATE_STAGING_V1"", ""production_review_status"": ""pending"", ""relation_artifact"": ""g4_g3_final_relation_decisions.csv"", ""scientific_method"": ""Julich probability x Brainnetome probability + TemplateFlow nonlinear transform + probability-weighted overlap + hard-label auxiliary containment + owner scientific review"", ""semantic_compatibility_status"": null, ""source_canonical_g4_id"": ""NGIQ-BR-00000549"", ""source_coverage_ratio"": 0.42425927878005193, ""target_canonical_g3_id"": ""NGIQ-BR-00000014"", ""target_coverage_ratio"": 0.08707359923259744, ""transform_provenance"": ""data/atlases/templateflow_ref (MNI152NLin2009cAsym_from-MNI152NLin6Asym)""}"
G4G3-STAGE-422AD9D5B51E6B8607FC,1483,NGIQ-BR-00000550,Area Id2 (Insula) left,G4_MICROSTRUCTURAL_FINE,left,39,NGIQ-BR-00000013,"Left Insular gyrus, Brainnetome 6_1",G3_MESO_FINE,left,partial_overlap,spatial_overlap,0.518002,0.059852,,,False,proposed,pending,FALSE,FALSE,PARTIAL_OVERLAP,OWNER_CONFIRMED_PARTIAL,,,"{""brainnetome_probability_asset"": ""data/atlases/brainnetome/bna246/volume_raw/BNA_PM_4D.nii.gz"", ""decision_artifact"": ""g4_g3_final_scientific_decisions.csv"", ""decision_reason_code"": ""OWNER_CONFIRMED_PARTIAL"", ""evidence_2g_probability_overlap"": ""g4_g3_probability_overlap_summary.json"", ""evidence_2h_interpretation"": ""g4_g3_overlap_interpretation_profiles.csv"", ""evidence_2ia_policy"": ""g4_g3_scientific_decision_policy_v1.csv"", ""evidence_2ib_owner_revision"": ""g4_g3_owner_policy_revision_v1.csv"", ""evidence_2ic_final_decision"": ""g4_g3_final_scientific_decision_summary.json"", ""expert_approved"": false, ""final_scientific_policy"": ""G4_G3_FINAL_SCIENTIFIC_POLICY_V1"", ""human_reviewed"": false, ""julich_probability_asset"": ""data/atlases/julich/v3.1/spatial_raw/probability_maps/"", ""julich_spatial_component_asset"": ""AREA_ID2_INSULA_LEFT.nii.gz"", ""julich_spatial_component_id"": ""JULICH_BRAIN_CYTOARCHITECTONIC_ATLAS_V3_1_AREA_ID2_INSULA"", ""mapping_method_field"": ""spatial_overlap"", ""owner_scientific_review_status"": ""OWNER_SCIENTIFIC_REVIEWED"", ""phase"": ""G4_G3_MAPPING_CANDIDATE_STAGING_V1"", ""production_review_status"": ""pending"", ""relation_artifact"": ""g4_g3_final_relation_decisions.csv"", ""scientific_method"": ""Julich probability x Brainnetome probability + TemplateFlow nonlinear transform + probability-weighted overlap + hard-label auxiliary containment + owner scientific review"", ""semantic_compatibility_status"": null, ""source_canonical_g4_id"": ""NGIQ-BR-00000550"", ""source_coverage_ratio"": 0.5180020889707246, ""target_canonical_g3_id"": ""NGIQ-BR-00000013"", ""target_coverage_ratio"": 0.05985248006763551, ""transform_provenance"": ""data/atlases/templateflow_ref (MNI152NLin2009cAsym_from-MNI152NLin6Asym)""}"
G4G3-STAGE-3910857FAA9778F354F9,1483,NGIQ-BR-00000550,Area Id2 (Insula) left,G4_MICROSTRUCTURAL_FINE,left,531,NGIQ-BR-00000177,"Left Insular gyrus, Brainnetome 6_5",G3_MESO_FINE,left,partial_overlap,spatial_overlap,0.412297,0.048492,,,False,proposed,pending,FALSE,FALSE,PARTIAL_OVERLAP,OWNER_CONFIRMED_PARTIAL,,,"{""brainnetome_probability_asset"": ""data/atlases/brainnetome/bna246/volume_raw/BNA_PM_4D.nii.gz"", ""decision_artifact"": ""g4_g3_final_scientific_decisions.csv"", ""decision_reason_code"": ""OWNER_CONFIRMED_PARTIAL"", ""evidence_2g_probability_overlap"": ""g4_g3_probability_overlap_summary.json"", ""evidence_2h_interpretation"": ""g4_g3_overlap_interpretation_profiles.csv"", ""evidence_2ia_policy"": ""g4_g3_scientific_decision_policy_v1.csv"", ""evidence_2ib_owner_revision"": ""g4_g3_owner_policy_revision_v1.csv"", ""evidence_2ic_final_decision"": ""g4_g3_final_scientific_decision_summary.json"", ""expert_approved"": false, ""final_scientific_policy"": ""G4_G3_FINAL_SCIENTIFIC_POLICY_V1"", ""human_reviewed"": false, ""julich_probability_asset"": ""data/atlases/julich/v3.1/spatial_raw/probability_maps/"", ""julich_spatial_component_asset"": ""AREA_ID2_INSULA_LEFT.nii.gz"", ""julich_spatial_component_id"": ""JULICH_BRAIN_CYTOARCHITECTONIC_ATLAS_V3_1_AREA_ID2_INSULA"", ""mapping_method_field"": ""spatial_overlap"", ""owner_scientific_review_status"": ""OWNER_SCIENTIFIC_REVIEWED"", ""phase"": ""G4_G3_MAPPING_CANDIDATE_STAGING_V1"", ""production_review_status"": ""pending"", ""relation_artifact"": ""g4_g3_final_relation_decisions.csv"", ""scientific_method"": ""Julich probability x Brainnetome probability + TemplateFlow nonlinear transform + probability-weighted overlap + hard-label auxiliary containment + owner scientific review"", ""semantic_compatibility_status"": null, ""source_canonical_g4_id"": ""NGIQ-BR-00000550"", ""source_coverage_ratio"": 0.41229730988733254, ""target_canonical_g3_id"": ""NGIQ-BR-00000177"", ""target_coverage_ratio"": 0.04849221827880451, ""transform_provenance"": ""data/atlases/templateflow_ref (MNI152NLin2009cAsym_from-MNI152NLin6Asym)""}"
G4G3-STAGE-D8B941BB289F1004EEC4,1486,NGIQ-BR-00000551,Area Id8 (Insula) right,G4_MICROSTRUCTURAL_FINE,right,522,NGIQ-BR-00000174,"Right Insular gyrus, Brainnetome 6_3",G3_MESO_FINE,right,partial_overlap,spatial_overlap,0.403163,0.150069,,,False,proposed,pending,FALSE,FALSE,PARTIAL_OVERLAP,OWNER_CONFIRMED_PARTIAL,,,"{""brainnetome_probability_asset"": ""data/atlases/brainnetome/bna246/volume_raw/BNA_PM_4D.nii.gz"", ""decision_artifact"": ""g4_g3_final_scientific_decisions.csv"", ""decision_reason_code"": ""OWNER_CONFIRMED_PARTIAL"", ""evidence_2g_probability_overlap"": ""g4_g3_probability_overlap_summary.json"", ""evidence_2h_interpretation"": ""g4_g3_overlap_interpretation_profiles.csv"", ""evidence_2ia_policy"": ""g4_g3_scientific_decision_policy_v1.csv"", ""evidence_2ib_owner_revision"": ""g4_g3_owner_policy_revision_v1.csv"", ""evidence_2ic_final_decision"": ""g4_g3_final_scientific_decision_summary.json"", ""expert_approved"": false, ""final_scientific_policy"": ""G4_G3_FINAL_SCIENTIFIC_POLICY_V1"", ""human_reviewed"": false, ""julich_probability_asset"": ""data/atlases/julich/v3.1/spatial_raw/probability_maps/"", ""julich_spatial_component_asset"": ""AREA_ID8_INSULA_RIGHT.nii.gz"", ""julich_spatial_component_id"": ""JULICH_BRAIN_CYTOARCHITECTONIC_ATLAS_V3_1_AREA_ID8_INSULA"", ""mapping_method_field"": ""spatial_overlap"", ""owner_scientific_review_status"": ""OWNER_SCIENTIFIC_REVIEWED"", ""phase"": ""G4_G3_MAPPING_CANDIDATE_STAGING_V1"", ""production_review_status"": ""pending"", ""relation_artifact"": ""g4_g3_final_relation_decisions.csv"", ""scientific_method"": ""Julich probability x Brainnetome probability + TemplateFlow nonlinear transform + probability-weighted overlap + hard-label auxiliary containment + owner scientific review"", ""semantic_compatibility_status"": null, ""source_canonical_g4_id"": ""NGIQ-BR-00000551"", ""source_coverage_ratio"": 0.40316255651326005, ""target_canonical_g3_id"": ""NGIQ-BR-00000174"", ""target_coverage_ratio"": 0.1500691718485658, ""transform_provenance"": ""data/atlases/templateflow_ref (MNI152NLin2009cAsym_from-MNI152NLin6Asym)""}"
G4G3-STAGE-9EB5CE07BF92DE976F29,1486,NGIQ-BR-00000551,Area Id8 (Insula) right,G4_MICROSTRUCTURAL_FINE,right,204,NGIQ-BR-00000068,"Right Orbital gyrus, Brainnetome 6_6",G3_MESO_FINE,right,partial_overlap,spatial_overlap,0.226863,0.048534,,,False,proposed,pending,FALSE,FALSE,PARTIAL_OVERLAP,OWNER_CONFIRMED_PARTIAL,,,"{""brainnetome_probability_asset"": ""data/atlases/brainnetome/bna246/volume_raw/BNA_PM_4D.nii.gz"", ""decision_artifact"": ""g4_g3_final_scientific_decisions.csv"", ""decision_reason_code"": ""OWNER_CONFIRMED_PARTIAL"", ""evidence_2g_probability_overlap"": ""g4_g3_probability_overlap_summary.json"", ""evidence_2h_interpretation"": ""g4_g3_overlap_interpretation_profiles.csv"", ""evidence_2ia_policy"": ""g4_g3_scientific_decision_policy_v1.csv"", ""evidence_2ib_owner_revision"": ""g4_g3_owner_policy_revision_v1.csv"", ""evidence_2ic_final_decision"": ""g4_g3_final_scientific_decision_summary.json"", ""expert_approved"": false, ""final_scientific_policy"": ""G4_G3_FINAL_SCIENTIFIC_POLICY_V1"", ""human_reviewed"": false, ""julich_probability_asset"": ""data/atlases/julich/v3.1/spatial_raw/probability_maps/"", ""julich_spatial_component_asset"": ""AREA_ID8_INSULA_RIGHT.nii.gz"", ""julich_spatial_component_id"": ""JULICH_BRAIN_CYTOARCHITECTONIC_ATLAS_V3_1_AREA_ID8_INSULA"", ""mapping_method_field"": ""spatial_overlap"", ""owner_scientific_review_status"": ""OWNER_SCIENTIFIC_REVIEWED"", ""phase"": ""G4_G3_MAPPING_CANDIDATE_STAGING_V1"", ""production_review_status"": ""pending"", ""relation_artifact"": ""g4_g3_final_relation_decisions.csv"", ""scientific_method"": ""Julich probability x Brainnetome probability + TemplateFlow nonlinear transform + probability-weighted overlap + hard-label auxiliary containment + owner scientific review"", ""semantic_compatibility_status"": null, ""source_canonical_g4_id"": ""NGIQ-BR-00000551"", ""source_coverage_ratio"": 0.22686259245831344, ""target_canonical_g3_id"": ""NGIQ-BR-00000068"", ""target_coverage_ratio"": 0.048533898545546184, ""transform_provenance"": ""data/atlases/templateflow_ref (MNI152NLin2009cAsym_from-MNI152NLin6Asym)""}"
G4G3-STAGE-9DDBCA215FD9E041CBD8,1486,NGIQ-BR-00000551,Area Id8 (Insula) right,G4_MICROSTRUCTURAL_FINE,right,516,NGIQ-BR-00000172,"Right Insular gyrus, Brainnetome 6_2",G3_MESO_FINE,right,partial_overlap,spatial_overlap,0.174084,0.107849,,,False,proposed,pending,FALSE,FALSE,PARTIAL_OVERLAP,OWNER_CONFIRMED_PARTIAL,,,"{""brainnetome_probability_asset"": ""data/atlases/brainnetome/bna246/volume_raw/BNA_PM_4D.nii.gz"", ""decision_artifact"": ""g4_g3_final_scientific_decisions.csv"", ""decision_reason_code"": ""OWNER_CONFIRMED_PARTIAL"", ""evidence_2g_probability_overlap"": ""g4_g3_probability_overlap_summary.json"", ""evidence_2h_interpretation"": ""g4_g3_overlap_interpretation_profiles.csv"", ""evidence_2ia_policy"": ""g4_g3_scientific_decision_policy_v1.csv"", ""evidence_2ib_owner_revision"": ""g4_g3_owner_policy_revision_v1.csv"", ""evidence_2ic_final_decision"": ""g4_g3_final_scientific_decision_summary.json"", ""expert_approved"": false, ""final_scientific_policy"": ""G4_G3_FINAL_SCIENTIFIC_POLICY_V1"", ""human_reviewed"": false, ""julich_probability_asset"": ""data/atlases/julich/v3.1/spatial_raw/probability_maps/"", ""julich_spatial_component_asset"": ""AREA_ID8_INSULA_RIGHT.nii.gz"", ""julich_spatial_component_id"": ""JULICH_BRAIN_CYTOARCHITECTONIC_ATLAS_V3_1_AREA_ID8_INSULA"", ""mapping_method_field"": ""spatial_overlap"", ""owner_scientific_review_status"": ""OWNER_SCIENTIFIC_REVIEWED"", ""phase"": ""G4_G3_MAPPING_CANDIDATE_STAGING_V1"", ""production_review_status"": ""pending"", ""relation_artifact"": ""g4_g3_final_relation_decisions.csv"", ""scientific_method"": ""Julich probability x Brainnetome probability + TemplateFlow nonlinear transform + probability-weighted overlap + hard-label auxiliary containment + owner scientific review"", ""semantic_compatibility_status"": null, ""source_canonical_g4_id"": ""NGIQ-BR-00000551"", ""source_coverage_ratio"": 0.1740835961982408, ""target_canonical_g3_id"": ""NGIQ-BR-00000172"", ""target_coverage_ratio"": 0.10784935480035002, ""transform_provenance"": ""data/atlases/templateflow_ref (MNI152NLin2009cAsym_from-MNI152NLin6Asym)""}"
G4G3-STAGE-52754024442643C42BFC,1489,NGIQ-BR-00000552,Area Id8 (Insula) left,G4_MICROSTRUCTURAL_FINE,left,519,NGIQ-BR-00000173,"Left Insular gyrus, Brainnetome 6_3",G3_MESO_FINE,left,partial_overlap,spatial_overlap,0.394354,0.114944,,,False,proposed,pending,FALSE,FALSE,PARTIAL_OVERLAP,OWNER_CONFIRMED_PARTIAL,,,"{""brainnetome_probability_asset"": ""data/atlases/brainnetome/bna246/volume_raw/BNA_PM_4D.nii.gz"", ""decision_artifact"": ""g4_g3_final_scientific_decisions.csv"", ""decision_reason_code"": ""OWNER_CONFIRMED_PARTIAL"", ""evidence_2g_probability_overlap"": ""g4_g3_probability_overlap_summary.json"", ""evidence_2h_interpretation"": ""g4_g3_overlap_interpretation_profiles.csv"", ""evidence_2ia_policy"": ""g4_g3_scientific_decision_policy_v1.csv"", ""evidence_2ib_owner_revision"": ""g4_g3_owner_policy_revision_v1.csv"", ""evidence_2ic_final_decision"": ""g4_g3_final_scientific_decision_summary.json"", ""expert_approved"": false, ""final_scientific_policy"": ""G4_G3_FINAL_SCIENTIFIC_POLICY_V1"", ""human_reviewed"": false, ""julich_probability_asset"": ""data/atlases/julich/v3.1/spatial_raw/probability_maps/"", ""julich_spatial_component_asset"": ""AREA_ID8_INSULA_LEFT.nii.gz"", ""julich_spatial_component_id"": ""JULICH_BRAIN_CYTOARCHITECTONIC_ATLAS_V3_1_AREA_ID8_INSULA"", ""mapping_method_field"": ""spatial_overlap"", ""owner_scientific_review_status"": ""OWNER_SCIENTIFIC_REVIEWED"", ""phase"": ""G4_G3_MAPPING_CANDIDATE_STAGING_V1"", ""production_review_status"": ""pending"", ""relation_artifact"": ""g4_g3_final_relation_decisions.csv"", ""scientific_method"": ""Julich probability x Brainnetome probability + TemplateFlow nonlinear transform + probability-weighted overlap + hard-label auxiliary containment + owner scientific review"", ""semantic_compatibility_status"": null, ""source_canonical_g4_id"": ""NGIQ-BR-00000552"", ""source_coverage_ratio"": 0.39435431854665426, ""target_canonical_g3_id"": ""NGIQ-BR-00000173"", ""target_coverage_ratio"": 0.1149444409700644, ""transform_provenance"": ""data/atlases/templateflow_ref (MNI152NLin2009cAsym_from-MNI152NLin6Asym)""}"
G4G3-STAGE-ED45D359E048045C1CD7,1489,NGIQ-BR-00000552,Area Id8 (Insula) left,G4_MICROSTRUCTURAL_FINE,left,201,NGIQ-BR-00000067,"Left Orbital gyrus, Brainnetome 6_6",G3_MESO_FINE,left,partial_overlap,spatial_overlap,0.292863,0.044515,,,False,proposed,pending,FALSE,FALSE,PARTIAL_OVERLAP,OWNER_CONFIRMED_PARTIAL,,,"{""brainnetome_probability_asset"": ""data/atlases/brainnetome/bna246/volume_raw/BNA_PM_4D.nii.gz"", ""decision_artifact"": ""g4_g3_final_scientific_decisions.csv"", ""decision_reason_code"": ""OWNER_CONFIRMED_PARTIAL"", ""evidence_2g_probability_overlap"": ""g4_g3_probability_overlap_summary.json"", ""evidence_2h_interpretation"": ""g4_g3_overlap_interpretation_profiles.csv"", ""evidence_2ia_policy"": ""g4_g3_scientific_decision_policy_v1.csv"", ""evidence_2ib_owner_revision"": ""g4_g3_owner_policy_revision_v1.csv"", ""evidence_2ic_final_decision"": ""g4_g3_final_scientific_decision_summary.json"", ""expert_approved"": false, ""final_scientific_policy"": ""G4_G3_FINAL_SCIENTIFIC_POLICY_V1"", ""human_reviewed"": false, ""julich_probability_asset"": ""data/atlases/julich/v3.1/spatial_raw/probability_maps/"", ""julich_spatial_component_asset"": ""AREA_ID8_INSULA_LEFT.nii.gz"", ""julich_spatial_component_id"": ""JULICH_BRAIN_CYTOARCHITECTONIC_ATLAS_V3_1_AREA_ID8_INSULA"", ""mapping_method_field"": ""spatial_overlap"", ""owner_scientific_review_status"": ""OWNER_SCIENTIFIC_REVIEWED"", ""phase"": ""G4_G3_MAPPING_CANDIDATE_STAGING_V1"", ""production_review_status"": ""pending"", ""relation_artifact"": ""g4_g3_final_relation_decisions.csv"", ""scientific_method"": ""Julich probability x Brainnetome probability + TemplateFlow nonlinear transform + probability-weighted overlap + hard-label auxiliary containment + owner scientific review"", ""semantic_compatibility_status"": null, ""source_canonical_g4_id"": ""NGIQ-BR-00000552"", ""source_coverage_ratio"": 0.2928629399710397, ""target_canonical_g3_id"": ""NGIQ-BR-00000067"", ""target_coverage_ratio"": 0.0445153043085714, ""transform_provenance"": ""data/atlases/templateflow_ref (MNI152NLin2009cAsym_from-MNI152NLin6Asym)""}"
G4G3-STAGE-E7CEEC1911DD6F4A0420,1489,NGIQ-BR-00000552,Area Id8 (Insula) left,G4_MICROSTRUCTURAL_FINE,left,513,NGIQ-BR-00000171,"Left Insular gyrus, Brainnetome 6_2",G3_MESO_FINE,left,partial_overlap,spatial_overlap,0.194859,0.105115,,,False,proposed,pending,FALSE,FALSE,PARTIAL_OVERLAP,OWNER_CONFIRMED_PARTIAL,,,"{""brainnetome_probability_asset"": ""data/atlases/brainnetome/bna246/volume_raw/BNA_PM_4D.nii.gz"", ""decision_artifact"": ""g4_g3_final_scientific_decisions.csv"", ""decision_reason_code"": ""OWNER_CONFIRMED_PARTIAL"", ""evidence_2g_probability_overlap"": ""g4_g3_probability_overlap_summary.json"", ""evidence_2h_interpretation"": ""g4_g3_overlap_interpretation_profiles.csv"", ""evidence_2ia_policy"": ""g4_g3_scientific_decision_policy_v1.csv"", ""evidence_2ib_owner_revision"": ""g4_g3_owner_policy_revision_v1.csv"", ""evidence_2ic_final_decision"": ""g4_g3_final_scientific_decision_summary.json"", ""expert_approved"": false, ""final_scientific_policy"": ""G4_G3_FINAL_SCIENTIFIC_POLICY_V1"", ""human_reviewed"": false, ""julich_probability_asset"": ""data/atlases/julich/v3.1/spatial_raw/probability_maps/"", ""julich_spatial_component_asset"": ""AREA_ID8_INSULA_LEFT.nii.gz"", ""julich_spatial_component_id"": ""JULICH_BRAIN_CYTOARCHITECTONIC_ATLAS_V3_1_AREA_ID8_INSULA"", ""mapping_method_field"": ""spatial_overlap"", ""owner_scientific_review_status"": ""OWNER_SCIENTIFIC_REVIEWED"", ""phase"": ""G4_G3_MAPPING_CANDIDATE_STAGING_V1"", ""production_review_status"": ""pending"", ""relation_artifact"": ""g4_g3_final_relation_decisions.csv"", ""scientific_method"": ""Julich probability x Brainnetome probability + TemplateFlow nonlinear transform + probability-weighted overlap + hard-label auxiliary containment + owner scientific review"", ""semantic_compatibility_status"": null, ""source_canonical_g4_id"": ""NGIQ-BR-00000552"", ""source_coverage_ratio"": 0.1948589979272613, ""target_canonical_g3_id"": ""NGIQ-BR-00000171"", ""target_coverage_ratio"": 0.10511488689077571, ""transform_provenance"": ""data/atlases/templateflow_ref (MNI152NLin2009cAsym_from-MNI152NLin6Asym)""}"
G4G3-STAGE-06B6453B44A92F3D154A,1492,NGIQ-BR-00000553,Area Id1 (Insula) right,G4_MICROSTRUCTURAL_FINE,right,528,NGIQ-BR-00000176,"Right Insular gyrus, Brainnetome 6_4",G3_MESO_FINE,right,partial_overlap,spatial_overlap,0.42981,0.06477,,,False,proposed,pending,FALSE,FALSE,PARTIAL_OVERLAP,OWNER_CONFIRMED_PARTIAL,,,"{""brainnetome_probability_asset"": ""data/atlases/brainnetome/bna246/volume_raw/BNA_PM_4D.nii.gz"", ""decision_artifact"": ""g4_g3_final_scientific_decisions.csv"", ""decision_reason_code"": ""OWNER_CONFIRMED_PARTIAL"", ""evidence_2g_probability_overlap"": ""g4_g3_probability_overlap_summary.json"", ""evidence_2h_interpretation"": ""g4_g3_overlap_interpretation_profiles.csv"", ""evidence_2ia_policy"": ""g4_g3_scientific_decision_policy_v1.csv"", ""evidence_2ib_owner_revision"": ""g4_g3_owner_policy_revision_v1.csv"", ""evidence_2ic_final_decision"": ""g4_g3_final_scientific_decision_summary.json"", ""expert_approved"": false, ""final_scientific_policy"": ""G4_G3_FINAL_SCIENTIFIC_POLICY_V1"", ""human_reviewed"": false, ""julich_probability_asset"": ""data/atlases/julich/v3.1/spatial_raw/probability_maps/"", ""julich_spatial_component_asset"": ""AREA_ID1_INSULA_RIGHT.nii.gz"", ""julich_spatial_component_id"": ""JULICH_BRAIN_CYTOARCHITECTONIC_ATLAS_V3_1_AREA_ID1_INSULA"", ""mapping_method_field"": ""spatial_overlap"", ""owner_scientific_review_status"": ""OWNER_SCIENTIFIC_REVIEWED"", ""phase"": ""G4_G3_MAPPING_CANDIDATE_STAGING_V1"", ""production_review_status"": ""pending"", ""relation_artifact"": ""g4_g3_final_relation_decisions.csv"", ""scientific_method"": ""Julich probability x Brainnetome probability + TemplateFlow nonlinear transform + probability-weighted overlap + hard-label auxiliary containment + owner scientific review"", ""semantic_compatibility_status"": null, ""source_canonical_g4_id"": ""NGIQ-BR-00000553"", ""source_coverage_ratio"": 0.42981030217576327, ""target_canonical_g3_id"": ""NGIQ-BR-00000176"", ""target_coverage_ratio"": 0.06476986808657932, ""transform_provenance"": ""data/atlases/templateflow_ref (MNI152NLin2009cAsym_from-MNI152NLin6Asym)""}"
G4G3-STAGE-80912A0D8F713606E8FD,1492,NGIQ-BR-00000553,Area Id1 (Insula) right,G4_MICROSTRUCTURAL_FINE,right,264,NGIQ-BR-00000088,"Right Superior temporal gyrus, Brainnetome 6_3",G3_MESO_FINE,right,partial_overlap,spatial_overlap,0.257259,0.016871,,,False,proposed,pending,FALSE,FALSE,PARTIAL_OVERLAP,OWNER_CONFIRMED_PARTIAL,,,"{""brainnetome_probability_asset"": ""data/atlases/brainnetome/bna246/volume_raw/BNA_PM_4D.nii.gz"", ""decision_artifact"": ""g4_g3_final_scientific_decisions.csv"", ""decision_reason_code"": ""OWNER_CONFIRMED_PARTIAL"", ""evidence_2g_probability_overlap"": ""g4_g3_probability_overlap_summary.json"", ""evidence_2h_interpretation"": ""g4_g3_overlap_interpretation_profiles.csv"", ""evidence_2ia_policy"": ""g4_g3_scientific_decision_policy_v1.csv"", ""evidence_2ib_owner_revision"": ""g4_g3_owner_policy_revision_v1.csv"", ""evidence_2ic_final_decision"": ""g4_g3_final_scientific_decision_summary.json"", ""expert_approved"": false, ""final_scientific_policy"": ""G4_G3_FINAL_SCIENTIFIC_POLICY_V1"", ""human_reviewed"": false, ""julich_probability_asset"": ""data/atlases/julich/v3.1/spatial_raw/probability_maps/"", ""julich_spatial_component_asset"": ""AREA_ID1_INSULA_RIGHT.nii.gz"", ""julich_spatial_component_id"": ""JULICH_BRAIN_CYTOARCHITECTONIC_ATLAS_V3_1_AREA_ID1_INSULA"", ""mapping_method_field"": ""spatial_overlap"", ""owner_scientific_review_status"": ""OWNER_SCIENTIFIC_REVIEWED"", ""phase"": ""G4_G3_MAPPING_CANDIDATE_STAGING_V1"", ""production_review_status"": ""pending"", ""relation_artifact"": ""g4_g3_final_relation_decisions.csv"", ""scientific_method"": ""Julich probability x Brainnetome probability + TemplateFlow nonlinear transform + probability-weighted overlap + hard-label auxiliary containment + owner scientific review"", ""semantic_compatibility_status"": null, ""source_canonical_g4_id"": ""NGIQ-BR-00000553"", ""source_coverage_ratio"": 0.25725932042297067, ""target_canonical_g3_id"": ""NGIQ-BR-00000088"", ""target_coverage_ratio"": 0.01687080541867074, ""transform_provenance"": ""data/atlases/templateflow_ref (MNI152NLin2009cAsym_from-MNI152NLin6Asym)""}"
G4G3-STAGE-190E24F5C70E1B82E826,1495,NGIQ-BR-00000554,Area Id1 (Insula) left,G4_MICROSTRUCTURAL_FINE,left,525,NGIQ-BR-00000175,"Left Insular gyrus, Brainnetome 6_4",G3_MESO_FINE,left,partial_overlap,spatial_overlap,0.409331,0.052698,,,False,proposed,pending,FALSE,FALSE,PARTIAL_OVERLAP,OWNER_CONFIRMED_PARTIAL,,,"{""brainnetome_probability_asset"": ""data/atlases/brainnetome/bna246/volume_raw/BNA_PM_4D.nii.gz"", ""decision_artifact"": ""g4_g3_final_scientific_decisions.csv"", ""decision_reason_code"": ""OWNER_CONFIRMED_PARTIAL"", ""evidence_2g_probability_overlap"": ""g4_g3_probability_overlap_summary.json"", ""evidence_2h_interpretation"": ""g4_g3_overlap_interpretation_profiles.csv"", ""evidence_2ia_policy"": ""g4_g3_scientific_decision_policy_v1.csv"", ""evidence_2ib_owner_revision"": ""g4_g3_owner_policy_revision_v1.csv"", ""evidence_2ic_final_decision"": ""g4_g3_final_scientific_decision_summary.json"", ""expert_approved"": false, ""final_scientific_policy"": ""G4_G3_FINAL_SCIENTIFIC_POLICY_V1"", ""human_reviewed"": false, ""julich_probability_asset"": ""data/atlases/julich/v3.1/spatial_raw/probability_maps/"", ""julich_spatial_component_asset"": ""AREA_ID1_INSULA_LEFT.nii.gz"", ""julich_spatial_component_id"": ""JULICH_BRAIN_CYTOARCHITECTONIC_ATLAS_V3_1_AREA_ID1_INSULA"", ""mapping_method_field"": ""spatial_overlap"", ""owner_scientific_review_status"": ""OWNER_SCIENTIFIC_REVIEWED"", ""phase"": ""G4_G3_MAPPING_CANDIDATE_STAGING_V1"", ""production_review_status"": ""pending"", ""relation_artifact"": ""g4_g3_final_relation_decisions.csv"", ""scientific_method"": ""Julich probability x Brainnetome probability + TemplateFlow nonlinear transform + probability-weighted overlap + hard-label auxiliary containment + owner scientific review"", ""semantic_compatibility_status"": null, ""source_canonical_g4_id"": ""NGIQ-BR-00000554"", ""source_coverage_ratio"": 0.40933141100746223, ""target_canonical_g3_id"": ""NGIQ-BR-00000175"", ""target_coverage_ratio"": 0.05269786621819273, ""transform_provenance"": ""data/atlases/templateflow_ref (MNI152NLin2009cAsym_from-MNI152NLin6Asym)""}"
G4G3-STAGE-C9CCE96EE715D97FF922,1495,NGIQ-BR-00000554,Area Id1 (Insula) left,G4_MICROSTRUCTURAL_FINE,left,261,NGIQ-BR-00000087,"Left Superior temporal gyrus, Brainnetome 6_3",G3_MESO_FINE,left,partial_overlap,spatial_overlap,0.259137,0.011354,,,False,proposed,pending,FALSE,FALSE,PARTIAL_OVERLAP,OWNER_CONFIRMED_PARTIAL,,,"{""brainnetome_probability_asset"": ""data/atlases/brainnetome/bna246/volume_raw/BNA_PM_4D.nii.gz"", ""decision_artifact"": ""g4_g3_final_scientific_decisions.csv"", ""decision_reason_code"": ""OWNER_CONFIRMED_PARTIAL"", ""evidence_2g_probability_overlap"": ""g4_g3_probability_overlap_summary.json"", ""evidence_2h_interpretation"": ""g4_g3_overlap_interpretation_profiles.csv"", ""evidence_2ia_policy"": ""g4_g3_scientific_decision_policy_v1.csv"", ""evidence_2ib_owner_revision"": ""g4_g3_owner_policy_revision_v1.csv"", ""evidence_2ic_final_decision"": ""g4_g3_final_scientific_decision_summary.json"", ""expert_approved"": false, ""final_scientific_policy"": ""G4_G3_FINAL_SCIENTIFIC_POLICY_V1"", ""human_reviewed"": false, ""julich_probability_asset"": ""data/atlases/julich/v3.1/spatial_raw/probability_maps/"", ""julich_spatial_component_asset"": ""AREA_ID1_INSULA_LEFT.nii.gz"", ""julich_spatial_component_id"": ""JULICH_BRAIN_CYTOARCHITECTONIC_ATLAS_V3_1_AREA_ID1_INSULA"", ""mapping_method_field"": ""spatial_overlap"", ""owner_scientific_review_status"": ""OWNER_SCIENTIFIC_REVIEWED"", ""phase"": ""G4_G3_MAPPING_CANDIDATE_STAGING_V1"", ""production_review_status"": ""pending"", ""relation_artifact"": ""g4_g3_final_relation_decisions.csv"", ""scientific_method"": ""Julich probability x Brainnetome probability + TemplateFlow nonlinear transform + probability-weighted overlap + hard-label auxiliary containment + owner scientific review"", ""semantic_compatibility_status"": null, ""source_canonical_g4_id"": ""NGIQ-BR-00000554"", ""source_coverage_ratio"": 0.25913669393345995, ""target_canonical_g3_id"": ""NGIQ-BR-00000087"", ""target_coverage_ratio"": 0.011353997610577631, ""transform_provenance"": ""data/atlases/templateflow_ref (MNI152NLin2009cAsym_from-MNI152NLin6Asym)""}"
G4G3-STAGE-71BF006B256FDF2C2FC2,1498,NGIQ-BR-00000555,Area Id9 (Insula) right,G4_MICROSTRUCTURAL_FINE,right,528,NGIQ-BR-00000176,"Right Insular gyrus, Brainnetome 6_4",G3_MESO_FINE,right,partial_overlap,spatial_overlap,0.29718,0.079582,,,False,proposed,pending,FALSE,FALSE,PARTIAL_OVERLAP,FINAL_MULTI_TARGET_PARTIAL_GATE_PASS,,,"{""brainnetome_probability_asset"": ""data/atlases/brainnetome/bna246/volume_raw/BNA_PM_4D.nii.gz"", ""decision_artifact"": ""g4_g3_final_scientific_decisions.csv"", ""decision_reason_code"": ""FINAL_MULTI_TARGET_PARTIAL_GATE_PASS"", ""evidence_2g_probability_overlap"": ""g4_g3_probability_overlap_summary.json"", ""evidence_2h_interpretation"": ""g4_g3_overlap_interpretation_profiles.csv"", ""evidence_2ia_policy"": ""g4_g3_scientific_decision_policy_v1.csv"", ""evidence_2ib_owner_revision"": ""g4_g3_owner_policy_revision_v1.csv"", ""evidence_2ic_final_decision"": ""g4_g3_final_scientific_decision_summary.json"", ""expert_approved"": false, ""final_scientific_policy"": ""G4_G3_FINAL_SCIENTIFIC_POLICY_V1"", ""human_reviewed"": false, ""julich_probability_asset"": ""data/atlases/julich/v3.1/spatial_raw/probability_maps/"", ""julich_spatial_component_asset"": ""AREA_ID9_INSULA_RIGHT.nii.gz"", ""julich_spatial_component_id"": ""JULICH_BRAIN_CYTOARCHITECTONIC_ATLAS_V3_1_AREA_ID9_INSULA"", ""mapping_method_field"": ""spatial_overlap"", ""owner_scientific_review_status"": ""OWNER_SCIENTIFIC_REVIEWED"", ""phase"": ""G4_G3_MAPPING_CANDIDATE_STAGING_V1"", ""production_review_status"": ""pending"", ""relation_artifact"": ""g4_g3_final_relation_decisions.csv"", ""scientific_method"": ""Julich probability x Brainnetome probability + TemplateFlow nonlinear transform + probability-weighted overlap + hard-label auxiliary containment + owner scientific review"", ""semantic_compatibility_status"": null, ""source_canonical_g4_id"": ""NGIQ-BR-00000555"", ""source_coverage_ratio"": 0.2971800878458294, ""target_canonical_g3_id"": ""NGIQ-BR-00000176"", ""target_coverage_ratio"": 0.07958204426981583, ""transform_provenance"": ""data/atlases/templateflow_ref (MNI152NLin2009cAsym_from-MNI152NLin6Asym)""}"
G4G3-STAGE-625EA38BD42F31403576,1498,NGIQ-BR-00000555,Area Id9 (Insula) right,G4_MICROSTRUCTURAL_FINE,right,540,NGIQ-BR-00000180,"Right Insular gyrus, Brainnetome 6_6",G3_MESO_FINE,right,partial_overlap,spatial_overlap,0.229375,0.060735,,,False,proposed,pending,FALSE,FALSE,PARTIAL_OVERLAP,FINAL_MULTI_TARGET_PARTIAL_GATE_PASS,,,"{""brainnetome_probability_asset"": ""data/atlases/brainnetome/bna246/volume_raw/BNA_PM_4D.nii.gz"", ""decision_artifact"": ""g4_g3_final_scientific_decisions.csv"", ""decision_reason_code"": ""FINAL_MULTI_TARGET_PARTIAL_GATE_PASS"", ""evidence_2g_probability_overlap"": ""g4_g3_probability_overlap_summary.json"", ""evidence_2h_interpretation"": ""g4_g3_overlap_interpretation_profiles.csv"", ""evidence_2ia_policy"": ""g4_g3_scientific_decision_policy_v1.csv"", ""evidence_2ib_owner_revision"": ""g4_g3_owner_policy_revision_v1.csv"", ""evidence_2ic_final_decision"": ""g4_g3_final_scientific_decision_summary.json"", ""expert_approved"": false, ""final_scientific_policy"": ""G4_G3_FINAL_SCIENTIFIC_POLICY_V1"", ""human_reviewed"": false, ""julich_probability_asset"": ""data/atlases/julich/v3.1/spatial_raw/probability_maps/"", ""julich_spatial_component_asset"": ""AREA_ID9_INSULA_RIGHT.nii.gz"", ""julich_spatial_component_id"": ""JULICH_BRAIN_CYTOARCHITECTONIC_ATLAS_V3_1_AREA_ID9_INSULA"", ""mapping_method_field"": ""spatial_overlap"", ""owner_scientific_review_status"": ""OWNER_SCIENTIFIC_REVIEWED"", ""phase"": ""G4_G3_MAPPING_CANDIDATE_STAGING_V1"", ""production_review_status"": ""pending"", ""relation_artifact"": ""g4_g3_final_relation_decisions.csv"", ""scientific_method"": ""Julich probability x Brainnetome probability + TemplateFlow nonlinear transform + probability-weighted overlap + hard-label auxiliary containment + owner scientific review"", ""semantic_compatibility_status"": null, ""source_canonical_g4_id"": ""NGIQ-BR-00000555"", ""source_coverage_ratio"": 0.22937476240859814, ""target_canonical_g3_id"": ""NGIQ-BR-00000180"", ""target_coverage_ratio"": 0.060734606370600214, ""transform_provenance"": ""data/atlases/templateflow_ref (MNI152NLin2009cAsym_from-MNI152NLin6Asym)""}"
G4G3-STAGE-DDB7FE948F07316DE2EE,1498,NGIQ-BR-00000555,Area Id9 (Insula) right,G4_MICROSTRUCTURAL_FINE,right,516,NGIQ-BR-00000172,"Right Insular gyrus, Brainnetome 6_2",G3_MESO_FINE,right,partial_overlap,spatial_overlap,0.19805,0.089844,,,False,proposed,pending,FALSE,FALSE,PARTIAL_OVERLAP,FINAL_MULTI_TARGET_PARTIAL_GATE_PASS,,,"{""brainnetome_probability_asset"": ""data/atlases/brainnetome/bna246/volume_raw/BNA_PM_4D.nii.gz"", ""decision_artifact"": ""g4_g3_final_scientific_decisions.csv"", ""decision_reason_code"": ""FINAL_MULTI_TARGET_PARTIAL_GATE_PASS"", ""evidence_2g_probability_overlap"": ""g4_g3_probability_overlap_summary.json"", ""evidence_2h_interpretation"": ""g4_g3_overlap_interpretation_profiles.csv"", ""evidence_2ia_policy"": ""g4_g3_scientific_decision_policy_v1.csv"", ""evidence_2ib_owner_revision"": ""g4_g3_owner_policy_revision_v1.csv"", ""evidence_2ic_final_decision"": ""g4_g3_final_scientific_decision_summary.json"", ""expert_approved"": false, ""final_scientific_policy"": ""G4_G3_FINAL_SCIENTIFIC_POLICY_V1"", ""human_reviewed"": false, ""julich_probability_asset"": ""data/atlases/julich/v3.1/spatial_raw/probability_maps/"", ""julich_spatial_component_asset"": ""AREA_ID9_INSULA_RIGHT.nii.gz"", ""julich_spatial_component_id"": ""JULICH_BRAIN_CYTOARCHITECTONIC_ATLAS_V3_1_AREA_ID9_INSULA"", ""mapping_method_field"": ""spatial_overlap"", ""owner_scientific_review_status"": ""OWNER_SCIENTIFIC_REVIEWED"", ""phase"": ""G4_G3_MAPPING_CANDIDATE_STAGING_V1"", ""production_review_status"": ""pending"", ""relation_artifact"": ""g4_g3_final_relation_decisions.csv"", ""scientific_method"": ""Julich probability x Brainnetome probability + TemplateFlow nonlinear transform + probability-weighted overlap + hard-label auxiliary containment + owner scientific review"", ""semantic_compatibility_status"": null, ""source_canonical_g4_id"": ""NGIQ-BR-00000555"", ""source_coverage_ratio"": 0.19805042728942038, ""target_canonical_g3_id"": ""NGIQ-BR-00000172"", ""target_coverage_ratio"": 0.08984352538230603, ""transform_provenance"": ""data/atlases/templateflow_ref (MNI152NLin2009cAsym_from-MNI152NLin6Asym)""}"
G4G3-STAGE-6682C3595A0B5F944265,1498,NGIQ-BR-00000555,Area Id9 (Insula) right,G4_MICROSTRUCTURAL_FINE,right,522,NGIQ-BR-00000174,"Right Insular gyrus, Brainnetome 6_3",G3_MESO_FINE,right,partial_overlap,spatial_overlap,0.156157,0.07226,,,False,proposed,pending,FALSE,FALSE,PARTIAL_OVERLAP,FINAL_MULTI_TARGET_PARTIAL_GATE_PASS,,,"{""brainnetome_probability_asset"": ""data/atlases/brainnetome/bna246/volume_raw/BNA_PM_4D.nii.gz"", ""decision_artifact"": ""g4_g3_final_scientific_decisions.csv"", ""decision_reason_code"": ""FINAL_MULTI_TARGET_PARTIAL_GATE_PASS"", ""evidence_2g_probability_overlap"": ""g4_g3_probability_overlap_summary.json"", ""evidence_2h_interpretation"": ""g4_g3_overlap_interpretation_profiles.csv"", ""evidence_2ia_policy"": ""g4_g3_scientific_decision_policy_v1.csv"", ""evidence_2ib_owner_revision"": ""g4_g3_owner_policy_revision_v1.csv"", ""evidence_2ic_final_decision"": ""g4_g3_final_scientific_decision_summary.json"", ""expert_approved"": false, ""final_scientific_policy"": ""G4_G3_FINAL_SCIENTIFIC_POLICY_V1"", ""human_reviewed"": false, ""julich_probability_asset"": ""data/atlases/julich/v3.1/spatial_raw/probability_maps/"", ""julich_spatial_component_asset"": ""AREA_ID9_INSULA_RIGHT.nii.gz"", ""julich_spatial_component_id"": ""JULICH_BRAIN_CYTOARCHITECTONIC_ATLAS_V3_1_AREA_ID9_INSULA"", ""mapping_method_field"": ""spatial_overlap"", ""owner_scientific_review_status"": ""OWNER_SCIENTIFIC_REVIEWED"", ""phase"": ""G4_G3_MAPPING_CANDIDATE_STAGING_V1"", ""production_review_status"": ""pending"", ""relation_artifact"": ""g4_g3_final_relation_decisions.csv"", ""scientific_method"": ""Julich probability x Brainnetome probability + TemplateFlow nonlinear transform + probability-weighted overlap + hard-label auxiliary containment + owner scientific review"", ""semantic_compatibility_status"": null, ""source_canonical_g4_id"": ""NGIQ-BR-00000555"", ""source_coverage_ratio"": 0.15615694111200304, ""target_canonical_g3_id"": ""NGIQ-BR-00000174"", ""target_coverage_ratio"": 0.07226019860738962, ""transform_provenance"": ""data/atlases/templateflow_ref (MNI152NLin2009cAsym_from-MNI152NLin6Asym)""}"
G4G3-STAGE-4B7B6EAD05002BB7A5F8,1501,NGIQ-BR-00000556,Area Id9 (Insula) left,G4_MICROSTRUCTURAL_FINE,left,537,NGIQ-BR-00000179,"Left Insular gyrus, Brainnetome 6_6",G3_MESO_FINE,left,partial_overlap,spatial_overlap,0.412367,0.045885,,,False,proposed,pending,FALSE,FALSE,PARTIAL_OVERLAP,OWNER_CONFIRMED_PARTIAL,,,"{""brainnetome_probability_asset"": ""data/atlases/brainnetome/bna246/volume_raw/BNA_PM_4D.nii.gz"", ""decision_artifact"": ""g4_g3_final_scientific_decisions.csv"", ""decision_reason_code"": ""OWNER_CONFIRMED_PARTIAL"", ""evidence_2g_probability_overlap"": ""g4_g3_probability_overlap_summary.json"", ""evidence_2h_interpretation"": ""g4_g3_overlap_interpretation_profiles.csv"", ""evidence_2ia_policy"": ""g4_g3_scientific_decision_policy_v1.csv"", ""evidence_2ib_owner_revision"": ""g4_g3_owner_policy_revision_v1.csv"", ""evidence_2ic_final_decision"": ""g4_g3_final_scientific_decision_summary.json"", ""expert_approved"": false, ""final_scientific_policy"": ""G4_G3_FINAL_SCIENTIFIC_POLICY_V1"", ""human_reviewed"": false, ""julich_probability_asset"": ""data/atlases/julich/v3.1/spatial_raw/probability_maps/"", ""julich_spatial_component_asset"": ""AREA_ID9_INSULA_LEFT.nii.gz"", ""julich_spatial_component_id"": ""JULICH_BRAIN_CYTOARCHITECTONIC_ATLAS_V3_1_AREA_ID9_INSULA"", ""mapping_method_field"": ""spatial_overlap"", ""owner_scientific_review_status"": ""OWNER_SCIENTIFIC_REVIEWED"", ""phase"": ""G4_G3_MAPPING_CANDIDATE_STAGING_V1"", ""production_review_status"": ""pending"", ""relation_artifact"": ""g4_g3_final_relation_decisions.csv"", ""scientific_method"": ""Julich probability x Brainnetome probability + TemplateFlow nonlinear transform + probability-weighted overlap + hard-label auxiliary containment + owner scientific review"", ""semantic_compatibility_status"": null, ""source_canonical_g4_id"": ""NGIQ-BR-00000556"", ""source_coverage_ratio"": 0.4123665884055189, ""target_canonical_g3_id"": ""NGIQ-BR-00000179"", ""target_coverage_ratio"": 0.04588498767909233, ""transform_provenance"": ""data/atlases/templateflow_ref (MNI152NLin2009cAsym_from-MNI152NLin6Asym)""}"
G4G3-STAGE-FFE3B844E2C71175FCA8,1501,NGIQ-BR-00000556,Area Id9 (Insula) left,G4_MICROSTRUCTURAL_FINE,left,525,NGIQ-BR-00000175,"Left Insular gyrus, Brainnetome 6_4",G3_MESO_FINE,left,partial_overlap,spatial_overlap,0.333253,0.050538,,,False,proposed,pending,FALSE,FALSE,PARTIAL_OVERLAP,OWNER_CONFIRMED_PARTIAL,,,"{""brainnetome_probability_asset"": ""data/atlases/brainnetome/bna246/volume_raw/BNA_PM_4D.nii.gz"", ""decision_artifact"": ""g4_g3_final_scientific_decisions.csv"", ""decision_reason_code"": ""OWNER_CONFIRMED_PARTIAL"", ""evidence_2g_probability_overlap"": ""g4_g3_probability_overlap_summary.json"", ""evidence_2h_interpretation"": ""g4_g3_overlap_interpretation_profiles.csv"", ""evidence_2ia_policy"": ""g4_g3_scientific_decision_policy_v1.csv"", ""evidence_2ib_owner_revision"": ""g4_g3_owner_policy_revision_v1.csv"", ""evidence_2ic_final_decision"": ""g4_g3_final_scientific_decision_summary.json"", ""expert_approved"": false, ""final_scientific_policy"": ""G4_G3_FINAL_SCIENTIFIC_POLICY_V1"", ""human_reviewed"": false, ""julich_probability_asset"": ""data/atlases/julich/v3.1/spatial_raw/probability_maps/"", ""julich_spatial_component_asset"": ""AREA_ID9_INSULA_LEFT.nii.gz"", ""julich_spatial_component_id"": ""JULICH_BRAIN_CYTOARCHITECTONIC_ATLAS_V3_1_AREA_ID9_INSULA"", ""mapping_method_field"": ""spatial_overlap"", ""owner_scientific_review_status"": ""OWNER_SCIENTIFIC_REVIEWED"", ""phase"": ""G4_G3_MAPPING_CANDIDATE_STAGING_V1"", ""production_review_status"": ""pending"", ""relation_artifact"": ""g4_g3_final_relation_decisions.csv"", ""scientific_method"": ""Julich probability x Brainnetome probability + TemplateFlow nonlinear transform + probability-weighted overlap + hard-label auxiliary containment + owner scientific review"", ""semantic_compatibility_status"": null, ""source_canonical_g4_id"": ""NGIQ-BR-00000556"", ""source_coverage_ratio"": 0.33325322729425727, ""target_canonical_g3_id"": ""NGIQ-BR-00000175"", ""target_coverage_ratio"": 0.050538384321442385, ""transform_provenance"": ""data/atlases/templateflow_ref (MNI152NLin2009cAsym_from-MNI152NLin6Asym)""}"
G4G3-STAGE-0489AA7433ED68E5F334,1504,NGIQ-BR-00000557,Area Id7 (Insula) right,G4_MICROSTRUCTURAL_FINE,right,162,NGIQ-BR-00000054,"Right Inferior frontal gyrus, Brainnetome 6_5",G3_MESO_FINE,right,partial_overlap,spatial_overlap,0.396694,0.06746,,,False,proposed,pending,FALSE,FALSE,PARTIAL_OVERLAP,OWNER_CONFIRMED_PARTIAL,,,"{""brainnetome_probability_asset"": ""data/atlases/brainnetome/bna246/volume_raw/BNA_PM_4D.nii.gz"", ""decision_artifact"": ""g4_g3_final_scientific_decisions.csv"", ""decision_reason_code"": ""OWNER_CONFIRMED_PARTIAL"", ""evidence_2g_probability_overlap"": ""g4_g3_probability_overlap_summary.json"", ""evidence_2h_interpretation"": ""g4_g3_overlap_interpretation_profiles.csv"", ""evidence_2ia_policy"": ""g4_g3_scientific_decision_policy_v1.csv"", ""evidence_2ib_owner_revision"": ""g4_g3_owner_policy_revision_v1.csv"", ""evidence_2ic_final_decision"": ""g4_g3_final_scientific_decision_summary.json"", ""expert_approved"": false, ""final_scientific_policy"": ""G4_G3_FINAL_SCIENTIFIC_POLICY_V1"", ""human_reviewed"": false, ""julich_probability_asset"": ""data/atlases/julich/v3.1/spatial_raw/probability_maps/"", ""julich_spatial_component_asset"": ""AREA_ID7_INSULA_RIGHT.nii.gz"", ""julich_spatial_component_id"": ""JULICH_BRAIN_CYTOARCHITECTONIC_ATLAS_V3_1_AREA_ID7_INSULA"", ""mapping_method_field"": ""spatial_overlap"", ""owner_scientific_review_status"": ""OWNER_SCIENTIFIC_REVIEWED"", ""phase"": ""G4_G3_MAPPING_CANDIDATE_STAGING_V1"", ""production_review_status"": ""pending"", ""relation_artifact"": ""g4_g3_final_relation_decisions.csv"", ""scientific_method"": ""Julich probability x Brainnetome probability + TemplateFlow nonlinear transform + probability-weighted overlap + hard-label auxiliary containment + owner scientific review"", ""semantic_compatibility_status"": null, ""source_canonical_g4_id"": ""NGIQ-BR-00000557"", ""source_coverage_ratio"": 0.396694239564087, ""target_canonical_g3_id"": ""NGIQ-BR-00000054"", ""target_coverage_ratio"": 0.06745991626260713, ""transform_provenance"": ""data/atlases/templateflow_ref (MNI152NLin2009cAsym_from-MNI152NLin6Asym)""}"
G4G3-STAGE-765F230EE6F60BDA4B87,1504,NGIQ-BR-00000557,Area Id7 (Insula) right,G4_MICROSTRUCTURAL_FINE,right,522,NGIQ-BR-00000174,"Right Insular gyrus, Brainnetome 6_3",G3_MESO_FINE,right,partial_overlap,spatial_overlap,0.328436,0.127429,,,False,proposed,pending,FALSE,FALSE,PARTIAL_OVERLAP,OWNER_CONFIRMED_PARTIAL,,,"{""brainnetome_probability_asset"": ""data/atlases/brainnetome/bna246/volume_raw/BNA_PM_4D.nii.gz"", ""decision_artifact"": ""g4_g3_final_scientific_decisions.csv"", ""decision_reason_code"": ""OWNER_CONFIRMED_PARTIAL"", ""evidence_2g_probability_overlap"": ""g4_g3_probability_overlap_summary.json"", ""evidence_2h_interpretation"": ""g4_g3_overlap_interpretation_profiles.csv"", ""evidence_2ia_policy"": ""g4_g3_scientific_decision_policy_v1.csv"", ""evidence_2ib_owner_revision"": ""g4_g3_owner_policy_revision_v1.csv"", ""evidence_2ic_final_decision"": ""g4_g3_final_scientific_decision_summary.json"", ""expert_approved"": false, ""final_scientific_policy"": ""G4_G3_FINAL_SCIENTIFIC_POLICY_V1"", ""human_reviewed"": false, ""julich_probability_asset"": ""data/atlases/julich/v3.1/spatial_raw/probability_maps/"", ""julich_spatial_component_asset"": ""AREA_ID7_INSULA_RIGHT.nii.gz"", ""julich_spatial_component_id"": ""JULICH_BRAIN_CYTOARCHITECTONIC_ATLAS_V3_1_AREA_ID7_INSULA"", ""mapping_method_field"": ""spatial_overlap"", ""owner_scientific_review_status"": ""OWNER_SCIENTIFIC_REVIEWED"", ""phase"": ""G4_G3_MAPPING_CANDIDATE_STAGING_V1"", ""production_review_status"": ""pending"", ""relation_artifact"": ""g4_g3_final_relation_decisions.csv"", ""scientific_method"": ""Julich probability x Brainnetome probability + TemplateFlow nonlinear transform + probability-weighted overlap + hard-label auxiliary containment + owner scientific review"", ""semantic_compatibility_status"": null, ""source_canonical_g4_id"": ""NGIQ-BR-00000557"", ""source_coverage_ratio"": 0.3284364373381769, ""target_canonical_g3_id"": ""NGIQ-BR-00000174"", ""target_coverage_ratio"": 0.12742903284660692, ""transform_provenance"": ""data/atlases/templateflow_ref (MNI152NLin2009cAsym_from-MNI152NLin6Asym)""}"
G4G3-STAGE-9AE3A548965970514DD3,1507,NGIQ-BR-00000558,Area Id7 (Insula) left,G4_MICROSTRUCTURAL_FINE,left,519,NGIQ-BR-00000173,"Left Insular gyrus, Brainnetome 6_3",G3_MESO_FINE,left,partial_overlap,spatial_overlap,0.498844,0.134137,,,False,proposed,pending,FALSE,FALSE,PARTIAL_OVERLAP,OWNER_CONFIRMED_PARTIAL,,,"{""brainnetome_probability_asset"": ""data/atlases/brainnetome/bna246/volume_raw/BNA_PM_4D.nii.gz"", ""decision_artifact"": ""g4_g3_final_scientific_decisions.csv"", ""decision_reason_code"": ""OWNER_CONFIRMED_PARTIAL"", ""evidence_2g_probability_overlap"": ""g4_g3_probability_overlap_summary.json"", ""evidence_2h_interpretation"": ""g4_g3_overlap_interpretation_profiles.csv"", ""evidence_2ia_policy"": ""g4_g3_scientific_decision_policy_v1.csv"", ""evidence_2ib_owner_revision"": ""g4_g3_owner_policy_revision_v1.csv"", ""evidence_2ic_final_decision"": ""g4_g3_final_scientific_decision_summary.json"", ""expert_approved"": false, ""final_scientific_policy"": ""G4_G3_FINAL_SCIENTIFIC_POLICY_V1"", ""human_reviewed"": false, ""julich_probability_asset"": ""data/atlases/julich/v3.1/spatial_raw/probability_maps/"", ""julich_spatial_component_asset"": ""AREA_ID7_INSULA_LEFT.nii.gz"", ""julich_spatial_component_id"": ""JULICH_BRAIN_CYTOARCHITECTONIC_ATLAS_V3_1_AREA_ID7_INSULA"", ""mapping_method_field"": ""spatial_overlap"", ""owner_scientific_review_status"": ""OWNER_SCIENTIFIC_REVIEWED"", ""phase"": ""G4_G3_MAPPING_CANDIDATE_STAGING_V1"", ""production_review_status"": ""pending"", ""relation_artifact"": ""g4_g3_final_relation_decisions.csv"", ""scientific_method"": ""Julich probability x Brainnetome probability + TemplateFlow nonlinear transform + probability-weighted overlap + hard-label auxiliary containment + owner scientific review"", ""semantic_compatibility_status"": null, ""source_canonical_g4_id"": ""NGIQ-BR-00000558"", ""source_coverage_ratio"": 0.4988435763049125, ""target_canonical_g3_id"": ""NGIQ-BR-00000173"", ""target_coverage_ratio"": 0.13413664253709098, ""transform_provenance"": ""data/atlases/templateflow_ref (MNI152NLin2009cAsym_from-MNI152NLin6Asym)""}"
G4G3-STAGE-7A10F6578B6C82403937,1507,NGIQ-BR-00000558,Area Id7 (Insula) left,G4_MICROSTRUCTURAL_FINE,left,159,NGIQ-BR-00000053,"Left Inferior frontal gyrus, Brainnetome 6_5",G3_MESO_FINE,left,partial_overlap,spatial_overlap,0.220763,0.041731,,,False,proposed,pending,FALSE,FALSE,PARTIAL_OVERLAP,OWNER_CONFIRMED_PARTIAL,,,"{""brainnetome_probability_asset"": ""data/atlases/brainnetome/bna246/volume_raw/BNA_PM_4D.nii.gz"", ""decision_artifact"": ""g4_g3_final_scientific_decisions.csv"", ""decision_reason_code"": ""OWNER_CONFIRMED_PARTIAL"", ""evidence_2g_probability_overlap"": ""g4_g3_probability_overlap_summary.json"", ""evidence_2h_interpretation"": ""g4_g3_overlap_interpretation_profiles.csv"", ""evidence_2ia_policy"": ""g4_g3_scientific_decision_policy_v1.csv"", ""evidence_2ib_owner_revision"": ""g4_g3_owner_policy_revision_v1.csv"", ""evidence_2ic_final_decision"": ""g4_g3_final_scientific_decision_summary.json"", ""expert_approved"": false, ""final_scientific_policy"": ""G4_G3_FINAL_SCIENTIFIC_POLICY_V1"", ""human_reviewed"": false, ""julich_probability_asset"": ""data/atlases/julich/v3.1/spatial_raw/probability_maps/"", ""julich_spatial_component_asset"": ""AREA_ID7_INSULA_LEFT.nii.gz"", ""julich_spatial_component_id"": ""JULICH_BRAIN_CYTOARCHITECTONIC_ATLAS_V3_1_AREA_ID7_INSULA"", ""mapping_method_field"": ""spatial_overlap"", ""owner_scientific_review_status"": ""OWNER_SCIENTIFIC_REVIEWED"", ""phase"": ""G4_G3_MAPPING_CANDIDATE_STAGING_V1"", ""production_review_status"": ""pending"", ""relation_artifact"": ""g4_g3_final_relation_decisions.csv"", ""scientific_method"": ""Julich probability x Brainnetome probability + TemplateFlow nonlinear transform + probability-weighted overlap + hard-label auxiliary containment + owner scientific review"", ""semantic_compatibility_status"": null, ""source_canonical_g4_id"": ""NGIQ-BR-00000558"", ""source_coverage_ratio"": 0.2207634578330221, ""target_canonical_g3_id"": ""NGIQ-BR-00000053"", ""target_coverage_ratio"": 0.041730976292847145, ""transform_provenance"": ""data/atlases/templateflow_ref (MNI152NLin2009cAsym_from-MNI152NLin6Asym)""}"
G4G3-STAGE-9C5817F480511A8F613C,1507,NGIQ-BR-00000558,Area Id7 (Insula) left,G4_MICROSTRUCTURAL_FINE,left,201,NGIQ-BR-00000067,"Left Orbital gyrus, Brainnetome 6_6",G3_MESO_FINE,left,partial_overlap,spatial_overlap,0.153673,0.022949,,,False,proposed,pending,FALSE,FALSE,PARTIAL_OVERLAP,OWNER_CONFIRMED_PARTIAL,,,"{""brainnetome_probability_asset"": ""data/atlases/brainnetome/bna246/volume_raw/BNA_PM_4D.nii.gz"", ""decision_artifact"": ""g4_g3_final_scientific_decisions.csv"", ""decision_reason_code"": ""OWNER_CONFIRMED_PARTIAL"", ""evidence_2g_probability_overlap"": ""g4_g3_probability_overlap_summary.json"", ""evidence_2h_interpretation"": ""g4_g3_overlap_interpretation_profiles.csv"", ""evidence_2ia_policy"": ""g4_g3_scientific_decision_policy_v1.csv"", ""evidence_2ib_owner_revision"": ""g4_g3_owner_policy_revision_v1.csv"", ""evidence_2ic_final_decision"": ""g4_g3_final_scientific_decision_summary.json"", ""expert_approved"": false, ""final_scientific_policy"": ""G4_G3_FINAL_SCIENTIFIC_POLICY_V1"", ""human_reviewed"": false, ""julich_probability_asset"": ""data/atlases/julich/v3.1/spatial_raw/probability_maps/"", ""julich_spatial_component_asset"": ""AREA_ID7_INSULA_LEFT.nii.gz"", ""julich_spatial_component_id"": ""JULICH_BRAIN_CYTOARCHITECTONIC_ATLAS_V3_1_AREA_ID7_INSULA"", ""mapping_method_field"": ""spatial_overlap"", ""owner_scientific_review_status"": ""OWNER_SCIENTIFIC_REVIEWED"", ""phase"": ""G4_G3_MAPPING_CANDIDATE_STAGING_V1"", ""production_review_status"": ""pending"", ""relation_artifact"": ""g4_g3_final_relation_decisions.csv"", ""scientific_method"": ""Julich probability x Brainnetome probability + TemplateFlow nonlinear transform + probability-weighted overlap + hard-label auxiliary containment + owner scientific review"", ""semantic_compatibility_status"": null, ""source_canonical_g4_id"": ""NGIQ-BR-00000558"", ""source_coverage_ratio"": 0.15367299159148434, ""target_canonical_g3_id"": ""NGIQ-BR-00000067"", ""target_coverage_ratio"": 0.022949255385533822, ""transform_provenance"": ""data/atlases/templateflow_ref (MNI152NLin2009cAsym_from-MNI152NLin6Asym)""}"
G4G3-STAGE-40F3CB02B3B4A09F5802,1510,NGIQ-BR-00000559,Area Id5 (Insula) right,G4_MICROSTRUCTURAL_FINE,right,534,NGIQ-BR-00000178,"Right Insular gyrus, Brainnetome 6_5",G3_MESO_FINE,right,dominant_overlap,spatial_overlap,0.695013,0.163128,,,False,proposed,pending,FALSE,FALSE,APPROVE_DOMINANT_OVERLAP,DOMINANT_CRITERIA_V1,,,"{""brainnetome_probability_asset"": ""data/atlases/brainnetome/bna246/volume_raw/BNA_PM_4D.nii.gz"", ""decision_artifact"": ""g4_g3_final_scientific_decisions.csv"", ""decision_reason_code"": ""DOMINANT_CRITERIA_V1"", ""evidence_2g_probability_overlap"": ""g4_g3_probability_overlap_summary.json"", ""evidence_2h_interpretation"": ""g4_g3_overlap_interpretation_profiles.csv"", ""evidence_2ia_policy"": ""g4_g3_scientific_decision_policy_v1.csv"", ""evidence_2ib_owner_revision"": ""g4_g3_owner_policy_revision_v1.csv"", ""evidence_2ic_final_decision"": ""g4_g3_final_scientific_decision_summary.json"", ""expert_approved"": false, ""final_scientific_policy"": ""G4_G3_FINAL_SCIENTIFIC_POLICY_V1"", ""human_reviewed"": false, ""julich_probability_asset"": ""data/atlases/julich/v3.1/spatial_raw/probability_maps/"", ""julich_spatial_component_asset"": ""AREA_ID5_INSULA_RIGHT.nii.gz"", ""julich_spatial_component_id"": ""JULICH_BRAIN_CYTOARCHITECTONIC_ATLAS_V3_1_AREA_ID5_INSULA"", ""mapping_method_field"": ""spatial_overlap"", ""owner_scientific_review_status"": ""OWNER_SCIENTIFIC_REVIEWED"", ""phase"": ""G4_G3_MAPPING_CANDIDATE_STAGING_V1"", ""production_review_status"": ""pending"", ""relation_artifact"": ""g4_g3_final_relation_decisions.csv"", ""scientific_method"": ""Julich probability x Brainnetome probability + TemplateFlow nonlinear transform + probability-weighted overlap + hard-label auxiliary containment + owner scientific review"", ""semantic_compatibility_status"": null, ""source_canonical_g4_id"": ""NGIQ-BR-00000559"", ""source_coverage_ratio"": 0.6950133355344189, ""target_canonical_g3_id"": ""NGIQ-BR-00000178"", ""target_coverage_ratio"": 0.16312787009329047, ""transform_provenance"": ""data/atlases/templateflow_ref (MNI152NLin2009cAsym_from-MNI152NLin6Asym)""}"
G4G3-STAGE-B872E2B6D2892E1402D9,1513,NGIQ-BR-00000560,Area Id5 (Insula) left,G4_MICROSTRUCTURAL_FINE,left,531,NGIQ-BR-00000177,"Left Insular gyrus, Brainnetome 6_5",G3_MESO_FINE,left,dominant_overlap,spatial_overlap,0.690898,0.099112,,,False,proposed,pending,FALSE,FALSE,APPROVE_DOMINANT_OVERLAP,DOMINANT_CRITERIA_V1,,,"{""brainnetome_probability_asset"": ""data/atlases/brainnetome/bna246/volume_raw/BNA_PM_4D.nii.gz"", ""decision_artifact"": ""g4_g3_final_scientific_decisions.csv"", ""decision_reason_code"": ""DOMINANT_CRITERIA_V1"", ""evidence_2g_probability_overlap"": ""g4_g3_probability_overlap_summary.json"", ""evidence_2h_interpretation"": ""g4_g3_overlap_interpretation_profiles.csv"", ""evidence_2ia_policy"": ""g4_g3_scientific_decision_policy_v1.csv"", ""evidence_2ib_owner_revision"": ""g4_g3_owner_policy_revision_v1.csv"", ""evidence_2ic_final_decision"": ""g4_g3_final_scientific_decision_summary.json"", ""expert_approved"": false, ""final_scientific_policy"": ""G4_G3_FINAL_SCIENTIFIC_POLICY_V1"", ""human_reviewed"": false, ""julich_probability_asset"": ""data/atlases/julich/v3.1/spatial_raw/probability_maps/"", ""julich_spatial_component_asset"": ""AREA_ID5_INSULA_LEFT.nii.gz"", ""julich_spatial_component_id"": ""JULICH_BRAIN_CYTOARCHITECTONIC_ATLAS_V3_1_AREA_ID5_INSULA"", ""mapping_method_field"": ""spatial_overlap"", ""owner_scientific_review_status"": ""OWNER_SCIENTIFIC_REVIEWED"", ""phase"": ""G4_G3_MAPPING_CANDIDATE_STAGING_V1"", ""production_review_status"": ""pending"", ""relation_artifact"": ""g4_g3_final_relation_decisions.csv"", ""scientific_method"": ""Julich probability x Brainnetome probability + TemplateFlow nonlinear transform + probability-weighted overlap + hard-label auxiliary containment + owner scientific review"", ""semantic_compatibility_status"": null, ""source_canonical_g4_id"": ""NGIQ-BR-00000560"", ""source_coverage_ratio"": 0.6908977367751479, ""target_canonical_g3_id"": ""NGIQ-BR-00000177"", ""target_coverage_ratio"": 0.09911169013669352, ""transform_provenance"": ""data/atlases/templateflow_ref (MNI152NLin2009cAsym_from-MNI152NLin6Asym)""}"
G4G3-STAGE-853939751C5C006C3AA2,1516,NGIQ-BR-00000561,Area Id6 (Insula) right,G4_MICROSTRUCTURAL_FINE,right,540,NGIQ-BR-00000180,"Right Insular gyrus, Brainnetome 6_6",G3_MESO_FINE,right,dominant_overlap,spatial_overlap,0.50878,0.338559,,,False,proposed,pending,FALSE,FALSE,APPROVE_DOMINANT_OVERLAP,DOMINANT_CRITERIA_V1,,BOUNDARY_METRIC,"{""brainnetome_probability_asset"": ""data/atlases/brainnetome/bna246/volume_raw/BNA_PM_4D.nii.gz"", ""decision_artifact"": ""g4_g3_final_scientific_decisions.csv"", ""decision_reason_code"": ""DOMINANT_CRITERIA_V1"", ""evidence_2g_probability_overlap"": ""g4_g3_probability_overlap_summary.json"", ""evidence_2h_interpretation"": ""g4_g3_overlap_interpretation_profiles.csv"", ""evidence_2ia_policy"": ""g4_g3_scientific_decision_policy_v1.csv"", ""evidence_2ib_owner_revision"": ""g4_g3_owner_policy_revision_v1.csv"", ""evidence_2ic_final_decision"": ""g4_g3_final_scientific_decision_summary.json"", ""expert_approved"": false, ""final_scientific_policy"": ""G4_G3_FINAL_SCIENTIFIC_POLICY_V1"", ""human_reviewed"": false, ""julich_probability_asset"": ""data/atlases/julich/v3.1/spatial_raw/probability_maps/"", ""julich_spatial_component_asset"": ""AREA_ID6_INSULA_RIGHT.nii.gz"", ""julich_spatial_component_id"": ""JULICH_BRAIN_CYTOARCHITECTONIC_ATLAS_V3_1_AREA_ID6_INSULA"", ""mapping_method_field"": ""spatial_overlap"", ""owner_scientific_review_status"": ""OWNER_SCIENTIFIC_REVIEWED"", ""phase"": ""G4_G3_MAPPING_CANDIDATE_STAGING_V1"", ""production_review_status"": ""pending"", ""relation_artifact"": ""g4_g3_final_relation_decisions.csv"", ""scientific_method"": ""Julich probability x Brainnetome probability + TemplateFlow nonlinear transform + probability-weighted overlap + hard-label auxiliary containment + owner scientific review"", ""semantic_compatibility_status"": null, ""source_canonical_g4_id"": ""NGIQ-BR-00000561"", ""source_coverage_ratio"": 0.5087798262203895, ""target_canonical_g3_id"": ""NGIQ-BR-00000180"", ""target_coverage_ratio"": 0.3385588206272399, ""transform_provenance"": ""data/atlases/templateflow_ref (MNI152NLin2009cAsym_from-MNI152NLin6Asym)""}"
G4G3-STAGE-21C75603C2011EFFD49B,1519,NGIQ-BR-00000562,Area Id6 (Insula) left,G4_MICROSTRUCTURAL_FINE,left,537,NGIQ-BR-00000179,"Left Insular gyrus, Brainnetome 6_6",G3_MESO_FINE,left,partial_overlap,spatial_overlap,0.49276,0.329247,,,False,proposed,pending,FALSE,FALSE,PARTIAL_OVERLAP,OWNER_CONFIRMED_PARTIAL,,,"{""brainnetome_probability_asset"": ""data/atlases/brainnetome/bna246/volume_raw/BNA_PM_4D.nii.gz"", ""decision_artifact"": ""g4_g3_final_scientific_decisions.csv"", ""decision_reason_code"": ""OWNER_CONFIRMED_PARTIAL"", ""evidence_2g_probability_overlap"": ""g4_g3_probability_overlap_summary.json"", ""evidence_2h_interpretation"": ""g4_g3_overlap_interpretation_profiles.csv"", ""evidence_2ia_policy"": ""g4_g3_scientific_decision_policy_v1.csv"", ""evidence_2ib_owner_revision"": ""g4_g3_owner_policy_revision_v1.csv"", ""evidence_2ic_final_decision"": ""g4_g3_final_scientific_decision_summary.json"", ""expert_approved"": false, ""final_scientific_policy"": ""G4_G3_FINAL_SCIENTIFIC_POLICY_V1"", ""human_reviewed"": false, ""julich_probability_asset"": ""data/atlases/julich/v3.1/spatial_raw/probability_maps/"", ""julich_spatial_component_asset"": ""AREA_ID6_INSULA_LEFT.nii.gz"", ""julich_spatial_component_id"": ""JULICH_BRAIN_CYTOARCHITECTONIC_ATLAS_V3_1_AREA_ID6_INSULA"", ""mapping_method_field"": ""spatial_overlap"", ""owner_scientific_review_status"": ""OWNER_SCIENTIFIC_REVIEWED"", ""phase"": ""G4_G3_MAPPING_CANDIDATE_STAGING_V1"", ""production_review_status"": ""pending"", ""relation_artifact"": ""g4_g3_final_relation_decisions.csv"", ""scientific_method"": ""Julich probability x Brainnetome probability + TemplateFlow nonlinear transform + probability-weighted overlap + hard-label auxiliary containment + owner scientific review"", ""semantic_compatibility_status"": null, ""source_canonical_g4_id"": ""NGIQ-BR-00000562"", ""source_coverage_ratio"": 0.49276000985871377, ""target_canonical_g3_id"": ""NGIQ-BR-00000179"", ""target_coverage_ratio"": 0.3292473244800225, ""transform_provenance"": ""data/atlases/templateflow_ref (MNI152NLin2009cAsym_from-MNI152NLin6Asym)""}"
G4G3-STAGE-C12F9F227E09DB1D6199,1519,NGIQ-BR-00000562,Area Id6 (Insula) left,G4_MICROSTRUCTURAL_FINE,left,519,NGIQ-BR-00000173,"Left Insular gyrus, Brainnetome 6_3",G3_MESO_FINE,left,partial_overlap,spatial_overlap,0.278681,0.276992,,,False,proposed,pending,FALSE,FALSE,PARTIAL_OVERLAP,OWNER_CONFIRMED_PARTIAL,,,"{""brainnetome_probability_asset"": ""data/atlases/brainnetome/bna246/volume_raw/BNA_PM_4D.nii.gz"", ""decision_artifact"": ""g4_g3_final_scientific_decisions.csv"", ""decision_reason_code"": ""OWNER_CONFIRMED_PARTIAL"", ""evidence_2g_probability_overlap"": ""g4_g3_probability_overlap_summary.json"", ""evidence_2h_interpretation"": ""g4_g3_overlap_interpretation_profiles.csv"", ""evidence_2ia_policy"": ""g4_g3_scientific_decision_policy_v1.csv"", ""evidence_2ib_owner_revision"": ""g4_g3_owner_policy_revision_v1.csv"", ""evidence_2ic_final_decision"": ""g4_g3_final_scientific_decision_summary.json"", ""expert_approved"": false, ""final_scientific_policy"": ""G4_G3_FINAL_SCIENTIFIC_POLICY_V1"", ""human_reviewed"": false, ""julich_probability_asset"": ""data/atlases/julich/v3.1/spatial_raw/probability_maps/"", ""julich_spatial_component_asset"": ""AREA_ID6_INSULA_LEFT.nii.gz"", ""julich_spatial_component_id"": ""JULICH_BRAIN_CYTOARCHITECTONIC_ATLAS_V3_1_AREA_ID6_INSULA"", ""mapping_method_field"": ""spatial_overlap"", ""owner_scientific_review_status"": ""OWNER_SCIENTIFIC_REVIEWED"", ""phase"": ""G4_G3_MAPPING_CANDIDATE_STAGING_V1"", ""production_review_status"": ""pending"", ""relation_artifact"": ""g4_g3_final_relation_decisions.csv"", ""scientific_method"": ""Julich probability x Brainnetome probability + TemplateFlow nonlinear transform + probability-weighted overlap + hard-label auxiliary containment + owner scientific review"", ""semantic_compatibility_status"": null, ""source_canonical_g4_id"": ""NGIQ-BR-00000562"", ""source_coverage_ratio"": 0.2786806428696401, ""target_canonical_g3_id"": ""NGIQ-BR-00000173"", ""target_coverage_ratio"": 0.2769916494119007, ""transform_provenance"": ""data/atlases/templateflow_ref (MNI152NLin2009cAsym_from-MNI152NLin6Asym)""}"
G4G3-STAGE-F5B044C82CCAC63035F1,1525,NGIQ-BR-00000564,Area Id10 (Insula) left,G4_MICROSTRUCTURAL_FINE,left,513,NGIQ-BR-00000171,"Left Insular gyrus, Brainnetome 6_2",G3_MESO_FINE,left,partial_overlap,spatial_overlap,0.36552,0.2078,,,False,proposed,pending,FALSE,FALSE,PARTIAL_OVERLAP,OWNER_CONFIRMED_PARTIAL,,,"{""brainnetome_probability_asset"": ""data/atlases/brainnetome/bna246/volume_raw/BNA_PM_4D.nii.gz"", ""decision_artifact"": ""g4_g3_final_scientific_decisions.csv"", ""decision_reason_code"": ""OWNER_CONFIRMED_PARTIAL"", ""evidence_2g_probability_overlap"": ""g4_g3_probability_overlap_summary.json"", ""evidence_2h_interpretation"": ""g4_g3_overlap_interpretation_profiles.csv"", ""evidence_2ia_policy"": ""g4_g3_scientific_decision_policy_v1.csv"", ""evidence_2ib_owner_revision"": ""g4_g3_owner_policy_revision_v1.csv"", ""evidence_2ic_final_decision"": ""g4_g3_final_scientific_decision_summary.json"", ""expert_approved"": false, ""final_scientific_policy"": ""G4_G3_FINAL_SCIENTIFIC_POLICY_V1"", ""human_reviewed"": false, ""julich_probability_asset"": ""data/atlases/julich/v3.1/spatial_raw/probability_maps/"", ""julich_spatial_component_asset"": ""AREA_ID10_INSULA_LEFT.nii.gz"", ""julich_spatial_component_id"": ""JULICH_BRAIN_CYTOARCHITECTONIC_ATLAS_V3_1_AREA_ID10_INSULA"", ""mapping_method_field"": ""spatial_overlap"", ""owner_scientific_review_status"": ""OWNER_SCIENTIFIC_REVIEWED"", ""phase"": ""G4_G3_MAPPING_CANDIDATE_STAGING_V1"", ""production_review_status"": ""pending"", ""relation_artifact"": ""g4_g3_final_relation_decisions.csv"", ""scientific_method"": ""Julich probability x Brainnetome probability + TemplateFlow nonlinear transform + probability-weighted overlap + hard-label auxiliary containment + owner scientific review"", ""semantic_compatibility_status"": null, ""source_canonical_g4_id"": ""NGIQ-BR-00000564"", ""source_coverage_ratio"": 0.36552027245687896, ""target_canonical_g3_id"": ""NGIQ-BR-00000171"", ""target_coverage_ratio"": 0.20779979562648457, ""transform_provenance"": ""data/atlases/templateflow_ref (MNI152NLin2009cAsym_from-MNI152NLin6Asym)""}"
G4G3-STAGE-52BE7D6466251E66D80C,1525,NGIQ-BR-00000564,Area Id10 (Insula) left,G4_MICROSTRUCTURAL_FINE,left,201,NGIQ-BR-00000067,"Left Orbital gyrus, Brainnetome 6_6",G3_MESO_FINE,left,partial_overlap,spatial_overlap,0.297339,0.073089,,,False,proposed,pending,FALSE,FALSE,PARTIAL_OVERLAP,OWNER_CONFIRMED_PARTIAL,,,"{""brainnetome_probability_asset"": ""data/atlases/brainnetome/bna246/volume_raw/BNA_PM_4D.nii.gz"", ""decision_artifact"": ""g4_g3_final_scientific_decisions.csv"", ""decision_reason_code"": ""OWNER_CONFIRMED_PARTIAL"", ""evidence_2g_probability_overlap"": ""g4_g3_probability_overlap_summary.json"", ""evidence_2h_interpretation"": ""g4_g3_overlap_interpretation_profiles.csv"", ""evidence_2ia_policy"": ""g4_g3_scientific_decision_policy_v1.csv"", ""evidence_2ib_owner_revision"": ""g4_g3_owner_policy_revision_v1.csv"", ""evidence_2ic_final_decision"": ""g4_g3_final_scientific_decision_summary.json"", ""expert_approved"": false, ""final_scientific_policy"": ""G4_G3_FINAL_SCIENTIFIC_POLICY_V1"", ""human_reviewed"": false, ""julich_probability_asset"": ""data/atlases/julich/v3.1/spatial_raw/probability_maps/"", ""julich_spatial_component_asset"": ""AREA_ID10_INSULA_LEFT.nii.gz"", ""julich_spatial_component_id"": ""JULICH_BRAIN_CYTOARCHITECTONIC_ATLAS_V3_1_AREA_ID10_INSULA"", ""mapping_method_field"": ""spatial_overlap"", ""owner_scientific_review_status"": ""OWNER_SCIENTIFIC_REVIEWED"", ""phase"": ""G4_G3_MAPPING_CANDIDATE_STAGING_V1"", ""production_review_status"": ""pending"", ""relation_artifact"": ""g4_g3_final_relation_decisions.csv"", ""scientific_method"": ""Julich probability x Brainnetome probability + TemplateFlow nonlinear transform + probability-weighted overlap + hard-label auxiliary containment + owner scientific review"", ""semantic_compatibility_status"": null, ""source_canonical_g4_id"": ""NGIQ-BR-00000564"", ""source_coverage_ratio"": 0.29733881700438325, ""target_canonical_g3_id"": ""NGIQ-BR-00000067"", ""target_coverage_ratio"": 0.0730885891101168, ""transform_provenance"": ""data/atlases/templateflow_ref (MNI152NLin2009cAsym_from-MNI152NLin6Asym)""}"
G4G3-STAGE-7D553303280BDB463587,1528,NGIQ-BR-00000565,Area Id4 (Insula) right,G4_MICROSTRUCTURAL_FINE,right,540,NGIQ-BR-00000180,"Right Insular gyrus, Brainnetome 6_6",G3_MESO_FINE,right,partial_overlap,spatial_overlap,0.406285,0.121535,,,False,proposed,pending,FALSE,FALSE,PARTIAL_OVERLAP,OWNER_CONFIRMED_PARTIAL_SET_CONCORDANT,,,"{""brainnetome_probability_asset"": ""data/atlases/brainnetome/bna246/volume_raw/BNA_PM_4D.nii.gz"", ""decision_artifact"": ""g4_g3_final_scientific_decisions.csv"", ""decision_reason_code"": ""OWNER_CONFIRMED_PARTIAL_SET_CONCORDANT"", ""evidence_2g_probability_overlap"": ""g4_g3_probability_overlap_summary.json"", ""evidence_2h_interpretation"": ""g4_g3_overlap_interpretation_profiles.csv"", ""evidence_2ia_policy"": ""g4_g3_scientific_decision_policy_v1.csv"", ""evidence_2ib_owner_revision"": ""g4_g3_owner_policy_revision_v1.csv"", ""evidence_2ic_final_decision"": ""g4_g3_final_scientific_decision_summary.json"", ""expert_approved"": false, ""final_scientific_policy"": ""G4_G3_FINAL_SCIENTIFIC_POLICY_V1"", ""human_reviewed"": false, ""julich_probability_asset"": ""data/atlases/julich/v3.1/spatial_raw/probability_maps/"", ""julich_spatial_component_asset"": ""AREA_ID4_INSULA_RIGHT.nii.gz"", ""julich_spatial_component_id"": ""JULICH_BRAIN_CYTOARCHITECTONIC_ATLAS_V3_1_AREA_ID4_INSULA"", ""mapping_method_field"": ""spatial_overlap"", ""owner_scientific_review_status"": ""OWNER_SCIENTIFIC_REVIEWED"", ""phase"": ""G4_G3_MAPPING_CANDIDATE_STAGING_V1"", ""production_review_status"": ""pending"", ""relation_artifact"": ""g4_g3_final_relation_decisions.csv"", ""scientific_method"": ""Julich probability x Brainnetome probability + TemplateFlow nonlinear transform + probability-weighted overlap + hard-label auxiliary containment + owner scientific review"", ""semantic_compatibility_status"": null, ""source_canonical_g4_id"": ""NGIQ-BR-00000565"", ""source_coverage_ratio"": 0.4062846969136915, ""target_canonical_g3_id"": ""NGIQ-BR-00000180"", ""target_coverage_ratio"": 0.12153522314794239, ""transform_provenance"": ""data/atlases/templateflow_ref (MNI152NLin2009cAsym_from-MNI152NLin6Asym)""}"
G4G3-STAGE-5D1450DB0C90718424EE,1528,NGIQ-BR-00000565,Area Id4 (Insula) right,G4_MICROSTRUCTURAL_FINE,right,534,NGIQ-BR-00000178,"Right Insular gyrus, Brainnetome 6_5",G3_MESO_FINE,right,partial_overlap,spatial_overlap,0.341044,0.136706,,,False,proposed,pending,FALSE,FALSE,PARTIAL_OVERLAP,OWNER_CONFIRMED_PARTIAL_SET_CONCORDANT,,,"{""brainnetome_probability_asset"": ""data/atlases/brainnetome/bna246/volume_raw/BNA_PM_4D.nii.gz"", ""decision_artifact"": ""g4_g3_final_scientific_decisions.csv"", ""decision_reason_code"": ""OWNER_CONFIRMED_PARTIAL_SET_CONCORDANT"", ""evidence_2g_probability_overlap"": ""g4_g3_probability_overlap_summary.json"", ""evidence_2h_interpretation"": ""g4_g3_overlap_interpretation_profiles.csv"", ""evidence_2ia_policy"": ""g4_g3_scientific_decision_policy_v1.csv"", ""evidence_2ib_owner_revision"": ""g4_g3_owner_policy_revision_v1.csv"", ""evidence_2ic_final_decision"": ""g4_g3_final_scientific_decision_summary.json"", ""expert_approved"": false, ""final_scientific_policy"": ""G4_G3_FINAL_SCIENTIFIC_POLICY_V1"", ""human_reviewed"": false, ""julich_probability_asset"": ""data/atlases/julich/v3.1/spatial_raw/probability_maps/"", ""julich_spatial_component_asset"": ""AREA_ID4_INSULA_RIGHT.nii.gz"", ""julich_spatial_component_id"": ""JULICH_BRAIN_CYTOARCHITECTONIC_ATLAS_V3_1_AREA_ID4_INSULA"", ""mapping_method_field"": ""spatial_overlap"", ""owner_scientific_review_status"": ""OWNER_SCIENTIFIC_REVIEWED"", ""phase"": ""G4_G3_MAPPING_CANDIDATE_STAGING_V1"", ""production_review_status"": ""pending"", ""relation_artifact"": ""g4_g3_final_relation_decisions.csv"", ""scientific_method"": ""Julich probability x Brainnetome probability + TemplateFlow nonlinear transform + probability-weighted overlap + hard-label auxiliary containment + owner scientific review"", ""semantic_compatibility_status"": null, ""source_canonical_g4_id"": ""NGIQ-BR-00000565"", ""source_coverage_ratio"": 0.34104386862851194, ""target_canonical_g3_id"": ""NGIQ-BR-00000178"", ""target_coverage_ratio"": 0.13670604868997172, ""transform_provenance"": ""data/atlases/templateflow_ref (MNI152NLin2009cAsym_from-MNI152NLin6Asym)""}"
G4G3-STAGE-7F8E335C8C6359503158,1531,NGIQ-BR-00000566,Area Id4 (Insula) left,G4_MICROSTRUCTURAL_FINE,left,531,NGIQ-BR-00000177,"Left Insular gyrus, Brainnetome 6_5",G3_MESO_FINE,left,partial_overlap,spatial_overlap,0.480161,0.117397,,,False,proposed,pending,FALSE,FALSE,PARTIAL_OVERLAP,OWNER_CONFIRMED_PARTIAL,,,"{""brainnetome_probability_asset"": ""data/atlases/brainnetome/bna246/volume_raw/BNA_PM_4D.nii.gz"", ""decision_artifact"": ""g4_g3_final_scientific_decisions.csv"", ""decision_reason_code"": ""OWNER_CONFIRMED_PARTIAL"", ""evidence_2g_probability_overlap"": ""g4_g3_probability_overlap_summary.json"", ""evidence_2h_interpretation"": ""g4_g3_overlap_interpretation_profiles.csv"", ""evidence_2ia_policy"": ""g4_g3_scientific_decision_policy_v1.csv"", ""evidence_2ib_owner_revision"": ""g4_g3_owner_policy_revision_v1.csv"", ""evidence_2ic_final_decision"": ""g4_g3_final_scientific_decision_summary.json"", ""expert_approved"": false, ""final_scientific_policy"": ""G4_G3_FINAL_SCIENTIFIC_POLICY_V1"", ""human_reviewed"": false, ""julich_probability_asset"": ""data/atlases/julich/v3.1/spatial_raw/probability_maps/"", ""julich_spatial_component_asset"": ""AREA_ID4_INSULA_LEFT.nii.gz"", ""julich_spatial_component_id"": ""JULICH_BRAIN_CYTOARCHITECTONIC_ATLAS_V3_1_AREA_ID4_INSULA"", ""mapping_method_field"": ""spatial_overlap"", ""owner_scientific_review_status"": ""OWNER_SCIENTIFIC_REVIEWED"", ""phase"": ""G4_G3_MAPPING_CANDIDATE_STAGING_V1"", ""production_review_status"": ""pending"", ""relation_artifact"": ""g4_g3_final_relation_decisions.csv"", ""scientific_method"": ""Julich probability x Brainnetome probability + TemplateFlow nonlinear transform + probability-weighted overlap + hard-label auxiliary containment + owner scientific review"", ""semantic_compatibility_status"": null, ""source_canonical_g4_id"": ""NGIQ-BR-00000566"", ""source_coverage_ratio"": 0.4801611426012794, ""target_canonical_g3_id"": ""NGIQ-BR-00000177"", ""target_coverage_ratio"": 0.11739695610482931, ""transform_provenance"": ""data/atlases/templateflow_ref (MNI152NLin2009cAsym_from-MNI152NLin6Asym)""}"
G4G3-STAGE-38AB46E07DF89A3580FC,1531,NGIQ-BR-00000566,Area Id4 (Insula) left,G4_MICROSTRUCTURAL_FINE,left,537,NGIQ-BR-00000179,"Left Insular gyrus, Brainnetome 6_6",G3_MESO_FINE,left,partial_overlap,spatial_overlap,0.319501,0.079427,,,False,proposed,pending,FALSE,FALSE,PARTIAL_OVERLAP,OWNER_CONFIRMED_PARTIAL,,,"{""brainnetome_probability_asset"": ""data/atlases/brainnetome/bna246/volume_raw/BNA_PM_4D.nii.gz"", ""decision_artifact"": ""g4_g3_final_scientific_decisions.csv"", ""decision_reason_code"": ""OWNER_CONFIRMED_PARTIAL"", ""evidence_2g_probability_overlap"": ""g4_g3_probability_overlap_summary.json"", ""evidence_2h_interpretation"": ""g4_g3_overlap_interpretation_profiles.csv"", ""evidence_2ia_policy"": ""g4_g3_scientific_decision_policy_v1.csv"", ""evidence_2ib_owner_revision"": ""g4_g3_owner_policy_revision_v1.csv"", ""evidence_2ic_final_decision"": ""g4_g3_final_scientific_decision_summary.json"", ""expert_approved"": false, ""final_scientific_policy"": ""G4_G3_FINAL_SCIENTIFIC_POLICY_V1"", ""human_reviewed"": false, ""julich_probability_asset"": ""data/atlases/julich/v3.1/spatial_raw/probability_maps/"", ""julich_spatial_component_asset"": ""AREA_ID4_INSULA_LEFT.nii.gz"", ""julich_spatial_component_id"": ""JULICH_BRAIN_CYTOARCHITECTONIC_ATLAS_V3_1_AREA_ID4_INSULA"", ""mapping_method_field"": ""spatial_overlap"", ""owner_scientific_review_status"": ""OWNER_SCIENTIFIC_REVIEWED"", ""phase"": ""G4_G3_MAPPING_CANDIDATE_STAGING_V1"", ""production_review_status"": ""pending"", ""relation_artifact"": ""g4_g3_final_relation_decisions.csv"", ""scientific_method"": ""Julich probability x Brainnetome probability + TemplateFlow nonlinear transform + probability-weighted overlap + hard-label auxiliary containment + owner scientific review"", ""semantic_compatibility_status"": null, ""source_canonical_g4_id"": ""NGIQ-BR-00000566"", ""source_coverage_ratio"": 0.319500652934814, ""target_canonical_g3_id"": ""NGIQ-BR-00000179"", ""target_coverage_ratio"": 0.0794269174995511, ""transform_provenance"": ""data/atlases/templateflow_ref (MNI152NLin2009cAsym_from-MNI152NLin6Asym)""}"
G4G3-STAGE-0244CABA664DC05A6DC5,1534,NGIQ-BR-00000567,Area Id3 (Insula) right,G4_MICROSTRUCTURAL_FINE,right,528,NGIQ-BR-00000176,"Right Insular gyrus, Brainnetome 6_4",G3_MESO_FINE,right,dominant_overlap,spatial_overlap,0.562922,0.197768,,,False,proposed,pending,FALSE,FALSE,APPROVE_DOMINANT_OVERLAP,DOMINANT_CRITERIA_V1,,,"{""brainnetome_probability_asset"": ""data/atlases/brainnetome/bna246/volume_raw/BNA_PM_4D.nii.gz"", ""decision_artifact"": ""g4_g3_final_scientific_decisions.csv"", ""decision_reason_code"": ""DOMINANT_CRITERIA_V1"", ""evidence_2g_probability_overlap"": ""g4_g3_probability_overlap_summary.json"", ""evidence_2h_interpretation"": ""g4_g3_overlap_interpretation_profiles.csv"", ""evidence_2ia_policy"": ""g4_g3_scientific_decision_policy_v1.csv"", ""evidence_2ib_owner_revision"": ""g4_g3_owner_policy_revision_v1.csv"", ""evidence_2ic_final_decision"": ""g4_g3_final_scientific_decision_summary.json"", ""expert_approved"": false, ""final_scientific_policy"": ""G4_G3_FINAL_SCIENTIFIC_POLICY_V1"", ""human_reviewed"": false, ""julich_probability_asset"": ""data/atlases/julich/v3.1/spatial_raw/probability_maps/"", ""julich_spatial_component_asset"": ""AREA_ID3_INSULA_RIGHT.nii.gz"", ""julich_spatial_component_id"": ""JULICH_BRAIN_CYTOARCHITECTONIC_ATLAS_V3_1_AREA_ID3_INSULA"", ""mapping_method_field"": ""spatial_overlap"", ""owner_scientific_review_status"": ""OWNER_SCIENTIFIC_REVIEWED"", ""phase"": ""G4_G3_MAPPING_CANDIDATE_STAGING_V1"", ""production_review_status"": ""pending"", ""relation_artifact"": ""g4_g3_final_relation_decisions.csv"", ""scientific_method"": ""Julich probability x Brainnetome probability + TemplateFlow nonlinear transform + probability-weighted overlap + hard-label auxiliary containment + owner scientific review"", ""semantic_compatibility_status"": null, ""source_canonical_g4_id"": ""NGIQ-BR-00000567"", ""source_coverage_ratio"": 0.5629217403690793, ""target_canonical_g3_id"": ""NGIQ-BR-00000176"", ""target_coverage_ratio"": 0.19776839448437306, ""transform_provenance"": ""data/atlases/templateflow_ref (MNI152NLin2009cAsym_from-MNI152NLin6Asym)""}"
G4G3-STAGE-C07B1CB034E25E253D41,1537,NGIQ-BR-00000568,Area Id3 (Insula) left,G4_MICROSTRUCTURAL_FINE,left,525,NGIQ-BR-00000175,"Left Insular gyrus, Brainnetome 6_4",G3_MESO_FINE,left,dominant_overlap,spatial_overlap,0.569926,0.140706,,,False,proposed,pending,FALSE,FALSE,APPROVE_DOMINANT_OVERLAP,DOMINANT_CRITERIA_V1,,,"{""brainnetome_probability_asset"": ""data/atlases/brainnetome/bna246/volume_raw/BNA_PM_4D.nii.gz"", ""decision_artifact"": ""g4_g3_final_scientific_decisions.csv"", ""decision_reason_code"": ""DOMINANT_CRITERIA_V1"", ""evidence_2g_probability_overlap"": ""g4_g3_probability_overlap_summary.json"", ""evidence_2h_interpretation"": ""g4_g3_overlap_interpretation_profiles.csv"", ""evidence_2ia_policy"": ""g4_g3_scientific_decision_policy_v1.csv"", ""evidence_2ib_owner_revision"": ""g4_g3_owner_policy_revision_v1.csv"", ""evidence_2ic_final_decision"": ""g4_g3_final_scientific_decision_summary.json"", ""expert_approved"": false, ""final_scientific_policy"": ""G4_G3_FINAL_SCIENTIFIC_POLICY_V1"", ""human_reviewed"": false, ""julich_probability_asset"": ""data/atlases/julich/v3.1/spatial_raw/probability_maps/"", ""julich_spatial_component_asset"": ""AREA_ID3_INSULA_LEFT.nii.gz"", ""julich_spatial_component_id"": ""JULICH_BRAIN_CYTOARCHITECTONIC_ATLAS_V3_1_AREA_ID3_INSULA"", ""mapping_method_field"": ""spatial_overlap"", ""owner_scientific_review_status"": ""OWNER_SCIENTIFIC_REVIEWED"", ""phase"": ""G4_G3_MAPPING_CANDIDATE_STAGING_V1"", ""production_review_status"": ""pending"", ""relation_artifact"": ""g4_g3_final_relation_decisions.csv"", ""scientific_method"": ""Julich probability x Brainnetome probability + TemplateFlow nonlinear transform + probability-weighted overlap + hard-label auxiliary containment + owner scientific review"", ""semantic_compatibility_status"": null, ""source_canonical_g4_id"": ""NGIQ-BR-00000568"", ""source_coverage_ratio"": 0.5699255167721404, ""target_canonical_g3_id"": ""NGIQ-BR-00000175"", ""target_coverage_ratio"": 0.140705633209624, ""transform_provenance"": ""data/atlases/templateflow_ref (MNI152NLin2009cAsym_from-MNI152NLin6Asym)""}"
G4G3-STAGE-79B5A8BCED00F00AB649,1540,NGIQ-BR-00000569,Area STS2 (STS) right,G4_MICROSTRUCTURAL_FINE,right,300,NGIQ-BR-00000100,"Right Middle temporal gyrus, Brainnetome 4_4",G3_MESO_FINE,right,dominant_overlap,spatial_overlap,0.680595,0.244517,,,False,proposed,pending,FALSE,FALSE,APPROVE_DOMINANT_OVERLAP,DOMINANT_CRITERIA_V1,,,"{""brainnetome_probability_asset"": ""data/atlases/brainnetome/bna246/volume_raw/BNA_PM_4D.nii.gz"", ""decision_artifact"": ""g4_g3_final_scientific_decisions.csv"", ""decision_reason_code"": ""DOMINANT_CRITERIA_V1"", ""evidence_2g_probability_overlap"": ""g4_g3_probability_overlap_summary.json"", ""evidence_2h_interpretation"": ""g4_g3_overlap_interpretation_profiles.csv"", ""evidence_2ia_policy"": ""g4_g3_scientific_decision_policy_v1.csv"", ""evidence_2ib_owner_revision"": ""g4_g3_owner_policy_revision_v1.csv"", ""evidence_2ic_final_decision"": ""g4_g3_final_scientific_decision_summary.json"", ""expert_approved"": false, ""final_scientific_policy"": ""G4_G3_FINAL_SCIENTIFIC_POLICY_V1"", ""human_reviewed"": false, ""julich_probability_asset"": ""data/atlases/julich/v3.1/spatial_raw/probability_maps/"", ""julich_spatial_component_asset"": ""AREA_STS2_STS_RIGHT.nii.gz"", ""julich_spatial_component_id"": ""JULICH_BRAIN_CYTOARCHITECTONIC_ATLAS_V3_1_AREA_STS2_STS"", ""mapping_method_field"": ""spatial_overlap"", ""owner_scientific_review_status"": ""OWNER_SCIENTIFIC_REVIEWED"", ""phase"": ""G4_G3_MAPPING_CANDIDATE_STAGING_V1"", ""production_review_status"": ""pending"", ""relation_artifact"": ""g4_g3_final_relation_decisions.csv"", ""scientific_method"": ""Julich probability x Brainnetome probability + TemplateFlow nonlinear transform + probability-weighted overlap + hard-label auxiliary containment + owner scientific review"", ""semantic_compatibility_status"": null, ""source_canonical_g4_id"": ""NGIQ-BR-00000569"", ""source_coverage_ratio"": 0.6805947777490109, ""target_canonical_g3_id"": ""NGIQ-BR-00000100"", ""target_coverage_ratio"": 0.244517158845927, ""transform_provenance"": ""data/atlases/templateflow_ref (MNI152NLin2009cAsym_from-MNI152NLin6Asym)""}"
G4G3-STAGE-CA583CAA3C4DC6DB230E,1543,NGIQ-BR-00000570,Area STS2 (STS) left,G4_MICROSTRUCTURAL_FINE,left,297,NGIQ-BR-00000099,"Left Middle temporal gyrus, Brainnetome 4_4",G3_MESO_FINE,left,partial_overlap,spatial_overlap,0.476634,0.21258,,,False,proposed,pending,FALSE,FALSE,PARTIAL_OVERLAP,OWNER_CONFIRMED_PARTIAL,,,"{""brainnetome_probability_asset"": ""data/atlases/brainnetome/bna246/volume_raw/BNA_PM_4D.nii.gz"", ""decision_artifact"": ""g4_g3_final_scientific_decisions.csv"", ""decision_reason_code"": ""OWNER_CONFIRMED_PARTIAL"", ""evidence_2g_probability_overlap"": ""g4_g3_probability_overlap_summary.json"", ""evidence_2h_interpretation"": ""g4_g3_overlap_interpretation_profiles.csv"", ""evidence_2ia_policy"": ""g4_g3_scientific_decision_policy_v1.csv"", ""evidence_2ib_owner_revision"": ""g4_g3_owner_policy_revision_v1.csv"", ""evidence_2ic_final_decision"": ""g4_g3_final_scientific_decision_summary.json"", ""expert_approved"": false, ""final_scientific_policy"": ""G4_G3_FINAL_SCIENTIFIC_POLICY_V1"", ""human_reviewed"": false, ""julich_probability_asset"": ""data/atlases/julich/v3.1/spatial_raw/probability_maps/"", ""julich_spatial_component_asset"": ""AREA_STS2_STS_LEFT.nii.gz"", ""julich_spatial_component_id"": ""JULICH_BRAIN_CYTOARCHITECTONIC_ATLAS_V3_1_AREA_STS2_STS"", ""mapping_method_field"": ""spatial_overlap"", ""owner_scientific_review_status"": ""OWNER_SCIENTIFIC_REVIEWED"", ""phase"": ""G4_G3_MAPPING_CANDIDATE_STAGING_V1"", ""production_review_status"": ""pending"", ""relation_artifact"": ""g4_g3_final_relation_decisions.csv"", ""scientific_method"": ""Julich probability x Brainnetome probability + TemplateFlow nonlinear transform + probability-weighted overlap + hard-label auxiliary containment + owner scientific review"", ""semantic_compatibility_status"": null, ""source_canonical_g4_id"": ""NGIQ-BR-00000570"", ""source_coverage_ratio"": 0.47663379179647775, ""target_canonical_g3_id"": ""NGIQ-BR-00000099"", ""target_coverage_ratio"": 0.21257972677829207, ""transform_provenance"": ""data/atlases/templateflow_ref (MNI152NLin2009cAsym_from-MNI152NLin6Asym)""}"
G4G3-STAGE-2D72C26ADF9A6DF92106,1543,NGIQ-BR-00000570,Area STS2 (STS) left,G4_MICROSTRUCTURAL_FINE,left,279,NGIQ-BR-00000093,"Left Superior temporal gyrus, Brainnetome 6_6",G3_MESO_FINE,left,partial_overlap,spatial_overlap,0.263831,0.145264,,,False,proposed,pending,FALSE,FALSE,PARTIAL_OVERLAP,OWNER_CONFIRMED_PARTIAL,,,"{""brainnetome_probability_asset"": ""data/atlases/brainnetome/bna246/volume_raw/BNA_PM_4D.nii.gz"", ""decision_artifact"": ""g4_g3_final_scientific_decisions.csv"", ""decision_reason_code"": ""OWNER_CONFIRMED_PARTIAL"", ""evidence_2g_probability_overlap"": ""g4_g3_probability_overlap_summary.json"", ""evidence_2h_interpretation"": ""g4_g3_overlap_interpretation_profiles.csv"", ""evidence_2ia_policy"": ""g4_g3_scientific_decision_policy_v1.csv"", ""evidence_2ib_owner_revision"": ""g4_g3_owner_policy_revision_v1.csv"", ""evidence_2ic_final_decision"": ""g4_g3_final_scientific_decision_summary.json"", ""expert_approved"": false, ""final_scientific_policy"": ""G4_G3_FINAL_SCIENTIFIC_POLICY_V1"", ""human_reviewed"": false, ""julich_probability_asset"": ""data/atlases/julich/v3.1/spatial_raw/probability_maps/"", ""julich_spatial_component_asset"": ""AREA_STS2_STS_LEFT.nii.gz"", ""julich_spatial_component_id"": ""JULICH_BRAIN_CYTOARCHITECTONIC_ATLAS_V3_1_AREA_STS2_STS"", ""mapping_method_field"": ""spatial_overlap"", ""owner_scientific_review_status"": ""OWNER_SCIENTIFIC_REVIEWED"", ""phase"": ""G4_G3_MAPPING_CANDIDATE_STAGING_V1"", ""production_review_status"": ""pending"", ""relation_artifact"": ""g4_g3_final_relation_decisions.csv"", ""scientific_method"": ""Julich probability x Brainnetome probability + TemplateFlow nonlinear transform + probability-weighted overlap + hard-label auxiliary containment + owner scientific review"", ""semantic_compatibility_status"": null, ""source_canonical_g4_id"": ""NGIQ-BR-00000570"", ""source_coverage_ratio"": 0.2638306552157368, ""target_canonical_g3_id"": ""NGIQ-BR-00000093"", ""target_coverage_ratio"": 0.1452636949276698, ""transform_provenance"": ""data/atlases/templateflow_ref (MNI152NLin2009cAsym_from-MNI152NLin6Asym)""}"
G4G3-STAGE-29F89D53698256CB8B61,1546,NGIQ-BR-00000571,Area STS1 (STS) right,G4_MICROSTRUCTURAL_FINE,right,300,NGIQ-BR-00000100,"Right Middle temporal gyrus, Brainnetome 4_4",G3_MESO_FINE,right,partial_overlap,spatial_overlap,0.557275,0.082136,,,False,proposed,pending,FALSE,FALSE,PARTIAL_OVERLAP,OWNER_CONFIRMED_PARTIAL_SET_CONCORDANT,,,"{""brainnetome_probability_asset"": ""data/atlases/brainnetome/bna246/volume_raw/BNA_PM_4D.nii.gz"", ""decision_artifact"": ""g4_g3_final_scientific_decisions.csv"", ""decision_reason_code"": ""OWNER_CONFIRMED_PARTIAL_SET_CONCORDANT"", ""evidence_2g_probability_overlap"": ""g4_g3_probability_overlap_summary.json"", ""evidence_2h_interpretation"": ""g4_g3_overlap_interpretation_profiles.csv"", ""evidence_2ia_policy"": ""g4_g3_scientific_decision_policy_v1.csv"", ""evidence_2ib_owner_revision"": ""g4_g3_owner_policy_revision_v1.csv"", ""evidence_2ic_final_decision"": ""g4_g3_final_scientific_decision_summary.json"", ""expert_approved"": false, ""final_scientific_policy"": ""G4_G3_FINAL_SCIENTIFIC_POLICY_V1"", ""human_reviewed"": false, ""julich_probability_asset"": ""data/atlases/julich/v3.1/spatial_raw/probability_maps/"", ""julich_spatial_component_asset"": ""AREA_STS1_STS_RIGHT.nii.gz"", ""julich_spatial_component_id"": ""JULICH_BRAIN_CYTOARCHITECTONIC_ATLAS_V3_1_AREA_STS1_STS"", ""mapping_method_field"": ""spatial_overlap"", ""owner_scientific_review_status"": ""OWNER_SCIENTIFIC_REVIEWED"", ""phase"": ""G4_G3_MAPPING_CANDIDATE_STAGING_V1"", ""production_review_status"": ""pending"", ""relation_artifact"": ""g4_g3_final_relation_decisions.csv"", ""scientific_method"": ""Julich probability x Brainnetome probability + TemplateFlow nonlinear transform + probability-weighted overlap + hard-label auxiliary containment + owner scientific review"", ""semantic_compatibility_status"": null, ""source_canonical_g4_id"": ""NGIQ-BR-00000571"", ""source_coverage_ratio"": 0.5572748744508407, ""target_canonical_g3_id"": ""NGIQ-BR-00000100"", ""target_coverage_ratio"": 0.08213584811012678, ""transform_provenance"": ""data/atlases/templateflow_ref (MNI152NLin2009cAsym_from-MNI152NLin6Asym)""}"
G4G3-STAGE-FC96C83E604DFCECD57F,1546,NGIQ-BR-00000571,Area STS1 (STS) right,G4_MICROSTRUCTURAL_FINE,right,282,NGIQ-BR-00000094,"Right Superior temporal gyrus, Brainnetome 6_6",G3_MESO_FINE,right,partial_overlap,spatial_overlap,0.24358,0.226266,,,False,proposed,pending,FALSE,FALSE,PARTIAL_OVERLAP,OWNER_CONFIRMED_PARTIAL_SET_CONCORDANT,,,"{""brainnetome_probability_asset"": ""data/atlases/brainnetome/bna246/volume_raw/BNA_PM_4D.nii.gz"", ""decision_artifact"": ""g4_g3_final_scientific_decisions.csv"", ""decision_reason_code"": ""OWNER_CONFIRMED_PARTIAL_SET_CONCORDANT"", ""evidence_2g_probability_overlap"": ""g4_g3_probability_overlap_summary.json"", ""evidence_2h_interpretation"": ""g4_g3_overlap_interpretation_profiles.csv"", ""evidence_2ia_policy"": ""g4_g3_scientific_decision_policy_v1.csv"", ""evidence_2ib_owner_revision"": ""g4_g3_owner_policy_revision_v1.csv"", ""evidence_2ic_final_decision"": ""g4_g3_final_scientific_decision_summary.json"", ""expert_approved"": false, ""final_scientific_policy"": ""G4_G3_FINAL_SCIENTIFIC_POLICY_V1"", ""human_reviewed"": false, ""julich_probability_asset"": ""data/atlases/julich/v3.1/spatial_raw/probability_maps/"", ""julich_spatial_component_asset"": ""AREA_STS1_STS_RIGHT.nii.gz"", ""julich_spatial_component_id"": ""JULICH_BRAIN_CYTOARCHITECTONIC_ATLAS_V3_1_AREA_STS1_STS"", ""mapping_method_field"": ""spatial_overlap"", ""owner_scientific_review_status"": ""OWNER_SCIENTIFIC_REVIEWED"", ""phase"": ""G4_G3_MAPPING_CANDIDATE_STAGING_V1"", ""production_review_status"": ""pending"", ""relation_artifact"": ""g4_g3_final_relation_decisions.csv"", ""scientific_method"": ""Julich probability x Brainnetome probability + TemplateFlow nonlinear transform + probability-weighted overlap + hard-label auxiliary containment + owner scientific review"", ""semantic_compatibility_status"": null, ""source_canonical_g4_id"": ""NGIQ-BR-00000571"", ""source_coverage_ratio"": 0.2435796989557926, ""target_canonical_g3_id"": ""NGIQ-BR-00000094"", ""target_coverage_ratio"": 0.22626575057060577, ""transform_provenance"": ""data/atlases/templateflow_ref (MNI152NLin2009cAsym_from-MNI152NLin6Asym)""}"
G4G3-STAGE-D6951AE5734A86AC1D53,1549,NGIQ-BR-00000572,Area STS1 (STS) left,G4_MICROSTRUCTURAL_FINE,left,279,NGIQ-BR-00000093,"Left Superior temporal gyrus, Brainnetome 6_6",G3_MESO_FINE,left,partial_overlap,spatial_overlap,0.359088,0.188587,,,False,proposed,pending,FALSE,FALSE,PARTIAL_OVERLAP,OWNER_CONFIRMED_PARTIAL,,,"{""brainnetome_probability_asset"": ""data/atlases/brainnetome/bna246/volume_raw/BNA_PM_4D.nii.gz"", ""decision_artifact"": ""g4_g3_final_scientific_decisions.csv"", ""decision_reason_code"": ""OWNER_CONFIRMED_PARTIAL"", ""evidence_2g_probability_overlap"": ""g4_g3_probability_overlap_summary.json"", ""evidence_2h_interpretation"": ""g4_g3_overlap_interpretation_profiles.csv"", ""evidence_2ia_policy"": ""g4_g3_scientific_decision_policy_v1.csv"", ""evidence_2ib_owner_revision"": ""g4_g3_owner_policy_revision_v1.csv"", ""evidence_2ic_final_decision"": ""g4_g3_final_scientific_decision_summary.json"", ""expert_approved"": false, ""final_scientific_policy"": ""G4_G3_FINAL_SCIENTIFIC_POLICY_V1"", ""human_reviewed"": false, ""julich_probability_asset"": ""data/atlases/julich/v3.1/spatial_raw/probability_maps/"", ""julich_spatial_component_asset"": ""AREA_STS1_STS_LEFT.nii.gz"", ""julich_spatial_component_id"": ""JULICH_BRAIN_CYTOARCHITECTONIC_ATLAS_V3_1_AREA_STS1_STS"", ""mapping_method_field"": ""spatial_overlap"", ""owner_scientific_review_status"": ""OWNER_SCIENTIFIC_REVIEWED"", ""phase"": ""G4_G3_MAPPING_CANDIDATE_STAGING_V1"", ""production_review_status"": ""pending"", ""relation_artifact"": ""g4_g3_final_relation_decisions.csv"", ""scientific_method"": ""Julich probability x Brainnetome probability + TemplateFlow nonlinear transform + probability-weighted overlap + hard-label auxiliary containment + owner scientific review"", ""semantic_compatibility_status"": null, ""source_canonical_g4_id"": ""NGIQ-BR-00000572"", ""source_coverage_ratio"": 0.35908798997538016, ""target_canonical_g3_id"": ""NGIQ-BR-00000093"", ""target_coverage_ratio"": 0.1885868063290745, ""transform_provenance"": ""data/atlases/templateflow_ref (MNI152NLin2009cAsym_from-MNI152NLin6Asym)""}"
G4G3-STAGE-615D1AC790780E782F1C,1549,NGIQ-BR-00000572,Area STS1 (STS) left,G4_MICROSTRUCTURAL_FINE,left,297,NGIQ-BR-00000099,"Left Middle temporal gyrus, Brainnetome 4_4",G3_MESO_FINE,left,partial_overlap,spatial_overlap,0.326546,0.125351,,,False,proposed,pending,FALSE,FALSE,PARTIAL_OVERLAP,OWNER_CONFIRMED_PARTIAL,,,"{""brainnetome_probability_asset"": ""data/atlases/brainnetome/bna246/volume_raw/BNA_PM_4D.nii.gz"", ""decision_artifact"": ""g4_g3_final_scientific_decisions.csv"", ""decision_reason_code"": ""OWNER_CONFIRMED_PARTIAL"", ""evidence_2g_probability_overlap"": ""g4_g3_probability_overlap_summary.json"", ""evidence_2h_interpretation"": ""g4_g3_overlap_interpretation_profiles.csv"", ""evidence_2ia_policy"": ""g4_g3_scientific_decision_policy_v1.csv"", ""evidence_2ib_owner_revision"": ""g4_g3_owner_policy_revision_v1.csv"", ""evidence_2ic_final_decision"": ""g4_g3_final_scientific_decision_summary.json"", ""expert_approved"": false, ""final_scientific_policy"": ""G4_G3_FINAL_SCIENTIFIC_POLICY_V1"", ""human_reviewed"": false, ""julich_probability_asset"": ""data/atlases/julich/v3.1/spatial_raw/probability_maps/"", ""julich_spatial_component_asset"": ""AREA_STS1_STS_LEFT.nii.gz"", ""julich_spatial_component_id"": ""JULICH_BRAIN_CYTOARCHITECTONIC_ATLAS_V3_1_AREA_STS1_STS"", ""mapping_method_field"": ""spatial_overlap"", ""owner_scientific_review_status"": ""OWNER_SCIENTIFIC_REVIEWED"", ""phase"": ""G4_G3_MAPPING_CANDIDATE_STAGING_V1"", ""production_review_status"": ""pending"", ""relation_artifact"": ""g4_g3_final_relation_decisions.csv"", ""scientific_method"": ""Julich probability x Brainnetome probability + TemplateFlow nonlinear transform + probability-weighted overlap + hard-label auxiliary containment + owner scientific review"", ""semantic_compatibility_status"": null, ""source_canonical_g4_id"": ""NGIQ-BR-00000572"", ""source_coverage_ratio"": 0.3265460061282111, ""target_canonical_g3_id"": ""NGIQ-BR-00000099"", ""target_coverage_ratio"": 0.1253510825695482, ""transform_provenance"": ""data/atlases/templateflow_ref (MNI152NLin2009cAsym_from-MNI152NLin6Asym)""}"
G4G3-STAGE-FBD78A8AE3C143A8433D,1549,NGIQ-BR-00000572,Area STS1 (STS) left,G4_MICROSTRUCTURAL_FINE,left,267,NGIQ-BR-00000089,"Left Superior temporal gyrus, Brainnetome 6_4",G3_MESO_FINE,left,partial_overlap,spatial_overlap,0.165536,0.139067,,,False,proposed,pending,FALSE,FALSE,PARTIAL_OVERLAP,OWNER_CONFIRMED_PARTIAL,,,"{""brainnetome_probability_asset"": ""data/atlases/brainnetome/bna246/volume_raw/BNA_PM_4D.nii.gz"", ""decision_artifact"": ""g4_g3_final_scientific_decisions.csv"", ""decision_reason_code"": ""OWNER_CONFIRMED_PARTIAL"", ""evidence_2g_probability_overlap"": ""g4_g3_probability_overlap_summary.json"", ""evidence_2h_interpretation"": ""g4_g3_overlap_interpretation_profiles.csv"", ""evidence_2ia_policy"": ""g4_g3_scientific_decision_policy_v1.csv"", ""evidence_2ib_owner_revision"": ""g4_g3_owner_policy_revision_v1.csv"", ""evidence_2ic_final_decision"": ""g4_g3_final_scientific_decision_summary.json"", ""expert_approved"": false, ""final_scientific_policy"": ""G4_G3_FINAL_SCIENTIFIC_POLICY_V1"", ""human_reviewed"": false, ""julich_probability_asset"": ""data/atlases/julich/v3.1/spatial_raw/probability_maps/"", ""julich_spatial_component_asset"": ""AREA_STS1_STS_LEFT.nii.gz"", ""julich_spatial_component_id"": ""JULICH_BRAIN_CYTOARCHITECTONIC_ATLAS_V3_1_AREA_STS1_STS"", ""mapping_method_field"": ""spatial_overlap"", ""owner_scientific_review_status"": ""OWNER_SCIENTIFIC_REVIEWED"", ""phase"": ""G4_G3_MAPPING_CANDIDATE_STAGING_V1"", ""production_review_status"": ""pending"", ""relation_artifact"": ""g4_g3_final_relation_decisions.csv"", ""scientific_method"": ""Julich probability x Brainnetome probability + TemplateFlow nonlinear transform + probability-weighted overlap + hard-label auxiliary containment + owner scientific review"", ""semantic_compatibility_status"": null, ""source_canonical_g4_id"": ""NGIQ-BR-00000572"", ""source_coverage_ratio"": 0.16553551298930652, ""target_canonical_g3_id"": ""NGIQ-BR-00000089"", ""target_coverage_ratio"": 0.13906659097555615, ""transform_provenance"": ""data/atlases/templateflow_ref (MNI152NLin2009cAsym_from-MNI152NLin6Asym)""}"
G4G3-STAGE-1EC9E3EA527FFF4FDE02,1558,NGIQ-BR-00000575,Area Te 3 (STG) right,G4_MICROSTRUCTURAL_FINE,right,270,NGIQ-BR-00000090,"Right Superior temporal gyrus, Brainnetome 6_4",G3_MESO_FINE,right,partial_overlap,spatial_overlap,0.466021,0.195815,,,False,proposed,pending,FALSE,FALSE,PARTIAL_OVERLAP,OWNER_CONFIRMED_PARTIAL,,BOUNDARY_SECOND_TARGET,"{""brainnetome_probability_asset"": ""data/atlases/brainnetome/bna246/volume_raw/BNA_PM_4D.nii.gz"", ""decision_artifact"": ""g4_g3_final_scientific_decisions.csv"", ""decision_reason_code"": ""OWNER_CONFIRMED_PARTIAL"", ""evidence_2g_probability_overlap"": ""g4_g3_probability_overlap_summary.json"", ""evidence_2h_interpretation"": ""g4_g3_overlap_interpretation_profiles.csv"", ""evidence_2ia_policy"": ""g4_g3_scientific_decision_policy_v1.csv"", ""evidence_2ib_owner_revision"": ""g4_g3_owner_policy_revision_v1.csv"", ""evidence_2ic_final_decision"": ""g4_g3_final_scientific_decision_summary.json"", ""expert_approved"": false, ""final_scientific_policy"": ""G4_G3_FINAL_SCIENTIFIC_POLICY_V1"", ""human_reviewed"": false, ""julich_probability_asset"": ""data/atlases/julich/v3.1/spatial_raw/probability_maps/"", ""julich_spatial_component_asset"": ""AREA_TE_3_STG_RIGHT.nii.gz"", ""julich_spatial_component_id"": ""JULICH_BRAIN_CYTOARCHITECTONIC_ATLAS_V3_1_AREA_TE_3_STG"", ""mapping_method_field"": ""spatial_overlap"", ""owner_scientific_review_status"": ""OWNER_SCIENTIFIC_REVIEWED"", ""phase"": ""G4_G3_MAPPING_CANDIDATE_STAGING_V1"", ""production_review_status"": ""pending"", ""relation_artifact"": ""g4_g3_final_relation_decisions.csv"", ""scientific_method"": ""Julich probability x Brainnetome probability + TemplateFlow nonlinear transform + probability-weighted overlap + hard-label auxiliary containment + owner scientific review"", ""semantic_compatibility_status"": null, ""source_canonical_g4_id"": ""NGIQ-BR-00000575"", ""source_coverage_ratio"": 0.466021045120431, ""target_canonical_g3_id"": ""NGIQ-BR-00000090"", ""target_coverage_ratio"": 0.1958150461368968, ""transform_provenance"": ""data/atlases/templateflow_ref (MNI152NLin2009cAsym_from-MNI152NLin6Asym)""}"
G4G3-STAGE-D056C4B9214EC3605752,1558,NGIQ-BR-00000575,Area Te 3 (STG) right,G4_MICROSTRUCTURAL_FINE,right,264,NGIQ-BR-00000088,"Right Superior temporal gyrus, Brainnetome 6_3",G3_MESO_FINE,right,partial_overlap,spatial_overlap,0.181733,0.077013,,,False,proposed,pending,FALSE,FALSE,PARTIAL_OVERLAP,OWNER_CONFIRMED_PARTIAL,,BOUNDARY_SECOND_TARGET,"{""brainnetome_probability_asset"": ""data/atlases/brainnetome/bna246/volume_raw/BNA_PM_4D.nii.gz"", ""decision_artifact"": ""g4_g3_final_scientific_decisions.csv"", ""decision_reason_code"": ""OWNER_CONFIRMED_PARTIAL"", ""evidence_2g_probability_overlap"": ""g4_g3_probability_overlap_summary.json"", ""evidence_2h_interpretation"": ""g4_g3_overlap_interpretation_profiles.csv"", ""evidence_2ia_policy"": ""g4_g3_scientific_decision_policy_v1.csv"", ""evidence_2ib_owner_revision"": ""g4_g3_owner_policy_revision_v1.csv"", ""evidence_2ic_final_decision"": ""g4_g3_final_scientific_decision_summary.json"", ""expert_approved"": false, ""final_scientific_policy"": ""G4_G3_FINAL_SCIENTIFIC_POLICY_V1"", ""human_reviewed"": false, ""julich_probability_asset"": ""data/atlases/julich/v3.1/spatial_raw/probability_maps/"", ""julich_spatial_component_asset"": ""AREA_TE_3_STG_RIGHT.nii.gz"", ""julich_spatial_component_id"": ""JULICH_BRAIN_CYTOARCHITECTONIC_ATLAS_V3_1_AREA_TE_3_STG"", ""mapping_method_field"": ""spatial_overlap"", ""owner_scientific_review_status"": ""OWNER_SCIENTIFIC_REVIEWED"", ""phase"": ""G4_G3_MAPPING_CANDIDATE_STAGING_V1"", ""production_review_status"": ""pending"", ""relation_artifact"": ""g4_g3_final_relation_decisions.csv"", ""scientific_method"": ""Julich probability x Brainnetome probability + TemplateFlow nonlinear transform + probability-weighted overlap + hard-label auxiliary containment + owner scientific review"", ""semantic_compatibility_status"": null, ""source_canonical_g4_id"": ""NGIQ-BR-00000575"", ""source_coverage_ratio"": 0.18173317434561015, ""target_canonical_g3_id"": ""NGIQ-BR-00000088"", ""target_coverage_ratio"": 0.07701302338586369, ""transform_provenance"": ""data/atlases/templateflow_ref (MNI152NLin2009cAsym_from-MNI152NLin6Asym)""}"
G4G3-STAGE-3DEC60C699D6E3CD4AF1,1558,NGIQ-BR-00000575,Area Te 3 (STG) right,G4_MICROSTRUCTURAL_FINE,right,282,NGIQ-BR-00000094,"Right Superior temporal gyrus, Brainnetome 6_6",G3_MESO_FINE,right,partial_overlap,spatial_overlap,0.158458,0.096441,,,False,proposed,pending,FALSE,FALSE,PARTIAL_OVERLAP,OWNER_CONFIRMED_PARTIAL,,BOUNDARY_SECOND_TARGET,"{""brainnetome_probability_asset"": ""data/atlases/brainnetome/bna246/volume_raw/BNA_PM_4D.nii.gz"", ""decision_artifact"": ""g4_g3_final_scientific_decisions.csv"", ""decision_reason_code"": ""OWNER_CONFIRMED_PARTIAL"", ""evidence_2g_probability_overlap"": ""g4_g3_probability_overlap_summary.json"", ""evidence_2h_interpretation"": ""g4_g3_overlap_interpretation_profiles.csv"", ""evidence_2ia_policy"": ""g4_g3_scientific_decision_policy_v1.csv"", ""evidence_2ib_owner_revision"": ""g4_g3_owner_policy_revision_v1.csv"", ""evidence_2ic_final_decision"": ""g4_g3_final_scientific_decision_summary.json"", ""expert_approved"": false, ""final_scientific_policy"": ""G4_G3_FINAL_SCIENTIFIC_POLICY_V1"", ""human_reviewed"": false, ""julich_probability_asset"": ""data/atlases/julich/v3.1/spatial_raw/probability_maps/"", ""julich_spatial_component_asset"": ""AREA_TE_3_STG_RIGHT.nii.gz"", ""julich_spatial_component_id"": ""JULICH_BRAIN_CYTOARCHITECTONIC_ATLAS_V3_1_AREA_TE_3_STG"", ""mapping_method_field"": ""spatial_overlap"", ""owner_scientific_review_status"": ""OWNER_SCIENTIFIC_REVIEWED"", ""phase"": ""G4_G3_MAPPING_CANDIDATE_STAGING_V1"", ""production_review_status"": ""pending"", ""relation_artifact"": ""g4_g3_final_relation_decisions.csv"", ""scientific_method"": ""Julich probability x Brainnetome probability + TemplateFlow nonlinear transform + probability-weighted overlap + hard-label auxiliary containment + owner scientific review"", ""semantic_compatibility_status"": null, ""source_canonical_g4_id"": ""NGIQ-BR-00000575"", ""source_coverage_ratio"": 0.1584578428043403, ""target_canonical_g3_id"": ""NGIQ-BR-00000094"", ""target_coverage_ratio"": 0.09644101850433834, ""transform_provenance"": ""data/atlases/templateflow_ref (MNI152NLin2009cAsym_from-MNI152NLin6Asym)""}"
G4G3-STAGE-8269BF74BC04EEC81B97,1564,NGIQ-BR-00000577,Area Te 2.2 (STG) right,G4_MICROSTRUCTURAL_FINE,right,258,NGIQ-BR-00000086,"Right Superior temporal gyrus, Brainnetome 6_2",G3_MESO_FINE,right,dominant_overlap,spatial_overlap,0.546254,0.253569,,,False,proposed,pending,FALSE,FALSE,APPROVE_DOMINANT_OVERLAP,DOMINANT_CRITERIA_V1,,BOUNDARY_METRIC,"{""brainnetome_probability_asset"": ""data/atlases/brainnetome/bna246/volume_raw/BNA_PM_4D.nii.gz"", ""decision_artifact"": ""g4_g3_final_scientific_decisions.csv"", ""decision_reason_code"": ""DOMINANT_CRITERIA_V1"", ""evidence_2g_probability_overlap"": ""g4_g3_probability_overlap_summary.json"", ""evidence_2h_interpretation"": ""g4_g3_overlap_interpretation_profiles.csv"", ""evidence_2ia_policy"": ""g4_g3_scientific_decision_policy_v1.csv"", ""evidence_2ib_owner_revision"": ""g4_g3_owner_policy_revision_v1.csv"", ""evidence_2ic_final_decision"": ""g4_g3_final_scientific_decision_summary.json"", ""expert_approved"": false, ""final_scientific_policy"": ""G4_G3_FINAL_SCIENTIFIC_POLICY_V1"", ""human_reviewed"": false, ""julich_probability_asset"": ""data/atlases/julich/v3.1/spatial_raw/probability_maps/"", ""julich_spatial_component_asset"": ""AREA_TE_2_2_STG_RIGHT.nii.gz"", ""julich_spatial_component_id"": ""JULICH_BRAIN_CYTOARCHITECTONIC_ATLAS_V3_1_AREA_TE_2_2_STG"", ""mapping_method_field"": ""spatial_overlap"", ""owner_scientific_review_status"": ""OWNER_SCIENTIFIC_REVIEWED"", ""phase"": ""G4_G3_MAPPING_CANDIDATE_STAGING_V1"", ""production_review_status"": ""pending"", ""relation_artifact"": ""g4_g3_final_relation_decisions.csv"", ""scientific_method"": ""Julich probability x Brainnetome probability + TemplateFlow nonlinear transform + probability-weighted overlap + hard-label auxiliary containment + owner scientific review"", ""semantic_compatibility_status"": null, ""source_canonical_g4_id"": ""NGIQ-BR-00000577"", ""source_coverage_ratio"": 0.5462536879642567, ""target_canonical_g3_id"": ""NGIQ-BR-00000086"", ""target_coverage_ratio"": 0.25356941250499826, ""transform_provenance"": ""data/atlases/templateflow_ref (MNI152NLin2009cAsym_from-MNI152NLin6Asym)""}"
G4G3-STAGE-3B33E41298AD7967076E,1570,NGIQ-BR-00000579,Area Te 2.1 (STG) right,G4_MICROSTRUCTURAL_FINE,right,264,NGIQ-BR-00000088,"Right Superior temporal gyrus, Brainnetome 6_3",G3_MESO_FINE,right,partial_overlap,spatial_overlap,0.402343,0.048432,,,False,proposed,pending,FALSE,FALSE,PARTIAL_OVERLAP,OWNER_CONFIRMED_PARTIAL,,,"{""brainnetome_probability_asset"": ""data/atlases/brainnetome/bna246/volume_raw/BNA_PM_4D.nii.gz"", ""decision_artifact"": ""g4_g3_final_scientific_decisions.csv"", ""decision_reason_code"": ""OWNER_CONFIRMED_PARTIAL"", ""evidence_2g_probability_overlap"": ""g4_g3_probability_overlap_summary.json"", ""evidence_2h_interpretation"": ""g4_g3_overlap_interpretation_profiles.csv"", ""evidence_2ia_policy"": ""g4_g3_scientific_decision_policy_v1.csv"", ""evidence_2ib_owner_revision"": ""g4_g3_owner_policy_revision_v1.csv"", ""evidence_2ic_final_decision"": ""g4_g3_final_scientific_decision_summary.json"", ""expert_approved"": false, ""final_scientific_policy"": ""G4_G3_FINAL_SCIENTIFIC_POLICY_V1"", ""human_reviewed"": false, ""julich_probability_asset"": ""data/atlases/julich/v3.1/spatial_raw/probability_maps/"", ""julich_spatial_component_asset"": ""AREA_TE_2_1_STG_RIGHT.nii.gz"", ""julich_spatial_component_id"": ""JULICH_BRAIN_CYTOARCHITECTONIC_ATLAS_V3_1_AREA_TE_2_1_STG"", ""mapping_method_field"": ""spatial_overlap"", ""owner_scientific_review_status"": ""OWNER_SCIENTIFIC_REVIEWED"", ""phase"": ""G4_G3_MAPPING_CANDIDATE_STAGING_V1"", ""production_review_status"": ""pending"", ""relation_artifact"": ""g4_g3_final_relation_decisions.csv"", ""scientific_method"": ""Julich probability x Brainnetome probability + TemplateFlow nonlinear transform + probability-weighted overlap + hard-label auxiliary containment + owner scientific review"", ""semantic_compatibility_status"": null, ""source_canonical_g4_id"": ""NGIQ-BR-00000579"", ""source_coverage_ratio"": 0.4023426857468854, ""target_canonical_g3_id"": ""NGIQ-BR-00000088"", ""target_coverage_ratio"": 0.04843236583724465, ""transform_provenance"": ""data/atlases/templateflow_ref (MNI152NLin2009cAsym_from-MNI152NLin6Asym)""}"
G4G3-STAGE-32249AC13B0B7D709849,1570,NGIQ-BR-00000579,Area Te 2.1 (STG) right,G4_MICROSTRUCTURAL_FINE,right,258,NGIQ-BR-00000086,"Right Superior temporal gyrus, Brainnetome 6_2",G3_MESO_FINE,right,partial_overlap,spatial_overlap,0.304013,0.054569,,,False,proposed,pending,FALSE,FALSE,PARTIAL_OVERLAP,OWNER_CONFIRMED_PARTIAL,,,"{""brainnetome_probability_asset"": ""data/atlases/brainnetome/bna246/volume_raw/BNA_PM_4D.nii.gz"", ""decision_artifact"": ""g4_g3_final_scientific_decisions.csv"", ""decision_reason_code"": ""OWNER_CONFIRMED_PARTIAL"", ""evidence_2g_probability_overlap"": ""g4_g3_probability_overlap_summary.json"", ""evidence_2h_interpretation"": ""g4_g3_overlap_interpretation_profiles.csv"", ""evidence_2ia_policy"": ""g4_g3_scientific_decision_policy_v1.csv"", ""evidence_2ib_owner_revision"": ""g4_g3_owner_policy_revision_v1.csv"", ""evidence_2ic_final_decision"": ""g4_g3_final_scientific_decision_summary.json"", ""expert_approved"": false, ""final_scientific_policy"": ""G4_G3_FINAL_SCIENTIFIC_POLICY_V1"", ""human_reviewed"": false, ""julich_probability_asset"": ""data/atlases/julich/v3.1/spatial_raw/probability_maps/"", ""julich_spatial_component_asset"": ""AREA_TE_2_1_STG_RIGHT.nii.gz"", ""julich_spatial_component_id"": ""JULICH_BRAIN_CYTOARCHITECTONIC_ATLAS_V3_1_AREA_TE_2_1_STG"", ""mapping_method_field"": ""spatial_overlap"", ""owner_scientific_review_status"": ""OWNER_SCIENTIFIC_REVIEWED"", ""phase"": ""G4_G3_MAPPING_CANDIDATE_STAGING_V1"", ""production_review_status"": ""pending"", ""relation_artifact"": ""g4_g3_final_relation_decisions.csv"", ""scientific_method"": ""Julich probability x Brainnetome probability + TemplateFlow nonlinear transform + probability-weighted overlap + hard-label auxiliary containment + owner scientific review"", ""semantic_compatibility_status"": null, ""source_canonical_g4_id"": ""NGIQ-BR-00000579"", ""source_coverage_ratio"": 0.3040126101278163, ""target_canonical_g3_id"": ""NGIQ-BR-00000086"", ""target_coverage_ratio"": 0.054569409512819536, ""transform_provenance"": ""data/atlases/templateflow_ref (MNI152NLin2009cAsym_from-MNI152NLin6Asym)""}"
G4G3-STAGE-411CDAD3895B45F60F04,1573,NGIQ-BR-00000580,Area Te 2.1 (STG) left,G4_MICROSTRUCTURAL_FINE,left,261,NGIQ-BR-00000087,"Left Superior temporal gyrus, Brainnetome 6_3",G3_MESO_FINE,left,dominant_overlap,spatial_overlap,0.507403,0.083926,,,False,proposed,pending,FALSE,FALSE,APPROVE_DOMINANT_OVERLAP,DOMINANT_CRITERIA_V1,,BOUNDARY_METRIC,"{""brainnetome_probability_asset"": ""data/atlases/brainnetome/bna246/volume_raw/BNA_PM_4D.nii.gz"", ""decision_artifact"": ""g4_g3_final_scientific_decisions.csv"", ""decision_reason_code"": ""DOMINANT_CRITERIA_V1"", ""evidence_2g_probability_overlap"": ""g4_g3_probability_overlap_summary.json"", ""evidence_2h_interpretation"": ""g4_g3_overlap_interpretation_profiles.csv"", ""evidence_2ia_policy"": ""g4_g3_scientific_decision_policy_v1.csv"", ""evidence_2ib_owner_revision"": ""g4_g3_owner_policy_revision_v1.csv"", ""evidence_2ic_final_decision"": ""g4_g3_final_scientific_decision_summary.json"", ""expert_approved"": false, ""final_scientific_policy"": ""G4_G3_FINAL_SCIENTIFIC_POLICY_V1"", ""human_reviewed"": false, ""julich_probability_asset"": ""data/atlases/julich/v3.1/spatial_raw/probability_maps/"", ""julich_spatial_component_asset"": ""AREA_TE_2_1_STG_LEFT.nii.gz"", ""julich_spatial_component_id"": ""JULICH_BRAIN_CYTOARCHITECTONIC_ATLAS_V3_1_AREA_TE_2_1_STG"", ""mapping_method_field"": ""spatial_overlap"", ""owner_scientific_review_status"": ""OWNER_SCIENTIFIC_REVIEWED"", ""phase"": ""G4_G3_MAPPING_CANDIDATE_STAGING_V1"", ""production_review_status"": ""pending"", ""relation_artifact"": ""g4_g3_final_relation_decisions.csv"", ""scientific_method"": ""Julich probability x Brainnetome probability + TemplateFlow nonlinear transform + probability-weighted overlap + hard-label auxiliary containment + owner scientific review"", ""semantic_compatibility_status"": null, ""source_canonical_g4_id"": ""NGIQ-BR-00000580"", ""source_coverage_ratio"": 0.5074027505639358, ""target_canonical_g3_id"": ""NGIQ-BR-00000087"", ""target_coverage_ratio"": 0.08392573754123549, ""transform_provenance"": ""data/atlases/templateflow_ref (MNI152NLin2009cAsym_from-MNI152NLin6Asym)""}"
G4G3-STAGE-171C6532FCDFFC6A697F,1576,NGIQ-BR-00000581,Area Te 1.1 (HESCHL) right,G4_MICROSTRUCTURAL_FINE,right,264,NGIQ-BR-00000088,"Right Superior temporal gyrus, Brainnetome 6_3",G3_MESO_FINE,right,partial_overlap,spatial_overlap,0.37446,0.053428,,,False,proposed,pending,FALSE,FALSE,PARTIAL_OVERLAP,FINAL_MULTI_TARGET_PARTIAL_GATE_PASS,,,"{""brainnetome_probability_asset"": ""data/atlases/brainnetome/bna246/volume_raw/BNA_PM_4D.nii.gz"", ""decision_artifact"": ""g4_g3_final_scientific_decisions.csv"", ""decision_reason_code"": ""FINAL_MULTI_TARGET_PARTIAL_GATE_PASS"", ""evidence_2g_probability_overlap"": ""g4_g3_probability_overlap_summary.json"", ""evidence_2h_interpretation"": ""g4_g3_overlap_interpretation_profiles.csv"", ""evidence_2ia_policy"": ""g4_g3_scientific_decision_policy_v1.csv"", ""evidence_2ib_owner_revision"": ""g4_g3_owner_policy_revision_v1.csv"", ""evidence_2ic_final_decision"": ""g4_g3_final_scientific_decision_summary.json"", ""expert_approved"": false, ""final_scientific_policy"": ""G4_G3_FINAL_SCIENTIFIC_POLICY_V1"", ""human_reviewed"": false, ""julich_probability_asset"": ""data/atlases/julich/v3.1/spatial_raw/probability_maps/"", ""julich_spatial_component_asset"": ""AREA_TE_1_1_HESCHL_RIGHT.nii.gz"", ""julich_spatial_component_id"": ""JULICH_BRAIN_CYTOARCHITECTONIC_ATLAS_V3_1_AREA_TE_1_1_HESCHL"", ""mapping_method_field"": ""spatial_overlap"", ""owner_scientific_review_status"": ""OWNER_SCIENTIFIC_REVIEWED"", ""phase"": ""G4_G3_MAPPING_CANDIDATE_STAGING_V1"", ""production_review_status"": ""pending"", ""relation_artifact"": ""g4_g3_final_relation_decisions.csv"", ""scientific_method"": ""Julich probability x Brainnetome probability + TemplateFlow nonlinear transform + probability-weighted overlap + hard-label auxiliary containment + owner scientific review"", ""semantic_compatibility_status"": null, ""source_canonical_g4_id"": ""NGIQ-BR-00000581"", ""source_coverage_ratio"": 0.3744598409836622, ""target_canonical_g3_id"": ""NGIQ-BR-00000088"", ""target_coverage_ratio"": 0.05342792572874607, ""transform_provenance"": ""data/atlases/templateflow_ref (MNI152NLin2009cAsym_from-MNI152NLin6Asym)""}"
G4G3-STAGE-769FD0809C2BDD78ED9D,1576,NGIQ-BR-00000581,Area Te 1.1 (HESCHL) right,G4_MICROSTRUCTURAL_FINE,right,258,NGIQ-BR-00000086,"Right Superior temporal gyrus, Brainnetome 6_2",G3_MESO_FINE,right,partial_overlap,spatial_overlap,0.215973,0.057611,,,False,proposed,pending,FALSE,FALSE,PARTIAL_OVERLAP,FINAL_MULTI_TARGET_PARTIAL_GATE_PASS,,,"{""brainnetome_probability_asset"": ""data/atlases/brainnetome/bna246/volume_raw/BNA_PM_4D.nii.gz"", ""decision_artifact"": ""g4_g3_final_scientific_decisions.csv"", ""decision_reason_code"": ""FINAL_MULTI_TARGET_PARTIAL_GATE_PASS"", ""evidence_2g_probability_overlap"": ""g4_g3_probability_overlap_summary.json"", ""evidence_2h_interpretation"": ""g4_g3_overlap_interpretation_profiles.csv"", ""evidence_2ia_policy"": ""g4_g3_scientific_decision_policy_v1.csv"", ""evidence_2ib_owner_revision"": ""g4_g3_owner_policy_revision_v1.csv"", ""evidence_2ic_final_decision"": ""g4_g3_final_scientific_decision_summary.json"", ""expert_approved"": false, ""final_scientific_policy"": ""G4_G3_FINAL_SCIENTIFIC_POLICY_V1"", ""human_reviewed"": false, ""julich_probability_asset"": ""data/atlases/julich/v3.1/spatial_raw/probability_maps/"", ""julich_spatial_component_asset"": ""AREA_TE_1_1_HESCHL_RIGHT.nii.gz"", ""julich_spatial_component_id"": ""JULICH_BRAIN_CYTOARCHITECTONIC_ATLAS_V3_1_AREA_TE_1_1_HESCHL"", ""mapping_method_field"": ""spatial_overlap"", ""owner_scientific_review_status"": ""OWNER_SCIENTIFIC_REVIEWED"", ""phase"": ""G4_G3_MAPPING_CANDIDATE_STAGING_V1"", ""production_review_status"": ""pending"", ""relation_artifact"": ""g4_g3_final_relation_decisions.csv"", ""scientific_method"": ""Julich probability x Brainnetome probability + TemplateFlow nonlinear transform + probability-weighted overlap + hard-label auxiliary containment + owner scientific review"", ""semantic_compatibility_status"": null, ""source_canonical_g4_id"": ""NGIQ-BR-00000581"", ""source_coverage_ratio"": 0.21597322745503852, ""target_canonical_g3_id"": ""NGIQ-BR-00000086"", ""target_coverage_ratio"": 0.05761118614415488, ""transform_provenance"": ""data/atlases/templateflow_ref (MNI152NLin2009cAsym_from-MNI152NLin6Asym)""}"
G4G3-STAGE-1C23AB9C552E58536F5D,1576,NGIQ-BR-00000581,Area Te 1.1 (HESCHL) right,G4_MICROSTRUCTURAL_FINE,right,462,NGIQ-BR-00000154,"Right Inferior parietal lobule, Brainnetome 6_6",G3_MESO_FINE,right,partial_overlap,spatial_overlap,0.203632,0.012686,,,False,proposed,pending,FALSE,FALSE,PARTIAL_OVERLAP,FINAL_MULTI_TARGET_PARTIAL_GATE_PASS,,,"{""brainnetome_probability_asset"": ""data/atlases/brainnetome/bna246/volume_raw/BNA_PM_4D.nii.gz"", ""decision_artifact"": ""g4_g3_final_scientific_decisions.csv"", ""decision_reason_code"": ""FINAL_MULTI_TARGET_PARTIAL_GATE_PASS"", ""evidence_2g_probability_overlap"": ""g4_g3_probability_overlap_summary.json"", ""evidence_2h_interpretation"": ""g4_g3_overlap_interpretation_profiles.csv"", ""evidence_2ia_policy"": ""g4_g3_scientific_decision_policy_v1.csv"", ""evidence_2ib_owner_revision"": ""g4_g3_owner_policy_revision_v1.csv"", ""evidence_2ic_final_decision"": ""g4_g3_final_scientific_decision_summary.json"", ""expert_approved"": false, ""final_scientific_policy"": ""G4_G3_FINAL_SCIENTIFIC_POLICY_V1"", ""human_reviewed"": false, ""julich_probability_asset"": ""data/atlases/julich/v3.1/spatial_raw/probability_maps/"", ""julich_spatial_component_asset"": ""AREA_TE_1_1_HESCHL_RIGHT.nii.gz"", ""julich_spatial_component_id"": ""JULICH_BRAIN_CYTOARCHITECTONIC_ATLAS_V3_1_AREA_TE_1_1_HESCHL"", ""mapping_method_field"": ""spatial_overlap"", ""owner_scientific_review_status"": ""OWNER_SCIENTIFIC_REVIEWED"", ""phase"": ""G4_G3_MAPPING_CANDIDATE_STAGING_V1"", ""production_review_status"": ""pending"", ""relation_artifact"": ""g4_g3_final_relation_decisions.csv"", ""scientific_method"": ""Julich probability x Brainnetome probability + TemplateFlow nonlinear transform + probability-weighted overlap + hard-label auxiliary containment + owner scientific review"", ""semantic_compatibility_status"": null, ""source_canonical_g4_id"": ""NGIQ-BR-00000581"", ""source_coverage_ratio"": 0.20363193625460768, ""target_canonical_g3_id"": ""NGIQ-BR-00000154"", ""target_coverage_ratio"": 0.012685524384193982, ""transform_provenance"": ""data/atlases/templateflow_ref (MNI152NLin2009cAsym_from-MNI152NLin6Asym)""}"
G4G3-STAGE-4E0B1053114F26BF11CB,1579,NGIQ-BR-00000582,Area Te 1.1 (HESCHL) left,G4_MICROSTRUCTURAL_FINE,left,261,NGIQ-BR-00000087,"Left Superior temporal gyrus, Brainnetome 6_3",G3_MESO_FINE,left,partial_overlap,spatial_overlap,0.474369,0.063183,,,False,proposed,pending,FALSE,FALSE,PARTIAL_OVERLAP,OWNER_CONFIRMED_PARTIAL,,BOUNDARY_SECOND_TARGET,"{""brainnetome_probability_asset"": ""data/atlases/brainnetome/bna246/volume_raw/BNA_PM_4D.nii.gz"", ""decision_artifact"": ""g4_g3_final_scientific_decisions.csv"", ""decision_reason_code"": ""OWNER_CONFIRMED_PARTIAL"", ""evidence_2g_probability_overlap"": ""g4_g3_probability_overlap_summary.json"", ""evidence_2h_interpretation"": ""g4_g3_overlap_interpretation_profiles.csv"", ""evidence_2ia_policy"": ""g4_g3_scientific_decision_policy_v1.csv"", ""evidence_2ib_owner_revision"": ""g4_g3_owner_policy_revision_v1.csv"", ""evidence_2ic_final_decision"": ""g4_g3_final_scientific_decision_summary.json"", ""expert_approved"": false, ""final_scientific_policy"": ""G4_G3_FINAL_SCIENTIFIC_POLICY_V1"", ""human_reviewed"": false, ""julich_probability_asset"": ""data/atlases/julich/v3.1/spatial_raw/probability_maps/"", ""julich_spatial_component_asset"": ""AREA_TE_1_1_HESCHL_LEFT.nii.gz"", ""julich_spatial_component_id"": ""JULICH_BRAIN_CYTOARCHITECTONIC_ATLAS_V3_1_AREA_TE_1_1_HESCHL"", ""mapping_method_field"": ""spatial_overlap"", ""owner_scientific_review_status"": ""OWNER_SCIENTIFIC_REVIEWED"", ""phase"": ""G4_G3_MAPPING_CANDIDATE_STAGING_V1"", ""production_review_status"": ""pending"", ""relation_artifact"": ""g4_g3_final_relation_decisions.csv"", ""scientific_method"": ""Julich probability x Brainnetome probability + TemplateFlow nonlinear transform + probability-weighted overlap + hard-label auxiliary containment + owner scientific review"", ""semantic_compatibility_status"": null, ""source_canonical_g4_id"": ""NGIQ-BR-00000582"", ""source_coverage_ratio"": 0.47436939915834025, ""target_canonical_g3_id"": ""NGIQ-BR-00000087"", ""target_coverage_ratio"": 0.06318263991436628, ""transform_provenance"": ""data/atlases/templateflow_ref (MNI152NLin2009cAsym_from-MNI152NLin6Asym)""}"
G4G3-STAGE-8EBC572CF7A405DF2559,1579,NGIQ-BR-00000582,Area Te 1.1 (HESCHL) left,G4_MICROSTRUCTURAL_FINE,left,459,NGIQ-BR-00000153,"Left Inferior parietal lobule, Brainnetome 6_6",G3_MESO_FINE,left,partial_overlap,spatial_overlap,0.199568,0.017047,,,False,proposed,pending,FALSE,FALSE,PARTIAL_OVERLAP,OWNER_CONFIRMED_PARTIAL,,BOUNDARY_SECOND_TARGET,"{""brainnetome_probability_asset"": ""data/atlases/brainnetome/bna246/volume_raw/BNA_PM_4D.nii.gz"", ""decision_artifact"": ""g4_g3_final_scientific_decisions.csv"", ""decision_reason_code"": ""OWNER_CONFIRMED_PARTIAL"", ""evidence_2g_probability_overlap"": ""g4_g3_probability_overlap_summary.json"", ""evidence_2h_interpretation"": ""g4_g3_overlap_interpretation_profiles.csv"", ""evidence_2ia_policy"": ""g4_g3_scientific_decision_policy_v1.csv"", ""evidence_2ib_owner_revision"": ""g4_g3_owner_policy_revision_v1.csv"", ""evidence_2ic_final_decision"": ""g4_g3_final_scientific_decision_summary.json"", ""expert_approved"": false, ""final_scientific_policy"": ""G4_G3_FINAL_SCIENTIFIC_POLICY_V1"", ""human_reviewed"": false, ""julich_probability_asset"": ""data/atlases/julich/v3.1/spatial_raw/probability_maps/"", ""julich_spatial_component_asset"": ""AREA_TE_1_1_HESCHL_LEFT.nii.gz"", ""julich_spatial_component_id"": ""JULICH_BRAIN_CYTOARCHITECTONIC_ATLAS_V3_1_AREA_TE_1_1_HESCHL"", ""mapping_method_field"": ""spatial_overlap"", ""owner_scientific_review_status"": ""OWNER_SCIENTIFIC_REVIEWED"", ""phase"": ""G4_G3_MAPPING_CANDIDATE_STAGING_V1"", ""production_review_status"": ""pending"", ""relation_artifact"": ""g4_g3_final_relation_decisions.csv"", ""scientific_method"": ""Julich probability x Brainnetome probability + TemplateFlow nonlinear transform + probability-weighted overlap + hard-label auxiliary containment + owner scientific review"", ""semantic_compatibility_status"": null, ""source_canonical_g4_id"": ""NGIQ-BR-00000582"", ""source_coverage_ratio"": 0.19956813118016262, ""target_canonical_g3_id"": ""NGIQ-BR-00000153"", ""target_coverage_ratio"": 0.01704685175856947, ""transform_provenance"": ""data/atlases/templateflow_ref (MNI152NLin2009cAsym_from-MNI152NLin6Asym)""}"
G4G3-STAGE-49C4AAE2C62BD405E6B5,1582,NGIQ-BR-00000583,Area Te 1.2 (HESCHL) right,G4_MICROSTRUCTURAL_FINE,right,264,NGIQ-BR-00000088,"Right Superior temporal gyrus, Brainnetome 6_3",G3_MESO_FINE,right,contained_in,spatial_overlap,0.94973,0.051885,,,True,proposed,pending,FALSE,FALSE,APPROVE_CONTAINED_IN,OWNER_CONFIRMED_CONTAINED,NESTED_COMPATIBLE_FAMILY,,"{""brainnetome_probability_asset"": ""data/atlases/brainnetome/bna246/volume_raw/BNA_PM_4D.nii.gz"", ""decision_artifact"": ""g4_g3_final_scientific_decisions.csv"", ""decision_reason_code"": ""OWNER_CONFIRMED_CONTAINED"", ""evidence_2g_probability_overlap"": ""g4_g3_probability_overlap_summary.json"", ""evidence_2h_interpretation"": ""g4_g3_overlap_interpretation_profiles.csv"", ""evidence_2ia_policy"": ""g4_g3_scientific_decision_policy_v1.csv"", ""evidence_2ib_owner_revision"": ""g4_g3_owner_policy_revision_v1.csv"", ""evidence_2ic_final_decision"": ""g4_g3_final_scientific_decision_summary.json"", ""expert_approved"": false, ""final_scientific_policy"": ""G4_G3_FINAL_SCIENTIFIC_POLICY_V1"", ""human_reviewed"": false, ""julich_probability_asset"": ""data/atlases/julich/v3.1/spatial_raw/probability_maps/"", ""julich_spatial_component_asset"": ""AREA_TE_1_2_HESCHL_RIGHT.nii.gz"", ""julich_spatial_component_id"": ""JULICH_BRAIN_CYTOARCHITECTONIC_ATLAS_V3_1_AREA_TE_1_2_HESCHL"", ""mapping_method_field"": ""spatial_overlap"", ""owner_scientific_review_status"": ""OWNER_SCIENTIFIC_REVIEWED"", ""phase"": ""G4_G3_MAPPING_CANDIDATE_STAGING_V1"", ""production_review_status"": ""pending"", ""relation_artifact"": ""g4_g3_final_relation_decisions.csv"", ""scientific_method"": ""Julich probability x Brainnetome probability + TemplateFlow nonlinear transform + probability-weighted overlap + hard-label auxiliary containment + owner scientific review"", ""semantic_compatibility_status"": ""NESTED_COMPATIBLE_FAMILY"", ""source_canonical_g4_id"": ""NGIQ-BR-00000583"", ""source_coverage_ratio"": 0.9497298331714374, ""target_canonical_g3_id"": ""NGIQ-BR-00000088"", ""target_coverage_ratio"": 0.051885107703710555, ""transform_provenance"": ""data/atlases/templateflow_ref (MNI152NLin2009cAsym_from-MNI152NLin6Asym)""}"
G4G3-STAGE-0379489368ABFA29462F,1585,NGIQ-BR-00000584,Area Te 1.2 (HESCHL) left,G4_MICROSTRUCTURAL_FINE,left,261,NGIQ-BR-00000087,"Left Superior temporal gyrus, Brainnetome 6_3",G3_MESO_FINE,left,partial_overlap,spatial_overlap,0.532696,0.040478,,,False,proposed,pending,FALSE,FALSE,PARTIAL_OVERLAP,OWNER_CONFIRMED_PARTIAL,,,"{""brainnetome_probability_asset"": ""data/atlases/brainnetome/bna246/volume_raw/BNA_PM_4D.nii.gz"", ""decision_artifact"": ""g4_g3_final_scientific_decisions.csv"", ""decision_reason_code"": ""OWNER_CONFIRMED_PARTIAL"", ""evidence_2g_probability_overlap"": ""g4_g3_probability_overlap_summary.json"", ""evidence_2h_interpretation"": ""g4_g3_overlap_interpretation_profiles.csv"", ""evidence_2ia_policy"": ""g4_g3_scientific_decision_policy_v1.csv"", ""evidence_2ib_owner_revision"": ""g4_g3_owner_policy_revision_v1.csv"", ""evidence_2ic_final_decision"": ""g4_g3_final_scientific_decision_summary.json"", ""expert_approved"": false, ""final_scientific_policy"": ""G4_G3_FINAL_SCIENTIFIC_POLICY_V1"", ""human_reviewed"": false, ""julich_probability_asset"": ""data/atlases/julich/v3.1/spatial_raw/probability_maps/"", ""julich_spatial_component_asset"": ""AREA_TE_1_2_HESCHL_LEFT.nii.gz"", ""julich_spatial_component_id"": ""JULICH_BRAIN_CYTOARCHITECTONIC_ATLAS_V3_1_AREA_TE_1_2_HESCHL"", ""mapping_method_field"": ""spatial_overlap"", ""owner_scientific_review_status"": ""OWNER_SCIENTIFIC_REVIEWED"", ""phase"": ""G4_G3_MAPPING_CANDIDATE_STAGING_V1"", ""production_review_status"": ""pending"", ""relation_artifact"": ""g4_g3_final_relation_decisions.csv"", ""scientific_method"": ""Julich probability x Brainnetome probability + TemplateFlow nonlinear transform + probability-weighted overlap + hard-label auxiliary containment + owner scientific review"", ""semantic_compatibility_status"": null, ""source_canonical_g4_id"": ""NGIQ-BR-00000584"", ""source_coverage_ratio"": 0.5326955058641812, ""target_canonical_g3_id"": ""NGIQ-BR-00000087"", ""target_coverage_ratio"": 0.04047787391907229, ""transform_provenance"": ""data/atlases/templateflow_ref (MNI152NLin2009cAsym_from-MNI152NLin6Asym)""}"
G4G3-STAGE-8D400EE7C94FE0E90C43,1585,NGIQ-BR-00000584,Area Te 1.2 (HESCHL) left,G4_MICROSTRUCTURAL_FINE,left,231,NGIQ-BR-00000077,"Left Precentral gyrus, Brainnetome 6_5",G3_MESO_FINE,left,partial_overlap,spatial_overlap,0.388758,0.061087,,,False,proposed,pending,FALSE,FALSE,PARTIAL_OVERLAP,OWNER_CONFIRMED_PARTIAL,,,"{""brainnetome_probability_asset"": ""data/atlases/brainnetome/bna246/volume_raw/BNA_PM_4D.nii.gz"", ""decision_artifact"": ""g4_g3_final_scientific_decisions.csv"", ""decision_reason_code"": ""OWNER_CONFIRMED_PARTIAL"", ""evidence_2g_probability_overlap"": ""g4_g3_probability_overlap_summary.json"", ""evidence_2h_interpretation"": ""g4_g3_overlap_interpretation_profiles.csv"", ""evidence_2ia_policy"": ""g4_g3_scientific_decision_policy_v1.csv"", ""evidence_2ib_owner_revision"": ""g4_g3_owner_policy_revision_v1.csv"", ""evidence_2ic_final_decision"": ""g4_g3_final_scientific_decision_summary.json"", ""expert_approved"": false, ""final_scientific_policy"": ""G4_G3_FINAL_SCIENTIFIC_POLICY_V1"", ""human_reviewed"": false, ""julich_probability_asset"": ""data/atlases/julich/v3.1/spatial_raw/probability_maps/"", ""julich_spatial_component_asset"": ""AREA_TE_1_2_HESCHL_LEFT.nii.gz"", ""julich_spatial_component_id"": ""JULICH_BRAIN_CYTOARCHITECTONIC_ATLAS_V3_1_AREA_TE_1_2_HESCHL"", ""mapping_method_field"": ""spatial_overlap"", ""owner_scientific_review_status"": ""OWNER_SCIENTIFIC_REVIEWED"", ""phase"": ""G4_G3_MAPPING_CANDIDATE_STAGING_V1"", ""production_review_status"": ""pending"", ""relation_artifact"": ""g4_g3_final_relation_decisions.csv"", ""scientific_method"": ""Julich probability x Brainnetome probability + TemplateFlow nonlinear transform + probability-weighted overlap + hard-label auxiliary containment + owner scientific review"", ""semantic_compatibility_status"": null, ""source_canonical_g4_id"": ""NGIQ-BR-00000584"", ""source_coverage_ratio"": 0.38875789038589537, ""target_canonical_g3_id"": ""NGIQ-BR-00000077"", ""target_coverage_ratio"": 0.06108681705070941, ""transform_provenance"": ""data/atlases/templateflow_ref (MNI152NLin2009cAsym_from-MNI152NLin6Asym)""}"
G4G3-STAGE-D0EF1662C05DA8A2ECC7,1588,NGIQ-BR-00000585,Area Te 1.0 (HESCHL) right,G4_MICROSTRUCTURAL_FINE,right,264,NGIQ-BR-00000088,"Right Superior temporal gyrus, Brainnetome 6_3",G3_MESO_FINE,right,dominant_overlap,spatial_overlap,0.666216,0.07571,,,False,proposed,pending,FALSE,FALSE,APPROVE_DOMINANT_OVERLAP,DOMINANT_CRITERIA_V1,,,"{""brainnetome_probability_asset"": ""data/atlases/brainnetome/bna246/volume_raw/BNA_PM_4D.nii.gz"", ""decision_artifact"": ""g4_g3_final_scientific_decisions.csv"", ""decision_reason_code"": ""DOMINANT_CRITERIA_V1"", ""evidence_2g_probability_overlap"": ""g4_g3_probability_overlap_summary.json"", ""evidence_2h_interpretation"": ""g4_g3_overlap_interpretation_profiles.csv"", ""evidence_2ia_policy"": ""g4_g3_scientific_decision_policy_v1.csv"", ""evidence_2ib_owner_revision"": ""g4_g3_owner_policy_revision_v1.csv"", ""evidence_2ic_final_decision"": ""g4_g3_final_scientific_decision_summary.json"", ""expert_approved"": false, ""final_scientific_policy"": ""G4_G3_FINAL_SCIENTIFIC_POLICY_V1"", ""human_reviewed"": false, ""julich_probability_asset"": ""data/atlases/julich/v3.1/spatial_raw/probability_maps/"", ""julich_spatial_component_asset"": ""AREA_TE_1_0_HESCHL_RIGHT.nii.gz"", ""julich_spatial_component_id"": ""JULICH_BRAIN_CYTOARCHITECTONIC_ATLAS_V3_1_AREA_TE_1_0_HESCHL"", ""mapping_method_field"": ""spatial_overlap"", ""owner_scientific_review_status"": ""OWNER_SCIENTIFIC_REVIEWED"", ""phase"": ""G4_G3_MAPPING_CANDIDATE_STAGING_V1"", ""production_review_status"": ""pending"", ""relation_artifact"": ""g4_g3_final_relation_decisions.csv"", ""scientific_method"": ""Julich probability x Brainnetome probability + TemplateFlow nonlinear transform + probability-weighted overlap + hard-label auxiliary containment + owner scientific review"", ""semantic_compatibility_status"": null, ""source_canonical_g4_id"": ""NGIQ-BR-00000585"", ""source_coverage_ratio"": 0.6662160728835476, ""target_canonical_g3_id"": ""NGIQ-BR-00000088"", ""target_coverage_ratio"": 0.07571001186556921, ""transform_provenance"": ""data/atlases/templateflow_ref (MNI152NLin2009cAsym_from-MNI152NLin6Asym)""}"
G4G3-STAGE-E8902E91CD8535C5926A,1591,NGIQ-BR-00000586,Area Te 1.0 (HESCHL) left,G4_MICROSTRUCTURAL_FINE,left,261,NGIQ-BR-00000087,"Left Superior temporal gyrus, Brainnetome 6_3",G3_MESO_FINE,left,dominant_overlap,spatial_overlap,0.63025,0.070333,,,False,proposed,pending,FALSE,FALSE,APPROVE_DOMINANT_OVERLAP,DOMINANT_CRITERIA_V1,,,"{""brainnetome_probability_asset"": ""data/atlases/brainnetome/bna246/volume_raw/BNA_PM_4D.nii.gz"", ""decision_artifact"": ""g4_g3_final_scientific_decisions.csv"", ""decision_reason_code"": ""DOMINANT_CRITERIA_V1"", ""evidence_2g_probability_overlap"": ""g4_g3_probability_overlap_summary.json"", ""evidence_2h_interpretation"": ""g4_g3_overlap_interpretation_profiles.csv"", ""evidence_2ia_policy"": ""g4_g3_scientific_decision_policy_v1.csv"", ""evidence_2ib_owner_revision"": ""g4_g3_owner_policy_revision_v1.csv"", ""evidence_2ic_final_decision"": ""g4_g3_final_scientific_decision_summary.json"", ""expert_approved"": false, ""final_scientific_policy"": ""G4_G3_FINAL_SCIENTIFIC_POLICY_V1"", ""human_reviewed"": false, ""julich_probability_asset"": ""data/atlases/julich/v3.1/spatial_raw/probability_maps/"", ""julich_spatial_component_asset"": ""AREA_TE_1_0_HESCHL_LEFT.nii.gz"", ""julich_spatial_component_id"": ""JULICH_BRAIN_CYTOARCHITECTONIC_ATLAS_V3_1_AREA_TE_1_0_HESCHL"", ""mapping_method_field"": ""spatial_overlap"", ""owner_scientific_review_status"": ""OWNER_SCIENTIFIC_REVIEWED"", ""phase"": ""G4_G3_MAPPING_CANDIDATE_STAGING_V1"", ""production_review_status"": ""pending"", ""relation_artifact"": ""g4_g3_final_relation_decisions.csv"", ""scientific_method"": ""Julich probability x Brainnetome probability + TemplateFlow nonlinear transform + probability-weighted overlap + hard-label auxiliary containment + owner scientific review"", ""semantic_compatibility_status"": null, ""source_canonical_g4_id"": ""NGIQ-BR-00000586"", ""source_coverage_ratio"": 0.6302501770323901, ""target_canonical_g3_id"": ""NGIQ-BR-00000087"", ""target_coverage_ratio"": 0.07033317520768372, ""transform_provenance"": ""data/atlases/templateflow_ref (MNI152NLin2009cAsym_from-MNI152NLin6Asym)""}"
G4G3-STAGE-86C2E2A539F7F8DB3186,1594,NGIQ-BR-00000587,Area Ph1 (PhG) right,G4_MICROSTRUCTURAL_FINE,right,600,NGIQ-BR-00000200,"Right Medioventral occipital cortex, Brainnetome 5_4",G3_MESO_FINE,right,partial_overlap,spatial_overlap,0.501913,0.078898,,,False,proposed,pending,FALSE,FALSE,PARTIAL_OVERLAP,OWNER_CONFIRMED_PARTIAL,,,"{""brainnetome_probability_asset"": ""data/atlases/brainnetome/bna246/volume_raw/BNA_PM_4D.nii.gz"", ""decision_artifact"": ""g4_g3_final_scientific_decisions.csv"", ""decision_reason_code"": ""OWNER_CONFIRMED_PARTIAL"", ""evidence_2g_probability_overlap"": ""g4_g3_probability_overlap_summary.json"", ""evidence_2h_interpretation"": ""g4_g3_overlap_interpretation_profiles.csv"", ""evidence_2ia_policy"": ""g4_g3_scientific_decision_policy_v1.csv"", ""evidence_2ib_owner_revision"": ""g4_g3_owner_policy_revision_v1.csv"", ""evidence_2ic_final_decision"": ""g4_g3_final_scientific_decision_summary.json"", ""expert_approved"": false, ""final_scientific_policy"": ""G4_G3_FINAL_SCIENTIFIC_POLICY_V1"", ""human_reviewed"": false, ""julich_probability_asset"": ""data/atlases/julich/v3.1/spatial_raw/probability_maps/"", ""julich_spatial_component_asset"": ""AREA_PH1_PHG_RIGHT.nii.gz"", ""julich_spatial_component_id"": ""JULICH_BRAIN_CYTOARCHITECTONIC_ATLAS_V3_1_AREA_PH1_PHG"", ""mapping_method_field"": ""spatial_overlap"", ""owner_scientific_review_status"": ""OWNER_SCIENTIFIC_REVIEWED"", ""phase"": ""G4_G3_MAPPING_CANDIDATE_STAGING_V1"", ""production_review_status"": ""pending"", ""relation_artifact"": ""g4_g3_final_relation_decisions.csv"", ""scientific_method"": ""Julich probability x Brainnetome probability + TemplateFlow nonlinear transform + probability-weighted overlap + hard-label auxiliary containment + owner scientific review"", ""semantic_compatibility_status"": null, ""source_canonical_g4_id"": ""NGIQ-BR-00000587"", ""source_coverage_ratio"": 0.5019126747551171, ""target_canonical_g3_id"": ""NGIQ-BR-00000200"", ""target_coverage_ratio"": 0.07889788089619333, ""transform_provenance"": ""data/atlases/templateflow_ref (MNI152NLin2009cAsym_from-MNI152NLin6Asym)""}"
G4G3-STAGE-9A2C9A975888B7CAC838,1594,NGIQ-BR-00000587,Area Ph1 (PhG) right,G4_MICROSTRUCTURAL_FINE,right,354,NGIQ-BR-00000118,"Right Fusiform gyrus, Brainnetome 3_2",G3_MESO_FINE,right,partial_overlap,spatial_overlap,0.438215,0.068501,,,False,proposed,pending,FALSE,FALSE,PARTIAL_OVERLAP,OWNER_CONFIRMED_PARTIAL,,,"{""brainnetome_probability_asset"": ""data/atlases/brainnetome/bna246/volume_raw/BNA_PM_4D.nii.gz"", ""decision_artifact"": ""g4_g3_final_scientific_decisions.csv"", ""decision_reason_code"": ""OWNER_CONFIRMED_PARTIAL"", ""evidence_2g_probability_overlap"": ""g4_g3_probability_overlap_summary.json"", ""evidence_2h_interpretation"": ""g4_g3_overlap_interpretation_profiles.csv"", ""evidence_2ia_policy"": ""g4_g3_scientific_decision_policy_v1.csv"", ""evidence_2ib_owner_revision"": ""g4_g3_owner_policy_revision_v1.csv"", ""evidence_2ic_final_decision"": ""g4_g3_final_scientific_decision_summary.json"", ""expert_approved"": false, ""final_scientific_policy"": ""G4_G3_FINAL_SCIENTIFIC_POLICY_V1"", ""human_reviewed"": false, ""julich_probability_asset"": ""data/atlases/julich/v3.1/spatial_raw/probability_maps/"", ""julich_spatial_component_asset"": ""AREA_PH1_PHG_RIGHT.nii.gz"", ""julich_spatial_component_id"": ""JULICH_BRAIN_CYTOARCHITECTONIC_ATLAS_V3_1_AREA_PH1_PHG"", ""mapping_method_field"": ""spatial_overlap"", ""owner_scientific_review_status"": ""OWNER_SCIENTIFIC_REVIEWED"", ""phase"": ""G4_G3_MAPPING_CANDIDATE_STAGING_V1"", ""production_review_status"": ""pending"", ""relation_artifact"": ""g4_g3_final_relation_decisions.csv"", ""scientific_method"": ""Julich probability x Brainnetome probability + TemplateFlow nonlinear transform + probability-weighted overlap + hard-label auxiliary containment + owner scientific review"", ""semantic_compatibility_status"": null, ""source_canonical_g4_id"": ""NGIQ-BR-00000587"", ""source_coverage_ratio"": 0.438215332997058, ""target_canonical_g3_id"": ""NGIQ-BR-00000118"", ""target_coverage_ratio"": 0.06850053905833302, ""transform_provenance"": ""data/atlases/templateflow_ref (MNI152NLin2009cAsym_from-MNI152NLin6Asym)""}"
G4G3-STAGE-F17FB3433E2BB56699FD,1597,NGIQ-BR-00000588,Area Ph1 (PhG) left,G4_MICROSTRUCTURAL_FINE,left,597,NGIQ-BR-00000199,"Left Medioventral occipital cortex, Brainnetome 5_4",G3_MESO_FINE,left,dominant_overlap,spatial_overlap,0.65942,0.086609,,,False,proposed,pending,FALSE,FALSE,APPROVE_DOMINANT_OVERLAP,DOMINANT_CRITERIA_V1,,,"{""brainnetome_probability_asset"": ""data/atlases/brainnetome/bna246/volume_raw/BNA_PM_4D.nii.gz"", ""decision_artifact"": ""g4_g3_final_scientific_decisions.csv"", ""decision_reason_code"": ""DOMINANT_CRITERIA_V1"", ""evidence_2g_probability_overlap"": ""g4_g3_probability_overlap_summary.json"", ""evidence_2h_interpretation"": ""g4_g3_overlap_interpretation_profiles.csv"", ""evidence_2ia_policy"": ""g4_g3_scientific_decision_policy_v1.csv"", ""evidence_2ib_owner_revision"": ""g4_g3_owner_policy_revision_v1.csv"", ""evidence_2ic_final_decision"": ""g4_g3_final_scientific_decision_summary.json"", ""expert_approved"": false, ""final_scientific_policy"": ""G4_G3_FINAL_SCIENTIFIC_POLICY_V1"", ""human_reviewed"": false, ""julich_probability_asset"": ""data/atlases/julich/v3.1/spatial_raw/probability_maps/"", ""julich_spatial_component_asset"": ""AREA_PH1_PHG_LEFT.nii.gz"", ""julich_spatial_component_id"": ""JULICH_BRAIN_CYTOARCHITECTONIC_ATLAS_V3_1_AREA_PH1_PHG"", ""mapping_method_field"": ""spatial_overlap"", ""owner_scientific_review_status"": ""OWNER_SCIENTIFIC_REVIEWED"", ""phase"": ""G4_G3_MAPPING_CANDIDATE_STAGING_V1"", ""production_review_status"": ""pending"", ""relation_artifact"": ""g4_g3_final_relation_decisions.csv"", ""scientific_method"": ""Julich probability x Brainnetome probability + TemplateFlow nonlinear transform + probability-weighted overlap + hard-label auxiliary containment + owner scientific review"", ""semantic_compatibility_status"": null, ""source_canonical_g4_id"": ""NGIQ-BR-00000588"", ""source_coverage_ratio"": 0.6594200530582179, ""target_canonical_g3_id"": ""NGIQ-BR-00000199"", ""target_coverage_ratio"": 0.08660857417507545, ""transform_provenance"": ""data/atlases/templateflow_ref (MNI152NLin2009cAsym_from-MNI152NLin6Asym)""}"
G4G3-STAGE-2353FF1FF57B4A496698,1606,NGIQ-BR-00000591,Area Ph3 (PhG) right,G4_MICROSTRUCTURAL_FINE,right,600,NGIQ-BR-00000200,"Right Medioventral occipital cortex, Brainnetome 5_4",G3_MESO_FINE,right,dominant_overlap,spatial_overlap,0.880439,0.08585,,,False,proposed,pending,FALSE,FALSE,APPROVE_DOMINANT_OVERLAP,STRONG_SPATIAL_OVERLAP_BUT_NOT_HIERARCHICAL_CONTAINMENT,,,"{""brainnetome_probability_asset"": ""data/atlases/brainnetome/bna246/volume_raw/BNA_PM_4D.nii.gz"", ""decision_artifact"": ""g4_g3_final_scientific_decisions.csv"", ""decision_reason_code"": ""STRONG_SPATIAL_OVERLAP_BUT_NOT_HIERARCHICAL_CONTAINMENT"", ""evidence_2g_probability_overlap"": ""g4_g3_probability_overlap_summary.json"", ""evidence_2h_interpretation"": ""g4_g3_overlap_interpretation_profiles.csv"", ""evidence_2ia_policy"": ""g4_g3_scientific_decision_policy_v1.csv"", ""evidence_2ib_owner_revision"": ""g4_g3_owner_policy_revision_v1.csv"", ""evidence_2ic_final_decision"": ""g4_g3_final_scientific_decision_summary.json"", ""expert_approved"": false, ""final_scientific_policy"": ""G4_G3_FINAL_SCIENTIFIC_POLICY_V1"", ""human_reviewed"": false, ""julich_probability_asset"": ""data/atlases/julich/v3.1/spatial_raw/probability_maps/"", ""julich_spatial_component_asset"": ""AREA_PH3_PHG_RIGHT.nii.gz"", ""julich_spatial_component_id"": ""JULICH_BRAIN_CYTOARCHITECTONIC_ATLAS_V3_1_AREA_PH3_PHG"", ""mapping_method_field"": ""spatial_overlap"", ""owner_scientific_review_status"": ""OWNER_SCIENTIFIC_REVIEWED"", ""phase"": ""G4_G3_MAPPING_CANDIDATE_STAGING_V1"", ""production_review_status"": ""pending"", ""relation_artifact"": ""g4_g3_final_relation_decisions.csv"", ""scientific_method"": ""Julich probability x Brainnetome probability + TemplateFlow nonlinear transform + probability-weighted overlap + hard-label auxiliary containment + owner scientific review"", ""semantic_compatibility_status"": null, ""source_canonical_g4_id"": ""NGIQ-BR-00000591"", ""source_coverage_ratio"": 0.8804393861900386, ""target_canonical_g3_id"": ""NGIQ-BR-00000200"", ""target_coverage_ratio"": 0.08585016449019078, ""transform_provenance"": ""data/atlases/templateflow_ref (MNI152NLin2009cAsym_from-MNI152NLin6Asym)""}"
G4G3-STAGE-72166CC573C66AC69A65,1609,NGIQ-BR-00000592,Area Ph3 (PhG) left,G4_MICROSTRUCTURAL_FINE,left,597,NGIQ-BR-00000199,"Left Medioventral occipital cortex, Brainnetome 5_4",G3_MESO_FINE,left,dominant_overlap,spatial_overlap,0.760571,0.048375,,,False,proposed,pending,FALSE,FALSE,APPROVE_DOMINANT_OVERLAP,DOMINANT_CRITERIA_V1,,,"{""brainnetome_probability_asset"": ""data/atlases/brainnetome/bna246/volume_raw/BNA_PM_4D.nii.gz"", ""decision_artifact"": ""g4_g3_final_scientific_decisions.csv"", ""decision_reason_code"": ""DOMINANT_CRITERIA_V1"", ""evidence_2g_probability_overlap"": ""g4_g3_probability_overlap_summary.json"", ""evidence_2h_interpretation"": ""g4_g3_overlap_interpretation_profiles.csv"", ""evidence_2ia_policy"": ""g4_g3_scientific_decision_policy_v1.csv"", ""evidence_2ib_owner_revision"": ""g4_g3_owner_policy_revision_v1.csv"", ""evidence_2ic_final_decision"": ""g4_g3_final_scientific_decision_summary.json"", ""expert_approved"": false, ""final_scientific_policy"": ""G4_G3_FINAL_SCIENTIFIC_POLICY_V1"", ""human_reviewed"": false, ""julich_probability_asset"": ""data/atlases/julich/v3.1/spatial_raw/probability_maps/"", ""julich_spatial_component_asset"": ""AREA_PH3_PHG_LEFT.nii.gz"", ""julich_spatial_component_id"": ""JULICH_BRAIN_CYTOARCHITECTONIC_ATLAS_V3_1_AREA_PH3_PHG"", ""mapping_method_field"": ""spatial_overlap"", ""owner_scientific_review_status"": ""OWNER_SCIENTIFIC_REVIEWED"", ""phase"": ""G4_G3_MAPPING_CANDIDATE_STAGING_V1"", ""production_review_status"": ""pending"", ""relation_artifact"": ""g4_g3_final_relation_decisions.csv"", ""scientific_method"": ""Julich probability x Brainnetome probability + TemplateFlow nonlinear transform + probability-weighted overlap + hard-label auxiliary containment + owner scientific review"", ""semantic_compatibility_status"": null, ""source_canonical_g4_id"": ""NGIQ-BR-00000592"", ""source_coverage_ratio"": 0.7605709157232645, ""target_canonical_g3_id"": ""NGIQ-BR-00000199"", ""target_coverage_ratio"": 0.048374878586009175, ""transform_provenance"": ""data/atlases/templateflow_ref (MNI152NLin2009cAsym_from-MNI152NLin6Asym)""}"
G4G3-STAGE-2F3FC2D2F18E3FD96878,1612,NGIQ-BR-00000593,Area CoS1 (CoS) right,G4_MICROSTRUCTURAL_FINE,right,348,NGIQ-BR-00000116,"Right Fusiform gyrus, Brainnetome 3_1",G3_MESO_FINE,right,partial_overlap,spatial_overlap,0.412535,0.026006,,,False,proposed,pending,FALSE,FALSE,PARTIAL_OVERLAP,OWNER_CONFIRMED_PARTIAL,,,"{""brainnetome_probability_asset"": ""data/atlases/brainnetome/bna246/volume_raw/BNA_PM_4D.nii.gz"", ""decision_artifact"": ""g4_g3_final_scientific_decisions.csv"", ""decision_reason_code"": ""OWNER_CONFIRMED_PARTIAL"", ""evidence_2g_probability_overlap"": ""g4_g3_probability_overlap_summary.json"", ""evidence_2h_interpretation"": ""g4_g3_overlap_interpretation_profiles.csv"", ""evidence_2ia_policy"": ""g4_g3_scientific_decision_policy_v1.csv"", ""evidence_2ib_owner_revision"": ""g4_g3_owner_policy_revision_v1.csv"", ""evidence_2ic_final_decision"": ""g4_g3_final_scientific_decision_summary.json"", ""expert_approved"": false, ""final_scientific_policy"": ""G4_G3_FINAL_SCIENTIFIC_POLICY_V1"", ""human_reviewed"": false, ""julich_probability_asset"": ""data/atlases/julich/v3.1/spatial_raw/probability_maps/"", ""julich_spatial_component_asset"": ""AREA_COS1_COS_RIGHT.nii.gz"", ""julich_spatial_component_id"": ""JULICH_BRAIN_CYTOARCHITECTONIC_ATLAS_V3_1_AREA_COS1_COS"", ""mapping_method_field"": ""spatial_overlap"", ""owner_scientific_review_status"": ""OWNER_SCIENTIFIC_REVIEWED"", ""phase"": ""G4_G3_MAPPING_CANDIDATE_STAGING_V1"", ""production_review_status"": ""pending"", ""relation_artifact"": ""g4_g3_final_relation_decisions.csv"", ""scientific_method"": ""Julich probability x Brainnetome probability + TemplateFlow nonlinear transform + probability-weighted overlap + hard-label auxiliary containment + owner scientific review"", ""semantic_compatibility_status"": null, ""source_canonical_g4_id"": ""NGIQ-BR-00000593"", ""source_coverage_ratio"": 0.4125346504713995, ""target_canonical_g3_id"": ""NGIQ-BR-00000116"", ""target_coverage_ratio"": 0.026005612854259036, ""transform_provenance"": ""data/atlases/templateflow_ref (MNI152NLin2009cAsym_from-MNI152NLin6Asym)""}"
G4G3-STAGE-69F60911AB27C862C1D2,1612,NGIQ-BR-00000593,Area CoS1 (CoS) right,G4_MICROSTRUCTURAL_FINE,right,378,NGIQ-BR-00000126,"Right Parahippocampal gyrus, Brainnetome 6_3",G3_MESO_FINE,right,partial_overlap,spatial_overlap,0.212289,0.057395,,,False,proposed,pending,FALSE,FALSE,PARTIAL_OVERLAP,OWNER_CONFIRMED_PARTIAL,,,"{""brainnetome_probability_asset"": ""data/atlases/brainnetome/bna246/volume_raw/BNA_PM_4D.nii.gz"", ""decision_artifact"": ""g4_g3_final_scientific_decisions.csv"", ""decision_reason_code"": ""OWNER_CONFIRMED_PARTIAL"", ""evidence_2g_probability_overlap"": ""g4_g3_probability_overlap_summary.json"", ""evidence_2h_interpretation"": ""g4_g3_overlap_interpretation_profiles.csv"", ""evidence_2ia_policy"": ""g4_g3_scientific_decision_policy_v1.csv"", ""evidence_2ib_owner_revision"": ""g4_g3_owner_policy_revision_v1.csv"", ""evidence_2ic_final_decision"": ""g4_g3_final_scientific_decision_summary.json"", ""expert_approved"": false, ""final_scientific_policy"": ""G4_G3_FINAL_SCIENTIFIC_POLICY_V1"", ""human_reviewed"": false, ""julich_probability_asset"": ""data/atlases/julich/v3.1/spatial_raw/probability_maps/"", ""julich_spatial_component_asset"": ""AREA_COS1_COS_RIGHT.nii.gz"", ""julich_spatial_component_id"": ""JULICH_BRAIN_CYTOARCHITECTONIC_ATLAS_V3_1_AREA_COS1_COS"", ""mapping_method_field"": ""spatial_overlap"", ""owner_scientific_review_status"": ""OWNER_SCIENTIFIC_REVIEWED"", ""phase"": ""G4_G3_MAPPING_CANDIDATE_STAGING_V1"", ""production_review_status"": ""pending"", ""relation_artifact"": ""g4_g3_final_relation_decisions.csv"", ""scientific_method"": ""Julich probability x Brainnetome probability + TemplateFlow nonlinear transform + probability-weighted overlap + hard-label auxiliary containment + owner scientific review"", ""semantic_compatibility_status"": null, ""source_canonical_g4_id"": ""NGIQ-BR-00000593"", ""source_coverage_ratio"": 0.21228892305021077, ""target_canonical_g3_id"": ""NGIQ-BR-00000126"", ""target_coverage_ratio"": 0.057395108570002004, ""transform_provenance"": ""data/atlases/templateflow_ref (MNI152NLin2009cAsym_from-MNI152NLin6Asym)""}"
G4G3-STAGE-ADC5A4F8BF0CA83D7884,1612,NGIQ-BR-00000593,Area CoS1 (CoS) right,G4_MICROSTRUCTURAL_FINE,right,360,NGIQ-BR-00000120,"Right Fusiform gyrus, Brainnetome 3_3",G3_MESO_FINE,right,partial_overlap,spatial_overlap,0.158703,0.012705,,,False,proposed,pending,FALSE,FALSE,PARTIAL_OVERLAP,OWNER_CONFIRMED_PARTIAL,,,"{""brainnetome_probability_asset"": ""data/atlases/brainnetome/bna246/volume_raw/BNA_PM_4D.nii.gz"", ""decision_artifact"": ""g4_g3_final_scientific_decisions.csv"", ""decision_reason_code"": ""OWNER_CONFIRMED_PARTIAL"", ""evidence_2g_probability_overlap"": ""g4_g3_probability_overlap_summary.json"", ""evidence_2h_interpretation"": ""g4_g3_overlap_interpretation_profiles.csv"", ""evidence_2ia_policy"": ""g4_g3_scientific_decision_policy_v1.csv"", ""evidence_2ib_owner_revision"": ""g4_g3_owner_policy_revision_v1.csv"", ""evidence_2ic_final_decision"": ""g4_g3_final_scientific_decision_summary.json"", ""expert_approved"": false, ""final_scientific_policy"": ""G4_G3_FINAL_SCIENTIFIC_POLICY_V1"", ""human_reviewed"": false, ""julich_probability_asset"": ""data/atlases/julich/v3.1/spatial_raw/probability_maps/"", ""julich_spatial_component_asset"": ""AREA_COS1_COS_RIGHT.nii.gz"", ""julich_spatial_component_id"": ""JULICH_BRAIN_CYTOARCHITECTONIC_ATLAS_V3_1_AREA_COS1_COS"", ""mapping_method_field"": ""spatial_overlap"", ""owner_scientific_review_status"": ""OWNER_SCIENTIFIC_REVIEWED"", ""phase"": ""G4_G3_MAPPING_CANDIDATE_STAGING_V1"", ""production_review_status"": ""pending"", ""relation_artifact"": ""g4_g3_final_relation_decisions.csv"", ""scientific_method"": ""Julich probability x Brainnetome probability + TemplateFlow nonlinear transform + probability-weighted overlap + hard-label auxiliary containment + owner scientific review"", ""semantic_compatibility_status"": null, ""source_canonical_g4_id"": ""NGIQ-BR-00000593"", ""source_coverage_ratio"": 0.15870313986774842, ""target_canonical_g3_id"": ""NGIQ-BR-00000120"", ""target_coverage_ratio"": 0.012704831513513763, ""transform_provenance"": ""data/atlases/templateflow_ref (MNI152NLin2009cAsym_from-MNI152NLin6Asym)""}"
G4G3-STAGE-14FAAC81527858979880,1615,NGIQ-BR-00000594,Area CoS1 (CoS) left,G4_MICROSTRUCTURAL_FINE,left,345,NGIQ-BR-00000115,"Left Fusiform gyrus, Brainnetome 3_1",G3_MESO_FINE,left,dominant_overlap,spatial_overlap,0.509784,0.028522,,,False,proposed,pending,FALSE,FALSE,APPROVE_DOMINANT_OVERLAP,DOMINANT_CRITERIA_V1,,BOUNDARY_METRIC,"{""brainnetome_probability_asset"": ""data/atlases/brainnetome/bna246/volume_raw/BNA_PM_4D.nii.gz"", ""decision_artifact"": ""g4_g3_final_scientific_decisions.csv"", ""decision_reason_code"": ""DOMINANT_CRITERIA_V1"", ""evidence_2g_probability_overlap"": ""g4_g3_probability_overlap_summary.json"", ""evidence_2h_interpretation"": ""g4_g3_overlap_interpretation_profiles.csv"", ""evidence_2ia_policy"": ""g4_g3_scientific_decision_policy_v1.csv"", ""evidence_2ib_owner_revision"": ""g4_g3_owner_policy_revision_v1.csv"", ""evidence_2ic_final_decision"": ""g4_g3_final_scientific_decision_summary.json"", ""expert_approved"": false, ""final_scientific_policy"": ""G4_G3_FINAL_SCIENTIFIC_POLICY_V1"", ""human_reviewed"": false, ""julich_probability_asset"": ""data/atlases/julich/v3.1/spatial_raw/probability_maps/"", ""julich_spatial_component_asset"": ""AREA_COS1_COS_LEFT.nii.gz"", ""julich_spatial_component_id"": ""JULICH_BRAIN_CYTOARCHITECTONIC_ATLAS_V3_1_AREA_COS1_COS"", ""mapping_method_field"": ""spatial_overlap"", ""owner_scientific_review_status"": ""OWNER_SCIENTIFIC_REVIEWED"", ""phase"": ""G4_G3_MAPPING_CANDIDATE_STAGING_V1"", ""production_review_status"": ""pending"", ""relation_artifact"": ""g4_g3_final_relation_decisions.csv"", ""scientific_method"": ""Julich probability x Brainnetome probability + TemplateFlow nonlinear transform + probability-weighted overlap + hard-label auxiliary containment + owner scientific review"", ""semantic_compatibility_status"": null, ""source_canonical_g4_id"": ""NGIQ-BR-00000594"", ""source_coverage_ratio"": 0.5097844516440333, ""target_canonical_g3_id"": ""NGIQ-BR-00000115"", ""target_coverage_ratio"": 0.02852156384069624, ""transform_provenance"": ""data/atlases/templateflow_ref (MNI152NLin2009cAsym_from-MNI152NLin6Asym)""}"
G4G3-STAGE-5FCC23D148640C7FF2DB,1618,NGIQ-BR-00000595,Area TI (STG) right,G4_MICROSTRUCTURAL_FINE,right,264,NGIQ-BR-00000088,"Right Superior temporal gyrus, Brainnetome 6_3",G3_MESO_FINE,right,partial_overlap,spatial_overlap,0.451173,0.074192,,,False,proposed,pending,FALSE,FALSE,PARTIAL_OVERLAP,OWNER_CONFIRMED_PARTIAL,,,"{""brainnetome_probability_asset"": ""data/atlases/brainnetome/bna246/volume_raw/BNA_PM_4D.nii.gz"", ""decision_artifact"": ""g4_g3_final_scientific_decisions.csv"", ""decision_reason_code"": ""OWNER_CONFIRMED_PARTIAL"", ""evidence_2g_probability_overlap"": ""g4_g3_probability_overlap_summary.json"", ""evidence_2h_interpretation"": ""g4_g3_overlap_interpretation_profiles.csv"", ""evidence_2ia_policy"": ""g4_g3_scientific_decision_policy_v1.csv"", ""evidence_2ib_owner_revision"": ""g4_g3_owner_policy_revision_v1.csv"", ""evidence_2ic_final_decision"": ""g4_g3_final_scientific_decision_summary.json"", ""expert_approved"": false, ""final_scientific_policy"": ""G4_G3_FINAL_SCIENTIFIC_POLICY_V1"", ""human_reviewed"": false, ""julich_probability_asset"": ""data/atlases/julich/v3.1/spatial_raw/probability_maps/"", ""julich_spatial_component_asset"": ""AREA_TI_STG_RIGHT.nii.gz"", ""julich_spatial_component_id"": ""JULICH_BRAIN_CYTOARCHITECTONIC_ATLAS_V3_1_AREA_TI_STG"", ""mapping_method_field"": ""spatial_overlap"", ""owner_scientific_review_status"": ""OWNER_SCIENTIFIC_REVIEWED"", ""phase"": ""G4_G3_MAPPING_CANDIDATE_STAGING_V1"", ""production_review_status"": ""pending"", ""relation_artifact"": ""g4_g3_final_relation_decisions.csv"", ""scientific_method"": ""Julich probability x Brainnetome probability + TemplateFlow nonlinear transform + probability-weighted overlap + hard-label auxiliary containment + owner scientific review"", ""semantic_compatibility_status"": null, ""source_canonical_g4_id"": ""NGIQ-BR-00000595"", ""source_coverage_ratio"": 0.4511725482820803, ""target_canonical_g3_id"": ""NGIQ-BR-00000088"", ""target_coverage_ratio"": 0.07419163597630928, ""transform_provenance"": ""data/atlases/templateflow_ref (MNI152NLin2009cAsym_from-MNI152NLin6Asym)""}"
G4G3-STAGE-54EC4F11B4DA8D6FED4D,1618,NGIQ-BR-00000595,Area TI (STG) right,G4_MICROSTRUCTURAL_FINE,right,276,NGIQ-BR-00000092,"Right Superior temporal gyrus, Brainnetome 6_5",G3_MESO_FINE,right,partial_overlap,spatial_overlap,0.394764,0.056522,,,False,proposed,pending,FALSE,FALSE,PARTIAL_OVERLAP,OWNER_CONFIRMED_PARTIAL,,,"{""brainnetome_probability_asset"": ""data/atlases/brainnetome/bna246/volume_raw/BNA_PM_4D.nii.gz"", ""decision_artifact"": ""g4_g3_final_scientific_decisions.csv"", ""decision_reason_code"": ""OWNER_CONFIRMED_PARTIAL"", ""evidence_2g_probability_overlap"": ""g4_g3_probability_overlap_summary.json"", ""evidence_2h_interpretation"": ""g4_g3_overlap_interpretation_profiles.csv"", ""evidence_2ia_policy"": ""g4_g3_scientific_decision_policy_v1.csv"", ""evidence_2ib_owner_revision"": ""g4_g3_owner_policy_revision_v1.csv"", ""evidence_2ic_final_decision"": ""g4_g3_final_scientific_decision_summary.json"", ""expert_approved"": false, ""final_scientific_policy"": ""G4_G3_FINAL_SCIENTIFIC_POLICY_V1"", ""human_reviewed"": false, ""julich_probability_asset"": ""data/atlases/julich/v3.1/spatial_raw/probability_maps/"", ""julich_spatial_component_asset"": ""AREA_TI_STG_RIGHT.nii.gz"", ""julich_spatial_component_id"": ""JULICH_BRAIN_CYTOARCHITECTONIC_ATLAS_V3_1_AREA_TI_STG"", ""mapping_method_field"": ""spatial_overlap"", ""owner_scientific_review_status"": ""OWNER_SCIENTIFIC_REVIEWED"", ""phase"": ""G4_G3_MAPPING_CANDIDATE_STAGING_V1"", ""production_review_status"": ""pending"", ""relation_artifact"": ""g4_g3_final_relation_decisions.csv"", ""scientific_method"": ""Julich probability x Brainnetome probability + TemplateFlow nonlinear transform + probability-weighted overlap + hard-label auxiliary containment + owner scientific review"", ""semantic_compatibility_status"": null, ""source_canonical_g4_id"": ""NGIQ-BR-00000595"", ""source_coverage_ratio"": 0.3947635401213066, ""target_canonical_g3_id"": ""NGIQ-BR-00000092"", ""target_coverage_ratio"": 0.05652229563219371, ""transform_provenance"": ""data/atlases/templateflow_ref (MNI152NLin2009cAsym_from-MNI152NLin6Asym)""}"
G4G3-STAGE-B550772E3CB4DE3372BB,1621,NGIQ-BR-00000596,Area TI (STG) left,G4_MICROSTRUCTURAL_FINE,left,261,NGIQ-BR-00000087,"Left Superior temporal gyrus, Brainnetome 6_3",G3_MESO_FINE,left,partial_overlap,spatial_overlap,0.450051,0.04169,,,False,proposed,pending,FALSE,FALSE,PARTIAL_OVERLAP,OWNER_CONFIRMED_PARTIAL,,,"{""brainnetome_probability_asset"": ""data/atlases/brainnetome/bna246/volume_raw/BNA_PM_4D.nii.gz"", ""decision_artifact"": ""g4_g3_final_scientific_decisions.csv"", ""decision_reason_code"": ""OWNER_CONFIRMED_PARTIAL"", ""evidence_2g_probability_overlap"": ""g4_g3_probability_overlap_summary.json"", ""evidence_2h_interpretation"": ""g4_g3_overlap_interpretation_profiles.csv"", ""evidence_2ia_policy"": ""g4_g3_scientific_decision_policy_v1.csv"", ""evidence_2ib_owner_revision"": ""g4_g3_owner_policy_revision_v1.csv"", ""evidence_2ic_final_decision"": ""g4_g3_final_scientific_decision_summary.json"", ""expert_approved"": false, ""final_scientific_policy"": ""G4_G3_FINAL_SCIENTIFIC_POLICY_V1"", ""human_reviewed"": false, ""julich_probability_asset"": ""data/atlases/julich/v3.1/spatial_raw/probability_maps/"", ""julich_spatial_component_asset"": ""AREA_TI_STG_LEFT.nii.gz"", ""julich_spatial_component_id"": ""JULICH_BRAIN_CYTOARCHITECTONIC_ATLAS_V3_1_AREA_TI_STG"", ""mapping_method_field"": ""spatial_overlap"", ""owner_scientific_review_status"": ""OWNER_SCIENTIFIC_REVIEWED"", ""phase"": ""G4_G3_MAPPING_CANDIDATE_STAGING_V1"", ""production_review_status"": ""pending"", ""relation_artifact"": ""g4_g3_final_relation_decisions.csv"", ""scientific_method"": ""Julich probability x Brainnetome probability + TemplateFlow nonlinear transform + probability-weighted overlap + hard-label auxiliary containment + owner scientific review"", ""semantic_compatibility_status"": null, ""source_canonical_g4_id"": ""NGIQ-BR-00000596"", ""source_coverage_ratio"": 0.450051119091449, ""target_canonical_g3_id"": ""NGIQ-BR-00000087"", ""target_coverage_ratio"": 0.041689808628807654, ""transform_provenance"": ""data/atlases/templateflow_ref (MNI152NLin2009cAsym_from-MNI152NLin6Asym)""}"
G4G3-STAGE-F85DC98C9FF41E046233,1621,NGIQ-BR-00000596,Area TI (STG) left,G4_MICROSTRUCTURAL_FINE,left,273,NGIQ-BR-00000091,"Left Superior temporal gyrus, Brainnetome 6_5",G3_MESO_FINE,left,partial_overlap,spatial_overlap,0.387583,0.046288,,,False,proposed,pending,FALSE,FALSE,PARTIAL_OVERLAP,OWNER_CONFIRMED_PARTIAL,,,"{""brainnetome_probability_asset"": ""data/atlases/brainnetome/bna246/volume_raw/BNA_PM_4D.nii.gz"", ""decision_artifact"": ""g4_g3_final_scientific_decisions.csv"", ""decision_reason_code"": ""OWNER_CONFIRMED_PARTIAL"", ""evidence_2g_probability_overlap"": ""g4_g3_probability_overlap_summary.json"", ""evidence_2h_interpretation"": ""g4_g3_overlap_interpretation_profiles.csv"", ""evidence_2ia_policy"": ""g4_g3_scientific_decision_policy_v1.csv"", ""evidence_2ib_owner_revision"": ""g4_g3_owner_policy_revision_v1.csv"", ""evidence_2ic_final_decision"": ""g4_g3_final_scientific_decision_summary.json"", ""expert_approved"": false, ""final_scientific_policy"": ""G4_G3_FINAL_SCIENTIFIC_POLICY_V1"", ""human_reviewed"": false, ""julich_probability_asset"": ""data/atlases/julich/v3.1/spatial_raw/probability_maps/"", ""julich_spatial_component_asset"": ""AREA_TI_STG_LEFT.nii.gz"", ""julich_spatial_component_id"": ""JULICH_BRAIN_CYTOARCHITECTONIC_ATLAS_V3_1_AREA_TI_STG"", ""mapping_method_field"": ""spatial_overlap"", ""owner_scientific_review_status"": ""OWNER_SCIENTIFIC_REVIEWED"", ""phase"": ""G4_G3_MAPPING_CANDIDATE_STAGING_V1"", ""production_review_status"": ""pending"", ""relation_artifact"": ""g4_g3_final_relation_decisions.csv"", ""scientific_method"": ""Julich probability x Brainnetome probability + TemplateFlow nonlinear transform + probability-weighted overlap + hard-label auxiliary containment + owner scientific review"", ""semantic_compatibility_status"": null, ""source_canonical_g4_id"": ""NGIQ-BR-00000596"", ""source_coverage_ratio"": 0.38758286423946015, ""target_canonical_g3_id"": ""NGIQ-BR-00000091"", ""target_coverage_ratio"": 0.04628768048788686, ""transform_provenance"": ""data/atlases/templateflow_ref (MNI152NLin2009cAsym_from-MNI152NLin6Asym)""}"
G4G3-STAGE-FF890D878DFA8F0CE920,1624,NGIQ-BR-00000597,Area TeI (STG) right,G4_MICROSTRUCTURAL_FINE,right,264,NGIQ-BR-00000088,"Right Superior temporal gyrus, Brainnetome 6_3",G3_MESO_FINE,right,contained_in,spatial_overlap,0.814329,0.110306,,,True,proposed,pending,FALSE,FALSE,APPROVE_CONTAINED_IN,OWNER_CONFIRMED_CONTAINED,EXACT_FAMILY,,"{""brainnetome_probability_asset"": ""data/atlases/brainnetome/bna246/volume_raw/BNA_PM_4D.nii.gz"", ""decision_artifact"": ""g4_g3_final_scientific_decisions.csv"", ""decision_reason_code"": ""OWNER_CONFIRMED_CONTAINED"", ""evidence_2g_probability_overlap"": ""g4_g3_probability_overlap_summary.json"", ""evidence_2h_interpretation"": ""g4_g3_overlap_interpretation_profiles.csv"", ""evidence_2ia_policy"": ""g4_g3_scientific_decision_policy_v1.csv"", ""evidence_2ib_owner_revision"": ""g4_g3_owner_policy_revision_v1.csv"", ""evidence_2ic_final_decision"": ""g4_g3_final_scientific_decision_summary.json"", ""expert_approved"": false, ""final_scientific_policy"": ""G4_G3_FINAL_SCIENTIFIC_POLICY_V1"", ""human_reviewed"": false, ""julich_probability_asset"": ""data/atlases/julich/v3.1/spatial_raw/probability_maps/"", ""julich_spatial_component_asset"": ""AREA_TEI_STG_RIGHT.nii.gz"", ""julich_spatial_component_id"": ""JULICH_BRAIN_CYTOARCHITECTONIC_ATLAS_V3_1_AREA_TEI_STG"", ""mapping_method_field"": ""spatial_overlap"", ""owner_scientific_review_status"": ""OWNER_SCIENTIFIC_REVIEWED"", ""phase"": ""G4_G3_MAPPING_CANDIDATE_STAGING_V1"", ""production_review_status"": ""pending"", ""relation_artifact"": ""g4_g3_final_relation_decisions.csv"", ""scientific_method"": ""Julich probability x Brainnetome probability + TemplateFlow nonlinear transform + probability-weighted overlap + hard-label auxiliary containment + owner scientific review"", ""semantic_compatibility_status"": ""EXACT_FAMILY"", ""source_canonical_g4_id"": ""NGIQ-BR-00000597"", ""source_coverage_ratio"": 0.8143287820312225, ""target_canonical_g3_id"": ""NGIQ-BR-00000088"", ""target_coverage_ratio"": 0.1103061419650761, ""transform_provenance"": ""data/atlases/templateflow_ref (MNI152NLin2009cAsym_from-MNI152NLin6Asym)""}"
G4G3-STAGE-4EF2F717A88E163F3A31,1627,NGIQ-BR-00000598,Area TeI (STG) left,G4_MICROSTRUCTURAL_FINE,left,261,NGIQ-BR-00000087,"Left Superior temporal gyrus, Brainnetome 6_3",G3_MESO_FINE,left,dominant_overlap,spatial_overlap,0.707724,0.051147,,,False,proposed,pending,FALSE,FALSE,APPROVE_DOMINANT_OVERLAP,DOMINANT_CRITERIA_V1,,,"{""brainnetome_probability_asset"": ""data/atlases/brainnetome/bna246/volume_raw/BNA_PM_4D.nii.gz"", ""decision_artifact"": ""g4_g3_final_scientific_decisions.csv"", ""decision_reason_code"": ""DOMINANT_CRITERIA_V1"", ""evidence_2g_probability_overlap"": ""g4_g3_probability_overlap_summary.json"", ""evidence_2h_interpretation"": ""g4_g3_overlap_interpretation_profiles.csv"", ""evidence_2ia_policy"": ""g4_g3_scientific_decision_policy_v1.csv"", ""evidence_2ib_owner_revision"": ""g4_g3_owner_policy_revision_v1.csv"", ""evidence_2ic_final_decision"": ""g4_g3_final_scientific_decision_summary.json"", ""expert_approved"": false, ""final_scientific_policy"": ""G4_G3_FINAL_SCIENTIFIC_POLICY_V1"", ""human_reviewed"": false, ""julich_probability_asset"": ""data/atlases/julich/v3.1/spatial_raw/probability_maps/"", ""julich_spatial_component_asset"": ""AREA_TEI_STG_LEFT.nii.gz"", ""julich_spatial_component_id"": ""JULICH_BRAIN_CYTOARCHITECTONIC_ATLAS_V3_1_AREA_TEI_STG"", ""mapping_method_field"": ""spatial_overlap"", ""owner_scientific_review_status"": ""OWNER_SCIENTIFIC_REVIEWED"", ""phase"": ""G4_G3_MAPPING_CANDIDATE_STAGING_V1"", ""production_review_status"": ""pending"", ""relation_artifact"": ""g4_g3_final_relation_decisions.csv"", ""scientific_method"": ""Julich probability x Brainnetome probability + TemplateFlow nonlinear transform + probability-weighted overlap + hard-label auxiliary containment + owner scientific review"", ""semantic_compatibility_status"": null, ""source_canonical_g4_id"": ""NGIQ-BR-00000598"", ""source_coverage_ratio"": 0.7077237791931797, ""target_canonical_g3_id"": ""NGIQ-BR-00000087"", ""target_coverage_ratio"": 0.0511470288054557, ""transform_provenance"": ""data/atlases/templateflow_ref (MNI152NLin2009cAsym_from-MNI152NLin6Asym)""}"
G4G3-STAGE-77C9F86DFF48A5327659,1630,NGIQ-BR-00000599,Area FG5 (FusG) right,G4_MICROSTRUCTURAL_FINE,right,348,NGIQ-BR-00000116,"Right Fusiform gyrus, Brainnetome 3_1",G3_MESO_FINE,right,contained_in,spatial_overlap,0.846796,0.063724,,,True,proposed,pending,FALSE,FALSE,APPROVE_CONTAINED_IN,OWNER_SEMANTIC_AND_SPATIAL_CONCORDANCE,EXACT_FAMILY,,"{""brainnetome_probability_asset"": ""data/atlases/brainnetome/bna246/volume_raw/BNA_PM_4D.nii.gz"", ""decision_artifact"": ""g4_g3_final_scientific_decisions.csv"", ""decision_reason_code"": ""OWNER_SEMANTIC_AND_SPATIAL_CONCORDANCE"", ""evidence_2g_probability_overlap"": ""g4_g3_probability_overlap_summary.json"", ""evidence_2h_interpretation"": ""g4_g3_overlap_interpretation_profiles.csv"", ""evidence_2ia_policy"": ""g4_g3_scientific_decision_policy_v1.csv"", ""evidence_2ib_owner_revision"": ""g4_g3_owner_policy_revision_v1.csv"", ""evidence_2ic_final_decision"": ""g4_g3_final_scientific_decision_summary.json"", ""expert_approved"": false, ""final_scientific_policy"": ""G4_G3_FINAL_SCIENTIFIC_POLICY_V1"", ""human_reviewed"": false, ""julich_probability_asset"": ""data/atlases/julich/v3.1/spatial_raw/probability_maps/"", ""julich_spatial_component_asset"": ""AREA_FG5_FUSG_RIGHT.nii.gz"", ""julich_spatial_component_id"": ""JULICH_BRAIN_CYTOARCHITECTONIC_ATLAS_V3_1_AREA_FG5_FUSG"", ""mapping_method_field"": ""spatial_overlap"", ""owner_scientific_review_status"": ""OWNER_SCIENTIFIC_REVIEWED"", ""phase"": ""G4_G3_MAPPING_CANDIDATE_STAGING_V1"", ""production_review_status"": ""pending"", ""relation_artifact"": ""g4_g3_final_relation_decisions.csv"", ""scientific_method"": ""Julich probability x Brainnetome probability + TemplateFlow nonlinear transform + probability-weighted overlap + hard-label auxiliary containment + owner scientific review"", ""semantic_compatibility_status"": ""EXACT_FAMILY"", ""source_canonical_g4_id"": ""NGIQ-BR-00000599"", ""source_coverage_ratio"": 0.8467960283551567, ""target_canonical_g3_id"": ""NGIQ-BR-00000116"", ""target_coverage_ratio"": 0.06372404752717478, ""transform_provenance"": ""data/atlases/templateflow_ref (MNI152NLin2009cAsym_from-MNI152NLin6Asym)""}"
G4G3-STAGE-C49D16430EC85496277D,1633,NGIQ-BR-00000600,Area FG5 (FusG) left,G4_MICROSTRUCTURAL_FINE,left,345,NGIQ-BR-00000115,"Left Fusiform gyrus, Brainnetome 3_1",G3_MESO_FINE,left,partial_overlap,spatial_overlap,0.451357,0.04656,,,False,proposed,pending,FALSE,FALSE,PARTIAL_OVERLAP,OWNER_CONFIRMED_PARTIAL,,,"{""brainnetome_probability_asset"": ""data/atlases/brainnetome/bna246/volume_raw/BNA_PM_4D.nii.gz"", ""decision_artifact"": ""g4_g3_final_scientific_decisions.csv"", ""decision_reason_code"": ""OWNER_CONFIRMED_PARTIAL"", ""evidence_2g_probability_overlap"": ""g4_g3_probability_overlap_summary.json"", ""evidence_2h_interpretation"": ""g4_g3_overlap_interpretation_profiles.csv"", ""evidence_2ia_policy"": ""g4_g3_scientific_decision_policy_v1.csv"", ""evidence_2ib_owner_revision"": ""g4_g3_owner_policy_revision_v1.csv"", ""evidence_2ic_final_decision"": ""g4_g3_final_scientific_decision_summary.json"", ""expert_approved"": false, ""final_scientific_policy"": ""G4_G3_FINAL_SCIENTIFIC_POLICY_V1"", ""human_reviewed"": false, ""julich_probability_asset"": ""data/atlases/julich/v3.1/spatial_raw/probability_maps/"", ""julich_spatial_component_asset"": ""AREA_FG5_FUSG_LEFT.nii.gz"", ""julich_spatial_component_id"": ""JULICH_BRAIN_CYTOARCHITECTONIC_ATLAS_V3_1_AREA_FG5_FUSG"", ""mapping_method_field"": ""spatial_overlap"", ""owner_scientific_review_status"": ""OWNER_SCIENTIFIC_REVIEWED"", ""phase"": ""G4_G3_MAPPING_CANDIDATE_STAGING_V1"", ""production_review_status"": ""pending"", ""relation_artifact"": ""g4_g3_final_relation_decisions.csv"", ""scientific_method"": ""Julich probability x Brainnetome probability + TemplateFlow nonlinear transform + probability-weighted overlap + hard-label auxiliary containment + owner scientific review"", ""semantic_compatibility_status"": null, ""source_canonical_g4_id"": ""NGIQ-BR-00000600"", ""source_coverage_ratio"": 0.4513571595251946, ""target_canonical_g3_id"": ""NGIQ-BR-00000115"", ""target_coverage_ratio"": 0.04656018159888489, ""transform_provenance"": ""data/atlases/templateflow_ref (MNI152NLin2009cAsym_from-MNI152NLin6Asym)""}"
G4G3-STAGE-CEA39BBFC4DAAA5FA1F6,1633,NGIQ-BR-00000600,Area FG5 (FusG) left,G4_MICROSTRUCTURAL_FINE,left,303,NGIQ-BR-00000101,"Left Inferior temporal gyrus, Brainnetome 7_1",G3_MESO_FINE,left,partial_overlap,spatial_overlap,0.319009,0.064348,,,False,proposed,pending,FALSE,FALSE,PARTIAL_OVERLAP,OWNER_CONFIRMED_PARTIAL,,,"{""brainnetome_probability_asset"": ""data/atlases/brainnetome/bna246/volume_raw/BNA_PM_4D.nii.gz"", ""decision_artifact"": ""g4_g3_final_scientific_decisions.csv"", ""decision_reason_code"": ""OWNER_CONFIRMED_PARTIAL"", ""evidence_2g_probability_overlap"": ""g4_g3_probability_overlap_summary.json"", ""evidence_2h_interpretation"": ""g4_g3_overlap_interpretation_profiles.csv"", ""evidence_2ia_policy"": ""g4_g3_scientific_decision_policy_v1.csv"", ""evidence_2ib_owner_revision"": ""g4_g3_owner_policy_revision_v1.csv"", ""evidence_2ic_final_decision"": ""g4_g3_final_scientific_decision_summary.json"", ""expert_approved"": false, ""final_scientific_policy"": ""G4_G3_FINAL_SCIENTIFIC_POLICY_V1"", ""human_reviewed"": false, ""julich_probability_asset"": ""data/atlases/julich/v3.1/spatial_raw/probability_maps/"", ""julich_spatial_component_asset"": ""AREA_FG5_FUSG_LEFT.nii.gz"", ""julich_spatial_component_id"": ""JULICH_BRAIN_CYTOARCHITECTONIC_ATLAS_V3_1_AREA_FG5_FUSG"", ""mapping_method_field"": ""spatial_overlap"", ""owner_scientific_review_status"": ""OWNER_SCIENTIFIC_REVIEWED"", ""phase"": ""G4_G3_MAPPING_CANDIDATE_STAGING_V1"", ""production_review_status"": ""pending"", ""relation_artifact"": ""g4_g3_final_relation_decisions.csv"", ""scientific_method"": ""Julich probability x Brainnetome probability + TemplateFlow nonlinear transform + probability-weighted overlap + hard-label auxiliary containment + owner scientific review"", ""semantic_compatibility_status"": null, ""source_canonical_g4_id"": ""NGIQ-BR-00000600"", ""source_coverage_ratio"": 0.31900887071806977, ""target_canonical_g3_id"": ""NGIQ-BR-00000101"", ""target_coverage_ratio"": 0.06434784171582748, ""transform_provenance"": ""data/atlases/templateflow_ref (MNI152NLin2009cAsym_from-MNI152NLin6Asym)""}"
G4G3-STAGE-425117024DCA81625D72,1633,NGIQ-BR-00000600,Area FG5 (FusG) left,G4_MICROSTRUCTURAL_FINE,left,357,NGIQ-BR-00000119,"Left Fusiform gyrus, Brainnetome 3_3",G3_MESO_FINE,left,partial_overlap,spatial_overlap,0.1904,0.039952,,,False,proposed,pending,FALSE,FALSE,PARTIAL_OVERLAP,OWNER_CONFIRMED_PARTIAL,,,"{""brainnetome_probability_asset"": ""data/atlases/brainnetome/bna246/volume_raw/BNA_PM_4D.nii.gz"", ""decision_artifact"": ""g4_g3_final_scientific_decisions.csv"", ""decision_reason_code"": ""OWNER_CONFIRMED_PARTIAL"", ""evidence_2g_probability_overlap"": ""g4_g3_probability_overlap_summary.json"", ""evidence_2h_interpretation"": ""g4_g3_overlap_interpretation_profiles.csv"", ""evidence_2ia_policy"": ""g4_g3_scientific_decision_policy_v1.csv"", ""evidence_2ib_owner_revision"": ""g4_g3_owner_policy_revision_v1.csv"", ""evidence_2ic_final_decision"": ""g4_g3_final_scientific_decision_summary.json"", ""expert_approved"": false, ""final_scientific_policy"": ""G4_G3_FINAL_SCIENTIFIC_POLICY_V1"", ""human_reviewed"": false, ""julich_probability_asset"": ""data/atlases/julich/v3.1/spatial_raw/probability_maps/"", ""julich_spatial_component_asset"": ""AREA_FG5_FUSG_LEFT.nii.gz"", ""julich_spatial_component_id"": ""JULICH_BRAIN_CYTOARCHITECTONIC_ATLAS_V3_1_AREA_FG5_FUSG"", ""mapping_method_field"": ""spatial_overlap"", ""owner_scientific_review_status"": ""OWNER_SCIENTIFIC_REVIEWED"", ""phase"": ""G4_G3_MAPPING_CANDIDATE_STAGING_V1"", ""production_review_status"": ""pending"", ""relation_artifact"": ""g4_g3_final_relation_decisions.csv"", ""scientific_method"": ""Julich probability x Brainnetome probability + TemplateFlow nonlinear transform + probability-weighted overlap + hard-label auxiliary containment + owner scientific review"", ""semantic_compatibility_status"": null, ""source_canonical_g4_id"": ""NGIQ-BR-00000600"", ""source_coverage_ratio"": 0.19039954610065152, ""target_canonical_g3_id"": ""NGIQ-BR-00000119"", ""target_coverage_ratio"": 0.03995173950501148, ""transform_provenance"": ""data/atlases/templateflow_ref (MNI152NLin2009cAsym_from-MNI152NLin6Asym)""}"
G4G3-STAGE-E7EF19161F4A1AF2F879,1636,NGIQ-BR-00000601,Area FG2 (FusG) right,G4_MICROSTRUCTURAL_FINE,right,360,NGIQ-BR-00000120,"Right Fusiform gyrus, Brainnetome 3_3",G3_MESO_FINE,right,partial_overlap,spatial_overlap,0.443498,0.092688,,,False,proposed,pending,FALSE,FALSE,PARTIAL_OVERLAP,OWNER_CONFIRMED_PARTIAL,,BOUNDARY_SECOND_TARGET,"{""brainnetome_probability_asset"": ""data/atlases/brainnetome/bna246/volume_raw/BNA_PM_4D.nii.gz"", ""decision_artifact"": ""g4_g3_final_scientific_decisions.csv"", ""decision_reason_code"": ""OWNER_CONFIRMED_PARTIAL"", ""evidence_2g_probability_overlap"": ""g4_g3_probability_overlap_summary.json"", ""evidence_2h_interpretation"": ""g4_g3_overlap_interpretation_profiles.csv"", ""evidence_2ia_policy"": ""g4_g3_scientific_decision_policy_v1.csv"", ""evidence_2ib_owner_revision"": ""g4_g3_owner_policy_revision_v1.csv"", ""evidence_2ic_final_decision"": ""g4_g3_final_scientific_decision_summary.json"", ""expert_approved"": false, ""final_scientific_policy"": ""G4_G3_FINAL_SCIENTIFIC_POLICY_V1"", ""human_reviewed"": false, ""julich_probability_asset"": ""data/atlases/julich/v3.1/spatial_raw/probability_maps/"", ""julich_spatial_component_asset"": ""AREA_FG2_FUSG_RIGHT.nii.gz"", ""julich_spatial_component_id"": ""JULICH_BRAIN_CYTOARCHITECTONIC_ATLAS_V3_1_AREA_FG2_FUSG"", ""mapping_method_field"": ""spatial_overlap"", ""owner_scientific_review_status"": ""OWNER_SCIENTIFIC_REVIEWED"", ""phase"": ""G4_G3_MAPPING_CANDIDATE_STAGING_V1"", ""production_review_status"": ""pending"", ""relation_artifact"": ""g4_g3_final_relation_decisions.csv"", ""scientific_method"": ""Julich probability x Brainnetome probability + TemplateFlow nonlinear transform + probability-weighted overlap + hard-label auxiliary containment + owner scientific review"", ""semantic_compatibility_status"": null, ""source_canonical_g4_id"": ""NGIQ-BR-00000601"", ""source_coverage_ratio"": 0.4434975212439638, ""target_canonical_g3_id"": ""NGIQ-BR-00000120"", ""target_coverage_ratio"": 0.0926877535359705, ""transform_provenance"": ""data/atlases/templateflow_ref (MNI152NLin2009cAsym_from-MNI152NLin6Asym)""}"
G4G3-STAGE-C22E647818BB08CF0C74,1636,NGIQ-BR-00000601,Area FG2 (FusG) right,G4_MICROSTRUCTURAL_FINE,right,618,NGIQ-BR-00000206,"Right Lateral occipital cortex, Brainnetome 4_2",G3_MESO_FINE,right,partial_overlap,spatial_overlap,0.195953,0.043996,,,False,proposed,pending,FALSE,FALSE,PARTIAL_OVERLAP,OWNER_CONFIRMED_PARTIAL,,BOUNDARY_SECOND_TARGET,"{""brainnetome_probability_asset"": ""data/atlases/brainnetome/bna246/volume_raw/BNA_PM_4D.nii.gz"", ""decision_artifact"": ""g4_g3_final_scientific_decisions.csv"", ""decision_reason_code"": ""OWNER_CONFIRMED_PARTIAL"", ""evidence_2g_probability_overlap"": ""g4_g3_probability_overlap_summary.json"", ""evidence_2h_interpretation"": ""g4_g3_overlap_interpretation_profiles.csv"", ""evidence_2ia_policy"": ""g4_g3_scientific_decision_policy_v1.csv"", ""evidence_2ib_owner_revision"": ""g4_g3_owner_policy_revision_v1.csv"", ""evidence_2ic_final_decision"": ""g4_g3_final_scientific_decision_summary.json"", ""expert_approved"": false, ""final_scientific_policy"": ""G4_G3_FINAL_SCIENTIFIC_POLICY_V1"", ""human_reviewed"": false, ""julich_probability_asset"": ""data/atlases/julich/v3.1/spatial_raw/probability_maps/"", ""julich_spatial_component_asset"": ""AREA_FG2_FUSG_RIGHT.nii.gz"", ""julich_spatial_component_id"": ""JULICH_BRAIN_CYTOARCHITECTONIC_ATLAS_V3_1_AREA_FG2_FUSG"", ""mapping_method_field"": ""spatial_overlap"", ""owner_scientific_review_status"": ""OWNER_SCIENTIFIC_REVIEWED"", ""phase"": ""G4_G3_MAPPING_CANDIDATE_STAGING_V1"", ""production_review_status"": ""pending"", ""relation_artifact"": ""g4_g3_final_relation_decisions.csv"", ""scientific_method"": ""Julich probability x Brainnetome probability + TemplateFlow nonlinear transform + probability-weighted overlap + hard-label auxiliary containment + owner scientific review"", ""semantic_compatibility_status"": null, ""source_canonical_g4_id"": ""NGIQ-BR-00000601"", ""source_coverage_ratio"": 0.1959533574454754, ""target_canonical_g3_id"": ""NGIQ-BR-00000206"", ""target_coverage_ratio"": 0.04399603265205229, ""transform_provenance"": ""data/atlases/templateflow_ref (MNI152NLin2009cAsym_from-MNI152NLin6Asym)""}"
G4G3-STAGE-F41A9FAD50E071480526,1636,NGIQ-BR-00000601,Area FG2 (FusG) right,G4_MICROSTRUCTURAL_FINE,right,354,NGIQ-BR-00000118,"Right Fusiform gyrus, Brainnetome 3_2",G3_MESO_FINE,right,partial_overlap,spatial_overlap,0.172427,0.059594,,,False,proposed,pending,FALSE,FALSE,PARTIAL_OVERLAP,OWNER_CONFIRMED_PARTIAL,,BOUNDARY_SECOND_TARGET,"{""brainnetome_probability_asset"": ""data/atlases/brainnetome/bna246/volume_raw/BNA_PM_4D.nii.gz"", ""decision_artifact"": ""g4_g3_final_scientific_decisions.csv"", ""decision_reason_code"": ""OWNER_CONFIRMED_PARTIAL"", ""evidence_2g_probability_overlap"": ""g4_g3_probability_overlap_summary.json"", ""evidence_2h_interpretation"": ""g4_g3_overlap_interpretation_profiles.csv"", ""evidence_2ia_policy"": ""g4_g3_scientific_decision_policy_v1.csv"", ""evidence_2ib_owner_revision"": ""g4_g3_owner_policy_revision_v1.csv"", ""evidence_2ic_final_decision"": ""g4_g3_final_scientific_decision_summary.json"", ""expert_approved"": false, ""final_scientific_policy"": ""G4_G3_FINAL_SCIENTIFIC_POLICY_V1"", ""human_reviewed"": false, ""julich_probability_asset"": ""data/atlases/julich/v3.1/spatial_raw/probability_maps/"", ""julich_spatial_component_asset"": ""AREA_FG2_FUSG_RIGHT.nii.gz"", ""julich_spatial_component_id"": ""JULICH_BRAIN_CYTOARCHITECTONIC_ATLAS_V3_1_AREA_FG2_FUSG"", ""mapping_method_field"": ""spatial_overlap"", ""owner_scientific_review_status"": ""OWNER_SCIENTIFIC_REVIEWED"", ""phase"": ""G4_G3_MAPPING_CANDIDATE_STAGING_V1"", ""production_review_status"": ""pending"", ""relation_artifact"": ""g4_g3_final_relation_decisions.csv"", ""scientific_method"": ""Julich probability x Brainnetome probability + TemplateFlow nonlinear transform + probability-weighted overlap + hard-label auxiliary containment + owner scientific review"", ""semantic_compatibility_status"": null, ""source_canonical_g4_id"": ""NGIQ-BR-00000601"", ""source_coverage_ratio"": 0.17242652869913688, ""target_canonical_g3_id"": ""NGIQ-BR-00000118"", ""target_coverage_ratio"": 0.059593510355272473, ""transform_provenance"": ""data/atlases/templateflow_ref (MNI152NLin2009cAsym_from-MNI152NLin6Asym)""}"
G4G3-STAGE-F35AE5EAA6495E9E029F,1639,NGIQ-BR-00000602,Area FG2 (FusG) left,G4_MICROSTRUCTURAL_FINE,left,357,NGIQ-BR-00000119,"Left Fusiform gyrus, Brainnetome 3_3",G3_MESO_FINE,left,partial_overlap,spatial_overlap,0.465578,0.133721,,,False,proposed,pending,FALSE,FALSE,PARTIAL_OVERLAP,OWNER_CONFIRMED_PARTIAL,,,"{""brainnetome_probability_asset"": ""data/atlases/brainnetome/bna246/volume_raw/BNA_PM_4D.nii.gz"", ""decision_artifact"": ""g4_g3_final_scientific_decisions.csv"", ""decision_reason_code"": ""OWNER_CONFIRMED_PARTIAL"", ""evidence_2g_probability_overlap"": ""g4_g3_probability_overlap_summary.json"", ""evidence_2h_interpretation"": ""g4_g3_overlap_interpretation_profiles.csv"", ""evidence_2ia_policy"": ""g4_g3_scientific_decision_policy_v1.csv"", ""evidence_2ib_owner_revision"": ""g4_g3_owner_policy_revision_v1.csv"", ""evidence_2ic_final_decision"": ""g4_g3_final_scientific_decision_summary.json"", ""expert_approved"": false, ""final_scientific_policy"": ""G4_G3_FINAL_SCIENTIFIC_POLICY_V1"", ""human_reviewed"": false, ""julich_probability_asset"": ""data/atlases/julich/v3.1/spatial_raw/probability_maps/"", ""julich_spatial_component_asset"": ""AREA_FG2_FUSG_LEFT.nii.gz"", ""julich_spatial_component_id"": ""JULICH_BRAIN_CYTOARCHITECTONIC_ATLAS_V3_1_AREA_FG2_FUSG"", ""mapping_method_field"": ""spatial_overlap"", ""owner_scientific_review_status"": ""OWNER_SCIENTIFIC_REVIEWED"", ""phase"": ""G4_G3_MAPPING_CANDIDATE_STAGING_V1"", ""production_review_status"": ""pending"", ""relation_artifact"": ""g4_g3_final_relation_decisions.csv"", ""scientific_method"": ""Julich probability x Brainnetome probability + TemplateFlow nonlinear transform + probability-weighted overlap + hard-label auxiliary containment + owner scientific review"", ""semantic_compatibility_status"": null, ""source_canonical_g4_id"": ""NGIQ-BR-00000602"", ""source_coverage_ratio"": 0.465578246589482, ""target_canonical_g3_id"": ""NGIQ-BR-00000119"", ""target_coverage_ratio"": 0.1337209556747356, ""transform_provenance"": ""data/atlases/templateflow_ref (MNI152NLin2009cAsym_from-MNI152NLin6Asym)""}"
G4G3-STAGE-5F6913284B1A767DFC9C,1639,NGIQ-BR-00000602,Area FG2 (FusG) left,G4_MICROSTRUCTURAL_FINE,left,351,NGIQ-BR-00000117,"Left Fusiform gyrus, Brainnetome 3_2",G3_MESO_FINE,left,partial_overlap,spatial_overlap,0.355026,0.109008,,,False,proposed,pending,FALSE,FALSE,PARTIAL_OVERLAP,OWNER_CONFIRMED_PARTIAL,,,"{""brainnetome_probability_asset"": ""data/atlases/brainnetome/bna246/volume_raw/BNA_PM_4D.nii.gz"", ""decision_artifact"": ""g4_g3_final_scientific_decisions.csv"", ""decision_reason_code"": ""OWNER_CONFIRMED_PARTIAL"", ""evidence_2g_probability_overlap"": ""g4_g3_probability_overlap_summary.json"", ""evidence_2h_interpretation"": ""g4_g3_overlap_interpretation_profiles.csv"", ""evidence_2ia_policy"": ""g4_g3_scientific_decision_policy_v1.csv"", ""evidence_2ib_owner_revision"": ""g4_g3_owner_policy_revision_v1.csv"", ""evidence_2ic_final_decision"": ""g4_g3_final_scientific_decision_summary.json"", ""expert_approved"": false, ""final_scientific_policy"": ""G4_G3_FINAL_SCIENTIFIC_POLICY_V1"", ""human_reviewed"": false, ""julich_probability_asset"": ""data/atlases/julich/v3.1/spatial_raw/probability_maps/"", ""julich_spatial_component_asset"": ""AREA_FG2_FUSG_LEFT.nii.gz"", ""julich_spatial_component_id"": ""JULICH_BRAIN_CYTOARCHITECTONIC_ATLAS_V3_1_AREA_FG2_FUSG"", ""mapping_method_field"": ""spatial_overlap"", ""owner_scientific_review_status"": ""OWNER_SCIENTIFIC_REVIEWED"", ""phase"": ""G4_G3_MAPPING_CANDIDATE_STAGING_V1"", ""production_review_status"": ""pending"", ""relation_artifact"": ""g4_g3_final_relation_decisions.csv"", ""scientific_method"": ""Julich probability x Brainnetome probability + TemplateFlow nonlinear transform + probability-weighted overlap + hard-label auxiliary containment + owner scientific review"", ""semantic_compatibility_status"": null, ""source_canonical_g4_id"": ""NGIQ-BR-00000602"", ""source_coverage_ratio"": 0.35502567227384585, ""target_canonical_g3_id"": ""NGIQ-BR-00000117"", ""target_coverage_ratio"": 0.10900750280638583, ""transform_provenance"": ""data/atlases/templateflow_ref (MNI152NLin2009cAsym_from-MNI152NLin6Asym)""}"
G4G3-STAGE-6D6B14A0FE88CEC421AA,1642,NGIQ-BR-00000603,Area FG3 (FusG) right,G4_MICROSTRUCTURAL_FINE,right,354,NGIQ-BR-00000118,"Right Fusiform gyrus, Brainnetome 3_2",G3_MESO_FINE,right,partial_overlap,spatial_overlap,0.439839,0.095835,,,False,proposed,pending,FALSE,FALSE,PARTIAL_OVERLAP,OWNER_CONFIRMED_PARTIAL,,BOUNDARY_SECOND_TARGET,"{""brainnetome_probability_asset"": ""data/atlases/brainnetome/bna246/volume_raw/BNA_PM_4D.nii.gz"", ""decision_artifact"": ""g4_g3_final_scientific_decisions.csv"", ""decision_reason_code"": ""OWNER_CONFIRMED_PARTIAL"", ""evidence_2g_probability_overlap"": ""g4_g3_probability_overlap_summary.json"", ""evidence_2h_interpretation"": ""g4_g3_overlap_interpretation_profiles.csv"", ""evidence_2ia_policy"": ""g4_g3_scientific_decision_policy_v1.csv"", ""evidence_2ib_owner_revision"": ""g4_g3_owner_policy_revision_v1.csv"", ""evidence_2ic_final_decision"": ""g4_g3_final_scientific_decision_summary.json"", ""expert_approved"": false, ""final_scientific_policy"": ""G4_G3_FINAL_SCIENTIFIC_POLICY_V1"", ""human_reviewed"": false, ""julich_probability_asset"": ""data/atlases/julich/v3.1/spatial_raw/probability_maps/"", ""julich_spatial_component_asset"": ""AREA_FG3_FUSG_RIGHT.nii.gz"", ""julich_spatial_component_id"": ""JULICH_BRAIN_CYTOARCHITECTONIC_ATLAS_V3_1_AREA_FG3_FUSG"", ""mapping_method_field"": ""spatial_overlap"", ""owner_scientific_review_status"": ""OWNER_SCIENTIFIC_REVIEWED"", ""phase"": ""G4_G3_MAPPING_CANDIDATE_STAGING_V1"", ""production_review_status"": ""pending"", ""relation_artifact"": ""g4_g3_final_relation_decisions.csv"", ""scientific_method"": ""Julich probability x Brainnetome probability + TemplateFlow nonlinear transform + probability-weighted overlap + hard-label auxiliary containment + owner scientific review"", ""semantic_compatibility_status"": null, ""source_canonical_g4_id"": ""NGIQ-BR-00000603"", ""source_coverage_ratio"": 0.4398394997395225, ""target_canonical_g3_id"": ""NGIQ-BR-00000118"", ""target_coverage_ratio"": 0.09583507038579055, ""transform_provenance"": ""data/atlases/templateflow_ref (MNI152NLin2009cAsym_from-MNI152NLin6Asym)""}"
G4G3-STAGE-9A6F6FF9A0FB6A402636,1642,NGIQ-BR-00000603,Area FG3 (FusG) right,G4_MICROSTRUCTURAL_FINE,right,348,NGIQ-BR-00000116,"Right Fusiform gyrus, Brainnetome 3_1",G3_MESO_FINE,right,partial_overlap,spatial_overlap,0.163151,0.0546,,,False,proposed,pending,FALSE,FALSE,PARTIAL_OVERLAP,OWNER_CONFIRMED_PARTIAL,,BOUNDARY_SECOND_TARGET,"{""brainnetome_probability_asset"": ""data/atlases/brainnetome/bna246/volume_raw/BNA_PM_4D.nii.gz"", ""decision_artifact"": ""g4_g3_final_scientific_decisions.csv"", ""decision_reason_code"": ""OWNER_CONFIRMED_PARTIAL"", ""evidence_2g_probability_overlap"": ""g4_g3_probability_overlap_summary.json"", ""evidence_2h_interpretation"": ""g4_g3_overlap_interpretation_profiles.csv"", ""evidence_2ia_policy"": ""g4_g3_scientific_decision_policy_v1.csv"", ""evidence_2ib_owner_revision"": ""g4_g3_owner_policy_revision_v1.csv"", ""evidence_2ic_final_decision"": ""g4_g3_final_scientific_decision_summary.json"", ""expert_approved"": false, ""final_scientific_policy"": ""G4_G3_FINAL_SCIENTIFIC_POLICY_V1"", ""human_reviewed"": false, ""julich_probability_asset"": ""data/atlases/julich/v3.1/spatial_raw/probability_maps/"", ""julich_spatial_component_asset"": ""AREA_FG3_FUSG_RIGHT.nii.gz"", ""julich_spatial_component_id"": ""JULICH_BRAIN_CYTOARCHITECTONIC_ATLAS_V3_1_AREA_FG3_FUSG"", ""mapping_method_field"": ""spatial_overlap"", ""owner_scientific_review_status"": ""OWNER_SCIENTIFIC_REVIEWED"", ""phase"": ""G4_G3_MAPPING_CANDIDATE_STAGING_V1"", ""production_review_status"": ""pending"", ""relation_artifact"": ""g4_g3_final_relation_decisions.csv"", ""scientific_method"": ""Julich probability x Brainnetome probability + TemplateFlow nonlinear transform + probability-weighted overlap + hard-label auxiliary containment + owner scientific review"", ""semantic_compatibility_status"": null, ""source_canonical_g4_id"": ""NGIQ-BR-00000603"", ""source_coverage_ratio"": 0.16315070298398357, ""target_canonical_g3_id"": ""NGIQ-BR-00000116"", ""target_coverage_ratio"": 0.054600345487339115, ""transform_provenance"": ""data/atlases/templateflow_ref (MNI152NLin2009cAsym_from-MNI152NLin6Asym)""}"
G4G3-STAGE-51EC2161297C5D312A72,1645,NGIQ-BR-00000604,Area FG3 (FusG) left,G4_MICROSTRUCTURAL_FINE,left,351,NGIQ-BR-00000117,"Left Fusiform gyrus, Brainnetome 3_2",G3_MESO_FINE,left,partial_overlap,spatial_overlap,0.382187,0.119159,,,False,proposed,pending,FALSE,FALSE,PARTIAL_OVERLAP,FINAL_MULTI_TARGET_PARTIAL_GATE_PASS,,BOUNDARY_SECOND_TARGET,"{""brainnetome_probability_asset"": ""data/atlases/brainnetome/bna246/volume_raw/BNA_PM_4D.nii.gz"", ""decision_artifact"": ""g4_g3_final_scientific_decisions.csv"", ""decision_reason_code"": ""FINAL_MULTI_TARGET_PARTIAL_GATE_PASS"", ""evidence_2g_probability_overlap"": ""g4_g3_probability_overlap_summary.json"", ""evidence_2h_interpretation"": ""g4_g3_overlap_interpretation_profiles.csv"", ""evidence_2ia_policy"": ""g4_g3_scientific_decision_policy_v1.csv"", ""evidence_2ib_owner_revision"": ""g4_g3_owner_policy_revision_v1.csv"", ""evidence_2ic_final_decision"": ""g4_g3_final_scientific_decision_summary.json"", ""expert_approved"": false, ""final_scientific_policy"": ""G4_G3_FINAL_SCIENTIFIC_POLICY_V1"", ""human_reviewed"": false, ""julich_probability_asset"": ""data/atlases/julich/v3.1/spatial_raw/probability_maps/"", ""julich_spatial_component_asset"": ""AREA_FG3_FUSG_LEFT.nii.gz"", ""julich_spatial_component_id"": ""JULICH_BRAIN_CYTOARCHITECTONIC_ATLAS_V3_1_AREA_FG3_FUSG"", ""mapping_method_field"": ""spatial_overlap"", ""owner_scientific_review_status"": ""OWNER_SCIENTIFIC_REVIEWED"", ""phase"": ""G4_G3_MAPPING_CANDIDATE_STAGING_V1"", ""production_review_status"": ""pending"", ""relation_artifact"": ""g4_g3_final_relation_decisions.csv"", ""scientific_method"": ""Julich probability x Brainnetome probability + TemplateFlow nonlinear transform + probability-weighted overlap + hard-label auxiliary containment + owner scientific review"", ""semantic_compatibility_status"": null, ""source_canonical_g4_id"": ""NGIQ-BR-00000604"", ""source_coverage_ratio"": 0.3821874813919867, ""target_canonical_g3_id"": ""NGIQ-BR-00000117"", ""target_coverage_ratio"": 0.11915928714337912, ""transform_provenance"": ""data/atlases/templateflow_ref (MNI152NLin2009cAsym_from-MNI152NLin6Asym)""}"
G4G3-STAGE-2028D78FF072B5283CB1,1645,NGIQ-BR-00000604,Area FG3 (FusG) left,G4_MICROSTRUCTURAL_FINE,left,345,NGIQ-BR-00000115,"Left Fusiform gyrus, Brainnetome 3_1",G3_MESO_FINE,left,partial_overlap,spatial_overlap,0.191835,0.092942,,,False,proposed,pending,FALSE,FALSE,PARTIAL_OVERLAP,FINAL_MULTI_TARGET_PARTIAL_GATE_PASS,,BOUNDARY_SECOND_TARGET,"{""brainnetome_probability_asset"": ""data/atlases/brainnetome/bna246/volume_raw/BNA_PM_4D.nii.gz"", ""decision_artifact"": ""g4_g3_final_scientific_decisions.csv"", ""decision_reason_code"": ""FINAL_MULTI_TARGET_PARTIAL_GATE_PASS"", ""evidence_2g_probability_overlap"": ""g4_g3_probability_overlap_summary.json"", ""evidence_2h_interpretation"": ""g4_g3_overlap_interpretation_profiles.csv"", ""evidence_2ia_policy"": ""g4_g3_scientific_decision_policy_v1.csv"", ""evidence_2ib_owner_revision"": ""g4_g3_owner_policy_revision_v1.csv"", ""evidence_2ic_final_decision"": ""g4_g3_final_scientific_decision_summary.json"", ""expert_approved"": false, ""final_scientific_policy"": ""G4_G3_FINAL_SCIENTIFIC_POLICY_V1"", ""human_reviewed"": false, ""julich_probability_asset"": ""data/atlases/julich/v3.1/spatial_raw/probability_maps/"", ""julich_spatial_component_asset"": ""AREA_FG3_FUSG_LEFT.nii.gz"", ""julich_spatial_component_id"": ""JULICH_BRAIN_CYTOARCHITECTONIC_ATLAS_V3_1_AREA_FG3_FUSG"", ""mapping_method_field"": ""spatial_overlap"", ""owner_scientific_review_status"": ""OWNER_SCIENTIFIC_REVIEWED"", ""phase"": ""G4_G3_MAPPING_CANDIDATE_STAGING_V1"", ""production_review_status"": ""pending"", ""relation_artifact"": ""g4_g3_final_relation_decisions.csv"", ""scientific_method"": ""Julich probability x Brainnetome probability + TemplateFlow nonlinear transform + probability-weighted overlap + hard-label auxiliary containment + owner scientific review"", ""semantic_compatibility_status"": null, ""source_canonical_g4_id"": ""NGIQ-BR-00000604"", ""source_coverage_ratio"": 0.19183543258807423, ""target_canonical_g3_id"": ""NGIQ-BR-00000115"", ""target_coverage_ratio"": 0.0929423949574863, ""transform_provenance"": ""data/atlases/templateflow_ref (MNI152NLin2009cAsym_from-MNI152NLin6Asym)""}"
G4G3-STAGE-C0B393670AA8CD68AD31,1645,NGIQ-BR-00000604,Area FG3 (FusG) left,G4_MICROSTRUCTURAL_FINE,left,357,NGIQ-BR-00000119,"Left Fusiform gyrus, Brainnetome 3_3",G3_MESO_FINE,left,partial_overlap,spatial_overlap,0.173755,0.059197,,,False,proposed,pending,FALSE,FALSE,PARTIAL_OVERLAP,FINAL_MULTI_TARGET_PARTIAL_GATE_PASS,,BOUNDARY_SECOND_TARGET,"{""brainnetome_probability_asset"": ""data/atlases/brainnetome/bna246/volume_raw/BNA_PM_4D.nii.gz"", ""decision_artifact"": ""g4_g3_final_scientific_decisions.csv"", ""decision_reason_code"": ""FINAL_MULTI_TARGET_PARTIAL_GATE_PASS"", ""evidence_2g_probability_overlap"": ""g4_g3_probability_overlap_summary.json"", ""evidence_2h_interpretation"": ""g4_g3_overlap_interpretation_profiles.csv"", ""evidence_2ia_policy"": ""g4_g3_scientific_decision_policy_v1.csv"", ""evidence_2ib_owner_revision"": ""g4_g3_owner_policy_revision_v1.csv"", ""evidence_2ic_final_decision"": ""g4_g3_final_scientific_decision_summary.json"", ""expert_approved"": false, ""final_scientific_policy"": ""G4_G3_FINAL_SCIENTIFIC_POLICY_V1"", ""human_reviewed"": false, ""julich_probability_asset"": ""data/atlases/julich/v3.1/spatial_raw/probability_maps/"", ""julich_spatial_component_asset"": ""AREA_FG3_FUSG_LEFT.nii.gz"", ""julich_spatial_component_id"": ""JULICH_BRAIN_CYTOARCHITECTONIC_ATLAS_V3_1_AREA_FG3_FUSG"", ""mapping_method_field"": ""spatial_overlap"", ""owner_scientific_review_status"": ""OWNER_SCIENTIFIC_REVIEWED"", ""phase"": ""G4_G3_MAPPING_CANDIDATE_STAGING_V1"", ""production_review_status"": ""pending"", ""relation_artifact"": ""g4_g3_final_relation_decisions.csv"", ""scientific_method"": ""Julich probability x Brainnetome probability + TemplateFlow nonlinear transform + probability-weighted overlap + hard-label auxiliary containment + owner scientific review"", ""semantic_compatibility_status"": null, ""source_canonical_g4_id"": ""NGIQ-BR-00000604"", ""source_coverage_ratio"": 0.1737546118614717, ""target_canonical_g3_id"": ""NGIQ-BR-00000119"", ""target_coverage_ratio"": 0.059197469065239594, ""transform_provenance"": ""data/atlases/templateflow_ref (MNI152NLin2009cAsym_from-MNI152NLin6Asym)""}"
G4G3-STAGE-7F94C64601F3027F9AFF,1648,NGIQ-BR-00000605,Area FG1 (FusG) right,G4_MICROSTRUCTURAL_FINE,right,354,NGIQ-BR-00000118,"Right Fusiform gyrus, Brainnetome 3_2",G3_MESO_FINE,right,dominant_overlap,spatial_overlap,0.603804,0.114216,,,False,proposed,pending,FALSE,FALSE,APPROVE_DOMINANT_OVERLAP,DOMINANT_CRITERIA_V1,,,"{""brainnetome_probability_asset"": ""data/atlases/brainnetome/bna246/volume_raw/BNA_PM_4D.nii.gz"", ""decision_artifact"": ""g4_g3_final_scientific_decisions.csv"", ""decision_reason_code"": ""DOMINANT_CRITERIA_V1"", ""evidence_2g_probability_overlap"": ""g4_g3_probability_overlap_summary.json"", ""evidence_2h_interpretation"": ""g4_g3_overlap_interpretation_profiles.csv"", ""evidence_2ia_policy"": ""g4_g3_scientific_decision_policy_v1.csv"", ""evidence_2ib_owner_revision"": ""g4_g3_owner_policy_revision_v1.csv"", ""evidence_2ic_final_decision"": ""g4_g3_final_scientific_decision_summary.json"", ""expert_approved"": false, ""final_scientific_policy"": ""G4_G3_FINAL_SCIENTIFIC_POLICY_V1"", ""human_reviewed"": false, ""julich_probability_asset"": ""data/atlases/julich/v3.1/spatial_raw/probability_maps/"", ""julich_spatial_component_asset"": ""AREA_FG1_FUSG_RIGHT.nii.gz"", ""julich_spatial_component_id"": ""JULICH_BRAIN_CYTOARCHITECTONIC_ATLAS_V3_1_AREA_FG1_FUSG"", ""mapping_method_field"": ""spatial_overlap"", ""owner_scientific_review_status"": ""OWNER_SCIENTIFIC_REVIEWED"", ""phase"": ""G4_G3_MAPPING_CANDIDATE_STAGING_V1"", ""production_review_status"": ""pending"", ""relation_artifact"": ""g4_g3_final_relation_decisions.csv"", ""scientific_method"": ""Julich probability x Brainnetome probability + TemplateFlow nonlinear transform + probability-weighted overlap + hard-label auxiliary containment + owner scientific review"", ""semantic_compatibility_status"": null, ""source_canonical_g4_id"": ""NGIQ-BR-00000605"", ""source_coverage_ratio"": 0.6038039480746713, ""target_canonical_g3_id"": ""NGIQ-BR-00000118"", ""target_coverage_ratio"": 0.11421648329763168, ""transform_provenance"": ""data/atlases/templateflow_ref (MNI152NLin2009cAsym_from-MNI152NLin6Asym)""}"
G4G3-STAGE-A1BD2216C3EC0AAAA643,1651,NGIQ-BR-00000606,Area FG1 (FusG) left,G4_MICROSTRUCTURAL_FINE,left,351,NGIQ-BR-00000117,"Left Fusiform gyrus, Brainnetome 3_2",G3_MESO_FINE,left,dominant_overlap,spatial_overlap,0.784051,0.111906,,,False,proposed,pending,FALSE,FALSE,APPROVE_DOMINANT_OVERLAP,DOMINANT_CRITERIA_V1,,,"{""brainnetome_probability_asset"": ""data/atlases/brainnetome/bna246/volume_raw/BNA_PM_4D.nii.gz"", ""decision_artifact"": ""g4_g3_final_scientific_decisions.csv"", ""decision_reason_code"": ""DOMINANT_CRITERIA_V1"", ""evidence_2g_probability_overlap"": ""g4_g3_probability_overlap_summary.json"", ""evidence_2h_interpretation"": ""g4_g3_overlap_interpretation_profiles.csv"", ""evidence_2ia_policy"": ""g4_g3_scientific_decision_policy_v1.csv"", ""evidence_2ib_owner_revision"": ""g4_g3_owner_policy_revision_v1.csv"", ""evidence_2ic_final_decision"": ""g4_g3_final_scientific_decision_summary.json"", ""expert_approved"": false, ""final_scientific_policy"": ""G4_G3_FINAL_SCIENTIFIC_POLICY_V1"", ""human_reviewed"": false, ""julich_probability_asset"": ""data/atlases/julich/v3.1/spatial_raw/probability_maps/"", ""julich_spatial_component_asset"": ""AREA_FG1_FUSG_LEFT.nii.gz"", ""julich_spatial_component_id"": ""JULICH_BRAIN_CYTOARCHITECTONIC_ATLAS_V3_1_AREA_FG1_FUSG"", ""mapping_method_field"": ""spatial_overlap"", ""owner_scientific_review_status"": ""OWNER_SCIENTIFIC_REVIEWED"", ""phase"": ""G4_G3_MAPPING_CANDIDATE_STAGING_V1"", ""production_review_status"": ""pending"", ""relation_artifact"": ""g4_g3_final_relation_decisions.csv"", ""scientific_method"": ""Julich probability x Brainnetome probability + TemplateFlow nonlinear transform + probability-weighted overlap + hard-label auxiliary containment + owner scientific review"", ""semantic_compatibility_status"": null, ""source_canonical_g4_id"": ""NGIQ-BR-00000606"", ""source_coverage_ratio"": 0.7840505850569243, ""target_canonical_g3_id"": ""NGIQ-BR-00000117"", ""target_coverage_ratio"": 0.11190615696846617, ""transform_provenance"": ""data/atlases/templateflow_ref (MNI152NLin2009cAsym_from-MNI152NLin6Asym)""}"
G4G3-STAGE-09DF9ED1F000F4911B19,1654,NGIQ-BR-00000607,Area FG4 (FusG) right,G4_MICROSTRUCTURAL_FINE,right,360,NGIQ-BR-00000120,"Right Fusiform gyrus, Brainnetome 3_3",G3_MESO_FINE,right,dominant_overlap,spatial_overlap,0.662722,0.169218,,,False,proposed,pending,FALSE,FALSE,APPROVE_DOMINANT_OVERLAP,DOMINANT_CRITERIA_V1,,,"{""brainnetome_probability_asset"": ""data/atlases/brainnetome/bna246/volume_raw/BNA_PM_4D.nii.gz"", ""decision_artifact"": ""g4_g3_final_scientific_decisions.csv"", ""decision_reason_code"": ""DOMINANT_CRITERIA_V1"", ""evidence_2g_probability_overlap"": ""g4_g3_probability_overlap_summary.json"", ""evidence_2h_interpretation"": ""g4_g3_overlap_interpretation_profiles.csv"", ""evidence_2ia_policy"": ""g4_g3_scientific_decision_policy_v1.csv"", ""evidence_2ib_owner_revision"": ""g4_g3_owner_policy_revision_v1.csv"", ""evidence_2ic_final_decision"": ""g4_g3_final_scientific_decision_summary.json"", ""expert_approved"": false, ""final_scientific_policy"": ""G4_G3_FINAL_SCIENTIFIC_POLICY_V1"", ""human_reviewed"": false, ""julich_probability_asset"": ""data/atlases/julich/v3.1/spatial_raw/probability_maps/"", ""julich_spatial_component_asset"": ""AREA_FG4_FUSG_RIGHT.nii.gz"", ""julich_spatial_component_id"": ""JULICH_BRAIN_CYTOARCHITECTONIC_ATLAS_V3_1_AREA_FG4_FUSG"", ""mapping_method_field"": ""spatial_overlap"", ""owner_scientific_review_status"": ""OWNER_SCIENTIFIC_REVIEWED"", ""phase"": ""G4_G3_MAPPING_CANDIDATE_STAGING_V1"", ""production_review_status"": ""pending"", ""relation_artifact"": ""g4_g3_final_relation_decisions.csv"", ""scientific_method"": ""Julich probability x Brainnetome probability + TemplateFlow nonlinear transform + probability-weighted overlap + hard-label auxiliary containment + owner scientific review"", ""semantic_compatibility_status"": null, ""source_canonical_g4_id"": ""NGIQ-BR-00000607"", ""source_coverage_ratio"": 0.6627220473568256, ""target_canonical_g3_id"": ""NGIQ-BR-00000120"", ""target_coverage_ratio"": 0.16921806756793423, ""transform_provenance"": ""data/atlases/templateflow_ref (MNI152NLin2009cAsym_from-MNI152NLin6Asym)""}"
G4G3-STAGE-A4812D2B84AB3D5BAB89,1657,NGIQ-BR-00000608,Area FG4 (FusG) left,G4_MICROSTRUCTURAL_FINE,left,357,NGIQ-BR-00000119,"Left Fusiform gyrus, Brainnetome 3_3",G3_MESO_FINE,left,dominant_overlap,spatial_overlap,0.655906,0.224329,,,False,proposed,pending,FALSE,FALSE,APPROVE_DOMINANT_OVERLAP,DOMINANT_CRITERIA_V1,,,"{""brainnetome_probability_asset"": ""data/atlases/brainnetome/bna246/volume_raw/BNA_PM_4D.nii.gz"", ""decision_artifact"": ""g4_g3_final_scientific_decisions.csv"", ""decision_reason_code"": ""DOMINANT_CRITERIA_V1"", ""evidence_2g_probability_overlap"": ""g4_g3_probability_overlap_summary.json"", ""evidence_2h_interpretation"": ""g4_g3_overlap_interpretation_profiles.csv"", ""evidence_2ia_policy"": ""g4_g3_scientific_decision_policy_v1.csv"", ""evidence_2ib_owner_revision"": ""g4_g3_owner_policy_revision_v1.csv"", ""evidence_2ic_final_decision"": ""g4_g3_final_scientific_decision_summary.json"", ""expert_approved"": false, ""final_scientific_policy"": ""G4_G3_FINAL_SCIENTIFIC_POLICY_V1"", ""human_reviewed"": false, ""julich_probability_asset"": ""data/atlases/julich/v3.1/spatial_raw/probability_maps/"", ""julich_spatial_component_asset"": ""AREA_FG4_FUSG_LEFT.nii.gz"", ""julich_spatial_component_id"": ""JULICH_BRAIN_CYTOARCHITECTONIC_ATLAS_V3_1_AREA_FG4_FUSG"", ""mapping_method_field"": ""spatial_overlap"", ""owner_scientific_review_status"": ""OWNER_SCIENTIFIC_REVIEWED"", ""phase"": ""G4_G3_MAPPING_CANDIDATE_STAGING_V1"", ""production_review_status"": ""pending"", ""relation_artifact"": ""g4_g3_final_relation_decisions.csv"", ""scientific_method"": ""Julich probability x Brainnetome probability + TemplateFlow nonlinear transform + probability-weighted overlap + hard-label auxiliary containment + owner scientific review"", ""semantic_compatibility_status"": null, ""source_canonical_g4_id"": ""NGIQ-BR-00000608"", ""source_coverage_ratio"": 0.6559058457692778, ""target_canonical_g3_id"": ""NGIQ-BR-00000119"", ""target_coverage_ratio"": 0.22432866997263848, ""transform_provenance"": ""data/atlases/templateflow_ref (MNI152NLin2009cAsym_from-MNI152NLin6Asym)""}"
G4G3-STAGE-6CD4DCE1DC2C264FD184,1663,NGIQ-BR-00000610,"Area TPJ (STG, SMG) left",G4_MICROSTRUCTURAL_FINE,left,255,NGIQ-BR-00000085,"Left Superior temporal gyrus, Brainnetome 6_2",G3_MESO_FINE,left,partial_overlap,spatial_overlap,0.255987,0.111053,,,False,proposed,pending,FALSE,FALSE,PARTIAL_OVERLAP,FINAL_MULTI_TARGET_PARTIAL_GATE_PASS,,,"{""brainnetome_probability_asset"": ""data/atlases/brainnetome/bna246/volume_raw/BNA_PM_4D.nii.gz"", ""decision_artifact"": ""g4_g3_final_scientific_decisions.csv"", ""decision_reason_code"": ""FINAL_MULTI_TARGET_PARTIAL_GATE_PASS"", ""evidence_2g_probability_overlap"": ""g4_g3_probability_overlap_summary.json"", ""evidence_2h_interpretation"": ""g4_g3_overlap_interpretation_profiles.csv"", ""evidence_2ia_policy"": ""g4_g3_scientific_decision_policy_v1.csv"", ""evidence_2ib_owner_revision"": ""g4_g3_owner_policy_revision_v1.csv"", ""evidence_2ic_final_decision"": ""g4_g3_final_scientific_decision_summary.json"", ""expert_approved"": false, ""final_scientific_policy"": ""G4_G3_FINAL_SCIENTIFIC_POLICY_V1"", ""human_reviewed"": false, ""julich_probability_asset"": ""data/atlases/julich/v3.1/spatial_raw/probability_maps/"", ""julich_spatial_component_asset"": ""AREA_TPJ_STG_SMG_LEFT.nii.gz"", ""julich_spatial_component_id"": ""JULICH_BRAIN_CYTOARCHITECTONIC_ATLAS_V3_1_AREA_TPJ_STG_SMG"", ""mapping_method_field"": ""spatial_overlap"", ""owner_scientific_review_status"": ""OWNER_SCIENTIFIC_REVIEWED"", ""phase"": ""G4_G3_MAPPING_CANDIDATE_STAGING_V1"", ""production_review_status"": ""pending"", ""relation_artifact"": ""g4_g3_final_relation_decisions.csv"", ""scientific_method"": ""Julich probability x Brainnetome probability + TemplateFlow nonlinear transform + probability-weighted overlap + hard-label auxiliary containment + owner scientific review"", ""semantic_compatibility_status"": null, ""source_canonical_g4_id"": ""NGIQ-BR-00000610"", ""source_coverage_ratio"": 0.2559870098342395, ""target_canonical_g3_id"": ""NGIQ-BR-00000085"", ""target_coverage_ratio"": 0.11105306782325239, ""transform_provenance"": ""data/atlases/templateflow_ref (MNI152NLin2009cAsym_from-MNI152NLin6Asym)""}"
G4G3-STAGE-DAA969F8C97B4BD9426E,1663,NGIQ-BR-00000610,"Area TPJ (STG, SMG) left",G4_MICROSTRUCTURAL_FINE,left,459,NGIQ-BR-00000153,"Left Inferior parietal lobule, Brainnetome 6_6",G3_MESO_FINE,left,partial_overlap,spatial_overlap,0.253442,0.051729,,,False,proposed,pending,FALSE,FALSE,PARTIAL_OVERLAP,FINAL_MULTI_TARGET_PARTIAL_GATE_PASS,,,"{""brainnetome_probability_asset"": ""data/atlases/brainnetome/bna246/volume_raw/BNA_PM_4D.nii.gz"", ""decision_artifact"": ""g4_g3_final_scientific_decisions.csv"", ""decision_reason_code"": ""FINAL_MULTI_TARGET_PARTIAL_GATE_PASS"", ""evidence_2g_probability_overlap"": ""g4_g3_probability_overlap_summary.json"", ""evidence_2h_interpretation"": ""g4_g3_overlap_interpretation_profiles.csv"", ""evidence_2ia_policy"": ""g4_g3_scientific_decision_policy_v1.csv"", ""evidence_2ib_owner_revision"": ""g4_g3_owner_policy_revision_v1.csv"", ""evidence_2ic_final_decision"": ""g4_g3_final_scientific_decision_summary.json"", ""expert_approved"": false, ""final_scientific_policy"": ""G4_G3_FINAL_SCIENTIFIC_POLICY_V1"", ""human_reviewed"": false, ""julich_probability_asset"": ""data/atlases/julich/v3.1/spatial_raw/probability_maps/"", ""julich_spatial_component_asset"": ""AREA_TPJ_STG_SMG_LEFT.nii.gz"", ""julich_spatial_component_id"": ""JULICH_BRAIN_CYTOARCHITECTONIC_ATLAS_V3_1_AREA_TPJ_STG_SMG"", ""mapping_method_field"": ""spatial_overlap"", ""owner_scientific_review_status"": ""OWNER_SCIENTIFIC_REVIEWED"", ""phase"": ""G4_G3_MAPPING_CANDIDATE_STAGING_V1"", ""production_review_status"": ""pending"", ""relation_artifact"": ""g4_g3_final_relation_decisions.csv"", ""scientific_method"": ""Julich probability x Brainnetome probability + TemplateFlow nonlinear transform + probability-weighted overlap + hard-label auxiliary containment + owner scientific review"", ""semantic_compatibility_status"": null, ""source_canonical_g4_id"": ""NGIQ-BR-00000610"", ""source_coverage_ratio"": 0.2534420591812346, ""target_canonical_g3_id"": ""NGIQ-BR-00000153"", ""target_coverage_ratio"": 0.05172860803301501, ""transform_provenance"": ""data/atlases/templateflow_ref (MNI152NLin2009cAsym_from-MNI152NLin6Asym)""}"
G4G3-STAGE-1C18ADCB32EF8ED9B06F,1663,NGIQ-BR-00000610,"Area TPJ (STG, SMG) left",G4_MICROSTRUCTURAL_FINE,left,267,NGIQ-BR-00000089,"Left Superior temporal gyrus, Brainnetome 6_4",G3_MESO_FINE,left,partial_overlap,spatial_overlap,0.218281,0.094476,,,False,proposed,pending,FALSE,FALSE,PARTIAL_OVERLAP,FINAL_MULTI_TARGET_PARTIAL_GATE_PASS,,,"{""brainnetome_probability_asset"": ""data/atlases/brainnetome/bna246/volume_raw/BNA_PM_4D.nii.gz"", ""decision_artifact"": ""g4_g3_final_scientific_decisions.csv"", ""decision_reason_code"": ""FINAL_MULTI_TARGET_PARTIAL_GATE_PASS"", ""evidence_2g_probability_overlap"": ""g4_g3_probability_overlap_summary.json"", ""evidence_2h_interpretation"": ""g4_g3_overlap_interpretation_profiles.csv"", ""evidence_2ia_policy"": ""g4_g3_scientific_decision_policy_v1.csv"", ""evidence_2ib_owner_revision"": ""g4_g3_owner_policy_revision_v1.csv"", ""evidence_2ic_final_decision"": ""g4_g3_final_scientific_decision_summary.json"", ""expert_approved"": false, ""final_scientific_policy"": ""G4_G3_FINAL_SCIENTIFIC_POLICY_V1"", ""human_reviewed"": false, ""julich_probability_asset"": ""data/atlases/julich/v3.1/spatial_raw/probability_maps/"", ""julich_spatial_component_asset"": ""AREA_TPJ_STG_SMG_LEFT.nii.gz"", ""julich_spatial_component_id"": ""JULICH_BRAIN_CYTOARCHITECTONIC_ATLAS_V3_1_AREA_TPJ_STG_SMG"", ""mapping_method_field"": ""spatial_overlap"", ""owner_scientific_review_status"": ""OWNER_SCIENTIFIC_REVIEWED"", ""phase"": ""G4_G3_MAPPING_CANDIDATE_STAGING_V1"", ""production_review_status"": ""pending"", ""relation_artifact"": ""g4_g3_final_relation_decisions.csv"", ""scientific_method"": ""Julich probability x Brainnetome probability + TemplateFlow nonlinear transform + probability-weighted overlap + hard-label auxiliary containment + owner scientific review"", ""semantic_compatibility_status"": null, ""source_canonical_g4_id"": ""NGIQ-BR-00000610"", ""source_coverage_ratio"": 0.21828058619001486, ""target_canonical_g3_id"": ""NGIQ-BR-00000089"", ""target_coverage_ratio"": 0.09447649675432197, ""transform_provenance"": ""data/atlases/templateflow_ref (MNI152NLin2009cAsym_from-MNI152NLin6Asym)""}"
G4G3-STAGE-FFB164FF6ACB0323009C,1678,NGIQ-BR-00000615,Area hOc6 (POS) right,G4_MICROSTRUCTURAL_FINE,right,606,NGIQ-BR-00000202,"Right Medioventral occipital cortex, Brainnetome 5_5",G3_MESO_FINE,right,dominant_overlap,spatial_overlap,0.512972,0.047956,,,False,proposed,pending,FALSE,FALSE,APPROVE_DOMINANT_OVERLAP,DOMINANT_CRITERIA_V1,,BOUNDARY_METRIC,"{""brainnetome_probability_asset"": ""data/atlases/brainnetome/bna246/volume_raw/BNA_PM_4D.nii.gz"", ""decision_artifact"": ""g4_g3_final_scientific_decisions.csv"", ""decision_reason_code"": ""DOMINANT_CRITERIA_V1"", ""evidence_2g_probability_overlap"": ""g4_g3_probability_overlap_summary.json"", ""evidence_2h_interpretation"": ""g4_g3_overlap_interpretation_profiles.csv"", ""evidence_2ia_policy"": ""g4_g3_scientific_decision_policy_v1.csv"", ""evidence_2ib_owner_revision"": ""g4_g3_owner_policy_revision_v1.csv"", ""evidence_2ic_final_decision"": ""g4_g3_final_scientific_decision_summary.json"", ""expert_approved"": false, ""final_scientific_policy"": ""G4_G3_FINAL_SCIENTIFIC_POLICY_V1"", ""human_reviewed"": false, ""julich_probability_asset"": ""data/atlases/julich/v3.1/spatial_raw/probability_maps/"", ""julich_spatial_component_asset"": ""AREA_HOC6_POS_RIGHT.nii.gz"", ""julich_spatial_component_id"": ""JULICH_BRAIN_CYTOARCHITECTONIC_ATLAS_V3_1_AREA_HOC6_POS"", ""mapping_method_field"": ""spatial_overlap"", ""owner_scientific_review_status"": ""OWNER_SCIENTIFIC_REVIEWED"", ""phase"": ""G4_G3_MAPPING_CANDIDATE_STAGING_V1"", ""production_review_status"": ""pending"", ""relation_artifact"": ""g4_g3_final_relation_decisions.csv"", ""scientific_method"": ""Julich probability x Brainnetome probability + TemplateFlow nonlinear transform + probability-weighted overlap + hard-label auxiliary containment + owner scientific review"", ""semantic_compatibility_status"": null, ""source_canonical_g4_id"": ""NGIQ-BR-00000615"", ""source_coverage_ratio"": 0.5129716330793316, ""target_canonical_g3_id"": ""NGIQ-BR-00000202"", ""target_coverage_ratio"": 0.0479560027296243, ""transform_provenance"": ""data/atlases/templateflow_ref (MNI152NLin2009cAsym_from-MNI152NLin6Asym)""}"
G4G3-STAGE-480BF2573C1046641911,1681,NGIQ-BR-00000616,Area hOc6 (POS) left,G4_MICROSTRUCTURAL_FINE,left,603,NGIQ-BR-00000201,"Left Medioventral occipital cortex, Brainnetome 5_5",G3_MESO_FINE,left,dominant_overlap,spatial_overlap,0.608216,0.058065,,,False,proposed,pending,FALSE,FALSE,APPROVE_DOMINANT_OVERLAP,DOMINANT_CRITERIA_V1,,,"{""brainnetome_probability_asset"": ""data/atlases/brainnetome/bna246/volume_raw/BNA_PM_4D.nii.gz"", ""decision_artifact"": ""g4_g3_final_scientific_decisions.csv"", ""decision_reason_code"": ""DOMINANT_CRITERIA_V1"", ""evidence_2g_probability_overlap"": ""g4_g3_probability_overlap_summary.json"", ""evidence_2h_interpretation"": ""g4_g3_overlap_interpretation_profiles.csv"", ""evidence_2ia_policy"": ""g4_g3_scientific_decision_policy_v1.csv"", ""evidence_2ib_owner_revision"": ""g4_g3_owner_policy_revision_v1.csv"", ""evidence_2ic_final_decision"": ""g4_g3_final_scientific_decision_summary.json"", ""expert_approved"": false, ""final_scientific_policy"": ""G4_G3_FINAL_SCIENTIFIC_POLICY_V1"", ""human_reviewed"": false, ""julich_probability_asset"": ""data/atlases/julich/v3.1/spatial_raw/probability_maps/"", ""julich_spatial_component_asset"": ""AREA_HOC6_POS_LEFT.nii.gz"", ""julich_spatial_component_id"": ""JULICH_BRAIN_CYTOARCHITECTONIC_ATLAS_V3_1_AREA_HOC6_POS"", ""mapping_method_field"": ""spatial_overlap"", ""owner_scientific_review_status"": ""OWNER_SCIENTIFIC_REVIEWED"", ""phase"": ""G4_G3_MAPPING_CANDIDATE_STAGING_V1"", ""production_review_status"": ""pending"", ""relation_artifact"": ""g4_g3_final_relation_decisions.csv"", ""scientific_method"": ""Julich probability x Brainnetome probability + TemplateFlow nonlinear transform + probability-weighted overlap + hard-label auxiliary containment + owner scientific review"", ""semantic_compatibility_status"": null, ""source_canonical_g4_id"": ""NGIQ-BR-00000616"", ""source_coverage_ratio"": 0.608216082722017, ""target_canonical_g3_id"": ""NGIQ-BR-00000201"", ""target_coverage_ratio"": 0.05806522622361687, ""transform_provenance"": ""data/atlases/templateflow_ref (MNI152NLin2009cAsym_from-MNI152NLin6Asym)""}"
G4G3-STAGE-795C3D17A06E80213990,1684,NGIQ-BR-00000617,Area hOc4d (Cuneus) right,G4_MICROSTRUCTURAL_FINE,right,636,NGIQ-BR-00000212,"Right Superior lateral occipital cortex, Brainnetome 2_1",G3_MESO_FINE,right,partial_overlap,spatial_overlap,0.482788,0.171856,,,False,proposed,pending,FALSE,FALSE,PARTIAL_OVERLAP,OWNER_CONFIRMED_PARTIAL,,,"{""brainnetome_probability_asset"": ""data/atlases/brainnetome/bna246/volume_raw/BNA_PM_4D.nii.gz"", ""decision_artifact"": ""g4_g3_final_scientific_decisions.csv"", ""decision_reason_code"": ""OWNER_CONFIRMED_PARTIAL"", ""evidence_2g_probability_overlap"": ""g4_g3_probability_overlap_summary.json"", ""evidence_2h_interpretation"": ""g4_g3_overlap_interpretation_profiles.csv"", ""evidence_2ia_policy"": ""g4_g3_scientific_decision_policy_v1.csv"", ""evidence_2ib_owner_revision"": ""g4_g3_owner_policy_revision_v1.csv"", ""evidence_2ic_final_decision"": ""g4_g3_final_scientific_decision_summary.json"", ""expert_approved"": false, ""final_scientific_policy"": ""G4_G3_FINAL_SCIENTIFIC_POLICY_V1"", ""human_reviewed"": false, ""julich_probability_asset"": ""data/atlases/julich/v3.1/spatial_raw/probability_maps/"", ""julich_spatial_component_asset"": ""AREA_HOC4D_CUNEUS_RIGHT.nii.gz"", ""julich_spatial_component_id"": ""JULICH_BRAIN_CYTOARCHITECTONIC_ATLAS_V3_1_AREA_HOC4D_CUNEUS"", ""mapping_method_field"": ""spatial_overlap"", ""owner_scientific_review_status"": ""OWNER_SCIENTIFIC_REVIEWED"", ""phase"": ""G4_G3_MAPPING_CANDIDATE_STAGING_V1"", ""production_review_status"": ""pending"", ""relation_artifact"": ""g4_g3_final_relation_decisions.csv"", ""scientific_method"": ""Julich probability x Brainnetome probability + TemplateFlow nonlinear transform + probability-weighted overlap + hard-label auxiliary containment + owner scientific review"", ""semantic_compatibility_status"": null, ""source_canonical_g4_id"": ""NGIQ-BR-00000617"", ""source_coverage_ratio"": 0.4827878538448496, ""target_canonical_g3_id"": ""NGIQ-BR-00000212"", ""target_coverage_ratio"": 0.17185636294814258, ""transform_provenance"": ""data/atlases/templateflow_ref (MNI152NLin2009cAsym_from-MNI152NLin6Asym)""}"
G4G3-STAGE-94FA86319053AC01E43F,1684,NGIQ-BR-00000617,Area hOc4d (Cuneus) right,G4_MICROSTRUCTURAL_FINE,right,612,NGIQ-BR-00000204,"Right Lateral occipital cortex, Brainnetome 4_1",G3_MESO_FINE,right,partial_overlap,spatial_overlap,0.219425,0.053208,,,False,proposed,pending,FALSE,FALSE,PARTIAL_OVERLAP,OWNER_CONFIRMED_PARTIAL,,,"{""brainnetome_probability_asset"": ""data/atlases/brainnetome/bna246/volume_raw/BNA_PM_4D.nii.gz"", ""decision_artifact"": ""g4_g3_final_scientific_decisions.csv"", ""decision_reason_code"": ""OWNER_CONFIRMED_PARTIAL"", ""evidence_2g_probability_overlap"": ""g4_g3_probability_overlap_summary.json"", ""evidence_2h_interpretation"": ""g4_g3_overlap_interpretation_profiles.csv"", ""evidence_2ia_policy"": ""g4_g3_scientific_decision_policy_v1.csv"", ""evidence_2ib_owner_revision"": ""g4_g3_owner_policy_revision_v1.csv"", ""evidence_2ic_final_decision"": ""g4_g3_final_scientific_decision_summary.json"", ""expert_approved"": false, ""final_scientific_policy"": ""G4_G3_FINAL_SCIENTIFIC_POLICY_V1"", ""human_reviewed"": false, ""julich_probability_asset"": ""data/atlases/julich/v3.1/spatial_raw/probability_maps/"", ""julich_spatial_component_asset"": ""AREA_HOC4D_CUNEUS_RIGHT.nii.gz"", ""julich_spatial_component_id"": ""JULICH_BRAIN_CYTOARCHITECTONIC_ATLAS_V3_1_AREA_HOC4D_CUNEUS"", ""mapping_method_field"": ""spatial_overlap"", ""owner_scientific_review_status"": ""OWNER_SCIENTIFIC_REVIEWED"", ""phase"": ""G4_G3_MAPPING_CANDIDATE_STAGING_V1"", ""production_review_status"": ""pending"", ""relation_artifact"": ""g4_g3_final_relation_decisions.csv"", ""scientific_method"": ""Julich probability x Brainnetome probability + TemplateFlow nonlinear transform + probability-weighted overlap + hard-label auxiliary containment + owner scientific review"", ""semantic_compatibility_status"": null, ""source_canonical_g4_id"": ""NGIQ-BR-00000617"", ""source_coverage_ratio"": 0.2194250952297903, ""target_canonical_g3_id"": ""NGIQ-BR-00000204"", ""target_coverage_ratio"": 0.05320784607740688, ""transform_provenance"": ""data/atlases/templateflow_ref (MNI152NLin2009cAsym_from-MNI152NLin6Asym)""}"
G4G3-STAGE-4E224D369102711F5661,1687,NGIQ-BR-00000618,Area hOc4d (Cuneus) left,G4_MICROSTRUCTURAL_FINE,left,633,NGIQ-BR-00000211,"Left Superior lateral occipital cortex, Brainnetome 2_1",G3_MESO_FINE,left,partial_overlap,spatial_overlap,0.376756,0.148659,,,False,proposed,pending,FALSE,FALSE,PARTIAL_OVERLAP,OWNER_CONFIRMED_PARTIAL,,,"{""brainnetome_probability_asset"": ""data/atlases/brainnetome/bna246/volume_raw/BNA_PM_4D.nii.gz"", ""decision_artifact"": ""g4_g3_final_scientific_decisions.csv"", ""decision_reason_code"": ""OWNER_CONFIRMED_PARTIAL"", ""evidence_2g_probability_overlap"": ""g4_g3_probability_overlap_summary.json"", ""evidence_2h_interpretation"": ""g4_g3_overlap_interpretation_profiles.csv"", ""evidence_2ia_policy"": ""g4_g3_scientific_decision_policy_v1.csv"", ""evidence_2ib_owner_revision"": ""g4_g3_owner_policy_revision_v1.csv"", ""evidence_2ic_final_decision"": ""g4_g3_final_scientific_decision_summary.json"", ""expert_approved"": false, ""final_scientific_policy"": ""G4_G3_FINAL_SCIENTIFIC_POLICY_V1"", ""human_reviewed"": false, ""julich_probability_asset"": ""data/atlases/julich/v3.1/spatial_raw/probability_maps/"", ""julich_spatial_component_asset"": ""AREA_HOC4D_CUNEUS_LEFT.nii.gz"", ""julich_spatial_component_id"": ""JULICH_BRAIN_CYTOARCHITECTONIC_ATLAS_V3_1_AREA_HOC4D_CUNEUS"", ""mapping_method_field"": ""spatial_overlap"", ""owner_scientific_review_status"": ""OWNER_SCIENTIFIC_REVIEWED"", ""phase"": ""G4_G3_MAPPING_CANDIDATE_STAGING_V1"", ""production_review_status"": ""pending"", ""relation_artifact"": ""g4_g3_final_relation_decisions.csv"", ""scientific_method"": ""Julich probability x Brainnetome probability + TemplateFlow nonlinear transform + probability-weighted overlap + hard-label auxiliary containment + owner scientific review"", ""semantic_compatibility_status"": null, ""source_canonical_g4_id"": ""NGIQ-BR-00000618"", ""source_coverage_ratio"": 0.3767559539922415, ""target_canonical_g3_id"": ""NGIQ-BR-00000211"", ""target_coverage_ratio"": 0.14865894432847523, ""transform_provenance"": ""data/atlases/templateflow_ref (MNI152NLin2009cAsym_from-MNI152NLin6Asym)""}"
G4G3-STAGE-2E3108B777D180896714,1687,NGIQ-BR-00000618,Area hOc4d (Cuneus) left,G4_MICROSTRUCTURAL_FINE,left,609,NGIQ-BR-00000203,"Left Lateral occipital cortex, Brainnetome 4_1",G3_MESO_FINE,left,partial_overlap,spatial_overlap,0.252973,0.071082,,,False,proposed,pending,FALSE,FALSE,PARTIAL_OVERLAP,OWNER_CONFIRMED_PARTIAL,,,"{""brainnetome_probability_asset"": ""data/atlases/brainnetome/bna246/volume_raw/BNA_PM_4D.nii.gz"", ""decision_artifact"": ""g4_g3_final_scientific_decisions.csv"", ""decision_reason_code"": ""OWNER_CONFIRMED_PARTIAL"", ""evidence_2g_probability_overlap"": ""g4_g3_probability_overlap_summary.json"", ""evidence_2h_interpretation"": ""g4_g3_overlap_interpretation_profiles.csv"", ""evidence_2ia_policy"": ""g4_g3_scientific_decision_policy_v1.csv"", ""evidence_2ib_owner_revision"": ""g4_g3_owner_policy_revision_v1.csv"", ""evidence_2ic_final_decision"": ""g4_g3_final_scientific_decision_summary.json"", ""expert_approved"": false, ""final_scientific_policy"": ""G4_G3_FINAL_SCIENTIFIC_POLICY_V1"", ""human_reviewed"": false, ""julich_probability_asset"": ""data/atlases/julich/v3.1/spatial_raw/probability_maps/"", ""julich_spatial_component_asset"": ""AREA_HOC4D_CUNEUS_LEFT.nii.gz"", ""julich_spatial_component_id"": ""JULICH_BRAIN_CYTOARCHITECTONIC_ATLAS_V3_1_AREA_HOC4D_CUNEUS"", ""mapping_method_field"": ""spatial_overlap"", ""owner_scientific_review_status"": ""OWNER_SCIENTIFIC_REVIEWED"", ""phase"": ""G4_G3_MAPPING_CANDIDATE_STAGING_V1"", ""production_review_status"": ""pending"", ""relation_artifact"": ""g4_g3_final_relation_decisions.csv"", ""scientific_method"": ""Julich probability x Brainnetome probability + TemplateFlow nonlinear transform + probability-weighted overlap + hard-label auxiliary containment + owner scientific review"", ""semantic_compatibility_status"": null, ""source_canonical_g4_id"": ""NGIQ-BR-00000618"", ""source_coverage_ratio"": 0.25297267056444217, ""target_canonical_g3_id"": ""NGIQ-BR-00000203"", ""target_coverage_ratio"": 0.07108180093170953, ""transform_provenance"": ""data/atlases/templateflow_ref (MNI152NLin2009cAsym_from-MNI152NLin6Asym)""}"
G4G3-STAGE-1E273FE4DFA7B53EE613,1693,NGIQ-BR-00000620,Area hOc3d (Cuneus) left,G4_MICROSTRUCTURAL_FINE,left,633,NGIQ-BR-00000211,"Left Superior lateral occipital cortex, Brainnetome 2_1",G3_MESO_FINE,left,partial_overlap,spatial_overlap,0.370458,0.243381,,,False,proposed,pending,FALSE,FALSE,PARTIAL_OVERLAP,OWNER_CONFIRMED_PARTIAL,,,"{""brainnetome_probability_asset"": ""data/atlases/brainnetome/bna246/volume_raw/BNA_PM_4D.nii.gz"", ""decision_artifact"": ""g4_g3_final_scientific_decisions.csv"", ""decision_reason_code"": ""OWNER_CONFIRMED_PARTIAL"", ""evidence_2g_probability_overlap"": ""g4_g3_probability_overlap_summary.json"", ""evidence_2h_interpretation"": ""g4_g3_overlap_interpretation_profiles.csv"", ""evidence_2ia_policy"": ""g4_g3_scientific_decision_policy_v1.csv"", ""evidence_2ib_owner_revision"": ""g4_g3_owner_policy_revision_v1.csv"", ""evidence_2ic_final_decision"": ""g4_g3_final_scientific_decision_summary.json"", ""expert_approved"": false, ""final_scientific_policy"": ""G4_G3_FINAL_SCIENTIFIC_POLICY_V1"", ""human_reviewed"": false, ""julich_probability_asset"": ""data/atlases/julich/v3.1/spatial_raw/probability_maps/"", ""julich_spatial_component_asset"": ""AREA_HOC3D_CUNEUS_LEFT.nii.gz"", ""julich_spatial_component_id"": ""JULICH_BRAIN_CYTOARCHITECTONIC_ATLAS_V3_1_AREA_HOC3D_CUNEUS"", ""mapping_method_field"": ""spatial_overlap"", ""owner_scientific_review_status"": ""OWNER_SCIENTIFIC_REVIEWED"", ""phase"": ""G4_G3_MAPPING_CANDIDATE_STAGING_V1"", ""production_review_status"": ""pending"", ""relation_artifact"": ""g4_g3_final_relation_decisions.csv"", ""scientific_method"": ""Julich probability x Brainnetome probability + TemplateFlow nonlinear transform + probability-weighted overlap + hard-label auxiliary containment + owner scientific review"", ""semantic_compatibility_status"": null, ""source_canonical_g4_id"": ""NGIQ-BR-00000620"", ""source_coverage_ratio"": 0.3704581604822725, ""target_canonical_g3_id"": ""NGIQ-BR-00000211"", ""target_coverage_ratio"": 0.24338087716430631, ""transform_provenance"": ""data/atlases/templateflow_ref (MNI152NLin2009cAsym_from-MNI152NLin6Asym)""}"
G4G3-STAGE-5C0F254ACF089291CBCF,1693,NGIQ-BR-00000620,Area hOc3d (Cuneus) left,G4_MICROSTRUCTURAL_FINE,left,621,NGIQ-BR-00000207,"Left Lateral occipital cortex, Brainnetome 4_3",G3_MESO_FINE,left,partial_overlap,spatial_overlap,0.249134,0.076051,,,False,proposed,pending,FALSE,FALSE,PARTIAL_OVERLAP,OWNER_CONFIRMED_PARTIAL,,,"{""brainnetome_probability_asset"": ""data/atlases/brainnetome/bna246/volume_raw/BNA_PM_4D.nii.gz"", ""decision_artifact"": ""g4_g3_final_scientific_decisions.csv"", ""decision_reason_code"": ""OWNER_CONFIRMED_PARTIAL"", ""evidence_2g_probability_overlap"": ""g4_g3_probability_overlap_summary.json"", ""evidence_2h_interpretation"": ""g4_g3_overlap_interpretation_profiles.csv"", ""evidence_2ia_policy"": ""g4_g3_scientific_decision_policy_v1.csv"", ""evidence_2ib_owner_revision"": ""g4_g3_owner_policy_revision_v1.csv"", ""evidence_2ic_final_decision"": ""g4_g3_final_scientific_decision_summary.json"", ""expert_approved"": false, ""final_scientific_policy"": ""G4_G3_FINAL_SCIENTIFIC_POLICY_V1"", ""human_reviewed"": false, ""julich_probability_asset"": ""data/atlases/julich/v3.1/spatial_raw/probability_maps/"", ""julich_spatial_component_asset"": ""AREA_HOC3D_CUNEUS_LEFT.nii.gz"", ""julich_spatial_component_id"": ""JULICH_BRAIN_CYTOARCHITECTONIC_ATLAS_V3_1_AREA_HOC3D_CUNEUS"", ""mapping_method_field"": ""spatial_overlap"", ""owner_scientific_review_status"": ""OWNER_SCIENTIFIC_REVIEWED"", ""phase"": ""G4_G3_MAPPING_CANDIDATE_STAGING_V1"", ""production_review_status"": ""pending"", ""relation_artifact"": ""g4_g3_final_relation_decisions.csv"", ""scientific_method"": ""Julich probability x Brainnetome probability + TemplateFlow nonlinear transform + probability-weighted overlap + hard-label auxiliary containment + owner scientific review"", ""semantic_compatibility_status"": null, ""source_canonical_g4_id"": ""NGIQ-BR-00000620"", ""source_coverage_ratio"": 0.24913350821818725, ""target_canonical_g3_id"": ""NGIQ-BR-00000207"", ""target_coverage_ratio"": 0.07605092389506138, ""transform_provenance"": ""data/atlases/templateflow_ref (MNI152NLin2009cAsym_from-MNI152NLin6Asym)""}"
G4G3-STAGE-F9BB333B87A41F8EBE66,1696,NGIQ-BR-00000621,Area hOc3v (LingG) right,G4_MICROSTRUCTURAL_FINE,right,630,NGIQ-BR-00000210,"Right Lateral occipital cortex, Brainnetome 4_4",G3_MESO_FINE,right,partial_overlap,spatial_overlap,0.454678,0.146178,,,False,proposed,pending,FALSE,FALSE,PARTIAL_OVERLAP,OWNER_CONFIRMED_PARTIAL,,,"{""brainnetome_probability_asset"": ""data/atlases/brainnetome/bna246/volume_raw/BNA_PM_4D.nii.gz"", ""decision_artifact"": ""g4_g3_final_scientific_decisions.csv"", ""decision_reason_code"": ""OWNER_CONFIRMED_PARTIAL"", ""evidence_2g_probability_overlap"": ""g4_g3_probability_overlap_summary.json"", ""evidence_2h_interpretation"": ""g4_g3_overlap_interpretation_profiles.csv"", ""evidence_2ia_policy"": ""g4_g3_scientific_decision_policy_v1.csv"", ""evidence_2ib_owner_revision"": ""g4_g3_owner_policy_revision_v1.csv"", ""evidence_2ic_final_decision"": ""g4_g3_final_scientific_decision_summary.json"", ""expert_approved"": false, ""final_scientific_policy"": ""G4_G3_FINAL_SCIENTIFIC_POLICY_V1"", ""human_reviewed"": false, ""julich_probability_asset"": ""data/atlases/julich/v3.1/spatial_raw/probability_maps/"", ""julich_spatial_component_asset"": ""AREA_HOC3V_LINGG_RIGHT.nii.gz"", ""julich_spatial_component_id"": ""JULICH_BRAIN_CYTOARCHITECTONIC_ATLAS_V3_1_AREA_HOC3V_LINGG"", ""mapping_method_field"": ""spatial_overlap"", ""owner_scientific_review_status"": ""OWNER_SCIENTIFIC_REVIEWED"", ""phase"": ""G4_G3_MAPPING_CANDIDATE_STAGING_V1"", ""production_review_status"": ""pending"", ""relation_artifact"": ""g4_g3_final_relation_decisions.csv"", ""scientific_method"": ""Julich probability x Brainnetome probability + TemplateFlow nonlinear transform + probability-weighted overlap + hard-label auxiliary containment + owner scientific review"", ""semantic_compatibility_status"": null, ""source_canonical_g4_id"": ""NGIQ-BR-00000621"", ""source_coverage_ratio"": 0.45467807914913777, ""target_canonical_g3_id"": ""NGIQ-BR-00000210"", ""target_coverage_ratio"": 0.1461781013130245, ""transform_provenance"": ""data/atlases/templateflow_ref (MNI152NLin2009cAsym_from-MNI152NLin6Asym)""}"
G4G3-STAGE-8E17D66D49064F628246,1696,NGIQ-BR-00000621,Area hOc3v (LingG) right,G4_MICROSTRUCTURAL_FINE,right,600,NGIQ-BR-00000200,"Right Medioventral occipital cortex, Brainnetome 5_4",G3_MESO_FINE,right,partial_overlap,spatial_overlap,0.222731,0.080268,,,False,proposed,pending,FALSE,FALSE,PARTIAL_OVERLAP,OWNER_CONFIRMED_PARTIAL,,,"{""brainnetome_probability_asset"": ""data/atlases/brainnetome/bna246/volume_raw/BNA_PM_4D.nii.gz"", ""decision_artifact"": ""g4_g3_final_scientific_decisions.csv"", ""decision_reason_code"": ""OWNER_CONFIRMED_PARTIAL"", ""evidence_2g_probability_overlap"": ""g4_g3_probability_overlap_summary.json"", ""evidence_2h_interpretation"": ""g4_g3_overlap_interpretation_profiles.csv"", ""evidence_2ia_policy"": ""g4_g3_scientific_decision_policy_v1.csv"", ""evidence_2ib_owner_revision"": ""g4_g3_owner_policy_revision_v1.csv"", ""evidence_2ic_final_decision"": ""g4_g3_final_scientific_decision_summary.json"", ""expert_approved"": false, ""final_scientific_policy"": ""G4_G3_FINAL_SCIENTIFIC_POLICY_V1"", ""human_reviewed"": false, ""julich_probability_asset"": ""data/atlases/julich/v3.1/spatial_raw/probability_maps/"", ""julich_spatial_component_asset"": ""AREA_HOC3V_LINGG_RIGHT.nii.gz"", ""julich_spatial_component_id"": ""JULICH_BRAIN_CYTOARCHITECTONIC_ATLAS_V3_1_AREA_HOC3V_LINGG"", ""mapping_method_field"": ""spatial_overlap"", ""owner_scientific_review_status"": ""OWNER_SCIENTIFIC_REVIEWED"", ""phase"": ""G4_G3_MAPPING_CANDIDATE_STAGING_V1"", ""production_review_status"": ""pending"", ""relation_artifact"": ""g4_g3_final_relation_decisions.csv"", ""scientific_method"": ""Julich probability x Brainnetome probability + TemplateFlow nonlinear transform + probability-weighted overlap + hard-label auxiliary containment + owner scientific review"", ""semantic_compatibility_status"": null, ""source_canonical_g4_id"": ""NGIQ-BR-00000621"", ""source_coverage_ratio"": 0.22273117229203107, ""target_canonical_g3_id"": ""NGIQ-BR-00000200"", ""target_coverage_ratio"": 0.08026837067113607, ""transform_provenance"": ""data/atlases/templateflow_ref (MNI152NLin2009cAsym_from-MNI152NLin6Asym)""}"
G4G3-STAGE-6E8B4B18AE6D8696C561,1699,NGIQ-BR-00000622,Area hOc3v (LingG) left,G4_MICROSTRUCTURAL_FINE,left,627,NGIQ-BR-00000209,"Left Lateral occipital cortex, Brainnetome 4_4",G3_MESO_FINE,left,partial_overlap,spatial_overlap,0.34341,0.127312,,,False,proposed,pending,FALSE,FALSE,PARTIAL_OVERLAP,OWNER_CONFIRMED_PARTIAL,,,"{""brainnetome_probability_asset"": ""data/atlases/brainnetome/bna246/volume_raw/BNA_PM_4D.nii.gz"", ""decision_artifact"": ""g4_g3_final_scientific_decisions.csv"", ""decision_reason_code"": ""OWNER_CONFIRMED_PARTIAL"", ""evidence_2g_probability_overlap"": ""g4_g3_probability_overlap_summary.json"", ""evidence_2h_interpretation"": ""g4_g3_overlap_interpretation_profiles.csv"", ""evidence_2ia_policy"": ""g4_g3_scientific_decision_policy_v1.csv"", ""evidence_2ib_owner_revision"": ""g4_g3_owner_policy_revision_v1.csv"", ""evidence_2ic_final_decision"": ""g4_g3_final_scientific_decision_summary.json"", ""expert_approved"": false, ""final_scientific_policy"": ""G4_G3_FINAL_SCIENTIFIC_POLICY_V1"", ""human_reviewed"": false, ""julich_probability_asset"": ""data/atlases/julich/v3.1/spatial_raw/probability_maps/"", ""julich_spatial_component_asset"": ""AREA_HOC3V_LINGG_LEFT.nii.gz"", ""julich_spatial_component_id"": ""JULICH_BRAIN_CYTOARCHITECTONIC_ATLAS_V3_1_AREA_HOC3V_LINGG"", ""mapping_method_field"": ""spatial_overlap"", ""owner_scientific_review_status"": ""OWNER_SCIENTIFIC_REVIEWED"", ""phase"": ""G4_G3_MAPPING_CANDIDATE_STAGING_V1"", ""production_review_status"": ""pending"", ""relation_artifact"": ""g4_g3_final_relation_decisions.csv"", ""scientific_method"": ""Julich probability x Brainnetome probability + TemplateFlow nonlinear transform + probability-weighted overlap + hard-label auxiliary containment + owner scientific review"", ""semantic_compatibility_status"": null, ""source_canonical_g4_id"": ""NGIQ-BR-00000622"", ""source_coverage_ratio"": 0.3434101124599289, ""target_canonical_g3_id"": ""NGIQ-BR-00000209"", ""target_coverage_ratio"": 0.12731226587222239, ""transform_provenance"": ""data/atlases/templateflow_ref (MNI152NLin2009cAsym_from-MNI152NLin6Asym)""}"
G4G3-STAGE-93FA1045D3D163AAF177,1699,NGIQ-BR-00000622,Area hOc3v (LingG) left,G4_MICROSTRUCTURAL_FINE,left,45,NGIQ-BR-00000015,"Left Medioventral occipital cortex, Brainnetome 5_1",G3_MESO_FINE,left,partial_overlap,spatial_overlap,0.266999,0.16742,,,False,proposed,pending,FALSE,FALSE,PARTIAL_OVERLAP,OWNER_CONFIRMED_PARTIAL,,,"{""brainnetome_probability_asset"": ""data/atlases/brainnetome/bna246/volume_raw/BNA_PM_4D.nii.gz"", ""decision_artifact"": ""g4_g3_final_scientific_decisions.csv"", ""decision_reason_code"": ""OWNER_CONFIRMED_PARTIAL"", ""evidence_2g_probability_overlap"": ""g4_g3_probability_overlap_summary.json"", ""evidence_2h_interpretation"": ""g4_g3_overlap_interpretation_profiles.csv"", ""evidence_2ia_policy"": ""g4_g3_scientific_decision_policy_v1.csv"", ""evidence_2ib_owner_revision"": ""g4_g3_owner_policy_revision_v1.csv"", ""evidence_2ic_final_decision"": ""g4_g3_final_scientific_decision_summary.json"", ""expert_approved"": false, ""final_scientific_policy"": ""G4_G3_FINAL_SCIENTIFIC_POLICY_V1"", ""human_reviewed"": false, ""julich_probability_asset"": ""data/atlases/julich/v3.1/spatial_raw/probability_maps/"", ""julich_spatial_component_asset"": ""AREA_HOC3V_LINGG_LEFT.nii.gz"", ""julich_spatial_component_id"": ""JULICH_BRAIN_CYTOARCHITECTONIC_ATLAS_V3_1_AREA_HOC3V_LINGG"", ""mapping_method_field"": ""spatial_overlap"", ""owner_scientific_review_status"": ""OWNER_SCIENTIFIC_REVIEWED"", ""phase"": ""G4_G3_MAPPING_CANDIDATE_STAGING_V1"", ""production_review_status"": ""pending"", ""relation_artifact"": ""g4_g3_final_relation_decisions.csv"", ""scientific_method"": ""Julich probability x Brainnetome probability + TemplateFlow nonlinear transform + probability-weighted overlap + hard-label auxiliary containment + owner scientific review"", ""semantic_compatibility_status"": null, ""source_canonical_g4_id"": ""NGIQ-BR-00000622"", ""source_coverage_ratio"": 0.2669989259615065, ""target_canonical_g3_id"": ""NGIQ-BR-00000015"", ""target_coverage_ratio"": 0.16742023488084737, ""transform_provenance"": ""data/atlases/templateflow_ref (MNI152NLin2009cAsym_from-MNI152NLin6Asym)""}"
G4G3-STAGE-7D0DF2800027DFA8BE0B,1702,NGIQ-BR-00000623,Area hOc4v (LingG) right,G4_MICROSTRUCTURAL_FINE,right,630,NGIQ-BR-00000210,"Right Lateral occipital cortex, Brainnetome 4_4",G3_MESO_FINE,right,partial_overlap,spatial_overlap,0.435248,0.131669,,,False,proposed,pending,FALSE,FALSE,PARTIAL_OVERLAP,OWNER_CONFIRMED_PARTIAL,,,"{""brainnetome_probability_asset"": ""data/atlases/brainnetome/bna246/volume_raw/BNA_PM_4D.nii.gz"", ""decision_artifact"": ""g4_g3_final_scientific_decisions.csv"", ""decision_reason_code"": ""OWNER_CONFIRMED_PARTIAL"", ""evidence_2g_probability_overlap"": ""g4_g3_probability_overlap_summary.json"", ""evidence_2h_interpretation"": ""g4_g3_overlap_interpretation_profiles.csv"", ""evidence_2ia_policy"": ""g4_g3_scientific_decision_policy_v1.csv"", ""evidence_2ib_owner_revision"": ""g4_g3_owner_policy_revision_v1.csv"", ""evidence_2ic_final_decision"": ""g4_g3_final_scientific_decision_summary.json"", ""expert_approved"": false, ""final_scientific_policy"": ""G4_G3_FINAL_SCIENTIFIC_POLICY_V1"", ""human_reviewed"": false, ""julich_probability_asset"": ""data/atlases/julich/v3.1/spatial_raw/probability_maps/"", ""julich_spatial_component_asset"": ""AREA_HOC4V_LINGG_RIGHT.nii.gz"", ""julich_spatial_component_id"": ""JULICH_BRAIN_CYTOARCHITECTONIC_ATLAS_V3_1_AREA_HOC4V_LINGG"", ""mapping_method_field"": ""spatial_overlap"", ""owner_scientific_review_status"": ""OWNER_SCIENTIFIC_REVIEWED"", ""phase"": ""G4_G3_MAPPING_CANDIDATE_STAGING_V1"", ""production_review_status"": ""pending"", ""relation_artifact"": ""g4_g3_final_relation_decisions.csv"", ""scientific_method"": ""Julich probability x Brainnetome probability + TemplateFlow nonlinear transform + probability-weighted overlap + hard-label auxiliary containment + owner scientific review"", ""semantic_compatibility_status"": null, ""source_canonical_g4_id"": ""NGIQ-BR-00000623"", ""source_coverage_ratio"": 0.43524849226476403, ""target_canonical_g3_id"": ""NGIQ-BR-00000210"", ""target_coverage_ratio"": 0.13166862063267942, ""transform_provenance"": ""data/atlases/templateflow_ref (MNI152NLin2009cAsym_from-MNI152NLin6Asym)""}"
G4G3-STAGE-595375224DEA85D40D1A,1702,NGIQ-BR-00000623,Area hOc4v (LingG) right,G4_MICROSTRUCTURAL_FINE,right,354,NGIQ-BR-00000118,"Right Fusiform gyrus, Brainnetome 3_2",G3_MESO_FINE,right,partial_overlap,spatial_overlap,0.344352,0.139165,,,False,proposed,pending,FALSE,FALSE,PARTIAL_OVERLAP,OWNER_CONFIRMED_PARTIAL,,,"{""brainnetome_probability_asset"": ""data/atlases/brainnetome/bna246/volume_raw/BNA_PM_4D.nii.gz"", ""decision_artifact"": ""g4_g3_final_scientific_decisions.csv"", ""decision_reason_code"": ""OWNER_CONFIRMED_PARTIAL"", ""evidence_2g_probability_overlap"": ""g4_g3_probability_overlap_summary.json"", ""evidence_2h_interpretation"": ""g4_g3_overlap_interpretation_profiles.csv"", ""evidence_2ia_policy"": ""g4_g3_scientific_decision_policy_v1.csv"", ""evidence_2ib_owner_revision"": ""g4_g3_owner_policy_revision_v1.csv"", ""evidence_2ic_final_decision"": ""g4_g3_final_scientific_decision_summary.json"", ""expert_approved"": false, ""final_scientific_policy"": ""G4_G3_FINAL_SCIENTIFIC_POLICY_V1"", ""human_reviewed"": false, ""julich_probability_asset"": ""data/atlases/julich/v3.1/spatial_raw/probability_maps/"", ""julich_spatial_component_asset"": ""AREA_HOC4V_LINGG_RIGHT.nii.gz"", ""julich_spatial_component_id"": ""JULICH_BRAIN_CYTOARCHITECTONIC_ATLAS_V3_1_AREA_HOC4V_LINGG"", ""mapping_method_field"": ""spatial_overlap"", ""owner_scientific_review_status"": ""OWNER_SCIENTIFIC_REVIEWED"", ""phase"": ""G4_G3_MAPPING_CANDIDATE_STAGING_V1"", ""production_review_status"": ""pending"", ""relation_artifact"": ""g4_g3_final_relation_decisions.csv"", ""scientific_method"": ""Julich probability x Brainnetome probability + TemplateFlow nonlinear transform + probability-weighted overlap + hard-label auxiliary containment + owner scientific review"", ""semantic_compatibility_status"": null, ""source_canonical_g4_id"": ""NGIQ-BR-00000623"", ""source_coverage_ratio"": 0.3443518164825725, ""target_canonical_g3_id"": ""NGIQ-BR-00000118"", ""target_coverage_ratio"": 0.1391649847253971, ""transform_provenance"": ""data/atlases/templateflow_ref (MNI152NLin2009cAsym_from-MNI152NLin6Asym)""}"
G4G3-STAGE-F7C2DA1CDE3F033AD213,1705,NGIQ-BR-00000624,Area hOc4v (LingG) left,G4_MICROSTRUCTURAL_FINE,left,627,NGIQ-BR-00000209,"Left Lateral occipital cortex, Brainnetome 4_4",G3_MESO_FINE,left,partial_overlap,spatial_overlap,0.381705,0.113601,,,False,proposed,pending,FALSE,FALSE,PARTIAL_OVERLAP,FINAL_MULTI_TARGET_PARTIAL_GATE_PASS,,,"{""brainnetome_probability_asset"": ""data/atlases/brainnetome/bna246/volume_raw/BNA_PM_4D.nii.gz"", ""decision_artifact"": ""g4_g3_final_scientific_decisions.csv"", ""decision_reason_code"": ""FINAL_MULTI_TARGET_PARTIAL_GATE_PASS"", ""evidence_2g_probability_overlap"": ""g4_g3_probability_overlap_summary.json"", ""evidence_2h_interpretation"": ""g4_g3_overlap_interpretation_profiles.csv"", ""evidence_2ia_policy"": ""g4_g3_scientific_decision_policy_v1.csv"", ""evidence_2ib_owner_revision"": ""g4_g3_owner_policy_revision_v1.csv"", ""evidence_2ic_final_decision"": ""g4_g3_final_scientific_decision_summary.json"", ""expert_approved"": false, ""final_scientific_policy"": ""G4_G3_FINAL_SCIENTIFIC_POLICY_V1"", ""human_reviewed"": false, ""julich_probability_asset"": ""data/atlases/julich/v3.1/spatial_raw/probability_maps/"", ""julich_spatial_component_asset"": ""AREA_HOC4V_LINGG_LEFT.nii.gz"", ""julich_spatial_component_id"": ""JULICH_BRAIN_CYTOARCHITECTONIC_ATLAS_V3_1_AREA_HOC4V_LINGG"", ""mapping_method_field"": ""spatial_overlap"", ""owner_scientific_review_status"": ""OWNER_SCIENTIFIC_REVIEWED"", ""phase"": ""G4_G3_MAPPING_CANDIDATE_STAGING_V1"", ""production_review_status"": ""pending"", ""relation_artifact"": ""g4_g3_final_relation_decisions.csv"", ""scientific_method"": ""Julich probability x Brainnetome probability + TemplateFlow nonlinear transform + probability-weighted overlap + hard-label auxiliary containment + owner scientific review"", ""semantic_compatibility_status"": null, ""source_canonical_g4_id"": ""NGIQ-BR-00000624"", ""source_coverage_ratio"": 0.3817051308773515, ""target_canonical_g3_id"": ""NGIQ-BR-00000209"", ""target_coverage_ratio"": 0.113601263152162, ""transform_provenance"": ""data/atlases/templateflow_ref (MNI152NLin2009cAsym_from-MNI152NLin6Asym)""}"
G4G3-STAGE-0F03821F5E99BB59B051,1705,NGIQ-BR-00000624,Area hOc4v (LingG) left,G4_MICROSTRUCTURAL_FINE,left,351,NGIQ-BR-00000117,"Left Fusiform gyrus, Brainnetome 3_2",G3_MESO_FINE,left,partial_overlap,spatial_overlap,0.216733,0.085194,,,False,proposed,pending,FALSE,FALSE,PARTIAL_OVERLAP,FINAL_MULTI_TARGET_PARTIAL_GATE_PASS,,,"{""brainnetome_probability_asset"": ""data/atlases/brainnetome/bna246/volume_raw/BNA_PM_4D.nii.gz"", ""decision_artifact"": ""g4_g3_final_scientific_decisions.csv"", ""decision_reason_code"": ""FINAL_MULTI_TARGET_PARTIAL_GATE_PASS"", ""evidence_2g_probability_overlap"": ""g4_g3_probability_overlap_summary.json"", ""evidence_2h_interpretation"": ""g4_g3_overlap_interpretation_profiles.csv"", ""evidence_2ia_policy"": ""g4_g3_scientific_decision_policy_v1.csv"", ""evidence_2ib_owner_revision"": ""g4_g3_owner_policy_revision_v1.csv"", ""evidence_2ic_final_decision"": ""g4_g3_final_scientific_decision_summary.json"", ""expert_approved"": false, ""final_scientific_policy"": ""G4_G3_FINAL_SCIENTIFIC_POLICY_V1"", ""human_reviewed"": false, ""julich_probability_asset"": ""data/atlases/julich/v3.1/spatial_raw/probability_maps/"", ""julich_spatial_component_asset"": ""AREA_HOC4V_LINGG_LEFT.nii.gz"", ""julich_spatial_component_id"": ""JULICH_BRAIN_CYTOARCHITECTONIC_ATLAS_V3_1_AREA_HOC4V_LINGG"", ""mapping_method_field"": ""spatial_overlap"", ""owner_scientific_review_status"": ""OWNER_SCIENTIFIC_REVIEWED"", ""phase"": ""G4_G3_MAPPING_CANDIDATE_STAGING_V1"", ""production_review_status"": ""pending"", ""relation_artifact"": ""g4_g3_final_relation_decisions.csv"", ""scientific_method"": ""Julich probability x Brainnetome probability + TemplateFlow nonlinear transform + probability-weighted overlap + hard-label auxiliary containment + owner scientific review"", ""semantic_compatibility_status"": null, ""source_canonical_g4_id"": ""NGIQ-BR-00000624"", ""source_coverage_ratio"": 0.21673341170044155, ""target_canonical_g3_id"": ""NGIQ-BR-00000117"", ""target_coverage_ratio"": 0.0851936668014563, ""transform_provenance"": ""data/atlases/templateflow_ref (MNI152NLin2009cAsym_from-MNI152NLin6Asym)""}"
G4G3-STAGE-EE695F326C2D9E3C295A,1705,NGIQ-BR-00000624,Area hOc4v (LingG) left,G4_MICROSTRUCTURAL_FINE,left,45,NGIQ-BR-00000015,"Left Medioventral occipital cortex, Brainnetome 5_1",G3_MESO_FINE,left,partial_overlap,spatial_overlap,0.179347,0.104945,,,False,proposed,pending,FALSE,FALSE,PARTIAL_OVERLAP,FINAL_MULTI_TARGET_PARTIAL_GATE_PASS,,,"{""brainnetome_probability_asset"": ""data/atlases/brainnetome/bna246/volume_raw/BNA_PM_4D.nii.gz"", ""decision_artifact"": ""g4_g3_final_scientific_decisions.csv"", ""decision_reason_code"": ""FINAL_MULTI_TARGET_PARTIAL_GATE_PASS"", ""evidence_2g_probability_overlap"": ""g4_g3_probability_overlap_summary.json"", ""evidence_2h_interpretation"": ""g4_g3_overlap_interpretation_profiles.csv"", ""evidence_2ia_policy"": ""g4_g3_scientific_decision_policy_v1.csv"", ""evidence_2ib_owner_revision"": ""g4_g3_owner_policy_revision_v1.csv"", ""evidence_2ic_final_decision"": ""g4_g3_final_scientific_decision_summary.json"", ""expert_approved"": false, ""final_scientific_policy"": ""G4_G3_FINAL_SCIENTIFIC_POLICY_V1"", ""human_reviewed"": false, ""julich_probability_asset"": ""data/atlases/julich/v3.1/spatial_raw/probability_maps/"", ""julich_spatial_component_asset"": ""AREA_HOC4V_LINGG_LEFT.nii.gz"", ""julich_spatial_component_id"": ""JULICH_BRAIN_CYTOARCHITECTONIC_ATLAS_V3_1_AREA_HOC4V_LINGG"", ""mapping_method_field"": ""spatial_overlap"", ""owner_scientific_review_status"": ""OWNER_SCIENTIFIC_REVIEWED"", ""phase"": ""G4_G3_MAPPING_CANDIDATE_STAGING_V1"", ""production_review_status"": ""pending"", ""relation_artifact"": ""g4_g3_final_relation_decisions.csv"", ""scientific_method"": ""Julich probability x Brainnetome probability + TemplateFlow nonlinear transform + probability-weighted overlap + hard-label auxiliary containment + owner scientific review"", ""semantic_compatibility_status"": null, ""source_canonical_g4_id"": ""NGIQ-BR-00000624"", ""source_coverage_ratio"": 0.17934744156632063, ""target_canonical_g3_id"": ""NGIQ-BR-00000015"", ""target_coverage_ratio"": 0.10494515807150463, ""transform_provenance"": ""data/atlases/templateflow_ref (MNI152NLin2009cAsym_from-MNI152NLin6Asym)""}"
G4G3-STAGE-8ADF39D74767884BF853,1705,NGIQ-BR-00000624,Area hOc4v (LingG) left,G4_MICROSTRUCTURAL_FINE,left,597,NGIQ-BR-00000199,"Left Medioventral occipital cortex, Brainnetome 5_4",G3_MESO_FINE,left,partial_overlap,spatial_overlap,0.165867,0.078879,,,False,proposed,pending,FALSE,FALSE,PARTIAL_OVERLAP,FINAL_MULTI_TARGET_PARTIAL_GATE_PASS,,,"{""brainnetome_probability_asset"": ""data/atlases/brainnetome/bna246/volume_raw/BNA_PM_4D.nii.gz"", ""decision_artifact"": ""g4_g3_final_scientific_decisions.csv"", ""decision_reason_code"": ""FINAL_MULTI_TARGET_PARTIAL_GATE_PASS"", ""evidence_2g_probability_overlap"": ""g4_g3_probability_overlap_summary.json"", ""evidence_2h_interpretation"": ""g4_g3_overlap_interpretation_profiles.csv"", ""evidence_2ia_policy"": ""g4_g3_scientific_decision_policy_v1.csv"", ""evidence_2ib_owner_revision"": ""g4_g3_owner_policy_revision_v1.csv"", ""evidence_2ic_final_decision"": ""g4_g3_final_scientific_decision_summary.json"", ""expert_approved"": false, ""final_scientific_policy"": ""G4_G3_FINAL_SCIENTIFIC_POLICY_V1"", ""human_reviewed"": false, ""julich_probability_asset"": ""data/atlases/julich/v3.1/spatial_raw/probability_maps/"", ""julich_spatial_component_asset"": ""AREA_HOC4V_LINGG_LEFT.nii.gz"", ""julich_spatial_component_id"": ""JULICH_BRAIN_CYTOARCHITECTONIC_ATLAS_V3_1_AREA_HOC4V_LINGG"", ""mapping_method_field"": ""spatial_overlap"", ""owner_scientific_review_status"": ""OWNER_SCIENTIFIC_REVIEWED"", ""phase"": ""G4_G3_MAPPING_CANDIDATE_STAGING_V1"", ""production_review_status"": ""pending"", ""relation_artifact"": ""g4_g3_final_relation_decisions.csv"", ""scientific_method"": ""Julich probability x Brainnetome probability + TemplateFlow nonlinear transform + probability-weighted overlap + hard-label auxiliary containment + owner scientific review"", ""semantic_compatibility_status"": null, ""source_canonical_g4_id"": ""NGIQ-BR-00000624"", ""source_coverage_ratio"": 0.16586706160618914, ""target_canonical_g3_id"": ""NGIQ-BR-00000199"", ""target_coverage_ratio"": 0.07887931889146778, ""transform_provenance"": ""data/atlases/templateflow_ref (MNI152NLin2009cAsym_from-MNI152NLin6Asym)""}"
G4G3-STAGE-130441F50ACA4047917D,1708,NGIQ-BR-00000625,Area hOc4lp (LOC) right,G4_MICROSTRUCTURAL_FINE,right,612,NGIQ-BR-00000204,"Right Lateral occipital cortex, Brainnetome 4_1",G3_MESO_FINE,right,dominant_overlap,spatial_overlap,0.651161,0.167586,,,False,proposed,pending,FALSE,FALSE,APPROVE_DOMINANT_OVERLAP,DOMINANT_CRITERIA_V1,,,"{""brainnetome_probability_asset"": ""data/atlases/brainnetome/bna246/volume_raw/BNA_PM_4D.nii.gz"", ""decision_artifact"": ""g4_g3_final_scientific_decisions.csv"", ""decision_reason_code"": ""DOMINANT_CRITERIA_V1"", ""evidence_2g_probability_overlap"": ""g4_g3_probability_overlap_summary.json"", ""evidence_2h_interpretation"": ""g4_g3_overlap_interpretation_profiles.csv"", ""evidence_2ia_policy"": ""g4_g3_scientific_decision_policy_v1.csv"", ""evidence_2ib_owner_revision"": ""g4_g3_owner_policy_revision_v1.csv"", ""evidence_2ic_final_decision"": ""g4_g3_final_scientific_decision_summary.json"", ""expert_approved"": false, ""final_scientific_policy"": ""G4_G3_FINAL_SCIENTIFIC_POLICY_V1"", ""human_reviewed"": false, ""julich_probability_asset"": ""data/atlases/julich/v3.1/spatial_raw/probability_maps/"", ""julich_spatial_component_asset"": ""AREA_HOC4LP_LOC_RIGHT.nii.gz"", ""julich_spatial_component_id"": ""JULICH_BRAIN_CYTOARCHITECTONIC_ATLAS_V3_1_AREA_HOC4LP_LOC"", ""mapping_method_field"": ""spatial_overlap"", ""owner_scientific_review_status"": ""OWNER_SCIENTIFIC_REVIEWED"", ""phase"": ""G4_G3_MAPPING_CANDIDATE_STAGING_V1"", ""production_review_status"": ""pending"", ""relation_artifact"": ""g4_g3_final_relation_decisions.csv"", ""scientific_method"": ""Julich probability x Brainnetome probability + TemplateFlow nonlinear transform + probability-weighted overlap + hard-label auxiliary containment + owner scientific review"", ""semantic_compatibility_status"": null, ""source_canonical_g4_id"": ""NGIQ-BR-00000625"", ""source_coverage_ratio"": 0.6511609317180375, ""target_canonical_g3_id"": ""NGIQ-BR-00000204"", ""target_coverage_ratio"": 0.167585796926761, ""transform_provenance"": ""data/atlases/templateflow_ref (MNI152NLin2009cAsym_from-MNI152NLin6Asym)""}"
G4G3-STAGE-FC993446816E02E28FE0,1711,NGIQ-BR-00000626,Area hOc4lp (LOC) left,G4_MICROSTRUCTURAL_FINE,left,609,NGIQ-BR-00000203,"Left Lateral occipital cortex, Brainnetome 4_1",G3_MESO_FINE,left,dominant_overlap,spatial_overlap,0.547989,0.20597,,,False,proposed,pending,FALSE,FALSE,APPROVE_DOMINANT_OVERLAP,DOMINANT_CRITERIA_V1,,BOUNDARY_METRIC,"{""brainnetome_probability_asset"": ""data/atlases/brainnetome/bna246/volume_raw/BNA_PM_4D.nii.gz"", ""decision_artifact"": ""g4_g3_final_scientific_decisions.csv"", ""decision_reason_code"": ""DOMINANT_CRITERIA_V1"", ""evidence_2g_probability_overlap"": ""g4_g3_probability_overlap_summary.json"", ""evidence_2h_interpretation"": ""g4_g3_overlap_interpretation_profiles.csv"", ""evidence_2ia_policy"": ""g4_g3_scientific_decision_policy_v1.csv"", ""evidence_2ib_owner_revision"": ""g4_g3_owner_policy_revision_v1.csv"", ""evidence_2ic_final_decision"": ""g4_g3_final_scientific_decision_summary.json"", ""expert_approved"": false, ""final_scientific_policy"": ""G4_G3_FINAL_SCIENTIFIC_POLICY_V1"", ""human_reviewed"": false, ""julich_probability_asset"": ""data/atlases/julich/v3.1/spatial_raw/probability_maps/"", ""julich_spatial_component_asset"": ""AREA_HOC4LP_LOC_LEFT.nii.gz"", ""julich_spatial_component_id"": ""JULICH_BRAIN_CYTOARCHITECTONIC_ATLAS_V3_1_AREA_HOC4LP_LOC"", ""mapping_method_field"": ""spatial_overlap"", ""owner_scientific_review_status"": ""OWNER_SCIENTIFIC_REVIEWED"", ""phase"": ""G4_G3_MAPPING_CANDIDATE_STAGING_V1"", ""production_review_status"": ""pending"", ""relation_artifact"": ""g4_g3_final_relation_decisions.csv"", ""scientific_method"": ""Julich probability x Brainnetome probability + TemplateFlow nonlinear transform + probability-weighted overlap + hard-label auxiliary containment + owner scientific review"", ""semantic_compatibility_status"": null, ""source_canonical_g4_id"": ""NGIQ-BR-00000626"", ""source_coverage_ratio"": 0.5479894664497428, ""target_canonical_g3_id"": ""NGIQ-BR-00000203"", ""target_coverage_ratio"": 0.20596983240751035, ""transform_provenance"": ""data/atlases/templateflow_ref (MNI152NLin2009cAsym_from-MNI152NLin6Asym)""}"
G4G3-STAGE-4A5FE17C696DDB80257C,1714,NGIQ-BR-00000627,Area hOc5 (LOC) right,G4_MICROSTRUCTURAL_FINE,right,618,NGIQ-BR-00000206,"Right Lateral occipital cortex, Brainnetome 4_2",G3_MESO_FINE,right,dominant_overlap,spatial_overlap,0.703212,0.077726,,,False,proposed,pending,FALSE,FALSE,APPROVE_DOMINANT_OVERLAP,DOMINANT_CRITERIA_V1,,,"{""brainnetome_probability_asset"": ""data/atlases/brainnetome/bna246/volume_raw/BNA_PM_4D.nii.gz"", ""decision_artifact"": ""g4_g3_final_scientific_decisions.csv"", ""decision_reason_code"": ""DOMINANT_CRITERIA_V1"", ""evidence_2g_probability_overlap"": ""g4_g3_probability_overlap_summary.json"", ""evidence_2h_interpretation"": ""g4_g3_overlap_interpretation_profiles.csv"", ""evidence_2ia_policy"": ""g4_g3_scientific_decision_policy_v1.csv"", ""evidence_2ib_owner_revision"": ""g4_g3_owner_policy_revision_v1.csv"", ""evidence_2ic_final_decision"": ""g4_g3_final_scientific_decision_summary.json"", ""expert_approved"": false, ""final_scientific_policy"": ""G4_G3_FINAL_SCIENTIFIC_POLICY_V1"", ""human_reviewed"": false, ""julich_probability_asset"": ""data/atlases/julich/v3.1/spatial_raw/probability_maps/"", ""julich_spatial_component_asset"": ""AREA_HOC5_LOC_RIGHT.nii.gz"", ""julich_spatial_component_id"": ""JULICH_BRAIN_CYTOARCHITECTONIC_ATLAS_V3_1_AREA_HOC5_LOC"", ""mapping_method_field"": ""spatial_overlap"", ""owner_scientific_review_status"": ""OWNER_SCIENTIFIC_REVIEWED"", ""phase"": ""G4_G3_MAPPING_CANDIDATE_STAGING_V1"", ""production_review_status"": ""pending"", ""relation_artifact"": ""g4_g3_final_relation_decisions.csv"", ""scientific_method"": ""Julich probability x Brainnetome probability + TemplateFlow nonlinear transform + probability-weighted overlap + hard-label auxiliary containment + owner scientific review"", ""semantic_compatibility_status"": null, ""source_canonical_g4_id"": ""NGIQ-BR-00000627"", ""source_coverage_ratio"": 0.7032116995136698, ""target_canonical_g3_id"": ""NGIQ-BR-00000206"", ""target_coverage_ratio"": 0.07772639315782735, ""transform_provenance"": ""data/atlases/templateflow_ref (MNI152NLin2009cAsym_from-MNI152NLin6Asym)""}"
G4G3-STAGE-0AB774394B30E3E07367,1717,NGIQ-BR-00000628,Area hOc5 (LOC) left,G4_MICROSTRUCTURAL_FINE,left,615,NGIQ-BR-00000205,"Left Lateral occipital cortex, Brainnetome 4_2",G3_MESO_FINE,left,contained_in,spatial_overlap,0.873199,0.135864,,,True,proposed,pending,FALSE,FALSE,APPROVE_CONTAINED_IN,OWNER_CONFIRMED_CONTAINED,NESTED_COMPATIBLE_FAMILY,,"{""brainnetome_probability_asset"": ""data/atlases/brainnetome/bna246/volume_raw/BNA_PM_4D.nii.gz"", ""decision_artifact"": ""g4_g3_final_scientific_decisions.csv"", ""decision_reason_code"": ""OWNER_CONFIRMED_CONTAINED"", ""evidence_2g_probability_overlap"": ""g4_g3_probability_overlap_summary.json"", ""evidence_2h_interpretation"": ""g4_g3_overlap_interpretation_profiles.csv"", ""evidence_2ia_policy"": ""g4_g3_scientific_decision_policy_v1.csv"", ""evidence_2ib_owner_revision"": ""g4_g3_owner_policy_revision_v1.csv"", ""evidence_2ic_final_decision"": ""g4_g3_final_scientific_decision_summary.json"", ""expert_approved"": false, ""final_scientific_policy"": ""G4_G3_FINAL_SCIENTIFIC_POLICY_V1"", ""human_reviewed"": false, ""julich_probability_asset"": ""data/atlases/julich/v3.1/spatial_raw/probability_maps/"", ""julich_spatial_component_asset"": ""AREA_HOC5_LOC_LEFT.nii.gz"", ""julich_spatial_component_id"": ""JULICH_BRAIN_CYTOARCHITECTONIC_ATLAS_V3_1_AREA_HOC5_LOC"", ""mapping_method_field"": ""spatial_overlap"", ""owner_scientific_review_status"": ""OWNER_SCIENTIFIC_REVIEWED"", ""phase"": ""G4_G3_MAPPING_CANDIDATE_STAGING_V1"", ""production_review_status"": ""pending"", ""relation_artifact"": ""g4_g3_final_relation_decisions.csv"", ""scientific_method"": ""Julich probability x Brainnetome probability + TemplateFlow nonlinear transform + probability-weighted overlap + hard-label auxiliary containment + owner scientific review"", ""semantic_compatibility_status"": ""NESTED_COMPATIBLE_FAMILY"", ""source_canonical_g4_id"": ""NGIQ-BR-00000628"", ""source_coverage_ratio"": 0.8731985695572347, ""target_canonical_g3_id"": ""NGIQ-BR-00000205"", ""target_coverage_ratio"": 0.1358637152685507, ""transform_provenance"": ""data/atlases/templateflow_ref (MNI152NLin2009cAsym_from-MNI152NLin6Asym)""}"
G4G3-STAGE-AAA0360A2701581D7246,1720,NGIQ-BR-00000629,Area hOc4la (LOC) right,G4_MICROSTRUCTURAL_FINE,right,618,NGIQ-BR-00000206,"Right Lateral occipital cortex, Brainnetome 4_2",G3_MESO_FINE,right,dominant_overlap,spatial_overlap,0.613031,0.258562,,,False,proposed,pending,FALSE,FALSE,APPROVE_DOMINANT_OVERLAP,DOMINANT_CRITERIA_V1,,,"{""brainnetome_probability_asset"": ""data/atlases/brainnetome/bna246/volume_raw/BNA_PM_4D.nii.gz"", ""decision_artifact"": ""g4_g3_final_scientific_decisions.csv"", ""decision_reason_code"": ""DOMINANT_CRITERIA_V1"", ""evidence_2g_probability_overlap"": ""g4_g3_probability_overlap_summary.json"", ""evidence_2h_interpretation"": ""g4_g3_overlap_interpretation_profiles.csv"", ""evidence_2ia_policy"": ""g4_g3_scientific_decision_policy_v1.csv"", ""evidence_2ib_owner_revision"": ""g4_g3_owner_policy_revision_v1.csv"", ""evidence_2ic_final_decision"": ""g4_g3_final_scientific_decision_summary.json"", ""expert_approved"": false, ""final_scientific_policy"": ""G4_G3_FINAL_SCIENTIFIC_POLICY_V1"", ""human_reviewed"": false, ""julich_probability_asset"": ""data/atlases/julich/v3.1/spatial_raw/probability_maps/"", ""julich_spatial_component_asset"": ""AREA_HOC4LA_LOC_RIGHT.nii.gz"", ""julich_spatial_component_id"": ""JULICH_BRAIN_CYTOARCHITECTONIC_ATLAS_V3_1_AREA_HOC4LA_LOC"", ""mapping_method_field"": ""spatial_overlap"", ""owner_scientific_review_status"": ""OWNER_SCIENTIFIC_REVIEWED"", ""phase"": ""G4_G3_MAPPING_CANDIDATE_STAGING_V1"", ""production_review_status"": ""pending"", ""relation_artifact"": ""g4_g3_final_relation_decisions.csv"", ""scientific_method"": ""Julich probability x Brainnetome probability + TemplateFlow nonlinear transform + probability-weighted overlap + hard-label auxiliary containment + owner scientific review"", ""semantic_compatibility_status"": null, ""source_canonical_g4_id"": ""NGIQ-BR-00000629"", ""source_coverage_ratio"": 0.6130310855552787, ""target_canonical_g3_id"": ""NGIQ-BR-00000206"", ""target_coverage_ratio"": 0.25856166872730774, ""transform_provenance"": ""data/atlases/templateflow_ref (MNI152NLin2009cAsym_from-MNI152NLin6Asym)""}"
G4G3-STAGE-0D6AE5DAB7AD47BF18D9,1723,NGIQ-BR-00000630,Area hOc4la (LOC) left,G4_MICROSTRUCTURAL_FINE,left,615,NGIQ-BR-00000205,"Left Lateral occipital cortex, Brainnetome 4_2",G3_MESO_FINE,left,partial_overlap,spatial_overlap,0.495527,0.257154,,,False,proposed,pending,FALSE,FALSE,PARTIAL_OVERLAP,OWNER_CONFIRMED_PARTIAL,,,"{""brainnetome_probability_asset"": ""data/atlases/brainnetome/bna246/volume_raw/BNA_PM_4D.nii.gz"", ""decision_artifact"": ""g4_g3_final_scientific_decisions.csv"", ""decision_reason_code"": ""OWNER_CONFIRMED_PARTIAL"", ""evidence_2g_probability_overlap"": ""g4_g3_probability_overlap_summary.json"", ""evidence_2h_interpretation"": ""g4_g3_overlap_interpretation_profiles.csv"", ""evidence_2ia_policy"": ""g4_g3_scientific_decision_policy_v1.csv"", ""evidence_2ib_owner_revision"": ""g4_g3_owner_policy_revision_v1.csv"", ""evidence_2ic_final_decision"": ""g4_g3_final_scientific_decision_summary.json"", ""expert_approved"": false, ""final_scientific_policy"": ""G4_G3_FINAL_SCIENTIFIC_POLICY_V1"", ""human_reviewed"": false, ""julich_probability_asset"": ""data/atlases/julich/v3.1/spatial_raw/probability_maps/"", ""julich_spatial_component_asset"": ""AREA_HOC4LA_LOC_LEFT.nii.gz"", ""julich_spatial_component_id"": ""JULICH_BRAIN_CYTOARCHITECTONIC_ATLAS_V3_1_AREA_HOC4LA_LOC"", ""mapping_method_field"": ""spatial_overlap"", ""owner_scientific_review_status"": ""OWNER_SCIENTIFIC_REVIEWED"", ""phase"": ""G4_G3_MAPPING_CANDIDATE_STAGING_V1"", ""production_review_status"": ""pending"", ""relation_artifact"": ""g4_g3_final_relation_decisions.csv"", ""scientific_method"": ""Julich probability x Brainnetome probability + TemplateFlow nonlinear transform + probability-weighted overlap + hard-label auxiliary containment + owner scientific review"", ""semantic_compatibility_status"": null, ""source_canonical_g4_id"": ""NGIQ-BR-00000630"", ""source_coverage_ratio"": 0.49552660461300724, ""target_canonical_g3_id"": ""NGIQ-BR-00000205"", ""target_coverage_ratio"": 0.2571539373569101, ""transform_provenance"": ""data/atlases/templateflow_ref (MNI152NLin2009cAsym_from-MNI152NLin6Asym)""}"
G4G3-STAGE-E8323D91FE0D8FFC9AC1,1723,NGIQ-BR-00000630,Area hOc4la (LOC) left,G4_MICROSTRUCTURAL_FINE,left,627,NGIQ-BR-00000209,"Left Lateral occipital cortex, Brainnetome 4_4",G3_MESO_FINE,left,partial_overlap,spatial_overlap,0.246015,0.079674,,,False,proposed,pending,FALSE,FALSE,PARTIAL_OVERLAP,OWNER_CONFIRMED_PARTIAL,,,"{""brainnetome_probability_asset"": ""data/atlases/brainnetome/bna246/volume_raw/BNA_PM_4D.nii.gz"", ""decision_artifact"": ""g4_g3_final_scientific_decisions.csv"", ""decision_reason_code"": ""OWNER_CONFIRMED_PARTIAL"", ""evidence_2g_probability_overlap"": ""g4_g3_probability_overlap_summary.json"", ""evidence_2h_interpretation"": ""g4_g3_overlap_interpretation_profiles.csv"", ""evidence_2ia_policy"": ""g4_g3_scientific_decision_policy_v1.csv"", ""evidence_2ib_owner_revision"": ""g4_g3_owner_policy_revision_v1.csv"", ""evidence_2ic_final_decision"": ""g4_g3_final_scientific_decision_summary.json"", ""expert_approved"": false, ""final_scientific_policy"": ""G4_G3_FINAL_SCIENTIFIC_POLICY_V1"", ""human_reviewed"": false, ""julich_probability_asset"": ""data/atlases/julich/v3.1/spatial_raw/probability_maps/"", ""julich_spatial_component_asset"": ""AREA_HOC4LA_LOC_LEFT.nii.gz"", ""julich_spatial_component_id"": ""JULICH_BRAIN_CYTOARCHITECTONIC_ATLAS_V3_1_AREA_HOC4LA_LOC"", ""mapping_method_field"": ""spatial_overlap"", ""owner_scientific_review_status"": ""OWNER_SCIENTIFIC_REVIEWED"", ""phase"": ""G4_G3_MAPPING_CANDIDATE_STAGING_V1"", ""production_review_status"": ""pending"", ""relation_artifact"": ""g4_g3_final_relation_decisions.csv"", ""scientific_method"": ""Julich probability x Brainnetome probability + TemplateFlow nonlinear transform + probability-weighted overlap + hard-label auxiliary containment + owner scientific review"", ""semantic_compatibility_status"": null, ""source_canonical_g4_id"": ""NGIQ-BR-00000630"", ""source_coverage_ratio"": 0.24601511005786328, ""target_canonical_g3_id"": ""NGIQ-BR-00000209"", ""target_coverage_ratio"": 0.07967392827994682, ""transform_provenance"": ""data/atlases/templateflow_ref (MNI152NLin2009cAsym_from-MNI152NLin6Asym)""}"
G4G3-STAGE-928EA1EADB97D68C7CB5,1768,NGIQ-BR-00000645,Area s32 (sACC) right,G4_MICROSTRUCTURAL_FINE,right,174,NGIQ-BR-00000058,"Right Orbital gyrus, Brainnetome 6_1",G3_MESO_FINE,right,dominant_overlap,spatial_overlap,0.713236,0.072572,,,False,proposed,pending,FALSE,FALSE,APPROVE_DOMINANT_OVERLAP,DOMINANT_CRITERIA_V1,,,"{""brainnetome_probability_asset"": ""data/atlases/brainnetome/bna246/volume_raw/BNA_PM_4D.nii.gz"", ""decision_artifact"": ""g4_g3_final_scientific_decisions.csv"", ""decision_reason_code"": ""DOMINANT_CRITERIA_V1"", ""evidence_2g_probability_overlap"": ""g4_g3_probability_overlap_summary.json"", ""evidence_2h_interpretation"": ""g4_g3_overlap_interpretation_profiles.csv"", ""evidence_2ia_policy"": ""g4_g3_scientific_decision_policy_v1.csv"", ""evidence_2ib_owner_revision"": ""g4_g3_owner_policy_revision_v1.csv"", ""evidence_2ic_final_decision"": ""g4_g3_final_scientific_decision_summary.json"", ""expert_approved"": false, ""final_scientific_policy"": ""G4_G3_FINAL_SCIENTIFIC_POLICY_V1"", ""human_reviewed"": false, ""julich_probability_asset"": ""data/atlases/julich/v3.1/spatial_raw/probability_maps/"", ""julich_spatial_component_asset"": ""AREA_S32_SACC_RIGHT.nii.gz"", ""julich_spatial_component_id"": ""JULICH_BRAIN_CYTOARCHITECTONIC_ATLAS_V3_1_AREA_S32_SACC"", ""mapping_method_field"": ""spatial_overlap"", ""owner_scientific_review_status"": ""OWNER_SCIENTIFIC_REVIEWED"", ""phase"": ""G4_G3_MAPPING_CANDIDATE_STAGING_V1"", ""production_review_status"": ""pending"", ""relation_artifact"": ""g4_g3_final_relation_decisions.csv"", ""scientific_method"": ""Julich probability x Brainnetome probability + TemplateFlow nonlinear transform + probability-weighted overlap + hard-label auxiliary containment + owner scientific review"", ""semantic_compatibility_status"": null, ""source_canonical_g4_id"": ""NGIQ-BR-00000645"", ""source_coverage_ratio"": 0.7132358732264764, ""target_canonical_g3_id"": ""NGIQ-BR-00000058"", ""target_coverage_ratio"": 0.07257195503964194, ""transform_provenance"": ""data/atlases/templateflow_ref (MNI152NLin2009cAsym_from-MNI152NLin6Asym)""}"
G4G3-STAGE-78C81EDCF696FD857B25,1771,NGIQ-BR-00000646,Area s32 (sACC) left,G4_MICROSTRUCTURAL_FINE,left,195,NGIQ-BR-00000065,"Left Orbital gyrus, Brainnetome 6_5",G3_MESO_FINE,left,partial_overlap,spatial_overlap,0.384745,0.040538,,,False,proposed,pending,FALSE,FALSE,PARTIAL_OVERLAP,OWNER_CONFIRMED_PARTIAL,,,"{""brainnetome_probability_asset"": ""data/atlases/brainnetome/bna246/volume_raw/BNA_PM_4D.nii.gz"", ""decision_artifact"": ""g4_g3_final_scientific_decisions.csv"", ""decision_reason_code"": ""OWNER_CONFIRMED_PARTIAL"", ""evidence_2g_probability_overlap"": ""g4_g3_probability_overlap_summary.json"", ""evidence_2h_interpretation"": ""g4_g3_overlap_interpretation_profiles.csv"", ""evidence_2ia_policy"": ""g4_g3_scientific_decision_policy_v1.csv"", ""evidence_2ib_owner_revision"": ""g4_g3_owner_policy_revision_v1.csv"", ""evidence_2ic_final_decision"": ""g4_g3_final_scientific_decision_summary.json"", ""expert_approved"": false, ""final_scientific_policy"": ""G4_G3_FINAL_SCIENTIFIC_POLICY_V1"", ""human_reviewed"": false, ""julich_probability_asset"": ""data/atlases/julich/v3.1/spatial_raw/probability_maps/"", ""julich_spatial_component_asset"": ""AREA_S32_SACC_LEFT.nii.gz"", ""julich_spatial_component_id"": ""JULICH_BRAIN_CYTOARCHITECTONIC_ATLAS_V3_1_AREA_S32_SACC"", ""mapping_method_field"": ""spatial_overlap"", ""owner_scientific_review_status"": ""OWNER_SCIENTIFIC_REVIEWED"", ""phase"": ""G4_G3_MAPPING_CANDIDATE_STAGING_V1"", ""production_review_status"": ""pending"", ""relation_artifact"": ""g4_g3_final_relation_decisions.csv"", ""scientific_method"": ""Julich probability x Brainnetome probability + TemplateFlow nonlinear transform + probability-weighted overlap + hard-label auxiliary containment + owner scientific review"", ""semantic_compatibility_status"": null, ""source_canonical_g4_id"": ""NGIQ-BR-00000646"", ""source_coverage_ratio"": 0.38474467813027025, ""target_canonical_g3_id"": ""NGIQ-BR-00000065"", ""target_coverage_ratio"": 0.04053777361966926, ""transform_provenance"": ""data/atlases/templateflow_ref (MNI152NLin2009cAsym_from-MNI152NLin6Asym)""}"
G4G3-STAGE-4C5D338AEC52FB82B490,1771,NGIQ-BR-00000646,Area s32 (sACC) left,G4_MICROSTRUCTURAL_FINE,left,579,NGIQ-BR-00000193,"Left Cingulate gyrus, Brainnetome 7_7",G3_MESO_FINE,left,partial_overlap,spatial_overlap,0.332813,0.048346,,,False,proposed,pending,FALSE,FALSE,PARTIAL_OVERLAP,OWNER_CONFIRMED_PARTIAL,,,"{""brainnetome_probability_asset"": ""data/atlases/brainnetome/bna246/volume_raw/BNA_PM_4D.nii.gz"", ""decision_artifact"": ""g4_g3_final_scientific_decisions.csv"", ""decision_reason_code"": ""OWNER_CONFIRMED_PARTIAL"", ""evidence_2g_probability_overlap"": ""g4_g3_probability_overlap_summary.json"", ""evidence_2h_interpretation"": ""g4_g3_overlap_interpretation_profiles.csv"", ""evidence_2ia_policy"": ""g4_g3_scientific_decision_policy_v1.csv"", ""evidence_2ib_owner_revision"": ""g4_g3_owner_policy_revision_v1.csv"", ""evidence_2ic_final_decision"": ""g4_g3_final_scientific_decision_summary.json"", ""expert_approved"": false, ""final_scientific_policy"": ""G4_G3_FINAL_SCIENTIFIC_POLICY_V1"", ""human_reviewed"": false, ""julich_probability_asset"": ""data/atlases/julich/v3.1/spatial_raw/probability_maps/"", ""julich_spatial_component_asset"": ""AREA_S32_SACC_LEFT.nii.gz"", ""julich_spatial_component_id"": ""JULICH_BRAIN_CYTOARCHITECTONIC_ATLAS_V3_1_AREA_S32_SACC"", ""mapping_method_field"": ""spatial_overlap"", ""owner_scientific_review_status"": ""OWNER_SCIENTIFIC_REVIEWED"", ""phase"": ""G4_G3_MAPPING_CANDIDATE_STAGING_V1"", ""production_review_status"": ""pending"", ""relation_artifact"": ""g4_g3_final_relation_decisions.csv"", ""scientific_method"": ""Julich probability x Brainnetome probability + TemplateFlow nonlinear transform + probability-weighted overlap + hard-label auxiliary containment + owner scientific review"", ""semantic_compatibility_status"": null, ""source_canonical_g4_id"": ""NGIQ-BR-00000646"", ""source_coverage_ratio"": 0.33281316581409015, ""target_canonical_g3_id"": ""NGIQ-BR-00000193"", ""target_coverage_ratio"": 0.04834566912608744, ""transform_provenance"": ""data/atlases/templateflow_ref (MNI152NLin2009cAsym_from-MNI152NLin6Asym)""}"
G4G3-STAGE-FDBEDD830208B55E1A04,1771,NGIQ-BR-00000646,Area s32 (sACC) left,G4_MICROSTRUCTURAL_FINE,left,171,NGIQ-BR-00000057,"Left Orbital gyrus, Brainnetome 6_1",G3_MESO_FINE,left,partial_overlap,spatial_overlap,0.192939,0.050587,,,False,proposed,pending,FALSE,FALSE,PARTIAL_OVERLAP,OWNER_CONFIRMED_PARTIAL,,,"{""brainnetome_probability_asset"": ""data/atlases/brainnetome/bna246/volume_raw/BNA_PM_4D.nii.gz"", ""decision_artifact"": ""g4_g3_final_scientific_decisions.csv"", ""decision_reason_code"": ""OWNER_CONFIRMED_PARTIAL"", ""evidence_2g_probability_overlap"": ""g4_g3_probability_overlap_summary.json"", ""evidence_2h_interpretation"": ""g4_g3_overlap_interpretation_profiles.csv"", ""evidence_2ia_policy"": ""g4_g3_scientific_decision_policy_v1.csv"", ""evidence_2ib_owner_revision"": ""g4_g3_owner_policy_revision_v1.csv"", ""evidence_2ic_final_decision"": ""g4_g3_final_scientific_decision_summary.json"", ""expert_approved"": false, ""final_scientific_policy"": ""G4_G3_FINAL_SCIENTIFIC_POLICY_V1"", ""human_reviewed"": false, ""julich_probability_asset"": ""data/atlases/julich/v3.1/spatial_raw/probability_maps/"", ""julich_spatial_component_asset"": ""AREA_S32_SACC_LEFT.nii.gz"", ""julich_spatial_component_id"": ""JULICH_BRAIN_CYTOARCHITECTONIC_ATLAS_V3_1_AREA_S32_SACC"", ""mapping_method_field"": ""spatial_overlap"", ""owner_scientific_review_status"": ""OWNER_SCIENTIFIC_REVIEWED"", ""phase"": ""G4_G3_MAPPING_CANDIDATE_STAGING_V1"", ""production_review_status"": ""pending"", ""relation_artifact"": ""g4_g3_final_relation_decisions.csv"", ""scientific_method"": ""Julich probability x Brainnetome probability + TemplateFlow nonlinear transform + probability-weighted overlap + hard-label auxiliary containment + owner scientific review"", ""semantic_compatibility_status"": null, ""source_canonical_g4_id"": ""NGIQ-BR-00000646"", ""source_coverage_ratio"": 0.19293918374027713, ""target_canonical_g3_id"": ""NGIQ-BR-00000057"", ""target_coverage_ratio"": 0.05058686147377164, ""transform_provenance"": ""data/atlases/templateflow_ref (MNI152NLin2009cAsym_from-MNI152NLin6Asym)""}"
G4G3-STAGE-1BFE52A1FA80CE586AF2,1780,NGIQ-BR-00000649,Area p32 (pACC) right,G4_MICROSTRUCTURAL_FINE,right,96,NGIQ-BR-00000032,"Right Superior frontal gyrus, Brainnetome 7_7",G3_MESO_FINE,right,partial_overlap,spatial_overlap,0.406256,0.154255,,,False,proposed,pending,FALSE,FALSE,PARTIAL_OVERLAP,OWNER_CONFIRMED_PARTIAL,,,"{""brainnetome_probability_asset"": ""data/atlases/brainnetome/bna246/volume_raw/BNA_PM_4D.nii.gz"", ""decision_artifact"": ""g4_g3_final_scientific_decisions.csv"", ""decision_reason_code"": ""OWNER_CONFIRMED_PARTIAL"", ""evidence_2g_probability_overlap"": ""g4_g3_probability_overlap_summary.json"", ""evidence_2h_interpretation"": ""g4_g3_overlap_interpretation_profiles.csv"", ""evidence_2ia_policy"": ""g4_g3_scientific_decision_policy_v1.csv"", ""evidence_2ib_owner_revision"": ""g4_g3_owner_policy_revision_v1.csv"", ""evidence_2ic_final_decision"": ""g4_g3_final_scientific_decision_summary.json"", ""expert_approved"": false, ""final_scientific_policy"": ""G4_G3_FINAL_SCIENTIFIC_POLICY_V1"", ""human_reviewed"": false, ""julich_probability_asset"": ""data/atlases/julich/v3.1/spatial_raw/probability_maps/"", ""julich_spatial_component_asset"": ""AREA_P32_PACC_RIGHT.nii.gz"", ""julich_spatial_component_id"": ""JULICH_BRAIN_CYTOARCHITECTONIC_ATLAS_V3_1_AREA_P32_PACC"", ""mapping_method_field"": ""spatial_overlap"", ""owner_scientific_review_status"": ""OWNER_SCIENTIFIC_REVIEWED"", ""phase"": ""G4_G3_MAPPING_CANDIDATE_STAGING_V1"", ""production_review_status"": ""pending"", ""relation_artifact"": ""g4_g3_final_relation_decisions.csv"", ""scientific_method"": ""Julich probability x Brainnetome probability + TemplateFlow nonlinear transform + probability-weighted overlap + hard-label auxiliary containment + owner scientific review"", ""semantic_compatibility_status"": null, ""source_canonical_g4_id"": ""NGIQ-BR-00000649"", ""source_coverage_ratio"": 0.4062557162099748, ""target_canonical_g3_id"": ""NGIQ-BR-00000032"", ""target_coverage_ratio"": 0.15425529173584693, ""transform_provenance"": ""data/atlases/templateflow_ref (MNI152NLin2009cAsym_from-MNI152NLin6Asym)""}"
G4G3-STAGE-99523CFC20056B88D488,1780,NGIQ-BR-00000649,Area p32 (pACC) right,G4_MICROSTRUCTURAL_FINE,right,174,NGIQ-BR-00000058,"Right Orbital gyrus, Brainnetome 6_1",G3_MESO_FINE,right,partial_overlap,spatial_overlap,0.290187,0.144193,,,False,proposed,pending,FALSE,FALSE,PARTIAL_OVERLAP,OWNER_CONFIRMED_PARTIAL,,,"{""brainnetome_probability_asset"": ""data/atlases/brainnetome/bna246/volume_raw/BNA_PM_4D.nii.gz"", ""decision_artifact"": ""g4_g3_final_scientific_decisions.csv"", ""decision_reason_code"": ""OWNER_CONFIRMED_PARTIAL"", ""evidence_2g_probability_overlap"": ""g4_g3_probability_overlap_summary.json"", ""evidence_2h_interpretation"": ""g4_g3_overlap_interpretation_profiles.csv"", ""evidence_2ia_policy"": ""g4_g3_scientific_decision_policy_v1.csv"", ""evidence_2ib_owner_revision"": ""g4_g3_owner_policy_revision_v1.csv"", ""evidence_2ic_final_decision"": ""g4_g3_final_scientific_decision_summary.json"", ""expert_approved"": false, ""final_scientific_policy"": ""G4_G3_FINAL_SCIENTIFIC_POLICY_V1"", ""human_reviewed"": false, ""julich_probability_asset"": ""data/atlases/julich/v3.1/spatial_raw/probability_maps/"", ""julich_spatial_component_asset"": ""AREA_P32_PACC_RIGHT.nii.gz"", ""julich_spatial_component_id"": ""JULICH_BRAIN_CYTOARCHITECTONIC_ATLAS_V3_1_AREA_P32_PACC"", ""mapping_method_field"": ""spatial_overlap"", ""owner_scientific_review_status"": ""OWNER_SCIENTIFIC_REVIEWED"", ""phase"": ""G4_G3_MAPPING_CANDIDATE_STAGING_V1"", ""production_review_status"": ""pending"", ""relation_artifact"": ""g4_g3_final_relation_decisions.csv"", ""scientific_method"": ""Julich probability x Brainnetome probability + TemplateFlow nonlinear transform + probability-weighted overlap + hard-label auxiliary containment + owner scientific review"", ""semantic_compatibility_status"": null, ""source_canonical_g4_id"": ""NGIQ-BR-00000649"", ""source_coverage_ratio"": 0.2901867089196823, ""target_canonical_g3_id"": ""NGIQ-BR-00000058"", ""target_coverage_ratio"": 0.14419345516167933, ""transform_provenance"": ""data/atlases/templateflow_ref (MNI152NLin2009cAsym_from-MNI152NLin6Asym)""}"
G4G3-STAGE-1014FF22255AE2C35E11,1780,NGIQ-BR-00000649,Area p32 (pACC) right,G4_MICROSTRUCTURAL_FINE,right,90,NGIQ-BR-00000030,"Right Superior frontal gyrus, Brainnetome 7_6",G3_MESO_FINE,right,partial_overlap,spatial_overlap,0.155149,0.080044,,,False,proposed,pending,FALSE,FALSE,PARTIAL_OVERLAP,OWNER_CONFIRMED_PARTIAL,,,"{""brainnetome_probability_asset"": ""data/atlases/brainnetome/bna246/volume_raw/BNA_PM_4D.nii.gz"", ""decision_artifact"": ""g4_g3_final_scientific_decisions.csv"", ""decision_reason_code"": ""OWNER_CONFIRMED_PARTIAL"", ""evidence_2g_probability_overlap"": ""g4_g3_probability_overlap_summary.json"", ""evidence_2h_interpretation"": ""g4_g3_overlap_interpretation_profiles.csv"", ""evidence_2ia_policy"": ""g4_g3_scientific_decision_policy_v1.csv"", ""evidence_2ib_owner_revision"": ""g4_g3_owner_policy_revision_v1.csv"", ""evidence_2ic_final_decision"": ""g4_g3_final_scientific_decision_summary.json"", ""expert_approved"": false, ""final_scientific_policy"": ""G4_G3_FINAL_SCIENTIFIC_POLICY_V1"", ""human_reviewed"": false, ""julich_probability_asset"": ""data/atlases/julich/v3.1/spatial_raw/probability_maps/"", ""julich_spatial_component_asset"": ""AREA_P32_PACC_RIGHT.nii.gz"", ""julich_spatial_component_id"": ""JULICH_BRAIN_CYTOARCHITECTONIC_ATLAS_V3_1_AREA_P32_PACC"", ""mapping_method_field"": ""spatial_overlap"", ""owner_scientific_review_status"": ""OWNER_SCIENTIFIC_REVIEWED"", ""phase"": ""G4_G3_MAPPING_CANDIDATE_STAGING_V1"", ""production_review_status"": ""pending"", ""relation_artifact"": ""g4_g3_final_relation_decisions.csv"", ""scientific_method"": ""Julich probability x Brainnetome probability + TemplateFlow nonlinear transform + probability-weighted overlap + hard-label auxiliary containment + owner scientific review"", ""semantic_compatibility_status"": null, ""source_canonical_g4_id"": ""NGIQ-BR-00000649"", ""source_coverage_ratio"": 0.15514905458076747, ""target_canonical_g3_id"": ""NGIQ-BR-00000030"", ""target_coverage_ratio"": 0.08004426766667595, ""transform_provenance"": ""data/atlases/templateflow_ref (MNI152NLin2009cAsym_from-MNI152NLin6Asym)""}"
G4G3-STAGE-7A1B5E3A1DF621EE730B,1783,NGIQ-BR-00000650,Area p32 (pACC) left,G4_MICROSTRUCTURAL_FINE,left,93,NGIQ-BR-00000031,"Left Superior frontal gyrus, Brainnetome 7_7",G3_MESO_FINE,left,dominant_overlap,spatial_overlap,0.51366,0.198428,,,False,proposed,pending,FALSE,FALSE,APPROVE_DOMINANT_OVERLAP,DOMINANT_CRITERIA_V1,,BOUNDARY_METRIC,"{""brainnetome_probability_asset"": ""data/atlases/brainnetome/bna246/volume_raw/BNA_PM_4D.nii.gz"", ""decision_artifact"": ""g4_g3_final_scientific_decisions.csv"", ""decision_reason_code"": ""DOMINANT_CRITERIA_V1"", ""evidence_2g_probability_overlap"": ""g4_g3_probability_overlap_summary.json"", ""evidence_2h_interpretation"": ""g4_g3_overlap_interpretation_profiles.csv"", ""evidence_2ia_policy"": ""g4_g3_scientific_decision_policy_v1.csv"", ""evidence_2ib_owner_revision"": ""g4_g3_owner_policy_revision_v1.csv"", ""evidence_2ic_final_decision"": ""g4_g3_final_scientific_decision_summary.json"", ""expert_approved"": false, ""final_scientific_policy"": ""G4_G3_FINAL_SCIENTIFIC_POLICY_V1"", ""human_reviewed"": false, ""julich_probability_asset"": ""data/atlases/julich/v3.1/spatial_raw/probability_maps/"", ""julich_spatial_component_asset"": ""AREA_P32_PACC_LEFT.nii.gz"", ""julich_spatial_component_id"": ""JULICH_BRAIN_CYTOARCHITECTONIC_ATLAS_V3_1_AREA_P32_PACC"", ""mapping_method_field"": ""spatial_overlap"", ""owner_scientific_review_status"": ""OWNER_SCIENTIFIC_REVIEWED"", ""phase"": ""G4_G3_MAPPING_CANDIDATE_STAGING_V1"", ""production_review_status"": ""pending"", ""relation_artifact"": ""g4_g3_final_relation_decisions.csv"", ""scientific_method"": ""Julich probability x Brainnetome probability + TemplateFlow nonlinear transform + probability-weighted overlap + hard-label auxiliary containment + owner scientific review"", ""semantic_compatibility_status"": null, ""source_canonical_g4_id"": ""NGIQ-BR-00000650"", ""source_coverage_ratio"": 0.5136601210697487, ""target_canonical_g3_id"": ""NGIQ-BR-00000031"", ""target_coverage_ratio"": 0.1984277140549568, ""transform_provenance"": ""data/atlases/templateflow_ref (MNI152NLin2009cAsym_from-MNI152NLin6Asym)""}"
G4G3-STAGE-62EAFB6DBEA619DA98B5,1822,NGIQ-BR-00000663,HATA (Hippocampus) right,G4_MICROSTRUCTURAL_FINE,right,54,NGIQ-BR-00000018,"Right Hippocampus, Brainnetome 2_1",G3_MESO_FINE,right,dominant_overlap,spatial_overlap,0.805938,0.025923,,,False,proposed,pending,FALSE,FALSE,APPROVE_DOMINANT_OVERLAP,DOMINANT_CRITERIA_V1,,,"{""brainnetome_probability_asset"": ""data/atlases/brainnetome/bna246/volume_raw/BNA_PM_4D.nii.gz"", ""decision_artifact"": ""g4_g3_final_scientific_decisions.csv"", ""decision_reason_code"": ""DOMINANT_CRITERIA_V1"", ""evidence_2g_probability_overlap"": ""g4_g3_probability_overlap_summary.json"", ""evidence_2h_interpretation"": ""g4_g3_overlap_interpretation_profiles.csv"", ""evidence_2ia_policy"": ""g4_g3_scientific_decision_policy_v1.csv"", ""evidence_2ib_owner_revision"": ""g4_g3_owner_policy_revision_v1.csv"", ""evidence_2ic_final_decision"": ""g4_g3_final_scientific_decision_summary.json"", ""expert_approved"": false, ""final_scientific_policy"": ""G4_G3_FINAL_SCIENTIFIC_POLICY_V1"", ""human_reviewed"": false, ""julich_probability_asset"": ""data/atlases/julich/v3.1/spatial_raw/probability_maps/"", ""julich_spatial_component_asset"": ""HATA_HIPPOCAMPUS_RIGHT.nii.gz"", ""julich_spatial_component_id"": ""JULICH_BRAIN_CYTOARCHITECTONIC_ATLAS_V3_1_HATA_HIPPOCAMPUS"", ""mapping_method_field"": ""spatial_overlap"", ""owner_scientific_review_status"": ""OWNER_SCIENTIFIC_REVIEWED"", ""phase"": ""G4_G3_MAPPING_CANDIDATE_STAGING_V1"", ""production_review_status"": ""pending"", ""relation_artifact"": ""g4_g3_final_relation_decisions.csv"", ""scientific_method"": ""Julich probability x Brainnetome probability + TemplateFlow nonlinear transform + probability-weighted overlap + hard-label auxiliary containment + owner scientific review"", ""semantic_compatibility_status"": null, ""source_canonical_g4_id"": ""NGIQ-BR-00000663"", ""source_coverage_ratio"": 0.8059378669640003, ""target_canonical_g3_id"": ""NGIQ-BR-00000018"", ""target_coverage_ratio"": 0.02592312153617175, ""transform_provenance"": ""data/atlases/templateflow_ref (MNI152NLin2009cAsym_from-MNI152NLin6Asym)""}"
G4G3-STAGE-8C08E694E47B9A023771,1825,NGIQ-BR-00000664,HATA (Hippocampus) left,G4_MICROSTRUCTURAL_FINE,left,51,NGIQ-BR-00000017,"Left Hippocampus, Brainnetome 2_1",G3_MESO_FINE,left,contained_in,spatial_overlap,0.874253,0.030066,,,True,proposed,pending,FALSE,FALSE,APPROVE_CONTAINED_IN,OWNER_CONFIRMED_CONTAINED,EXACT_FAMILY,,"{""brainnetome_probability_asset"": ""data/atlases/brainnetome/bna246/volume_raw/BNA_PM_4D.nii.gz"", ""decision_artifact"": ""g4_g3_final_scientific_decisions.csv"", ""decision_reason_code"": ""OWNER_CONFIRMED_CONTAINED"", ""evidence_2g_probability_overlap"": ""g4_g3_probability_overlap_summary.json"", ""evidence_2h_interpretation"": ""g4_g3_overlap_interpretation_profiles.csv"", ""evidence_2ia_policy"": ""g4_g3_scientific_decision_policy_v1.csv"", ""evidence_2ib_owner_revision"": ""g4_g3_owner_policy_revision_v1.csv"", ""evidence_2ic_final_decision"": ""g4_g3_final_scientific_decision_summary.json"", ""expert_approved"": false, ""final_scientific_policy"": ""G4_G3_FINAL_SCIENTIFIC_POLICY_V1"", ""human_reviewed"": false, ""julich_probability_asset"": ""data/atlases/julich/v3.1/spatial_raw/probability_maps/"", ""julich_spatial_component_asset"": ""HATA_HIPPOCAMPUS_LEFT.nii.gz"", ""julich_spatial_component_id"": ""JULICH_BRAIN_CYTOARCHITECTONIC_ATLAS_V3_1_HATA_HIPPOCAMPUS"", ""mapping_method_field"": ""spatial_overlap"", ""owner_scientific_review_status"": ""OWNER_SCIENTIFIC_REVIEWED"", ""phase"": ""G4_G3_MAPPING_CANDIDATE_STAGING_V1"", ""production_review_status"": ""pending"", ""relation_artifact"": ""g4_g3_final_relation_decisions.csv"", ""scientific_method"": ""Julich probability x Brainnetome probability + TemplateFlow nonlinear transform + probability-weighted overlap + hard-label auxiliary containment + owner scientific review"", ""semantic_compatibility_status"": ""EXACT_FAMILY"", ""source_canonical_g4_id"": ""NGIQ-BR-00000664"", ""source_coverage_ratio"": 0.8742532372333967, ""target_canonical_g3_id"": ""NGIQ-BR-00000017"", ""target_coverage_ratio"": 0.03006578240540708, ""transform_provenance"": ""data/atlases/templateflow_ref (MNI152NLin2009cAsym_from-MNI152NLin6Asym)""}"
G4G3-STAGE-CBE5092052BF6ED86F69,1828,NGIQ-BR-00000665,CA3 (Hippocampus) right,G4_MICROSTRUCTURAL_FINE,right,660,NGIQ-BR-00000220,"Right Hippocampus, Brainnetome 2_2",G3_MESO_FINE,right,partial_overlap,spatial_overlap,0.496597,0.067651,,,False,proposed,pending,FALSE,FALSE,PARTIAL_OVERLAP,OWNER_CONFIRMED_PARTIAL_SET_CONCORDANT,,,"{""brainnetome_probability_asset"": ""data/atlases/brainnetome/bna246/volume_raw/BNA_PM_4D.nii.gz"", ""decision_artifact"": ""g4_g3_final_scientific_decisions.csv"", ""decision_reason_code"": ""OWNER_CONFIRMED_PARTIAL_SET_CONCORDANT"", ""evidence_2g_probability_overlap"": ""g4_g3_probability_overlap_summary.json"", ""evidence_2h_interpretation"": ""g4_g3_overlap_interpretation_profiles.csv"", ""evidence_2ia_policy"": ""g4_g3_scientific_decision_policy_v1.csv"", ""evidence_2ib_owner_revision"": ""g4_g3_owner_policy_revision_v1.csv"", ""evidence_2ic_final_decision"": ""g4_g3_final_scientific_decision_summary.json"", ""expert_approved"": false, ""final_scientific_policy"": ""G4_G3_FINAL_SCIENTIFIC_POLICY_V1"", ""human_reviewed"": false, ""julich_probability_asset"": ""data/atlases/julich/v3.1/spatial_raw/probability_maps/"", ""julich_spatial_component_asset"": ""CA3_HIPPOCAMPUS_RIGHT.nii.gz"", ""julich_spatial_component_id"": ""JULICH_BRAIN_CYTOARCHITECTONIC_ATLAS_V3_1_CA3_HIPPOCAMPUS"", ""mapping_method_field"": ""spatial_overlap"", ""owner_scientific_review_status"": ""OWNER_SCIENTIFIC_REVIEWED"", ""phase"": ""G4_G3_MAPPING_CANDIDATE_STAGING_V1"", ""production_review_status"": ""pending"", ""relation_artifact"": ""g4_g3_final_relation_decisions.csv"", ""scientific_method"": ""Julich probability x Brainnetome probability + TemplateFlow nonlinear transform + probability-weighted overlap + hard-label auxiliary containment + owner scientific review"", ""semantic_compatibility_status"": null, ""source_canonical_g4_id"": ""NGIQ-BR-00000665"", ""source_coverage_ratio"": 0.49659705638125273, ""target_canonical_g3_id"": ""NGIQ-BR-00000220"", ""target_coverage_ratio"": 0.06765140377866292, ""transform_provenance"": ""data/atlases/templateflow_ref (MNI152NLin2009cAsym_from-MNI152NLin6Asym)""}"
G4G3-STAGE-94A0863BDF016D53F8C5,1828,NGIQ-BR-00000665,CA3 (Hippocampus) right,G4_MICROSTRUCTURAL_FINE,right,54,NGIQ-BR-00000018,"Right Hippocampus, Brainnetome 2_1",G3_MESO_FINE,right,partial_overlap,spatial_overlap,0.315659,0.070779,,,False,proposed,pending,FALSE,FALSE,PARTIAL_OVERLAP,OWNER_CONFIRMED_PARTIAL_SET_CONCORDANT,,,"{""brainnetome_probability_asset"": ""data/atlases/brainnetome/bna246/volume_raw/BNA_PM_4D.nii.gz"", ""decision_artifact"": ""g4_g3_final_scientific_decisions.csv"", ""decision_reason_code"": ""OWNER_CONFIRMED_PARTIAL_SET_CONCORDANT"", ""evidence_2g_probability_overlap"": ""g4_g3_probability_overlap_summary.json"", ""evidence_2h_interpretation"": ""g4_g3_overlap_interpretation_profiles.csv"", ""evidence_2ia_policy"": ""g4_g3_scientific_decision_policy_v1.csv"", ""evidence_2ib_owner_revision"": ""g4_g3_owner_policy_revision_v1.csv"", ""evidence_2ic_final_decision"": ""g4_g3_final_scientific_decision_summary.json"", ""expert_approved"": false, ""final_scientific_policy"": ""G4_G3_FINAL_SCIENTIFIC_POLICY_V1"", ""human_reviewed"": false, ""julich_probability_asset"": ""data/atlases/julich/v3.1/spatial_raw/probability_maps/"", ""julich_spatial_component_asset"": ""CA3_HIPPOCAMPUS_RIGHT.nii.gz"", ""julich_spatial_component_id"": ""JULICH_BRAIN_CYTOARCHITECTONIC_ATLAS_V3_1_CA3_HIPPOCAMPUS"", ""mapping_method_field"": ""spatial_overlap"", ""owner_scientific_review_status"": ""OWNER_SCIENTIFIC_REVIEWED"", ""phase"": ""G4_G3_MAPPING_CANDIDATE_STAGING_V1"", ""production_review_status"": ""pending"", ""relation_artifact"": ""g4_g3_final_relation_decisions.csv"", ""scientific_method"": ""Julich probability x Brainnetome probability + TemplateFlow nonlinear transform + probability-weighted overlap + hard-label auxiliary containment + owner scientific review"", ""semantic_compatibility_status"": null, ""source_canonical_g4_id"": ""NGIQ-BR-00000665"", ""source_coverage_ratio"": 0.31565865524394243, ""target_canonical_g3_id"": ""NGIQ-BR-00000018"", ""target_coverage_ratio"": 0.07077858039590915, ""transform_provenance"": ""data/atlases/templateflow_ref (MNI152NLin2009cAsym_from-MNI152NLin6Asym)""}"
G4G3-STAGE-129A808CF3D945CFF0BB,1831,NGIQ-BR-00000666,CA3 (Hippocampus) left,G4_MICROSTRUCTURAL_FINE,left,657,NGIQ-BR-00000219,"Left Hippocampus, Brainnetome 2_2",G3_MESO_FINE,left,partial_overlap,spatial_overlap,0.486206,0.073248,,,False,proposed,pending,FALSE,FALSE,PARTIAL_OVERLAP,OWNER_CONFIRMED_PARTIAL_SET_CONCORDANT,,,"{""brainnetome_probability_asset"": ""data/atlases/brainnetome/bna246/volume_raw/BNA_PM_4D.nii.gz"", ""decision_artifact"": ""g4_g3_final_scientific_decisions.csv"", ""decision_reason_code"": ""OWNER_CONFIRMED_PARTIAL_SET_CONCORDANT"", ""evidence_2g_probability_overlap"": ""g4_g3_probability_overlap_summary.json"", ""evidence_2h_interpretation"": ""g4_g3_overlap_interpretation_profiles.csv"", ""evidence_2ia_policy"": ""g4_g3_scientific_decision_policy_v1.csv"", ""evidence_2ib_owner_revision"": ""g4_g3_owner_policy_revision_v1.csv"", ""evidence_2ic_final_decision"": ""g4_g3_final_scientific_decision_summary.json"", ""expert_approved"": false, ""final_scientific_policy"": ""G4_G3_FINAL_SCIENTIFIC_POLICY_V1"", ""human_reviewed"": false, ""julich_probability_asset"": ""data/atlases/julich/v3.1/spatial_raw/probability_maps/"", ""julich_spatial_component_asset"": ""CA3_HIPPOCAMPUS_LEFT.nii.gz"", ""julich_spatial_component_id"": ""JULICH_BRAIN_CYTOARCHITECTONIC_ATLAS_V3_1_CA3_HIPPOCAMPUS"", ""mapping_method_field"": ""spatial_overlap"", ""owner_scientific_review_status"": ""OWNER_SCIENTIFIC_REVIEWED"", ""phase"": ""G4_G3_MAPPING_CANDIDATE_STAGING_V1"", ""production_review_status"": ""pending"", ""relation_artifact"": ""g4_g3_final_relation_decisions.csv"", ""scientific_method"": ""Julich probability x Brainnetome probability + TemplateFlow nonlinear transform + probability-weighted overlap + hard-label auxiliary containment + owner scientific review"", ""semantic_compatibility_status"": null, ""source_canonical_g4_id"": ""NGIQ-BR-00000666"", ""source_coverage_ratio"": 0.48620589596416103, ""target_canonical_g3_id"": ""NGIQ-BR-00000219"", ""target_coverage_ratio"": 0.07324842404689075, ""transform_provenance"": ""data/atlases/templateflow_ref (MNI152NLin2009cAsym_from-MNI152NLin6Asym)""}"
G4G3-STAGE-1FD70FDD64D83815D589,1831,NGIQ-BR-00000666,CA3 (Hippocampus) left,G4_MICROSTRUCTURAL_FINE,left,51,NGIQ-BR-00000017,"Left Hippocampus, Brainnetome 2_1",G3_MESO_FINE,left,partial_overlap,spatial_overlap,0.420612,0.079906,,,False,proposed,pending,FALSE,FALSE,PARTIAL_OVERLAP,OWNER_CONFIRMED_PARTIAL_SET_CONCORDANT,,,"{""brainnetome_probability_asset"": ""data/atlases/brainnetome/bna246/volume_raw/BNA_PM_4D.nii.gz"", ""decision_artifact"": ""g4_g3_final_scientific_decisions.csv"", ""decision_reason_code"": ""OWNER_CONFIRMED_PARTIAL_SET_CONCORDANT"", ""evidence_2g_probability_overlap"": ""g4_g3_probability_overlap_summary.json"", ""evidence_2h_interpretation"": ""g4_g3_overlap_interpretation_profiles.csv"", ""evidence_2ia_policy"": ""g4_g3_scientific_decision_policy_v1.csv"", ""evidence_2ib_owner_revision"": ""g4_g3_owner_policy_revision_v1.csv"", ""evidence_2ic_final_decision"": ""g4_g3_final_scientific_decision_summary.json"", ""expert_approved"": false, ""final_scientific_policy"": ""G4_G3_FINAL_SCIENTIFIC_POLICY_V1"", ""human_reviewed"": false, ""julich_probability_asset"": ""data/atlases/julich/v3.1/spatial_raw/probability_maps/"", ""julich_spatial_component_asset"": ""CA3_HIPPOCAMPUS_LEFT.nii.gz"", ""julich_spatial_component_id"": ""JULICH_BRAIN_CYTOARCHITECTONIC_ATLAS_V3_1_CA3_HIPPOCAMPUS"", ""mapping_method_field"": ""spatial_overlap"", ""owner_scientific_review_status"": ""OWNER_SCIENTIFIC_REVIEWED"", ""phase"": ""G4_G3_MAPPING_CANDIDATE_STAGING_V1"", ""production_review_status"": ""pending"", ""relation_artifact"": ""g4_g3_final_relation_decisions.csv"", ""scientific_method"": ""Julich probability x Brainnetome probability + TemplateFlow nonlinear transform + probability-weighted overlap + hard-label auxiliary containment + owner scientific review"", ""semantic_compatibility_status"": null, ""source_canonical_g4_id"": ""NGIQ-BR-00000666"", ""source_coverage_ratio"": 0.42061205249199, ""target_canonical_g3_id"": ""NGIQ-BR-00000017"", ""target_coverage_ratio"": 0.07990618006756739, ""transform_provenance"": ""data/atlases/templateflow_ref (MNI152NLin2009cAsym_from-MNI152NLin6Asym)""}"
G4G3-STAGE-4ACA0FF574DBFB641D86,1864,NGIQ-BR-00000677,DG (Hippocampus) right,G4_MICROSTRUCTURAL_FINE,right,660,NGIQ-BR-00000220,"Right Hippocampus, Brainnetome 2_2",G3_MESO_FINE,right,dominant_overlap,spatial_overlap,0.691802,0.159259,,,False,proposed,pending,FALSE,FALSE,APPROVE_DOMINANT_OVERLAP,DOMINANT_CRITERIA_V1,,,"{""brainnetome_probability_asset"": ""data/atlases/brainnetome/bna246/volume_raw/BNA_PM_4D.nii.gz"", ""decision_artifact"": ""g4_g3_final_scientific_decisions.csv"", ""decision_reason_code"": ""DOMINANT_CRITERIA_V1"", ""evidence_2g_probability_overlap"": ""g4_g3_probability_overlap_summary.json"", ""evidence_2h_interpretation"": ""g4_g3_overlap_interpretation_profiles.csv"", ""evidence_2ia_policy"": ""g4_g3_scientific_decision_policy_v1.csv"", ""evidence_2ib_owner_revision"": ""g4_g3_owner_policy_revision_v1.csv"", ""evidence_2ic_final_decision"": ""g4_g3_final_scientific_decision_summary.json"", ""expert_approved"": false, ""final_scientific_policy"": ""G4_G3_FINAL_SCIENTIFIC_POLICY_V1"", ""human_reviewed"": false, ""julich_probability_asset"": ""data/atlases/julich/v3.1/spatial_raw/probability_maps/"", ""julich_spatial_component_asset"": ""DG_HIPPOCAMPUS_RIGHT.nii.gz"", ""julich_spatial_component_id"": ""JULICH_BRAIN_CYTOARCHITECTONIC_ATLAS_V3_1_DG_HIPPOCAMPUS"", ""mapping_method_field"": ""spatial_overlap"", ""owner_scientific_review_status"": ""OWNER_SCIENTIFIC_REVIEWED"", ""phase"": ""G4_G3_MAPPING_CANDIDATE_STAGING_V1"", ""production_review_status"": ""pending"", ""relation_artifact"": ""g4_g3_final_relation_decisions.csv"", ""scientific_method"": ""Julich probability x Brainnetome probability + TemplateFlow nonlinear transform + probability-weighted overlap + hard-label auxiliary containment + owner scientific review"", ""semantic_compatibility_status"": null, ""source_canonical_g4_id"": ""NGIQ-BR-00000677"", ""source_coverage_ratio"": 0.6918023427932117, ""target_canonical_g3_id"": ""NGIQ-BR-00000220"", ""target_coverage_ratio"": 0.15925936363888868, ""transform_provenance"": ""data/atlases/templateflow_ref (MNI152NLin2009cAsym_from-MNI152NLin6Asym)""}"
G4G3-STAGE-228B81ABB87D4A204E40,1867,NGIQ-BR-00000678,DG (Hippocampus) left,G4_MICROSTRUCTURAL_FINE,left,657,NGIQ-BR-00000219,"Left Hippocampus, Brainnetome 2_2",G3_MESO_FINE,left,dominant_overlap,spatial_overlap,0.668969,0.176454,,,False,proposed,pending,FALSE,FALSE,APPROVE_DOMINANT_OVERLAP,DOMINANT_CRITERIA_V1,,,"{""brainnetome_probability_asset"": ""data/atlases/brainnetome/bna246/volume_raw/BNA_PM_4D.nii.gz"", ""decision_artifact"": ""g4_g3_final_scientific_decisions.csv"", ""decision_reason_code"": ""DOMINANT_CRITERIA_V1"", ""evidence_2g_probability_overlap"": ""g4_g3_probability_overlap_summary.json"", ""evidence_2h_interpretation"": ""g4_g3_overlap_interpretation_profiles.csv"", ""evidence_2ia_policy"": ""g4_g3_scientific_decision_policy_v1.csv"", ""evidence_2ib_owner_revision"": ""g4_g3_owner_policy_revision_v1.csv"", ""evidence_2ic_final_decision"": ""g4_g3_final_scientific_decision_summary.json"", ""expert_approved"": false, ""final_scientific_policy"": ""G4_G3_FINAL_SCIENTIFIC_POLICY_V1"", ""human_reviewed"": false, ""julich_probability_asset"": ""data/atlases/julich/v3.1/spatial_raw/probability_maps/"", ""julich_spatial_component_asset"": ""DG_HIPPOCAMPUS_LEFT.nii.gz"", ""julich_spatial_component_id"": ""JULICH_BRAIN_CYTOARCHITECTONIC_ATLAS_V3_1_DG_HIPPOCAMPUS"", ""mapping_method_field"": ""spatial_overlap"", ""owner_scientific_review_status"": ""OWNER_SCIENTIFIC_REVIEWED"", ""phase"": ""G4_G3_MAPPING_CANDIDATE_STAGING_V1"", ""production_review_status"": ""pending"", ""relation_artifact"": ""g4_g3_final_relation_decisions.csv"", ""scientific_method"": ""Julich probability x Brainnetome probability + TemplateFlow nonlinear transform + probability-weighted overlap + hard-label auxiliary containment + owner scientific review"", ""semantic_compatibility_status"": null, ""source_canonical_g4_id"": ""NGIQ-BR-00000678"", ""source_coverage_ratio"": 0.6689693643844751, ""target_canonical_g3_id"": ""NGIQ-BR-00000219"", ""target_coverage_ratio"": 0.17645439058254273, ""transform_provenance"": ""data/atlases/templateflow_ref (MNI152NLin2009cAsym_from-MNI152NLin6Asym)""}"
G4G3-STAGE-14723182C7F5D53D6179,1870,NGIQ-BR-00000679,CA2 (Hippocampus) right,G4_MICROSTRUCTURAL_FINE,right,660,NGIQ-BR-00000220,"Right Hippocampus, Brainnetome 2_2",G3_MESO_FINE,right,partial_overlap,spatial_overlap,0.4726,0.073446,,,False,proposed,pending,FALSE,FALSE,PARTIAL_OVERLAP,OWNER_CONFIRMED_PARTIAL_SET_CONCORDANT,,,"{""brainnetome_probability_asset"": ""data/atlases/brainnetome/bna246/volume_raw/BNA_PM_4D.nii.gz"", ""decision_artifact"": ""g4_g3_final_scientific_decisions.csv"", ""decision_reason_code"": ""OWNER_CONFIRMED_PARTIAL_SET_CONCORDANT"", ""evidence_2g_probability_overlap"": ""g4_g3_probability_overlap_summary.json"", ""evidence_2h_interpretation"": ""g4_g3_overlap_interpretation_profiles.csv"", ""evidence_2ia_policy"": ""g4_g3_scientific_decision_policy_v1.csv"", ""evidence_2ib_owner_revision"": ""g4_g3_owner_policy_revision_v1.csv"", ""evidence_2ic_final_decision"": ""g4_g3_final_scientific_decision_summary.json"", ""expert_approved"": false, ""final_scientific_policy"": ""G4_G3_FINAL_SCIENTIFIC_POLICY_V1"", ""human_reviewed"": false, ""julich_probability_asset"": ""data/atlases/julich/v3.1/spatial_raw/probability_maps/"", ""julich_spatial_component_asset"": ""CA2_HIPPOCAMPUS_RIGHT.nii.gz"", ""julich_spatial_component_id"": ""JULICH_BRAIN_CYTOARCHITECTONIC_ATLAS_V3_1_CA2_HIPPOCAMPUS"", ""mapping_method_field"": ""spatial_overlap"", ""owner_scientific_review_status"": ""OWNER_SCIENTIFIC_REVIEWED"", ""phase"": ""G4_G3_MAPPING_CANDIDATE_STAGING_V1"", ""production_review_status"": ""pending"", ""relation_artifact"": ""g4_g3_final_relation_decisions.csv"", ""scientific_method"": ""Julich probability x Brainnetome probability + TemplateFlow nonlinear transform + probability-weighted overlap + hard-label auxiliary containment + owner scientific review"", ""semantic_compatibility_status"": null, ""source_canonical_g4_id"": ""NGIQ-BR-00000679"", ""source_coverage_ratio"": 0.47260041560115934, ""target_canonical_g3_id"": ""NGIQ-BR-00000220"", ""target_coverage_ratio"": 0.07344559902553305, ""transform_provenance"": ""data/atlases/templateflow_ref (MNI152NLin2009cAsym_from-MNI152NLin6Asym)""}"
G4G3-STAGE-C90EBA0EB05CD5B722A5,1870,NGIQ-BR-00000679,CA2 (Hippocampus) right,G4_MICROSTRUCTURAL_FINE,right,54,NGIQ-BR-00000018,"Right Hippocampus, Brainnetome 2_1",G3_MESO_FINE,right,partial_overlap,spatial_overlap,0.350356,0.087768,,,False,proposed,pending,FALSE,FALSE,PARTIAL_OVERLAP,OWNER_CONFIRMED_PARTIAL_SET_CONCORDANT,,,"{""brainnetome_probability_asset"": ""data/atlases/brainnetome/bna246/volume_raw/BNA_PM_4D.nii.gz"", ""decision_artifact"": ""g4_g3_final_scientific_decisions.csv"", ""decision_reason_code"": ""OWNER_CONFIRMED_PARTIAL_SET_CONCORDANT"", ""evidence_2g_probability_overlap"": ""g4_g3_probability_overlap_summary.json"", ""evidence_2h_interpretation"": ""g4_g3_overlap_interpretation_profiles.csv"", ""evidence_2ia_policy"": ""g4_g3_scientific_decision_policy_v1.csv"", ""evidence_2ib_owner_revision"": ""g4_g3_owner_policy_revision_v1.csv"", ""evidence_2ic_final_decision"": ""g4_g3_final_scientific_decision_summary.json"", ""expert_approved"": false, ""final_scientific_policy"": ""G4_G3_FINAL_SCIENTIFIC_POLICY_V1"", ""human_reviewed"": false, ""julich_probability_asset"": ""data/atlases/julich/v3.1/spatial_raw/probability_maps/"", ""julich_spatial_component_asset"": ""CA2_HIPPOCAMPUS_RIGHT.nii.gz"", ""julich_spatial_component_id"": ""JULICH_BRAIN_CYTOARCHITECTONIC_ATLAS_V3_1_CA2_HIPPOCAMPUS"", ""mapping_method_field"": ""spatial_overlap"", ""owner_scientific_review_status"": ""OWNER_SCIENTIFIC_REVIEWED"", ""phase"": ""G4_G3_MAPPING_CANDIDATE_STAGING_V1"", ""production_review_status"": ""pending"", ""relation_artifact"": ""g4_g3_final_relation_decisions.csv"", ""scientific_method"": ""Julich probability x Brainnetome probability + TemplateFlow nonlinear transform + probability-weighted overlap + hard-label auxiliary containment + owner scientific review"", ""semantic_compatibility_status"": null, ""source_canonical_g4_id"": ""NGIQ-BR-00000679"", ""source_coverage_ratio"": 0.35035555564078563, ""target_canonical_g3_id"": ""NGIQ-BR-00000018"", ""target_coverage_ratio"": 0.08776794750274826, ""transform_provenance"": ""data/atlases/templateflow_ref (MNI152NLin2009cAsym_from-MNI152NLin6Asym)""}"
G4G3-STAGE-8CCDBF7AE34D317255ED,1873,NGIQ-BR-00000680,CA2 (Hippocampus) left,G4_MICROSTRUCTURAL_FINE,left,51,NGIQ-BR-00000017,"Left Hippocampus, Brainnetome 2_1",G3_MESO_FINE,left,partial_overlap,spatial_overlap,0.498043,0.085605,,,False,proposed,pending,FALSE,FALSE,PARTIAL_OVERLAP,OWNER_CONFIRMED_PARTIAL,,,"{""brainnetome_probability_asset"": ""data/atlases/brainnetome/bna246/volume_raw/BNA_PM_4D.nii.gz"", ""decision_artifact"": ""g4_g3_final_scientific_decisions.csv"", ""decision_reason_code"": ""OWNER_CONFIRMED_PARTIAL"", ""evidence_2g_probability_overlap"": ""g4_g3_probability_overlap_summary.json"", ""evidence_2h_interpretation"": ""g4_g3_overlap_interpretation_profiles.csv"", ""evidence_2ia_policy"": ""g4_g3_scientific_decision_policy_v1.csv"", ""evidence_2ib_owner_revision"": ""g4_g3_owner_policy_revision_v1.csv"", ""evidence_2ic_final_decision"": ""g4_g3_final_scientific_decision_summary.json"", ""expert_approved"": false, ""final_scientific_policy"": ""G4_G3_FINAL_SCIENTIFIC_POLICY_V1"", ""human_reviewed"": false, ""julich_probability_asset"": ""data/atlases/julich/v3.1/spatial_raw/probability_maps/"", ""julich_spatial_component_asset"": ""CA2_HIPPOCAMPUS_LEFT.nii.gz"", ""julich_spatial_component_id"": ""JULICH_BRAIN_CYTOARCHITECTONIC_ATLAS_V3_1_CA2_HIPPOCAMPUS"", ""mapping_method_field"": ""spatial_overlap"", ""owner_scientific_review_status"": ""OWNER_SCIENTIFIC_REVIEWED"", ""phase"": ""G4_G3_MAPPING_CANDIDATE_STAGING_V1"", ""production_review_status"": ""pending"", ""relation_artifact"": ""g4_g3_final_relation_decisions.csv"", ""scientific_method"": ""Julich probability x Brainnetome probability + TemplateFlow nonlinear transform + probability-weighted overlap + hard-label auxiliary containment + owner scientific review"", ""semantic_compatibility_status"": null, ""source_canonical_g4_id"": ""NGIQ-BR-00000680"", ""source_coverage_ratio"": 0.49804316865660264, ""target_canonical_g3_id"": ""NGIQ-BR-00000017"", ""target_coverage_ratio"": 0.08560479281847445, ""transform_provenance"": ""data/atlases/templateflow_ref (MNI152NLin2009cAsym_from-MNI152NLin6Asym)""}"
G4G3-STAGE-16A7370926268EFBE9BD,1873,NGIQ-BR-00000680,CA2 (Hippocampus) left,G4_MICROSTRUCTURAL_FINE,left,657,NGIQ-BR-00000219,"Left Hippocampus, Brainnetome 2_2",G3_MESO_FINE,left,partial_overlap,spatial_overlap,0.35412,0.058902,,,False,proposed,pending,FALSE,FALSE,PARTIAL_OVERLAP,OWNER_CONFIRMED_PARTIAL,,,"{""brainnetome_probability_asset"": ""data/atlases/brainnetome/bna246/volume_raw/BNA_PM_4D.nii.gz"", ""decision_artifact"": ""g4_g3_final_scientific_decisions.csv"", ""decision_reason_code"": ""OWNER_CONFIRMED_PARTIAL"", ""evidence_2g_probability_overlap"": ""g4_g3_probability_overlap_summary.json"", ""evidence_2h_interpretation"": ""g4_g3_overlap_interpretation_profiles.csv"", ""evidence_2ia_policy"": ""g4_g3_scientific_decision_policy_v1.csv"", ""evidence_2ib_owner_revision"": ""g4_g3_owner_policy_revision_v1.csv"", ""evidence_2ic_final_decision"": ""g4_g3_final_scientific_decision_summary.json"", ""expert_approved"": false, ""final_scientific_policy"": ""G4_G3_FINAL_SCIENTIFIC_POLICY_V1"", ""human_reviewed"": false, ""julich_probability_asset"": ""data/atlases/julich/v3.1/spatial_raw/probability_maps/"", ""julich_spatial_component_asset"": ""CA2_HIPPOCAMPUS_LEFT.nii.gz"", ""julich_spatial_component_id"": ""JULICH_BRAIN_CYTOARCHITECTONIC_ATLAS_V3_1_CA2_HIPPOCAMPUS"", ""mapping_method_field"": ""spatial_overlap"", ""owner_scientific_review_status"": ""OWNER_SCIENTIFIC_REVIEWED"", ""phase"": ""G4_G3_MAPPING_CANDIDATE_STAGING_V1"", ""production_review_status"": ""pending"", ""relation_artifact"": ""g4_g3_final_relation_decisions.csv"", ""scientific_method"": ""Julich probability x Brainnetome probability + TemplateFlow nonlinear transform + probability-weighted overlap + hard-label auxiliary containment + owner scientific review"", ""semantic_compatibility_status"": null, ""source_canonical_g4_id"": ""NGIQ-BR-00000680"", ""source_coverage_ratio"": 0.3541195878605492, ""target_canonical_g3_id"": ""NGIQ-BR-00000219"", ""target_coverage_ratio"": 0.0589015114254177, ""transform_provenance"": ""data/atlases/templateflow_ref (MNI152NLin2009cAsym_from-MNI152NLin6Asym)""}"
G4G3-STAGE-F2E39CB7CF57EF2D74C2,1882,NGIQ-BR-00000683,CA1 (Hippocampus) right,G4_MICROSTRUCTURAL_FINE,right,660,NGIQ-BR-00000220,"Right Hippocampus, Brainnetome 2_2",G3_MESO_FINE,right,dominant_overlap,spatial_overlap,0.541004,0.283859,,,False,proposed,pending,FALSE,FALSE,APPROVE_DOMINANT_OVERLAP,DOMINANT_CRITERIA_V1,,BOUNDARY_METRIC,"{""brainnetome_probability_asset"": ""data/atlases/brainnetome/bna246/volume_raw/BNA_PM_4D.nii.gz"", ""decision_artifact"": ""g4_g3_final_scientific_decisions.csv"", ""decision_reason_code"": ""DOMINANT_CRITERIA_V1"", ""evidence_2g_probability_overlap"": ""g4_g3_probability_overlap_summary.json"", ""evidence_2h_interpretation"": ""g4_g3_overlap_interpretation_profiles.csv"", ""evidence_2ia_policy"": ""g4_g3_scientific_decision_policy_v1.csv"", ""evidence_2ib_owner_revision"": ""g4_g3_owner_policy_revision_v1.csv"", ""evidence_2ic_final_decision"": ""g4_g3_final_scientific_decision_summary.json"", ""expert_approved"": false, ""final_scientific_policy"": ""G4_G3_FINAL_SCIENTIFIC_POLICY_V1"", ""human_reviewed"": false, ""julich_probability_asset"": ""data/atlases/julich/v3.1/spatial_raw/probability_maps/"", ""julich_spatial_component_asset"": ""CA1_HIPPOCAMPUS_RIGHT.nii.gz"", ""julich_spatial_component_id"": ""JULICH_BRAIN_CYTOARCHITECTONIC_ATLAS_V3_1_CA1_HIPPOCAMPUS"", ""mapping_method_field"": ""spatial_overlap"", ""owner_scientific_review_status"": ""OWNER_SCIENTIFIC_REVIEWED"", ""phase"": ""G4_G3_MAPPING_CANDIDATE_STAGING_V1"", ""production_review_status"": ""pending"", ""relation_artifact"": ""g4_g3_final_relation_decisions.csv"", ""scientific_method"": ""Julich probability x Brainnetome probability + TemplateFlow nonlinear transform + probability-weighted overlap + hard-label auxiliary containment + owner scientific review"", ""semantic_compatibility_status"": null, ""source_canonical_g4_id"": ""NGIQ-BR-00000683"", ""source_coverage_ratio"": 0.5410037157511228, ""target_canonical_g3_id"": ""NGIQ-BR-00000220"", ""target_coverage_ratio"": 0.2838588085950158, ""transform_provenance"": ""data/atlases/templateflow_ref (MNI152NLin2009cAsym_from-MNI152NLin6Asym)""}"
G4G3-STAGE-943DF7E1278F3A0724A7,1885,NGIQ-BR-00000684,CA1 (Hippocampus) left,G4_MICROSTRUCTURAL_FINE,left,657,NGIQ-BR-00000219,"Left Hippocampus, Brainnetome 2_2",G3_MESO_FINE,left,dominant_overlap,spatial_overlap,0.50109,0.263673,,,False,proposed,pending,FALSE,FALSE,APPROVE_DOMINANT_OVERLAP,DOMINANT_CRITERIA_V1,,BOUNDARY_METRIC,"{""brainnetome_probability_asset"": ""data/atlases/brainnetome/bna246/volume_raw/BNA_PM_4D.nii.gz"", ""decision_artifact"": ""g4_g3_final_scientific_decisions.csv"", ""decision_reason_code"": ""DOMINANT_CRITERIA_V1"", ""evidence_2g_probability_overlap"": ""g4_g3_probability_overlap_summary.json"", ""evidence_2h_interpretation"": ""g4_g3_overlap_interpretation_profiles.csv"", ""evidence_2ia_policy"": ""g4_g3_scientific_decision_policy_v1.csv"", ""evidence_2ib_owner_revision"": ""g4_g3_owner_policy_revision_v1.csv"", ""evidence_2ic_final_decision"": ""g4_g3_final_scientific_decision_summary.json"", ""expert_approved"": false, ""final_scientific_policy"": ""G4_G3_FINAL_SCIENTIFIC_POLICY_V1"", ""human_reviewed"": false, ""julich_probability_asset"": ""data/atlases/julich/v3.1/spatial_raw/probability_maps/"", ""julich_spatial_component_asset"": ""CA1_HIPPOCAMPUS_LEFT.nii.gz"", ""julich_spatial_component_id"": ""JULICH_BRAIN_CYTOARCHITECTONIC_ATLAS_V3_1_CA1_HIPPOCAMPUS"", ""mapping_method_field"": ""spatial_overlap"", ""owner_scientific_review_status"": ""OWNER_SCIENTIFIC_REVIEWED"", ""phase"": ""G4_G3_MAPPING_CANDIDATE_STAGING_V1"", ""production_review_status"": ""pending"", ""relation_artifact"": ""g4_g3_final_relation_decisions.csv"", ""scientific_method"": ""Julich probability x Brainnetome probability + TemplateFlow nonlinear transform + probability-weighted overlap + hard-label auxiliary containment + owner scientific review"", ""semantic_compatibility_status"": null, ""source_canonical_g4_id"": ""NGIQ-BR-00000684"", ""source_coverage_ratio"": 0.5010903027787027, ""target_canonical_g3_id"": ""NGIQ-BR-00000219"", ""target_coverage_ratio"": 0.26367313178298096, ""transform_provenance"": ""data/atlases/templateflow_ref (MNI152NLin2009cAsym_from-MNI152NLin6Asym)""}"
G4G3-STAGE-9742D6AD234766AA30B9,1888,NGIQ-BR-00000685,"TuTi (Basal Forebrain, Terminal islands) right",G4_MICROSTRUCTURAL_FINE,right,675,NGIQ-BR-00000225,"Right Striatum (basal ganglia), Brainnetome 6_3",G3_MESO_FINE,right,dominant_overlap,spatial_overlap,0.74948,0.073326,,,False,proposed,pending,FALSE,FALSE,APPROVE_DOMINANT_OVERLAP,DOMINANT_CRITERIA_V1,,,"{""brainnetome_probability_asset"": ""data/atlases/brainnetome/bna246/volume_raw/BNA_PM_4D.nii.gz"", ""decision_artifact"": ""g4_g3_final_scientific_decisions.csv"", ""decision_reason_code"": ""DOMINANT_CRITERIA_V1"", ""evidence_2g_probability_overlap"": ""g4_g3_probability_overlap_summary.json"", ""evidence_2h_interpretation"": ""g4_g3_overlap_interpretation_profiles.csv"", ""evidence_2ia_policy"": ""g4_g3_scientific_decision_policy_v1.csv"", ""evidence_2ib_owner_revision"": ""g4_g3_owner_policy_revision_v1.csv"", ""evidence_2ic_final_decision"": ""g4_g3_final_scientific_decision_summary.json"", ""expert_approved"": false, ""final_scientific_policy"": ""G4_G3_FINAL_SCIENTIFIC_POLICY_V1"", ""human_reviewed"": false, ""julich_probability_asset"": ""data/atlases/julich/v3.1/spatial_raw/probability_maps/"", ""julich_spatial_component_asset"": ""TUTI_BASAL_FOREBRAIN_TERMINAL_ISLANDS_RIGHT.nii.gz"", ""julich_spatial_component_id"": ""JULICH_BRAIN_CYTOARCHITECTONIC_ATLAS_V3_1_TUTI_BASAL_FOREBRAIN_TERMINAL_ISLANDS"", ""mapping_method_field"": ""spatial_overlap"", ""owner_scientific_review_status"": ""OWNER_SCIENTIFIC_REVIEWED"", ""phase"": ""G4_G3_MAPPING_CANDIDATE_STAGING_V1"", ""production_review_status"": ""pending"", ""relation_artifact"": ""g4_g3_final_relation_decisions.csv"", ""scientific_method"": ""Julich probability x Brainnetome probability + TemplateFlow nonlinear transform + probability-weighted overlap + hard-label auxiliary containment + owner scientific review"", ""semantic_compatibility_status"": null, ""source_canonical_g4_id"": ""NGIQ-BR-00000685"", ""source_coverage_ratio"": 0.7494804889497498, ""target_canonical_g3_id"": ""NGIQ-BR-00000225"", ""target_coverage_ratio"": 0.07332614742841312, ""transform_provenance"": ""data/atlases/templateflow_ref (MNI152NLin2009cAsym_from-MNI152NLin6Asym)""}"
G4G3-STAGE-4BC973A5C547B37C4496,1891,NGIQ-BR-00000686,"TuTi (Basal Forebrain, Terminal islands) left",G4_MICROSTRUCTURAL_FINE,left,672,NGIQ-BR-00000224,"Left Striatum (basal ganglia), Brainnetome 6_3",G3_MESO_FINE,left,partial_overlap,spatial_overlap,0.510523,0.053158,,,False,proposed,pending,FALSE,FALSE,PARTIAL_OVERLAP,OWNER_CONFIRMED_PARTIAL_SET_CONCORDANT,,,"{""brainnetome_probability_asset"": ""data/atlases/brainnetome/bna246/volume_raw/BNA_PM_4D.nii.gz"", ""decision_artifact"": ""g4_g3_final_scientific_decisions.csv"", ""decision_reason_code"": ""OWNER_CONFIRMED_PARTIAL_SET_CONCORDANT"", ""evidence_2g_probability_overlap"": ""g4_g3_probability_overlap_summary.json"", ""evidence_2h_interpretation"": ""g4_g3_overlap_interpretation_profiles.csv"", ""evidence_2ia_policy"": ""g4_g3_scientific_decision_policy_v1.csv"", ""evidence_2ib_owner_revision"": ""g4_g3_owner_policy_revision_v1.csv"", ""evidence_2ic_final_decision"": ""g4_g3_final_scientific_decision_summary.json"", ""expert_approved"": false, ""final_scientific_policy"": ""G4_G3_FINAL_SCIENTIFIC_POLICY_V1"", ""human_reviewed"": false, ""julich_probability_asset"": ""data/atlases/julich/v3.1/spatial_raw/probability_maps/"", ""julich_spatial_component_asset"": ""TUTI_BASAL_FOREBRAIN_TERMINAL_ISLANDS_LEFT.nii.gz"", ""julich_spatial_component_id"": ""JULICH_BRAIN_CYTOARCHITECTONIC_ATLAS_V3_1_TUTI_BASAL_FOREBRAIN_TERMINAL_ISLANDS"", ""mapping_method_field"": ""spatial_overlap"", ""owner_scientific_review_status"": ""OWNER_SCIENTIFIC_REVIEWED"", ""phase"": ""G4_G3_MAPPING_CANDIDATE_STAGING_V1"", ""production_review_status"": ""pending"", ""relation_artifact"": ""g4_g3_final_relation_decisions.csv"", ""scientific_method"": ""Julich probability x Brainnetome probability + TemplateFlow nonlinear transform + probability-weighted overlap + hard-label auxiliary containment + owner scientific review"", ""semantic_compatibility_status"": null, ""source_canonical_g4_id"": ""NGIQ-BR-00000686"", ""source_coverage_ratio"": 0.510522758105199, ""target_canonical_g3_id"": ""NGIQ-BR-00000224"", ""target_coverage_ratio"": 0.05315839940579188, ""transform_provenance"": ""data/atlases/templateflow_ref (MNI152NLin2009cAsym_from-MNI152NLin6Asym)""}"
G4G3-STAGE-CB99C61908AA1782DAC0,1891,NGIQ-BR-00000686,"TuTi (Basal Forebrain, Terminal islands) left",G4_MICROSTRUCTURAL_FINE,left,195,NGIQ-BR-00000065,"Left Orbital gyrus, Brainnetome 6_5",G3_MESO_FINE,left,partial_overlap,spatial_overlap,0.373007,0.017327,,,False,proposed,pending,FALSE,FALSE,PARTIAL_OVERLAP,OWNER_CONFIRMED_PARTIAL_SET_CONCORDANT,,,"{""brainnetome_probability_asset"": ""data/atlases/brainnetome/bna246/volume_raw/BNA_PM_4D.nii.gz"", ""decision_artifact"": ""g4_g3_final_scientific_decisions.csv"", ""decision_reason_code"": ""OWNER_CONFIRMED_PARTIAL_SET_CONCORDANT"", ""evidence_2g_probability_overlap"": ""g4_g3_probability_overlap_summary.json"", ""evidence_2h_interpretation"": ""g4_g3_overlap_interpretation_profiles.csv"", ""evidence_2ia_policy"": ""g4_g3_scientific_decision_policy_v1.csv"", ""evidence_2ib_owner_revision"": ""g4_g3_owner_policy_revision_v1.csv"", ""evidence_2ic_final_decision"": ""g4_g3_final_scientific_decision_summary.json"", ""expert_approved"": false, ""final_scientific_policy"": ""G4_G3_FINAL_SCIENTIFIC_POLICY_V1"", ""human_reviewed"": false, ""julich_probability_asset"": ""data/atlases/julich/v3.1/spatial_raw/probability_maps/"", ""julich_spatial_component_asset"": ""TUTI_BASAL_FOREBRAIN_TERMINAL_ISLANDS_LEFT.nii.gz"", ""julich_spatial_component_id"": ""JULICH_BRAIN_CYTOARCHITECTONIC_ATLAS_V3_1_TUTI_BASAL_FOREBRAIN_TERMINAL_ISLANDS"", ""mapping_method_field"": ""spatial_overlap"", ""owner_scientific_review_status"": ""OWNER_SCIENTIFIC_REVIEWED"", ""phase"": ""G4_G3_MAPPING_CANDIDATE_STAGING_V1"", ""production_review_status"": ""pending"", ""relation_artifact"": ""g4_g3_final_relation_decisions.csv"", ""scientific_method"": ""Julich probability x Brainnetome probability + TemplateFlow nonlinear transform + probability-weighted overlap + hard-label auxiliary containment + owner scientific review"", ""semantic_compatibility_status"": null, ""source_canonical_g4_id"": ""NGIQ-BR-00000686"", ""source_coverage_ratio"": 0.37300679096435013, ""target_canonical_g3_id"": ""NGIQ-BR-00000065"", ""target_coverage_ratio"": 0.01732658400120809, ""transform_provenance"": ""data/atlases/templateflow_ref (MNI152NLin2009cAsym_from-MNI152NLin6Asym)""}"
G4G3-STAGE-07E6C6A71F862C6808D6,1894,NGIQ-BR-00000687,"Tu (Basal Forebrain, Tuberculum) right",G4_MICROSTRUCTURAL_FINE,right,675,NGIQ-BR-00000225,"Right Striatum (basal ganglia), Brainnetome 6_3",G3_MESO_FINE,right,dominant_overlap,spatial_overlap,0.570682,0.019292,,,False,proposed,pending,FALSE,FALSE,APPROVE_DOMINANT_OVERLAP,DOMINANT_CRITERIA_V1,,,"{""brainnetome_probability_asset"": ""data/atlases/brainnetome/bna246/volume_raw/BNA_PM_4D.nii.gz"", ""decision_artifact"": ""g4_g3_final_scientific_decisions.csv"", ""decision_reason_code"": ""DOMINANT_CRITERIA_V1"", ""evidence_2g_probability_overlap"": ""g4_g3_probability_overlap_summary.json"", ""evidence_2h_interpretation"": ""g4_g3_overlap_interpretation_profiles.csv"", ""evidence_2ia_policy"": ""g4_g3_scientific_decision_policy_v1.csv"", ""evidence_2ib_owner_revision"": ""g4_g3_owner_policy_revision_v1.csv"", ""evidence_2ic_final_decision"": ""g4_g3_final_scientific_decision_summary.json"", ""expert_approved"": false, ""final_scientific_policy"": ""G4_G3_FINAL_SCIENTIFIC_POLICY_V1"", ""human_reviewed"": false, ""julich_probability_asset"": ""data/atlases/julich/v3.1/spatial_raw/probability_maps/"", ""julich_spatial_component_asset"": ""TU_BASAL_FOREBRAIN_TUBERCULUM_RIGHT.nii.gz"", ""julich_spatial_component_id"": ""JULICH_BRAIN_CYTOARCHITECTONIC_ATLAS_V3_1_TU_BASAL_FOREBRAIN_TUBERCULUM"", ""mapping_method_field"": ""spatial_overlap"", ""owner_scientific_review_status"": ""OWNER_SCIENTIFIC_REVIEWED"", ""phase"": ""G4_G3_MAPPING_CANDIDATE_STAGING_V1"", ""production_review_status"": ""pending"", ""relation_artifact"": ""g4_g3_final_relation_decisions.csv"", ""scientific_method"": ""Julich probability x Brainnetome probability + TemplateFlow nonlinear transform + probability-weighted overlap + hard-label auxiliary containment + owner scientific review"", ""semantic_compatibility_status"": null, ""source_canonical_g4_id"": ""NGIQ-BR-00000687"", ""source_coverage_ratio"": 0.5706818499112856, ""target_canonical_g3_id"": ""NGIQ-BR-00000225"", ""target_coverage_ratio"": 0.019292256523764196, ""transform_provenance"": ""data/atlases/templateflow_ref (MNI152NLin2009cAsym_from-MNI152NLin6Asym)""}"
G4G3-STAGE-534EFA2252638C31D2AA,1897,NGIQ-BR-00000688,"Tu (Basal Forebrain, Tuberculum) left",G4_MICROSTRUCTURAL_FINE,left,195,NGIQ-BR-00000065,"Left Orbital gyrus, Brainnetome 6_5",G3_MESO_FINE,left,partial_overlap,spatial_overlap,0.590755,0.005739,,,False,proposed,pending,FALSE,FALSE,PARTIAL_OVERLAP,OWNER_CONFIRMED_PARTIAL,,,"{""brainnetome_probability_asset"": ""data/atlases/brainnetome/bna246/volume_raw/BNA_PM_4D.nii.gz"", ""decision_artifact"": ""g4_g3_final_scientific_decisions.csv"", ""decision_reason_code"": ""OWNER_CONFIRMED_PARTIAL"", ""evidence_2g_probability_overlap"": ""g4_g3_probability_overlap_summary.json"", ""evidence_2h_interpretation"": ""g4_g3_overlap_interpretation_profiles.csv"", ""evidence_2ia_policy"": ""g4_g3_scientific_decision_policy_v1.csv"", ""evidence_2ib_owner_revision"": ""g4_g3_owner_policy_revision_v1.csv"", ""evidence_2ic_final_decision"": ""g4_g3_final_scientific_decision_summary.json"", ""expert_approved"": false, ""final_scientific_policy"": ""G4_G3_FINAL_SCIENTIFIC_POLICY_V1"", ""human_reviewed"": false, ""julich_probability_asset"": ""data/atlases/julich/v3.1/spatial_raw/probability_maps/"", ""julich_spatial_component_asset"": ""TU_BASAL_FOREBRAIN_TUBERCULUM_LEFT.nii.gz"", ""julich_spatial_component_id"": ""JULICH_BRAIN_CYTOARCHITECTONIC_ATLAS_V3_1_TU_BASAL_FOREBRAIN_TUBERCULUM"", ""mapping_method_field"": ""spatial_overlap"", ""owner_scientific_review_status"": ""OWNER_SCIENTIFIC_REVIEWED"", ""phase"": ""G4_G3_MAPPING_CANDIDATE_STAGING_V1"", ""production_review_status"": ""pending"", ""relation_artifact"": ""g4_g3_final_relation_decisions.csv"", ""scientific_method"": ""Julich probability x Brainnetome probability + TemplateFlow nonlinear transform + probability-weighted overlap + hard-label auxiliary containment + owner scientific review"", ""semantic_compatibility_status"": null, ""source_canonical_g4_id"": ""NGIQ-BR-00000688"", ""source_coverage_ratio"": 0.5907554436486024, ""target_canonical_g3_id"": ""NGIQ-BR-00000065"", ""target_coverage_ratio"": 0.005738544501769209, ""transform_provenance"": ""data/atlases/templateflow_ref (MNI152NLin2009cAsym_from-MNI152NLin6Asym)""}"
G4G3-STAGE-20057758E9474EC3958E,1897,NGIQ-BR-00000688,"Tu (Basal Forebrain, Tuberculum) left",G4_MICROSTRUCTURAL_FINE,left,672,NGIQ-BR-00000224,"Left Striatum (basal ganglia), Brainnetome 6_3",G3_MESO_FINE,left,partial_overlap,spatial_overlap,0.403638,0.011074,,,False,proposed,pending,FALSE,FALSE,PARTIAL_OVERLAP,OWNER_CONFIRMED_PARTIAL,,,"{""brainnetome_probability_asset"": ""data/atlases/brainnetome/bna246/volume_raw/BNA_PM_4D.nii.gz"", ""decision_artifact"": ""g4_g3_final_scientific_decisions.csv"", ""decision_reason_code"": ""OWNER_CONFIRMED_PARTIAL"", ""evidence_2g_probability_overlap"": ""g4_g3_probability_overlap_summary.json"", ""evidence_2h_interpretation"": ""g4_g3_overlap_interpretation_profiles.csv"", ""evidence_2ia_policy"": ""g4_g3_scientific_decision_policy_v1.csv"", ""evidence_2ib_owner_revision"": ""g4_g3_owner_policy_revision_v1.csv"", ""evidence_2ic_final_decision"": ""g4_g3_final_scientific_decision_summary.json"", ""expert_approved"": false, ""final_scientific_policy"": ""G4_G3_FINAL_SCIENTIFIC_POLICY_V1"", ""human_reviewed"": false, ""julich_probability_asset"": ""data/atlases/julich/v3.1/spatial_raw/probability_maps/"", ""julich_spatial_component_asset"": ""TU_BASAL_FOREBRAIN_TUBERCULUM_LEFT.nii.gz"", ""julich_spatial_component_id"": ""JULICH_BRAIN_CYTOARCHITECTONIC_ATLAS_V3_1_TU_BASAL_FOREBRAIN_TUBERCULUM"", ""mapping_method_field"": ""spatial_overlap"", ""owner_scientific_review_status"": ""OWNER_SCIENTIFIC_REVIEWED"", ""phase"": ""G4_G3_MAPPING_CANDIDATE_STAGING_V1"", ""production_review_status"": ""pending"", ""relation_artifact"": ""g4_g3_final_relation_decisions.csv"", ""scientific_method"": ""Julich probability x Brainnetome probability + TemplateFlow nonlinear transform + probability-weighted overlap + hard-label auxiliary containment + owner scientific review"", ""semantic_compatibility_status"": null, ""source_canonical_g4_id"": ""NGIQ-BR-00000688"", ""source_coverage_ratio"": 0.40363813739166093, ""target_canonical_g3_id"": ""NGIQ-BR-00000224"", ""target_coverage_ratio"": 0.011073992959875819, ""transform_provenance"": ""data/atlases/templateflow_ref (MNI152NLin2009cAsym_from-MNI152NLin6Asym)""}"
G4G3-STAGE-E8F0F898DE9ADCB62F2B,1981,NGIQ-BR-00000716,"MV (Thalamus, medioventral Nucleus) left",G4_MICROSTRUCTURAL_FINE,left,711,NGIQ-BR-00000237,"Left Thalamus, Brainnetome 8_4",G3_MESO_FINE,left,partial_overlap,spatial_overlap,0.417452,0.018234,,,False,proposed,pending,FALSE,FALSE,PARTIAL_OVERLAP,OWNER_CONFIRMED_PARTIAL,,,"{""brainnetome_probability_asset"": ""data/atlases/brainnetome/bna246/volume_raw/BNA_PM_4D.nii.gz"", ""decision_artifact"": ""g4_g3_final_scientific_decisions.csv"", ""decision_reason_code"": ""OWNER_CONFIRMED_PARTIAL"", ""evidence_2g_probability_overlap"": ""g4_g3_probability_overlap_summary.json"", ""evidence_2h_interpretation"": ""g4_g3_overlap_interpretation_profiles.csv"", ""evidence_2ia_policy"": ""g4_g3_scientific_decision_policy_v1.csv"", ""evidence_2ib_owner_revision"": ""g4_g3_owner_policy_revision_v1.csv"", ""evidence_2ic_final_decision"": ""g4_g3_final_scientific_decision_summary.json"", ""expert_approved"": false, ""final_scientific_policy"": ""G4_G3_FINAL_SCIENTIFIC_POLICY_V1"", ""human_reviewed"": false, ""julich_probability_asset"": ""data/atlases/julich/v3.1/spatial_raw/probability_maps/"", ""julich_spatial_component_asset"": ""MV_THALAMUS_MEDIOVENTRAL_NUCLEUS_LEFT.nii.gz"", ""julich_spatial_component_id"": ""JULICH_BRAIN_CYTOARCHITECTONIC_ATLAS_V3_1_MV_THALAMUS_MEDIOVENTRAL_NUCLEUS"", ""mapping_method_field"": ""spatial_overlap"", ""owner_scientific_review_status"": ""OWNER_SCIENTIFIC_REVIEWED"", ""phase"": ""G4_G3_MAPPING_CANDIDATE_STAGING_V1"", ""production_review_status"": ""pending"", ""relation_artifact"": ""g4_g3_final_relation_decisions.csv"", ""scientific_method"": ""Julich probability x Brainnetome probability + TemplateFlow nonlinear transform + probability-weighted overlap + hard-label auxiliary containment + owner scientific review"", ""semantic_compatibility_status"": null, ""source_canonical_g4_id"": ""NGIQ-BR-00000716"", ""source_coverage_ratio"": 0.4174524608533063, ""target_canonical_g3_id"": ""NGIQ-BR-00000237"", ""target_coverage_ratio"": 0.018233564402248784, ""transform_provenance"": ""data/atlases/templateflow_ref (MNI152NLin2009cAsym_from-MNI152NLin6Asym)""}"
G4G3-STAGE-4986C5F05079AB30A756,1981,NGIQ-BR-00000716,"MV (Thalamus, medioventral Nucleus) left",G4_MICROSTRUCTURAL_FINE,left,735,NGIQ-BR-00000245,"Left Thalamus, Brainnetome 8_8",G3_MESO_FINE,left,partial_overlap,spatial_overlap,0.252515,0.005652,,,False,proposed,pending,FALSE,FALSE,PARTIAL_OVERLAP,OWNER_CONFIRMED_PARTIAL,,,"{""brainnetome_probability_asset"": ""data/atlases/brainnetome/bna246/volume_raw/BNA_PM_4D.nii.gz"", ""decision_artifact"": ""g4_g3_final_scientific_decisions.csv"", ""decision_reason_code"": ""OWNER_CONFIRMED_PARTIAL"", ""evidence_2g_probability_overlap"": ""g4_g3_probability_overlap_summary.json"", ""evidence_2h_interpretation"": ""g4_g3_overlap_interpretation_profiles.csv"", ""evidence_2ia_policy"": ""g4_g3_scientific_decision_policy_v1.csv"", ""evidence_2ib_owner_revision"": ""g4_g3_owner_policy_revision_v1.csv"", ""evidence_2ic_final_decision"": ""g4_g3_final_scientific_decision_summary.json"", ""expert_approved"": false, ""final_scientific_policy"": ""G4_G3_FINAL_SCIENTIFIC_POLICY_V1"", ""human_reviewed"": false, ""julich_probability_asset"": ""data/atlases/julich/v3.1/spatial_raw/probability_maps/"", ""julich_spatial_component_asset"": ""MV_THALAMUS_MEDIOVENTRAL_NUCLEUS_LEFT.nii.gz"", ""julich_spatial_component_id"": ""JULICH_BRAIN_CYTOARCHITECTONIC_ATLAS_V3_1_MV_THALAMUS_MEDIOVENTRAL_NUCLEUS"", ""mapping_method_field"": ""spatial_overlap"", ""owner_scientific_review_status"": ""OWNER_SCIENTIFIC_REVIEWED"", ""phase"": ""G4_G3_MAPPING_CANDIDATE_STAGING_V1"", ""production_review_status"": ""pending"", ""relation_artifact"": ""g4_g3_final_relation_decisions.csv"", ""scientific_method"": ""Julich probability x Brainnetome probability + TemplateFlow nonlinear transform + probability-weighted overlap + hard-label auxiliary containment + owner scientific review"", ""semantic_compatibility_status"": null, ""source_canonical_g4_id"": ""NGIQ-BR-00000716"", ""source_coverage_ratio"": 0.2525154216933631, ""target_canonical_g3_id"": ""NGIQ-BR-00000245"", ""target_coverage_ratio"": 0.005652291961736036, ""transform_provenance"": ""data/atlases/templateflow_ref (MNI152NLin2009cAsym_from-MNI152NLin6Asym)""}"
G4G3-STAGE-7AAF50AF2A2D9D174721,1981,NGIQ-BR-00000716,"MV (Thalamus, medioventral Nucleus) left",G4_MICROSTRUCTURAL_FINE,left,60,NGIQ-BR-00000020,"Left Thalamus, Brainnetome 8_1",G3_MESO_FINE,left,partial_overlap,spatial_overlap,0.198092,0.012366,,,False,proposed,pending,FALSE,FALSE,PARTIAL_OVERLAP,OWNER_CONFIRMED_PARTIAL,,,"{""brainnetome_probability_asset"": ""data/atlases/brainnetome/bna246/volume_raw/BNA_PM_4D.nii.gz"", ""decision_artifact"": ""g4_g3_final_scientific_decisions.csv"", ""decision_reason_code"": ""OWNER_CONFIRMED_PARTIAL"", ""evidence_2g_probability_overlap"": ""g4_g3_probability_overlap_summary.json"", ""evidence_2h_interpretation"": ""g4_g3_overlap_interpretation_profiles.csv"", ""evidence_2ia_policy"": ""g4_g3_scientific_decision_policy_v1.csv"", ""evidence_2ib_owner_revision"": ""g4_g3_owner_policy_revision_v1.csv"", ""evidence_2ic_final_decision"": ""g4_g3_final_scientific_decision_summary.json"", ""expert_approved"": false, ""final_scientific_policy"": ""G4_G3_FINAL_SCIENTIFIC_POLICY_V1"", ""human_reviewed"": false, ""julich_probability_asset"": ""data/atlases/julich/v3.1/spatial_raw/probability_maps/"", ""julich_spatial_component_asset"": ""MV_THALAMUS_MEDIOVENTRAL_NUCLEUS_LEFT.nii.gz"", ""julich_spatial_component_id"": ""JULICH_BRAIN_CYTOARCHITECTONIC_ATLAS_V3_1_MV_THALAMUS_MEDIOVENTRAL_NUCLEUS"", ""mapping_method_field"": ""spatial_overlap"", ""owner_scientific_review_status"": ""OWNER_SCIENTIFIC_REVIEWED"", ""phase"": ""G4_G3_MAPPING_CANDIDATE_STAGING_V1"", ""production_review_status"": ""pending"", ""relation_artifact"": ""g4_g3_final_relation_decisions.csv"", ""scientific_method"": ""Julich probability x Brainnetome probability + TemplateFlow nonlinear transform + probability-weighted overlap + hard-label auxiliary containment + owner scientific review"", ""semantic_compatibility_status"": null, ""source_canonical_g4_id"": ""NGIQ-BR-00000716"", ""source_coverage_ratio"": 0.1980923509871442, ""target_canonical_g3_id"": ""NGIQ-BR-00000020"", ""target_coverage_ratio"": 0.012366157852958585, ""transform_provenance"": ""data/atlases/templateflow_ref (MNI152NLin2009cAsym_from-MNI152NLin6Asym)""}"
G4G3-STAGE-CE188686EE620741B201,1984,NGIQ-BR-00000717,"MD (Thalamus, mediodorsal Nucleus) right",G4_MICROSTRUCTURAL_FINE,right,696,NGIQ-BR-00000232,"Right Thalamus, Brainnetome 8_1",G3_MESO_FINE,right,dominant_overlap,spatial_overlap,0.512562,0.172465,,,False,proposed,pending,FALSE,FALSE,APPROVE_DOMINANT_OVERLAP,DOMINANT_CRITERIA_V1,,BOUNDARY_METRIC,"{""brainnetome_probability_asset"": ""data/atlases/brainnetome/bna246/volume_raw/BNA_PM_4D.nii.gz"", ""decision_artifact"": ""g4_g3_final_scientific_decisions.csv"", ""decision_reason_code"": ""DOMINANT_CRITERIA_V1"", ""evidence_2g_probability_overlap"": ""g4_g3_probability_overlap_summary.json"", ""evidence_2h_interpretation"": ""g4_g3_overlap_interpretation_profiles.csv"", ""evidence_2ia_policy"": ""g4_g3_scientific_decision_policy_v1.csv"", ""evidence_2ib_owner_revision"": ""g4_g3_owner_policy_revision_v1.csv"", ""evidence_2ic_final_decision"": ""g4_g3_final_scientific_decision_summary.json"", ""expert_approved"": false, ""final_scientific_policy"": ""G4_G3_FINAL_SCIENTIFIC_POLICY_V1"", ""human_reviewed"": false, ""julich_probability_asset"": ""data/atlases/julich/v3.1/spatial_raw/probability_maps/"", ""julich_spatial_component_asset"": ""MD_THALAMUS_MEDIODORSAL_NUCLEUS_RIGHT.nii.gz"", ""julich_spatial_component_id"": ""JULICH_BRAIN_CYTOARCHITECTONIC_ATLAS_V3_1_MD_THALAMUS_MEDIODORSAL_NUCLEUS"", ""mapping_method_field"": ""spatial_overlap"", ""owner_scientific_review_status"": ""OWNER_SCIENTIFIC_REVIEWED"", ""phase"": ""G4_G3_MAPPING_CANDIDATE_STAGING_V1"", ""production_review_status"": ""pending"", ""relation_artifact"": ""g4_g3_final_relation_decisions.csv"", ""scientific_method"": ""Julich probability x Brainnetome probability + TemplateFlow nonlinear transform + probability-weighted overlap + hard-label auxiliary containment + owner scientific review"", ""semantic_compatibility_status"": null, ""source_canonical_g4_id"": ""NGIQ-BR-00000717"", ""source_coverage_ratio"": 0.5125615623605831, ""target_canonical_g3_id"": ""NGIQ-BR-00000232"", ""target_coverage_ratio"": 0.17246533082964735, ""transform_provenance"": ""data/atlases/templateflow_ref (MNI152NLin2009cAsym_from-MNI152NLin6Asym)""}"
G4G3-STAGE-D3BAC93C4F5233F6B101,1987,NGIQ-BR-00000718,"MD (Thalamus, mediodorsal Nucleus) left",G4_MICROSTRUCTURAL_FINE,left,60,NGIQ-BR-00000020,"Left Thalamus, Brainnetome 8_1",G3_MESO_FINE,left,dominant_overlap,spatial_overlap,0.506958,0.13361,,,False,proposed,pending,FALSE,FALSE,APPROVE_DOMINANT_OVERLAP,DOMINANT_CRITERIA_V1,,BOUNDARY_METRIC,"{""brainnetome_probability_asset"": ""data/atlases/brainnetome/bna246/volume_raw/BNA_PM_4D.nii.gz"", ""decision_artifact"": ""g4_g3_final_scientific_decisions.csv"", ""decision_reason_code"": ""DOMINANT_CRITERIA_V1"", ""evidence_2g_probability_overlap"": ""g4_g3_probability_overlap_summary.json"", ""evidence_2h_interpretation"": ""g4_g3_overlap_interpretation_profiles.csv"", ""evidence_2ia_policy"": ""g4_g3_scientific_decision_policy_v1.csv"", ""evidence_2ib_owner_revision"": ""g4_g3_owner_policy_revision_v1.csv"", ""evidence_2ic_final_decision"": ""g4_g3_final_scientific_decision_summary.json"", ""expert_approved"": false, ""final_scientific_policy"": ""G4_G3_FINAL_SCIENTIFIC_POLICY_V1"", ""human_reviewed"": false, ""julich_probability_asset"": ""data/atlases/julich/v3.1/spatial_raw/probability_maps/"", ""julich_spatial_component_asset"": ""MD_THALAMUS_MEDIODORSAL_NUCLEUS_LEFT.nii.gz"", ""julich_spatial_component_id"": ""JULICH_BRAIN_CYTOARCHITECTONIC_ATLAS_V3_1_MD_THALAMUS_MEDIODORSAL_NUCLEUS"", ""mapping_method_field"": ""spatial_overlap"", ""owner_scientific_review_status"": ""OWNER_SCIENTIFIC_REVIEWED"", ""phase"": ""G4_G3_MAPPING_CANDIDATE_STAGING_V1"", ""production_review_status"": ""pending"", ""relation_artifact"": ""g4_g3_final_relation_decisions.csv"", ""scientific_method"": ""Julich probability x Brainnetome probability + TemplateFlow nonlinear transform + probability-weighted overlap + hard-label auxiliary containment + owner scientific review"", ""semantic_compatibility_status"": null, ""source_canonical_g4_id"": ""NGIQ-BR-00000718"", ""source_coverage_ratio"": 0.5069576479083262, ""target_canonical_g3_id"": ""NGIQ-BR-00000020"", ""target_coverage_ratio"": 0.13361042683422222, ""transform_provenance"": ""data/atlases/templateflow_ref (MNI152NLin2009cAsym_from-MNI152NLin6Asym)""}"
G4G3-STAGE-601B10E3789E167DD309,1990,NGIQ-BR-00000719,"Pv (Thalamus, paraventricular Nucleus) right",G4_MICROSTRUCTURAL_FINE,right,714,NGIQ-BR-00000238,"Right Thalamus, Brainnetome 8_4",G3_MESO_FINE,right,dominant_overlap,spatial_overlap,0.660096,0.051824,,,False,proposed,pending,FALSE,FALSE,APPROVE_DOMINANT_OVERLAP,DOMINANT_CRITERIA_V1,,,"{""brainnetome_probability_asset"": ""data/atlases/brainnetome/bna246/volume_raw/BNA_PM_4D.nii.gz"", ""decision_artifact"": ""g4_g3_final_scientific_decisions.csv"", ""decision_reason_code"": ""DOMINANT_CRITERIA_V1"", ""evidence_2g_probability_overlap"": ""g4_g3_probability_overlap_summary.json"", ""evidence_2h_interpretation"": ""g4_g3_overlap_interpretation_profiles.csv"", ""evidence_2ia_policy"": ""g4_g3_scientific_decision_policy_v1.csv"", ""evidence_2ib_owner_revision"": ""g4_g3_owner_policy_revision_v1.csv"", ""evidence_2ic_final_decision"": ""g4_g3_final_scientific_decision_summary.json"", ""expert_approved"": false, ""final_scientific_policy"": ""G4_G3_FINAL_SCIENTIFIC_POLICY_V1"", ""human_reviewed"": false, ""julich_probability_asset"": ""data/atlases/julich/v3.1/spatial_raw/probability_maps/"", ""julich_spatial_component_asset"": ""PV_THALAMUS_PARAVENTRICULAR_NUCLEUS_RIGHT.nii.gz"", ""julich_spatial_component_id"": ""JULICH_BRAIN_CYTOARCHITECTONIC_ATLAS_V3_1_PV_THALAMUS_PARAVENTRICULAR_NUCLEUS"", ""mapping_method_field"": ""spatial_overlap"", ""owner_scientific_review_status"": ""OWNER_SCIENTIFIC_REVIEWED"", ""phase"": ""G4_G3_MAPPING_CANDIDATE_STAGING_V1"", ""production_review_status"": ""pending"", ""relation_artifact"": ""g4_g3_final_relation_decisions.csv"", ""scientific_method"": ""Julich probability x Brainnetome probability + TemplateFlow nonlinear transform + probability-weighted overlap + hard-label auxiliary containment + owner scientific review"", ""semantic_compatibility_status"": null, ""source_canonical_g4_id"": ""NGIQ-BR-00000719"", ""source_coverage_ratio"": 0.6600964824559766, ""target_canonical_g3_id"": ""NGIQ-BR-00000238"", ""target_coverage_ratio"": 0.0518237214234478, ""transform_provenance"": ""data/atlases/templateflow_ref (MNI152NLin2009cAsym_from-MNI152NLin6Asym)""}"
G4G3-STAGE-A349E23BA0420A30CB33,1993,NGIQ-BR-00000720,"Pv (Thalamus, paraventricular Nucleus) left",G4_MICROSTRUCTURAL_FINE,left,711,NGIQ-BR-00000237,"Left Thalamus, Brainnetome 8_4",G3_MESO_FINE,left,partial_overlap,spatial_overlap,0.471225,0.045086,,,False,proposed,pending,FALSE,FALSE,PARTIAL_OVERLAP,OWNER_CONFIRMED_PARTIAL,,,"{""brainnetome_probability_asset"": ""data/atlases/brainnetome/bna246/volume_raw/BNA_PM_4D.nii.gz"", ""decision_artifact"": ""g4_g3_final_scientific_decisions.csv"", ""decision_reason_code"": ""OWNER_CONFIRMED_PARTIAL"", ""evidence_2g_probability_overlap"": ""g4_g3_probability_overlap_summary.json"", ""evidence_2h_interpretation"": ""g4_g3_overlap_interpretation_profiles.csv"", ""evidence_2ia_policy"": ""g4_g3_scientific_decision_policy_v1.csv"", ""evidence_2ib_owner_revision"": ""g4_g3_owner_policy_revision_v1.csv"", ""evidence_2ic_final_decision"": ""g4_g3_final_scientific_decision_summary.json"", ""expert_approved"": false, ""final_scientific_policy"": ""G4_G3_FINAL_SCIENTIFIC_POLICY_V1"", ""human_reviewed"": false, ""julich_probability_asset"": ""data/atlases/julich/v3.1/spatial_raw/probability_maps/"", ""julich_spatial_component_asset"": ""PV_THALAMUS_PARAVENTRICULAR_NUCLEUS_LEFT.nii.gz"", ""julich_spatial_component_id"": ""JULICH_BRAIN_CYTOARCHITECTONIC_ATLAS_V3_1_PV_THALAMUS_PARAVENTRICULAR_NUCLEUS"", ""mapping_method_field"": ""spatial_overlap"", ""owner_scientific_review_status"": ""OWNER_SCIENTIFIC_REVIEWED"", ""phase"": ""G4_G3_MAPPING_CANDIDATE_STAGING_V1"", ""production_review_status"": ""pending"", ""relation_artifact"": ""g4_g3_final_relation_decisions.csv"", ""scientific_method"": ""Julich probability x Brainnetome probability + TemplateFlow nonlinear transform + probability-weighted overlap + hard-label auxiliary containment + owner scientific review"", ""semantic_compatibility_status"": null, ""source_canonical_g4_id"": ""NGIQ-BR-00000720"", ""source_coverage_ratio"": 0.4712249523855003, ""target_canonical_g3_id"": ""NGIQ-BR-00000237"", ""target_coverage_ratio"": 0.04508585105916666, ""transform_provenance"": ""data/atlases/templateflow_ref (MNI152NLin2009cAsym_from-MNI152NLin6Asym)""}"
G4G3-STAGE-C6EB04EEB6A8A0085D7F,1993,NGIQ-BR-00000720,"Pv (Thalamus, paraventricular Nucleus) left",G4_MICROSTRUCTURAL_FINE,left,714,NGIQ-BR-00000238,"Right Thalamus, Brainnetome 8_4",G3_MESO_FINE,right,partial_overlap,spatial_overlap,0.296075,0.029174,,,False,proposed,pending,FALSE,FALSE,PARTIAL_OVERLAP,OWNER_CONFIRMED_PARTIAL,,,"{""brainnetome_probability_asset"": ""data/atlases/brainnetome/bna246/volume_raw/BNA_PM_4D.nii.gz"", ""decision_artifact"": ""g4_g3_final_scientific_decisions.csv"", ""decision_reason_code"": ""OWNER_CONFIRMED_PARTIAL"", ""evidence_2g_probability_overlap"": ""g4_g3_probability_overlap_summary.json"", ""evidence_2h_interpretation"": ""g4_g3_overlap_interpretation_profiles.csv"", ""evidence_2ia_policy"": ""g4_g3_scientific_decision_policy_v1.csv"", ""evidence_2ib_owner_revision"": ""g4_g3_owner_policy_revision_v1.csv"", ""evidence_2ic_final_decision"": ""g4_g3_final_scientific_decision_summary.json"", ""expert_approved"": false, ""final_scientific_policy"": ""G4_G3_FINAL_SCIENTIFIC_POLICY_V1"", ""human_reviewed"": false, ""julich_probability_asset"": ""data/atlases/julich/v3.1/spatial_raw/probability_maps/"", ""julich_spatial_component_asset"": ""PV_THALAMUS_PARAVENTRICULAR_NUCLEUS_LEFT.nii.gz"", ""julich_spatial_component_id"": ""JULICH_BRAIN_CYTOARCHITECTONIC_ATLAS_V3_1_PV_THALAMUS_PARAVENTRICULAR_NUCLEUS"", ""mapping_method_field"": ""spatial_overlap"", ""owner_scientific_review_status"": ""OWNER_SCIENTIFIC_REVIEWED"", ""phase"": ""G4_G3_MAPPING_CANDIDATE_STAGING_V1"", ""production_review_status"": ""pending"", ""relation_artifact"": ""g4_g3_final_relation_decisions.csv"", ""scientific_method"": ""Julich probability x Brainnetome probability + TemplateFlow nonlinear transform + probability-weighted overlap + hard-label auxiliary containment + owner scientific review"", ""semantic_compatibility_status"": null, ""source_canonical_g4_id"": ""NGIQ-BR-00000720"", ""source_coverage_ratio"": 0.2960752746925224, ""target_canonical_g3_id"": ""NGIQ-BR-00000238"", ""target_coverage_ratio"": 0.02917384609943596, ""transform_provenance"": ""data/atlases/templateflow_ref (MNI152NLin2009cAsym_from-MNI152NLin6Asym)""}"
G4G3-STAGE-6B1BBE3DBEB0201C84C2,1993,NGIQ-BR-00000720,"Pv (Thalamus, paraventricular Nucleus) left",G4_MICROSTRUCTURAL_FINE,left,60,NGIQ-BR-00000020,"Left Thalamus, Brainnetome 8_1",G3_MESO_FINE,left,partial_overlap,spatial_overlap,0.174662,0.018048,,,False,proposed,pending,FALSE,FALSE,PARTIAL_OVERLAP,OWNER_CONFIRMED_PARTIAL,,,"{""brainnetome_probability_asset"": ""data/atlases/brainnetome/bna246/volume_raw/BNA_PM_4D.nii.gz"", ""decision_artifact"": ""g4_g3_final_scientific_decisions.csv"", ""decision_reason_code"": ""OWNER_CONFIRMED_PARTIAL"", ""evidence_2g_probability_overlap"": ""g4_g3_probability_overlap_summary.json"", ""evidence_2h_interpretation"": ""g4_g3_overlap_interpretation_profiles.csv"", ""evidence_2ia_policy"": ""g4_g3_scientific_decision_policy_v1.csv"", ""evidence_2ib_owner_revision"": ""g4_g3_owner_policy_revision_v1.csv"", ""evidence_2ic_final_decision"": ""g4_g3_final_scientific_decision_summary.json"", ""expert_approved"": false, ""final_scientific_policy"": ""G4_G3_FINAL_SCIENTIFIC_POLICY_V1"", ""human_reviewed"": false, ""julich_probability_asset"": ""data/atlases/julich/v3.1/spatial_raw/probability_maps/"", ""julich_spatial_component_asset"": ""PV_THALAMUS_PARAVENTRICULAR_NUCLEUS_LEFT.nii.gz"", ""julich_spatial_component_id"": ""JULICH_BRAIN_CYTOARCHITECTONIC_ATLAS_V3_1_PV_THALAMUS_PARAVENTRICULAR_NUCLEUS"", ""mapping_method_field"": ""spatial_overlap"", ""owner_scientific_review_status"": ""OWNER_SCIENTIFIC_REVIEWED"", ""phase"": ""G4_G3_MAPPING_CANDIDATE_STAGING_V1"", ""production_review_status"": ""pending"", ""relation_artifact"": ""g4_g3_final_relation_decisions.csv"", ""scientific_method"": ""Julich probability x Brainnetome probability + TemplateFlow nonlinear transform + probability-weighted overlap + hard-label auxiliary containment + owner scientific review"", ""semantic_compatibility_status"": null, ""source_canonical_g4_id"": ""NGIQ-BR-00000720"", ""source_coverage_ratio"": 0.17466218376898962, ""target_canonical_g3_id"": ""NGIQ-BR-00000020"", ""target_coverage_ratio"": 0.01804792849432732, ""transform_provenance"": ""data/atlases/templateflow_ref (MNI152NLin2009cAsym_from-MNI152NLin6Asym)""}"
G4G3-STAGE-6140B9B02839B373C69E,1999,NGIQ-BR-00000722,"Po (Thalamus, posterior Nucleus) left",G4_MICROSTRUCTURAL_FINE,left,717,NGIQ-BR-00000239,"Left Thalamus, Brainnetome 8_5",G3_MESO_FINE,left,partial_overlap,spatial_overlap,0.372663,0.021873,,,False,proposed,pending,FALSE,FALSE,PARTIAL_OVERLAP,FINAL_MULTI_TARGET_PARTIAL_GATE_PASS,,BOUNDARY_SECOND_TARGET,"{""brainnetome_probability_asset"": ""data/atlases/brainnetome/bna246/volume_raw/BNA_PM_4D.nii.gz"", ""decision_artifact"": ""g4_g3_final_scientific_decisions.csv"", ""decision_reason_code"": ""FINAL_MULTI_TARGET_PARTIAL_GATE_PASS"", ""evidence_2g_probability_overlap"": ""g4_g3_probability_overlap_summary.json"", ""evidence_2h_interpretation"": ""g4_g3_overlap_interpretation_profiles.csv"", ""evidence_2ia_policy"": ""g4_g3_scientific_decision_policy_v1.csv"", ""evidence_2ib_owner_revision"": ""g4_g3_owner_policy_revision_v1.csv"", ""evidence_2ic_final_decision"": ""g4_g3_final_scientific_decision_summary.json"", ""expert_approved"": false, ""final_scientific_policy"": ""G4_G3_FINAL_SCIENTIFIC_POLICY_V1"", ""human_reviewed"": false, ""julich_probability_asset"": ""data/atlases/julich/v3.1/spatial_raw/probability_maps/"", ""julich_spatial_component_asset"": ""PO_THALAMUS_POSTERIOR_NUCLEUS_LEFT.nii.gz"", ""julich_spatial_component_id"": ""JULICH_BRAIN_CYTOARCHITECTONIC_ATLAS_V3_1_PO_THALAMUS_POSTERIOR_NUCLEUS"", ""mapping_method_field"": ""spatial_overlap"", ""owner_scientific_review_status"": ""OWNER_SCIENTIFIC_REVIEWED"", ""phase"": ""G4_G3_MAPPING_CANDIDATE_STAGING_V1"", ""production_review_status"": ""pending"", ""relation_artifact"": ""g4_g3_final_relation_decisions.csv"", ""scientific_method"": ""Julich probability x Brainnetome probability + TemplateFlow nonlinear transform + probability-weighted overlap + hard-label auxiliary containment + owner scientific review"", ""semantic_compatibility_status"": null, ""source_canonical_g4_id"": ""NGIQ-BR-00000722"", ""source_coverage_ratio"": 0.3726626031887063, ""target_canonical_g3_id"": ""NGIQ-BR-00000239"", ""target_coverage_ratio"": 0.021872791956778787, ""transform_provenance"": ""data/atlases/templateflow_ref (MNI152NLin2009cAsym_from-MNI152NLin6Asym)""}"
G4G3-STAGE-C1EA5C59E19D4651F4B8,1999,NGIQ-BR-00000722,"Po (Thalamus, posterior Nucleus) left",G4_MICROSTRUCTURAL_FINE,left,723,NGIQ-BR-00000241,"Left Thalamus, Brainnetome 8_6",G3_MESO_FINE,left,partial_overlap,spatial_overlap,0.19841,0.013566,,,False,proposed,pending,FALSE,FALSE,PARTIAL_OVERLAP,FINAL_MULTI_TARGET_PARTIAL_GATE_PASS,,BOUNDARY_SECOND_TARGET,"{""brainnetome_probability_asset"": ""data/atlases/brainnetome/bna246/volume_raw/BNA_PM_4D.nii.gz"", ""decision_artifact"": ""g4_g3_final_scientific_decisions.csv"", ""decision_reason_code"": ""FINAL_MULTI_TARGET_PARTIAL_GATE_PASS"", ""evidence_2g_probability_overlap"": ""g4_g3_probability_overlap_summary.json"", ""evidence_2h_interpretation"": ""g4_g3_overlap_interpretation_profiles.csv"", ""evidence_2ia_policy"": ""g4_g3_scientific_decision_policy_v1.csv"", ""evidence_2ib_owner_revision"": ""g4_g3_owner_policy_revision_v1.csv"", ""evidence_2ic_final_decision"": ""g4_g3_final_scientific_decision_summary.json"", ""expert_approved"": false, ""final_scientific_policy"": ""G4_G3_FINAL_SCIENTIFIC_POLICY_V1"", ""human_reviewed"": false, ""julich_probability_asset"": ""data/atlases/julich/v3.1/spatial_raw/probability_maps/"", ""julich_spatial_component_asset"": ""PO_THALAMUS_POSTERIOR_NUCLEUS_LEFT.nii.gz"", ""julich_spatial_component_id"": ""JULICH_BRAIN_CYTOARCHITECTONIC_ATLAS_V3_1_PO_THALAMUS_POSTERIOR_NUCLEUS"", ""mapping_method_field"": ""spatial_overlap"", ""owner_scientific_review_status"": ""OWNER_SCIENTIFIC_REVIEWED"", ""phase"": ""G4_G3_MAPPING_CANDIDATE_STAGING_V1"", ""production_review_status"": ""pending"", ""relation_artifact"": ""g4_g3_final_relation_decisions.csv"", ""scientific_method"": ""Julich probability x Brainnetome probability + TemplateFlow nonlinear transform + probability-weighted overlap + hard-label auxiliary containment + owner scientific review"", ""semantic_compatibility_status"": null, ""source_canonical_g4_id"": ""NGIQ-BR-00000722"", ""source_coverage_ratio"": 0.19840955978735322, ""target_canonical_g3_id"": ""NGIQ-BR-00000241"", ""target_coverage_ratio"": 0.013566229513810162, ""transform_provenance"": ""data/atlases/templateflow_ref (MNI152NLin2009cAsym_from-MNI152NLin6Asym)""}"
G4G3-STAGE-F78AF186783B9BB45281,1999,NGIQ-BR-00000722,"Po (Thalamus, posterior Nucleus) left",G4_MICROSTRUCTURAL_FINE,left,705,NGIQ-BR-00000235,"Left Thalamus, Brainnetome 8_3",G3_MESO_FINE,left,partial_overlap,spatial_overlap,0.15035,0.015439,,,False,proposed,pending,FALSE,FALSE,PARTIAL_OVERLAP,FINAL_MULTI_TARGET_PARTIAL_GATE_PASS,,BOUNDARY_SECOND_TARGET,"{""brainnetome_probability_asset"": ""data/atlases/brainnetome/bna246/volume_raw/BNA_PM_4D.nii.gz"", ""decision_artifact"": ""g4_g3_final_scientific_decisions.csv"", ""decision_reason_code"": ""FINAL_MULTI_TARGET_PARTIAL_GATE_PASS"", ""evidence_2g_probability_overlap"": ""g4_g3_probability_overlap_summary.json"", ""evidence_2h_interpretation"": ""g4_g3_overlap_interpretation_profiles.csv"", ""evidence_2ia_policy"": ""g4_g3_scientific_decision_policy_v1.csv"", ""evidence_2ib_owner_revision"": ""g4_g3_owner_policy_revision_v1.csv"", ""evidence_2ic_final_decision"": ""g4_g3_final_scientific_decision_summary.json"", ""expert_approved"": false, ""final_scientific_policy"": ""G4_G3_FINAL_SCIENTIFIC_POLICY_V1"", ""human_reviewed"": false, ""julich_probability_asset"": ""data/atlases/julich/v3.1/spatial_raw/probability_maps/"", ""julich_spatial_component_asset"": ""PO_THALAMUS_POSTERIOR_NUCLEUS_LEFT.nii.gz"", ""julich_spatial_component_id"": ""JULICH_BRAIN_CYTOARCHITECTONIC_ATLAS_V3_1_PO_THALAMUS_POSTERIOR_NUCLEUS"", ""mapping_method_field"": ""spatial_overlap"", ""owner_scientific_review_status"": ""OWNER_SCIENTIFIC_REVIEWED"", ""phase"": ""G4_G3_MAPPING_CANDIDATE_STAGING_V1"", ""production_review_status"": ""pending"", ""relation_artifact"": ""g4_g3_final_relation_decisions.csv"", ""scientific_method"": ""Julich probability x Brainnetome probability + TemplateFlow nonlinear transform + probability-weighted overlap + hard-label auxiliary containment + owner scientific review"", ""semantic_compatibility_status"": null, ""source_canonical_g4_id"": ""NGIQ-BR-00000722"", ""source_coverage_ratio"": 0.15034990983470867, ""target_canonical_g3_id"": ""NGIQ-BR-00000235"", ""target_coverage_ratio"": 0.015439247545375257, ""transform_provenance"": ""data/atlases/templateflow_ref (MNI152NLin2009cAsym_from-MNI152NLin6Asym)""}"
G4G3-STAGE-5E23E96F8EE7D5A3C2DA,2002,NGIQ-BR-00000723,"PUm (Thalamus, medial pulvinar) right",G4_MICROSTRUCTURAL_FINE,right,726,NGIQ-BR-00000242,"Right Thalamus, Brainnetome 8_6",G3_MESO_FINE,right,partial_overlap,spatial_overlap,0.474532,0.069758,,,False,proposed,pending,FALSE,FALSE,PARTIAL_OVERLAP,OWNER_CONFIRMED_PARTIAL_SET_CONCORDANT,,,"{""brainnetome_probability_asset"": ""data/atlases/brainnetome/bna246/volume_raw/BNA_PM_4D.nii.gz"", ""decision_artifact"": ""g4_g3_final_scientific_decisions.csv"", ""decision_reason_code"": ""OWNER_CONFIRMED_PARTIAL_SET_CONCORDANT"", ""evidence_2g_probability_overlap"": ""g4_g3_probability_overlap_summary.json"", ""evidence_2h_interpretation"": ""g4_g3_overlap_interpretation_profiles.csv"", ""evidence_2ia_policy"": ""g4_g3_scientific_decision_policy_v1.csv"", ""evidence_2ib_owner_revision"": ""g4_g3_owner_policy_revision_v1.csv"", ""evidence_2ic_final_decision"": ""g4_g3_final_scientific_decision_summary.json"", ""expert_approved"": false, ""final_scientific_policy"": ""G4_G3_FINAL_SCIENTIFIC_POLICY_V1"", ""human_reviewed"": false, ""julich_probability_asset"": ""data/atlases/julich/v3.1/spatial_raw/probability_maps/"", ""julich_spatial_component_asset"": ""PUM_THALAMUS_MEDIAL_PULVINAR_RIGHT.nii.gz"", ""julich_spatial_component_id"": ""JULICH_BRAIN_CYTOARCHITECTONIC_ATLAS_V3_1_PUM_THALAMUS_MEDIAL_PULVINAR"", ""mapping_method_field"": ""spatial_overlap"", ""owner_scientific_review_status"": ""OWNER_SCIENTIFIC_REVIEWED"", ""phase"": ""G4_G3_MAPPING_CANDIDATE_STAGING_V1"", ""production_review_status"": ""pending"", ""relation_artifact"": ""g4_g3_final_relation_decisions.csv"", ""scientific_method"": ""Julich probability x Brainnetome probability + TemplateFlow nonlinear transform + probability-weighted overlap + hard-label auxiliary containment + owner scientific review"", ""semantic_compatibility_status"": null, ""source_canonical_g4_id"": ""NGIQ-BR-00000723"", ""source_coverage_ratio"": 0.4745321462565711, ""target_canonical_g3_id"": ""NGIQ-BR-00000242"", ""target_coverage_ratio"": 0.06975784338014913, ""transform_provenance"": ""data/atlases/templateflow_ref (MNI152NLin2009cAsym_from-MNI152NLin6Asym)""}"
G4G3-STAGE-700CDB74380EDC0FF63A,2002,NGIQ-BR-00000723,"PUm (Thalamus, medial pulvinar) right",G4_MICROSTRUCTURAL_FINE,right,720,NGIQ-BR-00000240,"Right Thalamus, Brainnetome 8_5",G3_MESO_FINE,right,partial_overlap,spatial_overlap,0.4129,0.069758,,,False,proposed,pending,FALSE,FALSE,PARTIAL_OVERLAP,OWNER_CONFIRMED_PARTIAL_SET_CONCORDANT,,,"{""brainnetome_probability_asset"": ""data/atlases/brainnetome/bna246/volume_raw/BNA_PM_4D.nii.gz"", ""decision_artifact"": ""g4_g3_final_scientific_decisions.csv"", ""decision_reason_code"": ""OWNER_CONFIRMED_PARTIAL_SET_CONCORDANT"", ""evidence_2g_probability_overlap"": ""g4_g3_probability_overlap_summary.json"", ""evidence_2h_interpretation"": ""g4_g3_overlap_interpretation_profiles.csv"", ""evidence_2ia_policy"": ""g4_g3_scientific_decision_policy_v1.csv"", ""evidence_2ib_owner_revision"": ""g4_g3_owner_policy_revision_v1.csv"", ""evidence_2ic_final_decision"": ""g4_g3_final_scientific_decision_summary.json"", ""expert_approved"": false, ""final_scientific_policy"": ""G4_G3_FINAL_SCIENTIFIC_POLICY_V1"", ""human_reviewed"": false, ""julich_probability_asset"": ""data/atlases/julich/v3.1/spatial_raw/probability_maps/"", ""julich_spatial_component_asset"": ""PUM_THALAMUS_MEDIAL_PULVINAR_RIGHT.nii.gz"", ""julich_spatial_component_id"": ""JULICH_BRAIN_CYTOARCHITECTONIC_ATLAS_V3_1_PUM_THALAMUS_MEDIAL_PULVINAR"", ""mapping_method_field"": ""spatial_overlap"", ""owner_scientific_review_status"": ""OWNER_SCIENTIFIC_REVIEWED"", ""phase"": ""G4_G3_MAPPING_CANDIDATE_STAGING_V1"", ""production_review_status"": ""pending"", ""relation_artifact"": ""g4_g3_final_relation_decisions.csv"", ""scientific_method"": ""Julich probability x Brainnetome probability + TemplateFlow nonlinear transform + probability-weighted overlap + hard-label auxiliary containment + owner scientific review"", ""semantic_compatibility_status"": null, ""source_canonical_g4_id"": ""NGIQ-BR-00000723"", ""source_coverage_ratio"": 0.41290033175454866, ""target_canonical_g3_id"": ""NGIQ-BR-00000240"", ""target_coverage_ratio"": 0.06975831673284458, ""transform_provenance"": ""data/atlases/templateflow_ref (MNI152NLin2009cAsym_from-MNI152NLin6Asym)""}"
G4G3-STAGE-7583B44F079B97CC77A3,2005,NGIQ-BR-00000724,"PUm (Thalamus, medial pulvinar) left",G4_MICROSTRUCTURAL_FINE,left,723,NGIQ-BR-00000241,"Left Thalamus, Brainnetome 8_6",G3_MESO_FINE,left,partial_overlap,spatial_overlap,0.424238,0.128041,,,False,proposed,pending,FALSE,FALSE,PARTIAL_OVERLAP,OWNER_CONFIRMED_PARTIAL,,BOUNDARY_SECOND_TARGET,"{""brainnetome_probability_asset"": ""data/atlases/brainnetome/bna246/volume_raw/BNA_PM_4D.nii.gz"", ""decision_artifact"": ""g4_g3_final_scientific_decisions.csv"", ""decision_reason_code"": ""OWNER_CONFIRMED_PARTIAL"", ""evidence_2g_probability_overlap"": ""g4_g3_probability_overlap_summary.json"", ""evidence_2h_interpretation"": ""g4_g3_overlap_interpretation_profiles.csv"", ""evidence_2ia_policy"": ""g4_g3_scientific_decision_policy_v1.csv"", ""evidence_2ib_owner_revision"": ""g4_g3_owner_policy_revision_v1.csv"", ""evidence_2ic_final_decision"": ""g4_g3_final_scientific_decision_summary.json"", ""expert_approved"": false, ""final_scientific_policy"": ""G4_G3_FINAL_SCIENTIFIC_POLICY_V1"", ""human_reviewed"": false, ""julich_probability_asset"": ""data/atlases/julich/v3.1/spatial_raw/probability_maps/"", ""julich_spatial_component_asset"": ""PUM_THALAMUS_MEDIAL_PULVINAR_LEFT.nii.gz"", ""julich_spatial_component_id"": ""JULICH_BRAIN_CYTOARCHITECTONIC_ATLAS_V3_1_PUM_THALAMUS_MEDIAL_PULVINAR"", ""mapping_method_field"": ""spatial_overlap"", ""owner_scientific_review_status"": ""OWNER_SCIENTIFIC_REVIEWED"", ""phase"": ""G4_G3_MAPPING_CANDIDATE_STAGING_V1"", ""production_review_status"": ""pending"", ""relation_artifact"": ""g4_g3_final_relation_decisions.csv"", ""scientific_method"": ""Julich probability x Brainnetome probability + TemplateFlow nonlinear transform + probability-weighted overlap + hard-label auxiliary containment + owner scientific review"", ""semantic_compatibility_status"": null, ""source_canonical_g4_id"": ""NGIQ-BR-00000724"", ""source_coverage_ratio"": 0.4242376717433638, ""target_canonical_g3_id"": ""NGIQ-BR-00000241"", ""target_coverage_ratio"": 0.1280410810544798, ""transform_provenance"": ""data/atlases/templateflow_ref (MNI152NLin2009cAsym_from-MNI152NLin6Asym)""}"
G4G3-STAGE-91BAE33BAD5F3B063764,2005,NGIQ-BR-00000724,"PUm (Thalamus, medial pulvinar) left",G4_MICROSTRUCTURAL_FINE,left,729,NGIQ-BR-00000243,"Left Thalamus, Brainnetome 8_7",G3_MESO_FINE,left,partial_overlap,spatial_overlap,0.182745,0.068742,,,False,proposed,pending,FALSE,FALSE,PARTIAL_OVERLAP,OWNER_CONFIRMED_PARTIAL,,BOUNDARY_SECOND_TARGET,"{""brainnetome_probability_asset"": ""data/atlases/brainnetome/bna246/volume_raw/BNA_PM_4D.nii.gz"", ""decision_artifact"": ""g4_g3_final_scientific_decisions.csv"", ""decision_reason_code"": ""OWNER_CONFIRMED_PARTIAL"", ""evidence_2g_probability_overlap"": ""g4_g3_probability_overlap_summary.json"", ""evidence_2h_interpretation"": ""g4_g3_overlap_interpretation_profiles.csv"", ""evidence_2ia_policy"": ""g4_g3_scientific_decision_policy_v1.csv"", ""evidence_2ib_owner_revision"": ""g4_g3_owner_policy_revision_v1.csv"", ""evidence_2ic_final_decision"": ""g4_g3_final_scientific_decision_summary.json"", ""expert_approved"": false, ""final_scientific_policy"": ""G4_G3_FINAL_SCIENTIFIC_POLICY_V1"", ""human_reviewed"": false, ""julich_probability_asset"": ""data/atlases/julich/v3.1/spatial_raw/probability_maps/"", ""julich_spatial_component_asset"": ""PUM_THALAMUS_MEDIAL_PULVINAR_LEFT.nii.gz"", ""julich_spatial_component_id"": ""JULICH_BRAIN_CYTOARCHITECTONIC_ATLAS_V3_1_PUM_THALAMUS_MEDIAL_PULVINAR"", ""mapping_method_field"": ""spatial_overlap"", ""owner_scientific_review_status"": ""OWNER_SCIENTIFIC_REVIEWED"", ""phase"": ""G4_G3_MAPPING_CANDIDATE_STAGING_V1"", ""production_review_status"": ""pending"", ""relation_artifact"": ""g4_g3_final_relation_decisions.csv"", ""scientific_method"": ""Julich probability x Brainnetome probability + TemplateFlow nonlinear transform + probability-weighted overlap + hard-label auxiliary containment + owner scientific review"", ""semantic_compatibility_status"": null, ""source_canonical_g4_id"": ""NGIQ-BR-00000724"", ""source_coverage_ratio"": 0.18274451534515937, ""target_canonical_g3_id"": ""NGIQ-BR-00000243"", ""target_coverage_ratio"": 0.06874181866252277, ""transform_provenance"": ""data/atlases/templateflow_ref (MNI152NLin2009cAsym_from-MNI152NLin6Asym)""}"
G4G3-STAGE-1F5486830109EF0F7FAC,2008,NGIQ-BR-00000725,"PUl (Thalamus, lateral pulvinar) right",G4_MICROSTRUCTURAL_FINE,right,720,NGIQ-BR-00000240,"Right Thalamus, Brainnetome 8_5",G3_MESO_FINE,right,partial_overlap,spatial_overlap,0.454301,0.061593,,,False,proposed,pending,FALSE,FALSE,PARTIAL_OVERLAP,OWNER_CONFIRMED_PARTIAL,,,"{""brainnetome_probability_asset"": ""data/atlases/brainnetome/bna246/volume_raw/BNA_PM_4D.nii.gz"", ""decision_artifact"": ""g4_g3_final_scientific_decisions.csv"", ""decision_reason_code"": ""OWNER_CONFIRMED_PARTIAL"", ""evidence_2g_probability_overlap"": ""g4_g3_probability_overlap_summary.json"", ""evidence_2h_interpretation"": ""g4_g3_overlap_interpretation_profiles.csv"", ""evidence_2ia_policy"": ""g4_g3_scientific_decision_policy_v1.csv"", ""evidence_2ib_owner_revision"": ""g4_g3_owner_policy_revision_v1.csv"", ""evidence_2ic_final_decision"": ""g4_g3_final_scientific_decision_summary.json"", ""expert_approved"": false, ""final_scientific_policy"": ""G4_G3_FINAL_SCIENTIFIC_POLICY_V1"", ""human_reviewed"": false, ""julich_probability_asset"": ""data/atlases/julich/v3.1/spatial_raw/probability_maps/"", ""julich_spatial_component_asset"": ""PUL_THALAMUS_LATERAL_PULVINAR_RIGHT.nii.gz"", ""julich_spatial_component_id"": ""JULICH_BRAIN_CYTOARCHITECTONIC_ATLAS_V3_1_PUL_THALAMUS_LATERAL_PULVINAR"", ""mapping_method_field"": ""spatial_overlap"", ""owner_scientific_review_status"": ""OWNER_SCIENTIFIC_REVIEWED"", ""phase"": ""G4_G3_MAPPING_CANDIDATE_STAGING_V1"", ""production_review_status"": ""pending"", ""relation_artifact"": ""g4_g3_final_relation_decisions.csv"", ""scientific_method"": ""Julich probability x Brainnetome probability + TemplateFlow nonlinear transform + probability-weighted overlap + hard-label auxiliary containment + owner scientific review"", ""semantic_compatibility_status"": null, ""source_canonical_g4_id"": ""NGIQ-BR-00000725"", ""source_coverage_ratio"": 0.4543005871213955, ""target_canonical_g3_id"": ""NGIQ-BR-00000240"", ""target_coverage_ratio"": 0.061592757957208366, ""transform_provenance"": ""data/atlases/templateflow_ref (MNI152NLin2009cAsym_from-MNI152NLin6Asym)""}"
G4G3-STAGE-2BA516D8CBDF0FC91B48,2008,NGIQ-BR-00000725,"PUl (Thalamus, lateral pulvinar) right",G4_MICROSTRUCTURAL_FINE,right,726,NGIQ-BR-00000242,"Right Thalamus, Brainnetome 8_6",G3_MESO_FINE,right,partial_overlap,spatial_overlap,0.360858,0.061556,,,False,proposed,pending,FALSE,FALSE,PARTIAL_OVERLAP,OWNER_CONFIRMED_PARTIAL,,,"{""brainnetome_probability_asset"": ""data/atlases/brainnetome/bna246/volume_raw/BNA_PM_4D.nii.gz"", ""decision_artifact"": ""g4_g3_final_scientific_decisions.csv"", ""decision_reason_code"": ""OWNER_CONFIRMED_PARTIAL"", ""evidence_2g_probability_overlap"": ""g4_g3_probability_overlap_summary.json"", ""evidence_2h_interpretation"": ""g4_g3_overlap_interpretation_profiles.csv"", ""evidence_2ia_policy"": ""g4_g3_scientific_decision_policy_v1.csv"", ""evidence_2ib_owner_revision"": ""g4_g3_owner_policy_revision_v1.csv"", ""evidence_2ic_final_decision"": ""g4_g3_final_scientific_decision_summary.json"", ""expert_approved"": false, ""final_scientific_policy"": ""G4_G3_FINAL_SCIENTIFIC_POLICY_V1"", ""human_reviewed"": false, ""julich_probability_asset"": ""data/atlases/julich/v3.1/spatial_raw/probability_maps/"", ""julich_spatial_component_asset"": ""PUL_THALAMUS_LATERAL_PULVINAR_RIGHT.nii.gz"", ""julich_spatial_component_id"": ""JULICH_BRAIN_CYTOARCHITECTONIC_ATLAS_V3_1_PUL_THALAMUS_LATERAL_PULVINAR"", ""mapping_method_field"": ""spatial_overlap"", ""owner_scientific_review_status"": ""OWNER_SCIENTIFIC_REVIEWED"", ""phase"": ""G4_G3_MAPPING_CANDIDATE_STAGING_V1"", ""production_review_status"": ""pending"", ""relation_artifact"": ""g4_g3_final_relation_decisions.csv"", ""scientific_method"": ""Julich probability x Brainnetome probability + TemplateFlow nonlinear transform + probability-weighted overlap + hard-label auxiliary containment + owner scientific review"", ""semantic_compatibility_status"": null, ""source_canonical_g4_id"": ""NGIQ-BR-00000725"", ""source_coverage_ratio"": 0.3608581647755458, ""target_canonical_g3_id"": ""NGIQ-BR-00000242"", ""target_coverage_ratio"": 0.06155637340131077, ""transform_provenance"": ""data/atlases/templateflow_ref (MNI152NLin2009cAsym_from-MNI152NLin6Asym)""}"
G4G3-STAGE-D3964B2FF845EB153D00,2011,NGIQ-BR-00000726,"PUl (Thalamus, lateral pulvinar) left",G4_MICROSTRUCTURAL_FINE,left,723,NGIQ-BR-00000241,"Left Thalamus, Brainnetome 8_6",G3_MESO_FINE,left,dominant_overlap,spatial_overlap,0.612999,0.081919,,,False,proposed,pending,FALSE,FALSE,APPROVE_DOMINANT_OVERLAP,DOMINANT_CRITERIA_V1,,,"{""brainnetome_probability_asset"": ""data/atlases/brainnetome/bna246/volume_raw/BNA_PM_4D.nii.gz"", ""decision_artifact"": ""g4_g3_final_scientific_decisions.csv"", ""decision_reason_code"": ""DOMINANT_CRITERIA_V1"", ""evidence_2g_probability_overlap"": ""g4_g3_probability_overlap_summary.json"", ""evidence_2h_interpretation"": ""g4_g3_overlap_interpretation_profiles.csv"", ""evidence_2ia_policy"": ""g4_g3_scientific_decision_policy_v1.csv"", ""evidence_2ib_owner_revision"": ""g4_g3_owner_policy_revision_v1.csv"", ""evidence_2ic_final_decision"": ""g4_g3_final_scientific_decision_summary.json"", ""expert_approved"": false, ""final_scientific_policy"": ""G4_G3_FINAL_SCIENTIFIC_POLICY_V1"", ""human_reviewed"": false, ""julich_probability_asset"": ""data/atlases/julich/v3.1/spatial_raw/probability_maps/"", ""julich_spatial_component_asset"": ""PUL_THALAMUS_LATERAL_PULVINAR_LEFT.nii.gz"", ""julich_spatial_component_id"": ""JULICH_BRAIN_CYTOARCHITECTONIC_ATLAS_V3_1_PUL_THALAMUS_LATERAL_PULVINAR"", ""mapping_method_field"": ""spatial_overlap"", ""owner_scientific_review_status"": ""OWNER_SCIENTIFIC_REVIEWED"", ""phase"": ""G4_G3_MAPPING_CANDIDATE_STAGING_V1"", ""production_review_status"": ""pending"", ""relation_artifact"": ""g4_g3_final_relation_decisions.csv"", ""scientific_method"": ""Julich probability x Brainnetome probability + TemplateFlow nonlinear transform + probability-weighted overlap + hard-label auxiliary containment + owner scientific review"", ""semantic_compatibility_status"": null, ""source_canonical_g4_id"": ""NGIQ-BR-00000726"", ""source_coverage_ratio"": 0.6129990306422674, ""target_canonical_g3_id"": ""NGIQ-BR-00000241"", ""target_coverage_ratio"": 0.08191942373523257, ""transform_provenance"": ""data/atlases/templateflow_ref (MNI152NLin2009cAsym_from-MNI152NLin6Asym)""}"
G4G3-STAGE-79CC338B9C3DFF64D12B,2038,NGIQ-BR-00000735,"PUa (Thalamus, anterior pulvinar) right",G4_MICROSTRUCTURAL_FINE,right,720,NGIQ-BR-00000240,"Right Thalamus, Brainnetome 8_5",G3_MESO_FINE,right,partial_overlap,spatial_overlap,0.327914,0.054706,,,False,proposed,pending,FALSE,FALSE,PARTIAL_OVERLAP,OWNER_CONFIRMED_PARTIAL,,,"{""brainnetome_probability_asset"": ""data/atlases/brainnetome/bna246/volume_raw/BNA_PM_4D.nii.gz"", ""decision_artifact"": ""g4_g3_final_scientific_decisions.csv"", ""decision_reason_code"": ""OWNER_CONFIRMED_PARTIAL"", ""evidence_2g_probability_overlap"": ""g4_g3_probability_overlap_summary.json"", ""evidence_2h_interpretation"": ""g4_g3_overlap_interpretation_profiles.csv"", ""evidence_2ia_policy"": ""g4_g3_scientific_decision_policy_v1.csv"", ""evidence_2ib_owner_revision"": ""g4_g3_owner_policy_revision_v1.csv"", ""evidence_2ic_final_decision"": ""g4_g3_final_scientific_decision_summary.json"", ""expert_approved"": false, ""final_scientific_policy"": ""G4_G3_FINAL_SCIENTIFIC_POLICY_V1"", ""human_reviewed"": false, ""julich_probability_asset"": ""data/atlases/julich/v3.1/spatial_raw/probability_maps/"", ""julich_spatial_component_asset"": ""PUA_THALAMUS_ANTERIOR_PULVINAR_RIGHT.nii.gz"", ""julich_spatial_component_id"": ""JULICH_BRAIN_CYTOARCHITECTONIC_ATLAS_V3_1_PUA_THALAMUS_ANTERIOR_PULVINAR"", ""mapping_method_field"": ""spatial_overlap"", ""owner_scientific_review_status"": ""OWNER_SCIENTIFIC_REVIEWED"", ""phase"": ""G4_G3_MAPPING_CANDIDATE_STAGING_V1"", ""production_review_status"": ""pending"", ""relation_artifact"": ""g4_g3_final_relation_decisions.csv"", ""scientific_method"": ""Julich probability x Brainnetome probability + TemplateFlow nonlinear transform + probability-weighted overlap + hard-label auxiliary containment + owner scientific review"", ""semantic_compatibility_status"": null, ""source_canonical_g4_id"": ""NGIQ-BR-00000735"", ""source_coverage_ratio"": 0.3279138557347327, ""target_canonical_g3_id"": ""NGIQ-BR-00000240"", ""target_coverage_ratio"": 0.054706301954669474, ""transform_provenance"": ""data/atlases/templateflow_ref (MNI152NLin2009cAsym_from-MNI152NLin6Asym)""}"
G4G3-STAGE-0F0E81ED9555D7A40177,2038,NGIQ-BR-00000735,"PUa (Thalamus, anterior pulvinar) right",G4_MICROSTRUCTURAL_FINE,right,708,NGIQ-BR-00000236,"Right Thalamus, Brainnetome 8_3",G3_MESO_FINE,right,partial_overlap,spatial_overlap,0.304593,0.068935,,,False,proposed,pending,FALSE,FALSE,PARTIAL_OVERLAP,OWNER_CONFIRMED_PARTIAL,,,"{""brainnetome_probability_asset"": ""data/atlases/brainnetome/bna246/volume_raw/BNA_PM_4D.nii.gz"", ""decision_artifact"": ""g4_g3_final_scientific_decisions.csv"", ""decision_reason_code"": ""OWNER_CONFIRMED_PARTIAL"", ""evidence_2g_probability_overlap"": ""g4_g3_probability_overlap_summary.json"", ""evidence_2h_interpretation"": ""g4_g3_overlap_interpretation_profiles.csv"", ""evidence_2ia_policy"": ""g4_g3_scientific_decision_policy_v1.csv"", ""evidence_2ib_owner_revision"": ""g4_g3_owner_policy_revision_v1.csv"", ""evidence_2ic_final_decision"": ""g4_g3_final_scientific_decision_summary.json"", ""expert_approved"": false, ""final_scientific_policy"": ""G4_G3_FINAL_SCIENTIFIC_POLICY_V1"", ""human_reviewed"": false, ""julich_probability_asset"": ""data/atlases/julich/v3.1/spatial_raw/probability_maps/"", ""julich_spatial_component_asset"": ""PUA_THALAMUS_ANTERIOR_PULVINAR_RIGHT.nii.gz"", ""julich_spatial_component_id"": ""JULICH_BRAIN_CYTOARCHITECTONIC_ATLAS_V3_1_PUA_THALAMUS_ANTERIOR_PULVINAR"", ""mapping_method_field"": ""spatial_overlap"", ""owner_scientific_review_status"": ""OWNER_SCIENTIFIC_REVIEWED"", ""phase"": ""G4_G3_MAPPING_CANDIDATE_STAGING_V1"", ""production_review_status"": ""pending"", ""relation_artifact"": ""g4_g3_final_relation_decisions.csv"", ""scientific_method"": ""Julich probability x Brainnetome probability + TemplateFlow nonlinear transform + probability-weighted overlap + hard-label auxiliary containment + owner scientific review"", ""semantic_compatibility_status"": null, ""source_canonical_g4_id"": ""NGIQ-BR-00000735"", ""source_coverage_ratio"": 0.304593077645625, ""target_canonical_g3_id"": ""NGIQ-BR-00000236"", ""target_coverage_ratio"": 0.06893452531771073, ""transform_provenance"": ""data/atlases/templateflow_ref (MNI152NLin2009cAsym_from-MNI152NLin6Asym)""}"
G4G3-STAGE-818401F26DE2F4E6E7B8,2038,NGIQ-BR-00000735,"PUa (Thalamus, anterior pulvinar) right",G4_MICROSTRUCTURAL_FINE,right,738,NGIQ-BR-00000246,"Right Thalamus, Brainnetome 8_8",G3_MESO_FINE,right,partial_overlap,spatial_overlap,0.237098,0.048131,,,False,proposed,pending,FALSE,FALSE,PARTIAL_OVERLAP,OWNER_CONFIRMED_PARTIAL,,,"{""brainnetome_probability_asset"": ""data/atlases/brainnetome/bna246/volume_raw/BNA_PM_4D.nii.gz"", ""decision_artifact"": ""g4_g3_final_scientific_decisions.csv"", ""decision_reason_code"": ""OWNER_CONFIRMED_PARTIAL"", ""evidence_2g_probability_overlap"": ""g4_g3_probability_overlap_summary.json"", ""evidence_2h_interpretation"": ""g4_g3_overlap_interpretation_profiles.csv"", ""evidence_2ia_policy"": ""g4_g3_scientific_decision_policy_v1.csv"", ""evidence_2ib_owner_revision"": ""g4_g3_owner_policy_revision_v1.csv"", ""evidence_2ic_final_decision"": ""g4_g3_final_scientific_decision_summary.json"", ""expert_approved"": false, ""final_scientific_policy"": ""G4_G3_FINAL_SCIENTIFIC_POLICY_V1"", ""human_reviewed"": false, ""julich_probability_asset"": ""data/atlases/julich/v3.1/spatial_raw/probability_maps/"", ""julich_spatial_component_asset"": ""PUA_THALAMUS_ANTERIOR_PULVINAR_RIGHT.nii.gz"", ""julich_spatial_component_id"": ""JULICH_BRAIN_CYTOARCHITECTONIC_ATLAS_V3_1_PUA_THALAMUS_ANTERIOR_PULVINAR"", ""mapping_method_field"": ""spatial_overlap"", ""owner_scientific_review_status"": ""OWNER_SCIENTIFIC_REVIEWED"", ""phase"": ""G4_G3_MAPPING_CANDIDATE_STAGING_V1"", ""production_review_status"": ""pending"", ""relation_artifact"": ""g4_g3_final_relation_decisions.csv"", ""scientific_method"": ""Julich probability x Brainnetome probability + TemplateFlow nonlinear transform + probability-weighted overlap + hard-label auxiliary containment + owner scientific review"", ""semantic_compatibility_status"": null, ""source_canonical_g4_id"": ""NGIQ-BR-00000735"", ""source_coverage_ratio"": 0.23709817250566775, ""target_canonical_g3_id"": ""NGIQ-BR-00000246"", ""target_coverage_ratio"": 0.04813123130153422, ""transform_provenance"": ""data/atlases/templateflow_ref (MNI152NLin2009cAsym_from-MNI152NLin6Asym)""}"
G4G3-STAGE-661648723F9EF0862938,2041,NGIQ-BR-00000736,"PUa (Thalamus, anterior pulvinar) left",G4_MICROSTRUCTURAL_FINE,left,717,NGIQ-BR-00000239,"Left Thalamus, Brainnetome 8_5",G3_MESO_FINE,left,partial_overlap,spatial_overlap,0.46064,0.061021,,,False,proposed,pending,FALSE,FALSE,PARTIAL_OVERLAP,OWNER_CONFIRMED_PARTIAL,,,"{""brainnetome_probability_asset"": ""data/atlases/brainnetome/bna246/volume_raw/BNA_PM_4D.nii.gz"", ""decision_artifact"": ""g4_g3_final_scientific_decisions.csv"", ""decision_reason_code"": ""OWNER_CONFIRMED_PARTIAL"", ""evidence_2g_probability_overlap"": ""g4_g3_probability_overlap_summary.json"", ""evidence_2h_interpretation"": ""g4_g3_overlap_interpretation_profiles.csv"", ""evidence_2ia_policy"": ""g4_g3_scientific_decision_policy_v1.csv"", ""evidence_2ib_owner_revision"": ""g4_g3_owner_policy_revision_v1.csv"", ""evidence_2ic_final_decision"": ""g4_g3_final_scientific_decision_summary.json"", ""expert_approved"": false, ""final_scientific_policy"": ""G4_G3_FINAL_SCIENTIFIC_POLICY_V1"", ""human_reviewed"": false, ""julich_probability_asset"": ""data/atlases/julich/v3.1/spatial_raw/probability_maps/"", ""julich_spatial_component_asset"": ""PUA_THALAMUS_ANTERIOR_PULVINAR_LEFT.nii.gz"", ""julich_spatial_component_id"": ""JULICH_BRAIN_CYTOARCHITECTONIC_ATLAS_V3_1_PUA_THALAMUS_ANTERIOR_PULVINAR"", ""mapping_method_field"": ""spatial_overlap"", ""owner_scientific_review_status"": ""OWNER_SCIENTIFIC_REVIEWED"", ""phase"": ""G4_G3_MAPPING_CANDIDATE_STAGING_V1"", ""production_review_status"": ""pending"", ""relation_artifact"": ""g4_g3_final_relation_decisions.csv"", ""scientific_method"": ""Julich probability x Brainnetome probability + TemplateFlow nonlinear transform + probability-weighted overlap + hard-label auxiliary containment + owner scientific review"", ""semantic_compatibility_status"": null, ""source_canonical_g4_id"": ""NGIQ-BR-00000736"", ""source_coverage_ratio"": 0.46063984505432104, ""target_canonical_g3_id"": ""NGIQ-BR-00000239"", ""target_coverage_ratio"": 0.06102123274096976, ""transform_provenance"": ""data/atlases/templateflow_ref (MNI152NLin2009cAsym_from-MNI152NLin6Asym)""}"
G4G3-STAGE-160516F7EC0B372EFD8F,2041,NGIQ-BR-00000736,"PUa (Thalamus, anterior pulvinar) left",G4_MICROSTRUCTURAL_FINE,left,705,NGIQ-BR-00000235,"Left Thalamus, Brainnetome 8_3",G3_MESO_FINE,left,partial_overlap,spatial_overlap,0.267454,0.061487,,,False,proposed,pending,FALSE,FALSE,PARTIAL_OVERLAP,OWNER_CONFIRMED_PARTIAL,,,"{""brainnetome_probability_asset"": ""data/atlases/brainnetome/bna246/volume_raw/BNA_PM_4D.nii.gz"", ""decision_artifact"": ""g4_g3_final_scientific_decisions.csv"", ""decision_reason_code"": ""OWNER_CONFIRMED_PARTIAL"", ""evidence_2g_probability_overlap"": ""g4_g3_probability_overlap_summary.json"", ""evidence_2h_interpretation"": ""g4_g3_overlap_interpretation_profiles.csv"", ""evidence_2ia_policy"": ""g4_g3_scientific_decision_policy_v1.csv"", ""evidence_2ib_owner_revision"": ""g4_g3_owner_policy_revision_v1.csv"", ""evidence_2ic_final_decision"": ""g4_g3_final_scientific_decision_summary.json"", ""expert_approved"": false, ""final_scientific_policy"": ""G4_G3_FINAL_SCIENTIFIC_POLICY_V1"", ""human_reviewed"": false, ""julich_probability_asset"": ""data/atlases/julich/v3.1/spatial_raw/probability_maps/"", ""julich_spatial_component_asset"": ""PUA_THALAMUS_ANTERIOR_PULVINAR_LEFT.nii.gz"", ""julich_spatial_component_id"": ""JULICH_BRAIN_CYTOARCHITECTONIC_ATLAS_V3_1_PUA_THALAMUS_ANTERIOR_PULVINAR"", ""mapping_method_field"": ""spatial_overlap"", ""owner_scientific_review_status"": ""OWNER_SCIENTIFIC_REVIEWED"", ""phase"": ""G4_G3_MAPPING_CANDIDATE_STAGING_V1"", ""production_review_status"": ""pending"", ""relation_artifact"": ""g4_g3_final_relation_decisions.csv"", ""scientific_method"": ""Julich probability x Brainnetome probability + TemplateFlow nonlinear transform + probability-weighted overlap + hard-label auxiliary containment + owner scientific review"", ""semantic_compatibility_status"": null, ""source_canonical_g4_id"": ""NGIQ-BR-00000736"", ""source_coverage_ratio"": 0.26745407154910394, ""target_canonical_g3_id"": ""NGIQ-BR-00000235"", ""target_coverage_ratio"": 0.06148665754054876, ""transform_provenance"": ""data/atlases/templateflow_ref (MNI152NLin2009cAsym_from-MNI152NLin6Asym)""}"
G4G3-STAGE-9B4AFE7F9DFE45CDE85B,2041,NGIQ-BR-00000736,"PUa (Thalamus, anterior pulvinar) left",G4_MICROSTRUCTURAL_FINE,left,723,NGIQ-BR-00000241,"Left Thalamus, Brainnetome 8_6",G3_MESO_FINE,left,partial_overlap,spatial_overlap,0.178972,0.02842,,,False,proposed,pending,FALSE,FALSE,PARTIAL_OVERLAP,OWNER_CONFIRMED_PARTIAL,,,"{""brainnetome_probability_asset"": ""data/atlases/brainnetome/bna246/volume_raw/BNA_PM_4D.nii.gz"", ""decision_artifact"": ""g4_g3_final_scientific_decisions.csv"", ""decision_reason_code"": ""OWNER_CONFIRMED_PARTIAL"", ""evidence_2g_probability_overlap"": ""g4_g3_probability_overlap_summary.json"", ""evidence_2h_interpretation"": ""g4_g3_overlap_interpretation_profiles.csv"", ""evidence_2ia_policy"": ""g4_g3_scientific_decision_policy_v1.csv"", ""evidence_2ib_owner_revision"": ""g4_g3_owner_policy_revision_v1.csv"", ""evidence_2ic_final_decision"": ""g4_g3_final_scientific_decision_summary.json"", ""expert_approved"": false, ""final_scientific_policy"": ""G4_G3_FINAL_SCIENTIFIC_POLICY_V1"", ""human_reviewed"": false, ""julich_probability_asset"": ""data/atlases/julich/v3.1/spatial_raw/probability_maps/"", ""julich_spatial_component_asset"": ""PUA_THALAMUS_ANTERIOR_PULVINAR_LEFT.nii.gz"", ""julich_spatial_component_id"": ""JULICH_BRAIN_CYTOARCHITECTONIC_ATLAS_V3_1_PUA_THALAMUS_ANTERIOR_PULVINAR"", ""mapping_method_field"": ""spatial_overlap"", ""owner_scientific_review_status"": ""OWNER_SCIENTIFIC_REVIEWED"", ""phase"": ""G4_G3_MAPPING_CANDIDATE_STAGING_V1"", ""production_review_status"": ""pending"", ""relation_artifact"": ""g4_g3_final_relation_decisions.csv"", ""scientific_method"": ""Julich probability x Brainnetome probability + TemplateFlow nonlinear transform + probability-weighted overlap + hard-label auxiliary containment + owner scientific review"", ""semantic_compatibility_status"": null, ""source_canonical_g4_id"": ""NGIQ-BR-00000736"", ""source_coverage_ratio"": 0.17897249378740548, ""target_canonical_g3_id"": ""NGIQ-BR-00000241"", ""target_coverage_ratio"": 0.02841967510321982, ""transform_provenance"": ""data/atlases/templateflow_ref (MNI152NLin2009cAsym_from-MNI152NLin6Asym)""}"
G4G3-STAGE-4BFFB3E7BCC7461937FB,2044,NGIQ-BR-00000737,"LD (Thalamus, lateral dorsal Nucleus) right",G4_MICROSTRUCTURAL_FINE,right,732,NGIQ-BR-00000244,"Right Thalamus, Brainnetome 8_7",G3_MESO_FINE,right,dominant_overlap,spatial_overlap,0.527801,0.063173,,,False,proposed,pending,FALSE,FALSE,APPROVE_DOMINANT_OVERLAP,DOMINANT_CRITERIA_V1,,BOUNDARY_METRIC,"{""brainnetome_probability_asset"": ""data/atlases/brainnetome/bna246/volume_raw/BNA_PM_4D.nii.gz"", ""decision_artifact"": ""g4_g3_final_scientific_decisions.csv"", ""decision_reason_code"": ""DOMINANT_CRITERIA_V1"", ""evidence_2g_probability_overlap"": ""g4_g3_probability_overlap_summary.json"", ""evidence_2h_interpretation"": ""g4_g3_overlap_interpretation_profiles.csv"", ""evidence_2ia_policy"": ""g4_g3_scientific_decision_policy_v1.csv"", ""evidence_2ib_owner_revision"": ""g4_g3_owner_policy_revision_v1.csv"", ""evidence_2ic_final_decision"": ""g4_g3_final_scientific_decision_summary.json"", ""expert_approved"": false, ""final_scientific_policy"": ""G4_G3_FINAL_SCIENTIFIC_POLICY_V1"", ""human_reviewed"": false, ""julich_probability_asset"": ""data/atlases/julich/v3.1/spatial_raw/probability_maps/"", ""julich_spatial_component_asset"": ""LD_THALAMUS_LATERAL_DORSAL_NUCLEUS_RIGHT.nii.gz"", ""julich_spatial_component_id"": ""JULICH_BRAIN_CYTOARCHITECTONIC_ATLAS_V3_1_LD_THALAMUS_LATERAL_DORSAL_NUCLEUS"", ""mapping_method_field"": ""spatial_overlap"", ""owner_scientific_review_status"": ""OWNER_SCIENTIFIC_REVIEWED"", ""phase"": ""G4_G3_MAPPING_CANDIDATE_STAGING_V1"", ""production_review_status"": ""pending"", ""relation_artifact"": ""g4_g3_final_relation_decisions.csv"", ""scientific_method"": ""Julich probability x Brainnetome probability + TemplateFlow nonlinear transform + probability-weighted overlap + hard-label auxiliary containment + owner scientific review"", ""semantic_compatibility_status"": null, ""source_canonical_g4_id"": ""NGIQ-BR-00000737"", ""source_coverage_ratio"": 0.5278013025622004, ""target_canonical_g3_id"": ""NGIQ-BR-00000244"", ""target_coverage_ratio"": 0.06317344141478912, ""transform_provenance"": ""data/atlases/templateflow_ref (MNI152NLin2009cAsym_from-MNI152NLin6Asym)""}"
G4G3-STAGE-6413C1E032F5D83F08FE,2047,NGIQ-BR-00000738,"LD (Thalamus, lateral dorsal Nucleus) left",G4_MICROSTRUCTURAL_FINE,left,729,NGIQ-BR-00000243,"Left Thalamus, Brainnetome 8_7",G3_MESO_FINE,left,dominant_overlap,spatial_overlap,0.54059,0.038633,,,False,proposed,pending,FALSE,FALSE,APPROVE_DOMINANT_OVERLAP,DOMINANT_CRITERIA_V1,,BOUNDARY_METRIC,"{""brainnetome_probability_asset"": ""data/atlases/brainnetome/bna246/volume_raw/BNA_PM_4D.nii.gz"", ""decision_artifact"": ""g4_g3_final_scientific_decisions.csv"", ""decision_reason_code"": ""DOMINANT_CRITERIA_V1"", ""evidence_2g_probability_overlap"": ""g4_g3_probability_overlap_summary.json"", ""evidence_2h_interpretation"": ""g4_g3_overlap_interpretation_profiles.csv"", ""evidence_2ia_policy"": ""g4_g3_scientific_decision_policy_v1.csv"", ""evidence_2ib_owner_revision"": ""g4_g3_owner_policy_revision_v1.csv"", ""evidence_2ic_final_decision"": ""g4_g3_final_scientific_decision_summary.json"", ""expert_approved"": false, ""final_scientific_policy"": ""G4_G3_FINAL_SCIENTIFIC_POLICY_V1"", ""human_reviewed"": false, ""julich_probability_asset"": ""data/atlases/julich/v3.1/spatial_raw/probability_maps/"", ""julich_spatial_component_asset"": ""LD_THALAMUS_LATERAL_DORSAL_NUCLEUS_LEFT.nii.gz"", ""julich_spatial_component_id"": ""JULICH_BRAIN_CYTOARCHITECTONIC_ATLAS_V3_1_LD_THALAMUS_LATERAL_DORSAL_NUCLEUS"", ""mapping_method_field"": ""spatial_overlap"", ""owner_scientific_review_status"": ""OWNER_SCIENTIFIC_REVIEWED"", ""phase"": ""G4_G3_MAPPING_CANDIDATE_STAGING_V1"", ""production_review_status"": ""pending"", ""relation_artifact"": ""g4_g3_final_relation_decisions.csv"", ""scientific_method"": ""Julich probability x Brainnetome probability + TemplateFlow nonlinear transform + probability-weighted overlap + hard-label auxiliary containment + owner scientific review"", ""semantic_compatibility_status"": null, ""source_canonical_g4_id"": ""NGIQ-BR-00000738"", ""source_coverage_ratio"": 0.5405902968041013, ""target_canonical_g3_id"": ""NGIQ-BR-00000243"", ""target_coverage_ratio"": 0.038633348394086706, ""transform_provenance"": ""data/atlases/templateflow_ref (MNI152NLin2009cAsym_from-MNI152NLin6Asym)""}"
G4G3-STAGE-8D3FE6FF2DEC43377520,2050,NGIQ-BR-00000739,"AV (Thalamus, anteroventral Nucleus) right",G4_MICROSTRUCTURAL_FINE,right,732,NGIQ-BR-00000244,"Right Thalamus, Brainnetome 8_7",G3_MESO_FINE,right,partial_overlap,spatial_overlap,0.479264,0.069166,,,False,proposed,pending,FALSE,FALSE,PARTIAL_OVERLAP,OWNER_CONFIRMED_PARTIAL,,,"{""brainnetome_probability_asset"": ""data/atlases/brainnetome/bna246/volume_raw/BNA_PM_4D.nii.gz"", ""decision_artifact"": ""g4_g3_final_scientific_decisions.csv"", ""decision_reason_code"": ""OWNER_CONFIRMED_PARTIAL"", ""evidence_2g_probability_overlap"": ""g4_g3_probability_overlap_summary.json"", ""evidence_2h_interpretation"": ""g4_g3_overlap_interpretation_profiles.csv"", ""evidence_2ia_policy"": ""g4_g3_scientific_decision_policy_v1.csv"", ""evidence_2ib_owner_revision"": ""g4_g3_owner_policy_revision_v1.csv"", ""evidence_2ic_final_decision"": ""g4_g3_final_scientific_decision_summary.json"", ""expert_approved"": false, ""final_scientific_policy"": ""G4_G3_FINAL_SCIENTIFIC_POLICY_V1"", ""human_reviewed"": false, ""julich_probability_asset"": ""data/atlases/julich/v3.1/spatial_raw/probability_maps/"", ""julich_spatial_component_asset"": ""AV_THALAMUS_ANTEROVENTRAL_NUCLEUS_RIGHT.nii.gz"", ""julich_spatial_component_id"": ""JULICH_BRAIN_CYTOARCHITECTONIC_ATLAS_V3_1_AV_THALAMUS_ANTEROVENTRAL_NUCLEUS"", ""mapping_method_field"": ""spatial_overlap"", ""owner_scientific_review_status"": ""OWNER_SCIENTIFIC_REVIEWED"", ""phase"": ""G4_G3_MAPPING_CANDIDATE_STAGING_V1"", ""production_review_status"": ""pending"", ""relation_artifact"": ""g4_g3_final_relation_decisions.csv"", ""scientific_method"": ""Julich probability x Brainnetome probability + TemplateFlow nonlinear transform + probability-weighted overlap + hard-label auxiliary containment + owner scientific review"", ""semantic_compatibility_status"": null, ""source_canonical_g4_id"": ""NGIQ-BR-00000739"", ""source_coverage_ratio"": 0.47926374619362105, ""target_canonical_g3_id"": ""NGIQ-BR-00000244"", ""target_coverage_ratio"": 0.0691661675901495, ""transform_provenance"": ""data/atlases/templateflow_ref (MNI152NLin2009cAsym_from-MNI152NLin6Asym)""}"
G4G3-STAGE-A0B5F95B73B3D5BF22C2,2050,NGIQ-BR-00000739,"AV (Thalamus, anteroventral Nucleus) right",G4_MICROSTRUCTURAL_FINE,right,714,NGIQ-BR-00000238,"Right Thalamus, Brainnetome 8_4",G3_MESO_FINE,right,partial_overlap,spatial_overlap,0.238574,0.042916,,,False,proposed,pending,FALSE,FALSE,PARTIAL_OVERLAP,OWNER_CONFIRMED_PARTIAL,,,"{""brainnetome_probability_asset"": ""data/atlases/brainnetome/bna246/volume_raw/BNA_PM_4D.nii.gz"", ""decision_artifact"": ""g4_g3_final_scientific_decisions.csv"", ""decision_reason_code"": ""OWNER_CONFIRMED_PARTIAL"", ""evidence_2g_probability_overlap"": ""g4_g3_probability_overlap_summary.json"", ""evidence_2h_interpretation"": ""g4_g3_overlap_interpretation_profiles.csv"", ""evidence_2ia_policy"": ""g4_g3_scientific_decision_policy_v1.csv"", ""evidence_2ib_owner_revision"": ""g4_g3_owner_policy_revision_v1.csv"", ""evidence_2ic_final_decision"": ""g4_g3_final_scientific_decision_summary.json"", ""expert_approved"": false, ""final_scientific_policy"": ""G4_G3_FINAL_SCIENTIFIC_POLICY_V1"", ""human_reviewed"": false, ""julich_probability_asset"": ""data/atlases/julich/v3.1/spatial_raw/probability_maps/"", ""julich_spatial_component_asset"": ""AV_THALAMUS_ANTEROVENTRAL_NUCLEUS_RIGHT.nii.gz"", ""julich_spatial_component_id"": ""JULICH_BRAIN_CYTOARCHITECTONIC_ATLAS_V3_1_AV_THALAMUS_ANTEROVENTRAL_NUCLEUS"", ""mapping_method_field"": ""spatial_overlap"", ""owner_scientific_review_status"": ""OWNER_SCIENTIFIC_REVIEWED"", ""phase"": ""G4_G3_MAPPING_CANDIDATE_STAGING_V1"", ""production_review_status"": ""pending"", ""relation_artifact"": ""g4_g3_final_relation_decisions.csv"", ""scientific_method"": ""Julich probability x Brainnetome probability + TemplateFlow nonlinear transform + probability-weighted overlap + hard-label auxiliary containment + owner scientific review"", ""semantic_compatibility_status"": null, ""source_canonical_g4_id"": ""NGIQ-BR-00000739"", ""source_coverage_ratio"": 0.2385744204529914, ""target_canonical_g3_id"": ""NGIQ-BR-00000238"", ""target_coverage_ratio"": 0.04291632225935573, ""transform_provenance"": ""data/atlases/templateflow_ref (MNI152NLin2009cAsym_from-MNI152NLin6Asym)""}"
G4G3-STAGE-23A9C0DEEF68CBE30B06,2053,NGIQ-BR-00000740,"AV (Thalamus, anteroventral Nucleus) left",G4_MICROSTRUCTURAL_FINE,left,711,NGIQ-BR-00000237,"Left Thalamus, Brainnetome 8_4",G3_MESO_FINE,left,partial_overlap,spatial_overlap,0.465327,0.061663,,,False,proposed,pending,FALSE,FALSE,PARTIAL_OVERLAP,OWNER_CONFIRMED_PARTIAL,,,"{""brainnetome_probability_asset"": ""data/atlases/brainnetome/bna246/volume_raw/BNA_PM_4D.nii.gz"", ""decision_artifact"": ""g4_g3_final_scientific_decisions.csv"", ""decision_reason_code"": ""OWNER_CONFIRMED_PARTIAL"", ""evidence_2g_probability_overlap"": ""g4_g3_probability_overlap_summary.json"", ""evidence_2h_interpretation"": ""g4_g3_overlap_interpretation_profiles.csv"", ""evidence_2ia_policy"": ""g4_g3_scientific_decision_policy_v1.csv"", ""evidence_2ib_owner_revision"": ""g4_g3_owner_policy_revision_v1.csv"", ""evidence_2ic_final_decision"": ""g4_g3_final_scientific_decision_summary.json"", ""expert_approved"": false, ""final_scientific_policy"": ""G4_G3_FINAL_SCIENTIFIC_POLICY_V1"", ""human_reviewed"": false, ""julich_probability_asset"": ""data/atlases/julich/v3.1/spatial_raw/probability_maps/"", ""julich_spatial_component_asset"": ""AV_THALAMUS_ANTEROVENTRAL_NUCLEUS_LEFT.nii.gz"", ""julich_spatial_component_id"": ""JULICH_BRAIN_CYTOARCHITECTONIC_ATLAS_V3_1_AV_THALAMUS_ANTEROVENTRAL_NUCLEUS"", ""mapping_method_field"": ""spatial_overlap"", ""owner_scientific_review_status"": ""OWNER_SCIENTIFIC_REVIEWED"", ""phase"": ""G4_G3_MAPPING_CANDIDATE_STAGING_V1"", ""production_review_status"": ""pending"", ""relation_artifact"": ""g4_g3_final_relation_decisions.csv"", ""scientific_method"": ""Julich probability x Brainnetome probability + TemplateFlow nonlinear transform + probability-weighted overlap + hard-label auxiliary containment + owner scientific review"", ""semantic_compatibility_status"": null, ""source_canonical_g4_id"": ""NGIQ-BR-00000740"", ""source_coverage_ratio"": 0.46532711182319964, ""target_canonical_g3_id"": ""NGIQ-BR-00000237"", ""target_coverage_ratio"": 0.0616634145075113, ""transform_provenance"": ""data/atlases/templateflow_ref (MNI152NLin2009cAsym_from-MNI152NLin6Asym)""}"
G4G3-STAGE-B1976583B242E48216C6,2053,NGIQ-BR-00000740,"AV (Thalamus, anteroventral Nucleus) left",G4_MICROSTRUCTURAL_FINE,left,729,NGIQ-BR-00000243,"Left Thalamus, Brainnetome 8_7",G3_MESO_FINE,left,partial_overlap,spatial_overlap,0.289348,0.044579,,,False,proposed,pending,FALSE,FALSE,PARTIAL_OVERLAP,OWNER_CONFIRMED_PARTIAL,,,"{""brainnetome_probability_asset"": ""data/atlases/brainnetome/bna246/volume_raw/BNA_PM_4D.nii.gz"", ""decision_artifact"": ""g4_g3_final_scientific_decisions.csv"", ""decision_reason_code"": ""OWNER_CONFIRMED_PARTIAL"", ""evidence_2g_probability_overlap"": ""g4_g3_probability_overlap_summary.json"", ""evidence_2h_interpretation"": ""g4_g3_overlap_interpretation_profiles.csv"", ""evidence_2ia_policy"": ""g4_g3_scientific_decision_policy_v1.csv"", ""evidence_2ib_owner_revision"": ""g4_g3_owner_policy_revision_v1.csv"", ""evidence_2ic_final_decision"": ""g4_g3_final_scientific_decision_summary.json"", ""expert_approved"": false, ""final_scientific_policy"": ""G4_G3_FINAL_SCIENTIFIC_POLICY_V1"", ""human_reviewed"": false, ""julich_probability_asset"": ""data/atlases/julich/v3.1/spatial_raw/probability_maps/"", ""julich_spatial_component_asset"": ""AV_THALAMUS_ANTEROVENTRAL_NUCLEUS_LEFT.nii.gz"", ""julich_spatial_component_id"": ""JULICH_BRAIN_CYTOARCHITECTONIC_ATLAS_V3_1_AV_THALAMUS_ANTEROVENTRAL_NUCLEUS"", ""mapping_method_field"": ""spatial_overlap"", ""owner_scientific_review_status"": ""OWNER_SCIENTIFIC_REVIEWED"", ""phase"": ""G4_G3_MAPPING_CANDIDATE_STAGING_V1"", ""production_review_status"": ""pending"", ""relation_artifact"": ""g4_g3_final_relation_decisions.csv"", ""scientific_method"": ""Julich probability x Brainnetome probability + TemplateFlow nonlinear transform + probability-weighted overlap + hard-label auxiliary containment + owner scientific review"", ""semantic_compatibility_status"": null, ""source_canonical_g4_id"": ""NGIQ-BR-00000740"", ""source_coverage_ratio"": 0.28934751229630234, ""target_canonical_g3_id"": ""NGIQ-BR-00000243"", ""target_coverage_ratio"": 0.04457884388419608, ""transform_provenance"": ""data/atlases/templateflow_ref (MNI152NLin2009cAsym_from-MNI152NLin6Asym)""}"
G4G3-STAGE-A538B0372DB8668C5500,2056,NGIQ-BR-00000741,"AM (Thalamus, anteromedial Nucleus) right",G4_MICROSTRUCTURAL_FINE,right,714,NGIQ-BR-00000238,"Right Thalamus, Brainnetome 8_4",G3_MESO_FINE,right,partial_overlap,spatial_overlap,0.411492,0.04374,,,False,proposed,pending,FALSE,FALSE,PARTIAL_OVERLAP,OWNER_CONFIRMED_PARTIAL,,,"{""brainnetome_probability_asset"": ""data/atlases/brainnetome/bna246/volume_raw/BNA_PM_4D.nii.gz"", ""decision_artifact"": ""g4_g3_final_scientific_decisions.csv"", ""decision_reason_code"": ""OWNER_CONFIRMED_PARTIAL"", ""evidence_2g_probability_overlap"": ""g4_g3_probability_overlap_summary.json"", ""evidence_2h_interpretation"": ""g4_g3_overlap_interpretation_profiles.csv"", ""evidence_2ia_policy"": ""g4_g3_scientific_decision_policy_v1.csv"", ""evidence_2ib_owner_revision"": ""g4_g3_owner_policy_revision_v1.csv"", ""evidence_2ic_final_decision"": ""g4_g3_final_scientific_decision_summary.json"", ""expert_approved"": false, ""final_scientific_policy"": ""G4_G3_FINAL_SCIENTIFIC_POLICY_V1"", ""human_reviewed"": false, ""julich_probability_asset"": ""data/atlases/julich/v3.1/spatial_raw/probability_maps/"", ""julich_spatial_component_asset"": ""AM_THALAMUS_ANTEROMEDIAL_NUCLEUS_RIGHT.nii.gz"", ""julich_spatial_component_id"": ""JULICH_BRAIN_CYTOARCHITECTONIC_ATLAS_V3_1_AM_THALAMUS_ANTEROMEDIAL_NUCLEUS"", ""mapping_method_field"": ""spatial_overlap"", ""owner_scientific_review_status"": ""OWNER_SCIENTIFIC_REVIEWED"", ""phase"": ""G4_G3_MAPPING_CANDIDATE_STAGING_V1"", ""production_review_status"": ""pending"", ""relation_artifact"": ""g4_g3_final_relation_decisions.csv"", ""scientific_method"": ""Julich probability x Brainnetome probability + TemplateFlow nonlinear transform + probability-weighted overlap + hard-label auxiliary containment + owner scientific review"", ""semantic_compatibility_status"": null, ""source_canonical_g4_id"": ""NGIQ-BR-00000741"", ""source_coverage_ratio"": 0.41149201433816435, ""target_canonical_g3_id"": ""NGIQ-BR-00000238"", ""target_coverage_ratio"": 0.04374017938322268, ""transform_provenance"": ""data/atlases/templateflow_ref (MNI152NLin2009cAsym_from-MNI152NLin6Asym)""}"
G4G3-STAGE-3DB59C794E3641DDBAEE,2056,NGIQ-BR-00000741,"AM (Thalamus, anteromedial Nucleus) right",G4_MICROSTRUCTURAL_FINE,right,732,NGIQ-BR-00000244,"Right Thalamus, Brainnetome 8_7",G3_MESO_FINE,right,partial_overlap,spatial_overlap,0.281441,0.039328,,,False,proposed,pending,FALSE,FALSE,PARTIAL_OVERLAP,OWNER_CONFIRMED_PARTIAL,,,"{""brainnetome_probability_asset"": ""data/atlases/brainnetome/bna246/volume_raw/BNA_PM_4D.nii.gz"", ""decision_artifact"": ""g4_g3_final_scientific_decisions.csv"", ""decision_reason_code"": ""OWNER_CONFIRMED_PARTIAL"", ""evidence_2g_probability_overlap"": ""g4_g3_probability_overlap_summary.json"", ""evidence_2h_interpretation"": ""g4_g3_overlap_interpretation_profiles.csv"", ""evidence_2ia_policy"": ""g4_g3_scientific_decision_policy_v1.csv"", ""evidence_2ib_owner_revision"": ""g4_g3_owner_policy_revision_v1.csv"", ""evidence_2ic_final_decision"": ""g4_g3_final_scientific_decision_summary.json"", ""expert_approved"": false, ""final_scientific_policy"": ""G4_G3_FINAL_SCIENTIFIC_POLICY_V1"", ""human_reviewed"": false, ""julich_probability_asset"": ""data/atlases/julich/v3.1/spatial_raw/probability_maps/"", ""julich_spatial_component_asset"": ""AM_THALAMUS_ANTEROMEDIAL_NUCLEUS_RIGHT.nii.gz"", ""julich_spatial_component_id"": ""JULICH_BRAIN_CYTOARCHITECTONIC_ATLAS_V3_1_AM_THALAMUS_ANTEROMEDIAL_NUCLEUS"", ""mapping_method_field"": ""spatial_overlap"", ""owner_scientific_review_status"": ""OWNER_SCIENTIFIC_REVIEWED"", ""phase"": ""G4_G3_MAPPING_CANDIDATE_STAGING_V1"", ""production_review_status"": ""pending"", ""relation_artifact"": ""g4_g3_final_relation_decisions.csv"", ""scientific_method"": ""Julich probability x Brainnetome probability + TemplateFlow nonlinear transform + probability-weighted overlap + hard-label auxiliary containment + owner scientific review"", ""semantic_compatibility_status"": null, ""source_canonical_g4_id"": ""NGIQ-BR-00000741"", ""source_coverage_ratio"": 0.28144058681728823, ""target_canonical_g3_id"": ""NGIQ-BR-00000244"", ""target_coverage_ratio"": 0.039327739628463254, ""transform_provenance"": ""data/atlases/templateflow_ref (MNI152NLin2009cAsym_from-MNI152NLin6Asym)""}"
G4G3-STAGE-B3AB56B3D9BB2B486FC6,2059,NGIQ-BR-00000742,"AM (Thalamus, anteromedial Nucleus) left",G4_MICROSTRUCTURAL_FINE,left,711,NGIQ-BR-00000237,"Left Thalamus, Brainnetome 8_4",G3_MESO_FINE,left,dominant_overlap,spatial_overlap,0.653745,0.04967,,,False,proposed,pending,FALSE,FALSE,APPROVE_DOMINANT_OVERLAP,DOMINANT_CRITERIA_V1,,,"{""brainnetome_probability_asset"": ""data/atlases/brainnetome/bna246/volume_raw/BNA_PM_4D.nii.gz"", ""decision_artifact"": ""g4_g3_final_scientific_decisions.csv"", ""decision_reason_code"": ""DOMINANT_CRITERIA_V1"", ""evidence_2g_probability_overlap"": ""g4_g3_probability_overlap_summary.json"", ""evidence_2h_interpretation"": ""g4_g3_overlap_interpretation_profiles.csv"", ""evidence_2ia_policy"": ""g4_g3_scientific_decision_policy_v1.csv"", ""evidence_2ib_owner_revision"": ""g4_g3_owner_policy_revision_v1.csv"", ""evidence_2ic_final_decision"": ""g4_g3_final_scientific_decision_summary.json"", ""expert_approved"": false, ""final_scientific_policy"": ""G4_G3_FINAL_SCIENTIFIC_POLICY_V1"", ""human_reviewed"": false, ""julich_probability_asset"": ""data/atlases/julich/v3.1/spatial_raw/probability_maps/"", ""julich_spatial_component_asset"": ""AM_THALAMUS_ANTEROMEDIAL_NUCLEUS_LEFT.nii.gz"", ""julich_spatial_component_id"": ""JULICH_BRAIN_CYTOARCHITECTONIC_ATLAS_V3_1_AM_THALAMUS_ANTEROMEDIAL_NUCLEUS"", ""mapping_method_field"": ""spatial_overlap"", ""owner_scientific_review_status"": ""OWNER_SCIENTIFIC_REVIEWED"", ""phase"": ""G4_G3_MAPPING_CANDIDATE_STAGING_V1"", ""production_review_status"": ""pending"", ""relation_artifact"": ""g4_g3_final_relation_decisions.csv"", ""scientific_method"": ""Julich probability x Brainnetome probability + TemplateFlow nonlinear transform + probability-weighted overlap + hard-label auxiliary containment + owner scientific review"", ""semantic_compatibility_status"": null, ""source_canonical_g4_id"": ""NGIQ-BR-00000742"", ""source_coverage_ratio"": 0.6537447153466314, ""target_canonical_g3_id"": ""NGIQ-BR-00000237"", ""target_coverage_ratio"": 0.04967007682450786, ""transform_provenance"": ""data/atlases/templateflow_ref (MNI152NLin2009cAsym_from-MNI152NLin6Asym)""}"
G4G3-STAGE-DB642C3341CFEB948346,2074,NGIQ-BR-00000747,"VPL (Thalamus, ventral posterior lateral Nucleus) right",G4_MICROSTRUCTURAL_FINE,right,708,NGIQ-BR-00000236,"Right Thalamus, Brainnetome 8_3",G3_MESO_FINE,right,partial_overlap,spatial_overlap,0.39078,0.220231,,,False,proposed,pending,FALSE,FALSE,PARTIAL_OVERLAP,OWNER_CONFIRMED_PARTIAL,,,"{""brainnetome_probability_asset"": ""data/atlases/brainnetome/bna246/volume_raw/BNA_PM_4D.nii.gz"", ""decision_artifact"": ""g4_g3_final_scientific_decisions.csv"", ""decision_reason_code"": ""OWNER_CONFIRMED_PARTIAL"", ""evidence_2g_probability_overlap"": ""g4_g3_probability_overlap_summary.json"", ""evidence_2h_interpretation"": ""g4_g3_overlap_interpretation_profiles.csv"", ""evidence_2ia_policy"": ""g4_g3_scientific_decision_policy_v1.csv"", ""evidence_2ib_owner_revision"": ""g4_g3_owner_policy_revision_v1.csv"", ""evidence_2ic_final_decision"": ""g4_g3_final_scientific_decision_summary.json"", ""expert_approved"": false, ""final_scientific_policy"": ""G4_G3_FINAL_SCIENTIFIC_POLICY_V1"", ""human_reviewed"": false, ""julich_probability_asset"": ""data/atlases/julich/v3.1/spatial_raw/probability_maps/"", ""julich_spatial_component_asset"": ""VPL_THALAMUS_VENTRAL_POSTERIOR_LATERAL_NUCLEUS_RIGHT.nii.gz"", ""julich_spatial_component_id"": ""JULICH_BRAIN_CYTOARCHITECTONIC_ATLAS_V3_1_VPL_THALAMUS_VENTRAL_POSTERIOR_LATERAL_NUCLEUS"", ""mapping_method_field"": ""spatial_overlap"", ""owner_scientific_review_status"": ""OWNER_SCIENTIFIC_REVIEWED"", ""phase"": ""G4_G3_MAPPING_CANDIDATE_STAGING_V1"", ""production_review_status"": ""pending"", ""relation_artifact"": ""g4_g3_final_relation_decisions.csv"", ""scientific_method"": ""Julich probability x Brainnetome probability + TemplateFlow nonlinear transform + probability-weighted overlap + hard-label auxiliary containment + owner scientific review"", ""semantic_compatibility_status"": null, ""source_canonical_g4_id"": ""NGIQ-BR-00000747"", ""source_coverage_ratio"": 0.3907798546755895, ""target_canonical_g3_id"": ""NGIQ-BR-00000236"", ""target_coverage_ratio"": 0.2202308317441394, ""transform_provenance"": ""data/atlases/templateflow_ref (MNI152NLin2009cAsym_from-MNI152NLin6Asym)""}"
G4G3-STAGE-67E140D2B68DAFF79830,2074,NGIQ-BR-00000747,"VPL (Thalamus, ventral posterior lateral Nucleus) right",G4_MICROSTRUCTURAL_FINE,right,720,NGIQ-BR-00000240,"Right Thalamus, Brainnetome 8_5",G3_MESO_FINE,right,partial_overlap,spatial_overlap,0.225517,0.100242,,,False,proposed,pending,FALSE,FALSE,PARTIAL_OVERLAP,OWNER_CONFIRMED_PARTIAL,,,"{""brainnetome_probability_asset"": ""data/atlases/brainnetome/bna246/volume_raw/BNA_PM_4D.nii.gz"", ""decision_artifact"": ""g4_g3_final_scientific_decisions.csv"", ""decision_reason_code"": ""OWNER_CONFIRMED_PARTIAL"", ""evidence_2g_probability_overlap"": ""g4_g3_probability_overlap_summary.json"", ""evidence_2h_interpretation"": ""g4_g3_overlap_interpretation_profiles.csv"", ""evidence_2ia_policy"": ""g4_g3_scientific_decision_policy_v1.csv"", ""evidence_2ib_owner_revision"": ""g4_g3_owner_policy_revision_v1.csv"", ""evidence_2ic_final_decision"": ""g4_g3_final_scientific_decision_summary.json"", ""expert_approved"": false, ""final_scientific_policy"": ""G4_G3_FINAL_SCIENTIFIC_POLICY_V1"", ""human_reviewed"": false, ""julich_probability_asset"": ""data/atlases/julich/v3.1/spatial_raw/probability_maps/"", ""julich_spatial_component_asset"": ""VPL_THALAMUS_VENTRAL_POSTERIOR_LATERAL_NUCLEUS_RIGHT.nii.gz"", ""julich_spatial_component_id"": ""JULICH_BRAIN_CYTOARCHITECTONIC_ATLAS_V3_1_VPL_THALAMUS_VENTRAL_POSTERIOR_LATERAL_NUCLEUS"", ""mapping_method_field"": ""spatial_overlap"", ""owner_scientific_review_status"": ""OWNER_SCIENTIFIC_REVIEWED"", ""phase"": ""G4_G3_MAPPING_CANDIDATE_STAGING_V1"", ""production_review_status"": ""pending"", ""relation_artifact"": ""g4_g3_final_relation_decisions.csv"", ""scientific_method"": ""Julich probability x Brainnetome probability + TemplateFlow nonlinear transform + probability-weighted overlap + hard-label auxiliary containment + owner scientific review"", ""semantic_compatibility_status"": null, ""source_canonical_g4_id"": ""NGIQ-BR-00000747"", ""source_coverage_ratio"": 0.22551745543151588, ""target_canonical_g3_id"": ""NGIQ-BR-00000240"", ""target_coverage_ratio"": 0.10024151567603298, ""transform_provenance"": ""data/atlases/templateflow_ref (MNI152NLin2009cAsym_from-MNI152NLin6Asym)""}"
G4G3-STAGE-175F563A973AE2F25C3D,2074,NGIQ-BR-00000747,"VPL (Thalamus, ventral posterior lateral Nucleus) right",G4_MICROSTRUCTURAL_FINE,right,738,NGIQ-BR-00000246,"Right Thalamus, Brainnetome 8_8",G3_MESO_FINE,right,partial_overlap,spatial_overlap,0.220724,0.110622,,,False,proposed,pending,FALSE,FALSE,PARTIAL_OVERLAP,OWNER_CONFIRMED_PARTIAL,,,"{""brainnetome_probability_asset"": ""data/atlases/brainnetome/bna246/volume_raw/BNA_PM_4D.nii.gz"", ""decision_artifact"": ""g4_g3_final_scientific_decisions.csv"", ""decision_reason_code"": ""OWNER_CONFIRMED_PARTIAL"", ""evidence_2g_probability_overlap"": ""g4_g3_probability_overlap_summary.json"", ""evidence_2h_interpretation"": ""g4_g3_overlap_interpretation_profiles.csv"", ""evidence_2ia_policy"": ""g4_g3_scientific_decision_policy_v1.csv"", ""evidence_2ib_owner_revision"": ""g4_g3_owner_policy_revision_v1.csv"", ""evidence_2ic_final_decision"": ""g4_g3_final_scientific_decision_summary.json"", ""expert_approved"": false, ""final_scientific_policy"": ""G4_G3_FINAL_SCIENTIFIC_POLICY_V1"", ""human_reviewed"": false, ""julich_probability_asset"": ""data/atlases/julich/v3.1/spatial_raw/probability_maps/"", ""julich_spatial_component_asset"": ""VPL_THALAMUS_VENTRAL_POSTERIOR_LATERAL_NUCLEUS_RIGHT.nii.gz"", ""julich_spatial_component_id"": ""JULICH_BRAIN_CYTOARCHITECTONIC_ATLAS_V3_1_VPL_THALAMUS_VENTRAL_POSTERIOR_LATERAL_NUCLEUS"", ""mapping_method_field"": ""spatial_overlap"", ""owner_scientific_review_status"": ""OWNER_SCIENTIFIC_REVIEWED"", ""phase"": ""G4_G3_MAPPING_CANDIDATE_STAGING_V1"", ""production_review_status"": ""pending"", ""relation_artifact"": ""g4_g3_final_relation_decisions.csv"", ""scientific_method"": ""Julich probability x Brainnetome probability + TemplateFlow nonlinear transform + probability-weighted overlap + hard-label auxiliary containment + owner scientific review"", ""semantic_compatibility_status"": null, ""source_canonical_g4_id"": ""NGIQ-BR-00000747"", ""source_coverage_ratio"": 0.22072394380456806, ""target_canonical_g3_id"": ""NGIQ-BR-00000246"", ""target_coverage_ratio"": 0.11062155389566306, ""transform_provenance"": ""data/atlases/templateflow_ref (MNI152NLin2009cAsym_from-MNI152NLin6Asym)""}"
G4G3-STAGE-16874353730BA4DF9D16,2077,NGIQ-BR-00000748,"VPL (Thalamus, ventral posterior lateral Nucleus) left",G4_MICROSTRUCTURAL_FINE,left,717,NGIQ-BR-00000239,"Left Thalamus, Brainnetome 8_5",G3_MESO_FINE,left,partial_overlap,spatial_overlap,0.458541,0.137465,,,False,proposed,pending,FALSE,FALSE,PARTIAL_OVERLAP,OWNER_CONFIRMED_PARTIAL,,,"{""brainnetome_probability_asset"": ""data/atlases/brainnetome/bna246/volume_raw/BNA_PM_4D.nii.gz"", ""decision_artifact"": ""g4_g3_final_scientific_decisions.csv"", ""decision_reason_code"": ""OWNER_CONFIRMED_PARTIAL"", ""evidence_2g_probability_overlap"": ""g4_g3_probability_overlap_summary.json"", ""evidence_2h_interpretation"": ""g4_g3_overlap_interpretation_profiles.csv"", ""evidence_2ia_policy"": ""g4_g3_scientific_decision_policy_v1.csv"", ""evidence_2ib_owner_revision"": ""g4_g3_owner_policy_revision_v1.csv"", ""evidence_2ic_final_decision"": ""g4_g3_final_scientific_decision_summary.json"", ""expert_approved"": false, ""final_scientific_policy"": ""G4_G3_FINAL_SCIENTIFIC_POLICY_V1"", ""human_reviewed"": false, ""julich_probability_asset"": ""data/atlases/julich/v3.1/spatial_raw/probability_maps/"", ""julich_spatial_component_asset"": ""VPL_THALAMUS_VENTRAL_POSTERIOR_LATERAL_NUCLEUS_LEFT.nii.gz"", ""julich_spatial_component_id"": ""JULICH_BRAIN_CYTOARCHITECTONIC_ATLAS_V3_1_VPL_THALAMUS_VENTRAL_POSTERIOR_LATERAL_NUCLEUS"", ""mapping_method_field"": ""spatial_overlap"", ""owner_scientific_review_status"": ""OWNER_SCIENTIFIC_REVIEWED"", ""phase"": ""G4_G3_MAPPING_CANDIDATE_STAGING_V1"", ""production_review_status"": ""pending"", ""relation_artifact"": ""g4_g3_final_relation_decisions.csv"", ""scientific_method"": ""Julich probability x Brainnetome probability + TemplateFlow nonlinear transform + probability-weighted overlap + hard-label auxiliary containment + owner scientific review"", ""semantic_compatibility_status"": null, ""source_canonical_g4_id"": ""NGIQ-BR-00000748"", ""source_coverage_ratio"": 0.4585413013251764, ""target_canonical_g3_id"": ""NGIQ-BR-00000239"", ""target_coverage_ratio"": 0.1374647177270543, ""transform_provenance"": ""data/atlases/templateflow_ref (MNI152NLin2009cAsym_from-MNI152NLin6Asym)""}"
G4G3-STAGE-C99941D34E280B6D2127,2077,NGIQ-BR-00000748,"VPL (Thalamus, ventral posterior lateral Nucleus) left",G4_MICROSTRUCTURAL_FINE,left,705,NGIQ-BR-00000235,"Left Thalamus, Brainnetome 8_3",G3_MESO_FINE,left,partial_overlap,spatial_overlap,0.326384,0.185091,,,False,proposed,pending,FALSE,FALSE,PARTIAL_OVERLAP,OWNER_CONFIRMED_PARTIAL,,,"{""brainnetome_probability_asset"": ""data/atlases/brainnetome/bna246/volume_raw/BNA_PM_4D.nii.gz"", ""decision_artifact"": ""g4_g3_final_scientific_decisions.csv"", ""decision_reason_code"": ""OWNER_CONFIRMED_PARTIAL"", ""evidence_2g_probability_overlap"": ""g4_g3_probability_overlap_summary.json"", ""evidence_2h_interpretation"": ""g4_g3_overlap_interpretation_profiles.csv"", ""evidence_2ia_policy"": ""g4_g3_scientific_decision_policy_v1.csv"", ""evidence_2ib_owner_revision"": ""g4_g3_owner_policy_revision_v1.csv"", ""evidence_2ic_final_decision"": ""g4_g3_final_scientific_decision_summary.json"", ""expert_approved"": false, ""final_scientific_policy"": ""G4_G3_FINAL_SCIENTIFIC_POLICY_V1"", ""human_reviewed"": false, ""julich_probability_asset"": ""data/atlases/julich/v3.1/spatial_raw/probability_maps/"", ""julich_spatial_component_asset"": ""VPL_THALAMUS_VENTRAL_POSTERIOR_LATERAL_NUCLEUS_LEFT.nii.gz"", ""julich_spatial_component_id"": ""JULICH_BRAIN_CYTOARCHITECTONIC_ATLAS_V3_1_VPL_THALAMUS_VENTRAL_POSTERIOR_LATERAL_NUCLEUS"", ""mapping_method_field"": ""spatial_overlap"", ""owner_scientific_review_status"": ""OWNER_SCIENTIFIC_REVIEWED"", ""phase"": ""G4_G3_MAPPING_CANDIDATE_STAGING_V1"", ""production_review_status"": ""pending"", ""relation_artifact"": ""g4_g3_final_relation_decisions.csv"", ""scientific_method"": ""Julich probability x Brainnetome probability + TemplateFlow nonlinear transform + probability-weighted overlap + hard-label auxiliary containment + owner scientific review"", ""semantic_compatibility_status"": null, ""source_canonical_g4_id"": ""NGIQ-BR-00000748"", ""source_coverage_ratio"": 0.32638425645588853, ""target_canonical_g3_id"": ""NGIQ-BR-00000235"", ""target_coverage_ratio"": 0.1850910656933874, ""transform_provenance"": ""data/atlases/templateflow_ref (MNI152NLin2009cAsym_from-MNI152NLin6Asym)""}"
G4G3-STAGE-D5AA4DFB607A818580F3,2080,NGIQ-BR-00000749,"VLP (Thalamus, ventral lateral posterior Nucleus) right",G4_MICROSTRUCTURAL_FINE,right,738,NGIQ-BR-00000246,"Right Thalamus, Brainnetome 8_8",G3_MESO_FINE,right,partial_overlap,spatial_overlap,0.382996,0.11938,,,False,proposed,pending,FALSE,FALSE,PARTIAL_OVERLAP,OWNER_CONFIRMED_PARTIAL_SET_CONCORDANT,,,"{""brainnetome_probability_asset"": ""data/atlases/brainnetome/bna246/volume_raw/BNA_PM_4D.nii.gz"", ""decision_artifact"": ""g4_g3_final_scientific_decisions.csv"", ""decision_reason_code"": ""OWNER_CONFIRMED_PARTIAL_SET_CONCORDANT"", ""evidence_2g_probability_overlap"": ""g4_g3_probability_overlap_summary.json"", ""evidence_2h_interpretation"": ""g4_g3_overlap_interpretation_profiles.csv"", ""evidence_2ia_policy"": ""g4_g3_scientific_decision_policy_v1.csv"", ""evidence_2ib_owner_revision"": ""g4_g3_owner_policy_revision_v1.csv"", ""evidence_2ic_final_decision"": ""g4_g3_final_scientific_decision_summary.json"", ""expert_approved"": false, ""final_scientific_policy"": ""G4_G3_FINAL_SCIENTIFIC_POLICY_V1"", ""human_reviewed"": false, ""julich_probability_asset"": ""data/atlases/julich/v3.1/spatial_raw/probability_maps/"", ""julich_spatial_component_asset"": ""VLP_THALAMUS_VENTRAL_LATERAL_POSTERIOR_NUCLEUS_RIGHT.nii.gz"", ""julich_spatial_component_id"": ""JULICH_BRAIN_CYTOARCHITECTONIC_ATLAS_V3_1_VLP_THALAMUS_VENTRAL_LATERAL_POSTERIOR_NUCLEUS"", ""mapping_method_field"": ""spatial_overlap"", ""owner_scientific_review_status"": ""OWNER_SCIENTIFIC_REVIEWED"", ""phase"": ""G4_G3_MAPPING_CANDIDATE_STAGING_V1"", ""production_review_status"": ""pending"", ""relation_artifact"": ""g4_g3_final_relation_decisions.csv"", ""scientific_method"": ""Julich probability x Brainnetome probability + TemplateFlow nonlinear transform + probability-weighted overlap + hard-label auxiliary containment + owner scientific review"", ""semantic_compatibility_status"": null, ""source_canonical_g4_id"": ""NGIQ-BR-00000749"", ""source_coverage_ratio"": 0.3829962089098806, ""target_canonical_g3_id"": ""NGIQ-BR-00000246"", ""target_coverage_ratio"": 0.11937983688113689, ""transform_provenance"": ""data/atlases/templateflow_ref (MNI152NLin2009cAsym_from-MNI152NLin6Asym)""}"
G4G3-STAGE-C241474F03D7F5FA422F,2080,NGIQ-BR-00000749,"VLP (Thalamus, ventral lateral posterior Nucleus) right",G4_MICROSTRUCTURAL_FINE,right,702,NGIQ-BR-00000234,"Right Thalamus, Brainnetome 8_2",G3_MESO_FINE,right,partial_overlap,spatial_overlap,0.253388,0.144894,,,False,proposed,pending,FALSE,FALSE,PARTIAL_OVERLAP,OWNER_CONFIRMED_PARTIAL_SET_CONCORDANT,,,"{""brainnetome_probability_asset"": ""data/atlases/brainnetome/bna246/volume_raw/BNA_PM_4D.nii.gz"", ""decision_artifact"": ""g4_g3_final_scientific_decisions.csv"", ""decision_reason_code"": ""OWNER_CONFIRMED_PARTIAL_SET_CONCORDANT"", ""evidence_2g_probability_overlap"": ""g4_g3_probability_overlap_summary.json"", ""evidence_2h_interpretation"": ""g4_g3_overlap_interpretation_profiles.csv"", ""evidence_2ia_policy"": ""g4_g3_scientific_decision_policy_v1.csv"", ""evidence_2ib_owner_revision"": ""g4_g3_owner_policy_revision_v1.csv"", ""evidence_2ic_final_decision"": ""g4_g3_final_scientific_decision_summary.json"", ""expert_approved"": false, ""final_scientific_policy"": ""G4_G3_FINAL_SCIENTIFIC_POLICY_V1"", ""human_reviewed"": false, ""julich_probability_asset"": ""data/atlases/julich/v3.1/spatial_raw/probability_maps/"", ""julich_spatial_component_asset"": ""VLP_THALAMUS_VENTRAL_LATERAL_POSTERIOR_NUCLEUS_RIGHT.nii.gz"", ""julich_spatial_component_id"": ""JULICH_BRAIN_CYTOARCHITECTONIC_ATLAS_V3_1_VLP_THALAMUS_VENTRAL_LATERAL_POSTERIOR_NUCLEUS"", ""mapping_method_field"": ""spatial_overlap"", ""owner_scientific_review_status"": ""OWNER_SCIENTIFIC_REVIEWED"", ""phase"": ""G4_G3_MAPPING_CANDIDATE_STAGING_V1"", ""production_review_status"": ""pending"", ""relation_artifact"": ""g4_g3_final_relation_decisions.csv"", ""scientific_method"": ""Julich probability x Brainnetome probability + TemplateFlow nonlinear transform + probability-weighted overlap + hard-label auxiliary containment + owner scientific review"", ""semantic_compatibility_status"": null, ""source_canonical_g4_id"": ""NGIQ-BR-00000749"", ""source_coverage_ratio"": 0.2533875415718682, ""target_canonical_g3_id"": ""NGIQ-BR-00000234"", ""target_coverage_ratio"": 0.14489417354092965, ""transform_provenance"": ""data/atlases/templateflow_ref (MNI152NLin2009cAsym_from-MNI152NLin6Asym)""}"
G4G3-STAGE-8712271DDBFE00D4472F,2080,NGIQ-BR-00000749,"VLP (Thalamus, ventral lateral posterior Nucleus) right",G4_MICROSTRUCTURAL_FINE,right,708,NGIQ-BR-00000236,"Right Thalamus, Brainnetome 8_3",G3_MESO_FINE,right,partial_overlap,spatial_overlap,0.196034,0.09083,,,False,proposed,pending,FALSE,FALSE,PARTIAL_OVERLAP,OWNER_CONFIRMED_PARTIAL_SET_CONCORDANT,,,"{""brainnetome_probability_asset"": ""data/atlases/brainnetome/bna246/volume_raw/BNA_PM_4D.nii.gz"", ""decision_artifact"": ""g4_g3_final_scientific_decisions.csv"", ""decision_reason_code"": ""OWNER_CONFIRMED_PARTIAL_SET_CONCORDANT"", ""evidence_2g_probability_overlap"": ""g4_g3_probability_overlap_summary.json"", ""evidence_2h_interpretation"": ""g4_g3_overlap_interpretation_profiles.csv"", ""evidence_2ia_policy"": ""g4_g3_scientific_decision_policy_v1.csv"", ""evidence_2ib_owner_revision"": ""g4_g3_owner_policy_revision_v1.csv"", ""evidence_2ic_final_decision"": ""g4_g3_final_scientific_decision_summary.json"", ""expert_approved"": false, ""final_scientific_policy"": ""G4_G3_FINAL_SCIENTIFIC_POLICY_V1"", ""human_reviewed"": false, ""julich_probability_asset"": ""data/atlases/julich/v3.1/spatial_raw/probability_maps/"", ""julich_spatial_component_asset"": ""VLP_THALAMUS_VENTRAL_LATERAL_POSTERIOR_NUCLEUS_RIGHT.nii.gz"", ""julich_spatial_component_id"": ""JULICH_BRAIN_CYTOARCHITECTONIC_ATLAS_V3_1_VLP_THALAMUS_VENTRAL_LATERAL_POSTERIOR_NUCLEUS"", ""mapping_method_field"": ""spatial_overlap"", ""owner_scientific_review_status"": ""OWNER_SCIENTIFIC_REVIEWED"", ""phase"": ""G4_G3_MAPPING_CANDIDATE_STAGING_V1"", ""production_review_status"": ""pending"", ""relation_artifact"": ""g4_g3_final_relation_decisions.csv"", ""scientific_method"": ""Julich probability x Brainnetome probability + TemplateFlow nonlinear transform + probability-weighted overlap + hard-label auxiliary containment + owner scientific review"", ""semantic_compatibility_status"": null, ""source_canonical_g4_id"": ""NGIQ-BR-00000749"", ""source_coverage_ratio"": 0.19603406914307114, ""target_canonical_g3_id"": ""NGIQ-BR-00000236"", ""target_coverage_ratio"": 0.09082962351820256, ""transform_provenance"": ""data/atlases/templateflow_ref (MNI152NLin2009cAsym_from-MNI152NLin6Asym)""}"
G4G3-STAGE-D33C63C367171FCE7B41,2086,NGIQ-BR-00000751,"VIM (Thalamus, ventral intermediate Nucleus) right",G4_MICROSTRUCTURAL_FINE,right,702,NGIQ-BR-00000234,"Right Thalamus, Brainnetome 8_2",G3_MESO_FINE,right,partial_overlap,spatial_overlap,0.447843,0.268449,,,False,proposed,pending,FALSE,FALSE,PARTIAL_OVERLAP,OWNER_CONFIRMED_PARTIAL,,,"{""brainnetome_probability_asset"": ""data/atlases/brainnetome/bna246/volume_raw/BNA_PM_4D.nii.gz"", ""decision_artifact"": ""g4_g3_final_scientific_decisions.csv"", ""decision_reason_code"": ""OWNER_CONFIRMED_PARTIAL"", ""evidence_2g_probability_overlap"": ""g4_g3_probability_overlap_summary.json"", ""evidence_2h_interpretation"": ""g4_g3_overlap_interpretation_profiles.csv"", ""evidence_2ia_policy"": ""g4_g3_scientific_decision_policy_v1.csv"", ""evidence_2ib_owner_revision"": ""g4_g3_owner_policy_revision_v1.csv"", ""evidence_2ic_final_decision"": ""g4_g3_final_scientific_decision_summary.json"", ""expert_approved"": false, ""final_scientific_policy"": ""G4_G3_FINAL_SCIENTIFIC_POLICY_V1"", ""human_reviewed"": false, ""julich_probability_asset"": ""data/atlases/julich/v3.1/spatial_raw/probability_maps/"", ""julich_spatial_component_asset"": ""VIM_THALAMUS_VENTRAL_INTERMEDIATE_NUCLEUS_RIGHT.nii.gz"", ""julich_spatial_component_id"": ""JULICH_BRAIN_CYTOARCHITECTONIC_ATLAS_V3_1_VIM_THALAMUS_VENTRAL_INTERMEDIATE_NUCLEUS"", ""mapping_method_field"": ""spatial_overlap"", ""owner_scientific_review_status"": ""OWNER_SCIENTIFIC_REVIEWED"", ""phase"": ""G4_G3_MAPPING_CANDIDATE_STAGING_V1"", ""production_review_status"": ""pending"", ""relation_artifact"": ""g4_g3_final_relation_decisions.csv"", ""scientific_method"": ""Julich probability x Brainnetome probability + TemplateFlow nonlinear transform + probability-weighted overlap + hard-label auxiliary containment + owner scientific review"", ""semantic_compatibility_status"": null, ""source_canonical_g4_id"": ""NGIQ-BR-00000751"", ""source_coverage_ratio"": 0.44784331545816064, ""target_canonical_g3_id"": ""NGIQ-BR-00000234"", ""target_coverage_ratio"": 0.2684486325104225, ""transform_provenance"": ""data/atlases/templateflow_ref (MNI152NLin2009cAsym_from-MNI152NLin6Asym)""}"
G4G3-STAGE-1EDB84ECD8A91D7D8A3D,2086,NGIQ-BR-00000751,"VIM (Thalamus, ventral intermediate Nucleus) right",G4_MICROSTRUCTURAL_FINE,right,708,NGIQ-BR-00000236,"Right Thalamus, Brainnetome 8_3",G3_MESO_FINE,right,partial_overlap,spatial_overlap,0.246295,0.159835,,,False,proposed,pending,FALSE,FALSE,PARTIAL_OVERLAP,OWNER_CONFIRMED_PARTIAL,,,"{""brainnetome_probability_asset"": ""data/atlases/brainnetome/bna246/volume_raw/BNA_PM_4D.nii.gz"", ""decision_artifact"": ""g4_g3_final_scientific_decisions.csv"", ""decision_reason_code"": ""OWNER_CONFIRMED_PARTIAL"", ""evidence_2g_probability_overlap"": ""g4_g3_probability_overlap_summary.json"", ""evidence_2h_interpretation"": ""g4_g3_overlap_interpretation_profiles.csv"", ""evidence_2ia_policy"": ""g4_g3_scientific_decision_policy_v1.csv"", ""evidence_2ib_owner_revision"": ""g4_g3_owner_policy_revision_v1.csv"", ""evidence_2ic_final_decision"": ""g4_g3_final_scientific_decision_summary.json"", ""expert_approved"": false, ""final_scientific_policy"": ""G4_G3_FINAL_SCIENTIFIC_POLICY_V1"", ""human_reviewed"": false, ""julich_probability_asset"": ""data/atlases/julich/v3.1/spatial_raw/probability_maps/"", ""julich_spatial_component_asset"": ""VIM_THALAMUS_VENTRAL_INTERMEDIATE_NUCLEUS_RIGHT.nii.gz"", ""julich_spatial_component_id"": ""JULICH_BRAIN_CYTOARCHITECTONIC_ATLAS_V3_1_VIM_THALAMUS_VENTRAL_INTERMEDIATE_NUCLEUS"", ""mapping_method_field"": ""spatial_overlap"", ""owner_scientific_review_status"": ""OWNER_SCIENTIFIC_REVIEWED"", ""phase"": ""G4_G3_MAPPING_CANDIDATE_STAGING_V1"", ""production_review_status"": ""pending"", ""relation_artifact"": ""g4_g3_final_relation_decisions.csv"", ""scientific_method"": ""Julich probability x Brainnetome probability + TemplateFlow nonlinear transform + probability-weighted overlap + hard-label auxiliary containment + owner scientific review"", ""semantic_compatibility_status"": null, ""source_canonical_g4_id"": ""NGIQ-BR-00000751"", ""source_coverage_ratio"": 0.24629540599445984, ""target_canonical_g3_id"": ""NGIQ-BR-00000236"", ""target_coverage_ratio"": 0.15983499135728926, ""transform_provenance"": ""data/atlases/templateflow_ref (MNI152NLin2009cAsym_from-MNI152NLin6Asym)""}"
G4G3-STAGE-61F898FCD79CC41FE82C,2086,NGIQ-BR-00000751,"VIM (Thalamus, ventral intermediate Nucleus) right",G4_MICROSTRUCTURAL_FINE,right,738,NGIQ-BR-00000246,"Right Thalamus, Brainnetome 8_8",G3_MESO_FINE,right,partial_overlap,spatial_overlap,0.188246,0.080249,,,False,proposed,pending,FALSE,FALSE,PARTIAL_OVERLAP,OWNER_CONFIRMED_PARTIAL,,,"{""brainnetome_probability_asset"": ""data/atlases/brainnetome/bna246/volume_raw/BNA_PM_4D.nii.gz"", ""decision_artifact"": ""g4_g3_final_scientific_decisions.csv"", ""decision_reason_code"": ""OWNER_CONFIRMED_PARTIAL"", ""evidence_2g_probability_overlap"": ""g4_g3_probability_overlap_summary.json"", ""evidence_2h_interpretation"": ""g4_g3_overlap_interpretation_profiles.csv"", ""evidence_2ia_policy"": ""g4_g3_scientific_decision_policy_v1.csv"", ""evidence_2ib_owner_revision"": ""g4_g3_owner_policy_revision_v1.csv"", ""evidence_2ic_final_decision"": ""g4_g3_final_scientific_decision_summary.json"", ""expert_approved"": false, ""final_scientific_policy"": ""G4_G3_FINAL_SCIENTIFIC_POLICY_V1"", ""human_reviewed"": false, ""julich_probability_asset"": ""data/atlases/julich/v3.1/spatial_raw/probability_maps/"", ""julich_spatial_component_asset"": ""VIM_THALAMUS_VENTRAL_INTERMEDIATE_NUCLEUS_RIGHT.nii.gz"", ""julich_spatial_component_id"": ""JULICH_BRAIN_CYTOARCHITECTONIC_ATLAS_V3_1_VIM_THALAMUS_VENTRAL_INTERMEDIATE_NUCLEUS"", ""mapping_method_field"": ""spatial_overlap"", ""owner_scientific_review_status"": ""OWNER_SCIENTIFIC_REVIEWED"", ""phase"": ""G4_G3_MAPPING_CANDIDATE_STAGING_V1"", ""production_review_status"": ""pending"", ""relation_artifact"": ""g4_g3_final_relation_decisions.csv"", ""scientific_method"": ""Julich probability x Brainnetome probability + TemplateFlow nonlinear transform + probability-weighted overlap + hard-label auxiliary containment + owner scientific review"", ""semantic_compatibility_status"": null, ""source_canonical_g4_id"": ""NGIQ-BR-00000751"", ""source_coverage_ratio"": 0.1882460312591084, ""target_canonical_g3_id"": ""NGIQ-BR-00000246"", ""target_coverage_ratio"": 0.08024854568785188, ""transform_provenance"": ""data/atlases/templateflow_ref (MNI152NLin2009cAsym_from-MNI152NLin6Asym)""}"
G4G3-STAGE-36D29EE0DED57490B5F3,2089,NGIQ-BR-00000752,"VIM (Thalamus, ventral intermediate Nucleus) left",G4_MICROSTRUCTURAL_FINE,left,735,NGIQ-BR-00000245,"Left Thalamus, Brainnetome 8_8",G3_MESO_FINE,left,dominant_overlap,spatial_overlap,0.591865,0.193005,,,False,proposed,pending,FALSE,FALSE,APPROVE_DOMINANT_OVERLAP,DOMINANT_CRITERIA_V1,,,"{""brainnetome_probability_asset"": ""data/atlases/brainnetome/bna246/volume_raw/BNA_PM_4D.nii.gz"", ""decision_artifact"": ""g4_g3_final_scientific_decisions.csv"", ""decision_reason_code"": ""DOMINANT_CRITERIA_V1"", ""evidence_2g_probability_overlap"": ""g4_g3_probability_overlap_summary.json"", ""evidence_2h_interpretation"": ""g4_g3_overlap_interpretation_profiles.csv"", ""evidence_2ia_policy"": ""g4_g3_scientific_decision_policy_v1.csv"", ""evidence_2ib_owner_revision"": ""g4_g3_owner_policy_revision_v1.csv"", ""evidence_2ic_final_decision"": ""g4_g3_final_scientific_decision_summary.json"", ""expert_approved"": false, ""final_scientific_policy"": ""G4_G3_FINAL_SCIENTIFIC_POLICY_V1"", ""human_reviewed"": false, ""julich_probability_asset"": ""data/atlases/julich/v3.1/spatial_raw/probability_maps/"", ""julich_spatial_component_asset"": ""VIM_THALAMUS_VENTRAL_INTERMEDIATE_NUCLEUS_LEFT.nii.gz"", ""julich_spatial_component_id"": ""JULICH_BRAIN_CYTOARCHITECTONIC_ATLAS_V3_1_VIM_THALAMUS_VENTRAL_INTERMEDIATE_NUCLEUS"", ""mapping_method_field"": ""spatial_overlap"", ""owner_scientific_review_status"": ""OWNER_SCIENTIFIC_REVIEWED"", ""phase"": ""G4_G3_MAPPING_CANDIDATE_STAGING_V1"", ""production_review_status"": ""pending"", ""relation_artifact"": ""g4_g3_final_relation_decisions.csv"", ""scientific_method"": ""Julich probability x Brainnetome probability + TemplateFlow nonlinear transform + probability-weighted overlap + hard-label auxiliary containment + owner scientific review"", ""semantic_compatibility_status"": null, ""source_canonical_g4_id"": ""NGIQ-BR-00000752"", ""source_coverage_ratio"": 0.5918649564545897, ""target_canonical_g3_id"": ""NGIQ-BR-00000245"", ""target_coverage_ratio"": 0.19300543755531024, ""transform_provenance"": ""data/atlases/templateflow_ref (MNI152NLin2009cAsym_from-MNI152NLin6Asym)""}"
G4G3-STAGE-512B92674DDA071C3F7C,2095,NGIQ-BR-00000754,"VM (Thalamus, ventral medial Nucleus) left",G4_MICROSTRUCTURAL_FINE,left,735,NGIQ-BR-00000245,"Left Thalamus, Brainnetome 8_8",G3_MESO_FINE,left,dominant_overlap,spatial_overlap,0.598152,0.040365,,,False,proposed,pending,FALSE,FALSE,APPROVE_DOMINANT_OVERLAP,DOMINANT_CRITERIA_V1,,,"{""brainnetome_probability_asset"": ""data/atlases/brainnetome/bna246/volume_raw/BNA_PM_4D.nii.gz"", ""decision_artifact"": ""g4_g3_final_scientific_decisions.csv"", ""decision_reason_code"": ""DOMINANT_CRITERIA_V1"", ""evidence_2g_probability_overlap"": ""g4_g3_probability_overlap_summary.json"", ""evidence_2h_interpretation"": ""g4_g3_overlap_interpretation_profiles.csv"", ""evidence_2ia_policy"": ""g4_g3_scientific_decision_policy_v1.csv"", ""evidence_2ib_owner_revision"": ""g4_g3_owner_policy_revision_v1.csv"", ""evidence_2ic_final_decision"": ""g4_g3_final_scientific_decision_summary.json"", ""expert_approved"": false, ""final_scientific_policy"": ""G4_G3_FINAL_SCIENTIFIC_POLICY_V1"", ""human_reviewed"": false, ""julich_probability_asset"": ""data/atlases/julich/v3.1/spatial_raw/probability_maps/"", ""julich_spatial_component_asset"": ""VM_THALAMUS_VENTRAL_MEDIAL_NUCLEUS_LEFT.nii.gz"", ""julich_spatial_component_id"": ""JULICH_BRAIN_CYTOARCHITECTONIC_ATLAS_V3_1_VM_THALAMUS_VENTRAL_MEDIAL_NUCLEUS"", ""mapping_method_field"": ""spatial_overlap"", ""owner_scientific_review_status"": ""OWNER_SCIENTIFIC_REVIEWED"", ""phase"": ""G4_G3_MAPPING_CANDIDATE_STAGING_V1"", ""production_review_status"": ""pending"", ""relation_artifact"": ""g4_g3_final_relation_decisions.csv"", ""scientific_method"": ""Julich probability x Brainnetome probability + TemplateFlow nonlinear transform + probability-weighted overlap + hard-label auxiliary containment + owner scientific review"", ""semantic_compatibility_status"": null, ""source_canonical_g4_id"": ""NGIQ-BR-00000754"", ""source_coverage_ratio"": 0.5981521342454077, ""target_canonical_g3_id"": ""NGIQ-BR-00000245"", ""target_coverage_ratio"": 0.04036491602798784, ""transform_provenance"": ""data/atlases/templateflow_ref (MNI152NLin2009cAsym_from-MNI152NLin6Asym)""}"
G4G3-STAGE-72490AA83F44FB5BFCB3,2098,NGIQ-BR-00000755,"VA (Thalamus, ventral anterior Nucleus (ventral)) right",G4_MICROSTRUCTURAL_FINE,right,696,NGIQ-BR-00000232,"Right Thalamus, Brainnetome 8_1",G3_MESO_FINE,right,partial_overlap,spatial_overlap,0.292067,0.126932,,,False,proposed,pending,FALSE,FALSE,PARTIAL_OVERLAP,FINAL_MULTI_TARGET_PARTIAL_GATE_PASS,,,"{""brainnetome_probability_asset"": ""data/atlases/brainnetome/bna246/volume_raw/BNA_PM_4D.nii.gz"", ""decision_artifact"": ""g4_g3_final_scientific_decisions.csv"", ""decision_reason_code"": ""FINAL_MULTI_TARGET_PARTIAL_GATE_PASS"", ""evidence_2g_probability_overlap"": ""g4_g3_probability_overlap_summary.json"", ""evidence_2h_interpretation"": ""g4_g3_overlap_interpretation_profiles.csv"", ""evidence_2ia_policy"": ""g4_g3_scientific_decision_policy_v1.csv"", ""evidence_2ib_owner_revision"": ""g4_g3_owner_policy_revision_v1.csv"", ""evidence_2ic_final_decision"": ""g4_g3_final_scientific_decision_summary.json"", ""expert_approved"": false, ""final_scientific_policy"": ""G4_G3_FINAL_SCIENTIFIC_POLICY_V1"", ""human_reviewed"": false, ""julich_probability_asset"": ""data/atlases/julich/v3.1/spatial_raw/probability_maps/"", ""julich_spatial_component_asset"": ""VA_THALAMUS_VENTRAL_ANTERIOR_NUCLEUS_VENTRAL_RIGHT.nii.gz"", ""julich_spatial_component_id"": ""JULICH_BRAIN_CYTOARCHITECTONIC_ATLAS_V3_1_VA_THALAMUS_VENTRAL_ANTERIOR_NUCLEUS_VENTRAL"", ""mapping_method_field"": ""spatial_overlap"", ""owner_scientific_review_status"": ""OWNER_SCIENTIFIC_REVIEWED"", ""phase"": ""G4_G3_MAPPING_CANDIDATE_STAGING_V1"", ""production_review_status"": ""pending"", ""relation_artifact"": ""g4_g3_final_relation_decisions.csv"", ""scientific_method"": ""Julich probability x Brainnetome probability + TemplateFlow nonlinear transform + probability-weighted overlap + hard-label auxiliary containment + owner scientific review"", ""semantic_compatibility_status"": null, ""source_canonical_g4_id"": ""NGIQ-BR-00000755"", ""source_coverage_ratio"": 0.2920665338234448, ""target_canonical_g3_id"": ""NGIQ-BR-00000232"", ""target_coverage_ratio"": 0.126931840696289, ""transform_provenance"": ""data/atlases/templateflow_ref (MNI152NLin2009cAsym_from-MNI152NLin6Asym)""}"
G4G3-STAGE-38DB3B7226B005B299EC,2098,NGIQ-BR-00000755,"VA (Thalamus, ventral anterior Nucleus (ventral)) right",G4_MICROSTRUCTURAL_FINE,right,738,NGIQ-BR-00000246,"Right Thalamus, Brainnetome 8_8",G3_MESO_FINE,right,partial_overlap,spatial_overlap,0.265823,0.090757,,,False,proposed,pending,FALSE,FALSE,PARTIAL_OVERLAP,FINAL_MULTI_TARGET_PARTIAL_GATE_PASS,,,"{""brainnetome_probability_asset"": ""data/atlases/brainnetome/bna246/volume_raw/BNA_PM_4D.nii.gz"", ""decision_artifact"": ""g4_g3_final_scientific_decisions.csv"", ""decision_reason_code"": ""FINAL_MULTI_TARGET_PARTIAL_GATE_PASS"", ""evidence_2g_probability_overlap"": ""g4_g3_probability_overlap_summary.json"", ""evidence_2h_interpretation"": ""g4_g3_overlap_interpretation_profiles.csv"", ""evidence_2ia_policy"": ""g4_g3_scientific_decision_policy_v1.csv"", ""evidence_2ib_owner_revision"": ""g4_g3_owner_policy_revision_v1.csv"", ""evidence_2ic_final_decision"": ""g4_g3_final_scientific_decision_summary.json"", ""expert_approved"": false, ""final_scientific_policy"": ""G4_G3_FINAL_SCIENTIFIC_POLICY_V1"", ""human_reviewed"": false, ""julich_probability_asset"": ""data/atlases/julich/v3.1/spatial_raw/probability_maps/"", ""julich_spatial_component_asset"": ""VA_THALAMUS_VENTRAL_ANTERIOR_NUCLEUS_VENTRAL_RIGHT.nii.gz"", ""julich_spatial_component_id"": ""JULICH_BRAIN_CYTOARCHITECTONIC_ATLAS_V3_1_VA_THALAMUS_VENTRAL_ANTERIOR_NUCLEUS_VENTRAL"", ""mapping_method_field"": ""spatial_overlap"", ""owner_scientific_review_status"": ""OWNER_SCIENTIFIC_REVIEWED"", ""phase"": ""G4_G3_MAPPING_CANDIDATE_STAGING_V1"", ""production_review_status"": ""pending"", ""relation_artifact"": ""g4_g3_final_relation_decisions.csv"", ""scientific_method"": ""Julich probability x Brainnetome probability + TemplateFlow nonlinear transform + probability-weighted overlap + hard-label auxiliary containment + owner scientific review"", ""semantic_compatibility_status"": null, ""source_canonical_g4_id"": ""NGIQ-BR-00000755"", ""source_coverage_ratio"": 0.2658230838106845, ""target_canonical_g3_id"": ""NGIQ-BR-00000246"", ""target_coverage_ratio"": 0.0907567856393887, ""transform_provenance"": ""data/atlases/templateflow_ref (MNI152NLin2009cAsym_from-MNI152NLin6Asym)""}"
G4G3-STAGE-500CE1AB101B74EA05E0,2098,NGIQ-BR-00000755,"VA (Thalamus, ventral anterior Nucleus (ventral)) right",G4_MICROSTRUCTURAL_FINE,right,702,NGIQ-BR-00000234,"Right Thalamus, Brainnetome 8_2",G3_MESO_FINE,right,partial_overlap,spatial_overlap,0.193032,0.094349,,,False,proposed,pending,FALSE,FALSE,PARTIAL_OVERLAP,FINAL_MULTI_TARGET_PARTIAL_GATE_PASS,,,"{""brainnetome_probability_asset"": ""data/atlases/brainnetome/bna246/volume_raw/BNA_PM_4D.nii.gz"", ""decision_artifact"": ""g4_g3_final_scientific_decisions.csv"", ""decision_reason_code"": ""FINAL_MULTI_TARGET_PARTIAL_GATE_PASS"", ""evidence_2g_probability_overlap"": ""g4_g3_probability_overlap_summary.json"", ""evidence_2h_interpretation"": ""g4_g3_overlap_interpretation_profiles.csv"", ""evidence_2ia_policy"": ""g4_g3_scientific_decision_policy_v1.csv"", ""evidence_2ib_owner_revision"": ""g4_g3_owner_policy_revision_v1.csv"", ""evidence_2ic_final_decision"": ""g4_g3_final_scientific_decision_summary.json"", ""expert_approved"": false, ""final_scientific_policy"": ""G4_G3_FINAL_SCIENTIFIC_POLICY_V1"", ""human_reviewed"": false, ""julich_probability_asset"": ""data/atlases/julich/v3.1/spatial_raw/probability_maps/"", ""julich_spatial_component_asset"": ""VA_THALAMUS_VENTRAL_ANTERIOR_NUCLEUS_VENTRAL_RIGHT.nii.gz"", ""julich_spatial_component_id"": ""JULICH_BRAIN_CYTOARCHITECTONIC_ATLAS_V3_1_VA_THALAMUS_VENTRAL_ANTERIOR_NUCLEUS_VENTRAL"", ""mapping_method_field"": ""spatial_overlap"", ""owner_scientific_review_status"": ""OWNER_SCIENTIFIC_REVIEWED"", ""phase"": ""G4_G3_MAPPING_CANDIDATE_STAGING_V1"", ""production_review_status"": ""pending"", ""relation_artifact"": ""g4_g3_final_relation_decisions.csv"", ""scientific_method"": ""Julich probability x Brainnetome probability + TemplateFlow nonlinear transform + probability-weighted overlap + hard-label auxiliary containment + owner scientific review"", ""semantic_compatibility_status"": null, ""source_canonical_g4_id"": ""NGIQ-BR-00000755"", ""source_coverage_ratio"": 0.19303215677559146, ""target_canonical_g3_id"": ""NGIQ-BR-00000234"", ""target_coverage_ratio"": 0.0943487833960495, ""transform_provenance"": ""data/atlases/templateflow_ref (MNI152NLin2009cAsym_from-MNI152NLin6Asym)""}"
G4G3-STAGE-31849822E58391F64DBF,2104,NGIQ-BR-00000757,"VLA (Thalamus, ventral lateral anterior Nucleus) right",G4_MICROSTRUCTURAL_FINE,right,702,NGIQ-BR-00000234,"Right Thalamus, Brainnetome 8_2",G3_MESO_FINE,right,dominant_overlap,spatial_overlap,0.564268,0.082414,,,False,proposed,pending,FALSE,FALSE,APPROVE_DOMINANT_OVERLAP,DOMINANT_CRITERIA_V1,,,"{""brainnetome_probability_asset"": ""data/atlases/brainnetome/bna246/volume_raw/BNA_PM_4D.nii.gz"", ""decision_artifact"": ""g4_g3_final_scientific_decisions.csv"", ""decision_reason_code"": ""DOMINANT_CRITERIA_V1"", ""evidence_2g_probability_overlap"": ""g4_g3_probability_overlap_summary.json"", ""evidence_2h_interpretation"": ""g4_g3_overlap_interpretation_profiles.csv"", ""evidence_2ia_policy"": ""g4_g3_scientific_decision_policy_v1.csv"", ""evidence_2ib_owner_revision"": ""g4_g3_owner_policy_revision_v1.csv"", ""evidence_2ic_final_decision"": ""g4_g3_final_scientific_decision_summary.json"", ""expert_approved"": false, ""final_scientific_policy"": ""G4_G3_FINAL_SCIENTIFIC_POLICY_V1"", ""human_reviewed"": false, ""julich_probability_asset"": ""data/atlases/julich/v3.1/spatial_raw/probability_maps/"", ""julich_spatial_component_asset"": ""VLA_THALAMUS_VENTRAL_LATERAL_ANTERIOR_NUCLEUS_RIGHT.nii.gz"", ""julich_spatial_component_id"": ""JULICH_BRAIN_CYTOARCHITECTONIC_ATLAS_V3_1_VLA_THALAMUS_VENTRAL_LATERAL_ANTERIOR_NUCLEUS"", ""mapping_method_field"": ""spatial_overlap"", ""owner_scientific_review_status"": ""OWNER_SCIENTIFIC_REVIEWED"", ""phase"": ""G4_G3_MAPPING_CANDIDATE_STAGING_V1"", ""production_review_status"": ""pending"", ""relation_artifact"": ""g4_g3_final_relation_decisions.csv"", ""scientific_method"": ""Julich probability x Brainnetome probability + TemplateFlow nonlinear transform + probability-weighted overlap + hard-label auxiliary containment + owner scientific review"", ""semantic_compatibility_status"": null, ""source_canonical_g4_id"": ""NGIQ-BR-00000757"", ""source_coverage_ratio"": 0.5642684043640451, ""target_canonical_g3_id"": ""NGIQ-BR-00000234"", ""target_coverage_ratio"": 0.08241420115998181, ""transform_provenance"": ""data/atlases/templateflow_ref (MNI152NLin2009cAsym_from-MNI152NLin6Asym)""}"
G4G3-STAGE-825621D90B96CEBF6FF4,2107,NGIQ-BR-00000758,"VLA (Thalamus, ventral lateral anterior Nucleus) left",G4_MICROSTRUCTURAL_FINE,left,735,NGIQ-BR-00000245,"Left Thalamus, Brainnetome 8_8",G3_MESO_FINE,left,dominant_overlap,spatial_overlap,0.649931,0.078909,,,False,proposed,pending,FALSE,FALSE,APPROVE_DOMINANT_OVERLAP,DOMINANT_CRITERIA_V1,,,"{""brainnetome_probability_asset"": ""data/atlases/brainnetome/bna246/volume_raw/BNA_PM_4D.nii.gz"", ""decision_artifact"": ""g4_g3_final_scientific_decisions.csv"", ""decision_reason_code"": ""DOMINANT_CRITERIA_V1"", ""evidence_2g_probability_overlap"": ""g4_g3_probability_overlap_summary.json"", ""evidence_2h_interpretation"": ""g4_g3_overlap_interpretation_profiles.csv"", ""evidence_2ia_policy"": ""g4_g3_scientific_decision_policy_v1.csv"", ""evidence_2ib_owner_revision"": ""g4_g3_owner_policy_revision_v1.csv"", ""evidence_2ic_final_decision"": ""g4_g3_final_scientific_decision_summary.json"", ""expert_approved"": false, ""final_scientific_policy"": ""G4_G3_FINAL_SCIENTIFIC_POLICY_V1"", ""human_reviewed"": false, ""julich_probability_asset"": ""data/atlases/julich/v3.1/spatial_raw/probability_maps/"", ""julich_spatial_component_asset"": ""VLA_THALAMUS_VENTRAL_LATERAL_ANTERIOR_NUCLEUS_LEFT.nii.gz"", ""julich_spatial_component_id"": ""JULICH_BRAIN_CYTOARCHITECTONIC_ATLAS_V3_1_VLA_THALAMUS_VENTRAL_LATERAL_ANTERIOR_NUCLEUS"", ""mapping_method_field"": ""spatial_overlap"", ""owner_scientific_review_status"": ""OWNER_SCIENTIFIC_REVIEWED"", ""phase"": ""G4_G3_MAPPING_CANDIDATE_STAGING_V1"", ""production_review_status"": ""pending"", ""relation_artifact"": ""g4_g3_final_relation_decisions.csv"", ""scientific_method"": ""Julich probability x Brainnetome probability + TemplateFlow nonlinear transform + probability-weighted overlap + hard-label auxiliary containment + owner scientific review"", ""semantic_compatibility_status"": null, ""source_canonical_g4_id"": ""NGIQ-BR-00000758"", ""source_coverage_ratio"": 0.6499306623158169, ""target_canonical_g3_id"": ""NGIQ-BR-00000245"", ""target_coverage_ratio"": 0.07890948851291124, ""transform_provenance"": ""data/atlases/templateflow_ref (MNI152NLin2009cAsym_from-MNI152NLin6Asym)""}"
G4G3-STAGE-3A9061FA68BC2312DD43,2110,NGIQ-BR-00000759,"VAmc (Thalamus, ventral anterior Nucleus, magnocellular part) right",G4_MICROSTRUCTURAL_FINE,right,696,NGIQ-BR-00000232,"Right Thalamus, Brainnetome 8_1",G3_MESO_FINE,right,partial_overlap,spatial_overlap,0.329929,0.137087,,,False,proposed,pending,FALSE,FALSE,PARTIAL_OVERLAP,OWNER_CONFIRMED_PARTIAL,,,"{""brainnetome_probability_asset"": ""data/atlases/brainnetome/bna246/volume_raw/BNA_PM_4D.nii.gz"", ""decision_artifact"": ""g4_g3_final_scientific_decisions.csv"", ""decision_reason_code"": ""OWNER_CONFIRMED_PARTIAL"", ""evidence_2g_probability_overlap"": ""g4_g3_probability_overlap_summary.json"", ""evidence_2h_interpretation"": ""g4_g3_overlap_interpretation_profiles.csv"", ""evidence_2ia_policy"": ""g4_g3_scientific_decision_policy_v1.csv"", ""evidence_2ib_owner_revision"": ""g4_g3_owner_policy_revision_v1.csv"", ""evidence_2ic_final_decision"": ""g4_g3_final_scientific_decision_summary.json"", ""expert_approved"": false, ""final_scientific_policy"": ""G4_G3_FINAL_SCIENTIFIC_POLICY_V1"", ""human_reviewed"": false, ""julich_probability_asset"": ""data/atlases/julich/v3.1/spatial_raw/probability_maps/"", ""julich_spatial_component_asset"": ""VAMC_THALAMUS_VENTRAL_ANTERIOR_NUCLEUS_MAGNOCELLULAR_PART_RIGHT.nii.gz"", ""julich_spatial_component_id"": ""JULICH_BRAIN_CYTOARCHITECTONIC_ATLAS_V3_1_VAMC_THALAMUS_VENTRAL_ANTERIOR_NUCLEUS_MAGNOCELLULAR_PART"", ""mapping_method_field"": ""spatial_overlap"", ""owner_scientific_review_status"": ""OWNER_SCIENTIFIC_REVIEWED"", ""phase"": ""G4_G3_MAPPING_CANDIDATE_STAGING_V1"", ""production_review_status"": ""pending"", ""relation_artifact"": ""g4_g3_final_relation_decisions.csv"", ""scientific_method"": ""Julich probability x Brainnetome probability + TemplateFlow nonlinear transform + probability-weighted overlap + hard-label auxiliary containment + owner scientific review"", ""semantic_compatibility_status"": null, ""source_canonical_g4_id"": ""NGIQ-BR-00000759"", ""source_coverage_ratio"": 0.32992855524215864, ""target_canonical_g3_id"": ""NGIQ-BR-00000232"", ""target_coverage_ratio"": 0.13708674647067637, ""transform_provenance"": ""data/atlases/templateflow_ref (MNI152NLin2009cAsym_from-MNI152NLin6Asym)""}"
G4G3-STAGE-6792F54C7A0F8F6BCCDB,2110,NGIQ-BR-00000759,"VAmc (Thalamus, ventral anterior Nucleus, magnocellular part) right",G4_MICROSTRUCTURAL_FINE,right,738,NGIQ-BR-00000246,"Right Thalamus, Brainnetome 8_8",G3_MESO_FINE,right,partial_overlap,spatial_overlap,0.311188,0.066357,,,False,proposed,pending,FALSE,FALSE,PARTIAL_OVERLAP,OWNER_CONFIRMED_PARTIAL,,,"{""brainnetome_probability_asset"": ""data/atlases/brainnetome/bna246/volume_raw/BNA_PM_4D.nii.gz"", ""decision_artifact"": ""g4_g3_final_scientific_decisions.csv"", ""decision_reason_code"": ""OWNER_CONFIRMED_PARTIAL"", ""evidence_2g_probability_overlap"": ""g4_g3_probability_overlap_summary.json"", ""evidence_2h_interpretation"": ""g4_g3_overlap_interpretation_profiles.csv"", ""evidence_2ia_policy"": ""g4_g3_scientific_decision_policy_v1.csv"", ""evidence_2ib_owner_revision"": ""g4_g3_owner_policy_revision_v1.csv"", ""evidence_2ic_final_decision"": ""g4_g3_final_scientific_decision_summary.json"", ""expert_approved"": false, ""final_scientific_policy"": ""G4_G3_FINAL_SCIENTIFIC_POLICY_V1"", ""human_reviewed"": false, ""julich_probability_asset"": ""data/atlases/julich/v3.1/spatial_raw/probability_maps/"", ""julich_spatial_component_asset"": ""VAMC_THALAMUS_VENTRAL_ANTERIOR_NUCLEUS_MAGNOCELLULAR_PART_RIGHT.nii.gz"", ""julich_spatial_component_id"": ""JULICH_BRAIN_CYTOARCHITECTONIC_ATLAS_V3_1_VAMC_THALAMUS_VENTRAL_ANTERIOR_NUCLEUS_MAGNOCELLULAR_PART"", ""mapping_method_field"": ""spatial_overlap"", ""owner_scientific_review_status"": ""OWNER_SCIENTIFIC_REVIEWED"", ""phase"": ""G4_G3_MAPPING_CANDIDATE_STAGING_V1"", ""production_review_status"": ""pending"", ""relation_artifact"": ""g4_g3_final_relation_decisions.csv"", ""scientific_method"": ""Julich probability x Brainnetome probability + TemplateFlow nonlinear transform + probability-weighted overlap + hard-label auxiliary containment + owner scientific review"", ""semantic_compatibility_status"": null, ""source_canonical_g4_id"": ""NGIQ-BR-00000759"", ""source_coverage_ratio"": 0.3111880929872035, ""target_canonical_g3_id"": ""NGIQ-BR-00000246"", ""target_coverage_ratio"": 0.06635680309781303, ""transform_provenance"": ""data/atlases/templateflow_ref (MNI152NLin2009cAsym_from-MNI152NLin6Asym)""}"
G4G3-STAGE-BFFF8C3CE8F906F45DB0,2116,NGIQ-BR-00000761,"VPM (Thalamus, ventral posterior medial Nucleus) right",G4_MICROSTRUCTURAL_FINE,right,702,NGIQ-BR-00000234,"Right Thalamus, Brainnetome 8_2",G3_MESO_FINE,right,partial_overlap,spatial_overlap,0.461261,0.039264,,,False,proposed,pending,FALSE,FALSE,PARTIAL_OVERLAP,OWNER_CONFIRMED_PARTIAL,,,"{""brainnetome_probability_asset"": ""data/atlases/brainnetome/bna246/volume_raw/BNA_PM_4D.nii.gz"", ""decision_artifact"": ""g4_g3_final_scientific_decisions.csv"", ""decision_reason_code"": ""OWNER_CONFIRMED_PARTIAL"", ""evidence_2g_probability_overlap"": ""g4_g3_probability_overlap_summary.json"", ""evidence_2h_interpretation"": ""g4_g3_overlap_interpretation_profiles.csv"", ""evidence_2ia_policy"": ""g4_g3_scientific_decision_policy_v1.csv"", ""evidence_2ib_owner_revision"": ""g4_g3_owner_policy_revision_v1.csv"", ""evidence_2ic_final_decision"": ""g4_g3_final_scientific_decision_summary.json"", ""expert_approved"": false, ""final_scientific_policy"": ""G4_G3_FINAL_SCIENTIFIC_POLICY_V1"", ""human_reviewed"": false, ""julich_probability_asset"": ""data/atlases/julich/v3.1/spatial_raw/probability_maps/"", ""julich_spatial_component_asset"": ""VPM_THALAMUS_VENTRAL_POSTERIOR_MEDIAL_NUCLEUS_RIGHT.nii.gz"", ""julich_spatial_component_id"": ""JULICH_BRAIN_CYTOARCHITECTONIC_ATLAS_V3_1_VPM_THALAMUS_VENTRAL_POSTERIOR_MEDIAL_NUCLEUS"", ""mapping_method_field"": ""spatial_overlap"", ""owner_scientific_review_status"": ""OWNER_SCIENTIFIC_REVIEWED"", ""phase"": ""G4_G3_MAPPING_CANDIDATE_STAGING_V1"", ""production_review_status"": ""pending"", ""relation_artifact"": ""g4_g3_final_relation_decisions.csv"", ""scientific_method"": ""Julich probability x Brainnetome probability + TemplateFlow nonlinear transform + probability-weighted overlap + hard-label auxiliary containment + owner scientific review"", ""semantic_compatibility_status"": null, ""source_canonical_g4_id"": ""NGIQ-BR-00000761"", ""source_coverage_ratio"": 0.46126052865030137, ""target_canonical_g3_id"": ""NGIQ-BR-00000234"", ""target_coverage_ratio"": 0.03926371840793881, ""transform_provenance"": ""data/atlases/templateflow_ref (MNI152NLin2009cAsym_from-MNI152NLin6Asym)""}"
G4G3-STAGE-59FF269B13F0641C1E84,2116,NGIQ-BR-00000761,"VPM (Thalamus, ventral posterior medial Nucleus) right",G4_MICROSTRUCTURAL_FINE,right,708,NGIQ-BR-00000236,"Right Thalamus, Brainnetome 8_3",G3_MESO_FINE,right,partial_overlap,spatial_overlap,0.301057,0.036026,,,False,proposed,pending,FALSE,FALSE,PARTIAL_OVERLAP,OWNER_CONFIRMED_PARTIAL,,,"{""brainnetome_probability_asset"": ""data/atlases/brainnetome/bna246/volume_raw/BNA_PM_4D.nii.gz"", ""decision_artifact"": ""g4_g3_final_scientific_decisions.csv"", ""decision_reason_code"": ""OWNER_CONFIRMED_PARTIAL"", ""evidence_2g_probability_overlap"": ""g4_g3_probability_overlap_summary.json"", ""evidence_2h_interpretation"": ""g4_g3_overlap_interpretation_profiles.csv"", ""evidence_2ia_policy"": ""g4_g3_scientific_decision_policy_v1.csv"", ""evidence_2ib_owner_revision"": ""g4_g3_owner_policy_revision_v1.csv"", ""evidence_2ic_final_decision"": ""g4_g3_final_scientific_decision_summary.json"", ""expert_approved"": false, ""final_scientific_policy"": ""G4_G3_FINAL_SCIENTIFIC_POLICY_V1"", ""human_reviewed"": false, ""julich_probability_asset"": ""data/atlases/julich/v3.1/spatial_raw/probability_maps/"", ""julich_spatial_component_asset"": ""VPM_THALAMUS_VENTRAL_POSTERIOR_MEDIAL_NUCLEUS_RIGHT.nii.gz"", ""julich_spatial_component_id"": ""JULICH_BRAIN_CYTOARCHITECTONIC_ATLAS_V3_1_VPM_THALAMUS_VENTRAL_POSTERIOR_MEDIAL_NUCLEUS"", ""mapping_method_field"": ""spatial_overlap"", ""owner_scientific_review_status"": ""OWNER_SCIENTIFIC_REVIEWED"", ""phase"": ""G4_G3_MAPPING_CANDIDATE_STAGING_V1"", ""production_review_status"": ""pending"", ""relation_artifact"": ""g4_g3_final_relation_decisions.csv"", ""scientific_method"": ""Julich probability x Brainnetome probability + TemplateFlow nonlinear transform + probability-weighted overlap + hard-label auxiliary containment + owner scientific review"", ""semantic_compatibility_status"": null, ""source_canonical_g4_id"": ""NGIQ-BR-00000761"", ""source_coverage_ratio"": 0.30105661566140524, ""target_canonical_g3_id"": ""NGIQ-BR-00000236"", ""target_coverage_ratio"": 0.03602618329682193, ""transform_provenance"": ""data/atlases/templateflow_ref (MNI152NLin2009cAsym_from-MNI152NLin6Asym)""}"
G4G3-STAGE-B1E6ED8B3CBFE42ACC3C,2119,NGIQ-BR-00000762,"VPM (Thalamus, ventral posterior medial Nucleus) left",G4_MICROSTRUCTURAL_FINE,left,735,NGIQ-BR-00000245,"Left Thalamus, Brainnetome 8_8",G3_MESO_FINE,left,partial_overlap,spatial_overlap,0.455665,0.024756,,,False,proposed,pending,FALSE,FALSE,PARTIAL_OVERLAP,OWNER_CONFIRMED_PARTIAL_SET_CONCORDANT,,,"{""brainnetome_probability_asset"": ""data/atlases/brainnetome/bna246/volume_raw/BNA_PM_4D.nii.gz"", ""decision_artifact"": ""g4_g3_final_scientific_decisions.csv"", ""decision_reason_code"": ""OWNER_CONFIRMED_PARTIAL_SET_CONCORDANT"", ""evidence_2g_probability_overlap"": ""g4_g3_probability_overlap_summary.json"", ""evidence_2h_interpretation"": ""g4_g3_overlap_interpretation_profiles.csv"", ""evidence_2ia_policy"": ""g4_g3_scientific_decision_policy_v1.csv"", ""evidence_2ib_owner_revision"": ""g4_g3_owner_policy_revision_v1.csv"", ""evidence_2ic_final_decision"": ""g4_g3_final_scientific_decision_summary.json"", ""expert_approved"": false, ""final_scientific_policy"": ""G4_G3_FINAL_SCIENTIFIC_POLICY_V1"", ""human_reviewed"": false, ""julich_probability_asset"": ""data/atlases/julich/v3.1/spatial_raw/probability_maps/"", ""julich_spatial_component_asset"": ""VPM_THALAMUS_VENTRAL_POSTERIOR_MEDIAL_NUCLEUS_LEFT.nii.gz"", ""julich_spatial_component_id"": ""JULICH_BRAIN_CYTOARCHITECTONIC_ATLAS_V3_1_VPM_THALAMUS_VENTRAL_POSTERIOR_MEDIAL_NUCLEUS"", ""mapping_method_field"": ""spatial_overlap"", ""owner_scientific_review_status"": ""OWNER_SCIENTIFIC_REVIEWED"", ""phase"": ""G4_G3_MAPPING_CANDIDATE_STAGING_V1"", ""production_review_status"": ""pending"", ""relation_artifact"": ""g4_g3_final_relation_decisions.csv"", ""scientific_method"": ""Julich probability x Brainnetome probability + TemplateFlow nonlinear transform + probability-weighted overlap + hard-label auxiliary containment + owner scientific review"", ""semantic_compatibility_status"": null, ""source_canonical_g4_id"": ""NGIQ-BR-00000762"", ""source_coverage_ratio"": 0.4556648385322281, ""target_canonical_g3_id"": ""NGIQ-BR-00000245"", ""target_coverage_ratio"": 0.024755916790854305, ""transform_provenance"": ""data/atlases/templateflow_ref (MNI152NLin2009cAsym_from-MNI152NLin6Asym)""}"
G4G3-STAGE-7D306580C86DB2119F34,2119,NGIQ-BR-00000762,"VPM (Thalamus, ventral posterior medial Nucleus) left",G4_MICROSTRUCTURAL_FINE,left,705,NGIQ-BR-00000235,"Left Thalamus, Brainnetome 8_3",G3_MESO_FINE,left,partial_overlap,spatial_overlap,0.37342,0.037898,,,False,proposed,pending,FALSE,FALSE,PARTIAL_OVERLAP,OWNER_CONFIRMED_PARTIAL_SET_CONCORDANT,,,"{""brainnetome_probability_asset"": ""data/atlases/brainnetome/bna246/volume_raw/BNA_PM_4D.nii.gz"", ""decision_artifact"": ""g4_g3_final_scientific_decisions.csv"", ""decision_reason_code"": ""OWNER_CONFIRMED_PARTIAL_SET_CONCORDANT"", ""evidence_2g_probability_overlap"": ""g4_g3_probability_overlap_summary.json"", ""evidence_2h_interpretation"": ""g4_g3_overlap_interpretation_profiles.csv"", ""evidence_2ia_policy"": ""g4_g3_scientific_decision_policy_v1.csv"", ""evidence_2ib_owner_revision"": ""g4_g3_owner_policy_revision_v1.csv"", ""evidence_2ic_final_decision"": ""g4_g3_final_scientific_decision_summary.json"", ""expert_approved"": false, ""final_scientific_policy"": ""G4_G3_FINAL_SCIENTIFIC_POLICY_V1"", ""human_reviewed"": false, ""julich_probability_asset"": ""data/atlases/julich/v3.1/spatial_raw/probability_maps/"", ""julich_spatial_component_asset"": ""VPM_THALAMUS_VENTRAL_POSTERIOR_MEDIAL_NUCLEUS_LEFT.nii.gz"", ""julich_spatial_component_id"": ""JULICH_BRAIN_CYTOARCHITECTONIC_ATLAS_V3_1_VPM_THALAMUS_VENTRAL_POSTERIOR_MEDIAL_NUCLEUS"", ""mapping_method_field"": ""spatial_overlap"", ""owner_scientific_review_status"": ""OWNER_SCIENTIFIC_REVIEWED"", ""phase"": ""G4_G3_MAPPING_CANDIDATE_STAGING_V1"", ""production_review_status"": ""pending"", ""relation_artifact"": ""g4_g3_final_relation_decisions.csv"", ""scientific_method"": ""Julich probability x Brainnetome probability + TemplateFlow nonlinear transform + probability-weighted overlap + hard-label auxiliary containment + owner scientific review"", ""semantic_compatibility_status"": null, ""source_canonical_g4_id"": ""NGIQ-BR-00000762"", ""source_coverage_ratio"": 0.3734202636125609, ""target_canonical_g3_id"": ""NGIQ-BR-00000235"", ""target_coverage_ratio"": 0.037898204465710204, ""transform_provenance"": ""data/atlases/templateflow_ref (MNI152NLin2009cAsym_from-MNI152NLin6Asym)""}"
G4G3-STAGE-B3FB8989E17F15FC15C7,2131,NGIQ-BR-00000766,"Pf (Thalamus, parafascicular Nucleus) left",G4_MICROSTRUCTURAL_FINE,left,735,NGIQ-BR-00000245,"Left Thalamus, Brainnetome 8_8",G3_MESO_FINE,left,dominant_overlap,spatial_overlap,0.563384,0.043695,,,False,proposed,pending,FALSE,FALSE,APPROVE_DOMINANT_OVERLAP,DOMINANT_CRITERIA_V1,,,"{""brainnetome_probability_asset"": ""data/atlases/brainnetome/bna246/volume_raw/BNA_PM_4D.nii.gz"", ""decision_artifact"": ""g4_g3_final_scientific_decisions.csv"", ""decision_reason_code"": ""DOMINANT_CRITERIA_V1"", ""evidence_2g_probability_overlap"": ""g4_g3_probability_overlap_summary.json"", ""evidence_2h_interpretation"": ""g4_g3_overlap_interpretation_profiles.csv"", ""evidence_2ia_policy"": ""g4_g3_scientific_decision_policy_v1.csv"", ""evidence_2ib_owner_revision"": ""g4_g3_owner_policy_revision_v1.csv"", ""evidence_2ic_final_decision"": ""g4_g3_final_scientific_decision_summary.json"", ""expert_approved"": false, ""final_scientific_policy"": ""G4_G3_FINAL_SCIENTIFIC_POLICY_V1"", ""human_reviewed"": false, ""julich_probability_asset"": ""data/atlases/julich/v3.1/spatial_raw/probability_maps/"", ""julich_spatial_component_asset"": ""PF_THALAMUS_PARAFASCICULAR_NUCLEUS_LEFT.nii.gz"", ""julich_spatial_component_id"": ""JULICH_BRAIN_CYTOARCHITECTONIC_ATLAS_V3_1_PF_THALAMUS_PARAFASCICULAR_NUCLEUS"", ""mapping_method_field"": ""spatial_overlap"", ""owner_scientific_review_status"": ""OWNER_SCIENTIFIC_REVIEWED"", ""phase"": ""G4_G3_MAPPING_CANDIDATE_STAGING_V1"", ""production_review_status"": ""pending"", ""relation_artifact"": ""g4_g3_final_relation_decisions.csv"", ""scientific_method"": ""Julich probability x Brainnetome probability + TemplateFlow nonlinear transform + probability-weighted overlap + hard-label auxiliary containment + owner scientific review"", ""semantic_compatibility_status"": null, ""source_canonical_g4_id"": ""NGIQ-BR-00000766"", ""source_coverage_ratio"": 0.5633838474360127, ""target_canonical_g3_id"": ""NGIQ-BR-00000245"", ""target_coverage_ratio"": 0.04369477069772311, ""transform_provenance"": ""data/atlases/templateflow_ref (MNI152NLin2009cAsym_from-MNI152NLin6Asym)""}"
G4G3-STAGE-19BC3AAE09CAE4B2397E,2134,NGIQ-BR-00000767,"CM (Thalamus, centromedian Nucleus) right",G4_MICROSTRUCTURAL_FINE,right,702,NGIQ-BR-00000234,"Right Thalamus, Brainnetome 8_2",G3_MESO_FINE,right,partial_overlap,spatial_overlap,0.375913,0.068966,,,False,proposed,pending,FALSE,FALSE,PARTIAL_OVERLAP,OWNER_CONFIRMED_PARTIAL,,,"{""brainnetome_probability_asset"": ""data/atlases/brainnetome/bna246/volume_raw/BNA_PM_4D.nii.gz"", ""decision_artifact"": ""g4_g3_final_scientific_decisions.csv"", ""decision_reason_code"": ""OWNER_CONFIRMED_PARTIAL"", ""evidence_2g_probability_overlap"": ""g4_g3_probability_overlap_summary.json"", ""evidence_2h_interpretation"": ""g4_g3_overlap_interpretation_profiles.csv"", ""evidence_2ia_policy"": ""g4_g3_scientific_decision_policy_v1.csv"", ""evidence_2ib_owner_revision"": ""g4_g3_owner_policy_revision_v1.csv"", ""evidence_2ic_final_decision"": ""g4_g3_final_scientific_decision_summary.json"", ""expert_approved"": false, ""final_scientific_policy"": ""G4_G3_FINAL_SCIENTIFIC_POLICY_V1"", ""human_reviewed"": false, ""julich_probability_asset"": ""data/atlases/julich/v3.1/spatial_raw/probability_maps/"", ""julich_spatial_component_asset"": ""CM_THALAMUS_CENTROMEDIAN_NUCLEUS_RIGHT.nii.gz"", ""julich_spatial_component_id"": ""JULICH_BRAIN_CYTOARCHITECTONIC_ATLAS_V3_1_CM_THALAMUS_CENTROMEDIAN_NUCLEUS"", ""mapping_method_field"": ""spatial_overlap"", ""owner_scientific_review_status"": ""OWNER_SCIENTIFIC_REVIEWED"", ""phase"": ""G4_G3_MAPPING_CANDIDATE_STAGING_V1"", ""production_review_status"": ""pending"", ""relation_artifact"": ""g4_g3_final_relation_decisions.csv"", ""scientific_method"": ""Julich probability x Brainnetome probability + TemplateFlow nonlinear transform + probability-weighted overlap + hard-label auxiliary containment + owner scientific review"", ""semantic_compatibility_status"": null, ""source_canonical_g4_id"": ""NGIQ-BR-00000767"", ""source_coverage_ratio"": 0.37591346553431554, ""target_canonical_g3_id"": ""NGIQ-BR-00000234"", ""target_coverage_ratio"": 0.06896624654977747, ""transform_provenance"": ""data/atlases/templateflow_ref (MNI152NLin2009cAsym_from-MNI152NLin6Asym)""}"
G4G3-STAGE-1C4EA341BE369C161CF1,2134,NGIQ-BR-00000767,"CM (Thalamus, centromedian Nucleus) right",G4_MICROSTRUCTURAL_FINE,right,738,NGIQ-BR-00000246,"Right Thalamus, Brainnetome 8_8",G3_MESO_FINE,right,partial_overlap,spatial_overlap,0.253294,0.035308,,,False,proposed,pending,FALSE,FALSE,PARTIAL_OVERLAP,OWNER_CONFIRMED_PARTIAL,,,"{""brainnetome_probability_asset"": ""data/atlases/brainnetome/bna246/volume_raw/BNA_PM_4D.nii.gz"", ""decision_artifact"": ""g4_g3_final_scientific_decisions.csv"", ""decision_reason_code"": ""OWNER_CONFIRMED_PARTIAL"", ""evidence_2g_probability_overlap"": ""g4_g3_probability_overlap_summary.json"", ""evidence_2h_interpretation"": ""g4_g3_overlap_interpretation_profiles.csv"", ""evidence_2ia_policy"": ""g4_g3_scientific_decision_policy_v1.csv"", ""evidence_2ib_owner_revision"": ""g4_g3_owner_policy_revision_v1.csv"", ""evidence_2ic_final_decision"": ""g4_g3_final_scientific_decision_summary.json"", ""expert_approved"": false, ""final_scientific_policy"": ""G4_G3_FINAL_SCIENTIFIC_POLICY_V1"", ""human_reviewed"": false, ""julich_probability_asset"": ""data/atlases/julich/v3.1/spatial_raw/probability_maps/"", ""julich_spatial_component_asset"": ""CM_THALAMUS_CENTROMEDIAN_NUCLEUS_RIGHT.nii.gz"", ""julich_spatial_component_id"": ""JULICH_BRAIN_CYTOARCHITECTONIC_ATLAS_V3_1_CM_THALAMUS_CENTROMEDIAN_NUCLEUS"", ""mapping_method_field"": ""spatial_overlap"", ""owner_scientific_review_status"": ""OWNER_SCIENTIFIC_REVIEWED"", ""phase"": ""G4_G3_MAPPING_CANDIDATE_STAGING_V1"", ""production_review_status"": ""pending"", ""relation_artifact"": ""g4_g3_final_relation_decisions.csv"", ""scientific_method"": ""Julich probability x Brainnetome probability + TemplateFlow nonlinear transform + probability-weighted overlap + hard-label auxiliary containment + owner scientific review"", ""semantic_compatibility_status"": null, ""source_canonical_g4_id"": ""NGIQ-BR-00000767"", ""source_coverage_ratio"": 0.25329438177607916, ""target_canonical_g3_id"": ""NGIQ-BR-00000246"", ""target_coverage_ratio"": 0.035307654448094784, ""transform_provenance"": ""data/atlases/templateflow_ref (MNI152NLin2009cAsym_from-MNI152NLin6Asym)""}"
G4G3-STAGE-67DD0E1DA2DD6E6F9FFC,2134,NGIQ-BR-00000767,"CM (Thalamus, centromedian Nucleus) right",G4_MICROSTRUCTURAL_FINE,right,708,NGIQ-BR-00000236,"Right Thalamus, Brainnetome 8_3",G3_MESO_FINE,right,partial_overlap,spatial_overlap,0.219066,0.057119,,,False,proposed,pending,FALSE,FALSE,PARTIAL_OVERLAP,OWNER_CONFIRMED_PARTIAL,,,"{""brainnetome_probability_asset"": ""data/atlases/brainnetome/bna246/volume_raw/BNA_PM_4D.nii.gz"", ""decision_artifact"": ""g4_g3_final_scientific_decisions.csv"", ""decision_reason_code"": ""OWNER_CONFIRMED_PARTIAL"", ""evidence_2g_probability_overlap"": ""g4_g3_probability_overlap_summary.json"", ""evidence_2h_interpretation"": ""g4_g3_overlap_interpretation_profiles.csv"", ""evidence_2ia_policy"": ""g4_g3_scientific_decision_policy_v1.csv"", ""evidence_2ib_owner_revision"": ""g4_g3_owner_policy_revision_v1.csv"", ""evidence_2ic_final_decision"": ""g4_g3_final_scientific_decision_summary.json"", ""expert_approved"": false, ""final_scientific_policy"": ""G4_G3_FINAL_SCIENTIFIC_POLICY_V1"", ""human_reviewed"": false, ""julich_probability_asset"": ""data/atlases/julich/v3.1/spatial_raw/probability_maps/"", ""julich_spatial_component_asset"": ""CM_THALAMUS_CENTROMEDIAN_NUCLEUS_RIGHT.nii.gz"", ""julich_spatial_component_id"": ""JULICH_BRAIN_CYTOARCHITECTONIC_ATLAS_V3_1_CM_THALAMUS_CENTROMEDIAN_NUCLEUS"", ""mapping_method_field"": ""spatial_overlap"", ""owner_scientific_review_status"": ""OWNER_SCIENTIFIC_REVIEWED"", ""phase"": ""G4_G3_MAPPING_CANDIDATE_STAGING_V1"", ""production_review_status"": ""pending"", ""relation_artifact"": ""g4_g3_final_relation_decisions.csv"", ""scientific_method"": ""Julich probability x Brainnetome probability + TemplateFlow nonlinear transform + probability-weighted overlap + hard-label auxiliary containment + owner scientific review"", ""semantic_compatibility_status"": null, ""source_canonical_g4_id"": ""NGIQ-BR-00000767"", ""source_coverage_ratio"": 0.21906605225324285, ""target_canonical_g3_id"": ""NGIQ-BR-00000236"", ""target_coverage_ratio"": 0.05711892862581636, ""transform_provenance"": ""data/atlases/templateflow_ref (MNI152NLin2009cAsym_from-MNI152NLin6Asym)""}"
G4G3-STAGE-60F866E2721B8B1189E3,2137,NGIQ-BR-00000768,"CM (Thalamus, centromedian Nucleus) left",G4_MICROSTRUCTURAL_FINE,left,735,NGIQ-BR-00000245,"Left Thalamus, Brainnetome 8_8",G3_MESO_FINE,left,dominant_overlap,spatial_overlap,0.546841,0.05134,,,False,proposed,pending,FALSE,FALSE,APPROVE_DOMINANT_OVERLAP,DOMINANT_CRITERIA_V1,,BOUNDARY_METRIC,"{""brainnetome_probability_asset"": ""data/atlases/brainnetome/bna246/volume_raw/BNA_PM_4D.nii.gz"", ""decision_artifact"": ""g4_g3_final_scientific_decisions.csv"", ""decision_reason_code"": ""DOMINANT_CRITERIA_V1"", ""evidence_2g_probability_overlap"": ""g4_g3_probability_overlap_summary.json"", ""evidence_2h_interpretation"": ""g4_g3_overlap_interpretation_profiles.csv"", ""evidence_2ia_policy"": ""g4_g3_scientific_decision_policy_v1.csv"", ""evidence_2ib_owner_revision"": ""g4_g3_owner_policy_revision_v1.csv"", ""evidence_2ic_final_decision"": ""g4_g3_final_scientific_decision_summary.json"", ""expert_approved"": false, ""final_scientific_policy"": ""G4_G3_FINAL_SCIENTIFIC_POLICY_V1"", ""human_reviewed"": false, ""julich_probability_asset"": ""data/atlases/julich/v3.1/spatial_raw/probability_maps/"", ""julich_spatial_component_asset"": ""CM_THALAMUS_CENTROMEDIAN_NUCLEUS_LEFT.nii.gz"", ""julich_spatial_component_id"": ""JULICH_BRAIN_CYTOARCHITECTONIC_ATLAS_V3_1_CM_THALAMUS_CENTROMEDIAN_NUCLEUS"", ""mapping_method_field"": ""spatial_overlap"", ""owner_scientific_review_status"": ""OWNER_SCIENTIFIC_REVIEWED"", ""phase"": ""G4_G3_MAPPING_CANDIDATE_STAGING_V1"", ""production_review_status"": ""pending"", ""relation_artifact"": ""g4_g3_final_relation_decisions.csv"", ""scientific_method"": ""Julich probability x Brainnetome probability + TemplateFlow nonlinear transform + probability-weighted overlap + hard-label auxiliary containment + owner scientific review"", ""semantic_compatibility_status"": null, ""source_canonical_g4_id"": ""NGIQ-BR-00000768"", ""source_coverage_ratio"": 0.5468406794924793, ""target_canonical_g3_id"": ""NGIQ-BR-00000245"", ""target_coverage_ratio"": 0.05133960344858447, ""transform_provenance"": ""data/atlases/templateflow_ref (MNI152NLin2009cAsym_from-MNI152NLin6Asym)""}"
