row_index,julich_asset_file,julich_component_id,julich_region_name,julich_hemisphere,spatial_identity_status,canonical_g4_descendant_count,canonical_g4_ids,pp_top1_g3_id,pp_top1_name,pp_top1_joint_mass,pp_top1_g4_weighted,pp_top1_g3_weighted,pp_top1_cosine,pp_top1_soft_dice,pp_top2_g3_id,pp_top2_g4_weighted,pp_top3_g3_id,pp_top1_top2_margin,pp_top1_top2_ratio,pp_association_effective_targets,hard_top1_g3_id,hard_top1_name,hard_top1_coverage,hard_top2_g3_id,hard_top2_coverage,hard_top3_g3_id,hard_top3_coverage,hard_top1_top2_margin,hard_top1_top2_ratio,hard_total_bna_coverage,bna_uncovered_fraction,effective_target_count,top1_agreement,evidence_pattern,qa_flags,metric_version,scientific_decision,decision_reason
1,ACBL_VENTRAL_STRIATUM_LATERAL_ACCUMBENS_LEFT.nii.gz,JULICH_BRAIN_CYTOARCHITECTONIC_ATLAS_V3_1_ACBL_VENTRAL_STRIATUM_LATERAL_ACCUMBENS,"AcbL (Ventral Striatum, Lateral Accumbens) left",left,ONE_TO_ONE_CANONICAL,1,JULICH_BRAIN_CYTOARCHITECTONIC_ATLAS_V3_1_ACBL_VENTRAL_STRIATUM_LATERAL_ACCUMBENS_LEFT,NGIQ-BR-00000224,BG_L_6_3,251.50734909,0.6224008,0.10262952,0.59680389,0.40952738,NGIQ-BR-00000019,0.26100526,NGIQ-BR-00000065,0.36139554,2.3846,2.8598,NGIQ-BR-00000224,BG_L_6_3,0.84001393,NGIQ-BR-00000065,0.06854104,NGIQ-BR-00000019,0.0663567,0.77147289,12.2556,0.97491725,0.02508275,1.6454,TRUE,SINGLE_TARGET_CONCENTRATED,one_to_one,G4_G3_OVERLAP_INTERPRETATION_V1,,
2,ACBL_VENTRAL_STRIATUM_LATERAL_ACCUMBENS_RIGHT.nii.gz,JULICH_BRAIN_CYTOARCHITECTONIC_ATLAS_V3_1_ACBL_VENTRAL_STRIATUM_LATERAL_ACCUMBENS,"AcbL (Ventral Striatum, Lateral Accumbens) right",right,ONE_TO_ONE_CANONICAL,1,JULICH_BRAIN_CYTOARCHITECTONIC_ATLAS_V3_1_ACBL_VENTRAL_STRIATUM_LATERAL_ACCUMBENS_RIGHT,NGIQ-BR-00000225,BG_R_6_3,293.43511423,0.7705297,0.10068835,0.58888811,0.32133895,NGIQ-BR-00000221,0.10117264,NGIQ-BR-00000066,0.66935706,7.616,2.4186,NGIQ-BR-00000225,BG_R_6_3,0.90645685,NGIQ-BR-00000221,0.04315429,NGIQ-BR-00000066,0.02894622,0.86330256,21.005,0.97860948,0.02139052,1.3679,TRUE,SINGLE_TARGET_CONCENTRATED,one_to_one,G4_G3_OVERLAP_INTERPRETATION_V1,,
3,ACBM_VENTRAL_STRIATUM_MEDIAL_ACCUMBENS_LEFT.nii.gz,JULICH_BRAIN_CYTOARCHITECTONIC_ATLAS_V3_1_ACBM_VENTRAL_STRIATUM_MEDIAL_ACCUMBENS,"AcbM (Ventral Striatum, Medial Accumbens) left",left,ONE_TO_ONE_CANONICAL,1,JULICH_BRAIN_CYTOARCHITECTONIC_ATLAS_V3_1_ACBM_VENTRAL_STRIATUM_MEDIAL_ACCUMBENS_LEFT,NGIQ-BR-00000224,BG_L_6_3,118.77888121,0.57669878,0.04846864,0.42574412,0.20944159,NGIQ-BR-00000019,0.28544333,NGIQ-BR-00000065,0.29125545,2.0204,2.926,NGIQ-BR-00000224,BG_L_6_3,0.66127852,NGIQ-BR-00000019,0.15774272,NGIQ-BR-00000065,0.10384287,0.50353579,4.1921,0.92286412,0.07713588,2.1959,TRUE,DIFFUSE_ASSOCIATION,one_to_one,G4_G3_OVERLAP_INTERPRETATION_V1,,
4,ACBM_VENTRAL_STRIATUM_MEDIAL_ACCUMBENS_RIGHT.nii.gz,JULICH_BRAIN_CYTOARCHITECTONIC_ATLAS_V3_1_ACBM_VENTRAL_STRIATUM_MEDIAL_ACCUMBENS,"AcbM (Ventral Striatum, Medial Accumbens) right",right,ONE_TO_ONE_CANONICAL,1,JULICH_BRAIN_CYTOARCHITECTONIC_ATLAS_V3_1_ACBM_VENTRAL_STRIATUM_MEDIAL_ACCUMBENS_RIGHT,NGIQ-BR-00000225,BG_R_6_3,150.18165465,0.78932556,0.05153284,0.45850143,0.17239292,NGIQ-BR-00000221,0.12202094,NGIQ-BR-00000227,0.66730462,6.4688,1.9886,NGIQ-BR-00000225,BG_R_6_3,0.92443945,NGIQ-BR-00000221,0.05253793,NGIQ-BR-00000066,0.00182305,0.87190152,17.5957,0.97882002,0.02117998,1.2497,TRUE,SINGLE_TARGET_CONCENTRATED,one_to_one,G4_G3_OVERLAP_INTERPRETATION_V1,,
5,AM_THALAMUS_ANTEROMEDIAL_NUCLEUS_LEFT.nii.gz,JULICH_BRAIN_CYTOARCHITECTONIC_ATLAS_V3_1_AM_THALAMUS_ANTEROMEDIAL_NUCLEUS,"AM (Thalamus, anteromedial Nucleus) left",left,ONE_TO_ONE_CANONICAL,1,JULICH_BRAIN_CYTOARCHITECTONIC_ATLAS_V3_1_AM_THALAMUS_ANTEROMEDIAL_NUCLEUS_LEFT,NGIQ-BR-00000237,Tha_L_8_4,102.61301132,0.53793571,0.04967008,0.48926763,0.20251639,NGIQ-BR-00000243,0.18728524,NGIQ-BR-00000020,0.35065048,2.8723,3.1749,NGIQ-BR-00000237,Tha_L_8_4,0.65374472,NGIQ-BR-00000020,0.13028135,NGIQ-BR-00000243,0.04499418,0.52346337,5.0179,0.85484745,0.14515255,2.1295,TRUE,DIFFUSE_ASSOCIATION,one_to_one,G4_G3_OVERLAP_INTERPRETATION_V1,,
6,AM_THALAMUS_ANTEROMEDIAL_NUCLEUS_RIGHT.nii.gz,JULICH_BRAIN_CYTOARCHITECTONIC_ATLAS_V3_1_AM_THALAMUS_ANTEROMEDIAL_NUCLEUS,"AM (Thalamus, anteromedial Nucleus) right",right,ONE_TO_ONE_CANONICAL,1,JULICH_BRAIN_CYTOARCHITECTONIC_ATLAS_V3_1_AM_THALAMUS_ANTEROMEDIAL_NUCLEUS_RIGHT,NGIQ-BR-00000238,Tha_R_8_4,72.85116333,0.32252534,0.04374018,0.35009178,0.1769971,NGIQ-BR-00000244,0.29053876,NGIQ-BR-00000242,0.03198658,1.1101,3.9332,NGIQ-BR-00000238,Tha_R_8_4,0.41149201,NGIQ-BR-00000244,0.28144059,NGIQ-BR-00000232,0.14965364,0.13005143,1.4621,0.87577485,0.12422515,3.1605,TRUE,MULTI_TARGET_CONCENTRATED,one_to_one,G4_G3_OVERLAP_INTERPRETATION_V1,,
7,AREA_1_POSTCG_LEFT.nii.gz,JULICH_BRAIN_CYTOARCHITECTONIC_ATLAS_V3_1_AREA_1_POSTCG,Area 1 (PostCG) left,left,ONE_TO_ONE_CANONICAL,1,JULICH_BRAIN_CYTOARCHITECTONIC_ATLAS_V3_1_AREA_1_POSTCG_LEFT,NGIQ-BR-00000163,PoG_L_4_1,1307.31309388,0.30765171,0.16694363,0.48566165,0.41463869,NGIQ-BR-00000167,0.28627809,NGIQ-BR-00000169,0.02137362,1.0747,5.9072,NGIQ-BR-00000163,PoG_L_4_1,0.33457443,NGIQ-BR-00000167,0.28357219,NGIQ-BR-00000169,0.18719557,0.05100225,1.1799,0.92900143,0.07099857,4.5395,TRUE,DIFFUSE_ASSOCIATION,one_to_one,G4_G3_OVERLAP_INTERPRETATION_V1,,
8,AREA_1_POSTCG_RIGHT.nii.gz,JULICH_BRAIN_CYTOARCHITECTONIC_ATLAS_V3_1_AREA_1_POSTCG,Area 1 (PostCG) right,right,ONE_TO_ONE_CANONICAL,1,JULICH_BRAIN_CYTOARCHITECTONIC_ATLAS_V3_1_AREA_1_POSTCG_RIGHT,NGIQ-BR-00000164,PoG_R_4_1,1234.45081854,0.3132638,0.17170801,0.53606859,0.47349119,NGIQ-BR-00000168,0.30213457,NGIQ-BR-00000170,0.01112922,1.0368,6.2013,NGIQ-BR-00000164,PoG_R_4_1,0.36682795,NGIQ-BR-00000168,0.32261246,NGIQ-BR-00000170,0.12847129,0.0442155,1.1371,0.93007103,0.06992897,4.3363,TRUE,DIFFUSE_ASSOCIATION,one_to_one,G4_G3_OVERLAP_INTERPRETATION_V1,,
11,AREA_2_POSTCS_LEFT.nii.gz,JULICH_BRAIN_CYTOARCHITECTONIC_ATLAS_V3_1_AREA_2_POSTCS,Area 2 (PostCS) left,left,ONE_TO_ONE_CANONICAL,1,JULICH_BRAIN_CYTOARCHITECTONIC_ATLAS_V3_1_AREA_2_POSTCS_LEFT,NGIQ-BR-00000167,PoG_L_4_3,1396.86458651,0.42328045,0.19474012,0.68294808,0.53536972,NGIQ-BR-00000163,0.13774386,NGIQ-BR-00000147,0.28553659,3.073,5.6095,NGIQ-BR-00000167,PoG_L_4_3,0.46937888,NGIQ-BR-00000163,0.12095402,NGIQ-BR-00000141,0.07864427,0.34842487,3.8806,0.82378083,0.17621917,3.852,TRUE,DIFFUSE_ASSOCIATION,one_to_one,G4_G3_OVERLAP_INTERPRETATION_V1,,
12,AREA_2_POSTCS_RIGHT.nii.gz,JULICH_BRAIN_CYTOARCHITECTONIC_ATLAS_V3_1_AREA_2_POSTCS,Area 2 (PostCS) right,right,ONE_TO_ONE_CANONICAL,1,JULICH_BRAIN_CYTOARCHITECTONIC_ATLAS_V3_1_AREA_2_POSTCS_RIGHT,NGIQ-BR-00000168,PoG_R_4_3,1735.9885783,0.41196106,0.24896,0.6741287,0.61306832,NGIQ-BR-00000148,0.12394982,NGIQ-BR-00000140,0.28801124,3.3236,6.4448,NGIQ-BR-00000168,PoG_R_4_3,0.48672314,NGIQ-BR-00000148,0.13057216,NGIQ-BR-00000142,0.09837564,0.35615098,3.7276,0.90351792,0.09648208,4.2375,TRUE,DIFFUSE_ASSOCIATION,one_to_one,G4_G3_OVERLAP_INTERPRETATION_V1,,
13,AREA_33_ACC_LEFT.nii.gz,JULICH_BRAIN_CYTOARCHITECTONIC_ATLAS_V3_1_AREA_33_ACC,Area 33 (ACC) left,left,ONE_TO_ONE_CANONICAL,1,JULICH_BRAIN_CYTOARCHITECTONIC_ATLAS_V3_1_AREA_33_ACC_LEFT,NGIQ-BR-00000183,CG_L_7_2,134.14736979,0.14063111,0.0586811,0.34413815,0.32668352,NGIQ-BR-00000185,0.11855283,NGIQ-BR-00000193,0.02207828,1.1862,8.3317,NGIQ-BR-00000183,CG_L_7_2,0.23230956,NGIQ-BR-00000185,0.16770729,NGIQ-BR-00000065,0.06412802,0.06460227,1.3852,0.55896244,0.44103756,4.3833,TRUE,DIFFUSE_ASSOCIATION,one_to_one,G4_G3_OVERLAP_INTERPRETATION_V1,,
14,AREA_33_ACC_RIGHT.nii.gz,JULICH_BRAIN_CYTOARCHITECTONIC_ATLAS_V3_1_AREA_33_ACC,Area 33 (ACC) right,right,ONE_TO_ONE_CANONICAL,1,JULICH_BRAIN_CYTOARCHITECTONIC_ATLAS_V3_1_AREA_33_ACC_RIGHT,NGIQ-BR-00000184,CG_R_7_2,251.89420895,0.19364426,0.10086277,0.42815694,0.40688282,NGIQ-BR-00000194,0.1182112,NGIQ-BR-00000186,0.07543306,1.6381,8.0814,NGIQ-BR-00000184,CG_R_7_2,0.34547233,NGIQ-BR-00000225,0.09425489,NGIQ-BR-00000186,0.08636172,0.25121743,3.6653,0.65519333,0.34480667,4.145,TRUE,DIFFUSE_ASSOCIATION,one_to_one,G4_G3_OVERLAP_INTERPRETATION_V1,,
15,AREA_3A_POSTCG_LEFT.nii.gz,JULICH_BRAIN_CYTOARCHITECTONIC_ATLAS_V3_1_AREA_3A_POSTCG,Area 3a (PostCG) left,left,ONE_TO_ONE_CANONICAL,1,JULICH_BRAIN_CYTOARCHITECTONIC_ATLAS_V3_1_AREA_3A_POSTCG_LEFT,NGIQ-BR-00000069,PrG_L_6_1,337.14351581,0.21565561,0.04313547,0.19532618,0.13219815,NGIQ-BR-00000163,0.16077588,NGIQ-BR-00000073,0.05487973,1.3413,4.3801,NGIQ-BR-00000069,PrG_L_6_1,0.22707158,NGIQ-BR-00000073,0.1506939,NGIQ-BR-00000163,0.15046184,0.07637768,1.5068,0.53920129,0.46079871,3.1949,TRUE,DIFFUSE_ASSOCIATION,one_to_one,G4_G3_OVERLAP_INTERPRETATION_V1,,
16,AREA_3A_POSTCG_RIGHT.nii.gz,JULICH_BRAIN_CYTOARCHITECTONIC_ATLAS_V3_1_AREA_3A_POSTCG,Area 3a (PostCG) right,right,ONE_TO_ONE_CANONICAL,1,JULICH_BRAIN_CYTOARCHITECTONIC_ATLAS_V3_1_AREA_3A_POSTCG_RIGHT,NGIQ-BR-00000070,PrG_R_6_1,206.45576939,0.22790755,0.03378383,0.22649074,0.14750263,NGIQ-BR-00000074,0.15345187,NGIQ-BR-00000164,0.07445567,1.4852,4.2375,NGIQ-BR-00000070,PrG_R_6_1,0.24329428,NGIQ-BR-00000074,0.1131688,NGIQ-BR-00000164,0.05847796,0.13012548,2.1498,0.43590376,0.56409624,3.1123,TRUE,DIFFUSE_ASSOCIATION,one_to_one,G4_G3_OVERLAP_INTERPRETATION_V1,,
17,AREA_3B_POSTCG_LEFT.nii.gz,JULICH_BRAIN_CYTOARCHITECTONIC_ATLAS_V3_1_AREA_3B_POSTCG,Area 3b (PostCG) left,left,ONE_TO_ONE_CANONICAL,1,JULICH_BRAIN_CYTOARCHITECTONIC_ATLAS_V3_1_AREA_3B_POSTCG_LEFT,NGIQ-BR-00000163,PoG_L_4_1,2361.11935211,0.34602358,0.30151448,0.67018833,0.63958343,NGIQ-BR-00000069,0.14879413,NGIQ-BR-00000169,0.19722945,2.3255,6.3947,NGIQ-BR-00000163,PoG_L_4_1,0.38841742,NGIQ-BR-00000169,0.12594285,NGIQ-BR-00000069,0.11601553,0.26247458,3.0841,0.81233076,0.18766924,4.8647,TRUE,DIFFUSE_ASSOCIATION,one_to_one,G4_G3_OVERLAP_INTERPRETATION_V1,,
18,AREA_3B_POSTCG_RIGHT.nii.gz,JULICH_BRAIN_CYTOARCHITECTONIC_ATLAS_V3_1_AREA_3B_POSTCG,Area 3b (PostCG) right,right,ONE_TO_ONE_CANONICAL,1,JULICH_BRAIN_CYTOARCHITECTONIC_ATLAS_V3_1_AREA_3B_POSTCG_RIGHT,NGIQ-BR-00000164,PoG_R_4_1,1390.24106424,0.34824587,0.19337792,0.54641516,0.50371681,NGIQ-BR-00000170,0.13406368,NGIQ-BR-00000070,0.21418218,2.5976,6.1467,NGIQ-BR-00000164,PoG_R_4_1,0.44187418,NGIQ-BR-00000170,0.13211511,NGIQ-BR-00000168,0.07932146,0.30975906,3.3446,0.78982936,0.21017064,4.0313,TRUE,DIFFUSE_ASSOCIATION,one_to_one,G4_G3_OVERLAP_INTERPRETATION_V1,,
19,AREA_44_IFG_LEFT.nii.gz,JULICH_BRAIN_CYTOARCHITECTONIC_ATLAS_V3_1_AREA_44_IFG,Area 44 (IFG) left,left,ONE_TO_ONE_CANONICAL,1,JULICH_BRAIN_CYTOARCHITECTONIC_ATLAS_V3_1_AREA_44_IFG_LEFT,NGIQ-BR-00000049,IFG_L_6_3,892.2979442,0.17434541,0.28876631,0.67234514,0.65669913,NGIQ-BR-00000055,0.15129163,NGIQ-BR-00000003,0.02305378,1.1524,10.3928,NGIQ-BR-00000049,IFG_L_6_3,0.19384061,NGIQ-BR-00000079,0.16823553,NGIQ-BR-00000055,0.1545564,0.02560507,1.1522,0.89579359,0.10420641,7.7164,TRUE,DIFFUSE_ASSOCIATION,one_to_one,G4_G3_OVERLAP_INTERPRETATION_V1,,
20,AREA_44_IFG_RIGHT.nii.gz,JULICH_BRAIN_CYTOARCHITECTONIC_ATLAS_V3_1_AREA_44_IFG,Area 44 (IFG) right,right,ONE_TO_ONE_CANONICAL,1,JULICH_BRAIN_CYTOARCHITECTONIC_ATLAS_V3_1_AREA_44_IFG_RIGHT,NGIQ-BR-00000056,IFG_R_6_6,709.68299493,0.34995155,0.27621246,0.70829037,0.70821585,NGIQ-BR-00000050,0.29539553,NGIQ-BR-00000004,0.05455602,1.1847,5.138,NGIQ-BR-00000056,IFG_R_6_6,0.4374228,NGIQ-BR-00000050,0.32397318,NGIQ-BR-00000004,0.08664156,0.11344962,1.3502,0.94178496,0.05821504,3.6236,TRUE,MULTI_TARGET_CONCENTRATED,one_to_one,G4_G3_OVERLAP_INTERPRETATION_V1,,
21,AREA_45_IFG_LEFT.nii.gz,JULICH_BRAIN_CYTOARCHITECTONIC_ATLAS_V3_1_AREA_45_IFG,Area 45 (IFG) left,left,ONE_TO_ONE_CANONICAL,1,JULICH_BRAIN_CYTOARCHITECTONIC_ATLAS_V3_1_AREA_45_IFG_LEFT,NGIQ-BR-00000047,IFG_L_6_2,962.18968131,0.29039333,0.26426079,0.67348366,0.6631405,NGIQ-BR-00000049,0.1952388,NGIQ-BR-00000039,0.09515453,1.4874,8.0904,NGIQ-BR-00000047,IFG_L_6_2,0.34086402,NGIQ-BR-00000049,0.20620353,NGIQ-BR-00000039,0.1631173,0.1346605,1.653,0.94387945,0.05612055,5.7776,TRUE,DIFFUSE_ASSOCIATION,one_to_one,G4_G3_OVERLAP_INTERPRETATION_V1,,
22,AREA_45_IFG_RIGHT.nii.gz,JULICH_BRAIN_CYTOARCHITECTONIC_ATLAS_V3_1_AREA_45_IFG,Area 45 (IFG) right,right,ONE_TO_ONE_CANONICAL,1,JULICH_BRAIN_CYTOARCHITECTONIC_ATLAS_V3_1_AREA_45_IFG_RIGHT,NGIQ-BR-00000048,IFG_R_6_2,1079.20726989,0.22831681,0.29468203,0.59881185,0.5970288,NGIQ-BR-00000050,0.17900787,NGIQ-BR-00000052,0.04930893,1.2755,8.716,NGIQ-BR-00000048,IFG_R_6_2,0.23849956,NGIQ-BR-00000050,0.22808807,NGIQ-BR-00000052,0.15860225,0.01041149,1.0456,0.95864757,0.04135243,7.0019,TRUE,DIFFUSE_ASSOCIATION,one_to_one,G4_G3_OVERLAP_INTERPRETATION_V1,,
23,AREA_4A_PRECG_LEFT.nii.gz,JULICH_BRAIN_CYTOARCHITECTONIC_ATLAS_V3_1_AREA_4A_PRECG,Area 4a (PreCG) left,left,ONE_TO_ONE_CANONICAL,1,JULICH_BRAIN_CYTOARCHITECTONIC_ATLAS_V3_1_AREA_4A_PRECG_LEFT,NGIQ-BR-00000083,PCL_L_2_2,863.21361131,0.33212274,0.18567721,0.46222378,0.3999676,NGIQ-BR-00000073,0.18076018,NGIQ-BR-00000075,0.15136256,1.8374,5.5444,NGIQ-BR-00000083,PCL_L_2_2,0.36470955,NGIQ-BR-00000073,0.18973732,NGIQ-BR-00000075,0.11867069,0.17497223,1.9222,0.80975973,0.19024027,4.302,TRUE,DIFFUSE_ASSOCIATION,one_to_one,G4_G3_OVERLAP_INTERPRETATION_V1,,
24,AREA_4A_PRECG_RIGHT.nii.gz,JULICH_BRAIN_CYTOARCHITECTONIC_ATLAS_V3_1_AREA_4A_PRECG,Area 4a (PreCG) right,right,ONE_TO_ONE_CANONICAL,1,JULICH_BRAIN_CYTOARCHITECTONIC_ATLAS_V3_1_AREA_4A_PRECG_RIGHT,NGIQ-BR-00000074,PrG_R_6_3,1502.09371807,0.19683403,0.23030511,0.5175543,0.51717091,NGIQ-BR-00000084,0.16365638,NGIQ-BR-00000076,0.03317765,1.2027,9.0232,NGIQ-BR-00000074,PrG_R_6_3,0.17430741,NGIQ-BR-00000084,0.16911337,NGIQ-BR-00000164,0.14534225,0.00519404,1.0307,0.82908658,0.17091342,7.5134,TRUE,DIFFUSE_ASSOCIATION,one_to_one,G4_G3_OVERLAP_INTERPRETATION_V1,,
25,AREA_4P_PRECG_LEFT.nii.gz,JULICH_BRAIN_CYTOARCHITECTONIC_ATLAS_V3_1_AREA_4P_PRECG,Area 4p (PreCG) left,left,ONE_TO_ONE_CANONICAL,1,JULICH_BRAIN_CYTOARCHITECTONIC_ATLAS_V3_1_AREA_4P_PRECG_LEFT,NGIQ-BR-00000069,PrG_L_6_1,588.68101657,0.35652833,0.07531816,0.3491887,0.23223959,NGIQ-BR-00000073,0.32097377,NGIQ-BR-00000163,0.03555457,1.1108,4.1227,NGIQ-BR-00000069,PrG_L_6_1,0.3665584,NGIQ-BR-00000073,0.30014709,NGIQ-BR-00000163,0.15401276,0.06641131,1.2213,0.85173968,0.14826032,3.1909,TRUE,DIFFUSE_ASSOCIATION,one_to_one,G4_G3_OVERLAP_INTERPRETATION_V1,,
26,AREA_4P_PRECG_RIGHT.nii.gz,JULICH_BRAIN_CYTOARCHITECTONIC_ATLAS_V3_1_AREA_4P_PRECG,Area 4p (PreCG) right,right,ONE_TO_ONE_CANONICAL,1,JULICH_BRAIN_CYTOARCHITECTONIC_ATLAS_V3_1_AREA_4P_PRECG_RIGHT,NGIQ-BR-00000074,PrG_R_6_3,541.06799269,0.39593493,0.08295802,0.45387155,0.32776569,NGIQ-BR-00000070,0.27505803,NGIQ-BR-00000164,0.12087689,1.4395,4.015,NGIQ-BR-00000074,PrG_R_6_3,0.42459644,NGIQ-BR-00000164,0.2233097,NGIQ-BR-00000070,0.17339392,0.20128673,1.9014,0.82538008,0.17461992,2.867,TRUE,MULTI_TARGET_CONCENTRATED,one_to_one,G4_G3_OVERLAP_INTERPRETATION_V1,,
27,AREA_5CI_SPL_LEFT.nii.gz,JULICH_BRAIN_CYTOARCHITECTONIC_ATLAS_V3_1_AREA_5CI_SPL,Area 5Ci (SPL) left,left,ONE_TO_ONE_CANONICAL,1,JULICH_BRAIN_CYTOARCHITECTONIC_ATLAS_V3_1_AREA_5CI_SPL_LEFT,NGIQ-BR-00000081,PCL_L_2_1,457.43821493,0.43684196,0.10231253,0.42086459,0.26843189,NGIQ-BR-00000191,0.24714743,NGIQ-BR-00000157,0.18969453,1.7675,4.2652,NGIQ-BR-00000191,CG_L_7_6,0.47368087,NGIQ-BR-00000081,0.2244769,NGIQ-BR-00000157,0.1434091,0.24920397,2.1102,0.8467487,0.1532513,2.7548,FALSE,PROBABILITY_HARDLABEL_DISAGREEMENT,PP_HARDLABEL_TOP1_DISAGREE|one_to_one,G4_G3_OVERLAP_INTERPRETATION_V1,,
28,AREA_5CI_SPL_RIGHT.nii.gz,JULICH_BRAIN_CYTOARCHITECTONIC_ATLAS_V3_1_AREA_5CI_SPL,Area 5Ci (SPL) right,right,ONE_TO_ONE_CANONICAL,1,JULICH_BRAIN_CYTOARCHITECTONIC_ATLAS_V3_1_AREA_5CI_SPL_RIGHT,NGIQ-BR-00000082,PCL_R_2_1,686.39937548,0.50061938,0.14347719,0.54349133,0.36266671,NGIQ-BR-00000192,0.23068477,NGIQ-BR-00000158,0.26993461,2.1701,4.3099,NGIQ-BR-00000082,PCL_R_2_1,0.48289796,NGIQ-BR-00000192,0.25517837,NGIQ-BR-00000158,0.15091333,0.22771959,1.8924,0.89837548,0.10162452,2.85,TRUE,MULTI_TARGET_CONCENTRATED,one_to_one,G4_G3_OVERLAP_INTERPRETATION_V1,,
29,AREA_5L_SPL_LEFT.nii.gz,JULICH_BRAIN_CYTOARCHITECTONIC_ATLAS_V3_1_AREA_5L_SPL,Area 5L (SPL) left,left,ONE_TO_ONE_CANONICAL,1,JULICH_BRAIN_CYTOARCHITECTONIC_ATLAS_V3_1_AREA_5L_SPL_LEFT,NGIQ-BR-00000141,SPL_L_5_4,599.71661692,0.29096953,0.1459994,0.54434139,0.46640577,NGIQ-BR-00000157,0.11967445,NGIQ-BR-00000081,0.17129508,2.4313,8.6131,NGIQ-BR-00000141,SPL_L_5_4,0.37309913,NGIQ-BR-00000157,0.14632928,NGIQ-BR-00000169,0.12979798,0.22676985,2.5497,0.82788541,0.17211459,4.7087,TRUE,DIFFUSE_ASSOCIATION,one_to_one,G4_G3_OVERLAP_INTERPRETATION_V1,,
30,AREA_5L_SPL_RIGHT.nii.gz,JULICH_BRAIN_CYTOARCHITECTONIC_ATLAS_V3_1_AREA_5L_SPL,Area 5L (SPL) right,right,ONE_TO_ONE_CANONICAL,1,JULICH_BRAIN_CYTOARCHITECTONIC_ATLAS_V3_1_AREA_5L_SPL_RIGHT,NGIQ-BR-00000142,SPL_R_5_4,1059.70550352,0.37349612,0.22707312,0.64381847,0.60811234,NGIQ-BR-00000158,0.1671604,NGIQ-BR-00000010,0.20633572,2.2344,6.4158,NGIQ-BR-00000142,SPL_R_5_4,0.46451986,NGIQ-BR-00000158,0.21661313,NGIQ-BR-00000170,0.08335135,0.24790673,2.1445,0.86248924,0.13751076,3.4168,TRUE,MULTI_TARGET_CONCENTRATED,one_to_one,G4_G3_OVERLAP_INTERPRETATION_V1,,
31,AREA_5M_SPL_LEFT.nii.gz,JULICH_BRAIN_CYTOARCHITECTONIC_ATLAS_V3_1_AREA_5M_SPL,Area 5M (SPL) left,left,ONE_TO_ONE_CANONICAL,1,JULICH_BRAIN_CYTOARCHITECTONIC_ATLAS_V3_1_AREA_5M_SPL_LEFT,NGIQ-BR-00000081,PCL_L_2_1,947.01903837,0.46007256,0.2118142,0.64023462,0.50616839,NGIQ-BR-00000157,0.26634072,NGIQ-BR-00000083,0.19373184,1.7274,4.9781,NGIQ-BR-00000081,PCL_L_2_1,0.37735289,NGIQ-BR-00000157,0.30775788,NGIQ-BR-00000191,0.11372878,0.069595,1.2261,0.90610367,0.09389633,4.0271,TRUE,DIFFUSE_ASSOCIATION,one_to_one,G4_G3_OVERLAP_INTERPRETATION_V1,,
32,AREA_5M_SPL_RIGHT.nii.gz,JULICH_BRAIN_CYTOARCHITECTONIC_ATLAS_V3_1_AREA_5M_SPL,Area 5M (SPL) right,right,ONE_TO_ONE_CANONICAL,1,JULICH_BRAIN_CYTOARCHITECTONIC_ATLAS_V3_1_AREA_5M_SPL_RIGHT,NGIQ-BR-00000082,PCL_R_2_1,744.12165285,0.40253149,0.15554281,0.52399065,0.38033498,NGIQ-BR-00000158,0.31491728,NGIQ-BR-00000084,0.08761421,1.2782,5.4031,NGIQ-BR-00000158,PCun_R_4_2,0.38932568,NGIQ-BR-00000082,0.37157175,NGIQ-BR-00000142,0.05116659,0.01775393,1.0478,0.91205175,0.08794825,3.5661,FALSE,PROBABILITY_HARDLABEL_DISAGREEMENT,PP_HARDLABEL_TOP1_DISAGREE|one_to_one,G4_G3_OVERLAP_INTERPRETATION_V1,,
33,AREA_6D1_PRECG_LEFT.nii.gz,JULICH_BRAIN_CYTOARCHITECTONIC_ATLAS_V3_1_AREA_6D1_PRECG,Area 6d1 (PreCG) left,left,ONE_TO_ONE_CANONICAL,1,JULICH_BRAIN_CYTOARCHITECTONIC_ATLAS_V3_1_AREA_6D1_PRECG_LEFT,NGIQ-BR-00000071,PrG_L_6_2,1384.57474582,0.26170626,0.21752323,0.49603892,0.48532782,NGIQ-BR-00000025,0.22556902,NGIQ-BR-00000027,0.03613724,1.1602,7.2962,NGIQ-BR-00000071,PrG_L_6_2,0.30665537,NGIQ-BR-00000025,0.23468517,NGIQ-BR-00000027,0.11340327,0.0719702,1.3067,0.84046723,0.15953277,5.1226,TRUE,DIFFUSE_ASSOCIATION,one_to_one,G4_G3_OVERLAP_INTERPRETATION_V1,,
34,AREA_6D1_PRECG_RIGHT.nii.gz,JULICH_BRAIN_CYTOARCHITECTONIC_ATLAS_V3_1_AREA_6D1_PRECG,Area 6d1 (PreCG) right,right,ONE_TO_ONE_CANONICAL,1,JULICH_BRAIN_CYTOARCHITECTONIC_ATLAS_V3_1_AREA_6D1_PRECG_RIGHT,NGIQ-BR-00000072,PrG_R_6_2,853.47671829,0.23316158,0.15182647,0.36345312,0.35571244,NGIQ-BR-00000028,0.17298393,NGIQ-BR-00000076,0.06017766,1.3479,7.2732,NGIQ-BR-00000072,PrG_R_6_2,0.32640225,NGIQ-BR-00000028,0.17867225,NGIQ-BR-00000076,0.16354802,0.14773,1.8268,0.81912089,0.18087911,4.5592,TRUE,DIFFUSE_ASSOCIATION,one_to_one,G4_G3_OVERLAP_INTERPRETATION_V1,,
35,AREA_6D2_PRECG_LEFT.nii.gz,JULICH_BRAIN_CYTOARCHITECTONIC_ATLAS_V3_1_AREA_6D2_PRECG,Area 6d2 (PreCG) left,left,ONE_TO_ONE_CANONICAL,1,JULICH_BRAIN_CYTOARCHITECTONIC_ATLAS_V3_1_AREA_6D2_PRECG_LEFT,NGIQ-BR-00000025,SFG_L_7_4,1278.20512455,0.39816214,0.22170582,0.67578068,0.61670984,NGIQ-BR-00000001,0.14264114,NGIQ-BR-00000021,0.255521,2.7914,5.4793,NGIQ-BR-00000025,SFG_L_7_4,0.49190954,NGIQ-BR-00000021,0.13448002,NGIQ-BR-00000001,0.09666032,0.35742952,3.6579,0.87016822,0.12983178,3.7629,TRUE,DIFFUSE_ASSOCIATION,one_to_one,G4_G3_OVERLAP_INTERPRETATION_V1,,
36,AREA_6D2_PRECG_RIGHT.nii.gz,JULICH_BRAIN_CYTOARCHITECTONIC_ATLAS_V3_1_AREA_6D2_PRECG,Area 6d2 (PreCG) right,right,ONE_TO_ONE_CANONICAL,1,JULICH_BRAIN_CYTOARCHITECTONIC_ATLAS_V3_1_AREA_6D2_PRECG_RIGHT,NGIQ-BR-00000026,SFG_R_7_4,633.26270317,0.41150728,0.10503683,0.47306614,0.3779774,NGIQ-BR-00000028,0.20028141,NGIQ-BR-00000002,0.21122587,2.0546,4.0776,NGIQ-BR-00000026,SFG_R_7_4,0.59576613,NGIQ-BR-00000028,0.1661941,NGIQ-BR-00000002,0.08895148,0.42957203,3.5848,0.85282366,0.14717634,2.2698,TRUE,DIFFUSE_ASSOCIATION,one_to_one,G4_G3_OVERLAP_INTERPRETATION_V1,,
37,AREA_6D3_SFS_LEFT.nii.gz,JULICH_BRAIN_CYTOARCHITECTONIC_ATLAS_V3_1_AREA_6D3_SFS,Area 6d3 (SFS) left,left,ONE_TO_ONE_CANONICAL,1,JULICH_BRAIN_CYTOARCHITECTONIC_ATLAS_V3_1_AREA_6D3_SFS_LEFT,NGIQ-BR-00000043,MFG_L_7_6,656.11375167,0.19297978,0.10584876,0.35931945,0.32817596,NGIQ-BR-00000025,0.18764403,NGIQ-BR-00000021,0.00533575,1.0284,7.5448,NGIQ-BR-00000043,MFG_L_7_6,0.2344765,NGIQ-BR-00000025,0.17623205,NGIQ-BR-00000021,0.11551599,0.05824445,1.3305,0.66731193,0.33268807,4.5393,TRUE,DIFFUSE_ASSOCIATION,one_to_one,G4_G3_OVERLAP_INTERPRETATION_V1,,
38,AREA_6D3_SFS_RIGHT.nii.gz,JULICH_BRAIN_CYTOARCHITECTONIC_ATLAS_V3_1_AREA_6D3_SFS,Area 6d3 (SFS) right,right,ONE_TO_ONE_CANONICAL,1,JULICH_BRAIN_CYTOARCHITECTONIC_ATLAS_V3_1_AREA_6D3_SFS_RIGHT,NGIQ-BR-00000026,SFG_R_7_4,654.24389682,0.30053373,0.1085169,0.38408229,0.34759653,NGIQ-BR-00000044,0.28774118,NGIQ-BR-00000022,0.01279255,1.0445,6.2325,NGIQ-BR-00000044,MFG_R_7_6,0.34540716,NGIQ-BR-00000026,0.28178682,NGIQ-BR-00000072,0.1784401,0.06362034,1.2258,0.87413209,0.12586791,3.5162,FALSE,PROBABILITY_HARDLABEL_DISAGREEMENT,PP_HARDLABEL_TOP1_DISAGREE|one_to_one,G4_G3_OVERLAP_INTERPRETATION_V1,,
39,AREA_6MA_PRESMA_MESIAL_SFG_LEFT.nii.gz,JULICH_BRAIN_CYTOARCHITECTONIC_ATLAS_V3_1_AREA_6MA_PRESMA_MESIAL_SFG,"Area 6ma (preSMA, mesial SFG) left",left,ONE_TO_ONE_CANONICAL,1,JULICH_BRAIN_CYTOARCHITECTONIC_ATLAS_V3_1_AREA_6MA_PRESMA_MESIAL_SFG_LEFT,NGIQ-BR-00000001,SFG_L_7_1,769.0803252,0.45909,0.09311242,0.46868585,0.36608153,NGIQ-BR-00000027,0.36563439,NGIQ-BR-00000025,0.09345561,1.2556,2.9334,NGIQ-BR-00000001,SFG_L_7_1,0.51923737,NGIQ-BR-00000027,0.38845642,NGIQ-BR-00000189,0.00239754,0.13078095,1.3367,0.91032331,0.08967669,2.0172,TRUE,MULTI_TARGET_CONCENTRATED,one_to_one,G4_G3_OVERLAP_INTERPRETATION_V1,,
40,AREA_6MA_PRESMA_MESIAL_SFG_RIGHT.nii.gz,JULICH_BRAIN_CYTOARCHITECTONIC_ATLAS_V3_1_AREA_6MA_PRESMA_MESIAL_SFG,"Area 6ma (preSMA, mesial SFG) right",right,ONE_TO_ONE_CANONICAL,1,JULICH_BRAIN_CYTOARCHITECTONIC_ATLAS_V3_1_AREA_6MA_PRESMA_MESIAL_SFG_RIGHT,NGIQ-BR-00000002,SFG_R_7_1,724.92757703,0.46408302,0.09040156,0.45243292,0.34333608,NGIQ-BR-00000028,0.35393956,NGIQ-BR-00000026,0.11014346,1.3112,2.9244,NGIQ-BR-00000002,SFG_R_7_1,0.54256143,NGIQ-BR-00000028,0.33350416,NGIQ-BR-00000190,0.0108358,0.20905727,1.6269,0.88807468,0.11192532,2.0796,TRUE,MULTI_TARGET_CONCENTRATED,one_to_one,G4_G3_OVERLAP_INTERPRETATION_V1,,
41,AREA_6MP_SMA_MESIAL_SFG_LEFT.nii.gz,JULICH_BRAIN_CYTOARCHITECTONIC_ATLAS_V3_1_AREA_6MP_SMA_MESIAL_SFG,"Area 6mp (SMA, mesial SFG) left",left,ONE_TO_ONE_CANONICAL,1,JULICH_BRAIN_CYTOARCHITECTONIC_ATLAS_V3_1_AREA_6MP_SMA_MESIAL_SFG_LEFT,NGIQ-BR-00000027,SFG_L_7_5,731.50185748,0.74409859,0.10337795,0.52319477,0.28829998,NGIQ-BR-00000083,0.16641908,NGIQ-BR-00000001,0.57767951,4.4712,2.3429,NGIQ-BR-00000027,SFG_L_7_5,0.76339055,NGIQ-BR-00000083,0.12016508,NGIQ-BR-00000191,0.02052551,0.64322547,6.3528,0.90779036,0.09220964,1.6895,TRUE,SINGLE_TARGET_CONCENTRATED,one_to_one,G4_G3_OVERLAP_INTERPRETATION_V1,,
42,AREA_6MP_SMA_MESIAL_SFG_RIGHT.nii.gz,JULICH_BRAIN_CYTOARCHITECTONIC_ATLAS_V3_1_AREA_6MP_SMA_MESIAL_SFG,"Area 6mp (SMA, mesial SFG) right",right,ONE_TO_ONE_CANONICAL,1,JULICH_BRAIN_CYTOARCHITECTONIC_ATLAS_V3_1_AREA_6MP_SMA_MESIAL_SFG_RIGHT,NGIQ-BR-00000028,SFG_R_7_5,656.69532594,0.53337979,0.09625609,0.4332707,0.27830023,NGIQ-BR-00000084,0.30362737,NGIQ-BR-00000002,0.22975242,1.7567,3.545,NGIQ-BR-00000028,SFG_R_7_5,0.54395447,NGIQ-BR-00000084,0.31295808,NGIQ-BR-00000192,0.04243097,0.23099639,1.7381,0.90164734,0.09835266,2.2997,TRUE,MULTI_TARGET_CONCENTRATED,one_to_one,G4_G3_OVERLAP_INTERPRETATION_V1,,
43,AREA_6R1_PRECG_LEFT.nii.gz,JULICH_BRAIN_CYTOARCHITECTONIC_ATLAS_V3_1_AREA_6R1_PRECG,Area 6r1 (PreCG) left,left,ONE_TO_ONE_CANONICAL,1,JULICH_BRAIN_CYTOARCHITECTONIC_ATLAS_V3_1_AREA_6R1_PRECG_LEFT,NGIQ-BR-00000079,PrG_L_6_6,368.32584872,0.30411039,0.06550084,0.29011911,0.17963554,NGIQ-BR-00000077,0.1575352,NGIQ-BR-00000003,0.14657519,1.9304,7.1054,NGIQ-BR-00000079,PrG_L_6_6,0.42784395,NGIQ-BR-00000055,0.16837433,NGIQ-BR-00000077,0.1588365,0.25946962,2.541,0.90838918,0.09161082,3.8814,TRUE,DIFFUSE_ASSOCIATION,one_to_one,G4_G3_OVERLAP_INTERPRETATION_V1,,
44,AREA_6R1_PRECG_RIGHT.nii.gz,JULICH_BRAIN_CYTOARCHITECTONIC_ATLAS_V3_1_AREA_6R1_PRECG,Area 6r1 (PreCG) right,right,ONE_TO_ONE_CANONICAL,1,JULICH_BRAIN_CYTOARCHITECTONIC_ATLAS_V3_1_AREA_6R1_PRECG_RIGHT,NGIQ-BR-00000080,PrG_R_6_6,506.87459188,0.2914833,0.10269721,0.33035811,0.27524746,NGIQ-BR-00000078,0.22855051,NGIQ-BR-00000056,0.06293279,1.2754,6.7883,NGIQ-BR-00000080,PrG_R_6_6,0.39763374,NGIQ-BR-00000078,0.22446977,NGIQ-BR-00000056,0.18217314,0.17316398,1.7714,0.95865976,0.04134024,4.0444,TRUE,DIFFUSE_ASSOCIATION,one_to_one,G4_G3_OVERLAP_INTERPRETATION_V1,,
45,AREA_6V1_PRECG_LEFT.nii.gz,JULICH_BRAIN_CYTOARCHITECTONIC_ATLAS_V3_1_AREA_6V1_PRECG,Area 6v1 (PreCG) left,left,ONE_TO_ONE_CANONICAL,1,JULICH_BRAIN_CYTOARCHITECTONIC_ATLAS_V3_1_AREA_6V1_PRECG_LEFT,NGIQ-BR-00000043,MFG_L_7_6,984.15999815,0.38128372,0.15877143,0.53206886,0.48847677,NGIQ-BR-00000071,0.28446817,NGIQ-BR-00000035,0.09681556,1.3403,5.9787,NGIQ-BR-00000043,MFG_L_7_6,0.48963054,NGIQ-BR-00000071,0.37949438,NGIQ-BR-00000069,0.03630384,0.11013616,1.2902,0.95085973,0.04914027,2.8321,TRUE,MULTI_TARGET_CONCENTRATED,one_to_one,G4_G3_OVERLAP_INTERPRETATION_V1,,
46,AREA_6V1_PRECG_RIGHT.nii.gz,JULICH_BRAIN_CYTOARCHITECTONIC_ATLAS_V3_1_AREA_6V1_PRECG,Area 6v1 (PreCG) right,right,ONE_TO_ONE_CANONICAL,1,JULICH_BRAIN_CYTOARCHITECTONIC_ATLAS_V3_1_AREA_6V1_PRECG_RIGHT,NGIQ-BR-00000044,MFG_R_7_6,1027.27247397,0.37663396,0.17347246,0.55337134,0.49893917,NGIQ-BR-00000072,0.19404913,NGIQ-BR-00000036,0.18258483,1.9409,6.7293,NGIQ-BR-00000072,PrG_R_6_2,0.36741086,NGIQ-BR-00000044,0.36382204,NGIQ-BR-00000036,0.07053452,0.00358882,1.0099,0.89480519,0.10519481,3.5677,FALSE,PROBABILITY_HARDLABEL_DISAGREEMENT,PP_HARDLABEL_TOP1_DISAGREE|one_to_one,G4_G3_OVERLAP_INTERPRETATION_V1,,
47,AREA_6V2_PRECG_LEFT.nii.gz,JULICH_BRAIN_CYTOARCHITECTONIC_ATLAS_V3_1_AREA_6V2_PRECG,Area 6v2 (PreCG) left,left,ONE_TO_ONE_CANONICAL,1,JULICH_BRAIN_CYTOARCHITECTONIC_ATLAS_V3_1_AREA_6V2_PRECG_LEFT,NGIQ-BR-00000079,PrG_L_6_6,921.3109835,0.38501909,0.16384038,0.45327575,0.38475245,NGIQ-BR-00000035,0.31628536,NGIQ-BR-00000071,0.06873373,1.2173,4.9939,NGIQ-BR-00000079,PrG_L_6_6,0.47136147,NGIQ-BR-00000035,0.28807201,NGIQ-BR-00000071,0.08218597,0.18328946,1.6363,0.92020914,0.07979086,3.3305,TRUE,MULTI_TARGET_CONCENTRATED,one_to_one,G4_G3_OVERLAP_INTERPRETATION_V1,,
48,AREA_6V2_PRECG_RIGHT.nii.gz,JULICH_BRAIN_CYTOARCHITECTONIC_ATLAS_V3_1_AREA_6V2_PRECG,Area 6v2 (PreCG) right,right,ONE_TO_ONE_CANONICAL,1,JULICH_BRAIN_CYTOARCHITECTONIC_ATLAS_V3_1_AREA_6V2_PRECG_RIGHT,NGIQ-BR-00000036,MFG_R_7_2,1355.88545816,0.31153357,0.20376094,0.54210214,0.50523856,NGIQ-BR-00000080,0.28428667,NGIQ-BR-00000044,0.0272469,1.0958,5.7783,NGIQ-BR-00000080,PrG_R_6_6,0.39825486,NGIQ-BR-00000036,0.29576176,NGIQ-BR-00000072,0.04536571,0.10249311,1.3465,0.84735569,0.15264431,3.6882,FALSE,PROBABILITY_HARDLABEL_DISAGREEMENT,PP_HARDLABEL_TOP1_DISAGREE|one_to_one,G4_G3_OVERLAP_INTERPRETATION_V1,,
49,AREA_6V3_PRECG_LEFT.nii.gz,JULICH_BRAIN_CYTOARCHITECTONIC_ATLAS_V3_1_AREA_6V3_PRECG,Area 6v3 (PreCG) left,left,ONE_TO_ONE_CANONICAL,1,JULICH_BRAIN_CYTOARCHITECTONIC_ATLAS_V3_1_AREA_6V3_PRECG_LEFT,NGIQ-BR-00000079,PrG_L_6_6,1315.77251067,0.44572155,0.23398903,0.66540473,0.55650683,NGIQ-BR-00000069,0.19532931,NGIQ-BR-00000003,0.25039223,2.2819,5.3974,NGIQ-BR-00000079,PrG_L_6_6,0.53867166,NGIQ-BR-00000069,0.22198394,NGIQ-BR-00000003,0.04936412,0.31668772,2.4266,0.86690081,0.13309919,2.8784,TRUE,MULTI_TARGET_CONCENTRATED,one_to_one,G4_G3_OVERLAP_INTERPRETATION_V1,,
50,AREA_6V3_PRECG_RIGHT.nii.gz,JULICH_BRAIN_CYTOARCHITECTONIC_ATLAS_V3_1_AREA_6V3_PRECG,Area 6v3 (PreCG) right,right,ONE_TO_ONE_CANONICAL,1,JULICH_BRAIN_CYTOARCHITECTONIC_ATLAS_V3_1_AREA_6V3_PRECG_RIGHT,NGIQ-BR-00000080,PrG_R_6_6,936.38092116,0.35026664,0.18971894,0.62285176,0.51306,NGIQ-BR-00000070,0.1824406,NGIQ-BR-00000036,0.16782604,1.9199,6.8952,NGIQ-BR-00000080,PrG_R_6_6,0.45540849,NGIQ-BR-00000070,0.21921273,NGIQ-BR-00000036,0.07758678,0.23619576,2.0775,0.85904877,0.14095123,3.6762,TRUE,MULTI_TARGET_CONCENTRATED,one_to_one,G4_G3_OVERLAP_INTERPRETATION_V1,,
51,AREA_7A_SPL_LEFT.nii.gz,JULICH_BRAIN_CYTOARCHITECTONIC_ATLAS_V3_1_AREA_7A_SPL,Area 7A (SPL) left,left,ONE_TO_ONE_CANONICAL,1,JULICH_BRAIN_CYTOARCHITECTONIC_ATLAS_V3_1_AREA_7A_SPL_LEFT,NGIQ-BR-00000009,SPL_L_5_1,1445.96617687,0.26000191,0.32610557,0.72159347,0.71927332,NGIQ-BR-00000143,0.18555557,NGIQ-BR-00000137,0.07444634,1.4012,7.8857,NGIQ-BR-00000009,SPL_L_5_1,0.25490857,NGIQ-BR-00000143,0.21172159,NGIQ-BR-00000141,0.11839811,0.04318698,1.204,0.93988746,0.06011254,6.8499,TRUE,DIFFUSE_ASSOCIATION,one_to_one,G4_G3_OVERLAP_INTERPRETATION_V1,,
52,AREA_7A_SPL_RIGHT.nii.gz,JULICH_BRAIN_CYTOARCHITECTONIC_ATLAS_V3_1_AREA_7A_SPL,Area 7A (SPL) right,right,ONE_TO_ONE_CANONICAL,1,JULICH_BRAIN_CYTOARCHITECTONIC_ATLAS_V3_1_AREA_7A_SPL_RIGHT,NGIQ-BR-00000010,SPL_R_5_1,1596.32773172,0.35098023,0.31228795,0.79573094,0.78808631,NGIQ-BR-00000144,0.15799799,NGIQ-BR-00000142,0.19298224,2.2214,7.0366,NGIQ-BR-00000010,SPL_R_5_1,0.42759607,NGIQ-BR-00000144,0.16211633,NGIQ-BR-00000156,0.11637355,0.26547974,2.6376,0.93749026,0.06250974,5.379,TRUE,DIFFUSE_ASSOCIATION,one_to_one,G4_G3_OVERLAP_INTERPRETATION_V1,,
53,AREA_7M_SPL_LEFT.nii.gz,JULICH_BRAIN_CYTOARCHITECTONIC_ATLAS_V3_1_AREA_7M_SPL,Area 7M (SPL) left,left,ONE_TO_ONE_CANONICAL,1,JULICH_BRAIN_CYTOARCHITECTONIC_ATLAS_V3_1_AREA_7M_SPL_LEFT,NGIQ-BR-00000159,PCun_L_4_3,110.75575598,0.26804411,0.01300376,0.13062119,0.03390785,NGIQ-BR-00000155,0.26562993,NGIQ-BR-00000201,0.00241418,1.0091,6.8496,NGIQ-BR-00000159,PCun_L_4_3,0.33336128,NGIQ-BR-00000201,0.23638673,NGIQ-BR-00000155,0.23311425,0.09697455,1.4102,0.99780989,0.00219011,4.838,TRUE,DIFFUSE_ASSOCIATION,one_to_one,G4_G3_OVERLAP_INTERPRETATION_V1,,
54,AREA_7M_SPL_RIGHT.nii.gz,JULICH_BRAIN_CYTOARCHITECTONIC_ATLAS_V3_1_AREA_7M_SPL,Area 7M (SPL) right,right,ONE_TO_ONE_CANONICAL,1,JULICH_BRAIN_CYTOARCHITECTONIC_ATLAS_V3_1_AREA_7M_SPL_RIGHT,NGIQ-BR-00000156,PCun_R_4_1,102.23490336,0.35734371,0.02046701,0.24566784,0.09789608,NGIQ-BR-00000160,0.30476821,NGIQ-BR-00000162,0.05257551,1.1725,5.2675,NGIQ-BR-00000156,PCun_R_4_1,0.34104241,NGIQ-BR-00000160,0.2193612,NGIQ-BR-00000162,0.17228373,0.12168121,1.5547,0.98790121,0.01209879,4.8783,TRUE,DIFFUSE_ASSOCIATION,one_to_one,G4_G3_OVERLAP_INTERPRETATION_V1,,
55,AREA_7PC_SPL_LEFT.nii.gz,JULICH_BRAIN_CYTOARCHITECTONIC_ATLAS_V3_1_AREA_7PC_SPL,Area 7PC (SPL) left,left,ONE_TO_ONE_CANONICAL,1,JULICH_BRAIN_CYTOARCHITECTONIC_ATLAS_V3_1_AREA_7PC_SPL_LEFT,NGIQ-BR-00000139,SPL_L_5_3,577.30228038,0.37203811,0.10473318,0.53984285,0.35026638,NGIQ-BR-00000141,0.21367387,NGIQ-BR-00000143,0.15836424,1.7411,6.1815,NGIQ-BR-00000139,SPL_L_5_3,0.44471357,NGIQ-BR-00000141,0.22269159,NGIQ-BR-00000167,0.09236013,0.22202198,1.997,0.92897605,0.07102395,4.4494,TRUE,MULTI_TARGET_CONCENTRATED,one_to_one,G4_G3_OVERLAP_INTERPRETATION_V1,,
56,AREA_7PC_SPL_RIGHT.nii.gz,JULICH_BRAIN_CYTOARCHITECTONIC_ATLAS_V3_1_AREA_7PC_SPL,Area 7PC (SPL) right,right,ONE_TO_ONE_CANONICAL,1,JULICH_BRAIN_CYTOARCHITECTONIC_ATLAS_V3_1_AREA_7PC_SPL_RIGHT,NGIQ-BR-00000142,SPL_R_5_4,967.94998741,0.34259185,0.2074118,0.62197969,0.57597109,NGIQ-BR-00000140,0.28158249,NGIQ-BR-00000010,0.06100935,1.2167,5.2296,NGIQ-BR-00000142,SPL_R_5_4,0.43546956,NGIQ-BR-00000140,0.24364437,NGIQ-BR-00000148,0.07991922,0.1918252,1.7873,0.88444451,0.11555549,3.8607,TRUE,MULTI_TARGET_CONCENTRATED,one_to_one,G4_G3_OVERLAP_INTERPRETATION_V1,,
57,AREA_7P_SPL_LEFT.nii.gz,JULICH_BRAIN_CYTOARCHITECTONIC_ATLAS_V3_1_AREA_7P_SPL,Area 7P (SPL) left,left,ONE_TO_ONE_CANONICAL,1,JULICH_BRAIN_CYTOARCHITECTONIC_ATLAS_V3_1_AREA_7P_SPL_LEFT,NGIQ-BR-00000155,PCun_L_4_1,469.08894825,0.26507738,0.09493288,0.42084247,0.31843662,NGIQ-BR-00000137,0.26450375,NGIQ-BR-00000009,0.00057363,1.0022,7.2511,NGIQ-BR-00000137,SPL_L_5_2,0.36567568,NGIQ-BR-00000155,0.31895616,NGIQ-BR-00000009,0.11460917,0.04671952,1.1465,0.94806151,0.05193849,4.4137,FALSE,PROBABILITY_HARDLABEL_DISAGREEMENT,PP_HARDLABEL_TOP1_DISAGREE|one_to_one,G4_G3_OVERLAP_INTERPRETATION_V1,,
58,AREA_7P_SPL_RIGHT.nii.gz,JULICH_BRAIN_CYTOARCHITECTONIC_ATLAS_V3_1_AREA_7P_SPL,Area 7P (SPL) right,right,ONE_TO_ONE_CANONICAL,1,JULICH_BRAIN_CYTOARCHITECTONIC_ATLAS_V3_1_AREA_7P_SPL_RIGHT,NGIQ-BR-00000138,SPL_R_5_2,949.94855082,0.39539669,0.20766256,0.73629142,0.71025824,NGIQ-BR-00000010,0.19081998,NGIQ-BR-00000156,0.20457671,2.0721,6.0359,NGIQ-BR-00000138,SPL_R_5_2,0.57236045,NGIQ-BR-00000010,0.15119783,NGIQ-BR-00000156,0.11869497,0.42116262,3.7855,0.93911182,0.06088818,3.4273,TRUE,DIFFUSE_ASSOCIATION,one_to_one,G4_G3_OVERLAP_INTERPRETATION_V1,,
59,AREA_8D1_SFG_LEFT.nii.gz,JULICH_BRAIN_CYTOARCHITECTONIC_ATLAS_V3_1_AREA_8D1_SFG,Area 8d1 (SFG) left,left,ONE_TO_ONE_CANONICAL,1,JULICH_BRAIN_CYTOARCHITECTONIC_ATLAS_V3_1_AREA_8D1_SFG_LEFT,NGIQ-BR-00000021,SFG_L_7_2,634.73354049,0.47311355,0.0820362,0.43013629,0.27646497,NGIQ-BR-00000023,0.29746359,NGIQ-BR-00000001,0.17564996,1.5905,3.4803,NGIQ-BR-00000021,SFG_L_7_2,0.66113911,NGIQ-BR-00000023,0.27183469,NGIQ-BR-00000001,0.03899017,0.38930442,2.4321,0.97639328,0.02360672,2.1667,TRUE,MULTI_TARGET_CONCENTRATED,one_to_one,G4_G3_OVERLAP_INTERPRETATION_V1,,
60,AREA_8D1_SFG_RIGHT.nii.gz,JULICH_BRAIN_CYTOARCHITECTONIC_ATLAS_V3_1_AREA_8D1_SFG,Area 8d1 (SFG) right,right,ONE_TO_ONE_CANONICAL,1,JULICH_BRAIN_CYTOARCHITECTONIC_ATLAS_V3_1_AREA_8D1_SFG_RIGHT,NGIQ-BR-00000022,SFG_R_7_2,496.09558132,0.34634593,0.06947144,0.34071372,0.2327413,NGIQ-BR-00000024,0.24121005,NGIQ-BR-00000002,0.10513587,1.4359,4.659,NGIQ-BR-00000022,SFG_R_7_2,0.45698876,NGIQ-BR-00000024,0.24420061,NGIQ-BR-00000002,0.22927971,0.21278816,1.8714,0.97583301,0.02416699,3.3216,TRUE,MULTI_TARGET_CONCENTRATED,one_to_one,G4_G3_OVERLAP_INTERPRETATION_V1,,
61,AREA_8D2_SFG_LEFT.nii.gz,JULICH_BRAIN_CYTOARCHITECTONIC_ATLAS_V3_1_AREA_8D2_SFG,Area 8d2 (SFG) left,left,ONE_TO_ONE_CANONICAL,1,JULICH_BRAIN_CYTOARCHITECTONIC_ATLAS_V3_1_AREA_8D2_SFG_LEFT,NGIQ-BR-00000021,SFG_L_7_2,854.04944444,0.48361674,0.11038171,0.47647895,0.35239688,NGIQ-BR-00000041,0.21036889,NGIQ-BR-00000023,0.27324785,2.2989,4.7291,NGIQ-BR-00000021,SFG_L_7_2,0.60810518,NGIQ-BR-00000041,0.28972519,NGIQ-BR-00000033,0.01108408,0.31837999,2.0989,0.91984566,0.08015434,2.1031,TRUE,MULTI_TARGET_CONCENTRATED,one_to_one,G4_G3_OVERLAP_INTERPRETATION_V1,,
62,AREA_8D2_SFG_RIGHT.nii.gz,JULICH_BRAIN_CYTOARCHITECTONIC_ATLAS_V3_1_AREA_8D2_SFG,Area 8d2 (SFG) right,right,ONE_TO_ONE_CANONICAL,1,JULICH_BRAIN_CYTOARCHITECTONIC_ATLAS_V3_1_AREA_8D2_SFG_RIGHT,NGIQ-BR-00000022,SFG_R_7_2,660.50114593,0.54562311,0.0924942,0.50570956,0.31825561,NGIQ-BR-00000024,0.14090742,NGIQ-BR-00000034,0.40471569,3.8722,3.7628,NGIQ-BR-00000022,SFG_R_7_2,0.63090975,NGIQ-BR-00000034,0.18603654,NGIQ-BR-00000024,0.02910392,0.4448732,3.3913,0.84632045,0.15367955,1.9552,TRUE,DIFFUSE_ASSOCIATION,one_to_one,G4_G3_OVERLAP_INTERPRETATION_V1,,
63,AREA_8V1_MFG_LEFT.nii.gz,JULICH_BRAIN_CYTOARCHITECTONIC_ATLAS_V3_1_AREA_8V1_MFG,Area 8v1 (MFG) left,left,ONE_TO_ONE_CANONICAL,1,JULICH_BRAIN_CYTOARCHITECTONIC_ATLAS_V3_1_AREA_8V1_MFG_LEFT,NGIQ-BR-00000041,MFG_L_7_5,1165.05910358,0.43363409,0.16476855,0.72159761,0.63049111,NGIQ-BR-00000043,0.15147544,NGIQ-BR-00000033,0.28215866,2.8627,5.7028,NGIQ-BR-00000041,MFG_L_7_5,0.64313614,NGIQ-BR-00000033,0.08400844,NGIQ-BR-00000021,0.0820282,0.5591277,7.6556,0.95451121,0.04548879,2.965,TRUE,DIFFUSE_ASSOCIATION,one_to_one,G4_G3_OVERLAP_INTERPRETATION_V1,,
64,AREA_8V1_MFG_RIGHT.nii.gz,JULICH_BRAIN_CYTOARCHITECTONIC_ATLAS_V3_1_AREA_8V1_MFG,Area 8v1 (MFG) right,right,ONE_TO_ONE_CANONICAL,1,JULICH_BRAIN_CYTOARCHITECTONIC_ATLAS_V3_1_AREA_8V1_MFG_RIGHT,NGIQ-BR-00000042,MFG_R_7_5,597.66392842,0.26057274,0.07605748,0.40314128,0.34450461,NGIQ-BR-00000034,0.23573812,NGIQ-BR-00000022,0.02483462,1.1053,6.0781,NGIQ-BR-00000042,MFG_R_7_5,0.30230103,NGIQ-BR-00000034,0.26601713,NGIQ-BR-00000022,0.203938,0.0362839,1.1364,0.97216556,0.02783444,4.4674,TRUE,DIFFUSE_ASSOCIATION,one_to_one,G4_G3_OVERLAP_INTERPRETATION_V1,,
65,AREA_8V2_MFG_LEFT.nii.gz,JULICH_BRAIN_CYTOARCHITECTONIC_ATLAS_V3_1_AREA_8V2_MFG,Area 8v2 (MFG) left,left,ONE_TO_ONE_CANONICAL,1,JULICH_BRAIN_CYTOARCHITECTONIC_ATLAS_V3_1_AREA_8V2_MFG_LEFT,NGIQ-BR-00000041,MFG_L_7_5,630.17381159,0.37518265,0.08912237,0.42798001,0.35643408,NGIQ-BR-00000033,0.26221736,NGIQ-BR-00000039,0.11296529,1.4308,4.6839,NGIQ-BR-00000041,MFG_L_7_5,0.58679276,NGIQ-BR-00000033,0.30545561,NGIQ-BR-00000035,0.02817978,0.28133715,1.921,0.92567043,0.07432957,2.2071,TRUE,MULTI_TARGET_CONCENTRATED,one_to_one,G4_G3_OVERLAP_INTERPRETATION_V1,,
66,AREA_8V2_MFG_RIGHT.nii.gz,JULICH_BRAIN_CYTOARCHITECTONIC_ATLAS_V3_1_AREA_8V2_MFG,Area 8v2 (MFG) right,right,ONE_TO_ONE_CANONICAL,1,JULICH_BRAIN_CYTOARCHITECTONIC_ATLAS_V3_1_AREA_8V2_MFG_RIGHT,NGIQ-BR-00000034,MFG_R_7_1,366.87544342,0.38350755,0.03977345,0.30573293,0.16801567,NGIQ-BR-00000042,0.34620391,NGIQ-BR-00000044,0.03730364,1.1078,3.7629,NGIQ-BR-00000042,MFG_R_7_5,0.49959558,NGIQ-BR-00000034,0.38816034,NGIQ-BR-00000022,0.00578104,0.11143524,1.2871,0.89456441,0.10543559,2.0722,FALSE,PROBABILITY_HARDLABEL_DISAGREEMENT,PP_HARDLABEL_TOP1_DISAGREE|one_to_one,G4_G3_OVERLAP_INTERPRETATION_V1,,
67,AREA_COS1_COS_LEFT.nii.gz,JULICH_BRAIN_CYTOARCHITECTONIC_ATLAS_V3_1_AREA_COS1_COS,Area CoS1 (CoS) left,left,ONE_TO_ONE_CANONICAL,1,JULICH_BRAIN_CYTOARCHITECTONIC_ATLAS_V3_1_AREA_COS1_COS_LEFT,NGIQ-BR-00000115,FuG_L_3_1,262.90876066,0.46948526,0.02852156,0.24028725,0.08978977,NGIQ-BR-00000119,0.21740572,NGIQ-BR-00000117,0.25207954,2.1595,5.1377,NGIQ-BR-00000115,FuG_L_3_1,0.50978445,NGIQ-BR-00000119,0.21313898,NGIQ-BR-00000219,0.0718149,0.29664548,2.3918,0.87325495,0.12674505,3.1392,TRUE,MULTI_TARGET_CONCENTRATED,one_to_one,G4_G3_OVERLAP_INTERPRETATION_V1,,
68,AREA_COS1_COS_RIGHT.nii.gz,JULICH_BRAIN_CYTOARCHITECTONIC_ATLAS_V3_1_AREA_COS1_COS,Area CoS1 (CoS) right,right,ONE_TO_ONE_CANONICAL,1,JULICH_BRAIN_CYTOARCHITECTONIC_ATLAS_V3_1_AREA_COS1_COS_RIGHT,NGIQ-BR-00000116,FuG_R_3_1,227.13554056,0.39398167,0.02600561,0.21267921,0.08373433,NGIQ-BR-00000120,0.15339182,NGIQ-BR-00000126,0.24058985,2.5685,4.9534,NGIQ-BR-00000116,FuG_R_3_1,0.41253465,NGIQ-BR-00000126,0.21228892,NGIQ-BR-00000120,0.15870314,0.20024573,1.9433,0.82974602,0.17025398,3.3634,TRUE,MULTI_TARGET_CONCENTRATED,one_to_one,G4_G3_OVERLAP_INTERPRETATION_V1,,
69,AREA_EC_HIPPOCAMPAL_REGION_ENTORHINAL_CORTEX_LEFT.nii.gz,JULICH_BRAIN_CYTOARCHITECTONIC_ATLAS_V3_1_AREA_EC_HIPPOCAMPAL_REGION_ENTORHINAL_CORTEX,"Area EC (Hippocampal Region, Entorhinal Cortex) left",left,ONE_TO_ONE_CANONICAL,1,JULICH_BRAIN_CYTOARCHITECTONIC_ATLAS_V3_1_AREA_EC_HIPPOCAMPAL_REGION_ENTORHINAL_CORTEX_LEFT,NGIQ-BR-00000121,PhG_L_6_1,486.54833699,0.19625711,0.33467293,0.69541285,0.63832425,NGIQ-BR-00000115,0.17204807,NGIQ-BR-00000129,0.02420904,1.1407,9.701,NGIQ-BR-00000121,PhG_L_6_1,0.24699715,NGIQ-BR-00000115,0.19000583,NGIQ-BR-00000127,0.16411374,0.05699132,1.2999,0.96828721,0.03171279,6.9977,TRUE,DIFFUSE_ASSOCIATION,one_to_one,G4_G3_OVERLAP_INTERPRETATION_V1,,
70,AREA_EC_HIPPOCAMPAL_REGION_ENTORHINAL_CORTEX_RIGHT.nii.gz,JULICH_BRAIN_CYTOARCHITECTONIC_ATLAS_V3_1_AREA_EC_HIPPOCAMPAL_REGION_ENTORHINAL_CORTEX,"Area EC (Hippocampal Region, Entorhinal Cortex) right",right,ONE_TO_ONE_CANONICAL,1,JULICH_BRAIN_CYTOARCHITECTONIC_ATLAS_V3_1_AREA_EC_HIPPOCAMPAL_REGION_ENTORHINAL_CORTEX_RIGHT,NGIQ-BR-00000122,PhG_R_6_1,542.82247746,0.19496701,0.41912687,0.67310122,0.58951935,NGIQ-BR-00000130,0.18328994,NGIQ-BR-00000116,0.01167707,1.0637,9.4786,NGIQ-BR-00000122,PhG_R_6_1,0.22129774,NGIQ-BR-00000116,0.17276335,NGIQ-BR-00000130,0.17189676,0.0485344,1.2809,0.97200332,0.02799668,7.2902,TRUE,DIFFUSE_ASSOCIATION,one_to_one,G4_G3_OVERLAP_INTERPRETATION_V1,,
71,AREA_FG1_FUSG_LEFT.nii.gz,JULICH_BRAIN_CYTOARCHITECTONIC_ATLAS_V3_1_AREA_FG1_FUSG,Area FG1 (FusG) left,left,ONE_TO_ONE_CANONICAL,1,JULICH_BRAIN_CYTOARCHITECTONIC_ATLAS_V3_1_AREA_FG1_FUSG_LEFT,NGIQ-BR-00000117,FuG_L_3_2,856.3984657,0.63307075,0.11190616,0.62331604,0.37807735,NGIQ-BR-00000119,0.11115985,NGIQ-BR-00000115,0.5219109,5.6951,3.2979,NGIQ-BR-00000117,FuG_L_3_2,0.78405059,NGIQ-BR-00000199,0.09559461,NGIQ-BR-00000119,0.03363966,0.68845598,8.2018,0.93097007,0.06902993,1.7992,TRUE,SINGLE_TARGET_CONCENTRATED,one_to_one,G4_G3_OVERLAP_INTERPRETATION_V1,,
72,AREA_FG1_FUSG_RIGHT.nii.gz,JULICH_BRAIN_CYTOARCHITECTONIC_ATLAS_V3_1_AREA_FG1_FUSG,Area FG1 (FusG) right,right,ONE_TO_ONE_CANONICAL,1,JULICH_BRAIN_CYTOARCHITECTONIC_ATLAS_V3_1_AREA_FG1_FUSG_RIGHT,NGIQ-BR-00000118,FuG_R_3_2,835.95376017,0.53112525,0.11421648,0.55739551,0.37319816,NGIQ-BR-00000120,0.21900949,NGIQ-BR-00000210,0.31211576,2.4251,3.9093,NGIQ-BR-00000118,FuG_R_3_2,0.60380395,NGIQ-BR-00000120,0.15378809,NGIQ-BR-00000210,0.0859162,0.45001585,3.9262,0.91425456,0.08574544,2.8271,TRUE,DIFFUSE_ASSOCIATION,one_to_one,G4_G3_OVERLAP_INTERPRETATION_V1,,
73,AREA_FG2_FUSG_LEFT.nii.gz,JULICH_BRAIN_CYTOARCHITECTONIC_ATLAS_V3_1_AREA_FG2_FUSG,Area FG2 (FusG) left,left,ONE_TO_ONE_CANONICAL,1,JULICH_BRAIN_CYTOARCHITECTONIC_ATLAS_V3_1_AREA_FG2_FUSG_LEFT,NGIQ-BR-00000119,FuG_L_3_3,936.25632079,0.40847432,0.13372096,0.54044091,0.43433291,NGIQ-BR-00000117,0.3639555,NGIQ-BR-00000103,0.04451882,1.1223,4.8937,NGIQ-BR-00000119,FuG_L_3_3,0.46557825,NGIQ-BR-00000117,0.35502567,NGIQ-BR-00000209,0.06518693,0.11055257,1.3114,0.96624795,0.03375205,3.239,TRUE,MULTI_TARGET_CONCENTRATED,one_to_one,G4_G3_OVERLAP_INTERPRETATION_V1,,
74,AREA_FG2_FUSG_RIGHT.nii.gz,JULICH_BRAIN_CYTOARCHITECTONIC_ATLAS_V3_1_AREA_FG2_FUSG,Area FG2 (FusG) right,right,ONE_TO_ONE_CANONICAL,1,JULICH_BRAIN_CYTOARCHITECTONIC_ATLAS_V3_1_AREA_FG2_FUSG_RIGHT,NGIQ-BR-00000120,FuG_R_3_3,645.15598462,0.37115701,0.09268775,0.45951879,0.32832631,NGIQ-BR-00000118,0.25092584,NGIQ-BR-00000206,0.12023118,1.4792,6.3959,NGIQ-BR-00000120,FuG_R_3_3,0.44349752,NGIQ-BR-00000206,0.19595336,NGIQ-BR-00000118,0.17242653,0.24754416,2.2633,0.98636075,0.01363925,4.3873,TRUE,DIFFUSE_ASSOCIATION,one_to_one,G4_G3_OVERLAP_INTERPRETATION_V1,,
75,AREA_FG3_FUSG_LEFT.nii.gz,JULICH_BRAIN_CYTOARCHITECTONIC_ATLAS_V3_1_AREA_FG3_FUSG,Area FG3 (FusG) left,left,ONE_TO_ONE_CANONICAL,1,JULICH_BRAIN_CYTOARCHITECTONIC_ATLAS_V3_1_AREA_FG3_FUSG_LEFT,NGIQ-BR-00000117,FuG_L_3_2,911.90541653,0.32762119,0.11915929,0.42509697,0.35088286,NGIQ-BR-00000115,0.3077994,NGIQ-BR-00000119,0.01982179,1.0644,4.7319,NGIQ-BR-00000117,FuG_L_3_2,0.38218748,NGIQ-BR-00000115,0.19183543,NGIQ-BR-00000119,0.17375461,0.19035205,1.9923,0.88503183,0.11496817,4.05,TRUE,DIFFUSE_ASSOCIATION,one_to_one,G4_G3_OVERLAP_INTERPRETATION_V1,,
76,AREA_FG3_FUSG_RIGHT.nii.gz,JULICH_BRAIN_CYTOARCHITECTONIC_ATLAS_V3_1_AREA_FG3_FUSG,Area FG3 (FusG) right,right,ONE_TO_ONE_CANONICAL,1,JULICH_BRAIN_CYTOARCHITECTONIC_ATLAS_V3_1_AREA_FG3_FUSG_RIGHT,NGIQ-BR-00000118,FuG_R_3_2,701.41966494,0.36708928,0.09583507,0.40109138,0.29929316,NGIQ-BR-00000116,0.24957849,NGIQ-BR-00000120,0.11751079,1.4708,3.9167,NGIQ-BR-00000118,FuG_R_3_2,0.4398395,NGIQ-BR-00000116,0.1631507,NGIQ-BR-00000120,0.12831369,0.2766888,2.6959,0.81910616,0.18089384,3.5894,TRUE,DIFFUSE_ASSOCIATION,one_to_one,G4_G3_OVERLAP_INTERPRETATION_V1,,
77,AREA_FG4_FUSG_LEFT.nii.gz,JULICH_BRAIN_CYTOARCHITECTONIC_ATLAS_V3_1_AREA_FG4_FUSG,Area FG4 (FusG) left,left,ONE_TO_ONE_CANONICAL,1,JULICH_BRAIN_CYTOARCHITECTONIC_ATLAS_V3_1_AREA_FG4_FUSG_LEFT,NGIQ-BR-00000119,FuG_L_3_3,1570.65236437,0.39305414,0.22432867,0.61865882,0.59125267,NGIQ-BR-00000101,0.14197907,NGIQ-BR-00000117,0.25107507,2.7684,6.039,NGIQ-BR-00000119,FuG_L_3_3,0.65590585,NGIQ-BR-00000117,0.07987435,NGIQ-BR-00000101,0.07952163,0.57603149,8.2117,0.95258752,0.04741248,3.0587,TRUE,DIFFUSE_ASSOCIATION,one_to_one,G4_G3_OVERLAP_INTERPRETATION_V1,,
78,AREA_FG4_FUSG_RIGHT.nii.gz,JULICH_BRAIN_CYTOARCHITECTONIC_ATLAS_V3_1_AREA_FG4_FUSG,Area FG4 (FusG) right,right,ONE_TO_ONE_CANONICAL,1,JULICH_BRAIN_CYTOARCHITECTONIC_ATLAS_V3_1_AREA_FG4_FUSG_RIGHT,NGIQ-BR-00000120,FuG_R_3_3,1177.8476102,0.45706085,0.16921807,0.65480193,0.54674552,NGIQ-BR-00000116,0.13080146,NGIQ-BR-00000104,0.32625939,3.4943,5.6776,NGIQ-BR-00000120,FuG_R_3_3,0.66272205,NGIQ-BR-00000114,0.1179975,NGIQ-BR-00000104,0.09988146,0.54472454,5.6164,0.98066376,0.01933624,3.0971,TRUE,DIFFUSE_ASSOCIATION,one_to_one,G4_G3_OVERLAP_INTERPRETATION_V1,,
79,AREA_FG5_FUSG_LEFT.nii.gz,JULICH_BRAIN_CYTOARCHITECTONIC_ATLAS_V3_1_AREA_FG5_FUSG,Area FG5 (FusG) left,left,ONE_TO_ONE_CANONICAL,1,JULICH_BRAIN_CYTOARCHITECTONIC_ATLAS_V3_1_AREA_FG5_FUSG_LEFT,NGIQ-BR-00000115,FuG_L_3_1,429.18683241,0.3833858,0.04656018,0.25942897,0.14005334,NGIQ-BR-00000119,0.24987374,NGIQ-BR-00000101,0.13351206,1.5343,5.8561,NGIQ-BR-00000115,FuG_L_3_1,0.45135716,NGIQ-BR-00000101,0.31900887,NGIQ-BR-00000119,0.19039955,0.13234829,1.4149,0.99003118,0.00996882,3.2593,TRUE,MULTI_TARGET_CONCENTRATED,one_to_one,G4_G3_OVERLAP_INTERPRETATION_V1,,
80,AREA_FG5_FUSG_RIGHT.nii.gz,JULICH_BRAIN_CYTOARCHITECTONIC_ATLAS_V3_1_AREA_FG5_FUSG,Area FG5 (FusG) right,right,ONE_TO_ONE_CANONICAL,1,JULICH_BRAIN_CYTOARCHITECTONIC_ATLAS_V3_1_AREA_FG5_FUSG_RIGHT,NGIQ-BR-00000116,FuG_R_3_1,556.57200094,0.52176997,0.06372405,0.35578509,0.19610974,NGIQ-BR-00000120,0.27880393,NGIQ-BR-00000118,0.24296604,1.8715,4.1445,NGIQ-BR-00000116,FuG_R_3_1,0.84679603,NGIQ-BR-00000124,0.05156382,NGIQ-BR-00000102,0.028023,0.79523221,16.4223,0.9796571,0.0203429,1.8115,TRUE,SINGLE_TARGET_CONCENTRATED,one_to_one,G4_G3_OVERLAP_INTERPRETATION_V1,,
81,AREA_FO1_OFC_LEFT.nii.gz,JULICH_BRAIN_CYTOARCHITECTONIC_ATLAS_V3_1_AREA_FO1_OFC,Area Fo1 (OFC) left,left,ONE_TO_ONE_CANONICAL,1,JULICH_BRAIN_CYTOARCHITECTONIC_ATLAS_V3_1_AREA_FO1_OFC_LEFT,NGIQ-BR-00000063,OrG_L_6_4,670.38273529,0.4671995,0.10868195,0.52445424,0.43400073,NGIQ-BR-00000065,0.20549612,NGIQ-BR-00000061,0.26170338,2.2735,3.5806,NGIQ-BR-00000063,OrG_L_6_4,0.69753683,NGIQ-BR-00000065,0.161351,NGIQ-BR-00000061,0.05430974,0.53618583,4.3231,0.91928625,0.08071375,2.0477,TRUE,DIFFUSE_ASSOCIATION,one_to_one,G4_G3_OVERLAP_INTERPRETATION_V1,,
82,AREA_FO1_OFC_RIGHT.nii.gz,JULICH_BRAIN_CYTOARCHITECTONIC_ATLAS_V3_1_AREA_FO1_OFC,Area Fo1 (OFC) right,right,ONE_TO_ONE_CANONICAL,1,JULICH_BRAIN_CYTOARCHITECTONIC_ATLAS_V3_1_AREA_FO1_OFC_RIGHT,NGIQ-BR-00000066,OrG_R_6_5,659.05157311,0.34233693,0.08412967,0.33094123,0.27283362,NGIQ-BR-00000064,0.32098591,NGIQ-BR-00000062,0.02135103,1.0665,3.3693,NGIQ-BR-00000066,OrG_R_6_5,0.4145345,NGIQ-BR-00000064,0.30086351,NGIQ-BR-00000062,0.19586085,0.11367099,1.3778,0.91192794,0.08807206,2.8866,TRUE,MULTI_TARGET_CONCENTRATED,one_to_one,G4_G3_OVERLAP_INTERPRETATION_V1,,
83,AREA_FO2_OFC_LEFT.nii.gz,JULICH_BRAIN_CYTOARCHITECTONIC_ATLAS_V3_1_AREA_FO2_OFC,Area Fo2 (OFC) left,left,ONE_TO_ONE_CANONICAL,1,JULICH_BRAIN_CYTOARCHITECTONIC_ATLAS_V3_1_AREA_FO2_OFC_LEFT,NGIQ-BR-00000065,OrG_L_6_5,1052.55754871,0.65844168,0.1335745,0.55726727,0.4019846,NGIQ-BR-00000063,0.14270734,NGIQ-BR-00000061,0.51573434,4.6139,2.2186,NGIQ-BR-00000065,OrG_L_6_5,0.81905615,NGIQ-BR-00000063,0.02777381,NGIQ-BR-00000061,0.00461831,0.79128235,29.4902,0.85439618,0.14560382,1.2228,TRUE,SINGLE_TARGET_CONCENTRATED,one_to_one,G4_G3_OVERLAP_INTERPRETATION_V1,,
84,AREA_FO2_OFC_RIGHT.nii.gz,JULICH_BRAIN_CYTOARCHITECTONIC_ATLAS_V3_1_AREA_FO2_OFC,Area Fo2 (OFC) right,right,ONE_TO_ONE_CANONICAL,1,JULICH_BRAIN_CYTOARCHITECTONIC_ATLAS_V3_1_AREA_FO2_OFC_RIGHT,NGIQ-BR-00000066,OrG_R_6_5,1054.3057528,0.67015851,0.13458491,0.60125896,0.45883362,NGIQ-BR-00000062,0.08287104,NGIQ-BR-00000064,0.58728748,8.0868,2.2988,NGIQ-BR-00000066,OrG_R_6_5,0.83293015,NGIQ-BR-00000062,0.03915463,NGIQ-BR-00000225,0.00567401,0.79377551,21.2728,0.8833743,0.1166257,1.2971,TRUE,SINGLE_TARGET_CONCENTRATED,one_to_one,G4_G3_OVERLAP_INTERPRETATION_V1,,
85,AREA_FO3_OFC_LEFT.nii.gz,JULICH_BRAIN_CYTOARCHITECTONIC_ATLAS_V3_1_AREA_FO3_OFC,Area Fo3 (OFC) left,left,ONE_TO_ONE_CANONICAL,1,JULICH_BRAIN_CYTOARCHITECTONIC_ATLAS_V3_1_AREA_FO3_OFC_LEFT,NGIQ-BR-00000061,OrG_L_6_3,2012.83833452,0.59343932,0.26794649,0.78262061,0.70918067,NGIQ-BR-00000059,0.14633557,NGIQ-BR-00000065,0.44710376,4.0553,3.0365,NGIQ-BR-00000061,OrG_L_6_3,0.78954554,NGIQ-BR-00000065,0.07819724,NGIQ-BR-00000059,0.0353408,0.7113483,10.0968,0.92996467,0.07003533,1.8292,TRUE,SINGLE_TARGET_CONCENTRATED,one_to_one,G4_G3_OVERLAP_INTERPRETATION_V1,,
86,AREA_FO3_OFC_RIGHT.nii.gz,JULICH_BRAIN_CYTOARCHITECTONIC_ATLAS_V3_1_AREA_FO3_OFC,Area Fo3 (OFC) right,right,ONE_TO_ONE_CANONICAL,1,JULICH_BRAIN_CYTOARCHITECTONIC_ATLAS_V3_1_AREA_FO3_OFC_RIGHT,NGIQ-BR-00000062,OrG_R_6_3,3001.74990222,0.69123894,0.32822251,0.82240142,0.74930453,NGIQ-BR-00000066,0.13349186,NGIQ-BR-00000060,0.55774708,5.1781,2.4581,NGIQ-BR-00000062,OrG_R_6_3,0.85846788,NGIQ-BR-00000066,0.05147768,NGIQ-BR-00000046,0.01655745,0.8069902,16.6765,0.93779435,0.06220565,1.4597,TRUE,SINGLE_TARGET_CONCENTRATED,one_to_one,G4_G3_OVERLAP_INTERPRETATION_V1,,
87,AREA_FO4_OFC_LEFT.nii.gz,JULICH_BRAIN_CYTOARCHITECTONIC_ATLAS_V3_1_AREA_FO4_OFC,Area Fo4 (OFC) left,left,ONE_TO_ONE_CANONICAL,1,JULICH_BRAIN_CYTOARCHITECTONIC_ATLAS_V3_1_AREA_FO4_OFC_LEFT,NGIQ-BR-00000061,OrG_L_6_3,378.55079077,0.42813374,0.0503922,0.32300891,0.17290435,NGIQ-BR-00000045,0.26449994,NGIQ-BR-00000059,0.1636338,1.6187,4.0337,NGIQ-BR-00000061,OrG_L_6_3,0.57612078,NGIQ-BR-00000045,0.248854,NGIQ-BR-00000059,0.13707709,0.32726677,2.3151,0.9634096,0.0365904,2.5699,TRUE,MULTI_TARGET_CONCENTRATED,one_to_one,G4_G3_OVERLAP_INTERPRETATION_V1,,
88,AREA_FO4_OFC_RIGHT.nii.gz,JULICH_BRAIN_CYTOARCHITECTONIC_ATLAS_V3_1_AREA_FO4_OFC,Area Fo4 (OFC) right,right,ONE_TO_ONE_CANONICAL,1,JULICH_BRAIN_CYTOARCHITECTONIC_ATLAS_V3_1_AREA_FO4_OFC_RIGHT,NGIQ-BR-00000046,MFG_R_7_7,402.73495632,0.36849425,0.04394025,0.25386656,0.12550859,NGIQ-BR-00000062,0.26263371,NGIQ-BR-00000060,0.10586055,1.4031,4.5061,NGIQ-BR-00000046,MFG_R_7_7,0.39585876,NGIQ-BR-00000062,0.30695704,NGIQ-BR-00000060,0.22464326,0.08890172,1.2896,0.92819137,0.07180863,2.9405,TRUE,DIFFUSE_ASSOCIATION,one_to_one,G4_G3_OVERLAP_INTERPRETATION_V1,,
89,AREA_FO5_OFC_LEFT.nii.gz,JULICH_BRAIN_CYTOARCHITECTONIC_ATLAS_V3_1_AREA_FO5_OFC,Area Fo5 (OFC) left,left,ONE_TO_ONE_CANONICAL,1,JULICH_BRAIN_CYTOARCHITECTONIC_ATLAS_V3_1_AREA_FO5_OFC_LEFT,NGIQ-BR-00000045,MFG_L_7_7,298.50309942,0.47353033,0.03675275,0.31566737,0.11909655,NGIQ-BR-00000059,0.15093508,NGIQ-BR-00000067,0.32259525,3.1373,6.0834,NGIQ-BR-00000045,MFG_L_7_7,0.57650447,NGIQ-BR-00000067,0.1977801,NGIQ-BR-00000059,0.09807993,0.37872437,2.9149,0.98427538,0.01572462,3.493,TRUE,DIFFUSE_ASSOCIATION,one_to_one,G4_G3_OVERLAP_INTERPRETATION_V1,,
90,AREA_FO5_OFC_RIGHT.nii.gz,JULICH_BRAIN_CYTOARCHITECTONIC_ATLAS_V3_1_AREA_FO5_OFC,Area Fo5 (OFC) right,right,ONE_TO_ONE_CANONICAL,1,JULICH_BRAIN_CYTOARCHITECTONIC_ATLAS_V3_1_AREA_FO5_OFC_RIGHT,NGIQ-BR-00000046,MFG_R_7_7,374.54908051,0.38121001,0.04086504,0.27885635,0.1189263,NGIQ-BR-00000060,0.15458665,NGIQ-BR-00000040,0.22662336,2.466,6.011,NGIQ-BR-00000046,MFG_R_7_7,0.42509616,NGIQ-BR-00000060,0.19364175,NGIQ-BR-00000040,0.13273913,0.23145441,2.1953,0.98075841,0.01924159,4.5341,TRUE,DIFFUSE_ASSOCIATION,one_to_one,G4_G3_OVERLAP_INTERPRETATION_V1,,
91,AREA_FO6_OFC_LEFT.nii.gz,JULICH_BRAIN_CYTOARCHITECTONIC_ATLAS_V3_1_AREA_FO6_OFC,Area Fo6 (OFC) left,left,ONE_TO_ONE_CANONICAL,1,JULICH_BRAIN_CYTOARCHITECTONIC_ATLAS_V3_1_AREA_FO6_OFC_LEFT,NGIQ-BR-00000067,OrG_L_6_6,480.08494624,0.36839011,0.10586193,0.44235554,0.34441454,NGIQ-BR-00000059,0.35666406,NGIQ-BR-00000045,0.01172606,1.0329,5.5787,NGIQ-BR-00000067,OrG_L_6_6,0.44947099,NGIQ-BR-00000059,0.3767327,NGIQ-BR-00000045,0.07648611,0.0727383,1.1931,0.97851663,0.02148337,3.3049,TRUE,MULTI_TARGET_CONCENTRATED,one_to_one,G4_G3_OVERLAP_INTERPRETATION_V1,,
92,AREA_FO6_OFC_RIGHT.nii.gz,JULICH_BRAIN_CYTOARCHITECTONIC_ATLAS_V3_1_AREA_FO6_OFC,Area Fo6 (OFC) right,right,ONE_TO_ONE_CANONICAL,1,JULICH_BRAIN_CYTOARCHITECTONIC_ATLAS_V3_1_AREA_FO6_OFC_RIGHT,NGIQ-BR-00000060,OrG_R_6_2,623.60647268,0.40153353,0.11094008,0.54806382,0.46515569,NGIQ-BR-00000068,0.36220962,NGIQ-BR-00000052,0.03932392,1.1086,4.627,NGIQ-BR-00000060,OrG_R_6_2,0.45443583,NGIQ-BR-00000068,0.36829911,NGIQ-BR-00000052,0.11594576,0.08613672,1.2339,0.97242631,0.02757369,3.0799,TRUE,MULTI_TARGET_CONCENTRATED,one_to_one,G4_G3_OVERLAP_INTERPRETATION_V1,,
93,AREA_FO7_OFC_LEFT.nii.gz,JULICH_BRAIN_CYTOARCHITECTONIC_ATLAS_V3_1_AREA_FO7_OFC,Area Fo7 (OFC) left,left,ONE_TO_ONE_CANONICAL,1,JULICH_BRAIN_CYTOARCHITECTONIC_ATLAS_V3_1_AREA_FO7_OFC_LEFT,NGIQ-BR-00000059,OrG_L_6_2,493.27564247,0.44321586,0.0811896,0.46493777,0.34656329,NGIQ-BR-00000061,0.24214143,NGIQ-BR-00000067,0.20107443,1.8304,3.3735,NGIQ-BR-00000059,OrG_L_6_2,0.54942072,NGIQ-BR-00000061,0.2112747,NGIQ-BR-00000067,0.08904546,0.33814603,2.6005,0.85630301,0.14369699,2.4758,TRUE,MULTI_TARGET_CONCENTRATED,one_to_one,G4_G3_OVERLAP_INTERPRETATION_V1,,
94,AREA_FO7_OFC_RIGHT.nii.gz,JULICH_BRAIN_CYTOARCHITECTONIC_ATLAS_V3_1_AREA_FO7_OFC,Area Fo7 (OFC) right,right,ONE_TO_ONE_CANONICAL,1,JULICH_BRAIN_CYTOARCHITECTONIC_ATLAS_V3_1_AREA_FO7_OFC_RIGHT,NGIQ-BR-00000060,OrG_R_6_2,450.22779927,0.40570532,0.08009588,0.47812398,0.36275919,NGIQ-BR-00000062,0.30399872,NGIQ-BR-00000068,0.10170661,1.3346,3.3546,NGIQ-BR-00000060,OrG_R_6_2,0.48419655,NGIQ-BR-00000062,0.35539959,NGIQ-BR-00000068,0.02075288,0.12879696,1.3624,0.86434004,0.13565996,2.2453,TRUE,MULTI_TARGET_CONCENTRATED,one_to_one,G4_G3_OVERLAP_INTERPRETATION_V1,,
95,AREA_FP1_FPOLE_LEFT.nii.gz,JULICH_BRAIN_CYTOARCHITECTONIC_ATLAS_V3_1_AREA_FP1_FPOLE,Area Fp1 (FPole) left,left,ONE_TO_ONE_CANONICAL,1,JULICH_BRAIN_CYTOARCHITECTONIC_ATLAS_V3_1_AREA_FP1_FPOLE_LEFT,NGIQ-BR-00000045,MFG_L_7_7,1956.31389417,0.40513104,0.24086822,0.58704362,0.54891046,NGIQ-BR-00000037,0.14367382,NGIQ-BR-00000031,0.26145722,2.8198,6.6096,NGIQ-BR-00000045,MFG_L_7_7,0.45315321,NGIQ-BR-00000031,0.17202184,NGIQ-BR-00000063,0.14537516,0.28113137,2.6343,0.95825744,0.04174256,4.21,TRUE,DIFFUSE_ASSOCIATION,one_to_one,G4_G3_OVERLAP_INTERPRETATION_V1,,
96,AREA_FP1_FPOLE_RIGHT.nii.gz,JULICH_BRAIN_CYTOARCHITECTONIC_ATLAS_V3_1_AREA_FP1_FPOLE,Area Fp1 (FPole) right,right,ONE_TO_ONE_CANONICAL,1,JULICH_BRAIN_CYTOARCHITECTONIC_ATLAS_V3_1_AREA_FP1_FPOLE_RIGHT,NGIQ-BR-00000046,MFG_R_7_7,2444.82299336,0.44777521,0.2667415,0.60612906,0.5613531,NGIQ-BR-00000064,0.16476507,NGIQ-BR-00000038,0.28301015,2.7177,6.123,NGIQ-BR-00000046,MFG_R_7_7,0.49564025,NGIQ-BR-00000064,0.23849538,NGIQ-BR-00000038,0.11046077,0.25714487,2.0782,0.96508543,0.03491457,3.5383,TRUE,MULTI_TARGET_CONCENTRATED,one_to_one,G4_G3_OVERLAP_INTERPRETATION_V1,,
97,AREA_FP2_FPOLE_LEFT.nii.gz,JULICH_BRAIN_CYTOARCHITECTONIC_ATLAS_V3_1_AREA_FP2_FPOLE,Area Fp2 (FPole) left,left,ONE_TO_ONE_CANONICAL,1,JULICH_BRAIN_CYTOARCHITECTONIC_ATLAS_V3_1_AREA_FP2_FPOLE_LEFT,NGIQ-BR-00000057,OrG_L_6_1,915.80957199,0.44972668,0.16552765,0.55377745,0.48379491,NGIQ-BR-00000031,0.29108549,NGIQ-BR-00000063,0.15864119,1.545,4.0262,NGIQ-BR-00000057,OrG_L_6_1,0.52159234,NGIQ-BR-00000031,0.28678186,NGIQ-BR-00000063,0.13696017,0.23481048,1.8188,0.95261903,0.04738097,2.7578,TRUE,MULTI_TARGET_CONCENTRATED,one_to_one,G4_G3_OVERLAP_INTERPRETATION_V1,,
98,AREA_FP2_FPOLE_RIGHT.nii.gz,JULICH_BRAIN_CYTOARCHITECTONIC_ATLAS_V3_1_AREA_FP2_FPOLE,Area Fp2 (FPole) right,right,ONE_TO_ONE_CANONICAL,1,JULICH_BRAIN_CYTOARCHITECTONIC_ATLAS_V3_1_AREA_FP2_FPOLE_RIGHT,NGIQ-BR-00000032,SFG_R_7_7,689.47721477,0.38786618,0.07952506,0.3492998,0.23262301,NGIQ-BR-00000058,0.2707101,NGIQ-BR-00000064,0.11715608,1.4328,4.0743,NGIQ-BR-00000032,SFG_R_7_7,0.41712945,NGIQ-BR-00000058,0.29957421,NGIQ-BR-00000064,0.24428828,0.11755524,1.3924,0.96116126,0.03883874,2.9314,TRUE,MULTI_TARGET_CONCENTRATED,one_to_one,G4_G3_OVERLAP_INTERPRETATION_V1,,
99,AREA_HIP1_IPS_LEFT.nii.gz,JULICH_BRAIN_CYTOARCHITECTONIC_ATLAS_V3_1_AREA_HIP1_IPS,Area hIP1 (IPS) left,left,ONE_TO_ONE_CANONICAL,1,JULICH_BRAIN_CYTOARCHITECTONIC_ATLAS_V3_1_AREA_HIP1_IPS_LEFT,NGIQ-BR-00000145,IPL_L_6_2,636.43701733,0.25959678,0.07409622,0.36847472,0.29711713,NGIQ-BR-00000139,0.22286093,NGIQ-BR-00000147,0.03673585,1.1648,5.0436,NGIQ-BR-00000145,IPL_L_6_2,0.33393167,NGIQ-BR-00000139,0.2391134,NGIQ-BR-00000147,0.16071691,0.09481827,1.3965,0.77493826,0.22506174,3.4713,TRUE,DIFFUSE_ASSOCIATION,one_to_one,G4_G3_OVERLAP_INTERPRETATION_V1,,
100,AREA_HIP1_IPS_RIGHT.nii.gz,JULICH_BRAIN_CYTOARCHITECTONIC_ATLAS_V3_1_AREA_HIP1_IPS,Area hIP1 (IPS) right,right,ONE_TO_ONE_CANONICAL,1,JULICH_BRAIN_CYTOARCHITECTONIC_ATLAS_V3_1_AREA_HIP1_IPS_RIGHT,NGIQ-BR-00000148,IPL_R_6_3,691.76592501,0.30948696,0.07125508,0.31410547,0.21384161,NGIQ-BR-00000150,0.12464313,NGIQ-BR-00000140,0.18484383,2.483,5.5533,NGIQ-BR-00000148,IPL_R_6_3,0.43161909,NGIQ-BR-00000150,0.08878043,NGIQ-BR-00000146,0.07786556,0.34283866,4.8616,0.76482933,0.23517067,3.9485,TRUE,DIFFUSE_ASSOCIATION,one_to_one,G4_G3_OVERLAP_INTERPRETATION_V1,,
101,AREA_HIP2_IPS_LEFT.nii.gz,JULICH_BRAIN_CYTOARCHITECTONIC_ATLAS_V3_1_AREA_HIP2_IPS,Area hIP2 (IPS) left,left,ONE_TO_ONE_CANONICAL,1,JULICH_BRAIN_CYTOARCHITECTONIC_ATLAS_V3_1_AREA_HIP2_IPS_LEFT,NGIQ-BR-00000147,IPL_L_6_3,829.70038141,0.50386595,0.09090587,0.51006779,0.29990922,NGIQ-BR-00000145,0.1820693,NGIQ-BR-00000139,0.32179665,2.7674,3.9941,NGIQ-BR-00000147,IPL_L_6_3,0.62916789,NGIQ-BR-00000145,0.10277086,NGIQ-BR-00000139,0.0901796,0.52639702,6.122,0.87511286,0.12488714,2.5465,TRUE,DIFFUSE_ASSOCIATION,one_to_one,G4_G3_OVERLAP_INTERPRETATION_V1,,
102,AREA_HIP2_IPS_RIGHT.nii.gz,JULICH_BRAIN_CYTOARCHITECTONIC_ATLAS_V3_1_AREA_HIP2_IPS,Area hIP2 (IPS) right,right,ONE_TO_ONE_CANONICAL,1,JULICH_BRAIN_CYTOARCHITECTONIC_ATLAS_V3_1_AREA_HIP2_IPS_RIGHT,NGIQ-BR-00000148,IPL_R_6_3,713.65282087,0.566582,0.07350953,0.45188178,0.23593823,NGIQ-BR-00000140,0.16080033,NGIQ-BR-00000150,0.40578167,3.5235,4.0623,NGIQ-BR-00000148,IPL_R_6_3,0.7663895,NGIQ-BR-00000150,0.10120766,NGIQ-BR-00000168,0.0211392,0.66518184,7.5724,0.89281886,0.10718114,1.639,TRUE,SINGLE_TARGET_CONCENTRATED,one_to_one,G4_G3_OVERLAP_INTERPRETATION_V1,,
103,AREA_HIP3_IPS_LEFT.nii.gz,JULICH_BRAIN_CYTOARCHITECTONIC_ATLAS_V3_1_AREA_HIP3_IPS,Area hIP3 (IPS) left,left,ONE_TO_ONE_CANONICAL,1,JULICH_BRAIN_CYTOARCHITECTONIC_ATLAS_V3_1_AREA_HIP3_IPS_LEFT,NGIQ-BR-00000139,SPL_L_5_3,1195.04715988,0.38496739,0.21680338,0.64779185,0.58653482,NGIQ-BR-00000143,0.20973336,NGIQ-BR-00000147,0.17523403,1.8355,5.6688,NGIQ-BR-00000139,SPL_L_5_3,0.37508661,NGIQ-BR-00000143,0.24194877,NGIQ-BR-00000145,0.10720228,0.13313784,1.5503,0.84460726,0.15539274,4.1093,TRUE,DIFFUSE_ASSOCIATION,one_to_one,G4_G3_OVERLAP_INTERPRETATION_V1,,
104,AREA_HIP3_IPS_RIGHT.nii.gz,JULICH_BRAIN_CYTOARCHITECTONIC_ATLAS_V3_1_AREA_HIP3_IPS,Area hIP3 (IPS) right,right,ONE_TO_ONE_CANONICAL,1,JULICH_BRAIN_CYTOARCHITECTONIC_ATLAS_V3_1_AREA_HIP3_IPS_RIGHT,NGIQ-BR-00000140,SPL_R_5_3,1169.94784596,0.3907959,0.20785078,0.67570013,0.60527396,NGIQ-BR-00000144,0.26381164,NGIQ-BR-00000148,0.12698426,1.4813,5.6726,NGIQ-BR-00000140,SPL_R_5_3,0.28156756,NGIQ-BR-00000144,0.24862904,NGIQ-BR-00000148,0.22578971,0.03293852,1.1325,0.91807508,0.08192492,5.0701,TRUE,DIFFUSE_ASSOCIATION,one_to_one,G4_G3_OVERLAP_INTERPRETATION_V1,,
105,AREA_HIP4_IPS_LEFT.nii.gz,JULICH_BRAIN_CYTOARCHITECTONIC_ATLAS_V3_1_AREA_HIP4_IPS,Area hIP4 (IPS) left,left,ONE_TO_ONE_CANONICAL,1,JULICH_BRAIN_CYTOARCHITECTONIC_ATLAS_V3_1_AREA_HIP4_IPS_LEFT,NGIQ-BR-00000011,IPL_L_6_1,640.0983156,0.48200825,0.07519994,0.41050359,0.2187095,NGIQ-BR-00000213,0.27868961,NGIQ-BR-00000211,0.20331864,1.7296,4.3054,NGIQ-BR-00000011,IPL_L_6_1,0.51957163,NGIQ-BR-00000213,0.31515504,NGIQ-BR-00000151,0.04367704,0.20441659,1.6486,0.89253133,0.10746867,2.4691,TRUE,MULTI_TARGET_CONCENTRATED,one_to_one,G4_G3_OVERLAP_INTERPRETATION_V1,,
106,AREA_HIP4_IPS_RIGHT.nii.gz,JULICH_BRAIN_CYTOARCHITECTONIC_ATLAS_V3_1_AREA_HIP4_IPS,Area hIP4 (IPS) right,right,ONE_TO_ONE_CANONICAL,1,JULICH_BRAIN_CYTOARCHITECTONIC_ATLAS_V3_1_AREA_HIP4_IPS_RIGHT,NGIQ-BR-00000012,IPL_R_6_1,660.57021143,0.44853404,0.0649881,0.39816537,0.22688783,NGIQ-BR-00000146,0.22043181,NGIQ-BR-00000214,0.22810223,2.0348,5.0213,NGIQ-BR-00000012,IPL_R_6_1,0.5709721,NGIQ-BR-00000214,0.19738236,NGIQ-BR-00000146,0.09419886,0.37358975,2.8927,0.93917052,0.06082948,2.9383,TRUE,DIFFUSE_ASSOCIATION,one_to_one,G4_G3_OVERLAP_INTERPRETATION_V1,,
107,AREA_HIP5_IPS_LEFT.nii.gz,JULICH_BRAIN_CYTOARCHITECTONIC_ATLAS_V3_1_AREA_HIP5_IPS,Area hIP5 (IPS) left,left,ONE_TO_ONE_CANONICAL,1,JULICH_BRAIN_CYTOARCHITECTONIC_ATLAS_V3_1_AREA_HIP5_IPS_LEFT,NGIQ-BR-00000011,IPL_L_6_1,685.8208283,0.34719666,0.08057151,0.3313351,0.2213635,NGIQ-BR-00000213,0.25307312,NGIQ-BR-00000137,0.09412354,1.3719,5.1624,NGIQ-BR-00000213,LOcC_L_2_2,0.39297599,NGIQ-BR-00000011,0.36967486,NGIQ-BR-00000145,0.09187526,0.02330113,1.063,0.87857008,0.12142992,2.954,FALSE,PROBABILITY_HARDLABEL_DISAGREEMENT,PP_HARDLABEL_TOP1_DISAGREE|one_to_one,G4_G3_OVERLAP_INTERPRETATION_V1,,
108,AREA_HIP5_IPS_RIGHT.nii.gz,JULICH_BRAIN_CYTOARCHITECTONIC_ATLAS_V3_1_AREA_HIP5_IPS,Area hIP5 (IPS) right,right,ONE_TO_ONE_CANONICAL,1,JULICH_BRAIN_CYTOARCHITECTONIC_ATLAS_V3_1_AREA_HIP5_IPS_RIGHT,NGIQ-BR-00000146,IPL_R_6_2,579.64678595,0.33190946,0.06647689,0.39090235,0.28268597,NGIQ-BR-00000214,0.16156926,NGIQ-BR-00000012,0.1703402,2.0543,4.9258,NGIQ-BR-00000146,IPL_R_6_2,0.39705886,NGIQ-BR-00000214,0.27272316,NGIQ-BR-00000012,0.03948405,0.1243357,1.4559,0.74020741,0.25979259,2.7521,TRUE,DIFFUSE_ASSOCIATION,one_to_one,G4_G3_OVERLAP_INTERPRETATION_V1,,
109,AREA_HIP6_IPS_LEFT.nii.gz,JULICH_BRAIN_CYTOARCHITECTONIC_ATLAS_V3_1_AREA_HIP6_IPS,Area hIP6 (IPS) left,left,ONE_TO_ONE_CANONICAL,1,JULICH_BRAIN_CYTOARCHITECTONIC_ATLAS_V3_1_AREA_HIP6_IPS_LEFT,NGIQ-BR-00000145,IPL_L_6_2,665.85244289,0.35908808,0.07752087,0.46004652,0.33098492,NGIQ-BR-00000143,0.19699725,NGIQ-BR-00000137,0.16209083,1.8228,7.1972,NGIQ-BR-00000145,IPL_L_6_2,0.52715031,NGIQ-BR-00000143,0.23399034,NGIQ-BR-00000137,0.08470879,0.29315997,2.2529,0.96208544,0.03791456,3.6569,TRUE,MULTI_TARGET_CONCENTRATED,one_to_one,G4_G3_OVERLAP_INTERPRETATION_V1,,
110,AREA_HIP6_IPS_RIGHT.nii.gz,JULICH_BRAIN_CYTOARCHITECTONIC_ATLAS_V3_1_AREA_HIP6_IPS,Area hIP6 (IPS) right,right,ONE_TO_ONE_CANONICAL,1,JULICH_BRAIN_CYTOARCHITECTONIC_ATLAS_V3_1_AREA_HIP6_IPS_RIGHT,NGIQ-BR-00000146,IPL_R_6_2,827.01140726,0.4394089,0.09484595,0.52295693,0.39493189,NGIQ-BR-00000150,0.10285455,NGIQ-BR-00000144,0.33655435,4.2721,6.279,NGIQ-BR-00000146,IPL_R_6_2,0.71845945,NGIQ-BR-00000144,0.07813006,NGIQ-BR-00000214,0.06945728,0.64032939,9.1957,0.89761823,0.10238177,2.1108,TRUE,SINGLE_TARGET_CONCENTRATED,one_to_one,G4_G3_OVERLAP_INTERPRETATION_V1,,
111,AREA_HIP7_IPS_LEFT.nii.gz,JULICH_BRAIN_CYTOARCHITECTONIC_ATLAS_V3_1_AREA_HIP7_IPS,Area hIP7 (IPS) left,left,ONE_TO_ONE_CANONICAL,1,JULICH_BRAIN_CYTOARCHITECTONIC_ATLAS_V3_1_AREA_HIP7_IPS_LEFT,NGIQ-BR-00000213,LOcC_L_2_2,547.23036688,0.43864375,0.10413538,0.54734176,0.39754079,NGIQ-BR-00000011,0.16820942,NGIQ-BR-00000211,0.27043433,2.6077,4.6753,NGIQ-BR-00000213,LOcC_L_2_2,0.57372273,NGIQ-BR-00000011,0.17915385,NGIQ-BR-00000211,0.04415855,0.39456888,3.2024,0.83501679,0.16498321,2.4866,TRUE,DIFFUSE_ASSOCIATION,one_to_one,G4_G3_OVERLAP_INTERPRETATION_V1,,
112,AREA_HIP7_IPS_RIGHT.nii.gz,JULICH_BRAIN_CYTOARCHITECTONIC_ATLAS_V3_1_AREA_HIP7_IPS,Area hIP7 (IPS) right,right,ONE_TO_ONE_CANONICAL,1,JULICH_BRAIN_CYTOARCHITECTONIC_ATLAS_V3_1_AREA_HIP7_IPS_RIGHT,NGIQ-BR-00000214,LOcC_R_2_2,835.13686929,0.41093952,0.1524782,0.5374542,0.4535616,NGIQ-BR-00000146,0.16677458,NGIQ-BR-00000012,0.24416494,2.464,5.5732,NGIQ-BR-00000214,LOcC_R_2_2,0.50726092,NGIQ-BR-00000146,0.17722876,NGIQ-BR-00000204,0.07904397,0.33003216,2.8622,0.84349409,0.15650591,3.0866,TRUE,DIFFUSE_ASSOCIATION,one_to_one,G4_G3_OVERLAP_INTERPRETATION_V1,,
113,AREA_HIP8_IPS_LEFT.nii.gz,JULICH_BRAIN_CYTOARCHITECTONIC_ATLAS_V3_1_AREA_HIP8_IPS,Area hIP8 (IPS) left,left,ONE_TO_ONE_CANONICAL,1,JULICH_BRAIN_CYTOARCHITECTONIC_ATLAS_V3_1_AREA_HIP8_IPS_LEFT,NGIQ-BR-00000213,LOcC_L_2_2,551.3348177,0.31096139,0.10491644,0.45495977,0.37315742,NGIQ-BR-00000137,0.29436558,NGIQ-BR-00000159,0.01659581,1.0564,5.1957,NGIQ-BR-00000213,LOcC_L_2_2,0.37291227,NGIQ-BR-00000137,0.29288751,NGIQ-BR-00000159,0.08971425,0.08002476,1.2732,0.8324544,0.1675456,3.6434,TRUE,DIFFUSE_ASSOCIATION,one_to_one,G4_G3_OVERLAP_INTERPRETATION_V1,,
114,AREA_HIP8_IPS_RIGHT.nii.gz,JULICH_BRAIN_CYTOARCHITECTONIC_ATLAS_V3_1_AREA_HIP8_IPS,Area hIP8 (IPS) right,right,ONE_TO_ONE_CANONICAL,1,JULICH_BRAIN_CYTOARCHITECTONIC_ATLAS_V3_1_AREA_HIP8_IPS_RIGHT,NGIQ-BR-00000214,LOcC_R_2_2,703.94415422,0.40274007,0.1285252,0.53516001,0.4091862,NGIQ-BR-00000138,0.1944982,NGIQ-BR-00000146,0.20824187,2.0707,5.4075,NGIQ-BR-00000214,LOcC_R_2_2,0.59347711,NGIQ-BR-00000146,0.08803515,NGIQ-BR-00000160,0.06590988,0.50544196,6.7414,0.82505282,0.17494718,2.6269,TRUE,DIFFUSE_ASSOCIATION,one_to_one,G4_G3_OVERLAP_INTERPRETATION_V1,,
115,AREA_HOC1_V1_17_CALCS_LEFT.nii.gz,JULICH_BRAIN_CYTOARCHITECTONIC_ATLAS_V3_1_AREA_HOC1_V1_17_CALCS,"Area hOc1 (V1, 17, CalcS) left",left,ONE_TO_ONE_CANONICAL,1,JULICH_BRAIN_CYTOARCHITECTONIC_ATLAS_V3_1_AREA_HOC1_V1_17_CALCS_LEFT,NGIQ-BR-00000197,MVOcC_L_5_3,1877.14769001,0.21436607,0.31791014,0.52326945,0.51864171,NGIQ-BR-00000195,0.21378778,NGIQ-BR-00000201,0.00057829,1.0027,7.2808,NGIQ-BR-00000197,MVOcC_L_5_3,0.23309793,NGIQ-BR-00000195,0.22954997,NGIQ-BR-00000201,0.18909179,0.00354796,1.0155,0.91380008,0.08619992,5.6706,TRUE,DIFFUSE_ASSOCIATION,one_to_one,G4_G3_OVERLAP_INTERPRETATION_V1,,
116,AREA_HOC1_V1_17_CALCS_RIGHT.nii.gz,JULICH_BRAIN_CYTOARCHITECTONIC_ATLAS_V3_1_AREA_HOC1_V1_17_CALCS,"Area hOc1 (V1, 17, CalcS) right",right,ONE_TO_ONE_CANONICAL,1,JULICH_BRAIN_CYTOARCHITECTONIC_ATLAS_V3_1_AREA_HOC1_V1_17_CALCS_RIGHT,NGIQ-BR-00000196,MVOcC_R_5_2,1970.95270712,0.17992833,0.26347865,0.44032013,0.42167963,NGIQ-BR-00000202,0.16321094,NGIQ-BR-00000198,0.01671739,1.1024,7.3916,NGIQ-BR-00000196,MVOcC_R_5_2,0.21428879,NGIQ-BR-00000202,0.18655241,NGIQ-BR-00000208,0.16537933,0.02773639,1.1487,0.87884022,0.12115978,6.154,TRUE,DIFFUSE_ASSOCIATION,one_to_one,G4_G3_OVERLAP_INTERPRETATION_V1,,
117,AREA_HOC2_V2_18_LEFT.nii.gz,JULICH_BRAIN_CYTOARCHITECTONIC_ATLAS_V3_1_AREA_HOC2_V2_18,"Area hOc2 (V2, 18) left",left,ONE_TO_ONE_CANONICAL,1,JULICH_BRAIN_CYTOARCHITECTONIC_ATLAS_V3_1_AREA_HOC2_V2_18_LEFT,NGIQ-BR-00000197,MVOcC_L_5_3,1177.88651316,0.16577743,0.19948461,0.43603445,0.43116384,NGIQ-BR-00000207,0.16469645,NGIQ-BR-00000195,0.00108098,1.0066,9.379,NGIQ-BR-00000207,LOcC_L_4_3,0.1956661,NGIQ-BR-00000197,0.1575317,NGIQ-BR-00000195,0.14963202,0.03813441,1.2421,0.97009354,0.02990646,8.2233,FALSE,PROBABILITY_HARDLABEL_DISAGREEMENT,PP_HARDLABEL_TOP1_DISAGREE|one_to_one,G4_G3_OVERLAP_INTERPRETATION_V1,,
118,AREA_HOC2_V2_18_RIGHT.nii.gz,JULICH_BRAIN_CYTOARCHITECTONIC_ATLAS_V3_1_AREA_HOC2_V2_18,"Area hOc2 (V2, 18) right",right,ONE_TO_ONE_CANONICAL,1,JULICH_BRAIN_CYTOARCHITECTONIC_ATLAS_V3_1_AREA_HOC2_V2_18_RIGHT,NGIQ-BR-00000196,MVOcC_R_5_2,1383.34986406,0.16568421,0.1849274,0.42806407,0.42787756,NGIQ-BR-00000198,0.15419331,NGIQ-BR-00000016,0.01149091,1.0745,8.7593,NGIQ-BR-00000208,LOcC_R_4_3,0.16253974,NGIQ-BR-00000196,0.15674782,NGIQ-BR-00000016,0.14968501,0.00579192,1.037,0.9574574,0.0425426,8.1174,FALSE,PROBABILITY_HARDLABEL_DISAGREEMENT,PP_HARDLABEL_TOP1_DISAGREE|one_to_one,G4_G3_OVERLAP_INTERPRETATION_V1,,
119,AREA_HOC3D_CUNEUS_LEFT.nii.gz,JULICH_BRAIN_CYTOARCHITECTONIC_ATLAS_V3_1_AREA_HOC3D_CUNEUS,Area hOc3d (Cuneus) left,left,ONE_TO_ONE_CANONICAL,1,JULICH_BRAIN_CYTOARCHITECTONIC_ATLAS_V3_1_AREA_HOC3D_CUNEUS_LEFT,NGIQ-BR-00000211,LOcC_L_2_1,1254.18282631,0.32887095,0.24338088,0.57329125,0.52694879,NGIQ-BR-00000207,0.17628528,NGIQ-BR-00000203,0.15258568,1.8656,7.038,NGIQ-BR-00000211,LOcC_L_2_1,0.37045816,NGIQ-BR-00000207,0.24913351,NGIQ-BR-00000195,0.11030148,0.12132465,1.487,0.947552,0.052448,5.0672,TRUE,DIFFUSE_ASSOCIATION,one_to_one,G4_G3_OVERLAP_INTERPRETATION_V1,,
120,AREA_HOC3D_CUNEUS_RIGHT.nii.gz,JULICH_BRAIN_CYTOARCHITECTONIC_ATLAS_V3_1_AREA_HOC3D_CUNEUS,Area hOc3d (Cuneus) right,right,ONE_TO_ONE_CANONICAL,1,JULICH_BRAIN_CYTOARCHITECTONIC_ATLAS_V3_1_AREA_HOC3D_CUNEUS_RIGHT,NGIQ-BR-00000212,LOcC_R_2_1,738.84571903,0.23540082,0.1511897,0.42924831,0.37011167,NGIQ-BR-00000208,0.17297875,NGIQ-BR-00000198,0.06242207,1.3609,7.7441,NGIQ-BR-00000212,LOcC_R_2_1,0.27313079,NGIQ-BR-00000208,0.18890558,NGIQ-BR-00000198,0.14165424,0.08422522,1.4459,0.92853797,0.07146203,5.8177,TRUE,DIFFUSE_ASSOCIATION,one_to_one,G4_G3_OVERLAP_INTERPRETATION_V1,,
121,AREA_HOC3V_LINGG_LEFT.nii.gz,JULICH_BRAIN_CYTOARCHITECTONIC_ATLAS_V3_1_AREA_HOC3V_LINGG,Area hOc3v (LingG) left,left,ONE_TO_ONE_CANONICAL,1,JULICH_BRAIN_CYTOARCHITECTONIC_ATLAS_V3_1_AREA_HOC3V_LINGG_LEFT,NGIQ-BR-00000209,LOcC_L_4_4,985.16609713,0.23878104,0.12731227,0.41928846,0.39045068,NGIQ-BR-00000015,0.22709774,NGIQ-BR-00000207,0.0116833,1.0514,6.6685,NGIQ-BR-00000209,LOcC_L_4_4,0.34341011,NGIQ-BR-00000015,0.26699893,NGIQ-BR-00000199,0.14760213,0.07641119,1.2862,0.94067842,0.05932158,4.8233,TRUE,DIFFUSE_ASSOCIATION,one_to_one,G4_G3_OVERLAP_INTERPRETATION_V1,,
122,AREA_HOC3V_LINGG_RIGHT.nii.gz,JULICH_BRAIN_CYTOARCHITECTONIC_ATLAS_V3_1_AREA_HOC3V_LINGG,Area hOc3v (LingG) right,right,ONE_TO_ONE_CANONICAL,1,JULICH_BRAIN_CYTOARCHITECTONIC_ATLAS_V3_1_AREA_HOC3V_LINGG_RIGHT,NGIQ-BR-00000210,LOcC_R_4_4,1152.90868694,0.35442752,0.1461781,0.53678733,0.45303552,NGIQ-BR-00000200,0.17727368,NGIQ-BR-00000208,0.17715384,1.9993,6.1334,NGIQ-BR-00000210,LOcC_R_4_4,0.45467808,NGIQ-BR-00000200,0.22273117,NGIQ-BR-00000016,0.13377645,0.23194691,2.0414,0.96784359,0.03215641,4.2332,TRUE,MULTI_TARGET_CONCENTRATED,one_to_one,G4_G3_OVERLAP_INTERPRETATION_V1,,
123,AREA_HOC4D_CUNEUS_LEFT.nii.gz,JULICH_BRAIN_CYTOARCHITECTONIC_ATLAS_V3_1_AREA_HOC4D_CUNEUS,Area hOc4d (Cuneus) left,left,ONE_TO_ONE_CANONICAL,1,JULICH_BRAIN_CYTOARCHITECTONIC_ATLAS_V3_1_AREA_HOC4D_CUNEUS_LEFT,NGIQ-BR-00000211,LOcC_L_2_1,766.06468481,0.33522659,0.14865894,0.51015437,0.38329771,NGIQ-BR-00000203,0.23527224,NGIQ-BR-00000213,0.09995435,1.4248,6.5097,NGIQ-BR-00000211,LOcC_L_2_1,0.37675595,NGIQ-BR-00000203,0.25297267,NGIQ-BR-00000213,0.10534584,0.12378328,1.4893,0.87801432,0.12198568,4.4454,TRUE,DIFFUSE_ASSOCIATION,one_to_one,G4_G3_OVERLAP_INTERPRETATION_V1,,
124,AREA_HOC4D_CUNEUS_RIGHT.nii.gz,JULICH_BRAIN_CYTOARCHITECTONIC_ATLAS_V3_1_AREA_HOC4D_CUNEUS,Area hOc4d (Cuneus) right,right,ONE_TO_ONE_CANONICAL,1,JULICH_BRAIN_CYTOARCHITECTONIC_ATLAS_V3_1_AREA_HOC4D_CUNEUS_RIGHT,NGIQ-BR-00000212,LOcC_R_2_1,839.84121631,0.39626562,0.17185636,0.57763529,0.45270575,NGIQ-BR-00000204,0.18213947,NGIQ-BR-00000214,0.21412614,2.1756,6.6593,NGIQ-BR-00000212,LOcC_R_2_1,0.48278785,NGIQ-BR-00000204,0.2194251,NGIQ-BR-00000202,0.0654925,0.26336276,2.2002,0.89843604,0.10156396,3.9412,TRUE,MULTI_TARGET_CONCENTRATED,one_to_one,G4_G3_OVERLAP_INTERPRETATION_V1,,
125,AREA_HOC4LA_LOC_LEFT.nii.gz,JULICH_BRAIN_CYTOARCHITECTONIC_ATLAS_V3_1_AREA_HOC4LA_LOC,Area hOc4la (LOC) left,left,ONE_TO_ONE_CANONICAL,1,JULICH_BRAIN_CYTOARCHITECTONIC_ATLAS_V3_1_AREA_HOC4LA_LOC_LEFT,NGIQ-BR-00000205,LOcC_L_4_2,1399.44377114,0.43363757,0.25715394,0.65652557,0.59097475,NGIQ-BR-00000209,0.19104113,NGIQ-BR-00000203,0.24259643,2.2699,5.8837,NGIQ-BR-00000205,LOcC_L_4_2,0.4955266,NGIQ-BR-00000209,0.24601511,NGIQ-BR-00000203,0.12809468,0.24951149,2.0142,0.97613928,0.02386072,3.9507,TRUE,MULTI_TARGET_CONCENTRATED,one_to_one,G4_G3_OVERLAP_INTERPRETATION_V1,,
126,AREA_HOC4LA_LOC_RIGHT.nii.gz,JULICH_BRAIN_CYTOARCHITECTONIC_ATLAS_V3_1_AREA_HOC4LA_LOC,Area hOc4la (LOC) right,right,ONE_TO_ONE_CANONICAL,1,JULICH_BRAIN_CYTOARCHITECTONIC_ATLAS_V3_1_AREA_HOC4LA_LOC_RIGHT,NGIQ-BR-00000206,LOcC_R_4_2,1745.83709971,0.50452365,0.25856167,0.70075976,0.60348743,NGIQ-BR-00000204,0.14551838,NGIQ-BR-00000012,0.35900527,3.4671,5.6854,NGIQ-BR-00000206,LOcC_R_4_2,0.61303109,NGIQ-BR-00000012,0.13579138,NGIQ-BR-00000210,0.11058605,0.4772397,4.5145,0.97975149,0.02024851,3.3479,TRUE,DIFFUSE_ASSOCIATION,one_to_one,G4_G3_OVERLAP_INTERPRETATION_V1,,
127,AREA_HOC4LP_LOC_LEFT.nii.gz,JULICH_BRAIN_CYTOARCHITECTONIC_ATLAS_V3_1_AREA_HOC4LP_LOC,Area hOc4lp (LOC) left,left,ONE_TO_ONE_CANONICAL,1,JULICH_BRAIN_CYTOARCHITECTONIC_ATLAS_V3_1_AREA_HOC4LP_LOC_LEFT,NGIQ-BR-00000203,LOcC_L_4_1,1557.91175732,0.43664243,0.20596983,0.6540462,0.59084149,NGIQ-BR-00000011,0.17512908,NGIQ-BR-00000207,0.26151335,2.4933,4.9194,NGIQ-BR-00000203,LOcC_L_4_1,0.54798947,NGIQ-BR-00000209,0.1758794,NGIQ-BR-00000011,0.13061166,0.37211006,3.1157,0.97149615,0.02850385,3.3997,TRUE,DIFFUSE_ASSOCIATION,one_to_one,G4_G3_OVERLAP_INTERPRETATION_V1,,
128,AREA_HOC4LP_LOC_RIGHT.nii.gz,JULICH_BRAIN_CYTOARCHITECTONIC_ATLAS_V3_1_AREA_HOC4LP_LOC,Area hOc4lp (LOC) right,right,ONE_TO_ONE_CANONICAL,1,JULICH_BRAIN_CYTOARCHITECTONIC_ATLAS_V3_1_AREA_HOC4LP_LOC_RIGHT,NGIQ-BR-00000204,LOcC_R_4_1,1215.83993609,0.47645881,0.1675858,0.63039436,0.51875481,NGIQ-BR-00000208,0.16084452,NGIQ-BR-00000210,0.31561429,2.9622,4.5842,NGIQ-BR-00000204,LOcC_R_4_1,0.65116093,NGIQ-BR-00000210,0.14639594,NGIQ-BR-00000012,0.08188694,0.50476499,4.4479,0.97225885,0.02774115,2.8818,TRUE,DIFFUSE_ASSOCIATION,one_to_one,G4_G3_OVERLAP_INTERPRETATION_V1,,
129,AREA_HOC4V_LINGG_LEFT.nii.gz,JULICH_BRAIN_CYTOARCHITECTONIC_ATLAS_V3_1_AREA_HOC4V_LINGG,Area hOc4v (LingG) left,left,ONE_TO_ONE_CANONICAL,1,JULICH_BRAIN_CYTOARCHITECTONIC_ATLAS_V3_1_AREA_HOC4V_LINGG_LEFT,NGIQ-BR-00000209,LOcC_L_4_4,879.06779667,0.26172328,0.11360126,0.39813313,0.36184602,NGIQ-BR-00000117,0.19411058,NGIQ-BR-00000015,0.06761271,1.3483,6.9878,NGIQ-BR-00000209,LOcC_L_4_4,0.38170513,NGIQ-BR-00000117,0.21673341,NGIQ-BR-00000015,0.17934744,0.16497172,1.7612,0.94835659,0.05164341,3.8846,TRUE,DIFFUSE_ASSOCIATION,one_to_one,G4_G3_OVERLAP_INTERPRETATION_V1,,
130,AREA_HOC4V_LINGG_RIGHT.nii.gz,JULICH_BRAIN_CYTOARCHITECTONIC_ATLAS_V3_1_AREA_HOC4V_LINGG,Area hOc4v (LingG) right,right,ONE_TO_ONE_CANONICAL,1,JULICH_BRAIN_CYTOARCHITECTONIC_ATLAS_V3_1_AREA_HOC4V_LINGG_RIGHT,NGIQ-BR-00000210,LOcC_R_4_4,1038.47221411,0.32032217,0.13166862,0.43514118,0.38701626,NGIQ-BR-00000118,0.31417785,NGIQ-BR-00000200,0.00614432,1.0196,6.2579,NGIQ-BR-00000210,LOcC_R_4_4,0.43524849,NGIQ-BR-00000118,0.34435182,NGIQ-BR-00000200,0.12981539,0.09089668,1.264,0.95089099,0.04910901,3.2871,TRUE,MULTI_TARGET_CONCENTRATED,one_to_one,G4_G3_OVERLAP_INTERPRETATION_V1,,
131,AREA_HOC5_LOC_LEFT.nii.gz,JULICH_BRAIN_CYTOARCHITECTONIC_ATLAS_V3_1_AREA_HOC5_LOC,Area hOc5 (LOC) left,left,ONE_TO_ONE_CANONICAL,1,JULICH_BRAIN_CYTOARCHITECTONIC_ATLAS_V3_1_AREA_HOC5_LOC_LEFT,NGIQ-BR-00000205,LOcC_L_4_2,739.37670179,0.76791711,0.13586372,0.60566235,0.38530717,NGIQ-BR-00000209,0.05387402,NGIQ-BR-00000203,0.71404308,14.2539,2.7805,NGIQ-BR-00000205,LOcC_L_4_2,0.87319857,NGIQ-BR-00000151,0.04028397,NGIQ-BR-00000209,0.01849684,0.83291459,21.6761,0.94938803,0.05061197,1.4663,TRUE,SINGLE_TARGET_CONCENTRATED,one_to_one,G4_G3_OVERLAP_INTERPRETATION_V1,,
132,AREA_HOC5_LOC_RIGHT.nii.gz,JULICH_BRAIN_CYTOARCHITECTONIC_ATLAS_V3_1_AREA_HOC5_LOC,Area hOc5 (LOC) right,right,ONE_TO_ONE_CANONICAL,1,JULICH_BRAIN_CYTOARCHITECTONIC_ATLAS_V3_1_AREA_HOC5_LOC_RIGHT,NGIQ-BR-00000206,LOcC_R_4_2,524.81723787,0.61074464,0.07772639,0.44516614,0.22419154,NGIQ-BR-00000098,0.21162875,NGIQ-BR-00000012,0.39911589,2.8859,4.9645,NGIQ-BR-00000206,LOcC_R_4_2,0.7032117,NGIQ-BR-00000098,0.17108775,NGIQ-BR-00000012,0.09779798,0.53212395,4.1102,0.99956951,0.00043049,2.4036,TRUE,SINGLE_TARGET_CONCENTRATED,one_to_one,G4_G3_OVERLAP_INTERPRETATION_V1,,
133,AREA_HOC6_POS_LEFT.nii.gz,JULICH_BRAIN_CYTOARCHITECTONIC_ATLAS_V3_1_AREA_HOC6_POS,Area hOc6 (POS) left,left,ONE_TO_ONE_CANONICAL,1,JULICH_BRAIN_CYTOARCHITECTONIC_ATLAS_V3_1_AREA_HOC6_POS_LEFT,NGIQ-BR-00000201,MVOcC_L_5_5,431.14306348,0.51623507,0.05806523,0.31853971,0.17372971,NGIQ-BR-00000159,0.13696832,NGIQ-BR-00000195,0.37926675,3.769,2.7583,NGIQ-BR-00000201,MVOcC_L_5_5,0.60821608,NGIQ-BR-00000159,0.12465042,NGIQ-BR-00000195,0.01492917,0.48356566,4.8794,0.7478027,0.2521973,1.7245,TRUE,DIFFUSE_ASSOCIATION,one_to_one,G4_G3_OVERLAP_INTERPRETATION_V1,,
134,AREA_HOC6_POS_RIGHT.nii.gz,JULICH_BRAIN_CYTOARCHITECTONIC_ATLAS_V3_1_AREA_HOC6_POS,Area hOc6 (POS) right,right,ONE_TO_ONE_CANONICAL,1,JULICH_BRAIN_CYTOARCHITECTONIC_ATLAS_V3_1_AREA_HOC6_POS_RIGHT,NGIQ-BR-00000202,MVOcC_R_5_5,368.39322967,0.57919333,0.047956,0.29679701,0.13125828,NGIQ-BR-00000160,0.31675349,NGIQ-BR-00000196,0.26243984,1.8285,2.3415,NGIQ-BR-00000202,MVOcC_R_5_5,0.51297163,NGIQ-BR-00000160,0.28950795,NGIQ-BR-00000196,0.00863521,0.22346368,1.7719,0.81111846,0.18888154,2.0257,TRUE,MULTI_TARGET_CONCENTRATED,one_to_one,G4_G3_OVERLAP_INTERPRETATION_V1,,
135,AREA_HPO1_POS_LEFT.nii.gz,JULICH_BRAIN_CYTOARCHITECTONIC_ATLAS_V3_1_AREA_HPO1_POS,Area hPO1 (POS) left,left,ONE_TO_ONE_CANONICAL,1,JULICH_BRAIN_CYTOARCHITECTONIC_ATLAS_V3_1_AREA_HPO1_POS_LEFT,NGIQ-BR-00000211,LOcC_L_2_1,483.46273936,0.25122338,0.09381853,0.32545194,0.24278048,NGIQ-BR-00000213,0.22271197,NGIQ-BR-00000159,0.02851141,1.128,6.4092,NGIQ-BR-00000211,LOcC_L_2_1,0.27805755,NGIQ-BR-00000213,0.23170374,NGIQ-BR-00000159,0.14811506,0.04635382,1.2001,0.87248339,0.12751661,4.7957,TRUE,DIFFUSE_ASSOCIATION,one_to_one,G4_G3_OVERLAP_INTERPRETATION_V1,,
136,AREA_HPO1_POS_RIGHT.nii.gz,JULICH_BRAIN_CYTOARCHITECTONIC_ATLAS_V3_1_AREA_HPO1_POS,Area hPO1 (POS) right,right,ONE_TO_ONE_CANONICAL,1,JULICH_BRAIN_CYTOARCHITECTONIC_ATLAS_V3_1_AREA_HPO1_POS_RIGHT,NGIQ-BR-00000212,LOcC_R_2_1,515.32256568,0.28364325,0.10545024,0.36823374,0.28170298,NGIQ-BR-00000214,0.26152858,NGIQ-BR-00000160,0.02211467,1.0846,6.0099,NGIQ-BR-00000212,LOcC_R_2_1,0.33833598,NGIQ-BR-00000214,0.27854333,NGIQ-BR-00000160,0.18116046,0.05979265,1.2147,0.86806299,0.13193701,3.7712,TRUE,DIFFUSE_ASSOCIATION,one_to_one,G4_G3_OVERLAP_INTERPRETATION_V1,,
137,AREA_IA1_INSULA_LEFT.nii.gz,JULICH_BRAIN_CYTOARCHITECTONIC_ATLAS_V3_1_AREA_IA1_INSULA,Area Ia1 (Insula) left,left,ONE_TO_ONE_CANONICAL,1,JULICH_BRAIN_CYTOARCHITECTONIC_ATLAS_V3_1_AREA_IA1_INSULA_LEFT,NGIQ-BR-00000175,INS_L_6_4,95.64722911,0.57843701,0.04071489,0.36616592,0.15213214,NGIQ-BR-00000013,0.1983319,NGIQ-BR-00000177,0.38010511,2.9165,3.3556,NGIQ-BR-00000175,INS_L_6_4,0.80874927,NGIQ-BR-00000177,0.14287834,NGIQ-BR-00000013,0.02528057,0.66587093,5.6604,0.99217171,0.00782829,1.8482,TRUE,SINGLE_TARGET_CONCENTRATED,one_to_one,G4_G3_OVERLAP_INTERPRETATION_V1,,
138,AREA_IA1_INSULA_RIGHT.nii.gz,JULICH_BRAIN_CYTOARCHITECTONIC_ATLAS_V3_1_AREA_IA1_INSULA,Area Ia1 (Insula) right,right,ONE_TO_ONE_CANONICAL,1,JULICH_BRAIN_CYTOARCHITECTONIC_ATLAS_V3_1_AREA_IA1_INSULA_RIGHT,NGIQ-BR-00000176,INS_R_6_4,124.31839611,0.46636646,0.05749126,0.41131586,0.21661004,NGIQ-BR-00000014,0.23364134,NGIQ-BR-00000178,0.23272512,1.9961,3.8487,NGIQ-BR-00000176,INS_R_6_4,0.68077418,NGIQ-BR-00000178,0.19725085,NGIQ-BR-00000014,0.060533,0.48352333,3.4513,0.96118858,0.03881142,2.3349,TRUE,DIFFUSE_ASSOCIATION,one_to_one,G4_G3_OVERLAP_INTERPRETATION_V1,,
139,AREA_IA2_INSULA_LEFT.nii.gz,JULICH_BRAIN_CYTOARCHITECTONIC_ATLAS_V3_1_AREA_IA2_INSULA,Area Ia2 (Insula) left,left,ONE_TO_ONE_CANONICAL,1,JULICH_BRAIN_CYTOARCHITECTONIC_ATLAS_V3_1_AREA_IA2_INSULA_LEFT,NGIQ-BR-00000091,STG_L_6_5,100.46923194,0.52165556,0.01647521,0.25016282,0.09030294,NGIQ-BR-00000087,0.12593185,NGIQ-BR-00000175,0.39572371,4.1424,4.1994,NGIQ-BR-00000091,STG_L_6_5,0.72854226,NGIQ-BR-00000175,0.16253391,NGIQ-BR-00000093,0.00672447,0.56600835,4.4824,0.89873411,0.10126589,1.6875,TRUE,SINGLE_TARGET_CONCENTRATED,one_to_one,G4_G3_OVERLAP_INTERPRETATION_V1,,
140,AREA_IA2_INSULA_RIGHT.nii.gz,JULICH_BRAIN_CYTOARCHITECTONIC_ATLAS_V3_1_AREA_IA2_INSULA,Area Ia2 (Insula) right,right,ONE_TO_ONE_CANONICAL,1,JULICH_BRAIN_CYTOARCHITECTONIC_ATLAS_V3_1_AREA_IA2_INSULA_RIGHT,NGIQ-BR-00000092,STG_R_6_5,102.52202679,0.46012192,0.0163988,0.20892663,0.06778236,NGIQ-BR-00000176,0.21021004,NGIQ-BR-00000088,0.24991189,2.1889,4.2705,NGIQ-BR-00000092,STG_R_6_5,0.60037047,NGIQ-BR-00000176,0.24463916,NGIQ-BR-00000094,0.00061563,0.3557313,2.4541,0.84588486,0.15411514,1.8405,TRUE,MULTI_TARGET_CONCENTRATED,one_to_one,G4_G3_OVERLAP_INTERPRETATION_V1,,
141,AREA_IA3_INSULA_LEFT.nii.gz,JULICH_BRAIN_CYTOARCHITECTONIC_ATLAS_V3_1_AREA_IA3_INSULA,Area Ia3 (Insula) left,left,ONE_TO_ONE_CANONICAL,1,JULICH_BRAIN_CYTOARCHITECTONIC_ATLAS_V3_1_AREA_IA3_INSULA_LEFT,NGIQ-BR-00000175,INS_L_6_4,158.23526915,0.68927763,0.06735722,0.49551981,0.24617971,NGIQ-BR-00000091,0.07899715,NGIQ-BR-00000013,0.61028048,8.7253,3.4884,NGIQ-BR-00000175,INS_L_6_4,0.87929888,NGIQ-BR-00000091,0.07742751,NGIQ-BR-00000177,0.0098801,0.80187137,11.3564,0.97009725,0.02990275,1.4348,TRUE,SINGLE_TARGET_CONCENTRATED,one_to_one,G4_G3_OVERLAP_INTERPRETATION_V1,,
142,AREA_IA3_INSULA_RIGHT.nii.gz,JULICH_BRAIN_CYTOARCHITECTONIC_ATLAS_V3_1_AREA_IA3_INSULA,Area Ia3 (Insula) right,right,ONE_TO_ONE_CANONICAL,1,JULICH_BRAIN_CYTOARCHITECTONIC_ATLAS_V3_1_AREA_IA3_INSULA_RIGHT,NGIQ-BR-00000176,INS_R_6_4,161.19010698,0.60432622,0.07454265,0.50491098,0.27844108,NGIQ-BR-00000172,0.11657077,NGIQ-BR-00000014,0.48775545,5.1842,3.8024,NGIQ-BR-00000176,INS_R_6_4,0.89818472,NGIQ-BR-00000092,0.03661361,NGIQ-BR-00000172,0.01278406,0.86157111,24.5314,0.96539491,0.03460509,1.4009,TRUE,SINGLE_TARGET_CONCENTRATED,one_to_one,G4_G3_OVERLAP_INTERPRETATION_V1,,
143,AREA_ID10_INSULA_LEFT.nii.gz,JULICH_BRAIN_CYTOARCHITECTONIC_ATLAS_V3_1_AREA_ID10_INSULA,Area Id10 (Insula) left,left,ONE_TO_ONE_CANONICAL,1,JULICH_BRAIN_CYTOARCHITECTONIC_ATLAS_V3_1_AREA_ID10_INSULA_LEFT,NGIQ-BR-00000171,INS_L_6_2,385.92358787,0.3318765,0.2077998,0.52246598,0.48011019,NGIQ-BR-00000067,0.28503817,NGIQ-BR-00000059,0.04683832,1.1643,6.0404,NGIQ-BR-00000171,INS_L_6_2,0.36552027,NGIQ-BR-00000067,0.29733882,NGIQ-BR-00000059,0.1038189,0.06818146,1.2293,0.83496381,0.16503619,3.6645,TRUE,DIFFUSE_ASSOCIATION,one_to_one,G4_G3_OVERLAP_INTERPRETATION_V1,,
144,AREA_ID10_INSULA_RIGHT.nii.gz,JULICH_BRAIN_CYTOARCHITECTONIC_ATLAS_V3_1_AREA_ID10_INSULA,Area Id10 (Insula) right,right,ONE_TO_ONE_CANONICAL,1,JULICH_BRAIN_CYTOARCHITECTONIC_ATLAS_V3_1_AREA_ID10_INSULA_RIGHT,NGIQ-BR-00000068,OrG_R_6_6,287.62563772,0.24226631,0.07074707,0.2797026,0.23421162,NGIQ-BR-00000172,0.23527798,NGIQ-BR-00000060,0.00698833,1.0297,6.4236,NGIQ-BR-00000068,OrG_R_6_6,0.32246585,NGIQ-BR-00000172,0.30016491,NGIQ-BR-00000062,0.18087992,0.02230095,1.0743,0.88074363,0.11925637,3.716,TRUE,DIFFUSE_ASSOCIATION,one_to_one,G4_G3_OVERLAP_INTERPRETATION_V1,,
145,AREA_ID1_INSULA_LEFT.nii.gz,JULICH_BRAIN_CYTOARCHITECTONIC_ATLAS_V3_1_AREA_ID1_INSULA,Area Id1 (Insula) left,left,ONE_TO_ONE_CANONICAL,1,JULICH_BRAIN_CYTOARCHITECTONIC_ATLAS_V3_1_AREA_ID1_INSULA_LEFT,NGIQ-BR-00000175,INS_L_6_4,123.79758411,0.34688963,0.05269787,0.29856236,0.18425053,NGIQ-BR-00000087,0.24579163,NGIQ-BR-00000013,0.101098,1.4113,5.2572,NGIQ-BR-00000175,INS_L_6_4,0.40933141,NGIQ-BR-00000087,0.25913669,NGIQ-BR-00000013,0.09362554,0.15019472,1.5796,0.78080197,0.21919803,2.9288,TRUE,MULTI_TARGET_CONCENTRATED,one_to_one,G4_G3_OVERLAP_INTERPRETATION_V1,,
146,AREA_ID1_INSULA_RIGHT.nii.gz,JULICH_BRAIN_CYTOARCHITECTONIC_ATLAS_V3_1_AREA_ID1_INSULA,Area Id1 (Insula) right,right,ONE_TO_ONE_CANONICAL,1,JULICH_BRAIN_CYTOARCHITECTONIC_ATLAS_V3_1_AREA_ID1_INSULA_RIGHT,NGIQ-BR-00000176,INS_R_6_4,140.05756699,0.33342863,0.06476987,0.33326688,0.22807829,NGIQ-BR-00000088,0.26473289,NGIQ-BR-00000014,0.06869574,1.2595,5.0069,NGIQ-BR-00000176,INS_R_6_4,0.4298103,NGIQ-BR-00000088,0.25725932,NGIQ-BR-00000014,0.14517617,0.17255098,1.6707,0.86929833,0.13070167,3.1427,TRUE,MULTI_TARGET_CONCENTRATED,one_to_one,G4_G3_OVERLAP_INTERPRETATION_V1,,
147,AREA_ID2_INSULA_LEFT.nii.gz,JULICH_BRAIN_CYTOARCHITECTONIC_ATLAS_V3_1_AREA_ID2_INSULA,Area Id2 (Insula) left,left,ONE_TO_ONE_CANONICAL,1,JULICH_BRAIN_CYTOARCHITECTONIC_ATLAS_V3_1_AREA_ID2_INSULA_LEFT,NGIQ-BR-00000013,INS_L_6_1,170.502238,0.51064569,0.05985248,0.36496854,0.18034659,NGIQ-BR-00000177,0.38866096,NGIQ-BR-00000175,0.12198473,1.3139,2.9968,NGIQ-BR-00000013,INS_L_6_1,0.51800209,NGIQ-BR-00000177,0.41229731,NGIQ-BR-00000165,0.02288683,0.10570478,1.2564,0.97467191,0.02532809,2.4497,TRUE,MULTI_TARGET_CONCENTRATED,one_to_one,G4_G3_OVERLAP_INTERPRETATION_V1,,
148,AREA_ID2_INSULA_RIGHT.nii.gz,JULICH_BRAIN_CYTOARCHITECTONIC_ATLAS_V3_1_AREA_ID2_INSULA,Area Id2 (Insula) right,right,ONE_TO_ONE_CANONICAL,1,JULICH_BRAIN_CYTOARCHITECTONIC_ATLAS_V3_1_AREA_ID2_INSULA_RIGHT,NGIQ-BR-00000014,INS_R_6_1,217.11110462,0.43854996,0.0870736,0.44034464,0.28367458,NGIQ-BR-00000178,0.36684158,NGIQ-BR-00000088,0.07170838,1.1955,4.1015,NGIQ-BR-00000178,INS_R_6_5,0.43190711,NGIQ-BR-00000014,0.42425928,NGIQ-BR-00000088,0.06672549,0.00764783,1.018,0.96921434,0.03078566,2.9961,FALSE,PROBABILITY_HARDLABEL_DISAGREEMENT,PP_HARDLABEL_TOP1_DISAGREE|one_to_one,G4_G3_OVERLAP_INTERPRETATION_V1,,
149,AREA_ID3_INSULA_LEFT.nii.gz,JULICH_BRAIN_CYTOARCHITECTONIC_ATLAS_V3_1_AREA_ID3_INSULA,Area Id3 (Insula) left,left,ONE_TO_ONE_CANONICAL,1,JULICH_BRAIN_CYTOARCHITECTONIC_ATLAS_V3_1_AREA_ID3_INSULA_LEFT,NGIQ-BR-00000175,INS_L_6_4,330.54502416,0.47092669,0.14070563,0.53393769,0.43498284,NGIQ-BR-00000013,0.20987587,NGIQ-BR-00000091,0.26105082,2.2438,5.2271,NGIQ-BR-00000175,INS_L_6_4,0.56992552,NGIQ-BR-00000091,0.16442404,NGIQ-BR-00000013,0.15735306,0.40550147,3.4662,0.95844279,0.04155721,3.1172,TRUE,DIFFUSE_ASSOCIATION,one_to_one,G4_G3_OVERLAP_INTERPRETATION_V1,,
150,AREA_ID3_INSULA_RIGHT.nii.gz,JULICH_BRAIN_CYTOARCHITECTONIC_ATLAS_V3_1_AREA_ID3_INSULA,Area Id3 (Insula) right,right,ONE_TO_ONE_CANONICAL,1,JULICH_BRAIN_CYTOARCHITECTONIC_ATLAS_V3_1_AREA_ID3_INSULA_RIGHT,NGIQ-BR-00000176,INS_R_6_4,427.65194646,0.44756052,0.19776839,0.64467158,0.57937522,NGIQ-BR-00000014,0.21953724,NGIQ-BR-00000092,0.22802327,2.0387,4.916,NGIQ-BR-00000176,INS_R_6_4,0.56292174,NGIQ-BR-00000014,0.18820738,NGIQ-BR-00000092,0.14552881,0.37471436,2.991,0.94964704,0.05035296,3.0706,TRUE,DIFFUSE_ASSOCIATION,one_to_one,G4_G3_OVERLAP_INTERPRETATION_V1,,
151,AREA_ID4_INSULA_LEFT.nii.gz,JULICH_BRAIN_CYTOARCHITECTONIC_ATLAS_V3_1_AREA_ID4_INSULA,Area Id4 (Insula) left,left,ONE_TO_ONE_CANONICAL,1,JULICH_BRAIN_CYTOARCHITECTONIC_ATLAS_V3_1_AREA_ID4_INSULA_LEFT,NGIQ-BR-00000177,INS_L_6_5,314.17101798,0.47262914,0.11739696,0.51067336,0.37312708,NGIQ-BR-00000179,0.30985857,NGIQ-BR-00000077,0.16277057,1.5253,3.4115,NGIQ-BR-00000177,INS_L_6_5,0.48016114,NGIQ-BR-00000179,0.31950065,NGIQ-BR-00000077,0.13043051,0.16066049,1.5028,0.93714559,0.06285441,2.7889,TRUE,MULTI_TARGET_CONCENTRATED,one_to_one,G4_G3_OVERLAP_INTERPRETATION_V1,,
152,AREA_ID4_INSULA_RIGHT.nii.gz,JULICH_BRAIN_CYTOARCHITECTONIC_ATLAS_V3_1_AREA_ID4_INSULA,Area Id4 (Insula) right,right,ONE_TO_ONE_CANONICAL,1,JULICH_BRAIN_CYTOARCHITECTONIC_ATLAS_V3_1_AREA_ID4_INSULA_RIGHT,NGIQ-BR-00000178,INS_R_6_5,339.64030872,0.38294318,0.13670605,0.53678009,0.44761994,NGIQ-BR-00000180,0.37674204,NGIQ-BR-00000078,0.00620114,1.0165,4.1342,NGIQ-BR-00000180,INS_R_6_6,0.4062847,NGIQ-BR-00000178,0.34104387,NGIQ-BR-00000078,0.05934429,0.06524083,1.1913,0.87266002,0.12733998,3.1405,FALSE,PROBABILITY_HARDLABEL_DISAGREEMENT,PP_HARDLABEL_TOP1_DISAGREE|one_to_one,G4_G3_OVERLAP_INTERPRETATION_V1,,
153,AREA_ID5_INSULA_LEFT.nii.gz,JULICH_BRAIN_CYTOARCHITECTONIC_ATLAS_V3_1_AREA_ID5_INSULA,Area Id5 (Insula) left,left,ONE_TO_ONE_CANONICAL,1,JULICH_BRAIN_CYTOARCHITECTONIC_ATLAS_V3_1_AREA_ID5_INSULA_LEFT,NGIQ-BR-00000177,INS_L_6_5,265.23703524,0.52127896,0.09911169,0.49232887,0.32710798,NGIQ-BR-00000175,0.12387435,NGIQ-BR-00000179,0.3974046,4.2081,3.5259,NGIQ-BR-00000177,INS_L_6_5,0.69089774,NGIQ-BR-00000175,0.11848021,NGIQ-BR-00000179,0.05339225,0.57241753,5.8313,0.87582314,0.12417686,2.0297,TRUE,DIFFUSE_ASSOCIATION,one_to_one,G4_G3_OVERLAP_INTERPRETATION_V1,,
154,AREA_ID5_INSULA_RIGHT.nii.gz,JULICH_BRAIN_CYTOARCHITECTONIC_ATLAS_V3_1_AREA_ID5_INSULA,Area Id5 (Insula) right,right,ONE_TO_ONE_CANONICAL,1,JULICH_BRAIN_CYTOARCHITECTONIC_ATLAS_V3_1_AREA_ID5_INSULA_RIGHT,NGIQ-BR-00000178,INS_R_6_5,405.28418961,0.49393396,0.16312787,0.61345026,0.52355079,NGIQ-BR-00000180,0.16996659,NGIQ-BR-00000014,0.32396736,2.9061,4.2151,NGIQ-BR-00000178,INS_R_6_5,0.69501334,NGIQ-BR-00000180,0.08902477,NGIQ-BR-00000176,0.06526289,0.60598856,7.807,0.89293711,0.10706289,2.2606,TRUE,DIFFUSE_ASSOCIATION,one_to_one,G4_G3_OVERLAP_INTERPRETATION_V1,,
155,AREA_ID6_INSULA_LEFT.nii.gz,JULICH_BRAIN_CYTOARCHITECTONIC_ATLAS_V3_1_AREA_ID6_INSULA,Area Id6 (Insula) left,left,ONE_TO_ONE_CANONICAL,1,JULICH_BRAIN_CYTOARCHITECTONIC_ATLAS_V3_1_AREA_ID6_INSULA_LEFT,NGIQ-BR-00000179,INS_L_6_6,853.81480316,0.40422656,0.32924732,0.73994681,0.73439929,NGIQ-BR-00000173,0.30300925,NGIQ-BR-00000053,0.1012173,1.334,4.5237,NGIQ-BR-00000179,INS_L_6_6,0.49276001,NGIQ-BR-00000173,0.27868064,NGIQ-BR-00000053,0.07910796,0.21407937,1.7682,0.87891328,0.12108672,2.8597,TRUE,MULTI_TARGET_CONCENTRATED,one_to_one,G4_G3_OVERLAP_INTERPRETATION_V1,,
156,AREA_ID6_INSULA_RIGHT.nii.gz,JULICH_BRAIN_CYTOARCHITECTONIC_ATLAS_V3_1_AREA_ID6_INSULA,Area Id6 (Insula) right,right,ONE_TO_ONE_CANONICAL,1,JULICH_BRAIN_CYTOARCHITECTONIC_ATLAS_V3_1_AREA_ID6_INSULA_RIGHT,NGIQ-BR-00000180,INS_R_6_6,930.80979929,0.43707845,0.33855882,0.78693668,0.7794087,NGIQ-BR-00000174,0.32620146,NGIQ-BR-00000054,0.11087699,1.3399,3.9926,NGIQ-BR-00000180,INS_R_6_6,0.50877983,NGIQ-BR-00000174,0.26533113,NGIQ-BR-00000054,0.0790071,0.2434487,1.9175,0.88212629,0.11787371,2.8194,TRUE,MULTI_TARGET_CONCENTRATED,one_to_one,G4_G3_OVERLAP_INTERPRETATION_V1,,
157,AREA_ID7_INSULA_LEFT.nii.gz,JULICH_BRAIN_CYTOARCHITECTONIC_ATLAS_V3_1_AREA_ID7_INSULA,Area Id7 (Insula) left,left,ONE_TO_ONE_CANONICAL,1,JULICH_BRAIN_CYTOARCHITECTONIC_ATLAS_V3_1_AREA_ID7_INSULA_LEFT,NGIQ-BR-00000173,INS_L_6_3,309.9384704,0.41437522,0.13413664,0.45811202,0.37027128,NGIQ-BR-00000053,0.26358036,NGIQ-BR-00000067,0.15079486,1.5721,4.8272,NGIQ-BR-00000173,INS_L_6_3,0.49884358,NGIQ-BR-00000053,0.22076346,NGIQ-BR-00000067,0.15367299,0.27808012,2.2596,0.87337817,0.12662183,2.6493,TRUE,MULTI_TARGET_CONCENTRATED,one_to_one,G4_G3_OVERLAP_INTERPRETATION_V1,,
158,AREA_ID7_INSULA_RIGHT.nii.gz,JULICH_BRAIN_CYTOARCHITECTONIC_ATLAS_V3_1_AREA_ID7_INSULA,Area Id7 (Insula) right,right,ONE_TO_ONE_CANONICAL,1,JULICH_BRAIN_CYTOARCHITECTONIC_ATLAS_V3_1_AREA_ID7_INSULA_RIGHT,NGIQ-BR-00000054,IFG_R_6_5,360.1853066,0.3893728,0.06745992,0.31591027,0.18063319,NGIQ-BR-00000174,0.30845029,NGIQ-BR-00000068,0.08092251,1.2624,4.8953,NGIQ-BR-00000054,IFG_R_6_5,0.39669424,NGIQ-BR-00000174,0.32843644,NGIQ-BR-00000068,0.08682589,0.0682578,1.2078,0.81300682,0.18699318,2.6235,TRUE,DIFFUSE_ASSOCIATION,one_to_one,G4_G3_OVERLAP_INTERPRETATION_V1,,
159,AREA_ID8_INSULA_LEFT.nii.gz,JULICH_BRAIN_CYTOARCHITECTONIC_ATLAS_V3_1_AREA_ID8_INSULA,Area Id8 (Insula) left,left,ONE_TO_ONE_CANONICAL,1,JULICH_BRAIN_CYTOARCHITECTONIC_ATLAS_V3_1_AREA_ID8_INSULA_LEFT,NGIQ-BR-00000173,INS_L_6_3,265.59263406,0.32913713,0.11494444,0.39768478,0.31897042,NGIQ-BR-00000067,0.25017763,NGIQ-BR-00000171,0.0789595,1.3156,5.9096,NGIQ-BR-00000173,INS_L_6_3,0.39435432,NGIQ-BR-00000067,0.29286294,NGIQ-BR-00000171,0.194859,0.10149138,1.3465,0.92653492,0.07346508,3.5106,TRUE,DIFFUSE_ASSOCIATION,one_to_one,G4_G3_OVERLAP_INTERPRETATION_V1,,
160,AREA_ID8_INSULA_RIGHT.nii.gz,JULICH_BRAIN_CYTOARCHITECTONIC_ATLAS_V3_1_AREA_ID8_INSULA,Area Id8 (Insula) right,right,ONE_TO_ONE_CANONICAL,1,JULICH_BRAIN_CYTOARCHITECTONIC_ATLAS_V3_1_AREA_ID8_INSULA_RIGHT,NGIQ-BR-00000174,INS_R_6_3,336.02273369,0.34493372,0.15006917,0.4838933,0.41858827,NGIQ-BR-00000068,0.20254956,NGIQ-BR-00000172,0.14238417,1.703,6.9179,NGIQ-BR-00000174,INS_R_6_3,0.40316256,NGIQ-BR-00000068,0.22686259,NGIQ-BR-00000172,0.1740836,0.17629996,1.7771,0.91885188,0.08114812,3.676,TRUE,MULTI_TARGET_CONCENTRATED,one_to_one,G4_G3_OVERLAP_INTERPRETATION_V1,,
161,AREA_ID9_INSULA_LEFT.nii.gz,JULICH_BRAIN_CYTOARCHITECTONIC_ATLAS_V3_1_AREA_ID9_INSULA,Area Id9 (Insula) left,left,ONE_TO_ONE_CANONICAL,1,JULICH_BRAIN_CYTOARCHITECTONIC_ATLAS_V3_1_AREA_ID9_INSULA_LEFT,NGIQ-BR-00000179,INS_L_6_6,118.99043306,0.30112893,0.04588499,0.27948545,0.16484914,NGIQ-BR-00000175,0.30045604,NGIQ-BR-00000173,0.0006729,1.0022,5.1811,NGIQ-BR-00000179,INS_L_6_6,0.41236659,NGIQ-BR-00000175,0.33325323,NGIQ-BR-00000171,0.09410445,0.07911336,1.2374,0.96371077,0.03628923,3.8359,TRUE,MULTI_TARGET_CONCENTRATED,one_to_one,G4_G3_OVERLAP_INTERPRETATION_V1,,
162,AREA_ID9_INSULA_RIGHT.nii.gz,JULICH_BRAIN_CYTOARCHITECTONIC_ATLAS_V3_1_AREA_ID9_INSULA,Area Id9 (Insula) right,right,ONE_TO_ONE_CANONICAL,1,JULICH_BRAIN_CYTOARCHITECTONIC_ATLAS_V3_1_AREA_ID9_INSULA_RIGHT,NGIQ-BR-00000176,INS_R_6_4,172.08723479,0.21797784,0.07958204,0.28087812,0.2431748,NGIQ-BR-00000180,0.21150797,NGIQ-BR-00000174,0.00646988,1.0306,6.2022,NGIQ-BR-00000176,INS_R_6_4,0.29718009,NGIQ-BR-00000180,0.22937476,NGIQ-BR-00000172,0.19805043,0.06780533,1.2956,0.9563735,0.0436265,5.0282,TRUE,DIFFUSE_ASSOCIATION,one_to_one,G4_G3_OVERLAP_INTERPRETATION_V1,,
163,AREA_IFJ1_IFS_PRECS_LEFT.nii.gz,JULICH_BRAIN_CYTOARCHITECTONIC_ATLAS_V3_1_AREA_IFJ1_IFS_PRECS,"Area IFJ1 (IFS, PreCS) left",left,ONE_TO_ONE_CANONICAL,1,JULICH_BRAIN_CYTOARCHITECTONIC_ATLAS_V3_1_AREA_IFJ1_IFS_PRECS_LEFT,NGIQ-BR-00000035,MFG_L_7_2,440.23668114,0.38953949,0.06466653,0.38459283,0.22935962,NGIQ-BR-00000003,0.24524009,NGIQ-BR-00000047,0.1442994,1.5884,4.9631,NGIQ-BR-00000035,MFG_L_7_2,0.4881682,NGIQ-BR-00000003,0.29816646,NGIQ-BR-00000079,0.02248459,0.19000174,1.6372,0.81624959,0.18375041,2.274,TRUE,MULTI_TARGET_CONCENTRATED,one_to_one,G4_G3_OVERLAP_INTERPRETATION_V1,,
164,AREA_IFJ1_IFS_PRECS_RIGHT.nii.gz,JULICH_BRAIN_CYTOARCHITECTONIC_ATLAS_V3_1_AREA_IFJ1_IFS_PRECS,"Area IFJ1 (IFS, PreCS) right",right,ONE_TO_ONE_CANONICAL,1,JULICH_BRAIN_CYTOARCHITECTONIC_ATLAS_V3_1_AREA_IFJ1_IFS_PRECS_RIGHT,NGIQ-BR-00000004,IFG_R_6_1,296.10591666,0.34757792,0.10168893,0.54565841,0.34053563,NGIQ-BR-00000036,0.32709881,NGIQ-BR-00000042,0.0204791,1.0626,5.2561,NGIQ-BR-00000004,IFG_R_6_1,0.48287397,NGIQ-BR-00000036,0.29175303,NGIQ-BR-00000042,0.05539297,0.19112095,1.6551,0.89089205,0.10910795,3.1043,TRUE,MULTI_TARGET_CONCENTRATED,one_to_one,G4_G3_OVERLAP_INTERPRETATION_V1,,
165,AREA_IFJ2_IFS_PRECS_LEFT.nii.gz,JULICH_BRAIN_CYTOARCHITECTONIC_ATLAS_V3_1_AREA_IFJ2_IFS_PRECS,"Area IFJ2 (IFS, PreCS) left",left,ONE_TO_ONE_CANONICAL,1,JULICH_BRAIN_CYTOARCHITECTONIC_ATLAS_V3_1_AREA_IFJ2_IFS_PRECS_LEFT,NGIQ-BR-00000035,MFG_L_7_2,452.39248255,0.37821976,0.0664521,0.38462016,0.23440161,NGIQ-BR-00000079,0.2821026,NGIQ-BR-00000003,0.09611716,1.3407,4.753,NGIQ-BR-00000035,MFG_L_7_2,0.36921284,NGIQ-BR-00000079,0.3121113,NGIQ-BR-00000003,0.24573805,0.05710154,1.183,0.92722332,0.07277668,2.9643,TRUE,DIFFUSE_ASSOCIATION,one_to_one,G4_G3_OVERLAP_INTERPRETATION_V1,,
166,AREA_IFJ2_IFS_PRECS_RIGHT.nii.gz,JULICH_BRAIN_CYTOARCHITECTONIC_ATLAS_V3_1_AREA_IFJ2_IFS_PRECS,"Area IFJ2 (IFS, PreCS) right",right,ONE_TO_ONE_CANONICAL,1,JULICH_BRAIN_CYTOARCHITECTONIC_ATLAS_V3_1_AREA_IFJ2_IFS_PRECS_RIGHT,NGIQ-BR-00000004,IFG_R_6_1,277.61861023,0.69577176,0.09534,0.56343046,0.32552154,NGIQ-BR-00000056,0.12826112,NGIQ-BR-00000080,0.56751064,5.4247,2.8386,NGIQ-BR-00000004,IFG_R_6_1,0.71730085,NGIQ-BR-00000080,0.19783813,NGIQ-BR-00000036,0.00879405,0.51946272,3.6257,0.92803504,0.07196496,1.8161,TRUE,SINGLE_TARGET_CONCENTRATED,one_to_one,G4_G3_OVERLAP_INTERPRETATION_V1,,
167,AREA_IFS1_IFS_LEFT.nii.gz,JULICH_BRAIN_CYTOARCHITECTONIC_ATLAS_V3_1_AREA_IFS1_IFS,Area IFS1 (IFS) left,left,ONE_TO_ONE_CANONICAL,1,JULICH_BRAIN_CYTOARCHITECTONIC_ATLAS_V3_1_AREA_IFS1_IFS_LEFT,NGIQ-BR-00000039,MFG_L_7_4,131.07307622,0.34717108,0.01423402,0.16768747,0.06121733,NGIQ-BR-00000035,0.28138791,NGIQ-BR-00000047,0.06578317,1.2338,5.6981,NGIQ-BR-00000039,MFG_L_7_4,0.41639574,NGIQ-BR-00000047,0.30011051,NGIQ-BR-00000035,0.20517261,0.11628523,1.3875,0.92414187,0.07585813,2.9349,TRUE,MULTI_TARGET_CONCENTRATED,one_to_one,G4_G3_OVERLAP_INTERPRETATION_V1,,
168,AREA_IFS1_IFS_RIGHT.nii.gz,JULICH_BRAIN_CYTOARCHITECTONIC_ATLAS_V3_1_AREA_IFS1_IFS,Area IFS1 (IFS) right,right,ONE_TO_ONE_CANONICAL,1,JULICH_BRAIN_CYTOARCHITECTONIC_ATLAS_V3_1_AREA_IFS1_IFS_RIGHT,NGIQ-BR-00000040,MFG_R_7_4,188.57816704,0.17954917,0.02216423,0.16123486,0.08812941,NGIQ-BR-00000042,0.16274276,NGIQ-BR-00000036,0.01680641,1.1033,6.5729,NGIQ-BR-00000040,MFG_R_7_4,0.19628592,NGIQ-BR-00000042,0.15599975,NGIQ-BR-00000004,0.13408852,0.04028618,1.2582,0.62167507,0.37832493,4.9965,TRUE,DIFFUSE_ASSOCIATION,one_to_one,G4_G3_OVERLAP_INTERPRETATION_V1,,
169,AREA_IFS2_IFS_LEFT.nii.gz,JULICH_BRAIN_CYTOARCHITECTONIC_ATLAS_V3_1_AREA_IFS2_IFS,Area IFS2 (IFS) left,left,ONE_TO_ONE_CANONICAL,1,JULICH_BRAIN_CYTOARCHITECTONIC_ATLAS_V3_1_AREA_IFS2_IFS_LEFT,NGIQ-BR-00000047,IFG_L_6_2,129.22844951,0.3293182,0.03549197,0.32380177,0.14376835,NGIQ-BR-00000003,0.15499723,NGIQ-BR-00000039,0.17432097,2.1247,6.1734,NGIQ-BR-00000047,IFG_L_6_2,0.48725168,NGIQ-BR-00000039,0.11788588,NGIQ-BR-00000035,0.09859479,0.36936581,4.1332,0.84375814,0.15624186,3.6252,TRUE,DIFFUSE_ASSOCIATION,one_to_one,G4_G3_OVERLAP_INTERPRETATION_V1,,
170,AREA_IFS2_IFS_RIGHT.nii.gz,JULICH_BRAIN_CYTOARCHITECTONIC_ATLAS_V3_1_AREA_IFS2_IFS,Area IFS2 (IFS) right,right,ONE_TO_ONE_CANONICAL,1,JULICH_BRAIN_CYTOARCHITECTONIC_ATLAS_V3_1_AREA_IFS2_IFS_RIGHT,NGIQ-BR-00000040,MFG_R_7_4,131.94786725,0.22877773,0.01550828,0.15140801,0.06397764,NGIQ-BR-00000004,0.1826502,NGIQ-BR-00000042,0.04612753,1.2525,6.7489,NGIQ-BR-00000004,IFG_R_6_1,0.3325925,NGIQ-BR-00000040,0.23682061,NGIQ-BR-00000042,0.17567413,0.09577189,1.4044,0.91598272,0.08401728,4.2799,FALSE,PROBABILITY_HARDLABEL_DISAGREEMENT,PP_HARDLABEL_TOP1_DISAGREE|one_to_one,G4_G3_OVERLAP_INTERPRETATION_V1,,
171,AREA_IFS3_IFS_LEFT.nii.gz,JULICH_BRAIN_CYTOARCHITECTONIC_ATLAS_V3_1_AREA_IFS3_IFS,Area IFS3 (IFS) left,left,ONE_TO_ONE_CANONICAL,1,JULICH_BRAIN_CYTOARCHITECTONIC_ATLAS_V3_1_AREA_IFS3_IFS_LEFT,NGIQ-BR-00000035,MFG_L_7_2,244.32225703,0.54207351,0.03588859,0.31595698,0.13450301,NGIQ-BR-00000039,0.20394613,NGIQ-BR-00000041,0.33812738,2.6579,4.4697,NGIQ-BR-00000035,MFG_L_7_2,0.90096288,NGIQ-BR-00000003,0.04913731,NGIQ-BR-00000039,0.00924417,0.85182557,18.3356,0.96205714,0.03794286,1.3159,TRUE,SINGLE_TARGET_CONCENTRATED,one_to_one,G4_G3_OVERLAP_INTERPRETATION_V1,,
172,AREA_IFS3_IFS_RIGHT.nii.gz,JULICH_BRAIN_CYTOARCHITECTONIC_ATLAS_V3_1_AREA_IFS3_IFS,Area IFS3 (IFS) right,right,ONE_TO_ONE_CANONICAL,1,JULICH_BRAIN_CYTOARCHITECTONIC_ATLAS_V3_1_AREA_IFS3_IFS_RIGHT,NGIQ-BR-00000042,MFG_R_7_5,384.58290536,0.28766515,0.04894123,0.36388681,0.25139106,NGIQ-BR-00000036,0.21473773,NGIQ-BR-00000040,0.07292743,1.3396,4.7118,NGIQ-BR-00000042,MFG_R_7_5,0.43314293,NGIQ-BR-00000036,0.15950167,NGIQ-BR-00000004,0.0758633,0.27364127,2.7156,0.71493453,0.28506547,2.9931,TRUE,DIFFUSE_ASSOCIATION,one_to_one,G4_G3_OVERLAP_INTERPRETATION_V1,,
173,AREA_IFS4_IFS_LEFT.nii.gz,JULICH_BRAIN_CYTOARCHITECTONIC_ATLAS_V3_1_AREA_IFS4_IFS,Area IFS4 (IFS) left,left,ONE_TO_ONE_CANONICAL,1,JULICH_BRAIN_CYTOARCHITECTONIC_ATLAS_V3_1_AREA_IFS4_IFS_LEFT,NGIQ-BR-00000003,IFG_L_6_1,179.45621805,0.30309131,0.06328296,0.36846171,0.22025326,NGIQ-BR-00000035,0.23607064,NGIQ-BR-00000047,0.06702067,1.2839,5.6804,NGIQ-BR-00000003,IFG_L_6_1,0.37468186,NGIQ-BR-00000035,0.33555783,NGIQ-BR-00000047,0.18941897,0.03912403,1.1166,0.91847229,0.08152771,3.1442,TRUE,DIFFUSE_ASSOCIATION,one_to_one,G4_G3_OVERLAP_INTERPRETATION_V1,,
174,AREA_IFS4_IFS_RIGHT.nii.gz,JULICH_BRAIN_CYTOARCHITECTONIC_ATLAS_V3_1_AREA_IFS4_IFS,Area IFS4 (IFS) right,right,ONE_TO_ONE_CANONICAL,1,JULICH_BRAIN_CYTOARCHITECTONIC_ATLAS_V3_1_AREA_IFS4_IFS_RIGHT,NGIQ-BR-00000036,MFG_R_7_2,249.64520083,0.30959626,0.0375164,0.29768937,0.12972914,NGIQ-BR-00000042,0.20539533,NGIQ-BR-00000004,0.10420092,1.5073,5.9826,NGIQ-BR-00000004,IFG_R_6_1,0.34043907,NGIQ-BR-00000036,0.22992131,NGIQ-BR-00000042,0.22712005,0.11051776,1.4807,0.92755129,0.07244871,4.1856,FALSE,PROBABILITY_HARDLABEL_DISAGREEMENT,PP_HARDLABEL_TOP1_DISAGREE|one_to_one,G4_G3_OVERLAP_INTERPRETATION_V1,,
175,AREA_IG1_INSULA_LEFT.nii.gz,JULICH_BRAIN_CYTOARCHITECTONIC_ATLAS_V3_1_AREA_IG1_INSULA,Area Ig1 (Insula) left,left,ONE_TO_ONE_CANONICAL,1,JULICH_BRAIN_CYTOARCHITECTONIC_ATLAS_V3_1_AREA_IG1_INSULA_LEFT,NGIQ-BR-00000013,INS_L_6_1,281.69672629,0.64395968,0.09888579,0.50242225,0.2896311,NGIQ-BR-00000087,0.15132498,NGIQ-BR-00000175,0.49263469,4.2555,2.8648,NGIQ-BR-00000013,INS_L_6_1,0.74307055,NGIQ-BR-00000087,0.06132988,NGIQ-BR-00000153,0.00619028,0.68174067,12.116,0.81481171,0.18518829,1.4136,TRUE,SINGLE_TARGET_CONCENTRATED,one_to_one,G4_G3_OVERLAP_INTERPRETATION_V1,,
176,AREA_IG1_INSULA_RIGHT.nii.gz,JULICH_BRAIN_CYTOARCHITECTONIC_ATLAS_V3_1_AREA_IG1_INSULA,Area Ig1 (Insula) right,right,ONE_TO_ONE_CANONICAL,1,JULICH_BRAIN_CYTOARCHITECTONIC_ATLAS_V3_1_AREA_IG1_INSULA_RIGHT,NGIQ-BR-00000014,INS_R_6_1,248.43794877,0.55344219,0.0996374,0.51775531,0.3266364,NGIQ-BR-00000088,0.16666686,NGIQ-BR-00000178,0.38677533,3.3206,3.5305,NGIQ-BR-00000014,INS_R_6_1,0.69375384,NGIQ-BR-00000088,0.10090446,NGIQ-BR-00000154,0.03910945,0.59284938,6.8754,0.84259756,0.15740244,1.8353,TRUE,DIFFUSE_ASSOCIATION,one_to_one,G4_G3_OVERLAP_INTERPRETATION_V1,,
177,AREA_IG2_INSULA_LEFT.nii.gz,JULICH_BRAIN_CYTOARCHITECTONIC_ATLAS_V3_1_AREA_IG2_INSULA,Area Ig2 (Insula) left,left,ONE_TO_ONE_CANONICAL,1,JULICH_BRAIN_CYTOARCHITECTONIC_ATLAS_V3_1_AREA_IG2_INSULA_LEFT,NGIQ-BR-00000013,INS_L_6_1,278.77321667,0.66276025,0.09785953,0.58644712,0.2941893,NGIQ-BR-00000175,0.12690695,NGIQ-BR-00000087,0.5358533,5.2224,3.1637,NGIQ-BR-00000013,INS_L_6_1,0.79060201,NGIQ-BR-00000087,0.06191224,NGIQ-BR-00000175,0.05064357,0.72868978,12.7697,0.92704461,0.07295539,1.7939,TRUE,SINGLE_TARGET_CONCENTRATED,one_to_one,G4_G3_OVERLAP_INTERPRETATION_V1,,
178,AREA_IG2_INSULA_RIGHT.nii.gz,JULICH_BRAIN_CYTOARCHITECTONIC_ATLAS_V3_1_AREA_IG2_INSULA,Area Ig2 (Insula) right,right,ONE_TO_ONE_CANONICAL,1,JULICH_BRAIN_CYTOARCHITECTONIC_ATLAS_V3_1_AREA_IG2_INSULA_RIGHT,NGIQ-BR-00000014,INS_R_6_1,390.31011461,0.58206791,0.15653601,0.63453672,0.47865941,NGIQ-BR-00000088,0.17085906,NGIQ-BR-00000178,0.41120885,3.4067,4.0747,NGIQ-BR-00000014,INS_R_6_1,0.72807444,NGIQ-BR-00000088,0.09609019,NGIQ-BR-00000176,0.03322594,0.63198424,7.577,0.91822126,0.08177874,2.1965,TRUE,SINGLE_TARGET_CONCENTRATED,one_to_one,G4_G3_OVERLAP_INTERPRETATION_V1,,
179,AREA_IG3_INSULA_LEFT.nii.gz,JULICH_BRAIN_CYTOARCHITECTONIC_ATLAS_V3_1_AREA_IG3_INSULA,Area Ig3 (Insula) left,left,ONE_TO_ONE_CANONICAL,1,JULICH_BRAIN_CYTOARCHITECTONIC_ATLAS_V3_1_AREA_IG3_INSULA_LEFT,NGIQ-BR-00000177,INS_L_6_5,166.18307948,0.59588346,0.06209799,0.49805793,0.22225347,NGIQ-BR-00000013,0.29799514,NGIQ-BR-00000165,0.29788833,1.9996,2.8466,NGIQ-BR-00000177,INS_L_6_5,0.6605754,NGIQ-BR-00000013,0.23624567,NGIQ-BR-00000165,0.06739806,0.42432973,2.7961,0.96885098,0.03114902,2.2666,TRUE,MULTI_TARGET_CONCENTRATED,one_to_one,G4_G3_OVERLAP_INTERPRETATION_V1,,
180,AREA_IG3_INSULA_RIGHT.nii.gz,JULICH_BRAIN_CYTOARCHITECTONIC_ATLAS_V3_1_AREA_IG3_INSULA,Area Ig3 (Insula) right,right,ONE_TO_ONE_CANONICAL,1,JULICH_BRAIN_CYTOARCHITECTONIC_ATLAS_V3_1_AREA_IG3_INSULA_RIGHT,NGIQ-BR-00000178,INS_R_6_5,238.14379957,0.54069532,0.09585346,0.56788946,0.35895119,NGIQ-BR-00000014,0.2166511,NGIQ-BR-00000166,0.32404422,2.4957,3.8625,NGIQ-BR-00000178,INS_R_6_5,0.62050807,NGIQ-BR-00000014,0.13268224,NGIQ-BR-00000166,0.08475949,0.48782583,4.6766,0.90055049,0.09944951,2.6152,TRUE,DIFFUSE_ASSOCIATION,one_to_one,G4_G3_OVERLAP_INTERPRETATION_V1,,
181,AREA_MFG1_MFG_LEFT.nii.gz,JULICH_BRAIN_CYTOARCHITECTONIC_ATLAS_V3_1_AREA_MFG1_MFG,Area MFG1 (MFG) left,left,ONE_TO_ONE_CANONICAL,1,JULICH_BRAIN_CYTOARCHITECTONIC_ATLAS_V3_1_AREA_MFG1_MFG_LEFT,NGIQ-BR-00000037,MFG_L_7_3,294.31420766,0.33281448,0.03293328,0.2923811,0.16631106,NGIQ-BR-00000033,0.30741452,NGIQ-BR-00000039,0.02539995,1.0826,3.5047,NGIQ-BR-00000037,MFG_L_7_3,0.33956024,NGIQ-BR-00000033,0.32411708,NGIQ-BR-00000039,0.31039449,0.01544316,1.0476,0.9741021,0.0258979,2.9989,TRUE,DIFFUSE_ASSOCIATION,one_to_one,G4_G3_OVERLAP_INTERPRETATION_V1,,
182,AREA_MFG1_MFG_RIGHT.nii.gz,JULICH_BRAIN_CYTOARCHITECTONIC_ATLAS_V3_1_AREA_MFG1_MFG,Area MFG1 (MFG) right,right,ONE_TO_ONE_CANONICAL,1,JULICH_BRAIN_CYTOARCHITECTONIC_ATLAS_V3_1_AREA_MFG1_MFG_RIGHT,NGIQ-BR-00000038,MFG_R_7_3,430.26541378,0.38623266,0.04554139,0.34010997,0.18202305,NGIQ-BR-00000034,0.24310516,NGIQ-BR-00000040,0.1431275,1.5887,4.115,NGIQ-BR-00000040,MFG_R_7_4,0.45521414,NGIQ-BR-00000038,0.35476732,NGIQ-BR-00000034,0.16117858,0.10044683,1.2831,0.9779447,0.0220553,2.8732,FALSE,PROBABILITY_HARDLABEL_DISAGREEMENT,PP_HARDLABEL_TOP1_DISAGREE|one_to_one,G4_G3_OVERLAP_INTERPRETATION_V1,,
183,AREA_MFG2_MFG_LEFT.nii.gz,JULICH_BRAIN_CYTOARCHITECTONIC_ATLAS_V3_1_AREA_MFG2_MFG,Area MFG2 (MFG) left,left,ONE_TO_ONE_CANONICAL,1,JULICH_BRAIN_CYTOARCHITECTONIC_ATLAS_V3_1_AREA_MFG2_MFG_LEFT,NGIQ-BR-00000037,MFG_L_7_3,475.25485953,0.47703977,0.05318025,0.44873285,0.26602985,NGIQ-BR-00000033,0.27156613,NGIQ-BR-00000039,0.20547364,1.7566,3.6941,NGIQ-BR-00000037,MFG_L_7_3,0.78125116,NGIQ-BR-00000033,0.12972639,NGIQ-BR-00000023,0.01859894,0.65152478,6.0223,0.9391738,0.0608262,1.7352,TRUE,SINGLE_TARGET_CONCENTRATED,one_to_one,G4_G3_OVERLAP_INTERPRETATION_V1,,
184,AREA_MFG2_MFG_RIGHT.nii.gz,JULICH_BRAIN_CYTOARCHITECTONIC_ATLAS_V3_1_AREA_MFG2_MFG,Area MFG2 (MFG) right,right,ONE_TO_ONE_CANONICAL,1,JULICH_BRAIN_CYTOARCHITECTONIC_ATLAS_V3_1_AREA_MFG2_MFG_RIGHT,NGIQ-BR-00000038,MFG_R_7_3,762.03726286,0.5988839,0.08065774,0.54786685,0.31723526,NGIQ-BR-00000040,0.14818518,NGIQ-BR-00000046,0.45069872,4.0415,3.1847,NGIQ-BR-00000038,MFG_R_7_3,0.71051626,NGIQ-BR-00000040,0.21649686,NGIQ-BR-00000046,0.03203252,0.4940194,3.2819,0.9596442,0.0403558,1.9674,TRUE,SINGLE_TARGET_CONCENTRATED,one_to_one,G4_G3_OVERLAP_INTERPRETATION_V1,,
185,AREA_MFG4_MFG_LEFT.nii.gz,JULICH_BRAIN_CYTOARCHITECTONIC_ATLAS_V3_1_AREA_MFG4_MFG,Area MFG4 (MFG) left,left,ONE_TO_ONE_CANONICAL,1,JULICH_BRAIN_CYTOARCHITECTONIC_ATLAS_V3_1_AREA_MFG4_MFG_LEFT,NGIQ-BR-00000033,MFG_L_7_1,1334.4059444,0.36778929,0.15971977,0.59464109,0.53605808,NGIQ-BR-00000039,0.30693037,NGIQ-BR-00000041,0.06085892,1.1983,4.1936,NGIQ-BR-00000033,MFG_L_7_1,0.45078744,NGIQ-BR-00000039,0.36733841,NGIQ-BR-00000041,0.09412893,0.08344903,1.2272,0.93801036,0.06198964,2.9163,TRUE,MULTI_TARGET_CONCENTRATED,one_to_one,G4_G3_OVERLAP_INTERPRETATION_V1,,
186,AREA_MFG4_MFG_RIGHT.nii.gz,JULICH_BRAIN_CYTOARCHITECTONIC_ATLAS_V3_1_AREA_MFG4_MFG,Area MFG4 (MFG) right,right,ONE_TO_ONE_CANONICAL,1,JULICH_BRAIN_CYTOARCHITECTONIC_ATLAS_V3_1_AREA_MFG4_MFG_RIGHT,NGIQ-BR-00000034,MFG_R_7_1,1532.15605335,0.43615427,0.16610308,0.67499959,0.57889178,NGIQ-BR-00000042,0.16824409,NGIQ-BR-00000038,0.26791018,2.5924,4.2543,NGIQ-BR-00000034,MFG_R_7_1,0.55964318,NGIQ-BR-00000040,0.18560164,NGIQ-BR-00000042,0.11613176,0.37404154,3.0153,0.94320992,0.05679008,3.0834,TRUE,DIFFUSE_ASSOCIATION,one_to_one,G4_G3_OVERLAP_INTERPRETATION_V1,,
187,AREA_MFG5_MFG_IFG_LEFT.nii.gz,JULICH_BRAIN_CYTOARCHITECTONIC_ATLAS_V3_1_AREA_MFG5_MFG_IFG,"Area MFG5 (MFG, IFG) left",left,ONE_TO_ONE_CANONICAL,1,JULICH_BRAIN_CYTOARCHITECTONIC_ATLAS_V3_1_AREA_MFG5_MFG_IFG_LEFT,NGIQ-BR-00000039,MFG_L_7_4,1004.23913773,0.68579409,0.10905645,0.63121758,0.4231358,NGIQ-BR-00000035,0.07714038,NGIQ-BR-00000033,0.60865371,8.8902,3.3826,NGIQ-BR-00000039,MFG_L_7_4,0.90547996,NGIQ-BR-00000047,0.06598195,NGIQ-BR-00000033,0.0012862,0.83949801,13.7231,0.97474126,0.02525874,1.3157,TRUE,SINGLE_TARGET_CONCENTRATED,one_to_one,G4_G3_OVERLAP_INTERPRETATION_V1,,
188,AREA_MFG5_MFG_IFG_RIGHT.nii.gz,JULICH_BRAIN_CYTOARCHITECTONIC_ATLAS_V3_1_AREA_MFG5_MFG_IFG,"Area MFG5 (MFG, IFG) right",right,ONE_TO_ONE_CANONICAL,1,JULICH_BRAIN_CYTOARCHITECTONIC_ATLAS_V3_1_AREA_MFG5_MFG_IFG_RIGHT,NGIQ-BR-00000040,MFG_R_7_4,810.00926116,0.40059565,0.09520314,0.44679469,0.33979656,NGIQ-BR-00000042,0.27969793,NGIQ-BR-00000034,0.12089773,1.4322,5.0678,NGIQ-BR-00000040,MFG_R_7_4,0.45687914,NGIQ-BR-00000042,0.3321672,NGIQ-BR-00000048,0.15989883,0.12471194,1.3754,0.96211253,0.03788747,2.9464,TRUE,MULTI_TARGET_CONCENTRATED,one_to_one,G4_G3_OVERLAP_INTERPRETATION_V1,,
189,AREA_OP10_FRONTAL_OPERCULUM_LEFT.nii.gz,JULICH_BRAIN_CYTOARCHITECTONIC_ATLAS_V3_1_AREA_OP10_FRONTAL_OPERCULUM,Area Op10 (Frontal Operculum) left,left,ONE_TO_ONE_CANONICAL,1,JULICH_BRAIN_CYTOARCHITECTONIC_ATLAS_V3_1_AREA_OP10_FRONTAL_OPERCULUM_LEFT,NGIQ-BR-00000053,IFG_L_6_5,222.98809939,0.32658814,0.04720038,0.2402153,0.13845694,NGIQ-BR-00000051,0.05120544,NGIQ-BR-00000039,0.2753827,6.378,2.7057,NGIQ-BR-00000053,IFG_L_6_5,0.38627059,NGIQ-BR-00000039,0.01401996,NGIQ-BR-00000047,0.00835266,0.37225063,27.5515,0.41340429,0.58659571,1.3731,TRUE,DIFFUSE_ASSOCIATION,one_to_one,G4_G3_OVERLAP_INTERPRETATION_V1,,
190,AREA_OP10_FRONTAL_OPERCULUM_RIGHT.nii.gz,JULICH_BRAIN_CYTOARCHITECTONIC_ATLAS_V3_1_AREA_OP10_FRONTAL_OPERCULUM,Area Op10 (Frontal Operculum) right,right,ONE_TO_ONE_CANONICAL,1,JULICH_BRAIN_CYTOARCHITECTONIC_ATLAS_V3_1_AREA_OP10_FRONTAL_OPERCULUM_RIGHT,NGIQ-BR-00000054,IFG_R_6_5,219.78082434,0.44397226,0.04116324,0.24196158,0.11395857,NGIQ-BR-00000052,0.037816,NGIQ-BR-00000048,0.40615626,11.7403,1.8085,NGIQ-BR-00000054,IFG_R_6_5,0.47323097,NGIQ-BR-00000052,0.00238115,NGIQ-BR-00000048,0.000754,0.47084983,198.7407,0.47679337,0.52320663,1.0523,TRUE,DIFFUSE_ASSOCIATION,one_to_one,G4_G3_OVERLAP_INTERPRETATION_V1,,
191,AREA_OP1_POPERC_LEFT.nii.gz,JULICH_BRAIN_CYTOARCHITECTONIC_ATLAS_V3_1_AREA_OP1_POPERC,Area Op1 (POperc) left,left,ONE_TO_ONE_CANONICAL,1,JULICH_BRAIN_CYTOARCHITECTONIC_ATLAS_V3_1_AREA_OP1_POPERC_LEFT,NGIQ-BR-00000153,IPL_L_6_6,1001.46555891,0.62002704,0.10072143,0.46129877,0.29367412,NGIQ-BR-00000165,0.29343975,NGIQ-BR-00000087,0.32658729,2.113,3.4265,NGIQ-BR-00000153,IPL_L_6_6,0.57932881,NGIQ-BR-00000165,0.33032027,NGIQ-BR-00000087,0.03863993,0.24900855,1.7538,0.96715896,0.03284104,2.4338,TRUE,MULTI_TARGET_CONCENTRATED,one_to_one,G4_G3_OVERLAP_INTERPRETATION_V1,,
192,AREA_OP1_POPERC_RIGHT.nii.gz,JULICH_BRAIN_CYTOARCHITECTONIC_ATLAS_V3_1_AREA_OP1_POPERC,Area Op1 (POperc) right,right,ONE_TO_ONE_CANONICAL,1,JULICH_BRAIN_CYTOARCHITECTONIC_ATLAS_V3_1_AREA_OP1_POPERC_RIGHT,NGIQ-BR-00000154,IPL_R_6_6,860.10792303,0.55412121,0.08097968,0.38657956,0.21331365,NGIQ-BR-00000166,0.33698852,NGIQ-BR-00000088,0.2171327,1.6443,2.9029,NGIQ-BR-00000154,IPL_R_6_6,0.54144603,NGIQ-BR-00000166,0.37433926,NGIQ-BR-00000088,0.0125655,0.16710677,1.4464,0.934467,0.065533,2.1744,TRUE,MULTI_TARGET_CONCENTRATED,one_to_one,G4_G3_OVERLAP_INTERPRETATION_V1,,
193,AREA_OP2_POPERC_LEFT.nii.gz,JULICH_BRAIN_CYTOARCHITECTONIC_ATLAS_V3_1_AREA_OP2_POPERC,Area Op2 (POperc) left,left,ONE_TO_ONE_CANONICAL,1,JULICH_BRAIN_CYTOARCHITECTONIC_ATLAS_V3_1_AREA_OP2_POPERC_LEFT,NGIQ-BR-00000013,INS_L_6_1,389.53827601,0.43756537,0.13674209,0.50245902,0.36968304,NGIQ-BR-00000153,0.17573353,NGIQ-BR-00000177,0.26183184,2.4899,4.3911,NGIQ-BR-00000013,INS_L_6_1,0.53376322,NGIQ-BR-00000153,0.15544301,NGIQ-BR-00000165,0.04367472,0.37832021,3.4338,0.79396754,0.20603246,2.7124,TRUE,DIFFUSE_ASSOCIATION,one_to_one,G4_G3_OVERLAP_INTERPRETATION_V1,,
194,AREA_OP2_POPERC_RIGHT.nii.gz,JULICH_BRAIN_CYTOARCHITECTONIC_ATLAS_V3_1_AREA_OP2_POPERC,Area Op2 (POperc) right,right,ONE_TO_ONE_CANONICAL,1,JULICH_BRAIN_CYTOARCHITECTONIC_ATLAS_V3_1_AREA_OP2_POPERC_RIGHT,NGIQ-BR-00000014,INS_R_6_1,141.32879582,0.35960124,0.05668069,0.29738073,0.18621092,NGIQ-BR-00000154,0.35394398,NGIQ-BR-00000178,0.00565726,1.016,3.6661,NGIQ-BR-00000014,INS_R_6_1,0.46040715,NGIQ-BR-00000154,0.27252605,NGIQ-BR-00000178,0.0675069,0.1878811,1.6894,0.8157319,0.1842681,2.6565,TRUE,MULTI_TARGET_CONCENTRATED,one_to_one,G4_G3_OVERLAP_INTERPRETATION_V1,,
195,AREA_OP3_POPERC_LEFT.nii.gz,JULICH_BRAIN_CYTOARCHITECTONIC_ATLAS_V3_1_AREA_OP3_POPERC,Area Op3 (POperc) left,left,ONE_TO_ONE_CANONICAL,1,JULICH_BRAIN_CYTOARCHITECTONIC_ATLAS_V3_1_AREA_OP3_POPERC_LEFT,NGIQ-BR-00000165,PoG_L_4_2,264.62094705,0.42504323,0.04973078,0.26344411,0.13319379,NGIQ-BR-00000177,0.3089002,NGIQ-BR-00000013,0.11614302,1.376,3.312,NGIQ-BR-00000165,PoG_L_4_2,0.43553426,NGIQ-BR-00000177,0.37250942,NGIQ-BR-00000013,0.03914345,0.06302484,1.1692,0.84911142,0.15088858,2.3626,TRUE,MULTI_TARGET_CONCENTRATED,one_to_one,G4_G3_OVERLAP_INTERPRETATION_V1,,
196,AREA_OP3_POPERC_RIGHT.nii.gz,JULICH_BRAIN_CYTOARCHITECTONIC_ATLAS_V3_1_AREA_OP3_POPERC,Area Op3 (POperc) right,right,ONE_TO_ONE_CANONICAL,1,JULICH_BRAIN_CYTOARCHITECTONIC_ATLAS_V3_1_AREA_OP3_POPERC_RIGHT,NGIQ-BR-00000166,PoG_R_4_2,432.47333338,0.54618549,0.07599495,0.40022792,0.20729419,NGIQ-BR-00000178,0.1973246,NGIQ-BR-00000180,0.34886088,2.768,3.4355,NGIQ-BR-00000166,PoG_R_4_2,0.49941484,NGIQ-BR-00000178,0.23718359,NGIQ-BR-00000180,0.0198037,0.26223126,2.1056,0.78758141,0.21241859,2.4683,TRUE,MULTI_TARGET_CONCENTRATED,one_to_one,G4_G3_OVERLAP_INTERPRETATION_V1,,
197,AREA_OP4_POPERC_LEFT.nii.gz,JULICH_BRAIN_CYTOARCHITECTONIC_ATLAS_V3_1_AREA_OP4_POPERC,Area Op4 (POperc) left,left,ONE_TO_ONE_CANONICAL,1,JULICH_BRAIN_CYTOARCHITECTONIC_ATLAS_V3_1_AREA_OP4_POPERC_LEFT,NGIQ-BR-00000165,PoG_L_4_2,659.65856626,0.67357837,0.12397103,0.5409291,0.32157384,NGIQ-BR-00000077,0.14506543,NGIQ-BR-00000163,0.52851294,4.6433,2.9461,NGIQ-BR-00000165,PoG_L_4_2,0.73248195,NGIQ-BR-00000077,0.14711943,NGIQ-BR-00000087,0.01093075,0.58536253,4.9788,0.89957777,0.10042223,1.7637,TRUE,SINGLE_TARGET_CONCENTRATED,one_to_one,G4_G3_OVERLAP_INTERPRETATION_V1,,
198,AREA_OP4_POPERC_RIGHT.nii.gz,JULICH_BRAIN_CYTOARCHITECTONIC_ATLAS_V3_1_AREA_OP4_POPERC,Area Op4 (POperc) right,right,ONE_TO_ONE_CANONICAL,1,JULICH_BRAIN_CYTOARCHITECTONIC_ATLAS_V3_1_AREA_OP4_POPERC_RIGHT,NGIQ-BR-00000166,PoG_R_4_2,1341.54211602,0.46216805,0.23573806,0.6546998,0.54142278,NGIQ-BR-00000078,0.22981645,NGIQ-BR-00000088,0.2323516,2.011,6.4787,NGIQ-BR-00000166,PoG_R_4_2,0.54202928,NGIQ-BR-00000078,0.18261625,NGIQ-BR-00000088,0.12641882,0.35941304,2.9681,0.95224786,0.04775214,3.931,TRUE,DIFFUSE_ASSOCIATION,one_to_one,G4_G3_OVERLAP_INTERPRETATION_V1,,
199,AREA_OP5_FRONTAL_OPERCULUM_LEFT.nii.gz,JULICH_BRAIN_CYTOARCHITECTONIC_ATLAS_V3_1_AREA_OP5_FRONTAL_OPERCULUM,Area Op5 (Frontal Operculum) left,left,ONE_TO_ONE_CANONICAL,1,JULICH_BRAIN_CYTOARCHITECTONIC_ATLAS_V3_1_AREA_OP5_FRONTAL_OPERCULUM_LEFT,NGIQ-BR-00000077,PrG_L_6_5,491.08105529,0.54327216,0.12254892,0.45712474,0.29702206,NGIQ-BR-00000165,0.17677386,NGIQ-BR-00000177,0.3664983,3.0733,3.1427,NGIQ-BR-00000077,PrG_L_6_5,0.49357052,NGIQ-BR-00000165,0.16371519,NGIQ-BR-00000177,0.0947493,0.32985532,3.0148,0.79624768,0.20375232,2.8336,TRUE,DIFFUSE_ASSOCIATION,one_to_one,G4_G3_OVERLAP_INTERPRETATION_V1,,
200,AREA_OP5_FRONTAL_OPERCULUM_RIGHT.nii.gz,JULICH_BRAIN_CYTOARCHITECTONIC_ATLAS_V3_1_AREA_OP5_FRONTAL_OPERCULUM,Area Op5 (Frontal Operculum) right,right,ONE_TO_ONE_CANONICAL,1,JULICH_BRAIN_CYTOARCHITECTONIC_ATLAS_V3_1_AREA_OP5_FRONTAL_OPERCULUM_RIGHT,NGIQ-BR-00000078,PrG_R_6_5,815.71557296,0.55596755,0.1805805,0.60108821,0.47252896,NGIQ-BR-00000166,0.23912731,NGIQ-BR-00000180,0.31684024,2.325,4.129,NGIQ-BR-00000078,PrG_R_6_5,0.47882669,NGIQ-BR-00000166,0.25423627,NGIQ-BR-00000180,0.07342889,0.22459042,1.8834,0.88254828,0.11745172,3.326,TRUE,MULTI_TARGET_CONCENTRATED,one_to_one,G4_G3_OVERLAP_INTERPRETATION_V1,,
201,AREA_OP6_FRONTAL_OPERCULUM_LEFT.nii.gz,JULICH_BRAIN_CYTOARCHITECTONIC_ATLAS_V3_1_AREA_OP6_FRONTAL_OPERCULUM,Area Op6 (Frontal Operculum) left,left,ONE_TO_ONE_CANONICAL,1,JULICH_BRAIN_CYTOARCHITECTONIC_ATLAS_V3_1_AREA_OP6_FRONTAL_OPERCULUM_LEFT,NGIQ-BR-00000077,PrG_L_6_5,898.05676804,0.43523444,0.22410941,0.5968176,0.48699154,NGIQ-BR-00000055,0.15850939,NGIQ-BR-00000053,0.27672505,2.7458,7.1894,NGIQ-BR-00000077,PrG_L_6_5,0.42740526,NGIQ-BR-00000055,0.18200639,NGIQ-BR-00000179,0.13135976,0.24539887,2.3483,0.88494274,0.11505726,4.516,TRUE,DIFFUSE_ASSOCIATION,one_to_one,G4_G3_OVERLAP_INTERPRETATION_V1,,
202,AREA_OP6_FRONTAL_OPERCULUM_RIGHT.nii.gz,JULICH_BRAIN_CYTOARCHITECTONIC_ATLAS_V3_1_AREA_OP6_FRONTAL_OPERCULUM,Area Op6 (Frontal Operculum) right,right,ONE_TO_ONE_CANONICAL,1,JULICH_BRAIN_CYTOARCHITECTONIC_ATLAS_V3_1_AREA_OP6_FRONTAL_OPERCULUM_RIGHT,NGIQ-BR-00000078,PrG_R_6_5,405.50165765,0.55147837,0.08976866,0.46003765,0.26405051,NGIQ-BR-00000054,0.18422015,NGIQ-BR-00000056,0.36725822,2.9936,5.116,NGIQ-BR-00000078,PrG_R_6_5,0.52866555,NGIQ-BR-00000088,0.18530451,NGIQ-BR-00000054,0.11904383,0.34336105,2.853,0.94954483,0.05045517,3.5036,TRUE,DIFFUSE_ASSOCIATION,one_to_one,G4_G3_OVERLAP_INTERPRETATION_V1,,
203,AREA_OP7_FRONTAL_OPERCULUM_LEFT.nii.gz,JULICH_BRAIN_CYTOARCHITECTONIC_ATLAS_V3_1_AREA_OP7_FRONTAL_OPERCULUM,Area Op7 (Frontal Operculum) left,left,ONE_TO_ONE_CANONICAL,1,JULICH_BRAIN_CYTOARCHITECTONIC_ATLAS_V3_1_AREA_OP7_FRONTAL_OPERCULUM_LEFT,NGIQ-BR-00000053,IFG_L_6_5,291.38350586,0.54309915,0.06167778,0.35411246,0.1845389,NGIQ-BR-00000055,0.18098302,NGIQ-BR-00000179,0.36211612,3.0008,4.1828,NGIQ-BR-00000179,INS_L_6_6,0.51957615,NGIQ-BR-00000053,0.27995504,NGIQ-BR-00000077,0.03222469,0.23962112,1.8559,0.86283741,0.13716259,2.5543,FALSE,PROBABILITY_HARDLABEL_DISAGREEMENT,PP_HARDLABEL_TOP1_DISAGREE|one_to_one,G4_G3_OVERLAP_INTERPRETATION_V1,,
204,AREA_OP7_FRONTAL_OPERCULUM_RIGHT.nii.gz,JULICH_BRAIN_CYTOARCHITECTONIC_ATLAS_V3_1_AREA_OP7_FRONTAL_OPERCULUM,Area Op7 (Frontal Operculum) right,right,ONE_TO_ONE_CANONICAL,1,JULICH_BRAIN_CYTOARCHITECTONIC_ATLAS_V3_1_AREA_OP7_FRONTAL_OPERCULUM_RIGHT,NGIQ-BR-00000054,IFG_R_6_5,316.48687167,0.64235579,0.05927554,0.37091706,0.16524666,NGIQ-BR-00000180,0.12938338,NGIQ-BR-00000174,0.51297241,4.9647,3.3187,NGIQ-BR-00000054,IFG_R_6_5,0.58458118,NGIQ-BR-00000180,0.17088949,NGIQ-BR-00000174,0.08243146,0.41369169,3.4208,0.8719277,0.1280723,2.5524,TRUE,DIFFUSE_ASSOCIATION,one_to_one,G4_G3_OVERLAP_INTERPRETATION_V1,,
205,AREA_OP8_FRONTAL_OPERCULUM_LEFT.nii.gz,JULICH_BRAIN_CYTOARCHITECTONIC_ATLAS_V3_1_AREA_OP8_FRONTAL_OPERCULUM,Area Op8 (Frontal Operculum) left,left,ONE_TO_ONE_CANONICAL,1,JULICH_BRAIN_CYTOARCHITECTONIC_ATLAS_V3_1_AREA_OP8_FRONTAL_OPERCULUM_LEFT,NGIQ-BR-00000053,IFG_L_6_5,546.7591971,0.60158398,0.11573371,0.5209264,0.33106545,NGIQ-BR-00000049,0.12053508,NGIQ-BR-00000055,0.4810489,4.9909,3.1073,NGIQ-BR-00000053,IFG_L_6_5,0.72731312,NGIQ-BR-00000049,0.06224539,NGIQ-BR-00000173,0.03687072,0.66506773,11.6846,0.88569155,0.11430845,2.0305,TRUE,SINGLE_TARGET_CONCENTRATED,one_to_one,G4_G3_OVERLAP_INTERPRETATION_V1,,
206,AREA_OP8_FRONTAL_OPERCULUM_RIGHT.nii.gz,JULICH_BRAIN_CYTOARCHITECTONIC_ATLAS_V3_1_AREA_OP8_FRONTAL_OPERCULUM,Area Op8 (Frontal Operculum) right,right,ONE_TO_ONE_CANONICAL,1,JULICH_BRAIN_CYTOARCHITECTONIC_ATLAS_V3_1_AREA_OP8_FRONTAL_OPERCULUM_RIGHT,NGIQ-BR-00000054,IFG_R_6_5,733.59872186,0.71187894,0.13739735,0.60023547,0.36304027,NGIQ-BR-00000050,0.08133064,NGIQ-BR-00000052,0.6305483,8.7529,3.0977,NGIQ-BR-00000054,IFG_R_6_5,0.7807942,NGIQ-BR-00000180,0.04874729,NGIQ-BR-00000050,0.03948646,0.7320469,16.0172,0.93754144,0.06245856,2.0418,TRUE,SINGLE_TARGET_CONCENTRATED,one_to_one,G4_G3_OVERLAP_INTERPRETATION_V1,,
207,AREA_OP9_FRONTAL_OPERCULUM_LEFT.nii.gz,JULICH_BRAIN_CYTOARCHITECTONIC_ATLAS_V3_1_AREA_OP9_FRONTAL_OPERCULUM,Area Op9 (Frontal Operculum) left,left,ONE_TO_ONE_CANONICAL,1,JULICH_BRAIN_CYTOARCHITECTONIC_ATLAS_V3_1_AREA_OP9_FRONTAL_OPERCULUM_LEFT,NGIQ-BR-00000053,IFG_L_6_5,404.54539412,0.32226007,0.08563101,0.31005518,0.23062212,NGIQ-BR-00000051,0.19914354,NGIQ-BR-00000049,0.12311653,1.6182,4.6111,NGIQ-BR-00000053,IFG_L_6_5,0.3953067,NGIQ-BR-00000051,0.18630792,NGIQ-BR-00000049,0.16886061,0.20899878,2.1218,0.82217986,0.17782014,3.5903,TRUE,DIFFUSE_ASSOCIATION,one_to_one,G4_G3_OVERLAP_INTERPRETATION_V1,,
208,AREA_OP9_FRONTAL_OPERCULUM_RIGHT.nii.gz,JULICH_BRAIN_CYTOARCHITECTONIC_ATLAS_V3_1_AREA_OP9_FRONTAL_OPERCULUM,Area Op9 (Frontal Operculum) right,right,ONE_TO_ONE_CANONICAL,1,JULICH_BRAIN_CYTOARCHITECTONIC_ATLAS_V3_1_AREA_OP9_FRONTAL_OPERCULUM_RIGHT,NGIQ-BR-00000054,IFG_R_6_5,941.22288762,0.50372459,0.17628375,0.56113231,0.42734184,NGIQ-BR-00000052,0.16406992,NGIQ-BR-00000050,0.33965467,3.0702,4.3278,NGIQ-BR-00000054,IFG_R_6_5,0.59067742,NGIQ-BR-00000052,0.1328013,NGIQ-BR-00000050,0.10438438,0.45787613,4.4478,0.90169149,0.09830851,2.94,TRUE,DIFFUSE_ASSOCIATION,one_to_one,G4_G3_OVERLAP_INTERPRETATION_V1,,
209,AREA_OTS1_OTS_LEFT.nii.gz,JULICH_BRAIN_CYTOARCHITECTONIC_ATLAS_V3_1_AREA_OTS1_OTS,Area OTS1 (OTS) left,left,ONE_TO_ONE_CANONICAL,1,JULICH_BRAIN_CYTOARCHITECTONIC_ATLAS_V3_1_AREA_OTS1_OTS_LEFT,NGIQ-BR-00000101,ITG_L_7_1,218.95355128,0.29454754,0.05261813,0.32618232,0.2450671,NGIQ-BR-00000113,0.19747604,NGIQ-BR-00000107,0.0970715,1.4916,5.2124,NGIQ-BR-00000101,ITG_L_7_1,0.29709464,NGIQ-BR-00000113,0.20521743,NGIQ-BR-00000107,0.13554499,0.09187721,1.4477,0.69844932,0.30155068,3.6897,TRUE,DIFFUSE_ASSOCIATION,one_to_one,G4_G3_OVERLAP_INTERPRETATION_V1,,
210,AREA_OTS1_OTS_RIGHT.nii.gz,JULICH_BRAIN_CYTOARCHITECTONIC_ATLAS_V3_1_AREA_OTS1_OTS,Area OTS1 (OTS) right,right,ONE_TO_ONE_CANONICAL,1,JULICH_BRAIN_CYTOARCHITECTONIC_ATLAS_V3_1_AREA_OTS1_OTS_RIGHT,NGIQ-BR-00000114,ITG_R_7_7,336.29812546,0.2895498,0.07764903,0.34923214,0.28714816,NGIQ-BR-00000102,0.23965937,NGIQ-BR-00000116,0.04989043,1.2082,6.4247,NGIQ-BR-00000114,ITG_R_7_7,0.43371339,NGIQ-BR-00000116,0.15052329,NGIQ-BR-00000120,0.13819153,0.2831901,2.8814,0.87272523,0.12727477,3.7939,TRUE,DIFFUSE_ASSOCIATION,one_to_one,G4_G3_OVERLAP_INTERPRETATION_V1,,
215,AREA_P32_PACC_LEFT.nii.gz,JULICH_BRAIN_CYTOARCHITECTONIC_ATLAS_V3_1_AREA_P32_PACC,Area p32 (pACC) left,left,ONE_TO_ONE_CANONICAL,1,JULICH_BRAIN_CYTOARCHITECTONIC_ATLAS_V3_1_AREA_P32_PACC_LEFT,NGIQ-BR-00000031,SFG_L_7_7,1873.97063168,0.45679932,0.19842771,0.5713392,0.48657936,NGIQ-BR-00000193,0.14726452,NGIQ-BR-00000029,0.3095348,3.1019,5.3816,NGIQ-BR-00000031,SFG_L_7_7,0.51366012,NGIQ-BR-00000193,0.19577155,NGIQ-BR-00000057,0.11896396,0.31788858,2.6238,0.91064422,0.08935578,3.3647,TRUE,DIFFUSE_ASSOCIATION,one_to_one,G4_G3_OVERLAP_INTERPRETATION_V1,,
216,AREA_P32_PACC_RIGHT.nii.gz,JULICH_BRAIN_CYTOARCHITECTONIC_ATLAS_V3_1_AREA_P32_PACC,Area p32 (pACC) right,right,ONE_TO_ONE_CANONICAL,1,JULICH_BRAIN_CYTOARCHITECTONIC_ATLAS_V3_1_AREA_P32_PACC_RIGHT,NGIQ-BR-00000032,SFG_R_7_7,1337.38358572,0.37272752,0.15425529,0.47609104,0.39923113,NGIQ-BR-00000058,0.24459535,NGIQ-BR-00000030,0.12813217,1.5239,4.6689,NGIQ-BR-00000032,SFG_R_7_7,0.40625572,NGIQ-BR-00000058,0.29018671,NGIQ-BR-00000030,0.15514905,0.11606901,1.4,0.89157262,0.10842738,3.2558,TRUE,MULTI_TARGET_CONCENTRATED,one_to_one,G4_G3_OVERLAP_INTERPRETATION_V1,,
217,AREA_PFCM_IPL_LEFT.nii.gz,JULICH_BRAIN_CYTOARCHITECTONIC_ATLAS_V3_1_AREA_PFCM_IPL,Area PFcm (IPL) left,left,ONE_TO_ONE_CANONICAL,1,JULICH_BRAIN_CYTOARCHITECTONIC_ATLAS_V3_1_AREA_PFCM_IPL_LEFT,NGIQ-BR-00000153,IPL_L_6_6,1267.20952249,0.5223056,0.12744837,0.52967874,0.36270454,NGIQ-BR-00000085,0.17086099,NGIQ-BR-00000149,0.35144461,3.0569,3.9825,NGIQ-BR-00000153,IPL_L_6_6,0.61055619,NGIQ-BR-00000085,0.16662534,NGIQ-BR-00000149,0.12012956,0.44393086,3.6642,0.91862196,0.08137804,2.5998,TRUE,DIFFUSE_ASSOCIATION,one_to_one,G4_G3_OVERLAP_INTERPRETATION_V1,,
218,AREA_PFCM_IPL_RIGHT.nii.gz,JULICH_BRAIN_CYTOARCHITECTONIC_ATLAS_V3_1_AREA_PFCM_IPL,Area PFcm (IPL) right,right,ONE_TO_ONE_CANONICAL,1,JULICH_BRAIN_CYTOARCHITECTONIC_ATLAS_V3_1_AREA_PFCM_IPL_RIGHT,NGIQ-BR-00000154,IPL_R_6_6,1579.76741595,0.81092418,0.14873606,0.66778788,0.38759528,NGIQ-BR-00000086,0.08697752,NGIQ-BR-00000148,0.72394666,9.3234,2.153,NGIQ-BR-00000154,IPL_R_6_6,0.89002508,NGIQ-BR-00000086,0.04630378,NGIQ-BR-00000090,0.00939534,0.8437213,19.2214,0.95410276,0.04589724,1.3608,TRUE,SINGLE_TARGET_CONCENTRATED,one_to_one,G4_G3_OVERLAP_INTERPRETATION_V1,,
219,AREA_PFM_IPL_LEFT.nii.gz,JULICH_BRAIN_CYTOARCHITECTONIC_ATLAS_V3_1_AREA_PFM_IPL,Area PFm (IPL) left,left,ONE_TO_ONE_CANONICAL,1,JULICH_BRAIN_CYTOARCHITECTONIC_ATLAS_V3_1_AREA_PFM_IPL_LEFT,NGIQ-BR-00000149,IPL_L_6_4,2174.90761109,0.50765545,0.20215624,0.78409181,0.68691049,NGIQ-BR-00000145,0.17024258,NGIQ-BR-00000151,0.33741286,2.982,4.542,NGIQ-BR-00000149,IPL_L_6_4,0.67815209,NGIQ-BR-00000151,0.11258271,NGIQ-BR-00000145,0.08574369,0.56556938,6.0236,0.96677919,0.03322081,2.8702,TRUE,DIFFUSE_ASSOCIATION,one_to_one,G4_G3_OVERLAP_INTERPRETATION_V1,,
220,AREA_PFM_IPL_RIGHT.nii.gz,JULICH_BRAIN_CYTOARCHITECTONIC_ATLAS_V3_1_AREA_PFM_IPL,Area PFm (IPL) right,right,ONE_TO_ONE_CANONICAL,1,JULICH_BRAIN_CYTOARCHITECTONIC_ATLAS_V3_1_AREA_PFM_IPL_RIGHT,NGIQ-BR-00000150,IPL_R_6_4,1679.80229829,0.49779462,0.15788344,0.73926049,0.61027265,NGIQ-BR-00000148,0.15522376,NGIQ-BR-00000154,0.34257086,3.2069,4.4464,NGIQ-BR-00000150,IPL_R_6_4,0.7455803,NGIQ-BR-00000148,0.08536001,NGIQ-BR-00000154,0.07004458,0.66022029,8.7345,0.96105772,0.03894228,2.2936,TRUE,SINGLE_TARGET_CONCENTRATED,one_to_one,G4_G3_OVERLAP_INTERPRETATION_V1,,
221,AREA_PFOP_IPL_LEFT.nii.gz,JULICH_BRAIN_CYTOARCHITECTONIC_ATLAS_V3_1_AREA_PFOP_IPL,Area PFop (IPL) left,left,ONE_TO_ONE_CANONICAL,1,JULICH_BRAIN_CYTOARCHITECTONIC_ATLAS_V3_1_AREA_PFOP_IPL_LEFT,NGIQ-BR-00000153,IPL_L_6_6,721.87099688,0.45957342,0.07260147,0.38897702,0.21841318,NGIQ-BR-00000147,0.25783358,NGIQ-BR-00000165,0.20173984,1.7824,4.385,NGIQ-BR-00000153,IPL_L_6_6,0.52168404,NGIQ-BR-00000147,0.20197252,NGIQ-BR-00000165,0.16890088,0.31971152,2.5829,0.91581491,0.08418509,2.9625,TRUE,MULTI_TARGET_CONCENTRATED,one_to_one,G4_G3_OVERLAP_INTERPRETATION_V1,,
222,AREA_PFOP_IPL_RIGHT.nii.gz,JULICH_BRAIN_CYTOARCHITECTONIC_ATLAS_V3_1_AREA_PFOP_IPL,Area PFop (IPL) right,right,ONE_TO_ONE_CANONICAL,1,JULICH_BRAIN_CYTOARCHITECTONIC_ATLAS_V3_1_AREA_PFOP_IPL_RIGHT,NGIQ-BR-00000154,IPL_R_6_6,458.30167403,0.30577519,0.04314938,0.23710304,0.11602461,NGIQ-BR-00000148,0.21646173,NGIQ-BR-00000166,0.08931346,1.4126,5.118,NGIQ-BR-00000154,IPL_R_6_6,0.30645752,NGIQ-BR-00000166,0.21569549,NGIQ-BR-00000148,0.16196705,0.09076203,1.4208,0.81965509,0.18034491,4.1306,TRUE,DIFFUSE_ASSOCIATION,one_to_one,G4_G3_OVERLAP_INTERPRETATION_V1,,
223,AREA_PFT_IPL_LEFT.nii.gz,JULICH_BRAIN_CYTOARCHITECTONIC_ATLAS_V3_1_AREA_PFT_IPL,Area PFt (IPL) left,left,ONE_TO_ONE_CANONICAL,1,JULICH_BRAIN_CYTOARCHITECTONIC_ATLAS_V3_1_AREA_PFT_IPL_LEFT,NGIQ-BR-00000147,IPL_L_6_3,1425.8068269,0.49932633,0.15621809,0.61244837,0.46845303,NGIQ-BR-00000167,0.22440879,NGIQ-BR-00000153,0.27491754,2.2251,4.3174,NGIQ-BR-00000147,IPL_L_6_3,0.56220665,NGIQ-BR-00000167,0.24709459,NGIQ-BR-00000165,0.04105465,0.31511206,2.2753,0.91424799,0.08575201,2.8085,TRUE,MULTI_TARGET_CONCENTRATED,one_to_one,G4_G3_OVERLAP_INTERPRETATION_V1,,
224,AREA_PFT_IPL_RIGHT.nii.gz,JULICH_BRAIN_CYTOARCHITECTONIC_ATLAS_V3_1_AREA_PFT_IPL,Area PFt (IPL) right,right,ONE_TO_ONE_CANONICAL,1,JULICH_BRAIN_CYTOARCHITECTONIC_ATLAS_V3_1_AREA_PFT_IPL_RIGHT,NGIQ-BR-00000148,IPL_R_6_3,1291.21447334,0.44284775,0.13300104,0.50693023,0.38189865,NGIQ-BR-00000168,0.27047462,NGIQ-BR-00000154,0.17237313,1.6373,4.2567,NGIQ-BR-00000148,IPL_R_6_3,0.43305463,NGIQ-BR-00000168,0.32606252,NGIQ-BR-00000154,0.11679292,0.1069921,1.3281,0.92387108,0.07612892,3.2472,TRUE,MULTI_TARGET_CONCENTRATED,one_to_one,G4_G3_OVERLAP_INTERPRETATION_V1,,
225,AREA_PF_IPL_LEFT.nii.gz,JULICH_BRAIN_CYTOARCHITECTONIC_ATLAS_V3_1_AREA_PF_IPL,Area PF (IPL) left,left,ONE_TO_ONE_CANONICAL,1,JULICH_BRAIN_CYTOARCHITECTONIC_ATLAS_V3_1_AREA_PF_IPL_LEFT,NGIQ-BR-00000149,IPL_L_6_4,1120.89014156,0.34859559,0.10418601,0.4928976,0.38685162,NGIQ-BR-00000153,0.27022851,NGIQ-BR-00000147,0.07836708,1.29,4.7882,NGIQ-BR-00000149,IPL_L_6_4,0.40824211,NGIQ-BR-00000153,0.26213853,NGIQ-BR-00000147,0.24137939,0.14610358,1.5574,0.97574757,0.02425243,3.8064,TRUE,MULTI_TARGET_CONCENTRATED,one_to_one,G4_G3_OVERLAP_INTERPRETATION_V1,,
226,AREA_PF_IPL_RIGHT.nii.gz,JULICH_BRAIN_CYTOARCHITECTONIC_ATLAS_V3_1_AREA_PF_IPL,Area PF (IPL) right,right,ONE_TO_ONE_CANONICAL,1,JULICH_BRAIN_CYTOARCHITECTONIC_ATLAS_V3_1_AREA_PF_IPL_RIGHT,NGIQ-BR-00000154,IPL_R_6_6,1281.84448391,0.41943296,0.12068643,0.44930377,0.30176962,NGIQ-BR-00000150,0.22720655,NGIQ-BR-00000148,0.19222642,1.846,5.3744,NGIQ-BR-00000154,IPL_R_6_6,0.51613716,NGIQ-BR-00000150,0.23105878,NGIQ-BR-00000148,0.11673559,0.28507839,2.2338,0.9847056,0.0152944,3.6346,TRUE,MULTI_TARGET_CONCENTRATED,one_to_one,G4_G3_OVERLAP_INTERPRETATION_V1,,
227,AREA_PGA_IPL_LEFT.nii.gz,JULICH_BRAIN_CYTOARCHITECTONIC_ATLAS_V3_1_AREA_PGA_IPL,Area PGa (IPL) left,left,ONE_TO_ONE_CANONICAL,1,JULICH_BRAIN_CYTOARCHITECTONIC_ATLAS_V3_1_AREA_PGA_IPL_LEFT,NGIQ-BR-00000149,IPL_L_6_4,1410.98269804,0.36940559,0.13114992,0.60160359,0.48114489,NGIQ-BR-00000145,0.2502585,NGIQ-BR-00000151,0.11914709,1.4761,4.8718,NGIQ-BR-00000149,IPL_L_6_4,0.36640096,NGIQ-BR-00000151,0.32245295,NGIQ-BR-00000145,0.22756786,0.04394801,1.1363,0.9673355,0.0326645,3.7521,TRUE,DIFFUSE_ASSOCIATION,one_to_one,G4_G3_OVERLAP_INTERPRETATION_V1,,
228,AREA_PGA_IPL_RIGHT.nii.gz,JULICH_BRAIN_CYTOARCHITECTONIC_ATLAS_V3_1_AREA_PGA_IPL,Area PGa (IPL) right,right,ONE_TO_ONE_CANONICAL,1,JULICH_BRAIN_CYTOARCHITECTONIC_ATLAS_V3_1_AREA_PGA_IPL_RIGHT,NGIQ-BR-00000152,IPL_R_6_5,1706.94772652,0.41171985,0.15372266,0.61224167,0.49337867,NGIQ-BR-00000150,0.32019669,NGIQ-BR-00000146,0.09152316,1.2858,4.7584,NGIQ-BR-00000152,IPL_R_6_5,0.54478728,NGIQ-BR-00000150,0.29987876,NGIQ-BR-00000146,0.04902079,0.24490852,1.8167,0.9648764,0.0351236,3.1186,TRUE,MULTI_TARGET_CONCENTRATED,one_to_one,G4_G3_OVERLAP_INTERPRETATION_V1,,
229,AREA_PGP_IPL_LEFT.nii.gz,JULICH_BRAIN_CYTOARCHITECTONIC_ATLAS_V3_1_AREA_PGP_IPL,Area PGp (IPL) left,left,ONE_TO_ONE_CANONICAL,1,JULICH_BRAIN_CYTOARCHITECTONIC_ATLAS_V3_1_AREA_PGP_IPL_LEFT,NGIQ-BR-00000151,IPL_L_6_5,2121.66166792,0.46890775,0.20063197,0.66895471,0.56322096,NGIQ-BR-00000011,0.18726268,NGIQ-BR-00000145,0.28164507,2.504,4.3138,NGIQ-BR-00000151,IPL_L_6_5,0.6505143,NGIQ-BR-00000011,0.1586608,NGIQ-BR-00000145,0.12679445,0.4918535,4.1,0.97175796,0.02824204,2.7087,TRUE,DIFFUSE_ASSOCIATION,one_to_one,G4_G3_OVERLAP_INTERPRETATION_V1,,
230,AREA_PGP_IPL_RIGHT.nii.gz,JULICH_BRAIN_CYTOARCHITECTONIC_ATLAS_V3_1_AREA_PGP_IPL,Area PGp (IPL) right,right,ONE_TO_ONE_CANONICAL,1,JULICH_BRAIN_CYTOARCHITECTONIC_ATLAS_V3_1_AREA_PGP_IPL_RIGHT,NGIQ-BR-00000152,IPL_R_6_5,1494.45777336,0.32351679,0.13458644,0.46249285,0.40369836,NGIQ-BR-00000012,0.31151308,NGIQ-BR-00000146,0.01200371,1.0385,4.1657,NGIQ-BR-00000152,IPL_R_6_5,0.40539865,NGIQ-BR-00000012,0.31579639,NGIQ-BR-00000146,0.24341747,0.08960226,1.2837,0.98524799,0.01475201,3.2894,TRUE,MULTI_TARGET_CONCENTRATED,one_to_one,G4_G3_OVERLAP_INTERPRETATION_V1,,
231,AREA_PH1_PHG_LEFT.nii.gz,JULICH_BRAIN_CYTOARCHITECTONIC_ATLAS_V3_1_AREA_PH1_PHG,Area Ph1 (PhG) left,left,ONE_TO_ONE_CANONICAL,1,JULICH_BRAIN_CYTOARCHITECTONIC_ATLAS_V3_1_AREA_PH1_PHG_LEFT,NGIQ-BR-00000199,MVOcC_L_5_4,622.14097217,0.51152576,0.08660857,0.50563698,0.29778682,NGIQ-BR-00000117,0.12384391,NGIQ-BR-00000015,0.38768185,4.1304,4.6819,NGIQ-BR-00000199,MVOcC_L_5_4,0.65942005,NGIQ-BR-00000117,0.13388727,NGIQ-BR-00000131,0.04836446,0.52553279,4.9252,0.86322797,0.13677203,2.1635,TRUE,DIFFUSE_ASSOCIATION,one_to_one,G4_G3_OVERLAP_INTERPRETATION_V1,,
232,AREA_PH1_PHG_RIGHT.nii.gz,JULICH_BRAIN_CYTOARCHITECTONIC_ATLAS_V3_1_AREA_PH1_PHG,Area Ph1 (PhG) right,right,ONE_TO_ONE_CANONICAL,1,JULICH_BRAIN_CYTOARCHITECTONIC_ATLAS_V3_1_AREA_PH1_PHG_RIGHT,NGIQ-BR-00000200,MVOcC_R_5_4,566.80364559,0.42701511,0.07889788,0.3569463,0.23314411,NGIQ-BR-00000118,0.37770964,NGIQ-BR-00000116,0.04930547,1.1305,3.9256,NGIQ-BR-00000200,MVOcC_R_5_4,0.50191267,NGIQ-BR-00000118,0.43821533,NGIQ-BR-00000132,0.01503782,0.06369734,1.1454,0.96724554,0.03275446,2.2732,TRUE,MULTI_TARGET_CONCENTRATED,one_to_one,G4_G3_OVERLAP_INTERPRETATION_V1,,
233,AREA_PH2_PHG_LEFT.nii.gz,JULICH_BRAIN_CYTOARCHITECTONIC_ATLAS_V3_1_AREA_PH2_PHG,Area Ph2 (PhG) left,left,ONE_TO_ONE_CANONICAL,1,JULICH_BRAIN_CYTOARCHITECTONIC_ATLAS_V3_1_AREA_PH2_PHG_LEFT,NGIQ-BR-00000115,FuG_L_3_1,469.96518572,0.3719624,0.05098401,0.2652005,0.15159195,NGIQ-BR-00000125,0.16586311,NGIQ-BR-00000131,0.20609929,2.2426,6.798,NGIQ-BR-00000115,FuG_L_3_1,0.4094425,NGIQ-BR-00000125,0.15791047,NGIQ-BR-00000199,0.09773314,0.25153203,2.5929,0.90304437,0.09695563,5.1134,TRUE,DIFFUSE_ASSOCIATION,one_to_one,G4_G3_OVERLAP_INTERPRETATION_V1,,
234,AREA_PH2_PHG_RIGHT.nii.gz,JULICH_BRAIN_CYTOARCHITECTONIC_ATLAS_V3_1_AREA_PH2_PHG,Area Ph2 (PhG) right,right,ONE_TO_ONE_CANONICAL,1,JULICH_BRAIN_CYTOARCHITECTONIC_ATLAS_V3_1_AREA_PH2_PHG_RIGHT,NGIQ-BR-00000116,FuG_R_3_1,340.21383397,0.30266012,0.03895238,0.21151099,0.11930982,NGIQ-BR-00000118,0.21142083,NGIQ-BR-00000126,0.09123929,1.4316,6.5313,NGIQ-BR-00000116,FuG_R_3_1,0.31327657,NGIQ-BR-00000126,0.22797381,NGIQ-BR-00000118,0.12588765,0.08530276,1.3742,0.89772392,0.10227608,5.1667,TRUE,DIFFUSE_ASSOCIATION,one_to_one,G4_G3_OVERLAP_INTERPRETATION_V1,,
235,AREA_PH3_PHG_LEFT.nii.gz,JULICH_BRAIN_CYTOARCHITECTONIC_ATLAS_V3_1_AREA_PH3_PHG,Area Ph3 (PhG) left,left,ONE_TO_ONE_CANONICAL,1,JULICH_BRAIN_CYTOARCHITECTONIC_ATLAS_V3_1_AREA_PH3_PHG_LEFT,NGIQ-BR-00000199,MVOcC_L_5_4,347.49439393,0.59060666,0.04837488,0.43973473,0.17625947,NGIQ-BR-00000201,0.11117826,NGIQ-BR-00000117,0.4794284,5.3122,4.4057,NGIQ-BR-00000199,MVOcC_L_5_4,0.76057092,NGIQ-BR-00000117,0.11253641,NGIQ-BR-00000201,0.04111699,0.64803451,6.7584,0.96620213,0.03379787,2.1912,TRUE,SINGLE_TARGET_CONCENTRATED,one_to_one,G4_G3_OVERLAP_INTERPRETATION_V1,,
236,AREA_PH3_PHG_RIGHT.nii.gz,JULICH_BRAIN_CYTOARCHITECTONIC_ATLAS_V3_1_AREA_PH3_PHG,Area Ph3 (PhG) right,right,ONE_TO_ONE_CANONICAL,1,JULICH_BRAIN_CYTOARCHITECTONIC_ATLAS_V3_1_AREA_PH3_PHG_RIGHT,NGIQ-BR-00000200,MVOcC_R_5_4,616.74896277,0.76899014,0.08585016,0.52990329,0.26878751,NGIQ-BR-00000118,0.0684098,NGIQ-BR-00000196,0.70058034,11.2409,2.9225,NGIQ-BR-00000200,MVOcC_R_5_4,0.88043939,NGIQ-BR-00000118,0.05781982,NGIQ-BR-00000132,0.02865363,0.82261957,15.2273,0.98326256,0.01673744,1.5616,TRUE,SINGLE_TARGET_CONCENTRATED,one_to_one,G4_G3_OVERLAP_INTERPRETATION_V1,,
243,AREA_S32_SACC_LEFT.nii.gz,JULICH_BRAIN_CYTOARCHITECTONIC_ATLAS_V3_1_AREA_S32_SACC,Area s32 (sACC) left,left,ONE_TO_ONE_CANONICAL,1,JULICH_BRAIN_CYTOARCHITECTONIC_ATLAS_V3_1_AREA_S32_SACC_LEFT,NGIQ-BR-00000065,OrG_L_6_5,319.43477586,0.32242273,0.04053777,0.23749083,0.13199659,NGIQ-BR-00000057,0.28249829,NGIQ-BR-00000193,0.03992444,1.1413,4.4986,NGIQ-BR-00000065,OrG_L_6_5,0.38474468,NGIQ-BR-00000193,0.33281317,NGIQ-BR-00000057,0.19293918,0.05193151,1.156,0.91223162,0.08776838,2.9303,TRUE,DIFFUSE_ASSOCIATION,one_to_one,G4_G3_OVERLAP_INTERPRETATION_V1,,
244,AREA_S32_SACC_RIGHT.nii.gz,JULICH_BRAIN_CYTOARCHITECTONIC_ATLAS_V3_1_AREA_S32_SACC,Area s32 (sACC) right,right,ONE_TO_ONE_CANONICAL,1,JULICH_BRAIN_CYTOARCHITECTONIC_ATLAS_V3_1_AREA_S32_SACC_RIGHT,NGIQ-BR-00000058,OrG_R_6_1,441.70874545,0.58362909,0.07257196,0.43608422,0.22096883,NGIQ-BR-00000066,0.25043216,NGIQ-BR-00000064,0.33319693,2.3305,3.4123,NGIQ-BR-00000058,OrG_R_6_1,0.71323587,NGIQ-BR-00000066,0.18738901,NGIQ-BR-00000194,0.05284823,0.52584686,3.8062,0.96517187,0.03482813,2.1544,TRUE,SINGLE_TARGET_CONCENTRATED,one_to_one,G4_G3_OVERLAP_INTERPRETATION_V1,,
245,AREA_SFG2_SFG_LEFT.nii.gz,JULICH_BRAIN_CYTOARCHITECTONIC_ATLAS_V3_1_AREA_SFG2_SFG,Area SFG2 (SFG) left,left,ONE_TO_ONE_CANONICAL,1,JULICH_BRAIN_CYTOARCHITECTONIC_ATLAS_V3_1_AREA_SFG2_SFG_LEFT,NGIQ-BR-00000023,SFG_L_7_3,931.48942109,0.63533025,0.10947382,0.63559631,0.45400287,NGIQ-BR-00000029,0.14132182,NGIQ-BR-00000021,0.49400843,4.4956,3.2813,NGIQ-BR-00000023,SFG_L_7_3,0.88076116,NGIQ-BR-00000029,0.03022185,NGIQ-BR-00000031,0.02748719,0.8505393,29.1432,0.96315452,0.03684548,1.5102,TRUE,SINGLE_TARGET_CONCENTRATED,one_to_one,G4_G3_OVERLAP_INTERPRETATION_V1,,
246,AREA_SFG2_SFG_RIGHT.nii.gz,JULICH_BRAIN_CYTOARCHITECTONIC_ATLAS_V3_1_AREA_SFG2_SFG,Area SFG2 (SFG) right,right,ONE_TO_ONE_CANONICAL,1,JULICH_BRAIN_CYTOARCHITECTONIC_ATLAS_V3_1_AREA_SFG2_SFG_RIGHT,NGIQ-BR-00000024,SFG_R_7_3,1415.77237386,0.65890706,0.16977179,0.72259685,0.59438232,NGIQ-BR-00000022,0.1007659,NGIQ-BR-00000030,0.55814116,6.539,3.5508,NGIQ-BR-00000024,SFG_R_7_3,0.8726048,NGIQ-BR-00000038,0.02835174,NGIQ-BR-00000022,0.02561401,0.84425306,30.7778,0.97189367,0.02810633,1.622,TRUE,SINGLE_TARGET_CONCENTRATED,one_to_one,G4_G3_OVERLAP_INTERPRETATION_V1,,
247,AREA_SFG3_SFG_LEFT.nii.gz,JULICH_BRAIN_CYTOARCHITECTONIC_ATLAS_V3_1_AREA_SFG3_SFG,Area SFG3 (SFG) left,left,ONE_TO_ONE_CANONICAL,1,JULICH_BRAIN_CYTOARCHITECTONIC_ATLAS_V3_1_AREA_SFG3_SFG_LEFT,NGIQ-BR-00000037,MFG_L_7_3,694.39963333,0.23705516,0.07770219,0.3795114,0.32576456,NGIQ-BR-00000033,0.22147005,NGIQ-BR-00000023,0.0155851,1.0704,6.0138,NGIQ-BR-00000033,MFG_L_7_1,0.27755561,NGIQ-BR-00000037,0.27447656,NGIQ-BR-00000023,0.22267137,0.00307905,1.0112,0.81791972,0.18208028,3.5218,FALSE,PROBABILITY_HARDLABEL_DISAGREEMENT,PP_HARDLABEL_TOP1_DISAGREE|one_to_one,G4_G3_OVERLAP_INTERPRETATION_V1,,
248,AREA_SFG3_SFG_RIGHT.nii.gz,JULICH_BRAIN_CYTOARCHITECTONIC_ATLAS_V3_1_AREA_SFG3_SFG,Area SFG3 (SFG) right,right,ONE_TO_ONE_CANONICAL,1,JULICH_BRAIN_CYTOARCHITECTONIC_ATLAS_V3_1_AREA_SFG3_SFG_RIGHT,NGIQ-BR-00000038,MFG_R_7_3,687.87421007,0.35519896,0.07280796,0.39617768,0.27232208,NGIQ-BR-00000024,0.18738302,NGIQ-BR-00000034,0.16781594,1.8956,5.9023,NGIQ-BR-00000038,MFG_R_7_3,0.49688401,NGIQ-BR-00000024,0.24976313,NGIQ-BR-00000034,0.10966583,0.24712088,1.9894,0.87938195,0.12061805,2.8797,TRUE,MULTI_TARGET_CONCENTRATED,one_to_one,G4_G3_OVERLAP_INTERPRETATION_V1,,
249,AREA_SFG4_SFG_LEFT.nii.gz,JULICH_BRAIN_CYTOARCHITECTONIC_ATLAS_V3_1_AREA_SFG4_SFG,Area SFG4 (SFG) left,left,ONE_TO_ONE_CANONICAL,1,JULICH_BRAIN_CYTOARCHITECTONIC_ATLAS_V3_1_AREA_SFG4_SFG_LEFT,NGIQ-BR-00000033,MFG_L_7_1,1438.36048617,0.40054323,0.17216245,0.64654726,0.58064965,NGIQ-BR-00000023,0.12866353,NGIQ-BR-00000021,0.2718797,3.1131,5.8471,NGIQ-BR-00000033,MFG_L_7_1,0.61946791,NGIQ-BR-00000021,0.13140987,NGIQ-BR-00000023,0.09832406,0.48805804,4.714,0.90698713,0.09301287,2.7554,TRUE,DIFFUSE_ASSOCIATION,one_to_one,G4_G3_OVERLAP_INTERPRETATION_V1,,
250,AREA_SFG4_SFG_RIGHT.nii.gz,JULICH_BRAIN_CYTOARCHITECTONIC_ATLAS_V3_1_AREA_SFG4_SFG,Area SFG4 (SFG) right,right,ONE_TO_ONE_CANONICAL,1,JULICH_BRAIN_CYTOARCHITECTONIC_ATLAS_V3_1_AREA_SFG4_SFG_RIGHT,NGIQ-BR-00000034,MFG_R_7_1,879.22158315,0.52676343,0.09531758,0.51846867,0.37212589,NGIQ-BR-00000038,0.15824022,NGIQ-BR-00000022,0.36852321,3.3289,4.7229,NGIQ-BR-00000034,MFG_R_7_1,0.76752589,NGIQ-BR-00000024,0.0863791,NGIQ-BR-00000038,0.07144499,0.68114679,8.8856,0.96255577,0.03744423,2.0456,TRUE,SINGLE_TARGET_CONCENTRATED,one_to_one,G4_G3_OVERLAP_INTERPRETATION_V1,,
251,AREA_SFS1_SFS_LEFT.nii.gz,JULICH_BRAIN_CYTOARCHITECTONIC_ATLAS_V3_1_AREA_SFS1_SFS,Area SFS1 (SFS) left,left,ONE_TO_ONE_CANONICAL,1,JULICH_BRAIN_CYTOARCHITECTONIC_ATLAS_V3_1_AREA_SFS1_SFS_LEFT,NGIQ-BR-00000033,MFG_L_7_1,298.50850752,0.46444792,0.03572954,0.34504048,0.15808524,NGIQ-BR-00000037,0.37820382,NGIQ-BR-00000039,0.0862441,1.228,2.9475,NGIQ-BR-00000033,MFG_L_7_1,0.6390579,NGIQ-BR-00000037,0.3228422,NGIQ-BR-00000039,0.00098821,0.3162157,1.9795,0.96290977,0.03709023,1.9075,TRUE,MULTI_TARGET_CONCENTRATED,one_to_one,G4_G3_OVERLAP_INTERPRETATION_V1,,
252,AREA_SFS1_SFS_RIGHT.nii.gz,JULICH_BRAIN_CYTOARCHITECTONIC_ATLAS_V3_1_AREA_SFS1_SFS,Area SFS1 (SFS) right,right,ONE_TO_ONE_CANONICAL,1,JULICH_BRAIN_CYTOARCHITECTONIC_ATLAS_V3_1_AREA_SFS1_SFS_RIGHT,NGIQ-BR-00000038,MFG_R_7_3,668.27974086,0.57165917,0.07073399,0.45997493,0.27588428,NGIQ-BR-00000034,0.20339235,NGIQ-BR-00000046,0.36826682,2.8106,2.9412,NGIQ-BR-00000038,MFG_R_7_3,0.82218357,NGIQ-BR-00000034,0.04038966,NGIQ-BR-00000040,0.01158841,0.78179391,20.3563,0.8783776,0.1216224,1.3314,TRUE,SINGLE_TARGET_CONCENTRATED,one_to_one,G4_G3_OVERLAP_INTERPRETATION_V1,,
253,AREA_SFS2_SFS_LEFT.nii.gz,JULICH_BRAIN_CYTOARCHITECTONIC_ATLAS_V3_1_AREA_SFS2_SFS,Area SFS2 (SFS) left,left,ONE_TO_ONE_CANONICAL,1,JULICH_BRAIN_CYTOARCHITECTONIC_ATLAS_V3_1_AREA_SFS2_SFS_LEFT,NGIQ-BR-00000033,MFG_L_7_1,339.36623495,0.61372461,0.04061995,0.41372598,0.18073761,NGIQ-BR-00000037,0.25156248,NGIQ-BR-00000039,0.36216214,2.4397,2.6232,NGIQ-BR-00000033,MFG_L_7_1,0.90920531,NGIQ-BR-00000037,0.0745815,NGIQ-BR-00000039,0.00168518,0.83462381,12.1908,0.98547208,0.01452792,1.3239,TRUE,SINGLE_TARGET_CONCENTRATED,one_to_one,G4_G3_OVERLAP_INTERPRETATION_V1,,
254,AREA_SFS2_SFS_RIGHT.nii.gz,JULICH_BRAIN_CYTOARCHITECTONIC_ATLAS_V3_1_AREA_SFS2_SFS,Area SFS2 (SFS) right,right,ONE_TO_ONE_CANONICAL,1,JULICH_BRAIN_CYTOARCHITECTONIC_ATLAS_V3_1_AREA_SFS2_SFS_RIGHT,NGIQ-BR-00000038,MFG_R_7_3,620.43908023,0.54498015,0.0656703,0.44909405,0.25860919,NGIQ-BR-00000034,0.30123277,NGIQ-BR-00000040,0.24374738,1.8092,3.059,NGIQ-BR-00000038,MFG_R_7_3,0.79698574,NGIQ-BR-00000034,0.1595687,NGIQ-BR-00000040,0.01024247,0.63741703,4.9946,0.9667993,0.0332007,1.6566,TRUE,SINGLE_TARGET_CONCENTRATED,one_to_one,G4_G3_OVERLAP_INTERPRETATION_V1,,
255,AREA_STS1_STS_LEFT.nii.gz,JULICH_BRAIN_CYTOARCHITECTONIC_ATLAS_V3_1_AREA_STS1_STS,Area STS1 (STS) left,left,ONE_TO_ONE_CANONICAL,1,JULICH_BRAIN_CYTOARCHITECTONIC_ATLAS_V3_1_AREA_STS1_STS_LEFT,NGIQ-BR-00000093,STG_L_6_6,1080.03755255,0.30956004,0.18858681,0.5361996,0.52079457,NGIQ-BR-00000099,0.24379497,NGIQ-BR-00000089,0.06576507,1.2698,5.9014,NGIQ-BR-00000093,STG_L_6_6,0.35908799,NGIQ-BR-00000099,0.32654601,NGIQ-BR-00000089,0.16553551,0.03254198,1.0997,0.93054725,0.06945275,3.7085,TRUE,DIFFUSE_ASSOCIATION,one_to_one,G4_G3_OVERLAP_INTERPRETATION_V1,,
256,AREA_STS1_STS_RIGHT.nii.gz,JULICH_BRAIN_CYTOARCHITECTONIC_ATLAS_V3_1_AREA_STS1_STS,Area STS1 (STS) right,right,ONE_TO_ONE_CANONICAL,1,JULICH_BRAIN_CYTOARCHITECTONIC_ATLAS_V3_1_AREA_STS1_STS_RIGHT,NGIQ-BR-00000094,STG_R_6_6,1254.86615343,0.42759699,0.22626575,0.74650951,0.68242446,NGIQ-BR-00000100,0.23440088,NGIQ-BR-00000090,0.19319611,1.8242,5.1539,NGIQ-BR-00000100,MTG_R_4_4,0.55727487,NGIQ-BR-00000094,0.2435797,NGIQ-BR-00000134,0.04966388,0.31369518,2.2879,0.90895306,0.09104694,2.8749,FALSE,PROBABILITY_HARDLABEL_DISAGREEMENT,PP_HARDLABEL_TOP1_DISAGREE|one_to_one,G4_G3_OVERLAP_INTERPRETATION_V1,,
257,AREA_STS2_STS_LEFT.nii.gz,JULICH_BRAIN_CYTOARCHITECTONIC_ATLAS_V3_1_AREA_STS2_STS,Area STS2 (STS) left,left,ONE_TO_ONE_CANONICAL,1,JULICH_BRAIN_CYTOARCHITECTONIC_ATLAS_V3_1_AREA_STS2_STS_LEFT,NGIQ-BR-00000099,MTG_L_4_4,1442.48884015,0.37048601,0.21257973,0.62429439,0.57310734,NGIQ-BR-00000093,0.21367021,NGIQ-BR-00000095,0.15681579,1.7339,5.8677,NGIQ-BR-00000099,MTG_L_4_4,0.47663379,NGIQ-BR-00000093,0.26383066,NGIQ-BR-00000095,0.11179456,0.21280314,1.8066,0.95229931,0.04770069,3.8391,TRUE,MULTI_TARGET_CONCENTRATED,one_to_one,G4_G3_OVERLAP_INTERPRETATION_V1,,
258,AREA_STS2_STS_RIGHT.nii.gz,JULICH_BRAIN_CYTOARCHITECTONIC_ATLAS_V3_1_AREA_STS2_STS,Area STS2 (STS) right,right,ONE_TO_ONE_CANONICAL,1,JULICH_BRAIN_CYTOARCHITECTONIC_ATLAS_V3_1_AREA_STS2_STS_RIGHT,NGIQ-BR-00000100,MTG_R_4_4,2047.85215118,0.45862073,0.24451716,0.64881453,0.57901952,NGIQ-BR-00000094,0.20598496,NGIQ-BR-00000096,0.25263578,2.2265,5.3434,NGIQ-BR-00000100,MTG_R_4_4,0.68059478,NGIQ-BR-00000096,0.09384559,NGIQ-BR-00000092,0.07371185,0.58674919,7.2523,0.9570138,0.0429862,2.8567,TRUE,DIFFUSE_ASSOCIATION,one_to_one,G4_G3_OVERLAP_INTERPRETATION_V1,,
259,AREA_TEI_STG_LEFT.nii.gz,JULICH_BRAIN_CYTOARCHITECTONIC_ATLAS_V3_1_AREA_TEI_STG,Area TeI (STG) left,left,ONE_TO_ONE_CANONICAL,1,JULICH_BRAIN_CYTOARCHITECTONIC_ATLAS_V3_1_AREA_TEI_STG_LEFT,NGIQ-BR-00000087,STG_L_6_3,395.147787,0.57972713,0.05114703,0.44704702,0.17955565,NGIQ-BR-00000091,0.16036229,NGIQ-BR-00000077,0.41936484,3.6151,3.2981,NGIQ-BR-00000087,STG_L_6_3,0.70772378,NGIQ-BR-00000091,0.05509018,NGIQ-BR-00000077,0.04104958,0.6526336,12.8466,0.84520209,0.15479791,1.9931,TRUE,SINGLE_TARGET_CONCENTRATED,one_to_one,G4_G3_OVERLAP_INTERPRETATION_V1,,
260,AREA_TEI_STG_RIGHT.nii.gz,JULICH_BRAIN_CYTOARCHITECTONIC_ATLAS_V3_1_AREA_TEI_STG,Area TeI (STG) right,right,ONE_TO_ONE_CANONICAL,1,JULICH_BRAIN_CYTOARCHITECTONIC_ATLAS_V3_1_AREA_TEI_STG_RIGHT,NGIQ-BR-00000088,STG_R_6_3,727.06873508,0.67939814,0.11030614,0.58319894,0.3604059,NGIQ-BR-00000092,0.10530325,NGIQ-BR-00000086,0.57409489,6.4518,2.7626,NGIQ-BR-00000088,STG_R_6_3,0.81432878,NGIQ-BR-00000092,0.07269414,NGIQ-BR-00000014,0.01281054,0.74163465,11.2021,0.91538569,0.08461431,1.5973,TRUE,SINGLE_TARGET_CONCENTRATED,one_to_one,G4_G3_OVERLAP_INTERPRETATION_V1,,
261,AREA_TE_1_0_HESCHL_LEFT.nii.gz,JULICH_BRAIN_CYTOARCHITECTONIC_ATLAS_V3_1_AREA_TE_1_0_HESCHL,Area Te 1.0 (HESCHL) left,left,ONE_TO_ONE_CANONICAL,1,JULICH_BRAIN_CYTOARCHITECTONIC_ATLAS_V3_1_AREA_TE_1_0_HESCHL_LEFT,NGIQ-BR-00000087,STG_L_6_3,543.37464335,0.57331396,0.07033318,0.46724076,0.2395375,NGIQ-BR-00000165,0.17465972,NGIQ-BR-00000085,0.39865424,3.2825,4.145,NGIQ-BR-00000087,STG_L_6_3,0.63025018,NGIQ-BR-00000165,0.18634954,NGIQ-BR-00000153,0.08708693,0.44390064,3.3821,0.96261627,0.03738373,2.7768,TRUE,DIFFUSE_ASSOCIATION,one_to_one,G4_G3_OVERLAP_INTERPRETATION_V1,,
262,AREA_TE_1_0_HESCHL_RIGHT.nii.gz,JULICH_BRAIN_CYTOARCHITECTONIC_ATLAS_V3_1_AREA_TE_1_0_HESCHL,Area Te 1.0 (HESCHL) right,right,ONE_TO_ONE_CANONICAL,1,JULICH_BRAIN_CYTOARCHITECTONIC_ATLAS_V3_1_AREA_TE_1_0_HESCHL_RIGHT,NGIQ-BR-00000088,STG_R_6_3,499.03279708,0.55053885,0.07571001,0.42951667,0.2508956,NGIQ-BR-00000086,0.25270071,NGIQ-BR-00000166,0.29783814,2.1786,3.8867,NGIQ-BR-00000088,STG_R_6_3,0.66621607,NGIQ-BR-00000166,0.16805799,NGIQ-BR-00000086,0.06636805,0.49815808,3.9642,0.97218078,0.02781922,2.7303,TRUE,DIFFUSE_ASSOCIATION,one_to_one,G4_G3_OVERLAP_INTERPRETATION_V1,,
263,AREA_TE_1_1_HESCHL_LEFT.nii.gz,JULICH_BRAIN_CYTOARCHITECTONIC_ATLAS_V3_1_AREA_TE_1_1_HESCHL,Area Te 1.1 (HESCHL) left,left,ONE_TO_ONE_CANONICAL,1,JULICH_BRAIN_CYTOARCHITECTONIC_ATLAS_V3_1_AREA_TE_1_1_HESCHL_LEFT,NGIQ-BR-00000087,STG_L_6_3,488.13158695,0.5045582,0.06318264,0.39047356,0.21284425,NGIQ-BR-00000153,0.17519943,NGIQ-BR-00000085,0.32935877,2.8799,3.8787,NGIQ-BR-00000087,STG_L_6_3,0.4743694,NGIQ-BR-00000153,0.19956813,NGIQ-BR-00000013,0.08722223,0.27480127,2.377,0.84748017,0.15251983,3.1364,TRUE,DIFFUSE_ASSOCIATION,one_to_one,G4_G3_OVERLAP_INTERPRETATION_V1,,
264,AREA_TE_1_1_HESCHL_RIGHT.nii.gz,JULICH_BRAIN_CYTOARCHITECTONIC_ATLAS_V3_1_AREA_TE_1_1_HESCHL,Area Te 1.1 (HESCHL) right,right,ONE_TO_ONE_CANONICAL,1,JULICH_BRAIN_CYTOARCHITECTONIC_ATLAS_V3_1_AREA_TE_1_1_HESCHL_RIGHT,NGIQ-BR-00000088,STG_R_6_3,352.16329468,0.40582747,0.05342793,0.30314626,0.17705933,NGIQ-BR-00000086,0.33648944,NGIQ-BR-00000154,0.06933803,1.2061,3.5647,NGIQ-BR-00000088,STG_R_6_3,0.37445984,NGIQ-BR-00000086,0.21597323,NGIQ-BR-00000154,0.20363194,0.15848661,1.7338,0.89409412,0.10590588,3.6718,TRUE,DIFFUSE_ASSOCIATION,one_to_one,G4_G3_OVERLAP_INTERPRETATION_V1,,
265,AREA_TE_1_2_HESCHL_LEFT.nii.gz,JULICH_BRAIN_CYTOARCHITECTONIC_ATLAS_V3_1_AREA_TE_1_2_HESCHL,Area Te 1.2 (HESCHL) left,left,ONE_TO_ONE_CANONICAL,1,JULICH_BRAIN_CYTOARCHITECTONIC_ATLAS_V3_1_AREA_TE_1_2_HESCHL_LEFT,NGIQ-BR-00000087,STG_L_6_3,312.72084958,0.50220765,0.04047787,0.34594443,0.14182669,NGIQ-BR-00000077,0.39311324,NGIQ-BR-00000091,0.1090944,1.2775,3.8417,NGIQ-BR-00000087,STG_L_6_3,0.53269551,NGIQ-BR-00000077,0.38875789,NGIQ-BR-00000165,0.0600008,0.14393762,1.3703,0.99426381,0.00573619,2.5631,TRUE,MULTI_TARGET_CONCENTRATED,one_to_one,G4_G3_OVERLAP_INTERPRETATION_V1,,
266,AREA_TE_1_2_HESCHL_RIGHT.nii.gz,JULICH_BRAIN_CYTOARCHITECTONIC_ATLAS_V3_1_AREA_TE_1_2_HESCHL,Area Te 1.2 (HESCHL) right,right,ONE_TO_ONE_CANONICAL,1,JULICH_BRAIN_CYTOARCHITECTONIC_ATLAS_V3_1_AREA_TE_1_2_HESCHL_RIGHT,NGIQ-BR-00000088,STG_R_6_3,341.99400827,0.75180027,0.05188511,0.45397907,0.18186886,NGIQ-BR-00000078,0.11783065,NGIQ-BR-00000086,0.63396963,6.3803,2.869,NGIQ-BR-00000088,STG_R_6_3,0.94972983,NGIQ-BR-00000078,0.01669888,NGIQ-BR-00000166,0.01208403,0.93303095,56.8739,0.98855984,0.01144016,1.2466,TRUE,SINGLE_TARGET_CONCENTRATED,one_to_one,G4_G3_OVERLAP_INTERPRETATION_V1,,
267,AREA_TE_2_1_STG_LEFT.nii.gz,JULICH_BRAIN_CYTOARCHITECTONIC_ATLAS_V3_1_AREA_TE_2_1_STG,Area Te 2.1 (STG) left,left,ONE_TO_ONE_CANONICAL,1,JULICH_BRAIN_CYTOARCHITECTONIC_ATLAS_V3_1_AREA_TE_2_1_STG_LEFT,NGIQ-BR-00000087,STG_L_6_3,648.38701751,0.43580331,0.08392574,0.41867389,0.27101114,NGIQ-BR-00000085,0.19445367,NGIQ-BR-00000165,0.24134964,2.2412,5.1798,NGIQ-BR-00000087,STG_L_6_3,0.50740275,NGIQ-BR-00000165,0.16580687,NGIQ-BR-00000085,0.10281437,0.34159588,3.0602,0.89798795,0.10201205,3.8096,TRUE,DIFFUSE_ASSOCIATION,one_to_one,G4_G3_OVERLAP_INTERPRETATION_V1,,
268,AREA_TE_2_1_STG_RIGHT.nii.gz,JULICH_BRAIN_CYTOARCHITECTONIC_ATLAS_V3_1_AREA_TE_2_1_STG,Area Te 2.1 (STG) right,right,ONE_TO_ONE_CANONICAL,1,JULICH_BRAIN_CYTOARCHITECTONIC_ATLAS_V3_1_AREA_TE_2_1_STG_RIGHT,NGIQ-BR-00000088,STG_R_6_3,319.23570473,0.3537679,0.04843237,0.27999649,0.16106156,NGIQ-BR-00000086,0.30649506,NGIQ-BR-00000090,0.04727284,1.1542,4.1521,NGIQ-BR-00000088,STG_R_6_3,0.40234269,NGIQ-BR-00000086,0.30401261,NGIQ-BR-00000090,0.10175178,0.09833008,1.3234,0.8797884,0.1202116,3.4954,TRUE,MULTI_TARGET_CONCENTRATED,one_to_one,G4_G3_OVERLAP_INTERPRETATION_V1,,
269,AREA_TE_2_2_STG_LEFT.nii.gz,JULICH_BRAIN_CYTOARCHITECTONIC_ATLAS_V3_1_AREA_TE_2_2_STG,Area Te 2.2 (STG) left,left,ONE_TO_ONE_CANONICAL,1,JULICH_BRAIN_CYTOARCHITECTONIC_ATLAS_V3_1_AREA_TE_2_2_STG_LEFT,NGIQ-BR-00000085,STG_L_6_2,904.11853151,0.37014743,0.17022809,0.63446708,0.58116208,NGIQ-BR-00000087,0.17084107,NGIQ-BR-00000153,0.19930635,2.1666,5.6281,NGIQ-BR-00000085,STG_L_6_2,0.46161237,NGIQ-BR-00000153,0.12988912,NGIQ-BR-00000087,0.09898986,0.33172325,3.5539,0.80442785,0.19557215,3.7391,TRUE,DIFFUSE_ASSOCIATION,one_to_one,G4_G3_OVERLAP_INTERPRETATION_V1,,
270,AREA_TE_2_2_STG_RIGHT.nii.gz,JULICH_BRAIN_CYTOARCHITECTONIC_ATLAS_V3_1_AREA_TE_2_2_STG,Area Te 2.2 (STG) right,right,ONE_TO_ONE_CANONICAL,1,JULICH_BRAIN_CYTOARCHITECTONIC_ATLAS_V3_1_AREA_TE_2_2_STG_RIGHT,NGIQ-BR-00000086,STG_R_6_2,1285.18050798,0.51953524,0.25356941,0.77659057,0.7066953,NGIQ-BR-00000154,0.15912482,NGIQ-BR-00000088,0.36041042,3.265,4.0453,NGIQ-BR-00000086,STG_R_6_2,0.54625369,NGIQ-BR-00000154,0.17790282,NGIQ-BR-00000090,0.07611085,0.36835086,3.0705,0.90534717,0.09465283,3.2753,TRUE,DIFFUSE_ASSOCIATION,one_to_one,G4_G3_OVERLAP_INTERPRETATION_V1,,
271,AREA_TE_3_STG_LEFT.nii.gz,JULICH_BRAIN_CYTOARCHITECTONIC_ATLAS_V3_1_AREA_TE_3_STG,Area Te 3 (STG) left,left,ONE_TO_ONE_CANONICAL,1,JULICH_BRAIN_CYTOARCHITECTONIC_ATLAS_V3_1_AREA_TE_3_STG_LEFT,NGIQ-BR-00000093,STG_L_6_6,494.29402265,0.23065624,0.08630934,0.37704438,0.30542351,NGIQ-BR-00000087,0.22082835,NGIQ-BR-00000089,0.00982789,1.0445,8.0711,NGIQ-BR-00000093,STG_L_6_6,0.28103271,NGIQ-BR-00000087,0.23787522,NGIQ-BR-00000089,0.16551801,0.04315749,1.1814,0.9909659,0.0090341,6.4574,TRUE,DIFFUSE_ASSOCIATION,one_to_one,G4_G3_OVERLAP_INTERPRETATION_V1,,
272,AREA_TE_3_STG_RIGHT.nii.gz,JULICH_BRAIN_CYTOARCHITECTONIC_ATLAS_V3_1_AREA_TE_3_STG,Area Te 3 (STG) right,right,ONE_TO_ONE_CANONICAL,1,JULICH_BRAIN_CYTOARCHITECTONIC_ATLAS_V3_1_AREA_TE_3_STG_RIGHT,NGIQ-BR-00000090,STG_R_6_4,951.99395243,0.33790958,0.19581505,0.620204,0.5972788,NGIQ-BR-00000094,0.18984829,NGIQ-BR-00000088,0.14806129,1.7799,6.8842,NGIQ-BR-00000090,STG_R_6_4,0.46602105,NGIQ-BR-00000088,0.18173317,NGIQ-BR-00000094,0.15845784,0.28428787,2.5643,0.98543573,0.01456427,4.8925,TRUE,DIFFUSE_ASSOCIATION,one_to_one,G4_G3_OVERLAP_INTERPRETATION_V1,,
273,AREA_TI_STG_LEFT.nii.gz,JULICH_BRAIN_CYTOARCHITECTONIC_ATLAS_V3_1_AREA_TI_STG,Area TI (STG) left,left,ONE_TO_ONE_CANONICAL,1,JULICH_BRAIN_CYTOARCHITECTONIC_ATLAS_V3_1_AREA_TI_STG_LEFT,NGIQ-BR-00000087,STG_L_6_3,322.08392168,0.42097789,0.04168981,0.29940869,0.14344941,NGIQ-BR-00000091,0.36894166,NGIQ-BR-00000093,0.05203624,1.141,3.6449,NGIQ-BR-00000087,STG_L_6_3,0.45005112,NGIQ-BR-00000091,0.38758286,NGIQ-BR-00000093,0.05879467,0.06246825,1.1612,0.92393727,0.07606273,2.7589,TRUE,MULTI_TARGET_CONCENTRATED,one_to_one,G4_G3_OVERLAP_INTERPRETATION_V1,,
274,AREA_TI_STG_RIGHT.nii.gz,JULICH_BRAIN_CYTOARCHITECTONIC_ATLAS_V3_1_AREA_TI_STG,Area TI (STG) right,right,ONE_TO_ONE_CANONICAL,1,JULICH_BRAIN_CYTOARCHITECTONIC_ATLAS_V3_1_AREA_TI_STG_RIGHT,NGIQ-BR-00000088,STG_R_6_3,489.02461787,0.47053238,0.07419164,0.39454407,0.24270789,NGIQ-BR-00000092,0.34000376,NGIQ-BR-00000176,0.13052862,1.3839,3.3434,NGIQ-BR-00000088,STG_R_6_3,0.45117255,NGIQ-BR-00000092,0.39476354,NGIQ-BR-00000176,0.06192268,0.05640901,1.1429,0.92770134,0.07229866,2.7145,TRUE,MULTI_TARGET_CONCENTRATED,one_to_one,G4_G3_OVERLAP_INTERPRETATION_V1,,
275,AREA_TPJ_STG_SMG_LEFT.nii.gz,JULICH_BRAIN_CYTOARCHITECTONIC_ATLAS_V3_1_AREA_TPJ_STG_SMG,"Area TPJ (STG, SMG) left",left,ONE_TO_ONE_CANONICAL,1,JULICH_BRAIN_CYTOARCHITECTONIC_ATLAS_V3_1_AREA_TPJ_STG_SMG_LEFT,NGIQ-BR-00000085,STG_L_6_2,589.82707873,0.26443056,0.11105307,0.46045953,0.40225538,NGIQ-BR-00000153,0.23058544,NGIQ-BR-00000089,0.03384512,1.1468,6.5426,NGIQ-BR-00000085,STG_L_6_2,0.25598701,NGIQ-BR-00000153,0.25344206,NGIQ-BR-00000089,0.21828059,0.00254495,1.01,0.91654299,0.08345701,4.7641,TRUE,DIFFUSE_ASSOCIATION,one_to_one,G4_G3_OVERLAP_INTERPRETATION_V1,,
276,AREA_TPJ_STG_SMG_RIGHT.nii.gz,JULICH_BRAIN_CYTOARCHITECTONIC_ATLAS_V3_1_AREA_TPJ_STG_SMG,"Area TPJ (STG, SMG) right",right,ONE_TO_ONE_CANONICAL,1,JULICH_BRAIN_CYTOARCHITECTONIC_ATLAS_V3_1_AREA_TPJ_STG_SMG_RIGHT,NGIQ-BR-00000086,STG_R_6_2,560.3445733,0.32123547,0.11055742,0.47339032,0.35951599,NGIQ-BR-00000154,0.31907622,NGIQ-BR-00000090,0.00215926,1.0068,5.5916,NGIQ-BR-00000154,IPL_R_6_6,0.39794889,NGIQ-BR-00000090,0.27920349,NGIQ-BR-00000086,0.23242075,0.1187454,1.4253,0.97101676,0.02898324,3.7346,FALSE,PROBABILITY_HARDLABEL_DISAGREEMENT,PP_HARDLABEL_TOP1_DISAGREE|one_to_one,G4_G3_OVERLAP_INTERPRETATION_V1,,
277,ASTR_AMYGDALA_LEFT.nii.gz,JULICH_BRAIN_CYTOARCHITECTONIC_ATLAS_V3_1_ASTR_AMYGDALA,Astr (Amygdala) left,left,ONE_TO_ONE_CANONICAL,1,JULICH_BRAIN_CYTOARCHITECTONIC_ATLAS_V3_1_ASTR_AMYGDALA_LEFT,NGIQ-BR-00000217,Amyg_L_2_2,139.52660795,0.45278582,0.11812121,0.55530885,0.37743078,NGIQ-BR-00000215,0.14625336,NGIQ-BR-00000224,0.30653246,3.0959,4.4043,NGIQ-BR-00000217,Amyg_L_2_2,0.30739363,NGIQ-BR-00000017,0.29863416,NGIQ-BR-00000224,0.12497494,0.00875947,1.0293,0.77729099,0.22270901,3.5256,TRUE,DIFFUSE_ASSOCIATION,one_to_one,G4_G3_OVERLAP_INTERPRETATION_V1,,
278,ASTR_AMYGDALA_RIGHT.nii.gz,JULICH_BRAIN_CYTOARCHITECTONIC_ATLAS_V3_1_ASTR_AMYGDALA,Astr (Amygdala) right,right,ONE_TO_ONE_CANONICAL,1,JULICH_BRAIN_CYTOARCHITECTONIC_ATLAS_V3_1_ASTR_AMYGDALA_RIGHT,NGIQ-BR-00000218,Amyg_R_2_2,152.44894244,0.405868,0.12253494,0.49963702,0.36682982,NGIQ-BR-00000216,0.1583641,NGIQ-BR-00000018,0.2475039,2.5629,4.4119,NGIQ-BR-00000218,Amyg_R_2_2,0.41906006,NGIQ-BR-00000225,0.16263818,NGIQ-BR-00000018,0.08967079,0.25642188,2.5766,0.77303393,0.22696607,3.5332,TRUE,DIFFUSE_ASSOCIATION,one_to_one,G4_G3_OVERLAP_INTERPRETATION_V1,,
279,AV_THALAMUS_ANTEROVENTRAL_NUCLEUS_LEFT.nii.gz,JULICH_BRAIN_CYTOARCHITECTONIC_ATLAS_V3_1_AV_THALAMUS_ANTEROVENTRAL_NUCLEUS,"AV (Thalamus, anteroventral Nucleus) left",left,ONE_TO_ONE_CANONICAL,1,JULICH_BRAIN_CYTOARCHITECTONIC_ATLAS_V3_1_AV_THALAMUS_ANTEROVENTRAL_NUCLEUS_LEFT,NGIQ-BR-00000237,Tha_L_8_4,127.38995096,0.42949469,0.06166341,0.42703797,0.24038697,NGIQ-BR-00000243,0.27634174,NGIQ-BR-00000020,0.15315296,1.5542,3.4045,NGIQ-BR-00000237,Tha_L_8_4,0.46532711,NGIQ-BR-00000243,0.28934751,NGIQ-BR-00000020,0.05423724,0.1759796,1.6082,0.82683884,0.17316116,2.6344,TRUE,MULTI_TARGET_CONCENTRATED,one_to_one,G4_G3_OVERLAP_INTERPRETATION_V1,,
280,AV_THALAMUS_ANTEROVENTRAL_NUCLEUS_RIGHT.nii.gz,JULICH_BRAIN_CYTOARCHITECTONIC_ATLAS_V3_1_AV_THALAMUS_ANTEROVENTRAL_NUCLEUS,"AV (Thalamus, anteroventral Nucleus) right",right,ONE_TO_ONE_CANONICAL,1,JULICH_BRAIN_CYTOARCHITECTONIC_ATLAS_V3_1_AV_THALAMUS_ANTEROVENTRAL_NUCLEUS_RIGHT,NGIQ-BR-00000244,Tha_R_8_7,115.41744287,0.36574147,0.06916617,0.47516768,0.34681986,NGIQ-BR-00000238,0.22650677,NGIQ-BR-00000242,0.1392347,1.6147,4.3734,NGIQ-BR-00000244,Tha_R_8_7,0.47926375,NGIQ-BR-00000238,0.23857442,NGIQ-BR-00000242,0.08991933,0.24068933,2.0089,0.88438024,0.11561976,3.2703,TRUE,MULTI_TARGET_CONCENTRATED,one_to_one,G4_G3_OVERLAP_INTERPRETATION_V1,,
281,BST_BASAL_FOREBRAIN_BED_NUCLEUS_LEFT.nii.gz,JULICH_BRAIN_CYTOARCHITECTONIC_ATLAS_V3_1_BST_BASAL_FOREBRAIN_BED_NUCLEUS,"BST (Basal Forebrain, Bed Nucleus) left",left,ONE_TO_ONE_CANONICAL,1,JULICH_BRAIN_CYTOARCHITECTONIC_ATLAS_V3_1_BST_BASAL_FOREBRAIN_BED_NUCLEUS_LEFT,NGIQ-BR-00000237,Tha_L_8_4,13.74784315,0.09702797,0.00665468,0.05839075,0.02681962,NGIQ-BR-00000020,0.05315363,NGIQ-BR-00000019,0.04387434,1.8254,7.0503,NGIQ-BR-00000237,Tha_L_8_4,0.07775502,NGIQ-BR-00000019,0.06439209,NGIQ-BR-00000020,0.04950726,0.01336293,1.2075,0.21120271,0.78879729,3.8717,TRUE,DIFFUSE_ASSOCIATION,one_to_one,G4_G3_OVERLAP_INTERPRETATION_V1,,
282,BST_BASAL_FOREBRAIN_BED_NUCLEUS_RIGHT.nii.gz,JULICH_BRAIN_CYTOARCHITECTONIC_ATLAS_V3_1_BST_BASAL_FOREBRAIN_BED_NUCLEUS,"BST (Basal Forebrain, Bed Nucleus) right",right,ONE_TO_ONE_CANONICAL,1,JULICH_BRAIN_CYTOARCHITECTONIC_ATLAS_V3_1_BST_BASAL_FOREBRAIN_BED_NUCLEUS_RIGHT,NGIQ-BR-00000221,BG_R_6_1,14.89120987,0.10765795,0.0043039,0.05417099,0.02305156,NGIQ-BR-00000225,0.08957863,NGIQ-BR-00000229,0.01807932,1.2018,7.3192,NGIQ-BR-00000221,BG_R_6_1,0.13266221,NGIQ-BR-00000225,0.07325061,NGIQ-BR-00000232,0.03255924,0.0594116,1.8111,0.29714774,0.70285226,4.35,TRUE,DIFFUSE_ASSOCIATION,one_to_one,G4_G3_OVERLAP_INTERPRETATION_V1,,
283,CA1_HIPPOCAMPUS_LEFT.nii.gz,JULICH_BRAIN_CYTOARCHITECTONIC_ATLAS_V3_1_CA1_HIPPOCAMPUS,CA1 (Hippocampus) left,left,ONE_TO_ONE_CANONICAL,1,JULICH_BRAIN_CYTOARCHITECTONIC_ATLAS_V3_1_CA1_HIPPOCAMPUS_LEFT,NGIQ-BR-00000219,Hipp_L_2_2,1150.68417529,0.43272592,0.26367313,0.69400758,0.60306098,NGIQ-BR-00000017,0.26222005,NGIQ-BR-00000125,0.17050587,1.6502,5.3958,NGIQ-BR-00000219,Hipp_L_2_2,0.5010903,NGIQ-BR-00000017,0.21062453,NGIQ-BR-00000125,0.08374437,0.29046577,2.3791,0.88680224,0.11319776,3.6335,TRUE,MULTI_TARGET_CONCENTRATED,one_to_one,G4_G3_OVERLAP_INTERPRETATION_V1,,
284,CA1_HIPPOCAMPUS_RIGHT.nii.gz,JULICH_BRAIN_CYTOARCHITECTONIC_ATLAS_V3_1_CA1_HIPPOCAMPUS,CA1 (Hippocampus) right,right,ONE_TO_ONE_CANONICAL,1,JULICH_BRAIN_CYTOARCHITECTONIC_ATLAS_V3_1_CA1_HIPPOCAMPUS_RIGHT,NGIQ-BR-00000220,Hipp_R_2_2,1137.96432927,0.39916268,0.28385881,0.68823098,0.64125942,NGIQ-BR-00000018,0.31338557,NGIQ-BR-00000126,0.08577711,1.2737,4.7884,NGIQ-BR-00000220,Hipp_R_2_2,0.54100372,NGIQ-BR-00000018,0.19365383,NGIQ-BR-00000126,0.05055119,0.34734989,2.7937,0.86436431,0.13563569,3.3573,TRUE,DIFFUSE_ASSOCIATION,one_to_one,G4_G3_OVERLAP_INTERPRETATION_V1,,
285,CA2_HIPPOCAMPUS_LEFT.nii.gz,JULICH_BRAIN_CYTOARCHITECTONIC_ATLAS_V3_1_CA2_HIPPOCAMPUS,CA2 (Hippocampus) left,left,ONE_TO_ONE_CANONICAL,1,JULICH_BRAIN_CYTOARCHITECTONIC_ATLAS_V3_1_CA2_HIPPOCAMPUS_LEFT,NGIQ-BR-00000017,Hipp_L_2_1,419.26041865,0.52460036,0.08560479,0.48660314,0.23655819,NGIQ-BR-00000219,0.32163361,NGIQ-BR-00000187,0.20296675,1.631,2.7444,NGIQ-BR-00000017,Hipp_L_2_1,0.49804317,NGIQ-BR-00000219,0.35411959,NGIQ-BR-00000187,0.04018559,0.14392358,1.4064,0.90067756,0.09932244,2.4099,TRUE,MULTI_TARGET_CONCENTRATED,one_to_one,G4_G3_OVERLAP_INTERPRETATION_V1,,
286,CA2_HIPPOCAMPUS_RIGHT.nii.gz,JULICH_BRAIN_CYTOARCHITECTONIC_ATLAS_V3_1_CA2_HIPPOCAMPUS,CA2 (Hippocampus) right,right,ONE_TO_ONE_CANONICAL,1,JULICH_BRAIN_CYTOARCHITECTONIC_ATLAS_V3_1_CA2_HIPPOCAMPUS_RIGHT,NGIQ-BR-00000018,Hipp_R_2_1,464.50297809,0.51168634,0.08776795,0.47059668,0.23943139,NGIQ-BR-00000220,0.32434512,NGIQ-BR-00000188,0.18734122,1.5776,2.5032,NGIQ-BR-00000220,Hipp_R_2_2,0.47260042,NGIQ-BR-00000018,0.35035556,NGIQ-BR-00000188,0.01697537,0.12224486,1.3489,0.85210839,0.14789161,2.3365,FALSE,PROBABILITY_HARDLABEL_DISAGREEMENT,PP_HARDLABEL_TOP1_DISAGREE|one_to_one,G4_G3_OVERLAP_INTERPRETATION_V1,,
287,CA3_HIPPOCAMPUS_LEFT.nii.gz,JULICH_BRAIN_CYTOARCHITECTONIC_ATLAS_V3_1_CA3_HIPPOCAMPUS,CA3 (Hippocampus) left,left,ONE_TO_ONE_CANONICAL,1,JULICH_BRAIN_CYTOARCHITECTONIC_ATLAS_V3_1_CA3_HIPPOCAMPUS_LEFT,NGIQ-BR-00000017,Hipp_L_2_1,391.35073405,0.49856208,0.07990618,0.47809897,0.22217588,NGIQ-BR-00000219,0.40723176,NGIQ-BR-00000237,0.09133032,1.2243,2.5784,NGIQ-BR-00000219,Hipp_L_2_2,0.4862059,NGIQ-BR-00000017,0.42061205,NGIQ-BR-00000187,0.014067,0.06559384,1.1559,0.94356872,0.05643128,2.3946,FALSE,PROBABILITY_HARDLABEL_DISAGREEMENT,PP_HARDLABEL_TOP1_DISAGREE|one_to_one,G4_G3_OVERLAP_INTERPRETATION_V1,,
288,CA3_HIPPOCAMPUS_RIGHT.nii.gz,JULICH_BRAIN_CYTOARCHITECTONIC_ATLAS_V3_1_CA3_HIPPOCAMPUS,CA3 (Hippocampus) right,right,ONE_TO_ONE_CANONICAL,1,JULICH_BRAIN_CYTOARCHITECTONIC_ATLAS_V3_1_CA3_HIPPOCAMPUS_RIGHT,NGIQ-BR-00000018,Hipp_R_2_1,374.58847238,0.47855232,0.07077858,0.45942855,0.19744687,NGIQ-BR-00000220,0.34647995,NGIQ-BR-00000242,0.13207237,1.3812,2.9399,NGIQ-BR-00000220,Hipp_R_2_2,0.49659706,NGIQ-BR-00000018,0.31565866,NGIQ-BR-00000242,0.02816659,0.1809384,1.5732,0.86393073,0.13606927,2.5436,FALSE,PROBABILITY_HARDLABEL_DISAGREEMENT,PP_HARDLABEL_TOP1_DISAGREE|one_to_one,G4_G3_OVERLAP_INTERPRETATION_V1,,
289,CGL_METATHALAMUS_LEFT.nii.gz,JULICH_BRAIN_CYTOARCHITECTONIC_ATLAS_V3_1_CGL_METATHALAMUS,CGL (Metathalamus) left,left,ONE_TO_ONE_CANONICAL,1,JULICH_BRAIN_CYTOARCHITECTONIC_ATLAS_V3_1_CGL_METATHALAMUS_LEFT,NGIQ-BR-00000017,Hipp_L_2_1,86.44818894,0.20392442,0.01765103,0.14399913,0.05041208,NGIQ-BR-00000219,0.12500247,NGIQ-BR-00000239,0.07892195,1.6314,3.8081,NGIQ-BR-00000017,Hipp_L_2_1,0.21054549,NGIQ-BR-00000219,0.11895172,NGIQ-BR-00000239,0.02396453,0.09159377,1.77,0.38297151,0.61702849,3.2002,TRUE,DIFFUSE_ASSOCIATION,one_to_one,G4_G3_OVERLAP_INTERPRETATION_V1,,
290,CGL_METATHALAMUS_RIGHT.nii.gz,JULICH_BRAIN_CYTOARCHITECTONIC_ATLAS_V3_1_CGL_METATHALAMUS,CGL (Metathalamus) right,right,ONE_TO_ONE_CANONICAL,1,JULICH_BRAIN_CYTOARCHITECTONIC_ATLAS_V3_1_CGL_METATHALAMUS_RIGHT,NGIQ-BR-00000018,Hipp_R_2_1,29.54281426,0.19301178,0.00558212,0.07152972,0.01615494,NGIQ-BR-00000220,0.08645817,NGIQ-BR-00000240,0.10655361,2.2324,1.8786,NGIQ-BR-00000220,Hipp_R_2_2,0.22335508,NGIQ-BR-00000018,0.04078798,NGIQ-BR-00000240,8.23e-06,0.1825671,5.476,0.26415129,0.73584871,1.5382,FALSE,PROBABILITY_HARDLABEL_DISAGREEMENT,PP_HARDLABEL_TOP1_DISAGREE|one_to_one,G4_G3_OVERLAP_INTERPRETATION_V1,,
291,CGM_METATHALAMUS_LEFT.nii.gz,JULICH_BRAIN_CYTOARCHITECTONIC_ATLAS_V3_1_CGM_METATHALAMUS,CGM (Metathalamus) left,left,ONE_TO_ONE_CANONICAL,1,JULICH_BRAIN_CYTOARCHITECTONIC_ATLAS_V3_1_CGM_METATHALAMUS_LEFT,NGIQ-BR-00000239,Tha_L_8_5,30.58045476,0.13276819,0.01475619,0.16004996,0.07394255,NGIQ-BR-00000235,0.08207888,NGIQ-BR-00000241,0.05068931,1.6176,6.1591,NGIQ-BR-00000239,Tha_L_8_5,0.19126913,NGIQ-BR-00000235,0.10597201,NGIQ-BR-00000017,0.03473087,0.08529712,1.8049,0.36854755,0.63145245,3.4055,TRUE,DIFFUSE_ASSOCIATION,one_to_one,G4_G3_OVERLAP_INTERPRETATION_V1,,
292,CGM_METATHALAMUS_RIGHT.nii.gz,JULICH_BRAIN_CYTOARCHITECTONIC_ATLAS_V3_1_CGM_METATHALAMUS,CGM (Metathalamus) right,right,ONE_TO_ONE_CANONICAL,1,JULICH_BRAIN_CYTOARCHITECTONIC_ATLAS_V3_1_CGM_METATHALAMUS_RIGHT,NGIQ-BR-00000018,Hipp_R_2_1,11.71084368,0.07204598,0.00221277,0.02911206,0.00640811,NGIQ-BR-00000220,0.04707823,NGIQ-BR-00000132,0.02496775,1.5303,8.0905,NGIQ-BR-00000018,Hipp_R_2_1,0.10044976,NGIQ-BR-00000236,0.03538724,NGIQ-BR-00000132,0.03302737,0.06506253,2.8386,0.19540634,0.80459366,3.5106,TRUE,DIFFUSE_ASSOCIATION,one_to_one,G4_G3_OVERLAP_INTERPRETATION_V1,,
293,CH_123_BASAL_FOREBRAIN_LEFT.nii.gz,JULICH_BRAIN_CYTOARCHITECTONIC_ATLAS_V3_1_CH_123_BASAL_FOREBRAIN,Ch 123 (Basal Forebrain) left,left,ONE_TO_ONE_CANONICAL,1,JULICH_BRAIN_CYTOARCHITECTONIC_ATLAS_V3_1_CH_123_BASAL_FOREBRAIN_LEFT,NGIQ-BR-00000065,OrG_L_6_5,45.05661368,0.2208705,0.0057179,0.09170336,0.0200863,NGIQ-BR-00000224,0.12674267,NGIQ-BR-00000019,0.09412783,1.7427,3.5035,NGIQ-BR-00000065,OrG_L_6_5,0.22726568,NGIQ-BR-00000224,0.10005733,NGIQ-BR-00000019,0.00796841,0.12720834,2.2714,0.33530758,0.66469242,2.0418,TRUE,DIFFUSE_ASSOCIATION,one_to_one,G4_G3_OVERLAP_INTERPRETATION_V1,,
294,CH_123_BASAL_FOREBRAIN_RIGHT.nii.gz,JULICH_BRAIN_CYTOARCHITECTONIC_ATLAS_V3_1_CH_123_BASAL_FOREBRAIN,Ch 123 (Basal Forebrain) right,right,ONE_TO_ONE_CANONICAL,1,JULICH_BRAIN_CYTOARCHITECTONIC_ATLAS_V3_1_CH_123_BASAL_FOREBRAIN_RIGHT,NGIQ-BR-00000225,BG_R_6_3,118.14839447,0.41708764,0.04054105,0.3110182,0.13392674,NGIQ-BR-00000066,0.12704905,NGIQ-BR-00000058,0.2900386,3.2829,2.945,NGIQ-BR-00000225,BG_R_6_3,0.55092187,NGIQ-BR-00000066,0.08539908,NGIQ-BR-00000221,0.00472358,0.46552279,6.4511,0.64115671,0.35884329,1.5477,TRUE,DIFFUSE_ASSOCIATION,one_to_one,G4_G3_OVERLAP_INTERPRETATION_V1,,
295,CH_4_BASAL_FOREBRAIN_LEFT.nii.gz,JULICH_BRAIN_CYTOARCHITECTONIC_ATLAS_V3_1_CH_4_BASAL_FOREBRAIN,Ch 4 (Basal Forebrain) left,left,ONE_TO_ONE_CANONICAL,1,JULICH_BRAIN_CYTOARCHITECTONIC_ATLAS_V3_1_CH_4_BASAL_FOREBRAIN_LEFT,NGIQ-BR-00000224,BG_L_6_3,136.36247928,0.21166366,0.05564376,0.28565372,0.21378797,NGIQ-BR-00000215,0.09126995,NGIQ-BR-00000217,0.12039371,2.3191,9.2921,NGIQ-BR-00000224,BG_L_6_3,0.37380389,NGIQ-BR-00000222,0.08233364,NGIQ-BR-00000215,0.06328096,0.29147025,4.5401,0.75832296,0.24167704,5.2942,TRUE,DIFFUSE_ASSOCIATION,one_to_one,G4_G3_OVERLAP_INTERPRETATION_V1,,
296,CH_4_BASAL_FOREBRAIN_RIGHT.nii.gz,JULICH_BRAIN_CYTOARCHITECTONIC_ATLAS_V3_1_CH_4_BASAL_FOREBRAIN,Ch 4 (Basal Forebrain) right,right,ONE_TO_ONE_CANONICAL,1,JULICH_BRAIN_CYTOARCHITECTONIC_ATLAS_V3_1_CH_4_BASAL_FOREBRAIN_RIGHT,NGIQ-BR-00000218,Amyg_R_2_2,28.73434001,0.13044418,0.023096,0.11878158,0.07352574,NGIQ-BR-00000225,0.11879207,NGIQ-BR-00000216,0.01165211,1.0981,6.188,NGIQ-BR-00000225,BG_R_6_3,0.20614924,NGIQ-BR-00000218,0.11364418,NGIQ-BR-00000216,0.02853667,0.09250506,1.814,0.37819518,0.62180482,3.1083,FALSE,PROBABILITY_HARDLABEL_DISAGREEMENT,PP_HARDLABEL_TOP1_DISAGREE|one_to_one,G4_G3_OVERLAP_INTERPRETATION_V1,,
297,CL_THALAMUS_ANTERIOR_INTRALAMINAR_NUCLEI_LEFT.nii.gz,JULICH_BRAIN_CYTOARCHITECTONIC_ATLAS_V3_1_CL_THALAMUS_ANTERIOR_INTRALAMINAR_NUCLEI,"CL (Thalamus, anterior intralaminar nuclei) left",left,ONE_TO_ONE_CANONICAL,1,JULICH_BRAIN_CYTOARCHITECTONIC_ATLAS_V3_1_CL_THALAMUS_ANTERIOR_INTRALAMINAR_NUCLEI_LEFT,NGIQ-BR-00000020,Tha_L_8_1,292.43546811,0.1955436,0.14687977,0.49512231,0.48539645,NGIQ-BR-00000245,0.16721547,NGIQ-BR-00000239,0.02832813,1.1694,7.4342,NGIQ-BR-00000245,Tha_L_8_8,0.24013596,NGIQ-BR-00000020,0.21649375,NGIQ-BR-00000239,0.14231803,0.02364221,1.1092,0.97925325,0.02074675,6.5399,FALSE,PROBABILITY_HARDLABEL_DISAGREEMENT,PP_HARDLABEL_TOP1_DISAGREE|one_to_one,G4_G3_OVERLAP_INTERPRETATION_V1,,
298,CL_THALAMUS_ANTERIOR_INTRALAMINAR_NUCLEI_RIGHT.nii.gz,JULICH_BRAIN_CYTOARCHITECTONIC_ATLAS_V3_1_CL_THALAMUS_ANTERIOR_INTRALAMINAR_NUCLEI,"CL (Thalamus, anterior intralaminar nuclei) right",right,ONE_TO_ONE_CANONICAL,1,JULICH_BRAIN_CYTOARCHITECTONIC_ATLAS_V3_1_CL_THALAMUS_ANTERIOR_INTRALAMINAR_NUCLEI_RIGHT,NGIQ-BR-00000232,Tha_R_8_1,289.53716065,0.21792044,0.1606106,0.49571911,0.46194392,NGIQ-BR-00000246,0.18835336,NGIQ-BR-00000240,0.02956707,1.157,7.2559,NGIQ-BR-00000246,Tha_R_8_8,0.31665346,NGIQ-BR-00000232,0.20239447,NGIQ-BR-00000240,0.13201105,0.11425899,1.5645,0.98728034,0.01271966,6.3978,FALSE,PROBABILITY_HARDLABEL_DISAGREEMENT,PP_HARDLABEL_TOP1_DISAGREE|one_to_one,G4_G3_OVERLAP_INTERPRETATION_V1,,
301,CM_THALAMUS_CENTROMEDIAN_NUCLEUS_LEFT.nii.gz,JULICH_BRAIN_CYTOARCHITECTONIC_ATLAS_V3_1_CM_THALAMUS_CENTROMEDIAN_NUCLEUS,"CM (Thalamus, centromedian Nucleus) left",left,ONE_TO_ONE_CANONICAL,1,JULICH_BRAIN_CYTOARCHITECTONIC_ATLAS_V3_1_CM_THALAMUS_CENTROMEDIAN_NUCLEUS_LEFT,NGIQ-BR-00000245,Tha_L_8_8,108.47870366,0.37274841,0.0513396,0.40759106,0.20481517,NGIQ-BR-00000235,0.25778625,NGIQ-BR-00000239,0.11496216,1.446,4.683,NGIQ-BR-00000245,Tha_L_8_8,0.54684068,NGIQ-BR-00000235,0.21680959,NGIQ-BR-00000239,0.10422671,0.33003109,2.5222,0.90905023,0.09094977,2.9243,TRUE,MULTI_TARGET_CONCENTRATED,one_to_one,G4_G3_OVERLAP_INTERPRETATION_V1,,
302,CM_THALAMUS_CENTROMEDIAN_NUCLEUS_RIGHT.nii.gz,JULICH_BRAIN_CYTOARCHITECTONIC_ATLAS_V3_1_CM_THALAMUS_CENTROMEDIAN_NUCLEUS,"CM (Thalamus, centromedian Nucleus) right",right,ONE_TO_ONE_CANONICAL,1,JULICH_BRAIN_CYTOARCHITECTONIC_ATLAS_V3_1_CM_THALAMUS_CENTROMEDIAN_NUCLEUS_RIGHT,NGIQ-BR-00000234,Tha_R_8_2,124.49793824,0.36845857,0.06896625,0.4191207,0.24647299,NGIQ-BR-00000236,0.22213946,NGIQ-BR-00000246,0.14631912,1.6587,4.4759,NGIQ-BR-00000234,Tha_R_8_2,0.37591347,NGIQ-BR-00000246,0.25329438,NGIQ-BR-00000236,0.21906605,0.12261908,1.4841,0.91228247,0.08771753,3.6662,TRUE,DIFFUSE_ASSOCIATION,one_to_one,G4_G3_OVERLAP_INTERPRETATION_V1,,
303,DG_HIPPOCAMPUS_LEFT.nii.gz,JULICH_BRAIN_CYTOARCHITECTONIC_ATLAS_V3_1_DG_HIPPOCAMPUS,DG (Hippocampus) left,left,ONE_TO_ONE_CANONICAL,1,JULICH_BRAIN_CYTOARCHITECTONIC_ATLAS_V3_1_DG_HIPPOCAMPUS_LEFT,NGIQ-BR-00000219,Hipp_L_2_2,770.05674993,0.56315811,0.17645439,0.70741941,0.47130239,NGIQ-BR-00000017,0.3495692,NGIQ-BR-00000237,0.21358891,1.611,2.9407,NGIQ-BR-00000219,Hipp_L_2_2,0.66896936,NGIQ-BR-00000017,0.24308493,NGIQ-BR-00000237,0.01753574,0.42588444,2.752,0.96645798,0.03354202,2.3527,TRUE,MULTI_TARGET_CONCENTRATED,one_to_one,G4_G3_OVERLAP_INTERPRETATION_V1,,
304,DG_HIPPOCAMPUS_RIGHT.nii.gz,JULICH_BRAIN_CYTOARCHITECTONIC_ATLAS_V3_1_DG_HIPPOCAMPUS,DG (Hippocampus) right,right,ONE_TO_ONE_CANONICAL,1,JULICH_BRAIN_CYTOARCHITECTONIC_ATLAS_V3_1_DG_HIPPOCAMPUS_RIGHT,NGIQ-BR-00000220,Hipp_R_2_2,638.45640662,0.49366731,0.15925936,0.69011513,0.46052092,NGIQ-BR-00000018,0.37426973,NGIQ-BR-00000242,0.11939759,1.319,3.108,NGIQ-BR-00000220,Hipp_R_2_2,0.69180234,NGIQ-BR-00000018,0.1878754,NGIQ-BR-00000242,0.02911089,0.50392694,3.6822,0.93273957,0.06726043,2.1931,TRUE,DIFFUSE_ASSOCIATION,one_to_one,G4_G3_OVERLAP_INTERPRETATION_V1,,
305,FRONTAL_II_GAPMAP_LEFT.nii.gz,JULICH_BRAIN_CYTOARCHITECTONIC_ATLAS_V3_1_FRONTAL_II_GAPMAP,Frontal-II (GapMap) left,left,ONE_TO_ONE_CANONICAL,1,JULICH_BRAIN_CYTOARCHITECTONIC_ATLAS_V3_1_FRONTAL_II_GAPMAP_LEFT,NGIQ-BR-00000035,MFG_L_7_2,1736.33435507,0.46333633,0.25505081,0.57117026,0.56641649,NGIQ-BR-00000043,0.10168133,NGIQ-BR-00000041,0.36165501,4.5567,5.1595,NGIQ-BR-00000035,MFG_L_7_2,0.65521416,NGIQ-BR-00000041,0.05721334,NGIQ-BR-00000079,0.05587432,0.59800082,11.4521,0.83971512,0.16028488,2.3651,TRUE,DIFFUSE_ASSOCIATION,one_to_one,G4_G3_OVERLAP_INTERPRETATION_V1,,
306,FRONTAL_II_GAPMAP_RIGHT.nii.gz,JULICH_BRAIN_CYTOARCHITECTONIC_ATLAS_V3_1_FRONTAL_II_GAPMAP,Frontal-II (GapMap) right,right,ONE_TO_ONE_CANONICAL,1,JULICH_BRAIN_CYTOARCHITECTONIC_ATLAS_V3_1_FRONTAL_II_GAPMAP_RIGHT,NGIQ-BR-00000036,MFG_R_7_2,2279.04141402,0.43070925,0.34249178,0.61176633,0.61165952,NGIQ-BR-00000042,0.15364595,NGIQ-BR-00000044,0.27706331,2.8033,3.4305,NGIQ-BR-00000036,MFG_R_7_2,0.44527845,NGIQ-BR-00000042,0.18904697,NGIQ-BR-00000080,0.05421125,0.25623148,2.3554,0.70662372,0.29337628,2.5899,TRUE,DIFFUSE_ASSOCIATION,one_to_one,G4_G3_OVERLAP_INTERPRETATION_V1,,
307,FRONTAL_I_1_GAPMAP_LEFT.nii.gz,JULICH_BRAIN_CYTOARCHITECTONIC_ATLAS_V3_1_FRONTAL_I_1_GAPMAP,Frontal-I.1 (GapMap) left,left,ONE_TO_ONE_CANONICAL,1,JULICH_BRAIN_CYTOARCHITECTONIC_ATLAS_V3_1_FRONTAL_I_1_GAPMAP_LEFT,NGIQ-BR-00000039,MFG_L_7_4,1236.63677409,0.2063626,0.13429393,0.28884086,0.28866482,NGIQ-BR-00000037,0.20187513,NGIQ-BR-00000051,0.00448747,1.0222,6.9162,NGIQ-BR-00000039,MFG_L_7_4,0.25099796,NGIQ-BR-00000037,0.22763164,NGIQ-BR-00000051,0.16489283,0.02336631,1.1026,0.74804058,0.25195942,4.409,TRUE,DIFFUSE_ASSOCIATION,one_to_one,G4_G3_OVERLAP_INTERPRETATION_V1,,
308,FRONTAL_I_1_GAPMAP_RIGHT.nii.gz,JULICH_BRAIN_CYTOARCHITECTONIC_ATLAS_V3_1_FRONTAL_I_1_GAPMAP,Frontal-I.1 (GapMap) right,right,ONE_TO_ONE_CANONICAL,1,JULICH_BRAIN_CYTOARCHITECTONIC_ATLAS_V3_1_FRONTAL_I_1_GAPMAP_RIGHT,NGIQ-BR-00000040,MFG_R_7_4,1740.16873972,0.29261576,0.20452795,0.42493038,0.42457774,NGIQ-BR-00000046,0.16114284,NGIQ-BR-00000038,0.13147291,1.8159,6.3367,NGIQ-BR-00000040,MFG_R_7_4,0.3214687,NGIQ-BR-00000046,0.14787955,NGIQ-BR-00000038,0.09268959,0.17358916,2.1739,0.76773267,0.23226733,4.8629,TRUE,DIFFUSE_ASSOCIATION,one_to_one,G4_G3_OVERLAP_INTERPRETATION_V1,,
309,FRONTAL_I_2_GAPMAP_LEFT.nii.gz,JULICH_BRAIN_CYTOARCHITECTONIC_ATLAS_V3_1_FRONTAL_I_2_GAPMAP,Frontal-I.2 (GapMap) left,left,ONE_TO_ONE_CANONICAL,1,JULICH_BRAIN_CYTOARCHITECTONIC_ATLAS_V3_1_FRONTAL_I_2_GAPMAP_LEFT,NGIQ-BR-00000029,SFG_L_7_6,2044.71169314,0.38983935,0.25660362,0.61950876,0.61092411,NGIQ-BR-00000001,0.26820776,NGIQ-BR-00000031,0.12163159,1.4535,3.7878,NGIQ-BR-00000029,SFG_L_7_6,0.50472606,NGIQ-BR-00000001,0.28780163,NGIQ-BR-00000031,0.02327904,0.21692443,1.7537,0.84123234,0.15876766,2.524,TRUE,MULTI_TARGET_CONCENTRATED,one_to_one,G4_G3_OVERLAP_INTERPRETATION_V1,,
310,FRONTAL_I_2_GAPMAP_RIGHT.nii.gz,JULICH_BRAIN_CYTOARCHITECTONIC_ATLAS_V3_1_FRONTAL_I_2_GAPMAP,Frontal-I.2 (GapMap) right,right,ONE_TO_ONE_CANONICAL,1,JULICH_BRAIN_CYTOARCHITECTONIC_ATLAS_V3_1_FRONTAL_I_2_GAPMAP_RIGHT,NGIQ-BR-00000030,SFG_R_7_6,2400.58633544,0.3739508,0.28213596,0.56363716,0.55505559,NGIQ-BR-00000002,0.24124147,NGIQ-BR-00000024,0.13270933,1.5501,3.5383,NGIQ-BR-00000030,SFG_R_7_6,0.50746126,NGIQ-BR-00000002,0.22034376,NGIQ-BR-00000024,0.02988202,0.2871175,2.303,0.76579518,0.23420482,2.2671,TRUE,MULTI_TARGET_CONCENTRATED,one_to_one,G4_G3_OVERLAP_INTERPRETATION_V1,,
311,FRONTAL_TO_OCCIPITAL_GAPMAP_LEFT.nii.gz,JULICH_BRAIN_CYTOARCHITECTONIC_ATLAS_V3_1_FRONTAL_TO_OCCIPITAL_GAPMAP,Frontal-to-Occipital (GapMap) left,left,ONE_TO_ONE_CANONICAL,1,JULICH_BRAIN_CYTOARCHITECTONIC_ATLAS_V3_1_FRONTAL_TO_OCCIPITAL_GAPMAP_LEFT,NGIQ-BR-00000159,PCun_L_4_3,5808.06813643,0.13863466,0.68192137,0.39281705,0.28703744,NGIQ-BR-00000161,0.12617123,NGIQ-BR-00000181,0.01246343,1.0988,16.6056,NGIQ-BR-00000161,PCun_L_4_4,0.13499942,NGIQ-BR-00000159,0.11739783,NGIQ-BR-00000201,0.09020429,0.01760159,1.1499,0.82570934,0.17429066,13.2152,FALSE,PROBABILITY_HARDLABEL_DISAGREEMENT,PP_HARDLABEL_TOP1_DISAGREE|one_to_one,G4_G3_OVERLAP_INTERPRETATION_V1,,
312,FRONTAL_TO_OCCIPITAL_GAPMAP_RIGHT.nii.gz,JULICH_BRAIN_CYTOARCHITECTONIC_ATLAS_V3_1_FRONTAL_TO_OCCIPITAL_GAPMAP,Frontal-to-Occipital (GapMap) right,right,ONE_TO_ONE_CANONICAL,1,JULICH_BRAIN_CYTOARCHITECTONIC_ATLAS_V3_1_FRONTAL_TO_OCCIPITAL_GAPMAP_RIGHT,NGIQ-BR-00000160,PCun_R_4_3,6265.60608599,0.17822286,0.6595914,0.4281626,0.34767663,NGIQ-BR-00000162,0.15374197,NGIQ-BR-00000182,0.02448089,1.1592,14.3139,NGIQ-BR-00000160,PCun_R_4_3,0.17012529,NGIQ-BR-00000162,0.16550151,NGIQ-BR-00000182,0.08648557,0.00462379,1.0279,0.86069358,0.13930642,11.75,TRUE,DIFFUSE_ASSOCIATION,one_to_one,G4_G3_OVERLAP_INTERPRETATION_V1,,
313,FRONTAL_TO_TEMPORAL_II_GAPMAP_LEFT.nii.gz,JULICH_BRAIN_CYTOARCHITECTONIC_ATLAS_V3_1_FRONTAL_TO_TEMPORAL_II_GAPMAP,Frontal-to-Temporal-II (GapMap) left,left,ONE_TO_ONE_CANONICAL,1,JULICH_BRAIN_CYTOARCHITECTONIC_ATLAS_V3_1_FRONTAL_TO_TEMPORAL_II_GAPMAP_LEFT,NGIQ-BR-00000219,Hipp_L_2_2,2040.30978365,0.17103424,0.46752609,0.41196822,0.35633612,NGIQ-BR-00000017,0.12720856,NGIQ-BR-00000065,0.04382568,1.3445,12.5729,NGIQ-BR-00000219,Hipp_L_2_2,0.20376722,NGIQ-BR-00000065,0.13267013,NGIQ-BR-00000017,0.12370817,0.07109709,1.5359,0.72060255,0.27939745,8.4092,TRUE,DIFFUSE_ASSOCIATION,one_to_one,G4_G3_OVERLAP_INTERPRETATION_V1,,
314,FRONTAL_TO_TEMPORAL_II_GAPMAP_RIGHT.nii.gz,JULICH_BRAIN_CYTOARCHITECTONIC_ATLAS_V3_1_FRONTAL_TO_TEMPORAL_II_GAPMAP,Frontal-to-Temporal-II (GapMap) right,right,ONE_TO_ONE_CANONICAL,1,JULICH_BRAIN_CYTOARCHITECTONIC_ATLAS_V3_1_FRONTAL_TO_TEMPORAL_II_GAPMAP_RIGHT,NGIQ-BR-00000066,OrG_R_6_5,1023.60528664,0.10424347,0.13066591,0.2043471,0.19654661,NGIQ-BR-00000216,0.08978428,NGIQ-BR-00000018,0.01445919,1.161,16.4803,NGIQ-BR-00000066,OrG_R_6_5,0.10811523,NGIQ-BR-00000225,0.08460254,NGIQ-BR-00000202,0.07797941,0.02351269,1.2779,0.70574656,0.29425344,11.9501,TRUE,DIFFUSE_ASSOCIATION,one_to_one,G4_G3_OVERLAP_INTERPRETATION_V1,,
315,FRONTAL_TO_TEMPORAL_I_GAPMAP_LEFT.nii.gz,JULICH_BRAIN_CYTOARCHITECTONIC_ATLAS_V3_1_FRONTAL_TO_TEMPORAL_I_GAPMAP,Frontal-to-Temporal-I (GapMap) left,left,ONE_TO_ONE_CANONICAL,1,JULICH_BRAIN_CYTOARCHITECTONIC_ATLAS_V3_1_FRONTAL_TO_TEMPORAL_I_GAPMAP_LEFT,NGIQ-BR-00000067,OrG_L_6_6,1516.48277821,0.34669983,0.33439456,0.56136557,0.55291666,NGIQ-BR-00000059,0.18347408,NGIQ-BR-00000051,0.16322575,1.8896,7.3985,NGIQ-BR-00000067,OrG_L_6_6,0.40699315,NGIQ-BR-00000059,0.18864803,NGIQ-BR-00000051,0.10607236,0.21834512,2.1574,0.88865505,0.11134495,4.5736,TRUE,DIFFUSE_ASSOCIATION,one_to_one,G4_G3_OVERLAP_INTERPRETATION_V1,,
316,FRONTAL_TO_TEMPORAL_I_GAPMAP_RIGHT.nii.gz,JULICH_BRAIN_CYTOARCHITECTONIC_ATLAS_V3_1_FRONTAL_TO_TEMPORAL_I_GAPMAP,Frontal-to-Temporal-I (GapMap) right,right,ONE_TO_ONE_CANONICAL,1,JULICH_BRAIN_CYTOARCHITECTONIC_ATLAS_V3_1_FRONTAL_TO_TEMPORAL_I_GAPMAP_RIGHT,NGIQ-BR-00000068,OrG_R_6_6,987.48977464,0.33845615,0.24289215,0.49952366,0.49912464,NGIQ-BR-00000060,0.24194887,NGIQ-BR-00000062,0.09650728,1.3989,6.6972,NGIQ-BR-00000068,OrG_R_6_6,0.38852609,NGIQ-BR-00000060,0.25334564,NGIQ-BR-00000092,0.06367893,0.13518045,1.5336,0.86156809,0.13843191,4.3982,TRUE,DIFFUSE_ASSOCIATION,one_to_one,G4_G3_OVERLAP_INTERPRETATION_V1,,
317,FUCD_VENTRAL_STRIATUM_FUNDUS_OF_CAUDATE_NUCLEUS_LEFT.nii.gz,JULICH_BRAIN_CYTOARCHITECTONIC_ATLAS_V3_1_FUCD_VENTRAL_STRIATUM_FUNDUS_OF_CAUDATE_NUCLEUS,"FuCd (Ventral Striatum, Fundus of Caudate Nucleus) left",left,ONE_TO_ONE_CANONICAL,1,JULICH_BRAIN_CYTOARCHITECTONIC_ATLAS_V3_1_FUCD_VENTRAL_STRIATUM_FUNDUS_OF_CAUDATE_NUCLEUS_LEFT,NGIQ-BR-00000019,BG_L_6_1,491.59911509,0.62843575,0.11906922,0.53734982,0.39307631,NGIQ-BR-00000224,0.24379131,NGIQ-BR-00000228,0.38464444,2.5778,2.4057,NGIQ-BR-00000019,BG_L_6_1,0.67471674,NGIQ-BR-00000224,0.26440889,NGIQ-BR-00000065,0.00056657,0.41030784,2.5518,0.9398762,0.0601238,1.824,TRUE,MULTI_TARGET_CONCENTRATED,one_to_one,G4_G3_OVERLAP_INTERPRETATION_V1,,
318,FUCD_VENTRAL_STRIATUM_FUNDUS_OF_CAUDATE_NUCLEUS_RIGHT.nii.gz,JULICH_BRAIN_CYTOARCHITECTONIC_ATLAS_V3_1_FUCD_VENTRAL_STRIATUM_FUNDUS_OF_CAUDATE_NUCLEUS,"FuCd (Ventral Striatum, Fundus of Caudate Nucleus) right",right,ONE_TO_ONE_CANONICAL,1,JULICH_BRAIN_CYTOARCHITECTONIC_ATLAS_V3_1_FUCD_VENTRAL_STRIATUM_FUNDUS_OF_CAUDATE_NUCLEUS_RIGHT,NGIQ-BR-00000221,BG_R_6_1,322.78149598,0.42315088,0.09329113,0.47962827,0.4038237,NGIQ-BR-00000225,0.35222216,NGIQ-BR-00000229,0.07092872,1.2014,3.1387,NGIQ-BR-00000221,BG_R_6_1,0.55786877,NGIQ-BR-00000225,0.37950828,NGIQ-BR-00000229,0.00060068,0.17836048,1.47,0.93852666,0.06147334,1.9835,TRUE,MULTI_TARGET_CONCENTRATED,one_to_one,G4_G3_OVERLAP_INTERPRETATION_V1,,
319,FUP_VENTRAL_STRIATUM_FUNDUS_OF_PUTAMEN_LEFT.nii.gz,JULICH_BRAIN_CYTOARCHITECTONIC_ATLAS_V3_1_FUP_VENTRAL_STRIATUM_FUNDUS_OF_PUTAMEN,"FuP (Ventral Striatum, Fundus of Putamen) left",left,ONE_TO_ONE_CANONICAL,1,JULICH_BRAIN_CYTOARCHITECTONIC_ATLAS_V3_1_FUP_VENTRAL_STRIATUM_FUNDUS_OF_PUTAMEN_LEFT,NGIQ-BR-00000019,BG_L_6_1,381.02941643,0.32089273,0.09228836,0.31894875,0.27393578,NGIQ-BR-00000226,0.23769421,NGIQ-BR-00000224,0.08319851,1.35,5.1862,NGIQ-BR-00000224,BG_L_6_3,0.3161483,NGIQ-BR-00000226,0.3095543,NGIQ-BR-00000019,0.23094895,0.006594,1.0213,0.94765142,0.05234858,3.8733,FALSE,PROBABILITY_HARDLABEL_DISAGREEMENT,PP_HARDLABEL_TOP1_DISAGREE|one_to_one,G4_G3_OVERLAP_INTERPRETATION_V1,,
320,FUP_VENTRAL_STRIATUM_FUNDUS_OF_PUTAMEN_RIGHT.nii.gz,JULICH_BRAIN_CYTOARCHITECTONIC_ATLAS_V3_1_FUP_VENTRAL_STRIATUM_FUNDUS_OF_PUTAMEN,"FuP (Ventral Striatum, Fundus of Putamen) right",right,ONE_TO_ONE_CANONICAL,1,JULICH_BRAIN_CYTOARCHITECTONIC_ATLAS_V3_1_FUP_VENTRAL_STRIATUM_FUNDUS_OF_PUTAMEN_RIGHT,NGIQ-BR-00000225,BG_R_6_3,352.3634408,0.26992155,0.12090882,0.31509196,0.29078985,NGIQ-BR-00000221,0.25983538,NGIQ-BR-00000227,0.01008617,1.0388,4.8752,NGIQ-BR-00000225,BG_R_6_3,0.35269504,NGIQ-BR-00000221,0.2804821,NGIQ-BR-00000231,0.15251933,0.07221294,1.2575,0.92802485,0.07197515,3.8971,TRUE,DIFFUSE_ASSOCIATION,one_to_one,G4_G3_OVERLAP_INTERPRETATION_V1,,
321,HATA_HIPPOCAMPUS_LEFT.nii.gz,JULICH_BRAIN_CYTOARCHITECTONIC_ATLAS_V3_1_HATA_HIPPOCAMPUS,HATA (Hippocampus) left,left,ONE_TO_ONE_CANONICAL,1,JULICH_BRAIN_CYTOARCHITECTONIC_ATLAS_V3_1_HATA_HIPPOCAMPUS_LEFT,NGIQ-BR-00000017,Hipp_L_2_1,147.25101368,0.84393187,0.03006578,0.36781257,0.08740484,NGIQ-BR-00000215,0.07088365,NGIQ-BR-00000219,0.77304822,11.9059,1.6645,NGIQ-BR-00000017,Hipp_L_2_1,0.87425324,NGIQ-BR-00000215,0.01510962,NGIQ-BR-00000127,0.00166992,0.85914362,57.8607,0.89103279,0.10896721,1.1047,TRUE,SINGLE_TARGET_CONCENTRATED,one_to_one,G4_G3_OVERLAP_INTERPRETATION_V1,,
322,HATA_HIPPOCAMPUS_RIGHT.nii.gz,JULICH_BRAIN_CYTOARCHITECTONIC_ATLAS_V3_1_HATA_HIPPOCAMPUS,HATA (Hippocampus) right,right,ONE_TO_ONE_CANONICAL,1,JULICH_BRAIN_CYTOARCHITECTONIC_ATLAS_V3_1_HATA_HIPPOCAMPUS_RIGHT,NGIQ-BR-00000018,Hipp_R_2_1,137.19549673,0.83427827,0.02592312,0.32758632,0.07499546,NGIQ-BR-00000216,0.19402812,NGIQ-BR-00000220,0.64025016,4.2998,1.7416,NGIQ-BR-00000018,Hipp_R_2_1,0.80593787,NGIQ-BR-00000216,0.16884919,NGIQ-BR-00000128,9.76e-06,0.63708867,4.7731,0.97479936,0.02520064,1.5858,TRUE,SINGLE_TARGET_CONCENTRATED,one_to_one,G4_G3_OVERLAP_INTERPRETATION_V1,,
327,LD_THALAMUS_LATERAL_DORSAL_NUCLEUS_LEFT.nii.gz,JULICH_BRAIN_CYTOARCHITECTONIC_ATLAS_V3_1_LD_THALAMUS_LATERAL_DORSAL_NUCLEUS,"LD (Thalamus, lateral dorsal Nucleus) left",left,ONE_TO_ONE_CANONICAL,1,JULICH_BRAIN_CYTOARCHITECTONIC_ATLAS_V3_1_LD_THALAMUS_LATERAL_DORSAL_NUCLEUS_LEFT,NGIQ-BR-00000243,Tha_L_8_7,71.03254913,0.30760412,0.03863335,0.37609832,0.24252075,NGIQ-BR-00000237,0.2425539,NGIQ-BR-00000241,0.06505021,1.2682,4.0755,NGIQ-BR-00000243,Tha_L_8_7,0.5405903,NGIQ-BR-00000237,0.1415772,NGIQ-BR-00000241,0.04274868,0.3990131,3.8183,0.74407427,0.25592573,2.2588,TRUE,DIFFUSE_ASSOCIATION,one_to_one,G4_G3_OVERLAP_INTERPRETATION_V1,,
328,LD_THALAMUS_LATERAL_DORSAL_NUCLEUS_RIGHT.nii.gz,JULICH_BRAIN_CYTOARCHITECTONIC_ATLAS_V3_1_LD_THALAMUS_LATERAL_DORSAL_NUCLEUS,"LD (Thalamus, lateral dorsal Nucleus) right",right,ONE_TO_ONE_CANONICAL,1,JULICH_BRAIN_CYTOARCHITECTONIC_ATLAS_V3_1_LD_THALAMUS_LATERAL_DORSAL_NUCLEUS_RIGHT,NGIQ-BR-00000244,Tha_R_8_7,105.41739292,0.34242607,0.06317344,0.44717686,0.31970812,NGIQ-BR-00000242,0.23618276,NGIQ-BR-00000238,0.10624331,1.4498,4.6962,NGIQ-BR-00000244,Tha_R_8_7,0.5278013,NGIQ-BR-00000242,0.14461341,NGIQ-BR-00000238,0.09380148,0.3831879,3.6497,0.8605001,0.1394999,3.1374,TRUE,DIFFUSE_ASSOCIATION,one_to_one,G4_G3_OVERLAP_INTERPRETATION_V1,,
329,LI_THALAMUS_LIMITANS_NUCLEUS_LEFT.nii.gz,JULICH_BRAIN_CYTOARCHITECTONIC_ATLAS_V3_1_LI_THALAMUS_LIMITANS_NUCLEUS,"Li (Thalamus, limitans Nucleus) left",left,ONE_TO_ONE_CANONICAL,1,JULICH_BRAIN_CYTOARCHITECTONIC_ATLAS_V3_1_LI_THALAMUS_LIMITANS_NUCLEUS_LEFT,NGIQ-BR-00000239,Tha_L_8_5,19.56438906,0.14974874,0.00944054,0.10591532,0.04748162,NGIQ-BR-00000235,0.08480983,NGIQ-BR-00000241,0.06493891,1.7657,5.3489,NGIQ-BR-00000239,Tha_L_8_5,0.19530442,NGIQ-BR-00000245,0.09306704,NGIQ-BR-00000241,0.07324552,0.10223737,2.0985,0.41660903,0.58339097,3.8111,TRUE,DIFFUSE_ASSOCIATION,one_to_one,G4_G3_OVERLAP_INTERPRETATION_V1,,
330,LI_THALAMUS_LIMITANS_NUCLEUS_RIGHT.nii.gz,JULICH_BRAIN_CYTOARCHITECTONIC_ATLAS_V3_1_LI_THALAMUS_LIMITANS_NUCLEUS,"Li (Thalamus, limitans Nucleus) right",right,ONE_TO_ONE_CANONICAL,1,JULICH_BRAIN_CYTOARCHITECTONIC_ATLAS_V3_1_LI_THALAMUS_LIMITANS_NUCLEUS_RIGHT,NGIQ-BR-00000240,Tha_R_8_5,32.66224339,0.1259609,0.01630926,0.12995696,0.07687846,NGIQ-BR-00000246,0.08661807,NGIQ-BR-00000236,0.03934283,1.4542,7.5651,NGIQ-BR-00000240,Tha_R_8_5,0.21927062,NGIQ-BR-00000246,0.08424973,NGIQ-BR-00000234,0.0398643,0.13502089,2.6026,0.43315055,0.56684945,4.5135,TRUE,DIFFUSE_ASSOCIATION,one_to_one,G4_G3_OVERLAP_INTERPRETATION_V1,,
331,LP_THALAMUS_LATERAL_POSTERIOR_NUCLEUS_LEFT.nii.gz,JULICH_BRAIN_CYTOARCHITECTONIC_ATLAS_V3_1_LP_THALAMUS_LATERAL_POSTERIOR_NUCLEUS,"LP (Thalamus, lateral posterior Nucleus) left",left,ONE_TO_ONE_CANONICAL,1,JULICH_BRAIN_CYTOARCHITECTONIC_ATLAS_V3_1_LP_THALAMUS_LATERAL_POSTERIOR_NUCLEUS_LEFT,NGIQ-BR-00000239,Tha_L_8_5,124.32562154,0.26270531,0.05999168,0.34844219,0.2635412,NGIQ-BR-00000241,0.21052393,NGIQ-BR-00000243,0.05218138,1.2479,5.9087,NGIQ-BR-00000243,Tha_L_8_7,0.403143,NGIQ-BR-00000239,0.32298782,NGIQ-BR-00000241,0.08846043,0.08015517,1.2482,0.89221479,0.10778521,3.575,FALSE,PROBABILITY_HARDLABEL_DISAGREEMENT,PP_HARDLABEL_TOP1_DISAGREE|one_to_one,G4_G3_OVERLAP_INTERPRETATION_V1,,
332,LP_THALAMUS_LATERAL_POSTERIOR_NUCLEUS_RIGHT.nii.gz,JULICH_BRAIN_CYTOARCHITECTONIC_ATLAS_V3_1_LP_THALAMUS_LATERAL_POSTERIOR_NUCLEUS,"LP (Thalamus, lateral posterior Nucleus) right",right,ONE_TO_ONE_CANONICAL,1,JULICH_BRAIN_CYTOARCHITECTONIC_ATLAS_V3_1_LP_THALAMUS_LATERAL_POSTERIOR_NUCLEUS_RIGHT,NGIQ-BR-00000240,Tha_R_8_5,100.71978194,0.27238787,0.05029247,0.33070578,0.22677757,NGIQ-BR-00000244,0.18818416,NGIQ-BR-00000242,0.08420371,1.4475,6.0712,NGIQ-BR-00000240,Tha_R_8_5,0.32915434,NGIQ-BR-00000244,0.22712736,NGIQ-BR-00000246,0.14341667,0.10202697,1.4492,0.87077461,0.12922539,4.4768,TRUE,DIFFUSE_ASSOCIATION,one_to_one,G4_G3_OVERLAP_INTERPRETATION_V1,,
333,MD_THALAMUS_MEDIODORSAL_NUCLEUS_LEFT.nii.gz,JULICH_BRAIN_CYTOARCHITECTONIC_ATLAS_V3_1_MD_THALAMUS_MEDIODORSAL_NUCLEUS,"MD (Thalamus, mediodorsal Nucleus) left",left,ONE_TO_ONE_CANONICAL,1,JULICH_BRAIN_CYTOARCHITECTONIC_ATLAS_V3_1_MD_THALAMUS_MEDIODORSAL_NUCLEUS_LEFT,NGIQ-BR-00000020,Tha_L_8_1,266.01640808,0.38109298,0.13361043,0.53172371,0.49801994,NGIQ-BR-00000241,0.19267663,NGIQ-BR-00000243,0.18841635,1.9779,5.7751,NGIQ-BR-00000020,Tha_L_8_1,0.50695765,NGIQ-BR-00000237,0.12937232,NGIQ-BR-00000241,0.12177916,0.37758533,3.9186,0.99943974,0.00056026,4.5818,TRUE,DIFFUSE_ASSOCIATION,one_to_one,G4_G3_OVERLAP_INTERPRETATION_V1,,
334,MD_THALAMUS_MEDIODORSAL_NUCLEUS_RIGHT.nii.gz,JULICH_BRAIN_CYTOARCHITECTONIC_ATLAS_V3_1_MD_THALAMUS_MEDIODORSAL_NUCLEUS,"MD (Thalamus, mediodorsal Nucleus) right",right,ONE_TO_ONE_CANONICAL,1,JULICH_BRAIN_CYTOARCHITECTONIC_ATLAS_V3_1_MD_THALAMUS_MEDIODORSAL_NUCLEUS_RIGHT,NGIQ-BR-00000232,Tha_R_8_1,310.90800865,0.4518166,0.17246533,0.57698956,0.52074054,NGIQ-BR-00000242,0.15203681,NGIQ-BR-00000240,0.29977979,2.9718,5.1279,NGIQ-BR-00000232,Tha_R_8_1,0.51256156,NGIQ-BR-00000238,0.15068936,NGIQ-BR-00000242,0.11617723,0.3618722,3.4014,0.99665386,0.00334614,4.176,TRUE,DIFFUSE_ASSOCIATION,one_to_one,G4_G3_OVERLAP_INTERPRETATION_V1,,
337,MV_THALAMUS_MEDIOVENTRAL_NUCLEUS_LEFT.nii.gz,JULICH_BRAIN_CYTOARCHITECTONIC_ATLAS_V3_1_MV_THALAMUS_MEDIOVENTRAL_NUCLEUS,"MV (Thalamus, medioventral Nucleus) left",left,ONE_TO_ONE_CANONICAL,1,JULICH_BRAIN_CYTOARCHITECTONIC_ATLAS_V3_1_MV_THALAMUS_MEDIOVENTRAL_NUCLEUS_LEFT,NGIQ-BR-00000237,Tha_L_8_4,37.66857372,0.37185821,0.01823356,0.2718926,0.07627018,NGIQ-BR-00000020,0.24305304,NGIQ-BR-00000245,0.12880517,1.5299,6.0645,NGIQ-BR-00000237,Tha_L_8_4,0.41745246,NGIQ-BR-00000245,0.25251542,NGIQ-BR-00000020,0.19809235,0.16493704,1.6532,0.97513196,0.02486804,3.5945,TRUE,MULTI_TARGET_CONCENTRATED,one_to_one,G4_G3_OVERLAP_INTERPRETATION_V1,,
338,MV_THALAMUS_MEDIOVENTRAL_NUCLEUS_RIGHT.nii.gz,JULICH_BRAIN_CYTOARCHITECTONIC_ATLAS_V3_1_MV_THALAMUS_MEDIOVENTRAL_NUCLEUS,"MV (Thalamus, medioventral Nucleus) right",right,ONE_TO_ONE_CANONICAL,1,JULICH_BRAIN_CYTOARCHITECTONIC_ATLAS_V3_1_MV_THALAMUS_MEDIOVENTRAL_NUCLEUS_RIGHT,NGIQ-BR-00000238,Tha_R_8_4,43.0500071,0.28654367,0.02584743,0.24569832,0.10672396,NGIQ-BR-00000232,0.24273935,NGIQ-BR-00000244,0.04380432,1.1805,6.3182,NGIQ-BR-00000238,Tha_R_8_4,0.48139744,NGIQ-BR-00000232,0.19357005,NGIQ-BR-00000246,0.15259217,0.28782739,2.4869,0.96646124,0.03353876,3.4991,TRUE,DIFFUSE_ASSOCIATION,one_to_one,G4_G3_OVERLAP_INTERPRETATION_V1,,
339,NDENTD_CEREBELLUM_DORSAL_DENTATE_NUCLEUS_LEFT.nii.gz,JULICH_BRAIN_CYTOARCHITECTONIC_ATLAS_V3_1_NDENTD_CEREBELLUM_DORSAL_DENTATE_NUCLEUS,"Ndentd (Cerebellum, Dorsal Dentate Nucleus) left",left,ONE_TO_ONE_CANONICAL,1,JULICH_BRAIN_CYTOARCHITECTONIC_ATLAS_V3_1_NDENTD_CEREBELLUM_DORSAL_DENTATE_NUCLEUS_LEFT,,,,,,,,,,,,,,,,,,,,,,,0.0,1.0,,NA,ZERO_BNA_ASSOCIATION,NO_SPATIAL_ASSOCIATION|one_to_one,G4_G3_OVERLAP_INTERPRETATION_V1,,
340,NDENTD_CEREBELLUM_DORSAL_DENTATE_NUCLEUS_RIGHT.nii.gz,JULICH_BRAIN_CYTOARCHITECTONIC_ATLAS_V3_1_NDENTD_CEREBELLUM_DORSAL_DENTATE_NUCLEUS,"Ndentd (Cerebellum, Dorsal Dentate Nucleus) right",right,ONE_TO_ONE_CANONICAL,1,JULICH_BRAIN_CYTOARCHITECTONIC_ATLAS_V3_1_NDENTD_CEREBELLUM_DORSAL_DENTATE_NUCLEUS_RIGHT,,,,,,,,,,,,,,,,,,,,,,,0.0,1.0,,NA,ZERO_BNA_ASSOCIATION,NO_SPATIAL_ASSOCIATION|one_to_one,G4_G3_OVERLAP_INTERPRETATION_V1,,
341,NDENTV_CEREBELLUM_VENTRAL_DENTATE_NUCLEUS_LEFT.nii.gz,JULICH_BRAIN_CYTOARCHITECTONIC_ATLAS_V3_1_NDENTV_CEREBELLUM_VENTRAL_DENTATE_NUCLEUS,"Ndentv (Cerebellum, Ventral Dentate Nucleus) left",left,ONE_TO_ONE_CANONICAL,1,JULICH_BRAIN_CYTOARCHITECTONIC_ATLAS_V3_1_NDENTV_CEREBELLUM_VENTRAL_DENTATE_NUCLEUS_LEFT,,,,,,,,,,,,,,,,,,,,,,,0.0,1.0,,NA,ZERO_BNA_ASSOCIATION,NO_SPATIAL_ASSOCIATION|one_to_one,G4_G3_OVERLAP_INTERPRETATION_V1,,
342,NDENTV_CEREBELLUM_VENTRAL_DENTATE_NUCLEUS_RIGHT.nii.gz,JULICH_BRAIN_CYTOARCHITECTONIC_ATLAS_V3_1_NDENTV_CEREBELLUM_VENTRAL_DENTATE_NUCLEUS,"Ndentv (Cerebellum, Ventral Dentate Nucleus) right",right,ONE_TO_ONE_CANONICAL,1,JULICH_BRAIN_CYTOARCHITECTONIC_ATLAS_V3_1_NDENTV_CEREBELLUM_VENTRAL_DENTATE_NUCLEUS_RIGHT,,,,,,,,,,,,,,,,,,,,,,,0.0,1.0,,NA,ZERO_BNA_ASSOCIATION,NO_SPATIAL_ASSOCIATION|one_to_one,G4_G3_OVERLAP_INTERPRETATION_V1,,
343,NFAST_CEREBELLUM_FASTIGIAL_NUCLEUS_LEFT.nii.gz,JULICH_BRAIN_CYTOARCHITECTONIC_ATLAS_V3_1_NFAST_CEREBELLUM_FASTIGIAL_NUCLEUS,"Nfast (Cerebellum, Fastigial Nucleus) left",left,ONE_TO_ONE_CANONICAL,1,JULICH_BRAIN_CYTOARCHITECTONIC_ATLAS_V3_1_NFAST_CEREBELLUM_FASTIGIAL_NUCLEUS_LEFT,,,,,,,,,,,,,,,,,,,,,,,0.0,1.0,,NA,ZERO_BNA_ASSOCIATION,NO_SPATIAL_ASSOCIATION|one_to_one,G4_G3_OVERLAP_INTERPRETATION_V1,,
344,NFAST_CEREBELLUM_FASTIGIAL_NUCLEUS_RIGHT.nii.gz,JULICH_BRAIN_CYTOARCHITECTONIC_ATLAS_V3_1_NFAST_CEREBELLUM_FASTIGIAL_NUCLEUS,"Nfast (Cerebellum, Fastigial Nucleus) right",right,ONE_TO_ONE_CANONICAL,1,JULICH_BRAIN_CYTOARCHITECTONIC_ATLAS_V3_1_NFAST_CEREBELLUM_FASTIGIAL_NUCLEUS_RIGHT,,,,,,,,,,,,,,,,,,,,,,,0.0,1.0,,NA,ZERO_BNA_ASSOCIATION,NO_SPATIAL_ASSOCIATION|one_to_one,G4_G3_OVERLAP_INTERPRETATION_V1,,
345,NINTERP_CEREBELLUM_INTERPOSED_NUCLEUS_LEFT.nii.gz,JULICH_BRAIN_CYTOARCHITECTONIC_ATLAS_V3_1_NINTERP_CEREBELLUM_INTERPOSED_NUCLEUS,"Ninterp (Cerebellum, Interposed Nucleus) left",left,ONE_TO_ONE_CANONICAL,1,JULICH_BRAIN_CYTOARCHITECTONIC_ATLAS_V3_1_NINTERP_CEREBELLUM_INTERPOSED_NUCLEUS_LEFT,,,,,,,,,,,,,,,,,,,,,,,0.0,1.0,,NA,ZERO_BNA_ASSOCIATION,NO_SPATIAL_ASSOCIATION|one_to_one,G4_G3_OVERLAP_INTERPRETATION_V1,,
346,NINTERP_CEREBELLUM_INTERPOSED_NUCLEUS_RIGHT.nii.gz,JULICH_BRAIN_CYTOARCHITECTONIC_ATLAS_V3_1_NINTERP_CEREBELLUM_INTERPOSED_NUCLEUS,"Ninterp (Cerebellum, Interposed Nucleus) right",right,ONE_TO_ONE_CANONICAL,1,JULICH_BRAIN_CYTOARCHITECTONIC_ATLAS_V3_1_NINTERP_CEREBELLUM_INTERPOSED_NUCLEUS_RIGHT,,,,,,,,,,,,,,,,,,,,,,,0.0,1.0,,NA,ZERO_BNA_ASSOCIATION,NO_SPATIAL_ASSOCIATION|one_to_one,G4_G3_OVERLAP_INTERPRETATION_V1,,
347,NRM_MIDBRAIN_NUCLEUS_RUBER_MAGNOCELLULAR_PART_LEFT.nii.gz,JULICH_BRAIN_CYTOARCHITECTONIC_ATLAS_V3_1_NRM_MIDBRAIN_NUCLEUS_RUBER_MAGNOCELLULAR_PART,"NRm (Midbrain, Nucleus Ruber, magnocellular part) left",left,ONE_TO_ONE_CANONICAL,1,JULICH_BRAIN_CYTOARCHITECTONIC_ATLAS_V3_1_NRM_MIDBRAIN_NUCLEUS_RUBER_MAGNOCELLULAR_PART_LEFT,,,,,,,,,,,,,,,,,,,,,,,0.0,1.0,,NA,ZERO_BNA_ASSOCIATION,NO_SPATIAL_ASSOCIATION|one_to_one,G4_G3_OVERLAP_INTERPRETATION_V1,,
348,NRM_MIDBRAIN_NUCLEUS_RUBER_MAGNOCELLULAR_PART_RIGHT.nii.gz,JULICH_BRAIN_CYTOARCHITECTONIC_ATLAS_V3_1_NRM_MIDBRAIN_NUCLEUS_RUBER_MAGNOCELLULAR_PART,"NRm (Midbrain, Nucleus Ruber, magnocellular part) right",right,ONE_TO_ONE_CANONICAL,1,JULICH_BRAIN_CYTOARCHITECTONIC_ATLAS_V3_1_NRM_MIDBRAIN_NUCLEUS_RUBER_MAGNOCELLULAR_PART_RIGHT,,,,,,,,,,,,,,,,,,,,,,,0.0,1.0,,NA,ZERO_BNA_ASSOCIATION,NO_SPATIAL_ASSOCIATION|one_to_one,G4_G3_OVERLAP_INTERPRETATION_V1,,
349,NRP_MIDBRAIN_NUCLEUS_RUBER_PARVOCELLULAR_PART_LEFT.nii.gz,JULICH_BRAIN_CYTOARCHITECTONIC_ATLAS_V3_1_NRP_MIDBRAIN_NUCLEUS_RUBER_PARVOCELLULAR_PART,"NRp (Midbrain, Nucleus Ruber, parvocellular part) left",left,ONE_TO_ONE_CANONICAL,1,JULICH_BRAIN_CYTOARCHITECTONIC_ATLAS_V3_1_NRP_MIDBRAIN_NUCLEUS_RUBER_PARVOCELLULAR_PART_LEFT,NGIQ-BR-00000245,Tha_L_8_8,3.4418545,0.00834958,0.00162892,0.00838601,0.00594381,NGIQ-BR-00000233,0.00089643,NGIQ-BR-00000235,0.00745315,9.3143,2.2767,NGIQ-BR-00000245,Tha_L_8_8,0.011859,,,,,,,0.011859,0.988141,1.0,TRUE,LOW_BNA_COVERAGE,BNA_COVERAGE_GAP_CANDIDATE|one_to_one,G4_G3_OVERLAP_INTERPRETATION_V1,,
350,NRP_MIDBRAIN_NUCLEUS_RUBER_PARVOCELLULAR_PART_RIGHT.nii.gz,JULICH_BRAIN_CYTOARCHITECTONIC_ATLAS_V3_1_NRP_MIDBRAIN_NUCLEUS_RUBER_PARVOCELLULAR_PART,"NRp (Midbrain, Nucleus Ruber, parvocellular part) right",right,ONE_TO_ONE_CANONICAL,1,JULICH_BRAIN_CYTOARCHITECTONIC_ATLAS_V3_1_NRP_MIDBRAIN_NUCLEUS_RUBER_PARVOCELLULAR_PART_RIGHT,NGIQ-BR-00000234,Tha_R_8_2,0.74200508,0.00257297,0.00041104,0.00249277,0.00146839,NGIQ-BR-00000246,0.0004976,NGIQ-BR-00000236,0.00207537,5.1708,2.4987,NGIQ-BR-00000234,Tha_R_8_2,0.00261611,,,,,,,0.00261611,0.99738389,1.0,TRUE,LOW_BNA_COVERAGE,BNA_COVERAGE_GAP_CANDIDATE|one_to_one,G4_G3_OVERLAP_INTERPRETATION_V1,,
351,PF_THALAMUS_PARAFASCICULAR_NUCLEUS_LEFT.nii.gz,JULICH_BRAIN_CYTOARCHITECTONIC_ATLAS_V3_1_PF_THALAMUS_PARAFASCICULAR_NUCLEUS,"Pf (Thalamus, parafascicular Nucleus) left",left,ONE_TO_ONE_CANONICAL,1,JULICH_BRAIN_CYTOARCHITECTONIC_ATLAS_V3_1_PF_THALAMUS_PARAFASCICULAR_NUCLEUS_LEFT,NGIQ-BR-00000245,Tha_L_8_8,92.32545177,0.35931401,0.04369477,0.36183007,0.17527609,NGIQ-BR-00000235,0.08469896,NGIQ-BR-00000020,0.27461505,4.2422,4.9205,NGIQ-BR-00000245,Tha_L_8_8,0.56338385,NGIQ-BR-00000020,0.09981407,NGIQ-BR-00000235,0.01904373,0.46356978,5.6443,0.71448991,0.28551009,2.1005,TRUE,DIFFUSE_ASSOCIATION,one_to_one,G4_G3_OVERLAP_INTERPRETATION_V1,,
352,PF_THALAMUS_PARAFASCICULAR_NUCLEUS_RIGHT.nii.gz,JULICH_BRAIN_CYTOARCHITECTONIC_ATLAS_V3_1_PF_THALAMUS_PARAFASCICULAR_NUCLEUS,"Pf (Thalamus, parafascicular Nucleus) right",right,ONE_TO_ONE_CANONICAL,1,JULICH_BRAIN_CYTOARCHITECTONIC_ATLAS_V3_1_PF_THALAMUS_PARAFASCICULAR_NUCLEUS_RIGHT,NGIQ-BR-00000234,Tha_R_8_2,74.45892725,0.29368774,0.04124689,0.30702507,0.1522624,NGIQ-BR-00000246,0.16815391,NGIQ-BR-00000236,0.12553383,1.7465,5.2389,NGIQ-BR-00000234,Tha_R_8_2,0.37818463,NGIQ-BR-00000246,0.22085057,NGIQ-BR-00000238,0.06352395,0.15733406,1.7124,0.73873704,0.26126296,3.5063,TRUE,DIFFUSE_ASSOCIATION,one_to_one,G4_G3_OVERLAP_INTERPRETATION_V1,,
353,PO_THALAMUS_POSTERIOR_NUCLEUS_LEFT.nii.gz,JULICH_BRAIN_CYTOARCHITECTONIC_ATLAS_V3_1_PO_THALAMUS_POSTERIOR_NUCLEUS,"Po (Thalamus, posterior Nucleus) left",left,ONE_TO_ONE_CANONICAL,1,JULICH_BRAIN_CYTOARCHITECTONIC_ATLAS_V3_1_PO_THALAMUS_POSTERIOR_NUCLEUS_LEFT,NGIQ-BR-00000239,Tha_L_8_5,45.32875655,0.27552232,0.02187279,0.30840732,0.11219421,NGIQ-BR-00000241,0.17925121,NGIQ-BR-00000235,0.09627111,1.5371,5.5777,NGIQ-BR-00000239,Tha_L_8_5,0.3726626,NGIQ-BR-00000241,0.19840956,NGIQ-BR-00000235,0.15034991,0.17425304,1.8782,0.76136079,0.23863921,3.3977,TRUE,DIFFUSE_ASSOCIATION,one_to_one,G4_G3_OVERLAP_INTERPRETATION_V1,,
354,PO_THALAMUS_POSTERIOR_NUCLEUS_RIGHT.nii.gz,JULICH_BRAIN_CYTOARCHITECTONIC_ATLAS_V3_1_PO_THALAMUS_POSTERIOR_NUCLEUS,"Po (Thalamus, posterior Nucleus) right",right,ONE_TO_ONE_CANONICAL,1,JULICH_BRAIN_CYTOARCHITECTONIC_ATLAS_V3_1_PO_THALAMUS_POSTERIOR_NUCLEUS_RIGHT,NGIQ-BR-00000240,Tha_R_8_5,53.32375732,0.24937774,0.02662618,0.2942861,0.13163412,NGIQ-BR-00000246,0.12799686,NGIQ-BR-00000236,0.12138088,1.9483,7.6785,NGIQ-BR-00000240,Tha_R_8_5,0.38129682,NGIQ-BR-00000236,0.12983386,NGIQ-BR-00000246,0.05032892,0.25146297,2.9368,0.68218531,0.31781469,4.0951,TRUE,DIFFUSE_ASSOCIATION,one_to_one,G4_G3_OVERLAP_INTERPRETATION_V1,,
355,PUA_THALAMUS_ANTERIOR_PULVINAR_LEFT.nii.gz,JULICH_BRAIN_CYTOARCHITECTONIC_ATLAS_V3_1_PUA_THALAMUS_ANTERIOR_PULVINAR,"PUa (Thalamus, anterior pulvinar) left",left,ONE_TO_ONE_CANONICAL,1,JULICH_BRAIN_CYTOARCHITECTONIC_ATLAS_V3_1_PUA_THALAMUS_ANTERIOR_PULVINAR_LEFT,NGIQ-BR-00000239,Tha_L_8_5,126.45923797,0.3636192,0.06102123,0.46606074,0.28914744,NGIQ-BR-00000235,0.2655313,NGIQ-BR-00000241,0.0980879,1.3694,5.0854,NGIQ-BR-00000239,Tha_L_8_5,0.46063985,NGIQ-BR-00000235,0.26745407,NGIQ-BR-00000241,0.17897249,0.19318577,1.7223,0.9938211,0.0061789,3.6805,TRUE,MULTI_TARGET_CONCENTRATED,one_to_one,G4_G3_OVERLAP_INTERPRETATION_V1,,
356,PUA_THALAMUS_ANTERIOR_PULVINAR_RIGHT.nii.gz,JULICH_BRAIN_CYTOARCHITECTONIC_ATLAS_V3_1_PUA_THALAMUS_ANTERIOR_PULVINAR,"PUa (Thalamus, anterior pulvinar) right",right,ONE_TO_ONE_CANONICAL,1,JULICH_BRAIN_CYTOARCHITECTONIC_ATLAS_V3_1_PUA_THALAMUS_ANTERIOR_PULVINAR_RIGHT,NGIQ-BR-00000240,Tha_R_8_5,109.55927852,0.30171447,0.0547063,0.40122727,0.25344532,NGIQ-BR-00000236,0.24946114,NGIQ-BR-00000246,0.05225333,1.2095,5.2784,NGIQ-BR-00000240,Tha_R_8_5,0.32791386,NGIQ-BR-00000236,0.30459308,NGIQ-BR-00000246,0.23709817,0.02332078,1.0766,0.99049455,0.00950545,4.1654,TRUE,DIFFUSE_ASSOCIATION,one_to_one,G4_G3_OVERLAP_INTERPRETATION_V1,,
357,PUI_THALAMUS_INFERIOR_PULVINAR_LEFT.nii.gz,JULICH_BRAIN_CYTOARCHITECTONIC_ATLAS_V3_1_PUI_THALAMUS_INFERIOR_PULVINAR,"PUi (Thalamus, inferior pulvinar) left",left,ONE_TO_ONE_CANONICAL,1,JULICH_BRAIN_CYTOARCHITECTONIC_ATLAS_V3_1_PUI_THALAMUS_INFERIOR_PULVINAR_LEFT,NGIQ-BR-00000219,Hipp_L_2_2,64.8919598,0.23120269,0.01486965,0.13700609,0.04427955,NGIQ-BR-00000017,0.186675,NGIQ-BR-00000241,0.04452768,1.2385,7.0099,NGIQ-BR-00000219,Hipp_L_2_2,0.27340882,NGIQ-BR-00000241,0.2377954,NGIQ-BR-00000017,0.14934963,0.03561342,1.1498,0.75000946,0.24999054,4.207,TRUE,DIFFUSE_ASSOCIATION,one_to_one,G4_G3_OVERLAP_INTERPRETATION_V1,,
358,PUI_THALAMUS_INFERIOR_PULVINAR_RIGHT.nii.gz,JULICH_BRAIN_CYTOARCHITECTONIC_ATLAS_V3_1_PUI_THALAMUS_INFERIOR_PULVINAR,"PUi (Thalamus, inferior pulvinar) right",right,ONE_TO_ONE_CANONICAL,1,JULICH_BRAIN_CYTOARCHITECTONIC_ATLAS_V3_1_PUI_THALAMUS_INFERIOR_PULVINAR_RIGHT,NGIQ-BR-00000018,Hipp_R_2_1,47.03296875,0.20253749,0.00888689,0.10346496,0.02564906,NGIQ-BR-00000220,0.20190183,NGIQ-BR-00000240,0.00063566,1.0031,6.6354,NGIQ-BR-00000220,Hipp_R_2_2,0.28554085,NGIQ-BR-00000240,0.24249068,NGIQ-BR-00000018,0.10402888,0.04305017,1.1775,0.69158962,0.30841038,3.7603,FALSE,PROBABILITY_HARDLABEL_DISAGREEMENT,PP_HARDLABEL_TOP1_DISAGREE|one_to_one,G4_G3_OVERLAP_INTERPRETATION_V1,,
359,PUL_THALAMUS_LATERAL_PULVINAR_LEFT.nii.gz,JULICH_BRAIN_CYTOARCHITECTONIC_ATLAS_V3_1_PUL_THALAMUS_LATERAL_PULVINAR,"PUl (Thalamus, lateral pulvinar) left",left,ONE_TO_ONE_CANONICAL,1,JULICH_BRAIN_CYTOARCHITECTONIC_ATLAS_V3_1_PUL_THALAMUS_LATERAL_PULVINAR_LEFT,NGIQ-BR-00000241,Tha_L_8_6,178.07659546,0.40293805,0.08191942,0.46210814,0.37948943,NGIQ-BR-00000243,0.17803696,NGIQ-BR-00000239,0.22490109,2.2632,5.3285,NGIQ-BR-00000241,Tha_L_8_6,0.61299903,NGIQ-BR-00000243,0.11323035,NGIQ-BR-00000237,0.10790268,0.49976868,5.4137,0.97917394,0.02082606,3.2886,TRUE,DIFFUSE_ASSOCIATION,one_to_one,G4_G3_OVERLAP_INTERPRETATION_V1,,
360,PUL_THALAMUS_LATERAL_PULVINAR_RIGHT.nii.gz,JULICH_BRAIN_CYTOARCHITECTONIC_ATLAS_V3_1_PUL_THALAMUS_LATERAL_PULVINAR,"PUl (Thalamus, lateral pulvinar) right",right,ONE_TO_ONE_CANONICAL,1,JULICH_BRAIN_CYTOARCHITECTONIC_ATLAS_V3_1_PUL_THALAMUS_LATERAL_PULVINAR_RIGHT,NGIQ-BR-00000240,Tha_R_8_5,123.350654,0.33588415,0.06159276,0.36133897,0.26837129,NGIQ-BR-00000242,0.27548169,NGIQ-BR-00000244,0.06040246,1.2193,6.182,NGIQ-BR-00000240,Tha_R_8_5,0.45430059,NGIQ-BR-00000242,0.36085816,NGIQ-BR-00000220,0.11055834,0.09344242,1.2589,0.9366879,0.0633121,2.8195,TRUE,MULTI_TARGET_CONCENTRATED,one_to_one,G4_G3_OVERLAP_INTERPRETATION_V1,,
361,PUM_THALAMUS_MEDIAL_PULVINAR_LEFT.nii.gz,JULICH_BRAIN_CYTOARCHITECTONIC_ATLAS_V3_1_PUM_THALAMUS_MEDIAL_PULVINAR,"PUm (Thalamus, medial pulvinar) left",left,ONE_TO_ONE_CANONICAL,1,JULICH_BRAIN_CYTOARCHITECTONIC_ATLAS_V3_1_PUM_THALAMUS_MEDIAL_PULVINAR_LEFT,NGIQ-BR-00000241,Tha_L_8_6,278.33593981,0.33154629,0.12804108,0.57177135,0.52588441,NGIQ-BR-00000243,0.15055354,NGIQ-BR-00000239,0.18099276,2.2022,6.6595,NGIQ-BR-00000241,Tha_L_8_6,0.42423767,NGIQ-BR-00000243,0.18274452,NGIQ-BR-00000239,0.12942811,0.24149316,2.3215,0.89577266,0.10422734,4.5993,TRUE,DIFFUSE_ASSOCIATION,one_to_one,G4_G3_OVERLAP_INTERPRETATION_V1,,
362,PUM_THALAMUS_MEDIAL_PULVINAR_RIGHT.nii.gz,JULICH_BRAIN_CYTOARCHITECTONIC_ATLAS_V3_1_PUM_THALAMUS_MEDIAL_PULVINAR,"PUm (Thalamus, medial pulvinar) right",right,ONE_TO_ONE_CANONICAL,1,JULICH_BRAIN_CYTOARCHITECTONIC_ATLAS_V3_1_PUM_THALAMUS_MEDIAL_PULVINAR_RIGHT,NGIQ-BR-00000240,Tha_R_8_5,139.70366446,0.36437663,0.06975832,0.38247326,0.29684561,NGIQ-BR-00000242,0.29902494,NGIQ-BR-00000238,0.06535168,1.2185,5.7355,NGIQ-BR-00000242,Tha_R_8_6,0.47453215,NGIQ-BR-00000240,0.41290033,NGIQ-BR-00000220,0.05284966,0.06163181,1.1493,0.96875411,0.03124589,2.7194,FALSE,PROBABILITY_HARDLABEL_DISAGREEMENT,PP_HARDLABEL_TOP1_DISAGREE|one_to_one,G4_G3_OVERLAP_INTERPRETATION_V1,,
363,PV_THALAMUS_PARAVENTRICULAR_NUCLEUS_LEFT.nii.gz,JULICH_BRAIN_CYTOARCHITECTONIC_ATLAS_V3_1_PV_THALAMUS_PARAVENTRICULAR_NUCLEUS,"Pv (Thalamus, paraventricular Nucleus) left",left,ONE_TO_ONE_CANONICAL,1,JULICH_BRAIN_CYTOARCHITECTONIC_ATLAS_V3_1_PV_THALAMUS_PARAVENTRICULAR_NUCLEUS_LEFT,NGIQ-BR-00000237,Tha_L_8_4,93.14249626,0.45957168,0.04508585,0.44988452,0.18403589,NGIQ-BR-00000238,0.23974801,NGIQ-BR-00000020,0.21982367,1.9169,4.4772,NGIQ-BR-00000237,Tha_L_8_4,0.47122495,NGIQ-BR-00000238,0.29607527,NGIQ-BR-00000020,0.17466218,0.17514968,1.5916,0.94786442,0.05213558,2.8716,TRUE,MULTI_TARGET_CONCENTRATED,one_to_one,G4_G3_OVERLAP_INTERPRETATION_V1,,
364,PV_THALAMUS_PARAVENTRICULAR_NUCLEUS_RIGHT.nii.gz,JULICH_BRAIN_CYTOARCHITECTONIC_ATLAS_V3_1_PV_THALAMUS_PARAVENTRICULAR_NUCLEUS,"Pv (Thalamus, paraventricular Nucleus) right",right,ONE_TO_ONE_CANONICAL,1,JULICH_BRAIN_CYTOARCHITECTONIC_ATLAS_V3_1_PV_THALAMUS_PARAVENTRICULAR_NUCLEUS_RIGHT,NGIQ-BR-00000238,Tha_R_8_4,86.31465273,0.42436007,0.05182372,0.4922303,0.21396314,NGIQ-BR-00000232,0.17636519,NGIQ-BR-00000244,0.24799488,2.4061,4.2663,NGIQ-BR-00000238,Tha_R_8_4,0.66009648,NGIQ-BR-00000232,0.2054131,NGIQ-BR-00000244,0.04089921,0.45468338,3.2135,0.93006857,0.06993143,2.2831,TRUE,MULTI_TARGET_CONCENTRATED,one_to_one,G4_G3_OVERLAP_INTERPRETATION_V1,,
365,RT_THALAMUS_RETICULAR_NUCLEUS_LEFT.nii.gz,JULICH_BRAIN_CYTOARCHITECTONIC_ATLAS_V3_1_RT_THALAMUS_RETICULAR_NUCLEUS,"Rt (Thalamus, reticular Nucleus) left",left,ONE_TO_ONE_CANONICAL,1,JULICH_BRAIN_CYTOARCHITECTONIC_ATLAS_V3_1_RT_THALAMUS_RETICULAR_NUCLEUS_LEFT,NGIQ-BR-00000233,Tha_L_8_2,187.09609609,0.14043559,0.13256264,0.34541119,0.34326029,NGIQ-BR-00000239,0.13442437,NGIQ-BR-00000235,0.00601122,1.0447,7.555,NGIQ-BR-00000239,Tha_L_8_5,0.17430044,NGIQ-BR-00000233,0.11531431,NGIQ-BR-00000245,0.11292547,0.05898613,1.5115,0.64662501,0.35337499,6.7384,FALSE,PROBABILITY_HARDLABEL_DISAGREEMENT,PP_HARDLABEL_TOP1_DISAGREE|one_to_one,G4_G3_OVERLAP_INTERPRETATION_V1,,
366,RT_THALAMUS_RETICULAR_NUCLEUS_RIGHT.nii.gz,JULICH_BRAIN_CYTOARCHITECTONIC_ATLAS_V3_1_RT_THALAMUS_RETICULAR_NUCLEUS,"Rt (Thalamus, reticular Nucleus) right",right,ONE_TO_ONE_CANONICAL,1,JULICH_BRAIN_CYTOARCHITECTONIC_ATLAS_V3_1_RT_THALAMUS_RETICULAR_NUCLEUS_RIGHT,NGIQ-BR-00000236,Tha_R_8_3,161.44395006,0.10791952,0.12285777,0.28821507,0.2880011,NGIQ-BR-00000234,0.09137706,NGIQ-BR-00000246,0.01654246,1.181,7.2596,NGIQ-BR-00000236,Tha_R_8_3,0.1243819,NGIQ-BR-00000240,0.08769933,NGIQ-BR-00000234,0.08341455,0.03668257,1.4183,0.45056332,0.54943668,6.1868,TRUE,DIFFUSE_ASSOCIATION,one_to_one,G4_G3_OVERLAP_INTERPRETATION_V1,,
369,SG_THALAMUS_SUPRAGENICULATE_NUCLEUS_LEFT.nii.gz,JULICH_BRAIN_CYTOARCHITECTONIC_ATLAS_V3_1_SG_THALAMUS_SUPRAGENICULATE_NUCLEUS,"Sg (Thalamus, suprageniculate Nucleus) left",left,ONE_TO_ONE_CANONICAL,1,JULICH_BRAIN_CYTOARCHITECTONIC_ATLAS_V3_1_SG_THALAMUS_SUPRAGENICULATE_NUCLEUS_LEFT,NGIQ-BR-00000239,Tha_L_8_5,17.90380623,0.11961399,0.00863924,0.11689357,0.044184,NGIQ-BR-00000235,0.08948353,NGIQ-BR-00000241,0.03013046,1.3367,5.4275,NGIQ-BR-00000239,Tha_L_8_5,0.16528029,NGIQ-BR-00000235,0.09246524,NGIQ-BR-00000241,0.03284304,0.07281505,1.7875,0.32563486,0.67436514,3.4157,TRUE,DIFFUSE_ASSOCIATION,one_to_one,G4_G3_OVERLAP_INTERPRETATION_V1,,
370,SG_THALAMUS_SUPRAGENICULATE_NUCLEUS_RIGHT.nii.gz,JULICH_BRAIN_CYTOARCHITECTONIC_ATLAS_V3_1_SG_THALAMUS_SUPRAGENICULATE_NUCLEUS,"Sg (Thalamus, suprageniculate Nucleus) right",right,ONE_TO_ONE_CANONICAL,1,JULICH_BRAIN_CYTOARCHITECTONIC_ATLAS_V3_1_SG_THALAMUS_SUPRAGENICULATE_NUCLEUS_RIGHT,NGIQ-BR-00000240,Tha_R_8_5,17.77679783,0.06670498,0.0088765,0.07394736,0.04218983,NGIQ-BR-00000236,0.05932752,NGIQ-BR-00000246,0.00737746,1.1244,9.8518,NGIQ-BR-00000240,Tha_R_8_5,0.10574786,NGIQ-BR-00000236,0.07376951,NGIQ-BR-00000132,0.0518863,0.03197835,1.4335,0.29184143,0.70815857,5.0975,TRUE,DIFFUSE_ASSOCIATION,one_to_one,G4_G3_OVERLAP_INTERPRETATION_V1,,
371,SNC_MIDBRAIN_SUBSTANTIA_NIGRA_PARS_COMPACTA_LEFT.nii.gz,JULICH_BRAIN_CYTOARCHITECTONIC_ATLAS_V3_1_SNC_MIDBRAIN_SUBSTANTIA_NIGRA_PARS_COMPACTA,"SNC (Midbrain, Substantia Nigra pars compacta) left",left,ONE_TO_ONE_CANONICAL,1,JULICH_BRAIN_CYTOARCHITECTONIC_ATLAS_V3_1_SNC_MIDBRAIN_SUBSTANTIA_NIGRA_PARS_COMPACTA_LEFT,NGIQ-BR-00000235,Tha_L_8_3,0.0267518,5.077e-05,1.781e-05,7.976e-05,7.125e-05,NGIQ-BR-00000245,5.076e-05,NGIQ-BR-00000233,1e-08,1.0001,3.3125,NGIQ-BR-00000235,Tha_L_8_3,2.261e-05,NGIQ-BR-00000245,2.238e-05,,,2.3e-07,1.0104,4.499e-05,0.99995501,2.0,TRUE,LOW_BNA_COVERAGE,BNA_COVERAGE_GAP_CANDIDATE|one_to_one,G4_G3_OVERLAP_INTERPRETATION_V1,,
372,SNC_MIDBRAIN_SUBSTANTIA_NIGRA_PARS_COMPACTA_RIGHT.nii.gz,JULICH_BRAIN_CYTOARCHITECTONIC_ATLAS_V3_1_SNC_MIDBRAIN_SUBSTANTIA_NIGRA_PARS_COMPACTA,"SNC (Midbrain, Substantia Nigra pars compacta) right",right,ONE_TO_ONE_CANONICAL,1,JULICH_BRAIN_CYTOARCHITECTONIC_ATLAS_V3_1_SNC_MIDBRAIN_SUBSTANTIA_NIGRA_PARS_COMPACTA_RIGHT,NGIQ-BR-00000132,PhG_R_6_6,0.0002641,4.4e-07,1.8e-07,7.2e-07,6.7e-07,NGIQ-BR-00000234,1.7e-07,NGIQ-BR-00000236,2.7e-07,2.6568,4.5007,,,,,,,,,,0.0,1.0,,NA,LOW_BNA_COVERAGE,BNA_COVERAGE_GAP_CANDIDATE|one_to_one,G4_G3_OVERLAP_INTERPRETATION_V1,,
373,SNR_MIDBRAIN_SUBSTANTIA_NIGRA_PARS_RETICULATA_LEFT.nii.gz,JULICH_BRAIN_CYTOARCHITECTONIC_ATLAS_V3_1_SNR_MIDBRAIN_SUBSTANTIA_NIGRA_PARS_RETICULATA,"SNR (Midbrain, Substantia Nigra pars reticulata) left",left,ONE_TO_ONE_CANONICAL,1,JULICH_BRAIN_CYTOARCHITECTONIC_ATLAS_V3_1_SNR_MIDBRAIN_SUBSTANTIA_NIGRA_PARS_RETICULATA_LEFT,NGIQ-BR-00000235,Tha_L_8_3,1.24972351,0.00147463,0.0008321,0.00270078,0.00266555,NGIQ-BR-00000017,0.00116593,NGIQ-BR-00000233,0.0003087,1.2648,4.537,NGIQ-BR-00000245,Tha_L_8_8,0.00206202,NGIQ-BR-00000235,0.00116705,NGIQ-BR-00000017,0.00018659,0.00089498,1.7669,0.00341583,0.99658417,2.2954,FALSE,PROBABILITY_HARDLABEL_DISAGREEMENT,BNA_COVERAGE_GAP_CANDIDATE|PP_HARDLABEL_TOP1_DISAGREE|one_to_one,G4_G3_OVERLAP_INTERPRETATION_V1,,
374,SNR_MIDBRAIN_SUBSTANTIA_NIGRA_PARS_RETICULATA_RIGHT.nii.gz,JULICH_BRAIN_CYTOARCHITECTONIC_ATLAS_V3_1_SNR_MIDBRAIN_SUBSTANTIA_NIGRA_PARS_RETICULATA,"SNR (Midbrain, Substantia Nigra pars reticulata) right",right,ONE_TO_ONE_CANONICAL,1,JULICH_BRAIN_CYTOARCHITECTONIC_ATLAS_V3_1_SNR_MIDBRAIN_SUBSTANTIA_NIGRA_PARS_RETICULATA_RIGHT,NGIQ-BR-00000018,Hipp_R_2_1,2.89393614,0.0032888,0.00054681,0.00242288,0.00144503,NGIQ-BR-00000132,7.325e-05,NGIQ-BR-00000220,0.00321555,44.896,1.3735,NGIQ-BR-00000018,Hipp_R_2_1,0.00416891,NGIQ-BR-00000132,3.051e-05,NGIQ-BR-00000236,7.2e-07,0.00413841,136.6547,0.00420014,0.99579986,1.0457,TRUE,LOW_BNA_COVERAGE,BNA_COVERAGE_GAP_CANDIDATE|one_to_one,G4_G3_OVERLAP_INTERPRETATION_V1,,
375,SPF_THALAMUS_SUBPARAFASCICULAR_NUCLEUS_LEFT.nii.gz,JULICH_BRAIN_CYTOARCHITECTONIC_ATLAS_V3_1_SPF_THALAMUS_SUBPARAFASCICULAR_NUCLEUS,"sPf (Thalamus, subparafascicular Nucleus) left",left,ONE_TO_ONE_CANONICAL,1,JULICH_BRAIN_CYTOARCHITECTONIC_ATLAS_V3_1_SPF_THALAMUS_SUBPARAFASCICULAR_NUCLEUS_LEFT,NGIQ-BR-00000245,Tha_L_8_8,63.8329245,0.31516918,0.03021014,0.2895347,0.12313735,NGIQ-BR-00000235,0.03958021,NGIQ-BR-00000233,0.27558896,7.9628,3.5398,NGIQ-BR-00000245,Tha_L_8_8,0.47688439,NGIQ-BR-00000020,0.01456358,NGIQ-BR-00000237,0.00452372,0.46232081,32.745,0.5004402,0.4995598,1.268,TRUE,DIFFUSE_ASSOCIATION,one_to_one,G4_G3_OVERLAP_INTERPRETATION_V1,,
376,SPF_THALAMUS_SUBPARAFASCICULAR_NUCLEUS_RIGHT.nii.gz,JULICH_BRAIN_CYTOARCHITECTONIC_ATLAS_V3_1_SPF_THALAMUS_SUBPARAFASCICULAR_NUCLEUS,"sPf (Thalamus, subparafascicular Nucleus) right",right,ONE_TO_ONE_CANONICAL,1,JULICH_BRAIN_CYTOARCHITECTONIC_ATLAS_V3_1_SPF_THALAMUS_SUBPARAFASCICULAR_NUCLEUS_RIGHT,NGIQ-BR-00000234,Tha_R_8_2,52.83658203,0.22886746,0.02926909,0.21954476,0.10815485,NGIQ-BR-00000246,0.07003961,NGIQ-BR-00000236,0.15882785,3.2677,3.8011,NGIQ-BR-00000234,Tha_R_8_2,0.34939224,NGIQ-BR-00000246,0.04030937,NGIQ-BR-00000238,0.02006178,0.30908287,8.6678,0.42106072,0.57893928,1.9049,TRUE,DIFFUSE_ASSOCIATION,one_to_one,G4_G3_OVERLAP_INTERPRETATION_V1,,
377,STN_SUBTHALAMUS_LEFT.nii.gz,JULICH_BRAIN_CYTOARCHITECTONIC_ATLAS_V3_1_STN_SUBTHALAMUS,STN (Subthalamus) left,left,ONE_TO_ONE_CANONICAL,1,JULICH_BRAIN_CYTOARCHITECTONIC_ATLAS_V3_1_STN_SUBTHALAMUS_LEFT,NGIQ-BR-00000233,Tha_L_8_2,2.74745886,0.00841838,0.00194665,0.00885654,0.00718621,NGIQ-BR-00000245,0.00480843,NGIQ-BR-00000235,0.00360996,1.7508,3.8017,NGIQ-BR-00000245,Tha_L_8_8,0.01125567,NGIQ-BR-00000233,0.00303904,,,0.00821664,3.7037,0.01429471,0.98570529,1.6776,FALSE,PROBABILITY_HARDLABEL_DISAGREEMENT,BNA_COVERAGE_GAP_CANDIDATE|PP_HARDLABEL_TOP1_DISAGREE|one_to_one,G4_G3_OVERLAP_INTERPRETATION_V1,,
378,STN_SUBTHALAMUS_RIGHT.nii.gz,JULICH_BRAIN_CYTOARCHITECTONIC_ATLAS_V3_1_STN_SUBTHALAMUS,STN (Subthalamus) right,right,ONE_TO_ONE_CANONICAL,1,JULICH_BRAIN_CYTOARCHITECTONIC_ATLAS_V3_1_STN_SUBTHALAMUS_RIGHT,NGIQ-BR-00000234,Tha_R_8_2,0.0662355,0.00019621,3.669e-05,0.0001667,0.00012193,NGIQ-BR-00000236,2.66e-05,NGIQ-BR-00000246,0.00016961,7.3766,2.1104,,,,,,,,,,0.0,1.0,,NA,LOW_BNA_COVERAGE,BNA_COVERAGE_GAP_CANDIDATE|one_to_one,G4_G3_OVERLAP_INTERPRETATION_V1,,
381,TEMPORAL_TO_PARIETAL_GAPMAP_LEFT.nii.gz,JULICH_BRAIN_CYTOARCHITECTONIC_ATLAS_V3_1_TEMPORAL_TO_PARIETAL_GAPMAP,Temporal-to-Parietal (GapMap) left,left,ONE_TO_ONE_CANONICAL,1,JULICH_BRAIN_CYTOARCHITECTONIC_ATLAS_V3_1_TEMPORAL_TO_PARIETAL_GAPMAP_LEFT,NGIQ-BR-00000007,MTG_L_4_1,5114.74951512,0.07949266,0.68957,0.377663,0.1741674,NGIQ-BR-00000097,0.07774303,NGIQ-BR-00000095,0.00174963,1.0225,24.1896,NGIQ-BR-00000005,STG_L_6_1,0.07416997,NGIQ-BR-00000095,0.06777227,NGIQ-BR-00000115,0.0666824,0.00639771,1.0944,0.9206617,0.0793383,21.2742,FALSE,PROBABILITY_HARDLABEL_DISAGREEMENT,PP_HARDLABEL_TOP1_DISAGREE|one_to_one,G4_G3_OVERLAP_INTERPRETATION_V1,,
382,TEMPORAL_TO_PARIETAL_GAPMAP_RIGHT.nii.gz,JULICH_BRAIN_CYTOARCHITECTONIC_ATLAS_V3_1_TEMPORAL_TO_PARIETAL_GAPMAP,Temporal-to-Parietal (GapMap) right,right,ONE_TO_ONE_CANONICAL,1,JULICH_BRAIN_CYTOARCHITECTONIC_ATLAS_V3_1_TEMPORAL_TO_PARIETAL_GAPMAP_RIGHT,NGIQ-BR-00000096,MTG_R_4_2,5773.23735509,0.07606952,0.66093043,0.29928056,0.16643192,NGIQ-BR-00000008,0.06982645,NGIQ-BR-00000098,0.00624307,1.0894,27.9651,NGIQ-BR-00000096,MTG_R_4_2,0.07671755,NGIQ-BR-00000098,0.07021033,NGIQ-BR-00000008,0.06159897,0.00650722,1.0927,0.87883772,0.12116228,24.1859,TRUE,DIFFUSE_ASSOCIATION,one_to_one,G4_G3_OVERLAP_INTERPRETATION_V1,,
383,TRS_HIPPOCAMPUS_TRANSSUBICULUM_LEFT.nii.gz,JULICH_BRAIN_CYTOARCHITECTONIC_ATLAS_V3_1_TRS_HIPPOCAMPUS_TRANSSUBICULUM,"TrS (Hippocampus, Transsubiculum) left",left,ONE_TO_ONE_CANONICAL,1,JULICH_BRAIN_CYTOARCHITECTONIC_ATLAS_V3_1_TRS_HIPPOCAMPUS_TRANSSUBICULUM_LEFT,NGIQ-BR-00000131,PhG_L_6_6,123.72704773,0.32546699,0.0880599,0.51587579,0.40707304,NGIQ-BR-00000199,0.13978276,NGIQ-BR-00000123,0.18568423,2.3284,7.9612,NGIQ-BR-00000131,PhG_L_6_6,0.45788102,NGIQ-BR-00000199,0.12036858,NGIQ-BR-00000123,0.07529571,0.33751244,3.804,0.81236958,0.18763042,4.2797,TRUE,DIFFUSE_ASSOCIATION,one_to_one,G4_G3_OVERLAP_INTERPRETATION_V1,,
384,TRS_HIPPOCAMPUS_TRANSSUBICULUM_RIGHT.nii.gz,JULICH_BRAIN_CYTOARCHITECTONIC_ATLAS_V3_1_TRS_HIPPOCAMPUS_TRANSSUBICULUM,"TrS (Hippocampus, Transsubiculum) right",right,ONE_TO_ONE_CANONICAL,1,JULICH_BRAIN_CYTOARCHITECTONIC_ATLAS_V3_1_TRS_HIPPOCAMPUS_TRANSSUBICULUM_RIGHT,NGIQ-BR-00000132,PhG_R_6_6,118.49766381,0.27596713,0.08233612,0.40830406,0.33976224,NGIQ-BR-00000200,0.14893214,NGIQ-BR-00000202,0.127035,1.853,8.423,NGIQ-BR-00000132,PhG_R_6_6,0.43747561,NGIQ-BR-00000200,0.13905667,NGIQ-BR-00000202,0.09150799,0.29841894,3.146,0.84319913,0.15680087,4.6694,TRUE,DIFFUSE_ASSOCIATION,one_to_one,G4_G3_OVERLAP_INTERPRETATION_V1,,
385,TUTI_BASAL_FOREBRAIN_TERMINAL_ISLANDS_LEFT.nii.gz,JULICH_BRAIN_CYTOARCHITECTONIC_ATLAS_V3_1_TUTI_BASAL_FOREBRAIN_TERMINAL_ISLANDS,"TuTi (Basal Forebrain, Terminal islands) left",left,ONE_TO_ONE_CANONICAL,1,JULICH_BRAIN_CYTOARCHITECTONIC_ATLAS_V3_1_TUTI_BASAL_FOREBRAIN_TERMINAL_ISLANDS_LEFT,NGIQ-BR-00000065,OrG_L_6_5,136.53225085,0.42480696,0.01732658,0.21872404,0.06041579,NGIQ-BR-00000224,0.40532805,NGIQ-BR-00000019,0.01947891,1.0481,4.0292,NGIQ-BR-00000224,BG_L_6_3,0.51052276,NGIQ-BR-00000065,0.37300679,NGIQ-BR-00000019,0.00493811,0.13751597,1.3687,0.89161909,0.10838091,2.0809,FALSE,PROBABILITY_HARDLABEL_DISAGREEMENT,PP_HARDLABEL_TOP1_DISAGREE|one_to_one,G4_G3_OVERLAP_INTERPRETATION_V1,,
386,TUTI_BASAL_FOREBRAIN_TERMINAL_ISLANDS_RIGHT.nii.gz,JULICH_BRAIN_CYTOARCHITECTONIC_ATLAS_V3_1_TUTI_BASAL_FOREBRAIN_TERMINAL_ISLANDS,"TuTi (Basal Forebrain, Terminal islands) right",right,ONE_TO_ONE_CANONICAL,1,JULICH_BRAIN_CYTOARCHITECTONIC_ATLAS_V3_1_TUTI_BASAL_FOREBRAIN_TERMINAL_ISLANDS_RIGHT,NGIQ-BR-00000225,BG_R_6_3,213.69369644,0.59157795,0.07332615,0.52544435,0.24051872,NGIQ-BR-00000066,0.21067604,NGIQ-BR-00000221,0.3809019,2.808,3.0183,NGIQ-BR-00000225,BG_R_6_3,0.74948049,NGIQ-BR-00000066,0.12203659,NGIQ-BR-00000221,0.00132678,0.62744389,6.1414,0.87442014,0.12557986,1.5372,TRUE,SINGLE_TARGET_CONCENTRATED,one_to_one,G4_G3_OVERLAP_INTERPRETATION_V1,,
387,TU_BASAL_FOREBRAIN_TUBERCULUM_LEFT.nii.gz,JULICH_BRAIN_CYTOARCHITECTONIC_ATLAS_V3_1_TU_BASAL_FOREBRAIN_TUBERCULUM,"Tu (Basal Forebrain, Tuberculum) left",left,ONE_TO_ONE_CANONICAL,1,JULICH_BRAIN_CYTOARCHITECTONIC_ATLAS_V3_1_TU_BASAL_FOREBRAIN_TUBERCULUM_LEFT,NGIQ-BR-00000065,OrG_L_6_5,45.21932294,0.61608239,0.00573854,0.17982737,0.02034112,NGIQ-BR-00000224,0.3697408,NGIQ-BR-00000019,0.24634159,1.6663,3.3603,NGIQ-BR-00000065,OrG_L_6_5,0.59075544,NGIQ-BR-00000224,0.40363814,NGIQ-BR-00000226,0.0001964,0.18711731,1.4636,0.99476768,0.00523232,1.9716,TRUE,MULTI_TARGET_CONCENTRATED,one_to_one,G4_G3_OVERLAP_INTERPRETATION_V1,,
388,TU_BASAL_FOREBRAIN_TUBERCULUM_RIGHT.nii.gz,JULICH_BRAIN_CYTOARCHITECTONIC_ATLAS_V3_1_TU_BASAL_FOREBRAIN_TUBERCULUM,"Tu (Basal Forebrain, Tuberculum) right",right,ONE_TO_ONE_CANONICAL,1,JULICH_BRAIN_CYTOARCHITECTONIC_ATLAS_V3_1_TU_BASAL_FOREBRAIN_TUBERCULUM_RIGHT,NGIQ-BR-00000225,BG_R_6_3,56.22324033,0.41101339,0.01929226,0.23662195,0.0656801,NGIQ-BR-00000066,0.32119494,NGIQ-BR-00000058,0.08981845,1.2796,3.154,NGIQ-BR-00000225,BG_R_6_3,0.57068185,NGIQ-BR-00000066,0.18062689,NGIQ-BR-00000218,0.00053088,0.39005496,3.1595,0.75216543,0.24783457,1.7524,TRUE,DIFFUSE_ASSOCIATION,one_to_one,G4_G3_OVERLAP_INTERPRETATION_V1,,
389,VAMC_THALAMUS_VENTRAL_ANTERIOR_NUCLEUS_MAGNOCELLULAR_PART_LEFT.nii.gz,JULICH_BRAIN_CYTOARCHITECTONIC_ATLAS_V3_1_VAMC_THALAMUS_VENTRAL_ANTERIOR_NUCLEUS_MAGNOCELLULAR_PART,"VAmc (Thalamus, ventral anterior Nucleus, magnocellular part) left",left,ONE_TO_ONE_CANONICAL,1,JULICH_BRAIN_CYTOARCHITECTONIC_ATLAS_V3_1_VAMC_THALAMUS_VENTRAL_ANTERIOR_NUCLEUS_MAGNOCELLULAR_PART_LEFT,NGIQ-BR-00000020,Tha_L_8_1,213.11269243,0.33189947,0.1070388,0.62994825,0.48436664,NGIQ-BR-00000241,0.1542526,NGIQ-BR-00000243,0.17764687,2.1517,6.379,NGIQ-BR-00000020,Tha_L_8_1,0.39914611,NGIQ-BR-00000245,0.17455577,NGIQ-BR-00000243,0.1231579,0.22459034,2.2866,0.99044975,0.00955025,5.2185,TRUE,DIFFUSE_ASSOCIATION,one_to_one,G4_G3_OVERLAP_INTERPRETATION_V1,,
390,VAMC_THALAMUS_VENTRAL_ANTERIOR_NUCLEUS_MAGNOCELLULAR_PART_RIGHT.nii.gz,JULICH_BRAIN_CYTOARCHITECTONIC_ATLAS_V3_1_VAMC_THALAMUS_VENTRAL_ANTERIOR_NUCLEUS_MAGNOCELLULAR_PART,"VAmc (Thalamus, ventral anterior Nucleus, magnocellular part) right",right,ONE_TO_ONE_CANONICAL,1,JULICH_BRAIN_CYTOARCHITECTONIC_ATLAS_V3_1_VAMC_THALAMUS_VENTRAL_ANTERIOR_NUCLEUS_MAGNOCELLULAR_PART_RIGHT,NGIQ-BR-00000232,Tha_R_8_1,247.13005885,0.3392424,0.13708675,0.59867558,0.46908594,NGIQ-BR-00000246,0.16099259,NGIQ-BR-00000240,0.17824981,2.1072,6.4889,NGIQ-BR-00000232,Tha_R_8_1,0.32992856,NGIQ-BR-00000246,0.31118809,NGIQ-BR-00000244,0.11618178,0.01874046,1.0602,0.98035908,0.01964092,5.1966,TRUE,DIFFUSE_ASSOCIATION,one_to_one,G4_G3_OVERLAP_INTERPRETATION_V1,,
391,VA_THALAMUS_VENTRAL_ANTERIOR_NUCLEUS_VENTRAL_LEFT.nii.gz,JULICH_BRAIN_CYTOARCHITECTONIC_ATLAS_V3_1_VA_THALAMUS_VENTRAL_ANTERIOR_NUCLEUS_VENTRAL,"VA (Thalamus, ventral anterior Nucleus (ventral)) left",left,ONE_TO_ONE_CANONICAL,1,JULICH_BRAIN_CYTOARCHITECTONIC_ATLAS_V3_1_VA_THALAMUS_VENTRAL_ANTERIOR_NUCLEUS_VENTRAL_LEFT,NGIQ-BR-00000020,Tha_L_8_1,247.96690278,0.27415081,0.12454481,0.56343566,0.5010344,NGIQ-BR-00000245,0.20197964,NGIQ-BR-00000241,0.07217117,1.3573,7.1792,NGIQ-BR-00000245,Tha_L_8_8,0.35286611,NGIQ-BR-00000020,0.29399944,NGIQ-BR-00000237,0.12058341,0.05886667,1.2002,0.97317255,0.02682745,5.1479,FALSE,PROBABILITY_HARDLABEL_DISAGREEMENT,PP_HARDLABEL_TOP1_DISAGREE|one_to_one,G4_G3_OVERLAP_INTERPRETATION_V1,,
392,VA_THALAMUS_VENTRAL_ANTERIOR_NUCLEUS_VENTRAL_RIGHT.nii.gz,JULICH_BRAIN_CYTOARCHITECTONIC_ATLAS_V3_1_VA_THALAMUS_VENTRAL_ANTERIOR_NUCLEUS_VENTRAL,"VA (Thalamus, ventral anterior Nucleus (ventral)) right",right,ONE_TO_ONE_CANONICAL,1,JULICH_BRAIN_CYTOARCHITECTONIC_ATLAS_V3_1_VA_THALAMUS_VENTRAL_ANTERIOR_NUCLEUS_VENTRAL_RIGHT,NGIQ-BR-00000232,Tha_R_8_1,228.82353013,0.2519024,0.12693184,0.47794006,0.4076925,NGIQ-BR-00000234,0.18749664,NGIQ-BR-00000246,0.06440576,1.3435,7.124,NGIQ-BR-00000232,Tha_R_8_1,0.29206653,NGIQ-BR-00000246,0.26582308,NGIQ-BR-00000234,0.19303216,0.02624345,1.0987,0.91221403,0.08778597,5.1177,TRUE,DIFFUSE_ASSOCIATION,one_to_one,G4_G3_OVERLAP_INTERPRETATION_V1,,
393,VIM_THALAMUS_VENTRAL_INTERMEDIATE_NUCLEUS_LEFT.nii.gz,JULICH_BRAIN_CYTOARCHITECTONIC_ATLAS_V3_1_VIM_THALAMUS_VENTRAL_INTERMEDIATE_NUCLEUS,"VIM (Thalamus, ventral intermediate Nucleus) left",left,ONE_TO_ONE_CANONICAL,1,JULICH_BRAIN_CYTOARCHITECTONIC_ATLAS_V3_1_VIM_THALAMUS_VENTRAL_INTERMEDIATE_NUCLEUS_LEFT,NGIQ-BR-00000245,Tha_L_8_8,407.81342781,0.39248232,0.19300544,0.55529008,0.53179687,NGIQ-BR-00000235,0.24145221,NGIQ-BR-00000233,0.15103011,1.6255,4.3377,NGIQ-BR-00000245,Tha_L_8_8,0.59186496,NGIQ-BR-00000235,0.20559249,NGIQ-BR-00000233,0.14286207,0.38627246,2.8788,0.96211611,0.03788389,2.7556,TRUE,MULTI_TARGET_CONCENTRATED,one_to_one,G4_G3_OVERLAP_INTERPRETATION_V1,,
394,VIM_THALAMUS_VENTRAL_INTERMEDIATE_NUCLEUS_RIGHT.nii.gz,JULICH_BRAIN_CYTOARCHITECTONIC_ATLAS_V3_1_VIM_THALAMUS_VENTRAL_INTERMEDIATE_NUCLEUS,"VIM (Thalamus, ventral intermediate Nucleus) right",right,ONE_TO_ONE_CANONICAL,1,JULICH_BRAIN_CYTOARCHITECTONIC_ATLAS_V3_1_VIM_THALAMUS_VENTRAL_INTERMEDIATE_NUCLEUS_RIGHT,NGIQ-BR-00000234,Tha_R_8_2,484.60374375,0.47244269,0.26844863,0.69033883,0.66703756,NGIQ-BR-00000236,0.20476389,NGIQ-BR-00000246,0.2676788,2.3073,3.7267,NGIQ-BR-00000234,Tha_R_8_2,0.44784332,NGIQ-BR-00000236,0.24629541,NGIQ-BR-00000246,0.18824603,0.20154791,1.8183,0.88862628,0.11137372,2.9109,TRUE,MULTI_TARGET_CONCENTRATED,one_to_one,G4_G3_OVERLAP_INTERPRETATION_V1,,
395,VLA_THALAMUS_VENTRAL_LATERAL_ANTERIOR_NUCLEUS_LEFT.nii.gz,JULICH_BRAIN_CYTOARCHITECTONIC_ATLAS_V3_1_VLA_THALAMUS_VENTRAL_LATERAL_ANTERIOR_NUCLEUS,"VLA (Thalamus, ventral lateral anterior Nucleus) left",left,ONE_TO_ONE_CANONICAL,1,JULICH_BRAIN_CYTOARCHITECTONIC_ATLAS_V3_1_VLA_THALAMUS_VENTRAL_LATERAL_ANTERIOR_NUCLEUS_LEFT,NGIQ-BR-00000245,Tha_L_8_8,166.73286206,0.41972329,0.07890949,0.57303019,0.31069599,NGIQ-BR-00000233,0.27193805,NGIQ-BR-00000235,0.14778524,1.5435,4.4273,NGIQ-BR-00000245,Tha_L_8_8,0.64993066,NGIQ-BR-00000233,0.21776928,NGIQ-BR-00000235,0.07241911,0.43216138,2.9845,0.96870503,0.03129497,2.5236,TRUE,MULTI_TARGET_CONCENTRATED,one_to_one,G4_G3_OVERLAP_INTERPRETATION_V1,,
396,VLA_THALAMUS_VENTRAL_LATERAL_ANTERIOR_NUCLEUS_RIGHT.nii.gz,JULICH_BRAIN_CYTOARCHITECTONIC_ATLAS_V3_1_VLA_THALAMUS_VENTRAL_LATERAL_ANTERIOR_NUCLEUS,"VLA (Thalamus, ventral lateral anterior Nucleus) right",right,ONE_TO_ONE_CANONICAL,1,JULICH_BRAIN_CYTOARCHITECTONIC_ATLAS_V3_1_VLA_THALAMUS_VENTRAL_LATERAL_ANTERIOR_NUCLEUS_RIGHT,NGIQ-BR-00000234,Tha_R_8_2,148.77419954,0.49461883,0.0824142,0.65894399,0.3069237,NGIQ-BR-00000236,0.13923947,NGIQ-BR-00000246,0.35537936,3.5523,3.5206,NGIQ-BR-00000234,Tha_R_8_2,0.5642684,NGIQ-BR-00000236,0.11504972,NGIQ-BR-00000246,0.10079101,0.44921868,4.9046,0.79452464,0.20547536,2.3894,TRUE,DIFFUSE_ASSOCIATION,one_to_one,G4_G3_OVERLAP_INTERPRETATION_V1,,
397,VLP_THALAMUS_VENTRAL_LATERAL_POSTERIOR_NUCLEUS_LEFT.nii.gz,JULICH_BRAIN_CYTOARCHITECTONIC_ATLAS_V3_1_VLP_THALAMUS_VENTRAL_LATERAL_POSTERIOR_NUCLEUS,"VLP (Thalamus, ventral lateral posterior Nucleus) left",left,ONE_TO_ONE_CANONICAL,1,JULICH_BRAIN_CYTOARCHITECTONIC_ATLAS_V3_1_VLP_THALAMUS_VENTRAL_LATERAL_POSTERIOR_NUCLEUS_LEFT,NGIQ-BR-00000245,Tha_L_8_8,491.4307924,0.28238366,0.23257894,0.59221002,0.58335486,NGIQ-BR-00000239,0.16750318,NGIQ-BR-00000235,0.11488048,1.6858,6.7987,NGIQ-BR-00000245,Tha_L_8_8,0.40433454,NGIQ-BR-00000239,0.19221561,NGIQ-BR-00000235,0.11488947,0.21211893,2.1035,0.98108781,0.01891219,5.4702,TRUE,DIFFUSE_ASSOCIATION,one_to_one,G4_G3_OVERLAP_INTERPRETATION_V1,,
398,VLP_THALAMUS_VENTRAL_LATERAL_POSTERIOR_NUCLEUS_RIGHT.nii.gz,JULICH_BRAIN_CYTOARCHITECTONIC_ATLAS_V3_1_VLP_THALAMUS_VENTRAL_LATERAL_POSTERIOR_NUCLEUS,"VLP (Thalamus, ventral lateral posterior Nucleus) right",right,ONE_TO_ONE_CANONICAL,1,JULICH_BRAIN_CYTOARCHITECTONIC_ATLAS_V3_1_VLP_THALAMUS_VENTRAL_LATERAL_POSTERIOR_NUCLEUS_RIGHT,NGIQ-BR-00000234,Tha_R_8_2,261.56310907,0.34475767,0.14489417,0.46739272,0.4163584,NGIQ-BR-00000246,0.27810212,NGIQ-BR-00000236,0.06665555,1.2397,4.9098,NGIQ-BR-00000246,Tha_R_8_8,0.38299621,NGIQ-BR-00000234,0.25338754,NGIQ-BR-00000236,0.19603407,0.12960867,1.5115,0.99535102,0.00464898,4.202,FALSE,PROBABILITY_HARDLABEL_DISAGREEMENT,PP_HARDLABEL_TOP1_DISAGREE|one_to_one,G4_G3_OVERLAP_INTERPRETATION_V1,,
399,VM_THALAMUS_VENTRAL_MEDIAL_NUCLEUS_LEFT.nii.gz,JULICH_BRAIN_CYTOARCHITECTONIC_ATLAS_V3_1_VM_THALAMUS_VENTRAL_MEDIAL_NUCLEUS,"VM (Thalamus, ventral medial Nucleus) left",left,ONE_TO_ONE_CANONICAL,1,JULICH_BRAIN_CYTOARCHITECTONIC_ATLAS_V3_1_VM_THALAMUS_VENTRAL_MEDIAL_NUCLEUS_LEFT,NGIQ-BR-00000245,Tha_L_8_8,85.28959068,0.38190964,0.04036492,0.3972954,0.16493447,NGIQ-BR-00000235,0.1462518,NGIQ-BR-00000233,0.23565784,2.6113,3.728,NGIQ-BR-00000245,Tha_L_8_8,0.59815213,NGIQ-BR-00000235,0.09994816,NGIQ-BR-00000233,0.04432618,0.49820397,5.9846,0.74701855,0.25298145,1.9132,TRUE,DIFFUSE_ASSOCIATION,one_to_one,G4_G3_OVERLAP_INTERPRETATION_V1,,
400,VM_THALAMUS_VENTRAL_MEDIAL_NUCLEUS_RIGHT.nii.gz,JULICH_BRAIN_CYTOARCHITECTONIC_ATLAS_V3_1_VM_THALAMUS_VENTRAL_MEDIAL_NUCLEUS,"VM (Thalamus, ventral medial Nucleus) right",right,ONE_TO_ONE_CANONICAL,1,JULICH_BRAIN_CYTOARCHITECTONIC_ATLAS_V3_1_VM_THALAMUS_VENTRAL_MEDIAL_NUCLEUS_RIGHT,NGIQ-BR-00000234,Tha_R_8_2,77.99220015,0.42747042,0.04320416,0.42132619,0.16399281,NGIQ-BR-00000236,0.07865554,NGIQ-BR-00000246,0.34881488,5.4347,2.9213,NGIQ-BR-00000234,Tha_R_8_2,0.51039635,NGIQ-BR-00000246,0.07023892,NGIQ-BR-00000236,0.02560108,0.44015742,7.2666,0.60842941,0.39157059,1.7379,TRUE,DIFFUSE_ASSOCIATION,one_to_one,G4_G3_OVERLAP_INTERPRETATION_V1,,
401,VPI_THALAMUS_VENTROPOSTERIOR_INFERIOR_NUCLEUS_LEFT.nii.gz,JULICH_BRAIN_CYTOARCHITECTONIC_ATLAS_V3_1_VPI_THALAMUS_VENTROPOSTERIOR_INFERIOR_NUCLEUS,"VPi (Thalamus, ventroposterior inferior Nucleus) left",left,ONE_TO_ONE_CANONICAL,1,JULICH_BRAIN_CYTOARCHITECTONIC_ATLAS_V3_1_VPI_THALAMUS_VENTROPOSTERIOR_INFERIOR_NUCLEUS_LEFT,NGIQ-BR-00000235,Tha_L_8_3,33.4298647,0.19977794,0.02225851,0.23778364,0.1151496,NGIQ-BR-00000239,0.11165643,NGIQ-BR-00000233,0.08812151,1.7892,4.385,NGIQ-BR-00000235,Tha_L_8_3,0.30459114,NGIQ-BR-00000239,0.10321035,NGIQ-BR-00000233,0.01923575,0.20138079,2.9512,0.45814712,0.54185288,2.671,TRUE,DIFFUSE_ASSOCIATION,one_to_one,G4_G3_OVERLAP_INTERPRETATION_V1,,
402,VPI_THALAMUS_VENTROPOSTERIOR_INFERIOR_NUCLEUS_RIGHT.nii.gz,JULICH_BRAIN_CYTOARCHITECTONIC_ATLAS_V3_1_VPI_THALAMUS_VENTROPOSTERIOR_INFERIOR_NUCLEUS,"VPi (Thalamus, ventroposterior inferior Nucleus) right",right,ONE_TO_ONE_CANONICAL,1,JULICH_BRAIN_CYTOARCHITECTONIC_ATLAS_V3_1_VPI_THALAMUS_VENTROPOSTERIOR_INFERIOR_NUCLEUS_RIGHT,NGIQ-BR-00000236,Tha_R_8_3,27.71620898,0.14022938,0.02109185,0.18039707,0.09511925,NGIQ-BR-00000234,0.04626276,NGIQ-BR-00000246,0.09396662,3.0312,4.9053,NGIQ-BR-00000236,Tha_R_8_3,0.1986358,NGIQ-BR-00000234,0.04168266,NGIQ-BR-00000240,0.02408801,0.15695314,4.7654,0.28635312,0.71364688,2.7226,TRUE,DIFFUSE_ASSOCIATION,one_to_one,G4_G3_OVERLAP_INTERPRETATION_V1,,
403,VPL_THALAMUS_VENTRAL_POSTERIOR_LATERAL_NUCLEUS_LEFT.nii.gz,JULICH_BRAIN_CYTOARCHITECTONIC_ATLAS_V3_1_VPL_THALAMUS_VENTRAL_POSTERIOR_LATERAL_NUCLEUS,"VPL (Thalamus, ventral posterior lateral Nucleus) left",left,ONE_TO_ONE_CANONICAL,1,JULICH_BRAIN_CYTOARCHITECTONIC_ATLAS_V3_1_VPL_THALAMUS_VENTRAL_POSTERIOR_LATERAL_NUCLEUS_LEFT,NGIQ-BR-00000239,Tha_L_8_5,284.87925712,0.32551444,0.13746472,0.5665292,0.51590487,NGIQ-BR-00000235,0.31763875,NGIQ-BR-00000241,0.00787569,1.0248,5.115,NGIQ-BR-00000239,Tha_L_8_5,0.4585413,NGIQ-BR-00000235,0.32638426,NGIQ-BR-00000241,0.074115,0.13215704,1.4049,0.96519629,0.03480371,3.5722,TRUE,MULTI_TARGET_CONCENTRATED,one_to_one,G4_G3_OVERLAP_INTERPRETATION_V1,,
404,VPL_THALAMUS_VENTRAL_POSTERIOR_LATERAL_NUCLEUS_RIGHT.nii.gz,JULICH_BRAIN_CYTOARCHITECTONIC_ATLAS_V3_1_VPL_THALAMUS_VENTRAL_POSTERIOR_LATERAL_NUCLEUS,"VPL (Thalamus, ventral posterior lateral Nucleus) right",right,ONE_TO_ONE_CANONICAL,1,JULICH_BRAIN_CYTOARCHITECTONIC_ATLAS_V3_1_VPL_THALAMUS_VENTRAL_POSTERIOR_LATERAL_NUCLEUS_RIGHT,NGIQ-BR-00000236,Tha_R_8_3,289.39915865,0.30070537,0.22023083,0.68327921,0.66390515,NGIQ-BR-00000240,0.20859474,NGIQ-BR-00000246,0.09211063,1.4416,5.4727,NGIQ-BR-00000236,Tha_R_8_3,0.39077985,NGIQ-BR-00000240,0.22551746,NGIQ-BR-00000246,0.22072394,0.1652624,1.7328,0.92863214,0.07136786,4.0648,TRUE,DIFFUSE_ASSOCIATION,one_to_one,G4_G3_OVERLAP_INTERPRETATION_V1,,
405,VPMPC_THALAMUS_VENTRAL_POSTERIOR_MEDIAL_NUCLEUS_PARVOCELLULAR_PART_LEFT.nii.gz,JULICH_BRAIN_CYTOARCHITECTONIC_ATLAS_V3_1_VPMPC_THALAMUS_VENTRAL_POSTERIOR_MEDIAL_NUCLEUS_PARVOCELLULAR_PART,"VPMpc (Thalamus, ventral posterior medial Nucleus, parvocellular part) left",left,ONE_TO_ONE_CANONICAL,1,JULICH_BRAIN_CYTOARCHITECTONIC_ATLAS_V3_1_VPMPC_THALAMUS_VENTRAL_POSTERIOR_MEDIAL_NUCLEUS_PARVOCELLULAR_PART_LEFT,NGIQ-BR-00000245,Tha_L_8_8,49.84551852,0.33641122,0.02359034,0.29114989,0.09800175,NGIQ-BR-00000235,0.13010804,NGIQ-BR-00000233,0.20630318,2.5856,3.4136,NGIQ-BR-00000245,Tha_L_8_8,0.51723673,NGIQ-BR-00000235,0.08689694,NGIQ-BR-00000239,0.00146274,0.43033979,5.9523,0.60824153,0.39175847,1.5802,TRUE,DIFFUSE_ASSOCIATION,one_to_one,G4_G3_OVERLAP_INTERPRETATION_V1,,
406,VPMPC_THALAMUS_VENTRAL_POSTERIOR_MEDIAL_NUCLEUS_PARVOCELLULAR_PART_RIGHT.nii.gz,JULICH_BRAIN_CYTOARCHITECTONIC_ATLAS_V3_1_VPMPC_THALAMUS_VENTRAL_POSTERIOR_MEDIAL_NUCLEUS_PARVOCELLULAR_PART,"VPMpc (Thalamus, ventral posterior medial Nucleus, parvocellular part) right",right,ONE_TO_ONE_CANONICAL,1,JULICH_BRAIN_CYTOARCHITECTONIC_ATLAS_V3_1_VPMPC_THALAMUS_VENTRAL_POSTERIOR_MEDIAL_NUCLEUS_PARVOCELLULAR_PART_RIGHT,NGIQ-BR-00000234,Tha_R_8_2,41.03195064,0.28448611,0.02272985,0.26431385,0.08729845,NGIQ-BR-00000236,0.09882137,NGIQ-BR-00000246,0.18566473,2.8788,2.8084,NGIQ-BR-00000234,Tha_R_8_2,0.37272336,NGIQ-BR-00000236,0.08080683,NGIQ-BR-00000246,0.015807,0.29191653,4.6125,0.47120553,0.52879447,1.8698,TRUE,DIFFUSE_ASSOCIATION,one_to_one,G4_G3_OVERLAP_INTERPRETATION_V1,,
407,VPM_THALAMUS_VENTRAL_POSTERIOR_MEDIAL_NUCLEUS_LEFT.nii.gz,JULICH_BRAIN_CYTOARCHITECTONIC_ATLAS_V3_1_VPM_THALAMUS_VENTRAL_POSTERIOR_MEDIAL_NUCLEUS,"VPM (Thalamus, ventral posterior medial Nucleus) left",left,ONE_TO_ONE_CANONICAL,1,JULICH_BRAIN_CYTOARCHITECTONIC_ATLAS_V3_1_VPM_THALAMUS_VENTRAL_POSTERIOR_MEDIAL_NUCLEUS_LEFT,NGIQ-BR-00000235,Tha_L_8_3,56.91899459,0.34292265,0.0378982,0.44970338,0.19840949,NGIQ-BR-00000245,0.31514465,NGIQ-BR-00000233,0.027778,1.0881,3.8923,NGIQ-BR-00000245,Tha_L_8_8,0.45566484,NGIQ-BR-00000235,0.37342026,NGIQ-BR-00000233,0.03105077,0.08224457,1.2202,0.88644559,0.11355441,2.5319,FALSE,PROBABILITY_HARDLABEL_DISAGREEMENT,PP_HARDLABEL_TOP1_DISAGREE|one_to_one,G4_G3_OVERLAP_INTERPRETATION_V1,,
408,VPM_THALAMUS_VENTRAL_POSTERIOR_MEDIAL_NUCLEUS_RIGHT.nii.gz,JULICH_BRAIN_CYTOARCHITECTONIC_ATLAS_V3_1_VPM_THALAMUS_VENTRAL_POSTERIOR_MEDIAL_NUCLEUS,"VPM (Thalamus, ventral posterior medial Nucleus) right",right,ONE_TO_ONE_CANONICAL,1,JULICH_BRAIN_CYTOARCHITECTONIC_ATLAS_V3_1_VPM_THALAMUS_VENTRAL_POSTERIOR_MEDIAL_NUCLEUS_RIGHT,NGIQ-BR-00000234,Tha_R_8_2,70.8789043,0.40921275,0.03926372,0.40927735,0.14977251,NGIQ-BR-00000236,0.27331884,NGIQ-BR-00000246,0.13589391,1.4972,3.237,NGIQ-BR-00000234,Tha_R_8_2,0.46126053,NGIQ-BR-00000236,0.30105662,NGIQ-BR-00000246,0.03302909,0.16020391,1.5321,0.80642054,0.19357946,2.4042,TRUE,MULTI_TARGET_CONCENTRATED,one_to_one,G4_G3_OVERLAP_INTERPRETATION_V1,,
409,VP_VENTRAL_PALLIDUM_LEFT.nii.gz,JULICH_BRAIN_CYTOARCHITECTONIC_ATLAS_V3_1_VP_VENTRAL_PALLIDUM,VP (Ventral Pallidum) left,left,ONE_TO_ONE_CANONICAL,1,JULICH_BRAIN_CYTOARCHITECTONIC_ATLAS_V3_1_VP_VENTRAL_PALLIDUM_LEFT,NGIQ-BR-00000224,BG_L_6_3,107.82663089,0.24198724,0.04399949,0.2258569,0.16904476,NGIQ-BR-00000019,0.17734994,NGIQ-BR-00000226,0.06463731,1.3645,6.1454,NGIQ-BR-00000224,BG_L_6_3,0.36300121,NGIQ-BR-00000019,0.17873573,NGIQ-BR-00000226,0.05267925,0.18426548,2.0309,0.64271449,0.35728551,3.0538,TRUE,DIFFUSE_ASSOCIATION,one_to_one,G4_G3_OVERLAP_INTERPRETATION_V1,,
410,VP_VENTRAL_PALLIDUM_RIGHT.nii.gz,JULICH_BRAIN_CYTOARCHITECTONIC_ATLAS_V3_1_VP_VENTRAL_PALLIDUM,VP (Ventral Pallidum) right,right,ONE_TO_ONE_CANONICAL,1,JULICH_BRAIN_CYTOARCHITECTONIC_ATLAS_V3_1_VP_VENTRAL_PALLIDUM_RIGHT,NGIQ-BR-00000225,BG_R_6_3,125.50880913,0.2545913,0.04306668,0.19451663,0.1303009,NGIQ-BR-00000221,0.13631439,NGIQ-BR-00000227,0.11827692,1.8677,4.028,NGIQ-BR-00000225,BG_R_6_3,0.33984726,NGIQ-BR-00000221,0.17074944,NGIQ-BR-00000223,0.03901188,0.16909782,1.9903,0.57013635,0.42986365,2.6521,TRUE,DIFFUSE_ASSOCIATION,one_to_one,G4_G3_OVERLAP_INTERPRETATION_V1,,
411,VTM_AMYGDALA_LEFT.nii.gz,JULICH_BRAIN_CYTOARCHITECTONIC_ATLAS_V3_1_VTM_AMYGDALA,VTM (Amygdala) left,left,ONE_TO_ONE_CANONICAL,1,JULICH_BRAIN_CYTOARCHITECTONIC_ATLAS_V3_1_VTM_AMYGDALA_LEFT,NGIQ-BR-00000017,Hipp_L_2_1,90.41299748,0.47957675,0.01846057,0.27244726,0.05390867,NGIQ-BR-00000215,0.30542592,NGIQ-BR-00000217,0.17415083,1.5702,3.4196,NGIQ-BR-00000017,Hipp_L_2_1,0.827706,NGIQ-BR-00000217,0.06151195,NGIQ-BR-00000215,0.04504645,0.76619404,13.456,0.95014071,0.04985929,1.6673,TRUE,SINGLE_TARGET_CONCENTRATED,one_to_one,G4_G3_OVERLAP_INTERPRETATION_V1,,
412,VTM_AMYGDALA_RIGHT.nii.gz,JULICH_BRAIN_CYTOARCHITECTONIC_ATLAS_V3_1_VTM_AMYGDALA,VTM (Amygdala) right,right,ONE_TO_ONE_CANONICAL,1,JULICH_BRAIN_CYTOARCHITECTONIC_ATLAS_V3_1_VTM_AMYGDALA_RIGHT,NGIQ-BR-00000018,Hipp_R_2_1,190.36134515,0.61868056,0.03596882,0.3438166,0.10303457,NGIQ-BR-00000216,0.30217738,NGIQ-BR-00000218,0.31650319,2.0474,2.9945,NGIQ-BR-00000018,Hipp_R_2_1,0.64652805,NGIQ-BR-00000216,0.19260343,NGIQ-BR-00000218,0.13022415,0.45392462,3.3568,0.98744702,0.01255298,2.5631,TRUE,DIFFUSE_ASSOCIATION,one_to_one,G4_G3_OVERLAP_INTERPRETATION_V1,,
413,ZI_THALAMUS_ZONA_INCERTA_LEFT.nii.gz,JULICH_BRAIN_CYTOARCHITECTONIC_ATLAS_V3_1_ZI_THALAMUS_ZONA_INCERTA,"ZI (Thalamus, zona incerta) left",left,ONE_TO_ONE_CANONICAL,1,JULICH_BRAIN_CYTOARCHITECTONIC_ATLAS_V3_1_ZI_THALAMUS_ZONA_INCERTA_LEFT,NGIQ-BR-00000245,Tha_L_8_8,129.0330011,0.19268116,0.06106731,0.25883514,0.20825121,NGIQ-BR-00000233,0.09825489,NGIQ-BR-00000235,0.09442627,1.961,4.2985,NGIQ-BR-00000245,Tha_L_8_8,0.32163571,NGIQ-BR-00000233,0.05191719,NGIQ-BR-00000235,0.0257074,0.26971852,6.1952,0.40785025,0.59214975,2.0601,TRUE,DIFFUSE_ASSOCIATION,one_to_one,G4_G3_OVERLAP_INTERPRETATION_V1,,
414,ZI_THALAMUS_ZONA_INCERTA_RIGHT.nii.gz,JULICH_BRAIN_CYTOARCHITECTONIC_ATLAS_V3_1_ZI_THALAMUS_ZONA_INCERTA,"ZI (Thalamus, zona incerta) right",right,ONE_TO_ONE_CANONICAL,1,JULICH_BRAIN_CYTOARCHITECTONIC_ATLAS_V3_1_ZI_THALAMUS_ZONA_INCERTA_RIGHT,NGIQ-BR-00000234,Tha_R_8_2,17.45386065,0.07338213,0.00966865,0.05549414,0.0341586,NGIQ-BR-00000236,0.01089315,NGIQ-BR-00000232,0.06248898,6.7365,2.3538,NGIQ-BR-00000234,Tha_R_8_2,0.06193815,NGIQ-BR-00000232,5.3e-07,,,0.06193762,117709.8295,0.06193867,0.93806133,1.0001,TRUE,LOW_BNA_COVERAGE,BNA_COVERAGE_GAP_CANDIDATE|one_to_one,G4_G3_OVERLAP_INTERPRETATION_V1,,
