spatial_asset_file,spatial_component_id,spatial_region_name,hemisphere,sha256,file_size,representation_type,reference_space,covered_canonical_julich_ids,covered_canonical_count,alignment_method,alignment_status
AREA_45_IFG_LEFT.nii.gz,JULICH_BRAIN_CYTOARCHITECTONIC_ATLAS_V3_1_AREA_45_IFG,Area 45 (IFG) left,left,5524f696f6b1dc847ecfdfd673a809ac12726d72cc542a82d9f150df1d7de884,300227,probabilistic/statistical,MNI 152 ICBM 2009c Nonlinear Asymmetric,JULICH_BRAIN_CYTOARCHITECTONIC_ATLAS_V3_1_AREA_45_IFG_LEFT,1,DETERMINISTIC_SIIBRA_REGION_HIERARCHY,ALIGNED_TO_CANONICAL_LEAVES
AREA_44_IFG_LEFT.nii.gz,JULICH_BRAIN_CYTOARCHITECTONIC_ATLAS_V3_1_AREA_44_IFG,Area 44 (IFG) left,left,167c0d3f9096e76c16f163b132ac68077cd844da845533e9fdf49a2657c93911,349646,probabilistic/statistical,MNI 152 ICBM 2009c Nonlinear Asymmetric,JULICH_BRAIN_CYTOARCHITECTONIC_ATLAS_V3_1_AREA_44_IFG_LEFT,1,DETERMINISTIC_SIIBRA_REGION_HIERARCHY,ALIGNED_TO_CANONICAL_LEAVES
AREA_FO1_OFC_LEFT.nii.gz,JULICH_BRAIN_CYTOARCHITECTONIC_ATLAS_V3_1_AREA_FO1_OFC,Area Fo1 (OFC) left,left,8112ec75b899b637a682a23d334a3e230ea3985fb1fa65ebe3a8b55511d98407,203263,probabilistic/statistical,MNI 152 ICBM 2009c Nonlinear Asymmetric,JULICH_BRAIN_CYTOARCHITECTONIC_ATLAS_V3_1_AREA_FO1_OFC_LEFT,1,DETERMINISTIC_SIIBRA_REGION_HIERARCHY,ALIGNED_TO_CANONICAL_LEAVES
AREA_FO2_OFC_LEFT.nii.gz,JULICH_BRAIN_CYTOARCHITECTONIC_ATLAS_V3_1_AREA_FO2_OFC,Area Fo2 (OFC) left,left,cbb122b634eeae5858c8f6224ec12835e74f360f62f2c3aa8616875d20562dc7,203174,probabilistic/statistical,MNI 152 ICBM 2009c Nonlinear Asymmetric,JULICH_BRAIN_CYTOARCHITECTONIC_ATLAS_V3_1_AREA_FO2_OFC_LEFT,1,DETERMINISTIC_SIIBRA_REGION_HIERARCHY,ALIGNED_TO_CANONICAL_LEAVES
AREA_FO3_OFC_LEFT.nii.gz,JULICH_BRAIN_CYTOARCHITECTONIC_ATLAS_V3_1_AREA_FO3_OFC,Area Fo3 (OFC) left,left,4ce6a36042574f029d4ff14dd2a6ec08d46f4d3085ee631c3af5896e7a3dc799,260743,probabilistic/statistical,MNI 152 ICBM 2009c Nonlinear Asymmetric,JULICH_BRAIN_CYTOARCHITECTONIC_ATLAS_V3_1_AREA_FO3_OFC_LEFT,1,DETERMINISTIC_SIIBRA_REGION_HIERARCHY,ALIGNED_TO_CANONICAL_LEAVES
AREA_HOC5_LOC_LEFT.nii.gz,JULICH_BRAIN_CYTOARCHITECTONIC_ATLAS_V3_1_AREA_HOC5_LOC,Area hOc5 (LOC) left,left,84d572ac2671e03e901a7bd3203964add5137f6c7c174710c4ef2cba31c56e5e,199017,probabilistic/statistical,MNI 152 ICBM 2009c Nonlinear Asymmetric,JULICH_BRAIN_CYTOARCHITECTONIC_ATLAS_V3_1_AREA_HOC5_LOC_LEFT,1,DETERMINISTIC_SIIBRA_REGION_HIERARCHY,ALIGNED_TO_CANONICAL_LEAVES
AREA_HOC2_V2_18_LEFT.nii.gz,JULICH_BRAIN_CYTOARCHITECTONIC_ATLAS_V3_1_AREA_HOC2_V2_18,"Area hOc2 (V2, 18) left",left,146ddc79e99d7192bc4a4868d16a0b8356276d10163358a7eeed29ea49bf1b95,424495,probabilistic/statistical,MNI 152 ICBM 2009c Nonlinear Asymmetric,JULICH_BRAIN_CYTOARCHITECTONIC_ATLAS_V3_1_AREA_HOC2_V2_18_LEFT,1,DETERMINISTIC_SIIBRA_REGION_HIERARCHY,ALIGNED_TO_CANONICAL_LEAVES
AREA_HOC1_V1_17_CALCS_LEFT.nii.gz,JULICH_BRAIN_CYTOARCHITECTONIC_ATLAS_V3_1_AREA_HOC1_V1_17_CALCS,"Area hOc1 (V1, 17, CalcS) left",left,14ae3fe387986ce43829b695fdbbf49ab8ea687f8227bae5381067f8373d506a,362954,probabilistic/statistical,MNI 152 ICBM 2009c Nonlinear Asymmetric,JULICH_BRAIN_CYTOARCHITECTONIC_ATLAS_V3_1_AREA_HOC1_V1_17_CALCS_LEFT,1,DETERMINISTIC_SIIBRA_REGION_HIERARCHY,ALIGNED_TO_CANONICAL_LEAVES
AREA_HOC4V_LINGG_LEFT.nii.gz,JULICH_BRAIN_CYTOARCHITECTONIC_ATLAS_V3_1_AREA_HOC4V_LINGG,Area hOc4v (LingG) left,left,2a6d56ca05473beeca494832e16f8473c4bfaf4efa8fd825da9fd1c65fe4a660,265704,probabilistic/statistical,MNI 152 ICBM 2009c Nonlinear Asymmetric,JULICH_BRAIN_CYTOARCHITECTONIC_ATLAS_V3_1_AREA_HOC4V_LINGG_LEFT,1,DETERMINISTIC_SIIBRA_REGION_HIERARCHY,ALIGNED_TO_CANONICAL_LEAVES
AREA_HOC3V_LINGG_LEFT.nii.gz,JULICH_BRAIN_CYTOARCHITECTONIC_ATLAS_V3_1_AREA_HOC3V_LINGG,Area hOc3v (LingG) left,left,3afd5d58c8f0fdb5337c4efeb149ae6b75ce3ccbf6f49bcb4dc83fa6905050c9,295745,probabilistic/statistical,MNI 152 ICBM 2009c Nonlinear Asymmetric,JULICH_BRAIN_CYTOARCHITECTONIC_ATLAS_V3_1_AREA_HOC3V_LINGG_LEFT,1,DETERMINISTIC_SIIBRA_REGION_HIERARCHY,ALIGNED_TO_CANONICAL_LEAVES
ASTR_AMYGDALA_LEFT.nii.gz,JULICH_BRAIN_CYTOARCHITECTONIC_ATLAS_V3_1_ASTR_AMYGDALA,Astr (Amygdala) left,left,3c4902fd13e1af5ce3c91ce66f5d84a0ba9ef5c5b578a56406ad02cdae59208c,167527,probabilistic/statistical,MNI 152 ICBM 2009c Nonlinear Asymmetric,JULICH_BRAIN_CYTOARCHITECTONIC_ATLAS_V3_1_ASTR_AMYGDALA_LEFT,1,DETERMINISTIC_SIIBRA_REGION_HIERARCHY,ALIGNED_TO_CANONICAL_LEAVES
AREA_TE_1_0_HESCHL_LEFT.nii.gz,JULICH_BRAIN_CYTOARCHITECTONIC_ATLAS_V3_1_AREA_TE_1_0_HESCHL,Area Te 1.0 (HESCHL) left,left,b0d5ba5428fe55b08ce520b425ba41aaf4ea69fa2c1ef2022c8705f6f915e8ff,210290,probabilistic/statistical,MNI 152 ICBM 2009c Nonlinear Asymmetric,JULICH_BRAIN_CYTOARCHITECTONIC_ATLAS_V3_1_AREA_TE_1_0_HESCHL_LEFT,1,DETERMINISTIC_SIIBRA_REGION_HIERARCHY,ALIGNED_TO_CANONICAL_LEAVES
AREA_TE_2_1_STG_LEFT.nii.gz,JULICH_BRAIN_CYTOARCHITECTONIC_ATLAS_V3_1_AREA_TE_2_1_STG,Area Te 2.1 (STG) left,left,e0a38addc13f43594d055e5a458348db8527b976d6f2333245a291f774bc4337,231086,probabilistic/statistical,MNI 152 ICBM 2009c Nonlinear Asymmetric,JULICH_BRAIN_CYTOARCHITECTONIC_ATLAS_V3_1_AREA_TE_2_1_STG_LEFT,1,DETERMINISTIC_SIIBRA_REGION_HIERARCHY,ALIGNED_TO_CANONICAL_LEAVES
AREA_TPJ_STG_SMG_LEFT.nii.gz,JULICH_BRAIN_CYTOARCHITECTONIC_ATLAS_V3_1_AREA_TPJ_STG_SMG,"Area TPJ (STG, SMG) left",left,0667fb16a8d327c4cf3a21ea03e60b07adfe0b5c78e21620cf0ae9bc989849b3,254923,probabilistic/statistical,MNI 152 ICBM 2009c Nonlinear Asymmetric,JULICH_BRAIN_CYTOARCHITECTONIC_ATLAS_V3_1_AREA_TPJ_STG_SMG_LEFT,1,DETERMINISTIC_SIIBRA_REGION_HIERARCHY,ALIGNED_TO_CANONICAL_LEAVES
AREA_TE_1_2_HESCHL_LEFT.nii.gz,JULICH_BRAIN_CYTOARCHITECTONIC_ATLAS_V3_1_AREA_TE_1_2_HESCHL,Area Te 1.2 (HESCHL) left,left,70f3505580bd0dad26986b1688ea7b3d6da4aba730be7b4badf979aa85bf42bf,200281,probabilistic/statistical,MNI 152 ICBM 2009c Nonlinear Asymmetric,JULICH_BRAIN_CYTOARCHITECTONIC_ATLAS_V3_1_AREA_TE_1_2_HESCHL_LEFT,1,DETERMINISTIC_SIIBRA_REGION_HIERARCHY,ALIGNED_TO_CANONICAL_LEAVES
AREA_TE_3_STG_LEFT.nii.gz,JULICH_BRAIN_CYTOARCHITECTONIC_ATLAS_V3_1_AREA_TE_3_STG,Area Te 3 (STG) left,left,ac300410714c63a2b2f18216d545384e587bbc167d9e6e505ab753cbe0c42f44,273581,probabilistic/statistical,MNI 152 ICBM 2009c Nonlinear Asymmetric,JULICH_BRAIN_CYTOARCHITECTONIC_ATLAS_V3_1_AREA_TE_3_STG_LEFT,1,DETERMINISTIC_SIIBRA_REGION_HIERARCHY,ALIGNED_TO_CANONICAL_LEAVES
AREA_TE_1_1_HESCHL_LEFT.nii.gz,JULICH_BRAIN_CYTOARCHITECTONIC_ATLAS_V3_1_AREA_TE_1_1_HESCHL,Area Te 1.1 (HESCHL) left,left,7928e5da35c3c912a4196cbeac6daec7bfeb37d9540026e40fbd31c6f6889697,203639,probabilistic/statistical,MNI 152 ICBM 2009c Nonlinear Asymmetric,JULICH_BRAIN_CYTOARCHITECTONIC_ATLAS_V3_1_AREA_TE_1_1_HESCHL_LEFT,1,DETERMINISTIC_SIIBRA_REGION_HIERARCHY,ALIGNED_TO_CANONICAL_LEAVES
AREA_TE_2_2_STG_LEFT.nii.gz,JULICH_BRAIN_CYTOARCHITECTONIC_ATLAS_V3_1_AREA_TE_2_2_STG,Area Te 2.2 (STG) left,left,2f292d3cf4331502d6fb5843091536d707aee5745166370abce7281c70dc5d58,255220,probabilistic/statistical,MNI 152 ICBM 2009c Nonlinear Asymmetric,JULICH_BRAIN_CYTOARCHITECTONIC_ATLAS_V3_1_AREA_TE_2_2_STG_LEFT,1,DETERMINISTIC_SIIBRA_REGION_HIERARCHY,ALIGNED_TO_CANONICAL_LEAVES
AREA_33_ACC_LEFT.nii.gz,JULICH_BRAIN_CYTOARCHITECTONIC_ATLAS_V3_1_AREA_33_ACC,Area 33 (ACC) left,left,3bc70bf675af6452580c67c8f8ac50a53dae15be17339b420d104c76bb591650,247144,probabilistic/statistical,MNI 152 ICBM 2009c Nonlinear Asymmetric,JULICH_BRAIN_CYTOARCHITECTONIC_ATLAS_V3_1_AREA_33_ACC_LEFT,1,DETERMINISTIC_SIIBRA_REGION_HIERARCHY,ALIGNED_TO_CANONICAL_LEAVES
AREA_S32_SACC_LEFT.nii.gz,JULICH_BRAIN_CYTOARCHITECTONIC_ATLAS_V3_1_AREA_S32_SACC,Area s32 (sACC) left,left,bfc6c1d5d8dc784438f456e857997a07be8da517ced4a33ec0549762a55926f6,209498,probabilistic/statistical,MNI 152 ICBM 2009c Nonlinear Asymmetric,JULICH_BRAIN_CYTOARCHITECTONIC_ATLAS_V3_1_AREA_S32_SACC_LEFT,1,DETERMINISTIC_SIIBRA_REGION_HIERARCHY,ALIGNED_TO_CANONICAL_LEAVES
AREA_P32_PACC_LEFT.nii.gz,JULICH_BRAIN_CYTOARCHITECTONIC_ATLAS_V3_1_AREA_P32_PACC,Area p32 (pACC) left,left,5d5dacd1858c70e319b6fffc099d944c5f29bca8f5993e4021433d8e6bd8ec14,293579,probabilistic/statistical,MNI 152 ICBM 2009c Nonlinear Asymmetric,JULICH_BRAIN_CYTOARCHITECTONIC_ATLAS_V3_1_AREA_P32_PACC_LEFT,1,DETERMINISTIC_SIIBRA_REGION_HIERARCHY,ALIGNED_TO_CANONICAL_LEAVES
AREA_ID2_INSULA_LEFT.nii.gz,JULICH_BRAIN_CYTOARCHITECTONIC_ATLAS_V3_1_AREA_ID2_INSULA,Area Id2 (Insula) left,left,f48856e698778d9371ce725b3853fd5a795901a9d9a3024769a25e9a7bce88b1,181987,probabilistic/statistical,MNI 152 ICBM 2009c Nonlinear Asymmetric,JULICH_BRAIN_CYTOARCHITECTONIC_ATLAS_V3_1_AREA_ID2_INSULA_LEFT,1,DETERMINISTIC_SIIBRA_REGION_HIERARCHY,ALIGNED_TO_CANONICAL_LEAVES
AREA_ID3_INSULA_LEFT.nii.gz,JULICH_BRAIN_CYTOARCHITECTONIC_ATLAS_V3_1_AREA_ID3_INSULA,Area Id3 (Insula) left,left,c6db7cf31200e282a61da450a60ed2000bc07cb0d39a146656e8df1378cd7193,189372,probabilistic/statistical,MNI 152 ICBM 2009c Nonlinear Asymmetric,JULICH_BRAIN_CYTOARCHITECTONIC_ATLAS_V3_1_AREA_ID3_INSULA_LEFT,1,DETERMINISTIC_SIIBRA_REGION_HIERARCHY,ALIGNED_TO_CANONICAL_LEAVES
CA2_HIPPOCAMPUS_LEFT.nii.gz,JULICH_BRAIN_CYTOARCHITECTONIC_ATLAS_V3_1_CA2_HIPPOCAMPUS,CA2 (Hippocampus) left,left,e6adb13ba1149f70fd20a920e7d93c241c52146e4c214f9785b76a98f685f11f,223430,probabilistic/statistical,MNI 152 ICBM 2009c Nonlinear Asymmetric,JULICH_BRAIN_CYTOARCHITECTONIC_ATLAS_V3_1_CA2_HIPPOCAMPUS_LEFT,1,DETERMINISTIC_SIIBRA_REGION_HIERARCHY,ALIGNED_TO_CANONICAL_LEAVES
CA3_HIPPOCAMPUS_LEFT.nii.gz,JULICH_BRAIN_CYTOARCHITECTONIC_ATLAS_V3_1_CA3_HIPPOCAMPUS,CA3 (Hippocampus) left,left,1f77573871790d92dd9c1c2a171d60ce45ae0d7383766f7ff177ebb6f0b031d1,223968,probabilistic/statistical,MNI 152 ICBM 2009c Nonlinear Asymmetric,JULICH_BRAIN_CYTOARCHITECTONIC_ATLAS_V3_1_CA3_HIPPOCAMPUS_LEFT,1,DETERMINISTIC_SIIBRA_REGION_HIERARCHY,ALIGNED_TO_CANONICAL_LEAVES
AREA_EC_HIPPOCAMPAL_REGION_ENTORHINAL_CORTEX_LEFT.nii.gz,JULICH_BRAIN_CYTOARCHITECTONIC_ATLAS_V3_1_AREA_EC_HIPPOCAMPAL_REGION_ENTORHINAL_CORTEX,"Area EC (Hippocampal Region, Entorhinal Cortex) left",left,b09a30d0c0061b16655e7bb9db618d47a031c0487ce8fbde28c88acd3611fea6,232664,probabilistic/statistical,MNI 152 ICBM 2009c Nonlinear Asymmetric,JULICH_BRAIN_CYTOARCHITECTONIC_ATLAS_V3_1_AREA_EC_HIPPOCAMPAL_REGION_ENTORHINAL_CORTEX_LEFT,1,DETERMINISTIC_SIIBRA_REGION_HIERARCHY,ALIGNED_TO_CANONICAL_LEAVES
DG_HIPPOCAMPUS_LEFT.nii.gz,JULICH_BRAIN_CYTOARCHITECTONIC_ATLAS_V3_1_DG_HIPPOCAMPUS,DG (Hippocampus) left,left,d8e6c8872edae522493e0affff0f5c1c88f42d7718647652557fc97496f51205,238709,probabilistic/statistical,MNI 152 ICBM 2009c Nonlinear Asymmetric,JULICH_BRAIN_CYTOARCHITECTONIC_ATLAS_V3_1_DG_HIPPOCAMPUS_LEFT,1,DETERMINISTIC_SIIBRA_REGION_HIERARCHY,ALIGNED_TO_CANONICAL_LEAVES
CA1_HIPPOCAMPUS_LEFT.nii.gz,JULICH_BRAIN_CYTOARCHITECTONIC_ATLAS_V3_1_CA1_HIPPOCAMPUS,CA1 (Hippocampus) left,left,b717646aa43f13eb475a685d38585297c47a6a0ef2d52481951477774528a14b,274823,probabilistic/statistical,MNI 152 ICBM 2009c Nonlinear Asymmetric,JULICH_BRAIN_CYTOARCHITECTONIC_ATLAS_V3_1_CA1_HIPPOCAMPUS_LEFT,1,DETERMINISTIC_SIIBRA_REGION_HIERARCHY,ALIGNED_TO_CANONICAL_LEAVES
HATA_HIPPOCAMPUS_LEFT.nii.gz,JULICH_BRAIN_CYTOARCHITECTONIC_ATLAS_V3_1_HATA_HIPPOCAMPUS,HATA (Hippocampus) left,left,4759e492c09798afb5c25270a5ee3f1b70dccb7f842ef30c9d75eb0253e02193,167568,probabilistic/statistical,MNI 152 ICBM 2009c Nonlinear Asymmetric,JULICH_BRAIN_CYTOARCHITECTONIC_ATLAS_V3_1_HATA_HIPPOCAMPUS_LEFT,1,DETERMINISTIC_SIIBRA_REGION_HIERARCHY,ALIGNED_TO_CANONICAL_LEAVES
AREA_OP4_POPERC_LEFT.nii.gz,JULICH_BRAIN_CYTOARCHITECTONIC_ATLAS_V3_1_AREA_OP4_POPERC,Area Op4 (POperc) left,left,e8087a6cfc43c2119e8f3183ca07c892bc79eb08ca9aa88ee9b244ebd8a33c23,173175,probabilistic/statistical,MNI 152 ICBM 2009c Nonlinear Asymmetric,JULICH_BRAIN_CYTOARCHITECTONIC_ATLAS_V3_1_AREA_OP4_POPERC_LEFT,1,DETERMINISTIC_SIIBRA_REGION_HIERARCHY,ALIGNED_TO_CANONICAL_LEAVES
AREA_OP1_POPERC_LEFT.nii.gz,JULICH_BRAIN_CYTOARCHITECTONIC_ATLAS_V3_1_AREA_OP1_POPERC,Area Op1 (POperc) left,left,30b4bed0af3a6c0bfdebd0fb94a48bfb9256d92a9ba7fe4e1ab831953594002d,180711,probabilistic/statistical,MNI 152 ICBM 2009c Nonlinear Asymmetric,JULICH_BRAIN_CYTOARCHITECTONIC_ATLAS_V3_1_AREA_OP1_POPERC_LEFT,1,DETERMINISTIC_SIIBRA_REGION_HIERARCHY,ALIGNED_TO_CANONICAL_LEAVES
AREA_OP2_POPERC_LEFT.nii.gz,JULICH_BRAIN_CYTOARCHITECTONIC_ATLAS_V3_1_AREA_OP2_POPERC,Area Op2 (POperc) left,left,a9836856d40509b2438ef3e7e2b314eb7690353d5825a1189a69a45b29108ab6,186394,probabilistic/statistical,MNI 152 ICBM 2009c Nonlinear Asymmetric,JULICH_BRAIN_CYTOARCHITECTONIC_ATLAS_V3_1_AREA_OP2_POPERC_LEFT,1,DETERMINISTIC_SIIBRA_REGION_HIERARCHY,ALIGNED_TO_CANONICAL_LEAVES
AREA_OP3_POPERC_LEFT.nii.gz,JULICH_BRAIN_CYTOARCHITECTONIC_ATLAS_V3_1_AREA_OP3_POPERC,Area Op3 (POperc) left,left,ffb0092f9396a544f5d695f73cb2e342b73f0f2e0228db14fe4727a95bcd5817,162878,probabilistic/statistical,MNI 152 ICBM 2009c Nonlinear Asymmetric,JULICH_BRAIN_CYTOARCHITECTONIC_ATLAS_V3_1_AREA_OP3_POPERC_LEFT,1,DETERMINISTIC_SIIBRA_REGION_HIERARCHY,ALIGNED_TO_CANONICAL_LEAVES
VAMC_THALAMUS_VENTRAL_ANTERIOR_NUCLEUS_MAGNOCELLULAR_PART_LEFT.nii.gz,JULICH_BRAIN_CYTOARCHITECTONIC_ATLAS_V3_1_VAMC_THALAMUS_VENTRAL_ANTERIOR_NUCLEUS_MAGNOCELLULAR_PART,"VAmc (Thalamus, ventral anterior Nucleus, magnocellular part) left",left,f9a1375ab09c7a5823800a5ca5a2ca3c2026a73133a359f8e8f54af270ce2ed3,188908,probabilistic/statistical,MNI 152 ICBM 2009c Nonlinear Asymmetric,JULICH_BRAIN_CYTOARCHITECTONIC_ATLAS_V3_1_VAMC_THALAMUS_VENTRAL_ANTERIOR_NUCLEUS_MAGNOCELLULAR_PART_LEFT,1,DETERMINISTIC_SIIBRA_REGION_HIERARCHY,ALIGNED_TO_CANONICAL_LEAVES
VA_THALAMUS_VENTRAL_ANTERIOR_NUCLEUS_VENTRAL_LEFT.nii.gz,JULICH_BRAIN_CYTOARCHITECTONIC_ATLAS_V3_1_VA_THALAMUS_VENTRAL_ANTERIOR_NUCLEUS_VENTRAL,"VA (Thalamus, ventral anterior Nucleus (ventral)) left",left,932193919ebaee8fb09e2d7915343d31f777552b87ee6b340212dec2d5f8f623,196589,probabilistic/statistical,MNI 152 ICBM 2009c Nonlinear Asymmetric,JULICH_BRAIN_CYTOARCHITECTONIC_ATLAS_V3_1_VA_THALAMUS_VENTRAL_ANTERIOR_NUCLEUS_VENTRAL_LEFT,1,DETERMINISTIC_SIIBRA_REGION_HIERARCHY,ALIGNED_TO_CANONICAL_LEAVES
PF_THALAMUS_PARAFASCICULAR_NUCLEUS_LEFT.nii.gz,JULICH_BRAIN_CYTOARCHITECTONIC_ATLAS_V3_1_PF_THALAMUS_PARAFASCICULAR_NUCLEUS,"Pf (Thalamus, parafascicular Nucleus) left",left,c77616e765d125f840f7c10b5e480b2a6721660397fce0f11ef1f3d4c17b9a92,169363,probabilistic/statistical,MNI 152 ICBM 2009c Nonlinear Asymmetric,JULICH_BRAIN_CYTOARCHITECTONIC_ATLAS_V3_1_PF_THALAMUS_PARAFASCICULAR_NUCLEUS_LEFT,1,DETERMINISTIC_SIIBRA_REGION_HIERARCHY,ALIGNED_TO_CANONICAL_LEAVES
LP_THALAMUS_LATERAL_POSTERIOR_NUCLEUS_LEFT.nii.gz,JULICH_BRAIN_CYTOARCHITECTONIC_ATLAS_V3_1_LP_THALAMUS_LATERAL_POSTERIOR_NUCLEUS,"LP (Thalamus, lateral posterior Nucleus) left",left,593272d4537e49376b24ecf5ac6399590020674a9ac291c8b95e54d7f9c37570,175461,probabilistic/statistical,MNI 152 ICBM 2009c Nonlinear Asymmetric,JULICH_BRAIN_CYTOARCHITECTONIC_ATLAS_V3_1_LP_THALAMUS_LATERAL_POSTERIOR_NUCLEUS_LEFT,1,DETERMINISTIC_SIIBRA_REGION_HIERARCHY,ALIGNED_TO_CANONICAL_LEAVES
LI_THALAMUS_LIMITANS_NUCLEUS_LEFT.nii.gz,JULICH_BRAIN_CYTOARCHITECTONIC_ATLAS_V3_1_LI_THALAMUS_LIMITANS_NUCLEUS,"Li (Thalamus, limitans Nucleus) left",left,214a656e09051de669982405245143f2512c0ec676b86c2ab95ad64f1ddcd17e,154048,probabilistic/statistical,MNI 152 ICBM 2009c Nonlinear Asymmetric,JULICH_BRAIN_CYTOARCHITECTONIC_ATLAS_V3_1_LI_THALAMUS_LIMITANS_NUCLEUS_LEFT,1,DETERMINISTIC_SIIBRA_REGION_HIERARCHY,ALIGNED_TO_CANONICAL_LEAVES
PV_THALAMUS_PARAVENTRICULAR_NUCLEUS_LEFT.nii.gz,JULICH_BRAIN_CYTOARCHITECTONIC_ATLAS_V3_1_PV_THALAMUS_PARAVENTRICULAR_NUCLEUS,"Pv (Thalamus, paraventricular Nucleus) left",left,eb1ea43dd6279b37001ab20bb2293c280db6843c2ad1729220c9d3eeb83426db,167053,probabilistic/statistical,MNI 152 ICBM 2009c Nonlinear Asymmetric,JULICH_BRAIN_CYTOARCHITECTONIC_ATLAS_V3_1_PV_THALAMUS_PARAVENTRICULAR_NUCLEUS_LEFT,1,DETERMINISTIC_SIIBRA_REGION_HIERARCHY,ALIGNED_TO_CANONICAL_LEAVES
SG_THALAMUS_SUPRAGENICULATE_NUCLEUS_LEFT.nii.gz,JULICH_BRAIN_CYTOARCHITECTONIC_ATLAS_V3_1_SG_THALAMUS_SUPRAGENICULATE_NUCLEUS,"Sg (Thalamus, suprageniculate Nucleus) left",left,6b9d24d263a1cc8322697e92a61997dc8ec2f6b372f526251b63ff8547525218,164105,probabilistic/statistical,MNI 152 ICBM 2009c Nonlinear Asymmetric,JULICH_BRAIN_CYTOARCHITECTONIC_ATLAS_V3_1_SG_THALAMUS_SUPRAGENICULATE_NUCLEUS_LEFT,1,DETERMINISTIC_SIIBRA_REGION_HIERARCHY,ALIGNED_TO_CANONICAL_LEAVES
PO_THALAMUS_POSTERIOR_NUCLEUS_LEFT.nii.gz,JULICH_BRAIN_CYTOARCHITECTONIC_ATLAS_V3_1_PO_THALAMUS_POSTERIOR_NUCLEUS,"Po (Thalamus, posterior Nucleus) left",left,f2d1109311f33ce8f703ef64510d37bd51f02c10970d72421194cf057031ca59,167596,probabilistic/statistical,MNI 152 ICBM 2009c Nonlinear Asymmetric,JULICH_BRAIN_CYTOARCHITECTONIC_ATLAS_V3_1_PO_THALAMUS_POSTERIOR_NUCLEUS_LEFT,1,DETERMINISTIC_SIIBRA_REGION_HIERARCHY,ALIGNED_TO_CANONICAL_LEAVES
SPF_THALAMUS_SUBPARAFASCICULAR_NUCLEUS_LEFT.nii.gz,JULICH_BRAIN_CYTOARCHITECTONIC_ATLAS_V3_1_SPF_THALAMUS_SUBPARAFASCICULAR_NUCLEUS,"sPf (Thalamus, subparafascicular Nucleus) left",left,6f64b25e5fe12d0bcda3d40fa40428bcbed38f6dba0bc4e044a0ecc9fce49f37,166593,probabilistic/statistical,MNI 152 ICBM 2009c Nonlinear Asymmetric,JULICH_BRAIN_CYTOARCHITECTONIC_ATLAS_V3_1_SPF_THALAMUS_SUBPARAFASCICULAR_NUCLEUS_LEFT,1,DETERMINISTIC_SIIBRA_REGION_HIERARCHY,ALIGNED_TO_CANONICAL_LEAVES
RT_THALAMUS_RETICULAR_NUCLEUS_LEFT.nii.gz,JULICH_BRAIN_CYTOARCHITECTONIC_ATLAS_V3_1_RT_THALAMUS_RETICULAR_NUCLEUS,"Rt (Thalamus, reticular Nucleus) left",left,746aaeb4cbd625324249dc9b0c7d31407a9975f1bcbb20e37b5b85de7ee6a839,186114,probabilistic/statistical,MNI 152 ICBM 2009c Nonlinear Asymmetric,JULICH_BRAIN_CYTOARCHITECTONIC_ATLAS_V3_1_RT_THALAMUS_RETICULAR_NUCLEUS_LEFT,1,DETERMINISTIC_SIIBRA_REGION_HIERARCHY,ALIGNED_TO_CANONICAL_LEAVES
CL_THALAMUS_ANTERIOR_INTRALAMINAR_NUCLEI_LEFT.nii.gz,JULICH_BRAIN_CYTOARCHITECTONIC_ATLAS_V3_1_CL_THALAMUS_ANTERIOR_INTRALAMINAR_NUCLEI,"CL (Thalamus, anterior intralaminar nuclei) left",left,53c6368a238bf4c33097ecbd3e966b6d9aa6ab9515e29456bac11d1408897916,204129,probabilistic/statistical,MNI 152 ICBM 2009c Nonlinear Asymmetric,JULICH_BRAIN_CYTOARCHITECTONIC_ATLAS_V3_1_CL_THALAMUS_ANTERIOR_INTRALAMINAR_NUCLEI_LEFT,1,DETERMINISTIC_SIIBRA_REGION_HIERARCHY,ALIGNED_TO_CANONICAL_LEAVES
PUI_THALAMUS_INFERIOR_PULVINAR_LEFT.nii.gz,JULICH_BRAIN_CYTOARCHITECTONIC_ATLAS_V3_1_PUI_THALAMUS_INFERIOR_PULVINAR,"PUi (Thalamus, inferior pulvinar) left",left,2f5634f596aca615863da13983d861e2b5be976e8e443d82897ba34edba73cb2,167305,probabilistic/statistical,MNI 152 ICBM 2009c Nonlinear Asymmetric,JULICH_BRAIN_CYTOARCHITECTONIC_ATLAS_V3_1_PUI_THALAMUS_INFERIOR_PULVINAR_LEFT,1,DETERMINISTIC_SIIBRA_REGION_HIERARCHY,ALIGNED_TO_CANONICAL_LEAVES
CM_THALAMUS_CENTROMEDIAN_NUCLEUS_LEFT.nii.gz,JULICH_BRAIN_CYTOARCHITECTONIC_ATLAS_V3_1_CM_THALAMUS_CENTROMEDIAN_NUCLEUS,"CM (Thalamus, centromedian Nucleus) left",left,565f520197d607d2f339f6f8c870ded08b591e16b77094954e98f1561b54001d,170717,probabilistic/statistical,MNI 152 ICBM 2009c Nonlinear Asymmetric,JULICH_BRAIN_CYTOARCHITECTONIC_ATLAS_V3_1_CM_THALAMUS_CENTROMEDIAN_NUCLEUS_LEFT,1,DETERMINISTIC_SIIBRA_REGION_HIERARCHY,ALIGNED_TO_CANONICAL_LEAVES
VM_THALAMUS_VENTRAL_MEDIAL_NUCLEUS_LEFT.nii.gz,JULICH_BRAIN_CYTOARCHITECTONIC_ATLAS_V3_1_VM_THALAMUS_VENTRAL_MEDIAL_NUCLEUS,"VM (Thalamus, ventral medial Nucleus) left",left,67268067c3af4429e4283ef5f16f91c8191774c02e587b3a415dd2955248c415,167045,probabilistic/statistical,MNI 152 ICBM 2009c Nonlinear Asymmetric,JULICH_BRAIN_CYTOARCHITECTONIC_ATLAS_V3_1_VM_THALAMUS_VENTRAL_MEDIAL_NUCLEUS_LEFT,1,DETERMINISTIC_SIIBRA_REGION_HIERARCHY,ALIGNED_TO_CANONICAL_LEAVES
VPMPC_THALAMUS_VENTRAL_POSTERIOR_MEDIAL_NUCLEUS_PARVOCELLULAR_PART_LEFT.nii.gz,JULICH_BRAIN_CYTOARCHITECTONIC_ATLAS_V3_1_VPMPC_THALAMUS_VENTRAL_POSTERIOR_MEDIAL_NUCLEUS_PARVOCELLULAR_PART,"VPMpc (Thalamus, ventral posterior medial Nucleus, parvocellular part) left",left,60196f19af81839a9452ec9b0e1a05f0e90a4564eab559abbdbf4f14c13fabda,163054,probabilistic/statistical,MNI 152 ICBM 2009c Nonlinear Asymmetric,JULICH_BRAIN_CYTOARCHITECTONIC_ATLAS_V3_1_VPMPC_THALAMUS_VENTRAL_POSTERIOR_MEDIAL_NUCLEUS_PARVOCELLULAR_PART_LEFT,1,DETERMINISTIC_SIIBRA_REGION_HIERARCHY,ALIGNED_TO_CANONICAL_LEAVES
LD_THALAMUS_LATERAL_DORSAL_NUCLEUS_LEFT.nii.gz,JULICH_BRAIN_CYTOARCHITECTONIC_ATLAS_V3_1_LD_THALAMUS_LATERAL_DORSAL_NUCLEUS,"LD (Thalamus, lateral dorsal Nucleus) left",left,eeda050a37316b8e693cc0c6fccb49474cfebbb4b92bf6efa6f1e74c04ea1427,167906,probabilistic/statistical,MNI 152 ICBM 2009c Nonlinear Asymmetric,JULICH_BRAIN_CYTOARCHITECTONIC_ATLAS_V3_1_LD_THALAMUS_LATERAL_DORSAL_NUCLEUS_LEFT,1,DETERMINISTIC_SIIBRA_REGION_HIERARCHY,ALIGNED_TO_CANONICAL_LEAVES
AREA_FG2_FUSG_LEFT.nii.gz,JULICH_BRAIN_CYTOARCHITECTONIC_ATLAS_V3_1_AREA_FG2_FUSG,Area FG2 (FusG) left,left,d86b22f900752c97459b2065a5d9a55ea96a1b561e5edd31692c737f5dccfbf7,240651,probabilistic/statistical,MNI 152 ICBM 2009c Nonlinear Asymmetric,JULICH_BRAIN_CYTOARCHITECTONIC_ATLAS_V3_1_AREA_FG2_FUSG_LEFT,1,DETERMINISTIC_SIIBRA_REGION_HIERARCHY,ALIGNED_TO_CANONICAL_LEAVES
AREA_FG1_FUSG_LEFT.nii.gz,JULICH_BRAIN_CYTOARCHITECTONIC_ATLAS_V3_1_AREA_FG1_FUSG,Area FG1 (FusG) left,left,3a86721422788a8ee465f570b258c206fd47dbb1355789cb04009dd11c6d5bff,222915,probabilistic/statistical,MNI 152 ICBM 2009c Nonlinear Asymmetric,JULICH_BRAIN_CYTOARCHITECTONIC_ATLAS_V3_1_AREA_FG1_FUSG_LEFT,1,DETERMINISTIC_SIIBRA_REGION_HIERARCHY,ALIGNED_TO_CANONICAL_LEAVES
AREA_PGP_IPL_LEFT.nii.gz,JULICH_BRAIN_CYTOARCHITECTONIC_ATLAS_V3_1_AREA_PGP_IPL,Area PGp (IPL) left,left,8a6bfd39aeef9c6d2815260ccce163354b20ed6d3df7aef00ba112a99e4caef1,318348,probabilistic/statistical,MNI 152 ICBM 2009c Nonlinear Asymmetric,JULICH_BRAIN_CYTOARCHITECTONIC_ATLAS_V3_1_AREA_PGP_IPL_LEFT,1,DETERMINISTIC_SIIBRA_REGION_HIERARCHY,ALIGNED_TO_CANONICAL_LEAVES
AREA_PFT_IPL_LEFT.nii.gz,JULICH_BRAIN_CYTOARCHITECTONIC_ATLAS_V3_1_AREA_PFT_IPL,Area PFt (IPL) left,left,cc022cbb99eecd8b989f3053f52370856169842204249736533030e21a906935,264626,probabilistic/statistical,MNI 152 ICBM 2009c Nonlinear Asymmetric,JULICH_BRAIN_CYTOARCHITECTONIC_ATLAS_V3_1_AREA_PFT_IPL_LEFT,1,DETERMINISTIC_SIIBRA_REGION_HIERARCHY,ALIGNED_TO_CANONICAL_LEAVES
AREA_PGA_IPL_LEFT.nii.gz,JULICH_BRAIN_CYTOARCHITECTONIC_ATLAS_V3_1_AREA_PGA_IPL,Area PGa (IPL) left,left,eb750f54e010c05e07cd1e63929eae518d574998b53b68fb5f8d4401eec8fffb,334589,probabilistic/statistical,MNI 152 ICBM 2009c Nonlinear Asymmetric,JULICH_BRAIN_CYTOARCHITECTONIC_ATLAS_V3_1_AREA_PGA_IPL_LEFT,1,DETERMINISTIC_SIIBRA_REGION_HIERARCHY,ALIGNED_TO_CANONICAL_LEAVES
AREA_PFOP_IPL_LEFT.nii.gz,JULICH_BRAIN_CYTOARCHITECTONIC_ATLAS_V3_1_AREA_PFOP_IPL,Area PFop (IPL) left,left,ed155267d5065bbee7c4931b49ce97956a558845842e259d3be45037f7a4bffb,241342,probabilistic/statistical,MNI 152 ICBM 2009c Nonlinear Asymmetric,JULICH_BRAIN_CYTOARCHITECTONIC_ATLAS_V3_1_AREA_PFOP_IPL_LEFT,1,DETERMINISTIC_SIIBRA_REGION_HIERARCHY,ALIGNED_TO_CANONICAL_LEAVES
AREA_PFM_IPL_LEFT.nii.gz,JULICH_BRAIN_CYTOARCHITECTONIC_ATLAS_V3_1_AREA_PFM_IPL,Area PFm (IPL) left,left,385e274264c824a46b99487ef25b037e0b0f27abcad9a8745ccf414421fd6707,308422,probabilistic/statistical,MNI 152 ICBM 2009c Nonlinear Asymmetric,JULICH_BRAIN_CYTOARCHITECTONIC_ATLAS_V3_1_AREA_PFM_IPL_LEFT,1,DETERMINISTIC_SIIBRA_REGION_HIERARCHY,ALIGNED_TO_CANONICAL_LEAVES
AREA_PFCM_IPL_LEFT.nii.gz,JULICH_BRAIN_CYTOARCHITECTONIC_ATLAS_V3_1_AREA_PFCM_IPL,Area PFcm (IPL) left,left,beda9ecc075485ac20e24e0478b65ca81418ace2081ccaf85795a64b94dfdb18,252387,probabilistic/statistical,MNI 152 ICBM 2009c Nonlinear Asymmetric,JULICH_BRAIN_CYTOARCHITECTONIC_ATLAS_V3_1_AREA_PFCM_IPL_LEFT,1,DETERMINISTIC_SIIBRA_REGION_HIERARCHY,ALIGNED_TO_CANONICAL_LEAVES
AREA_IG2_INSULA_LEFT.nii.gz,JULICH_BRAIN_CYTOARCHITECTONIC_ATLAS_V3_1_AREA_IG2_INSULA,Area Ig2 (Insula) left,left,eda70c776b823d9577a60d91b9f5a9c47f3a844d218bdd028a31479de529d315,186913,probabilistic/statistical,MNI 152 ICBM 2009c Nonlinear Asymmetric,JULICH_BRAIN_CYTOARCHITECTONIC_ATLAS_V3_1_AREA_IG2_INSULA_LEFT,1,DETERMINISTIC_SIIBRA_REGION_HIERARCHY,ALIGNED_TO_CANONICAL_LEAVES
AREA_IG1_INSULA_LEFT.nii.gz,JULICH_BRAIN_CYTOARCHITECTONIC_ATLAS_V3_1_AREA_IG1_INSULA,Area Ig1 (Insula) left,left,ea8d7b27b4147da4d6b5b9b937456e921c2b5653a15f6fc348c83cda090bb7aa,182649,probabilistic/statistical,MNI 152 ICBM 2009c Nonlinear Asymmetric,JULICH_BRAIN_CYTOARCHITECTONIC_ATLAS_V3_1_AREA_IG1_INSULA_LEFT,1,DETERMINISTIC_SIIBRA_REGION_HIERARCHY,ALIGNED_TO_CANONICAL_LEAVES
AREA_ID1_INSULA_LEFT.nii.gz,JULICH_BRAIN_CYTOARCHITECTONIC_ATLAS_V3_1_AREA_ID1_INSULA,Area Id1 (Insula) left,left,6fc5868d51de74089176ea87e82116c6201d17bd8fd134d9f2c444f93749a4fc,179194,probabilistic/statistical,MNI 152 ICBM 2009c Nonlinear Asymmetric,JULICH_BRAIN_CYTOARCHITECTONIC_ATLAS_V3_1_AREA_ID1_INSULA_LEFT,1,DETERMINISTIC_SIIBRA_REGION_HIERARCHY,ALIGNED_TO_CANONICAL_LEAVES
AREA_HOC4LP_LOC_LEFT.nii.gz,JULICH_BRAIN_CYTOARCHITECTONIC_ATLAS_V3_1_AREA_HOC4LP_LOC,Area hOc4lp (LOC) left,left,fd3e95bfa9556ef3b9fbf6c67ef89d58764866e0dbf1fe520a3deff2f5249866,274212,probabilistic/statistical,MNI 152 ICBM 2009c Nonlinear Asymmetric,JULICH_BRAIN_CYTOARCHITECTONIC_ATLAS_V3_1_AREA_HOC4LP_LOC_LEFT,1,DETERMINISTIC_SIIBRA_REGION_HIERARCHY,ALIGNED_TO_CANONICAL_LEAVES
AREA_HOC4LA_LOC_LEFT.nii.gz,JULICH_BRAIN_CYTOARCHITECTONIC_ATLAS_V3_1_AREA_HOC4LA_LOC,Area hOc4la (LOC) left,left,593c5f23513ea5ab98577a1e87d5fa14fa05839a8d66d106be54ced31b797c10,268793,probabilistic/statistical,MNI 152 ICBM 2009c Nonlinear Asymmetric,JULICH_BRAIN_CYTOARCHITECTONIC_ATLAS_V3_1_AREA_HOC4LA_LOC_LEFT,1,DETERMINISTIC_SIIBRA_REGION_HIERARCHY,ALIGNED_TO_CANONICAL_LEAVES
AREA_HOC4D_CUNEUS_LEFT.nii.gz,JULICH_BRAIN_CYTOARCHITECTONIC_ATLAS_V3_1_AREA_HOC4D_CUNEUS,Area hOc4d (Cuneus) left,left,47d5a3ff8cf8accea9585ae6bf0e0198b4c91c48df6c7314e1db67b1431cbfa4,271172,probabilistic/statistical,MNI 152 ICBM 2009c Nonlinear Asymmetric,JULICH_BRAIN_CYTOARCHITECTONIC_ATLAS_V3_1_AREA_HOC4D_CUNEUS_LEFT,1,DETERMINISTIC_SIIBRA_REGION_HIERARCHY,ALIGNED_TO_CANONICAL_LEAVES
AREA_HOC3D_CUNEUS_LEFT.nii.gz,JULICH_BRAIN_CYTOARCHITECTONIC_ATLAS_V3_1_AREA_HOC3D_CUNEUS,Area hOc3d (Cuneus) left,left,4a8c4e039e84561ce1569e96ae0f3e3c7954939994c5a26e8fa1981454d802b6,304166,probabilistic/statistical,MNI 152 ICBM 2009c Nonlinear Asymmetric,JULICH_BRAIN_CYTOARCHITECTONIC_ATLAS_V3_1_AREA_HOC3D_CUNEUS_LEFT,1,DETERMINISTIC_SIIBRA_REGION_HIERARCHY,ALIGNED_TO_CANONICAL_LEAVES
AREA_4P_PRECG_LEFT.nii.gz,JULICH_BRAIN_CYTOARCHITECTONIC_ATLAS_V3_1_AREA_4P_PRECG,Area 4p (PreCG) left,left,54926054955a1587994c8cab86158d633dee3833e5baf11a7f081f83afafacb4,189767,probabilistic/statistical,MNI 152 ICBM 2009c Nonlinear Asymmetric,JULICH_BRAIN_CYTOARCHITECTONIC_ATLAS_V3_1_AREA_4P_PRECG_LEFT,1,DETERMINISTIC_SIIBRA_REGION_HIERARCHY,ALIGNED_TO_CANONICAL_LEAVES
AREA_4A_PRECG_LEFT.nii.gz,JULICH_BRAIN_CYTOARCHITECTONIC_ATLAS_V3_1_AREA_4A_PRECG,Area 4a (PreCG) left,left,520a256f5883d319f415ce1ed301cac140e123cadc8416e14c1b453b0424f115,210936,probabilistic/statistical,MNI 152 ICBM 2009c Nonlinear Asymmetric,JULICH_BRAIN_CYTOARCHITECTONIC_ATLAS_V3_1_AREA_4A_PRECG_LEFT,1,DETERMINISTIC_SIIBRA_REGION_HIERARCHY,ALIGNED_TO_CANONICAL_LEAVES
AREA_1_POSTCG_LEFT.nii.gz,JULICH_BRAIN_CYTOARCHITECTONIC_ATLAS_V3_1_AREA_1_POSTCG,Area 1 (PostCG) left,left,e1c13cac16f141bc04ecf2e09130a518d4a6ee55701e31d6d0731193124c9577,341117,probabilistic/statistical,MNI 152 ICBM 2009c Nonlinear Asymmetric,JULICH_BRAIN_CYTOARCHITECTONIC_ATLAS_V3_1_AREA_1_POSTCG_LEFT,1,DETERMINISTIC_SIIBRA_REGION_HIERARCHY,ALIGNED_TO_CANONICAL_LEAVES
AREA_3A_POSTCG_LEFT.nii.gz,JULICH_BRAIN_CYTOARCHITECTONIC_ATLAS_V3_1_AREA_3A_POSTCG,Area 3a (PostCG) left,left,68d2c4c412450a8e395913354ec66c34ad1e2f7fe5261fee4efb06b52ac94bba,185765,probabilistic/statistical,MNI 152 ICBM 2009c Nonlinear Asymmetric,JULICH_BRAIN_CYTOARCHITECTONIC_ATLAS_V3_1_AREA_3A_POSTCG_LEFT,1,DETERMINISTIC_SIIBRA_REGION_HIERARCHY,ALIGNED_TO_CANONICAL_LEAVES
AREA_3B_POSTCG_LEFT.nii.gz,JULICH_BRAIN_CYTOARCHITECTONIC_ATLAS_V3_1_AREA_3B_POSTCG,Area 3b (PostCG) left,left,3b2e8861615ec1fc87c218c53904eb11e8cba41112028e943de759bb6409197c,384239,probabilistic/statistical,MNI 152 ICBM 2009c Nonlinear Asymmetric,JULICH_BRAIN_CYTOARCHITECTONIC_ATLAS_V3_1_AREA_3B_POSTCG_LEFT,1,DETERMINISTIC_SIIBRA_REGION_HIERARCHY,ALIGNED_TO_CANONICAL_LEAVES
AREA_HIP1_IPS_LEFT.nii.gz,JULICH_BRAIN_CYTOARCHITECTONIC_ATLAS_V3_1_AREA_HIP1_IPS,Area hIP1 (IPS) left,left,f6a28e411c5d6b4323e2830063843735ec00907a8649fa8a4ee95630d0cdd85a,262367,probabilistic/statistical,MNI 152 ICBM 2009c Nonlinear Asymmetric,JULICH_BRAIN_CYTOARCHITECTONIC_ATLAS_V3_1_AREA_HIP1_IPS_LEFT,1,DETERMINISTIC_SIIBRA_REGION_HIERARCHY,ALIGNED_TO_CANONICAL_LEAVES
AREA_HIP2_IPS_LEFT.nii.gz,JULICH_BRAIN_CYTOARCHITECTONIC_ATLAS_V3_1_AREA_HIP2_IPS,Area hIP2 (IPS) left,left,800e94a0544382130005f2fd3075cc406ce7100df038b53bd205a15111d10c32,245172,probabilistic/statistical,MNI 152 ICBM 2009c Nonlinear Asymmetric,JULICH_BRAIN_CYTOARCHITECTONIC_ATLAS_V3_1_AREA_HIP2_IPS_LEFT,1,DETERMINISTIC_SIIBRA_REGION_HIERARCHY,ALIGNED_TO_CANONICAL_LEAVES
AREA_5L_SPL_LEFT.nii.gz,JULICH_BRAIN_CYTOARCHITECTONIC_ATLAS_V3_1_AREA_5L_SPL,Area 5L (SPL) left,left,d92edd5a72a68a3f82438ab84bc84938345c3fbb133899feae7eba3264f5bd35,283021,probabilistic/statistical,MNI 152 ICBM 2009c Nonlinear Asymmetric,JULICH_BRAIN_CYTOARCHITECTONIC_ATLAS_V3_1_AREA_5L_SPL_LEFT,1,DETERMINISTIC_SIIBRA_REGION_HIERARCHY,ALIGNED_TO_CANONICAL_LEAVES
AREA_5M_SPL_LEFT.nii.gz,JULICH_BRAIN_CYTOARCHITECTONIC_ATLAS_V3_1_AREA_5M_SPL,Area 5M (SPL) left,left,3f019939113be4df8ddc1406fbbab73b05d83fafe453761eecd93fd50ad06f59,255079,probabilistic/statistical,MNI 152 ICBM 2009c Nonlinear Asymmetric,JULICH_BRAIN_CYTOARCHITECTONIC_ATLAS_V3_1_AREA_5M_SPL_LEFT,1,DETERMINISTIC_SIIBRA_REGION_HIERARCHY,ALIGNED_TO_CANONICAL_LEAVES
AREA_7PC_SPL_LEFT.nii.gz,JULICH_BRAIN_CYTOARCHITECTONIC_ATLAS_V3_1_AREA_7PC_SPL,Area 7PC (SPL) left,left,3180e9c1cdeec3e97727968c074d4fde07a37991d320dc447313903696581932,273546,probabilistic/statistical,MNI 152 ICBM 2009c Nonlinear Asymmetric,JULICH_BRAIN_CYTOARCHITECTONIC_ATLAS_V3_1_AREA_7PC_SPL_LEFT,1,DETERMINISTIC_SIIBRA_REGION_HIERARCHY,ALIGNED_TO_CANONICAL_LEAVES
AREA_HIP3_IPS_LEFT.nii.gz,JULICH_BRAIN_CYTOARCHITECTONIC_ATLAS_V3_1_AREA_HIP3_IPS,Area hIP3 (IPS) left,left,b98d7ddce8d1b76c0ca8d43c7e6adfc5866d81d7e5e59c2df884dcba706b0d28,282109,probabilistic/statistical,MNI 152 ICBM 2009c Nonlinear Asymmetric,JULICH_BRAIN_CYTOARCHITECTONIC_ATLAS_V3_1_AREA_HIP3_IPS_LEFT,1,DETERMINISTIC_SIIBRA_REGION_HIERARCHY,ALIGNED_TO_CANONICAL_LEAVES
AREA_7A_SPL_LEFT.nii.gz,JULICH_BRAIN_CYTOARCHITECTONIC_ATLAS_V3_1_AREA_7A_SPL,Area 7A (SPL) left,left,be31dc3aa97329447996c5f713b31a7d6fed5db8f4756256ff409b7b0ad9c5bc,346487,probabilistic/statistical,MNI 152 ICBM 2009c Nonlinear Asymmetric,JULICH_BRAIN_CYTOARCHITECTONIC_ATLAS_V3_1_AREA_7A_SPL_LEFT,1,DETERMINISTIC_SIIBRA_REGION_HIERARCHY,ALIGNED_TO_CANONICAL_LEAVES
AREA_7M_SPL_LEFT.nii.gz,JULICH_BRAIN_CYTOARCHITECTONIC_ATLAS_V3_1_AREA_7M_SPL,Area 7M (SPL) left,left,08df35e38ec058b40c383f9588f0eb4531dbbf87be206e403b05b5a870b177ed,189224,probabilistic/statistical,MNI 152 ICBM 2009c Nonlinear Asymmetric,JULICH_BRAIN_CYTOARCHITECTONIC_ATLAS_V3_1_AREA_7M_SPL_LEFT,1,DETERMINISTIC_SIIBRA_REGION_HIERARCHY,ALIGNED_TO_CANONICAL_LEAVES
AREA_5CI_SPL_LEFT.nii.gz,JULICH_BRAIN_CYTOARCHITECTONIC_ATLAS_V3_1_AREA_5CI_SPL,Area 5Ci (SPL) left,left,5f83936660e0dee8ddba1f408f7c191b65822d12dbd038719ced09b34c708a5c,214361,probabilistic/statistical,MNI 152 ICBM 2009c Nonlinear Asymmetric,JULICH_BRAIN_CYTOARCHITECTONIC_ATLAS_V3_1_AREA_5CI_SPL_LEFT,1,DETERMINISTIC_SIIBRA_REGION_HIERARCHY,ALIGNED_TO_CANONICAL_LEAVES
MD_THALAMUS_MEDIODORSAL_NUCLEUS_LEFT.nii.gz,JULICH_BRAIN_CYTOARCHITECTONIC_ATLAS_V3_1_MD_THALAMUS_MEDIODORSAL_NUCLEUS,"MD (Thalamus, mediodorsal Nucleus) left",left,67b7d8fb8dd781f7dec0d0bd477dbaaaf8c4c0c9e1b624e990242efff8704ce5,163313,probabilistic/statistical,MNI 152 ICBM 2009c Nonlinear Asymmetric,JULICH_BRAIN_CYTOARCHITECTONIC_ATLAS_V3_1_MD_THALAMUS_MEDIODORSAL_NUCLEUS_LEFT,1,DETERMINISTIC_SIIBRA_REGION_HIERARCHY,ALIGNED_TO_CANONICAL_LEAVES
PUA_THALAMUS_ANTERIOR_PULVINAR_LEFT.nii.gz,JULICH_BRAIN_CYTOARCHITECTONIC_ATLAS_V3_1_PUA_THALAMUS_ANTERIOR_PULVINAR,"PUa (Thalamus, anterior pulvinar) left",left,a0dc2aed5870531811ca42d32c595971b2ea9dde5a2fe50f99d5541faad44fbf,172966,probabilistic/statistical,MNI 152 ICBM 2009c Nonlinear Asymmetric,JULICH_BRAIN_CYTOARCHITECTONIC_ATLAS_V3_1_PUA_THALAMUS_ANTERIOR_PULVINAR_LEFT,1,DETERMINISTIC_SIIBRA_REGION_HIERARCHY,ALIGNED_TO_CANONICAL_LEAVES
VLA_THALAMUS_VENTRAL_LATERAL_ANTERIOR_NUCLEUS_LEFT.nii.gz,JULICH_BRAIN_CYTOARCHITECTONIC_ATLAS_V3_1_VLA_THALAMUS_VENTRAL_LATERAL_ANTERIOR_NUCLEUS,"VLA (Thalamus, ventral lateral anterior Nucleus) left",left,e7fdf2d80dea7990ef8019f1103a35d206eebf9eedad3921e4ae9eda73031433,181208,probabilistic/statistical,MNI 152 ICBM 2009c Nonlinear Asymmetric,JULICH_BRAIN_CYTOARCHITECTONIC_ATLAS_V3_1_VLA_THALAMUS_VENTRAL_LATERAL_ANTERIOR_NUCLEUS_LEFT,1,DETERMINISTIC_SIIBRA_REGION_HIERARCHY,ALIGNED_TO_CANONICAL_LEAVES
PUM_THALAMUS_MEDIAL_PULVINAR_LEFT.nii.gz,JULICH_BRAIN_CYTOARCHITECTONIC_ATLAS_V3_1_PUM_THALAMUS_MEDIAL_PULVINAR,"PUm (Thalamus, medial pulvinar) left",left,26abd321453be65a608b49673efa778525f43dcce5c6f84575220a55f693ed8c,191513,probabilistic/statistical,MNI 152 ICBM 2009c Nonlinear Asymmetric,JULICH_BRAIN_CYTOARCHITECTONIC_ATLAS_V3_1_PUM_THALAMUS_MEDIAL_PULVINAR_LEFT,1,DETERMINISTIC_SIIBRA_REGION_HIERARCHY,ALIGNED_TO_CANONICAL_LEAVES
VLP_THALAMUS_VENTRAL_LATERAL_POSTERIOR_NUCLEUS_LEFT.nii.gz,JULICH_BRAIN_CYTOARCHITECTONIC_ATLAS_V3_1_VLP_THALAMUS_VENTRAL_LATERAL_POSTERIOR_NUCLEUS,"VLP (Thalamus, ventral lateral posterior Nucleus) left",left,ef2ca977deadfffd93615e7d18ea84c0e34df16631fa19ace55ed59e4c3c0ddf,212093,probabilistic/statistical,MNI 152 ICBM 2009c Nonlinear Asymmetric,JULICH_BRAIN_CYTOARCHITECTONIC_ATLAS_V3_1_VLP_THALAMUS_VENTRAL_LATERAL_POSTERIOR_NUCLEUS_LEFT,1,DETERMINISTIC_SIIBRA_REGION_HIERARCHY,ALIGNED_TO_CANONICAL_LEAVES
PUL_THALAMUS_LATERAL_PULVINAR_LEFT.nii.gz,JULICH_BRAIN_CYTOARCHITECTONIC_ATLAS_V3_1_PUL_THALAMUS_LATERAL_PULVINAR,"PUl (Thalamus, lateral pulvinar) left",left,9edf53e29374a20ec74ddb884181f2f21082e60377ebdc05f980ccac6ad648b6,159421,probabilistic/statistical,MNI 152 ICBM 2009c Nonlinear Asymmetric,JULICH_BRAIN_CYTOARCHITECTONIC_ATLAS_V3_1_PUL_THALAMUS_LATERAL_PULVINAR_LEFT,1,DETERMINISTIC_SIIBRA_REGION_HIERARCHY,ALIGNED_TO_CANONICAL_LEAVES
VPM_THALAMUS_VENTRAL_POSTERIOR_MEDIAL_NUCLEUS_LEFT.nii.gz,JULICH_BRAIN_CYTOARCHITECTONIC_ATLAS_V3_1_VPM_THALAMUS_VENTRAL_POSTERIOR_MEDIAL_NUCLEUS,"VPM (Thalamus, ventral posterior medial Nucleus) left",left,ac6a34c2410773a21fa8b7efe039fc2ef5ed61423fe9510c94f990007be6d8e2,166304,probabilistic/statistical,MNI 152 ICBM 2009c Nonlinear Asymmetric,JULICH_BRAIN_CYTOARCHITECTONIC_ATLAS_V3_1_VPM_THALAMUS_VENTRAL_POSTERIOR_MEDIAL_NUCLEUS_LEFT,1,DETERMINISTIC_SIIBRA_REGION_HIERARCHY,ALIGNED_TO_CANONICAL_LEAVES
VPL_THALAMUS_VENTRAL_POSTERIOR_LATERAL_NUCLEUS_LEFT.nii.gz,JULICH_BRAIN_CYTOARCHITECTONIC_ATLAS_V3_1_VPL_THALAMUS_VENTRAL_POSTERIOR_LATERAL_NUCLEUS,"VPL (Thalamus, ventral posterior lateral Nucleus) left",left,63c663b31f8fdedf75c3be29e6f42a3666731dff62aa0d0ff9ef32cfc5843cea,192308,probabilistic/statistical,MNI 152 ICBM 2009c Nonlinear Asymmetric,JULICH_BRAIN_CYTOARCHITECTONIC_ATLAS_V3_1_VPL_THALAMUS_VENTRAL_POSTERIOR_LATERAL_NUCLEUS_LEFT,1,DETERMINISTIC_SIIBRA_REGION_HIERARCHY,ALIGNED_TO_CANONICAL_LEAVES
AV_THALAMUS_ANTEROVENTRAL_NUCLEUS_LEFT.nii.gz,JULICH_BRAIN_CYTOARCHITECTONIC_ATLAS_V3_1_AV_THALAMUS_ANTEROVENTRAL_NUCLEUS,"AV (Thalamus, anteroventral Nucleus) left",left,6b184d7c134b16edc49af375ed0bf61e01f1de5e6be8e7a50317d9035b5d2b81,169846,probabilistic/statistical,MNI 152 ICBM 2009c Nonlinear Asymmetric,JULICH_BRAIN_CYTOARCHITECTONIC_ATLAS_V3_1_AV_THALAMUS_ANTEROVENTRAL_NUCLEUS_LEFT,1,DETERMINISTIC_SIIBRA_REGION_HIERARCHY,ALIGNED_TO_CANONICAL_LEAVES
AREA_ID7_INSULA_LEFT.nii.gz,JULICH_BRAIN_CYTOARCHITECTONIC_ATLAS_V3_1_AREA_ID7_INSULA,Area Id7 (Insula) left,left,7c96faa7f44fcb701b60010413a7985479e4594c9e51caca9d720c2477adbb14,189735,probabilistic/statistical,MNI 152 ICBM 2009c Nonlinear Asymmetric,JULICH_BRAIN_CYTOARCHITECTONIC_ATLAS_V3_1_AREA_ID7_INSULA_LEFT,1,DETERMINISTIC_SIIBRA_REGION_HIERARCHY,ALIGNED_TO_CANONICAL_LEAVES
AREA_S24_SACC_LEFT.nii.gz,JULICH_BRAIN_CYTOARCHITECTONIC_ATLAS_V3_1_AREA_S24_SACC,Area s24 (sACC) left,left,52714089d25cf692b90d698cc078bc7f5a752c790274f456c19f7c4c11a0f992,199452,probabilistic/statistical,MNI 152 ICBM 2009c Nonlinear Asymmetric,JULICH_BRAIN_CYTOARCHITECTONIC_ATLAS_V3_1_AREA_S24_S24A_SACC_LEFT;JULICH_BRAIN_CYTOARCHITECTONIC_ATLAS_V3_1_AREA_S24_S24B_SACC_LEFT,2,DETERMINISTIC_SIIBRA_REGION_HIERARCHY,ALIGNED_TO_CANONICAL_LEAVES
AREA_25_SACC_LEFT.nii.gz,JULICH_BRAIN_CYTOARCHITECTONIC_ATLAS_V3_1_AREA_25_SACC,Area 25 (sACC) left,left,95b279996cad94c043780cbd966b866b83afc23805d95566161c78666ae85c56,171892,probabilistic/statistical,MNI 152 ICBM 2009c Nonlinear Asymmetric,JULICH_BRAIN_CYTOARCHITECTONIC_ATLAS_V3_1_AREA_25_25A_SACC_LEFT;JULICH_BRAIN_CYTOARCHITECTONIC_ATLAS_V3_1_AREA_25_25P_SACC_LEFT,2,DETERMINISTIC_SIIBRA_REGION_HIERARCHY,ALIGNED_TO_CANONICAL_LEAVES
SF_AMYGDALA_LEFT.nii.gz,JULICH_BRAIN_CYTOARCHITECTONIC_ATLAS_V3_1_SF_AMYGDALA,SF (Amygdala) left,left,95a412f0edcb4bfef5b34827e59be8291ef2edb89cb83e3d17ace9f3c96f3745,182780,probabilistic/statistical,MNI 152 ICBM 2009c Nonlinear Asymmetric,JULICH_BRAIN_CYTOARCHITECTONIC_ATLAS_V3_1_SF_AHI_AMYGDALA_LEFT;JULICH_BRAIN_CYTOARCHITECTONIC_ATLAS_V3_1_SF_APIR_AMYGDALA_LEFT;JULICH_BRAIN_CYTOARCHITECTONIC_ATLAS_V3_1_SF_VCO_AMYGDALA_LEFT,3,DETERMINISTIC_SIIBRA_REGION_HIERARCHY,ALIGNED_TO_CANONICAL_LEAVES
LB_AMYGDALA_LEFT.nii.gz,JULICH_BRAIN_CYTOARCHITECTONIC_ATLAS_V3_1_LB_AMYGDALA,LB (Amygdala) left,left,a1b5d1a8104d0a547f9847fa7b90cd1166f47c36ddf554ec135c0d8a3c168e45,163436,probabilistic/statistical,MNI 152 ICBM 2009c Nonlinear Asymmetric,JULICH_BRAIN_CYTOARCHITECTONIC_ATLAS_V3_1_LB_BL_AMYGDALA_LEFT;JULICH_BRAIN_CYTOARCHITECTONIC_ATLAS_V3_1_LB_BM_AMYGDALA_LEFT;JULICH_BRAIN_CYTOARCHITECTONIC_ATLAS_V3_1_LB_LA_AMYGDALA_LEFT;JULICH_BRAIN_CYTOARCHITECTONIC_ATLAS_V3_1_LB_PL_AMYGDALA_LEFT,4,DETERMINISTIC_SIIBRA_REGION_HIERARCHY,ALIGNED_TO_CANONICAL_LEAVES
SUBC_HIPPOCAMPUS_SUBICULAR_COMPLEX_LEFT.nii.gz,JULICH_BRAIN_CYTOARCHITECTONIC_ATLAS_V3_1_SUBC_HIPPOCAMPUS_SUBICULAR_COMPLEX,"Subc (Hippocampus, Subicular complex) left",left,a2dd11d221ce4887879cafef0b23e10b6322f90a1cc61bc14fa85b0ab2edfe69,258118,probabilistic/statistical,MNI 152 ICBM 2009c Nonlinear Asymmetric,JULICH_BRAIN_CYTOARCHITECTONIC_ATLAS_V3_1_SUBC_PAS_HIPPOCAMPUS_PARASUBICULUM_LEFT;JULICH_BRAIN_CYTOARCHITECTONIC_ATLAS_V3_1_SUBC_PRES_HIPPOCAMPUS_PRESUBICULUM_LEFT;JULICH_BRAIN_CYTOARCHITECTONIC_ATLAS_V3_1_SUBC_PROS_HIPPOCAMPUS_PROSUBICULUM_LEFT;JULICH_BRAIN_CYTOARCHITECTONIC_ATLAS_V3_1_SUBC_SUB_HIPPOCAMPUS_SUBICULUM_LEFT,4,DETERMINISTIC_SIIBRA_REGION_HIERARCHY,ALIGNED_TO_CANONICAL_LEAVES
AREA_PF_IPL_LEFT.nii.gz,JULICH_BRAIN_CYTOARCHITECTONIC_ATLAS_V3_1_AREA_PF_IPL,Area PF (IPL) left,left,c88ed3ee5bd8cf8859dd9a9dff843e62b68c3a12549e27946430477b4870c680,305981,probabilistic/statistical,MNI 152 ICBM 2009c Nonlinear Asymmetric,JULICH_BRAIN_CYTOARCHITECTONIC_ATLAS_V3_1_AREA_PF_IPL_LEFT,1,DETERMINISTIC_SIIBRA_REGION_HIERARCHY,ALIGNED_TO_CANONICAL_LEAVES
AREA_7P_SPL_LEFT.nii.gz,JULICH_BRAIN_CYTOARCHITECTONIC_ATLAS_V3_1_AREA_7P_SPL,Area 7P (SPL) left,left,8bd4f89cb5998a78198e8acd1e8743ef6fc8711f9857a761597590658cddb08e,263278,probabilistic/statistical,MNI 152 ICBM 2009c Nonlinear Asymmetric,JULICH_BRAIN_CYTOARCHITECTONIC_ATLAS_V3_1_AREA_7P_SPL_LEFT,1,DETERMINISTIC_SIIBRA_REGION_HIERARCHY,ALIGNED_TO_CANONICAL_LEAVES
AREA_FP2_FPOLE_LEFT.nii.gz,JULICH_BRAIN_CYTOARCHITECTONIC_ATLAS_V3_1_AREA_FP2_FPOLE,Area Fp2 (FPole) left,left,707f77b7580d2f6a1b1a83a5dd3ad929e4e028f3ad0881c860d78e028ba37b81,229403,probabilistic/statistical,MNI 152 ICBM 2009c Nonlinear Asymmetric,JULICH_BRAIN_CYTOARCHITECTONIC_ATLAS_V3_1_AREA_FP2_FPOLE_LEFT,1,DETERMINISTIC_SIIBRA_REGION_HIERARCHY,ALIGNED_TO_CANONICAL_LEAVES
AREA_FP1_FPOLE_LEFT.nii.gz,JULICH_BRAIN_CYTOARCHITECTONIC_ATLAS_V3_1_AREA_FP1_FPOLE,Area Fp1 (FPole) left,left,475bf9299303a1c7f71b37a47cfbb323aea4f712a816e7075953b00dffa9e300,283359,probabilistic/statistical,MNI 152 ICBM 2009c Nonlinear Asymmetric,JULICH_BRAIN_CYTOARCHITECTONIC_ATLAS_V3_1_AREA_FP1_FPOLE_LEFT,1,DETERMINISTIC_SIIBRA_REGION_HIERARCHY,ALIGNED_TO_CANONICAL_LEAVES
SNC_MIDBRAIN_SUBSTANTIA_NIGRA_PARS_COMPACTA_LEFT.nii.gz,JULICH_BRAIN_CYTOARCHITECTONIC_ATLAS_V3_1_SNC_MIDBRAIN_SUBSTANTIA_NIGRA_PARS_COMPACTA,"SNC (Midbrain, Substantia Nigra pars compacta) left",left,6b85e6d79ff154653cee22e79266b2c0041edc7d7dfed7a3633dc040fbc9b85e,162243,probabilistic/statistical,MNI 152 ICBM 2009c Nonlinear Asymmetric,JULICH_BRAIN_CYTOARCHITECTONIC_ATLAS_V3_1_SNC_MIDBRAIN_SUBSTANTIA_NIGRA_PARS_COMPACTA_LEFT,1,DETERMINISTIC_SIIBRA_REGION_HIERARCHY,ALIGNED_TO_CANONICAL_LEAVES
SNR_MIDBRAIN_SUBSTANTIA_NIGRA_PARS_RETICULATA_LEFT.nii.gz,JULICH_BRAIN_CYTOARCHITECTONIC_ATLAS_V3_1_SNR_MIDBRAIN_SUBSTANTIA_NIGRA_PARS_RETICULATA,"SNR (Midbrain, Substantia Nigra pars reticulata) left",left,3d5e1ecd0577fe1e8454a03b313c26ce0544a7dfb4fb073c5e21e290e3b7db06,165815,probabilistic/statistical,MNI 152 ICBM 2009c Nonlinear Asymmetric,JULICH_BRAIN_CYTOARCHITECTONIC_ATLAS_V3_1_SNR_MIDBRAIN_SUBSTANTIA_NIGRA_PARS_RETICULATA_LEFT,1,DETERMINISTIC_SIIBRA_REGION_HIERARCHY,ALIGNED_TO_CANONICAL_LEAVES
NFAST_CEREBELLUM_FASTIGIAL_NUCLEUS_LEFT.nii.gz,JULICH_BRAIN_CYTOARCHITECTONIC_ATLAS_V3_1_NFAST_CEREBELLUM_FASTIGIAL_NUCLEUS,"Nfast (Cerebellum, Fastigial Nucleus) left",left,b9542fc8b5743c411349d79f2bc15ae1edbf14e8cc732de9316777697be62576,168476,probabilistic/statistical,MNI 152 ICBM 2009c Nonlinear Asymmetric,JULICH_BRAIN_CYTOARCHITECTONIC_ATLAS_V3_1_NFAST_CEREBELLUM_FASTIGIAL_NUCLEUS_LEFT,1,DETERMINISTIC_SIIBRA_REGION_HIERARCHY,ALIGNED_TO_CANONICAL_LEAVES
VTM_AMYGDALA_LEFT.nii.gz,JULICH_BRAIN_CYTOARCHITECTONIC_ATLAS_V3_1_VTM_AMYGDALA,VTM (Amygdala) left,left,ea9657fb81f19cbfdd7b7e4ecf83636068f22fe664a27515dc63ee0e8c7867ea,166878,probabilistic/statistical,MNI 152 ICBM 2009c Nonlinear Asymmetric,JULICH_BRAIN_CYTOARCHITECTONIC_ATLAS_V3_1_VTM_AMYGDALA_LEFT,1,DETERMINISTIC_SIIBRA_REGION_HIERARCHY,ALIGNED_TO_CANONICAL_LEAVES
AREA_P24AB_PACC_LEFT.nii.gz,JULICH_BRAIN_CYTOARCHITECTONIC_ATLAS_V3_1_AREA_P24AB_PACC,Area p24ab (pACC) left,left,60f07e7839ce845ec9884472a4e888492fb539a0a6c31bf767cca4b8b1269252,218107,probabilistic/statistical,MNI 152 ICBM 2009c Nonlinear Asymmetric,JULICH_BRAIN_CYTOARCHITECTONIC_ATLAS_V3_1_AREA_P24AB_P24A_PACC_LEFT;JULICH_BRAIN_CYTOARCHITECTONIC_ATLAS_V3_1_AREA_P24AB_P24B_PACC_LEFT,2,DETERMINISTIC_SIIBRA_REGION_HIERARCHY,ALIGNED_TO_CANONICAL_LEAVES
AREA_P24C_PACC_LEFT.nii.gz,JULICH_BRAIN_CYTOARCHITECTONIC_ATLAS_V3_1_AREA_P24C_PACC,Area p24c (pACC) left,left,b4466568ed47adfd0bebaeaa99b0121ce4382c72733d1fe38b08ff0b359142b7,227363,probabilistic/statistical,MNI 152 ICBM 2009c Nonlinear Asymmetric,JULICH_BRAIN_CYTOARCHITECTONIC_ATLAS_V3_1_AREA_P24C_PD24CD_PACC_LEFT;JULICH_BRAIN_CYTOARCHITECTONIC_ATLAS_V3_1_AREA_P24C_PD24CV_PACC_LEFT;JULICH_BRAIN_CYTOARCHITECTONIC_ATLAS_V3_1_AREA_P24C_PV24C_PACC_LEFT,3,DETERMINISTIC_SIIBRA_REGION_HIERARCHY,ALIGNED_TO_CANONICAL_LEAVES
MF_AMYGDALA_LEFT.nii.gz,JULICH_BRAIN_CYTOARCHITECTONIC_ATLAS_V3_1_MF_AMYGDALA,MF (Amygdala) left,left,3d87dca04d44e9408344ca5c54aa94b8a9819e0cc90ce275d9c64f0162a43887,165530,probabilistic/statistical,MNI 152 ICBM 2009c Nonlinear Asymmetric,JULICH_BRAIN_CYTOARCHITECTONIC_ATLAS_V3_1_MF_ICM_AMYGDALA_LEFT;JULICH_BRAIN_CYTOARCHITECTONIC_ATLAS_V3_1_MF_LM_AMYGDALA_LEFT,2,DETERMINISTIC_SIIBRA_REGION_HIERARCHY,ALIGNED_TO_CANONICAL_LEAVES
IF_AMYGDALA_LEFT.nii.gz,JULICH_BRAIN_CYTOARCHITECTONIC_ATLAS_V3_1_IF_AMYGDALA,IF (Amygdala) left,left,1996cfeaf71800b7eda5211d2d8f36a7c1109190c45f3c79ea2e7b2f52582195,172669,probabilistic/statistical,MNI 152 ICBM 2009c Nonlinear Asymmetric,JULICH_BRAIN_CYTOARCHITECTONIC_ATLAS_V3_1_IF_ICE_AMYGDALA_LEFT;JULICH_BRAIN_CYTOARCHITECTONIC_ATLAS_V3_1_IF_IOL_AMYGDALA_LEFT;JULICH_BRAIN_CYTOARCHITECTONIC_ATLAS_V3_1_IF_LD_AMYGDALA_LEFT,3,DETERMINISTIC_SIIBRA_REGION_HIERARCHY,ALIGNED_TO_CANONICAL_LEAVES
AREA_FG4_FUSG_LEFT.nii.gz,JULICH_BRAIN_CYTOARCHITECTONIC_ATLAS_V3_1_AREA_FG4_FUSG,Area FG4 (FusG) left,left,1add275176c8ae5b2cdfe8c539af1edd0523a6f4f72fee4658c1f14261fad739,283202,probabilistic/statistical,MNI 152 ICBM 2009c Nonlinear Asymmetric,JULICH_BRAIN_CYTOARCHITECTONIC_ATLAS_V3_1_AREA_FG4_FUSG_LEFT,1,DETERMINISTIC_SIIBRA_REGION_HIERARCHY,ALIGNED_TO_CANONICAL_LEAVES
AREA_FG3_FUSG_LEFT.nii.gz,JULICH_BRAIN_CYTOARCHITECTONIC_ATLAS_V3_1_AREA_FG3_FUSG,Area FG3 (FusG) left,left,7aa4d53efa8d07d0a0ba425c80150078862ae7b7c82acc2e69cee7179f3642d3,257739,probabilistic/statistical,MNI 152 ICBM 2009c Nonlinear Asymmetric,JULICH_BRAIN_CYTOARCHITECTONIC_ATLAS_V3_1_AREA_FG3_FUSG_LEFT,1,DETERMINISTIC_SIIBRA_REGION_HIERARCHY,ALIGNED_TO_CANONICAL_LEAVES
NDENTD_CEREBELLUM_DORSAL_DENTATE_NUCLEUS_LEFT.nii.gz,JULICH_BRAIN_CYTOARCHITECTONIC_ATLAS_V3_1_NDENTD_CEREBELLUM_DORSAL_DENTATE_NUCLEUS,"Ndentd (Cerebellum, Dorsal Dentate Nucleus) left",left,a0de8a8414eb6d2ca90bc83df1093265adf643e85501b57d16403c96075e81d7,211360,probabilistic/statistical,MNI 152 ICBM 2009c Nonlinear Asymmetric,JULICH_BRAIN_CYTOARCHITECTONIC_ATLAS_V3_1_NDENTD_CEREBELLUM_DORSAL_DENTATE_NUCLEUS_LEFT,1,DETERMINISTIC_SIIBRA_REGION_HIERARCHY,ALIGNED_TO_CANONICAL_LEAVES
NDENTV_CEREBELLUM_VENTRAL_DENTATE_NUCLEUS_LEFT.nii.gz,JULICH_BRAIN_CYTOARCHITECTONIC_ATLAS_V3_1_NDENTV_CEREBELLUM_VENTRAL_DENTATE_NUCLEUS,"Ndentv (Cerebellum, Ventral Dentate Nucleus) left",left,d8980252c3e7e6868413d30d65a464532e46f29f04c54c0638c2b52d58f375c6,188590,probabilistic/statistical,MNI 152 ICBM 2009c Nonlinear Asymmetric,JULICH_BRAIN_CYTOARCHITECTONIC_ATLAS_V3_1_NDENTV_CEREBELLUM_VENTRAL_DENTATE_NUCLEUS_LEFT,1,DETERMINISTIC_SIIBRA_REGION_HIERARCHY,ALIGNED_TO_CANONICAL_LEAVES
AREA_TEI_STG_LEFT.nii.gz,JULICH_BRAIN_CYTOARCHITECTONIC_ATLAS_V3_1_AREA_TEI_STG,Area TeI (STG) left,left,3abe3e69da56ee11d836b6986c1506d3b132fd20d0315b58b25099230fe04766,229072,probabilistic/statistical,MNI 152 ICBM 2009c Nonlinear Asymmetric,JULICH_BRAIN_CYTOARCHITECTONIC_ATLAS_V3_1_AREA_TEI_STG_LEFT,1,DETERMINISTIC_SIIBRA_REGION_HIERARCHY,ALIGNED_TO_CANONICAL_LEAVES
AREA_TI_STG_LEFT.nii.gz,JULICH_BRAIN_CYTOARCHITECTONIC_ATLAS_V3_1_AREA_TI_STG,Area TI (STG) left,left,b8cbba63a3c64b010edc7e137cbf856b42986df79ff014eb675cbba895a60233,209302,probabilistic/statistical,MNI 152 ICBM 2009c Nonlinear Asymmetric,JULICH_BRAIN_CYTOARCHITECTONIC_ATLAS_V3_1_AREA_TI_STG_LEFT,1,DETERMINISTIC_SIIBRA_REGION_HIERARCHY,ALIGNED_TO_CANONICAL_LEAVES
AREA_IFS1_IFS_LEFT.nii.gz,JULICH_BRAIN_CYTOARCHITECTONIC_ATLAS_V3_1_AREA_IFS1_IFS,Area IFS1 (IFS) left,left,26a5a21720f10c667ff3b7f418c0c1f24bdc9e809afab95c456639420a7b0378,159978,probabilistic/statistical,MNI 152 ICBM 2009c Nonlinear Asymmetric,JULICH_BRAIN_CYTOARCHITECTONIC_ATLAS_V3_1_AREA_IFS1_IFS_LEFT,1,DETERMINISTIC_SIIBRA_REGION_HIERARCHY,ALIGNED_TO_CANONICAL_LEAVES
AREA_IFS2_IFS_LEFT.nii.gz,JULICH_BRAIN_CYTOARCHITECTONIC_ATLAS_V3_1_AREA_IFS2_IFS,Area IFS2 (IFS) left,left,d5622af93553e8da0a0ec6f415d4f499367dd4e42854b303e2d7c4a093325f2d,177071,probabilistic/statistical,MNI 152 ICBM 2009c Nonlinear Asymmetric,JULICH_BRAIN_CYTOARCHITECTONIC_ATLAS_V3_1_AREA_IFS2_IFS_LEFT,1,DETERMINISTIC_SIIBRA_REGION_HIERARCHY,ALIGNED_TO_CANONICAL_LEAVES
AREA_IFS3_IFS_LEFT.nii.gz,JULICH_BRAIN_CYTOARCHITECTONIC_ATLAS_V3_1_AREA_IFS3_IFS,Area IFS3 (IFS) left,left,e6f6df42516a9409726019bf1d2964b55804b9ac5c5c1ab39f2dbebcab8d64da,160771,probabilistic/statistical,MNI 152 ICBM 2009c Nonlinear Asymmetric,JULICH_BRAIN_CYTOARCHITECTONIC_ATLAS_V3_1_AREA_IFS3_IFS_LEFT,1,DETERMINISTIC_SIIBRA_REGION_HIERARCHY,ALIGNED_TO_CANONICAL_LEAVES
AREA_IFS4_IFS_LEFT.nii.gz,JULICH_BRAIN_CYTOARCHITECTONIC_ATLAS_V3_1_AREA_IFS4_IFS,Area IFS4 (IFS) left,left,f69511e5a8d0060c0fe7567a4993e154575e747e90d3f878fd91cf6a971a8b83,181474,probabilistic/statistical,MNI 152 ICBM 2009c Nonlinear Asymmetric,JULICH_BRAIN_CYTOARCHITECTONIC_ATLAS_V3_1_AREA_IFS4_IFS_LEFT,1,DETERMINISTIC_SIIBRA_REGION_HIERARCHY,ALIGNED_TO_CANONICAL_LEAVES
AREA_IFJ1_IFS_PRECS_LEFT.nii.gz,JULICH_BRAIN_CYTOARCHITECTONIC_ATLAS_V3_1_AREA_IFJ1_IFS_PRECS,"Area IFJ1 (IFS, PreCS) left",left,d3ac437c1e04deb7689cc46af72ac5ef2ba2777592558238912ce9ce0f6b9662,196989,probabilistic/statistical,MNI 152 ICBM 2009c Nonlinear Asymmetric,JULICH_BRAIN_CYTOARCHITECTONIC_ATLAS_V3_1_AREA_IFJ1_IFS_PRECS_LEFT,1,DETERMINISTIC_SIIBRA_REGION_HIERARCHY,ALIGNED_TO_CANONICAL_LEAVES
AREA_IFJ2_IFS_PRECS_LEFT.nii.gz,JULICH_BRAIN_CYTOARCHITECTONIC_ATLAS_V3_1_AREA_IFJ2_IFS_PRECS,"Area IFJ2 (IFS, PreCS) left",left,a64cc3c95cf2e9f0efc5a83180f5a2f8df676106984c08dd155420d5a3c1edef,199485,probabilistic/statistical,MNI 152 ICBM 2009c Nonlinear Asymmetric,JULICH_BRAIN_CYTOARCHITECTONIC_ATLAS_V3_1_AREA_IFJ2_IFS_PRECS_LEFT,1,DETERMINISTIC_SIIBRA_REGION_HIERARCHY,ALIGNED_TO_CANONICAL_LEAVES
NINTERP_CEREBELLUM_INTERPOSED_NUCLEUS_LEFT.nii.gz,JULICH_BRAIN_CYTOARCHITECTONIC_ATLAS_V3_1_NINTERP_CEREBELLUM_INTERPOSED_NUCLEUS,"Ninterp (Cerebellum, Interposed Nucleus) left",left,1e2292e4bc21bfe1b318ab10d1c4ebb662b89fe8121b654274dde140f011ddbe,173030,probabilistic/statistical,MNI 152 ICBM 2009c Nonlinear Asymmetric,JULICH_BRAIN_CYTOARCHITECTONIC_ATLAS_V3_1_NINTERP_CEREBELLUM_INTERPOSED_NUCLEUS_LEFT,1,DETERMINISTIC_SIIBRA_REGION_HIERARCHY,ALIGNED_TO_CANONICAL_LEAVES
AREA_2_POSTCS_LEFT.nii.gz,JULICH_BRAIN_CYTOARCHITECTONIC_ATLAS_V3_1_AREA_2_POSTCS,Area 2 (PostCS) left,left,77fb886fd41d96f153281cc648a03dc73442907f267727d19e5e343e93ef0d95,336622,probabilistic/statistical,MNI 152 ICBM 2009c Nonlinear Asymmetric,JULICH_BRAIN_CYTOARCHITECTONIC_ATLAS_V3_1_AREA_2_POSTCS_LEFT,1,DETERMINISTIC_SIIBRA_REGION_HIERARCHY,ALIGNED_TO_CANONICAL_LEAVES
CH_4_BASAL_FOREBRAIN_LEFT.nii.gz,JULICH_BRAIN_CYTOARCHITECTONIC_ATLAS_V3_1_CH_4_BASAL_FOREBRAIN,Ch 4 (Basal Forebrain) left,left,e79f0f6dbeb3ba24995dc554cfee733e7b3e0f19b84162d57ff6d58925a1e5a5,181462,probabilistic/statistical,MNI 152 ICBM 2009c Nonlinear Asymmetric,JULICH_BRAIN_CYTOARCHITECTONIC_ATLAS_V3_1_CH_4_BASAL_FOREBRAIN_LEFT,1,DETERMINISTIC_SIIBRA_REGION_HIERARCHY,ALIGNED_TO_CANONICAL_LEAVES
AREA_STS1_STS_LEFT.nii.gz,JULICH_BRAIN_CYTOARCHITECTONIC_ATLAS_V3_1_AREA_STS1_STS,Area STS1 (STS) left,left,29a9b42b9ba8ce40b2b9621b942ac13fa52715a430642a23d34b1e67afb1ed32,270957,probabilistic/statistical,MNI 152 ICBM 2009c Nonlinear Asymmetric,JULICH_BRAIN_CYTOARCHITECTONIC_ATLAS_V3_1_AREA_STS1_STS_LEFT,1,DETERMINISTIC_SIIBRA_REGION_HIERARCHY,ALIGNED_TO_CANONICAL_LEAVES
AREA_STS2_STS_LEFT.nii.gz,JULICH_BRAIN_CYTOARCHITECTONIC_ATLAS_V3_1_AREA_STS2_STS,Area STS2 (STS) left,left,30de6fe86234b86d80dd8efe6a5b1fd610b71f12510a954fa2d664cd8513c303,301521,probabilistic/statistical,MNI 152 ICBM 2009c Nonlinear Asymmetric,JULICH_BRAIN_CYTOARCHITECTONIC_ATLAS_V3_1_AREA_STS2_STS_LEFT,1,DETERMINISTIC_SIIBRA_REGION_HIERARCHY,ALIGNED_TO_CANONICAL_LEAVES
AREA_OP8_FRONTAL_OPERCULUM_LEFT.nii.gz,JULICH_BRAIN_CYTOARCHITECTONIC_ATLAS_V3_1_AREA_OP8_FRONTAL_OPERCULUM,Area Op8 (Frontal Operculum) left,left,1d202ac44116e0bb09da0f94b205c930e8a646b610101bc187c6f9016e2a1fc5,167999,probabilistic/statistical,MNI 152 ICBM 2009c Nonlinear Asymmetric,JULICH_BRAIN_CYTOARCHITECTONIC_ATLAS_V3_1_AREA_OP8_FRONTAL_OPERCULUM_LEFT,1,DETERMINISTIC_SIIBRA_REGION_HIERARCHY,ALIGNED_TO_CANONICAL_LEAVES
AREA_OP9_FRONTAL_OPERCULUM_LEFT.nii.gz,JULICH_BRAIN_CYTOARCHITECTONIC_ATLAS_V3_1_AREA_OP9_FRONTAL_OPERCULUM,Area Op9 (Frontal Operculum) left,left,4c9a9e4fd1a6ddaf5d3f1b818a42428689d3d7d9505055dc2ea1182389150d62,172681,probabilistic/statistical,MNI 152 ICBM 2009c Nonlinear Asymmetric,JULICH_BRAIN_CYTOARCHITECTONIC_ATLAS_V3_1_AREA_OP9_FRONTAL_OPERCULUM_LEFT,1,DETERMINISTIC_SIIBRA_REGION_HIERARCHY,ALIGNED_TO_CANONICAL_LEAVES
CH_123_BASAL_FOREBRAIN_LEFT.nii.gz,JULICH_BRAIN_CYTOARCHITECTONIC_ATLAS_V3_1_CH_123_BASAL_FOREBRAIN,Ch 123 (Basal Forebrain) left,left,ae91c29e81f3a83ffcaa98cf7acad97bc30c6a18cfb29ef8c2660f2bb153b68e,164187,probabilistic/statistical,MNI 152 ICBM 2009c Nonlinear Asymmetric,JULICH_BRAIN_CYTOARCHITECTONIC_ATLAS_V3_1_CH_123_BASAL_FOREBRAIN_LEFT,1,DETERMINISTIC_SIIBRA_REGION_HIERARCHY,ALIGNED_TO_CANONICAL_LEAVES
AREA_6D1_PRECG_LEFT.nii.gz,JULICH_BRAIN_CYTOARCHITECTONIC_ATLAS_V3_1_AREA_6D1_PRECG,Area 6d1 (PreCG) left,left,cfe327045663d6e1719445d1fe931adcd376f5f57d910c68650fed1a94f5a861,317739,probabilistic/statistical,MNI 152 ICBM 2009c Nonlinear Asymmetric,JULICH_BRAIN_CYTOARCHITECTONIC_ATLAS_V3_1_AREA_6D1_PRECG_LEFT,1,DETERMINISTIC_SIIBRA_REGION_HIERARCHY,ALIGNED_TO_CANONICAL_LEAVES
AREA_6D2_PRECG_LEFT.nii.gz,JULICH_BRAIN_CYTOARCHITECTONIC_ATLAS_V3_1_AREA_6D2_PRECG,Area 6d2 (PreCG) left,left,119cb388aaf09b1b7775997bc79c8e033bda144bebf71947924ed68351e62589,285000,probabilistic/statistical,MNI 152 ICBM 2009c Nonlinear Asymmetric,JULICH_BRAIN_CYTOARCHITECTONIC_ATLAS_V3_1_AREA_6D2_PRECG_LEFT,1,DETERMINISTIC_SIIBRA_REGION_HIERARCHY,ALIGNED_TO_CANONICAL_LEAVES
AREA_6D3_SFS_LEFT.nii.gz,JULICH_BRAIN_CYTOARCHITECTONIC_ATLAS_V3_1_AREA_6D3_SFS,Area 6d3 (SFS) left,left,8c69eaf5b2a0bb49cc00d59b1b60932e298d664c67dcb89ad5b14d8510062bdb,290090,probabilistic/statistical,MNI 152 ICBM 2009c Nonlinear Asymmetric,JULICH_BRAIN_CYTOARCHITECTONIC_ATLAS_V3_1_AREA_6D3_SFS_LEFT,1,DETERMINISTIC_SIIBRA_REGION_HIERARCHY,ALIGNED_TO_CANONICAL_LEAVES
CM_AMYGDALA_LEFT.nii.gz,JULICH_BRAIN_CYTOARCHITECTONIC_ATLAS_V3_1_CM_AMYGDALA,CM (Amygdala) left,left,6d03bb00724814c401b2b6da2ad0f361b1ef8874c511d17caf8c7a4b132f7e99,177150,probabilistic/statistical,MNI 152 ICBM 2009c Nonlinear Asymmetric,JULICH_BRAIN_CYTOARCHITECTONIC_ATLAS_V3_1_CM_AAA_AMYGDALA_LEFT;JULICH_BRAIN_CYTOARCHITECTONIC_ATLAS_V3_1_CM_CE_AMYGDALA_LEFT;JULICH_BRAIN_CYTOARCHITECTONIC_ATLAS_V3_1_CM_ME_AMYGDALA_LEFT,3,DETERMINISTIC_SIIBRA_REGION_HIERARCHY,ALIGNED_TO_CANONICAL_LEAVES
AREA_HOC6_POS_LEFT.nii.gz,JULICH_BRAIN_CYTOARCHITECTONIC_ATLAS_V3_1_AREA_HOC6_POS,Area hOc6 (POS) left,left,81efde55658bff2c458f3437a6eed99fd19b67b937d6934a2a7343ea828c0dd0,188399,probabilistic/statistical,MNI 152 ICBM 2009c Nonlinear Asymmetric,JULICH_BRAIN_CYTOARCHITECTONIC_ATLAS_V3_1_AREA_HOC6_POS_LEFT,1,DETERMINISTIC_SIIBRA_REGION_HIERARCHY,ALIGNED_TO_CANONICAL_LEAVES
AREA_HIP6_IPS_LEFT.nii.gz,JULICH_BRAIN_CYTOARCHITECTONIC_ATLAS_V3_1_AREA_HIP6_IPS,Area hIP6 (IPS) left,left,97494da8771f109cf3a0f2e7977a6b6587a496c02c52291d251b26ceda5887e1,248893,probabilistic/statistical,MNI 152 ICBM 2009c Nonlinear Asymmetric,JULICH_BRAIN_CYTOARCHITECTONIC_ATLAS_V3_1_AREA_HIP6_IPS_LEFT,1,DETERMINISTIC_SIIBRA_REGION_HIERARCHY,ALIGNED_TO_CANONICAL_LEAVES
AREA_HIP8_IPS_LEFT.nii.gz,JULICH_BRAIN_CYTOARCHITECTONIC_ATLAS_V3_1_AREA_HIP8_IPS,Area hIP8 (IPS) left,left,b7e73f575edf7392baa7ad9ea4da883d590f4fe1f39c6da187dcb2eddc8fe943,236367,probabilistic/statistical,MNI 152 ICBM 2009c Nonlinear Asymmetric,JULICH_BRAIN_CYTOARCHITECTONIC_ATLAS_V3_1_AREA_HIP8_IPS_LEFT,1,DETERMINISTIC_SIIBRA_REGION_HIERARCHY,ALIGNED_TO_CANONICAL_LEAVES
AREA_HIP4_IPS_LEFT.nii.gz,JULICH_BRAIN_CYTOARCHITECTONIC_ATLAS_V3_1_AREA_HIP4_IPS,Area hIP4 (IPS) left,left,6f99432c9455860973aa5fb03344aed7d3b7f76eb209bee07521a5933ebdd719,228873,probabilistic/statistical,MNI 152 ICBM 2009c Nonlinear Asymmetric,JULICH_BRAIN_CYTOARCHITECTONIC_ATLAS_V3_1_AREA_HIP4_IPS_LEFT,1,DETERMINISTIC_SIIBRA_REGION_HIERARCHY,ALIGNED_TO_CANONICAL_LEAVES
AREA_HIP5_IPS_LEFT.nii.gz,JULICH_BRAIN_CYTOARCHITECTONIC_ATLAS_V3_1_AREA_HIP5_IPS,Area hIP5 (IPS) left,left,12c240e4a899b7003a9e896ca70cdf3c94631959dd93b6861088d1f41b8977de,231478,probabilistic/statistical,MNI 152 ICBM 2009c Nonlinear Asymmetric,JULICH_BRAIN_CYTOARCHITECTONIC_ATLAS_V3_1_AREA_HIP5_IPS_LEFT,1,DETERMINISTIC_SIIBRA_REGION_HIERARCHY,ALIGNED_TO_CANONICAL_LEAVES
AREA_HIP7_IPS_LEFT.nii.gz,JULICH_BRAIN_CYTOARCHITECTONIC_ATLAS_V3_1_AREA_HIP7_IPS,Area hIP7 (IPS) left,left,f5ae9f98986d37004632f785e87c36d96096dcea6c48c2882c143a668633b084,225098,probabilistic/statistical,MNI 152 ICBM 2009c Nonlinear Asymmetric,JULICH_BRAIN_CYTOARCHITECTONIC_ATLAS_V3_1_AREA_HIP7_IPS_LEFT,1,DETERMINISTIC_SIIBRA_REGION_HIERARCHY,ALIGNED_TO_CANONICAL_LEAVES
AREA_HPO1_POS_LEFT.nii.gz,JULICH_BRAIN_CYTOARCHITECTONIC_ATLAS_V3_1_AREA_HPO1_POS,Area hPO1 (POS) left,left,5684a4ff4e47d7705c11a0a840f4b31de61e17bd26dd1861b0c3047ff1ddbd5f,250570,probabilistic/statistical,MNI 152 ICBM 2009c Nonlinear Asymmetric,JULICH_BRAIN_CYTOARCHITECTONIC_ATLAS_V3_1_AREA_HPO1_POS_LEFT,1,DETERMINISTIC_SIIBRA_REGION_HIERARCHY,ALIGNED_TO_CANONICAL_LEAVES
AREA_6MP_SMA_MESIAL_SFG_LEFT.nii.gz,JULICH_BRAIN_CYTOARCHITECTONIC_ATLAS_V3_1_AREA_6MP_SMA_MESIAL_SFG,"Area 6mp (SMA, mesial SFG) left",left,f4bdc96cfca5b12db56c9efefe6c7a5870e0c005aa6baa63f2f0988c8c9d471c,173274,probabilistic/statistical,MNI 152 ICBM 2009c Nonlinear Asymmetric,JULICH_BRAIN_CYTOARCHITECTONIC_ATLAS_V3_1_AREA_6MP_SMA_MESIAL_SFG_LEFT,1,DETERMINISTIC_SIIBRA_REGION_HIERARCHY,ALIGNED_TO_CANONICAL_LEAVES
AREA_6MA_PRESMA_MESIAL_SFG_LEFT.nii.gz,JULICH_BRAIN_CYTOARCHITECTONIC_ATLAS_V3_1_AREA_6MA_PRESMA_MESIAL_SFG,"Area 6ma (preSMA, mesial SFG) left",left,5f6c2f80baa8469a3db7e4b85b6f4fa06260337f6e0cd5b4c054eb0b30b04c7b,181832,probabilistic/statistical,MNI 152 ICBM 2009c Nonlinear Asymmetric,JULICH_BRAIN_CYTOARCHITECTONIC_ATLAS_V3_1_AREA_6MA_PRESMA_MESIAL_SFG_LEFT,1,DETERMINISTIC_SIIBRA_REGION_HIERARCHY,ALIGNED_TO_CANONICAL_LEAVES
TRS_HIPPOCAMPUS_TRANSSUBICULUM_LEFT.nii.gz,JULICH_BRAIN_CYTOARCHITECTONIC_ATLAS_V3_1_TRS_HIPPOCAMPUS_TRANSSUBICULUM,"TrS (Hippocampus, Transsubiculum) left",left,c004c717c808e29ede970e45e90dfc5386de088248d3d06bb5419e47ef493323,183706,probabilistic/statistical,MNI 152 ICBM 2009c Nonlinear Asymmetric,JULICH_BRAIN_CYTOARCHITECTONIC_ATLAS_V3_1_TRS_HIPPOCAMPUS_TRANSSUBICULUM_LEFT,1,DETERMINISTIC_SIIBRA_REGION_HIERARCHY,ALIGNED_TO_CANONICAL_LEAVES
TU_BASAL_FOREBRAIN_TUBERCULUM_LEFT.nii.gz,JULICH_BRAIN_CYTOARCHITECTONIC_ATLAS_V3_1_TU_BASAL_FOREBRAIN_TUBERCULUM,"Tu (Basal Forebrain, Tuberculum) left",left,6900b103f629dd7b93b2d448ad56ddfd3ba5e23477d3a006f75bee81e6b2ca2b,167843,probabilistic/statistical,MNI 152 ICBM 2009c Nonlinear Asymmetric,JULICH_BRAIN_CYTOARCHITECTONIC_ATLAS_V3_1_TU_BASAL_FOREBRAIN_TUBERCULUM_LEFT,1,DETERMINISTIC_SIIBRA_REGION_HIERARCHY,ALIGNED_TO_CANONICAL_LEAVES
TUTI_BASAL_FOREBRAIN_TERMINAL_ISLANDS_LEFT.nii.gz,JULICH_BRAIN_CYTOARCHITECTONIC_ATLAS_V3_1_TUTI_BASAL_FOREBRAIN_TERMINAL_ISLANDS,"TuTi (Basal Forebrain, Terminal islands) left",left,756b0edf2601bf5fd03e2d692a01a62edc5436a8133a462a66b72c09cd7d4a52,180661,probabilistic/statistical,MNI 152 ICBM 2009c Nonlinear Asymmetric,JULICH_BRAIN_CYTOARCHITECTONIC_ATLAS_V3_1_TUTI_BASAL_FOREBRAIN_TERMINAL_ISLANDS_LEFT,1,DETERMINISTIC_SIIBRA_REGION_HIERARCHY,ALIGNED_TO_CANONICAL_LEAVES
AREA_FO4_OFC_LEFT.nii.gz,JULICH_BRAIN_CYTOARCHITECTONIC_ATLAS_V3_1_AREA_FO4_OFC,Area Fo4 (OFC) left,left,00c2eb1b906cc145e2e632fe19122a07d0173dd0285e60536171e1849d6b0ae1,198163,probabilistic/statistical,MNI 152 ICBM 2009c Nonlinear Asymmetric,JULICH_BRAIN_CYTOARCHITECTONIC_ATLAS_V3_1_AREA_FO4_OFC_LEFT,1,DETERMINISTIC_SIIBRA_REGION_HIERARCHY,ALIGNED_TO_CANONICAL_LEAVES
AREA_FO5_OFC_LEFT.nii.gz,JULICH_BRAIN_CYTOARCHITECTONIC_ATLAS_V3_1_AREA_FO5_OFC,Area Fo5 (OFC) left,left,d12c9843d30bd8b0f197cdf4b4b9f57ab1ac7faec165fefe49eac5dadc5ec4a9,196715,probabilistic/statistical,MNI 152 ICBM 2009c Nonlinear Asymmetric,JULICH_BRAIN_CYTOARCHITECTONIC_ATLAS_V3_1_AREA_FO5_OFC_LEFT,1,DETERMINISTIC_SIIBRA_REGION_HIERARCHY,ALIGNED_TO_CANONICAL_LEAVES
AREA_FO6_OFC_LEFT.nii.gz,JULICH_BRAIN_CYTOARCHITECTONIC_ATLAS_V3_1_AREA_FO6_OFC,Area Fo6 (OFC) left,left,08d959000bfdbc02c78268984001f6c2e8aec1c36605e4e6f026b14d4b4484ab,211962,probabilistic/statistical,MNI 152 ICBM 2009c Nonlinear Asymmetric,JULICH_BRAIN_CYTOARCHITECTONIC_ATLAS_V3_1_AREA_FO6_OFC_LEFT,1,DETERMINISTIC_SIIBRA_REGION_HIERARCHY,ALIGNED_TO_CANONICAL_LEAVES
AREA_FO7_OFC_LEFT.nii.gz,JULICH_BRAIN_CYTOARCHITECTONIC_ATLAS_V3_1_AREA_FO7_OFC,Area Fo7 (OFC) left,left,cb5494dd64182d3f691d734ef7a482bb25200932737adaa01ce1432160a9c7ca,202970,probabilistic/statistical,MNI 152 ICBM 2009c Nonlinear Asymmetric,JULICH_BRAIN_CYTOARCHITECTONIC_ATLAS_V3_1_AREA_FO7_OFC_LEFT,1,DETERMINISTIC_SIIBRA_REGION_HIERARCHY,ALIGNED_TO_CANONICAL_LEAVES
AREA_8D1_SFG_LEFT.nii.gz,JULICH_BRAIN_CYTOARCHITECTONIC_ATLAS_V3_1_AREA_8D1_SFG,Area 8d1 (SFG) left,left,45f39f3af71e0677268e0460c71f45a2a69d7b2be57c4f6cad36d5b745452310,181075,probabilistic/statistical,MNI 152 ICBM 2009c Nonlinear Asymmetric,JULICH_BRAIN_CYTOARCHITECTONIC_ATLAS_V3_1_AREA_8D1_SFG_LEFT,1,DETERMINISTIC_SIIBRA_REGION_HIERARCHY,ALIGNED_TO_CANONICAL_LEAVES
AREA_8D2_SFG_LEFT.nii.gz,JULICH_BRAIN_CYTOARCHITECTONIC_ATLAS_V3_1_AREA_8D2_SFG,Area 8d2 (SFG) left,left,9f7456baff8373b1910e83940defba81e47b17c932157e5743a26b7b6a480ad8,184675,probabilistic/statistical,MNI 152 ICBM 2009c Nonlinear Asymmetric,JULICH_BRAIN_CYTOARCHITECTONIC_ATLAS_V3_1_AREA_8D2_SFG_LEFT,1,DETERMINISTIC_SIIBRA_REGION_HIERARCHY,ALIGNED_TO_CANONICAL_LEAVES
AREA_8V2_MFG_LEFT.nii.gz,JULICH_BRAIN_CYTOARCHITECTONIC_ATLAS_V3_1_AREA_8V2_MFG,Area 8v2 (MFG) left,left,388a25ac30a1f0f4a94450f200b4e02cb1eecd9fe769c1252973901bd8a24c19,182510,probabilistic/statistical,MNI 152 ICBM 2009c Nonlinear Asymmetric,JULICH_BRAIN_CYTOARCHITECTONIC_ATLAS_V3_1_AREA_8V2_MFG_LEFT,1,DETERMINISTIC_SIIBRA_REGION_HIERARCHY,ALIGNED_TO_CANONICAL_LEAVES
AREA_8V1_MFG_LEFT.nii.gz,JULICH_BRAIN_CYTOARCHITECTONIC_ATLAS_V3_1_AREA_8V1_MFG,Area 8v1 (MFG) left,left,c1b0264dca7671eeea3895f57158a47d4098ae372d1b869dac2b71778805c557,274439,probabilistic/statistical,MNI 152 ICBM 2009c Nonlinear Asymmetric,JULICH_BRAIN_CYTOARCHITECTONIC_ATLAS_V3_1_AREA_8V1_MFG_LEFT,1,DETERMINISTIC_SIIBRA_REGION_HIERARCHY,ALIGNED_TO_CANONICAL_LEAVES
AREA_IG3_INSULA_LEFT.nii.gz,JULICH_BRAIN_CYTOARCHITECTONIC_ATLAS_V3_1_AREA_IG3_INSULA,Area Ig3 (Insula) left,left,9ccd790776444669786d0c36dbd7e69d9ea858534b4d6d0445e85ee9d17ead15,176800,probabilistic/statistical,MNI 152 ICBM 2009c Nonlinear Asymmetric,JULICH_BRAIN_CYTOARCHITECTONIC_ATLAS_V3_1_AREA_IG3_INSULA_LEFT,1,DETERMINISTIC_SIIBRA_REGION_HIERARCHY,ALIGNED_TO_CANONICAL_LEAVES
AREA_ID4_INSULA_LEFT.nii.gz,JULICH_BRAIN_CYTOARCHITECTONIC_ATLAS_V3_1_AREA_ID4_INSULA,Area Id4 (Insula) left,left,036df1ce255542ed0fef48f79f4a99f23d9f02d26e4ece1d122db19dcc16593c,186233,probabilistic/statistical,MNI 152 ICBM 2009c Nonlinear Asymmetric,JULICH_BRAIN_CYTOARCHITECTONIC_ATLAS_V3_1_AREA_ID4_INSULA_LEFT,1,DETERMINISTIC_SIIBRA_REGION_HIERARCHY,ALIGNED_TO_CANONICAL_LEAVES
AREA_ID5_INSULA_LEFT.nii.gz,JULICH_BRAIN_CYTOARCHITECTONIC_ATLAS_V3_1_AREA_ID5_INSULA,Area Id5 (Insula) left,left,7592286007a34271b0c4abaee24eed2aadd8e77a675b1c2aca4fff942404a233,189678,probabilistic/statistical,MNI 152 ICBM 2009c Nonlinear Asymmetric,JULICH_BRAIN_CYTOARCHITECTONIC_ATLAS_V3_1_AREA_ID5_INSULA_LEFT,1,DETERMINISTIC_SIIBRA_REGION_HIERARCHY,ALIGNED_TO_CANONICAL_LEAVES
AREA_IA1_INSULA_LEFT.nii.gz,JULICH_BRAIN_CYTOARCHITECTONIC_ATLAS_V3_1_AREA_IA1_INSULA,Area Ia1 (Insula) left,left,15ed408965ee8a2621ce84a0b53afe6a35970cbba38c51a045e78bd7219674d4,169180,probabilistic/statistical,MNI 152 ICBM 2009c Nonlinear Asymmetric,JULICH_BRAIN_CYTOARCHITECTONIC_ATLAS_V3_1_AREA_IA1_INSULA_LEFT,1,DETERMINISTIC_SIIBRA_REGION_HIERARCHY,ALIGNED_TO_CANONICAL_LEAVES
AREA_ID6_INSULA_LEFT.nii.gz,JULICH_BRAIN_CYTOARCHITECTONIC_ATLAS_V3_1_AREA_ID6_INSULA,Area Id6 (Insula) left,left,9a186b7028c3b2b07a6732817389abfc47fb6b269f05d14f8e94dab6d9ea60e7,226747,probabilistic/statistical,MNI 152 ICBM 2009c Nonlinear Asymmetric,JULICH_BRAIN_CYTOARCHITECTONIC_ATLAS_V3_1_AREA_ID6_INSULA_LEFT,1,DETERMINISTIC_SIIBRA_REGION_HIERARCHY,ALIGNED_TO_CANONICAL_LEAVES
AREA_SFS1_SFS_LEFT.nii.gz,JULICH_BRAIN_CYTOARCHITECTONIC_ATLAS_V3_1_AREA_SFS1_SFS,Area SFS1 (SFS) left,left,89601a2d1f57dc099c2bfe2f50c2f244946bf25c39c1e5f0c0427e1ec83e78ee,199391,probabilistic/statistical,MNI 152 ICBM 2009c Nonlinear Asymmetric,JULICH_BRAIN_CYTOARCHITECTONIC_ATLAS_V3_1_AREA_SFS1_SFS_LEFT,1,DETERMINISTIC_SIIBRA_REGION_HIERARCHY,ALIGNED_TO_CANONICAL_LEAVES
AREA_SFS2_SFS_LEFT.nii.gz,JULICH_BRAIN_CYTOARCHITECTONIC_ATLAS_V3_1_AREA_SFS2_SFS,Area SFS2 (SFS) left,left,aebaaf573ed884156681f9b3f07a39d0b94d0c70c6e506b418679dc3f7d4996c,195411,probabilistic/statistical,MNI 152 ICBM 2009c Nonlinear Asymmetric,JULICH_BRAIN_CYTOARCHITECTONIC_ATLAS_V3_1_AREA_SFS2_SFS_LEFT,1,DETERMINISTIC_SIIBRA_REGION_HIERARCHY,ALIGNED_TO_CANONICAL_LEAVES
AREA_MFG1_MFG_LEFT.nii.gz,JULICH_BRAIN_CYTOARCHITECTONIC_ATLAS_V3_1_AREA_MFG1_MFG,Area MFG1 (MFG) left,left,79fde7bb7da67928a1795b00528235a7a9cf7a938f0ea196b27d4709a393093a,205970,probabilistic/statistical,MNI 152 ICBM 2009c Nonlinear Asymmetric,JULICH_BRAIN_CYTOARCHITECTONIC_ATLAS_V3_1_AREA_MFG1_MFG_LEFT,1,DETERMINISTIC_SIIBRA_REGION_HIERARCHY,ALIGNED_TO_CANONICAL_LEAVES
AREA_MFG2_MFG_LEFT.nii.gz,JULICH_BRAIN_CYTOARCHITECTONIC_ATLAS_V3_1_AREA_MFG2_MFG,Area MFG2 (MFG) left,left,a80edd76298df10078c375ecea65c194baf39fc6befed27b7e0f9262eab1aa7a,213545,probabilistic/statistical,MNI 152 ICBM 2009c Nonlinear Asymmetric,JULICH_BRAIN_CYTOARCHITECTONIC_ATLAS_V3_1_AREA_MFG2_MFG_LEFT,1,DETERMINISTIC_SIIBRA_REGION_HIERARCHY,ALIGNED_TO_CANONICAL_LEAVES
AREA_6V1_PRECG_LEFT.nii.gz,JULICH_BRAIN_CYTOARCHITECTONIC_ATLAS_V3_1_AREA_6V1_PRECG,Area 6v1 (PreCG) left,left,1c44e62a9640229cd67ba8dccd2cb54582b28ef5b361de636b63f2864361579e,202221,probabilistic/statistical,MNI 152 ICBM 2009c Nonlinear Asymmetric,JULICH_BRAIN_CYTOARCHITECTONIC_ATLAS_V3_1_AREA_6V1_PRECG_LEFT,1,DETERMINISTIC_SIIBRA_REGION_HIERARCHY,ALIGNED_TO_CANONICAL_LEAVES
AREA_6R1_PRECG_LEFT.nii.gz,JULICH_BRAIN_CYTOARCHITECTONIC_ATLAS_V3_1_AREA_6R1_PRECG,Area 6r1 (PreCG) left,left,927caa1f9d06a923ff0737bc26b821ee0c2fda615dd0044e5da3a01bf519ff1f,179891,probabilistic/statistical,MNI 152 ICBM 2009c Nonlinear Asymmetric,JULICH_BRAIN_CYTOARCHITECTONIC_ATLAS_V3_1_AREA_6R1_PRECG_LEFT,1,DETERMINISTIC_SIIBRA_REGION_HIERARCHY,ALIGNED_TO_CANONICAL_LEAVES
AREA_OP5_FRONTAL_OPERCULUM_LEFT.nii.gz,JULICH_BRAIN_CYTOARCHITECTONIC_ATLAS_V3_1_AREA_OP5_FRONTAL_OPERCULUM,Area Op5 (Frontal Operculum) left,left,c27c5f4cbc5ebc8ab986d138d93f09612249ea382bf8c137c99c6d6a851f90bc,169870,probabilistic/statistical,MNI 152 ICBM 2009c Nonlinear Asymmetric,JULICH_BRAIN_CYTOARCHITECTONIC_ATLAS_V3_1_AREA_OP5_FRONTAL_OPERCULUM_LEFT,1,DETERMINISTIC_SIIBRA_REGION_HIERARCHY,ALIGNED_TO_CANONICAL_LEAVES
AREA_OP6_FRONTAL_OPERCULUM_LEFT.nii.gz,JULICH_BRAIN_CYTOARCHITECTONIC_ATLAS_V3_1_AREA_OP6_FRONTAL_OPERCULUM,Area Op6 (Frontal Operculum) left,left,504fc2c278d8a2cc728b76ea0eda771f608407dbedab9b12735dff8fc2ca7672,236938,probabilistic/statistical,MNI 152 ICBM 2009c Nonlinear Asymmetric,JULICH_BRAIN_CYTOARCHITECTONIC_ATLAS_V3_1_AREA_OP6_FRONTAL_OPERCULUM_LEFT,1,DETERMINISTIC_SIIBRA_REGION_HIERARCHY,ALIGNED_TO_CANONICAL_LEAVES
AREA_OP7_FRONTAL_OPERCULUM_LEFT.nii.gz,JULICH_BRAIN_CYTOARCHITECTONIC_ATLAS_V3_1_AREA_OP7_FRONTAL_OPERCULUM,Area Op7 (Frontal Operculum) left,left,94dfc0e80ef7322d38db9a43d4640e555b5085a3059c37082908039cd299aac7,162497,probabilistic/statistical,MNI 152 ICBM 2009c Nonlinear Asymmetric,JULICH_BRAIN_CYTOARCHITECTONIC_ATLAS_V3_1_AREA_OP7_FRONTAL_OPERCULUM_LEFT,1,DETERMINISTIC_SIIBRA_REGION_HIERARCHY,ALIGNED_TO_CANONICAL_LEAVES
AREA_PH1_PHG_LEFT.nii.gz,JULICH_BRAIN_CYTOARCHITECTONIC_ATLAS_V3_1_AREA_PH1_PHG,Area Ph1 (PhG) left,left,df12ef6dbdb3ef3f8dc27258fe3d3c16388ee2fe6137bc613a675ab5a10782ee,215521,probabilistic/statistical,MNI 152 ICBM 2009c Nonlinear Asymmetric,JULICH_BRAIN_CYTOARCHITECTONIC_ATLAS_V3_1_AREA_PH1_PHG_LEFT,1,DETERMINISTIC_SIIBRA_REGION_HIERARCHY,ALIGNED_TO_CANONICAL_LEAVES
AREA_PH2_PHG_LEFT.nii.gz,JULICH_BRAIN_CYTOARCHITECTONIC_ATLAS_V3_1_AREA_PH2_PHG,Area Ph2 (PhG) left,left,8d732199b795c9fa5ecd034bfbc241c029911ffbcf6e4268fcb65de7ab75b564,202829,probabilistic/statistical,MNI 152 ICBM 2009c Nonlinear Asymmetric,JULICH_BRAIN_CYTOARCHITECTONIC_ATLAS_V3_1_AREA_PH2_PHG_LEFT,1,DETERMINISTIC_SIIBRA_REGION_HIERARCHY,ALIGNED_TO_CANONICAL_LEAVES
AREA_PH3_PHG_LEFT.nii.gz,JULICH_BRAIN_CYTOARCHITECTONIC_ATLAS_V3_1_AREA_PH3_PHG,Area Ph3 (PhG) left,left,22445bb9de6ff3aa492a97609f69adcabd47dd7ea092f608f4c763228e71f27c,198819,probabilistic/statistical,MNI 152 ICBM 2009c Nonlinear Asymmetric,JULICH_BRAIN_CYTOARCHITECTONIC_ATLAS_V3_1_AREA_PH3_PHG_LEFT,1,DETERMINISTIC_SIIBRA_REGION_HIERARCHY,ALIGNED_TO_CANONICAL_LEAVES
AREA_COS1_COS_LEFT.nii.gz,JULICH_BRAIN_CYTOARCHITECTONIC_ATLAS_V3_1_AREA_COS1_COS,Area CoS1 (CoS) left,left,4ebcbc50e2e355ac77cc9011742bdac586c8ee9f461ad4d037a935152072be3f,191799,probabilistic/statistical,MNI 152 ICBM 2009c Nonlinear Asymmetric,JULICH_BRAIN_CYTOARCHITECTONIC_ATLAS_V3_1_AREA_COS1_COS_LEFT,1,DETERMINISTIC_SIIBRA_REGION_HIERARCHY,ALIGNED_TO_CANONICAL_LEAVES
ACBM_VENTRAL_STRIATUM_MEDIAL_ACCUMBENS_LEFT.nii.gz,JULICH_BRAIN_CYTOARCHITECTONIC_ATLAS_V3_1_ACBM_VENTRAL_STRIATUM_MEDIAL_ACCUMBENS,"AcbM (Ventral Striatum, Medial Accumbens) left",left,4b09c09509c8efa64a19cd831683e6f0e62b620ba7fc1d64449a4e5976e3b09b,167749,probabilistic/statistical,MNI 152 ICBM 2009c Nonlinear Asymmetric,JULICH_BRAIN_CYTOARCHITECTONIC_ATLAS_V3_1_ACBM_VENTRAL_STRIATUM_MEDIAL_ACCUMBENS_LEFT,1,DETERMINISTIC_SIIBRA_REGION_HIERARCHY,ALIGNED_TO_CANONICAL_LEAVES
FUCD_VENTRAL_STRIATUM_FUNDUS_OF_CAUDATE_NUCLEUS_LEFT.nii.gz,JULICH_BRAIN_CYTOARCHITECTONIC_ATLAS_V3_1_FUCD_VENTRAL_STRIATUM_FUNDUS_OF_CAUDATE_NUCLEUS,"FuCd (Ventral Striatum, Fundus of Caudate Nucleus) left",left,1f19061f12050a847662bcd093abb290d51ba42d6bfdac53d332fa234c486566,185860,probabilistic/statistical,MNI 152 ICBM 2009c Nonlinear Asymmetric,JULICH_BRAIN_CYTOARCHITECTONIC_ATLAS_V3_1_FUCD_VENTRAL_STRIATUM_FUNDUS_OF_CAUDATE_NUCLEUS_LEFT,1,DETERMINISTIC_SIIBRA_REGION_HIERARCHY,ALIGNED_TO_CANONICAL_LEAVES
FUP_VENTRAL_STRIATUM_FUNDUS_OF_PUTAMEN_LEFT.nii.gz,JULICH_BRAIN_CYTOARCHITECTONIC_ATLAS_V3_1_FUP_VENTRAL_STRIATUM_FUNDUS_OF_PUTAMEN,"FuP (Ventral Striatum, Fundus of Putamen) left",left,525825b45d07332cc291eed2889bbd5c22701188d998a22887a8e415cbfdfce0,193997,probabilistic/statistical,MNI 152 ICBM 2009c Nonlinear Asymmetric,JULICH_BRAIN_CYTOARCHITECTONIC_ATLAS_V3_1_FUP_VENTRAL_STRIATUM_FUNDUS_OF_PUTAMEN_LEFT,1,DETERMINISTIC_SIIBRA_REGION_HIERARCHY,ALIGNED_TO_CANONICAL_LEAVES
ACBL_VENTRAL_STRIATUM_LATERAL_ACCUMBENS_LEFT.nii.gz,JULICH_BRAIN_CYTOARCHITECTONIC_ATLAS_V3_1_ACBL_VENTRAL_STRIATUM_LATERAL_ACCUMBENS,"AcbL (Ventral Striatum, Lateral Accumbens) left",left,185a1d6c179c91bb1f02b3fc0d128b4607504a775edfec48fcc1435d9240bfdf,176368,probabilistic/statistical,MNI 152 ICBM 2009c Nonlinear Asymmetric,JULICH_BRAIN_CYTOARCHITECTONIC_ATLAS_V3_1_ACBL_VENTRAL_STRIATUM_LATERAL_ACCUMBENS_LEFT,1,DETERMINISTIC_SIIBRA_REGION_HIERARCHY,ALIGNED_TO_CANONICAL_LEAVES
VP_VENTRAL_PALLIDUM_LEFT.nii.gz,JULICH_BRAIN_CYTOARCHITECTONIC_ATLAS_V3_1_VP_VENTRAL_PALLIDUM,VP (Ventral Pallidum) left,left,2c152e5b316c501b9b6c74a2d8b809f70601dd4fa294f78fbac7988bfb663fce,175389,probabilistic/statistical,MNI 152 ICBM 2009c Nonlinear Asymmetric,JULICH_BRAIN_CYTOARCHITECTONIC_ATLAS_V3_1_VP_VENTRAL_PALLIDUM_LEFT,1,DETERMINISTIC_SIIBRA_REGION_HIERARCHY,ALIGNED_TO_CANONICAL_LEAVES
CGL_METATHALAMUS_LEFT.nii.gz,JULICH_BRAIN_CYTOARCHITECTONIC_ATLAS_V3_1_CGL_METATHALAMUS,CGL (Metathalamus) left,left,a24ba47a07df92835dbfe64d419a45be8facabae4f485161c9157acb513fdb64,175552,probabilistic/statistical,MNI 152 ICBM 2009c Nonlinear Asymmetric,JULICH_BRAIN_CYTOARCHITECTONIC_ATLAS_V3_1_CGL_METATHALAMUS_LEFT,1,DETERMINISTIC_SIIBRA_REGION_HIERARCHY,ALIGNED_TO_CANONICAL_LEAVES
CGM_METATHALAMUS_LEFT.nii.gz,JULICH_BRAIN_CYTOARCHITECTONIC_ATLAS_V3_1_CGM_METATHALAMUS,CGM (Metathalamus) left,left,4bfc57db553b252147fec90dccbdc1a193053a78700efb591a24415a5567d49b,170130,probabilistic/statistical,MNI 152 ICBM 2009c Nonlinear Asymmetric,JULICH_BRAIN_CYTOARCHITECTONIC_ATLAS_V3_1_CGM_METATHALAMUS_LEFT,1,DETERMINISTIC_SIIBRA_REGION_HIERARCHY,ALIGNED_TO_CANONICAL_LEAVES
STN_SUBTHALAMUS_LEFT.nii.gz,JULICH_BRAIN_CYTOARCHITECTONIC_ATLAS_V3_1_STN_SUBTHALAMUS,STN (Subthalamus) left,left,8c0e6790ff80df361e3ddec34d6d6c1674c94f7fdf7e5e5f80d86a074208b1c8,155669,probabilistic/statistical,MNI 152 ICBM 2009c Nonlinear Asymmetric,JULICH_BRAIN_CYTOARCHITECTONIC_ATLAS_V3_1_STN_SUBTHALAMUS_LEFT,1,DETERMINISTIC_SIIBRA_REGION_HIERARCHY,ALIGNED_TO_CANONICAL_LEAVES
VIM_THALAMUS_VENTRAL_INTERMEDIATE_NUCLEUS_LEFT.nii.gz,JULICH_BRAIN_CYTOARCHITECTONIC_ATLAS_V3_1_VIM_THALAMUS_VENTRAL_INTERMEDIATE_NUCLEUS,"VIM (Thalamus, ventral intermediate Nucleus) left",left,2d4523a7cbb8b1b1d6f8cb5f67f34a893a15b5d1c0c0b03deb66d12694e8575f,164842,probabilistic/statistical,MNI 152 ICBM 2009c Nonlinear Asymmetric,JULICH_BRAIN_CYTOARCHITECTONIC_ATLAS_V3_1_VIM_THALAMUS_VENTRAL_INTERMEDIATE_NUCLEUS_LEFT,1,DETERMINISTIC_SIIBRA_REGION_HIERARCHY,ALIGNED_TO_CANONICAL_LEAVES
AREA_SFG2_SFG_LEFT.nii.gz,JULICH_BRAIN_CYTOARCHITECTONIC_ATLAS_V3_1_AREA_SFG2_SFG,Area SFG2 (SFG) left,left,da469049a33c7dac1996200901dbb8f154460fe59ff60a5d0c8f9fb59a910647,181768,probabilistic/statistical,MNI 152 ICBM 2009c Nonlinear Asymmetric,JULICH_BRAIN_CYTOARCHITECTONIC_ATLAS_V3_1_AREA_SFG2_SFG_LEFT,1,DETERMINISTIC_SIIBRA_REGION_HIERARCHY,ALIGNED_TO_CANONICAL_LEAVES
AREA_ID9_INSULA_LEFT.nii.gz,JULICH_BRAIN_CYTOARCHITECTONIC_ATLAS_V3_1_AREA_ID9_INSULA,Area Id9 (Insula) left,left,fb06c6fd7e689add02e041d3e8484d7d8664beee2fe0959946dbcf302bfefdaf,189775,probabilistic/statistical,MNI 152 ICBM 2009c Nonlinear Asymmetric,JULICH_BRAIN_CYTOARCHITECTONIC_ATLAS_V3_1_AREA_ID9_INSULA_LEFT,1,DETERMINISTIC_SIIBRA_REGION_HIERARCHY,ALIGNED_TO_CANONICAL_LEAVES
AREA_IA3_INSULA_LEFT.nii.gz,JULICH_BRAIN_CYTOARCHITECTONIC_ATLAS_V3_1_AREA_IA3_INSULA,Area Ia3 (Insula) left,left,0e7f335e9717c8de5cd59a4352d21dd98e4c95e53195fe762edabdb30544dd2f,173724,probabilistic/statistical,MNI 152 ICBM 2009c Nonlinear Asymmetric,JULICH_BRAIN_CYTOARCHITECTONIC_ATLAS_V3_1_AREA_IA3_INSULA_LEFT,1,DETERMINISTIC_SIIBRA_REGION_HIERARCHY,ALIGNED_TO_CANONICAL_LEAVES
AREA_IA2_INSULA_LEFT.nii.gz,JULICH_BRAIN_CYTOARCHITECTONIC_ATLAS_V3_1_AREA_IA2_INSULA,Area Ia2 (Insula) left,left,720f59f99b9a608fcec767ea83e1583de1c9775480471b8f2927643ee469807e,169074,probabilistic/statistical,MNI 152 ICBM 2009c Nonlinear Asymmetric,JULICH_BRAIN_CYTOARCHITECTONIC_ATLAS_V3_1_AREA_IA2_INSULA_LEFT,1,DETERMINISTIC_SIIBRA_REGION_HIERARCHY,ALIGNED_TO_CANONICAL_LEAVES
AREA_ID8_INSULA_LEFT.nii.gz,JULICH_BRAIN_CYTOARCHITECTONIC_ATLAS_V3_1_AREA_ID8_INSULA,Area Id8 (Insula) left,left,68f7e577301c98101c69152fa8d4d3942d1524e73972daefb38bf16dbe754e98,200523,probabilistic/statistical,MNI 152 ICBM 2009c Nonlinear Asymmetric,JULICH_BRAIN_CYTOARCHITECTONIC_ATLAS_V3_1_AREA_ID8_INSULA_LEFT,1,DETERMINISTIC_SIIBRA_REGION_HIERARCHY,ALIGNED_TO_CANONICAL_LEAVES
AREA_ID10_INSULA_LEFT.nii.gz,JULICH_BRAIN_CYTOARCHITECTONIC_ATLAS_V3_1_AREA_ID10_INSULA,Area Id10 (Insula) left,left,0da960c6796526932ff76e1b8866382d6bb7014f249636e53685313b0cbb2766,204639,probabilistic/statistical,MNI 152 ICBM 2009c Nonlinear Asymmetric,JULICH_BRAIN_CYTOARCHITECTONIC_ATLAS_V3_1_AREA_ID10_INSULA_LEFT,1,DETERMINISTIC_SIIBRA_REGION_HIERARCHY,ALIGNED_TO_CANONICAL_LEAVES
BST_BASAL_FOREBRAIN_BED_NUCLEUS_LEFT.nii.gz,JULICH_BRAIN_CYTOARCHITECTONIC_ATLAS_V3_1_BST_BASAL_FOREBRAIN_BED_NUCLEUS,"BST (Basal Forebrain, Bed Nucleus) left",left,b72a2396a977ebfbb3668a5fb5981ec43c676e7c497d688a788e0539f8537102,153941,probabilistic/statistical,MNI 152 ICBM 2009c Nonlinear Asymmetric,JULICH_BRAIN_CYTOARCHITECTONIC_ATLAS_V3_1_BST_BASAL_FOREBRAIN_BED_NUCLEUS_LEFT,1,DETERMINISTIC_SIIBRA_REGION_HIERARCHY,ALIGNED_TO_CANONICAL_LEAVES
AREA_OP10_FRONTAL_OPERCULUM_LEFT.nii.gz,JULICH_BRAIN_CYTOARCHITECTONIC_ATLAS_V3_1_AREA_OP10_FRONTAL_OPERCULUM,Area Op10 (Frontal Operculum) left,left,55ab572e02e0166a31e55e9d640e8d1f31d9de1b09555ed75fc546dc495bef25,163054,probabilistic/statistical,MNI 152 ICBM 2009c Nonlinear Asymmetric,JULICH_BRAIN_CYTOARCHITECTONIC_ATLAS_V3_1_AREA_OP10_FRONTAL_OPERCULUM_LEFT,1,DETERMINISTIC_SIIBRA_REGION_HIERARCHY,ALIGNED_TO_CANONICAL_LEAVES
AREA_FG5_FUSG_LEFT.nii.gz,JULICH_BRAIN_CYTOARCHITECTONIC_ATLAS_V3_1_AREA_FG5_FUSG,Area FG5 (FusG) left,left,dc86746fa5be3238bacd6cfef196af5f346363b6240665a90bcde35f98c796fa,174975,probabilistic/statistical,MNI 152 ICBM 2009c Nonlinear Asymmetric,JULICH_BRAIN_CYTOARCHITECTONIC_ATLAS_V3_1_AREA_FG5_FUSG_LEFT,1,DETERMINISTIC_SIIBRA_REGION_HIERARCHY,ALIGNED_TO_CANONICAL_LEAVES
AREA_OTS1_OTS_LEFT.nii.gz,JULICH_BRAIN_CYTOARCHITECTONIC_ATLAS_V3_1_AREA_OTS1_OTS,Area OTS1 (OTS) left,left,369524be825d3cd1e059e137162ac27265f0842b6ecdeb6ba9109ef4b2cb795c,168529,probabilistic/statistical,MNI 152 ICBM 2009c Nonlinear Asymmetric,JULICH_BRAIN_CYTOARCHITECTONIC_ATLAS_V3_1_AREA_OTS1_OTS_LEFT,1,DETERMINISTIC_SIIBRA_REGION_HIERARCHY,ALIGNED_TO_CANONICAL_LEAVES
AREA_PIRTB_PIRIFORMCORTEXMESIAL_TEMPOROBASAL_LEFT.nii.gz,JULICH_BRAIN_CYTOARCHITECTONIC_ATLAS_V3_1_AREA_PIRTB_PIRIFORMCORTEXMESIAL_TEMPOROBASAL,"Area PirTB (PiriformCortexMesial, temporobasal) left",left,9508af030c26bc58100e05ea0fc5f7e631e87a92de255d7af28a14388cca82b2,152376,probabilistic/statistical,MNI 152 ICBM 2009c Nonlinear Asymmetric,JULICH_BRAIN_CYTOARCHITECTONIC_ATLAS_V3_1_AREA_PIRTB_TBD_PIRIFORMCORTEXMESIAL_PIRIFORM_TEMPOROBASAL_AREA_DORSAL_PART_LEFT;JULICH_BRAIN_CYTOARCHITECTONIC_ATLAS_V3_1_AREA_PIRTB_TBV_PIRIFORMCORTEXMESIAL_PIRIFORM_TEMPOROBASAL_AREA_VENTRAL_PART_LEFT,2,DETERMINISTIC_SIIBRA_REGION_HIERARCHY,ALIGNED_TO_CANONICAL_LEAVES
AREA_PIRT_PIRIFORMCORTEXMESIAL_TEMPORAL_LEFT.nii.gz,JULICH_BRAIN_CYTOARCHITECTONIC_ATLAS_V3_1_AREA_PIRT_PIRIFORMCORTEXMESIAL_TEMPORAL,"Area PirT (PiriformCortexMesial, temporal) left",left,ca93450b49b4c594bb9b5e4cedd741a8fd75e2e98e9fbb0b6af61fd1c3c0a523,193302,probabilistic/statistical,MNI 152 ICBM 2009c Nonlinear Asymmetric,JULICH_BRAIN_CYTOARCHITECTONIC_ATLAS_V3_1_AREA_PIRT_TIT_PIRIFORMCORTEXMESIAL_PIRIFORM_TEMPORAL_AREA_INCISURA_TEMPORALIS_LEFT;JULICH_BRAIN_CYTOARCHITECTONIC_ATLAS_V3_1_AREA_PIRT_TU_PIRIFORMCORTEXMESIAL_PIRIFORM_TEMPORAL_AREA_UNCUS_LEFT,2,DETERMINISTIC_SIIBRA_REGION_HIERARCHY,ALIGNED_TO_CANONICAL_LEAVES
NRM_MIDBRAIN_NUCLEUS_RUBER_MAGNOCELLULAR_PART_LEFT.nii.gz,JULICH_BRAIN_CYTOARCHITECTONIC_ATLAS_V3_1_NRM_MIDBRAIN_NUCLEUS_RUBER_MAGNOCELLULAR_PART,"NRm (Midbrain, Nucleus Ruber, magnocellular part) left",left,7f2fc1fb886ee12779a21198e7dc21ddf3bf390da524471192fa1dc0882cc2a1,162611,probabilistic/statistical,MNI 152 ICBM 2009c Nonlinear Asymmetric,JULICH_BRAIN_CYTOARCHITECTONIC_ATLAS_V3_1_NRM_MIDBRAIN_NUCLEUS_RUBER_MAGNOCELLULAR_PART_LEFT,1,DETERMINISTIC_SIIBRA_REGION_HIERARCHY,ALIGNED_TO_CANONICAL_LEAVES
NRP_MIDBRAIN_NUCLEUS_RUBER_PARVOCELLULAR_PART_LEFT.nii.gz,JULICH_BRAIN_CYTOARCHITECTONIC_ATLAS_V3_1_NRP_MIDBRAIN_NUCLEUS_RUBER_PARVOCELLULAR_PART,"NRp (Midbrain, Nucleus Ruber, parvocellular part) left",left,c0a5cad6dfbd067028fc2f2e0a200995f773866ec6e8b6423df4928f7cfee351,158879,probabilistic/statistical,MNI 152 ICBM 2009c Nonlinear Asymmetric,JULICH_BRAIN_CYTOARCHITECTONIC_ATLAS_V3_1_NRP_MIDBRAIN_NUCLEUS_RUBER_PARVOCELLULAR_PART_LEFT,1,DETERMINISTIC_SIIBRA_REGION_HIERARCHY,ALIGNED_TO_CANONICAL_LEAVES
AREA_6V2_PRECG_LEFT.nii.gz,JULICH_BRAIN_CYTOARCHITECTONIC_ATLAS_V3_1_AREA_6V2_PRECG,Area 6v2 (PreCG) left,left,0c15cf09fd0fc6eb480e8a3c64fc41d742a0b466274b4bb25f0acbf523750bbe,193377,probabilistic/statistical,MNI 152 ICBM 2009c Nonlinear Asymmetric,JULICH_BRAIN_CYTOARCHITECTONIC_ATLAS_V3_1_AREA_6V2_PRECG_LEFT,1,DETERMINISTIC_SIIBRA_REGION_HIERARCHY,ALIGNED_TO_CANONICAL_LEAVES
AREA_6V3_PRECG_LEFT.nii.gz,JULICH_BRAIN_CYTOARCHITECTONIC_ATLAS_V3_1_AREA_6V3_PRECG,Area 6v3 (PreCG) left,left,a9c7d20aff2a358190befdc9d932c04765b9e107346fb4bbadd3e6973ec21a20,266487,probabilistic/statistical,MNI 152 ICBM 2009c Nonlinear Asymmetric,JULICH_BRAIN_CYTOARCHITECTONIC_ATLAS_V3_1_AREA_6V3_PRECG_LEFT,1,DETERMINISTIC_SIIBRA_REGION_HIERARCHY,ALIGNED_TO_CANONICAL_LEAVES
FRONTAL_II_GAPMAP_LEFT.nii.gz,JULICH_BRAIN_CYTOARCHITECTONIC_ATLAS_V3_1_FRONTAL_II_GAPMAP,Frontal-II (GapMap) left,left,1115feb933bd9bcdfb9cf2a890cdf8c6db8aaf796d088a2500e21fdb45371d47,200327,probabilistic/statistical,MNI 152 ICBM 2009c Nonlinear Asymmetric,JULICH_BRAIN_CYTOARCHITECTONIC_ATLAS_V3_1_FRONTAL_II_GAPMAP_LEFT,1,DETERMINISTIC_SIIBRA_REGION_HIERARCHY,ALIGNED_TO_CANONICAL_LEAVES
TEMPORAL_TO_PARIETAL_GAPMAP_LEFT.nii.gz,JULICH_BRAIN_CYTOARCHITECTONIC_ATLAS_V3_1_TEMPORAL_TO_PARIETAL_GAPMAP,Temporal-to-Parietal (GapMap) left,left,fd3c438594553a32f865801f0254d255b282314cc0286047602dbb33a32b32ac,572527,probabilistic/statistical,MNI 152 ICBM 2009c Nonlinear Asymmetric,JULICH_BRAIN_CYTOARCHITECTONIC_ATLAS_V3_1_TEMPORAL_TO_PARIETAL_GAPMAP_LEFT,1,DETERMINISTIC_SIIBRA_REGION_HIERARCHY,ALIGNED_TO_CANONICAL_LEAVES
FRONTAL_TO_OCCIPITAL_GAPMAP_LEFT.nii.gz,JULICH_BRAIN_CYTOARCHITECTONIC_ATLAS_V3_1_FRONTAL_TO_OCCIPITAL_GAPMAP,Frontal-to-Occipital (GapMap) left,left,5c6fb175f04454faf8a3053f7ce4bf2f626513ce9b403bcec4ecce4e5e4ee67c,506493,probabilistic/statistical,MNI 152 ICBM 2009c Nonlinear Asymmetric,JULICH_BRAIN_CYTOARCHITECTONIC_ATLAS_V3_1_FRONTAL_TO_OCCIPITAL_GAPMAP_LEFT,1,DETERMINISTIC_SIIBRA_REGION_HIERARCHY,ALIGNED_TO_CANONICAL_LEAVES
FRONTAL_TO_TEMPORAL_I_GAPMAP_LEFT.nii.gz,JULICH_BRAIN_CYTOARCHITECTONIC_ATLAS_V3_1_FRONTAL_TO_TEMPORAL_I_GAPMAP,Frontal-to-Temporal-I (GapMap) left,left,fb9430b0437080fe23198dfbd300ff69f362844556163dfe65bd4c975a61e7df,206315,probabilistic/statistical,MNI 152 ICBM 2009c Nonlinear Asymmetric,JULICH_BRAIN_CYTOARCHITECTONIC_ATLAS_V3_1_FRONTAL_TO_TEMPORAL_I_GAPMAP_LEFT,1,DETERMINISTIC_SIIBRA_REGION_HIERARCHY,ALIGNED_TO_CANONICAL_LEAVES
FRONTAL_TO_TEMPORAL_II_GAPMAP_LEFT.nii.gz,JULICH_BRAIN_CYTOARCHITECTONIC_ATLAS_V3_1_FRONTAL_TO_TEMPORAL_II_GAPMAP,Frontal-to-Temporal-II (GapMap) left,left,4318417b0259550d354903c87d296663469cc769ed3367fb5042f5fdd257cb3f,300415,probabilistic/statistical,MNI 152 ICBM 2009c Nonlinear Asymmetric,JULICH_BRAIN_CYTOARCHITECTONIC_ATLAS_V3_1_FRONTAL_TO_TEMPORAL_II_GAPMAP_LEFT,1,DETERMINISTIC_SIIBRA_REGION_HIERARCHY,ALIGNED_TO_CANONICAL_LEAVES
FRONTAL_I_1_GAPMAP_LEFT.nii.gz,JULICH_BRAIN_CYTOARCHITECTONIC_ATLAS_V3_1_FRONTAL_I_1_GAPMAP,Frontal-I.1 (GapMap) left,left,8e391f583b6531bf39947445f6d7967ad12521485f1aee1ae42badc09db0d061,219558,probabilistic/statistical,MNI 152 ICBM 2009c Nonlinear Asymmetric,JULICH_BRAIN_CYTOARCHITECTONIC_ATLAS_V3_1_FRONTAL_I_1_GAPMAP_LEFT,1,DETERMINISTIC_SIIBRA_REGION_HIERARCHY,ALIGNED_TO_CANONICAL_LEAVES
FRONTAL_I_2_GAPMAP_LEFT.nii.gz,JULICH_BRAIN_CYTOARCHITECTONIC_ATLAS_V3_1_FRONTAL_I_2_GAPMAP,Frontal-I.2 (GapMap) left,left,5e435e98050439b462f86600b648546af8e7eb34d119280f15cb54037c2ec85f,217450,probabilistic/statistical,MNI 152 ICBM 2009c Nonlinear Asymmetric,JULICH_BRAIN_CYTOARCHITECTONIC_ATLAS_V3_1_FRONTAL_I_2_GAPMAP_LEFT,1,DETERMINISTIC_SIIBRA_REGION_HIERARCHY,ALIGNED_TO_CANONICAL_LEAVES
MV_THALAMUS_MEDIOVENTRAL_NUCLEUS_LEFT.nii.gz,JULICH_BRAIN_CYTOARCHITECTONIC_ATLAS_V3_1_MV_THALAMUS_MEDIOVENTRAL_NUCLEUS,"MV (Thalamus, medioventral Nucleus) left",left,dadd12339f5d21d76173bbd6438bd19017f04d3648f0a56408826291c645e902,160394,probabilistic/statistical,MNI 152 ICBM 2009c Nonlinear Asymmetric,JULICH_BRAIN_CYTOARCHITECTONIC_ATLAS_V3_1_MV_THALAMUS_MEDIOVENTRAL_NUCLEUS_LEFT,1,DETERMINISTIC_SIIBRA_REGION_HIERARCHY,ALIGNED_TO_CANONICAL_LEAVES
AM_THALAMUS_ANTEROMEDIAL_NUCLEUS_LEFT.nii.gz,JULICH_BRAIN_CYTOARCHITECTONIC_ATLAS_V3_1_AM_THALAMUS_ANTEROMEDIAL_NUCLEUS,"AM (Thalamus, anteromedial Nucleus) left",left,f959e3545270f25c3039c09797462396f30859e66da7fa49a41ab38dc108fc1f,163581,probabilistic/statistical,MNI 152 ICBM 2009c Nonlinear Asymmetric,JULICH_BRAIN_CYTOARCHITECTONIC_ATLAS_V3_1_AM_THALAMUS_ANTEROMEDIAL_NUCLEUS_LEFT,1,DETERMINISTIC_SIIBRA_REGION_HIERARCHY,ALIGNED_TO_CANONICAL_LEAVES
ZI_THALAMUS_ZONA_INCERTA_LEFT.nii.gz,JULICH_BRAIN_CYTOARCHITECTONIC_ATLAS_V3_1_ZI_THALAMUS_ZONA_INCERTA,"ZI (Thalamus, zona incerta) left",left,1cccac586d954a6d6787513afe33ad6c5f252152d78c85ae1de367bb2f2013c2,178077,probabilistic/statistical,MNI 152 ICBM 2009c Nonlinear Asymmetric,JULICH_BRAIN_CYTOARCHITECTONIC_ATLAS_V3_1_ZI_THALAMUS_ZONA_INCERTA_LEFT,1,DETERMINISTIC_SIIBRA_REGION_HIERARCHY,ALIGNED_TO_CANONICAL_LEAVES
VPI_THALAMUS_VENTROPOSTERIOR_INFERIOR_NUCLEUS_LEFT.nii.gz,JULICH_BRAIN_CYTOARCHITECTONIC_ATLAS_V3_1_VPI_THALAMUS_VENTROPOSTERIOR_INFERIOR_NUCLEUS,"VPi (Thalamus, ventroposterior inferior Nucleus) left",left,48cd44a679745ebe255f592eec14ec83f556fe5ef1a7282653637adf6b200327,164486,probabilistic/statistical,MNI 152 ICBM 2009c Nonlinear Asymmetric,JULICH_BRAIN_CYTOARCHITECTONIC_ATLAS_V3_1_VPI_THALAMUS_VENTROPOSTERIOR_INFERIOR_NUCLEUS_LEFT,1,DETERMINISTIC_SIIBRA_REGION_HIERARCHY,ALIGNED_TO_CANONICAL_LEAVES
AREA_SFG3_SFG_LEFT.nii.gz,JULICH_BRAIN_CYTOARCHITECTONIC_ATLAS_V3_1_AREA_SFG3_SFG,Area SFG3 (SFG) left,left,226542bb3f5e96c5f9f3f329af11c70d9dd77395031d4bfc6d6a6e1c24582426,252719,probabilistic/statistical,MNI 152 ICBM 2009c Nonlinear Asymmetric,JULICH_BRAIN_CYTOARCHITECTONIC_ATLAS_V3_1_AREA_SFG3_SFG_LEFT,1,DETERMINISTIC_SIIBRA_REGION_HIERARCHY,ALIGNED_TO_CANONICAL_LEAVES
AREA_SFG4_SFG_LEFT.nii.gz,JULICH_BRAIN_CYTOARCHITECTONIC_ATLAS_V3_1_AREA_SFG4_SFG,Area SFG4 (SFG) left,left,bd8c1e42cf283adb66dd5af3b50057eb7944f6e643ab6d4f554e9feb8005174a,288985,probabilistic/statistical,MNI 152 ICBM 2009c Nonlinear Asymmetric,JULICH_BRAIN_CYTOARCHITECTONIC_ATLAS_V3_1_AREA_SFG4_SFG_LEFT,1,DETERMINISTIC_SIIBRA_REGION_HIERARCHY,ALIGNED_TO_CANONICAL_LEAVES
AREA_MFG4_MFG_LEFT.nii.gz,JULICH_BRAIN_CYTOARCHITECTONIC_ATLAS_V3_1_AREA_MFG4_MFG,Area MFG4 (MFG) left,left,5935fd76ebab31e43f243138b394ff5418ee48c5e5c7b402ebd0b4473b24b21a,288961,probabilistic/statistical,MNI 152 ICBM 2009c Nonlinear Asymmetric,JULICH_BRAIN_CYTOARCHITECTONIC_ATLAS_V3_1_AREA_MFG4_MFG_LEFT,1,DETERMINISTIC_SIIBRA_REGION_HIERARCHY,ALIGNED_TO_CANONICAL_LEAVES
AREA_MFG5_MFG_IFG_LEFT.nii.gz,JULICH_BRAIN_CYTOARCHITECTONIC_ATLAS_V3_1_AREA_MFG5_MFG_IFG,"Area MFG5 (MFG, IFG) left",left,4f428c3f5ce41f5a26d7fdec05628b55a0be5543f08fc5a14bd59aa495c4af70,181678,probabilistic/statistical,MNI 152 ICBM 2009c Nonlinear Asymmetric,JULICH_BRAIN_CYTOARCHITECTONIC_ATLAS_V3_1_AREA_MFG5_MFG_IFG_LEFT,1,DETERMINISTIC_SIIBRA_REGION_HIERARCHY,ALIGNED_TO_CANONICAL_LEAVES
AREA_45_IFG_RIGHT.nii.gz,JULICH_BRAIN_CYTOARCHITECTONIC_ATLAS_V3_1_AREA_45_IFG,Area 45 (IFG) right,right,6d6456adec56b45f73ed9afb7a6fd3a16c7c5c12c58aee537b30b9c8ee4832a9,300539,probabilistic/statistical,MNI 152 ICBM 2009c Nonlinear Asymmetric,JULICH_BRAIN_CYTOARCHITECTONIC_ATLAS_V3_1_AREA_45_IFG_RIGHT,1,DETERMINISTIC_SIIBRA_REGION_HIERARCHY,ALIGNED_TO_CANONICAL_LEAVES
AREA_44_IFG_RIGHT.nii.gz,JULICH_BRAIN_CYTOARCHITECTONIC_ATLAS_V3_1_AREA_44_IFG,Area 44 (IFG) right,right,632e6ef02383a025fe3a815072f60c9f09d880db1bb1630f042bd0e8281b8f44,186906,probabilistic/statistical,MNI 152 ICBM 2009c Nonlinear Asymmetric,JULICH_BRAIN_CYTOARCHITECTONIC_ATLAS_V3_1_AREA_44_IFG_RIGHT,1,DETERMINISTIC_SIIBRA_REGION_HIERARCHY,ALIGNED_TO_CANONICAL_LEAVES
AREA_FO1_OFC_RIGHT.nii.gz,JULICH_BRAIN_CYTOARCHITECTONIC_ATLAS_V3_1_AREA_FO1_OFC,Area Fo1 (OFC) right,right,e63b6b84137395257f6449da86fd81149e2c2d2b024bd207ba9660190f948271,209201,probabilistic/statistical,MNI 152 ICBM 2009c Nonlinear Asymmetric,JULICH_BRAIN_CYTOARCHITECTONIC_ATLAS_V3_1_AREA_FO1_OFC_RIGHT,1,DETERMINISTIC_SIIBRA_REGION_HIERARCHY,ALIGNED_TO_CANONICAL_LEAVES
AREA_FO2_OFC_RIGHT.nii.gz,JULICH_BRAIN_CYTOARCHITECTONIC_ATLAS_V3_1_AREA_FO2_OFC,Area Fo2 (OFC) right,right,b742d29c5bd5b518c34709c20154ad8c8d9e0579131f4f9cafc28a56b3d390db,199763,probabilistic/statistical,MNI 152 ICBM 2009c Nonlinear Asymmetric,JULICH_BRAIN_CYTOARCHITECTONIC_ATLAS_V3_1_AREA_FO2_OFC_RIGHT,1,DETERMINISTIC_SIIBRA_REGION_HIERARCHY,ALIGNED_TO_CANONICAL_LEAVES
AREA_FO3_OFC_RIGHT.nii.gz,JULICH_BRAIN_CYTOARCHITECTONIC_ATLAS_V3_1_AREA_FO3_OFC,Area Fo3 (OFC) right,right,f4bd8094d8326f41e7d11bda6920e00c27f092b91c4c981894150d6027f4cc1c,275481,probabilistic/statistical,MNI 152 ICBM 2009c Nonlinear Asymmetric,JULICH_BRAIN_CYTOARCHITECTONIC_ATLAS_V3_1_AREA_FO3_OFC_RIGHT,1,DETERMINISTIC_SIIBRA_REGION_HIERARCHY,ALIGNED_TO_CANONICAL_LEAVES
AREA_HOC5_LOC_RIGHT.nii.gz,JULICH_BRAIN_CYTOARCHITECTONIC_ATLAS_V3_1_AREA_HOC5_LOC,Area hOc5 (LOC) right,right,7edb6b56e0ad3feffd4ddf848bf92f97cb007e1e1f066250dce26ae199a88a97,203293,probabilistic/statistical,MNI 152 ICBM 2009c Nonlinear Asymmetric,JULICH_BRAIN_CYTOARCHITECTONIC_ATLAS_V3_1_AREA_HOC5_LOC_RIGHT,1,DETERMINISTIC_SIIBRA_REGION_HIERARCHY,ALIGNED_TO_CANONICAL_LEAVES
AREA_HOC2_V2_18_RIGHT.nii.gz,JULICH_BRAIN_CYTOARCHITECTONIC_ATLAS_V3_1_AREA_HOC2_V2_18,"Area hOc2 (V2, 18) right",right,57618df5afddaa0074172cacfebffad3762fd7afac56cba46d2954f13927bd20,437452,probabilistic/statistical,MNI 152 ICBM 2009c Nonlinear Asymmetric,JULICH_BRAIN_CYTOARCHITECTONIC_ATLAS_V3_1_AREA_HOC2_V2_18_RIGHT,1,DETERMINISTIC_SIIBRA_REGION_HIERARCHY,ALIGNED_TO_CANONICAL_LEAVES
AREA_HOC1_V1_17_CALCS_RIGHT.nii.gz,JULICH_BRAIN_CYTOARCHITECTONIC_ATLAS_V3_1_AREA_HOC1_V1_17_CALCS,"Area hOc1 (V1, 17, CalcS) right",right,a36be632929b2687d0bb4e4d4a8bbec20ff18e592a93edd27f79cc481e1c5c41,374390,probabilistic/statistical,MNI 152 ICBM 2009c Nonlinear Asymmetric,JULICH_BRAIN_CYTOARCHITECTONIC_ATLAS_V3_1_AREA_HOC1_V1_17_CALCS_RIGHT,1,DETERMINISTIC_SIIBRA_REGION_HIERARCHY,ALIGNED_TO_CANONICAL_LEAVES
AREA_HOC4V_LINGG_RIGHT.nii.gz,JULICH_BRAIN_CYTOARCHITECTONIC_ATLAS_V3_1_AREA_HOC4V_LINGG,Area hOc4v (LingG) right,right,6bf12bb0ca1b791853a14ed5125f7071128c3c1f4184fcd3919c2c12c60f9186,256470,probabilistic/statistical,MNI 152 ICBM 2009c Nonlinear Asymmetric,JULICH_BRAIN_CYTOARCHITECTONIC_ATLAS_V3_1_AREA_HOC4V_LINGG_RIGHT,1,DETERMINISTIC_SIIBRA_REGION_HIERARCHY,ALIGNED_TO_CANONICAL_LEAVES
AREA_HOC3V_LINGG_RIGHT.nii.gz,JULICH_BRAIN_CYTOARCHITECTONIC_ATLAS_V3_1_AREA_HOC3V_LINGG,Area hOc3v (LingG) right,right,36ab567944ad825d4f8e77010ff1a9ac215a4fe582ed8f5e6fe33b9fda5fe1ef,276084,probabilistic/statistical,MNI 152 ICBM 2009c Nonlinear Asymmetric,JULICH_BRAIN_CYTOARCHITECTONIC_ATLAS_V3_1_AREA_HOC3V_LINGG_RIGHT,1,DETERMINISTIC_SIIBRA_REGION_HIERARCHY,ALIGNED_TO_CANONICAL_LEAVES
ASTR_AMYGDALA_RIGHT.nii.gz,JULICH_BRAIN_CYTOARCHITECTONIC_ATLAS_V3_1_ASTR_AMYGDALA,Astr (Amygdala) right,right,1fce53d281b5923339397ab6f606434ea266a9ab676c906582fc758cef67fffc,167877,probabilistic/statistical,MNI 152 ICBM 2009c Nonlinear Asymmetric,JULICH_BRAIN_CYTOARCHITECTONIC_ATLAS_V3_1_ASTR_AMYGDALA_RIGHT,1,DETERMINISTIC_SIIBRA_REGION_HIERARCHY,ALIGNED_TO_CANONICAL_LEAVES
AREA_TE_1_0_HESCHL_RIGHT.nii.gz,JULICH_BRAIN_CYTOARCHITECTONIC_ATLAS_V3_1_AREA_TE_1_0_HESCHL,Area Te 1.0 (HESCHL) right,right,f1e1cf91bed695adfa680dbfe002cb48ccea41a5ec59aa261345fa9b5ef9d701,204900,probabilistic/statistical,MNI 152 ICBM 2009c Nonlinear Asymmetric,JULICH_BRAIN_CYTOARCHITECTONIC_ATLAS_V3_1_AREA_TE_1_0_HESCHL_RIGHT,1,DETERMINISTIC_SIIBRA_REGION_HIERARCHY,ALIGNED_TO_CANONICAL_LEAVES
AREA_TE_2_1_STG_RIGHT.nii.gz,JULICH_BRAIN_CYTOARCHITECTONIC_ATLAS_V3_1_AREA_TE_2_1_STG,Area Te 2.1 (STG) right,right,4ae3b047e565030e43c30f0fdaa4bbb01af22892f890edad5da9d02de7b256b5,201828,probabilistic/statistical,MNI 152 ICBM 2009c Nonlinear Asymmetric,JULICH_BRAIN_CYTOARCHITECTONIC_ATLAS_V3_1_AREA_TE_2_1_STG_RIGHT,1,DETERMINISTIC_SIIBRA_REGION_HIERARCHY,ALIGNED_TO_CANONICAL_LEAVES
AREA_TPJ_STG_SMG_RIGHT.nii.gz,JULICH_BRAIN_CYTOARCHITECTONIC_ATLAS_V3_1_AREA_TPJ_STG_SMG,"Area TPJ (STG, SMG) right",right,daf83a2ff4398d297b6af2efd25a5c91ed8a907ba3ec83524e0f9ab6a8101886,245117,probabilistic/statistical,MNI 152 ICBM 2009c Nonlinear Asymmetric,JULICH_BRAIN_CYTOARCHITECTONIC_ATLAS_V3_1_AREA_TPJ_STG_SMG_RIGHT,1,DETERMINISTIC_SIIBRA_REGION_HIERARCHY,ALIGNED_TO_CANONICAL_LEAVES
AREA_TE_1_2_HESCHL_RIGHT.nii.gz,JULICH_BRAIN_CYTOARCHITECTONIC_ATLAS_V3_1_AREA_TE_1_2_HESCHL,Area Te 1.2 (HESCHL) right,right,e3e6c5c0e223d9ea7835081ffd80398c3437ba0f4037f5b7078aa688d4a10a75,189859,probabilistic/statistical,MNI 152 ICBM 2009c Nonlinear Asymmetric,JULICH_BRAIN_CYTOARCHITECTONIC_ATLAS_V3_1_AREA_TE_1_2_HESCHL_RIGHT,1,DETERMINISTIC_SIIBRA_REGION_HIERARCHY,ALIGNED_TO_CANONICAL_LEAVES
AREA_TE_3_STG_RIGHT.nii.gz,JULICH_BRAIN_CYTOARCHITECTONIC_ATLAS_V3_1_AREA_TE_3_STG,Area Te 3 (STG) right,right,3132c46a7455d1c54714e584d30f701e8f7b7ea691b6be9bfe2608dbdaff6233,281248,probabilistic/statistical,MNI 152 ICBM 2009c Nonlinear Asymmetric,JULICH_BRAIN_CYTOARCHITECTONIC_ATLAS_V3_1_AREA_TE_3_STG_RIGHT,1,DETERMINISTIC_SIIBRA_REGION_HIERARCHY,ALIGNED_TO_CANONICAL_LEAVES
AREA_TE_1_1_HESCHL_RIGHT.nii.gz,JULICH_BRAIN_CYTOARCHITECTONIC_ATLAS_V3_1_AREA_TE_1_1_HESCHL,Area Te 1.1 (HESCHL) right,right,0fb9d00ba2661a26e9a8c443ec2dfc2d982a2a30607783c94daa8ac058c9f98e,196880,probabilistic/statistical,MNI 152 ICBM 2009c Nonlinear Asymmetric,JULICH_BRAIN_CYTOARCHITECTONIC_ATLAS_V3_1_AREA_TE_1_1_HESCHL_RIGHT,1,DETERMINISTIC_SIIBRA_REGION_HIERARCHY,ALIGNED_TO_CANONICAL_LEAVES
AREA_TE_2_2_STG_RIGHT.nii.gz,JULICH_BRAIN_CYTOARCHITECTONIC_ATLAS_V3_1_AREA_TE_2_2_STG,Area Te 2.2 (STG) right,right,dbd42840c7a7fbc40b92c839254cb5a9d4a2841d7773b4be64c24feb09a50ae2,249973,probabilistic/statistical,MNI 152 ICBM 2009c Nonlinear Asymmetric,JULICH_BRAIN_CYTOARCHITECTONIC_ATLAS_V3_1_AREA_TE_2_2_STG_RIGHT,1,DETERMINISTIC_SIIBRA_REGION_HIERARCHY,ALIGNED_TO_CANONICAL_LEAVES
AREA_33_ACC_RIGHT.nii.gz,JULICH_BRAIN_CYTOARCHITECTONIC_ATLAS_V3_1_AREA_33_ACC,Area 33 (ACC) right,right,79e2fae7c841bb1d63cb0e962164dbda1fe303205dd60696d6e048353056edc0,250509,probabilistic/statistical,MNI 152 ICBM 2009c Nonlinear Asymmetric,JULICH_BRAIN_CYTOARCHITECTONIC_ATLAS_V3_1_AREA_33_ACC_RIGHT,1,DETERMINISTIC_SIIBRA_REGION_HIERARCHY,ALIGNED_TO_CANONICAL_LEAVES
AREA_S32_SACC_RIGHT.nii.gz,JULICH_BRAIN_CYTOARCHITECTONIC_ATLAS_V3_1_AREA_S32_SACC,Area s32 (sACC) right,right,af0fcaffb6dc0ada31dd6a3e8527ccf15c3cce49f16e5847b2355636b7c991d7,200489,probabilistic/statistical,MNI 152 ICBM 2009c Nonlinear Asymmetric,JULICH_BRAIN_CYTOARCHITECTONIC_ATLAS_V3_1_AREA_S32_SACC_RIGHT,1,DETERMINISTIC_SIIBRA_REGION_HIERARCHY,ALIGNED_TO_CANONICAL_LEAVES
AREA_P32_PACC_RIGHT.nii.gz,JULICH_BRAIN_CYTOARCHITECTONIC_ATLAS_V3_1_AREA_P32_PACC,Area p32 (pACC) right,right,48630381e47323fdc2872f7a1727a494684d60e896570d33e7271ab6f9b261ba,282805,probabilistic/statistical,MNI 152 ICBM 2009c Nonlinear Asymmetric,JULICH_BRAIN_CYTOARCHITECTONIC_ATLAS_V3_1_AREA_P32_PACC_RIGHT,1,DETERMINISTIC_SIIBRA_REGION_HIERARCHY,ALIGNED_TO_CANONICAL_LEAVES
AREA_ID2_INSULA_RIGHT.nii.gz,JULICH_BRAIN_CYTOARCHITECTONIC_ATLAS_V3_1_AREA_ID2_INSULA,Area Id2 (Insula) right,right,2e928211c1c11de7cdb39db638322723858e2db5cad7874fe18f62c5c62d060b,188523,probabilistic/statistical,MNI 152 ICBM 2009c Nonlinear Asymmetric,JULICH_BRAIN_CYTOARCHITECTONIC_ATLAS_V3_1_AREA_ID2_INSULA_RIGHT,1,DETERMINISTIC_SIIBRA_REGION_HIERARCHY,ALIGNED_TO_CANONICAL_LEAVES
AREA_ID3_INSULA_RIGHT.nii.gz,JULICH_BRAIN_CYTOARCHITECTONIC_ATLAS_V3_1_AREA_ID3_INSULA,Area Id3 (Insula) right,right,17d51f35f5eba175c4484263a57bb0db0ef0dcb4ec9dbdfc9c64825afb999cf6,198058,probabilistic/statistical,MNI 152 ICBM 2009c Nonlinear Asymmetric,JULICH_BRAIN_CYTOARCHITECTONIC_ATLAS_V3_1_AREA_ID3_INSULA_RIGHT,1,DETERMINISTIC_SIIBRA_REGION_HIERARCHY,ALIGNED_TO_CANONICAL_LEAVES
CA2_HIPPOCAMPUS_RIGHT.nii.gz,JULICH_BRAIN_CYTOARCHITECTONIC_ATLAS_V3_1_CA2_HIPPOCAMPUS,CA2 (Hippocampus) right,right,556f278f463de8d998aedd2107f289f965249d8d61bed58ba8b79d732e3d6764,224980,probabilistic/statistical,MNI 152 ICBM 2009c Nonlinear Asymmetric,JULICH_BRAIN_CYTOARCHITECTONIC_ATLAS_V3_1_CA2_HIPPOCAMPUS_RIGHT,1,DETERMINISTIC_SIIBRA_REGION_HIERARCHY,ALIGNED_TO_CANONICAL_LEAVES
CA3_HIPPOCAMPUS_RIGHT.nii.gz,JULICH_BRAIN_CYTOARCHITECTONIC_ATLAS_V3_1_CA3_HIPPOCAMPUS,CA3 (Hippocampus) right,right,86d6c78eab8592a10b40aeec21b1cf35fa6e419f1547b07052c6e9caed39058f,227580,probabilistic/statistical,MNI 152 ICBM 2009c Nonlinear Asymmetric,JULICH_BRAIN_CYTOARCHITECTONIC_ATLAS_V3_1_CA3_HIPPOCAMPUS_RIGHT,1,DETERMINISTIC_SIIBRA_REGION_HIERARCHY,ALIGNED_TO_CANONICAL_LEAVES
AREA_EC_HIPPOCAMPAL_REGION_ENTORHINAL_CORTEX_RIGHT.nii.gz,JULICH_BRAIN_CYTOARCHITECTONIC_ATLAS_V3_1_AREA_EC_HIPPOCAMPAL_REGION_ENTORHINAL_CORTEX,"Area EC (Hippocampal Region, Entorhinal Cortex) right",right,3e7d690789df1caff66fc1e03c0363f73343e25e1a80877b08c16911d804bd75,234700,probabilistic/statistical,MNI 152 ICBM 2009c Nonlinear Asymmetric,JULICH_BRAIN_CYTOARCHITECTONIC_ATLAS_V3_1_AREA_EC_HIPPOCAMPAL_REGION_ENTORHINAL_CORTEX_RIGHT,1,DETERMINISTIC_SIIBRA_REGION_HIERARCHY,ALIGNED_TO_CANONICAL_LEAVES
DG_HIPPOCAMPUS_RIGHT.nii.gz,JULICH_BRAIN_CYTOARCHITECTONIC_ATLAS_V3_1_DG_HIPPOCAMPUS,DG (Hippocampus) right,right,147dd4efdc39ac0542af1621d0191a59294d938cd5f1b16fc40e9fb3eb452ac5,237984,probabilistic/statistical,MNI 152 ICBM 2009c Nonlinear Asymmetric,JULICH_BRAIN_CYTOARCHITECTONIC_ATLAS_V3_1_DG_HIPPOCAMPUS_RIGHT,1,DETERMINISTIC_SIIBRA_REGION_HIERARCHY,ALIGNED_TO_CANONICAL_LEAVES
CA1_HIPPOCAMPUS_RIGHT.nii.gz,JULICH_BRAIN_CYTOARCHITECTONIC_ATLAS_V3_1_CA1_HIPPOCAMPUS,CA1 (Hippocampus) right,right,9718b3bdf9c8d1b6bb254491dc7e447a9c23ec91596395a24256e39cee6ebaaf,277821,probabilistic/statistical,MNI 152 ICBM 2009c Nonlinear Asymmetric,JULICH_BRAIN_CYTOARCHITECTONIC_ATLAS_V3_1_CA1_HIPPOCAMPUS_RIGHT,1,DETERMINISTIC_SIIBRA_REGION_HIERARCHY,ALIGNED_TO_CANONICAL_LEAVES
HATA_HIPPOCAMPUS_RIGHT.nii.gz,JULICH_BRAIN_CYTOARCHITECTONIC_ATLAS_V3_1_HATA_HIPPOCAMPUS,HATA (Hippocampus) right,right,ee663612831b08901178708e2b648d5a95a60a2180ee82655237539df9dff0e6,168390,probabilistic/statistical,MNI 152 ICBM 2009c Nonlinear Asymmetric,JULICH_BRAIN_CYTOARCHITECTONIC_ATLAS_V3_1_HATA_HIPPOCAMPUS_RIGHT,1,DETERMINISTIC_SIIBRA_REGION_HIERARCHY,ALIGNED_TO_CANONICAL_LEAVES
AREA_OP4_POPERC_RIGHT.nii.gz,JULICH_BRAIN_CYTOARCHITECTONIC_ATLAS_V3_1_AREA_OP4_POPERC,Area Op4 (POperc) right,right,4f5a89bec941c15e1c49cb6ce4de7af8b8eeaddce9186bc6a428da2ea58abf90,262044,probabilistic/statistical,MNI 152 ICBM 2009c Nonlinear Asymmetric,JULICH_BRAIN_CYTOARCHITECTONIC_ATLAS_V3_1_AREA_OP4_POPERC_RIGHT,1,DETERMINISTIC_SIIBRA_REGION_HIERARCHY,ALIGNED_TO_CANONICAL_LEAVES
AREA_OP1_POPERC_RIGHT.nii.gz,JULICH_BRAIN_CYTOARCHITECTONIC_ATLAS_V3_1_AREA_OP1_POPERC,Area Op1 (POperc) right,right,f8d305850abf3744a91ec4eee3bb65a388aa21952a0efa6c1a14c37063d5b3f9,183041,probabilistic/statistical,MNI 152 ICBM 2009c Nonlinear Asymmetric,JULICH_BRAIN_CYTOARCHITECTONIC_ATLAS_V3_1_AREA_OP1_POPERC_RIGHT,1,DETERMINISTIC_SIIBRA_REGION_HIERARCHY,ALIGNED_TO_CANONICAL_LEAVES
AREA_OP2_POPERC_RIGHT.nii.gz,JULICH_BRAIN_CYTOARCHITECTONIC_ATLAS_V3_1_AREA_OP2_POPERC,Area Op2 (POperc) right,right,82593016951fbf935b190e5fa7b7981b9d4c325a276417098c2908930b5b941f,158790,probabilistic/statistical,MNI 152 ICBM 2009c Nonlinear Asymmetric,JULICH_BRAIN_CYTOARCHITECTONIC_ATLAS_V3_1_AREA_OP2_POPERC_RIGHT,1,DETERMINISTIC_SIIBRA_REGION_HIERARCHY,ALIGNED_TO_CANONICAL_LEAVES
AREA_OP3_POPERC_RIGHT.nii.gz,JULICH_BRAIN_CYTOARCHITECTONIC_ATLAS_V3_1_AREA_OP3_POPERC,Area Op3 (POperc) right,right,48733a9331a6c3b96c241b637f71ef841637d374ddf03c0058b8d53271ca430c,168958,probabilistic/statistical,MNI 152 ICBM 2009c Nonlinear Asymmetric,JULICH_BRAIN_CYTOARCHITECTONIC_ATLAS_V3_1_AREA_OP3_POPERC_RIGHT,1,DETERMINISTIC_SIIBRA_REGION_HIERARCHY,ALIGNED_TO_CANONICAL_LEAVES
VAMC_THALAMUS_VENTRAL_ANTERIOR_NUCLEUS_MAGNOCELLULAR_PART_RIGHT.nii.gz,JULICH_BRAIN_CYTOARCHITECTONIC_ATLAS_V3_1_VAMC_THALAMUS_VENTRAL_ANTERIOR_NUCLEUS_MAGNOCELLULAR_PART,"VAmc (Thalamus, ventral anterior Nucleus, magnocellular part) right",right,45a5e0d5dd953fe68cff968464cf54497b9d1aad6e7da16a4db59dda32e9981d,190094,probabilistic/statistical,MNI 152 ICBM 2009c Nonlinear Asymmetric,JULICH_BRAIN_CYTOARCHITECTONIC_ATLAS_V3_1_VAMC_THALAMUS_VENTRAL_ANTERIOR_NUCLEUS_MAGNOCELLULAR_PART_RIGHT,1,DETERMINISTIC_SIIBRA_REGION_HIERARCHY,ALIGNED_TO_CANONICAL_LEAVES
VA_THALAMUS_VENTRAL_ANTERIOR_NUCLEUS_VENTRAL_RIGHT.nii.gz,JULICH_BRAIN_CYTOARCHITECTONIC_ATLAS_V3_1_VA_THALAMUS_VENTRAL_ANTERIOR_NUCLEUS_VENTRAL,"VA (Thalamus, ventral anterior Nucleus (ventral)) right",right,9d275099490498a42b936db462971b91d11765502436e759403254503f060d59,192991,probabilistic/statistical,MNI 152 ICBM 2009c Nonlinear Asymmetric,JULICH_BRAIN_CYTOARCHITECTONIC_ATLAS_V3_1_VA_THALAMUS_VENTRAL_ANTERIOR_NUCLEUS_VENTRAL_RIGHT,1,DETERMINISTIC_SIIBRA_REGION_HIERARCHY,ALIGNED_TO_CANONICAL_LEAVES
PF_THALAMUS_PARAFASCICULAR_NUCLEUS_RIGHT.nii.gz,JULICH_BRAIN_CYTOARCHITECTONIC_ATLAS_V3_1_PF_THALAMUS_PARAFASCICULAR_NUCLEUS,"Pf (Thalamus, parafascicular Nucleus) right",right,dc5d398b448744ceea4ade9fb1d724770b89b6f256d3635b24a48faa67bd4c6a,166681,probabilistic/statistical,MNI 152 ICBM 2009c Nonlinear Asymmetric,JULICH_BRAIN_CYTOARCHITECTONIC_ATLAS_V3_1_PF_THALAMUS_PARAFASCICULAR_NUCLEUS_RIGHT,1,DETERMINISTIC_SIIBRA_REGION_HIERARCHY,ALIGNED_TO_CANONICAL_LEAVES
LP_THALAMUS_LATERAL_POSTERIOR_NUCLEUS_RIGHT.nii.gz,JULICH_BRAIN_CYTOARCHITECTONIC_ATLAS_V3_1_LP_THALAMUS_LATERAL_POSTERIOR_NUCLEUS,"LP (Thalamus, lateral posterior Nucleus) right",right,b948780a7db65b7a3b21faf541fe7447c496da1497f13e0e025f7186cdce341d,170248,probabilistic/statistical,MNI 152 ICBM 2009c Nonlinear Asymmetric,JULICH_BRAIN_CYTOARCHITECTONIC_ATLAS_V3_1_LP_THALAMUS_LATERAL_POSTERIOR_NUCLEUS_RIGHT,1,DETERMINISTIC_SIIBRA_REGION_HIERARCHY,ALIGNED_TO_CANONICAL_LEAVES
LI_THALAMUS_LIMITANS_NUCLEUS_RIGHT.nii.gz,JULICH_BRAIN_CYTOARCHITECTONIC_ATLAS_V3_1_LI_THALAMUS_LIMITANS_NUCLEUS,"Li (Thalamus, limitans Nucleus) right",right,0dc3a66a8b562dbd36dd475fa659d4c2d53b9a8cd5678f0d720606e9c48082b2,164928,probabilistic/statistical,MNI 152 ICBM 2009c Nonlinear Asymmetric,JULICH_BRAIN_CYTOARCHITECTONIC_ATLAS_V3_1_LI_THALAMUS_LIMITANS_NUCLEUS_RIGHT,1,DETERMINISTIC_SIIBRA_REGION_HIERARCHY,ALIGNED_TO_CANONICAL_LEAVES
PV_THALAMUS_PARAVENTRICULAR_NUCLEUS_RIGHT.nii.gz,JULICH_BRAIN_CYTOARCHITECTONIC_ATLAS_V3_1_PV_THALAMUS_PARAVENTRICULAR_NUCLEUS,"Pv (Thalamus, paraventricular Nucleus) right",right,be216301351a16a068f084b3e06d82c00bf54e095634e12098d1c4ce6a639aa6,168670,probabilistic/statistical,MNI 152 ICBM 2009c Nonlinear Asymmetric,JULICH_BRAIN_CYTOARCHITECTONIC_ATLAS_V3_1_PV_THALAMUS_PARAVENTRICULAR_NUCLEUS_RIGHT,1,DETERMINISTIC_SIIBRA_REGION_HIERARCHY,ALIGNED_TO_CANONICAL_LEAVES
SG_THALAMUS_SUPRAGENICULATE_NUCLEUS_RIGHT.nii.gz,JULICH_BRAIN_CYTOARCHITECTONIC_ATLAS_V3_1_SG_THALAMUS_SUPRAGENICULATE_NUCLEUS,"Sg (Thalamus, suprageniculate Nucleus) right",right,05d6359fcad23d990ed2af1beb4414ce959cbdd2c6bc277740f731f25d5025a0,165693,probabilistic/statistical,MNI 152 ICBM 2009c Nonlinear Asymmetric,JULICH_BRAIN_CYTOARCHITECTONIC_ATLAS_V3_1_SG_THALAMUS_SUPRAGENICULATE_NUCLEUS_RIGHT,1,DETERMINISTIC_SIIBRA_REGION_HIERARCHY,ALIGNED_TO_CANONICAL_LEAVES
PO_THALAMUS_POSTERIOR_NUCLEUS_RIGHT.nii.gz,JULICH_BRAIN_CYTOARCHITECTONIC_ATLAS_V3_1_PO_THALAMUS_POSTERIOR_NUCLEUS,"Po (Thalamus, posterior Nucleus) right",right,e0044eef4afff87fe61fa190b7d08a7ca8d2d6b9e03d2c61f653e883fa92fa21,168492,probabilistic/statistical,MNI 152 ICBM 2009c Nonlinear Asymmetric,JULICH_BRAIN_CYTOARCHITECTONIC_ATLAS_V3_1_PO_THALAMUS_POSTERIOR_NUCLEUS_RIGHT,1,DETERMINISTIC_SIIBRA_REGION_HIERARCHY,ALIGNED_TO_CANONICAL_LEAVES
SPF_THALAMUS_SUBPARAFASCICULAR_NUCLEUS_RIGHT.nii.gz,JULICH_BRAIN_CYTOARCHITECTONIC_ATLAS_V3_1_SPF_THALAMUS_SUBPARAFASCICULAR_NUCLEUS,"sPf (Thalamus, subparafascicular Nucleus) right",right,8043058c9a3a8a80457cd535dc85132ffc84375828b0140d13e83cb8ada0ac0e,163650,probabilistic/statistical,MNI 152 ICBM 2009c Nonlinear Asymmetric,JULICH_BRAIN_CYTOARCHITECTONIC_ATLAS_V3_1_SPF_THALAMUS_SUBPARAFASCICULAR_NUCLEUS_RIGHT,1,DETERMINISTIC_SIIBRA_REGION_HIERARCHY,ALIGNED_TO_CANONICAL_LEAVES
RT_THALAMUS_RETICULAR_NUCLEUS_RIGHT.nii.gz,JULICH_BRAIN_CYTOARCHITECTONIC_ATLAS_V3_1_RT_THALAMUS_RETICULAR_NUCLEUS,"Rt (Thalamus, reticular Nucleus) right",right,137303a5c0c0f1708cd1d61fbd6c13486b2e421d555537de59a4e17a76fee508,186672,probabilistic/statistical,MNI 152 ICBM 2009c Nonlinear Asymmetric,JULICH_BRAIN_CYTOARCHITECTONIC_ATLAS_V3_1_RT_THALAMUS_RETICULAR_NUCLEUS_RIGHT,1,DETERMINISTIC_SIIBRA_REGION_HIERARCHY,ALIGNED_TO_CANONICAL_LEAVES
CL_THALAMUS_ANTERIOR_INTRALAMINAR_NUCLEI_RIGHT.nii.gz,JULICH_BRAIN_CYTOARCHITECTONIC_ATLAS_V3_1_CL_THALAMUS_ANTERIOR_INTRALAMINAR_NUCLEI,"CL (Thalamus, anterior intralaminar nuclei) right",right,3356e13bb05967bfa699d7781d6844c872ac56835a472dfb3fdef4fde9e179ca,202277,probabilistic/statistical,MNI 152 ICBM 2009c Nonlinear Asymmetric,JULICH_BRAIN_CYTOARCHITECTONIC_ATLAS_V3_1_CL_THALAMUS_ANTERIOR_INTRALAMINAR_NUCLEI_RIGHT,1,DETERMINISTIC_SIIBRA_REGION_HIERARCHY,ALIGNED_TO_CANONICAL_LEAVES
PUI_THALAMUS_INFERIOR_PULVINAR_RIGHT.nii.gz,JULICH_BRAIN_CYTOARCHITECTONIC_ATLAS_V3_1_PUI_THALAMUS_INFERIOR_PULVINAR,"PUi (Thalamus, inferior pulvinar) right",right,9ae1beae55e70bc15cb6ccf7e162d074b718f2bd69174d8b204d944068e3f68b,166849,probabilistic/statistical,MNI 152 ICBM 2009c Nonlinear Asymmetric,JULICH_BRAIN_CYTOARCHITECTONIC_ATLAS_V3_1_PUI_THALAMUS_INFERIOR_PULVINAR_RIGHT,1,DETERMINISTIC_SIIBRA_REGION_HIERARCHY,ALIGNED_TO_CANONICAL_LEAVES
CM_THALAMUS_CENTROMEDIAN_NUCLEUS_RIGHT.nii.gz,JULICH_BRAIN_CYTOARCHITECTONIC_ATLAS_V3_1_CM_THALAMUS_CENTROMEDIAN_NUCLEUS,"CM (Thalamus, centromedian Nucleus) right",right,8b7bd430cd50ead2558f01d7e6bff0c3434be97ccf00b28efef79dcecfc3ae09,171445,probabilistic/statistical,MNI 152 ICBM 2009c Nonlinear Asymmetric,JULICH_BRAIN_CYTOARCHITECTONIC_ATLAS_V3_1_CM_THALAMUS_CENTROMEDIAN_NUCLEUS_RIGHT,1,DETERMINISTIC_SIIBRA_REGION_HIERARCHY,ALIGNED_TO_CANONICAL_LEAVES
VM_THALAMUS_VENTRAL_MEDIAL_NUCLEUS_RIGHT.nii.gz,JULICH_BRAIN_CYTOARCHITECTONIC_ATLAS_V3_1_VM_THALAMUS_VENTRAL_MEDIAL_NUCLEUS,"VM (Thalamus, ventral medial Nucleus) right",right,5c119b5e2f55f68392fa7854268357f668c263e48be1c87de3a18aeea1cadf7c,165055,probabilistic/statistical,MNI 152 ICBM 2009c Nonlinear Asymmetric,JULICH_BRAIN_CYTOARCHITECTONIC_ATLAS_V3_1_VM_THALAMUS_VENTRAL_MEDIAL_NUCLEUS_RIGHT,1,DETERMINISTIC_SIIBRA_REGION_HIERARCHY,ALIGNED_TO_CANONICAL_LEAVES
VPMPC_THALAMUS_VENTRAL_POSTERIOR_MEDIAL_NUCLEUS_PARVOCELLULAR_PART_RIGHT.nii.gz,JULICH_BRAIN_CYTOARCHITECTONIC_ATLAS_V3_1_VPMPC_THALAMUS_VENTRAL_POSTERIOR_MEDIAL_NUCLEUS_PARVOCELLULAR_PART,"VPMpc (Thalamus, ventral posterior medial Nucleus, parvocellular part) right",right,de4872e39bffcc37a078472b74a5ccb4b0c3be43be27b95db927757714c56c71,163314,probabilistic/statistical,MNI 152 ICBM 2009c Nonlinear Asymmetric,JULICH_BRAIN_CYTOARCHITECTONIC_ATLAS_V3_1_VPMPC_THALAMUS_VENTRAL_POSTERIOR_MEDIAL_NUCLEUS_PARVOCELLULAR_PART_RIGHT,1,DETERMINISTIC_SIIBRA_REGION_HIERARCHY,ALIGNED_TO_CANONICAL_LEAVES
LD_THALAMUS_LATERAL_DORSAL_NUCLEUS_RIGHT.nii.gz,JULICH_BRAIN_CYTOARCHITECTONIC_ATLAS_V3_1_LD_THALAMUS_LATERAL_DORSAL_NUCLEUS,"LD (Thalamus, lateral dorsal Nucleus) right",right,4314b2b8630924fc7724fb5723d0c263d06e0a540f7a740751023b47c704bddc,170520,probabilistic/statistical,MNI 152 ICBM 2009c Nonlinear Asymmetric,JULICH_BRAIN_CYTOARCHITECTONIC_ATLAS_V3_1_LD_THALAMUS_LATERAL_DORSAL_NUCLEUS_RIGHT,1,DETERMINISTIC_SIIBRA_REGION_HIERARCHY,ALIGNED_TO_CANONICAL_LEAVES
AREA_FG2_FUSG_RIGHT.nii.gz,JULICH_BRAIN_CYTOARCHITECTONIC_ATLAS_V3_1_AREA_FG2_FUSG,Area FG2 (FusG) right,right,d466bb4bd8b2540f346eed732dc2a8c698f417f67ea49c131be14610f3c44fcc,240194,probabilistic/statistical,MNI 152 ICBM 2009c Nonlinear Asymmetric,JULICH_BRAIN_CYTOARCHITECTONIC_ATLAS_V3_1_AREA_FG2_FUSG_RIGHT,1,DETERMINISTIC_SIIBRA_REGION_HIERARCHY,ALIGNED_TO_CANONICAL_LEAVES
AREA_FG1_FUSG_RIGHT.nii.gz,JULICH_BRAIN_CYTOARCHITECTONIC_ATLAS_V3_1_AREA_FG1_FUSG,Area FG1 (FusG) right,right,0f8932d9e8a5dfc4a53f95080d63ab9011128fde5934a4a475fefb6762d3bb54,221081,probabilistic/statistical,MNI 152 ICBM 2009c Nonlinear Asymmetric,JULICH_BRAIN_CYTOARCHITECTONIC_ATLAS_V3_1_AREA_FG1_FUSG_RIGHT,1,DETERMINISTIC_SIIBRA_REGION_HIERARCHY,ALIGNED_TO_CANONICAL_LEAVES
AREA_PGP_IPL_RIGHT.nii.gz,JULICH_BRAIN_CYTOARCHITECTONIC_ATLAS_V3_1_AREA_PGP_IPL,Area PGp (IPL) right,right,3394bc7498b7189fc374bd39f0d71e6b3fa639b6676c4db0ede56965ab03ad4f,316101,probabilistic/statistical,MNI 152 ICBM 2009c Nonlinear Asymmetric,JULICH_BRAIN_CYTOARCHITECTONIC_ATLAS_V3_1_AREA_PGP_IPL_RIGHT,1,DETERMINISTIC_SIIBRA_REGION_HIERARCHY,ALIGNED_TO_CANONICAL_LEAVES
AREA_PFT_IPL_RIGHT.nii.gz,JULICH_BRAIN_CYTOARCHITECTONIC_ATLAS_V3_1_AREA_PFT_IPL,Area PFt (IPL) right,right,598126a17ca5af504dbb1bea6d2cda2ebdf8a22aa0819779fc226fac16d67809,264365,probabilistic/statistical,MNI 152 ICBM 2009c Nonlinear Asymmetric,JULICH_BRAIN_CYTOARCHITECTONIC_ATLAS_V3_1_AREA_PFT_IPL_RIGHT,1,DETERMINISTIC_SIIBRA_REGION_HIERARCHY,ALIGNED_TO_CANONICAL_LEAVES
AREA_PGA_IPL_RIGHT.nii.gz,JULICH_BRAIN_CYTOARCHITECTONIC_ATLAS_V3_1_AREA_PGA_IPL,Area PGa (IPL) right,right,c3001fd9d7f4644a5fb2c31e85599353cf9706cbb124933c3db317ba7cc8c5fc,336865,probabilistic/statistical,MNI 152 ICBM 2009c Nonlinear Asymmetric,JULICH_BRAIN_CYTOARCHITECTONIC_ATLAS_V3_1_AREA_PGA_IPL_RIGHT,1,DETERMINISTIC_SIIBRA_REGION_HIERARCHY,ALIGNED_TO_CANONICAL_LEAVES
AREA_PFOP_IPL_RIGHT.nii.gz,JULICH_BRAIN_CYTOARCHITECTONIC_ATLAS_V3_1_AREA_PFOP_IPL,Area PFop (IPL) right,right,32029875bbc499d936d09b6ae08d1033fe2c8045ad4b34d108eda0c2e534bd20,249696,probabilistic/statistical,MNI 152 ICBM 2009c Nonlinear Asymmetric,JULICH_BRAIN_CYTOARCHITECTONIC_ATLAS_V3_1_AREA_PFOP_IPL_RIGHT,1,DETERMINISTIC_SIIBRA_REGION_HIERARCHY,ALIGNED_TO_CANONICAL_LEAVES
AREA_PFM_IPL_RIGHT.nii.gz,JULICH_BRAIN_CYTOARCHITECTONIC_ATLAS_V3_1_AREA_PFM_IPL,Area PFm (IPL) right,right,4ee6f1ee90fe452db165126d793d68c3eefa10a98961c8e44cf45941fbb4bd3d,291607,probabilistic/statistical,MNI 152 ICBM 2009c Nonlinear Asymmetric,JULICH_BRAIN_CYTOARCHITECTONIC_ATLAS_V3_1_AREA_PFM_IPL_RIGHT,1,DETERMINISTIC_SIIBRA_REGION_HIERARCHY,ALIGNED_TO_CANONICAL_LEAVES
AREA_PFCM_IPL_RIGHT.nii.gz,JULICH_BRAIN_CYTOARCHITECTONIC_ATLAS_V3_1_AREA_PFCM_IPL,Area PFcm (IPL) right,right,7309105c7de9e60949a49dabe568ee0d04839e1685054638ee6f2a016d931743,244446,probabilistic/statistical,MNI 152 ICBM 2009c Nonlinear Asymmetric,JULICH_BRAIN_CYTOARCHITECTONIC_ATLAS_V3_1_AREA_PFCM_IPL_RIGHT,1,DETERMINISTIC_SIIBRA_REGION_HIERARCHY,ALIGNED_TO_CANONICAL_LEAVES
AREA_IG2_INSULA_RIGHT.nii.gz,JULICH_BRAIN_CYTOARCHITECTONIC_ATLAS_V3_1_AREA_IG2_INSULA,Area Ig2 (Insula) right,right,cc10016ac2f64e4728baa0da5bcd97238e206be7381ad27aba90052c65d88d9b,189028,probabilistic/statistical,MNI 152 ICBM 2009c Nonlinear Asymmetric,JULICH_BRAIN_CYTOARCHITECTONIC_ATLAS_V3_1_AREA_IG2_INSULA_RIGHT,1,DETERMINISTIC_SIIBRA_REGION_HIERARCHY,ALIGNED_TO_CANONICAL_LEAVES
AREA_IG1_INSULA_RIGHT.nii.gz,JULICH_BRAIN_CYTOARCHITECTONIC_ATLAS_V3_1_AREA_IG1_INSULA,Area Ig1 (Insula) right,right,4bf9ea5458d6ff6285d8099695940deb18956aa1eb841dfb1bb21398727a430d,181649,probabilistic/statistical,MNI 152 ICBM 2009c Nonlinear Asymmetric,JULICH_BRAIN_CYTOARCHITECTONIC_ATLAS_V3_1_AREA_IG1_INSULA_RIGHT,1,DETERMINISTIC_SIIBRA_REGION_HIERARCHY,ALIGNED_TO_CANONICAL_LEAVES
AREA_ID1_INSULA_RIGHT.nii.gz,JULICH_BRAIN_CYTOARCHITECTONIC_ATLAS_V3_1_AREA_ID1_INSULA,Area Id1 (Insula) right,right,b2145d3f7b3601e47b1f17e28c140d9244cc22ba7cc02f8e9bfe27e85758b5bf,183355,probabilistic/statistical,MNI 152 ICBM 2009c Nonlinear Asymmetric,JULICH_BRAIN_CYTOARCHITECTONIC_ATLAS_V3_1_AREA_ID1_INSULA_RIGHT,1,DETERMINISTIC_SIIBRA_REGION_HIERARCHY,ALIGNED_TO_CANONICAL_LEAVES
AREA_HOC4LP_LOC_RIGHT.nii.gz,JULICH_BRAIN_CYTOARCHITECTONIC_ATLAS_V3_1_AREA_HOC4LP_LOC,Area hOc4lp (LOC) right,right,e6a8b852e75e9dabb93da07b8fe5f4283a350268cb36ebf2fce5b33b83804098,262990,probabilistic/statistical,MNI 152 ICBM 2009c Nonlinear Asymmetric,JULICH_BRAIN_CYTOARCHITECTONIC_ATLAS_V3_1_AREA_HOC4LP_LOC_RIGHT,1,DETERMINISTIC_SIIBRA_REGION_HIERARCHY,ALIGNED_TO_CANONICAL_LEAVES
AREA_HOC4LA_LOC_RIGHT.nii.gz,JULICH_BRAIN_CYTOARCHITECTONIC_ATLAS_V3_1_AREA_HOC4LA_LOC,Area hOc4la (LOC) right,right,ac41b69c9a390a842a88da426ee3511df6fe0306694deb5007c88c9c5e51204e,270288,probabilistic/statistical,MNI 152 ICBM 2009c Nonlinear Asymmetric,JULICH_BRAIN_CYTOARCHITECTONIC_ATLAS_V3_1_AREA_HOC4LA_LOC_RIGHT,1,DETERMINISTIC_SIIBRA_REGION_HIERARCHY,ALIGNED_TO_CANONICAL_LEAVES
AREA_HOC4D_CUNEUS_RIGHT.nii.gz,JULICH_BRAIN_CYTOARCHITECTONIC_ATLAS_V3_1_AREA_HOC4D_CUNEUS,Area hOc4d (Cuneus) right,right,052b38abe46834965ec546a78e3b251321a99e066470562b75f783118fb2692c,258779,probabilistic/statistical,MNI 152 ICBM 2009c Nonlinear Asymmetric,JULICH_BRAIN_CYTOARCHITECTONIC_ATLAS_V3_1_AREA_HOC4D_CUNEUS_RIGHT,1,DETERMINISTIC_SIIBRA_REGION_HIERARCHY,ALIGNED_TO_CANONICAL_LEAVES
AREA_HOC3D_CUNEUS_RIGHT.nii.gz,JULICH_BRAIN_CYTOARCHITECTONIC_ATLAS_V3_1_AREA_HOC3D_CUNEUS,Area hOc3d (Cuneus) right,right,916b37df946dad4a7c4b997b2aa0f9019512c1729eadcd9dd5f1cfac7dda4bb4,296172,probabilistic/statistical,MNI 152 ICBM 2009c Nonlinear Asymmetric,JULICH_BRAIN_CYTOARCHITECTONIC_ATLAS_V3_1_AREA_HOC3D_CUNEUS_RIGHT,1,DETERMINISTIC_SIIBRA_REGION_HIERARCHY,ALIGNED_TO_CANONICAL_LEAVES
AREA_4P_PRECG_RIGHT.nii.gz,JULICH_BRAIN_CYTOARCHITECTONIC_ATLAS_V3_1_AREA_4P_PRECG,Area 4p (PreCG) right,right,6c719ffa2ee398f9e10f7d053c43481e7b1eaef6c0c00269e4e8b38c7095840d,188377,probabilistic/statistical,MNI 152 ICBM 2009c Nonlinear Asymmetric,JULICH_BRAIN_CYTOARCHITECTONIC_ATLAS_V3_1_AREA_4P_PRECG_RIGHT,1,DETERMINISTIC_SIIBRA_REGION_HIERARCHY,ALIGNED_TO_CANONICAL_LEAVES
AREA_4A_PRECG_RIGHT.nii.gz,JULICH_BRAIN_CYTOARCHITECTONIC_ATLAS_V3_1_AREA_4A_PRECG,Area 4a (PreCG) right,right,f732f4b6148162b94b4b691856082ef8480816e089b4ac7dd02a1f30b8e82f97,398048,probabilistic/statistical,MNI 152 ICBM 2009c Nonlinear Asymmetric,JULICH_BRAIN_CYTOARCHITECTONIC_ATLAS_V3_1_AREA_4A_PRECG_RIGHT,1,DETERMINISTIC_SIIBRA_REGION_HIERARCHY,ALIGNED_TO_CANONICAL_LEAVES
AREA_1_POSTCG_RIGHT.nii.gz,JULICH_BRAIN_CYTOARCHITECTONIC_ATLAS_V3_1_AREA_1_POSTCG,Area 1 (PostCG) right,right,0e8860b34d153419643036b62f9394f2d0bcc23190aeaffde974e44fb715021c,321974,probabilistic/statistical,MNI 152 ICBM 2009c Nonlinear Asymmetric,JULICH_BRAIN_CYTOARCHITECTONIC_ATLAS_V3_1_AREA_1_POSTCG_RIGHT,1,DETERMINISTIC_SIIBRA_REGION_HIERARCHY,ALIGNED_TO_CANONICAL_LEAVES
AREA_3A_POSTCG_RIGHT.nii.gz,JULICH_BRAIN_CYTOARCHITECTONIC_ATLAS_V3_1_AREA_3A_POSTCG,Area 3a (PostCG) right,right,5749a69a2fc795f3bce08e0596b1b2631f2c9c8333eca7cba56bf8838da05527,176827,probabilistic/statistical,MNI 152 ICBM 2009c Nonlinear Asymmetric,JULICH_BRAIN_CYTOARCHITECTONIC_ATLAS_V3_1_AREA_3A_POSTCG_RIGHT,1,DETERMINISTIC_SIIBRA_REGION_HIERARCHY,ALIGNED_TO_CANONICAL_LEAVES
AREA_3B_POSTCG_RIGHT.nii.gz,JULICH_BRAIN_CYTOARCHITECTONIC_ATLAS_V3_1_AREA_3B_POSTCG,Area 3b (PostCG) right,right,bb7fdeea99fa23fcbf7cbbe946d68140a51dcf2f09bb59a5af0218dda5f2a789,233937,probabilistic/statistical,MNI 152 ICBM 2009c Nonlinear Asymmetric,JULICH_BRAIN_CYTOARCHITECTONIC_ATLAS_V3_1_AREA_3B_POSTCG_RIGHT,1,DETERMINISTIC_SIIBRA_REGION_HIERARCHY,ALIGNED_TO_CANONICAL_LEAVES
AREA_HIP1_IPS_RIGHT.nii.gz,JULICH_BRAIN_CYTOARCHITECTONIC_ATLAS_V3_1_AREA_HIP1_IPS,Area hIP1 (IPS) right,right,83c5077be1733ca75148fca44a37639db854b4256be7e8ac65e9d2d36f2c920a,264504,probabilistic/statistical,MNI 152 ICBM 2009c Nonlinear Asymmetric,JULICH_BRAIN_CYTOARCHITECTONIC_ATLAS_V3_1_AREA_HIP1_IPS_RIGHT,1,DETERMINISTIC_SIIBRA_REGION_HIERARCHY,ALIGNED_TO_CANONICAL_LEAVES
AREA_HIP2_IPS_RIGHT.nii.gz,JULICH_BRAIN_CYTOARCHITECTONIC_ATLAS_V3_1_AREA_HIP2_IPS,Area hIP2 (IPS) right,right,b127f42efc4646e2f38975f30020a2952cc045d0c415a97bd552fcf28bef02c5,233075,probabilistic/statistical,MNI 152 ICBM 2009c Nonlinear Asymmetric,JULICH_BRAIN_CYTOARCHITECTONIC_ATLAS_V3_1_AREA_HIP2_IPS_RIGHT,1,DETERMINISTIC_SIIBRA_REGION_HIERARCHY,ALIGNED_TO_CANONICAL_LEAVES
AREA_5L_SPL_RIGHT.nii.gz,JULICH_BRAIN_CYTOARCHITECTONIC_ATLAS_V3_1_AREA_5L_SPL,Area 5L (SPL) right,right,4ad2c080837037d549f7511c6f29d2b3a7f7069eaa7baabf3fbbae0de3f58997,264593,probabilistic/statistical,MNI 152 ICBM 2009c Nonlinear Asymmetric,JULICH_BRAIN_CYTOARCHITECTONIC_ATLAS_V3_1_AREA_5L_SPL_RIGHT,1,DETERMINISTIC_SIIBRA_REGION_HIERARCHY,ALIGNED_TO_CANONICAL_LEAVES
AREA_5M_SPL_RIGHT.nii.gz,JULICH_BRAIN_CYTOARCHITECTONIC_ATLAS_V3_1_AREA_5M_SPL,Area 5M (SPL) right,right,eb7f5d461cde09ff7d6417984d84f5fd9c4283d37617d9a9a2c212e5d2cb0c1b,248957,probabilistic/statistical,MNI 152 ICBM 2009c Nonlinear Asymmetric,JULICH_BRAIN_CYTOARCHITECTONIC_ATLAS_V3_1_AREA_5M_SPL_RIGHT,1,DETERMINISTIC_SIIBRA_REGION_HIERARCHY,ALIGNED_TO_CANONICAL_LEAVES
AREA_7PC_SPL_RIGHT.nii.gz,JULICH_BRAIN_CYTOARCHITECTONIC_ATLAS_V3_1_AREA_7PC_SPL,Area 7PC (SPL) right,right,2984f61348392e6ba198b96fde2aac791f6dd8528559ed784fb7840a16fea50e,278987,probabilistic/statistical,MNI 152 ICBM 2009c Nonlinear Asymmetric,JULICH_BRAIN_CYTOARCHITECTONIC_ATLAS_V3_1_AREA_7PC_SPL_RIGHT,1,DETERMINISTIC_SIIBRA_REGION_HIERARCHY,ALIGNED_TO_CANONICAL_LEAVES
AREA_HIP3_IPS_RIGHT.nii.gz,JULICH_BRAIN_CYTOARCHITECTONIC_ATLAS_V3_1_AREA_HIP3_IPS,Area hIP3 (IPS) right,right,6165cfb1b23ea64560df701d73e1eeb4b2a2b6a0f4c5931bfdcccea7f4208cc3,282633,probabilistic/statistical,MNI 152 ICBM 2009c Nonlinear Asymmetric,JULICH_BRAIN_CYTOARCHITECTONIC_ATLAS_V3_1_AREA_HIP3_IPS_RIGHT,1,DETERMINISTIC_SIIBRA_REGION_HIERARCHY,ALIGNED_TO_CANONICAL_LEAVES
AREA_7A_SPL_RIGHT.nii.gz,JULICH_BRAIN_CYTOARCHITECTONIC_ATLAS_V3_1_AREA_7A_SPL,Area 7A (SPL) right,right,1e062b149b44aa63e7984f1bb5261355f0f7bc3b85f824c5c0239c3b21d3b097,314451,probabilistic/statistical,MNI 152 ICBM 2009c Nonlinear Asymmetric,JULICH_BRAIN_CYTOARCHITECTONIC_ATLAS_V3_1_AREA_7A_SPL_RIGHT,1,DETERMINISTIC_SIIBRA_REGION_HIERARCHY,ALIGNED_TO_CANONICAL_LEAVES
AREA_7M_SPL_RIGHT.nii.gz,JULICH_BRAIN_CYTOARCHITECTONIC_ATLAS_V3_1_AREA_7M_SPL,Area 7M (SPL) right,right,26300734367b37d876c2d137190c3015375fe52aff99306b68a43121a894650a,183732,probabilistic/statistical,MNI 152 ICBM 2009c Nonlinear Asymmetric,JULICH_BRAIN_CYTOARCHITECTONIC_ATLAS_V3_1_AREA_7M_SPL_RIGHT,1,DETERMINISTIC_SIIBRA_REGION_HIERARCHY,ALIGNED_TO_CANONICAL_LEAVES
AREA_5CI_SPL_RIGHT.nii.gz,JULICH_BRAIN_CYTOARCHITECTONIC_ATLAS_V3_1_AREA_5CI_SPL,Area 5Ci (SPL) right,right,5ecf7b27f10fb41a8e049617f959d41055e2ad86e73b2d4bda6a54177f7895eb,221435,probabilistic/statistical,MNI 152 ICBM 2009c Nonlinear Asymmetric,JULICH_BRAIN_CYTOARCHITECTONIC_ATLAS_V3_1_AREA_5CI_SPL_RIGHT,1,DETERMINISTIC_SIIBRA_REGION_HIERARCHY,ALIGNED_TO_CANONICAL_LEAVES
MD_THALAMUS_MEDIODORSAL_NUCLEUS_RIGHT.nii.gz,JULICH_BRAIN_CYTOARCHITECTONIC_ATLAS_V3_1_MD_THALAMUS_MEDIODORSAL_NUCLEUS,"MD (Thalamus, mediodorsal Nucleus) right",right,24d83f0509f0a0e65628594175a4599640eb97e4e71b6656466347de2834a1af,163192,probabilistic/statistical,MNI 152 ICBM 2009c Nonlinear Asymmetric,JULICH_BRAIN_CYTOARCHITECTONIC_ATLAS_V3_1_MD_THALAMUS_MEDIODORSAL_NUCLEUS_RIGHT,1,DETERMINISTIC_SIIBRA_REGION_HIERARCHY,ALIGNED_TO_CANONICAL_LEAVES
PUA_THALAMUS_ANTERIOR_PULVINAR_RIGHT.nii.gz,JULICH_BRAIN_CYTOARCHITECTONIC_ATLAS_V3_1_PUA_THALAMUS_ANTERIOR_PULVINAR,"PUa (Thalamus, anterior pulvinar) right",right,c9e48b74c3e22072a8aaffe0c30ac3c3c7dd59077999c45f858c451d38bb9826,173896,probabilistic/statistical,MNI 152 ICBM 2009c Nonlinear Asymmetric,JULICH_BRAIN_CYTOARCHITECTONIC_ATLAS_V3_1_PUA_THALAMUS_ANTERIOR_PULVINAR_RIGHT,1,DETERMINISTIC_SIIBRA_REGION_HIERARCHY,ALIGNED_TO_CANONICAL_LEAVES
VLA_THALAMUS_VENTRAL_LATERAL_ANTERIOR_NUCLEUS_RIGHT.nii.gz,JULICH_BRAIN_CYTOARCHITECTONIC_ATLAS_V3_1_VLA_THALAMUS_VENTRAL_LATERAL_ANTERIOR_NUCLEUS,"VLA (Thalamus, ventral lateral anterior Nucleus) right",right,a55f0d7a1140e4470459713408c75136162df37e14234e74cafd2cdd328eafce,177789,probabilistic/statistical,MNI 152 ICBM 2009c Nonlinear Asymmetric,JULICH_BRAIN_CYTOARCHITECTONIC_ATLAS_V3_1_VLA_THALAMUS_VENTRAL_LATERAL_ANTERIOR_NUCLEUS_RIGHT,1,DETERMINISTIC_SIIBRA_REGION_HIERARCHY,ALIGNED_TO_CANONICAL_LEAVES
PUM_THALAMUS_MEDIAL_PULVINAR_RIGHT.nii.gz,JULICH_BRAIN_CYTOARCHITECTONIC_ATLAS_V3_1_PUM_THALAMUS_MEDIAL_PULVINAR,"PUm (Thalamus, medial pulvinar) right",right,0ffb5ab68d31b213bfb6cd7cb1f130eedd63daf2fa0663908664526b1a4d3822,158205,probabilistic/statistical,MNI 152 ICBM 2009c Nonlinear Asymmetric,JULICH_BRAIN_CYTOARCHITECTONIC_ATLAS_V3_1_PUM_THALAMUS_MEDIAL_PULVINAR_RIGHT,1,DETERMINISTIC_SIIBRA_REGION_HIERARCHY,ALIGNED_TO_CANONICAL_LEAVES
VLP_THALAMUS_VENTRAL_LATERAL_POSTERIOR_NUCLEUS_RIGHT.nii.gz,JULICH_BRAIN_CYTOARCHITECTONIC_ATLAS_V3_1_VLP_THALAMUS_VENTRAL_LATERAL_POSTERIOR_NUCLEUS,"VLP (Thalamus, ventral lateral posterior Nucleus) right",right,793bf8ac07e61f7e7e511c007ec694c5d283b366b2e6755c86c1896c037c28c8,165922,probabilistic/statistical,MNI 152 ICBM 2009c Nonlinear Asymmetric,JULICH_BRAIN_CYTOARCHITECTONIC_ATLAS_V3_1_VLP_THALAMUS_VENTRAL_LATERAL_POSTERIOR_NUCLEUS_RIGHT,1,DETERMINISTIC_SIIBRA_REGION_HIERARCHY,ALIGNED_TO_CANONICAL_LEAVES
PUL_THALAMUS_LATERAL_PULVINAR_RIGHT.nii.gz,JULICH_BRAIN_CYTOARCHITECTONIC_ATLAS_V3_1_PUL_THALAMUS_LATERAL_PULVINAR,"PUl (Thalamus, lateral pulvinar) right",right,50ee4aaa65ba97c32838f72e24a14952ba7b3066217beef66b7ad7a2278e13e6,158601,probabilistic/statistical,MNI 152 ICBM 2009c Nonlinear Asymmetric,JULICH_BRAIN_CYTOARCHITECTONIC_ATLAS_V3_1_PUL_THALAMUS_LATERAL_PULVINAR_RIGHT,1,DETERMINISTIC_SIIBRA_REGION_HIERARCHY,ALIGNED_TO_CANONICAL_LEAVES
VPM_THALAMUS_VENTRAL_POSTERIOR_MEDIAL_NUCLEUS_RIGHT.nii.gz,JULICH_BRAIN_CYTOARCHITECTONIC_ATLAS_V3_1_VPM_THALAMUS_VENTRAL_POSTERIOR_MEDIAL_NUCLEUS,"VPM (Thalamus, ventral posterior medial Nucleus) right",right,3ed58408978e51adfca97a630628b45a51fa36ef2d9a8eecdf49d7d194fb4dc6,166870,probabilistic/statistical,MNI 152 ICBM 2009c Nonlinear Asymmetric,JULICH_BRAIN_CYTOARCHITECTONIC_ATLAS_V3_1_VPM_THALAMUS_VENTRAL_POSTERIOR_MEDIAL_NUCLEUS_RIGHT,1,DETERMINISTIC_SIIBRA_REGION_HIERARCHY,ALIGNED_TO_CANONICAL_LEAVES
VPL_THALAMUS_VENTRAL_POSTERIOR_LATERAL_NUCLEUS_RIGHT.nii.gz,JULICH_BRAIN_CYTOARCHITECTONIC_ATLAS_V3_1_VPL_THALAMUS_VENTRAL_POSTERIOR_LATERAL_NUCLEUS,"VPL (Thalamus, ventral posterior lateral Nucleus) right",right,ab79c47da81957300dcb6d04e85d0c950759f45314ac4181e5d443612a0d6d6b,195491,probabilistic/statistical,MNI 152 ICBM 2009c Nonlinear Asymmetric,JULICH_BRAIN_CYTOARCHITECTONIC_ATLAS_V3_1_VPL_THALAMUS_VENTRAL_POSTERIOR_LATERAL_NUCLEUS_RIGHT,1,DETERMINISTIC_SIIBRA_REGION_HIERARCHY,ALIGNED_TO_CANONICAL_LEAVES
AV_THALAMUS_ANTEROVENTRAL_NUCLEUS_RIGHT.nii.gz,JULICH_BRAIN_CYTOARCHITECTONIC_ATLAS_V3_1_AV_THALAMUS_ANTEROVENTRAL_NUCLEUS,"AV (Thalamus, anteroventral Nucleus) right",right,3c1a1982cfe0d84e28f57638fe0e9e128f62be2b6705f54a3af702b2c65c072c,170812,probabilistic/statistical,MNI 152 ICBM 2009c Nonlinear Asymmetric,JULICH_BRAIN_CYTOARCHITECTONIC_ATLAS_V3_1_AV_THALAMUS_ANTEROVENTRAL_NUCLEUS_RIGHT,1,DETERMINISTIC_SIIBRA_REGION_HIERARCHY,ALIGNED_TO_CANONICAL_LEAVES
AREA_ID7_INSULA_RIGHT.nii.gz,JULICH_BRAIN_CYTOARCHITECTONIC_ATLAS_V3_1_AREA_ID7_INSULA,Area Id7 (Insula) right,right,919c0b19d49ea82029a8db5d0e2e7982a79e1057a322d2ad9b10ec219c055ba0,196994,probabilistic/statistical,MNI 152 ICBM 2009c Nonlinear Asymmetric,JULICH_BRAIN_CYTOARCHITECTONIC_ATLAS_V3_1_AREA_ID7_INSULA_RIGHT,1,DETERMINISTIC_SIIBRA_REGION_HIERARCHY,ALIGNED_TO_CANONICAL_LEAVES
AREA_S24_SACC_RIGHT.nii.gz,JULICH_BRAIN_CYTOARCHITECTONIC_ATLAS_V3_1_AREA_S24_SACC,Area s24 (sACC) right,right,65fd3f4a6cb6f88240c021af12c6f2d2300dfa0988e5fe0a3191551ff07817a4,199767,probabilistic/statistical,MNI 152 ICBM 2009c Nonlinear Asymmetric,JULICH_BRAIN_CYTOARCHITECTONIC_ATLAS_V3_1_AREA_S24_S24A_SACC_RIGHT;JULICH_BRAIN_CYTOARCHITECTONIC_ATLAS_V3_1_AREA_S24_S24B_SACC_RIGHT,2,DETERMINISTIC_SIIBRA_REGION_HIERARCHY,ALIGNED_TO_CANONICAL_LEAVES
AREA_25_SACC_RIGHT.nii.gz,JULICH_BRAIN_CYTOARCHITECTONIC_ATLAS_V3_1_AREA_25_SACC,Area 25 (sACC) right,right,c26d0bf34d4b871a6962f6cf2829439cb66592525c7da9e59ac8de4c9dba191c,176000,probabilistic/statistical,MNI 152 ICBM 2009c Nonlinear Asymmetric,JULICH_BRAIN_CYTOARCHITECTONIC_ATLAS_V3_1_AREA_25_25A_SACC_RIGHT;JULICH_BRAIN_CYTOARCHITECTONIC_ATLAS_V3_1_AREA_25_25P_SACC_RIGHT,2,DETERMINISTIC_SIIBRA_REGION_HIERARCHY,ALIGNED_TO_CANONICAL_LEAVES
SF_AMYGDALA_RIGHT.nii.gz,JULICH_BRAIN_CYTOARCHITECTONIC_ATLAS_V3_1_SF_AMYGDALA,SF (Amygdala) right,right,73ae9193c9f4455fa9efb5b49940095a195fa50463204a77b4fa21df3257cfbe,182826,probabilistic/statistical,MNI 152 ICBM 2009c Nonlinear Asymmetric,JULICH_BRAIN_CYTOARCHITECTONIC_ATLAS_V3_1_SF_AHI_AMYGDALA_RIGHT;JULICH_BRAIN_CYTOARCHITECTONIC_ATLAS_V3_1_SF_APIR_AMYGDALA_RIGHT;JULICH_BRAIN_CYTOARCHITECTONIC_ATLAS_V3_1_SF_VCO_AMYGDALA_RIGHT,3,DETERMINISTIC_SIIBRA_REGION_HIERARCHY,ALIGNED_TO_CANONICAL_LEAVES
LB_AMYGDALA_RIGHT.nii.gz,JULICH_BRAIN_CYTOARCHITECTONIC_ATLAS_V3_1_LB_AMYGDALA,LB (Amygdala) right,right,6732341f3a42de6c839a7b460e0a0aba3219b5303d5a08687ae63b160fe0ab2f,165598,probabilistic/statistical,MNI 152 ICBM 2009c Nonlinear Asymmetric,JULICH_BRAIN_CYTOARCHITECTONIC_ATLAS_V3_1_LB_BL_AMYGDALA_RIGHT;JULICH_BRAIN_CYTOARCHITECTONIC_ATLAS_V3_1_LB_BM_AMYGDALA_RIGHT;JULICH_BRAIN_CYTOARCHITECTONIC_ATLAS_V3_1_LB_LA_AMYGDALA_RIGHT;JULICH_BRAIN_CYTOARCHITECTONIC_ATLAS_V3_1_LB_PL_AMYGDALA_RIGHT,4,DETERMINISTIC_SIIBRA_REGION_HIERARCHY,ALIGNED_TO_CANONICAL_LEAVES
SUBC_HIPPOCAMPUS_SUBICULAR_COMPLEX_RIGHT.nii.gz,JULICH_BRAIN_CYTOARCHITECTONIC_ATLAS_V3_1_SUBC_HIPPOCAMPUS_SUBICULAR_COMPLEX,"Subc (Hippocampus, Subicular complex) right",right,24cccd0dd18e2dc5b48fa0e690485cffdb7bfab8703f56ab57344e4a5b335161,259249,probabilistic/statistical,MNI 152 ICBM 2009c Nonlinear Asymmetric,JULICH_BRAIN_CYTOARCHITECTONIC_ATLAS_V3_1_SUBC_PAS_HIPPOCAMPUS_PARASUBICULUM_RIGHT;JULICH_BRAIN_CYTOARCHITECTONIC_ATLAS_V3_1_SUBC_PRES_HIPPOCAMPUS_PRESUBICULUM_RIGHT;JULICH_BRAIN_CYTOARCHITECTONIC_ATLAS_V3_1_SUBC_PROS_HIPPOCAMPUS_PROSUBICULUM_RIGHT;JULICH_BRAIN_CYTOARCHITECTONIC_ATLAS_V3_1_SUBC_SUB_HIPPOCAMPUS_SUBICULUM_RIGHT,4,DETERMINISTIC_SIIBRA_REGION_HIERARCHY,ALIGNED_TO_CANONICAL_LEAVES
AREA_PF_IPL_RIGHT.nii.gz,JULICH_BRAIN_CYTOARCHITECTONIC_ATLAS_V3_1_AREA_PF_IPL,Area PF (IPL) right,right,5e9f4538e102f1db3a1d3d00c4ad238ff32ac2481eb42b7e43d18372fb18293c,290271,probabilistic/statistical,MNI 152 ICBM 2009c Nonlinear Asymmetric,JULICH_BRAIN_CYTOARCHITECTONIC_ATLAS_V3_1_AREA_PF_IPL_RIGHT,1,DETERMINISTIC_SIIBRA_REGION_HIERARCHY,ALIGNED_TO_CANONICAL_LEAVES
AREA_7P_SPL_RIGHT.nii.gz,JULICH_BRAIN_CYTOARCHITECTONIC_ATLAS_V3_1_AREA_7P_SPL,Area 7P (SPL) right,right,a75a7a95e33a2ae49d48b874adfd16b47c073efe089128b030cf06cc54ad2090,247315,probabilistic/statistical,MNI 152 ICBM 2009c Nonlinear Asymmetric,JULICH_BRAIN_CYTOARCHITECTONIC_ATLAS_V3_1_AREA_7P_SPL_RIGHT,1,DETERMINISTIC_SIIBRA_REGION_HIERARCHY,ALIGNED_TO_CANONICAL_LEAVES
AREA_FP2_FPOLE_RIGHT.nii.gz,JULICH_BRAIN_CYTOARCHITECTONIC_ATLAS_V3_1_AREA_FP2_FPOLE,Area Fp2 (FPole) right,right,1ddd6fc339d7255c35a6259f520840a145dd72020c0d035085b2ac4863bd44dd,229843,probabilistic/statistical,MNI 152 ICBM 2009c Nonlinear Asymmetric,JULICH_BRAIN_CYTOARCHITECTONIC_ATLAS_V3_1_AREA_FP2_FPOLE_RIGHT,1,DETERMINISTIC_SIIBRA_REGION_HIERARCHY,ALIGNED_TO_CANONICAL_LEAVES
AREA_FP1_FPOLE_RIGHT.nii.gz,JULICH_BRAIN_CYTOARCHITECTONIC_ATLAS_V3_1_AREA_FP1_FPOLE,Area Fp1 (FPole) right,right,2f077c24910f622191f095ae09128248df76e7632fd56d4ebdd2cf82387be04c,294730,probabilistic/statistical,MNI 152 ICBM 2009c Nonlinear Asymmetric,JULICH_BRAIN_CYTOARCHITECTONIC_ATLAS_V3_1_AREA_FP1_FPOLE_RIGHT,1,DETERMINISTIC_SIIBRA_REGION_HIERARCHY,ALIGNED_TO_CANONICAL_LEAVES
SNC_MIDBRAIN_SUBSTANTIA_NIGRA_PARS_COMPACTA_RIGHT.nii.gz,JULICH_BRAIN_CYTOARCHITECTONIC_ATLAS_V3_1_SNC_MIDBRAIN_SUBSTANTIA_NIGRA_PARS_COMPACTA,"SNC (Midbrain, Substantia Nigra pars compacta) right",right,bc9f726a8b0880c1f90a8fc0a30e6c504e8b3f7f242507cd1f17dd9a92132a53,162690,probabilistic/statistical,MNI 152 ICBM 2009c Nonlinear Asymmetric,JULICH_BRAIN_CYTOARCHITECTONIC_ATLAS_V3_1_SNC_MIDBRAIN_SUBSTANTIA_NIGRA_PARS_COMPACTA_RIGHT,1,DETERMINISTIC_SIIBRA_REGION_HIERARCHY,ALIGNED_TO_CANONICAL_LEAVES
SNR_MIDBRAIN_SUBSTANTIA_NIGRA_PARS_RETICULATA_RIGHT.nii.gz,JULICH_BRAIN_CYTOARCHITECTONIC_ATLAS_V3_1_SNR_MIDBRAIN_SUBSTANTIA_NIGRA_PARS_RETICULATA,"SNR (Midbrain, Substantia Nigra pars reticulata) right",right,1b083912c5a39260f6471fa38c00451a02ac7651c06326627aa3ec8dacc152ce,166915,probabilistic/statistical,MNI 152 ICBM 2009c Nonlinear Asymmetric,JULICH_BRAIN_CYTOARCHITECTONIC_ATLAS_V3_1_SNR_MIDBRAIN_SUBSTANTIA_NIGRA_PARS_RETICULATA_RIGHT,1,DETERMINISTIC_SIIBRA_REGION_HIERARCHY,ALIGNED_TO_CANONICAL_LEAVES
NFAST_CEREBELLUM_FASTIGIAL_NUCLEUS_RIGHT.nii.gz,JULICH_BRAIN_CYTOARCHITECTONIC_ATLAS_V3_1_NFAST_CEREBELLUM_FASTIGIAL_NUCLEUS,"Nfast (Cerebellum, Fastigial Nucleus) right",right,61871a878df655b78ea2afb57d0869ecfc173361b75b3308b4b8271f75b380e3,169526,probabilistic/statistical,MNI 152 ICBM 2009c Nonlinear Asymmetric,JULICH_BRAIN_CYTOARCHITECTONIC_ATLAS_V3_1_NFAST_CEREBELLUM_FASTIGIAL_NUCLEUS_RIGHT,1,DETERMINISTIC_SIIBRA_REGION_HIERARCHY,ALIGNED_TO_CANONICAL_LEAVES
VTM_AMYGDALA_RIGHT.nii.gz,JULICH_BRAIN_CYTOARCHITECTONIC_ATLAS_V3_1_VTM_AMYGDALA,VTM (Amygdala) right,right,855022df6396874426fb435ce6c9d6193ce711259d8980968438a4e281ff23e6,171218,probabilistic/statistical,MNI 152 ICBM 2009c Nonlinear Asymmetric,JULICH_BRAIN_CYTOARCHITECTONIC_ATLAS_V3_1_VTM_AMYGDALA_RIGHT,1,DETERMINISTIC_SIIBRA_REGION_HIERARCHY,ALIGNED_TO_CANONICAL_LEAVES
AREA_P24AB_PACC_RIGHT.nii.gz,JULICH_BRAIN_CYTOARCHITECTONIC_ATLAS_V3_1_AREA_P24AB_PACC,Area p24ab (pACC) right,right,fd6819ae3838bdce250ae81e2ce953083cea1340b4b4b093491258063885a3ed,227682,probabilistic/statistical,MNI 152 ICBM 2009c Nonlinear Asymmetric,JULICH_BRAIN_CYTOARCHITECTONIC_ATLAS_V3_1_AREA_P24AB_P24A_PACC_RIGHT;JULICH_BRAIN_CYTOARCHITECTONIC_ATLAS_V3_1_AREA_P24AB_P24B_PACC_RIGHT,2,DETERMINISTIC_SIIBRA_REGION_HIERARCHY,ALIGNED_TO_CANONICAL_LEAVES
AREA_P24C_PACC_RIGHT.nii.gz,JULICH_BRAIN_CYTOARCHITECTONIC_ATLAS_V3_1_AREA_P24C_PACC,Area p24c (pACC) right,right,05a2813385a60852ae22c980bc5be0804e117482e76d99cec2f6f605dcba676e,236625,probabilistic/statistical,MNI 152 ICBM 2009c Nonlinear Asymmetric,JULICH_BRAIN_CYTOARCHITECTONIC_ATLAS_V3_1_AREA_P24C_PD24CD_PACC_RIGHT;JULICH_BRAIN_CYTOARCHITECTONIC_ATLAS_V3_1_AREA_P24C_PD24CV_PACC_RIGHT;JULICH_BRAIN_CYTOARCHITECTONIC_ATLAS_V3_1_AREA_P24C_PV24C_PACC_RIGHT,3,DETERMINISTIC_SIIBRA_REGION_HIERARCHY,ALIGNED_TO_CANONICAL_LEAVES
MF_AMYGDALA_RIGHT.nii.gz,JULICH_BRAIN_CYTOARCHITECTONIC_ATLAS_V3_1_MF_AMYGDALA,MF (Amygdala) right,right,4dea6ee6c53e154284314cca8866b782963abe633bcb75b819380b33e0911a34,166997,probabilistic/statistical,MNI 152 ICBM 2009c Nonlinear Asymmetric,JULICH_BRAIN_CYTOARCHITECTONIC_ATLAS_V3_1_MF_ICM_AMYGDALA_RIGHT;JULICH_BRAIN_CYTOARCHITECTONIC_ATLAS_V3_1_MF_LM_AMYGDALA_RIGHT,2,DETERMINISTIC_SIIBRA_REGION_HIERARCHY,ALIGNED_TO_CANONICAL_LEAVES
IF_AMYGDALA_RIGHT.nii.gz,JULICH_BRAIN_CYTOARCHITECTONIC_ATLAS_V3_1_IF_AMYGDALA,IF (Amygdala) right,right,74b1fe8fb83afa3d569705640e01f110b2405a78ea1bcd000305920ded7fd844,173139,probabilistic/statistical,MNI 152 ICBM 2009c Nonlinear Asymmetric,JULICH_BRAIN_CYTOARCHITECTONIC_ATLAS_V3_1_IF_ICE_AMYGDALA_RIGHT;JULICH_BRAIN_CYTOARCHITECTONIC_ATLAS_V3_1_IF_IOL_AMYGDALA_RIGHT;JULICH_BRAIN_CYTOARCHITECTONIC_ATLAS_V3_1_IF_LD_AMYGDALA_RIGHT,3,DETERMINISTIC_SIIBRA_REGION_HIERARCHY,ALIGNED_TO_CANONICAL_LEAVES
AREA_FG4_FUSG_RIGHT.nii.gz,JULICH_BRAIN_CYTOARCHITECTONIC_ATLAS_V3_1_AREA_FG4_FUSG,Area FG4 (FusG) right,right,7063720c8410032f06a2cf19ba9c68d5fba116a06d41f6ccafadf296c7e06037,267518,probabilistic/statistical,MNI 152 ICBM 2009c Nonlinear Asymmetric,JULICH_BRAIN_CYTOARCHITECTONIC_ATLAS_V3_1_AREA_FG4_FUSG_RIGHT,1,DETERMINISTIC_SIIBRA_REGION_HIERARCHY,ALIGNED_TO_CANONICAL_LEAVES
AREA_FG3_FUSG_RIGHT.nii.gz,JULICH_BRAIN_CYTOARCHITECTONIC_ATLAS_V3_1_AREA_FG3_FUSG,Area FG3 (FusG) right,right,581eaf1914e40a7bc6fda07211fe45ddc122d2793bfeb42385881bfe7c5aaa5c,241107,probabilistic/statistical,MNI 152 ICBM 2009c Nonlinear Asymmetric,JULICH_BRAIN_CYTOARCHITECTONIC_ATLAS_V3_1_AREA_FG3_FUSG_RIGHT,1,DETERMINISTIC_SIIBRA_REGION_HIERARCHY,ALIGNED_TO_CANONICAL_LEAVES
NDENTD_CEREBELLUM_DORSAL_DENTATE_NUCLEUS_RIGHT.nii.gz,JULICH_BRAIN_CYTOARCHITECTONIC_ATLAS_V3_1_NDENTD_CEREBELLUM_DORSAL_DENTATE_NUCLEUS,"Ndentd (Cerebellum, Dorsal Dentate Nucleus) right",right,ca37ebee650affa642f9912b4f9c39fe361d0225b51e8b9157c1753d978b93fe,207835,probabilistic/statistical,MNI 152 ICBM 2009c Nonlinear Asymmetric,JULICH_BRAIN_CYTOARCHITECTONIC_ATLAS_V3_1_NDENTD_CEREBELLUM_DORSAL_DENTATE_NUCLEUS_RIGHT,1,DETERMINISTIC_SIIBRA_REGION_HIERARCHY,ALIGNED_TO_CANONICAL_LEAVES
NDENTV_CEREBELLUM_VENTRAL_DENTATE_NUCLEUS_RIGHT.nii.gz,JULICH_BRAIN_CYTOARCHITECTONIC_ATLAS_V3_1_NDENTV_CEREBELLUM_VENTRAL_DENTATE_NUCLEUS,"Ndentv (Cerebellum, Ventral Dentate Nucleus) right",right,80cff68860c1f421256495c967b59691e944ff642c22c1b58cdbc5dbcd1a5bc8,185597,probabilistic/statistical,MNI 152 ICBM 2009c Nonlinear Asymmetric,JULICH_BRAIN_CYTOARCHITECTONIC_ATLAS_V3_1_NDENTV_CEREBELLUM_VENTRAL_DENTATE_NUCLEUS_RIGHT,1,DETERMINISTIC_SIIBRA_REGION_HIERARCHY,ALIGNED_TO_CANONICAL_LEAVES
AREA_TEI_STG_RIGHT.nii.gz,JULICH_BRAIN_CYTOARCHITECTONIC_ATLAS_V3_1_AREA_TEI_STG,Area TeI (STG) right,right,99f2dee6e2f41d4bff3368b77d284943ea8ec81d6c470aea771c84895d5ed07d,225536,probabilistic/statistical,MNI 152 ICBM 2009c Nonlinear Asymmetric,JULICH_BRAIN_CYTOARCHITECTONIC_ATLAS_V3_1_AREA_TEI_STG_RIGHT,1,DETERMINISTIC_SIIBRA_REGION_HIERARCHY,ALIGNED_TO_CANONICAL_LEAVES
AREA_TI_STG_RIGHT.nii.gz,JULICH_BRAIN_CYTOARCHITECTONIC_ATLAS_V3_1_AREA_TI_STG,Area TI (STG) right,right,85124e031a16ae1e40b35b5fa50ed3bfde95abc9ee69d74a97c40b825c886b0b,214425,probabilistic/statistical,MNI 152 ICBM 2009c Nonlinear Asymmetric,JULICH_BRAIN_CYTOARCHITECTONIC_ATLAS_V3_1_AREA_TI_STG_RIGHT,1,DETERMINISTIC_SIIBRA_REGION_HIERARCHY,ALIGNED_TO_CANONICAL_LEAVES
AREA_IFS1_IFS_RIGHT.nii.gz,JULICH_BRAIN_CYTOARCHITECTONIC_ATLAS_V3_1_AREA_IFS1_IFS,Area IFS1 (IFS) right,right,a0dc5c23f51ad7257f1abbddad99ac0f29effe6c77e74e838872ba45fb561312,195019,probabilistic/statistical,MNI 152 ICBM 2009c Nonlinear Asymmetric,JULICH_BRAIN_CYTOARCHITECTONIC_ATLAS_V3_1_AREA_IFS1_IFS_RIGHT,1,DETERMINISTIC_SIIBRA_REGION_HIERARCHY,ALIGNED_TO_CANONICAL_LEAVES
AREA_IFS2_IFS_RIGHT.nii.gz,JULICH_BRAIN_CYTOARCHITECTONIC_ATLAS_V3_1_AREA_IFS2_IFS,Area IFS2 (IFS) right,right,5a38549f7f7b36cba6b1444917c7249a9f0975651e395fb66ebab5389a8021df,173953,probabilistic/statistical,MNI 152 ICBM 2009c Nonlinear Asymmetric,JULICH_BRAIN_CYTOARCHITECTONIC_ATLAS_V3_1_AREA_IFS2_IFS_RIGHT,1,DETERMINISTIC_SIIBRA_REGION_HIERARCHY,ALIGNED_TO_CANONICAL_LEAVES
AREA_IFS3_IFS_RIGHT.nii.gz,JULICH_BRAIN_CYTOARCHITECTONIC_ATLAS_V3_1_AREA_IFS3_IFS,Area IFS3 (IFS) right,right,c46e544c4045a7bad651ae414fe9425282d119f4ba4507f666d86452f76af20c,212032,probabilistic/statistical,MNI 152 ICBM 2009c Nonlinear Asymmetric,JULICH_BRAIN_CYTOARCHITECTONIC_ATLAS_V3_1_AREA_IFS3_IFS_RIGHT,1,DETERMINISTIC_SIIBRA_REGION_HIERARCHY,ALIGNED_TO_CANONICAL_LEAVES
AREA_IFS4_IFS_RIGHT.nii.gz,JULICH_BRAIN_CYTOARCHITECTONIC_ATLAS_V3_1_AREA_IFS4_IFS,Area IFS4 (IFS) right,right,6d4b9ee94e0d057a5f977bdeba3a7074d44314eb0cc765cffb7bdb2f6a8d9ea5,194275,probabilistic/statistical,MNI 152 ICBM 2009c Nonlinear Asymmetric,JULICH_BRAIN_CYTOARCHITECTONIC_ATLAS_V3_1_AREA_IFS4_IFS_RIGHT,1,DETERMINISTIC_SIIBRA_REGION_HIERARCHY,ALIGNED_TO_CANONICAL_LEAVES
AREA_IFJ1_IFS_PRECS_RIGHT.nii.gz,JULICH_BRAIN_CYTOARCHITECTONIC_ATLAS_V3_1_AREA_IFJ1_IFS_PRECS,"Area IFJ1 (IFS, PreCS) right",right,6d701379d6a302fa7ef0cb76dc3868431a01005bd2dc64a09c75f6c4975d8479,206598,probabilistic/statistical,MNI 152 ICBM 2009c Nonlinear Asymmetric,JULICH_BRAIN_CYTOARCHITECTONIC_ATLAS_V3_1_AREA_IFJ1_IFS_PRECS_RIGHT,1,DETERMINISTIC_SIIBRA_REGION_HIERARCHY,ALIGNED_TO_CANONICAL_LEAVES
AREA_IFJ2_IFS_PRECS_RIGHT.nii.gz,JULICH_BRAIN_CYTOARCHITECTONIC_ATLAS_V3_1_AREA_IFJ2_IFS_PRECS,"Area IFJ2 (IFS, PreCS) right",right,afe1c68e2db126460a1f129ff5f9648c425045dafafdb07c14ed2defef843f0f,161663,probabilistic/statistical,MNI 152 ICBM 2009c Nonlinear Asymmetric,JULICH_BRAIN_CYTOARCHITECTONIC_ATLAS_V3_1_AREA_IFJ2_IFS_PRECS_RIGHT,1,DETERMINISTIC_SIIBRA_REGION_HIERARCHY,ALIGNED_TO_CANONICAL_LEAVES
NINTERP_CEREBELLUM_INTERPOSED_NUCLEUS_RIGHT.nii.gz,JULICH_BRAIN_CYTOARCHITECTONIC_ATLAS_V3_1_NINTERP_CEREBELLUM_INTERPOSED_NUCLEUS,"Ninterp (Cerebellum, Interposed Nucleus) right",right,79806540adbd9be78d7400ca6a0ef3a7c0f651567400b8a187ae53700266b938,173251,probabilistic/statistical,MNI 152 ICBM 2009c Nonlinear Asymmetric,JULICH_BRAIN_CYTOARCHITECTONIC_ATLAS_V3_1_NINTERP_CEREBELLUM_INTERPOSED_NUCLEUS_RIGHT,1,DETERMINISTIC_SIIBRA_REGION_HIERARCHY,ALIGNED_TO_CANONICAL_LEAVES
AREA_2_POSTCS_RIGHT.nii.gz,JULICH_BRAIN_CYTOARCHITECTONIC_ATLAS_V3_1_AREA_2_POSTCS,Area 2 (PostCS) right,right,8905b2f0acd3c4d0fa7fc1b2dd85bdde551d1bcd869c377cf0c159265332fc25,333693,probabilistic/statistical,MNI 152 ICBM 2009c Nonlinear Asymmetric,JULICH_BRAIN_CYTOARCHITECTONIC_ATLAS_V3_1_AREA_2_POSTCS_RIGHT,1,DETERMINISTIC_SIIBRA_REGION_HIERARCHY,ALIGNED_TO_CANONICAL_LEAVES
CH_4_BASAL_FOREBRAIN_RIGHT.nii.gz,JULICH_BRAIN_CYTOARCHITECTONIC_ATLAS_V3_1_CH_4_BASAL_FOREBRAIN,Ch 4 (Basal Forebrain) right,right,1c9ad07a28a304391a1017fc2e83c2e5cbbe88b4be8c33add726d16d4850df37,155196,probabilistic/statistical,MNI 152 ICBM 2009c Nonlinear Asymmetric,JULICH_BRAIN_CYTOARCHITECTONIC_ATLAS_V3_1_CH_4_BASAL_FOREBRAIN_RIGHT,1,DETERMINISTIC_SIIBRA_REGION_HIERARCHY,ALIGNED_TO_CANONICAL_LEAVES
AREA_STS1_STS_RIGHT.nii.gz,JULICH_BRAIN_CYTOARCHITECTONIC_ATLAS_V3_1_AREA_STS1_STS,Area STS1 (STS) right,right,79060af71d9c00bd6b92d1b86b8d53732063d1deb0212b1715e7c279513c3079,278223,probabilistic/statistical,MNI 152 ICBM 2009c Nonlinear Asymmetric,JULICH_BRAIN_CYTOARCHITECTONIC_ATLAS_V3_1_AREA_STS1_STS_RIGHT,1,DETERMINISTIC_SIIBRA_REGION_HIERARCHY,ALIGNED_TO_CANONICAL_LEAVES
AREA_STS2_STS_RIGHT.nii.gz,JULICH_BRAIN_CYTOARCHITECTONIC_ATLAS_V3_1_AREA_STS2_STS,Area STS2 (STS) right,right,efe2976b877f80902002995fae62afe97b22f8a501039e71b75bf5d39e75fbf8,309111,probabilistic/statistical,MNI 152 ICBM 2009c Nonlinear Asymmetric,JULICH_BRAIN_CYTOARCHITECTONIC_ATLAS_V3_1_AREA_STS2_STS_RIGHT,1,DETERMINISTIC_SIIBRA_REGION_HIERARCHY,ALIGNED_TO_CANONICAL_LEAVES
AREA_OP8_FRONTAL_OPERCULUM_RIGHT.nii.gz,JULICH_BRAIN_CYTOARCHITECTONIC_ATLAS_V3_1_AREA_OP8_FRONTAL_OPERCULUM,Area Op8 (Frontal Operculum) right,right,b55c15af38f991844e0dccff29ad46d350dcc2ba81bcfc2513d64ede73f1396a,171345,probabilistic/statistical,MNI 152 ICBM 2009c Nonlinear Asymmetric,JULICH_BRAIN_CYTOARCHITECTONIC_ATLAS_V3_1_AREA_OP8_FRONTAL_OPERCULUM_RIGHT,1,DETERMINISTIC_SIIBRA_REGION_HIERARCHY,ALIGNED_TO_CANONICAL_LEAVES
AREA_OP9_FRONTAL_OPERCULUM_RIGHT.nii.gz,JULICH_BRAIN_CYTOARCHITECTONIC_ATLAS_V3_1_AREA_OP9_FRONTAL_OPERCULUM,Area Op9 (Frontal Operculum) right,right,9d67c4eddb3b7d188cbbe79b461c489b0d6014e99ae6d4da0d9cc123631fdd83,226548,probabilistic/statistical,MNI 152 ICBM 2009c Nonlinear Asymmetric,JULICH_BRAIN_CYTOARCHITECTONIC_ATLAS_V3_1_AREA_OP9_FRONTAL_OPERCULUM_RIGHT,1,DETERMINISTIC_SIIBRA_REGION_HIERARCHY,ALIGNED_TO_CANONICAL_LEAVES
CH_123_BASAL_FOREBRAIN_RIGHT.nii.gz,JULICH_BRAIN_CYTOARCHITECTONIC_ATLAS_V3_1_CH_123_BASAL_FOREBRAIN,Ch 123 (Basal Forebrain) right,right,14a596db80b7ae340ee60916f2309c1655bfb1e14619534401cfcb1b9b6ad007,167704,probabilistic/statistical,MNI 152 ICBM 2009c Nonlinear Asymmetric,JULICH_BRAIN_CYTOARCHITECTONIC_ATLAS_V3_1_CH_123_BASAL_FOREBRAIN_RIGHT,1,DETERMINISTIC_SIIBRA_REGION_HIERARCHY,ALIGNED_TO_CANONICAL_LEAVES
AREA_6D1_PRECG_RIGHT.nii.gz,JULICH_BRAIN_CYTOARCHITECTONIC_ATLAS_V3_1_AREA_6D1_PRECG,Area 6d1 (PreCG) right,right,37d3d2075df04787421bd3a5c9e86ab4f367c9ce4b249b0762b02d823b552a09,205984,probabilistic/statistical,MNI 152 ICBM 2009c Nonlinear Asymmetric,JULICH_BRAIN_CYTOARCHITECTONIC_ATLAS_V3_1_AREA_6D1_PRECG_RIGHT,1,DETERMINISTIC_SIIBRA_REGION_HIERARCHY,ALIGNED_TO_CANONICAL_LEAVES
AREA_6D2_PRECG_RIGHT.nii.gz,JULICH_BRAIN_CYTOARCHITECTONIC_ATLAS_V3_1_AREA_6D2_PRECG,Area 6d2 (PreCG) right,right,0143879e0ce6008ab8afb0c92172278bd10913582eec954f63b54f14d972a46d,185038,probabilistic/statistical,MNI 152 ICBM 2009c Nonlinear Asymmetric,JULICH_BRAIN_CYTOARCHITECTONIC_ATLAS_V3_1_AREA_6D2_PRECG_RIGHT,1,DETERMINISTIC_SIIBRA_REGION_HIERARCHY,ALIGNED_TO_CANONICAL_LEAVES
AREA_6D3_SFS_RIGHT.nii.gz,JULICH_BRAIN_CYTOARCHITECTONIC_ATLAS_V3_1_AREA_6D3_SFS,Area 6d3 (SFS) right,right,3e7407ab422164c9784f69e4a55633e72caa6bff34940ad1a64e07bf82c74c46,188750,probabilistic/statistical,MNI 152 ICBM 2009c Nonlinear Asymmetric,JULICH_BRAIN_CYTOARCHITECTONIC_ATLAS_V3_1_AREA_6D3_SFS_RIGHT,1,DETERMINISTIC_SIIBRA_REGION_HIERARCHY,ALIGNED_TO_CANONICAL_LEAVES
CM_AMYGDALA_RIGHT.nii.gz,JULICH_BRAIN_CYTOARCHITECTONIC_ATLAS_V3_1_CM_AMYGDALA,CM (Amygdala) right,right,08aaadd10cc41f0f79747e90943258713601601bbd0a647f21b37e25c83af5a3,177767,probabilistic/statistical,MNI 152 ICBM 2009c Nonlinear Asymmetric,JULICH_BRAIN_CYTOARCHITECTONIC_ATLAS_V3_1_CM_AAA_AMYGDALA_RIGHT;JULICH_BRAIN_CYTOARCHITECTONIC_ATLAS_V3_1_CM_CE_AMYGDALA_RIGHT;JULICH_BRAIN_CYTOARCHITECTONIC_ATLAS_V3_1_CM_ME_AMYGDALA_RIGHT,3,DETERMINISTIC_SIIBRA_REGION_HIERARCHY,ALIGNED_TO_CANONICAL_LEAVES
AREA_HOC6_POS_RIGHT.nii.gz,JULICH_BRAIN_CYTOARCHITECTONIC_ATLAS_V3_1_AREA_HOC6_POS,Area hOc6 (POS) right,right,752c8de61ec555bd2eaf5d98e0d2c24340b74072df2f8e98b44b246ee02a7d5f,191162,probabilistic/statistical,MNI 152 ICBM 2009c Nonlinear Asymmetric,JULICH_BRAIN_CYTOARCHITECTONIC_ATLAS_V3_1_AREA_HOC6_POS_RIGHT,1,DETERMINISTIC_SIIBRA_REGION_HIERARCHY,ALIGNED_TO_CANONICAL_LEAVES
AREA_HIP6_IPS_RIGHT.nii.gz,JULICH_BRAIN_CYTOARCHITECTONIC_ATLAS_V3_1_AREA_HIP6_IPS,Area hIP6 (IPS) right,right,20a5a37680ca7e7a5a50d95d425963edb0b9195be11146429226635c419e43d9,230384,probabilistic/statistical,MNI 152 ICBM 2009c Nonlinear Asymmetric,JULICH_BRAIN_CYTOARCHITECTONIC_ATLAS_V3_1_AREA_HIP6_IPS_RIGHT,1,DETERMINISTIC_SIIBRA_REGION_HIERARCHY,ALIGNED_TO_CANONICAL_LEAVES
AREA_HIP8_IPS_RIGHT.nii.gz,JULICH_BRAIN_CYTOARCHITECTONIC_ATLAS_V3_1_AREA_HIP8_IPS,Area hIP8 (IPS) right,right,d8430fee5a6d0e4965e3e59a064ae83bec39aa044739559d15a90a4de1527302,233839,probabilistic/statistical,MNI 152 ICBM 2009c Nonlinear Asymmetric,JULICH_BRAIN_CYTOARCHITECTONIC_ATLAS_V3_1_AREA_HIP8_IPS_RIGHT,1,DETERMINISTIC_SIIBRA_REGION_HIERARCHY,ALIGNED_TO_CANONICAL_LEAVES
AREA_HIP4_IPS_RIGHT.nii.gz,JULICH_BRAIN_CYTOARCHITECTONIC_ATLAS_V3_1_AREA_HIP4_IPS,Area hIP4 (IPS) right,right,6a431ab0181e851a25d0c672ef6c58cf81ec3a37d4f95dbf32ee93acbd7eb4f8,232686,probabilistic/statistical,MNI 152 ICBM 2009c Nonlinear Asymmetric,JULICH_BRAIN_CYTOARCHITECTONIC_ATLAS_V3_1_AREA_HIP4_IPS_RIGHT,1,DETERMINISTIC_SIIBRA_REGION_HIERARCHY,ALIGNED_TO_CANONICAL_LEAVES
AREA_HIP5_IPS_RIGHT.nii.gz,JULICH_BRAIN_CYTOARCHITECTONIC_ATLAS_V3_1_AREA_HIP5_IPS,Area hIP5 (IPS) right,right,af7f7c0685f81ec2be42d7306b4edabe20b6d9d924e5ac33f2a43bca2ccd7035,234740,probabilistic/statistical,MNI 152 ICBM 2009c Nonlinear Asymmetric,JULICH_BRAIN_CYTOARCHITECTONIC_ATLAS_V3_1_AREA_HIP5_IPS_RIGHT,1,DETERMINISTIC_SIIBRA_REGION_HIERARCHY,ALIGNED_TO_CANONICAL_LEAVES
AREA_HIP7_IPS_RIGHT.nii.gz,JULICH_BRAIN_CYTOARCHITECTONIC_ATLAS_V3_1_AREA_HIP7_IPS,Area hIP7 (IPS) right,right,bf4bd1154250bb581056d62ceebc4f8911aecda9da53db640e399eb625aa430c,231847,probabilistic/statistical,MNI 152 ICBM 2009c Nonlinear Asymmetric,JULICH_BRAIN_CYTOARCHITECTONIC_ATLAS_V3_1_AREA_HIP7_IPS_RIGHT,1,DETERMINISTIC_SIIBRA_REGION_HIERARCHY,ALIGNED_TO_CANONICAL_LEAVES
AREA_HPO1_POS_RIGHT.nii.gz,JULICH_BRAIN_CYTOARCHITECTONIC_ATLAS_V3_1_AREA_HPO1_POS,Area hPO1 (POS) right,right,c58ef950cf9459bd447a76e3015afdecc1208ab8935ac0086d2248e268b4ad4c,236924,probabilistic/statistical,MNI 152 ICBM 2009c Nonlinear Asymmetric,JULICH_BRAIN_CYTOARCHITECTONIC_ATLAS_V3_1_AREA_HPO1_POS_RIGHT,1,DETERMINISTIC_SIIBRA_REGION_HIERARCHY,ALIGNED_TO_CANONICAL_LEAVES
AREA_6MP_SMA_MESIAL_SFG_RIGHT.nii.gz,JULICH_BRAIN_CYTOARCHITECTONIC_ATLAS_V3_1_AREA_6MP_SMA_MESIAL_SFG,"Area 6mp (SMA, mesial SFG) right",right,d5f02cfcce24b389e4f7722ef48d462ef473a832062109782a95b127fbd1e073,176672,probabilistic/statistical,MNI 152 ICBM 2009c Nonlinear Asymmetric,JULICH_BRAIN_CYTOARCHITECTONIC_ATLAS_V3_1_AREA_6MP_SMA_MESIAL_SFG_RIGHT,1,DETERMINISTIC_SIIBRA_REGION_HIERARCHY,ALIGNED_TO_CANONICAL_LEAVES
AREA_6MA_PRESMA_MESIAL_SFG_RIGHT.nii.gz,JULICH_BRAIN_CYTOARCHITECTONIC_ATLAS_V3_1_AREA_6MA_PRESMA_MESIAL_SFG,"Area 6ma (preSMA, mesial SFG) right",right,9c21f1825b1abeccf5b82574e727bd8afd3261fed3745a6c8e9b0d740d1bbf65,181282,probabilistic/statistical,MNI 152 ICBM 2009c Nonlinear Asymmetric,JULICH_BRAIN_CYTOARCHITECTONIC_ATLAS_V3_1_AREA_6MA_PRESMA_MESIAL_SFG_RIGHT,1,DETERMINISTIC_SIIBRA_REGION_HIERARCHY,ALIGNED_TO_CANONICAL_LEAVES
TRS_HIPPOCAMPUS_TRANSSUBICULUM_RIGHT.nii.gz,JULICH_BRAIN_CYTOARCHITECTONIC_ATLAS_V3_1_TRS_HIPPOCAMPUS_TRANSSUBICULUM,"TrS (Hippocampus, Transsubiculum) right",right,fad647f32a85aebf8938cd184f89b9c2afe57851c5fc9ed53f0db5d22c17792e,185478,probabilistic/statistical,MNI 152 ICBM 2009c Nonlinear Asymmetric,JULICH_BRAIN_CYTOARCHITECTONIC_ATLAS_V3_1_TRS_HIPPOCAMPUS_TRANSSUBICULUM_RIGHT,1,DETERMINISTIC_SIIBRA_REGION_HIERARCHY,ALIGNED_TO_CANONICAL_LEAVES
TU_BASAL_FOREBRAIN_TUBERCULUM_RIGHT.nii.gz,JULICH_BRAIN_CYTOARCHITECTONIC_ATLAS_V3_1_TU_BASAL_FOREBRAIN_TUBERCULUM,"Tu (Basal Forebrain, Tuberculum) right",right,df3847ebd44bc1c08685cc5110de2d650eef0e235574339e45c68953fbe1665f,169322,probabilistic/statistical,MNI 152 ICBM 2009c Nonlinear Asymmetric,JULICH_BRAIN_CYTOARCHITECTONIC_ATLAS_V3_1_TU_BASAL_FOREBRAIN_TUBERCULUM_RIGHT,1,DETERMINISTIC_SIIBRA_REGION_HIERARCHY,ALIGNED_TO_CANONICAL_LEAVES
TUTI_BASAL_FOREBRAIN_TERMINAL_ISLANDS_RIGHT.nii.gz,JULICH_BRAIN_CYTOARCHITECTONIC_ATLAS_V3_1_TUTI_BASAL_FOREBRAIN_TERMINAL_ISLANDS,"TuTi (Basal Forebrain, Terminal islands) right",right,cf33939c6f888e9c4a0b729d62059027f637e43aee0fd679f83ad9627e6c6953,181974,probabilistic/statistical,MNI 152 ICBM 2009c Nonlinear Asymmetric,JULICH_BRAIN_CYTOARCHITECTONIC_ATLAS_V3_1_TUTI_BASAL_FOREBRAIN_TERMINAL_ISLANDS_RIGHT,1,DETERMINISTIC_SIIBRA_REGION_HIERARCHY,ALIGNED_TO_CANONICAL_LEAVES
AREA_FO4_OFC_RIGHT.nii.gz,JULICH_BRAIN_CYTOARCHITECTONIC_ATLAS_V3_1_AREA_FO4_OFC,Area Fo4 (OFC) right,right,46d74d0aa35a38603cac89cfc39912a87360656914f0b3871a9d774475161886,204930,probabilistic/statistical,MNI 152 ICBM 2009c Nonlinear Asymmetric,JULICH_BRAIN_CYTOARCHITECTONIC_ATLAS_V3_1_AREA_FO4_OFC_RIGHT,1,DETERMINISTIC_SIIBRA_REGION_HIERARCHY,ALIGNED_TO_CANONICAL_LEAVES
AREA_FO5_OFC_RIGHT.nii.gz,JULICH_BRAIN_CYTOARCHITECTONIC_ATLAS_V3_1_AREA_FO5_OFC,Area Fo5 (OFC) right,right,6dbb48f5ee70538eb31355f79748659994ea78d4c9260202a298504ae0b8f82b,209536,probabilistic/statistical,MNI 152 ICBM 2009c Nonlinear Asymmetric,JULICH_BRAIN_CYTOARCHITECTONIC_ATLAS_V3_1_AREA_FO5_OFC_RIGHT,1,DETERMINISTIC_SIIBRA_REGION_HIERARCHY,ALIGNED_TO_CANONICAL_LEAVES
AREA_FO6_OFC_RIGHT.nii.gz,JULICH_BRAIN_CYTOARCHITECTONIC_ATLAS_V3_1_AREA_FO6_OFC,Area Fo6 (OFC) right,right,737b8449bf04583f5a48fc14278a87008ac539fb76115964b4a31d8084c61b13,214240,probabilistic/statistical,MNI 152 ICBM 2009c Nonlinear Asymmetric,JULICH_BRAIN_CYTOARCHITECTONIC_ATLAS_V3_1_AREA_FO6_OFC_RIGHT,1,DETERMINISTIC_SIIBRA_REGION_HIERARCHY,ALIGNED_TO_CANONICAL_LEAVES
AREA_FO7_OFC_RIGHT.nii.gz,JULICH_BRAIN_CYTOARCHITECTONIC_ATLAS_V3_1_AREA_FO7_OFC,Area Fo7 (OFC) right,right,19e35cac87e64e2438d4919126ad2fb74fea9e2c899b74e2a89ce763f1ef5c78,207467,probabilistic/statistical,MNI 152 ICBM 2009c Nonlinear Asymmetric,JULICH_BRAIN_CYTOARCHITECTONIC_ATLAS_V3_1_AREA_FO7_OFC_RIGHT,1,DETERMINISTIC_SIIBRA_REGION_HIERARCHY,ALIGNED_TO_CANONICAL_LEAVES
AREA_8D1_SFG_RIGHT.nii.gz,JULICH_BRAIN_CYTOARCHITECTONIC_ATLAS_V3_1_AREA_8D1_SFG,Area 8d1 (SFG) right,right,504034771b6775fb16e56dd2f5bd16719760ea9980374e6acc061bfe8bec59fe,182154,probabilistic/statistical,MNI 152 ICBM 2009c Nonlinear Asymmetric,JULICH_BRAIN_CYTOARCHITECTONIC_ATLAS_V3_1_AREA_8D1_SFG_RIGHT,1,DETERMINISTIC_SIIBRA_REGION_HIERARCHY,ALIGNED_TO_CANONICAL_LEAVES
AREA_8D2_SFG_RIGHT.nii.gz,JULICH_BRAIN_CYTOARCHITECTONIC_ATLAS_V3_1_AREA_8D2_SFG,Area 8d2 (SFG) right,right,0df22fa2a12fd4d4040d2fc37735b888349d21da59e3896e33a5c13f685aa816,181885,probabilistic/statistical,MNI 152 ICBM 2009c Nonlinear Asymmetric,JULICH_BRAIN_CYTOARCHITECTONIC_ATLAS_V3_1_AREA_8D2_SFG_RIGHT,1,DETERMINISTIC_SIIBRA_REGION_HIERARCHY,ALIGNED_TO_CANONICAL_LEAVES
AREA_8V2_MFG_RIGHT.nii.gz,JULICH_BRAIN_CYTOARCHITECTONIC_ATLAS_V3_1_AREA_8V2_MFG,Area 8v2 (MFG) right,right,a104b0a3b834b7b2272aec0968e8c8c2433ed4492cd4e7757bf1e15bd9d9b784,177316,probabilistic/statistical,MNI 152 ICBM 2009c Nonlinear Asymmetric,JULICH_BRAIN_CYTOARCHITECTONIC_ATLAS_V3_1_AREA_8V2_MFG_RIGHT,1,DETERMINISTIC_SIIBRA_REGION_HIERARCHY,ALIGNED_TO_CANONICAL_LEAVES
AREA_8V1_MFG_RIGHT.nii.gz,JULICH_BRAIN_CYTOARCHITECTONIC_ATLAS_V3_1_AREA_8V1_MFG,Area 8v1 (MFG) right,right,a66763312f2a65c3a076538437205793fdd9891f537f686ae9b5f899ae87da44,254910,probabilistic/statistical,MNI 152 ICBM 2009c Nonlinear Asymmetric,JULICH_BRAIN_CYTOARCHITECTONIC_ATLAS_V3_1_AREA_8V1_MFG_RIGHT,1,DETERMINISTIC_SIIBRA_REGION_HIERARCHY,ALIGNED_TO_CANONICAL_LEAVES
AREA_IG3_INSULA_RIGHT.nii.gz,JULICH_BRAIN_CYTOARCHITECTONIC_ATLAS_V3_1_AREA_IG3_INSULA,Area Ig3 (Insula) right,right,27b5ef58d8b9e684c633e8a0075dbba140b222dbbb0c50bed4501c99b7b091c1,181554,probabilistic/statistical,MNI 152 ICBM 2009c Nonlinear Asymmetric,JULICH_BRAIN_CYTOARCHITECTONIC_ATLAS_V3_1_AREA_IG3_INSULA_RIGHT,1,DETERMINISTIC_SIIBRA_REGION_HIERARCHY,ALIGNED_TO_CANONICAL_LEAVES
AREA_ID4_INSULA_RIGHT.nii.gz,JULICH_BRAIN_CYTOARCHITECTONIC_ATLAS_V3_1_AREA_ID4_INSULA,Area Id4 (Insula) right,right,89fb87e5c8986ee6bcf5ceeed24e9d0fe68018c158c7a131b0d956aa288c8f96,198569,probabilistic/statistical,MNI 152 ICBM 2009c Nonlinear Asymmetric,JULICH_BRAIN_CYTOARCHITECTONIC_ATLAS_V3_1_AREA_ID4_INSULA_RIGHT,1,DETERMINISTIC_SIIBRA_REGION_HIERARCHY,ALIGNED_TO_CANONICAL_LEAVES
AREA_ID5_INSULA_RIGHT.nii.gz,JULICH_BRAIN_CYTOARCHITECTONIC_ATLAS_V3_1_AREA_ID5_INSULA,Area Id5 (Insula) right,right,6addc7bb12732fd12063d8c71396ac2642ee5841eb71887d26dfd39182e4a5db,193733,probabilistic/statistical,MNI 152 ICBM 2009c Nonlinear Asymmetric,JULICH_BRAIN_CYTOARCHITECTONIC_ATLAS_V3_1_AREA_ID5_INSULA_RIGHT,1,DETERMINISTIC_SIIBRA_REGION_HIERARCHY,ALIGNED_TO_CANONICAL_LEAVES
AREA_IA1_INSULA_RIGHT.nii.gz,JULICH_BRAIN_CYTOARCHITECTONIC_ATLAS_V3_1_AREA_IA1_INSULA,Area Ia1 (Insula) right,right,916fd91191b2485e0c802412b2e8c22d6235c52be5cf8373ef53dd8b2e322d29,177199,probabilistic/statistical,MNI 152 ICBM 2009c Nonlinear Asymmetric,JULICH_BRAIN_CYTOARCHITECTONIC_ATLAS_V3_1_AREA_IA1_INSULA_RIGHT,1,DETERMINISTIC_SIIBRA_REGION_HIERARCHY,ALIGNED_TO_CANONICAL_LEAVES
AREA_ID6_INSULA_RIGHT.nii.gz,JULICH_BRAIN_CYTOARCHITECTONIC_ATLAS_V3_1_AREA_ID6_INSULA,Area Id6 (Insula) right,right,9377b23e94c6d8deeb9add52aa073ba27efa126d201b1cbf5a4d1dde9e46b98c,227846,probabilistic/statistical,MNI 152 ICBM 2009c Nonlinear Asymmetric,JULICH_BRAIN_CYTOARCHITECTONIC_ATLAS_V3_1_AREA_ID6_INSULA_RIGHT,1,DETERMINISTIC_SIIBRA_REGION_HIERARCHY,ALIGNED_TO_CANONICAL_LEAVES
AREA_SFS1_SFS_RIGHT.nii.gz,JULICH_BRAIN_CYTOARCHITECTONIC_ATLAS_V3_1_AREA_SFS1_SFS,Area SFS1 (SFS) right,right,429e734148c3a7e12d986de2ccaa2d843b416cd4dd4225dbae80dc24559941ba,204352,probabilistic/statistical,MNI 152 ICBM 2009c Nonlinear Asymmetric,JULICH_BRAIN_CYTOARCHITECTONIC_ATLAS_V3_1_AREA_SFS1_SFS_RIGHT,1,DETERMINISTIC_SIIBRA_REGION_HIERARCHY,ALIGNED_TO_CANONICAL_LEAVES
AREA_SFS2_SFS_RIGHT.nii.gz,JULICH_BRAIN_CYTOARCHITECTONIC_ATLAS_V3_1_AREA_SFS2_SFS,Area SFS2 (SFS) right,right,d1a15a9d9b27cc73920443de7a511172d01cb4fd089942f6a5f423f1721b546e,196462,probabilistic/statistical,MNI 152 ICBM 2009c Nonlinear Asymmetric,JULICH_BRAIN_CYTOARCHITECTONIC_ATLAS_V3_1_AREA_SFS2_SFS_RIGHT,1,DETERMINISTIC_SIIBRA_REGION_HIERARCHY,ALIGNED_TO_CANONICAL_LEAVES
AREA_MFG1_MFG_RIGHT.nii.gz,JULICH_BRAIN_CYTOARCHITECTONIC_ATLAS_V3_1_AREA_MFG1_MFG,Area MFG1 (MFG) right,right,ca77e9b5b960d29ae41c264599eafa046be420136d5d3cbcfb5b2b3705b1795c,219379,probabilistic/statistical,MNI 152 ICBM 2009c Nonlinear Asymmetric,JULICH_BRAIN_CYTOARCHITECTONIC_ATLAS_V3_1_AREA_MFG1_MFG_RIGHT,1,DETERMINISTIC_SIIBRA_REGION_HIERARCHY,ALIGNED_TO_CANONICAL_LEAVES
AREA_MFG2_MFG_RIGHT.nii.gz,JULICH_BRAIN_CYTOARCHITECTONIC_ATLAS_V3_1_AREA_MFG2_MFG,Area MFG2 (MFG) right,right,01546d37817901200d0351118dabf9334c0ca55bcaf110e2c6d44f06a4b229ab,223385,probabilistic/statistical,MNI 152 ICBM 2009c Nonlinear Asymmetric,JULICH_BRAIN_CYTOARCHITECTONIC_ATLAS_V3_1_AREA_MFG2_MFG_RIGHT,1,DETERMINISTIC_SIIBRA_REGION_HIERARCHY,ALIGNED_TO_CANONICAL_LEAVES
AREA_6V1_PRECG_RIGHT.nii.gz,JULICH_BRAIN_CYTOARCHITECTONIC_ATLAS_V3_1_AREA_6V1_PRECG,Area 6v1 (PreCG) right,right,fde3568d865df0dab4768ae758e55ea7ab90ba7c198d8dc27fe27081cc5e9f9e,208316,probabilistic/statistical,MNI 152 ICBM 2009c Nonlinear Asymmetric,JULICH_BRAIN_CYTOARCHITECTONIC_ATLAS_V3_1_AREA_6V1_PRECG_RIGHT,1,DETERMINISTIC_SIIBRA_REGION_HIERARCHY,ALIGNED_TO_CANONICAL_LEAVES
AREA_6R1_PRECG_RIGHT.nii.gz,JULICH_BRAIN_CYTOARCHITECTONIC_ATLAS_V3_1_AREA_6R1_PRECG,Area 6r1 (PreCG) right,right,beeb8eaf9c40ec91219b950d7ed7209c6decaebfce898f19f365612d12286c4d,184956,probabilistic/statistical,MNI 152 ICBM 2009c Nonlinear Asymmetric,JULICH_BRAIN_CYTOARCHITECTONIC_ATLAS_V3_1_AREA_6R1_PRECG_RIGHT,1,DETERMINISTIC_SIIBRA_REGION_HIERARCHY,ALIGNED_TO_CANONICAL_LEAVES
AREA_OP5_FRONTAL_OPERCULUM_RIGHT.nii.gz,JULICH_BRAIN_CYTOARCHITECTONIC_ATLAS_V3_1_AREA_OP5_FRONTAL_OPERCULUM,Area Op5 (Frontal Operculum) right,right,9bc165b217bf21978940a78e7bb18845df25e7b13c9f07f690b755266db26d60,178947,probabilistic/statistical,MNI 152 ICBM 2009c Nonlinear Asymmetric,JULICH_BRAIN_CYTOARCHITECTONIC_ATLAS_V3_1_AREA_OP5_FRONTAL_OPERCULUM_RIGHT,1,DETERMINISTIC_SIIBRA_REGION_HIERARCHY,ALIGNED_TO_CANONICAL_LEAVES
AREA_OP6_FRONTAL_OPERCULUM_RIGHT.nii.gz,JULICH_BRAIN_CYTOARCHITECTONIC_ATLAS_V3_1_AREA_OP6_FRONTAL_OPERCULUM,Area Op6 (Frontal Operculum) right,right,24f1b0b00c9c22fec403a297b72dd7c8de7190f8f775eda17c06c95d98c08e8a,168031,probabilistic/statistical,MNI 152 ICBM 2009c Nonlinear Asymmetric,JULICH_BRAIN_CYTOARCHITECTONIC_ATLAS_V3_1_AREA_OP6_FRONTAL_OPERCULUM_RIGHT,1,DETERMINISTIC_SIIBRA_REGION_HIERARCHY,ALIGNED_TO_CANONICAL_LEAVES
AREA_OP7_FRONTAL_OPERCULUM_RIGHT.nii.gz,JULICH_BRAIN_CYTOARCHITECTONIC_ATLAS_V3_1_AREA_OP7_FRONTAL_OPERCULUM,Area Op7 (Frontal Operculum) right,right,c0e3697802b91cbf7c1c595dac29232ce8a38ce5289a0d678adbc471b6ff9ce7,161154,probabilistic/statistical,MNI 152 ICBM 2009c Nonlinear Asymmetric,JULICH_BRAIN_CYTOARCHITECTONIC_ATLAS_V3_1_AREA_OP7_FRONTAL_OPERCULUM_RIGHT,1,DETERMINISTIC_SIIBRA_REGION_HIERARCHY,ALIGNED_TO_CANONICAL_LEAVES
AREA_PH1_PHG_RIGHT.nii.gz,JULICH_BRAIN_CYTOARCHITECTONIC_ATLAS_V3_1_AREA_PH1_PHG,Area Ph1 (PhG) right,right,32601fd12e731a0da776060c6c7fcce7b10ca8bd099bc157add584dd1fab3cef,208708,probabilistic/statistical,MNI 152 ICBM 2009c Nonlinear Asymmetric,JULICH_BRAIN_CYTOARCHITECTONIC_ATLAS_V3_1_AREA_PH1_PHG_RIGHT,1,DETERMINISTIC_SIIBRA_REGION_HIERARCHY,ALIGNED_TO_CANONICAL_LEAVES
AREA_PH2_PHG_RIGHT.nii.gz,JULICH_BRAIN_CYTOARCHITECTONIC_ATLAS_V3_1_AREA_PH2_PHG,Area Ph2 (PhG) right,right,3faa18797369d9d6c76646afe4a701f5712fc3b14a43b918b1515b1caae551de,198543,probabilistic/statistical,MNI 152 ICBM 2009c Nonlinear Asymmetric,JULICH_BRAIN_CYTOARCHITECTONIC_ATLAS_V3_1_AREA_PH2_PHG_RIGHT,1,DETERMINISTIC_SIIBRA_REGION_HIERARCHY,ALIGNED_TO_CANONICAL_LEAVES
AREA_PH3_PHG_RIGHT.nii.gz,JULICH_BRAIN_CYTOARCHITECTONIC_ATLAS_V3_1_AREA_PH3_PHG,Area Ph3 (PhG) right,right,33584546e6696e5750147efbc0207c1ea4ca932d26aa84d7aceda400c757afa4,200732,probabilistic/statistical,MNI 152 ICBM 2009c Nonlinear Asymmetric,JULICH_BRAIN_CYTOARCHITECTONIC_ATLAS_V3_1_AREA_PH3_PHG_RIGHT,1,DETERMINISTIC_SIIBRA_REGION_HIERARCHY,ALIGNED_TO_CANONICAL_LEAVES
AREA_COS1_COS_RIGHT.nii.gz,JULICH_BRAIN_CYTOARCHITECTONIC_ATLAS_V3_1_AREA_COS1_COS,Area CoS1 (CoS) right,right,b4fccc37a6990d2185bc47763d96fc8639729d467676cad1c69c811075828cef,189641,probabilistic/statistical,MNI 152 ICBM 2009c Nonlinear Asymmetric,JULICH_BRAIN_CYTOARCHITECTONIC_ATLAS_V3_1_AREA_COS1_COS_RIGHT,1,DETERMINISTIC_SIIBRA_REGION_HIERARCHY,ALIGNED_TO_CANONICAL_LEAVES
ACBM_VENTRAL_STRIATUM_MEDIAL_ACCUMBENS_RIGHT.nii.gz,JULICH_BRAIN_CYTOARCHITECTONIC_ATLAS_V3_1_ACBM_VENTRAL_STRIATUM_MEDIAL_ACCUMBENS,"AcbM (Ventral Striatum, Medial Accumbens) right",right,84bec0c98ad8c59deeafefeff85004f81b05a9b8eefc9d0bc87fe1b9aee3e48c,167852,probabilistic/statistical,MNI 152 ICBM 2009c Nonlinear Asymmetric,JULICH_BRAIN_CYTOARCHITECTONIC_ATLAS_V3_1_ACBM_VENTRAL_STRIATUM_MEDIAL_ACCUMBENS_RIGHT,1,DETERMINISTIC_SIIBRA_REGION_HIERARCHY,ALIGNED_TO_CANONICAL_LEAVES
FUCD_VENTRAL_STRIATUM_FUNDUS_OF_CAUDATE_NUCLEUS_RIGHT.nii.gz,JULICH_BRAIN_CYTOARCHITECTONIC_ATLAS_V3_1_FUCD_VENTRAL_STRIATUM_FUNDUS_OF_CAUDATE_NUCLEUS,"FuCd (Ventral Striatum, Fundus of Caudate Nucleus) right",right,11539fc7c13ae9c5b8519d62b1ec442f920e5959b6dbb6855450b785f9451fd2,185222,probabilistic/statistical,MNI 152 ICBM 2009c Nonlinear Asymmetric,JULICH_BRAIN_CYTOARCHITECTONIC_ATLAS_V3_1_FUCD_VENTRAL_STRIATUM_FUNDUS_OF_CAUDATE_NUCLEUS_RIGHT,1,DETERMINISTIC_SIIBRA_REGION_HIERARCHY,ALIGNED_TO_CANONICAL_LEAVES
FUP_VENTRAL_STRIATUM_FUNDUS_OF_PUTAMEN_RIGHT.nii.gz,JULICH_BRAIN_CYTOARCHITECTONIC_ATLAS_V3_1_FUP_VENTRAL_STRIATUM_FUNDUS_OF_PUTAMEN,"FuP (Ventral Striatum, Fundus of Putamen) right",right,ccd85ee97418ac406fb689898be89d0420ae3cc49c4e33163e18f0b2eb86aee9,195458,probabilistic/statistical,MNI 152 ICBM 2009c Nonlinear Asymmetric,JULICH_BRAIN_CYTOARCHITECTONIC_ATLAS_V3_1_FUP_VENTRAL_STRIATUM_FUNDUS_OF_PUTAMEN_RIGHT,1,DETERMINISTIC_SIIBRA_REGION_HIERARCHY,ALIGNED_TO_CANONICAL_LEAVES
ACBL_VENTRAL_STRIATUM_LATERAL_ACCUMBENS_RIGHT.nii.gz,JULICH_BRAIN_CYTOARCHITECTONIC_ATLAS_V3_1_ACBL_VENTRAL_STRIATUM_LATERAL_ACCUMBENS,"AcbL (Ventral Striatum, Lateral Accumbens) right",right,c807e0ca959bba7ac768dde6faf57a94c523281fdf8b93676804ed24930d8319,176947,probabilistic/statistical,MNI 152 ICBM 2009c Nonlinear Asymmetric,JULICH_BRAIN_CYTOARCHITECTONIC_ATLAS_V3_1_ACBL_VENTRAL_STRIATUM_LATERAL_ACCUMBENS_RIGHT,1,DETERMINISTIC_SIIBRA_REGION_HIERARCHY,ALIGNED_TO_CANONICAL_LEAVES
VP_VENTRAL_PALLIDUM_RIGHT.nii.gz,JULICH_BRAIN_CYTOARCHITECTONIC_ATLAS_V3_1_VP_VENTRAL_PALLIDUM,VP (Ventral Pallidum) right,right,8142a7e12762efa506c9028d3fd09227db5259da0983a34b438e9357d2ccfa8f,175242,probabilistic/statistical,MNI 152 ICBM 2009c Nonlinear Asymmetric,JULICH_BRAIN_CYTOARCHITECTONIC_ATLAS_V3_1_VP_VENTRAL_PALLIDUM_RIGHT,1,DETERMINISTIC_SIIBRA_REGION_HIERARCHY,ALIGNED_TO_CANONICAL_LEAVES
CGL_METATHALAMUS_RIGHT.nii.gz,JULICH_BRAIN_CYTOARCHITECTONIC_ATLAS_V3_1_CGL_METATHALAMUS,CGL (Metathalamus) right,right,3fff1ea37469ce1a34431be9a2b710a9b85da41e2ebf963237e2e07336bc5a10,154452,probabilistic/statistical,MNI 152 ICBM 2009c Nonlinear Asymmetric,JULICH_BRAIN_CYTOARCHITECTONIC_ATLAS_V3_1_CGL_METATHALAMUS_RIGHT,1,DETERMINISTIC_SIIBRA_REGION_HIERARCHY,ALIGNED_TO_CANONICAL_LEAVES
CGM_METATHALAMUS_RIGHT.nii.gz,JULICH_BRAIN_CYTOARCHITECTONIC_ATLAS_V3_1_CGM_METATHALAMUS,CGM (Metathalamus) right,right,e61a1d203b623abf98f7a4784ae79a6049fb02b4ed084928e1acc39f6a8100eb,155469,probabilistic/statistical,MNI 152 ICBM 2009c Nonlinear Asymmetric,JULICH_BRAIN_CYTOARCHITECTONIC_ATLAS_V3_1_CGM_METATHALAMUS_RIGHT,1,DETERMINISTIC_SIIBRA_REGION_HIERARCHY,ALIGNED_TO_CANONICAL_LEAVES
STN_SUBTHALAMUS_RIGHT.nii.gz,JULICH_BRAIN_CYTOARCHITECTONIC_ATLAS_V3_1_STN_SUBTHALAMUS,STN (Subthalamus) right,right,0dc89dcdf75770af16181af0c691159a62f1dae9375fe2dfb8db7e582b863a89,155115,probabilistic/statistical,MNI 152 ICBM 2009c Nonlinear Asymmetric,JULICH_BRAIN_CYTOARCHITECTONIC_ATLAS_V3_1_STN_SUBTHALAMUS_RIGHT,1,DETERMINISTIC_SIIBRA_REGION_HIERARCHY,ALIGNED_TO_CANONICAL_LEAVES
VIM_THALAMUS_VENTRAL_INTERMEDIATE_NUCLEUS_RIGHT.nii.gz,JULICH_BRAIN_CYTOARCHITECTONIC_ATLAS_V3_1_VIM_THALAMUS_VENTRAL_INTERMEDIATE_NUCLEUS,"VIM (Thalamus, ventral intermediate Nucleus) right",right,d7ca6be69f6267decfd6a86717764fe163fed58271c8481ee382d7d2eac31828,164592,probabilistic/statistical,MNI 152 ICBM 2009c Nonlinear Asymmetric,JULICH_BRAIN_CYTOARCHITECTONIC_ATLAS_V3_1_VIM_THALAMUS_VENTRAL_INTERMEDIATE_NUCLEUS_RIGHT,1,DETERMINISTIC_SIIBRA_REGION_HIERARCHY,ALIGNED_TO_CANONICAL_LEAVES
AREA_SFG2_SFG_RIGHT.nii.gz,JULICH_BRAIN_CYTOARCHITECTONIC_ATLAS_V3_1_AREA_SFG2_SFG,Area SFG2 (SFG) right,right,d428ab1d0ba4f046cc6bca3c4ee10af4dc18c13e377059a896c09ff25e945e6e,189991,probabilistic/statistical,MNI 152 ICBM 2009c Nonlinear Asymmetric,JULICH_BRAIN_CYTOARCHITECTONIC_ATLAS_V3_1_AREA_SFG2_SFG_RIGHT,1,DETERMINISTIC_SIIBRA_REGION_HIERARCHY,ALIGNED_TO_CANONICAL_LEAVES
AREA_ID9_INSULA_RIGHT.nii.gz,JULICH_BRAIN_CYTOARCHITECTONIC_ATLAS_V3_1_AREA_ID9_INSULA,Area Id9 (Insula) right,right,96e3bc1c15cbd6dd4c9b8ecd932ca682400692a1aa9d479c0a3facbf360e74bd,196083,probabilistic/statistical,MNI 152 ICBM 2009c Nonlinear Asymmetric,JULICH_BRAIN_CYTOARCHITECTONIC_ATLAS_V3_1_AREA_ID9_INSULA_RIGHT,1,DETERMINISTIC_SIIBRA_REGION_HIERARCHY,ALIGNED_TO_CANONICAL_LEAVES
AREA_IA3_INSULA_RIGHT.nii.gz,JULICH_BRAIN_CYTOARCHITECTONIC_ATLAS_V3_1_AREA_IA3_INSULA,Area Ia3 (Insula) right,right,deec356698b990cb9aaeaa9123100a2654f77f62eee6c50ffcffa3ea47d14aca,176795,probabilistic/statistical,MNI 152 ICBM 2009c Nonlinear Asymmetric,JULICH_BRAIN_CYTOARCHITECTONIC_ATLAS_V3_1_AREA_IA3_INSULA_RIGHT,1,DETERMINISTIC_SIIBRA_REGION_HIERARCHY,ALIGNED_TO_CANONICAL_LEAVES
AREA_IA2_INSULA_RIGHT.nii.gz,JULICH_BRAIN_CYTOARCHITECTONIC_ATLAS_V3_1_AREA_IA2_INSULA,Area Ia2 (Insula) right,right,7104f7dad4f1a69229fff20a838e8d9251e2b6bb55550f81262ff2e3c068e41c,170864,probabilistic/statistical,MNI 152 ICBM 2009c Nonlinear Asymmetric,JULICH_BRAIN_CYTOARCHITECTONIC_ATLAS_V3_1_AREA_IA2_INSULA_RIGHT,1,DETERMINISTIC_SIIBRA_REGION_HIERARCHY,ALIGNED_TO_CANONICAL_LEAVES
AREA_ID8_INSULA_RIGHT.nii.gz,JULICH_BRAIN_CYTOARCHITECTONIC_ATLAS_V3_1_AREA_ID8_INSULA,Area Id8 (Insula) right,right,6489de177000190734733e1e3fd81811d254bb731ba15a421bb866015992cdb3,201991,probabilistic/statistical,MNI 152 ICBM 2009c Nonlinear Asymmetric,JULICH_BRAIN_CYTOARCHITECTONIC_ATLAS_V3_1_AREA_ID8_INSULA_RIGHT,1,DETERMINISTIC_SIIBRA_REGION_HIERARCHY,ALIGNED_TO_CANONICAL_LEAVES
AREA_ID10_INSULA_RIGHT.nii.gz,JULICH_BRAIN_CYTOARCHITECTONIC_ATLAS_V3_1_AREA_ID10_INSULA,Area Id10 (Insula) right,right,5690ad85052159c15e5ac430e1ed468678442ecf20a5c48d2073055840b1c6f1,203335,probabilistic/statistical,MNI 152 ICBM 2009c Nonlinear Asymmetric,JULICH_BRAIN_CYTOARCHITECTONIC_ATLAS_V3_1_AREA_ID10_INSULA_RIGHT,1,DETERMINISTIC_SIIBRA_REGION_HIERARCHY,ALIGNED_TO_CANONICAL_LEAVES
BST_BASAL_FOREBRAIN_BED_NUCLEUS_RIGHT.nii.gz,JULICH_BRAIN_CYTOARCHITECTONIC_ATLAS_V3_1_BST_BASAL_FOREBRAIN_BED_NUCLEUS,"BST (Basal Forebrain, Bed Nucleus) right",right,8bacb4eab6c77d7bd3e3b1e02ab77f7654fe8e98c232cb2b238b53a4b3ef9d55,152962,probabilistic/statistical,MNI 152 ICBM 2009c Nonlinear Asymmetric,JULICH_BRAIN_CYTOARCHITECTONIC_ATLAS_V3_1_BST_BASAL_FOREBRAIN_BED_NUCLEUS_RIGHT,1,DETERMINISTIC_SIIBRA_REGION_HIERARCHY,ALIGNED_TO_CANONICAL_LEAVES
AREA_OP10_FRONTAL_OPERCULUM_RIGHT.nii.gz,JULICH_BRAIN_CYTOARCHITECTONIC_ATLAS_V3_1_AREA_OP10_FRONTAL_OPERCULUM,Area Op10 (Frontal Operculum) right,right,a8366e96bab2eab0692a43153e910b2d682474e69a509ea87594aeaca69de92d,160460,probabilistic/statistical,MNI 152 ICBM 2009c Nonlinear Asymmetric,JULICH_BRAIN_CYTOARCHITECTONIC_ATLAS_V3_1_AREA_OP10_FRONTAL_OPERCULUM_RIGHT,1,DETERMINISTIC_SIIBRA_REGION_HIERARCHY,ALIGNED_TO_CANONICAL_LEAVES
AREA_FG5_FUSG_RIGHT.nii.gz,JULICH_BRAIN_CYTOARCHITECTONIC_ATLAS_V3_1_AREA_FG5_FUSG,Area FG5 (FusG) right,right,af2c07464439accce90d0a4d83fcfd8618242284717ff58d02c91b9e8134ceb3,174249,probabilistic/statistical,MNI 152 ICBM 2009c Nonlinear Asymmetric,JULICH_BRAIN_CYTOARCHITECTONIC_ATLAS_V3_1_AREA_FG5_FUSG_RIGHT,1,DETERMINISTIC_SIIBRA_REGION_HIERARCHY,ALIGNED_TO_CANONICAL_LEAVES
AREA_OTS1_OTS_RIGHT.nii.gz,JULICH_BRAIN_CYTOARCHITECTONIC_ATLAS_V3_1_AREA_OTS1_OTS,Area OTS1 (OTS) right,right,6914aeb69665371c97ac3ede0467f2006f832e930b4299a205607648812981c1,174604,probabilistic/statistical,MNI 152 ICBM 2009c Nonlinear Asymmetric,JULICH_BRAIN_CYTOARCHITECTONIC_ATLAS_V3_1_AREA_OTS1_OTS_RIGHT,1,DETERMINISTIC_SIIBRA_REGION_HIERARCHY,ALIGNED_TO_CANONICAL_LEAVES
AREA_PIRTB_PIRIFORMCORTEXMESIAL_TEMPOROBASAL_RIGHT.nii.gz,JULICH_BRAIN_CYTOARCHITECTONIC_ATLAS_V3_1_AREA_PIRTB_PIRIFORMCORTEXMESIAL_TEMPOROBASAL,"Area PirTB (PiriformCortexMesial, temporobasal) right",right,789a7ec854b6032197a635a5d3d281f64c84f67992c916c218000dba0cd91df4,153991,probabilistic/statistical,MNI 152 ICBM 2009c Nonlinear Asymmetric,JULICH_BRAIN_CYTOARCHITECTONIC_ATLAS_V3_1_AREA_PIRTB_TBD_PIRIFORMCORTEXMESIAL_PIRIFORM_TEMPOROBASAL_AREA_DORSAL_PART_RIGHT;JULICH_BRAIN_CYTOARCHITECTONIC_ATLAS_V3_1_AREA_PIRTB_TBV_PIRIFORMCORTEXMESIAL_PIRIFORM_TEMPOROBASAL_AREA_VENTRAL_PART_RIGHT,2,DETERMINISTIC_SIIBRA_REGION_HIERARCHY,ALIGNED_TO_CANONICAL_LEAVES
AREA_PIRT_PIRIFORMCORTEXMESIAL_TEMPORAL_RIGHT.nii.gz,JULICH_BRAIN_CYTOARCHITECTONIC_ATLAS_V3_1_AREA_PIRT_PIRIFORMCORTEXMESIAL_TEMPORAL,"Area PirT (PiriformCortexMesial, temporal) right",right,d0af988ee79d8e68bcae0420d8bd015b25ef6f671139dedefdff88501379168a,160510,probabilistic/statistical,MNI 152 ICBM 2009c Nonlinear Asymmetric,JULICH_BRAIN_CYTOARCHITECTONIC_ATLAS_V3_1_AREA_PIRT_TIT_PIRIFORMCORTEXMESIAL_PIRIFORM_TEMPORAL_AREA_INCISURA_TEMPORALIS_RIGHT;JULICH_BRAIN_CYTOARCHITECTONIC_ATLAS_V3_1_AREA_PIRT_TU_PIRIFORMCORTEXMESIAL_PIRIFORM_TEMPORAL_AREA_UNCUS_RIGHT,2,DETERMINISTIC_SIIBRA_REGION_HIERARCHY,ALIGNED_TO_CANONICAL_LEAVES
NRM_MIDBRAIN_NUCLEUS_RUBER_MAGNOCELLULAR_PART_RIGHT.nii.gz,JULICH_BRAIN_CYTOARCHITECTONIC_ATLAS_V3_1_NRM_MIDBRAIN_NUCLEUS_RUBER_MAGNOCELLULAR_PART,"NRm (Midbrain, Nucleus Ruber, magnocellular part) right",right,5a404cd93bbf47b30eb66ffe02b48fa71d2ee9af0eb8e93116fcc238cff6628c,151063,probabilistic/statistical,MNI 152 ICBM 2009c Nonlinear Asymmetric,JULICH_BRAIN_CYTOARCHITECTONIC_ATLAS_V3_1_NRM_MIDBRAIN_NUCLEUS_RUBER_MAGNOCELLULAR_PART_RIGHT,1,DETERMINISTIC_SIIBRA_REGION_HIERARCHY,ALIGNED_TO_CANONICAL_LEAVES
NRP_MIDBRAIN_NUCLEUS_RUBER_PARVOCELLULAR_PART_RIGHT.nii.gz,JULICH_BRAIN_CYTOARCHITECTONIC_ATLAS_V3_1_NRP_MIDBRAIN_NUCLEUS_RUBER_PARVOCELLULAR_PART,"NRp (Midbrain, Nucleus Ruber, parvocellular part) right",right,b068487bd75e6d77a47c0cb519d0fc0bf0d980b861b138a51624dae6f1d91c85,157275,probabilistic/statistical,MNI 152 ICBM 2009c Nonlinear Asymmetric,JULICH_BRAIN_CYTOARCHITECTONIC_ATLAS_V3_1_NRP_MIDBRAIN_NUCLEUS_RUBER_PARVOCELLULAR_PART_RIGHT,1,DETERMINISTIC_SIIBRA_REGION_HIERARCHY,ALIGNED_TO_CANONICAL_LEAVES
AREA_6V2_PRECG_RIGHT.nii.gz,JULICH_BRAIN_CYTOARCHITECTONIC_ATLAS_V3_1_AREA_6V2_PRECG,Area 6v2 (PreCG) right,right,9d3b9988c0955a8b0271d65153c3dde9c5eafe3d2d1557b77e5718ef002b0e1c,304316,probabilistic/statistical,MNI 152 ICBM 2009c Nonlinear Asymmetric,JULICH_BRAIN_CYTOARCHITECTONIC_ATLAS_V3_1_AREA_6V2_PRECG_RIGHT,1,DETERMINISTIC_SIIBRA_REGION_HIERARCHY,ALIGNED_TO_CANONICAL_LEAVES
AREA_6V3_PRECG_RIGHT.nii.gz,JULICH_BRAIN_CYTOARCHITECTONIC_ATLAS_V3_1_AREA_6V3_PRECG,Area 6v3 (PreCG) right,right,437936ba8168114bd02806a48786a71bd9ab8586127671061c2545ae2fcf167f,290324,probabilistic/statistical,MNI 152 ICBM 2009c Nonlinear Asymmetric,JULICH_BRAIN_CYTOARCHITECTONIC_ATLAS_V3_1_AREA_6V3_PRECG_RIGHT,1,DETERMINISTIC_SIIBRA_REGION_HIERARCHY,ALIGNED_TO_CANONICAL_LEAVES
FRONTAL_II_GAPMAP_RIGHT.nii.gz,JULICH_BRAIN_CYTOARCHITECTONIC_ATLAS_V3_1_FRONTAL_II_GAPMAP,Frontal-II (GapMap) right,right,19e57839951976b5b77439b4c33d16ceb0f1b7aeef4ec8c1715650599c42aae3,219991,probabilistic/statistical,MNI 152 ICBM 2009c Nonlinear Asymmetric,JULICH_BRAIN_CYTOARCHITECTONIC_ATLAS_V3_1_FRONTAL_II_GAPMAP_RIGHT,1,DETERMINISTIC_SIIBRA_REGION_HIERARCHY,ALIGNED_TO_CANONICAL_LEAVES
TEMPORAL_TO_PARIETAL_GAPMAP_RIGHT.nii.gz,JULICH_BRAIN_CYTOARCHITECTONIC_ATLAS_V3_1_TEMPORAL_TO_PARIETAL_GAPMAP,Temporal-to-Parietal (GapMap) right,right,cc0127d354950f2e09ec9a6882c350fc86782fb5057bfda1c2b843e2806bc37d,707317,probabilistic/statistical,MNI 152 ICBM 2009c Nonlinear Asymmetric,JULICH_BRAIN_CYTOARCHITECTONIC_ATLAS_V3_1_TEMPORAL_TO_PARIETAL_GAPMAP_RIGHT,1,DETERMINISTIC_SIIBRA_REGION_HIERARCHY,ALIGNED_TO_CANONICAL_LEAVES
FRONTAL_TO_OCCIPITAL_GAPMAP_RIGHT.nii.gz,JULICH_BRAIN_CYTOARCHITECTONIC_ATLAS_V3_1_FRONTAL_TO_OCCIPITAL_GAPMAP,Frontal-to-Occipital (GapMap) right,right,f8448cf70cb1902d344dc8bd0d7fde1794cd40775f43493e1fdd5f8c2e2e555f,450993,probabilistic/statistical,MNI 152 ICBM 2009c Nonlinear Asymmetric,JULICH_BRAIN_CYTOARCHITECTONIC_ATLAS_V3_1_FRONTAL_TO_OCCIPITAL_GAPMAP_RIGHT,1,DETERMINISTIC_SIIBRA_REGION_HIERARCHY,ALIGNED_TO_CANONICAL_LEAVES
FRONTAL_TO_TEMPORAL_I_GAPMAP_RIGHT.nii.gz,JULICH_BRAIN_CYTOARCHITECTONIC_ATLAS_V3_1_FRONTAL_TO_TEMPORAL_I_GAPMAP,Frontal-to-Temporal-I (GapMap) right,right,9a73e877685f0e1c5435fefc793460c5fcc168e0b400a455de0f2fdf9ba9d27e,193502,probabilistic/statistical,MNI 152 ICBM 2009c Nonlinear Asymmetric,JULICH_BRAIN_CYTOARCHITECTONIC_ATLAS_V3_1_FRONTAL_TO_TEMPORAL_I_GAPMAP_RIGHT,1,DETERMINISTIC_SIIBRA_REGION_HIERARCHY,ALIGNED_TO_CANONICAL_LEAVES
FRONTAL_TO_TEMPORAL_II_GAPMAP_RIGHT.nii.gz,JULICH_BRAIN_CYTOARCHITECTONIC_ATLAS_V3_1_FRONTAL_TO_TEMPORAL_II_GAPMAP,Frontal-to-Temporal-II (GapMap) right,right,10d39a733dbca1e1f39a5610c56d8a87f7c678940c32d4bb4375a62b8eaed1ea,294463,probabilistic/statistical,MNI 152 ICBM 2009c Nonlinear Asymmetric,JULICH_BRAIN_CYTOARCHITECTONIC_ATLAS_V3_1_FRONTAL_TO_TEMPORAL_II_GAPMAP_RIGHT,1,DETERMINISTIC_SIIBRA_REGION_HIERARCHY,ALIGNED_TO_CANONICAL_LEAVES
FRONTAL_I_1_GAPMAP_RIGHT.nii.gz,JULICH_BRAIN_CYTOARCHITECTONIC_ATLAS_V3_1_FRONTAL_I_1_GAPMAP,Frontal-I.1 (GapMap) right,right,4b2c6c4e60ee14c3edbf0aa8af3266399e838737fcfb0cb46ce5052bf2f829c1,225470,probabilistic/statistical,MNI 152 ICBM 2009c Nonlinear Asymmetric,JULICH_BRAIN_CYTOARCHITECTONIC_ATLAS_V3_1_FRONTAL_I_1_GAPMAP_RIGHT,1,DETERMINISTIC_SIIBRA_REGION_HIERARCHY,ALIGNED_TO_CANONICAL_LEAVES
FRONTAL_I_2_GAPMAP_RIGHT.nii.gz,JULICH_BRAIN_CYTOARCHITECTONIC_ATLAS_V3_1_FRONTAL_I_2_GAPMAP,Frontal-I.2 (GapMap) right,right,57287c44d2644013f2dd2a4ec728e12197c46c7edea1a07816f2c1940a2c9a38,216221,probabilistic/statistical,MNI 152 ICBM 2009c Nonlinear Asymmetric,JULICH_BRAIN_CYTOARCHITECTONIC_ATLAS_V3_1_FRONTAL_I_2_GAPMAP_RIGHT,1,DETERMINISTIC_SIIBRA_REGION_HIERARCHY,ALIGNED_TO_CANONICAL_LEAVES
MV_THALAMUS_MEDIOVENTRAL_NUCLEUS_RIGHT.nii.gz,JULICH_BRAIN_CYTOARCHITECTONIC_ATLAS_V3_1_MV_THALAMUS_MEDIOVENTRAL_NUCLEUS,"MV (Thalamus, medioventral Nucleus) right",right,9094a84ed4dd00a90757781dd373d305f49d17db0055a4104fc33d30eaf23d1f,160899,probabilistic/statistical,MNI 152 ICBM 2009c Nonlinear Asymmetric,JULICH_BRAIN_CYTOARCHITECTONIC_ATLAS_V3_1_MV_THALAMUS_MEDIOVENTRAL_NUCLEUS_RIGHT,1,DETERMINISTIC_SIIBRA_REGION_HIERARCHY,ALIGNED_TO_CANONICAL_LEAVES
AM_THALAMUS_ANTEROMEDIAL_NUCLEUS_RIGHT.nii.gz,JULICH_BRAIN_CYTOARCHITECTONIC_ATLAS_V3_1_AM_THALAMUS_ANTEROMEDIAL_NUCLEUS,"AM (Thalamus, anteromedial Nucleus) right",right,95f85e57cc7c9b08ffa2ad549c7a77122d38636d01c8e46094dd53bb033e290a,164936,probabilistic/statistical,MNI 152 ICBM 2009c Nonlinear Asymmetric,JULICH_BRAIN_CYTOARCHITECTONIC_ATLAS_V3_1_AM_THALAMUS_ANTEROMEDIAL_NUCLEUS_RIGHT,1,DETERMINISTIC_SIIBRA_REGION_HIERARCHY,ALIGNED_TO_CANONICAL_LEAVES
ZI_THALAMUS_ZONA_INCERTA_RIGHT.nii.gz,JULICH_BRAIN_CYTOARCHITECTONIC_ATLAS_V3_1_ZI_THALAMUS_ZONA_INCERTA,"ZI (Thalamus, zona incerta) right",right,2c0f5997c8ffe879b8314eee29a17406a781524be8526c21828485908fc1ce96,154479,probabilistic/statistical,MNI 152 ICBM 2009c Nonlinear Asymmetric,JULICH_BRAIN_CYTOARCHITECTONIC_ATLAS_V3_1_ZI_THALAMUS_ZONA_INCERTA_RIGHT,1,DETERMINISTIC_SIIBRA_REGION_HIERARCHY,ALIGNED_TO_CANONICAL_LEAVES
VPI_THALAMUS_VENTROPOSTERIOR_INFERIOR_NUCLEUS_RIGHT.nii.gz,JULICH_BRAIN_CYTOARCHITECTONIC_ATLAS_V3_1_VPI_THALAMUS_VENTROPOSTERIOR_INFERIOR_NUCLEUS,"VPi (Thalamus, ventroposterior inferior Nucleus) right",right,801e296533ff36e82ba5b40675d6c01e558224f51a0fdc9ca74a571c45771ccc,165621,probabilistic/statistical,MNI 152 ICBM 2009c Nonlinear Asymmetric,JULICH_BRAIN_CYTOARCHITECTONIC_ATLAS_V3_1_VPI_THALAMUS_VENTROPOSTERIOR_INFERIOR_NUCLEUS_RIGHT,1,DETERMINISTIC_SIIBRA_REGION_HIERARCHY,ALIGNED_TO_CANONICAL_LEAVES
AREA_SFG3_SFG_RIGHT.nii.gz,JULICH_BRAIN_CYTOARCHITECTONIC_ATLAS_V3_1_AREA_SFG3_SFG,Area SFG3 (SFG) right,right,0bf4ba145845d3e9e043971ffdb1344893f4c16f72e2854c2240480a0fa69678,232993,probabilistic/statistical,MNI 152 ICBM 2009c Nonlinear Asymmetric,JULICH_BRAIN_CYTOARCHITECTONIC_ATLAS_V3_1_AREA_SFG3_SFG_RIGHT,1,DETERMINISTIC_SIIBRA_REGION_HIERARCHY,ALIGNED_TO_CANONICAL_LEAVES
AREA_SFG4_SFG_RIGHT.nii.gz,JULICH_BRAIN_CYTOARCHITECTONIC_ATLAS_V3_1_AREA_SFG4_SFG,Area SFG4 (SFG) right,right,aacba8d31878f33b2a8c48c7a855170233cb9e18ad65f6ddb37bbb578115dcfc,187016,probabilistic/statistical,MNI 152 ICBM 2009c Nonlinear Asymmetric,JULICH_BRAIN_CYTOARCHITECTONIC_ATLAS_V3_1_AREA_SFG4_SFG_RIGHT,1,DETERMINISTIC_SIIBRA_REGION_HIERARCHY,ALIGNED_TO_CANONICAL_LEAVES
AREA_MFG4_MFG_RIGHT.nii.gz,JULICH_BRAIN_CYTOARCHITECTONIC_ATLAS_V3_1_AREA_MFG4_MFG,Area MFG4 (MFG) right,right,f2c4ec58d0899b060e6db7402642d4df49b72d20dcb8f01ff50589c0cb7dd714,332262,probabilistic/statistical,MNI 152 ICBM 2009c Nonlinear Asymmetric,JULICH_BRAIN_CYTOARCHITECTONIC_ATLAS_V3_1_AREA_MFG4_MFG_RIGHT,1,DETERMINISTIC_SIIBRA_REGION_HIERARCHY,ALIGNED_TO_CANONICAL_LEAVES
AREA_MFG5_MFG_IFG_RIGHT.nii.gz,JULICH_BRAIN_CYTOARCHITECTONIC_ATLAS_V3_1_AREA_MFG5_MFG_IFG,"Area MFG5 (MFG, IFG) right",right,c606b8ba2c1c86f2c840d6b89e50dd1f4037404e2556f908087a9b663e408ce0,194532,probabilistic/statistical,MNI 152 ICBM 2009c Nonlinear Asymmetric,JULICH_BRAIN_CYTOARCHITECTONIC_ATLAS_V3_1_AREA_MFG5_MFG_IFG_RIGHT,1,DETERMINISTIC_SIIBRA_REGION_HIERARCHY,ALIGNED_TO_CANONICAL_LEAVES
